ts,epoch,temperature,ph,do,conductivity,turbidity,codmn,ammonia_n,tp,tn,chla,algae_density,quality_class
2021-06-17T12:00:00+08:00,1623902400,27.7,7.9,3.36,486.7,87.8,2.71,0.19,0.169,3.16,,,Ⅳ
2021-06-17T16:00:00+08:00,1623916800,27.8,7.89,3.23,484.8,62.8,3.09,0.243,0.191,3.3,,,Ⅳ
2021-06-18T00:00:00+08:00,1623945600,27.7,7.87,2.87,487.8,78.8,2.71,0.23,0.157,3.18,,,Ⅴ
2021-06-18T04:00:00+08:00,1623960000,27.6,7.84,2.66,495.2,60.1,3.07,0.288,0.182,3.43,,,Ⅴ
2021-06-18T08:00:00+08:00,1623974400,27.6,7.84,2.52,499.8,80.7,2.82,0.346,0.18,3.72,,,Ⅴ
2021-06-18T12:00:00+08:00,1623988800,27.8,7.87,3.11,496.0,48.5,2.82,0.346,0.18,3.72,,,Ⅳ
2021-06-18T16:00:00+08:00,1624003200,27.6,7.84,2.74,491.4,103.5,2.86,0.26,0.155,3.24,,,Ⅴ
2021-06-18T20:00:00+08:00,1624017600,27.3,7.83,2.83,488.8,58.1,2.95,0.28,0.158,3.19,,,Ⅴ
2021-06-19T00:00:00+08:00,1624032000,27.1,7.82,2.58,494.2,59.5,2.95,0.28,0.158,3.19,,,Ⅴ
2021-06-19T04:00:00+08:00,1624046400,26.9,7.8,2.34,497.3,56.7,2.81,0.369,0.162,3.24,,,Ⅴ
2021-06-19T08:00:00+08:00,1624060800,26.9,7.8,2.18,496.1,51.4,2.66,0.442,0.161,3.52,,,Ⅴ
2021-06-19T12:00:00+08:00,1624075200,26.9,7.81,2.51,479.9,50.0,2.71,0.384,0.161,3.2,,,Ⅴ
2021-06-19T16:00:00+08:00,1624089600,26.9,7.44,2.17,471.8,47.1,2.46,0.34,0.156,3.25,,,Ⅴ
2021-06-19T20:00:00+08:00,1624104000,26.8,7.46,2.52,479.1,40.6,2.46,0.34,0.156,3.25,,,Ⅴ
2021-06-20T00:00:00+08:00,1624118400,26.6,7.45,2.76,467.5,45.9,2.75,0.388,0.156,2.97,,,Ⅴ
2021-06-20T08:00:00+08:00,1624147200,26.5,7.44,2.42,479.9,41.3,2.82,0.229,0.152,3.1,,,Ⅴ
2021-06-20T12:00:00+08:00,1624161600,27.2,7.48,2.16,512.6,17.4,2.39,0.27,0.153,3.21,,,Ⅴ
2021-06-20T16:00:00+08:00,1624176000,27.5,7.5,2.7,506.5,19.8,3.4,0.811,0.188,2.46,,,Ⅴ
2021-07-02T12:00:00+08:00,1625198400,28.5,7.48,3.59,433.6,39.2,3.35,0.552,0.166,4.04,,,Ⅳ
2021-07-02T16:00:00+08:00,1625212800,28.4,7.46,3.56,424.4,45.5,3.18,0.735,0.186,4.29,,,Ⅳ
2021-07-02T20:00:00+08:00,1625227200,28.4,7.43,3.28,426.1,51.9,3.95,0.855,0.216,4.71,,,Ⅳ
2021-07-03T00:00:00+08:00,1625241600,28.3,7.42,3.09,424.2,58.4,3.95,0.855,0.216,4.71,,,Ⅳ
2021-07-03T04:00:00+08:00,1625256000,28.0,7.37,2.48,414.8,50.0,3.95,0.855,0.216,4.71,,,Ⅴ
2021-07-03T08:00:00+08:00,1625270400,28.0,7.38,2.54,414.3,55.8,4.0,0.904,0.242,5.19,,,Ⅴ
2021-07-03T12:00:00+08:00,1625284800,28.5,7.44,3.18,424.4,47.9,4.0,0.904,0.242,5.19,,,Ⅳ
2021-07-03T16:00:00+08:00,1625299200,28.3,7.39,3.01,407.1,72.5,3.64,0.977,0.222,4.91,,,Ⅳ
2021-07-03T20:00:00+08:00,1625313600,28.1,7.37,2.38,403.3,46.4,4.03,0.846,0.226,5.44,,,Ⅴ
2021-07-04T00:00:00+08:00,1625328000,27.9,7.35,2.08,402.0,48.3,4.03,0.846,0.226,5.44,,,Ⅴ
2021-07-04T04:00:00+08:00,1625342400,27.8,7.34,1.97,400.4,42.7,4.03,0.846,0.226,5.44,,,劣Ⅴ
2021-07-04T08:00:00+08:00,1625356800,27.6,7.35,2.34,393.2,43.3,3.76,0.862,0.222,5.61,,,Ⅴ
2021-07-04T12:00:00+08:00,1625371200,27.4,7.34,2.74,384.7,44.3,3.76,0.862,0.222,5.61,,,Ⅴ
2021-07-04T16:00:00+08:00,1625385600,27.4,7.44,3.73,388.0,34.7,3.96,0.87,0.234,5.54,,,Ⅳ
2021-07-04T20:00:00+08:00,1625400000,27.3,7.37,2.86,400.7,44.3,3.97,0.963,0.228,5.31,,,Ⅴ
2021-07-05T00:00:00+08:00,1625414400,27.1,7.36,2.72,394.7,39.9,3.97,0.963,0.228,5.31,,,Ⅴ
2021-07-05T04:00:00+08:00,1625428800,27.0,7.34,2.55,394.7,36.2,3.97,0.963,0.228,5.31,,,Ⅴ
2021-07-05T08:00:00+08:00,1625443200,27.0,7.34,2.44,397.1,37.6,4.14,0.819,0.23,5.93,,,Ⅴ
2021-07-05T12:00:00+08:00,1625457600,28.2,7.34,2.76,390.3,48.7,4.14,0.819,0.23,5.93,,,Ⅴ
2021-07-05T16:00:00+08:00,1625472000,28.1,7.32,2.48,400.7,42.4,4.36,0.901,0.245,6.12,,,Ⅴ
2021-07-05T20:00:00+08:00,1625486400,28.0,7.31,2.17,404.4,36.5,4.68,0.78,0.224,5.86,,,Ⅴ
2021-07-06T00:00:00+08:00,1625500800,28.7,7.44,3.86,402.2,33.7,4.68,0.78,0.224,5.86,,,Ⅳ
2021-07-06T04:00:00+08:00,1625515200,28.2,7.32,2.34,404.4,29.0,4.68,0.78,0.224,5.86,,,Ⅴ
2021-07-06T08:00:00+08:00,1625529600,28.1,7.34,2.32,405.6,33.8,4.46,0.815,0.211,5.48,,,Ⅴ
2021-07-06T12:00:00+08:00,1625544000,28.7,7.41,4.1,404.0,31.6,3.99,0.822,0.214,5.47,,,Ⅳ
2021-07-06T16:00:00+08:00,1625558400,28.9,7.35,2.29,408.7,81.7,4.57,0.909,0.228,5.66,,,Ⅴ
2021-07-07T08:00:00+08:00,1625616000,28.9,7.3,2.02,421.5,33.1,4.68,0.812,0.217,6.27,,,Ⅴ
2021-07-07T12:00:00+08:00,1625630400,30.2,7.4,3.82,421.6,34.5,5.16,0.67,0.225,7.21,,,Ⅳ
2021-07-26T12:00:00+08:00,1627272000,28.5,7.6,3.96,483.5,32.2,4.07,0.263,0.16,3.29,,,Ⅳ
2021-07-26T16:00:00+08:00,1627286400,28.5,7.65,4.45,484.9,27.9,4.11,0.242,0.155,3.24,,,Ⅳ
2021-07-26T20:00:00+08:00,1627300800,28.3,7.62,4.26,476.8,30.2,4.11,0.242,0.155,3.24,,,Ⅳ
2021-07-27T00:00:00+08:00,1627315200,28.0,7.61,4.26,467.4,29.7,4.02,0.242,0.154,3.44,,,Ⅳ
2021-07-27T04:00:00+08:00,1627329600,27.7,7.57,4.24,450.6,33.7,4.3,0.332,0.188,3.43,,,Ⅳ
2021-07-27T08:00:00+08:00,1627344000,27.5,7.54,4.51,432.6,33.4,4.3,0.332,0.188,3.43,,,Ⅳ
2021-07-27T12:00:00+08:00,1627358400,27.6,7.58,4.62,439.6,27.8,3.89,0.337,0.199,3.49,,,Ⅳ
2021-07-27T16:00:00+08:00,1627372800,27.5,7.55,4.65,435.0,33.8,4.24,0.36,0.21,3.47,,,Ⅳ
2021-07-27T20:00:00+08:00,1627387200,27.2,7.44,4.85,395.6,47.3,4.24,0.36,0.21,3.47,,,Ⅳ
2021-07-28T00:00:00+08:00,1627401600,27.0,7.41,5.09,400.9,41.7,4.72,0.415,0.252,4.3,,,Ⅳ
2021-07-28T04:00:00+08:00,1627416000,26.7,7.43,4.39,387.7,68.1,5.8,0.513,0.28,5.05,,,Ⅳ
2021-07-28T08:00:00+08:00,1627430400,26.6,7.39,4.38,371.3,228.6,5.8,0.513,0.28,5.05,,,Ⅳ
2021-07-28T12:00:00+08:00,1627444800,27.0,7.5,4.66,391.7,184.8,6.75,0.643,0.369,6.13,,,Ⅴ
2021-07-28T16:00:00+08:00,1627459200,27.4,7.53,4.95,415.6,128.6,5.82,0.418,0.289,5.31,,,Ⅳ
2021-07-28T20:00:00+08:00,1627473600,27.4,7.51,4.96,429.0,100.6,5.65,0.407,0.278,5.3,,,Ⅳ
2021-07-29T00:00:00+08:00,1627488000,27.6,7.52,4.86,475.0,98.8,5.65,0.407,0.278,5.3,,,Ⅳ
2021-07-29T04:00:00+08:00,1627502400,27.4,7.5,4.39,475.9,81.3,5.26,0.454,0.265,5.09,,,Ⅳ
2021-07-29T08:00:00+08:00,1627516800,27.6,7.53,4.35,485.4,87.7,5.26,0.454,0.265,5.09,,,Ⅳ
2021-07-29T12:00:00+08:00,1627531200,28.0,7.54,4.44,484.4,91.3,4.98,0.46,0.272,5.23,,,Ⅳ
2021-07-29T16:00:00+08:00,1627545600,28.6,7.54,4.06,489.1,97.1,4.98,0.411,0.267,5.29,,,Ⅳ
2021-07-29T20:00:00+08:00,1627560000,28.5,7.53,4.04,477.7,90.4,5.23,0.404,0.248,4.74,,,Ⅳ
2021-07-30T00:00:00+08:00,1627574400,28.2,7.55,3.82,453.9,81.5,5.23,0.404,0.248,4.74,,,Ⅳ
2021-07-30T04:00:00+08:00,1627588800,28.1,7.47,3.54,434.0,73.0,5.25,0.47,0.261,4.45,,,Ⅳ
2021-07-30T08:00:00+08:00,1627603200,28.2,7.45,3.53,419.6,76.4,5.46,0.483,0.263,4.5,,,Ⅳ
2021-07-30T12:00:00+08:00,1627617600,28.8,7.45,3.31,403.0,82.5,5.46,0.483,0.263,4.5,,,Ⅳ
2021-07-30T16:00:00+08:00,1627632000,29.2,7.5,3.66,384.5,94.0,5.62,0.48,0.252,4.57,,,Ⅳ
2021-08-06T08:00:00+08:00,1628208000,30.1,7.48,3.51,364.6,47.4,4.75,0.093,0.158,2.47,,,Ⅳ
2021-09-23T12:00:00+08:00,1632369600,28.2,7.81,5.1,483.7,33.6,,0.05,0.152,2.67,,,
2021-09-23T16:00:00+08:00,1632384000,28.6,7.94,5.6,479.3,30.7,3.79,0.04,0.157,2.67,,,Ⅲ
2021-09-23T20:00:00+08:00,1632398400,28.4,8.03,6.18,476.1,37.3,3.89,0.035,0.16,2.64,,,Ⅲ
2021-09-24T00:00:00+08:00,1632412800,28.0,7.96,5.8,472.3,34.1,3.89,0.035,0.16,2.64,,,Ⅲ
2021-09-24T04:00:00+08:00,1632427200,27.5,7.9,5.5,473.5,37.8,4.11,0.047,0.164,2.72,,,Ⅲ
2021-10-28T12:00:00+08:00,1635393600,20.0,8.43,6.89,480.8,36.0,3.66,0.152,0.129,3.02,,,Ⅲ
2021-10-28T16:00:00+08:00,1635408000,19.9,8.41,6.5,476.9,39.7,3.86,0.145,0.128,2.8,,,Ⅲ
2021-10-28T20:00:00+08:00,1635422400,19.9,8.43,6.9,476.1,33.5,3.79,0.144,0.126,2.98,,,Ⅲ
2021-10-29T00:00:00+08:00,1635436800,19.7,8.41,6.83,474.0,32.8,4.36,0.148,0.124,2.6,,,Ⅲ
2021-10-29T04:00:00+08:00,1635451200,19.5,8.38,6.48,469.3,37.4,3.68,0.148,0.126,2.63,,,Ⅲ
2021-10-29T08:00:00+08:00,1635465600,19.4,8.34,6.38,469.4,39.1,3.74,0.143,0.129,2.6,,,Ⅲ
2021-10-29T12:00:00+08:00,1635480000,20.0,8.47,7.1,468.6,35.4,3.69,0.14,0.131,2.88,,,Ⅲ
2021-11-05T08:00:00+08:00,1636070400,19.7,8.48,6.38,450.2,44.2,3.14,0.115,0.149,2.63,,,Ⅲ
2021-11-05T12:00:00+08:00,1636084800,19.9,8.52,6.51,452.0,45.3,2.91,0.109,0.146,2.78,,,Ⅲ
2021-11-05T16:00:00+08:00,1636099200,20.1,8.44,6.59,453.1,42.0,3.44,0.119,0.154,2.61,,,Ⅲ
2021-11-05T20:00:00+08:00,1636113600,20.0,8.46,6.26,448.2,52.5,2.8,0.097,0.146,2.76,,,Ⅲ
2021-11-06T00:00:00+08:00,1636128000,20.0,8.47,6.41,447.4,52.1,3.06,0.094,0.155,2.55,,,Ⅲ
2021-11-06T04:00:00+08:00,1636142400,20.0,8.45,6.32,445.9,53.0,3.14,0.092,0.159,2.56,,,Ⅲ
2021-11-06T08:00:00+08:00,1636156800,20.0,8.44,6.46,443.4,57.8,3.14,0.093,0.162,2.6,,,Ⅲ
2021-11-06T12:00:00+08:00,1636171200,20.1,8.4,6.48,440.6,58.2,2.82,0.077,0.159,2.8,,,Ⅲ
2021-11-06T16:00:00+08:00,1636185600,20.1,8.33,6.29,440.5,50.9,3.13,0.088,0.157,2.6,,,Ⅲ
2021-11-06T20:00:00+08:00,1636200000,19.9,8.31,6.28,440.0,63.8,2.99,0.096,0.153,2.56,,,Ⅲ
2021-11-07T00:00:00+08:00,1636214400,19.8,8.27,6.27,439.3,53.4,3.76,0.088,0.163,2.66,,,Ⅲ
2021-11-07T04:00:00+08:00,1636228800,19.8,8.21,6.2,438.8,58.9,3.08,0.093,0.151,2.5,,,Ⅲ
2021-11-07T12:00:00+08:00,1636257600,19.9,8.19,6.28,440.5,49.1,2.87,0.098,0.142,2.6,,,Ⅲ
2021-11-07T16:00:00+08:00,1636272000,19.1,8.18,6.9,436.9,70.2,3.0,0.132,0.145,2.51,,,Ⅲ
2021-11-07T20:00:00+08:00,1636286400,18.6,8.12,7.11,441.3,67.8,3.27,0.127,0.15,2.73,,,Ⅲ
2021-11-08T00:00:00+08:00,1636300800,17.9,8.12,7.5,444.1,78.5,3.09,0.172,0.149,2.66,,,Ⅲ
2021-11-08T04:00:00+08:00,1636315200,17.3,8.12,7.45,444.5,93.2,3.09,0.179,0.188,2.76,,,Ⅲ
2021-11-08T08:00:00+08:00,1636329600,16.7,8.14,7.62,447.1,75.4,3.25,0.226,0.257,2.83,,,Ⅳ
2021-11-08T12:00:00+08:00,1636344000,16.8,8.14,7.73,453.2,72.7,3.01,0.21,0.22,3.63,,,Ⅳ
2021-11-08T16:00:00+08:00,1636358400,16.8,8.15,7.89,452.1,71.4,4.0,0.212,0.181,3.25,,,Ⅲ
2021-11-08T20:00:00+08:00,1636372800,16.6,8.16,7.88,453.3,65.6,2.95,0.201,0.178,2.91,,,Ⅲ
2021-11-09T00:00:00+08:00,1636387200,16.4,8.14,7.65,455.4,67.0,7.91,0.206,0.172,2.86,,,Ⅳ
2021-11-09T04:00:00+08:00,1636401600,16.2,8.12,7.51,456.7,70.1,7.91,0.214,0.163,2.64,,,Ⅳ
2021-11-09T08:00:00+08:00,1636416000,16.1,8.12,7.46,458.3,58.6,7.91,0.234,0.158,2.75,,,Ⅳ
2021-11-09T12:00:00+08:00,1636430400,16.2,8.06,7.34,463.6,65.5,,0.258,0.15,3.16,,,
2021-11-09T16:00:00+08:00,1636444800,16.5,8.03,7.2,472.5,58.9,,0.269,0.149,2.92,,,
2021-11-10T00:00:00+08:00,1636473600,15.9,8.0,6.97,475.7,50.7,3.26,0.265,0.14,2.8,,,Ⅲ
2021-11-10T04:00:00+08:00,1636488000,15.6,7.97,6.88,481.3,49.3,3.44,0.351,0.144,2.88,,,Ⅲ
2021-11-10T08:00:00+08:00,1636502400,15.4,7.96,6.78,498.9,52.1,3.46,0.324,0.134,2.8,,,Ⅲ
2021-11-10T12:00:00+08:00,1636516800,15.7,8.0,7.12,538.6,52.1,3.76,0.412,0.137,3.25,,,Ⅲ
2021-11-10T16:00:00+08:00,1636531200,15.7,8.03,7.39,540.9,50.0,3.76,0.545,0.136,3.17,,,Ⅲ
2021-11-10T20:00:00+08:00,1636545600,15.5,8.15,8.19,459.7,43.4,,0.506,0.133,3.13,,,
2021-11-11T00:00:00+08:00,1636560000,15.4,8.09,7.87,486.2,43.3,4.12,0.191,0.128,2.68,,,Ⅲ
2021-11-11T04:00:00+08:00,1636574400,15.2,8.06,7.82,486.6,40.1,4.18,0.298,0.126,2.72,,,Ⅲ
2021-11-11T12:00:00+08:00,1636603200,15.3,8.09,7.8,537.3,42.8,3.57,0.326,0.126,3.05,,,Ⅲ
2021-11-11T16:00:00+08:00,1636617600,15.5,8.08,7.86,535.2,37.8,3.85,0.368,0.15,3.13,,,Ⅲ
2021-11-11T20:00:00+08:00,1636632000,15.4,8.05,7.91,465.2,40.6,3.47,0.404,0.124,2.92,,,Ⅲ
2021-11-12T00:00:00+08:00,1636646400,15.2,8.04,7.86,472.9,40.4,3.67,0.238,0.123,2.45,,,Ⅲ
2021-11-12T04:00:00+08:00,1636660800,15.0,8.05,7.71,489.4,36.9,3.5,0.254,0.119,2.64,,,Ⅲ
2021-11-26T12:00:00+08:00,1637899200,15.1,8.08,7.21,601.1,31.3,3.73,0.429,0.114,3.09,,,Ⅲ
2021-11-26T16:00:00+08:00,1637913600,15.1,8.09,7.32,596.1,32.3,3.93,0.392,0.111,3.0,,,Ⅲ
2021-11-26T20:00:00+08:00,1637928000,14.5,8.07,7.44,605.5,35.1,3.87,0.372,0.109,3.23,,,Ⅲ
2021-11-27T00:00:00+08:00,1637942400,14.2,8.03,7.07,603.7,33.9,3.87,0.372,0.109,3.23,,,Ⅲ
2021-11-27T04:00:00+08:00,1637956800,14.1,8.03,7.04,600.4,38.0,3.76,0.377,0.112,3.11,,,Ⅲ
2021-11-27T08:00:00+08:00,1637971200,13.9,8.04,6.96,598.7,31.6,3.43,0.381,0.11,3.28,,,Ⅲ
2021-11-27T12:00:00+08:00,1637985600,14.6,8.06,7.48,596.5,134.7,5.14,0.352,0.169,3.55,,,Ⅲ
2021-11-27T16:00:00+08:00,1638000000,14.6,8.09,7.57,590.7,46.0,4.84,0.367,0.112,3.21,,,Ⅲ
2021-11-27T20:00:00+08:00,1638014400,14.4,8.1,7.58,581.3,62.0,4.06,0.353,0.124,3.22,,,Ⅲ
2021-11-28T00:00:00+08:00,1638028800,14.2,8.08,7.59,581.4,61.6,4.06,0.353,0.124,3.22,,,Ⅲ
2021-11-28T04:00:00+08:00,1638043200,14.2,8.06,7.4,580.8,33.9,3.49,0.359,0.106,3.09,,,Ⅲ
2021-11-28T08:00:00+08:00,1638057600,14.2,8.06,7.82,582.6,74.4,4.42,0.34,0.146,3.76,,,Ⅲ
2021-11-28T12:00:00+08:00,1638072000,14.5,8.09,8.0,577.6,51.1,4.23,0.353,0.117,3.02,,,Ⅲ
2021-11-28T16:00:00+08:00,1638086400,14.5,8.1,7.91,572.1,39.1,4.1,0.354,0.107,2.94,,,Ⅲ
2021-11-28T20:00:00+08:00,1638100800,14.3,8.07,7.65,570.1,38.9,4.09,0.369,0.103,2.93,,,Ⅲ
2021-11-29T00:00:00+08:00,1638115200,14.3,8.08,7.45,570.4,36.8,4.09,0.369,0.103,2.93,,,Ⅲ
2021-11-29T04:00:00+08:00,1638129600,14.2,8.05,7.49,568.6,76.8,4.64,0.36,0.128,3.07,,,Ⅲ
2021-11-29T08:00:00+08:00,1638144000,14.5,8.12,7.24,605.2,89.4,3.78,0.423,0.141,3.76,,,Ⅲ
2021-11-29T12:00:00+08:00,1638158400,14.8,8.13,7.26,597.5,89.0,4.13,0.435,0.202,3.37,,,Ⅳ
2021-11-30T08:00:00+08:00,1638230400,14.4,8.16,7.74,588.7,79.3,4.09,0.446,0.247,3.49,,,Ⅳ
2021-11-30T12:00:00+08:00,1638244800,14.9,8.25,8.2,575.8,97.6,4.19,0.391,0.202,3.42,,,Ⅳ
2021-11-30T16:00:00+08:00,1638259200,14.7,8.25,8.6,574.2,77.4,3.78,0.366,0.178,3.35,,,Ⅲ
2021-11-30T20:00:00+08:00,1638273600,14.4,8.2,8.84,575.9,59.5,3.65,0.373,0.174,3.19,,,Ⅲ
2021-12-01T04:00:00+08:00,1638302400,13.4,8.22,8.31,578.0,46.9,3.39,0.41,0.158,3.02,,,Ⅲ
2021-12-01T12:00:00+08:00,1638331200,13.6,8.19,8.53,572.6,54.5,3.8,0.447,0.141,3.18,,,Ⅲ
2021-12-01T16:00:00+08:00,1638345600,13.7,8.17,8.41,568.1,65.4,4.03,0.411,0.14,3.23,,,Ⅲ
2021-12-01T20:00:00+08:00,1638360000,13.5,8.19,8.23,569.6,63.8,3.79,0.415,0.138,3.04,,,Ⅲ
2021-12-02T00:00:00+08:00,1638374400,13.4,8.15,8.35,568.9,61.6,3.79,0.415,0.138,3.04,,,Ⅲ
2021-12-02T04:00:00+08:00,1638388800,13.0,8.16,8.25,566.5,52.2,3.51,0.408,0.129,3.09,,,Ⅲ
2021-12-02T12:00:00+08:00,1638417600,13.6,8.22,8.64,555.5,49.0,3.19,0.385,0.127,3.3,,,Ⅲ
2021-12-03T12:00:00+08:00,1638504000,13.6,8.32,8.59,549.8,44.4,3.47,0.484,0.118,3.1,,,Ⅲ
2021-12-07T16:00:00+08:00,1638864000,13.0,8.34,8.21,505.8,63.5,3.26,0.297,0.121,2.18,,,Ⅲ
2021-12-07T20:00:00+08:00,1638878400,12.9,8.32,7.85,507.0,64.8,3.26,0.301,0.128,2.31,,,Ⅲ
2021-12-08T08:00:00+08:00,1638921600,12.9,8.37,7.84,493.1,51.8,3.4,0.327,0.116,1.98,,,Ⅲ
2021-12-08T12:00:00+08:00,1638936000,13.0,8.37,8.22,498.5,47.1,2.96,0.316,0.115,2.35,,,Ⅲ
2021-12-08T16:00:00+08:00,1638950400,13.2,8.38,8.26,500.2,43.5,3.52,0.324,0.12,2.21,,,Ⅲ
2021-12-08T20:00:00+08:00,1638964800,13.3,8.36,8.13,496.2,39.9,3.12,0.325,0.11,2.09,,,Ⅲ
2021-12-09T00:00:00+08:00,1638979200,13.2,8.35,8.05,495.6,39.4,3.12,0.325,0.11,2.09,,,Ⅲ
2021-12-09T04:00:00+08:00,1638993600,13.2,8.35,8.1,495.0,43.0,3.48,0.333,0.114,2.03,,,Ⅲ
2021-12-09T08:00:00+08:00,1639008000,13.2,8.34,8.13,494.5,50.1,3.0,0.313,0.119,2.52,,,Ⅲ
2021-12-09T16:00:00+08:00,1639036800,14.0,8.44,8.59,487.6,48.5,3.01,0.324,0.112,2.12,,,Ⅲ
2021-12-10T12:00:00+08:00,1639108800,13.7,8.35,8.34,487.5,39.4,2.98,0.266,0.106,2.29,,,Ⅲ
2021-12-10T16:00:00+08:00,1639123200,14.6,8.4,8.76,486.4,40.2,2.99,0.286,0.109,2.07,,,Ⅲ
2021-12-14T09:15:00+08:00,1639444500,,,,,,,,,,,,
2021-12-14T14:47:00+08:00,1639464420,,,,,,,,,,,,
2021-12-14T16:00:00+08:00,1639468800,12.7,8.33,8.74,582.2,47.6,3.31,0.28,0.117,2.16,,,Ⅲ
2021-12-14T20:00:00+08:00,1639483200,12.5,8.32,8.57,600.2,44.8,3.31,0.28,0.117,2.16,,,Ⅲ
2021-12-15T00:00:00+08:00,1639497600,12.4,8.31,8.32,609.2,42.3,3.27,0.302,0.111,2.12,,,Ⅲ
2021-12-15T04:00:00+08:00,1639512000,12.3,8.29,8.3,625.0,51.3,3.33,0.347,0.115,2.29,,,Ⅲ
2021-12-21T12:00:00+08:00,1640059200,11.2,8.41,8.96,603.8,29.8,3.66,0.334,0.103,2.31,,,Ⅲ
2021-12-21T16:00:00+08:00,1640073600,11.7,8.46,8.96,621.2,30.6,3.8,0.536,0.11,2.2,,,Ⅲ
2021-12-22T08:00:00+08:00,1640131200,10.7,8.35,8.77,574.1,46.1,4.28,0.342,0.103,1.92,,,Ⅲ
2021-12-22T16:00:00+08:00,1640160000,11.0,8.39,9.24,572.6,35.7,4.27,0.314,0.103,2.04,,,Ⅲ
2021-12-22T20:00:00+08:00,1640174400,10.6,8.35,8.88,566.4,30.4,3.96,0.357,0.101,2.67,,,Ⅲ
2021-12-23T00:00:00+08:00,1640188800,10.6,8.35,8.92,585.1,31.1,3.49,0.346,0.093,2.03,,,Ⅱ
2021-12-23T04:00:00+08:00,1640203200,10.6,8.33,8.65,592.4,25.1,3.68,0.383,0.097,1.96,,,Ⅱ
2021-12-23T08:00:00+08:00,1640217600,10.5,8.36,9.03,563.0,27.3,3.59,0.389,0.096,2.02,,,Ⅱ
2021-12-23T12:00:00+08:00,1640232000,11.2,8.45,9.45,574.2,31.5,3.68,0.335,0.093,2.03,,,Ⅱ
2021-12-23T16:00:00+08:00,1640246400,11.5,8.52,9.67,578.7,34.2,4.15,0.335,0.098,1.78,,,Ⅲ
2021-12-23T20:00:00+08:00,1640260800,11.3,8.45,9.22,590.5,59.3,4.91,0.321,0.102,1.98,,,Ⅲ
2021-12-24T00:00:00+08:00,1640275200,11.3,8.42,8.75,616.9,35.7,4.37,0.35,0.123,2.07,,,Ⅲ
2021-12-24T04:00:00+08:00,1640289600,11.3,8.4,8.64,615.8,36.7,3.98,0.396,0.102,2.2,,,Ⅲ
2021-12-24T12:00:00+08:00,1640318400,11.5,8.41,8.92,620.0,50.3,4.68,0.522,0.126,2.26,,,Ⅲ
2021-12-27T16:00:00+08:00,1640592000,8.1,8.45,10.23,612.9,38.0,3.98,0.556,0.118,2.82,,,Ⅲ
2021-12-27T20:00:00+08:00,1640606400,8.0,8.44,10.32,582.0,35.6,3.87,0.362,0.098,2.3,,,Ⅱ
2021-12-28T00:00:00+08:00,1640620800,7.8,8.44,10.29,586.5,32.7,4.12,0.331,0.096,1.93,,,Ⅲ
2021-12-28T04:00:00+08:00,1640635200,7.6,8.44,10.4,585.9,31.5,4.12,0.331,0.096,1.93,,,Ⅲ
2021-12-28T08:00:00+08:00,1640649600,7.5,8.44,10.39,582.5,46.2,3.99,0.325,0.09,1.92,,,Ⅱ
2021-12-28T16:00:00+08:00,1640678400,8.1,8.49,10.41,640.8,33.9,3.93,0.378,0.097,2.13,,,Ⅱ
2021-12-30T12:00:00+08:00,1640836800,7.9,8.48,10.47,732.8,31.1,4.78,0.391,0.133,2.89,,,Ⅲ
2022-01-11T08:00:00+08:00,1641859200,8.6,8.37,8.69,692.6,61.6,3.98,0.692,0.137,3.19,,,Ⅲ
2022-01-11T12:00:00+08:00,1641873600,8.8,8.38,8.86,696.8,52.6,3.61,0.64,0.135,3.55,,,Ⅲ
2022-01-11T16:00:00+08:00,1641888000,9.2,8.4,9.19,689.1,55.3,3.75,0.679,0.137,3.15,,,Ⅲ
2022-01-12T08:00:00+08:00,1641945600,8.2,8.39,9.28,685.3,135.2,3.96,0.578,0.128,2.9,,,Ⅲ
2022-01-12T12:00:00+08:00,1641960000,8.4,8.4,9.55,683.6,123.8,5.02,0.565,0.183,3.93,,,Ⅲ
2022-01-12T16:00:00+08:00,1641974400,8.4,8.42,9.69,678.8,131.4,5.01,0.503,0.168,4.54,,,Ⅲ
2022-01-14T12:00:00+08:00,1642132800,7.9,8.45,10.18,661.3,51.8,4.06,0.486,0.117,2.22,,,Ⅲ
2022-01-14T16:00:00+08:00,1642147200,7.7,8.45,10.03,663.1,49.8,4.1,0.505,0.117,2.29,,,Ⅲ
2022-01-19T04:00:00+08:00,1642536000,8.4,8.53,10.57,625.3,24.5,2.77,0.453,0.092,2.88,,,Ⅱ
2022-01-19T08:00:00+08:00,1642550400,8.4,8.51,10.42,629.6,97.2,3.28,0.452,0.131,3.1,,,Ⅲ
2022-01-19T16:00:00+08:00,1642579200,10.6,8.87,11.76,672.7,43.5,3.54,0.551,0.132,3.48,,,Ⅲ
2022-01-19T20:00:00+08:00,1642593600,9.8,8.7,10.75,659.7,37.5,2.84,0.542,0.115,3.32,,,Ⅲ
2022-01-20T04:00:00+08:00,1642622400,8.9,8.69,11.59,601.1,24.0,3.03,0.328,0.097,2.82,,,Ⅱ
2022-01-20T08:00:00+08:00,1642636800,8.6,8.62,11.22,590.2,23.9,2.7,0.303,0.092,2.7,,,Ⅱ
2022-01-20T12:00:00+08:00,1642651200,8.8,8.68,11.48,593.1,27.0,2.91,0.317,0.094,2.7,,,Ⅱ
2022-01-20T16:00:00+08:00,1642665600,8.9,8.69,11.45,600.4,27.1,2.82,0.338,0.093,2.77,,,Ⅱ
2022-01-20T20:00:00+08:00,1642680000,8.7,8.63,11.05,604.2,37.6,2.91,0.345,0.094,2.84,,,Ⅱ
2022-01-21T00:00:00+08:00,1642694400,8.6,8.63,10.98,616.8,43.9,2.99,0.374,0.096,2.93,,,Ⅱ
2022-01-21T08:00:00+08:00,1642723200,8.4,8.58,10.75,625.9,81.6,3.12,0.389,0.125,3.07,,,Ⅲ
2022-01-21T12:00:00+08:00,1642737600,8.5,8.65,11.19,608.4,46.4,3.01,0.354,0.108,2.88,,,Ⅲ
2022-02-10T08:00:00+08:00,1644451200,7.4,8.26,9.62,578.8,18.1,3.11,0.652,0.151,3.92,,,Ⅲ
2022-02-10T12:00:00+08:00,1644465600,7.8,8.34,10.39,574.0,17.4,3.07,0.671,0.147,3.84,,,Ⅲ
2022-02-11T04:00:00+08:00,1644523200,7.6,8.35,10.47,565.6,17.4,3.28,0.602,0.13,3.8,,,Ⅲ
2022-02-11T12:00:00+08:00,1644552000,7.5,8.32,10.23,565.2,20.8,3.19,0.617,0.13,3.86,,,Ⅲ
2022-02-11T20:00:00+08:00,1644580800,7.5,8.29,9.85,559.9,20.0,3.12,0.639,0.132,4.04,,,Ⅲ
2022-02-12T04:00:00+08:00,1644609600,7.4,8.27,9.68,558.2,20.4,3.16,0.668,0.135,3.87,,,Ⅲ
2022-02-12T16:00:00+08:00,1644652800,7.7,8.34,10.07,557.6,18.3,3.24,0.724,0.136,4.02,,,Ⅲ
2022-02-12T20:00:00+08:00,1644667200,7.8,8.35,10.2,554.8,17.3,3.13,0.672,0.129,3.96,,,Ⅲ
2022-02-13T04:00:00+08:00,1644696000,7.8,8.34,10.12,554.4,15.6,2.97,0.656,0.126,3.94,,,Ⅲ
2022-02-13T08:00:00+08:00,1644710400,7.8,8.33,10.05,553.2,17.9,3.06,0.609,0.122,3.8,,,Ⅲ
2022-02-13T12:00:00+08:00,1644724800,7.7,8.32,10.12,553.4,20.1,3.06,0.574,0.122,3.8,,,Ⅲ
2022-02-13T16:00:00+08:00,1644739200,7.9,8.36,10.39,553.9,17.9,3.2,0.611,0.13,3.66,,,Ⅲ
2022-02-13T20:00:00+08:00,1644753600,7.9,8.37,10.31,554.3,18.3,3.08,0.565,0.124,3.78,,,Ⅲ
2022-02-14T00:00:00+08:00,1644768000,7.7,8.38,10.26,555.2,16.0,3.12,0.624,0.118,3.87,,,Ⅲ
2022-02-18T04:00:00+08:00,1645128000,7.3,8.41,10.78,539.5,26.7,3.18,0.402,0.1,3.33,,,Ⅱ
2022-02-18T08:00:00+08:00,1645142400,7.3,8.41,10.63,540.6,54.7,3.27,0.436,0.114,3.4,,,Ⅲ
2022-02-18T12:00:00+08:00,1645156800,7.5,8.44,10.7,548.4,43.5,3.24,0.5,0.114,3.68,,,Ⅲ
2022-02-18T16:00:00+08:00,1645171200,7.5,8.43,10.88,537.5,34.0,3.1,0.411,0.103,3.31,,,Ⅲ
2022-02-18T20:00:00+08:00,1645185600,7.5,8.41,10.6,543.8,34.0,3.18,0.484,0.114,3.45,,,Ⅲ
2022-02-19T00:00:00+08:00,1645200000,7.5,8.38,10.2,549.7,36.8,3.36,0.574,0.117,3.77,,,Ⅲ
2022-02-19T04:00:00+08:00,1645214400,7.4,8.35,9.92,557.9,37.3,3.36,0.664,0.12,4.06,,,Ⅲ
2022-02-22T08:00:00+08:00,1645488000,7.4,8.48,10.88,538.1,20.1,3.08,0.51,0.103,3.47,,,Ⅲ
2022-02-22T12:00:00+08:00,1645502400,8.0,8.55,11.31,537.5,22.4,2.97,0.542,0.108,3.7,,,Ⅲ
2022-02-22T16:00:00+08:00,1645516800,7.9,8.67,11.82,523.7,31.1,3.19,0.394,0.102,3.41,,,Ⅲ
2022-02-22T20:00:00+08:00,1645531200,7.7,8.67,11.97,520.4,20.8,3.24,0.35,0.093,3.07,,,Ⅱ
2022-02-23T00:00:00+08:00,1645545600,7.7,8.53,10.92,530.7,27.5,3.07,0.475,0.105,3.49,,,Ⅲ
2022-02-23T04:00:00+08:00,1645560000,7.7,8.5,10.8,530.3,25.1,2.82,0.48,0.104,3.63,,,Ⅲ
2022-02-23T12:00:00+08:00,1645588800,8.1,8.59,11.27,528.8,22.7,2.79,0.454,0.108,3.54,,,Ⅲ
2022-02-23T16:00:00+08:00,1645603200,8.4,8.75,12.24,519.2,17.1,3.0,0.314,0.087,3.01,,,Ⅱ
2022-03-01T04:00:00+08:00,1646078400,11.7,8.65,10.7,497.8,30.1,3.09,0.273,0.085,3.15,,,Ⅱ
2022-03-01T08:00:00+08:00,1646092800,11.7,8.62,10.54,494.4,29.6,3.04,0.29,0.092,3.18,,,Ⅱ
2022-03-01T12:00:00+08:00,1646107200,12.5,8.81,11.2,494.2,30.0,3.22,0.257,0.094,3.08,,,Ⅱ
2022-03-02T04:00:00+08:00,1646164800,12.2,8.65,10.69,498.5,29.5,2.92,0.246,0.094,2.95,,,Ⅱ
2022-03-02T08:00:00+08:00,1646179200,11.6,8.64,10.89,501.0,25.2,2.94,0.206,0.088,2.87,,,Ⅱ
2022-03-07T08:00:00+08:00,1646611200,13.2,8.47,9.4,535.7,42.3,3.04,0.292,0.109,3.34,,,Ⅲ
2022-03-07T12:00:00+08:00,1646625600,14.4,8.51,9.61,533.2,39.9,2.95,0.36,0.104,3.37,,,Ⅲ
2022-03-08T04:00:00+08:00,1646683200,13.6,8.54,9.59,515.5,35.2,2.88,0.247,0.119,2.96,,,Ⅲ
2022-03-08T08:00:00+08:00,1646697600,13.5,8.54,9.55,513.6,33.9,2.91,0.217,0.113,2.82,,,Ⅲ
2022-03-08T12:00:00+08:00,1646712000,14.5,8.71,10.32,511.2,32.3,3.17,0.181,0.108,2.82,,,Ⅲ
2022-03-08T16:00:00+08:00,1646726400,14.3,8.65,9.94,506.7,36.0,3.15,0.196,0.103,2.78,,,Ⅲ
2022-03-08T20:00:00+08:00,1646740800,13.9,8.54,9.4,505.7,46.1,2.94,0.248,0.11,2.97,,,Ⅲ
2022-03-09T00:00:00+08:00,1646755200,13.9,8.51,9.24,505.6,51.4,2.92,0.233,0.111,3.01,,,Ⅲ
2022-03-09T04:00:00+08:00,1646769600,13.8,8.5,9.12,504.6,46.8,2.82,0.258,0.11,3.01,,,Ⅲ
2022-03-09T08:00:00+08:00,1646784000,13.9,8.5,9.16,502.2,42.2,2.84,0.25,0.116,3.04,,,Ⅲ
2022-03-09T12:00:00+08:00,1646798400,14.5,8.6,9.74,505.7,38.4,2.9,0.216,0.104,2.92,,,Ⅲ
2022-03-10T04:00:00+08:00,1646856000,14.2,8.49,9.0,490.4,43.3,2.68,0.234,0.103,2.92,,,Ⅲ
2022-03-10T08:00:00+08:00,1646870400,14.1,8.49,9.06,489.3,46.8,2.62,0.224,0.104,2.9,,,Ⅲ
2022-03-10T12:00:00+08:00,1646884800,14.6,8.52,9.11,488.3,41.5,2.68,0.222,0.103,2.93,,,Ⅲ
2022-03-11T04:00:00+08:00,1646942400,14.8,8.48,8.84,476.3,51.7,2.61,0.203,0.108,2.93,,,Ⅲ
2022-03-11T08:00:00+08:00,1646956800,14.9,8.48,8.89,475.3,34.5,2.63,0.208,0.104,2.86,,,Ⅲ
2022-03-11T12:00:00+08:00,1646971200,15.9,8.62,9.56,484.2,36.0,2.75,0.193,0.098,2.78,,,Ⅱ
2022-03-11T16:00:00+08:00,1646985600,16.3,8.68,9.56,493.1,53.3,3.05,0.15,0.102,2.69,,,Ⅲ
2022-03-12T16:00:00+08:00,1647072000,17.2,8.69,9.18,490.3,42.9,3.28,0.116,0.09,2.42,,,Ⅱ
2022-03-12T20:00:00+08:00,1647086400,16.9,8.55,8.48,491.6,35.1,2.99,0.139,0.085,2.5,,,Ⅱ
2022-03-13T04:00:00+08:00,1647115200,16.8,8.53,8.26,492.2,40.3,3.28,0.123,0.085,2.44,,,Ⅱ
2022-03-13T08:00:00+08:00,1647129600,17.2,8.55,8.32,495.2,37.9,3.41,0.113,0.097,2.48,,,Ⅱ
2022-03-13T12:00:00+08:00,1647144000,18.4,8.79,9.38,493.7,49.5,3.59,0.098,0.086,2.37,,,Ⅱ
2022-03-13T16:00:00+08:00,1647158400,18.4,8.73,9.08,496.6,44.0,3.55,0.12,0.086,2.48,,,Ⅱ
2022-03-13T20:00:00+08:00,1647172800,17.9,8.66,8.62,501.0,41.2,3.42,0.136,0.086,2.48,,,Ⅱ
2022-03-14T04:00:00+08:00,1647201600,17.8,8.53,7.95,503.6,37.9,3.19,0.146,0.081,2.44,,,Ⅱ
2022-03-14T12:00:00+08:00,1647230400,19.3,8.72,8.65,507.3,54.8,3.76,0.148,0.096,2.43,,,Ⅱ
2022-03-14T16:00:00+08:00,1647244800,19.7,8.98,10.1,507.5,32.6,3.33,0.121,0.079,2.33,,,Ⅱ
2022-03-15T08:00:00+08:00,1647302400,17.5,8.5,7.75,528.8,45.3,3.12,0.172,0.093,2.55,,,Ⅱ
2022-03-15T16:00:00+08:00,1647331200,18.8,8.76,9.45,517.7,34.0,3.58,0.14,0.093,2.31,,,Ⅱ
2022-03-15T20:00:00+08:00,1647345600,18.4,8.64,8.82,522.2,35.8,3.16,0.159,0.086,2.32,,,Ⅱ
2022-03-16T00:00:00+08:00,1647360000,18.1,8.53,8.37,526.5,37.4,2.85,0.177,0.086,2.37,,,Ⅱ
2022-03-16T08:00:00+08:00,1647388800,17.8,8.48,8.1,527.7,42.6,,0.175,0.092,2.3,,,
2022-03-16T12:00:00+08:00,1647403200,19.0,8.64,8.68,515.7,49.9,,0.158,0.098,2.16,,,
2022-03-16T16:00:00+08:00,1647417600,19.3,8.69,8.7,518.0,48.8,3.1,0.162,0.086,2.22,,,Ⅱ
2022-03-16T20:00:00+08:00,1647432000,18.9,8.52,7.77,519.4,45.6,3.09,0.191,0.083,2.2,,,Ⅱ
2022-03-17T00:00:00+08:00,1647446400,18.7,8.48,7.78,537.7,48.4,2.91,0.197,0.092,2.42,,,Ⅱ
2022-03-17T04:00:00+08:00,1647460800,18.5,8.49,7.71,538.2,40.7,2.91,0.207,0.089,2.48,,,Ⅱ
2022-03-17T08:00:00+08:00,1647475200,18.1,8.46,7.8,518.6,44.0,2.9,0.214,0.087,2.53,,,Ⅱ
2022-03-17T12:00:00+08:00,1647489600,18.1,8.46,7.7,532.0,44.4,3.07,0.332,0.107,2.78,,,Ⅲ
2022-03-17T16:00:00+08:00,1647504000,17.6,8.43,7.69,532.8,67.0,3.01,0.424,0.116,3.02,,,Ⅲ
2022-03-18T08:00:00+08:00,1647561600,16.4,8.39,7.36,529.2,62.4,2.82,0.363,0.119,3.08,,,Ⅲ
2022-03-18T12:00:00+08:00,1647576000,16.4,8.43,7.63,535.0,56.6,3.02,0.365,0.123,3.28,,,Ⅲ
2022-03-18T16:00:00+08:00,1647590400,16.5,8.43,7.65,536.6,48.5,2.98,0.375,0.123,3.3,,,Ⅲ
2022-03-23T08:00:00+08:00,1647993600,12.1,8.15,7.44,495.9,105.2,3.95,0.804,0.206,4.23,,,Ⅳ
2022-03-24T16:00:00+08:00,1648108800,13.7,8.36,7.9,496.9,67.8,3.32,0.652,0.151,4.2,,,Ⅲ
2022-03-24T20:00:00+08:00,1648123200,13.6,8.3,7.78,491.7,72.0,3.34,0.658,0.149,4.09,,,Ⅲ
2022-03-25T00:00:00+08:00,1648137600,13.8,8.39,9.76,487.5,,3.57,0.654,0.162,4.28,,,Ⅲ
2022-03-25T04:00:00+08:00,1648152000,13.7,8.48,8.32,484.2,57.8,3.36,0.656,0.146,4.1,,,Ⅲ
2022-03-25T12:00:00+08:00,1648180800,13.7,8.25,7.92,469.6,63.2,3.19,0.635,0.157,4.2,,,Ⅲ
2022-03-25T16:00:00+08:00,1648195200,13.8,8.23,7.41,467.3,46.0,3.29,0.677,0.16,4.21,,,Ⅲ
2022-03-25T20:00:00+08:00,1648209600,14.1,8.22,7.55,449.9,54.2,3.66,0.646,0.182,4.64,,,Ⅲ
2022-03-26T04:00:00+08:00,1648238400,14.0,8.24,7.68,465.9,56.2,3.59,0.622,0.175,4.53,,,Ⅲ
2022-03-26T08:00:00+08:00,1648252800,14.1,8.32,7.82,464.9,41.1,3.61,0.61,0.182,4.85,,,Ⅲ
2022-03-26T12:00:00+08:00,1648267200,14.4,8.24,7.65,472.4,44.9,4.17,0.627,0.201,5.62,,,Ⅳ
2022-03-26T16:00:00+08:00,1648281600,14.7,8.22,7.36,481.0,54.7,4.41,0.666,0.214,6.11,,,Ⅳ
2022-03-26T20:00:00+08:00,1648296000,14.6,8.21,7.13,484.6,48.3,4.04,0.637,0.219,6.34,,,Ⅳ
2022-03-27T04:00:00+08:00,1648324800,14.3,8.19,7.09,480.7,49.2,4.01,0.655,0.201,5.61,,,Ⅳ
2022-03-27T08:00:00+08:00,1648339200,14.4,8.35,8.54,480.3,15.9,3.91,0.625,0.215,5.76,,,Ⅳ
2022-03-27T12:00:00+08:00,1648353600,18.2,8.32,9.41,7.6,,,,,,,,
2022-03-27T16:00:00+08:00,1648368000,18.9,8.09,9.26,10.6,,,,,,,,
2022-03-27T20:00:00+08:00,1648382400,19.1,7.92,9.25,12.9,,,,,,,,
2022-03-28T00:00:00+08:00,1648396800,19.0,7.8,9.31,15.1,,,,,,,,
2022-03-28T08:00:00+08:00,1648425600,18.2,7.57,9.51,18.7,,,,,,,,
2022-03-28T12:00:00+08:00,1648440000,17.9,7.47,9.57,20.2,,,,,,,,
2022-03-28T16:00:00+08:00,1648454400,18.0,7.36,9.53,21.4,,,,,,,,
2022-03-28T20:00:00+08:00,1648468800,18.1,7.27,9.49,22.3,,,,,,,,
2022-03-29T04:00:00+08:00,1648497600,17.5,7.18,9.63,22.9,,,,,,,,
2022-03-29T12:00:00+08:00,1648526400,17.1,7.15,9.71,22.6,,,,,,,,
2022-03-29T16:00:00+08:00,1648540800,17.7,7.15,9.54,22.9,,,,,,,,
2022-03-29T20:00:00+08:00,1648555200,18.3,7.16,9.4,23.3,,,,,,,,
2022-03-30T04:00:00+08:00,1648584000,18.5,7.18,9.35,23.0,,,,,,,,
2022-03-30T12:00:00+08:00,1648612800,18.7,7.19,9.32,22.3,,,,,,,,
2022-03-30T16:00:00+08:00,1648627200,19.6,7.2,9.13,22.5,,,,,,,,
2022-03-30T20:00:00+08:00,1648641600,20.4,7.21,9.0,22.8,,,,,,,,
2022-03-31T04:00:00+08:00,1648670400,20.7,7.21,8.98,21.7,,,,,,,,
2022-03-31T08:00:00+08:00,1648684800,20.3,7.21,9.09,20.3,,,,,,,,
2022-03-31T12:00:00+08:00,1648699200,20.0,7.22,9.18,18.7,,,,,,,,
2022-03-31T16:00:00+08:00,1648713600,19.7,7.22,9.24,16.9,,,,,,,,
2022-03-31T20:00:00+08:00,1648728000,19.4,7.22,9.33,15.1,,,,,,,,
2022-04-01T04:00:00+08:00,1648756800,18.2,7.22,9.56,10.0,,,,,,,,
2022-04-01T12:00:00+08:00,1648785600,17.2,7.23,9.8,5.8,,,,,,,,
2022-04-01T16:00:00+08:00,1648800000,17.3,7.25,9.77,5.7,,,,,,,,
2022-04-01T20:00:00+08:00,1648814400,17.4,7.25,9.74,5.7,,,,,,,,
2022-04-02T04:00:00+08:00,1648843200,16.9,7.24,9.84,4.8,,,,,,,,
2022-04-02T12:00:00+08:00,1648872000,16.6,7.25,9.93,4.9,,,,,,,,
2022-04-02T16:00:00+08:00,1648886400,17.1,7.27,9.78,5.8,,,,,,,,
2022-04-02T20:00:00+08:00,1648900800,17.7,7.27,9.66,6.1,,,,,,,,
2022-04-03T00:00:00+08:00,1648915200,17.7,7.25,9.65,5.3,,,,,,,,
2022-04-03T04:00:00+08:00,1648929600,17.5,7.24,9.7,4.7,,,,,,,,
2022-04-03T08:00:00+08:00,1648944000,17.2,7.24,9.78,4.7,,,,,,,,
2022-04-03T12:00:00+08:00,1648958400,17.1,7.24,9.8,4.8,,,,,,,,
2022-04-03T16:00:00+08:00,1648972800,17.6,7.26,9.66,5.7,,,,,,,,
2022-04-03T20:00:00+08:00,1648987200,18.3,7.25,9.52,6.1,,,,,,,,
2022-04-04T04:00:00+08:00,1649016000,18.1,7.22,9.56,4.6,,,,,,,,
2022-04-04T08:00:00+08:00,1649030400,17.8,7.23,9.64,4.6,,,,,,,,
2022-04-04T12:00:00+08:00,1649044800,17.7,7.24,9.65,4.7,,,,,,,,
2022-04-04T20:00:00+08:00,1649073600,18.9,7.26,9.36,5.9,,,,,,,,
2022-04-05T00:00:00+08:00,1649088000,18.9,7.25,9.34,5.0,,,,,,,,
2022-04-05T04:00:00+08:00,1649102400,18.8,7.24,9.35,4.6,,,,,,,,
2022-04-05T08:00:00+08:00,1649116800,18.7,7.24,9.38,4.7,,,,,,,,
2022-04-05T16:00:00+08:00,1649145600,18.7,7.26,9.36,4.8,,,,,,,,
2022-04-05T20:00:00+08:00,1649160000,18.8,7.26,9.34,4.7,,,,,,,,
2022-04-06T00:00:00+08:00,1649174400,18.8,7.24,9.34,4.7,,,,,,,,
2022-04-06T04:00:00+08:00,1649188800,18.6,7.23,9.38,4.5,,,,,,,,
2022-04-06T08:00:00+08:00,1649203200,18.4,7.24,9.43,4.8,,,,,,,,
2022-04-06T12:00:00+08:00,1649217600,18.6,7.26,9.39,4.8,,,,,,,,
2022-04-06T20:00:00+08:00,1649246400,20.5,7.28,8.99,6.1,,,,,,,,
2022-04-07T04:00:00+08:00,1649275200,21.0,7.22,8.87,4.6,,,,,,,,
2022-04-07T08:00:00+08:00,1649289600,21.0,7.22,8.9,4.7,,,,,,,,
2022-04-07T12:00:00+08:00,1649304000,21.1,7.23,8.87,4.7,,,,,,,,
2022-04-07T16:00:00+08:00,1649318400,21.8,7.26,8.72,5.8,,,,,,,,
2022-04-07T20:00:00+08:00,1649332800,22.7,7.26,8.58,6.1,,,,,,,,
2022-04-08T00:00:00+08:00,1649347200,23.0,7.24,8.52,5.2,,,,,,,,
2022-04-08T04:00:00+08:00,1649361600,23.0,7.23,8.51,4.8,,,,,,,,
2022-04-08T08:00:00+08:00,1649376000,22.9,7.25,8.55,4.9,,,,,,,,
2022-04-08T12:00:00+08:00,1649390400,22.8,7.27,8.54,4.8,,,,,,,,
2022-04-08T16:00:00+08:00,1649404800,23.5,7.32,8.4,5.9,,,,,,,,
2022-04-08T20:00:00+08:00,1649419200,24.2,7.31,8.29,5.8,,,,,,,,
2022-04-09T00:00:00+08:00,1649433600,24.4,7.29,8.25,4.9,,,,,,,,
2022-04-09T04:00:00+08:00,1649448000,24.3,7.29,8.26,4.5,,,,,,,,
2022-04-09T08:00:00+08:00,1649462400,24.1,7.32,8.31,4.7,,,,,,,,
2022-04-09T16:00:00+08:00,1649491200,24.7,7.4,8.18,4.9,,,,,,,,
2022-04-09T20:00:00+08:00,1649505600,25.3,7.39,8.09,1.8,,,,,,,,
2022-04-10T00:00:00+08:00,1649520000,25.5,7.41,8.06,1.2,,,,,,,,
2022-04-10T04:00:00+08:00,1649534400,25.4,7.44,8.07,1.0,,,,,,,,
2022-04-10T12:00:00+08:00,1649563200,24.9,7.55,8.15,0.001,,,,,,,,
2022-04-10T16:00:00+08:00,1649577600,25.1,7.59,8.09,,,,,,,,,
2022-04-10T20:00:00+08:00,1649592000,25.4,7.61,8.0,,,,,,,,,
2022-04-11T00:00:00+08:00,1649606400,25.7,7.63,7.96,,,,,,,,,
2022-04-11T04:00:00+08:00,1649620800,25.6,7.66,7.98,,,,,,,,,
2022-04-11T08:00:00+08:00,1649635200,25.5,7.72,8.02,,,,,,,,,
2022-04-11T12:00:00+08:00,1649649600,25.3,7.77,7.99,,,,,,,,,
2022-04-11T16:00:00+08:00,1649664000,25.9,7.79,7.78,,,,,,,,,
2022-04-11T20:00:00+08:00,1649678400,26.9,7.69,7.49,,,,,,,,,
2022-04-12T00:00:00+08:00,1649692800,27.5,7.64,7.52,,,,,,,,,
2022-04-12T04:00:00+08:00,1649707200,27.4,7.64,7.53,,,,,,,,,
2022-04-12T08:00:00+08:00,1649721600,27.3,7.65,7.58,,,,,,,,,
2022-04-12T20:00:00+08:00,1649764800,28.9,7.56,7.1,,,,,,,,,
2022-04-13T00:00:00+08:00,1649779200,28.6,7.5,6.96,,,,,,,,,
2022-04-13T04:00:00+08:00,1649793600,27.8,7.49,6.98,,,,,,,,,
2022-04-13T08:00:00+08:00,1649808000,26.8,7.53,7.12,,,,,,,,,
2022-04-13T12:00:00+08:00,1649822400,25.9,7.52,7.21,,,,,,,,,
2022-04-13T16:00:00+08:00,1649836800,24.8,7.52,7.3,0.001,,,,,,,,
2022-04-13T20:00:00+08:00,1649851200,23.9,7.53,7.44,0.002,,,,,,,,
2022-04-14T00:00:00+08:00,1649865600,22.9,7.53,7.58,0.004,,,,,,,,
2022-04-14T04:00:00+08:00,1649880000,22.0,7.54,7.69,0.006,,,,,,,,
2022-04-14T08:00:00+08:00,1649894400,21.4,7.58,7.83,0.007,,,,,,,,
2022-04-14T12:00:00+08:00,1649908800,20.9,7.6,7.96,0.007,,,,,,,,
2022-04-14T16:00:00+08:00,1649923200,20.6,7.61,8.06,0.008,,,,,,,,
2022-04-15T04:00:00+08:00,1649966400,19.8,7.63,8.33,0.009,,,,,,,,
2022-04-15T12:00:00+08:00,1649995200,19.4,7.62,8.4,0.01,,,,,,,,
2022-04-15T16:00:00+08:00,1650009600,19.6,7.61,8.33,0.009,,,,,,,,
2022-04-15T20:00:00+08:00,1650024000,19.9,7.59,8.27,0.009,,,,,,,,
2022-04-16T04:00:00+08:00,1650052800,19.8,7.59,8.24,0.009,,,,,,,,
2022-04-16T08:00:00+08:00,1650067200,19.6,7.59,8.28,0.009,,,,,,,,
2022-04-16T12:00:00+08:00,1650081600,19.6,7.55,8.22,0.009,,,,,,,,
2022-04-16T16:00:00+08:00,1650096000,20.2,7.54,8.07,0.008,,,,,,,,
2022-04-16T20:00:00+08:00,1650110400,20.7,7.57,8.03,0.008,,,,,,,,
2022-04-17T12:00:00+08:00,1650168000,20.1,7.57,8.07,0.008,,,,,,,,
2022-04-17T20:00:00+08:00,1650196800,21.3,7.57,7.87,0.007,,,,,,,,
2022-04-18T04:00:00+08:00,1650225600,21.3,7.58,7.87,0.007,,,,,,,,
2022-04-18T08:00:00+08:00,1650240000,21.1,7.59,7.95,0.007,,,,,,,,
2022-04-18T12:00:00+08:00,1650254400,21.1,7.6,7.98,0.007,,,,,,,,
2022-04-18T16:00:00+08:00,1650268800,21.5,7.55,7.84,0.006,,,,,,,,
2022-04-18T20:00:00+08:00,1650283200,22.0,7.56,7.78,0.005,,,,,,,,
2022-04-19T04:00:00+08:00,1650312000,22.0,7.59,7.85,0.006,,,,,,,,
2022-04-19T08:00:00+08:00,1650326400,21.9,7.6,7.91,0.006,,,,,,,,
2022-04-19T12:00:00+08:00,1650340800,22.0,7.58,7.88,0.006,,,,,,,,
2022-04-19T16:00:00+08:00,1650355200,22.7,7.55,7.7,0.004,,,,,,,,
2022-04-19T20:00:00+08:00,1650369600,23.5,7.52,7.55,0.003,,,,,,,,
2022-04-20T04:00:00+08:00,1650398400,23.6,7.56,7.56,0.003,,,,,,,,
2022-04-20T08:00:00+08:00,1650412800,23.4,7.57,7.63,0.003,,,,,,,,
2022-04-20T12:00:00+08:00,1650427200,23.4,7.56,7.6,0.003,,,,,,,,
2022-04-20T16:00:00+08:00,1650441600,23.9,7.49,7.39,0.002,,,,,,,,
2022-04-20T20:00:00+08:00,1650456000,24.5,7.51,7.3,0.001,,,,,,,,
2022-04-21T04:00:00+08:00,1650484800,24.5,7.55,7.35,0.001,,,,,,,,
2022-04-21T08:00:00+08:00,1650499200,24.3,7.56,7.42,0.002,,,,,,,,
2022-04-21T12:00:00+08:00,1650513600,24.4,7.56,7.42,0.001,,,,,,,,
2022-04-21T16:00:00+08:00,1650528000,24.9,7.49,7.24,0.001,,,,,,,,
2022-04-21T20:00:00+08:00,1650542400,25.6,7.48,7.1,,,,,,,,,
2022-04-22T04:00:00+08:00,1650571200,25.6,7.54,7.18,,,,,,,,,
2022-04-22T08:00:00+08:00,1650585600,25.4,7.55,7.28,,,,,,,,,
2022-04-22T12:00:00+08:00,1650600000,25.5,7.54,7.27,,,,,,,,,
2022-04-22T16:00:00+08:00,1650614400,26.1,7.52,7.14,,,,,,,,,
2022-04-22T20:00:00+08:00,1650628800,26.7,7.5,7.04,,,,,,,,,
2022-04-23T04:00:00+08:00,1650657600,27.0,7.54,7.05,,,,,,,,,
2022-04-23T08:00:00+08:00,1650672000,26.8,7.55,7.13,,,,,,,,,
2022-04-23T12:00:00+08:00,1650686400,26.5,7.55,7.2,,,,,,,,,
2022-04-23T16:00:00+08:00,1650700800,26.6,7.55,7.2,,,,,,,,,
2022-04-23T20:00:00+08:00,1650715200,26.7,7.55,7.19,,,,,,,,,
2022-04-24T00:00:00+08:00,1650729600,26.6,7.54,7.2,,,,,,,,,
2022-04-24T08:00:00+08:00,1650758400,25.9,7.55,7.32,,,,,,,,,
2022-04-24T12:00:00+08:00,1650772800,25.7,7.55,7.33,,,,,,,,,
2022-04-24T16:00:00+08:00,1650787200,25.8,7.55,7.31,,,,,,,,,
2022-04-25T04:00:00+08:00,1650830400,25.8,7.55,7.26,,,,,,,,,
2022-04-25T08:00:00+08:00,1650844800,25.5,7.53,7.28,,,,,,,,,
2022-04-25T12:00:00+08:00,1650859200,25.2,7.53,7.28,,,,,,,,,
2022-04-25T16:00:00+08:00,1650873600,25.2,7.54,7.27,,,,,,,,,
2022-04-25T20:00:00+08:00,1650888000,25.2,7.55,7.32,,,,,,,,,
2022-04-26T00:00:00+08:00,1650902400,25.1,7.56,7.35,,,,,,,,,
2022-04-26T04:00:00+08:00,1650916800,25.1,7.56,7.39,,,,,,,,,
2022-04-26T08:00:00+08:00,1650931200,25.1,7.57,7.49,,,,,,,,,
2022-04-26T12:00:00+08:00,1650945600,25.0,7.56,7.52,,,,,,,,,
2022-04-26T16:00:00+08:00,1650960000,25.1,7.54,7.46,,,,,,,,,
2022-04-26T20:00:00+08:00,1650974400,25.2,7.54,7.44,,,,,,,,,
2022-04-27T00:00:00+08:00,1650988800,25.2,7.55,7.47,,,,,,,,,
2022-04-27T08:00:00+08:00,1651017600,24.6,7.54,7.54,0.001,,,,,,,,
2022-04-27T08:52:00+08:00,1651020720,,,,,,,,,,,,
2022-04-27T12:00:00+08:00,1651032000,24.4,7.5,7.47,0.001,,,,,,,,
2022-04-27T16:00:00+08:00,1651046400,24.6,7.45,7.26,,,,,,,,,
2022-04-27T20:00:00+08:00,1651060800,24.9,7.45,7.11,,,,,,,,,
2022-04-28T00:00:00+08:00,1651075200,24.8,7.49,7.14,,,,,,,,,
2022-04-28T04:00:00+08:00,1651089600,24.2,7.44,7.16,,,,,,,,,
2022-04-28T08:00:00+08:00,1651104000,23.8,7.46,7.18,,,,,,,,,
2022-04-28T12:00:00+08:00,1651118400,23.6,7.45,7.16,0.003,,,,,,,,
2022-04-28T16:00:00+08:00,1651132800,23.8,7.47,7.1,,,,,,,,,
2022-04-28T20:00:00+08:00,1651147200,23.8,7.52,7.14,,,,,,,,,
2022-04-29T00:00:00+08:00,1651161600,23.4,7.55,7.33,,,,,,,,,
2022-04-29T04:00:00+08:00,1651176000,22.6,7.53,7.42,,,,,,,,,
2022-04-29T08:00:00+08:00,1651190400,22.0,7.55,7.52,,,,,,,,,
2022-04-29T12:00:00+08:00,1651204800,21.4,7.56,7.61,,,,,,,,,
2022-04-29T16:00:00+08:00,1651219200,21.2,7.58,7.65,,,,,,,,,
2022-04-29T20:00:00+08:00,1651233600,21.2,7.59,7.72,,,,,,,,,
2022-04-30T00:00:00+08:00,1651248000,21.1,7.6,7.82,0.007,,,,,,,,
2022-04-30T04:00:00+08:00,1651262400,20.9,7.6,7.89,0.007,,,,,,,,
2022-04-30T08:00:00+08:00,1651276800,20.7,7.6,7.95,0.008,,,,,,,,
2022-04-30T12:00:00+08:00,1651291200,20.6,7.6,7.97,0.008,,,,,,,,
2022-04-30T16:00:00+08:00,1651305600,20.8,7.58,7.9,0.007,,,,,,,,
2022-04-30T20:00:00+08:00,1651320000,21.0,7.58,7.87,0.007,,,,,,,,
2022-05-01T00:00:00+08:00,1651334400,21.0,7.6,7.88,0.007,,,,,,,,
2022-05-01T09:05:00+08:00,1651367100,,,,,,,,,,,,
2022-05-01T13:05:00+08:00,1651381500,,,,,,,,,,,,
2022-05-01T17:06:00+08:00,1651395960,,,,,,,,,,,,
2022-05-03T04:00:00+08:00,1651521600,20.5,8.41,5.34,516.0,31.6,3.64,0.617,0.175,4.52,,,Ⅲ
2022-05-03T08:00:00+08:00,1651536000,20.4,8.46,5.65,524.7,32.2,3.73,0.616,0.16,4.44,,,Ⅲ
2022-05-03T12:00:00+08:00,1651550400,21.4,8.51,6.28,511.7,23.3,3.64,0.579,0.153,4.19,,,Ⅲ
2022-05-05T04:00:00+08:00,1651694400,21.1,8.5,5.72,509.0,28.3,3.17,0.433,0.144,3.63,,,Ⅲ
2022-05-05T08:00:00+08:00,1651708800,21.2,8.51,5.88,509.1,27.2,3.18,0.422,0.144,3.43,,,Ⅲ
2022-05-05T12:00:00+08:00,1651723200,22.1,8.67,7.13,498.7,16.1,3.2,0.356,0.116,3.25,,,Ⅲ
2022-05-05T20:00:00+08:00,1651752000,22.4,8.79,7.56,502.3,27.5,3.38,0.3,0.12,3.26,,,Ⅲ
2022-05-06T00:00:00+08:00,1651766400,22.0,8.68,6.55,503.9,31.4,3.26,0.32,0.13,3.34,,,Ⅲ
2022-05-06T04:00:00+08:00,1651780800,21.7,8.67,6.38,504.1,35.1,3.23,0.322,0.121,3.25,,,Ⅲ
2022-05-06T08:00:00+08:00,1651795200,21.9,8.67,6.39,504.0,23.9,2.99,0.309,0.113,3.14,,,Ⅲ
2022-05-06T12:00:00+08:00,1651809600,22.9,8.96,8.31,495.7,35.7,3.5,0.236,0.113,3.04,,,Ⅲ
2022-05-06T16:00:00+08:00,1651824000,23.5,8.87,7.73,496.1,28.2,3.4,0.253,0.107,3.1,,,Ⅲ
2022-05-06T20:00:00+08:00,1651838400,23.4,9.03,8.52,496.9,21.4,3.23,0.235,0.1,3.04,,,劣Ⅴ
2022-05-07T00:00:00+08:00,1651852800,23.2,8.91,7.82,503.4,27.9,3.27,0.278,0.115,3.18,,,Ⅲ
2022-05-07T04:00:00+08:00,1651867200,23.0,8.76,6.78,507.3,25.6,3.18,0.331,0.109,3.18,,,Ⅲ
2022-05-07T08:00:00+08:00,1651881600,23.0,8.67,6.11,510.1,26.5,3.0,0.373,0.11,3.3,,,Ⅲ
2022-05-07T12:00:00+08:00,1651896000,23.9,8.91,8.01,495.6,23.7,3.34,0.249,0.101,2.88,,,Ⅲ
2022-05-07T16:00:00+08:00,1651910400,23.7,8.86,7.58,495.9,26.6,3.31,0.258,0.108,3.07,,,Ⅲ
2022-05-07T20:00:00+08:00,1651924800,23.4,8.77,6.9,499.2,28.4,3.32,0.293,0.116,3.21,,,Ⅲ
2022-05-08T00:00:00+08:00,1651939200,23.2,8.69,6.3,502.2,28.9,3.13,0.346,0.116,3.27,,,Ⅲ
2022-05-08T04:00:00+08:00,1651953600,22.9,8.65,5.87,503.5,35.1,3.24,0.367,0.123,3.21,,,Ⅲ
2022-05-08T08:00:00+08:00,1651968000,22.9,8.63,5.77,503.7,28.6,3.07,0.369,0.118,3.27,,,Ⅲ
2022-05-08T12:00:00+08:00,1651982400,23.9,8.24,7.94,489.1,26.2,3.32,0.24,0.105,2.78,,,Ⅲ
2022-05-08T16:00:00+08:00,1651996800,24.4,8.13,7.45,490.8,21.3,3.18,0.282,0.096,2.72,,,Ⅱ
2022-05-08T20:00:00+08:00,1652011200,24.0,8.19,7.15,494.1,28.1,3.28,0.346,0.098,3.0,,,Ⅱ
2022-05-09T00:00:00+08:00,1652025600,23.5,8.06,6.31,500.9,35.0,3.23,0.445,0.109,3.07,,,Ⅲ
2022-05-09T04:00:00+08:00,1652040000,23.1,8.04,6.18,503.8,32.6,3.23,0.471,0.106,3.17,,,Ⅲ
2022-05-09T08:00:00+08:00,1652054400,23.0,8.02,6.05,508.2,31.1,2.98,0.49,0.106,3.14,,,Ⅲ
2022-05-09T12:00:00+08:00,1652068800,23.7,8.2,7.44,500.7,23.9,3.32,0.39,0.102,2.94,,,Ⅲ
2022-05-09T16:00:00+08:00,1652083200,23.9,8.22,7.2,494.5,31.4,3.35,0.365,0.106,2.86,,,Ⅲ
2022-05-09T20:00:00+08:00,1652097600,23.6,8.13,6.67,499.9,31.7,3.28,0.423,0.1,3.02,,,Ⅱ
2022-05-10T00:00:00+08:00,1652112000,23.1,7.99,5.8,502.8,36.8,3.25,0.509,0.11,3.02,,,Ⅲ
2022-05-10T04:00:00+08:00,1652126400,22.8,7.94,5.24,503.0,37.4,3.22,0.51,0.11,3.03,,,Ⅲ
2022-05-10T08:00:00+08:00,1652140800,22.5,7.93,5.17,502.3,32.9,2.86,0.515,0.108,3.08,,,Ⅲ
2022-05-10T12:00:00+08:00,1652155200,22.5,7.93,5.28,503.1,31.7,2.97,0.513,0.106,3.0,,,Ⅲ
2022-05-11T04:00:00+08:00,1652212800,22.3,7.9,4.85,512.7,42.0,2.92,0.587,0.112,3.21,,,Ⅳ
2022-05-11T08:00:00+08:00,1652227200,22.4,7.87,4.57,514.9,31.5,3.01,0.597,0.113,3.07,,,Ⅳ
2022-05-11T12:00:00+08:00,1652241600,22.5,7.86,4.54,514.7,32.5,2.74,0.597,0.11,3.04,,,Ⅳ
2022-05-11T16:00:00+08:00,1652256000,22.6,7.86,5.06,504.3,22.9,3.06,0.396,0.107,2.86,,,Ⅲ
2022-05-11T20:00:00+08:00,1652270400,22.4,7.84,4.58,509.3,36.5,2.92,0.547,0.114,3.12,,,Ⅳ
2022-05-12T00:00:00+08:00,1652284800,22.3,7.85,4.29,508.6,38.5,2.85,0.511,0.116,2.97,,,Ⅳ
2022-05-12T04:00:00+08:00,1652299200,22.1,7.82,4.11,507.7,38.2,2.93,0.548,0.115,3.0,,,Ⅳ
2022-05-12T08:00:00+08:00,1652313600,22.1,7.81,3.84,508.2,34.7,2.78,0.571,0.124,3.06,,,Ⅳ
2022-05-12T12:00:00+08:00,1652328000,22.3,7.82,4.0,507.9,31.4,2.78,0.55,0.118,3.12,,,Ⅳ
2022-05-16T04:00:00+08:00,1652644800,21.3,7.86,4.58,507.8,22.4,2.75,0.511,0.118,3.03,,,Ⅳ
2022-05-16T12:00:00+08:00,1652673600,22.5,8.1,5.66,501.4,23.8,2.65,0.524,0.121,2.94,,,Ⅲ
2022-05-16T20:00:00+08:00,1652702400,22.4,7.99,5.64,500.6,19.9,2.8,0.423,0.112,2.68,,,Ⅲ
2022-05-17T04:00:00+08:00,1652731200,22.0,8.01,5.01,492.8,23.5,2.4,0.535,0.124,2.92,,,Ⅲ
2022-05-17T08:00:00+08:00,1652745600,22.1,8.06,5.42,491.0,26.4,2.5,0.438,0.127,2.81,,,Ⅲ
2022-05-17T12:00:00+08:00,1652760000,22.6,8.02,5.41,492.8,19.7,2.43,0.436,0.117,2.73,,,Ⅲ
2022-05-17T16:00:00+08:00,1652774400,23.5,8.41,7.87,494.3,25.7,3.04,0.349,0.118,2.6,,,Ⅲ
2022-05-17T20:00:00+08:00,1652788800,22.7,7.99,5.33,497.0,19.3,2.55,0.497,0.132,2.79,,,Ⅲ
2022-05-18T00:00:00+08:00,1652803200,22.8,8.13,6.08,493.6,25.6,2.49,0.464,0.134,2.84,,,Ⅲ
2022-05-18T04:00:00+08:00,1652817600,22.6,8.03,5.36,492.0,26.8,2.43,0.448,0.13,2.78,,,Ⅲ
2022-05-18T08:00:00+08:00,1652832000,22.6,8.11,5.77,491.7,26.1,2.6,0.41,0.132,2.8,,,Ⅲ
2022-05-18T12:00:00+08:00,1652846400,23.5,8.11,6.35,492.4,15.1,2.48,0.388,0.121,2.6,,,Ⅲ
2022-05-18T16:00:00+08:00,1652860800,23.5,8.21,6.71,492.9,25.6,2.44,0.396,0.116,2.71,,,Ⅲ
2022-05-18T20:00:00+08:00,1652875200,23.2,8.16,6.41,489.6,30.2,2.53,0.381,0.116,2.66,,,Ⅲ
2022-05-19T00:00:00+08:00,1652889600,22.8,8.07,6.03,489.7,27.1,2.41,0.385,0.114,2.73,,,Ⅲ
2022-05-19T04:00:00+08:00,1652904000,22.4,8.01,5.64,490.3,25.3,2.46,0.383,0.112,2.8,,,Ⅲ
2022-05-19T08:00:00+08:00,1652918400,22.2,7.96,5.47,490.4,21.0,2.27,0.351,0.111,2.75,,,Ⅲ
2022-05-19T12:00:00+08:00,1652932800,22.4,8.1,6.29,490.0,23.6,2.57,0.328,0.114,2.72,,,Ⅲ
2022-05-19T16:00:00+08:00,1652947200,22.5,8.08,6.19,490.0,33.1,2.48,0.353,0.112,2.71,,,Ⅲ
2022-05-19T20:00:00+08:00,1652961600,22.3,7.98,5.5,491.8,28.8,2.47,0.367,0.114,2.83,,,Ⅲ
2022-05-20T00:00:00+08:00,1652976000,22.2,8.0,5.75,489.3,31.4,2.38,0.371,0.112,2.74,,,Ⅲ
2022-05-20T04:00:00+08:00,1652990400,22.0,7.95,5.42,489.0,28.6,2.32,0.366,0.112,2.75,,,Ⅲ
2022-05-20T08:00:00+08:00,1653004800,22.1,7.94,5.46,489.1,28.0,2.46,0.321,0.116,2.81,,,Ⅲ
2022-05-20T12:00:00+08:00,1653019200,22.2,7.91,5.16,489.4,30.3,2.53,,0.116,2.73,,,
2022-05-20T16:00:00+08:00,1653033600,23.1,8.36,7.78,486.7,23.8,2.56,,0.108,2.8,,,
2022-05-20T20:00:00+08:00,1653048000,22.8,8.19,7.15,489.4,26.6,2.6,,0.109,2.78,,,
2022-05-21T00:00:00+08:00,1653062400,22.6,8.09,6.38,484.5,33.1,2.36,,0.11,2.69,,,
2022-05-21T04:00:00+08:00,1653076800,22.3,7.95,5.54,483.9,35.1,2.45,,0.112,2.72,,,
2022-05-21T08:00:00+08:00,1653091200,22.3,7.91,5.23,483.4,34.0,2.32,0.232,0.115,2.65,,,Ⅲ
2022-05-21T12:00:00+08:00,1653105600,23.5,8.09,6.43,481.8,30.0,2.57,0.235,0.11,2.54,,,Ⅲ
2022-05-21T16:00:00+08:00,1653120000,23.7,8.12,6.27,482.9,24.3,2.51,0.231,0.106,2.52,,,Ⅲ
2022-05-21T20:00:00+08:00,1653134400,24.1,8.29,7.1,484.4,28.9,2.73,0.186,0.108,2.54,,,Ⅲ
2022-05-22T00:00:00+08:00,1653148800,23.8,8.06,5.75,485.8,26.1,2.53,0.185,0.108,2.66,,,Ⅲ
2022-05-22T04:00:00+08:00,1653163200,23.3,7.96,5.07,488.6,29.7,2.31,0.201,0.113,2.73,,,Ⅲ
2022-05-22T08:00:00+08:00,1653177600,23.3,8.06,5.56,489.8,36.5,2.31,0.178,0.117,2.64,,,Ⅲ
2022-05-22T12:00:00+08:00,1653192000,24.0,8.1,5.73,486.5,18.6,2.16,0.188,0.109,2.48,,,Ⅲ
2022-05-22T16:00:00+08:00,1653206400,24.5,8.14,6.13,492.4,26.3,2.23,0.171,0.104,2.59,,,Ⅲ
2022-05-22T20:00:00+08:00,1653220800,24.4,8.19,6.17,490.2,31.5,2.36,0.139,0.109,2.47,,,Ⅲ
2022-05-23T00:00:00+08:00,1653235200,24.0,8.07,5.51,490.8,31.9,2.36,0.149,0.113,2.62,,,Ⅲ
2022-05-23T08:00:00+08:00,1653264000,23.5,8.01,5.43,489.9,25.7,2.3,0.175,0.114,2.67,,,Ⅲ
2022-05-23T12:00:00+08:00,1653278400,23.7,8.11,6.06,491.8,31.8,2.34,0.174,0.115,2.65,,,Ⅲ
2022-05-24T04:00:00+08:00,1653336000,23.3,8.02,5.28,480.0,31.3,2.19,0.198,0.124,2.62,,,Ⅲ
2022-05-24T16:00:00+08:00,1653379200,24.1,8.17,6.4,464.1,39.6,2.41,0.162,0.144,2.52,,,Ⅲ
2022-05-24T20:00:00+08:00,1653393600,23.8,8.1,5.87,457.5,31.5,2.01,0.177,0.126,2.48,,,Ⅲ
2022-05-25T00:00:00+08:00,1653408000,23.6,8.03,5.5,455.9,30.0,2.05,0.175,0.124,2.51,,,Ⅲ
2022-05-25T04:00:00+08:00,1653422400,23.5,8.0,5.36,452.2,43.9,2.12,0.156,0.13,2.52,,,Ⅲ
2022-05-25T08:00:00+08:00,1653436800,23.7,7.97,5.25,446.7,27.3,2.01,0.163,0.117,2.39,,,Ⅲ
2022-05-25T12:00:00+08:00,1653451200,24.6,8.1,6.18,445.8,43.7,2.25,0.156,0.122,2.54,,,Ⅲ
2022-05-25T16:00:00+08:00,1653465600,25.3,8.12,5.95,447.0,35.0,2.2,0.169,0.115,2.45,,,Ⅲ
2022-05-25T20:00:00+08:00,1653480000,25.5,8.22,6.38,441.2,38.3,2.11,0.149,0.111,2.35,,,Ⅲ
2022-05-26T00:00:00+08:00,1653494400,25.0,8.13,5.74,434.5,41.2,2.13,0.162,0.113,2.39,,,Ⅲ
2022-05-26T04:00:00+08:00,1653508800,24.6,7.96,4.56,435.9,43.3,2.09,0.26,0.126,2.58,,,Ⅳ
2022-05-26T08:00:00+08:00,1653523200,24.4,7.97,4.83,434.0,29.8,2.04,0.218,0.127,2.59,,,Ⅳ
2022-05-26T12:00:00+08:00,1653537600,24.6,8.09,5.45,434.5,38.2,1.98,0.184,0.117,2.44,,,Ⅲ
2022-05-26T16:00:00+08:00,1653552000,24.9,8.11,5.44,437.5,38.4,2.0,0.178,0.119,2.4,,,Ⅲ
2022-05-26T20:00:00+08:00,1653566400,24.7,8.08,5.4,437.3,32.0,2.0,0.216,0.115,2.54,,,Ⅲ
2022-05-27T00:00:00+08:00,1653580800,24.5,8.11,5.3,439.1,33.7,1.89,0.172,0.112,2.54,,,Ⅲ
2022-05-27T04:00:00+08:00,1653595200,24.3,8.08,5.22,438.9,39.4,1.87,0.159,0.117,2.46,,,Ⅲ
2022-05-27T12:00:00+08:00,1653624000,25.4,8.18,5.64,438.2,37.2,1.92,0.166,0.115,2.37,,,Ⅲ
2022-05-27T16:00:00+08:00,1653638400,25.2,8.15,5.11,441.6,47.4,2.16,0.189,0.13,2.41,,,Ⅲ
2022-05-27T20:00:00+08:00,1653652800,25.2,8.25,5.25,441.6,36.9,2.01,0.184,0.115,2.36,,,Ⅲ
2022-05-28T00:00:00+08:00,1653667200,25.2,8.23,4.98,442.5,32.0,1.86,0.154,0.111,2.36,,,Ⅳ
2022-05-28T04:00:00+08:00,1653681600,24.8,8.21,4.86,443.8,54.9,2.13,0.139,0.121,2.36,,,Ⅳ
2022-05-28T08:00:00+08:00,1653696000,24.6,8.12,4.52,445.5,36.8,1.76,0.189,0.122,2.34,,,Ⅳ
2022-05-28T12:00:00+08:00,1653710400,24.9,8.16,4.78,445.1,33.2,1.89,0.18,0.116,2.35,,,Ⅳ
2022-05-28T16:00:00+08:00,1653724800,25.0,8.13,4.91,444.1,34.9,1.86,0.203,0.117,2.37,,,Ⅳ
2022-05-28T20:00:00+08:00,1653739200,24.8,8.23,4.77,441.5,43.6,1.86,0.149,0.125,2.36,,,Ⅳ
2022-05-29T00:00:00+08:00,1653753600,24.5,8.19,4.6,442.1,39.1,1.87,0.162,0.12,2.28,,,Ⅳ
2022-05-29T04:00:00+08:00,1653768000,24.5,8.21,4.68,441.2,41.4,1.9,0.15,0.119,2.18,,,Ⅳ
2022-05-29T08:00:00+08:00,1653782400,24.5,8.24,4.71,439.8,36.0,1.84,0.127,0.116,2.2,,,Ⅳ
2022-05-29T12:00:00+08:00,1653796800,24.6,8.15,4.25,441.6,45.9,1.89,0.177,0.124,2.23,,,Ⅳ
2022-05-29T16:00:00+08:00,1653811200,25.3,8.26,5.07,438.9,35.5,1.79,0.14,0.115,2.18,,,Ⅲ
2022-05-29T20:00:00+08:00,1653825600,24.9,8.11,4.57,442.8,35.4,1.88,0.196,0.119,2.24,,,Ⅳ
2022-05-30T00:00:00+08:00,1653840000,24.7,8.05,4.02,439.2,37.7,1.95,0.188,0.121,2.23,,,Ⅳ
2022-05-30T04:00:00+08:00,1653854400,24.7,8.06,4.2,437.2,46.8,1.81,0.156,0.121,2.22,,,Ⅳ
2022-05-30T08:00:00+08:00,1653868800,25.0,8.14,4.55,437.0,37.8,1.68,0.148,0.116,2.26,,,Ⅳ
2022-05-30T12:00:00+08:00,1653883200,25.6,8.12,4.64,439.5,54.4,1.98,0.151,0.129,2.29,,,Ⅳ
2022-05-30T16:00:00+08:00,1653897600,25.7,8.2,4.92,441.4,39.3,2.04,0.166,0.12,2.21,,,Ⅳ
2022-05-30T20:00:00+08:00,1653912000,25.4,8.06,4.82,444.4,34.1,2.06,0.171,0.119,2.18,,,Ⅳ
2022-05-31T04:00:00+08:00,1653940800,24.3,8.04,4.13,443.3,40.5,2.05,0.21,0.144,2.23,,,Ⅳ
2022-05-31T08:00:00+08:00,1653955200,24.2,8.04,4.49,444.8,31.8,1.88,0.198,0.135,2.25,,,Ⅳ
2022-05-31T12:00:00+08:00,1653969600,25.2,8.03,4.93,448.7,40.4,1.97,0.164,0.127,2.12,,,Ⅳ
2022-05-31T16:00:00+08:00,1653984000,25.1,8.06,4.97,445.3,43.5,2.04,0.16,0.13,2.24,,,Ⅳ
2022-05-31T20:00:00+08:00,1653998400,24.9,8.07,5.04,444.2,34.9,1.97,0.163,0.123,2.14,,,Ⅲ
2022-06-01T04:00:00+08:00,1654027200,24.8,8.01,4.68,444.1,31.5,1.74,0.204,0.126,2.18,,,Ⅳ
2022-06-01T08:00:00+08:00,1654041600,24.9,7.99,4.6,442.8,24.5,1.65,0.173,0.123,2.11,,,Ⅳ
2022-06-01T12:00:00+08:00,1654056000,25.6,8.1,5.24,442.4,33.1,1.69,0.126,0.12,2.1,,,Ⅲ
2022-06-01T16:00:00+08:00,1654070400,25.6,8.23,6.07,447.5,37.8,2.69,0.121,0.122,2.08,,,Ⅲ
2022-06-01T20:00:00+08:00,1654084800,25.1,7.9,5.31,455.8,27.4,2.08,0.12,0.126,2.52,,,Ⅲ
2022-06-02T04:00:00+08:00,1654113600,25.0,7.81,4.67,451.4,31.6,2.26,0.158,0.128,2.49,,,Ⅳ
2022-06-02T08:00:00+08:00,1654128000,25.1,7.81,4.74,456.2,24.5,2.02,0.14,0.123,2.49,,,Ⅳ
2022-06-02T12:00:00+08:00,1654142400,26.0,7.87,5.16,455.5,36.7,2.14,0.109,0.12,2.4,,,Ⅲ
2022-06-02T16:00:00+08:00,1654156800,26.2,7.87,5.15,461.3,38.9,2.15,0.109,0.127,2.41,,,Ⅲ
2022-06-02T20:00:00+08:00,1654171200,26.2,7.79,4.92,465.4,23.8,1.98,0.128,0.117,2.41,,,Ⅳ
2022-06-03T04:00:00+08:00,1654200000,25.8,7.83,4.89,467.3,21.6,2.0,0.135,0.115,2.37,,,Ⅳ
2022-06-03T08:00:00+08:00,1654214400,25.7,7.83,5.04,468.9,20.0,2.02,0.135,0.118,2.44,,,Ⅲ
2022-06-03T12:00:00+08:00,1654228800,25.8,7.89,5.45,463.2,27.0,2.21,0.112,0.116,2.32,,,Ⅲ
2022-06-03T16:00:00+08:00,1654243200,26.2,7.94,5.75,461.4,28.4,2.24,0.094,0.113,2.24,,,Ⅲ
2022-06-03T20:00:00+08:00,1654257600,26.1,7.91,5.5,468.5,33.9,2.26,0.111,0.115,2.37,,,Ⅲ
2022-06-04T04:00:00+08:00,1654286400,25.9,7.88,5.18,472.4,29.5,2.09,0.117,0.118,2.37,,,Ⅲ
2022-06-04T08:00:00+08:00,1654300800,26.0,7.9,5.3,473.7,20.0,1.95,0.108,0.112,2.41,,,Ⅲ
2022-06-04T12:00:00+08:00,1654315200,26.2,7.92,5.42,473.2,24.6,2.04,0.091,0.113,2.4,,,Ⅲ
2022-06-04T16:00:00+08:00,1654329600,26.8,7.95,5.76,463.5,22.4,2.06,0.083,0.104,2.12,,,Ⅲ
2022-06-04T20:00:00+08:00,1654344000,26.5,7.81,5.08,461.5,26.3,2.28,0.083,0.111,2.23,,,Ⅲ
2022-06-05T04:00:00+08:00,1654372800,26.2,7.91,5.66,440.3,24.3,1.98,0.079,0.112,2.48,,,Ⅲ
2022-06-05T08:00:00+08:00,1654387200,26.0,7.8,4.99,442.6,25.8,2.09,0.161,0.126,2.75,,,Ⅳ
2022-06-05T12:00:00+08:00,1654401600,26.0,7.89,5.06,426.9,34.4,2.53,0.316,0.148,2.97,,,Ⅲ
2022-06-05T16:00:00+08:00,1654416000,26.0,7.81,4.87,416.6,28.8,2.64,0.266,0.156,3.44,,,Ⅳ
2022-06-05T20:00:00+08:00,1654430400,25.9,7.72,4.27,411.2,29.5,2.7,0.223,0.157,3.53,,,Ⅳ
2022-06-06T04:00:00+08:00,1654459200,25.4,7.63,3.81,398.2,26.6,2.98,0.296,0.18,3.9,,,Ⅳ
2022-06-06T08:00:00+08:00,1654473600,25.6,7.66,4.25,409.1,20.2,2.72,0.224,0.18,3.69,,,Ⅳ
2022-06-06T12:00:00+08:00,1654488000,26.0,7.61,3.46,405.8,18.6,2.74,0.252,0.196,3.74,,,Ⅳ
2022-06-06T16:00:00+08:00,1654502400,26.9,7.72,4.82,411.6,21.8,,0.222,0.173,3.5,,,
2022-06-06T20:00:00+08:00,1654516800,26.5,7.62,3.57,397.9,21.4,,0.312,0.175,3.73,,,
2022-06-07T00:00:00+08:00,1654531200,26.6,7.52,2.33,371.1,19.1,,0.383,0.147,3.4,,,
2022-06-07T04:00:00+08:00,1654545600,26.2,7.51,2.43,380.4,18.3,,0.402,0.145,3.48,,,
2022-06-07T08:00:00+08:00,1654560000,25.9,7.5,2.65,380.2,16.7,,0.374,0.145,3.49,,,
2022-06-07T16:00:00+08:00,1654588800,27.5,7.8,4.79,383.4,20.8,3.08,0.331,0.144,3.14,,,Ⅳ
2022-06-07T20:00:00+08:00,1654603200,27.6,7.94,5.89,392.7,51.7,3.19,0.224,0.154,3.07,,,Ⅲ
2022-06-08T00:00:00+08:00,1654617600,26.8,7.75,4.59,395.1,24.4,2.98,0.251,0.146,3.07,,,Ⅳ
2022-06-08T08:00:00+08:00,1654646400,26.0,7.7,3.56,391.3,20.8,2.79,0.304,0.141,3.12,,,Ⅳ
2022-06-08T12:00:00+08:00,1654660800,27.0,7.79,5.15,399.5,19.0,2.77,0.186,0.134,2.97,,,Ⅲ
2022-06-08T20:00:00+08:00,1654689600,27.2,7.81,4.64,427.5,25.5,2.71,0.195,0.132,2.87,,,Ⅳ
2022-06-09T00:00:00+08:00,1654704000,26.8,7.79,4.41,434.4,27.5,2.76,0.22,0.136,2.91,,,Ⅳ
2022-06-09T04:00:00+08:00,1654718400,26.4,7.75,3.96,435.6,24.3,2.7,0.215,0.134,2.9,,,Ⅳ
2022-06-09T08:00:00+08:00,1654732800,26.5,7.72,3.65,443.2,22.9,2.64,0.231,0.136,2.94,,,Ⅳ
2022-06-09T12:00:00+08:00,1654747200,27.3,7.84,5.08,422.6,24.0,2.63,0.159,0.13,2.71,,,Ⅲ
2022-06-09T16:00:00+08:00,1654761600,27.5,7.9,5.37,431.2,33.5,2.71,0.14,0.129,2.67,,,Ⅲ
2022-06-09T20:00:00+08:00,1654776000,27.4,7.89,5.14,446.0,29.9,2.59,0.131,0.123,2.57,,,Ⅲ
2022-06-10T04:00:00+08:00,1654804800,26.8,7.81,4.4,451.6,38.3,2.75,0.151,0.135,2.66,,,Ⅳ
2022-06-10T08:00:00+08:00,1654819200,26.6,7.82,4.4,454.8,84.6,3.0,0.132,0.158,2.76,,,Ⅳ
2022-06-10T12:00:00+08:00,1654833600,27.1,7.83,4.62,452.0,25.6,2.68,0.139,0.127,2.63,,,Ⅳ
2022-06-10T16:00:00+08:00,1654848000,27.2,7.92,5.26,433.2,35.1,2.71,0.111,0.124,2.55,,,Ⅲ
2022-06-10T20:00:00+08:00,1654862400,27.1,7.83,4.41,448.9,32.8,2.63,0.111,0.126,2.6,,,Ⅳ
2022-06-11T04:00:00+08:00,1654891200,26.7,7.84,4.38,454.9,30.1,2.44,0.109,0.119,2.48,,,Ⅳ
2022-06-11T08:00:00+08:00,1654905600,27.0,7.8,3.97,458.5,33.8,2.31,0.096,0.124,2.45,,,Ⅳ
2022-06-11T12:00:00+08:00,1654920000,27.6,7.91,5.0,447.1,30.0,2.61,0.104,0.122,2.42,,,Ⅳ
2022-06-11T16:00:00+08:00,1654934400,27.4,7.84,4.62,440.3,29.2,2.69,0.115,0.12,2.4,,,Ⅳ
2022-06-11T20:00:00+08:00,1654948800,27.3,7.87,4.42,455.1,34.2,2.59,0.094,0.122,2.43,,,Ⅳ
2022-06-12T04:00:00+08:00,1654977600,26.7,7.86,4.31,459.3,32.9,2.29,0.096,0.124,2.35,,,Ⅳ
2022-06-12T08:00:00+08:00,1654992000,26.6,7.87,4.48,458.8,30.8,2.32,0.096,0.121,2.49,,,Ⅳ
2022-06-12T12:00:00+08:00,1655006400,26.6,7.85,4.3,457.9,24.4,2.46,0.118,0.12,2.37,,,Ⅳ
2022-06-12T16:00:00+08:00,1655020800,26.4,7.82,4.0,456.3,47.8,2.68,0.132,0.132,2.53,,,Ⅳ
2022-06-12T20:00:00+08:00,1655035200,26.3,7.81,3.72,465.0,41.7,2.68,0.115,0.128,2.52,,,Ⅳ
2022-06-13T04:00:00+08:00,1655064000,25.9,7.82,4.08,467.6,31.6,2.38,0.105,0.118,2.41,,,Ⅳ
2022-06-13T08:00:00+08:00,1655078400,25.9,7.83,4.15,475.2,33.8,2.48,0.087,0.122,2.45,,,Ⅳ
2022-06-13T12:00:00+08:00,1655092800,26.1,7.8,3.98,474.6,31.8,2.39,0.092,0.121,2.35,,,Ⅳ
2022-06-13T16:00:00+08:00,1655107200,26.3,7.82,4.2,470.5,41.6,2.42,0.103,0.128,2.46,,,Ⅳ
2022-06-13T20:00:00+08:00,1655121600,26.0,7.8,4.36,460.0,39.8,2.62,0.112,0.127,2.48,,,Ⅳ
2022-06-14T04:00:00+08:00,1655150400,25.7,7.78,3.72,470.5,32.7,2.3,0.12,0.126,2.44,,,Ⅳ
2022-06-14T08:00:00+08:00,1655164800,25.9,7.77,3.6,470.3,45.4,2.5,0.115,0.132,2.42,,,Ⅳ
2022-06-14T16:00:00+08:00,1655193600,27.9,7.89,5.45,460.7,37.4,2.52,0.083,0.13,2.42,,,Ⅲ
2022-06-14T20:00:00+08:00,1655208000,27.6,7.85,4.81,460.5,40.6,2.61,0.096,0.13,2.53,,,Ⅳ
2022-06-15T04:00:00+08:00,1655236800,26.6,7.71,3.82,459.8,26.5,2.49,0.119,0.129,2.49,,,Ⅳ
2022-06-15T08:00:00+08:00,1655251200,26.6,7.76,4.06,461.1,25.2,2.34,0.108,0.123,2.53,,,Ⅳ
2022-06-15T12:00:00+08:00,1655265600,27.2,7.74,3.84,461.8,16.0,2.42,0.126,0.122,2.45,,,Ⅳ
2022-06-15T16:00:00+08:00,1655280000,28.0,7.94,5.63,457.7,25.4,2.66,0.078,0.119,2.19,,,Ⅲ
2022-06-15T20:00:00+08:00,1655294400,27.7,7.85,5.16,459.0,24.4,2.53,0.092,0.114,2.29,,,Ⅲ
2022-06-16T00:00:00+08:00,1655308800,27.7,7.97,5.23,463.0,27.6,2.48,0.07,0.117,2.59,,,Ⅲ
2022-06-16T08:00:00+08:00,1655337600,27.4,7.88,4.37,467.2,34.6,2.49,0.084,0.14,2.53,,,Ⅳ
2022-06-16T12:00:00+08:00,1655352000,28.3,7.96,5.23,463.1,38.7,2.57,0.067,0.128,2.39,,,Ⅲ
2022-06-16T16:00:00+08:00,1655366400,28.4,7.91,4.72,465.8,33.0,2.46,0.093,0.128,2.41,,,Ⅳ
2022-06-16T20:00:00+08:00,1655380800,28.6,7.96,5.23,470.0,30.6,2.59,0.092,0.121,2.51,,,Ⅲ
2022-06-17T00:00:00+08:00,1655395200,28.4,7.89,4.58,472.0,32.3,2.47,0.119,0.12,2.48,,,Ⅳ
2022-06-17T04:00:00+08:00,1655409600,28.2,7.86,4.25,472.1,35.6,2.54,0.141,0.121,2.5,,,Ⅳ
2022-06-17T08:00:00+08:00,1655424000,28.2,7.86,4.27,470.8,34.3,2.47,0.122,0.121,2.4,,,Ⅳ
2022-06-18T09:09:00+08:00,1655514540,,,,,,,,,,,,
2022-06-18T13:09:00+08:00,1655528940,,,,,,,,,,,,
2022-06-18T17:10:00+08:00,1655543400,,,,,,,,,,,,
2022-06-18T21:10:00+08:00,1655557800,,,,,,,,,,,,
2022-06-19T09:11:00+08:00,1655601060,,,,,,,,,,,,
2022-06-19T13:12:00+08:00,1655615520,,,,,,,,,,,,
2022-06-19T16:00:00+08:00,1655625600,30.1,8.42,6.33,17.7,258.6,2.03,0.025,0.109,2.44,,,Ⅲ
2022-06-19T17:12:00+08:00,1655629920,,,,,,,,,,,,
2022-06-20T00:00:00+08:00,1655654400,26.6,7.99,7.85,,,2.02,0.025,0.108,2.4,,,Ⅲ
2022-06-20T04:00:00+08:00,1655668800,25.9,7.84,7.99,,,1.99,0.025,0.106,2.38,,,Ⅲ
2022-06-20T08:00:00+08:00,1655683200,25.8,7.66,8.04,,,1.9,0.025,0.113,2.4,,,Ⅲ
2022-06-20T12:00:00+08:00,1655697600,30.0,8.01,5.81,470.1,22.0,2.45,0.161,0.137,2.44,,,Ⅲ
2022-06-20T16:00:00+08:00,1655712000,30.3,7.91,5.58,472.9,27.3,2.56,0.143,0.152,2.47,,,Ⅲ
2022-06-20T20:00:00+08:00,1655726400,30.3,8.01,5.96,485.5,26.6,2.72,0.12,0.137,2.52,,,Ⅲ
2022-06-21T00:00:00+08:00,1655740800,29.6,7.9,4.83,491.7,28.6,2.71,0.179,0.13,2.67,,,Ⅳ
2022-06-21T04:00:00+08:00,1655755200,29.3,7.88,4.47,494.5,27.7,2.66,0.184,0.13,2.59,,,Ⅳ
2022-06-21T08:00:00+08:00,1655769600,29.3,7.89,4.59,492.3,19.8,2.5,0.143,0.12,2.57,,,Ⅳ
2022-06-22T04:00:00+08:00,1655841600,29.9,7.96,4.79,487.9,30.8,2.5,0.112,0.121,2.59,,,Ⅳ
2022-06-22T08:00:00+08:00,1655856000,30.0,7.93,4.63,486.6,25.8,2.3,0.109,0.12,2.52,,,Ⅳ
2022-06-22T12:00:00+08:00,1655870400,30.3,7.89,4.24,483.2,32.3,2.47,0.091,0.122,2.43,,,Ⅳ
2022-06-22T16:00:00+08:00,1655884800,31.5,8.13,6.05,482.2,27.5,2.5,0.078,0.119,2.49,,,Ⅲ
2022-06-22T20:00:00+08:00,1655899200,30.6,7.84,3.59,482.7,40.3,2.49,0.112,0.124,2.48,,,Ⅳ
2022-06-23T00:00:00+08:00,1655913600,30.5,7.89,4.08,482.6,36.7,2.32,0.112,0.125,2.47,,,Ⅳ
2022-06-23T04:00:00+08:00,1655928000,30.2,7.86,3.69,479.4,40.8,2.43,0.107,0.13,2.48,,,Ⅳ
2022-06-23T08:00:00+08:00,1655942400,30.0,7.86,3.72,479.6,33.7,2.26,0.098,0.124,2.48,,,Ⅳ
2022-06-23T16:00:00+08:00,1655971200,31.2,8.1,5.6,476.1,24.9,2.32,0.078,0.117,2.43,,,Ⅲ
2022-07-04T12:00:00+08:00,1656907200,30.7,7.61,3.95,408.8,29.0,3.09,0.104,0.145,2.28,,,Ⅳ
2022-07-11T04:00:00+08:00,1657483200,32.7,7.64,3.62,416.2,46.4,2.97,0.084,0.138,2.15,,,Ⅳ
2022-07-11T08:00:00+08:00,1657497600,32.3,7.55,3.73,415.5,21.3,2.66,0.093,0.126,2.08,,,Ⅳ
2022-07-11T12:00:00+08:00,1657512000,33.5,7.95,6.18,413.9,20.2,2.8,0.032,0.116,1.97,,,Ⅲ
2022-07-13T04:00:00+08:00,1657656000,33.6,7.66,4.19,433.0,30.4,3.16,0.093,0.132,2.09,,,Ⅳ
2022-07-13T08:00:00+08:00,1657670400,33.5,7.61,3.83,431.3,20.5,2.87,0.09,0.129,2.06,,,Ⅳ
2022-07-13T12:00:00+08:00,1657684800,34.0,7.63,4.2,430.4,20.8,2.72,0.036,0.121,2.07,,,Ⅳ
2022-07-18T08:00:00+08:00,1658102400,31.8,7.53,3.03,409.3,29.4,2.91,0.311,0.147,2.47,,,Ⅳ
2022-07-18T12:00:00+08:00,1658116800,31.8,7.57,3.38,409.2,25.6,2.87,0.246,0.142,2.31,,,Ⅳ
2022-07-19T16:00:00+08:00,1658217600,32.3,7.55,3.52,398.0,25.4,2.87,0.281,0.141,2.22,,,Ⅳ
2022-07-20T08:00:00+08:00,1658275200,31.6,7.53,3.25,411.1,24.7,2.98,0.217,0.139,2.15,,,Ⅳ
2022-07-20T12:00:00+08:00,1658289600,32.2,7.56,3.46,413.5,27.7,3.0,0.215,0.136,2.24,,,Ⅳ
2022-07-21T08:00:00+08:00,1658361600,31.5,7.63,4.13,418.9,22.2,3.08,0.184,0.139,2.2,,,Ⅳ
2022-07-21T12:00:00+08:00,1658376000,31.5,7.59,3.65,427.4,20.4,2.98,0.174,0.133,2.08,,,Ⅳ
2022-07-22T04:00:00+08:00,1658433600,31.1,7.52,2.71,428.5,26.3,2.88,0.263,0.132,2.08,,,Ⅴ
2022-07-22T08:00:00+08:00,1658448000,31.2,7.48,2.3,426.5,21.8,,0.254,0.136,2.14,,,
2022-07-22T16:00:00+08:00,1658476800,32.3,7.65,4.96,420.4,25.5,2.97,0.17,0.124,1.96,,,Ⅳ
2022-07-22T20:00:00+08:00,1658491200,32.6,7.86,6.39,419.7,29.8,2.96,0.119,0.119,1.95,,,Ⅲ
2022-07-23T00:00:00+08:00,1658505600,32.4,7.67,4.99,422.5,28.6,3.01,0.166,0.121,1.98,,,Ⅳ
2022-07-23T04:00:00+08:00,1658520000,32.0,7.51,3.55,425.3,25.9,3.02,0.19,0.125,2.02,,,Ⅳ
2022-07-23T08:00:00+08:00,1658534400,31.9,7.48,3.31,426.4,25.7,2.86,0.208,0.124,1.96,,,Ⅳ
2022-07-23T12:00:00+08:00,1658548800,32.8,7.8,6.01,424.8,25.2,3.0,0.129,0.12,1.94,,,Ⅲ
2022-07-23T16:00:00+08:00,1658563200,32.9,7.88,6.36,431.6,29.9,3.05,0.115,0.122,1.9,,,Ⅲ
2022-07-23T20:00:00+08:00,1658577600,32.3,7.63,4.44,441.8,31.3,3.09,0.169,0.127,1.97,,,Ⅳ
2022-07-24T00:00:00+08:00,1658592000,31.8,7.57,3.96,447.6,31.7,3.03,0.184,0.13,2.05,,,Ⅳ
2022-07-24T04:00:00+08:00,1658606400,31.6,7.61,4.38,439.9,35.1,3.12,0.166,0.127,1.98,,,Ⅳ
2022-07-24T08:00:00+08:00,1658620800,31.6,7.7,5.11,436.7,29.6,3.15,0.13,0.124,1.96,,,Ⅲ
2022-07-24T12:00:00+08:00,1658635200,32.4,7.91,6.8,431.3,24.6,3.12,0.077,0.116,1.87,,,Ⅲ
2022-07-24T16:00:00+08:00,1658649600,32.4,7.87,6.18,442.0,31.0,3.17,0.102,0.119,1.87,,,Ⅲ
2022-07-24T20:00:00+08:00,1658664000,32.3,7.82,5.86,442.4,26.9,3.16,0.123,0.117,1.94,,,Ⅲ
2022-07-25T00:00:00+08:00,1658678400,31.7,7.79,5.5,445.7,31.4,3.02,0.089,0.118,1.84,,,Ⅲ
2022-07-25T08:00:00+08:00,1658707200,31.3,7.53,3.78,450.6,26.4,3.08,0.193,0.126,1.99,,,Ⅳ
2022-07-25T12:00:00+08:00,1658721600,32.6,7.67,4.88,447.7,25.2,3.06,0.164,0.124,1.9,,,Ⅳ
2022-07-25T16:00:00+08:00,1658736000,33.1,7.79,5.58,451.2,33.7,3.06,0.114,0.123,1.86,,,Ⅲ
2022-07-25T20:00:00+08:00,1658750400,32.9,7.7,5.48,451.7,26.7,3.14,0.096,0.117,1.82,,,Ⅲ
2022-07-26T00:00:00+08:00,1658764800,32.4,7.59,4.38,455.9,31.7,3.27,0.115,0.141,1.86,,,Ⅳ
2022-07-26T04:00:00+08:00,1658779200,31.9,7.53,3.52,458.1,31.6,3.28,0.152,0.144,1.88,,,Ⅳ
2022-07-26T08:00:00+08:00,1658793600,31.7,7.53,3.62,456.9,31.1,3.1,0.152,0.148,1.94,,,Ⅳ
2022-07-26T12:00:00+08:00,1658808000,32.5,7.69,5.01,454.5,25.1,3.15,0.122,0.134,1.87,,,Ⅲ
2022-07-26T16:00:00+08:00,1658822400,32.0,7.69,4.87,449.5,39.1,3.1,0.116,0.131,1.88,,,Ⅳ
2022-07-26T20:00:00+08:00,1658836800,31.9,7.67,4.75,448.3,33.6,3.03,0.109,0.138,2.27,,,Ⅳ
2022-07-27T00:00:00+08:00,1658851200,31.7,7.61,4.24,449.0,30.0,2.95,0.136,0.141,2.28,,,Ⅳ
2022-07-27T04:00:00+08:00,1658865600,31.4,7.57,3.76,450.0,31.9,3.0,,0.143,2.34,,,
2022-07-27T08:00:00+08:00,1658880000,31.4,7.52,3.22,451.0,29.7,3.02,0.186,0.152,2.41,,,Ⅳ
2022-07-27T12:00:00+08:00,1658894400,32.0,7.5,2.9,450.5,22.8,3.13,0.224,0.153,2.32,,,Ⅴ
2022-07-27T16:00:00+08:00,1658908800,32.7,7.67,4.34,469.4,33.3,3.17,0.126,0.143,2.31,,,Ⅳ
2022-07-27T20:00:00+08:00,1658923200,33.0,7.84,5.53,466.6,26.9,3.26,0.088,0.134,2.21,,,Ⅲ
2022-07-28T00:00:00+08:00,1658937600,32.5,7.73,4.36,476.4,30.6,3.1,0.09,0.13,2.28,,,Ⅳ
2022-07-28T04:00:00+08:00,1658952000,31.9,7.63,3.35,481.5,29.1,3.08,0.108,0.133,2.3,,,Ⅳ
2022-11-01T12:00:00+08:00,1667275200,19.6,7.75,7.16,694.7,39.2,1.85,0.14,0.105,2.57,,,Ⅲ
2022-11-01T16:00:00+08:00,1667289600,20.0,7.82,7.93,675.6,30.7,1.86,0.149,0.1,2.51,,,Ⅱ
2022-11-02T12:00:00+08:00,1667361600,19.8,7.79,7.75,693.6,28.3,1.83,0.156,0.099,2.47,,,Ⅱ
2022-11-02T20:00:00+08:00,1667390400,19.4,7.78,7.7,677.3,27.3,1.94,0.178,0.098,2.49,,,Ⅱ
2022-11-03T00:00:00+08:00,1667404800,19.0,7.71,7.2,680.7,33.1,2.48,0.172,0.101,2.44,,,Ⅲ
2022-11-03T04:00:00+08:00,1667419200,18.9,7.72,7.26,677.6,33.8,1.88,0.17,0.098,2.46,,,Ⅱ
2022-11-03T08:00:00+08:00,1667433600,18.8,7.72,7.26,676.2,39.1,2.4,0.176,0.1,2.49,,,Ⅱ
2022-11-03T12:00:00+08:00,1667448000,19.3,7.77,7.72,679.3,31.5,1.95,0.204,0.098,2.54,,,Ⅱ
2022-11-03T16:00:00+08:00,1667462400,19.4,7.78,7.87,669.7,29.6,2.37,0.172,0.098,2.46,,,Ⅱ
2022-11-03T20:00:00+08:00,1667476800,19.2,7.75,7.57,650.8,34.2,1.84,0.158,0.098,2.43,,,Ⅱ
2022-11-04T00:00:00+08:00,1667491200,18.9,7.76,7.68,648.3,33.2,1.89,0.152,0.096,2.4,,,Ⅱ
2022-11-04T04:00:00+08:00,1667505600,18.7,7.74,7.53,648.0,32.0,1.92,0.153,0.098,2.38,,,Ⅱ
2022-11-04T08:00:00+08:00,1667520000,18.7,7.71,7.3,653.9,31.1,2.16,0.16,0.096,2.42,,,Ⅱ
2022-11-04T12:00:00+08:00,1667534400,18.7,7.7,7.23,658.9,34.0,2.01,0.159,0.098,2.45,,,Ⅱ
2022-11-04T16:00:00+08:00,1667548800,18.9,7.71,7.36,662.5,31.2,1.98,0.169,0.099,2.39,,,Ⅱ
2022-11-04T20:00:00+08:00,1667563200,18.6,7.73,7.43,651.0,29.4,1.8,0.164,0.097,2.38,,,Ⅱ
2022-11-05T00:00:00+08:00,1667577600,18.4,7.7,7.13,654.5,33.1,1.88,0.122,0.099,2.4,,,Ⅱ
2022-11-05T04:00:00+08:00,1667592000,18.2,7.7,7.11,650.2,36.5,1.77,0.159,0.097,2.39,,,Ⅱ
2022-11-05T08:00:00+08:00,1667606400,18.1,7.7,7.08,644.2,32.4,1.77,0.152,0.096,2.36,,,Ⅱ
2022-11-05T12:00:00+08:00,1667620800,19.3,7.87,7.88,647.9,31.8,2.76,0.151,0.096,2.4,,,Ⅱ
2022-11-05T16:00:00+08:00,1667635200,18.7,7.94,8.55,658.5,29.6,1.3,0.146,0.093,2.39,,,Ⅱ
2022-11-05T20:00:00+08:00,1667649600,18.4,7.91,8.2,652.3,28.6,1.74,0.15,0.092,2.39,,,Ⅱ
2022-11-06T00:00:00+08:00,1667664000,18.1,7.89,7.97,648.5,33.3,1.89,0.154,0.097,2.4,,,Ⅱ
2022-11-06T04:00:00+08:00,1667678400,17.8,7.83,7.53,650.5,34.4,1.88,0.164,0.097,2.4,,,Ⅱ
2022-11-06T08:00:00+08:00,1667692800,17.8,7.85,7.67,648.3,34.5,2.24,0.156,0.096,2.4,,,Ⅱ
2022-11-06T12:00:00+08:00,1667707200,18.1,7.89,8.08,648.8,30.2,1.8,0.158,0.095,2.38,,,Ⅱ
2022-11-06T16:00:00+08:00,1667721600,18.3,7.92,8.42,652.2,33.5,1.82,0.153,0.095,2.35,,,Ⅱ
2022-11-06T20:00:00+08:00,1667736000,18.0,7.89,8.04,642.0,36.5,1.95,0.174,0.096,2.37,,,Ⅱ
2022-11-07T00:00:00+08:00,1667750400,17.8,7.87,7.85,638.4,37.1,1.74,0.181,0.1,2.39,,,Ⅱ
2022-11-07T04:00:00+08:00,1667764800,17.7,7.87,7.91,639.7,34.9,1.77,0.179,0.099,2.38,,,Ⅱ
2022-11-07T08:00:00+08:00,1667779200,17.6,7.89,8.08,637.8,34.3,1.74,0.184,0.101,2.37,,,Ⅲ
2022-11-07T12:00:00+08:00,1667793600,18.2,7.93,8.63,642.7,36.0,1.73,0.168,0.098,2.36,,,Ⅱ
2022-11-07T16:00:00+08:00,1667808000,18.5,7.95,8.79,649.4,37.8,1.78,0.153,0.097,2.28,,,Ⅱ
2022-11-07T20:00:00+08:00,1667822400,18.3,7.93,8.53,649.4,31.6,1.74,0.17,0.096,2.3,,,Ⅱ
2022-11-08T00:00:00+08:00,1667836800,18.2,7.92,8.49,649.0,31.9,1.83,0.179,0.096,2.26,,,Ⅱ
2022-11-08T04:00:00+08:00,1667851200,18.0,7.9,8.36,651.2,32.2,1.84,0.189,0.098,2.34,,,Ⅱ
2022-11-08T08:00:00+08:00,1667865600,18.0,7.9,8.32,650.6,27.5,1.96,0.179,0.096,2.29,,,Ⅱ
2022-11-08T12:00:00+08:00,1667880000,18.8,7.95,8.86,650.2,24.9,3.37,0.166,0.094,2.28,,,Ⅱ
2022-11-08T16:00:00+08:00,1667894400,18.9,7.96,8.66,643.2,29.2,9.62,0.157,0.096,2.62,,,Ⅳ
2022-11-08T20:00:00+08:00,1667908800,18.6,7.98,8.64,638.8,27.9,9.62,0.158,0.095,2.61,,,Ⅳ
2022-11-09T00:00:00+08:00,1667923200,18.5,7.99,8.57,635.1,31.3,1.75,0.152,0.098,2.56,,,Ⅱ
2022-11-09T04:00:00+08:00,1667937600,18.3,7.97,8.44,634.8,28.5,1.84,0.15,0.098,2.5,,,Ⅱ
2022-11-09T08:00:00+08:00,1667952000,18.1,7.91,8.02,638.7,28.3,2.72,0.155,0.097,2.56,,,Ⅱ
2022-11-09T12:00:00+08:00,1667966400,18.5,7.95,8.59,641.8,26.3,1.85,0.143,0.094,2.5,,,Ⅱ
2022-11-09T16:00:00+08:00,1667980800,18.7,7.98,8.85,644.8,27.1,1.85,0.14,0.092,2.55,,,Ⅱ
2022-11-09T20:00:00+08:00,1667995200,18.6,7.95,8.34,642.6,31.3,1.9,0.144,0.095,2.52,,,Ⅱ
2022-11-10T00:00:00+08:00,1668009600,18.7,7.98,8.44,642.9,32.1,1.88,0.133,0.097,2.48,,,Ⅱ
2022-11-10T04:00:00+08:00,1668024000,18.6,7.96,8.38,645.3,32.4,1.88,0.136,0.096,2.55,,,Ⅱ
2022-11-10T08:00:00+08:00,1668038400,18.6,7.95,8.35,648.8,29.5,2.11,0.129,0.093,2.54,,,Ⅱ
2022-11-10T12:00:00+08:00,1668052800,19.4,8.02,8.92,648.9,25.7,1.91,0.121,0.093,2.49,,,Ⅱ
2022-11-10T16:00:00+08:00,1668067200,19.6,8.02,8.94,652.3,29.2,1.83,0.127,0.093,2.48,,,Ⅱ
2022-11-10T20:00:00+08:00,1668081600,19.5,7.98,8.63,656.1,27.9,1.91,0.134,0.094,2.46,,,Ⅱ
2022-11-11T00:00:00+08:00,1668096000,19.5,7.96,8.5,657.9,30.6,1.89,0.136,0.096,2.52,,,Ⅱ
2022-11-11T04:00:00+08:00,1668110400,19.4,7.91,7.97,660.7,36.5,1.96,0.144,0.095,2.51,,,Ⅱ
2022-11-11T08:00:00+08:00,1668124800,19.4,7.9,7.96,661.4,33.0,2.01,0.131,0.092,2.52,,,Ⅱ
2022-11-11T12:00:00+08:00,1668139200,19.5,8.04,9.2,654.0,27.6,1.95,0.113,0.092,2.46,,,Ⅱ
2022-11-11T16:00:00+08:00,1668153600,19.8,7.99,8.88,658.8,26.0,2.11,0.148,0.091,2.53,,,Ⅱ
2022-11-11T20:00:00+08:00,1668168000,19.9,7.94,8.35,666.5,30.0,2.06,0.173,0.093,2.54,,,Ⅱ
2022-11-12T00:00:00+08:00,1668182400,20.0,7.95,8.36,670.7,29.4,1.93,0.163,0.092,2.58,,,Ⅱ
2022-11-12T04:00:00+08:00,1668196800,19.9,7.94,8.25,673.3,29.0,2.04,0.173,0.093,2.55,,,Ⅱ
2022-11-12T08:00:00+08:00,1668211200,19.9,7.93,8.08,675.8,30.6,1.92,0.16,0.094,2.52,,,Ⅱ
2022-11-12T12:00:00+08:00,1668225600,20.1,7.93,8.25,676.9,29.7,2.0,0.165,0.094,2.53,,,Ⅱ
2022-11-12T16:00:00+08:00,1668240000,20.5,7.94,8.46,673.9,28.0,2.05,0.157,0.091,2.54,,,Ⅱ
2022-11-12T20:00:00+08:00,1668254400,20.6,7.95,8.47,678.1,32.4,2.02,0.16,0.095,2.58,,,Ⅱ
2022-11-13T00:00:00+08:00,1668268800,20.2,7.93,8.37,680.6,34.1,2.02,0.164,0.095,2.58,,,Ⅱ
2022-11-13T04:00:00+08:00,1668283200,19.9,7.9,8.13,678.6,31.5,2.1,0.175,0.094,2.62,,,Ⅱ
2022-11-13T08:00:00+08:00,1668297600,19.6,7.88,8.02,683.5,45.0,2.04,0.169,0.097,2.61,,,Ⅱ
2022-11-13T12:00:00+08:00,1668312000,19.5,7.89,8.16,686.0,32.2,2.1,0.201,0.098,2.67,,,Ⅱ
2022-11-13T16:00:00+08:00,1668326400,19.4,7.87,7.96,687.6,34.1,2.05,0.18,0.096,2.66,,,Ⅱ
2022-11-13T20:00:00+08:00,1668340800,19.2,7.85,7.7,690.2,34.5,2.06,0.176,0.1,2.65,,,Ⅱ
2022-11-14T00:00:00+08:00,1668355200,19.0,7.83,7.6,696.5,37.6,2.14,0.188,0.099,2.62,,,Ⅱ
2022-11-14T08:00:00+08:00,1668384000,18.7,7.84,7.71,691.8,37.9,2.06,0.184,0.103,2.68,,,Ⅲ
2022-11-14T12:00:00+08:00,1668398400,18.6,7.85,7.78,678.5,36.6,2.11,0.187,0.102,2.67,,,Ⅲ
2022-11-14T16:00:00+08:00,1668412800,18.4,7.85,7.72,672.7,35.3,2.0,0.179,0.1,2.65,,,Ⅱ
2022-11-14T20:00:00+08:00,1668427200,18.3,7.86,7.85,659.3,34.0,2.01,0.172,0.102,2.6,,,Ⅲ
2022-11-15T04:00:00+08:00,1668456000,18.0,7.87,7.83,652.7,39.7,2.02,0.17,0.105,2.6,,,Ⅲ
2022-11-15T08:00:00+08:00,1668470400,17.7,7.87,7.94,656.0,36.3,2.08,0.183,0.104,2.57,,,Ⅲ
2022-11-15T12:00:00+08:00,1668484800,18.2,7.93,8.34,638.0,35.1,2.06,0.191,0.104,2.6,,,Ⅲ
2022-11-15T16:00:00+08:00,1668499200,18.3,7.93,8.31,633.7,32.4,1.99,0.173,0.102,2.53,,,Ⅲ
2022-11-16T08:00:00+08:00,1668556800,17.1,7.83,7.53,649.5,33.5,2.02,0.196,0.101,2.56,,,Ⅲ
2022-11-16T12:00:00+08:00,1668571200,17.5,7.96,8.44,654.9,31.9,2.06,0.216,0.098,2.59,,,Ⅱ
2022-11-16T16:00:00+08:00,1668585600,17.5,7.93,8.29,649.7,31.3,2.09,0.214,0.099,2.62,,,Ⅱ
2022-11-16T20:00:00+08:00,1668600000,17.3,7.91,8.07,645.8,32.9,1.9,0.218,0.102,2.46,,,Ⅲ
2022-11-17T00:00:00+08:00,1668614400,17.2,7.88,7.92,641.9,34.5,1.91,0.191,0.098,2.59,,,Ⅱ
2022-11-17T04:00:00+08:00,1668628800,17.2,7.87,7.86,638.3,39.5,2.04,0.225,0.103,2.5,,,Ⅲ
2022-11-17T08:00:00+08:00,1668643200,17.0,7.85,7.85,623.4,34.1,1.92,0.226,0.102,2.51,,,Ⅲ
2022-11-17T16:00:00+08:00,1668672000,17.1,7.87,7.78,618.8,38.9,2.24,0.266,0.11,2.5,,,Ⅲ
2022-11-17T20:00:00+08:00,1668686400,17.0,7.86,7.84,612.8,36.3,2.02,0.274,0.108,2.58,,,Ⅲ
2022-11-18T00:00:00+08:00,1668700800,17.0,7.85,7.62,604.5,38.5,2.18,0.272,0.107,2.58,,,Ⅲ
2022-11-18T04:00:00+08:00,1668715200,17.0,7.86,7.49,598.6,42.7,2.02,0.254,0.108,2.52,,,Ⅲ
2022-11-18T08:00:00+08:00,1668729600,17.0,7.86,7.47,597.5,39.0,1.97,0.263,0.104,2.54,,,Ⅲ
2022-11-18T12:00:00+08:00,1668744000,17.2,7.86,7.58,595.0,33.6,2.01,0.272,0.104,2.56,,,Ⅲ
2022-11-18T16:00:00+08:00,1668758400,17.2,7.85,7.54,599.0,33.0,2.09,0.305,0.108,2.62,,,Ⅲ
2022-11-18T20:00:00+08:00,1668772800,17.2,7.84,7.24,594.3,32.6,2.05,0.331,0.109,2.62,,,Ⅲ
2022-11-19T00:00:00+08:00,1668787200,17.2,7.82,7.02,590.7,44.8,2.07,0.39,0.115,2.72,,,Ⅲ
2022-11-19T04:00:00+08:00,1668801600,17.2,7.82,7.04,590.9,34.0,2.06,0.332,0.109,2.66,,,Ⅲ
2022-11-19T08:00:00+08:00,1668816000,17.3,7.82,6.91,590.9,34.1,2.05,0.302,0.105,2.52,,,Ⅲ
2022-11-19T12:00:00+08:00,1668830400,17.5,7.84,7.2,584.2,30.5,1.93,0.309,0.105,2.57,,,Ⅲ
2022-11-19T16:00:00+08:00,1668844800,17.5,7.85,7.26,584.2,34.9,2.02,0.207,0.104,2.5,,,Ⅲ
2022-11-19T20:00:00+08:00,1668859200,17.3,7.84,7.25,592.5,34.8,1.94,0.339,0.108,2.62,,,Ⅲ
2022-11-20T00:00:00+08:00,1668873600,17.2,7.84,7.15,590.8,37.0,2.03,0.345,0.109,2.67,,,Ⅲ
2022-11-20T04:00:00+08:00,1668888000,17.2,7.83,7.1,589.1,36.2,1.92,0.303,0.108,2.61,,,Ⅲ
2022-11-20T08:00:00+08:00,1668902400,17.1,7.83,7.07,588.4,34.1,1.94,0.302,0.106,2.61,,,Ⅲ
2022-11-20T12:00:00+08:00,1668916800,17.6,7.87,7.63,583.8,32.3,1.89,0.308,0.109,2.49,,,Ⅲ
2022-11-20T16:00:00+08:00,1668931200,17.6,7.85,7.4,582.2,32.5,2.01,0.318,0.108,2.53,,,Ⅲ
2022-11-20T20:00:00+08:00,1668945600,17.5,7.84,7.2,580.4,31.6,1.94,0.296,0.105,2.49,,,Ⅲ
2022-11-21T00:00:00+08:00,1668960000,17.4,7.83,7.1,580.6,29.0,1.89,0.303,0.106,2.44,,,Ⅲ
2022-11-21T12:00:00+08:00,1669003200,18.1,7.88,7.73,589.8,24.8,1.93,0.3,0.104,2.52,,,Ⅲ
2022-11-21T16:00:00+08:00,1669017600,18.2,7.93,8.14,585.7,25.7,2.02,0.284,0.104,2.44,,,Ⅲ
2022-11-21T20:00:00+08:00,1669032000,17.9,7.87,7.4,574.8,28.0,1.89,0.291,0.106,2.44,,,Ⅲ
2022-11-22T00:00:00+08:00,1669046400,17.9,7.88,7.59,574.6,27.4,1.71,0.295,0.105,2.46,,,Ⅲ
2022-11-22T08:00:00+08:00,1669075200,17.6,7.77,6.61,554.0,28.9,2.29,1.22,0.178,3.41,,,Ⅳ
2022-11-22T12:00:00+08:00,1669089600,17.8,7.84,7.42,550.4,30.0,2.06,0.507,0.128,2.81,,,Ⅲ
2022-11-22T16:00:00+08:00,1669104000,17.7,7.86,7.67,554.0,32.2,1.91,0.327,0.11,2.52,,,Ⅲ
2022-11-22T20:00:00+08:00,1669118400,17.6,7.85,7.44,550.8,37.5,1.91,0.32,0.11,2.58,,,Ⅲ
2022-11-23T04:00:00+08:00,1669147200,17.4,7.82,7.12,551.5,34.6,1.98,0.337,0.112,2.73,,,Ⅲ
2022-11-23T08:00:00+08:00,1669161600,17.4,7.81,7.03,550.6,36.6,1.86,0.334,0.11,2.68,,,Ⅲ
2022-11-23T12:00:00+08:00,1669176000,17.8,7.84,7.66,552.2,30.2,1.93,0.336,0.111,2.6,,,Ⅲ
2022-11-23T20:00:00+08:00,1669204800,17.6,7.82,7.4,555.3,33.9,1.94,0.337,0.106,2.57,,,Ⅲ
2022-11-24T04:00:00+08:00,1669233600,17.3,7.8,7.14,560.2,29.0,1.94,0.357,0.109,2.71,,,Ⅲ
2022-11-24T08:00:00+08:00,1669248000,17.2,7.81,7.23,559.4,31.2,1.91,0.353,0.105,2.6,,,Ⅲ
2022-11-24T12:00:00+08:00,1669262400,17.6,7.86,7.8,560.1,25.0,1.85,0.349,0.106,2.68,,,Ⅲ
2022-11-24T20:00:00+08:00,1669291200,17.7,7.86,7.82,567.4,25.8,1.98,0.358,0.105,2.61,,,Ⅲ
2022-11-25T00:00:00+08:00,1669305600,17.5,7.83,7.58,574.1,30.8,1.64,0.368,0.104,2.56,,,Ⅲ
2022-11-25T08:00:00+08:00,1669334400,17.3,7.82,7.51,579.9,29.9,1.98,0.371,0.104,2.52,,,Ⅲ
2022-11-25T12:00:00+08:00,1669348800,17.7,7.84,7.65,581.2,27.3,1.99,0.375,0.104,2.57,,,Ⅲ
2022-11-25T16:00:00+08:00,1669363200,17.8,7.84,7.65,584.0,27.0,2.01,0.357,0.104,2.61,,,Ⅲ
2022-11-25T20:00:00+08:00,1669377600,17.6,7.83,7.56,588.5,27.2,1.92,0.378,0.102,2.61,,,Ⅲ
2022-11-26T04:00:00+08:00,1669406400,17.5,7.8,7.36,608.9,34.8,2.07,0.387,0.106,2.61,,,Ⅲ
2022-11-26T08:00:00+08:00,1669420800,17.5,7.79,7.16,613.3,35.8,1.97,0.387,0.106,2.63,,,Ⅲ
2022-11-26T12:00:00+08:00,1669435200,17.5,7.77,6.81,614.4,42.1,2.03,0.381,0.108,2.7,,,Ⅲ
2022-11-28T04:00:00+08:00,1669579200,17.2,7.8,7.75,673.0,36.2,2.24,0.432,0.106,2.98,,,Ⅲ
2022-11-28T08:00:00+08:00,1669593600,17.3,7.82,8.0,681.0,35.0,2.31,0.421,0.105,2.88,,,Ⅲ
2022-11-28T16:00:00+08:00,1669622400,17.5,7.85,8.18,634.6,27.6,2.16,0.431,0.107,2.82,,,Ⅲ
2022-11-29T04:00:00+08:00,1669665600,17.5,7.8,7.9,700.0,36.7,2.54,0.543,0.124,3.1,,,Ⅲ
2022-11-29T08:00:00+08:00,1669680000,17.3,7.81,7.93,696.4,39.5,2.03,0.554,0.127,3.12,,,Ⅲ
2022-11-29T16:00:00+08:00,1669708800,17.0,7.8,7.86,691.3,41.7,2.6,0.555,0.129,3.33,,,Ⅲ
2022-11-29T20:00:00+08:00,1669723200,16.6,7.81,8.19,690.8,44.9,2.49,0.553,0.124,3.27,,,Ⅲ
2022-11-30T04:00:00+08:00,1669752000,15.6,7.8,8.45,640.1,39.3,2.51,0.618,0.126,3.53,,,Ⅲ
2022-11-30T12:00:00+08:00,1669780800,14.9,7.85,8.94,612.1,42.7,2.62,0.619,0.132,3.7,,,Ⅲ
2022-11-30T16:00:00+08:00,1669795200,14.6,7.84,8.88,621.6,39.5,2.54,0.696,0.131,3.67,,,Ⅲ
2022-11-30T20:00:00+08:00,1669809600,14.2,7.8,8.75,631.3,34.4,2.52,0.821,0.128,3.87,,,Ⅲ
2022-12-01T04:00:00+08:00,1669838400,13.7,7.81,8.81,591.4,32.3,2.38,0.803,0.122,3.65,,,Ⅲ
2022-12-01T12:00:00+08:00,1669867200,13.4,7.81,8.82,560.2,37.7,2.51,0.812,0.124,3.64,,,Ⅲ
2022-12-01T20:00:00+08:00,1669896000,13.0,7.8,8.92,575.6,34.4,2.57,0.8,0.12,3.52,,,Ⅲ
2022-12-02T00:00:00+08:00,1669910400,12.9,7.79,8.72,593.1,30.5,2.44,0.819,0.122,3.55,,,Ⅲ
2022-12-02T08:00:00+08:00,1669939200,12.5,7.82,8.68,560.6,31.9,2.48,0.704,0.116,3.43,,,Ⅲ
2022-12-02T12:00:00+08:00,1669953600,12.7,7.83,9.0,558.2,34.4,2.52,0.652,0.121,3.44,,,Ⅲ
2022-12-02T20:00:00+08:00,1669982400,12.6,7.83,9.0,573.4,33.4,2.52,0.599,0.12,3.41,,,Ⅲ
2022-12-03T00:00:00+08:00,1669996800,12.5,7.83,8.93,576.9,30.8,2.51,0.609,0.12,3.4,,,Ⅲ
2022-12-03T08:00:00+08:00,1670025600,12.4,7.82,8.72,580.2,26.8,2.55,0.614,0.118,3.43,,,Ⅲ
2022-12-03T12:00:00+08:00,1670040000,12.3,7.81,8.66,585.9,29.4,2.58,0.656,0.12,3.34,,,Ⅲ
2022-12-03T16:00:00+08:00,1670054400,12.2,7.8,8.63,589.5,30.6,2.73,0.688,0.12,3.37,,,Ⅲ
2022-12-03T20:00:00+08:00,1670068800,12.0,7.81,8.77,583.0,27.9,2.66,0.711,0.122,3.43,,,Ⅲ
2022-12-04T00:00:00+08:00,1670083200,11.9,7.81,8.75,575.4,27.7,2.8,0.734,0.126,3.58,,,Ⅲ
2022-12-04T04:00:00+08:00,1670097600,11.9,7.79,8.63,573.5,27.2,2.6,0.745,0.127,3.6,,,Ⅲ
2022-12-04T08:00:00+08:00,1670112000,11.8,7.78,8.45,589.3,25.1,2.59,0.855,0.129,3.49,,,Ⅲ
2022-12-04T12:00:00+08:00,1670126400,11.8,7.81,8.7,592.2,28.2,3.05,0.798,0.128,3.6,,,Ⅲ
2022-12-04T20:00:00+08:00,1670155200,11.8,7.85,8.97,594.6,29.8,2.5,0.698,0.125,3.43,,,Ⅲ
2022-12-05T04:00:00+08:00,1670184000,11.5,7.84,9.03,597.3,28.1,2.62,0.696,0.124,3.48,,,Ⅲ
2022-12-05T08:00:00+08:00,1670198400,11.4,7.82,8.92,606.6,27.2,2.61,0.773,0.124,3.56,,,Ⅲ
2022-12-05T12:00:00+08:00,1670212800,11.3,7.79,9.06,607.2,27.6,2.52,0.828,0.127,3.54,,,Ⅲ
2022-12-05T16:00:00+08:00,1670227200,11.8,7.84,8.85,592.2,31.5,2.77,0.828,0.127,3.6,,,Ⅲ
2022-12-05T20:00:00+08:00,1670241600,11.5,7.83,8.66,594.5,32.2,2.72,0.898,0.134,3.61,,,Ⅲ
2022-12-06T00:00:00+08:00,1670256000,11.3,7.82,8.53,594.6,31.5,2.88,0.876,0.134,3.58,,,Ⅲ
2022-12-06T04:00:00+08:00,1670270400,11.1,7.81,8.44,594.4,29.3,2.71,0.879,0.133,3.62,,,Ⅲ
2022-12-06T08:00:00+08:00,1670284800,11.0,7.81,8.33,594.8,28.8,2.62,0.896,0.133,3.58,,,Ⅲ
2022-12-06T12:00:00+08:00,1670299200,11.7,7.83,8.79,600.1,21.3,2.51,0.776,0.128,3.59,,,Ⅲ
2022-12-06T16:00:00+08:00,1670313600,12.0,7.87,9.2,600.1,18.5,2.45,0.692,0.124,3.48,,,Ⅲ
2022-12-06T20:00:00+08:00,1670328000,11.7,7.85,8.98,594.9,20.8,2.52,0.742,0.129,3.49,,,Ⅲ
2022-12-07T00:00:00+08:00,1670342400,11.4,7.85,8.89,585.7,23.1,2.56,0.904,0.138,3.44,,,Ⅲ
2022-12-07T08:00:00+08:00,1670371200,11.2,7.82,8.65,582.7,25.7,2.56,0.981,0.145,3.6,,,Ⅲ
2022-12-07T16:00:00+08:00,1670400000,11.4,7.82,8.5,584.7,29.0,2.62,0.977,0.143,3.76,,,Ⅲ
2022-12-07T20:00:00+08:00,1670414400,11.4,7.83,8.58,581.8,29.2,2.6,0.951,0.141,3.6,,,Ⅲ
2022-12-08T04:00:00+08:00,1670443200,11.3,7.84,8.58,579.7,31.4,2.56,0.899,0.139,3.49,,,Ⅲ
2022-12-08T08:00:00+08:00,1670457600,11.2,7.84,8.57,578.7,32.0,2.53,0.893,0.138,3.67,,,Ⅲ
2022-12-08T12:00:00+08:00,1670472000,11.3,7.85,8.65,581.7,37.6,2.61,0.83,0.137,3.53,,,Ⅲ
2022-12-08T20:00:00+08:00,1670500800,11.4,7.85,8.71,593.3,31.6,2.74,0.8,0.133,3.43,,,Ⅲ
2022-12-09T00:00:00+08:00,1670515200,11.4,7.84,8.55,593.8,28.6,2.48,0.785,0.13,3.51,,,Ⅲ
2022-12-09T08:00:00+08:00,1670544000,11.3,7.83,8.57,592.0,31.3,2.46,0.788,0.131,3.38,,,Ⅲ
2022-12-09T12:00:00+08:00,1670558400,11.3,7.83,8.77,590.5,29.4,2.51,0.756,0.126,3.45,,,Ⅲ
2022-12-09T16:00:00+08:00,1670572800,11.4,7.83,8.78,591.4,27.9,2.56,0.763,0.126,3.35,,,Ⅲ
2022-12-09T20:00:00+08:00,1670587200,11.3,7.82,8.7,591.1,28.3,2.54,0.752,0.124,3.3,,,Ⅲ
2022-12-10T04:00:00+08:00,1670616000,11.3,7.82,8.61,606.0,27.5,2.51,0.834,0.128,3.46,,,Ⅲ
2022-12-10T08:00:00+08:00,1670630400,11.3,7.81,8.67,608.4,28.9,2.52,0.85,0.128,3.57,,,Ⅲ
2022-12-10T12:00:00+08:00,1670644800,11.4,7.83,8.88,610.5,29.8,2.61,0.834,0.13,3.48,,,Ⅲ
2022-12-10T16:00:00+08:00,1670659200,11.6,7.84,9.18,617.1,34.0,2.63,0.78,0.126,3.5,,,Ⅲ
2022-12-10T20:00:00+08:00,1670673600,11.6,7.82,9.01,614.7,32.9,2.62,0.785,0.125,3.43,,,Ⅲ
2022-12-11T04:00:00+08:00,1670702400,11.3,7.83,9.07,618.3,31.9,2.6,0.79,0.127,3.51,,,Ⅲ
2022-12-11T08:00:00+08:00,1670716800,11.0,7.83,9.18,619.8,30.7,2.58,0.8,0.126,3.48,,,Ⅲ
2022-12-11T12:00:00+08:00,1670731200,11.5,7.84,9.11,622.2,31.5,2.54,0.809,0.125,3.49,,,Ⅲ
2022-12-11T16:00:00+08:00,1670745600,12.0,7.91,9.24,615.5,28.0,2.61,0.786,0.123,3.56,,,Ⅲ
2022-12-11T20:00:00+08:00,1670760000,11.6,7.91,9.22,614.1,29.8,2.47,0.779,0.12,3.44,,,Ⅲ
2022-12-12T04:00:00+08:00,1670788800,10.9,7.86,9.09,611.3,26.7,2.51,0.754,0.117,3.41,,,Ⅲ
2022-12-12T08:00:00+08:00,1670803200,10.8,7.85,9.01,612.9,28.2,2.47,0.763,0.119,3.39,,,Ⅲ
2022-12-12T12:00:00+08:00,1670817600,11.1,7.88,9.11,624.0,28.5,2.48,0.833,0.123,3.48,,,Ⅲ
2022-12-12T16:00:00+08:00,1670832000,11.2,7.91,9.28,623.8,28.4,2.61,0.819,0.123,3.58,,,Ⅲ
2022-12-12T20:00:00+08:00,1670846400,11.1,7.88,9.03,622.4,28.0,2.65,0.823,0.124,3.52,,,Ⅲ
2022-12-13T04:00:00+08:00,1670875200,10.8,7.89,9.03,624.9,26.6,2.54,0.841,0.124,3.51,,,Ⅲ
2022-12-13T08:00:00+08:00,1670889600,10.5,7.89,9.13,625.1,26.4,2.46,0.843,0.126,3.46,,,Ⅲ
2022-12-13T12:00:00+08:00,1670904000,10.7,7.92,9.4,626.7,28.0,2.48,0.843,0.126,3.57,,,Ⅲ
2022-12-13T16:00:00+08:00,1670918400,10.9,7.93,9.6,631.3,26.6,2.58,0.835,0.125,3.47,,,Ⅲ
2022-12-13T20:00:00+08:00,1670932800,10.7,7.91,9.6,624.2,26.6,2.52,0.804,0.12,3.55,,,Ⅲ
2022-12-14T04:00:00+08:00,1670961600,10.5,7.89,9.33,627.8,25.1,2.63,0.824,0.122,3.59,,,Ⅲ
2022-12-14T08:00:00+08:00,1670976000,10.3,7.89,9.17,632.5,26.2,2.4,0.854,0.127,3.52,,,Ⅲ
2022-12-14T12:00:00+08:00,1670990400,10.1,7.91,11.09,584.5,23.1,2.4,0.488,0.093,2.83,,,Ⅱ
2022-12-14T16:00:00+08:00,1671004800,10.5,8.0,11.73,573.2,24.3,2.32,0.355,0.077,2.6,,,Ⅱ
2022-12-14T20:00:00+08:00,1671019200,10.2,7.95,10.91,586.6,21.3,2.38,0.455,0.088,2.75,,,Ⅱ
2022-12-15T04:00:00+08:00,1671048000,9.6,7.94,10.8,588.8,24.7,2.31,0.492,0.093,2.8,,,Ⅱ
2022-12-15T08:00:00+08:00,1671062400,9.2,7.97,11.62,566.4,24.6,2.21,0.33,0.075,2.38,,,Ⅱ
2022-12-15T12:00:00+08:00,1671076800,9.5,8.04,12.33,560.8,26.1,2.22,0.267,0.068,2.33,,,Ⅱ
2022-12-15T16:00:00+08:00,1671091200,9.8,8.11,12.83,553.5,24.0,2.29,0.215,0.061,2.05,,,Ⅱ
2022-12-15T20:00:00+08:00,1671105600,9.8,8.06,12.34,561.4,23.9,2.35,0.305,0.07,2.24,,,Ⅱ
2022-12-16T04:00:00+08:00,1671134400,9.9,7.99,11.48,576.2,24.9,2.47,0.38,0.083,2.44,,,Ⅱ
2022-12-16T08:00:00+08:00,1671148800,9.9,7.98,11.38,580.8,28.2,2.35,0.408,0.086,2.55,,,Ⅱ
2022-12-16T12:00:00+08:00,1671163200,9.8,8.0,11.68,574.4,26.6,2.35,0.362,0.079,2.39,,,Ⅱ
2022-12-16T16:00:00+08:00,1671177600,9.9,8.02,11.72,578.4,25.4,2.42,0.398,0.084,2.6,,,Ⅱ
2022-12-16T20:00:00+08:00,1671192000,9.6,8.03,12.0,570.7,26.2,2.38,0.422,0.082,2.51,,,Ⅱ
2022-12-17T04:00:00+08:00,1671220800,9.3,7.97,11.17,597.0,24.6,2.61,0.538,0.098,2.97,,,Ⅲ
2022-12-17T08:00:00+08:00,1671235200,9.0,7.99,11.43,593.3,23.8,2.5,0.573,0.101,2.92,,,Ⅲ
2022-12-17T12:00:00+08:00,1671249600,9.3,8.0,11.31,610.0,34.5,2.74,0.626,0.115,3.25,,,Ⅲ
2022-12-17T16:00:00+08:00,1671264000,8.7,8.12,11.77,606.6,42.9,2.75,0.652,0.125,3.34,,,Ⅲ
2022-12-17T20:00:00+08:00,1671278400,8.4,8.07,12.27,598.0,27.1,2.91,0.591,0.113,3.04,,,Ⅲ
2022-12-18T04:00:00+08:00,1671307200,7.5,8.19,13.75,549.7,27.6,2.59,0.264,0.075,2.19,,,Ⅱ
2022-12-18T08:00:00+08:00,1671321600,7.3,8.16,13.34,562.0,27.5,2.42,0.309,0.082,2.26,,,Ⅱ
2022-12-18T12:00:00+08:00,1671336000,7.4,8.18,13.08,582.3,27.9,2.82,0.448,0.097,2.7,,,Ⅱ
2022-12-18T16:00:00+08:00,1671350400,7.6,8.14,13.47,569.2,27.7,2.84,0.356,0.087,2.52,,,Ⅱ
2022-12-18T20:00:00+08:00,1671364800,7.3,8.29,14.56,534.9,29.9,2.7,0.155,0.062,1.76,,,Ⅱ
2022-12-19T04:00:00+08:00,1671393600,7.1,8.22,13.93,549.2,27.6,2.66,0.249,0.072,2.11,,,Ⅱ
2022-12-19T08:00:00+08:00,1671408000,6.9,8.18,13.62,555.6,26.1,2.57,0.299,0.079,2.26,,,Ⅱ
2022-12-19T12:00:00+08:00,1671422400,7.5,8.31,14.64,540.3,27.6,2.82,0.188,0.066,1.95,,,Ⅱ
2022-12-19T16:00:00+08:00,1671436800,7.6,8.3,14.31,552.7,27.1,2.78,0.26,0.073,2.09,,,Ⅱ
2022-12-19T20:00:00+08:00,1671451200,7.4,8.27,14.02,555.3,25.2,2.68,0.318,0.076,2.19,,,Ⅱ
2022-12-20T04:00:00+08:00,1671480000,7.5,8.16,12.99,575.9,23.2,2.71,0.438,0.093,2.52,,,Ⅱ
2022-12-20T08:00:00+08:00,1671494400,7.4,8.14,12.97,573.6,24.6,2.66,0.424,0.089,2.61,,,Ⅱ
2022-12-20T12:00:00+08:00,1671508800,7.5,8.25,13.86,561.2,24.8,2.66,0.312,0.079,2.32,,,Ⅱ
2022-12-20T16:00:00+08:00,1671523200,7.7,8.29,14.13,559.0,23.6,2.64,0.301,0.078,2.18,,,Ⅱ
2022-12-20T20:00:00+08:00,1671537600,7.6,8.31,14.39,550.9,23.6,2.72,0.278,0.073,2.09,,,Ⅱ
2022-12-21T04:00:00+08:00,1671566400,7.6,8.16,13.22,570.7,22.9,2.66,0.392,0.086,2.5,,,Ⅱ
2022-12-21T08:00:00+08:00,1671580800,7.5,8.11,12.99,576.2,23.7,2.71,0.159,0.092,2.63,,,Ⅱ
2022-12-21T12:00:00+08:00,1671595200,8.0,8.21,12.86,591.5,26.4,2.98,0.544,0.111,3.07,,,Ⅲ
2022-12-21T16:00:00+08:00,1671609600,8.2,8.26,12.79,595.8,28.7,2.95,0.547,0.117,3.07,,,Ⅲ
2022-12-21T20:00:00+08:00,1671624000,7.7,8.32,14.28,554.3,23.7,2.73,0.265,0.079,2.09,,,Ⅱ
2022-12-22T04:00:00+08:00,1671652800,7.3,8.29,14.66,547.1,23.4,2.77,0.189,0.07,1.99,,,Ⅱ
2022-12-22T08:00:00+08:00,1671667200,7.0,8.29,14.68,548.9,24.8,2.73,0.18,0.07,2.06,,,Ⅱ
2022-12-22T12:00:00+08:00,1671681600,7.4,8.34,14.53,561.8,27.0,2.9,0.294,0.087,2.41,,,Ⅱ
2022-12-22T16:00:00+08:00,1671696000,7.4,8.34,14.65,563.1,27.1,3.01,0.291,0.085,2.37,,,Ⅱ
2022-12-22T20:00:00+08:00,1671710400,6.8,8.38,14.93,554.5,25.2,2.8,0.204,0.075,2.24,,,Ⅱ
2022-12-23T00:00:00+08:00,1671724800,6.5,8.45,15.56,542.3,24.4,2.83,0.097,0.065,1.91,,,Ⅱ
2022-12-23T04:00:00+08:00,1671739200,6.2,8.43,15.46,541.8,23.3,2.91,0.078,0.061,1.94,,,Ⅱ
2022-12-23T08:00:00+08:00,1671753600,5.9,8.47,15.6,541.1,23.7,2.97,0.12,0.063,1.91,,,Ⅱ
2022-12-23T16:00:00+08:00,1671782400,6.6,8.57,16.2,543.6,27.8,3.28,0.087,0.069,1.96,,,Ⅱ
2022-12-23T20:00:00+08:00,1671796800,6.5,8.61,16.4,536.2,24.0,3.18,0.064,0.061,1.88,,,Ⅱ
2022-12-24T04:00:00+08:00,1671825600,6.1,8.59,16.16,535.6,22.7,3.3,0.091,0.063,1.91,,,Ⅱ
2022-12-24T08:00:00+08:00,1671840000,5.8,8.57,16.06,535.4,22.2,3.09,0.04,0.058,1.81,,,Ⅱ
2022-12-24T12:00:00+08:00,1671854400,5.9,8.63,16.49,536.0,23.8,3.34,0.118,0.072,1.95,,,Ⅱ
2022-12-24T16:00:00+08:00,1671868800,6.2,8.71,16.89,536.1,30.5,3.49,0.032,0.068,1.96,,,Ⅱ
2022-12-24T20:00:00+08:00,1671883200,6.4,8.66,16.45,538.3,22.8,3.42,0.064,0.068,1.97,,,Ⅱ
2022-12-25T00:00:00+08:00,1671897600,6.1,8.64,16.31,539.1,21.2,3.44,0.078,0.065,1.97,,,Ⅱ
2022-12-25T04:00:00+08:00,1671912000,5.9,8.62,16.15,540.2,20.6,3.28,0.076,0.066,2.02,,,Ⅱ
2022-12-25T08:00:00+08:00,1671926400,5.6,8.62,16.11,539.7,19.9,3.2,0.064,0.061,2.0,,,Ⅱ
2022-12-25T12:00:00+08:00,1671940800,5.8,8.71,16.83,538.5,20.2,3.66,0.079,0.071,2.07,,,Ⅱ
2022-12-25T16:00:00+08:00,1671955200,7.0,8.84,16.95,536.6,72.4,,,,,,,
2022-12-25T20:00:00+08:00,1671969600,6.6,8.79,16.6,535.0,22.0,3.47,0.035,0.066,1.93,,,Ⅱ
2022-12-26T00:00:00+08:00,1671984000,6.5,8.75,16.4,534.7,21.1,3.33,0.025,0.062,1.93,,,Ⅱ
2022-12-26T04:00:00+08:00,1671998400,6.4,8.72,16.18,534.9,20.5,3.3,0.025,0.059,1.89,,,Ⅱ
2022-12-26T08:00:00+08:00,1672012800,6.3,8.66,15.88,536.2,19.3,3.18,0.064,0.06,1.85,,,Ⅱ
2022-12-26T12:00:00+08:00,1672027200,6.5,8.77,16.68,532.8,21.3,3.38,0.025,0.06,1.86,,,Ⅱ
2022-12-26T16:00:00+08:00,1672041600,6.7,8.83,17.15,534.7,20.4,3.68,0.212,0.08,2.08,,,Ⅱ
2022-12-26T20:00:00+08:00,1672056000,6.6,8.78,16.51,533.1,21.5,3.41,0.072,0.063,1.9,,,Ⅱ
2022-12-27T00:00:00+08:00,1672070400,6.5,8.71,16.15,532.3,22.9,3.43,0.087,0.063,1.96,,,Ⅱ
2022-12-27T04:00:00+08:00,1672084800,6.2,8.65,15.82,533.1,21.5,3.38,0.11,0.062,1.99,,,Ⅱ
2022-12-27T08:00:00+08:00,1672099200,5.9,8.71,16.22,531.7,23.0,3.28,0.033,0.057,1.94,,,Ⅱ
2022-12-27T12:00:00+08:00,1672113600,6.5,8.79,16.83,532.9,22.5,3.41,0.025,0.059,1.94,,,Ⅱ
2022-12-27T16:00:00+08:00,1672128000,6.8,8.67,16.0,565.2,52.1,3.75,0.159,0.091,2.4,,,Ⅱ
2022-12-27T20:00:00+08:00,1672142400,6.6,8.67,16.02,553.3,28.4,3.63,0.1,0.071,2.19,,,Ⅱ
2022-12-28T00:00:00+08:00,1672156800,6.5,8.66,15.99,545.0,28.4,3.48,0.081,0.067,2.11,,,Ⅱ
2022-12-28T04:00:00+08:00,1672171200,6.4,8.65,15.94,542.5,26.8,3.34,0.057,0.065,2.09,,,Ⅱ
2022-12-28T08:00:00+08:00,1672185600,6.4,8.63,15.82,542.8,25.7,3.3,0.071,0.068,2.06,,,Ⅱ
2022-12-28T12:00:00+08:00,1672200000,6.7,8.73,16.34,542.2,27.6,3.66,0.064,0.073,2.18,,,Ⅱ
2022-12-28T16:00:00+08:00,1672214400,6.9,8.82,16.98,541.1,26.4,3.61,0.041,0.069,2.22,,,Ⅱ
2022-12-28T20:00:00+08:00,1672228800,6.8,8.7,16.25,542.0,25.3,3.48,0.056,0.068,2.18,,,Ⅱ
2022-12-29T00:00:00+08:00,1672243200,6.8,8.69,16.07,541.9,24.4,3.5,0.088,0.069,2.14,,,Ⅱ
2022-12-29T08:00:00+08:00,1672272000,6.5,8.69,16.0,539.9,24.0,3.22,0.025,0.062,2.06,,,Ⅱ
2022-12-29T12:00:00+08:00,1672286400,7.0,8.88,17.26,538.0,23.5,2.74,0.032,0.064,2.1,,,Ⅱ
2022-12-29T16:00:00+08:00,1672300800,7.2,9.01,18.11,534.7,23.1,3.85,0.025,0.068,2.16,,,劣Ⅴ
2022-12-29T20:00:00+08:00,1672315200,6.9,8.88,16.95,538.2,23.1,3.66,0.035,0.063,2.13,,,劣Ⅴ
2022-12-30T04:00:00+08:00,1672344000,6.6,8.73,15.91,563.3,22.8,3.36,0.079,0.062,2.26,,,Ⅱ
2022-12-30T08:00:00+08:00,1672358400,6.7,8.72,15.8,570.8,23.2,3.39,0.093,0.062,2.31,,,Ⅱ
2022-12-30T12:00:00+08:00,1672372800,7.1,8.82,16.59,571.4,22.9,3.48,0.118,0.065,2.33,,,Ⅱ
2022-12-30T16:00:00+08:00,1672387200,7.5,8.87,16.95,584.5,24.3,3.7,0.107,0.064,2.34,,,Ⅱ
2022-12-30T20:00:00+08:00,1672401600,6.8,8.78,16.12,605.7,24.6,3.53,0.135,0.065,2.47,,,Ⅱ
2022-12-31T04:00:00+08:00,1672430400,6.5,8.66,15.31,626.1,23.2,3.41,0.169,0.066,2.55,,,Ⅱ
2022-12-31T08:00:00+08:00,1672444800,6.4,8.67,15.44,621.0,23.4,3.38,0.158,0.064,2.54,,,Ⅱ
2022-12-31T12:00:00+08:00,1672459200,7.4,8.78,16.36,608.9,23.7,3.49,0.137,0.065,2.5,,,Ⅱ
2022-12-31T16:00:00+08:00,1672473600,7.6,8.83,16.6,610.6,23.8,3.56,0.14,0.066,2.4,,,Ⅱ
2022-12-31T20:00:00+08:00,1672488000,7.2,8.74,15.81,624.6,23.3,3.59,0.167,0.066,2.6,,,Ⅱ
2023-01-01T04:00:00+08:00,1672516800,7.2,8.66,15.26,623.6,22.8,3.44,0.16,0.067,2.54,,,Ⅱ
2023-01-01T08:00:00+08:00,1672531200,7.1,8.68,15.36,617.3,22.5,3.41,0.143,0.069,2.52,,,Ⅱ
2023-01-01T12:00:00+08:00,1672545600,7.4,8.83,16.42,605.1,22.5,3.75,0.119,0.069,2.52,,,Ⅱ
2023-01-01T16:00:00+08:00,1672560000,9.8,8.79,15.03,607.5,15.7,3.29,0.123,0.069,2.68,,,Ⅱ
2023-01-01T20:00:00+08:00,1672574400,6.9,8.77,16.27,612.2,15.4,3.29,0.134,0.068,2.7,,,Ⅱ
2023-01-02T04:00:00+08:00,1672603200,6.9,8.62,15.52,607.2,14.5,3.27,0.131,0.068,2.68,,,Ⅱ
2023-01-02T08:00:00+08:00,1672617600,6.7,8.76,16.02,596.0,14.6,3.21,0.11,0.068,2.64,,,Ⅱ
2023-01-02T12:00:00+08:00,1672632000,7.0,8.86,17.07,589.3,14.5,3.48,0.118,0.069,2.7,,,Ⅱ
2023-01-02T16:00:00+08:00,1672646400,7.2,9.0,18.18,577.3,14.6,3.75,0.086,0.068,2.7,,,Ⅱ
2023-01-02T20:00:00+08:00,1672660800,7.0,8.99,18.12,566.2,14.0,3.5,0.052,0.063,2.57,,,Ⅱ
2023-01-03T04:00:00+08:00,1672689600,6.7,8.82,16.44,567.5,13.4,3.25,0.067,0.063,2.58,,,Ⅱ
2023-01-03T12:00:00+08:00,1672718400,7.4,8.96,17.56,571.8,13.1,3.5,0.059,0.063,2.59,,,Ⅱ
2023-01-03T16:00:00+08:00,1672732800,7.5,8.98,18.02,572.2,13.4,3.52,0.057,0.062,2.6,,,Ⅱ
2023-01-03T20:00:00+08:00,1672747200,7.1,8.91,16.98,581.3,13.2,3.41,0.098,0.065,2.65,,,Ⅱ
2023-01-04T04:00:00+08:00,1672776000,6.8,8.83,16.0,581.7,12.0,3.24,0.079,0.061,2.52,,,Ⅱ
2023-01-04T08:00:00+08:00,1672790400,6.8,8.68,16.01,576.6,11.7,3.12,0.074,0.06,2.55,,,Ⅱ
2023-01-04T12:00:00+08:00,1672804800,7.6,8.95,17.15,565.9,11.8,2.23,0.052,0.06,2.49,,,Ⅱ
2023-01-04T16:00:00+08:00,1672819200,7.7,9.0,17.59,561.3,11.3,3.39,0.047,0.062,2.41,,,Ⅱ
2023-01-04T20:00:00+08:00,1672833600,7.3,8.95,16.97,563.2,11.2,2.24,0.079,0.057,2.44,,,Ⅱ
2023-01-05T04:00:00+08:00,1672862400,7.2,8.82,15.92,565.4,10.9,3.16,0.054,0.055,2.43,,,Ⅱ
2023-01-05T08:00:00+08:00,1672876800,7.2,8.87,15.97,561.6,10.1,3.1,0.045,0.055,2.32,,,Ⅱ
2023-01-05T12:00:00+08:00,1672891200,7.6,8.96,16.88,557.8,10.3,3.32,0.035,0.057,2.39,,,Ⅱ
2023-01-05T16:00:00+08:00,1672905600,8.0,9.04,17.62,549.8,9.7,3.45,0.025,0.055,2.28,,,劣Ⅴ
2023-01-05T20:00:00+08:00,1672920000,7.8,9.01,17.16,547.3,9.1,3.27,0.062,0.056,2.26,,,劣Ⅴ
2023-01-06T00:00:00+08:00,1672934400,7.7,8.97,16.49,544.9,9.3,3.32,0.025,0.05,2.17,,,Ⅱ
2023-01-06T04:00:00+08:00,1672948800,7.7,8.94,16.24,543.3,9.4,3.23,0.025,0.05,2.12,,,Ⅱ
2023-01-06T08:00:00+08:00,1672963200,7.6,8.94,16.27,542.0,8.8,3.21,0.025,0.048,2.1,,,Ⅱ
2023-01-06T12:00:00+08:00,1672977600,8.0,9.02,17.36,544.0,11.2,3.71,0.087,0.062,2.29,,,劣Ⅴ
2023-01-06T16:00:00+08:00,1672992000,8.4,9.04,17.29,549.9,14.5,3.51,0.05,0.06,2.2,,,劣Ⅴ
2023-01-06T20:00:00+08:00,1673006400,8.3,8.98,16.7,551.7,9.9,3.42,0.052,0.057,2.22,,,Ⅱ
2023-01-07T00:00:00+08:00,1673020800,8.2,8.97,16.58,545.6,9.2,3.3,0.046,0.054,2.15,,,Ⅱ
2023-01-07T04:00:00+08:00,1673035200,8.0,8.94,16.08,544.6,9.1,3.34,0.037,0.053,2.12,,,Ⅱ
2023-01-07T08:00:00+08:00,1673049600,7.8,8.93,15.95,544.0,8.8,3.16,0.025,0.048,2.04,,,Ⅱ
2023-01-07T12:00:00+08:00,1673064000,8.6,9.03,16.89,540.5,9.0,3.37,0.025,0.051,2.05,,,劣Ⅴ
2023-01-07T16:00:00+08:00,1673078400,8.8,9.14,17.25,541.0,9.3,3.34,,0.05,2.05,,,
2023-01-07T20:00:00+08:00,1673092800,8.4,9.05,16.78,542.7,9.2,3.38,0.025,0.056,2.13,,,劣Ⅴ
2023-01-08T00:00:00+08:00,1673107200,8.3,9.01,16.33,543.3,9.3,3.36,0.025,0.051,2.01,,,劣Ⅴ
2023-01-08T04:00:00+08:00,1673121600,8.2,8.99,15.75,544.5,9.4,3.28,0.025,0.054,2.02,,,Ⅱ
2023-01-08T08:00:00+08:00,1673136000,8.2,8.99,15.82,545.0,9.0,3.27,0.025,0.052,1.98,,,Ⅱ
2023-01-08T12:00:00+08:00,1673150400,8.9,9.03,16.53,544.7,9.7,3.46,0.025,0.054,1.97,,,劣Ⅴ
2023-01-08T16:00:00+08:00,1673164800,9.3,9.07,16.86,547.6,10.3,3.44,0.025,0.054,1.96,,,劣Ⅴ
2023-01-08T20:00:00+08:00,1673179200,9.0,9.03,16.49,546.6,9.9,3.45,0.034,0.054,1.94,,,劣Ⅴ
2023-01-09T00:00:00+08:00,1673193600,8.8,8.98,16.12,552.1,9.6,3.19,0.044,0.053,1.99,,,Ⅱ
2023-01-09T04:00:00+08:00,1673208000,8.5,8.95,15.77,545.6,9.3,3.2,0.039,0.051,1.91,,,Ⅱ
2023-01-09T08:00:00+08:00,1673222400,8.6,8.96,15.65,539.0,9.2,3.15,0.025,0.047,1.8,,,Ⅱ
2023-01-09T12:00:00+08:00,1673236800,9.8,9.03,15.89,538.4,16.2,3.65,0.025,0.056,1.8,,,劣Ⅴ
2023-01-09T16:00:00+08:00,1673251200,9.1,9.08,17.2,541.8,16.5,3.5,0.025,0.049,1.79,,,劣Ⅴ
2023-01-09T20:00:00+08:00,1673265600,9.5,9.06,16.9,539.7,16.4,3.32,0.025,0.049,1.81,,,劣Ⅴ
2023-01-10T00:00:00+08:00,1673280000,9.2,8.85,15.91,547.8,16.2,3.23,0.03,0.049,1.84,,,Ⅱ
2023-01-10T04:00:00+08:00,1673294400,9.0,8.88,15.21,563.4,16.7,3.15,0.051,0.047,1.92,,,Ⅱ
2023-01-10T08:00:00+08:00,1673308800,9.0,8.72,14.66,579.5,17.0,3.06,0.081,0.054,2.01,,,Ⅱ
2023-01-10T12:00:00+08:00,1673323200,9.7,8.9,15.85,582.6,17.3,3.13,0.078,0.057,2.11,,,Ⅱ
2023-01-10T16:00:00+08:00,1673337600,9.9,8.98,16.32,588.4,18.2,3.38,0.082,0.065,2.14,,,Ⅱ
2023-01-10T20:00:00+08:00,1673352000,9.5,8.88,15.36,597.9,19.2,3.37,0.108,0.063,2.2,,,Ⅱ
2023-01-11T00:00:00+08:00,1673366400,9.4,8.53,14.56,609.8,20.0,3.25,0.134,0.059,2.25,,,Ⅱ
2023-01-11T04:00:00+08:00,1673380800,9.4,8.47,14.17,613.8,21.2,3.14,0.138,0.061,2.27,,,Ⅱ
2023-01-11T08:00:00+08:00,1673395200,9.3,8.46,14.16,614.4,20.4,3.08,0.138,0.064,2.24,,,Ⅱ
2023-01-11T12:00:00+08:00,1673409600,9.9,8.57,15.02,608.7,21.2,3.28,0.122,0.065,2.23,,,Ⅱ
2023-01-11T16:00:00+08:00,1673424000,10.3,8.65,15.56,603.9,21.0,3.37,0.107,0.072,2.25,,,Ⅱ
2023-01-11T20:00:00+08:00,1673438400,10.2,8.61,15.19,604.8,19.9,3.27,0.109,0.062,2.21,,,Ⅱ
2023-01-12T00:00:00+08:00,1673452800,10.0,8.48,14.54,622.6,20.2,3.55,0.212,0.072,2.38,,,Ⅱ
2023-01-12T04:00:00+08:00,1673467200,10.0,8.47,14.5,624.4,19.8,3.22,0.157,0.066,2.32,,,Ⅱ
2023-01-12T08:00:00+08:00,1673481600,10.0,8.42,14.28,631.1,20.3,3.11,0.174,0.07,2.36,,,Ⅱ
2023-01-12T12:00:00+08:00,1673496000,10.5,8.62,15.41,592.7,18.8,3.33,0.087,0.067,2.11,,,Ⅱ
2023-01-12T16:00:00+08:00,1673510400,11.0,8.69,15.91,585.0,18.8,3.48,0.073,0.063,2.05,,,Ⅱ
2023-01-12T20:00:00+08:00,1673524800,10.9,8.6,15.08,593.5,19.7,3.29,0.1,0.057,2.12,,,Ⅱ
2023-01-13T00:00:00+08:00,1673539200,11.1,8.58,14.58,575.1,18.3,3.07,0.107,0.054,1.94,,,Ⅱ
2023-01-13T04:00:00+08:00,1673553600,11.1,8.53,14.52,588.6,18.3,3.1,0.12,0.061,2.1,,,Ⅱ
2023-01-13T08:00:00+08:00,1673568000,11.2,8.53,14.03,585.0,17.6,3.13,0.237,0.074,2.14,,,Ⅱ
2023-01-13T12:00:00+08:00,1673582400,11.4,8.59,15.24,594.1,18.3,3.26,0.119,0.074,2.15,,,Ⅱ
2023-01-13T16:00:00+08:00,1673596800,11.7,8.6,15.13,579.8,18.8,3.38,0.139,0.068,2.17,,,Ⅱ
2023-01-13T20:00:00+08:00,1673611200,11.7,8.53,14.51,579.3,19.1,3.63,0.129,0.062,2.12,,,Ⅱ
2023-01-14T00:00:00+08:00,1673625600,11.6,8.46,13.96,583.2,20.4,3.17,0.17,0.063,2.14,,,Ⅱ
2023-01-14T04:00:00+08:00,1673640000,11.7,8.36,13.56,592.7,21.1,3.17,0.218,0.069,2.3,,,Ⅱ
2023-01-14T08:00:00+08:00,1673654400,11.7,8.29,13.14,595.5,22.9,3.64,0.303,0.082,2.45,,,Ⅱ
2023-01-14T12:00:00+08:00,1673668800,11.7,8.23,13.07,601.2,23.4,3.36,0.407,0.1,2.78,,,Ⅱ
2023-01-14T16:00:00+08:00,1673683200,11.3,8.17,12.88,573.1,27.2,3.3,0.457,0.109,3.01,,,Ⅲ
2023-01-14T20:00:00+08:00,1673697600,11.1,8.15,12.46,601.0,27.9,3.1,0.459,0.106,2.98,,,Ⅲ
2023-01-15T00:00:00+08:00,1673712000,10.8,8.09,12.23,603.6,28.9,3.1,0.481,0.108,3.04,,,Ⅲ
2023-01-15T04:00:00+08:00,1673726400,10.5,8.06,12.17,605.0,30.3,2.97,0.479,0.106,3.11,,,Ⅲ
2023-01-15T08:00:00+08:00,1673740800,10.1,8.03,12.06,606.9,30.0,2.92,0.488,0.106,3.1,,,Ⅲ
2023-01-15T12:00:00+08:00,1673755200,9.9,8.07,12.5,608.3,30.2,3.2,0.481,0.107,3.2,,,Ⅲ
2023-01-15T16:00:00+08:00,1673769600,9.6,8.06,12.46,614.9,29.8,2.97,0.501,0.108,3.31,,,Ⅲ
2023-01-15T20:00:00+08:00,1673784000,9.3,8.02,12.19,616.0,30.9,2.99,0.508,0.108,3.34,,,Ⅲ
2023-01-16T00:00:00+08:00,1673798400,8.9,8.0,12.1,618.8,29.9,2.99,0.531,0.108,3.6,,,Ⅲ
2023-01-16T08:00:00+08:00,1673827200,8.3,7.99,12.07,616.5,29.0,3.09,0.569,0.115,3.58,,,Ⅲ
2023-01-16T12:00:00+08:00,1673841600,8.5,8.0,12.4,618.9,30.7,2.82,0.554,0.118,3.67,,,Ⅲ
2023-01-16T16:00:00+08:00,1673856000,8.9,8.01,12.55,608.4,34.3,2.78,0.586,0.128,3.69,,,Ⅲ
2023-01-16T20:00:00+08:00,1673870400,8.7,8.0,12.19,600.9,31.0,2.88,0.54,0.117,3.59,,,Ⅲ
2023-01-17T00:00:00+08:00,1673884800,8.4,8.06,12.63,586.4,27.4,2.86,0.428,0.1,3.33,,,Ⅱ
2023-01-17T04:00:00+08:00,1673899200,8.2,8.23,13.43,558.1,23.0,3.08,0.242,0.079,2.84,,,Ⅱ
2023-01-17T08:00:00+08:00,1673913600,8.1,8.22,13.4,562.1,22.9,2.96,0.286,0.081,2.96,,,Ⅱ
2023-01-17T12:00:00+08:00,1673928000,8.6,7.99,12.4,599.8,29.0,2.66,0.569,0.119,3.62,,,Ⅲ
2023-01-17T16:00:00+08:00,1673942400,8.8,8.03,12.72,595.0,28.9,2.74,0.55,0.116,3.52,,,Ⅲ
2023-01-17T20:00:00+08:00,1673956800,8.4,8.05,12.74,582.5,26.7,3.08,0.512,0.112,3.38,,,Ⅲ
2023-01-18T00:00:00+08:00,1673971200,8.3,8.06,12.76,579.3,25.2,3.09,0.455,0.108,3.31,,,Ⅲ
2023-01-18T04:00:00+08:00,1673985600,8.1,8.04,12.56,579.8,25.1,3.02,0.408,0.096,3.15,,,Ⅱ
2023-01-18T08:00:00+08:00,1674000000,7.9,8.02,12.36,582.1,25.3,2.69,0.442,0.098,3.22,,,Ⅱ
2023-01-18T12:00:00+08:00,1674014400,8.2,8.03,12.68,590.6,26.7,2.8,0.555,0.118,3.39,,,Ⅲ
2023-01-18T16:00:00+08:00,1674028800,8.5,8.06,12.96,591.3,26.8,2.62,0.515,0.113,3.28,,,Ⅲ
2023-01-18T20:00:00+08:00,1674043200,8.2,8.04,12.65,583.1,25.0,2.7,0.438,0.097,3.2,,,Ⅱ
2023-01-19T00:00:00+08:00,1674057600,7.9,8.08,12.82,577.4,23.2,2.81,0.394,0.092,3.06,,,Ⅱ
2023-01-19T04:00:00+08:00,1674072000,7.8,8.09,12.85,573.5,22.4,2.81,0.36,0.089,3.0,,,Ⅱ
2023-01-28T04:00:00+08:00,1674849600,5.4,8.5,16.35,559.0,19.2,3.07,0.109,0.068,3.05,,,Ⅱ
2023-01-28T08:00:00+08:00,1674864000,5.2,8.47,16.3,564.3,19.2,3.01,0.162,0.071,3.04,,,Ⅱ
2023-01-28T16:00:00+08:00,1674892800,6.4,8.25,15.41,609.2,24.2,2.73,0.48,0.101,3.75,,,Ⅲ
2023-01-28T20:00:00+08:00,1674907200,5.9,8.57,16.82,560.8,19.6,3.14,0.116,0.07,2.97,,,Ⅱ
2023-01-29T04:00:00+08:00,1674936000,5.5,8.5,16.47,567.2,18.4,3.11,0.158,0.074,3.11,,,Ⅱ
2023-01-29T08:00:00+08:00,1674950400,5.4,8.53,16.7,564.7,18.3,3.12,0.135,0.069,2.94,,,Ⅱ
2023-01-29T16:00:00+08:00,1674979200,6.6,8.47,16.55,590.6,25.0,3.71,0.341,0.092,3.31,,,Ⅱ
2023-01-30T04:00:00+08:00,1675022400,5.8,8.59,16.95,561.8,17.7,3.17,0.118,0.072,2.92,,,Ⅱ
2023-01-30T08:00:00+08:00,1675036800,5.8,8.59,17.02,561.8,17.5,3.08,0.128,0.073,2.8,,,Ⅱ
2023-01-30T12:00:00+08:00,1675051200,6.3,8.71,18.01,556.5,17.7,3.28,0.092,0.072,2.72,,,Ⅱ
2023-01-30T16:00:00+08:00,1675065600,6.8,8.77,18.52,557.0,19.5,3.41,0.115,0.074,2.7,,,Ⅱ
2023-01-30T20:00:00+08:00,1675080000,6.4,8.71,17.87,556.9,18.4,3.22,0.107,0.07,2.62,,,Ⅱ
2023-01-31T00:00:00+08:00,1675094400,6.1,8.68,17.5,554.8,18.0,3.21,0.078,0.065,2.55,,,Ⅱ
2023-01-31T04:00:00+08:00,1675108800,5.9,8.63,17.11,556.2,18.0,3.17,0.088,0.066,2.57,,,Ⅱ
2023-01-31T08:00:00+08:00,1675123200,5.9,8.66,17.25,553.8,17.7,3.14,0.066,0.065,2.54,,,Ⅱ
2023-01-31T16:00:00+08:00,1675152000,7.3,8.91,19.28,545.5,17.5,3.63,0.025,0.066,2.4,,,Ⅱ
2023-01-31T20:00:00+08:00,1675166400,7.0,8.88,18.76,546.6,17.6,3.46,0.025,0.068,2.4,,,Ⅱ
2023-02-01T00:00:00+08:00,1675180800,6.7,8.84,18.29,548.2,17.2,3.58,0.025,0.064,2.32,,,Ⅱ
2023-02-01T08:00:00+08:00,1675209600,6.4,8.8,17.88,549.3,16.5,3.43,0.025,0.059,2.37,,,Ⅱ
2023-02-01T12:00:00+08:00,1675224000,6.7,8.89,18.69,548.1,17.7,3.68,0.025,0.065,2.31,,,Ⅱ
2023-02-01T16:00:00+08:00,1675238400,7.8,8.94,19.57,548.2,17.2,3.55,0.025,0.056,2.16,,,Ⅱ
2023-02-01T20:00:00+08:00,1675252800,7.7,8.96,19.25,546.8,19.4,3.87,0.025,0.065,2.28,,,Ⅱ
2023-02-02T04:00:00+08:00,1675281600,7.0,8.81,17.66,550.4,20.2,3.59,0.025,0.065,2.28,,,Ⅱ
2023-02-02T08:00:00+08:00,1675296000,6.9,8.78,17.39,552.0,19.2,3.38,0.025,0.06,2.28,,,Ⅱ
2023-02-02T12:00:00+08:00,1675310400,10.1,8.78,16.62,556.0,17.0,3.62,0.027,0.068,2.46,,,Ⅱ
2023-02-02T16:00:00+08:00,1675324800,7.1,8.87,18.68,555.1,17.4,2.65,0.025,0.06,2.08,,,Ⅱ
2023-02-02T20:00:00+08:00,1675339200,7.0,8.85,18.27,556.9,17.2,3.62,0.025,0.059,2.14,,,Ⅱ
2023-02-03T04:00:00+08:00,1675368000,7.0,8.73,17.07,558.2,16.7,3.33,0.025,0.054,2.04,,,Ⅱ
2023-02-03T08:00:00+08:00,1675382400,6.9,8.7,16.95,559.4,17.0,3.24,0.025,0.053,1.99,,,Ⅱ
2023-02-03T12:00:00+08:00,1675396800,7.4,8.82,18.14,555.4,17.8,3.54,0.025,0.055,2.11,,,Ⅱ
2023-02-03T16:00:00+08:00,1675411200,7.7,8.94,19.32,552.7,18.1,3.66,0.025,0.06,2.02,,,Ⅱ
2023-02-03T20:00:00+08:00,1675425600,7.4,8.86,18.12,555.3,18.3,3.65,0.025,0.063,2.03,,,Ⅱ
2023-02-04T04:00:00+08:00,1675454400,7.0,8.76,17.2,558.2,18.3,3.54,0.029,0.059,2.05,,,Ⅱ
2023-02-04T08:00:00+08:00,1675468800,7.0,8.74,17.06,557.9,18.0,3.5,0.033,0.057,2.1,,,Ⅱ
2023-02-04T12:00:00+08:00,1675483200,7.7,8.86,18.45,554.5,17.8,3.68,0.025,0.062,2.04,,,Ⅱ
2023-02-04T16:00:00+08:00,1675497600,8.1,8.93,18.93,553.1,18.3,3.87,0.025,0.062,2.04,,,Ⅱ
2023-02-04T20:00:00+08:00,1675512000,7.8,8.88,18.15,554.2,19.2,3.83,0.025,0.063,2.07,,,Ⅱ
2023-02-05T04:00:00+08:00,1675540800,7.4,8.76,16.91,558.8,21.1,3.67,0.039,0.062,2.07,,,Ⅱ
2023-02-05T12:00:00+08:00,1675569600,7.5,8.81,17.69,556.1,19.2,3.53,0.025,0.06,1.93,,,Ⅱ
2023-02-05T16:00:00+08:00,1675584000,7.7,8.83,17.81,555.0,19.5,3.68,0.029,0.063,1.98,,,Ⅱ
2023-02-05T20:00:00+08:00,1675598400,7.7,8.79,17.29,556.6,18.9,3.72,0.037,0.061,1.98,,,Ⅱ
2023-02-06T04:00:00+08:00,1675627200,7.8,8.71,16.34,556.7,21.6,3.51,0.025,0.061,1.97,,,Ⅱ
2023-02-06T08:00:00+08:00,1675641600,7.9,8.68,15.98,556.1,20.5,3.36,0.025,0.06,1.92,,,Ⅱ
2023-02-06T12:00:00+08:00,1675656000,8.0,8.72,16.33,554.8,18.6,3.45,0.035,0.063,1.94,,,Ⅱ
2023-02-06T16:00:00+08:00,1675670400,8.2,8.79,17.05,552.8,18.3,3.62,0.025,0.06,1.96,,,Ⅱ
2023-02-06T20:00:00+08:00,1675684800,8.2,8.75,16.51,553.7,19.6,3.5,0.025,0.058,1.89,,,Ⅱ
2023-02-07T04:00:00+08:00,1675713600,8.1,8.64,15.59,556.1,20.7,3.24,0.039,0.055,1.83,,,Ⅱ
2023-02-07T08:00:00+08:00,1675728000,8.2,8.6,15.38,554.7,20.7,3.28,0.084,0.059,1.87,,,Ⅱ
2023-02-07T12:00:00+08:00,1675742400,8.5,8.73,16.4,550.5,22.7,3.66,0.047,0.064,1.88,,,Ⅱ
2023-02-07T16:00:00+08:00,1675756800,8.8,8.88,17.44,545.9,21.3,3.95,0.025,0.07,1.99,,,Ⅱ
2023-02-07T20:00:00+08:00,1675771200,8.7,8.74,16.56,547.5,22.5,3.68,0.041,0.064,1.92,,,Ⅱ
2023-02-08T04:00:00+08:00,1675800000,8.3,8.69,15.83,547.2,26.2,3.74,0.032,0.069,1.91,,,Ⅱ
2023-02-08T08:00:00+08:00,1675814400,8.1,8.57,15.26,547.3,20.8,3.46,0.027,0.058,1.8,,,Ⅱ
2023-02-08T12:00:00+08:00,1675828800,8.3,8.64,15.84,548.1,19.6,3.48,0.047,0.057,1.84,,,Ⅱ
2023-02-08T16:00:00+08:00,1675843200,8.4,8.71,16.5,546.3,19.5,3.42,0.042,0.057,1.82,,,Ⅱ
2023-02-08T20:00:00+08:00,1675857600,8.4,8.64,15.87,546.1,22.0,3.55,0.039,0.059,1.75,,,Ⅱ
2023-02-09T04:00:00+08:00,1675886400,8.3,8.53,15.03,547.5,24.6,3.53,0.049,0.061,1.85,,,Ⅱ
2023-02-09T12:00:00+08:00,1675915200,8.2,8.57,15.44,543.9,19.9,3.42,0.056,0.057,1.93,,,Ⅱ
2023-02-09T16:00:00+08:00,1675929600,8.3,8.59,15.42,546.2,19.8,3.38,0.088,0.058,1.9,,,Ⅱ
2023-02-09T20:00:00+08:00,1675944000,8.4,8.45,14.92,536.4,19.3,4.01,0.403,0.102,2.66,,,Ⅲ
2023-02-10T04:00:00+08:00,1675972800,8.3,8.48,14.74,544.9,20.6,3.46,0.136,0.069,2.03,,,Ⅱ
2023-02-10T08:00:00+08:00,1675987200,8.3,8.44,14.45,544.5,19.8,3.47,0.161,0.068,2.04,,,Ⅱ
2023-02-10T12:00:00+08:00,1676001600,8.4,8.46,14.63,544.2,19.7,3.34,0.177,0.065,2.02,,,Ⅱ
2023-02-10T16:00:00+08:00,1676016000,8.5,8.58,15.49,541.4,19.6,3.69,0.207,0.071,2.2,,,Ⅱ
2023-02-10T20:00:00+08:00,1676030400,8.4,8.51,14.94,542.9,19.5,3.5,0.216,0.071,2.18,,,Ⅱ
2023-02-11T04:00:00+08:00,1676059200,8.2,8.4,14.38,538.5,21.0,3.23,0.158,0.06,1.89,,,Ⅱ
2023-02-11T08:00:00+08:00,1676073600,8.2,8.35,14.14,538.2,20.7,3.15,0.145,0.059,1.87,,,Ⅱ
2023-02-11T12:00:00+08:00,1676088000,8.3,8.41,14.44,537.5,19.8,3.26,0.172,0.058,1.88,,,Ⅱ
2023-02-11T16:00:00+08:00,1676102400,8.4,8.43,14.61,538.2,19.7,3.3,0.157,0.056,1.89,,,Ⅱ
2023-02-11T20:00:00+08:00,1676116800,8.5,8.39,14.4,537.7,20.0,3.39,0.147,0.059,1.9,,,Ⅱ
2023-02-12T04:00:00+08:00,1676145600,8.5,8.25,13.68,540.7,23.2,3.23,0.201,0.071,2.06,,,Ⅱ
2023-02-12T08:00:00+08:00,1676160000,8.7,8.18,13.42,523.5,22.1,3.06,0.316,0.078,2.25,,,Ⅱ
2023-02-12T12:00:00+08:00,1676174400,8.9,8.27,14.02,535.4,22.2,3.19,0.235,0.076,2.21,,,Ⅱ
2023-02-12T16:00:00+08:00,1676188800,9.0,8.28,13.98,530.1,21.6,3.22,0.304,0.079,2.26,,,Ⅱ
2023-02-12T20:00:00+08:00,1676203200,9.0,8.24,13.64,530.9,21.9,3.24,0.328,0.084,2.4,,,Ⅱ
2023-02-13T04:00:00+08:00,1676232000,9.0,8.15,13.26,530.1,23.3,3.18,0.339,0.091,2.46,,,Ⅱ
2023-02-13T08:00:00+08:00,1676246400,9.1,8.09,13.01,525.5,23.3,3.08,0.388,0.1,2.64,,,Ⅱ
2023-02-13T12:00:00+08:00,1676260800,9.0,8.08,12.94,525.3,24.2,3.03,0.395,0.102,2.68,,,Ⅲ
2023-02-13T20:00:00+08:00,1676289600,9.0,8.03,12.74,520.0,26.2,1.11,0.448,0.111,2.94,,,Ⅲ
2023-02-14T04:00:00+08:00,1676318400,8.7,7.98,12.53,516.6,28.1,3.03,0.462,0.118,3.12,,,Ⅲ
2023-02-14T08:00:00+08:00,1676332800,8.6,7.97,12.39,516.5,27.9,2.89,0.476,0.12,3.19,,,Ⅲ
2023-02-14T12:00:00+08:00,1676347200,8.9,8.11,13.36,519.7,25.6,3.19,0.462,0.113,3.06,,,Ⅲ
2023-02-14T16:00:00+08:00,1676361600,9.3,8.12,13.35,518.4,28.0,3.29,0.526,0.122,3.21,,,Ⅲ
2023-02-14T20:00:00+08:00,1676376000,9.2,7.96,12.18,516.7,32.6,3.08,0.645,0.124,3.21,,,Ⅲ
2023-02-15T04:00:00+08:00,1676404800,8.8,7.91,11.62,515.6,32.5,2.86,0.718,0.128,3.15,,,Ⅲ
2023-02-15T08:00:00+08:00,1676419200,8.7,7.9,11.51,516.3,31.1,2.78,0.73,0.125,3.16,,,Ⅲ
2023-02-15T12:00:00+08:00,1676433600,9.1,7.93,11.86,514.1,33.2,3.57,0.723,0.128,3.16,,,Ⅲ
2023-02-15T16:00:00+08:00,1676448000,9.7,7.94,11.83,517.9,33.8,2.84,0.746,0.13,3.15,,,Ⅲ
2023-02-15T20:00:00+08:00,1676462400,9.6,7.92,11.56,518.9,36.6,2.8,0.725,0.132,3.24,,,Ⅲ
2023-02-16T04:00:00+08:00,1676491200,9.0,7.9,11.3,519.8,34.0,2.69,0.732,0.13,3.29,,,Ⅲ
2023-02-16T08:00:00+08:00,1676505600,8.9,7.89,11.26,520.6,32.7,2.65,0.74,0.13,3.26,,,Ⅲ
2023-02-16T12:00:00+08:00,1676520000,9.5,7.94,12.27,522.5,29.6,2.78,0.597,0.124,3.14,,,Ⅲ
2023-02-16T16:00:00+08:00,1676534400,9.8,8.08,12.16,524.1,30.5,2.77,0.619,0.125,3.11,,,Ⅲ
2023-02-16T20:00:00+08:00,1676548800,9.7,7.92,11.76,526.1,30.3,1.0,0.722,0.126,3.29,,,Ⅲ
2023-02-17T04:00:00+08:00,1676577600,9.6,7.92,11.51,529.4,29.8,2.84,0.773,0.132,3.34,,,Ⅲ
2023-02-17T08:00:00+08:00,1676592000,9.6,7.89,11.2,529.7,28.7,2.78,0.81,0.132,3.47,,,Ⅲ
2023-02-17T12:00:00+08:00,1676606400,9.8,7.93,11.51,531.8,28.5,2.83,0.832,0.133,3.53,,,Ⅲ
2023-02-17T16:00:00+08:00,1676620800,10.0,7.9,11.2,536.0,31.5,2.87,0.883,0.132,3.44,,,Ⅲ
2023-02-17T20:00:00+08:00,1676635200,10.1,7.9,11.05,539.0,29.9,2.86,0.909,0.131,3.42,,,Ⅲ
2023-02-18T04:00:00+08:00,1676664000,10.1,7.88,10.78,542.0,27.3,2.81,0.925,0.128,3.5,,,Ⅲ
2023-02-18T08:00:00+08:00,1676678400,10.1,7.87,10.54,545.7,26.5,2.84,0.828,0.126,3.43,,,Ⅲ
2023-02-18T12:00:00+08:00,1676692800,10.5,7.92,11.32,548.9,27.4,2.95,0.884,0.128,3.34,,,Ⅲ
2023-02-18T16:00:00+08:00,1676707200,11.1,7.97,12.02,548.7,24.8,2.84,0.796,0.122,3.41,,,Ⅲ
2023-02-18T20:00:00+08:00,1676721600,11.2,7.94,11.3,559.2,26.5,2.98,0.876,0.128,3.4,,,Ⅲ
2023-02-19T04:00:00+08:00,1676750400,10.7,7.89,10.89,562.5,31.0,2.86,0.806,0.126,3.39,,,Ⅲ
2023-02-19T08:00:00+08:00,1676764800,10.6,7.89,11.01,564.8,31.7,2.91,0.799,0.127,3.25,,,Ⅲ
2023-02-19T12:00:00+08:00,1676779200,10.9,7.99,11.98,573.9,29.0,2.87,0.77,0.122,3.27,,,Ⅲ
2023-02-19T16:00:00+08:00,1676793600,11.4,7.99,11.87,575.2,32.1,2.9,0.745,0.122,3.23,,,Ⅲ
2023-02-19T20:00:00+08:00,1676808000,11.1,7.93,11.36,574.6,32.9,2.87,0.74,0.12,3.23,,,Ⅲ
2023-02-20T04:00:00+08:00,1676836800,10.5,7.93,11.54,558.9,27.0,3.04,0.693,0.114,3.2,,,Ⅲ
2023-02-20T08:00:00+08:00,1676851200,10.3,7.92,11.4,559.3,27.3,2.76,0.676,0.115,3.11,,,Ⅲ
2023-02-20T12:00:00+08:00,1676865600,11.2,7.98,12.26,551.3,24.6,2.89,0.665,0.112,3.04,,,Ⅲ
2023-02-20T16:00:00+08:00,1676880000,11.5,7.98,12.24,552.6,26.8,2.88,0.648,0.113,2.99,,,Ⅲ
2023-02-20T20:00:00+08:00,1676894400,11.2,7.99,12.19,554.7,27.7,2.89,0.706,0.111,3.15,,,Ⅲ
2023-02-21T04:00:00+08:00,1676923200,11.0,7.97,11.73,570.6,33.0,2.86,0.651,0.117,3.24,,,Ⅲ
2023-02-21T08:00:00+08:00,1676937600,10.8,7.94,11.35,576.3,31.9,2.79,0.651,0.116,3.1,,,Ⅲ
2023-02-21T12:00:00+08:00,1676952000,11.0,8.0,12.02,579.1,32.8,2.96,0.656,0.119,3.14,,,Ⅲ
2023-02-21T16:00:00+08:00,1676966400,11.1,7.99,11.92,577.0,34.8,2.91,0.629,0.117,3.17,,,Ⅲ
2023-02-21T20:00:00+08:00,1676980800,11.0,7.97,11.73,581.8,34.6,2.88,0.638,0.116,3.2,,,Ⅲ
2023-02-22T00:00:00+08:00,1676995200,10.9,7.99,11.79,588.9,37.7,2.95,0.636,0.12,3.17,,,Ⅲ
2023-02-22T04:00:00+08:00,1677009600,10.8,7.97,11.73,591.0,36.8,2.97,0.628,0.119,3.14,,,Ⅲ
2023-02-22T08:00:00+08:00,1677024000,10.6,7.99,11.81,589.9,36.4,2.79,0.605,0.116,3.11,,,Ⅲ
2023-02-22T12:00:00+08:00,1677038400,10.6,8.02,12.18,592.4,37.3,2.94,0.586,0.116,3.11,,,Ⅲ
2023-02-22T16:00:00+08:00,1677052800,10.5,8.01,12.03,594.9,38.3,2.78,0.581,0.114,3.08,,,Ⅲ
2023-02-22T20:00:00+08:00,1677067200,10.4,8.0,11.83,603.9,40.7,2.75,0.595,0.117,3.08,,,Ⅲ
2023-02-23T00:00:00+08:00,1677081600,10.2,7.99,11.77,602.7,34.6,2.8,0.596,0.117,3.14,,,Ⅲ
2023-02-23T04:00:00+08:00,1677096000,10.1,7.99,11.84,603.8,35.3,2.71,0.599,0.114,3.2,,,Ⅲ
2023-02-23T08:00:00+08:00,1677110400,10.1,7.99,11.84,604.3,36.2,2.83,0.583,0.119,3.18,,,Ⅲ
2023-02-23T12:00:00+08:00,1677124800,10.0,8.01,11.98,605.9,37.4,2.74,0.568,0.115,3.14,,,Ⅲ
2023-02-23T16:00:00+08:00,1677139200,9.9,8.01,11.94,596.6,34.4,2.85,0.553,0.111,3.29,,,Ⅲ
2023-02-23T20:00:00+08:00,1677153600,9.8,7.99,11.87,589.3,31.1,2.81,0.559,0.109,3.26,,,Ⅲ
2023-02-24T00:00:00+08:00,1677168000,9.8,8.0,11.68,618.5,36.3,2.89,0.574,0.115,3.23,,,Ⅲ
2023-02-24T04:00:00+08:00,1677182400,9.6,7.97,11.46,620.0,35.0,2.67,0.568,0.114,3.33,,,Ⅲ
2023-02-24T08:00:00+08:00,1677196800,9.6,7.98,11.41,625.3,35.8,2.73,0.583,0.115,3.25,,,Ⅲ
2023-02-24T12:00:00+08:00,1677211200,9.7,8.04,12.07,627.0,35.5,2.72,0.566,0.115,3.24,,,Ⅲ
2023-02-24T16:00:00+08:00,1677225600,10.3,8.07,12.53,631.2,35.4,2.88,0.539,0.117,3.26,,,Ⅲ
2023-02-24T20:00:00+08:00,1677240000,10.1,8.0,11.89,624.0,33.1,2.81,0.569,0.116,3.26,,,Ⅲ
2023-02-25T00:00:00+08:00,1677254400,10.0,7.99,12.04,589.5,30.3,2.85,0.521,0.113,3.27,,,Ⅲ
2023-02-25T04:00:00+08:00,1677268800,9.8,7.97,11.82,594.2,29.0,2.7,0.518,0.106,3.26,,,Ⅲ
2023-02-25T08:00:00+08:00,1677283200,9.5,7.97,11.68,614.7,32.7,2.64,0.567,0.114,3.26,,,Ⅲ
2023-02-25T12:00:00+08:00,1677297600,9.8,8.03,12.46,620.3,31.7,2.77,0.6,0.118,3.33,,,Ⅲ
2023-02-25T16:00:00+08:00,1677312000,10.3,8.05,12.27,624.0,33.2,2.9,0.636,0.121,3.32,,,Ⅲ
2023-02-25T20:00:00+08:00,1677326400,10.2,8.0,11.76,633.3,31.9,2.77,0.659,0.118,3.4,,,Ⅲ
2023-02-26T00:00:00+08:00,1677340800,9.9,8.02,12.22,611.4,32.5,2.84,0.544,0.11,3.28,,,Ⅲ
2023-02-26T04:00:00+08:00,1677355200,9.7,8.02,12.19,609.8,28.2,2.71,0.532,0.107,3.26,,,Ⅲ
2023-02-26T08:00:00+08:00,1677369600,9.5,8.01,12.14,612.7,29.2,2.89,0.542,0.107,3.31,,,Ⅲ
2023-02-26T12:00:00+08:00,1677384000,10.2,8.07,12.81,610.4,28.9,2.9,0.5,0.103,3.25,,,Ⅲ
2023-02-26T16:00:00+08:00,1677398400,11.0,8.08,13.04,602.0,28.4,1.64,0.428,0.098,3.06,,,Ⅱ
2023-02-26T20:00:00+08:00,1677412800,10.2,8.08,12.82,613.8,28.3,2.7,0.493,0.104,3.24,,,Ⅲ
2023-02-27T00:00:00+08:00,1677427200,9.9,8.07,12.7,621.7,28.1,2.93,0.522,0.107,3.24,,,Ⅲ
2023-02-27T04:00:00+08:00,1677441600,9.6,8.04,12.3,629.0,30.1,2.74,0.554,0.109,3.27,,,Ⅲ
2023-02-27T08:00:00+08:00,1677456000,9.5,8.03,12.14,633.6,32.6,2.82,0.569,0.111,3.31,,,Ⅲ
2023-02-27T16:00:00+08:00,1677484800,10.4,8.13,13.21,617.2,29.7,2.87,0.474,0.102,3.19,,,Ⅲ
2023-02-27T20:00:00+08:00,1677499200,10.2,8.1,12.9,617.7,30.8,2.85,0.476,0.103,3.14,,,Ⅲ
2023-02-28T00:00:00+08:00,1677513600,10.1,8.08,12.65,626.3,31.4,,0.514,0.107,3.25,,,
2023-02-28T08:00:00+08:00,1677542400,9.9,8.07,12.56,631.0,31.9,2.74,0.532,0.111,3.22,,,Ⅲ
2023-02-28T12:00:00+08:00,1677556800,10.3,8.15,13.38,615.3,30.3,2.88,0.42,0.102,3.13,,,Ⅲ
2023-02-28T16:00:00+08:00,1677571200,10.6,8.2,13.9,608.3,27.5,3.03,0.379,0.098,3.09,,,Ⅱ
2023-02-28T20:00:00+08:00,1677585600,10.5,8.13,13.02,613.4,26.9,2.9,0.429,0.097,3.23,,,Ⅱ
2023-03-01T00:00:00+08:00,1677600000,10.4,8.09,12.72,615.7,27.1,2.94,0.425,0.097,3.2,,,Ⅱ
2023-03-01T04:00:00+08:00,1677614400,10.3,8.11,12.87,610.7,26.6,2.87,0.388,0.092,3.07,,,Ⅱ
2023-03-01T16:00:00+08:00,1677657600,11.6,8.31,14.47,618.5,27.6,3.18,0.408,0.101,3.16,,,Ⅲ
2023-03-01T20:00:00+08:00,1677672000,11.4,8.24,13.91,613.0,24.9,3.1,0.37,0.094,3.09,,,Ⅱ
2023-03-02T04:00:00+08:00,1677700800,10.9,8.23,13.94,608.9,24.1,2.95,0.322,0.092,3.02,,,
2023-03-02T08:00:00+08:00,1677715200,10.7,8.23,13.95,604.7,24.5,3.15,0.287,0.091,2.96,,,Ⅱ
2023-03-02T12:00:00+08:00,1677729600,13.3,8.41,14.57,605.5,22.9,3.31,0.299,0.097,2.97,,,Ⅱ
2023-03-02T16:00:00+08:00,1677744000,12.1,8.55,16.23,602.2,23.5,3.34,0.341,0.092,2.95,,,Ⅱ
2023-03-02T20:00:00+08:00,1677758400,11.5,8.46,15.5,602.6,23.7,3.28,0.237,0.087,2.86,,,Ⅱ
2023-03-03T04:00:00+08:00,1677787200,10.6,8.35,14.51,600.9,23.9,3.19,0.226,0.085,2.8,,,Ⅱ
2023-03-03T08:00:00+08:00,1677801600,10.5,8.33,14.41,602.7,23.8,3.06,0.219,0.082,2.79,,,Ⅱ
2023-03-03T16:00:00+08:00,1677830400,11.8,8.61,16.4,598.7,24.0,3.72,0.178,0.091,2.85,,,Ⅱ
2023-03-03T20:00:00+08:00,1677844800,11.4,8.43,15.03,604.9,23.4,3.15,0.236,0.085,2.83,,,Ⅱ
2023-03-04T04:00:00+08:00,1677873600,10.8,8.31,14.22,608.9,24.1,3.09,0.255,0.082,2.83,,,Ⅱ
2023-03-04T08:00:00+08:00,1677888000,10.7,8.34,14.46,606.3,23.1,2.95,0.212,0.078,2.77,,,Ⅱ
2023-03-04T12:00:00+08:00,1677902400,11.6,8.55,15.84,603.0,22.8,3.28,0.126,0.081,2.83,,,Ⅱ
2023-03-04T16:00:00+08:00,1677916800,12.0,8.7,16.92,601.9,23.3,3.68,0.149,0.087,2.82,,,Ⅱ
2023-03-04T20:00:00+08:00,1677931200,11.8,8.53,15.44,606.6,21.3,3.21,0.195,0.077,2.79,,,Ⅱ
2023-03-05T04:00:00+08:00,1677960000,11.2,8.42,14.72,608.3,22.9,3.03,0.182,0.074,2.84,,,Ⅱ
2023-03-05T08:00:00+08:00,1677974400,11.1,8.47,14.98,604.8,23.0,3.1,0.128,0.074,2.69,,,Ⅱ
2023-03-05T12:00:00+08:00,1677988800,12.0,8.68,16.46,601.7,22.9,3.38,0.109,0.077,2.69,,,Ⅱ
2023-03-05T16:00:00+08:00,1678003200,12.6,8.79,17.21,602.0,24.3,3.74,0.095,0.087,2.7,,,Ⅱ
2023-03-05T20:00:00+08:00,1678017600,12.3,8.61,15.67,608.7,23.0,3.34,0.149,0.075,2.74,,,Ⅱ
2023-03-06T04:00:00+08:00,1678046400,11.8,8.49,14.68,612.5,23.5,3.07,0.148,0.072,2.66,,,Ⅱ
2023-03-06T08:00:00+08:00,1678060800,11.8,8.54,14.98,608.6,22.9,3.03,0.108,0.065,2.54,,,Ⅱ
2023-03-06T12:00:00+08:00,1678075200,12.8,8.72,16.37,606.7,24.3,3.47,0.079,0.075,2.63,,,Ⅱ
2023-03-06T16:00:00+08:00,1678089600,13.4,8.77,16.61,610.4,25.2,3.46,0.158,0.08,2.71,,,Ⅱ
2023-03-06T20:00:00+08:00,1678104000,13.1,8.68,15.93,617.2,25.6,3.2,0.124,0.066,2.55,,,Ⅱ
2023-03-07T04:00:00+08:00,1678132800,12.7,8.57,15.08,616.3,22.5,3.02,0.118,0.064,2.6,,,Ⅱ
2023-03-07T08:00:00+08:00,1678147200,12.6,8.59,15.11,613.7,22.1,3.06,0.098,0.063,2.52,,,Ⅱ
2023-03-07T12:00:00+08:00,1678161600,13.6,8.75,16.42,612.5,24.1,3.37,0.072,0.077,2.51,,,Ⅱ
2023-03-07T20:00:00+08:00,1678190400,13.9,8.73,15.98,619.4,21.9,3.25,0.091,0.064,2.45,,,Ⅱ
2023-03-08T04:00:00+08:00,1678219200,13.8,8.68,15.85,628.1,24.2,3.2,0.077,0.068,2.51,,,Ⅱ
2023-03-08T08:00:00+08:00,1678233600,13.9,8.63,15.51,634.7,24.0,3.12,0.094,0.074,2.52,,,Ⅱ
2023-03-08T12:00:00+08:00,1678248000,14.5,8.77,16.45,624.8,25.7,3.38,0.13,0.079,2.57,,,Ⅱ
2023-03-08T16:00:00+08:00,1678262400,14.6,8.7,15.57,631.1,25.9,3.31,0.302,0.083,2.63,,,Ⅱ
2023-03-08T20:00:00+08:00,1678276800,14.9,8.81,16.7,636.3,27.1,3.42,0.063,0.083,2.59,,,Ⅱ
2023-03-09T04:00:00+08:00,1678305600,14.6,8.56,14.59,637.1,33.8,3.24,0.128,0.085,2.55,,,Ⅱ
2023-03-09T08:00:00+08:00,1678320000,14.6,8.51,14.32,637.2,30.2,3.21,0.153,0.085,2.56,,,Ⅱ
2023-03-09T12:00:00+08:00,1678334400,15.6,8.57,14.82,629.6,37.3,3.52,0.2,0.107,2.64,,,Ⅲ
2023-03-09T16:00:00+08:00,1678348800,16.4,8.52,13.99,621.8,41.6,4.1,0.223,0.116,2.63,,,Ⅲ
2023-03-09T20:00:00+08:00,1678363200,16.3,8.67,15.46,627.8,32.9,3.5,0.217,0.101,2.59,,,Ⅲ
2023-03-10T04:00:00+08:00,1678392000,15.7,8.47,14.08,635.6,31.2,3.17,0.16,0.091,2.57,,,Ⅱ
2023-03-10T08:00:00+08:00,1678406400,15.5,8.35,13.36,625.9,34.6,3.1,0.197,0.092,2.54,,,Ⅱ
2023-03-10T12:00:00+08:00,1678420800,16.5,8.73,16.22,634.1,30.5,3.36,0.169,0.092,2.55,,,Ⅱ
2023-03-10T16:00:00+08:00,1678435200,16.6,8.68,15.24,627.8,37.4,3.54,0.165,0.097,2.53,,,Ⅱ
2023-03-10T20:00:00+08:00,1678449600,16.5,8.61,14.92,623.3,33.8,3.21,0.185,0.09,2.54,,,Ⅱ
2023-03-11T04:00:00+08:00,1678478400,16.5,8.48,13.96,624.6,34.4,3.08,0.169,0.092,2.48,,,Ⅱ
2023-03-11T08:00:00+08:00,1678492800,16.3,8.38,13.33,626.1,35.5,3.02,0.184,0.092,2.47,,,Ⅱ
2023-03-11T12:00:00+08:00,1678507200,16.7,8.66,14.83,626.9,34.2,3.34,0.125,0.085,2.38,,,Ⅱ
2023-03-11T16:00:00+08:00,1678521600,17.1,8.71,14.82,626.6,36.7,3.36,0.199,0.086,2.36,,,Ⅱ
2023-03-11T20:00:00+08:00,1678536000,17.0,8.65,14.77,627.1,30.4,3.2,0.14,0.08,2.44,,,Ⅱ
2023-03-12T04:00:00+08:00,1678564800,16.7,8.36,12.91,634.2,38.5,3.16,0.183,0.097,2.58,,,Ⅱ
2023-03-12T08:00:00+08:00,1678579200,16.4,8.3,12.58,636.2,38.5,3.04,0.212,0.099,2.52,,,Ⅱ
2023-03-12T12:00:00+08:00,1678593600,16.4,8.44,13.6,636.5,39.4,3.23,0.203,0.108,2.58,,,Ⅲ
2023-03-12T16:00:00+08:00,1678608000,16.6,8.41,13.32,633.1,43.0,3.22,0.234,0.11,2.58,,,Ⅲ
2023-03-12T20:00:00+08:00,1678622400,16.3,8.35,12.82,631.8,44.0,3.12,0.228,0.112,2.56,,,Ⅲ
2023-03-13T04:00:00+08:00,1678651200,15.6,8.34,12.67,632.0,38.4,3.06,0.19,0.093,2.59,,,Ⅱ
2023-03-13T08:00:00+08:00,1678665600,15.5,8.32,12.56,632.6,40.6,3.1,0.222,0.1,2.53,,,Ⅱ
2023-03-13T12:00:00+08:00,1678680000,16.0,8.56,14.05,631.8,36.7,3.41,0.163,0.097,2.47,,,Ⅱ
2023-03-13T16:00:00+08:00,1678694400,16.2,8.56,13.86,629.2,39.2,3.39,0.151,0.094,2.44,,,Ⅱ
2023-03-13T20:00:00+08:00,1678708800,15.8,8.43,13.04,631.1,40.9,3.3,0.186,0.097,2.57,,,Ⅱ
2023-03-14T04:00:00+08:00,1678737600,15.1,8.3,12.18,630.1,45.5,3.21,0.182,0.103,2.48,,,Ⅲ
2023-03-14T08:00:00+08:00,1678752000,14.9,8.32,12.35,631.0,45.0,3.13,0.189,0.103,2.48,,,Ⅲ
2023-03-14T16:00:00+08:00,1678780800,16.1,8.47,13.18,630.5,39.7,2.17,0.162,0.092,2.38,,,Ⅱ
2023-03-14T20:00:00+08:00,1678795200,15.8,8.37,12.59,629.5,38.9,3.0,0.187,0.092,2.45,,,Ⅱ
2023-03-15T04:00:00+08:00,1678824000,15.4,8.29,12.04,629.0,37.6,3.01,0.196,0.092,2.53,,,Ⅱ
2023-03-15T08:00:00+08:00,1678838400,15.3,8.28,12.07,627.3,37.6,3.12,0.214,0.096,2.48,,,Ⅱ
2023-03-15T12:00:00+08:00,1678852800,16.3,8.39,12.83,627.1,35.8,2.93,0.155,0.085,2.28,,,Ⅱ
2023-03-15T16:00:00+08:00,1678867200,15.9,8.34,12.24,628.6,43.2,3.07,0.21,0.095,2.43,,,Ⅱ
2023-03-15T20:00:00+08:00,1678881600,16.5,8.51,13.39,626.0,33.1,3.06,0.172,0.086,2.35,,,Ⅱ
2023-03-16T04:00:00+08:00,1678910400,15.5,8.22,11.52,629.3,36.2,2.92,0.265,0.095,2.48,,,Ⅱ
2023-03-16T08:00:00+08:00,1678924800,15.1,8.2,11.51,628.9,39.7,2.81,0.28,0.101,2.58,,,Ⅲ
2023-03-16T12:00:00+08:00,1678939200,15.5,8.3,12.25,628.4,40.0,3.07,0.247,0.099,2.49,,,Ⅱ
2023-03-16T20:00:00+08:00,1678968000,15.5,8.27,11.96,626.2,48.8,3.0,0.281,0.107,2.58,,,Ⅲ
2023-03-17T04:00:00+08:00,1678996800,14.8,8.22,11.65,628.0,51.0,2.94,0.286,0.112,2.68,,,Ⅲ
2023-03-17T08:00:00+08:00,1679011200,14.4,8.24,12.0,601.8,103.7,3.62,0.384,0.17,2.93,,,Ⅲ
2023-03-17T12:00:00+08:00,1679025600,14.4,8.22,11.76,612.3,49.2,2.94,0.329,0.12,2.84,,,Ⅲ
2023-03-17T16:00:00+08:00,1679040000,14.3,8.17,11.42,607.4,42.1,2.95,0.397,0.126,3.08,,,Ⅲ
2023-03-17T20:00:00+08:00,1679054400,14.0,8.17,11.45,602.0,46.1,2.85,0.387,0.123,2.99,,,Ⅲ
2023-03-18T04:00:00+08:00,1679083200,13.8,8.09,10.74,604.3,52.1,2.8,0.439,0.128,2.98,,,Ⅲ
2023-03-18T08:00:00+08:00,1679097600,13.7,8.1,10.66,609.8,47.4,2.75,0.473,0.13,2.92,,,Ⅲ
2023-03-18T12:00:00+08:00,1679112000,14.1,8.16,11.19,605.9,50.0,2.91,0.492,0.131,2.91,,,Ⅲ
2023-03-18T16:00:00+08:00,1679126400,14.8,8.2,11.57,575.7,42.3,2.97,0.566,0.14,3.66,,,Ⅲ
2023-03-18T20:00:00+08:00,1679140800,14.9,8.25,12.01,583.0,38.0,2.93,0.414,0.114,2.84,,,Ⅲ
2023-03-19T04:00:00+08:00,1679169600,14.0,8.1,10.83,595.5,40.0,2.87,0.025,0.11,2.9,,,Ⅲ
2023-03-19T08:00:00+08:00,1679184000,13.8,8.1,10.8,581.2,37.4,2.64,0.458,0.112,2.83,,,Ⅲ
2023-03-19T16:00:00+08:00,1679212800,14.2,8.19,8.6,592.0,36.6,2.89,0.399,0.111,2.8,,,Ⅲ
2023-03-19T20:00:00+08:00,1679227200,14.0,8.14,8.23,581.8,35.6,2.79,0.428,0.111,2.76,,,Ⅲ
2023-03-20T04:00:00+08:00,1679256000,13.7,8.12,8.0,570.1,35.5,2.71,0.447,0.109,2.72,,,Ⅲ
2023-03-20T08:00:00+08:00,1679270400,13.7,8.12,8.02,565.2,34.6,2.74,0.451,0.108,2.61,,,Ⅲ
2023-03-20T12:00:00+08:00,1679284800,13.8,8.15,8.3,564.2,36.4,2.76,0.444,0.111,2.64,,,Ⅲ
2023-03-20T16:00:00+08:00,1679299200,14.1,8.14,8.37,586.6,36.0,2.84,0.385,0.11,2.63,,,Ⅲ
2023-03-20T20:00:00+08:00,1679313600,14.0,8.11,8.17,579.3,38.8,2.87,0.414,0.114,2.68,,,Ⅲ
2023-03-21T04:00:00+08:00,1679342400,13.8,8.08,7.85,536.6,38.4,2.67,0.461,0.111,2.61,,,Ⅲ
2023-03-21T08:00:00+08:00,1679356800,13.8,8.09,7.9,537.9,35.4,2.64,0.473,0.113,2.6,,,Ⅲ
2023-03-21T12:00:00+08:00,1679371200,14.0,8.16,8.38,533.1,33.8,3.02,0.481,0.122,2.68,,,Ⅲ
2023-03-21T16:00:00+08:00,1679385600,14.4,8.13,8.38,557.7,34.5,2.82,0.508,0.12,3.03,,,Ⅲ
2023-03-21T20:00:00+08:00,1679400000,14.3,8.03,7.68,552.6,32.3,2.76,0.523,0.115,2.82,,,Ⅲ
2023-03-22T04:00:00+08:00,1679428800,14.2,8.07,7.96,524.9,44.3,2.73,0.547,0.125,2.76,,,Ⅲ
2023-03-22T08:00:00+08:00,1679443200,14.3,7.98,7.35,525.8,30.5,2.46,0.55,0.118,2.86,,,Ⅲ
2023-03-22T12:00:00+08:00,1679457600,14.3,7.95,7.19,529.7,35.8,2.89,0.61,0.131,3.33,,,Ⅲ
2023-03-22T16:00:00+08:00,1679472000,14.4,7.97,7.28,521.8,39.8,2.67,0.652,0.127,2.93,,,Ⅲ
2023-03-22T20:00:00+08:00,1679486400,14.5,7.92,7.11,511.5,35.7,2.66,0.835,0.148,3.61,,,Ⅲ
2023-03-23T04:00:00+08:00,1679515200,14.2,7.95,7.32,529.7,38.8,2.82,0.6,0.123,2.9,,,Ⅲ
2023-03-23T08:00:00+08:00,1679529600,14.2,7.96,7.35,529.7,39.0,2.72,0.292,0.124,2.89,,,Ⅲ
2023-03-23T12:00:00+08:00,1679544000,14.3,7.97,7.46,536.6,36.6,2.88,0.653,0.128,3.06,,,Ⅲ
2023-03-23T16:00:00+08:00,1679558400,14.2,7.96,7.14,541.1,45.2,2.9,0.73,0.133,2.97,,,Ⅲ
2023-03-23T20:00:00+08:00,1679572800,14.1,7.93,6.77,539.5,45.6,2.99,0.74,0.135,3.05,,,Ⅲ
2023-03-24T04:00:00+08:00,1679601600,13.8,7.9,6.46,533.5,42.4,2.81,0.514,0.133,3.04,,,Ⅲ
2023-03-24T08:00:00+08:00,1679616000,13.7,7.88,6.44,529.1,42.3,2.78,0.784,0.134,3.1,,,Ⅲ
2023-03-24T12:00:00+08:00,1679630400,13.7,7.9,6.6,524.0,45.4,2.82,0.782,0.133,3.13,,,Ⅲ
2023-03-24T16:00:00+08:00,1679644800,13.7,7.88,6.43,524.9,41.2,2.74,0.81,0.132,3.16,,,Ⅲ
2023-03-24T20:00:00+08:00,1679659200,13.5,7.89,6.33,524.8,42.2,2.86,0.802,0.129,3.02,,,Ⅲ
2023-03-25T04:00:00+08:00,1679688000,13.1,7.88,6.59,530.2,40.0,2.89,0.843,0.128,3.09,,,Ⅲ
2023-03-25T08:00:00+08:00,1679702400,13.0,7.89,6.68,532.6,39.3,2.82,0.854,0.129,3.15,,,Ⅲ
2023-03-25T12:00:00+08:00,1679716800,13.1,7.89,6.77,537.1,38.5,2.85,0.87,0.133,3.11,,,Ⅲ
2023-03-25T16:00:00+08:00,1679731200,13.4,7.96,7.6,543.1,34.6,2.96,0.872,0.129,3.22,,,Ⅲ
2023-03-25T20:00:00+08:00,1679745600,13.1,7.89,6.95,547.2,33.0,2.8,0.814,0.126,3.28,,,Ⅲ
2023-03-26T04:00:00+08:00,1679774400,12.8,7.92,7.07,558.4,35.9,2.78,0.837,0.128,3.25,,,Ⅲ
2023-03-26T08:00:00+08:00,1679788800,12.8,7.92,7.71,548.2,35.9,2.82,0.486,0.12,3.03,,,Ⅲ
2023-03-26T12:00:00+08:00,1679803200,13.9,7.98,7.88,573.0,33.9,2.95,0.844,0.126,3.31,,,Ⅲ
2023-03-26T16:00:00+08:00,1679817600,15.1,8.06,8.89,550.7,38.6,3.07,0.588,0.12,2.94,,,Ⅲ
2023-03-26T20:00:00+08:00,1679832000,14.2,8.01,9.08,544.2,38.2,2.78,0.496,0.109,2.87,,,Ⅲ
2023-03-27T04:00:00+08:00,1679860800,13.3,7.92,7.9,556.2,33.2,2.82,0.599,0.11,2.9,,,Ⅲ
2023-03-27T08:00:00+08:00,1679875200,13.4,7.94,7.96,570.2,30.7,2.79,0.75,0.115,3.03,,,Ⅲ
2023-03-27T12:00:00+08:00,1679889600,14.3,8.07,9.09,557.7,32.5,2.93,0.598,0.113,2.96,,,Ⅲ
2023-03-27T16:00:00+08:00,1679904000,14.7,8.06,8.91,565.0,33.6,2.76,0.592,0.109,3.28,,,Ⅲ
2023-03-27T20:00:00+08:00,1679918400,14.4,8.0,8.17,581.1,33.2,2.84,0.673,0.114,3.41,,,Ⅲ
2023-03-28T04:00:00+08:00,1679947200,13.8,7.99,8.12,591.4,36.6,2.86,0.698,0.117,3.45,,,Ⅲ
2023-03-28T08:00:00+08:00,1679961600,13.8,8.01,8.31,594.2,31.8,2.75,0.693,0.114,3.33,,,Ⅲ
2023-03-28T12:00:00+08:00,1679976000,14.7,8.1,9.2,573.7,30.1,2.83,0.559,0.108,3.23,,,Ⅲ
2023-03-28T16:00:00+08:00,1679990400,15.2,8.11,9.27,575.6,41.9,2.91,0.562,0.108,3.26,,,Ⅲ
2023-03-28T20:00:00+08:00,1680004800,14.8,8.04,8.56,582.2,31.1,2.76,0.582,0.103,3.32,,,Ⅲ
2023-03-29T04:00:00+08:00,1680033600,14.6,8.04,8.49,597.9,34.0,2.79,0.635,0.107,3.32,,,Ⅲ
2023-03-29T08:00:00+08:00,1680048000,14.6,8.05,8.55,599.3,35.1,3.03,0.647,0.113,3.36,,,Ⅲ
2023-03-29T12:00:00+08:00,1680062400,14.9,8.12,9.16,600.6,39.9,2.94,0.632,0.118,3.33,,,Ⅲ
2023-03-29T16:00:00+08:00,1680076800,15.0,8.1,8.87,603.4,35.5,2.89,0.679,0.109,3.49,,,Ⅲ
2023-03-29T20:00:00+08:00,1680091200,15.0,8.06,8.54,613.1,39.5,2.93,0.699,0.109,3.41,,,Ⅲ
2023-03-30T04:00:00+08:00,1680120000,14.9,8.01,8.05,616.7,40.8,3.03,0.721,0.115,3.46,,,Ⅲ
2023-03-30T08:00:00+08:00,1680134400,14.9,8.02,8.05,617.2,36.4,3.04,0.723,0.113,3.44,,,Ⅲ
2023-03-30T12:00:00+08:00,1680148800,15.2,8.14,9.22,615.3,39.6,3.29,0.701,0.121,3.48,,,Ⅲ
2023-03-30T16:00:00+08:00,1680163200,15.4,8.13,9.07,618.0,39.9,3.06,0.716,0.113,3.43,,,Ⅲ
2023-03-30T20:00:00+08:00,1680177600,15.2,8.06,8.41,611.2,36.8,2.89,0.683,0.105,3.36,,,Ⅲ
2023-03-31T04:00:00+08:00,1680206400,15.0,8.03,8.11,622.2,37.7,3.03,0.739,0.107,3.34,,,Ⅲ
2023-03-31T08:00:00+08:00,1680220800,14.9,8.03,8.19,619.9,37.9,2.97,0.704,0.109,3.41,,,Ⅲ
2023-03-31T12:00:00+08:00,1680235200,15.1,8.07,8.51,617.4,35.9,2.84,0.693,0.103,3.42,,,Ⅲ
2023-03-31T16:00:00+08:00,1680249600,15.5,8.55,11.86,587.1,,3.66,0.421,0.108,3.26,,,Ⅲ
2023-03-31T20:00:00+08:00,1680264000,15.4,8.17,9.34,607.1,,2.96,0.587,0.1,3.31,,,Ⅲ
2023-04-01T00:00:00+08:00,1680278400,15.2,8.0,7.64,617.5,,3.03,0.7,0.107,3.27,,,Ⅲ
2023-04-01T04:00:00+08:00,1680292800,14.9,7.96,7.42,607.4,,2.91,0.598,0.094,3.24,,,Ⅲ
2023-04-01T08:00:00+08:00,1680307200,15.0,8.05,8.25,613.7,,3.0,0.621,0.1,3.3,,,Ⅲ
2023-04-01T12:00:00+08:00,1680321600,16.5,8.41,10.75,598.9,13.6,3.12,0.426,0.093,3.07,,,Ⅱ
2023-04-01T16:00:00+08:00,1680336000,16.6,8.41,10.64,599.6,14.1,3.09,0.417,0.084,3.02,,,Ⅱ
2023-04-01T20:00:00+08:00,1680350400,16.3,8.31,9.95,599.6,12.0,3.03,0.426,0.082,3.12,,,Ⅱ
2023-04-02T00:00:00+08:00,1680364800,16.2,8.33,9.85,610.1,13.1,3.06,0.486,0.088,3.21,,,Ⅱ
2023-04-02T04:00:00+08:00,1680379200,16.1,8.3,9.64,613.8,15.4,3.0,0.508,0.091,3.2,,,Ⅲ
2023-04-02T08:00:00+08:00,1680393600,16.0,8.32,9.83,615.3,13.8,2.97,0.508,0.091,3.16,,,Ⅲ
2023-04-02T12:00:00+08:00,1680408000,17.2,8.54,11.09,599.6,13.2,3.39,0.353,0.084,2.99,,,Ⅱ
2023-04-02T16:00:00+08:00,1680422400,17.5,8.7,11.59,595.5,14.4,3.45,0.305,0.083,2.92,,,Ⅱ
2023-04-02T20:00:00+08:00,1680436800,17.1,8.38,9.73,605.8,13.7,3.04,0.379,0.082,3.0,,,Ⅱ
2023-04-03T00:00:00+08:00,1680451200,16.6,8.38,9.68,607.6,15.3,3.16,0.387,0.082,2.98,,,Ⅱ
2023-04-03T04:00:00+08:00,1680465600,16.2,8.24,8.77,609.0,15.0,3.12,0.399,0.082,3.0,,,Ⅱ
2023-04-03T08:00:00+08:00,1680480000,16.2,8.29,9.19,611.1,20.1,3.14,0.385,0.092,3.02,,,Ⅱ
2023-04-03T12:00:00+08:00,1680494400,16.2,8.32,9.36,610.6,17.9,3.19,0.375,0.082,3.03,,,Ⅱ
2023-04-03T16:00:00+08:00,1680508800,16.3,8.34,9.44,602.9,14.7,3.33,0.39,0.085,3.1,,,Ⅱ
2023-04-03T20:00:00+08:00,1680523200,16.1,8.35,9.41,607.0,18.0,3.84,0.358,0.09,3.05,,,Ⅱ
2023-04-04T00:00:00+08:00,1680537600,16.1,8.34,9.33,607.8,19.6,3.24,0.354,0.09,3.06,,,Ⅱ
2023-04-04T04:00:00+08:00,1680552000,16.1,8.28,8.99,609.3,16.8,3.18,0.377,0.087,3.03,,,Ⅱ
2023-04-04T08:00:00+08:00,1680566400,16.2,8.25,8.93,587.4,18.8,3.24,0.403,0.095,3.58,,,Ⅱ
2023-04-04T12:00:00+08:00,1680580800,16.6,8.36,9.43,603.2,18.9,3.33,0.429,0.097,3.12,,,Ⅱ
2023-04-04T16:00:00+08:00,1680595200,16.7,8.29,9.02,603.5,17.0,3.09,0.446,0.09,3.09,,,Ⅱ
2023-04-04T20:00:00+08:00,1680609600,17.1,8.31,9.18,607.5,18.2,3.25,0.429,0.097,3.2,,,Ⅱ
2023-04-05T00:00:00+08:00,1680624000,16.7,8.22,8.65,610.7,17.7,3.11,0.433,0.102,3.26,,,Ⅲ
2023-04-05T04:00:00+08:00,1680638400,16.6,8.19,8.43,613.1,21.9,3.06,0.439,0.1,3.19,,,Ⅱ
2023-04-05T08:00:00+08:00,1680652800,16.4,8.14,8.11,624.6,21.3,3.03,0.476,0.107,3.14,,,Ⅲ
2023-04-05T12:00:00+08:00,1680667200,16.3,8.16,8.24,634.5,22.2,3.13,0.506,0.11,3.24,,,Ⅲ
2023-04-05T16:00:00+08:00,1680681600,16.3,8.16,8.24,639.6,22.8,3.32,0.529,0.116,3.21,,,Ⅲ
2023-04-05T20:00:00+08:00,1680696000,16.0,8.08,7.63,631.9,26.3,3.1,0.563,0.117,3.23,,,Ⅲ
2023-04-06T00:00:00+08:00,1680710400,15.9,8.04,7.3,608.8,24.3,3.06,0.537,0.117,3.14,,,Ⅲ
2023-04-06T04:00:00+08:00,1680724800,15.8,8.03,7.12,594.5,25.8,2.97,0.494,0.115,3.16,,,Ⅲ
2023-04-06T08:00:00+08:00,1680739200,15.8,8.04,7.2,589.1,25.1,2.88,0.452,0.114,3.07,,,Ⅲ
2023-04-06T12:00:00+08:00,1680753600,16.0,8.11,7.71,590.7,23.0,2.91,0.422,0.11,3.11,,,Ⅲ
2023-04-06T20:00:00+08:00,1680782400,15.7,8.09,7.31,608.5,22.5,2.88,0.432,0.104,3.18,,,Ⅲ
2023-04-07T00:00:00+08:00,1680796800,15.7,8.07,7.05,632.5,23.6,2.88,0.477,0.107,3.13,,,Ⅲ
2023-04-07T04:00:00+08:00,1680811200,15.5,8.06,6.99,653.1,22.5,2.92,0.511,0.105,3.18,,,Ⅲ
2023-04-07T08:00:00+08:00,1680825600,15.6,8.06,7.28,654.4,21.9,2.81,0.521,0.107,3.18,,,Ⅲ
2023-04-07T12:00:00+08:00,1680840000,16.0,8.19,8.13,660.0,23.0,3.15,0.541,0.115,3.26,,,Ⅲ
2023-04-07T16:00:00+08:00,1680854400,16.2,8.19,8.12,662.0,21.9,3.03,0.501,0.109,3.22,,,Ⅲ
2023-04-07T20:00:00+08:00,1680868800,16.0,8.12,7.67,657.9,19.1,2.96,0.49,0.103,3.13,,,Ⅲ
2023-04-08T00:00:00+08:00,1680883200,15.8,8.15,8.05,646.1,18.7,2.88,0.461,0.102,3.12,,,Ⅲ
2023-04-08T04:00:00+08:00,1680897600,15.6,8.11,7.74,647.2,18.3,2.9,0.482,0.099,3.18,,,Ⅱ
2023-04-08T08:00:00+08:00,1680912000,15.7,8.15,8.12,645.0,17.3,2.95,0.455,0.101,3.17,,,Ⅲ
2023-04-08T12:00:00+08:00,1680926400,16.5,8.24,8.82,637.6,18.7,2.99,0.394,0.099,3.1,,,Ⅱ
2023-04-08T16:00:00+08:00,1680940800,17.0,8.18,8.39,642.6,17.9,2.79,0.41,0.097,3.06,,,Ⅱ
2023-04-08T20:00:00+08:00,1680955200,16.8,8.23,8.67,646.4,15.4,2.92,0.408,0.096,3.06,,,Ⅱ
2023-04-09T00:00:00+08:00,1680969600,16.7,8.23,8.45,656.9,17.2,2.84,0.439,0.1,3.06,,,Ⅱ
2023-04-09T04:00:00+08:00,1680984000,16.5,8.17,7.96,659.4,16.4,2.91,0.452,0.1,3.08,,,Ⅱ
2023-04-09T08:00:00+08:00,1680998400,16.3,8.18,8.16,660.7,14.8,2.72,0.448,0.102,3.02,,,Ⅲ
2023-04-09T12:00:00+08:00,1681012800,16.8,8.24,8.5,659.9,17.5,2.88,0.451,0.103,3.1,,,Ⅲ
2023-04-09T16:00:00+08:00,1681027200,17.4,8.29,9.05,648.1,16.9,3.02,0.383,0.097,3.06,,,Ⅱ
2023-04-09T20:00:00+08:00,1681041600,17.4,8.29,8.88,652.7,16.3,2.97,0.423,0.097,2.98,,,Ⅱ
2023-04-10T00:00:00+08:00,1681056000,17.2,8.27,8.8,650.5,15.7,2.78,0.425,0.099,3.05,,,Ⅱ
2023-04-10T04:00:00+08:00,1681070400,16.9,8.22,8.43,649.3,20.5,2.98,0.429,0.106,3.03,,,Ⅲ
2023-04-10T08:00:00+08:00,1681084800,17.0,8.23,8.58,647.0,15.8,2.8,0.419,0.1,2.96,,,Ⅱ
2023-04-10T12:00:00+08:00,1681099200,17.5,8.29,8.99,642.7,18.3,2.89,0.374,0.1,2.99,,,Ⅱ
2023-04-10T16:00:00+08:00,1681113600,18.4,8.39,9.61,638.2,18.7,2.96,0.334,0.095,2.84,,,Ⅱ
2023-04-10T20:00:00+08:00,1681128000,18.2,8.37,9.33,635.9,16.2,2.85,0.025,0.091,2.86,,,Ⅱ
2023-04-11T00:00:00+08:00,1681142400,18.1,8.31,9.0,630.6,17.5,2.7,0.353,0.095,2.79,,,Ⅱ
2023-04-11T04:00:00+08:00,1681156800,18.1,8.28,8.77,627.5,17.8,2.71,0.345,0.093,2.84,,,Ⅱ
2023-04-11T08:00:00+08:00,1681171200,18.3,8.29,8.84,624.1,18.4,3.06,0.329,0.106,2.87,,,Ⅲ
2023-04-11T12:00:00+08:00,1681185600,18.5,8.48,10.13,621.9,14.9,2.87,0.319,0.097,2.79,,,Ⅱ
2023-04-11T16:00:00+08:00,1681200000,19.8,8.95,12.75,615.0,13.6,3.19,0.243,0.094,2.78,,,Ⅱ
2023-04-11T20:00:00+08:00,1681214400,18.9,8.59,,620.4,17.5,2.99,0.261,0.09,2.77,,,
2023-04-12T00:00:00+08:00,1681228800,18.6,8.52,,618.5,16.3,2.95,0.267,0.091,2.72,,,
2023-04-12T04:00:00+08:00,1681243200,18.4,8.39,,612.9,18.2,2.73,0.309,0.093,2.79,,,
2023-04-12T08:00:00+08:00,1681257600,18.0,8.31,,615.1,16.8,2.93,0.315,0.102,2.79,,,
2023-04-12T12:00:00+08:00,1681272000,18.7,8.68,10.8,625.5,18.7,3.26,0.177,0.09,2.75,,,Ⅱ
2023-04-12T16:00:00+08:00,1681286400,19.3,8.79,,621.8,18.8,3.34,0.179,0.09,2.7,,,
2023-04-12T20:00:00+08:00,1681300800,18.9,8.6,9.13,616.3,20.7,2.96,0.224,0.086,2.59,,,Ⅱ
2023-04-13T00:00:00+08:00,1681315200,18.3,8.55,8.78,615.8,22.6,2.86,0.223,0.088,2.58,,,Ⅱ
2023-04-13T04:00:00+08:00,1681329600,18.0,8.47,8.4,614.2,22.4,2.89,0.219,0.089,2.65,,,Ⅱ
2023-04-13T08:00:00+08:00,1681344000,17.9,8.49,8.52,613.7,22.2,3.01,0.209,0.093,2.63,,,Ⅱ
2023-04-13T12:00:00+08:00,1681358400,18.2,8.53,8.6,613.0,25.3,2.86,0.203,0.083,2.54,,,Ⅱ
2023-04-13T16:00:00+08:00,1681372800,18.2,8.52,8.43,617.4,20.9,2.78,0.232,0.083,2.6,,,Ⅱ
2023-04-13T20:00:00+08:00,1681387200,18.1,8.45,8.13,616.9,26.0,2.76,0.231,0.088,2.58,,,Ⅱ
2023-04-14T00:00:00+08:00,1681401600,18.0,8.42,7.96,616.0,21.5,2.76,0.227,0.086,2.57,,,Ⅱ
2023-04-14T04:00:00+08:00,1681416000,17.9,8.39,7.88,616.4,28.7,2.79,0.221,0.096,2.62,,,Ⅱ
2023-04-14T08:00:00+08:00,1681430400,18.0,8.43,8.03,616.5,22.3,3.28,0.208,0.096,2.58,,,Ⅱ
2023-04-14T12:00:00+08:00,1681444800,18.6,8.78,9.63,614.7,21.5,3.49,0.176,0.108,2.73,,,Ⅲ
2023-04-14T16:00:00+08:00,1681459200,18.6,8.66,9.04,616.4,20.0,3.23,0.174,0.084,2.52,,,Ⅱ
2023-04-14T20:00:00+08:00,1681473600,18.7,8.63,8.86,613.2,22.3,3.05,0.171,0.088,2.55,,,Ⅱ
2023-04-15T00:00:00+08:00,1681488000,18.5,8.46,8.01,603.8,23.8,2.86,0.207,0.092,2.55,,,Ⅱ
2023-04-15T04:00:00+08:00,1681502400,18.2,8.35,7.51,603.5,22.9,2.72,0.204,0.089,2.56,,,Ⅱ
2023-04-15T08:00:00+08:00,1681516800,18.2,8.27,7.11,601.9,21.4,2.61,0.228,0.086,2.55,,,Ⅱ
2023-04-15T12:00:00+08:00,1681531200,19.3,8.58,8.65,592.5,22.0,2.86,0.233,0.094,2.53,,,Ⅱ
2023-04-15T16:00:00+08:00,1681545600,19.7,8.76,9.29,585.8,24.3,3.01,0.219,0.102,2.57,,,Ⅲ
2023-04-15T20:00:00+08:00,1681560000,19.4,8.6,8.48,590.4,24.2,2.79,0.204,0.091,2.5,,,Ⅱ
2023-04-16T00:00:00+08:00,1681574400,19.2,8.61,8.68,602.0,22.3,2.83,0.145,0.085,2.5,,,Ⅱ
2023-04-16T04:00:00+08:00,1681588800,18.7,8.42,7.79,603.1,23.2,2.76,0.169,0.082,2.47,,,Ⅱ
2023-04-16T12:00:00+08:00,1681617600,19.8,8.78,9.56,600.7,21.8,2.77,0.135,0.082,2.44,,,Ⅱ
2023-04-16T16:00:00+08:00,1681632000,20.1,8.66,8.79,597.4,23.2,2.83,0.15,0.079,2.42,,,Ⅱ
2023-04-16T20:00:00+08:00,1681646400,19.8,8.54,8.1,592.5,24.8,2.73,0.187,0.084,2.43,,,Ⅱ
2023-04-17T04:00:00+08:00,1681675200,19.0,8.36,7.2,586.3,26.6,2.59,0.182,0.086,2.39,,,Ⅱ
2023-04-17T08:00:00+08:00,1681689600,19.1,8.35,7.27,586.4,24.6,2.58,0.175,0.083,2.33,,,Ⅱ
2023-04-17T12:00:00+08:00,1681704000,19.9,8.59,8.06,592.7,24.1,2.79,0.174,0.084,2.32,,,Ⅱ
2023-04-17T16:00:00+08:00,1681718400,20.7,8.81,9.04,592.1,31.2,2.93,0.094,0.081,2.35,,,Ⅱ
2023-04-17T20:00:00+08:00,1681732800,20.7,8.65,8.24,585.7,28.5,2.75,0.111,0.077,2.36,,,Ⅱ
2023-04-18T00:00:00+08:00,1681747200,20.7,8.55,7.81,581.6,30.1,2.59,0.117,0.081,2.32,,,Ⅱ
2023-04-18T04:00:00+08:00,1681761600,20.7,8.51,7.64,576.4,33.0,2.67,0.116,0.084,2.33,,,Ⅱ
2023-04-18T08:00:00+08:00,1681776000,20.8,8.41,7.27,569.6,31.1,2.64,0.124,0.091,2.37,,,Ⅱ
2023-04-18T12:00:00+08:00,1681790400,21.5,8.92,9.73,572.5,29.7,2.79,0.113,0.087,2.34,,,Ⅱ
2023-04-18T16:00:00+08:00,1681804800,22.0,9.02,10.0,579.9,31.6,2.72,0.074,0.07,2.19,,,劣Ⅴ
2023-04-18T20:00:00+08:00,1681819200,22.0,9.03,9.81,567.3,32.9,2.78,0.042,0.072,2.13,,,劣Ⅴ
2023-04-19T00:00:00+08:00,1681833600,21.9,8.69,8.2,561.7,35.7,,0.073,0.075,2.26,,,
2023-04-19T04:00:00+08:00,1681848000,21.7,8.4,6.96,556.1,51.1,,0.103,0.095,2.33,,,
2023-04-19T08:00:00+08:00,1681862400,21.6,8.38,6.82,549.9,37.4,,0.104,0.092,2.35,,,
2023-04-19T12:00:00+08:00,1681876800,21.9,8.63,7.82,554.8,31.6,2.78,0.122,0.08,2.3,,,Ⅱ
2023-04-19T16:00:00+08:00,1681891200,21.9,8.64,7.78,549.6,11.7,2.58,0.108,0.084,2.25,,,Ⅱ
2023-04-19T20:00:00+08:00,1681905600,22.4,9.03,9.74,554.2,10.6,2.93,0.062,0.08,2.18,,,劣Ⅴ
2023-04-20T00:00:00+08:00,1681920000,21.9,8.59,7.45,556.3,20.8,3.0,0.149,0.089,2.35,,,Ⅱ
2023-04-20T04:00:00+08:00,1681934400,21.7,8.41,6.9,541.2,18.4,2.91,0.111,0.09,2.27,,,Ⅱ
2023-04-20T08:00:00+08:00,1681948800,21.7,8.45,7.12,538.3,15.5,2.9,0.11,0.093,2.31,,,Ⅱ
2023-04-20T12:00:00+08:00,1681963200,22.5,8.95,9.32,557.0,14.5,3.0,0.063,0.082,2.19,,,Ⅱ
2023-04-20T20:00:00+08:00,1681992000,22.6,8.81,8.52,545.0,14.8,2.87,0.075,0.074,2.17,,,Ⅱ
2023-04-21T04:00:00+08:00,1682020800,22.2,8.56,7.48,537.6,19.4,2.83,0.077,0.087,2.23,,,Ⅱ
2023-04-21T08:00:00+08:00,1682035200,22.0,8.4,6.81,534.8,18.1,2.69,0.1,0.094,2.28,,,Ⅱ
2023-04-21T12:00:00+08:00,1682049600,22.1,8.58,7.72,531.4,22.3,3.15,0.07,0.104,2.35,,,Ⅲ
2023-04-21T20:00:00+08:00,1682078400,21.8,8.48,7.16,513.3,22.3,2.91,0.108,0.1,2.29,,,Ⅱ
2023-04-22T00:00:00+08:00,1682092800,21.6,8.61,7.64,516.5,20.5,2.84,0.1,0.098,2.3,,,Ⅱ
2023-04-22T04:00:00+08:00,1682107200,21.2,8.34,6.54,514.7,21.8,2.8,0.13,0.099,2.27,,,Ⅱ
2023-04-22T08:00:00+08:00,1682121600,21.1,8.31,6.48,516.3,18.7,2.59,0.132,0.098,2.25,,,Ⅱ
2023-04-22T16:00:00+08:00,1682150400,21.4,8.79,8.39,532.9,20.3,4.02,0.075,0.09,2.13,,,Ⅲ
2023-04-22T20:00:00+08:00,1682164800,21.0,8.5,7.21,522.7,21.9,3.27,0.121,0.093,2.21,,,Ⅱ
2023-04-23T00:00:00+08:00,1682179200,20.7,8.33,6.56,512.5,24.8,2.87,0.154,0.102,2.32,,,Ⅲ
2023-04-23T04:00:00+08:00,1682193600,20.5,8.25,6.22,510.0,24.6,2.69,0.165,0.103,2.34,,,Ⅲ
2023-04-23T08:00:00+08:00,1682208000,20.2,8.22,6.02,509.8,29.4,2.78,0.173,0.108,2.36,,,Ⅲ
2023-04-23T16:00:00+08:00,1682236800,19.9,8.2,6.05,504.3,26.2,2.72,0.19,0.107,2.4,,,Ⅲ
2023-04-23T20:00:00+08:00,1682251200,19.7,8.18,5.8,506.5,35.0,2.67,0.192,0.11,2.41,,,Ⅲ
2023-04-24T00:00:00+08:00,1682265600,19.4,8.14,5.57,498.2,32.3,2.64,0.211,0.112,2.44,,,Ⅲ
2023-04-24T04:00:00+08:00,1682280000,19.1,8.11,5.38,495.2,30.4,2.59,0.228,0.11,2.48,,,Ⅲ
2023-04-24T08:00:00+08:00,1682294400,18.9,8.09,5.32,493.7,27.8,2.46,0.238,0.11,2.44,,,Ⅲ
2023-04-24T12:00:00+08:00,1682308800,18.8,8.11,5.43,489.8,27.5,2.49,0.244,0.113,2.52,,,Ⅲ
2023-04-24T16:00:00+08:00,1682323200,18.8,8.11,5.45,490.3,31.2,2.42,0.284,0.119,2.53,,,Ⅲ
2023-04-24T20:00:00+08:00,1682337600,18.6,8.09,5.33,492.9,30.1,2.5,0.074,0.115,2.52,,,Ⅲ
2023-04-25T00:00:00+08:00,1682352000,18.5,8.08,5.18,497.4,29.2,2.54,0.266,0.117,2.55,,,Ⅲ
2023-04-25T04:00:00+08:00,1682366400,18.4,8.08,5.21,500.5,28.7,2.55,0.26,0.114,2.53,,,Ⅲ
2023-04-25T08:00:00+08:00,1682380800,18.3,8.09,5.3,505.5,26.9,2.49,0.242,0.112,2.52,,,Ⅲ
2023-04-25T12:00:00+08:00,1682395200,18.4,8.19,6.0,512.3,26.4,2.72,0.227,0.115,2.58,,,Ⅲ
2023-04-25T16:00:00+08:00,1682409600,18.7,8.23,6.22,523.4,32.5,2.64,0.214,0.113,2.5,,,Ⅲ
2023-04-25T20:00:00+08:00,1682424000,18.4,8.13,5.69,524.2,33.0,2.53,0.225,0.11,2.5,,,Ⅲ
2023-04-26T00:00:00+08:00,1682438400,18.2,8.09,5.45,525.8,31.9,2.49,0.232,0.112,2.5,,,Ⅲ
2023-04-26T08:00:00+08:00,1682467200,18.0,8.13,5.85,524.4,25.6,2.46,0.244,0.107,2.44,,,Ⅲ
2023-04-26T12:00:00+08:00,1682481600,19.1,8.13,5.7,544.1,30.4,2.56,0.251,0.114,2.52,,,Ⅲ
2023-04-26T16:00:00+08:00,1682496000,19.3,8.21,6.26,546.8,28.0,2.57,0.221,0.106,2.41,,,Ⅲ
2023-04-26T20:00:00+08:00,1682510400,19.5,8.1,5.66,525.1,21.6,2.46,0.189,0.089,2.19,,,Ⅲ
2023-04-27T00:00:00+08:00,1682524800,18.9,8.09,5.5,539.8,26.6,2.51,0.213,0.099,2.32,,,Ⅲ
2023-04-27T04:00:00+08:00,1682539200,18.4,8.04,5.07,572.9,25.5,2.54,0.264,0.105,2.45,,,Ⅲ
2023-04-27T08:00:00+08:00,1682553600,18.3,8.14,5.91,568.3,23.6,2.45,0.228,0.102,2.42,,,Ⅲ
2023-04-27T12:00:00+08:00,1682568000,19.1,8.21,6.31,560.5,49.5,2.79,0.223,0.122,2.53,,,Ⅲ
2023-04-27T16:00:00+08:00,1682582400,19.7,8.27,6.66,555.0,28.7,2.64,0.205,0.106,2.69,,,Ⅲ
2023-04-27T20:00:00+08:00,1682596800,19.5,8.21,6.29,566.0,28.4,2.66,0.221,0.104,2.51,,,Ⅲ
2023-04-28T04:00:00+08:00,1682625600,19.3,8.15,5.83,588.8,30.0,2.69,0.245,0.111,2.54,,,Ⅲ
2023-04-28T08:00:00+08:00,1682640000,19.4,8.18,6.09,590.1,24.2,2.65,0.238,0.106,2.56,,,Ⅲ
2023-04-28T12:00:00+08:00,1682654400,20.3,8.32,7.07,570.6,25.2,2.8,0.204,0.101,2.47,,,Ⅲ
2023-04-28T16:00:00+08:00,1682668800,20.7,8.35,7.06,568.8,24.1,3.25,0.185,0.097,2.39,,,Ⅱ
2023-04-28T20:00:00+08:00,1682683200,20.7,8.22,6.3,571.1,21.7,2.58,0.211,0.097,2.47,,,Ⅱ
2023-04-29T00:00:00+08:00,1682697600,20.8,8.35,6.94,575.4,21.0,2.68,0.186,0.092,2.36,,,Ⅱ
2023-04-29T04:00:00+08:00,1682712000,20.6,8.2,6.11,575.3,32.2,2.9,0.204,0.112,2.48,,,Ⅲ
2023-04-29T12:00:00+08:00,1682740800,20.1,8.31,6.72,572.0,29.1,2.9,0.245,0.111,2.56,,,Ⅲ
2023-04-29T16:00:00+08:00,1682755200,20.1,8.36,6.94,569.5,27.6,2.91,0.251,0.107,2.56,,,Ⅲ
2023-04-29T20:00:00+08:00,1682769600,19.9,8.28,6.5,568.7,32.2,2.87,0.227,0.106,2.51,,,Ⅲ
2023-04-30T04:00:00+08:00,1682798400,19.4,8.2,6.05,568.9,29.9,2.84,0.224,0.104,2.5,,,Ⅲ
2023-04-30T08:00:00+08:00,1682812800,19.5,8.18,6.02,568.9,26.7,2.7,0.228,0.106,2.5,,,Ⅲ
2023-04-30T12:00:00+08:00,1682827200,20.4,8.59,7.8,566.8,31.6,2.76,0.19,0.102,2.44,,,Ⅲ
2023-04-30T16:00:00+08:00,1682841600,23.2,9.1,10.43,560.5,20.5,3.1,0.118,0.093,2.29,,,劣Ⅴ
2023-05-01T10:52:00+08:00,1682909520,,,,,,,,,,,,
2023-05-01T12:00:00+08:00,1682913600,21.8,8.91,9.65,558.8,22.2,2.79,0.064,0.085,2.52,,,Ⅱ
2023-05-01T16:00:00+08:00,1682928000,21.7,8.95,9.33,556.5,27.5,3.15,0.047,0.079,2.48,,,Ⅱ
2023-05-01T20:00:00+08:00,1682942400,21.3,8.8,8.67,556.5,25.3,3.22,0.07,0.077,2.45,,,Ⅱ
2023-05-02T04:00:00+08:00,1682971200,20.3,8.39,6.85,559.8,30.2,2.84,0.109,0.087,2.56,,,Ⅱ
2023-05-02T08:00:00+08:00,1682985600,20.1,8.42,7.12,559.3,32.6,2.79,0.081,0.083,2.46,,,Ⅱ
2023-05-02T12:00:00+08:00,1683000000,21.2,9.03,9.5,552.8,30.4,3.11,0.025,0.074,2.33,,,劣Ⅴ
2023-05-02T16:00:00+08:00,1683014400,21.5,9.05,9.32,552.5,29.7,3.17,0.025,0.072,2.19,,,劣Ⅴ
2023-05-02T20:00:00+08:00,1683028800,21.5,8.96,8.82,554.0,33.7,3.07,0.025,0.078,2.22,,,Ⅱ
2023-05-03T04:00:00+08:00,1683057600,21.3,8.76,7.92,556.6,35.4,3.06,0.025,0.08,2.27,,,Ⅱ
2023-05-03T08:00:00+08:00,1683072000,21.3,8.69,7.8,557.4,32.9,2.9,0.025,0.076,2.23,,,Ⅱ
2023-05-03T12:00:00+08:00,1683086400,21.5,8.95,8.73,552.9,28.1,2.95,0.025,0.072,2.1,,,Ⅱ
2023-05-03T16:00:00+08:00,1683100800,21.8,9.14,9.48,552.3,29.6,3.29,0.025,0.066,2.04,,,劣Ⅴ
2023-05-03T20:00:00+08:00,1683115200,21.7,8.67,7.29,559.8,23.4,2.88,0.136,0.068,2.13,,,Ⅱ
2023-05-04T04:00:00+08:00,1683144000,21.8,8.71,7.66,574.2,29.7,2.95,0.044,0.074,2.32,,,Ⅱ
2023-05-04T08:00:00+08:00,1683158400,22.0,8.69,7.76,575.9,33.4,2.98,0.041,0.079,2.28,,,Ⅱ
2023-05-04T12:00:00+08:00,1683172800,22.9,8.93,8.54,568.9,33.1,3.03,0.031,0.071,2.04,,,Ⅱ
2023-05-04T16:00:00+08:00,1683187200,23.4,8.96,8.85,568.0,30.9,3.03,0.038,0.071,2.12,,,Ⅱ
2023-05-04T20:00:00+08:00,1683201600,23.0,8.77,8.03,583.4,30.0,2.9,0.045,0.073,2.18,,,Ⅱ
2023-05-05T04:00:00+08:00,1683230400,23.2,8.48,6.79,604.3,40.5,3.02,0.094,0.088,2.28,,,Ⅱ
2023-05-05T08:00:00+08:00,1683244800,23.1,8.39,6.39,615.6,30.4,2.8,0.129,0.086,2.35,,,Ⅱ
2023-05-05T12:00:00+08:00,1683259200,23.4,8.5,6.93,623.4,28.9,3.05,0.157,0.089,2.42,,,Ⅱ
2023-05-05T16:00:00+08:00,1683273600,23.1,8.44,6.59,622.5,34.0,2.95,0.171,0.089,2.42,,,Ⅱ
2023-05-05T20:00:00+08:00,1683288000,22.9,8.28,5.72,625.4,36.8,2.79,0.213,0.094,2.48,,,Ⅲ
2023-05-06T04:00:00+08:00,1683316800,22.5,8.2,5.18,630.8,51.9,2.91,0.257,0.108,2.61,,,Ⅲ
2023-05-06T08:00:00+08:00,1683331200,22.4,8.13,4.77,631.5,35.8,2.73,0.278,0.103,2.52,,,Ⅳ
2023-05-06T12:00:00+08:00,1683345600,22.6,8.17,5.08,627.4,31.9,2.79,0.282,0.106,2.64,,,Ⅲ
2023-05-06T16:00:00+08:00,1683360000,22.8,8.16,5.06,617.6,31.3,2.76,0.25,0.102,2.66,,,Ⅲ
2023-05-06T20:00:00+08:00,1683374400,22.5,8.1,4.44,617.7,43.8,2.9,0.249,0.112,2.71,,,Ⅳ
2023-05-07T11:18:00+08:00,1683429480,,,,,,,,,,,,
2023-05-07T12:00:00+08:00,1683432000,21.7,8.11,4.65,642.9,37.6,2.78,0.243,0.146,2.53,,,Ⅳ
2023-05-07T16:00:00+08:00,1683446400,21.8,7.69,4.8,654.3,37.8,2.87,0.247,0.117,2.64,,,Ⅳ
2023-05-07T20:00:00+08:00,1683460800,21.6,7.69,4.72,658.1,41.7,2.87,0.256,0.116,2.52,,,Ⅳ
2023-05-08T04:00:00+08:00,1683489600,21.0,7.67,4.59,656.4,45.2,2.9,0.246,0.121,2.58,,,Ⅳ
2023-05-08T16:00:00+08:00,1683532800,22.2,7.75,6.1,623.1,36.7,2.66,0.208,0.102,2.48,,,Ⅲ
2023-05-08T20:00:00+08:00,1683547200,21.4,7.72,5.55,628.8,34.8,2.62,0.243,0.106,2.48,,,Ⅲ
2023-05-09T04:00:00+08:00,1683576000,21.1,7.72,5.33,627.0,33.6,2.81,0.277,0.117,2.56,,,Ⅲ
2023-05-09T08:00:00+08:00,1683590400,21.2,7.69,5.24,627.6,30.1,2.68,0.27,0.114,2.56,,,Ⅲ
2023-05-09T12:00:00+08:00,1683604800,22.3,7.77,5.78,629.9,41.8,2.72,0.23,0.114,2.57,,,Ⅲ
2023-05-09T16:00:00+08:00,1683619200,22.6,7.83,6.08,626.7,32.7,2.83,0.21,0.105,2.45,,,Ⅲ
2023-05-10T12:00:00+08:00,1683691200,21.7,7.79,5.59,581.2,32.2,2.73,0.245,0.111,2.54,,,Ⅲ
2023-05-10T16:00:00+08:00,1683705600,21.9,7.95,6.47,588.3,27.4,2.94,0.22,0.11,2.52,,,Ⅲ
2023-05-10T20:00:00+08:00,1683720000,21.4,7.8,5.51,566.7,24.2,2.72,0.254,0.108,2.52,,,Ⅲ
2023-05-11T00:00:00+08:00,1683734400,21.3,7.75,5.18,562.4,44.2,2.86,0.274,0.124,2.58,,,Ⅲ
2023-05-11T04:00:00+08:00,1683748800,21.1,7.73,5.0,561.7,82.5,3.37,0.283,0.151,2.72,,,Ⅲ
2023-05-11T08:00:00+08:00,1683763200,21.0,7.7,4.87,562.0,25.8,2.72,0.135,0.112,2.55,,,Ⅳ
2023-05-11T12:00:00+08:00,1683777600,21.3,7.9,6.29,564.0,23.4,3.05,0.257,0.119,2.6,,,Ⅲ
2023-05-11T16:00:00+08:00,1683792000,21.2,7.7,4.78,573.2,28.1,2.73,0.283,0.108,2.5,,,Ⅳ
2023-05-11T20:00:00+08:00,1683806400,21.0,7.78,5.39,568.2,29.6,2.75,0.312,0.113,2.56,,,Ⅲ
2023-05-12T00:00:00+08:00,1683820800,20.7,7.69,4.64,571.5,29.0,2.75,0.344,0.115,2.74,,,Ⅳ
2023-05-12T04:00:00+08:00,1683835200,20.7,7.66,4.44,575.7,30.3,2.76,0.353,0.117,2.7,,,Ⅳ
2023-05-12T08:00:00+08:00,1683849600,20.6,7.65,4.35,577.6,25.7,2.8,0.348,0.129,2.58,,,Ⅳ
2023-05-12T12:00:00+08:00,1683864000,21.6,7.76,5.27,578.1,25.3,2.75,0.312,0.111,2.57,,,Ⅲ
2023-05-12T16:00:00+08:00,1683878400,22.3,7.98,6.66,586.0,21.1,2.83,0.209,0.101,2.37,,,Ⅲ
2023-05-12T20:00:00+08:00,1683892800,21.8,7.77,5.5,579.9,21.1,2.65,0.262,0.104,2.46,,,Ⅲ
2023-05-13T00:00:00+08:00,1683907200,21.7,7.78,5.39,568.2,25.5,2.74,0.277,0.109,2.53,,,Ⅲ
2023-05-13T04:00:00+08:00,1683921600,21.3,7.72,4.98,556.2,27.6,2.72,0.305,0.109,2.55,,,Ⅳ
2023-05-13T08:00:00+08:00,1683936000,21.3,7.74,5.14,556.1,28.1,2.68,0.283,0.11,2.57,,,Ⅲ
2023-05-13T12:00:00+08:00,1683950400,22.2,7.75,5.29,556.1,14.9,2.53,0.281,0.104,2.47,,,Ⅲ
2023-05-13T16:00:00+08:00,1683964800,23.0,8.22,7.76,560.3,30.7,3.17,0.198,0.12,2.54,,,Ⅲ
2023-05-13T20:00:00+08:00,1683979200,22.5,7.89,6.27,556.8,23.0,2.87,0.235,0.103,2.49,,,Ⅲ
2023-05-14T00:00:00+08:00,1683993600,22.7,7.81,5.55,547.6,28.5,2.7,0.249,0.106,2.5,,,Ⅲ
2023-05-14T04:00:00+08:00,1684008000,22.4,7.77,5.26,545.0,27.8,2.66,0.25,0.103,2.44,,,Ⅲ
2023-05-14T08:00:00+08:00,1684022400,22.3,7.73,5.17,551.5,21.5,2.73,0.234,0.102,2.49,,,Ⅲ
2023-05-14T12:00:00+08:00,1684036800,23.9,7.94,6.65,543.7,19.6,2.71,0.2,0.106,2.43,,,Ⅲ
2023-05-14T16:00:00+08:00,1684051200,24.5,7.97,6.44,531.0,23.9,2.77,0.196,0.1,2.38,,,Ⅱ
2023-05-14T20:00:00+08:00,1684065600,24.4,7.88,6.25,546.5,18.1,2.58,0.174,0.09,2.32,,,Ⅱ
2023-05-15T00:00:00+08:00,1684080000,23.8,7.86,6.06,553.0,25.3,2.64,0.169,0.096,2.38,,,Ⅱ
2023-05-15T04:00:00+08:00,1684094400,23.1,7.73,5.09,543.3,23.5,2.67,0.201,0.101,2.43,,,Ⅲ
2023-05-15T08:00:00+08:00,1684108800,23.3,7.74,5.27,538.7,20.4,2.55,0.186,0.095,2.4,,,Ⅲ
2023-05-15T12:00:00+08:00,1684123200,24.5,8.08,7.41,533.4,18.8,2.66,0.145,0.099,2.3,,,Ⅱ
2023-05-15T16:00:00+08:00,1684137600,25.6,8.77,10.25,545.5,23.9,3.36,0.05,0.096,2.24,,,Ⅱ
2023-05-15T20:00:00+08:00,1684152000,25.0,8.55,8.87,542.4,18.9,2.89,0.109,0.086,2.28,,,Ⅱ
2023-05-16T00:00:00+08:00,1684166400,24.6,8.15,7.1,530.9,28.2,2.94,0.12,0.114,2.4,,,Ⅲ
2023-05-16T04:00:00+08:00,1684180800,24.4,7.98,6.35,526.8,24.2,2.81,0.131,0.101,2.29,,,Ⅲ
2023-05-16T08:00:00+08:00,1684195200,24.5,7.91,6.18,523.4,23.9,2.74,0.113,0.098,2.38,,,Ⅱ
2023-05-17T08:00:00+08:00,1684281600,24.1,8.02,6.32,530.3,63.6,3.32,0.064,0.104,2.28,,,Ⅲ
2023-05-17T12:00:00+08:00,1684296000,23.9,8.05,6.41,534.6,28.8,3.02,0.073,0.077,2.05,,,Ⅱ
2023-05-17T16:00:00+08:00,1684310400,23.8,7.98,6.17,525.9,33.3,2.99,0.106,0.084,2.1,,,Ⅱ
2023-05-17T20:00:00+08:00,1684324800,24.0,8.02,6.52,518.3,27.1,2.86,0.092,0.088,2.2,,,Ⅱ
2023-05-18T00:00:00+08:00,1684339200,23.9,7.95,6.08,517.9,31.5,2.73,0.099,0.087,2.25,,,Ⅱ
2023-05-18T04:00:00+08:00,1684353600,23.8,7.93,5.93,516.2,29.8,2.81,0.111,0.088,2.18,,,Ⅲ
2023-05-18T12:00:00+08:00,1684382400,23.7,7.85,5.5,513.0,30.0,2.91,0.133,0.097,2.22,,,Ⅲ
2023-05-18T16:00:00+08:00,1684396800,23.5,7.84,5.55,512.8,27.2,2.87,0.143,0.095,2.22,,,Ⅲ
2023-05-18T20:00:00+08:00,1684411200,23.3,7.8,5.26,513.6,29.8,2.57,0.159,0.101,2.26,,,Ⅲ
2023-05-19T04:00:00+08:00,1684440000,23.0,7.73,4.7,513.3,33.7,2.69,0.177,0.112,2.4,,,Ⅳ
2023-05-19T08:00:00+08:00,1684454400,23.0,7.68,4.35,513.3,30.0,2.67,0.19,0.106,2.28,,,Ⅳ
2023-05-19T12:00:00+08:00,1684468800,23.7,7.74,5.24,517.3,26.3,2.75,0.175,0.099,2.18,,,Ⅲ
2023-05-19T16:00:00+08:00,1684483200,24.3,7.7,4.77,513.6,31.4,2.7,0.193,0.112,2.3,,,Ⅳ
2023-05-19T20:00:00+08:00,1684497600,23.8,7.72,4.78,512.5,24.2,2.59,0.19,0.105,2.24,,,Ⅳ
2023-05-20T04:00:00+08:00,1684526400,23.4,7.7,4.45,512.1,22.1,2.47,0.206,0.106,2.24,,,Ⅳ
2023-05-20T08:00:00+08:00,1684540800,23.3,7.67,4.32,513.2,26.7,2.58,0.205,0.11,2.29,,,Ⅳ
2023-05-20T12:00:00+08:00,1684555200,23.6,7.7,4.56,512.7,22.2,2.52,0.233,0.111,2.35,,,Ⅳ
2023-05-20T16:00:00+08:00,1684569600,24.0,7.72,5.2,509.4,27.3,2.48,0.179,0.106,2.36,,,Ⅲ
2023-05-20T20:00:00+08:00,1684584000,23.7,7.72,5.05,507.8,26.4,2.51,0.186,0.107,2.32,,,Ⅲ
2023-05-21T04:00:00+08:00,1684612800,23.4,7.7,4.74,506.6,25.1,2.38,0.193,0.111,2.4,,,Ⅳ
2023-05-21T08:00:00+08:00,1684627200,23.3,7.68,4.71,506.4,19.5,2.36,0.194,0.106,2.35,,,Ⅳ
2023-05-21T12:00:00+08:00,1684641600,24.1,7.77,5.56,507.2,24.2,2.45,0.159,0.107,2.28,,,Ⅲ
2023-05-21T16:00:00+08:00,1684656000,24.6,7.76,5.34,511.9,25.8,2.4,0.153,0.105,2.36,,,Ⅲ
2023-05-21T20:00:00+08:00,1684670400,24.4,7.75,5.23,519.4,29.7,2.38,0.155,0.107,2.27,,,Ⅲ
2023-05-22T04:00:00+08:00,1684699200,24.2,7.76,5.25,524.4,27.5,2.58,0.181,0.119,2.38,,,Ⅲ
2023-05-22T08:00:00+08:00,1684713600,23.6,7.76,5.28,521.7,27.7,2.38,0.171,0.109,2.3,,,Ⅲ
2023-05-22T12:00:00+08:00,1684728000,23.4,7.76,5.36,522.8,25.6,2.45,0.178,0.111,2.41,,,Ⅲ
2023-05-22T16:00:00+08:00,1684742400,23.5,7.8,5.56,522.6,24.7,2.59,0.172,0.112,2.36,,,Ⅲ
2023-05-22T20:00:00+08:00,1684756800,23.2,7.71,4.92,523.6,28.2,2.5,0.212,0.118,2.44,,,Ⅳ
2023-05-23T04:00:00+08:00,1684785600,22.5,7.69,4.5,527.0,35.4,2.59,0.219,0.118,2.42,,,Ⅳ
2023-05-23T08:00:00+08:00,1684800000,22.6,7.69,4.74,533.5,27.9,2.54,0.244,0.121,2.75,,,Ⅳ
2023-05-24T12:00:00+08:00,1684900800,22.6,7.71,4.87,531.8,19.8,2.54,0.204,0.105,2.3,,,Ⅳ
2023-05-25T12:00:00+08:00,1684987200,23.3,7.74,5.31,533.4,27.4,2.58,0.181,0.108,2.43,,,Ⅲ
2023-05-25T16:00:00+08:00,1685001600,23.8,7.78,5.4,536.9,27.1,2.53,0.194,0.105,2.33,,,Ⅲ
2023-05-25T20:00:00+08:00,1685016000,23.8,7.77,5.18,543.7,27.3,2.61,0.218,0.107,2.34,,,Ⅲ
2023-05-26T04:00:00+08:00,1685044800,23.4,7.74,4.88,546.3,27.7,2.48,0.224,0.107,2.4,,,Ⅳ
2023-05-26T08:00:00+08:00,1685059200,23.4,7.72,4.71,547.0,22.4,2.4,0.229,0.105,2.42,,,Ⅳ
2023-05-26T12:00:00+08:00,1685073600,23.8,7.76,5.14,543.5,23.7,2.48,0.214,0.106,2.48,,,Ⅲ
2023-05-26T16:00:00+08:00,1685088000,23.9,7.75,4.86,541.0,27.5,2.44,0.221,0.106,2.42,,,Ⅳ
2023-05-26T20:00:00+08:00,1685102400,24.0,7.88,6.09,502.0,32.2,2.46,0.201,0.108,2.58,,,Ⅲ
2023-05-27T00:00:00+08:00,1685116800,23.7,7.72,4.78,529.7,28.2,2.5,0.282,0.124,2.93,,,Ⅲ
2023-05-27T04:00:00+08:00,1685131200,23.4,7.7,4.88,512.2,25.7,2.53,0.326,0.123,2.87,,,Ⅳ
2023-05-27T08:00:00+08:00,1685145600,23.5,7.68,4.72,512.6,23.4,2.47,0.334,0.123,2.88,,,Ⅳ
2023-05-27T12:00:00+08:00,1685160000,24.0,7.73,5.25,512.9,19.9,2.5,0.304,0.12,2.98,,,Ⅲ
2023-05-27T16:00:00+08:00,1685174400,24.7,7.74,5.33,516.8,19.7,2.49,0.298,0.122,3.04,,,Ⅲ
2023-05-27T20:00:00+08:00,1685188800,24.5,7.66,4.39,519.0,24.7,2.65,0.34,0.131,3.19,,,Ⅳ
2023-05-28T04:00:00+08:00,1685217600,24.6,7.7,4.61,519.5,21.8,2.74,0.323,0.118,2.9,,,Ⅳ
2023-05-28T08:00:00+08:00,1685232000,24.7,7.67,4.35,518.4,20.9,2.66,0.335,0.118,2.88,,,Ⅳ
2023-05-28T12:00:00+08:00,1685246400,25.7,7.74,5.2,523.1,17.1,2.61,0.287,0.121,3.1,,,Ⅲ
2023-05-28T16:00:00+08:00,1685260800,26.5,7.85,5.97,522.0,20.8,2.69,0.235,0.114,2.84,,,Ⅲ
2023-05-28T20:00:00+08:00,1685275200,26.5,7.87,5.9,520.0,21.4,2.75,0.266,0.11,2.74,,,Ⅲ
2023-05-29T00:00:00+08:00,1685289600,26.7,7.86,5.83,523.2,18.0,2.81,0.267,0.126,2.68,,,Ⅲ
2023-05-29T04:00:00+08:00,1685304000,26.5,7.71,4.54,529.1,20.9,2.7,0.325,0.124,2.82,,,Ⅳ
2023-05-29T12:00:00+08:00,1685332800,26.9,8.04,6.84,539.2,32.9,3.01,0.238,0.122,2.55,,,Ⅲ
2023-05-29T16:00:00+08:00,1685347200,28.4,8.37,8.08,508.0,20.4,3.13,0.244,0.108,2.83,,,Ⅲ
2023-05-29T20:00:00+08:00,1685361600,28.0,8.27,7.65,514.2,24.6,3.02,0.218,0.11,2.95,,,Ⅲ
2023-05-30T04:00:00+08:00,1685390400,27.0,7.87,5.64,512.8,23.1,3.01,0.233,0.102,2.76,,,Ⅲ
2023-05-30T08:00:00+08:00,1685404800,26.9,7.84,5.7,510.3,17.3,2.94,0.261,0.111,3.0,,,Ⅲ
2023-05-30T12:00:00+08:00,1685419200,27.3,8.22,7.66,513.1,21.0,2.96,0.152,0.097,2.85,,,Ⅱ
2023-05-30T16:00:00+08:00,1685433600,27.4,8.67,9.82,513.8,24.2,3.22,0.121,0.097,2.9,,,Ⅱ
2023-05-30T20:00:00+08:00,1685448000,27.2,8.44,8.63,514.9,21.5,3.36,0.161,0.096,2.82,,,Ⅱ
2023-05-31T04:00:00+08:00,1685476800,26.5,7.88,5.55,525.2,19.8,2.96,0.249,0.104,3.0,,,Ⅲ
2023-05-31T08:00:00+08:00,1685491200,26.3,7.78,4.73,532.0,21.8,2.75,0.268,0.11,2.94,,,Ⅳ
2023-05-31T12:00:00+08:00,1685505600,26.7,8.28,7.98,519.0,18.3,3.02,0.108,0.082,2.55,,,Ⅱ
2023-05-31T16:00:00+08:00,1685520000,26.6,7.85,5.0,537.8,21.7,2.75,0.26,0.105,2.89,,,Ⅳ
2023-05-31T20:00:00+08:00,1685534400,26.4,8.38,8.33,523.6,20.6,3.01,0.102,0.081,2.57,,,Ⅱ
2023-06-01T04:00:00+08:00,1685563200,26.3,7.91,5.64,537.8,24.5,2.68,0.185,0.099,2.71,,,Ⅲ
2023-06-01T08:00:00+08:00,1685577600,26.3,7.81,4.86,541.4,18.7,2.53,0.212,0.1,2.84,,,Ⅳ
2023-06-01T12:00:00+08:00,1685592000,26.8,7.77,4.81,541.4,16.9,2.54,0.243,0.105,2.82,,,Ⅳ
2023-06-02T12:00:00+08:00,1685678400,27.8,7.7,5.89,543.5,20.4,2.68,0.191,0.111,2.7,,,Ⅲ
2023-06-03T20:00:00+08:00,1685793600,27.0,7.78,4.86,549.2,19.1,2.53,0.069,0.105,2.51,,,Ⅳ
2023-06-04T04:00:00+08:00,1685822400,26.5,7.76,4.61,551.2,18.9,2.43,0.204,0.108,2.51,,,Ⅳ
2023-06-04T08:00:00+08:00,1685836800,26.2,7.74,4.36,552.0,19.0,2.52,0.209,0.105,2.55,,,Ⅳ
2023-06-04T12:00:00+08:00,1685851200,26.4,7.86,5.66,552.3,18.6,2.48,0.184,0.104,2.51,,,Ⅲ
2023-06-04T16:00:00+08:00,1685865600,26.5,7.88,5.92,548.2,25.3,2.62,0.169,0.106,2.46,,,Ⅲ
2023-06-04T20:00:00+08:00,1685880000,26.1,7.84,5.32,557.8,20.1,2.57,0.178,0.102,2.43,,,Ⅲ
2023-06-05T04:00:00+08:00,1685908800,25.7,7.79,4.75,567.7,23.5,2.69,0.181,0.109,2.54,,,Ⅳ
2023-06-05T08:00:00+08:00,1685923200,25.5,7.78,4.7,567.0,24.2,2.53,0.186,0.109,2.54,,,Ⅳ
2023-06-05T12:00:00+08:00,1685937600,25.4,7.83,5.38,567.0,25.6,2.6,0.178,0.111,2.57,,,Ⅲ
2023-06-05T16:00:00+08:00,1685952000,25.3,7.83,5.35,576.7,24.6,2.64,0.113,0.116,2.68,,,Ⅲ
2023-06-05T20:00:00+08:00,1685966400,25.1,7.77,4.55,580.3,24.7,2.58,0.219,0.118,2.62,,,Ⅳ
2023-06-06T00:00:00+08:00,1685980800,24.8,7.73,4.25,575.8,25.4,2.47,0.251,0.123,2.66,,,Ⅳ
2023-06-06T04:00:00+08:00,1685995200,24.6,7.71,4.13,569.2,23.8,2.55,0.272,0.125,2.81,,,Ⅳ
2023-06-06T08:00:00+08:00,1686009600,24.4,7.7,4.28,562.9,22.5,2.48,0.302,0.129,2.83,,,Ⅳ
2023-06-06T12:00:00+08:00,1686024000,25.0,7.76,4.75,557.0,19.6,2.4,0.254,0.127,2.96,,,Ⅳ
2023-06-06T16:00:00+08:00,1686038400,25.6,7.84,5.42,553.9,20.9,2.44,0.223,0.12,2.71,,,Ⅲ
2023-06-06T20:00:00+08:00,1686052800,24.9,7.71,4.89,555.1,20.8,2.41,0.211,0.12,2.65,,,Ⅳ
2023-06-07T00:00:00+08:00,1686067200,24.7,7.72,4.58,553.1,21.3,2.48,0.228,0.12,2.87,,,Ⅳ
2023-06-07T04:00:00+08:00,1686081600,24.5,7.71,4.49,548.1,18.3,2.48,0.236,0.119,2.84,,,Ⅳ
2023-06-07T08:00:00+08:00,1686096000,24.6,7.63,3.65,547.1,10.7,2.51,0.261,0.128,3.01,,,Ⅳ
2023-06-07T12:00:00+08:00,1686110400,25.3,7.7,4.59,551.8,18.8,2.55,0.237,0.127,2.89,,,Ⅳ
2023-06-07T16:00:00+08:00,1686124800,25.8,7.68,4.31,554.3,19.9,2.65,0.255,0.125,2.84,,,Ⅳ
2023-06-07T20:00:00+08:00,1686139200,25.6,7.66,3.8,546.9,20.6,2.59,0.284,0.124,2.85,,,Ⅳ
2023-06-08T00:00:00+08:00,1686153600,25.6,7.68,4.18,539.0,17.6,2.48,0.244,0.116,2.66,,,Ⅳ
2023-06-08T08:00:00+08:00,1686182400,25.6,7.64,3.74,527.2,19.8,2.57,0.239,0.122,2.76,,,Ⅳ
2023-06-08T12:00:00+08:00,1686196800,26.6,7.75,4.75,521.6,16.2,2.56,0.213,0.117,2.62,,,Ⅳ
2023-06-08T16:00:00+08:00,1686211200,28.2,8.0,6.68,523.1,18.4,2.68,0.18,0.114,2.66,,,Ⅲ
2023-06-08T20:00:00+08:00,1686225600,26.8,7.67,3.88,533.4,17.4,2.59,0.215,0.118,2.63,,,Ⅳ
2023-06-09T00:00:00+08:00,1686240000,26.7,7.75,4.53,513.9,27.1,2.58,0.244,0.121,2.64,,,Ⅳ
2023-06-09T04:00:00+08:00,1686254400,26.6,7.72,4.27,509.6,24.9,2.7,0.228,0.115,2.68,,,Ⅳ
2023-06-09T08:00:00+08:00,1686268800,26.6,7.64,3.2,506.9,13.9,2.5,0.265,0.122,2.7,,,Ⅳ
2023-06-09T12:00:00+08:00,1686283200,27.0,7.66,3.44,508.7,10.1,2.41,0.302,0.125,2.63,,,Ⅳ
2023-06-09T20:00:00+08:00,1686312000,27.6,7.88,5.83,510.2,17.4,2.53,0.181,0.109,2.49,,,Ⅲ
2023-06-10T00:00:00+08:00,1686326400,27.6,7.91,5.86,506.5,22.6,2.55,0.172,0.111,2.47,,,Ⅲ
2023-06-10T04:00:00+08:00,1686340800,27.4,7.81,4.7,501.0,24.6,2.71,0.214,0.131,2.68,,,Ⅳ
2023-06-10T08:00:00+08:00,1686355200,27.3,7.72,4.13,510.0,13.5,2.48,0.23,0.122,2.53,,,Ⅳ
2023-06-10T12:00:00+08:00,1686369600,28.2,7.96,6.84,522.9,17.9,2.62,0.135,0.104,2.35,,,Ⅲ
2023-06-10T16:00:00+08:00,1686384000,29.1,8.24,7.68,523.3,28.6,2.82,0.122,0.105,2.31,,,Ⅲ
2023-06-10T20:00:00+08:00,1686398400,28.2,8.2,7.56,502.8,27.6,2.85,0.086,0.1,2.32,,,Ⅱ
2023-06-11T00:00:00+08:00,1686412800,27.8,8.03,6.65,501.5,25.2,2.58,0.091,0.096,2.38,,,Ⅱ
2023-06-11T04:00:00+08:00,1686427200,27.8,8.18,7.41,502.7,24.7,2.62,0.063,0.098,2.27,,,Ⅱ
2023-06-11T08:00:00+08:00,1686441600,28.0,8.17,7.51,501.5,22.6,2.64,0.045,0.094,2.29,,,Ⅱ
2023-06-11T12:00:00+08:00,1686456000,28.6,8.51,9.51,495.8,20.7,2.76,0.085,0.096,2.34,,,Ⅱ
2023-06-11T16:00:00+08:00,1686470400,28.7,8.39,9.11,492.5,25.2,2.8,0.046,0.094,2.23,,,Ⅱ
2023-06-11T20:00:00+08:00,1686484800,28.5,9.06,12.69,499.0,26.6,3.42,0.025,0.087,2.14,,,劣Ⅴ
2023-06-12T00:00:00+08:00,1686499200,28.0,8.56,9.18,498.0,25.6,2.89,0.046,0.083,2.12,,,Ⅱ
2023-06-12T04:00:00+08:00,1686513600,27.6,8.27,7.76,496.8,20.6,2.78,0.06,0.082,2.13,,,Ⅱ
2023-06-12T08:00:00+08:00,1686528000,27.6,8.14,7.33,496.9,20.7,2.61,0.062,0.08,2.11,,,Ⅱ
2023-06-12T12:00:00+08:00,1686542400,28.6,8.68,10.53,496.3,18.7,2.72,0.06,0.073,2.0,,,Ⅱ
2023-06-12T16:00:00+08:00,1686556800,29.0,8.95,11.69,491.5,29.3,3.2,0.025,0.076,1.96,,,Ⅱ
2023-06-12T20:00:00+08:00,1686571200,28.4,8.83,10.65,490.0,22.2,2.99,0.025,0.069,1.97,,,Ⅱ
2023-06-13T00:00:00+08:00,1686585600,28.0,8.42,8.37,486.0,32.8,2.73,0.043,0.084,2.13,,,Ⅱ
2023-06-13T04:00:00+08:00,1686600000,27.7,8.26,7.69,485.9,24.6,2.56,0.049,0.074,2.08,,,Ⅱ
2023-06-13T08:00:00+08:00,1686614400,27.7,8.26,7.83,485.2,30.0,2.64,0.038,0.079,1.99,,,Ⅱ
2023-06-13T12:00:00+08:00,1686628800,28.1,8.58,9.51,491.0,23.4,2.88,0.025,0.072,1.89,,,Ⅱ
2023-06-13T16:00:00+08:00,1686643200,28.1,8.43,8.8,489.4,22.9,2.76,0.058,0.07,1.92,,,Ⅱ
2023-06-13T20:00:00+08:00,1686657600,27.9,8.58,9.69,485.5,21.7,2.69,0.048,0.063,1.87,,,Ⅱ
2023-06-14T00:00:00+08:00,1686672000,27.5,8.26,7.69,483.8,26.0,2.6,0.077,0.07,2.06,,,Ⅱ
2023-06-14T04:00:00+08:00,1686686400,27.3,8.13,7.13,484.6,25.2,2.6,0.078,0.072,2.08,,,Ⅱ
2023-06-14T08:00:00+08:00,1686700800,27.5,8.05,6.74,483.9,25.5,2.36,0.085,0.078,2.08,,,Ⅱ
2023-06-14T12:00:00+08:00,1686715200,28.8,8.23,7.94,475.6,26.3,2.54,0.031,0.09,2.17,,,Ⅱ
2023-06-14T16:00:00+08:00,1686729600,29.0,8.4,8.42,472.8,27.6,2.62,0.064,0.078,1.97,,,Ⅱ
2023-06-14T20:00:00+08:00,1686744000,28.5,8.24,7.61,478.9,29.0,2.59,0.063,0.077,2.03,,,Ⅱ
2023-06-15T00:00:00+08:00,1686758400,28.2,8.11,7.02,480.5,28.6,2.63,0.076,0.078,1.99,,,Ⅱ
2023-06-15T04:00:00+08:00,1686772800,27.9,8.0,6.48,480.0,28.0,2.63,0.088,0.081,2.06,,,Ⅱ
2023-06-15T08:00:00+08:00,1686787200,27.9,7.93,6.04,481.2,31.8,2.54,0.105,0.09,2.08,,,Ⅱ
2023-06-16T08:00:00+08:00,1686873600,27.5,7.79,4.96,476.8,31.8,2.48,0.139,0.104,2.16,,,Ⅳ
2023-06-16T12:00:00+08:00,1686888000,28.0,7.84,5.44,481.4,28.1,2.46,0.154,0.1,2.08,,,Ⅲ
2023-06-16T16:00:00+08:00,1686902400,27.9,7.83,5.48,480.7,29.7,2.76,0.15,0.103,2.12,,,Ⅲ
2023-06-16T20:00:00+08:00,1686916800,27.3,7.81,5.12,477.6,27.9,2.62,0.159,0.104,2.09,,,Ⅲ
2023-06-19T04:00:00+08:00,1687118400,25.3,7.64,4.52,391.0,80.0,3.93,0.394,0.212,4.2,,,Ⅳ
2023-06-19T08:00:00+08:00,1687132800,25.1,7.6,4.2,401.4,80.7,4.13,0.495,0.22,4.66,,,Ⅳ
2023-06-19T12:00:00+08:00,1687147200,25.3,7.59,4.36,422.5,112.5,5.1,0.48,0.283,5.87,,,Ⅳ
2023-06-19T16:00:00+08:00,1687161600,25.3,7.56,4.2,413.4,82.3,4.77,0.518,0.27,6.45,,,Ⅳ
2023-06-19T20:00:00+08:00,1687176000,25.3,7.56,4.29,435.4,137.2,5.68,0.539,0.344,7.47,,,Ⅴ
2023-06-20T00:00:00+08:00,1687190400,25.2,7.53,4.12,412.6,111.5,5.55,0.486,0.324,7.18,,,Ⅴ
2023-06-20T08:00:00+08:00,1687219200,25.2,7.55,3.8,435.4,71.8,4.83,0.541,0.295,7.05,,,Ⅳ
2023-06-20T12:00:00+08:00,1687233600,25.6,7.55,3.78,434.4,63.0,4.87,0.562,0.306,7.07,,,Ⅴ
2023-06-20T16:00:00+08:00,1687248000,26.1,7.55,3.62,442.3,57.0,4.82,0.59,0.313,7.3,,,Ⅴ
2023-06-20T20:00:00+08:00,1687262400,26.1,7.58,3.67,450.2,49.7,4.64,0.6,0.282,7.07,,,Ⅳ
2023-06-21T00:00:00+08:00,1687276800,26.1,7.57,3.26,451.8,48.0,4.47,0.58,0.263,6.5,,,Ⅳ
2023-06-21T04:00:00+08:00,1687291200,25.9,7.56,3.21,451.9,43.0,4.25,0.604,0.252,5.94,,,Ⅳ
2023-06-21T08:00:00+08:00,1687305600,26.2,7.58,3.17,455.6,52.7,4.28,0.587,0.251,5.9,,,Ⅳ
2023-06-21T12:00:00+08:00,1687320000,26.9,7.6,3.37,459.0,36.6,4.19,0.583,0.227,5.93,,,Ⅳ
2023-06-21T16:00:00+08:00,1687334400,27.3,7.61,3.5,456.5,36.6,4.18,0.607,0.223,5.75,,,Ⅳ
2023-06-21T20:00:00+08:00,1687348800,27.2,7.61,3.29,446.7,36.0,3.89,0.639,0.21,5.5,,,Ⅳ
2023-06-22T00:00:00+08:00,1687363200,27.0,7.62,3.13,441.8,42.1,3.74,0.65,0.204,5.25,,,Ⅳ
2023-06-22T04:00:00+08:00,1687377600,26.8,7.64,2.97,440.0,37.8,3.75,0.642,0.194,5.2,,,Ⅴ
2023-06-22T08:00:00+08:00,1687392000,26.9,7.63,2.96,442.4,35.5,3.74,0.638,0.199,5.13,,,Ⅴ
2023-06-22T12:00:00+08:00,1687406400,27.1,7.65,3.27,438.3,33.4,3.65,0.61,0.191,5.08,,,Ⅳ
2023-06-22T16:00:00+08:00,1687420800,27.1,7.66,3.46,436.9,36.0,3.56,0.63,0.195,5.24,,,Ⅳ
2023-06-25T04:00:00+08:00,1687636800,25.8,7.77,4.78,414.9,16.1,3.33,0.342,0.166,4.41,,,Ⅳ
2023-06-25T08:00:00+08:00,1687651200,25.8,7.75,4.55,419.1,14.6,3.32,0.344,0.173,4.61,,,Ⅳ
2023-06-25T12:00:00+08:00,1687665600,25.9,7.74,4.43,416.1,15.5,3.4,0.381,0.172,4.54,,,Ⅳ
2023-06-25T16:00:00+08:00,1687680000,26.4,7.84,5.58,413.2,15.4,3.45,0.355,0.18,4.59,,,Ⅲ
2023-06-25T20:00:00+08:00,1687694400,26.3,7.78,5.06,410.5,16.1,3.48,0.359,0.184,4.55,,,Ⅲ
2023-06-26T00:00:00+08:00,1687708800,26.1,7.68,4.11,411.4,14.7,3.38,0.34,0.182,4.6,,,Ⅳ
2023-06-26T04:00:00+08:00,1687723200,26.0,7.68,4.01,410.6,14.0,3.37,0.363,0.181,4.64,,,Ⅳ
2023-06-26T08:00:00+08:00,1687737600,25.8,7.74,4.74,404.7,14.4,3.28,0.37,0.179,4.48,,,Ⅳ
2023-06-26T12:00:00+08:00,1687752000,26.3,7.9,6.18,405.2,16.5,3.62,0.34,0.186,4.66,,,Ⅲ
2023-06-26T16:00:00+08:00,1687766400,26.6,7.76,5.22,410.5,13.5,3.23,0.335,0.189,4.95,,,Ⅲ
2023-06-26T20:00:00+08:00,1687780800,26.4,7.63,3.8,418.0,13.8,3.15,0.34,0.206,5.49,,,Ⅳ
2023-06-27T00:00:00+08:00,1687795200,26.3,7.61,3.46,416.1,16.9,3.21,0.365,0.208,5.38,,,Ⅳ
2023-06-27T04:00:00+08:00,1687809600,26.3,7.62,3.87,408.0,30.6,3.53,0.394,0.21,5.06,,,Ⅳ
2023-06-27T08:00:00+08:00,1687824000,26.3,7.57,3.4,413.9,13.5,3.55,0.47,0.21,5.36,,,Ⅳ
2023-06-27T12:00:00+08:00,1687838400,26.8,7.63,4.12,415.2,13.7,3.44,0.414,0.212,5.36,,,Ⅳ
2023-06-27T16:00:00+08:00,1687852800,27.1,7.67,4.56,413.3,11.2,3.61,0.43,0.206,5.27,,,Ⅳ
2023-06-27T20:00:00+08:00,1687867200,27.1,7.61,3.82,419.8,12.8,3.66,0.426,0.216,5.74,,,Ⅳ
2023-06-28T00:00:00+08:00,1687881600,26.8,7.6,3.79,420.3,16.4,3.93,0.437,0.221,5.85,,,Ⅳ
2023-06-28T04:00:00+08:00,1687896000,26.7,7.55,3.22,424.2,14.0,4.08,0.429,0.224,6.11,,,Ⅳ
2023-06-28T08:00:00+08:00,1687910400,26.9,7.54,3.23,427.6,10.9,3.96,0.378,0.221,6.22,,,Ⅳ
2023-06-28T12:00:00+08:00,1687924800,27.7,7.64,4.49,424.6,8.7,3.61,0.355,0.219,6.19,,,Ⅳ
2023-06-28T16:00:00+08:00,1687939200,28.4,7.71,5.34,427.1,10.7,4.04,0.322,0.214,6.22,,,Ⅳ
2023-06-28T20:00:00+08:00,1687953600,28.3,7.7,5.3,435.0,12.7,4.16,0.26,0.206,6.34,,,Ⅳ
2023-06-29T00:00:00+08:00,1687968000,28.3,7.79,6.26,436.6,14.0,4.16,0.196,0.192,6.26,,,Ⅲ
2023-06-29T04:00:00+08:00,1687982400,28.2,7.73,5.63,438.0,13.4,3.97,0.192,0.184,6.08,,,Ⅲ
2023-06-29T08:00:00+08:00,1687996800,28.5,7.75,5.73,438.6,10.7,3.97,0.158,0.184,6.08,,,Ⅲ
2023-06-29T12:00:00+08:00,1688011200,29.1,7.85,7.29,436.9,10.9,4.08,0.127,0.176,6.0,,,Ⅲ
2023-06-29T16:00:00+08:00,1688025600,29.1,7.93,6.97,429.5,13.3,3.82,0.125,0.161,5.86,,,Ⅲ
2023-06-29T20:00:00+08:00,1688040000,29.3,8.44,9.44,430.5,11.2,4.02,0.053,0.156,5.81,,,Ⅲ
2023-06-30T00:00:00+08:00,1688054400,29.0,8.26,8.89,431.5,14.2,4.06,0.064,0.154,5.83,,,Ⅲ
2023-06-30T04:00:00+08:00,1688068800,28.8,8.06,7.68,435.8,17.0,4.13,0.075,0.15,5.68,,,Ⅲ
2023-06-30T08:00:00+08:00,1688083200,28.5,7.88,6.23,430.5,15.4,3.99,0.127,0.156,5.44,,,Ⅲ
2023-06-30T12:00:00+08:00,1688097600,28.5,7.9,6.43,433.2,14.2,4.08,0.141,0.159,5.61,,,Ⅲ
2023-06-30T16:00:00+08:00,1688112000,28.4,7.91,6.47,429.3,14.4,4.15,0.025,0.16,5.56,,,Ⅲ
2023-06-30T20:00:00+08:00,1688126400,28.3,7.92,6.42,431.3,17.5,4.27,0.15,0.169,5.63,,,Ⅲ
2023-07-01T00:00:00+08:00,1688140800,28.1,7.8,5.37,424.4,15.9,4.1,0.187,0.17,5.56,,,Ⅲ
2023-07-01T04:00:00+08:00,1688155200,27.9,7.77,5.17,422.5,18.7,4.13,0.174,0.183,5.62,,,Ⅲ
2023-07-01T08:00:00+08:00,1688169600,28.0,7.77,4.99,422.1,15.1,4.17,0.205,0.186,5.42,,,Ⅳ
2023-07-01T12:00:00+08:00,1688184000,28.4,7.85,6.17,415.2,12.8,3.96,0.177,0.178,5.56,,,Ⅲ
2023-07-01T16:00:00+08:00,1688198400,28.1,7.61,3.52,413.3,17.1,4.01,0.335,0.224,5.9,,,Ⅳ
2023-07-01T20:00:00+08:00,1688212800,29.1,7.91,6.9,415.3,15.6,4.2,0.23,0.207,5.77,,,Ⅳ
2023-07-02T00:00:00+08:00,1688227200,29.5,7.86,5.91,409.6,17.6,4.36,0.207,0.198,5.56,,,Ⅲ
2023-07-02T04:00:00+08:00,1688241600,29.0,7.66,3.67,413.5,18.6,4.09,0.245,0.207,5.86,,,Ⅳ
2023-07-02T08:00:00+08:00,1688256000,29.2,7.75,5.06,410.2,13.2,4.03,0.177,0.189,5.46,,,Ⅲ
2023-07-02T12:00:00+08:00,1688270400,29.7,7.87,6.56,411.1,12.6,4.16,0.198,0.203,5.79,,,Ⅳ
2023-07-02T16:00:00+08:00,1688284800,28.7,7.55,2.6,411.3,15.3,4.47,0.372,0.25,6.26,,,Ⅴ
2023-07-02T20:00:00+08:00,1688299200,28.4,7.66,4.39,412.7,20.3,4.75,0.256,0.262,6.46,,,Ⅳ
2023-07-03T00:00:00+08:00,1688313600,28.3,7.64,3.94,416.6,19.5,4.76,0.234,0.253,6.4,,,Ⅳ
2023-07-03T04:00:00+08:00,1688328000,28.2,7.6,3.24,417.8,21.0,4.69,0.247,0.262,6.53,,,Ⅳ
2023-07-03T08:00:00+08:00,1688342400,28.3,7.59,3.0,419.3,19.3,4.53,0.247,0.258,6.61,,,Ⅳ
2023-07-03T12:00:00+08:00,1688356800,28.7,7.72,5.81,412.1,13.9,4.64,0.296,0.261,6.5,,,Ⅳ
2023-07-03T16:00:00+08:00,1688371200,29.4,7.89,7.0,420.5,14.8,5.01,0.315,0.252,6.34,,,Ⅳ
2023-07-03T20:00:00+08:00,1688385600,28.7,7.63,3.81,430.7,15.4,4.68,0.208,0.253,6.41,,,Ⅳ
2023-07-04T00:00:00+08:00,1688400000,28.8,7.66,3.8,433.0,16.9,4.58,0.32,0.248,6.32,,,Ⅳ
2023-07-04T04:00:00+08:00,1688414400,29.1,7.81,5.81,432.1,15.6,4.77,0.225,0.235,6.18,,,Ⅳ
2023-07-04T08:00:00+08:00,1688428800,29.3,7.75,5.51,436.3,13.7,4.64,0.193,0.235,6.09,,,Ⅳ
2023-07-04T12:00:00+08:00,1688443200,29.4,7.63,3.65,448.7,15.9,4.86,0.311,0.256,6.22,,,Ⅳ
2023-07-04T16:00:00+08:00,1688457600,30.8,8.07,8.36,467.5,17.0,5.31,0.146,0.237,6.1,,,Ⅳ
2023-07-04T20:00:00+08:00,1688472000,31.0,8.65,11.06,450.7,19.7,5.7,0.059,0.225,6.12,,,Ⅳ
2023-07-05T00:00:00+08:00,1688486400,30.3,7.95,6.93,474.5,16.7,5.11,0.128,0.21,5.89,,,Ⅳ
2023-07-05T04:00:00+08:00,1688500800,29.7,7.81,5.37,480.7,16.0,4.74,0.171,0.199,5.61,,,Ⅲ
2023-07-05T08:00:00+08:00,1688515200,30.0,8.02,7.84,462.6,16.5,5.27,0.055,0.221,5.96,,,Ⅳ
2023-07-05T12:00:00+08:00,1688529600,30.6,8.39,10.13,453.4,13.2,5.09,0.056,0.2,5.7,,,Ⅲ
2023-07-05T16:00:00+08:00,1688544000,31.2,8.39,9.82,458.7,13.1,5.24,0.15,0.203,5.87,,,Ⅳ
2023-07-05T20:00:00+08:00,1688558400,30.3,7.85,7.13,466.7,18.0,4.88,0.147,0.201,5.61,,,Ⅳ
2023-07-06T00:00:00+08:00,1688572800,30.2,7.89,6.93,467.4,15.6,4.88,0.131,0.191,5.49,,,Ⅲ
2023-07-06T04:00:00+08:00,1688587200,30.0,7.74,4.84,470.7,12.2,4.73,0.164,0.185,5.43,,,Ⅳ
2023-07-06T12:00:00+08:00,1688616000,31.0,8.29,9.8,468.4,13.0,5.2,0.051,0.185,5.15,,,Ⅲ
2023-07-06T20:00:00+08:00,1688644800,30.7,8.2,8.9,459.0,32.4,4.7,0.058,0.182,5.19,,,Ⅲ
2023-07-07T00:00:00+08:00,1688659200,30.6,8.12,7.86,462.9,12.1,4.46,0.074,0.163,4.89,,,Ⅲ
2023-07-07T04:00:00+08:00,1688673600,30.5,7.95,6.43,462.6,11.3,4.61,0.094,0.16,4.82,,,Ⅲ
2023-07-07T08:00:00+08:00,1688688000,30.6,7.92,6.27,459.0,10.6,4.47,0.092,0.159,4.71,,,Ⅲ
2023-07-07T20:00:00+08:00,1688731200,30.7,7.99,6.22,445.3,12.6,4.36,0.107,0.161,4.2,,,Ⅲ
2023-07-08T00:00:00+08:00,1688745600,30.4,7.95,5.81,445.7,12.6,4.38,0.116,0.16,4.36,,,Ⅲ
2023-07-08T04:00:00+08:00,1688760000,30.2,7.85,4.4,443.5,12.3,4.25,0.144,0.169,4.26,,,Ⅳ
2023-07-08T12:00:00+08:00,1688788800,29.3,7.71,3.04,434.2,45.4,5.22,0.294,0.272,4.72,,,Ⅳ
2023-07-08T16:00:00+08:00,1688803200,29.4,7.79,3.4,452.9,38.2,4.9,0.373,0.259,5.28,,,Ⅳ
2023-07-08T20:00:00+08:00,1688817600,29.3,7.75,3.05,446.1,34.7,4.84,0.366,0.269,5.19,,,Ⅳ
2023-07-09T04:00:00+08:00,1688846400,29.1,7.7,2.44,449.3,28.6,4.99,0.394,0.264,4.94,,,Ⅴ
2023-07-09T08:00:00+08:00,1688860800,29.1,7.7,2.29,464.2,29.6,4.68,0.422,0.242,4.85,,,Ⅴ
2023-07-09T16:00:00+08:00,1688889600,30.5,7.8,3.4,479.7,20.5,4.63,0.365,0.218,4.78,,,Ⅳ
2023-07-09T20:00:00+08:00,1688904000,30.1,7.79,3.17,482.8,17.5,4.64,0.359,0.205,4.68,,,Ⅳ
2023-07-10T04:00:00+08:00,1688932800,30.0,7.75,2.21,477.7,13.1,4.48,0.372,0.213,4.69,,,Ⅴ
2023-07-10T12:00:00+08:00,1688961600,29.6,7.78,2.72,477.0,12.4,4.47,0.321,0.2,4.59,,,Ⅴ
2023-07-10T20:00:00+08:00,1688990400,29.8,7.83,3.15,489.0,12.4,4.68,0.29,0.197,4.54,,,Ⅳ
2023-07-11T00:00:00+08:00,1689004800,29.6,7.82,2.8,495.8,11.9,4.57,0.256,0.192,4.45,,,Ⅴ
2023-07-11T08:00:00+08:00,1689033600,29.6,7.84,3.13,496.9,10.6,4.59,0.228,0.191,4.37,,,Ⅳ
2023-07-11T12:00:00+08:00,1689048000,30.6,7.92,4.43,491.2,10.8,4.56,0.264,0.202,4.57,,,Ⅳ
2023-07-11T16:00:00+08:00,1689062400,30.9,7.88,4.7,491.6,11.3,4.69,0.283,0.193,4.49,,,Ⅳ
2023-07-11T20:00:00+08:00,1689076800,30.8,7.85,4.14,494.0,12.0,4.59,0.245,0.196,4.38,,,Ⅳ
2023-07-12T04:00:00+08:00,1689105600,30.6,7.82,3.77,488.1,11.3,4.58,0.215,0.192,4.2,,,Ⅳ
2023-07-12T08:00:00+08:00,1689120000,30.6,7.79,3.5,483.2,11.4,4.54,0.205,0.201,4.09,,,Ⅳ
2023-07-12T16:00:00+08:00,1689148800,32.2,8.19,8.69,476.7,11.6,4.76,0.096,0.182,4.04,,,Ⅲ
2023-07-12T20:00:00+08:00,1689163200,31.6,7.82,4.9,468.3,10.0,4.37,0.187,0.186,3.94,,,Ⅳ
2023-07-13T00:00:00+08:00,1689177600,31.5,7.91,5.91,464.2,9.1,4.47,0.151,0.179,3.77,,,Ⅲ
2023-07-13T08:00:00+08:00,1689206400,31.1,7.82,4.74,457.7,12.7,4.48,0.16,0.191,3.68,,,Ⅳ
2023-07-13T12:00:00+08:00,1689220800,31.5,7.9,6.07,456.6,9.6,4.39,0.135,0.184,3.59,,,Ⅲ
2023-07-13T20:00:00+08:00,1689249600,31.7,8.42,9.98,454.7,11.5,4.59,0.126,0.168,3.49,,,Ⅲ
2023-07-14T04:00:00+08:00,1689278400,31.2,8.0,6.89,452.4,11.3,4.46,0.121,0.172,3.39,,,Ⅲ
2023-07-14T08:00:00+08:00,1689292800,31.2,7.84,4.88,448.8,10.9,4.57,0.129,0.191,3.34,,,Ⅳ
2023-07-14T12:00:00+08:00,1689307200,31.8,7.88,5.85,449.1,10.6,4.59,0.14,0.194,3.36,,,Ⅲ
2023-07-14T20:00:00+08:00,1689336000,33.0,9.04,13.75,439.3,16.0,5.27,0.185,0.21,3.46,,,劣Ⅴ
2023-07-15T04:00:00+08:00,1689364800,32.8,8.68,10.61,445.8,11.3,4.78,0.187,0.181,3.36,,,Ⅲ
2023-07-15T08:00:00+08:00,1689379200,32.3,8.51,9.92,441.9,13.6,4.82,0.163,0.194,3.44,,,Ⅲ
2023-07-15T16:00:00+08:00,1689408000,32.9,9.15,13.78,431.5,13.3,5.22,0.055,0.19,3.32,,,劣Ⅴ
2023-07-15T20:00:00+08:00,1689422400,32.2,8.74,10.82,437.6,14.3,5.09,0.195,0.204,3.39,,,Ⅳ
2023-07-16T04:00:00+08:00,1689451200,31.7,8.37,8.8,445.2,13.3,4.91,0.294,0.207,3.51,,,Ⅳ
2023-07-16T08:00:00+08:00,1689465600,31.4,8.16,7.32,445.9,11.1,4.66,0.305,0.206,3.5,,,Ⅳ
2023-07-16T16:00:00+08:00,1689494400,32.2,8.65,9.89,435.7,16.3,4.98,0.185,0.209,3.4,,,Ⅳ
2023-07-16T20:00:00+08:00,1689508800,31.5,8.22,7.34,420.9,17.2,4.63,0.195,0.208,3.0,,,Ⅳ
2023-07-17T04:00:00+08:00,1689537600,31.1,7.99,5.11,435.9,13.9,4.53,0.319,0.22,3.3,,,Ⅳ
2023-07-17T08:00:00+08:00,1689552000,31.2,8.01,5.42,439.2,14.7,4.56,0.294,0.227,3.34,,,Ⅳ
2023-07-17T12:00:00+08:00,1689566400,31.1,7.99,5.66,438.8,16.2,4.67,0.314,0.224,3.2,,,Ⅳ
2023-07-17T16:00:00+08:00,1689580800,32.4,8.11,6.41,437.9,17.8,4.71,0.288,0.218,3.25,,,Ⅳ
2023-07-17T20:00:00+08:00,1689595200,32.1,8.12,6.29,437.0,14.8,4.66,0.293,0.212,3.02,,,Ⅳ
2023-07-18T00:00:00+08:00,1689609600,31.5,8.03,5.46,430.6,16.5,4.58,0.26,0.213,2.84,,,Ⅳ
2023-07-18T04:00:00+08:00,1689624000,31.2,8.02,5.22,429.1,14.8,4.48,0.249,0.21,2.85,,,Ⅳ
2023-07-18T12:00:00+08:00,1689652800,31.7,8.09,6.16,421.3,16.4,4.36,0.193,0.213,2.6,,,Ⅳ
2023-07-18T16:00:00+08:00,1689667200,33.1,8.4,8.38,417.0,16.5,4.51,0.146,0.208,2.52,,,Ⅳ
2023-07-18T20:00:00+08:00,1689681600,32.7,8.22,7.11,410.1,15.7,4.47,0.134,0.202,2.37,,,Ⅳ
2023-07-19T04:00:00+08:00,1689710400,31.4,7.98,4.56,412.0,16.1,4.3,0.202,0.21,2.35,,,Ⅳ
2023-07-19T08:00:00+08:00,1689724800,31.2,7.95,4.21,409.4,15.0,4.14,0.2,0.21,2.23,,,Ⅳ
2023-07-19T12:00:00+08:00,1689739200,31.8,8.28,7.92,413.9,13.5,4.56,0.104,0.209,2.43,,,Ⅳ
2023-07-19T16:00:00+08:00,1689753600,31.5,8.08,6.06,416.8,15.6,4.34,0.155,0.203,2.39,,,Ⅳ
2023-07-19T20:00:00+08:00,1689768000,31.2,7.99,4.68,413.9,15.0,4.26,0.191,0.204,2.32,,,Ⅳ
2023-07-20T04:00:00+08:00,1689796800,30.6,7.92,3.53,407.2,16.3,4.3,0.249,0.209,2.18,,,Ⅳ
2023-07-20T08:00:00+08:00,1689811200,29.9,7.96,4.65,385.7,22.4,3.99,0.3,0.225,2.46,,,Ⅳ
2023-07-20T12:00:00+08:00,1689825600,30.5,8.18,6.89,386.9,19.1,4.21,0.247,0.222,2.51,,,Ⅳ
2023-07-20T16:00:00+08:00,1689840000,30.7,8.35,8.34,375.1,19.7,4.45,0.218,0.224,2.51,,,Ⅳ
2023-07-20T20:00:00+08:00,1689854400,30.5,8.14,6.85,374.6,19.7,4.07,0.236,0.215,2.52,,,Ⅳ
2023-07-21T04:00:00+08:00,1689883200,29.7,7.79,3.14,362.9,17.2,3.98,0.288,0.231,2.74,,,Ⅳ
2023-07-21T08:00:00+08:00,1689897600,29.6,7.8,3.27,359.8,15.1,3.86,0.27,0.228,2.71,,,Ⅳ
2023-07-21T12:00:00+08:00,1689912000,29.9,7.9,4.98,350.5,21.9,3.9,0.297,0.235,2.84,,,Ⅳ
2023-07-21T16:00:00+08:00,1689926400,30.0,7.9,4.72,337.4,23.0,3.95,0.351,0.233,3.01,,,Ⅳ
2023-07-21T20:00:00+08:00,1689940800,29.7,7.92,4.78,338.4,18.5,3.74,0.325,0.225,2.99,,,Ⅳ
2023-07-22T04:00:00+08:00,1689969600,29.1,7.77,2.83,336.7,18.2,3.78,0.386,0.228,3.15,,,Ⅴ
2023-07-22T08:00:00+08:00,1689984000,29.1,7.78,2.95,336.7,15.0,3.74,0.34,0.219,2.98,,,Ⅴ
2023-07-22T12:00:00+08:00,1689998400,29.8,7.85,3.96,342.2,14.9,3.76,0.312,0.219,3.16,,,Ⅳ
2023-07-22T16:00:00+08:00,1690012800,29.3,7.78,2.74,351.7,16.5,5.86,,0.235,3.55,,,
2023-07-22T20:00:00+08:00,1690027200,29.7,8.02,4.51,345.9,17.0,4.2,,0.211,3.02,,,
2023-07-23T04:00:00+08:00,1690056000,29.1,7.76,2.4,338.3,16.5,3.88,,0.206,2.96,,,
2023-07-23T08:00:00+08:00,1690070400,29.4,7.81,3.01,337.6,15.5,3.81,,0.202,3.14,,,
2023-07-23T12:00:00+08:00,1690084800,29.4,7.31,4.99,342.0,9.9,3.98,0.298,0.194,3.02,,,Ⅳ
2023-07-23T16:00:00+08:00,1690099200,31.1,7.41,5.68,339.1,8.3,3.87,0.264,0.189,3.0,,,Ⅲ
2023-07-23T20:00:00+08:00,1690113600,30.3,7.25,5.1,336.7,10.4,3.94,0.252,0.173,2.95,,,Ⅲ
2023-07-24T04:00:00+08:00,1690142400,29.9,7.44,6.17,336.2,7.6,4.08,0.135,0.164,2.8,,,Ⅲ
2023-07-24T08:00:00+08:00,1690156800,30.1,7.42,6.3,336.0,7.0,3.86,0.088,0.16,2.86,,,Ⅲ
2023-07-24T12:00:00+08:00,1690171200,31.0,7.54,7.66,334.1,6.9,4.06,0.158,0.173,2.7,,,Ⅲ
2023-07-24T16:00:00+08:00,1690185600,32.7,8.94,13.08,322.9,9.4,4.75,0.068,0.176,2.89,,,Ⅲ
2023-07-24T20:00:00+08:00,1690200000,31.3,8.58,12.47,329.6,13.3,5.72,0.044,0.189,2.88,,,Ⅲ
2023-07-25T04:00:00+08:00,1690228800,30.6,7.7,8.01,338.2,11.5,4.37,0.13,0.166,2.87,,,Ⅲ
2023-07-25T08:00:00+08:00,1690243200,30.4,7.54,7.14,338.5,7.8,4.16,0.108,0.165,2.77,,,Ⅲ
2023-07-25T12:00:00+08:00,1690257600,31.1,8.32,10.28,337.5,9.2,4.78,0.077,0.168,2.55,,,Ⅲ
2023-07-25T16:00:00+08:00,1690272000,31.3,8.3,10.61,338.5,12.2,5.03,0.095,0.18,2.76,,,Ⅲ
2023-07-25T20:00:00+08:00,1690286400,30.9,7.55,7.23,342.6,12.2,4.58,0.162,0.182,2.97,,,Ⅲ
2023-07-26T04:00:00+08:00,1690315200,29.9,7.31,4.88,348.0,9.3,4.22,0.244,0.212,2.7,,,Ⅳ
2023-07-26T12:00:00+08:00,1690344000,30.1,7.26,4.36,346.7,10.1,4.12,0.261,0.214,2.83,,,Ⅳ
2023-07-26T16:00:00+08:00,1690358400,30.6,7.45,6.03,345.1,7.9,4.25,0.208,0.217,2.54,,,Ⅳ
2023-07-26T20:00:00+08:00,1690372800,30.4,7.46,6.0,346.3,12.8,4.37,0.179,0.198,2.77,,,Ⅲ
2023-07-27T04:00:00+08:00,1690401600,29.8,7.28,4.78,348.5,10.4,4.18,0.222,0.187,2.62,,,Ⅳ
2023-07-27T08:00:00+08:00,1690416000,29.8,7.29,4.64,346.7,10.6,4.06,0.208,0.19,2.64,,,Ⅳ
2023-07-27T12:00:00+08:00,1690430400,30.3,7.27,4.83,346.8,7.1,3.83,0.225,0.177,2.65,,,Ⅳ
2023-07-27T16:00:00+08:00,1690444800,30.5,7.47,6.04,345.7,9.1,3.96,0.194,0.186,2.53,,,Ⅲ
2023-07-27T20:00:00+08:00,1690459200,30.3,7.46,5.71,346.4,12.8,4.07,0.17,0.19,2.58,,,Ⅲ
2023-07-28T04:00:00+08:00,1690488000,29.7,7.37,4.9,346.2,12.0,4.1,0.187,0.19,2.64,,,Ⅳ
2023-07-28T08:00:00+08:00,1690502400,29.4,7.32,4.39,345.1,9.9,3.94,0.189,0.183,2.52,,,Ⅳ
2023-07-28T12:00:00+08:00,1690516800,29.5,7.34,4.67,343.5,10.1,3.99,0.186,0.184,2.57,,,Ⅳ
2023-07-28T16:00:00+08:00,1690531200,29.5,7.42,5.21,343.8,10.1,4.05,0.182,0.18,2.43,,,Ⅲ
2023-07-28T20:00:00+08:00,1690545600,29.3,7.37,4.7,344.3,9.5,4.03,0.194,0.182,2.53,,,Ⅳ
2023-07-29T04:00:00+08:00,1690574400,28.8,7.28,4.59,346.6,12.1,3.95,0.22,0.149,2.64,,,Ⅳ
2023-07-29T08:00:00+08:00,1690588800,28.7,7.34,4.72,345.9,11.1,3.98,0.206,0.154,2.58,,,Ⅳ
2023-07-29T12:00:00+08:00,1690603200,28.9,7.42,5.07,345.9,11.7,4.1,0.243,0.169,2.63,,,Ⅲ
2023-07-29T16:00:00+08:00,1690617600,29.0,7.57,5.92,346.0,9.4,4.05,0.221,0.167,2.62,,,Ⅲ
2023-07-29T20:00:00+08:00,1690632000,28.8,7.51,5.3,345.8,9.9,3.96,0.191,0.165,2.47,,,Ⅲ
2023-07-30T04:00:00+08:00,1690660800,28.5,7.41,4.51,345.5,10.1,3.87,0.19,0.168,2.45,,,Ⅳ
2023-07-30T08:00:00+08:00,1690675200,28.6,7.45,4.8,344.9,9.5,3.93,0.161,0.168,2.51,,,Ⅳ
2023-07-30T12:00:00+08:00,1690689600,29.0,7.52,5.46,344.7,6.8,3.67,0.148,0.165,2.56,,,Ⅲ
2023-07-30T16:00:00+08:00,1690704000,29.4,7.62,5.95,348.7,7.5,3.78,0.142,0.161,2.41,,,Ⅲ
2023-07-30T20:00:00+08:00,1690718400,29.1,7.51,4.96,350.1,10.7,3.85,0.149,0.172,2.5,,,Ⅳ
2023-07-31T04:00:00+08:00,1690747200,28.6,7.48,4.58,354.6,15.3,3.9,0.165,0.18,2.38,,,Ⅳ
2023-07-31T08:00:00+08:00,1690761600,28.7,7.47,4.58,355.3,12.7,3.87,0.133,0.181,2.4,,,Ⅳ
2023-07-31T12:00:00+08:00,1690776000,29.6,7.68,5.98,351.4,8.3,3.87,0.11,0.167,2.38,,,Ⅲ
2023-07-31T16:00:00+08:00,1690790400,30.1,7.81,6.57,352.3,10.8,3.92,0.103,0.166,2.33,,,Ⅲ
2023-07-31T20:00:00+08:00,1690804800,29.6,7.54,5.22,366.8,21.3,4.2,0.106,0.184,2.12,,,Ⅲ
2023-08-01T04:00:00+08:00,1690833600,28.8,7.32,2.6,386.2,26.7,4.38,0.153,0.207,2.12,,,Ⅴ
2023-08-01T08:00:00+08:00,1690848000,28.9,7.36,3.33,381.7,24.5,3.98,0.109,0.202,2.0,,,Ⅳ
2023-08-01T12:00:00+08:00,1690862400,28.7,7.42,4.09,377.9,19.1,4.35,0.169,0.19,2.15,,,Ⅳ
2023-08-01T16:00:00+08:00,1690876800,29.7,7.75,6.04,371.7,20.2,4.17,0.092,0.181,2.08,,,Ⅲ
2023-08-01T20:00:00+08:00,1690891200,29.5,7.54,4.96,376.6,19.7,4.1,0.107,0.18,1.96,,,Ⅳ
2023-08-02T04:00:00+08:00,1690920000,29.2,7.45,4.17,379.6,20.4,3.91,0.12,0.183,2.0,,,Ⅳ
2023-08-02T08:00:00+08:00,1690934400,29.2,7.4,3.9,379.6,21.6,3.9,0.115,0.189,1.98,,,Ⅳ
2023-08-02T12:00:00+08:00,1690948800,30.2,7.63,5.52,376.8,15.1,3.94,0.087,0.177,1.78,,,Ⅲ
2023-08-02T16:00:00+08:00,1690963200,31.0,7.82,6.55,377.3,17.3,4.19,0.086,0.17,1.84,,,Ⅲ
2023-08-02T20:00:00+08:00,1690977600,30.7,7.95,7.0,380.4,19.5,4.26,0.049,0.178,1.74,,,Ⅲ
2023-08-03T04:00:00+08:00,1691006400,30.2,7.56,5.0,386.2,20.5,4.09,0.081,0.175,1.8,,,Ⅳ
2023-08-03T08:00:00+08:00,1691020800,30.3,7.5,4.66,386.6,16.4,4.13,0.088,0.188,1.86,,,Ⅳ
2023-08-03T12:00:00+08:00,1691035200,31.2,7.84,6.68,383.0,14.3,4.06,0.053,0.168,1.73,,,Ⅲ
2023-08-03T16:00:00+08:00,1691049600,31.4,7.88,6.69,389.2,15.9,4.23,0.076,0.172,1.98,,,Ⅲ
2023-08-03T20:00:00+08:00,1691064000,31.1,7.96,6.98,396.9,19.5,4.46,0.06,0.172,1.91,,,Ⅲ
2023-08-04T04:00:00+08:00,1691092800,30.6,7.55,4.73,406.2,20.7,4.12,0.095,0.178,2.11,,,Ⅳ
2023-08-04T08:00:00+08:00,1691107200,30.6,7.46,4.26,405.2,16.0,3.91,0.094,0.178,2.13,,,Ⅳ
2023-08-04T12:00:00+08:00,1691121600,31.5,7.78,6.38,400.8,13.6,4.01,0.042,0.162,1.97,,,Ⅲ
2023-08-04T16:00:00+08:00,1691136000,31.6,7.84,6.75,400.3,12.1,4.1,0.082,0.167,2.11,,,Ⅲ
2023-08-04T20:00:00+08:00,1691150400,31.3,7.82,6.09,410.8,17.4,4.31,0.141,0.168,2.22,,,Ⅲ
2023-08-05T04:00:00+08:00,1691179200,30.7,7.59,4.53,421.4,17.1,4.23,0.441,0.168,2.63,,,Ⅳ
2023-08-05T08:00:00+08:00,1691193600,30.7,7.55,4.26,419.7,16.4,4.06,0.271,0.174,2.43,,,Ⅳ
2023-08-05T12:00:00+08:00,1691208000,32.0,7.76,5.87,416.0,16.2,3.99,0.152,0.172,2.19,,,Ⅲ
2023-08-05T16:00:00+08:00,1691222400,32.1,8.58,9.87,413.3,18.7,4.65,0.025,0.173,2.17,,,Ⅲ
2023-08-05T20:00:00+08:00,1691236800,32.1,8.19,7.91,417.3,18.2,4.72,0.064,0.17,2.24,,,Ⅲ
2023-08-06T04:00:00+08:00,1691265600,31.5,7.7,5.16,420.9,17.4,4.26,0.182,0.157,2.23,,,Ⅲ
2023-08-06T08:00:00+08:00,1691280000,31.5,7.62,4.76,426.1,13.6,4.04,0.328,0.158,2.48,,,Ⅳ
2023-08-06T12:00:00+08:00,1691294400,32.1,7.82,5.97,420.0,15.9,4.19,0.254,0.155,2.36,,,Ⅲ
2023-08-06T16:00:00+08:00,1691308800,31.8,7.73,4.36,420.4,14.8,4.41,0.198,0.175,2.34,,,Ⅳ
2023-08-06T20:00:00+08:00,1691323200,32.1,8.16,7.42,416.3,15.0,4.29,0.102,0.149,2.17,,,Ⅲ
2023-08-07T04:00:00+08:00,1691352000,31.3,7.6,4.43,422.9,17.6,4.09,0.151,0.162,2.33,,,Ⅳ
2023-08-07T08:00:00+08:00,1691366400,31.3,7.6,4.61,421.6,13.5,3.9,0.128,0.158,2.18,,,Ⅳ
2023-08-07T12:00:00+08:00,1691380800,31.8,7.94,6.68,414.3,11.3,3.96,0.077,0.138,2.03,,,Ⅲ
2023-08-07T16:00:00+08:00,1691395200,31.9,8.21,7.5,416.0,14.2,4.06,0.1,0.144,2.07,,,Ⅲ
2023-08-07T20:00:00+08:00,1691409600,31.8,8.53,8.84,410.3,11.7,4.18,0.062,0.131,1.89,,,Ⅲ
2023-08-08T04:00:00+08:00,1691438400,31.2,7.79,5.51,434.5,16.1,4.06,0.11,0.144,2.13,,,Ⅲ
2023-08-08T08:00:00+08:00,1691452800,31.0,7.66,4.78,436.5,16.0,4.12,0.106,0.15,2.13,,,Ⅳ
2023-08-08T12:00:00+08:00,1691467200,31.3,7.59,4.67,434.4,13.9,3.9,0.13,0.151,2.09,,,Ⅳ
2023-08-08T16:00:00+08:00,1691481600,32.6,8.34,8.1,452.5,14.6,4.0,0.045,0.144,2.05,,,Ⅲ
2023-08-08T20:00:00+08:00,1691496000,32.1,8.34,8.2,452.3,14.8,4.0,0.027,0.138,2.17,,,Ⅲ
2023-08-09T04:00:00+08:00,1691524800,31.3,7.92,6.4,443.8,15.6,4.04,0.081,0.134,2.09,,,Ⅲ
2023-08-09T08:00:00+08:00,1691539200,31.0,7.68,5.36,450.5,16.5,3.96,0.085,0.143,2.06,,,Ⅲ
2023-08-09T12:00:00+08:00,1691553600,31.7,8.25,8.12,451.2,14.3,4.15,0.025,0.137,2.05,,,Ⅲ
2023-08-09T20:00:00+08:00,1691582400,31.4,7.9,6.31,445.3,19.0,4.03,0.075,0.135,2.16,,,Ⅲ
2023-08-10T04:00:00+08:00,1691611200,31.0,7.9,6.14,439.1,15.1,,0.108,0.123,2.06,,,
2023-08-10T08:00:00+08:00,1691625600,30.8,7.74,5.48,443.5,15.9,,0.107,0.133,2.14,,,
2023-08-10T12:00:00+08:00,1691640000,31.7,8.08,7.12,441.7,13.2,4.09,0.046,0.128,2.16,,,Ⅲ
2023-08-10T16:00:00+08:00,1691654400,32.1,8.0,6.96,455.0,18.5,3.87,0.084,0.137,2.27,,,Ⅲ
2023-08-10T20:00:00+08:00,1691668800,31.8,7.94,6.97,448.7,21.4,3.97,0.085,0.13,2.23,,,Ⅲ
2023-08-11T00:00:00+08:00,1691683200,31.7,8.08,7.44,445.1,17.5,4.09,0.057,0.12,2.22,,,Ⅲ
2023-08-11T04:00:00+08:00,1691697600,31.5,7.85,6.5,443.7,22.0,4.13,0.108,0.13,2.18,,,Ⅲ
2023-08-11T08:00:00+08:00,1691712000,31.4,7.81,6.43,444.6,17.0,3.94,0.074,0.123,2.18,,,Ⅲ
2023-08-11T12:00:00+08:00,1691726400,32.3,8.18,8.01,436.0,15.9,4.12,0.072,0.119,2.06,,,Ⅲ
2023-08-11T16:00:00+08:00,1691740800,32.5,8.31,8.56,434.2,15.9,4.17,0.076,0.112,2.04,,,Ⅲ
2023-08-11T20:00:00+08:00,1691755200,31.8,7.73,6.23,442.1,16.0,4.02,0.129,0.12,2.17,,,Ⅲ
2023-08-12T00:00:00+08:00,1691769600,31.7,7.89,6.9,454.2,19.6,3.99,0.087,0.117,2.24,,,Ⅲ
2023-08-12T04:00:00+08:00,1691784000,31.5,7.59,5.26,461.3,22.7,3.83,0.124,0.118,2.28,,,Ⅲ
2023-08-12T08:00:00+08:00,1691798400,31.3,7.47,4.36,464.4,19.6,3.78,0.142,0.122,2.23,,,Ⅳ
2023-08-12T12:00:00+08:00,1691812800,32.2,7.67,6.09,453.5,16.2,3.8,0.111,0.118,2.22,,,Ⅲ
2023-08-12T16:00:00+08:00,1691827200,32.7,7.81,6.54,453.4,14.1,3.83,0.102,0.111,2.23,,,Ⅲ
2023-08-12T20:00:00+08:00,1691841600,32.4,7.82,6.73,458.4,19.1,3.95,0.084,0.118,2.21,,,Ⅲ
2023-08-13T00:00:00+08:00,1691856000,31.9,7.61,5.47,471.8,19.5,3.71,0.097,0.121,2.28,,,Ⅲ
2023-08-13T08:00:00+08:00,1691884800,31.5,7.46,4.56,472.5,22.6,3.76,0.099,0.124,2.22,,,Ⅳ
2023-08-13T08:34:00+08:00,1691886840,,,,,,,,,,,,
2023-08-13T12:00:00+08:00,1691899200,32.7,7.81,6.83,459.6,16.8,3.81,0.055,0.113,2.15,,,Ⅲ
2023-08-13T16:00:00+08:00,1691913600,32.6,7.94,7.49,461.2,16.9,3.73,0.05,0.114,2.17,,,Ⅲ
2023-08-13T20:00:00+08:00,1691928000,32.2,7.73,6.29,469.1,18.8,3.88,0.067,0.113,2.24,,,Ⅲ
2023-08-14T04:00:00+08:00,1691956800,31.3,7.43,4.04,475.0,27.4,3.71,0.133,0.134,2.28,,,Ⅳ
2023-08-14T08:00:00+08:00,1691971200,31.3,7.43,3.96,474.1,19.8,3.56,0.121,0.124,2.17,,,Ⅳ
2023-08-14T12:00:00+08:00,1691985600,31.9,7.5,4.84,473.2,15.9,3.66,0.147,0.126,2.23,,,Ⅳ
2023-08-14T16:00:00+08:00,1692000000,32.0,7.57,5.21,453.5,16.8,3.61,0.176,0.127,2.44,,,Ⅲ
2023-08-14T20:00:00+08:00,1692014400,31.4,7.57,4.99,473.1,18.9,3.6,0.106,0.122,2.3,,,Ⅳ
2023-08-15T04:00:00+08:00,1692043200,31.0,7.41,4.07,467.7,25.3,3.68,0.141,0.127,2.3,,,Ⅳ
2023-08-15T08:00:00+08:00,1692057600,30.9,7.43,4.22,468.2,22.4,3.74,0.128,0.122,2.29,,,Ⅳ
2023-08-15T12:00:00+08:00,1692072000,31.1,7.68,6.17,449.7,17.2,3.72,0.088,0.108,2.08,,,Ⅲ
2023-08-15T16:00:00+08:00,1692086400,31.4,7.55,5.49,461.0,13.9,3.49,0.122,0.113,2.3,,,Ⅲ
2023-08-15T20:00:00+08:00,1692100800,31.4,7.71,6.3,460.7,14.6,3.84,0.09,0.11,2.2,,,Ⅲ
2023-08-16T00:00:00+08:00,1692115200,31.0,7.42,3.83,475.5,20.8,3.56,0.126,0.126,2.34,,,Ⅳ
2023-08-16T04:00:00+08:00,1692129600,30.9,7.35,2.84,477.7,21.5,3.4,0.187,0.14,2.38,,,Ⅴ
2023-08-16T08:00:00+08:00,1692144000,30.8,7.36,3.2,472.5,19.1,3.49,0.187,0.142,2.44,,,Ⅳ
2023-08-16T12:00:00+08:00,1692158400,32.1,7.7,6.14,459.1,16.3,4.14,0.07,0.126,2.34,,,Ⅲ
2023-08-16T16:00:00+08:00,1692172800,32.4,8.23,8.2,456.4,14.0,3.87,0.053,0.113,2.18,,,Ⅲ
2023-08-16T20:00:00+08:00,1692187200,32.3,8.02,7.33,457.8,18.8,3.73,0.057,0.112,2.2,,,Ⅲ
2023-08-17T00:00:00+08:00,1692201600,32.0,7.67,4.98,460.9,21.3,3.45,0.105,0.122,2.17,,,Ⅳ
2023-08-17T04:00:00+08:00,1692216000,31.6,7.51,3.92,461.5,23.4,3.35,0.131,0.128,2.22,,,Ⅳ
2023-08-17T08:00:00+08:00,1692230400,31.5,7.5,4.01,460.1,20.8,3.41,0.132,0.133,2.22,,,Ⅳ
2023-08-17T12:00:00+08:00,1692244800,31.8,7.58,5.04,457.6,15.8,3.42,0.092,0.115,2.22,,,Ⅲ
2023-08-17T16:00:00+08:00,1692259200,31.2,7.62,5.02,449.6,19.3,3.49,0.127,0.124,2.11,,,Ⅲ
2023-08-17T20:00:00+08:00,1692273600,30.9,7.58,5.04,448.2,18.9,3.6,0.144,0.12,2.2,,,Ⅲ
2023-08-18T00:00:00+08:00,1692288000,30.6,7.47,4.15,445.3,19.7,3.51,0.193,0.127,2.35,,,Ⅳ
2023-08-18T04:00:00+08:00,1692302400,30.3,7.38,3.33,442.4,24.2,3.49,0.246,0.14,2.49,,,Ⅳ
2023-08-18T08:00:00+08:00,1692316800,30.2,7.37,3.49,439.0,18.6,3.4,0.216,0.139,2.34,,,Ⅳ
2023-08-18T12:00:00+08:00,1692331200,31.3,7.57,5.12,437.3,15.8,3.47,0.215,0.13,2.26,,,Ⅲ
2023-08-18T16:00:00+08:00,1692345600,31.0,7.69,5.94,433.0,18.0,3.6,0.193,0.131,2.34,,,Ⅲ
2023-08-18T20:00:00+08:00,1692360000,30.8,7.6,5.29,434.2,19.1,3.48,0.207,0.133,2.35,,,Ⅲ
2023-08-19T00:00:00+08:00,1692374400,30.7,7.5,4.57,433.7,19.0,3.42,0.209,0.138,2.29,,,Ⅳ
2023-08-19T04:00:00+08:00,1692388800,30.5,7.4,3.61,434.8,19.4,3.3,0.231,0.134,2.4,,,Ⅳ
2023-08-19T08:00:00+08:00,1692403200,30.5,7.39,3.71,433.0,18.2,3.22,0.207,0.136,2.29,,,Ⅳ
2023-08-19T12:00:00+08:00,1692417600,31.3,7.64,5.67,429.6,15.2,3.49,0.129,0.123,2.25,,,Ⅲ
2023-08-19T16:00:00+08:00,1692432000,31.4,7.75,6.31,426.6,15.5,3.4,0.134,0.121,2.16,,,Ⅲ
2023-08-19T20:00:00+08:00,1692446400,31.2,7.69,5.98,431.9,18.0,3.51,0.133,0.121,2.3,,,Ⅲ
2023-08-20T00:00:00+08:00,1692460800,30.9,7.52,4.94,432.4,17.2,3.39,0.142,0.122,2.26,,,Ⅳ
2023-08-20T04:00:00+08:00,1692475200,30.5,7.4,3.98,433.4,18.2,3.19,0.164,0.122,2.33,,,Ⅳ
2023-08-20T08:00:00+08:00,1692489600,30.5,7.38,3.91,432.1,19.0,3.2,0.16,0.126,2.18,,,Ⅳ
2023-08-20T12:00:00+08:00,1692504000,31.1,7.67,6.08,427.4,14.7,3.39,0.092,0.116,2.23,,,Ⅲ
2023-08-20T16:00:00+08:00,1692518400,31.6,8.1,7.74,426.7,16.5,3.53,0.061,0.11,2.1,,,Ⅲ
2023-08-20T20:00:00+08:00,1692532800,31.4,7.82,6.62,430.1,20.5,3.52,0.061,0.119,2.12,,,Ⅲ
2023-08-21T00:00:00+08:00,1692547200,31.1,7.62,5.47,432.0,21.4,3.21,0.075,0.12,2.08,,,Ⅲ
2023-08-21T04:00:00+08:00,1692561600,30.8,7.5,4.75,432.4,22.4,3.14,0.091,0.119,2.15,,,Ⅳ
2023-08-21T08:00:00+08:00,1692576000,30.8,7.48,4.7,431.7,18.4,3.07,0.077,0.12,2.07,,,Ⅳ
2023-08-21T12:00:00+08:00,1692590400,31.7,7.84,7.03,429.1,18.7,3.34,0.052,0.12,2.09,,,Ⅲ
2023-08-21T16:00:00+08:00,1692604800,33.0,8.17,8.13,423.5,16.5,3.28,0.059,0.104,1.97,,,Ⅲ
2023-08-21T20:00:00+08:00,1692619200,31.9,8.23,8.09,424.9,18.8,3.39,0.05,0.105,1.88,,,Ⅲ
2023-08-22T00:00:00+08:00,1692633600,31.7,7.71,5.76,431.4,21.7,3.15,0.08,0.114,2.03,,,Ⅲ
2023-08-22T04:00:00+08:00,1692648000,31.3,7.5,4.42,433.4,23.2,3.0,0.1,0.117,2.24,,,Ⅳ
2023-08-22T08:00:00+08:00,1692662400,31.1,7.58,4.99,433.2,22.0,3.11,0.081,0.116,2.07,,,Ⅳ
2023-08-22T12:00:00+08:00,1692676800,31.7,7.68,5.69,429.8,17.6,3.26,0.074,0.115,2.14,,,Ⅲ
2023-08-22T16:00:00+08:00,1692691200,31.0,7.58,4.95,425.4,20.6,3.18,0.083,0.116,2.19,,,Ⅳ
2023-08-22T20:00:00+08:00,1692705600,30.7,7.48,4.3,425.3,21.6,3.18,0.114,0.121,2.15,,,Ⅳ
2023-08-23T00:00:00+08:00,1692720000,30.5,7.42,3.89,424.8,20.0,3.26,0.142,0.124,2.16,,,Ⅳ
2023-08-23T04:00:00+08:00,1692734400,30.3,7.42,3.84,424.2,20.2,3.2,0.136,0.123,2.22,,,Ⅳ
2023-08-23T08:00:00+08:00,1692748800,30.1,7.34,2.94,424.1,21.5,2.99,0.158,0.136,2.25,,,Ⅴ
2023-08-23T12:00:00+08:00,1692763200,30.7,7.36,3.06,429.6,18.7,2.96,0.18,0.145,2.32,,,Ⅳ
2023-08-23T16:00:00+08:00,1692777600,31.4,7.7,5.43,427.4,21.0,3.02,0.1,0.142,2.25,,,Ⅲ
2023-08-23T20:00:00+08:00,1692792000,31.0,7.6,5.06,421.8,19.3,3.16,0.096,0.119,2.15,,,Ⅲ
2023-08-24T00:00:00+08:00,1692806400,30.4,7.43,3.83,424.2,24.6,3.24,0.122,0.13,2.2,,,Ⅳ
2023-08-24T04:00:00+08:00,1692820800,30.0,7.35,3.12,420.3,29.1,3.15,0.169,0.139,2.3,,,Ⅳ
2023-08-24T08:00:00+08:00,1692835200,30.0,7.31,2.74,418.4,22.4,3.07,0.184,0.144,2.27,,,Ⅴ
2023-08-24T12:00:00+08:00,1692849600,31.0,7.47,4.14,419.1,16.7,2.99,0.127,0.134,2.24,,,Ⅳ
2023-08-24T16:00:00+08:00,1692864000,31.0,7.37,3.47,412.9,16.0,2.34,0.175,0.131,2.23,,,Ⅳ
2023-08-24T20:00:00+08:00,1692878400,31.0,7.34,3.19,413.2,16.4,3.04,0.179,0.145,2.28,,,Ⅳ
2023-08-25T00:00:00+08:00,1692892800,30.5,7.45,3.52,410.7,25.3,3.12,0.187,0.137,2.34,,,Ⅳ
2023-08-25T04:00:00+08:00,1692907200,30.2,7.41,3.06,410.6,20.9,3.07,0.23,0.131,2.33,,,Ⅳ
2023-08-25T08:00:00+08:00,1692921600,30.2,7.4,3.19,410.1,16.9,2.92,0.206,0.134,2.33,,,Ⅳ
2023-08-25T12:00:00+08:00,1692936000,31.2,7.61,5.18,407.2,12.0,3.02,0.123,0.12,2.16,,,Ⅲ
2023-08-25T16:00:00+08:00,1692950400,31.3,7.68,5.63,406.4,15.0,3.18,0.112,0.121,2.17,,,Ⅲ
2023-08-25T20:00:00+08:00,1692964800,30.5,7.54,4.55,411.4,13.5,3.09,0.126,0.119,2.21,,,Ⅳ
2023-08-26T00:00:00+08:00,1692979200,30.0,7.39,3.1,417.9,23.8,3.17,0.224,0.138,2.34,,,Ⅳ
2023-08-26T04:00:00+08:00,1692993600,29.7,7.37,2.9,417.4,18.3,3.21,0.223,0.134,2.28,,,Ⅴ
2023-08-26T08:00:00+08:00,1693008000,29.6,7.35,2.82,415.3,18.3,3.04,0.204,0.131,2.22,,,Ⅴ
2023-08-26T12:00:00+08:00,1693022400,30.1,7.46,3.89,412.6,13.5,2.89,0.172,0.126,2.17,,,Ⅳ
2023-08-26T16:00:00+08:00,1693036800,30.5,7.56,4.8,413.1,50.1,3.46,0.133,0.15,2.28,,,Ⅳ
2023-08-26T20:00:00+08:00,1693051200,30.0,7.44,3.59,416.4,17.9,2.98,0.16,0.126,2.17,,,Ⅳ
2023-08-27T00:00:00+08:00,1693065600,29.8,7.43,3.48,416.5,17.4,2.96,0.168,0.124,2.19,,,Ⅳ
2023-08-27T04:00:00+08:00,1693080000,29.7,7.39,3.09,418.8,18.1,3.0,0.16,0.126,2.23,,,Ⅳ
2023-08-27T08:00:00+08:00,1693094400,29.6,7.42,3.3,419.4,17.6,2.97,0.131,0.124,2.16,,,Ⅳ
2023-08-27T12:00:00+08:00,1693108800,30.0,7.54,4.69,415.0,14.3,3.09,0.11,0.121,2.14,,,Ⅳ
2023-08-27T16:00:00+08:00,1693123200,30.4,7.7,5.72,412.6,12.8,3.05,0.084,,2.02,,,
2023-08-27T20:00:00+08:00,1693137600,30.1,7.6,4.88,416.6,15.4,2.95,0.089,,2.03,,,
2023-08-28T00:00:00+08:00,1693152000,29.9,7.52,4.17,419.2,19.1,2.97,0.1,,2.12,,,
2023-08-28T04:00:00+08:00,1693166400,29.8,7.45,3.56,420.8,30.0,3.15,0.12,,2.18,,,
2023-08-28T08:00:00+08:00,1693180800,29.9,7.44,3.56,420.9,18.0,2.97,0.101,,2.1,,,
2023-08-28T12:00:00+08:00,1693195200,30.0,7.53,4.53,418.5,15.4,3.2,0.087,0.124,2.17,,,Ⅳ
2023-08-28T16:00:00+08:00,1693209600,29.5,7.51,4.12,419.4,16.6,2.9,0.11,0.12,2.33,,,Ⅳ
2023-08-28T20:00:00+08:00,1693224000,29.2,7.44,3.44,421.2,18.5,2.89,0.124,0.122,2.33,,,Ⅳ
2023-08-29T00:00:00+08:00,1693238400,28.9,7.42,3.16,423.2,26.4,2.92,0.139,0.134,2.41,,,Ⅳ
2023-08-29T04:00:00+08:00,1693252800,28.7,7.42,3.03,421.0,37.3,2.99,0.147,0.14,2.44,,,Ⅳ
2023-08-29T08:00:00+08:00,1693267200,28.5,7.39,2.95,423.2,19.5,2.82,0.151,0.134,2.46,,,Ⅴ
2023-08-29T12:00:00+08:00,1693281600,28.8,7.43,3.37,425.2,19.2,2.76,0.163,0.14,2.48,,,Ⅳ
2023-08-29T16:00:00+08:00,1693296000,28.8,7.42,3.0,431.0,19.3,2.93,0.161,0.147,2.48,,,Ⅴ
2023-08-29T20:00:00+08:00,1693310400,28.5,7.38,2.68,427.6,21.4,2.9,0.161,0.144,2.53,,,Ⅴ
2023-08-30T00:00:00+08:00,1693324800,28.4,7.35,2.38,427.3,23.6,2.88,0.183,0.15,2.55,,,Ⅴ
2023-08-30T04:00:00+08:00,1693339200,28.2,7.35,2.2,426.1,22.6,2.86,0.201,0.148,2.4,,,Ⅴ
2023-08-30T08:00:00+08:00,1693353600,27.7,7.35,2.42,417.4,20.1,2.73,0.187,0.144,2.43,,,Ⅴ
2023-08-30T12:00:00+08:00,1693368000,27.8,7.39,2.73,423.1,23.0,2.89,0.181,0.145,2.45,,,Ⅴ
2023-08-30T16:00:00+08:00,1693382400,27.7,7.39,2.82,420.5,23.4,2.9,0.189,0.154,2.52,,,Ⅴ
2023-08-30T20:00:00+08:00,1693396800,27.5,7.38,2.78,421.0,22.4,2.81,0.167,0.152,2.58,,,Ⅴ
2023-08-31T00:00:00+08:00,1693411200,27.3,7.36,2.53,421.0,22.7,2.81,0.18,0.157,2.56,,,Ⅴ
2023-08-31T04:00:00+08:00,1693425600,27.1,7.34,2.31,422.5,24.9,2.88,0.203,0.166,2.78,,,Ⅴ
2023-08-31T08:00:00+08:00,1693440000,27.0,7.34,2.31,417.8,20.3,2.76,0.214,0.164,2.81,,,Ⅴ
2023-08-31T12:00:00+08:00,1693454400,27.3,7.36,2.68,424.3,21.5,2.85,0.184,0.16,2.77,,,Ⅴ
2023-08-31T16:00:00+08:00,1693468800,27.7,7.41,3.1,429.0,22.2,2.84,0.144,0.161,2.79,,,Ⅳ
2023-08-31T20:00:00+08:00,1693483200,27.5,7.43,3.1,427.1,19.4,2.71,0.155,0.151,2.79,,,Ⅳ
2023-09-01T00:00:00+08:00,1693497600,27.1,7.35,2.53,420.4,17.2,2.83,0.163,0.145,2.58,,,Ⅴ
2023-09-01T04:00:00+08:00,1693512000,26.8,7.33,2.06,423.8,32.1,3.02,0.213,0.165,2.85,,,Ⅴ
2023-09-01T12:00:00+08:00,1693540800,27.5,7.38,2.74,424.2,17.0,2.84,0.156,0.15,2.76,,,Ⅴ
2023-09-01T16:00:00+08:00,1693555200,27.9,7.38,2.58,422.7,15.6,2.72,0.152,0.144,2.66,,,Ⅴ
2023-09-01T20:00:00+08:00,1693569600,27.5,7.38,2.67,420.5,15.0,2.79,0.148,0.138,2.69,,,Ⅴ
2023-09-02T04:00:00+08:00,1693598400,27.0,7.35,2.37,418.1,17.4,2.71,0.232,0.136,2.67,,,Ⅴ
2023-09-02T08:00:00+08:00,1693612800,26.9,7.33,2.27,418.0,16.2,2.76,0.226,0.136,2.69,,,Ⅴ
2023-09-02T12:00:00+08:00,1693627200,27.8,7.38,3.07,417.0,13.3,2.68,0.251,0.137,2.72,,,Ⅳ
2023-09-02T16:00:00+08:00,1693641600,27.4,7.57,3.62,417.3,18.4,2.72,0.217,0.129,2.54,,,Ⅳ
2023-09-02T20:00:00+08:00,1693656000,28.0,7.59,3.69,417.5,18.9,2.89,0.215,0.131,2.62,,,Ⅳ
2023-09-03T04:00:00+08:00,1693684800,27.5,7.53,3.07,421.0,25.8,2.89,0.184,0.135,2.65,,,Ⅳ
2023-09-03T08:00:00+08:00,1693699200,27.5,7.51,2.95,421.3,18.6,2.77,0.206,0.13,2.63,,,Ⅴ
2023-09-03T12:00:00+08:00,1693713600,28.2,7.7,4.7,418.7,14.4,2.76,0.143,0.121,2.5,,,Ⅳ
2023-09-03T16:00:00+08:00,1693728000,28.3,7.67,4.4,422.7,19.4,2.98,0.135,0.125,2.59,,,Ⅳ
2023-09-03T20:00:00+08:00,1693742400,28.3,7.73,5.03,419.4,17.0,2.79,0.092,0.113,2.54,,,Ⅲ
2023-09-04T04:00:00+08:00,1693771200,28.1,7.57,3.76,433.5,22.7,2.96,0.147,0.125,2.68,,,Ⅳ
2023-09-04T08:00:00+08:00,1693785600,28.0,7.53,3.44,434.3,20.6,2.96,0.138,0.124,2.62,,,Ⅳ
2023-09-04T12:00:00+08:00,1693800000,28.6,7.62,4.19,431.2,37.3,3.17,0.129,0.146,2.75,,,Ⅳ
2023-09-04T16:00:00+08:00,1693814400,29.3,7.74,5.33,425.0,17.0,2.93,0.097,0.119,2.54,,,Ⅲ
2023-09-04T20:00:00+08:00,1693828800,28.7,7.6,4.42,433.5,20.0,3.08,0.117,0.118,2.6,,,Ⅳ
2023-09-05T04:00:00+08:00,1693857600,28.6,7.54,3.84,444.1,25.0,3.02,0.1,0.122,2.61,,,Ⅳ
2023-09-05T08:00:00+08:00,1693872000,28.5,7.51,3.67,445.9,21.7,3.81,0.085,0.121,2.69,,,Ⅳ
2023-09-05T12:00:00+08:00,1693886400,28.7,7.51,3.71,444.5,16.5,3.01,0.085,0.12,2.73,,,Ⅳ
2023-09-05T16:00:00+08:00,1693900800,28.9,7.54,4.13,440.6,22.2,3.12,0.074,0.121,2.64,,,Ⅳ
2023-09-05T20:00:00+08:00,1693915200,28.7,7.48,3.59,441.3,15.8,3.01,0.08,0.112,2.62,,,Ⅳ
2023-09-06T04:00:00+08:00,1693944000,28.5,7.48,3.49,447.1,19.6,2.98,0.058,0.114,2.62,,,Ⅳ
2023-09-06T08:00:00+08:00,1693958400,28.3,7.39,2.69,443.9,22.9,2.94,0.075,0.121,2.61,,,Ⅴ
2023-09-06T12:00:00+08:00,1693972800,28.7,7.46,3.42,441.7,25.8,2.99,0.052,0.122,2.5,,,Ⅳ
2023-09-06T16:00:00+08:00,1693987200,28.9,7.42,3.07,440.7,14.4,2.87,0.072,0.108,2.48,,,Ⅳ
2023-09-06T20:00:00+08:00,1694001600,29.0,7.45,3.49,439.8,13.3,2.86,0.063,0.105,2.48,,,Ⅳ
2023-09-07T04:00:00+08:00,1694030400,28.6,7.47,3.45,446.6,19.4,2.83,0.066,0.108,2.49,,,Ⅳ
2023-09-07T12:00:00+08:00,1694059200,29.6,7.56,4.34,443.4,11.9,2.83,0.055,0.107,2.46,,,Ⅳ
2023-09-07T16:00:00+08:00,1694073600,29.8,7.64,4.9,446.0,12.1,2.87,0.051,0.102,2.4,,,Ⅳ
2023-09-07T20:00:00+08:00,1694088000,29.6,7.52,4.4,460.4,17.2,2.97,0.065,0.103,2.5,,,Ⅳ
2023-09-08T04:00:00+08:00,1694116800,28.7,7.38,3.3,480.7,31.9,3.09,0.073,0.117,2.67,,,Ⅳ
2023-09-08T08:00:00+08:00,1694131200,28.7,7.4,3.58,481.2,15.2,2.86,0.058,0.104,2.56,,,Ⅳ
2023-09-08T12:00:00+08:00,1694145600,29.5,7.55,4.75,460.3,10.0,2.88,0.035,0.097,2.45,,,Ⅳ
2023-09-08T16:00:00+08:00,1694160000,30.1,7.67,5.51,466.6,18.0,2.94,0.043,0.102,2.51,,,Ⅲ
2023-09-08T20:00:00+08:00,1694174400,29.7,7.9,6.85,468.6,11.4,2.83,0.025,0.089,2.36,,,Ⅱ
2023-09-09T04:00:00+08:00,1694203200,28.6,7.32,3.43,499.6,20.5,2.87,0.059,0.102,2.58,,,Ⅳ
2023-09-09T08:00:00+08:00,1694217600,28.5,7.32,3.3,496.4,15.1,2.77,0.054,0.1,2.42,,,Ⅳ
2023-09-09T12:00:00+08:00,1694232000,29.4,7.6,5.91,460.9,10.4,2.79,0.029,0.08,2.29,,,Ⅲ
2023-09-09T16:00:00+08:00,1694246400,30.0,7.78,6.35,481.1,29.3,2.99,0.025,0.098,2.39,,,Ⅱ
2023-09-09T20:00:00+08:00,1694260800,29.4,7.83,6.55,487.0,10.5,2.94,0.026,0.086,2.38,,,Ⅱ
2023-09-10T04:00:00+08:00,1694289600,28.3,7.28,3.25,500.0,22.9,2.9,0.064,0.103,2.56,,,Ⅳ
2023-09-10T08:00:00+08:00,1694304000,28.2,7.27,3.02,500.2,16.2,2.8,0.057,0.099,2.45,,,Ⅳ
2023-09-10T12:00:00+08:00,1694318400,29.0,7.47,4.57,491.4,11.4,2.79,0.034,0.095,2.41,,,Ⅳ
2023-09-10T16:00:00+08:00,1694332800,29.5,7.58,5.2,495.2,12.1,2.84,0.044,0.091,2.41,,,Ⅲ
2023-09-10T20:00:00+08:00,1694347200,29.3,7.72,6.11,499.9,14.1,2.82,0.025,0.09,2.37,,,Ⅱ
2023-09-11T04:00:00+08:00,1694376000,28.8,7.47,4.5,515.8,41.7,3.49,0.045,0.133,2.65,,,Ⅳ
2023-09-11T08:00:00+08:00,1694390400,28.7,7.41,3.97,517.6,16.0,2.93,0.05,0.101,2.46,,,Ⅳ
2023-09-11T12:00:00+08:00,1694404800,29.1,7.45,4.44,513.5,22.4,3.08,0.052,0.104,2.45,,,Ⅳ
2023-09-11T20:00:00+08:00,1694433600,29.4,7.46,4.58,515.2,14.3,2.98,0.059,0.094,2.47,,,Ⅳ
2023-09-12T00:00:00+08:00,1694448000,29.2,7.44,4.11,527.8,14.9,2.98,0.053,0.098,2.5,,,Ⅳ
2023-09-12T04:00:00+08:00,1694462400,29.2,7.39,3.5,539.8,19.9,3.03,0.068,0.108,2.62,,,Ⅳ
2023-09-12T08:00:00+08:00,1694476800,29.1,7.37,3.21,543.9,19.4,2.85,0.071,0.109,2.56,,,Ⅳ
2023-09-12T12:00:00+08:00,1694491200,29.2,7.38,3.26,550.9,18.0,2.83,0.081,0.112,2.67,,,Ⅳ
2023-09-12T20:00:00+08:00,1694520000,28.9,7.34,3.01,547.1,16.9,2.96,0.099,0.11,2.67,,,Ⅳ
2023-09-13T04:00:00+08:00,1694548800,28.7,7.33,2.67,549.5,23.7,2.98,0.114,0.12,2.67,,,Ⅴ
2023-09-13T08:00:00+08:00,1694563200,28.6,7.32,2.35,553.0,22.3,2.96,0.135,0.125,2.79,,,Ⅴ
2023-09-13T12:00:00+08:00,1694577600,28.4,7.34,2.62,545.5,21.8,3.01,0.16,0.122,2.82,,,Ⅴ
2023-09-13T16:00:00+08:00,1694592000,28.2,7.35,2.58,549.9,21.2,3.05,0.223,0.13,2.9,,,Ⅴ
2023-09-13T20:00:00+08:00,1694606400,28.1,7.33,2.4,553.0,22.6,3.03,0.24,0.134,2.95,,,Ⅴ
2023-09-14T04:00:00+08:00,1694635200,27.8,7.34,2.24,551.2,24.2,3.05,0.254,0.144,3.01,,,Ⅴ
2023-09-14T08:00:00+08:00,1694649600,27.7,7.33,2.18,553.4,24.2,2.87,0.239,0.141,3.1,,,Ⅴ
2023-09-14T12:00:00+08:00,1694664000,27.7,7.34,2.5,556.0,20.2,2.88,0.237,0.141,3.27,,,Ⅴ
2023-09-14T16:00:00+08:00,1694678400,27.6,7.34,2.63,545.9,21.3,2.92,0.24,0.138,3.11,,,Ⅴ
2023-09-14T20:00:00+08:00,1694692800,27.5,7.32,2.35,545.0,23.8,2.94,0.22,0.139,3.06,,,Ⅴ
2023-09-15T04:00:00+08:00,1694721600,27.2,7.31,2.1,528.0,23.7,2.77,0.24,0.143,3.06,,,Ⅴ
2023-09-15T08:00:00+08:00,1694736000,27.0,7.35,2.66,518.1,22.3,2.73,0.242,0.139,2.93,,,Ⅴ
2023-09-15T12:00:00+08:00,1694750400,27.0,7.36,2.68,510.8,20.8,2.88,0.264,0.146,2.96,,,Ⅴ
2023-09-15T16:00:00+08:00,1694764800,27.0,7.37,2.96,494.0,17.9,2.81,0.341,0.138,3.08,,,Ⅴ
2023-09-15T20:00:00+08:00,1694779200,26.8,7.34,2.6,489.4,17.4,2.75,0.368,0.14,3.11,,,Ⅴ
2023-09-16T12:00:00+08:00,1694836800,26.6,7.33,2.09,456.9,16.1,3.04,0.572,0.162,3.49,,,Ⅴ
2023-09-16T16:00:00+08:00,1694851200,27.0,7.32,1.95,457.8,13.7,3.04,0.576,0.162,3.62,,,劣Ⅴ
2023-09-16T20:00:00+08:00,1694865600,27.1,7.34,2.21,462.9,12.9,3.05,0.474,0.157,3.63,,,Ⅴ
2023-09-17T04:00:00+08:00,1694894400,26.6,7.28,1.4,479.5,13.2,2.91,0.345,0.163,3.43,,,劣Ⅴ
2023-09-17T08:00:00+08:00,1694908800,26.4,7.29,1.56,472.2,12.8,2.92,0.369,0.16,3.47,,,劣Ⅴ
2023-09-17T12:00:00+08:00,1694923200,27.4,7.32,2.2,466.0,10.1,2.86,0.372,0.168,3.54,,,Ⅴ
2023-09-17T16:00:00+08:00,1694937600,27.5,7.32,2.09,463.6,10.2,2.97,0.345,0.165,3.58,,,Ⅴ
2023-09-17T20:00:00+08:00,1694952000,27.0,7.24,1.3,453.7,11.3,3.08,0.391,0.165,3.5,,,劣Ⅴ
2023-09-18T04:00:00+08:00,1694980800,26.6,7.25,1.37,454.5,12.0,3.1,0.415,0.162,3.54,,,劣Ⅴ
2023-09-18T08:00:00+08:00,1694995200,26.6,7.24,1.28,450.8,13.1,3.13,0.455,0.167,3.58,,,劣Ⅴ
2023-09-18T12:00:00+08:00,1695009600,27.5,7.31,2.11,451.5,9.3,3.26,0.423,0.17,3.61,,,Ⅴ
2023-09-18T16:00:00+08:00,1695024000,27.9,7.32,2.09,449.4,18.0,3.05,0.373,0.175,3.63,,,Ⅴ
2023-09-18T20:00:00+08:00,1695038400,27.7,7.28,1.7,447.9,10.9,,0.394,0.171,3.72,,,
2023-09-19T04:00:00+08:00,1695067200,27.3,7.19,1.16,448.6,13.3,,0.495,0.187,4.09,,,
2023-09-19T08:00:00+08:00,1695081600,27.2,7.2,1.25,449.4,10.2,,0.456,0.184,4.18,,,
2023-09-19T12:00:00+08:00,1695096000,27.7,7.3,2.38,448.5,11.4,3.49,0.427,0.186,3.63,,,Ⅴ
2023-09-19T16:00:00+08:00,1695110400,28.2,7.34,2.49,447.2,11.0,3.42,0.398,0.195,3.55,,,Ⅴ
2023-09-19T20:00:00+08:00,1695124800,28.0,7.27,1.92,450.4,14.7,3.45,0.41,0.187,3.67,,,劣Ⅴ
2023-09-20T04:00:00+08:00,1695153600,27.4,7.22,1.13,454.2,14.7,3.62,0.442,0.188,3.93,,,劣Ⅴ
2023-12-21T12:00:00+08:00,1703131200,6.3,7.84,10.07,678.4,15.2,2.63,0.259,0.094,2.99,,,Ⅱ
2023-12-21T16:00:00+08:00,1703145600,6.3,7.79,10.18,673.1,22.9,2.61,0.261,0.097,3.02,,,Ⅱ
2023-12-21T20:00:00+08:00,1703160000,5.6,7.8,9.86,663.4,23.1,2.66,0.259,0.097,3.04,,,Ⅱ
2023-12-22T04:00:00+08:00,1703188800,4.8,7.82,9.85,670.3,14.6,2.54,0.252,0.094,3.08,,,Ⅱ
2023-12-22T08:00:00+08:00,1703203200,4.7,7.83,10.05,678.4,15.7,2.56,0.248,0.093,3.03,,,Ⅱ
2023-12-22T12:00:00+08:00,1703217600,5.1,7.85,10.64,680.4,19.0,2.37,0.065,0.092,2.97,,,Ⅱ
2023-12-22T16:00:00+08:00,1703232000,5.5,7.87,10.59,675.6,14.1,2.73,0.231,0.092,2.97,,,Ⅱ
2023-12-22T20:00:00+08:00,1703246400,5.1,7.87,10.51,678.5,15.2,2.73,0.229,0.091,2.94,,,Ⅱ
2023-12-23T04:00:00+08:00,1703275200,5.0,7.9,10.57,688.9,12.9,2.61,0.188,0.087,2.85,,,Ⅱ
2023-12-23T08:00:00+08:00,1703289600,4.7,7.96,10.97,682.1,15.0,2.74,0.196,0.087,2.83,,,Ⅱ
2023-12-23T12:00:00+08:00,1703304000,5.4,8.13,11.97,672.6,13.9,2.76,0.156,0.082,2.62,,,Ⅱ
2023-12-23T16:00:00+08:00,1703318400,5.5,8.19,12.09,660.3,17.7,2.66,0.103,0.076,2.36,,,Ⅱ
2023-12-23T20:00:00+08:00,1703332800,5.2,8.16,11.95,656.3,25.6,2.75,0.076,0.069,2.22,,,Ⅱ
2023-12-24T04:00:00+08:00,1703361600,4.7,8.09,11.73,654.4,17.3,2.84,0.076,0.069,2.12,,,Ⅱ
2023-12-24T08:00:00+08:00,1703376000,4.4,8.09,11.75,650.1,16.1,2.72,0.077,0.066,2.15,,,Ⅱ
2023-12-24T12:00:00+08:00,1703390400,4.8,8.17,12.21,655.9,14.5,2.8,0.074,0.067,2.15,,,Ⅱ
2023-12-24T16:00:00+08:00,1703404800,5.5,8.12,11.8,664.2,14.2,2.78,0.094,0.07,2.2,,,Ⅱ
2023-12-24T20:00:00+08:00,1703419200,5.3,8.11,11.72,653.8,17.5,2.74,0.223,0.089,2.69,,,Ⅱ
2023-12-25T04:00:00+08:00,1703448000,5.0,8.13,11.86,639.6,19.5,2.7,0.08,0.068,2.11,,,Ⅱ
2023-12-25T08:00:00+08:00,1703462400,5.0,8.09,11.82,637.2,20.5,2.68,0.059,0.068,2.1,,,Ⅱ
2023-12-25T12:00:00+08:00,1703476800,5.3,8.15,12.23,637.2,13.8,2.49,0.025,0.071,2.24,,,Ⅱ
2023-12-25T16:00:00+08:00,1703491200,6.2,8.2,12.2,637.8,13.5,2.7,0.092,0.076,2.43,,,Ⅱ
2023-12-25T20:00:00+08:00,1703505600,5.7,8.15,11.97,634.3,19.3,2.7,0.082,0.069,2.28,,,Ⅱ
2023-12-26T04:00:00+08:00,1703534400,4.9,8.11,11.93,621.9,15.4,2.72,0.073,0.067,2.08,,,Ⅱ
2023-12-31T20:00:00+08:00,1704024000,7.2,8.74,15.81,624.6,23.3,3.59,0.167,0.066,2.6,,,Ⅱ
2024-01-15T12:00:00+08:00,1705291200,9.2,8.04,10.63,649.9,28.1,2.65,0.191,0.088,3.5,,,Ⅱ
2024-01-16T12:00:00+08:00,1705377600,9.0,8.06,10.67,640.4,32.2,2.69,0.177,0.084,3.42,,,Ⅱ
2024-01-16T16:00:00+08:00,1705392000,9.3,8.39,11.76,648.0,22.1,2.76,0.106,0.07,2.83,,,Ⅱ
2024-01-16T20:00:00+08:00,1705406400,9.2,8.3,11.31,647.3,23.0,2.73,0.117,0.075,2.81,,,Ⅱ
2024-01-17T04:00:00+08:00,1705435200,9.1,8.04,10.52,650.6,28.3,2.56,0.156,0.08,3.18,,,Ⅱ
2024-01-17T08:00:00+08:00,1705449600,9.0,8.17,10.77,650.9,21.5,2.76,0.122,0.073,2.93,,,Ⅱ
2024-01-17T12:00:00+08:00,1705464000,9.4,8.18,11.01,650.8,24.2,2.6,0.146,0.078,3.1,,,Ⅱ
2024-01-17T16:00:00+08:00,1705478400,10.0,8.49,11.7,644.0,21.6,2.69,0.071,0.066,2.57,,,Ⅱ
2024-01-17T20:00:00+08:00,1705492800,9.9,8.37,11.31,649.0,22.7,2.69,0.098,0.066,2.68,,,Ⅱ
2024-01-18T04:00:00+08:00,1705521600,9.8,7.99,9.99,663.0,28.4,2.51,0.154,0.082,3.25,,,Ⅱ
2024-01-18T08:00:00+08:00,1705536000,9.7,7.96,9.89,660.0,27.5,2.66,0.175,0.086,3.32,,,Ⅱ
2024-01-22T16:00:00+08:00,1705910400,7.3,7.83,9.78,640.4,32.0,3.43,0.352,0.112,3.77,,,Ⅲ
2024-01-22T20:00:00+08:00,1705924800,6.8,7.82,9.81,630.0,36.7,3.26,0.338,0.106,3.56,,,Ⅲ
2024-01-23T04:00:00+08:00,1705953600,6.1,7.88,9.63,597.7,37.5,3.71,0.346,0.1,3.43,,,Ⅱ
2024-01-23T08:00:00+08:00,1705968000,5.8,7.87,9.68,590.4,40.7,4.4,0.368,0.101,3.49,,,Ⅲ
2024-01-23T12:00:00+08:00,1705982400,6.2,7.91,10.36,580.5,51.9,2.81,0.33,0.101,3.47,,,Ⅲ
2024-01-23T16:00:00+08:00,1705996800,6.3,7.91,10.33,584.5,46.1,4.83,0.353,0.099,3.42,,,Ⅲ
2024-01-23T20:00:00+08:00,1706011200,5.9,7.93,10.17,584.6,41.0,3.69,0.308,0.099,3.51,,,Ⅱ
2024-01-24T04:00:00+08:00,1706040000,5.5,7.88,9.83,592.4,38.3,4.0,0.357,0.096,3.55,,,Ⅱ
2024-01-24T08:00:00+08:00,1706054400,5.3,7.86,9.63,602.3,38.4,4.09,0.589,0.099,3.58,,,Ⅲ
2024-01-24T12:00:00+08:00,1706068800,5.7,7.81,10.22,636.8,35.7,3.31,0.372,0.102,3.71,,,Ⅲ
2024-01-24T16:00:00+08:00,1706083200,5.9,7.82,10.19,642.3,31.4,4.28,0.388,0.109,3.82,,,Ⅲ
2024-01-24T20:00:00+08:00,1706097600,5.7,7.81,9.79,642.7,30.0,8.28,1.051,0.414,3.21,,,劣Ⅴ
2024-01-25T04:00:00+08:00,1706126400,5.4,7.81,9.45,633.9,23.3,3.66,0.423,0.11,3.6,,,Ⅲ
2024-01-25T12:00:00+08:00,1706155200,6.0,7.79,9.9,623.6,21.1,2.76,0.563,0.112,3.59,,,Ⅲ
2024-01-25T16:00:00+08:00,1706169600,6.3,7.87,10.03,611.2,25.1,3.38,0.55,0.11,3.6,,,Ⅲ
2024-01-25T20:00:00+08:00,1706184000,6.0,7.85,9.99,614.9,20.2,2.73,0.574,0.109,3.64,,,Ⅲ
2024-01-26T04:00:00+08:00,1706212800,5.6,7.83,9.74,596.6,23.6,2.66,0.525,0.104,3.57,,,Ⅲ
2024-01-26T08:00:00+08:00,1706227200,5.5,7.85,9.8,594.0,24.3,2.56,0.51,0.101,3.59,,,Ⅲ
2024-01-26T12:00:00+08:00,1706241600,6.1,7.86,10.07,584.1,26.5,2.38,0.515,0.102,3.62,,,Ⅲ
2024-01-26T16:00:00+08:00,1706256000,6.5,7.95,10.32,584.8,26.6,2.62,0.476,0.099,3.58,,,Ⅱ
2024-01-26T20:00:00+08:00,1706270400,6.3,7.86,10.02,591.2,24.9,2.48,0.447,0.104,3.68,,,Ⅲ
2024-01-27T04:00:00+08:00,1706299200,5.6,7.87,9.7,576.2,26.6,2.11,0.351,0.1,3.66,,,Ⅱ
2024-01-27T08:00:00+08:00,1706313600,5.6,7.83,9.69,577.8,28.6,2.22,0.337,0.1,3.67,,,Ⅱ
2024-01-27T12:00:00+08:00,1706328000,6.0,7.85,9.87,574.4,24.2,2.48,0.444,0.101,3.67,,,Ⅲ
2024-01-27T16:00:00+08:00,1706342400,6.4,7.95,10.28,568.3,34.4,2.5,0.442,0.099,3.79,,,Ⅱ
2024-01-27T20:00:00+08:00,1706356800,6.2,7.87,9.89,584.6,24.9,2.34,0.415,0.098,3.88,,,Ⅱ
2024-01-28T04:00:00+08:00,1706385600,5.9,7.85,9.73,591.7,30.3,2.33,0.386,0.092,3.88,,,Ⅱ
2024-01-28T08:00:00+08:00,1706400000,5.6,7.87,9.62,591.0,27.5,2.46,0.408,0.095,3.9,,,Ⅱ
2024-01-28T12:00:00+08:00,1706414400,6.2,7.85,9.9,577.3,35.0,2.56,0.407,0.098,3.94,,,Ⅱ
2024-01-28T16:00:00+08:00,1706428800,7.2,7.87,9.96,572.1,33.3,2.56,0.407,0.098,3.94,,,Ⅱ
2024-01-28T20:00:00+08:00,1706443200,6.8,7.89,9.99,574.6,43.0,2.38,0.411,0.098,3.86,,,Ⅱ
2024-01-29T04:00:00+08:00,1706472000,6.2,7.82,9.56,581.5,34.4,2.25,0.392,0.095,3.76,,,Ⅱ
2024-01-29T08:00:00+08:00,1706486400,6.0,7.85,9.49,582.3,34.4,2.42,0.393,0.097,3.72,,,Ⅱ
2024-01-29T12:00:00+08:00,1706500800,6.3,7.83,9.63,581.9,27.6,2.28,0.4,0.099,3.74,,,Ⅱ
2024-01-29T16:00:00+08:00,1706515200,6.8,7.83,9.78,595.9,31.9,2.56,0.366,0.103,3.75,,,Ⅲ
2024-01-29T20:00:00+08:00,1706529600,7.0,7.82,9.32,589.3,28.9,2.23,0.241,0.105,3.89,,,Ⅲ
2024-01-30T04:00:00+08:00,1706558400,7.0,7.86,9.27,584.1,35.0,2.13,0.185,0.104,3.72,,,Ⅲ
2024-01-30T08:00:00+08:00,1706572800,7.0,7.85,9.24,585.2,29.3,2.47,0.345,0.103,3.68,,,Ⅲ
2024-01-30T12:00:00+08:00,1706587200,7.4,7.88,9.51,584.4,33.1,2.24,0.325,0.107,3.69,,,Ⅲ
2024-01-30T16:00:00+08:00,1706601600,7.5,7.85,9.46,587.8,32.8,2.39,0.329,0.101,3.51,,,Ⅲ
2024-01-30T20:00:00+08:00,1706616000,7.6,7.84,9.31,586.9,29.6,2.24,0.318,0.099,3.47,,,Ⅱ
2024-01-31T04:00:00+08:00,1706644800,7.7,7.88,9.21,588.3,25.6,1.91,0.08,0.096,3.49,,,Ⅱ
2024-01-31T08:00:00+08:00,1706659200,7.7,7.84,9.41,588.1,26.8,2.46,0.3,0.095,3.42,,,Ⅱ
2024-01-31T12:00:00+08:00,1706673600,8.0,7.85,9.4,589.9,27.0,2.22,0.299,0.094,3.47,,,Ⅱ
2024-01-31T16:00:00+08:00,1706688000,8.0,7.8,9.73,593.4,32.7,2.38,0.307,0.095,3.43,,,Ⅱ
2024-01-31T20:00:00+08:00,1706702400,8.2,7.83,9.34,591.8,23.0,2.26,0.303,0.094,3.47,,,Ⅱ
2024-02-01T04:00:00+08:00,1706731200,8.4,7.8,9.37,588.8,22.8,2.25,0.297,0.097,3.58,,,Ⅱ
2024-02-01T08:00:00+08:00,1706745600,8.2,7.79,9.47,591.4,24.7,,0.292,0.1,3.47,,,
2024-02-01T16:00:00+08:00,1706774400,8.3,7.76,9.4,585.5,35.6,2.42,0.306,0.103,3.6,,,Ⅲ
2024-02-01T20:00:00+08:00,1706788800,8.2,7.78,9.32,586.0,33.4,2.26,0.306,0.103,3.67,,,Ⅲ
2024-02-02T04:00:00+08:00,1706817600,8.0,7.72,9.22,586.2,31.9,1.98,0.066,0.105,3.73,,,Ⅲ
2024-02-02T08:00:00+08:00,1706832000,7.9,7.76,9.06,588.3,32.2,2.1,0.085,0.105,3.71,,,Ⅲ
2024-02-02T12:00:00+08:00,1706846400,8.0,7.72,9.05,586.2,33.9,2.39,0.316,0.106,3.7,,,Ⅲ
2024-02-02T16:00:00+08:00,1706860800,8.1,7.72,9.21,585.3,30.6,2.52,0.313,0.104,3.86,,,Ⅲ
2024-02-02T20:00:00+08:00,1706875200,8.1,7.72,9.09,586.3,37.0,2.3,0.29,0.103,3.92,,,Ⅲ
2024-02-03T00:00:00+08:00,1706889600,8.0,7.72,9.19,586.3,28.6,2.27,0.293,0.102,3.99,,,Ⅲ
2024-02-03T04:00:00+08:00,1706904000,7.9,7.75,9.18,586.6,28.5,2.29,0.295,0.101,3.96,,,Ⅲ
2024-02-03T08:00:00+08:00,1706918400,7.7,7.7,9.37,582.3,30.7,2.56,0.291,0.103,3.94,,,Ⅲ
2024-02-03T12:00:00+08:00,1706932800,7.7,7.71,9.44,583.0,31.0,2.44,0.295,0.104,3.95,,,Ⅲ
2024-02-03T16:00:00+08:00,1706947200,7.6,7.72,9.38,588.1,27.4,2.47,0.309,0.105,3.97,,,Ⅲ
2024-02-03T20:00:00+08:00,1706961600,7.6,7.71,9.37,585.4,30.0,2.21,0.306,0.105,3.9,,,Ⅲ
2024-02-04T00:00:00+08:00,1706976000,7.4,7.73,9.29,586.4,29.6,2.4,0.32,0.109,3.93,,,Ⅲ
2024-02-04T04:00:00+08:00,1706990400,7.4,7.72,9.24,586.2,29.6,2.23,0.3,0.106,3.9,,,Ⅲ
2024-02-04T08:00:00+08:00,1707004800,7.4,7.71,9.21,584.1,31.3,2.42,0.31,0.107,3.83,,,Ⅲ
2024-02-04T12:00:00+08:00,1707019200,7.2,7.74,9.58,568.8,27.8,2.43,0.304,0.103,3.75,,,Ⅲ
2024-02-04T16:00:00+08:00,1707033600,7.2,7.72,9.54,555.4,34.6,2.56,0.392,0.005,4.57,,,Ⅱ
2024-02-04T20:00:00+08:00,1707048000,7.1,7.67,9.25,543.0,30.1,2.81,0.401,0.153,4.9,,,Ⅲ
2024-02-05T00:00:00+08:00,1707062400,7.0,7.7,9.11,551.9,27.4,2.75,0.356,0.136,4.49,,,Ⅲ
2024-02-05T04:00:00+08:00,1707076800,6.9,7.68,9.09,553.7,27.9,2.47,0.337,0.132,4.65,,,Ⅲ
2024-02-05T08:00:00+08:00,1707091200,6.7,7.7,9.38,551.8,29.2,2.69,0.35,0.131,4.83,,,Ⅲ
2024-02-05T12:00:00+08:00,1707105600,6.8,7.7,9.54,551.0,27.0,2.53,0.341,0.13,4.84,,,Ⅲ
2024-02-05T16:00:00+08:00,1707120000,6.6,7.7,9.64,549.2,27.6,3.45,0.789,0.138,5.14,,,Ⅲ
2024-02-05T20:00:00+08:00,1707134400,6.5,7.68,9.4,545.7,28.4,2.56,0.361,0.135,5.03,,,Ⅲ
2024-02-06T00:00:00+08:00,1707148800,6.5,7.68,9.33,543.2,26.9,2.69,0.355,0.139,5.14,,,Ⅲ
2024-02-06T04:00:00+08:00,1707163200,6.4,7.66,9.27,544.6,26.8,2.73,0.345,0.138,5.12,,,Ⅲ
2024-02-06T08:00:00+08:00,1707177600,6.2,7.64,9.15,537.9,23.2,2.79,0.339,0.139,5.16,,,Ⅲ
2024-02-06T12:00:00+08:00,1707192000,6.4,7.66,9.5,537.3,25.2,2.71,0.322,0.14,5.17,,,Ⅲ
2024-02-06T16:00:00+08:00,1707206400,6.6,7.69,9.47,543.6,27.7,2.78,0.317,0.142,5.19,,,Ⅲ
2024-02-06T20:00:00+08:00,1707220800,6.4,7.66,9.39,551.6,24.7,2.84,0.278,0.144,5.07,,,Ⅲ
2024-02-07T00:00:00+08:00,1707235200,6.3,7.67,9.3,554.7,23.8,3.0,0.311,0.15,5.27,,,Ⅲ
2024-02-07T11:52:00+08:00,1707277920,,,,,,,,,,,,
2024-02-17T08:00:00+08:00,1708128000,10.4,7.84,10.27,530.2,21.6,,0.28,0.115,4.26,,,
2024-02-17T12:00:00+08:00,1708142400,10.8,7.94,10.92,532.0,25.1,,0.253,0.115,4.28,,,
2024-02-17T16:00:00+08:00,1708156800,11.2,8.04,11.13,532.1,22.7,,0.055,0.126,4.45,,,
2024-02-17T20:00:00+08:00,1708171200,11.2,7.93,10.65,533.4,17.9,,0.198,0.005,3.98,,,
2024-02-18T04:00:00+08:00,1708200000,11.2,7.86,10.3,533.8,19.6,,0.249,0.111,4.37,,,
2024-02-18T08:00:00+08:00,1708214400,11.3,7.82,10.1,534.3,21.4,,0.246,0.111,4.43,,,
2024-02-18T12:00:00+08:00,1708228800,11.6,7.93,10.8,533.3,21.4,,0.242,0.109,4.4,,,
2024-02-18T16:00:00+08:00,1708243200,12.3,8.08,11.14,535.5,22.6,,0.237,0.116,4.47,,,
2024-02-18T20:00:00+08:00,1708257600,12.2,8.01,10.86,537.2,19.5,7.73,0.17,0.095,3.82,,,Ⅳ
2024-02-19T04:00:00+08:00,1708286400,12.5,7.91,10.49,535.0,16.1,2.36,0.181,0.091,3.77,,,Ⅱ
2024-02-19T08:00:00+08:00,1708300800,12.3,7.83,10.23,535.9,19.6,2.67,0.216,0.103,4.21,,,Ⅲ
2024-02-19T12:00:00+08:00,1708315200,13.4,8.14,11.62,535.4,16.0,2.8,0.214,0.098,4.2,,,Ⅱ
2024-02-19T16:00:00+08:00,1708329600,12.9,8.05,11.34,534.9,16.9,2.8,0.214,0.098,4.2,,,Ⅱ
2024-02-19T20:00:00+08:00,1708344000,12.8,8.05,11.2,533.3,17.6,3.19,0.281,0.106,4.38,,,Ⅲ
2024-02-20T04:00:00+08:00,1708372800,12.3,7.93,10.65,534.1,22.6,2.27,0.047,0.103,4.41,,,Ⅲ
2024-02-20T08:00:00+08:00,1708387200,12.2,7.96,10.54,533.1,21.9,2.77,0.196,0.106,4.39,,,Ⅲ
2024-02-20T12:00:00+08:00,1708401600,12.2,7.99,10.75,532.2,20.4,2.76,0.196,0.107,4.35,,,Ⅲ
2024-02-20T16:00:00+08:00,1708416000,12.1,7.99,10.86,527.9,18.6,2.66,0.181,0.103,4.35,,,Ⅲ
2024-02-20T20:00:00+08:00,1708430400,12.0,7.91,10.36,529.6,18.5,2.07,0.038,0.099,4.34,,,Ⅱ
2024-02-21T04:00:00+08:00,1708459200,11.6,7.85,10.1,506.9,21.5,2.15,0.051,0.107,4.35,,,Ⅲ
2024-02-21T08:00:00+08:00,1708473600,11.2,7.81,9.94,498.8,25.6,2.49,0.167,0.103,4.29,,,Ⅲ
2024-02-21T12:00:00+08:00,1708488000,11.0,7.81,10.02,479.2,29.0,,0.185,0.108,4.4,,,
2024-02-21T16:00:00+08:00,1708502400,11.1,7.75,9.64,486.3,28.6,,0.045,0.022,4.22,,,
2024-02-21T20:00:00+08:00,1708516800,10.9,7.76,9.42,504.0,31.8,2.88,0.19,0.107,4.17,,,Ⅲ
2024-02-22T04:00:00+08:00,1708545600,10.3,7.66,8.96,484.0,25.0,2.71,0.232,0.12,4.7,,,Ⅲ
2024-02-22T08:00:00+08:00,1708560000,9.9,7.66,9.08,474.7,28.8,2.67,0.223,0.126,4.71,,,Ⅲ
2024-02-22T12:00:00+08:00,1708574400,9.7,7.67,9.17,470.2,33.1,2.9,0.245,0.123,4.64,,,Ⅲ
2024-02-22T16:00:00+08:00,1708588800,9.3,7.67,9.26,466.7,32.2,2.9,0.245,0.123,4.64,,,Ⅲ
2024-02-22T20:00:00+08:00,1708603200,9.0,7.68,9.18,469.4,33.5,2.84,0.423,0.127,4.78,,,Ⅲ
2024-02-23T04:00:00+08:00,1708632000,8.6,7.61,8.98,487.3,29.5,2.24,0.066,0.136,5.26,,,Ⅲ
2024-02-23T08:00:00+08:00,1708646400,8.3,7.63,8.85,502.3,28.3,2.88,0.245,0.139,5.48,,,Ⅲ
2024-02-23T12:00:00+08:00,1708660800,8.4,7.64,9.3,513.1,27.5,3.01,0.228,0.148,5.93,,,Ⅲ
2024-02-23T16:00:00+08:00,1708675200,8.2,7.58,9.03,513.2,29.6,2.44,0.041,0.163,6.32,,,Ⅲ
2024-02-23T20:00:00+08:00,1708689600,7.9,7.6,8.78,512.4,32.2,3.26,0.197,0.171,6.59,,,Ⅲ
2024-02-24T04:00:00+08:00,1708718400,7.6,7.54,8.71,507.6,27.0,3.55,0.248,0.185,7.1,,,Ⅲ
2024-02-24T08:00:00+08:00,1708732800,7.5,7.56,8.72,508.3,23.4,3.6,0.248,0.177,7.04,,,Ⅲ
2024-02-24T12:00:00+08:00,1708747200,7.4,7.61,8.99,508.8,25.4,3.57,0.241,0.172,6.96,,,Ⅲ
2024-02-24T16:00:00+08:00,1708761600,7.2,7.62,9.07,510.0,23.5,3.39,0.223,0.168,6.87,,,Ⅲ
2024-02-24T20:00:00+08:00,1708776000,6.9,7.62,9.1,513.3,26.0,3.42,0.219,0.167,6.93,,,Ⅲ
2024-02-25T04:00:00+08:00,1708804800,6.6,7.62,9.12,518.7,24.3,3.32,0.218,0.156,6.99,,,Ⅲ
2024-02-25T08:00:00+08:00,1708819200,6.5,7.59,9.21,518.9,21.3,3.3,0.199,0.156,6.98,,,Ⅲ
2024-02-25T12:00:00+08:00,1708833600,6.9,7.65,9.57,518.8,19.4,3.28,0.146,0.148,6.86,,,Ⅲ
2024-02-25T16:00:00+08:00,1708848000,7.2,7.67,9.68,519.4,19.0,2.76,0.039,0.145,6.72,,,Ⅲ
2024-02-25T20:00:00+08:00,1708862400,7.1,7.62,9.35,519.4,22.8,3.44,0.176,0.142,6.62,,,Ⅲ
2024-02-26T04:00:00+08:00,1708891200,6.8,7.63,9.17,521.0,20.2,3.18,0.229,0.136,6.49,,,Ⅲ
2024-02-26T08:00:00+08:00,1708905600,6.7,7.63,9.31,522.5,18.4,3.33,0.226,0.135,6.54,,,Ⅲ
2024-02-26T12:00:00+08:00,1708920000,7.0,7.63,9.45,521.0,17.5,3.44,0.239,0.135,6.48,,,Ⅲ
2024-02-26T16:00:00+08:00,1708934400,7.8,7.72,9.76,521.6,23.0,3.38,0.238,0.138,6.32,,,Ⅲ
2024-02-26T20:00:00+08:00,1708948800,8.4,7.72,9.63,521.5,17.8,3.95,0.372,0.14,6.19,,,Ⅲ
2024-02-27T04:00:00+08:00,1708977600,8.0,7.69,9.46,521.8,15.7,2.99,0.126,0.13,6.12,,,Ⅲ
2024-02-27T08:00:00+08:00,1708992000,7.8,7.63,9.32,521.6,18.6,3.2,0.265,0.127,6.0,,,Ⅲ
2024-02-27T12:00:00+08:00,1709006400,8.0,7.69,9.48,521.0,22.6,3.01,0.222,0.125,5.82,,,Ⅲ
2024-02-27T16:00:00+08:00,1709020800,8.9,7.75,10.07,526.0,17.2,3.35,0.204,0.118,5.49,,,Ⅲ
2024-02-27T20:00:00+08:00,1709035200,8.4,7.81,10.87,538.4,15.4,3.35,0.204,0.118,5.49,,,Ⅲ
2024-02-28T04:00:00+08:00,1709064000,7.8,7.63,9.35,524.1,28.9,2.42,0.025,0.125,5.1,,,Ⅲ
2024-02-28T08:00:00+08:00,1709078400,7.9,7.65,9.14,523.3,25.4,3.4,0.224,0.125,5.5,,,Ⅲ
2024-02-28T12:00:00+08:00,1709092800,8.0,7.65,9.38,519.7,23.1,3.07,0.196,0.128,5.56,,,Ⅲ
2024-02-28T16:00:00+08:00,1709107200,8.2,7.7,9.52,516.8,18.1,3.32,0.357,0.124,5.65,,,Ⅲ
2024-02-28T20:00:00+08:00,1709121600,8.2,7.62,9.25,518.7,22.9,2.73,0.039,0.125,5.62,,,Ⅲ
2024-02-29T04:00:00+08:00,1709150400,8.2,7.64,8.85,521.4,21.3,2.45,0.032,0.121,5.57,,,Ⅲ
2024-02-29T08:00:00+08:00,1709164800,8.0,7.63,9.04,519.6,23.8,2.67,0.043,0.124,5.53,,,Ⅲ
2024-02-29T12:00:00+08:00,1709179200,8.1,7.61,9.02,522.4,24.4,3.02,0.246,0.127,5.58,,,Ⅲ
2024-03-01T08:00:00+08:00,1709251200,7.9,7.68,8.91,539.7,23.0,3.02,0.21,0.123,5.31,,,Ⅲ
2024-03-01T12:00:00+08:00,1709265600,8.4,7.68,9.28,536.5,24.5,2.65,0.025,0.119,5.26,,,Ⅲ
2024-03-01T16:00:00+08:00,1709280000,8.6,7.67,9.04,536.8,19.8,2.68,0.066,0.127,5.48,,,Ⅲ
2024-03-01T20:00:00+08:00,1709294400,8.3,7.64,8.67,536.0,23.9,3.27,0.245,0.124,5.33,,,Ⅲ
2024-03-02T04:00:00+08:00,1709323200,7.9,7.63,8.21,534.8,22.3,3.03,0.271,0.123,5.36,,,Ⅲ
2024-03-02T08:00:00+08:00,1709337600,7.8,7.6,8.22,533.8,22.4,3.09,0.241,0.124,5.4,,,Ⅲ
2024-03-02T12:00:00+08:00,1709352000,8.4,7.67,9.24,533.9,21.7,2.78,0.046,0.124,5.33,,,Ⅲ
2024-03-02T16:00:00+08:00,1709366400,8.9,7.75,10.03,531.2,18.6,3.78,0.601,0.12,5.19,,,Ⅲ
2024-03-02T20:00:00+08:00,1709380800,8.6,7.69,9.85,530.1,17.0,3.34,0.29,0.11,4.68,,,Ⅲ
2024-03-03T04:00:00+08:00,1709409600,8.3,7.61,8.76,531.8,17.7,3.01,0.19,0.11,4.88,,,Ⅲ
2024-03-03T08:00:00+08:00,1709424000,8.3,7.56,8.53,530.5,22.8,2.47,0.036,0.115,5.22,,,Ⅲ
2024-03-03T12:00:00+08:00,1709438400,9.0,7.67,9.3,525.3,19.4,3.33,0.251,0.117,5.3,,,Ⅲ
2024-03-03T16:00:00+08:00,1709452800,9.5,7.78,10.16,518.4,18.6,2.97,0.222,0.113,4.97,,,Ⅲ
2024-03-03T20:00:00+08:00,1709467200,9.3,7.77,9.96,519.8,18.2,2.77,0.156,0.097,4.29,,,Ⅱ
2024-03-04T04:00:00+08:00,1709496000,9.1,7.62,8.93,524.5,28.8,2.95,0.196,0.11,4.76,,,Ⅲ
2024-03-04T08:00:00+08:00,1709510400,9.2,7.61,8.83,525.3,25.0,2.81,0.183,0.112,4.95,,,Ⅲ
2024-03-04T12:00:00+08:00,1709524800,9.3,7.63,8.83,526.9,22.6,2.69,0.032,0.115,5.09,,,Ⅲ
2024-03-04T16:00:00+08:00,1709539200,9.4,7.62,8.63,524.8,24.8,2.97,0.233,0.113,5.28,,,Ⅲ
2024-03-04T20:00:00+08:00,1709553600,9.5,7.62,8.63,520.5,20.6,3.01,0.241,0.115,5.38,,,Ⅲ
2024-03-05T04:00:00+08:00,1709582400,9.6,7.62,8.76,511.2,17.6,2.91,0.228,0.109,5.04,,,Ⅲ
2024-03-05T12:00:00+08:00,1709611200,9.9,7.56,8.05,518.5,18.8,3.27,0.252,0.118,5.28,,,Ⅲ
2024-03-05T16:00:00+08:00,1709625600,9.9,7.56,7.84,518.8,25.1,3.23,0.271,0.134,5.79,,,Ⅲ
2024-03-05T20:00:00+08:00,1709640000,9.9,7.52,7.2,521.4,22.4,3.23,0.283,0.146,6.14,,,Ⅲ
2024-03-06T04:00:00+08:00,1709668800,9.8,7.46,6.91,516.7,21.8,3.27,0.247,0.156,6.41,,,Ⅲ
2024-03-06T08:00:00+08:00,1709683200,9.7,7.48,6.97,517.8,19.7,3.27,0.247,0.156,6.41,,,Ⅲ
2024-03-06T12:00:00+08:00,1709697600,10.1,7.51,7.35,517.5,21.7,2.89,0.057,0.155,6.28,,,Ⅲ
2024-03-06T16:00:00+08:00,1709712000,10.1,7.51,7.42,516.6,24.8,3.49,0.345,0.158,6.35,,,Ⅲ
2024-03-06T20:00:00+08:00,1709726400,10.0,7.49,7.19,516.3,22.0,3.48,0.293,0.159,6.36,,,Ⅲ
2024-03-07T04:00:00+08:00,1709755200,9.7,7.48,6.91,517.3,22.0,3.22,0.274,0.15,6.39,,,Ⅲ
2024-03-07T08:00:00+08:00,1709769600,9.7,7.51,7.0,516.4,20.6,3.27,0.349,0.152,6.42,,,Ⅲ
2024-03-07T12:00:00+08:00,1709784000,10.8,7.54,7.37,518.7,17.1,3.57,0.341,0.152,6.43,,,Ⅲ
2024-03-07T16:00:00+08:00,1709798400,11.1,7.66,9.31,515.7,17.8,3.21,0.23,0.147,6.5,,,Ⅲ
2024-03-07T20:00:00+08:00,1709812800,11.6,7.58,8.2,518.8,17.2,2.57,0.053,0.132,5.69,,,Ⅲ
2024-03-08T04:00:00+08:00,1709841600,10.4,7.51,7.61,518.2,21.8,3.29,0.249,0.132,6.35,,,Ⅲ
2024-03-08T08:00:00+08:00,1709856000,10.2,7.51,7.36,519.2,21.8,3.15,0.266,0.133,6.21,,,Ⅲ
2024-03-08T12:00:00+08:00,1709870400,11.2,7.59,8.35,523.5,25.3,3.29,0.246,0.14,6.49,,,Ⅲ
2024-03-08T16:00:00+08:00,1709884800,11.6,7.7,9.23,524.3,24.1,2.89,0.061,0.14,6.41,,,Ⅲ
2024-03-08T20:00:00+08:00,1709899200,11.3,7.66,8.89,525.0,25.0,3.35,0.194,0.133,6.33,,,Ⅲ
2024-03-09T04:00:00+08:00,1709928000,10.8,7.58,8.36,529.0,19.7,2.72,0.046,0.13,6.58,,,Ⅲ
2024-03-09T08:00:00+08:00,1709942400,10.7,7.61,8.53,529.9,21.1,3.57,0.234,0.13,6.54,,,Ⅲ
2024-03-09T12:00:00+08:00,1709956800,11.4,7.72,9.69,524.6,37.5,4.41,0.371,0.153,6.16,,,Ⅲ
2024-03-09T16:00:00+08:00,1709971200,12.0,7.78,10.44,522.3,20.8,4.0,0.274,0.158,5.82,,,Ⅲ
2024-03-09T20:00:00+08:00,1709985600,11.6,7.76,10.29,524.5,21.0,2.98,0.082,0.126,5.73,,,Ⅲ
2024-03-10T04:00:00+08:00,1710014400,11.2,7.67,9.54,533.6,22.8,2.59,0.03,0.122,6.33,,,Ⅲ
2024-03-10T08:00:00+08:00,1710028800,11.2,7.7,9.5,536.0,22.0,3.38,0.11,0.129,6.49,,,Ⅲ
2024-03-10T12:00:00+08:00,1710043200,11.8,7.83,10.23,537.0,20.9,2.81,0.025,0.131,6.6,,,Ⅲ
2024-03-10T16:00:00+08:00,1710057600,12.3,7.87,10.45,528.0,22.0,3.31,0.127,0.106,5.68,,,Ⅲ
2024-03-10T20:00:00+08:00,1710072000,12.1,7.86,10.41,533.2,22.0,2.83,0.026,0.1,5.72,,,Ⅱ
2024-03-11T04:00:00+08:00,1710100800,11.9,7.78,9.94,551.1,29.7,3.45,0.162,0.115,6.55,,,Ⅲ
2024-03-11T08:00:00+08:00,1710115200,12.0,7.78,9.95,553.9,24.9,3.87,0.13,0.116,6.65,,,Ⅲ
2024-03-11T16:00:00+08:00,1710144000,12.8,8.0,11.1,544.4,25.4,3.03,0.064,0.11,6.66,,,Ⅲ
2024-03-11T20:00:00+08:00,1710158400,12.6,7.92,10.89,561.2,57.6,3.19,0.082,0.097,5.81,,,Ⅱ
2024-03-12T04:00:00+08:00,1710187200,12.6,7.95,10.89,565.6,32.5,2.95,0.036,0.105,6.2,,,Ⅲ
2024-03-12T08:00:00+08:00,1710201600,12.8,8.08,11.49,565.5,25.2,2.81,0.044,0.107,6.27,,,Ⅲ
2024-03-12T12:00:00+08:00,1710216000,13.5,8.35,12.57,563.0,30.4,3.69,0.084,0.108,6.08,,,Ⅲ
2024-03-12T16:00:00+08:00,1710230400,14.1,8.39,12.43,561.6,30.8,2.84,0.025,0.112,5.94,,,Ⅲ
2024-03-12T20:00:00+08:00,1710244800,13.6,8.24,11.99,560.8,27.0,3.17,0.04,0.105,5.81,,,Ⅲ
2024-03-13T04:00:00+08:00,1710273600,12.7,8.05,11.23,560.5,28.2,3.14,0.075,0.094,5.52,,,Ⅱ
2024-03-13T08:00:00+08:00,1710288000,12.6,8.06,11.19,561.3,20.2,3.09,0.077,0.086,5.45,,,Ⅱ
2024-03-13T12:00:00+08:00,1710302400,13.3,8.29,12.14,552.7,26.6,3.69,0.105,0.09,5.24,,,Ⅱ
2024-03-13T20:00:00+08:00,1710331200,13.6,8.32,12.04,551.2,25.2,3.44,0.069,0.086,5.14,,,Ⅱ
2024-03-14T04:00:00+08:00,1710360000,13.5,8.02,10.9,559.9,27.5,2.64,0.027,0.084,5.3,,,Ⅱ
2024-03-14T08:00:00+08:00,1710374400,13.6,8.0,10.95,559.9,25.5,3.58,0.102,0.085,5.35,,,Ⅱ
2024-03-14T12:00:00+08:00,1710388800,13.6,8.03,11.01,560.1,33.7,2.94,0.025,0.088,5.37,,,Ⅱ
2024-03-14T16:00:00+08:00,1710403200,13.8,8.06,10.92,558.1,32.7,2.81,0.025,0.085,5.31,,,Ⅱ
2024-03-14T20:00:00+08:00,1710417600,13.8,8.12,11.03,557.4,36.4,3.08,0.06,0.081,5.19,,,Ⅱ
2024-03-15T04:00:00+08:00,1710446400,13.6,8.07,10.81,551.2,35.5,3.09,0.046,0.087,5.14,,,Ⅱ
2024-03-15T08:00:00+08:00,1710460800,13.5,8.1,10.83,551.5,26.5,3.23,0.079,0.09,5.1,,,Ⅱ
2024-03-15T12:00:00+08:00,1710475200,14.2,8.28,11.46,550.6,33.4,3.07,0.025,0.088,5.02,,,Ⅱ
2024-03-15T20:00:00+08:00,1710504000,14.3,8.07,10.48,552.2,32.0,3.69,0.1,0.088,4.89,,,Ⅱ
2024-03-17T08:00:00+08:00,1710633600,15.9,7.9,9.41,563.5,25.7,2.93,0.03,0.083,4.86,,,Ⅱ
2024-03-17T12:00:00+08:00,1710648000,15.9,7.89,9.55,566.0,27.3,3.56,0.083,0.083,4.86,,,Ⅱ
2024-03-17T16:00:00+08:00,1710662400,15.7,8.01,10.09,566.0,30.8,2.77,0.025,0.085,4.87,,,Ⅱ
2024-03-18T08:00:00+08:00,1710720000,15.0,7.68,8.79,560.2,37.2,3.09,0.088,0.127,5.15,,,Ⅲ
2024-03-18T16:00:00+08:00,1710748800,14.6,7.99,10.23,561.0,20.0,4.18,0.283,0.107,4.88,,,Ⅲ
2024-03-18T20:00:00+08:00,1710763200,14.6,7.82,9.29,560.6,24.9,3.62,0.15,0.095,4.88,,,Ⅱ
2024-03-19T04:00:00+08:00,1710792000,14.2,7.68,8.72,559.4,32.3,3.32,0.164,0.087,4.76,,,Ⅱ
2024-03-19T08:00:00+08:00,1710806400,14.2,7.71,8.78,557.8,33.6,3.09,0.107,0.093,4.75,,,Ⅱ
2024-03-19T12:00:00+08:00,1710820800,15.1,7.83,9.34,551.8,33.3,3.31,0.16,0.098,4.68,,,Ⅱ
2024-03-19T16:00:00+08:00,1710835200,15.2,7.82,9.35,551.7,33.0,3.23,0.126,0.09,4.6,,,Ⅱ
2024-03-19T20:00:00+08:00,1710849600,15.1,7.78,9.02,550.8,32.0,2.57,0.031,0.09,4.57,,,Ⅱ
2024-03-20T00:00:00+08:00,1710864000,14.9,7.71,8.63,550.7,32.1,3.05,0.16,0.086,4.51,,,Ⅱ
2024-03-20T04:00:00+08:00,1710878400,14.6,7.68,8.65,550.4,29.0,2.37,0.043,0.086,4.57,,,Ⅱ
2024-03-20T08:00:00+08:00,1710892800,14.5,7.66,8.4,550.1,30.4,3.13,0.097,0.088,4.5,,,Ⅱ
2024-03-20T12:00:00+08:00,1710907200,15.5,7.79,9.05,549.5,25.6,2.33,0.025,0.087,4.56,,,Ⅱ
2024-03-20T16:00:00+08:00,1710921600,16.7,7.91,9.52,551.5,43.8,3.14,0.129,0.099,4.68,,,Ⅱ
2024-03-20T20:00:00+08:00,1710936000,16.6,8.06,10.33,552.8,21.2,2.85,0.062,0.083,4.57,,,Ⅱ
2024-03-21T04:00:00+08:00,1710964800,15.0,7.78,8.73,550.6,27.9,2.6,0.037,0.084,4.52,,,Ⅱ
2024-03-21T08:00:00+08:00,1710979200,14.8,7.76,8.79,551.0,26.7,3.34,0.105,0.085,4.49,,,Ⅱ
2024-03-21T12:00:00+08:00,1710993600,15.5,7.74,8.5,554.5,26.7,2.7,0.028,0.097,4.69,,,Ⅱ
2024-03-21T16:00:00+08:00,1711008000,16.1,7.94,9.59,554.5,24.8,3.11,0.097,0.084,4.52,,,Ⅱ
2024-03-21T20:00:00+08:00,1711022400,15.7,7.88,9.41,550.7,25.6,2.49,0.025,0.079,4.43,,,Ⅱ
2024-03-22T04:00:00+08:00,1711051200,15.3,7.81,8.86,550.4,25.4,2.76,0.061,0.08,4.43,,,Ⅱ
2024-03-22T08:00:00+08:00,1711065600,15.2,7.81,8.85,550.8,24.3,3.29,0.106,0.078,4.37,,,Ⅱ
2024-03-22T12:00:00+08:00,1711080000,16.5,8.04,9.85,552.1,25.1,3.11,0.087,0.077,4.31,,,Ⅱ
2024-03-22T16:00:00+08:00,1711094400,17.0,8.07,9.92,548.0,24.9,2.7,0.049,0.071,4.11,,,Ⅱ
2024-03-22T20:00:00+08:00,1711108800,16.8,8.0,9.51,549.6,24.8,2.51,0.025,0.074,4.21,,,Ⅱ
2024-03-23T04:00:00+08:00,1711137600,16.8,7.82,8.77,549.8,27.6,2.43,0.033,0.073,4.38,,,Ⅱ
2024-03-23T08:00:00+08:00,1711152000,16.7,7.76,8.42,550.3,30.7,3.42,0.115,0.081,4.4,,,Ⅱ
2024-03-23T12:00:00+08:00,1711166400,17.4,8.0,9.55,549.1,31.7,3.13,0.066,0.086,4.4,,,Ⅱ
2024-03-23T16:00:00+08:00,1711180800,17.4,8.0,9.61,543.1,18.5,3.65,0.138,0.076,4.11,,,Ⅱ
2024-03-23T20:00:00+08:00,1711195200,17.3,7.76,8.29,544.5,14.2,2.31,0.03,0.068,4.03,,,Ⅱ
2024-03-24T04:00:00+08:00,1711224000,17.2,7.78,8.38,541.8,27.4,2.7,0.057,0.081,4.28,,,Ⅱ
2024-03-24T08:00:00+08:00,1711238400,17.3,7.76,8.31,541.8,25.9,2.94,0.049,0.085,4.32,,,Ⅱ
2024-03-24T12:00:00+08:00,1711252800,17.9,8.01,9.68,540.1,25.4,3.01,0.836,0.09,4.34,,,Ⅲ
2024-03-24T16:00:00+08:00,1711267200,18.4,8.09,9.92,539.9,20.7,3.06,0.057,0.079,4.21,,,Ⅱ
2024-03-24T20:00:00+08:00,1711281600,18.2,8.08,9.65,539.3,22.1,2.31,0.025,0.075,4.1,,,Ⅱ
2024-03-25T04:00:00+08:00,1711310400,17.4,7.77,8.24,541.0,30.5,3.08,0.066,0.079,4.13,,,Ⅱ
2024-03-25T08:00:00+08:00,1711324800,17.3,7.74,7.85,541.0,26.7,3.04,0.036,0.079,4.11,,,Ⅱ
2024-03-25T12:00:00+08:00,1711339200,17.3,7.76,8.11,541.7,29.6,3.0,0.076,0.08,4.18,,,Ⅱ
2024-03-25T16:00:00+08:00,1711353600,17.0,7.78,7.89,533.1,43.8,,,,,,,
2024-03-25T20:00:00+08:00,1711368000,16.7,7.69,7.64,541.6,48.6,2.98,0.121,0.09,4.24,,,Ⅱ
2024-03-26T04:00:00+08:00,1711396800,16.4,7.67,7.32,546.3,50.2,2.31,0.028,0.092,4.29,,,Ⅱ
2024-03-26T08:00:00+08:00,1711411200,16.4,7.68,7.23,548.0,46.0,3.53,0.18,0.095,4.23,,,Ⅱ
2024-03-26T12:00:00+08:00,1711425600,16.6,7.71,7.46,552.1,40.4,3.02,0.206,0.094,4.32,,,Ⅱ
2024-03-26T16:00:00+08:00,1711440000,17.2,7.83,8.24,551.5,60.5,2.5,0.025,0.102,4.38,,,Ⅲ
2024-03-26T20:00:00+08:00,1711454400,16.8,7.67,7.3,551.4,49.5,2.34,0.036,0.094,4.32,,,Ⅱ
2024-03-27T00:00:00+08:00,1711468800,16.5,7.66,7.06,550.7,42.5,2.25,0.045,0.09,4.26,,,Ⅱ
2024-03-27T04:00:00+08:00,1711483200,16.2,7.64,6.98,552.1,45.2,2.96,0.201,0.091,4.24,,,Ⅱ
2024-03-27T08:00:00+08:00,1711497600,16.0,7.64,6.96,553.3,46.7,3.4,0.17,0.093,4.19,,,Ⅱ
2024-03-27T12:00:00+08:00,1711512000,16.3,7.67,7.12,553.3,44.3,2.32,0.025,0.092,4.23,,,Ⅱ
2024-03-27T16:00:00+08:00,1711526400,16.1,7.67,7.22,552.0,47.6,2.21,0.041,0.092,4.31,,,Ⅱ
2024-03-27T20:00:00+08:00,1711540800,16.1,7.63,6.93,554.8,46.9,2.79,0.195,0.092,4.36,,,Ⅱ
2024-03-28T00:00:00+08:00,1711555200,15.9,7.65,6.8,546.7,40.0,2.6,0.103,0.093,4.29,,,Ⅱ
2024-03-28T04:00:00+08:00,1711569600,15.8,7.64,6.96,548.2,46.2,2.56,0.085,0.095,4.21,,,Ⅱ
2024-03-28T08:00:00+08:00,1711584000,15.6,7.67,7.18,543.8,45.7,3.05,0.181,0.095,4.16,,,Ⅱ
2024-03-28T12:00:00+08:00,1711598400,15.7,7.7,7.45,547.2,44.9,2.31,0.064,0.096,4.21,,,Ⅱ
2024-03-28T16:00:00+08:00,1711612800,16.0,7.66,7.47,547.6,244.2,2.8,0.109,0.139,4.3,,,Ⅲ
2024-03-28T20:00:00+08:00,1711627200,15.7,7.61,7.2,546.2,52.2,2.55,0.043,0.102,4.28,,,Ⅲ
2024-03-29T04:00:00+08:00,1711656000,15.4,7.63,7.05,544.0,47.8,2.49,0.096,0.1,4.29,,,Ⅱ
2024-03-29T08:00:00+08:00,1711670400,15.6,7.64,7.18,542.7,45.7,2.36,0.051,0.1,4.19,,,Ⅱ
2024-03-29T12:00:00+08:00,1711684800,17.3,7.69,8.26,542.8,41.1,3.06,0.174,0.097,4.18,,,Ⅱ
2024-03-29T20:00:00+08:00,1711713600,17.4,7.62,7.73,545.1,47.2,2.76,0.158,0.1,4.14,,,Ⅱ
2024-03-30T04:00:00+08:00,1711742400,17.2,7.58,7.35,552.5,51.3,2.95,0.174,0.091,4.13,,,Ⅱ
2024-03-30T08:00:00+08:00,1711756800,17.1,7.55,7.02,556.2,42.9,2.94,0.134,0.093,4.18,,,Ⅱ
2024-03-30T12:00:00+08:00,1711771200,18.3,7.65,7.54,557.8,47.0,2.62,0.025,0.092,4.2,,,Ⅱ
2024-03-30T16:00:00+08:00,1711785600,18.7,7.56,7.12,558.2,43.8,2.8,0.157,0.09,4.22,,,Ⅱ
2024-03-30T20:00:00+08:00,1711800000,18.7,7.64,7.71,558.7,44.7,2.8,0.169,0.088,4.32,,,Ⅱ
2024-03-31T04:00:00+08:00,1711828800,18.0,7.52,6.81,557.4,43.7,2.76,0.16,0.088,4.24,,,Ⅱ
2024-03-31T08:00:00+08:00,1711843200,17.8,7.53,6.92,557.5,41.2,2.72,0.154,0.086,4.2,,,Ⅱ
2024-03-31T12:00:00+08:00,1711857600,17.8,7.58,7.25,557.5,54.5,3.08,0.104,0.088,4.18,,,Ⅱ
2024-03-31T16:00:00+08:00,1711872000,19.0,7.76,8.48,554.1,44.7,2.33,0.025,0.097,4.24,,,Ⅱ
2024-03-31T20:00:00+08:00,1711886400,18.7,7.59,7.45,550.7,48.7,2.28,0.029,0.092,4.28,,,Ⅱ
2024-04-01T04:00:00+08:00,1711915200,18.0,7.51,6.85,551.2,46.0,2.76,0.104,0.084,4.25,,,Ⅱ
2024-04-01T08:00:00+08:00,1711929600,17.9,7.48,6.84,551.3,45.4,2.28,0.025,0.084,4.18,,,Ⅱ
2024-04-01T12:00:00+08:00,1711944000,19.2,7.65,7.9,553.1,56.0,3.0,0.077,0.082,4.17,,,Ⅱ
2024-04-01T16:00:00+08:00,1711958400,19.6,7.7,7.97,552.7,74.6,2.4,0.049,0.084,4.15,,,Ⅱ
2024-04-01T20:00:00+08:00,1711972800,19.2,7.59,7.1,552.0,50.0,2.9,0.141,0.084,4.16,,,Ⅱ
2024-04-02T04:00:00+08:00,1712001600,19.1,7.57,7.04,546.5,51.5,2.6,0.095,0.089,4.1,,,Ⅱ
2024-04-02T08:00:00+08:00,1712016000,19.2,7.57,6.94,547.3,53.5,2.66,0.047,0.091,4.0,,,Ⅱ
2024-04-02T12:00:00+08:00,1712030400,19.3,7.58,7.02,542.7,57.2,2.9,0.141,0.092,4.12,,,Ⅱ
2024-04-02T16:00:00+08:00,1712044800,19.5,7.57,6.98,541.8,55.8,2.66,0.133,0.087,4.04,,,Ⅱ
2024-04-02T20:00:00+08:00,1712059200,19.6,7.55,7.09,541.1,52.4,2.69,0.14,0.087,4.08,,,Ⅱ
2024-04-03T00:00:00+08:00,1712073600,19.4,7.58,7.27,537.9,46.1,2.44,0.066,0.087,3.93,,,Ⅱ
2024-04-03T04:00:00+08:00,1712088000,19.6,7.56,6.98,534.0,38.5,3.03,0.142,0.085,3.94,,,Ⅱ
2024-04-03T12:00:00+08:00,1712116800,19.3,7.59,7.09,537.0,41.4,,0.116,0.085,3.91,,,
2024-04-03T16:00:00+08:00,1712131200,19.2,7.62,6.98,540.3,26.6,5.61,0.204,0.097,6.01,,,Ⅲ
2024-04-03T20:00:00+08:00,1712145600,19.1,7.6,6.47,540.7,28.0,2.47,0.025,0.085,3.87,,,Ⅱ
2024-04-04T04:00:00+08:00,1712174400,18.6,7.55,5.96,539.0,33.1,2.31,0.041,0.084,3.99,,,Ⅲ
2024-04-04T08:00:00+08:00,1712188800,18.4,7.55,5.62,537.8,28.2,2.64,0.138,0.088,3.88,,,Ⅲ
2024-04-04T12:00:00+08:00,1712203200,19.5,7.66,6.8,537.4,23.0,2.78,0.044,0.088,3.82,,,Ⅲ
2024-04-04T16:00:00+08:00,1712217600,19.8,7.75,7.92,538.2,19.4,3.03,0.201,0.089,3.93,,,Ⅱ
2024-04-04T20:00:00+08:00,1712232000,19.0,7.68,7.1,538.5,19.2,2.26,0.028,0.086,3.9,,,Ⅱ
2024-04-05T04:00:00+08:00,1712260800,18.7,7.61,6.62,541.7,31.9,2.32,0.046,0.09,3.88,,,Ⅱ
2024-04-05T08:00:00+08:00,1712275200,18.6,7.6,6.52,544.0,31.0,2.28,0.041,0.089,3.84,,,Ⅱ
2024-04-05T12:00:00+08:00,1712289600,19.6,7.67,7.17,544.2,23.9,3.24,0.196,0.087,3.78,,,Ⅱ
2024-04-05T16:00:00+08:00,1712304000,19.6,7.73,7.61,545.1,26.5,2.7,0.092,0.084,3.84,,,Ⅱ
2024-04-05T20:00:00+08:00,1712318400,19.5,7.74,7.74,550.9,26.5,2.8,0.113,0.081,3.74,,,Ⅱ
2024-04-06T04:00:00+08:00,1712347200,19.2,7.7,7.34,556.9,34.0,3.03,0.179,0.082,3.74,,,Ⅱ
2024-04-06T08:00:00+08:00,1712361600,19.0,7.65,7.04,563.7,36.6,2.46,0.035,0.086,3.76,,,Ⅱ
2024-04-06T12:00:00+08:00,1712376000,19.4,7.83,8.4,564.8,34.1,3.29,0.176,0.091,3.74,,,Ⅱ
2024-04-06T16:00:00+08:00,1712390400,19.3,7.74,7.55,562.2,24.1,3.16,0.161,0.101,3.86,,,Ⅲ
2024-04-06T20:00:00+08:00,1712404800,19.0,7.7,7.29,567.0,34.2,2.66,0.03,0.081,3.74,,,Ⅱ
2024-04-07T04:00:00+08:00,1712433600,19.0,7.62,6.24,578.4,55.2,2.96,0.215,0.085,3.77,,,Ⅱ
2024-04-07T12:00:00+08:00,1712462400,18.8,7.61,6.37,577.6,53.9,3.3,0.184,0.088,3.79,,,Ⅱ
2024-04-07T16:00:00+08:00,1712476800,18.7,7.58,6.09,576.5,47.4,2.42,0.027,0.088,3.79,,,Ⅱ
2024-04-07T20:00:00+08:00,1712491200,18.5,7.6,6.16,576.6,59.2,2.6,0.107,0.087,3.82,,,Ⅱ
2024-04-08T04:00:00+08:00,1712520000,18.3,7.51,5.33,572.8,70.2,2.8,0.149,0.1,3.8,,,Ⅲ
2024-04-08T08:00:00+08:00,1712534400,18.1,7.49,5.13,569.4,68.2,3.45,0.256,0.098,3.79,,,Ⅲ
2024-04-08T12:00:00+08:00,1712548800,18.0,7.49,5.05,567.3,72.8,2.62,0.082,0.098,3.86,,,Ⅲ
2024-04-08T16:00:00+08:00,1712563200,18.1,7.55,5.45,566.5,66.8,2.89,0.147,0.096,3.84,,,Ⅲ
2024-04-08T20:00:00+08:00,1712577600,18.0,7.52,5.57,567.2,66.0,2.71,0.126,0.093,3.84,,,Ⅲ
2024-04-09T04:00:00+08:00,1712606400,17.5,7.45,4.91,554.6,89.0,2.88,0.163,0.103,3.89,,,Ⅳ
2024-04-09T08:00:00+08:00,1712620800,17.6,7.49,5.29,551.5,90.8,2.78,0.052,0.103,3.9,,,Ⅲ
2024-04-09T12:00:00+08:00,1712635200,19.7,7.59,6.42,547.0,82.6,,0.045,0.103,3.92,,,
2024-04-09T16:00:00+08:00,1712649600,19.6,7.61,6.6,553.2,83.7,,0.114,0.096,3.92,,,
2024-04-09T20:00:00+08:00,1712664000,,,,,,3.0,0.265,0.103,3.98,,,
2024-04-10T04:00:00+08:00,1712692800,,,,,,2.38,0.035,0.099,4.03,,,
2024-04-10T08:00:00+08:00,1712707200,,,,,,3.12,0.189,0.104,3.96,,,
2024-04-10T12:00:00+08:00,1712721600,,,,,,3.15,0.025,0.103,4.06,,,
2024-04-10T16:00:00+08:00,1712736000,,,,,,2.44,0.03,0.093,4.04,,,
2024-04-10T20:00:00+08:00,1712750400,,,,,,2.82,0.288,0.101,4.03,,,
2024-04-11T04:00:00+08:00,1712779200,,,,,,2.66,0.187,0.103,4.03,,,
2024-04-11T08:00:00+08:00,1712793600,,,,,,3.34,0.331,0.099,3.97,,,
2024-04-11T16:00:00+08:00,1712822400,,,,,,2.54,0.207,0.09,4.0,,,
2024-04-11T20:00:00+08:00,1712836800,,,,,,2.29,0.042,0.087,3.92,,,
2024-04-12T04:00:00+08:00,1712865600,,,,,,2.34,0.142,0.1,4.01,,,
2024-04-12T08:00:00+08:00,1712880000,,,,,,2.84,0.158,0.099,4.02,,,
2024-04-12T12:00:00+08:00,1712894400,,,,,,2.3,0.044,0.101,4.06,,,
2024-04-12T16:00:00+08:00,1712908800,,,,,,2.76,0.266,0.095,4.0,,,
2024-04-12T20:00:00+08:00,1712923200,19.9,7.63,6.81,527.2,19.5,3.51,0.549,0.102,4.03,,,Ⅲ
2024-04-13T04:00:00+08:00,1712952000,19.6,7.47,5.43,532.3,27.3,2.56,0.223,0.101,4.06,,,Ⅲ
2024-04-13T08:00:00+08:00,1712966400,19.5,7.48,5.27,535.4,28.3,2.87,0.15,0.107,4.08,,,Ⅲ
2024-04-13T12:00:00+08:00,1712980800,20.0,7.51,6.11,534.6,20.2,2.57,0.136,0.099,4.14,,,Ⅱ
2024-04-13T16:00:00+08:00,1712995200,20.2,7.54,6.03,534.6,16.2,2.76,0.25,0.091,4.06,,,Ⅱ
2024-04-13T20:00:00+08:00,1713009600,20.2,7.55,5.69,536.7,21.2,2.47,0.148,0.092,4.16,,,Ⅲ
2024-04-14T04:00:00+08:00,1713038400,19.9,7.54,5.21,535.5,35.3,2.64,0.231,0.102,4.17,,,Ⅲ
2024-04-14T08:00:00+08:00,1713052800,19.9,7.49,5.08,534.0,22.9,2.72,0.025,0.096,4.05,,,Ⅲ
2024-04-14T12:00:00+08:00,1713067200,20.3,7.53,5.7,533.0,22.8,3.06,0.413,0.104,4.16,,,Ⅲ
2024-04-14T16:00:00+08:00,1713081600,20.7,7.6,6.12,532.5,21.0,3.32,0.398,0.094,4.08,,,Ⅱ
2024-04-14T20:00:00+08:00,1713096000,20.6,7.59,6.02,529.7,21.6,2.82,0.271,0.094,4.13,,,Ⅱ
2024-04-15T00:00:00+08:00,1713110400,20.6,7.55,5.55,527.1,21.4,2.52,0.113,0.092,4.14,,,Ⅱ
2024-04-15T04:00:00+08:00,1713124800,20.4,7.5,5.36,522.8,22.0,1.96,0.025,0.097,4.04,,,Ⅲ
2024-04-15T08:00:00+08:00,1713139200,20.4,7.5,5.17,518.7,18.3,2.67,0.063,0.09,3.85,,,Ⅲ
2024-04-15T12:00:00+08:00,1713153600,22.4,7.64,6.64,510.8,17.4,2.43,0.176,0.088,3.66,,,Ⅱ
2024-04-15T16:00:00+08:00,1713168000,23.3,7.84,8.24,512.7,19.4,2.76,0.232,0.091,3.75,,,Ⅱ
2024-04-15T20:00:00+08:00,1713182400,22.6,7.7,7.3,510.4,20.4,2.16,0.059,0.087,3.75,,,Ⅱ
2024-04-16T00:00:00+08:00,1713196800,22.3,7.59,6.05,505.0,28.6,2.18,0.07,0.087,3.64,,,Ⅱ
2024-04-16T04:00:00+08:00,1713211200,21.9,7.49,4.97,502.1,27.6,2.27,0.158,0.088,3.56,,,Ⅳ
2024-04-16T08:00:00+08:00,1713225600,22.0,7.52,5.48,500.5,29.2,2.72,0.128,0.092,3.45,,,Ⅲ
2024-04-16T12:00:00+08:00,1713240000,22.8,7.75,7.29,499.3,26.9,1.95,0.025,0.084,3.46,,,Ⅱ
2024-04-16T16:00:00+08:00,1713254400,22.9,7.82,8.03,496.5,31.8,2.06,0.025,0.083,3.4,,,Ⅱ
2024-04-16T20:00:00+08:00,1713268800,22.6,7.62,6.58,493.5,44.2,1.97,0.028,0.081,3.35,,,Ⅱ
2024-04-17T00:00:00+08:00,1713283200,22.3,7.67,6.43,491.4,51.5,1.88,0.025,0.081,3.34,,,Ⅱ
2024-04-17T04:00:00+08:00,1713297600,22.0,7.56,5.85,489.1,57.2,1.95,0.032,0.084,3.31,,,Ⅲ
2024-04-17T08:00:00+08:00,1713312000,21.9,7.58,5.68,487.1,67.4,2.42,0.032,0.088,3.33,,,Ⅲ
2024-04-17T12:00:00+08:00,1713326400,21.8,7.63,5.93,480.6,73.1,2.28,0.03,0.089,3.3,,,Ⅲ
2024-04-17T16:00:00+08:00,1713340800,21.5,7.61,5.91,472.4,83.5,1.89,0.025,0.091,3.29,,,Ⅲ
2024-04-17T20:00:00+08:00,1713355200,21.1,7.61,5.53,464.7,87.3,2.09,0.055,0.102,3.47,,,Ⅲ
2024-04-18T00:00:00+08:00,1713369600,20.7,7.52,4.61,464.2,103.0,2.5,0.138,0.111,3.52,,,Ⅳ
2024-04-18T04:00:00+08:00,1713384000,20.4,7.51,4.18,468.9,98.4,2.5,0.111,0.107,3.46,,,Ⅳ
2024-04-18T12:00:00+08:00,1713412800,23.0,7.61,5.47,477.0,85.9,2.03,0.03,0.1,3.56,,,Ⅲ
2024-04-22T12:00:00+08:00,1713758400,22.0,7.7,7.69,459.0,16.5,2.4,0.025,0.116,4.55,,,Ⅲ
2024-04-22T16:00:00+08:00,1713772800,22.6,7.71,7.76,453.8,14.6,2.44,0.025,0.108,4.41,,,Ⅲ
2024-04-22T20:00:00+08:00,1713787200,22.1,7.67,7.44,448.4,17.2,2.76,0.107,0.1,4.24,,,Ⅱ
2024-04-23T04:00:00+08:00,1713816000,21.6,7.47,5.21,441.2,24.6,2.6,0.096,0.097,3.89,,,Ⅲ
2024-04-23T08:00:00+08:00,1713830400,21.5,7.46,5.07,440.1,29.0,3.3,0.147,0.099,3.84,,,Ⅲ
2024-04-23T12:00:00+08:00,1713844800,22.0,7.56,6.28,441.4,23.7,2.84,0.025,0.103,3.82,,,Ⅲ
2024-04-23T16:00:00+08:00,1713859200,23.1,7.78,8.26,440.6,30.5,2.88,0.135,0.103,3.84,,,Ⅲ
2024-04-23T20:00:00+08:00,1713873600,22.6,7.49,5.47,443.0,32.3,2.42,0.044,0.098,3.83,,,Ⅲ
2024-04-24T04:00:00+08:00,1713902400,21.7,7.53,5.5,449.9,31.5,2.65,0.118,0.108,3.71,,,Ⅲ
2024-04-24T08:00:00+08:00,1713916800,21.9,7.52,5.43,451.7,35.1,2.96,0.049,0.101,3.64,,,Ⅲ
2024-04-24T12:00:00+08:00,1713931200,22.9,7.75,7.76,452.0,19.6,3.04,0.147,0.111,3.7,,,Ⅲ
2024-04-24T16:00:00+08:00,1713945600,24.3,8.33,10.91,447.0,17.4,2.37,0.025,0.097,3.53,,,Ⅱ
2024-04-24T20:00:00+08:00,1713960000,23.6,8.08,9.34,449.9,13.2,2.61,0.054,0.09,3.45,,,Ⅱ
2024-04-25T04:00:00+08:00,1713988800,22.1,7.55,5.39,452.4,20.5,2.13,0.025,0.094,3.41,,,Ⅲ
2024-04-25T08:00:00+08:00,1714003200,22.1,7.58,5.65,452.8,19.3,2.96,0.04,0.098,3.37,,,Ⅲ
2024-04-25T12:00:00+08:00,1714017600,22.6,7.68,6.68,451.9,15.7,2.72,0.095,0.103,3.59,,,Ⅲ
2024-04-25T16:00:00+08:00,1714032000,22.6,7.75,7.0,451.8,23.3,2.43,0.055,0.092,3.24,,,Ⅱ
2024-04-25T20:00:00+08:00,1714046400,22.4,7.67,6.51,453.9,24.9,2.11,0.025,0.091,3.14,,,Ⅱ
2024-04-26T04:00:00+08:00,1714075200,22.2,7.64,6.16,453.3,30.6,1.87,0.025,0.098,3.09,,,Ⅱ
2024-04-26T08:00:00+08:00,1714089600,22.1,7.67,6.01,451.4,29.8,2.64,0.025,0.099,2.99,,,Ⅱ
2024-04-26T12:00:00+08:00,1714104000,22.8,7.71,6.81,449.6,28.5,2.05,0.025,0.099,2.99,,,Ⅱ
2024-04-26T16:00:00+08:00,1714118400,23.4,7.79,7.21,448.7,19.6,2.13,0.025,0.09,2.98,,,Ⅱ
2024-04-26T20:00:00+08:00,1714132800,23.0,7.82,7.35,448.2,22.4,2.23,0.025,0.087,2.94,,,Ⅱ
2024-04-27T04:00:00+08:00,1714161600,22.6,7.58,5.61,449.9,27.3,2.14,0.025,0.08,2.92,,,Ⅲ
2024-04-27T08:00:00+08:00,1714176000,22.7,7.6,5.8,449.7,21.3,2.84,0.05,0.091,2.89,,,Ⅲ
2024-04-27T12:00:00+08:00,1714190400,23.4,7.7,6.66,449.9,19.8,2.4,0.025,0.086,2.91,,,Ⅱ
2024-04-27T16:00:00+08:00,1714204800,23.6,7.84,7.74,448.7,12.5,2.14,0.025,0.074,2.82,,,Ⅱ
2024-04-27T20:00:00+08:00,1714219200,23.5,7.76,7.18,450.3,13.2,2.08,0.037,0.077,2.89,,,Ⅱ
2024-04-28T04:00:00+08:00,1714248000,23.1,7.62,5.88,454.0,21.9,2.14,0.04,,,,,
2024-04-28T08:00:00+08:00,1714262400,23.0,7.6,5.76,451.7,19.0,3.1,0.046,,,,,
2024-04-28T12:00:00+08:00,1714276800,23.1,7.64,5.77,449.6,22.6,3.1,0.046,,,,,
2024-04-28T16:00:00+08:00,1714291200,23.2,7.78,7.22,460.0,18.1,3.61,0.174,0.097,,,,Ⅱ
2024-04-29T12:00:00+08:00,1714363200,23.2,7.66,5.86,451.3,24.1,2.23,0.099,0.107,3.0,,,Ⅲ
2024-04-29T16:00:00+08:00,1714377600,24.0,7.81,7.32,449.2,18.3,2.14,0.09,0.104,3.01,,,Ⅲ
2024-04-29T20:00:00+08:00,1714392000,23.3,7.63,5.93,450.5,14.9,1.86,0.076,0.097,3.06,,,Ⅲ
2024-04-30T04:00:00+08:00,1714420800,22.9,7.67,5.97,451.0,15.5,2.17,0.08,0.094,3.0,,,Ⅲ
2024-04-30T12:00:00+08:00,1714449600,22.4,7.64,5.8,448.1,11.5,2.2,0.074,0.096,3.03,,,Ⅲ
2024-04-30T16:00:00+08:00,1714464000,22.2,7.55,5.03,448.7,17.0,2.13,0.08,0.097,3.11,,,Ⅲ
2024-04-30T20:00:00+08:00,1714478400,22.0,7.52,4.72,447.9,20.3,1.9,0.079,0.101,3.17,,,Ⅳ
2024-05-01T04:00:00+08:00,1714507200,21.5,7.49,4.3,448.4,27.7,2.36,0.09,0.107,3.23,,,Ⅳ
2024-05-01T08:00:00+08:00,1714521600,21.4,7.46,4.26,448.5,29.6,2.8,0.094,0.108,3.21,,,Ⅳ
2024-05-01T12:00:00+08:00,1714536000,23.3,7.57,5.51,445.6,24.6,2.26,0.095,0.104,3.22,,,Ⅲ
2024-05-01T16:00:00+08:00,1714550400,23.6,7.64,6.16,442.9,19.8,2.14,0.09,0.102,3.19,,,Ⅲ
2024-05-01T20:00:00+08:00,1714564800,23.6,7.7,6.52,447.8,16.5,1.84,0.076,0.096,3.2,,,Ⅱ
2024-05-02T04:00:00+08:00,1714593600,21.8,7.51,4.65,442.9,28.1,2.2,0.083,0.101,3.15,,,Ⅳ
2024-05-02T08:00:00+08:00,1714608000,21.8,7.48,4.59,441.8,26.6,2.78,0.083,0.102,3.05,,,Ⅳ
2024-05-02T12:00:00+08:00,1714622400,22.1,7.56,5.45,443.9,19.4,1.95,0.081,0.098,3.13,,,Ⅲ
2024-05-02T16:00:00+08:00,1714636800,22.3,7.62,6.06,444.3,21.2,2.1,0.074,0.093,3.09,,,Ⅱ
2024-05-02T20:00:00+08:00,1714651200,22.1,7.63,5.94,442.0,20.0,2.14,0.073,0.092,3.06,,,Ⅲ
2024-05-03T04:00:00+08:00,1714680000,21.6,7.52,5.06,436.2,25.6,,0.074,0.096,2.95,,,
2024-05-03T08:00:00+08:00,1714694400,21.7,7.55,5.36,434.7,29.8,2.91,0.065,0.099,2.95,,,Ⅲ
2024-05-03T12:00:00+08:00,1714708800,22.2,7.64,6.13,435.1,22.8,2.24,0.071,0.094,3.03,,,Ⅱ
2024-05-03T16:00:00+08:00,1714723200,22.4,7.61,6.16,435.6,23.4,1.99,0.062,0.087,2.93,,,Ⅱ
2024-05-03T20:00:00+08:00,1714737600,22.2,7.64,6.07,430.1,27.9,1.92,0.059,0.09,2.87,,,Ⅱ
2024-05-04T04:00:00+08:00,1714766400,21.7,7.56,5.38,428.2,33.0,2.55,0.102,0.094,2.92,,,Ⅲ
2024-05-04T08:00:00+08:00,1714780800,21.5,7.59,5.5,427.6,33.2,2.98,0.073,0.095,2.87,,,Ⅲ
2024-05-04T12:00:00+08:00,1714795200,21.6,7.65,5.99,427.3,27.9,2.05,0.067,0.096,2.87,,,Ⅲ
2024-05-04T16:00:00+08:00,1714809600,21.7,7.6,5.52,427.9,28.3,2.07,0.065,0.092,2.81,,,Ⅲ
2024-05-04T20:00:00+08:00,1714824000,21.6,7.59,5.47,428.2,28.7,2.25,0.086,0.091,2.87,,,Ⅲ
2024-05-05T04:00:00+08:00,1714852800,21.4,7.55,4.84,425.8,53.8,2.18,0.098,,2.9,,,
2024-05-05T08:00:00+08:00,1714867200,21.3,7.52,4.76,427.5,38.8,3.0,0.105,0.097,2.88,,,Ⅳ
2024-05-05T12:00:00+08:00,1714881600,21.7,7.57,5.29,431.0,30.0,2.37,0.183,0.097,2.93,,,Ⅲ
2024-05-05T16:00:00+08:00,1714896000,21.6,7.56,5.0,438.4,28.1,2.35,0.19,0.093,3.06,,,Ⅲ
2024-05-06T08:00:00+08:00,1714953600,21.4,7.53,4.49,439.0,26.9,2.27,0.174,0.093,3.18,,,Ⅳ
2024-05-06T12:00:00+08:00,1714968000,23.1,7.72,5.95,440.0,23.6,3.02,0.142,0.093,3.17,,,Ⅲ
2024-05-06T16:00:00+08:00,1714982400,23.4,7.78,7.48,444.3,25.6,2.52,0.259,0.095,3.12,,,Ⅱ
2024-05-06T20:00:00+08:00,1714996800,22.8,7.62,5.86,445.5,19.7,2.52,0.259,0.095,3.12,,,Ⅲ
2024-05-07T04:00:00+08:00,1715025600,22.7,7.6,5.96,442.5,21.9,,0.116,0.098,3.14,,,
2024-05-07T08:00:00+08:00,1715040000,22.5,7.6,5.92,444.3,15.9,2.27,0.135,0.099,3.09,,,Ⅲ
2024-05-07T12:00:00+08:00,1715054400,23.7,7.8,7.43,444.1,13.4,2.91,0.126,0.091,3.14,,,Ⅱ
2024-05-07T16:00:00+08:00,1715068800,24.1,7.8,7.71,446.2,10.4,,0.102,0.09,3.11,,,
2024-05-07T20:00:00+08:00,1715083200,24.4,8.44,10.55,445.4,14.7,2.26,0.102,0.088,3.08,,,Ⅱ
2024-05-08T04:00:00+08:00,1715112000,23.5,7.96,8.45,447.3,27.6,2.72,0.052,0.081,2.93,,,Ⅱ
2024-05-08T08:00:00+08:00,1715126400,23.1,7.97,8.76,445.3,18.4,2.59,0.066,0.084,2.92,,,Ⅱ
2024-05-08T12:00:00+08:00,1715140800,24.2,8.42,10.84,443.4,20.8,3.16,0.044,0.079,2.76,,,Ⅱ
2024-05-08T16:00:00+08:00,1715155200,25.4,8.72,12.71,438.2,17.6,2.89,0.04,0.077,2.73,,,Ⅱ
2024-05-08T20:00:00+08:00,1715169600,25.3,8.92,14.86,437.6,17.9,4.1,0.042,0.088,2.81,,,Ⅲ
2024-05-09T04:00:00+08:00,1715198400,23.4,7.92,7.99,442.4,23.7,2.85,0.056,0.078,2.74,,,Ⅱ
2024-05-09T08:00:00+08:00,1715212800,23.5,7.9,8.26,441.3,25.9,2.75,0.056,0.077,2.77,,,Ⅱ
2024-05-09T12:00:00+08:00,1715227200,24.2,8.46,11.29,440.2,16.0,3.28,0.059,0.079,2.76,,,Ⅱ
2024-05-09T16:00:00+08:00,1715241600,24.3,8.21,9.94,441.4,18.7,2.5,0.041,0.07,2.74,,,Ⅱ
2024-05-09T20:00:00+08:00,1715256000,23.8,7.84,7.78,446.1,29.3,2.37,0.057,0.063,2.64,,,Ⅱ
2024-05-10T04:00:00+08:00,1715284800,23.1,7.73,6.71,447.2,31.4,2.18,0.102,0.07,2.8,,,Ⅱ
2024-05-10T12:00:00+08:00,1715313600,23.9,7.91,8.24,447.1,26.6,2.77,0.082,0.071,2.78,,,Ⅱ
2024-05-10T16:00:00+08:00,1715328000,24.4,7.95,8.34,447.4,29.0,,0.091,0.072,2.79,,,
2024-05-10T20:00:00+08:00,1715342400,24.2,7.85,7.8,450.3,29.0,,0.081,0.067,2.7,,,
2024-05-11T00:00:00+08:00,1715356800,24.0,7.83,7.58,451.4,30.3,3.19,0.108,0.07,2.71,,,Ⅱ
2024-05-11T08:00:00+08:00,1715385600,24.0,7.78,7.1,450.3,26.7,2.8,0.117,0.07,2.78,,,Ⅱ
2024-05-11T12:00:00+08:00,1715400000,24.2,7.8,7.41,446.5,26.4,3.12,0.094,0.07,2.79,,,Ⅱ
2024-05-11T16:00:00+08:00,1715414400,24.7,8.12,9.17,445.8,22.4,2.84,0.101,0.07,2.78,,,Ⅱ
2024-05-11T20:00:00+08:00,1715428800,24.1,7.86,7.13,433.3,33.8,2.98,0.11,0.083,2.92,,,Ⅱ
2024-05-12T04:00:00+08:00,1715457600,23.6,7.64,5.66,433.8,42.7,2.57,0.123,0.083,2.96,,,Ⅲ
2024-05-12T08:00:00+08:00,1715472000,23.5,7.62,5.55,437.9,40.7,2.39,0.16,0.09,2.96,,,Ⅲ
2024-05-12T12:00:00+08:00,1715486400,24.1,7.86,7.56,438.4,36.5,3.08,0.134,0.094,3.03,,,Ⅱ
2024-05-12T16:00:00+08:00,1715500800,24.9,8.15,8.99,429.4,34.0,2.55,0.145,0.101,3.23,,,Ⅲ
2024-05-12T20:00:00+08:00,1715515200,24.7,8.36,10.07,428.9,28.7,2.85,0.154,0.102,3.28,,,Ⅲ
2024-05-13T04:00:00+08:00,1715544000,23.5,7.57,5.45,433.7,38.7,2.73,0.127,0.11,3.29,,,Ⅲ
2024-05-13T08:00:00+08:00,1715558400,23.5,7.57,5.61,434.0,34.7,,0.093,0.104,3.27,,,
2024-05-13T12:00:00+08:00,1715572800,25.0,7.85,7.84,435.6,16.3,5.77,0.318,0.245,4.47,,,Ⅳ
2024-05-13T16:00:00+08:00,1715587200,26.4,8.74,12.02,429.5,14.7,4.24,0.095,0.134,3.44,,,Ⅲ
2024-05-13T20:00:00+08:00,1715601600,25.1,8.42,10.33,436.0,18.5,4.04,0.097,0.124,3.39,,,Ⅲ
2024-05-14T00:00:00+08:00,1715616000,24.2,7.74,6.59,447.3,22.3,0.3,0.109,0.115,3.42,,,Ⅲ
2024-05-14T04:00:00+08:00,1715630400,23.8,7.69,6.27,445.9,21.2,,0.096,0.105,3.38,,,
2024-05-14T08:00:00+08:00,1715644800,24.0,7.69,6.21,447.6,20.3,3.76,0.088,0.104,3.31,,,Ⅲ
2024-05-14T12:00:00+08:00,1715659200,24.8,8.07,9.02,443.1,14.1,3.19,0.074,0.099,3.28,,,Ⅱ
2024-05-14T16:00:00+08:00,1715673600,25.3,8.14,9.02,444.8,13.7,3.86,0.072,0.091,3.15,,,Ⅱ
2024-05-14T20:00:00+08:00,1715688000,25.2,8.07,8.78,451.3,15.8,3.19,0.082,0.088,3.11,,,Ⅱ
2024-05-15T00:00:00+08:00,1715702400,24.4,7.69,6.41,455.3,24.7,3.17,0.124,0.091,3.13,,,Ⅱ
2024-05-15T04:00:00+08:00,1715716800,24.1,7.63,5.63,455.4,25.0,3.02,0.123,0.09,3.12,,,Ⅲ
2024-05-15T12:00:00+08:00,1715745600,25.2,7.9,7.81,456.9,24.4,3.67,0.109,0.09,3.09,,,Ⅱ
2024-05-15T16:00:00+08:00,1715760000,25.6,7.86,7.68,456.2,24.5,3.4,0.16,0.091,3.1,,,Ⅱ
2024-05-15T20:00:00+08:00,1715774400,25.8,8.41,10.51,452.8,22.6,3.29,0.13,0.088,3.06,,,Ⅱ
2024-05-16T04:00:00+08:00,1715803200,24.4,7.58,5.51,454.4,43.6,3.1,0.136,0.095,3.17,,,Ⅲ
2024-05-16T08:00:00+08:00,1715817600,24.4,7.51,4.83,452.7,40.9,3.02,0.123,0.085,3.0,,,Ⅳ
2024-05-16T16:00:00+08:00,1715846400,25.5,7.93,7.92,449.5,27.2,2.79,0.082,0.085,3.02,,,Ⅱ
2024-05-16T20:00:00+08:00,1715860800,25.2,7.8,7.06,448.5,34.1,2.92,0.092,0.081,2.89,,,Ⅱ
2024-05-17T04:00:00+08:00,1715889600,24.4,7.59,5.5,447.4,35.5,2.96,0.121,0.085,2.96,,,Ⅲ
2024-05-17T08:00:00+08:00,1715904000,24.5,7.56,5.49,447.3,29.0,2.96,0.141,0.097,3.02,,,Ⅲ
2024-05-17T12:00:00+08:00,1715918400,25.6,7.7,6.46,448.0,22.1,3.44,0.107,0.09,2.98,,,Ⅱ
2024-05-17T16:00:00+08:00,1715932800,26.1,7.69,6.29,446.4,17.0,2.79,0.105,0.086,2.94,,,Ⅱ
2024-05-17T20:00:00+08:00,1715947200,26.0,7.79,7.27,444.9,21.1,2.58,0.096,0.084,2.88,,,Ⅱ
2024-05-18T04:00:00+08:00,1715976000,25.3,7.63,5.81,438.9,26.5,2.77,0.09,0.087,2.84,,,Ⅲ
2024-05-18T08:00:00+08:00,1715990400,25.4,7.64,5.98,437.5,28.4,2.8,0.065,0.098,2.85,,,Ⅲ
2024-05-18T12:00:00+08:00,1716004800,26.7,7.72,6.83,440.2,16.1,3.39,0.073,0.093,2.85,,,Ⅱ
2024-05-18T16:00:00+08:00,1716019200,26.9,7.63,5.84,438.0,13.2,2.9,0.077,0.09,2.84,,,Ⅲ
2024-05-18T20:00:00+08:00,1716033600,26.4,7.72,6.43,435.1,18.8,2.81,0.091,0.097,2.84,,,Ⅱ
2024-05-19T00:00:00+08:00,1716048000,25.8,7.67,5.67,432.9,23.1,2.83,0.051,0.09,2.77,,,Ⅲ
2024-05-19T08:00:00+08:00,1716076800,25.6,7.66,5.71,432.7,18.4,2.45,0.066,0.093,2.77,,,Ⅲ
2024-05-19T12:00:00+08:00,1716091200,26.3,7.7,6.05,433.1,10.8,3.46,0.065,0.103,2.78,,,Ⅲ
2024-05-19T16:00:00+08:00,1716105600,26.8,7.95,7.66,431.1,17.0,2.79,0.069,0.099,2.75,,,Ⅱ
2024-05-19T20:00:00+08:00,1716120000,26.5,7.93,7.59,427.6,21.0,3.0,0.096,0.097,2.61,,,Ⅱ
2024-05-20T04:00:00+08:00,1716148800,25.7,7.67,5.92,429.5,33.9,3.51,0.114,0.123,2.71,,,Ⅲ
2024-05-20T08:00:00+08:00,1716163200,25.8,7.64,5.86,429.7,25.3,2.86,0.094,0.105,2.54,,,Ⅲ
2024-05-20T12:00:00+08:00,1716177600,26.7,7.75,6.71,432.6,11.6,3.42,0.095,0.11,2.58,,,Ⅲ
2024-05-20T16:00:00+08:00,1716192000,27.5,7.96,7.73,430.9,16.9,2.83,0.079,0.096,2.58,,,Ⅱ
2024-05-20T20:00:00+08:00,1716206400,26.9,7.7,6.3,425.8,15.1,2.87,0.07,0.097,2.66,,,Ⅱ
2024-05-21T04:00:00+08:00,1716235200,26.2,7.73,6.14,423.1,28.9,2.34,0.077,0.094,2.5,,,Ⅱ
2024-05-21T08:00:00+08:00,1716249600,26.2,7.7,6.04,422.7,25.2,2.49,0.08,0.108,2.57,,,Ⅲ
2024-05-21T12:00:00+08:00,1716264000,26.7,7.69,6.42,421.7,17.8,2.85,0.066,0.096,2.46,,,Ⅱ
2024-05-21T16:00:00+08:00,1716278400,27.2,7.86,7.15,422.8,18.8,2.25,0.074,0.102,2.47,,,Ⅲ
2024-05-21T20:00:00+08:00,1716292800,26.8,7.82,6.84,420.1,27.8,2.44,0.069,0.09,2.42,,,Ⅱ
2024-05-22T04:00:00+08:00,1716321600,26.4,7.78,6.4,418.2,31.6,1.96,0.064,0.093,2.46,,,Ⅱ
2024-05-22T08:00:00+08:00,1716336000,26.4,7.78,6.46,417.4,34.0,2.85,0.053,0.097,2.44,,,Ⅱ
2024-05-23T08:00:00+08:00,1716422400,26.4,7.72,6.04,414.3,25.7,2.77,0.062,0.094,2.35,,,Ⅱ
2024-05-23T12:00:00+08:00,1716436800,27.6,7.95,7.5,414.8,15.4,2.04,0.053,0.09,2.34,,,Ⅱ
2024-05-23T16:00:00+08:00,1716451200,28.2,8.16,8.44,414.2,15.6,2.13,0.049,0.086,2.28,,,Ⅱ
2024-05-23T20:00:00+08:00,1716465600,27.6,7.82,6.8,415.3,22.6,2.07,0.074,0.094,2.34,,,Ⅱ
2024-05-24T04:00:00+08:00,1716494400,27.0,7.79,6.55,415.7,28.5,2.09,0.057,0.085,2.22,,,Ⅱ
2024-05-24T08:00:00+08:00,1716508800,27.4,7.88,7.17,414.9,22.2,2.94,0.056,0.089,2.27,,,Ⅱ
2024-05-24T12:00:00+08:00,1716523200,28.5,8.17,8.8,413.9,14.8,2.15,0.046,0.082,2.19,,,Ⅱ
2024-05-24T16:00:00+08:00,1716537600,29.1,8.49,10.15,411.7,18.9,2.34,0.043,0.074,2.14,,,Ⅱ
2024-05-24T20:00:00+08:00,1716552000,28.4,8.28,9.08,412.8,27.2,2.27,0.049,0.076,2.15,,,Ⅱ
2024-05-25T04:00:00+08:00,1716580800,27.7,7.82,6.59,415.4,32.8,2.11,0.057,0.08,2.2,,,Ⅱ
2024-05-25T08:00:00+08:00,1716595200,27.6,7.83,6.43,414.8,32.4,2.83,0.051,0.081,2.15,,,Ⅱ
2024-05-25T12:00:00+08:00,1716609600,27.9,7.74,6.37,414.2,21.4,2.44,0.066,0.092,2.22,,,Ⅱ
2024-05-25T16:00:00+08:00,1716624000,28.0,7.84,6.7,413.6,26.8,,0.052,0.081,2.17,,,
2024-05-25T20:00:00+08:00,1716638400,27.9,7.74,5.91,415.4,41.2,1.97,0.06,0.085,2.16,,,Ⅲ
2024-05-26T04:00:00+08:00,1716667200,27.5,7.65,5.28,417.0,32.2,,0.071,0.091,2.22,,,
2024-05-26T08:00:00+08:00,1716681600,27.6,7.66,5.43,416.8,26.4,2.91,0.061,0.088,2.22,,,Ⅲ
2024-05-26T12:00:00+08:00,1716696000,28.8,7.78,6.31,417.7,17.1,2.0,0.051,0.083,2.18,,,Ⅱ
2024-05-26T16:00:00+08:00,1716710400,29.5,8.13,8.0,418.9,16.5,2.04,0.047,0.081,2.16,,,Ⅱ
2024-05-26T20:00:00+08:00,1716724800,30.1,8.52,9.9,419.1,13.5,2.23,0.037,0.075,2.11,,,Ⅱ
2024-05-27T04:00:00+08:00,1716753600,29.0,7.98,7.19,415.6,16.4,2.16,0.044,0.072,2.15,,,Ⅱ
2024-05-27T08:00:00+08:00,1716768000,28.3,7.8,6.08,413.7,16.1,2.82,0.046,0.076,2.2,,,Ⅱ
2024-05-27T12:00:00+08:00,1716782400,28.3,7.92,6.88,414.1,15.7,2.24,0.044,0.072,2.21,,,Ⅱ
2024-05-27T16:00:00+08:00,1716796800,28.0,8.02,8.09,413.1,16.0,3.62,0.084,0.103,2.43,,,Ⅲ
2024-05-27T20:00:00+08:00,1716811200,27.5,7.8,6.53,416.0,19.3,2.62,0.092,0.093,2.44,,,Ⅱ
2024-05-28T04:00:00+08:00,1716840000,26.9,7.64,5.27,417.1,32.1,2.4,0.112,0.099,2.48,,,Ⅲ
2024-05-28T08:00:00+08:00,1716854400,26.9,7.57,5.02,418.5,23.4,2.98,0.104,0.095,2.43,,,Ⅲ
2024-05-28T12:00:00+08:00,1716868800,25.8,8.06,7.39,,0.5,,,0.005,,,,
2024-05-28T16:00:00+08:00,1716883200,25.9,7.26,7.56,,0.8,,,0.005,,,,
2024-05-28T20:00:00+08:00,1716897600,27.6,7.71,5.83,415.8,13.6,,0.164,0.113,2.75,,,
2024-05-29T04:00:00+08:00,1716926400,25.9,7.01,7.6,,1.7,,,,,,,
2024-05-29T08:00:00+08:00,1716940800,26.0,6.98,7.59,,2.2,,,,,,,
2024-05-29T12:00:00+08:00,1716955200,23.7,7.47,7.94,,8.5,,,,,,,
2024-05-29T16:00:00+08:00,1716969600,27.7,7.7,6.24,415.8,11.1,,0.106,0.093,2.56,,,
2024-05-29T20:00:00+08:00,1716984000,27.0,7.63,5.47,416.7,18.1,,0.114,0.089,2.45,,,
2024-05-30T04:00:00+08:00,1717012800,26.3,7.56,4.66,416.9,28.3,1.66,0.153,0.098,2.42,,,Ⅳ
2024-05-30T08:00:00+08:00,1717027200,26.2,7.56,4.75,416.5,33.2,2.12,0.164,0.095,2.43,,,Ⅳ
2024-05-30T12:00:00+08:00,1717041600,26.3,7.6,5.53,416.2,22.9,1.8,0.934,0.093,2.4,,,Ⅲ
2024-05-30T16:00:00+08:00,1717056000,26.3,7.67,5.78,410.2,19.0,1.61,0.162,0.087,2.37,,,Ⅲ
2024-05-30T20:00:00+08:00,1717070400,26.0,7.57,5.06,411.5,22.5,1.72,0.842,0.086,2.34,,,Ⅲ
2024-05-31T04:00:00+08:00,1717099200,25.7,7.48,4.08,412.8,25.4,1.71,0.155,0.095,2.4,,,Ⅳ
2024-05-31T08:00:00+08:00,1717113600,25.7,7.45,3.86,411.4,20.6,2.3,0.143,0.092,2.3,,,Ⅳ
2024-05-31T12:00:00+08:00,1717128000,25.8,7.48,3.99,411.4,17.1,1.82,0.148,0.09,2.31,,,Ⅳ
2024-05-31T16:00:00+08:00,1717142400,26.2,7.61,5.27,411.6,15.6,1.86,0.148,0.087,2.3,,,Ⅲ
2024-05-31T20:00:00+08:00,1717156800,25.8,7.49,3.81,413.1,21.5,1.76,0.177,0.092,2.33,,,Ⅳ
2024-06-01T04:00:00+08:00,1717185600,25.4,7.41,3.17,413.7,24.0,1.49,0.198,0.097,2.43,,,Ⅳ
2024-06-01T08:00:00+08:00,1717200000,25.4,7.37,2.72,415.2,24.1,2.54,0.184,0.097,2.41,,,Ⅴ
2024-06-01T12:00:00+08:00,1717214400,26.5,7.61,5.42,414.1,11.2,1.79,0.255,0.088,2.37,,,Ⅲ
2024-06-01T16:00:00+08:00,1717228800,26.6,7.61,5.32,415.5,10.3,1.82,0.16,0.083,6.02,,,Ⅲ
2024-06-01T20:00:00+08:00,1717243200,25.9,7.47,3.63,419.6,11.8,1.22,0.171,0.093,2.5,,,Ⅳ
2024-06-02T04:00:00+08:00,1717272000,25.4,7.42,2.98,424.6,25.0,,0.187,0.103,2.56,,,
2024-06-02T12:00:00+08:00,1717300800,26.1,7.49,3.86,425.3,14.5,1.1,0.136,0.097,2.56,,,Ⅳ
2024-06-02T16:00:00+08:00,1717315200,26.7,7.54,4.27,424.2,14.3,1.01,0.137,0.097,2.53,,,Ⅳ
2024-06-02T20:00:00+08:00,1717329600,26.5,7.51,4.01,424.9,15.8,0.84,0.121,0.093,2.53,,,Ⅳ
2024-06-03T04:00:00+08:00,1717358400,25.7,7.44,2.99,425.9,21.6,1.13,0.162,0.103,2.56,,,Ⅴ
2024-06-03T08:00:00+08:00,1717372800,25.9,7.44,2.96,425.7,16.8,1.2,0.131,0.102,2.51,,,Ⅴ
2024-06-03T16:00:00+08:00,1717401600,29.0,7.76,6.3,425.4,9.8,2.71,0.263,0.1,2.5,,,Ⅱ
2024-06-03T20:00:00+08:00,1717416000,27.8,7.72,6.29,423.1,9.6,2.57,0.118,0.092,2.48,,,Ⅱ
2024-06-04T04:00:00+08:00,1717444800,26.7,7.6,5.68,424.2,21.0,2.52,0.074,0.085,2.32,,,Ⅲ
2024-06-04T08:00:00+08:00,1717459200,26.7,7.61,5.55,423.6,16.5,2.61,0.082,0.09,2.35,,,Ⅲ
2024-06-04T12:00:00+08:00,1717473600,27.4,7.94,8.0,421.2,13.4,2.58,0.071,0.088,2.29,,,Ⅱ
2024-06-04T16:00:00+08:00,1717488000,27.7,8.09,8.66,421.0,10.7,2.18,0.046,0.079,2.27,,,Ⅱ
2024-06-04T20:00:00+08:00,1717502400,27.4,8.14,8.98,422.7,18.0,2.29,0.053,0.073,2.21,,,Ⅱ
2024-06-05T04:00:00+08:00,1717531200,26.8,7.72,6.53,425.2,24.2,2.27,0.053,0.073,2.23,,,Ⅱ
2024-06-05T08:00:00+08:00,1717545600,26.6,7.66,6.19,424.8,20.4,2.69,0.058,0.077,2.32,,,Ⅱ
2024-06-05T12:00:00+08:00,1717560000,26.6,7.58,5.78,425.3,21.6,2.52,0.07,0.078,2.35,,,Ⅲ
2024-06-05T16:00:00+08:00,1717574400,26.5,7.72,6.73,424.4,18.2,2.52,0.059,0.075,2.33,,,Ⅱ
2024-06-05T20:00:00+08:00,1717588800,26.2,7.66,5.84,426.6,23.0,2.21,0.074,0.077,2.34,,,Ⅲ
2024-06-06T04:00:00+08:00,1717617600,25.6,7.57,4.86,429.2,26.5,2.11,0.094,0.086,2.39,,,Ⅳ
2024-06-06T08:00:00+08:00,1717632000,25.6,7.55,4.66,429.6,25.3,2.28,0.088,0.089,2.36,,,Ⅳ
2024-06-06T12:00:00+08:00,1717646400,26.0,7.62,5.42,430.7,23.0,2.28,0.088,0.089,2.36,,,Ⅲ
2024-06-06T16:00:00+08:00,1717660800,26.4,7.75,6.55,427.6,18.2,2.13,0.065,0.086,2.35,,,Ⅱ
2024-06-06T20:00:00+08:00,1717675200,26.0,7.56,4.89,429.8,19.7,2.0,0.095,0.083,2.39,,,Ⅳ
2024-06-07T04:00:00+08:00,1717704000,25.6,7.5,4.63,428.4,24.7,2.06,0.094,0.091,2.36,,,Ⅳ
2024-06-07T08:00:00+08:00,1717718400,25.6,7.54,4.73,427.4,23.4,2.36,0.083,0.086,2.27,,,Ⅳ
2024-06-07T12:00:00+08:00,1717732800,25.7,7.53,4.65,426.4,23.0,2.23,0.086,0.086,2.26,,,Ⅳ
2024-06-07T16:00:00+08:00,1717747200,26.0,7.55,4.77,425.8,15.6,2.09,0.085,0.085,2.26,,,Ⅳ
2024-06-07T20:00:00+08:00,1717761600,25.8,7.51,4.0,426.4,19.3,,0.12,0.086,2.24,,,
2024-06-08T04:00:00+08:00,1717790400,25.6,7.44,3.44,429.8,24.3,2.33,0.168,0.095,2.3,,,Ⅳ
2024-06-08T08:00:00+08:00,1717804800,25.8,7.43,3.11,431.7,23.3,,0.157,0.097,2.29,,,
2024-06-08T12:00:00+08:00,1717819200,26.9,7.49,3.98,430.9,19.4,2.14,0.13,0.091,2.26,,,Ⅳ
2024-06-08T16:00:00+08:00,1717833600,27.4,7.48,3.69,434.8,16.3,2.14,0.151,0.091,2.31,,,Ⅳ
2024-06-08T20:00:00+08:00,1717848000,27.2,7.46,3.57,437.4,18.0,2.29,0.18,0.093,2.36,,,Ⅳ
2024-06-09T04:00:00+08:00,1717876800,26.5,7.39,2.07,447.8,25.9,2.13,0.189,0.099,2.49,,,Ⅴ
2024-06-09T08:00:00+08:00,1717891200,26.7,7.38,1.91,450.0,21.5,2.4,0.201,0.104,2.62,,,劣Ⅴ
2024-06-09T12:00:00+08:00,1717905600,27.7,7.4,2.6,448.1,15.7,2.52,0.184,0.104,2.59,,,Ⅴ
2024-06-09T16:00:00+08:00,1717920000,28.1,7.48,4.2,448.0,19.5,2.23,0.154,0.099,2.57,,,Ⅳ
2024-06-09T20:00:00+08:00,1717934400,27.7,7.43,3.6,449.0,19.2,2.04,0.144,0.097,2.58,,,Ⅳ
2024-06-10T04:00:00+08:00,1717963200,27.0,7.39,2.78,451.6,27.2,2.27,0.153,0.107,2.69,,,Ⅴ
2024-06-10T08:00:00+08:00,1717977600,26.8,7.37,2.74,451.2,22.7,2.29,0.138,0.1,2.6,,,Ⅴ
2024-06-10T12:00:00+08:00,1717992000,27.3,7.37,3.54,451.1,17.9,2.12,0.14,0.101,2.58,,,Ⅳ
2024-06-10T16:00:00+08:00,1718006400,27.8,7.43,4.2,450.6,18.2,2.13,0.124,0.102,2.56,,,Ⅳ
2024-06-10T20:00:00+08:00,1718020800,27.4,7.41,3.58,452.4,23.3,2.26,0.131,0.099,2.58,,,Ⅳ
2024-06-11T04:00:00+08:00,1718049600,27.1,7.43,3.58,452.2,20.9,2.21,0.13,0.1,2.56,,,Ⅳ
2024-06-11T08:00:00+08:00,1718064000,27.1,7.4,3.68,452.4,19.2,2.39,0.109,0.099,2.51,,,Ⅳ
2024-06-11T12:00:00+08:00,1718078400,27.2,7.4,3.69,452.4,21.0,2.41,0.109,0.1,2.55,,,Ⅳ
2024-06-11T16:00:00+08:00,1718092800,27.5,7.43,4.18,452.1,15.0,,0.053,0.099,2.52,,,
2024-06-11T20:00:00+08:00,1718107200,27.3,7.43,3.82,451.8,15.3,2.01,0.118,0.096,2.52,,,Ⅳ
2024-06-12T04:00:00+08:00,1718136000,27.1,7.4,3.55,448.2,14.9,2.3,0.107,0.101,2.46,,,Ⅳ
2024-06-12T08:00:00+08:00,1718150400,27.2,7.44,3.8,448.2,13.5,2.27,0.076,0.096,2.4,,,Ⅳ
2024-06-12T12:00:00+08:00,1718164800,28.2,7.55,4.76,448.6,13.8,2.4,0.025,0.097,2.4,,,Ⅳ
2024-06-12T16:00:00+08:00,1718179200,28.9,7.59,4.93,447.9,12.8,2.25,0.133,0.09,2.34,,,Ⅳ
2024-06-13T04:00:00+08:00,1718222400,27.6,7.48,3.36,445.2,21.8,2.06,0.16,0.099,2.32,,,Ⅳ
2024-06-13T08:00:00+08:00,1718236800,27.6,7.49,3.48,445.0,25.4,2.38,0.14,0.102,2.28,,,Ⅳ
2024-06-13T12:00:00+08:00,1718251200,29.1,7.56,4.5,444.9,10.8,2.1,0.122,0.093,2.24,,,Ⅳ
2024-06-13T16:00:00+08:00,1718265600,29.5,7.62,4.95,444.3,12.8,2.25,0.114,0.091,2.23,,,Ⅳ
2024-06-13T20:00:00+08:00,1718280000,29.1,7.56,4.31,439.7,17.4,2.0,0.12,0.094,2.24,,,Ⅳ
2024-06-14T00:00:00+08:00,1718294400,28.6,7.53,4.11,437.2,24.3,2.21,0.104,0.101,2.24,,,Ⅳ
2024-06-14T04:00:00+08:00,1718308800,28.3,7.55,4.16,437.9,19.1,1.91,0.112,0.098,2.21,,,Ⅳ
2024-06-14T08:00:00+08:00,1718323200,28.5,7.56,4.43,437.4,13.9,2.08,0.065,0.095,2.21,,,Ⅳ
2024-06-14T12:00:00+08:00,1718337600,29.4,7.63,4.98,437.5,8.9,,,0.005,,,,
2024-06-14T16:00:00+08:00,1718352000,30.2,7.75,6.02,436.7,11.2,1.85,0.058,0.094,2.19,,,Ⅱ
2024-06-14T20:00:00+08:00,1718366400,29.9,7.78,6.1,432.2,18.3,1.94,0.042,0.09,2.14,,,Ⅱ
2024-06-15T00:00:00+08:00,1718380800,29.2,7.57,4.46,431.3,21.1,1.91,0.053,0.096,2.12,,,Ⅳ
2024-06-15T04:00:00+08:00,1718395200,28.8,7.58,4.58,432.6,24.9,1.9,0.056,0.097,2.15,,,Ⅳ
2024-06-15T08:00:00+08:00,1718409600,28.9,7.56,4.41,432.4,19.2,2.22,0.056,0.106,2.14,,,Ⅳ
2024-06-15T12:00:00+08:00,1718424000,30.8,7.98,7.4,430.3,15.3,2.01,0.036,0.093,1.97,,,Ⅱ
2024-06-15T16:00:00+08:00,1718438400,32.9,8.68,11.14,421.8,10.1,2.06,0.031,0.086,1.94,,,Ⅱ
2024-06-15T20:00:00+08:00,1718452800,31.2,8.27,8.73,426.2,17.0,2.16,0.039,0.082,1.93,,,Ⅱ
2024-06-16T00:00:00+08:00,1718467200,30.8,8.18,8.18,426.4,17.1,2.25,0.042,0.078,1.94,,,Ⅱ
2024-06-16T04:00:00+08:00,1718481600,30.3,7.85,6.64,427.0,18.6,2.03,0.042,0.076,1.95,,,Ⅱ
2024-06-16T08:00:00+08:00,1718496000,29.9,7.83,6.6,426.5,14.1,2.19,0.031,0.077,1.94,,,Ⅱ
2024-06-16T12:00:00+08:00,1718510400,30.8,8.28,9.05,423.8,11.6,1.94,0.03,0.077,1.87,,,Ⅱ
2024-06-16T16:00:00+08:00,1718524800,30.9,8.67,10.95,423.9,15.4,2.21,0.03,0.071,1.85,,,Ⅱ
2024-06-16T20:00:00+08:00,1718539200,30.4,8.48,9.53,427.1,17.3,2.3,0.037,0.068,1.86,,,Ⅱ
2024-06-17T04:00:00+08:00,1718568000,29.5,7.89,6.44,430.5,35.3,2.25,0.046,0.073,1.92,,,Ⅱ
2024-06-17T08:00:00+08:00,1718582400,29.5,7.89,6.49,430.2,28.5,2.16,0.055,0.075,1.91,,,Ⅱ
2024-06-17T12:00:00+08:00,1718596800,30.7,8.19,8.83,428.4,13.2,2.27,0.041,0.072,1.88,,,Ⅱ
2024-06-17T16:00:00+08:00,1718611200,32.2,8.71,10.92,423.6,13.7,2.31,0.076,0.07,1.82,,,Ⅱ
2024-06-17T20:00:00+08:00,1718625600,31.1,8.2,8.28,431.0,11.5,2.65,0.036,0.061,1.8,,,Ⅱ
2024-06-18T04:00:00+08:00,1718654400,29.6,7.69,5.31,435.7,22.3,2.13,0.064,0.077,1.95,,,Ⅲ
2024-06-18T08:00:00+08:00,1718668800,29.5,7.6,5.25,435.6,20.0,2.28,0.058,0.079,1.91,,,Ⅲ
2024-06-18T12:00:00+08:00,1718683200,30.5,7.7,5.96,434.7,13.3,2.04,0.052,0.076,1.94,,,Ⅲ
2024-06-18T16:00:00+08:00,1718697600,30.5,7.79,6.29,436.3,17.2,2.02,0.051,0.076,1.93,,,Ⅱ
2024-06-18T20:00:00+08:00,1718712000,30.2,7.68,5.6,439.4,20.2,1.96,0.063,0.077,1.98,,,Ⅲ
2024-06-19T04:00:00+08:00,1718740800,29.7,7.58,4.81,440.5,24.7,2.0,0.077,0.085,2.01,,,Ⅳ
2024-06-19T08:00:00+08:00,1718755200,29.5,7.58,4.66,440.1,25.2,2.36,0.074,0.088,1.98,,,Ⅳ
2024-06-19T12:00:00+08:00,1718769600,29.5,7.56,4.46,439.5,25.4,1.97,0.078,0.089,2.01,,,Ⅳ
2024-06-19T16:00:00+08:00,1718784000,29.6,7.6,4.75,438.2,21.8,2.12,0.084,0.089,2.06,,,Ⅳ
2024-06-19T20:00:00+08:00,1718798400,29.4,7.55,4.25,438.6,23.3,2.1,0.095,0.092,2.08,,,Ⅳ
2024-06-20T04:00:00+08:00,1718827200,29.2,7.53,4.02,433.6,21.6,2.06,0.11,0.098,2.15,,,Ⅳ
2024-06-20T08:00:00+08:00,1718841600,29.0,7.53,4.16,425.4,22.2,2.41,0.084,0.098,2.14,,,Ⅳ
2024-06-20T12:00:00+08:00,1718856000,29.2,7.59,4.4,431.1,18.3,2.0,0.081,0.1,2.22,,,Ⅳ
2024-06-20T16:00:00+08:00,1718870400,30.2,7.7,5.61,431.9,14.3,1.87,0.077,0.104,2.32,,,Ⅲ
2024-06-20T20:00:00+08:00,1718884800,29.9,7.62,4.66,432.3,16.8,2.02,0.118,0.108,2.54,,,Ⅳ
2024-06-21T04:00:00+08:00,1718913600,29.7,7.54,3.96,431.0,14.8,2.1,0.112,0.104,2.31,,,Ⅳ
2024-06-21T08:00:00+08:00,1718928000,29.2,7.53,3.81,413.2,16.3,2.19,0.131,0.106,2.38,,,Ⅳ
2024-06-21T12:00:00+08:00,1718942400,28.8,7.44,3.64,383.9,20.9,2.29,0.188,0.128,2.57,,,Ⅳ
2024-06-21T16:00:00+08:00,1718956800,28.4,7.34,2.63,354.6,280.6,4.5,0.335,0.248,3.56,,,Ⅴ
2024-06-21T20:00:00+08:00,1718971200,28.4,7.34,2.42,400.5,244.2,5.6,0.472,0.3,4.56,,,Ⅴ
2024-06-22T04:00:00+08:00,1719000000,28.1,7.37,2.6,390.5,56.6,3.91,0.335,0.228,4.19,,,Ⅴ
2024-06-22T08:00:00+08:00,1719014400,28.3,7.4,2.66,401.4,58.5,3.91,0.258,0.215,4.01,,,Ⅴ
2024-06-22T12:00:00+08:00,1719028800,28.3,7.4,2.67,402.7,50.1,3.52,0.262,0.206,4.14,,,Ⅴ
2024-06-22T16:00:00+08:00,1719043200,28.3,7.4,3.41,403.8,45.2,3.52,0.262,0.206,4.14,,,Ⅳ
2024-06-22T20:00:00+08:00,1719057600,28.2,7.39,2.9,415.2,43.5,4.04,0.344,0.245,4.97,,,Ⅴ
2024-06-23T04:00:00+08:00,1719086400,27.8,7.34,2.79,423.1,80.3,4.28,0.382,0.276,6.43,,,Ⅴ
2024-06-23T08:00:00+08:00,1719100800,27.8,7.31,2.74,431.8,61.4,4.5,0.353,0.264,6.26,,,Ⅴ
2024-06-23T12:00:00+08:00,1719115200,27.9,7.31,2.6,436.3,34.4,3.96,0.373,0.246,6.2,,,Ⅴ
2024-06-23T16:00:00+08:00,1719129600,27.8,7.34,2.66,442.7,50.8,4.23,0.368,0.246,6.39,,,Ⅴ
2024-06-23T20:00:00+08:00,1719144000,27.8,7.34,2.6,435.4,58.7,4.22,0.424,0.243,6.35,,,Ⅴ
2024-06-24T04:00:00+08:00,1719172800,27.5,7.34,2.6,432.5,50.2,3.92,0.365,0.242,6.29,,,Ⅴ
2024-06-24T08:00:00+08:00,1719187200,27.4,7.32,2.53,436.5,49.8,4.12,0.336,0.238,6.07,,,Ⅴ
2024-06-24T12:00:00+08:00,1719201600,27.9,7.31,2.77,437.0,47.5,3.88,0.313,0.239,6.11,,,Ⅴ
2024-06-24T16:00:00+08:00,1719216000,28.6,7.34,3.24,440.6,26.9,3.61,0.263,0.227,6.2,,,Ⅳ
2024-06-24T20:00:00+08:00,1719230400,28.1,7.31,2.48,434.3,26.1,3.57,0.316,0.217,6.15,,,Ⅴ
2024-06-25T00:00:00+08:00,1719244800,28.0,7.31,2.61,429.4,22.4,3.69,0.308,0.215,6.06,,,Ⅴ
2024-06-25T12:00:00+08:00,1719288000,28.2,7.34,3.25,431.2,20.3,3.81,0.256,0.211,5.99,,,Ⅳ
2024-06-25T16:00:00+08:00,1719302400,28.1,7.29,2.64,433.0,16.4,3.5,0.231,0.211,6.0,,,Ⅴ
2024-06-25T20:00:00+08:00,1719316800,27.9,7.28,2.38,431.6,21.1,3.44,0.262,0.205,5.99,,,Ⅴ
2024-06-26T04:00:00+08:00,1719345600,27.6,7.25,1.92,431.6,44.8,3.58,0.325,0.219,6.0,,,劣Ⅴ
2024-06-26T08:00:00+08:00,1719360000,27.5,7.25,1.85,431.4,23.4,3.83,,0.207,5.9,,,
2024-06-26T12:00:00+08:00,1719374400,27.7,7.28,2.53,432.0,19.9,3.48,,0.211,5.92,,,
2024-06-26T16:00:00+08:00,1719388800,27.7,7.31,3.06,433.0,19.0,3.71,0.28,0.234,6.04,,,Ⅳ
2024-06-26T20:00:00+08:00,1719403200,27.6,7.27,2.23,431.3,22.6,3.44,0.316,0.215,6.01,,,Ⅴ
2024-06-27T04:00:00+08:00,1719432000,27.5,7.24,2.03,430.0,21.0,3.71,0.315,0.212,5.98,,,Ⅴ
2024-06-27T08:00:00+08:00,1719446400,27.4,7.23,1.88,430.4,22.6,3.84,0.308,0.214,5.95,,,劣Ⅴ
2024-06-27T12:00:00+08:00,1719460800,27.4,7.23,2.17,430.0,16.4,3.71,0.296,0.211,5.92,,,Ⅴ
2024-06-27T16:00:00+08:00,1719475200,27.6,7.26,2.54,431.2,20.4,3.38,0.278,0.212,5.94,,,Ⅴ
2024-06-27T20:00:00+08:00,1719489600,27.5,7.25,2.41,429.6,20.2,3.35,0.314,0.211,5.89,,,Ⅴ
2024-06-28T04:00:00+08:00,1719518400,27.2,7.22,1.9,430.0,19.6,3.67,0.304,0.211,5.91,,,劣Ⅴ
2024-06-28T08:00:00+08:00,1719532800,27.2,7.2,1.82,429.6,23.4,3.59,0.312,0.212,5.85,,,劣Ⅴ
2024-06-28T16:00:00+08:00,1719561600,27.6,7.34,4.0,430.4,21.6,3.47,0.252,0.207,5.82,,,Ⅳ
2024-06-28T20:00:00+08:00,1719576000,27.2,7.26,3.1,413.3,25.0,,0.276,0.205,5.69,,,
2024-06-29T04:00:00+08:00,1719604800,27.0,7.21,2.35,426.0,25.3,3.3,0.372,0.221,5.75,,,Ⅴ
2024-06-29T08:00:00+08:00,1719619200,26.9,7.23,2.41,424.8,25.8,3.5,0.37,0.223,5.69,,,Ⅴ
2024-06-29T12:00:00+08:00,1719633600,27.4,7.25,3.1,426.8,31.3,3.4,0.34,0.225,5.77,,,Ⅳ
2024-06-29T16:00:00+08:00,1719648000,27.5,7.25,3.38,427.5,33.7,3.25,0.309,0.227,5.88,,,Ⅳ
2024-06-29T20:00:00+08:00,1719662400,27.4,7.22,2.59,431.4,36.0,3.34,0.297,0.228,6.0,,,Ⅴ
2024-06-30T04:00:00+08:00,1719691200,27.4,7.28,3.84,391.3,35.2,3.38,0.283,0.213,5.42,,,Ⅳ
2024-06-30T08:00:00+08:00,1719705600,27.3,7.29,3.35,412.2,32.2,3.41,0.294,0.219,5.54,,,Ⅳ
2024-06-30T12:00:00+08:00,1719720000,27.3,7.28,4.39,401.1,21.3,3.19,0.281,0.217,5.49,,,Ⅳ
2024-06-30T16:00:00+08:00,1719734400,26.7,7.16,4.34,343.3,39.3,,0.384,0.253,5.22,,,
2024-06-30T20:00:00+08:00,1719748800,26.6,7.06,3.86,339.5,54.4,3.65,0.45,0.351,5.6,,,Ⅴ
2024-07-01T04:00:00+08:00,1719777600,26.7,7.08,3.27,355.8,39.3,3.74,0.391,0.354,5.86,,,Ⅴ
2024-07-01T08:00:00+08:00,1719792000,26.7,7.08,3.34,342.2,39.9,3.75,0.382,0.371,5.79,,,Ⅴ
2024-07-01T12:00:00+08:00,1719806400,27.3,7.01,3.76,345.6,35.1,3.93,0.357,0.429,6.29,,,劣Ⅴ
2024-07-03T16:00:00+08:00,1719993600,29.0,7.28,5.52,357.4,13.7,3.74,0.245,0.316,5.71,,,Ⅴ
2024-07-03T20:00:00+08:00,1720008000,28.2,7.13,2.59,361.5,11.1,3.7,0.24,0.336,6.36,,,Ⅴ
2024-07-04T04:00:00+08:00,1720036800,28.6,7.25,4.35,357.4,11.3,3.86,0.207,0.335,6.26,,,Ⅴ
2024-07-04T08:00:00+08:00,1720051200,28.4,7.14,3.26,359.9,27.8,3.93,0.225,0.324,6.13,,,Ⅴ
2024-07-04T12:00:00+08:00,1720065600,30.6,7.31,4.73,367.9,15.1,3.57,0.173,0.296,5.56,,,Ⅳ
2024-07-04T16:00:00+08:00,1720080000,31.0,7.48,6.96,367.0,12.0,3.46,0.154,0.286,5.34,,,Ⅳ
2024-07-04T20:00:00+08:00,1720094400,32.2,7.89,9.09,363.8,11.7,3.91,0.119,0.291,5.53,,,Ⅳ
2024-07-05T04:00:00+08:00,1720123200,31.0,7.57,7.64,367.5,9.6,4.0,0.099,0.302,5.97,,,Ⅴ
2024-07-05T08:00:00+08:00,1720137600,31.1,7.61,7.77,365.6,8.2,3.89,0.07,0.273,5.62,,,Ⅳ
2024-07-05T16:00:00+08:00,1720166400,33.7,8.74,9.25,371.5,20.5,3.47,0.057,0.135,2.14,,,Ⅲ
2024-07-05T20:00:00+08:00,1720180800,34.4,8.96,9.62,369.3,22.1,2.93,0.05,0.091,1.03,,,Ⅱ
2024-07-06T04:00:00+08:00,1720209600,34.0,8.73,8.99,367.1,20.5,2.74,0.05,0.069,0.81,,,Ⅱ
2024-07-06T08:00:00+08:00,1720224000,34.4,8.65,8.91,364.2,20.8,2.81,0.05,0.068,0.72,,,Ⅱ
2024-07-06T12:00:00+08:00,1720238400,34.7,8.8,9.24,364.4,18.7,2.53,0.047,0.06,0.71,,,Ⅱ
2024-07-06T16:00:00+08:00,1720252800,34.8,8.87,9.22,365.8,18.8,2.52,0.047,0.057,0.66,,,Ⅱ
2024-07-06T20:00:00+08:00,1720267200,35.0,8.84,8.78,364.7,22.0,2.34,0.05,0.055,0.61,,,Ⅱ
2024-07-07T04:00:00+08:00,1720296000,34.3,8.55,7.06,369.1,20.4,2.19,0.051,0.053,0.61,,,Ⅱ
2024-07-07T08:00:00+08:00,1720310400,34.4,8.51,6.88,371.0,26.9,2.53,0.059,0.057,0.6,,,Ⅱ
2024-07-07T12:00:00+08:00,1720324800,35.2,8.76,7.89,371.1,18.8,2.45,0.051,0.053,0.62,,,Ⅱ
2024-07-07T20:00:00+08:00,1720353600,35.6,8.87,7.99,373.0,19.1,2.08,0.045,0.053,0.58,,,Ⅱ
2024-07-08T04:00:00+08:00,1720382400,35.5,8.7,7.04,373.2,15.8,2.15,0.043,0.054,0.58,,,Ⅱ
2024-07-08T08:00:00+08:00,1720396800,35.5,8.61,6.6,374.0,17.4,2.24,0.043,0.056,0.57,,,Ⅱ
2024-07-08T12:00:00+08:00,1720411200,36.1,8.79,7.6,371.6,14.1,2.48,0.047,0.056,0.65,,,Ⅱ
2024-07-08T16:00:00+08:00,1720425600,36.4,8.77,7.38,373.1,12.9,,0.047,0.055,0.66,,,
2024-07-08T20:00:00+08:00,1720440000,36.6,8.79,6.96,373.0,10.6,2.04,0.044,0.056,0.63,,,Ⅱ
2024-07-09T04:00:00+08:00,1720468800,36.2,8.59,5.84,372.8,5.8,2.36,0.047,0.058,0.58,,,Ⅲ
2024-07-09T12:00:00+08:00,1720497600,36.2,8.67,5.97,371.6,2.8,2.39,0.052,0.061,0.59,,,Ⅲ
2024-07-09T16:00:00+08:00,1720512000,36.7,8.58,5.83,372.4,2.2,2.45,0.047,0.061,0.6,,,Ⅲ
2024-07-09T20:00:00+08:00,1720526400,36.1,8.16,4.59,375.0,1.7,1.98,0.05,0.063,0.68,,,Ⅳ
2024-07-10T04:00:00+08:00,1720555200,35.7,7.94,3.82,375.6,0.9,2.03,0.061,0.069,0.81,,,Ⅳ
2024-07-10T08:00:00+08:00,1720569600,35.7,7.78,3.3,376.5,0.8,2.19,0.068,0.078,0.85,,,Ⅳ
2024-07-10T12:00:00+08:00,1720584000,35.4,7.72,3.15,376.1,0.8,,0.085,0.081,0.82,,,
2024-07-10T16:00:00+08:00,1720598400,35.4,7.77,3.96,377.0,15.5,1.92,0.069,0.081,0.86,,,Ⅳ
2024-07-10T20:00:00+08:00,1720612800,35.0,7.7,3.7,376.4,13.0,2.15,0.088,0.094,0.96,,,Ⅳ
2024-07-11T04:00:00+08:00,1720641600,34.7,7.57,3.01,375.2,10.9,2.4,0.098,0.092,0.88,,,Ⅳ
2024-07-11T08:00:00+08:00,1720656000,34.3,7.54,2.93,375.0,13.9,1.88,0.088,0.09,0.89,,,Ⅴ
2024-07-11T12:00:00+08:00,1720670400,33.9,7.5,2.86,374.8,12.7,2.77,0.114,0.099,0.99,,,Ⅴ
2024-07-11T16:00:00+08:00,1720684800,33.8,7.51,2.88,375.0,11.3,2.68,0.145,0.115,1.17,,,Ⅴ
2024-07-11T20:00:00+08:00,1720699200,33.2,7.38,2.0,369.7,97.3,2.21,0.113,0.118,1.28,,,Ⅴ
2024-07-12T04:00:00+08:00,1720728000,32.2,7.32,1.77,399.5,41.5,3.13,0.212,0.212,2.64,,,劣Ⅴ
2024-07-12T12:00:00+08:00,1720756800,31.4,7.35,2.34,403.3,77.3,4.69,0.408,0.262,3.71,,,Ⅴ
2024-07-12T16:00:00+08:00,1720771200,30.9,7.31,2.4,400.5,97.5,4.69,0.408,0.262,3.71,,,Ⅴ
2024-07-12T20:00:00+08:00,1720785600,31.0,7.31,2.26,403.7,73.2,4.6,0.397,0.296,4.74,,,Ⅴ
2024-07-13T04:00:00+08:00,1720814400,30.6,7.28,1.86,432.0,42.3,4.12,0.439,0.279,4.86,,,劣Ⅴ
2024-07-13T08:00:00+08:00,1720828800,30.6,7.33,2.24,426.3,79.6,4.31,0.532,0.272,4.7,,,Ⅴ
2024-07-13T12:00:00+08:00,1720843200,30.2,7.29,2.11,410.9,182.5,4.29,0.53,0.258,4.16,,,Ⅴ
2024-07-13T16:00:00+08:00,1720857600,30.4,7.3,2.46,413.4,107.1,5.01,0.614,0.326,4.72,,,Ⅴ
2024-07-13T20:00:00+08:00,1720872000,30.0,7.25,2.31,419.0,94.8,5.08,0.568,0.344,5.64,,,Ⅴ
2024-07-15T08:00:00+08:00,1721001600,30.0,7.45,2.81,330.4,82.3,3.77,0.241,0.213,2.54,,,Ⅴ
2024-07-15T12:00:00+08:00,1721016000,30.5,7.47,3.13,330.5,78.0,3.43,0.212,0.206,2.3,,,Ⅳ
2024-07-15T16:00:00+08:00,1721030400,30.9,7.53,3.42,332.2,87.6,3.47,0.202,0.204,2.14,,,Ⅳ
2024-07-15T20:00:00+08:00,1721044800,30.9,7.54,3.41,334.4,86.0,3.36,0.182,0.203,2.17,,,Ⅳ
2024-07-16T00:00:00+08:00,1721059200,30.9,7.53,3.31,334.5,90.6,3.25,0.182,0.198,2.04,,,Ⅳ
2024-07-16T04:00:00+08:00,1721073600,30.7,7.51,3.15,335.2,85.9,3.29,0.163,0.189,1.92,,,Ⅳ
2024-07-16T08:00:00+08:00,1721088000,30.6,7.51,3.09,336.2,74.5,3.45,0.124,0.18,1.84,,,Ⅳ
2024-07-16T12:00:00+08:00,1721102400,31.8,7.59,3.76,337.8,66.6,3.1,0.139,0.176,1.89,,,Ⅳ
2024-07-16T16:00:00+08:00,1721116800,31.9,7.53,3.48,338.6,68.2,3.06,0.135,0.172,1.96,,,Ⅳ
2024-07-16T20:00:00+08:00,1721131200,31.8,7.47,3.06,339.1,62.4,3.23,0.133,0.174,2.03,,,Ⅳ
2024-07-17T00:00:00+08:00,1721145600,31.7,7.43,2.81,339.5,56.2,3.35,0.135,0.175,2.12,,,Ⅴ
2024-07-17T04:00:00+08:00,1721160000,31.8,7.46,2.88,338.8,56.5,2.94,0.116,0.174,2.16,,,Ⅴ
2024-07-17T08:00:00+08:00,1721174400,31.8,7.41,2.6,338.9,45.6,3.47,0.104,0.171,2.11,,,Ⅴ
2024-07-17T12:00:00+08:00,1721188800,32.6,7.6,4.04,338.6,51.5,3.33,0.099,0.181,2.11,,,Ⅳ
2024-07-17T16:00:00+08:00,1721203200,32.9,7.53,3.83,337.9,56.1,3.19,0.084,0.169,2.1,,,Ⅳ
2024-07-17T20:00:00+08:00,1721217600,32.5,7.4,2.67,336.0,58.9,3.1,0.106,0.171,2.08,,,Ⅴ
2024-07-18T00:00:00+08:00,1721232000,32.3,7.38,2.33,333.6,48.8,2.9,0.102,0.164,2.08,,,Ⅴ
2024-07-18T04:00:00+08:00,1721246400,32.3,7.4,2.49,332.0,49.9,3.21,0.098,0.162,2.0,,,Ⅴ
2024-07-18T08:00:00+08:00,1721260800,32.5,7.44,2.66,331.6,48.6,3.34,0.092,0.161,1.87,,,Ⅴ
2024-07-18T12:00:00+08:00,1721275200,35.0,8.04,6.04,328.7,46.4,3.8,0.104,0.18,1.92,,,Ⅲ
2024-07-18T16:00:00+08:00,1721289600,33.9,7.69,4.62,331.1,43.0,3.74,0.098,0.153,1.74,,,Ⅳ
2024-07-18T20:00:00+08:00,1721304000,33.7,7.77,5.04,332.6,41.8,5.14,0.191,0.243,2.04,,,Ⅳ
2024-07-19T00:00:00+08:00,1721318400,33.3,7.46,3.09,330.8,46.9,,0.102,0.174,1.93,,,
2024-07-19T04:00:00+08:00,1721332800,33.0,7.43,2.64,330.9,31.5,2.96,0.08,0.159,1.76,,,Ⅴ
2024-07-19T08:00:00+08:00,1721347200,33.0,7.42,2.75,330.9,33.2,2.98,0.07,0.156,1.7,,,Ⅴ
2024-07-19T12:00:00+08:00,1721361600,33.9,7.53,3.91,330.9,30.8,2.87,0.066,0.156,1.71,,,Ⅳ
2024-07-19T16:00:00+08:00,1721376000,34.4,7.52,3.85,332.1,27.2,2.68,0.075,0.154,1.7,,,Ⅳ
2024-07-20T00:00:00+08:00,1721404800,34.4,7.61,4.37,332.8,27.3,2.8,0.081,0.152,1.76,,,Ⅳ
2024-07-20T04:00:00+08:00,1721419200,34.1,7.47,3.78,345.1,25.7,3.06,0.152,0.158,2.08,,,Ⅳ
2024-07-20T08:00:00+08:00,1721433600,33.9,7.34,2.47,346.0,23.7,3.3,0.141,0.165,2.12,,,Ⅴ
2024-07-20T12:00:00+08:00,1721448000,34.4,7.54,4.18,341.2,19.8,2.85,0.087,0.159,1.98,,,Ⅳ
2024-07-20T16:00:00+08:00,1721462400,35.3,7.7,5.46,339.4,16.8,2.83,0.078,0.154,1.95,,,Ⅲ
2024-07-20T20:00:00+08:00,1721476800,35.9,8.75,9.32,331.9,19.3,3.16,0.051,0.143,,,,Ⅲ
2024-07-21T00:00:00+08:00,1721491200,35.8,8.6,8.61,331.5,15.2,3.1,0.042,0.136,,,,Ⅲ
2024-07-21T04:00:00+08:00,1721505600,35.3,8.14,6.64,332.8,13.8,2.83,0.05,0.127,1.63,,,Ⅲ
2024-07-21T08:00:00+08:00,1721520000,35.2,7.97,6.14,332.5,13.0,2.89,0.04,0.118,1.59,,,Ⅲ
2024-07-21T12:00:00+08:00,1721534400,35.8,8.31,7.92,333.0,16.8,3.02,0.047,0.136,1.74,,,Ⅲ
2024-07-22T04:00:00+08:00,1721592000,34.6,7.55,3.96,338.2,25.8,2.61,0.04,0.129,1.69,,,Ⅳ
2024-07-22T12:00:00+08:00,1721620800,35.6,7.91,6.06,335.5,29.2,3.36,0.057,0.146,1.74,,,Ⅲ
2024-07-22T16:00:00+08:00,1721635200,35.7,7.8,5.25,335.6,45.6,2.69,0.038,0.128,1.67,,,Ⅲ
2024-07-22T20:00:00+08:00,1721649600,35.5,7.75,5.09,335.6,45.0,3.0,0.056,0.143,1.68,,,Ⅲ
2024-07-23T04:00:00+08:00,1721678400,34.9,7.55,3.69,336.2,37.6,2.76,0.038,0.129,1.64,,,Ⅳ
2024-07-23T12:00:00+08:00,1721707200,35.7,7.79,5.12,334.3,28.1,3.23,0.061,0.158,1.78,,,Ⅲ
2024-07-23T16:00:00+08:00,1721721600,36.1,7.93,5.77,333.8,33.5,,0.034,0.132,1.68,,,
2024-07-23T20:00:00+08:00,1721736000,,,,,,,0.034,0.132,1.65,,,
2024-07-24T04:00:00+08:00,1721764800,35.0,7.55,3.99,336.5,25.2,2.87,0.072,0.149,1.68,,,Ⅳ
2024-07-24T08:00:00+08:00,1721779200,35.0,7.52,3.76,337.1,25.3,2.81,0.065,0.14,1.64,,,Ⅳ
2024-07-24T12:00:00+08:00,1721793600,35.6,7.6,4.4,339.0,25.6,3.33,0.08,0.15,1.67,,,Ⅳ
2024-07-24T16:00:00+08:00,1721808000,36.0,7.82,5.65,337.6,22.4,3.2,0.08,0.147,1.69,,,Ⅲ
2024-07-24T20:00:00+08:00,1721822400,35.6,7.59,4.28,341.5,30.6,2.87,0.064,0.14,1.63,,,Ⅳ
2024-07-25T04:00:00+08:00,1721851200,34.8,7.54,3.93,341.1,29.3,3.03,0.084,0.152,1.69,,,Ⅳ
2024-07-25T12:00:00+08:00,1721880000,35.0,7.57,4.07,343.2,44.6,3.42,0.106,0.158,1.74,,,Ⅳ
2024-07-25T16:00:00+08:00,1721894400,35.3,7.6,4.14,345.2,46.2,3.21,0.111,0.163,1.77,,,Ⅳ
2024-07-25T20:00:00+08:00,1721908800,35.0,7.57,3.85,346.3,42.8,3.03,0.098,0.164,1.81,,,Ⅳ
2024-07-26T04:00:00+08:00,1721937600,34.3,7.55,3.59,347.0,36.1,3.0,0.119,0.164,1.82,,,Ⅳ
2024-07-26T12:00:00+08:00,1721966400,34.0,7.58,3.71,345.9,45.1,3.23,0.126,0.177,1.88,,,Ⅳ
2024-07-26T16:00:00+08:00,1721980800,34.0,7.6,3.89,346.0,41.6,3.1,0.118,0.176,1.88,,,Ⅳ
2024-07-26T20:00:00+08:00,1721995200,33.7,7.58,3.57,347.1,45.7,3.02,0.132,0.174,1.89,,,Ⅳ
2024-07-27T04:00:00+08:00,1722024000,33.1,7.56,3.7,348.2,41.4,3.23,0.136,0.184,1.95,,,Ⅳ
2024-07-27T08:00:00+08:00,1722038400,33.1,7.64,3.81,348.7,46.3,3.63,0.138,0.184,1.93,,,Ⅳ
2024-07-27T12:00:00+08:00,1722052800,33.4,7.68,4.23,347.3,45.2,3.23,0.138,0.185,1.94,,,Ⅳ
2024-07-27T16:00:00+08:00,1722067200,33.3,7.65,4.21,347.4,43.1,3.11,0.132,0.183,1.94,,,Ⅳ
2024-07-27T20:00:00+08:00,1722081600,33.2,7.67,4.0,347.2,47.5,3.11,0.132,0.183,1.94,,,Ⅳ
2024-07-28T04:00:00+08:00,1722110400,32.7,7.64,3.94,348.6,42.2,3.09,0.135,0.182,1.94,,,Ⅳ
2024-07-28T08:00:00+08:00,1722124800,32.8,7.65,3.76,349.6,43.3,3.53,0.137,0.184,1.93,,,Ⅳ
2024-07-29T08:00:00+08:00,1722211200,33.2,7.58,3.15,349.1,39.4,2.93,0.141,0.179,1.96,,,Ⅳ
2024-07-29T12:00:00+08:00,1722225600,34.1,7.76,4.02,348.9,27.2,0.25,0.14,0.179,1.98,,,Ⅳ
2024-07-29T20:00:00+08:00,1722254400,34.5,7.63,3.21,350.0,30.6,2.79,0.111,0.167,1.92,,,Ⅳ
2024-07-30T04:00:00+08:00,1722283200,33.6,7.55,2.67,351.2,30.1,2.89,0.149,0.174,1.99,,,Ⅴ
2024-07-30T08:00:00+08:00,1722297600,33.6,7.55,2.59,351.4,30.1,2.94,0.154,0.173,2.04,,,Ⅴ
2024-07-30T12:00:00+08:00,1722312000,34.5,7.58,3.19,352.4,27.4,3.32,0.141,0.173,2.02,,,Ⅳ
2024-07-30T16:00:00+08:00,1722326400,35.0,7.61,3.26,352.2,28.2,3.12,0.128,0.172,2.01,,,Ⅳ
2024-07-31T12:00:00+08:00,1722398400,34.9,7.52,2.7,359.2,25.6,3.02,0.189,0.169,1.8,,,Ⅴ
2024-07-31T20:00:00+08:00,1722427200,36.1,7.99,5.92,364.9,24.9,2.63,0.789,0.16,8.38,,,Ⅲ
2024-08-01T04:00:00+08:00,1722456000,35.7,7.71,4.24,370.4,23.6,2.82,0.025,0.156,1.67,,,Ⅳ
2024-08-01T08:00:00+08:00,1722470400,35.7,7.65,3.95,374.9,23.0,2.62,0.056,0.151,1.64,,,Ⅳ
2024-08-01T12:00:00+08:00,1722484800,36.2,7.67,4.3,382.2,22.5,3.39,0.055,0.153,1.63,,,Ⅳ
2024-08-01T16:00:00+08:00,1722499200,38.5,8.64,8.39,387.0,19.7,2.97,0.025,0.156,1.67,,,Ⅳ
2024-08-01T20:00:00+08:00,1722513600,38.0,8.8,9.4,412.9,24.4,3.51,0.055,0.146,1.81,,,Ⅲ
2024-08-02T00:00:00+08:00,1722528000,37.1,8.42,7.41,431.1,23.1,3.61,0.025,0.144,1.9,,,Ⅲ
2024-08-02T12:00:00+08:00,1722571200,37.2,8.52,8.47,481.5,18.3,3.58,0.047,0.135,2.17,,,Ⅳ
2024-08-02T16:00:00+08:00,1722585600,38.4,8.96,10.41,424.9,14.3,3.72,0.05,0.133,2.15,,,Ⅲ
2024-08-02T20:00:00+08:00,1722600000,37.5,8.75,9.11,447.7,12.9,3.99,0.025,0.117,1.74,,,Ⅲ
2024-08-03T00:00:00+08:00,1722614400,37.2,8.61,8.5,458.7,11.7,3.12,0.036,0.111,2.02,,,Ⅲ
2024-08-03T08:00:00+08:00,1722643200,36.7,7.94,5.66,452.8,14.1,2.81,0.038,0.108,2.04,,,Ⅲ
2024-08-03T12:00:00+08:00,1722657600,37.6,8.25,7.25,440.4,12.0,3.28,0.038,0.112,2.02,,,Ⅲ
2024-08-03T16:00:00+08:00,1722672000,38.3,8.73,9.62,425.0,11.8,2.83,0.029,0.112,1.93,,,Ⅲ
2024-08-03T20:00:00+08:00,1722686400,37.8,8.41,8.05,414.8,15.6,3.03,0.028,0.112,1.79,,,Ⅲ
2024-08-04T04:00:00+08:00,1722715200,36.4,7.6,3.65,417.9,18.4,2.8,0.051,0.115,1.88,,,Ⅳ
2024-08-04T08:00:00+08:00,1722729600,36.5,7.75,4.55,416.1,19.8,2.81,0.056,0.12,1.92,,,Ⅳ
2024-08-05T08:00:00+08:00,1722816000,36.6,7.74,3.95,428.1,19.5,3.3,0.064,0.125,1.87,,,Ⅳ
2024-08-05T08:46:00+08:00,1722818760,,,,,,,,,,,,
2024-08-05T20:00:00+08:00,1722859200,36.9,7.92,4.92,433.3,21.3,2.97,0.059,0.129,1.9,,,Ⅳ
2024-08-06T04:00:00+08:00,1722888000,36.2,7.72,3.32,440.4,26.7,3.08,0.062,0.14,1.94,,,Ⅳ
2024-08-06T08:00:00+08:00,1722902400,36.2,7.65,2.6,443.1,28.4,3.04,0.072,0.146,1.98,,,Ⅴ
2024-08-06T12:00:00+08:00,1722916800,37.1,7.76,3.63,442.9,17.3,3.38,0.085,0.156,2.02,,,Ⅳ
2024-08-06T16:00:00+08:00,1722931200,37.6,7.91,4.35,437.6,17.1,3.18,0.07,0.156,2.02,,,Ⅳ
2024-08-06T20:00:00+08:00,1722945600,36.8,7.67,2.81,437.2,20.8,2.7,0.058,0.15,1.99,,,Ⅴ
2024-08-07T04:00:00+08:00,1722974400,35.7,7.57,1.78,434.0,21.7,2.76,0.086,0.16,2.07,,,劣Ⅴ
2024-08-07T08:00:00+08:00,1722988800,36.1,7.64,2.47,434.8,20.4,2.76,0.08,0.164,2.04,,,Ⅴ
2024-08-07T16:00:00+08:00,1723017600,37.3,7.86,4.0,432.2,17.4,2.72,0.056,0.156,2.01,,,Ⅳ
2024-08-07T20:00:00+08:00,1723032000,37.2,7.76,3.56,430.8,22.2,2.89,0.068,0.159,2.01,,,Ⅳ
2024-08-08T04:00:00+08:00,1723060800,36.5,7.66,2.73,432.4,20.9,2.95,0.067,0.157,2.1,,,Ⅴ
2024-08-08T20:00:00+08:00,1723118400,36.9,7.86,4.21,439.4,18.1,2.75,0.053,0.147,2.1,,,Ⅳ
2024-08-09T04:00:00+08:00,1723147200,36.5,7.65,2.81,447.0,18.3,2.83,0.062,0.151,2.09,,,Ⅴ
2024-08-10T12:00:00+08:00,1723262400,37.4,7.68,3.39,461.5,7.8,2.78,0.062,0.141,2.03,,,Ⅳ
2024-08-11T20:00:00+08:00,1723377600,38.5,8.32,7.22,469.1,19.7,3.39,0.066,0.156,2.06,,,Ⅲ
2024-08-12T04:00:00+08:00,1723406400,36.8,7.61,3.42,471.5,23.0,2.97,0.084,0.133,1.98,,,Ⅳ
2024-08-12T12:00:00+08:00,1723435200,38.1,7.73,4.35,470.8,24.6,3.62,0.084,0.138,1.93,,,Ⅳ
2024-08-13T04:00:00+08:00,1723492800,36.6,7.49,2.36,471.2,21.5,2.79,0.094,0.138,1.93,,,Ⅴ
2024-08-13T08:00:00+08:00,1723507200,36.5,7.49,2.01,471.0,21.8,3.2,0.099,0.136,1.88,,,Ⅴ
2024-08-13T16:00:00+08:00,1723536000,36.3,7.47,2.02,471.4,19.1,2.7,0.1,0.136,1.92,,,Ⅴ
2024-08-13T20:00:00+08:00,1723550400,36.0,7.45,1.95,472.0,22.4,2.58,0.107,0.136,1.95,,,劣Ⅴ
2024-08-14T04:00:00+08:00,1723579200,35.5,7.41,1.88,468.7,23.3,2.62,0.112,0.141,2.0,,,劣Ⅴ
2024-08-14T12:00:00+08:00,1723608000,36.4,7.56,2.89,467.0,15.3,2.64,0.041,0.138,1.89,,,Ⅴ
2024-08-14T16:00:00+08:00,1723622400,36.7,7.54,2.78,467.2,12.4,2.5,0.094,0.135,1.9,,,Ⅴ
2024-08-14T20:00:00+08:00,1723636800,35.7,7.52,2.03,465.6,28.5,2.62,0.123,0.142,2.0,,,Ⅴ
2024-08-15T04:00:00+08:00,1723665600,35.5,7.49,2.01,468.4,20.9,2.54,0.119,0.141,1.99,,,Ⅴ
2024-08-15T12:00:00+08:00,1723694400,35.7,7.53,2.21,471.2,17.0,2.55,0.164,0.143,2.0,,,Ⅴ
2024-08-15T16:00:00+08:00,1723708800,35.3,7.57,2.28,470.4,40.9,2.76,0.15,0.151,2.06,,,Ⅴ
2024-08-15T20:00:00+08:00,1723723200,35.3,7.56,2.61,472.3,16.2,2.81,0.201,0.143,2.11,,,Ⅴ
2024-08-16T04:00:00+08:00,1723752000,34.8,7.5,1.87,469.9,18.4,2.76,0.22,0.146,2.2,,,劣Ⅴ
2024-08-16T08:00:00+08:00,1723766400,34.9,7.49,1.72,467.2,22.0,3.53,0.239,0.15,2.19,,,劣Ⅴ
2024-08-16T12:00:00+08:00,1723780800,35.8,7.59,3.2,465.9,21.7,3.74,0.271,0.153,2.23,,,Ⅳ
2024-08-16T16:00:00+08:00,1723795200,35.8,7.57,3.12,461.5,17.9,2.87,0.157,0.139,2.13,,,Ⅳ
2024-08-16T20:00:00+08:00,1723809600,35.3,7.51,2.42,456.0,22.3,2.72,0.182,0.138,2.1,,,Ⅴ
2024-08-17T04:00:00+08:00,1723838400,34.9,7.44,1.93,453.5,21.0,2.77,0.178,0.141,2.2,,,劣Ⅴ
2024-08-17T08:00:00+08:00,1723852800,35.0,7.46,2.0,452.8,24.9,3.47,0.168,0.146,2.11,,,Ⅴ
2024-08-17T12:00:00+08:00,1723867200,35.7,7.58,2.91,456.0,23.1,2.89,0.138,0.144,2.07,,,Ⅴ
2024-08-17T16:00:00+08:00,1723881600,35.5,7.65,3.74,457.1,20.8,2.89,0.14,0.141,2.1,,,Ⅳ
2024-08-17T20:00:00+08:00,1723896000,35.6,7.57,3.12,454.6,22.3,2.79,0.078,0.138,2.06,,,Ⅳ
2024-08-18T20:00:00+08:00,1723982400,35.5,7.56,3.42,451.2,20.7,2.79,0.099,0.126,2.1,,,Ⅳ
2024-08-19T04:00:00+08:00,1724011200,34.9,7.54,3.03,449.9,19.9,2.76,0.086,0.123,1.33,,,Ⅳ
2024-08-19T08:00:00+08:00,1724025600,34.9,7.4,3.07,452.8,23.0,2.76,0.088,0.124,2.15,,,Ⅳ
2024-08-19T12:00:00+08:00,1724040000,35.7,7.54,4.17,451.9,17.1,3.35,0.086,0.117,,,,Ⅳ
2024-08-19T16:00:00+08:00,1724054400,35.6,7.62,4.11,451.3,21.2,2.7,0.079,0.109,,,,Ⅳ
2024-08-19T20:00:00+08:00,1724068800,35.4,7.62,3.9,448.4,24.3,3.16,0.072,0.109,,,,Ⅳ
2024-08-20T04:00:00+08:00,1724097600,34.8,7.59,3.36,445.9,25.6,2.51,0.071,0.117,1.56,,,Ⅳ
2024-08-20T08:00:00+08:00,1724112000,34.8,7.6,3.3,445.4,27.4,2.44,0.076,0.12,1.65,,,Ⅳ
2024-08-20T12:00:00+08:00,1724126400,35.7,7.72,4.4,445.2,23.8,,0.076,0.126,0.05,,,
2024-08-20T16:00:00+08:00,1724140800,35.1,7.67,3.97,442.7,22.6,2.73,0.065,0.126,0.05,,,Ⅳ
2024-08-21T04:00:00+08:00,1724184000,34.6,7.58,2.77,441.7,24.0,,0.076,0.121,0.56,,,
2024-08-21T08:00:00+08:00,1724198400,34.7,7.6,2.75,440.6,23.2,,0.082,0.125,0.05,,,
2024-08-21T12:00:00+08:00,1724212800,35.2,7.71,4.1,441.5,17.2,,0.075,0.126,1.71,,,
2024-08-21T16:00:00+08:00,1724227200,34.5,7.68,3.38,437.6,22.5,,0.052,0.119,,,,
2024-08-21T20:00:00+08:00,1724241600,34.4,7.66,3.22,435.3,22.0,2.91,0.067,0.118,1.94,,,Ⅳ
2024-08-22T04:00:00+08:00,1724270400,34.0,7.52,2.26,433.4,23.0,2.24,0.067,0.123,1.98,,,Ⅴ
2024-08-22T08:00:00+08:00,1724284800,34.0,7.55,2.44,431.8,23.4,2.28,0.077,0.127,2.01,,,Ⅴ
2024-08-22T16:00:00+08:00,1724313600,35.7,7.79,4.47,431.1,20.3,2.5,0.059,0.133,2.02,,,Ⅳ
2024-08-22T20:00:00+08:00,1724328000,34.9,7.59,2.54,430.6,19.0,2.31,0.051,0.12,1.96,,,Ⅴ
2024-08-23T04:00:00+08:00,1724356800,34.4,7.62,2.93,405.9,21.8,2.11,0.043,0.116,1.96,,,Ⅴ
2024-08-23T08:00:00+08:00,1724371200,34.4,7.6,2.78,396.4,22.5,1.86,0.045,0.111,1.98,,,Ⅴ
2024-08-23T12:00:00+08:00,1724385600,35.3,7.73,4.53,403.4,13.3,2.73,0.025,0.115,1.98,,,Ⅳ
2024-08-23T16:00:00+08:00,1724400000,35.4,7.7,4.35,404.7,12.7,2.11,0.06,0.105,1.92,,,Ⅳ
2024-08-23T20:00:00+08:00,1724414400,35.2,7.65,4.08,399.1,18.4,,0.069,0.1,1.91,,,
2024-08-24T04:00:00+08:00,1724443200,34.6,7.6,3.49,394.1,17.7,1.95,0.066,0.098,1.95,,,Ⅳ
2024-08-24T08:00:00+08:00,1724457600,34.5,7.54,3.2,394.0,18.9,2.72,0.068,0.105,1.95,,,Ⅳ
2024-08-24T12:00:00+08:00,1724472000,35.5,7.71,4.66,393.6,11.4,2.09,0.056,0.095,1.9,,,Ⅳ
2024-08-24T16:00:00+08:00,1724486400,35.9,7.9,5.78,393.9,12.1,2.03,0.032,0.09,1.89,,,Ⅲ
2024-08-24T20:00:00+08:00,1724500800,35.2,7.73,4.54,390.4,16.9,2.02,0.06,0.094,1.96,,,Ⅳ
2024-08-25T16:00:00+08:00,1724572800,36.1,8.28,7.33,383.6,11.8,2.04,0.029,0.083,1.79,,,Ⅱ
2024-08-25T20:00:00+08:00,1724587200,35.7,8.03,6.06,383.5,16.9,1.97,0.041,0.084,1.87,,,Ⅱ
2024-08-26T00:00:00+08:00,1724601600,35.1,7.83,4.9,382.7,16.4,1.85,0.04,0.084,1.83,,,Ⅳ
2024-08-26T04:00:00+08:00,1724616000,34.7,7.73,4.25,384.3,17.4,2.06,0.045,0.087,1.91,,,Ⅳ
2024-08-26T08:00:00+08:00,1724630400,34.7,7.66,3.96,384.5,23.2,2.78,0.066,0.099,1.89,,,Ⅳ
2024-08-26T12:00:00+08:00,1724644800,35.7,7.99,5.84,383.9,14.0,1.98,0.025,0.089,1.82,,,Ⅲ
2024-08-26T16:00:00+08:00,1724659200,35.7,8.0,6.03,384.1,15.2,1.91,0.033,0.083,1.84,,,Ⅱ
2024-08-26T20:00:00+08:00,1724673600,35.4,7.85,5.2,383.7,19.2,2.08,0.042,0.089,1.89,,,Ⅲ
2024-08-27T00:00:00+08:00,1724688000,35.3,7.81,4.89,382.3,18.4,2.03,0.044,0.089,1.86,,,Ⅳ
2024-08-27T04:00:00+08:00,1724702400,35.0,7.7,4.16,383.6,19.5,1.98,0.06,0.091,1.84,,,Ⅳ
2024-08-27T08:00:00+08:00,1724716800,35.0,7.69,3.79,384.4,16.1,2.77,0.054,0.091,1.82,,,Ⅳ
2024-08-27T12:00:00+08:00,1724731200,35.0,7.78,4.53,382.3,17.5,2.02,0.048,0.097,1.81,,,Ⅳ
2024-08-27T16:00:00+08:00,1724745600,34.6,7.71,4.1,384.1,17.6,2.13,0.055,0.092,1.81,,,Ⅳ
2024-08-27T20:00:00+08:00,1724760000,34.4,8.0,3.78,384.1,19.5,,0.075,0.096,1.84,,,
2024-08-28T00:00:00+08:00,1724774400,34.2,8.0,3.39,384.5,20.3,,0.08,0.098,1.88,,,
2024-08-28T04:00:00+08:00,1724788800,33.9,7.6,2.93,385.5,19.8,1.81,0.097,0.1,1.86,,,Ⅴ
2024-08-28T08:00:00+08:00,1724803200,33.6,7.57,2.83,386.5,18.7,2.88,0.092,0.102,1.85,,,Ⅴ
2024-08-28T12:00:00+08:00,1724817600,34.4,8.0,3.71,386.3,17.3,1.95,0.1,0.113,1.89,,,Ⅳ
2024-08-28T16:00:00+08:00,1724832000,34.5,8.0,3.7,379.7,19.1,2.04,0.098,0.107,2.0,,,Ⅳ
2024-08-28T20:00:00+08:00,1724846400,34.0,8.0,3.15,380.4,18.9,2.02,0.034,0.102,1.98,,,Ⅴ
2024-08-29T00:00:00+08:00,1724860800,33.8,8.0,3.03,380.8,19.6,2.14,0.105,0.104,1.99,,,Ⅳ
2024-08-29T04:00:00+08:00,1724875200,33.9,8.0,3.4,381.6,17.6,1.97,0.091,0.1,1.95,,,Ⅳ
2024-08-29T12:00:00+08:00,1724904000,34.7,8.0,3.76,380.8,16.1,2.86,0.083,0.101,1.86,,,Ⅳ
2024-08-29T16:00:00+08:00,1724918400,34.7,8.0,3.38,380.6,12.7,1.93,0.077,0.098,1.9,,,Ⅳ
2024-08-29T20:00:00+08:00,1724932800,34.2,8.0,2.91,377.5,14.9,1.94,0.082,0.097,1.87,,,Ⅴ
2024-08-30T04:00:00+08:00,1724961600,33.6,8.0,2.41,384.5,17.4,2.4,0.101,0.103,1.93,,,Ⅴ
2024-08-30T08:00:00+08:00,1724976000,33.6,7.0,1.99,388.0,15.6,2.13,0.089,0.102,1.93,,,劣Ⅴ
2024-08-30T12:00:00+08:00,1724990400,34.7,8.0,3.95,384.9,13.4,3.18,0.11,0.109,1.9,,,Ⅴ
2024-08-30T16:00:00+08:00,1725004800,35.2,8.0,4.19,383.7,10.7,3.66,0.028,0.102,1.9,,,Ⅴ
2024-09-02T04:00:00+08:00,1725220800,34.4,8.0,3.33,392.2,15.1,2.96,0.025,0.105,1.8,,,Ⅴ
2024-09-02T08:00:00+08:00,1725235200,34.4,8.0,3.26,393.0,12.9,,0.025,0.107,1.75,,,
2024-09-02T12:00:00+08:00,1725249600,35.0,8.0,5.05,387.4,11.4,3.31,0.025,0.106,1.8,,,Ⅴ
2024-09-02T16:00:00+08:00,1725264000,34.7,8.0,4.63,386.1,8.3,2.86,0.025,0.094,1.76,,,Ⅳ
2024-09-02T20:00:00+08:00,1725278400,34.8,8.0,5.28,388.0,13.9,,0.025,0.1,1.81,,,
2024-09-03T00:00:00+08:00,1725292800,34.5,8.0,4.51,390.9,18.6,2.96,0.025,0.104,1.82,,,Ⅳ
2024-09-03T04:00:00+08:00,1725307200,34.2,8.0,3.34,391.4,16.1,3.06,0.025,0.109,1.9,,,Ⅳ
2024-09-03T08:00:00+08:00,1725321600,34.0,8.0,2.99,391.9,16.0,3.66,0.025,0.109,1.89,,,Ⅴ
2024-09-03T12:00:00+08:00,1725336000,34.1,8.0,3.37,391.9,13.3,3.06,0.025,0.117,1.94,,,Ⅳ
2024-09-03T16:00:00+08:00,1725350400,34.7,8.0,5.72,390.7,11.5,3.1,0.025,0.108,1.86,,,Ⅴ
2024-09-03T20:00:00+08:00,1725364800,34.3,8.0,5.16,389.6,10.3,3.6,0.025,0.1,1.83,,,Ⅲ
2024-09-04T00:00:00+08:00,1725379200,33.9,8.0,4.02,390.7,13.3,3.06,0.025,0.103,1.89,,,Ⅳ
2024-09-04T04:00:00+08:00,1725393600,33.6,8.0,3.33,391.4,15.9,3.02,0.025,0.111,1.91,,,Ⅳ
2024-09-04T08:00:00+08:00,1725408000,33.5,8.0,2.95,391.6,15.0,3.64,0.025,0.117,1.89,,,Ⅴ
2024-09-04T12:00:00+08:00,1725422400,34.7,8.0,4.96,388.4,10.2,3.04,0.025,0.113,1.83,,,Ⅳ
2024-09-04T16:00:00+08:00,1725436800,34.8,8.0,5.07,388.6,10.3,3.66,0.025,0.098,1.94,,,Ⅲ
2024-09-04T20:00:00+08:00,1725451200,34.4,8.0,3.58,393.4,16.8,,0.025,0.108,1.94,,,
2024-09-05T00:00:00+08:00,1725465600,33.8,8.0,2.82,399.9,19.0,2.58,0.025,0.111,1.89,,,Ⅴ
2024-09-05T04:00:00+08:00,1725480000,33.5,8.0,2.57,400.2,18.6,2.7,0.025,0.11,1.94,,,Ⅴ
2024-09-05T08:00:00+08:00,1725494400,33.5,8.0,2.44,400.3,16.1,3.42,0.025,0.117,1.9,,,Ⅴ
2024-09-05T12:00:00+08:00,1725508800,34.4,8.0,3.62,397.7,10.4,2.68,0.025,0.114,1.91,,,Ⅳ
2024-09-05T16:00:00+08:00,1725523200,34.7,8.0,4.22,396.7,10.2,2.56,0.025,0.105,1.89,,,Ⅳ
2024-09-05T20:00:00+08:00,1725537600,34.4,8.0,4.04,397.8,14.0,2.66,0.025,0.107,1.85,,,Ⅳ
2024-09-08T20:00:00+08:00,1725796800,34.4,8.0,4.29,410.4,18.9,2.58,0.025,0.095,1.91,,,Ⅳ
2024-09-09T04:00:00+08:00,1725825600,33.8,8.0,3.35,411.8,18.4,2.92,0.025,0.102,1.86,,,Ⅳ
2024-09-09T08:00:00+08:00,1725840000,33.7,8.0,3.22,412.1,16.7,,0.025,0.1,1.79,,,
2024-09-09T12:00:00+08:00,1725854400,34.7,8.0,4.69,408.9,15.5,2.48,0.025,0.097,1.81,,,Ⅳ
2024-09-09T16:00:00+08:00,1725868800,35.2,8.0,4.98,409.1,13.5,2.64,0.025,0.092,1.82,,,Ⅳ
2024-09-09T20:00:00+08:00,1725883200,34.6,8.0,4.34,416.2,17.7,2.78,0.025,0.091,1.75,,,Ⅳ
2024-09-10T04:00:00+08:00,1725912000,34.0,8.0,3.3,424.1,16.7,3.07,0.025,0.096,1.72,,,Ⅳ
2024-09-10T08:00:00+08:00,1725926400,34.1,8.0,2.97,430.2,18.3,3.72,0.025,0.098,1.74,,,Ⅴ
2024-09-10T12:00:00+08:00,1725940800,34.7,8.0,4.36,427.7,13.6,3.07,0.025,0.102,1.76,,,Ⅳ
2024-09-10T16:00:00+08:00,1725955200,34.4,8.0,4.02,429.5,14.4,2.82,0.025,0.093,1.71,,,Ⅳ
2024-09-10T20:00:00+08:00,1725969600,34.2,8.0,3.4,437.2,18.3,2.94,0.025,0.095,1.76,,,Ⅳ
2024-09-11T04:00:00+08:00,1725998400,33.6,8.0,2.59,428.6,20.6,3.14,0.025,0.109,1.82,,,Ⅴ
2024-09-11T08:00:00+08:00,1726012800,33.3,8.0,1.85,430.6,20.2,3.9,0.025,0.114,1.87,,,劣Ⅴ
2024-09-11T12:00:00+08:00,1726027200,34.3,8.0,3.63,420.7,17.2,3.18,0.025,0.122,1.87,,,Ⅳ
2024-09-11T16:00:00+08:00,1726041600,33.7,8.0,3.84,419.2,19.3,3.96,0.08,0.11,1.93,,,Ⅳ
2024-09-11T20:00:00+08:00,1726056000,33.2,8.0,3.36,409.3,20.6,3.1,0.148,0.12,2.05,,,Ⅳ
2024-09-12T04:00:00+08:00,1726084800,32.9,7.0,2.98,399.1,22.1,3.43,0.171,0.131,2.26,,,Ⅴ
2024-09-12T08:00:00+08:00,1726099200,32.8,7.0,2.8,396.2,22.7,3.92,0.05,0.135,2.31,,,Ⅴ
2024-09-12T12:00:00+08:00,1726113600,33.4,8.0,3.9,394.3,15.7,3.06,0.036,0.138,2.36,,,Ⅳ
2024-09-12T16:00:00+08:00,1726128000,33.7,8.0,3.24,397.2,13.9,3.06,0.123,0.137,2.54,,,Ⅳ
2024-09-12T20:00:00+08:00,1726142400,33.3,7.0,2.5,391.5,18.9,3.2,0.2,0.135,2.51,,,Ⅴ
2024-09-13T04:00:00+08:00,1726171200,32.6,7.0,1.9,377.9,16.4,3.1,0.24,0.133,2.43,,,劣Ⅴ
2024-09-13T16:00:00+08:00,1726214400,34.1,8.0,3.2,379.0,13.1,3.3,0.13,0.126,2.32,,,Ⅳ
2024-09-13T20:00:00+08:00,1726228800,33.8,7.0,2.8,381.9,17.5,3.2,0.17,0.133,2.5,,,Ⅴ
2024-09-14T04:00:00+08:00,1726257600,33.2,7.0,2.3,389.0,17.4,3.5,0.18,0.147,2.73,,,Ⅴ
2024-09-14T08:00:00+08:00,1726272000,33.1,7.0,2.0,389.9,16.7,4.2,0.15,0.15,2.65,,,Ⅴ
2024-09-14T12:00:00+08:00,1726286400,34.5,8.0,3.5,386.4,12.6,3.3,0.06,0.14,2.59,,,Ⅳ
2024-09-14T16:00:00+08:00,1726300800,34.2,7.0,2.6,389.6,10.3,3.3,0.11,0.138,2.65,,,Ⅴ
2024-09-14T20:00:00+08:00,1726315200,34.4,8.0,4.3,386.5,15.1,3.4,0.05,0.131,2.63,,,Ⅳ
2024-09-15T04:00:00+08:00,1726344000,33.4,8.0,2.8,391.0,18.2,3.3,0.1,0.139,2.82,,,Ⅴ
2024-09-15T08:00:00+08:00,1726358400,33.4,7.0,2.3,391.9,14.9,4.2,0.08,0.14,2.76,,,Ⅴ
2024-09-15T12:00:00+08:00,1726372800,33.6,8.0,3.0,392.6,15.9,3.2,0.02,0.144,2.88,,,Ⅳ
2024-09-15T16:00:00+08:00,1726387200,34.3,8.0,4.0,391.6,11.4,3.3,0.02,0.13,2.84,,,Ⅳ
2024-09-15T20:00:00+08:00,1726401600,34.0,8.0,4.3,391.1,12.5,3.5,0.02,0.125,2.76,,,Ⅳ
2024-09-16T04:00:00+08:00,1726430400,33.0,8.0,3.4,392.1,17.6,3.4,0.02,0.128,2.82,,,Ⅳ
2024-09-16T08:00:00+08:00,1726444800,32.6,8.0,3.2,385.1,19.6,4.2,0.04,0.131,2.68,,,Ⅳ
2024-09-16T12:00:00+08:00,1726459200,32.5,8.0,3.4,380.8,18.6,3.3,0.05,0.135,2.79,,,Ⅳ
2024-09-16T16:00:00+08:00,1726473600,32.2,8.0,3.8,377.2,28.2,3.2,0.03,0.138,2.74,,,Ⅳ
2024-09-16T20:00:00+08:00,1726488000,29.8,8.0,5.9,,0.6,,,,,,,
2024-09-17T04:00:00+08:00,1726516800,29.7,7.0,3.4,270.7,211.8,6.2,0.26,0.471,6.05,,,劣Ⅴ
2024-09-17T08:00:00+08:00,1726531200,29.9,7.0,3.2,266.3,148.8,6.0,0.2,0.414,5.11,,,劣Ⅴ
2024-09-17T12:00:00+08:00,1726545600,30.8,7.0,3.0,291.9,111.1,5.0,0.15,0.343,4.53,,,Ⅴ
2024-09-17T20:00:00+08:00,1726574400,31.2,7.0,2.8,309.9,62.1,4.3,0.08,0.277,4.22,,,Ⅴ
2024-09-18T04:00:00+08:00,1726603200,30.8,7.0,2.1,319.7,43.2,4.2,0.07,0.29,4.35,,,Ⅴ
2024-09-18T08:00:00+08:00,1726617600,30.8,7.0,2.2,327.1,49.5,5.0,0.09,0.303,4.14,,,Ⅴ
2024-09-18T12:00:00+08:00,1726632000,31.5,7.0,2.2,331.0,44.0,4.5,0.08,0.296,4.07,,,Ⅴ
2024-09-18T16:00:00+08:00,1726646400,32.1,7.0,2.4,331.2,42.6,,0.02,0.005,,,,
2024-09-18T20:00:00+08:00,1726660800,32.0,7.0,2.4,329.2,38.0,4.0,0.03,0.281,4.1,,,Ⅴ
2024-09-19T08:00:00+08:00,1726704000,30.0,8.0,4.7,,18.5,4.2,0.03,0.288,4.3,,,Ⅳ
2024-09-19T12:00:00+08:00,1726718400,31.6,7.0,2.6,314.7,48.0,,,,,,,
2024-09-20T04:00:00+08:00,1726776000,31.7,7.0,2.8,295.6,76.5,3.6,0.06,0.193,2.73,,,Ⅴ
2024-09-20T08:00:00+08:00,1726790400,31.6,7.0,2.0,296.3,63.6,4.5,0.04,0.193,2.64,,,Ⅴ
2024-09-20T12:00:00+08:00,1726804800,31.7,7.0,2.2,295.9,63.3,3.6,0.02,0.195,2.79,,,Ⅴ
2024-09-20T16:00:00+08:00,1726819200,31.8,7.0,2.6,301.6,62.1,3.6,0.04,0.204,2.97,,,Ⅴ
2024-09-20T20:00:00+08:00,1726833600,31.5,7.0,1.6,293.0,48.2,3.7,0.02,0.194,2.8,,,劣Ⅴ
2024-09-21T00:00:00+08:00,1726848000,31.4,7.0,1.5,298.1,48.2,3.8,0.02,0.203,2.83,,,劣Ⅴ
2024-09-21T04:00:00+08:00,1726862400,31.2,7.0,1.3,301.8,46.5,3.9,0.02,0.221,2.95,,,劣Ⅴ
2024-09-21T08:00:00+08:00,1726876800,31.0,7.0,1.6,299.7,65.6,4.9,0.02,0.243,2.86,,,劣Ⅴ
2024-09-21T12:00:00+08:00,1726891200,31.0,7.0,2.4,304.5,81.5,4.5,0.04,0.257,3.01,,,Ⅴ
2024-09-21T16:00:00+08:00,1726905600,30.6,7.0,2.3,308.2,50.6,4.2,0.02,0.241,3.22,,,Ⅴ
2024-09-21T20:00:00+08:00,1726920000,30.2,7.0,2.1,308.6,50.6,4.3,0.02,0.239,3.26,,,Ⅴ
2024-09-22T00:00:00+08:00,1726934400,29.9,7.0,1.9,309.8,42.3,4.2,0.02,0.241,3.26,,,劣Ⅴ
2024-09-22T04:00:00+08:00,1726948800,29.5,7.0,2.0,309.4,43.5,4.2,0.02,0.239,3.29,,,Ⅴ
2024-09-22T08:00:00+08:00,1726963200,29.2,7.0,2.6,309.9,43.8,4.9,0.02,0.246,3.19,,,Ⅴ
2024-09-22T16:00:00+08:00,1726992000,29.9,7.0,3.2,308.8,41.0,4.2,0.02,0.236,3.13,,,Ⅳ
2024-09-22T20:00:00+08:00,1727006400,29.5,7.0,2.5,309.2,37.7,3.8,0.02,0.215,2.95,,,Ⅴ
2024-09-23T04:00:00+08:00,1727035200,28.8,7.0,1.9,309.2,36.8,3.9,0.02,0.213,2.91,,,劣Ⅴ
2024-09-23T12:00:00+08:00,1727064000,29.8,7.0,3.2,311.1,33.9,4.6,0.02,0.215,2.93,,,Ⅳ
2024-09-23T16:00:00+08:00,1727078400,30.2,8.0,5.1,311.0,29.6,3.7,0.02,0.215,2.93,,,Ⅳ
2024-09-23T20:00:00+08:00,1727092800,30.0,8.0,3.9,313.7,28.5,3.9,0.02,0.207,2.91,,,Ⅳ
2024-09-24T04:00:00+08:00,1727121600,28.8,7.0,2.8,310.2,31.4,3.6,0.02,0.202,2.87,,,Ⅴ
2024-09-24T08:00:00+08:00,1727136000,28.7,7.0,2.4,310.3,33.8,3.6,0.02,0.203,2.84,,,Ⅴ
2024-09-24T12:00:00+08:00,1727150400,29.3,8.0,4.5,310.2,27.9,4.6,0.02,0.211,2.83,,,Ⅳ
2024-09-24T16:00:00+08:00,1727164800,29.7,8.0,4.9,311.3,26.5,4.0,0.02,0.216,2.89,,,Ⅳ
2024-09-24T20:00:00+08:00,1727179200,29.3,8.0,4.8,310.4,21.9,3.8,0.02,0.204,2.76,,,Ⅳ
2024-09-25T00:00:00+08:00,1727193600,29.0,8.0,4.5,309.6,22.6,3.8,0.02,0.189,2.8,,,Ⅳ
2024-09-25T08:00:00+08:00,1727222400,28.8,7.0,2.9,311.3,37.8,3.7,0.02,0.186,2.72,,,Ⅴ
2024-09-25T12:00:00+08:00,1727236800,30.0,8.0,5.1,311.0,20.0,4.7,0.02,0.21,2.75,,,Ⅳ
2024-09-25T16:00:00+08:00,1727251200,30.0,8.0,4.4,313.0,21.4,3.8,0.02,0.203,2.71,,,Ⅳ
2024-09-25T20:00:00+08:00,1727265600,29.7,8.0,5.7,312.1,24.2,3.7,0.02,0.193,2.59,,,Ⅲ
2024-09-26T04:00:00+08:00,1727294400,29.3,8.0,4.9,311.5,23.7,3.5,0.02,0.179,2.65,,,Ⅳ
2024-09-26T08:00:00+08:00,1727308800,29.2,8.0,4.7,311.0,19.4,3.6,0.02,0.176,2.59,,,Ⅳ
2024-09-26T12:00:00+08:00,1727323200,29.4,8.0,5.4,310.8,27.2,4.4,0.02,0.18,2.59,,,Ⅲ
2024-09-27T08:00:00+08:00,1727395200,28.6,7.0,1.9,314.7,25.2,3.4,0.02,0.179,2.68,,,劣Ⅴ
2024-09-27T12:00:00+08:00,1727409600,29.1,7.0,2.8,314.4,21.5,4.3,0.02,0.179,2.58,,,Ⅴ
2024-09-27T16:00:00+08:00,1727424000,29.4,8.0,3.7,313.7,22.6,3.7,0.02,0.183,2.57,,,Ⅳ
2024-10-10T00:00:00+08:00,1728489600,25.1,8.0,4.6,344.0,23.0,3.3,0.02,0.099,2.12,,,Ⅳ
2024-10-10T04:00:00+08:00,1728504000,24.6,8.0,4.3,344.6,23.3,3.2,0.02,0.099,2.12,,,Ⅳ
2024-10-10T08:00:00+08:00,1728518400,24.3,8.0,4.6,344.4,23.5,4.2,0.02,0.099,2.07,,,Ⅳ
2024-10-10T12:00:00+08:00,1728532800,25.4,8.0,5.2,345.2,25.8,4.2,0.02,0.109,2.07,,,Ⅲ
2024-10-10T16:00:00+08:00,1728547200,26.3,8.0,6.4,345.8,17.5,3.5,0.02,0.098,2.12,,,Ⅱ
2024-10-10T20:00:00+08:00,1728561600,25.2,8.0,4.6,345.5,18.0,3.3,0.02,0.092,2.08,,,Ⅳ
2024-10-11T00:00:00+08:00,1728576000,24.9,8.0,4.4,345.4,17.8,3.2,0.02,0.089,2.08,,,Ⅳ
2024-10-11T04:00:00+08:00,1728590400,24.6,8.0,4.2,346.7,23.1,3.4,0.02,0.089,2.07,,,Ⅳ
2024-10-11T08:00:00+08:00,1728604800,24.3,8.0,4.3,346.9,21.3,4.3,0.02,0.093,2.04,,,Ⅳ
2024-10-11T12:00:00+08:00,1728619200,25.4,8.0,6.5,345.5,17.7,3.4,0.02,0.095,2.03,,,Ⅱ
2024-10-11T16:00:00+08:00,1728633600,25.5,8.0,5.9,346.4,18.7,3.4,0.02,0.087,2.02,,,Ⅲ
2024-10-12T00:00:00+08:00,1728662400,24.3,7.0,3.3,349.3,16.4,3.4,0.02,0.087,2.08,,,Ⅳ
2024-10-12T04:00:00+08:00,1728676800,24.1,8.0,3.8,348.3,22.9,3.3,0.02,0.088,2.1,,,Ⅳ
2024-10-12T16:00:00+08:00,1728720000,25.1,8.0,5.6,348.7,20.4,3.3,0.02,0.084,1.98,,,Ⅲ
2024-10-12T20:00:00+08:00,1728734400,24.7,8.0,4.2,355.2,19.1,3.3,0.02,0.082,2.09,,,Ⅳ
2024-10-13T00:00:00+08:00,1728748800,24.4,8.0,3.7,358.2,17.0,3.3,0.02,0.084,2.15,,,Ⅳ
2024-10-13T04:00:00+08:00,1728763200,24.3,7.0,3.4,356.6,17.1,3.4,0.02,0.086,2.2,,,Ⅳ
2024-10-13T12:00:00+08:00,1728792000,24.8,8.0,5.8,348.9,18.8,3.5,0.02,0.084,1.91,,,Ⅲ
2024-10-13T16:00:00+08:00,1728806400,25.1,8.0,5.8,349.6,19.4,,0.02,0.083,1.94,,,
2024-10-14T00:00:00+08:00,1728835200,24.8,8.0,4.3,354.0,15.0,,0.02,0.078,2.04,,,
2024-10-14T04:00:00+08:00,1728849600,24.7,8.0,4.3,352.9,21.2,2.6,0.02,0.08,2.05,,,Ⅳ
2024-10-14T12:00:00+08:00,1728878400,24.7,8.0,4.9,352.0,20.4,4.0,0.02,0.079,2.02,,,Ⅳ
2024-10-14T16:00:00+08:00,1728892800,25.3,8.0,6.1,355.7,18.3,3.0,0.02,0.085,1.94,,,Ⅱ
2024-10-21T08:00:00+08:00,1729468800,23.9,8.0,4.4,384.4,39.2,2.0,0.02,0.08,2.35,,,Ⅳ
2024-10-21T12:00:00+08:00,1729483200,24.6,7.0,5.3,390.6,19.0,3.2,0.02,0.08,,,,Ⅲ
2024-10-21T16:00:00+08:00,1729497600,24.6,7.0,5.8,392.8,14.4,2.1,0.02,0.089,2.32,,,Ⅲ
2024-10-21T20:00:00+08:00,1729512000,24.2,7.0,4.9,390.5,22.7,1.7,0.02,0.085,2.34,,,Ⅳ
2024-10-22T04:00:00+08:00,1729540800,23.9,7.0,4.6,392.2,20.5,1.7,0.02,0.077,2.32,,,Ⅳ
2024-10-22T12:00:00+08:00,1729569600,23.7,7.0,4.8,404.5,23.6,3.3,0.02,0.08,2.35,,,Ⅳ
2024-10-22T16:00:00+08:00,1729584000,23.5,7.0,4.7,407.5,18.8,8.3,0.02,0.087,2.4,,,Ⅳ
2024-10-23T04:00:00+08:00,1729627200,22.7,7.0,4.0,431.1,24.4,1.8,0.02,0.083,2.44,,,Ⅳ
2024-10-23T08:00:00+08:00,1729641600,22.4,7.0,4.0,453.1,24.4,1.7,0.02,0.087,2.52,,,Ⅳ
2024-10-23T12:00:00+08:00,1729656000,23.4,7.0,4.2,539.0,25.2,3.3,0.02,0.095,2.56,,,Ⅳ
2024-10-23T16:00:00+08:00,1729670400,24.0,7.0,5.3,482.0,21.9,2.0,0.07,0.102,2.67,,,Ⅲ
2024-10-23T20:00:00+08:00,1729684800,23.0,7.0,5.4,415.4,21.4,1.8,0.04,0.098,2.68,,,Ⅲ
2024-10-24T04:00:00+08:00,1729713600,22.2,7.0,4.4,476.0,19.7,2.0,0.02,0.078,2.46,,,Ⅳ
2024-10-24T08:00:00+08:00,1729728000,22.2,7.0,3.7,537.2,28.9,1.7,0.02,0.084,2.54,,,Ⅳ
2024-10-24T12:00:00+08:00,1729742400,22.9,7.0,5.3,468.7,21.8,3.5,0.05,0.094,2.68,,,Ⅲ
2024-10-24T16:00:00+08:00,1729756800,22.9,7.0,4.9,479.7,22.2,1.5,0.02,0.093,2.58,,,Ⅳ
2024-10-24T20:00:00+08:00,1729771200,22.5,7.0,4.4,506.2,22.2,1.6,0.02,0.087,2.55,,,Ⅳ
2024-10-25T04:00:00+08:00,1729800000,22.2,7.0,4.0,523.4,22.8,1.7,0.02,0.087,2.71,,,Ⅳ
2024-10-25T16:00:00+08:00,1729843200,23.2,7.0,5.1,480.0,19.9,3.8,0.02,0.095,2.66,,,Ⅲ
2024-10-25T20:00:00+08:00,1729857600,22.6,7.0,4.9,473.6,21.8,3.2,0.02,0.082,2.56,,,Ⅳ
2024-10-26T04:00:00+08:00,1729886400,22.5,7.0,4.4,480.1,18.0,1.7,0.02,0.074,2.39,,,Ⅳ
2024-10-26T08:00:00+08:00,1729900800,22.6,7.0,4.6,491.2,14.5,1.7,0.02,0.078,2.51,,,Ⅳ
2024-10-26T12:00:00+08:00,1729915200,22.8,7.0,4.8,503.7,17.6,3.4,0.02,0.077,2.52,,,Ⅳ
2024-10-26T16:00:00+08:00,1729929600,23.1,7.0,5.4,500.3,18.2,1.9,0.02,0.082,2.58,,,Ⅲ
2024-10-26T20:00:00+08:00,1729944000,23.0,7.0,5.0,492.2,18.9,1.7,0.02,0.081,2.57,,,Ⅲ
2024-10-27T04:00:00+08:00,1729972800,22.9,7.0,4.7,486.3,16.7,1.6,0.93,0.077,2.54,,,Ⅳ
2024-10-27T08:00:00+08:00,1729987200,22.8,7.0,4.8,492.2,15.9,1.6,0.02,0.074,2.53,,,Ⅳ
2024-10-27T12:00:00+08:00,1730001600,22.8,7.0,5.0,501.7,15.7,3.5,0.02,0.081,2.58,,,Ⅲ
2024-10-28T08:00:00+08:00,1730073600,22.4,7.0,4.8,475.6,20.0,3.7,0.02,0.083,2.54,,,Ⅳ
2024-10-28T12:00:00+08:00,1730088000,22.7,7.0,5.3,475.1,17.2,1.8,0.02,0.083,2.44,,,Ⅲ
2024-10-28T16:00:00+08:00,1730102400,23.0,7.0,5.2,540.6,15.5,1.4,0.02,0.087,2.79,,,Ⅲ
2024-10-28T20:00:00+08:00,1730116800,22.6,7.0,5.4,486.8,16.0,2.5,0.02,0.098,2.6,,,Ⅲ
2024-10-29T00:00:00+08:00,1730131200,22.5,7.0,5.5,479.1,14.5,2.0,0.02,0.085,2.5,,,Ⅲ
2024-10-29T04:00:00+08:00,1730145600,22.2,7.0,5.2,484.9,16.5,,,,,,,
2024-10-29T08:00:00+08:00,1730160000,22.2,7.0,5.2,482.7,20.6,9.7,,0.005,,,,
2024-10-29T12:00:00+08:00,1730174400,22.7,7.0,6.2,469.0,22.5,3.8,0.02,0.081,2.37,,,Ⅱ
2024-10-29T16:00:00+08:00,1730188800,23.7,7.0,7.0,525.2,13.8,3.3,0.02,0.005,,,,Ⅱ
2024-10-29T20:00:00+08:00,1730203200,23.1,7.0,6.7,513.4,15.1,3.8,0.19,0.036,2.54,,,Ⅱ
2024-10-30T00:00:00+08:00,1730217600,22.5,7.0,6.0,457.0,18.6,3.3,0.06,0.072,2.34,,,Ⅱ
2024-10-30T04:00:00+08:00,1730232000,22.1,7.0,5.8,457.0,16.8,3.3,0.06,0.072,2.34,,,Ⅲ
2024-10-30T08:00:00+08:00,1730246400,21.9,7.0,5.2,482.0,18.2,3.4,0.92,0.07,2.35,,,Ⅲ
2024-10-30T12:00:00+08:00,1730260800,22.8,7.0,6.8,482.3,22.6,1.8,0.02,0.076,2.4,,,Ⅱ
2024-10-30T16:00:00+08:00,1730275200,23.1,7.0,7.5,444.8,17.2,1.4,0.02,0.064,2.12,,,Ⅱ
2024-10-30T20:00:00+08:00,1730289600,22.2,7.0,5.4,480.0,20.9,1.6,0.03,0.064,2.27,,,Ⅲ
2024-10-31T00:00:00+08:00,1730304000,21.9,7.0,4.7,505.6,21.4,1.4,0.06,0.069,2.45,,,Ⅳ
2024-10-31T04:00:00+08:00,1730318400,21.8,7.0,4.5,505.1,20.2,1.6,0.06,0.073,2.47,,,Ⅳ
2024-10-31T12:00:00+08:00,1730347200,22.6,7.0,6.7,449.9,18.2,3.2,0.04,0.073,2.43,,,Ⅱ
2024-10-31T16:00:00+08:00,1730361600,22.4,7.0,6.4,447.2,17.6,1.7,0.02,0.072,2.14,,,Ⅱ
2024-10-31T20:00:00+08:00,1730376000,22.3,7.0,5.4,484.4,23.7,1.4,0.02,0.064,2.08,,,Ⅲ
2024-11-01T04:00:00+08:00,1730404800,21.9,7.0,5.8,483.1,25.5,,,,,,,
2024-11-01T08:00:00+08:00,1730419200,21.9,7.0,6.1,469.0,30.9,,,,,,,
2024-11-01T12:00:00+08:00,1730433600,21.1,7.0,5.6,434.0,284.7,7.2,0.42,0.387,6.19,,,Ⅴ
2024-11-02T08:00:00+08:00,1730505600,20.8,7.0,5.6,457.5,84.2,4.5,0.32,0.306,5.34,,,Ⅴ
2024-11-02T12:00:00+08:00,1730520000,21.6,8.0,6.3,458.0,60.7,5.3,0.4,0.331,5.55,,,Ⅴ
2024-11-04T12:00:00+08:00,1730692800,21.9,8.0,6.6,458.3,19.3,4.0,0.21,0.259,5.37,,,Ⅳ
2024-11-04T20:00:00+08:00,1730721600,22.4,8.0,7.5,456.9,18.0,2.8,0.18,0.249,5.43,,,Ⅳ
2024-11-05T14:02:00+08:00,1730786520,,,,,,,,,,,,
2024-11-05T16:00:00+08:00,1730793600,22.5,8.0,7.1,456.3,19.8,3.4,0.19,0.268,5.41,,,Ⅳ
2024-11-05T20:00:00+08:00,1730808000,21.9,7.0,5.9,457.6,20.3,3.1,0.15,0.255,5.36,,,Ⅳ
2024-11-06T04:00:00+08:00,1730836800,21.4,8.0,6.7,456.3,16.6,2.6,0.14,0.239,5.29,,,Ⅳ
2024-11-06T08:00:00+08:00,1730851200,21.1,8.0,6.1,456.4,15.2,3.5,0.13,0.243,5.25,,,Ⅳ
2024-11-06T12:00:00+08:00,1730865600,22.2,8.0,8.6,456.7,18.2,3.1,0.1,0.251,5.26,,,Ⅳ
2024-11-06T16:00:00+08:00,1730880000,22.2,8.0,8.0,456.7,14.4,2.6,0.11,0.242,5.21,,,Ⅳ
2024-11-06T20:00:00+08:00,1730894400,21.3,8.0,6.2,457.9,16.6,4.1,0.11,0.228,5.26,,,Ⅳ
2024-11-07T00:00:00+08:00,1730908800,21.0,8.0,6.7,457.1,16.4,3.8,0.11,0.227,5.3,,,Ⅳ
2024-11-07T04:00:00+08:00,1730923200,20.8,7.0,5.7,456.7,23.5,3.3,0.13,0.234,5.36,,,Ⅳ
2024-11-07T08:00:00+08:00,1730937600,20.6,7.0,5.4,456.8,21.2,3.3,0.13,0.234,5.36,,,Ⅳ
2024-11-07T12:00:00+08:00,1730952000,21.0,8.0,6.3,456.1,21.9,4.1,0.13,0.236,5.34,,,Ⅳ
2024-11-07T16:00:00+08:00,1730966400,21.2,8.0,6.5,456.3,18.9,3.2,0.11,0.248,5.33,,,Ⅳ
2024-11-07T20:00:00+08:00,1730980800,20.7,7.0,5.2,454.9,16.2,2.8,0.1,0.237,5.27,,,Ⅳ
2024-11-08T04:00:00+08:00,1731009600,20.3,7.0,5.1,453.2,23.6,2.9,0.1,0.231,5.5,,,Ⅳ
2024-11-08T08:00:00+08:00,1731024000,20.2,7.0,5.2,453.0,20.5,2.9,0.09,0.239,5.6,,,Ⅳ
2024-11-08T12:00:00+08:00,1731038400,21.0,7.0,6.7,452.6,21.5,4.2,0.08,0.243,5.58,,,Ⅳ
2024-11-12T16:00:00+08:00,1731398400,21.4,7.0,6.1,477.8,24.1,1.4,0.02,0.175,4.65,,,Ⅲ
2024-11-12T20:00:00+08:00,1731412800,20.9,7.0,4.8,477.2,22.1,4.0,0.03,0.168,4.61,,,Ⅳ
2024-11-13T16:00:00+08:00,1731484800,21.2,7.0,5.1,480.3,19.7,2.8,0.05,0.161,4.26,,,Ⅲ
2024-11-13T20:00:00+08:00,1731499200,21.1,7.0,4.6,480.4,15.5,2.6,0.06,0.142,4.38,,,Ⅳ
2024-11-14T04:00:00+08:00,1731528000,20.8,7.0,4.6,478.1,18.5,,,,,,,
2024-11-14T12:00:00+08:00,1731556800,21.5,7.0,5.4,477.7,16.6,3.5,0.06,0.135,4.2,,,Ⅲ
2024-11-14T16:00:00+08:00,1731571200,21.5,7.0,4.8,478.0,21.3,,,,,,,
2024-11-14T20:00:00+08:00,1731585600,21.6,7.0,4.9,473.2,16.1,2.2,0.07,0.125,4.21,,,Ⅳ
2024-11-15T04:00:00+08:00,1731614400,21.6,7.0,4.3,473.6,22.4,2.0,0.06,0.12,4.06,,,Ⅳ
2024-11-15T08:00:00+08:00,1731628800,21.7,7.0,4.2,472.1,35.9,1.9,0.08,0.12,3.99,,,Ⅳ
2024-11-15T16:00:00+08:00,1731657600,22.1,7.0,3.9,473.0,16.6,2.2,0.07,0.122,3.82,,,Ⅳ
2024-11-15T20:00:00+08:00,1731672000,21.7,7.0,3.3,473.2,20.7,,0.02,0.005,,,,
2024-11-16T00:00:00+08:00,1731686400,22.0,7.0,4.5,471.8,16.5,4.3,0.13,0.005,3.88,,,Ⅳ
2024-11-16T08:00:00+08:00,1731715200,22.0,7.0,3.9,472.1,19.0,3.0,0.12,0.105,4.01,,,Ⅳ
2024-11-16T12:00:00+08:00,1731729600,22.1,7.0,4.3,472.6,20.0,3.8,0.12,0.103,3.92,,,Ⅳ
2024-11-16T16:00:00+08:00,1731744000,22.3,7.0,4.7,473.4,19.2,3.8,0.12,0.103,3.92,,,Ⅳ
2024-11-16T20:00:00+08:00,1731758400,22.2,7.0,4.6,473.6,16.0,2.4,0.12,0.105,3.81,,,Ⅳ
2024-11-17T04:00:00+08:00,1731787200,21.8,7.0,4.5,474.2,18.4,2.4,0.12,0.093,3.9,,,Ⅳ
2024-11-17T08:00:00+08:00,1731801600,21.5,7.0,4.3,475.4,19.1,2.3,0.13,0.096,3.84,,,Ⅳ
2024-11-17T20:00:00+08:00,1731844800,20.9,7.0,3.8,480.3,22.5,4.2,0.13,0.102,3.99,,,Ⅳ
2024-11-18T08:00:00+08:00,1731888000,20.4,7.0,3.6,464.9,28.2,0.2,,0.099,3.85,,,
2024-11-18T16:00:00+08:00,1731916800,20.2,7.0,3.5,455.2,32.8,3.4,0.25,0.099,3.66,,,Ⅳ
2024-11-18T20:00:00+08:00,1731931200,20.0,7.0,3.4,451.7,33.2,2.6,0.28,0.1,3.62,,,Ⅳ
2024-11-19T00:00:00+08:00,1731945600,19.9,7.0,3.4,450.8,33.3,2.3,0.23,0.099,3.71,,,Ⅳ
2024-11-19T04:00:00+08:00,1731960000,19.7,7.0,3.3,451.3,33.7,2.3,0.32,0.098,3.69,,,Ⅳ
2024-11-19T16:00:00+08:00,1732003200,19.5,7.0,3.5,453.8,31.1,3.6,0.41,0.116,3.78,,,Ⅳ
2024-11-19T20:00:00+08:00,1732017600,19.3,7.0,2.9,459.3,36.4,2.7,,0.107,3.93,,,
2024-11-20T00:00:00+08:00,1732032000,19.1,7.0,2.9,460.4,36.7,2.7,,0.107,3.93,,,
2024-11-20T12:00:00+08:00,1732075200,18.9,7.0,3.0,464.5,33.0,2.4,0.47,0.106,3.97,,,Ⅳ
2024-11-20T20:00:00+08:00,1732104000,18.6,7.0,2.9,468.3,36.0,3.5,0.61,0.115,,,,Ⅴ
2024-11-21T04:00:00+08:00,1732132800,18.3,7.0,3.0,481.6,32.3,2.3,0.52,0.103,,,,Ⅳ
2024-11-21T08:00:00+08:00,1732147200,18.0,7.0,3.2,486.2,29.7,3.8,0.49,0.109,,,,Ⅳ
2024-11-21T12:00:00+08:00,1732161600,18.6,7.0,3.8,472.6,40.5,2.8,0.72,0.119,4.42,,,Ⅳ
2024-11-21T16:00:00+08:00,1732176000,18.8,7.0,4.1,473.2,37.4,2.4,0.59,0.107,4.4,,,Ⅳ
2024-11-21T20:00:00+08:00,1732190400,18.4,7.0,3.6,472.5,33.6,2.2,0.56,0.097,4.36,,,Ⅳ
2024-11-22T00:00:00+08:00,1732204800,18.2,7.0,3.4,472.3,34.3,2.1,0.52,0.095,4.29,,,Ⅳ
2024-11-22T12:00:00+08:00,1732248000,18.4,7.0,3.7,472.6,29.8,2.5,0.54,0.109,4.32,,,Ⅳ
2024-11-22T16:00:00+08:00,1732262400,19.2,7.0,4.2,472.4,21.3,2.3,0.47,0.094,4.28,,,Ⅳ
2024-11-22T20:00:00+08:00,1732276800,18.4,7.0,3.9,469.8,31.4,2.2,0.4,0.093,4.22,,,Ⅳ
2024-11-23T00:00:00+08:00,1732291200,18.0,7.0,3.6,470.6,21.8,1.9,0.44,0.089,4.17,,,Ⅳ
2024-11-23T04:00:00+08:00,1732305600,17.7,7.0,3.4,470.8,22.9,2.0,0.46,0.087,4.24,,,Ⅳ
2024-11-23T08:00:00+08:00,1732320000,17.6,7.0,3.4,471.3,32.8,3.8,0.48,0.088,4.15,,,Ⅳ
2024-11-23T12:00:00+08:00,1732334400,18.4,7.0,3.8,473.3,25.2,2.5,0.54,0.095,4.28,,,Ⅳ
2024-11-23T20:00:00+08:00,1732363200,17.7,7.0,3.7,473.3,19.8,2.1,0.47,0.086,4.31,,,Ⅳ
2024-11-24T00:00:00+08:00,1732377600,17.5,7.0,3.5,476.5,28.6,2.2,0.48,0.088,4.36,,,Ⅳ
2024-11-24T04:00:00+08:00,1732392000,17.4,7.0,3.6,476.5,27.7,2.2,0.48,0.088,4.36,,,Ⅳ
2024-11-24T08:00:00+08:00,1732406400,17.3,7.0,3.7,476.2,27.4,4.0,0.48,0.092,4.25,,,Ⅳ
2024-11-24T12:00:00+08:00,1732420800,17.7,7.0,4.1,476.3,21.0,2.4,0.43,0.095,4.23,,,Ⅳ
2024-11-24T16:00:00+08:00,1732435200,17.9,7.0,4.3,475.7,22.3,2.3,0.45,0.09,4.19,,,Ⅳ
2024-11-24T20:00:00+08:00,1732449600,17.7,7.0,3.9,476.3,26.0,2.3,0.47,0.09,4.3,,,Ⅳ
2024-11-25T00:00:00+08:00,1732464000,17.5,7.0,3.9,477.7,26.8,2.0,0.44,0.09,4.37,,,Ⅳ
2024-11-25T16:00:00+08:00,1732521600,17.4,7.0,4.3,482.2,25.5,2.2,0.59,0.096,4.35,,,Ⅳ
2024-11-25T20:00:00+08:00,1732536000,17.2,7.0,4.4,483.8,30.5,2.3,0.61,0.097,4.38,,,Ⅳ
2024-11-26T04:00:00+08:00,1732564800,16.5,8.0,5.2,485.0,23.4,,,,,,,
2024-11-26T08:00:00+08:00,1732579200,16.2,8.0,5.1,486.3,22.6,,,,,,,
2024-11-26T12:00:00+08:00,1732593600,16.3,8.0,5.9,488.2,37.9,,,,,,,
2024-11-26T16:00:00+08:00,1732608000,16.2,8.0,6.0,490.9,27.5,,,,,,,
2024-11-26T20:00:00+08:00,1732622400,16.0,8.0,5.8,490.7,20.7,3.5,0.72,0.108,4.7,,,Ⅲ
2024-11-27T00:00:00+08:00,1732636800,15.7,8.0,5.7,492.2,20.0,2.7,0.61,0.106,4.6,,,Ⅲ
2024-11-27T08:00:00+08:00,1732665600,15.1,8.0,6.0,491.0,21.2,2.0,0.42,0.1,4.45,,,Ⅱ
2024-11-27T12:00:00+08:00,1732680000,15.3,8.0,6.5,496.9,49.4,3.8,0.61,0.116,4.21,,,Ⅲ
2024-11-27T16:00:00+08:00,1732694400,15.3,8.0,6.7,500.8,33.1,2.6,,0.114,4.42,,,
2024-11-27T20:00:00+08:00,1732708800,15.1,8.0,6.3,486.4,20.7,2.4,0.02,0.106,4.51,,,Ⅲ
2024-11-28T00:00:00+08:00,1732723200,14.8,8.0,6.3,485.7,19.0,1.9,,0.099,4.45,,,
2024-11-28T12:00:00+08:00,1732766400,14.4,8.0,7.1,478.2,24.9,2.3,,0.105,4.2,,,
2024-11-28T16:00:00+08:00,1732780800,14.4,8.0,7.5,477.1,54.7,2.3,,0.105,4.2,,,
2024-11-28T20:00:00+08:00,1732795200,14.4,8.0,7.1,465.1,23.7,2.1,0.3,0.09,3.75,,,Ⅱ
2024-11-29T00:00:00+08:00,1732809600,14.0,8.0,7.2,464.0,19.1,2.1,0.3,0.09,3.75,,,Ⅱ
2024-11-29T08:00:00+08:00,1732838400,13.4,8.0,7.6,455.8,21.5,3.4,0.24,0.081,3.37,,,Ⅱ
2024-11-29T12:00:00+08:00,1732852800,13.8,8.0,7.9,455.1,22.2,2.5,0.24,0.088,3.3,,,Ⅱ
2024-11-29T16:00:00+08:00,1732867200,14.0,8.0,8.0,451.8,17.7,1.9,0.22,0.079,3.19,,,Ⅱ
2024-11-29T20:00:00+08:00,1732881600,13.9,8.0,8.1,432.7,22.8,1.6,0.14,0.069,2.9,,,Ⅱ
2024-11-30T08:00:00+08:00,1732924800,13.5,8.0,8.2,417.8,26.2,3.3,0.17,0.068,2.54,,,Ⅱ
2024-11-30T12:00:00+08:00,1732939200,14.3,8.0,8.9,405.8,19.2,2.2,0.16,0.075,2.34,,,Ⅱ
2024-11-30T16:00:00+08:00,1732953600,14.0,8.0,8.8,404.2,22.6,1.6,0.12,0.063,2.17,,,Ⅱ
2024-12-01T00:00:00+08:00,1732982400,13.4,8.0,8.3,408.0,17.2,1.8,0.02,0.058,2.19,,,Ⅱ
2024-12-01T04:00:00+08:00,1732996800,13.3,8.0,8.1,418.4,20.2,1.5,0.02,0.06,2.34,,,Ⅱ
2024-12-01T08:00:00+08:00,1733011200,13.2,8.0,7.8,426.6,22.7,3.5,0.02,0.068,2.56,,,Ⅱ
2024-12-01T12:00:00+08:00,1733025600,13.9,8.0,9.0,398.3,21.0,2.1,0.05,0.062,2.14,,,Ⅱ
2024-12-01T16:00:00+08:00,1733040000,14.0,8.0,8.9,402.8,22.1,2.2,0.14,0.068,2.04,,,Ⅱ
2024-12-02T00:00:00+08:00,1733068800,13.5,8.0,8.1,430.1,23.9,3.6,0.12,0.11,2.11,,,Ⅲ
2024-12-02T20:00:00+08:00,1733140800,14.8,8.0,8.2,451.6,41.8,1.2,0.16,0.093,2.75,,,Ⅱ
2024-12-03T00:00:00+08:00,1733155200,14.3,8.0,8.1,427.1,49.5,1.2,0.16,0.093,2.75,,,Ⅱ
2024-12-03T08:00:00+08:00,1733184000,13.9,8.0,8.2,415.3,32.8,1.2,0.09,0.075,2.29,,,Ⅱ
2024-12-03T12:00:00+08:00,1733198400,14.5,8.0,9.0,414.2,36.8,1.1,0.11,0.08,2.26,,,Ⅱ
2024-12-03T16:00:00+08:00,1733212800,14.9,8.0,9.2,412.6,30.7,0.9,0.1,0.075,2.26,,,Ⅱ
2024-12-03T20:00:00+08:00,1733227200,14.4,8.0,8.3,434.3,36.4,0.9,0.11,0.073,2.45,,,Ⅱ
2024-12-04T00:00:00+08:00,1733241600,14.4,8.0,8.0,450.1,37.9,0.9,0.11,0.073,2.45,,,Ⅱ
2024-12-04T04:00:00+08:00,1733256000,14.4,8.0,7.8,449.5,34.6,0.7,0.12,0.075,2.67,,,Ⅱ
2024-12-04T08:00:00+08:00,1733270400,14.2,8.0,8.3,417.4,32.0,1.1,0.1,0.073,2.46,,,Ⅱ
2024-12-04T16:00:00+08:00,1733299200,14.7,8.0,9.5,415.0,27.4,0.9,0.09,0.068,2.22,,,Ⅱ
2024-12-04T20:00:00+08:00,1733313600,14.6,8.0,9.0,414.0,30.6,1.1,0.09,0.069,2.27,,,Ⅱ
2024-12-05T00:00:00+08:00,1733328000,14.6,8.0,8.3,441.7,23.2,1.0,0.1,0.072,2.52,,,Ⅱ
2024-12-05T04:00:00+08:00,1733342400,14.5,8.0,7.8,453.2,24.0,,,,,,,
2024-12-05T12:00:00+08:00,1733371200,14.5,8.0,8.0,449.3,25.1,1.2,0.11,0.071,2.75,,,Ⅱ
2024-12-05T20:00:00+08:00,1733400000,14.4,8.0,8.3,455.1,20.4,,0.11,0.079,3.02,,,
2024-12-06T00:00:00+08:00,1733414400,14.3,8.0,7.9,461.2,21.3,,0.13,0.078,3.04,,,
2024-12-06T04:00:00+08:00,1733428800,14.2,8.0,7.5,476.4,25.1,0.5,0.12,0.074,3.12,,,Ⅱ
2024-12-06T16:00:00+08:00,1733472000,14.7,8.0,7.2,516.8,25.8,0.8,0.2,0.084,3.28,,,Ⅱ
2024-12-07T16:00:00+08:00,1733558400,14.2,8.0,8.0,446.8,37.6,0.8,0.17,0.08,2.84,,,Ⅱ
2024-12-08T00:00:00+08:00,1733587200,13.7,8.0,7.9,431.1,28.6,2.4,0.15,0.071,2.66,,,Ⅱ
2024-12-09T12:00:00+08:00,1733716800,13.2,8.0,8.0,433.4,32.8,2.3,0.12,0.069,2.42,,,Ⅱ
2024-12-09T20:00:00+08:00,1733745600,13.0,8.0,7.5,459.8,27.6,2.1,0.12,0.074,2.67,,,Ⅱ
2024-12-11T00:00:00+08:00,1733846400,12.7,8.0,7.5,453.7,39.9,2.1,0.16,0.076,2.76,,,Ⅱ
2024-12-14T00:00:00+08:00,1734105600,11.7,8.0,7.2,479.1,21.3,2.5,0.12,0.072,2.75,,,Ⅱ
2024-12-14T16:00:00+08:00,1734163200,11.7,8.0,7.6,500.3,28.3,2.2,0.14,0.073,2.85,,,Ⅱ
2024-12-16T00:00:00+08:00,1734278400,11.0,8.0,7.0,527.2,39.5,2.2,0.18,0.09,3.36,,,Ⅱ
2024-12-18T20:00:00+08:00,1734523200,10.5,8.0,7.4,711.3,58.1,2.2,0.27,0.11,3.48,,,Ⅲ
2024-12-19T04:00:00+08:00,1734552000,9.9,8.0,7.5,717.2,45.1,2.3,0.27,0.104,3.43,,,Ⅲ
2024-12-20T20:00:00+08:00,1734696000,10.3,8.0,7.5,688.5,41.8,2.5,0.33,0.114,3.5,,,Ⅲ
2024-12-21T04:00:00+08:00,1734724800,9.8,8.0,7.6,694.6,37.3,2.3,0.3,0.108,3.53,,,Ⅲ
2024-12-23T20:00:00+08:00,1734955200,9.8,8.0,8.0,682.4,47.6,2.0,0.2,0.107,3.31,,,Ⅲ
2024-12-24T04:00:00+08:00,1734984000,9.6,8.0,7.8,679.4,33.2,2.1,0.2,0.098,3.31,,,Ⅱ
2024-12-24T12:00:00+08:00,1735012800,10.2,8.0,8.6,664.3,27.1,2.6,0.19,0.105,3.41,,,Ⅲ
2024-12-24T16:00:00+08:00,1735027200,10.5,8.0,9.0,652.2,43.0,2.1,0.16,0.097,3.36,,,Ⅱ
2024-12-24T20:00:00+08:00,1735041600,10.4,8.0,8.7,653.7,24.4,,0.17,,,,,
2024-12-25T08:00:00+08:00,1735084800,9.9,8.0,9.1,611.1,28.0,2.2,0.21,0.092,3.25,,,Ⅱ
2024-12-25T12:00:00+08:00,1735099200,10.2,8.0,9.2,619.6,29.4,2.7,0.16,0.087,3.16,,,Ⅱ
2024-12-25T20:00:00+08:00,1735128000,9.8,8.0,9.3,619.0,32.8,6.1,0.2,0.099,3.19,,,Ⅳ
2024-12-26T04:00:00+08:00,1735156800,9.5,8.0,9.2,599.7,24.7,2.5,0.19,0.087,3.06,,,Ⅱ
2024-12-28T00:00:00+08:00,1735315200,9.5,8.0,9.3,587.8,23.6,2.3,0.19,0.086,3.08,,,Ⅱ
2024-12-28T20:00:00+08:00,1735387200,9.1,8.0,10.1,548.6,32.7,2.5,0.13,0.082,2.92,,,Ⅱ
2025-01-02T20:00:00+08:00,1735819200,9.1,8.0,9.2,712.1,20.4,,0.22,0.091,3.19,,,
2025-01-03T08:00:00+08:00,1735862400,8.5,8.0,9.4,725.1,15.6,2.6,0.23,0.101,3.24,,,Ⅲ
2025-01-03T12:00:00+08:00,1735876800,9.0,8.0,9.9,729.1,16.8,2.3,0.24,0.09,3.08,,,Ⅱ
2025-01-07T16:00:00+08:00,1736236800,10.1,8.0,9.0,752.4,25.9,5.6,0.22,0.091,3.2,,,Ⅲ
2025-01-07T20:00:00+08:00,1736251200,9.9,8.0,8.6,781.0,67.4,5.6,0.17,0.094,3.14,,,Ⅲ
2025-01-08T08:00:00+08:00,1736294400,9.2,8.0,8.2,764.6,36.3,2.6,0.4,0.113,3.48,,,Ⅲ
2025-01-08T12:00:00+08:00,1736308800,9.6,8.0,8.6,730.4,33.8,2.6,0.4,0.113,3.48,,,Ⅲ
2025-01-08T16:00:00+08:00,1736323200,9.6,8.0,9.0,719.2,22.4,2.3,0.27,0.099,3.2,,,Ⅱ
2025-01-09T08:00:00+08:00,1736380800,8.4,8.0,8.6,706.8,25.2,2.2,0.19,0.084,3.09,,,Ⅱ
2025-01-09T12:00:00+08:00,1736395200,8.6,8.0,8.9,694.9,30.8,2.2,0.26,0.093,3.1,,,Ⅱ
2025-01-09T16:00:00+08:00,1736409600,8.8,8.0,9.4,685.4,28.8,2.2,0.22,0.087,3.07,,,Ⅱ
2025-01-09T20:00:00+08:00,1736424000,8.4,8.0,9.1,680.5,32.4,2.3,0.18,0.082,2.97,,,Ⅱ
2025-01-10T04:00:00+08:00,1736452800,8.0,8.0,8.9,677.2,28.0,2.3,0.18,0.082,2.97,,,Ⅱ
2025-01-10T08:00:00+08:00,1736467200,7.9,8.0,8.8,669.9,26.9,2.6,0.18,0.084,2.97,,,Ⅱ
2025-01-10T12:00:00+08:00,1736481600,8.1,8.0,9.0,660.8,33.8,,0.12,0.079,2.96,,,
2025-01-10T20:00:00+08:00,1736510400,8.2,8.0,9.0,659.6,29.7,,0.02,0.005,,,,
2025-01-11T00:00:00+08:00,1736524800,7.9,8.0,9.0,663.3,31.5,,0.12,0.076,2.87,,,
2025-01-11T04:00:00+08:00,1736539200,7.7,8.0,8.9,657.8,26.8,,0.14,0.075,2.94,,,
2025-01-11T12:00:00+08:00,1736568000,8.1,8.0,9.2,652.2,24.0,,0.02,0.005,,,,
2025-01-11T16:00:00+08:00,1736582400,8.0,8.0,9.4,652.1,21.9,8.5,0.17,0.084,2.87,,,Ⅳ
2025-01-12T12:00:00+08:00,1736654400,7.6,8.0,9.1,642.1,26.9,1.6,0.12,0.077,2.88,,,Ⅱ
2025-01-12T16:00:00+08:00,1736668800,7.9,8.0,9.2,638.5,36.3,,0.1,0.08,2.86,,,
2025-01-13T04:00:00+08:00,1736712000,7.3,8.0,8.8,635.2,31.0,1.3,0.06,,2.88,,,
2025-01-13T16:00:00+08:00,1736755200,8.0,8.0,9.5,647.3,28.2,1.6,0.12,0.082,2.88,,,Ⅱ
2025-01-13T20:00:00+08:00,1736769600,8.0,8.0,9.4,640.6,30.7,1.6,0.16,0.086,2.9,,,Ⅱ
2025-01-14T00:00:00+08:00,1736784000,7.9,8.0,9.1,633.3,46.3,1.6,0.14,0.085,2.92,,,Ⅱ
2025-01-14T04:00:00+08:00,1736798400,7.8,8.0,9.1,629.3,42.0,1.6,0.13,0.084,2.89,,,Ⅱ
2025-01-14T08:00:00+08:00,1736812800,7.7,8.0,9.1,626.6,38.3,1.5,0.12,0.081,2.78,,,Ⅱ
2025-01-15T20:00:00+08:00,1736942400,7.8,8.0,9.5,640.5,30.6,1.7,0.21,0.091,2.99,,,Ⅱ
2025-01-19T00:00:00+08:00,1737216000,7.4,8.0,9.4,628.0,34.2,1.6,0.17,0.082,2.8,,,Ⅱ
2025-01-19T04:00:00+08:00,1737230400,7.3,8.0,9.4,628.6,32.5,1.6,0.14,0.077,2.8,,,Ⅱ
2025-01-19T16:00:00+08:00,1737273600,8.3,8.0,10.0,634.0,46.1,1.9,0.18,0.084,2.86,,,Ⅱ
2025-01-20T12:00:00+08:00,1737345600,8.2,8.0,10.1,644.8,23.2,1.6,0.14,0.075,2.77,,,Ⅱ
2025-01-21T12:00:00+08:00,1737432000,8.1,8.0,9.9,649.0,25.5,1.7,0.15,0.084,2.94,,,Ⅱ
2025-01-21T20:00:00+08:00,1737460800,8.4,8.0,9.8,646.9,24.9,2.8,0.15,0.079,4.7,,,Ⅱ
2025-01-22T04:00:00+08:00,1737489600,8.1,8.0,9.2,650.3,25.4,2.5,0.2,0.084,3.34,,,Ⅱ
2025-01-22T08:00:00+08:00,1737504000,8.1,8.0,9.4,649.1,33.9,2.4,0.15,0.085,3.3,,,Ⅱ
2025-01-22T16:00:00+08:00,1737532800,9.0,8.0,9.9,645.5,22.6,2.5,0.21,0.087,3.25,,,Ⅱ
2025-01-22T20:00:00+08:00,1737547200,8.9,8.0,9.7,644.0,22.6,2.4,0.15,0.078,3.24,,,Ⅱ
2025-01-23T16:00:00+08:00,1737619200,9.6,8.0,9.6,640.8,20.2,2.4,0.19,0.078,3.51,,,Ⅱ
2025-01-24T00:00:00+08:00,1737648000,9.4,8.0,9.4,639.8,21.0,2.4,0.21,0.08,4.06,,,Ⅱ
2025-02-12T16:00:00+08:00,1739347200,8.2,8.0,10.8,560.7,19.8,2.5,0.14,0.071,2.69,,,Ⅱ
2025-02-12T20:00:00+08:00,1739361600,8.1,8.0,10.5,558.1,13.9,2.2,0.09,0.062,2.6,,,Ⅱ
2025-02-13T00:00:00+08:00,1739376000,7.9,8.0,10.3,558.0,16.6,2.4,0.17,0.076,2.72,,,Ⅱ
2025-02-13T04:00:00+08:00,1739390400,7.8,8.0,10.2,556.1,17.6,2.2,0.1,0.066,2.64,,,Ⅱ
2025-02-13T08:00:00+08:00,1739404800,7.8,8.0,10.3,553.9,19.1,2.6,0.13,0.07,2.59,,,Ⅱ
2025-02-13T16:00:00+08:00,1739433600,8.8,8.0,11.4,563.9,12.2,2.4,0.08,0.062,2.52,,,Ⅱ
2025-02-13T20:00:00+08:00,1739448000,8.6,8.0,11.1,557.9,14.9,2.4,0.08,0.059,2.54,,,Ⅱ
