ts,epoch,temperature,ph,do,conductivity,turbidity,codmn,ammonia_n,tp,tn,chla,algae_density,quality_class
2021-06-17T12:00:00+08:00,1623902400,26.6,7.46,4.8,815.9,27.6,3.33,0.506,0.141,1.7,,,Ⅳ
2021-06-17T16:00:00+08:00,1623916800,27.3,7.55,5.62,815.5,19.1,4.34,0.961,0.137,1.63,,,Ⅲ
2021-06-18T00:00:00+08:00,1623945600,26.7,7.31,3.11,815.5,13.8,3.51,0.391,0.137,4.08,,,Ⅳ
2021-06-18T04:00:00+08:00,1623960000,26.5,7.18,1.8,807.4,2.0,3.56,,0.137,1.63,,,
2021-06-18T08:00:00+08:00,1623974400,26.6,7.16,1.63,800.7,2.7,3.84,,,1.5,,,
2021-06-18T12:00:00+08:00,1623988800,26.7,7.39,4.0,821.2,22.7,3.84,0.467,0.148,1.5,,,Ⅳ
2021-06-18T16:00:00+08:00,1624003200,26.7,7.35,3.76,819.3,22.3,3.54,0.467,0.148,1.77,,,Ⅳ
2021-06-18T20:00:00+08:00,1624017600,26.4,7.23,2.58,803.6,7.3,3.83,0.344,0.137,1.68,,,Ⅴ
2021-06-19T00:00:00+08:00,1624032000,26.0,7.28,2.7,814.0,14.7,3.83,0.344,0.137,1.68,,,Ⅴ
2021-06-19T04:00:00+08:00,1624046400,25.6,7.27,2.69,814.0,13.6,3.81,0.406,0.142,1.85,,,Ⅴ
2021-06-19T08:00:00+08:00,1624060800,25.5,7.28,2.86,813.6,20.3,3.57,0.47,0.153,1.85,,,Ⅴ
2021-06-19T12:00:00+08:00,1624075200,25.4,7.45,4.65,818.4,22.4,3.07,0.467,0.148,1.8,,,Ⅳ
2021-06-19T16:00:00+08:00,1624089600,25.1,7.51,5.71,808.0,10.5,3.33,0.332,0.138,1.81,,,Ⅲ
2021-06-19T20:00:00+08:00,1624104000,25.1,7.43,4.95,804.0,19.5,3.33,0.35,0.14,1.81,,,Ⅳ
2021-06-20T00:00:00+08:00,1624118400,25.0,7.39,4.68,809.0,22.0,3.47,0.35,0.14,1.72,,,Ⅳ
2021-06-20T08:00:00+08:00,1624147200,24.8,7.32,4.26,805.2,16.9,3.25,0.4,0.145,1.74,,,Ⅳ
2021-06-20T12:00:00+08:00,1624161600,25.2,7.41,5.22,805.4,16.8,3.31,0.377,0.141,1.84,,,Ⅲ
2021-06-20T16:00:00+08:00,1624176000,25.8,7.51,5.89,806.0,19.8,3.55,0.377,0.141,1.71,,,Ⅲ
2021-07-02T12:00:00+08:00,1625198400,27.8,7.45,4.86,796.6,19.9,3.83,0.294,0.115,1.22,,,Ⅳ
2021-07-02T16:00:00+08:00,1625212800,28.0,7.52,5.61,792.2,18.3,3.81,0.294,0.115,1.24,,,Ⅲ
2021-07-02T20:00:00+08:00,1625227200,28.0,7.32,3.53,792.5,10.4,3.83,0.258,0.117,1.42,,,Ⅳ
2021-07-03T00:00:00+08:00,1625241600,27.8,7.27,2.8,794.5,10.4,3.83,0.258,0.117,1.42,,,Ⅴ
2021-07-03T04:00:00+08:00,1625256000,27.5,7.31,3.07,796.1,17.2,3.83,0.321,0.121,1.59,,,Ⅳ
2021-07-03T08:00:00+08:00,1625270400,27.5,7.18,1.61,793.0,5.1,4.32,0.398,0.114,1.58,,,劣Ⅴ
2021-07-03T12:00:00+08:00,1625284800,27.9,7.29,3.28,794.8,5.8,4.32,0.354,0.115,1.58,,,Ⅳ
2021-07-03T16:00:00+08:00,1625299200,28.2,7.33,3.65,791.2,10.1,4.11,0.354,0.115,1.66,,,Ⅳ
2021-07-03T20:00:00+08:00,1625313600,27.9,7.33,3.71,794.5,19.3,3.85,0.427,0.129,1.79,,,Ⅳ
2021-07-04T00:00:00+08:00,1625328000,27.6,7.22,2.29,785.6,5.5,3.85,0.427,0.129,1.79,,,Ⅴ
2021-07-04T04:00:00+08:00,1625342400,27.5,7.18,1.51,785.9,1.6,4.07,0.423,0.123,1.64,,,劣Ⅴ
2021-07-04T08:00:00+08:00,1625356800,27.4,7.18,1.72,785.2,5.7,4.04,0.536,0.124,1.69,,,劣Ⅴ
2021-07-04T12:00:00+08:00,1625371200,27.4,7.22,2.63,784.5,3.1,4.04,0.487,0.12,1.69,,,Ⅴ
2021-07-04T16:00:00+08:00,1625385600,27.4,7.29,3.28,786.7,17.0,4.06,0.487,0.12,1.71,,,Ⅳ
2021-07-04T20:00:00+08:00,1625400000,27.3,7.21,2.27,785.7,8.3,4.07,0.422,0.135,1.76,,,Ⅴ
2021-07-05T00:00:00+08:00,1625414400,27.0,7.32,3.3,792.3,23.9,4.07,0.422,0.135,1.76,,,Ⅳ
2021-07-05T04:00:00+08:00,1625428800,26.9,7.37,3.58,788.6,22.7,3.82,0.494,0.14,1.7,,,Ⅳ
2021-07-05T08:00:00+08:00,1625443200,26.9,7.27,2.68,784.9,17.7,0.32,0.408,0.134,1.53,,,Ⅴ
2021-07-05T12:00:00+08:00,1625457600,28.1,7.44,4.79,786.5,21.2,0.32,0.413,0.136,1.53,,,Ⅳ
2021-07-05T16:00:00+08:00,1625472000,28.7,7.35,3.87,788.9,13.5,3.53,0.413,0.136,1.51,,,Ⅳ
2021-07-05T20:00:00+08:00,1625486400,28.2,7.37,3.94,786.3,27.6,3.53,0.449,0.142,1.36,,,Ⅳ
2021-07-06T00:00:00+08:00,1625500800,27.8,7.33,3.33,776.0,40.3,3.53,0.449,0.142,1.36,,,Ⅳ
2021-07-06T08:34:00+08:00,1625531640,,,,,,,,,,,,
2021-07-06T12:10:00+08:00,1625544600,,,,,,,,,,,,
2021-07-06T15:10:00+08:00,1625555400,,,,,,,,,,,,
2021-07-06T18:37:00+08:00,1625567820,,,,,,,,,,,,
2021-07-07T12:00:00+08:00,1625630400,30.0,7.55,6.15,765.6,27.1,,,,4.21,,,
2021-07-26T12:00:00+08:00,1627272000,26.0,7.66,6.26,686.8,129.9,4.87,1.076,0.202,2.63,,,Ⅳ
2021-07-26T16:00:00+08:00,1627286400,25.8,7.44,5.46,680.0,478.6,4.87,1.39,0.287,2.63,,,Ⅳ
2021-07-26T20:00:00+08:00,1627300800,25.6,7.63,6.58,666.8,426.0,,1.39,0.287,6.35,,,
2021-07-27T00:00:00+08:00,1627315200,25.6,7.64,6.67,667.1,181.4,,1.448,0.268,6.0,,,
2021-07-27T04:00:00+08:00,1627329600,25.5,7.61,6.5,668.3,144.8,5.84,1.208,0.18,3.43,,,Ⅳ
2021-07-27T08:00:00+08:00,1627344000,25.6,7.64,6.69,665.1,143.9,5.35,1.208,0.18,2.97,,,Ⅳ
2021-07-27T12:00:00+08:00,1627358400,25.8,7.69,6.88,666.5,127.3,5.1,1.204,0.185,2.95,,,Ⅳ
2021-07-27T16:00:00+08:00,1627372800,25.9,7.65,6.67,665.5,202.5,6.13,1.347,0.213,2.81,,,Ⅳ
2021-07-27T20:00:00+08:00,1627387200,25.7,7.68,6.84,664.9,229.4,6.13,1.454,0.217,2.81,,,Ⅳ
2021-07-28T00:00:00+08:00,1627401600,25.7,7.69,6.95,653.5,254.0,6.35,1.454,0.217,4.08,,,Ⅳ
2021-07-28T04:00:00+08:00,1627416000,25.7,7.68,6.88,647.8,232.0,6.12,1.437,0.211,4.09,,,Ⅳ
2021-07-28T08:00:00+08:00,1627430400,25.7,7.69,6.89,653.3,191.1,6.12,1.308,0.201,4.09,,,Ⅳ
2021-07-28T12:00:00+08:00,1627444800,26.2,7.73,7.02,654.9,182.4,5.56,1.308,0.201,3.53,,,Ⅳ
2021-07-28T16:00:00+08:00,1627459200,27.1,7.77,7.07,655.6,224.8,6.15,1.339,0.218,4.0,,,Ⅳ
2021-07-28T20:00:00+08:00,1627473600,26.7,7.66,6.48,653.5,201.2,6.15,1.33,0.208,4.0,,,Ⅳ
2021-07-29T00:00:00+08:00,1627488000,26.5,7.66,6.56,656.6,193.0,6.36,1.33,0.208,4.04,,,Ⅳ
2021-07-29T04:00:00+08:00,1627502400,26.4,7.63,6.39,653.0,120.5,5.32,0.985,0.195,2.92,,,Ⅲ
2021-07-29T08:00:00+08:00,1627516800,26.7,7.62,6.29,650.0,101.8,5.32,0.933,0.183,2.92,,,Ⅲ
2021-07-29T12:00:00+08:00,1627531200,27.1,7.6,6.12,652.2,81.0,4.62,0.811,0.181,2.63,,,Ⅲ
2021-07-29T16:00:00+08:00,1627545600,27.6,7.63,6.19,650.8,77.8,4.37,0.811,0.181,2.53,,,Ⅲ
2021-07-29T20:00:00+08:00,1627560000,28.0,7.63,6.24,650.2,63.8,4.3,0.656,0.18,2.29,,,Ⅲ
2021-07-30T00:00:00+08:00,1627574400,27.8,7.52,5.6,652.0,50.0,4.3,0.656,0.18,2.29,,,Ⅲ
2021-07-30T04:00:00+08:00,1627588800,27.4,7.52,5.71,645.9,52.5,4.12,0.718,0.179,2.12,,,Ⅲ
2021-07-30T08:00:00+08:00,1627603200,27.8,7.52,5.59,647.8,50.1,4.12,0.645,0.166,2.0,,,Ⅲ
2021-07-30T12:00:00+08:00,1627617600,27.7,7.45,5.03,648.9,47.8,4.12,0.654,0.179,2.0,,,Ⅲ
2021-07-30T16:00:00+08:00,1627632000,29.2,7.68,6.58,646.1,44.7,3.84,0.654,0.179,2.09,,,Ⅲ
2021-08-06T08:00:00+08:00,1628208000,29.2,7.6,5.65,627.7,13.9,3.91,0.454,0.134,1.24,,,Ⅲ
2021-09-23T12:00:00+08:00,1632369600,28.0,7.82,7.16,477.9,25.5,3.27,0.266,0.128,1.82,,,Ⅲ
2021-09-23T16:00:00+08:00,1632384000,28.2,7.57,6.97,485.6,12.1,3.72,0.179,0.104,1.51,,,Ⅲ
2021-09-23T20:00:00+08:00,1632398400,28.0,8.43,9.32,476.0,26.8,3.48,0.283,0.117,1.51,,,Ⅲ
2021-09-24T00:00:00+08:00,1632412800,27.4,8.2,8.03,476.0,57.5,3.48,0.283,0.117,1.51,,,Ⅲ
2021-09-24T04:00:00+08:00,1632427200,26.7,7.5,5.62,484.0,37.1,3.75,0.39,0.116,1.8,,,Ⅲ
2021-10-28T12:00:00+08:00,1635393600,19.3,7.45,7.55,557.5,25.8,3.77,0.292,0.064,3.67,,,Ⅱ
2021-10-28T16:00:00+08:00,1635408000,19.1,7.6,8.18,556.9,35.1,3.77,0.394,0.068,3.95,,,Ⅱ
2021-10-28T20:00:00+08:00,1635422400,18.6,7.47,7.4,557.5,26.5,3.77,0.394,0.068,3.7,,,Ⅱ
2021-10-29T00:00:00+08:00,1635436800,18.5,7.59,8.1,555.4,30.8,3.98,0.331,0.06,3.52,,,Ⅱ
2021-10-29T04:00:00+08:00,1635451200,18.3,7.4,6.95,559.0,21.2,3.52,0.276,0.057,3.39,,,Ⅱ
2021-10-29T08:00:00+08:00,1635465600,18.1,7.4,7.02,561.7,24.9,3.73,0.279,0.056,3.82,,,Ⅱ
2021-10-29T12:00:00+08:00,1635480000,19.1,7.41,7.2,563.0,19.2,3.68,0.246,0.056,3.44,,,Ⅱ
2021-11-05T08:00:00+08:00,1636070400,18.4,7.71,8.24,567.9,58.3,4.02,0.636,0.099,4.21,,,Ⅲ
2021-11-05T12:00:00+08:00,1636084800,19.1,7.73,8.34,570.1,50.3,3.78,0.574,0.088,3.77,,,Ⅲ
2021-11-05T16:00:00+08:00,1636099200,19.3,7.7,8.02,577.9,52.7,4.21,0.597,0.088,3.74,,,Ⅲ
2021-11-05T20:00:00+08:00,1636113600,19.1,7.66,7.98,574.6,62.8,4.28,0.69,0.095,3.8,,,Ⅲ
2021-11-06T00:00:00+08:00,1636128000,19.0,7.63,7.78,573.2,37.7,4.28,0.69,0.095,3.98,,,Ⅲ
2021-11-06T04:00:00+08:00,1636142400,18.8,7.61,7.62,571.2,30.7,3.76,0.504,0.074,3.62,,,Ⅲ
2021-11-06T08:00:00+08:00,1636156800,18.6,7.58,7.47,576.3,36.6,4.01,0.495,0.073,3.6,,,Ⅲ
2021-11-06T12:00:00+08:00,1636171200,19.1,7.61,7.6,576.4,59.9,4.26,0.647,0.087,3.54,,,Ⅲ
2021-11-06T16:00:00+08:00,1636185600,19.1,7.63,7.78,568.9,58.2,4.27,0.66,0.084,3.89,,,Ⅲ
2021-11-06T20:00:00+08:00,1636200000,19.0,7.57,7.36,572.1,36.8,4.02,0.511,0.076,4.27,,,Ⅲ
2021-11-07T00:00:00+08:00,1636214400,18.7,7.57,7.44,571.3,33.4,4.02,0.511,0.076,3.72,,,Ⅲ
2021-11-07T04:00:00+08:00,1636228800,18.7,7.59,7.52,572.2,37.3,4.01,0.49,0.078,3.62,,,Ⅲ
2021-11-07T12:00:00+08:00,1636257600,19.6,7.63,7.83,567.3,82.9,3.96,0.526,0.076,3.62,,,Ⅲ
2021-11-07T16:00:00+08:00,1636272000,19.0,7.62,7.92,568.4,72.2,4.27,0.799,0.096,4.04,,,Ⅲ
2021-11-07T20:00:00+08:00,1636286400,17.9,7.62,8.34,581.6,67.6,4.27,0.79,0.093,3.96,,,Ⅲ
2021-11-08T00:00:00+08:00,1636300800,17.1,7.68,8.42,577.0,57.4,4.27,0.79,0.093,4.22,,,Ⅲ
2021-11-08T04:00:00+08:00,1636315200,16.1,7.74,8.88,577.8,58.2,4.03,0.721,0.093,4.0,,,Ⅲ
2021-11-08T08:00:00+08:00,1636329600,15.0,7.75,9.01,584.4,53.8,4.28,0.715,0.093,,,,Ⅲ
2021-11-08T12:00:00+08:00,1636344000,15.8,7.81,9.33,573.1,48.1,4.03,0.663,0.093,4.3,,,Ⅲ
2021-11-08T16:00:00+08:00,1636358400,15.3,7.82,9.44,573.6,48.7,4.02,0.676,0.091,3.87,,,Ⅲ
2021-11-08T20:00:00+08:00,1636372800,14.5,7.79,9.43,573.2,40.0,4.0,0.597,0.084,3.84,,,Ⅲ
2021-11-09T00:00:00+08:00,1636387200,14.2,7.75,9.32,571.5,37.3,4.0,0.597,0.084,3.84,,,Ⅲ
2021-11-09T04:00:00+08:00,1636401600,13.5,7.8,9.66,570.8,34.8,3.51,0.557,0.079,3.64,,,Ⅲ
2021-11-09T08:00:00+08:00,1636416000,13.1,7.8,9.62,577.8,33.4,3.52,0.572,0.079,3.52,,,Ⅲ
2021-11-09T12:00:00+08:00,1636430400,14.5,7.58,8.59,580.3,34.4,3.77,0.547,0.085,3.85,,,Ⅲ
2021-11-09T16:00:00+08:00,1636444800,14.5,7.61,9.49,575.5,43.6,4.03,0.644,0.083,3.73,,,Ⅲ
2021-11-10T00:00:00+08:00,1636473600,13.2,7.69,9.87,579.2,34.4,3.77,0.609,0.072,4.04,,,Ⅲ
2021-11-10T04:00:00+08:00,1636488000,13.1,7.59,9.68,583.8,31.9,4.03,0.526,0.073,3.78,,,Ⅲ
2021-11-10T08:00:00+08:00,1636502400,13.0,7.48,8.24,588.8,32.2,4.02,0.494,0.064,3.6,,,Ⅲ
2021-11-10T12:00:00+08:00,1636516800,14.2,7.53,8.74,582.3,35.0,4.19,0.527,0.073,3.29,,,Ⅲ
2021-11-10T16:00:00+08:00,1636531200,14.1,7.57,8.98,587.2,32.7,4.03,0.5,0.071,3.23,,,Ⅲ
2021-11-10T20:00:00+08:00,1636545600,13.5,7.58,9.01,590.1,32.4,4.28,0.501,0.064,3.43,,,Ⅲ
2021-11-11T00:00:00+08:00,1636560000,13.1,7.6,8.91,589.7,26.5,4.28,0.501,0.064,3.74,,,Ⅲ
2021-11-11T04:00:00+08:00,1636574400,12.9,7.53,8.69,588.8,22.6,4.0,0.432,0.06,3.57,,,Ⅲ
2021-11-11T12:00:00+08:00,1636603200,14.1,7.53,8.74,590.1,24.8,4.03,0.474,0.067,3.34,,,Ⅲ
2021-11-11T16:00:00+08:00,1636617600,14.1,7.58,8.78,593.0,38.8,4.43,0.569,0.067,3.34,,,Ⅲ
2021-11-11T20:00:00+08:00,1636632000,13.5,7.52,8.64,595.2,20.7,3.93,0.411,0.055,3.7,,,Ⅱ
2021-11-12T00:00:00+08:00,1636646400,13.2,7.51,8.65,594.5,22.6,3.93,0.411,0.055,3.44,,,Ⅱ
2021-11-12T04:00:00+08:00,1636660800,13.0,7.51,8.56,596.5,21.8,4.02,0.432,0.056,3.64,,,Ⅲ
2021-11-26T12:00:00+08:00,1637899200,14.0,7.7,8.58,634.9,18.3,3.06,0.291,0.061,2.52,,,Ⅱ
2021-11-26T16:00:00+08:00,1637913600,13.9,7.7,8.52,635.3,14.7,2.88,0.252,0.056,2.5,,,Ⅱ
2021-11-26T20:00:00+08:00,1637928000,13.4,7.65,8.3,634.2,16.9,3.15,0.273,0.051,2.47,,,Ⅱ
2021-11-27T00:00:00+08:00,1637942400,13.0,7.64,8.26,632.5,18.7,3.15,0.273,0.051,2.47,,,Ⅱ
2021-11-27T04:00:00+08:00,1637956800,12.7,7.61,8.04,630.2,19.1,3.17,0.288,0.053,2.39,,,Ⅱ
2021-11-27T08:00:00+08:00,1637971200,12.2,7.59,7.86,645.9,19.6,2.92,0.299,0.055,2.46,,,Ⅱ
2021-11-27T12:00:00+08:00,1637985600,14.4,7.72,8.81,640.8,106.1,4.37,0.821,0.098,3.42,,,Ⅲ
2021-11-27T16:00:00+08:00,1638000000,14.4,7.73,8.8,643.3,54.8,3.64,0.55,0.078,3.22,,,Ⅲ
2021-11-27T20:00:00+08:00,1638014400,13.5,7.69,8.44,641.5,38.6,3.4,0.425,0.068,3.08,,,Ⅱ
2021-11-28T00:00:00+08:00,1638028800,13.1,7.67,8.34,641.3,29.9,3.4,0.425,0.068,3.08,,,Ⅱ
2021-11-28T04:00:00+08:00,1638043200,13.0,7.61,7.9,639.5,18.0,3.14,0.268,0.068,3.4,,,Ⅱ
2021-11-28T08:00:00+08:00,1638057600,12.6,7.6,7.88,646.4,22.9,3.13,0.29,0.054,3.14,,,Ⅱ
2021-11-28T12:00:00+08:00,1638072000,14.1,7.73,8.83,642.2,57.4,3.65,0.53,0.075,3.24,,,Ⅲ
2021-11-28T16:00:00+08:00,1638086400,14.1,7.74,8.87,639.3,48.1,3.14,0.498,0.189,5.06,,,Ⅲ
2021-11-28T20:00:00+08:00,1638100800,13.8,7.61,7.91,639.0,21.9,3.14,0.306,0.062,3.49,,,Ⅱ
2021-11-29T00:00:00+08:00,1638115200,13.6,7.58,7.59,641.0,17.5,3.14,0.306,0.062,3.49,,,Ⅱ
2021-11-29T04:00:00+08:00,1638129600,13.6,7.59,7.7,638.4,19.8,3.08,0.271,0.061,2.83,,,Ⅱ
2021-11-29T08:00:00+08:00,1638144000,13.2,7.53,7.19,647.8,15.2,2.93,0.249,0.058,3.12,,,Ⅱ
2021-11-29T12:00:00+08:00,1638158400,14.2,7.61,7.97,643.7,14.0,2.93,0.241,0.056,2.66,,,Ⅱ
2021-11-30T08:00:00+08:00,1638230400,13.2,7.56,7.37,649.7,21.9,3.13,0.312,0.064,2.79,,,Ⅱ
2021-11-30T12:00:00+08:00,1638244800,14.5,7.67,8.41,645.7,19.5,2.95,0.286,0.076,2.82,,,Ⅱ
2021-11-30T16:00:00+08:00,1638259200,14.2,7.74,8.72,642.3,26.6,3.16,0.329,0.062,2.87,,,Ⅱ
2021-11-30T20:00:00+08:00,1638273600,13.2,7.7,8.34,646.7,22.2,3.11,0.297,0.063,3.0,,,Ⅱ
2021-12-01T04:00:00+08:00,1638302400,12.0,7.84,9.35,638.9,26.0,3.14,0.35,0.058,2.78,,,Ⅱ
2021-12-01T12:00:00+08:00,1638331200,13.1,7.78,9.08,644.1,27.8,3.16,0.327,0.061,2.87,,,Ⅱ
2021-12-01T16:00:00+08:00,1638345600,12.5,7.96,9.98,645.9,30.2,3.16,0.398,0.063,2.83,,,Ⅱ
2021-12-01T20:00:00+08:00,1638360000,11.7,7.95,9.78,642.6,36.1,2.89,0.426,0.057,2.72,,,Ⅱ
2021-12-02T00:00:00+08:00,1638374400,11.3,7.77,9.09,650.9,19.1,2.89,0.426,0.057,2.72,,,Ⅱ
2021-12-02T04:00:00+08:00,1638388800,10.9,7.73,8.9,654.8,19.7,3.16,0.289,0.054,2.58,,,Ⅱ
2021-12-02T12:00:00+08:00,1638417600,12.2,7.81,9.4,654.8,18.2,3.39,0.263,0.058,2.66,,,Ⅱ
2021-12-03T12:00:00+08:00,1638504000,12.1,7.77,9.42,647.2,13.2,2.86,,0.054,2.4,,,
2021-12-07T16:00:00+08:00,1638864000,12.6,7.98,9.72,647.0,54.3,3.39,0.487,0.061,2.8,,,Ⅱ
2021-12-07T20:00:00+08:00,1638878400,11.8,7.88,9.11,652.8,34.9,3.4,0.45,0.056,2.6,,,Ⅱ
2021-12-08T08:00:00+08:00,1638921600,11.3,7.87,9.1,653.6,27.3,2.9,0.348,0.056,2.64,,,Ⅱ
2021-12-08T12:00:00+08:00,1638936000,12.9,7.82,10.17,651.3,43.5,2.9,0.348,0.056,2.64,,,Ⅱ
2021-12-08T16:00:00+08:00,1638950400,12.6,7.72,8.32,652.3,52.5,3.63,0.283,0.066,2.85,,,Ⅱ
2021-12-08T20:00:00+08:00,1638964800,12.1,7.69,7.97,656.8,29.6,3.42,0.16,0.055,2.59,,,Ⅱ
2021-12-09T00:00:00+08:00,1638979200,11.8,7.85,9.07,653.9,26.5,3.42,0.16,0.055,2.59,,,Ⅱ
2021-12-09T04:00:00+08:00,1638993600,11.6,7.74,8.19,661.4,25.8,3.17,0.144,0.054,2.54,,,Ⅱ
2021-12-09T08:00:00+08:00,1639008000,11.5,7.66,7.48,662.3,19.2,2.91,0.113,0.05,2.35,,,Ⅱ
2021-12-09T16:00:00+08:00,1639036800,12.5,7.79,8.81,659.5,16.2,3.15,0.113,0.053,2.59,,,Ⅱ
2021-12-10T13:07:00+08:00,1639112820,,,,,,,,,,,,
2021-12-10T17:07:00+08:00,1639127220,,,,,,,,,,,,
2021-12-14T08:00:00+08:00,1639440000,10.2,7.77,7.6,655.8,22.8,3.63,0.544,0.066,2.69,,,Ⅲ
2021-12-14T12:00:00+08:00,1639454400,10.8,7.83,8.17,654.8,18.8,2.93,0.278,0.052,2.35,,,Ⅱ
2021-12-14T16:00:00+08:00,1639468800,11.3,7.9,8.89,653.4,32.7,3.13,0.33,0.057,2.63,,,Ⅱ
2021-12-14T20:00:00+08:00,1639483200,10.8,7.87,8.52,654.5,31.6,3.14,0.336,0.054,2.51,,,Ⅱ
2021-12-15T00:00:00+08:00,1639497600,10.2,7.77,7.71,659.0,21.6,3.14,0.336,0.054,2.51,,,Ⅱ
2021-12-15T04:00:00+08:00,1639512000,10.1,7.74,7.45,660.8,19.0,3.17,0.28,0.049,2.69,,,Ⅱ
2021-12-21T12:00:00+08:00,1640059200,10.6,7.8,8.5,630.7,15.4,2.45,0.271,0.053,2.14,,,Ⅱ
2021-12-21T16:00:00+08:00,1640073600,11.0,7.87,9.14,629.5,15.2,2.61,0.252,0.051,2.22,,,Ⅱ
2021-12-22T08:00:00+08:00,1640131200,9.2,7.71,7.5,639.0,21.8,2.65,0.299,0.051,2.29,,,Ⅱ
2021-12-22T16:00:00+08:00,1640160000,11.3,7.83,10.91,633.0,28.7,2.92,0.349,0.058,2.19,,,Ⅱ
2021-12-22T20:00:00+08:00,1640174400,10.5,7.74,7.98,636.7,26.1,2.45,0.349,0.054,2.32,,,Ⅱ
2021-12-23T00:00:00+08:00,1640188800,10.1,7.76,8.05,639.1,25.9,2.66,0.345,0.054,2.28,,,Ⅱ
2021-12-23T04:00:00+08:00,1640203200,9.6,7.68,7.28,641.5,17.4,2.9,0.371,0.054,2.48,,,Ⅱ
2021-12-23T08:00:00+08:00,1640217600,9.6,7.69,7.35,640.3,19.1,2.66,0.311,0.051,2.29,,,Ⅱ
2021-12-23T12:00:00+08:00,1640232000,11.7,7.8,8.76,636.5,21.4,2.43,0.293,0.051,2.41,,,Ⅱ
2021-12-23T16:00:00+08:00,1640246400,11.6,7.84,8.97,644.5,33.8,2.65,0.335,0.062,2.6,,,Ⅱ
2021-12-23T20:00:00+08:00,1640260800,10.9,7.78,8.3,649.4,61.1,2.65,0.335,0.062,2.6,,,Ⅱ
2021-12-24T00:00:00+08:00,1640275200,10.6,7.75,7.98,653.4,44.1,3.14,0.526,0.066,2.72,,,Ⅲ
2021-12-24T04:00:00+08:00,1640289600,10.5,7.68,7.42,657.4,26.8,3.14,0.526,0.066,2.72,,,Ⅲ
2021-12-24T12:00:00+08:00,1640318400,11.4,7.76,8.2,659.0,18.8,2.91,0.255,0.051,2.54,,,Ⅱ
2021-12-27T16:00:00+08:00,1640592000,7.0,8.16,11.68,699.1,26.7,2.46,0.369,0.067,2.55,,,Ⅱ
2021-12-27T20:00:00+08:00,1640606400,6.1,8.06,10.93,704.5,25.8,2.41,0.351,0.062,2.88,,,Ⅱ
2021-12-28T00:00:00+08:00,1640620800,5.4,7.99,10.4,705.1,23.6,2.41,0.351,0.062,2.88,,,Ⅱ
2021-12-28T04:00:00+08:00,1640635200,4.9,7.95,9.99,705.3,20.7,2.13,0.333,0.06,2.86,,,Ⅱ
2021-12-28T08:00:00+08:00,1640649600,4.7,7.91,9.89,702.6,20.3,2.16,0.316,0.059,2.81,,,Ⅱ
2021-12-28T16:00:00+08:00,1640678400,6.1,8.1,11.39,681.8,19.8,2.64,0.374,0.059,2.6,,,Ⅱ
2021-12-30T12:00:00+08:00,1640836800,7.7,8.0,10.74,654.4,23.1,2.66,0.366,0.06,2.46,,,Ⅱ
2022-01-11T08:00:00+08:00,1641859200,7.4,7.66,8.6,629.0,27.9,3.04,0.387,0.071,2.66,,,Ⅱ
2022-01-11T12:00:00+08:00,1641873600,8.9,7.83,9.49,623.5,28.3,3.01,0.421,0.076,2.66,,,Ⅱ
2022-01-11T16:00:00+08:00,1641888000,8.9,7.91,9.94,624.3,28.4,3.04,0.422,0.081,2.66,,,Ⅱ
2022-01-12T08:00:00+08:00,1641945600,6.4,7.73,8.48,629.7,34.9,3.04,0.528,0.081,2.66,,,Ⅲ
2022-01-12T12:00:00+08:00,1641960000,8.3,7.94,10.43,627.3,25.9,3.03,0.501,0.082,2.66,,,Ⅲ
2022-01-12T16:00:00+08:00,1641974400,8.9,8.1,11.29,623.0,24.5,2.8,0.451,0.084,,,,Ⅱ
2022-01-14T12:00:00+08:00,1642132800,8.1,8.06,11.14,622.9,40.7,3.05,0.507,0.084,3.45,,,Ⅲ
2022-01-14T16:00:00+08:00,1642147200,8.0,8.13,11.41,622.2,36.2,3.04,0.452,0.079,3.11,,,Ⅱ
2022-01-19T08:00:00+08:00,1642550400,7.6,7.81,8.84,615.3,34.5,3.07,0.411,0.077,3.04,,,Ⅱ
2022-01-19T12:00:00+08:00,1642564800,9.2,7.95,10.25,614.3,26.7,3.03,0.367,0.077,3.0,,,Ⅱ
2022-01-19T16:00:00+08:00,1642579200,10.0,8.14,11.64,610.1,26.3,3.04,0.322,0.078,2.72,,,Ⅱ
2022-01-19T20:00:00+08:00,1642593600,9.2,7.97,10.21,620.0,27.3,3.01,0.359,0.069,2.93,,,Ⅱ
2022-01-20T00:00:00+08:00,1642608000,8.5,7.87,9.33,628.7,26.6,3.01,0.359,0.069,2.93,,,Ⅱ
2022-01-20T04:00:00+08:00,1642622400,8.0,7.8,8.76,630.1,28.4,2.84,0.314,0.064,2.71,,,Ⅱ
2022-01-20T08:00:00+08:00,1642636800,7.8,7.77,8.52,630.2,24.8,2.98,0.319,0.066,2.94,,,Ⅱ
2022-01-20T12:00:00+08:00,1642651200,8.6,8.01,10.62,634.0,31.0,3.03,0.333,0.069,2.98,,,Ⅱ
2022-01-20T16:00:00+08:00,1642665600,9.3,8.37,12.77,627.6,27.9,3.03,0.312,0.069,3.11,,,Ⅱ
2022-01-20T20:00:00+08:00,1642680000,8.6,8.14,11.12,636.6,27.4,3.02,0.33,0.066,3.07,,,Ⅱ
2022-01-21T00:00:00+08:00,1642694400,7.8,7.95,10.01,641.9,37.7,3.02,0.33,0.066,3.07,,,Ⅱ
2022-01-21T04:00:00+08:00,1642708800,7.6,7.8,8.82,646.2,28.9,2.79,0.366,0.067,3.13,,,Ⅱ
2022-01-21T08:00:00+08:00,1642723200,7.6,7.76,8.44,648.0,28.4,3.02,0.362,0.069,3.12,,,Ⅱ
2022-01-21T12:00:00+08:00,1642737600,8.0,7.94,9.97,646.0,48.6,3.3,0.492,0.078,3.35,,,Ⅱ
2022-02-10T08:00:00+08:00,1644451200,6.7,7.75,9.11,590.8,23.6,2.58,0.412,0.077,3.67,,,Ⅱ
2022-02-10T12:00:00+08:00,1644465600,7.3,7.85,10.05,588.8,25.0,3.29,0.408,0.076,3.25,,,Ⅱ
2022-02-11T08:00:00+08:00,1644537600,6.9,7.73,9.11,595.2,25.3,3.26,0.411,0.07,3.31,,,Ⅱ
2022-02-11T16:00:00+08:00,1644566400,7.3,7.86,10.02,588.3,65.7,3.8,0.782,0.078,3.49,,,Ⅲ
2022-02-11T20:00:00+08:00,1644580800,7.1,7.8,9.51,587.2,42.1,3.31,0.6,0.079,3.36,,,Ⅲ
2022-02-12T00:00:00+08:00,1644595200,7.0,7.76,9.18,584.5,35.8,3.31,0.6,0.079,3.36,,,Ⅲ
2022-02-12T04:00:00+08:00,1644609600,7.0,7.74,8.91,584.6,23.9,3.02,0.466,0.073,3.28,,,Ⅱ
2022-02-12T16:00:00+08:00,1644652800,7.4,7.94,10.59,585.5,18.6,3.24,0.363,0.072,3.3,,,Ⅱ
2022-02-12T20:00:00+08:00,1644667200,7.3,7.86,9.89,588.1,18.1,2.81,0.339,0.067,3.18,,,Ⅱ
2022-02-13T00:00:00+08:00,1644681600,7.3,7.75,8.93,588.7,18.6,2.81,0.339,0.067,3.18,,,Ⅱ
2022-02-13T04:00:00+08:00,1644696000,7.2,7.73,8.73,588.4,19.2,2.8,0.361,0.066,3.22,,,Ⅱ
2022-02-13T08:00:00+08:00,1644710400,7.1,7.7,8.54,589.4,16.7,2.78,0.364,0.07,3.35,,,Ⅱ
2022-02-13T12:00:00+08:00,1644724800,7.4,7.8,9.38,587.7,18.8,2.85,0.353,0.066,3.35,,,Ⅱ
2022-02-13T16:00:00+08:00,1644739200,7.6,7.93,10.41,586.2,19.4,3.03,0.337,0.067,3.56,,,Ⅱ
2022-02-13T20:00:00+08:00,1644753600,7.4,7.87,9.87,588.6,15.6,3.01,0.317,0.063,3.12,,,Ⅱ
2022-02-14T00:00:00+08:00,1644768000,7.1,7.77,9.12,592.7,16.6,3.01,0.317,0.063,3.12,,,Ⅱ
2022-02-14T04:00:00+08:00,1644782400,6.8,7.71,8.53,591.0,19.5,2.78,0.361,0.064,3.15,,,Ⅱ
2022-02-18T08:00:00+08:00,1645142400,6.2,7.85,9.63,590.1,17.0,2.81,0.383,0.067,3.11,,,Ⅱ
2022-02-18T12:00:00+08:00,1645156800,6.6,7.95,10.44,594.2,24.9,3.02,0.392,0.065,3.04,,,Ⅱ
2022-02-18T16:00:00+08:00,1645171200,6.5,8.11,11.29,592.7,25.1,3.27,0.391,0.069,3.1,,,Ⅱ
2022-02-18T20:00:00+08:00,1645185600,6.6,8.09,11.05,585.5,21.9,3.03,0.336,0.064,2.98,,,Ⅱ
2022-02-19T00:00:00+08:00,1645200000,6.2,7.98,10.49,597.5,17.4,3.03,0.336,0.064,2.98,,,Ⅱ
2022-02-19T04:00:00+08:00,1645214400,6.0,7.9,9.97,596.7,13.8,2.77,0.286,0.065,2.9,,,Ⅱ
2022-02-19T08:00:00+08:00,1645228800,6.0,7.88,9.82,594.6,13.9,2.27,0.296,0.065,2.92,,,Ⅱ
2022-02-22T12:00:00+08:00,1645502400,6.8,8.08,11.24,593.9,12.7,2.96,0.255,0.055,2.93,,,Ⅱ
2022-02-22T16:00:00+08:00,1645516800,7.4,8.48,13.92,587.7,12.4,2.8,0.247,0.059,2.92,,,Ⅱ
2022-02-22T20:00:00+08:00,1645531200,7.1,8.34,12.93,589.3,13.1,2.77,0.217,0.055,2.77,,,Ⅱ
2022-02-23T00:00:00+08:00,1645545600,6.8,8.05,11.2,593.3,12.2,2.77,0.217,0.055,2.77,,,Ⅱ
2022-02-23T04:00:00+08:00,1645560000,6.4,7.91,10.3,595.5,13.8,2.77,0.246,0.053,2.91,,,Ⅱ
2022-02-23T08:00:00+08:00,1645574400,6.4,7.9,10.26,593.0,15.1,2.77,0.253,0.055,2.88,,,Ⅱ
2022-02-23T12:00:00+08:00,1645588800,7.4,8.04,11.27,588.1,15.1,3.01,0.089,0.058,2.99,,,Ⅱ
2022-02-23T16:00:00+08:00,1645603200,8.3,8.56,14.41,585.8,12.8,2.25,0.194,0.058,2.82,,,Ⅱ
2022-03-01T08:00:00+08:00,1646092800,11.3,7.74,8.27,623.9,14.0,2.25,0.228,0.048,2.94,,,Ⅱ
2022-03-01T12:00:00+08:00,1646107200,12.8,8.2,11.54,613.3,13.2,2.5,0.18,0.048,2.72,,,Ⅱ
2022-03-01T16:00:00+08:00,1646121600,13.0,8.32,12.42,613.5,14.3,2.49,0.203,0.047,2.87,,,Ⅱ
2022-03-02T08:00:00+08:00,1646179200,11.2,7.97,9.6,630.2,13.5,2.19,0.209,0.046,2.92,,,Ⅱ
2022-03-02T12:00:00+08:00,1646193600,12.6,8.43,12.84,619.0,11.2,2.5,0.163,0.047,2.74,,,Ⅱ
2022-03-07T08:00:00+08:00,1646611200,11.6,7.89,8.34,640.0,18.1,2.76,0.272,0.054,3.0,,,Ⅱ
2022-03-07T12:00:00+08:00,1646625600,12.9,8.25,10.62,632.0,11.8,2.5,0.197,0.06,2.83,,,Ⅱ
2022-03-08T08:00:00+08:00,1646697600,11.9,7.81,8.1,640.3,13.5,2.74,0.212,0.048,2.76,,,Ⅱ
2022-03-08T12:00:00+08:00,1646712000,13.7,8.37,11.76,628.8,11.3,2.68,0.246,0.051,2.86,,,Ⅱ
2022-03-08T16:00:00+08:00,1646726400,14.9,8.53,13.66,624.2,19.3,2.69,0.189,0.053,2.95,,,Ⅱ
2022-03-08T20:00:00+08:00,1646740800,13.7,8.15,10.27,631.7,17.9,2.75,0.193,0.065,2.72,,,Ⅱ
2022-03-09T00:00:00+08:00,1646755200,12.8,7.94,8.82,640.0,36.1,2.75,0.192,0.057,2.64,,,Ⅱ
2022-03-09T04:00:00+08:00,1646769600,12.4,7.74,7.46,640.6,46.5,2.75,0.192,0.057,2.64,,,Ⅱ
2022-03-09T08:00:00+08:00,1646784000,12.5,7.87,8.3,642.8,27.1,3.47,0.465,0.058,2.8,,,Ⅱ
2022-03-09T12:00:00+08:00,1646798400,14.0,8.11,9.88,635.3,23.0,2.49,0.312,0.06,2.87,,,Ⅱ
2022-03-09T16:00:00+08:00,1646812800,15.4,8.48,12.69,627.9,19.2,2.76,0.221,0.059,2.91,,,Ⅱ
2022-03-10T08:00:00+08:00,1646870400,13.0,7.75,7.56,641.4,49.2,3.71,0.628,0.096,3.37,,,Ⅲ
2022-03-10T12:00:00+08:00,1646884800,14.6,8.04,9.31,633.1,32.0,3.24,0.518,0.09,3.18,,,Ⅲ
2022-03-10T16:00:00+08:00,1646899200,15.3,8.3,10.84,630.2,24.6,2.99,0.343,0.079,3.24,,,Ⅱ
2022-03-11T04:00:00+08:00,1646942400,13.7,7.68,6.53,635.9,16.3,2.51,0.234,0.062,2.78,,,Ⅱ
2022-03-11T12:00:00+08:00,1646971200,15.7,8.06,9.53,625.3,12.6,2.24,0.218,0.063,2.84,,,Ⅱ
2022-03-11T16:00:00+08:00,1646985600,16.1,8.14,9.81,623.1,14.4,2.75,0.197,0.065,2.78,,,Ⅱ
2022-03-11T20:00:00+08:00,1647000000,15.8,7.97,8.52,626.1,13.7,2.73,0.184,0.064,2.68,,,Ⅱ
2022-03-12T16:00:00+08:00,1647072000,18.6,8.42,11.14,613.2,15.1,3.0,0.201,0.073,2.88,,,Ⅱ
2022-03-12T20:00:00+08:00,1647086400,17.7,8.14,8.94,618.1,22.0,2.75,0.257,0.07,2.71,,,Ⅱ
2022-03-13T00:00:00+08:00,1647100800,17.1,7.86,7.11,621.5,28.0,2.75,0.257,0.07,2.71,,,Ⅱ
2022-03-13T04:00:00+08:00,1647115200,16.6,7.6,5.14,624.6,26.1,2.77,0.332,0.071,2.8,,,Ⅲ
2022-03-13T08:00:00+08:00,1647129600,16.7,7.64,5.44,623.7,18.2,2.49,0.283,0.069,2.78,,,Ⅲ
2022-03-13T12:00:00+08:00,1647144000,17.8,7.84,7.46,619.8,13.1,2.74,0.2,0.067,2.62,,,Ⅱ
2022-03-13T16:00:00+08:00,1647158400,19.0,8.25,9.8,609.5,12.5,2.97,0.202,0.07,2.6,,,Ⅱ
2022-03-13T20:00:00+08:00,1647172800,18.4,7.94,7.7,612.7,14.4,2.74,0.214,0.065,2.5,,,Ⅱ
2022-03-14T00:00:00+08:00,1647187200,17.7,7.71,5.92,615.7,15.0,2.74,0.214,0.065,2.5,,,Ⅲ
2022-03-14T04:00:00+08:00,1647201600,17.3,7.6,5.01,616.8,17.5,2.72,0.275,0.068,2.48,,,Ⅲ
2022-03-14T12:00:00+08:00,1647230400,19.7,8.07,10.06,606.5,14.0,2.74,0.204,0.071,2.49,,,Ⅱ
2022-03-14T16:00:00+08:00,1647244800,19.1,8.0,8.18,608.7,12.6,2.51,0.216,0.071,2.66,,,Ⅱ
2022-03-15T08:00:00+08:00,1647302400,16.5,7.83,6.65,617.2,16.6,2.3,0.271,0.075,2.43,,,Ⅱ
2022-03-15T16:00:00+08:00,1647331200,19.0,8.26,9.68,608.1,15.6,2.5,0.264,0.077,2.49,,,Ⅱ
2022-03-16T00:00:00+08:00,1647360000,17.6,7.8,6.38,617.8,19.3,2.76,0.253,0.073,2.34,,,Ⅱ
2022-03-16T04:00:00+08:00,1647374400,16.9,7.66,5.27,614.6,18.0,2.76,0.253,0.073,2.34,,,Ⅱ
2022-03-16T12:00:00+08:00,1647403200,18.9,8.02,8.8,606.2,13.3,2.51,0.285,0.083,2.32,,,Ⅱ
2022-03-16T16:00:00+08:00,1647417600,19.6,8.21,9.64,607.1,11.3,2.48,0.236,0.075,2.25,,,Ⅱ
2022-03-16T20:00:00+08:00,1647432000,19.4,8.02,8.1,612.9,18.3,2.95,0.214,0.076,2.17,,,Ⅱ
2022-03-17T00:00:00+08:00,1647446400,18.9,7.76,6.17,615.2,24.8,3.0,0.261,0.08,2.31,,,Ⅱ
2022-03-17T04:00:00+08:00,1647460800,18.2,7.53,3.86,614.5,28.3,3.0,0.261,0.08,2.31,,,Ⅱ
2022-03-17T08:00:00+08:00,1647475200,18.1,7.65,5.05,616.5,25.6,3.19,0.457,0.088,2.43,,,Ⅲ
2022-03-17T12:00:00+08:00,1647489600,18.0,7.67,5.44,603.1,23.7,2.75,0.404,0.087,2.3,,,Ⅲ
2022-03-17T16:00:00+08:00,1647504000,17.6,7.62,4.97,599.0,21.4,2.99,0.42,0.089,2.4,,,Ⅳ
2022-03-17T20:00:00+08:00,1647518400,16.9,7.66,5.26,604.4,16.3,3.2,0.388,0.084,2.44,,,Ⅲ
2022-03-18T08:00:00+08:00,1647561600,15.0,7.69,5.77,610.1,18.1,2.47,0.374,0.086,2.53,,,Ⅲ
2022-03-18T12:00:00+08:00,1647576000,15.0,7.63,5.14,611.8,11.5,2.68,0.327,0.088,2.48,,,Ⅲ
2022-03-18T16:00:00+08:00,1647590400,15.1,7.74,6.32,613.4,11.6,2.5,0.303,0.08,2.39,,,Ⅱ
2022-03-23T12:00:00+08:00,1648008000,11.6,7.84,9.01,645.0,17.8,2.06,0.471,0.065,2.61,,,Ⅱ
2022-03-24T16:00:00+08:00,1648108800,13.8,7.83,8.94,635.2,111.7,3.08,0.443,0.086,2.9,,,Ⅱ
2022-03-24T20:00:00+08:00,1648123200,12.6,7.7,7.9,622.2,132.3,4.59,0.772,0.113,3.27,,,Ⅲ
2022-03-25T00:00:00+08:00,1648137600,12.5,7.86,8.95,628.9,85.1,5.1,1.01,0.132,3.43,,,Ⅳ
2022-03-25T04:00:00+08:00,1648152000,12.5,7.6,6.95,621.2,56.1,5.1,1.01,0.132,3.43,,,Ⅳ
2022-03-25T08:00:00+08:00,1648166400,12.9,7.62,7.23,608.7,55.2,3.82,0.584,0.1,3.08,,,Ⅲ
2022-03-25T12:00:00+08:00,1648180800,13.4,7.82,8.56,615.7,110.0,4.13,0.563,0.099,3.0,,,Ⅲ
2022-03-25T16:00:00+08:00,1648195200,13.8,7.79,8.37,614.5,79.7,3.6,0.805,0.112,3.23,,,Ⅲ
2022-03-25T20:00:00+08:00,1648209600,13.5,7.54,6.38,595.2,24.1,3.83,0.67,0.104,3.15,,,Ⅲ
2022-03-26T00:00:00+08:00,1648224000,13.4,7.52,6.25,592.4,23.4,2.84,0.352,0.086,2.89,,,Ⅱ
2022-03-26T04:00:00+08:00,1648238400,13.3,7.57,6.71,595.3,25.5,2.84,0.352,0.086,2.89,,,Ⅱ
2022-03-26T08:00:00+08:00,1648252800,13.2,7.63,7.16,596.1,25.3,3.34,0.323,0.086,2.87,,,Ⅱ
2022-03-26T12:00:00+08:00,1648267200,14.2,7.77,8.38,593.4,23.1,2.83,0.315,0.086,2.63,,,Ⅱ
2022-03-26T16:00:00+08:00,1648281600,14.4,7.86,8.88,595.3,20.8,2.58,0.276,0.086,2.57,,,Ⅱ
2022-03-26T20:00:00+08:00,1648296000,14.0,7.69,7.63,596.2,18.9,2.63,0.248,0.084,2.62,,,Ⅱ
2022-03-27T00:00:00+08:00,1648310400,13.8,7.58,6.68,593.2,17.0,2.86,0.254,0.081,2.66,,,Ⅱ
2022-03-27T04:00:00+08:00,1648324800,13.5,7.58,6.64,593.5,16.5,2.86,0.254,0.081,2.66,,,Ⅱ
2022-03-27T08:00:00+08:00,1648339200,13.5,7.56,6.5,591.0,17.7,2.86,0.267,0.082,2.69,,,Ⅱ
2022-03-27T12:00:00+08:00,1648353600,14.6,7.69,7.76,589.9,14.1,2.84,0.284,0.083,2.71,,,Ⅱ
2022-03-27T16:00:00+08:00,1648368000,14.8,7.82,8.66,591.1,15.4,2.56,0.228,0.083,2.82,,,Ⅱ
2022-03-28T08:00:00+08:00,1648425600,13.1,7.57,6.56,598.6,19.3,3.07,0.363,0.097,2.82,,,Ⅱ
2022-03-28T12:00:00+08:00,1648440000,13.8,7.73,8.36,599.0,15.1,2.84,0.23,0.084,2.8,,,Ⅱ
2022-03-28T16:00:00+08:00,1648454400,14.3,7.86,8.92,598.2,13.1,2.58,0.178,0.079,2.56,,,Ⅱ
2022-03-28T20:00:00+08:00,1648468800,14.0,7.84,8.73,601.1,14.5,2.52,0.178,0.076,2.49,,,Ⅱ
2022-03-29T00:00:00+08:00,1648483200,13.1,7.72,7.8,602.0,38.5,2.52,0.178,0.076,2.49,,,Ⅱ
2022-03-29T04:00:00+08:00,1648497600,12.7,7.77,7.98,603.6,31.7,2.83,0.353,0.089,2.62,,,Ⅱ
2022-03-29T12:00:00+08:00,1648526400,14.9,7.84,8.75,601.2,28.2,3.09,0.294,0.089,2.74,,,Ⅱ
2022-03-29T16:00:00+08:00,1648540800,15.2,7.96,9.24,601.1,18.8,2.83,0.207,0.08,2.6,,,Ⅱ
2022-03-29T20:00:00+08:00,1648555200,14.8,7.98,9.25,609.4,30.8,2.83,0.207,0.08,2.6,,,Ⅱ
2022-03-30T00:00:00+08:00,1648569600,14.2,7.76,7.9,604.4,50.6,3.09,0.252,0.082,2.49,,,Ⅱ
2022-03-30T04:00:00+08:00,1648584000,13.9,7.75,7.74,603.4,22.4,3.06,0.269,0.085,5.64,,,Ⅱ
2022-03-30T12:00:00+08:00,1648612800,15.6,7.95,9.38,596.3,11.4,2.8,0.101,0.071,2.54,,,Ⅱ
2022-03-30T16:00:00+08:00,1648627200,15.9,8.12,9.91,604.2,11.6,2.61,0.094,0.068,2.35,,,Ⅱ
2022-03-30T20:00:00+08:00,1648641600,15.6,8.02,9.39,605.3,12.9,2.8,0.112,0.068,2.33,,,Ⅱ
2022-03-31T00:00:00+08:00,1648656000,15.1,7.82,8.17,609.6,11.3,2.8,0.112,0.068,2.33,,,Ⅱ
2022-03-31T04:00:00+08:00,1648670400,14.8,7.71,7.26,608.8,10.0,2.6,0.1,0.064,2.28,,,Ⅱ
2022-03-31T08:00:00+08:00,1648684800,14.6,7.76,7.69,614.2,10.0,2.57,0.101,0.06,2.29,,,Ⅱ
2022-03-31T12:00:00+08:00,1648699200,14.9,7.92,9.0,613.4,10.5,2.59,0.074,0.057,2.24,,,Ⅱ
2022-03-31T16:00:00+08:00,1648713600,14.8,7.93,9.01,610.5,9.9,2.59,0.086,0.058,2.24,,,Ⅱ
2022-03-31T20:00:00+08:00,1648728000,14.4,8.04,9.29,616.6,11.5,2.58,0.094,0.059,2.28,,,Ⅱ
2022-04-01T00:00:00+08:00,1648742400,13.9,7.82,8.03,615.3,8.6,2.58,0.094,0.059,2.28,,,Ⅱ
2022-04-01T04:00:00+08:00,1648756800,13.4,7.69,7.04,614.7,10.0,2.6,0.152,0.06,2.23,,,Ⅱ
2022-04-01T12:00:00+08:00,1648785600,14.2,8.3,10.9,619.5,8.1,2.59,0.058,0.058,2.26,,,Ⅱ
2022-04-01T16:00:00+08:00,1648800000,14.5,8.3,10.75,614.8,8.9,2.57,0.101,0.057,2.3,,,Ⅱ
2022-04-01T20:00:00+08:00,1648814400,13.9,8.15,9.7,621.8,10.0,2.57,0.106,0.053,2.17,,,Ⅱ
2022-04-02T00:00:00+08:00,1648828800,13.3,7.94,8.68,622.9,10.1,2.57,0.106,0.053,2.17,,,Ⅱ
2022-04-02T04:00:00+08:00,1648843200,13.0,7.76,7.65,620.3,9.9,2.61,0.154,0.055,2.39,,,Ⅱ
2022-04-02T08:00:00+08:00,1648857600,12.9,7.88,8.44,623.3,8.8,2.59,0.145,0.056,2.19,,,Ⅱ
2022-04-02T16:00:00+08:00,1648886400,14.8,8.5,11.77,619.5,8.2,2.59,0.073,0.054,2.28,,,Ⅱ
2022-04-02T20:00:00+08:00,1648900800,14.5,8.54,11.72,623.1,8.2,2.88,0.064,0.059,2.27,,,Ⅱ
2022-04-03T00:00:00+08:00,1648915200,13.7,8.3,10.31,626.1,15.5,2.88,0.064,0.059,2.27,,,Ⅱ
2022-04-03T04:00:00+08:00,1648929600,13.4,7.99,8.88,629.2,10.0,2.86,0.13,0.057,2.3,,,Ⅱ
2022-04-03T08:00:00+08:00,1648944000,13.4,7.84,8.27,624.6,7.1,2.87,0.125,0.052,2.27,,,Ⅱ
2022-04-03T12:00:00+08:00,1648958400,15.0,8.46,11.73,620.5,7.1,2.58,0.066,0.053,2.19,,,Ⅱ
2022-04-03T16:00:00+08:00,1648972800,15.9,8.71,13.09,618.6,6.4,2.59,0.053,0.05,2.27,,,Ⅱ
2022-04-03T20:00:00+08:00,1648987200,15.0,8.39,10.81,620.3,12.8,3.36,0.12,0.06,2.29,,,Ⅱ
2022-04-04T00:00:00+08:00,1649001600,14.5,8.3,10.02,625.2,21.8,3.36,0.12,0.06,2.29,,,Ⅱ
2022-04-04T04:00:00+08:00,1649016000,13.8,7.92,8.67,623.1,13.6,3.1,0.205,0.058,2.3,,,Ⅱ
2022-04-04T08:00:00+08:00,1649030400,13.7,7.95,9.1,619.6,9.5,3.33,0.117,0.059,2.29,,,Ⅱ
2022-04-04T12:00:00+08:00,1649044800,15.4,8.58,12.18,616.2,8.6,3.35,0.101,0.064,2.35,,,Ⅱ
2022-04-04T16:00:00+08:00,1649059200,16.4,8.83,13.94,613.1,7.0,3.1,0.066,0.06,2.27,,,Ⅱ
2022-04-04T20:00:00+08:00,1649073600,15.5,8.6,11.86,615.2,12.3,3.34,0.13,0.059,2.34,,,Ⅱ
2022-04-05T00:00:00+08:00,1649088000,14.8,8.43,10.21,622.1,27.3,3.34,0.13,0.059,2.34,,,Ⅱ
2022-04-05T04:00:00+08:00,1649102400,14.4,7.95,8.89,613.8,17.8,3.81,0.263,0.066,2.46,,,Ⅱ
2022-04-05T08:00:00+08:00,1649116800,14.4,7.92,8.87,611.3,13.3,3.84,0.192,0.065,2.19,,,Ⅱ
2022-04-05T12:00:00+08:00,1649131200,14.5,8.09,9.5,612.6,7.4,3.4,0.117,0.056,2.08,,,Ⅱ
2022-04-05T16:00:00+08:00,1649145600,14.9,8.37,10.72,614.1,5.9,3.29,0.103,0.051,2.07,,,Ⅱ
2022-04-05T20:00:00+08:00,1649160000,14.8,8.2,9.97,611.2,5.8,3.14,0.107,0.048,2.12,,,Ⅱ
2022-04-06T00:00:00+08:00,1649174400,14.4,8.05,9.12,613.6,6.0,3.14,0.107,0.048,2.12,,,Ⅱ
2022-04-06T04:00:00+08:00,1649188800,14.1,7.88,8.32,609.7,5.6,3.11,0.116,0.05,2.08,,,Ⅱ
2022-04-06T08:00:00+08:00,1649203200,14.3,7.89,8.51,606.8,5.4,3.57,0.131,0.054,1.84,,,Ⅱ
2022-04-06T12:00:00+08:00,1649217600,15.7,8.28,10.5,607.3,5.6,3.37,0.134,0.053,1.97,,,Ⅱ
2022-04-06T16:00:00+08:00,1649232000,17.1,8.66,12.75,611.4,6.3,3.34,0.141,0.057,2.15,,,Ⅱ
2022-04-06T20:00:00+08:00,1649246400,16.5,8.38,10.69,610.4,8.4,3.57,0.155,0.054,2.24,,,Ⅱ
2022-04-07T08:00:00+08:00,1649289600,15.4,7.86,8.08,598.4,6.3,3.6,0.109,0.052,2.06,,,Ⅱ
2022-04-07T12:00:00+08:00,1649304000,16.6,8.15,9.92,594.0,5.6,3.86,0.113,0.063,1.96,,,Ⅱ
2022-04-07T16:00:00+08:00,1649318400,17.7,8.67,12.89,603.6,5.4,4.08,0.087,0.066,1.95,,,Ⅲ
2022-04-07T20:00:00+08:00,1649332800,17.4,8.36,10.64,596.3,5.3,3.6,0.115,0.06,2.12,,,Ⅱ
2022-04-08T00:00:00+08:00,1649347200,16.8,8.25,9.75,599.2,5.3,3.6,0.069,0.052,2.04,,,Ⅱ
2022-04-08T04:00:00+08:00,1649361600,16.4,7.99,8.56,595.8,7.2,3.6,0.069,0.052,2.04,,,Ⅱ
2022-04-08T08:00:00+08:00,1649376000,16.5,7.9,8.11,594.2,7.9,3.8,0.139,0.054,2.06,,,Ⅱ
2022-04-08T12:00:00+08:00,1649390400,18.3,8.28,10.42,588.8,6.5,4.07,0.141,0.062,1.98,,,Ⅲ
2022-04-08T16:00:00+08:00,1649404800,19.4,8.7,12.84,592.9,7.1,3.81,0.076,0.057,1.96,,,Ⅱ
2022-04-08T20:00:00+08:00,1649419200,18.4,8.34,9.96,592.0,10.8,3.59,0.086,0.054,2.14,,,Ⅱ
2022-04-09T00:00:00+08:00,1649433600,17.2,7.99,8.37,590.1,20.4,3.82,0.189,0.069,2.39,,,Ⅱ
2022-04-09T04:00:00+08:00,1649448000,16.9,7.9,7.93,590.9,10.9,3.82,0.189,0.069,2.39,,,Ⅱ
2022-04-09T08:00:00+08:00,1649462400,17.1,7.92,8.07,589.3,10.5,3.85,0.198,0.063,2.15,,,Ⅱ
2022-04-09T12:00:00+08:00,1649476800,19.3,8.56,11.64,579.3,6.6,4.31,0.172,0.063,2.01,,,Ⅲ
2022-04-09T20:00:00+08:00,1649505600,18.8,8.28,9.29,583.2,19.9,4.07,0.054,0.059,2.21,,,Ⅲ
2022-04-10T00:00:00+08:00,1649520000,18.0,7.92,7.56,584.2,22.0,4.82,0.346,0.076,2.09,,,Ⅲ
2022-04-10T04:00:00+08:00,1649534400,17.6,7.84,7.19,583.8,14.4,4.82,0.346,0.076,2.09,,,Ⅲ
2022-04-10T08:00:00+08:00,1649548800,18.0,7.8,6.86,584.8,12.6,4.14,0.279,0.065,2.05,,,Ⅲ
2022-04-10T16:00:00+08:00,1649577600,20.4,8.67,12.32,575.0,5.3,4.08,0.1,0.059,1.75,,,Ⅲ
2022-04-10T20:00:00+08:00,1649592000,19.7,8.31,9.21,585.1,7.3,3.85,0.053,0.054,1.69,,,Ⅱ
2022-04-11T00:00:00+08:00,1649606400,18.8,7.78,6.38,583.3,11.2,3.62,0.097,0.052,1.83,,,Ⅱ
2022-04-11T04:00:00+08:00,1649620800,18.4,7.73,6.04,580.9,8.8,3.62,0.097,0.052,1.83,,,Ⅱ
2022-04-11T08:00:00+08:00,1649635200,18.7,7.72,5.94,581.2,5.9,3.78,0.163,0.053,1.85,,,Ⅲ
2022-04-11T12:00:00+08:00,1649649600,21.0,8.25,9.68,571.1,4.9,3.39,0.083,0.051,1.81,,,Ⅱ
2022-04-11T16:00:00+08:00,1649664000,21.7,8.55,11.63,569.9,4.9,3.81,0.106,0.061,1.95,,,Ⅱ
2022-04-11T20:00:00+08:00,1649678400,20.9,8.21,9.01,575.6,10.3,3.85,0.039,0.078,1.93,,,Ⅱ
2022-04-12T00:00:00+08:00,1649692800,20.2,7.76,6.22,578.4,13.7,3.59,0.052,0.056,1.89,,,Ⅱ
2022-04-12T04:00:00+08:00,1649707200,19.7,7.61,5.04,578.1,15.3,3.59,0.052,0.056,1.89,,,Ⅲ
2022-04-12T08:00:00+08:00,1649721600,19.9,7.59,4.98,577.8,18.0,3.61,0.147,0.051,1.69,,,Ⅳ
2022-04-12T12:00:00+08:00,1649736000,22.3,8.3,10.38,568.9,12.0,3.63,0.139,0.06,1.87,,,Ⅱ
2022-04-13T00:00:00+08:00,1649779200,21.6,7.55,4.49,595.6,10.0,3.61,0.058,0.057,1.62,,,Ⅳ
2022-04-13T04:00:00+08:00,1649793600,20.7,7.48,3.91,588.6,12.4,3.61,0.058,0.057,1.62,,,Ⅳ
2022-04-13T08:00:00+08:00,1649808000,19.9,7.44,3.61,588.2,11.2,3.58,0.161,0.055,1.88,,,Ⅳ
2022-04-13T12:00:00+08:00,1649822400,19.7,7.48,4.03,588.7,10.9,3.34,0.176,0.056,1.92,,,Ⅳ
2022-04-13T16:00:00+08:00,1649836800,19.1,7.63,5.72,569.1,12.3,3.58,0.174,0.058,1.79,,,Ⅲ
2022-04-13T20:00:00+08:00,1649851200,18.4,7.82,6.89,564.8,17.7,3.35,0.182,0.056,1.8,,,Ⅱ
2022-04-14T00:00:00+08:00,1649865600,17.8,7.63,6.23,524.0,19.4,3.05,0.197,0.056,1.96,,,Ⅱ
2022-04-14T04:00:00+08:00,1649880000,17.7,7.73,6.57,560.9,20.9,3.05,0.197,0.056,1.96,,,Ⅱ
2022-04-14T08:00:00+08:00,1649894400,17.6,7.74,6.47,564.6,21.8,2.65,0.264,0.064,2.16,,,Ⅱ
2022-04-14T12:00:00+08:00,1649908800,17.7,7.7,6.19,567.6,19.5,2.82,0.281,0.064,2.33,,,Ⅱ
2022-04-14T16:00:00+08:00,1649923200,17.6,7.74,6.57,564.4,23.1,2.63,0.267,0.068,2.4,,,Ⅱ
2022-04-14T20:00:00+08:00,1649937600,17.4,7.66,6.06,566.3,19.1,2.55,0.282,0.061,2.03,,,Ⅱ
2022-04-15T08:00:00+08:00,1649980800,16.7,7.67,6.26,571.0,19.0,2.53,0.274,0.065,2.06,,,Ⅱ
2022-04-15T12:00:00+08:00,1649995200,17.7,7.76,6.94,572.2,18.6,2.61,0.257,0.07,2.26,,,Ⅱ
2022-04-15T16:00:00+08:00,1650009600,17.6,7.8,7.32,559.9,19.0,2.6,0.263,0.066,2.03,,,Ⅱ
2022-04-15T20:00:00+08:00,1650024000,17.1,7.73,6.94,560.0,21.1,2.83,0.306,0.062,2.22,,,Ⅱ
2022-04-16T00:00:00+08:00,1650038400,16.8,7.57,5.81,564.6,15.8,2.83,0.306,0.062,2.22,,,Ⅲ
2022-04-16T04:00:00+08:00,1650052800,16.6,7.46,4.85,567.4,15.6,2.55,0.296,0.066,2.12,,,Ⅳ
2022-04-16T08:00:00+08:00,1650067200,16.5,7.66,6.56,560.8,20.9,2.58,0.308,0.065,2.08,,,Ⅱ
2022-04-16T12:00:00+08:00,1650081600,17.5,7.75,7.33,559.8,16.2,2.57,0.247,0.064,2.18,,,Ⅱ
2022-04-16T16:00:00+08:00,1650096000,17.7,7.82,7.73,558.7,14.2,2.83,0.253,0.065,2.1,,,Ⅱ
2022-04-16T20:00:00+08:00,1650110400,17.2,7.7,6.92,559.2,15.6,2.37,0.262,0.062,2.12,,,Ⅱ
2022-04-17T00:00:00+08:00,1650124800,16.7,7.53,5.69,562.0,15.9,2.37,0.262,0.062,2.12,,,Ⅲ
2022-04-17T12:00:00+08:00,1650168000,17.7,7.8,7.75,559.1,13.2,2.85,0.204,0.063,1.98,,,Ⅱ
2022-04-17T16:00:00+08:00,1650182400,18.0,7.88,8.35,555.6,11.2,2.36,0.211,0.062,1.96,,,Ⅱ
2022-04-17T20:00:00+08:00,1650196800,18.0,7.85,7.97,560.1,20.2,2.83,0.282,0.067,2.12,,,Ⅱ
2022-04-18T00:00:00+08:00,1650211200,17.4,7.58,6.34,561.1,42.2,2.83,0.282,0.067,2.12,,,Ⅱ
2022-04-18T04:00:00+08:00,1650225600,16.9,7.35,4.14,530.0,18.3,3.86,0.434,0.074,2.27,,,Ⅳ
2022-04-18T08:00:00+08:00,1650240000,16.6,7.45,5.24,545.4,15.3,3.1,0.251,0.068,3.21,,,Ⅲ
2022-04-18T12:00:00+08:00,1650254400,17.2,7.79,7.83,560.8,13.0,2.62,0.182,0.064,2.04,,,Ⅱ
2022-04-18T16:00:00+08:00,1650268800,18.3,7.84,8.42,538.5,9.9,3.09,0.18,0.064,2.04,,,Ⅱ
2022-04-18T20:00:00+08:00,1650283200,18.1,8.0,8.95,553.0,9.6,3.08,0.115,0.059,1.93,,,Ⅱ
2022-04-19T00:00:00+08:00,1650297600,17.5,7.68,7.14,549.1,18.7,3.08,0.115,0.059,1.93,,,Ⅱ
2022-04-19T04:00:00+08:00,1650312000,17.1,7.41,4.9,536.1,13.2,3.59,0.256,0.066,2.02,,,Ⅳ
2022-04-19T08:00:00+08:00,1650326400,17.2,7.59,6.58,546.0,12.4,3.1,0.15,0.064,1.9,,,Ⅱ
2022-04-19T12:00:00+08:00,1650340800,18.4,8.12,9.57,555.7,9.6,2.6,0.077,0.057,1.87,,,Ⅱ
2022-04-19T16:00:00+08:00,1650355200,19.3,8.5,11.65,550.9,7.8,2.83,0.063,0.058,1.81,,,Ⅱ
2022-04-19T20:00:00+08:00,1650369600,18.8,8.16,9.81,546.2,21.9,4.09,0.18,0.069,2.02,,,Ⅲ
2022-04-20T00:00:00+08:00,1650384000,18.2,8.04,8.87,558.0,26.8,4.09,0.18,0.069,2.02,,,Ⅲ
2022-04-20T04:00:00+08:00,1650398400,17.6,7.56,6.36,538.5,15.7,3.83,0.236,0.067,1.84,,,Ⅱ
2022-04-20T08:00:00+08:00,1650412800,17.7,7.49,6.17,524.8,9.6,4.1,0.138,0.066,2.04,,,Ⅲ
2022-04-20T12:00:00+08:00,1650427200,19.0,8.46,11.07,547.1,10.1,3.86,0.114,0.071,1.8,,,Ⅱ
2022-04-20T16:00:00+08:00,1650441600,19.3,8.54,11.2,547.6,8.6,3.15,0.076,0.056,1.86,,,Ⅱ
2022-04-20T20:00:00+08:00,1650456000,19.2,8.16,9.74,532.7,16.0,4.11,0.169,0.065,1.92,,,Ⅲ
2022-04-21T00:00:00+08:00,1650470400,19.1,8.14,8.53,549.5,30.1,4.11,0.169,0.065,1.92,,,Ⅲ
2022-04-21T04:00:00+08:00,1650484800,18.4,7.57,6.2,528.4,22.8,4.4,0.365,0.073,1.95,,,Ⅲ
2022-04-21T08:00:00+08:00,1650499200,18.5,7.53,6.44,519.7,9.5,4.58,0.164,0.067,1.81,,,Ⅲ
2022-04-21T12:00:00+08:00,1650513600,19.6,7.99,8.94,531.4,9.1,4.11,0.111,0.066,1.58,,,Ⅲ
2022-04-21T16:00:00+08:00,1650528000,21.1,8.77,12.86,536.2,6.4,3.86,0.063,0.058,1.94,,,Ⅱ
2022-04-21T20:00:00+08:00,1650542400,20.3,8.3,10.58,527.2,6.1,4.32,0.065,0.053,1.91,,,Ⅲ
2022-04-22T04:00:00+08:00,1650571200,19.2,7.73,7.4,530.8,10.8,4.33,0.182,0.06,1.71,,,Ⅲ
2022-04-22T08:00:00+08:00,1650585600,19.3,7.7,7.36,526.2,9.6,5.06,0.153,0.069,1.79,,,Ⅲ
2022-04-22T15:19:00+08:00,1650611940,,,,,,,,,,,,
2022-04-22T19:19:00+08:00,1650626340,,,,,,,,,,,,
2022-04-22T23:19:00+08:00,1650640740,,,,,,,,,,,,
2022-05-01T21:06:00+08:00,1651410360,,,,,,,,,,,,
2022-05-02T01:07:00+08:00,1651424820,,,,,,,,,,,,
2022-05-02T05:07:00+08:00,1651439220,,,,,,,,,,,,
2022-05-16T08:00:00+08:00,1652659200,19.4,7.62,6.31,593.9,41.1,3.77,0.46,0.076,1.55,,,Ⅱ
2022-05-16T16:00:00+08:00,1652688000,21.7,7.63,6.97,589.1,34.5,3.32,0.369,0.076,1.66,,,Ⅱ
2022-05-16T20:00:00+08:00,1652702400,21.4,8.1,9.01,597.0,40.1,3.34,0.307,0.068,1.54,,,Ⅱ
2022-05-17T08:00:00+08:00,1652745600,20.4,7.77,7.62,600.0,38.0,4.08,0.334,0.077,1.45,,,Ⅲ
2022-05-17T12:00:00+08:00,1652760000,22.0,7.78,7.65,596.4,38.6,3.57,0.24,0.087,1.42,,,Ⅱ
2022-05-17T16:00:00+08:00,1652774400,23.0,7.75,7.76,592.2,34.9,3.58,0.24,0.077,1.92,,,Ⅱ
2022-05-17T20:00:00+08:00,1652788800,22.3,8.18,9.63,585.0,39.1,3.59,0.223,0.065,1.5,,,Ⅱ
2022-05-18T00:00:00+08:00,1652803200,21.4,7.85,8.03,590.0,47.9,4.1,0.22,0.082,1.51,,,Ⅲ
2022-05-18T04:00:00+08:00,1652817600,20.8,7.5,6.76,584.3,40.4,4.1,0.22,0.082,1.51,,,Ⅲ
2022-05-18T08:00:00+08:00,1652832000,21.1,7.86,7.93,592.0,42.4,4.09,0.307,0.079,1.47,,,Ⅲ
2022-05-18T12:00:00+08:00,1652846400,22.4,8.34,9.66,592.8,37.9,4.24,0.262,0.08,1.37,,,Ⅲ
2022-05-18T16:00:00+08:00,1652860800,23.0,7.94,8.46,588.7,43.1,3.83,0.212,0.079,1.48,,,Ⅱ
2022-05-18T20:00:00+08:00,1652875200,22.0,7.85,8.29,585.8,47.8,3.84,0.24,0.067,1.44,,,Ⅱ
2022-05-19T00:00:00+08:00,1652889600,21.1,7.71,7.52,584.2,48.8,4.46,0.34,0.073,1.49,,,Ⅲ
2022-05-19T04:00:00+08:00,1652904000,20.7,7.48,6.37,587.4,56.7,4.46,0.34,0.073,1.49,,,Ⅲ
2022-05-19T08:00:00+08:00,1652918400,20.4,7.89,7.96,586.6,73.7,5.36,0.477,0.084,1.36,,,Ⅲ
2022-05-19T12:00:00+08:00,1652932800,20.9,8.02,8.27,591.4,53.4,5.34,0.662,0.104,1.64,,,Ⅲ
2022-05-19T16:00:00+08:00,1652947200,21.1,7.48,7.06,591.9,63.5,5.02,0.462,0.101,1.6,,,Ⅲ
2022-05-19T20:00:00+08:00,1652961600,20.9,7.5,6.02,584.0,50.3,5.09,0.622,0.094,1.86,,,Ⅲ
2022-05-20T00:00:00+08:00,1652976000,20.6,7.42,5.23,584.7,44.6,4.59,0.444,0.075,1.56,,,Ⅲ
2022-05-20T04:00:00+08:00,1652990400,20.5,7.36,4.44,586.2,40.4,4.59,0.444,0.075,1.56,,,Ⅳ
2022-05-20T08:00:00+08:00,1653004800,20.5,7.38,4.37,591.6,38.4,4.32,0.359,0.062,1.23,,,Ⅳ
2022-05-20T12:00:00+08:00,1653019200,20.4,7.63,6.37,587.8,39.5,4.07,0.357,0.059,1.37,,,Ⅲ
2022-05-20T16:00:00+08:00,1653033600,20.7,7.46,5.94,589.4,38.5,3.83,0.343,0.064,1.28,,,Ⅲ
2022-05-20T20:00:00+08:00,1653048000,20.6,7.46,5.03,592.8,42.3,3.85,0.352,0.058,1.27,,,Ⅲ
2022-05-21T00:00:00+08:00,1653062400,20.4,7.37,4.08,586.6,51.1,4.09,0.398,0.065,1.3,,,Ⅳ
2022-05-21T04:00:00+08:00,1653076800,20.3,7.3,2.99,596.3,41.3,4.07,0.423,0.064,1.38,,,Ⅴ
2022-05-21T08:00:00+08:00,1653091200,20.5,7.34,3.42,590.5,38.2,3.84,0.382,0.063,1.18,,,Ⅳ
2022-05-21T12:00:00+08:00,1653105600,21.9,7.63,6.24,593.3,39.7,3.99,0.38,0.062,1.24,,,Ⅱ
2022-05-21T16:00:00+08:00,1653120000,21.9,7.52,5.33,592.4,39.1,3.28,0.313,0.062,1.23,,,Ⅲ
2022-05-21T20:00:00+08:00,1653134400,22.2,7.49,5.3,590.9,45.8,3.31,0.36,0.064,1.23,,,Ⅲ
2022-05-22T00:00:00+08:00,1653148800,21.7,7.53,5.32,594.9,54.7,4.05,0.414,0.071,1.18,,,Ⅲ
2022-05-22T04:00:00+08:00,1653163200,21.1,7.27,2.79,585.6,37.9,3.82,0.417,0.073,1.29,,,Ⅴ
2022-05-22T08:00:00+08:00,1653177600,21.4,7.32,3.24,595.7,55.4,3.83,0.394,0.07,1.44,,,Ⅳ
2022-05-22T12:00:00+08:00,1653192000,22.9,7.76,7.12,595.1,41.3,4.01,0.407,0.07,1.22,,,Ⅲ
2022-05-22T20:00:00+08:00,1653220800,23.0,7.51,5.39,588.7,52.9,3.82,0.324,0.071,1.36,,,Ⅲ
2022-05-23T00:00:00+08:00,1653235200,22.0,7.5,5.24,593.5,70.5,4.34,0.543,0.08,1.51,,,Ⅲ
2022-05-23T04:00:00+08:00,1653249600,21.6,7.46,4.77,587.4,73.1,4.34,0.543,0.08,1.51,,,Ⅳ
2022-05-23T08:00:00+08:00,1653264000,21.7,7.3,3.18,591.0,53.0,4.09,0.496,0.079,1.32,,,Ⅳ
2022-05-23T12:00:00+08:00,1653278400,22.4,7.7,6.79,595.5,51.6,4.08,0.415,0.082,1.5,,,Ⅲ
2022-05-23T16:00:00+08:00,1653292800,23.1,7.72,8.02,598.3,109.1,4.08,0.415,0.082,1.5,,,Ⅲ
2022-05-24T08:00:00+08:00,1653350400,21.0,7.36,4.1,587.7,53.9,4.07,0.48,0.086,1.5,,,Ⅳ
2022-05-24T12:00:00+08:00,1653364800,21.4,7.38,4.01,597.1,42.7,4.27,0.533,0.084,1.51,,,Ⅳ
2022-05-24T16:00:00+08:00,1653379200,21.8,7.61,5.8,603.1,54.8,3.83,0.404,0.075,1.4,,,Ⅲ
2022-05-24T20:00:00+08:00,1653393600,21.3,7.62,5.85,597.1,68.2,4.0,0.414,0.08,1.44,,,Ⅲ
2022-05-25T00:00:00+08:00,1653408000,21.0,7.5,5.15,600.5,56.0,4.34,0.6,0.088,1.68,,,Ⅲ
2022-05-25T04:00:00+08:00,1653422400,20.8,7.56,5.27,604.9,46.6,4.34,0.6,0.088,1.68,,,Ⅲ
2022-05-25T08:00:00+08:00,1653436800,21.2,7.59,5.78,609.2,42.5,3.85,0.427,0.084,1.52,,,Ⅲ
2022-05-25T12:00:00+08:00,1653451200,22.6,7.56,5.59,605.6,39.7,3.56,0.348,0.078,1.36,,,Ⅲ
2022-05-25T16:00:00+08:00,1653465600,24.2,7.73,6.75,601.2,38.5,3.51,0.337,0.078,1.36,,,Ⅱ
2022-05-25T20:00:00+08:00,1653480000,23.3,7.58,5.71,602.1,45.6,3.36,0.274,0.076,1.31,,,Ⅲ
2022-05-26T00:00:00+08:00,1653494400,22.5,7.41,5.01,600.3,39.5,3.59,0.374,0.081,1.35,,,Ⅲ
2022-05-26T04:00:00+08:00,1653508800,22.2,7.51,5.41,598.3,39.3,3.59,0.374,0.081,1.35,,,Ⅲ
2022-05-26T08:00:00+08:00,1653523200,21.8,7.33,3.43,610.4,37.5,3.33,0.311,0.072,1.35,,,Ⅳ
2022-05-26T12:00:00+08:00,1653537600,23.0,7.41,4.57,599.9,34.5,3.56,0.297,0.068,1.3,,,Ⅳ
2022-05-26T16:00:00+08:00,1653552000,23.4,7.56,5.83,597.6,34.9,3.56,0.242,0.068,1.18,,,Ⅲ
2022-05-26T20:00:00+08:00,1653566400,22.8,7.57,5.68,607.2,40.9,3.49,0.238,0.067,1.19,,,Ⅲ
2022-05-27T00:00:00+08:00,1653580800,22.2,7.34,4.78,597.3,43.3,3.33,0.26,0.071,1.18,,,Ⅳ
2022-05-27T04:00:00+08:00,1653595200,22.0,7.37,4.45,598.8,39.8,3.33,0.26,0.071,1.18,,,Ⅳ
2022-05-27T08:00:00+08:00,1653609600,22.1,7.6,6.13,604.0,42.6,4.08,0.373,0.074,1.45,,,Ⅲ
2022-05-27T16:00:00+08:00,1653638400,24.4,7.91,7.92,599.4,40.0,3.78,0.238,0.071,1.32,,,Ⅱ
2022-05-27T20:00:00+08:00,1653652800,24.4,7.84,7.22,601.1,60.4,3.57,0.265,0.075,1.24,,,Ⅱ
2022-05-28T00:00:00+08:00,1653667200,23.3,7.51,5.29,599.8,56.7,5.08,0.462,0.105,1.55,,,Ⅲ
2022-05-28T04:00:00+08:00,1653681600,23.1,7.5,5.31,597.4,50.2,5.08,0.462,0.105,1.55,,,Ⅲ
2022-05-28T08:00:00+08:00,1653696000,23.2,7.61,5.92,596.2,44.2,4.07,0.406,0.084,1.43,,,Ⅲ
2022-05-28T12:00:00+08:00,1653710400,23.4,7.59,5.65,595.0,45.6,4.03,0.315,0.081,1.33,,,Ⅲ
2022-05-28T16:00:00+08:00,1653724800,23.4,7.56,6.46,601.3,47.6,4.08,0.334,0.078,1.35,,,Ⅲ
2022-05-28T20:00:00+08:00,1653739200,22.9,7.56,5.82,596.7,52.8,4.08,0.325,0.076,1.32,,,Ⅲ
2022-05-29T00:00:00+08:00,1653753600,22.4,7.32,3.82,592.6,48.1,4.5,0.409,0.085,1.4,,,Ⅳ
2022-05-29T04:00:00+08:00,1653768000,22.3,7.29,3.41,592.5,38.5,4.5,0.409,0.085,1.4,,,Ⅳ
2022-05-29T08:00:00+08:00,1653782400,22.3,7.48,5.05,589.2,46.0,4.33,0.368,0.072,1.15,,,Ⅲ
2022-05-29T12:00:00+08:00,1653796800,22.7,7.48,6.57,590.5,42.1,3.82,0.4,0.078,1.2,,,Ⅱ
2022-05-29T16:00:00+08:00,1653811200,23.0,7.42,4.59,588.4,39.2,3.79,0.318,0.072,1.18,,,Ⅳ
2022-05-29T20:00:00+08:00,1653825600,23.0,7.49,5.09,595.8,37.9,3.76,0.325,0.072,1.12,,,Ⅲ
2022-05-30T00:00:00+08:00,1653840000,22.9,7.28,3.89,594.2,35.0,3.55,0.3,0.07,1.33,,,Ⅳ
2022-05-30T04:00:00+08:00,1653854400,22.8,7.26,2.94,590.4,35.9,3.55,0.3,0.07,1.33,,,Ⅴ
2022-05-30T08:00:00+08:00,1653868800,23.1,7.49,5.1,594.9,44.8,,0.402,0.075,1.11,,,
2022-05-30T12:00:00+08:00,1653883200,24.0,7.41,4.26,597.9,40.6,,0.386,0.079,1.59,,,
2022-05-30T16:00:00+08:00,1653897600,23.7,7.39,4.27,595.7,37.7,3.6,0.327,0.077,1.27,,,Ⅳ
2022-05-30T20:00:00+08:00,1653912000,23.5,7.44,4.72,599.7,37.8,3.59,0.3,0.075,1.59,,,Ⅳ
2022-05-31T00:00:00+08:00,1653926400,22.7,7.39,4.82,602.0,39.8,3.59,0.3,0.075,1.59,,,Ⅳ
2022-05-31T04:00:00+08:00,1653940800,22.2,7.26,2.96,600.0,38.3,3.59,0.364,0.079,1.43,,,Ⅴ
2022-05-31T08:00:00+08:00,1653955200,22.5,7.49,5.49,606.3,45.1,3.33,0.371,0.078,1.34,,,Ⅲ
2022-05-31T12:00:00+08:00,1653969600,24.0,7.73,6.77,604.8,45.9,3.81,0.324,0.087,1.55,,,Ⅱ
2022-05-31T16:00:00+08:00,1653984000,24.7,7.61,5.87,603.9,81.6,4.58,0.682,0.102,1.75,,,Ⅲ
2022-05-31T20:00:00+08:00,1653998400,23.6,7.58,5.8,599.8,63.3,4.51,0.573,0.097,1.82,,,Ⅲ
2022-06-01T00:00:00+08:00,1654012800,23.0,7.56,5.74,599.0,57.7,4.51,0.573,0.097,1.82,,,Ⅲ
2022-06-01T04:00:00+08:00,1654027200,22.9,7.37,4.48,601.0,44.7,4.04,0.39,0.083,1.43,,,Ⅳ
2022-06-01T08:00:00+08:00,1654041600,23.0,7.55,5.48,600.0,42.3,3.53,0.28,0.078,1.32,,,Ⅲ
2022-06-01T12:00:00+08:00,1654056000,24.1,7.93,7.67,603.8,43.8,3.83,0.292,0.085,1.27,,,Ⅱ
2022-06-01T16:00:00+08:00,1654070400,24.2,7.31,3.56,598.7,33.3,3.85,0.313,0.073,1.28,,,Ⅳ
2022-06-01T20:00:00+08:00,1654084800,24.0,7.45,5.4,599.9,35.8,3.58,0.289,0.072,1.26,,,Ⅲ
2022-06-02T00:00:00+08:00,1654099200,23.7,7.33,3.57,601.6,37.3,3.58,0.289,0.072,1.26,,,Ⅳ
2022-06-02T04:00:00+08:00,1654113600,23.5,7.22,2.3,599.7,35.2,3.84,0.408,0.075,1.12,,,Ⅴ
2022-06-02T08:00:00+08:00,1654128000,23.5,7.52,5.56,595.2,42.2,3.6,0.269,0.079,1.34,,,Ⅲ
2022-06-02T12:00:00+08:00,1654142400,24.4,7.7,6.59,601.0,39.2,,0.236,0.074,1.34,,,
2022-06-02T16:00:00+08:00,1654156800,25.6,7.68,6.43,599.6,41.6,3.33,0.239,0.076,1.38,,,Ⅱ
2022-06-02T20:00:00+08:00,1654171200,25.2,7.48,5.1,595.8,50.2,4.35,0.381,0.084,1.39,,,Ⅲ
2022-06-03T00:00:00+08:00,1654185600,24.5,7.7,6.19,593.5,60.9,4.35,0.381,0.084,1.39,,,Ⅲ
2022-06-03T04:00:00+08:00,1654200000,24.1,7.29,3.66,592.2,54.9,5.23,0.574,0.099,1.49,,,Ⅳ
2022-06-03T12:00:00+08:00,1654228800,24.2,7.7,6.65,597.7,59.6,4.84,0.6,0.104,1.74,,,Ⅲ
2022-06-03T16:00:00+08:00,1654243200,25.0,7.59,5.61,592.5,58.6,4.35,0.507,0.101,1.68,,,Ⅲ
2022-06-03T20:00:00+08:00,1654257600,24.7,7.43,4.66,593.0,55.4,4.34,0.448,0.086,1.7,,,Ⅲ
2022-06-04T00:00:00+08:00,1654272000,24.2,7.73,6.11,594.0,55.2,4.84,0.475,0.087,1.95,,,Ⅲ
2022-06-04T08:00:00+08:00,1654300800,24.1,7.35,3.97,596.8,56.9,5.0,0.484,0.089,1.56,,,Ⅳ
2022-06-04T12:00:00+08:00,1654315200,24.8,7.76,6.37,595.7,48.4,5.1,0.514,0.088,1.53,,,Ⅳ
2022-06-04T16:00:00+08:00,1654329600,25.2,7.65,5.7,592.3,46.1,4.06,0.399,0.082,1.27,,,Ⅲ
2022-06-04T20:00:00+08:00,1654344000,25.5,7.52,5.46,595.0,40.0,3.84,0.377,0.084,1.41,,,Ⅲ
2022-06-05T00:00:00+08:00,1654358400,25.3,7.32,3.97,594.9,34.7,4.51,0.284,0.076,1.27,,,Ⅳ
2022-06-05T08:00:00+08:00,1654387200,24.8,7.42,4.77,558.8,40.9,4.61,0.326,0.071,1.18,,,Ⅳ
2022-06-05T12:00:00+08:00,1654401600,25.2,7.61,5.69,568.5,40.9,4.1,0.371,0.074,1.25,,,Ⅲ
2022-06-05T16:00:00+08:00,1654416000,24.7,7.49,5.21,543.3,42.2,3.75,0.266,0.079,1.53,,,Ⅲ
2022-06-05T20:00:00+08:00,1654430400,24.4,7.38,5.13,557.6,44.3,3.83,0.359,0.084,1.39,,,Ⅲ
2022-06-06T00:00:00+08:00,1654444800,24.4,7.44,4.66,570.8,45.1,3.8,0.446,0.085,1.52,,,Ⅲ
2022-06-06T08:00:00+08:00,1654473600,24.1,7.44,4.7,574.7,41.8,3.33,0.366,0.08,1.44,,,Ⅳ
2022-06-06T12:00:00+08:00,1654488000,24.9,7.45,4.7,571.2,41.0,3.32,0.388,0.08,1.24,,,Ⅳ
2022-06-06T16:00:00+08:00,1654502400,26.6,7.66,6.07,568.1,41.7,3.32,0.374,0.081,0.98,,,Ⅱ
2022-06-06T20:00:00+08:00,1654516800,26.6,7.53,5.19,565.6,40.9,3.55,0.329,0.078,1.41,,,Ⅲ
2022-06-07T00:00:00+08:00,1654531200,25.8,7.39,4.14,568.5,41.0,3.53,0.342,0.078,1.4,,,Ⅳ
2022-06-07T04:00:00+08:00,1654545600,24.9,7.18,2.65,540.7,35.6,3.53,0.342,0.078,1.4,,,Ⅴ
2022-06-07T08:00:00+08:00,1654560000,24.7,7.21,3.01,542.4,38.2,4.1,0.421,0.084,1.68,,,Ⅳ
2022-06-07T12:00:00+08:00,1654574400,25.5,7.53,5.78,563.4,37.9,4.33,0.446,0.088,1.76,,,Ⅲ
2022-06-07T16:00:00+08:00,1654588800,25.9,7.42,4.67,566.0,36.8,3.78,0.306,0.085,1.59,,,Ⅳ
2022-06-07T20:00:00+08:00,1654603200,25.4,7.39,4.87,563.4,37.5,3.34,0.296,0.079,1.42,,,Ⅳ
2022-06-08T00:00:00+08:00,1654617600,24.8,7.29,4.45,554.4,41.1,3.76,0.306,0.08,1.4,,,Ⅳ
2022-06-08T04:00:00+08:00,1654632000,24.4,7.26,3.53,551.9,40.6,4.32,0.393,0.086,1.41,,,Ⅳ
2022-06-08T12:00:00+08:00,1654660800,25.6,7.82,7.57,563.7,40.4,5.33,0.368,0.092,1.67,,,Ⅲ
2022-06-08T16:00:00+08:00,1654675200,26.7,8.21,9.06,568.1,39.6,3.82,0.255,0.085,1.48,,,Ⅱ
2022-06-09T00:00:00+08:00,1654704000,24.9,7.4,5.36,545.3,58.2,5.6,0.31,0.092,1.42,,,Ⅲ
2022-06-09T04:00:00+08:00,1654718400,24.3,7.46,5.09,554.2,62.2,5.6,0.31,0.092,1.42,,,Ⅲ
2022-06-09T08:00:00+08:00,1654732800,24.4,7.23,7.08,540.8,52.4,6.06,0.652,0.128,1.96,,,Ⅳ
2022-06-09T12:00:00+08:00,1654747200,25.6,7.5,6.05,547.6,43.2,6.61,0.586,0.124,1.71,,,Ⅳ
2022-06-09T16:00:00+08:00,1654761600,26.5,7.78,7.32,559.1,48.5,5.32,0.452,0.092,1.78,,,Ⅲ
2022-06-09T20:00:00+08:00,1654776000,25.7,7.53,5.96,551.4,61.2,5.86,0.578,0.093,1.77,,,Ⅲ
2022-06-10T00:00:00+08:00,1654790400,24.9,7.46,6.1,544.3,60.9,5.86,0.578,0.093,1.77,,,Ⅲ
2022-06-10T04:00:00+08:00,1654804800,24.4,7.54,5.61,548.8,52.4,5.33,0.524,0.102,1.66,,,Ⅲ
2022-06-10T08:00:00+08:00,1654819200,24.1,7.63,5.75,572.1,51.0,4.6,0.482,0.115,1.47,,,Ⅲ
2022-06-10T12:00:00+08:00,1654833600,24.6,7.34,4.58,543.9,41.1,5.34,0.415,0.099,1.43,,,Ⅳ
2022-06-10T16:00:00+08:00,1654848000,24.3,7.35,4.65,545.5,42.0,5.35,0.398,0.077,1.38,,,Ⅳ
2022-06-10T20:00:00+08:00,1654862400,23.7,7.49,5.23,570.4,61.8,5.34,0.533,0.105,1.67,,,Ⅲ
2022-06-11T00:00:00+08:00,1654876800,23.6,7.2,3.1,555.4,36.8,5.34,0.533,0.105,1.67,,,Ⅳ
2022-06-11T04:00:00+08:00,1654891200,23.6,7.46,4.97,577.5,40.9,4.34,0.407,0.079,1.39,,,Ⅳ
2022-06-11T08:00:00+08:00,1654905600,23.5,7.26,2.99,560.7,36.8,4.74,0.359,0.077,1.23,,,Ⅴ
2022-06-11T12:00:00+08:00,1654920000,24.6,7.42,4.79,568.9,42.8,,0.399,0.081,1.3,,,
2022-06-11T20:00:00+08:00,1654948800,24.2,7.3,5.53,553.1,44.1,5.56,0.462,0.084,1.66,,,Ⅲ
2022-06-12T08:00:00+08:00,1654992000,23.5,7.53,5.65,583.0,50.5,4.25,0.451,0.095,1.5,,,Ⅲ
2022-06-12T12:00:00+08:00,1655006400,24.0,7.38,4.92,562.0,40.9,4.25,0.451,0.095,1.5,,,Ⅳ
2022-06-12T16:00:00+08:00,1655020800,23.9,7.35,4.63,563.5,41.0,4.57,0.331,0.079,1.29,,,Ⅳ
2022-06-12T20:00:00+08:00,1655035200,23.4,7.3,4.04,567.6,50.2,5.07,0.433,0.084,1.67,,,Ⅳ
2022-06-13T00:00:00+08:00,1655049600,23.2,7.22,2.54,559.9,43.4,5.07,0.433,0.084,1.67,,,Ⅴ
2022-06-13T04:00:00+08:00,1655064000,23.1,7.26,2.79,554.4,44.6,5.09,0.453,0.084,1.6,,,Ⅴ
2022-06-13T08:00:00+08:00,1655078400,23.0,7.5,5.37,565.2,46.3,3.59,0.398,0.094,1.32,,,Ⅲ
2022-06-13T12:00:00+08:00,1655092800,23.3,7.37,4.21,569.0,39.6,,0.358,0.088,1.22,,,
2022-06-13T16:00:00+08:00,1655107200,23.6,7.64,6.81,565.8,42.6,3.78,0.309,0.087,1.28,,,Ⅱ
2022-06-13T20:00:00+08:00,1655121600,23.5,7.42,4.83,570.0,38.5,3.84,0.326,0.084,1.26,,,Ⅳ
2022-06-14T00:00:00+08:00,1655136000,23.3,7.18,2.04,555.4,38.7,3.84,0.326,0.084,1.26,,,Ⅴ
2022-06-14T04:00:00+08:00,1655150400,23.2,7.25,2.58,562.4,40.6,4.57,0.452,0.087,1.24,,,Ⅴ
2022-06-14T08:00:00+08:00,1655164800,23.2,7.43,4.68,571.3,43.8,3.8,0.413,0.097,1.31,,,Ⅳ
2022-06-14T16:00:00+08:00,1655193600,25.6,7.57,6.68,562.9,37.2,4.57,0.31,0.092,1.31,,,Ⅲ
2022-06-14T20:00:00+08:00,1655208000,25.4,7.5,5.86,561.7,36.8,3.83,0.251,0.081,1.3,,,Ⅲ
2022-06-15T00:00:00+08:00,1655222400,25.0,7.22,2.83,565.7,39.2,3.83,0.251,0.081,1.3,,,Ⅴ
2022-06-15T04:00:00+08:00,1655236800,24.3,7.25,3.33,561.8,38.8,4.58,0.403,0.084,1.3,,,Ⅳ
2022-06-15T08:00:00+08:00,1655251200,24.4,7.38,4.4,566.2,45.3,4.58,0.403,0.084,1.3,,,Ⅳ
2022-06-15T12:00:00+08:00,1655265600,25.8,7.38,4.57,566.7,38.9,3.82,0.408,0.098,1.31,,,Ⅳ
2022-06-15T16:00:00+08:00,1655280000,27.1,7.92,8.99,564.6,38.1,3.82,0.285,0.09,1.17,,,Ⅱ
2022-06-15T20:00:00+08:00,1655294400,27.1,7.97,9.08,561.6,36.2,4.32,0.228,0.088,1.25,,,Ⅲ
2022-06-16T00:00:00+08:00,1655308800,26.4,7.52,6.05,561.6,44.3,4.35,0.208,0.085,1.15,,,Ⅲ
2022-06-16T04:00:00+08:00,1655323200,25.6,7.3,4.7,550.9,39.6,4.35,0.208,0.085,1.15,,,Ⅳ
2022-06-16T12:00:00+08:00,1655352000,27.2,8.23,9.33,566.2,39.1,4.08,0.275,0.088,1.21,,,Ⅲ
2022-06-16T16:00:00+08:00,1655366400,27.7,7.59,6.77,564.1,35.2,4.09,0.223,0.09,1.09,,,Ⅲ
2022-06-16T20:00:00+08:00,1655380800,27.5,7.81,8.34,558.8,37.4,3.83,0.186,0.074,1.1,,,Ⅱ
2022-06-17T00:00:00+08:00,1655395200,26.7,7.72,7.15,563.6,46.0,4.33,0.199,0.072,1.12,,,Ⅲ
2022-06-17T04:00:00+08:00,1655409600,26.1,7.33,5.18,552.2,43.6,4.33,0.199,0.072,1.12,,,Ⅲ
2022-06-17T08:00:00+08:00,1655424000,26.5,7.87,7.59,562.2,40.8,5.25,0.351,0.076,1.06,,,Ⅲ
2022-06-17T12:00:00+08:00,1655438400,27.7,8.35,9.71,566.2,37.0,4.35,0.275,0.088,1.18,,,Ⅲ
2022-06-17T16:00:00+08:00,1655452800,28.8,7.71,8.2,555.6,33.9,4.05,0.222,0.076,0.88,,,Ⅲ
2022-06-17T20:00:00+08:00,1655467200,28.7,8.81,12.14,558.3,40.1,4.5,0.17,0.064,1.06,,,Ⅲ
2022-06-18T00:00:00+08:00,1655481600,27.6,7.88,7.18,558.9,64.6,4.78,0.246,0.08,0.94,,,Ⅲ
2022-06-18T04:00:00+08:00,1655496000,26.5,7.26,4.09,554.8,45.0,4.78,0.246,0.08,0.94,,,Ⅳ
2022-06-18T08:00:00+08:00,1655510400,26.7,7.3,4.3,559.6,49.7,5.1,0.412,0.077,1.14,,,Ⅳ
2022-06-18T12:00:00+08:00,1655524800,27.7,8.02,7.91,571.6,40.0,5.35,0.368,0.073,1.27,,,Ⅲ
2022-06-18T16:00:00+08:00,1655539200,29.0,7.62,7.31,562.3,34.7,4.08,0.254,0.07,1.02,,,Ⅲ
2022-06-18T20:00:00+08:00,1655553600,28.3,7.52,6.59,563.1,41.2,4.6,0.212,0.063,0.98,,,Ⅲ
2022-06-19T00:00:00+08:00,1655568000,27.6,7.39,4.91,565.0,41.7,4.85,0.257,0.067,1.05,,,Ⅳ
2022-06-19T04:00:00+08:00,1655582400,27.5,7.16,3.4,562.6,37.5,4.85,0.257,0.067,1.05,,,Ⅳ
2022-06-19T08:00:00+08:00,1655596800,27.5,7.21,3.14,564.7,36.0,4.81,0.339,0.066,0.98,,,Ⅳ
2022-06-19T12:00:00+08:00,1655611200,28.3,7.91,8.07,564.5,34.8,4.62,0.299,0.066,0.91,,,Ⅲ
2022-06-19T16:00:00+08:00,1655625600,28.3,7.49,5.82,570.7,36.2,4.61,0.186,0.079,1.0,,,Ⅲ
2022-06-19T20:00:00+08:00,1655640000,28.4,7.29,4.45,564.9,33.2,4.02,0.241,0.065,0.81,,,Ⅳ
2022-06-20T00:00:00+08:00,1655654400,28.2,7.47,5.51,568.3,37.3,4.61,0.24,0.065,0.87,,,Ⅲ
2022-06-20T04:00:00+08:00,1655668800,27.6,7.11,2.13,562.7,39.3,4.61,0.24,0.065,0.87,,,Ⅴ
2022-06-20T08:00:00+08:00,1655683200,27.6,7.15,2.26,560.8,38.1,4.83,0.41,0.078,1.01,,,Ⅴ
2022-06-20T12:00:00+08:00,1655697600,28.8,7.55,6.03,569.4,36.2,5.07,0.376,0.08,1.13,,,Ⅲ
2022-06-20T16:00:00+08:00,1655712000,29.6,7.31,4.37,565.9,33.6,4.35,0.255,0.075,0.96,,,Ⅳ
2022-06-20T20:00:00+08:00,1655726400,28.4,7.19,2.96,573.0,37.1,4.33,0.268,0.075,1.12,,,Ⅴ
2022-06-21T00:00:00+08:00,1655740800,27.8,7.26,3.47,573.4,38.5,4.77,0.335,0.077,1.09,,,Ⅳ
2022-06-21T04:00:00+08:00,1655755200,27.6,7.12,1.69,564.5,36.5,4.77,0.335,0.077,1.09,,,劣Ⅴ
2022-06-21T08:00:00+08:00,1655769600,27.7,7.13,1.89,560.9,35.6,4.61,0.374,0.084,1.25,,,劣Ⅴ
2022-06-21T12:00:00+08:00,1655784000,28.3,7.31,4.18,567.9,38.6,5.05,0.357,0.083,1.11,,,Ⅳ
2022-06-22T08:00:00+08:00,1655856000,28.3,7.12,1.72,565.0,33.6,3.42,0.355,0.094,1.48,,,Ⅳ
2022-06-22T12:00:00+08:00,1655870400,29.0,7.35,4.62,575.6,36.2,4.14,0.462,0.094,1.45,,,Ⅳ
2022-06-22T16:00:00+08:00,1655884800,30.0,7.23,3.37,572.4,33.7,3.44,0.287,0.094,1.32,,,Ⅳ
2022-06-22T20:00:00+08:00,1655899200,29.5,7.19,2.85,567.6,32.0,3.66,0.278,0.094,1.27,,,Ⅴ
2022-06-23T00:00:00+08:00,1655913600,28.7,7.11,1.66,568.6,32.2,3.94,0.315,0.098,1.54,,,劣Ⅴ
2022-06-23T04:00:00+08:00,1655928000,28.2,7.22,2.48,582.3,39.3,3.94,0.315,0.098,1.54,,,Ⅴ
2022-06-23T08:00:00+08:00,1655942400,28.2,7.29,3.48,579.3,38.3,3.45,0.423,0.101,1.46,,,Ⅳ
2022-06-23T12:00:00+08:00,1655956800,28.9,7.26,3.59,584.8,34.7,3.64,0.404,0.1,1.48,,,Ⅳ
2022-06-23T16:00:00+08:00,1655971200,29.5,7.23,3.14,583.0,34.3,3.41,0.357,0.115,5.18,,,Ⅳ
2022-07-04T12:00:00+08:00,1656907200,29.9,7.6,6.25,573.2,41.0,2.96,0.239,0.11,1.5,,,Ⅲ
2022-07-04T16:00:00+08:00,1656921600,31.0,7.62,6.64,575.3,36.2,2.96,0.239,0.11,1.5,,,Ⅲ
2022-07-11T08:00:00+08:00,1657497600,32.1,7.34,4.02,561.5,36.5,2.7,0.255,0.102,0.97,,,Ⅳ
2022-07-11T12:00:00+08:00,1657512000,32.6,7.45,4.74,562.1,34.5,2.89,0.215,0.102,0.95,,,Ⅳ
2022-07-11T16:00:00+08:00,1657526400,33.7,7.63,6.08,562.2,32.5,2.88,0.197,0.107,1.06,,,Ⅲ
2022-07-13T08:00:00+08:00,1657670400,32.5,7.38,4.0,559.7,37.9,2.92,0.27,0.119,1.04,,,Ⅳ
2022-07-13T12:00:00+08:00,1657684800,34.0,7.67,6.56,556.1,34.1,2.91,0.297,0.117,0.93,,,Ⅲ
2022-07-13T16:00:00+08:00,1657699200,34.3,7.84,7.08,558.4,35.6,3.16,0.178,0.112,0.83,,,Ⅲ
2022-07-18T12:00:00+08:00,1658116800,31.2,7.34,3.38,567.0,39.0,3.17,0.464,0.147,1.32,,,Ⅳ
2022-07-18T16:00:00+08:00,1658131200,31.6,7.31,3.47,565.0,33.7,3.08,0.339,0.145,1.03,,,Ⅳ
2022-07-19T16:00:00+08:00,1658217600,31.0,7.32,4.07,565.2,32.4,3.4,0.275,0.143,1.11,,,Ⅳ
2022-07-20T12:00:00+08:00,1658289600,30.7,7.29,3.75,564.3,31.8,3.43,0.43,0.135,1.02,,,Ⅳ
2022-07-20T16:00:00+08:00,1658304000,31.9,7.42,5.52,561.6,31.7,3.17,0.293,0.139,1.01,,,Ⅲ
2022-07-21T08:00:00+08:00,1658361600,30.4,7.0,1.0,562.1,29.4,3.43,0.28,0.115,0.84,,,劣Ⅴ
2022-07-21T12:00:00+08:00,1658376000,31.2,7.17,3.31,567.0,32.6,3.42,0.232,0.126,0.81,,,Ⅳ
2022-07-22T08:00:00+08:00,1658448000,30.4,7.01,1.02,561.8,29.6,3.15,0.281,0.124,1.08,,,劣Ⅴ
2022-07-22T12:00:00+08:00,1658462400,31.7,7.11,2.95,561.5,29.9,3.6,0.27,0.111,1.06,,,Ⅴ
2022-07-22T20:00:00+08:00,1658491200,32.3,7.12,3.08,561.5,29.1,3.44,0.155,0.107,1.03,,,Ⅳ
2022-07-23T00:00:00+08:00,1658505600,31.5,7.07,3.13,560.8,32.5,3.43,0.132,0.1,0.86,,,Ⅳ
2022-07-23T04:00:00+08:00,1658520000,30.9,7.24,3.01,558.9,36.5,3.43,0.132,0.1,0.86,,,Ⅳ
2022-07-23T08:00:00+08:00,1658534400,30.9,7.08,1.91,563.7,31.5,3.18,0.234,0.12,0.92,,,劣Ⅴ
2022-07-23T12:00:00+08:00,1658548800,32.2,7.25,4.81,560.9,32.0,3.4,0.155,0.107,0.77,,,Ⅳ
2022-07-23T16:00:00+08:00,1658563200,32.7,7.41,5.61,558.5,35.2,3.44,0.162,0.11,0.73,,,Ⅲ
2022-07-23T20:00:00+08:00,1658577600,32.3,7.26,4.0,560.6,32.9,3.41,0.177,0.115,0.81,,,Ⅳ
2022-07-24T00:00:00+08:00,1658592000,31.6,7.06,1.3,563.1,31.4,3.18,0.148,0.11,0.97,,,劣Ⅴ
2022-07-24T04:00:00+08:00,1658606400,31.0,7.25,2.94,552.6,37.9,3.35,0.181,0.106,0.82,,,Ⅴ
2022-07-24T08:00:00+08:00,1658620800,30.6,7.27,2.94,550.0,37.8,3.14,0.23,0.122,0.89,,,Ⅴ
2022-07-24T12:00:00+08:00,1658635200,31.6,7.37,4.67,550.6,33.0,2.93,0.219,0.133,0.87,,,Ⅳ
2022-07-24T16:00:00+08:00,1658649600,31.8,7.34,5.0,550.4,35.1,2.93,0.167,0.122,0.64,,,Ⅳ
2022-07-24T20:00:00+08:00,1658664000,31.5,7.23,3.3,549.8,35.0,3.18,0.187,0.126,1.02,,,Ⅳ
2022-07-25T00:00:00+08:00,1658678400,30.7,7.28,3.19,550.1,42.4,3.18,0.203,0.12,1.0,,,Ⅳ
2022-07-25T04:00:00+08:00,1658692800,30.4,7.3,3.5,546.1,38.8,,0.326,0.134,1.36,,,
2022-07-25T12:00:00+08:00,1658721600,31.7,7.52,5.73,550.4,34.7,,0.306,0.138,0.93,,,
2022-07-25T16:00:00+08:00,1658736000,32.5,7.54,5.53,551.2,31.9,3.11,0.196,0.127,0.81,,,Ⅲ
2022-07-25T20:00:00+08:00,1658750400,32.0,7.47,5.42,553.2,38.0,3.16,0.145,0.12,0.76,,,Ⅲ
2022-07-26T00:00:00+08:00,1658764800,31.2,7.15,1.86,554.4,41.9,3.35,0.22,0.125,0.92,,,劣Ⅴ
2022-07-26T04:00:00+08:00,1658779200,30.6,7.13,1.77,555.6,38.2,3.65,0.302,0.118,1.45,,,劣Ⅴ
2022-07-26T08:00:00+08:00,1658793600,30.7,7.26,3.37,550.3,38.0,3.45,0.273,0.122,0.96,,,Ⅳ
2022-07-26T12:00:00+08:00,1658808000,32.1,7.51,5.79,546.7,36.3,3.18,0.256,0.124,1.25,,,Ⅲ
2022-07-26T16:00:00+08:00,1658822400,32.5,7.47,6.01,550.0,38.2,3.18,0.2,0.12,0.99,,,Ⅲ
2022-07-26T20:00:00+08:00,1658836800,31.4,7.31,3.61,551.0,38.9,3.43,0.211,0.117,1.01,,,Ⅳ
2022-07-27T00:00:00+08:00,1658851200,30.7,7.06,0.79,553.4,33.0,3.32,0.249,0.121,1.51,,,劣Ⅴ
2022-07-27T04:00:00+08:00,1658865600,30.5,7.21,2.22,545.3,39.5,3.36,0.275,0.114,0.98,,,Ⅴ
2022-07-27T08:00:00+08:00,1658880000,30.6,7.24,3.03,545.7,37.7,3.17,0.352,0.13,1.11,,,Ⅳ
2022-07-27T12:00:00+08:00,1658894400,31.3,7.24,2.89,546.8,38.3,2.96,0.291,0.131,1.02,,,Ⅴ
2022-07-27T16:00:00+08:00,1658908800,33.0,7.52,6.0,547.6,35.9,3.17,0.323,0.137,1.11,,,Ⅲ
2022-07-27T20:00:00+08:00,1658923200,32.7,7.35,4.69,551.1,31.4,3.16,0.211,0.132,0.9,,,Ⅳ
2022-07-28T00:00:00+08:00,1658937600,31.6,7.17,2.47,545.6,33.2,3.18,0.19,0.119,0.93,,,Ⅴ
2022-07-28T08:00:00+08:00,1658966400,31.2,7.36,4.24,544.7,37.3,3.19,0.288,0.129,1.08,,,Ⅳ
2022-11-01T12:00:00+08:00,1667275200,18.6,7.33,5.26,587.3,38.0,3.8,0.224,0.056,1.2,,,Ⅲ
2022-11-01T16:00:00+08:00,1667289600,18.7,7.57,7.28,575.4,44.0,3.82,0.329,0.06,1.23,,,Ⅱ
2022-11-02T12:00:00+08:00,1667361600,18.5,7.36,5.74,581.9,36.2,3.81,0.17,0.053,1.19,,,Ⅲ
2022-11-03T00:00:00+08:00,1667404800,17.7,7.5,6.5,587.6,45.3,3.81,0.324,0.063,1.24,,,Ⅱ
2022-11-03T04:00:00+08:00,1667419200,17.3,7.47,6.14,583.4,40.6,3.81,0.324,0.063,1.24,,,Ⅱ
2022-11-03T08:00:00+08:00,1667433600,17.2,7.42,5.81,589.3,40.4,3.79,0.358,0.065,1.28,,,Ⅲ
2022-11-03T12:00:00+08:00,1667448000,18.2,7.4,7.01,577.7,31.4,3.79,0.339,0.065,1.29,,,Ⅱ
2022-11-03T16:00:00+08:00,1667462400,18.5,7.68,8.7,579.3,34.9,3.79,0.129,0.046,1.16,,,Ⅱ
2022-11-03T20:00:00+08:00,1667476800,17.9,7.66,8.03,590.5,39.6,3.56,0.2,0.048,1.2,,,Ⅱ
2022-11-04T00:00:00+08:00,1667491200,17.4,7.39,6.02,584.2,37.1,3.76,0.298,0.056,1.21,,,Ⅱ
2022-11-04T04:00:00+08:00,1667505600,17.2,7.39,5.68,586.6,38.4,3.76,0.298,0.056,1.21,,,Ⅲ
2022-11-04T08:00:00+08:00,1667520000,17.0,7.32,4.92,592.3,40.1,3.54,0.298,0.055,1.22,,,Ⅳ
2022-11-04T12:00:00+08:00,1667534400,17.7,7.38,6.17,583.4,35.0,3.56,0.29,0.056,1.31,,,Ⅱ
2022-11-04T16:00:00+08:00,1667548800,17.7,7.62,7.86,586.5,40.0,3.78,0.156,0.046,1.18,,,Ⅱ
2022-11-04T20:00:00+08:00,1667563200,17.1,7.67,8.31,587.1,40.4,3.74,0.267,0.05,1.18,,,Ⅱ
2022-11-05T00:00:00+08:00,1667577600,16.6,7.6,7.91,590.5,38.9,3.8,0.278,0.053,1.21,,,Ⅱ
2022-11-05T04:00:00+08:00,1667592000,16.2,7.54,7.11,594.9,39.1,3.8,0.278,0.053,1.21,,,Ⅱ
2022-11-05T08:00:00+08:00,1667606400,16.1,7.57,6.94,604.1,42.5,3.58,0.275,0.05,1.19,,,Ⅱ
2022-11-05T12:00:00+08:00,1667620800,17.3,7.56,7.29,589.1,37.6,3.57,0.383,0.063,1.38,,,Ⅱ
2022-11-05T16:00:00+08:00,1667635200,17.0,7.69,7.71,595.6,46.5,3.53,0.219,0.056,1.29,,,Ⅱ
2022-11-05T20:00:00+08:00,1667649600,16.8,7.71,7.8,602.3,46.4,3.56,0.4,0.064,1.33,,,Ⅱ
2022-11-06T00:00:00+08:00,1667664000,16.3,7.6,7.26,598.7,39.7,3.56,0.415,0.068,1.38,,,Ⅱ
2022-11-06T04:00:00+08:00,1667678400,16.0,7.52,6.62,600.4,39.9,3.56,0.415,0.068,1.38,,,Ⅱ
2022-11-06T08:00:00+08:00,1667692800,15.9,7.53,6.69,611.4,40.0,3.55,0.32,0.058,1.33,,,Ⅱ
2022-11-06T12:00:00+08:00,1667707200,17.3,7.56,7.63,593.5,38.5,3.56,0.356,0.063,1.33,,,Ⅱ
2022-11-06T16:00:00+08:00,1667721600,17.4,7.75,8.76,601.1,43.3,3.79,0.205,0.056,1.19,,,Ⅱ
2022-11-06T20:00:00+08:00,1667736000,16.8,7.69,7.93,608.6,44.4,3.54,0.306,0.057,1.23,,,Ⅱ
2022-11-07T00:00:00+08:00,1667750400,16.3,7.61,7.96,591.9,53.7,3.79,0.36,0.063,1.31,,,Ⅱ
2022-11-07T04:00:00+08:00,1667764800,15.9,7.41,6.0,606.7,54.5,3.79,0.36,0.063,1.31,,,Ⅱ
2022-11-07T08:00:00+08:00,1667779200,16.1,7.59,7.09,610.9,46.7,4.06,0.421,0.06,1.14,,,Ⅲ
2022-11-07T12:00:00+08:00,1667793600,17.7,7.56,7.9,596.3,37.2,3.83,0.43,0.068,1.29,,,Ⅱ
2022-11-07T16:00:00+08:00,1667808000,17.8,7.75,8.23,613.4,45.5,3.78,0.17,0.051,1.18,,,Ⅱ
2022-11-07T20:00:00+08:00,1667822400,17.6,7.65,8.0,605.0,39.7,3.56,0.371,0.062,1.26,,,Ⅱ
2022-11-08T00:00:00+08:00,1667836800,17.2,7.54,7.14,600.4,39.4,3.79,0.29,0.057,1.26,,,Ⅱ
2022-11-08T04:00:00+08:00,1667851200,16.7,7.41,5.94,602.5,38.1,3.79,0.29,0.057,1.26,,,Ⅲ
2022-11-08T08:00:00+08:00,1667865600,16.5,7.32,5.3,600.4,36.1,3.55,0.272,0.05,1.23,,,Ⅲ
2022-11-08T12:00:00+08:00,1667880000,17.7,7.5,7.06,592.4,34.1,3.58,0.226,0.048,1.21,,,Ⅱ
2022-11-08T16:00:00+08:00,1667894400,18.3,7.84,9.22,596.7,36.5,3.55,0.196,0.05,1.21,,,Ⅱ
2022-11-08T20:00:00+08:00,1667908800,17.8,7.76,8.69,600.8,40.5,3.55,0.234,0.063,1.25,,,Ⅱ
2022-11-09T00:00:00+08:00,1667923200,17.3,7.56,7.25,603.8,51.5,3.78,0.286,0.057,1.25,,,Ⅱ
2022-11-09T04:00:00+08:00,1667937600,16.7,7.3,5.2,597.2,48.7,3.78,0.286,0.057,1.25,,,Ⅲ
2022-11-09T08:00:00+08:00,1667952000,16.8,7.5,6.54,611.3,48.7,4.06,0.324,0.056,1.12,,,Ⅲ
2022-11-09T12:00:00+08:00,1667966400,17.9,7.5,7.07,596.4,43.6,3.99,0.427,0.064,1.24,,,Ⅱ
2022-11-09T16:00:00+08:00,1667980800,18.3,7.66,8.35,598.8,38.8,3.83,0.251,0.055,1.17,,,Ⅱ
2022-11-09T20:00:00+08:00,1667995200,17.9,7.68,7.63,620.4,41.0,3.81,0.21,0.047,1.12,,,Ⅱ
2022-11-10T00:00:00+08:00,1668009600,17.8,7.56,6.98,612.1,37.9,3.55,0.334,0.057,1.12,,,Ⅱ
2022-11-10T04:00:00+08:00,1668024000,17.5,7.3,4.67,604.9,32.9,3.55,0.334,0.057,1.12,,,Ⅳ
2022-11-10T08:00:00+08:00,1668038400,17.4,7.35,5.02,614.3,35.4,3.55,0.163,0.042,1.21,,,Ⅲ
2022-11-10T12:00:00+08:00,1668052800,18.6,7.51,6.6,615.4,38.3,3.56,0.248,0.047,1.27,,,Ⅱ
2022-11-10T16:00:00+08:00,1668067200,19.1,7.71,8.22,614.0,38.2,3.34,0.262,0.056,1.29,,,Ⅱ
2022-11-10T20:00:00+08:00,1668081600,18.8,7.66,7.8,616.6,38.0,3.51,0.262,0.054,1.3,,,Ⅱ
2022-11-11T00:00:00+08:00,1668096000,18.6,7.52,6.7,612.3,35.4,3.49,0.26,0.053,1.3,,,Ⅱ
2022-11-11T04:00:00+08:00,1668110400,18.4,7.27,4.35,602.8,32.8,3.49,0.26,0.053,1.3,,,Ⅳ
2022-11-11T08:00:00+08:00,1668124800,18.5,7.27,4.1,607.4,36.1,3.34,0.146,0.04,1.18,,,Ⅳ
2022-11-11T12:00:00+08:00,1668139200,18.9,7.33,4.78,607.1,37.4,3.53,0.203,0.043,1.21,,,Ⅳ
2022-11-11T16:00:00+08:00,1668153600,19.5,7.53,7.16,611.0,40.3,3.56,0.2,0.046,1.21,,,Ⅱ
2022-11-11T20:00:00+08:00,1668168000,19.2,7.56,7.1,614.4,47.5,3.52,0.201,0.045,1.21,,,Ⅱ
2022-11-12T00:00:00+08:00,1668182400,19.1,7.47,6.2,607.0,54.0,3.54,0.326,0.054,1.21,,,Ⅱ
2022-11-12T04:00:00+08:00,1668196800,19.0,7.4,5.26,614.9,48.5,3.54,0.326,0.054,1.21,,,Ⅲ
2022-11-12T08:00:00+08:00,1668211200,19.1,7.39,5.0,624.6,44.1,3.81,0.376,0.06,1.2,,,Ⅳ
2022-11-12T12:00:00+08:00,1668225600,20.6,7.56,6.86,620.8,38.7,3.57,0.342,0.058,1.26,,,Ⅱ
2022-11-12T16:00:00+08:00,1668240000,21.3,7.86,9.67,607.7,35.4,3.29,0.209,0.057,1.25,,,Ⅱ
2022-11-12T20:00:00+08:00,1668254400,20.6,7.73,7.68,616.2,42.4,3.3,0.148,0.048,1.21,,,Ⅱ
2022-11-13T00:00:00+08:00,1668268800,20.3,7.46,6.29,614.9,33.9,3.28,0.304,0.058,1.28,,,Ⅱ
2022-11-13T04:00:00+08:00,1668283200,19.5,7.2,3.3,612.1,33.0,3.28,0.304,0.058,1.28,,,Ⅳ
2022-11-13T08:00:00+08:00,1668297600,18.9,7.34,4.48,632.0,36.8,3.07,0.161,0.04,1.22,,,Ⅳ
2022-11-13T12:00:00+08:00,1668312000,18.6,7.42,5.35,637.6,39.5,3.28,0.256,0.048,1.23,,,Ⅲ
2022-11-13T16:00:00+08:00,1668326400,18.3,7.41,5.72,631.8,34.0,3.09,0.25,0.05,1.25,,,Ⅲ
2022-11-13T20:00:00+08:00,1668340800,18.0,7.47,6.07,628.8,37.8,3.05,0.192,0.042,1.24,,,Ⅱ
2022-11-14T00:00:00+08:00,1668355200,17.9,7.64,6.9,639.9,45.2,3.06,0.263,0.048,1.23,,,Ⅱ
2022-11-14T04:00:00+08:00,1668369600,17.3,7.51,6.01,640.1,39.2,3.06,0.263,0.048,1.23,,,Ⅱ
2022-11-14T08:00:00+08:00,1668384000,16.9,7.41,5.04,641.3,39.1,3.06,0.315,0.057,1.37,,,Ⅲ
2022-11-14T12:00:00+08:00,1668398400,16.9,7.36,4.73,639.3,35.3,3.05,0.226,0.048,1.34,,,Ⅳ
2022-11-14T16:00:00+08:00,1668412800,16.8,7.44,6.19,639.5,32.7,3.04,0.189,0.043,1.28,,,Ⅱ
2022-11-14T20:00:00+08:00,1668427200,16.4,7.43,5.72,636.2,34.4,3.05,0.221,0.044,1.3,,,Ⅲ
2022-11-15T00:00:00+08:00,1668441600,16.2,7.42,5.16,638.3,38.0,3.05,0.221,0.044,1.3,,,Ⅲ
2022-11-15T04:00:00+08:00,1668456000,15.9,7.24,3.24,637.7,34.8,3.04,0.245,0.045,1.33,,,Ⅳ
2022-11-15T08:00:00+08:00,1668470400,15.8,7.22,2.7,635.9,32.6,3.05,0.233,0.042,1.28,,,Ⅴ
2022-11-15T12:00:00+08:00,1668484800,16.8,7.5,6.3,633.5,36.3,3.04,0.265,0.049,1.31,,,Ⅱ
2022-11-15T16:00:00+08:00,1668499200,17.1,7.84,8.69,628.5,42.3,2.86,0.357,0.058,1.3,,,Ⅱ
2022-11-16T08:00:00+08:00,1668556800,15.1,7.32,4.4,630.8,35.6,3.04,0.255,0.047,1.28,,,Ⅳ
2022-11-16T12:00:00+08:00,1668571200,16.5,7.5,6.82,622.8,36.3,3.07,0.209,0.048,1.21,,,Ⅱ
2022-11-16T20:00:00+08:00,1668600000,16.4,7.71,8.35,631.7,52.2,3.07,0.3,0.052,1.25,,,Ⅱ
2022-11-17T04:00:00+08:00,1668628800,15.7,7.37,5.42,619.4,64.6,4.55,0.56,0.07,1.09,,,Ⅲ
2022-11-17T08:00:00+08:00,1668643200,15.7,7.33,4.79,620.0,56.1,4.56,0.623,0.072,1.06,,,Ⅳ
2022-11-17T12:00:00+08:00,1668657600,15.8,7.28,3.97,622.2,40.8,3.82,0.443,0.06,1.15,,,Ⅳ
2022-11-17T20:00:00+08:00,1668686400,15.8,7.38,5.07,623.5,43.4,3.57,0.366,0.047,1.34,,,Ⅲ
2022-11-18T04:00:00+08:00,1668715200,15.7,7.28,3.67,627.9,37.8,3.3,0.408,0.053,1.39,,,Ⅳ
2022-11-18T08:00:00+08:00,1668729600,15.7,7.28,3.47,628.1,35.8,3.07,0.358,0.05,1.42,,,Ⅳ
2022-11-18T12:00:00+08:00,1668744000,16.2,7.29,3.88,628.2,32.5,3.07,0.325,0.046,1.46,,,Ⅳ
2022-11-18T16:00:00+08:00,1668758400,16.4,7.43,5.67,628.1,41.3,2.77,0.266,0.043,1.47,,,Ⅲ
2022-11-18T20:00:00+08:00,1668772800,16.3,7.49,6.06,625.8,41.9,3.04,0.352,0.05,1.41,,,Ⅱ
2022-11-19T00:00:00+08:00,1668787200,16.2,7.49,6.15,622.5,41.7,3.05,0.383,0.054,1.37,,,Ⅱ
2022-11-19T04:00:00+08:00,1668801600,16.1,7.48,5.66,613.9,40.8,3.0,0.4,0.059,1.45,,,Ⅲ
2022-11-19T08:00:00+08:00,1668816000,16.2,7.38,4.69,618.0,39.3,2.81,0.402,0.061,1.46,,,Ⅳ
2022-11-19T12:00:00+08:00,1668830400,16.6,7.38,5.1,627.2,35.3,3.02,0.351,0.059,1.46,,,Ⅲ
2022-11-19T16:00:00+08:00,1668844800,16.6,7.52,6.32,615.2,40.3,3.04,0.269,0.052,1.48,,,Ⅱ
2022-11-19T20:00:00+08:00,1668859200,16.6,7.44,5.66,620.1,34.9,2.8,0.391,0.065,1.43,,,Ⅲ
2022-11-20T00:00:00+08:00,1668873600,16.4,7.35,4.5,623.2,37.6,2.82,0.302,0.057,1.52,,,Ⅳ
2022-11-20T04:00:00+08:00,1668888000,16.3,7.42,5.32,617.1,40.6,3.04,0.329,0.055,1.48,,,Ⅲ
2022-11-20T08:00:00+08:00,1668902400,16.2,7.21,2.64,635.8,31.9,2.82,0.422,0.061,1.51,,,Ⅴ
2022-11-20T12:00:00+08:00,1668916800,17.1,7.49,6.11,622.0,38.9,2.82,0.27,0.051,1.49,,,Ⅱ
2022-11-20T16:00:00+08:00,1668931200,17.2,7.63,7.25,612.4,45.1,2.84,0.34,0.057,1.46,,,Ⅱ
2022-11-20T20:00:00+08:00,1668945600,16.8,7.64,7.32,615.3,44.4,2.78,0.447,0.064,1.43,,,Ⅱ
2022-11-21T00:00:00+08:00,1668960000,16.7,7.53,6.46,619.1,39.6,2.81,0.476,0.066,1.44,,,Ⅱ
2022-11-21T04:00:00+08:00,1668974400,16.6,7.48,5.92,611.9,40.2,2.81,0.476,0.066,1.44,,,Ⅲ
2022-11-21T12:00:00+08:00,1669003200,17.4,7.45,5.99,628.4,35.8,3.05,0.265,0.058,1.43,,,Ⅲ
2022-11-21T16:00:00+08:00,1669017600,17.6,7.6,7.12,618.1,43.2,3.05,0.416,0.072,1.38,,,Ⅱ
2022-11-21T20:00:00+08:00,1669032000,17.5,7.64,7.41,623.0,41.9,3.05,0.353,0.062,1.44,,,Ⅱ
2022-11-22T00:00:00+08:00,1669046400,17.2,7.56,6.76,624.4,42.3,3.05,0.353,0.062,1.44,,,Ⅱ
2022-11-22T04:00:00+08:00,1669060800,16.9,7.46,5.86,621.2,48.2,3.33,0.471,0.064,1.41,,,Ⅲ
2022-11-22T08:00:00+08:00,1669075200,16.7,7.44,5.85,619.8,52.6,3.82,0.528,0.07,1.39,,,Ⅲ
2022-11-22T12:00:00+08:00,1669089600,17.0,7.32,4.61,621.4,48.8,3.58,0.443,0.061,1.38,,,Ⅳ
2022-11-22T16:00:00+08:00,1669104000,17.2,7.38,5.66,631.0,38.2,3.29,0.261,0.05,1.43,,,Ⅲ
2022-11-22T20:00:00+08:00,1669118400,16.9,7.54,6.72,612.1,45.5,3.04,0.433,0.06,1.47,,,Ⅱ
2022-11-23T00:00:00+08:00,1669132800,16.7,7.3,4.29,632.4,35.3,3.04,0.433,0.06,1.47,,,Ⅳ
2022-11-23T04:00:00+08:00,1669147200,16.4,7.25,3.43,626.0,33.9,3.01,0.254,0.048,1.56,,,Ⅳ
2022-11-23T08:00:00+08:00,1669161600,16.3,7.41,5.37,617.0,40.4,2.82,0.382,0.056,1.6,,,Ⅲ
2022-11-23T12:00:00+08:00,1669176000,16.8,7.37,4.99,630.5,34.0,2.82,0.382,0.051,1.5,,,Ⅳ
2022-11-23T16:00:00+08:00,1669190400,16.8,7.62,6.93,622.1,41.8,2.81,0.446,0.061,1.6,,,Ⅱ
2022-11-23T20:00:00+08:00,1669204800,16.5,7.64,6.86,613.1,42.4,2.76,0.451,0.066,1.62,,,Ⅱ
2022-11-24T00:00:00+08:00,1669219200,16.3,7.46,5.72,629.5,36.7,2.76,0.451,0.066,1.62,,,Ⅲ
2022-11-24T04:00:00+08:00,1669233600,16.1,7.42,5.18,630.4,38.6,2.82,0.318,0.056,1.55,,,Ⅲ
2022-11-24T08:00:00+08:00,1669248000,15.9,7.37,4.8,620.5,37.9,2.78,0.325,0.057,1.54,,,Ⅳ
2022-11-24T12:00:00+08:00,1669262400,16.4,7.42,5.29,624.5,34.2,2.55,0.27,0.054,1.56,,,Ⅲ
2022-11-24T16:00:00+08:00,1669276800,16.9,7.54,6.89,630.2,36.5,2.81,0.276,0.054,1.55,,,Ⅱ
2022-11-24T20:00:00+08:00,1669291200,16.6,7.59,6.67,621.2,43.1,2.84,0.426,0.061,1.51,,,Ⅱ
2022-11-25T00:00:00+08:00,1669305600,16.2,7.52,6.38,633.6,45.7,2.84,0.426,0.061,1.51,,,Ⅱ
2022-11-25T04:00:00+08:00,1669320000,15.8,7.36,4.64,635.5,53.8,3.56,0.43,0.063,1.48,,,Ⅳ
2022-11-25T08:00:00+08:00,1669334400,15.8,7.57,6.58,613.6,44.6,3.03,0.436,0.064,1.52,,,Ⅱ
2022-11-25T12:00:00+08:00,1669348800,16.8,7.41,5.54,638.5,40.2,3.06,0.246,0.067,1.35,,,Ⅲ
2022-11-25T16:00:00+08:00,1669363200,16.8,7.6,7.2,628.3,38.6,3.04,0.358,0.056,1.48,,,Ⅱ
2022-11-25T20:00:00+08:00,1669377600,16.6,7.6,6.67,612.7,42.5,2.81,0.433,0.061,1.57,,,Ⅱ
2022-11-26T00:00:00+08:00,1669392000,16.4,7.45,5.82,625.9,35.0,2.81,0.433,0.061,1.57,,,Ⅲ
2022-11-26T04:00:00+08:00,1669406400,16.1,7.26,3.24,635.4,33.4,2.8,0.211,0.049,1.55,,,Ⅳ
2022-11-26T08:00:00+08:00,1669420800,16.1,7.27,3.29,635.5,33.5,2.82,0.231,0.049,1.55,,,Ⅳ
2022-11-26T12:00:00+08:00,1669435200,16.9,7.45,6.33,629.3,34.0,2.8,0.242,0.051,1.55,,,Ⅱ
2022-11-26T16:00:00+08:00,1669449600,17.2,7.67,7.8,621.5,38.6,2.8,0.242,0.051,1.55,,,Ⅱ
2022-11-28T08:00:00+08:00,1669593600,16.2,7.28,3.48,636.9,43.2,3.06,0.319,0.053,1.5,,,Ⅳ
2022-11-28T12:00:00+08:00,1669608000,17.2,7.4,5.22,634.7,53.8,3.3,0.347,0.053,1.48,,,Ⅲ
2022-11-28T16:00:00+08:00,1669622400,17.3,7.49,6.48,621.7,39.9,3.07,0.294,0.052,1.48,,,Ⅱ
2022-11-29T08:00:00+08:00,1669680000,16.4,7.23,2.93,624.0,30.2,2.8,0.172,0.042,1.61,,,Ⅴ
2022-11-29T12:00:00+08:00,1669694400,16.3,7.43,5.45,615.3,36.8,3.0,0.208,0.043,1.58,,,Ⅲ
2022-11-29T16:00:00+08:00,1669708800,15.9,7.37,5.03,625.8,32.9,2.77,0.28,0.05,1.58,,,Ⅲ
2022-11-29T20:00:00+08:00,1669723200,15.3,7.37,4.94,623.9,34.4,3.09,0.212,0.063,1.58,,,Ⅳ
2022-11-30T00:00:00+08:00,1669737600,14.9,7.78,8.46,616.2,44.2,3.08,0.282,0.052,1.64,,,Ⅱ
2022-11-30T04:00:00+08:00,1669752000,14.1,7.5,6.56,621.0,37.6,3.08,0.282,0.052,1.64,,,Ⅱ
2022-11-30T08:00:00+08:00,1669766400,13.4,7.38,5.36,618.0,34.9,2.83,0.319,0.063,1.59,,,Ⅲ
2022-11-30T12:00:00+08:00,1669780800,13.2,7.55,7.19,616.1,36.1,2.82,0.248,0.06,1.69,,,Ⅱ
2022-11-30T16:00:00+08:00,1669795200,12.9,7.68,8.32,619.3,34.7,2.83,0.275,0.062,1.72,,,Ⅱ
2022-11-30T20:00:00+08:00,1669809600,12.5,7.62,7.38,618.1,37.2,2.83,0.26,0.063,1.71,,,Ⅱ
2022-12-01T00:00:00+08:00,1669824000,11.9,7.61,7.37,618.1,38.8,2.83,0.353,0.069,1.84,,,Ⅱ
2022-12-01T04:00:00+08:00,1669838400,11.5,7.62,7.61,619.5,37.3,2.83,0.353,0.069,1.84,,,Ⅱ
2022-12-01T12:00:00+08:00,1669867200,11.4,7.68,8.43,629.1,35.5,2.59,0.296,0.066,1.75,,,Ⅱ
2022-12-01T16:00:00+08:00,1669881600,11.2,7.79,9.28,623.8,36.3,2.34,0.312,0.067,1.74,,,Ⅱ
2022-12-02T00:00:00+08:00,1669910400,10.3,7.71,8.55,621.1,39.2,2.59,0.291,0.06,1.73,,,Ⅱ
2022-12-02T04:00:00+08:00,1669924800,10.1,7.57,7.76,619.6,36.3,2.59,0.291,0.06,1.73,,,Ⅱ
2022-12-02T08:00:00+08:00,1669939200,9.9,7.55,7.81,618.1,34.8,2.31,0.312,0.059,1.75,,,Ⅱ
2022-12-02T12:00:00+08:00,1669953600,10.3,7.72,9.0,621.8,35.6,,0.294,0.059,1.7,,,
2022-12-02T16:00:00+08:00,1669968000,10.2,7.88,9.95,624.2,35.9,2.07,0.297,0.062,1.74,,,Ⅱ
2022-12-02T20:00:00+08:00,1669982400,10.1,7.65,8.57,630.0,33.2,2.32,0.297,0.058,1.75,,,Ⅱ
2022-12-03T00:00:00+08:00,1669996800,9.9,7.58,7.85,620.1,34.3,2.11,0.264,0.053,1.75,,,Ⅱ
2022-12-03T04:00:00+08:00,1670011200,9.7,7.63,8.3,622.9,35.3,2.11,0.264,0.053,1.75,,,Ⅱ
2022-12-03T08:00:00+08:00,1670025600,9.7,7.54,7.55,631.2,32.8,2.33,0.309,0.055,1.74,,,Ⅱ
2022-12-03T12:00:00+08:00,1670040000,9.9,7.54,7.56,630.9,32.4,2.32,0.26,0.052,1.78,,,Ⅱ
2022-12-03T16:00:00+08:00,1670054400,9.9,7.6,8.34,635.5,31.7,2.33,0.241,0.049,1.78,,,Ⅱ
2022-12-03T20:00:00+08:00,1670068800,9.8,7.5,7.38,642.9,31.5,2.59,0.251,0.049,1.86,,,Ⅱ
2022-12-04T00:00:00+08:00,1670083200,9.8,7.47,6.72,633.9,32.3,2.59,0.251,0.049,1.86,,,Ⅱ
2022-12-04T04:00:00+08:00,1670097600,9.5,7.57,7.73,620.7,35.5,2.59,0.251,0.049,1.86,,,Ⅱ
2022-12-04T08:00:00+08:00,1670112000,9.6,7.51,7.04,628.5,33.1,2.79,0.277,0.054,1.89,,,Ⅱ
2022-12-04T12:00:00+08:00,1670126400,9.8,7.55,7.7,629.5,32.0,2.61,0.261,0.053,1.9,,,Ⅱ
2022-12-04T16:00:00+08:00,1670140800,9.4,7.78,9.37,625.5,40.9,2.61,0.261,0.053,1.9,,,Ⅱ
2022-12-04T20:00:00+08:00,1670155200,9.3,7.74,9.14,627.9,43.1,3.07,0.426,0.069,1.88,,,Ⅱ
2022-12-05T00:00:00+08:00,1670169600,9.4,7.64,8.36,625.1,35.1,3.07,0.426,0.069,1.88,,,Ⅱ
2022-12-05T04:00:00+08:00,1670184000,9.2,7.64,8.37,627.3,34.5,2.84,0.322,0.063,1.89,,,Ⅱ
2022-12-05T08:00:00+08:00,1670198400,9.0,7.63,8.25,626.8,33.4,2.84,0.317,0.063,1.96,,,Ⅱ
2022-12-05T12:00:00+08:00,1670212800,9.5,7.65,8.43,627.1,32.2,2.6,0.283,0.06,1.94,,,Ⅱ
2022-12-05T16:00:00+08:00,1670227200,9.5,7.79,9.47,624.3,34.9,2.81,0.345,0.064,1.95,,,Ⅱ
2022-12-06T00:00:00+08:00,1670256000,9.1,7.7,8.79,623.3,32.2,2.82,0.383,0.067,1.94,,,Ⅱ
2022-12-06T04:00:00+08:00,1670270400,8.9,7.67,8.51,630.4,32.8,2.81,0.315,0.062,1.98,,,Ⅱ
2022-12-06T08:00:00+08:00,1670284800,8.7,7.59,7.78,630.8,31.5,2.34,0.286,0.06,1.97,,,Ⅱ
2022-12-06T12:00:00+08:00,1670299200,10.1,7.83,9.89,619.6,32.7,2.31,0.308,0.068,2.0,,,Ⅱ
2022-12-06T16:00:00+08:00,1670313600,9.7,7.89,10.0,622.4,35.6,2.57,0.39,0.069,2.01,,,Ⅱ
2022-12-06T20:00:00+08:00,1670328000,9.5,7.88,9.94,624.9,36.2,2.8,0.369,0.065,1.97,,,Ⅱ
2022-12-07T00:00:00+08:00,1670342400,9.4,7.63,8.37,634.9,32.8,2.8,0.369,0.065,1.97,,,Ⅱ
2022-12-07T04:00:00+08:00,1670356800,9.2,7.46,6.76,648.9,30.2,2.82,0.238,0.051,1.99,,,Ⅱ
2022-12-07T08:00:00+08:00,1670371200,9.0,7.46,6.72,633.2,29.8,2.36,0.222,0.05,1.94,,,Ⅱ
2022-12-07T12:00:00+08:00,1670385600,9.7,7.57,8.17,631.7,35.6,2.58,0.259,0.053,1.94,,,Ⅱ
2022-12-07T16:00:00+08:00,1670400000,9.9,7.71,9.29,631.3,31.8,2.85,0.244,0.051,1.94,,,Ⅱ
2022-12-07T20:00:00+08:00,1670414400,9.5,7.74,9.18,620.2,35.8,2.84,0.348,0.059,1.99,,,Ⅱ
2022-12-08T00:00:00+08:00,1670428800,9.5,7.51,7.3,633.5,31.7,2.84,0.348,0.059,1.99,,,Ⅱ
2022-12-08T04:00:00+08:00,1670443200,9.4,7.45,6.73,638.2,29.5,2.83,0.216,0.048,1.99,,,Ⅱ
2022-12-08T08:00:00+08:00,1670457600,9.5,7.45,6.67,637.2,29.6,2.82,0.22,0.049,2.0,,,Ⅱ
2022-12-08T12:00:00+08:00,1670472000,10.1,7.56,8.12,639.1,29.0,2.53,,0.049,1.99,,,
2022-12-08T16:00:00+08:00,1670486400,10.3,7.69,9.04,640.8,30.3,2.53,,0.049,1.99,,,
2022-12-08T20:00:00+08:00,1670500800,10.1,7.61,8.13,629.0,32.3,2.54,,0.053,2.06,,,
2022-12-09T00:00:00+08:00,1670515200,10.2,7.46,6.44,630.6,30.0,2.54,,0.053,2.06,,,
2022-12-09T04:00:00+08:00,1670529600,10.1,7.46,6.5,627.6,30.3,2.83,0.22,0.05,2.02,,,Ⅱ
2022-12-09T08:00:00+08:00,1670544000,10.1,7.43,6.0,628.5,29.8,2.83,0.247,0.052,2.07,,,Ⅲ
2022-12-09T12:00:00+08:00,1670558400,10.2,7.45,6.32,634.4,28.4,2.81,0.233,0.05,2.06,,,Ⅱ
2022-12-09T16:00:00+08:00,1670572800,10.3,7.51,7.07,628.0,29.2,2.83,0.262,0.051,2.1,,,Ⅱ
2022-12-09T20:00:00+08:00,1670587200,10.2,7.56,7.45,628.6,32.7,2.83,0.327,0.052,2.12,,,Ⅱ
2022-12-10T00:00:00+08:00,1670601600,10.3,7.47,6.35,632.2,30.6,2.83,0.327,0.052,2.12,,,Ⅱ
2022-12-10T04:00:00+08:00,1670616000,10.3,7.41,5.65,626.0,29.5,2.81,0.266,0.049,2.14,,,Ⅲ
2022-12-10T08:00:00+08:00,1670630400,10.4,7.43,5.71,629.1,29.5,2.84,0.276,0.05,2.13,,,Ⅲ
2022-12-10T12:00:00+08:00,1670644800,10.6,7.47,6.51,626.5,28.5,2.8,0.237,0.048,2.11,,,Ⅱ
2022-12-10T16:00:00+08:00,1670659200,10.6,7.46,6.82,631.7,29.6,2.8,0.253,0.051,2.13,,,Ⅱ
2022-12-10T20:00:00+08:00,1670673600,10.5,7.51,6.68,624.4,32.9,2.82,0.31,0.052,2.08,,,Ⅱ
2022-12-11T00:00:00+08:00,1670688000,10.4,7.48,6.35,624.8,32.7,2.82,0.31,0.052,2.08,,,Ⅱ
2022-12-11T04:00:00+08:00,1670702400,10.1,7.45,5.93,617.8,30.6,2.83,0.28,0.051,2.12,,,Ⅲ
2022-12-11T08:00:00+08:00,1670716800,9.7,7.47,6.25,616.7,30.6,2.83,0.276,0.051,2.1,,,Ⅱ
2022-12-11T12:00:00+08:00,1670731200,10.7,7.73,9.14,615.8,32.1,2.34,0.279,0.056,2.12,,,Ⅱ
2022-12-11T16:00:00+08:00,1670745600,10.7,7.92,10.22,618.4,35.2,2.82,0.299,0.055,2.1,,,Ⅱ
2022-12-11T20:00:00+08:00,1670760000,10.1,7.74,8.84,616.9,37.4,2.83,0.358,0.057,2.13,,,Ⅱ
2022-12-12T00:00:00+08:00,1670774400,9.8,7.63,8.01,629.0,33.5,2.83,0.358,0.057,2.13,,,Ⅱ
2022-12-12T04:00:00+08:00,1670788800,9.6,7.47,6.27,617.5,30.2,2.83,0.247,0.048,2.14,,,Ⅱ
2022-12-12T08:00:00+08:00,1670803200,9.4,7.52,6.68,619.8,33.3,2.82,0.296,0.051,2.1,,,Ⅱ
2022-12-12T12:00:00+08:00,1670817600,10.1,7.66,8.48,617.5,31.3,2.58,0.256,0.052,2.14,,,Ⅱ
2022-12-12T16:00:00+08:00,1670832000,10.3,7.78,9.55,616.9,31.4,2.81,0.244,0.048,2.08,,,Ⅱ
2022-12-12T20:00:00+08:00,1670846400,9.7,7.64,8.24,622.8,33.2,2.83,0.271,0.05,2.1,,,Ⅱ
2022-12-13T00:00:00+08:00,1670860800,9.2,7.53,7.1,618.9,32.1,2.83,0.271,0.05,2.1,,,Ⅱ
2022-12-13T04:00:00+08:00,1670875200,9.0,7.47,6.38,628.8,29.6,2.6,0.21,0.045,2.14,,,Ⅱ
2022-12-13T08:00:00+08:00,1670889600,8.7,7.5,6.81,620.6,31.6,2.59,0.245,0.048,2.13,,,Ⅱ
2022-12-13T12:00:00+08:00,1670904000,10.2,7.74,9.69,619.1,30.2,2.82,0.194,0.048,2.08,,,Ⅱ
2022-12-13T16:00:00+08:00,1670918400,10.3,7.86,10.4,617.1,30.8,2.84,0.221,0.048,2.1,,,Ⅱ
2022-12-13T20:00:00+08:00,1670932800,9.5,7.65,8.45,613.6,31.8,2.59,0.233,0.047,2.12,,,Ⅱ
2022-12-14T00:00:00+08:00,1670947200,9.0,7.57,7.52,628.3,32.5,2.59,0.233,0.047,2.12,,,Ⅱ
2022-12-14T04:00:00+08:00,1670961600,8.6,7.48,6.61,623.2,29.6,2.77,0.202,0.043,2.13,,,Ⅱ
2022-12-14T08:00:00+08:00,1670976000,8.2,7.55,7.24,622.3,32.2,2.82,0.258,0.046,2.13,,,Ⅱ
2022-12-14T12:00:00+08:00,1670990400,9.4,7.77,9.67,617.1,33.2,2.81,0.266,0.05,2.14,,,Ⅱ
2022-12-14T16:00:00+08:00,1671004800,9.7,8.01,11.08,616.2,35.3,2.82,0.28,0.052,2.1,,,Ⅱ
2022-12-14T20:00:00+08:00,1671019200,8.8,7.71,8.87,622.7,30.9,2.77,0.233,0.046,2.16,,,Ⅱ
2022-12-15T00:00:00+08:00,1671033600,8.2,7.57,7.58,621.6,43.2,2.77,0.233,0.046,2.16,,,Ⅱ
2022-12-15T04:00:00+08:00,1671048000,7.9,7.52,7.03,623.6,45.2,3.34,0.379,0.058,2.1,,,Ⅱ
2022-12-15T08:00:00+08:00,1671062400,7.7,7.58,7.59,619.3,58.9,3.89,0.574,0.074,2.0,,,Ⅲ
2022-12-15T12:00:00+08:00,1671076800,9.3,7.78,9.81,614.4,34.5,2.84,0.301,0.055,2.12,,,Ⅱ
2022-12-15T16:00:00+08:00,1671091200,9.7,7.93,10.74,610.0,32.8,2.82,0.249,0.05,2.12,,,Ⅱ
2022-12-15T20:00:00+08:00,1671105600,9.0,7.73,9.09,622.2,35.1,2.84,0.301,0.05,2.14,,,Ⅱ
2022-12-16T00:00:00+08:00,1671120000,8.6,7.59,7.67,618.7,33.2,2.84,0.301,0.05,2.14,,,Ⅱ
2022-12-16T04:00:00+08:00,1671134400,8.6,7.54,7.23,616.2,32.4,2.83,0.228,0.044,2.13,,,Ⅱ
2022-12-16T08:00:00+08:00,1671148800,8.5,7.59,7.55,617.3,32.9,2.83,0.266,0.046,2.16,,,Ⅱ
2022-12-16T12:00:00+08:00,1671163200,8.8,7.66,8.48,615.0,31.5,2.59,0.234,0.045,2.13,,,Ⅱ
2022-12-16T16:00:00+08:00,1671177600,9.1,7.88,10.24,608.9,31.1,2.78,0.216,0.046,2.19,,,Ⅱ
2022-12-16T20:00:00+08:00,1671192000,8.7,7.71,8.71,611.0,31.7,2.62,0.241,0.046,2.19,,,Ⅱ
2022-12-17T00:00:00+08:00,1671206400,8.5,7.6,7.56,607.0,31.8,2.62,0.241,0.046,2.19,,,Ⅱ
2022-12-17T04:00:00+08:00,1671220800,8.1,7.56,7.2,621.0,31.1,2.58,0.239,0.046,2.22,,,Ⅱ
2022-12-17T08:00:00+08:00,1671235200,7.7,7.61,7.76,613.4,31.7,2.76,0.268,0.047,2.2,,,Ⅱ
2022-12-17T12:00:00+08:00,1671249600,8.4,7.94,10.81,612.2,32.5,2.78,0.287,0.055,2.17,,,Ⅱ
2022-12-17T16:00:00+08:00,1671264000,8.5,8.12,11.72,615.6,34.0,2.81,0.296,0.056,2.2,,,Ⅱ
2022-12-17T20:00:00+08:00,1671278400,7.1,7.73,9.07,617.9,32.3,2.33,0.28,0.047,2.2,,,Ⅱ
2022-12-18T00:00:00+08:00,1671292800,6.4,7.7,8.91,619.6,34.9,2.33,0.28,0.047,2.2,,,Ⅱ
2022-12-18T04:00:00+08:00,1671307200,5.7,7.66,8.6,625.4,31.9,2.56,0.261,0.042,2.21,,,Ⅱ
2022-12-18T08:00:00+08:00,1671321600,5.4,7.66,8.62,633.0,32.3,2.58,0.246,0.043,2.19,,,Ⅱ
2022-12-18T12:00:00+08:00,1671336000,7.2,8.03,11.6,619.6,43.2,2.82,,0.054,2.19,,,
2022-12-18T16:00:00+08:00,1671350400,7.5,8.25,12.6,611.3,40.1,2.6,,0.053,2.1,,,
2022-12-18T20:00:00+08:00,1671364800,6.3,7.94,10.55,621.4,32.0,2.58,0.256,0.043,2.21,,,Ⅱ
2022-12-19T00:00:00+08:00,1671379200,5.5,7.69,8.9,622.7,30.4,2.58,0.256,0.043,2.21,,,Ⅱ
2022-12-19T04:00:00+08:00,1671393600,5.2,7.67,8.75,627.5,31.3,2.57,0.242,0.039,2.22,,,Ⅱ
2022-12-19T08:00:00+08:00,1671408000,5.0,7.65,8.66,634.3,32.1,2.56,0.237,0.039,2.18,,,Ⅱ
2022-12-19T12:00:00+08:00,1671422400,7.3,8.08,12.21,614.3,31.1,2.58,0.218,0.042,2.15,,,Ⅱ
2022-12-19T16:00:00+08:00,1671436800,7.6,8.25,12.87,618.6,35.8,2.58,0.295,0.047,2.12,,,Ⅱ
2022-12-19T20:00:00+08:00,1671451200,6.6,8.14,11.92,632.0,34.3,2.57,0.298,0.044,2.15,,,Ⅱ
2022-12-20T00:00:00+08:00,1671465600,5.8,7.87,10.26,639.5,41.3,2.57,0.298,0.044,2.15,,,Ⅱ
2022-12-20T04:00:00+08:00,1671480000,5.4,7.8,9.77,635.9,43.6,3.02,0.455,0.05,2.1,,,Ⅱ
2022-12-20T08:00:00+08:00,1671494400,5.0,7.74,9.46,632.9,47.1,3.07,0.451,0.051,2.12,,,Ⅱ
2022-12-20T12:00:00+08:00,1671508800,7.4,7.99,11.52,621.1,47.6,3.31,0.444,0.057,2.12,,,Ⅱ
2022-12-20T16:00:00+08:00,1671523200,7.7,8.11,11.71,610.5,54.5,3.07,0.581,0.064,1.97,,,Ⅲ
2022-12-20T20:00:00+08:00,1671537600,7.6,8.1,11.53,622.0,50.1,3.08,0.49,0.055,1.96,,,Ⅱ
2022-12-21T00:00:00+08:00,1671552000,7.0,7.78,9.41,624.6,33.0,3.08,0.49,0.055,1.96,,,Ⅱ
2022-12-21T04:00:00+08:00,1671566400,6.6,7.78,9.42,617.2,40.0,2.8,0.392,0.046,2.09,,,Ⅱ
2022-12-21T08:00:00+08:00,1671580800,6.2,7.65,8.47,617.0,31.7,2.57,0.261,0.04,2.1,,,Ⅱ
2022-12-21T12:00:00+08:00,1671595200,8.0,7.98,11.51,612.5,32.7,2.58,0.227,0.042,2.1,,,Ⅱ
2022-12-21T16:00:00+08:00,1671609600,8.2,8.32,12.8,609.4,45.2,3.08,0.398,0.057,2.06,,,Ⅱ
2022-12-21T20:00:00+08:00,1671624000,7.2,8.09,11.4,618.9,39.4,2.82,0.364,0.05,2.04,,,Ⅱ
2022-12-22T00:00:00+08:00,1671638400,6.5,7.85,10.0,620.8,35.3,2.82,0.364,0.05,2.04,,,Ⅱ
2022-12-22T04:00:00+08:00,1671652800,6.1,7.74,9.18,625.8,33.8,2.58,0.289,0.042,2.08,,,Ⅱ
2022-12-22T08:00:00+08:00,1671667200,5.7,7.64,8.48,623.1,30.9,2.58,0.289,0.042,2.08,,,Ⅱ
2022-12-22T12:00:00+08:00,1671681600,7.6,8.01,11.86,623.1,29.6,2.57,0.196,0.042,2.12,,,Ⅱ
2022-12-22T16:00:00+08:00,1671696000,7.6,8.32,12.97,610.7,34.8,2.59,0.264,0.047,2.09,,,Ⅱ
2022-12-22T20:00:00+08:00,1671710400,6.2,8.1,11.42,633.3,52.5,2.59,0.264,0.047,2.09,,,Ⅱ
2022-12-23T00:00:00+08:00,1671724800,5.4,7.9,10.41,621.7,33.4,2.83,0.565,0.055,1.86,,,Ⅲ
2022-12-23T04:00:00+08:00,1671739200,4.8,7.71,8.98,622.6,30.7,2.32,0.236,0.037,2.09,,,Ⅱ
2022-12-23T08:00:00+08:00,1671753600,4.3,7.7,8.98,630.3,31.9,2.32,0.236,0.037,2.09,,,Ⅱ
2022-12-23T12:00:00+08:00,1671768000,6.2,7.99,11.44,622.6,36.0,2.57,0.281,0.042,2.03,,,Ⅱ
2022-12-23T16:00:00+08:00,1671782400,7.1,8.47,13.95,613.8,31.5,2.58,0.21,0.041,2.04,,,Ⅱ
2022-12-23T20:00:00+08:00,1671796800,5.7,8.11,11.54,628.8,45.6,2.59,0.495,0.048,1.97,,,Ⅱ
2022-12-24T00:00:00+08:00,1671811200,5.0,8.02,11.06,639.4,39.0,2.59,0.495,0.048,1.97,,,Ⅱ
2022-12-24T04:00:00+08:00,1671825600,4.5,7.84,9.95,636.6,32.9,2.32,0.244,0.036,2.05,,,Ⅱ
2022-12-24T08:00:00+08:00,1671840000,4.2,7.73,9.22,631.7,31.2,2.06,0.232,0.037,2.08,,,Ⅱ
2022-12-24T12:00:00+08:00,1671854400,6.4,8.08,12.29,620.7,30.5,2.57,0.198,0.039,2.02,,,Ⅱ
2022-12-24T16:00:00+08:00,1671868800,6.7,8.47,14.02,623.2,32.9,2.57,0.198,0.039,2.02,,,Ⅱ
2022-12-24T20:00:00+08:00,1671883200,5.6,8.22,12.31,626.0,42.6,2.58,0.231,0.042,2.03,,,Ⅱ
2022-12-25T00:00:00+08:00,1671897600,4.4,7.94,10.68,625.8,33.6,2.33,0.419,0.046,1.96,,,Ⅱ
2022-12-25T04:00:00+08:00,1671912000,4.1,7.77,9.68,636.2,33.1,2.07,0.259,0.036,2.0,,,Ⅱ
2022-12-25T08:00:00+08:00,1671926400,3.7,7.74,9.63,632.3,31.7,2.08,0.258,0.036,2.01,,,Ⅱ
2022-12-25T12:00:00+08:00,1671940800,5.4,8.0,11.66,620.9,36.8,,0.241,0.035,2.01,,,
2022-12-25T16:00:00+08:00,1671955200,6.5,8.42,13.12,615.0,37.4,2.59,0.301,0.043,1.97,,,Ⅱ
2022-12-25T20:00:00+08:00,1671969600,5.5,8.2,12.21,629.3,46.1,2.57,0.47,0.046,1.97,,,Ⅱ
2022-12-26T00:00:00+08:00,1671984000,4.7,8.02,11.44,648.3,39.3,2.57,0.47,0.046,1.97,,,Ⅱ
2022-12-26T04:00:00+08:00,1671998400,4.3,7.8,9.88,637.9,33.2,2.56,0.39,0.042,2.04,,,Ⅱ
2022-12-26T08:00:00+08:00,1672012800,4.3,7.78,9.74,635.3,32.8,2.58,0.264,0.037,2.05,,,Ⅱ
2022-12-26T12:00:00+08:00,1672027200,5.3,7.91,11.03,627.0,34.1,2.57,0.254,0.037,2.04,,,Ⅱ
2022-12-26T16:00:00+08:00,1672041600,5.7,8.27,13.28,631.4,30.6,2.57,0.254,0.037,2.04,,,Ⅱ
2022-12-26T20:00:00+08:00,1672056000,5.4,8.14,12.13,609.8,33.8,,0.208,0.037,2.0,,,
2022-12-27T00:00:00+08:00,1672070400,4.9,7.94,10.76,633.6,33.0,,0.284,0.039,1.98,,,
2022-12-27T04:00:00+08:00,1672084800,4.7,7.73,9.62,634.8,30.5,,0.284,0.039,1.98,,,
2022-12-27T08:00:00+08:00,1672099200,4.6,7.74,9.36,628.4,32.1,2.57,0.23,0.035,2.04,,,Ⅱ
2022-12-27T12:00:00+08:00,1672113600,5.8,7.91,11.01,618.9,32.7,2.55,0.25,0.038,2.08,,,Ⅱ
2022-12-27T16:00:00+08:00,1672128000,6.6,8.45,14.07,610.7,32.2,2.32,0.253,0.041,2.02,,,Ⅱ
2022-12-27T20:00:00+08:00,1672142400,5.9,8.24,12.64,607.5,32.5,2.34,0.216,0.041,2.03,,,Ⅱ
2022-12-28T00:00:00+08:00,1672156800,5.4,8.01,11.1,632.2,36.7,2.58,0.233,0.039,2.01,,,Ⅱ
2022-12-28T04:00:00+08:00,1672171200,5.3,7.71,9.04,629.7,30.2,2.58,0.233,0.039,2.01,,,Ⅱ
2022-12-28T08:00:00+08:00,1672185600,5.4,7.68,8.98,623.4,30.5,2.56,0.222,0.035,2.03,,,Ⅱ
2022-12-28T12:00:00+08:00,1672200000,5.8,7.85,10.57,613.5,32.6,2.58,0.228,0.037,2.07,,,Ⅱ
2022-12-28T16:00:00+08:00,1672214400,6.1,8.17,12.76,611.7,31.5,2.57,0.241,0.038,2.04,,,Ⅱ
2022-12-28T20:00:00+08:00,1672228800,5.8,7.99,11.26,612.0,32.5,2.57,0.225,0.039,2.01,,,Ⅱ
2022-12-29T00:00:00+08:00,1672243200,5.7,7.91,10.59,623.7,34.8,2.57,0.246,0.037,2.01,,,Ⅱ
2022-12-29T04:00:00+08:00,1672257600,5.4,7.7,9.11,624.5,32.8,2.57,0.246,0.037,2.01,,,Ⅱ
2022-12-29T08:00:00+08:00,1672272000,5.4,7.68,8.92,619.9,31.9,2.59,0.234,0.037,2.05,,,Ⅱ
2022-12-29T12:00:00+08:00,1672286400,5.8,7.86,10.64,617.3,34.9,2.58,0.264,0.04,1.99,,,Ⅱ
2022-12-29T16:00:00+08:00,1672300800,6.1,8.13,12.43,613.8,33.9,2.58,0.232,0.039,1.98,,,Ⅱ
2022-12-29T20:00:00+08:00,1672315200,5.8,7.92,10.69,609.1,32.6,2.58,0.234,0.038,2.0,,,Ⅱ
2022-12-30T00:00:00+08:00,1672329600,5.6,7.82,10.01,610.5,33.1,2.58,0.234,0.038,2.0,,,Ⅱ
2022-12-30T04:00:00+08:00,1672344000,5.3,7.7,8.97,616.9,31.8,2.52,0.236,0.037,2.06,,,Ⅱ
2022-12-30T08:00:00+08:00,1672358400,5.4,7.66,8.77,622.7,30.6,2.59,0.226,0.038,2.05,,,Ⅱ
2022-12-30T12:00:00+08:00,1672372800,5.7,7.84,10.34,610.8,33.5,2.57,0.24,0.038,2.03,,,Ⅱ
2022-12-30T16:00:00+08:00,1672387200,6.3,8.22,13.12,609.2,33.5,2.59,0.228,0.041,1.98,,,Ⅱ
2022-12-30T20:00:00+08:00,1672401600,5.7,8.09,11.77,608.3,31.4,2.36,0.216,0.038,2.02,,,Ⅱ
2022-12-31T00:00:00+08:00,1672416000,5.3,7.88,10.28,620.2,32.9,2.36,0.216,0.038,2.02,,,Ⅱ
2022-12-31T04:00:00+08:00,1672430400,4.8,7.73,9.11,618.0,31.1,2.58,0.225,0.037,2.05,,,Ⅱ
2022-12-31T08:00:00+08:00,1672444800,4.7,7.7,8.94,621.5,31.6,2.56,0.23,0.038,2.03,,,Ⅱ
2022-12-31T12:00:00+08:00,1672459200,6.2,7.96,11.34,603.6,33.6,2.31,0.24,0.042,1.98,,,Ⅱ
2022-12-31T16:00:00+08:00,1672473600,7.2,8.32,13.48,601.3,34.6,2.33,0.232,0.045,1.99,,,Ⅱ
2022-12-31T20:00:00+08:00,1672488000,6.4,8.23,12.51,608.4,33.5,2.57,0.218,0.04,1.94,,,Ⅱ
2023-01-01T00:00:00+08:00,1672502400,5.7,7.89,10.44,608.0,33.0,2.57,0.218,0.04,1.94,,,Ⅱ
2023-01-01T04:00:00+08:00,1672516800,5.5,7.74,9.26,616.8,34.5,2.81,0.257,0.039,2.0,,,Ⅱ
2023-01-01T08:00:00+08:00,1672531200,5.4,7.66,8.57,612.9,32.3,2.57,0.205,0.036,1.98,,,Ⅱ
2023-01-01T12:00:00+08:00,1672545600,5.7,7.74,9.6,610.5,32.6,2.57,0.213,0.037,2.01,,,Ⅱ
2023-01-01T16:00:00+08:00,1672560000,6.0,7.99,11.48,602.8,34.4,2.6,0.276,0.061,1.99,,,Ⅱ
2023-01-01T20:00:00+08:00,1672574400,6.0,8.0,11.37,610.7,31.1,2.57,0.193,0.04,2.0,,,Ⅱ
2023-01-02T00:00:00+08:00,1672588800,5.8,7.77,9.49,617.5,32.2,2.57,0.193,0.04,2.0,,,Ⅱ
2023-01-02T04:00:00+08:00,1672603200,5.8,7.7,8.85,611.7,31.3,2.58,0.216,0.039,2.03,,,Ⅱ
2023-01-02T08:00:00+08:00,1672617600,5.7,7.66,8.48,610.6,31.0,2.57,0.197,0.039,2.0,,,Ⅱ
2023-01-02T12:00:00+08:00,1672632000,6.1,7.76,9.68,615.0,30.8,2.58,0.192,0.039,1.99,,,Ⅱ
2023-01-02T16:00:00+08:00,1672646400,6.4,7.96,11.16,605.8,33.8,2.56,0.226,0.042,2.01,,,Ⅱ
2023-01-02T20:00:00+08:00,1672660800,6.3,8.07,11.7,600.5,35.2,2.28,0.251,0.042,2.0,,,Ⅱ
2023-01-03T00:00:00+08:00,1672675200,6.1,7.88,10.34,614.4,33.7,2.28,0.251,0.042,2.0,,,Ⅱ
2023-01-03T04:00:00+08:00,1672689600,6.0,7.72,8.99,607.8,31.5,2.57,0.218,0.039,2.05,,,Ⅱ
2023-01-03T08:00:00+08:00,1672704000,5.8,7.64,8.24,612.6,31.3,2.57,0.218,0.039,2.05,,,Ⅱ
2023-01-03T12:00:00+08:00,1672718400,7.2,7.86,10.7,602.5,31.9,2.32,0.211,0.042,1.97,,,Ⅱ
2023-01-03T16:00:00+08:00,1672732800,7.5,8.09,12.01,606.0,33.3,2.85,0.228,0.05,2.01,,,Ⅱ
2023-01-03T20:00:00+08:00,1672747200,7.1,8.2,12.23,612.8,33.9,2.57,0.245,0.042,2.04,,,Ⅱ
2023-01-04T00:00:00+08:00,1672761600,6.7,7.96,10.68,617.6,36.7,2.57,0.245,0.042,2.04,,,Ⅱ
2023-01-04T04:00:00+08:00,1672776000,6.1,7.78,9.33,621.5,35.0,2.82,0.232,0.04,1.95,,,Ⅱ
2023-01-04T08:00:00+08:00,1672790400,5.7,7.72,8.85,612.8,34.7,2.84,0.222,0.039,1.96,,,Ⅱ
2023-01-04T12:00:00+08:00,1672804800,7.5,7.95,11.36,606.6,31.6,2.8,0.175,0.04,1.95,,,Ⅱ
2023-01-04T16:00:00+08:00,1672819200,8.4,8.28,13.09,589.5,32.1,2.6,0.186,0.044,1.97,,,Ⅱ
2023-01-04T20:00:00+08:00,1672833600,7.6,8.18,12.19,585.1,40.8,2.83,0.301,0.047,1.92,,,Ⅱ
2023-01-05T00:00:00+08:00,1672848000,7.0,7.92,10.76,593.0,79.3,2.83,0.301,0.047,1.92,,,Ⅱ
2023-01-05T04:00:00+08:00,1672862400,7.0,7.82,10.04,593.8,64.4,3.59,0.598,0.069,1.79,,,Ⅲ
2023-01-05T08:00:00+08:00,1672876800,7.0,7.71,9.21,584.1,47.0,3.1,0.37,0.053,1.89,,,Ⅱ
2023-01-05T12:00:00+08:00,1672891200,8.0,7.81,10.16,586.1,36.7,2.82,0.243,0.043,1.93,,,Ⅱ
2023-01-05T16:00:00+08:00,1672905600,8.8,8.04,11.68,584.7,35.6,2.83,0.236,0.044,1.94,,,Ⅱ
2023-01-05T20:00:00+08:00,1672920000,8.2,7.93,10.72,590.9,41.4,3.04,0.315,0.045,1.97,,,Ⅱ
2023-01-06T00:00:00+08:00,1672934400,8.1,7.9,10.26,595.8,35.0,2.77,0.238,0.04,1.93,,,Ⅱ
2023-01-06T04:00:00+08:00,1672948800,8.0,7.67,8.69,589.7,32.2,2.58,0.18,0.036,1.99,,,Ⅱ
2023-01-06T08:00:00+08:00,1672963200,7.7,7.64,8.52,586.0,32.2,2.62,0.189,0.037,1.98,,,Ⅱ
2023-01-06T16:00:00+08:00,1672992000,9.9,8.29,13.03,583.2,49.5,2.8,0.159,0.039,1.96,,,Ⅱ
2023-01-06T20:00:00+08:00,1673006400,9.0,8.05,11.38,582.9,50.4,3.33,0.39,0.057,1.84,,,Ⅱ
2023-01-07T00:00:00+08:00,1673020800,8.3,7.93,10.52,606.3,39.6,3.04,0.433,0.054,1.89,,,Ⅱ
2023-01-07T04:00:00+08:00,1673035200,7.7,7.69,8.96,584.1,33.4,3.04,0.433,0.054,1.89,,,Ⅱ
2023-01-07T08:00:00+08:00,1673049600,7.4,7.66,8.66,582.2,33.0,2.59,0.2,0.037,1.98,,,Ⅱ
2023-01-07T12:00:00+08:00,1673064000,9.3,7.93,11.15,582.4,30.8,2.83,0.184,0.038,1.96,,,Ⅱ
2023-01-07T16:00:00+08:00,1673078400,9.9,8.32,12.98,586.5,33.3,2.82,0.129,0.039,1.92,,,Ⅱ
2023-01-07T20:00:00+08:00,1673092800,9.2,8.16,12.06,580.6,35.0,2.84,0.165,0.043,1.98,,,Ⅱ
2023-01-08T00:00:00+08:00,1673107200,8.5,8.02,11.06,601.0,45.7,2.82,0.192,0.042,1.98,,,Ⅱ
2023-01-08T04:00:00+08:00,1673121600,7.8,7.8,9.75,588.9,54.0,2.82,0.192,0.042,1.98,,,Ⅱ
2023-01-08T08:00:00+08:00,1673136000,7.6,7.74,9.4,600.4,48.6,3.57,0.423,0.061,1.9,,,Ⅱ
2023-01-08T12:00:00+08:00,1673150400,9.7,8.02,11.41,583.5,35.9,3.35,0.396,0.057,1.88,,,Ⅱ
2023-01-08T16:00:00+08:00,1673164800,10.3,8.38,13.11,576.2,34.5,3.04,0.187,0.046,1.98,,,Ⅱ
2023-01-08T20:00:00+08:00,1673179200,9.4,8.18,12.0,596.7,35.8,3.59,0.17,0.05,2.0,,,Ⅱ
2023-01-09T00:00:00+08:00,1673193600,9.0,8.08,11.18,601.8,39.4,2.85,0.198,0.047,1.99,,,Ⅱ
2023-01-09T04:00:00+08:00,1673208000,8.5,7.83,9.84,592.5,33.1,2.85,0.198,0.047,1.99,,,Ⅱ
2023-01-09T08:00:00+08:00,1673222400,8.2,7.74,9.26,591.5,32.5,2.59,0.159,0.039,2.01,,,Ⅱ
2023-01-09T12:00:00+08:00,1673236800,9.9,7.96,10.93,580.7,33.5,2.57,0.147,0.037,2.01,,,Ⅱ
2023-01-09T16:00:00+08:00,1673251200,10.6,8.42,13.3,580.9,33.0,2.58,0.143,0.044,2.0,,,Ⅱ
2023-01-09T20:00:00+08:00,1673265600,9.9,8.25,12.24,590.7,38.8,2.81,0.133,0.044,1.97,,,Ⅱ
2023-01-10T00:00:00+08:00,1673280000,9.4,8.08,11.23,597.5,46.1,2.85,0.214,0.047,2.01,,,Ⅱ
2023-01-10T04:00:00+08:00,1673294400,9.1,7.85,9.89,604.2,44.8,2.85,0.214,0.047,2.01,,,Ⅱ
2023-01-10T08:00:00+08:00,1673308800,8.8,7.7,8.76,594.9,35.7,3.08,0.274,0.05,1.95,,,Ⅱ
2023-01-10T12:00:00+08:00,1673323200,9.8,7.93,10.48,601.3,33.5,2.6,0.17,0.04,2.01,,,Ⅱ
2023-01-10T16:00:00+08:00,1673337600,10.8,8.35,13.07,599.5,32.2,2.58,0.139,0.04,1.99,,,Ⅱ
2023-01-10T20:00:00+08:00,1673352000,9.9,8.19,11.93,598.6,35.5,2.59,0.116,0.041,2.03,,,Ⅱ
2023-01-11T00:00:00+08:00,1673366400,9.4,8.1,11.18,612.1,36.6,2.83,0.183,0.044,2.09,,,Ⅱ
2023-01-11T04:00:00+08:00,1673380800,8.8,7.84,9.81,615.4,36.3,2.83,0.183,0.044,2.09,,,Ⅱ
2023-01-11T08:00:00+08:00,1673395200,8.6,7.75,9.13,607.1,34.9,2.82,0.169,0.04,2.05,,,Ⅱ
2023-01-11T12:00:00+08:00,1673409600,10.1,7.98,11.01,607.6,32.8,2.82,0.168,0.04,2.04,,,Ⅱ
2023-01-11T16:00:00+08:00,1673424000,11.1,8.49,13.71,593.0,33.3,2.61,0.125,0.04,2.05,,,Ⅱ
2023-01-11T20:00:00+08:00,1673438400,10.4,8.24,11.99,612.7,36.7,2.82,0.121,0.042,2.05,,,Ⅱ
2023-01-12T00:00:00+08:00,1673452800,10.1,8.0,10.61,600.9,40.7,2.82,0.206,0.045,2.11,,,Ⅱ
2023-01-12T04:00:00+08:00,1673467200,10.0,7.85,9.65,616.4,41.0,2.82,0.206,0.045,2.11,,,Ⅱ
2023-01-12T08:00:00+08:00,1673481600,9.9,7.7,8.61,618.0,37.7,2.84,0.226,0.048,2.05,,,Ⅱ
2023-01-12T12:00:00+08:00,1673496000,11.6,8.04,11.04,599.8,32.8,2.84,0.18,0.044,2.09,,,Ⅱ
2023-01-12T16:00:00+08:00,1673510400,12.3,8.43,12.83,599.4,37.5,2.59,0.123,0.04,2.03,,,Ⅱ
2023-01-12T20:00:00+08:00,1673524800,11.8,8.14,11.18,608.4,42.0,2.86,0.166,0.047,2.0,,,Ⅱ
2023-01-13T00:00:00+08:00,1673539200,11.6,8.01,10.23,609.4,37.4,3.09,0.228,0.048,2.1,,,Ⅱ
2023-01-13T04:00:00+08:00,1673553600,11.6,7.71,8.43,616.4,34.8,3.09,0.228,0.048,2.1,,,Ⅱ
2023-01-13T08:00:00+08:00,1673568000,11.6,7.62,8.0,598.2,32.4,3.08,0.179,0.041,2.12,,,Ⅱ
2023-01-13T12:00:00+08:00,1673582400,12.2,7.8,9.41,579.4,31.9,2.82,0.188,0.043,2.16,,,Ⅱ
2023-01-13T16:00:00+08:00,1673596800,12.5,7.87,10.09,579.6,31.1,2.83,0.182,0.045,2.09,,,Ⅱ
2023-01-13T20:00:00+08:00,1673611200,12.4,7.76,8.98,597.4,33.8,2.83,0.197,0.046,2.19,,,Ⅱ
2023-01-14T00:00:00+08:00,1673625600,12.4,7.88,9.32,626.2,37.6,2.82,0.232,0.048,2.27,,,Ⅱ
2023-01-14T04:00:00+08:00,1673640000,12.3,7.58,7.26,613.2,35.5,2.82,0.232,0.048,2.27,,,Ⅱ
2023-01-14T08:00:00+08:00,1673654400,12.0,7.5,6.69,609.7,35.5,,0.261,0.05,2.27,,,
2023-01-14T12:00:00+08:00,1673668800,11.9,7.62,7.88,611.0,37.5,,0.268,0.051,2.37,,,
2023-01-14T16:00:00+08:00,1673683200,11.6,7.63,7.97,612.6,32.7,3.12,0.297,0.054,2.41,,,Ⅱ
2023-01-14T20:00:00+08:00,1673697600,10.8,7.59,7.65,632.8,35.1,3.07,0.235,0.05,2.44,,,Ⅱ
2023-01-15T00:00:00+08:00,1673712000,10.4,7.76,8.71,651.4,38.6,3.07,0.314,0.054,2.61,,,Ⅱ
2023-01-15T04:00:00+08:00,1673726400,9.7,7.52,6.78,639.8,34.0,3.07,0.314,0.054,2.61,,,Ⅱ
2023-01-15T08:00:00+08:00,1673740800,9.2,7.63,7.88,664.2,34.9,3.07,0.313,0.055,2.59,,,Ⅱ
2023-01-15T12:00:00+08:00,1673755200,8.9,7.71,8.66,657.8,35.1,3.07,0.367,0.062,2.65,,,Ⅱ
2023-01-15T16:00:00+08:00,1673769600,8.7,7.78,9.26,663.4,32.4,2.85,0.337,0.06,2.63,,,Ⅱ
2023-01-15T20:00:00+08:00,1673784000,8.2,7.67,8.24,676.5,33.7,2.83,0.293,0.058,2.67,,,Ⅱ
2023-01-16T00:00:00+08:00,1673798400,7.7,7.65,8.13,660.8,34.0,2.81,0.338,0.061,2.7,,,Ⅱ
2023-01-16T04:00:00+08:00,1673812800,7.2,7.62,7.75,651.3,32.7,2.81,0.338,0.061,2.7,,,Ⅱ
2023-01-16T12:00:00+08:00,1673841600,7.9,7.92,10.53,653.4,33.2,2.82,0.336,0.06,2.69,,,Ⅱ
2023-01-16T16:00:00+08:00,1673856000,8.2,8.13,11.71,655.9,32.8,2.8,0.3,0.064,2.65,,,Ⅱ
2023-01-16T20:00:00+08:00,1673870400,7.3,7.87,9.9,644.8,31.7,2.82,0.307,0.064,2.64,,,Ⅱ
2023-01-17T00:00:00+08:00,1673884800,6.6,7.66,8.24,650.6,31.3,2.8,0.276,0.054,2.65,,,Ⅱ
2023-01-17T04:00:00+08:00,1673899200,6.3,7.62,7.94,657.9,30.8,2.8,0.276,0.054,2.65,,,Ⅱ
2023-01-17T08:00:00+08:00,1673913600,6.2,7.62,7.96,659.8,30.8,2.82,0.291,0.051,2.68,,,Ⅱ
2023-01-17T12:00:00+08:00,1673928000,7.7,7.86,10.49,647.7,31.1,2.6,0.289,0.051,2.66,,,Ⅱ
2023-01-17T16:00:00+08:00,1673942400,8.2,8.04,11.48,658.5,31.4,2.82,0.289,0.055,2.62,,,Ⅱ
2023-01-17T20:00:00+08:00,1673956800,7.4,7.78,9.65,667.4,31.3,2.82,0.28,0.057,2.61,,,Ⅱ
2023-01-18T00:00:00+08:00,1673971200,7.0,7.58,7.89,666.1,31.7,2.83,0.273,0.05,2.67,,,Ⅱ
2023-01-18T04:00:00+08:00,1673985600,6.4,7.59,8.03,659.0,31.2,2.83,0.273,0.05,2.67,,,Ⅱ
2023-01-18T08:00:00+08:00,1674000000,6.2,7.59,8.14,659.3,31.5,2.8,0.287,0.049,2.59,,,Ⅱ
2023-01-18T12:00:00+08:00,1674014400,8.1,7.93,11.15,647.1,32.3,2.58,0.274,0.049,2.59,,,Ⅱ
2023-01-18T16:00:00+08:00,1674028800,8.3,8.13,11.84,651.9,32.6,2.82,0.252,0.055,2.57,,,Ⅱ
2023-01-18T20:00:00+08:00,1674043200,7.5,8.04,11.24,645.4,31.8,2.85,0.263,0.058,2.53,,,Ⅱ
2023-01-19T00:00:00+08:00,1674057600,6.6,7.69,9.27,657.3,31.5,2.59,0.236,0.049,2.45,,,Ⅱ
2023-01-19T04:00:00+08:00,1674072000,6.2,7.59,8.2,651.4,31.2,2.59,0.236,0.049,2.45,,,Ⅱ
2023-01-19T08:00:00+08:00,1674086400,6.0,7.59,8.02,653.6,30.7,2.61,0.252,0.048,2.58,,,Ⅱ
2023-01-28T08:00:00+08:00,1674864000,4.3,7.74,9.75,614.9,34.6,2.36,0.191,0.048,2.31,,,Ⅱ
2023-01-28T12:00:00+08:00,1674878400,5.8,7.98,11.58,607.4,35.1,2.53,0.203,0.053,2.27,,,Ⅱ
2023-01-28T16:00:00+08:00,1674892800,6.8,8.35,12.78,622.6,35.0,2.53,0.203,0.053,2.27,,,Ⅱ
2023-01-28T20:00:00+08:00,1674907200,5.7,8.25,12.56,618.1,34.9,2.56,0.17,0.049,2.26,,,Ⅱ
2023-01-29T00:00:00+08:00,1674921600,4.9,8.0,11.4,623.4,35.5,2.56,0.17,0.049,2.26,,,Ⅱ
2023-01-29T04:00:00+08:00,1674936000,4.3,7.78,10.28,626.1,34.3,2.52,0.156,0.045,2.27,,,Ⅱ
2023-01-29T08:00:00+08:00,1674950400,4.1,7.76,10.08,621.1,33.3,2.56,0.14,0.042,2.31,,,Ⅱ
2023-01-29T12:00:00+08:00,1674964800,6.4,8.07,12.0,613.8,34.5,2.57,0.143,0.048,2.26,,,Ⅱ
2023-01-29T16:00:00+08:00,1674979200,7.4,8.52,13.99,607.7,36.4,2.58,0.135,0.053,2.28,,,Ⅱ
2023-01-29T20:00:00+08:00,1674993600,6.2,8.28,12.64,620.7,36.5,2.36,0.152,0.046,2.22,,,Ⅱ
2023-01-30T04:00:00+08:00,1675022400,4.7,7.76,10.06,615.5,34.1,2.56,0.153,0.043,2.31,,,Ⅱ
2023-01-30T08:00:00+08:00,1675036800,4.6,7.74,9.96,626.3,34.4,2.37,0.143,0.042,2.26,,,Ⅱ
2023-01-30T12:00:00+08:00,1675051200,6.5,7.87,10.92,605.1,34.3,2.37,0.143,0.042,2.26,,,Ⅱ
2023-01-30T16:00:00+08:00,1675065600,7.7,8.22,12.82,595.0,33.3,2.35,0.138,0.045,2.21,,,Ⅱ
2023-01-30T20:00:00+08:00,1675080000,7.1,8.2,12.72,598.5,34.5,2.54,0.151,0.047,2.23,,,Ⅱ
2023-01-31T00:00:00+08:00,1675094400,6.0,7.81,10.88,616.5,46.4,2.54,0.151,0.047,2.23,,,Ⅱ
2023-01-31T04:00:00+08:00,1675108800,5.4,7.68,10.17,614.9,47.3,2.54,0.151,0.047,2.23,,,Ⅱ
2023-01-31T08:00:00+08:00,1675123200,5.3,7.63,9.9,609.0,43.2,3.08,0.32,0.057,2.22,,,Ⅱ
2023-01-31T12:00:00+08:00,1675137600,7.5,7.92,11.86,595.3,37.8,2.83,0.235,0.05,2.23,,,Ⅱ
2023-01-31T16:00:00+08:00,1675152000,8.5,8.15,12.8,590.9,35.7,2.59,0.147,0.052,2.22,,,Ⅱ
2023-01-31T20:00:00+08:00,1675166400,7.7,8.1,12.4,588.6,37.1,2.59,0.147,0.052,2.22,,,Ⅱ
2023-02-01T00:00:00+08:00,1675180800,7.1,7.86,11.23,596.7,36.5,2.57,0.173,0.047,2.2,,,Ⅱ
2023-02-01T04:00:00+08:00,1675195200,6.4,7.68,10.01,594.1,35.7,2.57,0.173,0.047,2.2,,,Ⅱ
2023-02-01T08:00:00+08:00,1675209600,6.1,7.61,9.55,591.8,35.1,2.52,0.152,0.042,2.19,,,Ⅱ
2023-02-01T12:00:00+08:00,1675224000,8.4,7.84,11.08,588.4,37.5,2.58,0.147,0.046,2.1,,,Ⅱ
2023-02-01T16:00:00+08:00,1675238400,9.1,8.07,12.2,574.1,57.1,3.26,0.331,0.064,2.05,,,Ⅱ
2023-02-01T20:00:00+08:00,1675252800,8.0,7.83,11.79,582.7,53.7,3.07,0.36,0.065,1.99,,,Ⅱ
2023-02-02T00:00:00+08:00,1675267200,7.4,7.72,11.21,587.5,51.1,3.07,0.36,0.065,1.99,,,Ⅱ
2023-02-02T04:00:00+08:00,1675281600,7.2,7.6,10.48,582.6,43.2,2.64,0.212,0.046,1.97,,,Ⅱ
2023-02-02T08:00:00+08:00,1675296000,7.0,7.58,10.09,580.0,40.8,2.58,0.188,0.044,2.03,,,Ⅱ
2023-02-02T12:00:00+08:00,1675310400,7.0,7.54,9.9,579.6,38.4,2.56,0.148,0.04,2.03,,,Ⅱ
2023-02-02T16:00:00+08:00,1675324800,7.1,7.59,10.53,581.0,35.4,2.58,0.111,0.04,2.09,,,Ⅱ
2023-02-02T20:00:00+08:00,1675339200,7.0,7.62,10.58,579.6,36.2,2.35,0.117,0.039,2.05,,,Ⅱ
2023-02-03T00:00:00+08:00,1675353600,6.7,7.61,10.66,594.0,36.4,2.35,0.117,0.039,2.05,,,Ⅱ
2023-02-03T04:00:00+08:00,1675368000,6.5,7.53,9.77,590.8,36.9,2.59,0.147,0.04,2.09,,,Ⅱ
2023-02-03T08:00:00+08:00,1675382400,6.4,7.48,9.21,591.0,36.1,2.58,0.173,0.041,2.12,,,Ⅱ
2023-02-03T12:00:00+08:00,1675396800,7.0,7.56,10.07,584.2,36.0,2.56,0.164,0.042,2.14,,,Ⅱ
2023-02-03T16:00:00+08:00,1675411200,7.9,7.8,12.02,583.1,41.0,2.82,0.213,0.05,2.12,,,Ⅱ
2023-02-03T20:00:00+08:00,1675425600,7.5,7.72,11.46,588.2,44.4,2.59,0.284,0.051,2.15,,,Ⅱ
2023-02-04T00:00:00+08:00,1675440000,7.1,7.66,10.88,592.0,43.9,2.59,0.284,0.051,2.15,,,Ⅱ
2023-02-04T04:00:00+08:00,1675454400,6.7,7.59,10.28,593.6,49.0,2.82,0.296,0.052,2.11,,,Ⅱ
2023-02-04T08:00:00+08:00,1675468800,6.3,7.53,9.79,586.5,42.1,2.6,0.245,0.048,2.13,,,Ⅱ
2023-02-04T12:00:00+08:00,1675483200,7.7,7.64,10.8,591.6,35.8,2.33,0.139,0.043,2.1,,,Ⅱ
2023-02-04T16:00:00+08:00,1675497600,8.4,7.87,12.43,588.2,36.8,2.58,0.135,0.047,2.12,,,Ⅱ
2023-02-04T20:00:00+08:00,1675512000,7.6,7.75,11.56,588.0,35.5,2.58,0.219,0.046,2.14,,,Ⅱ
2023-02-05T04:00:00+08:00,1675540800,6.8,7.56,10.18,586.4,39.4,2.8,0.279,0.051,2.09,,,Ⅱ
2023-02-05T08:00:00+08:00,1675555200,6.9,7.48,9.58,598.0,47.7,3.33,0.352,0.056,2.5,,,Ⅱ
2023-02-05T12:00:00+08:00,1675569600,7.7,7.54,10.13,597.8,63.6,4.06,0.526,0.073,2.0,,,Ⅲ
2023-02-05T16:00:00+08:00,1675584000,7.9,7.63,10.81,590.3,53.4,4.06,0.526,0.073,2.0,,,Ⅲ
2023-02-05T20:00:00+08:00,1675598400,7.8,7.63,10.73,593.9,45.1,3.8,0.487,0.071,3.71,,,Ⅱ
2023-02-06T04:00:00+08:00,1675627200,7.7,7.52,9.71,599.8,37.8,2.61,0.254,0.047,2.23,,,Ⅱ
2023-02-06T08:00:00+08:00,1675641600,7.7,7.48,9.31,597.3,34.3,2.58,0.225,0.046,2.32,,,Ⅱ
2023-02-06T12:00:00+08:00,1675656000,8.0,7.51,9.65,592.7,34.7,2.56,0.196,0.043,2.27,,,Ⅱ
2023-02-06T16:00:00+08:00,1675670400,8.3,7.59,10.4,593.6,34.8,2.58,0.201,0.044,2.31,,,Ⅱ
2023-02-06T20:00:00+08:00,1675684800,8.2,7.59,10.38,593.0,33.3,2.59,0.214,0.045,2.3,,,Ⅱ
2023-02-07T04:00:00+08:00,1675713600,8.1,7.44,8.85,599.5,33.1,2.57,0.208,0.044,2.26,,,Ⅱ
2023-02-07T08:00:00+08:00,1675728000,8.1,7.42,8.63,598.8,32.8,2.58,0.212,0.044,2.31,,,Ⅱ
2023-02-07T12:00:00+08:00,1675742400,9.0,7.63,10.54,589.0,35.8,2.58,0.205,0.049,2.33,,,Ⅱ
2023-02-07T16:00:00+08:00,1675756800,9.4,7.8,11.76,592.4,33.9,2.6,0.195,0.049,2.33,,,Ⅱ
2023-02-07T20:00:00+08:00,1675771200,9.0,7.7,11.12,592.8,35.0,2.6,0.195,0.049,2.33,,,Ⅱ
2023-02-08T00:00:00+08:00,1675785600,8.6,7.65,10.56,594.1,34.1,2.6,0.195,0.049,2.33,,,Ⅱ
2023-02-08T04:00:00+08:00,1675800000,8.4,7.48,9.31,587.8,32.8,2.55,0.193,0.046,2.26,,,Ⅱ
2023-02-08T08:00:00+08:00,1675814400,8.3,7.44,8.8,598.7,34.5,2.6,0.189,0.044,2.25,,,Ⅱ
2023-02-08T12:00:00+08:00,1675828800,8.4,7.52,10.04,612.8,36.7,2.6,0.24,0.049,2.29,,,Ⅱ
2023-02-08T16:00:00+08:00,1675843200,8.9,7.61,10.49,602.1,49.7,3.57,0.392,0.062,2.26,,,Ⅱ
2023-02-08T20:00:00+08:00,1675857600,8.7,7.57,10.18,615.1,43.8,3.32,0.381,0.062,2.29,,,Ⅱ
2023-02-09T00:00:00+08:00,1675872000,8.5,7.57,10.02,600.2,42.2,3.32,0.381,0.062,2.29,,,Ⅱ
2023-02-09T04:00:00+08:00,1675886400,8.3,7.48,9.15,611.8,39.0,2.83,0.286,0.057,2.24,,,Ⅱ
2023-02-09T12:00:00+08:00,1675915200,8.5,7.57,9.92,602.6,60.4,3.86,0.604,0.085,2.08,,,Ⅲ
2023-02-09T16:00:00+08:00,1675929600,8.8,7.53,9.65,597.7,45.0,3.34,0.424,0.07,2.25,,,Ⅱ
2023-02-09T20:00:00+08:00,1675944000,8.7,7.54,9.64,618.4,35.6,2.82,0.314,0.062,2.36,,,Ⅱ
2023-02-10T00:00:00+08:00,1675958400,8.5,7.57,9.81,606.6,32.8,2.82,0.314,0.062,2.36,,,Ⅱ
2023-02-10T04:00:00+08:00,1675972800,8.6,7.41,8.28,611.3,32.9,2.59,0.267,0.055,2.41,,,Ⅱ
2023-02-10T08:00:00+08:00,1675987200,8.5,7.4,8.15,614.6,32.6,2.79,0.298,0.057,2.45,,,Ⅱ
2023-02-10T12:00:00+08:00,1676001600,8.6,7.48,9.05,618.6,33.3,2.56,0.254,0.057,2.37,,,Ⅱ
2023-02-10T16:00:00+08:00,1676016000,8.9,7.56,9.87,621.8,32.9,2.57,0.239,0.055,2.38,,,Ⅱ
2023-02-10T20:00:00+08:00,1676030400,8.6,7.55,9.86,634.2,33.0,2.6,0.245,0.057,2.47,,,Ⅱ
2023-02-11T00:00:00+08:00,1676044800,8.4,7.51,9.32,627.7,35.1,2.6,0.245,0.057,2.47,,,Ⅱ
2023-02-11T04:00:00+08:00,1676059200,8.3,7.42,8.46,627.2,41.6,3.09,0.35,0.065,2.37,,,Ⅱ
2023-02-11T08:00:00+08:00,1676073600,8.4,7.41,8.4,635.0,48.8,3.82,0.48,0.079,2.44,,,Ⅱ
2023-02-11T12:00:00+08:00,1676088000,8.5,7.55,9.59,615.9,59.9,4.03,0.611,0.09,2.05,,,Ⅲ
2023-02-11T16:00:00+08:00,1676102400,8.8,7.51,9.29,615.1,50.9,3.58,0.492,0.08,2.21,,,Ⅱ
2023-02-11T20:00:00+08:00,1676116800,8.8,7.48,9.06,628.6,42.7,3.1,0.41,0.074,2.4,,,Ⅱ
2023-02-12T00:00:00+08:00,1676131200,8.7,7.46,8.74,626.5,37.3,3.1,0.41,0.074,2.4,,,Ⅱ
2023-02-12T04:00:00+08:00,1676145600,8.8,7.41,8.23,637.4,35.1,2.83,0.299,0.064,2.38,,,Ⅱ
2023-02-12T08:00:00+08:00,1676160000,8.9,7.42,8.41,632.3,43.9,3.07,0.418,0.073,2.46,,,Ⅱ
2023-02-12T12:00:00+08:00,1676174400,9.4,7.49,9.04,615.4,38.3,2.82,0.319,0.07,2.34,,,Ⅱ
2023-02-12T16:00:00+08:00,1676188800,9.7,7.52,9.48,626.0,39.4,2.83,0.297,0.07,2.58,,,Ⅱ
2023-02-12T20:00:00+08:00,1676203200,9.5,7.45,8.66,623.4,40.8,2.57,0.316,0.07,2.64,,,Ⅱ
2023-02-13T00:00:00+08:00,1676217600,9.3,7.48,8.78,638.1,40.2,2.57,0.316,0.07,2.64,,,Ⅱ
2023-02-13T04:00:00+08:00,1676232000,9.2,7.39,8.07,647.9,40.1,2.59,0.308,0.07,2.62,,,Ⅱ
2023-02-13T08:00:00+08:00,1676246400,9.0,7.37,7.82,629.5,40.4,2.83,0.354,0.07,2.77,,,Ⅱ
2023-02-13T12:00:00+08:00,1676260800,8.9,7.46,8.71,631.3,43.0,2.57,0.335,0.07,2.5,,,Ⅱ
2023-02-13T20:00:00+08:00,1676289600,8.7,7.4,8.35,659.7,40.3,2.82,0.331,0.07,2.77,,,Ⅱ
2023-02-14T00:00:00+08:00,1676304000,8.2,7.46,8.98,649.1,41.1,2.82,0.331,0.07,2.77,,,Ⅱ
2023-02-14T04:00:00+08:00,1676318400,8.0,7.37,7.91,673.9,41.9,2.83,0.348,0.07,2.84,,,Ⅱ
2023-02-14T08:00:00+08:00,1676332800,7.8,7.41,8.36,679.1,43.9,2.6,0.393,0.07,2.83,,,Ⅱ
2023-02-14T12:00:00+08:00,1676347200,8.2,7.58,9.92,633.1,45.2,2.58,0.407,0.122,2.66,,,Ⅲ
2023-02-14T16:00:00+08:00,1676361600,8.8,7.67,11.09,654.0,44.9,2.59,0.349,0.086,2.62,,,Ⅱ
2023-02-14T20:00:00+08:00,1676376000,8.4,7.51,9.38,663.4,42.1,2.62,0.35,0.074,2.73,,,Ⅱ
2023-02-15T00:00:00+08:00,1676390400,7.8,7.44,8.59,662.1,42.3,2.62,0.35,0.074,2.73,,,Ⅱ
2023-02-15T04:00:00+08:00,1676404800,7.5,7.43,8.44,667.6,44.8,2.81,0.413,0.071,2.79,,,Ⅱ
2023-02-15T08:00:00+08:00,1676419200,7.4,7.44,8.65,665.4,43.1,2.81,0.385,0.071,2.77,,,Ⅱ
2023-02-15T12:00:00+08:00,1676433600,8.9,7.56,9.98,657.2,44.1,2.84,0.378,0.077,2.84,,,Ⅱ
2023-02-15T16:00:00+08:00,1676448000,9.4,7.66,10.88,656.3,43.0,3.05,0.342,0.076,2.89,,,Ⅱ
2023-02-15T20:00:00+08:00,1676462400,8.4,7.5,9.43,661.3,41.1,2.82,0.333,0.067,2.91,,,Ⅱ
2023-02-16T00:00:00+08:00,1676476800,7.8,7.42,8.56,660.5,43.5,2.82,0.333,0.067,2.91,,,Ⅱ
2023-02-16T04:00:00+08:00,1676491200,7.5,7.42,8.52,659.6,43.2,3.06,0.384,0.065,2.81,,,Ⅱ
2023-02-16T08:00:00+08:00,1676505600,7.5,7.43,8.58,656.0,40.5,2.84,0.346,0.064,2.77,,,Ⅱ
2023-02-16T12:00:00+08:00,1676520000,9.4,7.61,10.53,651.1,41.8,2.61,0.305,0.068,2.71,,,Ⅱ
2023-02-16T16:00:00+08:00,1676534400,9.7,7.62,10.44,627.4,47.2,2.8,0.342,0.071,2.58,,,Ⅱ
2023-02-16T20:00:00+08:00,1676548800,8.9,7.54,9.79,636.7,65.6,3.57,0.524,0.083,2.46,,,Ⅲ
2023-02-17T00:00:00+08:00,1676563200,8.4,7.43,8.7,645.9,83.5,3.57,0.524,0.083,2.46,,,Ⅲ
2023-02-17T04:00:00+08:00,1676577600,8.3,7.44,8.62,636.6,68.5,3.84,0.587,0.09,2.52,,,Ⅲ
2023-02-17T08:00:00+08:00,1676592000,8.3,7.43,8.55,632.7,52.8,3.29,0.443,0.076,2.54,,,Ⅱ
2023-02-17T12:00:00+08:00,1676606400,8.7,7.5,9.22,629.3,43.6,2.84,0.34,0.067,2.58,,,Ⅱ
2023-02-17T16:00:00+08:00,1676620800,9.4,7.61,10.27,630.2,43.6,2.82,0.294,0.069,2.61,,,Ⅱ
2023-02-17T20:00:00+08:00,1676635200,9.4,7.63,10.31,624.7,42.6,2.61,0.269,0.066,2.58,,,Ⅱ
2023-02-18T00:00:00+08:00,1676649600,9.1,7.46,8.76,634.8,41.6,2.61,0.269,0.066,2.58,,,Ⅱ
2023-02-18T04:00:00+08:00,1676664000,9.0,7.42,8.2,623.9,39.6,2.58,0.287,0.064,2.57,,,Ⅱ
2023-02-18T08:00:00+08:00,1676678400,9.0,7.4,7.99,625.1,38.9,2.57,0.269,0.062,2.5,,,Ⅱ
2023-02-18T12:00:00+08:00,1676692800,10.7,7.58,9.73,613.9,39.6,2.58,0.262,0.067,2.46,,,Ⅱ
2023-02-18T16:00:00+08:00,1676707200,11.2,7.65,10.26,600.1,42.1,2.8,0.297,0.068,2.46,,,Ⅱ
2023-02-18T20:00:00+08:00,1676721600,10.7,7.58,9.53,578.6,43.8,2.59,0.327,0.063,2.27,,,Ⅱ
2023-02-19T00:00:00+08:00,1676736000,10.6,7.42,8.06,611.9,40.3,2.59,0.327,0.063,2.27,,,Ⅱ
2023-02-19T04:00:00+08:00,1676750400,10.5,7.38,7.64,609.1,42.4,2.57,0.278,0.059,2.47,,,Ⅱ
2023-02-19T08:00:00+08:00,1676764800,10.2,7.36,7.42,610.3,39.5,2.82,0.248,0.059,2.44,,,Ⅱ
2023-02-19T12:00:00+08:00,1676779200,11.0,7.5,9.1,612.5,41.2,2.76,0.254,0.062,2.42,,,Ⅱ
2023-02-19T16:00:00+08:00,1676793600,11.4,7.69,10.57,600.3,43.5,2.61,0.272,0.065,,,,Ⅱ
2023-02-19T20:00:00+08:00,1676808000,10.4,7.61,9.85,577.5,44.7,2.57,0.316,0.062,2.28,,,Ⅱ
2023-02-20T00:00:00+08:00,1676822400,9.7,7.51,9.1,572.1,40.1,2.57,0.316,0.062,2.28,,,Ⅱ
2023-02-20T04:00:00+08:00,1676836800,9.3,7.4,7.8,605.5,40.3,2.58,0.257,0.054,2.42,,,Ⅱ
2023-02-20T08:00:00+08:00,1676851200,9.3,7.52,8.92,565.5,44.8,2.56,0.334,0.059,2.26,,,Ⅱ
2023-02-20T12:00:00+08:00,1676865600,10.9,7.59,9.94,586.6,41.7,2.56,0.334,0.059,2.26,,,Ⅱ
2023-02-20T16:00:00+08:00,1676880000,11.4,7.75,10.93,587.9,44.2,2.58,0.26,0.062,2.36,,,Ⅱ
2023-02-20T20:00:00+08:00,1676894400,10.5,7.63,9.89,576.2,42.8,2.58,0.282,0.068,2.36,,,Ⅱ
2023-02-21T00:00:00+08:00,1676908800,9.8,7.56,9.29,592.8,42.3,2.58,0.334,0.063,2.26,,,Ⅱ
2023-02-21T04:00:00+08:00,1676923200,9.3,7.43,8.2,599.9,40.3,2.58,0.334,0.063,2.26,,,Ⅱ
2023-02-21T08:00:00+08:00,1676937600,9.1,7.53,9.1,573.6,41.5,2.77,0.25,0.055,2.39,,,Ⅱ
2023-02-21T12:00:00+08:00,1676952000,10.1,7.69,10.68,567.0,46.8,2.58,0.285,0.057,2.24,,,Ⅱ
2023-02-21T16:00:00+08:00,1676966400,10.7,7.89,11.9,580.7,42.1,,0.25,0.065,2.14,,,
2023-02-21T20:00:00+08:00,1676980800,10.0,7.76,10.87,570.9,41.5,2.58,0.28,0.056,2.22,,,Ⅱ
2023-02-22T00:00:00+08:00,1676995200,9.4,7.67,10.22,566.2,42.0,2.58,0.28,0.056,2.22,,,Ⅱ
2023-02-22T04:00:00+08:00,1677009600,9.1,7.46,8.41,587.6,37.7,2.55,0.211,0.05,2.29,,,Ⅱ
2023-02-22T08:00:00+08:00,1677024000,9.0,7.48,8.54,582.9,39.6,2.55,0.211,0.05,2.29,,,Ⅱ
2023-02-22T12:00:00+08:00,1677038400,9.5,7.65,10.25,565.6,40.2,2.56,0.23,0.052,2.23,,,Ⅱ
2023-02-22T16:00:00+08:00,1677052800,10.1,7.87,11.82,571.8,37.3,2.53,0.196,0.053,2.13,,,Ⅱ
2023-02-22T20:00:00+08:00,1677067200,9.7,7.73,10.78,573.3,38.3,2.57,0.252,0.053,2.2,,,Ⅱ
2023-02-23T00:00:00+08:00,1677081600,9.2,7.6,9.79,572.1,39.5,2.57,0.252,0.053,2.2,,,Ⅱ
2023-02-23T04:00:00+08:00,1677096000,9.1,7.44,8.19,592.7,38.5,2.57,0.252,0.053,2.2,,,Ⅱ
2023-02-23T08:00:00+08:00,1677110400,9.0,7.46,8.38,588.6,38.8,2.58,0.213,0.05,2.31,,,Ⅱ
2023-02-23T12:00:00+08:00,1677124800,9.0,7.53,9.18,573.6,38.7,2.32,0.235,0.052,2.22,,,Ⅱ
2023-02-23T16:00:00+08:00,1677139200,9.2,7.64,10.21,577.4,37.6,2.35,0.222,0.052,2.18,,,Ⅱ
2023-02-23T20:00:00+08:00,1677153600,9.0,7.58,9.52,576.1,36.6,2.33,0.202,0.049,2.24,,,Ⅱ
2023-02-24T00:00:00+08:00,1677168000,8.7,7.52,9.09,566.4,37.4,2.57,0.218,0.051,2.27,,,Ⅱ
2023-02-24T04:00:00+08:00,1677182400,8.5,7.44,8.15,581.8,37.8,2.57,0.218,0.051,2.27,,,Ⅱ
2023-02-24T08:00:00+08:00,1677196800,8.4,7.45,8.26,571.9,38.7,2.53,0.245,0.051,2.3,,,Ⅱ
2023-02-24T12:00:00+08:00,1677211200,9.2,7.6,9.74,574.6,38.9,2.58,0.255,0.054,2.26,,,Ⅱ
2023-02-24T16:00:00+08:00,1677225600,10.0,7.85,11.66,577.7,35.5,2.32,0.249,0.055,2.23,,,Ⅱ
2023-02-24T20:00:00+08:00,1677240000,9.4,7.64,10.34,589.6,48.0,2.57,0.234,0.062,2.31,,,Ⅱ
2023-02-25T00:00:00+08:00,1677254400,8.7,7.55,9.34,578.9,48.7,2.59,0.234,0.054,2.34,,,Ⅱ
2023-02-25T04:00:00+08:00,1677268800,8.6,7.41,8.29,595.0,47.7,2.59,0.234,0.054,2.34,,,Ⅱ
2023-02-25T08:00:00+08:00,1677283200,8.5,7.42,8.16,589.2,47.9,2.57,0.257,0.051,2.36,,,Ⅱ
2023-02-25T12:00:00+08:00,1677297600,9.8,7.61,10.18,585.7,48.4,2.57,0.26,0.052,2.34,,,Ⅱ
2023-02-25T16:00:00+08:00,1677312000,10.4,7.85,11.78,582.5,49.8,2.57,0.278,0.056,2.33,,,Ⅱ
2023-02-25T20:00:00+08:00,1677326400,9.4,7.71,10.88,596.9,48.5,2.56,0.271,0.059,2.32,,,Ⅱ
2023-02-26T00:00:00+08:00,1677340800,8.6,7.55,9.52,594.4,49.4,2.59,0.25,0.053,2.33,,,Ⅱ
2023-02-26T04:00:00+08:00,1677355200,8.0,7.42,8.34,607.0,47.0,2.59,0.25,0.053,2.33,,,Ⅱ
2023-02-26T08:00:00+08:00,1677369600,8.1,7.44,8.74,603.1,50.0,2.57,0.256,0.048,2.4,,,Ⅱ
2023-02-26T12:00:00+08:00,1677384000,9.5,7.56,9.87,591.3,48.2,2.57,0.306,0.052,2.42,,,Ⅱ
2023-02-26T16:00:00+08:00,1677398400,10.7,7.91,12.51,590.8,48.1,2.58,0.302,0.057,2.44,,,Ⅱ
2023-02-26T20:00:00+08:00,1677412800,9.7,7.72,11.0,596.9,47.7,2.58,0.28,0.058,2.35,,,Ⅱ
2023-02-27T00:00:00+08:00,1677427200,8.9,7.5,9.22,607.7,56.1,2.57,0.25,0.05,2.35,,,Ⅱ
2023-02-27T04:00:00+08:00,1677441600,8.5,7.47,8.84,603.5,68.3,2.57,0.25,0.05,2.35,,,Ⅱ
2023-02-27T08:00:00+08:00,1677456000,8.3,7.48,8.96,602.3,70.3,3.32,0.426,0.065,2.24,,,Ⅱ
2023-02-27T12:00:00+08:00,1677470400,10.3,7.69,10.62,597.4,69.0,3.56,0.456,0.071,2.28,,,Ⅱ
2023-02-27T20:00:00+08:00,1677499200,9.8,7.69,10.66,597.5,71.2,3.34,0.334,0.072,2.17,,,Ⅱ
2023-02-28T00:00:00+08:00,1677513600,9.2,7.52,9.4,592.0,86.4,3.34,0.429,0.068,2.17,,,Ⅱ
2023-02-28T04:00:00+08:00,1677528000,9.0,7.5,9.08,593.9,74.4,3.34,0.429,0.068,2.17,,,Ⅱ
2023-02-28T12:00:00+08:00,1677556800,11.2,7.81,11.42,585.2,56.0,3.08,0.324,0.064,2.23,,,Ⅱ
2023-02-28T16:00:00+08:00,1677571200,11.8,8.01,12.5,581.1,52.1,2.83,0.247,0.062,2.21,,,Ⅱ
2023-02-28T20:00:00+08:00,1677585600,11.0,7.68,10.39,588.3,49.3,2.83,0.215,0.06,2.19,,,Ⅱ
2023-03-01T00:00:00+08:00,1677600000,10.7,7.52,9.08,591.4,49.9,2.59,0.222,0.05,2.22,,,Ⅱ
2023-03-01T04:00:00+08:00,1677614400,10.6,7.45,8.34,590.8,49.7,2.58,0.225,0.048,2.15,,,Ⅱ
2023-03-01T08:00:00+08:00,1677628800,10.6,7.45,8.22,586.9,47.9,2.58,0.225,0.048,2.15,,,Ⅱ
2023-03-01T16:00:00+08:00,1677657600,12.4,7.88,11.69,571.2,50.8,2.79,0.227,0.055,2.2,,,Ⅱ
2023-03-01T20:00:00+08:00,1677672000,11.5,7.72,10.61,574.2,53.2,2.56,0.235,0.052,2.17,,,Ⅱ
2023-03-02T00:00:00+08:00,1677686400,10.7,7.53,9.18,579.4,50.6,2.56,0.235,0.052,2.17,,,Ⅱ
2023-03-02T04:00:00+08:00,1677700800,10.2,7.47,8.54,581.9,49.0,2.78,0.222,0.049,2.19,,,Ⅱ
2023-03-02T08:00:00+08:00,1677715200,10.2,7.48,8.55,573.7,50.4,2.59,0.213,0.05,2.13,,,Ⅱ
2023-03-02T12:00:00+08:00,1677729600,12.3,7.8,11.29,565.9,50.3,2.62,0.155,0.053,2.07,,,Ⅱ
2023-03-02T16:00:00+08:00,1677744000,12.6,7.93,11.94,554.0,54.7,2.59,0.181,0.056,2.1,,,Ⅱ
2023-03-02T20:00:00+08:00,1677758400,11.6,7.89,11.44,550.4,53.3,2.57,0.189,0.052,1.97,,,Ⅱ
2023-03-03T00:00:00+08:00,1677772800,10.6,7.55,9.33,573.5,67.9,2.57,0.189,0.052,1.97,,,Ⅱ
2023-03-03T04:00:00+08:00,1677787200,10.0,7.49,8.76,574.4,58.7,3.05,0.262,0.055,2.05,,,Ⅱ
2023-03-03T08:00:00+08:00,1677801600,10.0,7.51,8.89,561.2,56.9,2.82,0.247,0.054,2.07,,,Ⅱ
2023-03-03T12:00:00+08:00,1677816000,12.5,7.94,12.0,561.4,55.2,3.07,0.188,0.057,2.01,,,Ⅱ
2023-03-03T16:00:00+08:00,1677830400,12.9,8.08,12.82,564.4,56.8,2.85,0.164,0.058,1.98,,,Ⅱ
2023-03-03T20:00:00+08:00,1677844800,12.0,7.94,11.67,565.2,56.0,2.82,0.195,0.053,1.98,,,Ⅱ
2023-03-04T00:00:00+08:00,1677859200,11.0,7.66,10.12,568.5,60.8,2.82,0.195,0.053,1.98,,,Ⅱ
2023-03-04T04:00:00+08:00,1677873600,10.3,7.53,9.07,568.6,54.7,2.83,0.201,0.049,1.97,,,Ⅱ
2023-03-04T08:00:00+08:00,1677888000,10.3,7.52,8.98,569.0,50.8,2.59,0.198,0.049,1.97,,,Ⅱ
2023-03-04T12:00:00+08:00,1677902400,12.8,7.87,11.25,562.9,44.2,2.58,0.115,0.05,1.95,,,Ⅱ
2023-03-04T16:00:00+08:00,1677916800,13.2,7.96,12.06,559.6,46.2,2.82,0.179,0.056,4.13,,,Ⅱ
2023-03-04T20:00:00+08:00,1677931200,12.6,7.83,10.93,560.1,46.4,2.57,0.165,0.052,4.13,,,Ⅱ
2023-03-05T00:00:00+08:00,1677945600,11.6,7.62,9.78,567.2,60.6,2.57,0.165,0.052,4.13,,,Ⅱ
2023-03-05T04:00:00+08:00,1677960000,10.9,7.5,8.54,566.5,62.2,3.09,0.328,0.062,1.9,,,Ⅱ
2023-03-05T08:00:00+08:00,1677974400,11.0,7.58,9.21,556.5,54.4,2.85,0.262,0.058,1.86,,,Ⅱ
2023-03-05T12:00:00+08:00,1677988800,13.2,8.03,12.0,546.9,51.4,2.56,0.173,0.058,1.8,,,Ⅱ
2023-03-05T16:00:00+08:00,1678003200,14.2,8.2,13.19,544.8,49.8,2.61,0.14,0.057,1.86,,,Ⅱ
2023-03-05T20:00:00+08:00,1678017600,13.0,7.91,11.0,550.5,48.0,2.82,0.172,0.051,1.86,,,Ⅱ
2023-03-06T00:00:00+08:00,1678032000,12.2,7.7,10.04,553.0,57.3,2.82,0.172,0.051,1.86,,,Ⅱ
2023-03-06T04:00:00+08:00,1678046400,11.5,7.51,8.79,557.8,52.4,2.84,0.197,0.05,1.84,,,Ⅱ
2023-03-06T08:00:00+08:00,1678060800,11.6,7.59,9.28,558.3,49.9,2.6,0.193,0.052,1.9,,,Ⅱ
2023-03-06T12:00:00+08:00,1678075200,14.4,8.03,12.25,552.1,44.1,2.57,0.086,0.048,1.91,,,Ⅱ
2023-03-06T16:00:00+08:00,1678089600,14.8,8.0,11.93,552.7,47.0,2.57,0.086,0.048,1.91,,,Ⅱ
2023-03-06T20:00:00+08:00,1678104000,14.0,7.76,10.42,550.2,48.4,2.53,0.128,0.046,1.86,,,Ⅱ
2023-03-07T00:00:00+08:00,1678118400,13.7,7.51,9.18,533.3,53.3,2.53,0.128,0.046,1.86,,,Ⅱ
2023-03-07T04:00:00+08:00,1678132800,13.0,7.39,8.71,531.1,49.6,2.56,0.139,0.042,1.88,,,Ⅱ
2023-03-07T08:00:00+08:00,1678147200,12.9,7.37,8.61,537.8,49.3,2.78,0.142,0.044,1.92,,,Ⅱ
2023-03-07T12:00:00+08:00,1678161600,15.6,7.61,9.98,548.4,48.9,2.54,0.098,0.044,1.81,,,Ⅱ
2023-03-07T20:00:00+08:00,1678190400,15.1,7.65,9.69,541.0,50.2,2.36,0.103,0.045,1.92,,,Ⅱ
2023-03-08T00:00:00+08:00,1678204800,14.2,7.48,8.93,539.2,51.7,2.36,0.103,0.045,1.92,,,Ⅱ
2023-03-08T04:00:00+08:00,1678219200,13.7,7.36,8.39,543.1,51.7,2.52,0.125,0.043,1.9,,,Ⅱ
2023-03-08T08:00:00+08:00,1678233600,13.6,7.38,8.48,548.6,48.6,2.55,0.119,0.044,1.94,,,Ⅱ
2023-03-08T12:00:00+08:00,1678248000,15.6,7.5,9.12,556.2,50.5,2.3,0.09,0.044,1.87,,,Ⅱ
2023-03-08T16:00:00+08:00,1678262400,16.2,7.68,9.97,546.3,47.7,2.54,0.084,0.045,1.92,,,Ⅱ
2023-03-08T20:00:00+08:00,1678276800,15.3,7.61,9.54,550.1,48.7,2.53,0.1,0.045,1.92,,,Ⅱ
2023-03-09T00:00:00+08:00,1678291200,14.9,7.44,8.63,558.9,50.2,2.53,0.1,0.045,1.92,,,Ⅱ
2023-03-09T04:00:00+08:00,1678305600,14.3,7.32,7.78,557.3,47.7,2.52,0.096,0.041,1.97,,,Ⅱ
2023-03-09T08:00:00+08:00,1678320000,14.4,7.32,7.86,564.0,47.9,2.54,0.094,0.044,1.98,,,Ⅱ
2023-03-09T12:00:00+08:00,1678334400,17.1,7.47,8.62,555.6,50.8,2.31,0.1,0.048,1.93,,,Ⅱ
2023-03-09T16:00:00+08:00,1678348800,17.6,7.61,9.45,551.2,49.2,2.55,0.087,0.049,1.94,,,Ⅱ
2023-03-09T20:00:00+08:00,1678363200,16.3,7.51,8.81,554.0,51.4,2.49,0.121,0.048,1.95,,,Ⅱ
2023-03-10T00:00:00+08:00,1678377600,15.7,7.41,8.11,555.2,51.4,2.49,0.121,0.048,1.95,,,Ⅱ
2023-03-10T04:00:00+08:00,1678392000,15.2,7.38,8.25,552.9,52.7,2.48,0.12,0.046,1.84,,,Ⅱ
2023-03-10T08:00:00+08:00,1678406400,15.2,7.34,7.86,558.2,48.6,2.78,0.125,0.047,1.9,,,Ⅱ
2023-03-10T12:00:00+08:00,1678420800,17.7,7.44,8.33,565.1,48.6,2.54,0.095,0.047,1.88,,,Ⅱ
2023-03-10T16:00:00+08:00,1678435200,18.3,7.55,8.72,562.4,47.6,2.54,0.082,0.049,1.91,,,Ⅱ
2023-03-10T20:00:00+08:00,1678449600,17.4,7.54,8.73,555.3,50.7,2.53,0.106,0.05,1.91,,,Ⅱ
2023-03-11T00:00:00+08:00,1678464000,16.6,7.42,7.98,560.8,65.8,2.53,0.106,0.05,1.91,,,Ⅱ
2023-03-11T04:00:00+08:00,1678478400,15.9,7.31,7.4,562.8,74.1,3.56,0.347,0.067,1.85,,,Ⅱ
2023-03-11T08:00:00+08:00,1678492800,15.6,7.32,7.61,562.1,76.5,3.78,0.368,0.072,1.86,,,Ⅱ
2023-03-11T12:00:00+08:00,1678507200,17.7,7.41,7.84,563.3,69.8,3.52,0.368,0.073,1.84,,,Ⅱ
2023-03-11T16:00:00+08:00,1678521600,17.9,7.52,8.5,562.3,62.4,3.03,0.24,0.061,1.81,,,Ⅱ
2023-03-11T20:00:00+08:00,1678536000,17.0,7.45,6.42,572.1,44.9,3.08,0.187,0.059,1.93,,,Ⅱ
2023-03-12T00:00:00+08:00,1678550400,16.6,7.36,7.06,573.6,44.5,3.08,0.187,0.059,1.93,,,Ⅱ
2023-03-12T04:00:00+08:00,1678564800,16.3,7.27,6.23,573.1,39.0,2.79,0.12,0.048,1.95,,,Ⅱ
2023-03-12T08:00:00+08:00,1678579200,15.2,7.31,6.94,573.9,41.4,2.79,0.132,0.049,1.96,,,Ⅱ
2023-03-12T12:00:00+08:00,1678593600,14.7,7.38,7.83,580.7,41.4,2.75,0.134,0.051,2.07,,,Ⅱ
2023-03-12T16:00:00+08:00,1678608000,15.3,7.54,8.94,576.8,37.7,2.72,0.12,0.052,2.02,,,Ⅱ
2023-03-12T20:00:00+08:00,1678622400,14.0,7.52,8.74,580.9,39.2,2.75,0.131,0.051,1.99,,,Ⅱ
2023-03-13T00:00:00+08:00,1678636800,13.1,7.46,8.55,573.9,43.3,2.75,0.131,0.051,1.99,,,Ⅱ
2023-03-13T04:00:00+08:00,1678651200,12.3,7.33,7.58,576.6,37.6,2.53,0.125,0.048,2.03,,,Ⅱ
2023-03-13T08:00:00+08:00,1678665600,12.4,7.34,7.68,590.9,38.6,2.77,0.128,0.048,2.0,,,Ⅱ
2023-03-13T12:00:00+08:00,1678680000,14.4,7.46,8.42,593.9,39.5,2.51,0.137,0.053,2.0,,,Ⅱ
2023-03-13T16:00:00+08:00,1678694400,14.9,7.71,10.14,596.9,39.1,2.52,0.12,0.055,2.02,,,Ⅱ
2023-03-13T20:00:00+08:00,1678708800,13.4,7.59,9.56,594.1,49.8,3.25,0.242,0.059,1.97,,,Ⅱ
2023-03-14T00:00:00+08:00,1678723200,12.6,7.51,9.65,595.2,58.9,3.25,0.242,0.059,1.97,,,Ⅱ
2023-03-14T04:00:00+08:00,1678737600,12.0,7.45,8.48,604.0,56.3,3.02,0.306,0.063,1.98,,,Ⅱ
2023-03-14T08:00:00+08:00,1678752000,12.2,7.38,8.11,604.2,48.9,3.28,0.255,0.06,1.89,,,Ⅱ
2023-03-14T12:00:00+08:00,1678766400,15.2,7.55,9.15,606.7,43.9,3.28,0.255,0.06,1.89,,,Ⅱ
2023-03-14T16:00:00+08:00,1678780800,16.1,7.83,10.19,592.6,39.5,2.79,0.123,0.055,1.83,,,Ⅱ
2023-03-14T20:00:00+08:00,1678795200,14.4,7.61,8.95,596.0,73.5,4.07,0.461,0.073,1.75,,,Ⅲ
2023-03-15T00:00:00+08:00,1678809600,13.6,7.41,8.03,606.0,63.9,4.07,0.461,0.073,1.75,,,Ⅲ
2023-03-15T04:00:00+08:00,1678824000,13.2,7.38,7.93,600.5,49.0,3.28,0.232,0.057,1.87,,,Ⅱ
2023-03-15T08:00:00+08:00,1678838400,13.3,7.37,8.22,612.1,42.8,3.03,0.186,0.053,1.89,,,Ⅱ
2023-03-15T12:00:00+08:00,1678852800,16.1,7.53,8.81,606.0,40.6,2.79,0.143,0.052,1.88,,,Ⅱ
2023-03-15T16:00:00+08:00,1678867200,16.5,7.65,9.57,598.6,39.4,2.53,0.117,0.051,1.83,,,Ⅱ
2023-03-15T20:00:00+08:00,1678881600,14.5,7.62,9.36,594.9,39.5,2.75,0.125,0.05,1.91,,,Ⅱ
2023-03-16T00:00:00+08:00,1678896000,13.8,7.46,8.52,598.6,40.3,2.75,0.125,0.05,1.91,,,Ⅱ
2023-03-16T04:00:00+08:00,1678910400,13.3,7.41,8.23,596.4,40.2,2.79,0.132,0.046,1.86,,,Ⅱ
2023-03-16T08:00:00+08:00,1678924800,13.0,7.37,7.79,609.7,40.8,2.79,0.144,0.046,1.93,,,Ⅱ
2023-03-16T12:00:00+08:00,1678939200,14.7,7.48,8.9,621.1,47.0,3.04,0.031,0.054,1.88,,,Ⅱ
2023-03-16T20:00:00+08:00,1678968000,13.7,7.66,9.49,586.0,56.9,3.28,0.354,0.064,1.72,,,Ⅱ
2023-03-17T00:00:00+08:00,1678982400,13.2,7.56,8.88,589.7,64.3,3.28,0.354,0.064,1.72,,,Ⅱ
2023-03-17T04:00:00+08:00,1678996800,12.8,7.45,8.52,593.9,52.9,3.27,0.302,0.059,1.78,,,Ⅱ
2023-03-17T08:00:00+08:00,1679011200,12.0,7.41,8.36,597.7,46.9,3.28,0.254,0.056,1.85,,,Ⅱ
2023-03-17T12:00:00+08:00,1679025600,12.0,7.43,8.59,581.6,43.0,3.03,0.207,0.052,1.87,,,Ⅱ
2023-03-17T16:00:00+08:00,1679040000,11.9,7.48,8.91,578.7,38.0,2.77,0.133,0.048,1.88,,,Ⅱ
2023-03-17T20:00:00+08:00,1679054400,11.7,7.5,9.15,575.8,36.6,2.75,0.111,0.045,1.9,,,Ⅱ
2023-03-18T00:00:00+08:00,1679068800,11.4,7.38,7.89,595.5,35.1,2.75,0.111,0.045,1.9,,,Ⅱ
2023-03-18T04:00:00+08:00,1679083200,11.2,7.37,7.93,587.6,35.2,2.72,0.138,0.047,2.02,,,Ⅱ
2023-03-18T08:00:00+08:00,1679097600,11.1,7.35,8.59,594.5,35.0,2.72,0.136,0.047,2.03,,,Ⅱ
2023-03-18T12:00:00+08:00,1679112000,12.1,7.45,8.88,593.6,37.7,2.53,0.138,0.051,1.98,,,Ⅱ
2023-03-18T16:00:00+08:00,1679126400,12.4,7.58,9.7,592.8,35.6,2.53,0.117,0.048,1.91,,,Ⅱ
2023-03-18T20:00:00+08:00,1679140800,11.8,7.58,9.51,587.3,36.0,2.53,0.117,0.047,1.86,,,Ⅱ
2023-03-19T00:00:00+08:00,1679155200,11.5,7.47,9.1,588.1,36.5,2.53,0.117,0.047,1.86,,,Ⅱ
2023-03-19T04:00:00+08:00,1679169600,11.2,7.37,8.05,594.3,34.3,2.72,0.113,0.043,1.86,,,Ⅱ
2023-03-19T08:00:00+08:00,1679184000,11.2,7.35,7.96,596.7,34.9,2.77,0.114,0.044,1.93,,,Ⅱ
2023-03-19T16:00:00+08:00,1679212800,12.8,7.55,9.44,584.4,44.0,3.01,0.194,0.053,1.91,,,Ⅱ
2023-03-19T20:00:00+08:00,1679227200,12.4,7.58,9.36,578.1,52.9,3.28,0.273,0.059,1.84,,,Ⅱ
2023-03-20T00:00:00+08:00,1679241600,12.2,7.44,8.58,571.9,52.7,3.28,0.273,0.059,1.84,,,Ⅱ
2023-03-20T04:00:00+08:00,1679256000,12.2,7.36,7.94,572.7,57.5,3.3,0.317,0.062,1.81,,,Ⅱ
2023-03-20T08:00:00+08:00,1679270400,12.3,7.35,8.06,578.0,45.0,3.02,0.217,0.056,1.92,,,Ⅱ
2023-03-20T12:00:00+08:00,1679284800,13.0,7.38,8.11,579.7,42.0,2.78,0.17,0.052,1.89,,,Ⅱ
2023-03-20T16:00:00+08:00,1679299200,13.5,7.54,9.24,568.6,38.7,2.78,0.141,0.049,1.86,,,Ⅱ
2023-03-20T20:00:00+08:00,1679313600,13.3,7.49,8.58,564.6,41.4,2.53,0.166,0.05,1.89,,,Ⅱ
2023-03-21T00:00:00+08:00,1679328000,13.2,7.41,8.22,558.3,37.8,2.53,0.166,0.05,1.89,,,Ⅱ
2023-03-21T04:00:00+08:00,1679342400,13.3,7.31,8.11,549.4,36.5,2.52,0.112,0.044,1.8,,,Ⅱ
2023-03-21T08:00:00+08:00,1679356800,13.4,7.31,8.35,554.5,39.2,2.54,0.145,0.048,1.84,,,Ⅱ
2023-03-21T12:00:00+08:00,1679371200,13.7,7.32,7.57,545.2,39.4,2.5,0.134,0.048,1.82,,,Ⅱ
2023-03-21T16:00:00+08:00,1679385600,14.3,7.39,8.14,552.3,37.9,2.53,0.157,0.051,1.96,,,Ⅱ
2023-03-21T20:00:00+08:00,1679400000,13.9,7.4,8.07,548.4,42.4,2.28,0.179,0.054,1.88,,,Ⅱ
2023-03-22T00:00:00+08:00,1679414400,14.0,7.38,7.77,550.6,40.4,2.28,0.179,0.054,1.88,,,Ⅱ
2023-03-22T04:00:00+08:00,1679428800,14.0,7.28,6.96,555.7,37.2,2.53,0.135,0.052,1.98,,,Ⅱ
2023-03-22T08:00:00+08:00,1679443200,14.2,7.28,7.04,550.8,40.7,2.53,0.17,0.055,1.97,,,Ⅱ
2023-03-22T12:00:00+08:00,1679457600,14.4,7.31,7.26,556.5,43.7,2.49,0.195,0.055,1.96,,,Ⅱ
2023-03-22T16:00:00+08:00,1679472000,14.8,7.38,7.91,562.9,39.5,2.54,0.153,0.055,2.1,,,Ⅱ
2023-03-22T20:00:00+08:00,1679486400,14.6,7.38,7.86,559.2,41.4,2.52,0.169,0.057,1.98,,,Ⅱ
2023-03-23T00:00:00+08:00,1679500800,14.5,7.32,7.49,561.1,40.6,2.52,0.169,0.057,1.98,,,Ⅱ
2023-03-23T04:00:00+08:00,1679515200,14.3,7.25,6.47,563.5,38.1,2.54,0.145,0.056,2.16,,,Ⅱ
2023-03-23T08:00:00+08:00,1679529600,14.3,7.26,7.45,560.2,38.4,2.77,0.153,0.057,2.11,,,Ⅱ
2023-03-23T12:00:00+08:00,1679544000,14.4,7.34,7.64,561.0,41.5,2.54,0.162,0.057,1.92,,,Ⅱ
2023-03-23T16:00:00+08:00,1679558400,14.3,7.35,7.66,560.2,44.0,2.55,0.17,0.057,2.0,,,Ⅱ
2023-03-23T20:00:00+08:00,1679572800,14.0,7.34,7.58,558.2,39.1,2.53,0.151,0.057,2.06,,,Ⅱ
2023-03-24T00:00:00+08:00,1679587200,13.6,7.32,7.47,555.6,39.2,2.53,0.151,0.057,2.06,,,Ⅱ
2023-03-24T04:00:00+08:00,1679601600,13.3,7.26,6.84,565.1,38.0,2.54,0.146,0.056,2.11,,,Ⅱ
2023-03-24T08:00:00+08:00,1679616000,13.1,7.26,6.8,561.7,38.0,2.52,0.138,0.058,2.08,,,Ⅱ
2023-03-24T12:00:00+08:00,1679630400,13.2,7.32,7.59,562.0,39.9,2.32,0.185,0.06,2.04,,,Ⅱ
2023-03-24T16:00:00+08:00,1679644800,12.6,7.32,7.84,566.1,39.2,2.53,0.159,0.061,2.07,,,Ⅱ
2023-03-24T20:00:00+08:00,1679659200,12.4,7.37,8.21,565.8,38.8,2.54,0.172,0.061,2.11,,,Ⅱ
2023-03-25T00:00:00+08:00,1679673600,12.0,7.36,8.36,564.5,41.5,2.54,0.172,0.061,2.11,,,Ⅱ
2023-03-25T04:00:00+08:00,1679688000,11.6,7.28,7.32,573.8,37.4,2.53,0.149,0.058,2.13,,,Ⅱ
2023-03-25T08:00:00+08:00,1679702400,11.8,7.27,8.45,575.6,38.9,2.53,0.161,0.058,2.15,,,Ⅱ
2023-03-25T12:00:00+08:00,1679716800,12.3,7.34,8.07,569.7,41.8,2.3,0.19,0.059,2.11,,,Ⅱ
2023-03-25T16:00:00+08:00,1679731200,12.6,7.41,8.66,581.1,44.7,2.78,0.191,0.062,2.15,,,Ⅱ
2023-03-25T20:00:00+08:00,1679745600,12.3,7.4,8.44,576.0,39.3,2.77,0.145,0.059,2.14,,,Ⅱ
2023-03-26T00:00:00+08:00,1679760000,12.0,7.34,8.09,571.7,38.5,2.77,0.145,0.059,2.14,,,Ⅱ
2023-03-26T04:00:00+08:00,1679774400,11.8,7.29,7.67,574.1,36.8,2.54,0.13,0.054,2.14,,,Ⅱ
2023-03-26T08:00:00+08:00,1679788800,11.8,7.28,7.49,579.2,37.1,2.77,0.136,0.055,2.17,,,Ⅱ
2023-03-26T12:00:00+08:00,1679803200,13.7,7.33,7.79,581.4,40.1,2.52,0.145,0.059,2.15,,,Ⅱ
2023-03-26T16:00:00+08:00,1679817600,14.1,7.46,8.83,578.1,42.1,2.54,0.182,0.062,2.14,,,Ⅱ
2023-03-26T20:00:00+08:00,1679832000,13.5,7.47,8.81,575.9,39.2,2.53,0.144,0.056,2.1,,,Ⅱ
2023-03-27T00:00:00+08:00,1679846400,12.9,7.36,8.08,570.8,39.4,2.53,0.144,0.056,2.1,,,Ⅱ
2023-03-27T04:00:00+08:00,1679860800,12.7,7.29,7.46,567.7,39.5,2.54,0.124,0.051,2.12,,,Ⅱ
2023-03-27T08:00:00+08:00,1679875200,12.7,7.28,7.54,579.1,36.4,2.56,0.114,0.05,2.19,,,Ⅱ
2023-03-27T12:00:00+08:00,1679889600,14.5,7.33,7.78,577.1,37.5,2.53,0.105,0.054,2.13,,,Ⅱ
2023-03-27T16:00:00+08:00,1679904000,15.0,7.46,8.64,570.2,36.9,2.3,0.103,0.054,2.12,,,Ⅱ
2023-03-27T20:00:00+08:00,1679918400,14.2,7.44,8.58,572.6,38.8,2.53,0.106,0.053,2.08,,,Ⅱ
2023-03-28T00:00:00+08:00,1679932800,13.6,7.35,7.84,578.5,40.6,2.53,0.106,0.053,2.08,,,Ⅱ
2023-03-28T04:00:00+08:00,1679947200,13.2,7.31,7.72,569.6,42.4,3.0,0.156,0.054,2.02,,,Ⅱ
2023-03-28T08:00:00+08:00,1679961600,13.3,7.31,7.78,573.0,41.2,3.03,0.14,0.054,2.01,,,Ⅱ
2023-03-28T12:00:00+08:00,1679976000,15.4,7.41,8.5,584.8,38.1,2.79,0.099,0.053,2.02,,,Ⅱ
2023-03-28T16:00:00+08:00,1679990400,15.9,7.66,10.1,579.9,36.3,2.53,0.077,0.055,2.04,,,Ⅱ
2023-03-28T20:00:00+08:00,1680004800,14.8,7.55,9.04,579.4,42.1,2.8,0.139,0.055,2.02,,,Ⅱ
2023-03-29T00:00:00+08:00,1680019200,14.2,7.37,8.49,572.8,59.4,2.8,0.139,0.055,2.02,,,Ⅱ
2023-03-29T04:00:00+08:00,1680033600,13.8,7.36,8.11,575.6,59.9,3.73,0.299,0.066,1.83,,,Ⅱ
2023-03-29T08:00:00+08:00,1680048000,13.9,7.34,7.86,575.2,64.5,3.55,0.36,0.071,1.89,,,Ⅱ
2023-03-29T12:00:00+08:00,1680062400,14.7,7.36,7.85,583.8,47.7,3.22,0.23,0.065,1.95,,,Ⅱ
2023-03-29T16:00:00+08:00,1680076800,15.0,7.54,9.34,579.6,44.2,2.79,0.154,0.056,1.99,,,Ⅱ
2023-03-29T20:00:00+08:00,1680091200,14.6,7.52,8.91,580.0,42.1,2.79,0.132,0.052,1.98,,,Ⅱ
2023-03-30T00:00:00+08:00,1680105600,14.1,7.35,7.84,579.3,38.6,2.79,0.132,0.052,1.98,,,Ⅱ
2023-03-30T04:00:00+08:00,1680120000,14.0,7.33,7.86,571.8,38.3,2.58,0.095,0.045,1.95,,,Ⅱ
2023-03-30T08:00:00+08:00,1680134400,13.9,7.31,8.68,568.8,38.1,2.77,0.1,0.046,1.93,,,Ⅱ
2023-03-30T12:00:00+08:00,1680148800,14.2,7.35,8.11,574.2,38.1,2.76,0.085,0.046,1.96,,,Ⅱ
2023-03-30T16:00:00+08:00,1680163200,14.2,7.46,8.93,577.5,51.5,3.24,0.247,0.058,1.87,,,Ⅱ
2023-03-31T00:00:00+08:00,1680192000,13.8,7.37,7.83,583.0,37.1,2.97,0.201,0.055,1.85,,,Ⅱ
2023-03-31T08:00:00+08:00,1680220800,13.5,7.29,7.88,582.8,36.0,2.53,0.076,0.044,1.92,,,Ⅱ
2023-03-31T16:00:00+08:00,1680249600,14.8,7.49,9.32,568.8,38.0,2.52,0.068,0.045,1.9,,,Ⅱ
2023-03-31T20:00:00+08:00,1680264000,14.5,7.54,9.07,568.7,38.7,2.52,0.094,0.048,1.87,,,Ⅱ
2023-04-01T00:00:00+08:00,1680278400,14.2,7.34,7.49,586.3,37.6,2.27,0.098,0.048,1.84,,,Ⅱ
2023-04-01T04:00:00+08:00,1680292800,14.1,7.27,6.77,582.9,35.8,2.27,0.098,0.048,1.84,,,Ⅱ
2023-04-01T08:00:00+08:00,1680307200,14.0,7.25,6.96,573.7,35.3,2.52,0.07,0.042,1.9,,,Ⅱ
2023-04-01T12:00:00+08:00,1680321600,15.8,7.32,7.61,585.0,34.6,2.48,0.068,0.043,1.89,,,Ⅱ
2023-04-01T16:00:00+08:00,1680336000,16.6,7.41,8.06,576.8,34.9,2.47,0.056,0.044,1.9,,,Ⅱ
2023-04-01T20:00:00+08:00,1680350400,16.1,7.52,8.66,560.0,35.6,2.53,0.06,0.047,1.85,,,Ⅱ
2023-04-02T00:00:00+08:00,1680364800,15.2,7.49,8.43,557.7,38.3,2.3,0.058,0.047,1.82,,,Ⅱ
2023-04-02T04:00:00+08:00,1680379200,14.5,7.31,7.1,559.4,36.6,2.3,0.058,0.047,1.82,,,Ⅱ
2023-04-02T08:00:00+08:00,1680393600,14.8,7.26,6.92,575.2,36.8,2.3,0.084,0.044,1.76,,,Ⅱ
2023-04-02T12:00:00+08:00,1680408000,17.2,7.37,7.84,581.2,36.0,2.28,0.075,0.044,1.77,,,Ⅱ
2023-04-02T16:00:00+08:00,1680422400,18.0,7.49,8.35,568.4,34.6,2.29,0.051,0.044,1.74,,,Ⅱ
2023-04-02T20:00:00+08:00,1680436800,17.0,7.63,8.89,554.0,40.3,2.53,0.124,0.058,1.81,,,Ⅱ
2023-04-03T00:00:00+08:00,1680451200,15.9,7.5,8.22,548.8,66.9,2.53,0.184,0.069,1.66,,,Ⅱ
2023-04-03T04:00:00+08:00,1680465600,15.2,7.37,7.7,554.5,61.0,2.53,0.184,0.069,1.66,,,Ⅱ
2023-04-03T08:00:00+08:00,1680480000,15.3,7.39,7.93,549.9,63.1,3.27,0.382,0.079,1.6,,,Ⅱ
2023-04-03T12:00:00+08:00,1680494400,16.8,7.4,7.42,561.1,109.3,3.28,0.38,0.076,1.54,,,Ⅱ
2023-04-03T16:00:00+08:00,1680508800,16.8,7.38,7.34,556.4,115.5,4.77,0.676,0.093,1.33,,,Ⅲ
2023-04-03T20:00:00+08:00,1680523200,16.0,7.39,7.85,548.1,236.4,5.02,0.793,0.113,1.33,,,Ⅲ
2023-04-04T00:00:00+08:00,1680537600,15.8,7.42,7.98,551.5,119.9,6.77,1.065,0.13,1.03,,,Ⅳ
2023-04-04T04:00:00+08:00,1680552000,15.8,7.34,6.97,556.4,165.1,6.77,1.065,0.13,1.03,,,Ⅳ
2023-04-04T08:00:00+08:00,1680566400,15.8,7.44,7.82,569.7,283.6,6.01,0.886,0.125,1.29,,,Ⅳ
2023-04-04T12:00:00+08:00,1680580800,16.8,7.47,7.7,588.6,166.8,,1.135,0.158,0.69,,,
2023-04-04T16:00:00+08:00,1680595200,17.0,7.4,7.07,581.2,113.2,,0.982,0.145,0.98,,,
2023-04-04T20:00:00+08:00,1680609600,16.9,7.36,7.22,573.8,67.4,4.76,0.755,0.123,1.29,,,Ⅲ
2023-04-05T00:00:00+08:00,1680624000,16.6,7.27,5.96,571.0,46.4,3.27,0.475,0.096,1.6,,,Ⅲ
2023-04-05T04:00:00+08:00,1680638400,16.1,7.22,5.78,571.6,40.2,3.27,0.475,0.096,1.6,,,Ⅲ
2023-04-05T08:00:00+08:00,1680652800,15.7,7.23,5.52,567.4,40.4,2.55,0.163,0.065,1.84,,,Ⅲ
2023-04-05T12:00:00+08:00,1680667200,16.4,7.28,6.51,566.6,38.5,2.77,0.15,0.064,1.81,,,Ⅱ
2023-04-05T16:00:00+08:00,1680681600,16.6,7.43,7.76,560.3,37.7,2.74,0.12,0.061,1.75,,,Ⅱ
2023-04-05T20:00:00+08:00,1680696000,15.6,7.47,8.09,545.4,41.9,2.52,0.093,0.059,1.73,,,Ⅱ
2023-04-06T00:00:00+08:00,1680710400,15.2,7.42,7.54,548.4,40.7,2.53,0.148,0.061,1.66,,,Ⅱ
2023-04-06T04:00:00+08:00,1680724800,14.8,7.33,6.86,551.7,38.4,2.53,0.148,0.061,1.66,,,Ⅱ
2023-04-06T08:00:00+08:00,1680739200,14.8,7.26,6.27,557.2,35.7,2.53,0.109,0.056,1.69,,,Ⅱ
2023-04-06T12:00:00+08:00,1680753600,14.9,7.31,6.88,560.7,37.6,2.77,0.096,0.055,1.7,,,Ⅱ
2023-04-06T16:00:00+08:00,1680768000,14.8,7.33,7.14,560.2,35.4,2.3,0.1,0.053,1.68,,,Ⅱ
2023-04-07T00:00:00+08:00,1680796800,14.1,7.35,7.3,551.5,38.8,2.53,0.101,0.053,1.69,,,Ⅱ
2023-04-07T04:00:00+08:00,1680811200,13.9,7.27,6.53,561.5,36.1,2.53,0.101,0.053,1.69,,,Ⅱ
2023-04-07T08:00:00+08:00,1680825600,14.1,7.28,7.28,569.2,36.4,2.54,0.105,0.054,1.69,,,Ⅱ
2023-04-07T12:00:00+08:00,1680840000,15.3,7.35,7.29,561.6,36.2,2.53,0.118,0.055,1.71,,,Ⅱ
2023-04-07T16:00:00+08:00,1680854400,15.9,7.43,8.06,558.5,36.2,2.49,0.085,0.058,1.64,,,Ⅱ
2023-04-07T20:00:00+08:00,1680868800,15.0,7.46,8.04,549.7,37.9,2.31,0.081,0.056,1.63,,,Ⅱ
2023-04-08T00:00:00+08:00,1680883200,14.3,7.43,8.14,543.9,39.5,2.27,0.111,0.057,1.61,,,Ⅱ
2023-04-08T04:00:00+08:00,1680897600,13.6,7.31,6.92,554.8,36.1,2.27,0.111,0.057,1.61,,,Ⅱ
2023-04-08T08:00:00+08:00,1680912000,14.1,7.32,7.24,558.9,38.4,2.53,0.096,0.055,1.65,,,Ⅱ
2023-04-08T12:00:00+08:00,1680926400,15.7,7.4,7.83,555.6,37.1,2.52,0.116,0.058,1.61,,,Ⅱ
2023-04-08T16:00:00+08:00,1680940800,16.2,7.47,8.12,556.1,39.1,2.29,0.112,0.06,1.65,,,Ⅱ
2023-04-08T20:00:00+08:00,1680955200,15.4,7.53,8.74,546.3,35.9,2.29,0.106,0.059,1.61,,,Ⅱ
2023-04-09T00:00:00+08:00,1680969600,14.7,7.45,8.08,550.0,47.8,2.32,0.104,0.056,1.63,,,Ⅱ
2023-04-09T04:00:00+08:00,1680984000,14.0,7.32,7.06,555.5,49.2,2.32,0.104,0.056,1.63,,,Ⅱ
2023-04-09T08:00:00+08:00,1680998400,14.3,7.32,7.41,558.9,42.7,3.0,0.239,0.06,1.57,,,Ⅱ
2023-04-09T12:00:00+08:00,1681012800,16.3,7.44,8.04,561.0,40.9,2.77,0.181,0.06,1.59,,,Ⅱ
2023-04-09T16:00:00+08:00,1681027200,17.1,7.55,8.94,561.8,38.8,2.29,0.127,0.057,1.57,,,Ⅱ
2023-04-09T20:00:00+08:00,1681041600,16.2,7.57,8.69,559.1,41.8,2.32,0.103,0.056,1.59,,,Ⅱ
2023-04-10T00:00:00+08:00,1681056000,15.3,7.44,8.04,555.9,53.0,2.78,0.124,0.062,1.59,,,Ⅱ
2023-04-10T04:00:00+08:00,1681070400,14.8,7.31,7.0,560.2,48.4,2.78,0.124,0.062,1.59,,,Ⅱ
2023-04-10T08:00:00+08:00,1681084800,15.2,7.3,7.19,563.7,45.5,3.03,0.237,0.058,1.56,,,Ⅱ
2023-04-10T12:00:00+08:00,1681099200,17.4,7.42,7.73,567.9,42.1,3.02,0.196,0.057,1.6,,,Ⅱ
2023-04-10T16:00:00+08:00,1681113600,18.5,7.55,8.6,565.4,38.3,2.72,0.14,0.056,1.61,,,Ⅱ
2023-04-10T20:00:00+08:00,1681128000,17.7,7.62,8.76,556.3,40.8,2.5,0.095,0.056,1.55,,,Ⅱ
2023-04-11T00:00:00+08:00,1681142400,17.1,7.46,7.73,555.8,56.0,2.77,0.111,0.057,1.58,,,Ⅱ
2023-04-11T04:00:00+08:00,1681156800,16.8,7.33,6.7,557.3,52.0,2.77,0.111,0.057,1.58,,,Ⅱ
2023-04-11T08:00:00+08:00,1681171200,17.0,7.28,6.52,561.7,41.9,3.03,0.233,0.062,1.5,,,Ⅱ
2023-04-11T12:00:00+08:00,1681185600,18.2,7.29,6.4,564.4,37.8,2.78,0.143,0.058,1.58,,,Ⅱ
2023-04-11T16:00:00+08:00,1681200000,18.4,7.37,7.23,558.3,39.4,2.73,0.097,0.052,1.57,,,Ⅱ
2023-04-11T20:00:00+08:00,1681214400,17.9,7.42,7.55,557.8,38.8,2.53,0.081,0.052,1.57,,,Ⅱ
2023-04-12T00:00:00+08:00,1681228800,17.2,7.35,7.01,551.5,41.3,2.52,0.075,0.047,1.61,,,Ⅱ
2023-04-12T04:00:00+08:00,1681243200,16.6,7.28,6.57,555.5,39.2,2.54,0.089,0.047,1.57,,,Ⅱ
2023-04-12T08:00:00+08:00,1681257600,16.5,7.28,6.28,562.1,39.4,2.54,0.075,0.049,1.59,,,Ⅱ
2023-04-12T12:00:00+08:00,1681272000,18.1,7.38,7.64,559.2,43.6,2.53,0.094,0.048,1.61,,,Ⅱ
2023-04-12T16:00:00+08:00,1681286400,18.5,7.57,8.76,562.3,43.6,2.58,0.116,0.051,1.57,,,Ⅱ
2023-04-12T20:00:00+08:00,1681300800,17.5,7.78,8.94,556.4,55.1,2.54,0.126,0.054,1.58,,,Ⅱ
2023-04-13T00:00:00+08:00,1681315200,16.4,7.41,7.2,560.7,51.1,3.26,0.26,0.06,1.57,,,Ⅱ
2023-04-13T04:00:00+08:00,1681329600,15.8,7.31,6.73,558.4,46.9,3.03,0.209,0.058,1.55,,,Ⅱ
2023-04-13T08:00:00+08:00,1681344000,16.0,7.3,6.82,560.6,52.6,3.03,0.171,0.052,1.52,,,Ⅱ
2023-04-13T12:00:00+08:00,1681358400,17.6,7.43,7.74,566.4,46.6,3.28,0.221,0.06,1.52,,,Ⅱ
2023-04-13T16:00:00+08:00,1681372800,17.2,7.6,8.8,563.8,46.1,2.8,0.142,0.053,1.5,,,Ⅱ
2023-04-13T20:00:00+08:00,1681387200,16.9,7.57,8.28,560.7,53.3,3.01,0.143,0.055,1.47,,,Ⅱ
2023-04-14T00:00:00+08:00,1681401600,16.7,7.39,7.52,571.1,53.3,3.04,0.219,0.053,1.5,,,Ⅱ
2023-04-14T04:00:00+08:00,1681416000,16.6,7.32,6.55,570.1,45.9,3.06,0.232,0.056,1.52,,,Ⅱ
2023-04-14T08:00:00+08:00,1681430400,16.7,7.26,6.49,568.7,40.3,2.82,0.174,0.052,1.51,,,Ⅱ
2023-04-14T12:00:00+08:00,1681444800,17.9,7.29,6.47,580.0,37.7,2.77,0.098,0.046,1.49,,,Ⅱ
2023-04-14T16:00:00+08:00,1681459200,18.6,7.43,7.62,571.5,39.7,2.77,0.077,0.048,1.53,,,Ⅱ
2023-04-14T20:00:00+08:00,1681473600,18.1,7.52,7.9,578.5,39.5,2.76,0.076,0.047,1.52,,,Ⅱ
2023-04-15T00:00:00+08:00,1681488000,17.9,7.39,6.85,575.1,39.0,2.34,0.082,0.047,1.67,,,Ⅱ
2023-04-15T04:00:00+08:00,1681502400,17.4,7.3,6.28,568.7,40.3,2.54,0.066,0.046,1.59,,,Ⅱ
2023-04-15T08:00:00+08:00,1681516800,17.3,7.26,5.81,571.5,39.5,2.76,0.076,0.046,1.56,,,Ⅲ
2023-04-15T12:00:00+08:00,1681531200,18.2,7.28,6.22,587.2,39.8,2.54,0.07,0.045,1.6,,,Ⅱ
2023-04-15T16:00:00+08:00,1681545600,18.9,7.42,7.31,583.4,43.8,2.78,0.095,0.048,1.65,,,Ⅱ
2023-04-15T20:00:00+08:00,1681560000,18.4,7.56,8.32,577.2,41.7,2.53,0.088,0.049,1.7,,,Ⅱ
2023-04-16T00:00:00+08:00,1681574400,18.0,7.46,7.29,577.6,41.4,2.53,0.088,0.049,1.7,,,Ⅱ
2023-04-16T04:00:00+08:00,1681588800,17.1,7.28,6.14,579.4,47.3,2.98,0.151,0.051,1.53,,,Ⅱ
2023-04-16T08:00:00+08:00,1681603200,17.0,7.31,6.44,581.0,48.3,3.04,0.196,0.053,1.57,,,Ⅱ
2023-04-16T12:00:00+08:00,1681617600,19.2,7.38,7.31,587.1,44.5,2.79,0.122,0.052,1.56,,,Ⅱ
2023-04-16T16:00:00+08:00,1681632000,20.0,7.55,8.09,586.4,45.5,2.57,0.12,0.053,1.64,,,Ⅱ
2023-04-16T20:00:00+08:00,1681646400,19.3,7.59,8.16,579.7,43.7,2.56,0.118,0.054,1.64,,,Ⅱ
2023-04-17T00:00:00+08:00,1681660800,18.3,7.45,7.37,580.7,59.5,2.56,0.118,0.054,1.64,,,Ⅱ
2023-04-17T08:00:00+08:00,1681689600,17.8,7.37,6.91,578.6,68.8,3.78,0.388,0.07,1.51,,,Ⅱ
2023-04-17T12:00:00+08:00,1681704000,19.7,7.41,7.01,589.6,72.0,3.8,0.446,0.072,1.44,,,Ⅱ
2023-04-17T16:00:00+08:00,1681718400,21.0,7.47,7.3,583.6,61.5,3.52,0.323,0.068,1.51,,,Ⅱ
2023-04-17T20:00:00+08:00,1681732800,20.2,7.52,7.41,575.5,58.6,3.52,0.33,0.067,1.46,,,Ⅱ
2023-04-18T00:00:00+08:00,1681747200,19.9,7.45,6.98,579.6,55.3,3.52,0.33,0.067,1.46,,,Ⅱ
2023-04-18T04:00:00+08:00,1681761600,19.6,7.36,6.45,581.0,51.3,3.04,0.204,0.058,1.6,,,Ⅱ
2023-04-18T08:00:00+08:00,1681776000,19.8,7.28,5.61,583.9,45.2,2.82,0.141,0.057,1.58,,,Ⅲ
2023-04-18T12:00:00+08:00,1681790400,21.1,7.36,6.74,583.2,43.5,2.79,0.084,0.053,,,,Ⅱ
2023-04-18T16:00:00+08:00,1681804800,21.8,7.52,7.81,573.0,41.5,2.79,0.084,0.053,,,,Ⅱ
2023-04-18T20:00:00+08:00,1681819200,21.3,7.54,7.73,576.3,41.2,2.77,0.122,0.055,1.51,,,Ⅱ
2023-04-19T00:00:00+08:00,1681833600,21.0,7.46,7.41,571.1,42.0,2.77,0.122,0.055,1.51,,,Ⅱ
2023-04-19T04:00:00+08:00,1681848000,20.7,7.29,5.78,576.0,42.9,2.78,0.127,0.05,1.44,,,Ⅲ
2023-04-19T08:00:00+08:00,1681862400,20.2,7.24,5.26,574.8,59.8,3.74,0.308,0.06,1.39,,,Ⅲ
2023-04-19T12:00:00+08:00,1681876800,21.2,7.37,6.51,574.7,54.8,3.04,0.257,0.064,1.44,,,Ⅱ
2023-04-19T16:00:00+08:00,1681891200,21.8,7.5,7.31,574.3,48.3,2.8,0.18,0.059,1.39,,,Ⅱ
2023-04-19T20:00:00+08:00,1681905600,21.0,7.63,8.02,576.7,53.0,3.04,0.203,0.058,1.39,,,Ⅱ
2023-04-20T00:00:00+08:00,1681920000,20.5,7.44,6.82,571.6,55.4,3.04,0.203,0.058,1.39,,,Ⅱ
2023-04-20T04:00:00+08:00,1681934400,20.1,7.31,5.82,580.7,52.4,3.04,0.229,0.059,1.38,,,Ⅲ
2023-04-20T08:00:00+08:00,1681948800,19.9,7.26,5.65,578.1,50.6,2.77,0.164,0.054,1.4,,,Ⅲ
2023-04-20T12:00:00+08:00,1681963200,20.3,7.37,6.61,582.5,48.1,2.79,0.174,0.057,1.39,,,Ⅱ
2023-04-20T16:00:00+08:00,1681977600,21.4,7.54,7.94,582.7,47.8,2.79,0.174,0.057,1.39,,,Ⅱ
2023-04-20T20:00:00+08:00,1681992000,21.0,7.69,8.4,571.1,47.0,3.0,0.133,0.053,1.33,,,Ⅱ
2023-04-21T00:00:00+08:00,1682006400,20.2,7.52,7.48,575.1,47.8,2.76,0.135,0.058,1.36,,,Ⅱ
2023-04-21T04:00:00+08:00,1682020800,19.7,7.34,6.34,574.9,45.9,2.76,0.135,0.058,1.36,,,Ⅱ
2023-04-21T08:00:00+08:00,1682035200,19.5,7.34,6.44,571.4,49.7,2.77,0.132,0.053,1.36,,,Ⅱ
2023-04-21T12:00:00+08:00,1682049600,19.7,7.43,7.04,568.6,46.4,2.76,0.14,0.054,1.37,,,Ⅱ
2023-04-21T16:00:00+08:00,1682064000,20.4,7.74,9.06,568.8,44.1,2.76,0.101,0.054,1.27,,,Ⅱ
2023-04-21T20:00:00+08:00,1682078400,19.1,7.7,8.53,575.2,48.3,2.77,0.136,0.053,1.33,,,Ⅱ
2023-04-22T00:00:00+08:00,1682092800,18.2,7.59,7.98,571.6,45.6,2.77,0.136,0.053,1.33,,,Ⅱ
2023-04-22T04:00:00+08:00,1682107200,17.4,7.44,7.37,574.5,45.1,2.77,0.136,0.053,1.33,,,Ⅱ
2023-04-22T08:00:00+08:00,1682121600,17.9,7.41,7.2,581.3,49.2,2.76,0.161,0.05,1.34,,,Ⅱ
2023-04-22T12:00:00+08:00,1682136000,19.1,7.53,7.89,582.8,48.1,2.75,0.142,0.05,1.34,,,Ⅱ
2023-04-22T16:00:00+08:00,1682150400,19.6,7.69,8.54,575.4,48.0,2.54,0.131,0.051,1.33,,,Ⅱ
2023-04-22T20:00:00+08:00,1682164800,18.9,7.76,8.77,584.6,51.6,2.96,0.195,0.051,1.28,,,Ⅱ
2023-04-23T00:00:00+08:00,1682179200,18.4,7.56,7.96,580.6,60.6,2.96,0.195,0.051,1.28,,,Ⅱ
2023-04-23T04:00:00+08:00,1682193600,17.8,7.32,6.48,584.4,65.1,3.78,0.371,0.064,1.19,,,Ⅱ
2023-04-23T08:00:00+08:00,1682208000,17.7,7.25,6.01,583.2,60.6,3.78,0.313,0.059,1.22,,,Ⅱ
2023-04-23T12:00:00+08:00,1682222400,17.6,7.36,7.0,579.2,68.0,3.77,0.387,0.061,1.26,,,Ⅱ
2023-04-23T16:00:00+08:00,1682236800,17.3,7.48,7.58,586.5,78.8,4.02,0.479,0.077,1.22,,,Ⅲ
2023-04-23T20:00:00+08:00,1682251200,17.2,7.36,6.94,586.5,61.2,3.48,0.325,0.063,1.27,,,Ⅱ
2023-04-24T00:00:00+08:00,1682265600,16.7,7.36,6.74,590.6,54.6,3.48,0.325,0.063,1.27,,,Ⅱ
2023-04-24T04:00:00+08:00,1682280000,16.2,7.29,6.06,587.9,48.6,3.0,0.193,0.051,1.34,,,Ⅱ
2023-04-24T08:00:00+08:00,1682294400,16.1,7.32,6.42,586.4,49.8,3.01,0.181,0.053,1.35,,,Ⅱ
2023-04-24T12:00:00+08:00,1682308800,16.2,7.34,7.08,585.1,50.8,3.0,0.177,0.055,1.33,,,Ⅱ
2023-04-24T16:00:00+08:00,1682323200,16.2,7.47,7.84,595.6,59.4,3.23,0.307,0.062,1.31,,,Ⅱ
2023-04-24T20:00:00+08:00,1682337600,16.0,7.47,9.19,599.8,48.5,3.25,0.297,0.064,1.38,,,Ⅱ
2023-04-25T00:00:00+08:00,1682352000,15.8,7.41,7.48,602.8,39.7,3.25,0.297,0.064,1.38,,,Ⅱ
2023-04-25T04:00:00+08:00,1682366400,15.6,7.32,6.8,597.7,37.7,2.53,0.149,0.055,1.37,,,Ⅱ
2023-04-25T08:00:00+08:00,1682380800,15.7,7.26,5.88,603.7,35.6,2.77,0.122,0.054,1.41,,,Ⅲ
2023-04-25T12:00:00+08:00,1682395200,16.1,7.34,6.9,606.1,36.2,2.51,0.131,0.052,1.41,,,Ⅱ
2023-04-25T16:00:00+08:00,1682409600,16.2,7.53,8.16,604.8,38.7,2.49,0.144,0.05,1.4,,,Ⅱ
2023-04-25T20:00:00+08:00,1682424000,16.1,7.61,8.79,609.1,35.0,2.69,0.12,0.05,1.37,,,Ⅱ
2023-04-26T00:00:00+08:00,1682438400,15.9,7.48,7.83,614.4,37.7,2.69,0.12,0.05,1.37,,,Ⅱ
2023-04-26T04:00:00+08:00,1682452800,15.7,7.26,6.0,608.5,34.8,2.54,0.109,0.05,1.37,,,Ⅱ
2023-04-26T08:00:00+08:00,1682467200,16.2,7.21,5.4,609.5,33.7,2.77,0.101,0.048,1.32,,,Ⅲ
2023-04-26T12:00:00+08:00,1682481600,17.1,7.32,6.63,613.4,37.1,2.75,0.126,0.049,1.39,,,Ⅱ
2023-04-26T16:00:00+08:00,1682496000,17.8,7.66,9.18,609.9,37.4,2.52,0.112,0.052,1.39,,,Ⅱ
2023-04-26T20:00:00+08:00,1682510400,17.5,7.69,8.86,604.2,41.3,2.73,0.164,0.056,1.35,,,Ⅱ
2023-04-27T00:00:00+08:00,1682524800,16.8,7.44,7.71,601.2,67.9,2.73,0.164,0.056,1.35,,,Ⅱ
2023-04-27T04:00:00+08:00,1682539200,16.3,7.27,6.65,604.1,57.0,3.76,0.325,0.068,1.21,,,Ⅱ
2023-04-27T08:00:00+08:00,1682553600,16.7,7.25,5.93,610.9,48.9,3.5,0.24,0.062,1.27,,,Ⅲ
2023-04-27T12:00:00+08:00,1682568000,18.3,7.46,8.03,610.3,47.6,3.2,0.253,0.059,1.28,,,Ⅱ
2023-04-27T16:00:00+08:00,1682582400,18.9,7.59,8.48,608.0,51.8,3.26,0.266,0.062,1.24,,,Ⅱ
2023-04-27T20:00:00+08:00,1682596800,18.2,7.73,8.81,598.7,70.5,4.51,0.48,0.074,1.2,,,Ⅲ
2023-04-28T00:00:00+08:00,1682611200,17.3,7.4,7.32,605.4,73.1,4.51,0.48,0.074,1.2,,,Ⅲ
2023-04-28T04:00:00+08:00,1682625600,17.1,7.34,6.87,601.2,65.7,4.23,0.407,0.075,1.2,,,Ⅲ
2023-04-28T08:00:00+08:00,1682640000,17.8,7.29,6.54,615.1,46.0,3.5,0.238,0.067,1.25,,,Ⅱ
2023-04-28T12:00:00+08:00,1682654400,19.7,7.47,7.79,606.0,39.5,3.0,0.139,0.058,1.26,,,Ⅱ
2023-04-28T16:00:00+08:00,1682668800,20.5,7.86,9.72,601.1,38.9,2.75,0.118,0.055,1.22,,,Ⅱ
2023-04-28T20:00:00+08:00,1682683200,19.8,7.78,8.97,604.8,38.8,2.76,0.12,0.05,1.27,,,Ⅱ
2023-04-29T00:00:00+08:00,1682697600,19.5,7.6,8.3,601.1,39.9,2.76,0.12,0.05,1.27,,,Ⅱ
2023-04-29T04:00:00+08:00,1682712000,19.2,7.31,6.32,607.7,37.5,2.76,0.108,0.051,1.27,,,Ⅱ
2023-04-29T08:00:00+08:00,1682726400,18.8,7.2,4.91,602.3,34.6,3.0,0.09,0.046,1.16,,,Ⅳ
2023-04-29T12:00:00+08:00,1682740800,18.2,7.22,5.38,595.3,36.2,2.75,0.098,0.043,1.16,,,Ⅲ
2023-04-29T16:00:00+08:00,1682755200,18.3,7.34,6.87,598.5,37.6,2.75,0.118,0.044,1.26,,,Ⅱ
2023-04-29T20:00:00+08:00,1682769600,18.0,7.45,7.8,596.6,34.8,2.76,0.095,0.043,1.2,,,Ⅱ
2023-04-30T00:00:00+08:00,1682784000,17.2,7.42,7.62,598.0,36.6,2.76,0.095,0.043,1.2,,,Ⅱ
2023-04-30T04:00:00+08:00,1682798400,16.7,7.37,6.99,593.1,37.0,2.75,0.126,0.047,1.33,,,Ⅱ
2023-04-30T08:00:00+08:00,1682812800,17.7,7.33,6.53,602.3,38.4,2.75,0.13,0.049,1.37,,,Ⅱ
2023-04-30T12:00:00+08:00,1682827200,19.0,7.52,8.12,604.5,35.8,2.69,0.104,0.049,1.28,,,Ⅱ
2023-04-30T16:00:00+08:00,1682841600,19.7,7.69,8.76,597.2,37.8,2.73,0.114,0.047,1.31,,,Ⅱ
2023-04-30T20:00:00+08:00,1682856000,18.9,7.76,8.8,589.3,38.4,2.75,0.117,0.048,1.32,,,Ⅱ
2023-05-01T00:00:00+08:00,1682870400,18.2,7.5,7.81,584.5,38.8,2.75,0.117,0.048,1.32,,,Ⅱ
2023-05-01T04:00:00+08:00,1682884800,17.7,7.38,7.21,586.3,39.1,2.74,0.134,0.05,1.31,,,Ⅱ
2023-05-01T08:00:00+08:00,1682899200,18.6,7.32,6.51,594.3,37.5,2.75,0.121,0.051,1.31,,,Ⅱ
2023-05-01T12:00:00+08:00,1682913600,20.2,7.46,7.6,601.3,36.4,2.53,0.098,0.049,1.21,,,Ⅱ
2023-05-01T16:00:00+08:00,1682928000,21.1,7.73,9.2,587.8,41.4,2.73,0.16,0.053,1.26,,,Ⅱ
2023-05-01T20:00:00+08:00,1682942400,20.3,7.85,9.23,581.9,42.7,2.78,0.164,0.052,1.21,,,Ⅱ
2023-05-02T00:00:00+08:00,1682956800,19.2,7.56,8.4,573.2,70.9,2.78,0.164,0.052,1.21,,,Ⅱ
2023-05-02T04:00:00+08:00,1682971200,18.3,7.45,7.52,577.2,66.0,3.52,0.409,0.071,1.07,,,Ⅱ
2023-05-02T08:00:00+08:00,1682985600,18.8,7.47,7.56,587.9,59.5,3.23,0.381,0.067,1.16,,,Ⅱ
2023-05-02T12:00:00+08:00,1683000000,20.6,7.49,7.55,594.1,99.3,4.49,0.534,0.089,1.0,,,Ⅲ
2023-05-02T16:00:00+08:00,1683014400,21.2,7.52,7.47,591.4,86.7,4.02,0.497,0.084,0.97,,,Ⅲ
2023-05-02T20:00:00+08:00,1683028800,20.4,7.47,7.2,583.9,143.5,5.51,0.773,0.105,0.84,,,Ⅲ
2023-05-03T00:00:00+08:00,1683043200,19.9,7.4,6.66,586.4,104.6,5.51,0.773,0.105,0.84,,,Ⅲ
2023-05-03T04:00:00+08:00,1683057600,19.5,7.33,6.14,587.9,92.0,4.73,0.565,0.094,0.96,,,Ⅲ
2023-05-03T08:00:00+08:00,1683072000,19.7,7.39,6.55,587.3,70.5,3.54,0.481,0.091,1.14,,,Ⅱ
2023-05-03T12:00:00+08:00,1683086400,21.0,7.38,6.69,604.8,48.4,3.2,0.255,0.071,1.15,,,Ⅱ
2023-05-03T16:00:00+08:00,1683100800,22.0,7.52,7.58,595.4,44.7,3.0,0.18,0.065,1.16,,,Ⅱ
2023-05-03T20:00:00+08:00,1683115200,21.3,7.54,7.53,593.7,44.5,2.77,0.196,0.079,1.15,,,Ⅱ
2023-05-04T00:00:00+08:00,1683129600,21.1,7.44,6.87,584.0,45.6,2.77,0.196,0.079,1.15,,,Ⅱ
2023-05-04T04:00:00+08:00,1683144000,21.0,7.32,5.96,589.7,49.0,3.03,0.243,0.037,1.13,,,Ⅲ
2023-05-04T08:00:00+08:00,1683158400,20.9,7.27,5.49,586.9,44.9,2.98,0.228,0.044,1.19,,,Ⅲ
2023-05-04T12:00:00+08:00,1683172800,21.4,7.3,5.71,592.6,50.4,3.01,0.248,0.044,1.08,,,Ⅲ
2023-05-04T16:00:00+08:00,1683187200,22.4,7.36,6.14,593.6,43.0,3.0,0.172,0.049,1.13,,,Ⅱ
2023-05-04T20:00:00+08:00,1683201600,22.2,7.51,7.27,583.8,40.1,2.76,0.162,0.049,1.18,,,Ⅱ
2023-05-05T00:00:00+08:00,1683216000,22.0,7.4,6.5,581.2,37.4,2.76,0.162,0.049,1.18,,,Ⅱ
2023-05-05T04:00:00+08:00,1683230400,21.7,7.33,5.9,588.0,38.0,2.72,0.139,0.055,1.2,,,Ⅲ
2023-05-05T08:00:00+08:00,1683244800,21.4,7.28,5.64,581.0,40.0,2.71,0.146,0.054,1.27,,,Ⅲ
2023-05-05T12:00:00+08:00,1683259200,21.9,7.31,5.62,578.2,35.9,2.75,0.1,0.054,1.17,,,Ⅲ
2023-05-05T16:00:00+08:00,1683273600,22.3,7.44,6.66,581.7,36.7,2.75,0.106,0.049,1.16,,,Ⅱ
2023-05-05T20:00:00+08:00,1683288000,21.8,7.44,6.6,575.8,41.4,2.69,0.162,0.052,1.21,,,Ⅱ
2023-05-06T00:00:00+08:00,1683302400,21.5,7.38,6.38,577.1,36.6,2.69,0.162,0.052,1.21,,,Ⅱ
2023-05-06T04:00:00+08:00,1683316800,21.2,7.32,5.57,577.4,36.4,2.51,0.118,0.05,1.23,,,Ⅲ
2023-05-06T08:00:00+08:00,1683331200,21.0,7.21,4.78,582.8,37.7,2.75,0.122,0.055,1.13,,,Ⅳ
2023-05-06T12:00:00+08:00,1683345600,21.2,7.34,6.04,581.0,35.7,2.48,0.104,0.049,1.21,,,Ⅱ
2023-05-06T16:00:00+08:00,1683360000,21.0,7.59,8.05,576.3,35.3,2.5,0.096,0.048,1.12,,,Ⅱ
2023-05-06T20:00:00+08:00,1683374400,20.6,7.44,6.82,576.2,64.6,2.29,0.205,0.055,1.18,,,Ⅱ
2023-05-07T00:00:00+08:00,1683388800,19.8,7.39,6.49,575.0,60.0,2.29,0.205,0.055,1.18,,,Ⅱ
2023-05-07T04:00:00+08:00,1683403200,19.4,7.25,5.35,580.7,58.7,2.53,0.163,0.05,1.18,,,Ⅲ
2023-05-07T08:00:00+08:00,1683417600,19.0,7.37,6.64,577.6,68.0,2.51,0.225,0.054,1.18,,,Ⅱ
2023-05-07T12:00:00+08:00,1683432000,19.0,7.37,6.46,574.1,65.6,2.48,0.2,0.054,1.16,,,Ⅱ
2023-05-07T16:00:00+08:00,1683446400,19.1,7.4,7.03,578.3,58.3,2.45,0.127,0.051,1.13,,,Ⅱ
2023-05-07T20:00:00+08:00,1683460800,18.7,7.41,7.24,582.7,61.6,2.51,0.167,0.054,1.2,,,Ⅱ
2023-05-08T00:00:00+08:00,1683475200,18.4,7.33,6.56,578.1,60.8,2.51,0.167,0.054,1.2,,,Ⅱ
2023-05-08T04:00:00+08:00,1683489600,18.0,7.27,6.07,582.9,58.4,2.5,0.129,0.052,1.22,,,Ⅱ
2023-05-08T08:00:00+08:00,1683504000,18.2,7.21,5.24,587.7,58.6,2.53,0.148,0.051,1.22,,,Ⅲ
2023-05-08T12:00:00+08:00,1683518400,19.1,7.4,7.17,585.0,62.4,2.26,0.15,0.053,1.17,,,Ⅱ
2023-05-08T16:00:00+08:00,1683532800,19.3,7.64,8.49,585.6,62.3,,0.15,0.054,1.17,,,
2023-05-08T20:00:00+08:00,1683547200,18.8,7.64,8.3,579.5,65.0,2.49,0.195,0.055,1.19,,,Ⅱ
2023-05-09T00:00:00+08:00,1683561600,18.0,7.48,7.58,580.7,61.9,2.49,0.195,0.055,1.19,,,Ⅱ
2023-05-09T04:00:00+08:00,1683576000,17.4,7.36,6.82,581.0,62.4,2.26,0.169,0.05,1.16,,,Ⅱ
2023-05-09T08:00:00+08:00,1683590400,18.2,7.32,6.45,592.7,64.0,2.47,0.192,0.051,1.22,,,Ⅱ
2023-05-09T12:00:00+08:00,1683604800,19.5,7.53,7.74,598.9,62.3,2.27,0.173,0.05,1.18,,,Ⅱ
2023-05-09T16:00:00+08:00,1683619200,20.2,7.74,8.93,599.2,59.4,2.52,0.137,0.051,1.19,,,Ⅱ
2023-05-10T16:00:00+08:00,1683705600,19.6,7.71,8.79,597.6,68.2,2.75,0.206,0.05,1.16,,,Ⅱ
2023-05-10T20:00:00+08:00,1683720000,19.2,7.72,8.69,590.2,70.1,2.76,0.208,0.049,1.11,,,Ⅱ
2023-05-11T00:00:00+08:00,1683734400,18.8,7.41,7.2,589.7,63.1,2.96,0.221,0.048,1.06,,,Ⅱ
2023-05-11T04:00:00+08:00,1683748800,18.4,7.37,6.98,577.5,61.0,2.96,0.221,0.048,1.06,,,Ⅱ
2023-05-11T08:00:00+08:00,1683763200,18.3,7.34,6.9,588.6,58.8,2.75,0.158,0.043,1.12,,,Ⅱ
2023-05-11T12:00:00+08:00,1683777600,18.8,7.39,7.23,591.3,57.8,2.72,0.129,0.045,1.16,,,Ⅱ
2023-05-11T16:00:00+08:00,1683792000,18.9,7.56,8.64,590.4,32.3,3.24,0.136,0.05,,,,Ⅱ
2023-05-11T20:00:00+08:00,1683806400,18.7,7.61,8.89,592.4,33.6,2.72,0.072,0.042,1.01,,,Ⅱ
2023-05-12T00:00:00+08:00,1683820800,18.5,7.4,7.6,589.6,33.9,2.76,0.082,0.038,1.0,,,Ⅱ
2023-05-12T04:00:00+08:00,1683835200,18.3,7.21,5.79,598.4,33.9,2.76,0.082,0.038,1.0,,,Ⅲ
2023-05-12T08:00:00+08:00,1683849600,18.4,7.21,5.47,595.9,34.6,2.77,0.092,0.038,1.11,,,Ⅲ
2023-05-12T12:00:00+08:00,1683864000,19.4,7.34,6.82,599.0,36.6,2.76,0.114,0.038,1.13,,,Ⅱ
2023-05-12T16:00:00+08:00,1683878400,20.2,7.72,8.67,599.9,42.8,2.75,0.125,0.04,1.15,,,Ⅱ
2023-05-12T20:00:00+08:00,1683892800,19.9,7.81,9.18,597.2,38.6,2.76,0.201,0.044,1.14,,,Ⅱ
2023-05-13T00:00:00+08:00,1683907200,19.4,7.46,7.8,597.0,37.1,2.69,0.142,0.042,1.13,,,Ⅱ
2023-05-13T04:00:00+08:00,1683921600,18.9,7.23,5.78,592.8,33.7,2.69,0.142,0.042,1.13,,,Ⅲ
2023-05-13T08:00:00+08:00,1683936000,19.6,7.22,5.61,600.7,34.4,2.57,0.095,0.041,1.05,,,Ⅲ
2023-05-13T12:00:00+08:00,1683950400,21.0,7.47,7.96,601.5,34.8,2.76,0.096,0.038,1.1,,,Ⅱ
2023-05-13T16:00:00+08:00,1683964800,21.7,7.74,9.01,596.5,38.3,2.75,0.131,0.051,1.14,,,Ⅱ
2023-05-13T20:00:00+08:00,1683979200,21.1,7.8,9.44,587.8,35.3,2.7,0.114,0.048,1.12,,,Ⅱ
2023-05-14T00:00:00+08:00,1683993600,20.7,7.44,7.55,598.1,38.3,2.74,0.118,0.048,1.1,,,Ⅱ
2023-05-14T04:00:00+08:00,1684008000,20.2,7.22,5.76,593.1,36.1,2.74,0.118,0.048,1.1,,,Ⅲ
2023-05-14T08:00:00+08:00,1684022400,21.1,7.2,5.2,600.1,32.8,2.76,0.104,0.044,1.04,,,Ⅲ
2023-05-14T12:00:00+08:00,1684036800,22.6,7.51,7.93,596.3,34.1,2.76,0.066,0.043,0.99,,,Ⅱ
2023-05-14T16:00:00+08:00,1684051200,23.5,7.74,8.89,595.9,38.5,2.74,0.095,0.041,1.05,,,Ⅱ
2023-05-14T20:00:00+08:00,1684065600,22.7,7.66,8.42,591.9,37.3,2.75,0.119,0.044,1.11,,,Ⅱ
2023-05-15T00:00:00+08:00,1684080000,22.2,7.36,7.1,588.0,36.2,2.5,0.123,0.044,1.12,,,Ⅱ
2023-05-15T04:00:00+08:00,1684094400,21.6,7.21,5.53,589.4,34.8,2.5,0.123,0.044,1.12,,,Ⅲ
2023-05-15T08:00:00+08:00,1684108800,22.5,7.41,6.96,600.4,39.2,2.76,0.088,0.039,1.06,,,Ⅱ
2023-05-15T12:00:00+08:00,1684123200,24.0,7.6,8.03,596.3,35.9,2.73,0.135,0.041,1.11,,,Ⅱ
2023-05-15T16:00:00+08:00,1684137600,24.9,7.7,8.43,594.2,37.5,2.51,0.101,0.042,1.06,,,Ⅱ
2023-05-15T20:00:00+08:00,1684152000,24.3,7.63,8.21,583.5,38.6,2.7,0.11,0.045,1.06,,,Ⅱ
2023-05-16T00:00:00+08:00,1684166400,23.2,7.37,7.14,577.3,48.1,2.51,0.114,0.042,1.03,,,Ⅱ
2023-05-16T04:00:00+08:00,1684180800,22.6,7.2,4.97,587.8,49.2,2.51,0.114,0.042,1.03,,,Ⅳ
2023-05-16T08:00:00+08:00,1684195200,22.8,7.36,6.29,584.4,51.8,3.01,0.258,0.05,0.97,,,Ⅱ
2023-05-16T12:00:00+08:00,1684209600,24.3,7.41,6.52,601.9,48.2,3.19,0.283,0.053,0.95,,,Ⅱ
2023-05-17T12:00:00+08:00,1684296000,22.0,7.38,6.07,585.7,114.4,5.27,0.64,0.091,0.78,,,Ⅲ
2023-05-17T16:00:00+08:00,1684310400,22.0,7.3,5.46,580.4,81.4,4.28,0.557,0.09,0.86,,,Ⅲ
2023-05-17T20:00:00+08:00,1684324800,22.2,7.33,5.68,577.7,66.9,4.26,0.468,0.08,0.89,,,Ⅲ
2023-05-18T00:00:00+08:00,1684339200,22.0,7.17,4.37,577.4,43.2,3.27,0.455,0.072,1.01,,,Ⅳ
2023-05-18T04:00:00+08:00,1684353600,21.9,7.16,4.77,579.6,39.9,3.27,0.455,0.072,1.01,,,Ⅳ
2023-05-18T08:00:00+08:00,1684368000,21.9,7.23,4.97,585.5,45.5,3.0,0.268,0.055,1.12,,,Ⅳ
2023-05-18T12:00:00+08:00,1684382400,22.0,7.22,5.14,580.2,38.2,2.76,0.102,0.048,1.07,,,Ⅲ
2023-05-18T16:00:00+08:00,1684396800,21.8,7.31,6.05,581.7,40.3,2.75,0.139,0.049,1.04,,,Ⅱ
2023-05-18T20:00:00+08:00,1684411200,21.3,7.27,5.45,576.3,44.4,2.72,0.189,0.054,1.16,,,Ⅲ
2023-05-19T00:00:00+08:00,1684425600,21.1,7.16,4.42,579.2,36.4,2.72,0.189,0.054,1.16,,,Ⅳ
2023-05-19T04:00:00+08:00,1684440000,20.8,7.15,4.4,586.1,34.6,3.01,0.307,0.056,1.04,,,Ⅳ
2023-05-19T08:00:00+08:00,1684454400,20.8,7.19,4.52,581.0,43.1,2.75,0.227,0.057,1.1,,,Ⅳ
2023-05-19T12:00:00+08:00,1684468800,21.2,7.26,5.42,584.7,40.4,2.52,0.138,0.056,1.13,,,Ⅲ
2023-05-19T16:00:00+08:00,1684483200,21.7,7.35,6.31,582.3,42.3,2.52,0.154,0.06,1.15,,,Ⅱ
2023-05-19T20:00:00+08:00,1684497600,21.4,7.38,6.54,581.4,39.8,2.5,0.129,0.059,1.13,,,Ⅱ
2023-05-20T00:00:00+08:00,1684512000,20.8,7.27,5.89,582.9,50.8,2.5,0.129,0.059,1.13,,,Ⅲ
2023-05-20T04:00:00+08:00,1684526400,20.3,7.15,4.73,583.6,47.8,3.48,0.407,0.072,1.05,,,Ⅳ
2023-05-20T08:00:00+08:00,1684540800,20.4,7.18,4.87,580.3,63.3,3.46,0.377,0.075,1.04,,,Ⅳ
2023-05-20T12:00:00+08:00,1684555200,21.4,7.32,6.15,587.4,59.6,3.25,0.396,0.076,1.01,,,Ⅱ
2023-05-20T16:00:00+08:00,1684569600,22.1,7.44,7.15,589.7,49.5,3.25,0.212,0.076,1.04,,,Ⅱ
2023-05-20T20:00:00+08:00,1684584000,21.5,7.38,6.56,584.6,51.6,2.99,0.237,0.069,1.05,,,Ⅱ
2023-05-21T00:00:00+08:00,1684598400,21.0,7.22,5.4,583.4,54.5,2.99,0.237,0.069,1.05,,,Ⅲ
2023-05-21T04:00:00+08:00,1684612800,20.7,7.15,4.63,587.3,46.9,3.5,0.331,0.065,1.07,,,Ⅳ
2023-05-21T08:00:00+08:00,1684627200,20.8,7.17,4.9,587.2,53.8,3.28,0.276,0.064,1.03,,,Ⅳ
2023-05-21T12:00:00+08:00,1684641600,22.0,7.24,5.42,596.9,45.5,3.01,0.206,0.064,1.09,,,Ⅲ
2023-05-21T16:00:00+08:00,1684656000,22.8,7.39,6.61,588.9,46.1,2.75,0.189,0.062,1.11,,,Ⅱ
2023-05-21T20:00:00+08:00,1684670400,22.6,7.44,7.02,586.2,42.6,2.74,0.149,0.06,1.13,,,Ⅱ
2023-05-22T00:00:00+08:00,1684684800,22.1,7.26,5.72,583.0,44.5,2.74,0.149,0.06,1.13,,,Ⅲ
2023-05-22T04:00:00+08:00,1684699200,21.6,7.15,4.48,587.4,40.6,3.01,0.144,0.057,1.08,,,Ⅳ
2023-05-22T08:00:00+08:00,1684713600,20.9,7.17,4.98,573.2,40.2,2.98,0.138,0.054,1.08,,,Ⅳ
2023-05-22T12:00:00+08:00,1684728000,19.9,7.28,6.06,573.6,44.2,2.75,0.171,0.056,1.13,,,Ⅱ
2023-05-22T16:00:00+08:00,1684742400,20.3,7.32,6.6,568.3,35.6,2.69,0.08,0.053,1.06,,,Ⅱ
2023-05-22T20:00:00+08:00,1684756800,20.3,7.34,6.86,573.8,37.1,2.51,0.099,0.054,1.08,,,Ⅱ
2023-05-23T00:00:00+08:00,1684771200,20.0,7.25,5.95,576.5,37.4,2.51,0.099,0.054,1.08,,,Ⅲ
2023-05-23T04:00:00+08:00,1684785600,19.6,7.14,4.84,580.4,34.0,2.76,0.163,0.053,1.23,,,Ⅳ
2023-05-23T08:00:00+08:00,1684800000,20.1,7.15,4.5,582.6,33.8,2.77,0.146,0.056,1.22,,,Ⅳ
2023-05-24T16:00:00+08:00,1684915200,20.0,7.39,7.05,578.3,45.2,2.73,0.193,0.058,1.2,,,Ⅱ
2023-05-25T12:00:00+08:00,1684987200,21.1,7.29,6.1,582.6,36.9,2.97,0.085,0.047,1.14,,,Ⅱ
2023-05-25T16:00:00+08:00,1685001600,21.8,7.46,7.32,578.3,42.5,2.52,0.11,0.05,1.19,,,Ⅱ
2023-05-25T20:00:00+08:00,1685016000,21.7,7.6,8.1,581.4,42.4,2.55,0.144,0.055,1.19,,,Ⅱ
2023-05-26T00:00:00+08:00,1685030400,21.1,7.21,5.61,586.7,64.3,2.71,0.134,0.054,1.14,,,Ⅲ
2023-05-26T04:00:00+08:00,1685044800,20.6,7.16,4.86,577.6,53.6,2.71,0.134,0.054,1.14,,,Ⅳ
2023-05-26T08:00:00+08:00,1685059200,20.8,7.17,4.88,578.4,44.1,3.51,0.304,0.063,1.1,,,Ⅳ
2023-05-26T16:00:00+08:00,1685088000,22.3,7.4,7.07,584.9,38.8,2.73,0.182,0.054,1.15,,,Ⅱ
2023-05-26T20:00:00+08:00,1685102400,22.3,7.46,7.64,576.2,35.9,2.49,0.12,0.051,1.1,,,Ⅱ
2023-05-27T00:00:00+08:00,1685116800,22.0,7.24,5.79,566.1,35.4,2.5,0.094,0.048,1.11,,,Ⅲ
2023-05-27T04:00:00+08:00,1685131200,22.1,7.16,4.76,561.8,51.0,2.5,0.094,0.048,1.11,,,Ⅲ
2023-05-27T08:00:00+08:00,1685145600,22.2,7.15,4.73,550.2,49.3,3.26,0.228,0.051,1.08,,,Ⅳ
2023-05-27T12:00:00+08:00,1685160000,23.0,7.26,5.53,557.0,60.0,3.5,0.247,0.056,1.15,,,Ⅲ
2023-05-27T16:00:00+08:00,1685174400,23.3,7.31,6.09,563.4,55.4,3.42,0.338,0.06,1.15,,,Ⅱ
2023-05-27T20:00:00+08:00,1685188800,23.1,7.25,5.65,555.3,55.8,3.01,0.299,0.06,1.15,,,Ⅲ
2023-05-28T00:00:00+08:00,1685203200,22.8,7.16,4.74,557.2,45.9,3.26,0.308,0.058,1.23,,,Ⅳ
2023-05-28T08:00:00+08:00,1685232000,23.4,7.16,4.79,563.8,38.8,3.23,0.165,0.053,1.3,,,Ⅳ
2023-05-28T12:00:00+08:00,1685246400,24.5,7.31,6.08,562.2,37.5,3.02,0.127,0.05,1.23,,,Ⅱ
2023-05-28T16:00:00+08:00,1685260800,25.3,7.47,6.92,563.3,38.8,2.75,0.096,0.05,1.27,,,Ⅱ
2023-05-28T20:00:00+08:00,1685275200,25.0,7.52,7.05,557.9,40.1,2.75,0.1,0.052,1.19,,,Ⅱ
2023-05-29T00:00:00+08:00,1685289600,24.3,7.17,4.6,556.3,49.2,2.95,0.111,0.051,1.21,,,Ⅳ
2023-05-29T04:00:00+08:00,1685304000,24.0,7.15,4.6,561.9,41.8,2.95,0.111,0.051,1.21,,,Ⅳ
2023-05-29T08:00:00+08:00,1685318400,24.6,7.16,4.21,562.4,33.7,3.22,0.192,0.053,1.09,,,Ⅳ
2023-05-29T16:00:00+08:00,1685347200,26.7,7.57,7.39,560.7,35.3,2.76,0.058,0.046,1.11,,,Ⅱ
2023-05-29T20:00:00+08:00,1685361600,25.5,7.37,6.2,558.3,38.0,2.75,0.06,0.046,1.11,,,Ⅱ
2023-05-30T00:00:00+08:00,1685376000,25.0,7.16,4.34,555.4,34.1,2.52,0.104,0.045,1.1,,,Ⅳ
2023-05-30T08:00:00+08:00,1685404800,24.4,7.14,4.46,558.7,31.3,3.0,0.09,0.044,0.98,,,Ⅳ
2023-05-30T12:00:00+08:00,1685419200,25.2,7.23,5.38,555.8,31.8,2.53,0.052,0.045,1.12,,,Ⅲ
2023-05-30T16:00:00+08:00,1685433600,26.0,7.52,7.46,555.8,32.0,2.77,0.05,0.045,1.07,,,Ⅱ
2023-05-30T20:00:00+08:00,1685448000,25.5,7.35,6.1,557.1,37.7,2.72,0.117,0.046,1.06,,,Ⅱ
2023-05-31T00:00:00+08:00,1685462400,25.0,7.2,4.62,557.5,36.7,2.72,0.117,0.046,1.06,,,Ⅱ
2023-05-31T04:00:00+08:00,1685476800,24.4,7.15,4.89,556.7,37.1,2.74,0.122,0.049,1.05,,,Ⅳ
2023-05-31T08:00:00+08:00,1685491200,24.2,7.21,4.73,554.8,42.3,2.74,0.122,0.049,1.05,,,Ⅳ
2023-05-31T12:00:00+08:00,1685505600,24.4,7.17,4.52,556.6,37.5,2.73,0.171,0.05,1.01,,,Ⅳ
2023-05-31T16:00:00+08:00,1685520000,25.1,7.32,5.95,556.6,36.3,2.52,0.112,0.05,1.06,,,Ⅳ
2023-05-31T20:00:00+08:00,1685534400,24.8,7.28,5.82,554.4,36.3,2.74,0.101,0.051,1.09,,,Ⅲ
2023-06-01T00:00:00+08:00,1685548800,24.6,7.18,4.61,550.6,39.1,2.75,0.107,0.053,1.15,,,Ⅲ
2023-06-01T04:00:00+08:00,1685563200,24.2,7.14,4.4,551.3,38.2,2.75,0.176,0.059,1.04,,,Ⅳ
2023-06-01T08:00:00+08:00,1685577600,24.6,7.22,4.83,552.8,42.8,2.75,0.176,0.059,1.04,,,Ⅳ
2023-06-01T12:00:00+08:00,1685592000,25.0,7.26,5.27,561.1,35.9,2.74,0.193,0.058,1.09,,,Ⅲ
2023-06-01T16:00:00+08:00,1685606400,25.5,7.3,5.61,555.6,38.0,2.52,0.096,0.056,1.05,,,Ⅲ
2023-06-02T12:00:00+08:00,1685678400,25.9,7.31,5.47,556.1,44.8,2.52,0.167,0.059,1.03,,,Ⅲ
2023-06-04T00:00:00+08:00,1685808000,24.0,7.36,6.1,578.4,58.8,3.01,0.194,0.064,0.95,,,Ⅲ
2023-06-04T08:00:00+08:00,1685836800,23.2,7.29,5.33,580.2,59.3,2.75,0.232,0.058,0.92,,,Ⅲ
2023-06-04T12:00:00+08:00,1685851200,23.5,7.33,5.75,582.2,64.5,2.77,0.242,0.059,0.93,,,Ⅲ
2023-06-04T16:00:00+08:00,1685865600,24.0,7.39,6.02,580.7,69.4,2.75,0.259,0.06,0.87,,,Ⅱ
2023-06-04T20:00:00+08:00,1685880000,23.4,7.31,5.71,575.5,68.1,3.24,0.346,0.065,0.87,,,Ⅲ
2023-06-05T00:00:00+08:00,1685894400,22.8,7.3,5.53,570.5,75.6,3.5,0.375,0.068,0.84,,,Ⅲ
2023-06-05T08:00:00+08:00,1685923200,23.0,7.31,5.18,583.4,53.7,3.51,0.378,0.067,0.99,,,Ⅲ
2023-06-05T12:00:00+08:00,1685937600,23.0,7.35,5.88,572.6,49.1,2.75,0.258,0.062,0.92,,,Ⅲ
2023-06-05T16:00:00+08:00,1685952000,22.9,7.33,5.76,568.6,46.1,2.51,,0.056,0.95,,,
2023-06-05T20:00:00+08:00,1685966400,22.5,7.27,5.26,565.5,46.7,2.52,0.208,0.052,1.0,,,Ⅲ
2023-06-06T00:00:00+08:00,1685980800,22.2,7.19,4.66,564.3,42.3,2.5,0.176,0.053,1.1,,,Ⅳ
2023-06-06T04:00:00+08:00,1685995200,21.8,7.13,4.44,565.7,37.8,2.5,0.176,0.053,1.1,,,Ⅳ
2023-06-06T08:00:00+08:00,1686009600,21.6,7.14,4.5,572.6,42.4,2.75,0.248,0.052,1.01,,,Ⅳ
2023-06-06T12:00:00+08:00,1686024000,21.7,7.16,4.31,572.5,41.3,2.7,0.205,0.054,1.03,,,Ⅳ
2023-06-06T16:00:00+08:00,1686038400,22.2,7.22,5.28,578.0,37.4,2.67,0.182,0.052,1.1,,,Ⅲ
2023-06-06T20:00:00+08:00,1686052800,22.0,7.27,5.52,578.2,43.7,2.25,0.096,0.051,1.02,,,Ⅲ
2023-06-07T00:00:00+08:00,1686067200,21.8,7.22,5.18,573.5,42.3,2.51,0.157,0.056,1.11,,,Ⅲ
2023-06-07T04:00:00+08:00,1686081600,21.6,7.16,4.62,573.6,39.5,2.51,0.157,0.056,1.11,,,Ⅳ
2023-06-07T08:00:00+08:00,1686096000,21.7,7.15,4.53,572.8,45.7,2.75,0.136,0.059,1.1,,,Ⅳ
2023-06-07T12:00:00+08:00,1686110400,22.5,7.24,5.19,580.1,45.5,3.0,0.184,0.061,1.03,,,Ⅲ
2023-06-07T16:00:00+08:00,1686124800,23.4,7.43,6.64,575.0,44.3,2.74,0.198,0.06,1.03,,,Ⅱ
2023-06-07T20:00:00+08:00,1686139200,24.2,7.53,6.64,572.3,42.8,2.74,0.174,0.067,1.05,,,Ⅱ
2023-06-08T00:00:00+08:00,1686153600,24.0,7.38,5.16,571.3,42.6,2.74,0.232,0.07,0.08,,,Ⅲ
2023-06-08T04:00:00+08:00,1686168000,23.6,7.25,3.36,569.1,42.8,2.74,0.232,0.07,0.08,,,Ⅳ
2023-06-08T12:00:00+08:00,1686196800,24.7,7.58,7.02,573.3,43.8,3.25,0.222,0.061,1.14,,,Ⅱ
2023-06-08T16:00:00+08:00,1686211200,25.8,8.0,9.75,565.3,40.4,3.0,0.23,0.066,1.14,,,Ⅱ
2023-06-08T20:00:00+08:00,1686225600,25.6,7.78,8.68,569.8,39.0,3.03,0.158,0.068,1.12,,,Ⅱ
2023-06-09T00:00:00+08:00,1686240000,25.2,7.44,6.06,566.9,39.2,3.0,0.141,0.063,1.04,,,Ⅱ
2023-06-09T04:00:00+08:00,1686254400,24.8,7.22,3.3,568.4,35.5,3.0,0.141,0.063,1.04,,,Ⅳ
2023-06-09T08:00:00+08:00,1686268800,24.9,7.23,3.4,565.4,37.3,3.01,0.11,0.055,1.04,,,Ⅳ
2023-06-09T12:00:00+08:00,1686283200,26.6,7.97,9.71,574.8,40.8,3.24,0.118,0.057,1.02,,,Ⅱ
2023-06-09T16:00:00+08:00,1686297600,27.6,8.27,12.16,571.1,38.8,3.18,0.158,0.067,1.01,,,Ⅱ
2023-06-10T00:00:00+08:00,1686326400,26.2,7.46,6.17,564.0,52.2,3.01,0.155,0.058,0.91,,,Ⅱ
2023-06-10T04:00:00+08:00,1686340800,25.4,7.27,3.74,561.5,46.8,3.01,0.155,0.058,0.91,,,Ⅳ
2023-06-10T08:00:00+08:00,1686355200,25.5,7.26,4.02,565.2,43.4,3.51,0.229,0.058,0.96,,,Ⅳ
2023-06-10T12:00:00+08:00,1686369600,27.2,7.62,7.48,566.0,39.3,3.5,0.178,0.057,1.0,,,Ⅱ
2023-06-10T16:00:00+08:00,1686384000,28.3,8.3,11.67,560.6,39.4,3.26,0.118,0.052,0.97,,,Ⅱ
2023-06-10T20:00:00+08:00,1686398400,27.5,7.73,8.0,566.9,61.0,3.0,0.124,0.049,0.82,,,Ⅱ
2023-06-11T00:00:00+08:00,1686412800,26.2,7.54,6.3,565.5,56.0,3.76,0.29,0.059,0.8,,,Ⅱ
2023-06-11T04:00:00+08:00,1686427200,25.9,7.36,4.61,565.8,45.0,3.76,0.29,0.059,0.8,,,Ⅳ
2023-06-11T08:00:00+08:00,1686441600,25.9,7.37,4.63,573.5,41.9,3.24,0.215,0.055,0.88,,,Ⅳ
2023-06-11T12:00:00+08:00,1686456000,26.6,7.72,7.78,568.3,41.3,3.45,0.172,0.054,0.96,,,Ⅱ
2023-06-11T16:00:00+08:00,1686470400,27.0,7.95,9.12,564.3,35.5,3.18,0.151,0.051,0.81,,,Ⅱ
2023-06-11T20:00:00+08:00,1686484800,26.6,7.7,8.0,562.0,35.2,3.02,0.15,0.048,0.78,,,Ⅱ
2023-06-12T00:00:00+08:00,1686499200,26.1,7.37,5.4,558.7,35.8,2.99,0.115,0.044,0.82,,,Ⅲ
2023-06-12T04:00:00+08:00,1686513600,25.9,7.43,5.34,567.5,38.1,2.99,0.115,0.044,0.82,,,Ⅲ
2023-06-12T08:00:00+08:00,1686528000,25.8,7.4,5.3,562.0,35.1,2.77,0.182,0.044,0.79,,,Ⅲ
2023-06-13T09:21:00+08:00,1686619260,,,,,,,,,,,,
2023-06-13T13:22:00+08:00,1686633720,,,,,,,,,,,,
2023-06-13T16:00:00+08:00,1686643200,26.8,7.77,9.34,552.2,31.9,,,,,,,
2023-06-13T20:00:00+08:00,1686657600,26.4,7.46,6.3,557.5,36.3,3.49,0.092,0.075,0.84,,,Ⅱ
2023-06-14T00:00:00+08:00,1686672000,25.9,7.23,3.4,553.6,37.9,3.26,0.154,0.071,0.81,,,Ⅳ
2023-06-14T04:00:00+08:00,1686686400,25.6,7.28,3.65,555.1,43.9,3.26,0.154,0.071,0.81,,,Ⅳ
2023-06-14T08:00:00+08:00,1686700800,25.8,7.29,3.8,560.6,40.3,3.21,0.291,0.064,0.98,,,Ⅳ
2023-06-14T12:00:00+08:00,1686715200,27.4,7.56,7.92,557.0,33.2,3.23,0.26,0.062,0.97,,,Ⅱ
2023-06-14T16:00:00+08:00,1686729600,28.1,7.82,9.04,559.9,38.2,,0.26,0.062,0.97,,,
2023-06-14T20:00:00+08:00,1686744000,26.9,7.46,6.26,560.1,56.3,,0.156,0.062,0.9,,,
2023-06-15T00:00:00+08:00,1686758400,26.2,7.3,4.04,554.0,46.7,3.73,0.33,0.072,0.8,,,Ⅳ
2023-06-15T04:00:00+08:00,1686772800,25.8,7.33,4.34,559.4,42.9,3.73,0.33,0.072,0.8,,,Ⅳ
2023-06-15T08:00:00+08:00,1686787200,26.1,7.47,5.83,564.9,38.1,,0.268,0.062,0.85,,,
2023-06-16T12:00:00+08:00,1686888000,27.0,7.87,9.04,567.4,38.4,3.26,0.163,0.063,0.86,,,Ⅱ
2023-06-16T16:00:00+08:00,1686902400,26.8,7.69,8.47,561.6,36.7,3.26,0.163,0.063,0.86,,,Ⅱ
2023-06-16T20:00:00+08:00,1686916800,26.2,7.41,5.94,558.6,49.9,3.26,0.201,0.058,0.89,,,Ⅲ
2023-06-17T00:00:00+08:00,1686931200,25.4,7.3,4.01,567.4,51.4,3.54,0.336,0.067,0.92,,,Ⅳ
2023-06-19T08:00:00+08:00,1687132800,24.3,7.28,3.53,552.3,50.0,3.3,0.405,0.069,1.13,,,Ⅳ
2023-06-19T12:00:00+08:00,1687147200,24.4,7.33,4.23,548.1,52.2,3.05,0.482,0.075,1.06,,,Ⅳ
2023-06-19T16:00:00+08:00,1687161600,25.0,7.38,4.69,548.1,46.1,3.26,0.486,0.08,1.01,,,Ⅳ
2023-06-19T20:00:00+08:00,1687176000,24.9,7.36,4.7,532.6,63.1,3.3,0.372,0.08,1.12,,,Ⅳ
2023-06-20T00:00:00+08:00,1687190400,24.7,7.2,2.9,499.3,45.7,4.01,0.613,0.092,1.04,,,Ⅴ
2023-06-20T04:00:00+08:00,1687204800,24.4,7.12,1.95,490.1,39.7,4.01,0.613,0.092,1.04,,,劣Ⅴ
2023-06-20T12:00:00+08:00,1687233600,25.1,7.3,4.26,517.5,42.5,3.08,0.471,0.078,1.29,,,Ⅳ
2023-06-20T16:00:00+08:00,1687248000,25.8,7.31,4.93,510.8,39.1,3.04,0.381,0.075,1.35,,,Ⅳ
2023-06-20T20:00:00+08:00,1687262400,25.9,7.34,4.69,527.4,45.1,3.54,0.331,0.073,1.71,,,Ⅳ
2023-06-21T00:00:00+08:00,1687276800,25.8,7.24,3.43,533.6,42.7,3.29,0.366,0.078,1.48,,,Ⅳ
2023-06-21T04:00:00+08:00,1687291200,25.5,7.1,1.2,517.0,37.2,3.29,0.366,0.078,1.48,,,劣Ⅴ
2023-06-21T08:00:00+08:00,1687305600,25.8,7.29,3.97,532.4,46.5,3.76,0.349,0.078,1.85,,,Ⅳ
2023-06-21T12:00:00+08:00,1687320000,26.6,7.52,6.41,544.4,45.0,3.29,0.361,0.078,1.35,,,Ⅱ
2023-06-21T16:00:00+08:00,1687334400,28.1,7.54,6.95,537.6,39.0,3.04,0.327,0.078,1.21,,,Ⅱ
2023-06-21T20:00:00+08:00,1687348800,27.4,7.35,5.25,526.1,39.2,3.29,0.202,0.075,1.38,,,Ⅲ
2023-06-22T00:00:00+08:00,1687363200,27.1,7.28,3.95,530.3,42.0,3.56,0.232,0.078,1.56,,,Ⅳ
2023-06-22T04:00:00+08:00,1687377600,26.6,7.11,1.36,524.6,37.1,3.56,0.232,0.078,1.56,,,劣Ⅴ
2023-06-22T08:00:00+08:00,1687392000,26.6,7.25,3.7,529.8,38.4,3.79,0.21,0.08,1.67,,,Ⅳ
2023-06-22T12:00:00+08:00,1687406400,27.8,7.99,10.04,539.8,41.6,3.74,0.184,0.077,1.48,,,Ⅱ
2023-06-22T16:00:00+08:00,1687420800,27.6,7.89,9.72,534.4,40.1,3.48,0.159,0.078,1.13,,,Ⅱ
2023-06-22T20:00:00+08:00,1687435200,27.3,7.41,5.84,532.7,38.8,3.54,0.145,0.076,1.23,,,Ⅲ
2023-06-25T08:00:00+08:00,1687651200,24.3,7.33,4.11,513.7,43.5,2.81,0.377,0.072,1.08,,,Ⅳ
2023-06-25T12:00:00+08:00,1687665600,24.8,7.46,5.31,513.3,46.7,3.04,0.301,0.069,1.07,,,Ⅲ
2023-06-25T16:00:00+08:00,1687680000,25.2,7.48,5.67,516.4,46.1,3.06,0.325,0.072,1.04,,,Ⅲ
2023-06-25T20:00:00+08:00,1687694400,25.3,7.47,5.53,523.6,43.1,3.04,0.356,0.081,1.04,,,Ⅲ
2023-06-26T00:00:00+08:00,1687708800,25.2,7.33,4.13,514.9,39.5,2.99,0.311,0.072,1.06,,,Ⅳ
2023-06-26T04:00:00+08:00,1687723200,24.9,7.26,3.29,517.2,35.9,2.99,0.311,0.072,1.06,,,Ⅳ
2023-06-26T08:00:00+08:00,1687737600,24.9,7.22,2.91,515.2,34.8,2.82,0.228,0.066,1.13,,,Ⅴ
2023-06-26T12:00:00+08:00,1687752000,25.3,7.34,4.42,516.2,37.8,3.04,0.227,0.068,1.12,,,Ⅳ
2023-06-26T16:00:00+08:00,1687766400,25.5,7.48,5.74,515.3,40.2,3.0,0.244,0.069,1.12,,,Ⅲ
2023-06-26T20:00:00+08:00,1687780800,25.5,7.45,5.49,514.8,38.7,3.01,0.264,0.072,1.15,,,Ⅲ
2023-06-27T00:00:00+08:00,1687795200,25.3,7.34,4.23,515.8,36.1,3.04,0.225,0.071,1.15,,,Ⅳ
2023-06-27T04:00:00+08:00,1687809600,25.2,7.29,3.76,518.8,35.0,3.04,0.225,0.071,1.15,,,Ⅳ
2023-06-27T08:00:00+08:00,1687824000,25.3,7.29,4.01,513.1,35.0,2.96,0.208,0.068,1.16,,,Ⅳ
2023-06-27T12:00:00+08:00,1687838400,26.1,7.49,6.29,510.5,37.1,3.04,0.189,0.068,1.15,,,Ⅱ
2023-06-27T16:00:00+08:00,1687852800,27.1,7.65,7.71,513.5,37.8,3.2,0.202,0.072,1.13,,,Ⅱ
2023-06-27T20:00:00+08:00,1687867200,27.0,7.5,6.41,513.4,37.3,3.04,0.205,0.071,1.2,,,Ⅱ
2023-06-28T00:00:00+08:00,1687881600,26.6,7.25,3.65,511.2,34.3,3.04,0.183,0.071,1.18,,,Ⅳ
2023-06-28T04:00:00+08:00,1687896000,26.2,7.2,2.73,505.3,34.9,3.04,0.183,0.071,1.18,,,Ⅴ
2023-06-28T08:00:00+08:00,1687910400,26.5,7.36,4.57,504.7,37.3,2.8,0.171,0.068,1.2,,,Ⅳ
2023-06-28T12:00:00+08:00,1687924800,27.8,7.83,8.65,503.0,41.8,3.05,0.18,0.071,1.14,,,Ⅱ
2023-06-28T16:00:00+08:00,1687939200,28.5,7.95,9.6,503.3,38.1,3.28,0.214,0.076,1.1,,,Ⅱ
2023-06-28T20:00:00+08:00,1687953600,28.3,7.84,8.59,497.3,40.6,3.22,0.169,0.07,1.07,,,Ⅱ
2023-06-29T00:00:00+08:00,1687968000,27.9,7.4,5.25,497.7,42.0,3.31,0.219,0.073,1.04,,,Ⅲ
2023-06-29T04:00:00+08:00,1687982400,27.6,7.28,3.85,501.2,39.0,3.31,0.219,0.073,1.04,,,Ⅳ
2023-06-29T08:00:00+08:00,1687996800,27.6,7.36,4.95,497.5,37.9,3.06,0.234,0.067,1.04,,,Ⅳ
2023-06-29T12:00:00+08:00,1688011200,28.9,7.78,8.83,499.2,36.5,3.04,0.188,0.061,1.04,,,Ⅱ
2023-06-29T16:00:00+08:00,1688025600,29.4,8.04,9.61,497.1,38.8,3.29,0.138,0.062,1.02,,,Ⅱ
2023-06-29T20:00:00+08:00,1688040000,28.9,7.64,7.05,496.0,40.1,3.3,0.176,0.065,0.9,,,Ⅱ
2023-06-30T00:00:00+08:00,1688054400,28.7,7.26,3.73,491.7,32.9,3.3,0.214,0.062,0.93,,,Ⅳ
2023-06-30T04:00:00+08:00,1688068800,28.6,7.34,4.13,496.5,37.4,3.3,0.214,0.062,0.93,,,Ⅳ
2023-06-30T08:00:00+08:00,1688083200,28.4,7.34,4.0,497.7,38.7,3.04,0.239,0.06,0.96,,,Ⅳ
2023-06-30T12:00:00+08:00,1688097600,28.3,7.39,4.74,497.2,38.6,3.3,0.242,0.062,0.89,,,Ⅳ
2023-06-30T16:00:00+08:00,1688112000,28.2,7.44,5.04,491.8,40.0,3.05,0.228,0.063,0.9,,,Ⅲ
2023-06-30T20:00:00+08:00,1688126400,27.8,7.21,2.85,492.1,35.9,3.03,0.263,0.066,0.88,,,Ⅴ
2023-07-01T00:00:00+08:00,1688140800,27.5,7.4,4.45,482.4,51.7,3.05,0.225,0.075,0.96,,,Ⅳ
2023-07-01T04:00:00+08:00,1688155200,27.3,7.32,3.75,491.5,44.8,3.05,0.225,0.075,0.96,,,Ⅳ
2023-07-01T08:00:00+08:00,1688169600,27.4,7.36,4.17,493.1,42.1,3.06,0.385,0.076,0.87,,,Ⅳ
2023-07-01T12:00:00+08:00,1688184000,28.3,7.47,5.28,486.4,41.8,3.05,0.341,0.071,0.94,,,Ⅲ
2023-07-01T16:00:00+08:00,1688198400,29.2,7.52,5.64,492.6,43.7,3.04,0.323,0.071,0.91,,,Ⅲ
2023-07-01T20:00:00+08:00,1688212800,29.2,7.4,4.81,494.4,41.6,3.04,0.335,0.078,0.91,,,Ⅳ
2023-07-02T00:00:00+08:00,1688227200,28.8,7.19,2.4,500.0,38.6,3.04,0.317,0.074,0.93,,,Ⅴ
2023-07-02T04:00:00+08:00,1688241600,28.6,7.24,2.93,490.4,39.7,3.04,0.317,0.074,0.93,,,Ⅴ
2023-07-02T08:00:00+08:00,1688256000,28.8,7.3,3.8,492.2,47.0,2.79,0.302,0.076,0.93,,,Ⅳ
2023-07-02T12:00:00+08:00,1688270400,29.9,7.48,5.51,494.5,42.7,3.04,0.406,0.074,0.96,,,Ⅲ
2023-07-02T16:00:00+08:00,1688284800,30.4,7.52,6.12,490.1,41.2,3.28,0.308,0.072,0.88,,,Ⅱ
2023-07-02T20:00:00+08:00,1688299200,29.6,7.29,4.04,489.2,43.1,3.3,0.253,0.092,0.94,,,Ⅳ
2023-07-03T00:00:00+08:00,1688313600,29.0,7.23,3.18,486.4,41.6,3.05,0.242,0.081,0.94,,,Ⅳ
2023-07-03T04:00:00+08:00,1688328000,29.0,7.35,4.35,487.3,45.2,3.05,0.242,0.081,0.94,,,Ⅳ
2023-07-03T08:00:00+08:00,1688342400,29.0,7.34,4.49,486.3,41.3,3.24,0.315,0.083,0.92,,,Ⅳ
2023-07-03T12:00:00+08:00,1688356800,30.1,7.49,6.05,485.8,38.3,3.28,0.29,0.077,1.04,,,Ⅱ
2023-07-03T16:00:00+08:00,1688371200,30.6,7.76,7.71,486.3,40.6,3.05,0.165,0.074,0.92,,,Ⅱ
2023-07-03T20:00:00+08:00,1688385600,30.4,7.46,5.69,487.3,40.0,3.3,0.184,0.079,0.97,,,Ⅲ
2023-07-04T00:00:00+08:00,1688400000,29.9,7.27,4.14,493.0,40.1,3.29,0.184,0.08,0.99,,,Ⅳ
2023-07-04T04:00:00+08:00,1688414400,29.6,7.3,3.53,499.4,43.7,3.29,0.184,0.08,0.99,,,Ⅳ
2023-07-04T08:00:00+08:00,1688428800,29.9,7.34,4.57,491.0,43.7,3.3,0.274,0.087,1.14,,,Ⅳ
2023-07-04T12:00:00+08:00,1688443200,30.7,7.56,6.71,490.4,42.3,3.3,0.272,0.082,0.98,,,Ⅱ
2023-07-04T16:00:00+08:00,1688457600,31.0,7.73,8.04,491.4,39.4,3.29,0.192,0.081,0.98,,,Ⅱ
2023-07-04T20:00:00+08:00,1688472000,30.9,7.49,5.95,496.3,40.8,3.26,0.138,0.078,0.94,,,Ⅲ
2023-07-05T00:00:00+08:00,1688486400,30.3,7.24,3.67,492.4,36.4,3.28,0.18,0.081,1.02,,,Ⅳ
2023-07-05T04:00:00+08:00,1688500800,29.9,7.28,3.64,499.8,41.0,3.28,0.18,0.081,1.02,,,Ⅳ
2023-07-05T08:00:00+08:00,1688515200,29.6,7.3,3.97,492.6,41.8,3.3,0.225,0.086,1.14,,,Ⅳ
2023-07-05T12:00:00+08:00,1688529600,29.6,7.33,4.25,491.1,45.8,3.29,0.265,0.085,1.05,,,Ⅳ
2023-07-05T16:00:00+08:00,1688544000,30.2,7.54,6.51,491.3,41.3,3.29,0.295,0.086,1.0,,,Ⅱ
2023-07-05T20:00:00+08:00,1688558400,30.0,7.4,5.41,494.2,40.9,3.29,0.198,0.084,0.94,,,Ⅲ
2023-07-06T00:00:00+08:00,1688572800,29.5,7.29,4.03,500.1,42.1,3.2,0.217,0.081,0.96,,,Ⅳ
2023-07-06T04:00:00+08:00,1688587200,29.3,7.23,3.31,489.5,38.7,3.05,0.238,0.082,0.91,,,Ⅳ
2023-07-06T12:00:00+08:00,1688616000,29.9,7.42,5.26,494.0,41.8,3.28,0.256,0.082,0.93,,,Ⅲ
2023-07-06T16:00:00+08:00,1688630400,31.1,7.63,7.29,497.7,38.5,3.26,0.242,0.08,0.89,,,Ⅱ
2023-07-06T20:00:00+08:00,1688644800,30.8,7.49,6.08,498.9,42.1,3.3,0.157,0.083,0.92,,,Ⅱ
2023-07-07T00:00:00+08:00,1688659200,30.4,7.22,3.3,498.8,38.8,3.29,0.23,0.078,0.89,,,Ⅳ
2023-07-07T04:00:00+08:00,1688673600,30.0,7.24,3.87,501.1,38.9,3.29,0.23,0.078,0.89,,,Ⅳ
2023-07-07T08:00:00+08:00,1688688000,30.0,7.32,4.41,494.3,39.4,3.04,0.217,0.075,0.87,,,Ⅳ
2023-07-07T12:00:00+08:00,1688702400,30.5,7.38,5.34,501.7,41.1,3.29,0.235,0.075,0.88,,,Ⅲ
2023-07-07T20:00:00+08:00,1688731200,30.4,7.29,4.35,506.0,38.5,3.05,0.218,0.074,0.89,,,Ⅳ
2023-07-08T00:00:00+08:00,1688745600,30.1,7.26,3.72,502.6,37.6,3.04,0.178,0.073,0.96,,,Ⅳ
2023-07-08T04:00:00+08:00,1688760000,29.9,7.24,3.49,504.3,38.2,3.04,0.178,0.073,0.96,,,Ⅳ
2023-07-08T08:00:00+08:00,1688774400,29.8,7.28,3.99,505.6,39.5,3.04,0.217,0.072,0.96,,,Ⅳ
2023-07-08T12:00:00+08:00,1688788800,29.8,7.29,3.97,503.3,41.8,3.04,0.247,0.073,0.97,,,Ⅳ
2023-07-08T16:00:00+08:00,1688803200,29.8,7.24,3.55,503.9,38.8,2.76,0.282,0.075,0.95,,,Ⅳ
2023-07-08T20:00:00+08:00,1688817600,29.6,7.26,4.67,508.7,62.6,2.76,0.216,0.076,0.97,,,Ⅳ
2023-07-09T00:00:00+08:00,1688832000,29.4,7.24,3.1,503.8,63.4,2.71,0.231,0.082,1.03,,,Ⅳ
2023-07-09T04:00:00+08:00,1688846400,29.3,7.26,3.21,509.9,63.7,2.71,0.231,0.082,1.03,,,Ⅳ
2023-07-09T08:00:00+08:00,1688860800,29.4,7.26,2.89,505.1,66.4,3.01,0.267,0.084,1.04,,,Ⅴ
2023-07-09T12:00:00+08:00,1688875200,29.5,7.29,3.68,506.7,64.6,3.28,0.349,0.095,1.11,,,Ⅳ
2023-07-09T16:00:00+08:00,1688889600,29.8,7.3,3.9,507.3,65.5,3.04,0.309,0.088,1.06,,,Ⅳ
2023-07-09T20:00:00+08:00,1688904000,29.5,7.28,4.01,510.6,64.3,3.28,0.291,0.091,1.06,,,Ⅳ
2023-07-10T00:00:00+08:00,1688918400,29.3,7.22,2.54,501.3,62.0,3.25,0.256,0.092,1.03,,,Ⅴ
2023-07-10T04:00:00+08:00,1688932800,29.0,7.18,1.97,501.2,60.7,3.25,0.256,0.092,1.03,,,劣Ⅴ
2023-07-10T08:00:00+08:00,1688947200,29.3,7.26,3.12,503.3,63.9,3.27,0.28,0.098,1.08,,,Ⅳ
2023-07-10T12:00:00+08:00,1688961600,28.9,7.29,3.58,502.2,67.1,3.3,0.319,0.103,1.04,,,Ⅳ
2023-07-10T16:00:00+08:00,1688976000,28.7,7.36,4.9,496.0,74.1,3.31,0.318,0.105,1.02,,,Ⅳ
2023-07-10T20:00:00+08:00,1688990400,28.5,7.3,3.31,496.3,76.9,3.53,0.413,0.107,0.93,,,Ⅳ
2023-07-11T00:00:00+08:00,1689004800,28.2,7.28,2.61,502.6,72.5,3.3,0.401,0.11,1.06,,,Ⅴ
2023-07-11T04:00:00+08:00,1689019200,28.1,7.23,2.16,506.1,70.9,3.3,0.401,0.11,1.06,,,Ⅴ
2023-07-11T08:00:00+08:00,1689033600,28.3,7.27,2.71,499.7,66.7,3.55,0.6,0.127,1.26,,,Ⅴ
2023-07-11T12:00:00+08:00,1689048000,29.4,7.4,4.67,503.2,66.8,3.3,0.462,0.124,1.17,,,Ⅳ
2023-07-11T16:00:00+08:00,1689062400,30.5,7.4,5.15,499.1,60.9,3.05,0.371,0.116,1.04,,,Ⅲ
2023-07-11T20:00:00+08:00,1689076800,29.9,7.35,4.54,493.1,68.2,3.29,0.252,0.111,1.06,,,Ⅳ
2023-07-12T00:00:00+08:00,1689091200,29.5,7.21,2.48,505.4,77.0,3.28,0.376,0.114,1.0,,,Ⅴ
2023-07-12T04:00:00+08:00,1689105600,29.0,7.18,2.42,499.9,70.3,3.28,0.376,0.114,1.0,,,Ⅴ
2023-07-12T08:00:00+08:00,1689120000,29.4,7.28,3.05,496.5,72.5,3.54,0.33,0.11,1.07,,,Ⅳ
2023-07-12T12:00:00+08:00,1689134400,30.9,7.53,6.04,496.8,68.7,3.28,0.401,0.114,0.96,,,Ⅲ
2023-07-12T16:00:00+08:00,1689148800,31.8,7.76,8.18,493.8,64.5,3.26,0.29,0.114,0.97,,,Ⅲ
2023-07-12T20:00:00+08:00,1689163200,31.1,7.37,4.84,487.8,74.4,3.25,0.174,0.107,0.91,,,Ⅳ
2023-07-13T00:00:00+08:00,1689177600,30.7,7.45,5.35,500.2,76.4,3.52,0.264,0.112,0.9,,,Ⅲ
2023-07-13T04:00:00+08:00,1689192000,30.4,7.35,4.17,494.5,68.0,3.52,0.264,0.112,0.9,,,Ⅳ
2023-07-13T08:00:00+08:00,1689206400,30.5,7.37,4.6,493.1,61.8,3.54,0.241,0.106,0.96,,,Ⅳ
2023-07-13T12:00:00+08:00,1689220800,31.2,7.6,6.87,495.1,61.3,3.54,0.175,0.099,0.91,,,Ⅱ
2023-07-13T16:00:00+08:00,1689235200,31.0,7.57,7.5,490.2,60.0,3.53,0.112,0.097,0.81,,,Ⅱ
2023-07-13T20:00:00+08:00,1689249600,30.6,7.28,5.26,476.0,60.6,3.78,0.115,0.099,0.89,,,Ⅲ
2023-07-14T00:00:00+08:00,1689264000,30.2,7.26,3.84,483.1,68.8,4.7,0.18,0.105,1.06,,,Ⅳ
2023-07-14T04:00:00+08:00,1689278400,30.2,7.38,4.88,490.0,68.0,4.7,0.18,0.105,1.06,,,Ⅳ
2023-07-14T08:00:00+08:00,1689292800,30.3,7.33,4.19,487.6,63.6,3.8,0.264,0.105,0.89,,,Ⅳ
2023-07-14T12:00:00+08:00,1689307200,31.8,7.6,7.18,488.8,61.6,3.78,0.151,0.094,0.87,,,Ⅲ
2023-07-14T16:00:00+08:00,1689321600,32.4,7.45,6.77,482.2,58.9,3.78,0.151,0.094,0.87,,,Ⅱ
2023-07-14T20:00:00+08:00,1689336000,31.6,7.65,7.29,489.8,76.4,4.01,0.23,0.1,0.82,,,Ⅲ
2023-07-15T00:00:00+08:00,1689350400,30.8,7.2,3.16,483.1,76.1,4.01,0.23,0.1,0.82,,,Ⅳ
2023-07-15T04:00:00+08:00,1689364800,30.7,7.35,4.36,498.5,66.7,3.77,0.237,0.093,0.93,,,Ⅳ
2023-07-15T08:00:00+08:00,1689379200,31.1,7.4,4.92,491.8,64.6,3.53,0.177,0.088,0.85,,,Ⅳ
2023-07-15T12:00:00+08:00,1689393600,32.3,7.66,7.6,488.9,61.8,3.69,0.12,0.086,0.79,,,Ⅱ
2023-07-15T16:00:00+08:00,1689408000,32.6,7.67,7.21,493.8,65.9,3.53,0.183,0.09,0.9,,,Ⅱ
2023-07-15T20:00:00+08:00,1689422400,31.7,7.63,6.94,490.7,65.3,3.74,0.199,0.087,0.85,,,Ⅱ
2023-07-16T00:00:00+08:00,1689436800,31.0,7.12,2.45,485.4,57.7,3.74,0.199,0.087,0.85,,,Ⅴ
2023-07-16T04:00:00+08:00,1689451200,30.6,7.28,3.79,492.1,63.5,3.79,0.234,0.081,0.93,,,Ⅳ
2023-07-16T08:00:00+08:00,1689465600,30.5,7.42,5.71,495.4,59.6,3.29,0.177,0.074,0.74,,,Ⅲ
2023-07-16T12:00:00+08:00,1689480000,31.5,7.31,4.75,491.6,56.5,3.78,0.154,0.074,0.85,,,Ⅳ
2023-07-16T16:00:00+08:00,1689494400,32.0,7.38,5.31,483.1,62.3,4.29,0.246,0.088,0.98,,,Ⅲ
2023-07-16T20:00:00+08:00,1689508800,30.7,7.28,3.68,487.2,46.1,3.78,0.254,0.084,1.02,,,Ⅳ
2023-07-17T00:00:00+08:00,1689523200,30.1,7.14,1.84,481.3,54.1,3.78,0.254,0.084,1.02,,,劣Ⅴ
2023-07-17T04:00:00+08:00,1689537600,29.9,7.24,3.35,484.9,47.9,3.96,0.353,0.093,1.05,,,Ⅳ
2023-07-17T08:00:00+08:00,1689552000,30.1,7.4,4.49,489.9,48.3,3.54,0.314,0.09,0.94,,,Ⅳ
2023-07-17T12:00:00+08:00,1689566400,30.8,7.42,4.73,489.0,47.6,3.55,0.25,0.087,0.92,,,Ⅳ
2023-07-17T16:00:00+08:00,1689580800,31.6,7.35,4.44,488.3,47.4,4.03,0.262,0.09,1.03,,,Ⅳ
2023-07-17T20:00:00+08:00,1689595200,30.9,7.25,3.42,483.7,48.3,3.8,0.299,0.091,1.0,,,Ⅳ
2023-07-18T00:00:00+08:00,1689609600,30.2,7.08,1.1,481.0,41.5,3.8,0.299,0.091,1.0,,,劣Ⅴ
2023-07-18T04:00:00+08:00,1689624000,29.9,7.1,0.99,482.1,39.7,4.21,0.418,0.094,1.34,,,劣Ⅴ
2023-07-18T08:00:00+08:00,1689638400,30.1,7.35,4.19,493.7,45.2,3.28,0.259,0.088,0.95,,,Ⅳ
2023-07-18T12:00:00+08:00,1689652800,30.6,7.31,3.84,486.4,43.4,3.27,0.229,0.088,0.93,,,Ⅳ
2023-07-18T16:00:00+08:00,1689667200,31.3,7.36,4.87,488.5,43.4,3.53,0.239,0.096,1.02,,,Ⅳ
2023-07-18T20:00:00+08:00,1689681600,30.9,7.42,5.02,483.2,44.8,3.53,0.226,0.092,0.97,,,Ⅲ
2023-07-19T00:00:00+08:00,1689696000,30.5,7.46,5.3,488.9,45.7,3.53,0.226,0.092,0.97,,,Ⅲ
2023-07-19T04:00:00+08:00,1689710400,30.2,7.22,2.81,489.9,43.3,3.54,0.267,0.094,1.06,,,Ⅴ
2023-07-19T08:00:00+08:00,1689724800,30.1,7.32,3.8,490.5,44.7,3.29,0.237,0.089,0.87,,,Ⅳ
2023-07-19T12:00:00+08:00,1689739200,30.6,7.47,5.55,491.7,44.4,3.27,0.188,0.086,0.82,,,Ⅲ
2023-07-19T16:00:00+08:00,1689753600,30.9,7.42,5.16,484.9,44.4,3.22,0.217,0.085,0.83,,,Ⅲ
2023-07-19T20:00:00+08:00,1689768000,30.2,7.34,4.39,486.1,50.3,3.54,0.264,0.096,0.95,,,Ⅳ
2023-07-20T00:00:00+08:00,1689782400,29.6,7.26,3.02,485.8,49.5,3.54,0.264,0.096,0.95,,,Ⅳ
2023-07-20T04:00:00+08:00,1689796800,29.5,7.28,3.32,486.0,50.0,3.54,0.313,0.098,1.0,,,Ⅳ
2023-07-20T08:00:00+08:00,1689811200,29.3,7.32,3.68,486.2,55.2,3.54,0.368,0.104,0.92,,,Ⅳ
2023-07-20T12:00:00+08:00,1689825600,29.4,7.35,3.94,487.0,46.8,3.29,0.294,0.096,0.93,,,Ⅳ
2023-07-20T16:00:00+08:00,1689840000,29.5,7.34,3.98,478.4,49.3,3.28,0.28,0.092,1.02,,,Ⅳ
2023-07-20T20:00:00+08:00,1689854400,29.3,7.28,3.22,480.6,45.6,3.3,0.33,0.099,1.09,,,Ⅳ
2023-07-21T00:00:00+08:00,1689868800,29.0,7.18,1.97,479.6,44.0,3.3,0.33,0.099,1.09,,,劣Ⅴ
2023-07-21T04:00:00+08:00,1689883200,29.0,7.1,1.27,481.3,39.1,4.03,0.45,0.11,1.29,,,劣Ⅴ
2023-07-21T08:00:00+08:00,1689897600,29.3,7.35,3.91,483.2,47.3,3.27,0.325,0.105,0.99,,,Ⅳ
2023-07-21T12:00:00+08:00,1689912000,30.0,7.41,4.48,482.3,45.4,3.26,0.284,0.102,0.99,,,Ⅳ
2023-07-21T16:00:00+08:00,1689926400,30.6,7.31,3.85,480.7,45.0,3.48,0.281,0.103,1.09,,,Ⅳ
2023-07-21T20:00:00+08:00,1689940800,29.5,7.38,4.67,455.0,56.5,3.69,0.41,0.109,1.01,,,Ⅳ
2023-07-22T00:00:00+08:00,1689955200,29.0,7.23,2.9,460.0,49.0,3.69,0.41,0.109,1.01,,,Ⅴ
2023-07-22T04:00:00+08:00,1689969600,28.8,7.33,3.74,455.2,52.4,3.29,0.403,0.106,1.08,,,Ⅳ
2023-07-22T08:00:00+08:00,1689984000,28.9,7.32,3.64,462.6,48.5,3.29,0.393,0.105,1.19,,,Ⅳ
2023-07-22T12:00:00+08:00,1689998400,29.2,7.34,4.18,465.6,50.5,3.29,0.365,0.104,1.09,,,Ⅳ
2023-07-22T16:00:00+08:00,1690012800,30.0,7.46,5.36,458.5,47.3,3.3,,0.103,1.03,,,
2023-07-22T20:00:00+08:00,1690027200,29.4,7.36,4.18,438.8,51.6,3.29,0.321,0.108,1.17,,,Ⅳ
2023-07-23T00:00:00+08:00,1690041600,29.0,7.32,3.86,446.2,47.0,3.29,0.321,0.108,1.17,,,Ⅳ
2023-07-23T04:00:00+08:00,1690056000,28.8,7.29,3.45,443.6,48.2,3.25,0.362,0.112,1.22,,,Ⅳ
2023-07-23T08:00:00+08:00,1690070400,28.8,7.32,3.83,442.7,47.0,3.24,0.316,0.11,1.19,,,Ⅳ
2023-07-23T12:00:00+08:00,1690084800,29.6,7.42,5.27,447.1,44.5,3.25,0.251,0.107,1.09,,,Ⅲ
2023-07-23T16:00:00+08:00,1690099200,30.4,7.57,6.8,449.4,44.4,3.07,0.166,0.103,1.0,,,Ⅲ
2023-07-23T20:00:00+08:00,1690113600,30.1,7.52,6.46,455.3,45.1,3.27,0.149,0.101,0.92,,,Ⅲ
2023-07-24T00:00:00+08:00,1690128000,29.7,7.32,4.46,446.0,43.5,3.27,0.149,0.101,0.92,,,Ⅳ
2023-07-24T04:00:00+08:00,1690142400,29.3,7.33,4.02,443.0,45.6,3.28,0.272,0.108,1.16,,,Ⅳ
2023-07-24T08:00:00+08:00,1690156800,29.3,7.31,4.05,439.7,46.6,3.28,0.26,0.107,1.11,,,Ⅳ
2023-07-24T12:00:00+08:00,1690171200,30.0,7.41,5.33,443.0,45.9,3.28,0.245,0.107,1.08,,,Ⅲ
2023-07-24T16:00:00+08:00,1690185600,30.9,7.74,8.44,444.3,43.8,3.29,0.123,0.1,0.94,,,Ⅱ
2023-07-24T20:00:00+08:00,1690200000,30.4,7.58,6.88,446.6,42.7,3.54,0.248,0.105,0.98,,,Ⅲ
2023-07-25T00:00:00+08:00,1690214400,29.6,7.31,4.34,443.6,49.7,3.54,0.248,0.105,0.98,,,Ⅳ
2023-07-25T04:00:00+08:00,1690228800,29.2,7.3,4.33,442.4,46.6,3.56,0.374,0.106,1.13,,,Ⅳ
2023-07-25T08:00:00+08:00,1690243200,29.4,7.32,4.09,432.1,48.1,3.69,0.381,0.111,1.2,,,Ⅳ
2023-07-25T12:00:00+08:00,1690257600,30.3,7.41,5.66,434.8,43.0,3.28,0.025,0.104,1.15,,,Ⅲ
2023-07-25T16:00:00+08:00,1690272000,31.2,7.48,6.24,449.2,45.0,3.77,0.025,0.098,1.05,,,Ⅱ
2023-07-25T20:00:00+08:00,1690286400,30.4,7.34,4.45,445.2,84.9,4.72,0.025,0.117,0.93,,,Ⅳ
2023-07-26T00:00:00+08:00,1690300800,29.8,7.42,4.96,447.6,60.3,4.72,0.025,0.117,0.93,,,Ⅳ
2023-07-26T04:00:00+08:00,1690315200,29.2,7.41,4.75,450.7,66.6,4.02,0.025,0.107,0.85,,,Ⅳ
2023-07-26T12:00:00+08:00,1690344000,30.2,7.42,4.72,433.8,57.3,3.94,0.334,0.104,0.99,,,Ⅳ
2023-07-26T16:00:00+08:00,1690358400,30.6,7.42,4.66,439.0,79.1,4.53,0.439,0.108,0.91,,,Ⅳ
2023-07-26T20:00:00+08:00,1690372800,29.9,7.44,4.63,441.3,82.2,4.79,0.395,0.117,0.78,,,Ⅳ
2023-07-27T00:00:00+08:00,1690387200,29.4,7.49,4.77,444.0,62.3,4.79,0.395,0.117,0.78,,,Ⅳ
2023-07-27T04:00:00+08:00,1690401600,29.1,7.46,4.6,446.3,62.9,4.03,,0.11,0.9,,,
2023-07-27T08:00:00+08:00,1690416000,29.0,7.45,4.45,443.7,62.3,4.28,0.353,0.114,0.89,,,Ⅳ
2023-07-27T12:00:00+08:00,1690430400,29.6,7.45,4.6,447.0,65.3,4.26,0.388,0.113,0.93,,,Ⅳ
2023-07-27T16:00:00+08:00,1690444800,29.8,7.46,5.44,446.7,70.8,4.54,0.339,0.117,0.86,,,Ⅲ
2023-07-27T20:00:00+08:00,1690459200,29.2,7.45,5.06,448.8,68.9,4.26,0.444,0.113,0.87,,,Ⅲ
2023-07-28T00:00:00+08:00,1690473600,28.5,7.36,3.67,448.4,67.2,4.26,0.444,0.113,0.87,,,Ⅳ
2023-07-28T04:00:00+08:00,1690488000,28.5,7.43,4.64,446.4,47.7,3.73,0.34,0.106,0.94,,,Ⅳ
2023-07-28T08:00:00+08:00,1690502400,28.2,7.42,4.54,447.3,71.4,4.04,0.458,0.114,0.81,,,Ⅳ
2023-07-28T12:00:00+08:00,1690516800,28.4,7.41,4.41,447.2,97.6,4.79,0.479,0.129,0.78,,,Ⅳ
2023-07-28T16:00:00+08:00,1690531200,28.4,7.41,4.49,450.3,121.4,5.25,0.581,0.139,0.75,,,Ⅳ
2023-07-28T20:00:00+08:00,1690545600,28.1,7.4,4.37,444.4,119.2,5.43,0.582,0.147,0.78,,,Ⅳ
2023-07-29T00:00:00+08:00,1690560000,27.8,7.4,4.54,442.4,270.2,5.43,0.582,0.147,0.78,,,Ⅳ
2023-07-29T04:00:00+08:00,1690574400,27.5,7.42,4.63,442.6,229.1,,0.794,0.185,0.42,,,
2023-07-29T08:00:00+08:00,1690588800,27.3,7.43,4.72,445.3,185.0,6.77,0.774,0.168,0.52,,,Ⅳ
2023-07-29T12:00:00+08:00,1690603200,27.7,7.45,4.92,446.6,221.8,,0.808,0.174,0.44,,,
2023-07-29T16:00:00+08:00,1690617600,27.8,7.47,5.0,452.4,190.1,,0.792,0.166,0.44,,,
2023-07-29T20:00:00+08:00,1690632000,27.5,7.47,5.06,450.0,156.6,5.3,0.649,0.145,0.6,,,Ⅲ
2023-07-30T00:00:00+08:00,1690646400,27.3,7.44,5.13,445.5,86.4,5.3,0.649,0.145,0.6,,,Ⅲ
2023-07-30T04:00:00+08:00,1690660800,27.1,7.41,4.47,446.5,150.0,5.42,0.706,0.152,0.65,,,Ⅳ
2023-07-30T08:00:00+08:00,1690675200,27.2,7.46,4.95,450.6,93.7,4.51,0.515,0.139,0.74,,,Ⅳ
2023-07-30T12:00:00+08:00,1690689600,29.0,7.46,4.61,449.1,112.4,5.04,0.608,0.142,0.7,,,Ⅳ
2023-07-30T16:00:00+08:00,1690704000,29.0,7.55,5.49,453.1,73.1,,0.608,0.132,4.12,,,
2023-07-30T20:00:00+08:00,1690718400,28.8,7.41,4.24,458.4,77.2,5.04,,0.125,0.85,,,
2023-07-31T00:00:00+08:00,1690732800,27.7,7.41,4.44,453.2,83.2,5.04,,0.125,0.85,,,
2023-07-31T04:00:00+08:00,1690747200,27.4,7.44,4.72,452.4,74.6,3.52,0.578,0.124,0.9,,,Ⅳ
2023-07-31T08:00:00+08:00,1690761600,27.8,7.52,5.37,457.5,68.0,3.05,0.596,0.12,0.91,,,Ⅲ
2023-07-31T12:00:00+08:00,1690776000,29.4,7.51,5.12,458.8,61.4,3.46,0.42,0.116,0.97,,,Ⅲ
2023-07-31T16:00:00+08:00,1690790400,29.9,7.55,5.37,460.2,53.8,3.01,0.331,0.107,0.96,,,Ⅲ
2023-07-31T20:00:00+08:00,1690804800,29.4,7.51,5.0,457.7,64.0,3.51,0.379,0.11,0.92,,,Ⅲ
2023-08-01T00:00:00+08:00,1690819200,28.3,7.46,4.61,456.6,65.0,3.51,0.379,0.11,0.92,,,Ⅳ
2023-08-01T04:00:00+08:00,1690833600,28.2,7.43,4.22,459.2,48.9,3.03,0.34,0.11,1.04,,,Ⅳ
2023-08-01T08:00:00+08:00,1690848000,28.3,7.49,4.98,463.4,46.6,2.95,0.308,0.108,0.97,,,Ⅳ
2023-08-01T12:00:00+08:00,1690862400,28.6,7.51,5.34,455.9,61.6,3.28,0.346,0.115,1.0,,,Ⅲ
2023-08-01T16:00:00+08:00,1690876800,29.0,7.55,5.71,460.5,52.8,3.26,0.275,0.108,0.89,,,Ⅲ
2023-08-01T20:00:00+08:00,1690891200,28.5,7.52,5.44,462.6,67.0,3.5,0.343,0.114,0.86,,,Ⅲ
2023-08-02T00:00:00+08:00,1690905600,28.4,7.5,5.06,458.8,49.2,3.5,0.343,0.114,0.86,,,Ⅲ
2023-08-02T04:00:00+08:00,1690920000,28.3,7.45,4.68,462.4,45.9,2.79,0.271,0.102,0.94,,,Ⅳ
2023-08-02T08:00:00+08:00,1690934400,28.5,7.44,4.54,459.1,43.0,2.68,0.271,0.099,0.98,,,Ⅳ
2023-08-02T12:00:00+08:00,1690948800,29.4,7.44,4.71,464.6,38.4,2.53,0.212,0.098,1.0,,,Ⅳ
2023-08-02T16:00:00+08:00,1690963200,29.8,7.5,5.13,463.4,45.3,2.52,0.227,0.102,0.92,,,Ⅲ
2023-08-02T20:00:00+08:00,1690977600,29.4,7.55,5.58,457.5,45.2,,0.212,0.1,0.93,,,
2023-08-03T00:00:00+08:00,1690992000,28.8,7.44,4.42,465.8,40.5,,0.212,0.1,0.93,,,
2023-08-03T04:00:00+08:00,1691006400,28.5,7.44,4.5,458.5,43.1,2.27,,0.097,0.93,,,
2023-08-03T08:00:00+08:00,1691020800,28.8,7.45,4.94,461.7,39.2,2.26,0.213,0.094,0.96,,,Ⅳ
2023-08-03T12:00:00+08:00,1691035200,29.8,7.48,5.28,466.2,40.2,2.26,0.173,0.097,0.92,,,Ⅲ
2023-08-03T16:00:00+08:00,1691049600,30.0,7.58,5.93,458.5,52.9,3.26,0.245,0.124,0.86,,,Ⅲ
2023-08-03T20:00:00+08:00,1691064000,29.4,7.56,5.62,461.4,45.7,2.93,0.28,0.129,0.92,,,Ⅲ
2023-08-04T00:00:00+08:00,1691078400,29.0,7.54,5.65,460.6,43.4,2.93,0.28,0.129,0.92,,,Ⅲ
2023-08-04T04:00:00+08:00,1691092800,29.0,7.57,5.36,461.4,43.7,2.77,0.212,0.104,0.91,,,Ⅲ
2023-08-04T08:00:00+08:00,1691107200,29.2,7.48,4.84,472.2,40.1,2.52,0.208,0.096,0.9,,,Ⅳ
2023-08-04T12:00:00+08:00,1691121600,29.8,7.6,5.73,468.6,40.5,2.75,0.189,0.099,0.93,,,Ⅲ
2023-08-04T16:00:00+08:00,1691136000,30.2,7.73,6.54,469.6,40.1,2.77,0.18,0.111,0.89,,,Ⅲ
2023-08-04T20:00:00+08:00,1691150400,29.8,7.81,6.81,473.6,42.5,2.53,0.189,0.104,0.91,,,Ⅲ
2023-08-05T00:00:00+08:00,1691164800,29.5,7.73,6.0,468.5,40.8,2.53,0.189,0.104,0.91,,,Ⅲ
2023-08-05T08:00:00+08:00,1691193600,,,,,,,,,,,,
2023-08-05T12:01:00+08:00,1691208060,,,,,,,,,,,,
2023-08-05T16:00:00+08:00,1691222400,30.6,7.46,5.23,458.3,36.9,,,,,,,
2023-08-05T16:01:00+08:00,1691222460,,,,,,,,,,,,
2023-08-05T20:00:00+08:00,1691236800,30.3,7.33,3.96,450.8,38.8,3.26,0.221,0.095,0.86,,,Ⅳ
2023-08-06T00:00:00+08:00,1691251200,30.1,7.57,5.48,470.6,42.7,3.26,0.221,0.095,0.86,,,Ⅲ
2023-08-06T04:00:00+08:00,1691265600,29.8,7.15,1.7,436.4,34.8,3.51,0.292,0.092,0.99,,,劣Ⅴ
2023-08-06T08:00:00+08:00,1691280000,30.1,7.54,5.65,460.6,41.2,3.0,0.222,0.098,0.86,,,Ⅲ
2023-08-06T12:00:00+08:00,1691294400,31.5,7.79,6.61,468.1,41.1,3.0,0.198,0.099,0.83,,,Ⅱ
2023-08-06T16:00:00+08:00,1691308800,32.5,7.54,5.97,454.6,36.3,3.23,0.156,0.094,0.86,,,Ⅲ
2023-08-06T20:00:00+08:00,1691323200,31.6,7.93,7.56,460.6,47.3,3.28,0.223,0.098,0.75,,,Ⅱ
2023-08-07T00:00:00+08:00,1691337600,31.2,7.62,5.5,465.9,42.6,3.28,0.223,0.098,0.75,,,Ⅲ
2023-08-07T04:00:00+08:00,1691352000,30.7,7.48,4.32,470.3,40.4,2.98,0.233,0.096,0.82,,,Ⅳ
2023-08-07T08:00:00+08:00,1691366400,30.6,7.48,4.71,469.8,43.7,2.26,0.272,0.104,0.82,,,Ⅳ
2023-08-07T12:00:00+08:00,1691380800,31.6,7.51,4.54,468.0,44.4,2.77,0.296,0.104,0.82,,,Ⅳ
2023-08-07T16:00:00+08:00,1691395200,31.7,7.53,5.59,466.3,38.8,3.01,,0.1,0.77,,,
2023-08-07T20:00:00+08:00,1691409600,30.9,7.41,4.57,458.4,39.9,3.25,0.199,0.095,0.76,,,Ⅳ
2023-08-08T00:00:00+08:00,1691424000,30.8,7.64,5.81,471.0,42.1,3.25,0.199,0.095,0.76,,,Ⅲ
2023-08-08T04:00:00+08:00,1691438400,30.2,7.45,3.95,467.9,41.3,3.0,,0.101,0.82,,,
2023-08-08T08:00:00+08:00,1691452800,30.0,7.35,3.75,463.9,38.6,3.25,0.229,0.101,0.83,,,Ⅳ
2023-08-08T12:00:00+08:00,1691467200,30.8,7.61,4.99,471.2,41.7,2.94,0.254,0.1,0.74,,,Ⅳ
2023-08-08T16:00:00+08:00,1691481600,31.1,7.63,5.67,470.4,38.3,2.93,0.211,0.095,0.73,,,Ⅲ
2023-08-08T20:00:00+08:00,1691496000,30.6,7.61,5.42,471.7,42.3,2.78,0.227,0.1,0.79,,,Ⅲ
2023-08-09T00:00:00+08:00,1691510400,30.4,7.74,5.74,475.3,42.9,2.78,0.227,0.1,0.79,,,Ⅲ
2023-08-09T04:00:00+08:00,1691524800,29.8,7.57,4.64,476.6,42.6,2.52,,0.1,0.86,,,
2023-08-09T08:00:00+08:00,1691539200,29.9,7.44,4.1,469.2,38.4,2.77,0.226,0.096,0.71,,,Ⅳ
2023-08-09T12:00:00+08:00,1691553600,30.6,7.57,4.92,486.8,41.7,2.43,0.249,0.1,0.88,,,Ⅳ
2023-08-09T20:00:00+08:00,1691582400,30.5,7.62,5.35,488.7,41.2,2.98,0.24,0.104,0.89,,,Ⅲ
2023-08-10T04:00:00+08:00,1691611200,29.9,7.41,3.7,488.3,39.9,2.48,0.275,0.104,0.9,,,Ⅳ
2023-08-10T12:00:00+08:00,1691640000,30.5,7.37,4.14,476.4,35.0,3.25,0.235,0.094,0.91,,,Ⅳ
2023-08-10T16:00:00+08:00,1691654400,31.2,7.53,5.27,497.2,37.0,2.96,0.211,0.097,0.85,,,Ⅲ
2023-08-10T20:00:00+08:00,1691668800,30.5,7.62,5.54,496.6,42.8,2.96,0.211,0.097,0.85,,,Ⅲ
2023-08-11T00:00:00+08:00,1691683200,30.2,7.54,4.86,488.8,40.0,2.76,0.235,0.105,0.92,,,Ⅳ
2023-08-11T04:00:00+08:00,1691697600,30.1,7.51,4.68,485.2,41.1,2.76,0.235,0.105,0.92,,,Ⅳ
2023-08-11T08:00:00+08:00,1691712000,30.1,7.53,4.62,490.8,40.4,2.27,0.254,0.106,0.82,,,Ⅳ
2023-08-11T12:00:00+08:00,1691726400,31.1,7.54,5.01,488.4,34.4,2.41,0.237,0.106,0.89,,,Ⅲ
2023-08-11T16:00:00+08:00,1691740800,32.1,7.49,5.89,477.7,34.5,2.75,0.177,0.099,0.81,,,Ⅲ
2023-08-11T20:00:00+08:00,1691755200,31.5,7.79,6.61,492.4,39.3,3.02,0.144,0.092,0.9,,,Ⅱ
2023-08-12T00:00:00+08:00,1691769600,30.6,7.5,4.42,495.6,51.6,2.73,0.181,0.096,0.84,,,Ⅳ
2023-08-12T04:00:00+08:00,1691784000,30.4,7.52,4.62,505.9,41.6,2.73,0.181,0.096,0.84,,,Ⅳ
2023-08-12T08:00:00+08:00,1691798400,30.6,7.67,5.89,498.6,40.0,2.0,0.258,0.1,0.94,,,Ⅲ
2023-08-12T12:00:00+08:00,1691812800,31.7,7.58,6.18,481.5,36.0,2.27,0.199,0.1,0.82,,,Ⅱ
2023-08-12T16:00:00+08:00,1691827200,32.2,7.23,4.76,460.2,31.0,3.02,0.163,0.091,0.79,,,Ⅳ
2023-08-12T20:00:00+08:00,1691841600,31.4,7.52,5.73,498.8,42.7,3.29,0.129,0.08,0.77,,,Ⅲ
2023-08-13T00:00:00+08:00,1691856000,30.5,7.19,2.83,467.6,45.6,3.74,0.264,0.088,0.73,,,Ⅲ
2023-08-13T04:00:00+08:00,1691870400,30.4,7.53,4.36,504.5,42.8,,,,,,,
2023-08-13T12:00:00+08:00,1691899200,31.7,7.44,4.62,482.8,32.7,2.77,0.237,0.098,0.95,,,Ⅲ
2023-08-13T16:00:00+08:00,1691913600,32.3,7.32,3.96,494.5,30.4,3.24,0.169,0.084,0.87,,,Ⅳ
2023-08-13T20:00:00+08:00,1691928000,30.8,7.56,5.07,485.9,42.8,3.0,0.171,0.085,0.96,,,Ⅲ
2023-08-14T08:00:00+08:00,1691971200,30.7,7.63,5.27,498.4,37.6,3.25,0.255,,0.98,,,
2023-08-14T12:00:00+08:00,1691985600,31.4,7.39,4.18,492.6,33.8,2.75,0.23,,0.82,,,
2023-08-14T16:00:00+08:00,1692000000,31.6,7.38,4.05,489.5,33.0,2.77,0.221,0.089,0.91,,,Ⅳ
2023-08-15T00:00:00+08:00,1692028800,30.5,7.38,3.84,489.5,43.5,3.02,0.255,0.095,0.86,,,Ⅳ
2023-08-15T08:00:00+08:00,1692057600,30.2,7.47,3.68,504.3,39.1,2.77,0.252,0.097,0.97,,,Ⅳ
2023-08-15T12:00:00+08:00,1692072000,30.9,7.51,4.48,493.8,35.0,2.8,0.263,0.097,0.92,,,Ⅳ
2023-08-15T16:00:00+08:00,1692086400,31.1,7.23,2.66,496.0,30.1,3.02,0.218,0.093,0.88,,,Ⅴ
2023-08-15T20:00:00+08:00,1692100800,30.7,7.42,3.87,505.6,38.8,3.23,0.225,0.1,1.05,,,Ⅴ
2023-08-16T04:00:00+08:00,1692129600,29.9,7.27,2.35,509.5,37.8,2.78,0.235,0.097,0.87,,,Ⅳ
2023-08-16T08:00:00+08:00,1692144000,30.2,7.46,3.95,505.8,40.5,2.78,,0.1,1.07,,,
2023-08-16T12:00:00+08:00,1692158400,31.2,7.57,4.98,504.8,41.3,2.53,,0.104,0.93,,,
2023-08-16T16:00:00+08:00,1692172800,32.2,7.37,4.5,502.1,32.6,2.71,0.259,0.106,0.91,,,Ⅳ
2023-08-16T20:00:00+08:00,1692187200,31.5,7.67,5.67,506.0,48.6,2.97,0.177,0.1,1.01,,,Ⅲ
2023-08-17T00:00:00+08:00,1692201600,30.6,7.55,4.56,509.3,45.3,3.25,0.262,0.105,0.82,,,Ⅳ
2023-08-17T04:00:00+08:00,1692216000,30.0,7.32,2.92,499.7,39.4,3.02,0.289,0.102,0.88,,,Ⅴ
2023-08-17T08:00:00+08:00,1692230400,30.2,7.43,3.79,503.5,38.2,2.78,0.23,0.096,0.93,,,Ⅳ
2023-08-17T12:00:00+08:00,1692244800,31.0,7.48,4.42,511.3,39.5,2.97,0.242,0.099,0.94,,,Ⅳ
2023-08-17T16:00:00+08:00,1692259200,29.5,7.46,4.62,492.7,57.2,2.76,0.238,0.099,0.9,,,Ⅳ
2023-08-17T20:00:00+08:00,1692273600,29.5,7.44,3.87,501.4,43.5,3.55,0.338,0.109,0.84,,,Ⅳ
2023-08-18T00:00:00+08:00,1692288000,29.2,7.44,3.86,503.8,43.8,3.24,0.298,0.105,0.95,,,Ⅳ
2023-08-18T04:00:00+08:00,1692302400,28.9,7.25,2.56,494.1,39.1,3.17,0.308,0.104,0.97,,,Ⅴ
2023-08-18T08:00:00+08:00,1692316800,29.2,7.42,3.59,506.2,41.0,3.01,0.31,0.099,1.08,,,Ⅳ
2023-08-18T12:00:00+08:00,1692331200,30.1,7.44,4.33,510.2,38.4,2.28,0.292,0.104,1.01,,,Ⅳ
2023-08-18T20:00:00+08:00,1692360000,29.5,7.4,4.04,493.5,43.6,3.25,0.253,0.101,1.01,,,Ⅳ
2023-08-19T00:00:00+08:00,1692374400,29.2,7.48,4.38,500.9,48.0,2.31,0.259,0.102,0.96,,,Ⅳ
2023-08-19T04:00:00+08:00,1692388800,28.8,7.27,2.87,496.1,43.8,3.0,0.292,0.106,0.96,,,Ⅴ
2023-08-19T08:00:00+08:00,1692403200,29.0,7.42,4.06,502.0,43.1,3.24,0.332,0.101,1.05,,,Ⅳ
2023-08-19T12:00:00+08:00,1692417600,29.8,7.49,4.65,498.2,40.7,2.75,0.265,0.105,0.95,,,Ⅳ
2023-08-19T16:00:00+08:00,1692432000,30.4,7.26,3.72,480.7,41.0,2.76,0.243,0.107,2.49,,,Ⅳ
2023-08-19T20:00:00+08:00,1692446400,29.6,7.44,4.67,491.8,50.3,3.5,0.244,0.096,1.11,,,Ⅳ
2023-08-20T00:00:00+08:00,1692460800,29.3,7.58,5.66,499.1,51.8,3.52,0.252,0.099,0.96,,,Ⅲ
2023-08-20T04:00:00+08:00,1692475200,28.9,7.27,3.15,500.4,39.7,3.5,0.294,0.105,0.91,,,Ⅳ
2023-08-20T08:00:00+08:00,1692489600,29.0,7.43,4.32,507.4,47.8,3.28,0.307,0.1,1.12,,,Ⅳ
2023-08-20T12:00:00+08:00,1692504000,30.0,7.56,5.3,502.6,42.1,2.52,0.3,0.103,1.03,,,Ⅲ
2023-08-20T16:00:00+08:00,1692518400,30.7,7.46,5.66,494.8,39.6,3.26,0.239,0.102,0.99,,,Ⅲ
2023-08-20T20:00:00+08:00,1692532800,29.9,7.47,5.1,495.4,51.1,2.76,0.161,0.093,1.02,,,Ⅲ
2023-08-21T00:00:00+08:00,1692547200,29.4,7.58,5.08,504.2,61.9,3.52,0.228,0.098,0.96,,,Ⅲ
2023-08-21T04:00:00+08:00,1692561600,29.0,7.12,1.57,488.6,35.1,3.77,0.351,0.106,0.89,,,劣Ⅴ
2023-08-21T08:00:00+08:00,1692576000,29.2,7.21,2.71,496.2,34.1,4.01,0.334,0.087,1.25,,,Ⅴ
2023-08-21T12:00:00+08:00,1692590400,30.1,7.64,5.92,503.4,39.0,4.01,0.334,0.087,1.25,,,Ⅲ
2023-08-21T16:00:00+08:00,1692604800,31.0,7.78,7.59,503.0,40.0,3.0,0.19,0.093,0.88,,,Ⅱ
2023-08-21T20:00:00+08:00,1692619200,30.6,7.68,6.42,498.1,39.0,3.74,0.173,0.094,0.93,,,Ⅱ
2023-08-22T00:00:00+08:00,1692633600,30.0,7.51,4.93,506.3,40.2,3.5,0.169,0.09,0.91,,,Ⅳ
2023-08-22T04:00:00+08:00,1692648000,29.4,7.12,2.0,484.2,32.1,3.49,0.218,0.094,0.96,,,Ⅴ
2023-08-22T12:00:00+08:00,1692676800,30.6,7.58,6.3,506.2,35.7,3.17,0.213,0.09,0.98,,,Ⅱ
2023-08-22T16:00:00+08:00,1692691200,30.1,7.38,4.59,491.7,35.8,3.26,0.159,0.091,0.92,,,Ⅳ
2023-08-22T20:00:00+08:00,1692705600,29.6,7.49,4.89,504.5,39.8,3.52,0.179,0.086,1.0,,,Ⅳ
2023-08-23T00:00:00+08:00,1692720000,29.4,7.48,4.28,501.5,40.2,3.28,0.235,0.092,0.94,,,Ⅳ
2023-08-23T04:00:00+08:00,1692734400,29.0,7.34,3.17,514.4,37.3,3.28,0.235,0.092,0.94,,,Ⅳ
2023-08-23T08:00:00+08:00,1692748800,29.1,7.21,2.42,507.3,33.5,3.31,0.246,0.093,1.0,,,Ⅴ
2023-08-23T12:00:00+08:00,1692763200,29.6,7.35,3.47,504.1,35.1,3.25,0.261,0.092,1.09,,,Ⅳ
2023-08-23T16:00:00+08:00,1692777600,29.9,7.35,3.65,504.3,34.9,2.99,0.226,0.1,0.94,,,Ⅳ
2023-08-23T20:00:00+08:00,1692792000,29.4,7.33,3.24,500.8,39.7,3.26,0.206,0.101,1.0,,,Ⅳ
2023-08-24T00:00:00+08:00,1692806400,29.2,7.44,4.08,511.3,42.7,3.26,0.254,0.103,1.0,,,Ⅳ
2023-08-24T04:00:00+08:00,1692820800,28.7,7.29,2.6,509.6,39.1,3.26,0.254,0.103,1.0,,,Ⅴ
2023-08-24T08:00:00+08:00,1692835200,28.9,7.21,2.31,511.6,33.5,3.21,0.254,0.102,1.01,,,Ⅴ
2023-08-24T12:00:00+08:00,1692849600,30.0,7.41,4.02,510.4,36.4,3.24,0.244,0.102,1.02,,,Ⅳ
2023-08-24T16:00:00+08:00,1692864000,31.0,7.34,4.56,503.5,33.1,3.21,0.209,0.103,0.92,,,Ⅳ
2023-08-24T20:00:00+08:00,1692878400,30.0,7.26,3.62,505.1,35.6,3.71,0.152,0.097,0.94,,,Ⅳ
2023-08-25T00:00:00+08:00,1692892800,29.6,7.36,3.69,508.2,40.5,3.46,0.183,0.088,0.9,,,Ⅳ
2023-08-25T09:25:00+08:00,1692926700,,,,,,,,,,,,
2023-08-25T13:26:00+08:00,1692941160,,,,,,,,,,,,
2023-08-25T17:27:00+08:00,1692955620,,,,,,,,,,,,
2023-08-25T20:00:00+08:00,1692964800,29.3,7.3,3.62,510.0,43.3,,,,,,,
2023-08-26T00:00:00+08:00,1692979200,29.5,7.59,5.5,519.0,45.5,3.77,0.301,0.189,0.97,,,Ⅲ
2023-08-26T04:00:00+08:00,1692993600,29.2,7.54,5.36,515.3,43.0,3.77,0.301,0.189,0.97,,,Ⅲ
2023-08-26T08:00:00+08:00,1693008000,28.9,7.25,2.86,503.5,34.5,3.27,0.233,0.105,0.85,,,Ⅴ
2023-08-26T12:00:00+08:00,1693022400,30.0,7.3,3.98,514.0,32.9,3.09,0.177,0.092,0.85,,,Ⅳ
2023-08-26T16:00:00+08:00,1693036800,30.6,7.38,5.0,515.7,35.2,3.46,0.135,0.09,0.89,,,Ⅲ
2023-08-26T20:00:00+08:00,1693051200,29.5,7.3,4.04,502.1,62.9,3.46,0.144,0.09,0.89,,,Ⅳ
2023-08-27T00:00:00+08:00,1693065600,29.2,7.32,3.72,514.0,48.3,3.94,0.282,0.094,0.78,,,Ⅳ
2023-08-27T04:00:00+08:00,1693080000,28.9,7.44,4.46,514.2,48.2,3.94,0.282,0.094,0.78,,,Ⅳ
2023-08-27T08:00:00+08:00,1693094400,28.7,7.45,4.34,507.8,50.7,3.28,0.281,,0.79,,,
2023-08-27T12:00:00+08:00,1693108800,30.1,7.31,4.11,502.8,42.1,3.25,0.314,0.091,0.84,,,Ⅳ
2023-08-27T16:00:00+08:00,1693123200,30.5,7.39,4.85,512.1,47.6,3.75,0.213,0.083,0.77,,,Ⅳ
2023-08-27T20:00:00+08:00,1693137600,29.5,7.32,3.8,518.1,49.9,4.01,0.228,0.086,0.8,,,Ⅳ
2023-08-28T00:00:00+08:00,1693152000,29.0,7.23,2.67,512.4,42.4,4.0,0.231,0.089,0.87,,,Ⅴ
2023-08-28T04:00:00+08:00,1693166400,28.7,7.33,3.29,518.5,44.1,4.0,0.231,0.089,0.87,,,Ⅳ
2023-08-28T08:00:00+08:00,1693180800,28.9,7.52,4.81,518.3,49.3,3.46,,0.086,0.86,,,
2023-08-28T12:00:00+08:00,1693195200,30.1,7.34,4.12,509.8,34.3,3.23,0.34,0.1,0.89,,,Ⅳ
2023-08-28T16:00:00+08:00,1693209600,29.4,7.27,3.76,511.2,32.1,3.27,0.144,0.084,0.82,,,Ⅳ
2023-08-28T20:00:00+08:00,1693224000,28.7,7.2,2.41,513.9,34.3,3.28,0.163,0.078,0.81,,,Ⅴ
2023-08-29T00:00:00+08:00,1693238400,28.2,7.16,1.73,512.9,32.9,3.5,0.172,0.075,0.79,,,劣Ⅴ
2023-08-29T09:42:00+08:00,1693273320,,,,,,,,,,,,
2023-08-29T12:00:00+08:00,1693281600,27.2,7.22,2.42,493.0,31.2,,,,,,,
2023-08-29T20:00:00+08:00,1693310400,27.0,7.26,2.27,500.7,36.0,3.01,0.309,0.101,1.0,,,Ⅴ
2023-08-30T00:00:00+08:00,1693324800,26.7,7.4,4.11,501.3,44.5,3.02,0.449,0.109,0.88,,,Ⅳ
2023-08-30T04:00:00+08:00,1693339200,26.5,7.41,4.18,501.3,45.1,3.02,0.402,0.113,0.84,,,Ⅳ
2023-08-30T08:00:00+08:00,1693353600,26.2,7.4,4.13,502.8,41.0,3.0,0.348,0.113,0.91,,,Ⅳ
2023-08-30T16:00:00+08:00,1693382400,26.0,7.43,4.14,505.5,44.2,3.01,0.366,0.115,1.05,,,Ⅳ
2023-08-31T00:00:00+08:00,1693411200,25.6,7.32,3.3,503.5,42.4,3.23,0.373,0.117,0.99,,,Ⅳ
2023-08-31T04:00:00+08:00,1693425600,25.4,7.35,3.9,508.6,47.0,3.24,0.494,0.117,1.03,,,Ⅳ
2023-08-31T08:00:00+08:00,1693440000,25.6,7.38,3.9,507.9,45.3,2.73,0.408,0.12,0.92,,,Ⅳ
2023-08-31T12:00:00+08:00,1693454400,25.9,7.41,4.17,515.1,45.8,2.78,0.377,0.122,0.96,,,Ⅳ
2023-08-31T16:00:00+08:00,1693468800,25.9,7.4,4.3,514.9,40.9,2.94,0.335,0.117,1.03,,,Ⅳ
2023-08-31T20:00:00+08:00,1693483200,25.6,7.39,3.93,511.0,47.0,2.77,0.393,0.124,1.01,,,Ⅳ
2023-09-01T00:00:00+08:00,1693497600,25.3,7.35,3.64,510.1,46.1,2.77,0.393,0.124,1.01,,,Ⅳ
2023-09-01T04:00:00+08:00,1693512000,25.3,7.29,3.2,508.1,41.6,2.98,0.43,0.115,1.06,,,Ⅳ
2023-09-01T08:00:00+08:00,1693526400,25.3,7.41,4.26,510.6,47.2,2.51,0.408,0.123,0.94,,,Ⅳ
2023-09-01T12:00:00+08:00,1693540800,25.8,7.42,5.12,513.6,50.7,2.77,0.418,0.131,0.99,,,Ⅲ
2023-09-01T16:00:00+08:00,1693555200,26.5,7.43,4.58,512.8,44.4,2.94,0.315,0.124,1.03,,,Ⅳ
2023-09-01T20:00:00+08:00,1693569600,26.1,7.48,5.03,517.9,42.0,2.94,0.315,0.124,1.03,,,Ⅲ
2023-09-02T00:00:00+08:00,1693584000,25.6,7.42,4.45,518.9,42.6,2.94,0.276,0.12,1.05,,,Ⅳ
2023-09-02T04:00:00+08:00,1693598400,25.4,7.21,2.09,512.0,35.8,2.94,0.276,0.12,1.05,,,Ⅴ
2023-09-02T08:00:00+08:00,1693612800,25.6,7.45,4.66,518.2,39.8,2.78,0.228,0.101,1.14,,,Ⅳ
2023-09-02T12:00:00+08:00,1693627200,26.4,7.48,5.14,518.8,44.3,2.5,0.288,0.112,1.11,,,Ⅲ
2023-09-02T16:00:00+08:00,1693641600,26.8,7.47,5.32,515.1,40.2,2.73,0.283,0.114,1.08,,,Ⅲ
2023-09-02T20:00:00+08:00,1693656000,26.5,7.62,6.65,518.5,42.1,2.96,0.212,0.109,1.06,,,Ⅲ
2023-09-03T00:00:00+08:00,1693670400,26.2,7.52,5.68,528.9,42.2,2.76,0.22,0.114,1.1,,,Ⅲ
2023-09-03T04:00:00+08:00,1693684800,26.0,7.32,3.59,517.0,38.9,2.76,0.22,0.114,1.1,,,Ⅳ
2023-09-03T08:00:00+08:00,1693699200,26.2,7.5,5.94,523.3,40.9,2.7,0.212,0.104,1.09,,,Ⅲ
2023-09-03T12:00:00+08:00,1693713600,26.7,7.54,5.84,524.1,39.5,2.5,0.228,0.108,1.11,,,Ⅲ
2023-09-03T16:00:00+08:00,1693728000,27.0,7.45,5.32,517.6,37.0,2.53,0.189,0.106,1.11,,,Ⅲ
2023-09-03T20:00:00+08:00,1693742400,26.7,7.68,6.9,517.2,43.2,2.77,0.15,0.097,1.05,,,Ⅱ
2023-09-04T00:00:00+08:00,1693756800,26.6,7.66,6.4,520.9,43.6,3.01,0.196,0.107,1.02,,,Ⅲ
2023-09-04T04:00:00+08:00,1693771200,26.2,7.5,4.95,516.5,41.4,3.01,0.196,0.107,1.02,,,Ⅳ
2023-09-04T08:00:00+08:00,1693785600,26.6,7.61,6.14,517.3,41.3,2.75,0.201,0.104,1.06,,,Ⅲ
2023-09-04T12:00:00+08:00,1693800000,27.2,7.65,6.53,518.3,38.8,2.56,0.188,0.104,1.02,,,Ⅲ
2023-09-04T16:00:00+08:00,1693814400,27.9,7.58,6.47,515.9,37.2,2.29,0.213,0.101,1.0,,,Ⅲ
2023-09-04T20:00:00+08:00,1693828800,28.1,8.22,8.86,516.4,41.2,2.49,0.153,0.095,1.0,,,Ⅱ
2023-09-05T00:00:00+08:00,1693843200,27.7,7.8,6.84,518.6,39.3,3.5,0.202,0.116,1.01,,,Ⅲ
2023-09-05T04:00:00+08:00,1693857600,27.2,7.41,4.32,514.3,36.1,3.5,0.202,0.116,1.01,,,Ⅳ
2023-09-05T08:00:00+08:00,1693872000,27.1,7.5,5.57,510.2,37.6,2.77,0.189,0.092,0.98,,,Ⅲ
2023-09-05T12:00:00+08:00,1693886400,27.8,7.88,7.67,517.9,41.8,2.75,0.2,0.094,0.92,,,Ⅱ
2023-09-05T16:00:00+08:00,1693900800,27.6,7.42,5.02,510.5,36.0,3.26,0.193,0.107,0.98,,,Ⅲ
2023-09-05T20:00:00+08:00,1693915200,27.2,7.25,3.53,500.9,32.5,3.02,0.14,0.077,0.93,,,Ⅳ
2023-09-06T00:00:00+08:00,1693929600,27.3,7.69,6.2,517.6,41.3,3.02,0.14,0.077,0.93,,,Ⅱ
2023-09-06T04:00:00+08:00,1693944000,27.0,7.48,5.64,515.9,37.6,2.78,0.207,0.096,0.97,,,Ⅲ
2023-09-06T08:00:00+08:00,1693958400,27.0,7.33,3.96,510.0,36.0,2.98,0.223,0.094,0.95,,,Ⅳ
2023-09-06T12:00:00+08:00,1693972800,27.7,7.51,5.23,514.5,39.8,2.98,0.202,0.097,0.98,,,Ⅲ
2023-09-06T16:00:00+08:00,1693987200,28.3,7.53,6.07,508.6,36.1,2.52,0.158,0.091,0.95,,,Ⅱ
2023-09-06T20:00:00+08:00,1694001600,27.6,7.34,4.11,511.8,35.6,2.51,0.217,0.089,0.94,,,Ⅳ
2023-09-07T00:00:00+08:00,1694016000,27.9,7.63,6.09,516.9,37.0,2.51,0.217,0.089,0.94,,,Ⅱ
2023-09-07T04:00:00+08:00,1694030400,27.3,7.44,4.77,512.1,35.5,2.46,0.182,0.091,0.99,,,Ⅳ
2023-09-07T12:00:00+08:00,1694059200,28.7,7.5,5.68,507.8,40.6,2.49,0.18,0.096,0.91,,,Ⅲ
2023-09-07T16:00:00+08:00,1694073600,29.1,7.36,4.75,514.9,35.0,2.52,0.17,0.091,0.93,,,Ⅳ
2023-09-07T20:00:00+08:00,1694088000,28.2,7.45,5.42,515.1,40.6,2.51,0.167,0.092,0.92,,,Ⅲ
2023-09-08T00:00:00+08:00,1694102400,27.8,7.53,5.69,514.2,39.8,2.51,0.167,0.092,0.92,,,Ⅲ
2023-09-08T04:00:00+08:00,1694116800,27.3,7.42,4.58,517.4,39.5,2.48,0.18,0.09,0.92,,,Ⅳ
2023-09-08T08:00:00+08:00,1694131200,27.6,7.47,5.28,518.0,38.2,2.5,0.151,0.087,0.89,,,Ⅲ
2023-09-08T12:00:00+08:00,1694145600,28.4,7.44,5.27,512.3,34.0,2.48,0.149,0.085,0.86,,,Ⅲ
2023-09-08T16:00:00+08:00,1694160000,29.1,7.37,5.38,504.9,32.7,2.52,0.195,0.089,0.82,,,Ⅲ
2023-09-08T20:00:00+08:00,1694174400,28.2,7.36,4.93,512.2,41.5,2.74,0.194,0.088,0.82,,,Ⅳ
2023-09-09T00:00:00+08:00,1694188800,27.7,7.55,6.48,528.5,42.3,2.74,0.194,0.088,0.82,,,Ⅱ
2023-09-09T04:00:00+08:00,1694203200,27.3,7.54,5.56,516.2,38.4,2.27,0.209,0.087,0.9,,,Ⅲ
2023-09-09T08:00:00+08:00,1694217600,27.3,7.46,5.0,536.8,37.2,2.28,0.192,0.09,1.07,,,Ⅳ
2023-09-09T12:00:00+08:00,1694232000,28.7,7.31,4.58,513.3,33.3,2.54,0.154,0.084,0.88,,,Ⅳ
2023-09-09T16:00:00+08:00,1694246400,29.0,7.45,5.76,513.1,32.7,2.52,0.172,0.078,0.79,,,Ⅲ
2023-09-09T20:00:00+08:00,1694260800,27.9,7.36,4.96,511.6,43.7,2.76,0.216,0.079,0.78,,,Ⅳ
2023-09-10T00:00:00+08:00,1694275200,27.3,7.31,3.94,529.0,42.1,2.76,0.216,0.079,0.78,,,Ⅳ
2023-09-10T04:00:00+08:00,1694289600,27.2,7.51,4.94,536.7,40.5,2.28,0.227,0.082,1.02,,,Ⅳ
2023-09-10T08:00:00+08:00,1694304000,27.2,7.54,5.4,543.1,38.3,2.49,0.223,0.084,1.03,,,Ⅲ
2023-09-10T12:00:00+08:00,1694318400,28.7,7.38,5.34,523.5,34.2,2.74,0.155,0.076,0.91,,,Ⅲ
2023-09-10T16:00:00+08:00,1694332800,28.9,7.54,5.81,533.0,36.4,2.46,0.171,0.077,0.97,,,Ⅲ
2023-09-10T20:00:00+08:00,1694347200,28.2,7.3,4.04,523.6,35.4,2.67,0.153,0.07,0.84,,,Ⅳ
2023-09-11T00:00:00+08:00,1694361600,27.4,7.26,3.1,532.4,39.3,2.67,0.153,0.07,0.84,,,Ⅳ
2023-09-11T04:00:00+08:00,1694376000,27.5,7.48,4.49,559.2,41.8,2.51,0.238,0.079,1.16,,,Ⅳ
2023-09-11T08:00:00+08:00,1694390400,27.6,7.54,5.02,541.5,40.0,2.29,0.249,0.082,1.04,,,Ⅲ
2023-09-11T12:00:00+08:00,1694404800,28.9,7.49,5.97,532.8,32.6,2.5,0.133,0.072,0.89,,,Ⅲ
2023-09-11T16:00:00+08:00,1694419200,29.2,7.4,5.38,543.9,31.1,2.52,0.174,0.069,0.94,,,Ⅲ
2023-09-11T20:00:00+08:00,1694433600,28.8,7.62,6.43,532.6,42.2,2.75,0.217,0.078,0.85,,,Ⅱ
2023-09-12T00:00:00+08:00,1694448000,28.0,7.36,3.57,538.5,38.1,2.75,0.217,0.078,0.85,,,Ⅳ
2023-09-12T04:00:00+08:00,1694462400,27.7,7.25,2.56,539.6,32.4,2.67,0.18,0.064,0.92,,,Ⅴ
2023-09-12T08:00:00+08:00,1694476800,27.8,7.55,5.07,538.3,43.7,2.51,0.313,0.084,0.92,,,Ⅲ
2023-09-12T12:00:00+08:00,1694491200,28.0,7.45,4.4,543.2,37.0,2.5,0.198,0.075,1.0,,,Ⅳ
2023-09-12T16:00:00+08:00,1694505600,28.7,7.37,4.58,540.5,33.7,2.54,0.165,0.07,0.94,,,Ⅳ
2023-09-12T20:00:00+08:00,1694520000,27.9,7.51,5.06,546.0,46.1,2.72,0.274,0.084,0.97,,,Ⅲ
2023-09-13T00:00:00+08:00,1694534400,27.5,7.3,3.03,540.7,42.2,2.72,0.274,0.084,0.97,,,Ⅳ
2023-09-13T04:00:00+08:00,1694548800,27.2,7.29,2.99,547.6,41.4,2.98,0.264,0.073,1.01,,,Ⅴ
2023-09-13T08:00:00+08:00,1694563200,27.2,7.53,4.88,538.9,44.5,2.28,0.319,0.085,0.92,,,Ⅳ
2023-09-13T12:00:00+08:00,1694577600,27.1,7.37,3.54,546.2,36.7,2.51,0.249,0.08,1.06,,,Ⅳ
2023-09-13T16:00:00+08:00,1694592000,27.1,7.29,2.71,542.7,34.8,2.54,0.24,0.076,1.1,,,Ⅴ
2023-09-13T20:00:00+08:00,1694606400,26.7,7.36,3.16,551.2,38.1,2.51,0.303,0.082,1.19,,,Ⅳ
2023-09-14T00:00:00+08:00,1694620800,26.5,7.24,1.91,549.7,33.2,2.51,0.303,0.082,1.19,,,劣Ⅴ
2023-09-14T04:00:00+08:00,1694635200,26.4,7.23,1.58,549.0,32.3,2.51,0.317,0.08,1.18,,,劣Ⅴ
2023-09-14T08:00:00+08:00,1694649600,26.2,7.42,3.61,549.0,42.2,2.27,0.361,0.092,1.12,,,Ⅳ
2023-09-14T12:00:00+08:00,1694664000,26.4,7.44,3.97,548.8,38.4,2.26,0.31,0.092,1.16,,,Ⅳ
2023-09-14T16:00:00+08:00,1694678400,26.4,7.37,3.72,558.6,34.0,2.48,0.257,0.088,1.2,,,Ⅳ
2023-09-14T20:00:00+08:00,1694692800,26.1,7.37,3.42,543.5,39.2,2.28,0.348,0.093,1.11,,,Ⅳ
2023-09-15T00:00:00+08:00,1694707200,25.9,7.35,3.15,541.8,39.4,2.28,0.348,0.093,1.11,,,Ⅳ
2023-09-15T04:00:00+08:00,1694721600,25.9,7.27,2.53,538.6,36.3,2.28,0.357,0.094,1.09,,,Ⅴ
2023-09-15T08:00:00+08:00,1694736000,25.8,7.4,3.64,539.1,40.6,2.27,0.413,0.101,1.01,,,Ⅳ
2023-09-15T12:00:00+08:00,1694750400,25.9,7.42,3.79,535.1,47.2,2.5,0.441,0.106,0.99,,,Ⅳ
2023-09-15T16:00:00+08:00,1694764800,26.0,7.29,2.79,545.6,33.5,2.51,0.314,0.099,1.22,,,Ⅴ
2023-09-15T20:00:00+08:00,1694779200,25.8,7.39,7.54,544.2,61.8,2.28,0.441,0.105,1.13,,,Ⅲ
2023-09-16T00:00:00+08:00,1694793600,25.7,7.26,5.51,547.6,54.9,2.28,0.441,0.105,1.13,,,Ⅲ
2023-09-16T12:00:00+08:00,1694836800,25.6,7.38,5.72,546.1,59.4,2.44,0.398,0.104,1.16,,,Ⅲ
2023-09-16T16:00:00+08:00,1694851200,25.9,7.24,5.36,537.1,51.2,2.7,,0.098,1.3,,,
2023-09-16T20:00:00+08:00,1694865600,25.6,7.37,5.45,531.4,61.3,2.29,0.414,0.103,1.17,,,Ⅲ
2023-09-17T00:00:00+08:00,1694880000,25.5,7.24,2.61,529.3,55.2,2.29,0.414,0.103,1.17,,,Ⅴ
2023-09-17T04:00:00+08:00,1694894400,25.4,7.19,7.23,531.6,49.1,2.57,0.372,0.093,1.33,,,Ⅱ
2023-09-17T08:00:00+08:00,1694908800,25.4,7.4,5.65,533.1,58.0,2.26,0.389,0.102,1.2,,,Ⅲ
2023-09-17T12:00:00+08:00,1694923200,26.5,7.44,4.36,535.1,56.7,2.27,0.321,0.102,1.16,,,Ⅳ
2023-09-17T16:00:00+08:00,1694937600,27.0,7.25,4.26,533.8,51.7,2.77,0.296,0.094,1.24,,,Ⅳ
2023-09-17T20:00:00+08:00,1694952000,27.3,7.47,4.75,534.6,55.0,2.28,0.287,0.095,1.17,,,Ⅳ
2023-09-18T00:00:00+08:00,1694966400,26.6,7.32,3.19,538.1,56.1,2.28,0.287,0.095,1.17,,,Ⅳ
2023-09-18T04:00:00+08:00,1694980800,26.2,7.3,3.14,539.4,57.5,2.51,0.303,0.096,1.28,,,Ⅳ
2023-09-18T08:00:00+08:00,1694995200,26.4,7.45,4.62,529.8,58.0,2.26,0.33,0.1,1.2,,,Ⅳ
2023-09-18T12:00:00+08:00,1695009600,27.3,7.49,4.98,533.0,56.7,2.27,0.262,0.096,1.15,,,Ⅳ
2023-09-18T16:00:00+08:00,1695024000,27.7,7.28,3.78,529.4,50.5,2.78,0.205,0.087,1.24,,,Ⅳ
2023-09-18T20:00:00+08:00,1695038400,28.2,7.83,7.88,537.3,62.9,2.76,0.215,0.097,1.09,,,Ⅱ
2023-09-19T00:00:00+08:00,1695052800,27.7,7.61,5.84,531.2,78.7,2.76,0.215,0.097,1.09,,,Ⅲ
2023-09-19T04:00:00+08:00,1695067200,26.8,7.2,1.67,537.1,56.7,2.78,0.249,0.091,1.21,,,劣Ⅴ
2023-09-19T08:00:00+08:00,1695081600,27.1,7.51,5.27,532.3,57.6,2.29,0.229,0.093,1.11,,,Ⅲ
2023-09-19T12:00:00+08:00,1695096000,27.9,7.63,6.22,533.6,58.5,2.28,0.19,0.089,1.1,,,Ⅱ
2023-09-19T16:00:00+08:00,1695110400,28.4,7.4,5.02,539.1,53.2,2.55,0.135,0.08,1.17,,,Ⅲ
2023-09-19T20:00:00+08:00,1695124800,28.2,7.76,7.26,537.2,62.4,2.93,0.194,0.091,1.03,,,Ⅱ
2023-09-20T00:00:00+08:00,1695139200,28.1,7.69,5.91,533.7,66.9,2.93,0.194,0.091,1.03,,,Ⅲ
2023-09-20T04:00:00+08:00,1695153600,27.5,7.31,2.94,538.4,57.6,2.75,0.213,0.081,1.14,,,Ⅴ
2023-10-08T12:00:00+08:00,1696737600,21.6,7.52,5.91,557.8,33.4,2.24,0.194,0.073,1.46,,,Ⅲ
2023-10-08T16:00:00+08:00,1696752000,21.6,7.59,6.73,549.8,35.8,2.47,0.201,0.078,1.5,,,Ⅱ
2023-10-08T20:00:00+08:00,1696766400,21.3,7.48,5.43,556.5,35.1,2.47,0.198,0.073,1.42,,,Ⅲ
2023-10-09T00:00:00+08:00,1696780800,21.0,7.39,4.43,556.1,35.4,2.47,0.198,0.073,1.42,,,Ⅳ
2023-10-09T04:00:00+08:00,1696795200,20.7,7.37,3.9,554.9,34.7,2.49,0.204,0.067,1.41,,,Ⅳ
2023-10-09T08:00:00+08:00,1696809600,20.6,7.37,4.01,561.6,33.9,2.48,0.183,0.067,1.38,,,Ⅳ
2023-10-10T08:00:00+08:00,1696896000,20.6,7.39,4.09,557.5,32.0,2.47,0.203,0.066,1.46,,,Ⅳ
2023-10-10T12:00:00+08:00,1696910400,21.3,7.4,5.4,555.6,32.6,2.47,0.173,0.065,1.42,,,Ⅲ
2023-10-10T16:00:00+08:00,1696924800,21.4,7.57,6.22,561.8,35.4,2.48,0.165,0.075,1.4,,,Ⅱ
2023-10-13T08:00:00+08:00,1697155200,20.8,7.63,6.57,571.9,44.4,2.47,0.288,0.079,1.55,,,Ⅱ
2023-10-13T12:00:00+08:00,1697169600,20.7,7.44,4.89,559.2,33.9,2.48,0.161,0.066,1.53,,,Ⅳ
2023-10-13T16:00:00+08:00,1697184000,20.8,7.37,4.12,559.6,30.0,2.68,0.121,0.053,1.44,,,Ⅳ
2023-10-13T20:00:00+08:00,1697198400,20.7,7.5,5.33,559.4,37.1,2.68,0.121,0.053,1.44,,,Ⅲ
2023-10-14T00:00:00+08:00,1697212800,20.4,7.31,3.04,564.2,31.1,2.48,0.224,0.066,1.58,,,Ⅳ
2023-10-14T04:00:00+08:00,1697227200,20.2,7.28,2.56,560.0,30.3,2.48,0.178,0.054,1.42,,,Ⅴ
2023-10-14T08:00:00+08:00,1697241600,20.4,7.55,5.77,561.9,38.4,2.48,0.178,0.054,1.42,,,Ⅲ
2023-10-14T12:00:00+08:00,1697256000,21.0,7.5,5.58,563.4,33.0,2.47,0.174,0.065,1.53,,,Ⅲ
2023-10-14T16:00:00+08:00,1697270400,21.3,7.49,5.55,561.8,33.2,2.47,0.174,0.065,1.53,,,Ⅲ
2023-10-14T20:00:00+08:00,1697284800,21.0,7.53,5.5,561.7,37.5,2.44,0.236,0.071,1.61,,,Ⅲ
2023-10-15T00:00:00+08:00,1697299200,20.5,7.41,4.31,564.0,35.1,2.44,0.236,0.071,1.61,,,Ⅳ
2023-10-15T04:00:00+08:00,1697313600,20.3,7.27,2.6,556.8,29.4,2.47,0.152,0.054,1.36,,,Ⅴ
2023-10-15T08:00:00+08:00,1697328000,20.3,7.49,5.19,558.4,36.9,2.47,0.227,0.069,1.53,,,Ⅲ
2023-10-15T12:00:00+08:00,1697342400,21.4,7.6,6.46,565.3,34.7,2.47,0.227,0.069,1.53,,,Ⅱ
2023-10-15T16:00:00+08:00,1697356800,21.8,7.52,6.1,559.8,34.0,2.49,0.18,0.064,1.42,,,Ⅱ
2023-10-15T20:00:00+08:00,1697371200,21.2,7.55,5.89,564.5,36.2,2.48,0.221,0.069,1.56,,,Ⅲ
2023-10-16T00:00:00+08:00,1697385600,20.7,7.49,5.67,566.7,38.1,2.48,0.221,0.069,1.56,,,Ⅲ
2023-10-16T04:00:00+08:00,1697400000,20.5,7.28,2.96,562.7,30.8,2.49,0.133,0.053,1.34,,,Ⅴ
2023-10-16T08:00:00+08:00,1697414400,20.7,7.55,5.84,558.1,37.2,2.47,0.225,0.069,1.59,,,Ⅲ
2023-10-16T12:00:00+08:00,1697428800,21.7,7.62,6.61,565.8,33.9,2.47,0.225,0.069,1.59,,,Ⅱ
2023-10-16T16:00:00+08:00,1697443200,21.8,7.56,6.81,565.2,34.4,2.49,0.136,0.06,1.38,,,Ⅱ
2023-10-16T20:00:00+08:00,1697457600,21.6,7.7,7.3,568.3,35.6,2.47,0.149,0.066,1.56,,,Ⅱ
2023-10-17T00:00:00+08:00,1697472000,21.2,7.63,6.44,563.0,37.5,2.47,0.149,0.066,1.56,,,Ⅱ
2023-10-17T04:00:00+08:00,1697486400,20.8,7.43,5.39,566.9,35.5,2.47,0.149,0.066,1.56,,,Ⅲ
2023-10-17T08:00:00+08:00,1697500800,21.0,7.58,7.09,563.9,36.7,2.48,0.176,0.068,1.55,,,Ⅱ
2023-10-17T12:00:00+08:00,1697515200,22.3,7.76,7.9,573.7,33.6,2.47,0.121,0.067,1.58,,,Ⅱ
2023-10-17T16:00:00+08:00,1697529600,22.5,7.63,8.3,564.6,33.0,2.47,0.121,0.067,1.58,,,Ⅱ
2023-10-17T20:00:00+08:00,1697544000,22.2,7.82,8.08,567.0,38.3,2.29,0.155,0.068,1.56,,,Ⅱ
2023-10-18T00:00:00+08:00,1697558400,21.6,7.67,7.07,562.1,48.5,2.29,0.155,0.068,1.56,,,Ⅱ
2023-10-18T04:00:00+08:00,1697572800,20.8,7.46,5.03,564.6,41.1,2.71,0.197,0.066,1.41,,,Ⅲ
2023-10-18T08:00:00+08:00,1697587200,21.0,7.61,6.27,565.7,40.1,2.72,0.181,0.068,1.47,,,Ⅱ
2023-10-18T12:00:00+08:00,1697601600,22.2,7.8,7.88,571.7,41.5,2.72,0.172,0.07,1.49,,,Ⅱ
2023-10-18T16:00:00+08:00,1697616000,22.3,7.68,7.64,566.2,34.6,2.73,0.121,0.056,1.3,,,Ⅱ
2023-10-18T20:00:00+08:00,1697630400,21.7,7.59,6.42,565.8,37.6,2.73,0.144,0.055,1.27,,,Ⅱ
2023-10-19T00:00:00+08:00,1697644800,21.3,7.67,6.53,567.0,37.4,2.73,0.144,0.055,1.27,,,Ⅱ
2023-10-19T04:00:00+08:00,1697659200,21.1,7.4,4.78,565.0,32.6,2.73,0.116,0.051,1.33,,,Ⅳ
2023-10-19T08:00:00+08:00,1697673600,21.2,7.54,5.73,568.4,36.5,2.73,0.149,0.057,1.48,,,Ⅲ
2023-10-19T12:00:00+08:00,1697688000,22.3,7.64,7.08,569.0,32.9,2.73,0.105,0.052,1.42,,,Ⅱ
2023-10-19T16:00:00+08:00,1697702400,22.8,7.65,7.64,574.8,31.7,2.72,0.093,0.048,1.3,,,Ⅱ
2023-10-19T20:00:00+08:00,1697716800,22.3,7.48,5.65,575.2,31.8,2.72,0.093,0.048,1.3,,,Ⅲ
2023-10-20T00:00:00+08:00,1697731200,22.2,7.72,7.14,574.2,34.7,2.72,0.1,0.046,1.28,,,Ⅱ
2023-10-20T04:00:00+08:00,1697745600,21.2,7.43,4.48,571.0,33.9,2.72,0.149,0.051,1.32,,,Ⅳ
2023-10-20T08:00:00+08:00,1697760000,20.8,7.45,4.77,567.5,34.8,2.76,0.177,0.054,1.38,,,Ⅳ
2023-10-20T12:00:00+08:00,1697774400,21.0,7.64,6.38,570.6,37.5,2.71,0.156,0.057,1.55,,,Ⅱ
2023-10-20T16:00:00+08:00,1697788800,21.3,7.58,6.36,570.2,31.4,2.49,0.099,0.048,1.38,,,Ⅱ
2023-10-20T20:00:00+08:00,1697803200,20.7,7.56,5.84,571.9,34.3,2.73,,0.052,1.47,,,
2023-10-21T00:00:00+08:00,1697817600,20.2,7.6,5.79,574.7,37.0,2.73,,0.052,1.47,,,
2023-10-21T04:00:00+08:00,1697832000,19.5,7.43,4.07,573.0,33.3,2.73,0.173,0.051,1.45,,,Ⅳ
2023-10-21T08:00:00+08:00,1697846400,19.6,7.36,3.35,571.4,30.1,2.69,0.154,0.046,1.34,,,Ⅳ
2023-10-21T12:00:00+08:00,1697860800,20.6,7.5,5.4,569.7,32.5,2.71,0.142,0.05,1.41,,,Ⅲ
2023-10-21T16:00:00+08:00,1697875200,20.8,7.67,7.13,575.3,34.8,2.67,0.153,0.054,1.45,,,Ⅱ
2023-10-21T20:00:00+08:00,1697889600,20.2,7.54,5.84,570.4,34.1,2.24,0.176,0.051,1.43,,,Ⅲ
2023-10-22T00:00:00+08:00,1697904000,19.7,7.46,4.98,574.8,31.6,2.24,0.176,0.051,1.43,,,Ⅳ
2023-10-22T04:00:00+08:00,1697918400,19.4,7.38,4.0,572.2,30.8,2.72,,0.045,1.39,,,
2023-10-22T08:00:00+08:00,1697932800,19.5,7.37,3.78,575.3,33.5,2.74,0.15,0.045,1.35,,,Ⅳ
2023-10-22T12:00:00+08:00,1697947200,20.6,7.52,6.33,572.6,29.9,2.69,0.097,0.042,1.36,,,Ⅱ
2023-10-22T16:00:00+08:00,1697961600,21.0,7.6,7.08,570.5,31.8,2.7,0.099,0.044,1.33,,,Ⅱ
2023-10-22T20:00:00+08:00,1697976000,20.2,7.49,5.71,572.9,35.0,2.46,0.158,0.045,1.34,,,Ⅲ
2023-10-23T00:00:00+08:00,1697990400,19.7,7.44,4.92,577.3,39.7,2.46,0.158,0.045,1.34,,,Ⅳ
2023-10-23T04:00:00+08:00,1698004800,19.4,7.42,4.5,576.7,35.9,2.65,0.192,0.048,1.4,,,Ⅳ
2023-10-23T08:00:00+08:00,1698019200,19.6,7.32,3.05,573.2,30.0,2.74,0.132,0.04,1.3,,,Ⅳ
2023-10-23T12:00:00+08:00,1698033600,21.1,7.48,5.69,576.3,29.9,2.72,0.109,0.04,1.36,,,Ⅲ
2023-10-23T16:00:00+08:00,1698048000,21.2,7.6,6.63,578.5,33.9,2.48,0.156,0.047,1.42,,,Ⅱ
2023-10-23T20:00:00+08:00,1698062400,20.7,7.48,5.42,569.9,34.1,2.73,0.151,0.046,1.36,,,Ⅲ
2023-10-24T00:00:00+08:00,1698076800,20.2,7.41,4.39,580.1,38.3,2.73,0.151,0.046,1.36,,,Ⅳ
2023-10-24T04:00:00+08:00,1698091200,19.9,7.38,3.76,575.4,32.1,2.72,0.145,0.042,1.38,,,Ⅳ
2023-10-24T08:00:00+08:00,1698105600,20.0,7.33,2.96,577.5,29.2,2.49,0.097,0.038,1.31,,,Ⅴ
2023-10-24T12:00:00+08:00,1698120000,21.5,7.45,5.22,571.7,28.4,2.73,0.074,0.037,1.35,,,Ⅲ
2023-10-24T16:00:00+08:00,1698134400,21.6,7.63,6.66,581.6,34.8,2.66,0.149,0.047,1.44,,,Ⅱ
2023-10-24T20:00:00+08:00,1698148800,21.1,7.5,5.42,577.0,31.2,2.73,0.121,0.044,1.36,,,Ⅲ
2023-10-25T00:00:00+08:00,1698163200,20.6,7.34,3.34,578.1,29.6,2.73,0.121,0.044,1.36,,,Ⅳ
2023-10-25T04:00:00+08:00,1698177600,20.7,7.6,5.93,577.9,40.5,2.67,0.234,0.055,1.44,,,Ⅲ
2023-10-25T08:00:00+08:00,1698192000,20.7,7.58,5.72,579.3,37.7,2.68,0.206,0.059,1.47,,,Ⅲ
2023-10-25T12:00:00+08:00,1698206400,21.9,7.46,5.47,582.3,29.6,2.51,0.103,0.045,1.32,,,Ⅲ
2023-10-25T16:00:00+08:00,1698220800,21.9,7.59,6.25,577.2,34.1,2.71,0.159,0.049,1.51,,,Ⅱ
2023-10-25T20:00:00+08:00,1698235200,21.6,7.55,5.64,582.3,34.0,2.5,0.15,0.049,1.5,,,Ⅲ
2023-10-26T00:00:00+08:00,1698249600,21.1,7.4,4.1,580.6,30.9,2.5,0.15,0.049,1.5,,,Ⅳ
2023-10-26T04:00:00+08:00,1698264000,21.1,7.52,5.17,576.3,38.1,2.72,0.205,0.053,1.49,,,Ⅲ
2023-10-26T08:00:00+08:00,1698278400,21.1,7.53,5.13,584.2,36.7,2.72,0.196,0.055,1.49,,,Ⅲ
2023-10-26T12:00:00+08:00,1698292800,22.4,7.48,5.4,581.0,30.8,2.69,0.102,0.047,1.35,,,Ⅲ
2023-10-26T16:00:00+08:00,1698307200,22.8,7.65,6.82,579.9,33.4,2.72,0.135,0.049,1.47,,,Ⅱ
2023-10-26T20:00:00+08:00,1698321600,22.3,7.71,6.98,582.3,35.3,2.67,0.131,0.051,1.46,,,Ⅱ
2023-10-27T00:00:00+08:00,1698336000,21.7,7.5,5.0,587.7,33.8,2.67,0.131,0.051,1.46,,,Ⅳ
2023-10-27T04:00:00+08:00,1698350400,21.3,7.47,4.71,594.0,32.9,2.69,0.157,0.048,1.43,,,Ⅳ
2023-10-27T08:00:00+08:00,1698364800,21.4,7.6,5.73,583.0,36.3,2.47,0.207,0.055,1.49,,,Ⅲ
2023-10-27T12:00:00+08:00,1698379200,22.2,7.6,6.44,582.3,32.7,2.47,0.103,0.047,1.39,,,Ⅱ
2023-10-27T16:00:00+08:00,1698393600,22.2,7.65,6.94,580.1,32.6,2.7,0.109,0.047,1.41,,,Ⅱ
2023-10-27T20:00:00+08:00,1698408000,21.6,7.67,6.6,581.1,35.0,2.47,0.147,0.05,1.42,,,Ⅱ
2023-10-28T00:00:00+08:00,1698422400,21.0,7.51,5.08,586.5,34.3,2.47,0.147,0.05,1.42,,,Ⅲ
2023-10-28T04:00:00+08:00,1698436800,20.8,7.45,4.42,579.9,35.4,2.49,0.185,0.048,1.43,,,Ⅳ
2023-10-28T08:00:00+08:00,1698451200,21.0,7.69,6.5,585.6,39.6,2.69,0.196,0.056,1.43,,,Ⅱ
2023-10-28T12:00:00+08:00,1698465600,21.9,7.71,7.25,584.2,32.7,2.72,0.114,0.051,1.35,,,Ⅱ
2023-10-28T16:00:00+08:00,1698480000,22.0,7.71,7.61,585.5,39.0,2.72,0.233,0.056,1.43,,,Ⅱ
2023-10-28T20:00:00+08:00,1698494400,21.7,7.76,7.47,581.3,38.6,2.72,0.185,0.057,1.4,,,Ⅱ
2023-10-29T00:00:00+08:00,1698508800,20.7,7.48,4.88,581.2,45.1,2.72,0.185,0.057,1.4,,,Ⅳ
2023-10-29T04:00:00+08:00,1698523200,20.5,7.44,4.2,584.7,40.3,2.74,0.245,0.054,1.39,,,Ⅳ
2023-10-29T08:00:00+08:00,1698537600,20.4,7.64,6.2,578.9,43.0,2.47,0.273,0.06,1.34,,,Ⅱ
2023-10-29T12:00:00+08:00,1698552000,21.8,7.78,7.5,584.5,42.2,2.74,0.236,0.063,1.35,,,Ⅱ
2023-10-29T16:00:00+08:00,1698566400,22.0,7.71,7.43,582.4,34.1,2.73,0.122,0.051,1.35,,,Ⅱ
2023-10-29T20:00:00+08:00,1698580800,21.4,7.63,6.86,582.2,38.7,2.69,0.181,0.053,1.31,,,Ⅱ
2023-10-30T00:00:00+08:00,1698595200,20.7,7.64,6.16,592.0,48.8,2.69,0.181,0.053,1.31,,,Ⅱ
2023-10-30T04:00:00+08:00,1698609600,20.4,7.38,3.52,582.7,35.7,2.75,0.159,0.048,1.31,,,Ⅳ
2023-10-30T08:00:00+08:00,1698624000,20.5,7.58,5.62,582.7,39.7,2.68,0.252,0.056,1.39,,,Ⅲ
2023-10-30T12:00:00+08:00,1698638400,21.8,7.71,7.61,586.2,35.2,2.47,0.156,0.053,1.39,,,Ⅱ
2023-10-31T12:00:00+08:00,1698724800,22.0,7.61,6.4,588.0,35.2,2.72,0.149,0.052,1.35,,,Ⅱ
2023-10-31T16:00:00+08:00,1698739200,22.4,7.68,7.88,586.3,31.2,2.5,0.115,0.046,1.29,,,Ⅱ
2023-10-31T20:00:00+08:00,1698753600,21.7,7.66,6.64,584.9,36.9,2.22,0.151,0.052,1.36,,,Ⅱ
2023-11-01T00:00:00+08:00,1698768000,21.5,7.71,6.73,587.5,43.9,2.22,0.151,0.052,1.36,,,Ⅱ
2023-11-01T04:00:00+08:00,1698782400,20.8,7.44,4.32,586.5,35.4,2.49,0.169,0.052,1.31,,,Ⅳ
2023-11-01T08:00:00+08:00,1698796800,20.7,7.41,3.87,579.7,34.9,2.71,0.186,0.05,1.38,,,Ⅳ
2023-11-01T12:00:00+08:00,1698811200,22.0,7.59,7.38,597.9,33.4,2.48,0.131,0.051,1.39,,,Ⅱ
2023-11-01T16:00:00+08:00,1698825600,22.5,7.64,7.31,586.5,30.8,2.24,0.099,0.047,1.27,,,Ⅱ
2023-11-01T20:00:00+08:00,1698840000,21.7,7.57,6.51,586.5,33.6,2.71,0.164,0.049,1.35,,,Ⅱ
2023-11-02T00:00:00+08:00,1698854400,21.2,7.66,6.28,586.4,45.8,2.71,0.164,0.049,1.35,,,Ⅱ
2023-11-02T04:00:00+08:00,1698868800,20.5,7.36,3.33,588.6,35.3,2.9,0.159,0.047,1.27,,,Ⅳ
2023-11-02T08:00:00+08:00,1698883200,20.5,7.39,3.44,586.9,34.6,2.46,0.198,0.048,1.35,,,Ⅳ
2023-11-02T12:00:00+08:00,1698897600,22.0,7.57,6.37,585.5,34.1,2.71,0.12,0.045,1.29,,,Ⅱ
2023-11-02T16:00:00+08:00,1698912000,22.2,7.65,7.4,586.0,30.3,2.72,0.081,0.041,1.28,,,Ⅱ
2023-11-02T20:00:00+08:00,1698926400,21.3,7.6,5.87,587.6,43.9,2.71,0.231,0.052,1.31,,,Ⅲ
2023-11-03T00:00:00+08:00,1698940800,21.0,7.68,6.1,591.3,42.5,2.71,0.231,0.052,1.31,,,Ⅱ
2023-11-03T04:00:00+08:00,1698955200,20.6,7.4,3.8,590.3,32.6,2.74,0.128,0.043,1.31,,,Ⅳ
2023-11-03T08:00:00+08:00,1698969600,20.8,7.4,4.03,590.1,30.3,2.74,0.139,0.041,1.37,,,Ⅳ
2023-11-03T12:00:00+08:00,1698984000,22.2,7.56,5.47,591.9,30.9,2.67,0.119,0.044,1.36,,,Ⅲ
2023-11-03T16:00:00+08:00,1698998400,22.3,7.74,6.75,597.6,32.5,2.43,0.14,0.044,1.38,,,Ⅱ
2023-11-03T20:00:00+08:00,1699012800,21.8,7.54,4.92,592.5,33.2,2.4,0.169,0.044,1.34,,,Ⅳ
2023-11-04T00:00:00+08:00,1699027200,21.5,7.68,6.07,592.1,35.6,2.4,0.169,0.044,1.34,,,Ⅱ
2023-11-04T04:00:00+08:00,1699041600,21.2,7.47,3.88,595.9,34.0,2.71,0.181,0.044,1.43,,,Ⅳ
2023-11-04T08:00:00+08:00,1699056000,21.2,7.42,2.79,591.7,31.3,2.47,0.119,0.044,1.38,,,Ⅴ
2023-11-04T12:00:00+08:00,1699070400,22.0,7.56,5.31,595.4,31.8,2.73,0.12,0.044,1.44,,,Ⅲ
2023-11-04T16:00:00+08:00,1699084800,22.5,7.7,6.78,594.7,31.1,2.45,0.092,0.043,1.39,,,Ⅱ
2023-11-04T20:00:00+08:00,1699099200,22.2,7.62,5.38,598.2,37.3,2.74,0.175,0.049,1.43,,,Ⅲ
2023-11-05T00:00:00+08:00,1699113600,21.9,7.56,4.46,595.9,35.9,2.74,0.175,0.049,1.43,,,Ⅳ
2023-11-05T04:00:00+08:00,1699128000,21.6,7.44,2.94,598.4,33.2,2.72,0.146,0.045,1.44,,,Ⅴ
2023-11-05T08:00:00+08:00,1699142400,21.6,7.4,2.63,598.4,31.0,2.71,0.133,0.043,1.42,,,Ⅴ
2023-11-05T12:00:00+08:00,1699156800,23.2,7.64,6.08,596.8,31.9,2.42,0.087,0.044,1.42,,,Ⅱ
2023-11-05T16:00:00+08:00,1699171200,23.5,7.78,7.21,593.8,33.3,2.73,0.093,0.045,1.41,,,Ⅱ
2023-11-05T20:00:00+08:00,1699185600,22.8,7.61,5.29,595.0,37.5,2.47,0.171,0.049,1.44,,,Ⅲ
2023-11-06T00:00:00+08:00,1699200000,22.0,7.48,3.57,596.5,34.4,2.47,0.171,0.049,1.44,,,Ⅳ
2023-11-06T04:00:00+08:00,1699214400,21.3,7.42,2.77,593.5,31.5,2.73,0.15,0.044,1.46,,,Ⅴ
2023-11-06T08:00:00+08:00,1699228800,20.7,7.42,2.98,597.3,31.1,2.94,0.149,0.043,1.43,,,Ⅴ
2023-11-06T12:00:00+08:00,1699243200,21.2,7.6,5.64,599.8,29.8,2.23,0.105,0.041,1.42,,,Ⅲ
2023-11-06T16:00:00+08:00,1699257600,21.0,7.77,7.12,598.4,31.8,2.68,0.134,0.045,1.41,,,Ⅱ
2023-11-06T20:00:00+08:00,1699272000,20.1,7.66,5.92,600.0,33.4,2.47,0.174,0.046,1.42,,,Ⅲ
2023-11-07T00:00:00+08:00,1699286400,19.2,7.5,4.2,593.9,31.2,2.47,0.174,0.046,1.42,,,Ⅳ
2023-11-07T04:00:00+08:00,1699300800,18.5,7.62,5.3,596.9,37.5,2.43,0.269,0.051,1.49,,,Ⅲ
2023-11-07T08:00:00+08:00,1699315200,18.2,7.61,5.24,596.3,35.6,2.72,0.235,0.051,1.45,,,Ⅲ
2023-11-07T12:00:00+08:00,1699329600,19.9,7.66,6.52,596.3,30.9,2.46,0.144,0.047,1.28,,,Ⅱ
2023-11-07T16:00:00+08:00,1699344000,19.7,7.91,7.97,596.5,35.0,2.21,0.197,0.054,,,,Ⅱ
2023-11-07T20:00:00+08:00,1699358400,18.9,7.71,6.94,597.0,38.4,2.23,0.26,0.056,,,,Ⅱ
2023-11-08T00:00:00+08:00,1699372800,18.1,7.52,4.91,601.6,48.3,2.23,0.26,0.056,,,,Ⅳ
2023-11-08T08:00:00+08:00,1699401600,17.7,7.46,4.07,606.7,33.2,2.78,0.179,0.044,0.07,,,Ⅳ
2023-11-08T12:00:00+08:00,1699416000,18.7,7.59,5.92,605.6,31.1,2.25,0.12,0.039,1.4,,,Ⅲ
2023-11-08T16:00:00+08:00,1699430400,19.1,7.76,7.32,599.9,30.9,2.47,0.097,0.039,1.42,,,Ⅱ
2023-11-08T20:00:00+08:00,1699444800,18.6,7.65,6.3,605.3,38.5,2.41,0.223,0.048,1.41,,,Ⅱ
2023-11-09T00:00:00+08:00,1699459200,18.3,7.53,4.74,596.8,35.4,2.41,0.223,0.048,1.41,,,Ⅳ
2023-11-09T04:00:00+08:00,1699473600,18.0,7.48,7.15,605.2,34.7,2.7,0.201,0.044,1.44,,,Ⅱ
2023-11-09T08:00:00+08:00,1699488000,17.9,7.46,3.49,601.9,32.9,2.73,0.183,0.044,1.42,,,Ⅳ
2023-11-09T12:00:00+08:00,1699502400,18.8,7.5,4.66,602.9,29.6,2.24,0.112,0.038,1.39,,,Ⅳ
2023-11-09T16:00:00+08:00,1699516800,18.5,7.58,5.54,598.3,34.5,2.22,0.211,0.047,1.45,,,Ⅲ
2023-11-09T20:00:00+08:00,1699531200,18.3,7.62,5.88,606.1,40.7,2.26,0.316,0.06,1.47,,,Ⅲ
2023-11-10T00:00:00+08:00,1699545600,18.2,7.53,4.77,601.8,37.8,2.26,0.316,0.06,1.47,,,Ⅳ
2023-11-10T04:00:00+08:00,1699560000,17.9,7.55,5.84,594.5,41.9,2.38,0.354,0.062,1.47,,,Ⅲ
2023-11-10T08:00:00+08:00,1699574400,17.4,7.55,5.36,589.7,45.3,2.95,0.367,0.068,1.44,,,Ⅲ
2023-11-10T16:00:00+08:00,1699603200,17.1,7.51,5.25,599.2,36.9,2.48,0.268,0.054,1.54,,,Ⅲ
2023-11-10T20:00:00+08:00,1699617600,16.7,7.66,7.4,596.1,43.2,2.16,0.372,0.065,1.47,,,Ⅱ
2023-11-11T00:00:00+08:00,1699632000,16.3,7.63,6.2,594.3,40.3,2.16,0.372,0.065,1.47,,,Ⅱ
2023-11-11T04:00:00+08:00,1699646400,16.2,7.5,4.82,600.5,35.8,2.66,0.28,0.059,1.53,,,Ⅳ
2023-11-11T08:00:00+08:00,1699660800,16.0,7.64,6.37,603.6,43.4,1.95,0.37,0.068,1.46,,,Ⅱ
2023-11-11T12:00:00+08:00,1699675200,16.1,7.6,5.78,601.0,37.4,2.3,0.256,0.06,1.56,,,Ⅲ
2023-11-11T16:00:00+08:00,1699689600,16.2,7.65,6.46,596.6,39.2,2.5,0.249,0.057,1.59,,,Ⅱ
2023-11-11T20:00:00+08:00,1699704000,15.8,7.7,6.74,604.3,40.7,2.2,0.307,0.063,1.59,,,Ⅱ
2023-11-12T00:00:00+08:00,1699718400,15.6,7.58,5.96,604.6,38.0,2.2,0.307,0.063,1.59,,,Ⅲ
2023-11-12T04:00:00+08:00,1699732800,15.4,7.54,5.08,601.8,38.0,2.3,0.282,0.059,1.6,,,Ⅲ
2023-11-12T08:00:00+08:00,1699747200,15.1,7.62,5.89,603.6,38.5,2.22,0.025,0.064,1.6,,,Ⅲ
2023-11-12T12:00:00+08:00,1699761600,15.3,7.6,6.24,604.7,36.6,2.51,0.277,0.061,1.57,,,Ⅱ
2023-11-12T16:00:00+08:00,1699776000,15.2,7.71,7.72,609.2,36.5,2.49,0.269,0.061,1.65,,,Ⅱ
2023-11-12T20:00:00+08:00,1699790400,14.4,7.76,8.07,601.9,44.5,2.25,0.454,0.073,1.44,,,Ⅱ
2023-11-13T00:00:00+08:00,1699804800,13.8,7.7,7.04,605.2,40.9,2.25,0.454,0.073,1.44,,,Ⅱ
2023-11-13T04:00:00+08:00,1699819200,13.3,7.57,5.72,606.1,37.0,2.21,,0.06,1.59,,,
2023-11-13T08:00:00+08:00,1699833600,13.0,7.59,6.34,606.8,35.6,2.3,,0.061,1.6,,,
2023-11-13T12:00:00+08:00,1699848000,14.3,7.73,7.65,607.6,34.4,1.98,0.234,0.062,1.57,,,Ⅱ
2023-11-13T16:00:00+08:00,1699862400,14.2,7.98,9.53,605.9,37.7,2.19,0.328,0.068,1.55,,,Ⅱ
2023-11-13T20:00:00+08:00,1699876800,13.4,7.87,8.88,610.0,43.6,2.49,0.439,0.075,1.53,,,Ⅱ
2023-11-14T00:00:00+08:00,1699891200,13.1,7.78,8.34,612.4,39.9,2.49,0.375,0.072,1.51,,,Ⅱ
2023-11-14T04:00:00+08:00,1699905600,13.0,7.67,7.31,613.8,38.8,1.98,0.321,0.065,1.56,,,Ⅱ
2023-11-14T08:00:00+08:00,1699920000,12.9,7.68,7.44,615.0,40.0,2.29,0.357,0.067,1.53,,,Ⅱ
2023-11-14T12:00:00+08:00,1699934400,14.0,7.74,8.31,604.8,36.1,2.32,0.295,0.066,1.53,,,Ⅱ
2023-11-14T16:00:00+08:00,1699948800,14.2,7.85,9.13,604.8,39.9,2.47,0.325,0.067,1.56,,,Ⅱ
2023-11-14T20:00:00+08:00,1699963200,13.5,7.81,8.49,605.9,40.1,2.45,0.377,0.069,1.53,,,Ⅱ
2023-11-15T00:00:00+08:00,1699977600,13.0,7.73,7.91,603.7,39.1,2.45,0.377,0.069,1.53,,,Ⅱ
2023-11-15T04:00:00+08:00,1699992000,12.8,7.62,6.5,611.9,34.0,2.45,0.251,0.056,1.53,,,Ⅱ
2023-11-15T12:00:00+08:00,1700020800,14.2,7.66,7.81,598.5,32.1,2.45,0.207,0.05,1.62,,,Ⅱ
2023-11-15T16:00:00+08:00,1700035200,14.3,7.77,8.73,600.9,35.7,2.48,0.193,0.051,1.63,,,Ⅱ
2023-11-15T20:00:00+08:00,1700049600,13.8,7.7,7.97,604.5,40.6,2.48,0.254,0.055,1.59,,,Ⅱ
2023-11-16T00:00:00+08:00,1700064000,13.6,7.72,7.9,608.4,41.4,2.41,0.385,0.064,1.57,,,Ⅱ
2023-11-16T04:00:00+08:00,1700078400,13.3,7.54,6.96,607.4,33.8,2.41,0.385,0.064,1.57,,,Ⅱ
2023-11-16T08:00:00+08:00,1700092800,13.2,7.49,5.8,617.6,32.4,2.16,0.217,0.053,1.62,,,Ⅲ
2023-11-16T12:00:00+08:00,1700107200,13.7,7.57,7.02,607.5,31.8,2.69,0.196,0.049,1.59,,,Ⅱ
2023-11-16T16:00:00+08:00,1700121600,13.8,7.69,8.19,608.4,33.7,1.98,0.196,0.048,1.59,,,Ⅱ
2023-11-16T20:00:00+08:00,1700136000,13.2,7.66,8.13,610.3,40.7,2.71,0.35,0.06,1.61,,,Ⅱ
2023-11-17T00:00:00+08:00,1700150400,12.7,7.65,7.97,607.8,41.3,2.71,0.35,0.06,1.61,,,Ⅱ
2023-11-17T04:00:00+08:00,1700164800,12.3,7.5,6.23,611.8,34.4,2.48,0.243,0.051,1.64,,,Ⅱ
2023-11-17T08:00:00+08:00,1700179200,12.2,7.48,6.1,613.8,33.2,2.22,0.228,0.049,1.63,,,Ⅱ
2023-11-17T12:00:00+08:00,1700193600,13.3,7.63,8.11,611.1,33.7,2.2,0.235,0.053,1.6,,,Ⅱ
2023-11-17T16:00:00+08:00,1700208000,13.6,7.76,9.34,609.7,33.2,2.7,0.214,0.049,1.58,,,Ⅱ
2023-11-17T20:00:00+08:00,1700222400,12.9,7.69,8.55,612.0,40.6,2.22,0.331,0.057,1.6,,,Ⅱ
2023-11-18T00:00:00+08:00,1700236800,12.1,7.67,8.26,614.3,40.6,2.22,0.331,0.057,1.6,,,Ⅱ
2023-11-18T04:00:00+08:00,1700251200,11.7,7.51,7.12,618.2,32.2,2.04,0.208,0.045,1.57,,,Ⅱ
2023-11-18T08:00:00+08:00,1700265600,11.5,7.48,5.95,610.6,31.6,2.48,0.182,0.041,1.56,,,Ⅲ
2023-11-18T12:00:00+08:00,1700280000,12.9,7.6,7.82,612.4,30.7,2.49,0.176,0.042,1.58,,,Ⅱ
2023-11-18T16:00:00+08:00,1700294400,12.9,7.8,10.59,615.0,33.2,1.79,0.234,0.049,1.6,,,Ⅱ
2023-11-18T20:00:00+08:00,1700308800,12.3,7.74,10.4,615.5,34.2,2.48,0.28,0.052,1.62,,,Ⅱ
2023-11-19T00:00:00+08:00,1700323200,11.7,7.7,10.68,611.7,38.3,2.48,0.28,0.052,1.62,,,Ⅱ
2023-11-19T04:00:00+08:00,1700337600,11.3,7.6,8.21,617.5,33.8,2.47,0.273,0.051,1.65,,,Ⅱ
2023-11-19T08:00:00+08:00,1700352000,11.2,7.55,7.02,614.1,31.4,2.47,0.207,0.046,1.65,,,Ⅱ
2023-11-19T12:00:00+08:00,1700366400,12.8,7.63,8.26,610.9,30.5,2.52,0.154,0.044,1.67,,,Ⅱ
2023-11-19T16:00:00+08:00,1700380800,13.4,7.74,9.86,609.2,31.6,2.47,0.174,0.044,1.63,,,Ⅱ
2023-11-19T20:00:00+08:00,1700395200,12.7,7.69,8.59,614.0,34.9,2.5,0.261,0.051,1.7,,,Ⅱ
2023-11-20T00:00:00+08:00,1700409600,12.2,7.62,7.8,613.8,34.7,2.5,0.261,0.051,1.7,,,Ⅱ
2023-11-20T04:00:00+08:00,1700424000,11.8,7.52,6.57,618.4,30.1,2.19,0.178,0.041,1.7,,,Ⅱ
2023-11-20T08:00:00+08:00,1700438400,11.6,7.5,6.31,613.2,29.8,2.19,0.161,0.039,1.67,,,Ⅱ
2023-11-20T12:00:00+08:00,1700452800,13.4,7.63,8.28,612.4,29.4,2.21,0.158,0.042,1.74,,,Ⅱ
2023-11-20T16:00:00+08:00,1700467200,13.5,7.75,9.22,620.1,33.9,2.22,0.251,0.049,1.68,,,Ⅱ
2023-11-20T20:00:00+08:00,1700481600,12.8,7.69,8.49,616.9,33.7,1.97,0.289,0.052,1.66,,,Ⅱ
2023-11-21T00:00:00+08:00,1700496000,12.5,7.61,8.96,613.5,34.1,1.97,0.289,0.052,1.66,,,Ⅱ
2023-11-21T04:00:00+08:00,1700510400,12.2,7.57,7.17,613.3,36.2,2.21,0.256,0.05,1.72,,,Ⅱ
2023-11-21T08:00:00+08:00,1700524800,12.0,7.52,6.45,614.3,31.8,2.68,0.176,0.044,1.66,,,Ⅱ
2023-11-21T12:00:00+08:00,1700539200,13.9,7.62,8.04,610.9,29.8,1.99,0.135,0.042,1.71,,,Ⅱ
2023-11-21T16:00:00+08:00,1700553600,14.4,7.78,9.4,615.3,32.7,2.23,0.187,0.046,1.72,,,Ⅱ
2023-11-21T20:00:00+08:00,1700568000,13.8,7.66,9.07,616.6,37.5,2.49,0.275,0.051,1.74,,,Ⅱ
2023-11-22T00:00:00+08:00,1700582400,13.2,7.58,7.34,614.0,33.4,2.49,0.275,0.051,1.74,,,Ⅱ
2023-11-22T04:00:00+08:00,1700596800,12.8,7.54,7.1,613.5,32.8,2.22,0.233,0.046,1.73,,,Ⅱ
2023-11-22T08:00:00+08:00,1700611200,12.7,7.5,6.02,618.8,32.8,2.68,0.19,0.043,1.71,,,Ⅱ
2023-11-22T12:00:00+08:00,1700625600,14.3,7.57,7.04,612.9,31.9,2.18,0.157,0.045,1.73,,,Ⅱ
2023-11-22T16:00:00+08:00,1700640000,14.8,7.72,8.82,602.5,30.6,2.23,0.164,0.042,1.76,,,Ⅱ
2023-11-22T20:00:00+08:00,1700654400,14.1,7.65,7.63,612.3,35.1,2.22,0.276,0.049,1.63,,,Ⅱ
2023-11-23T00:00:00+08:00,1700668800,13.9,7.55,6.47,619.7,35.6,2.22,0.276,0.049,1.63,,,Ⅱ
2023-11-23T04:00:00+08:00,1700683200,13.8,7.52,6.52,613.2,36.9,2.72,0.238,0.047,1.73,,,Ⅱ
2023-11-23T08:00:00+08:00,1700697600,13.7,7.46,5.13,613.0,32.3,2.72,0.191,0.042,1.73,,,Ⅲ
2023-11-23T12:00:00+08:00,1700712000,15.0,7.51,6.22,610.4,28.5,2.67,0.119,0.038,1.69,,,Ⅱ
2023-11-23T16:00:00+08:00,1700726400,15.2,7.69,8.33,615.5,30.4,2.19,0.149,0.041,1.75,,,Ⅱ
2023-11-23T20:00:00+08:00,1700740800,14.6,7.66,7.89,613.9,33.3,2.17,0.202,0.044,1.71,,,Ⅱ
2023-11-24T00:00:00+08:00,1700755200,13.8,7.58,6.91,624.0,33.3,2.17,0.202,0.044,1.71,,,Ⅱ
2023-11-24T04:00:00+08:00,1700769600,13.2,7.56,7.71,613.4,35.5,2.23,0.243,0.046,1.72,,,Ⅱ
2023-11-24T08:00:00+08:00,1700784000,12.8,7.57,6.71,620.5,36.2,2.68,0.263,0.048,1.7,,,Ⅱ
2023-11-24T12:00:00+08:00,1700798400,14.1,7.5,8.12,621.1,30.7,2.7,0.182,0.047,1.69,,,Ⅱ
2023-11-24T16:00:00+08:00,1700812800,13.8,7.77,9.18,611.6,40.6,2.47,0.292,0.054,1.65,,,Ⅱ
2023-11-24T20:00:00+08:00,1700827200,13.2,7.68,9.6,623.3,47.0,2.44,0.42,0.06,1.62,,,Ⅱ
2023-11-25T00:00:00+08:00,1700841600,12.7,7.63,7.8,619.9,39.9,2.44,0.42,0.06,1.62,,,Ⅱ
2023-11-25T04:00:00+08:00,1700856000,12.3,7.54,6.85,619.3,36.5,2.69,0.258,0.05,1.68,,,Ⅱ
2023-11-25T08:00:00+08:00,1700870400,12.0,7.54,7.0,631.2,35.0,2.22,0.255,0.05,1.7,,,Ⅱ
2023-11-25T12:00:00+08:00,1700884800,13.6,7.61,8.07,620.7,56.0,3.41,0.429,0.068,1.56,,,Ⅱ
2023-11-25T16:00:00+08:00,1700899200,13.8,7.69,8.68,616.6,59.7,3.43,0.534,0.072,1.54,,,Ⅲ
2023-11-25T20:00:00+08:00,1700913600,13.1,7.73,9.04,614.4,82.3,3.96,0.649,0.096,1.38,,,Ⅲ
2023-11-26T00:00:00+08:00,1700928000,12.6,7.67,8.45,629.2,56.7,3.96,0.649,0.096,1.38,,,Ⅲ
2023-11-26T04:00:00+08:00,1700942400,12.3,7.59,7.57,624.5,55.8,3.04,0.449,0.068,1.62,,,Ⅱ
2023-11-26T08:00:00+08:00,1700956800,12.2,7.58,7.4,620.8,42.4,2.93,0.346,0.058,1.66,,,Ⅱ
2023-11-26T12:00:00+08:00,1700971200,13.3,7.64,8.24,619.0,34.1,2.69,0.195,0.047,1.75,,,Ⅱ
2023-11-26T16:00:00+08:00,1700985600,13.3,7.71,8.91,620.0,34.5,2.71,0.21,0.045,1.76,,,Ⅱ
2023-11-26T20:00:00+08:00,1701000000,13.0,7.67,8.26,617.9,39.5,2.69,0.345,0.053,1.69,,,Ⅱ
2023-11-27T00:00:00+08:00,1701014400,12.9,7.62,7.77,625.7,38.2,2.69,0.345,0.053,1.69,,,Ⅱ
2023-11-27T04:00:00+08:00,1701028800,12.8,7.52,6.48,626.4,33.6,2.48,0.237,0.047,1.71,,,Ⅱ
2023-11-27T08:00:00+08:00,1701043200,12.6,7.52,6.49,623.4,36.3,2.53,0.256,0.049,1.7,,,Ⅱ
2023-11-27T12:00:00+08:00,1701057600,13.8,7.6,7.62,621.3,30.8,2.48,0.176,0.044,1.74,,,Ⅱ
2023-11-27T16:00:00+08:00,1701072000,14.1,7.73,9.18,616.4,31.9,2.74,0.16,0.044,1.75,,,Ⅱ
2023-11-27T20:00:00+08:00,1701086400,13.3,7.68,8.38,630.3,40.2,1.96,0.345,0.054,1.68,,,Ⅱ
2023-11-28T00:00:00+08:00,1701100800,12.9,7.65,8.04,626.7,37.0,1.96,0.345,0.054,1.68,,,Ⅱ
2023-11-28T04:00:00+08:00,1701115200,12.6,7.53,6.59,626.3,33.5,2.7,0.214,0.045,1.69,,,Ⅱ
2023-11-28T08:00:00+08:00,1701129600,12.4,7.53,6.59,623.9,34.8,2.7,0.231,0.046,1.71,,,Ⅱ
2023-11-28T12:00:00+08:00,1701144000,13.6,7.58,7.6,623.6,29.0,2.66,0.133,0.04,1.71,,,Ⅱ
2023-11-28T16:00:00+08:00,1701158400,14.0,7.76,9.84,621.8,31.1,2.51,0.132,0.04,1.66,,,Ⅱ
2023-11-28T20:00:00+08:00,1701172800,13.2,7.68,8.47,619.6,45.3,2.41,0.34,0.054,1.65,,,Ⅱ
2023-11-29T00:00:00+08:00,1701187200,12.6,7.65,8.36,621.2,61.4,2.41,0.34,0.054,1.65,,,Ⅱ
2023-11-29T04:00:00+08:00,1701201600,12.5,7.55,7.18,627.0,42.6,2.48,0.267,0.052,1.65,,,Ⅱ
2023-11-29T08:00:00+08:00,1701216000,12.4,7.55,7.26,624.3,39.9,2.96,0.271,0.052,1.7,,,Ⅱ
2023-11-29T12:00:00+08:00,1701230400,14.2,7.63,8.17,605.3,30.5,3.31,0.271,0.042,4.0,,,Ⅱ
2023-11-29T16:00:00+08:00,1701244800,14.6,7.77,9.83,611.5,29.3,3.34,0.07,0.039,1.66,,,Ⅱ
2023-11-29T20:00:00+08:00,1701259200,13.8,7.69,8.69,617.0,35.8,3.3,0.207,0.044,1.7,,,Ⅱ
2023-11-30T00:00:00+08:00,1701273600,13.3,7.62,8.02,623.1,34.2,3.3,0.207,0.044,1.7,,,Ⅱ
2023-11-30T04:00:00+08:00,1701288000,12.9,7.54,7.17,620.6,32.7,2.83,0.178,0.041,1.7,,,Ⅱ
2023-11-30T08:00:00+08:00,1701302400,12.4,7.54,6.87,617.2,33.7,2.84,0.176,0.041,1.7,,,Ⅱ
2023-11-30T12:00:00+08:00,1701316800,12.9,7.65,8.53,618.2,32.8,3.05,0.182,0.043,1.76,,,Ⅱ
2023-11-30T16:00:00+08:00,1701331200,13.0,7.78,9.83,628.2,31.2,2.83,0.161,0.043,1.75,,,Ⅱ
2023-11-30T20:00:00+08:00,1701345600,12.5,7.75,9.38,625.4,33.7,3.03,0.214,0.045,1.89,,,Ⅱ
2023-12-01T00:00:00+08:00,1701360000,11.9,7.68,9.46,620.9,34.9,3.03,0.214,0.045,1.89,,,Ⅱ
2023-12-01T04:00:00+08:00,1701374400,11.4,7.59,7.5,618.9,33.1,3.07,0.194,0.043,1.85,,,Ⅱ
2023-12-01T08:00:00+08:00,1701388800,11.1,7.53,6.71,620.3,30.9,3.11,0.134,0.039,1.82,,,Ⅱ
2023-12-01T12:00:00+08:00,1701403200,12.0,7.68,8.84,614.7,29.7,3.01,0.128,0.041,1.82,,,Ⅱ
2023-12-01T16:00:00+08:00,1701417600,12.0,7.84,10.47,613.3,30.6,3.07,0.146,0.045,1.81,,,Ⅱ
2023-12-01T20:00:00+08:00,1701432000,11.4,7.78,9.92,615.5,33.2,3.1,0.204,0.055,1.82,,,Ⅱ
2023-12-02T00:00:00+08:00,1701446400,10.8,7.73,9.3,609.9,36.4,3.1,0.204,0.055,1.82,,,Ⅱ
2023-12-02T04:00:00+08:00,1701460800,10.3,7.6,8.58,617.9,33.3,2.84,0.185,0.045,1.8,,,Ⅱ
2023-12-02T08:00:00+08:00,1701475200,10.1,7.55,7.72,614.4,29.9,3.09,0.129,0.043,1.76,,,Ⅱ
2023-12-02T12:00:00+08:00,1701489600,11.5,7.67,9.1,612.0,29.1,3.09,0.108,0.043,1.83,,,Ⅱ
2023-12-02T16:00:00+08:00,1701504000,11.8,7.86,10.71,612.0,29.0,3.09,0.107,0.042,1.81,,,Ⅱ
2023-12-02T20:00:00+08:00,1701518400,11.2,7.79,9.96,612.1,31.1,3.08,0.163,0.042,1.8,,,Ⅱ
2023-12-03T00:00:00+08:00,1701532800,10.7,7.73,9.22,613.1,32.3,3.08,0.163,0.042,1.8,,,Ⅱ
2023-12-03T04:00:00+08:00,1701547200,10.2,7.61,7.84,631.8,29.5,3.09,0.135,0.038,1.76,,,Ⅱ
2023-12-03T08:00:00+08:00,1701561600,9.9,7.57,7.41,621.4,29.0,3.1,0.139,0.037,1.77,,,Ⅱ
2023-12-03T12:00:00+08:00,1701576000,11.3,7.68,9.23,615.6,29.5,3.07,0.129,0.04,1.81,,,Ⅱ
2023-12-03T16:00:00+08:00,1701590400,11.9,7.9,11.16,613.9,29.0,3.1,0.073,0.042,1.79,,,Ⅱ
2023-12-03T20:00:00+08:00,1701604800,11.4,7.8,10.08,612.3,30.7,3.08,0.148,0.039,1.77,,,Ⅱ
2023-12-04T00:00:00+08:00,1701619200,10.8,7.72,9.17,611.4,31.4,3.08,0.148,0.039,1.77,,,Ⅱ
2023-12-04T04:00:00+08:00,1701633600,10.3,7.64,9.41,617.6,30.0,3.09,0.137,0.04,1.76,,,Ⅱ
2023-12-04T08:00:00+08:00,1701648000,10.1,7.57,8.16,614.5,28.6,3.08,0.11,0.035,1.74,,,Ⅱ
2023-12-04T12:00:00+08:00,1701662400,10.9,7.64,9.18,620.5,28.8,3.09,0.132,0.036,1.86,,,Ⅱ
2023-12-04T16:00:00+08:00,1701676800,11.5,7.79,10.23,603.3,28.3,3.05,0.103,0.036,1.89,,,Ⅱ
2023-12-04T20:00:00+08:00,1701691200,11.2,7.76,9.68,610.8,28.4,3.03,0.097,0.036,1.82,,,Ⅱ
2023-12-05T00:00:00+08:00,1701705600,10.9,7.67,8.61,610.1,29.5,3.1,0.139,0.036,1.81,,,Ⅱ
2023-12-05T04:00:00+08:00,1701720000,10.4,7.59,7.56,609.5,29.8,3.05,0.139,0.035,1.87,,,Ⅱ
2023-12-05T08:00:00+08:00,1701734400,10.1,7.53,6.8,613.9,29.6,3.11,0.155,0.036,1.84,,,Ⅱ
2023-12-05T12:00:00+08:00,1701748800,11.5,7.64,8.56,610.3,31.5,3.09,0.157,0.039,1.83,,,Ⅱ
2023-12-05T16:00:00+08:00,1701763200,12.0,7.84,10.52,619.5,29.0,3.01,0.121,0.037,1.86,,,Ⅱ
2023-12-05T20:00:00+08:00,1701777600,11.7,7.77,9.75,607.0,30.5,3.09,0.146,0.038,1.85,,,Ⅱ
2023-12-06T00:00:00+08:00,1701792000,11.1,7.68,8.62,590.2,31.8,3.08,0.183,0.038,1.84,,,Ⅱ
2023-12-06T04:00:00+08:00,1701806400,10.9,7.62,7.76,604.4,30.9,3.09,0.181,0.04,1.87,,,Ⅱ
2023-12-06T12:00:00+08:00,1701835200,11.6,7.67,8.72,615.4,30.0,3.29,0.138,0.037,1.83,,,Ⅱ
2023-12-06T16:00:00+08:00,1701849600,12.2,7.87,10.58,615.7,33.1,3.06,0.148,0.04,1.87,,,Ⅱ
2023-12-06T20:00:00+08:00,1701864000,11.6,7.76,9.48,618.3,35.4,3.08,0.187,0.04,1.83,,,Ⅱ
2023-12-07T00:00:00+08:00,1701878400,11.3,7.68,8.55,611.3,33.5,2.86,0.198,0.04,1.85,,,Ⅱ
2023-12-07T04:00:00+08:00,1701892800,10.8,7.61,7.68,605.8,32.0,3.07,0.181,0.038,1.83,,,Ⅱ
2023-12-07T08:00:00+08:00,1701907200,10.7,7.6,7.58,604.2,32.7,3.09,0.227,0.042,1.87,,,Ⅱ
2023-12-07T12:00:00+08:00,1701921600,12.3,7.69,8.91,611.6,30.7,3.09,0.135,0.039,1.84,,,Ⅱ
2023-12-07T16:00:00+08:00,1701936000,12.6,7.82,10.06,612.9,30.9,3.08,0.128,0.038,1.86,,,Ⅱ
2023-12-07T20:00:00+08:00,1701950400,12.2,7.78,9.62,619.9,32.5,2.84,0.138,0.037,1.84,,,Ⅱ
2023-12-08T00:00:00+08:00,1701964800,11.8,7.7,8.8,610.3,36.3,3.08,0.224,0.043,1.85,,,Ⅱ
2023-12-08T04:00:00+08:00,1701979200,11.4,7.63,7.88,606.7,35.3,2.86,0.205,0.04,1.83,,,Ⅱ
2023-12-08T08:00:00+08:00,1701993600,11.2,7.59,7.28,610.4,34.5,3.08,0.2,0.041,1.87,,,Ⅱ
2023-12-08T12:00:00+08:00,1702008000,13.1,7.68,8.86,613.3,28.7,2.84,0.088,0.035,1.86,,,Ⅱ
2023-12-08T16:00:00+08:00,1702022400,13.5,7.81,10.0,613.6,28.8,2.84,,0.035,1.86,,,
2023-12-08T20:00:00+08:00,1702036800,12.8,7.78,10.05,615.7,29.8,3.02,0.121,0.035,1.84,,,Ⅱ
2023-12-09T00:00:00+08:00,1702051200,12.4,7.67,8.29,628.2,33.9,3.04,0.206,0.038,1.84,,,Ⅱ
2023-12-09T04:00:00+08:00,1702065600,12.1,7.62,8.82,616.1,34.0,3.01,0.214,0.039,1.83,,,Ⅱ
2023-12-09T08:00:00+08:00,1702080000,12.1,7.61,7.26,606.8,33.6,3.01,0.226,0.041,1.86,,,Ⅱ
2023-12-09T12:00:00+08:00,1702094400,12.8,7.64,8.02,613.6,31.3,2.83,0.166,0.037,1.85,,,Ⅱ
2023-12-09T20:00:00+08:00,1702123200,12.9,7.74,8.82,611.7,34.0,2.85,0.155,0.038,1.83,,,Ⅱ
2023-12-10T00:00:00+08:00,1702137600,12.8,7.69,8.17,612.4,35.2,3.07,0.224,0.041,1.79,,,Ⅱ
2023-12-10T08:00:00+08:00,1702166400,12.8,7.58,6.72,616.4,32.7,3.09,0.227,0.041,1.79,,,Ⅱ
2023-12-10T12:00:00+08:00,1702180800,13.2,7.58,6.79,613.9,31.7,3.1,0.197,0.041,1.79,,,Ⅱ
2023-12-10T20:00:00+08:00,1702209600,13.3,7.66,7.86,612.2,33.6,3.07,0.159,0.039,1.81,,,Ⅱ
2023-12-11T00:00:00+08:00,1702224000,13.2,7.63,7.37,620.1,32.7,3.08,0.206,0.042,1.77,,,Ⅱ
2023-12-11T04:00:00+08:00,1702238400,13.2,7.55,6.26,620.2,32.7,3.09,0.207,0.042,1.75,,,Ⅱ
2023-12-11T08:00:00+08:00,1702252800,13.2,7.61,7.24,612.2,34.9,3.09,0.199,0.042,1.82,,,Ⅱ
2023-12-11T12:00:00+08:00,1702267200,13.2,7.53,6.32,611.7,31.9,3.08,0.244,0.048,1.79,,,Ⅱ
2023-12-11T16:00:00+08:00,1702281600,12.9,7.54,6.64,613.8,31.9,3.09,0.191,0.042,1.86,,,Ⅱ
2023-12-11T20:00:00+08:00,1702296000,12.6,7.56,8.26,605.3,36.4,3.1,0.182,0.042,1.88,,,Ⅱ
2023-12-12T00:00:00+08:00,1702310400,12.0,7.53,6.68,602.9,33.2,3.08,0.242,0.044,1.87,,,Ⅱ
2023-12-12T04:00:00+08:00,1702324800,11.7,7.49,6.05,598.1,33.1,3.25,0.211,0.043,1.94,,,Ⅱ
2023-12-12T12:00:00+08:00,1702353600,11.6,7.53,8.18,605.9,33.9,3.08,0.254,0.046,1.97,,,Ⅱ
2023-12-12T16:00:00+08:00,1702368000,11.6,7.6,8.66,609.8,33.7,3.1,0.222,0.046,1.9,,,Ⅱ
2023-12-12T20:00:00+08:00,1702382400,11.3,7.63,8.73,613.5,41.6,3.09,0.212,0.044,1.89,,,Ⅱ
2023-12-13T00:00:00+08:00,1702396800,11.1,7.6,8.33,613.9,39.1,3.08,0.307,0.049,1.81,,,Ⅱ
2023-12-13T04:00:00+08:00,1702411200,10.9,7.56,7.75,616.9,36.4,3.08,0.307,0.049,1.81,,,Ⅱ
2023-12-13T08:00:00+08:00,1702425600,10.9,7.56,7.58,612.1,49.5,3.07,0.29,0.047,1.83,,,Ⅱ
2023-12-13T12:00:00+08:00,1702440000,11.5,7.57,8.04,623.5,35.3,3.08,0.446,0.056,1.8,,,Ⅱ
2023-12-13T16:00:00+08:00,1702454400,12.2,7.7,9.5,611.3,38.1,3.1,0.265,0.046,1.92,,,Ⅱ
2023-12-13T20:00:00+08:00,1702468800,11.8,7.64,8.68,610.2,44.4,3.08,0.025,0.048,1.82,,,Ⅱ
2023-12-14T00:00:00+08:00,1702483200,11.8,7.62,8.48,606.0,39.4,3.1,0.353,0.053,1.83,,,Ⅱ
2023-12-14T04:00:00+08:00,1702497600,11.8,7.54,7.47,606.8,35.1,3.1,0.353,0.053,1.83,,,Ⅱ
2023-12-14T08:00:00+08:00,1702512000,11.8,7.53,7.33,612.5,34.4,3.08,0.238,0.046,1.88,,,Ⅱ
2023-12-14T12:00:00+08:00,1702526400,13.1,7.6,8.19,607.7,33.9,3.1,0.256,0.046,1.86,,,Ⅱ
2023-12-14T16:00:00+08:00,1702540800,13.8,7.69,9.16,599.4,31.4,2.88,0.227,0.044,1.84,,,Ⅱ
2023-12-14T20:00:00+08:00,1702555200,12.9,7.63,8.4,601.6,41.6,3.04,0.161,0.043,1.92,,,Ⅱ
2023-12-15T00:00:00+08:00,1702569600,12.7,7.59,7.9,603.6,37.7,2.86,0.341,0.049,1.89,,,Ⅱ
2023-12-15T04:00:00+08:00,1702584000,12.7,7.49,6.36,607.6,33.3,2.86,0.341,0.049,1.89,,,Ⅱ
2023-12-15T08:00:00+08:00,1702598400,12.3,7.49,6.72,605.0,36.3,3.08,0.223,0.044,1.9,,,Ⅱ
2023-12-15T16:00:00+08:00,1702627200,11.7,7.56,7.86,608.2,30.0,3.07,0.227,0.044,1.93,,,Ⅱ
2023-12-15T20:00:00+08:00,1702641600,11.3,7.63,7.64,599.1,30.4,3.23,0.167,0.042,1.92,,,Ⅱ
2023-12-16T00:00:00+08:00,1702656000,10.6,7.62,7.18,606.8,33.9,3.09,0.177,0.04,1.94,,,Ⅱ
2023-12-16T04:00:00+08:00,1702670400,10.1,7.59,7.06,605.3,33.0,3.09,0.222,0.043,1.96,,,Ⅱ
2023-12-16T12:00:00+08:00,1702699200,9.5,7.66,8.07,602.0,35.6,3.06,0.259,0.046,2.04,,,Ⅱ
2023-12-16T16:00:00+08:00,1702713600,9.4,7.84,9.44,600.5,32.7,3.01,0.268,0.047,2.03,,,Ⅱ
2023-12-17T00:00:00+08:00,1702742400,7.9,7.8,9.19,605.9,33.9,2.83,0.263,0.048,2.05,,,Ⅱ
2023-12-17T04:00:00+08:00,1702756800,7.4,7.72,8.64,611.5,33.2,2.84,0.284,0.049,2.04,,,Ⅱ
2023-12-17T08:00:00+08:00,1702771200,6.9,7.68,8.24,608.3,32.5,2.84,0.262,0.047,2.04,,,Ⅱ
2023-12-17T12:00:00+08:00,1702785600,7.8,7.81,9.58,599.3,34.1,2.84,0.246,0.047,2.03,,,Ⅱ
2023-12-17T16:00:00+08:00,1702800000,7.8,8.03,11.23,613.7,33.9,2.83,0.267,0.052,2.04,,,Ⅱ
2023-12-17T20:00:00+08:00,1702814400,7.5,8.0,10.72,616.5,35.1,2.78,0.265,0.053,2.0,,,Ⅱ
2023-12-18T00:00:00+08:00,1702828800,7.1,7.93,10.32,595.4,33.9,2.83,0.273,0.049,1.99,,,Ⅱ
2023-12-18T04:00:00+08:00,1702843200,6.8,7.84,9.53,614.8,32.9,2.84,0.271,0.048,1.95,,,Ⅱ
2023-12-18T08:00:00+08:00,1702857600,6.6,7.74,8.59,611.3,30.6,2.84,0.258,0.047,1.94,,,Ⅱ
2023-12-18T12:00:00+08:00,1702872000,6.6,7.76,9.14,616.3,32.1,2.83,0.225,0.044,1.97,,,Ⅱ
2023-12-18T16:00:00+08:00,1702886400,6.6,7.86,11.07,604.2,32.7,2.84,0.235,0.043,1.98,,,Ⅱ
2023-12-18T20:00:00+08:00,1702900800,6.6,7.86,10.38,604.6,36.4,2.83,0.235,0.046,1.99,,,Ⅱ
2023-12-19T00:00:00+08:00,1702915200,6.5,7.84,10.02,602.2,33.8,3.09,0.275,0.048,1.97,,,Ⅱ
2023-12-19T04:00:00+08:00,1702929600,6.4,7.8,9.28,605.5,33.9,3.09,0.265,0.048,1.96,,,Ⅱ
2023-12-19T08:00:00+08:00,1702944000,6.4,7.74,8.72,609.9,32.8,3.09,0.28,0.048,1.97,,,Ⅱ
2023-12-19T12:00:00+08:00,1702958400,6.4,7.74,8.82,601.3,31.6,3.0,0.268,0.048,1.98,,,Ⅱ
2023-12-19T16:00:00+08:00,1702972800,6.7,7.81,9.44,590.1,33.3,3.04,0.275,0.048,2.02,,,Ⅱ
2023-12-19T20:00:00+08:00,1702987200,6.7,7.82,9.5,587.6,32.5,2.83,0.304,0.051,2.11,,,Ⅱ
2023-12-20T00:00:00+08:00,1703001600,6.4,7.79,9.32,591.5,31.9,2.8,0.292,0.051,2.14,,,Ⅱ
2023-12-20T12:00:00+08:00,1703044800,6.1,7.77,9.57,621.6,30.9,2.83,0.3,0.051,2.09,,,Ⅱ
2023-12-20T16:00:00+08:00,1703059200,6.8,7.94,11.15,597.0,33.2,2.83,0.287,0.053,2.13,,,Ⅱ
2023-12-20T20:00:00+08:00,1703073600,6.3,7.93,11.03,602.9,32.7,2.83,0.284,0.055,2.09,,,Ⅱ
2023-12-21T00:00:00+08:00,1703088000,5.6,7.81,10.33,605.5,31.9,2.85,0.283,0.052,2.07,,,Ⅱ
2023-12-21T04:00:00+08:00,1703102400,4.7,7.7,9.47,601.9,32.5,2.58,0.279,0.05,2.1,,,Ⅱ
2023-12-21T08:00:00+08:00,1703116800,4.2,7.65,9.23,593.9,32.1,2.84,0.286,0.05,2.11,,,Ⅱ
2023-12-21T12:00:00+08:00,1703131200,5.0,7.91,11.17,620.1,32.5,2.83,0.292,0.051,2.12,,,Ⅱ
2023-12-21T16:00:00+08:00,1703145600,5.6,8.08,12.1,582.9,32.9,2.8,0.292,0.055,2.09,,,Ⅱ
2023-12-21T20:00:00+08:00,1703160000,4.8,8.04,11.67,584.9,34.3,2.61,0.288,0.056,2.07,,,Ⅱ
2023-12-22T00:00:00+08:00,1703174400,4.0,7.89,10.62,583.5,33.9,2.83,0.314,0.053,2.12,,,Ⅱ
2023-12-22T04:00:00+08:00,1703188800,3.3,7.82,10.34,587.8,35.3,2.58,0.33,0.052,2.07,,,Ⅱ
2023-12-22T08:00:00+08:00,1703203200,2.9,7.82,10.2,577.7,35.3,2.85,0.399,0.059,2.06,,,Ⅱ
2023-12-22T12:00:00+08:00,1703217600,4.0,7.94,10.86,578.6,33.5,2.83,0.381,0.054,2.1,,,Ⅱ
2023-12-22T16:00:00+08:00,1703232000,4.1,8.06,11.75,584.2,35.8,2.83,0.34,0.056,2.03,,,Ⅱ
2023-12-22T20:00:00+08:00,1703246400,4.0,8.1,11.82,581.9,36.5,2.83,0.353,0.056,2.11,,,Ⅱ
2023-12-23T00:00:00+08:00,1703260800,4.0,8.09,11.7,572.4,34.4,2.84,0.347,0.054,2.06,,,Ⅱ
2023-12-23T04:00:00+08:00,1703275200,3.7,8.02,11.38,579.6,35.5,2.86,0.341,0.052,2.07,,,Ⅱ
2023-12-23T08:00:00+08:00,1703289600,3.4,7.97,10.94,587.7,35.5,2.83,0.353,0.051,2.06,,,Ⅱ
2023-12-23T12:00:00+08:00,1703304000,3.8,8.0,11.24,586.4,34.7,2.83,0.025,0.052,2.01,,,Ⅱ
2023-12-23T16:00:00+08:00,1703318400,4.2,8.08,11.78,578.8,34.3,2.84,0.025,0.053,2.08,,,Ⅱ
2023-12-23T20:00:00+08:00,1703332800,4.1,8.08,11.78,587.8,34.5,2.84,0.025,0.05,2.01,,,Ⅱ
2023-12-24T00:00:00+08:00,1703347200,3.8,8.06,11.56,587.8,34.8,2.83,0.025,0.05,1.99,,,Ⅱ
2023-12-24T04:00:00+08:00,1703361600,3.5,8.01,11.18,597.1,33.5,2.85,0.025,0.05,2.03,,,Ⅱ
2023-12-24T08:00:00+08:00,1703376000,3.3,7.94,10.68,596.3,33.7,2.81,0.025,0.049,2.04,,,Ⅱ
2023-12-24T12:00:00+08:00,1703390400,4.7,7.98,11.27,589.9,32.6,2.84,0.364,0.05,2.06,,,Ⅱ
2023-12-24T16:00:00+08:00,1703404800,5.2,8.09,12.18,590.3,35.0,2.81,0.324,0.052,2.03,,,Ⅱ
2023-12-24T20:00:00+08:00,1703419200,4.7,8.06,11.82,594.8,37.7,2.85,0.368,0.051,1.97,,,Ⅱ
2023-12-25T00:00:00+08:00,1703433600,4.4,8.0,11.4,596.4,38.2,2.85,0.368,0.051,1.97,,,Ⅱ
2023-12-25T04:00:00+08:00,1703448000,4.0,7.96,11.1,595.5,37.4,2.83,0.404,0.05,2.01,,,Ⅱ
2023-12-25T08:00:00+08:00,1703462400,3.8,7.91,10.76,602.7,36.4,2.83,0.404,0.05,2.01,,,Ⅱ
2023-12-25T12:00:00+08:00,1703476800,5.1,7.89,12.03,592.8,38.5,2.58,,0.052,1.99,,,
2023-12-25T16:00:00+08:00,1703491200,5.7,8.01,11.89,592.0,35.8,2.84,0.353,0.054,2.05,,,Ⅱ
2023-12-25T20:00:00+08:00,1703505600,5.0,8.02,11.82,605.0,35.5,2.84,0.353,0.054,2.05,,,Ⅱ
2023-12-26T00:00:00+08:00,1703520000,4.7,7.95,11.01,600.7,39.1,2.83,,0.05,2.08,,,
2023-12-26T04:00:00+08:00,1703534400,4.3,7.9,10.77,598.3,41.4,2.84,0.439,0.053,1.98,,,Ⅱ
2024-01-15T16:00:00+08:00,1705305600,10.3,8.36,12.69,588.9,32.5,2.84,0.186,0.048,2.07,,,Ⅱ
2024-01-16T12:00:00+08:00,1705377600,8.8,7.97,10.18,591.0,35.7,2.83,0.225,0.048,2.1,,,Ⅱ
2024-01-16T16:00:00+08:00,1705392000,9.7,8.1,10.95,582.9,52.7,4.09,0.425,0.071,2.08,,,Ⅲ
2024-01-16T20:00:00+08:00,1705406400,9.1,8.03,10.49,586.7,64.3,4.36,0.538,0.083,2.05,,,Ⅲ
2024-01-17T00:00:00+08:00,1705420800,8.7,7.98,10.04,585.9,65.0,4.36,0.538,0.083,2.05,,,Ⅲ
2024-01-17T04:00:00+08:00,1705435200,8.5,7.87,9.24,586.4,59.7,3.58,0.453,0.072,1.96,,,Ⅱ
2024-01-17T08:00:00+08:00,1705449600,8.6,7.84,9.05,579.7,40.7,3.12,0.273,0.056,2.09,,,Ⅱ
2024-01-17T12:00:00+08:00,1705464000,9.9,7.98,10.3,579.2,34.2,2.84,0.202,0.052,2.1,,,Ⅱ
2024-01-17T16:00:00+08:00,1705478400,10.9,8.37,12.55,581.3,31.6,2.83,0.139,0.048,2.12,,,Ⅱ
2024-01-17T20:00:00+08:00,1705492800,10.1,8.15,11.1,570.9,31.2,2.84,0.152,0.045,2.13,,,Ⅱ
2024-01-18T00:00:00+08:00,1705507200,9.8,8.01,10.26,580.3,31.4,2.84,0.152,0.045,2.13,,,Ⅱ
2024-01-18T04:00:00+08:00,1705521600,9.5,7.84,8.97,587.2,31.2,2.81,0.154,0.041,2.09,,,Ⅱ
2024-01-18T08:00:00+08:00,1705536000,9.5,7.78,8.56,587.2,31.7,2.83,0.166,0.042,2.13,,,Ⅱ
2024-01-22T16:00:00+08:00,1705910400,6.8,8.12,11.3,577.6,34.9,2.83,0.338,0.065,2.37,,,Ⅱ
2024-01-22T20:00:00+08:00,1705924800,6.0,8.09,10.99,587.4,36.1,2.6,0.328,0.06,2.24,,,Ⅱ
2024-01-23T00:00:00+08:00,1705939200,5.4,7.85,9.48,585.1,34.3,2.6,0.328,0.06,2.24,,,Ⅱ
2024-01-23T04:00:00+08:00,1705953600,4.7,7.86,9.48,586.1,36.8,2.6,0.328,0.06,2.24,,,Ⅱ
2024-01-23T08:00:00+08:00,1705968000,4.3,7.87,9.76,592.0,36.6,2.58,0.349,0.06,2.32,,,Ⅱ
2024-01-23T12:00:00+08:00,1705982400,5.7,8.14,11.78,583.6,39.1,2.58,0.353,0.069,2.24,,,Ⅱ
2024-01-23T16:00:00+08:00,1705996800,5.7,8.28,12.32,589.1,39.2,2.58,0.353,0.069,2.24,,,Ⅱ
2024-01-23T20:00:00+08:00,1706011200,4.7,8.18,11.64,592.1,38.7,2.62,0.373,0.07,2.25,,,Ⅱ
2024-01-24T00:00:00+08:00,1706025600,3.8,7.96,10.5,607.4,38.9,2.58,0.372,0.063,2.27,,,Ⅱ
2024-01-24T04:00:00+08:00,1706040000,3.4,7.94,10.33,598.7,38.0,3.04,0.397,0.059,2.26,,,Ⅱ
2024-01-24T08:00:00+08:00,1706054400,3.2,7.93,10.36,578.9,38.1,2.83,0.405,0.059,2.3,,,Ⅱ
2024-01-24T12:00:00+08:00,1706068800,5.0,8.14,11.96,581.4,41.3,3.08,0.4,0.066,2.26,,,Ⅱ
2024-01-24T16:00:00+08:00,1706083200,5.5,8.24,12.28,578.4,49.7,3.08,0.4,0.066,2.26,,,Ⅱ
2024-01-24T20:00:00+08:00,1706097600,4.7,8.14,11.61,583.5,47.0,3.29,0.473,0.067,2.19,,,Ⅱ
2024-01-25T00:00:00+08:00,1706112000,4.0,8.04,10.97,586.9,42.5,3.29,0.473,0.067,2.19,,,Ⅱ
2024-01-25T04:00:00+08:00,1706126400,3.7,7.92,10.34,584.6,38.2,3.29,0.473,0.067,2.19,,,Ⅱ
2024-01-25T08:00:00+08:00,1706140800,3.7,7.89,10.12,577.1,36.6,3.02,0.377,0.056,2.27,,,Ⅱ
2024-01-25T12:00:00+08:00,1706155200,5.5,8.02,11.35,575.5,40.2,2.82,0.354,0.055,2.3,,,Ⅱ
2024-01-25T16:00:00+08:00,1706169600,6.6,8.23,12.01,562.0,41.3,2.82,0.354,0.055,2.3,,,Ⅱ
2024-01-25T20:00:00+08:00,1706184000,5.0,8.19,12.15,606.6,39.7,2.77,0.34,0.06,2.28,,,Ⅱ
2024-01-26T00:00:00+08:00,1706198400,3.9,8.01,10.9,610.1,38.9,2.8,0.352,0.056,2.24,,,Ⅱ
2024-01-26T10:31:00+08:00,1706236260,,,,,,,,,,,,
2024-01-26T14:31:00+08:00,1706250660,,,,,,,,,,,,
2024-01-26T18:32:00+08:00,1706265120,,,,,,,,,,,,
2024-01-26T22:33:00+08:00,1706279580,,,,,,,,,,,,
2024-01-27T10:35:00+08:00,1706322900,,,,,,,,,,,,
2024-01-27T12:00:00+08:00,1706328000,4.8,7.98,10.88,560.8,38.8,2.81,0.326,0.055,2.19,,,Ⅱ
2024-01-27T16:00:00+08:00,1706342400,6.1,8.12,11.64,561.8,38.6,2.79,0.307,0.055,2.19,,,Ⅱ
2024-01-27T20:00:00+08:00,1706356800,6.0,8.11,11.45,560.8,37.2,2.57,0.289,0.057,2.23,,,Ⅱ
2024-01-28T00:00:00+08:00,1706371200,5.3,7.99,10.37,569.9,42.1,2.57,0.289,0.057,2.23,,,Ⅱ
2024-01-28T04:00:00+08:00,1706385600,4.9,7.86,9.46,569.0,38.8,2.57,0.289,0.057,2.23,,,Ⅱ
2024-01-28T08:00:00+08:00,1706400000,4.8,7.85,9.49,571.3,38.4,2.53,0.301,0.054,2.24,,,Ⅱ
2024-01-28T12:00:00+08:00,1706414400,6.4,8.0,11.02,571.7,38.7,2.41,0.3,0.058,2.2,,,Ⅱ
2024-01-28T16:00:00+08:00,1706428800,7.1,8.18,12.15,566.0,37.2,2.41,0.3,0.058,2.2,,,Ⅱ
2024-01-28T20:00:00+08:00,1706443200,6.6,8.14,11.66,566.2,36.7,3.04,0.266,0.058,2.23,,,Ⅱ
2024-01-29T00:00:00+08:00,1706457600,6.0,7.99,10.49,567.4,38.0,2.52,0.264,0.055,2.29,,,Ⅱ
2024-01-29T04:00:00+08:00,1706472000,5.6,7.84,9.47,572.3,38.9,2.84,0.272,0.053,2.24,,,Ⅱ
2024-01-29T08:00:00+08:00,1706486400,5.6,7.8,9.2,572.5,41.5,2.29,0.304,0.055,2.19,,,Ⅱ
2024-01-29T12:00:00+08:00,1706500800,6.4,7.91,10.21,574.6,57.2,4.48,0.528,0.076,2.07,,,Ⅲ
2024-01-29T16:00:00+08:00,1706515200,6.7,7.97,10.7,587.6,64.5,3.3,0.591,0.085,2.06,,,Ⅲ
2024-01-29T20:00:00+08:00,1706529600,6.4,7.92,10.18,581.6,57.0,3.3,0.544,0.08,2.16,,,Ⅲ
2024-01-30T00:00:00+08:00,1706544000,6.2,7.88,9.86,582.3,54.3,3.3,0.544,0.08,2.16,,,Ⅲ
2024-01-30T04:00:00+08:00,1706558400,6.3,7.8,9.19,572.7,51.0,3.05,0.444,0.07,2.18,,,Ⅲ
2024-01-30T08:00:00+08:00,1706572800,6.4,7.78,8.99,570.6,45.6,2.83,0.366,0.063,2.23,,,Ⅱ
2024-01-30T12:00:00+08:00,1706587200,6.7,7.86,9.64,577.5,40.5,2.56,0.317,0.055,2.22,,,Ⅱ
2024-01-30T16:00:00+08:00,1706601600,7.2,7.97,10.54,580.0,37.3,2.57,0.281,0.053,2.24,,,Ⅱ
2024-01-30T20:00:00+08:00,1706616000,7.1,7.9,9.9,567.7,37.4,2.55,0.295,0.054,2.26,,,Ⅱ
2024-01-31T00:00:00+08:00,1706630400,7.0,7.86,9.66,570.8,39.7,2.55,0.295,0.054,2.26,,,Ⅱ
2024-01-31T04:00:00+08:00,1706644800,7.1,7.76,8.57,578.1,37.2,2.54,0.312,0.056,2.29,,,Ⅱ
2024-01-31T08:00:00+08:00,1706659200,7.2,7.73,8.33,579.2,37.5,2.56,0.298,0.056,2.35,,,Ⅱ
2024-01-31T12:00:00+08:00,1706673600,7.5,7.82,9.25,582.6,36.5,2.55,0.293,0.056,2.3,,,Ⅱ
2024-01-31T16:00:00+08:00,1706688000,7.9,7.88,9.81,569.2,36.7,2.56,0.302,0.056,2.33,,,Ⅱ
2024-01-31T20:00:00+08:00,1706702400,7.9,7.84,9.51,571.8,34.9,2.55,0.305,0.057,2.36,,,Ⅱ
2024-02-01T00:00:00+08:00,1706716800,7.8,7.81,9.15,580.0,35.3,2.55,0.305,0.057,2.36,,,Ⅱ
2024-02-01T04:00:00+08:00,1706731200,7.8,7.76,8.62,580.2,36.2,2.54,0.303,0.057,2.31,,,Ⅱ
2024-02-01T08:00:00+08:00,1706745600,7.9,7.73,8.4,568.8,35.1,2.81,0.316,0.06,2.36,,,Ⅱ
2024-02-01T16:00:00+08:00,1706774400,7.9,7.79,9.04,567.9,39.4,3.04,0.361,0.069,2.41,,,Ⅱ
2024-02-01T20:00:00+08:00,1706788800,8.0,7.74,8.45,563.9,37.2,2.78,0.37,0.066,2.49,,,Ⅱ
2024-02-02T00:00:00+08:00,1706803200,7.7,7.8,9.01,574.9,38.5,2.78,0.37,0.066,2.49,,,Ⅱ
2024-02-02T08:00:00+08:00,1706832000,7.4,7.69,7.93,562.8,37.6,2.8,0.331,0.063,2.33,,,Ⅱ
2024-02-02T12:00:00+08:00,1706846400,7.5,7.76,8.52,575.7,39.4,2.8,0.412,0.068,2.55,,,Ⅱ
2024-02-02T16:00:00+08:00,1706860800,7.6,7.93,9.83,581.6,42.6,2.81,0.416,0.066,2.46,,,Ⅱ
2024-02-02T20:00:00+08:00,1706875200,7.5,7.8,8.95,570.9,37.8,2.77,0.394,0.064,2.34,,,Ⅱ
2024-02-03T00:00:00+08:00,1706889600,7.2,7.84,9.32,587.3,37.9,2.8,0.406,0.067,2.53,,,Ⅱ
2024-02-03T04:00:00+08:00,1706904000,7.1,7.78,8.77,570.2,38.3,2.8,0.406,0.067,2.53,,,Ⅱ
2024-02-03T08:00:00+08:00,1706918400,7.0,7.79,8.9,559.5,40.0,2.56,0.371,0.063,2.41,,,Ⅱ
2024-02-03T12:00:00+08:00,1706932800,7.1,7.81,9.22,559.4,37.5,2.58,0.436,0.066,2.5,,,Ⅱ
2024-02-03T16:00:00+08:00,1706947200,7.2,7.86,9.71,571.4,36.7,2.57,0.388,0.067,2.44,,,Ⅱ
2024-02-03T20:00:00+08:00,1706961600,7.0,7.79,9.11,566.7,39.5,2.55,0.359,0.064,2.39,,,Ⅱ
2024-02-04T00:00:00+08:00,1706976000,6.9,7.76,8.87,565.3,39.4,2.56,0.412,0.069,2.64,,,Ⅱ
2024-02-04T04:00:00+08:00,1706990400,6.8,7.74,8.73,558.9,38.3,2.56,0.412,0.069,2.64,,,Ⅱ
2024-02-04T08:00:00+08:00,1707004800,6.7,7.74,8.68,568.4,38.8,2.8,0.426,0.071,2.71,,,Ⅱ
2024-02-04T12:00:00+08:00,1707019200,6.7,7.74,8.97,569.9,37.5,2.8,0.423,0.073,2.87,,,Ⅱ
2024-02-04T16:00:00+08:00,1707033600,6.7,7.79,9.4,573.0,36.5,2.79,0.45,0.073,2.94,,,Ⅱ
2024-02-04T20:00:00+08:00,1707048000,6.6,7.74,8.76,576.8,38.7,2.8,0.448,0.071,2.83,,,Ⅱ
2024-02-05T00:00:00+08:00,1707062400,6.4,7.72,8.7,570.8,38.1,2.79,0.466,0.075,2.94,,,Ⅱ
2024-02-05T04:00:00+08:00,1707076800,6.2,7.73,8.79,578.6,40.1,2.82,0.51,0.077,3.09,,,Ⅲ
2024-02-05T08:00:00+08:00,1707091200,6.0,7.71,8.61,592.5,37.2,2.82,0.523,0.078,3.13,,,Ⅲ
2024-02-05T12:00:00+08:00,1707105600,6.0,7.75,9.18,584.5,37.6,2.8,0.511,0.077,3.32,,,Ⅲ
2024-02-05T16:00:00+08:00,1707120000,6.0,7.8,9.68,584.7,35.9,2.82,0.488,0.077,3.42,,,Ⅱ
2024-02-05T20:00:00+08:00,1707134400,5.7,7.74,9.08,592.3,34.8,2.81,0.466,0.074,3.43,,,Ⅱ
2024-02-06T00:00:00+08:00,1707148800,5.5,7.72,8.79,587.4,36.4,2.8,0.47,0.073,3.47,,,Ⅱ
2024-02-06T04:00:00+08:00,1707163200,5.3,7.75,9.04,581.0,37.0,2.81,0.472,0.072,3.43,,,Ⅱ
2024-02-06T08:00:00+08:00,1707177600,5.2,7.75,9.04,581.4,35.0,2.8,0.472,0.072,3.36,,,Ⅱ
2024-02-06T12:00:00+08:00,1707192000,5.4,7.83,9.75,578.4,35.7,2.79,0.454,0.072,3.22,,,Ⅱ
2024-02-06T16:00:00+08:00,1707206400,5.6,7.86,10.08,577.6,35.6,2.79,,0.072,3.09,,,
2024-02-06T20:00:00+08:00,1707220800,5.4,7.85,9.85,587.2,35.1,2.79,0.397,0.071,3.03,,,Ⅱ
2024-02-07T00:00:00+08:00,1707235200,5.3,7.77,9.15,580.3,35.6,2.79,0.397,0.071,3.03,,,Ⅱ
2024-02-07T04:00:00+08:00,1707249600,5.2,7.77,9.04,576.2,35.3,2.74,0.409,0.07,2.94,,,Ⅱ
2024-02-07T08:00:00+08:00,1707264000,5.1,7.79,9.24,576.4,35.2,2.55,0.396,0.07,2.91,,,Ⅱ
2024-02-17T08:00:00+08:00,1708128000,9.2,7.76,8.45,557.7,68.3,3.82,0.492,0.091,2.42,,,Ⅱ
2024-02-17T12:00:00+08:00,1708142400,10.4,7.86,9.24,554.8,49.6,4.01,0.524,0.094,2.34,,,Ⅲ
2024-02-17T16:00:00+08:00,1708156800,11.2,8.0,10.25,565.8,43.1,3.3,0.364,0.082,2.44,,,Ⅱ
2024-02-17T20:00:00+08:00,1708171200,10.7,7.84,9.0,558.2,44.6,3.05,0.286,0.073,2.39,,,Ⅱ
2024-02-18T00:00:00+08:00,1708185600,10.6,7.78,8.63,565.1,45.4,3.05,0.284,0.066,2.45,,,Ⅱ
2024-02-18T04:00:00+08:00,1708200000,10.6,7.74,8.2,560.8,40.9,3.05,0.284,0.066,2.45,,,Ⅱ
2024-02-18T08:00:00+08:00,1708214400,10.5,7.74,8.17,558.8,33.8,2.79,0.247,0.061,2.43,,,Ⅱ
2024-02-18T12:00:00+08:00,1708228800,11.7,7.87,9.37,561.4,35.1,2.8,0.186,0.054,2.4,,,Ⅱ
2024-02-18T16:00:00+08:00,1708243200,13.1,8.13,10.68,570.1,32.8,2.78,0.197,0.059,2.43,,,Ⅱ
2024-02-18T20:00:00+08:00,1708257600,12.3,7.91,9.22,564.8,35.6,2.55,0.173,0.06,2.42,,,Ⅱ
2024-02-19T00:00:00+08:00,1708272000,12.0,7.76,8.28,563.0,35.4,2.57,0.169,0.055,2.44,,,Ⅱ
2024-02-19T04:00:00+08:00,1708286400,11.9,7.77,8.25,564.2,35.4,2.57,0.169,0.055,2.44,,,Ⅱ
2024-02-19T08:00:00+08:00,1708300800,12.0,7.76,8.3,560.9,34.4,2.57,0.196,0.055,2.43,,,Ⅱ
2024-02-19T12:00:00+08:00,1708315200,13.1,7.92,9.59,564.3,32.3,2.77,0.154,0.059,2.39,,,Ⅱ
2024-02-19T16:00:00+08:00,1708329600,13.3,8.04,10.09,568.8,35.4,2.77,0.154,0.059,2.39,,,Ⅱ
2024-02-19T20:00:00+08:00,1708344000,12.4,7.9,9.09,574.3,42.1,2.76,0.188,0.058,2.39,,,Ⅱ
2024-02-20T00:00:00+08:00,1708358400,12.2,7.8,8.54,570.1,39.7,2.81,0.237,0.06,2.34,,,Ⅱ
2024-02-20T04:00:00+08:00,1708372800,11.8,7.77,8.09,568.0,38.7,2.8,0.212,0.056,2.4,,,Ⅱ
2024-02-20T08:00:00+08:00,1708387200,11.6,7.82,8.49,566.6,38.9,2.58,0.224,0.058,2.33,,,Ⅱ
2024-02-20T12:00:00+08:00,1708401600,11.6,7.83,8.8,561.7,36.1,2.58,0.224,0.058,2.33,,,Ⅱ
2024-02-20T16:00:00+08:00,1708416000,11.6,7.84,8.64,562.3,36.8,2.72,0.211,0.055,2.41,,,Ⅱ
2024-02-20T20:00:00+08:00,1708430400,11.3,7.9,8.91,575.7,49.0,2.79,0.223,0.056,2.41,,,Ⅱ
2024-02-21T00:00:00+08:00,1708444800,11.3,7.81,8.21,575.1,43.8,3.05,0.302,0.064,2.26,,,Ⅱ
2024-02-21T04:00:00+08:00,1708459200,11.1,7.75,7.59,569.6,38.1,2.8,0.306,0.064,2.33,,,Ⅱ
2024-02-21T08:00:00+08:00,1708473600,10.8,7.82,8.3,561.7,37.0,2.56,0.23,0.059,2.4,,,Ⅱ
2024-02-21T12:00:00+08:00,1708488000,10.6,7.8,8.42,544.3,34.6,2.56,0.218,0.058,2.39,,,Ⅱ
2024-02-21T16:00:00+08:00,1708502400,10.2,7.83,8.58,544.2,34.8,2.56,0.218,0.058,2.39,,,Ⅱ
2024-02-21T20:00:00+08:00,1708516800,9.8,7.82,8.6,553.8,34.6,2.54,0.21,0.056,2.4,,,Ⅱ
2024-02-22T00:00:00+08:00,1708531200,9.5,7.76,8.0,555.1,37.1,2.55,0.205,0.056,2.35,,,Ⅱ
2024-02-22T04:00:00+08:00,1708545600,9.1,7.78,8.29,567.1,35.8,2.56,0.256,0.06,2.47,,,Ⅱ
2024-02-22T08:00:00+08:00,1708560000,8.7,7.9,9.16,575.1,38.0,2.33,0.226,0.058,2.39,,,Ⅱ
2024-02-22T12:00:00+08:00,1708574400,8.5,7.89,9.23,579.3,34.9,2.48,0.213,0.056,2.41,,,Ⅱ
2024-02-22T16:00:00+08:00,1708588800,8.4,7.89,9.36,574.2,34.3,2.48,0.213,0.056,2.41,,,Ⅱ
2024-02-22T20:00:00+08:00,1708603200,8.0,7.98,9.75,604.0,34.0,2.56,0.222,0.057,2.51,,,Ⅱ
2024-02-23T00:00:00+08:00,1708617600,7.8,7.97,9.66,597.7,34.6,2.3,0.202,0.054,2.38,,,Ⅱ
2024-02-23T04:00:00+08:00,1708632000,7.4,7.85,9.25,583.8,35.8,2.54,0.232,0.057,2.54,,,Ⅱ
2024-02-23T08:00:00+08:00,1708646400,7.1,7.94,9.65,585.4,35.0,2.3,0.217,0.055,2.45,,,Ⅱ
2024-02-23T12:00:00+08:00,1708660800,7.2,7.96,9.89,581.0,34.7,2.3,0.217,0.055,2.45,,,Ⅱ
2024-02-23T16:00:00+08:00,1708675200,7.2,8.0,10.18,577.4,34.7,2.55,0.228,0.058,2.53,,,Ⅱ
2024-02-23T20:00:00+08:00,1708689600,7.0,8.01,10.16,581.8,33.8,2.54,0.214,0.058,2.61,,,Ⅱ
2024-02-24T00:00:00+08:00,1708704000,6.7,7.94,9.7,586.6,33.8,2.55,0.198,0.054,2.52,,,Ⅱ
2024-02-24T04:00:00+08:00,1708718400,6.5,7.91,9.51,586.9,35.1,2.55,0.198,0.054,2.52,,,Ⅱ
2024-02-24T08:00:00+08:00,1708732800,6.3,7.96,9.9,583.9,33.6,2.48,0.214,0.055,2.52,,,Ⅱ
2024-02-24T12:00:00+08:00,1708747200,5.9,7.94,9.96,605.9,31.6,2.3,0.204,0.054,2.49,,,Ⅱ
2024-02-24T16:00:00+08:00,1708761600,6.2,7.98,10.22,577.6,33.2,2.29,0.213,0.03,2.54,,,Ⅱ
2024-02-24T20:00:00+08:00,1708776000,6.0,7.96,9.98,593.7,33.2,2.31,0.23,0.048,2.51,,,Ⅱ
2024-02-25T00:00:00+08:00,1708790400,5.7,7.92,10.58,582.8,33.7,2.31,0.218,0.055,2.55,,,Ⅱ
2024-02-25T04:00:00+08:00,1708804800,5.4,7.95,9.99,586.4,35.5,2.31,0.218,0.055,2.55,,,Ⅱ
2024-02-25T08:00:00+08:00,1708819200,5.2,7.97,10.36,589.8,33.6,2.54,0.245,0.057,2.51,,,Ⅱ
2024-02-25T12:00:00+08:00,1708833600,5.6,8.02,10.53,583.2,33.7,2.3,0.234,0.057,2.51,,,Ⅱ
2024-02-25T16:00:00+08:00,1708848000,6.1,8.11,11.07,571.5,33.8,2.53,0.215,0.058,2.47,,,Ⅱ
2024-02-25T20:00:00+08:00,1708862400,5.9,8.08,10.75,578.4,33.5,2.55,0.244,0.066,2.58,,,Ⅱ
2024-02-26T00:00:00+08:00,1708876800,5.6,8.04,10.58,575.1,34.0,2.54,0.244,0.066,2.55,,,Ⅱ
2024-02-26T04:00:00+08:00,1708891200,5.4,7.94,11.07,580.0,32.4,2.54,0.244,0.066,2.55,,,Ⅱ
2024-02-26T08:00:00+08:00,1708905600,5.4,7.96,10.27,573.3,33.2,2.55,0.214,0.056,2.56,,,Ⅱ
2024-02-26T12:00:00+08:00,1708920000,6.6,8.11,11.17,575.3,35.2,2.55,0.21,0.058,2.54,,,Ⅱ
2024-02-26T16:00:00+08:00,1708934400,6.7,8.12,11.24,568.1,34.1,2.54,0.218,0.063,2.51,,,Ⅱ
2024-02-26T20:00:00+08:00,1708948800,6.4,8.04,11.03,572.6,35.7,2.55,0.206,0.057,2.54,,,Ⅱ
2024-02-27T00:00:00+08:00,1708963200,6.0,8.05,10.65,578.5,37.0,2.31,0.217,0.057,2.5,,,Ⅱ
2024-02-27T04:00:00+08:00,1708977600,5.9,8.01,10.44,562.2,34.4,2.31,0.217,0.057,2.5,,,Ⅱ
2024-02-27T08:00:00+08:00,1708992000,5.9,7.95,10.13,573.8,33.1,2.54,0.223,0.055,2.51,,,Ⅱ
2024-02-27T12:00:00+08:00,1709006400,7.4,8.13,11.41,575.2,35.2,2.52,0.207,0.059,2.46,,,Ⅱ
2024-02-27T16:00:00+08:00,1709020800,8.1,8.14,11.41,567.4,34.9,2.54,0.215,0.061,2.54,,,Ⅱ
2024-02-27T20:00:00+08:00,1709035200,7.4,8.05,10.74,566.4,34.2,2.54,0.215,0.061,2.54,,,Ⅱ
2024-02-28T00:00:00+08:00,1709049600,7.0,8.02,10.98,576.8,38.0,2.54,0.21,0.055,2.51,,,Ⅱ
2024-02-28T04:00:00+08:00,1709064000,7.0,7.97,10.26,579.9,35.3,2.54,0.21,0.055,2.51,,,Ⅱ
2024-02-28T08:00:00+08:00,1709078400,7.0,7.92,9.9,578.4,34.6,2.56,0.208,0.054,2.53,,,Ⅱ
2024-02-28T12:00:00+08:00,1709092800,7.1,8.01,10.53,579.9,32.8,2.56,0.208,0.054,2.53,,,Ⅱ
2024-02-28T16:00:00+08:00,1709107200,7.3,8.0,10.49,578.2,33.5,2.54,0.193,0.056,2.58,,,Ⅱ
2024-02-28T20:00:00+08:00,1709121600,7.2,7.97,10.22,572.6,34.9,2.28,0.219,0.053,2.56,,,Ⅱ
2024-02-29T00:00:00+08:00,1709136000,7.1,7.98,10.22,567.8,32.6,2.28,0.219,0.053,2.56,,,Ⅱ
2024-02-29T04:00:00+08:00,1709150400,7.3,7.85,10.23,574.5,34.8,2.55,0.223,0.055,2.57,,,Ⅱ
2024-02-29T08:00:00+08:00,1709164800,7.2,7.87,10.4,571.5,36.3,2.55,0.223,0.057,2.54,,,Ⅱ
2024-02-29T12:00:00+08:00,1709179200,7.0,7.98,10.53,584.7,36.6,2.51,0.234,0.056,2.55,,,Ⅱ
2024-03-01T08:00:00+08:00,1709251200,6.6,7.85,9.63,576.5,35.3,2.54,0.231,0.057,2.56,,,Ⅱ
2024-03-01T12:00:00+08:00,1709265600,7.4,7.94,10.65,580.6,34.6,2.55,0.238,0.058,2.51,,,Ⅱ
2024-03-01T16:00:00+08:00,1709280000,7.8,8.03,11.3,567.9,35.2,2.55,0.238,0.058,2.51,,,Ⅱ
2024-03-01T20:00:00+08:00,1709294400,7.3,7.92,10.61,572.2,36.4,2.51,0.212,0.059,2.48,,,Ⅱ
2024-03-02T00:00:00+08:00,1709308800,6.8,7.89,10.38,577.8,34.8,2.54,0.226,0.062,2.45,,,Ⅱ
2024-03-02T04:00:00+08:00,1709323200,6.6,7.84,10.08,583.3,34.8,2.54,0.226,0.062,2.45,,,Ⅱ
2024-03-02T08:00:00+08:00,1709337600,6.6,7.82,9.91,578.1,37.1,2.53,0.23,0.055,2.54,,,Ⅱ
2024-03-02T12:00:00+08:00,1709352000,7.7,7.99,11.14,580.7,36.8,2.28,0.241,0.058,2.53,,,Ⅱ
2024-03-02T16:00:00+08:00,1709366400,8.5,8.0,11.17,570.6,35.7,2.54,0.266,0.067,2.55,,,Ⅱ
2024-03-02T20:00:00+08:00,1709380800,7.8,7.88,10.29,573.8,36.9,2.29,0.209,0.064,2.55,,,Ⅱ
2024-03-03T00:00:00+08:00,1709395200,7.4,7.8,10.29,575.6,39.6,2.55,0.244,0.058,2.59,,,Ⅱ
2024-03-03T04:00:00+08:00,1709409600,7.2,7.78,9.61,584.1,40.0,2.55,0.244,0.058,2.59,,,Ⅱ
2024-03-03T08:00:00+08:00,1709424000,7.3,7.83,9.93,586.4,41.9,2.57,0.271,0.059,2.58,,,Ⅱ
2024-03-03T12:00:00+08:00,1709438400,8.9,7.89,10.93,571.7,35.7,2.55,0.267,0.059,2.55,,,Ⅱ
2024-03-03T16:00:00+08:00,1709452800,9.4,8.0,11.28,580.7,37.0,2.55,0.242,0.063,2.58,,,Ⅱ
2024-03-03T20:00:00+08:00,1709467200,8.8,7.81,10.66,575.3,66.0,2.55,0.213,0.064,2.58,,,Ⅱ
2024-03-04T00:00:00+08:00,1709481600,8.4,7.76,9.61,581.6,88.2,3.55,0.507,0.087,2.45,,,Ⅲ
2024-03-04T04:00:00+08:00,1709496000,8.5,7.74,9.31,575.8,83.0,3.55,0.507,0.087,2.45,,,Ⅲ
2024-03-04T08:00:00+08:00,1709510400,8.5,7.72,9.15,576.6,68.2,4.34,0.538,0.114,2.33,,,Ⅲ
2024-03-04T12:00:00+08:00,1709524800,8.8,7.74,9.34,576.6,56.0,4.31,0.607,0.104,2.4,,,Ⅲ
2024-03-04T16:00:00+08:00,1709539200,9.0,7.73,9.2,572.0,49.6,3.55,0.435,0.086,2.48,,,Ⅱ
2024-03-04T20:00:00+08:00,1709553600,9.0,7.74,9.21,580.8,40.6,3.3,0.406,0.078,2.5,,,Ⅱ
2024-03-05T00:00:00+08:00,1709568000,9.0,7.75,9.09,576.1,41.2,2.8,0.285,0.063,2.59,,,Ⅱ
2024-03-05T04:00:00+08:00,1709582400,9.0,7.7,8.7,577.4,36.9,2.8,0.285,0.063,2.59,,,Ⅱ
2024-03-05T12:00:00+08:00,1709611200,9.6,7.75,9.32,570.2,36.2,2.56,0.238,0.057,2.59,,,Ⅱ
2024-03-05T16:00:00+08:00,1709625600,9.5,7.78,9.43,574.4,36.8,2.57,0.258,0.056,2.64,,,Ⅱ
2024-03-05T20:00:00+08:00,1709640000,9.4,7.7,8.64,582.0,37.4,2.54,0.266,0.059,2.6,,,Ⅱ
2024-03-06T00:00:00+08:00,1709654400,9.4,7.68,8.47,577.0,39.2,2.54,0.266,0.059,2.6,,,Ⅱ
2024-03-06T04:00:00+08:00,1709668800,9.3,7.66,8.22,582.5,40.0,2.25,0.287,0.06,2.64,,,Ⅱ
2024-03-06T08:00:00+08:00,1709683200,9.1,7.68,8.43,586.0,39.2,2.25,0.287,0.06,2.64,,,Ⅱ
2024-03-06T12:00:00+08:00,1709697600,9.8,7.76,9.4,585.2,38.1,2.58,0.299,0.059,2.69,,,Ⅱ
2024-03-06T16:00:00+08:00,1709712000,9.9,7.85,10.03,586.4,38.2,2.29,0.274,0.062,2.67,,,Ⅱ
2024-03-06T20:00:00+08:00,1709726400,9.5,7.8,10.34,601.1,39.0,2.21,0.282,0.057,2.74,,,Ⅱ
2024-03-07T00:00:00+08:00,1709740800,9.1,7.74,9.58,588.3,38.1,2.53,0.304,0.054,2.73,,,Ⅱ
2024-03-07T04:00:00+08:00,1709755200,8.8,7.72,8.81,586.0,39.5,2.53,0.304,0.054,2.73,,,Ⅱ
2024-03-07T08:00:00+08:00,1709769600,8.8,7.7,8.68,593.0,39.1,2.29,0.271,0.056,2.57,,,Ⅱ
2024-03-07T12:00:00+08:00,1709784000,10.3,7.81,9.89,590.0,40.5,2.54,0.275,0.056,2.65,,,Ⅱ
2024-03-07T16:00:00+08:00,1709798400,10.4,7.84,9.97,590.0,41.3,2.57,0.306,0.064,2.71,,,Ⅱ
2024-03-07T20:00:00+08:00,1709812800,10.2,7.85,9.9,589.0,36.6,2.56,0.299,0.063,2.7,,,Ⅱ
2024-03-08T00:00:00+08:00,1709827200,9.8,7.73,8.91,588.2,45.9,2.3,0.27,0.056,2.72,,,Ⅱ
2024-03-08T04:00:00+08:00,1709841600,9.5,7.7,9.38,608.6,38.6,2.3,0.27,0.056,2.72,,,Ⅱ
2024-03-08T08:00:00+08:00,1709856000,9.5,7.68,8.52,580.0,37.8,2.56,0.292,0.055,2.73,,,Ⅱ
2024-03-08T12:00:00+08:00,1709870400,10.9,7.88,10.54,599.2,36.5,2.55,0.228,0.057,2.71,,,Ⅱ
2024-03-08T16:00:00+08:00,1709884800,11.2,7.89,10.46,586.7,38.1,2.55,0.26,0.062,2.75,,,Ⅱ
2024-03-08T20:00:00+08:00,1709899200,10.2,7.82,9.88,610.5,37.0,2.53,0.301,0.054,2.85,,,Ⅱ
2024-03-09T00:00:00+08:00,1709913600,9.9,7.74,8.77,603.1,37.6,2.53,0.301,0.054,2.85,,,Ⅱ
2024-03-09T04:00:00+08:00,1709928000,9.6,7.71,8.68,598.5,37.8,2.54,0.261,0.052,2.74,,,Ⅱ
2024-03-09T08:00:00+08:00,1709942400,9.5,7.75,9.0,606.4,36.8,2.29,0.279,0.052,2.71,,,Ⅱ
2024-03-09T12:00:00+08:00,1709956800,11.3,7.85,10.32,602.8,39.1,2.5,0.245,0.058,2.73,,,Ⅱ
2024-03-09T16:00:00+08:00,1709971200,11.7,7.88,10.3,600.7,37.4,2.55,0.274,0.06,2.75,,,Ⅱ
2024-03-09T20:00:00+08:00,1709985600,11.2,7.84,9.75,599.0,45.7,2.57,0.292,0.059,2.67,,,Ⅱ
2024-03-10T04:00:00+08:00,1710014400,10.1,7.72,8.81,607.3,48.2,3.04,0.382,0.068,2.65,,,Ⅱ
2024-03-10T08:00:00+08:00,1710028800,10.0,7.75,9.08,596.9,50.3,3.06,0.381,0.07,2.59,,,Ⅱ
2024-03-10T12:00:00+08:00,1710043200,11.7,7.79,9.52,604.4,54.9,3.05,0.396,0.079,2.58,,,Ⅱ
2024-03-10T16:00:00+08:00,1710057600,12.0,7.85,9.97,606.2,52.2,2.82,0.375,0.075,2.66,,,Ⅱ
2024-03-10T20:00:00+08:00,1710072000,11.3,7.82,9.43,605.5,75.8,3.56,0.485,0.091,2.5,,,Ⅱ
2024-03-11T00:00:00+08:00,1710086400,10.9,7.84,9.47,594.9,87.9,3.56,0.485,0.091,2.5,,,Ⅱ
2024-03-11T04:00:00+08:00,1710100800,10.7,7.69,8.5,602.5,57.7,3.75,0.456,0.08,2.6,,,Ⅱ
2024-03-11T08:00:00+08:00,1710115200,10.6,7.74,8.75,606.1,41.8,2.8,0.32,0.064,2.71,,,Ⅱ
2024-03-11T16:00:00+08:00,1710144000,12.0,7.85,10.04,610.6,40.3,2.81,0.265,0.058,2.75,,,Ⅱ
2024-03-11T20:00:00+08:00,1710158400,11.6,7.83,9.61,604.9,38.6,2.8,0.242,0.058,2.71,,,Ⅱ
2024-03-12T00:00:00+08:00,1710172800,11.3,7.84,9.41,605.1,38.7,2.57,0.235,0.052,2.66,,,Ⅱ
2024-03-12T04:00:00+08:00,1710187200,11.1,7.73,8.61,607.0,38.2,2.57,0.235,0.052,2.66,,,Ⅱ
2024-03-12T08:00:00+08:00,1710201600,11.2,7.73,8.66,604.9,37.8,2.54,0.242,0.052,2.65,,,Ⅱ
2024-03-12T12:00:00+08:00,1710216000,12.2,7.92,10.26,602.6,38.7,2.5,0.227,0.055,2.71,,,Ⅱ
2024-03-12T16:00:00+08:00,1710230400,12.7,7.99,10.75,608.7,38.3,2.55,0.227,0.056,2.6,,,Ⅱ
2024-03-12T20:00:00+08:00,1710244800,11.8,7.89,9.76,605.9,38.9,2.55,0.212,0.056,2.68,,,Ⅱ
2024-03-13T00:00:00+08:00,1710259200,11.3,7.85,9.37,608.5,36.9,2.54,0.224,0.051,2.65,,,Ⅱ
2024-03-13T04:00:00+08:00,1710273600,10.9,7.79,8.99,606.2,37.4,2.54,0.224,0.051,2.65,,,Ⅱ
2024-03-13T08:00:00+08:00,1710288000,10.9,7.84,9.43,615.8,41.2,2.31,0.208,0.05,2.62,,,Ⅱ
2024-03-13T12:00:00+08:00,1710302400,12.6,8.02,10.67,602.3,44.2,2.8,0.25,0.054,2.74,,,Ⅱ
2024-03-13T20:00:00+08:00,1710331200,12.2,7.83,9.42,609.3,54.1,2.81,0.243,0.062,2.64,,,Ⅱ
2024-03-14T00:00:00+08:00,1710345600,11.8,7.87,9.37,611.0,45.3,3.31,0.306,0.064,2.58,,,Ⅱ
2024-03-14T04:00:00+08:00,1710360000,11.8,7.78,8.92,609.3,37.8,3.31,0.306,0.064,2.58,,,Ⅱ
2024-03-14T08:00:00+08:00,1710374400,11.7,7.73,8.6,619.0,37.4,2.76,0.206,0.051,2.65,,,Ⅱ
2024-03-14T12:00:00+08:00,1710388800,11.9,7.89,9.84,610.3,35.6,2.8,0.18,0.059,2.74,,,Ⅱ
2024-03-14T16:00:00+08:00,1710403200,12.3,7.97,10.43,604.5,35.2,2.79,0.187,0.053,2.7,,,Ⅱ
2024-03-14T20:00:00+08:00,1710417600,12.1,7.88,9.77,603.9,37.4,2.54,0.15,0.05,2.64,,,Ⅱ
2024-03-15T00:00:00+08:00,1710432000,11.8,7.81,8.99,609.5,36.6,2.57,0.156,0.048,2.64,,,Ⅱ
2024-03-15T04:00:00+08:00,1710446400,11.6,7.76,8.74,612.8,37.6,2.57,0.156,0.048,2.64,,,Ⅱ
2024-03-15T08:00:00+08:00,1710460800,11.7,7.73,8.64,602.9,35.9,2.81,0.171,0.049,2.64,,,Ⅱ
2024-03-15T12:00:00+08:00,1710475200,13.0,7.95,10.39,603.0,35.9,2.8,0.14,0.05,2.64,,,Ⅱ
2024-03-15T20:00:00+08:00,1710504000,13.4,7.93,10.02,612.0,53.6,2.82,0.177,0.059,2.56,,,Ⅱ
2024-03-17T08:00:00+08:00,1710633600,14.0,7.84,9.01,612.6,36.8,2.81,0.128,0.047,2.6,,,Ⅱ
2024-03-17T12:00:00+08:00,1710648000,14.1,7.9,9.53,611.8,35.1,2.82,0.112,0.05,2.58,,,Ⅱ
2024-03-17T16:00:00+08:00,1710662400,13.8,8.01,10.12,610.6,36.4,2.8,0.107,0.052,2.59,,,Ⅱ
2024-03-18T12:00:00+08:00,1710734400,13.0,8.04,10.47,612.6,35.8,2.54,0.127,0.049,2.6,,,Ⅱ
2024-03-18T16:00:00+08:00,1710748800,13.0,8.13,10.57,622.6,35.9,3.03,0.113,0.047,2.55,,,Ⅱ
2024-03-18T20:00:00+08:00,1710763200,12.7,7.9,9.2,620.4,37.4,2.81,0.136,0.045,2.59,,,Ⅱ
2024-03-19T00:00:00+08:00,1710777600,12.5,7.81,8.63,619.1,37.3,2.55,0.149,0.046,2.64,,,Ⅱ
2024-03-19T04:00:00+08:00,1710792000,12.3,7.77,8.3,617.6,37.7,2.55,0.149,0.046,2.64,,,Ⅱ
2024-03-19T08:00:00+08:00,1710806400,12.4,7.76,8.26,622.4,35.0,2.81,0.16,0.046,2.61,,,Ⅱ
2024-03-19T12:00:00+08:00,1710820800,14.2,8.04,10.56,623.8,34.7,2.81,0.134,0.045,2.52,,,Ⅱ
2024-03-19T16:00:00+08:00,1710835200,14.5,8.1,10.76,619.1,36.2,2.54,0.117,0.047,2.57,,,Ⅱ
2024-03-19T20:00:00+08:00,1710849600,13.4,7.86,8.95,620.9,35.8,2.8,0.146,0.048,2.65,,,Ⅱ
2024-03-20T00:00:00+08:00,1710864000,12.7,7.74,8.22,622.6,36.5,2.79,0.155,0.044,2.6,,,Ⅱ
2024-03-20T04:00:00+08:00,1710878400,12.4,7.71,7.77,625.7,35.7,2.79,0.155,0.044,2.6,,,Ⅱ
2024-03-20T08:00:00+08:00,1710892800,12.7,7.72,7.84,630.3,34.5,2.81,0.155,0.041,2.56,,,Ⅱ
2024-03-20T12:00:00+08:00,1710907200,14.6,7.99,10.32,622.9,35.1,2.56,0.134,0.042,2.49,,,Ⅱ
2024-03-20T16:00:00+08:00,1710921600,14.9,8.16,11.2,627.9,36.7,2.81,0.118,0.044,2.5,,,Ⅱ
2024-03-20T20:00:00+08:00,1710936000,13.8,8.03,9.99,631.9,35.5,2.56,0.116,0.04,2.51,,,Ⅱ
2024-03-21T00:00:00+08:00,1710950400,13.2,7.76,8.13,624.1,55.0,2.56,0.116,0.04,2.51,,,Ⅱ
2024-03-21T04:00:00+08:00,1710964800,12.7,7.72,7.91,628.4,43.4,3.05,0.213,0.051,2.52,,,Ⅱ
2024-03-21T08:00:00+08:00,1710979200,12.8,7.75,8.2,629.7,38.8,2.57,0.025,0.046,2.51,,,Ⅱ
2024-03-21T12:00:00+08:00,1710993600,15.2,8.14,11.08,625.4,35.6,2.81,0.099,0.045,2.48,,,Ⅱ
2024-03-21T16:00:00+08:00,1711008000,15.7,8.29,11.82,620.7,35.9,2.55,0.085,0.044,2.48,,,Ⅱ
2024-03-21T20:00:00+08:00,1711022400,14.6,8.03,9.5,633.9,53.8,2.81,0.248,0.052,2.38,,,Ⅱ
2024-03-22T00:00:00+08:00,1711036800,13.7,7.74,7.79,634.9,51.0,2.81,0.248,0.052,2.38,,,Ⅱ
2024-03-22T04:00:00+08:00,1711051200,13.5,7.72,7.73,628.4,42.7,2.8,0.179,0.048,2.41,,,Ⅱ
2024-03-22T08:00:00+08:00,1711065600,13.6,7.71,7.64,626.8,38.5,2.82,0.123,0.044,2.39,,,Ⅱ
2024-03-22T12:00:00+08:00,1711080000,16.2,8.05,10.29,623.5,33.3,2.81,0.081,0.041,2.46,,,Ⅱ
2024-03-22T16:00:00+08:00,1711094400,16.8,8.03,9.39,622.1,32.1,2.56,0.064,0.045,2.53,,,Ⅱ
2024-03-22T20:00:00+08:00,1711108800,16.0,7.95,8.66,621.3,32.6,2.53,0.064,0.039,2.64,,,Ⅱ
2024-03-23T00:00:00+08:00,1711123200,15.3,7.64,6.33,631.2,33.2,2.53,0.064,0.039,2.64,,,Ⅱ
2024-03-23T04:00:00+08:00,1711137600,15.1,7.62,6.28,637.1,31.8,2.78,0.077,0.038,2.55,,,Ⅱ
2024-03-23T08:00:00+08:00,1711152000,15.1,7.62,6.2,628.9,32.7,2.8,0.074,0.041,2.47,,,Ⅱ
2024-03-23T12:00:00+08:00,1711166400,16.2,7.84,8.91,630.0,31.8,2.56,0.084,0.04,2.43,,,Ⅱ
2024-03-23T16:00:00+08:00,1711180800,16.4,7.94,9.15,628.7,32.3,2.55,0.07,0.04,2.47,,,Ⅱ
2024-03-23T20:00:00+08:00,1711195200,16.2,7.89,8.57,637.0,33.9,2.56,0.07,0.039,2.51,,,Ⅱ
2024-03-24T00:00:00+08:00,1711209600,15.9,7.77,7.42,634.2,33.8,2.56,0.07,0.039,2.51,,,Ⅱ
2024-03-24T04:00:00+08:00,1711224000,15.7,7.58,5.48,634.2,33.2,2.8,0.103,0.041,2.53,,,Ⅲ
2024-03-24T08:00:00+08:00,1711238400,15.6,7.62,6.03,636.0,33.6,2.81,0.109,0.045,2.52,,,Ⅱ
2024-03-24T12:00:00+08:00,1711252800,16.0,7.73,7.46,635.5,33.0,2.81,0.087,0.041,2.51,,,Ⅱ
2024-03-24T16:00:00+08:00,1711267200,16.7,7.96,9.55,633.4,32.0,2.81,0.076,0.04,2.5,,,Ⅱ
2024-03-24T20:00:00+08:00,1711281600,16.4,7.93,8.88,626.1,32.6,2.56,0.08,0.041,2.46,,,Ⅱ
2024-03-25T00:00:00+08:00,1711296000,16.0,7.74,7.06,629.9,34.2,2.56,0.08,0.041,2.46,,,Ⅱ
2024-03-25T04:00:00+08:00,1711310400,15.8,7.58,5.52,636.1,34.2,2.79,0.103,0.042,2.46,,,Ⅲ
2024-03-25T08:00:00+08:00,1711324800,15.8,7.7,6.75,628.2,34.0,2.29,0.089,0.042,2.42,,,Ⅱ
2024-03-25T12:00:00+08:00,1711339200,17.2,8.08,10.08,621.0,34.8,2.31,0.075,0.042,2.38,,,Ⅱ
2024-03-25T16:00:00+08:00,1711353600,17.1,8.04,9.76,635.1,32.1,2.79,0.08,0.05,2.43,,,Ⅱ
2024-03-25T20:00:00+08:00,1711368000,15.9,7.76,7.4,639.5,35.7,2.78,0.125,0.046,2.49,,,Ⅱ
2024-03-26T00:00:00+08:00,1711382400,15.3,7.73,6.95,633.4,39.7,2.78,0.125,0.046,2.49,,,Ⅱ
2024-03-26T04:00:00+08:00,1711396800,15.1,7.66,6.28,636.5,35.9,2.55,0.154,0.047,2.4,,,Ⅱ
2024-03-26T08:00:00+08:00,1711411200,15.0,7.63,6.08,635.3,35.0,2.55,0.154,0.047,2.4,,,Ⅱ
2024-03-26T12:00:00+08:00,1711425600,15.6,7.96,9.31,626.6,34.5,2.81,0.119,0.045,2.44,,,Ⅱ
2024-03-26T16:00:00+08:00,1711440000,16.3,8.14,10.71,630.5,33.9,2.55,0.12,0.048,2.4,,,Ⅱ
2024-03-26T20:00:00+08:00,1711454400,15.4,7.92,8.5,633.4,36.1,2.5,0.161,0.051,4.02,,,Ⅱ
2024-03-27T00:00:00+08:00,1711468800,14.8,7.83,7.76,623.5,38.6,2.75,0.161,0.048,2.35,,,Ⅱ
2024-03-27T04:00:00+08:00,1711483200,14.6,7.56,6.55,636.8,51.1,2.75,0.161,0.048,2.35,,,Ⅱ
2024-03-27T12:00:00+08:00,1711512000,15.1,7.88,8.46,623.1,91.5,4.01,0.388,0.084,2.1,,,Ⅲ
2024-03-27T16:00:00+08:00,1711526400,15.1,7.72,7.18,622.4,69.0,4.2,0.475,0.104,2.01,,,Ⅲ
2024-03-27T20:00:00+08:00,1711540800,14.7,7.78,7.85,620.9,92.8,4.48,0.475,0.086,2.18,,,Ⅲ
2024-03-28T00:00:00+08:00,1711555200,14.4,7.75,7.39,624.7,59.6,4.76,0.586,0.098,2.07,,,Ⅲ
2024-03-28T04:00:00+08:00,1711569600,14.5,7.63,6.53,626.7,39.8,4.76,0.586,0.098,2.07,,,Ⅲ
2024-03-28T08:00:00+08:00,1711584000,14.4,7.68,6.89,617.8,35.0,2.77,0.283,0.056,2.4,,,Ⅱ
2024-03-28T12:00:00+08:00,1711598400,14.4,7.79,7.72,610.8,35.5,3.01,0.228,0.052,2.35,,,Ⅱ
2024-03-28T16:00:00+08:00,1711612800,14.7,7.72,7.41,617.2,34.1,3.0,0.211,0.052,2.39,,,Ⅱ
2024-03-28T20:00:00+08:00,1711627200,14.4,7.68,6.98,614.7,34.2,2.52,0.237,0.049,2.46,,,Ⅱ
2024-03-29T00:00:00+08:00,1711641600,14.1,7.74,7.33,617.6,35.1,,0.241,0.051,2.47,,,
2024-03-29T04:00:00+08:00,1711656000,13.8,7.62,7.99,616.4,34.0,,0.241,0.051,2.47,,,
2024-03-29T08:00:00+08:00,1711670400,14.2,7.66,6.66,619.9,33.7,,0.253,0.048,2.46,,,
2024-03-29T12:00:00+08:00,1711684800,15.7,8.05,9.66,609.2,36.2,2.52,0.242,0.052,2.43,,,Ⅱ
2024-03-29T16:00:00+08:00,1711699200,17.0,8.02,9.44,612.7,38.1,2.76,0.178,0.054,2.28,,,Ⅱ
2024-03-29T20:00:00+08:00,1711713600,16.3,7.87,8.27,614.0,35.0,2.74,0.221,0.055,2.3,,,Ⅱ
2024-03-30T00:00:00+08:00,1711728000,15.9,7.74,7.19,616.5,34.4,3.0,0.172,0.053,2.32,,,Ⅱ
2024-03-30T04:00:00+08:00,1711742400,15.6,7.58,5.83,616.3,32.4,3.0,0.172,0.053,2.32,,,Ⅲ
2024-03-30T08:00:00+08:00,1711756800,15.6,7.56,7.31,618.8,31.7,3.01,0.184,0.045,2.4,,,Ⅱ
2024-03-30T12:00:00+08:00,1711771200,17.0,7.76,7.74,618.7,33.0,2.76,0.182,0.047,2.34,,,Ⅱ
2024-03-30T16:00:00+08:00,1711785600,18.1,7.98,9.31,617.4,33.8,3.0,0.147,0.045,2.3,,,Ⅱ
2024-03-30T20:00:00+08:00,1711800000,17.2,7.83,7.97,623.9,35.9,2.5,0.129,0.049,2.31,,,Ⅱ
2024-03-31T00:00:00+08:00,1711814400,16.8,7.7,8.54,623.1,34.2,2.76,0.176,0.049,2.39,,,Ⅱ
2024-03-31T04:00:00+08:00,1711828800,16.2,7.61,6.15,622.6,36.3,2.76,0.176,0.049,2.39,,,Ⅱ
2024-03-31T08:00:00+08:00,1711843200,16.0,7.61,6.27,606.3,40.7,3.01,0.186,0.047,2.32,,,Ⅱ
2024-03-31T12:00:00+08:00,1711857600,16.1,7.75,7.53,621.4,35.5,2.75,0.216,0.053,2.27,,,Ⅱ
2024-03-31T16:00:00+08:00,1711872000,17.2,8.01,9.49,631.9,34.7,2.51,0.162,0.052,2.3,,,Ⅱ
2024-03-31T20:00:00+08:00,1711886400,16.8,7.89,8.49,632.3,32.8,2.76,0.135,0.049,2.29,,,Ⅱ
2024-04-01T00:00:00+08:00,1711900800,16.5,7.69,6.84,632.8,32.4,2.51,0.127,0.046,2.31,,,Ⅱ
2024-04-01T04:00:00+08:00,1711915200,16.1,7.6,6.01,626.0,34.8,2.51,0.127,0.046,2.31,,,Ⅱ
2024-04-01T08:00:00+08:00,1711929600,16.1,7.61,7.12,618.9,33.5,3.0,0.165,0.046,2.31,,,Ⅱ
2024-04-01T12:00:00+08:00,1711944000,17.8,7.85,8.72,621.2,37.6,2.76,0.137,0.046,2.28,,,Ⅱ
2024-04-01T16:00:00+08:00,1711958400,19.0,8.06,9.85,623.7,40.3,3.27,0.16,0.051,2.28,,,Ⅱ
2024-04-01T20:00:00+08:00,1711972800,17.8,7.77,7.46,632.7,75.9,4.5,0.541,0.082,2.05,,,Ⅲ
2024-04-02T00:00:00+08:00,1711987200,17.3,7.74,6.89,625.5,85.5,4.5,0.541,0.082,2.05,,,Ⅲ
2024-04-02T04:00:00+08:00,1712001600,17.0,7.64,6.44,622.5,56.9,3.51,0.381,0.065,2.1,,,Ⅱ
2024-04-02T08:00:00+08:00,1712016000,17.0,7.63,6.25,622.6,39.1,3.49,0.225,0.053,2.21,,,Ⅱ
2024-04-02T12:00:00+08:00,1712030400,17.5,7.76,7.68,617.6,33.1,2.77,0.137,0.045,2.18,,,Ⅱ
2024-04-02T16:00:00+08:00,1712044800,17.9,7.91,8.66,616.5,33.3,2.77,0.137,0.045,2.18,,,Ⅱ
2024-04-02T20:00:00+08:00,1712059200,17.8,7.79,7.35,621.3,33.5,2.54,0.137,0.048,2.25,,,Ⅱ
2024-04-03T00:00:00+08:00,1712073600,17.8,7.67,6.3,620.7,31.0,3.0,0.158,0.046,2.22,,,Ⅱ
2024-04-03T04:00:00+08:00,1712088000,17.7,7.59,5.47,634.4,32.0,3.0,0.158,0.046,2.22,,,Ⅲ
2024-04-03T08:00:00+08:00,1712102400,17.7,7.54,4.87,617.5,30.5,2.7,0.188,0.044,2.21,,,Ⅳ
2024-04-03T12:00:00+08:00,1712116800,17.9,7.59,6.44,616.3,29.9,3.2,0.176,0.043,2.19,,,Ⅱ
2024-04-03T16:00:00+08:00,1712131200,17.8,7.7,6.76,621.7,30.4,3.25,0.184,0.043,2.22,,,Ⅱ
2024-04-03T20:00:00+08:00,1712145600,17.3,7.61,5.54,626.4,30.9,2.51,0.156,0.041,2.17,,,Ⅲ
2024-04-04T00:00:00+08:00,1712160000,16.8,7.55,5.61,630.2,29.7,2.51,0.18,0.042,2.23,,,Ⅲ
2024-04-04T04:00:00+08:00,1712174400,16.4,7.54,4.56,633.0,30.0,2.51,0.18,0.042,2.23,,,Ⅳ
2024-04-04T08:00:00+08:00,1712188800,16.3,7.54,4.55,631.6,29.2,3.01,0.214,0.045,2.21,,,Ⅳ
2024-04-04T16:00:00+08:00,1712217600,17.7,7.98,9.39,635.4,30.8,3.01,0.198,0.044,2.19,,,Ⅱ
2024-04-04T20:00:00+08:00,1712232000,16.9,7.78,6.99,640.5,34.9,2.76,0.232,0.056,2.2,,,Ⅱ
2024-04-05T04:00:00+08:00,1712260800,15.8,7.54,4.47,636.5,31.2,2.76,0.198,0.049,2.19,,,Ⅳ
2024-04-05T08:00:00+08:00,1712275200,16.2,7.64,7.17,639.2,31.6,2.98,0.19,0.05,2.17,,,Ⅱ
2024-04-05T12:00:00+08:00,1712289600,17.9,8.0,9.78,630.7,31.3,3.0,0.178,0.049,2.13,,,Ⅱ
2024-04-05T16:00:00+08:00,1712304000,17.8,8.11,9.8,630.9,32.6,3.0,0.117,0.054,2.11,,,Ⅱ
2024-04-05T20:00:00+08:00,1712318400,17.1,7.86,8.42,635.6,34.0,2.76,0.135,0.052,2.15,,,Ⅱ
2024-04-06T04:00:00+08:00,1712347200,16.3,7.56,4.57,639.1,31.3,2.49,0.18,0.048,2.15,,,Ⅳ
2024-04-06T08:00:00+08:00,1712361600,15.9,7.6,5.35,642.6,33.2,2.51,0.157,0.045,2.15,,,Ⅲ
2024-04-06T12:00:00+08:00,1712376000,16.8,7.79,8.02,634.5,30.9,3.0,0.162,0.046,2.13,,,Ⅱ
2024-04-06T16:00:00+08:00,1712390400,16.8,7.81,7.75,633.8,31.6,2.75,0.126,0.044,2.11,,,Ⅱ
2024-04-06T20:00:00+08:00,1712404800,16.6,7.71,6.58,634.8,32.7,2.78,0.142,0.044,2.13,,,Ⅱ
2024-04-07T04:00:00+08:00,1712433600,16.2,7.51,5.36,640.7,32.7,2.77,0.181,0.046,2.17,,,Ⅲ
2024-04-07T12:00:00+08:00,1712462400,16.1,7.64,6.17,632.8,33.7,3.01,0.251,0.053,2.12,,,Ⅱ
2024-04-07T16:00:00+08:00,1712476800,16.2,7.72,7.19,632.4,32.5,2.97,0.176,0.047,2.14,,,Ⅱ
2024-04-07T20:00:00+08:00,1712491200,15.7,7.64,7.34,632.5,36.3,2.94,0.206,0.051,2.14,,,Ⅱ
2024-04-08T04:00:00+08:00,1712520000,15.4,7.6,5.66,640.3,34.5,2.77,0.219,0.051,2.21,,,Ⅲ
2024-04-08T08:00:00+08:00,1712534400,15.3,7.66,6.3,625.5,34.2,2.53,0.204,0.05,2.21,,,Ⅱ
2024-04-08T12:00:00+08:00,1712548800,15.4,7.6,6.02,620.9,34.3,2.75,0.24,0.052,2.23,,,Ⅱ
2024-04-08T16:00:00+08:00,1712563200,15.7,7.66,6.82,620.6,32.6,2.51,0.232,0.054,2.21,,,Ⅱ
2024-04-08T20:00:00+08:00,1712577600,15.4,7.72,7.04,618.9,32.9,2.76,0.202,0.05,2.21,,,Ⅱ
2024-04-09T04:00:00+08:00,1712606400,14.9,7.47,5.76,622.6,30.9,2.76,0.266,0.055,2.29,,,Ⅲ
2024-04-09T08:00:00+08:00,1712620800,15.3,7.67,6.71,623.8,32.8,2.54,0.212,0.057,2.24,,,Ⅱ
2024-04-09T12:00:00+08:00,1712635200,16.6,7.84,8.5,623.1,32.2,2.72,0.178,0.06,2.17,,,Ⅱ
2024-04-09T16:00:00+08:00,1712649600,16.9,7.96,9.24,624.3,33.3,2.75,0.19,0.057,2.18,,,Ⅱ
2024-04-09T20:00:00+08:00,1712664000,16.7,7.9,8.4,623.4,33.6,2.51,0.145,0.05,2.16,,,Ⅱ
2024-04-10T04:00:00+08:00,1712692800,15.7,7.66,7.02,626.5,37.4,2.78,0.219,0.051,2.15,,,Ⅱ
2024-04-10T08:00:00+08:00,1712707200,16.1,7.76,7.39,630.1,43.7,2.51,0.246,0.059,2.1,,,Ⅱ
2024-04-10T12:00:00+08:00,1712721600,17.8,7.93,8.91,629.2,46.4,2.93,0.222,0.064,2.12,,,Ⅱ
2024-04-10T16:00:00+08:00,1712736000,18.0,7.7,6.82,629.5,70.4,3.75,0.522,0.087,2.07,,,Ⅲ
2024-04-10T20:00:00+08:00,1712750400,16.9,7.78,7.33,621.7,90.9,4.47,0.644,0.097,2.03,,,Ⅲ
2024-04-11T04:00:00+08:00,1712779200,16.6,7.57,5.55,626.5,60.4,3.75,0.458,0.079,2.12,,,Ⅲ
2024-04-11T08:00:00+08:00,1712793600,16.6,7.72,6.99,638.0,45.0,2.76,0.292,0.067,2.16,,,Ⅱ
2024-04-11T16:00:00+08:00,1712822400,18.8,8.17,10.27,628.0,35.5,2.75,0.143,0.056,2.15,,,Ⅱ
2024-04-11T20:00:00+08:00,1712836800,18.5,8.02,8.84,624.5,35.5,2.76,0.131,0.053,2.15,,,Ⅱ
2024-04-12T04:00:00+08:00,1712865600,17.8,7.58,5.24,632.2,37.2,3.01,0.191,0.05,2.17,,,Ⅲ
2024-04-12T08:00:00+08:00,1712880000,17.8,7.7,6.67,632.0,34.7,2.97,0.15,0.051,2.16,,,Ⅱ
2024-04-12T12:00:00+08:00,1712894400,17.8,7.77,7.08,631.4,37.1,2.97,0.15,0.051,2.16,,,Ⅱ
2024-04-12T16:00:00+08:00,1712908800,17.7,7.64,5.81,630.9,39.3,3.0,0.243,0.052,2.13,,,Ⅲ
2024-04-12T20:00:00+08:00,1712923200,17.6,7.58,6.24,632.8,39.2,2.76,0.236,0.052,2.15,,,Ⅱ
2024-04-13T04:00:00+08:00,1712952000,17.3,7.53,4.52,635.1,35.9,2.75,0.252,0.054,2.15,,,Ⅳ
2024-04-13T08:00:00+08:00,1712966400,17.4,7.56,6.25,633.1,32.9,3.02,0.193,0.053,2.14,,,Ⅱ
2024-04-13T12:00:00+08:00,1712980800,17.9,7.84,8.15,634.7,34.8,2.77,0.144,0.051,2.12,,,Ⅱ
2024-04-13T16:00:00+08:00,1712995200,18.2,7.92,8.25,639.4,34.2,2.52,0.155,0.053,2.12,,,Ⅱ
2024-04-13T20:00:00+08:00,1713009600,17.8,7.65,5.9,639.3,54.0,3.26,0.371,0.071,2.07,,,Ⅲ
2024-04-14T04:00:00+08:00,1713038400,17.4,7.55,4.77,634.7,62.5,3.75,0.547,0.081,1.97,,,Ⅳ
2024-04-14T12:00:00+08:00,1713067200,17.8,7.82,7.38,640.9,56.1,3.52,0.446,0.077,2.05,,,Ⅱ
2024-04-14T16:00:00+08:00,1713081600,18.8,7.86,7.63,636.1,44.0,3.23,0.371,0.075,2.03,,,Ⅱ
2024-04-14T20:00:00+08:00,1713096000,18.5,7.67,6.12,634.3,36.1,2.76,0.286,0.066,2.08,,,Ⅱ
2024-04-15T00:00:00+08:00,1713110400,18.3,7.64,6.26,640.1,34.2,2.74,0.213,0.055,2.14,,,Ⅱ
2024-04-15T04:00:00+08:00,1713124800,18.1,7.58,4.92,632.4,31.9,2.74,0.213,0.055,2.14,,,Ⅱ
2024-04-15T08:00:00+08:00,1713139200,18.3,7.49,4.76,638.7,30.6,2.52,0.198,0.052,2.17,,,Ⅳ
2024-04-15T12:00:00+08:00,1713153600,19.4,7.75,7.18,632.0,32.3,2.51,0.154,0.058,2.08,,,Ⅱ
2024-04-15T16:00:00+08:00,1713168000,20.1,8.1,9.84,624.2,32.5,2.53,0.124,0.057,2.07,,,Ⅱ
2024-04-15T20:00:00+08:00,1713182400,19.9,7.86,8.44,631.4,33.0,2.97,0.14,0.052,2.05,,,Ⅱ
2024-04-16T00:00:00+08:00,1713196800,19.4,7.61,5.58,629.1,35.0,3.01,0.177,0.051,1.97,,,Ⅲ
2024-04-16T04:00:00+08:00,1713211200,19.0,7.54,4.62,631.6,35.9,2.76,0.196,0.051,1.94,,,Ⅳ
2024-04-16T08:00:00+08:00,1713225600,19.1,7.53,4.58,632.1,32.0,2.75,0.139,0.048,1.94,,,Ⅳ
2024-04-16T12:00:00+08:00,1713240000,20.6,7.76,7.53,633.1,31.9,2.77,0.11,0.049,2.01,,,Ⅱ
2024-04-16T16:00:00+08:00,1713254400,20.7,7.95,9.08,631.4,30.2,2.74,0.098,0.048,1.98,,,Ⅱ
2024-04-16T20:00:00+08:00,1713268800,20.2,7.89,8.35,631.8,34.1,2.78,0.132,0.048,1.94,,,Ⅱ
2024-04-17T00:00:00+08:00,1713283200,19.6,7.64,5.49,629.2,39.7,2.55,0.183,0.05,1.85,,,Ⅲ
2024-04-17T04:00:00+08:00,1713297600,19.2,7.58,4.82,627.4,36.0,3.05,0.177,0.049,1.9,,,Ⅳ
2024-04-17T08:00:00+08:00,1713312000,18.7,7.6,5.13,624.4,41.2,2.99,0.219,0.055,1.92,,,Ⅲ
2024-04-17T12:00:00+08:00,1713326400,18.6,7.58,4.86,631.8,40.1,2.77,0.211,0.054,1.91,,,Ⅳ
2024-04-17T16:00:00+08:00,1713340800,18.1,7.62,5.34,618.5,38.6,2.72,0.211,0.052,1.92,,,Ⅲ
2024-04-17T20:00:00+08:00,1713355200,17.8,7.69,6.17,625.5,33.4,2.77,0.169,0.047,2.03,,,Ⅱ
2024-04-18T00:00:00+08:00,1713369600,17.5,7.57,4.57,620.8,31.9,2.51,0.202,0.049,2.01,,,Ⅳ
2024-04-18T04:00:00+08:00,1713384000,17.1,7.49,4.36,618.2,31.5,3.01,0.235,0.051,2.08,,,Ⅳ
2024-04-18T16:00:00+08:00,1713427200,18.8,7.63,5.49,616.0,29.1,2.26,0.072,0.047,2.06,,,Ⅳ
2024-04-22T12:00:00+08:00,1713758400,19.0,7.86,7.68,629.7,35.6,2.27,0.145,0.051,1.98,,,Ⅱ
2024-04-22T16:00:00+08:00,1713772800,19.5,8.0,9.2,627.5,31.7,2.75,0.122,0.047,1.95,,,Ⅱ
2024-04-22T20:00:00+08:00,1713787200,19.4,8.1,9.13,625.2,32.5,2.75,0.122,0.047,1.95,,,Ⅱ
2024-04-23T00:00:00+08:00,1713801600,18.9,7.84,7.07,630.2,37.0,2.75,0.122,0.047,1.95,,,Ⅱ
2024-04-23T04:00:00+08:00,1713816000,18.6,7.62,5.19,630.1,33.8,2.53,0.15,0.046,1.9,,,Ⅲ
2024-04-23T08:00:00+08:00,1713830400,18.5,7.74,6.53,627.3,34.6,2.5,0.141,0.048,1.97,,,Ⅱ
2024-04-23T12:00:00+08:00,1713844800,19.0,7.96,8.44,629.7,33.2,2.28,0.121,0.047,1.97,,,Ⅱ
2024-04-23T16:00:00+08:00,1713859200,20.1,8.24,10.61,625.0,31.1,2.28,0.107,0.046,1.92,,,Ⅱ
2024-04-23T20:00:00+08:00,1713873600,19.7,8.14,9.23,624.4,30.8,2.28,0.107,0.046,1.92,,,Ⅱ
2024-04-24T00:00:00+08:00,1713888000,19.5,7.84,7.22,631.6,31.0,2.28,0.107,0.046,1.92,,,Ⅱ
2024-04-24T04:00:00+08:00,1713902400,18.9,7.6,6.72,626.6,29.7,2.51,0.138,0.04,1.88,,,Ⅱ
2024-04-24T08:00:00+08:00,1713916800,19.1,7.76,6.94,625.4,31.4,2.3,0.107,0.043,1.95,,,Ⅱ
2024-04-24T12:00:00+08:00,1713931200,20.5,8.13,10.47,621.6,31.3,2.24,0.092,0.044,1.89,,,Ⅱ
2024-04-24T16:00:00+08:00,1713945600,21.6,8.26,12.31,616.2,29.3,2.46,0.088,0.045,1.77,,,Ⅱ
2024-04-24T20:00:00+08:00,1713960000,21.1,8.19,10.12,626.7,31.0,2.46,0.088,0.045,1.77,,,Ⅱ
2024-04-25T00:00:00+08:00,1713974400,20.3,7.86,7.22,625.1,39.0,2.46,0.088,0.045,1.77,,,Ⅱ
2024-04-25T04:00:00+08:00,1713988800,19.4,7.63,5.54,623.1,42.1,3.0,0.2,0.054,1.73,,,Ⅲ
2024-04-25T08:00:00+08:00,1714003200,19.4,7.79,7.06,623.0,41.4,2.77,0.177,0.053,1.76,,,Ⅱ
2024-04-25T12:00:00+08:00,1714017600,20.5,8.02,8.51,626.7,50.6,3.26,0.22,0.064,1.88,,,Ⅱ
2024-04-25T16:00:00+08:00,1714032000,19.6,7.73,6.82,620.6,59.0,4.02,0.386,0.07,1.66,,,Ⅲ
2024-04-25T20:00:00+08:00,1714046400,19.1,7.77,6.74,621.9,57.5,4.02,0.386,0.07,1.66,,,Ⅲ
2024-04-26T00:00:00+08:00,1714060800,18.5,7.7,5.75,625.3,53.6,3.48,0.346,0.067,1.69,,,Ⅲ
2024-04-26T04:00:00+08:00,1714075200,18.5,7.58,5.55,617.2,44.6,3.03,0.276,0.054,1.67,,,Ⅲ
2024-04-26T08:00:00+08:00,1714089600,18.3,7.66,5.68,625.9,54.1,3.27,0.332,0.06,1.69,,,Ⅲ
2024-04-26T12:00:00+08:00,1714104000,19.4,7.99,8.09,632.3,49.4,3.27,0.259,0.062,1.86,,,Ⅱ
2024-04-26T16:00:00+08:00,1714118400,20.1,7.96,8.46,623.7,34.8,2.7,0.143,0.049,1.8,,,Ⅱ
2024-04-26T20:00:00+08:00,1714132800,19.7,8.0,8.03,625.4,34.9,2.29,0.127,0.044,1.86,,,Ⅱ
2024-04-27T00:00:00+08:00,1714147200,19.1,7.76,6.35,630.3,43.7,2.29,0.127,0.044,1.86,,,Ⅱ
2024-04-27T04:00:00+08:00,1714161600,19.0,7.6,4.84,619.3,36.0,2.76,0.161,0.045,1.73,,,Ⅳ
2024-04-27T08:00:00+08:00,1714176000,19.0,7.62,5.04,621.4,33.5,2.76,0.161,0.045,1.73,,,Ⅲ
2024-04-27T12:00:00+08:00,1714190400,19.5,7.74,6.56,625.0,30.9,3.02,0.139,0.043,1.7,,,Ⅱ
2024-04-27T16:00:00+08:00,1714204800,19.9,8.01,8.98,617.7,32.1,2.31,0.111,0.04,1.74,,,Ⅱ
2024-04-27T20:00:00+08:00,1714219200,19.7,7.93,8.09,625.1,35.7,2.43,0.134,0.042,1.72,,,Ⅱ
2024-04-28T00:00:00+08:00,1714233600,19.3,7.84,6.75,626.7,54.4,2.43,0.134,0.042,1.72,,,Ⅱ
2024-04-28T04:00:00+08:00,1714248000,19.1,7.72,6.26,623.5,53.5,3.55,0.321,0.06,1.65,,,Ⅱ
2024-04-28T08:00:00+08:00,1714262400,19.1,7.63,5.11,622.0,60.9,3.55,0.321,0.06,1.65,,,Ⅲ
2024-04-28T12:00:00+08:00,1714276800,19.1,7.83,7.16,620.1,54.6,2.98,0.327,0.064,1.8,,,Ⅱ
2024-04-28T16:00:00+08:00,1714291200,19.7,7.76,5.99,622.0,42.1,2.98,0.327,0.064,1.8,,,Ⅲ
2024-04-29T12:00:00+08:00,1714363200,19.7,7.84,6.94,623.8,33.6,2.74,0.128,0.044,1.84,,,Ⅱ
2024-04-29T16:00:00+08:00,1714377600,20.4,8.13,9.04,622.5,32.4,2.04,0.105,0.044,1.85,,,Ⅱ
2024-04-29T20:00:00+08:00,1714392000,20.2,7.95,7.35,623.5,32.0,2.5,0.11,0.042,1.77,,,Ⅱ
2024-04-30T00:00:00+08:00,1714406400,19.6,7.74,5.59,626.1,32.5,2.5,0.11,0.042,1.77,,,Ⅲ
2024-04-30T04:00:00+08:00,1714420800,19.4,7.66,5.06,627.3,33.0,2.24,0.13,0.042,1.79,,,Ⅲ
2024-04-30T12:00:00+08:00,1714449600,19.2,7.76,6.12,621.6,33.8,2.26,0.124,0.043,1.76,,,Ⅱ
2024-04-30T16:00:00+08:00,1714464000,19.0,7.8,6.73,624.6,34.4,2.23,0.124,0.042,1.77,,,Ⅱ
2024-04-30T20:00:00+08:00,1714478400,18.6,7.68,5.42,622.1,33.0,2.27,0.149,0.041,1.73,,,Ⅲ
2024-05-01T00:00:00+08:00,1714492800,18.3,7.58,4.31,621.4,31.6,2.27,0.149,0.041,1.73,,,Ⅳ
2024-05-01T04:00:00+08:00,1714507200,18.0,7.62,4.78,624.5,33.4,2.29,0.188,0.043,1.77,,,Ⅳ
2024-05-01T08:00:00+08:00,1714521600,17.8,7.58,4.21,623.1,32.0,2.45,0.192,0.044,1.7,,,Ⅳ
2024-05-01T12:00:00+08:00,1714536000,18.5,7.88,7.21,627.4,34.9,2.26,0.151,0.048,1.84,,,Ⅱ
2024-05-01T16:00:00+08:00,1714550400,19.5,8.25,9.96,622.2,31.7,2.02,0.114,0.046,1.82,,,Ⅱ
2024-05-01T20:00:00+08:00,1714564800,18.9,8.05,7.98,627.2,32.3,2.04,0.125,0.043,1.83,,,Ⅱ
2024-05-02T00:00:00+08:00,1714579200,18.3,7.75,5.8,634.1,31.6,2.04,0.125,0.043,1.83,,,Ⅲ
2024-05-02T04:00:00+08:00,1714593600,18.0,7.62,4.69,626.4,31.2,2.69,0.155,0.042,1.8,,,Ⅳ
2024-05-02T08:00:00+08:00,1714608000,18.3,7.67,5.63,626.7,31.2,2.56,0.134,0.041,1.72,,,Ⅲ
2024-05-02T12:00:00+08:00,1714622400,19.6,7.9,8.04,628.6,32.1,2.27,0.112,0.043,1.7,,,Ⅱ
2024-05-02T16:00:00+08:00,1714636800,19.6,8.07,9.08,631.5,32.0,2.54,0.112,0.048,1.77,,,Ⅱ
2024-05-02T20:00:00+08:00,1714651200,19.2,7.95,7.77,630.2,37.1,2.27,0.152,0.046,1.73,,,Ⅱ
2024-05-03T00:00:00+08:00,1714665600,18.6,7.68,5.59,626.5,43.8,2.27,0.152,0.046,1.73,,,Ⅲ
2024-05-03T04:00:00+08:00,1714680000,18.4,7.59,4.7,631.2,36.2,2.35,0.165,0.044,1.6,,,Ⅳ
2024-05-03T08:00:00+08:00,1714694400,18.5,7.64,5.54,629.8,36.8,2.5,0.148,0.043,1.63,,,Ⅲ
2024-05-03T12:00:00+08:00,1714708800,20.2,7.86,8.0,624.6,41.5,2.58,0.18,0.051,1.56,,,Ⅱ
2024-05-03T16:00:00+08:00,1714723200,20.5,8.09,9.1,622.6,44.0,2.51,0.182,0.052,1.63,,,Ⅱ
2024-05-03T20:00:00+08:00,1714737600,19.9,7.98,7.8,630.9,65.5,2.95,0.364,0.063,1.63,,,Ⅱ
2024-05-04T00:00:00+08:00,1714752000,19.1,7.79,6.51,627.4,50.9,2.95,0.364,0.063,1.63,,,Ⅱ
2024-05-04T04:00:00+08:00,1714766400,18.8,7.72,6.03,630.9,44.6,2.81,0.221,0.052,1.58,,,Ⅱ
2024-05-04T08:00:00+08:00,1714780800,18.6,7.64,5.34,621.3,42.7,2.84,0.216,0.051,1.54,,,Ⅲ
2024-05-04T12:00:00+08:00,1714795200,18.9,7.73,7.03,623.7,41.3,2.63,0.182,0.047,1.53,,,Ⅱ
2024-05-04T16:00:00+08:00,1714809600,18.9,7.81,7.33,629.2,46.8,2.97,0.269,0.053,1.46,,,Ⅱ
2024-05-04T20:00:00+08:00,1714824000,18.5,7.83,6.62,633.4,55.5,2.83,0.332,0.058,1.74,,,Ⅱ
2024-05-05T00:00:00+08:00,1714838400,18.5,7.61,5.05,622.1,41.5,2.83,0.332,0.058,1.74,,,Ⅲ
2024-05-05T04:00:00+08:00,1714852800,18.5,7.59,4.98,626.7,43.6,2.78,0.256,0.05,1.62,,,Ⅳ
2024-05-05T08:00:00+08:00,1714867200,18.6,7.58,4.61,619.0,37.4,2.53,0.197,0.044,1.6,,,Ⅳ
2024-05-05T12:00:00+08:00,1714881600,19.0,7.66,5.72,624.9,32.0,2.49,0.154,0.042,1.61,,,Ⅲ
2024-05-05T16:00:00+08:00,1714896000,19.2,7.88,7.83,624.8,33.0,2.47,0.121,0.04,1.72,,,Ⅱ
2024-05-06T08:00:00+08:00,1714953600,19.2,7.74,6.0,634.5,31.7,2.21,,0.042,1.75,,,
2024-05-06T12:00:00+08:00,1714968000,20.4,8.03,9.14,629.0,32.3,2.68,0.121,0.042,1.83,,,Ⅱ
2024-05-06T16:00:00+08:00,1714982400,20.8,8.42,11.65,622.7,30.8,1.88,0.106,0.045,1.83,,,Ⅱ
2024-05-06T20:00:00+08:00,1714996800,20.4,7.94,7.45,633.1,31.0,2.44,0.09,0.049,1.79,,,Ⅱ
2024-05-07T00:00:00+08:00,1715011200,20.1,7.77,6.09,632.8,31.1,2.06,0.157,0.051,1.82,,,Ⅱ
2024-05-07T04:00:00+08:00,1715025600,19.9,7.63,4.96,632.7,31.8,1.98,0.1,0.046,1.77,,,Ⅳ
2024-05-07T08:00:00+08:00,1715040000,19.9,7.65,5.26,625.5,30.2,2.22,0.124,0.044,1.69,,,Ⅲ
2024-05-07T12:00:00+08:00,1715054400,20.8,7.92,8.23,628.6,31.6,2.24,0.106,0.045,1.69,,,Ⅱ
2024-05-07T16:00:00+08:00,1715068800,21.8,8.3,10.76,622.3,33.5,2.22,0.098,0.045,1.68,,,Ⅱ
2024-05-07T20:00:00+08:00,1715083200,21.2,8.07,8.53,629.4,31.1,2.22,0.113,0.051,1.67,,,Ⅱ
2024-05-08T00:00:00+08:00,1715097600,20.7,7.95,7.77,633.8,33.3,2.05,0.09,0.042,1.69,,,Ⅱ
2024-05-08T04:00:00+08:00,1715112000,20.3,7.88,7.03,631.0,33.1,2.09,0.114,0.045,1.71,,,Ⅱ
2024-05-08T08:00:00+08:00,1715126400,20.6,7.95,7.72,632.2,34.7,2.48,0.118,0.045,1.76,,,Ⅱ
2024-05-08T12:00:00+08:00,1715140800,21.7,8.18,9.98,631.9,32.9,2.25,0.12,0.041,1.8,,,Ⅱ
2024-05-08T16:00:00+08:00,1715155200,21.9,8.33,10.52,626.5,35.9,2.18,0.103,0.045,1.71,,,Ⅱ
2024-05-08T20:00:00+08:00,1715169600,21.6,8.31,9.92,628.0,33.2,2.23,0.111,0.041,1.65,,,Ⅱ
2024-05-09T00:00:00+08:00,1715184000,20.7,8.05,7.63,631.9,34.0,2.23,0.111,0.041,1.65,,,Ⅱ
2024-05-09T04:00:00+08:00,1715198400,20.2,7.78,6.06,625.5,32.5,2.59,0.11,0.035,1.57,,,Ⅱ
2024-05-09T12:00:00+08:00,1715227200,21.8,8.38,10.58,629.1,32.2,2.21,0.094,0.042,1.65,,,Ⅱ
2024-05-09T16:00:00+08:00,1715241600,22.2,8.41,10.85,621.5,36.5,2.21,0.094,0.042,1.65,,,Ⅱ
2024-05-09T20:00:00+08:00,1715256000,21.2,7.98,7.85,623.9,51.5,2.97,0.312,0.054,1.41,,,Ⅱ
2024-05-10T00:00:00+08:00,1715270400,20.3,8.1,7.45,627.6,55.5,2.97,0.312,0.054,1.41,,,Ⅱ
2024-05-10T04:00:00+08:00,1715284800,19.9,7.74,5.74,621.0,49.5,2.76,0.284,0.057,1.4,,,Ⅲ
2024-05-10T12:00:00+08:00,1715313600,21.7,8.35,9.53,626.7,38.8,2.69,0.227,0.054,1.51,,,Ⅱ
2024-05-10T16:00:00+08:00,1715328000,22.5,8.22,8.41,625.2,40.7,1.97,0.159,0.052,1.64,,,Ⅱ
2024-05-10T20:00:00+08:00,1715342400,21.8,7.99,7.34,622.1,54.3,2.33,0.174,0.048,1.55,,,Ⅱ
2024-05-11T00:00:00+08:00,1715356800,21.1,7.8,5.53,625.5,60.4,2.73,0.291,0.056,1.44,,,Ⅲ
2024-05-11T04:00:00+08:00,1715371200,21.1,7.6,4.53,615.1,35.5,2.98,0.363,0.063,1.4,,,Ⅳ
2024-05-11T08:00:00+08:00,1715385600,21.0,7.68,5.12,619.5,34.4,2.52,0.175,0.044,1.27,,,Ⅲ
2024-05-11T12:00:00+08:00,1715400000,21.1,7.66,5.05,614.8,31.9,2.28,0.149,0.042,1.42,,,Ⅲ
2024-05-11T16:00:00+08:00,1715414400,21.7,7.94,7.57,622.9,33.3,2.49,0.133,0.044,1.47,,,Ⅱ
2024-05-11T20:00:00+08:00,1715428800,21.6,7.8,6.07,617.6,31.7,2.47,0.127,0.041,1.5,,,Ⅱ
2024-05-12T00:00:00+08:00,1715443200,21.3,7.68,4.86,623.0,33.9,2.22,0.134,0.042,1.47,,,Ⅳ
2024-05-12T04:00:00+08:00,1715457600,21.0,7.59,4.13,617.0,32.4,2.24,0.176,0.038,1.57,,,Ⅳ
2024-05-12T08:00:00+08:00,1715472000,20.7,7.66,4.75,619.2,33.9,2.22,,0.042,1.5,,,
2024-05-12T12:00:00+08:00,1715486400,21.0,7.7,5.16,622.0,33.2,1.54,,0.044,1.49,,,
2024-05-12T16:00:00+08:00,1715500800,21.2,7.97,7.23,628.1,33.5,2.22,0.169,0.044,1.48,,,Ⅱ
2024-05-12T20:00:00+08:00,1715515200,20.8,7.9,6.63,630.1,32.5,2.24,0.118,0.044,1.63,,,Ⅱ
2024-05-13T00:00:00+08:00,1715529600,20.2,7.7,4.92,627.2,31.8,2.23,0.131,0.043,1.64,,,Ⅳ
2024-05-13T04:00:00+08:00,1715544000,19.9,7.58,4.01,629.0,32.3,2.48,0.147,0.041,1.62,,,Ⅳ
2024-05-13T08:00:00+08:00,1715558400,20.4,7.68,5.3,619.9,35.4,2.21,0.208,0.045,1.6,,,Ⅲ
2024-05-13T12:00:00+08:00,1715572800,21.6,7.76,6.48,623.6,32.0,2.0,0.185,0.048,1.55,,,Ⅱ
2024-05-13T16:00:00+08:00,1715587200,22.3,8.14,9.39,626.3,34.1,1.99,0.139,0.046,1.52,,,Ⅱ
2024-05-13T20:00:00+08:00,1715601600,21.7,7.81,6.93,620.1,35.5,1.99,0.122,0.05,1.59,,,Ⅱ
2024-05-14T00:00:00+08:00,1715616000,20.8,7.74,5.86,622.9,41.3,2.33,0.144,0.051,1.5,,,Ⅲ
2024-05-14T04:00:00+08:00,1715630400,20.2,7.49,3.56,622.8,33.6,2.33,0.144,0.051,1.5,,,Ⅳ
2024-05-14T08:00:00+08:00,1715644800,20.6,7.87,6.97,627.4,37.5,2.44,0.19,0.047,1.43,,,Ⅱ
2024-05-14T12:00:00+08:00,1715659200,22.1,8.16,9.16,629.3,32.8,2.25,0.148,0.049,1.59,,,Ⅱ
2024-05-14T16:00:00+08:00,1715673600,23.0,8.28,11.06,623.8,30.4,1.99,0.107,0.046,1.54,,,Ⅱ
2024-05-14T20:00:00+08:00,1715688000,22.0,7.76,6.56,619.4,35.9,2.49,0.082,0.045,1.42,,,Ⅱ
2024-05-15T00:00:00+08:00,1715702400,21.0,7.58,4.78,619.1,40.9,2.73,0.128,0.046,1.33,,,Ⅳ
2024-05-15T04:00:00+08:00,1715716800,20.4,7.51,3.86,616.6,38.7,2.73,0.128,0.046,1.33,,,Ⅳ
2024-05-15T08:00:00+08:00,1715731200,20.9,7.54,4.39,619.1,32.2,2.55,0.162,0.046,1.29,,,Ⅳ
2024-05-15T12:00:00+08:00,1715745600,22.5,7.98,9.26,619.8,33.2,2.49,0.105,0.04,1.28,,,Ⅱ
2024-05-15T16:00:00+08:00,1715760000,22.4,8.23,10.37,618.2,35.3,2.76,0.104,0.044,1.39,,,Ⅱ
2024-05-15T20:00:00+08:00,1715774400,21.4,8.14,8.61,623.7,34.0,,0.12,0.045,1.37,,,
2024-05-16T00:00:00+08:00,1715788800,20.6,7.8,6.29,621.4,33.3,,0.112,0.041,1.43,,,
2024-05-16T04:00:00+08:00,1715803200,20.1,7.67,5.31,622.1,32.3,,0.112,0.041,1.43,,,
2024-05-16T08:00:00+08:00,1715817600,20.5,7.69,6.0,618.5,32.8,,0.114,0.039,1.31,,,
2024-05-16T16:00:00+08:00,1715846400,23.0,8.43,11.94,614.3,31.7,2.18,0.095,0.042,1.31,,,Ⅱ
2024-05-16T20:00:00+08:00,1715860800,21.9,8.18,9.36,614.7,39.1,2.49,0.083,0.043,1.32,,,Ⅱ
2024-05-17T00:00:00+08:00,1715875200,20.7,7.74,6.26,616.0,47.3,2.97,0.157,0.049,1.28,,,Ⅱ
2024-05-17T04:00:00+08:00,1715889600,20.1,7.6,4.85,622.1,41.1,2.97,0.157,0.049,1.28,,,Ⅳ
2024-05-17T08:00:00+08:00,1715904000,20.7,7.62,5.41,616.3,35.2,3.22,0.186,0.046,1.12,,,Ⅲ
2024-05-17T12:00:00+08:00,1715918400,22.9,8.04,9.95,616.9,32.6,2.73,0.124,0.04,1.11,,,Ⅱ
2024-05-17T16:00:00+08:00,1715932800,24.0,8.39,11.83,610.3,31.0,2.24,0.096,0.04,1.15,,,Ⅱ
2024-05-17T20:00:00+08:00,1715947200,23.1,8.08,8.66,618.0,42.0,2.48,0.101,0.042,1.16,,,Ⅱ
2024-05-18T00:00:00+08:00,1715961600,22.0,7.68,5.14,613.8,48.2,2.7,0.16,0.049,1.2,,,Ⅲ
2024-05-18T04:00:00+08:00,1715976000,21.4,7.58,4.36,615.3,47.7,2.7,0.16,0.049,1.2,,,Ⅳ
2024-05-18T08:00:00+08:00,1715990400,21.9,7.62,5.0,620.3,36.3,2.8,0.258,0.054,1.09,,,Ⅳ
2024-05-18T12:00:00+08:00,1716004800,24.1,7.91,8.17,619.5,36.7,2.67,0.145,0.043,1.11,,,Ⅱ
2024-05-18T16:00:00+08:00,1716019200,24.6,8.29,10.27,621.1,38.4,2.48,0.138,0.043,1.06,,,Ⅱ
2024-05-18T20:00:00+08:00,1716033600,23.8,8.01,7.22,628.2,51.8,2.71,0.161,0.055,1.21,,,Ⅱ
2024-05-19T00:00:00+08:00,1716048000,22.7,7.7,5.06,619.5,67.4,3.23,0.237,0.059,1.23,,,Ⅲ
2024-05-19T04:00:00+08:00,1716062400,22.0,7.59,4.24,624.3,48.2,3.23,0.237,0.059,1.23,,,Ⅳ
2024-05-19T08:00:00+08:00,1716076800,22.2,7.74,5.84,629.3,48.8,2.96,0.248,0.055,1.12,,,Ⅲ
2024-05-19T12:00:00+08:00,1716091200,24.1,7.82,6.94,628.4,47.5,2.72,0.274,0.055,1.25,,,Ⅱ
2024-05-19T16:00:00+08:00,1716105600,24.4,7.97,7.83,622.2,42.9,2.13,0.205,0.053,1.17,,,Ⅱ
2024-05-19T20:00:00+08:00,1716120000,23.6,7.86,6.4,629.0,53.6,2.49,0.184,0.052,1.19,,,Ⅱ
2024-05-20T00:00:00+08:00,1716134400,22.8,7.66,4.66,629.7,48.0,2.95,0.284,0.06,1.19,,,Ⅳ
2024-05-20T04:00:00+08:00,1716148800,22.4,7.59,4.21,627.9,50.8,2.95,0.284,0.06,1.19,,,Ⅳ
2024-05-20T08:00:00+08:00,1716163200,22.4,7.62,4.57,626.0,49.2,3.23,0.264,0.056,1.21,,,Ⅳ
2024-05-20T12:00:00+08:00,1716177600,24.3,7.77,6.39,627.9,39.1,3.41,0.25,0.054,1.12,,,Ⅱ
2024-05-20T16:00:00+08:00,1716192000,24.6,7.94,7.98,624.9,43.4,2.49,0.181,0.05,1.17,,,Ⅱ
2024-05-20T20:00:00+08:00,1716206400,24.3,7.82,6.36,621.1,45.4,2.98,0.202,0.054,1.17,,,Ⅱ
2024-05-21T00:00:00+08:00,1716220800,23.6,7.66,4.74,627.0,53.6,3.22,0.222,0.054,1.12,,,Ⅳ
2024-05-21T04:00:00+08:00,1716235200,23.0,7.52,3.38,624.5,42.4,3.22,0.222,0.054,1.12,,,Ⅳ
2024-05-21T08:00:00+08:00,1716249600,23.1,7.57,4.03,625.1,48.5,2.73,0.236,0.052,1.15,,,Ⅳ
2024-05-21T12:00:00+08:00,1716264000,24.3,7.78,6.11,632.2,43.7,2.62,0.272,0.058,1.08,,,Ⅱ
2024-05-21T16:00:00+08:00,1716278400,24.6,7.92,7.59,629.9,55.9,2.98,0.28,0.065,1.13,,,Ⅱ
2024-05-21T20:00:00+08:00,1716292800,23.6,7.77,5.69,634.2,69.9,3.23,0.396,0.072,1.17,,,Ⅲ
2024-05-22T00:00:00+08:00,1716307200,22.8,7.6,3.88,626.1,47.2,3.23,0.396,0.072,1.17,,,Ⅳ
2024-05-22T04:00:00+08:00,1716321600,22.6,7.56,3.77,630.4,38.2,2.73,0.21,0.054,1.24,,,Ⅳ
2024-05-22T08:00:00+08:00,1716336000,22.8,7.7,5.06,633.0,38.7,2.48,0.165,0.052,1.24,,,Ⅲ
2024-05-23T08:00:00+08:00,1716422400,22.9,7.61,4.43,628.7,36.5,2.54,0.15,0.05,1.1,,,Ⅳ
2024-05-23T12:00:00+08:00,1716436800,24.5,8.21,9.04,629.8,37.4,2.32,0.136,0.056,1.16,,,Ⅱ
2024-05-23T16:00:00+08:00,1716451200,25.4,8.33,10.15,627.0,35.4,2.42,0.117,0.069,1.21,,,Ⅱ
2024-05-23T20:00:00+08:00,1716465600,24.9,7.99,7.98,630.9,40.3,2.49,0.154,0.058,1.14,,,Ⅱ
2024-05-24T00:00:00+08:00,1716480000,24.0,7.76,5.38,628.7,45.0,2.49,0.154,0.058,1.14,,,Ⅲ
2024-05-24T04:00:00+08:00,1716494400,23.5,7.51,3.14,628.2,39.8,2.73,0.225,0.055,1.01,,,Ⅳ
2024-05-24T08:00:00+08:00,1716508800,23.4,7.53,3.65,630.1,37.1,2.48,0.141,0.05,1.02,,,Ⅳ
2024-05-24T12:00:00+08:00,1716523200,24.9,8.0,8.01,631.9,38.1,2.48,0.141,0.05,1.02,,,Ⅱ
2024-05-24T20:00:00+08:00,1716552000,25.2,7.87,7.19,625.4,55.3,,0.248,0.07,1.12,,,
2024-05-25T00:00:00+08:00,1716566400,24.6,7.77,5.49,624.6,66.1,,0.248,0.07,1.12,,,
2024-05-25T04:00:00+08:00,1716580800,24.0,7.51,3.27,627.7,49.1,3.97,0.425,0.086,0.95,,,Ⅳ
2024-05-25T08:00:00+08:00,1716595200,24.9,7.7,5.63,619.7,78.1,5.21,0.522,0.099,0.82,,,Ⅲ
2024-05-25T12:00:00+08:00,1716609600,24.5,7.77,5.63,617.7,74.5,3.94,0.503,0.091,0.85,,,Ⅲ
2024-05-25T16:00:00+08:00,1716624000,24.5,7.68,4.8,618.2,64.1,3.94,0.503,0.091,0.85,,,Ⅳ
2024-05-26T04:00:00+08:00,1716667200,27.3,8.28,10.92,612.1,36.1,3.09,0.121,0.066,0.87,,,Ⅱ
2024-05-26T11:31:00+08:00,1716694260,,,,,,,,,,,,
2024-05-26T12:00:00+08:00,1716696000,26.6,7.9,6.52,622.1,39.4,2.95,0.212,0.055,0.96,,,Ⅱ
2024-05-26T15:31:00+08:00,1716708660,,,,,,,,,,,,
2024-05-26T16:00:00+08:00,1716710400,26.5,7.65,4.68,618.7,34.7,2.95,0.212,0.055,0.96,,,Ⅳ
2024-05-26T20:00:00+08:00,1716724800,25.5,7.54,3.48,613.2,34.5,2.72,0.166,0.05,0.9,,,Ⅳ
2024-05-27T04:00:00+08:00,1716753600,24.9,7.67,4.7,614.8,39.0,,,,,,,
2024-05-27T08:00:00+08:00,1716768000,24.0,7.7,4.9,620.8,48.4,2.45,0.161,0.049,0.95,,,Ⅳ
2024-05-27T12:00:00+08:00,1716782400,24.0,7.7,4.9,620.8,48.4,2.47,0.282,0.06,1.0,,,Ⅳ
2024-05-27T20:00:00+08:00,1716811200,23.7,7.72,4.86,620.3,49.5,2.73,0.296,0.062,0.96,,,Ⅳ
2024-05-28T00:00:00+08:00,1716825600,23.6,7.62,3.87,611.4,43.3,2.68,0.382,0.066,0.98,,,Ⅳ
2024-05-28T04:00:00+08:00,1716840000,22.9,7.44,2.1,616.3,33.1,2.71,0.288,0.063,1.0,,,Ⅴ
2024-05-28T08:00:00+08:00,1716854400,23.1,7.5,2.89,617.4,34.7,2.7,0.278,0.061,1.02,,,Ⅴ
2024-05-28T12:00:00+08:00,1716868800,24.0,7.87,6.39,625.4,40.8,2.19,0.213,0.061,1.06,,,Ⅱ
2024-05-28T16:00:00+08:00,1716883200,24.7,7.99,7.62,622.9,36.9,2.46,0.146,0.06,1.09,,,Ⅱ
2024-05-28T20:00:00+08:00,1716897600,23.7,7.71,5.28,626.6,39.4,2.47,0.209,0.06,1.05,,,Ⅲ
2024-05-29T00:00:00+08:00,1716912000,23.2,7.78,5.63,623.3,40.5,2.47,0.209,0.06,1.05,,,Ⅲ
2024-05-29T04:00:00+08:00,1716926400,22.9,7.54,3.2,626.0,37.1,2.22,0.21,0.059,1.05,,,Ⅳ
2024-05-29T08:00:00+08:00,1716940800,22.9,7.51,3.15,627.3,40.4,2.94,0.249,0.065,0.99,,,Ⅳ
2024-05-29T12:00:00+08:00,1716955200,24.3,7.93,7.35,624.7,41.1,2.21,0.162,0.061,1.03,,,Ⅱ
2024-05-29T16:00:00+08:00,1716969600,25.2,8.01,7.79,631.8,46.5,2.21,0.175,0.062,1.01,,,Ⅱ
2024-05-29T20:00:00+08:00,1716984000,23.8,7.8,6.51,621.9,80.9,3.71,0.463,0.091,0.9,,,Ⅱ
2024-05-30T00:00:00+08:00,1716998400,23.0,7.76,5.73,619.8,77.7,3.71,0.463,0.091,0.9,,,Ⅲ
2024-05-30T04:00:00+08:00,1717012800,22.5,7.5,3.33,620.3,58.6,3.21,0.399,0.082,0.96,,,Ⅳ
2024-05-30T08:00:00+08:00,1717027200,22.6,7.54,3.67,622.4,46.6,2.96,0.278,0.075,0.96,,,Ⅳ
2024-05-30T12:00:00+08:00,1717041600,23.5,7.66,5.26,622.6,36.8,2.72,0.147,0.061,0.99,,,Ⅲ
2024-05-30T16:00:00+08:00,1717056000,23.6,7.81,6.36,623.9,36.3,2.47,0.129,0.056,1.05,,,Ⅱ
2024-05-31T10:24:00+08:00,1717122240,,,,,,,,,,,,
2024-05-31T14:25:00+08:00,1717136700,,,,,,,,,,,,
2024-05-31T16:00:00+08:00,1717142400,22.9,7.84,8.27,622.5,35.6,,0.219,0.067,1.05,,,
2024-05-31T20:00:00+08:00,1717156800,22.8,7.69,4.9,616.5,35.0,2.21,0.175,0.057,1.07,,,Ⅳ
2024-06-01T00:00:00+08:00,1717171200,22.6,7.52,2.86,614.1,33.1,2.21,0.175,0.057,1.07,,,Ⅴ
2024-06-01T04:00:00+08:00,1717185600,22.2,7.53,2.87,617.1,35.1,2.46,0.223,0.06,1.11,,,Ⅴ
2024-06-01T08:00:00+08:00,1717200000,22.3,7.5,2.84,612.7,33.3,2.71,0.241,0.06,1.08,,,Ⅴ
2024-06-01T12:00:00+08:00,1717214400,23.4,7.75,6.07,620.6,36.6,2.44,0.194,0.062,1.01,,,Ⅱ
2024-06-01T16:00:00+08:00,1717228800,23.6,7.94,7.43,620.1,37.0,2.75,0.141,0.061,1.01,,,Ⅱ
2024-06-01T20:00:00+08:00,1717243200,23.2,7.79,6.18,616.0,40.2,2.46,0.148,0.061,1.01,,,Ⅱ
2024-06-02T00:00:00+08:00,1717257600,22.5,7.61,4.26,618.0,41.9,2.46,0.148,0.061,1.01,,,Ⅳ
2024-06-02T04:00:00+08:00,1717272000,22.2,7.55,3.43,619.3,35.7,2.96,0.175,0.062,1.05,,,Ⅳ
2024-06-02T12:00:00+08:00,1717300800,23.8,7.8,7.22,615.1,34.4,2.47,0.1,0.057,0.98,,,Ⅱ
2024-06-02T16:00:00+08:00,1717315200,24.2,8.15,9.02,618.0,35.7,2.72,0.13,0.079,1.0,,,Ⅱ
2024-06-02T20:00:00+08:00,1717329600,23.8,7.89,6.88,623.7,36.6,2.21,0.117,0.062,1.01,,,Ⅱ
2024-06-03T00:00:00+08:00,1717344000,23.1,7.78,5.8,620.9,37.1,2.21,0.117,0.062,1.01,,,Ⅲ
2024-06-03T04:00:00+08:00,1717358400,22.7,7.65,4.43,621.6,37.8,2.46,0.133,0.056,1.04,,,Ⅳ
2024-06-03T08:00:00+08:00,1717372800,22.9,7.71,5.14,630.8,39.3,2.47,0.153,0.059,1.1,,,Ⅲ
2024-06-03T16:00:00+08:00,1717401600,25.8,8.41,10.44,621.3,34.5,1.97,0.1,0.057,1.02,,,Ⅱ
2024-06-03T20:00:00+08:00,1717416000,25.4,8.31,9.63,623.9,35.9,2.21,0.096,0.059,0.98,,,Ⅱ
2024-06-04T00:00:00+08:00,1717430400,24.4,7.94,7.36,625.3,38.5,2.97,0.1,0.055,0.97,,,Ⅱ
2024-06-04T04:00:00+08:00,1717444800,23.7,7.77,6.04,627.3,38.7,2.46,0.126,0.052,0.94,,,Ⅱ
2024-06-04T12:00:00+08:00,1717473600,25.0,8.19,9.2,621.0,36.6,2.46,0.1,0.05,0.93,,,Ⅱ
2024-06-04T16:00:00+08:00,1717488000,25.3,8.36,9.83,621.2,36.7,2.71,0.108,0.051,0.91,,,Ⅱ
2024-06-04T20:00:00+08:00,1717502400,24.7,8.13,7.99,623.3,39.8,2.72,0.13,0.054,0.93,,,Ⅱ
2024-06-05T00:00:00+08:00,1717516800,23.8,7.9,6.71,629.8,54.7,2.72,0.13,0.054,0.93,,,Ⅱ
2024-06-05T04:00:00+08:00,1717531200,23.5,7.76,5.68,622.3,55.9,2.97,0.249,0.063,0.88,,,Ⅲ
2024-06-05T08:00:00+08:00,1717545600,23.4,7.81,6.11,619.0,53.0,2.72,0.248,0.063,0.86,,,Ⅱ
2024-06-05T12:00:00+08:00,1717560000,23.5,7.95,7.29,617.1,50.6,1.97,0.216,0.065,0.9,,,Ⅱ
2024-06-05T16:00:00+08:00,1717574400,23.1,7.89,6.71,621.8,43.0,2.71,0.181,0.054,0.95,,,Ⅱ
2024-06-06T00:00:00+08:00,1717603200,22.5,7.75,5.54,626.4,46.7,2.22,0.183,0.052,0.94,,,Ⅲ
2024-06-06T04:00:00+08:00,1717617600,21.9,7.76,5.61,621.8,56.6,2.97,0.341,0.067,0.97,,,Ⅲ
2024-06-06T08:00:00+08:00,1717632000,21.9,7.78,5.83,620.7,47.1,2.48,0.295,0.064,0.94,,,Ⅲ
2024-06-06T12:00:00+08:00,1717646400,22.1,7.84,6.28,629.1,43.6,2.48,0.295,0.064,0.94,,,Ⅱ
2024-06-06T16:00:00+08:00,1717660800,22.7,7.89,6.66,632.5,46.1,2.46,0.241,0.057,0.99,,,Ⅱ
2024-06-06T20:00:00+08:00,1717675200,22.5,7.76,5.48,627.3,37.3,2.47,0.219,0.053,1.06,,,Ⅲ
2024-06-07T00:00:00+08:00,1717689600,22.0,7.69,4.9,628.3,44.8,2.47,0.219,0.053,1.06,,,Ⅳ
2024-06-07T04:00:00+08:00,1717704000,21.7,7.7,5.01,631.1,44.6,2.47,0.272,0.061,1.09,,,Ⅲ
2024-06-07T08:00:00+08:00,1717718400,21.7,7.72,5.36,622.9,46.4,2.46,0.26,0.062,1.04,,,Ⅲ
2024-06-07T12:00:00+08:00,1717732800,22.8,7.83,6.44,629.4,44.8,2.21,0.236,0.063,1.02,,,Ⅱ
2024-06-07T16:00:00+08:00,1717747200,22.9,7.8,6.13,627.7,43.5,2.46,0.207,0.06,1.05,,,Ⅱ
2024-06-07T20:00:00+08:00,1717761600,22.5,7.72,5.31,625.6,44.5,2.47,0.219,0.062,1.11,,,Ⅲ
2024-06-08T00:00:00+08:00,1717776000,22.1,7.68,4.99,622.8,44.7,2.47,0.219,0.062,1.11,,,Ⅳ
2024-06-08T08:00:00+08:00,1717804800,22.2,7.7,5.02,627.3,40.1,2.71,0.226,0.062,1.14,,,Ⅲ
2024-06-08T12:00:00+08:00,1717819200,24.0,7.89,7.1,636.5,38.7,2.47,0.219,0.062,1.13,,,Ⅱ
2024-06-08T16:00:00+08:00,1717833600,24.8,8.1,8.2,628.2,46.0,1.72,0.153,0.061,1.08,,,Ⅱ
2024-06-08T20:00:00+08:00,1717848000,24.6,8.01,7.67,625.2,47.0,2.68,0.204,0.07,1.05,,,Ⅱ
2024-06-09T00:00:00+08:00,1717862400,24.0,7.75,5.61,630.8,43.4,2.22,0.161,0.062,1.07,,,Ⅲ
2024-06-09T04:00:00+08:00,1717876800,23.5,7.66,4.65,623.6,40.6,2.22,0.161,0.062,1.07,,,Ⅳ
2024-06-09T08:00:00+08:00,1717891200,23.4,7.7,5.25,625.2,36.6,2.23,0.149,0.058,1.01,,,Ⅲ
2024-06-09T12:00:00+08:00,1717905600,24.4,7.88,7.17,628.8,35.9,2.7,0.13,0.06,1.06,,,Ⅱ
2024-06-09T16:00:00+08:00,1717920000,25.8,8.36,10.48,622.9,36.0,2.46,0.097,0.057,1.04,,,Ⅱ
2024-06-09T20:00:00+08:00,1717934400,25.3,8.18,9.01,624.7,35.0,2.26,0.097,0.058,1.03,,,Ⅱ
2024-06-10T00:00:00+08:00,1717948800,24.7,7.94,7.24,619.3,37.5,2.46,0.097,0.055,1.03,,,Ⅱ
2024-06-10T04:00:00+08:00,1717963200,24.2,7.76,5.71,631.4,41.8,2.47,0.138,0.056,0.96,,,Ⅲ
2024-06-10T08:00:00+08:00,1717977600,23.9,7.74,5.52,632.4,38.9,2.47,0.134,0.059,1.03,,,Ⅲ
2024-06-10T12:00:00+08:00,1717992000,24.2,7.84,6.6,634.3,40.6,2.23,0.131,0.057,1.0,,,Ⅱ
2024-06-10T16:00:00+08:00,1718006400,24.3,7.98,7.73,626.6,48.8,2.72,0.182,0.064,0.97,,,Ⅱ
2024-06-10T20:00:00+08:00,1718020800,23.8,7.82,6.52,624.4,60.4,2.96,0.26,0.07,0.93,,,Ⅱ
2024-06-11T00:00:00+08:00,1718035200,23.4,7.79,6.04,626.1,56.8,2.96,0.26,0.07,0.93,,,Ⅱ
2024-06-11T04:00:00+08:00,1718049600,23.0,7.69,4.9,626.2,54.7,2.73,0.257,0.07,0.95,,,Ⅳ
2024-06-11T08:00:00+08:00,1718064000,23.0,7.69,4.86,632.1,49.2,2.47,0.244,0.069,1.11,,,Ⅳ
2024-06-11T12:00:00+08:00,1718078400,23.2,7.75,5.57,627.0,42.9,2.71,0.24,0.065,1.02,,,Ⅲ
2024-06-11T16:00:00+08:00,1718092800,24.0,7.83,6.28,629.9,43.1,2.47,0.174,0.062,1.08,,,Ⅱ
2024-06-11T20:00:00+08:00,1718107200,23.7,7.76,5.51,628.8,42.7,2.71,0.218,0.064,1.08,,,Ⅲ
2024-06-12T00:00:00+08:00,1718121600,23.4,7.67,4.58,628.5,40.0,2.71,0.218,0.064,1.08,,,Ⅳ
2024-06-12T04:00:00+08:00,1718136000,23.2,7.65,4.18,630.0,40.1,2.47,0.18,0.062,1.11,,,Ⅳ
2024-06-12T12:00:00+08:00,1718164800,23.8,7.86,6.29,631.8,40.2,2.71,0.194,0.063,1.15,,,Ⅳ
2024-06-12T20:00:00+08:00,1718193600,24.7,7.96,7.16,631.1,36.6,2.46,0.134,0.063,1.1,,,Ⅱ
2024-06-13T08:00:00+08:00,1718236800,24.0,7.63,3.99,635.1,38.8,2.71,0.169,0.064,1.06,,,Ⅳ
2024-06-13T12:00:00+08:00,1718251200,25.9,8.13,8.54,628.8,36.9,2.48,0.145,0.061,1.03,,,Ⅱ
2024-06-13T16:00:00+08:00,1718265600,26.7,8.18,8.95,628.7,35.8,2.46,0.12,0.062,0.99,,,Ⅱ
2024-06-13T20:00:00+08:00,1718280000,26.0,7.96,6.68,629.3,56.6,2.47,0.097,0.064,0.98,,,Ⅱ
2024-06-14T00:00:00+08:00,1718294400,25.3,7.77,5.29,629.5,63.3,2.72,0.234,0.073,0.92,,,Ⅲ
2024-06-14T04:00:00+08:00,1718308800,24.7,7.66,4.18,628.1,51.8,2.72,0.234,0.073,0.92,,,Ⅳ
2024-06-14T08:00:00+08:00,1718323200,24.4,7.68,4.55,629.3,52.3,2.93,0.255,0.072,0.91,,,Ⅳ
2024-06-14T16:00:00+08:00,1718352000,27.3,8.3,8.72,628.2,36.9,2.72,0.214,0.07,0.94,,,Ⅱ
2024-06-14T20:00:00+08:00,1718366400,26.2,8.15,8.0,626.4,47.4,2.7,0.136,0.072,0.96,,,Ⅱ
2024-06-15T00:00:00+08:00,1718380800,25.4,7.92,6.38,626.7,50.0,2.47,0.176,0.066,0.9,,,Ⅱ
2024-06-15T04:00:00+08:00,1718395200,24.9,7.8,5.39,631.4,41.2,2.47,0.176,0.066,0.9,,,Ⅲ
2024-06-15T08:00:00+08:00,1718409600,25.4,7.93,6.58,634.8,37.4,2.71,0.155,0.06,0.88,,,Ⅱ
2024-06-15T12:00:00+08:00,1718424000,27.1,8.35,9.75,632.4,38.8,2.7,0.116,0.055,0.89,,,Ⅱ
2024-06-15T16:00:00+08:00,1718438400,28.8,8.62,11.87,627.3,36.4,2.68,0.122,0.062,0.9,,,Ⅱ
2024-06-15T20:00:00+08:00,1718452800,27.9,8.29,8.9,629.5,48.5,2.46,0.1,0.058,0.85,,,Ⅱ
2024-06-16T00:00:00+08:00,1718467200,26.6,7.98,7.1,624.3,42.3,2.97,0.18,0.066,0.83,,,Ⅱ
2024-06-16T04:00:00+08:00,1718481600,26.1,7.71,4.62,624.8,39.3,2.97,0.18,0.066,0.83,,,Ⅳ
2024-06-16T08:00:00+08:00,1718496000,25.9,7.79,5.92,629.3,36.7,2.71,0.159,0.055,0.82,,,Ⅲ
2024-06-16T12:00:00+08:00,1718510400,27.4,8.11,8.41,627.4,37.6,2.46,0.119,0.054,0.84,,,Ⅱ
2024-06-16T16:00:00+08:00,1718524800,28.4,8.24,9.19,627.4,36.4,2.47,0.115,0.051,0.8,,,Ⅱ
2024-06-16T20:00:00+08:00,1718539200,27.4,7.94,7.11,621.6,55.1,1.74,0.112,0.055,0.86,,,Ⅱ
2024-06-17T00:00:00+08:00,1718553600,26.3,7.82,6.06,626.0,57.5,3.21,0.253,0.066,0.79,,,Ⅱ
2024-06-17T04:00:00+08:00,1718568000,26.1,7.82,5.94,629.3,47.0,3.21,0.253,0.066,0.79,,,Ⅲ
2024-06-17T08:00:00+08:00,1718582400,25.8,7.79,5.37,628.8,40.9,2.96,0.214,0.061,0.88,,,Ⅲ
2024-06-17T12:00:00+08:00,1718596800,26.8,8.03,7.26,632.0,36.7,2.49,0.158,0.059,0.84,,,Ⅱ
2024-06-17T16:00:00+08:00,1718611200,27.6,8.17,8.25,630.0,35.6,2.47,0.116,0.051,0.8,,,Ⅱ
2024-06-17T20:00:00+08:00,1718625600,27.0,8.01,7.38,626.6,38.2,2.72,0.114,0.053,0.78,,,Ⅱ
2024-06-18T00:00:00+08:00,1718640000,25.9,7.75,5.85,625.9,40.6,2.96,0.125,0.055,0.81,,,Ⅲ
2024-06-18T04:00:00+08:00,1718654400,25.8,7.78,5.36,633.1,43.3,2.72,0.168,0.06,0.92,,,Ⅲ
2024-06-18T08:00:00+08:00,1718668800,25.8,7.82,5.82,630.3,41.4,2.72,0.158,0.058,0.9,,,Ⅲ
2024-06-18T12:00:00+08:00,1718683200,27.3,7.94,7.46,631.4,39.1,3.22,0.145,0.063,0.8,,,Ⅱ
2024-06-18T16:00:00+08:00,1718697600,27.4,7.89,6.74,629.1,54.6,3.2,0.276,0.076,0.76,,,Ⅱ
2024-06-18T20:00:00+08:00,1718712000,26.6,7.74,5.52,629.8,90.2,4.72,0.54,0.104,0.62,,,Ⅲ
2024-06-19T00:00:00+08:00,1718726400,25.8,7.67,4.7,631.0,63.3,4.72,0.54,0.104,0.62,,,Ⅳ
2024-06-19T04:00:00+08:00,1718740800,25.3,7.61,4.11,630.9,67.4,3.71,0.321,0.079,0.81,,,Ⅳ
2024-06-19T08:00:00+08:00,1718755200,25.3,7.79,5.35,630.5,48.0,2.71,0.243,0.073,0.88,,,Ⅲ
2024-06-19T12:00:00+08:00,1718769600,25.4,7.77,5.35,623.1,43.9,2.71,0.19,0.067,0.92,,,Ⅲ
2024-06-19T16:00:00+08:00,1718784000,25.7,7.68,5.06,616.6,39.6,3.21,0.22,0.069,0.96,,,Ⅲ
2024-06-19T20:00:00+08:00,1718798400,25.5,7.62,4.36,608.3,36.3,2.77,0.204,0.065,0.97,,,Ⅳ
2024-06-20T00:00:00+08:00,1718812800,25.4,7.51,3.09,603.5,34.6,2.77,0.204,0.065,0.97,,,Ⅳ
2024-06-20T04:00:00+08:00,1718827200,25.3,7.48,2.42,608.2,34.6,2.97,0.268,0.066,1.0,,,Ⅴ
2024-06-20T08:00:00+08:00,1718841600,25.3,7.65,4.09,621.0,37.3,2.72,0.224,0.066,0.94,,,Ⅳ
2024-06-20T12:00:00+08:00,1718856000,25.4,7.66,4.31,606.5,35.7,2.47,0.176,0.062,0.95,,,Ⅳ
2024-06-20T16:00:00+08:00,1718870400,26.1,7.65,5.11,596.2,31.8,2.72,0.228,0.067,1.09,,,Ⅲ
2024-06-20T20:00:00+08:00,1718884800,26.1,7.66,4.77,601.9,34.3,2.72,0.227,0.071,1.12,,,Ⅳ
2024-06-21T00:00:00+08:00,1718899200,25.9,7.51,2.85,608.0,33.9,2.72,0.227,0.071,1.12,,,Ⅴ
2024-06-21T04:00:00+08:00,1718913600,25.9,7.5,2.54,607.4,34.0,3.2,0.333,0.07,1.2,,,Ⅴ
2024-06-21T08:00:00+08:00,1718928000,25.9,7.63,3.88,617.0,38.9,2.72,0.238,0.069,0.98,,,Ⅳ
2024-06-21T12:00:00+08:00,1718942400,25.8,7.6,3.38,616.9,35.0,2.47,0.236,0.069,1.0,,,Ⅳ
2024-06-21T16:00:00+08:00,1718956800,25.8,7.58,3.33,616.4,33.9,2.47,0.216,0.068,1.03,,,Ⅳ
2024-06-22T00:00:00+08:00,1718985600,25.7,7.45,1.47,607.4,31.5,2.46,0.228,0.072,1.09,,,劣Ⅴ
2024-06-22T08:00:00+08:00,1719014400,25.8,7.62,3.6,617.7,38.5,3.22,0.494,0.092,1.39,,,劣Ⅴ
2024-06-22T12:00:00+08:00,1719028800,26.3,7.64,3.98,618.5,34.9,2.46,0.287,0.081,1.07,,,Ⅳ
2024-06-22T16:00:00+08:00,1719043200,26.2,7.58,3.69,611.7,31.4,2.69,0.25,0.081,1.1,,,Ⅳ
2024-06-22T20:00:00+08:00,1719057600,26.1,7.6,3.45,614.1,35.2,3.21,0.291,0.088,1.24,,,Ⅳ
2024-06-23T00:00:00+08:00,1719072000,26.0,7.55,2.85,612.4,34.2,2.72,0.258,0.084,1.11,,,Ⅴ
2024-06-23T08:00:00+08:00,1719100800,26.0,7.66,4.04,608.4,37.7,3.22,0.336,0.094,1.23,,,Ⅳ
2024-06-23T12:00:00+08:00,1719115200,26.0,7.68,4.27,613.1,36.5,2.71,0.265,0.085,1.06,,,Ⅳ
2024-06-23T16:00:00+08:00,1719129600,25.5,7.7,4.78,606.5,33.8,2.46,0.229,0.084,1.1,,,Ⅳ
2024-06-23T20:00:00+08:00,1719144000,25.3,7.69,4.4,609.5,38.4,2.68,0.189,0.084,1.13,,,Ⅳ
2024-06-24T00:00:00+08:00,1719158400,25.1,7.65,3.82,610.6,39.6,2.47,0.246,0.085,1.14,,,Ⅳ
2024-06-24T08:00:00+08:00,1719187200,25.2,7.66,4.02,612.7,40.0,2.72,0.3,0.093,1.22,,,Ⅳ
2024-06-24T12:00:00+08:00,1719201600,25.4,7.67,4.38,610.5,39.3,2.66,0.262,0.09,1.14,,,Ⅳ
2024-06-24T16:00:00+08:00,1719216000,25.9,7.82,5.88,609.6,38.2,2.47,0.224,0.088,1.1,,,Ⅲ
2024-06-25T00:00:00+08:00,1719244800,25.3,7.64,3.86,607.2,35.8,2.21,0.201,0.082,1.07,,,Ⅳ
2024-06-25T04:00:00+08:00,1719259200,24.8,7.63,3.84,609.9,35.4,2.71,0.203,0.08,1.11,,,Ⅳ
2024-06-25T12:00:00+08:00,1719288000,25.0,7.76,5.38,607.5,36.1,2.72,0.22,0.08,1.1,,,Ⅲ
2024-06-25T16:00:00+08:00,1719302400,25.2,7.85,6.31,607.9,35.1,2.47,0.208,0.079,1.03,,,Ⅱ
2024-06-25T20:00:00+08:00,1719316800,24.8,7.76,5.56,604.1,36.3,2.47,0.16,0.076,1.04,,,Ⅲ
2024-06-26T00:00:00+08:00,1719331200,24.6,7.68,4.53,604.3,35.9,2.21,0.18,0.076,1.04,,,Ⅳ
2024-06-26T04:00:00+08:00,1719345600,24.2,7.68,4.62,597.3,39.1,2.44,0.207,0.08,1.02,,,Ⅳ
2024-06-26T08:00:00+08:00,1719360000,24.3,7.72,5.13,596.2,39.8,2.47,0.227,0.081,1.05,,,Ⅲ
2024-06-26T12:00:00+08:00,1719374400,24.5,7.73,5.32,597.8,37.7,2.46,0.204,0.078,1.02,,,Ⅲ
2024-06-26T16:00:00+08:00,1719388800,24.7,7.77,5.78,600.9,35.4,2.45,0.179,0.075,1.04,,,Ⅲ
2024-06-26T20:00:00+08:00,1719403200,24.6,7.76,5.61,592.7,36.5,2.22,0.186,0.074,1.08,,,Ⅲ
2024-06-27T00:00:00+08:00,1719417600,24.4,7.7,5.06,590.2,38.9,2.22,0.186,0.074,1.08,,,Ⅲ
2024-06-27T04:00:00+08:00,1719432000,24.3,7.67,4.72,593.3,37.3,2.46,0.177,0.077,1.08,,,Ⅳ
2024-06-27T08:00:00+08:00,1719446400,24.3,7.74,5.42,586.0,40.5,2.69,0.217,0.08,1.02,,,Ⅲ
2024-06-27T12:00:00+08:00,1719460800,24.3,7.75,5.47,588.5,37.2,2.21,0.204,0.079,1.06,,,Ⅲ
2024-06-27T16:00:00+08:00,1719475200,24.5,7.77,5.99,590.7,35.0,2.47,0.165,0.075,1.07,,,Ⅲ
2024-06-27T20:00:00+08:00,1719489600,24.3,7.7,5.11,591.1,35.4,2.69,0.161,0.075,1.1,,,Ⅲ
2024-06-28T00:00:00+08:00,1719504000,24.3,7.68,4.65,588.8,34.6,2.69,0.161,0.075,1.1,,,Ⅳ
2024-06-28T04:00:00+08:00,1719518400,24.2,7.63,3.97,590.6,34.7,2.7,0.209,0.082,1.17,,,Ⅳ
2024-06-28T08:00:00+08:00,1719532800,24.2,7.73,5.16,585.9,38.7,2.7,0.209,0.082,1.17,,,Ⅲ
2024-06-28T12:00:00+08:00,1719547200,24.7,7.78,5.86,588.1,35.8,2.22,0.229,0.085,1.07,,,Ⅲ
2024-06-28T16:00:00+08:00,1719561600,24.8,7.76,5.69,586.1,35.6,2.46,0.184,0.08,1.14,,,Ⅲ
2024-06-28T20:00:00+08:00,1719576000,24.7,7.71,5.26,588.1,36.2,2.46,0.16,0.081,1.18,,,Ⅲ
2024-06-29T00:00:00+08:00,1719590400,24.5,7.73,5.36,581.5,53.0,2.46,0.16,0.081,1.18,,,Ⅲ
2024-06-29T04:00:00+08:00,1719604800,24.4,7.69,4.87,585.5,49.0,2.71,0.285,0.089,1.17,,,Ⅳ
2024-06-29T08:00:00+08:00,1719619200,24.4,7.7,4.97,583.7,39.9,2.23,0.223,0.082,1.18,,,Ⅳ
2024-06-29T12:00:00+08:00,1719633600,24.9,7.84,6.3,581.1,36.7,2.46,0.194,0.081,1.1,,,Ⅱ
2024-06-29T16:00:00+08:00,1719648000,25.1,7.83,6.24,580.9,37.3,1.96,0.166,0.078,1.16,,,Ⅱ
2024-06-29T20:00:00+08:00,1719662400,25.2,7.82,6.04,580.3,36.6,1.96,0.158,0.076,1.25,,,Ⅱ
2024-06-30T00:00:00+08:00,1719676800,25.1,7.73,5.28,584.3,35.0,1.96,0.158,0.076,1.25,,,Ⅲ
2024-06-30T04:00:00+08:00,1719691200,25.0,7.67,4.54,582.9,34.8,2.22,0.166,0.075,1.19,,,Ⅳ
2024-06-30T08:00:00+08:00,1719705600,24.9,7.72,5.31,560.5,37.3,2.22,0.19,0.08,1.16,,,Ⅲ
2024-06-30T12:00:00+08:00,1719720000,24.9,7.75,5.44,561.5,36.7,2.46,0.21,0.086,1.15,,,Ⅲ
2024-06-30T16:00:00+08:00,1719734400,24.9,7.72,5.14,568.3,37.3,2.22,0.227,0.09,1.11,,,Ⅲ
2024-06-30T20:00:00+08:00,1719748800,24.9,7.74,5.0,566.0,40.8,2.47,0.357,0.097,1.26,,,Ⅳ
2024-07-01T00:00:00+08:00,1719763200,24.9,7.69,4.52,561.9,42.0,2.47,0.357,0.097,1.26,,,Ⅳ
2024-07-01T04:00:00+08:00,1719777600,24.8,7.68,4.47,562.8,39.6,2.71,0.256,0.102,1.24,,,Ⅳ
2024-07-01T08:00:00+08:00,1719792000,24.9,7.72,4.94,557.4,40.8,2.71,0.25,0.102,1.21,,,Ⅳ
2024-07-01T12:00:00+08:00,1719806400,25.4,7.81,5.94,553.9,38.1,2.46,0.225,0.097,1.21,,,Ⅲ
2024-07-03T19:34:00+08:00,1720006440,,,,,,,,,,,,
2024-07-04T08:00:00+08:00,1720051200,27.7,8.14,7.91,539.9,33.4,2.47,0.107,0.074,1.15,,,Ⅱ
2024-07-04T12:00:00+08:00,1720065600,28.9,8.72,12.83,539.8,33.5,2.72,0.118,0.088,1.14,,,Ⅱ
2024-07-04T16:00:00+08:00,1720080000,29.6,8.84,14.31,543.6,32.3,2.97,0.102,0.083,1.07,,,Ⅱ
2024-07-04T20:00:00+08:00,1720094400,29.4,8.87,13.49,535.7,33.1,3.19,0.1,0.071,1.02,,,Ⅱ
2024-07-05T00:00:00+08:00,1720108800,29.3,8.6,11.07,532.8,33.6,3.19,0.1,0.071,1.02,,,Ⅱ
2024-07-05T04:00:00+08:00,1720123200,29.0,8.21,8.46,531.4,34.9,2.46,0.147,0.056,0.98,,,Ⅱ
2024-07-05T08:00:00+08:00,1720137600,29.0,8.22,8.73,533.0,33.8,2.73,0.13,0.057,1.03,,,Ⅱ
2024-07-05T16:00:00+08:00,1720166400,31.1,8.85,14.18,531.7,31.6,3.2,0.096,0.064,0.96,,,Ⅱ
2024-07-05T20:00:00+08:00,1720180800,30.9,8.68,11.87,533.9,34.3,2.96,0.101,0.064,0.91,,,Ⅱ
2024-07-06T00:00:00+08:00,1720195200,29.8,8.01,8.01,530.9,41.0,2.96,0.101,0.064,0.91,,,Ⅱ
2024-07-06T04:00:00+08:00,1720209600,29.6,8.17,8.29,532.1,34.8,2.71,0.12,0.057,0.98,,,Ⅱ
2024-07-06T08:00:00+08:00,1720224000,29.8,8.17,7.56,533.9,37.8,2.71,0.122,0.054,0.89,,,Ⅱ
2024-07-06T12:00:00+08:00,1720238400,30.4,8.25,8.31,528.0,34.9,2.71,0.092,0.053,0.91,,,Ⅱ
2024-07-06T16:00:00+08:00,1720252800,30.9,8.15,9.85,529.8,31.8,3.22,0.09,0.064,0.98,,,Ⅱ
2024-07-06T20:00:00+08:00,1720267200,30.7,8.23,8.79,522.4,34.4,2.95,0.107,0.059,0.91,,,Ⅱ
2024-07-07T00:00:00+08:00,1720281600,30.1,7.78,5.62,524.4,36.1,2.95,0.107,0.059,0.91,,,Ⅲ
2024-07-07T04:00:00+08:00,1720296000,29.8,7.83,5.61,524.3,33.0,2.7,0.104,0.056,0.9,,,Ⅲ
2024-07-07T08:00:00+08:00,1720310400,30.2,7.98,6.26,530.2,34.9,2.96,0.126,0.054,0.86,,,Ⅱ
2024-07-07T12:00:00+08:00,1720324800,31.1,8.17,7.56,527.5,32.7,2.45,0.1,0.057,0.86,,,Ⅱ
2024-07-07T20:00:00+08:00,1720353600,31.8,8.12,7.66,525.0,31.1,2.47,0.078,0.056,0.86,,,Ⅱ
2024-07-08T00:00:00+08:00,1720368000,31.2,7.76,4.7,529.8,35.6,2.47,0.078,0.056,0.86,,,Ⅳ
2024-07-08T04:00:00+08:00,1720382400,30.5,7.62,3.37,521.9,32.8,2.97,0.123,0.061,0.95,,,Ⅳ
2024-07-08T08:00:00+08:00,1720396800,31.0,7.85,5.15,524.7,35.1,2.97,0.123,0.061,0.95,,,Ⅲ
2024-07-08T12:00:00+08:00,1720411200,31.6,7.92,5.73,524.7,33.2,2.71,0.136,0.056,0.81,,,Ⅲ
2024-07-08T16:00:00+08:00,1720425600,32.1,7.96,6.73,532.6,31.4,2.22,0.094,0.066,0.91,,,Ⅱ
2024-07-08T20:00:00+08:00,1720440000,32.0,7.79,5.12,520.1,34.5,2.22,0.094,0.066,0.91,,,Ⅲ
2024-07-09T00:00:00+08:00,1720454400,31.2,7.66,3.58,511.6,39.1,2.96,0.102,0.07,0.91,,,Ⅳ
2024-07-09T04:00:00+08:00,1720468800,30.5,7.6,2.99,518.5,33.9,2.96,0.102,0.07,0.91,,,Ⅴ
2024-07-09T08:00:00+08:00,1720483200,30.8,7.76,4.37,524.6,34.4,2.75,0.147,0.07,0.9,,,Ⅳ
2024-07-09T12:00:00+08:00,1720497600,30.9,7.75,4.12,515.8,34.8,2.47,0.183,0.07,0.88,,,Ⅳ
2024-07-09T16:00:00+08:00,1720512000,31.4,7.81,4.89,528.0,32.8,2.47,0.183,0.07,0.88,,,Ⅳ
2024-07-09T20:00:00+08:00,1720526400,31.1,7.71,4.02,525.8,34.8,2.47,0.164,0.076,0.9,,,Ⅳ
2024-07-10T00:00:00+08:00,1720540800,30.6,7.54,2.36,520.8,31.1,2.47,0.164,0.076,0.9,,,Ⅴ
2024-07-10T04:00:00+08:00,1720555200,30.2,7.56,2.51,520.0,33.7,2.47,0.164,0.076,0.9,,,Ⅴ
2024-07-10T08:00:00+08:00,1720569600,30.4,7.67,3.57,524.8,35.4,3.19,0.213,0.081,0.89,,,Ⅳ
2024-07-10T12:00:00+08:00,1720584000,30.4,7.66,3.18,525.5,37.8,2.95,0.242,0.086,0.86,,,Ⅳ
2024-07-10T16:00:00+08:00,1720598400,30.7,7.7,3.65,535.1,36.5,2.73,0.251,0.098,0.9,,,Ⅳ
2024-07-10T20:00:00+08:00,1720612800,30.4,7.59,2.64,522.4,33.5,2.96,0.213,0.096,0.95,,,Ⅴ
2024-07-11T10:08:00+08:00,1720663680,,,,,,,,,,,,
2024-07-11T14:09:00+08:00,1720678140,,,,,,,,,,,,
2024-07-11T18:10:00+08:00,1720692600,,,,,,,,,,,,
2024-07-12T08:00:00+08:00,1720742400,28.1,7.57,2.41,514.3,38.6,2.95,0.293,0.113,0.94,,,Ⅴ
2024-07-12T12:00:00+08:00,1720756800,28.0,7.73,4.05,512.1,41.7,2.46,0.318,0.108,0.87,,,Ⅳ
2024-07-12T16:00:00+08:00,1720771200,28.1,7.72,3.98,518.3,37.7,2.46,0.318,0.108,0.87,,,Ⅳ
2024-07-12T20:00:00+08:00,1720785600,27.9,7.69,3.59,516.2,42.2,2.21,0.27,0.106,0.9,,,Ⅳ
2024-07-13T04:00:00+08:00,1720814400,27.4,7.66,3.25,522.8,42.9,2.21,0.269,0.103,0.91,,,Ⅳ
2024-07-13T08:00:00+08:00,1720828800,27.5,7.68,3.44,519.5,41.5,2.23,0.294,0.107,0.9,,,Ⅳ
2024-07-13T12:00:00+08:00,1720843200,27.5,7.73,3.99,506.1,40.6,2.46,0.292,0.109,0.89,,,Ⅳ
2024-07-13T16:00:00+08:00,1720857600,27.9,7.75,4.28,520.1,38.3,2.24,0.306,0.107,0.88,,,Ⅳ
2024-07-13T20:00:00+08:00,1720872000,28.0,7.71,3.83,509.5,39.4,2.71,0.237,0.105,0.89,,,Ⅳ
2024-07-15T08:00:00+08:00,1721001600,27.7,7.63,3.29,501.1,34.9,2.46,0.194,0.114,0.91,,,Ⅳ
2024-07-15T12:00:00+08:00,1721016000,28.1,7.7,4.13,509.5,36.8,0.74,0.214,0.12,0.89,,,Ⅳ
2024-07-15T16:00:00+08:00,1721030400,28.7,7.84,5.68,496.1,34.3,,0.161,0.115,0.91,,,
2024-07-15T20:00:00+08:00,1721044800,28.5,7.71,4.4,508.9,34.8,2.46,0.146,0.107,0.95,,,Ⅳ
2024-07-16T00:00:00+08:00,1721059200,28.2,7.59,2.82,507.3,34.8,2.22,0.178,0.114,0.99,,,Ⅴ
2024-07-16T04:00:00+08:00,1721073600,28.0,7.55,2.22,505.5,35.8,2.22,0.192,0.118,1.01,,,Ⅴ
2024-07-16T08:00:00+08:00,1721088000,28.2,7.62,3.31,517.9,35.8,2.21,0.17,0.117,0.95,,,Ⅳ
2024-07-16T12:00:00+08:00,1721102400,28.7,7.77,5.1,515.2,36.3,2.22,0.192,0.119,0.87,,,Ⅲ
2024-07-16T16:00:00+08:00,1721116800,30.0,8.0,7.12,512.9,35.2,2.71,0.102,0.112,0.93,,,Ⅲ
2024-07-16T20:00:00+08:00,1721131200,29.8,7.85,5.83,511.1,46.8,2.46,0.17,0.112,0.86,,,Ⅲ
2024-07-17T00:00:00+08:00,1721145600,29.3,7.68,3.98,506.7,52.7,2.7,0.238,0.114,0.88,,,Ⅳ
2024-07-17T04:00:00+08:00,1721160000,29.0,7.67,3.86,506.7,40.6,1.97,0.191,0.109,0.88,,,Ⅳ
2024-07-17T08:00:00+08:00,1721174400,28.7,7.64,3.62,502.1,39.3,2.71,0.148,0.104,0.88,,,Ⅳ
2024-07-17T12:00:00+08:00,1721188800,29.3,7.79,5.46,508.8,35.5,2.46,0.115,0.1,0.86,,,Ⅲ
2024-07-17T16:00:00+08:00,1721203200,30.0,8.24,8.7,511.0,35.9,2.71,0.107,0.107,0.79,,,Ⅲ
2024-07-17T20:00:00+08:00,1721217600,30.0,7.99,7.2,502.1,35.1,2.46,0.1,0.097,0.83,,,Ⅱ
2024-07-18T00:00:00+08:00,1721232000,29.6,7.7,4.52,505.0,34.7,2.69,0.103,0.097,0.85,,,Ⅳ
2024-07-18T04:00:00+08:00,1721246400,29.4,7.59,3.04,508.6,33.2,2.21,0.102,0.098,0.88,,,Ⅳ
2024-07-18T08:00:00+08:00,1721260800,29.3,7.68,4.2,518.8,33.1,2.71,0.104,0.102,0.81,,,Ⅳ
2024-07-18T12:00:00+08:00,1721275200,30.2,8.14,8.2,504.7,35.5,2.48,0.096,0.104,0.76,,,Ⅲ
2024-07-18T16:00:00+08:00,1721289600,30.8,8.27,9.0,508.5,33.0,2.46,0.078,0.102,0.74,,,Ⅲ
2024-07-18T20:00:00+08:00,1721304000,30.4,8.04,7.2,508.9,34.9,2.7,0.093,0.095,0.73,,,Ⅱ
2024-07-19T00:00:00+08:00,1721318400,29.9,7.94,6.14,501.8,42.3,2.46,0.16,0.098,0.69,,,Ⅱ
2024-07-19T04:00:00+08:00,1721332800,29.8,7.96,6.14,502.9,39.3,2.47,0.136,0.093,0.72,,,Ⅱ
2024-07-19T08:00:00+08:00,1721347200,29.8,7.8,5.16,498.4,35.9,2.72,0.131,0.089,0.72,,,Ⅲ
2024-07-19T12:00:00+08:00,1721361600,31.3,8.14,8.28,505.0,32.5,2.71,0.103,0.088,0.68,,,Ⅱ
2024-07-19T16:00:00+08:00,1721376000,32.2,8.77,12.06,502.2,33.8,2.96,0.091,0.094,0.61,,,Ⅱ
2024-07-20T00:00:00+08:00,1721404800,31.0,7.94,5.75,501.5,33.4,1.98,0.085,0.081,0.6,,,Ⅲ
2024-07-20T04:00:00+08:00,1721419200,30.5,7.8,4.62,506.6,36.1,2.69,0.105,0.081,0.58,,,Ⅳ
2024-07-20T08:00:00+08:00,1721433600,30.6,8.06,6.63,506.6,38.1,2.22,0.144,0.081,0.56,,,Ⅱ
2024-07-20T12:00:00+08:00,1721448000,31.5,8.31,8.53,498.6,33.7,2.47,0.094,0.083,0.51,,,Ⅱ
2024-07-20T16:00:00+08:00,1721462400,32.0,8.6,10.81,497.4,35.3,2.72,0.106,0.087,0.52,,,Ⅱ
2024-07-20T20:00:00+08:00,1721476800,31.7,8.12,7.86,496.7,38.3,3.22,0.113,0.088,0.57,,,Ⅱ
2024-07-21T00:00:00+08:00,1721491200,31.0,7.79,5.49,495.6,35.6,2.97,0.105,0.089,0.58,,,Ⅲ
2024-07-21T04:00:00+08:00,1721505600,30.8,8.02,6.09,500.4,39.4,2.97,0.135,0.089,0.59,,,Ⅱ
2024-07-21T08:00:00+08:00,1721520000,30.7,7.92,5.4,504.6,36.0,2.72,0.117,0.08,0.53,,,Ⅲ
2024-07-21T12:00:00+08:00,1721534400,31.4,8.21,7.16,496.2,37.3,2.22,0.125,0.088,0.52,,,Ⅱ
2024-07-22T08:00:00+08:00,1721606400,31.0,7.9,5.19,489.9,38.9,2.95,0.165,0.088,0.54,,,Ⅲ
2024-07-22T12:00:00+08:00,1721620800,31.8,7.97,5.63,494.6,36.5,2.71,0.145,0.08,0.54,,,Ⅲ
2024-07-22T16:00:00+08:00,1721635200,32.8,8.33,7.73,493.8,34.3,2.46,0.125,0.084,0.53,,,Ⅱ
2024-07-22T20:00:00+08:00,1721649600,32.2,7.94,5.54,498.7,51.7,2.46,0.125,0.084,0.53,,,Ⅲ
2024-07-23T04:00:00+08:00,1721678400,30.9,7.84,4.72,487.8,43.8,2.73,0.173,0.083,0.48,,,Ⅳ
2024-07-23T08:00:00+08:00,1721692800,30.9,7.8,4.52,494.8,47.8,2.73,0.173,0.083,0.48,,,Ⅳ
2024-07-23T12:00:00+08:00,1721707200,31.8,7.89,5.28,490.6,40.9,3.21,0.212,0.09,0.52,,,Ⅲ
2024-07-23T16:00:00+08:00,1721721600,32.5,8.04,6.1,493.0,38.2,1.72,0.168,0.093,0.53,,,Ⅱ
2024-07-23T20:00:00+08:00,1721736000,31.8,7.9,5.51,491.6,52.6,2.71,0.139,0.087,0.54,,,Ⅲ
2024-07-24T04:00:00+08:00,1721764800,30.5,7.66,3.23,491.4,48.4,3.2,0.209,0.1,0.48,,,Ⅳ
2024-07-24T08:00:00+08:00,1721779200,30.7,7.76,4.4,484.0,59.9,2.72,0.202,0.095,0.57,,,Ⅳ
2024-07-24T12:00:00+08:00,1721793600,31.7,7.91,5.46,494.2,47.4,2.97,0.278,0.1,0.5,,,Ⅲ
2024-07-24T16:00:00+08:00,1721808000,32.0,7.79,4.24,490.3,55.8,2.73,0.249,0.101,0.5,,,Ⅳ
2024-07-24T20:00:00+08:00,1721822400,31.2,7.73,4.16,489.4,75.9,3.46,0.329,0.116,0.57,,,Ⅳ
2024-07-25T04:00:00+08:00,1721851200,30.1,7.72,3.8,492.7,55.8,2.98,0.337,0.112,0.51,,,Ⅳ
2024-07-25T08:00:00+08:00,1721865600,29.9,7.67,3.65,489.9,84.7,3.22,0.29,0.104,0.51,,,Ⅳ
2024-07-25T12:00:00+08:00,1721880000,30.7,7.72,4.0,489.6,112.9,3.98,0.47,0.121,0.5,,,Ⅳ
2024-07-25T16:00:00+08:00,1721894400,31.0,7.74,4.11,499.6,115.6,4.46,0.609,0.141,0.4,,,Ⅳ
2024-07-25T20:00:00+08:00,1721908800,30.2,7.71,3.82,478.2,109.0,4.72,0.594,0.143,0.37,,,Ⅳ
2024-07-26T04:00:00+08:00,1721937600,29.4,7.72,3.86,482.3,78.8,3.78,0.49,0.122,0.46,,,Ⅳ
2024-07-26T08:00:00+08:00,1721952000,29.4,7.77,4.64,479.5,163.1,3.72,0.491,0.115,0.53,,,Ⅳ
2024-07-26T12:00:00+08:00,1721966400,29.5,7.76,4.33,472.9,86.5,3.23,0.492,0.137,0.38,,,Ⅳ
2024-07-26T16:00:00+08:00,1721980800,29.3,7.77,4.54,485.5,92.7,3.23,0.492,0.137,0.38,,,Ⅳ
2024-07-26T20:00:00+08:00,1721995200,28.9,7.8,4.94,482.0,147.0,4.97,0.606,0.152,0.35,,,Ⅳ
2024-07-27T04:00:00+08:00,1722024000,28.1,7.77,4.59,497.6,227.5,,0.732,0.172,0.16,,,
2024-07-27T08:00:00+08:00,1722038400,28.2,7.83,5.2,477.5,200.3,,0.8,0.202,0.12,,,
2024-07-27T12:00:00+08:00,1722052800,28.7,7.83,5.15,489.3,216.9,,0.748,0.175,0.12,,,
2024-07-27T16:00:00+08:00,1722067200,28.9,7.78,4.56,502.3,190.7,,0.895,0.194,,,,
2024-07-27T20:00:00+08:00,1722081600,28.2,7.75,4.36,502.7,176.8,5.91,0.97,0.161,0.31,,,Ⅳ
2024-07-28T04:00:00+08:00,1722110400,27.6,7.79,4.97,488.1,120.3,4.17,0.806,0.147,0.35,,,Ⅳ
2024-07-28T08:00:00+08:00,1722124800,28.0,7.64,3.47,512.5,68.6,3.68,0.657,0.119,0.73,,,Ⅳ
2024-07-29T08:00:00+08:00,1722211200,28.7,7.54,2.27,499.5,39.4,3.91,0.206,0.11,0.87,,,Ⅴ
2024-07-29T12:00:00+08:00,1722225600,29.9,7.7,4.32,492.9,40.7,3.43,0.223,0.118,0.79,,,Ⅳ
2024-07-29T20:00:00+08:00,1722254400,30.4,7.72,4.84,494.9,40.0,4.15,0.182,0.117,0.79,,,Ⅳ
2024-07-30T04:00:00+08:00,1722283200,29.1,7.72,4.11,500.6,47.8,3.19,0.317,0.122,0.72,,,Ⅳ
2024-07-30T08:00:00+08:00,1722297600,29.1,7.56,2.36,501.7,35.1,3.92,0.168,0.107,0.89,,,Ⅴ
2024-07-30T12:00:00+08:00,1722312000,30.7,7.66,4.22,501.9,34.4,3.69,0.152,0.113,0.88,,,Ⅳ
2024-07-31T12:00:00+08:00,1722398400,31.7,7.89,6.6,497.6,34.2,3.43,0.13,0.109,0.82,,,Ⅲ
2024-07-31T20:00:00+08:00,1722427200,31.7,7.83,5.68,502.0,39.1,3.17,0.224,0.119,0.59,,,Ⅲ
2024-08-01T04:00:00+08:00,1722456000,30.6,7.92,5.0,499.6,45.4,3.43,0.184,0.108,0.76,,,Ⅲ
2024-08-01T08:00:00+08:00,1722470400,31.0,7.81,4.4,500.4,39.1,2.94,0.237,0.124,0.79,,,Ⅳ
2024-08-01T12:00:00+08:00,1722484800,32.4,7.89,6.14,497.6,32.5,3.35,0.119,0.111,0.68,,,Ⅲ
2024-08-01T16:00:00+08:00,1722499200,33.1,7.84,6.49,506.5,30.5,3.35,0.119,0.111,0.68,,,Ⅲ
2024-08-01T20:00:00+08:00,1722513600,32.6,7.77,5.34,504.9,33.2,3.41,0.126,0.122,0.7,,,Ⅲ
2024-08-02T04:00:00+08:00,1722542400,32.0,8.18,6.13,489.7,42.1,3.18,0.19,0.113,0.71,,,Ⅲ
2024-08-02T12:00:00+08:00,1722571200,33.6,8.03,6.46,497.9,32.9,2.5,0.124,0.111,0.72,,,Ⅲ
2024-08-02T16:00:00+08:00,1722585600,34.6,8.0,6.69,500.6,32.7,2.89,0.134,0.119,0.77,,,Ⅲ
2024-08-02T20:00:00+08:00,1722600000,33.8,7.73,4.69,503.0,32.8,2.89,0.134,0.119,0.77,,,Ⅳ
2024-08-03T04:00:00+08:00,1722628800,32.5,8.06,5.46,505.7,41.4,2.94,0.204,0.115,0.82,,,Ⅲ
2024-08-03T08:00:00+08:00,1722643200,32.7,8.15,5.88,482.5,39.2,2.69,0.223,0.105,0.67,,,Ⅲ
2024-08-03T12:00:00+08:00,1722657600,33.8,8.13,6.16,495.5,34.6,2.68,0.165,0.107,0.73,,,Ⅲ
2024-08-03T16:00:00+08:00,1722672000,35.2,8.54,8.59,498.7,37.0,2.74,0.142,0.119,0.7,,,Ⅲ
2024-08-03T20:00:00+08:00,1722686400,33.8,7.91,5.02,503.2,42.5,2.94,0.199,0.112,0.71,,,Ⅲ
2024-08-04T04:00:00+08:00,1722715200,32.1,7.91,4.38,524.1,43.6,2.72,0.219,0.108,0.79,,,Ⅳ
2024-08-04T08:00:00+08:00,1722729600,32.3,7.86,4.17,499.3,42.2,2.69,0.256,0.109,0.93,,,Ⅳ
2024-08-05T08:00:00+08:00,1722816000,32.1,7.78,3.65,495.0,40.8,2.68,0.267,0.121,0.96,,,Ⅳ
2024-08-05T12:00:00+08:00,1722830400,33.3,7.97,4.87,504.2,38.4,2.69,0.285,0.11,0.79,,,Ⅳ
2024-08-05T20:00:00+08:00,1722859200,33.3,7.88,4.86,503.2,38.6,2.95,0.121,0.119,0.72,,,Ⅳ
2024-08-06T00:00:00+08:00,1722873600,32.2,7.81,3.76,502.3,42.6,1.89,0.176,0.116,0.73,,,Ⅳ
2024-08-06T04:00:00+08:00,1722888000,31.5,7.72,2.88,517.7,49.3,1.89,0.176,0.116,0.73,,,Ⅴ
2024-08-06T08:00:00+08:00,1722902400,31.6,7.72,3.3,500.0,42.0,3.43,0.302,0.119,0.95,,,Ⅳ
2024-08-06T12:00:00+08:00,1722916800,32.7,7.9,4.57,504.5,39.2,3.18,0.293,0.113,0.82,,,Ⅳ
2024-08-06T16:00:00+08:00,1722931200,33.6,7.78,4.91,508.1,30.2,3.18,0.232,0.112,0.88,,,Ⅳ
2024-08-06T20:00:00+08:00,1722945600,32.8,7.98,5.06,501.5,42.2,3.42,0.115,0.117,0.85,,,Ⅲ
2024-08-07T00:00:00+08:00,1722960000,31.8,7.83,3.75,520.5,44.0,3.65,0.213,0.115,0.77,,,Ⅳ
2024-08-07T04:00:00+08:00,1722974400,31.1,7.79,3.41,528.7,46.9,3.65,0.213,0.115,0.77,,,Ⅳ
2024-08-07T08:00:00+08:00,1722988800,31.2,7.77,3.68,524.2,43.4,3.67,0.246,0.117,0.87,,,Ⅳ
2024-08-07T16:00:00+08:00,1723017600,33.3,7.81,5.14,521.2,29.8,3.18,0.21,0.113,0.84,,,Ⅲ
2024-08-07T20:00:00+08:00,1723032000,32.9,8.34,6.39,516.4,42.8,3.42,0.112,0.114,0.81,,,Ⅲ
2024-08-08T00:00:00+08:00,1723046400,31.8,7.81,3.49,516.5,42.4,3.89,0.195,0.118,0.74,,,Ⅳ
2024-08-08T04:00:00+08:00,1723060800,31.1,7.65,2.74,524.1,39.6,3.89,0.195,0.118,0.74,,,Ⅴ
2024-08-08T20:00:00+08:00,1723118400,32.0,8.01,5.22,514.6,41.7,3.43,0.204,0.112,0.74,,,Ⅲ
2024-08-09T00:00:00+08:00,1723132800,31.3,7.88,3.99,517.6,40.3,3.43,0.204,0.112,0.74,,,Ⅳ
2024-08-09T04:00:00+08:00,1723147200,30.7,7.69,2.89,520.5,38.4,3.43,0.204,0.112,0.74,,,Ⅴ
2024-08-10T12:00:00+08:00,1723262400,32.7,8.1,5.51,518.6,41.1,3.43,0.247,0.122,0.76,,,Ⅲ
2024-08-11T20:00:00+08:00,1723377600,32.1,7.64,3.01,533.9,39.5,3.41,0.143,0.125,0.77,,,Ⅳ
2024-08-12T00:00:00+08:00,1723392000,31.7,7.71,3.03,517.3,38.4,2.66,0.22,0.116,0.76,,,Ⅳ
2024-08-12T04:00:00+08:00,1723406400,31.2,7.55,1.87,521.1,33.2,2.66,0.22,0.116,0.76,,,劣Ⅴ
2024-08-12T12:00:00+08:00,1723435200,33.1,8.45,6.89,539.3,45.0,3.19,0.236,0.115,0.88,,,Ⅲ
2024-08-13T04:00:00+08:00,1723492800,30.7,7.67,2.48,521.3,38.3,3.67,0.248,0.117,0.85,,,Ⅴ
2024-08-13T08:00:00+08:00,1723507200,31.0,7.76,3.15,538.1,42.6,3.19,0.301,0.122,0.91,,,Ⅳ
2024-08-13T16:00:00+08:00,1723536000,31.0,7.63,2.98,520.4,33.5,2.68,0.268,0.118,0.95,,,Ⅴ
2024-08-13T20:00:00+08:00,1723550400,30.5,7.57,2.21,523.7,34.1,2.97,0.314,0.116,0.98,,,Ⅴ
2024-08-14T04:00:00+08:00,1723579200,30.2,7.64,2.34,543.9,38.4,2.94,0.324,0.115,0.98,,,Ⅴ
2024-08-14T12:00:00+08:00,1723608000,31.5,7.75,3.57,513.5,35.7,2.69,0.267,0.115,0.87,,,Ⅳ
2024-08-14T16:00:00+08:00,1723622400,31.7,7.67,3.78,520.9,32.2,3.18,0.262,0.116,0.89,,,Ⅳ
2024-08-14T20:00:00+08:00,1723636800,31.1,7.56,2.62,535.3,32.9,3.15,0.256,0.115,0.95,,,Ⅴ
2024-08-15T00:00:00+08:00,1723651200,30.6,7.52,1.83,527.4,32.3,3.15,0.256,0.115,0.95,,,劣Ⅴ
2024-08-15T04:00:00+08:00,1723665600,30.2,7.67,2.98,503.1,40.2,2.78,0.301,0.113,0.89,,,Ⅴ
2024-08-15T12:00:00+08:00,1723694400,30.9,7.68,3.54,501.5,35.0,2.95,0.228,0.106,0.8,,,Ⅳ
2024-08-15T16:00:00+08:00,1723708800,31.2,7.66,4.21,528.4,33.2,3.18,0.215,0.111,0.88,,,Ⅳ
2024-08-15T20:00:00+08:00,1723723200,30.5,7.69,3.32,508.8,35.3,2.94,0.215,0.104,0.87,,,Ⅳ
2024-08-16T00:00:00+08:00,1723737600,30.1,7.71,3.35,522.6,38.9,2.94,0.215,0.104,0.87,,,Ⅳ
2024-08-16T04:00:00+08:00,1723752000,30.1,7.73,3.68,496.0,40.2,3.18,0.276,0.114,0.88,,,Ⅳ
2024-08-16T08:00:00+08:00,1723766400,30.4,7.7,3.14,514.4,41.0,3.19,0.281,0.113,0.92,,,Ⅳ
2024-08-16T12:00:00+08:00,1723780800,31.2,7.81,4.28,506.6,41.2,3.18,0.266,0.111,0.86,,,Ⅳ
2024-08-16T16:00:00+08:00,1723795200,31.7,7.82,5.07,520.4,33.2,3.42,0.166,0.102,0.84,,,Ⅲ
2024-08-16T20:00:00+08:00,1723809600,30.8,7.67,3.83,529.2,32.9,3.43,0.179,0.098,0.87,,,Ⅳ
2024-08-17T04:00:00+08:00,1723838400,30.1,7.72,3.46,513.1,42.6,3.19,0.29,0.108,0.9,,,Ⅳ
2024-08-17T08:00:00+08:00,1723852800,30.4,7.75,3.73,507.8,43.4,3.18,0.297,0.112,0.86,,,Ⅳ
2024-08-17T12:00:00+08:00,1723867200,31.4,7.86,4.72,511.0,39.9,2.93,0.227,0.112,0.85,,,Ⅳ
2024-08-17T16:00:00+08:00,1723881600,31.8,8.18,7.04,503.4,41.6,3.43,0.178,0.118,0.83,,,Ⅲ
2024-08-17T20:00:00+08:00,1723896000,31.0,7.79,4.5,510.9,39.1,2.67,0.181,0.105,0.86,,,Ⅳ
2024-08-18T20:00:00+08:00,1723982400,31.2,7.86,4.73,502.8,46.5,,0.135,0.104,0.77,,,
2024-08-19T00:00:00+08:00,1723996800,30.4,7.77,3.74,502.4,41.6,,0.234,0.112,0.79,,,
2024-08-19T04:00:00+08:00,1724011200,29.8,7.59,2.24,516.7,38.5,,0.234,0.112,0.79,,,
2024-08-19T08:00:00+08:00,1724025600,30.1,7.71,3.64,495.0,44.5,3.19,0.218,0.102,0.76,,,Ⅳ
2024-08-19T12:00:00+08:00,1724040000,31.7,7.99,5.74,490.8,43.8,2.94,0.282,0.107,0.76,,,Ⅲ
2024-08-19T16:00:00+08:00,1724054400,31.7,7.89,4.87,485.5,47.2,3.19,0.245,0.11,0.78,,,Ⅳ
2024-08-19T20:00:00+08:00,1724068800,31.0,7.82,4.56,490.5,59.1,3.19,0.253,0.115,0.78,,,Ⅳ
2024-08-20T00:00:00+08:00,1724083200,30.4,7.75,3.45,496.3,48.0,2.05,0.351,0.119,0.76,,,Ⅳ
2024-08-20T04:00:00+08:00,1724097600,29.9,7.76,3.72,508.4,47.9,2.05,0.351,0.119,0.76,,,Ⅳ
2024-08-20T08:00:00+08:00,1724112000,29.9,7.69,3.42,499.7,50.1,,0.32,0.112,0.73,,,
2024-08-20T12:00:00+08:00,1724126400,31.2,7.96,5.49,496.2,45.3,,0.301,0.113,0.8,,,
2024-08-20T16:00:00+08:00,1724140800,32.0,8.13,6.4,495.5,39.5,3.68,0.22,0.121,0.82,,,Ⅲ
2024-08-21T04:00:00+08:00,1724184000,30.5,7.79,3.69,497.7,40.2,3.93,0.253,0.117,0.78,,,Ⅳ
2024-08-21T08:00:00+08:00,1724198400,30.7,7.72,3.63,489.6,45.4,,0.224,0.113,0.75,,,
2024-08-21T12:00:00+08:00,1724212800,31.8,8.22,6.95,487.1,46.8,3.93,0.282,0.121,0.84,,,Ⅲ
2024-08-21T16:00:00+08:00,1724227200,31.8,8.22,5.93,505.3,52.9,4.18,0.251,0.134,0.82,,,Ⅲ
2024-08-21T20:00:00+08:00,1724241600,30.9,7.81,4.28,495.4,40.0,4.92,0.272,0.156,1.0,,,Ⅳ
2024-08-22T00:00:00+08:00,1724256000,30.3,7.6,2.18,498.7,38.5,3.68,0.229,0.118,0.78,,,Ⅴ
2024-08-22T04:00:00+08:00,1724270400,29.8,7.63,2.45,498.3,39.1,3.68,0.229,0.118,0.78,,,Ⅴ
2024-08-22T08:00:00+08:00,1724284800,30.1,7.69,3.13,491.1,42.7,3.43,0.284,0.118,0.81,,,Ⅳ
2024-08-22T16:00:00+08:00,1724313600,32.0,8.08,6.1,493.6,40.4,3.43,0.262,0.121,0.69,,,Ⅲ
2024-08-22T20:00:00+08:00,1724328000,31.5,7.89,5.39,497.3,38.9,3.67,0.235,0.138,0.77,,,Ⅲ
2024-08-23T00:00:00+08:00,1724342400,31.0,7.71,3.86,486.6,39.9,3.19,0.183,0.118,0.71,,,Ⅳ
2024-08-23T04:00:00+08:00,1724356800,30.4,7.58,2.28,486.7,38.7,3.19,0.183,0.118,0.71,,,Ⅴ
2024-08-23T08:00:00+08:00,1724371200,30.6,7.68,3.68,491.3,40.0,3.42,0.251,0.121,0.81,,,Ⅳ
2024-08-23T12:00:00+08:00,1724385600,32.0,7.92,5.48,484.4,41.8,2.08,0.276,0.113,0.69,,,Ⅲ
2024-08-23T16:00:00+08:00,1724400000,33.1,8.11,6.61,486.1,39.9,3.43,0.211,0.124,0.67,,,Ⅲ
2024-08-23T20:00:00+08:00,1724414400,32.1,7.94,5.46,490.7,42.1,3.4,0.176,0.126,0.68,,,Ⅲ
2024-08-24T00:00:00+08:00,1724428800,31.1,7.69,3.48,491.0,40.3,3.44,0.187,0.119,0.72,,,Ⅳ
2024-08-24T04:00:00+08:00,1724443200,30.4,7.53,1.58,492.4,35.6,3.44,0.187,0.119,0.72,,,劣Ⅴ
2024-08-24T08:00:00+08:00,1724457600,30.4,7.59,2.74,505.1,36.5,3.18,0.177,0.112,0.7,,,Ⅴ
2024-08-24T12:00:00+08:00,1724472000,31.7,7.83,4.71,488.5,40.8,3.43,0.214,0.12,0.68,,,Ⅳ
2024-08-24T16:00:00+08:00,1724486400,31.5,7.8,4.44,489.7,38.4,,0.226,0.118,0.65,,,
2024-08-24T20:00:00+08:00,1724500800,31.6,8.08,6.3,496.0,42.6,3.43,0.198,0.122,0.63,,,Ⅲ
2024-08-25T00:00:00+08:00,1724515200,30.8,7.72,3.72,491.7,44.0,3.43,0.198,0.122,0.63,,,Ⅳ
2024-08-25T20:00:00+08:00,1724587200,31.6,7.76,4.13,504.0,37.6,2.04,0.158,0.121,0.65,,,Ⅳ
2024-08-26T00:00:00+08:00,1724601600,30.9,7.73,3.69,494.6,46.6,3.44,0.204,0.12,0.75,,,Ⅳ
2024-08-26T04:00:00+08:00,1724616000,30.4,7.78,3.45,504.9,43.6,3.44,0.204,0.12,0.75,,,Ⅳ
2024-08-26T08:00:00+08:00,1724630400,30.4,7.83,3.95,497.7,44.2,3.19,0.288,0.127,0.69,,,Ⅳ
2024-08-26T12:00:00+08:00,1724644800,31.6,7.87,4.93,495.5,39.8,2.96,0.227,0.129,0.65,,,Ⅳ
2024-08-26T16:00:00+08:00,1724659200,32.5,7.93,5.56,500.9,35.9,3.19,0.212,0.123,0.63,,,Ⅲ
2024-08-26T20:00:00+08:00,1724673600,31.7,7.95,5.53,508.6,41.6,3.19,0.173,0.12,0.69,,,Ⅲ
2024-08-27T00:00:00+08:00,1724688000,31.1,7.85,4.15,500.4,44.4,3.45,0.195,0.118,0.64,,,Ⅳ
2024-08-27T04:00:00+08:00,1724702400,30.7,7.94,4.18,504.4,43.8,3.45,0.195,0.118,0.64,,,Ⅳ
2024-08-27T08:00:00+08:00,1724716800,30.4,7.69,2.44,509.7,39.2,3.19,0.252,0.133,0.61,,,Ⅴ
2024-08-27T12:00:00+08:00,1724731200,31.6,8.05,5.17,502.0,41.8,3.42,0.196,0.125,0.64,,,Ⅲ
2024-08-27T16:00:00+08:00,1724745600,31.5,8.06,5.53,506.2,40.8,3.2,0.198,0.133,0.63,,,Ⅲ
2024-08-27T20:00:00+08:00,1724760000,30.4,7.82,4.0,505.8,39.6,3.43,0.203,0.135,0.63,,,Ⅳ
2024-08-28T00:00:00+08:00,1724774400,30.0,8.0,3.04,497.3,37.4,3.43,0.228,0.129,0.65,,,Ⅳ
2024-08-28T04:00:00+08:00,1724788800,29.6,8.0,2.91,499.0,40.0,3.43,0.228,0.129,0.65,,,Ⅴ
2024-08-28T08:00:00+08:00,1724803200,29.5,7.68,2.78,497.7,38.9,2.46,0.308,0.128,0.66,,,Ⅴ
2024-08-28T12:00:00+08:00,1724817600,30.5,7.86,4.35,494.8,39.3,3.13,0.296,0.129,0.68,,,Ⅳ
2024-08-28T16:00:00+08:00,1724832000,30.9,8.0,4.87,496.5,35.9,2.94,0.254,0.133,0.62,,,Ⅳ
2024-08-28T20:00:00+08:00,1724846400,30.2,8.0,4.23,501.8,46.1,3.18,0.21,0.133,0.68,,,Ⅳ
2024-08-29T00:00:00+08:00,1724860800,29.8,8.0,3.97,494.7,41.9,2.33,0.267,0.137,0.7,,,Ⅴ
2024-08-29T04:00:00+08:00,1724875200,29.6,8.0,2.76,491.1,39.0,2.33,0.267,0.137,0.7,,,Ⅴ
2024-08-29T08:00:00+08:00,1724889600,29.8,8.0,3.25,494.1,39.4,2.94,0.322,0.13,0.79,,,Ⅳ
2024-08-29T12:00:00+08:00,1724904000,30.6,8.0,4.32,491.5,37.8,2.95,0.32,0.131,0.73,,,Ⅳ
2024-08-29T16:00:00+08:00,1724918400,31.1,8.0,4.66,502.4,38.6,2.19,0.245,0.132,0.69,,,Ⅳ
2024-08-29T20:00:00+08:00,1724932800,30.4,8.0,3.39,493.8,36.1,3.18,0.247,0.133,0.69,,,Ⅴ
2024-08-30T00:00:00+08:00,1724947200,30.3,8.0,4.88,490.0,43.2,2.94,0.261,0.131,0.77,,,Ⅴ
2024-08-30T04:00:00+08:00,1724961600,30.0,8.0,3.11,495.7,37.4,2.94,0.261,0.131,0.77,,,Ⅴ
2024-08-30T08:00:00+08:00,1724976000,30.2,8.0,3.72,499.7,39.4,1.69,0.256,0.125,0.84,,,Ⅴ
2024-08-30T12:00:00+08:00,1724990400,31.6,8.0,5.54,496.0,36.4,3.4,0.269,0.13,0.81,,,Ⅴ
2024-08-30T16:00:00+08:00,1725004800,32.8,8.0,8.85,505.1,39.5,3.36,0.164,0.141,0.73,,,Ⅴ
2024-09-02T08:00:00+08:00,1725235200,29.9,8.0,3.61,504.6,41.0,2.38,0.194,0.145,0.69,,,Ⅴ
2024-09-02T12:00:00+08:00,1725249600,31.1,8.0,4.35,520.3,36.9,3.19,0.243,0.14,0.69,,,Ⅳ
2024-09-02T16:00:00+08:00,1725264000,30.9,8.0,5.82,515.4,39.6,3.19,0.157,0.141,0.68,,,Ⅴ
2024-09-02T20:00:00+08:00,1725278400,30.4,8.0,4.04,508.1,41.4,3.43,0.198,0.137,0.67,,,Ⅳ
2024-09-03T00:00:00+08:00,1725292800,30.0,8.0,3.16,521.6,36.9,3.0,0.234,0.13,0.69,,,Ⅳ
2024-09-03T04:00:00+08:00,1725307200,29.6,8.0,3.18,519.5,38.3,2.95,0.214,0.142,0.72,,,Ⅳ
2024-09-03T08:00:00+08:00,1725321600,29.6,8.0,3.11,514.4,40.2,2.95,0.254,0.143,0.66,,,Ⅳ
2024-09-03T12:00:00+08:00,1725336000,29.6,8.0,3.36,522.3,39.1,2.95,0.293,0.14,0.7,,,Ⅴ
2024-09-03T16:00:00+08:00,1725350400,29.8,8.0,3.67,521.0,36.0,2.94,0.271,0.14,0.67,,,Ⅳ
2024-09-03T20:00:00+08:00,1725364800,29.3,8.0,3.31,509.7,37.4,2.09,0.164,0.136,0.7,,,Ⅴ
2024-09-04T00:00:00+08:00,1725379200,28.9,8.0,3.13,517.3,38.7,2.93,0.214,0.128,0.77,,,Ⅳ
2024-09-04T04:00:00+08:00,1725393600,28.7,8.0,3.87,514.8,39.3,2.44,0.252,0.138,0.69,,,Ⅳ
2024-09-04T08:00:00+08:00,1725408000,28.7,8.0,3.27,512.2,38.5,3.18,0.246,0.139,0.74,,,Ⅳ
2024-09-04T12:00:00+08:00,1725422400,29.8,8.0,3.88,510.9,39.4,2.94,0.252,0.136,0.69,,,Ⅳ
2024-09-04T16:00:00+08:00,1725436800,30.3,8.0,5.21,517.1,37.7,2.96,0.28,0.138,0.7,,,Ⅲ
2024-09-04T20:00:00+08:00,1725451200,29.9,8.0,4.49,513.3,37.3,3.43,0.17,0.132,0.67,,,Ⅳ
2024-09-05T00:00:00+08:00,1725465600,29.3,8.0,3.83,512.7,41.6,2.1,0.161,0.121,0.74,,,Ⅳ
2024-09-05T04:00:00+08:00,1725480000,28.8,8.0,3.44,519.3,45.0,3.37,0.236,0.126,0.78,,,Ⅳ
2024-09-05T08:00:00+08:00,1725494400,28.9,8.0,3.79,510.8,40.7,3.43,0.236,0.131,0.7,,,Ⅳ
2024-09-05T12:00:00+08:00,1725508800,29.9,8.0,4.4,512.1,38.5,3.42,0.274,0.13,0.75,,,Ⅳ
2024-09-05T16:00:00+08:00,1725523200,30.7,8.0,5.32,514.8,39.1,3.43,0.2,0.135,0.76,,,Ⅲ
2024-09-05T20:00:00+08:00,1725537600,30.4,8.0,5.34,519.5,43.8,3.43,0.179,0.132,0.71,,,Ⅲ
2024-09-06T00:00:00+08:00,1725552000,29.5,8.0,3.44,520.7,43.7,3.44,0.204,0.131,0.76,,,Ⅳ
2024-09-08T20:00:00+08:00,1725796800,30.2,8.0,5.3,523.5,45.5,3.18,0.192,0.139,0.64,,,Ⅲ
2024-09-09T00:00:00+08:00,1725811200,29.6,8.0,3.92,521.3,41.1,2.47,0.217,0.139,0.66,,,Ⅳ
2024-09-09T04:00:00+08:00,1725825600,29.2,8.0,3.73,532.6,44.0,3.43,0.192,0.134,0.71,,,Ⅳ
2024-09-09T08:00:00+08:00,1725840000,29.2,8.0,4.11,522.7,43.2,3.19,0.216,0.144,0.67,,,Ⅳ
2024-09-09T12:00:00+08:00,1725854400,30.1,8.0,4.44,517.4,39.1,3.19,0.174,0.145,0.66,,,Ⅳ
2024-09-09T16:00:00+08:00,1725868800,30.1,8.0,5.66,521.6,40.1,3.43,0.202,0.136,0.64,,,Ⅲ
2024-09-09T20:00:00+08:00,1725883200,29.8,8.0,4.68,532.8,45.3,3.68,0.206,0.138,0.64,,,Ⅳ
2024-09-10T00:00:00+08:00,1725897600,29.4,8.0,3.81,510.2,43.6,3.68,0.206,0.138,0.64,,,Ⅳ
2024-09-10T04:00:00+08:00,1725912000,28.7,8.0,3.24,528.0,39.5,3.2,0.211,0.142,0.64,,,Ⅳ
2024-09-10T08:00:00+08:00,1725926400,29.0,8.0,3.63,529.6,39.8,3.19,0.23,0.142,0.64,,,Ⅳ
2024-09-10T12:00:00+08:00,1725940800,29.4,8.0,4.14,525.6,39.1,3.18,0.201,0.139,0.68,,,Ⅳ
2024-09-10T16:00:00+08:00,1725955200,28.9,8.0,3.8,535.1,39.3,2.33,0.172,0.135,0.7,,,Ⅳ
2024-09-10T20:00:00+08:00,1725969600,28.3,8.0,3.6,516.4,40.0,0.25,0.224,0.135,0.69,,,Ⅳ
2024-09-11T00:00:00+08:00,1725984000,28.1,8.0,3.92,504.1,40.2,0.25,0.224,0.135,0.69,,,Ⅳ
2024-09-11T04:00:00+08:00,1725998400,28.0,8.0,3.68,503.1,46.0,2.98,0.346,0.143,0.72,,,Ⅳ
2024-09-11T08:00:00+08:00,1726012800,28.0,8.0,3.02,508.8,39.8,1.05,0.262,0.134,0.71,,,Ⅳ
2024-09-11T12:00:00+08:00,1726027200,28.5,8.0,4.21,501.5,41.7,3.18,0.279,0.145,0.69,,,Ⅳ
2024-09-11T16:00:00+08:00,1726041600,28.7,8.0,3.93,502.2,43.0,2.93,0.254,0.144,0.71,,,Ⅳ
2024-09-11T20:00:00+08:00,1726056000,28.4,8.0,2.86,493.0,41.9,3.67,0.274,0.143,0.8,,,Ⅴ
2024-09-12T00:00:00+08:00,1726070400,28.2,8.0,3.3,497.1,42.4,3.67,0.274,0.143,0.8,,,Ⅳ
2024-09-12T04:00:00+08:00,1726084800,28.1,8.0,3.4,507.6,45.1,2.94,0.32,0.142,0.89,,,Ⅳ
2024-09-12T08:00:00+08:00,1726099200,28.1,8.0,3.44,512.0,40.2,2.51,0.266,0.144,0.8,,,Ⅳ
2024-09-12T12:00:00+08:00,1726113600,29.2,8.0,4.52,512.8,41.2,2.18,0.242,0.133,0.98,,,Ⅳ
2024-09-12T16:00:00+08:00,1726128000,29.7,8.0,4.77,503.5,38.0,2.94,0.198,0.134,1.03,,,Ⅳ
2024-09-12T20:00:00+08:00,1726142400,29.2,8.0,3.3,508.5,41.4,3.4,0.27,0.142,0.98,,,Ⅳ
2024-09-13T00:00:00+08:00,1726156800,28.7,8.0,2.4,509.8,41.9,3.4,0.27,0.142,0.98,,,Ⅴ
2024-09-13T04:00:00+08:00,1726171200,28.2,8.0,2.8,509.2,38.4,3.2,0.33,0.147,1.05,,,Ⅴ
2024-09-13T16:00:00+08:00,1726214400,30.2,8.0,5.2,513.3,38.4,3.1,0.22,0.14,0.86,,,Ⅲ
2024-09-13T20:00:00+08:00,1726228800,29.4,8.0,3.4,533.6,33.9,3.2,0.16,0.139,0.86,,,Ⅳ
2024-09-14T00:00:00+08:00,1726243200,28.8,8.0,3.3,523.0,40.7,3.2,0.16,0.139,0.86,,,Ⅳ
2024-09-14T04:00:00+08:00,1726257600,28.6,8.0,3.8,524.8,41.6,2.7,0.28,0.137,0.73,,,Ⅳ
2024-09-14T08:00:00+08:00,1726272000,28.7,8.0,3.4,520.5,40.1,3.2,0.24,0.138,0.78,,,Ⅳ
2024-09-14T12:00:00+08:00,1726286400,29.6,8.0,4.5,523.3,38.6,2.9,0.21,0.142,0.73,,,Ⅳ
2024-09-14T16:00:00+08:00,1726300800,29.4,8.0,4.0,513.7,38.9,2.9,0.23,0.138,0.7,,,Ⅳ
2024-09-14T20:00:00+08:00,1726315200,29.0,8.0,2.9,513.1,34.0,3.0,0.19,0.143,0.77,,,Ⅴ
2024-09-15T00:00:00+08:00,1726329600,28.8,8.0,3.7,514.4,38.2,3.0,0.19,0.143,0.77,,,Ⅳ
2024-09-15T04:00:00+08:00,1726344000,28.5,8.0,3.2,515.0,35.5,2.7,0.19,0.131,0.77,,,Ⅳ
2024-09-15T08:00:00+08:00,1726358400,28.7,8.0,3.6,515.2,37.3,3.2,0.22,0.129,0.74,,,Ⅳ
2024-09-15T12:00:00+08:00,1726372800,29.0,8.0,4.9,501.7,38.1,3.2,0.16,0.131,0.71,,,Ⅳ
2024-09-15T16:00:00+08:00,1726387200,29.4,8.0,5.1,510.2,39.2,2.9,0.17,0.124,0.81,,,Ⅲ
2024-09-15T20:00:00+08:00,1726401600,28.8,8.0,4.2,516.0,35.2,2.9,0.14,0.117,0.88,,,Ⅳ
2024-09-16T00:00:00+08:00,1726416000,28.7,8.0,3.3,519.2,34.2,2.9,0.14,0.117,0.88,,,Ⅳ
2024-09-16T04:00:00+08:00,1726430400,28.3,8.0,3.5,508.1,33.9,3.2,0.14,0.126,0.84,,,Ⅳ
2024-09-16T08:00:00+08:00,1726444800,28.0,8.0,3.2,516.2,37.3,2.7,0.2,0.124,0.9,,,Ⅳ
2024-09-16T12:00:00+08:00,1726459200,27.6,8.0,3.9,490.2,60.0,3.7,0.36,0.141,0.9,,,Ⅳ
2024-09-16T16:00:00+08:00,1726473600,26.8,8.0,4.9,464.1,338.0,,1.3,0.244,0.15,,,
2024-09-16T20:00:00+08:00,1726488000,26.7,8.0,4.9,468.5,207.7,,1.13,0.209,0.21,,,
2024-09-17T00:00:00+08:00,1726502400,26.7,8.0,4.5,459.9,169.6,,1.13,0.209,0.21,,,
2024-09-17T04:00:00+08:00,1726516800,26.7,8.0,4.3,471.4,105.0,3.9,0.92,0.148,0.56,,,Ⅳ
2024-09-17T08:00:00+08:00,1726531200,27.0,8.0,4.4,461.6,111.2,3.7,0.83,0.155,0.43,,,Ⅳ
2024-09-17T12:00:00+08:00,1726545600,27.9,8.0,4.4,468.2,86.8,3.9,0.82,0.151,0.5,,,Ⅳ
2024-09-17T16:00:00+08:00,1726560000,28.4,8.0,4.5,473.1,81.4,3.4,0.68,0.147,0.6,,,Ⅳ
2024-09-17T20:00:00+08:00,1726574400,27.9,8.0,4.2,475.0,77.1,3.4,0.64,0.134,0.69,,,Ⅳ
2024-09-18T00:00:00+08:00,1726588800,27.4,8.0,4.1,477.8,91.8,3.4,0.64,0.134,0.69,,,Ⅳ
2024-09-18T04:00:00+08:00,1726603200,27.2,8.0,4.2,485.1,64.8,3.4,0.63,0.133,0.7,,,Ⅳ
2024-09-18T08:00:00+08:00,1726617600,27.2,8.0,5.1,467.5,57.4,2.9,0.59,0.126,0.78,,,Ⅲ
2024-09-18T12:00:00+08:00,1726632000,28.3,8.0,4.3,473.4,56.3,3.2,0.51,0.13,0.79,,,Ⅳ
2024-09-18T16:00:00+08:00,1726646400,28.4,8.0,4.2,467.8,58.4,3.2,0.53,0.136,0.88,,,Ⅳ
2024-09-19T00:00:00+08:00,1726675200,27.7,8.0,3.5,469.8,47.7,3.2,0.44,0.122,0.88,,,Ⅳ
2024-09-19T08:00:00+08:00,1726704000,27.5,8.0,3.4,466.8,46.2,2.9,0.4,0.119,0.99,,,Ⅳ
2024-09-19T12:00:00+08:00,1726718400,28.1,8.0,4.2,466.9,52.6,2.9,0.4,0.119,0.99,,,Ⅳ
2024-09-20T08:00:00+08:00,1726790400,27.6,8.0,2.9,468.2,39.2,3.2,0.38,0.122,,,,Ⅴ
2024-09-20T12:00:00+08:00,1726804800,27.8,8.0,3.1,461.0,43.1,3.7,0.32,0.18,,,,Ⅳ
2024-09-20T16:00:00+08:00,1726819200,27.8,8.0,3.4,467.6,44.7,2.2,0.35,0.152,0.06,,,Ⅳ
2024-09-20T20:00:00+08:00,1726833600,27.7,8.0,3.5,457.3,42.0,3.4,0.35,0.152,,,,Ⅳ
2024-09-21T00:00:00+08:00,1726848000,27.6,8.0,3.6,465.1,42.2,2.9,0.33,0.134,,,,Ⅳ
2024-09-21T04:00:00+08:00,1726862400,27.5,8.0,3.8,466.0,42.2,2.9,0.34,0.129,1.03,,,Ⅳ
2024-09-21T08:00:00+08:00,1726876800,27.3,8.0,3.8,462.2,46.2,2.7,0.34,0.132,1.01,,,Ⅳ
2024-09-21T12:00:00+08:00,1726891200,27.1,8.0,3.3,469.8,42.3,3.2,0.42,0.13,0.98,,,Ⅳ
2024-09-21T16:00:00+08:00,1726905600,26.7,8.0,4.1,467.6,45.0,3.1,0.34,0.144,0.97,,,Ⅳ
2024-09-21T20:00:00+08:00,1726920000,26.1,8.0,3.8,470.3,44.7,3.2,0.37,0.133,0.98,,,Ⅳ
2024-09-22T00:00:00+08:00,1726934400,25.6,8.0,4.2,468.9,40.9,2.9,0.35,0.128,1.0,,,Ⅳ
2024-09-22T04:00:00+08:00,1726948800,25.2,8.0,4.5,468.8,41.5,3.1,0.34,0.131,1.0,,,Ⅳ
2024-09-22T08:00:00+08:00,1726963200,25.1,8.0,4.1,465.5,41.4,2.9,0.36,0.127,1.02,,,Ⅳ
2024-09-22T12:00:00+08:00,1726977600,25.6,8.0,5.0,462.1,47.6,3.2,0.36,0.131,0.95,,,Ⅲ
2024-09-22T16:00:00+08:00,1726992000,25.4,8.0,5.0,464.8,46.4,2.9,0.41,0.138,0.95,,,Ⅲ
2024-09-22T20:00:00+08:00,1727006400,24.7,8.0,4.8,463.1,44.2,2.9,0.4,0.138,1.0,,,Ⅳ
2024-09-23T00:00:00+08:00,1727020800,24.3,8.0,5.0,463.3,42.1,2.9,0.37,0.126,0.93,,,Ⅲ
2024-09-23T04:00:00+08:00,1727035200,24.0,8.0,4.8,467.8,40.3,2.9,0.38,0.123,1.0,,,Ⅳ
2024-09-23T08:00:00+08:00,1727049600,24.0,8.0,4.6,456.3,40.1,2.8,0.35,0.12,1.02,,,Ⅳ
2024-09-23T12:00:00+08:00,1727064000,24.8,8.0,4.6,452.9,43.9,2.9,0.34,0.123,1.0,,,Ⅳ
2024-09-23T16:00:00+08:00,1727078400,24.9,8.0,5.3,451.8,43.6,2.9,0.4,0.134,1.06,,,Ⅲ
2024-09-23T20:00:00+08:00,1727092800,24.5,8.0,5.2,454.8,45.2,2.9,0.4,0.135,0.96,,,Ⅲ
2024-09-24T00:00:00+08:00,1727107200,24.4,8.0,6.0,452.9,42.4,2.9,0.39,0.126,1.03,,,Ⅲ
2024-09-24T04:00:00+08:00,1727121600,24.0,8.0,4.0,459.9,40.3,2.9,0.36,0.126,1.1,,,Ⅳ
2024-09-24T08:00:00+08:00,1727136000,23.8,8.0,4.4,459.1,40.2,2.9,0.31,0.122,1.06,,,Ⅳ
2024-09-24T12:00:00+08:00,1727150400,24.2,8.0,4.7,466.0,42.2,2.9,0.36,0.122,1.02,,,Ⅳ
2024-09-24T16:00:00+08:00,1727164800,24.7,8.0,4.9,462.7,42.8,2.9,0.36,0.134,1.56,,,Ⅳ
2024-09-24T20:00:00+08:00,1727179200,24.2,7.0,4.5,460.6,46.2,2.9,0.36,0.134,1.56,,,Ⅳ
2024-09-25T00:00:00+08:00,1727193600,24.1,7.0,4.6,454.8,41.9,3.2,0.37,0.13,0.94,,,Ⅳ
2024-09-25T04:00:00+08:00,1727208000,24.0,7.0,3.8,465.1,39.9,3.2,0.34,0.131,1.02,,,Ⅳ
2024-09-25T08:00:00+08:00,1727222400,24.0,7.0,4.6,470.0,42.7,3.2,0.3,0.13,0.99,,,Ⅳ
2024-09-25T12:00:00+08:00,1727236800,24.8,7.0,4.8,464.3,45.5,,0.34,0.129,0.98,,,
2024-09-25T16:00:00+08:00,1727251200,24.7,7.0,4.6,465.9,44.1,3.2,0.36,0.136,0.91,,,Ⅳ
2024-09-25T20:00:00+08:00,1727265600,24.4,7.0,4.0,462.9,42.8,3.2,0.33,0.131,0.92,,,Ⅳ
2024-09-26T00:00:00+08:00,1727280000,24.3,7.0,3.7,464.7,38.8,3.2,0.32,0.128,0.96,,,Ⅳ
2024-09-26T04:00:00+08:00,1727294400,24.3,7.0,3.2,463.4,37.7,3.2,0.33,0.131,0.97,,,Ⅳ
2024-09-26T08:00:00+08:00,1727308800,24.4,7.0,3.2,465.6,37.3,3.2,0.28,0.13,0.96,,,Ⅳ
2024-09-26T12:00:00+08:00,1727323200,25.3,7.0,4.3,469.7,40.8,3.2,0.29,0.133,0.96,,,Ⅳ
2024-09-27T08:00:00+08:00,1727395200,24.6,7.0,2.3,474.3,30.3,3.4,0.19,0.13,0.85,,,Ⅴ
2024-09-27T12:00:00+08:00,1727409600,25.3,7.0,5.3,462.0,34.1,3.4,0.13,0.131,0.9,,,Ⅲ
2024-09-27T16:00:00+08:00,1727424000,25.4,7.0,3.8,444.2,40.3,3.7,0.02,0.134,0.84,,,Ⅳ
2024-10-10T04:00:00+08:00,1728504000,20.0,7.0,3.4,478.1,29.6,3.4,0.26,0.084,1.52,,,Ⅳ
2024-10-10T08:00:00+08:00,1728518400,20.3,7.0,4.4,483.4,32.2,3.4,0.11,0.071,1.4,,,Ⅳ
2024-10-10T12:00:00+08:00,1728532800,21.7,7.0,6.1,482.5,36.3,3.4,0.11,0.071,1.4,,,Ⅱ
2024-10-10T16:00:00+08:00,1728547200,22.0,8.0,7.4,485.4,33.3,3.3,0.24,0.082,1.44,,,Ⅱ
2024-10-10T20:00:00+08:00,1728561600,21.4,7.0,5.6,485.8,33.5,3.4,0.15,0.08,1.37,,,Ⅲ
2024-10-11T04:00:00+08:00,1728590400,20.7,7.0,4.8,475.6,34.8,3.4,0.28,0.081,1.63,,,Ⅳ
2024-10-11T08:00:00+08:00,1728604800,20.7,7.0,4.3,483.9,32.8,3.4,0.2,0.076,1.48,,,Ⅳ
2024-10-11T12:00:00+08:00,1728619200,22.3,7.0,6.0,491.8,32.9,3.4,0.14,0.072,1.35,,,Ⅱ
2024-10-11T16:00:00+08:00,1728633600,22.6,8.0,7.9,484.1,33.6,3.6,0.15,0.076,1.38,,,Ⅱ
2024-10-11T20:00:00+08:00,1728648000,21.7,7.0,6.0,484.1,33.4,3.4,0.11,0.081,1.35,,,Ⅱ
2024-10-12T04:00:00+08:00,1728676800,21.1,7.0,4.2,494.5,34.3,3.4,0.14,0.071,1.54,,,Ⅳ
2024-10-12T08:00:00+08:00,1728691200,21.2,7.0,5.2,489.6,35.0,3.4,0.13,0.07,1.55,,,Ⅲ
2024-10-12T16:00:00+08:00,1728720000,23.0,8.0,7.3,490.6,35.4,3.4,0.11,0.071,1.52,,,Ⅱ
2024-10-12T20:00:00+08:00,1728734400,22.4,7.0,5.9,490.0,43.3,3.7,0.22,0.075,1.53,,,Ⅲ
2024-10-13T00:00:00+08:00,1728748800,22.0,7.0,5.2,492.6,38.0,3.4,0.23,0.071,1.59,,,Ⅲ
2024-10-13T04:00:00+08:00,1728763200,21.8,7.0,5.8,489.0,36.5,3.3,0.18,0.075,1.59,,,Ⅲ
2024-10-13T12:00:00+08:00,1728792000,22.3,7.0,5.2,497.8,38.8,3.6,0.16,0.067,1.42,,,Ⅲ
2024-10-13T16:00:00+08:00,1728806400,22.9,7.0,5.6,491.9,45.2,3.6,0.16,0.067,1.42,,,Ⅲ
2024-10-14T00:00:00+08:00,1728835200,22.3,7.0,4.5,498.0,38.5,3.6,0.22,0.069,1.56,,,Ⅳ
2024-10-14T04:00:00+08:00,1728849600,22.2,7.0,5.4,488.8,37.9,3.4,0.23,0.068,1.59,,,Ⅲ
2024-10-14T12:00:00+08:00,1728878400,23.4,7.0,6.8,494.6,33.7,3.4,0.14,0.067,1.51,,,Ⅱ
2024-10-14T16:00:00+08:00,1728892800,23.2,8.0,7.0,496.2,35.8,3.4,0.13,0.066,1.48,,,Ⅱ
2024-10-21T08:00:00+08:00,1729468800,20.4,7.0,5.2,495.4,39.0,3.1,0.3,0.074,1.48,,,Ⅲ
2024-10-21T12:00:00+08:00,1729483200,20.7,7.0,5.5,498.2,32.1,3.1,0.2,0.071,1.46,,,Ⅲ
2024-10-21T16:00:00+08:00,1729497600,21.2,8.0,6.8,497.4,34.4,3.1,0.22,0.074,1.43,,,Ⅱ
2024-10-21T20:00:00+08:00,1729512000,20.8,8.0,6.1,493.1,37.0,3.1,0.3,0.077,1.42,,,Ⅱ
2024-10-22T04:00:00+08:00,1729540800,20.6,7.0,3.6,503.6,31.1,3.1,0.19,0.073,1.39,,,Ⅳ
2024-10-22T08:00:00+08:00,1729555200,20.5,7.0,4.5,502.0,35.7,3.1,0.15,0.067,1.37,,,Ⅳ
2024-10-22T12:00:00+08:00,1729569600,20.7,7.0,5.8,501.0,33.6,3.1,0.19,0.07,1.35,,,Ⅲ
2024-10-22T16:00:00+08:00,1729584000,20.7,7.0,6.0,502.1,33.4,3.1,0.16,0.067,1.39,,,Ⅱ
2024-10-23T04:00:00+08:00,1729627200,19.2,7.0,3.5,503.8,31.5,3.4,0.18,0.069,1.4,,,Ⅳ
2024-10-23T08:00:00+08:00,1729641600,19.0,7.0,4.5,509.2,34.8,0.3,0.24,0.069,1.38,,,Ⅳ
2024-10-23T12:00:00+08:00,1729656000,19.7,8.0,7.2,502.5,37.5,0.3,0.24,0.069,1.38,,,Ⅱ
2024-10-23T16:00:00+08:00,1729670400,20.0,8.0,8.1,503.1,34.4,0.3,0.22,0.079,1.46,,,Ⅱ
2024-10-23T20:00:00+08:00,1729684800,19.4,8.0,6.8,504.0,35.8,0.3,0.22,0.071,1.46,,,Ⅱ
2024-10-24T04:00:00+08:00,1729713600,18.4,7.0,4.3,514.4,32.3,3.1,0.24,0.07,1.45,,,Ⅳ
2024-10-24T08:00:00+08:00,1729728000,18.4,7.0,3.2,510.1,29.9,3.1,0.1,0.055,1.24,,,Ⅳ
2024-10-24T12:00:00+08:00,1729742400,19.9,7.0,6.6,505.6,32.3,3.1,0.11,0.062,1.33,,,Ⅱ
2024-10-24T16:00:00+08:00,1729756800,20.2,8.0,8.6,505.8,32.9,3.4,0.11,0.066,1.41,,,Ⅱ
2024-10-24T20:00:00+08:00,1729771200,19.3,8.0,6.8,504.6,33.9,3.1,0.17,0.064,1.45,,,Ⅱ
2024-10-25T04:00:00+08:00,1729800000,18.6,7.0,4.4,508.8,32.0,3.1,0.14,0.056,1.34,,,Ⅳ
2024-10-25T16:00:00+08:00,1729843200,20.1,8.0,8.0,513.7,33.2,3.1,0.12,0.057,1.43,,,Ⅱ
2024-10-25T20:00:00+08:00,1729857600,19.9,7.0,5.9,508.0,31.5,3.1,0.11,0.056,1.38,,,Ⅲ
2024-10-26T10:14:00+08:00,1729908840,,,,,,,,,,,,
2024-10-26T14:15:00+08:00,1729923300,,,,,,,,,,,,
2024-10-26T16:00:00+08:00,1729929600,20.6,8.0,6.9,510.2,33.6,,,,,,,
2024-10-26T20:00:00+08:00,1729944000,20.6,7.0,6.0,513.1,32.0,3.1,0.11,0.057,1.47,,,Ⅱ
2024-10-27T04:00:00+08:00,1729972800,20.3,7.0,5.9,501.7,34.8,3.3,,0.058,1.49,,,
2024-10-27T08:00:00+08:00,1729987200,20.5,7.0,3.7,507.9,29.6,3.1,,0.062,1.51,,,
2024-10-27T12:00:00+08:00,1730001600,20.2,7.0,5.2,512.5,30.6,3.1,,0.053,1.44,,,
2024-10-28T08:00:00+08:00,1730073600,19.2,7.0,3.3,511.3,29.8,,0.13,0.055,1.47,,,
2024-10-28T12:00:00+08:00,1730088000,20.1,7.0,5.9,516.0,31.3,,0.12,0.057,1.49,,,
2024-10-28T16:00:00+08:00,1730102400,20.1,8.0,7.3,513.3,33.5,,0.12,0.057,1.49,,,
2024-10-28T20:00:00+08:00,1730116800,19.6,8.0,6.8,516.5,33.9,3.1,0.19,0.063,1.56,,,Ⅱ
2024-10-29T00:00:00+08:00,1730131200,19.1,7.0,5.5,524.7,33.1,3.1,0.15,0.061,1.56,,,Ⅲ
2024-10-29T04:00:00+08:00,1730145600,18.6,7.0,4.3,517.8,32.2,3.1,0.12,0.057,1.51,,,Ⅳ
2024-10-29T08:00:00+08:00,1730160000,18.6,7.0,5.8,516.6,36.0,3.1,0.24,0.062,1.57,,,Ⅲ
2024-10-29T12:00:00+08:00,1730174400,19.8,8.0,6.4,520.4,30.7,3.1,0.09,0.061,1.53,,,Ⅱ
2024-10-29T16:00:00+08:00,1730188800,19.7,8.0,7.7,519.0,34.5,,0.2,0.07,1.59,,,
2024-10-29T20:00:00+08:00,1730203200,19.3,8.0,7.0,519.2,34.8,3.1,0.2,0.064,1.6,,,Ⅱ
2024-10-30T00:00:00+08:00,1730217600,18.9,8.0,6.3,518.8,32.9,3.1,0.15,0.06,1.6,,,Ⅱ
2024-10-30T04:00:00+08:00,1730232000,18.5,7.0,5.7,517.6,33.9,3.1,0.15,0.06,1.6,,,Ⅲ
2024-10-30T08:00:00+08:00,1730246400,18.5,8.0,6.0,513.6,34.8,3.1,0.2,0.058,1.56,,,Ⅱ
2024-10-30T12:00:00+08:00,1730260800,20.1,8.0,7.3,523.0,31.2,3.1,0.25,0.063,1.58,,,Ⅱ
2024-10-30T16:00:00+08:00,1730275200,19.6,8.0,7.2,515.7,35.5,3.1,0.13,0.058,1.44,,,Ⅱ
2024-10-30T20:00:00+08:00,1730289600,19.2,8.0,6.5,512.8,39.0,3.1,0.13,0.058,1.44,,,Ⅱ
2024-10-31T04:00:00+08:00,1730318400,18.6,7.0,4.9,517.6,32.6,3.1,0.16,0.062,1.58,,,Ⅳ
2024-10-31T08:00:00+08:00,1730332800,18.6,8.0,6.3,515.2,36.4,2.9,0.16,0.059,1.55,,,Ⅱ
2024-10-31T12:00:00+08:00,1730347200,19.0,8.0,7.4,503.9,33.0,3.1,0.15,0.064,1.57,,,Ⅱ
2024-10-31T16:00:00+08:00,1730361600,19.0,8.0,7.4,509.6,34.3,3.1,0.15,0.064,1.57,,,Ⅱ
2024-10-31T20:00:00+08:00,1730376000,18.9,8.0,7.0,508.8,38.7,,0.17,0.063,1.57,,,
2024-11-01T04:00:00+08:00,1730404800,18.8,8.0,6.1,487.8,33.3,,0.21,0.069,1.58,,,
2024-11-01T08:00:00+08:00,1730419200,18.8,7.0,6.0,494.9,54.6,,0.16,0.067,1.54,,,
2024-11-01T12:00:00+08:00,1730433600,18.9,8.0,6.2,498.7,60.2,3.1,0.32,0.086,1.61,,,Ⅱ
2024-11-02T04:00:00+08:00,1730491200,18.3,8.0,7.4,497.6,43.4,,0.37,0.08,1.61,,,
2024-11-02T12:00:00+08:00,1730520000,19.1,8.0,8.0,494.1,42.2,,0.42,0.086,1.6,,,
2024-11-02T16:00:00+08:00,1730534400,19.2,8.0,8.4,490.4,42.8,2.9,0.34,0.09,1.61,,,Ⅱ
2024-11-04T12:00:00+08:00,1730692800,20.0,8.0,8.2,495.1,35.9,2.9,0.28,0.072,1.64,,,Ⅱ
2024-11-04T20:00:00+08:00,1730721600,19.4,8.0,7.7,498.8,40.0,3.1,0.27,0.076,1.62,,,Ⅱ
2024-11-05T00:00:00+08:00,1730736000,19.0,8.0,6.7,500.7,37.4,3.1,0.27,0.076,1.62,,,Ⅱ
2024-11-05T12:00:00+08:00,1730779200,19.6,8.0,8.6,492.9,34.7,2.9,0.23,0.069,1.63,,,Ⅱ
2024-11-05T16:00:00+08:00,1730793600,19.7,8.0,8.8,512.5,32.4,2.9,0.2,0.074,1.62,,,Ⅱ
2024-11-05T20:00:00+08:00,1730808000,18.9,8.0,7.6,506.5,37.3,2.9,0.12,0.072,1.53,,,Ⅱ
2024-11-06T04:00:00+08:00,1730836800,17.8,8.0,6.0,503.4,32.1,2.9,0.12,0.062,1.59,,,Ⅱ
2024-11-06T08:00:00+08:00,1730851200,17.8,8.0,5.6,500.8,31.7,2.9,0.12,0.061,1.68,,,Ⅲ
2024-11-06T12:00:00+08:00,1730865600,18.9,8.0,8.1,506.7,32.9,3.1,0.11,0.066,1.63,,,Ⅱ
2024-11-06T16:00:00+08:00,1730880000,18.9,8.0,9.6,499.9,33.1,3.1,0.12,0.07,1.61,,,Ⅱ
2024-11-07T09:43:00+08:00,1730943780,,,,,,,,,,,,
2024-11-07T12:00:00+08:00,1730952000,17.8,8.0,7.6,509.6,30.9,3.1,0.11,0.056,1.56,,,Ⅱ
2024-11-07T16:00:00+08:00,1730966400,18.3,8.0,9.9,509.8,32.0,3.1,0.12,0.065,1.53,,,Ⅱ
2024-11-07T20:00:00+08:00,1730980800,17.7,8.0,8.5,511.1,33.3,3.1,0.12,0.065,1.53,,,Ⅱ
2024-11-08T04:00:00+08:00,1731009600,16.7,8.0,5.4,515.9,31.7,2.9,0.11,0.058,1.54,,,Ⅲ
2024-11-08T08:00:00+08:00,1731024000,16.9,8.0,6.5,506.9,40.2,3.1,0.2,0.062,1.52,,,Ⅱ
2024-11-08T12:00:00+08:00,1731038400,18.3,8.0,8.3,507.4,32.9,3.1,0.12,0.06,1.47,,,Ⅱ
2024-11-12T16:00:00+08:00,1731398400,19.4,8.0,9.5,518.8,30.6,3.1,0.07,0.05,1.46,,,Ⅱ
2024-11-12T20:00:00+08:00,1731412800,18.8,8.0,8.2,522.9,31.6,3.1,0.08,0.046,1.47,,,Ⅱ
2024-11-13T12:00:00+08:00,1731470400,19.0,8.0,7.5,528.1,31.3,3.1,0.07,0.045,1.47,,,Ⅱ
2024-11-13T20:00:00+08:00,1731499200,19.2,8.0,8.4,524.9,45.9,3.7,0.19,0.057,1.47,,,Ⅱ
2024-11-14T04:00:00+08:00,1731528000,18.6,8.0,5.8,523.0,42.3,3.9,0.21,0.056,1.46,,,Ⅲ
2024-11-14T12:00:00+08:00,1731556800,19.4,8.0,6.1,524.7,31.6,3.4,0.15,0.05,1.49,,,Ⅱ
2024-11-14T16:00:00+08:00,1731571200,19.5,8.0,8.1,523.2,32.5,,0.1,0.05,1.42,,,
2024-11-14T20:00:00+08:00,1731585600,19.4,8.0,6.7,526.8,32.8,3.1,0.08,0.043,1.48,,,Ⅱ
2024-11-15T04:00:00+08:00,1731614400,19.2,7.0,4.4,523.6,30.3,3.2,0.12,0.044,1.51,,,Ⅳ
2024-11-15T08:00:00+08:00,1731628800,19.1,7.0,5.4,519.0,33.3,,,,,,,
2024-11-15T16:00:00+08:00,1731657600,19.6,8.0,6.4,525.0,34.7,3.1,0.14,0.045,1.5,,,Ⅱ
2024-11-15T20:00:00+08:00,1731672000,19.5,8.0,6.5,515.9,33.6,3.1,0.22,0.047,1.58,,,Ⅱ
2024-11-16T04:00:00+08:00,1731700800,19.4,7.0,3.9,522.1,29.7,3.1,0.19,0.046,1.56,,,Ⅳ
2024-11-16T08:00:00+08:00,1731715200,19.4,7.0,5.2,514.9,32.1,,,,,,,
2024-11-16T12:00:00+08:00,1731729600,19.6,7.0,5.0,524.4,30.3,3.1,0.19,0.051,1.59,,,Ⅲ
2024-11-16T16:00:00+08:00,1731744000,19.8,8.0,6.1,521.7,29.0,3.1,0.15,0.045,1.5,,,Ⅱ
2024-11-16T20:00:00+08:00,1731758400,19.6,8.0,6.2,513.5,32.8,3.1,0.08,0.042,1.46,,,Ⅱ
2024-11-17T04:00:00+08:00,1731787200,19.2,7.0,4.1,526.1,31.2,3.1,0.14,0.047,1.53,,,Ⅳ
2024-11-17T08:00:00+08:00,1731801600,18.8,7.0,4.4,527.8,32.8,3.1,0.16,0.048,1.52,,,Ⅳ
2024-11-17T20:00:00+08:00,1731844800,17.8,7.0,5.3,531.4,31.7,3.1,0.15,0.045,1.58,,,Ⅲ
2024-11-18T08:00:00+08:00,1731888000,16.7,8.0,6.7,526.1,37.3,3.1,0.2,0.051,1.67,,,Ⅱ
2024-11-18T16:00:00+08:00,1731916800,16.8,8.0,8.2,529.2,34.2,3.1,0.17,0.051,1.69,,,Ⅱ
2024-11-18T20:00:00+08:00,1731931200,16.4,8.0,8.0,535.6,35.6,3.1,0.19,0.052,1.73,,,Ⅱ
2024-11-19T00:00:00+08:00,1731945600,15.9,8.0,7.2,538.5,35.8,3.1,0.2,0.054,1.73,,,Ⅱ
2024-11-19T04:00:00+08:00,1731960000,15.6,8.0,6.2,537.8,33.4,2.9,0.02,0.05,1.77,,,Ⅱ
2024-11-19T20:00:00+08:00,1732017600,15.8,8.0,7.6,544.2,37.7,3.1,0.1,0.05,1.77,,,Ⅱ
2024-11-20T04:00:00+08:00,1732046400,15.3,8.0,6.3,534.4,33.6,2.9,0.23,0.052,1.8,,,Ⅱ
2024-11-20T16:00:00+08:00,1732089600,15.7,8.0,8.0,542.0,33.1,3.1,0.22,0.05,1.81,,,Ⅱ
2024-11-20T20:00:00+08:00,1732104000,15.3,8.0,7.3,562.6,36.9,3.1,0.29,0.056,1.88,,,Ⅱ
2024-11-21T08:00:00+08:00,1732147200,14.5,7.0,4.8,550.2,31.2,3.1,0.23,0.053,1.81,,,Ⅳ
2024-11-21T12:00:00+08:00,1732161600,15.8,8.0,7.4,544.9,32.6,3.1,0.17,0.047,1.71,,,Ⅱ
2024-11-21T16:00:00+08:00,1732176000,15.7,8.0,9.2,542.9,35.7,3.1,0.16,0.053,1.66,,,Ⅱ
2024-11-21T20:00:00+08:00,1732190400,15.2,8.0,8.2,542.1,34.3,3.1,0.24,0.059,1.68,,,Ⅱ
2024-11-22T04:00:00+08:00,1732219200,14.3,8.0,5.8,539.6,33.1,2.9,0.2,0.049,1.66,,,Ⅲ
2024-11-22T16:00:00+08:00,1732262400,15.6,8.0,9.7,546.7,32.5,3.1,0.1,0.043,1.48,,,Ⅱ
2024-11-22T20:00:00+08:00,1732276800,15.1,8.0,8.2,539.0,33.7,3.1,0.15,0.045,1.56,,,Ⅱ
2024-11-23T04:00:00+08:00,1732305600,14.3,8.0,5.7,555.5,31.2,2.9,0.18,0.046,1.62,,,Ⅲ
2024-11-23T08:00:00+08:00,1732320000,14.1,7.0,4.2,550.9,28.9,3.1,0.1,0.04,1.54,,,Ⅳ
2024-11-23T12:00:00+08:00,1732334400,15.5,8.0,7.0,555.8,29.6,3.1,0.08,0.037,1.51,,,Ⅱ
2024-11-23T16:00:00+08:00,1732348800,15.7,8.0,9.5,550.7,30.7,3.1,0.08,0.04,1.54,,,Ⅱ
2024-11-23T20:00:00+08:00,1732363200,14.9,8.0,8.0,549.6,32.1,3.1,0.09,0.039,1.62,,,Ⅱ
2024-11-24T04:00:00+08:00,1732392000,14.1,8.0,6.6,545.2,31.4,3.1,0.19,0.044,1.7,,,Ⅱ
2024-11-24T08:00:00+08:00,1732406400,14.0,8.0,6.7,548.8,33.5,2.9,0.14,0.041,1.66,,,Ⅱ
2024-11-24T12:00:00+08:00,1732420800,15.6,8.0,8.7,547.4,31.6,3.1,0.21,0.046,1.75,,,Ⅱ
2024-11-24T16:00:00+08:00,1732435200,15.8,8.0,10.8,548.3,31.0,3.1,0.1,0.045,1.69,,,Ⅱ
2024-11-24T20:00:00+08:00,1732449600,15.3,8.0,9.2,551.5,50.7,3.1,0.09,0.043,1.66,,,Ⅱ
2024-11-25T04:00:00+08:00,1732478400,14.6,8.0,6.6,559.6,38.6,3.6,0.33,0.056,1.75,,,Ⅱ
2024-11-25T20:00:00+08:00,1732536000,15.1,8.0,7.2,544.8,33.1,,0.15,0.038,1.71,,,
2024-11-26T04:00:00+08:00,1732564800,13.9,7.0,5.1,552.4,32.7,,0.22,0.044,1.81,,,
2024-11-26T08:00:00+08:00,1732579200,13.7,7.0,5.6,537.4,32.5,,0.13,0.038,1.76,,,
2024-11-26T12:00:00+08:00,1732593600,15.1,8.0,8.6,532.2,30.5,,0.17,0.039,1.77,,,
2024-11-26T16:00:00+08:00,1732608000,14.4,8.0,10.4,542.2,33.4,3.2,0.17,0.039,1.77,,,Ⅱ
2024-11-26T20:00:00+08:00,1732622400,13.7,8.0,9.3,531.6,34.9,2.6,0.15,0.048,1.78,,,Ⅱ
2024-11-27T04:00:00+08:00,1732651200,12.8,8.0,8.3,537.5,34.5,2.5,0.14,0.043,1.77,,,Ⅱ
2024-11-27T12:00:00+08:00,1732680000,13.8,8.0,9.4,538.8,31.4,2.4,0.25,0.045,1.87,,,Ⅱ
2024-11-27T16:00:00+08:00,1732694400,13.7,8.0,11.1,538.9,30.7,2.5,0.08,0.054,1.7,,,Ⅱ
2024-11-27T20:00:00+08:00,1732708800,12.8,8.0,9.7,526.0,36.9,2.4,0.08,0.053,1.7,,,Ⅱ
2024-11-28T04:00:00+08:00,1732737600,12.0,8.0,8.8,523.5,33.8,2.4,0.15,0.04,1.76,,,Ⅱ
2024-11-28T16:00:00+08:00,1732780800,13.0,8.0,11.4,543.1,38.9,2.4,0.07,0.068,1.69,,,Ⅱ
2024-11-28T20:00:00+08:00,1732795200,12.1,8.0,10.2,529.9,51.7,2.7,0.19,0.058,1.72,,,Ⅱ
2024-11-29T04:00:00+08:00,1732824000,11.2,8.0,8.8,527.4,39.1,2.5,0.24,0.048,1.79,,,Ⅱ
2024-11-29T12:00:00+08:00,1732852800,13.0,8.0,10.0,538.7,29.9,2.4,0.23,0.042,1.84,,,Ⅱ
2024-11-29T16:00:00+08:00,1732867200,12.5,8.0,11.4,533.2,30.3,2.4,0.08,0.039,1.75,,,Ⅱ
2024-11-29T20:00:00+08:00,1732881600,11.6,8.0,9.6,531.6,33.0,2.4,0.08,0.04,1.73,,,Ⅱ
2024-11-30T12:00:00+08:00,1732939200,12.9,8.0,10.3,533.6,29.6,2.2,0.19,0.039,1.78,,,Ⅱ
2024-11-30T16:00:00+08:00,1732953600,12.6,8.0,11.1,540.9,30.2,2.2,0.09,0.038,1.76,,,Ⅱ
2024-11-30T20:00:00+08:00,1732968000,12.0,8.0,10.2,534.5,32.5,2.4,0.1,0.041,1.78,,,Ⅱ
2024-12-01T04:00:00+08:00,1732996800,11.8,8.0,8.4,537.0,32.7,2.2,0.11,0.036,1.77,,,Ⅱ
2024-12-01T08:00:00+08:00,1733011200,11.5,8.0,8.6,535.3,32.1,2.2,0.19,0.038,1.83,,,Ⅱ
2024-12-01T12:00:00+08:00,1733025600,14.1,7.0,9.6,524.5,29.8,2.2,0.19,0.04,1.86,,,Ⅱ
2024-12-01T16:00:00+08:00,1733040000,13.9,8.0,11.3,526.0,30.2,,0.12,0.04,1.8,,,
2024-12-01T20:00:00+08:00,1733054400,12.5,8.0,10.0,536.7,32.2,2.5,0.07,0.04,1.76,,,Ⅱ
2024-12-02T04:00:00+08:00,1733083200,11.9,8.0,8.3,545.3,30.3,2.5,0.11,0.036,1.79,,,Ⅱ
2024-12-02T20:00:00+08:00,1733140800,13.0,8.0,9.6,536.0,33.2,2.4,0.2,0.04,1.85,,,Ⅱ
2024-12-03T04:00:00+08:00,1733169600,12.6,8.0,8.1,542.2,31.1,2.4,0.18,0.038,1.86,,,Ⅱ
2024-12-03T12:00:00+08:00,1733198400,13.4,8.0,9.5,547.5,31.6,2.4,0.15,0.037,1.85,,,Ⅱ
2024-12-03T16:00:00+08:00,1733212800,13.8,8.0,11.2,550.0,30.0,2.4,0.11,0.039,1.8,,,Ⅱ
2024-12-03T20:00:00+08:00,1733227200,13.2,8.0,10.0,549.1,31.6,2.4,0.07,0.036,1.79,,,Ⅱ
2024-12-04T04:00:00+08:00,1733256000,12.7,8.0,8.3,556.5,30.6,2.5,0.15,0.039,1.84,,,Ⅱ
2024-12-04T08:00:00+08:00,1733270400,12.6,8.0,7.8,549.6,31.2,2.4,0.13,0.036,1.84,,,Ⅱ
2024-12-04T12:00:00+08:00,1733284800,13.1,8.0,8.7,547.2,29.9,2.5,0.18,0.038,1.89,,,Ⅱ
2024-12-04T20:00:00+08:00,1733313600,13.2,8.0,9.2,545.9,29.5,2.5,0.05,0.031,1.78,,,Ⅱ
2024-12-05T04:00:00+08:00,1733342400,12.6,8.0,7.9,553.8,29.7,2.6,0.15,0.035,1.9,,,Ⅱ
2024-12-05T08:00:00+08:00,1733356800,12.5,7.0,7.2,559.5,29.8,2.5,0.12,0.034,1.9,,,Ⅱ
2024-12-05T20:00:00+08:00,1733400000,12.9,8.0,8.0,555.3,28.7,2.6,0.15,0.032,1.94,,,Ⅱ
2024-12-06T04:00:00+08:00,1733428800,12.3,7.0,6.8,568.5,29.3,2.7,0.23,0.037,2.09,,,Ⅱ
2024-12-06T08:00:00+08:00,1733443200,12.3,7.0,5.9,557.7,28.3,2.5,0.17,0.033,1.96,,,Ⅲ
2024-12-06T16:00:00+08:00,1733472000,13.2,8.0,9.6,554.9,28.4,2.5,0.11,0.032,1.9,,,Ⅱ
2024-12-07T16:00:00+08:00,1733558400,13.3,8.0,11.2,555.0,27.8,2.4,0.11,0.034,1.87,,,Ⅱ
2024-12-08T04:00:00+08:00,1733601600,11.6,8.0,7.8,550.7,29.1,2.5,0.13,0.034,1.93,,,Ⅱ
2024-12-09T12:00:00+08:00,1733716800,11.4,8.0,9.6,554.5,31.9,2.4,0.19,0.04,2.0,,,Ⅱ
2024-12-09T20:00:00+08:00,1733745600,11.8,8.0,11.6,551.7,28.0,2.4,0.23,0.044,2.19,,,Ⅱ
2024-12-11T04:00:00+08:00,1733860800,10.8,8.0,7.7,554.9,38.1,2.8,0.24,0.038,2.35,,,Ⅱ
2024-12-14T04:00:00+08:00,1734120000,9.5,8.0,8.1,550.9,30.3,2.7,0.22,0.037,2.36,,,Ⅱ
2024-12-14T16:00:00+08:00,1734163200,10.2,8.0,11.6,554.9,28.8,2.8,0.22,0.039,2.39,,,Ⅱ
2024-12-16T04:00:00+08:00,1734292800,9.0,8.0,9.8,539.8,28.0,2.8,0.13,0.03,2.3,,,Ⅱ
2024-12-18T20:00:00+08:00,1734523200,9.6,8.0,11.9,540.4,28.6,2.8,0.11,0.03,2.23,,,Ⅱ
2024-12-19T04:00:00+08:00,1734552000,8.5,8.0,10.2,546.5,29.9,3.0,0.15,0.03,2.31,,,Ⅱ
2024-12-20T20:00:00+08:00,1734696000,9.6,8.0,12.4,552.5,28.5,2.8,0.14,0.032,2.36,,,Ⅱ
2024-12-21T04:00:00+08:00,1734724800,8.6,8.0,10.1,548.3,28.4,2.8,0.2,0.033,2.38,,,Ⅱ
2024-12-23T20:00:00+08:00,1734955200,8.6,8.0,11.3,555.4,29.8,2.8,0.16,0.032,2.36,,,Ⅱ
2024-12-24T04:00:00+08:00,1734984000,8.6,8.0,10.1,545.0,30.5,2.8,0.22,0.035,2.42,,,Ⅱ
2024-12-24T08:00:00+08:00,1734998400,8.3,8.0,10.1,541.1,31.5,2.8,0.23,0.036,2.42,,,Ⅱ
2024-12-24T12:00:00+08:00,1735012800,9.7,8.0,11.6,559.9,30.0,2.8,0.21,0.041,2.37,,,Ⅱ
2024-12-24T16:00:00+08:00,1735027200,10.2,8.0,12.4,559.4,28.7,3.0,0.13,0.04,2.33,,,Ⅱ
2024-12-24T20:00:00+08:00,1735041600,9.4,8.0,12.5,554.0,28.7,2.8,0.11,0.034,2.31,,,Ⅱ
2024-12-25T08:00:00+08:00,1735084800,8.9,8.0,10.3,543.7,34.1,3.0,0.24,0.039,2.34,,,Ⅱ
2024-12-25T12:00:00+08:00,1735099200,9.6,8.0,11.0,551.2,32.1,3.0,0.24,0.039,2.34,,,Ⅱ
2024-12-25T20:00:00+08:00,1735128000,9.8,8.0,10.9,568.5,29.5,2.8,0.02,0.035,2.31,,,Ⅱ
2024-12-26T04:00:00+08:00,1735156800,9.0,8.0,9.9,563.5,31.3,2.8,0.02,0.032,2.33,,,Ⅱ
2024-12-28T04:00:00+08:00,1735329600,8.7,8.0,10.3,550.6,28.7,2.8,0.14,0.029,2.28,,,Ⅱ
2024-12-28T20:00:00+08:00,1735387200,8.4,8.0,11.4,565.6,31.4,2.8,0.17,0.03,2.32,,,Ⅱ
2025-01-02T20:00:00+08:00,1735819200,9.5,8.0,12.6,566.6,31.3,3.1,0.12,0.043,2.23,,,Ⅱ
2025-01-03T08:00:00+08:00,1735862400,9.0,8.0,10.3,566.7,29.1,3.1,0.08,0.033,2.2,,,Ⅱ
2025-01-03T12:00:00+08:00,1735876800,9.9,8.0,12.4,566.1,30.0,3.1,0.08,0.033,2.2,,,Ⅱ
2025-01-07T16:00:00+08:00,1736236800,9.9,8.0,13.1,558.0,33.4,3.5,0.11,0.041,2.23,,,Ⅱ
2025-01-07T20:00:00+08:00,1736251200,9.1,8.0,12.6,569.7,32.9,3.0,0.1,0.033,2.21,,,Ⅱ
2025-01-08T08:00:00+08:00,1736294400,7.6,8.0,9.9,578.7,33.3,2.8,0.11,0.035,2.21,,,Ⅱ
2025-01-08T12:00:00+08:00,1736308800,9.4,8.0,10.8,569.8,33.6,3.0,0.12,0.036,2.25,,,Ⅱ
2025-01-08T16:00:00+08:00,1736323200,10.2,8.0,13.0,560.1,32.4,3.1,0.08,0.035,2.23,,,Ⅱ
2025-01-09T08:00:00+08:00,1736380800,7.4,8.0,9.6,573.9,31.0,2.8,0.08,0.03,2.2,,,Ⅱ
2025-01-09T12:00:00+08:00,1736395200,9.0,8.0,11.1,571.0,33.4,3.0,0.1,0.035,2.22,,,Ⅱ
2025-01-09T16:00:00+08:00,1736409600,9.1,8.0,13.1,571.1,33.5,3.0,0.1,0.034,2.24,,,Ⅱ
2025-01-09T20:00:00+08:00,1736424000,8.5,8.0,12.9,570.7,33.9,3.0,0.1,0.034,2.24,,,Ⅱ
2025-01-10T04:00:00+08:00,1736452800,7.1,8.0,11.4,564.3,33.0,2.8,0.1,0.031,2.19,,,Ⅱ
2025-01-10T08:00:00+08:00,1736467200,6.7,8.0,10.3,566.0,31.8,2.8,0.09,0.028,2.18,,,Ⅱ
2025-01-10T12:00:00+08:00,1736481600,8.2,8.0,11.9,571.4,32.4,2.8,0.08,0.033,2.23,,,Ⅱ
2025-01-10T20:00:00+08:00,1736510400,7.6,8.0,12.7,572.3,32.9,2.8,0.09,0.031,2.19,,,Ⅱ
2025-01-11T00:00:00+08:00,1736524800,7.4,8.0,12.1,563.1,33.2,3.0,0.09,0.03,2.18,,,Ⅱ
2025-01-11T04:00:00+08:00,1736539200,7.1,8.0,11.5,565.6,32.0,2.8,0.08,0.028,2.17,,,Ⅱ
2025-01-11T12:00:00+08:00,1736568000,7.9,8.0,11.7,557.6,34.0,3.0,0.1,0.033,2.25,,,Ⅱ
2025-01-11T16:00:00+08:00,1736582400,8.2,9.0,13.7,564.7,33.3,3.1,0.1,0.033,2.24,,,Ⅱ
2025-01-12T12:00:00+08:00,1736654400,8.4,8.0,12.6,559.9,32.7,3.0,0.13,0.033,2.21,,,Ⅱ
2025-01-12T16:00:00+08:00,1736668800,8.7,9.0,14.5,543.5,31.8,2.8,0.07,0.032,2.2,,,Ⅱ
2025-01-13T04:00:00+08:00,1736712000,7.2,8.0,11.1,553.4,36.3,3.0,0.14,0.034,2.2,,,Ⅱ
2025-01-13T16:00:00+08:00,1736755200,9.2,8.0,14.0,566.4,33.3,2.6,0.08,0.033,2.13,,,Ⅱ
2025-01-13T20:00:00+08:00,1736769600,8.6,8.0,12.4,564.9,34.4,2.8,0.11,0.033,2.2,,,Ⅱ
2025-01-14T00:00:00+08:00,1736784000,8.4,8.0,11.7,561.4,33.7,2.8,0.09,0.031,2.12,,,Ⅱ
2025-01-14T04:00:00+08:00,1736798400,8.2,8.0,10.8,545.2,33.3,2.8,0.1,0.032,2.14,,,Ⅱ
2025-01-14T08:00:00+08:00,1736812800,8.1,8.0,10.4,562.2,33.0,2.8,0.11,0.031,2.1,,,Ⅱ
2025-01-15T20:00:00+08:00,1736942400,8.5,8.0,12.1,530.1,35.4,3.0,0.13,0.034,2.13,,,Ⅱ
2025-01-19T00:00:00+08:00,1737216000,8.6,8.0,11.1,579.7,33.3,2.8,0.11,0.028,2.17,,,Ⅱ
2025-01-19T04:00:00+08:00,1737230400,8.2,8.0,10.4,579.0,32.6,3.3,0.1,0.026,2.14,,,Ⅱ
2025-01-20T04:00:00+08:00,1737316800,8.4,8.0,10.0,578.4,32.0,,0.12,0.027,2.11,,,
2025-01-20T12:00:00+08:00,1737345600,10.0,8.0,11.5,576.3,33.1,2.8,0.14,0.036,2.12,,,Ⅱ
2025-01-21T12:00:00+08:00,1737432000,9.5,8.0,12.3,581.9,33.2,3.0,0.1,0.032,2.13,,,Ⅱ
2025-01-21T20:00:00+08:00,1737460800,10.0,8.0,12.4,574.7,32.7,2.5,0.1,0.028,2.12,,,Ⅱ
2025-01-22T04:00:00+08:00,1737489600,9.2,8.0,9.3,573.1,47.0,3.2,0.31,0.044,2.16,,,Ⅱ
2025-01-22T08:00:00+08:00,1737504000,9.0,8.0,8.6,578.5,45.2,3.2,0.29,0.042,2.17,,,Ⅱ
2025-01-22T16:00:00+08:00,1737532800,11.3,8.0,11.0,596.9,67.1,4.1,0.56,0.063,2.21,,,Ⅲ
2025-01-22T20:00:00+08:00,1737547200,10.7,8.0,9.9,602.2,53.3,3.3,0.42,0.049,2.18,,,Ⅱ
2025-01-23T16:00:00+08:00,1737619200,11.2,8.0,10.8,589.9,37.8,2.3,0.2,0.034,2.17,,,Ⅱ
2025-01-24T00:00:00+08:00,1737648000,10.7,8.0,8.7,588.2,34.5,2.8,0.19,0.027,2.12,,,Ⅱ
2025-02-12T16:00:00+08:00,1739347200,8.7,8.0,10.4,537.5,32.7,2.6,0.13,0.041,2.04,,,Ⅱ
2025-02-12T20:00:00+08:00,1739361600,8.6,8.0,9.9,539.8,32.1,2.6,0.14,0.039,2.04,,,Ⅱ
2025-02-13T00:00:00+08:00,1739376000,8.2,8.0,9.5,540.0,31.9,2.3,0.17,0.038,1.97,,,Ⅱ
2025-02-13T04:00:00+08:00,1739390400,7.9,8.0,9.0,535.6,32.1,2.5,0.16,0.039,2.0,,,Ⅱ
2025-02-13T08:00:00+08:00,1739404800,7.7,8.0,8.9,538.5,31.4,2.5,0.16,0.039,1.98,,,Ⅱ
2025-02-13T16:00:00+08:00,1739433600,10.4,8.0,12.3,536.6,30.6,1.7,0.1,0.049,1.95,,,Ⅱ
2025-02-13T20:00:00+08:00,1739448000,9.2,8.0,10.8,536.2,33.7,,0.14,0.044,1.97,,,
