ts,epoch,temperature,ph,do,conductivity,turbidity,codmn,ammonia_n,tp,tn,chla,algae_density,quality_class
2021-06-17T08:00:00+08:00,1623888000,28.1,7.25,2.55,566.0,40.3,6.1,0.14,0.199,2.28,,,Ⅴ
2021-06-17T12:00:00+08:00,1623902400,28.1,7.27,3.18,566.0,31.5,6.2,0.09,0.19,2.33,,,Ⅳ
2021-06-17T16:00:00+08:00,1623916800,28.2,7.45,2.77,569.0,35.5,6.11,0.13,0.2,2.3,,,Ⅴ
2021-06-17T20:00:00+08:00,1623931200,28.0,7.33,3.22,570.0,29.3,6.1,0.12,0.207,2.27,,,Ⅳ
2021-06-18T00:00:00+08:00,1623945600,27.9,7.29,2.86,570.0,28.1,6.08,0.128,0.214,2.34,,,Ⅴ
2021-06-18T04:00:00+08:00,1623960000,27.8,7.29,2.84,575.0,28.3,6.07,0.145,0.222,2.28,,,Ⅴ
2021-06-18T08:00:00+08:00,1623974400,27.8,7.26,2.61,575.0,32.0,6.19,0.16,0.245,2.28,,,Ⅴ
2021-06-18T12:00:00+08:00,1623988800,28.2,7.29,2.71,572.0,24.6,6.04,0.112,0.219,2.4,,,Ⅴ
2021-06-18T16:00:00+08:00,1624003200,28.1,7.29,2.82,575.0,28.5,6.0,0.132,0.222,2.32,,,Ⅴ
2021-06-18T20:00:00+08:00,1624017600,28.0,7.29,2.62,579.0,25.4,5.99,0.138,0.225,2.23,,,Ⅴ
2021-06-19T00:00:00+08:00,1624032000,27.9,7.26,2.67,575.0,23.4,5.86,0.138,0.23,2.38,,,Ⅴ
2021-06-19T04:00:00+08:00,1624046400,27.6,7.29,2.85,578.0,29.1,6.14,0.142,0.226,2.21,,,Ⅴ
2021-06-19T08:00:00+08:00,1624060800,27.4,7.27,2.74,574.0,28.2,6.07,0.162,0.219,2.27,,,Ⅴ
2021-06-19T12:00:00+08:00,1624075200,27.4,7.28,3.18,574.0,27.2,5.95,0.153,0.219,2.34,,,Ⅳ
2021-06-19T16:00:00+08:00,1624089600,27.3,7.31,2.94,572.0,33.4,5.78,0.194,0.222,2.29,,,Ⅴ
2021-06-19T20:00:00+08:00,1624104000,26.7,7.28,2.93,560.0,32.8,6.12,0.289,0.223,2.42,,,Ⅴ
2021-06-20T04:00:00+08:00,1624132800,26.3,7.3,2.86,556.0,30.5,6.09,0.372,0.214,2.64,,,Ⅴ
2021-06-20T08:00:00+08:00,1624147200,26.1,7.26,2.75,557.0,27.0,5.84,0.416,0.217,2.66,,,Ⅴ
2021-06-20T12:00:00+08:00,1624161600,26.0,7.26,2.81,556.0,25.8,5.85,0.414,0.213,2.72,,,Ⅴ
2021-07-02T08:00:00+08:00,1625184000,28.1,7.36,2.92,552.0,39.8,5.66,0.15,0.221,2.51,,,Ⅴ
2021-07-02T12:00:00+08:00,1625198400,28.2,7.34,2.8,557.0,35.2,5.66,0.163,0.212,2.66,,,Ⅴ
2021-07-02T16:00:00+08:00,1625212800,28.2,7.34,2.82,554.0,40.6,5.62,0.144,0.211,2.48,,,Ⅴ
2021-07-02T20:00:00+08:00,1625227200,28.0,7.34,2.68,550.0,36.0,5.48,0.191,0.213,2.45,,,Ⅴ
2021-07-03T00:00:00+08:00,1625241600,28.0,7.33,2.71,556.0,33.4,5.51,0.185,0.202,2.51,,,Ⅴ
2021-07-03T04:00:00+08:00,1625256000,27.8,7.33,2.65,549.0,41.7,5.49,0.226,0.205,2.46,,,Ⅴ
2021-07-03T08:00:00+08:00,1625270400,27.6,7.31,2.37,545.0,31.4,5.45,0.305,0.212,2.52,,,Ⅴ
2021-07-03T12:00:00+08:00,1625284800,27.9,7.01,3.41,545.0,36.1,5.59,0.253,0.204,2.52,,,Ⅳ
2021-07-03T16:00:00+08:00,1625299200,28.0,7.19,2.68,544.0,35.9,5.63,0.355,0.217,2.53,,,Ⅴ
2021-07-03T20:00:00+08:00,1625313600,28.0,7.2,2.54,539.0,39.5,5.66,0.461,0.222,2.6,,,Ⅴ
2021-07-04T00:00:00+08:00,1625328000,27.8,7.2,2.61,539.0,27.8,5.56,0.467,0.22,2.71,,,Ⅴ
2021-07-04T04:00:00+08:00,1625342400,27.9,7.2,2.4,540.0,29.9,5.32,0.464,0.218,2.64,,,Ⅴ
2021-07-04T08:00:00+08:00,1625356800,27.8,7.17,2.51,539.0,31.4,5.38,0.456,0.217,2.69,,,Ⅴ
2021-07-04T12:00:00+08:00,1625371200,27.9,7.19,2.4,539.0,32.7,5.48,0.444,0.217,2.73,,,Ⅴ
2021-07-04T16:00:00+08:00,1625385600,28.0,7.19,2.36,537.0,29.6,5.48,0.427,0.217,2.77,,,Ⅴ
2021-07-04T20:00:00+08:00,1625400000,27.9,7.17,2.3,536.0,43.1,5.36,0.439,0.225,2.65,,,Ⅴ
2021-07-05T00:00:00+08:00,1625414400,27.8,7.17,2.32,538.0,31.2,5.36,0.439,0.224,2.78,,,Ⅴ
2021-07-05T04:00:00+08:00,1625428800,27.7,7.19,2.24,539.0,28.2,5.5,0.454,0.224,2.79,,,Ⅴ
2021-07-05T08:00:00+08:00,1625443200,27.8,7.19,2.24,537.0,37.7,5.35,0.409,0.226,2.68,,,Ⅴ
2021-07-05T12:00:00+08:00,1625457600,28.3,7.18,2.3,536.0,30.6,5.31,0.365,0.221,2.74,,,Ⅴ
2021-07-05T16:00:00+08:00,1625472000,28.5,7.2,2.37,534.0,29.3,5.2,0.349,0.215,2.75,,,Ⅴ
2021-07-05T20:00:00+08:00,1625486400,28.6,7.18,2.3,532.0,52.3,5.53,0.372,0.227,2.61,,,Ⅴ
2021-07-06T00:00:00+08:00,1625500800,28.4,7.2,2.33,525.0,31.5,5.49,0.356,0.223,2.76,,,Ⅴ
2021-07-06T04:00:00+08:00,1625515200,28.3,7.17,2.41,535.0,30.8,5.3,0.354,0.227,2.76,,,Ⅴ
2021-07-06T08:00:00+08:00,1625529600,28.5,7.18,2.41,532.0,32.5,5.51,0.315,0.219,2.7,,,Ⅴ
2021-07-06T12:00:00+08:00,1625544000,29.1,7.2,2.44,532.0,38.2,5.33,0.303,0.217,2.65,,,Ⅴ
2021-07-06T16:00:00+08:00,1625558400,29.5,7.21,2.57,531.0,29.9,5.24,0.256,0.215,2.72,,,Ⅴ
2021-07-07T04:00:00+08:00,1625601600,29.3,7.16,2.35,531.0,34.8,5.38,0.313,0.217,2.75,,,Ⅴ
2021-07-07T08:00:00+08:00,1625616000,29.5,7.16,2.37,532.0,37.9,5.31,0.296,0.231,2.71,,,Ⅴ
2021-07-07T12:00:00+08:00,1625630400,30.3,7.18,2.45,531.0,42.1,5.26,0.278,0.226,2.7,,,Ⅴ
2021-07-26T12:00:00+08:00,1627272000,28.0,7.15,5.87,465.0,65.8,4.93,0.132,0.206,2.27,,,Ⅳ
2021-07-26T16:00:00+08:00,1627286400,27.9,7.11,5.08,454.0,54.8,4.98,0.13,0.217,2.52,,,Ⅳ
2021-07-27T04:00:00+08:00,1627329600,27.4,6.98,4.97,402.0,57.3,5.09,0.185,0.276,3.12,,,Ⅳ
2021-07-27T08:00:00+08:00,1627344000,27.4,6.98,4.68,389.0,55.4,5.09,0.185,0.276,3.12,,,Ⅳ
2021-07-27T12:00:00+08:00,1627358400,27.4,6.92,4.46,400.0,53.9,5.09,0.174,0.291,2.78,,,Ⅳ
2021-07-27T16:00:00+08:00,1627372800,27.1,6.77,3.82,404.0,48.5,5.85,0.239,0.305,3.67,,,Ⅴ
2021-07-27T20:00:00+08:00,1627387200,27.1,6.86,4.08,404.0,48.5,5.53,0.229,0.304,3.68,,,Ⅴ
2021-07-28T00:00:00+08:00,1627401600,27.1,6.86,3.88,395.0,45.4,5.56,0.272,0.33,4.0,,,Ⅴ
2021-07-28T04:00:00+08:00,1627416000,27.1,6.86,3.84,392.0,40.2,5.78,0.27,0.318,4.02,,,Ⅴ
2021-07-28T08:00:00+08:00,1627430400,27.1,6.86,4.0,388.0,46.6,5.75,0.25,0.337,3.75,,,Ⅴ
2021-07-28T12:00:00+08:00,1627444800,27.4,6.84,4.05,383.0,40.2,5.67,0.262,0.34,3.84,,,Ⅴ
2021-07-28T16:00:00+08:00,1627459200,27.7,6.84,3.86,339.0,38.0,5.77,0.256,0.348,4.08,,,Ⅴ
2021-07-28T20:00:00+08:00,1627473600,27.6,6.84,3.78,384.0,31.4,5.83,0.239,0.352,4.12,,,Ⅴ
2021-07-29T00:00:00+08:00,1627488000,27.8,6.8,3.78,376.0,32.9,5.87,0.244,0.36,4.04,,,Ⅴ
2021-07-29T04:00:00+08:00,1627502400,28.1,6.8,3.48,373.0,31.0,5.95,0.243,0.369,3.83,,,Ⅴ
2021-07-29T08:00:00+08:00,1627516800,28.0,6.8,3.84,375.0,34.6,6.02,0.246,0.364,3.9,,,Ⅴ
2021-07-29T12:00:00+08:00,1627531200,28.6,6.78,3.98,371.0,34.8,5.97,0.262,0.365,3.77,,,Ⅴ
2021-07-29T16:00:00+08:00,1627545600,29.1,6.78,3.31,373.0,34.3,6.01,0.292,0.37,3.56,,,Ⅴ
2021-07-29T20:00:00+08:00,1627560000,29.0,6.76,3.21,368.0,30.8,6.06,0.297,0.374,3.45,,,Ⅴ
2021-07-30T00:00:00+08:00,1627574400,29.1,6.76,3.22,365.0,38.3,6.03,0.327,0.378,3.31,,,Ⅴ
2021-07-30T04:00:00+08:00,1627588800,28.9,6.75,3.07,359.0,40.5,6.07,0.369,0.39,3.22,,,Ⅴ
2021-07-30T08:00:00+08:00,1627603200,29.1,6.75,3.11,356.0,35.1,6.14,0.38,0.376,3.12,,,Ⅴ
2021-07-30T12:00:00+08:00,1627617600,29.5,6.73,3.09,357.0,32.6,6.02,0.377,0.375,3.18,,,Ⅴ
2021-08-06T04:00:00+08:00,1628193600,30.5,6.88,3.61,411.0,46.5,5.05,0.114,0.297,2.57,,,Ⅳ
2021-08-06T08:00:00+08:00,1628208000,30.8,6.99,4.01,417.0,47.1,4.96,0.082,0.301,2.52,,,Ⅴ
2021-09-23T12:00:00+08:00,1632369600,28.6,7.08,5.32,382.0,102.9,4.92,0.065,0.187,1.28,,,Ⅲ
2021-09-23T16:00:00+08:00,1632384000,28.9,7.13,5.3,380.0,93.4,5.2,0.096,0.186,1.22,,,Ⅲ
2021-09-23T20:00:00+08:00,1632398400,28.2,7.15,5.35,381.0,84.9,5.06,0.089,0.187,1.45,,,Ⅲ
2021-09-24T04:00:00+08:00,1632427200,27.8,7.12,5.38,385.0,92.7,5.16,0.088,0.182,1.28,,,Ⅲ
2021-10-28T08:00:00+08:00,1635379200,18.8,7.21,5.5,421.0,65.8,5.4,0.177,0.149,3.33,,,Ⅲ
2021-10-28T16:00:00+08:00,1635408000,19.2,7.21,5.47,423.0,79.3,3.74,0.18,0.152,3.51,,,Ⅲ
2021-10-28T20:00:00+08:00,1635422400,19.1,7.19,5.5,424.0,62.2,3.76,0.167,0.14,3.28,,,Ⅲ
2021-10-29T00:00:00+08:00,1635436800,19.1,7.21,5.48,425.0,67.6,3.63,0.178,0.141,3.38,,,Ⅲ
2021-10-29T04:00:00+08:00,1635451200,19.1,7.21,5.63,425.0,71.0,3.63,0.145,0.141,3.38,,,Ⅲ
2021-10-29T08:00:00+08:00,1635465600,19.1,7.19,5.4,424.0,71.9,3.8,0.159,0.148,3.38,,,Ⅲ
2021-11-05T04:00:00+08:00,1636056000,19.5,7.33,5.65,473.0,89.3,4.01,0.155,0.138,3.65,,,Ⅲ
2021-11-05T08:00:00+08:00,1636070400,19.4,7.33,5.7,471.0,85.5,4.19,0.145,0.137,3.61,,,Ⅲ
2021-11-05T12:00:00+08:00,1636084800,19.5,7.33,5.65,474.0,92.0,3.98,0.137,0.132,3.64,,,Ⅲ
2021-11-05T16:00:00+08:00,1636099200,19.5,7.33,5.76,472.0,104.8,4.3,0.17,0.146,3.76,,,Ⅲ
2021-11-05T20:00:00+08:00,1636113600,19.5,7.34,5.98,484.0,75.0,3.94,0.13,0.128,3.55,,,Ⅲ
2021-11-06T00:00:00+08:00,1636128000,19.5,7.31,5.61,477.0,85.5,4.02,0.155,0.139,3.65,,,Ⅲ
2021-11-06T04:00:00+08:00,1636142400,19.5,7.31,5.73,477.0,104.5,4.26,0.156,0.15,3.84,,,Ⅲ
2021-11-06T08:00:00+08:00,1636156800,19.5,7.34,5.98,486.0,77.9,4.11,0.125,0.139,3.54,,,Ⅲ
2021-11-06T12:00:00+08:00,1636171200,19.6,7.31,5.68,479.0,93.4,4.01,0.141,0.138,3.71,,,Ⅲ
2021-11-06T16:00:00+08:00,1636185600,19.6,7.31,5.74,480.0,108.6,4.32,0.152,0.157,3.8,,,Ⅲ
2021-11-06T20:00:00+08:00,1636200000,19.5,7.34,6.15,486.0,86.7,4.11,0.114,0.141,3.63,,,Ⅲ
2021-11-07T00:00:00+08:00,1636214400,19.5,7.31,5.76,482.0,86.9,4.16,0.135,0.145,3.74,,,Ⅲ
2021-11-07T04:00:00+08:00,1636228800,19.5,7.29,5.64,479.0,100.2,4.07,0.126,0.149,3.77,,,Ⅲ
2021-11-07T08:00:00+08:00,1636243200,19.5,7.33,6.04,486.0,86.1,4.31,0.112,0.147,3.67,,,Ⅲ
2021-11-07T12:00:00+08:00,1636257600,19.7,7.29,5.65,481.0,87.2,4.02,0.122,0.145,3.67,,,Ⅲ
2021-11-07T16:00:00+08:00,1636272000,19.6,7.29,5.63,478.0,89.5,4.02,0.133,0.148,3.74,,,Ⅲ
2021-11-07T20:00:00+08:00,1636286400,19.1,7.37,6.38,486.0,89.9,4.16,0.119,0.146,3.82,,,Ⅲ
2021-11-08T00:00:00+08:00,1636300800,18.8,7.33,6.17,479.0,88.5,4.11,0.12,0.146,3.69,,,Ⅲ
2021-11-08T04:00:00+08:00,1636315200,17.9,7.33,6.38,476.0,70.3,3.92,0.133,0.139,3.48,,,Ⅲ
2021-11-08T16:00:00+08:00,1636358400,16.8,7.41,7.0,480.0,79.4,0.49,0.025,0.017,,,,Ⅱ
2021-11-08T20:00:00+08:00,1636372800,16.8,7.38,6.9,479.0,84.3,5.96,0.191,0.308,6.3,,,Ⅴ
2021-11-09T00:00:00+08:00,1636387200,16.7,7.36,6.89,480.0,83.4,4.57,0.161,0.15,3.82,,,Ⅲ
2021-11-09T04:00:00+08:00,1636401600,16.1,7.34,6.9,483.0,82.5,4.15,0.177,0.14,3.6,,,Ⅲ
2021-11-09T08:00:00+08:00,1636416000,16.2,7.34,7.0,483.0,71.1,3.88,0.143,0.131,3.47,,,Ⅲ
2021-11-09T12:00:00+08:00,1636430400,16.1,7.36,6.99,486.0,82.0,3.97,0.195,0.144,3.7,,,Ⅲ
2021-11-09T20:00:00+08:00,1636459200,15.8,7.36,6.99,489.0,78.2,3.92,0.206,0.139,3.73,,,Ⅲ
2021-11-10T00:00:00+08:00,1636473600,15.7,7.36,7.05,490.0,77.5,4.07,0.204,0.142,3.73,,,Ⅲ
2021-11-10T04:00:00+08:00,1636488000,15.3,7.36,7.04,494.0,81.5,3.97,0.196,0.142,3.74,,,Ⅲ
2021-11-10T08:00:00+08:00,1636502400,15.2,7.36,7.0,496.0,72.1,3.95,0.207,0.137,3.63,,,Ⅲ
2021-11-10T12:00:00+08:00,1636516800,15.3,7.34,6.87,499.0,76.8,4.05,0.294,0.145,3.85,,,Ⅲ
2021-11-10T16:00:00+08:00,1636531200,15.4,7.34,6.84,499.0,90.6,4.23,0.331,0.16,3.98,,,Ⅲ
2021-11-10T20:00:00+08:00,1636545600,15.2,7.34,6.8,500.0,81.4,4.15,0.347,0.15,3.98,,,Ⅲ
2021-11-11T00:00:00+08:00,1636560000,15.1,7.33,6.74,502.0,71.7,3.99,0.384,0.15,3.88,,,Ⅲ
2021-11-11T08:00:00+08:00,1636588800,14.8,7.33,6.86,501.0,69.4,3.97,0.318,0.144,3.84,,,Ⅲ
2021-11-11T12:00:00+08:00,1636603200,15.1,7.34,6.94,502.0,78.3,3.94,0.307,0.147,3.91,,,Ⅲ
2021-11-11T16:00:00+08:00,1636617600,15.1,7.33,6.94,503.0,81.5,4.15,0.303,0.144,3.92,,,Ⅲ
2021-11-11T20:00:00+08:00,1636632000,14.9,7.33,7.11,506.0,70.6,3.8,0.269,0.141,3.84,,,Ⅲ
2021-11-12T00:00:00+08:00,1636646400,14.8,7.33,6.96,506.0,65.3,3.95,0.311,0.135,3.84,,,Ⅲ
2021-11-26T12:00:00+08:00,1637899200,13.5,7.23,6.88,543.0,72.1,4.07,0.386,0.115,4.24,,,Ⅲ
2021-11-26T16:00:00+08:00,1637913600,13.5,7.36,7.03,527.0,36.6,3.98,0.395,0.119,4.33,,,Ⅲ
2021-11-26T20:00:00+08:00,1637928000,13.4,7.42,6.94,531.0,25.1,3.88,0.378,0.113,4.16,,,Ⅲ
2021-11-27T04:00:00+08:00,1637956800,13.1,7.42,6.81,530.0,34.0,3.66,0.438,0.116,4.27,,,Ⅲ
2021-11-27T08:00:00+08:00,1637971200,13.1,7.42,6.8,530.0,28.1,3.95,0.364,0.112,4.14,,,Ⅲ
2021-11-27T12:00:00+08:00,1637985600,13.5,7.46,6.91,531.0,46.6,3.86,0.352,0.112,4.2,,,Ⅲ
2021-11-27T16:00:00+08:00,1638000000,13.7,7.44,6.86,529.0,55.7,3.93,0.39,0.117,4.24,,,Ⅲ
2021-11-27T20:00:00+08:00,1638014400,13.5,7.44,6.89,531.0,45.7,3.95,0.371,0.11,4.11,,,Ⅲ
2021-11-28T04:00:00+08:00,1638043200,13.5,7.44,6.77,531.0,53.9,3.86,0.417,0.119,3.44,,,Ⅲ
2021-11-28T08:00:00+08:00,1638057600,13.4,7.44,6.82,530.0,53.7,3.94,0.376,0.114,4.17,,,Ⅲ
2021-11-28T12:00:00+08:00,1638072000,13.7,7.46,6.89,533.0,54.1,3.86,0.366,0.116,4.19,,,Ⅲ
2021-11-28T16:00:00+08:00,1638086400,13.7,7.46,6.92,530.0,55.8,3.86,0.406,0.119,4.25,,,Ⅲ
2021-11-28T20:00:00+08:00,1638100800,13.8,7.44,6.78,534.0,57.6,3.66,0.415,0.122,4.32,,,Ⅲ
2021-11-29T04:00:00+08:00,1638129600,13.8,7.44,6.74,511.0,50.6,3.76,0.435,0.12,4.28,,,Ⅲ
2021-11-29T08:00:00+08:00,1638144000,13.7,7.44,6.79,530.0,53.9,3.99,0.412,0.122,4.31,,,Ⅲ
2021-11-29T12:00:00+08:00,1638158400,14.0,7.46,6.89,532.0,105.5,4.34,0.399,0.141,4.62,,,Ⅲ
2021-11-30T04:00:00+08:00,1638216000,14.2,7.46,6.79,531.0,50.9,3.68,0.396,0.116,4.24,,,Ⅲ
2021-11-30T12:00:00+08:00,1638244800,14.4,7.54,7.37,528.0,57.5,3.97,0.354,0.124,4.33,,,Ⅲ
2021-11-30T16:00:00+08:00,1638259200,14.0,7.52,7.2,531.0,71.0,3.9,0.362,0.119,4.37,,,Ⅲ
2021-11-30T20:00:00+08:00,1638273600,13.7,7.52,7.41,503.0,63.9,3.79,,0.123,4.36,,,
2021-12-01T04:00:00+08:00,1638302400,13.3,7.51,7.29,532.0,40.5,3.6,0.344,0.115,4.19,,,Ⅲ
2021-12-01T12:00:00+08:00,1638331200,13.1,7.57,7.79,529.0,54.1,3.93,0.364,0.118,4.28,,,Ⅲ
2021-12-01T16:00:00+08:00,1638345600,13.0,7.49,7.73,531.0,47.7,4.02,0.387,0.12,4.33,,,Ⅲ
2021-12-01T20:00:00+08:00,1638360000,12.8,7.53,7.68,528.0,54.5,4.12,0.363,0.129,4.37,,,Ⅲ
2021-12-02T04:00:00+08:00,1638388800,12.5,7.53,7.73,532.0,45.4,3.66,0.361,0.125,4.26,,,Ⅲ
2021-12-02T08:00:00+08:00,1638403200,12.1,7.53,7.86,535.0,51.0,3.95,0.373,0.13,4.39,,,Ⅲ
2021-12-03T12:00:00+08:00,1638504000,11.6,7.54,7.96,540.0,47.4,3.83,0.348,0.124,4.34,,,Ⅲ
2021-12-07T12:00:00+08:00,1638849600,12.0,7.49,7.86,555.0,48.2,4.09,0.289,0.117,4.41,,,Ⅲ
2021-12-07T16:00:00+08:00,1638864000,12.2,7.49,7.81,555.0,37.6,4.07,0.288,0.112,4.3,,,Ⅲ
2021-12-08T04:00:00+08:00,1638907200,11.8,7.47,7.81,556.0,37.8,3.62,0.276,0.103,4.25,,,Ⅲ
2021-12-08T08:00:00+08:00,1638921600,11.7,7.47,7.92,558.0,32.3,4.03,0.259,0.109,4.24,,,Ⅲ
2021-12-08T16:00:00+08:00,1638950400,12.2,7.49,7.79,558.0,36.2,4.02,0.274,0.109,4.34,,,Ⅲ
2021-12-08T20:00:00+08:00,1638964800,12.1,7.49,7.98,559.0,45.7,3.88,0.263,0.111,4.33,,,Ⅲ
2021-12-09T04:00:00+08:00,1638993600,12.0,7.47,7.74,558.0,39.3,3.7,0.284,0.109,4.23,,,Ⅲ
2021-12-09T08:00:00+08:00,1639008000,12.0,7.47,7.82,561.0,35.2,4.13,0.254,0.106,4.17,,,Ⅲ
2021-12-09T12:00:00+08:00,1639022400,12.3,7.39,7.68,561.0,64.7,4.02,0.288,0.116,4.4,,,Ⅲ
2021-12-10T08:00:00+08:00,1639094400,12.1,7.37,7.53,563.0,39.4,3.9,0.294,0.106,4.34,,,Ⅲ
2021-12-10T12:00:00+08:00,1639108800,12.5,7.39,7.7,562.0,107.7,4.67,0.341,0.159,4.9,,,Ⅲ
2021-12-14T04:00:00+08:00,1639425600,11.8,7.37,7.81,568.0,36.9,3.93,0.288,0.105,4.28,,,Ⅲ
2021-12-14T12:00:00+08:00,1639454400,11.6,7.38,7.77,567.0,34.1,3.8,0.295,0.103,4.25,,,Ⅲ
2021-12-14T16:00:00+08:00,1639468800,11.6,7.4,7.84,570.0,44.5,3.94,0.295,0.104,4.38,,,Ⅲ
2021-12-14T20:00:00+08:00,1639483200,11.4,7.38,7.81,568.0,49.2,4.05,0.305,0.112,4.38,,,Ⅲ
2021-12-15T04:00:00+08:00,1639512000,11.3,7.36,7.79,570.0,56.4,4.09,0.303,0.114,4.36,,,Ⅲ
2021-12-21T08:00:00+08:00,1640044800,10.0,7.32,7.84,586.0,45.1,3.83,0.3,0.108,4.34,,,Ⅲ
2021-12-21T12:00:00+08:00,1640059200,10.4,7.32,7.8,582.0,53.1,3.68,0.317,0.112,4.45,,,Ⅲ
2021-12-22T04:00:00+08:00,1640116800,10.1,7.3,7.75,586.0,47.0,3.52,0.3,0.104,4.39,,,Ⅲ
2021-12-22T12:00:00+08:00,1640145600,10.5,7.26,7.7,586.0,54.8,3.78,0.298,0.113,4.5,,,Ⅲ
2021-12-22T16:00:00+08:00,1640160000,10.8,7.3,7.66,587.0,44.9,3.6,0.296,0.111,4.42,,,Ⅲ
2021-12-22T20:00:00+08:00,1640174400,10.4,7.3,7.85,590.0,40.8,3.44,0.276,0.102,4.37,,,Ⅲ
2021-12-23T00:00:00+08:00,1640188800,10.3,7.3,7.82,590.0,42.2,3.7,0.275,0.11,4.35,,,Ⅲ
2021-12-23T04:00:00+08:00,1640203200,10.2,7.3,7.61,592.0,35.6,3.56,0.29,0.102,4.3,,,Ⅲ
2021-12-23T08:00:00+08:00,1640217600,10.1,7.3,7.73,591.0,31.1,3.67,0.262,0.098,4.26,,,Ⅱ
2021-12-23T12:00:00+08:00,1640232000,10.7,7.32,7.66,589.0,55.0,3.74,0.292,0.113,4.48,,,Ⅲ
2021-12-23T16:00:00+08:00,1640246400,11.0,7.34,7.63,593.0,41.1,3.79,0.288,0.102,4.45,,,Ⅲ
2021-12-23T20:00:00+08:00,1640260800,10.7,7.32,7.82,592.0,42.2,3.55,0.27,0.105,4.4,,,Ⅲ
2021-12-24T00:00:00+08:00,1640275200,10.7,7.34,7.91,593.0,44.3,3.83,0.273,0.105,4.41,,,Ⅲ
2021-12-24T12:00:00+08:00,1640318400,11.2,7.32,7.68,596.0,39.7,3.48,0.275,0.107,4.35,,,Ⅲ
2021-12-27T12:00:00+08:00,1640577600,8.2,7.37,8.53,603.0,42.8,3.7,0.444,0.073,4.41,,,Ⅱ
2021-12-27T16:00:00+08:00,1640592000,8.0,7.37,8.8,600.0,52.0,3.74,0.393,0.105,4.42,,,Ⅲ
2021-12-27T20:00:00+08:00,1640606400,7.8,7.37,8.82,600.0,38.0,3.71,0.383,0.104,4.37,,,Ⅲ
2021-12-28T00:00:00+08:00,1640620800,7.7,7.37,8.81,601.0,42.5,3.69,0.379,0.104,4.4,,,Ⅲ
2021-12-28T04:00:00+08:00,1640635200,7.6,7.35,8.81,599.0,43.6,3.67,0.37,0.1,4.33,,,Ⅱ
2021-12-28T12:00:00+08:00,1640664000,7.5,7.35,8.83,603.0,45.2,3.99,0.38,0.102,4.38,,,Ⅲ
2021-12-30T08:00:00+08:00,1640822400,7.2,7.32,8.78,609.0,57.8,4.14,0.4,0.108,4.49,,,Ⅲ
2022-01-11T04:00:00+08:00,1641844800,8.6,7.25,8.2,632.0,42.0,3.56,0.431,0.105,4.57,,,Ⅲ
2022-01-11T08:00:00+08:00,1641859200,8.5,7.25,8.21,633.0,37.9,3.89,0.409,0.097,4.45,,,Ⅱ
2022-01-11T12:00:00+08:00,1641873600,8.8,7.33,8.95,632.0,34.9,3.65,0.38,0.078,4.51,,,Ⅱ
2022-01-12T04:00:00+08:00,1641931200,8.7,7.77,8.67,630.0,38.2,3.86,0.412,0.107,4.49,,,Ⅲ
2022-01-12T08:00:00+08:00,1641945600,8.3,7.77,8.81,633.0,39.4,4.08,0.41,0.098,4.57,,,Ⅲ
2022-01-12T12:00:00+08:00,1641960000,8.6,7.77,9.17,638.0,52.1,4.0,0.421,0.106,4.64,,,Ⅲ
2022-01-14T12:00:00+08:00,1642132800,8.1,7.85,9.62,636.0,42.2,3.77,0.415,0.099,4.6,,,Ⅱ
2022-01-14T16:00:00+08:00,1642147200,7.8,7.81,9.22,635.0,43.3,3.82,0.411,0.099,4.54,,,Ⅱ
2022-01-19T04:00:00+08:00,1642536000,8.9,7.74,9.1,648.0,43.0,3.22,0.375,0.104,4.65,,,Ⅲ
2022-01-19T08:00:00+08:00,1642550400,8.9,7.76,9.18,654.0,47.9,3.73,0.378,0.093,4.69,,,Ⅱ
2022-01-19T16:00:00+08:00,1642579200,9.5,7.81,9.46,648.0,57.8,3.64,0.386,0.109,4.77,,,Ⅲ
2022-01-19T20:00:00+08:00,1642593600,9.0,7.79,10.6,650.0,60.3,3.63,0.338,0.114,4.7,,,Ⅲ
2022-01-20T04:00:00+08:00,1642622400,9.0,7.78,8.97,644.0,39.6,3.27,0.365,0.095,4.6,,,Ⅱ
2022-01-20T08:00:00+08:00,1642636800,9.0,7.85,9.15,648.0,47.5,3.7,0.362,0.107,4.62,,,Ⅲ
2022-01-20T16:00:00+08:00,1642665600,9.2,7.83,9.3,648.0,46.0,3.57,0.353,0.101,4.64,,,Ⅱ
2022-01-20T20:00:00+08:00,1642680000,9.0,7.85,9.14,650.0,53.3,3.44,0.354,0.097,4.68,,,Ⅲ
2022-01-21T00:00:00+08:00,1642694400,9.0,7.81,9.11,641.0,45.0,3.31,0.353,0.1,4.67,,,Ⅲ
2022-01-21T08:00:00+08:00,1642723200,9.0,7.81,9.06,649.0,45.3,3.55,0.331,0.099,4.58,,,Ⅱ
2022-01-21T12:00:00+08:00,1642737600,9.0,7.81,9.16,647.0,49.8,3.25,0.34,0.099,4.66,,,Ⅱ
2022-02-10T08:00:00+08:00,1644451200,7.4,7.54,8.02,569.0,21.7,4.68,0.815,0.165,7.48,,,Ⅲ
2022-02-10T12:00:00+08:00,1644465600,7.6,7.56,8.07,573.0,28.8,4.72,0.824,0.169,7.53,,,Ⅲ
2022-02-11T08:00:00+08:00,1644537600,7.6,7.52,7.89,576.0,28.1,4.79,0.823,0.172,7.42,,,Ⅲ
2022-02-11T16:00:00+08:00,1644566400,7.8,7.54,7.95,577.0,25.7,4.33,0.813,0.166,7.57,,,Ⅲ
2022-02-11T20:00:00+08:00,1644580800,7.7,7.54,7.88,576.0,25.4,4.27,0.819,0.166,7.45,,,Ⅲ
2022-02-12T04:00:00+08:00,1644609600,7.7,7.52,7.99,573.0,23.7,4.43,0.811,0.163,7.46,,,Ⅲ
2022-02-12T16:00:00+08:00,1644652800,7.8,7.54,7.91,577.0,24.3,4.4,0.813,0.168,7.53,,,Ⅲ
2022-02-12T20:00:00+08:00,1644667200,7.8,7.54,7.73,575.0,25.2,4.59,0.78,0.166,7.51,,,Ⅲ
2022-02-13T04:00:00+08:00,1644696000,7.8,7.5,7.57,562.0,21.5,4.32,0.773,0.167,7.47,,,Ⅲ
2022-02-13T08:00:00+08:00,1644710400,7.8,7.52,7.64,571.0,28.3,4.76,0.784,0.164,7.45,,,Ⅲ
2022-02-13T12:00:00+08:00,1644724800,8.0,7.52,7.83,570.0,23.3,4.33,0.784,0.168,7.46,,,Ⅲ
2022-02-13T16:00:00+08:00,1644739200,7.9,7.52,9.23,574.0,39.4,4.62,0.795,0.175,7.67,,,Ⅲ
2022-02-13T20:00:00+08:00,1644753600,7.9,7.52,7.68,577.0,22.2,4.53,0.772,0.163,6.66,,,Ⅲ
2022-02-14T04:00:00+08:00,1644782400,7.8,7.52,7.44,574.0,25.7,4.3,0.759,0.162,7.48,,,Ⅲ
2022-02-18T04:00:00+08:00,1645128000,7.6,7.58,7.69,530.0,22.8,4.14,0.704,0.142,7.13,,,Ⅲ
2022-02-18T08:00:00+08:00,1645142400,7.6,7.58,7.59,617.0,30.3,4.7,0.718,0.152,7.31,,,Ⅲ
2022-02-18T12:00:00+08:00,1645156800,7.6,7.6,7.85,609.0,28.9,4.28,0.7,0.149,7.36,,,Ⅲ
2022-02-18T16:00:00+08:00,1645171200,7.6,7.62,8.64,610.0,23.4,4.26,0.666,0.146,7.21,,,Ⅲ
2022-02-18T20:00:00+08:00,1645185600,7.6,7.62,9.39,616.0,23.3,4.22,0.679,0.15,7.21,,,Ⅲ
2022-02-19T00:00:00+08:00,1645200000,7.5,7.62,9.22,612.0,22.6,4.33,0.672,0.145,7.17,,,Ⅲ
2022-02-19T04:00:00+08:00,1645214400,7.3,7.6,8.12,604.0,18.9,4.21,0.663,0.139,7.01,,,Ⅲ
2022-02-22T08:00:00+08:00,1645488000,7.5,7.66,9.48,593.0,21.3,4.45,0.621,0.154,6.7,,,Ⅲ
2022-02-22T12:00:00+08:00,1645502400,7.8,7.67,9.87,591.0,21.1,4.35,0.617,0.154,6.73,,,Ⅲ
2022-02-22T16:00:00+08:00,1645516800,8.0,7.69,9.15,589.0,22.4,4.26,0.593,0.149,6.7,,,Ⅲ
2022-02-22T20:00:00+08:00,1645531200,7.9,7.67,9.92,591.0,21.2,4.31,0.595,0.154,6.74,,,Ⅲ
2022-02-23T00:00:00+08:00,1645545600,7.8,7.67,9.61,589.0,22.3,4.29,0.563,0.152,6.72,,,Ⅲ
2022-02-23T04:00:00+08:00,1645560000,7.8,7.67,9.51,585.0,23.2,4.19,0.562,0.146,6.6,,,Ⅲ
2022-02-23T12:00:00+08:00,1645588800,8.1,7.76,8.87,585.0,26.6,4.26,0.584,0.153,6.7,,,Ⅲ
2022-02-23T16:00:00+08:00,1645603200,8.3,7.69,8.82,580.0,22.1,4.49,0.57,0.15,6.65,,,Ⅲ
2022-03-01T08:00:00+08:00,1646092800,12.1,7.76,8.78,561.0,33.3,4.69,0.331,0.127,6.08,,,Ⅲ
2022-03-01T12:00:00+08:00,1646107200,12.9,7.78,8.8,561.0,41.1,4.32,0.325,0.126,6.13,,,Ⅲ
2022-03-01T16:00:00+08:00,1646121600,13.1,7.8,8.76,563.0,38.9,4.21,0.331,0.123,6.14,,,Ⅲ
2022-03-02T04:00:00+08:00,1646164800,12.6,7.76,8.47,562.0,33.1,4.31,0.312,0.12,6.12,,,Ⅲ
2022-03-07T08:00:00+08:00,1646611200,13.8,7.81,8.01,554.0,29.3,4.32,0.206,0.106,5.72,,,Ⅲ
2022-03-07T12:00:00+08:00,1646625600,14.2,7.83,8.12,553.0,33.2,4.15,0.205,0.104,5.66,,,Ⅲ
2022-03-08T04:00:00+08:00,1646683200,14.1,7.81,7.99,551.0,37.4,3.99,0.222,0.101,5.57,,,Ⅲ
2022-03-08T08:00:00+08:00,1646697600,13.9,7.81,7.96,554.0,33.3,4.18,0.218,0.102,4.76,,,Ⅲ
2022-03-08T12:00:00+08:00,1646712000,14.6,7.84,8.07,553.0,36.7,4.21,0.197,0.101,5.61,,,Ⅲ
2022-03-08T16:00:00+08:00,1646726400,15.1,7.84,8.07,549.0,39.7,4.05,0.214,0.107,5.58,,,Ⅲ
2022-03-08T20:00:00+08:00,1646740800,14.7,7.81,7.94,549.0,28.4,4.09,0.19,0.1,5.56,,,Ⅲ
2022-03-09T00:00:00+08:00,1646755200,14.8,7.81,7.87,551.0,33.1,3.79,0.196,0.099,5.58,,,Ⅱ
2022-03-09T04:00:00+08:00,1646769600,14.6,7.81,7.94,549.0,43.5,3.85,0.204,0.101,5.5,,,Ⅲ
2022-03-09T08:00:00+08:00,1646784000,14.4,7.81,7.89,551.0,32.7,4.16,0.205,0.097,5.41,,,Ⅲ
2022-03-09T12:00:00+08:00,1646798400,15.1,7.82,7.9,552.0,73.8,4.35,0.231,0.118,5.87,,,Ⅲ
2022-03-10T04:00:00+08:00,1646856000,15.2,7.82,7.83,548.0,41.2,4.08,0.205,0.098,5.49,,,Ⅲ
2022-03-10T08:00:00+08:00,1646870400,15.1,7.82,7.82,550.0,24.2,4.14,0.181,0.094,5.35,,,Ⅲ
2022-03-10T12:00:00+08:00,1646884800,15.6,7.79,7.85,552.0,31.9,3.98,0.177,0.092,5.4,,,Ⅱ
2022-03-11T04:00:00+08:00,1646942400,15.8,7.8,7.66,546.0,38.5,3.94,0.185,0.098,5.36,,,Ⅱ
2022-03-11T08:00:00+08:00,1646956800,15.9,7.8,7.69,546.0,29.9,4.43,0.158,0.09,5.2,,,Ⅲ
2022-03-11T12:00:00+08:00,1646971200,16.6,7.83,7.8,548.0,25.8,3.86,0.174,0.088,5.2,,,Ⅱ
2022-03-11T16:00:00+08:00,1646985600,16.8,7.82,7.76,547.0,33.4,4.16,0.175,0.09,5.28,,,Ⅲ
2022-03-12T16:00:00+08:00,1647072000,17.8,7.81,7.45,548.0,33.8,4.11,0.164,0.091,5.26,,,Ⅲ
2022-03-12T20:00:00+08:00,1647086400,17.9,7.79,7.27,547.0,34.4,4.04,0.184,0.094,5.22,,,Ⅲ
2022-03-13T04:00:00+08:00,1647115200,18.0,7.77,7.18,545.0,46.5,3.99,0.189,0.096,5.31,,,Ⅱ
2022-03-13T08:00:00+08:00,1647129600,18.2,7.79,7.18,544.0,41.1,4.39,0.184,0.095,5.14,,,Ⅲ
2022-03-13T12:00:00+08:00,1647144000,18.8,7.84,7.42,544.0,30.1,4.15,0.155,0.09,5.12,,,Ⅲ
2022-03-13T16:00:00+08:00,1647158400,19.0,7.79,7.06,546.0,31.3,4.28,0.166,0.087,5.17,,,Ⅲ
2022-03-13T20:00:00+08:00,1647172800,18.8,7.77,6.87,545.0,27.2,4.11,0.166,0.087,5.1,,,Ⅲ
2022-03-14T04:00:00+08:00,1647201600,19.0,7.75,6.67,545.0,25.8,3.74,0.16,0.085,5.04,,,Ⅱ
2022-03-14T12:00:00+08:00,1647230400,20.1,7.78,6.79,544.0,43.7,4.31,0.172,0.094,5.16,,,Ⅲ
2022-03-15T08:00:00+08:00,1647302400,19.4,7.73,6.17,546.0,31.8,4.18,0.175,0.1,5.1,,,Ⅲ
2022-03-15T16:00:00+08:00,1647331200,20.1,7.76,6.19,547.0,40.1,4.19,0.176,0.095,5.17,,,Ⅲ
2022-03-15T20:00:00+08:00,1647345600,19.8,7.73,6.06,547.0,31.5,4.12,0.175,0.096,5.05,,,Ⅲ
2022-03-16T00:00:00+08:00,1647360000,19.7,7.73,5.93,546.0,53.3,4.26,0.192,0.108,5.32,,,Ⅲ
2022-03-16T08:00:00+08:00,1647388800,19.6,7.73,5.94,544.0,37.3,4.39,0.168,0.094,5.11,,,Ⅲ
2022-03-16T12:00:00+08:00,1647403200,20.2,7.75,6.0,545.0,42.8,4.22,0.188,0.102,5.17,,,Ⅲ
2022-03-16T16:00:00+08:00,1647417600,20.5,7.76,5.95,547.0,37.0,4.25,0.17,0.096,5.1,,,Ⅲ
2022-03-16T20:00:00+08:00,1647432000,20.2,7.73,5.81,548.0,26.2,3.88,0.17,0.076,5.08,,,Ⅲ
2022-03-17T00:00:00+08:00,1647446400,20.2,7.73,5.77,546.0,39.9,4.19,0.19,0.1,5.09,,,Ⅲ
2022-03-17T04:00:00+08:00,1647460800,20.1,7.71,5.59,548.0,42.0,4.16,0.2,0.102,5.2,,,Ⅲ
2022-03-17T08:00:00+08:00,1647475200,20.1,7.71,5.64,549.0,61.5,4.4,0.208,0.101,5.26,,,Ⅲ
2022-03-17T12:00:00+08:00,1647489600,20.1,7.73,5.82,543.0,34.7,4.15,0.183,0.098,5.06,,,Ⅲ
2022-03-17T16:00:00+08:00,1647504000,20.1,7.71,5.62,543.0,70.5,4.55,0.222,0.111,5.3,,,Ⅲ
2022-03-18T08:00:00+08:00,1647561600,18.8,7.75,5.72,551.0,92.4,,0.282,0.123,5.66,,,
2022-03-18T12:00:00+08:00,1647576000,18.4,7.72,5.81,538.0,50.9,4.88,0.201,,,,,
2022-03-18T16:00:00+08:00,1647590400,18.3,7.54,6.0,543.0,85.1,4.11,0.211,0.123,5.13,,,Ⅲ
2022-03-23T08:00:00+08:00,1647993600,12.9,7.4,6.59,491.0,61.7,5.12,0.427,0.181,5.93,,,Ⅲ
2022-03-24T12:00:00+08:00,1648094400,13.6,7.34,6.29,485.0,39.6,4.91,0.417,0.173,5.59,,,Ⅲ
2022-03-24T16:00:00+08:00,1648108800,14.1,7.34,6.71,482.0,44.2,4.79,0.415,0.171,5.62,,,Ⅲ
2022-03-24T20:00:00+08:00,1648123200,14.1,7.36,6.36,484.0,31.1,4.79,0.42,0.168,5.47,,,Ⅲ
2022-03-25T00:00:00+08:00,1648137600,14.2,7.34,6.46,481.0,52.1,4.68,0.411,0.173,5.66,,,Ⅲ
2022-03-25T04:00:00+08:00,1648152000,14.3,7.36,6.58,484.0,47.5,4.87,0.392,0.166,5.58,,,Ⅲ
2022-03-25T08:00:00+08:00,1648166400,14.4,7.38,6.41,482.0,47.1,5.24,0.385,0.166,5.59,,,Ⅲ
2022-03-25T16:00:00+08:00,1648195200,14.9,7.25,5.91,480.0,38.1,4.99,0.548,0.178,5.74,,,Ⅲ
2022-03-25T20:00:00+08:00,1648209600,15.1,7.27,6.13,475.0,38.2,5.14,0.424,0.165,5.51,,,Ⅲ
2022-03-26T00:00:00+08:00,1648224000,15.2,7.21,5.99,398.0,36.7,5.11,0.394,0.172,5.52,,,Ⅲ
2022-03-26T04:00:00+08:00,1648238400,15.3,7.23,5.94,480.0,42.7,4.74,0.4,0.167,5.44,,,Ⅲ
2022-03-26T08:00:00+08:00,1648252800,15.4,7.23,5.88,479.0,32.3,5.14,0.358,0.167,5.47,,,Ⅲ
2022-03-26T12:00:00+08:00,1648267200,15.7,7.23,5.88,483.0,42.1,4.66,0.387,0.164,5.48,,,Ⅲ
2022-03-26T16:00:00+08:00,1648281600,15.9,7.23,5.8,481.0,38.7,4.74,0.373,0.168,5.47,,,Ⅲ
2022-03-26T20:00:00+08:00,1648296000,15.9,7.25,6.01,481.0,42.7,4.9,0.5,0.178,5.39,,,Ⅲ
2022-03-27T00:00:00+08:00,1648310400,15.8,7.23,6.08,482.0,30.8,4.68,0.469,0.171,5.33,,,Ⅲ
2022-03-27T04:00:00+08:00,1648324800,15.8,7.21,5.63,483.0,37.3,4.19,0.477,0.174,5.27,,,Ⅲ
2022-03-27T08:00:00+08:00,1648339200,15.7,7.19,5.32,486.0,38.5,4.3,0.612,0.185,5.35,,,Ⅲ
2022-03-27T12:00:00+08:00,1648353600,16.0,7.23,5.51,486.0,33.7,,0.591,0.176,5.35,,,
2022-03-27T16:00:00+08:00,1648368000,16.0,7.19,5.49,487.0,41.4,4.33,0.619,0.179,5.43,,,Ⅲ
2022-03-27T20:00:00+08:00,1648382400,16.0,7.21,5.82,484.0,44.8,4.44,0.609,0.185,5.47,,,Ⅲ
2022-03-28T00:00:00+08:00,1648396800,15.9,7.17,5.59,487.0,34.3,4.36,0.615,0.178,5.33,,,Ⅲ
2022-03-28T08:00:00+08:00,1648425600,15.5,7.17,5.08,486.0,39.5,4.22,0.666,0.185,5.32,,,Ⅲ
2022-03-28T12:00:00+08:00,1648440000,15.6,7.19,5.45,483.0,30.9,3.99,0.638,0.18,5.23,,,Ⅲ
2022-03-28T16:00:00+08:00,1648454400,15.9,7.23,5.12,486.0,29.8,4.01,0.631,0.18,5.35,,,Ⅲ
2022-03-28T20:00:00+08:00,1648468800,15.7,7.17,5.01,487.0,37.6,4.14,0.719,0.191,5.49,,,Ⅲ
2022-03-29T04:00:00+08:00,1648497600,15.3,7.17,5.02,483.0,29.3,4.26,0.56,0.175,5.33,,,Ⅲ
2022-03-29T12:00:00+08:00,1648526400,16.1,7.17,4.81,484.0,36.8,4.4,0.516,0.176,5.34,,,Ⅳ
2022-03-29T20:00:00+08:00,1648555200,16.0,7.19,5.08,484.0,46.1,4.35,0.532,0.18,5.53,,,Ⅲ
2022-03-30T04:00:00+08:00,1648584000,15.8,7.17,5.01,485.0,33.1,4.23,0.48,0.168,5.36,,,Ⅲ
2022-03-30T12:00:00+08:00,1648612800,16.7,7.19,4.96,484.0,56.2,4.43,0.552,0.174,5.5,,,Ⅳ
2022-03-30T16:00:00+08:00,1648627200,17.1,7.23,4.94,486.0,60.7,4.54,0.48,0.179,5.52,,,Ⅳ
2022-03-30T20:00:00+08:00,1648641600,16.9,7.23,5.17,484.0,35.2,4.41,0.457,0.163,5.37,,,Ⅲ
2022-03-31T04:00:00+08:00,1648670400,16.9,7.15,4.65,486.0,40.3,4.23,0.464,0.165,5.33,,,Ⅳ
2022-03-31T08:00:00+08:00,1648684800,16.9,7.15,4.68,485.0,42.4,4.3,0.457,0.162,5.35,,,Ⅳ
2022-03-31T12:00:00+08:00,1648699200,17.2,7.17,4.76,485.0,59.3,4.37,0.436,0.178,5.47,,,Ⅳ
2022-03-31T16:00:00+08:00,1648713600,17.0,7.17,4.84,483.0,57.8,4.49,0.362,0.173,5.53,,,Ⅳ
2022-03-31T20:00:00+08:00,1648728000,16.8,7.17,4.81,487.0,38.2,4.52,0.425,0.164,5.42,,,Ⅳ
2022-04-01T04:00:00+08:00,1648756800,16.5,7.17,4.81,486.0,54.3,4.39,0.425,0.163,5.4,,,Ⅳ
2022-04-01T12:00:00+08:00,1648785600,16.5,7.33,5.43,486.0,48.5,4.46,0.426,0.163,5.39,,,Ⅳ
2022-04-01T16:00:00+08:00,1648800000,16.6,7.21,5.19,486.0,45.4,4.33,0.422,0.165,5.35,,,Ⅲ
2022-04-01T20:00:00+08:00,1648814400,16.5,7.19,5.29,485.0,40.0,4.36,0.318,0.16,5.4,,,Ⅲ
2022-04-02T04:00:00+08:00,1648843200,15.8,7.25,5.57,488.0,37.6,4.27,0.414,0.167,5.33,,,Ⅲ
2022-04-02T12:00:00+08:00,1648872000,16.2,7.25,5.62,490.0,38.7,4.24,0.42,0.168,5.37,,,Ⅲ
2022-04-02T16:00:00+08:00,1648886400,16.6,7.23,5.8,489.0,22.9,4.02,0.409,0.15,5.18,,,Ⅲ
2022-04-02T20:00:00+08:00,1648900800,16.3,7.21,5.5,489.0,28.6,4.02,0.365,0.158,5.24,,,Ⅲ
2022-04-03T00:00:00+08:00,1648915200,16.2,7.25,5.47,487.0,32.4,4.15,0.32,0.162,5.28,,,Ⅲ
2022-04-03T04:00:00+08:00,1648929600,16.0,7.27,5.52,488.0,32.6,4.24,0.397,0.153,5.19,,,Ⅲ
2022-04-03T08:00:00+08:00,1648944000,16.0,7.25,5.57,489.0,21.6,4.15,0.343,0.146,5.14,,,Ⅲ
2022-04-03T12:00:00+08:00,1648958400,16.6,7.23,5.67,490.0,30.0,4.07,0.368,0.149,5.17,,,Ⅲ
2022-04-03T16:00:00+08:00,1648972800,17.2,7.26,5.93,490.0,18.5,4.02,0.27,0.14,5.0,,,Ⅲ
2022-04-03T20:00:00+08:00,1648987200,16.7,7.25,5.62,490.0,17.1,4.05,0.37,0.142,5.07,,,Ⅲ
2022-04-04T00:00:00+08:00,1649001600,16.7,7.27,5.64,488.0,25.6,4.15,0.34,0.145,5.07,,,Ⅲ
2022-04-04T04:00:00+08:00,1649016000,16.4,7.27,5.81,488.0,19.2,4.08,0.348,0.14,5.05,,,Ⅲ
2022-04-04T08:00:00+08:00,1649030400,16.5,7.23,5.72,488.0,11.8,4.03,0.309,0.143,4.99,,,Ⅲ
2022-04-04T12:00:00+08:00,1649044800,17.1,7.28,6.01,487.0,26.8,4.05,0.216,0.148,5.11,,,Ⅲ
2022-04-04T16:00:00+08:00,1649059200,17.4,7.28,6.2,488.0,13.0,3.94,0.3,0.138,4.93,,,Ⅲ
2022-04-04T20:00:00+08:00,1649073600,17.2,7.25,6.05,488.0,11.2,4.05,0.279,0.132,4.97,,,Ⅲ
2022-04-05T00:00:00+08:00,1649088000,17.3,7.26,6.11,486.0,16.6,3.9,0.253,0.146,5.04,,,Ⅲ
2022-04-05T04:00:00+08:00,1649102400,17.1,7.28,6.12,487.0,12.0,3.82,0.295,0.133,4.85,,,Ⅲ
2022-04-05T08:00:00+08:00,1649116800,17.1,7.26,5.93,488.0,12.6,3.82,0.277,0.138,4.94,,,Ⅲ
2022-04-05T12:00:00+08:00,1649131200,17.2,7.32,7.02,486.0,22.6,4.15,0.281,0.005,5.03,,,Ⅲ
2022-04-05T16:00:00+08:00,1649145600,17.2,7.3,6.31,485.0,13.2,3.97,0.274,0.005,4.89,,,Ⅱ
2022-04-05T20:00:00+08:00,1649160000,17.1,7.28,6.09,486.0,7.0,3.97,0.277,0.005,4.9,,,Ⅱ
2022-04-06T00:00:00+08:00,1649174400,16.9,7.3,6.1,488.0,13.0,3.85,0.264,0.005,4.85,,,Ⅱ
2022-04-06T04:00:00+08:00,1649188800,16.6,7.29,6.27,487.0,10.5,3.93,0.27,0.005,4.76,,,Ⅱ
2022-04-06T08:00:00+08:00,1649203200,16.8,7.29,6.16,488.0,8.0,3.81,0.257,,4.83,,,
2022-04-06T16:00:00+08:00,1649232000,17.5,7.4,6.88,489.0,33.8,4.16,0.228,0.131,4.84,,,Ⅲ
2022-04-07T04:00:00+08:00,1649275200,17.4,7.32,6.62,486.0,33.3,4.01,0.222,0.124,4.73,,,Ⅲ
2022-04-07T08:00:00+08:00,1649289600,17.4,7.32,6.59,488.0,20.0,4.1,0.206,0.122,4.72,,,Ⅲ
2022-04-07T12:00:00+08:00,1649304000,18.1,7.38,6.57,488.0,23.2,4.05,0.202,0.123,4.71,,,Ⅲ
2022-04-07T16:00:00+08:00,1649318400,18.7,7.39,7.0,486.0,30.4,4.24,0.18,0.111,4.69,,,Ⅲ
2022-04-07T20:00:00+08:00,1649332800,18.5,7.37,6.91,487.0,13.3,4.16,0.171,0.114,4.56,,,Ⅲ
2022-04-08T00:00:00+08:00,1649347200,18.7,7.37,6.91,483.0,16.9,3.94,0.184,0.12,4.61,,,Ⅲ
2022-04-08T04:00:00+08:00,1649361600,18.5,7.39,6.83,483.0,26.0,3.97,0.187,0.121,4.59,,,Ⅲ
2022-04-08T08:00:00+08:00,1649376000,18.6,7.41,6.93,482.0,12.5,4.01,0.166,0.113,4.52,,,Ⅲ
2022-04-08T12:00:00+08:00,1649390400,19.3,7.43,7.04,483.0,15.6,4.05,0.139,0.113,4.54,,,Ⅲ
2022-04-08T16:00:00+08:00,1649404800,19.9,7.5,7.26,483.0,25.0,4.08,0.025,0.116,4.54,,,Ⅲ
2022-04-08T20:00:00+08:00,1649419200,19.8,7.48,7.18,482.0,11.8,4.1,0.148,0.108,4.47,,,Ⅲ
2022-04-09T00:00:00+08:00,1649433600,19.6,7.49,7.41,480.0,22.2,3.9,0.138,0.109,4.44,,,Ⅲ
2022-04-09T04:00:00+08:00,1649448000,19.5,7.51,7.49,479.0,25.9,4.07,0.141,0.117,4.44,,,Ⅲ
2022-04-09T08:00:00+08:00,1649462400,19.5,7.54,7.62,479.0,7.7,4.18,0.117,0.112,4.29,,,Ⅲ
2022-04-09T16:00:00+08:00,1649491200,20.6,7.65,7.74,480.0,28.2,4.37,0.105,0.11,4.42,,,Ⅲ
2022-04-09T20:00:00+08:00,1649505600,20.6,7.6,7.59,476.0,24.6,4.12,0.115,0.108,4.48,,,Ⅲ
2022-04-10T00:00:00+08:00,1649520000,20.5,7.64,7.73,475.0,22.2,4.14,0.114,0.106,4.34,,,Ⅲ
2022-04-10T04:00:00+08:00,1649534400,20.4,7.58,7.56,473.0,23.6,4.1,0.107,0.103,4.32,,,Ⅲ
2022-04-10T12:00:00+08:00,1649563200,21.1,7.65,7.63,475.0,11.7,3.98,0.101,0.102,4.27,,,Ⅲ
2022-04-10T16:00:00+08:00,1649577600,21.1,7.59,7.59,475.0,19.0,4.02,0.111,0.1,4.27,,,Ⅲ
2022-04-10T20:00:00+08:00,1649592000,21.2,7.67,7.56,476.0,24.6,4.06,0.115,0.104,4.31,,,Ⅲ
2022-04-11T00:00:00+08:00,1649606400,21.2,7.61,7.5,421.0,15.9,4.22,0.089,0.103,4.24,,,Ⅲ
2022-04-11T04:00:00+08:00,1649620800,21.1,7.61,7.39,472.0,15.7,4.03,0.066,0.101,4.21,,,Ⅲ
2022-04-11T08:00:00+08:00,1649635200,21.1,7.59,7.3,470.0,12.3,4.18,,0.101,4.08,,,
2022-04-11T12:00:00+08:00,1649649600,21.5,7.61,7.42,474.0,10.3,3.81,0.106,0.096,4.08,,,Ⅱ
2022-04-11T16:00:00+08:00,1649664000,21.8,7.63,7.29,470.0,8.1,4.07,0.103,0.094,4.1,,,Ⅲ
2022-04-11T20:00:00+08:00,1649678400,21.9,7.57,6.99,472.0,17.3,4.18,0.117,0.101,4.19,,,Ⅲ
2022-04-12T00:00:00+08:00,1649692800,22.2,7.59,7.17,471.0,10.1,3.76,0.088,0.097,4.08,,,Ⅱ
2022-04-12T04:00:00+08:00,1649707200,22.1,7.59,7.11,470.0,9.9,3.88,0.084,0.096,4.0,,,Ⅱ
2022-04-12T08:00:00+08:00,1649721600,22.3,7.59,7.06,470.0,16.8,3.94,0.096,0.103,4.04,,,Ⅲ
2022-04-13T00:00:00+08:00,1649779200,23.2,7.48,6.66,472.0,8.9,3.86,0.104,0.094,4.06,,,Ⅱ
2022-04-13T04:00:00+08:00,1649793600,22.9,7.43,6.29,474.0,12.5,3.85,0.099,0.088,3.91,,,Ⅱ
2022-04-13T08:00:00+08:00,1649808000,22.8,7.45,6.24,472.0,10.5,3.72,0.091,0.091,3.94,,,Ⅱ
2022-04-13T12:00:00+08:00,1649822400,22.6,7.47,6.13,473.0,11.1,3.78,0.109,0.093,3.97,,,Ⅱ
2022-04-13T16:00:00+08:00,1649836800,22.3,7.43,6.1,469.0,12.9,3.78,0.126,0.095,4.0,,,Ⅱ
2022-04-13T20:00:00+08:00,1649851200,22.1,7.47,6.15,467.0,14.6,3.54,0.122,0.097,3.95,,,Ⅱ
2022-04-14T00:00:00+08:00,1649865600,21.2,7.4,6.09,437.0,16.9,3.97,0.173,0.119,4.19,,,Ⅲ
2022-04-14T04:00:00+08:00,1649880000,21.2,7.38,6.03,447.0,16.4,3.65,0.191,0.115,4.09,,,Ⅲ
2022-04-14T08:00:00+08:00,1649894400,20.8,7.29,5.79,431.0,19.9,4.11,0.194,0.132,4.24,,,Ⅲ
2022-04-14T12:00:00+08:00,1649908800,20.0,7.29,5.79,412.0,22.6,4.35,0.223,0.153,4.32,,,Ⅲ
2022-04-14T16:00:00+08:00,1649923200,20.4,7.27,5.79,422.0,19.3,4.37,0.208,0.147,4.33,,,Ⅲ
2022-04-15T04:00:00+08:00,1649966400,19.4,7.2,5.3,412.0,22.7,4.48,0.235,0.172,4.37,,,Ⅲ
2022-04-15T12:00:00+08:00,1649995200,19.0,7.2,5.04,408.0,27.7,4.26,0.274,0.168,4.31,,,Ⅲ
2022-04-15T16:00:00+08:00,1650009600,19.3,7.18,5.17,409.0,31.9,4.6,0.253,0.174,4.51,,,Ⅲ
2022-04-15T20:00:00+08:00,1650024000,19.0,7.18,5.05,410.0,23.9,4.18,0.248,0.176,4.44,,,Ⅲ
2022-04-16T04:00:00+08:00,1650052800,18.6,7.16,4.88,410.0,35.9,4.45,0.278,0.175,4.38,,,Ⅳ
2022-04-16T08:00:00+08:00,1650067200,18.6,7.18,4.77,410.0,20.3,4.31,0.258,0.171,4.24,,,Ⅳ
2022-04-16T12:00:00+08:00,1650081600,18.8,7.14,4.59,405.0,29.2,4.32,0.322,0.174,4.34,,,Ⅳ
2022-04-16T16:00:00+08:00,1650096000,18.9,7.18,4.54,408.0,25.2,4.36,0.29,0.173,4.32,,,Ⅳ
2022-04-16T20:00:00+08:00,1650110400,18.8,7.14,4.51,408.0,22.8,4.1,0.291,0.172,4.3,,,Ⅳ
2022-04-17T12:00:00+08:00,1650168000,19.1,6.89,5.11,408.0,55.0,4.28,0.326,0.164,4.34,,,Ⅲ
2022-04-17T20:00:00+08:00,1650196800,19.1,7.18,5.2,409.0,35.2,4.03,0.282,0.146,4.16,,,Ⅲ
2022-04-18T04:00:00+08:00,1650225600,19.1,7.18,5.15,410.0,48.7,4.22,0.302,0.164,4.24,,,Ⅲ
2022-04-18T08:00:00+08:00,1650240000,18.9,7.18,5.1,409.0,26.9,4.03,0.275,0.16,4.15,,,Ⅲ
2022-04-18T12:00:00+08:00,1650254400,19.3,7.2,4.96,409.0,47.2,4.16,0.306,0.158,4.24,,,Ⅳ
2022-04-18T16:00:00+08:00,1650268800,19.6,7.19,5.06,410.0,27.7,4.19,0.283,0.156,4.16,,,Ⅲ
2022-04-18T20:00:00+08:00,1650283200,19.4,7.2,4.75,410.0,23.5,3.86,0.392,0.157,4.13,,,Ⅳ
2022-04-19T04:00:00+08:00,1650312000,19.1,7.2,4.95,412.0,34.6,4.12,0.291,0.149,4.1,,,Ⅳ
2022-04-19T12:00:00+08:00,1650340800,19.7,7.21,5.28,412.0,38.0,4.2,0.297,0.162,4.23,,,Ⅲ
2022-04-19T16:00:00+08:00,1650355200,20.2,7.19,5.07,413.0,32.7,4.39,0.259,0.155,4.22,,,Ⅲ
2022-04-19T20:00:00+08:00,1650369600,19.8,7.19,4.97,412.0,28.5,4.15,0.295,0.146,4.25,,,Ⅳ
2022-04-20T04:00:00+08:00,1650398400,19.8,7.21,4.99,415.0,30.1,3.97,0.258,0.159,4.15,,,Ⅳ
2022-04-20T08:00:00+08:00,1650412800,19.8,7.21,5.04,412.0,30.8,3.97,,0.158,4.17,,,
2022-04-20T12:00:00+08:00,1650427200,20.4,7.23,5.12,415.0,43.3,3.99,0.247,0.162,4.2,,,Ⅲ
2022-04-20T16:00:00+08:00,1650441600,21.1,7.25,5.3,421.0,32.0,3.98,,0.161,4.18,,,
2022-04-20T20:00:00+08:00,1650456000,20.8,7.23,5.22,418.0,23.2,4.01,0.237,0.158,4.08,,,Ⅲ
2022-04-21T04:00:00+08:00,1650484800,20.7,7.25,5.39,423.0,21.4,3.82,0.355,0.154,4.14,,,Ⅲ
2022-04-21T08:00:00+08:00,1650499200,20.9,7.25,5.15,423.0,29.7,3.97,0.336,0.162,4.18,,,Ⅲ
2022-04-21T12:00:00+08:00,1650513600,21.2,7.26,5.4,423.0,30.6,3.8,0.336,0.157,4.2,,,Ⅲ
2022-04-21T16:00:00+08:00,1650528000,21.7,7.28,5.64,419.0,33.8,3.97,0.296,0.155,4.2,,,Ⅲ
2022-04-21T20:00:00+08:00,1650542400,21.5,7.28,5.76,420.0,18.2,3.65,0.266,0.144,4.04,,,Ⅲ
2022-04-22T04:00:00+08:00,1650571200,21.4,7.3,6.05,415.0,31.9,3.72,0.216,0.149,4.11,,,Ⅲ
2022-04-22T08:00:00+08:00,1650585600,21.5,7.28,5.88,417.0,48.9,4.09,0.218,0.16,4.24,,,Ⅲ
2022-04-22T12:00:00+08:00,1650600000,22.0,7.34,6.04,421.0,37.3,3.86,0.201,0.15,3.99,,,Ⅲ
2022-04-22T16:00:00+08:00,1650614400,22.3,7.34,6.2,417.0,48.5,3.95,0.189,0.142,4.1,,,Ⅲ
2022-04-22T20:00:00+08:00,1650628800,22.3,7.32,6.17,417.0,27.8,3.8,0.162,0.138,3.91,,,Ⅲ
2022-04-23T04:00:00+08:00,1650657600,22.2,7.34,6.34,418.0,43.7,4.06,0.18,0.146,4.13,,,Ⅲ
2022-04-23T08:00:00+08:00,1650672000,22.0,7.34,6.22,416.0,34.5,3.85,0.18,0.142,4.06,,,Ⅲ
2022-04-23T12:00:00+08:00,1650686400,22.2,7.36,6.24,418.0,35.7,3.86,0.185,0.142,4.06,,,Ⅲ
2022-04-23T16:00:00+08:00,1650700800,22.2,7.36,6.27,413.0,33.2,3.93,0.173,0.137,3.99,,,Ⅲ
2022-04-23T20:00:00+08:00,1650715200,22.2,7.37,6.55,409.0,25.4,3.84,0.142,0.142,3.83,,,Ⅲ
2022-04-24T00:00:00+08:00,1650729600,22.2,7.38,6.49,410.0,25.8,3.94,0.146,0.132,3.86,,,Ⅲ
2022-04-24T08:00:00+08:00,1650758400,21.8,7.34,6.18,413.0,15.0,3.81,0.164,0.131,3.77,,,Ⅲ
2022-04-24T12:00:00+08:00,1650772800,22.2,7.37,6.54,413.0,25.0,3.7,0.167,,3.86,,,
2022-04-24T16:00:00+08:00,1650787200,22.4,7.37,6.23,413.0,21.0,3.72,0.163,0.135,3.82,,,Ⅲ
2022-04-25T04:00:00+08:00,1650830400,22.2,7.38,6.3,364.0,29.0,3.86,0.161,0.13,3.83,,,Ⅲ
2022-04-25T08:00:00+08:00,1650844800,22.1,7.38,6.12,415.0,20.8,3.74,0.166,0.136,3.81,,,Ⅲ
2022-04-25T12:00:00+08:00,1650859200,22.7,7.35,5.93,416.0,22.6,3.8,0.172,0.127,3.86,,,Ⅲ
2022-04-25T16:00:00+08:00,1650873600,22.8,7.35,5.95,414.0,25.2,3.93,0.174,0.119,3.85,,,Ⅲ
2022-04-25T20:00:00+08:00,1650888000,22.8,7.33,5.86,416.0,30.4,3.86,0.173,0.102,3.84,,,Ⅲ
2022-04-26T00:00:00+08:00,1650902400,22.9,7.33,5.69,413.0,18.1,3.82,0.196,0.09,3.71,,,Ⅲ
2022-04-26T04:00:00+08:00,1650916800,22.9,7.31,5.75,413.0,19.8,3.87,0.193,0.074,3.66,,,Ⅲ
2022-04-26T08:00:00+08:00,1650931200,22.9,7.3,5.41,412.0,32.0,3.58,0.221,0.084,3.76,,,Ⅲ
2022-04-26T12:00:00+08:00,1650945600,22.9,7.28,5.23,414.0,31.9,3.86,0.252,0.086,3.83,,,Ⅲ
2022-04-26T16:00:00+08:00,1650960000,23.0,7.3,5.19,415.0,24.4,3.68,0.244,0.081,3.79,,,Ⅲ
2022-04-27T00:00:00+08:00,1650988800,22.6,7.26,4.84,412.0,27.0,3.89,0.262,0.082,3.9,,,Ⅳ
2022-04-27T04:00:00+08:00,1651003200,22.5,7.26,4.77,414.0,21.8,3.78,0.254,0.076,3.7,,,Ⅳ
2022-04-27T08:00:00+08:00,1651017600,22.4,7.24,4.76,412.0,28.2,3.94,0.254,0.113,3.9,,,Ⅳ
2022-04-27T12:00:00+08:00,1651032000,23.0,7.26,4.75,411.0,22.7,3.85,0.254,0.077,3.76,,,Ⅳ
2022-04-27T16:00:00+08:00,1651046400,23.0,7.28,4.78,415.0,23.0,3.7,0.258,0.073,3.84,,,Ⅳ
2022-04-27T20:00:00+08:00,1651060800,22.8,7.24,4.6,414.0,28.0,3.91,0.274,0.075,3.88,,,Ⅳ
2022-04-28T00:00:00+08:00,1651075200,22.5,7.24,4.69,414.0,22.4,3.98,0.259,0.069,3.76,,,Ⅳ
2022-04-28T04:00:00+08:00,1651089600,22.4,7.26,4.87,416.0,26.6,3.74,0.278,0.075,3.85,,,Ⅳ
2022-04-28T08:00:00+08:00,1651104000,22.3,7.24,4.46,415.0,59.9,4.03,0.283,0.094,4.12,,,Ⅳ
2022-04-28T12:00:00+08:00,1651118400,22.6,7.26,4.45,414.0,34.7,4.34,0.253,0.088,3.81,,,Ⅳ
2022-04-28T16:00:00+08:00,1651132800,22.6,7.24,4.38,416.0,26.1,3.9,0.254,0.081,3.83,,,Ⅳ
2022-04-28T20:00:00+08:00,1651147200,22.5,7.24,4.68,416.0,31.3,3.87,0.246,0.096,3.83,,,Ⅳ
2022-04-29T00:00:00+08:00,1651161600,22.4,7.22,4.29,415.0,31.5,4.03,0.266,0.107,3.8,,,Ⅳ
2022-04-29T04:00:00+08:00,1651176000,22.1,7.24,4.48,415.0,48.0,3.91,0.282,0.123,3.92,,,Ⅳ
2022-04-29T08:00:00+08:00,1651190400,21.9,7.26,4.63,415.0,37.0,3.89,0.262,0.128,3.84,,,Ⅳ
2022-04-29T12:00:00+08:00,1651204800,21.6,7.24,4.49,413.0,40.1,3.99,0.276,0.143,3.82,,,Ⅳ
2022-04-29T16:00:00+08:00,1651219200,21.6,7.26,4.83,415.0,40.1,4.06,0.294,0.156,3.87,,,Ⅳ
2022-04-29T20:00:00+08:00,1651233600,21.5,7.24,5.03,415.0,35.8,3.95,0.275,0.16,3.87,,,Ⅲ
2022-04-30T00:00:00+08:00,1651248000,21.2,7.25,4.55,412.0,50.8,4.26,0.267,0.168,3.9,,,Ⅳ
2022-04-30T04:00:00+08:00,1651262400,21.2,7.25,4.54,414.0,46.8,4.1,0.26,0.166,3.96,,,Ⅳ
2022-04-30T08:00:00+08:00,1651276800,21.2,7.25,4.54,414.0,36.6,3.93,0.253,0.164,3.81,,,Ⅳ
2022-04-30T12:00:00+08:00,1651291200,21.1,7.25,4.47,412.0,61.2,4.27,0.255,0.178,4.05,,,Ⅳ
2022-04-30T16:00:00+08:00,1651305600,21.0,7.23,4.22,414.0,38.9,4.03,0.238,0.168,3.76,,,Ⅳ
2022-04-30T20:00:00+08:00,1651320000,21.0,7.25,4.5,413.0,39.4,4.13,0.235,0.172,3.77,,,Ⅳ
2022-05-01T00:00:00+08:00,1651334400,20.5,7.23,4.35,413.0,53.5,4.32,0.265,0.175,3.95,,,Ⅳ
2022-05-01T04:00:00+08:00,1651348800,20.4,7.25,4.38,415.0,56.3,4.39,0.242,0.179,3.87,,,Ⅳ
2022-05-01T08:00:00+08:00,1651363200,20.6,7.25,4.49,415.0,37.8,3.94,0.214,0.164,3.8,,,Ⅳ
2022-05-01T12:00:00+08:00,1651377600,20.8,7.25,4.57,417.0,52.2,4.35,0.237,0.171,3.86,,,Ⅳ
2022-05-01T16:00:00+08:00,1651392000,21.0,7.25,4.29,420.0,40.1,4.11,0.249,0.171,3.75,,,Ⅳ
2022-05-01T20:00:00+08:00,1651406400,20.9,7.25,4.41,417.0,45.8,4.18,0.228,0.171,3.82,,,Ⅳ
2022-05-02T00:00:00+08:00,1651420800,20.6,7.25,4.27,419.0,50.9,4.05,0.275,0.169,3.85,,,Ⅳ
2022-05-02T04:00:00+08:00,1651435200,20.5,7.25,4.26,420.0,46.8,4.14,0.277,0.172,3.74,,,Ⅳ
2022-05-02T08:00:00+08:00,1651449600,20.6,7.25,4.42,419.0,30.6,4.1,0.218,0.154,3.62,,,Ⅳ
2022-05-02T12:00:00+08:00,1651464000,21.2,7.25,4.26,420.0,45.0,4.14,0.28,0.168,3.84,,,Ⅳ
2022-05-02T16:00:00+08:00,1651478400,21.3,7.24,4.17,422.0,32.1,4.01,0.293,0.154,3.65,,,Ⅳ
2022-05-02T20:00:00+08:00,1651492800,21.2,7.25,4.24,422.0,29.6,3.91,0.265,0.155,3.73,,,Ⅳ
2022-05-03T00:00:00+08:00,1651507200,21.2,7.25,4.22,420.0,48.5,4.03,0.304,0.157,3.81,,,Ⅳ
2022-05-03T04:00:00+08:00,1651521600,21.2,7.25,4.08,420.0,40.3,4.26,0.32,0.154,3.76,,,Ⅳ
2022-05-03T08:00:00+08:00,1651536000,21.2,7.27,4.6,422.0,58.5,4.27,0.274,0.161,3.93,,,Ⅳ
2022-05-03T12:00:00+08:00,1651550400,21.7,7.26,4.24,422.0,44.7,4.19,0.295,0.158,3.84,,,Ⅳ
2022-05-05T04:00:00+08:00,1651694400,22.5,7.08,4.39,437.0,15.5,3.98,0.298,0.145,3.55,,,Ⅳ
2022-05-05T08:00:00+08:00,1651708800,22.7,7.08,4.4,439.0,24.4,3.94,0.29,0.152,3.6,,,Ⅳ
2022-05-05T12:00:00+08:00,1651723200,23.3,7.1,4.37,438.0,31.8,3.78,0.301,0.149,3.79,,,Ⅳ
2022-05-05T16:00:00+08:00,1651737600,23.9,7.12,4.8,438.0,25.9,3.97,0.252,0.145,3.64,,,Ⅳ
2022-05-05T20:00:00+08:00,1651752000,23.6,7.12,4.65,439.0,17.9,3.73,0.246,0.139,3.52,,,Ⅳ
2022-05-06T00:00:00+08:00,1651766400,23.6,7.12,4.8,438.0,25.5,3.97,0.237,0.141,3.64,,,Ⅳ
2022-05-06T04:00:00+08:00,1651780800,23.3,7.12,4.83,438.0,21.1,3.77,0.23,0.133,3.53,,,Ⅳ
2022-05-06T08:00:00+08:00,1651795200,23.6,7.12,4.77,439.0,19.3,4.02,0.227,0.134,3.54,,,Ⅳ
2022-05-06T12:00:00+08:00,1651809600,24.2,7.12,4.75,441.0,31.9,3.9,0.22,0.138,3.63,,,Ⅳ
2022-05-06T16:00:00+08:00,1651824000,24.8,7.16,4.99,441.0,35.0,4.02,0.214,0.138,3.66,,,Ⅳ
2022-05-06T20:00:00+08:00,1651838400,24.5,7.12,5.2,440.0,13.8,3.64,0.192,0.126,3.43,,,Ⅲ
2022-05-07T00:00:00+08:00,1651852800,24.6,7.14,5.03,439.0,27.5,3.9,0.184,0.131,3.58,,,Ⅲ
2022-05-07T04:00:00+08:00,1651867200,24.4,7.14,5.07,442.0,23.9,3.84,0.177,0.129,3.45,,,Ⅲ
2022-05-07T08:00:00+08:00,1651881600,24.5,7.14,4.86,442.0,24.8,3.85,0.188,0.132,3.49,,,Ⅳ
2022-05-07T12:00:00+08:00,1651896000,24.9,7.13,5.02,443.0,25.5,3.86,0.182,0.127,3.5,,,Ⅲ
2022-05-07T16:00:00+08:00,1651910400,25.0,7.15,5.2,442.0,30.0,3.87,0.171,0.128,3.52,,,Ⅲ
2022-05-07T20:00:00+08:00,1651924800,24.9,7.16,5.3,441.0,20.0,3.66,0.163,0.122,3.37,,,Ⅲ
2022-05-08T00:00:00+08:00,1651939200,24.9,7.16,5.29,442.0,21.4,3.7,0.166,0.124,3.46,,,Ⅲ
2022-05-08T04:00:00+08:00,1651953600,24.8,7.14,5.26,442.0,27.1,3.8,0.166,0.12,3.4,,,Ⅲ
2022-05-08T08:00:00+08:00,1651968000,24.8,7.14,5.16,443.0,19.7,3.74,0.166,0.126,3.36,,,Ⅲ
2022-05-08T12:00:00+08:00,1651982400,25.1,7.18,5.2,443.0,24.2,3.8,0.164,0.128,3.47,,,Ⅲ
2022-05-08T16:00:00+08:00,1651996800,25.2,7.17,5.31,444.0,42.3,3.94,0.16,0.124,3.5,,,Ⅲ
2022-05-08T20:00:00+08:00,1652011200,25.1,7.2,5.52,443.0,25.6,3.91,0.141,0.119,3.36,,,Ⅲ
2022-05-09T00:00:00+08:00,1652025600,24.9,7.18,5.55,443.0,31.5,3.97,0.149,0.124,3.46,,,Ⅲ
2022-05-09T04:00:00+08:00,1652040000,24.7,7.18,5.58,445.0,31.5,3.98,0.153,0.127,3.45,,,Ⅲ
2022-05-09T08:00:00+08:00,1652054400,24.3,7.18,5.56,444.0,21.8,3.77,0.143,0.123,3.29,,,Ⅲ
2022-05-09T12:00:00+08:00,1652068800,24.9,7.22,5.62,444.0,20.4,3.65,0.131,0.114,3.3,,,Ⅲ
2022-05-09T16:00:00+08:00,1652083200,24.7,7.2,5.53,445.0,33.1,3.9,0.146,0.128,3.42,,,Ⅲ
2022-05-09T20:00:00+08:00,1652097600,24.3,7.2,5.6,444.0,39.7,3.89,0.144,,3.4,,,
2022-05-10T00:00:00+08:00,1652112000,24.0,7.16,5.6,445.0,26.9,3.82,0.151,0.122,3.32,,,Ⅲ
2022-05-10T04:00:00+08:00,1652126400,23.6,7.16,5.57,445.0,34.1,3.99,0.158,0.131,3.34,,,Ⅲ
2022-05-10T08:00:00+08:00,1652140800,23.2,7.14,5.5,447.0,19.7,3.95,0.153,0.118,3.28,,,Ⅲ
2022-05-10T12:00:00+08:00,1652155200,23.4,7.12,5.91,447.0,48.3,3.89,0.144,0.122,3.27,,,Ⅲ
2022-05-11T04:00:00+08:00,1652212800,22.8,7.12,5.06,450.0,54.3,3.85,0.177,0.124,3.32,,,Ⅲ
2022-05-11T08:00:00+08:00,1652227200,22.5,7.1,5.07,450.0,61.3,4.09,0.194,0.133,3.34,,,Ⅲ
2022-05-11T12:00:00+08:00,1652241600,22.8,7.12,5.17,449.0,45.1,3.87,0.176,0.113,3.21,,,Ⅲ
2022-05-11T16:00:00+08:00,1652256000,22.7,7.12,5.05,450.0,59.8,3.78,0.175,0.13,3.38,,,Ⅲ
2022-05-11T20:00:00+08:00,1652270400,22.5,7.1,5.0,449.0,63.1,3.91,0.198,0.132,3.45,,,Ⅲ
2022-05-12T00:00:00+08:00,1652284800,22.4,7.1,4.76,449.0,53.5,3.99,0.186,0.125,3.24,,,Ⅲ
2022-05-12T04:00:00+08:00,1652299200,22.4,7.1,4.96,448.0,58.6,3.85,0.184,0.13,3.34,,,Ⅳ
2022-05-12T08:00:00+08:00,1652313600,22.3,7.1,5.12,449.0,65.0,4.05,0.192,0.125,3.36,,,Ⅲ
2022-05-12T12:00:00+08:00,1652328000,22.3,7.08,4.62,449.0,47.4,3.82,0.178,0.13,3.25,,,Ⅳ
2022-05-16T04:00:00+08:00,1652644800,21.5,7.07,4.63,452.0,60.0,3.95,0.294,0.147,3.44,,,Ⅳ
2022-05-16T12:00:00+08:00,1652673600,22.2,7.06,4.39,452.0,63.3,4.02,0.276,0.147,3.42,,,Ⅳ
2022-05-16T16:00:00+08:00,1652688000,22.2,7.17,4.5,454.0,40.9,3.98,0.259,0.145,3.17,,,Ⅳ
2022-05-17T04:00:00+08:00,1652731200,21.7,7.08,4.25,454.0,61.2,3.8,0.298,0.156,3.36,,,Ⅳ
2022-05-17T08:00:00+08:00,1652745600,21.8,7.15,4.47,458.0,41.8,3.77,0.225,0.15,3.22,,,Ⅳ
2022-05-17T12:00:00+08:00,1652760000,22.3,7.12,4.06,449.0,64.3,3.94,0.28,0.146,3.38,,,Ⅳ
2022-05-17T16:00:00+08:00,1652774400,23.0,7.14,5.61,455.0,38.2,3.66,0.234,0.159,3.12,,,Ⅲ
2022-05-17T20:00:00+08:00,1652788800,22.5,7.1,4.38,456.0,51.1,3.8,0.26,0.131,3.28,,,Ⅳ
2022-05-18T00:00:00+08:00,1652803200,22.4,7.1,4.44,455.0,58.6,3.76,0.254,0.143,3.34,,,Ⅳ
2022-05-18T04:00:00+08:00,1652817600,22.1,7.1,4.47,456.0,56.1,3.76,0.262,0.137,3.3,,,Ⅳ
2022-05-18T08:00:00+08:00,1652832000,22.3,7.12,5.27,460.0,55.0,3.86,0.22,0.142,3.22,,,Ⅲ
2022-05-18T12:00:00+08:00,1652846400,22.8,7.1,4.77,456.0,69.9,3.91,0.252,0.13,3.37,,,Ⅳ
2022-05-18T16:00:00+08:00,1652860800,22.9,7.12,4.78,455.0,53.1,3.77,0.223,0.137,3.24,,,Ⅳ
2022-05-18T20:00:00+08:00,1652875200,22.8,7.12,4.5,457.0,41.5,3.57,0.225,0.147,3.21,,,Ⅳ
2022-05-19T00:00:00+08:00,1652889600,22.6,7.08,4.32,455.0,57.5,3.9,0.217,0.145,3.33,,,Ⅳ
2022-05-19T04:00:00+08:00,1652904000,22.3,7.1,5.09,456.0,45.7,3.66,0.208,0.146,3.17,,,Ⅲ
2022-05-19T08:00:00+08:00,1652918400,22.4,7.12,5.03,462.0,58.9,3.99,0.185,0.136,3.31,,,Ⅲ
2022-05-19T12:00:00+08:00,1652932800,22.7,7.12,5.18,459.0,55.5,3.93,0.23,0.146,3.32,,,Ⅲ
2022-05-19T16:00:00+08:00,1652947200,22.6,7.12,4.88,457.0,51.8,,0.182,,,,,
2022-05-19T20:00:00+08:00,1652961600,22.6,7.12,4.88,459.0,58.8,4.11,0.2,0.145,3.22,,,Ⅳ
2022-05-20T00:00:00+08:00,1652976000,22.4,7.12,4.65,456.0,58.1,4.01,0.196,0.136,3.25,,,Ⅳ
2022-05-20T04:00:00+08:00,1652990400,22.2,7.13,4.8,456.0,46.3,3.8,0.18,0.13,3.07,,,Ⅳ
2022-05-20T08:00:00+08:00,1653004800,22.3,7.12,4.73,458.0,69.8,3.82,0.192,0.137,3.29,,,Ⅳ
2022-05-20T12:00:00+08:00,1653019200,22.4,7.12,4.87,459.0,58.9,3.81,0.176,0.14,3.22,,,Ⅳ
2022-05-20T16:00:00+08:00,1653033600,22.2,7.12,4.65,457.0,65.5,4.01,0.168,0.15,3.23,,,Ⅳ
2022-05-20T20:00:00+08:00,1653048000,22.2,7.13,4.6,458.0,48.1,3.67,0.158,0.13,3.15,,,Ⅳ
2022-05-21T00:00:00+08:00,1653062400,22.1,7.1,4.65,456.0,58.2,3.74,0.148,0.13,3.21,,,Ⅳ
2022-05-21T04:00:00+08:00,1653076800,21.8,7.11,4.68,456.0,52.8,3.71,0.162,,3.17,,,
2022-05-21T08:00:00+08:00,1653091200,22.0,7.13,4.68,458.0,71.0,3.84,0.169,0.118,3.27,,,Ⅳ
2022-05-21T12:00:00+08:00,1653105600,22.5,7.14,5.05,460.0,52.4,4.02,0.132,0.123,3.18,,,Ⅲ
2022-05-21T16:00:00+08:00,1653120000,22.9,7.12,4.59,449.0,63.8,3.96,0.151,0.14,3.41,,,Ⅳ
2022-05-21T20:00:00+08:00,1653134400,22.8,7.12,4.81,456.0,40.3,3.7,0.132,0.132,3.1,,,Ⅳ
2022-05-22T00:00:00+08:00,1653148800,22.9,7.12,4.81,448.0,47.1,3.66,0.136,0.131,3.14,,,Ⅳ
2022-05-22T04:00:00+08:00,1653163200,22.8,7.12,4.7,454.0,60.2,3.88,0.16,0.137,3.25,,,Ⅳ
2022-05-22T08:00:00+08:00,1653177600,22.9,7.14,4.97,456.0,45.3,3.72,0.146,0.132,3.11,,,Ⅳ
2022-05-22T12:00:00+08:00,1653192000,23.5,7.16,4.93,455.0,35.9,3.73,0.122,0.125,3.06,,,Ⅳ
2022-05-22T16:00:00+08:00,1653206400,23.8,7.14,4.89,451.0,59.8,3.8,0.14,0.13,3.27,,,Ⅳ
2022-05-22T20:00:00+08:00,1653220800,23.9,7.14,4.91,453.0,39.9,3.83,0.139,0.121,3.17,,,Ⅳ
2022-05-23T00:00:00+08:00,1653235200,23.8,7.14,4.97,455.0,39.0,3.72,0.134,0.123,3.13,,,Ⅳ
2022-05-23T04:00:00+08:00,1653249600,23.5,7.14,5.51,455.0,51.0,3.81,0.154,0.128,3.18,,,Ⅲ
2022-05-23T08:00:00+08:00,1653264000,23.3,7.14,5.09,458.0,38.7,3.8,0.142,0.123,3.13,,,Ⅲ
2022-05-23T12:00:00+08:00,1653278400,23.9,7.2,5.36,459.0,36.0,3.52,0.139,0.12,3.09,,,Ⅲ
2022-05-24T04:00:00+08:00,1653336000,23.4,7.31,5.93,459.0,41.4,3.74,0.134,0.127,3.04,,,Ⅲ
2022-05-24T08:00:00+08:00,1653350400,23.0,7.25,5.32,460.0,37.9,3.74,0.139,0.125,3.04,,,Ⅲ
2022-05-24T12:00:00+08:00,1653364800,23.2,7.27,5.44,460.0,38.9,3.62,0.132,0.124,3.06,,,Ⅲ
2022-05-24T16:00:00+08:00,1653379200,23.3,7.27,5.41,453.0,59.9,3.73,0.152,0.131,3.26,,,Ⅲ
2022-05-24T20:00:00+08:00,1653393600,22.8,7.27,5.36,451.0,77.4,3.92,0.161,0.139,3.4,,,Ⅲ
2022-05-25T00:00:00+08:00,1653408000,22.6,7.27,5.26,453.0,41.9,3.74,0.133,0.132,3.12,,,Ⅲ
2022-05-25T04:00:00+08:00,1653422400,22.7,7.25,5.2,461.0,45.0,3.78,0.131,0.125,3.04,,,Ⅲ
2022-05-25T08:00:00+08:00,1653436800,22.6,7.25,5.21,461.0,67.5,3.8,0.138,0.136,3.26,,,Ⅲ
2022-05-25T12:00:00+08:00,1653451200,22.9,7.27,5.43,461.0,42.1,3.82,0.118,0.123,3.07,,,Ⅲ
2022-05-25T16:00:00+08:00,1653465600,23.2,7.25,5.24,462.0,56.1,3.7,0.136,0.122,3.21,,,Ⅲ
2022-05-25T20:00:00+08:00,1653480000,23.0,7.23,4.99,461.0,78.1,4.22,0.156,0.134,3.36,,,Ⅳ
2022-05-26T00:00:00+08:00,1653494400,22.9,7.23,4.76,460.0,43.6,4.01,0.147,0.125,3.15,,,Ⅳ
2022-05-26T04:00:00+08:00,1653508800,22.9,7.23,4.92,463.0,45.8,3.66,0.131,0.122,3.04,,,Ⅳ
2022-05-26T08:00:00+08:00,1653523200,22.9,7.21,4.9,461.0,54.0,4.01,0.156,0.131,3.2,,,Ⅳ
2022-05-26T12:00:00+08:00,1653537600,23.4,7.25,4.85,463.0,45.5,3.83,0.149,0.128,3.1,,,Ⅳ
2022-05-26T16:00:00+08:00,1653552000,23.5,7.25,4.98,463.0,51.1,3.92,0.142,0.126,3.08,,,Ⅳ
2022-05-26T20:00:00+08:00,1653566400,23.4,7.23,4.91,463.0,55.6,3.76,0.157,0.138,3.19,,,Ⅳ
2022-05-27T00:00:00+08:00,1653580800,23.3,7.21,4.7,454.0,43.7,3.64,0.162,0.136,3.02,,,Ⅳ
2022-05-27T04:00:00+08:00,1653595200,23.2,7.23,4.79,465.0,48.0,3.78,0.15,0.132,3.09,,,Ⅳ
2022-05-27T12:00:00+08:00,1653624000,24.0,7.22,4.58,465.0,44.9,3.98,0.156,0.126,3.09,,,Ⅳ
2022-05-27T16:00:00+08:00,1653638400,24.0,7.22,4.68,466.0,49.6,3.96,0.153,0.132,3.08,,,Ⅳ
2022-05-27T20:00:00+08:00,1653652800,24.0,7.22,4.71,457.0,49.6,3.72,0.149,0.131,3.16,,,Ⅳ
2022-05-28T00:00:00+08:00,1653667200,24.1,7.2,4.46,467.0,46.3,3.92,0.16,0.132,3.11,,,Ⅳ
2022-05-28T04:00:00+08:00,1653681600,23.8,7.22,4.6,468.0,46.9,3.92,0.156,0.139,3.14,,,Ⅳ
2022-05-28T08:00:00+08:00,1653696000,23.9,7.22,4.6,468.0,148.5,4.91,0.23,0.158,4.05,,,Ⅳ
2022-05-28T12:00:00+08:00,1653710400,24.2,7.22,4.53,468.0,68.1,4.42,0.168,0.142,3.3,,,Ⅳ
2022-05-28T16:00:00+08:00,1653724800,24.0,7.22,4.67,467.0,49.5,3.84,0.147,0.131,3.13,,,Ⅳ
2022-05-28T20:00:00+08:00,1653739200,24.0,7.22,4.77,467.0,62.8,4.01,0.15,0.147,3.24,,,Ⅳ
2022-05-29T00:00:00+08:00,1653753600,23.9,7.22,4.49,467.0,58.8,3.96,0.172,0.139,3.22,,,Ⅳ
2022-05-29T04:00:00+08:00,1653768000,23.8,7.22,4.57,468.0,62.6,4.12,0.162,0.144,3.23,,,Ⅳ
2022-05-29T08:00:00+08:00,1653782400,23.7,7.25,4.84,463.0,53.3,4.07,0.149,0.135,3.12,,,Ⅳ
2022-05-29T12:00:00+08:00,1653796800,23.7,7.25,5.04,456.0,66.2,4.16,0.178,0.159,3.35,,,Ⅲ
2022-05-29T16:00:00+08:00,1653811200,23.8,7.25,4.96,453.0,35.4,3.94,0.157,0.147,3.11,,,Ⅳ
2022-05-29T20:00:00+08:00,1653825600,23.7,7.25,4.92,450.0,52.7,3.89,0.185,0.147,3.34,,,Ⅳ
2022-05-30T00:00:00+08:00,1653840000,23.6,7.2,4.77,443.0,49.5,4.37,0.271,0.161,3.46,,,Ⅳ
2022-05-30T04:00:00+08:00,1653854400,23.5,7.2,4.74,445.0,55.6,4.07,0.205,0.163,3.39,,,Ⅳ
2022-05-30T08:00:00+08:00,1653868800,23.7,7.2,4.95,446.0,46.1,4.03,0.18,0.169,3.31,,,Ⅳ
2022-05-30T12:00:00+08:00,1653883200,24.1,7.16,4.33,444.0,46.3,4.18,0.25,0.167,3.54,,,Ⅳ
2022-05-30T16:00:00+08:00,1653897600,24.3,7.16,4.34,446.0,31.5,4.26,0.235,0.157,3.33,,,Ⅳ
2022-05-30T20:00:00+08:00,1653912000,24.2,7.14,4.38,445.0,38.7,4.29,0.237,0.17,3.47,,,Ⅳ
2022-05-31T04:00:00+08:00,1653940800,24.0,7.16,4.28,446.0,61.3,4.5,0.213,0.17,3.55,,,Ⅳ
2022-05-31T08:00:00+08:00,1653955200,24.0,7.18,4.62,448.0,36.3,4.19,0.194,0.165,3.44,,,Ⅳ
2022-05-31T12:00:00+08:00,1653969600,24.4,7.16,4.81,447.0,52.8,4.33,0.177,0.167,3.48,,,Ⅳ
2022-05-31T16:00:00+08:00,1653984000,24.6,7.18,4.4,447.0,25.4,4.18,0.158,0.159,3.26,,,Ⅳ
2022-05-31T20:00:00+08:00,1653998400,24.4,7.16,4.37,447.0,32.2,3.98,0.157,0.145,3.3,,,Ⅳ
2022-06-01T04:00:00+08:00,1654027200,24.5,7.16,4.23,446.0,45.0,4.03,0.16,0.159,3.32,,,Ⅳ
2022-06-01T08:00:00+08:00,1654041600,24.4,7.18,4.57,449.0,30.7,4.14,0.138,0.159,3.21,,,Ⅳ
2022-06-01T12:00:00+08:00,1654056000,25.0,7.17,4.29,447.0,41.9,4.13,0.139,0.16,3.33,,,Ⅳ
2022-06-01T16:00:00+08:00,1654070400,25.1,7.06,3.97,448.0,42.8,4.16,0.138,0.149,3.14,,,Ⅳ
2022-06-01T20:00:00+08:00,1654084800,25.0,7.08,4.38,449.0,43.5,4.11,0.152,0.158,3.22,,,Ⅳ
2022-06-02T04:00:00+08:00,1654113600,24.9,7.08,3.99,449.0,68.5,4.18,0.149,0.166,3.29,,,Ⅳ
2022-06-02T08:00:00+08:00,1654128000,24.9,7.1,4.21,452.0,53.8,4.29,0.136,0.166,3.3,,,Ⅳ
2022-06-02T12:00:00+08:00,1654142400,25.3,7.1,4.01,450.0,57.1,4.03,0.145,0.161,3.27,,,Ⅳ
2022-06-02T16:00:00+08:00,1654156800,26.0,7.12,4.21,451.0,41.4,3.98,0.112,0.151,3.13,,,Ⅳ
2022-06-02T20:00:00+08:00,1654171200,25.6,7.1,4.2,451.0,42.5,3.97,0.128,0.158,3.18,,,Ⅳ
2022-06-03T00:00:00+08:00,1654185600,25.7,7.08,4.09,451.0,58.0,4.06,0.12,0.16,3.17,,,Ⅳ
2022-06-03T04:00:00+08:00,1654200000,25.6,7.08,4.16,453.0,52.7,4.27,0.126,0.153,3.13,,,Ⅳ
2022-06-03T08:00:00+08:00,1654214400,25.4,7.12,4.4,456.0,58.7,4.18,0.11,0.164,3.23,,,Ⅳ
2022-06-03T12:00:00+08:00,1654228800,25.7,7.12,4.26,455.0,71.4,4.06,0.126,0.167,3.31,,,Ⅳ
2022-06-03T16:00:00+08:00,1654243200,26.0,7.11,4.26,454.0,45.6,4.17,0.107,0.162,3.12,,,Ⅳ
2022-06-03T20:00:00+08:00,1654257600,25.8,7.1,4.34,454.0,54.9,4.16,0.124,0.159,3.22,,,Ⅳ
2022-06-04T00:00:00+08:00,1654272000,25.8,7.1,4.22,453.0,54.2,4.13,0.106,0.162,3.13,,,Ⅳ
2022-06-04T04:00:00+08:00,1654286400,25.7,7.1,4.1,457.0,48.3,4.07,0.138,0.16,3.04,,,Ⅳ
2022-06-04T08:00:00+08:00,1654300800,25.6,7.1,4.22,457.0,84.1,4.18,0.115,0.172,3.29,,,Ⅳ
2022-06-04T12:00:00+08:00,1654315200,26.1,7.11,4.3,456.0,52.4,4.2,0.1,0.163,3.14,,,Ⅳ
2022-06-04T16:00:00+08:00,1654329600,26.6,7.11,4.15,457.0,59.4,4.2,0.102,0.165,3.15,,,Ⅳ
2022-06-04T20:00:00+08:00,1654344000,26.4,7.07,4.03,457.0,44.2,4.08,0.096,0.165,3.05,,,Ⅳ
2022-06-05T00:00:00+08:00,1654358400,26.6,7.09,4.05,458.0,55.3,3.92,0.108,0.162,3.16,,,Ⅳ
2022-06-05T04:00:00+08:00,1654372800,26.5,7.07,3.8,460.0,54.6,4.06,0.15,0.155,3.04,,,Ⅳ
2022-06-05T08:00:00+08:00,1654387200,26.4,7.09,4.05,458.0,75.7,4.44,0.143,0.177,3.29,,,Ⅳ
2022-06-05T12:00:00+08:00,1654401600,26.3,7.13,4.55,458.0,53.3,4.19,0.078,0.153,3.08,,,Ⅳ
2022-06-05T16:00:00+08:00,1654416000,26.3,7.11,4.43,445.0,54.4,4.42,0.244,0.174,3.26,,,Ⅳ
2022-06-05T20:00:00+08:00,1654430400,26.1,7.07,4.7,433.0,53.7,4.38,0.144,0.193,3.22,,,Ⅳ
2022-06-06T00:00:00+08:00,1654444800,25.9,7.04,4.44,427.0,55.8,4.7,0.321,0.208,3.72,,,Ⅳ
2022-06-06T04:00:00+08:00,1654459200,25.7,7.0,4.28,428.0,69.6,5.0,0.181,0.209,3.53,,,Ⅳ
2022-06-06T08:00:00+08:00,1654473600,25.8,7.0,4.3,417.0,80.0,5.31,0.191,0.232,3.85,,,Ⅳ
2022-06-06T12:00:00+08:00,1654488000,26.3,6.99,4.11,427.0,67.9,4.94,0.176,0.228,3.76,,,Ⅳ
2022-06-06T16:00:00+08:00,1654502400,26.6,6.97,3.87,425.0,74.2,5.28,0.159,0.232,3.71,,,Ⅳ
2022-06-06T20:00:00+08:00,1654516800,26.7,6.95,3.62,424.0,48.3,5.28,0.156,0.235,3.59,,,Ⅳ
2022-06-07T00:00:00+08:00,1654531200,26.8,6.95,3.55,429.0,63.6,5.38,0.164,0.22,3.53,,,Ⅳ
2022-06-07T04:00:00+08:00,1654545600,26.6,6.95,3.38,431.0,61.8,5.26,0.188,0.234,3.52,,,Ⅳ
2022-06-07T08:00:00+08:00,1654560000,26.7,6.97,3.46,435.0,62.0,5.1,0.169,0.208,3.34,,,Ⅳ
2022-06-07T12:00:00+08:00,1654574400,27.0,6.99,3.53,434.0,47.1,5.0,0.142,0.19,3.4,,,Ⅳ
2022-06-07T16:00:00+08:00,1654588800,27.2,6.97,3.46,434.0,56.1,5.26,0.162,0.223,3.44,,,Ⅳ
2022-06-07T20:00:00+08:00,1654603200,27.3,6.97,3.47,424.0,44.2,5.09,0.183,0.211,3.33,,,Ⅳ
2022-06-08T00:00:00+08:00,1654617600,27.1,6.99,3.44,432.0,40.8,5.13,0.171,0.214,3.29,,,Ⅳ
2022-06-08T08:00:00+08:00,1654646400,26.7,6.99,3.73,434.0,37.3,4.93,0.181,0.206,3.22,,,Ⅳ
2022-06-08T12:00:00+08:00,1654660800,27.6,7.03,4.28,426.0,34.1,4.88,0.145,0.211,3.18,,,Ⅳ
2022-06-08T20:00:00+08:00,1654689600,27.4,7.01,3.9,435.0,49.5,5.13,0.173,0.207,3.18,,,Ⅳ
2022-06-09T00:00:00+08:00,1654704000,27.1,7.01,4.33,436.0,39.0,5.0,0.164,0.207,3.15,,,Ⅳ
2022-06-09T04:00:00+08:00,1654718400,27.2,7.01,3.86,437.0,47.0,5.03,0.164,0.2,3.13,,,Ⅳ
2022-06-09T08:00:00+08:00,1654732800,26.9,7.01,3.6,440.0,48.4,5.21,0.204,0.209,3.12,,,Ⅳ
2022-06-09T12:00:00+08:00,1654747200,27.6,7.03,4.19,441.0,37.9,5.21,0.166,0.197,3.18,,,Ⅳ
2022-06-09T16:00:00+08:00,1654761600,27.7,7.03,3.77,440.0,40.8,4.98,0.17,0.202,3.14,,,Ⅳ
2022-06-09T20:00:00+08:00,1654776000,27.4,7.03,4.59,439.0,49.2,5.31,0.195,0.213,3.21,,,Ⅳ
2022-06-10T04:00:00+08:00,1654804800,27.1,7.01,4.0,431.0,36.4,4.95,0.177,0.201,3.12,,,Ⅳ
2022-06-10T08:00:00+08:00,1654819200,26.9,7.01,4.0,443.0,56.1,5.25,0.189,0.21,3.22,,,Ⅳ
2022-06-10T12:00:00+08:00,1654833600,26.9,7.01,3.95,445.0,41.9,5.24,0.182,0.209,3.16,,,Ⅳ
2022-06-10T16:00:00+08:00,1654848000,26.8,7.01,4.44,445.0,48.0,5.18,0.177,0.202,3.14,,,Ⅳ
2022-06-10T20:00:00+08:00,1654862400,26.5,7.03,4.03,444.0,57.5,5.21,0.164,0.206,3.22,,,Ⅳ
2022-06-11T04:00:00+08:00,1654891200,26.3,7.01,4.09,435.0,58.0,5.38,0.174,0.201,3.23,,,Ⅳ
2022-06-11T08:00:00+08:00,1654905600,26.1,7.01,3.59,444.0,57.7,5.38,0.168,0.206,3.25,,,Ⅳ
2022-06-11T12:00:00+08:00,1654920000,26.5,7.05,3.92,434.0,55.4,5.25,0.139,0.206,3.18,,,Ⅳ
2022-06-11T16:00:00+08:00,1654934400,26.6,6.94,5.15,444.0,51.8,5.31,0.152,0.196,3.22,,,Ⅲ
2022-06-11T20:00:00+08:00,1654948800,26.3,6.9,3.89,445.0,96.3,5.6,0.174,0.212,3.36,,,Ⅳ
2022-06-12T04:00:00+08:00,1654977600,26.2,6.92,3.95,448.0,63.0,5.4,0.119,0.206,3.25,,,Ⅳ
2022-06-12T08:00:00+08:00,1654992000,26.0,6.9,4.08,445.0,69.4,5.6,0.143,0.211,3.27,,,Ⅳ
2022-06-12T12:00:00+08:00,1655006400,25.8,6.9,3.99,443.0,58.3,5.41,0.114,0.206,3.14,,,Ⅳ
2022-06-12T16:00:00+08:00,1655020800,25.9,6.9,4.04,445.0,51.9,5.23,0.116,0.215,3.16,,,Ⅳ
2022-06-12T20:00:00+08:00,1655035200,25.6,6.9,4.16,444.0,69.6,5.35,0.119,0.205,3.26,,,Ⅳ
2022-06-13T04:00:00+08:00,1655064000,25.4,6.93,4.23,445.0,78.6,5.65,0.1,0.216,3.31,,,Ⅳ
2022-06-13T08:00:00+08:00,1655078400,25.3,6.93,4.07,445.0,72.9,5.74,0.097,0.206,3.24,,,Ⅳ
2022-06-13T12:00:00+08:00,1655092800,25.0,6.89,4.44,440.0,74.2,5.76,0.102,0.217,3.21,,,Ⅳ
2022-06-13T16:00:00+08:00,1655107200,25.1,6.87,3.94,443.0,69.1,5.49,0.101,0.207,3.24,,,Ⅳ
2022-06-13T20:00:00+08:00,1655121600,25.0,6.89,3.86,441.0,77.2,5.8,0.093,0.217,3.24,,,Ⅳ
2022-06-14T04:00:00+08:00,1655150400,24.9,6.89,4.09,441.0,107.8,5.96,0.089,0.219,3.36,,,Ⅳ
2022-06-14T08:00:00+08:00,1655164800,25.0,6.91,3.98,443.0,77.6,5.92,0.08,0.204,3.3,,,Ⅳ
2022-06-14T16:00:00+08:00,1655193600,25.6,6.88,3.72,439.0,93.5,6.12,0.092,0.214,3.33,,,Ⅳ
2022-06-14T20:00:00+08:00,1655208000,25.4,6.89,3.78,443.0,71.2,6.07,0.078,0.211,3.13,,,Ⅳ
2022-06-15T04:00:00+08:00,1655236800,25.2,6.89,4.41,442.0,121.3,6.38,0.097,0.223,3.47,,,Ⅳ
2022-06-15T08:00:00+08:00,1655251200,25.7,6.92,3.92,447.0,78.9,5.86,0.057,0.208,3.37,,,Ⅳ
2022-06-15T12:00:00+08:00,1655265600,26.0,6.88,4.08,442.0,82.6,6.06,0.074,0.21,3.25,,,Ⅳ
2022-06-15T16:00:00+08:00,1655280000,26.4,6.88,3.76,443.0,67.2,6.16,0.07,0.213,3.11,,,Ⅳ
2022-06-15T20:00:00+08:00,1655294400,26.2,6.88,3.88,445.0,57.3,5.77,0.058,0.201,3.09,,,Ⅳ
2022-06-16T00:00:00+08:00,1655308800,26.4,6.88,3.61,447.0,71.6,5.91,0.084,0.209,3.1,,,Ⅳ
2022-06-16T08:00:00+08:00,1655337600,26.5,6.94,3.89,450.0,81.5,5.94,0.057,0.215,3.38,,,Ⅳ
2022-06-16T12:00:00+08:00,1655352000,26.7,6.9,4.43,447.0,76.4,5.98,0.057,0.211,3.25,,,Ⅳ
2022-06-16T16:00:00+08:00,1655366400,27.5,6.92,3.86,449.0,48.7,5.87,0.06,0.045,2.97,,,Ⅳ
2022-06-16T20:00:00+08:00,1655380800,26.9,6.9,4.29,449.0,59.0,6.03,0.055,0.005,3.1,,,Ⅳ
2022-06-17T00:00:00+08:00,1655395200,27.2,6.88,3.62,451.0,70.4,6.31,0.071,0.005,3.0,,,Ⅳ
2022-06-17T04:00:00+08:00,1655409600,27.2,6.88,4.07,453.0,69.2,6.33,0.082,,3.03,,,
2022-06-17T08:00:00+08:00,1655424000,27.0,6.92,3.77,453.0,78.7,6.17,0.058,,3.28,,,
2022-06-17T12:00:00+08:00,1655438400,27.6,6.92,3.73,452.0,64.6,6.17,0.058,,3.28,,,
2022-06-17T16:00:00+08:00,1655452800,28.3,6.97,3.31,457.0,63.7,6.64,0.059,0.214,2.96,,,Ⅳ
2022-06-17T20:00:00+08:00,1655467200,27.9,6.87,3.46,454.0,57.8,6.5,0.056,0.207,2.9,,,Ⅳ
2022-06-18T00:00:00+08:00,1655481600,27.9,6.85,4.06,459.0,75.0,6.62,0.061,0.214,2.93,,,Ⅳ
2022-06-18T04:00:00+08:00,1655496000,27.9,6.85,4.51,464.0,59.2,6.65,0.072,0.211,2.82,,,Ⅳ
2022-06-18T08:00:00+08:00,1655510400,27.8,6.87,4.06,462.0,76.8,6.55,0.056,0.218,3.02,,,Ⅳ
2022-06-18T12:00:00+08:00,1655524800,28.2,6.89,4.53,464.0,63.5,6.43,0.046,0.211,2.96,,,Ⅳ
2022-06-18T16:00:00+08:00,1655539200,29.1,6.87,3.69,466.0,69.3,,0.056,0.258,2.88,,,
2022-06-18T20:00:00+08:00,1655553600,28.7,6.87,3.46,467.0,61.5,6.78,0.055,0.223,2.9,,,Ⅳ
2022-06-19T00:00:00+08:00,1655568000,28.7,6.85,3.46,467.0,61.9,6.62,0.051,0.203,2.89,,,Ⅳ
2022-06-19T04:00:00+08:00,1655582400,28.9,6.87,3.22,469.0,64.7,6.52,0.061,0.208,2.77,,,Ⅳ
2022-06-19T08:00:00+08:00,1655596800,28.6,6.87,3.55,468.0,99.7,6.67,0.06,,3.12,,,
2022-06-19T12:00:00+08:00,1655611200,28.8,6.91,3.54,468.0,56.0,6.26,0.046,0.205,2.9,,,Ⅳ
2022-06-19T16:00:00+08:00,1655625600,29.2,6.87,3.49,470.0,59.1,6.51,0.05,0.304,2.84,,,Ⅴ
2022-06-19T20:00:00+08:00,1655640000,29.0,6.85,3.01,470.0,46.5,6.26,0.045,0.205,2.79,,,Ⅳ
2022-06-20T00:00:00+08:00,1655654400,28.9,6.85,3.39,471.0,62.6,6.63,0.046,0.212,2.83,,,Ⅳ
2022-06-20T04:00:00+08:00,1655668800,29.0,6.87,3.05,474.0,68.0,6.49,0.059,0.217,2.73,,,Ⅳ
2022-06-20T08:00:00+08:00,1655683200,28.9,6.85,3.93,470.0,72.4,6.74,0.046,0.214,2.83,,,Ⅳ
2022-06-20T12:00:00+08:00,1655697600,29.2,6.93,3.46,473.0,52.6,6.06,0.035,0.198,2.82,,,Ⅳ
2022-06-20T16:00:00+08:00,1655712000,29.4,6.87,3.22,405.0,59.9,6.48,0.04,0.205,2.83,,,Ⅳ
2022-06-20T20:00:00+08:00,1655726400,29.5,6.87,3.14,477.0,48.9,6.45,0.041,0.178,2.68,,,Ⅳ
2022-06-21T00:00:00+08:00,1655740800,29.3,6.87,3.23,475.0,55.9,6.34,0.039,0.178,2.73,,,Ⅳ
2022-06-21T04:00:00+08:00,1655755200,29.3,6.87,3.05,398.0,70.0,6.58,0.053,0.186,2.7,,,Ⅳ
2022-06-21T08:00:00+08:00,1655769600,29.2,6.87,3.03,479.0,189.0,7.25,0.112,0.228,3.53,,,Ⅳ
2022-06-22T04:00:00+08:00,1655841600,29.5,6.87,3.78,483.0,66.8,6.6,0.046,0.171,2.71,,,Ⅳ
2022-06-22T08:00:00+08:00,1655856000,29.7,6.87,3.2,488.0,51.3,6.36,0.044,0.18,2.55,,,Ⅳ
2022-06-22T12:00:00+08:00,1655870400,30.1,6.86,3.46,486.0,65.4,6.57,0.044,0.185,2.74,,,Ⅳ
2022-06-22T16:00:00+08:00,1655884800,30.3,6.88,3.6,484.0,67.2,6.48,0.044,0.188,2.76,,,Ⅳ
2022-06-22T20:00:00+08:00,1655899200,30.3,6.88,3.82,489.0,85.7,6.75,0.067,0.199,2.82,,,Ⅳ
2022-06-23T00:00:00+08:00,1655913600,30.1,6.88,3.43,488.0,50.7,6.4,0.045,0.203,2.61,,,Ⅳ
2022-06-23T04:00:00+08:00,1655928000,30.0,6.88,3.31,487.0,53.6,6.49,0.044,0.201,2.62,,,Ⅳ
2022-06-23T08:00:00+08:00,1655942400,30.1,6.86,3.15,494.0,71.2,6.52,0.064,0.206,2.67,,,Ⅳ
2022-06-23T12:00:00+08:00,1655956800,30.6,6.88,3.98,494.0,50.1,6.43,0.049,0.197,2.57,,,Ⅳ
2022-07-04T12:00:00+08:00,1656907200,31.3,7.36,3.57,478.0,70.1,,0.054,,,,,
2022-07-11T04:00:00+08:00,1657483200,33.7,7.21,1.88,500.0,58.1,5.8,0.043,0.22,2.44,,,劣Ⅴ
2022-07-11T08:00:00+08:00,1657497600,33.6,7.21,1.77,501.0,60.7,5.76,0.049,0.223,2.48,,,劣Ⅴ
2022-07-11T12:00:00+08:00,1657512000,33.9,7.23,1.86,500.0,57.7,5.55,0.065,0.219,2.49,,,劣Ⅴ
2022-07-13T04:00:00+08:00,1657656000,33.5,7.33,2.7,511.0,86.7,6.06,0.051,0.237,2.58,,,Ⅴ
2022-07-13T08:00:00+08:00,1657670400,33.7,7.39,2.97,519.0,72.1,6.04,0.046,0.227,2.58,,,Ⅴ
2022-07-13T12:00:00+08:00,1657684800,34.2,7.35,2.66,512.0,68.9,5.96,0.044,0.235,2.64,,,Ⅴ
2022-07-18T08:00:00+08:00,1658102400,32.8,7.56,4.12,529.0,75.6,6.4,0.053,0.256,3.31,,,Ⅳ
2022-07-18T12:00:00+08:00,1658116800,33.0,7.6,3.67,536.0,67.4,6.14,0.041,0.244,3.15,,,Ⅳ
2022-07-19T16:00:00+08:00,1658217600,32.1,7.48,2.69,524.0,64.0,6.34,0.065,0.255,3.18,,,Ⅴ
2022-07-20T08:00:00+08:00,1658275200,31.3,7.48,2.73,511.0,67.4,6.4,0.211,0.269,3.22,,,Ⅴ
2022-07-20T12:00:00+08:00,1658289600,31.8,7.49,2.75,512.0,63.9,6.31,0.134,0.26,3.31,,,Ⅴ
2022-07-21T08:00:00+08:00,1658361600,31.8,7.51,2.74,506.0,64.9,5.95,0.492,0.257,3.25,,,Ⅴ
2022-07-21T12:00:00+08:00,1658376000,32.3,7.49,2.72,505.0,65.9,6.04,0.441,0.252,3.26,,,Ⅴ
2022-07-22T04:00:00+08:00,1658433600,32.0,7.51,2.73,508.0,68.7,5.75,0.425,0.264,3.24,,,Ⅴ
2022-07-22T08:00:00+08:00,1658448000,32.0,7.53,2.86,510.0,68.2,5.83,0.426,0.261,3.29,,,Ⅴ
2022-07-22T16:00:00+08:00,1658476800,32.7,7.56,3.29,514.0,81.3,5.79,0.385,0.252,3.41,,,Ⅳ
2022-07-22T20:00:00+08:00,1658491200,32.7,7.56,3.4,515.0,69.4,6.12,0.299,0.252,3.3,,,Ⅳ
2022-07-23T00:00:00+08:00,1658505600,32.5,7.56,2.98,513.0,74.2,6.15,0.32,0.252,3.33,,,Ⅴ
2022-07-23T04:00:00+08:00,1658520000,32.4,7.56,2.86,515.0,71.3,5.99,0.274,0.248,3.27,,,Ⅴ
2022-07-23T08:00:00+08:00,1658534400,32.5,7.55,3.03,517.0,74.2,6.35,0.263,0.249,3.29,,,Ⅳ
2022-07-23T12:00:00+08:00,1658548800,32.9,7.56,3.35,519.0,70.3,6.21,0.193,0.247,3.24,,,Ⅳ
2022-07-23T16:00:00+08:00,1658563200,33.3,7.6,3.29,522.0,79.9,6.42,0.252,0.246,3.38,,,Ⅳ
2022-07-23T20:00:00+08:00,1658577600,33.3,7.58,3.25,522.0,79.0,6.5,0.247,0.246,3.44,,,Ⅳ
2022-07-24T00:00:00+08:00,1658592000,33.0,7.58,3.15,519.0,73.4,6.45,0.208,0.243,3.4,,,Ⅳ
2022-07-24T04:00:00+08:00,1658606400,32.7,7.55,2.66,519.0,72.3,6.4,0.173,0.246,3.32,,,Ⅴ
2022-07-24T08:00:00+08:00,1658620800,32.8,7.56,2.7,522.0,81.5,6.52,0.178,0.248,3.45,,,Ⅴ
2022-07-24T12:00:00+08:00,1658635200,33.3,7.58,3.02,522.0,73.8,6.5,0.134,0.248,3.29,,,Ⅳ
2022-07-24T16:00:00+08:00,1658649600,33.4,7.58,3.03,524.0,73.5,6.48,0.12,0.214,3.38,,,Ⅳ
2022-07-24T20:00:00+08:00,1658664000,33.1,7.58,3.06,527.0,83.1,6.68,0.152,0.246,3.36,,,Ⅳ
2022-07-25T00:00:00+08:00,1658678400,33.0,7.55,2.69,524.0,80.8,6.65,0.136,0.247,3.36,,,Ⅴ
2022-07-25T08:00:00+08:00,1658707200,32.8,7.55,2.62,521.0,79.0,6.67,0.069,0.251,3.36,,,Ⅴ
2022-07-25T12:00:00+08:00,1658721600,33.3,7.56,2.57,529.0,93.7,6.88,0.078,0.248,3.46,,,Ⅴ
2022-07-25T16:00:00+08:00,1658736000,33.6,7.58,2.8,526.0,85.6,6.72,0.06,0.247,3.43,,,Ⅴ
2022-07-25T20:00:00+08:00,1658750400,33.3,7.56,2.99,529.0,83.6,6.7,0.066,0.245,3.39,,,Ⅴ
2022-07-26T00:00:00+08:00,1658764800,33.0,7.58,3.16,529.0,80.4,6.53,0.091,0.245,3.41,,,Ⅳ
2022-07-26T04:00:00+08:00,1658779200,32.9,7.56,2.58,526.0,85.0,6.78,0.053,0.247,3.42,,,Ⅴ
2022-07-26T08:00:00+08:00,1658793600,33.0,7.6,2.71,528.0,80.4,6.65,0.049,0.251,3.41,,,Ⅴ
2022-07-26T12:00:00+08:00,1658808000,33.4,7.6,3.02,532.0,89.3,6.83,0.061,0.255,3.47,,,Ⅳ
2022-07-26T16:00:00+08:00,1658822400,33.4,7.6,3.24,529.0,83.5,6.66,0.053,0.249,3.36,,,Ⅳ
2022-07-26T20:00:00+08:00,1658836800,33.2,7.6,3.18,530.0,85.1,6.58,0.06,0.24,3.43,,,Ⅳ
2022-07-27T00:00:00+08:00,1658851200,32.9,7.62,3.03,530.0,89.5,6.44,0.1,0.237,3.43,,,Ⅳ
2022-07-27T04:00:00+08:00,1658865600,32.8,7.62,2.73,531.0,92.2,6.76,0.062,0.245,3.55,,,Ⅴ
2022-07-27T08:00:00+08:00,1658880000,33.0,7.62,2.85,529.0,79.8,6.53,0.046,0.239,3.38,,,Ⅴ
2022-07-27T12:00:00+08:00,1658894400,33.5,7.63,2.94,531.0,90.4,6.68,0.057,0.242,3.44,,,Ⅴ
2022-07-27T16:00:00+08:00,1658908800,33.8,7.67,3.23,535.0,80.3,6.55,0.049,0.238,3.35,,,Ⅳ
2022-07-27T20:00:00+08:00,1658923200,33.5,7.62,2.95,534.0,83.5,6.47,0.046,0.232,3.32,,,Ⅴ
2022-07-28T00:00:00+08:00,1658937600,33.1,7.67,3.34,531.0,90.1,6.47,0.085,0.234,3.41,,,Ⅳ
2022-07-28T04:00:00+08:00,1658952000,32.9,7.64,3.12,529.0,97.9,6.63,0.064,0.246,3.52,,,Ⅳ
2022-11-01T12:00:00+08:00,1667275200,20.0,7.49,5.7,665.4,90.3,3.8,0.113,0.105,3.34,,,Ⅲ
2022-11-01T16:00:00+08:00,1667289600,20.0,7.47,5.59,663.8,92.2,4.05,0.115,0.104,3.32,,,Ⅲ
2022-11-02T12:00:00+08:00,1667361600,19.8,7.48,5.76,669.4,106.8,3.88,0.108,0.1,3.37,,,Ⅲ
2022-11-02T20:00:00+08:00,1667390400,19.8,7.47,5.48,673.9,103.0,4.19,0.129,0.105,3.54,,,Ⅲ
2022-11-03T00:00:00+08:00,1667404800,19.6,7.48,6.11,675.8,95.4,3.82,0.108,0.097,3.37,,,Ⅱ
2022-11-03T04:00:00+08:00,1667419200,19.5,7.48,6.06,676.0,108.2,3.73,0.113,0.111,3.55,,,Ⅲ
2022-11-03T08:00:00+08:00,1667433600,19.5,7.49,5.88,671.8,115.9,3.95,0.108,0.107,3.43,,,Ⅲ
2022-11-03T12:00:00+08:00,1667448000,19.5,7.51,5.9,675.3,110.4,4.07,0.137,0.096,3.47,,,Ⅲ
2022-11-03T16:00:00+08:00,1667462400,19.6,7.52,6.0,676.6,106.5,4.12,0.13,0.107,3.46,,,Ⅲ
2022-11-03T20:00:00+08:00,1667476800,19.5,7.51,6.18,674.7,132.5,4.12,0.142,0.108,3.59,,,Ⅲ
2022-11-04T00:00:00+08:00,1667491200,19.4,7.51,5.91,678.8,125.9,4.11,0.137,0.115,3.64,,,Ⅲ
2022-11-04T04:00:00+08:00,1667505600,19.3,7.52,6.47,679.5,114.0,3.81,0.115,0.102,3.4,,,Ⅲ
2022-11-04T08:00:00+08:00,1667520000,19.2,7.52,6.14,677.0,123.8,3.93,0.12,0.103,3.5,,,Ⅲ
2022-11-04T12:00:00+08:00,1667534400,19.4,7.52,6.16,675.8,107.7,3.97,0.11,0.096,3.43,,,Ⅱ
2022-11-04T16:00:00+08:00,1667548800,19.4,7.53,6.51,678.9,133.7,3.92,0.117,0.096,3.53,,,Ⅱ
2022-11-04T20:00:00+08:00,1667563200,19.1,7.52,6.13,677.5,130.5,3.9,0.113,0.074,3.52,,,Ⅱ
2022-11-05T00:00:00+08:00,1667577600,18.7,7.52,6.19,674.9,104.1,4.07,0.098,0.064,3.43,,,Ⅲ
2022-11-05T04:00:00+08:00,1667592000,18.7,7.53,6.19,679.7,105.0,4.1,0.096,0.06,3.41,,,Ⅲ
2022-11-05T08:00:00+08:00,1667606400,18.7,7.53,6.65,676.5,114.1,4.05,0.092,0.065,3.39,,,Ⅲ
2022-11-05T12:00:00+08:00,1667620800,18.7,7.53,6.31,674.4,97.0,3.82,0.091,0.06,3.38,,,Ⅱ
2022-11-05T16:00:00+08:00,1667635200,18.8,7.54,6.43,676.2,93.4,3.94,0.082,0.064,3.33,,,Ⅱ
2022-11-05T20:00:00+08:00,1667649600,18.6,7.53,6.32,677.2,104.0,4.08,0.088,0.063,3.42,,,Ⅲ
2022-11-06T00:00:00+08:00,1667664000,18.2,7.52,6.28,677.3,98.8,3.68,0.091,0.064,3.44,,,Ⅱ
2022-11-06T04:00:00+08:00,1667678400,18.1,7.53,6.66,682.5,99.5,3.88,0.08,0.059,3.42,,,Ⅱ
2022-11-06T08:00:00+08:00,1667692800,18.1,7.53,6.29,683.9,109.3,4.14,0.088,0.07,3.49,,,Ⅲ
2022-11-06T12:00:00+08:00,1667707200,18.4,7.53,6.62,681.7,102.3,4.01,0.086,0.055,3.37,,,Ⅲ
2022-11-06T16:00:00+08:00,1667721600,18.7,7.57,6.47,684.6,78.8,3.69,0.073,0.056,3.28,,,Ⅱ
2022-11-06T20:00:00+08:00,1667736000,18.2,7.54,6.78,684.7,100.9,3.98,0.079,0.056,3.37,,,Ⅱ
2022-11-07T00:00:00+08:00,1667750400,18.1,7.53,6.72,688.1,101.7,3.78,0.09,0.055,3.4,,,Ⅱ
2022-11-07T04:00:00+08:00,1667764800,17.9,7.55,6.81,688.5,99.8,3.9,0.078,0.054,3.34,,,Ⅱ
2022-11-07T08:00:00+08:00,1667779200,18.0,7.56,6.68,689.4,97.0,3.81,0.078,0.056,3.35,,,Ⅱ
2022-11-07T12:00:00+08:00,1667793600,18.3,7.56,6.33,687.7,132.7,4.06,0.094,0.062,3.52,,,Ⅲ
2022-11-07T16:00:00+08:00,1667808000,18.7,7.57,6.88,689.7,113.5,3.88,0.081,0.058,3.43,,,Ⅱ
2022-11-07T20:00:00+08:00,1667822400,18.2,7.56,6.57,689.3,97.3,3.77,0.08,0.06,3.4,,,Ⅱ
2022-11-08T00:00:00+08:00,1667836800,18.1,7.55,6.5,689.3,114.9,3.93,0.094,0.065,3.58,,,Ⅱ
2022-11-08T04:00:00+08:00,1667851200,18.1,7.56,6.73,692.3,126.4,4.27,0.086,0.057,3.53,,,Ⅲ
2022-11-08T08:00:00+08:00,1667865600,18.1,7.57,6.57,691.1,118.2,4.07,0.083,0.063,3.6,,,Ⅲ
2022-11-08T12:00:00+08:00,1667880000,18.6,7.52,6.39,693.3,103.3,,0.091,,,,,
2022-11-08T16:00:00+08:00,1667894400,18.7,7.55,6.95,694.3,111.0,4.25,0.071,0.065,3.43,,,Ⅲ
2022-11-08T20:00:00+08:00,1667908800,18.5,7.53,6.68,693.5,95.5,4.09,0.07,0.067,3.37,,,Ⅲ
2022-11-09T00:00:00+08:00,1667923200,18.4,7.52,6.84,693.0,102.4,4.31,0.074,0.065,3.4,,,Ⅲ
2022-11-09T04:00:00+08:00,1667937600,18.1,7.54,6.62,695.4,90.0,4.1,0.07,0.069,3.4,,,Ⅲ
2022-11-09T08:00:00+08:00,1667952000,18.4,7.54,6.47,695.3,97.0,3.98,0.068,0.071,3.44,,,Ⅱ
2022-11-09T12:00:00+08:00,1667966400,18.9,7.52,6.58,695.2,113.2,4.1,0.076,0.077,3.51,,,Ⅲ
2022-11-09T16:00:00+08:00,1667980800,19.1,7.54,6.63,699.8,106.1,4.05,0.071,0.064,3.45,,,Ⅲ
2022-11-09T20:00:00+08:00,1667995200,18.8,7.54,6.7,698.7,95.4,3.95,0.063,0.064,3.38,,,Ⅱ
2022-11-10T00:00:00+08:00,1668009600,18.9,7.54,6.52,700.1,107.0,4.06,0.07,0.07,3.44,,,Ⅲ
2022-11-10T04:00:00+08:00,1668024000,18.9,7.52,6.4,701.7,86.4,3.89,0.066,0.065,3.35,,,Ⅱ
2022-11-10T08:00:00+08:00,1668038400,18.9,7.52,6.53,701.1,73.7,3.98,0.056,0.068,3.32,,,Ⅱ
2022-11-10T12:00:00+08:00,1668052800,19.4,7.49,6.23,718.9,115.1,4.18,0.079,0.085,3.52,,,Ⅲ
2022-11-10T16:00:00+08:00,1668067200,19.8,7.5,6.56,714.8,105.4,4.17,0.073,0.07,3.4,,,Ⅲ
2022-11-10T20:00:00+08:00,1668081600,19.4,7.52,6.3,703.8,80.4,4.03,0.059,0.081,3.38,,,Ⅲ
2022-11-11T00:00:00+08:00,1668096000,19.6,7.5,6.47,717.0,96.5,4.14,0.069,0.084,3.41,,,Ⅲ
2022-11-11T04:00:00+08:00,1668110400,19.7,7.5,6.48,708.5,92.7,3.83,0.068,0.087,3.34,,,Ⅱ
2022-11-11T08:00:00+08:00,1668124800,19.6,7.49,6.28,716.6,152.2,4.39,0.088,0.11,3.79,,,Ⅲ
2022-11-11T12:00:00+08:00,1668139200,20.0,7.49,6.19,705.6,101.8,4.38,0.076,0.108,3.48,,,Ⅲ
2022-11-11T16:00:00+08:00,1668153600,20.3,7.49,6.26,704.3,97.6,3.94,0.075,0.106,3.38,,,Ⅲ
2022-11-11T20:00:00+08:00,1668168000,20.0,7.52,6.38,709.7,104.0,4.3,0.07,0.109,3.47,,,Ⅲ
2022-11-12T00:00:00+08:00,1668182400,20.1,7.49,6.2,708.3,95.9,4.05,0.07,0.115,3.46,,,Ⅲ
2022-11-12T04:00:00+08:00,1668196800,20.2,7.48,6.14,707.9,89.9,3.78,0.08,0.106,3.38,,,Ⅲ
2022-11-12T08:00:00+08:00,1668211200,20.2,7.48,6.14,708.8,74.0,3.79,0.064,0.104,3.3,,,Ⅲ
2022-11-12T12:00:00+08:00,1668225600,20.7,7.49,6.11,706.6,86.4,4.01,0.085,0.118,3.49,,,Ⅲ
2022-11-12T16:00:00+08:00,1668240000,21.2,7.49,5.93,706.7,90.5,4.22,0.098,0.12,3.48,,,Ⅲ
2022-11-12T20:00:00+08:00,1668254400,20.9,7.48,6.23,708.9,104.9,4.13,0.088,0.118,3.46,,,Ⅲ
2022-11-13T00:00:00+08:00,1668268800,20.9,7.48,5.99,708.4,94.4,4.14,0.096,0.119,3.46,,,Ⅲ
2022-11-13T04:00:00+08:00,1668283200,21.0,7.47,6.16,708.4,84.5,3.81,0.098,0.12,3.39,,,Ⅲ
2022-11-13T08:00:00+08:00,1668297600,20.8,7.48,5.98,711.0,74.0,3.78,0.094,0.117,3.4,,,Ⅲ
2022-11-13T12:00:00+08:00,1668312000,20.7,7.48,6.29,709.6,82.3,3.94,0.09,0.119,3.4,,,Ⅲ
2022-11-13T16:00:00+08:00,1668326400,20.5,7.48,6.05,709.4,70.4,4.03,0.102,0.114,3.36,,,Ⅲ
2022-11-13T20:00:00+08:00,1668340800,20.4,7.48,6.08,712.8,83.5,3.95,0.097,0.12,3.38,,,Ⅲ
2022-11-14T00:00:00+08:00,1668355200,20.3,7.48,6.1,713.2,75.8,3.81,0.094,0.111,3.37,,,Ⅲ
2022-11-14T08:00:00+08:00,1668384000,19.8,7.47,5.96,710.9,70.5,3.9,0.096,0.118,3.37,,,Ⅲ
2022-11-14T12:00:00+08:00,1668398400,19.6,7.48,6.02,709.4,100.1,3.95,0.119,0.124,3.51,,,Ⅲ
2022-11-14T16:00:00+08:00,1668412800,19.2,7.46,5.64,710.3,95.2,4.21,0.146,0.12,3.49,,,Ⅲ
2022-11-14T20:00:00+08:00,1668427200,19.0,7.48,6.24,715.3,86.8,3.82,0.132,0.116,3.45,,,Ⅲ
2022-11-15T04:00:00+08:00,1668456000,18.6,7.47,6.28,707.6,101.5,4.18,0.138,0.117,3.55,,,Ⅲ
2022-11-15T08:00:00+08:00,1668470400,18.4,7.45,6.0,709.9,67.6,4.02,0.125,0.112,3.39,,,Ⅲ
2022-11-15T12:00:00+08:00,1668484800,18.5,7.48,6.17,712.9,82.4,3.82,0.13,0.115,3.46,,,Ⅲ
2022-11-15T16:00:00+08:00,1668499200,18.4,7.47,6.08,710.6,82.3,3.89,0.139,0.12,3.47,,,Ⅲ
2022-11-16T08:00:00+08:00,1668556800,17.6,7.47,6.15,703.0,68.5,3.89,0.11,0.109,3.39,,,Ⅲ
2022-11-16T12:00:00+08:00,1668571200,17.8,7.48,6.03,708.3,96.1,4.22,0.13,0.114,3.56,,,Ⅲ
2022-11-16T16:00:00+08:00,1668585600,17.7,7.58,5.93,707.4,109.4,4.06,0.138,0.116,3.64,,,Ⅲ
2022-11-16T20:00:00+08:00,1668600000,17.6,7.5,6.06,704.9,101.3,3.99,0.132,0.126,3.58,,,Ⅲ
2022-11-17T00:00:00+08:00,1668614400,17.6,7.58,6.57,704.3,103.6,3.94,0.118,0.114,3.51,,,Ⅲ
2022-11-17T04:00:00+08:00,1668628800,17.6,7.49,6.26,696.7,86.1,4.06,0.131,0.117,3.53,,,Ⅲ
2022-11-17T08:00:00+08:00,1668643200,17.6,7.49,5.9,688.3,86.9,3.97,0.146,0.112,3.5,,,Ⅲ
2022-11-17T16:00:00+08:00,1668672000,17.6,7.45,6.61,688.9,95.9,3.97,0.159,0.127,3.61,,,Ⅲ
2022-11-17T20:00:00+08:00,1668686400,17.6,7.46,6.3,707.0,88.6,3.85,0.157,0.125,3.57,,,Ⅲ
2022-11-18T00:00:00+08:00,1668700800,17.6,7.47,6.64,715.6,84.9,3.95,0.144,0.118,3.58,,,Ⅲ
2022-11-18T04:00:00+08:00,1668715200,17.6,7.47,6.59,721.7,85.0,3.93,0.148,0.119,3.53,,,Ⅲ
2022-11-18T08:00:00+08:00,1668729600,17.6,7.44,6.07,726.9,90.5,3.93,0.177,0.115,3.6,,,Ⅲ
2022-11-18T12:00:00+08:00,1668744000,17.7,7.43,6.13,730.4,81.9,3.95,0.179,0.115,3.6,,,Ⅲ
2022-11-18T16:00:00+08:00,1668758400,17.7,7.43,6.37,735.8,90.2,4.09,0.181,0.115,3.62,,,Ⅲ
2022-11-18T20:00:00+08:00,1668772800,17.8,7.4,5.87,741.0,85.2,3.99,0.197,0.118,3.61,,,Ⅲ
2022-11-19T00:00:00+08:00,1668787200,17.8,7.42,5.91,744.9,81.7,3.75,0.18,0.112,3.56,,,Ⅲ
2022-11-19T04:00:00+08:00,1668801600,17.8,7.43,5.96,748.4,73.1,3.87,0.182,0.115,3.56,,,Ⅲ
2022-11-19T08:00:00+08:00,1668816000,17.8,7.38,5.52,705.2,80.0,4.03,0.218,0.115,3.69,,,Ⅲ
2022-11-19T12:00:00+08:00,1668830400,17.9,7.38,5.75,672.4,66.6,3.77,0.203,0.113,3.58,,,Ⅲ
2022-11-19T16:00:00+08:00,1668844800,17.9,7.38,5.79,671.5,67.0,3.9,0.199,0.127,3.55,,,Ⅲ
2022-11-19T20:00:00+08:00,1668859200,17.9,7.37,5.4,665.5,85.4,3.99,0.249,0.131,3.64,,,Ⅲ
2022-11-20T00:00:00+08:00,1668873600,17.9,7.37,5.3,658.7,69.9,4.11,0.233,0.124,3.62,,,Ⅲ
2022-11-20T04:00:00+08:00,1668888000,17.9,7.38,5.35,659.0,64.8,3.94,0.238,0.119,3.58,,,Ⅲ
2022-11-20T08:00:00+08:00,1668902400,17.8,7.37,5.25,671.1,78.8,3.97,0.226,0.124,3.63,,,Ⅲ
2022-11-20T12:00:00+08:00,1668916800,17.9,7.37,5.5,686.5,71.2,3.83,0.214,0.12,3.6,,,Ⅲ
2022-11-20T16:00:00+08:00,1668931200,17.9,7.38,5.44,706.4,62.0,4.13,0.209,0.124,3.57,,,Ⅲ
2022-11-20T20:00:00+08:00,1668945600,17.9,7.37,5.49,713.7,79.6,4.07,0.211,0.124,3.66,,,Ⅲ
2022-11-21T00:00:00+08:00,1668960000,17.8,7.37,5.48,720.1,69.6,3.85,0.217,0.11,3.6,,,Ⅲ
2022-11-21T12:00:00+08:00,1669003200,17.9,7.38,5.44,738.5,65.2,4.05,0.209,0.12,3.62,,,Ⅲ
2022-11-21T16:00:00+08:00,1669017600,18.0,7.38,5.74,745.2,82.9,3.85,0.198,0.118,3.74,,,Ⅲ
2022-11-21T20:00:00+08:00,1669032000,17.9,7.38,5.61,750.4,77.3,3.93,0.198,0.113,3.6,,,Ⅲ
2022-11-22T04:00:00+08:00,1669060800,17.9,7.38,5.47,753.9,66.3,3.77,0.194,0.108,3.57,,,Ⅲ
2022-11-22T08:00:00+08:00,1669075200,17.9,7.38,5.52,756.0,81.9,3.99,0.201,0.126,3.69,,,Ⅲ
2022-11-22T16:00:00+08:00,1669104000,17.9,7.38,5.74,759.6,78.2,3.97,0.201,0.118,3.72,,,Ⅲ
2022-11-22T20:00:00+08:00,1669118400,17.9,7.38,5.42,761.6,75.1,4.14,0.2,0.119,3.69,,,Ⅲ
2022-11-23T04:00:00+08:00,1669147200,17.8,7.38,5.71,762.1,79.2,3.86,0.202,0.114,3.82,,,Ⅲ
2022-11-23T08:00:00+08:00,1669161600,17.8,7.38,5.33,762.2,76.8,3.97,0.207,0.121,3.75,,,Ⅲ
2022-11-23T12:00:00+08:00,1669176000,17.9,7.39,5.61,659.1,86.3,4.13,0.218,0.122,3.9,,,Ⅲ
2022-11-23T16:00:00+08:00,1669190400,17.9,7.41,5.81,665.2,73.2,4.02,0.194,0.123,3.83,,,Ⅲ
2022-11-23T20:00:00+08:00,1669204800,17.9,7.38,5.89,667.3,65.5,3.91,0.189,0.127,3.91,,,Ⅲ
2022-11-24T04:00:00+08:00,1669233600,17.8,7.38,5.62,663.7,56.0,3.87,0.187,0.12,3.78,,,Ⅲ
2022-11-24T08:00:00+08:00,1669248000,17.8,7.38,5.61,663.6,65.1,4.15,0.192,0.124,3.84,,,Ⅲ
2022-11-24T12:00:00+08:00,1669262400,17.9,7.38,5.75,662.5,68.2,4.01,0.189,0.121,3.84,,,Ⅲ
2022-11-24T16:00:00+08:00,1669276800,17.9,7.39,5.98,669.3,74.1,4.01,0.175,0.119,3.87,,,Ⅲ
2022-11-24T20:00:00+08:00,1669291200,17.8,7.38,5.83,666.6,62.6,3.9,0.169,0.114,3.8,,,Ⅲ
2022-11-25T04:00:00+08:00,1669320000,17.6,7.37,5.61,668.5,57.2,3.83,0.187,0.118,3.81,,,Ⅲ
2022-11-25T08:00:00+08:00,1669334400,17.6,7.39,5.8,668.3,66.1,4.1,0.176,0.118,3.81,,,Ⅲ
2022-11-25T12:00:00+08:00,1669348800,17.9,7.4,5.35,670.3,73.8,4.05,0.19,0.119,3.96,,,Ⅲ
2022-11-25T16:00:00+08:00,1669363200,17.9,7.37,5.46,674.3,58.9,3.9,0.188,0.119,3.88,,,Ⅲ
2022-11-25T20:00:00+08:00,1669377600,17.9,7.4,5.72,674.1,60.0,4.17,0.171,0.112,3.85,,,Ⅲ
2022-11-26T04:00:00+08:00,1669406400,17.8,7.37,5.35,672.9,61.8,4.09,0.195,0.107,3.88,,,Ⅲ
2022-11-26T08:00:00+08:00,1669420800,17.8,7.38,5.27,673.8,65.6,3.91,0.176,0.121,3.96,,,Ⅲ
2022-11-26T12:00:00+08:00,1669435200,17.9,7.38,5.2,672.5,65.3,3.97,0.184,0.117,3.92,,,Ⅲ
2022-11-28T04:00:00+08:00,1669579200,17.9,7.36,5.01,680.6,59.0,4.15,0.192,0.109,2.71,,,Ⅲ
2022-11-28T08:00:00+08:00,1669593600,17.9,7.38,5.61,683.5,42.0,3.77,0.148,0.115,2.71,,,Ⅲ
2022-11-28T12:00:00+08:00,1669608000,18.1,7.36,5.61,681.2,60.2,3.9,0.173,0.111,3.96,,,Ⅲ
2022-11-29T08:00:00+08:00,1669680000,18.2,7.38,5.61,686.0,47.0,3.81,0.174,0.119,3.9,,,Ⅲ
2022-11-29T12:00:00+08:00,1669694400,18.1,7.38,5.65,684.7,66.7,3.79,0.18,0.119,4.0,,,Ⅲ
2022-11-29T16:00:00+08:00,1669708800,17.9,7.38,5.78,683.7,54.2,4.05,0.191,0.115,4.0,,,Ⅲ
2022-11-29T20:00:00+08:00,1669723200,17.8,7.38,5.84,685.6,100.0,4.25,0.216,0.126,4.36,,,Ⅲ
2022-11-30T00:00:00+08:00,1669737600,17.6,7.45,5.85,704.9,197.2,4.88,0.251,0.153,4.81,,,Ⅲ
2022-11-30T04:00:00+08:00,1669752000,17.3,7.44,6.15,697.0,112.6,4.51,0.202,0.132,4.21,,,Ⅲ
2022-11-30T08:00:00+08:00,1669766400,16.8,7.43,6.16,691.2,55.9,3.94,0.176,0.127,4.02,,,Ⅲ
2022-11-30T12:00:00+08:00,1669780800,16.7,7.43,6.25,691.2,65.1,4.11,0.17,0.119,4.08,,,Ⅲ
2022-11-30T16:00:00+08:00,1669795200,16.2,7.43,6.95,673.6,59.6,4.05,0.176,0.12,4.09,,,Ⅲ
2022-11-30T20:00:00+08:00,1669809600,15.6,7.46,6.53,671.7,43.2,4.06,0.185,0.116,4.02,,,Ⅲ
2022-12-01T00:00:00+08:00,1669824000,15.6,7.45,6.51,677.4,42.5,3.74,0.169,0.116,3.94,,,Ⅲ
2022-12-01T08:00:00+08:00,1669852800,14.3,7.45,6.4,668.3,50.8,3.97,0.282,0.112,4.14,,,Ⅲ
2022-12-01T12:00:00+08:00,1669867200,14.0,7.47,6.62,671.0,46.0,3.97,0.28,0.118,4.14,,,Ⅲ
2022-12-01T20:00:00+08:00,1669896000,13.6,7.47,6.69,691.4,41.5,3.79,0.261,0.116,4.08,,,Ⅲ
2022-12-02T00:00:00+08:00,1669910400,13.5,7.48,6.85,693.0,40.5,3.97,0.264,0.121,4.12,,,Ⅲ
2022-12-02T04:00:00+08:00,1669924800,13.3,7.49,6.74,699.4,54.6,3.85,0.248,0.112,4.12,,,Ⅲ
2022-12-02T08:00:00+08:00,1669939200,12.9,7.48,6.74,701.4,45.5,3.78,0.237,0.114,4.11,,,Ⅲ
2022-12-02T12:00:00+08:00,1669953600,12.9,7.48,6.92,699.2,39.3,3.7,0.223,0.105,4.1,,,Ⅲ
2022-12-02T20:00:00+08:00,1669982400,12.7,7.48,6.79,712.8,47.2,3.82,0.26,0.121,4.15,,,Ⅲ
2022-12-03T00:00:00+08:00,1669996800,12.6,7.47,6.77,714.5,38.8,3.63,0.237,0.111,4.07,,,Ⅲ
2022-12-03T08:00:00+08:00,1670025600,12.5,7.46,6.67,712.6,49.5,3.98,0.273,0.117,4.17,,,Ⅲ
2022-12-03T12:00:00+08:00,1670040000,12.4,7.45,6.52,706.3,41.0,3.73,0.297,0.113,4.13,,,Ⅲ
2022-12-03T16:00:00+08:00,1670054400,12.5,7.45,6.64,709.8,47.2,3.78,0.312,0.114,4.16,,,Ⅲ
2022-12-03T20:00:00+08:00,1670068800,12.4,7.44,6.22,693.5,43.9,3.81,0.386,0.121,4.3,,,Ⅲ
2022-12-04T00:00:00+08:00,1670083200,12.4,7.44,6.48,702.2,41.1,3.66,0.365,0.117,4.2,,,Ⅲ
2022-12-04T04:00:00+08:00,1670097600,12.4,7.44,6.52,699.6,41.3,3.71,0.363,0.116,4.2,,,Ⅲ
2022-12-04T08:00:00+08:00,1670112000,12.3,7.44,6.16,707.6,48.3,3.81,0.307,0.127,4.26,,,Ⅲ
2022-12-04T12:00:00+08:00,1670126400,12.3,7.45,6.75,705.0,34.0,3.62,0.304,0.118,4.16,,,Ⅲ
2022-12-04T20:00:00+08:00,1670155200,12.2,7.46,6.85,707.7,42.7,3.67,0.305,0.119,4.2,,,Ⅲ
2022-12-05T04:00:00+08:00,1670184000,12.1,7.46,6.89,707.6,39.4,3.67,0.313,0.122,4.3,,,Ⅲ
2022-12-05T08:00:00+08:00,1670198400,12.0,7.45,6.82,709.1,39.8,3.82,0.285,0.123,4.34,,,Ⅲ
2022-12-05T12:00:00+08:00,1670212800,11.9,7.41,6.91,709.2,37.5,3.7,0.304,0.113,4.29,,,Ⅲ
2022-12-05T16:00:00+08:00,1670227200,12.1,7.42,7.06,714.9,34.1,3.97,0.289,0.123,4.26,,,Ⅲ
2022-12-05T20:00:00+08:00,1670241600,12.0,7.44,6.98,717.8,42.5,4.07,0.305,0.124,4.42,,,Ⅲ
2022-12-06T04:00:00+08:00,1670270400,11.7,7.45,6.91,721.8,36.8,3.93,0.34,0.117,4.37,,,Ⅴ
2022-12-06T08:00:00+08:00,1670284800,11.6,7.45,6.88,726.2,41.2,3.93,0.355,0.126,4.39,,,Ⅲ
2022-12-06T12:00:00+08:00,1670299200,11.8,7.4,6.94,727.7,43.2,3.79,0.344,0.123,4.47,,,Ⅲ
2022-12-06T16:00:00+08:00,1670313600,12.0,7.45,6.91,735.3,36.8,3.79,0.341,0.126,4.38,,,Ⅲ
2022-12-06T20:00:00+08:00,1670328000,11.8,7.42,6.91,731.7,43.0,3.73,0.339,0.127,4.5,,,Ⅲ
2022-12-07T04:00:00+08:00,1670356800,11.6,7.44,6.85,744.3,34.2,3.74,0.35,0.125,4.44,,,Ⅲ
2022-12-07T08:00:00+08:00,1670371200,11.6,7.44,6.6,751.4,42.2,3.74,0.347,0.134,4.52,,,Ⅲ
2022-12-07T12:00:00+08:00,1670385600,11.7,7.4,6.46,744.9,47.1,3.97,0.365,0.14,4.65,,,Ⅲ
2022-12-07T16:00:00+08:00,1670400000,11.8,7.44,6.83,754.9,42.1,3.69,0.366,0.136,4.55,,,Ⅲ
2022-12-07T20:00:00+08:00,1670414400,11.8,7.43,6.86,756.0,49.9,3.66,0.371,0.13,4.56,,,Ⅲ
2022-12-08T04:00:00+08:00,1670443200,11.7,7.43,6.7,754.5,49.8,3.83,0.381,0.13,4.67,,,Ⅲ
2022-12-08T08:00:00+08:00,1670457600,11.7,7.44,6.71,762.9,41.0,3.97,0.365,0.127,4.62,,,Ⅲ
2022-12-08T12:00:00+08:00,1670472000,11.9,7.43,6.73,761.6,39.5,3.7,0.356,0.128,4.66,,,Ⅲ
2022-12-08T20:00:00+08:00,1670500800,12.0,7.42,6.79,769.5,36.6,3.91,0.349,0.126,4.63,,,Ⅲ
2022-12-09T00:00:00+08:00,1670515200,12.0,7.41,6.78,763.8,36.8,3.89,0.354,0.126,4.69,,,Ⅲ
2022-12-09T08:00:00+08:00,1670544000,12.1,7.39,6.71,759.3,38.2,3.82,0.36,0.129,4.71,,,Ⅲ
2022-12-09T12:00:00+08:00,1670558400,12.2,7.41,6.67,758.6,43.0,,0.34,,,,,
2022-12-09T16:00:00+08:00,1670572800,12.2,7.41,6.69,773.4,46.2,3.75,0.34,0.131,4.75,,,Ⅲ
2022-12-09T20:00:00+08:00,1670587200,12.2,7.41,6.74,769.4,42.2,3.64,0.336,0.129,4.74,,,Ⅲ
2022-12-10T04:00:00+08:00,1670616000,12.2,7.38,6.54,755.8,37.5,3.72,0.338,0.125,4.79,,,Ⅲ
2022-12-10T08:00:00+08:00,1670630400,12.2,7.38,6.65,763.1,38.8,3.96,0.333,0.124,4.81,,,Ⅲ
2022-12-10T12:00:00+08:00,1670644800,12.2,7.37,6.59,756.6,45.7,3.68,0.344,0.133,4.92,,,Ⅲ
2022-12-10T16:00:00+08:00,1670659200,12.2,7.41,6.69,767.8,41.9,3.83,0.326,0.13,4.82,,,Ⅲ
2022-12-10T20:00:00+08:00,1670673600,12.2,7.38,6.76,769.9,42.7,4.05,0.336,0.128,4.91,,,Ⅲ
2022-12-11T04:00:00+08:00,1670702400,12.0,7.4,6.72,755.5,43.9,3.81,0.343,0.129,4.88,,,Ⅲ
2022-12-11T08:00:00+08:00,1670716800,12.0,7.38,6.84,770.5,40.5,3.91,0.304,0.127,4.87,,,Ⅲ
2022-12-11T16:00:00+08:00,1670745600,12.1,7.44,6.89,763.9,49.7,3.77,0.312,0.127,5.04,,,Ⅲ
2022-12-11T20:00:00+08:00,1670760000,12.0,7.45,7.03,771.1,44.0,3.93,0.291,0.125,4.94,,,Ⅲ
2022-12-12T04:00:00+08:00,1670788800,11.4,7.43,7.03,761.4,40.4,3.8,0.316,0.131,4.93,,,Ⅲ
2022-12-12T08:00:00+08:00,1670803200,11.4,7.42,7.07,764.9,35.6,3.75,0.306,0.124,4.93,,,Ⅲ
2022-12-12T12:00:00+08:00,1670817600,11.6,7.42,7.15,792.1,63.0,3.72,0.341,0.122,5.05,,,Ⅲ
2022-12-12T16:00:00+08:00,1670832000,11.5,7.44,7.1,800.0,46.3,3.93,0.336,0.132,5.02,,,Ⅲ
2022-12-12T20:00:00+08:00,1670846400,11.0,7.45,7.35,813.0,44.9,3.75,0.32,0.126,4.95,,,Ⅲ
2022-12-13T04:00:00+08:00,1670875200,10.9,7.42,7.14,801.4,50.8,3.64,0.365,0.122,5.02,,,Ⅲ
2022-12-13T08:00:00+08:00,1670889600,10.8,7.43,7.15,807.2,44.0,3.67,0.362,0.123,5.1,,,Ⅲ
2022-12-13T12:00:00+08:00,1670904000,10.9,7.46,7.35,807.4,53.1,3.59,0.376,0.13,5.12,,,Ⅲ
2022-12-13T16:00:00+08:00,1670918400,10.9,7.41,7.25,804.6,62.9,3.99,0.384,0.129,5.19,,,Ⅲ
2022-12-13T20:00:00+08:00,1670932800,10.9,7.43,7.33,811.0,51.9,3.92,0.367,0.121,5.16,,,Ⅲ
2022-12-14T04:00:00+08:00,1670961600,10.7,7.46,7.32,801.3,56.1,3.75,0.389,0.124,5.14,,,Ⅲ
2022-12-14T08:00:00+08:00,1670976000,10.6,7.44,7.39,807.7,53.6,3.93,0.366,0.128,5.21,,,Ⅲ
2022-12-14T12:00:00+08:00,1670990400,10.8,7.43,7.57,813.6,52.4,3.62,0.37,0.122,5.24,,,Ⅲ
2022-12-14T16:00:00+08:00,1671004800,10.9,7.47,7.33,812.5,66.7,3.75,0.388,0.119,5.23,,,Ⅲ
2022-12-14T20:00:00+08:00,1671019200,10.7,7.45,7.49,820.2,61.2,3.88,0.364,0.127,5.16,,,Ⅲ
2022-12-15T04:00:00+08:00,1671048000,10.2,7.44,7.49,813.7,56.9,3.91,0.376,0.12,5.18,,,Ⅲ
2022-12-15T08:00:00+08:00,1671062400,10.1,7.46,7.44,815.5,50.2,3.73,0.373,0.122,5.21,,,Ⅲ
2022-12-15T12:00:00+08:00,1671076800,10.3,7.45,7.5,822.9,62.8,3.92,0.392,0.125,5.2,,,Ⅲ
2022-12-15T16:00:00+08:00,1671091200,10.6,7.45,7.5,829.1,58.6,3.71,0.409,0.19,5.25,,,Ⅲ
2022-12-15T20:00:00+08:00,1671105600,10.5,7.46,7.5,833.2,66.5,3.6,0.385,0.127,5.27,,,Ⅲ
2022-12-16T04:00:00+08:00,1671134400,10.5,7.48,7.5,833.6,57.2,3.58,0.399,0.125,5.2,,,Ⅲ
2022-12-16T08:00:00+08:00,1671148800,10.5,7.46,7.51,839.1,49.8,3.81,0.384,0.117,5.14,,,Ⅲ
2022-12-16T12:00:00+08:00,1671163200,10.6,7.46,7.67,843.2,52.9,3.71,0.379,0.122,5.24,,,Ⅲ
2022-12-16T16:00:00+08:00,1671177600,10.6,7.47,7.57,843.2,49.7,3.79,0.404,0.122,5.16,,,Ⅲ
2022-12-16T20:00:00+08:00,1671192000,10.5,7.48,7.65,841.2,48.9,3.68,0.389,0.118,5.16,,,Ⅲ
2022-12-17T00:00:00+08:00,1671206400,10.3,7.48,7.74,850.2,49.6,3.59,0.37,0.121,5.11,,,Ⅲ
2022-12-17T08:00:00+08:00,1671235200,10.0,7.47,7.74,830.1,54.8,3.87,0.365,0.119,5.14,,,Ⅲ
2022-12-17T12:00:00+08:00,1671249600,10.1,7.5,7.98,838.1,51.4,3.59,0.391,0.123,5.17,,,Ⅲ
2022-12-17T16:00:00+08:00,1671264000,9.7,7.5,8.08,840.4,48.2,3.77,0.375,0.121,5.25,,,Ⅲ
2022-12-17T20:00:00+08:00,1671278400,9.4,7.54,8.35,829.4,55.1,3.99,0.383,0.119,5.11,,,Ⅲ
2022-12-18T04:00:00+08:00,1671307200,8.8,7.56,8.45,853.0,53.7,3.76,0.409,0.128,5.22,,,Ⅲ
2022-12-18T08:00:00+08:00,1671321600,8.2,7.58,8.4,865.2,55.9,3.69,0.392,0.144,5.17,,,Ⅲ
2022-12-18T12:00:00+08:00,1671336000,8.4,7.6,8.97,864.0,62.8,3.62,0.401,0.118,5.14,,,Ⅲ
2022-12-18T16:00:00+08:00,1671350400,8.4,7.59,8.85,863.8,55.7,3.73,0.42,0.124,5.21,,,Ⅲ
2022-12-18T20:00:00+08:00,1671364800,8.2,7.6,8.91,873.6,64.0,3.91,0.418,0.122,5.28,,,Ⅲ
2022-12-19T04:00:00+08:00,1671393600,7.9,7.62,8.95,871.2,58.4,3.81,0.434,0.123,5.33,,,Ⅲ
2022-12-19T08:00:00+08:00,1671408000,8.2,7.59,8.46,879.7,30.9,2.84,0.026,0.108,5.23,,,Ⅲ
2022-12-19T12:00:00+08:00,1671422400,8.1,7.6,9.05,880.2,57.0,3.67,0.377,0.114,5.48,,,Ⅲ
2022-12-19T16:00:00+08:00,1671436800,8.0,7.61,8.86,881.5,55.6,3.54,0.086,0.137,5.79,,,Ⅲ
2022-12-19T20:00:00+08:00,1671451200,8.6,7.57,8.43,871.8,30.8,4.21,0.028,0.098,5.25,,,Ⅲ
2022-12-20T04:00:00+08:00,1671480000,7.9,7.62,8.87,889.1,62.9,0.25,0.117,0.021,,,,Ⅱ
2022-12-20T08:00:00+08:00,1671494400,7.8,7.62,9.02,875.9,83.1,3.81,0.098,0.16,5.83,,,Ⅲ
2022-12-20T12:00:00+08:00,1671508800,8.4,7.61,8.88,892.4,68.3,4.03,0.476,0.125,5.29,,,Ⅲ
2022-12-20T16:00:00+08:00,1671523200,8.4,7.61,8.91,885.9,71.8,3.75,0.467,0.131,5.33,,,Ⅲ
2022-12-20T20:00:00+08:00,1671537600,8.2,7.58,8.88,892.4,70.6,4.09,0.464,0.13,5.49,,,Ⅲ
2022-12-21T04:00:00+08:00,1671566400,8.1,7.59,8.94,893.7,64.0,3.6,0.438,0.119,5.35,,,Ⅲ
2022-12-21T08:00:00+08:00,1671580800,8.2,7.58,8.91,887.6,75.9,3.91,0.449,0.121,5.44,,,Ⅲ
2022-12-21T12:00:00+08:00,1671595200,8.8,7.61,8.68,889.5,65.2,3.91,0.432,0.124,5.32,,,Ⅲ
2022-12-21T16:00:00+08:00,1671609600,8.8,7.61,8.83,888.6,81.0,3.69,0.437,0.122,5.31,,,Ⅲ
2022-12-21T20:00:00+08:00,1671624000,8.5,7.57,8.9,891.7,73.7,3.96,0.427,0.119,5.26,,,Ⅲ
2022-12-22T04:00:00+08:00,1671652800,8.3,7.59,8.86,887.1,69.1,3.87,0.403,0.116,5.26,,,Ⅲ
2022-12-22T08:00:00+08:00,1671667200,8.4,7.59,8.92,881.2,59.6,3.91,0.403,0.108,5.29,,,Ⅲ
2022-12-22T12:00:00+08:00,1671681600,8.4,7.59,8.97,880.7,56.7,3.81,0.422,0.117,5.16,,,Ⅲ
2022-12-22T16:00:00+08:00,1671696000,8.6,7.63,9.22,885.4,62.4,3.58,0.401,0.114,5.27,,,Ⅲ
2022-12-22T20:00:00+08:00,1671710400,8.3,7.6,9.0,890.1,62.2,3.59,0.416,0.119,5.23,,,Ⅲ
2022-12-23T00:00:00+08:00,1671724800,8.0,7.63,9.15,887.3,59.0,3.77,0.414,0.116,5.24,,,Ⅲ
2022-12-23T04:00:00+08:00,1671739200,7.5,7.64,9.16,887.7,48.6,3.51,0.4,0.103,5.14,,,Ⅲ
2022-12-23T08:00:00+08:00,1671753600,7.6,7.63,9.21,880.0,64.5,3.88,0.39,0.121,5.19,,,Ⅲ
2022-12-23T12:00:00+08:00,1671768000,7.6,7.64,9.21,874.7,62.1,3.89,0.405,0.111,5.27,,,Ⅲ
2022-12-23T16:00:00+08:00,1671782400,7.8,7.65,9.47,887.1,61.0,3.92,0.41,0.108,5.18,,,Ⅲ
2022-12-23T20:00:00+08:00,1671796800,7.6,7.65,9.44,888.2,62.0,3.67,0.391,0.113,5.35,,,Ⅲ
2022-12-24T00:00:00+08:00,1671811200,7.2,7.65,9.43,885.5,57.1,3.51,0.418,0.111,5.31,,,Ⅲ
2022-12-24T04:00:00+08:00,1671825600,6.9,7.64,9.42,880.4,52.6,3.64,0.434,0.106,5.18,,,Ⅲ
2022-12-24T08:00:00+08:00,1671840000,6.9,7.65,9.42,880.0,55.5,3.55,0.418,0.11,5.32,,,Ⅲ
2022-12-24T12:00:00+08:00,1671854400,7.0,7.65,9.42,880.8,55.4,3.6,0.441,0.112,5.19,,,Ⅲ
2022-12-24T16:00:00+08:00,1671868800,7.2,7.65,9.6,890.0,59.5,3.75,0.442,0.112,5.2,,,Ⅲ
2022-12-24T20:00:00+08:00,1671883200,6.9,7.67,9.52,890.8,52.5,3.64,0.433,0.115,5.24,,,Ⅲ
2022-12-25T00:00:00+08:00,1671897600,6.6,7.66,9.54,888.5,59.3,3.5,0.427,0.106,5.23,,,Ⅲ
2022-12-25T04:00:00+08:00,1671912000,6.6,7.65,9.44,874.0,54.5,3.5,0.428,0.095,5.24,,,Ⅱ
2022-12-25T08:00:00+08:00,1671926400,6.6,7.66,9.57,884.5,54.7,3.52,0.407,0.106,5.24,,,Ⅲ
2022-12-25T12:00:00+08:00,1671940800,6.8,7.66,9.54,885.1,57.9,3.58,0.436,0.111,5.26,,,Ⅲ
2022-12-25T16:00:00+08:00,1671955200,7.2,7.67,9.65,884.1,65.6,3.51,0.438,0.109,5.28,,,Ⅲ
2022-12-25T20:00:00+08:00,1671969600,6.7,7.65,9.6,890.9,59.2,3.64,0.431,0.112,5.26,,,Ⅲ
2022-12-26T00:00:00+08:00,1671984000,6.6,7.66,9.74,887.6,64.0,3.81,0.428,0.108,5.31,,,Ⅲ
2022-12-26T04:00:00+08:00,1671998400,6.6,7.65,9.5,881.1,61.9,3.65,0.43,0.105,5.33,,,Ⅲ
2022-12-26T08:00:00+08:00,1672012800,6.6,7.66,9.59,887.1,61.7,3.55,0.429,0.113,5.27,,,Ⅲ
2022-12-26T12:00:00+08:00,1672027200,6.7,7.64,9.73,886.7,71.6,3.84,0.418,0.111,5.32,,,Ⅲ
2022-12-26T20:00:00+08:00,1672056000,6.7,7.64,9.71,887.3,54.8,3.68,0.444,0.109,5.34,,,Ⅲ
2022-12-27T04:00:00+08:00,1672084800,6.7,7.64,9.73,886.8,43.9,3.76,0.435,0.101,5.12,,,Ⅲ
2022-12-27T08:00:00+08:00,1672099200,6.6,7.63,9.74,889.9,54.0,3.75,0.408,0.106,5.22,,,Ⅲ
2022-12-27T12:00:00+08:00,1672113600,7.1,7.62,9.77,881.9,52.7,3.52,0.405,0.104,5.16,,,Ⅲ
2022-12-27T16:00:00+08:00,1672128000,7.3,7.62,9.69,873.2,41.4,3.52,0.418,0.1,5.14,,,Ⅲ
2022-12-27T20:00:00+08:00,1672142400,7.2,7.65,9.6,880.0,50.4,3.5,0.414,0.103,5.14,,,Ⅱ
2022-12-28T04:00:00+08:00,1672171200,7.2,7.62,9.48,876.2,42.8,3.65,0.403,0.103,5.06,,,Ⅲ
2022-12-28T08:00:00+08:00,1672185600,7.2,7.63,9.51,875.0,46.1,3.52,0.392,0.102,5.11,,,Ⅲ
2022-12-28T12:00:00+08:00,1672200000,7.3,7.64,9.69,871.6,42.6,3.51,0.399,0.1,5.07,,,Ⅲ
2022-12-28T16:00:00+08:00,1672214400,7.4,7.64,9.65,864.2,35.7,3.68,0.399,0.098,5.04,,,Ⅲ
2022-12-28T20:00:00+08:00,1672228800,7.3,7.6,9.61,868.8,39.0,3.4,0.431,0.099,5.16,,,Ⅱ
2022-12-29T04:00:00+08:00,1672257600,7.2,7.62,9.42,862.8,40.2,3.35,0.416,0.101,5.02,,,Ⅲ
2022-12-29T08:00:00+08:00,1672272000,7.2,7.63,9.28,855.2,35.2,3.47,0.4,0.101,4.96,,,Ⅲ
2022-12-29T12:00:00+08:00,1672286400,7.2,7.64,9.49,854.7,41.0,3.55,0.403,0.104,5.05,,,Ⅲ
2022-12-29T16:00:00+08:00,1672300800,7.2,7.63,9.52,848.0,40.5,3.56,0.414,0.1,5.08,,,Ⅲ
2022-12-29T20:00:00+08:00,1672315200,7.2,7.63,9.34,852.8,36.0,3.47,0.417,0.099,5.05,,,Ⅲ
2022-12-30T04:00:00+08:00,1672344000,7.1,7.63,9.47,850.3,37.9,3.48,0.409,0.1,4.96,,,Ⅱ
2022-12-30T08:00:00+08:00,1672358400,7.0,7.63,9.18,849.6,41.1,3.51,0.409,0.098,5.14,,,Ⅱ
2022-12-30T12:00:00+08:00,1672372800,7.1,7.62,9.45,847.6,44.7,3.3,0.403,0.104,5.04,,,Ⅲ
2022-12-30T16:00:00+08:00,1672387200,7.2,7.63,9.45,841.6,44.0,3.4,0.398,0.103,5.0,,,Ⅲ
2022-12-30T20:00:00+08:00,1672401600,7.0,7.62,9.34,846.2,47.6,3.42,0.41,0.101,5.05,,,Ⅲ
2022-12-31T00:00:00+08:00,1672416000,6.8,7.62,9.42,853.6,42.4,3.4,0.407,0.104,5.07,,,Ⅲ
2022-12-31T08:00:00+08:00,1672444800,6.6,7.64,9.27,840.0,49.3,3.64,0.398,0.104,5.04,,,Ⅲ
2022-12-31T12:00:00+08:00,1672459200,7.1,7.65,9.57,843.6,43.2,3.44,0.388,0.101,5.02,,,Ⅲ
2022-12-31T16:00:00+08:00,1672473600,7.1,7.62,9.58,838.9,53.6,3.36,0.403,0.104,5.06,,,Ⅲ
2022-12-31T20:00:00+08:00,1672488000,7.0,7.64,9.5,836.7,48.3,3.39,0.397,0.104,5.0,,,Ⅲ
2023-01-01T04:00:00+08:00,1672516800,6.9,7.64,9.5,837.4,47.5,3.56,0.393,0.101,5.04,,,Ⅲ
2023-01-01T08:00:00+08:00,1672531200,6.7,7.63,9.36,833.6,46.3,3.39,0.398,0.105,5.01,,,Ⅲ
2023-01-01T12:00:00+08:00,1672545600,6.9,7.64,9.48,832.4,43.1,3.46,0.387,0.102,5.04,,,Ⅲ
2023-01-01T16:00:00+08:00,1672560000,7.0,7.62,9.47,831.7,51.4,3.58,0.401,0.106,5.03,,,Ⅲ
2023-01-01T20:00:00+08:00,1672574400,7.1,7.63,9.32,823.4,50.7,3.51,0.391,0.101,5.06,,,Ⅲ
2023-01-02T04:00:00+08:00,1672603200,7.1,7.62,9.21,826.0,59.6,3.62,0.404,0.104,5.04,,,Ⅲ
2023-01-02T08:00:00+08:00,1672617600,7.1,7.6,9.11,820.4,51.2,3.64,0.402,0.104,5.1,,,Ⅲ
2023-01-02T12:00:00+08:00,1672632000,7.2,7.62,9.2,818.8,44.8,3.71,0.395,0.104,5.06,,,Ⅲ
2023-01-02T16:00:00+08:00,1672646400,7.2,7.61,9.3,823.9,48.4,3.4,0.386,0.102,4.96,,,Ⅲ
2023-01-02T20:00:00+08:00,1672660800,7.2,7.61,9.06,817.9,45.8,3.64,0.388,0.101,4.98,,,Ⅲ
2023-01-03T04:00:00+08:00,1672689600,7.2,7.57,9.01,813.6,52.5,3.26,0.379,0.097,4.97,,,Ⅱ
2023-01-03T12:00:00+08:00,1672718400,7.9,7.6,9.29,807.0,44.1,3.62,0.357,0.099,4.92,,,Ⅱ
2023-01-03T16:00:00+08:00,1672732800,8.0,7.6,9.49,811.3,44.7,3.68,0.354,0.099,4.96,,,Ⅱ
2023-01-03T20:00:00+08:00,1672747200,7.6,7.61,9.19,811.8,52.4,3.34,0.353,0.097,4.96,,,Ⅱ
2023-01-04T04:00:00+08:00,1672776000,7.4,7.59,9.03,801.6,47.0,3.26,0.346,0.096,4.94,,,Ⅱ
2023-01-04T08:00:00+08:00,1672790400,7.4,7.59,9.08,803.7,56.6,3.42,0.357,0.099,4.99,,,Ⅱ
2023-01-04T12:00:00+08:00,1672804800,7.9,7.54,9.98,803.7,45.9,3.39,0.362,0.091,4.94,,,Ⅱ
2023-01-04T16:00:00+08:00,1672819200,8.1,7.58,10.2,808.1,47.7,3.51,0.309,0.094,4.97,,,Ⅱ
2023-01-04T20:00:00+08:00,1672833600,7.7,7.57,9.94,805.4,57.7,3.6,0.323,0.096,4.95,,,Ⅱ
2023-01-05T04:00:00+08:00,1672862400,7.8,7.55,9.49,799.7,47.4,3.43,0.298,0.093,4.92,,,Ⅱ
2023-01-05T08:00:00+08:00,1672876800,7.8,7.54,9.55,798.0,60.2,3.64,0.321,0.098,5.0,,,Ⅱ
2023-01-05T12:00:00+08:00,1672891200,8.2,7.55,9.86,799.3,57.4,3.4,0.309,0.098,4.97,,,Ⅱ
2023-01-05T16:00:00+08:00,1672905600,8.4,7.56,10.04,801.2,54.1,3.47,0.305,0.1,4.97,,,Ⅲ
2023-01-05T20:00:00+08:00,1672920000,8.2,7.53,9.98,805.0,60.9,3.64,0.312,0.096,4.92,,,Ⅱ
2023-01-06T00:00:00+08:00,1672934400,8.3,7.54,9.75,798.9,52.8,3.63,0.308,0.094,4.92,,,Ⅱ
2023-01-06T04:00:00+08:00,1672948800,8.4,7.53,9.78,796.8,49.4,3.47,0.294,0.09,4.89,,,Ⅱ
2023-01-06T08:00:00+08:00,1672963200,8.4,7.52,9.71,796.8,60.5,3.35,0.288,0.097,5.04,,,Ⅱ
2023-01-06T12:00:00+08:00,1672977600,8.9,7.56,9.89,789.2,64.8,3.39,0.294,0.099,5.04,,,Ⅱ
2023-01-06T16:00:00+08:00,1672992000,9.2,7.58,10.03,790.3,50.6,3.44,0.294,0.094,4.94,,,Ⅱ
2023-01-06T20:00:00+08:00,1673006400,8.8,7.56,10.05,795.9,65.5,3.35,0.283,0.096,4.94,,,Ⅱ
2023-01-07T00:00:00+08:00,1673020800,8.8,7.55,9.77,793.8,53.0,3.63,0.29,0.089,4.97,,,Ⅱ
2023-01-07T04:00:00+08:00,1673035200,8.8,7.52,9.69,789.2,48.8,3.38,0.284,0.088,4.92,,,Ⅱ
2023-01-07T08:00:00+08:00,1673049600,8.8,7.55,9.96,789.0,60.2,3.52,0.28,0.092,4.98,,,Ⅱ
2023-01-07T12:00:00+08:00,1673064000,9.2,7.59,9.93,782.1,58.1,3.52,0.284,0.096,4.98,,,Ⅱ
2023-01-07T16:00:00+08:00,1673078400,9.4,7.55,10.13,785.7,47.2,3.73,0.273,0.096,4.91,,,Ⅱ
2023-01-07T20:00:00+08:00,1673092800,9.1,7.55,10.0,788.4,58.8,3.65,0.279,0.092,4.87,,,Ⅱ
2023-01-08T00:00:00+08:00,1673107200,9.0,7.55,9.81,786.6,52.2,3.6,0.27,0.079,4.93,,,Ⅱ
2023-01-08T04:00:00+08:00,1673121600,8.9,7.56,9.75,783.0,48.0,3.65,0.27,0.088,4.95,,,Ⅱ
2023-01-08T08:00:00+08:00,1673136000,8.9,7.56,9.84,788.0,58.8,3.54,0.271,0.089,4.91,,,Ⅱ
2023-01-08T12:00:00+08:00,1673150400,9.3,7.57,9.96,777.9,64.8,3.65,0.285,0.094,5.03,,,Ⅱ
2023-01-08T16:00:00+08:00,1673164800,9.7,7.62,10.19,782.6,54.2,3.72,0.274,0.094,4.94,,,Ⅱ
2023-01-08T20:00:00+08:00,1673179200,9.4,7.57,10.01,783.9,69.4,3.52,0.258,0.1,4.94,,,Ⅱ
2023-01-09T00:00:00+08:00,1673193600,9.3,7.56,9.87,784.8,34.4,3.55,0.262,0.098,4.93,,,Ⅱ
2023-01-09T04:00:00+08:00,1673208000,9.3,7.54,9.61,781.7,48.5,3.52,0.263,0.088,4.92,,,Ⅱ
2023-01-09T08:00:00+08:00,1673222400,9.2,7.56,9.79,785.9,59.0,3.48,0.255,0.093,4.89,,,Ⅱ
2023-01-09T12:00:00+08:00,1673236800,9.7,7.55,9.09,782.6,61.5,3.93,0.26,0.092,4.93,,,Ⅱ
2023-01-09T16:00:00+08:00,1673251200,10.0,7.6,9.63,779.7,53.2,3.64,0.242,0.096,4.93,,,Ⅱ
2023-01-09T20:00:00+08:00,1673265600,9.7,7.55,9.62,790.4,64.0,3.59,0.235,0.096,4.87,,,Ⅱ
2023-01-10T00:00:00+08:00,1673280000,9.7,7.57,9.53,786.2,60.3,3.47,0.241,0.094,4.93,,,Ⅱ
2023-01-10T04:00:00+08:00,1673294400,9.6,7.56,9.21,785.3,51.7,3.76,0.244,0.094,4.92,,,Ⅱ
2023-01-10T08:00:00+08:00,1673308800,9.6,7.59,9.46,788.7,61.0,3.64,0.228,0.094,4.89,,,Ⅱ
2023-01-10T12:00:00+08:00,1673323200,9.8,7.58,9.52,784.9,59.4,3.55,0.232,0.094,4.95,,,Ⅱ
2023-01-10T16:00:00+08:00,1673337600,10.3,7.61,9.57,778.9,56.8,3.52,0.229,0.089,4.88,,,Ⅱ
2023-01-10T20:00:00+08:00,1673352000,9.9,7.55,9.42,785.8,80.0,3.73,0.232,0.099,4.93,,,Ⅱ
2023-01-11T00:00:00+08:00,1673366400,9.9,7.56,9.47,786.4,54.3,3.51,0.227,0.091,4.87,,,Ⅱ
2023-01-11T04:00:00+08:00,1673380800,9.9,7.56,9.39,777.4,52.0,3.54,0.217,0.087,4.81,,,Ⅱ
2023-01-11T08:00:00+08:00,1673395200,9.7,7.55,9.3,785.1,56.2,3.56,0.202,0.086,4.8,,,Ⅱ
2023-01-11T12:00:00+08:00,1673409600,10.3,7.56,9.37,780.3,56.0,3.71,0.208,0.088,4.79,,,Ⅱ
2023-01-11T16:00:00+08:00,1673424000,10.8,7.58,9.35,774.5,54.4,3.65,0.227,0.09,4.8,,,Ⅱ
2023-01-11T20:00:00+08:00,1673438400,10.5,7.57,9.37,780.5,42.2,3.64,0.213,0.088,4.82,,,Ⅱ
2023-01-12T00:00:00+08:00,1673452800,10.4,7.57,9.51,781.7,55.5,3.65,0.214,0.086,4.86,,,Ⅱ
2023-01-12T04:00:00+08:00,1673467200,10.7,7.55,9.23,776.6,52.2,3.55,0.221,0.088,4.82,,,Ⅱ
2023-01-12T08:00:00+08:00,1673481600,10.7,7.54,9.22,778.4,45.3,3.73,0.196,0.089,4.74,,,Ⅱ
2023-01-12T12:00:00+08:00,1673496000,11.1,7.57,9.22,776.5,67.3,3.52,0.207,0.093,4.9,,,Ⅱ
2023-01-12T16:00:00+08:00,1673510400,11.9,7.6,9.08,768.5,61.8,3.48,0.21,0.087,4.83,,,Ⅱ
2023-01-12T20:00:00+08:00,1673524800,11.8,7.59,9.1,775.2,52.0,3.69,0.198,0.087,4.88,,,Ⅱ
2023-01-13T00:00:00+08:00,1673539200,11.6,7.58,9.09,773.8,72.2,3.62,0.197,0.087,4.78,,,Ⅱ
2023-01-13T04:00:00+08:00,1673553600,12.0,7.55,8.87,771.1,72.4,3.44,0.196,0.086,4.81,,,Ⅱ
2023-01-13T08:00:00+08:00,1673568000,12.1,7.55,8.66,773.2,47.3,3.56,0.185,0.084,4.81,,,Ⅱ
2023-01-13T12:00:00+08:00,1673582400,12.2,7.56,8.81,772.3,66.0,3.43,0.198,0.084,4.8,,,Ⅱ
2023-01-13T16:00:00+08:00,1673596800,12.5,7.57,8.66,764.3,70.3,3.65,0.223,0.091,4.9,,,Ⅱ
2023-01-13T20:00:00+08:00,1673611200,12.5,7.55,8.52,769.2,51.2,3.55,0.216,0.088,4.86,,,Ⅱ
2023-01-14T00:00:00+08:00,1673625600,12.5,7.55,8.54,773.4,73.0,3.43,0.212,0.092,4.76,,,Ⅱ
2023-01-14T04:00:00+08:00,1673640000,12.6,7.5,8.33,767.7,60.8,3.67,0.23,0.091,4.87,,,Ⅱ
2023-01-14T08:00:00+08:00,1673654400,12.6,7.5,8.15,768.5,47.5,3.47,0.23,0.102,4.93,,,Ⅲ
2023-01-14T12:00:00+08:00,1673668800,12.6,7.5,8.29,770.6,63.2,3.64,0.227,0.088,4.82,,,Ⅱ
2023-01-14T16:00:00+08:00,1673683200,12.6,7.5,8.1,763.3,58.0,3.58,0.273,0.103,5.02,,,Ⅲ
2023-01-14T20:00:00+08:00,1673697600,12.4,7.5,8.1,763.0,54.6,3.67,0.267,0.101,5.07,,,Ⅲ
2023-01-15T00:00:00+08:00,1673712000,12.3,7.53,8.27,766.7,49.4,3.87,0.228,0.094,4.86,,,Ⅱ
2023-01-15T04:00:00+08:00,1673726400,12.1,7.5,8.18,761.3,45.7,3.46,0.267,0.101,5.0,,,Ⅲ
2023-01-15T08:00:00+08:00,1673740800,11.6,7.46,7.88,754.0,39.7,3.91,0.307,0.099,5.05,,,Ⅱ
2023-01-15T12:00:00+08:00,1673755200,11.6,7.49,8.11,760.3,38.4,3.59,0.272,0.102,5.05,,,Ⅲ
2023-01-15T16:00:00+08:00,1673769600,11.0,7.47,8.05,762.0,42.0,3.93,0.315,0.096,5.05,,,Ⅱ
2023-01-15T20:00:00+08:00,1673784000,10.3,7.5,8.04,757.5,36.1,3.51,0.308,0.102,5.0,,,Ⅲ
2023-01-16T00:00:00+08:00,1673798400,10.3,7.5,8.05,759.9,37.3,3.65,0.307,0.1,5.02,,,Ⅲ
2023-01-16T08:00:00+08:00,1673827200,9.4,7.49,7.93,739.3,40.7,3.75,0.354,0.101,5.05,,,Ⅲ
2023-01-16T12:00:00+08:00,1673841600,9.6,7.5,8.17,746.8,35.8,3.19,0.368,,,,,
2023-01-16T16:00:00+08:00,1673856000,9.6,7.49,8.08,749.3,34.4,3.46,0.34,0.112,5.02,,,Ⅲ
2023-01-16T20:00:00+08:00,1673870400,9.4,7.5,8.25,744.1,36.6,3.16,0.303,0.1,5.07,,,Ⅱ
2023-01-17T00:00:00+08:00,1673884800,9.3,7.47,8.22,743.7,33.1,3.36,0.295,0.114,5.01,,,Ⅲ
2023-01-17T04:00:00+08:00,1673899200,9.2,7.45,8.12,738.5,39.4,3.19,0.306,0.1,5.06,,,Ⅲ
2023-01-17T08:00:00+08:00,1673913600,8.9,7.5,8.19,739.6,33.5,3.26,0.278,0.1,5.05,,,Ⅱ
2023-01-17T12:00:00+08:00,1673928000,9.4,7.55,9.19,740.2,27.0,3.16,0.257,0.105,4.98,,,Ⅲ
2023-01-17T16:00:00+08:00,1673942400,9.2,7.5,8.22,740.9,30.3,3.16,0.29,0.103,5.11,,,Ⅲ
2023-01-17T20:00:00+08:00,1673956800,9.2,7.49,8.34,735.2,31.5,3.48,0.28,0.097,5.07,,,Ⅱ
2023-01-18T00:00:00+08:00,1673971200,9.1,7.49,8.18,737.4,26.1,3.16,0.286,0.099,5.0,,,Ⅱ
2023-01-18T04:00:00+08:00,1673985600,9.0,7.5,8.23,737.4,28.7,3.44,0.302,0.095,5.12,,,Ⅱ
2023-01-18T08:00:00+08:00,1674000000,8.8,7.5,8.23,741.7,29.4,3.24,0.279,0.108,5.15,,,Ⅲ
2023-01-18T12:00:00+08:00,1674014400,9.2,7.56,9.19,747.0,29.6,3.24,0.268,0.12,5.14,,,Ⅲ
2023-01-18T16:00:00+08:00,1674028800,9.2,7.52,8.69,744.8,31.6,3.47,0.274,0.093,5.09,,,Ⅱ
2023-01-18T20:00:00+08:00,1674043200,8.9,7.49,8.32,750.2,26.2,3.16,0.265,0.1,5.11,,,Ⅲ
2023-01-19T00:00:00+08:00,1674057600,8.7,7.48,8.48,750.1,23.9,3.42,0.282,0.098,5.12,,,Ⅱ
2023-01-19T04:00:00+08:00,1674072000,8.7,7.52,8.4,760.0,26.4,3.24,0.276,0.096,5.16,,,Ⅱ
2023-01-28T08:00:00+08:00,1674864000,6.7,7.6,10.33,740.9,25.0,3.51,0.229,0.116,5.44,,,Ⅲ
2023-01-28T12:00:00+08:00,1674878400,6.9,7.63,10.4,743.9,23.7,3.63,0.239,0.119,5.4,,,Ⅲ
2023-01-28T16:00:00+08:00,1674892800,7.1,7.63,10.45,733.7,26.3,3.3,0.261,0.113,5.47,,,Ⅲ
2023-01-28T20:00:00+08:00,1674907200,6.8,7.63,10.5,738.9,29.2,3.56,0.246,0.039,5.4,,,Ⅲ
2023-01-29T04:00:00+08:00,1674936000,6.8,7.63,10.38,741.3,27.3,3.3,0.242,0.12,5.48,,,Ⅲ
2023-01-29T08:00:00+08:00,1674950400,6.6,7.65,10.34,740.5,26.1,3.35,0.246,0.097,5.4,,,Ⅱ
2023-01-29T12:00:00+08:00,1674964800,6.8,7.65,10.45,741.8,27.1,3.23,0.254,0.103,5.4,,,Ⅲ
2023-01-29T16:00:00+08:00,1674979200,7.2,7.65,10.41,738.0,24.9,3.31,0.247,0.096,5.4,,,Ⅱ
2023-01-29T20:00:00+08:00,1674993600,7.1,7.62,10.49,739.1,29.0,3.14,0.25,0.16,5.42,,,Ⅲ
2023-01-30T04:00:00+08:00,1675022400,6.8,7.64,10.46,736.9,26.1,3.46,0.236,0.102,5.37,,,Ⅲ
2023-01-30T08:00:00+08:00,1675036800,6.8,7.64,10.44,738.0,32.7,3.48,0.222,0.114,5.33,,,Ⅲ
2023-01-30T12:00:00+08:00,1675051200,7.4,7.7,10.58,740.0,44.6,3.68,0.224,0.122,5.43,,,Ⅲ
2023-01-30T16:00:00+08:00,1675065600,7.4,7.65,10.47,736.7,30.6,3.47,0.218,0.11,5.37,,,Ⅲ
2023-01-30T20:00:00+08:00,1675080000,7.4,7.63,10.43,733.9,47.0,3.35,0.226,0.104,5.37,,,Ⅲ
2023-01-31T04:00:00+08:00,1675108800,7.4,7.63,10.37,737.8,33.2,3.38,0.213,0.1,5.35,,,Ⅲ
2023-01-31T08:00:00+08:00,1675123200,7.3,7.65,10.33,735.2,40.2,3.26,0.211,0.104,5.3,,,Ⅱ
2023-01-31T12:00:00+08:00,1675137600,8.1,7.78,11.3,733.6,39.6,3.22,0.196,0.098,5.29,,,Ⅲ
2023-01-31T16:00:00+08:00,1675152000,8.0,7.66,10.27,736.7,27.7,3.35,0.215,0.078,5.32,,,Ⅱ
2023-01-31T20:00:00+08:00,1675166400,8.0,7.61,10.22,734.3,52.3,3.48,0.212,0.103,5.34,,,Ⅱ
2023-02-01T04:00:00+08:00,1675195200,8.0,7.64,10.07,733.4,35.9,3.54,0.212,0.097,5.3,,,Ⅲ
2023-02-01T08:00:00+08:00,1675209600,8.0,7.59,10.16,729.0,48.2,3.43,0.209,0.128,5.31,,,Ⅲ
2023-02-01T12:00:00+08:00,1675224000,8.4,7.71,10.7,733.4,38.8,3.36,0.194,0.016,5.35,,,Ⅱ
2023-02-01T16:00:00+08:00,1675238400,8.6,7.73,10.95,737.6,34.5,3.36,0.185,0.102,5.24,,,Ⅲ
2023-02-01T20:00:00+08:00,1675252800,8.2,7.63,10.32,739.1,63.0,3.19,0.204,0.103,5.32,,,Ⅲ
2023-02-02T04:00:00+08:00,1675281600,8.1,7.61,10.14,738.6,28.6,3.14,0.199,0.096,5.26,,,Ⅱ
2023-02-02T08:00:00+08:00,1675296000,8.1,7.63,10.13,738.4,33.1,3.38,0.204,0.106,5.25,,,Ⅲ
2023-02-02T12:00:00+08:00,1675310400,8.0,7.62,10.23,731.6,40.1,3.48,0.195,0.103,5.33,,,Ⅲ
2023-02-02T16:00:00+08:00,1675324800,8.1,7.65,10.44,739.9,26.7,3.48,0.203,0.109,5.26,,,Ⅲ
2023-02-02T20:00:00+08:00,1675339200,8.0,7.6,10.12,738.4,30.0,3.42,0.208,0.103,5.3,,,Ⅲ
2023-02-03T04:00:00+08:00,1675368000,7.8,7.59,10.13,730.8,33.8,3.11,0.203,0.102,5.33,,,Ⅲ
2023-02-03T08:00:00+08:00,1675382400,7.9,7.62,10.04,729.1,33.5,3.19,0.207,0.107,5.31,,,Ⅲ
2023-02-03T12:00:00+08:00,1675396800,8.1,7.61,10.06,729.4,48.2,3.44,0.206,0.108,5.21,,,Ⅲ
2023-02-03T16:00:00+08:00,1675411200,8.3,7.69,10.5,736.6,48.7,3.28,0.189,0.096,5.26,,,Ⅱ
2023-02-03T20:00:00+08:00,1675425600,8.1,7.64,10.08,738.5,32.1,3.4,0.196,0.106,5.24,,,Ⅱ
2023-02-04T04:00:00+08:00,1675454400,7.8,7.59,10.0,730.1,35.5,3.3,0.192,0.099,5.22,,,Ⅱ
2023-02-04T08:00:00+08:00,1675468800,7.9,7.59,10.06,728.6,38.4,3.18,0.192,0.116,5.31,,,Ⅲ
2023-02-04T12:00:00+08:00,1675483200,8.2,7.63,10.07,724.4,46.5,3.52,0.206,0.108,5.27,,,Ⅲ
2023-02-04T16:00:00+08:00,1675497600,8.5,7.65,10.18,732.2,51.2,3.34,0.174,0.105,5.32,,,Ⅲ
2023-02-04T20:00:00+08:00,1675512000,8.2,7.61,10.13,730.7,38.3,3.2,0.158,0.097,5.31,,,Ⅱ
2023-02-05T04:00:00+08:00,1675540800,8.2,7.56,9.93,729.2,45.1,3.28,0.159,0.087,5.17,,,Ⅱ
2023-02-05T08:00:00+08:00,1675555200,8.2,7.6,9.9,731.5,39.2,3.19,0.164,0.157,5.23,,,Ⅲ
2023-02-05T12:00:00+08:00,1675569600,8.5,7.65,10.01,724.0,58.6,3.47,0.156,0.1,5.31,,,Ⅱ
2023-02-05T16:00:00+08:00,1675584000,8.6,7.68,10.15,728.5,56.9,3.54,0.15,0.102,5.16,,,Ⅲ
2023-02-05T20:00:00+08:00,1675598400,8.5,7.62,9.92,731.1,47.4,3.23,0.158,0.089,5.19,,,Ⅱ
2023-02-06T04:00:00+08:00,1675627200,8.7,7.6,9.85,724.6,49.4,3.07,0.152,0.1,5.15,,,Ⅲ
2023-02-06T08:00:00+08:00,1675641600,8.6,7.62,9.84,730.2,46.6,3.38,0.146,0.097,5.16,,,Ⅱ
2023-02-06T12:00:00+08:00,1675656000,8.9,7.61,9.87,720.8,70.1,3.46,0.154,0.093,5.19,,,Ⅱ
2023-02-06T16:00:00+08:00,1675670400,9.1,7.64,9.92,721.1,68.9,3.26,0.155,0.096,5.16,,,Ⅱ
2023-02-06T20:00:00+08:00,1675684800,8.9,7.61,9.77,730.0,50.8,3.24,0.146,0.096,5.2,,,Ⅱ
2023-02-07T04:00:00+08:00,1675713600,9.0,7.59,9.69,718.4,52.6,3.3,0.154,0.091,5.16,,,Ⅱ
2023-02-07T08:00:00+08:00,1675728000,9.0,7.58,9.71,724.9,54.4,3.51,0.142,0.103,5.18,,,Ⅲ
2023-02-07T12:00:00+08:00,1675742400,9.3,7.59,9.6,717.8,89.5,3.4,0.143,0.092,5.18,,,Ⅱ
2023-02-07T16:00:00+08:00,1675756800,9.6,7.63,9.67,718.6,69.3,3.22,0.14,0.096,5.16,,,Ⅱ
2023-02-07T20:00:00+08:00,1675771200,9.4,7.6,9.66,724.2,75.3,3.35,0.132,0.088,5.12,,,Ⅱ
2023-02-08T04:00:00+08:00,1675800000,9.5,7.55,9.36,713.2,55.1,3.35,0.154,0.094,5.2,,,Ⅱ
2023-02-08T08:00:00+08:00,1675814400,9.4,7.55,9.51,722.0,46.9,3.26,0.13,0.093,5.11,,,Ⅱ
2023-02-08T12:00:00+08:00,1675828800,9.6,7.55,9.35,714.2,70.8,3.26,0.156,0.097,5.22,,,Ⅱ
2023-02-08T16:00:00+08:00,1675843200,9.6,7.55,9.49,711.1,53.0,3.15,0.164,0.091,5.19,,,Ⅱ
2023-02-08T20:00:00+08:00,1675857600,9.6,7.55,9.48,719.3,36.5,3.11,0.142,0.096,5.16,,,Ⅱ
2023-02-09T04:00:00+08:00,1675886400,9.6,7.54,9.17,712.2,43.2,3.14,0.162,0.06,5.18,,,Ⅱ
2023-02-09T12:00:00+08:00,1675915200,9.6,7.51,9.17,717.2,50.1,3.47,0.162,0.099,5.24,,,Ⅱ
2023-02-09T16:00:00+08:00,1675929600,9.7,7.51,9.17,712.2,49.0,3.27,0.166,0.095,5.16,,,Ⅱ
2023-02-09T20:00:00+08:00,1675944000,9.7,7.5,9.17,716.6,38.6,3.27,0.154,0.1,5.22,,,Ⅱ
2023-02-10T04:00:00+08:00,1675972800,9.7,7.45,8.72,710.2,59.3,3.14,0.234,0.101,5.48,,,Ⅲ
2023-02-10T08:00:00+08:00,1675987200,9.6,7.45,8.76,715.2,49.7,3.28,0.185,0.105,5.3,,,Ⅲ
2023-02-10T12:00:00+08:00,1676001600,9.7,7.44,8.74,710.8,33.5,3.56,0.235,0.104,5.47,,,Ⅲ
2023-02-10T16:00:00+08:00,1676016000,9.7,7.43,8.37,707.9,52.8,3.59,0.288,0.108,5.69,,,Ⅲ
2023-02-10T20:00:00+08:00,1676030400,9.7,7.47,8.35,716.1,42.4,3.55,0.272,0.106,5.65,,,Ⅲ
2023-02-11T04:00:00+08:00,1676059200,9.7,7.41,8.01,708.3,47.9,3.28,0.316,0.103,5.6,,,Ⅲ
2023-02-11T08:00:00+08:00,1676073600,9.7,7.43,8.03,714.8,45.8,3.59,0.284,0.106,5.69,,,Ⅲ
2023-02-11T12:00:00+08:00,1676088000,9.7,7.43,8.01,713.2,41.2,3.28,0.29,0.112,5.68,,,Ⅲ
2023-02-11T16:00:00+08:00,1676102400,9.7,7.43,7.96,705.2,48.0,3.27,0.353,0.11,5.73,,,Ⅲ
2023-02-11T20:00:00+08:00,1676116800,9.7,7.39,8.03,712.1,40.6,3.15,0.321,0.105,5.7,,,Ⅲ
2023-02-12T04:00:00+08:00,1676145600,9.7,7.39,7.82,704.7,46.4,3.3,0.376,0.109,5.92,,,Ⅲ
2023-02-12T08:00:00+08:00,1676160000,9.8,7.42,7.95,698.7,32.4,3.54,0.35,0.107,5.77,,,Ⅲ
2023-02-12T12:00:00+08:00,1676174400,10.1,7.36,7.83,702.9,32.0,3.43,0.389,0.116,5.95,,,Ⅲ
2023-02-12T16:00:00+08:00,1676188800,10.3,7.38,7.75,688.9,56.0,3.93,0.503,0.136,6.47,,,Ⅲ
2023-02-12T20:00:00+08:00,1676203200,10.4,7.35,7.62,687.4,43.9,3.81,0.509,0.135,6.6,,,Ⅲ
2023-02-13T04:00:00+08:00,1676232000,10.6,7.33,7.49,679.2,46.9,4.07,0.517,0.149,6.7,,,Ⅲ
2023-02-13T08:00:00+08:00,1676246400,10.4,7.33,7.51,681.7,37.8,4.07,0.514,0.148,6.75,,,Ⅲ
2023-02-13T12:00:00+08:00,1676260800,10.4,7.33,7.57,685.5,41.8,3.95,0.519,0.157,6.72,,,Ⅲ
2023-02-13T20:00:00+08:00,1676289600,10.2,7.33,7.48,678.9,38.4,3.84,0.559,0.16,6.84,,,Ⅲ
2023-02-14T04:00:00+08:00,1676318400,9.7,7.3,7.44,690.3,37.3,3.85,0.576,0.168,6.79,,,Ⅲ
2023-02-14T08:00:00+08:00,1676332800,9.6,7.33,7.43,691.0,32.2,3.91,0.575,0.165,6.73,,,Ⅲ
2023-02-14T12:00:00+08:00,1676347200,9.7,7.34,7.57,695.4,31.9,3.77,0.546,0.166,6.73,,,Ⅲ
2023-02-14T16:00:00+08:00,1676361600,9.9,7.33,7.49,686.5,37.6,3.92,0.533,0.156,6.69,,,Ⅲ
2023-02-14T20:00:00+08:00,1676376000,9.8,7.34,7.57,683.5,35.6,4.11,0.536,0.162,6.76,,,Ⅲ
2023-02-15T04:00:00+08:00,1676404800,9.6,7.32,7.36,684.0,38.7,3.85,0.58,0.171,6.79,,,Ⅲ
2023-02-15T08:00:00+08:00,1676419200,9.5,7.32,7.33,679.3,38.9,3.93,0.544,0.167,6.86,,,Ⅲ
2023-02-15T12:00:00+08:00,1676433600,9.7,7.32,7.44,686.2,34.2,3.93,0.502,0.154,6.78,,,Ⅲ
2023-02-15T16:00:00+08:00,1676448000,10.0,7.33,7.48,685.6,45.0,4.33,0.476,0.16,6.78,,,Ⅲ
2023-02-15T20:00:00+08:00,1676462400,9.9,7.32,7.48,686.3,43.8,3.99,0.478,0.161,6.95,,,Ⅲ
2023-02-16T04:00:00+08:00,1676491200,9.7,7.29,7.3,685.3,39.8,3.93,0.477,0.151,6.9,,,Ⅲ
2023-02-16T08:00:00+08:00,1676505600,9.6,7.28,7.01,684.4,40.6,4.08,0.585,0.157,6.93,,,Ⅲ
2023-02-16T12:00:00+08:00,1676520000,10.3,7.3,7.03,681.7,39.4,4.23,0.573,0.163,7.1,,,Ⅲ
2023-02-16T16:00:00+08:00,1676534400,10.3,7.27,6.83,688.4,38.1,4.0,0.555,0.164,7.03,,,Ⅲ
2023-02-16T20:00:00+08:00,1676548800,10.2,7.25,6.81,675.2,46.6,4.04,0.633,0.164,6.96,,,Ⅲ
2023-02-17T04:00:00+08:00,1676577600,10.3,7.27,6.78,668.6,34.7,4.08,0.576,0.158,6.9,,,Ⅲ
2023-02-17T08:00:00+08:00,1676592000,10.2,7.29,6.68,664.2,38.3,3.93,0.564,0.17,6.97,,,Ⅲ
2023-02-17T12:00:00+08:00,1676606400,10.3,7.28,6.79,664.3,41.6,4.62,0.73,0.163,7.21,,,Ⅲ
2023-02-17T16:00:00+08:00,1676620800,10.7,7.29,6.85,666.1,44.4,4.62,0.74,0.162,7.1,,,Ⅲ
2023-02-17T20:00:00+08:00,1676635200,10.4,7.29,6.78,665.2,47.8,4.69,0.718,0.169,7.15,,,Ⅲ
2023-02-18T04:00:00+08:00,1676664000,10.4,7.26,6.64,662.9,39.6,4.4,0.708,0.164,7.21,,,Ⅲ
2023-02-18T08:00:00+08:00,1676678400,10.3,7.26,6.63,661.5,48.1,4.72,0.692,0.169,7.28,,,Ⅲ
2023-02-18T12:00:00+08:00,1676692800,11.0,7.27,6.55,658.4,40.8,4.66,0.687,0.169,7.18,,,Ⅲ
2023-02-18T16:00:00+08:00,1676707200,11.5,7.26,6.58,661.6,48.2,4.58,0.677,0.169,7.19,,,Ⅲ
2023-02-18T20:00:00+08:00,1676721600,11.1,7.27,6.6,667.5,46.8,4.45,0.684,0.174,7.25,,,Ⅲ
2023-02-19T04:00:00+08:00,1676750400,11.1,7.25,6.37,654.8,40.0,4.42,0.628,0.167,7.18,,,Ⅲ
2023-02-19T08:00:00+08:00,1676764800,11.4,7.26,6.46,651.0,50.8,4.73,0.641,0.165,7.32,,,Ⅲ
2023-02-19T12:00:00+08:00,1676779200,11.9,7.27,6.41,649.4,55.2,4.7,0.637,0.174,7.32,,,Ⅲ
2023-02-19T16:00:00+08:00,1676793600,12.1,7.26,6.42,650.7,45.7,4.77,0.614,0.167,7.28,,,Ⅲ
2023-02-19T20:00:00+08:00,1676808000,11.8,7.27,6.51,655.9,52.5,4.41,0.61,0.162,7.21,,,Ⅲ
2023-02-20T04:00:00+08:00,1676836800,11.1,7.26,6.4,650.8,42.3,4.44,0.588,0.156,7.23,,,Ⅲ
2023-02-20T08:00:00+08:00,1676851200,11.2,7.23,6.46,652.0,44.7,4.73,0.575,0.165,7.34,,,Ⅲ
2023-02-20T12:00:00+08:00,1676865600,11.8,7.26,6.44,644.9,54.0,4.78,0.584,0.171,7.38,,,Ⅲ
2023-02-20T16:00:00+08:00,1676880000,12.1,7.28,6.43,646.8,49.0,4.6,0.558,0.166,7.33,,,Ⅲ
2023-02-20T20:00:00+08:00,1676894400,11.9,7.27,6.38,651.3,54.0,4.62,0.536,0.168,7.42,,,Ⅲ
2023-02-21T00:00:00+08:00,1676908800,11.5,7.27,6.36,645.4,55.1,4.76,0.554,0.169,7.35,,,Ⅲ
2023-02-21T04:00:00+08:00,1676923200,11.1,7.27,6.41,645.2,44.8,4.48,0.548,0.16,7.28,,,Ⅲ
2023-02-21T08:00:00+08:00,1676937600,11.1,7.27,6.51,649.5,54.3,4.62,0.529,0.163,7.35,,,Ⅲ
2023-02-21T12:00:00+08:00,1676952000,11.6,7.28,6.45,644.2,47.3,4.69,,,,,,
2023-02-21T16:00:00+08:00,1676966400,11.8,7.29,6.47,644.5,48.3,4.52,0.528,0.175,7.22,,,Ⅲ
2023-02-21T20:00:00+08:00,1676980800,11.2,7.29,6.59,652.3,53.0,4.61,0.519,0.173,7.24,,,Ⅲ
2023-02-22T00:00:00+08:00,1676995200,11.1,7.3,6.62,646.5,50.2,4.36,0.5,0.182,7.22,,,Ⅲ
2023-02-22T04:00:00+08:00,1677009600,11.1,7.3,6.51,645.7,44.3,4.45,0.503,0.168,7.2,,,Ⅲ
2023-02-22T08:00:00+08:00,1677024000,11.1,7.3,6.54,652.4,57.3,4.5,0.482,0.176,7.16,,,Ⅲ
2023-02-22T12:00:00+08:00,1677038400,11.1,7.3,6.47,644.9,59.8,4.52,0.486,0.173,7.25,,,Ⅲ
2023-02-22T16:00:00+08:00,1677052800,11.2,7.31,6.55,641.5,48.5,4.57,0.486,0.17,7.18,,,Ⅲ
2023-02-22T20:00:00+08:00,1677067200,11.1,7.32,6.62,650.2,50.7,4.5,0.468,0.164,7.2,,,Ⅲ
2023-02-23T00:00:00+08:00,1677081600,11.1,7.31,6.58,643.5,51.5,4.36,0.469,0.171,7.24,,,Ⅲ
2023-02-23T04:00:00+08:00,1677096000,11.0,7.3,6.46,646.5,45.0,4.52,0.492,0.167,7.12,,,Ⅲ
2023-02-23T08:00:00+08:00,1677110400,11.0,7.31,6.55,651.4,55.8,4.48,0.456,0.172,7.25,,,Ⅲ
2023-02-23T12:00:00+08:00,1677124800,11.0,7.3,6.5,649.6,48.2,4.44,0.472,0.171,7.23,,,Ⅲ
2023-02-23T16:00:00+08:00,1677139200,10.9,7.25,6.38,646.2,47.2,4.53,0.528,0.171,7.19,,,Ⅲ
2023-02-23T20:00:00+08:00,1677153600,10.9,7.24,6.58,650.4,51.2,4.29,0.47,0.17,7.21,,,Ⅲ
2023-02-24T00:00:00+08:00,1677168000,10.8,7.26,6.55,650.6,49.8,4.32,0.479,0.175,7.23,,,Ⅲ
2023-02-24T04:00:00+08:00,1677182400,10.6,7.23,6.34,644.5,47.4,4.48,0.547,0.168,7.14,,,Ⅲ
2023-02-24T08:00:00+08:00,1677196800,10.5,7.26,6.5,647.8,43.5,4.32,0.492,0.169,7.2,,,Ⅲ
2023-02-24T12:00:00+08:00,1677211200,10.7,7.26,6.55,649.3,42.5,4.28,0.508,0.163,7.13,,,Ⅲ
2023-02-24T16:00:00+08:00,1677225600,11.0,7.27,6.56,648.4,45.6,4.58,0.558,0.164,7.19,,,Ⅲ
2023-02-24T20:00:00+08:00,1677240000,10.8,7.22,6.51,650.8,45.6,4.26,0.515,0.164,7.11,,,Ⅲ
2023-02-25T00:00:00+08:00,1677254400,10.7,7.23,6.53,649.1,44.8,4.49,0.514,0.181,7.16,,,Ⅲ
2023-02-25T04:00:00+08:00,1677268800,10.4,7.23,6.47,650.6,49.9,4.37,0.543,0.16,7.14,,,Ⅲ
2023-02-25T08:00:00+08:00,1677283200,10.4,7.25,6.59,652.0,45.7,4.57,0.509,0.166,7.14,,,Ⅲ
2023-02-25T12:00:00+08:00,1677297600,10.8,7.24,6.7,650.7,46.4,4.5,0.504,0.161,7.17,,,Ⅲ
2023-02-25T16:00:00+08:00,1677312000,11.1,7.26,6.63,645.7,44.0,4.49,0.528,0.162,7.11,,,Ⅲ
2023-02-25T20:00:00+08:00,1677326400,10.8,7.27,6.72,647.3,40.2,4.33,0.485,0.158,7.05,,,Ⅲ
2023-02-26T00:00:00+08:00,1677340800,10.7,7.24,6.83,645.9,44.3,4.26,0.488,0.163,7.11,,,Ⅲ
2023-02-26T04:00:00+08:00,1677355200,10.4,7.25,6.8,648.2,43.7,4.11,0.505,0.157,7.02,,,Ⅲ
2023-02-26T08:00:00+08:00,1677369600,10.3,7.27,6.84,649.2,37.7,4.28,0.486,0.148,6.95,,,Ⅲ
2023-02-26T12:00:00+08:00,1677384000,10.8,7.28,6.86,649.6,44.6,4.34,0.486,0.162,7.02,,,Ⅲ
2023-02-26T16:00:00+08:00,1677398400,11.1,7.27,6.84,648.3,52.4,4.46,0.526,0.162,7.04,,,Ⅲ
2023-02-26T20:00:00+08:00,1677412800,11.0,7.27,6.93,649.0,46.1,4.2,0.491,0.149,7.02,,,Ⅲ
2023-02-27T00:00:00+08:00,1677427200,10.9,7.28,6.96,647.6,50.5,4.24,0.503,0.159,7.05,,,Ⅲ
2023-02-27T04:00:00+08:00,1677441600,10.5,7.28,7.02,647.2,51.0,4.2,0.502,0.153,7.02,,,Ⅲ
2023-02-27T08:00:00+08:00,1677456000,10.4,7.29,6.92,646.4,42.9,4.2,0.484,0.148,6.93,,,Ⅲ
2023-02-27T16:00:00+08:00,1677484800,11.1,7.32,6.95,641.9,50.9,4.34,0.493,0.154,6.94,,,Ⅲ
2023-02-27T20:00:00+08:00,1677499200,11.1,7.3,6.96,643.6,49.9,4.24,0.447,0.15,7.02,,,Ⅲ
2023-02-28T04:00:00+08:00,1677528000,10.9,7.28,7.18,635.9,62.1,4.45,0.46,0.154,6.89,,,Ⅲ
2023-02-28T12:00:00+08:00,1677556800,11.6,7.32,7.23,639.6,58.2,4.38,0.432,0.151,6.81,,,Ⅲ
2023-02-28T16:00:00+08:00,1677571200,11.9,7.32,7.11,639.7,57.2,4.18,0.424,0.147,6.92,,,Ⅲ
2023-02-28T20:00:00+08:00,1677585600,12.1,7.32,7.05,639.6,64.5,4.26,0.409,0.15,6.82,,,Ⅲ
2023-03-01T04:00:00+08:00,1677614400,12.2,7.32,7.08,638.4,59.6,4.22,0.404,0.149,6.65,,,Ⅲ
2023-03-01T08:00:00+08:00,1677628800,12.1,7.31,7.0,636.3,52.5,4.13,0.381,0.138,6.59,,,Ⅲ
2023-03-01T16:00:00+08:00,1677657600,12.4,7.32,7.04,637.5,67.2,4.11,0.379,0.137,6.63,,,Ⅲ
2023-03-01T20:00:00+08:00,1677672000,12.4,7.32,7.02,640.2,54.3,4.46,0.37,0.14,6.76,,,Ⅲ
2023-03-02T04:00:00+08:00,1677700800,12.3,7.32,7.0,632.8,71.4,4.29,0.369,0.148,6.5,,,Ⅲ
2023-03-02T08:00:00+08:00,1677715200,12.2,7.32,7.07,630.1,60.0,4.2,0.355,0.136,6.47,,,Ⅲ
2023-03-02T12:00:00+08:00,1677729600,12.6,7.32,7.29,635.1,85.8,4.37,0.343,0.142,6.57,,,Ⅲ
2023-03-02T16:00:00+08:00,1677744000,12.8,7.33,7.41,634.8,66.4,4.07,0.336,0.135,6.42,,,Ⅲ
2023-03-02T20:00:00+08:00,1677758400,12.5,7.32,7.02,634.2,57.8,4.06,0.327,0.141,6.5,,,Ⅲ
2023-03-03T04:00:00+08:00,1677787200,12.3,7.32,7.08,630.4,70.6,4.29,0.318,0.126,6.42,,,Ⅲ
2023-03-03T08:00:00+08:00,1677801600,12.2,7.32,7.05,629.8,55.6,4.02,0.327,0.136,6.41,,,Ⅲ
2023-03-03T12:00:00+08:00,1677816000,12.6,7.37,7.41,630.1,55.8,4.3,0.32,0.126,6.39,,,Ⅲ
2023-03-03T16:00:00+08:00,1677830400,12.8,7.37,7.61,634.4,68.0,4.01,0.302,0.135,6.34,,,Ⅲ
2023-03-03T20:00:00+08:00,1677844800,12.5,7.35,6.99,632.0,58.8,4.25,0.301,0.131,6.38,,,Ⅲ
2023-03-04T04:00:00+08:00,1677873600,12.4,7.36,7.04,629.0,62.7,4.21,0.299,0.128,6.3,,,Ⅲ
2023-03-04T08:00:00+08:00,1677888000,12.4,7.37,7.23,629.0,71.9,3.99,0.307,0.142,6.41,,,Ⅲ
2023-03-04T12:00:00+08:00,1677902400,12.9,7.38,7.56,630.5,60.0,4.33,0.305,0.125,6.23,,,Ⅲ
2023-03-04T16:00:00+08:00,1677916800,13.2,7.39,7.73,630.0,73.2,4.28,0.288,0.133,6.27,,,Ⅲ
2023-03-04T20:00:00+08:00,1677931200,12.8,7.37,7.52,630.9,69.3,3.98,0.28,0.123,6.27,,,Ⅲ
2023-03-05T04:00:00+08:00,1677960000,12.6,7.37,7.19,630.6,66.8,3.94,0.247,0.116,6.21,,,Ⅲ
2023-03-05T08:00:00+08:00,1677974400,12.7,7.37,7.36,631.0,73.5,4.2,0.264,0.131,6.25,,,Ⅲ
2023-03-05T12:00:00+08:00,1677988800,13.1,7.39,7.54,632.9,60.3,3.97,0.276,0.128,6.24,,,Ⅲ
2023-03-05T16:00:00+08:00,1678003200,13.6,7.41,7.71,632.8,77.1,3.93,0.267,0.128,6.19,,,Ⅲ
2023-03-05T20:00:00+08:00,1678017600,13.1,7.39,7.57,634.5,70.9,4.06,0.258,0.126,6.22,,,Ⅲ
2023-03-06T04:00:00+08:00,1678046400,13.0,7.38,7.36,635.4,74.4,3.91,0.24,0.122,6.14,,,Ⅲ
2023-03-06T08:00:00+08:00,1678060800,13.1,7.38,7.31,634.2,63.6,4.14,0.242,0.124,6.1,,,Ⅲ
2023-03-06T12:00:00+08:00,1678075200,13.8,7.41,7.5,632.1,70.3,4.13,0.257,0.121,6.2,,,Ⅲ
2023-03-06T16:00:00+08:00,1678089600,14.4,7.42,7.59,632.9,79.3,3.9,0.234,0.13,6.1,,,Ⅲ
2023-03-06T20:00:00+08:00,1678104000,13.8,7.4,7.43,635.5,72.2,3.95,0.227,0.12,6.13,,,Ⅲ
2023-03-07T04:00:00+08:00,1678132800,13.8,7.4,7.3,633.4,77.1,4.17,0.217,0.116,6.0,,,Ⅲ
2023-03-07T08:00:00+08:00,1678147200,13.8,7.4,7.44,634.3,71.1,4.05,0.214,0.114,6.0,,,Ⅲ
2023-03-07T12:00:00+08:00,1678161600,14.6,7.42,7.44,630.7,71.4,3.9,0.225,0.116,6.03,,,Ⅲ
2023-03-07T20:00:00+08:00,1678190400,14.6,7.41,7.41,633.2,69.3,3.93,0.2,0.119,5.93,,,Ⅲ
2023-03-08T04:00:00+08:00,1678219200,14.6,7.41,7.26,633.1,67.0,3.75,0.188,0.095,5.85,,,Ⅱ
2023-03-08T08:00:00+08:00,1678233600,14.6,7.4,7.27,633.2,69.5,3.79,0.192,0.117,5.94,,,Ⅲ
2023-03-08T12:00:00+08:00,1678248000,14.9,7.41,7.38,632.8,62.9,3.86,0.192,0.12,5.93,,,Ⅲ
2023-03-08T16:00:00+08:00,1678262400,15.2,7.41,7.4,633.2,78.0,3.82,0.181,0.108,5.79,,,Ⅲ
2023-03-08T20:00:00+08:00,1678276800,15.1,7.4,7.29,634.7,74.3,3.95,0.181,0.121,5.96,,,Ⅲ
2023-03-09T04:00:00+08:00,1678305600,15.1,7.4,7.09,635.1,72.7,3.79,0.173,0.108,5.81,,,Ⅲ
2023-03-09T08:00:00+08:00,1678320000,15.1,7.4,7.06,636.2,71.8,3.86,0.174,0.103,5.87,,,Ⅲ
2023-03-09T12:00:00+08:00,1678334400,15.7,7.41,7.19,638.7,68.8,3.9,0.17,0.108,5.86,,,Ⅲ
2023-03-09T16:00:00+08:00,1678348800,16.4,7.42,7.36,638.1,98.3,4.13,0.159,0.104,5.74,,,Ⅲ
2023-03-09T20:00:00+08:00,1678363200,15.9,7.41,7.19,640.4,76.5,3.9,0.158,0.119,5.84,,,Ⅲ
2023-03-10T04:00:00+08:00,1678392000,15.9,7.41,7.14,638.3,62.2,4.01,0.149,0.11,5.76,,,Ⅲ
2023-03-10T12:00:00+08:00,1678420800,16.5,7.32,7.18,643.1,82.0,3.9,0.144,0.097,5.9,,,Ⅱ
2023-03-10T16:00:00+08:00,1678435200,17.3,7.34,7.03,636.8,75.6,4.13,0.151,0.092,5.89,,,Ⅲ
2023-03-10T20:00:00+08:00,1678449600,16.6,7.32,7.2,643.0,72.6,4.14,0.129,0.104,5.72,,,Ⅲ
2023-03-11T04:00:00+08:00,1678478400,16.6,7.32,7.09,638.1,49.8,3.79,0.14,0.1,5.58,,,Ⅲ
2023-03-11T08:00:00+08:00,1678492800,16.6,7.32,7.11,644.1,73.3,4.05,0.126,0.103,5.62,,,Ⅲ
2023-03-11T12:00:00+08:00,1678507200,17.2,7.33,7.05,639.8,72.9,3.84,0.133,0.105,5.67,,,Ⅲ
2023-03-11T16:00:00+08:00,1678521600,17.5,7.34,7.03,636.0,61.4,3.79,0.135,0.1,5.62,,,Ⅲ
2023-03-11T20:00:00+08:00,1678536000,17.3,7.34,7.0,639.0,93.2,4.05,0.118,0.112,5.67,,,Ⅲ
2023-03-12T04:00:00+08:00,1678564800,17.3,7.32,6.92,636.4,60.6,3.72,0.134,0.096,5.57,,,Ⅱ
2023-03-12T08:00:00+08:00,1678579200,17.1,7.32,6.91,640.4,69.9,3.9,0.124,0.108,5.55,,,Ⅲ
2023-03-12T12:00:00+08:00,1678593600,17.0,7.32,7.03,640.9,59.9,3.97,0.128,0.108,5.6,,,Ⅲ
2023-03-12T16:00:00+08:00,1678608000,17.0,7.36,7.06,638.4,65.9,3.89,0.135,0.107,5.7,,,Ⅲ
2023-03-12T20:00:00+08:00,1678622400,16.6,7.35,7.13,645.3,75.5,3.99,0.128,0.115,5.65,,,Ⅲ
2023-03-13T04:00:00+08:00,1678651200,15.9,7.36,7.3,641.3,72.3,3.99,0.133,0.107,5.54,,,Ⅲ
2023-03-13T08:00:00+08:00,1678665600,15.9,7.37,7.07,640.3,55.6,3.74,0.126,0.102,5.58,,,Ⅲ
2023-03-13T12:00:00+08:00,1678680000,16.5,7.38,7.13,643.4,58.1,3.71,0.12,0.102,5.53,,,Ⅲ
2023-03-13T16:00:00+08:00,1678694400,16.6,7.41,7.2,646.0,54.9,3.78,0.128,0.103,5.48,,,Ⅲ
2023-03-13T20:00:00+08:00,1678708800,16.1,7.41,7.28,643.3,48.8,3.59,0.116,0.094,5.34,,,Ⅱ
2023-03-14T04:00:00+08:00,1678737600,15.5,7.42,7.38,636.0,57.1,4.06,0.161,0.101,5.38,,,Ⅲ
2023-03-14T08:00:00+08:00,1678752000,15.3,7.43,7.39,637.2,44.5,3.79,0.146,0.099,5.27,,,Ⅱ
2023-03-14T16:00:00+08:00,1678780800,16.2,7.47,7.54,638.1,60.4,3.68,0.155,0.092,5.38,,,Ⅱ
2023-03-14T20:00:00+08:00,1678795200,15.9,7.48,7.55,639.7,68.7,3.93,0.145,0.099,5.37,,,Ⅱ
2023-03-15T04:00:00+08:00,1678824000,15.8,7.47,7.39,642.7,60.4,3.83,0.152,0.1,5.44,,,Ⅲ
2023-03-15T08:00:00+08:00,1678838400,15.6,7.48,7.56,644.4,55.6,3.64,0.136,0.095,5.27,,,Ⅱ
2023-03-15T12:00:00+08:00,1678852800,16.2,7.48,7.59,643.9,52.5,3.63,0.14,0.098,5.27,,,Ⅱ
2023-03-15T16:00:00+08:00,1678867200,16.5,7.48,7.51,646.2,56.9,3.62,0.133,0.098,5.35,,,Ⅱ
2023-03-15T20:00:00+08:00,1678881600,16.3,7.47,7.54,643.4,52.1,3.67,0.125,0.094,5.17,,,Ⅱ
2023-03-16T04:00:00+08:00,1678910400,15.9,7.46,7.49,643.1,49.0,3.5,0.129,0.095,5.23,,,Ⅱ
2023-03-16T08:00:00+08:00,1678924800,15.8,7.46,7.42,644.3,46.3,3.67,0.122,0.091,5.15,,,Ⅱ
2023-03-16T12:00:00+08:00,1678939200,16.4,7.49,7.44,648.1,70.9,3.76,0.129,0.095,5.33,,,Ⅱ
2023-03-16T20:00:00+08:00,1678968000,16.2,7.48,7.5,645.2,67.3,3.5,0.126,0.108,5.31,,,Ⅲ
2023-03-17T04:00:00+08:00,1678996800,15.7,7.48,7.55,645.6,54.0,4.03,0.137,0.103,5.17,,,Ⅲ
2023-03-17T08:00:00+08:00,1679011200,15.4,7.48,7.42,641.3,46.0,7.31,0.139,0.103,5.13,,,Ⅳ
2023-03-17T12:00:00+08:00,1679025600,15.2,7.49,7.57,638.5,49.4,7.82,0.136,0.099,5.12,,,Ⅳ
2023-03-17T16:00:00+08:00,1679040000,15.4,7.48,7.55,646.3,42.5,5.71,0.129,0.15,5.13,,,Ⅲ
2023-03-17T20:00:00+08:00,1679054400,15.1,7.48,7.51,641.1,50.2,6.29,0.134,0.099,5.15,,,Ⅳ
2023-03-18T04:00:00+08:00,1679083200,14.6,7.47,7.51,636.6,45.1,7.8,0.15,0.09,5.08,,,Ⅳ
2023-03-18T08:00:00+08:00,1679097600,14.2,7.44,7.51,636.3,45.7,,0.156,0.091,5.06,,,
2023-03-18T12:00:00+08:00,1679112000,14.2,7.45,7.6,634.4,41.9,,0.183,0.083,5.02,,,
2023-03-18T16:00:00+08:00,1679126400,14.4,7.46,7.53,637.3,51.3,,0.16,0.07,5.04,,,
2023-03-18T20:00:00+08:00,1679140800,14.2,7.43,7.42,637.4,47.1,3.48,0.171,0.08,5.12,,,Ⅱ
2023-03-19T04:00:00+08:00,1679169600,13.9,7.43,7.23,636.0,40.4,3.34,0.163,0.063,4.94,,,Ⅱ
2023-03-19T08:00:00+08:00,1679184000,13.9,7.42,7.15,633.7,52.8,3.59,0.196,0.067,5.07,,,Ⅱ
2023-03-19T16:00:00+08:00,1679212800,13.9,7.42,7.21,635.8,50.2,3.49,0.208,0.07,5.04,,,Ⅱ
2023-03-19T20:00:00+08:00,1679227200,13.9,7.42,7.02,635.6,46.9,3.72,0.211,0.069,5.07,,,Ⅱ
2023-03-20T04:00:00+08:00,1679256000,13.7,7.4,6.69,636.1,42.8,3.6,0.208,0.06,5.0,,,Ⅱ
2023-03-20T08:00:00+08:00,1679270400,13.8,7.4,6.79,633.6,52.5,3.28,0.208,0.073,5.02,,,Ⅱ
2023-03-20T12:00:00+08:00,1679284800,14.0,7.38,6.83,632.4,75.2,3.68,0.232,0.072,5.14,,,Ⅱ
2023-03-20T16:00:00+08:00,1679299200,14.2,7.4,6.91,633.8,60.9,3.77,0.224,0.069,5.16,,,Ⅱ
2023-03-20T20:00:00+08:00,1679313600,14.0,7.4,6.91,635.5,54.7,3.64,0.211,0.074,5.12,,,Ⅱ
2023-03-21T04:00:00+08:00,1679342400,14.1,7.39,6.84,627.6,49.8,3.32,0.213,0.07,5.05,,,Ⅱ
2023-03-21T08:00:00+08:00,1679356800,14.1,7.38,6.84,629.2,52.4,3.56,0.231,0.064,5.06,,,Ⅱ
2023-03-21T12:00:00+08:00,1679371200,14.4,7.37,6.81,621.6,49.3,3.75,0.283,0.073,5.28,,,Ⅱ
2023-03-21T16:00:00+08:00,1679385600,14.4,7.36,6.67,622.2,51.8,3.64,0.294,0.072,5.33,,,Ⅱ
2023-03-21T20:00:00+08:00,1679400000,14.3,7.36,6.79,625.5,47.9,3.6,0.274,0.068,5.32,,,Ⅱ
2023-03-22T04:00:00+08:00,1679428800,14.5,7.32,6.33,619.4,48.0,3.64,0.338,0.073,5.5,,,Ⅱ
2023-03-22T08:00:00+08:00,1679443200,14.4,7.32,6.39,622.3,43.9,3.48,0.332,0.077,5.46,,,Ⅱ
2023-03-22T12:00:00+08:00,1679457600,14.6,7.26,6.23,618.1,51.8,3.71,0.368,0.081,5.62,,,Ⅱ
2023-03-22T16:00:00+08:00,1679472000,14.8,7.23,6.15,618.6,49.7,3.88,0.361,0.085,5.54,,,Ⅱ
2023-03-22T20:00:00+08:00,1679486400,14.7,7.25,6.25,620.0,36.1,3.66,0.368,0.087,5.52,,,Ⅱ
2023-03-23T04:00:00+08:00,1679515200,14.8,7.22,5.78,618.8,46.1,3.35,0.368,0.104,5.5,,,Ⅲ
2023-03-23T08:00:00+08:00,1679529600,14.8,7.23,5.94,620.4,47.8,3.81,0.39,0.109,5.62,,,Ⅲ
2023-03-23T12:00:00+08:00,1679544000,14.9,7.22,5.75,618.2,54.5,3.56,0.357,0.118,5.54,,,Ⅲ
2023-03-23T16:00:00+08:00,1679558400,15.0,7.21,5.9,616.3,45.5,3.42,0.37,0.116,5.44,,,Ⅲ
2023-03-23T20:00:00+08:00,1679572800,14.8,7.21,5.89,620.1,46.2,3.81,0.384,0.12,5.57,,,Ⅲ
2023-03-24T04:00:00+08:00,1679601600,14.6,7.22,5.57,614.2,46.8,3.52,0.388,0.12,5.39,,,Ⅲ
2023-03-24T08:00:00+08:00,1679616000,14.6,7.23,5.68,619.8,51.5,3.67,0.385,0.12,5.54,,,Ⅲ
2023-03-24T12:00:00+08:00,1679630400,14.6,7.23,5.73,617.4,55.5,3.54,0.37,0.123,5.54,,,Ⅲ
2023-03-24T16:00:00+08:00,1679644800,14.6,7.23,5.66,612.3,43.9,3.68,0.381,0.12,5.34,,,Ⅲ
2023-03-24T20:00:00+08:00,1679659200,14.5,7.24,5.77,619.6,45.7,3.52,0.372,0.125,5.46,,,Ⅲ
2023-03-25T04:00:00+08:00,1679688000,14.0,7.22,5.56,610.6,40.3,3.42,0.388,0.12,5.34,,,Ⅲ
2023-03-25T08:00:00+08:00,1679702400,14.0,7.23,5.58,617.2,47.2,3.46,0.371,0.125,5.47,,,Ⅲ
2023-03-25T12:00:00+08:00,1679716800,14.0,7.23,5.65,613.8,46.4,3.67,0.377,0.125,5.41,,,Ⅲ
2023-03-25T16:00:00+08:00,1679731200,13.9,7.23,5.55,611.3,46.0,3.38,0.393,0.124,5.37,,,Ⅲ
2023-03-25T20:00:00+08:00,1679745600,13.9,7.23,5.59,614.1,37.9,3.23,0.392,0.124,5.35,,,Ⅲ
2023-03-26T04:00:00+08:00,1679774400,13.5,7.22,5.33,610.5,43.0,3.66,0.437,0.119,5.36,,,Ⅲ
2023-03-26T08:00:00+08:00,1679788800,13.5,7.23,5.5,613.7,34.1,3.59,0.412,0.116,5.31,,,Ⅲ
2023-03-26T12:00:00+08:00,1679803200,13.9,7.22,5.57,613.6,47.7,3.56,0.426,0.121,5.34,,,Ⅲ
2023-03-26T16:00:00+08:00,1679817600,14.4,7.22,5.52,609.4,38.9,3.5,0.413,0.117,5.28,,,Ⅲ
2023-03-26T20:00:00+08:00,1679832000,14.2,7.22,5.53,613.8,40.1,3.39,0.397,0.116,5.23,,,Ⅲ
2023-03-27T04:00:00+08:00,1679860800,14.2,7.22,5.62,610.8,47.1,3.34,0.4,0.121,5.39,,,Ⅲ
2023-03-27T08:00:00+08:00,1679875200,14.2,7.22,5.51,614.4,41.2,3.37,0.408,0.123,5.36,,,Ⅲ
2023-03-27T12:00:00+08:00,1679889600,14.6,7.22,5.52,613.5,44.7,3.34,0.39,0.127,5.44,,,Ⅲ
2023-03-27T16:00:00+08:00,1679904000,15.1,7.22,5.6,612.1,44.2,3.63,0.38,0.122,5.36,,,Ⅲ
2023-03-27T20:00:00+08:00,1679918400,15.0,7.22,5.54,612.1,38.6,3.63,0.353,0.119,5.38,,,Ⅲ
2023-03-28T04:00:00+08:00,1679947200,14.8,7.21,5.61,614.9,45.7,3.48,0.383,0.122,5.44,,,Ⅲ
2023-03-28T08:00:00+08:00,1679961600,14.8,7.22,5.68,616.9,36.6,3.6,0.364,0.118,5.28,,,Ⅲ
2023-03-28T12:00:00+08:00,1679976000,15.3,7.22,5.66,616.4,39.9,3.46,0.358,0.127,5.4,,,Ⅲ
2023-03-28T16:00:00+08:00,1679990400,15.7,7.22,5.63,615.5,45.3,3.43,0.367,0.126,5.43,,,Ⅲ
2023-03-28T20:00:00+08:00,1680004800,15.6,7.22,5.64,618.2,41.4,3.49,0.356,0.129,5.41,,,Ⅲ
2023-03-29T04:00:00+08:00,1680033600,15.5,7.23,5.73,618.4,52.0,3.57,0.362,0.129,5.52,,,Ⅲ
2023-03-29T08:00:00+08:00,1680048000,15.4,7.23,5.81,620.1,48.1,3.38,0.343,0.132,5.46,,,Ⅲ
2023-03-29T12:00:00+08:00,1680062400,15.6,7.24,5.85,621.7,45.6,,,,,,,
2023-03-29T16:00:00+08:00,1680076800,15.5,7.24,5.88,620.4,51.7,3.85,0.371,0.14,5.58,,,Ⅲ
2023-03-29T20:00:00+08:00,1680091200,15.4,7.23,5.78,620.1,50.1,4.03,0.372,0.128,5.48,,,Ⅲ
2023-03-30T04:00:00+08:00,1680120000,15.2,7.22,5.65,618.7,54.7,3.92,0.397,0.137,5.52,,,Ⅲ
2023-03-30T08:00:00+08:00,1680134400,15.1,7.22,5.57,618.1,37.6,3.6,0.381,0.129,5.39,,,Ⅲ
2023-03-30T12:00:00+08:00,1680148800,15.2,7.23,5.68,619.8,40.8,3.72,0.374,0.122,5.42,,,Ⅲ
2023-03-30T16:00:00+08:00,1680163200,15.2,7.23,5.69,619.2,40.8,3.72,0.361,0.13,5.36,,,Ⅲ
2023-03-30T20:00:00+08:00,1680177600,15.1,7.22,5.52,617.3,54.0,3.83,0.38,0.137,5.55,,,Ⅲ
2023-03-31T00:00:00+08:00,1680192000,15.0,7.22,5.63,618.3,49.3,3.85,0.372,0.132,5.46,,,Ⅲ
2023-03-31T04:00:00+08:00,1680206400,14.9,7.22,5.41,618.6,48.6,3.67,0.398,0.129,5.46,,,Ⅲ
2023-03-31T08:00:00+08:00,1680220800,14.9,7.21,5.38,619.2,43.4,3.69,0.389,0.124,5.43,,,Ⅲ
2023-03-31T12:00:00+08:00,1680235200,15.2,7.22,5.48,619.8,47.6,3.88,0.372,0.125,5.41,,,Ⅲ
2023-03-31T16:00:00+08:00,1680249600,15.2,7.22,5.52,619.9,42.1,3.67,0.369,0.129,5.42,,,Ⅲ
2023-03-31T20:00:00+08:00,1680264000,15.1,7.21,5.28,620.4,51.1,3.85,0.394,0.126,5.45,,,Ⅲ
2023-04-01T00:00:00+08:00,1680278400,15.2,7.21,5.3,619.9,48.9,3.88,0.383,0.126,5.43,,,Ⅲ
2023-04-01T04:00:00+08:00,1680292800,15.1,7.2,5.23,620.2,40.1,3.55,0.38,0.116,5.33,,,Ⅲ
2023-04-01T08:00:00+08:00,1680307200,15.1,7.2,4.85,618.6,42.2,3.87,0.406,0.126,5.38,,,Ⅳ
2023-04-01T12:00:00+08:00,1680321600,15.7,7.2,4.93,618.2,44.5,3.82,0.411,0.126,5.41,,,Ⅳ
2023-04-01T16:00:00+08:00,1680336000,15.9,7.2,5.06,620.4,44.6,3.87,0.396,0.126,5.39,,,Ⅲ
2023-04-01T20:00:00+08:00,1680350400,15.9,7.2,4.74,620.0,47.7,3.78,0.386,0.118,5.45,,,Ⅳ
2023-04-02T00:00:00+08:00,1680364800,15.9,7.2,4.66,616.2,61.6,3.85,0.362,0.133,5.58,,,Ⅳ
2023-04-02T04:00:00+08:00,1680379200,15.9,7.19,4.81,619.0,38.7,3.61,0.337,0.113,5.26,,,Ⅳ
2023-04-02T08:00:00+08:00,1680393600,15.9,7.19,4.85,619.6,41.9,3.61,0.349,0.106,5.41,,,Ⅳ
2023-04-02T12:00:00+08:00,1680408000,16.6,7.19,4.83,623.7,42.7,3.77,0.353,0.119,5.31,,,Ⅳ
2023-04-02T16:00:00+08:00,1680422400,17.2,7.21,5.15,624.0,43.6,3.73,0.32,0.118,5.28,,,Ⅲ
2023-04-02T20:00:00+08:00,1680436800,16.6,7.2,4.97,626.3,43.1,3.64,0.32,0.121,5.32,,,Ⅳ
2023-04-03T00:00:00+08:00,1680451200,16.7,7.2,4.65,623.3,41.0,3.6,0.327,0.116,5.33,,,Ⅳ
2023-04-03T04:00:00+08:00,1680465600,16.6,7.2,4.94,626.3,39.1,3.59,0.314,0.11,5.27,,,Ⅳ
2023-04-03T08:00:00+08:00,1680480000,16.6,7.2,4.95,625.7,42.8,3.54,0.301,0.109,5.32,,,Ⅳ
2023-04-03T12:00:00+08:00,1680494400,17.4,7.22,5.07,624.4,39.9,3.63,0.305,0.112,5.22,,,Ⅲ
2023-04-03T16:00:00+08:00,1680508800,17.3,7.23,5.18,625.0,44.0,3.52,0.283,0.12,5.31,,,Ⅲ
2023-04-03T20:00:00+08:00,1680523200,17.1,7.24,5.23,625.2,43.6,3.43,0.278,0.118,5.27,,,Ⅲ
2023-04-04T00:00:00+08:00,1680537600,17.2,7.24,5.11,625.3,45.4,3.6,0.275,0.108,5.28,,,Ⅲ
2023-04-04T04:00:00+08:00,1680552000,17.1,7.25,5.22,625.5,45.1,3.58,0.263,0.117,5.25,,,Ⅲ
2023-04-04T08:00:00+08:00,1680566400,17.2,7.25,5.36,623.8,39.7,3.5,0.254,0.112,5.2,,,Ⅲ
2023-04-04T12:00:00+08:00,1680580800,17.4,7.27,5.45,621.5,48.6,3.52,0.259,0.115,5.28,,,Ⅲ
2023-04-04T16:00:00+08:00,1680595200,17.6,7.27,5.57,623.6,46.2,3.51,0.238,0.118,5.22,,,Ⅲ
2023-04-04T20:00:00+08:00,1680609600,17.5,7.26,5.3,623.7,43.9,3.41,0.234,0.117,5.25,,,Ⅲ
2023-04-05T00:00:00+08:00,1680624000,17.6,7.26,5.18,620.8,47.6,3.59,0.241,0.124,5.33,,,Ⅲ
2023-04-05T04:00:00+08:00,1680638400,17.4,7.26,5.3,619.4,43.3,3.73,0.232,0.122,5.23,,,Ⅲ
2023-04-05T08:00:00+08:00,1680652800,17.4,7.26,5.31,620.3,45.8,3.77,0.231,0.115,5.23,,,Ⅲ
2023-04-05T12:00:00+08:00,1680667200,17.7,7.27,5.3,618.2,50.5,3.6,0.259,0.121,5.25,,,Ⅲ
2023-04-05T16:00:00+08:00,1680681600,17.8,7.28,5.54,623.7,44.1,3.59,0.254,0.118,5.21,,,Ⅲ
2023-04-05T20:00:00+08:00,1680696000,17.6,7.27,5.42,623.4,47.4,3.69,0.239,0.119,5.24,,,Ⅲ
2023-04-06T00:00:00+08:00,1680710400,17.5,7.28,5.52,618.6,49.0,3.72,0.235,0.115,5.22,,,Ⅲ
2023-04-06T04:00:00+08:00,1680724800,17.3,7.28,5.48,620.4,54.4,3.56,0.24,0.116,5.21,,,Ⅲ
2023-04-06T08:00:00+08:00,1680739200,17.4,7.27,5.41,621.7,50.6,3.76,0.236,0.121,5.26,,,Ⅲ
2023-04-06T12:00:00+08:00,1680753600,17.4,7.24,5.76,619.8,53.9,3.78,0.238,0.118,5.15,,,Ⅲ
2023-04-06T20:00:00+08:00,1680782400,17.2,7.24,5.95,622.1,49.1,3.91,0.227,0.117,5.21,,,Ⅲ
2023-04-07T00:00:00+08:00,1680796800,17.0,7.25,5.86,618.8,51.5,3.5,0.256,0.121,5.18,,,Ⅲ
2023-04-07T04:00:00+08:00,1680811200,16.6,7.22,5.78,619.4,48.3,3.55,0.271,0.115,5.22,,,Ⅲ
2023-04-07T08:00:00+08:00,1680825600,16.8,7.23,5.88,620.0,50.8,3.77,0.235,0.119,5.13,,,Ⅲ
2023-04-07T12:00:00+08:00,1680840000,17.1,7.21,5.71,618.3,58.6,3.61,0.308,0.124,5.25,,,Ⅲ
2023-04-07T16:00:00+08:00,1680854400,17.3,7.2,5.74,619.1,41.8,3.55,0.32,0.119,5.13,,,Ⅲ
2023-04-07T20:00:00+08:00,1680868800,17.2,7.23,5.79,620.0,47.3,3.6,0.277,0.123,5.17,,,Ⅲ
2023-04-08T00:00:00+08:00,1680883200,17.0,7.21,5.74,618.2,51.8,3.63,0.312,0.123,5.2,,,Ⅲ
2023-04-08T04:00:00+08:00,1680897600,16.6,7.22,5.64,619.0,49.2,3.72,0.31,0.115,5.15,,,Ⅲ
2023-04-08T08:00:00+08:00,1680912000,16.7,7.21,5.81,620.6,52.1,3.56,0.29,0.119,5.17,,,Ⅲ
2023-04-08T12:00:00+08:00,1680926400,17.4,7.24,5.71,620.5,50.6,3.87,0.298,0.123,5.18,,,Ⅲ
2023-04-08T16:00:00+08:00,1680940800,17.9,7.26,5.87,623.5,44.9,3.78,0.286,0.112,5.04,,,Ⅲ
2023-04-08T20:00:00+08:00,1680955200,17.5,7.24,5.7,621.7,39.6,3.59,0.281,0.113,5.07,,,Ⅲ
2023-04-09T00:00:00+08:00,1680969600,17.4,7.25,5.75,620.2,51.0,3.61,0.277,0.123,5.14,,,Ⅲ
2023-04-09T04:00:00+08:00,1680984000,17.2,7.25,5.64,620.6,44.6,3.83,0.299,0.111,5.06,,,Ⅲ
2023-04-09T08:00:00+08:00,1680998400,17.3,7.27,5.73,621.6,43.5,3.58,0.268,0.114,5.06,,,Ⅲ
2023-04-09T12:00:00+08:00,1681012800,17.8,7.27,5.82,624.7,53.1,3.86,0.272,0.122,5.1,,,Ⅲ
2023-04-09T16:00:00+08:00,1681027200,18.2,7.27,5.94,623.4,41.2,3.54,0.272,0.113,5.0,,,Ⅲ
2023-04-09T20:00:00+08:00,1681041600,18.0,7.3,5.94,627.7,41.8,3.74,0.255,0.114,4.97,,,Ⅲ
2023-04-10T00:00:00+08:00,1681056000,18.0,7.3,5.89,627.7,52.5,3.52,0.257,0.114,5.05,,,Ⅲ
2023-04-10T04:00:00+08:00,1681070400,17.8,7.32,5.99,627.7,37.4,3.56,0.253,0.11,4.89,,,Ⅲ
2023-04-10T08:00:00+08:00,1681084800,18.0,7.32,6.1,628.8,45.2,3.7,0.241,0.105,4.98,,,Ⅲ
2023-04-10T12:00:00+08:00,1681099200,18.5,7.33,5.95,626.1,46.4,3.59,0.24,0.116,4.99,,,Ⅲ
2023-04-10T16:00:00+08:00,1681113600,19.1,7.34,6.22,625.5,55.0,3.65,0.244,0.116,5.01,,,Ⅲ
2023-04-10T20:00:00+08:00,1681128000,18.7,7.34,6.39,626.6,41.8,3.51,0.218,0.104,4.91,,,Ⅲ
2023-04-11T00:00:00+08:00,1681142400,18.9,7.34,6.44,626.8,48.5,3.49,0.221,0.108,5.03,,,Ⅲ
2023-04-11T04:00:00+08:00,1681156800,18.8,7.36,6.51,630.0,40.7,3.73,0.216,0.098,4.81,,,Ⅱ
2023-04-11T08:00:00+08:00,1681171200,18.9,7.34,6.24,630.2,34.6,3.63,0.212,0.109,4.87,,,Ⅲ
2023-04-11T12:00:00+08:00,1681185600,19.1,7.25,6.43,630.9,64.2,3.69,0.21,0.113,4.99,,,Ⅲ
2023-04-11T16:00:00+08:00,1681200000,19.4,7.27,6.47,630.4,47.1,3.61,0.188,0.107,4.9,,,Ⅲ
2023-04-11T20:00:00+08:00,1681214400,19.3,7.26,6.43,630.3,34.2,3.56,0.16,0.092,4.76,,,Ⅱ
2023-04-12T00:00:00+08:00,1681228800,19.2,7.27,6.47,630.4,42.8,3.49,0.172,0.099,4.81,,,Ⅱ
2023-04-12T04:00:00+08:00,1681243200,19.1,7.29,6.47,630.1,35.8,3.68,0.166,0.096,4.7,,,Ⅱ
2023-04-12T08:00:00+08:00,1681257600,19.0,7.3,6.48,632.7,43.6,3.42,0.173,0.102,4.82,,,Ⅲ
2023-04-12T12:00:00+08:00,1681272000,19.4,7.32,6.53,631.7,44.0,3.49,0.163,0.1,4.78,,,Ⅱ
2023-04-12T16:00:00+08:00,1681286400,19.8,7.34,6.48,631.3,45.0,3.43,0.152,0.103,4.75,,,Ⅲ
2023-04-12T20:00:00+08:00,1681300800,19.4,7.35,6.4,631.1,32.3,3.37,0.141,0.096,4.66,,,Ⅱ
2023-04-13T00:00:00+08:00,1681315200,19.4,7.36,6.54,631.1,49.0,3.72,0.154,0.101,4.76,,,Ⅲ
2023-04-13T04:00:00+08:00,1681329600,19.2,7.36,6.48,632.7,52.8,3.67,0.17,0.101,4.76,,,Ⅲ
2023-04-13T08:00:00+08:00,1681344000,19.1,7.37,6.58,633.7,43.0,3.46,0.153,0.044,4.67,,,Ⅱ
2023-04-13T12:00:00+08:00,1681358400,19.4,7.37,6.51,632.4,49.2,3.81,0.158,0.097,4.7,,,Ⅱ
2023-04-13T16:00:00+08:00,1681372800,19.2,7.4,6.73,633.5,55.2,3.55,0.142,0.104,4.75,,,Ⅲ
2023-04-13T20:00:00+08:00,1681387200,19.0,7.42,6.83,634.3,46.5,3.81,0.155,0.105,4.69,,,Ⅲ
2023-04-14T00:00:00+08:00,1681401600,18.8,7.42,6.78,633.7,51.7,3.67,0.169,0.101,4.66,,,Ⅲ
2023-04-14T04:00:00+08:00,1681416000,18.6,7.42,6.87,633.8,50.5,3.65,0.184,0.104,4.64,,,Ⅲ
2023-04-14T08:00:00+08:00,1681430400,18.6,7.42,6.75,633.4,36.6,3.74,0.157,0.098,4.53,,,Ⅱ
2023-04-14T12:00:00+08:00,1681444800,18.8,7.42,6.67,634.7,44.0,3.79,0.164,0.099,4.67,,,Ⅱ
2023-04-14T16:00:00+08:00,1681459200,19.0,7.42,6.78,633.4,41.1,3.73,0.159,0.1,4.57,,,Ⅱ
2023-04-14T20:00:00+08:00,1681473600,19.1,7.41,6.68,631.9,54.8,3.88,0.162,0.104,4.66,,,Ⅲ
2023-04-15T00:00:00+08:00,1681488000,19.1,7.4,6.54,631.7,35.8,3.54,0.152,0.094,4.56,,,Ⅱ
2023-04-15T04:00:00+08:00,1681502400,19.0,7.41,6.57,632.0,64.3,3.63,0.147,0.097,4.67,,,Ⅱ
2023-04-15T08:00:00+08:00,1681516800,19.0,7.37,6.5,632.0,47.0,3.67,0.17,0.096,4.61,,,Ⅱ
2023-04-15T12:00:00+08:00,1681531200,19.4,7.41,6.57,632.8,45.6,3.79,0.146,0.093,4.55,,,Ⅱ
2023-04-15T16:00:00+08:00,1681545600,19.5,7.41,6.59,634.1,44.7,3.63,0.134,0.093,4.5,,,Ⅱ
2023-04-15T20:00:00+08:00,1681560000,19.6,7.37,6.37,631.6,54.1,3.56,0.153,0.098,4.58,,,Ⅱ
2023-04-16T00:00:00+08:00,1681574400,19.6,7.39,6.49,628.7,41.1,3.77,0.13,0.092,4.48,,,Ⅱ
2023-04-16T04:00:00+08:00,1681588800,19.4,7.37,6.44,629.4,52.6,3.7,0.127,0.09,4.53,,,Ⅱ
2023-04-16T08:00:00+08:00,1681603200,19.5,7.37,6.39,630.5,55.0,3.47,0.135,0.094,4.5,,,Ⅱ
2023-04-16T12:00:00+08:00,1681617600,20.1,7.38,6.34,630.9,54.8,3.72,0.125,0.095,4.52,,,Ⅱ
2023-04-16T16:00:00+08:00,1681632000,20.5,7.37,6.36,635.5,67.6,3.78,0.121,0.088,4.42,,,Ⅱ
2023-04-16T20:00:00+08:00,1681646400,20.3,7.37,6.32,633.2,64.0,3.55,0.126,0.095,4.56,,,Ⅱ
2023-04-17T04:00:00+08:00,1681675200,20.0,7.37,6.21,632.1,46.5,3.56,0.134,0.078,4.48,,,Ⅱ
2023-04-17T08:00:00+08:00,1681689600,20.2,7.37,6.11,628.5,54.7,3.51,0.12,0.094,4.53,,,Ⅱ
2023-04-17T12:00:00+08:00,1681704000,21.0,7.41,6.41,631.6,39.9,3.55,0.112,0.11,4.43,,,Ⅲ
2023-04-17T16:00:00+08:00,1681718400,21.3,7.41,6.18,634.5,46.2,3.54,0.11,0.096,4.4,,,Ⅱ
2023-04-17T20:00:00+08:00,1681732800,21.0,7.37,6.13,634.1,55.0,3.92,0.111,0.097,4.47,,,Ⅱ
2023-04-18T00:00:00+08:00,1681747200,21.1,7.37,6.23,633.0,50.7,3.58,0.122,0.092,4.41,,,Ⅱ
2023-04-18T04:00:00+08:00,1681761600,20.9,7.37,6.04,634.4,45.3,3.52,0.105,0.1,4.34,,,Ⅲ
2023-04-18T08:00:00+08:00,1681776000,21.1,7.37,6.07,633.0,48.7,3.86,0.116,0.102,4.4,,,Ⅲ
2023-04-18T12:00:00+08:00,1681790400,21.7,7.37,6.0,632.4,49.6,3.61,0.126,0.058,4.36,,,Ⅱ
2023-04-18T16:00:00+08:00,1681804800,21.8,7.37,5.9,634.9,46.6,3.64,0.109,0.098,4.37,,,Ⅲ
2023-04-18T20:00:00+08:00,1681819200,21.6,7.36,6.0,634.1,55.0,3.59,0.113,0.099,4.39,,,Ⅱ
2023-04-19T00:00:00+08:00,1681833600,21.8,7.36,5.98,634.3,56.1,3.73,0.116,0.099,4.44,,,Ⅲ
2023-04-19T04:00:00+08:00,1681848000,21.6,7.35,5.36,634.1,50.8,3.69,0.112,0.104,4.34,,,Ⅲ
2023-04-19T08:00:00+08:00,1681862400,21.5,7.35,5.89,636.6,51.2,3.79,0.105,0.103,4.3,,,Ⅲ
2023-04-19T12:00:00+08:00,1681876800,21.9,7.48,5.71,638.6,57.0,3.76,0.109,0.103,4.33,,,Ⅲ
2023-04-19T16:00:00+08:00,1681891200,22.0,7.49,5.95,639.7,63.7,3.88,0.106,0.105,4.36,,,Ⅲ
2023-04-19T20:00:00+08:00,1681905600,21.8,7.48,5.9,640.0,47.2,3.58,0.106,0.101,4.32,,,Ⅲ
2023-04-20T00:00:00+08:00,1681920000,21.9,7.49,5.77,637.7,60.5,3.91,0.11,0.108,4.36,,,Ⅲ
2023-04-20T04:00:00+08:00,1681934400,21.7,7.48,5.74,638.4,58.9,3.85,0.112,0.111,4.3,,,Ⅲ
2023-04-20T08:00:00+08:00,1681948800,21.5,7.51,5.91,641.7,49.7,3.47,0.1,0.102,4.24,,,Ⅲ
2023-04-20T12:00:00+08:00,1681963200,21.8,7.48,5.68,638.0,59.6,3.85,0.105,0.106,4.36,,,Ⅲ
2023-04-20T16:00:00+08:00,1681977600,22.1,7.5,5.75,637.9,56.1,3.7,0.099,0.103,4.25,,,Ⅲ
2023-04-20T20:00:00+08:00,1681992000,21.9,7.5,5.65,640.3,47.3,3.56,0.104,0.097,4.2,,,Ⅲ
2023-04-21T00:00:00+08:00,1682006400,21.8,7.48,5.15,637.7,53.9,3.85,0.118,0.105,4.26,,,Ⅲ
2023-04-21T04:00:00+08:00,1682020800,21.5,7.51,5.23,637.5,75.5,3.68,0.117,0.114,4.37,,,Ⅲ
2023-04-21T12:00:00+08:00,1682049600,21.8,7.5,5.36,639.4,70.4,4.03,0.112,0.119,4.33,,,Ⅲ
2023-04-21T16:00:00+08:00,1682064000,22.1,7.53,5.5,638.5,65.4,3.76,0.105,0.107,4.27,,,Ⅲ
2023-04-21T20:00:00+08:00,1682078400,21.7,7.57,5.84,649.2,53.6,3.47,0.086,0.107,4.19,,,Ⅲ
2023-04-22T00:00:00+08:00,1682092800,21.3,7.54,5.46,640.6,56.0,3.65,0.106,0.113,4.22,,,Ⅲ
2023-04-22T04:00:00+08:00,1682107200,21.0,7.55,5.34,637.6,71.6,3.69,0.114,0.122,4.36,,,Ⅲ
2023-04-22T08:00:00+08:00,1682121600,21.0,7.6,6.13,659.4,87.4,3.9,0.109,0.124,4.32,,,Ⅲ
2023-04-22T12:00:00+08:00,1682136000,21.4,7.57,5.65,644.7,62.1,3.83,0.102,0.116,4.29,,,Ⅲ
2023-04-22T16:00:00+08:00,1682150400,21.8,7.57,5.7,640.6,46.2,3.55,0.092,0.11,4.14,,,Ⅲ
2023-04-22T20:00:00+08:00,1682164800,21.4,7.58,5.8,646.4,67.9,3.76,0.095,0.127,4.16,,,Ⅲ
2023-04-23T00:00:00+08:00,1682179200,21.4,7.56,5.45,639.2,65.9,3.85,0.108,0.112,4.27,,,Ⅲ
2023-04-23T04:00:00+08:00,1682193600,21.2,7.56,5.28,640.0,66.3,3.65,0.105,0.106,4.22,,,Ⅲ
2023-04-23T08:00:00+08:00,1682208000,21.0,7.59,5.84,651.4,73.0,3.77,0.093,0.113,4.16,,,Ⅲ
2023-04-23T12:00:00+08:00,1682222400,21.0,7.59,5.77,643.0,57.7,3.61,0.099,0.118,4.13,,,Ⅲ
2023-04-23T16:00:00+08:00,1682236800,20.8,7.59,5.67,639.7,47.2,3.54,0.098,0.116,4.06,,,Ⅲ
2023-04-23T20:00:00+08:00,1682251200,20.7,7.6,5.79,646.1,53.6,3.83,0.099,0.115,4.08,,,Ⅲ
2023-04-24T00:00:00+08:00,1682265600,20.6,7.58,5.56,640.2,55.2,3.72,0.11,0.117,4.14,,,Ⅲ
2023-04-24T04:00:00+08:00,1682280000,20.3,7.58,5.42,637.2,48.4,3.82,0.107,0.111,4.05,,,Ⅲ
2023-04-24T08:00:00+08:00,1682294400,20.1,7.6,6.06,649.1,66.4,0.25,0.198,0.644,,,,劣Ⅴ
2023-04-24T12:00:00+08:00,1682308800,20.1,7.53,6.01,651.2,54.0,3.81,0.105,0.111,4.27,,,Ⅲ
2023-04-24T16:00:00+08:00,1682323200,19.9,7.48,5.77,638.7,50.2,3.77,0.111,0.117,4.03,,,Ⅲ
2023-04-24T20:00:00+08:00,1682337600,19.7,7.51,5.94,644.1,44.8,3.9,0.104,0.115,4.05,,,Ⅲ
2023-04-25T00:00:00+08:00,1682352000,19.7,7.47,6.05,638.0,65.1,3.73,0.118,0.112,4.1,,,Ⅲ
2023-04-25T04:00:00+08:00,1682366400,19.3,7.48,5.4,634.1,52.7,3.82,0.123,0.111,4.04,,,Ⅲ
2023-04-25T08:00:00+08:00,1682380800,19.3,7.5,5.44,637.3,56.8,3.76,0.122,0.114,4.11,,,Ⅲ
2023-04-25T12:00:00+08:00,1682395200,19.4,7.5,5.59,637.0,57.7,3.79,0.13,0.114,4.14,,,Ⅲ
2023-04-25T16:00:00+08:00,1682409600,19.2,7.49,5.43,634.3,64.8,3.81,0.144,0.113,4.16,,,Ⅲ
2023-04-25T20:00:00+08:00,1682424000,19.0,7.49,5.4,634.9,55.4,3.97,0.136,0.106,4.09,,,Ⅲ
2023-04-26T00:00:00+08:00,1682438400,18.8,7.49,5.5,635.7,83.4,3.99,0.178,0.12,4.28,,,Ⅲ
2023-04-26T04:00:00+08:00,1682452800,18.5,7.49,5.29,637.1,59.4,3.74,0.243,0.114,4.18,,,Ⅲ
2023-04-26T08:00:00+08:00,1682467200,18.6,7.52,5.17,638.0,62.6,3.78,0.2,0.116,4.14,,,Ⅲ
2023-04-26T12:00:00+08:00,1682481600,19.0,7.51,5.19,636.5,59.9,3.91,0.2,0.112,4.08,,,Ⅲ
2023-04-26T16:00:00+08:00,1682496000,19.4,7.52,5.29,634.7,64.2,4.05,0.236,0.114,4.11,,,Ⅲ
2023-04-26T20:00:00+08:00,1682510400,19.4,7.55,5.36,633.7,44.3,3.69,0.217,0.108,4.0,,,Ⅲ
2023-04-27T00:00:00+08:00,1682524800,19.3,7.54,5.14,633.6,53.4,3.79,0.247,0.117,4.16,,,Ⅲ
2023-04-27T04:00:00+08:00,1682539200,19.1,7.54,4.88,633.3,58.0,4.03,0.245,0.11,4.1,,,Ⅳ
2023-04-27T08:00:00+08:00,1682553600,19.2,7.56,5.26,634.3,48.1,3.61,0.218,0.119,4.04,,,Ⅲ
2023-04-27T12:00:00+08:00,1682568000,19.7,7.56,5.45,636.8,50.7,,0.202,,,,,
2023-04-27T16:00:00+08:00,1682582400,20.2,7.57,5.64,637.4,78.4,4.12,0.193,0.122,4.29,,,Ⅲ
2023-04-27T20:00:00+08:00,1682596800,20.1,7.59,5.86,638.2,55.0,3.93,0.166,0.107,4.05,,,Ⅲ
2023-04-28T00:00:00+08:00,1682611200,20.0,7.6,5.99,637.6,62.9,3.8,0.161,0.112,4.09,,,Ⅲ
2023-04-28T08:00:00+08:00,1682640000,20.1,7.61,6.25,639.8,52.3,4.04,0.143,0.104,3.96,,,Ⅲ
2023-04-28T12:00:00+08:00,1682654400,20.8,7.6,6.12,641.4,42.0,3.92,0.139,0.102,3.9,,,Ⅲ
2023-04-28T20:00:00+08:00,1682683200,21.0,7.6,6.08,646.9,68.3,4.16,0.148,0.103,4.06,,,Ⅲ
2023-04-29T04:00:00+08:00,1682712000,21.0,7.6,6.07,647.4,55.7,3.76,0.133,0.109,3.95,,,Ⅱ
2023-04-29T08:00:00+08:00,1682726400,21.1,7.6,5.96,644.9,39.9,3.68,0.129,0.103,3.82,,,Ⅲ
2023-04-29T12:00:00+08:00,1682740800,20.9,7.6,6.07,645.8,55.0,3.74,0.129,0.109,3.97,,,Ⅲ
2023-04-29T16:00:00+08:00,1682755200,21.0,7.6,6.07,645.7,47.2,3.97,0.132,0.109,3.94,,,Ⅲ
2023-04-29T20:00:00+08:00,1682769600,20.7,7.6,5.93,642.0,64.0,3.91,0.135,0.104,3.97,,,Ⅲ
2023-04-30T04:00:00+08:00,1682798400,20.2,7.59,5.32,640.2,55.2,3.74,0.124,0.108,3.83,,,Ⅲ
2023-04-30T08:00:00+08:00,1682812800,20.1,7.52,5.26,641.5,63.8,3.8,0.146,0.106,3.88,,,Ⅲ
2023-04-30T12:00:00+08:00,1682827200,20.7,7.5,5.57,645.2,53.5,3.89,0.139,0.099,3.95,,,Ⅲ
2023-04-30T16:00:00+08:00,1682841600,20.9,7.49,5.69,645.3,50.2,3.97,0.128,0.105,3.79,,,Ⅲ
2023-04-30T20:00:00+08:00,1682856000,20.7,7.48,5.42,646.2,62.0,3.91,0.148,0.107,3.96,,,Ⅲ
2023-05-01T04:00:00+08:00,1682884800,20.7,7.5,5.47,644.7,54.0,4.03,0.143,0.113,3.84,,,Ⅲ
2023-05-01T08:00:00+08:00,1682899200,20.7,7.51,5.23,643.1,70.1,3.85,0.154,0.108,3.97,,,Ⅲ
2023-05-01T12:00:00+08:00,1682913600,21.4,7.52,5.67,643.9,54.4,4.16,0.144,0.11,3.91,,,Ⅲ
2023-05-01T16:00:00+08:00,1682928000,21.7,7.53,5.71,644.8,56.7,4.11,0.131,0.105,3.84,,,Ⅲ
2023-05-01T20:00:00+08:00,1682942400,21.4,7.54,5.73,645.4,67.9,3.89,0.133,0.117,3.86,,,Ⅲ
2023-05-02T04:00:00+08:00,1682971200,21.0,7.54,5.14,648.4,52.0,3.76,0.139,0.114,3.76,,,Ⅲ
2023-05-02T08:00:00+08:00,1682985600,21.0,7.56,5.66,647.5,72.1,4.04,0.131,0.107,3.87,,,Ⅲ
2023-05-02T12:00:00+08:00,1683000000,21.9,7.56,5.72,644.2,49.1,3.96,0.12,0.105,3.79,,,Ⅲ
2023-05-02T16:00:00+08:00,1683014400,22.1,7.59,5.93,647.9,56.7,3.84,0.113,0.108,3.75,,,Ⅲ
2023-05-02T20:00:00+08:00,1683028800,21.8,7.56,5.66,645.1,71.5,3.78,0.116,0.104,3.88,,,Ⅲ
2023-05-03T04:00:00+08:00,1683057600,21.5,7.57,5.66,646.4,51.6,3.86,0.113,0.107,3.76,,,Ⅲ
2023-05-03T08:00:00+08:00,1683072000,21.7,7.57,5.93,648.2,67.8,3.82,0.117,0.111,3.79,,,Ⅲ
2023-05-03T12:00:00+08:00,1683086400,22.1,7.58,5.76,647.2,53.2,3.84,0.109,0.11,3.76,,,Ⅲ
2023-05-03T16:00:00+08:00,1683100800,22.2,7.58,5.67,651.7,59.2,3.76,0.099,0.098,3.66,,,Ⅲ
2023-05-03T20:00:00+08:00,1683115200,22.1,7.57,5.62,650.9,51.8,3.84,0.103,0.122,3.7,,,Ⅲ
2023-05-04T04:00:00+08:00,1683144000,22.1,7.56,5.23,650.4,70.0,3.95,0.12,0.124,3.84,,,Ⅲ
2023-05-04T08:00:00+08:00,1683158400,22.1,7.56,5.41,649.8,58.2,3.89,0.106,0.112,3.75,,,Ⅲ
2023-05-04T12:00:00+08:00,1683172800,22.7,7.55,5.53,646.0,66.2,3.86,0.112,0.113,3.75,,,Ⅲ
2023-05-04T16:00:00+08:00,1683187200,23.2,7.56,5.68,650.1,57.8,4.16,0.103,0.114,3.68,,,Ⅲ
2023-05-04T20:00:00+08:00,1683201600,22.9,7.55,5.57,649.9,58.4,4.01,0.104,0.11,3.68,,,Ⅲ
2023-05-05T04:00:00+08:00,1683230400,23.1,7.54,5.27,648.7,66.4,3.88,0.108,0.116,3.67,,,Ⅲ
2023-05-05T08:00:00+08:00,1683244800,23.0,7.54,5.45,649.8,61.4,3.85,0.102,0.116,3.65,,,Ⅲ
2023-05-05T12:00:00+08:00,1683259200,23.4,7.53,5.31,639.2,64.0,3.86,0.109,0.118,3.68,,,Ⅲ
2023-05-05T16:00:00+08:00,1683273600,23.6,7.53,5.35,639.0,60.4,3.88,0.113,0.116,3.66,,,Ⅲ
2023-05-05T20:00:00+08:00,1683288000,23.4,7.52,5.19,640.4,63.6,3.95,0.108,0.107,3.64,,,Ⅲ
2023-05-06T04:00:00+08:00,1683316800,23.5,7.49,4.83,635.5,68.4,3.96,0.138,0.112,3.73,,,Ⅳ
2023-05-06T08:00:00+08:00,1683331200,23.4,7.52,4.92,658.3,44.0,4.03,0.105,0.11,3.54,,,Ⅳ
2023-05-06T12:00:00+08:00,1683345600,23.6,7.48,4.62,635.4,75.4,4.15,0.138,0.119,3.77,,,Ⅳ
2023-05-06T16:00:00+08:00,1683360000,23.5,7.47,4.62,635.4,59.3,3.78,0.127,0.116,3.61,,,Ⅳ
2023-05-06T20:00:00+08:00,1683374400,23.3,7.48,4.77,639.4,47.5,3.85,0.121,0.115,3.63,,,Ⅳ
2023-05-07T04:00:00+08:00,1683403200,22.9,7.46,4.88,627.7,70.9,4.23,0.156,0.128,3.7,,,Ⅳ
2023-05-07T08:00:00+08:00,1683417600,22.8,7.48,4.88,650.3,48.1,4.19,0.117,0.12,3.64,,,Ⅳ
2023-05-07T12:00:00+08:00,1683432000,22.7,7.44,4.48,628.9,66.6,4.12,0.162,0.125,3.76,,,Ⅳ
2023-05-07T16:00:00+08:00,1683446400,22.5,7.44,4.49,627.6,53.6,3.95,0.15,0.126,3.71,,,Ⅳ
2023-05-07T20:00:00+08:00,1683460800,22.2,7.44,4.52,629.3,47.3,3.74,0.164,0.127,3.68,,,Ⅳ
2023-05-08T04:00:00+08:00,1683489600,21.8,7.43,4.59,625.9,75.8,3.81,0.187,0.134,3.9,,,Ⅳ
2023-05-08T08:00:00+08:00,1683504000,21.9,7.46,4.85,646.7,60.9,3.89,0.154,0.134,3.7,,,Ⅳ
2023-05-08T12:00:00+08:00,1683518400,22.1,7.42,4.45,630.6,63.1,3.84,0.186,0.132,3.84,,,Ⅳ
2023-05-08T16:00:00+08:00,1683532800,22.2,7.42,4.48,627.2,60.1,3.73,0.162,0.134,3.8,,,Ⅳ
2023-05-08T20:00:00+08:00,1683547200,22.1,7.42,4.41,629.0,57.7,3.73,0.025,0.12,3.75,,,Ⅳ
2023-05-09T04:00:00+08:00,1683576000,21.4,7.38,4.24,628.7,59.7,,0.033,0.086,,,,
2023-05-09T08:00:00+08:00,1683590400,21.7,7.42,4.43,630.6,60.9,3.96,0.185,0.135,3.91,,,Ⅳ
2023-05-09T12:00:00+08:00,1683604800,22.0,7.38,4.47,635.7,75.5,4.63,0.213,0.146,4.07,,,Ⅳ
2023-05-09T16:00:00+08:00,1683619200,22.5,7.36,4.28,631.0,59.5,3.97,0.199,0.146,3.81,,,Ⅳ
2023-05-10T12:00:00+08:00,1683691200,22.1,7.4,4.4,633.7,59.0,3.93,0.224,0.143,3.91,,,Ⅳ
2023-05-10T16:00:00+08:00,1683705600,22.2,7.41,4.31,632.8,68.4,3.81,0.271,0.149,3.85,,,Ⅳ
2023-05-10T20:00:00+08:00,1683720000,22.1,7.4,4.3,635.7,48.3,3.69,0.239,0.131,3.7,,,Ⅳ
2023-05-11T00:00:00+08:00,1683734400,22.1,7.41,4.3,634.3,62.3,3.88,0.25,0.134,3.77,,,Ⅳ
2023-05-11T04:00:00+08:00,1683748800,21.6,7.41,4.57,632.4,82.5,4.03,0.282,0.134,3.82,,,Ⅳ
2023-05-11T08:00:00+08:00,1683763200,21.7,7.41,4.33,634.4,58.8,3.99,0.257,0.137,3.84,,,Ⅳ
2023-05-11T12:00:00+08:00,1683777600,21.9,7.42,4.42,637.0,55.0,3.8,0.238,0.137,3.73,,,Ⅳ
2023-05-11T16:00:00+08:00,1683792000,21.7,7.41,4.23,633.6,80.0,3.78,0.271,0.145,3.9,,,Ⅳ
2023-05-11T20:00:00+08:00,1683806400,21.4,7.41,4.06,630.9,67.7,3.82,0.255,0.135,3.79,,,Ⅳ
2023-05-12T00:00:00+08:00,1683820800,21.4,7.41,4.09,631.2,57.5,3.97,0.248,0.136,3.84,,,Ⅳ
2023-05-12T04:00:00+08:00,1683835200,21.0,7.39,3.89,631.4,70.7,4.08,0.263,0.145,3.82,,,Ⅳ
2023-05-12T08:00:00+08:00,1683849600,21.1,7.4,4.02,634.0,59.9,3.97,0.238,0.133,3.77,,,Ⅳ
2023-05-12T12:00:00+08:00,1683864000,21.4,7.41,4.15,634.8,53.7,3.77,0.23,0.119,3.72,,,Ⅳ
2023-05-12T16:00:00+08:00,1683878400,21.7,7.4,3.92,634.0,67.0,3.96,0.235,0.1,3.82,,,Ⅳ
2023-05-12T20:00:00+08:00,1683892800,21.8,7.39,3.69,630.0,58.4,3.78,0.231,0.101,3.77,,,Ⅳ
2023-05-13T00:00:00+08:00,1683907200,21.6,7.4,3.87,629.9,48.2,4.07,0.215,0.132,3.74,,,Ⅳ
2023-05-13T04:00:00+08:00,1683921600,21.4,7.39,3.76,629.6,53.9,3.84,0.211,0.129,3.74,,,Ⅳ
2023-05-13T08:00:00+08:00,1683936000,21.4,7.4,3.85,632.0,46.2,3.85,0.212,0.127,3.7,,,Ⅳ
2023-05-13T12:00:00+08:00,1683950400,22.1,7.41,3.94,634.9,48.8,3.78,0.198,0.126,3.67,,,Ⅳ
2023-05-13T16:00:00+08:00,1683964800,22.2,7.4,3.8,633.0,66.2,0.25,0.116,0.106,,,,Ⅳ
2023-05-13T20:00:00+08:00,1683979200,22.6,7.4,3.9,630.6,69.6,4.11,0.188,0.125,3.82,,,Ⅳ
2023-05-14T00:00:00+08:00,1683993600,22.5,7.4,4.06,630.8,50.9,3.81,0.159,0.117,3.74,,,Ⅳ
2023-05-14T04:00:00+08:00,1684008000,22.4,7.4,3.9,632.1,58.1,4.04,0.158,0.125,3.7,,,Ⅳ
2023-05-14T08:00:00+08:00,1684022400,22.5,7.4,3.86,632.5,52.1,4.11,0.165,0.125,3.74,,,Ⅳ
2023-05-14T12:00:00+08:00,1684036800,23.2,7.41,4.0,634.8,55.9,3.89,0.139,0.125,3.63,,,Ⅳ
2023-05-14T16:00:00+08:00,1684051200,23.5,7.41,3.9,637.5,47.2,3.73,0.128,0.115,3.56,,,Ⅳ
2023-05-14T20:00:00+08:00,1684065600,23.8,7.4,3.99,637.0,61.8,3.96,0.138,0.114,3.64,,,Ⅳ
2023-05-15T00:00:00+08:00,1684080000,23.7,7.4,3.95,633.4,47.6,,0.076,0.03,,,,
2023-05-15T04:00:00+08:00,1684094400,23.6,7.4,4.14,635.9,49.5,,0.025,0.005,,,,
2023-05-15T08:00:00+08:00,1684108800,23.8,7.4,4.05,633.7,55.4,,0.025,0.005,,,,
2023-05-15T12:00:00+08:00,1684123200,24.5,7.32,4.5,634.3,50.8,3.88,0.104,0.112,3.56,,,Ⅳ
2023-05-15T16:00:00+08:00,1684137600,24.8,7.33,4.49,641.7,51.6,3.93,0.099,0.118,3.49,,,Ⅳ
2023-05-15T20:00:00+08:00,1684152000,24.6,7.35,4.64,637.6,95.2,3.8,0.098,0.122,3.52,,,Ⅳ
2023-05-16T00:00:00+08:00,1684166400,24.7,7.35,5.2,635.4,176.7,3.77,0.086,0.114,3.44,,,Ⅲ
2023-05-16T04:00:00+08:00,1684180800,24.4,7.31,5.38,639.0,49.8,3.76,0.086,0.117,3.49,,,Ⅲ
2023-05-16T08:00:00+08:00,1684195200,24.7,7.33,5.45,636.5,131.6,3.95,0.088,0.117,3.57,,,Ⅲ
2023-05-17T08:00:00+08:00,1684281600,24.8,7.45,4.46,636.5,108.1,3.95,0.085,0.136,3.61,,,Ⅳ
2023-05-17T12:00:00+08:00,1684296000,24.8,7.46,4.72,632.1,84.2,3.91,0.081,0.123,3.5,,,Ⅳ
2023-05-17T16:00:00+08:00,1684310400,24.6,7.48,4.5,629.0,44.9,3.76,0.074,0.12,3.45,,,Ⅳ
2023-05-17T20:00:00+08:00,1684324800,24.7,7.45,5.74,630.7,68.0,4.09,0.08,0.126,3.63,,,Ⅲ
2023-05-18T00:00:00+08:00,1684339200,24.5,7.42,4.19,612.4,55.6,3.91,0.104,0.127,3.57,,,Ⅳ
2023-05-18T04:00:00+08:00,1684353600,24.4,7.43,4.52,622.1,49.3,4.01,0.088,0.13,3.53,,,Ⅳ
2023-05-18T12:00:00+08:00,1684382400,24.3,7.41,5.4,608.7,87.8,4.12,0.12,0.144,3.81,,,Ⅲ
2023-05-18T16:00:00+08:00,1684396800,24.1,7.42,4.64,610.4,74.6,3.85,0.107,0.137,3.67,,,Ⅳ
2023-05-18T20:00:00+08:00,1684411200,24.1,7.41,4.51,612.1,63.8,4.07,0.103,0.136,3.82,,,Ⅳ
2023-05-19T04:00:00+08:00,1684440000,23.8,7.4,5.33,612.0,85.8,4.4,0.134,0.146,3.93,,,Ⅲ
2023-05-19T08:00:00+08:00,1684454400,23.7,7.44,4.51,629.8,92.4,4.08,0.105,0.154,3.78,,,Ⅳ
2023-05-19T12:00:00+08:00,1684468800,23.8,7.39,3.88,608.4,74.9,4.19,0.192,0.148,3.82,,,Ⅳ
2023-05-19T16:00:00+08:00,1684483200,23.9,7.38,3.62,609.2,53.5,4.27,0.145,0.148,3.77,,,Ⅳ
2023-05-19T20:00:00+08:00,1684497600,23.8,7.39,3.94,611.2,56.4,4.23,0.134,0.159,3.71,,,Ⅳ
2023-05-20T04:00:00+08:00,1684526400,23.4,7.35,3.91,604.9,62.5,4.09,0.196,0.153,3.83,,,Ⅳ
2023-05-20T08:00:00+08:00,1684540800,23.4,7.38,4.9,618.1,67.5,4.11,0.145,0.155,3.84,,,Ⅳ
2023-05-20T12:00:00+08:00,1684555200,23.6,7.35,3.34,605.6,65.2,4.15,0.181,0.15,3.84,,,Ⅳ
2023-05-20T16:00:00+08:00,1684569600,23.8,7.35,3.18,602.6,46.5,4.0,0.165,0.144,3.7,,,Ⅳ
2023-05-20T20:00:00+08:00,1684584000,23.7,7.35,3.32,607.2,61.3,3.85,0.172,0.152,3.74,,,Ⅳ
2023-05-21T04:00:00+08:00,1684612800,23.4,7.32,3.15,601.3,62.1,4.23,0.199,0.152,3.78,,,Ⅳ
2023-05-21T08:00:00+08:00,1684627200,23.4,7.36,3.35,618.9,53.2,4.01,0.149,0.144,3.68,,,Ⅳ
2023-05-21T12:00:00+08:00,1684641600,23.8,7.34,3.13,604.9,62.4,3.96,0.179,0.149,3.84,,,Ⅳ
2023-05-21T16:00:00+08:00,1684656000,24.2,7.33,2.87,598.6,40.4,4.14,0.161,0.15,3.72,,,Ⅴ
2023-05-21T20:00:00+08:00,1684670400,24.1,7.32,3.01,605.8,50.4,3.84,0.151,0.146,3.76,,,Ⅳ
2023-05-22T04:00:00+08:00,1684699200,23.9,7.32,4.17,597.4,63.7,4.01,0.163,0.153,4.01,,,Ⅳ
2023-05-22T08:00:00+08:00,1684713600,23.7,7.35,2.94,608.9,49.0,4.01,0.132,0.156,3.65,,,Ⅴ
2023-05-22T12:00:00+08:00,1684728000,23.5,7.35,3.54,598.7,60.7,4.0,0.155,0.142,3.7,,,Ⅳ
2023-05-22T16:00:00+08:00,1684742400,23.4,7.35,3.44,593.7,46.1,3.97,0.148,0.157,3.62,,,Ⅳ
2023-05-22T20:00:00+08:00,1684756800,23.3,7.36,3.57,596.0,49.6,4.18,0.155,0.159,3.64,,,Ⅳ
2023-05-23T04:00:00+08:00,1684785600,22.7,7.35,3.58,586.8,54.2,3.91,0.178,0.148,3.65,,,Ⅳ
2023-05-23T08:00:00+08:00,1684800000,22.9,7.35,3.64,589.6,58.5,4.28,0.156,0.158,3.69,,,Ⅳ
2023-05-24T12:00:00+08:00,1684900800,23.4,7.36,2.94,589.4,173.9,4.27,0.215,0.167,3.76,,,Ⅴ
2023-05-25T08:00:00+08:00,1684972800,22.7,7.34,4.77,585.8,71.4,4.04,0.193,0.147,3.65,,,Ⅳ
2023-05-25T12:00:00+08:00,1684987200,23.2,7.37,3.92,589.6,62.6,4.26,0.207,0.146,3.61,,,Ⅳ
2023-05-25T16:00:00+08:00,1685001600,23.6,7.36,4.4,585.6,121.8,4.19,0.197,0.152,3.62,,,Ⅳ
2023-05-25T20:00:00+08:00,1685016000,23.6,7.35,3.81,584.6,39.6,4.28,0.176,0.138,3.58,,,Ⅳ
2023-05-26T00:00:00+08:00,1685030400,23.6,7.36,4.53,584.3,109.1,4.5,0.174,0.137,3.59,,,Ⅳ
2023-05-26T04:00:00+08:00,1685044800,23.4,7.35,5.47,584.9,58.1,4.24,0.174,0.139,3.62,,,Ⅲ
2023-05-26T12:00:00+08:00,1685073600,24.1,7.36,4.64,588.2,54.2,4.57,0.162,0.14,3.54,,,Ⅳ
2023-05-26T16:00:00+08:00,1685088000,24.6,7.36,4.25,586.0,57.4,4.52,0.148,0.136,3.57,,,Ⅳ
2023-05-26T20:00:00+08:00,1685102400,24.7,7.35,4.23,584.5,39.8,4.26,0.121,0.133,3.44,,,Ⅳ
2023-05-27T00:00:00+08:00,1685116800,24.7,7.36,5.55,583.5,70.2,4.2,0.108,0.137,3.51,,,Ⅳ
2023-05-27T04:00:00+08:00,1685131200,24.6,7.36,4.5,581.5,100.5,4.11,0.116,0.133,3.51,,,Ⅳ
2023-05-27T08:00:00+08:00,1685145600,24.6,7.36,4.37,583.2,42.6,4.35,0.098,0.132,3.54,,,Ⅳ
2023-05-27T12:00:00+08:00,1685160000,24.9,7.37,5.76,586.7,69.2,5.47,0.111,0.138,3.52,,,Ⅲ
2023-05-27T16:00:00+08:00,1685174400,25.0,7.35,4.39,583.6,55.6,5.39,0.106,0.136,3.59,,,Ⅳ
2023-05-27T20:00:00+08:00,1685188800,25.2,7.35,4.46,576.6,169.5,5.24,0.1,0.13,3.5,,,Ⅳ
2023-05-28T00:00:00+08:00,1685203200,25.1,7.35,4.42,578.6,53.7,4.4,0.096,0.134,3.46,,,Ⅳ
2023-05-28T04:00:00+08:00,1685217600,25.0,7.32,4.33,577.5,174.4,4.2,0.106,0.134,3.45,,,Ⅳ
2023-05-28T08:00:00+08:00,1685232000,25.1,7.34,4.39,578.0,120.2,4.26,0.095,0.129,3.41,,,Ⅳ
2023-05-28T12:00:00+08:00,1685246400,25.9,7.32,4.4,582.0,36.7,3.92,0.088,0.126,3.45,,,Ⅳ
2023-05-28T16:00:00+08:00,1685260800,26.2,7.35,5.56,586.0,297.7,4.07,0.087,0.13,3.45,,,Ⅲ
2023-05-28T20:00:00+08:00,1685275200,26.3,7.31,4.41,580.8,47.5,5.09,0.096,0.134,3.47,,,Ⅳ
2023-05-29T00:00:00+08:00,1685289600,26.3,7.34,4.45,581.6,40.1,4.28,0.083,0.13,3.38,,,Ⅳ
2023-05-29T04:00:00+08:00,1685304000,26.3,7.34,5.62,581.3,80.5,5.95,0.073,0.131,3.42,,,Ⅲ
2023-05-29T12:00:00+08:00,1685332800,26.8,7.34,4.7,577.5,67.7,,0.082,0.131,3.38,,,
2023-05-29T16:00:00+08:00,1685347200,27.0,7.34,4.37,578.6,56.6,3.54,0.077,0.15,,,,Ⅳ
2023-05-29T20:00:00+08:00,1685361600,27.3,7.35,4.64,574.2,184.6,3.44,0.092,0.153,3.54,,,Ⅳ
2023-05-30T00:00:00+08:00,1685376000,27.1,7.34,5.3,572.7,229.1,3.59,0.072,0.13,3.36,,,Ⅳ
2023-05-30T04:00:00+08:00,1685390400,27.1,7.33,5.56,573.1,169.8,3.44,0.075,0.132,3.36,,,Ⅲ
2023-05-30T08:00:00+08:00,1685404800,27.1,7.33,5.17,569.7,444.1,3.82,0.08,0.142,3.34,,,Ⅲ
2023-05-30T12:00:00+08:00,1685419200,27.5,7.35,5.6,568.0,110.0,3.76,0.069,0.118,3.2,,,Ⅲ
2023-05-30T16:00:00+08:00,1685433600,27.6,7.34,5.41,567.1,105.8,3.67,0.078,0.131,3.29,,,Ⅲ
2023-05-30T20:00:00+08:00,1685448000,27.6,7.32,5.1,567.1,349.6,3.51,0.106,0.137,3.45,,,Ⅲ
2023-05-31T00:00:00+08:00,1685462400,27.5,7.3,4.65,566.5,142.0,3.69,0.091,0.134,3.36,,,Ⅲ
2023-05-31T04:00:00+08:00,1685476800,27.4,7.3,5.38,570.7,204.8,3.51,0.091,0.132,3.27,,,Ⅲ
2023-05-31T08:00:00+08:00,1685491200,27.4,7.29,4.67,568.4,500.0,3.46,0.099,0.145,3.44,,,Ⅳ
2023-05-31T12:00:00+08:00,1685505600,27.3,7.28,5.08,564.1,16.2,3.77,0.094,0.139,3.32,,,Ⅲ
2023-05-31T16:00:00+08:00,1685520000,27.4,7.29,4.19,569.5,27.6,3.63,0.094,0.141,3.38,,,Ⅳ
2023-05-31T20:00:00+08:00,1685534400,27.1,7.24,3.64,562.1,24.9,3.63,0.135,0.149,3.5,,,Ⅳ
2023-06-01T00:00:00+08:00,1685548800,26.8,7.21,4.3,555.6,19.9,3.86,0.15,0.155,3.46,,,Ⅳ
2023-06-01T04:00:00+08:00,1685563200,26.9,7.24,4.07,567.2,28.1,3.55,0.108,0.148,3.39,,,Ⅳ
2023-06-01T08:00:00+08:00,1685577600,26.9,7.22,2.96,564.4,44.7,3.84,0.141,0.155,3.53,,,Ⅴ
2023-06-01T12:00:00+08:00,1685592000,26.9,7.18,4.02,555.5,29.4,3.9,0.139,0.167,3.57,,,Ⅳ
2023-06-02T12:00:00+08:00,1685678400,27.3,7.17,3.33,554.3,39.2,3.99,0.141,0.169,3.59,,,Ⅳ
2023-06-03T20:00:00+08:00,1685793600,27.4,7.17,4.04,561.7,35.8,3.67,0.115,0.183,3.5,,,Ⅳ
2023-06-04T00:00:00+08:00,1685808000,27.4,7.16,2.97,550.9,47.1,3.99,0.154,0.185,3.5,,,Ⅳ
2023-06-04T04:00:00+08:00,1685822400,26.9,7.17,4.34,554.1,51.1,4.02,0.133,0.186,3.55,,,Ⅳ
2023-06-04T08:00:00+08:00,1685836800,26.9,7.23,4.72,575.2,46.4,3.85,0.1,0.183,3.48,,,Ⅳ
2023-06-04T12:00:00+08:00,1685851200,26.9,7.17,3.38,553.5,51.9,3.81,0.128,0.188,3.55,,,Ⅳ
2023-06-04T16:00:00+08:00,1685865600,27.0,7.18,3.5,553.0,37.0,4.06,0.102,0.18,3.38,,,Ⅳ
2023-06-04T20:00:00+08:00,1685880000,26.9,7.17,3.13,555.2,38.6,3.93,0.106,0.181,3.37,,,Ⅳ
2023-06-05T00:00:00+08:00,1685894400,26.6,7.17,3.04,549.9,50.6,3.77,0.128,0.19,3.46,,,Ⅳ
2023-06-05T04:00:00+08:00,1685908800,26.4,7.17,4.67,551.0,53.2,3.93,0.123,0.188,3.58,,,Ⅳ
2023-06-05T08:00:00+08:00,1685923200,26.5,7.26,4.73,581.0,67.0,4.11,0.102,0.192,3.65,,,Ⅳ
2023-06-05T12:00:00+08:00,1685937600,26.6,7.17,4.93,555.7,57.5,4.37,0.107,0.187,3.61,,,Ⅳ
2023-06-05T16:00:00+08:00,1685952000,26.7,7.17,4.82,553.2,47.0,3.92,0.101,0.185,3.49,,,Ⅳ
2023-06-05T20:00:00+08:00,1685966400,26.5,7.19,5.34,558.1,42.4,3.86,0.084,0.182,3.45,,,Ⅲ
2023-06-06T00:00:00+08:00,1685980800,26.4,7.16,4.89,550.7,50.9,4.22,0.131,0.187,3.55,,,Ⅳ
2023-06-06T04:00:00+08:00,1685995200,26.2,7.17,4.88,552.1,54.8,4.05,0.127,0.186,3.56,,,Ⅳ
2023-06-06T08:00:00+08:00,1686009600,26.2,7.24,5.06,567.9,54.3,4.22,0.074,0.181,3.46,,,Ⅲ
2023-06-06T12:00:00+08:00,1686024000,26.1,7.24,4.58,552.8,54.2,4.06,0.096,0.186,3.53,,,Ⅳ
2023-06-06T16:00:00+08:00,1686038400,25.9,7.26,4.39,548.7,37.6,3.81,0.104,0.175,3.36,,,Ⅳ
2023-06-06T20:00:00+08:00,1686052800,25.9,7.24,4.94,552.4,42.3,3.9,0.102,0.182,3.44,,,Ⅳ
2023-06-07T00:00:00+08:00,1686067200,25.6,7.24,5.14,547.5,52.1,4.24,0.105,0.184,3.48,,,Ⅲ
2023-06-07T04:00:00+08:00,1686081600,25.3,7.27,4.54,549.6,50.7,4.18,0.124,0.178,3.41,,,Ⅳ
2023-06-07T08:00:00+08:00,1686096000,25.4,7.29,5.16,556.2,52.7,4.18,0.088,0.186,3.45,,,Ⅲ
2023-06-07T12:00:00+08:00,1686110400,25.6,7.27,5.23,555.1,55.2,4.25,0.104,0.184,3.52,,,Ⅲ
2023-06-07T16:00:00+08:00,1686124800,25.5,7.25,4.87,552.5,49.0,4.25,0.128,0.188,3.45,,,Ⅳ
2023-06-07T20:00:00+08:00,1686139200,25.5,7.26,4.87,553.7,37.8,3.95,0.109,0.189,3.35,,,Ⅳ
2023-06-08T00:00:00+08:00,1686153600,25.4,7.26,4.87,554.6,53.4,4.02,0.125,0.175,3.54,,,Ⅳ
2023-06-08T08:00:00+08:00,1686182400,25.2,7.27,4.98,553.7,56.4,3.98,0.127,0.189,3.51,,,Ⅳ
2023-06-08T12:00:00+08:00,1686196800,25.5,7.28,5.11,554.4,48.9,4.23,0.121,0.182,3.47,,,Ⅲ
2023-06-08T16:00:00+08:00,1686211200,25.9,7.24,4.74,551.5,50.7,4.11,0.191,0.175,3.64,,,Ⅳ
2023-06-08T20:00:00+08:00,1686225600,25.8,7.24,4.24,551.6,35.7,4.02,0.16,0.175,3.5,,,Ⅳ
2023-06-09T00:00:00+08:00,1686240000,25.9,7.22,4.72,552.0,49.1,4.18,0.154,0.185,3.66,,,Ⅳ
2023-06-09T04:00:00+08:00,1686254400,26.0,7.21,4.29,557.1,46.0,4.16,0.184,0.177,3.58,,,Ⅳ
2023-06-09T08:00:00+08:00,1686268800,26.0,7.21,4.53,556.3,51.4,4.27,0.176,0.185,3.68,,,Ⅳ
2023-06-09T12:00:00+08:00,1686283200,26.4,7.24,4.34,559.0,38.5,3.92,0.135,0.176,3.56,,,Ⅳ
2023-06-09T20:00:00+08:00,1686312000,26.9,7.22,3.67,560.0,32.4,3.86,0.138,0.176,3.46,,,Ⅳ
2023-06-10T00:00:00+08:00,1686326400,26.9,7.2,3.76,553.4,37.7,4.23,0.143,0.175,3.48,,,Ⅳ
2023-06-10T04:00:00+08:00,1686340800,26.9,7.21,2.89,559.0,50.1,4.18,0.154,0.179,3.55,,,Ⅴ
2023-06-10T08:00:00+08:00,1686355200,26.9,7.21,4.03,562.8,32.9,4.24,0.14,0.175,3.41,,,Ⅳ
2023-06-10T12:00:00+08:00,1686369600,27.6,7.21,3.67,561.7,27.8,4.1,0.118,0.172,3.39,,,Ⅳ
2023-06-10T16:00:00+08:00,1686384000,27.8,7.2,3.65,562.5,35.6,3.93,0.125,0.177,3.44,,,Ⅳ
2023-06-10T20:00:00+08:00,1686398400,28.0,7.22,4.01,564.2,34.4,4.11,0.105,0.168,3.33,,,Ⅳ
2023-06-11T00:00:00+08:00,1686412800,27.6,7.21,4.08,564.1,30.0,4.16,0.107,0.168,3.37,,,Ⅳ
2023-06-11T04:00:00+08:00,1686427200,27.7,7.22,3.68,566.3,37.1,4.1,0.096,0.171,3.36,,,Ⅳ
2023-06-11T08:00:00+08:00,1686441600,27.7,7.22,3.66,569.4,34.8,4.07,0.093,0.17,3.3,,,Ⅳ
2023-06-11T12:00:00+08:00,1686456000,28.1,7.24,3.9,568.7,32.8,4.19,0.087,0.171,3.36,,,Ⅳ
2023-06-11T16:00:00+08:00,1686470400,28.3,7.25,3.99,568.3,32.1,4.14,0.09,0.176,3.26,,,Ⅳ
2023-06-11T20:00:00+08:00,1686484800,28.1,7.24,4.21,570.0,34.8,4.38,0.096,0.174,3.29,,,Ⅳ
2023-06-12T00:00:00+08:00,1686499200,27.7,7.24,4.14,570.6,28.2,4.27,0.094,0.17,3.28,,,Ⅳ
2023-06-12T04:00:00+08:00,1686513600,27.7,7.23,4.11,568.3,34.3,4.38,0.086,0.171,3.29,,,Ⅳ
2023-06-12T08:00:00+08:00,1686528000,27.6,7.22,4.14,572.5,31.9,4.29,0.078,0.172,3.17,,,Ⅳ
2023-06-12T12:00:00+08:00,1686542400,28.3,7.23,4.66,574.3,28.5,4.32,0.096,0.167,3.22,,,Ⅳ
2023-06-12T16:00:00+08:00,1686556800,28.3,7.18,4.42,576.3,32.6,4.15,0.078,0.174,3.26,,,Ⅳ
2023-06-12T20:00:00+08:00,1686571200,28.0,7.2,3.97,577.0,40.7,4.54,0.084,0.18,3.28,,,Ⅳ
2023-06-13T00:00:00+08:00,1686585600,27.7,7.17,4.46,580.7,32.8,4.56,0.079,0.172,3.23,,,Ⅳ
2023-06-13T04:00:00+08:00,1686600000,27.7,7.16,3.84,581.9,34.5,4.33,0.079,0.172,3.19,,,Ⅳ
2023-06-13T08:00:00+08:00,1686614400,27.6,7.17,4.51,583.4,44.9,4.56,0.078,0.172,3.26,,,Ⅳ
2023-06-13T12:00:00+08:00,1686628800,27.6,7.22,4.59,584.4,36.8,4.59,0.069,0.172,3.18,,,Ⅳ
2023-06-13T16:00:00+08:00,1686643200,27.7,7.19,4.5,585.3,33.9,4.36,0.073,0.164,3.17,,,Ⅳ
2023-06-13T20:00:00+08:00,1686657600,27.6,7.18,4.36,586.8,43.7,4.71,0.084,0.169,3.21,,,Ⅳ
2023-06-14T00:00:00+08:00,1686672000,27.4,7.19,3.88,590.5,38.2,4.45,0.076,0.16,3.15,,,Ⅳ
2023-06-14T04:00:00+08:00,1686686400,27.5,7.2,4.39,588.3,32.8,4.66,0.07,0.162,3.1,,,Ⅳ
2023-06-14T08:00:00+08:00,1686700800,27.4,7.23,4.31,591.5,43.4,4.46,0.082,0.168,3.18,,,Ⅳ
2023-06-14T12:00:00+08:00,1686715200,27.6,7.24,4.36,589.0,34.5,4.59,0.072,0.169,3.06,,,Ⅳ
2023-06-14T16:00:00+08:00,1686729600,28.0,7.22,4.56,588.9,30.6,4.52,0.072,0.162,3.07,,,Ⅳ
2023-06-14T20:00:00+08:00,1686744000,27.6,7.23,3.97,590.1,39.6,4.82,0.087,0.164,3.09,,,Ⅳ
2023-06-15T00:00:00+08:00,1686758400,27.6,7.23,3.2,591.6,41.5,4.98,0.088,0.166,3.08,,,Ⅳ
2023-06-15T04:00:00+08:00,1686772800,27.6,7.27,4.29,592.3,36.4,4.56,0.075,0.164,3.1,,,Ⅳ
2023-06-15T08:00:00+08:00,1686787200,27.6,7.26,4.11,590.7,42.6,4.8,0.085,0.164,3.15,,,Ⅳ
2023-06-16T08:00:00+08:00,1686873600,27.6,7.27,3.35,599.1,41.9,4.98,0.083,0.17,3.12,,,Ⅳ
2023-06-16T12:00:00+08:00,1686888000,27.6,7.26,4.36,600.9,39.9,4.86,0.095,0.17,3.13,,,Ⅳ
2023-06-16T16:00:00+08:00,1686902400,27.6,7.26,4.35,602.1,36.8,5.22,0.091,0.171,3.16,,,Ⅳ
2023-06-16T20:00:00+08:00,1686916800,27.5,7.26,4.26,604.6,46.2,5.21,0.094,0.174,3.13,,,Ⅳ
2023-06-19T04:00:00+08:00,1687118400,26.1,7.16,3.52,586.6,60.9,5.94,0.249,0.197,3.61,,,Ⅳ
2023-06-19T08:00:00+08:00,1687132800,26.2,7.19,3.82,603.6,44.9,5.78,0.16,0.19,3.4,,,Ⅳ
2023-06-19T12:00:00+08:00,1687147200,26.3,7.09,2.84,589.1,58.5,6.13,0.275,0.205,3.6,,,Ⅴ
2023-06-19T16:00:00+08:00,1687161600,26.4,7.11,3.17,587.4,57.8,6.19,0.221,0.21,3.7,,,Ⅳ
2023-06-19T20:00:00+08:00,1687176000,26.4,7.1,3.83,588.2,42.4,5.9,0.207,0.197,3.53,,,Ⅳ
2023-06-20T00:00:00+08:00,1687190400,26.4,7.11,3.64,580.9,47.2,6.41,0.209,0.209,3.54,,,Ⅳ
2023-06-20T08:00:00+08:00,1687219200,26.3,7.15,3.95,550.7,61.0,6.56,0.231,0.218,3.87,,,Ⅳ
2023-06-20T12:00:00+08:00,1687233600,26.4,7.11,3.74,557.4,60.0,6.64,0.201,0.234,3.89,,,Ⅳ
2023-06-20T16:00:00+08:00,1687248000,26.9,7.08,3.58,536.1,50.4,7.13,0.227,0.244,3.98,,,Ⅳ
2023-06-20T20:00:00+08:00,1687262400,26.9,7.11,3.45,535.5,52.6,6.89,0.225,0.241,3.87,,,Ⅳ
2023-06-21T00:00:00+08:00,1687276800,26.9,7.11,2.58,528.8,45.6,6.4,0.291,0.241,3.87,,,Ⅴ
2023-06-21T04:00:00+08:00,1687291200,26.9,7.11,2.37,519.3,42.8,7.06,0.281,0.269,3.98,,,Ⅴ
2023-06-21T08:00:00+08:00,1687305600,26.9,7.16,3.0,526.3,47.6,6.52,0.24,0.249,3.83,,,Ⅳ
2023-06-21T12:00:00+08:00,1687320000,27.4,7.16,3.05,529.4,39.9,6.49,0.249,0.255,3.86,,,Ⅳ
2023-06-21T16:00:00+08:00,1687334400,27.8,7.12,2.76,510.5,32.8,7.15,0.226,0.28,3.82,,,Ⅴ
2023-06-21T20:00:00+08:00,1687348800,27.6,7.09,2.49,520.6,32.0,6.98,0.234,0.27,3.79,,,Ⅴ
2023-06-22T00:00:00+08:00,1687363200,27.7,7.08,2.68,508.6,37.8,7.2,0.225,0.288,3.86,,,Ⅴ
2023-06-22T04:00:00+08:00,1687377600,27.6,7.09,2.5,508.9,33.9,7.01,0.225,0.272,3.64,,,Ⅴ
2023-06-22T08:00:00+08:00,1687392000,27.6,7.1,2.1,512.2,40.6,6.89,0.208,0.283,3.85,,,Ⅴ
2023-06-22T12:00:00+08:00,1687406400,28.2,7.09,2.43,513.2,36.7,6.93,0.194,0.282,3.77,,,Ⅴ
2023-06-22T16:00:00+08:00,1687420800,28.5,7.1,2.44,510.2,36.5,7.06,0.208,0.272,3.56,,,Ⅴ
2023-06-25T04:00:00+08:00,1687636800,25.0,7.05,3.81,378.7,72.3,6.88,0.254,0.328,4.1,,,Ⅴ
2023-06-25T08:00:00+08:00,1687651200,25.0,7.03,2.32,379.9,60.7,6.52,0.246,0.321,3.95,,,Ⅴ
2023-06-25T12:00:00+08:00,1687665600,25.2,7.02,2.76,381.7,63.3,6.62,0.249,0.316,3.88,,,Ⅴ
2023-06-25T16:00:00+08:00,1687680000,25.6,7.02,3.21,390.2,58.0,6.37,0.269,0.333,4.0,,,Ⅴ
2023-06-25T20:00:00+08:00,1687694400,25.7,6.96,2.88,376.2,56.4,6.4,0.271,0.352,3.89,,,Ⅴ
2023-06-26T00:00:00+08:00,1687708800,25.7,6.96,3.12,372.1,64.9,6.36,0.23,0.334,3.84,,,Ⅴ
2023-06-26T04:00:00+08:00,1687723200,25.7,6.97,2.85,388.3,55.2,6.25,0.246,0.332,3.71,,,Ⅴ
2023-06-26T08:00:00+08:00,1687737600,25.7,6.95,2.63,373.0,44.9,5.99,0.236,0.332,3.61,,,Ⅴ
2023-06-26T12:00:00+08:00,1687752000,25.9,6.96,2.82,378.3,49.8,6.07,0.233,0.329,3.67,,,Ⅴ
2023-06-26T16:00:00+08:00,1687766400,26.1,6.96,2.82,375.1,58.5,6.34,0.216,0.333,3.72,,,Ⅴ
2023-06-26T20:00:00+08:00,1687780800,26.2,6.97,2.72,370.3,49.4,6.19,0.215,0.323,3.44,,,Ⅴ
2023-06-27T00:00:00+08:00,1687795200,26.3,6.99,2.66,385.4,42.7,6.0,0.224,0.305,3.47,,,Ⅴ
2023-06-27T04:00:00+08:00,1687809600,26.2,7.0,2.56,386.6,41.0,5.81,0.211,0.308,3.43,,,Ⅴ
2023-06-27T08:00:00+08:00,1687824000,26.2,6.99,2.23,385.3,36.7,5.77,0.212,0.31,3.38,,,Ⅴ
2023-06-27T12:00:00+08:00,1687838400,26.4,7.01,2.16,388.3,39.1,5.73,0.198,0.301,3.32,,,Ⅴ
2023-06-27T16:00:00+08:00,1687852800,26.5,6.94,2.49,389.5,82.8,6.37,0.237,0.333,3.9,,,Ⅴ
2023-06-27T20:00:00+08:00,1687867200,26.8,6.95,2.35,395.8,44.3,6.04,0.188,0.308,3.37,,,Ⅴ
2023-06-28T00:00:00+08:00,1687881600,26.6,6.94,2.6,397.4,35.9,5.95,0.177,0.3,3.32,,,Ⅴ
2023-06-28T04:00:00+08:00,1687896000,26.8,6.97,2.51,401.6,41.2,5.7,0.167,0.306,3.47,,,Ⅴ
2023-06-28T08:00:00+08:00,1687910400,26.9,7.0,2.5,405.1,40.8,5.68,0.166,0.292,3.34,,,Ⅴ
2023-06-28T12:00:00+08:00,1687924800,27.5,6.97,3.37,414.9,36.9,5.63,0.14,0.286,,,,Ⅳ
2023-06-28T16:00:00+08:00,1687939200,27.6,7.01,3.4,418.0,43.2,5.63,0.187,0.283,3.34,,,Ⅳ
2023-06-28T20:00:00+08:00,1687953600,28.3,7.01,2.63,424.3,49.8,5.49,0.338,0.287,3.37,,,Ⅴ
2023-06-29T00:00:00+08:00,1687968000,28.3,7.02,3.07,423.2,35.6,5.18,0.288,0.281,3.28,,,Ⅳ
2023-06-29T04:00:00+08:00,1687982400,28.1,7.17,3.21,424.8,36.2,5.33,0.308,0.284,3.32,,,Ⅳ
2023-06-29T08:00:00+08:00,1687996800,28.5,7.18,3.11,419.0,38.8,5.39,0.217,0.284,3.28,,,Ⅳ
2023-06-29T12:00:00+08:00,1688011200,29.1,7.24,2.89,418.7,36.7,4.98,0.21,0.274,3.21,,,Ⅴ
2023-06-29T16:00:00+08:00,1688025600,29.2,7.17,3.08,418.4,37.0,5.17,0.185,0.279,3.21,,,Ⅳ
2023-06-29T20:00:00+08:00,1688040000,29.4,7.22,3.08,423.3,47.5,5.2,0.172,0.272,3.25,,,Ⅳ
2023-06-30T00:00:00+08:00,1688054400,29.3,7.17,2.99,425.2,36.7,4.94,0.132,0.26,3.15,,,Ⅴ
2023-06-30T04:00:00+08:00,1688068800,29.2,7.17,2.32,422.3,36.2,5.32,0.164,0.267,3.24,,,Ⅴ
2023-06-30T08:00:00+08:00,1688083200,29.3,7.17,2.86,424.5,42.8,5.18,0.124,0.263,3.17,,,Ⅴ
2023-06-30T12:00:00+08:00,1688097600,29.5,7.17,3.0,421.0,36.9,4.94,0.109,0.267,3.13,,,Ⅳ
2023-06-30T16:00:00+08:00,1688112000,29.4,7.17,2.91,424.6,35.7,5.11,0.111,0.263,3.16,,,Ⅴ
2023-06-30T20:00:00+08:00,1688126400,29.3,7.17,2.91,420.0,44.6,5.09,0.11,0.269,3.14,,,Ⅴ
2023-07-01T00:00:00+08:00,1688140800,29.2,7.17,1.94,420.1,41.4,5.03,0.108,0.264,3.14,,,劣Ⅴ
2023-07-01T04:00:00+08:00,1688155200,29.2,7.17,2.81,426.1,42.7,5.12,0.113,0.264,3.2,,,Ⅴ
2023-07-01T08:00:00+08:00,1688169600,29.2,7.17,2.76,422.7,41.5,5.04,0.091,0.262,3.13,,,Ⅴ
2023-07-01T12:00:00+08:00,1688184000,29.6,7.17,2.31,424.2,41.0,5.3,0.092,0.266,3.15,,,Ⅴ
2023-07-01T16:00:00+08:00,1688198400,29.8,7.17,2.72,423.5,36.0,5.26,0.081,0.261,3.14,,,Ⅴ
2023-07-01T20:00:00+08:00,1688212800,29.8,7.18,2.58,424.7,47.9,5.05,0.091,0.263,3.23,,,Ⅴ
2023-07-02T00:00:00+08:00,1688227200,29.8,7.17,2.44,425.8,44.9,5.2,0.106,0.259,3.25,,,Ⅴ
2023-07-02T04:00:00+08:00,1688241600,29.7,7.17,2.04,426.8,49.9,5.34,0.09,0.267,3.2,,,Ⅴ
2023-07-02T08:00:00+08:00,1688256000,29.8,7.17,1.79,426.4,45.2,5.32,0.086,0.264,3.22,,,劣Ⅴ
2023-07-02T12:00:00+08:00,1688270400,30.2,7.17,2.29,427.0,47.5,5.42,0.087,0.259,3.23,,,Ⅴ
2023-07-02T16:00:00+08:00,1688284800,30.5,7.17,2.28,427.2,36.8,5.26,0.068,0.256,3.18,,,Ⅴ
2023-07-02T20:00:00+08:00,1688299200,30.4,7.17,2.52,426.0,41.9,4.98,0.067,0.256,3.18,,,Ⅴ
2023-07-03T00:00:00+08:00,1688313600,30.4,7.17,2.16,427.3,37.2,5.05,0.08,0.254,3.16,,,Ⅴ
2023-07-03T04:00:00+08:00,1688328000,30.2,7.17,2.52,429.7,50.0,5.21,0.077,0.261,3.26,,,Ⅴ
2023-07-03T08:00:00+08:00,1688342400,30.2,7.18,2.03,431.8,44.5,5.22,0.058,0.261,3.23,,,Ⅴ
2023-07-03T12:00:00+08:00,1688356800,30.5,7.17,2.07,430.4,49.4,5.28,0.06,0.265,3.22,,,Ⅴ
2023-07-03T16:00:00+08:00,1688371200,30.8,7.17,2.56,427.3,33.2,5.21,0.048,0.258,3.09,,,Ⅴ
2023-07-03T20:00:00+08:00,1688385600,30.6,7.17,2.51,426.4,39.0,5.2,0.048,0.264,3.12,,,Ⅴ
2023-07-04T00:00:00+08:00,1688400000,30.7,7.05,2.1,428.3,38.4,5.26,0.061,0.261,3.11,,,Ⅴ
2023-07-04T04:00:00+08:00,1688414400,30.6,7.06,2.33,428.6,45.5,5.33,0.064,0.266,3.17,,,Ⅴ
2023-07-04T08:00:00+08:00,1688428800,30.6,7.08,2.5,432.9,37.3,5.33,0.037,0.26,3.18,,,Ⅴ
2023-07-04T12:00:00+08:00,1688443200,31.2,7.08,1.35,433.2,50.6,5.04,0.047,0.259,3.08,,,劣Ⅴ
2023-07-04T16:00:00+08:00,1688457600,31.5,7.13,2.61,434.8,41.0,5.22,0.039,0.266,3.0,,,Ⅴ
2023-07-04T20:00:00+08:00,1688472000,31.3,7.15,3.25,432.6,41.8,5.17,0.04,0.265,3.0,,,Ⅳ
2023-07-05T00:00:00+08:00,1688486400,31.3,7.16,2.76,438.1,46.7,4.98,0.044,0.259,2.99,,,Ⅴ
2023-07-05T04:00:00+08:00,1688500800,31.2,7.16,2.91,441.7,56.0,5.15,0.054,0.264,3.1,,,Ⅴ
2023-07-05T08:00:00+08:00,1688515200,30.8,7.17,2.19,436.2,49.4,5.03,0.033,0.263,3.12,,,Ⅴ
2023-07-05T12:00:00+08:00,1688529600,30.7,7.17,3.46,435.1,61.8,5.3,0.041,0.27,3.09,,,Ⅳ
2023-07-05T16:00:00+08:00,1688544000,30.8,7.17,3.49,436.0,42.4,5.03,0.04,0.26,2.98,,,Ⅳ
2023-07-05T20:00:00+08:00,1688558400,30.7,7.2,3.48,434.1,49.6,4.91,0.037,0.264,3.07,,,Ⅳ
2023-07-06T00:00:00+08:00,1688572800,30.5,7.22,3.45,441.7,60.3,5.29,0.053,0.26,3.03,,,Ⅳ
2023-07-06T04:00:00+08:00,1688587200,30.3,7.23,3.43,448.3,54.8,5.04,0.057,0.255,3.0,,,Ⅳ
2023-07-06T08:00:00+08:00,1688601600,30.5,7.23,3.25,439.8,49.9,5.43,0.035,0.263,3.07,,,Ⅳ
2023-07-06T12:00:00+08:00,1688616000,30.5,7.23,2.33,442.2,51.0,5.12,0.041,0.258,3.03,,,Ⅴ
2023-07-06T16:00:00+08:00,1688630400,30.8,7.22,2.69,450.0,42.9,4.94,0.053,0.247,2.94,,,Ⅴ
2023-07-06T20:00:00+08:00,1688644800,30.8,7.22,3.06,451.1,48.5,5.12,0.044,0.256,3.01,,,Ⅳ
2023-07-07T00:00:00+08:00,1688659200,30.7,7.21,3.25,453.1,48.6,5.13,0.051,0.248,2.98,,,Ⅳ
2023-07-07T04:00:00+08:00,1688673600,30.6,7.2,2.78,455.0,40.2,4.84,0.074,0.242,2.93,,,Ⅴ
2023-07-07T08:00:00+08:00,1688688000,30.6,7.22,2.98,452.3,51.2,5.12,0.038,0.251,2.99,,,Ⅴ
2023-07-07T16:00:00+08:00,1688716800,31.3,7.15,3.45,453.3,45.4,4.96,0.065,0.246,2.9,,,Ⅳ
2023-07-07T20:00:00+08:00,1688731200,31.2,7.16,3.44,455.1,42.3,5.0,0.046,0.249,2.94,,,Ⅳ
2023-07-08T00:00:00+08:00,1688745600,31.1,7.17,3.45,453.7,45.9,5.15,0.045,0.249,2.94,,,Ⅳ
2023-07-08T04:00:00+08:00,1688760000,31.0,7.17,3.26,484.6,41.1,4.88,0.072,0.251,2.93,,,Ⅳ
2023-07-08T08:00:00+08:00,1688774400,31.0,7.17,1.81,459.2,71.1,4.84,0.04,0.255,3.08,,,劣Ⅴ
2023-07-08T12:00:00+08:00,1688788800,31.2,7.21,3.48,453.1,45.1,4.98,0.028,0.254,2.98,,,Ⅳ
2023-07-08T16:00:00+08:00,1688803200,31.3,7.21,1.61,467.9,49.3,5.04,0.046,0.258,3.01,,,劣Ⅴ
2023-07-08T20:00:00+08:00,1688817600,31.1,7.22,1.84,471.2,47.3,4.86,0.032,0.252,2.96,,,劣Ⅴ
2023-07-09T00:00:00+08:00,1688832000,31.1,7.23,3.49,465.6,38.7,4.71,0.031,0.252,2.94,,,Ⅳ
2023-07-09T04:00:00+08:00,1688846400,31.0,7.24,3.08,485.7,44.7,4.77,0.057,0.249,2.89,,,Ⅳ
2023-07-09T08:00:00+08:00,1688860800,31.1,7.26,1.54,480.6,57.8,4.98,0.04,0.258,3.0,,,劣Ⅴ
2023-07-09T12:00:00+08:00,1688875200,31.2,7.35,1.91,466.9,38.9,5.02,0.027,0.251,2.98,,,劣Ⅴ
2023-07-09T16:00:00+08:00,1688889600,31.2,7.31,3.28,485.3,40.2,4.84,0.036,0.257,2.88,,,Ⅳ
2023-07-09T20:00:00+08:00,1688904000,31.1,7.29,1.51,489.6,36.0,5.0,0.052,0.252,2.87,,,劣Ⅴ
2023-07-10T00:00:00+08:00,1688918400,31.1,7.27,3.35,483.0,33.8,4.87,0.042,0.26,2.91,,,Ⅳ
2023-07-10T04:00:00+08:00,1688932800,30.9,7.26,1.88,489.3,43.3,4.94,0.048,0.263,2.86,,,劣Ⅴ
2023-07-10T08:00:00+08:00,1688947200,30.9,7.25,3.03,493.4,33.7,4.95,0.044,0.254,2.82,,,Ⅳ
2023-07-10T12:00:00+08:00,1688961600,30.9,7.25,3.5,483.2,35.7,4.94,0.029,0.255,2.82,,,Ⅳ
2023-07-10T16:00:00+08:00,1688976000,30.5,7.38,2.07,477.8,44.5,4.73,0.052,0.259,2.89,,,Ⅴ
2023-07-10T20:00:00+08:00,1688990400,30.4,7.35,3.04,479.0,39.1,4.92,0.093,0.251,2.95,,,Ⅳ
2023-07-11T00:00:00+08:00,1689004800,30.3,7.34,3.43,473.2,42.2,4.88,0.076,0.259,2.98,,,Ⅳ
2023-07-11T04:00:00+08:00,1689019200,30.1,7.34,1.71,475.9,48.3,4.96,0.101,0.254,3.06,,,劣Ⅴ
2023-07-11T08:00:00+08:00,1689033600,30.0,7.34,1.54,473.1,41.5,4.9,0.143,0.249,3.06,,,劣Ⅴ
2023-07-11T12:00:00+08:00,1689048000,30.5,7.34,3.02,470.4,39.8,5.12,0.125,0.25,3.03,,,Ⅳ
2023-07-11T16:00:00+08:00,1689062400,30.8,7.34,1.43,469.0,43.2,4.98,0.164,0.248,3.08,,,劣Ⅴ
2023-07-11T20:00:00+08:00,1689076800,31.0,7.33,1.39,466.5,43.2,4.95,0.207,0.247,3.08,,,劣Ⅴ
2023-07-12T00:00:00+08:00,1689091200,30.8,7.33,1.15,466.2,35.7,4.86,0.203,0.248,3.11,,,劣Ⅴ
2023-07-12T04:00:00+08:00,1689105600,30.8,7.32,1.56,466.3,37.8,5.09,0.179,0.246,3.08,,,劣Ⅴ
2023-07-12T08:00:00+08:00,1689120000,30.8,7.34,1.18,467.7,37.1,4.77,0.195,0.245,3.09,,,劣Ⅴ
2023-07-12T16:00:00+08:00,1689148800,31.7,7.11,3.19,470.8,23.2,4.5,0.133,0.237,3.0,,,Ⅳ
2023-07-12T20:00:00+08:00,1689163200,31.9,7.11,2.86,464.0,27.8,4.65,0.192,0.24,3.11,,,Ⅳ
2023-07-13T04:00:00+08:00,1689192000,31.6,7.06,1.72,462.1,25.6,4.27,0.167,0.238,3.05,,,Ⅳ
2023-07-13T08:00:00+08:00,1689206400,31.7,7.07,2.24,466.6,26.8,4.71,0.172,0.24,3.1,,,劣Ⅴ
2023-07-13T12:00:00+08:00,1689220800,31.9,7.1,1.85,474.9,22.6,4.39,0.187,0.229,2.97,,,Ⅴ
2023-07-13T16:00:00+08:00,1689235200,32.0,7.08,2.31,475.3,29.5,4.57,0.167,0.228,3.1,,,劣Ⅴ
2023-07-13T20:00:00+08:00,1689249600,31.9,7.11,2.04,476.3,36.9,4.44,0.176,0.224,3.18,,,Ⅴ
2023-07-14T04:00:00+08:00,1689278400,31.7,7.09,2.1,474.7,28.3,4.44,0.155,0.227,3.1,,,劣Ⅴ
2023-07-14T08:00:00+08:00,1689292800,31.7,7.11,2.89,474.1,30.5,4.71,0.123,0.224,3.11,,,Ⅴ
2023-07-14T12:00:00+08:00,1689307200,32.0,7.14,1.68,479.0,28.4,4.43,0.118,0.215,3.08,,,Ⅴ
2023-07-14T16:00:00+08:00,1689321600,32.0,7.16,1.73,484.2,26.1,4.4,0.125,0.211,3.12,,,劣Ⅴ
2023-07-14T20:00:00+08:00,1689336000,32.0,7.16,2.76,485.1,36.5,4.75,0.12,0.219,3.25,,,劣Ⅴ
2023-07-15T04:00:00+08:00,1689364800,31.9,7.16,2.68,487.5,30.0,4.65,0.112,0.212,3.2,,,Ⅴ
2023-07-15T08:00:00+08:00,1689379200,32.0,7.16,2.79,482.4,30.9,4.69,0.095,0.217,3.23,,,Ⅴ
2023-07-15T12:00:00+08:00,1689393600,32.2,7.17,1.42,485.8,33.2,4.84,0.098,0.219,3.17,,,劣Ⅴ
2023-07-15T16:00:00+08:00,1689408000,32.7,7.16,2.66,485.7,25.3,4.73,0.07,0.217,3.07,,,Ⅴ
2023-07-15T20:00:00+08:00,1689422400,32.7,7.17,1.35,486.1,31.6,4.79,0.074,0.221,3.14,,,劣Ⅴ
2023-07-16T04:00:00+08:00,1689451200,32.0,7.17,2.47,487.5,30.6,4.91,0.027,0.165,3.13,,,Ⅴ
2023-07-16T08:00:00+08:00,1689465600,32.0,7.24,2.15,486.5,26.7,4.73,0.025,0.211,3.11,,,Ⅴ
2023-07-16T12:00:00+08:00,1689480000,32.7,7.23,1.38,484.7,29.6,4.92,0.025,0.128,3.05,,,劣Ⅴ
2023-07-16T16:00:00+08:00,1689494400,32.3,7.26,1.43,488.5,21.6,4.49,0.025,0.133,3.04,,,劣Ⅴ
2023-07-16T20:00:00+08:00,1689508800,32.0,7.25,1.39,489.8,27.4,4.78,0.069,0.218,3.07,,,劣Ⅴ
2023-07-17T04:00:00+08:00,1689537600,31.8,7.3,2.32,490.4,25.3,4.96,0.042,0.22,3.1,,,Ⅴ
2023-07-17T08:00:00+08:00,1689552000,31.8,7.26,2.9,488.2,29.6,4.7,0.106,0.23,3.13,,,Ⅴ
2023-07-17T12:00:00+08:00,1689566400,29.8,7.24,2.34,417.5,76.0,4.95,0.362,0.287,3.74,,,Ⅴ
2023-07-17T16:00:00+08:00,1689580800,29.8,7.18,2.39,334.4,69.1,4.94,0.36,0.277,3.6,,,Ⅴ
2023-07-17T20:00:00+08:00,1689595200,29.7,7.17,2.71,334.0,69.8,4.46,0.364,0.278,3.62,,,Ⅴ
2023-07-18T04:00:00+08:00,1689624000,29.4,7.15,2.74,306.8,71.7,4.33,0.391,0.274,3.72,,,Ⅳ
2023-07-18T08:00:00+08:00,1689638400,29.8,7.17,2.95,339.4,53.2,4.32,0.28,0.262,3.51,,,Ⅴ
2023-07-18T12:00:00+08:00,1689652800,29.9,7.09,3.46,320.8,59.7,4.37,0.373,0.276,3.72,,,Ⅴ
2023-07-18T16:00:00+08:00,1689667200,30.2,7.14,2.1,305.6,48.8,4.45,0.381,0.278,3.38,,,Ⅳ
2023-07-18T20:00:00+08:00,1689681600,30.2,7.17,2.04,322.2,50.3,4.24,0.357,0.269,3.47,,,Ⅴ
2023-07-19T04:00:00+08:00,1689710400,30.0,7.15,1.82,300.8,54.6,4.32,0.405,0.283,3.49,,,Ⅴ
2023-07-19T08:00:00+08:00,1689724800,30.4,7.18,2.18,360.8,47.3,4.57,0.25,0.267,3.39,,,劣Ⅴ
2023-07-19T12:00:00+08:00,1689739200,30.2,7.14,2.97,311.6,50.8,4.35,0.326,0.281,3.45,,,Ⅴ
2023-07-19T16:00:00+08:00,1689753600,30.3,7.15,1.69,299.0,43.3,4.12,0.384,0.272,3.42,,,Ⅴ
2023-07-19T20:00:00+08:00,1689768000,30.2,7.14,2.18,312.1,45.8,4.5,0.362,0.276,3.42,,,Ⅴ
2023-07-20T04:00:00+08:00,1689796800,30.0,7.15,1.63,313.4,45.2,4.37,0.449,0.269,3.48,,,劣Ⅴ
2023-07-20T08:00:00+08:00,1689811200,30.3,7.17,1.49,345.5,46.0,4.45,0.241,0.265,3.38,,,劣Ⅴ
2023-07-20T12:00:00+08:00,1689825600,29.8,7.15,1.56,312.4,51.1,4.39,0.387,0.27,3.48,,,劣Ⅴ
2023-07-20T16:00:00+08:00,1689840000,29.8,7.14,2.34,310.0,48.7,4.11,0.464,0.274,3.56,,,Ⅴ
2023-07-20T20:00:00+08:00,1689854400,29.7,7.13,3.43,321.0,41.5,4.31,0.64,0.285,3.79,,,Ⅳ
2023-07-21T04:00:00+08:00,1689883200,29.3,7.08,3.2,313.6,47.7,4.7,0.556,0.285,3.91,,,Ⅳ
2023-07-21T08:00:00+08:00,1689897600,29.7,7.11,3.03,322.9,37.9,4.32,0.443,0.274,3.79,,,Ⅳ
2023-07-21T12:00:00+08:00,1689912000,29.8,7.11,1.62,322.4,52.0,4.35,0.546,0.289,3.92,,,劣Ⅴ
2023-07-21T16:00:00+08:00,1689926400,30.1,7.11,1.23,315.7,43.2,4.64,0.82,0.286,4.13,,,劣Ⅴ
2023-07-21T20:00:00+08:00,1689940800,29.8,7.08,2.61,319.4,37.1,4.58,0.627,0.286,4.04,,,Ⅴ
2023-07-22T04:00:00+08:00,1689969600,29.8,7.11,0.82,310.6,34.1,4.67,0.953,0.299,4.28,,,劣Ⅴ
2023-07-22T08:00:00+08:00,1689984000,29.8,7.08,2.41,320.4,36.3,4.53,0.571,0.289,4.08,,,Ⅴ
2023-07-22T12:00:00+08:00,1689998400,30.0,7.08,2.25,320.1,33.7,4.36,0.66,0.294,4.09,,,Ⅴ
2023-07-22T16:00:00+08:00,1690012800,30.1,7.09,2.07,313.6,33.4,4.56,0.906,0.308,4.29,,,Ⅴ
2023-07-22T20:00:00+08:00,1690027200,30.0,7.09,1.76,315.7,29.1,4.53,0.8,0.294,4.23,,,劣Ⅴ
2023-07-23T04:00:00+08:00,1690056000,29.8,7.16,0.69,321.1,36.5,4.49,1.015,0.271,4.29,,,劣Ⅴ
2023-07-23T08:00:00+08:00,1690070400,29.8,7.11,2.24,321.2,35.5,4.43,0.897,0.273,4.28,,,Ⅴ
2023-07-23T12:00:00+08:00,1690084800,30.0,7.15,0.66,321.4,34.6,4.54,0.904,0.269,4.19,,,劣Ⅴ
2023-07-23T16:00:00+08:00,1690099200,30.0,7.17,0.61,329.7,35.3,4.49,0.98,0.269,4.18,,,劣Ⅴ
2023-07-23T20:00:00+08:00,1690113600,29.9,7.14,2.16,332.8,29.3,4.65,0.88,0.266,4.27,,,Ⅴ
2023-07-24T04:00:00+08:00,1690142400,29.8,7.16,0.73,341.8,32.8,4.79,0.892,0.254,4.09,,,劣Ⅴ
2023-07-24T08:00:00+08:00,1690156800,29.8,7.17,0.51,342.0,33.7,4.48,0.869,0.26,4.09,,,劣Ⅴ
2023-07-24T12:00:00+08:00,1690171200,30.0,6.95,1.62,342.6,40.9,4.6,0.848,0.263,4.1,,,劣Ⅴ
2023-07-24T16:00:00+08:00,1690185600,30.2,6.97,1.44,353.1,44.7,4.36,0.849,0.266,4.14,,,劣Ⅴ
2023-07-24T20:00:00+08:00,1690200000,30.1,6.98,2.86,356.7,34.3,4.78,0.799,0.271,4.14,,,Ⅴ
2023-07-25T04:00:00+08:00,1690228800,30.1,7.06,1.28,368.4,39.8,4.65,0.872,0.284,4.13,,,劣Ⅴ
2023-07-25T08:00:00+08:00,1690243200,30.1,7.11,1.41,370.0,38.5,4.49,0.84,0.288,4.03,,,劣Ⅴ
2023-07-25T12:00:00+08:00,1690257600,30.4,7.15,1.83,362.1,36.3,4.48,0.802,0.288,4.07,,,劣Ⅴ
2023-07-25T16:00:00+08:00,1690272000,30.8,7.17,1.96,378.1,39.1,4.41,0.763,0.281,4.07,,,劣Ⅴ
2023-07-25T20:00:00+08:00,1690286400,30.7,7.17,2.03,388.4,35.5,4.48,0.776,0.273,4.19,,,Ⅴ
2023-07-26T04:00:00+08:00,1690315200,30.5,7.17,1.33,391.0,44.0,4.64,0.74,0.274,4.15,,,劣Ⅴ
2023-07-26T12:00:00+08:00,1690344000,30.7,7.18,1.28,392.4,44.8,4.5,0.735,0.266,4.13,,,劣Ⅴ
2023-07-26T16:00:00+08:00,1690358400,30.9,7.19,1.38,400.3,46.0,4.91,0.627,0.264,4.15,,,劣Ⅴ
2023-07-26T20:00:00+08:00,1690372800,30.8,7.2,3.2,399.6,37.3,4.74,0.571,0.258,4.2,,,Ⅳ
2023-07-27T04:00:00+08:00,1690401600,30.7,7.17,2.69,395.1,36.9,4.91,0.526,0.264,4.26,,,Ⅴ
2023-07-27T08:00:00+08:00,1690416000,30.6,7.18,2.66,396.7,32.1,4.83,0.451,0.255,4.12,,,Ⅴ
2023-07-27T12:00:00+08:00,1690430400,30.6,7.17,2.5,396.2,32.5,4.57,0.483,0.257,4.18,,,Ⅴ
2023-07-27T16:00:00+08:00,1690444800,30.5,7.1,1.17,400.8,43.3,4.91,0.468,0.257,4.17,,,劣Ⅴ
2023-07-27T20:00:00+08:00,1690459200,30.2,7.04,1.24,406.4,37.8,4.67,0.436,0.246,4.02,,,劣Ⅴ
2023-07-28T04:00:00+08:00,1690488000,30.2,7.14,2.33,401.6,36.4,4.88,0.371,0.255,4.14,,,Ⅴ
2023-07-28T08:00:00+08:00,1690502400,29.8,7.17,2.81,405.2,42.3,4.8,0.315,0.251,4.06,,,Ⅴ
2023-07-28T12:00:00+08:00,1690516800,29.8,7.17,2.93,405.9,37.6,4.66,0.294,0.245,4.01,,,Ⅴ
2023-07-28T16:00:00+08:00,1690531200,29.6,7.17,2.88,411.8,51.7,4.6,0.264,0.241,4.05,,,Ⅴ
2023-07-28T20:00:00+08:00,1690545600,29.2,7.2,3.04,413.4,56.8,4.74,0.31,0.236,4.06,,,Ⅳ
2023-07-29T04:00:00+08:00,1690574400,29.2,7.16,2.76,409.4,41.6,4.64,0.245,0.244,4.1,,,Ⅴ
2023-07-29T08:00:00+08:00,1690588800,29.0,7.17,1.0,414.9,62.1,4.9,0.33,0.243,4.15,,,劣Ⅴ
2023-07-29T12:00:00+08:00,1690603200,29.0,7.19,3.42,414.6,45.6,4.77,0.252,,,,,
2023-07-29T16:00:00+08:00,1690617600,29.0,7.18,3.51,409.2,44.0,4.68,0.229,0.232,4.03,,,Ⅳ
2023-07-29T20:00:00+08:00,1690632000,28.8,7.18,3.47,419.6,55.1,4.8,0.255,0.225,4.08,,,Ⅳ
2023-07-30T04:00:00+08:00,1690660800,28.6,7.17,2.94,414.2,42.9,4.97,0.292,0.225,4.14,,,Ⅴ
2023-07-30T08:00:00+08:00,1690675200,28.6,7.16,3.17,417.1,50.8,5.11,0.241,0.227,4.12,,,Ⅳ
2023-07-30T12:00:00+08:00,1690689600,28.8,7.17,3.43,420.6,46.0,5.03,0.264,0.225,4.11,,,Ⅳ
2023-07-30T16:00:00+08:00,1690704000,29.0,7.17,3.49,420.9,44.5,4.82,0.217,0.223,4.04,,,Ⅳ
2023-07-30T20:00:00+08:00,1690718400,29.1,7.17,3.4,415.9,52.8,4.83,0.254,0.23,4.23,,,Ⅳ
2023-07-31T04:00:00+08:00,1690747200,28.9,7.16,2.92,419.4,55.4,4.85,0.221,0.23,4.23,,,Ⅴ
2023-07-31T08:00:00+08:00,1690761600,29.0,7.16,2.82,417.4,49.2,5.06,0.188,0.226,4.22,,,Ⅴ
2023-07-31T12:00:00+08:00,1690776000,29.2,7.16,2.96,423.1,46.3,5.03,0.228,0.226,4.16,,,Ⅴ
2023-07-31T16:00:00+08:00,1690790400,29.7,7.16,2.94,419.1,45.9,4.91,0.208,0.228,4.22,,,Ⅴ
2023-07-31T20:00:00+08:00,1690804800,29.4,7.16,2.74,420.8,44.2,4.8,0.174,0.223,4.14,,,Ⅴ
2023-08-01T04:00:00+08:00,1690833600,29.3,7.16,2.75,425.3,46.9,4.7,0.172,0.227,4.26,,,Ⅴ
2023-08-01T08:00:00+08:00,1690848000,29.3,7.16,2.44,425.5,43.7,5.18,0.063,0.222,4.23,,,Ⅴ
2023-08-01T12:00:00+08:00,1690862400,29.7,7.16,1.99,424.3,64.4,4.86,0.137,0.231,4.22,,,劣Ⅴ
2023-08-01T16:00:00+08:00,1690876800,29.8,6.93,3.13,429.5,43.9,5.4,0.103,0.228,4.2,,,Ⅳ
2023-08-01T20:00:00+08:00,1690891200,29.7,6.88,2.91,427.6,43.3,5.23,0.082,0.224,4.14,,,Ⅴ
2023-08-02T04:00:00+08:00,1690920000,29.7,6.84,2.78,430.3,67.8,5.58,0.082,0.236,4.42,,,Ⅴ
2023-08-02T08:00:00+08:00,1690934400,29.7,6.95,3.22,433.2,38.7,5.07,0.028,0.223,4.29,,,Ⅳ
2023-08-02T12:00:00+08:00,1690948800,30.0,6.95,2.98,431.2,51.0,5.02,0.052,0.232,4.32,,,Ⅴ
2023-08-02T16:00:00+08:00,1690963200,30.4,6.99,1.41,432.6,56.9,5.46,0.042,0.23,4.21,,,劣Ⅴ
2023-08-02T20:00:00+08:00,1690977600,30.2,7.02,3.31,433.6,35.6,5.28,0.028,0.231,4.23,,,Ⅳ
2023-08-03T04:00:00+08:00,1691006400,30.1,7.08,3.05,434.1,70.0,5.46,0.053,0.246,4.54,,,Ⅳ
2023-08-03T08:00:00+08:00,1691020800,29.9,7.18,1.56,445.0,63.0,4.89,0.038,0.222,4.31,,,劣Ⅴ
2023-08-03T12:00:00+08:00,1691035200,30.4,7.2,3.5,438.1,53.7,4.87,0.037,0.23,4.39,,,Ⅳ
2023-08-03T16:00:00+08:00,1691049600,30.7,7.24,3.37,435.9,61.8,5.04,0.045,0.236,4.41,,,Ⅳ
2023-08-03T20:00:00+08:00,1691064000,30.4,7.31,1.9,449.6,64.1,4.94,0.039,0.22,4.22,,,劣Ⅴ
2023-08-04T04:00:00+08:00,1691092800,30.4,7.23,1.35,440.7,81.0,5.06,0.054,0.241,4.52,,,劣Ⅴ
2023-08-04T08:00:00+08:00,1691107200,30.2,7.37,2.46,461.2,83.5,4.58,0.05,0.201,3.68,,,Ⅴ
2023-08-04T12:00:00+08:00,1691121600,30.5,7.33,2.3,458.5,74.6,4.87,0.048,0.21,4.11,,,Ⅴ
2023-08-04T16:00:00+08:00,1691136000,31.0,7.26,2.04,446.5,51.7,4.95,0.043,0.216,4.19,,,Ⅴ
2023-08-04T20:00:00+08:00,1691150400,30.5,7.32,2.27,456.6,74.5,4.54,0.05,0.212,4.07,,,Ⅴ
2023-08-05T04:00:00+08:00,1691179200,30.6,7.25,1.44,447.6,52.1,5.08,0.05,0.217,4.15,,,劣Ⅴ
2023-08-05T08:00:00+08:00,1691193600,30.4,7.33,2.18,455.8,72.7,4.52,0.045,0.214,4.13,,,Ⅴ
2023-08-05T12:00:00+08:00,1691208000,30.9,7.35,4.15,457.8,58.7,4.74,0.044,0.215,4.2,,,Ⅳ
2023-08-05T16:00:00+08:00,1691222400,31.5,7.28,3.21,447.6,43.0,4.86,0.044,0.21,4.09,,,Ⅳ
2023-08-05T20:00:00+08:00,1691236800,30.9,7.32,3.63,450.0,48.4,5.7,0.084,0.272,5.78,,,Ⅳ
2023-08-06T04:00:00+08:00,1691265600,31.2,7.28,3.06,445.8,41.3,4.65,0.042,0.208,4.08,,,Ⅳ
2023-08-06T08:00:00+08:00,1691280000,31.2,7.32,1.95,448.3,69.0,4.94,0.04,0.222,4.2,,,劣Ⅴ
2023-08-06T12:00:00+08:00,1691294400,31.6,7.35,3.98,455.8,42.2,4.77,0.034,0.214,4.14,,,Ⅳ
2023-08-06T16:00:00+08:00,1691308800,32.0,7.31,3.63,450.7,47.3,4.93,0.049,0.213,4.06,,,Ⅳ
2023-08-06T20:00:00+08:00,1691323200,31.9,7.31,3.52,450.4,38.1,4.94,0.038,0.211,4.05,,,Ⅳ
2023-08-07T04:00:00+08:00,1691352000,31.8,7.3,2.05,449.8,48.8,5.1,0.05,0.209,3.96,,,Ⅴ
2023-08-07T08:00:00+08:00,1691366400,31.9,7.34,3.22,451.4,48.5,4.78,0.032,0.21,4.02,,,Ⅳ
2023-08-07T12:00:00+08:00,1691380800,32.0,7.36,3.76,453.4,41.2,4.74,0.03,0.21,4.02,,,Ⅳ
2023-08-07T16:00:00+08:00,1691395200,32.8,7.34,2.9,450.9,48.3,4.91,0.053,0.209,4.01,,,Ⅴ
2023-08-07T20:00:00+08:00,1691409600,32.4,7.34,3.15,451.5,45.2,4.91,0.041,0.208,4.04,,,Ⅳ
2023-08-08T04:00:00+08:00,1691438400,32.0,7.3,2.82,450.6,47.4,4.78,0.058,0.206,3.98,,,Ⅴ
2023-08-08T08:00:00+08:00,1691452800,32.0,7.29,3.25,449.4,37.2,4.7,0.042,0.206,3.83,,,Ⅳ
2023-08-08T12:00:00+08:00,1691467200,32.2,7.29,3.29,453.8,38.7,5.12,0.034,0.204,3.95,,,Ⅳ
2023-08-08T16:00:00+08:00,1691481600,32.6,7.29,2.34,446.9,46.1,5.12,0.063,0.202,3.85,,,Ⅴ
2023-08-08T20:00:00+08:00,1691496000,32.1,7.28,2.14,450.4,39.9,5.06,0.065,0.194,3.77,,,Ⅴ
2023-08-09T04:00:00+08:00,1691524800,32.0,7.17,2.68,448.4,43.0,4.94,0.073,0.197,3.84,,,Ⅴ
2023-08-09T08:00:00+08:00,1691539200,31.8,7.16,3.22,444.3,36.4,4.65,0.078,0.19,3.7,,,Ⅳ
2023-08-09T12:00:00+08:00,1691553600,32.0,7.04,3.74,429.6,27.4,4.77,0.062,0.191,3.77,,,Ⅳ
2023-08-09T20:00:00+08:00,1691582400,32.0,6.94,3.73,424.6,29.3,4.81,0.078,0.19,3.66,,,Ⅳ
2023-08-10T04:00:00+08:00,1691611200,31.8,7.03,3.55,428.0,32.9,4.6,0.088,0.195,3.8,,,Ⅳ
2023-08-10T08:00:00+08:00,1691625600,31.6,7.0,3.33,424.2,26.8,4.76,0.13,0.197,3.7,,,Ⅳ
2023-08-10T12:00:00+08:00,1691640000,31.9,7.04,3.66,423.7,26.3,4.87,0.11,0.194,3.76,,,Ⅳ
2023-08-10T16:00:00+08:00,1691654400,32.0,7.04,3.59,421.4,32.0,4.89,0.138,0.2,3.76,,,Ⅳ
2023-08-10T20:00:00+08:00,1691668800,32.0,7.06,3.46,423.1,27.0,4.82,0.119,0.197,3.64,,,Ⅳ
2023-08-11T00:00:00+08:00,1691683200,31.7,7.1,3.49,423.4,25.6,4.95,0.113,0.205,3.69,,,Ⅳ
2023-08-11T04:00:00+08:00,1691697600,31.7,7.14,3.12,423.8,26.6,4.95,0.099,0.197,3.72,,,Ⅳ
2023-08-11T08:00:00+08:00,1691712000,31.8,7.16,3.17,425.5,30.5,4.91,0.11,0.206,3.7,,,Ⅳ
2023-08-11T12:00:00+08:00,1691726400,32.0,7.18,3.16,427.6,26.6,4.65,0.109,0.204,3.58,,,Ⅳ
2023-08-11T16:00:00+08:00,1691740800,32.0,7.18,3.12,425.8,32.9,4.83,0.128,0.21,3.59,,,Ⅳ
2023-08-11T20:00:00+08:00,1691755200,32.0,7.19,2.58,422.9,30.7,4.81,0.132,0.204,3.55,,,Ⅴ
2023-08-12T00:00:00+08:00,1691769600,32.0,7.19,1.91,429.2,33.3,4.66,0.116,0.206,3.6,,,劣Ⅴ
2023-08-12T04:00:00+08:00,1691784000,31.8,7.19,2.21,426.0,34.4,4.57,0.094,0.207,3.66,,,Ⅴ
2023-08-12T08:00:00+08:00,1691798400,32.0,7.19,2.95,427.4,30.3,4.68,0.1,0.206,3.58,,,Ⅴ
2023-08-12T12:00:00+08:00,1691812800,32.0,7.19,3.0,425.3,29.6,4.72,0.106,0.206,3.41,,,Ⅳ
2023-08-12T16:00:00+08:00,1691827200,32.7,7.22,3.05,423.2,31.5,4.54,0.091,0.201,3.44,,,Ⅳ
2023-08-12T20:00:00+08:00,1691841600,32.7,7.25,2.27,419.6,54.3,4.82,0.103,0.219,3.54,,,Ⅴ
2023-08-13T00:00:00+08:00,1691856000,32.1,7.25,3.2,424.5,25.9,4.45,0.073,0.205,3.39,,,Ⅴ
2023-08-13T08:00:00+08:00,1691884800,32.0,7.23,3.2,424.8,32.0,4.57,0.077,0.211,3.37,,,Ⅳ
2023-08-13T08:34:00+08:00,1691886840,,,,,,,,,,,,
2023-08-13T12:00:00+08:00,1691899200,32.8,7.02,3.43,425.3,30.5,4.36,0.071,0.204,3.4,,,Ⅳ
2023-08-13T16:00:00+08:00,1691913600,33.0,7.06,3.6,424.5,33.1,4.57,0.056,0.199,3.34,,,Ⅳ
2023-08-13T20:00:00+08:00,1691928000,32.8,7.1,3.48,423.8,29.8,4.57,0.061,0.204,3.39,,,Ⅳ
2023-08-14T04:00:00+08:00,1691956800,32.2,7.19,3.56,426.0,35.3,4.53,0.046,0.205,3.4,,,Ⅳ
2023-08-14T08:00:00+08:00,1691971200,32.7,7.23,3.6,431.5,34.6,4.73,0.039,0.211,3.45,,,Ⅳ
2023-08-14T12:00:00+08:00,1691985600,32.8,7.25,3.23,427.8,46.4,4.56,0.062,0.214,3.52,,,Ⅳ
2023-08-14T16:00:00+08:00,1692000000,33.2,7.26,3.4,424.8,30.2,4.4,0.043,0.21,3.36,,,Ⅳ
2023-08-14T20:00:00+08:00,1692014400,32.8,7.26,3.27,427.2,38.2,4.52,0.047,0.211,3.43,,,Ⅳ
2023-08-15T00:00:00+08:00,1692028800,32.8,7.28,1.42,427.1,42.9,4.68,0.076,0.212,3.42,,,Ⅳ
2023-08-15T04:00:00+08:00,1692043200,32.4,7.27,2.99,426.3,45.0,4.89,0.046,0.212,3.47,,,Ⅴ
2023-08-15T08:00:00+08:00,1692057600,32.3,7.29,3.54,433.1,36.2,4.64,0.033,0.206,3.42,,,Ⅳ
2023-08-15T12:00:00+08:00,1692072000,32.8,6.96,1.9,431.0,49.7,4.8,0.07,0.21,3.47,,,劣Ⅴ
2023-08-15T16:00:00+08:00,1692086400,32.8,6.96,3.39,429.7,40.5,4.47,0.038,0.211,3.34,,,Ⅳ
2023-08-15T20:00:00+08:00,1692100800,32.6,6.97,3.28,429.0,43.2,4.77,0.035,0.213,3.38,,,Ⅳ
2023-08-16T00:00:00+08:00,1692115200,32.0,6.98,3.34,435.7,54.0,4.81,0.074,0.216,3.47,,,Ⅳ
2023-08-16T04:00:00+08:00,1692129600,32.0,6.95,3.29,438.0,59.5,4.83,0.056,0.218,3.54,,,Ⅳ
2023-08-16T08:00:00+08:00,1692144000,32.0,6.97,3.35,436.6,41.8,4.91,0.029,0.212,3.38,,,Ⅳ
2023-08-16T12:00:00+08:00,1692158400,32.1,6.94,1.88,437.4,51.2,4.77,0.049,0.212,3.41,,,劣Ⅴ
2023-08-16T16:00:00+08:00,1692172800,32.8,7.04,3.29,432.7,35.0,4.77,0.042,0.209,3.29,,,Ⅳ
2023-08-16T20:00:00+08:00,1692187200,32.6,6.95,3.22,435.8,42.8,4.81,0.035,0.212,3.36,,,Ⅳ
2023-08-17T00:00:00+08:00,1692201600,32.0,6.97,1.94,438.5,52.3,4.74,0.069,0.217,3.43,,,劣Ⅴ
2023-08-17T04:00:00+08:00,1692216000,32.0,7.02,2.63,440.6,55.9,4.66,0.063,0.222,3.58,,,Ⅴ
2023-08-17T08:00:00+08:00,1692230400,32.0,6.98,3.38,441.5,45.3,4.78,0.031,0.214,3.43,,,Ⅳ
2023-08-17T12:00:00+08:00,1692244800,32.4,7.04,3.21,436.6,56.4,4.74,0.044,0.223,3.54,,,Ⅳ
2023-08-17T16:00:00+08:00,1692259200,32.0,7.03,3.25,437.2,53.0,4.8,0.049,0.222,3.52,,,Ⅳ
2023-08-17T20:00:00+08:00,1692273600,32.0,7.07,3.32,438.2,59.6,4.77,0.041,0.227,3.52,,,Ⅳ
2023-08-18T00:00:00+08:00,1692288000,31.8,7.09,3.31,435.6,55.0,5.0,0.046,0.221,3.48,,,Ⅳ
2023-08-18T04:00:00+08:00,1692302400,31.6,7.12,3.25,433.8,58.3,4.68,0.046,0.235,3.47,,,Ⅳ
2023-08-18T08:00:00+08:00,1692316800,31.8,7.18,3.4,438.3,41.4,4.72,0.031,0.212,3.4,,,Ⅳ
2023-08-18T12:00:00+08:00,1692331200,31.9,7.16,3.35,439.4,50.4,4.57,0.037,0.222,3.4,,,Ⅳ
2023-08-18T16:00:00+08:00,1692345600,32.0,7.19,3.43,436.3,38.5,4.82,0.037,0.213,3.28,,,Ⅳ
2023-08-18T20:00:00+08:00,1692360000,32.0,7.25,3.4,438.7,43.3,4.58,0.031,0.217,3.28,,,Ⅳ
2023-08-19T00:00:00+08:00,1692374400,31.8,7.22,1.96,438.3,50.0,4.69,0.038,0.218,3.34,,,劣Ⅴ
2023-08-19T04:00:00+08:00,1692388800,31.5,7.23,2.01,434.3,47.8,4.87,0.041,0.214,3.31,,,Ⅴ
2023-08-19T08:00:00+08:00,1692403200,31.6,7.2,2.0,439.6,38.3,4.43,0.027,0.212,3.32,,,Ⅴ
2023-08-19T12:00:00+08:00,1692417600,31.8,7.19,2.16,439.0,49.3,4.56,0.033,0.215,3.3,,,Ⅴ
2023-08-19T16:00:00+08:00,1692432000,31.7,7.19,2.43,429.9,42.3,4.49,0.044,0.206,3.26,,,Ⅴ
2023-08-19T20:00:00+08:00,1692446400,31.9,7.18,2.08,437.7,42.1,4.65,0.034,0.212,3.24,,,Ⅴ
2023-08-20T00:00:00+08:00,1692460800,31.4,7.16,2.25,431.4,57.9,4.85,0.042,0.218,3.32,,,Ⅴ
2023-08-20T04:00:00+08:00,1692475200,31.2,7.14,2.11,427.8,42.2,4.54,0.046,0.202,3.24,,,Ⅴ
2023-08-20T08:00:00+08:00,1692489600,31.4,7.15,2.3,431.9,44.8,4.74,0.029,0.205,3.24,,,Ⅴ
2023-08-20T12:00:00+08:00,1692504000,31.6,7.15,2.35,431.1,50.1,4.64,0.031,0.205,3.25,,,Ⅴ
2023-08-20T16:00:00+08:00,1692518400,31.8,7.16,2.33,430.3,38.2,4.41,0.037,0.197,3.1,,,Ⅴ
2023-08-20T20:00:00+08:00,1692532800,31.7,7.15,2.23,431.1,41.3,4.61,0.033,0.206,3.25,,,Ⅴ
2023-08-21T00:00:00+08:00,1692547200,31.6,7.14,2.22,428.8,46.2,4.61,0.034,0.204,3.09,,,Ⅴ
2023-08-21T04:00:00+08:00,1692561600,31.4,7.15,2.09,426.9,37.8,4.61,0.041,0.198,3.12,,,Ⅴ
2023-08-21T08:00:00+08:00,1692576000,31.4,7.16,2.3,429.3,44.6,4.37,0.028,0.199,3.18,,,Ⅴ
2023-08-21T12:00:00+08:00,1692590400,31.8,7.17,2.45,433.2,49.6,4.87,0.033,0.2,3.14,,,Ⅴ
2023-08-21T16:00:00+08:00,1692604800,32.0,7.19,2.44,431.1,43.5,4.7,0.04,0.195,3.14,,,Ⅴ
2023-08-21T20:00:00+08:00,1692619200,31.9,7.19,2.32,434.6,39.9,4.54,0.035,0.197,3.18,,,Ⅴ
2023-08-22T00:00:00+08:00,1692633600,31.9,7.21,2.25,434.1,43.1,4.66,0.04,0.197,3.2,,,Ⅴ
2023-08-22T04:00:00+08:00,1692648000,31.6,7.24,2.08,431.4,39.2,4.24,0.044,0.193,3.15,,,Ⅴ
2023-08-22T08:00:00+08:00,1692662400,31.7,7.24,2.0,435.0,44.8,4.53,0.04,0.196,3.17,,,Ⅴ
2023-08-22T12:00:00+08:00,1692676800,32.0,7.25,2.12,434.7,41.8,4.61,0.036,0.188,3.18,,,Ⅴ
2023-08-22T16:00:00+08:00,1692691200,31.9,7.27,2.17,433.8,42.6,4.35,0.045,0.194,3.15,,,Ⅴ
2023-08-22T20:00:00+08:00,1692705600,31.8,7.26,2.37,433.2,53.8,4.54,0.037,0.19,3.2,,,Ⅴ
2023-08-23T00:00:00+08:00,1692720000,31.6,7.25,2.34,431.4,44.5,4.7,0.04,0.199,3.22,,,Ⅴ
2023-08-23T04:00:00+08:00,1692734400,31.2,7.21,1.95,427.2,48.4,4.49,0.062,0.19,3.26,,,劣Ⅴ
2023-08-23T08:00:00+08:00,1692748800,31.3,7.19,1.93,428.1,42.9,4.69,0.044,0.192,3.23,,,劣Ⅴ
2023-08-23T12:00:00+08:00,1692763200,31.6,7.19,2.02,430.3,43.4,4.58,0.041,0.197,3.22,,,Ⅴ
2023-08-23T16:00:00+08:00,1692777600,31.6,7.19,1.93,425.1,52.1,4.47,0.058,0.198,3.27,,,劣Ⅴ
2023-08-23T20:00:00+08:00,1692792000,31.3,7.19,1.99,425.0,46.8,4.57,0.046,0.195,3.29,,,劣Ⅴ
2023-08-24T00:00:00+08:00,1692806400,31.1,7.18,2.03,424.8,46.0,4.49,0.041,0.194,3.32,,,Ⅴ
2023-08-24T04:00:00+08:00,1692820800,30.8,7.17,1.79,420.6,48.3,4.57,0.059,0.204,3.24,,,劣Ⅴ
2023-08-24T08:00:00+08:00,1692835200,30.8,7.16,1.74,420.5,38.2,4.58,0.049,0.199,3.16,,,劣Ⅴ
2023-08-24T12:00:00+08:00,1692849600,31.2,7.16,1.8,420.5,44.0,4.43,0.05,0.198,3.2,,,劣Ⅴ
2023-08-24T16:00:00+08:00,1692864000,31.4,7.15,1.46,417.3,50.1,4.52,0.07,0.195,3.23,,,劣Ⅴ
2023-08-24T20:00:00+08:00,1692878400,31.3,7.16,1.77,419.2,39.6,4.32,0.053,0.19,3.13,,,劣Ⅴ
2023-08-25T00:00:00+08:00,1692892800,31.2,7.13,1.63,418.6,40.9,4.4,0.052,0.197,3.17,,,劣Ⅴ
2023-08-25T04:00:00+08:00,1692907200,31.0,7.13,1.57,421.2,42.2,4.36,0.06,0.193,3.14,,,劣Ⅴ
2023-08-25T08:00:00+08:00,1692921600,31.0,7.13,1.64,419.5,37.9,4.24,0.05,0.197,3.09,,,劣Ⅴ
2023-08-25T12:00:00+08:00,1692936000,31.2,7.04,2.2,422.7,40.6,4.18,0.043,0.19,3.07,,,Ⅴ
2023-08-25T16:00:00+08:00,1692950400,31.3,7.01,2.33,421.0,44.9,4.34,0.056,0.19,3.15,,,Ⅴ
2023-08-25T20:00:00+08:00,1692964800,31.2,7.06,2.26,421.5,37.6,4.08,0.056,0.187,3.04,,,Ⅴ
2023-08-26T00:00:00+08:00,1692979200,31.0,7.06,2.2,421.2,38.7,4.36,0.05,0.185,3.12,,,Ⅴ
2023-08-26T04:00:00+08:00,1692993600,30.9,7.11,2.14,422.7,37.0,4.3,0.044,0.195,3.08,,,Ⅴ
2023-08-26T08:00:00+08:00,1693008000,30.6,7.15,2.03,417.0,40.8,4.3,0.062,0.19,3.1,,,Ⅴ
2023-08-26T12:00:00+08:00,1693022400,30.8,7.17,2.17,416.4,41.8,4.24,0.05,0.184,3.1,,,Ⅴ
2023-08-26T16:00:00+08:00,1693036800,31.0,7.16,2.36,414.6,41.7,4.35,0.051,0.183,3.08,,,Ⅴ
2023-08-26T20:00:00+08:00,1693051200,30.9,7.18,2.43,418.1,39.4,4.18,0.05,0.186,2.99,,,Ⅴ
2023-08-27T00:00:00+08:00,1693065600,30.8,7.18,2.42,417.5,39.1,4.35,0.045,0.181,3.04,,,Ⅴ
2023-08-27T04:00:00+08:00,1693080000,30.7,7.14,2.16,417.4,40.5,4.2,0.042,0.18,3.01,,,Ⅴ
2023-08-27T08:00:00+08:00,1693094400,30.7,7.13,2.24,418.0,46.3,4.4,0.042,0.183,3.06,,,Ⅴ
2023-08-27T12:00:00+08:00,1693108800,31.0,7.15,2.47,416.1,40.8,4.1,0.04,0.181,3.01,,,Ⅴ
2023-08-27T16:00:00+08:00,1693123200,31.2,7.16,2.56,417.5,41.2,4.19,0.041,0.179,2.99,,,Ⅴ
2023-08-27T20:00:00+08:00,1693137600,31.2,7.18,2.78,419.4,43.7,4.31,0.041,0.175,2.96,,,Ⅴ
2023-08-28T00:00:00+08:00,1693152000,31.0,7.19,2.89,421.5,56.6,4.37,0.041,0.176,3.01,,,Ⅴ
2023-08-28T04:00:00+08:00,1693166400,30.8,7.17,2.51,420.1,43.4,4.36,0.034,0.184,3.0,,,Ⅴ
2023-08-28T08:00:00+08:00,1693180800,30.8,7.18,2.53,421.6,50.2,4.11,0.036,0.186,3.01,,,Ⅴ
2023-08-28T12:00:00+08:00,1693195200,31.2,7.19,2.49,422.2,47.1,4.57,0.043,0.187,2.95,,,Ⅴ
2023-08-28T16:00:00+08:00,1693209600,31.0,7.2,2.57,421.8,40.4,4.31,0.036,0.175,2.97,,,Ⅴ
2023-08-28T20:00:00+08:00,1693224000,30.8,7.2,2.6,424.2,47.1,4.19,0.041,0.174,3.0,,,Ⅴ
2023-08-29T00:00:00+08:00,1693238400,30.4,7.24,2.71,422.7,42.5,4.28,0.04,0.181,2.93,,,Ⅴ
2023-08-29T04:00:00+08:00,1693252800,30.4,7.26,2.31,425.4,52.3,4.3,0.038,0.182,3.05,,,Ⅴ
2023-08-29T08:00:00+08:00,1693267200,30.2,7.28,2.64,425.2,54.4,4.28,0.038,0.179,3.01,,,Ⅴ
2023-08-29T12:00:00+08:00,1693281600,29.8,7.28,2.52,420.5,59.3,4.32,0.059,,,,,
2023-08-29T16:00:00+08:00,1693296000,29.8,7.29,2.59,422.1,47.8,3.95,0.042,0.19,3.04,,,Ⅴ
2023-08-29T20:00:00+08:00,1693310400,29.8,7.29,2.5,422.0,52.5,3.96,0.046,0.198,3.12,,,Ⅴ
2023-08-30T00:00:00+08:00,1693324800,29.2,7.29,2.53,419.3,53.1,4.09,0.05,0.196,2.9,,,Ⅴ
2023-08-30T04:00:00+08:00,1693339200,29.5,7.3,2.47,426.7,100.6,4.31,0.077,0.22,3.42,,,Ⅴ
2023-08-30T08:00:00+08:00,1693353600,29.3,7.33,3.09,431.2,58.9,4.28,0.045,0.191,3.08,,,Ⅳ
2023-08-30T12:00:00+08:00,1693368000,29.1,7.27,2.34,422.0,63.5,4.32,0.053,0.208,3.21,,,Ⅴ
2023-08-30T16:00:00+08:00,1693382400,29.0,7.28,2.61,424.0,64.0,4.44,0.058,0.2,3.25,,,Ⅴ
2023-08-30T20:00:00+08:00,1693396800,28.8,7.28,2.7,423.0,60.1,4.2,0.049,0.213,3.18,,,Ⅴ
2023-08-31T00:00:00+08:00,1693411200,27.7,7.21,2.19,413.3,57.4,4.4,0.066,0.204,3.16,,,Ⅴ
2023-08-31T04:00:00+08:00,1693425600,28.1,7.23,2.29,418.9,92.1,4.62,0.076,0.212,3.46,,,Ⅴ
2023-08-31T08:00:00+08:00,1693440000,28.4,7.29,2.94,424.9,61.8,4.1,0.049,0.198,3.13,,,Ⅴ
2023-08-31T12:00:00+08:00,1693454400,27.7,7.2,2.61,416.8,66.3,4.38,0.057,0.202,3.18,,,Ⅴ
2023-08-31T16:00:00+08:00,1693468800,27.8,7.19,2.56,417.1,73.2,4.32,0.056,0.21,3.24,,,Ⅴ
2023-08-31T20:00:00+08:00,1693483200,28.0,7.21,2.72,420.3,55.4,4.32,0.048,0.201,3.19,,,Ⅴ
2023-09-01T00:00:00+08:00,1693497600,27.4,7.18,2.55,415.2,59.1,4.27,0.056,0.205,3.16,,,Ⅴ
2023-09-01T04:00:00+08:00,1693512000,27.5,7.19,2.59,416.7,91.5,4.46,0.076,0.224,3.44,,,Ⅴ
2023-09-01T08:00:00+08:00,1693526400,27.9,7.3,3.44,428.6,61.6,4.23,0.05,0.198,3.12,,,Ⅳ
2023-09-01T12:00:00+08:00,1693540800,27.7,7.24,2.83,421.4,62.3,4.47,0.053,0.201,3.16,,,Ⅴ
2023-09-01T16:00:00+08:00,1693555200,27.7,7.19,2.99,418.2,59.8,4.26,0.054,0.202,3.14,,,Ⅴ
2023-09-01T20:00:00+08:00,1693569600,28.2,7.27,3.4,425.0,64.1,4.17,0.049,0.194,3.14,,,Ⅳ
2023-09-02T00:00:00+08:00,1693584000,27.6,7.19,2.89,418.8,57.2,4.2,0.05,0.207,3.12,,,Ⅴ
2023-09-02T04:00:00+08:00,1693598400,27.4,7.18,2.76,416.0,68.0,4.32,0.058,0.203,3.25,,,Ⅴ
2023-09-02T08:00:00+08:00,1693612800,27.8,7.31,3.51,429.7,65.6,4.12,0.051,0.193,3.1,,,Ⅳ
2023-09-02T12:00:00+08:00,1693627200,28.1,7.28,3.42,424.0,61.5,4.04,0.048,0.195,3.13,,,Ⅳ
2023-09-02T16:00:00+08:00,1693641600,28.4,7.21,3.29,418.3,60.1,4.15,0.052,0.197,3.14,,,Ⅳ
2023-09-02T20:00:00+08:00,1693656000,28.6,7.3,3.44,433.3,65.0,4.0,0.057,0.2,3.06,,,Ⅳ
2023-09-03T00:00:00+08:00,1693670400,28.1,7.25,3.31,425.4,61.3,4.1,0.062,0.196,3.22,,,Ⅳ
2023-09-03T04:00:00+08:00,1693684800,27.7,7.19,2.93,418.4,71.8,4.31,0.06,0.199,3.23,,,Ⅴ
2023-09-03T08:00:00+08:00,1693699200,28.4,7.31,3.58,434.5,69.8,4.06,0.056,0.19,3.07,,,Ⅳ
2023-09-03T12:00:00+08:00,1693713600,28.5,7.29,3.47,429.6,66.3,4.27,0.054,0.198,3.13,,,Ⅳ
2023-09-03T16:00:00+08:00,1693728000,28.4,7.19,2.85,419.0,63.4,4.26,0.056,0.192,3.14,,,Ⅴ
2023-09-03T20:00:00+08:00,1693742400,28.6,7.3,3.42,433.7,62.8,4.08,0.051,0.189,3.07,,,Ⅳ
2023-09-04T00:00:00+08:00,1693756800,28.5,7.3,3.52,433.4,59.7,4.05,0.055,0.194,3.1,,,Ⅳ
2023-09-04T04:00:00+08:00,1693771200,28.1,7.19,2.99,422.5,57.5,4.17,0.048,0.192,3.09,,,Ⅴ
2023-09-04T08:00:00+08:00,1693785600,28.5,7.32,3.5,437.5,77.5,4.23,0.062,0.193,3.04,,,Ⅳ
2023-09-04T12:00:00+08:00,1693800000,28.9,7.2,3.61,437.9,67.0,4.41,0.073,0.187,3.1,,,Ⅳ
2023-09-04T16:00:00+08:00,1693814400,29.0,7.05,3.02,425.3,59.1,4.3,0.07,0.184,3.08,,,Ⅳ
2023-09-04T20:00:00+08:00,1693828800,29.0,7.16,3.52,436.5,71.0,4.38,0.064,0.202,3.14,,,Ⅳ
2023-09-05T00:00:00+08:00,1693843200,28.9,7.23,3.51,437.6,59.6,4.22,0.062,0.194,3.1,,,Ⅳ
2023-09-05T04:00:00+08:00,1693857600,28.7,7.17,3.04,423.2,54.1,3.88,0.044,0.177,2.96,,,Ⅳ
2023-09-05T08:00:00+08:00,1693872000,28.8,7.26,3.4,431.6,67.5,4.22,0.059,0.191,3.13,,,Ⅳ
2023-09-05T12:00:00+08:00,1693886400,29.0,7.26,3.29,434.8,55.2,3.99,0.067,0.185,3.09,,,Ⅳ
2023-09-05T16:00:00+08:00,1693900800,29.2,7.2,3.27,422.7,56.3,4.27,0.057,0.193,2.98,,,Ⅳ
2023-09-05T20:00:00+08:00,1693915200,29.1,7.24,3.27,431.1,63.4,4.24,0.059,0.194,3.11,,,Ⅳ
2023-09-06T00:00:00+08:00,1693929600,29.1,7.26,3.37,437.0,51.2,4.05,0.047,0.189,3.03,,,Ⅳ
2023-09-06T04:00:00+08:00,1693944000,29.0,7.21,3.23,424.6,58.1,4.0,0.042,0.182,2.93,,,Ⅳ
2023-09-06T08:00:00+08:00,1693958400,29.0,7.23,3.3,427.1,59.7,4.15,0.042,0.186,3.07,,,Ⅳ
2023-09-06T12:00:00+08:00,1693972800,29.2,7.24,3.34,430.3,55.4,4.01,0.041,0.181,2.99,,,Ⅳ
2023-09-06T16:00:00+08:00,1693987200,29.4,7.19,3.29,423.1,55.9,3.78,0.047,0.176,2.91,,,Ⅳ
2023-09-06T20:00:00+08:00,1694001600,29.3,7.2,3.33,424.0,54.0,4.0,0.049,0.176,2.92,,,Ⅳ
2023-09-07T00:00:00+08:00,1694016000,29.2,7.21,3.33,430.8,40.8,3.99,0.038,0.176,2.86,,,Ⅳ
2023-09-07T08:00:00+08:00,1694044800,29.2,7.19,3.3,422.9,41.1,3.69,0.038,0.175,2.81,,,Ⅳ
2023-09-07T12:00:00+08:00,1694059200,29.4,7.19,3.34,423.8,45.1,3.95,0.038,0.171,2.77,,,Ⅳ
2023-09-07T16:00:00+08:00,1694073600,29.7,7.19,3.31,421.9,49.6,3.8,0.048,0.172,2.76,,,Ⅳ
2023-09-07T20:00:00+08:00,1694088000,29.5,7.19,3.39,420.9,44.2,3.82,0.041,0.164,2.67,,,Ⅳ
2023-09-08T00:00:00+08:00,1694102400,29.3,7.19,3.43,423.0,41.1,3.92,0.036,0.163,2.73,,,Ⅳ
2023-09-08T04:00:00+08:00,1694116800,29.2,7.18,3.29,422.9,43.1,3.95,0.04,0.168,2.67,,,Ⅳ
2023-09-08T08:00:00+08:00,1694131200,29.2,7.18,3.36,419.7,46.4,3.91,0.042,0.161,2.67,,,Ⅳ
2023-09-08T12:00:00+08:00,1694145600,29.6,7.18,3.38,420.2,44.9,3.99,0.036,0.161,2.67,,,Ⅳ
2023-09-08T16:00:00+08:00,1694160000,29.8,7.17,3.29,420.9,44.2,3.73,0.044,0.152,2.67,,,Ⅳ
2023-09-08T20:00:00+08:00,1694174400,29.7,7.17,3.18,422.1,40.3,3.63,0.04,0.162,2.62,,,Ⅳ
2023-09-09T00:00:00+08:00,1694188800,29.3,7.19,3.29,423.1,41.4,4.0,0.041,0.156,2.64,,,Ⅳ
2023-09-09T04:00:00+08:00,1694203200,29.2,7.19,3.14,422.8,39.3,3.73,0.04,0.158,2.63,,,Ⅳ
2023-09-09T08:00:00+08:00,1694217600,29.2,7.18,2.96,422.3,43.3,3.82,0.045,0.159,2.67,,,Ⅴ
2023-09-09T12:00:00+08:00,1694232000,29.3,7.18,3.2,425.3,52.7,3.96,0.051,0.154,2.66,,,Ⅳ
2023-09-09T16:00:00+08:00,1694246400,29.7,7.19,3.34,426.7,48.3,3.77,0.045,0.136,2.57,,,Ⅳ
2023-09-09T20:00:00+08:00,1694260800,29.7,7.21,3.35,431.1,46.5,3.77,0.049,0.15,2.6,,,Ⅳ
2023-09-10T00:00:00+08:00,1694275200,29.2,7.21,3.35,430.5,44.5,3.69,0.045,0.155,2.46,,,Ⅳ
2023-09-10T04:00:00+08:00,1694289600,29.2,7.19,3.25,427.4,40.4,3.91,0.042,0.15,2.61,,,Ⅳ
2023-09-10T08:00:00+08:00,1694304000,29.2,7.19,3.28,430.5,54.9,3.68,0.051,0.155,2.67,,,Ⅳ
2023-09-10T12:00:00+08:00,1694318400,29.4,7.22,3.32,433.3,51.7,3.72,0.051,0.151,2.57,,,Ⅳ
2023-09-10T16:00:00+08:00,1694332800,29.8,7.21,3.35,434.0,43.1,3.73,0.045,0.151,2.53,,,Ⅳ
2023-09-10T20:00:00+08:00,1694347200,29.7,7.19,3.26,434.1,49.2,3.6,0.051,0.148,2.49,,,Ⅳ
2023-09-11T00:00:00+08:00,1694361600,29.4,7.2,3.3,437.3,43.7,3.64,0.049,0.147,2.49,,,Ⅳ
2023-09-11T08:00:00+08:00,1694390400,29.3,7.19,3.28,436.9,54.2,3.83,0.05,0.152,2.54,,,Ⅳ
2023-09-11T12:00:00+08:00,1694404800,29.7,7.19,3.25,438.1,50.4,3.83,0.054,0.149,2.43,,,Ⅳ
2023-09-11T16:00:00+08:00,1694419200,30.0,7.1,3.7,440.2,48.4,3.78,0.072,0.136,2.56,,,Ⅳ
2023-09-11T20:00:00+08:00,1694433600,29.8,7.1,3.59,439.8,52.6,3.81,0.048,0.152,2.42,,,Ⅳ
2023-09-12T04:00:00+08:00,1694462400,29.5,7.12,3.36,440.7,57.0,3.56,0.05,0.155,2.52,,,Ⅳ
2023-09-12T08:00:00+08:00,1694476800,29.5,7.06,3.3,441.8,54.5,3.65,0.05,0.155,2.56,,,Ⅳ
2023-09-12T12:00:00+08:00,1694491200,29.7,7.08,3.48,441.4,55.9,3.77,0.055,0.15,2.5,,,Ⅳ
2023-09-12T16:00:00+08:00,1694505600,29.8,7.2,3.73,442.4,55.9,3.95,0.047,0.154,2.49,,,Ⅳ
2023-09-12T20:00:00+08:00,1694520000,29.7,7.19,3.5,442.6,49.9,3.82,0.045,0.154,2.48,,,Ⅳ
2023-09-13T04:00:00+08:00,1694548800,29.3,7.21,3.58,443.7,61.8,3.91,0.046,0.154,2.53,,,Ⅳ
2023-09-13T08:00:00+08:00,1694563200,29.3,7.23,3.59,446.9,55.0,3.85,0.05,0.153,2.59,,,Ⅳ
2023-09-13T12:00:00+08:00,1694577600,29.2,7.19,3.53,444.9,64.5,3.85,0.054,0.159,2.53,,,Ⅳ
2023-09-13T16:00:00+08:00,1694592000,29.2,7.2,3.49,445.1,54.0,4.06,0.047,0.157,2.49,,,Ⅳ
2023-09-13T20:00:00+08:00,1694606400,29.2,7.21,3.47,445.4,52.5,3.81,0.05,0.155,2.52,,,Ⅳ
2023-09-14T04:00:00+08:00,1694635200,29.0,7.2,3.15,445.8,87.6,4.23,0.067,0.171,2.8,,,Ⅳ
2023-09-14T08:00:00+08:00,1694649600,28.9,7.23,3.35,450.4,57.5,4.05,0.063,0.16,2.6,,,Ⅳ
2023-09-14T12:00:00+08:00,1694664000,28.8,7.19,3.15,446.6,61.6,4.0,0.055,0.164,2.59,,,Ⅳ
2023-09-14T16:00:00+08:00,1694678400,28.8,7.22,3.65,446.7,67.0,3.94,0.056,0.168,2.62,,,Ⅳ
2023-09-14T20:00:00+08:00,1694692800,28.7,7.24,3.73,448.2,57.1,3.7,0.047,0.16,2.49,,,Ⅳ
2023-09-15T04:00:00+08:00,1694721600,28.4,7.24,3.5,446.9,85.4,4.24,0.066,0.171,2.71,,,Ⅳ
2023-09-15T08:00:00+08:00,1694736000,28.4,7.3,3.91,452.2,61.4,4.01,0.049,0.165,2.56,,,Ⅳ
2023-09-15T12:00:00+08:00,1694750400,28.4,7.26,3.77,447.7,68.1,3.95,0.054,0.163,2.56,,,Ⅳ
2023-09-15T16:00:00+08:00,1694764800,28.3,7.26,3.69,447.9,74.8,4.1,0.06,0.168,2.6,,,Ⅳ
2023-09-15T20:00:00+08:00,1694779200,28.4,7.33,3.89,450.8,62.1,4.03,0.052,0.162,2.55,,,Ⅳ
2023-09-16T12:00:00+08:00,1694836800,27.6,7.28,3.63,450.9,66.3,4.12,0.061,0.166,2.46,,,Ⅳ
2023-09-16T16:00:00+08:00,1694851200,27.6,7.26,3.45,452.0,57.1,4.0,0.051,0.161,2.5,,,Ⅳ
2023-09-16T20:00:00+08:00,1694865600,27.7,7.32,4.03,451.4,54.4,3.81,0.044,0.161,2.46,,,Ⅳ
2023-09-17T04:00:00+08:00,1694894400,27.3,7.24,3.39,455.4,59.5,3.92,0.05,0.16,2.46,,,Ⅳ
2023-09-17T08:00:00+08:00,1694908800,27.6,7.31,4.0,454.0,58.9,4.01,0.049,0.158,2.51,,,Ⅳ
2023-09-17T12:00:00+08:00,1694923200,27.6,7.24,3.29,456.8,61.0,4.05,0.109,0.174,2.58,,,Ⅳ
2023-09-17T16:00:00+08:00,1694937600,27.7,7.19,3.02,457.2,51.5,4.19,0.074,0.159,2.46,,,Ⅳ
2023-09-17T20:00:00+08:00,1694952000,27.7,7.24,3.42,456.5,68.3,3.94,0.07,0.167,2.6,,,Ⅳ
2023-09-18T04:00:00+08:00,1694980800,27.6,7.19,3.05,458.2,51.3,3.9,0.052,0.154,2.44,,,Ⅳ
2023-09-18T08:00:00+08:00,1694995200,27.6,7.21,3.28,458.5,53.0,3.7,0.054,0.164,2.48,,,Ⅳ
2023-09-18T12:00:00+08:00,1695009600,28.0,7.19,3.26,458.3,57.0,3.76,0.051,0.162,2.46,,,Ⅳ
2023-09-18T16:00:00+08:00,1695024000,28.7,7.2,3.24,456.5,39.2,3.82,0.042,0.149,2.32,,,Ⅳ
2023-09-18T20:00:00+08:00,1695038400,28.4,7.2,3.29,458.5,46.3,3.99,0.043,0.154,2.4,,,Ⅳ
2023-09-19T04:00:00+08:00,1695067200,28.3,7.19,3.02,457.1,38.7,3.91,0.041,0.148,2.32,,,Ⅳ
2023-09-19T08:00:00+08:00,1695081600,28.3,7.19,3.22,459.4,41.6,3.8,0.037,0.156,2.36,,,Ⅳ
2023-09-19T12:00:00+08:00,1695096000,28.9,7.19,3.22,458.9,44.2,3.87,0.042,0.152,2.38,,,Ⅳ
2023-09-19T16:00:00+08:00,1695110400,29.2,7.08,3.39,458.9,33.8,3.86,0.036,0.141,2.29,,,Ⅳ
2023-09-19T20:00:00+08:00,1695124800,29.0,7.07,3.44,462.0,42.1,3.69,0.035,0.15,2.34,,,Ⅳ
2023-09-20T04:00:00+08:00,1695153600,29.0,7.04,3.35,460.1,39.5,3.63,0.035,0.141,2.26,,,Ⅳ
2023-10-08T12:00:00+08:00,1696737600,22.9,7.27,4.36,466.6,47.6,4.06,0.082,0.137,2.72,,,Ⅳ
2023-10-08T16:00:00+08:00,1696752000,23.0,7.29,4.33,465.4,48.2,3.79,0.07,0.131,2.71,,,Ⅳ
2023-10-08T20:00:00+08:00,1696766400,22.9,7.28,4.5,463.4,46.8,4.01,0.062,0.132,2.73,,,Ⅳ
2023-10-09T04:00:00+08:00,1696795200,22.5,7.28,4.37,469.0,51.6,3.67,0.063,0.136,2.75,,,Ⅳ
2023-10-10T04:00:00+08:00,1696881600,22.3,7.28,4.42,462.6,51.4,3.86,0.072,0.129,2.78,,,Ⅳ
2023-10-10T08:00:00+08:00,1696896000,22.3,7.3,4.77,457.8,63.7,4.08,0.071,0.135,3.0,,,Ⅳ
2023-10-10T12:00:00+08:00,1696910400,22.6,7.3,4.74,456.8,56.3,3.96,0.079,0.128,3.0,,,Ⅳ
2023-10-13T04:00:00+08:00,1697140800,22.3,7.19,5.21,454.6,50.1,3.57,0.07,0.127,3.15,,,Ⅲ
2023-10-13T08:00:00+08:00,1697155200,22.3,7.2,5.2,454.6,49.2,3.82,0.072,0.129,3.23,,,Ⅲ
2023-10-13T12:00:00+08:00,1697169600,22.3,7.21,5.18,447.0,62.9,3.86,0.085,0.132,3.36,,,Ⅲ
2023-10-13T16:00:00+08:00,1697184000,22.3,7.26,5.15,448.5,50.6,3.79,0.072,0.128,3.22,,,Ⅲ
2023-10-13T20:00:00+08:00,1697198400,22.3,7.26,5.19,448.8,49.4,3.85,0.066,0.122,3.2,,,Ⅲ
2023-10-14T00:00:00+08:00,1697212800,22.2,7.24,4.98,439.9,52.9,3.79,0.078,0.126,3.26,,,Ⅳ
2023-10-14T04:00:00+08:00,1697227200,22.1,7.26,4.97,444.3,52.9,3.67,0.081,0.126,3.26,,,Ⅳ
2023-10-14T08:00:00+08:00,1697241600,22.1,7.26,5.1,447.3,52.5,3.99,0.074,0.127,3.27,,,Ⅲ
2023-10-14T12:00:00+08:00,1697256000,22.2,7.26,5.02,438.6,52.2,3.85,0.063,0.127,3.26,,,Ⅲ
2023-10-14T16:00:00+08:00,1697270400,22.3,7.27,5.11,439.2,51.6,3.85,0.065,0.124,3.3,,,Ⅲ
2023-10-14T20:00:00+08:00,1697284800,22.2,7.27,5.15,441.3,46.6,3.74,0.063,0.126,3.19,,,Ⅲ
2023-10-15T00:00:00+08:00,1697299200,22.1,7.19,5.11,437.4,48.4,3.7,0.057,0.126,3.16,,,Ⅲ
2023-10-15T04:00:00+08:00,1697313600,21.9,7.2,5.05,440.7,51.3,3.63,0.064,0.121,3.22,,,Ⅲ
2023-10-15T08:00:00+08:00,1697328000,21.9,7.21,5.11,443.4,47.6,3.52,0.06,0.126,3.22,,,Ⅲ
2023-10-15T12:00:00+08:00,1697342400,22.2,7.2,5.03,437.9,50.2,3.64,0.061,0.125,3.28,,,Ⅲ
2023-10-15T16:00:00+08:00,1697356800,22.3,7.2,5.13,438.3,43.4,3.68,0.062,0.119,3.15,,,Ⅲ
2023-10-15T20:00:00+08:00,1697371200,22.2,7.25,5.1,440.0,41.8,3.45,0.052,0.12,3.12,,,Ⅲ
2023-10-16T00:00:00+08:00,1697385600,22.1,7.24,5.08,439.9,45.7,3.57,0.059,0.12,3.2,,,Ⅲ
2023-10-16T04:00:00+08:00,1697400000,22.0,7.24,4.94,440.4,39.3,3.33,0.062,0.119,3.22,,,Ⅳ
2023-10-16T08:00:00+08:00,1697414400,22.0,7.25,5.1,442.2,45.8,3.55,0.058,0.121,3.3,,,Ⅲ
2023-10-16T12:00:00+08:00,1697428800,22.2,7.26,5.1,438.3,42.8,3.74,0.064,0.12,3.28,,,Ⅲ
2023-10-16T16:00:00+08:00,1697443200,22.4,7.26,5.03,437.8,39.1,3.67,0.061,0.118,3.26,,,Ⅲ
2023-10-16T20:00:00+08:00,1697457600,22.3,7.26,5.11,441.2,39.8,3.5,0.051,0.118,3.2,,,Ⅲ
2023-10-17T00:00:00+08:00,1697472000,22.2,7.26,5.13,439.7,47.6,3.71,0.059,0.119,3.26,,,Ⅲ
2023-10-17T04:00:00+08:00,1697486400,22.0,7.26,5.01,439.0,46.0,3.53,0.059,0.116,3.2,,,Ⅲ
2023-10-17T08:00:00+08:00,1697500800,22.1,7.26,5.11,442.3,41.7,3.52,0.06,0.125,3.3,,,Ⅲ
2023-10-17T12:00:00+08:00,1697515200,22.3,7.27,5.21,437.9,48.8,3.72,0.06,0.125,3.31,,,Ⅲ
2023-10-17T16:00:00+08:00,1697529600,22.6,7.26,5.06,435.8,37.0,3.35,0.055,0.115,3.17,,,Ⅲ
2023-10-17T20:00:00+08:00,1697544000,22.3,7.27,5.19,441.1,42.9,3.42,0.052,0.121,3.14,,,Ⅲ
2023-10-18T00:00:00+08:00,1697558400,22.3,7.26,5.12,439.0,43.3,3.38,0.056,0.114,3.21,,,Ⅲ
2023-10-18T04:00:00+08:00,1697572800,22.2,7.24,4.97,436.5,42.0,3.38,0.056,0.113,3.14,,,Ⅳ
2023-10-18T08:00:00+08:00,1697587200,22.2,7.25,5.11,440.1,38.6,3.55,0.054,0.119,3.16,,,Ⅲ
2023-10-18T12:00:00+08:00,1697601600,22.4,7.26,5.19,436.2,46.1,3.64,0.055,0.122,3.21,,,Ⅲ
2023-10-18T16:00:00+08:00,1697616000,22.8,7.26,5.08,433.2,36.7,3.64,0.051,0.111,3.12,,,Ⅲ
2023-10-18T20:00:00+08:00,1697630400,22.4,7.26,5.2,438.4,38.9,3.62,0.046,0.113,3.11,,,Ⅲ
2023-10-19T00:00:00+08:00,1697644800,22.3,7.26,5.2,437.5,40.2,3.56,0.051,0.115,3.12,,,Ⅲ
2023-10-19T08:00:00+08:00,1697673600,22.3,7.26,5.29,440.1,36.0,3.45,0.051,0.116,3.16,,,Ⅲ
2023-10-19T12:00:00+08:00,1697688000,22.8,7.13,5.26,434.6,44.4,3.55,0.06,0.124,3.2,,,Ⅲ
2023-10-19T16:00:00+08:00,1697702400,23.1,7.16,5.29,431.7,35.2,3.57,0.052,0.115,3.04,,,Ⅲ
2023-10-19T20:00:00+08:00,1697716800,23.0,7.13,5.32,439.5,40.6,3.31,0.047,0.116,3.07,,,Ⅲ
2023-10-20T04:00:00+08:00,1697745600,22.7,7.19,5.16,430.4,36.9,3.35,0.051,0.11,3.02,,,Ⅲ
2023-10-20T08:00:00+08:00,1697760000,22.3,7.18,5.29,434.1,37.1,3.33,0.052,0.117,3.12,,,Ⅲ
2023-10-20T12:00:00+08:00,1697774400,22.3,7.23,5.43,431.6,38.4,3.64,0.049,0.113,3.11,,,Ⅲ
2023-10-20T16:00:00+08:00,1697788800,22.3,7.19,5.42,427.2,35.3,3.57,0.056,0.112,3.07,,,Ⅲ
2023-10-20T20:00:00+08:00,1697803200,22.2,7.24,5.46,431.2,36.3,3.27,0.051,0.113,3.1,,,Ⅲ
2023-10-21T04:00:00+08:00,1697832000,21.6,7.27,5.47,427.1,37.3,3.42,0.059,0.112,3.14,,,Ⅲ
2023-10-21T08:00:00+08:00,1697846400,21.5,7.26,5.32,426.6,37.2,3.64,0.063,0.114,3.18,,,Ⅲ
2023-10-21T12:00:00+08:00,1697860800,21.6,7.28,5.5,427.0,37.7,3.55,0.064,0.113,3.2,,,Ⅲ
2023-10-21T16:00:00+08:00,1697875200,21.6,7.27,5.19,430.6,39.8,3.41,0.077,0.112,3.22,,,Ⅲ
2023-10-21T20:00:00+08:00,1697889600,21.5,7.27,5.16,430.0,36.9,3.31,0.066,0.109,3.1,,,Ⅲ
2023-10-22T04:00:00+08:00,1697918400,21.0,7.28,5.15,426.8,39.9,3.4,0.073,0.111,3.18,,,Ⅲ
2023-10-22T08:00:00+08:00,1697932800,20.8,7.27,5.12,422.4,40.6,3.74,0.078,0.114,3.26,,,Ⅲ
2023-10-22T12:00:00+08:00,1697947200,21.2,7.29,5.35,421.3,40.7,3.64,0.069,0.113,3.24,,,Ⅲ
2023-10-22T20:00:00+08:00,1697976000,21.2,7.29,5.2,430.7,39.0,3.42,0.07,0.107,3.23,,,Ⅲ
2023-10-23T04:00:00+08:00,1698004800,21.0,7.29,5.27,430.9,38.1,3.57,0.068,0.108,3.26,,,Ⅲ
2023-10-23T08:00:00+08:00,1698019200,21.0,7.28,5.2,423.8,47.8,3.63,0.075,0.123,3.37,,,Ⅲ
2023-10-23T12:00:00+08:00,1698033600,21.5,7.29,5.35,421.9,39.6,3.6,0.066,0.107,3.24,,,Ⅲ
2023-10-23T16:00:00+08:00,1698048000,21.6,7.28,5.32,423.1,50.0,3.75,0.074,0.113,3.33,,,Ⅲ
2023-10-23T20:00:00+08:00,1698062400,21.6,7.27,5.05,422.4,43.3,3.57,0.077,0.11,3.25,,,Ⅲ
2023-10-24T04:00:00+08:00,1698091200,21.5,7.27,5.08,423.8,37.8,3.55,0.063,0.104,3.23,,,Ⅲ
2023-10-24T08:00:00+08:00,1698105600,21.5,7.27,5.02,422.6,46.9,3.52,0.07,0.115,3.38,,,Ⅲ
2023-10-24T12:00:00+08:00,1698120000,21.8,7.27,5.13,423.8,42.1,3.45,0.064,0.107,3.29,,,Ⅲ
2023-10-24T16:00:00+08:00,1698134400,22.1,7.28,5.23,421.9,46.5,3.46,0.064,0.11,3.33,,,Ⅲ
2023-10-24T20:00:00+08:00,1698148800,22.0,7.26,4.96,423.2,47.1,3.66,0.076,0.1,3.37,,,Ⅳ
2023-10-25T04:00:00+08:00,1698177600,21.7,7.27,4.98,426.6,37.2,3.37,0.063,0.113,3.25,,,Ⅳ
2023-10-25T08:00:00+08:00,1698192000,21.8,7.26,4.94,429.8,50.2,3.46,0.084,0.111,3.41,,,Ⅳ
2023-10-25T12:00:00+08:00,1698206400,22.2,7.26,5.0,425.3,37.2,3.53,0.064,0.107,3.24,,,Ⅲ
2023-10-25T16:00:00+08:00,1698220800,22.3,7.28,5.13,429.8,38.2,3.38,0.063,0.11,3.23,,,Ⅲ
2023-10-25T20:00:00+08:00,1698235200,22.2,7.27,5.05,425.9,38.0,3.33,0.066,0.111,3.28,,,Ⅲ
2023-10-26T04:00:00+08:00,1698264000,22.1,7.26,4.92,428.5,46.6,3.57,0.079,0.11,,,,Ⅳ
2023-10-26T08:00:00+08:00,1698278400,22.2,7.26,4.86,427.3,52.5,3.68,0.078,,3.52,,,
2023-10-26T12:00:00+08:00,1698292800,22.3,7.1,4.95,425.7,49.4,3.5,,0.1,3.44,,,
2023-10-26T16:00:00+08:00,1698307200,22.7,7.08,5.09,427.8,42.4,3.49,0.084,0.111,3.35,,,Ⅲ
2023-10-26T20:00:00+08:00,1698321600,22.3,7.14,4.98,426.1,41.4,3.45,0.081,0.112,3.4,,,Ⅳ
2023-10-27T00:00:00+08:00,1698336000,22.3,7.13,4.89,424.8,35.4,3.4,0.086,0.108,3.28,,,Ⅳ
2023-10-27T08:00:00+08:00,1698364800,22.2,7.13,4.86,428.6,40.5,3.42,0.086,0.114,3.42,,,Ⅳ
2023-10-27T12:00:00+08:00,1698379200,22.3,7.19,4.95,428.1,39.9,3.53,0.078,0.11,3.34,,,Ⅳ
2023-10-27T16:00:00+08:00,1698393600,22.4,7.19,5.05,431.6,37.3,3.32,0.07,0.111,3.33,,,Ⅲ
2023-10-27T20:00:00+08:00,1698408000,22.3,7.12,5.14,432.2,38.4,3.5,0.082,0.112,3.36,,,Ⅲ
2023-10-28T04:00:00+08:00,1698436800,22.1,7.2,4.75,433.8,42.9,3.55,0.07,0.111,3.33,,,Ⅳ
2023-10-28T08:00:00+08:00,1698451200,22.0,7.24,4.98,434.2,46.9,3.57,0.083,0.121,3.45,,,Ⅳ
2023-10-28T12:00:00+08:00,1698465600,22.2,7.26,5.02,433.7,48.6,3.7,0.076,0.117,3.47,,,Ⅲ
2023-10-28T16:00:00+08:00,1698480000,22.3,7.28,5.07,436.8,37.8,3.64,0.066,0.11,3.35,,,Ⅲ
2023-10-28T20:00:00+08:00,1698494400,22.2,7.28,5.07,437.6,38.2,3.33,0.074,0.117,3.38,,,Ⅲ
2023-10-29T04:00:00+08:00,1698523200,21.6,7.28,5.39,438.3,45.6,3.7,0.07,0.114,3.42,,,Ⅲ
2023-10-29T08:00:00+08:00,1698537600,21.6,7.29,5.05,439.9,43.0,3.7,0.084,0.121,3.45,,,Ⅲ
2023-10-29T12:00:00+08:00,1698552000,22.1,7.3,5.12,439.1,46.6,3.82,0.064,0.118,3.42,,,Ⅲ
2023-10-29T16:00:00+08:00,1698566400,22.2,7.3,5.12,439.6,42.6,3.58,0.066,0.12,3.36,,,Ⅲ
2023-10-29T20:00:00+08:00,1698580800,22.0,7.32,5.16,442.2,46.5,3.46,0.066,0.112,3.38,,,Ⅲ
2023-10-30T04:00:00+08:00,1698609600,21.6,7.3,5.07,450.7,43.1,3.34,0.063,0.113,3.39,,,Ⅲ
2023-10-30T08:00:00+08:00,1698624000,21.6,7.3,5.21,444.6,40.6,3.58,0.067,0.117,3.4,,,Ⅲ
2023-10-30T12:00:00+08:00,1698638400,22.0,7.3,5.09,468.7,51.6,3.41,0.067,0.12,3.5,,,Ⅲ
2023-10-31T12:00:00+08:00,1698724800,22.1,7.32,5.2,471.2,44.1,3.66,0.054,0.115,3.39,,,Ⅲ
2023-10-31T16:00:00+08:00,1698739200,22.3,7.31,5.16,447.6,38.8,3.13,0.054,0.109,3.3,,,Ⅲ
2023-10-31T20:00:00+08:00,1698753600,22.1,7.32,5.22,467.1,42.4,3.4,0.047,0.116,3.3,,,Ⅲ
2023-11-01T04:00:00+08:00,1698782400,21.8,7.31,5.08,444.4,34.8,3.25,0.051,0.104,3.22,,,Ⅲ
2023-11-01T08:00:00+08:00,1698796800,21.8,7.31,5.15,448.2,38.2,3.37,0.052,0.113,3.31,,,Ⅲ
2023-11-01T12:00:00+08:00,1698811200,22.2,7.31,5.11,448.2,44.2,3.38,0.061,0.114,3.36,,,Ⅲ
2023-11-01T16:00:00+08:00,1698825600,22.3,7.31,5.06,448.4,36.2,3.3,0.061,0.109,3.26,,,Ⅲ
2023-11-01T20:00:00+08:00,1698840000,22.2,7.31,5.09,452.0,37.3,3.0,0.057,0.109,3.23,,,Ⅲ
2023-11-02T04:00:00+08:00,1698868800,22.0,7.31,4.89,456.4,38.4,3.38,0.067,0.108,3.32,,,Ⅳ
2023-11-02T08:00:00+08:00,1698883200,21.9,7.31,4.94,459.5,37.1,3.28,0.06,0.112,3.34,,,Ⅳ
2023-11-02T12:00:00+08:00,1698897600,22.2,7.32,5.06,451.5,40.9,3.24,0.073,0.112,3.45,,,Ⅲ
2023-11-02T16:00:00+08:00,1698912000,22.3,7.32,5.1,450.3,37.3,3.09,0.07,0.105,3.3,,,Ⅲ
2023-11-02T20:00:00+08:00,1698926400,22.2,7.32,4.92,453.3,36.1,3.25,0.072,0.109,3.31,,,Ⅳ
2023-11-03T04:00:00+08:00,1698955200,22.0,7.32,4.82,458.3,42.5,3.24,0.074,0.112,3.38,,,Ⅳ
2023-11-03T08:00:00+08:00,1698969600,22.0,7.32,4.92,456.6,36.4,3.21,0.064,0.107,3.35,,,Ⅳ
2023-11-03T12:00:00+08:00,1698984000,22.3,7.31,5.16,457.6,46.0,3.13,0.079,0.113,3.39,,,Ⅲ
2023-11-03T16:00:00+08:00,1698998400,22.6,7.35,5.12,452.2,40.4,3.33,0.08,0.113,3.34,,,Ⅲ
2023-11-03T20:00:00+08:00,1699012800,22.3,7.34,5.1,458.6,39.6,3.29,0.076,0.111,3.32,,,Ⅲ
2023-11-04T04:00:00+08:00,1699041600,22.2,7.31,5.09,457.5,42.1,3.17,0.064,0.109,3.32,,,Ⅲ
2023-11-04T08:00:00+08:00,1699056000,22.3,7.31,5.11,456.3,36.6,3.13,0.055,0.11,3.27,,,Ⅲ
2023-11-04T12:00:00+08:00,1699070400,22.4,7.32,5.12,452.2,40.9,3.07,0.059,0.108,3.35,,,Ⅲ
2023-11-04T16:00:00+08:00,1699084800,22.8,7.31,5.05,451.9,42.2,3.21,0.069,0.108,3.32,,,Ⅲ
2023-11-04T20:00:00+08:00,1699099200,22.7,7.31,5.06,460.5,36.9,3.08,0.062,0.107,3.28,,,Ⅲ
2023-11-05T04:00:00+08:00,1699128000,22.4,7.3,4.97,459.0,45.8,3.16,0.062,0.106,3.33,,,Ⅳ
2023-11-05T08:00:00+08:00,1699142400,22.5,7.3,4.97,455.0,37.7,3.14,0.063,0.104,3.33,,,Ⅳ
2023-11-05T12:00:00+08:00,1699156800,23.0,7.3,4.96,453.6,39.9,3.21,0.079,0.089,3.35,,,Ⅳ
2023-11-05T16:00:00+08:00,1699171200,23.3,7.3,4.92,453.0,46.3,3.14,0.079,0.11,3.36,,,Ⅳ
2023-11-05T20:00:00+08:00,1699185600,23.2,7.3,5.06,453.3,37.4,3.16,0.065,0.108,3.26,,,Ⅲ
2023-11-06T04:00:00+08:00,1699214400,22.7,7.3,4.99,453.2,40.6,3.12,0.095,0.116,3.35,,,Ⅳ
2023-11-06T08:00:00+08:00,1699228800,22.3,7.32,5.07,450.2,46.2,3.58,0.086,0.114,3.35,,,Ⅲ
2023-11-06T12:00:00+08:00,1699243200,22.2,7.34,5.23,451.3,47.2,3.41,0.078,0.112,3.36,,,Ⅲ
2023-11-06T16:00:00+08:00,1699257600,22.0,7.36,5.29,455.8,52.2,3.37,0.086,0.11,3.37,,,Ⅲ
2023-11-06T20:00:00+08:00,1699272000,21.5,7.35,5.3,453.2,41.5,3.09,0.08,0.107,3.4,,,Ⅲ
2023-11-07T04:00:00+08:00,1699300800,21.2,7.36,5.35,456.6,38.8,3.12,0.075,0.109,3.35,,,Ⅲ
2023-11-07T08:00:00+08:00,1699315200,21.0,7.35,5.35,453.2,44.2,3.46,0.093,0.124,3.47,,,Ⅲ
2023-11-07T12:00:00+08:00,1699329600,21.0,7.36,5.4,453.2,39.6,3.37,0.083,0.109,3.38,,,Ⅲ
2023-11-07T16:00:00+08:00,1699344000,20.9,7.36,5.39,455.6,46.0,3.32,0.088,0.112,3.42,,,Ⅲ
2023-11-07T20:00:00+08:00,1699358400,20.4,7.34,5.39,455.8,44.4,3.51,0.094,0.107,3.39,,,Ⅲ
2023-11-08T08:00:00+08:00,1699401600,19.8,7.24,5.53,455.7,58.9,3.42,0.108,0.118,3.6,,,Ⅲ
2023-11-08T12:00:00+08:00,1699416000,19.7,7.25,5.49,458.9,69.4,3.58,0.104,0.112,3.63,,,Ⅲ
2023-11-08T16:00:00+08:00,1699430400,19.7,7.25,5.47,459.2,67.6,3.59,0.107,0.119,3.66,,,Ⅲ
2023-11-08T20:00:00+08:00,1699444800,19.7,7.24,5.49,457.7,53.0,3.29,0.095,0.112,3.5,,,Ⅲ
2023-11-09T04:00:00+08:00,1699473600,19.5,7.29,5.33,459.4,46.1,3.17,0.078,0.111,3.41,,,Ⅲ
2023-11-09T08:00:00+08:00,1699488000,19.5,7.27,5.48,459.6,54.6,3.38,0.084,0.112,3.47,,,Ⅲ
2023-11-09T12:00:00+08:00,1699502400,19.8,7.18,5.52,460.3,47.6,3.17,0.078,0.111,3.5,,,Ⅲ
2023-11-09T16:00:00+08:00,1699516800,19.7,7.2,5.56,460.9,52.6,3.54,0.094,0.111,3.49,,,Ⅲ
2023-11-09T20:00:00+08:00,1699531200,19.6,7.16,5.47,461.1,45.9,3.12,0.092,0.11,3.48,,,Ⅲ
2023-11-10T04:00:00+08:00,1699560000,19.4,7.2,5.6,459.6,32.5,3.32,0.079,0.111,3.48,,,Ⅲ
2023-11-10T08:00:00+08:00,1699574400,19.3,7.27,5.47,459.5,34.1,3.47,0.102,0.118,3.53,,,Ⅲ
2023-11-10T16:00:00+08:00,1699603200,19.0,7.29,6.04,461.5,38.0,3.45,0.074,0.116,3.5,,,Ⅲ
2023-11-10T20:00:00+08:00,1699617600,18.9,7.3,6.03,469.1,32.5,3.36,0.103,0.126,3.47,,,Ⅲ
2023-11-11T04:00:00+08:00,1699646400,18.6,7.3,6.11,468.4,36.9,3.46,0.078,0.12,3.48,,,Ⅲ
2023-11-11T08:00:00+08:00,1699660800,18.4,7.31,6.03,464.2,43.3,3.43,0.099,0.129,3.6,,,Ⅲ
2023-11-11T12:00:00+08:00,1699675200,18.1,7.3,5.81,466.7,41.3,3.29,0.103,0.126,3.53,,,Ⅲ
2023-11-11T16:00:00+08:00,1699689600,18.1,7.32,6.18,464.9,43.4,3.46,0.088,0.118,3.5,,,Ⅲ
2023-11-11T20:00:00+08:00,1699704000,18.1,7.33,6.06,466.1,50.0,3.62,0.092,0.123,3.52,,,Ⅲ
2023-11-12T04:00:00+08:00,1699732800,17.7,7.32,6.12,469.3,49.0,3.46,0.089,0.12,3.54,,,Ⅲ
2023-11-12T08:00:00+08:00,1699747200,17.6,7.32,6.01,468.3,55.8,3.24,0.101,0.125,3.56,,,Ⅲ
2023-11-12T12:00:00+08:00,1699761600,17.4,7.31,5.92,464.8,56.2,3.21,0.12,0.124,3.58,,,Ⅲ
2023-11-12T16:00:00+08:00,1699776000,17.4,7.33,6.27,467.1,59.1,3.32,0.097,0.123,3.54,,,Ⅲ
2023-11-12T20:00:00+08:00,1699790400,17.2,7.33,6.24,467.3,53.4,3.45,0.119,0.12,3.6,,,Ⅲ
2023-11-13T00:00:00+08:00,1699804800,16.6,7.33,5.93,466.2,59.5,3.5,0.137,0.122,3.54,,,Ⅲ
2023-11-13T04:00:00+08:00,1699819200,16.3,7.33,6.1,469.3,53.7,3.42,0.12,0.118,3.53,,,Ⅲ
2023-11-13T08:00:00+08:00,1699833600,16.3,7.34,5.96,469.2,60.5,3.25,0.14,0.131,3.64,,,Ⅲ
2023-11-13T12:00:00+08:00,1699848000,16.0,7.33,6.01,468.3,52.2,3.2,0.192,0.124,3.64,,,Ⅲ
2023-11-13T16:00:00+08:00,1699862400,16.2,7.34,6.96,471.6,57.9,3.18,0.164,0.13,3.64,,,Ⅲ
2023-11-13T20:00:00+08:00,1699876800,16.0,7.35,6.34,470.1,50.6,3.4,0.149,0.123,3.57,,,Ⅲ
2023-11-14T00:00:00+08:00,1699891200,15.7,7.34,6.23,469.8,60.4,3.26,0.166,0.133,3.61,,,Ⅲ
2023-11-14T04:00:00+08:00,1699905600,15.5,7.35,6.22,471.0,50.6,3.17,0.153,0.123,3.73,,,Ⅲ
2023-11-14T08:00:00+08:00,1699920000,15.6,7.35,6.49,471.8,62.9,3.47,0.16,0.127,3.69,,,Ⅲ
2023-11-14T12:00:00+08:00,1699934400,15.6,7.35,6.55,470.1,60.9,3.34,0.166,0.124,3.71,,,Ⅲ
2023-11-14T16:00:00+08:00,1699948800,15.8,7.37,6.44,472.3,56.6,3.07,0.144,0.119,3.6,,,Ⅲ
2023-11-14T20:00:00+08:00,1699963200,15.6,7.36,6.5,473.3,59.8,3.2,0.146,0.122,3.57,,,Ⅲ
2023-11-15T04:00:00+08:00,1699992000,15.3,7.36,6.26,475.0,58.6,3.09,0.146,0.122,3.68,,,Ⅲ
2023-11-15T08:00:00+08:00,1700006400,15.3,7.36,6.59,476.0,57.1,3.2,0.147,0.121,3.72,,,Ⅲ
2023-11-15T12:00:00+08:00,1700020800,15.4,7.36,6.44,477.4,66.5,3.46,0.151,0.122,3.74,,,Ⅲ
2023-11-15T16:00:00+08:00,1700035200,15.6,7.36,6.31,477.6,56.6,3.3,0.142,0.114,3.69,,,Ⅲ
2023-11-15T20:00:00+08:00,1700049600,15.4,7.37,6.68,477.9,59.7,3.13,0.135,0.121,3.61,,,Ⅲ
2023-11-16T00:00:00+08:00,1700064000,15.4,7.35,6.51,477.8,61.1,3.17,0.138,0.121,3.7,,,Ⅲ
2023-11-16T04:00:00+08:00,1700078400,15.4,7.34,7.04,478.0,62.9,3.14,0.202,0.12,3.7,,,Ⅲ
2023-11-16T08:00:00+08:00,1700092800,15.3,7.36,6.74,478.1,80.6,3.37,0.158,0.132,3.77,,,Ⅲ
2023-11-16T16:00:00+08:00,1700121600,15.4,7.29,6.53,478.2,34.3,3.37,0.157,0.116,3.73,,,Ⅲ
2023-11-16T20:00:00+08:00,1700136000,15.2,7.34,6.76,480.8,42.6,3.29,0.147,0.121,3.78,,,Ⅲ
2023-11-17T04:00:00+08:00,1700164800,14.7,7.32,7.35,478.9,30.5,3.22,0.173,0.111,3.69,,,Ⅲ
2023-11-17T08:00:00+08:00,1700179200,14.7,7.29,6.71,480.2,34.8,3.09,0.174,0.117,3.75,,,Ⅲ
2023-11-17T12:00:00+08:00,1700193600,14.9,7.33,6.67,480.6,35.3,3.45,0.214,0.121,3.81,,,Ⅲ
2023-11-17T16:00:00+08:00,1700208000,14.8,7.3,6.76,478.8,33.2,3.28,0.202,0.116,3.7,,,Ⅲ
2023-11-17T20:00:00+08:00,1700222400,14.6,7.34,6.88,480.6,34.1,3.41,0.179,0.116,3.68,,,Ⅲ
2023-11-18T04:00:00+08:00,1700251200,14.1,7.34,7.02,481.6,43.8,3.28,0.178,0.114,3.75,,,Ⅲ
2023-11-18T08:00:00+08:00,1700265600,14.0,7.4,7.03,483.0,41.9,3.34,0.18,0.111,3.68,,,Ⅲ
2023-11-18T12:00:00+08:00,1700280000,14.3,7.37,7.15,486.3,46.1,3.33,0.186,0.115,3.72,,,Ⅲ
2023-11-18T20:00:00+08:00,1700308800,14.0,7.38,7.18,485.5,44.9,3.07,0.175,0.11,3.66,,,Ⅲ
2023-11-19T04:00:00+08:00,1700337600,13.6,7.43,7.1,485.0,59.1,3.45,0.179,0.112,3.74,,,Ⅲ
2023-11-19T08:00:00+08:00,1700352000,13.5,7.4,7.12,490.2,56.8,3.2,0.174,0.115,3.72,,,Ⅲ
2023-11-19T12:00:00+08:00,1700366400,13.9,7.36,7.04,488.7,53.1,3.53,0.175,0.111,3.73,,,Ⅲ
2023-11-19T16:00:00+08:00,1700380800,14.1,7.36,7.78,491.9,64.7,3.38,0.184,0.12,3.86,,,Ⅲ
2023-11-19T20:00:00+08:00,1700395200,13.9,7.36,7.07,494.3,58.7,3.4,0.169,0.113,3.71,,,Ⅲ
2023-11-20T04:00:00+08:00,1700424000,13.7,7.33,7.08,493.3,69.9,3.03,0.186,0.114,3.8,,,Ⅲ
2023-11-20T08:00:00+08:00,1700438400,13.7,7.4,6.97,493.1,63.4,3.16,0.172,0.111,3.74,,,Ⅲ
2023-11-20T12:00:00+08:00,1700452800,14.2,7.38,7.0,493.1,48.9,3.16,0.173,0.112,3.75,,,Ⅲ
2023-11-20T16:00:00+08:00,1700467200,14.3,7.39,7.03,494.5,53.4,3.38,0.174,0.11,3.77,,,Ⅲ
2023-11-20T20:00:00+08:00,1700481600,14.1,7.34,6.88,497.0,52.2,3.07,0.168,0.112,3.75,,,Ⅲ
2023-11-21T04:00:00+08:00,1700510400,13.9,7.41,6.92,497.5,42.0,3.07,0.192,0.11,3.78,,,Ⅲ
2023-11-21T08:00:00+08:00,1700524800,13.9,7.4,6.9,497.6,40.1,3.12,0.18,0.112,3.78,,,Ⅲ
2023-11-21T12:00:00+08:00,1700539200,14.3,7.4,6.99,500.1,42.8,3.1,0.163,0.112,3.8,,,Ⅲ
2023-11-21T16:00:00+08:00,1700553600,14.6,7.4,6.91,500.2,45.9,3.28,0.183,0.112,3.85,,,Ⅲ
2023-11-21T20:00:00+08:00,1700568000,14.4,7.4,6.75,503.4,45.4,3.1,0.207,0.111,3.83,,,Ⅲ
2023-11-22T04:00:00+08:00,1700596800,14.2,7.39,6.92,503.8,45.5,3.16,0.192,0.112,3.84,,,Ⅲ
2023-11-22T08:00:00+08:00,1700611200,14.2,7.38,6.83,504.9,62.9,3.25,0.201,0.119,3.95,,,Ⅲ
2023-11-22T12:00:00+08:00,1700625600,14.8,7.4,6.78,503.8,50.6,3.22,0.183,0.107,3.84,,,Ⅲ
2023-11-22T16:00:00+08:00,1700640000,14.9,7.37,6.7,506.5,50.0,3.08,0.185,0.11,3.86,,,Ⅲ
2023-11-22T20:00:00+08:00,1700654400,14.8,7.4,6.59,503.8,67.4,3.53,0.195,0.109,3.91,,,Ⅲ
2023-11-23T04:00:00+08:00,1700683200,14.8,7.4,6.68,505.6,56.6,3.07,0.181,0.108,3.84,,,Ⅲ
2023-11-23T08:00:00+08:00,1700697600,14.8,7.4,6.86,506.0,66.1,3.18,0.193,0.114,3.92,,,Ⅲ
2023-11-23T12:00:00+08:00,1700712000,15.4,7.4,6.54,503.9,66.4,3.41,0.189,0.109,3.88,,,Ⅲ
2023-11-23T16:00:00+08:00,1700726400,15.3,7.4,6.64,508.3,78.8,3.34,0.177,0.112,3.88,,,Ⅲ
2023-11-23T20:00:00+08:00,1700740800,15.1,7.4,6.67,508.2,73.0,3.22,0.191,0.11,3.89,,,Ⅲ
2023-11-24T04:00:00+08:00,1700769600,14.7,7.43,6.8,506.4,73.3,3.29,0.172,0.108,3.88,,,Ⅲ
2023-11-24T08:00:00+08:00,1700784000,14.6,7.43,6.77,507.8,77.6,3.36,0.187,0.112,3.92,,,Ⅲ
2023-11-24T12:00:00+08:00,1700798400,15.0,7.43,6.78,507.8,200.0,3.51,0.18,0.104,3.78,,,Ⅲ
2023-11-24T16:00:00+08:00,1700812800,15.0,7.44,6.84,510.2,226.6,3.26,0.177,0.113,3.93,,,Ⅲ
2023-11-24T20:00:00+08:00,1700827200,14.7,7.45,6.77,507.9,200.0,3.14,0.171,0.108,3.92,,,Ⅲ
2023-11-25T04:00:00+08:00,1700856000,14.3,7.47,6.83,508.3,200.0,3.42,0.164,0.107,3.86,,,Ⅲ
2023-11-25T08:00:00+08:00,1700870400,14.2,7.46,6.81,507.5,200.0,3.42,0.175,0.11,3.89,,,Ⅲ
2023-11-25T12:00:00+08:00,1700884800,14.6,7.48,6.93,508.8,200.0,3.21,0.176,0.107,3.85,,,Ⅲ
2023-11-25T16:00:00+08:00,1700899200,14.5,7.5,7.1,510.1,41.1,3.01,0.159,0.106,3.85,,,Ⅲ
2023-11-25T20:00:00+08:00,1700913600,14.2,7.49,7.02,510.2,39.8,2.93,0.165,0.109,3.8,,,Ⅲ
2023-11-26T04:00:00+08:00,1700942400,13.9,7.47,6.93,512.4,41.0,3.07,0.165,0.106,3.79,,,Ⅲ
2023-11-26T08:00:00+08:00,1700956800,13.9,7.47,7.01,512.9,45.4,3.1,0.167,0.11,3.92,,,Ⅲ
2023-11-26T12:00:00+08:00,1700971200,14.0,7.46,6.84,514.2,44.0,3.1,0.193,0.107,3.89,,,Ⅲ
2023-11-26T16:00:00+08:00,1700985600,14.2,7.48,6.95,515.0,43.6,3.25,0.17,0.106,3.89,,,Ⅲ
2023-11-26T20:00:00+08:00,1701000000,14.1,7.48,6.95,514.2,43.2,3.38,0.17,0.108,3.8,,,Ⅲ
2023-11-27T04:00:00+08:00,1701028800,14.0,7.46,6.83,517.2,37.3,2.88,0.171,0.102,3.78,,,Ⅲ
2023-11-27T08:00:00+08:00,1701043200,13.9,7.47,6.88,517.3,43.5,3.32,0.182,0.111,3.87,,,Ⅲ
2023-11-27T12:00:00+08:00,1701057600,14.4,7.47,6.92,517.9,45.6,3.07,0.179,0.108,3.87,,,Ⅲ
2023-11-27T16:00:00+08:00,1701072000,14.6,7.49,6.85,521.4,43.0,3.1,0.17,0.107,3.88,,,Ⅲ
2023-11-27T20:00:00+08:00,1701086400,14.2,7.48,6.94,519.8,38.2,3.0,0.171,0.106,3.82,,,Ⅲ
2023-11-28T04:00:00+08:00,1701115200,14.0,7.47,6.72,522.2,35.7,3.13,0.167,0.101,3.79,,,Ⅲ
2023-11-28T08:00:00+08:00,1701129600,14.0,7.47,6.83,522.2,43.2,3.12,0.169,0.107,3.85,,,Ⅲ
2023-11-28T12:00:00+08:00,1701144000,14.4,7.47,6.74,522.7,43.3,3.32,0.181,0.104,3.89,,,Ⅲ
2023-11-28T16:00:00+08:00,1701158400,14.6,7.47,6.68,525.0,43.6,2.97,0.168,0.105,3.87,,,Ⅲ
2023-11-28T20:00:00+08:00,1701172800,14.2,7.48,6.9,523.8,37.7,3.14,0.149,0.102,3.84,,,Ⅲ
2023-11-29T04:00:00+08:00,1701201600,14.0,7.47,6.6,527.6,39.3,3.01,0.158,0.099,3.86,,,Ⅱ
2023-11-29T08:00:00+08:00,1701216000,14.1,7.47,6.76,526.9,42.7,2.96,0.152,0.104,3.89,,,Ⅲ
2023-11-29T12:00:00+08:00,1701230400,14.5,7.48,6.71,527.4,45.9,3.28,0.166,0.106,3.9,,,Ⅲ
2023-11-29T16:00:00+08:00,1701244800,14.8,7.47,6.57,528.7,41.1,2.94,0.18,0.101,3.92,,,Ⅲ
2023-11-29T20:00:00+08:00,1701259200,14.5,7.5,6.85,530.6,43.7,2.85,0.221,0.098,3.86,,,Ⅱ
2023-11-30T04:00:00+08:00,1701288000,14.2,7.48,6.89,531.3,33.2,3.01,0.247,0.1,3.81,,,Ⅱ
2023-11-30T08:00:00+08:00,1701302400,14.0,7.5,7.05,532.1,37.5,3.15,,0.095,3.85,,,
2023-11-30T12:00:00+08:00,1701316800,14.3,7.5,7.07,531.7,41.5,3.2,0.191,0.095,3.87,,,Ⅱ
2023-11-30T16:00:00+08:00,1701331200,14.2,7.5,7.13,530.3,33.3,2.9,0.202,0.092,3.89,,,Ⅱ
2023-11-30T20:00:00+08:00,1701345600,13.9,7.53,7.18,532.9,43.4,2.81,0.255,0.096,3.86,,,Ⅱ
2023-12-01T04:00:00+08:00,1701374400,13.5,7.51,7.24,530.3,34.7,2.9,0.292,0.098,3.88,,,Ⅱ
2023-12-01T08:00:00+08:00,1701388800,13.3,7.52,7.34,531.5,45.7,2.98,,0.102,3.96,,,
2023-12-01T12:00:00+08:00,1701403200,13.4,7.53,7.48,531.8,38.4,3.28,,0.094,3.87,,,
2023-12-01T16:00:00+08:00,1701417600,13.2,7.54,7.57,534.6,41.2,3.08,0.243,0.1,3.95,,,Ⅲ
2023-12-01T20:00:00+08:00,1701432000,13.0,7.55,7.57,535.0,42.2,2.98,0.208,0.098,3.87,,,Ⅱ
2023-12-02T04:00:00+08:00,1701460800,12.6,7.54,7.43,535.9,47.5,3.28,0.238,0.106,3.98,,,Ⅲ
2023-12-02T08:00:00+08:00,1701475200,12.5,7.54,7.37,536.4,41.2,3.26,0.214,0.102,3.91,,,Ⅲ
2023-12-02T12:00:00+08:00,1701489600,12.8,7.54,7.36,539.8,39.4,3.22,,0.102,3.96,,,
2023-12-02T16:00:00+08:00,1701504000,12.7,7.53,7.5,539.4,42.6,2.86,0.202,0.092,3.89,,,Ⅱ
2023-12-02T20:00:00+08:00,1701518400,12.5,7.54,7.38,539.1,39.7,2.9,0.172,0.102,3.87,,,Ⅲ
2023-12-03T04:00:00+08:00,1701547200,12.3,7.54,7.35,538.6,51.0,3.15,0.185,0.097,4.05,,,Ⅱ
2023-12-03T08:00:00+08:00,1701561600,12.2,7.53,7.37,538.3,37.4,3.04,0.169,0.1,3.9,,,Ⅱ
2023-12-03T12:00:00+08:00,1701576000,12.5,7.54,7.48,543.0,41.5,2.86,0.183,0.099,3.89,,,Ⅱ
2023-12-03T16:00:00+08:00,1701590400,12.6,7.53,7.43,544.2,41.4,3.09,0.188,0.097,3.97,,,Ⅱ
2023-12-03T20:00:00+08:00,1701604800,12.4,7.54,7.41,543.0,42.3,2.98,0.164,0.096,3.94,,,Ⅱ
2023-12-04T04:00:00+08:00,1701633600,12.1,7.53,7.5,543.1,41.8,3.22,0.17,0.097,3.9,,,Ⅱ
2023-12-04T08:00:00+08:00,1701648000,12.1,7.53,7.34,543.4,41.0,3.11,0.162,0.094,3.92,,,Ⅱ
2023-12-04T12:00:00+08:00,1701662400,12.2,7.53,7.35,546.6,48.1,2.9,0.182,0.089,3.93,,,Ⅱ
2023-12-04T16:00:00+08:00,1701676800,12.1,7.51,7.15,547.1,45.1,2.88,0.193,0.091,3.98,,,Ⅱ
2023-12-04T20:00:00+08:00,1701691200,12.1,7.51,7.21,547.8,42.0,2.88,0.183,0.092,3.99,,,Ⅱ
2023-12-05T00:00:00+08:00,1701705600,12.0,7.52,7.27,546.0,38.9,3.05,0.175,0.096,3.92,,,Ⅱ
2023-12-05T04:00:00+08:00,1701720000,11.9,7.51,7.02,547.2,42.6,2.96,0.185,0.094,3.99,,,Ⅱ
2023-12-05T08:00:00+08:00,1701734400,11.6,7.5,7.11,547.6,31.6,2.82,0.201,0.089,3.97,,,Ⅱ
2023-12-05T12:00:00+08:00,1701748800,12.2,7.5,7.04,551.6,40.3,3.0,0.211,0.088,4.04,,,Ⅱ
2023-12-05T16:00:00+08:00,1701763200,12.2,7.51,7.18,598.3,36.3,3.11,0.219,0.093,4.16,,,Ⅱ
2023-12-05T20:00:00+08:00,1701777600,12.2,7.51,7.07,599.6,33.4,3.07,0.214,0.104,4.13,,,Ⅲ
2023-12-06T00:00:00+08:00,1701792000,12.0,7.52,7.29,604.2,31.3,3.22,0.198,0.101,4.02,,,Ⅲ
2023-12-06T04:00:00+08:00,1701806400,12.0,7.51,7.15,610.1,32.3,3.15,0.213,0.093,4.01,,,Ⅱ
2023-12-06T12:00:00+08:00,1701835200,12.2,7.52,7.17,619.2,41.2,3.31,0.214,0.108,4.21,,,Ⅲ
2023-12-06T16:00:00+08:00,1701849600,12.4,7.52,6.91,624.7,37.3,3.19,0.225,0.096,4.1,,,Ⅱ
2023-12-06T20:00:00+08:00,1701864000,12.2,7.52,7.19,629.2,31.5,3.18,0.21,0.09,4.02,,,Ⅱ
2023-12-07T00:00:00+08:00,1701878400,12.0,7.52,7.24,631.2,35.1,3.16,0.211,0.1,4.07,,,Ⅱ
2023-12-07T04:00:00+08:00,1701892800,12.0,7.51,7.15,632.8,31.1,3.18,0.208,0.088,4.02,,,Ⅱ
2023-12-07T08:00:00+08:00,1701907200,11.9,7.51,7.11,617.0,39.4,3.24,0.232,0.097,4.21,,,Ⅱ
2023-12-07T12:00:00+08:00,1701921600,12.4,7.52,7.18,624.0,32.9,3.04,0.22,0.086,4.03,,,Ⅱ
2023-12-07T16:00:00+08:00,1701936000,12.4,7.52,7.12,629.7,33.3,2.97,0.238,0.102,4.18,,,Ⅲ
2023-12-07T20:00:00+08:00,1701950400,12.3,7.51,7.08,633.9,36.6,3.28,0.251,0.104,4.17,,,Ⅲ
2023-12-08T00:00:00+08:00,1701964800,12.2,7.51,7.13,637.4,31.6,3.27,0.232,0.1,4.06,,,Ⅱ
2023-12-08T04:00:00+08:00,1701979200,12.2,7.51,7.11,638.2,31.9,3.31,0.243,0.104,4.08,,,Ⅲ
2023-12-08T08:00:00+08:00,1701993600,12.2,7.52,7.2,640.6,66.5,3.84,0.269,0.125,4.48,,,Ⅲ
2023-12-08T12:00:00+08:00,1702008000,12.6,7.51,7.29,641.4,33.3,3.52,0.221,0.095,4.1,,,Ⅱ
2023-12-08T16:00:00+08:00,1702022400,12.7,7.52,7.29,626.5,34.3,3.16,0.23,0.094,4.06,,,Ⅱ
2023-12-08T20:00:00+08:00,1702036800,12.5,7.53,7.22,620.4,37.7,3.22,0.233,0.102,4.22,,,Ⅲ
2023-12-09T00:00:00+08:00,1702051200,12.6,7.49,6.96,625.8,32.4,3.28,0.249,0.096,4.1,,,Ⅱ
2023-12-09T04:00:00+08:00,1702065600,12.5,7.5,7.12,632.6,28.5,2.84,0.243,0.099,4.02,,,Ⅱ
2023-12-09T08:00:00+08:00,1702080000,12.6,7.49,7.05,638.2,39.5,3.42,0.242,0.094,4.22,,,Ⅱ
2023-12-09T12:00:00+08:00,1702094400,13.2,7.5,7.14,636.4,30.2,3.28,0.236,0.09,4.1,,,Ⅱ
2023-12-09T16:00:00+08:00,1702108800,13.0,7.5,7.18,649.6,31.3,3.05,0.237,0.093,4.05,,,Ⅱ
2023-12-09T20:00:00+08:00,1702123200,12.8,7.49,7.12,653.9,29.7,2.88,0.228,0.097,4.04,,,Ⅱ
2023-12-10T00:00:00+08:00,1702137600,12.9,7.48,7.03,655.9,28.5,3.01,0.22,0.093,4.01,,,Ⅱ
2023-12-10T04:00:00+08:00,1702152000,12.8,7.48,7.08,657.3,30.3,3.09,0.22,0.095,4.1,,,Ⅱ
2023-12-10T08:00:00+08:00,1702166400,13.0,7.48,7.06,656.5,33.1,3.15,0.216,0.098,4.09,,,Ⅱ
2023-12-10T12:00:00+08:00,1702180800,13.4,7.48,6.87,654.5,32.8,3.11,0.217,0.094,4.14,,,Ⅱ
2023-12-10T16:00:00+08:00,1702195200,13.4,7.48,6.97,659.2,29.8,3.0,0.202,0.092,4.04,,,Ⅱ
2023-12-10T20:00:00+08:00,1702209600,13.2,7.48,7.07,661.0,29.6,3.12,0.205,0.089,4.03,,,Ⅱ
2023-12-11T00:00:00+08:00,1702224000,13.5,7.46,6.72,662.0,31.3,3.0,0.206,0.089,4.08,,,Ⅱ
2023-12-11T04:00:00+08:00,1702238400,13.4,7.46,6.78,664.9,29.1,3.15,0.2,0.091,4.03,,,Ⅱ
2023-12-11T08:00:00+08:00,1702252800,13.4,7.46,6.84,669.7,28.6,3.18,0.195,0.091,4.06,,,Ⅱ
2023-12-11T12:00:00+08:00,1702267200,13.6,7.2,6.59,564.7,34.7,3.31,0.217,0.1,4.11,,,Ⅱ
2023-12-11T16:00:00+08:00,1702281600,13.4,7.24,6.79,572.9,39.3,3.37,0.192,0.102,4.12,,,Ⅲ
2023-12-11T20:00:00+08:00,1702296000,13.2,7.29,6.95,575.8,31.7,3.23,0.184,0.096,4.02,,,Ⅱ
2023-12-12T00:00:00+08:00,1702310400,13.2,7.21,6.8,579.3,35.5,2.92,0.191,0.095,3.99,,,Ⅱ
2023-12-12T04:00:00+08:00,1702324800,12.9,7.24,6.93,585.4,35.5,2.82,0.192,0.102,4.1,,,Ⅲ
2023-12-12T08:00:00+08:00,1702339200,12.9,7.24,6.9,587.0,36.6,3.05,0.183,0.098,4.09,,,Ⅱ
2023-12-12T12:00:00+08:00,1702353600,12.9,7.26,6.85,589.5,46.3,3.32,0.202,0.098,4.19,,,Ⅱ
2023-12-12T16:00:00+08:00,1702368000,12.9,7.26,6.89,591.5,35.4,2.96,0.188,0.093,4.1,,,Ⅱ
2023-12-12T20:00:00+08:00,1702382400,12.8,7.25,7.18,591.4,33.5,3.18,0.184,0.1,4.09,,,Ⅱ
2023-12-13T00:00:00+08:00,1702396800,12.7,7.22,6.74,593.8,37.6,3.23,0.233,0.099,4.09,,,Ⅱ
2023-12-13T04:00:00+08:00,1702411200,12.6,7.25,6.7,592.7,40.1,3.24,0.211,0.101,4.11,,,Ⅲ
2023-12-13T08:00:00+08:00,1702425600,12.6,7.26,6.9,592.8,37.7,3.39,0.21,0.094,4.08,,,Ⅱ
2023-12-13T12:00:00+08:00,1702440000,12.6,7.23,6.72,592.3,34.6,3.22,0.244,0.093,4.13,,,Ⅱ
2023-12-13T16:00:00+08:00,1702454400,12.8,7.21,6.74,593.0,28.8,3.0,0.231,0.096,4.1,,,Ⅱ
2023-12-13T20:00:00+08:00,1702468800,12.7,7.24,6.94,594.2,31.9,2.92,0.195,0.093,4.04,,,Ⅱ
2023-12-14T00:00:00+08:00,1702483200,12.7,7.25,6.72,595.9,30.4,2.93,0.243,0.098,4.07,,,Ⅱ
2023-12-14T04:00:00+08:00,1702497600,12.7,7.22,6.57,596.0,23.5,2.82,0.248,0.094,4.04,,,Ⅱ
2023-12-14T08:00:00+08:00,1702512000,12.7,7.22,6.64,595.6,29.0,2.9,0.235,0.095,4.11,,,Ⅱ
2023-12-14T12:00:00+08:00,1702526400,13.2,7.22,6.47,593.7,32.0,2.97,0.27,0.102,4.13,,,Ⅲ
2023-12-14T16:00:00+08:00,1702540800,13.7,7.24,6.48,596.6,26.6,3.14,0.264,0.097,4.15,,,Ⅱ
2023-12-14T20:00:00+08:00,1702555200,13.2,7.28,6.67,599.7,27.4,3.16,0.204,0.097,4.05,,,Ⅱ
2023-12-15T00:00:00+08:00,1702569600,13.2,7.22,6.48,600.4,26.3,3.07,0.247,0.094,4.07,,,Ⅱ
2023-12-15T04:00:00+08:00,1702584000,13.2,7.2,6.45,601.1,24.1,2.96,0.252,0.092,4.14,,,Ⅱ
2023-12-15T08:00:00+08:00,1702598400,13.1,7.2,6.56,603.5,28.1,2.92,0.248,0.099,4.06,,,Ⅱ
2023-12-15T12:00:00+08:00,1702612800,13.1,7.2,6.59,603.4,30.7,3.08,0.267,0.094,4.13,,,Ⅱ
2023-12-15T16:00:00+08:00,1702627200,12.9,7.24,6.6,606.4,25.7,2.85,0.268,0.098,4.11,,,Ⅱ
2023-12-15T20:00:00+08:00,1702641600,12.8,7.24,6.62,607.4,27.5,3.01,0.236,0.097,4.13,,,Ⅱ
2023-12-16T00:00:00+08:00,1702656000,12.6,7.29,6.67,608.8,26.7,2.88,0.256,0.101,4.07,,,Ⅲ
2023-12-16T08:00:00+08:00,1702684800,12.2,7.31,6.78,608.6,24.2,3.08,0.234,0.095,4.1,,,Ⅱ
2023-12-16T12:00:00+08:00,1702699200,12.1,7.3,6.98,609.5,30.1,3.12,0.232,0.096,4.13,,,Ⅱ
2023-12-16T20:00:00+08:00,1702728000,11.2,7.36,7.31,609.4,30.2,3.2,0.224,0.103,4.11,,,Ⅲ
2023-12-17T00:00:00+08:00,1702742400,11.1,7.33,7.39,612.2,28.3,2.92,0.232,0.096,4.06,,,Ⅱ
2023-12-17T04:00:00+08:00,1702756800,10.4,7.34,7.49,617.8,28.4,2.84,0.26,0.095,4.1,,,Ⅱ
2023-12-17T08:00:00+08:00,1702771200,10.2,7.37,7.6,617.2,23.3,3.01,0.238,0.096,4.02,,,Ⅱ
2023-12-17T12:00:00+08:00,1702785600,10.2,7.38,7.86,618.3,24.4,3.19,0.279,0.096,4.11,,,Ⅱ
2023-12-17T16:00:00+08:00,1702800000,9.7,7.38,7.85,617.8,27.7,3.08,0.322,0.096,4.12,,,Ⅱ
2023-12-17T20:00:00+08:00,1702814400,9.7,7.4,7.87,618.8,30.2,3.19,0.285,0.098,4.19,,,Ⅱ
2023-12-18T00:00:00+08:00,1702828800,9.7,7.38,7.96,619.0,27.6,3.01,0.295,0.101,4.15,,,Ⅲ
2023-12-18T04:00:00+08:00,1702843200,9.4,7.4,7.93,620.0,27.7,3.14,0.268,0.096,4.06,,,Ⅱ
2023-12-18T08:00:00+08:00,1702857600,9.2,7.42,8.0,617.9,29.0,3.26,0.275,0.104,4.12,,,Ⅲ
2023-12-18T12:00:00+08:00,1702872000,9.2,7.35,8.04,569.9,34.2,3.31,0.29,0.093,4.19,,,Ⅱ
2023-12-18T16:00:00+08:00,1702886400,9.1,7.34,8.23,570.3,39.5,3.11,0.274,0.101,4.16,,,Ⅲ
2023-12-18T20:00:00+08:00,1702900800,9.0,7.34,8.4,571.3,32.8,3.3,0.26,0.1,4.16,,,Ⅱ
2023-12-19T00:00:00+08:00,1702915200,9.0,7.36,8.35,569.5,31.2,3.03,0.271,0.103,4.18,,,Ⅲ
2023-12-19T04:00:00+08:00,1702929600,8.9,7.36,8.28,571.1,33.0,3.27,0.272,0.099,4.14,,,Ⅱ
2023-12-19T08:00:00+08:00,1702944000,8.7,7.31,8.41,571.0,31.6,2.89,0.252,0.097,4.1,,,Ⅱ
2023-12-19T12:00:00+08:00,1702958400,8.7,7.38,8.36,572.0,33.2,2.97,0.248,0.101,4.18,,,Ⅲ
2023-12-19T16:00:00+08:00,1702972800,8.6,7.33,8.26,569.4,31.1,2.92,0.283,0.103,4.2,,,Ⅲ
2023-12-19T20:00:00+08:00,1702987200,8.5,7.31,8.32,569.2,31.2,3.32,0.278,0.096,4.18,,,Ⅱ
2023-12-20T08:00:00+08:00,1703030400,8.1,7.32,8.21,567.3,29.6,3.24,0.272,0.093,4.12,,,Ⅱ
2023-12-20T12:00:00+08:00,1703044800,8.4,7.34,8.49,571.2,29.6,3.26,0.26,0.1,4.1,,,Ⅱ
2023-12-20T16:00:00+08:00,1703059200,8.3,7.35,8.43,574.9,30.6,3.31,0.275,0.093,4.08,,,Ⅱ
2023-12-20T20:00:00+08:00,1703073600,8.0,7.34,8.38,569.3,25.5,3.08,0.28,0.09,4.09,,,Ⅱ
2023-12-21T00:00:00+08:00,1703088000,7.9,7.36,8.49,571.5,22.7,3.14,0.273,0.097,4.0,,,Ⅱ
2023-12-21T04:00:00+08:00,1703102400,7.6,7.38,8.46,571.8,24.7,2.94,0.295,0.101,4.17,,,Ⅲ
2023-12-21T08:00:00+08:00,1703116800,6.9,7.39,8.21,572.0,28.6,3.08,0.293,0.103,4.07,,,Ⅲ
2023-12-21T12:00:00+08:00,1703131200,7.5,7.39,9.25,572.8,23.3,3.08,0.287,0.095,4.13,,,Ⅱ
2023-12-21T16:00:00+08:00,1703145600,7.4,7.37,8.69,574.3,26.0,2.92,0.305,0.096,4.12,,,Ⅱ
2023-12-21T20:00:00+08:00,1703160000,6.8,7.42,9.22,575.2,27.0,2.93,0.303,0.102,4.06,,,Ⅲ
2023-12-22T00:00:00+08:00,1703174400,6.4,7.41,8.86,575.4,27.3,3.22,0.296,0.098,4.12,,,Ⅱ
2023-12-22T04:00:00+08:00,1703188800,6.4,7.41,8.68,576.1,29.7,3.24,0.286,0.092,4.08,,,Ⅱ
2023-12-22T08:00:00+08:00,1703203200,5.9,7.42,8.56,573.8,30.8,3.05,0.31,0.1,4.15,,,Ⅱ
2023-12-22T12:00:00+08:00,1703217600,6.4,7.44,9.5,575.0,29.4,3.05,0.299,0.095,4.12,,,Ⅱ
2023-12-22T16:00:00+08:00,1703232000,6.2,7.43,9.58,575.3,31.3,2.97,0.304,0.095,4.19,,,Ⅱ
2023-12-22T20:00:00+08:00,1703246400,5.8,7.43,9.9,572.7,26.8,3.27,0.304,0.095,4.22,,,Ⅱ
2023-12-23T00:00:00+08:00,1703260800,5.3,7.45,9.93,575.8,29.4,3.42,0.3,0.097,4.21,,,Ⅱ
2023-12-23T04:00:00+08:00,1703275200,5.3,7.48,10.23,576.1,32.0,2.96,0.307,0.102,4.11,,,Ⅲ
2023-12-23T08:00:00+08:00,1703289600,5.3,7.48,9.55,576.4,34.5,2.96,0.308,0.101,4.18,,,Ⅲ
2023-12-23T12:00:00+08:00,1703304000,5.7,7.45,9.39,570.8,31.8,3.34,0.315,0.099,4.17,,,Ⅱ
2023-12-23T16:00:00+08:00,1703318400,5.7,7.48,9.89,575.2,34.4,3.2,0.321,0.103,4.23,,,Ⅲ
2023-12-23T20:00:00+08:00,1703332800,5.3,7.43,9.86,575.6,30.4,3.24,0.324,0.102,4.24,,,Ⅲ
2023-12-24T00:00:00+08:00,1703347200,5.3,7.46,10.01,575.3,32.2,3.3,0.322,0.1,4.19,,,Ⅱ
2023-12-24T04:00:00+08:00,1703361600,5.2,7.45,9.76,577.2,32.2,2.96,0.309,0.095,4.2,,,Ⅱ
2023-12-24T08:00:00+08:00,1703376000,5.2,7.46,9.41,574.6,34.7,3.32,0.318,0.109,4.23,,,Ⅲ
2023-12-24T12:00:00+08:00,1703390400,5.6,7.44,9.69,570.6,34.7,3.04,0.339,0.104,4.2,,,Ⅲ
2023-12-24T16:00:00+08:00,1703404800,6.0,7.47,9.83,572.6,33.1,3.01,0.326,0.102,4.25,,,Ⅲ
2023-12-24T20:00:00+08:00,1703419200,5.3,7.46,9.76,574.8,32.9,3.23,0.341,0.106,4.29,,,Ⅲ
2023-12-25T00:00:00+08:00,1703433600,5.3,7.43,9.83,572.6,34.1,3.05,0.326,0.094,4.25,,,Ⅱ
2023-12-25T04:00:00+08:00,1703448000,5.2,7.43,9.79,575.3,32.5,3.31,0.328,0.1,4.22,,,Ⅱ
2023-12-25T08:00:00+08:00,1703462400,5.1,7.48,9.75,571.2,32.5,3.12,0.329,0.101,4.26,,,Ⅲ
2023-12-25T12:00:00+08:00,1703476800,5.6,7.45,9.74,573.8,35.0,3.11,0.344,0.098,4.31,,,Ⅱ
2023-12-25T16:00:00+08:00,1703491200,6.1,7.46,9.8,573.8,36.2,3.08,0.331,0.106,4.28,,,Ⅲ
2023-12-25T20:00:00+08:00,1703505600,5.3,7.45,9.78,574.8,30.8,3.26,0.337,0.105,4.26,,,Ⅲ
2023-12-26T00:00:00+08:00,1703520000,5.3,7.44,9.69,577.2,30.0,3.19,0.358,0.099,4.24,,,Ⅱ
2023-12-31T20:00:00+08:00,1704024000,7.0,7.64,9.5,836.7,48.3,3.39,0.397,0.104,5.0,,,Ⅲ
2024-01-15T12:00:00+08:00,1705291200,9.8,7.36,8.54,624.1,36.5,3.18,0.217,0.123,4.37,,,Ⅲ
2024-01-16T12:00:00+08:00,1705377600,9.7,7.3,8.42,624.0,46.2,2.86,0.191,0.096,4.34,,,Ⅱ
2024-01-16T16:00:00+08:00,1705392000,9.8,7.35,8.54,618.3,49.6,2.87,0.209,0.098,4.36,,,Ⅱ
2024-01-16T20:00:00+08:00,1705406400,9.7,7.32,8.54,624.2,44.4,3.08,0.18,0.092,4.33,,,Ⅱ
2024-01-17T04:00:00+08:00,1705435200,9.7,7.32,8.27,624.6,48.2,2.88,0.202,0.093,4.36,,,Ⅱ
2024-01-17T08:00:00+08:00,1705449600,9.6,7.33,8.16,625.7,44.8,3.12,0.201,0.098,4.38,,,Ⅱ
2024-01-17T12:00:00+08:00,1705464000,9.9,7.34,8.57,624.9,42.6,2.79,0.197,0.09,4.33,,,Ⅱ
2024-01-17T16:00:00+08:00,1705478400,10.4,7.33,8.3,621.4,44.0,2.91,0.217,0.092,4.36,,,Ⅱ
2024-01-17T20:00:00+08:00,1705492800,10.3,7.33,8.16,621.8,39.1,3.16,0.2,0.095,4.34,,,Ⅱ
2024-01-18T04:00:00+08:00,1705521600,10.2,7.33,8.18,622.0,44.4,2.92,0.198,0.09,4.33,,,Ⅱ
2024-01-18T08:00:00+08:00,1705536000,10.2,7.31,8.0,621.9,43.5,3.0,0.207,0.1,4.36,,,Ⅱ
2024-01-22T12:00:00+08:00,1705896000,8.5,7.22,7.87,612.2,33.2,3.06,0.329,0.099,4.64,,,Ⅱ
2024-01-22T16:00:00+08:00,1705910400,8.4,7.72,7.96,614.8,43.5,2.83,0.346,0.102,4.69,,,Ⅲ
2024-01-22T20:00:00+08:00,1705924800,8.2,7.67,7.86,616.4,33.1,2.92,0.345,0.099,4.7,,,Ⅱ
2024-01-23T00:00:00+08:00,1705939200,7.5,7.7,8.28,614.2,35.6,3.03,0.335,0.108,4.74,,,Ⅲ
2024-01-23T04:00:00+08:00,1705953600,7.2,7.74,8.52,616.5,33.9,3.22,0.31,0.095,4.73,,,Ⅱ
2024-01-23T08:00:00+08:00,1705968000,6.8,7.74,8.49,617.3,33.6,2.96,0.306,0.101,4.66,,,Ⅲ
2024-01-23T12:00:00+08:00,1705982400,6.8,7.75,8.6,613.1,36.7,3.38,0.328,0.102,4.6,,,Ⅲ
2024-01-23T16:00:00+08:00,1705996800,7.3,7.83,9.07,613.7,34.1,2.94,0.292,0.096,4.59,,,Ⅱ
2024-01-23T20:00:00+08:00,1706011200,6.7,7.78,8.58,614.1,35.0,3.32,0.315,0.096,4.61,,,Ⅱ
2024-01-24T00:00:00+08:00,1706025600,6.2,7.8,8.9,610.6,34.3,2.98,0.373,0.097,4.59,,,Ⅱ
2024-01-24T04:00:00+08:00,1706040000,6.1,7.81,9.03,606.8,34.2,2.88,0.287,0.091,4.52,,,Ⅱ
2024-01-24T08:00:00+08:00,1706054400,6.0,7.82,9.04,609.1,35.5,2.91,0.291,0.092,4.58,,,Ⅱ
2024-01-24T12:00:00+08:00,1706068800,6.1,7.83,9.25,609.0,55.2,3.31,0.297,0.098,4.68,,,Ⅱ
2024-01-24T16:00:00+08:00,1706083200,6.5,7.79,9.32,611.3,44.0,,0.328,0.104,4.65,,,
2024-01-24T20:00:00+08:00,1706097600,6.0,7.76,9.35,572.0,57.9,3.08,0.292,0.098,4.58,,,Ⅱ
2024-01-25T00:00:00+08:00,1706112000,6.0,7.76,9.34,570.8,73.8,3.26,0.3,0.104,4.72,,,Ⅲ
2024-01-25T04:00:00+08:00,1706126400,6.0,7.75,9.22,572.0,60.8,3.32,0.281,0.094,4.66,,,Ⅱ
2024-01-25T08:00:00+08:00,1706140800,6.0,7.75,9.35,572.4,62.5,3.16,0.29,0.097,4.57,,,Ⅱ
2024-01-25T12:00:00+08:00,1706155200,6.3,7.75,9.38,573.3,58.4,3.14,0.335,0.098,4.61,,,Ⅱ
2024-01-25T16:00:00+08:00,1706169600,6.8,7.77,9.72,574.8,57.0,3.23,0.295,0.092,4.57,,,Ⅱ
2024-01-25T20:00:00+08:00,1706184000,6.2,7.74,9.57,575.1,57.9,2.99,0.316,0.096,4.58,,,Ⅱ
2024-01-26T00:00:00+08:00,1706198400,6.2,7.74,9.43,572.6,55.8,3.16,0.308,0.099,4.62,,,Ⅱ
2024-01-26T08:00:00+08:00,1706227200,6.1,7.74,9.44,573.4,56.3,3.14,0.279,0.098,4.64,,,Ⅱ
2024-01-26T12:00:00+08:00,1706241600,6.4,7.72,9.38,570.7,54.3,3.2,0.323,0.096,4.56,,,Ⅱ
2024-01-26T20:00:00+08:00,1706270400,6.4,7.72,9.39,572.9,62.7,3.06,0.321,0.1,4.7,,,Ⅱ
2024-01-27T00:00:00+08:00,1706284800,6.3,7.7,9.22,573.6,57.2,3.0,0.337,0.098,4.62,,,Ⅱ
2024-01-27T08:00:00+08:00,1706313600,6.2,7.7,9.29,573.1,51.7,2.86,0.308,0.1,4.66,,,Ⅱ
2024-01-27T12:00:00+08:00,1706328000,6.5,7.7,9.37,571.4,67.5,3.35,0.363,0.107,4.8,,,Ⅲ
2024-01-27T16:00:00+08:00,1706342400,6.6,7.7,9.3,572.3,66.5,3.38,0.4,,4.87,,,
2024-01-27T20:00:00+08:00,1706356800,6.4,7.7,9.12,573.5,71.5,3.38,0.349,0.108,4.82,,,
2024-01-28T04:00:00+08:00,1706385600,6.1,7.69,9.07,570.6,71.5,3.08,0.342,0.109,4.82,,,Ⅲ
2024-01-28T08:00:00+08:00,1706400000,6.0,7.7,9.26,572.8,62.4,3.13,0.304,0.112,4.82,,,Ⅲ
2024-01-28T12:00:00+08:00,1706414400,6.5,7.69,9.2,571.1,64.7,3.36,0.308,0.11,4.79,,,Ⅲ
2024-01-28T16:00:00+08:00,1706428800,6.8,7.7,9.38,573.0,55.2,3.24,0.311,0.107,4.68,,,Ⅲ
2024-01-28T20:00:00+08:00,1706443200,6.6,7.69,9.2,573.3,59.7,2.98,0.314,0.112,4.77,,,Ⅲ
2024-01-29T04:00:00+08:00,1706472000,6.4,7.69,9.06,571.3,51.4,2.81,0.305,0.107,4.65,,,Ⅲ
2024-01-29T08:00:00+08:00,1706486400,6.4,7.69,9.13,572.7,52.2,3.26,0.292,0.101,4.71,,,Ⅲ
2024-01-29T12:00:00+08:00,1706500800,6.7,7.69,9.18,573.1,51.7,3.23,0.298,0.101,4.65,,,Ⅲ
2024-01-29T16:00:00+08:00,1706515200,6.8,7.69,9.16,570.6,47.0,2.85,0.32,0.097,4.6,,,Ⅱ
2024-01-29T20:00:00+08:00,1706529600,6.8,7.69,9.09,574.8,54.9,3.18,0.31,0.051,4.68,,,Ⅱ
2024-01-30T04:00:00+08:00,1706558400,6.9,7.68,8.95,568.4,43.1,3.02,0.33,0.051,4.58,,,Ⅱ
2024-01-30T08:00:00+08:00,1706572800,6.9,7.67,9.17,570.2,50.8,2.95,0.295,0.045,4.58,,,Ⅱ
2024-01-30T12:00:00+08:00,1706587200,7.2,7.68,9.04,569.4,49.6,3.05,0.302,0.044,4.66,,,Ⅱ
2024-01-30T16:00:00+08:00,1706601600,7.5,7.67,8.94,568.0,46.1,2.88,0.316,0.048,4.6,,,Ⅱ
2024-01-30T20:00:00+08:00,1706616000,7.5,7.67,8.94,569.4,45.7,3.04,0.298,0.113,4.58,,,Ⅲ
2024-01-31T04:00:00+08:00,1706644800,7.7,7.64,8.87,566.3,42.0,2.77,0.315,0.112,4.58,,,Ⅲ
2024-01-31T08:00:00+08:00,1706659200,7.7,7.64,8.65,567.0,36.8,2.91,0.297,0.11,4.54,,,Ⅲ
2024-01-31T12:00:00+08:00,1706673600,7.9,7.64,8.81,565.3,47.8,3.01,0.305,0.11,4.61,,,Ⅲ
2024-01-31T16:00:00+08:00,1706688000,8.3,7.63,8.59,561.1,47.6,2.9,0.318,0.109,4.63,,,Ⅲ
2024-01-31T20:00:00+08:00,1706702400,8.3,7.63,8.59,563.4,40.7,2.73,0.295,0.108,4.5,,,Ⅲ
2024-02-01T04:00:00+08:00,1706731200,8.5,7.62,8.41,559.1,39.0,2.82,0.311,0.113,4.6,,,Ⅲ
2024-02-01T08:00:00+08:00,1706745600,8.6,7.62,8.36,556.2,40.4,2.88,0.298,0.108,4.57,,,Ⅲ
2024-02-01T16:00:00+08:00,1706774400,8.7,7.58,8.21,560.3,43.4,3.15,0.413,0.11,4.98,,,Ⅲ
2024-02-01T20:00:00+08:00,1706788800,8.6,7.58,8.36,559.9,46.2,3.18,0.37,0.105,4.96,,,Ⅲ
2024-02-02T04:00:00+08:00,1706817600,8.6,7.58,8.08,563.2,38.7,2.99,0.503,0.112,5.43,,,Ⅲ
2024-02-02T08:00:00+08:00,1706832000,8.5,7.58,7.97,564.8,38.2,3.27,0.494,0.118,5.46,,,Ⅲ
2024-02-02T12:00:00+08:00,1706846400,8.5,7.58,8.11,564.8,42.3,3.3,0.492,0.115,5.53,,,Ⅲ
2024-02-02T16:00:00+08:00,1706860800,8.6,7.55,7.7,567.7,27.7,3.32,0.648,0.125,5.92,,,Ⅲ
2024-02-02T20:00:00+08:00,1706875200,8.5,7.54,7.71,568.3,27.6,3.4,0.61,0.121,5.98,,,Ⅲ
2024-02-03T00:00:00+08:00,1706889600,8.4,7.54,7.71,564.5,33.6,3.32,0.612,0.121,5.94,,,Ⅲ
2024-02-03T04:00:00+08:00,1706904000,8.4,7.52,7.54,567.0,31.5,3.18,0.686,0.128,6.08,,,Ⅲ
2024-02-03T08:00:00+08:00,1706918400,8.3,7.53,7.51,563.2,30.4,3.48,0.656,0.124,5.9,,,Ⅲ
2024-02-03T12:00:00+08:00,1706932800,8.4,7.53,7.45,566.9,33.4,3.36,0.671,0.126,6.02,,,Ⅲ
2024-02-03T16:00:00+08:00,1706947200,8.3,7.53,7.4,565.0,32.9,3.27,0.712,0.13,6.15,,,Ⅲ
2024-02-03T20:00:00+08:00,1706961600,8.3,7.52,7.43,569.0,26.3,3.3,0.729,0.129,6.3,,,Ⅲ
2024-02-04T00:00:00+08:00,1706976000,8.3,7.51,7.4,565.8,28.8,3.3,0.726,0.133,6.25,,,Ⅲ
2024-02-04T04:00:00+08:00,1706990400,8.2,7.48,7.33,577.7,29.2,3.52,0.828,0.138,7.01,,,Ⅲ
2024-02-04T08:00:00+08:00,1707004800,8.1,7.49,7.4,575.8,25.4,3.58,0.771,0.13,6.79,,,Ⅲ
2024-02-04T12:00:00+08:00,1707019200,8.1,7.49,7.35,577.2,25.6,3.26,0.783,0.136,6.9,,,Ⅲ
2024-02-04T16:00:00+08:00,1707033600,8.1,7.49,7.33,572.0,24.6,3.33,0.746,0.139,6.6,,,Ⅲ
2024-02-04T20:00:00+08:00,1707048000,8.0,7.49,7.28,569.7,25.9,3.41,0.775,0.141,6.56,,,Ⅲ
2024-02-05T00:00:00+08:00,1707062400,7.8,7.48,7.35,570.5,27.2,3.59,0.8,0.135,6.69,,,Ⅲ
2024-02-05T04:00:00+08:00,1707076800,7.5,7.49,7.37,574.7,25.3,3.72,0.825,0.14,6.9,,,Ⅲ
2024-02-05T08:00:00+08:00,1707091200,7.4,7.5,7.42,573.9,28.0,3.52,0.805,0.14,6.91,,,Ⅲ
2024-02-05T12:00:00+08:00,1707105600,7.4,7.53,7.58,579.3,25.0,3.3,0.75,0.136,7.02,,,Ⅲ
2024-02-05T16:00:00+08:00,1707120000,7.4,7.51,7.56,573.0,36.6,3.64,0.767,0.146,6.9,,,Ⅲ
2024-02-05T20:00:00+08:00,1707134400,7.2,7.52,7.54,572.4,35.6,3.69,0.804,0.167,6.92,,,Ⅲ
2024-02-06T00:00:00+08:00,1707148800,7.0,7.53,7.67,571.5,33.8,3.32,0.742,0.148,6.94,,,Ⅲ
2024-02-06T04:00:00+08:00,1707163200,6.8,7.53,7.68,574.8,27.2,3.55,0.728,0.144,7.0,,,Ⅲ
2024-02-06T08:00:00+08:00,1707177600,6.8,7.52,7.55,575.2,26.8,3.46,0.751,0.145,6.9,,,Ⅲ
2024-02-06T12:00:00+08:00,1707192000,6.8,7.52,7.55,574.5,24.9,3.33,0.785,0.141,6.81,,,Ⅲ
2024-02-06T16:00:00+08:00,1707206400,6.8,7.53,7.66,574.5,29.3,3.34,0.723,0.139,6.84,,,Ⅲ
2024-02-06T20:00:00+08:00,1707220800,6.8,7.5,7.34,571.1,25.9,3.33,0.806,0.171,6.78,,,Ⅲ
2024-02-07T04:00:00+08:00,1707249600,6.7,7.5,7.41,571.8,23.4,3.5,0.764,0.15,6.73,,,Ⅲ
2024-02-07T08:00:00+08:00,1707264000,6.5,7.5,7.48,573.7,24.4,3.3,0.77,0.145,6.76,,,Ⅲ
2024-02-17T04:00:00+08:00,1708113600,10.5,7.35,6.25,571.5,26.6,3.22,0.425,0.138,7.74,,,Ⅲ
2024-02-17T08:00:00+08:00,1708128000,10.4,7.35,6.06,570.2,23.6,3.72,0.416,0.135,7.73,,,Ⅲ
2024-02-17T12:00:00+08:00,1708142400,10.8,7.35,6.46,570.0,21.6,3.44,0.413,0.134,7.63,,,Ⅲ
2024-02-17T16:00:00+08:00,1708156800,11.2,7.35,6.32,566.5,27.1,3.64,0.424,0.133,7.68,,,Ⅲ
2024-02-17T20:00:00+08:00,1708171200,11.1,7.35,6.41,565.5,22.2,3.46,0.426,0.137,7.64,,,Ⅲ
2024-02-18T00:00:00+08:00,1708185600,11.1,7.35,6.29,563.6,25.3,3.34,0.421,0.157,7.67,,,Ⅲ
2024-02-18T04:00:00+08:00,1708200000,11.2,7.35,6.29,561.1,28.9,3.44,0.388,0.13,7.49,,,Ⅲ
2024-02-18T08:00:00+08:00,1708214400,11.2,7.34,6.32,558.8,23.8,3.5,0.373,0.128,7.47,,,Ⅲ
2024-02-18T12:00:00+08:00,1708228800,12.0,7.36,6.41,560.4,23.4,3.61,0.35,0.124,7.47,,,Ⅲ
2024-02-18T16:00:00+08:00,1708243200,12.3,7.34,6.36,560.8,24.4,3.47,0.354,0.123,7.48,,,Ⅲ
2024-02-18T20:00:00+08:00,1708257600,12.5,7.34,6.25,560.9,24.4,3.52,0.33,0.126,7.33,,,Ⅲ
2024-02-19T00:00:00+08:00,1708272000,12.5,7.34,6.27,558.5,25.8,3.47,0.32,0.124,7.31,,,Ⅲ
2024-02-19T04:00:00+08:00,1708286400,12.6,7.34,6.14,559.2,25.4,3.41,0.29,0.122,7.24,,,Ⅲ
2024-02-19T08:00:00+08:00,1708300800,12.7,7.34,6.19,558.0,28.0,3.47,0.263,0.122,7.29,,,Ⅲ
2024-02-19T12:00:00+08:00,1708315200,13.2,7.36,6.42,555.8,23.5,3.4,0.253,0.12,7.15,,,Ⅲ
2024-02-19T16:00:00+08:00,1708329600,13.3,7.34,6.57,557.9,19.1,3.54,0.268,0.113,7.17,,,Ⅲ
2024-02-19T20:00:00+08:00,1708344000,13.2,7.34,6.55,558.3,22.8,3.34,0.256,0.119,7.19,,,Ⅲ
2024-02-20T00:00:00+08:00,1708358400,13.2,7.34,6.54,554.6,21.2,3.41,0.24,0.118,7.09,,,Ⅲ
2024-02-20T04:00:00+08:00,1708372800,13.2,7.34,6.53,553.0,23.4,3.4,0.234,0.114,7.1,,,Ⅲ
2024-02-20T08:00:00+08:00,1708387200,13.2,7.34,6.5,552.1,26.2,3.32,0.234,0.119,7.01,,,Ⅲ
2024-02-20T12:00:00+08:00,1708401600,13.2,7.37,6.68,552.8,22.1,3.16,0.213,0.112,6.99,,,Ⅲ
2024-02-20T16:00:00+08:00,1708416000,13.1,7.36,6.58,554.4,21.6,3.37,0.238,0.113,7.06,,,Ⅲ
2024-02-20T20:00:00+08:00,1708430400,13.0,7.34,6.55,554.3,25.5,3.23,0.239,0.116,7.14,,,Ⅲ
2024-02-21T00:00:00+08:00,1708444800,12.9,7.34,6.51,553.0,22.4,3.1,0.222,0.113,6.92,,,Ⅲ
2024-02-21T04:00:00+08:00,1708459200,12.8,7.34,6.43,551.8,20.3,3.41,0.219,0.112,6.77,,,Ⅲ
2024-02-21T08:00:00+08:00,1708473600,12.7,7.35,6.54,549.9,27.1,3.15,0.203,0.113,6.8,,,Ⅲ
2024-02-21T12:00:00+08:00,1708488000,12.5,7.37,6.65,546.2,32.9,3.22,0.227,0.113,6.76,,,Ⅲ
2024-02-21T16:00:00+08:00,1708502400,12.4,7.39,7.57,541.4,31.7,3.29,0.178,0.112,6.86,,,Ⅲ
2024-02-21T20:00:00+08:00,1708516800,12.3,7.39,7.43,541.6,31.9,3.47,0.185,0.119,6.93,,,Ⅲ
2024-02-22T00:00:00+08:00,1708531200,11.8,7.39,7.52,533.2,35.5,3.33,0.212,0.126,7.13,,,Ⅲ
2024-02-22T04:00:00+08:00,1708545600,11.2,7.39,7.75,539.6,25.6,3.23,0.039,0.127,7.22,,,Ⅲ
2024-02-22T08:00:00+08:00,1708560000,11.1,7.4,7.84,536.2,32.9,3.69,0.042,0.134,7.15,,,Ⅲ
2024-02-22T12:00:00+08:00,1708574400,10.4,7.39,8.03,528.2,34.5,3.46,0.329,0.152,7.75,,,Ⅲ
2024-02-22T16:00:00+08:00,1708588800,10.4,7.4,8.01,535.4,38.0,3.82,0.301,0.143,7.79,,,Ⅲ
2024-02-22T20:00:00+08:00,1708603200,10.4,7.39,7.99,532.5,34.1,3.69,0.311,0.146,7.72,,,Ⅲ
2024-02-23T00:00:00+08:00,1708617600,9.8,7.39,8.12,530.0,35.9,3.61,0.324,0.151,7.74,,,Ⅲ
2024-02-23T04:00:00+08:00,1708632000,9.6,7.4,8.04,534.1,28.7,3.52,0.315,0.149,7.66,,,Ⅲ
2024-02-23T08:00:00+08:00,1708646400,9.5,7.4,8.71,530.1,27.8,3.55,0.295,0.156,7.79,,,Ⅲ
2024-02-23T12:00:00+08:00,1708660800,9.1,7.4,8.27,524.1,32.8,3.82,0.31,0.161,7.78,,,Ⅲ
2024-02-23T16:00:00+08:00,1708675200,9.0,7.4,8.16,530.6,29.8,3.57,0.288,0.154,7.77,,,Ⅲ
2024-02-23T20:00:00+08:00,1708689600,9.0,7.4,8.17,527.9,30.1,3.78,0.287,0.157,7.69,,,Ⅲ
2024-02-24T00:00:00+08:00,1708704000,8.5,7.4,8.29,524.8,34.9,3.72,0.287,0.169,7.83,,,Ⅲ
2024-02-24T04:00:00+08:00,1708718400,8.4,7.4,8.37,528.1,26.6,3.64,0.284,0.166,7.78,,,Ⅲ
2024-02-24T08:00:00+08:00,1708732800,8.4,7.4,8.24,525.6,31.4,,0.282,0.166,7.71,,,
2024-02-24T12:00:00+08:00,1708747200,8.0,7.4,8.41,523.3,33.3,3.94,0.288,0.171,7.81,,,Ⅲ
2024-02-24T16:00:00+08:00,1708761600,7.9,7.41,7.64,557.2,27.9,4.2,0.326,0.153,7.86,,,Ⅲ
2024-02-24T20:00:00+08:00,1708776000,8.0,7.4,7.66,553.2,28.6,4.34,0.291,0.147,7.84,,,Ⅲ
2024-02-25T00:00:00+08:00,1708790400,7.6,7.4,7.86,551.2,25.5,3.99,0.294,0.147,7.88,,,Ⅲ
2024-02-25T04:00:00+08:00,1708804800,7.4,7.41,7.88,558.3,23.9,4.01,0.286,0.14,7.78,,,Ⅲ
2024-02-25T08:00:00+08:00,1708819200,7.4,7.41,7.82,553.8,25.8,3.98,0.277,0.144,7.78,,,Ⅲ
2024-02-25T12:00:00+08:00,1708833600,7.2,7.4,7.98,552.0,25.3,4.24,0.298,0.145,7.72,,,Ⅲ
2024-02-25T16:00:00+08:00,1708848000,7.2,7.44,8.25,560.1,24.2,4.08,0.278,0.138,7.75,,,Ⅲ
2024-02-25T20:00:00+08:00,1708862400,7.2,7.4,7.97,557.3,24.4,4.24,0.311,0.144,7.82,,,Ⅲ
2024-02-26T00:00:00+08:00,1708876800,6.9,7.43,8.22,553.4,25.4,3.91,0.256,0.136,7.55,,,Ⅲ
2024-02-26T04:00:00+08:00,1708891200,6.8,7.44,8.25,558.2,22.9,4.17,0.248,0.132,7.62,,,Ⅲ
2024-02-26T08:00:00+08:00,1708905600,6.8,7.44,8.32,554.5,23.1,3.86,0.232,0.13,7.54,,,Ⅲ
2024-02-26T16:00:00+08:00,1708934400,7.2,7.44,8.26,556.2,24.1,3.82,0.242,0.128,7.57,,,Ⅲ
2024-02-26T20:00:00+08:00,1708948800,7.1,7.43,8.38,555.6,26.4,4.01,0.236,0.131,7.74,,,Ⅲ
2024-02-27T00:00:00+08:00,1708963200,7.1,7.45,8.28,553.9,25.7,3.97,0.228,0.128,7.7,,,Ⅲ
2024-02-27T04:00:00+08:00,1708977600,7.0,7.44,8.09,554.5,21.0,4.08,0.242,0.122,7.52,,,Ⅲ
2024-02-27T08:00:00+08:00,1708992000,6.9,7.45,8.31,555.3,23.8,3.8,0.199,0.126,7.54,,,Ⅲ
2024-02-27T16:00:00+08:00,1709020800,8.1,7.42,7.81,550.1,19.8,3.71,0.282,0.127,7.34,,,Ⅲ
2024-02-27T20:00:00+08:00,1709035200,7.8,7.42,7.95,553.7,22.1,3.71,0.21,0.128,7.59,,,Ⅲ
2024-02-28T00:00:00+08:00,1709049600,7.8,7.41,7.87,551.2,27.4,3.73,0.252,0.131,7.44,,,Ⅲ
2024-02-28T08:00:00+08:00,1709078400,7.9,7.4,7.78,555.4,24.2,4.05,0.268,0.133,7.45,,,Ⅲ
2024-02-28T16:00:00+08:00,1709107200,8.2,7.39,7.57,550.8,19.9,3.71,0.263,0.129,7.19,,,Ⅲ
2024-02-28T20:00:00+08:00,1709121600,8.1,7.39,7.75,554.0,27.0,3.77,0.267,0.14,7.48,,,Ⅲ
2024-02-29T00:00:00+08:00,1709136000,8.1,7.38,7.65,553.2,23.0,3.73,0.254,0.132,7.34,,,Ⅲ
2024-02-29T08:00:00+08:00,1709164800,8.1,7.39,7.72,550.7,23.2,3.94,0.244,0.137,7.32,,,Ⅲ
2024-02-29T12:00:00+08:00,1709179200,8.1,7.4,7.67,547.6,22.7,3.88,0.251,0.144,7.16,,,Ⅲ
2024-03-01T04:00:00+08:00,1709236800,7.9,7.38,7.73,534.7,26.7,4.16,0.273,0.144,7.2,,,Ⅲ
2024-03-01T08:00:00+08:00,1709251200,7.9,7.36,7.75,544.2,25.7,4.01,0.276,0.15,7.58,,,Ⅲ
2024-03-01T12:00:00+08:00,1709265600,8.1,7.36,7.7,541.4,24.7,3.84,0.282,0.144,7.37,,,Ⅲ
2024-03-01T16:00:00+08:00,1709280000,8.2,7.37,7.89,525.9,23.0,4.14,0.236,0.148,7.34,,,Ⅲ
2024-03-01T20:00:00+08:00,1709294400,8.2,7.36,7.83,530.6,22.2,4.12,0.237,0.173,7.41,,,Ⅲ
2024-03-02T00:00:00+08:00,1709308800,8.0,7.35,7.83,526.7,22.8,4.23,0.219,0.158,7.33,,,Ⅲ
2024-03-02T04:00:00+08:00,1709323200,7.9,7.38,7.93,523.2,23.9,3.97,0.205,0.154,7.05,,,Ⅲ
2024-03-02T08:00:00+08:00,1709337600,7.8,7.37,7.88,528.5,20.4,3.91,0.205,0.148,7.08,,,Ⅲ
2024-03-02T12:00:00+08:00,1709352000,8.3,7.35,7.58,526.6,21.9,4.03,0.358,0.157,7.08,,,Ⅲ
2024-03-02T16:00:00+08:00,1709366400,8.6,7.35,7.65,526.8,22.0,4.21,0.223,0.148,7.19,,,Ⅲ
2024-03-02T20:00:00+08:00,1709380800,8.5,7.35,7.71,529.8,19.6,4.08,0.209,0.145,7.1,,,Ⅲ
2024-03-03T00:00:00+08:00,1709395200,8.5,7.35,7.66,525.5,30.0,4.01,0.206,0.144,7.15,,,Ⅲ
2024-03-03T04:00:00+08:00,1709409600,8.4,7.35,7.67,527.1,25.0,3.83,0.2,0.141,7.09,,,Ⅲ
2024-03-03T08:00:00+08:00,1709424000,8.3,7.35,7.63,532.6,18.8,3.98,0.186,0.14,7.29,,,Ⅲ
2024-03-03T12:00:00+08:00,1709438400,9.0,7.35,7.71,529.6,19.7,3.98,0.193,0.139,7.14,,,Ⅲ
2024-03-03T16:00:00+08:00,1709452800,9.5,7.34,7.4,525.9,19.9,3.84,0.257,0.142,6.71,,,Ⅲ
2024-03-03T20:00:00+08:00,1709467200,9.4,7.33,7.14,530.1,17.9,3.66,0.334,0.145,6.89,,,Ⅲ
2024-03-04T00:00:00+08:00,1709481600,9.4,7.33,7.15,528.9,17.6,3.71,0.318,0.146,6.91,,,Ⅲ
2024-03-04T04:00:00+08:00,1709496000,9.4,7.33,7.1,527.7,19.9,3.94,0.316,0.143,6.74,,,Ⅲ
2024-03-04T08:00:00+08:00,1709510400,9.4,7.34,7.07,530.7,21.3,3.72,0.311,0.146,6.73,,,Ⅲ
2024-03-04T12:00:00+08:00,1709524800,9.5,7.34,7.15,530.3,16.1,3.75,0.319,0.14,6.76,,,Ⅲ
2024-03-04T16:00:00+08:00,1709539200,9.6,7.34,7.07,531.7,20.8,3.77,0.313,0.141,6.77,,,Ⅲ
2024-03-04T20:00:00+08:00,1709553600,9.7,7.34,7.16,531.5,17.4,3.82,0.302,0.14,6.62,,,Ⅲ
2024-03-05T00:00:00+08:00,1709568000,9.7,7.35,7.21,531.3,19.4,3.94,0.276,0.139,6.67,,,Ⅲ
2024-03-05T08:00:00+08:00,1709596800,9.7,7.34,7.23,529.7,20.6,3.9,0.252,0.13,6.59,,,Ⅲ
2024-03-05T12:00:00+08:00,1709611200,10.0,7.34,7.14,534.4,19.7,3.52,0.249,0.137,6.74,,,Ⅲ
2024-03-05T16:00:00+08:00,1709625600,9.9,7.34,7.03,531.5,19.1,3.82,0.275,0.136,6.78,,,Ⅲ
2024-03-05T20:00:00+08:00,1709640000,9.9,7.34,7.07,528.6,20.9,3.86,0.277,0.139,6.59,,,Ⅲ
2024-03-06T00:00:00+08:00,1709654400,10.0,7.34,7.13,525.4,21.3,3.56,0.238,0.135,6.48,,,Ⅲ
2024-03-06T04:00:00+08:00,1709668800,9.9,7.33,7.11,525.9,22.3,3.84,0.261,0.131,6.52,,,Ⅲ
2024-03-06T08:00:00+08:00,1709683200,9.8,7.33,6.96,526.7,20.0,3.86,0.27,0.137,6.62,,,Ⅲ
2024-03-06T12:00:00+08:00,1709697600,10.3,7.34,7.04,532.6,29.8,3.72,0.247,0.14,6.8,,,Ⅲ
2024-03-06T16:00:00+08:00,1709712000,10.3,7.33,7.04,531.8,31.3,3.98,0.241,0.141,6.83,,,Ⅲ
2024-03-06T20:00:00+08:00,1709726400,10.3,7.33,6.89,530.2,24.8,3.86,0.272,0.134,6.69,,,Ⅲ
2024-03-07T00:00:00+08:00,1709740800,9.9,7.34,6.91,528.7,22.3,3.77,0.253,0.134,6.5,,,Ⅲ
2024-03-07T04:00:00+08:00,1709755200,9.8,7.34,7.08,527.8,21.9,3.52,0.24,0.136,6.41,,,Ⅲ
2024-03-07T08:00:00+08:00,1709769600,9.7,7.34,6.92,529.9,25.4,3.6,0.254,0.139,6.5,,,Ⅲ
2024-03-07T12:00:00+08:00,1709784000,10.4,7.34,6.93,531.5,21.7,3.82,0.244,0.135,6.5,,,Ⅲ
2024-03-07T16:00:00+08:00,1709798400,10.8,7.33,6.84,531.3,26.0,3.69,0.26,0.137,6.59,,,Ⅲ
2024-03-07T20:00:00+08:00,1709812800,10.4,7.32,6.8,530.8,24.8,3.77,0.242,0.138,6.49,,,Ⅲ
2024-03-08T00:00:00+08:00,1709827200,10.4,7.32,6.58,531.4,24.0,3.47,0.265,0.134,6.42,,,Ⅲ
2024-03-08T04:00:00+08:00,1709841600,10.4,7.31,6.42,532.4,22.7,3.82,0.265,0.131,6.23,,,Ⅲ
2024-03-08T08:00:00+08:00,1709856000,10.4,7.31,6.43,532.5,25.1,3.87,0.273,0.137,6.32,,,Ⅲ
2024-03-08T12:00:00+08:00,1709870400,10.8,7.31,6.46,532.0,25.5,3.64,0.295,0.142,6.3,,,Ⅲ
2024-03-08T16:00:00+08:00,1709884800,11.2,7.32,6.59,531.9,24.3,3.88,0.276,0.11,6.44,,,Ⅲ
2024-03-08T20:00:00+08:00,1709899200,10.8,7.32,6.43,534.4,27.9,3.69,0.277,0.137,6.4,,,Ⅲ
2024-03-09T04:00:00+08:00,1709928000,10.4,7.3,6.3,534.0,24.2,3.84,0.236,0.134,6.34,,,Ⅲ
2024-03-09T08:00:00+08:00,1709942400,10.5,7.32,6.47,533.1,26.2,3.62,0.239,0.139,6.28,,,Ⅲ
2024-03-09T12:00:00+08:00,1709956800,11.1,7.31,6.45,535.5,25.8,3.62,0.244,0.13,6.33,,,Ⅲ
2024-03-09T16:00:00+08:00,1709971200,11.6,7.31,6.41,533.0,26.9,3.91,0.241,0.138,6.47,,,Ⅲ
2024-03-09T20:00:00+08:00,1709985600,11.2,7.32,6.46,535.4,27.6,3.61,0.222,0.132,6.37,,,Ⅲ
2024-03-10T04:00:00+08:00,1710014400,11.0,7.3,6.22,537.0,27.3,3.49,0.207,0.13,6.49,,,Ⅲ
2024-03-10T08:00:00+08:00,1710028800,11.0,7.31,6.32,537.9,25.8,3.87,0.199,0.13,6.4,,,Ⅲ
2024-03-10T12:00:00+08:00,1710043200,11.7,7.31,6.33,532.8,27.0,3.79,0.198,0.129,6.33,,,Ⅲ
2024-03-10T16:00:00+08:00,1710057600,12.3,7.31,6.47,534.5,24.7,3.76,0.184,0.129,6.34,,,Ⅲ
2024-03-10T20:00:00+08:00,1710072000,11.9,7.32,6.35,535.3,33.0,3.72,0.182,0.132,6.59,,,Ⅲ
2024-03-11T04:00:00+08:00,1710100800,11.9,7.31,6.27,534.6,27.0,3.77,0.165,0.131,6.4,,,Ⅲ
2024-03-11T08:00:00+08:00,1710115200,11.8,7.32,6.26,535.8,27.9,3.72,0.163,0.133,6.43,,,Ⅲ
2024-03-11T12:00:00+08:00,1710129600,12.0,7.32,6.34,534.2,28.0,3.76,0.162,0.134,6.39,,,Ⅲ
2024-03-11T16:00:00+08:00,1710144000,12.4,7.32,6.28,535.7,28.3,3.8,0.16,0.135,6.38,,,Ⅲ
2024-03-11T20:00:00+08:00,1710158400,12.1,7.33,6.39,536.9,32.3,3.91,0.147,0.131,6.47,,,Ⅲ
2024-03-12T00:00:00+08:00,1710172800,12.1,7.32,6.21,535.4,29.1,3.62,0.15,0.129,6.4,,,Ⅲ
2024-03-12T04:00:00+08:00,1710187200,12.1,7.32,6.1,534.7,27.4,3.99,0.155,0.133,6.33,,,Ⅲ
2024-03-12T08:00:00+08:00,1710201600,12.1,7.32,6.26,536.5,37.6,4.02,0.15,0.139,6.5,,,Ⅲ
2024-03-12T12:00:00+08:00,1710216000,12.5,7.32,6.28,537.2,32.6,3.76,0.142,0.135,6.42,,,Ⅲ
2024-03-12T16:00:00+08:00,1710230400,12.8,7.34,6.9,538.4,31.9,4.06,0.153,0.141,6.65,,,Ⅲ
2024-03-12T20:00:00+08:00,1710244800,12.5,7.34,6.98,540.6,32.2,3.92,0.128,0.144,6.56,,,Ⅲ
2024-03-13T00:00:00+08:00,1710259200,12.4,7.34,6.88,538.8,26.9,3.79,0.126,0.14,6.45,,,Ⅲ
2024-03-13T04:00:00+08:00,1710273600,12.3,7.34,6.93,537.2,21.4,3.62,0.128,0.132,6.22,,,Ⅲ
2024-03-13T08:00:00+08:00,1710288000,12.2,7.34,6.98,539.3,33.5,4.08,0.128,0.142,6.52,,,Ⅲ
2024-03-13T16:00:00+08:00,1710316800,13.0,7.34,6.94,539.7,20.1,3.56,0.104,0.129,6.15,,,Ⅲ
2024-03-13T20:00:00+08:00,1710331200,12.8,7.34,6.86,540.4,26.9,3.73,0.104,0.134,6.32,,,Ⅲ
2024-03-14T00:00:00+08:00,1710345600,12.8,7.34,6.92,539.7,23.2,3.73,0.11,0.128,6.34,,,Ⅲ
2024-03-14T04:00:00+08:00,1710360000,12.8,7.34,7.13,539.3,21.0,3.8,0.116,0.129,6.16,,,Ⅲ
2024-03-14T08:00:00+08:00,1710374400,12.7,7.34,6.92,541.0,22.1,3.77,0.104,0.126,6.16,,,Ⅲ
2024-03-14T12:00:00+08:00,1710388800,12.9,7.34,6.89,540.8,25.8,3.52,0.115,0.129,6.15,,,Ⅲ
2024-03-14T16:00:00+08:00,1710403200,13.0,7.34,6.89,540.0,21.9,3.75,0.112,0.127,6.18,,,Ⅲ
2024-03-14T20:00:00+08:00,1710417600,12.9,7.34,6.93,540.5,22.1,3.5,0.104,0.126,6.32,,,Ⅲ
2024-03-15T00:00:00+08:00,1710432000,12.9,7.34,6.92,540.5,23.6,3.87,0.109,0.129,6.15,,,Ⅲ
2024-03-15T04:00:00+08:00,1710446400,12.8,7.34,6.86,540.4,24.6,3.6,0.12,0.125,6.16,,,Ⅲ
2024-03-15T08:00:00+08:00,1710460800,12.8,7.35,6.85,540.9,24.4,3.66,0.106,0.126,6.27,,,Ⅲ
2024-03-15T16:00:00+08:00,1710489600,13.8,7.35,6.73,539.6,24.2,3.6,0.113,0.123,6.15,,,Ⅲ
2024-03-17T04:00:00+08:00,1710619200,15.0,7.37,6.61,543.7,21.6,3.61,0.085,0.114,5.99,,,Ⅲ
2024-03-17T08:00:00+08:00,1710633600,14.9,7.36,6.47,543.8,18.8,3.6,0.082,0.111,5.9,,,Ⅲ
2024-03-17T12:00:00+08:00,1710648000,15.0,7.37,6.53,543.8,20.9,3.73,0.087,0.113,6.0,,,Ⅲ
2024-03-18T08:00:00+08:00,1710720000,14.1,7.39,6.55,543.6,18.9,3.53,0.086,0.113,5.74,,,Ⅲ
2024-03-18T12:00:00+08:00,1710734400,14.4,7.4,6.66,545.5,20.4,3.6,0.079,0.11,5.82,,,Ⅲ
2024-03-18T16:00:00+08:00,1710748800,14.2,7.39,6.63,545.0,24.7,3.79,0.089,0.115,5.83,,,Ⅲ
2024-03-18T20:00:00+08:00,1710763200,14.1,7.4,6.67,544.6,25.8,3.68,0.088,0.108,5.83,,,Ⅲ
2024-03-19T00:00:00+08:00,1710777600,13.9,7.4,6.71,544.4,22.6,3.5,0.081,0.11,5.66,,,Ⅲ
2024-03-19T04:00:00+08:00,1710792000,13.8,7.4,6.58,544.7,24.5,3.36,0.102,0.106,5.66,,,Ⅲ
2024-03-19T08:00:00+08:00,1710806400,13.7,7.4,6.55,543.3,24.2,3.38,0.094,0.11,5.66,,,Ⅲ
2024-03-19T12:00:00+08:00,1710820800,14.1,7.4,6.64,544.1,25.3,3.52,0.093,0.109,5.74,,,Ⅲ
2024-03-19T16:00:00+08:00,1710835200,14.6,7.41,6.6,545.1,24.8,3.75,0.09,0.107,5.65,,,Ⅲ
2024-03-19T20:00:00+08:00,1710849600,14.6,7.42,6.7,545.4,25.4,3.4,0.083,0.103,5.61,,,Ⅲ
2024-03-20T00:00:00+08:00,1710864000,14.6,7.44,6.77,546.5,25.0,3.58,0.076,0.102,5.62,,,Ⅲ
2024-03-20T04:00:00+08:00,1710878400,14.3,7.43,6.76,545.7,21.8,3.4,0.081,0.096,5.59,,,Ⅱ
2024-03-20T08:00:00+08:00,1710892800,14.4,7.43,6.73,547.6,20.7,3.28,0.077,0.1,5.61,,,Ⅱ
2024-03-20T12:00:00+08:00,1710907200,14.9,7.44,6.81,545.5,21.0,3.53,0.074,0.106,5.59,,,Ⅲ
2024-03-20T16:00:00+08:00,1710921600,15.3,7.45,6.86,581.2,35.7,3.45,0.072,0.105,5.56,,,Ⅲ
2024-03-20T20:00:00+08:00,1710936000,14.9,7.43,6.74,581.0,37.8,3.36,0.07,0.102,5.55,,,Ⅲ
2024-03-21T04:00:00+08:00,1710964800,14.7,7.45,6.9,580.5,37.3,3.2,0.063,0.098,5.48,,,Ⅱ
2024-03-21T08:00:00+08:00,1710979200,14.6,7.46,6.94,580.8,41.4,3.34,0.069,0.095,5.49,,,Ⅱ
2024-03-21T12:00:00+08:00,1710993600,15.2,7.46,7.0,582.6,47.8,3.42,0.07,0.103,5.5,,,Ⅲ
2024-03-21T16:00:00+08:00,1711008000,15.7,7.46,7.14,582.6,42.7,3.45,0.059,0.096,5.43,,,Ⅱ
2024-03-21T20:00:00+08:00,1711022400,15.2,7.45,6.94,582.6,37.6,3.57,0.063,0.094,5.48,,,Ⅱ
2024-03-22T04:00:00+08:00,1711051200,15.1,7.46,6.81,582.9,33.9,3.52,0.057,0.088,5.3,,,Ⅱ
2024-03-22T08:00:00+08:00,1711065600,15.2,7.46,6.9,583.5,41.9,3.28,0.064,0.099,5.45,,,Ⅱ
2024-03-22T12:00:00+08:00,1711080000,15.9,7.47,6.97,584.3,42.4,3.69,0.058,0.095,5.36,,,Ⅱ
2024-03-22T16:00:00+08:00,1711094400,16.6,7.47,7.06,585.1,43.1,3.54,0.048,0.091,5.67,,,Ⅱ
2024-03-22T20:00:00+08:00,1711108800,16.0,7.46,6.95,582.9,37.4,3.68,0.049,0.093,5.44,,,Ⅱ
2024-03-23T04:00:00+08:00,1711137600,16.0,7.46,6.79,582.4,36.0,3.4,0.043,0.085,5.29,,,Ⅱ
2024-03-23T08:00:00+08:00,1711152000,16.0,7.46,6.82,582.1,33.2,3.36,0.046,0.086,5.33,,,Ⅱ
2024-03-23T12:00:00+08:00,1711166400,16.6,7.46,6.77,582.6,35.1,3.57,0.048,0.086,5.34,,,Ⅱ
2024-03-23T16:00:00+08:00,1711180800,16.7,7.45,6.88,582.5,36.7,3.35,0.043,0.093,5.7,,,Ⅱ
2024-03-23T20:00:00+08:00,1711195200,16.6,7.46,6.76,586.1,36.5,3.21,0.043,0.091,5.37,,,Ⅱ
2024-03-24T04:00:00+08:00,1711224000,16.6,7.44,6.48,584.9,36.5,3.53,0.043,0.09,5.34,,,Ⅱ
2024-03-24T08:00:00+08:00,1711238400,16.6,7.44,6.47,585.4,37.5,3.36,0.04,0.005,5.36,,,Ⅱ
2024-03-24T12:00:00+08:00,1711252800,17.2,7.44,6.51,581.4,44.6,3.62,0.044,0.005,5.31,,,Ⅱ
2024-03-24T16:00:00+08:00,1711267200,17.6,7.44,6.44,580.9,37.8,3.28,0.039,0.005,5.28,,,Ⅱ
2024-03-24T20:00:00+08:00,1711281600,17.3,7.44,6.46,582.3,27.9,3.62,0.036,0.005,5.3,,,Ⅱ
2024-03-25T04:00:00+08:00,1711310400,17.4,7.42,6.25,581.4,34.4,3.38,0.036,0.005,5.18,,,Ⅱ
2024-03-25T08:00:00+08:00,1711324800,17.3,7.42,6.3,583.9,43.2,3.38,0.035,0.005,5.15,,,Ⅱ
2024-03-25T12:00:00+08:00,1711339200,17.8,7.41,6.27,582.6,46.7,3.38,0.036,0.005,5.2,,,Ⅱ
2024-03-25T16:00:00+08:00,1711353600,18.0,7.44,6.38,583.9,36.6,3.54,0.033,0.005,5.15,,,Ⅱ
2024-03-25T20:00:00+08:00,1711368000,17.6,7.44,6.41,581.5,34.6,3.53,0.034,,5.26,,,
2024-03-26T04:00:00+08:00,1711396800,17.2,7.45,6.37,581.2,35.9,3.47,0.036,0.093,5.15,,,Ⅱ
2024-03-26T08:00:00+08:00,1711411200,17.2,7.45,6.36,581.3,31.3,3.45,0.033,0.094,5.11,,,Ⅱ
2024-03-26T12:00:00+08:00,1711425600,17.4,7.46,6.57,580.6,32.8,3.5,0.037,0.095,5.1,,,Ⅱ
2024-03-26T16:00:00+08:00,1711440000,17.4,7.47,6.78,581.8,31.3,2.96,0.038,0.101,5.08,,,Ⅲ
2024-03-26T20:00:00+08:00,1711454400,17.3,7.46,6.62,581.8,32.4,3.31,0.035,0.105,5.12,,,Ⅲ
2024-03-27T00:00:00+08:00,1711468800,17.0,7.47,6.73,581.8,28.6,3.14,0.036,0.102,5.03,,,Ⅲ
2024-03-27T04:00:00+08:00,1711483200,16.7,7.48,6.75,584.3,26.1,2.97,0.037,0.097,5.09,,,Ⅱ
2024-03-27T08:00:00+08:00,1711497600,16.7,7.47,6.68,584.2,28.5,2.97,0.036,0.105,5.04,,,Ⅲ
2024-03-27T12:00:00+08:00,1711512000,16.9,7.48,6.79,582.6,38.7,3.05,0.043,0.11,5.08,,,Ⅲ
2024-03-27T16:00:00+08:00,1711526400,17.1,7.5,6.91,582.0,28.9,2.82,0.044,0.1,5.01,,,Ⅱ
2024-03-27T20:00:00+08:00,1711540800,16.9,7.5,6.89,583.5,37.1,2.92,0.039,0.108,5.06,,,Ⅲ
2024-03-28T00:00:00+08:00,1711555200,16.7,7.48,6.72,583.3,36.6,3.12,0.047,0.107,5.04,,,Ⅲ
2024-03-28T04:00:00+08:00,1711569600,16.6,7.48,6.72,583.5,30.4,2.8,0.049,0.099,4.98,,,Ⅱ
2024-03-28T08:00:00+08:00,1711584000,16.6,7.5,6.73,583.3,29.4,3.0,0.04,0.101,5.14,,,Ⅲ
2024-03-28T12:00:00+08:00,1711598400,16.6,7.48,6.64,580.2,30.6,3.01,0.057,0.106,5.13,,,Ⅲ
2024-03-28T16:00:00+08:00,1711612800,16.6,7.49,6.64,578.1,29.8,2.87,0.058,0.105,5.08,,,Ⅲ
2024-03-28T20:00:00+08:00,1711627200,16.6,7.48,6.6,580.1,36.3,3.09,0.056,0.106,5.09,,,Ⅲ
2024-03-29T00:00:00+08:00,1711641600,16.4,7.47,6.57,578.2,38.9,3.17,0.069,0.112,5.07,,,Ⅲ
2024-03-29T04:00:00+08:00,1711656000,16.0,7.47,6.56,578.6,26.9,2.83,0.068,0.1,4.91,,,Ⅲ
2024-03-29T08:00:00+08:00,1711670400,16.3,7.47,6.5,577.8,28.8,3.09,0.055,0.103,4.92,,,Ⅲ
2024-03-29T12:00:00+08:00,1711684800,16.7,7.46,6.51,579.5,32.1,3.2,0.064,0.11,5.0,,,Ⅲ
2024-03-29T16:00:00+08:00,1711699200,17.6,7.46,6.34,575.3,29.5,3.21,0.063,0.104,4.86,,,Ⅲ
2024-03-29T20:00:00+08:00,1711713600,17.4,7.45,6.34,576.6,24.8,3.06,0.058,0.104,4.91,,,Ⅲ
2024-03-30T00:00:00+08:00,1711728000,17.4,7.44,6.13,574.7,35.6,3.14,0.083,0.102,4.94,,,Ⅲ
2024-03-30T04:00:00+08:00,1711742400,17.5,7.43,6.16,572.6,25.6,3.0,0.076,0.105,4.84,,,Ⅲ
2024-03-30T08:00:00+08:00,1711756800,17.5,7.43,6.1,574.4,38.1,2.95,0.071,0.116,4.96,,,Ⅲ
2024-03-30T12:00:00+08:00,1711771200,18.0,7.43,6.05,575.9,32.2,2.89,0.066,0.108,4.95,,,Ⅲ
2024-03-30T16:00:00+08:00,1711785600,18.8,7.42,6.1,571.2,25.9,3.01,0.06,0.104,4.78,,,Ⅲ
2024-03-30T20:00:00+08:00,1711800000,18.7,7.42,5.92,570.5,22.9,3.05,0.052,0.099,4.72,,,Ⅲ
2024-03-31T00:00:00+08:00,1711814400,18.6,7.4,5.91,570.2,26.0,2.96,0.06,0.099,4.79,,,Ⅲ
2024-03-31T04:00:00+08:00,1711828800,18.6,7.39,5.88,571.5,19.8,2.75,0.053,0.096,4.71,,,Ⅲ
2024-03-31T08:00:00+08:00,1711843200,18.3,7.4,5.92,572.2,24.6,3.09,0.057,0.098,4.77,,,Ⅲ
2024-03-31T12:00:00+08:00,1711857600,18.5,7.41,5.88,572.6,22.3,3.05,0.054,0.102,4.83,,,Ⅲ
2024-03-31T16:00:00+08:00,1711872000,19.0,7.41,5.86,572.2,24.0,3.08,0.05,0.102,4.77,,,Ⅲ
2024-03-31T20:00:00+08:00,1711886400,18.7,7.41,5.92,573.5,20.4,2.87,0.043,0.101,4.67,,,Ⅲ
2024-04-01T00:00:00+08:00,1711900800,18.7,7.4,5.87,573.4,22.0,2.72,0.049,0.102,4.71,,,Ⅲ
2024-04-01T04:00:00+08:00,1711915200,18.6,7.41,5.84,572.8,26.3,2.7,0.048,0.1,4.66,,,Ⅲ
2024-04-01T08:00:00+08:00,1711929600,18.4,7.41,5.91,573.0,21.6,2.76,0.043,0.096,4.58,,,Ⅲ
2024-04-01T12:00:00+08:00,1711944000,19.1,7.4,5.45,574.0,35.6,2.93,0.045,0.099,4.68,,,Ⅲ
2024-04-01T16:00:00+08:00,1711958400,19.5,7.42,6.04,572.0,24.3,2.93,0.044,0.097,4.61,,,Ⅱ
2024-04-01T20:00:00+08:00,1711972800,19.4,7.44,6.03,570.1,23.4,3.02,0.039,0.094,4.59,,,Ⅱ
2024-04-02T04:00:00+08:00,1712001600,19.1,7.44,6.07,568.6,27.5,3.1,0.044,0.098,4.56,,,Ⅱ
2024-04-02T08:00:00+08:00,1712016000,19.1,7.45,6.14,567.2,23.8,3.1,0.039,0.099,4.52,,,Ⅱ
2024-04-02T12:00:00+08:00,1712030400,19.4,7.45,6.07,570.2,21.3,2.85,0.042,0.093,4.49,,,Ⅱ
2024-04-02T16:00:00+08:00,1712044800,19.5,7.46,6.24,568.5,22.8,3.02,0.041,0.09,4.49,,,Ⅱ
2024-04-02T20:00:00+08:00,1712059200,19.5,7.46,6.3,567.3,25.3,2.83,0.037,0.094,4.46,,,Ⅱ
2024-04-03T00:00:00+08:00,1712073600,19.5,7.46,6.38,565.7,25.9,2.97,0.032,0.089,4.41,,,Ⅱ
2024-04-03T04:00:00+08:00,1712088000,19.5,7.45,6.04,566.4,27.3,3.17,0.044,0.092,4.46,,,Ⅱ
2024-04-03T08:00:00+08:00,1712102400,19.5,7.45,6.22,565.0,21.2,3.01,0.038,0.091,4.38,,,Ⅱ
2024-04-03T12:00:00+08:00,1712116800,19.7,7.47,6.39,567.0,22.2,2.84,0.035,0.088,4.38,,,Ⅱ
2024-04-03T16:00:00+08:00,1712131200,19.7,7.45,6.44,567.2,23.7,2.84,0.11,0.089,4.54,,,Ⅱ
2024-04-03T20:00:00+08:00,1712145600,19.5,7.44,6.41,567.4,25.5,2.97,0.107,0.121,4.67,,,Ⅲ
2024-04-04T00:00:00+08:00,1712160000,19.4,7.44,6.49,565.5,23.9,2.98,0.074,0.108,4.37,,,Ⅲ
2024-04-04T04:00:00+08:00,1712174400,19.2,7.45,6.42,565.8,24.9,3.05,0.067,0.099,4.29,,,Ⅱ
2024-04-04T08:00:00+08:00,1712188800,19.0,7.42,5.96,565.5,28.3,2.89,0.105,0.103,4.44,,,Ⅲ
2024-04-04T12:00:00+08:00,1712203200,19.2,7.44,6.31,565.5,26.0,3.08,0.096,0.112,4.72,,,Ⅲ
2024-04-04T16:00:00+08:00,1712217600,19.3,7.44,6.32,567.6,23.1,2.72,0.079,0.106,4.4,,,Ⅲ
2024-04-04T20:00:00+08:00,1712232000,19.0,7.4,6.04,565.0,29.3,2.92,0.106,0.107,4.37,,,Ⅲ
2024-04-05T00:00:00+08:00,1712246400,18.7,7.39,5.94,564.5,25.2,2.68,0.082,0.101,4.26,,,Ⅲ
2024-04-05T04:00:00+08:00,1712260800,18.6,7.4,5.97,564.5,27.8,2.84,0.089,0.094,4.3,,,Ⅲ
2024-04-05T08:00:00+08:00,1712275200,18.4,7.39,6.2,566.1,33.9,2.97,0.104,0.1,4.38,,,Ⅱ
2024-04-05T12:00:00+08:00,1712289600,18.8,7.39,5.93,564.2,26.5,2.8,0.102,0.103,4.36,,,Ⅲ
2024-04-05T16:00:00+08:00,1712304000,19.3,7.41,5.93,566.4,30.5,3.08,0.088,0.103,4.39,,,Ⅲ
2024-04-05T20:00:00+08:00,1712318400,18.9,7.39,5.82,566.3,31.1,2.87,0.097,0.105,4.4,,,Ⅲ
2024-04-06T00:00:00+08:00,1712332800,18.8,7.39,5.9,565.2,28.4,2.92,0.088,0.098,4.24,,,Ⅲ
2024-04-06T04:00:00+08:00,1712347200,18.6,7.39,5.87,565.7,28.5,2.97,0.088,0.1,4.28,,,Ⅲ
2024-04-06T08:00:00+08:00,1712361600,18.6,7.4,5.92,564.6,32.3,2.78,0.097,0.108,4.39,,,Ⅲ
2024-04-06T12:00:00+08:00,1712376000,18.7,7.4,5.92,564.2,28.4,3.06,0.088,0.102,4.34,,,Ⅲ
2024-04-06T16:00:00+08:00,1712390400,18.7,7.42,5.88,564.8,29.6,2.75,0.085,0.109,4.28,,,Ⅲ
2024-04-06T20:00:00+08:00,1712404800,18.6,7.4,5.89,565.1,40.0,3.17,0.102,0.113,4.45,,,Ⅲ
2024-04-07T00:00:00+08:00,1712419200,18.5,7.41,5.87,564.6,34.7,2.8,0.093,0.109,4.38,,,Ⅲ
2024-04-07T08:00:00+08:00,1712448000,18.1,7.39,5.87,565.2,33.9,3.0,0.097,0.114,4.36,,,Ⅲ
2024-04-07T16:00:00+08:00,1712476800,18.1,7.39,6.62,564.5,28.3,2.8,0.092,0.107,4.53,,,Ⅲ
2024-04-07T20:00:00+08:00,1712491200,18.0,7.4,6.16,565.6,24.9,3.01,0.107,0.108,4.43,,,Ⅲ
2024-04-08T04:00:00+08:00,1712520000,17.8,7.39,6.15,565.3,28.9,3.21,0.104,0.104,4.42,,,Ⅲ
2024-04-08T08:00:00+08:00,1712534400,17.8,7.39,6.12,564.9,31.4,2.96,0.133,0.118,4.51,,,Ⅲ
2024-04-08T12:00:00+08:00,1712548800,17.7,7.38,5.98,559.8,36.5,3.21,0.136,0.118,4.55,,,Ⅲ
2024-04-08T16:00:00+08:00,1712563200,17.7,7.39,5.69,560.9,39.9,3.08,0.126,0.12,4.53,,,Ⅲ
2024-04-08T20:00:00+08:00,1712577600,17.6,7.39,5.43,561.8,44.7,3.05,0.135,0.118,4.55,,,Ⅲ
2024-04-09T04:00:00+08:00,1712606400,17.2,7.37,5.19,561.6,39.3,3.16,0.137,0.123,4.59,,,Ⅲ
2024-04-09T08:00:00+08:00,1712620800,17.3,7.37,5.3,562.0,33.4,3.38,0.141,0.123,4.64,,,Ⅲ
2024-04-09T12:00:00+08:00,1712635200,17.7,7.34,5.08,560.1,49.8,3.06,0.163,0.128,4.8,,,Ⅲ
2024-04-09T16:00:00+08:00,1712649600,18.1,7.34,5.11,562.2,43.0,3.43,0.136,0.121,4.74,,,Ⅲ
2024-04-09T20:00:00+08:00,1712664000,18.0,7.34,5.7,563.7,31.6,3.12,0.121,0.125,4.66,,,Ⅲ
2024-04-10T04:00:00+08:00,1712692800,17.7,7.34,5.08,560.8,33.6,3.08,0.13,0.125,4.5,,,Ⅲ
2024-04-10T08:00:00+08:00,1712707200,17.7,7.34,5.36,561.5,34.5,3.13,0.132,0.125,4.62,,,Ⅲ
2024-04-10T12:00:00+08:00,1712721600,18.1,7.34,4.77,561.6,41.3,3.34,0.128,0.12,4.6,,,Ⅳ
2024-04-10T16:00:00+08:00,1712736000,18.8,7.34,6.56,559.1,28.5,3.1,0.121,0.109,4.57,,,Ⅲ
2024-04-10T20:00:00+08:00,1712750400,18.4,7.34,7.65,562.4,27.4,2.89,0.111,0.116,4.54,,,Ⅲ
2024-04-11T04:00:00+08:00,1712779200,18.5,7.34,6.32,561.1,31.5,3.06,0.135,0.11,4.52,,,Ⅲ
2024-04-11T08:00:00+08:00,1712793600,18.1,7.34,6.77,563.1,29.2,2.92,0.108,0.112,4.59,,,Ⅲ
2024-04-11T16:00:00+08:00,1712822400,19.5,7.26,6.7,538.0,34.4,2.97,0.127,0.122,4.39,,,Ⅲ
2024-04-11T20:00:00+08:00,1712836800,19.4,7.34,6.76,538.9,29.2,2.95,0.112,0.121,4.46,,,Ⅲ
2024-04-12T04:00:00+08:00,1712865600,19.4,7.34,6.64,536.5,27.8,2.96,0.13,0.116,4.42,,,Ⅲ
2024-04-12T08:00:00+08:00,1712880000,19.3,7.34,6.69,537.1,32.5,3.1,0.025,0.121,4.49,,,Ⅲ
2024-04-12T12:00:00+08:00,1712894400,19.4,7.34,6.63,539.0,31.7,3.17,0.135,0.126,4.43,,,Ⅲ
2024-04-12T16:00:00+08:00,1712908800,19.4,7.34,5.9,536.0,33.0,2.95,0.128,0.12,4.34,,,Ⅲ
2024-04-12T20:00:00+08:00,1712923200,19.4,7.34,6.15,537.0,30.0,3.12,0.115,0.112,4.48,,,Ⅲ
2024-04-13T00:00:00+08:00,1712937600,19.3,7.34,6.14,537.0,33.1,2.96,0.118,0.124,4.49,,,Ⅲ
2024-04-13T04:00:00+08:00,1712952000,19.2,7.33,6.19,537.2,32.2,3.18,0.125,0.106,4.49,,,Ⅲ
2024-04-13T08:00:00+08:00,1712966400,19.2,7.33,6.11,537.9,35.5,3.02,0.109,0.121,4.53,,,Ⅲ
2024-04-13T12:00:00+08:00,1712980800,19.4,7.33,6.51,537.2,29.4,2.85,0.12,0.123,4.54,,,Ⅲ
2024-04-13T16:00:00+08:00,1712995200,19.5,7.33,6.5,537.5,30.0,2.88,0.125,0.116,4.52,,,Ⅲ
2024-04-13T20:00:00+08:00,1713009600,19.4,7.33,6.46,537.0,27.1,2.74,0.097,0.107,4.36,,,Ⅲ
2024-04-14T00:00:00+08:00,1713024000,19.3,7.33,6.52,534.3,28.3,2.83,0.114,0.117,4.47,,,Ⅲ
2024-04-14T04:00:00+08:00,1713038400,19.1,7.33,6.17,536.7,29.6,2.93,0.128,0.113,4.41,,,Ⅲ
2024-04-14T08:00:00+08:00,1713052800,19.1,7.33,6.44,534.1,31.8,3.14,0.114,0.134,4.45,,,Ⅲ
2024-04-14T12:00:00+08:00,1713067200,19.4,7.33,6.08,534.5,32.2,3.12,0.113,0.116,4.46,,,Ⅲ
2024-04-14T16:00:00+08:00,1713081600,19.7,7.32,6.2,535.1,36.0,3.0,0.117,0.115,4.57,,,Ⅲ
2024-04-14T20:00:00+08:00,1713096000,19.6,7.32,6.43,533.3,36.2,2.89,0.101,0.113,4.32,,,Ⅲ
2024-04-15T00:00:00+08:00,1713110400,19.6,7.32,6.63,533.7,25.6,3.09,0.107,0.133,4.42,,,Ⅲ
2024-04-15T04:00:00+08:00,1713124800,19.5,7.31,6.42,535.2,28.4,3.14,0.126,0.109,4.28,,,Ⅲ
2024-04-15T08:00:00+08:00,1713139200,19.5,7.31,6.3,535.8,23.0,2.88,0.108,0.116,4.24,,,Ⅲ
2024-04-15T12:00:00+08:00,1713153600,20.2,7.31,6.26,533.1,26.4,2.85,0.107,0.12,4.32,,,Ⅲ
2024-04-15T16:00:00+08:00,1713168000,20.8,7.31,6.36,531.9,28.1,3.18,0.102,0.124,4.4,,,Ⅲ
2024-04-15T20:00:00+08:00,1713182400,20.8,7.32,6.39,527.4,33.2,2.97,0.088,0.112,4.23,,,Ⅲ
2024-04-16T00:00:00+08:00,1713196800,20.8,7.33,6.52,530.1,29.1,3.23,0.084,0.115,4.6,,,Ⅲ
2024-04-16T04:00:00+08:00,1713211200,20.7,7.32,6.46,530.6,31.5,2.79,0.105,0.109,4.28,,,Ⅲ
2024-04-16T08:00:00+08:00,1713225600,20.7,7.33,6.4,528.9,26.4,3.05,0.087,0.117,4.14,,,Ⅲ
2024-04-16T12:00:00+08:00,1713240000,21.3,7.33,6.4,529.6,35.3,3.01,0.079,0.104,4.2,,,Ⅲ
2024-04-16T16:00:00+08:00,1713254400,21.5,7.33,6.38,538.8,28.7,2.96,0.089,0.116,4.38,,,Ⅲ
2024-04-16T20:00:00+08:00,1713268800,21.4,7.32,6.52,536.2,32.8,3.09,0.092,0.119,4.43,,,Ⅲ
2024-04-17T00:00:00+08:00,1713283200,21.4,7.33,6.62,531.5,41.7,2.82,0.083,0.118,4.34,,,Ⅲ
2024-04-17T04:00:00+08:00,1713297600,21.2,7.33,6.57,534.5,37.4,2.96,0.094,0.12,4.37,,,Ⅲ
2024-04-17T08:00:00+08:00,1713312000,20.9,7.33,6.64,531.3,29.6,3.12,0.095,0.111,4.21,,,Ⅲ
2024-04-17T12:00:00+08:00,1713326400,20.8,7.34,6.69,531.4,24.5,2.89,0.082,0.112,4.12,,,Ⅲ
2024-04-17T16:00:00+08:00,1713340800,20.7,7.34,6.59,529.6,32.4,3.09,0.091,0.118,4.27,,,Ⅲ
2024-04-17T20:00:00+08:00,1713355200,20.5,7.34,6.63,523.9,28.9,3.16,0.12,0.114,4.18,,,Ⅲ
2024-04-18T00:00:00+08:00,1713369600,20.1,7.33,6.53,519.6,34.2,3.05,0.108,0.122,4.38,,,Ⅲ
2024-04-18T04:00:00+08:00,1713384000,19.8,7.34,6.37,521.0,34.0,2.97,0.106,0.115,4.23,,,Ⅲ
2024-04-18T12:00:00+08:00,1713412800,20.1,7.33,5.65,524.4,36.2,3.35,0.126,0.119,4.29,,,Ⅲ
2024-04-22T08:00:00+08:00,1713744000,20.6,7.33,5.54,529.5,36.2,3.2,0.104,0.125,4.08,,,Ⅲ
2024-04-22T12:00:00+08:00,1713758400,20.7,7.33,5.53,525.3,45.6,3.3,0.098,0.123,4.18,,,Ⅲ
2024-04-22T16:00:00+08:00,1713772800,20.9,7.33,5.53,525.7,35.8,3.34,0.082,0.127,3.94,,,Ⅲ
2024-04-22T20:00:00+08:00,1713787200,20.8,7.33,5.54,526.0,38.8,3.34,0.091,0.121,4.18,,,Ⅲ
2024-04-23T00:00:00+08:00,1713801600,20.7,7.33,5.69,525.0,36.0,3.18,0.114,0.121,3.96,,,Ⅲ
2024-04-23T04:00:00+08:00,1713816000,20.5,7.32,5.5,525.5,35.3,3.12,0.098,0.124,4.04,,,Ⅲ
2024-04-23T08:00:00+08:00,1713830400,20.4,7.33,5.54,525.9,31.4,3.05,0.098,0.12,4.0,,,Ⅲ
2024-04-23T12:00:00+08:00,1713844800,20.5,7.32,5.74,524.0,39.3,3.26,0.112,0.128,4.11,,,Ⅲ
2024-04-23T16:00:00+08:00,1713859200,20.9,7.32,5.46,524.7,35.6,3.25,0.099,0.119,3.98,,,Ⅲ
2024-04-23T20:00:00+08:00,1713873600,20.8,7.32,5.42,525.2,33.8,3.26,0.105,0.125,3.98,,,Ⅲ
2024-04-24T00:00:00+08:00,1713888000,20.7,7.31,5.37,524.5,37.6,3.02,0.127,0.132,3.96,,,Ⅲ
2024-04-24T04:00:00+08:00,1713902400,20.6,7.31,5.17,525.8,35.7,3.36,0.114,0.132,3.95,,,Ⅲ
2024-04-24T08:00:00+08:00,1713916800,20.6,7.32,5.37,525.3,68.7,3.31,0.107,0.138,3.98,,,Ⅲ
2024-04-24T12:00:00+08:00,1713931200,21.0,7.3,5.01,526.2,32.4,3.38,0.115,0.129,3.86,,,Ⅲ
2024-04-24T16:00:00+08:00,1713945600,21.5,7.3,5.07,527.1,29.6,3.14,0.095,0.125,3.84,,,Ⅲ
2024-04-24T20:00:00+08:00,1713960000,21.4,7.31,4.99,527.2,30.6,3.3,0.096,0.132,3.82,,,Ⅳ
2024-04-25T00:00:00+08:00,1713974400,21.4,7.29,4.9,527.3,33.3,3.18,0.098,0.123,3.85,,,Ⅳ
2024-04-25T04:00:00+08:00,1713988800,21.2,7.29,4.8,528.8,36.0,3.12,0.094,0.128,3.84,,,Ⅳ
2024-04-25T08:00:00+08:00,1714003200,21.0,7.3,5.06,528.6,28.4,3.3,0.091,0.122,3.78,,,Ⅲ
2024-04-25T12:00:00+08:00,1714017600,21.4,7.3,4.91,528.8,34.8,3.23,0.087,0.126,3.82,,,Ⅳ
2024-04-25T16:00:00+08:00,1714032000,21.3,7.31,5.18,529.9,26.4,3.08,0.077,0.11,3.64,,,Ⅲ
2024-04-25T20:00:00+08:00,1714046400,21.1,7.31,5.13,530.0,35.4,3.25,0.089,0.118,3.79,,,Ⅲ
2024-04-26T00:00:00+08:00,1714060800,21.0,7.31,5.23,530.2,36.9,3.02,0.079,0.13,3.78,,,Ⅲ
2024-04-26T04:00:00+08:00,1714075200,20.8,7.31,4.94,530.8,33.9,3.18,0.08,0.132,3.75,,,Ⅳ
2024-04-26T08:00:00+08:00,1714089600,20.8,7.31,5.12,534.0,31.2,3.22,0.084,0.137,3.78,,,Ⅲ
2024-04-26T12:00:00+08:00,1714104000,20.9,7.31,5.1,532.0,35.6,3.22,0.076,0.13,3.72,,,Ⅲ
2024-04-26T16:00:00+08:00,1714118400,21.2,7.31,5.86,495.4,30.8,,0.06,0.117,3.72,,,
2024-04-26T20:00:00+08:00,1714132800,21.0,7.31,5.98,493.8,35.0,3.29,0.064,0.124,3.73,,,Ⅲ
2024-04-27T00:00:00+08:00,1714147200,20.9,7.31,5.82,494.7,32.8,3.2,0.072,0.123,3.71,,,Ⅲ
2024-04-27T04:00:00+08:00,1714161600,20.8,7.33,5.82,495.3,58.8,3.14,0.063,0.128,3.71,,,Ⅲ
2024-04-27T08:00:00+08:00,1714176000,20.8,7.33,5.94,496.2,51.5,3.14,0.06,0.13,3.8,,,Ⅲ
2024-04-27T12:00:00+08:00,1714190400,20.9,7.33,5.91,496.0,48.4,3.23,0.073,0.131,3.84,,,Ⅲ
2024-04-27T16:00:00+08:00,1714204800,21.0,7.33,5.97,496.1,34.8,3.19,0.06,0.117,3.78,,,Ⅲ
2024-04-27T20:00:00+08:00,1714219200,20.9,7.33,5.92,496.3,31.7,3.06,0.06,0.122,3.76,,,Ⅲ
2024-04-28T00:00:00+08:00,1714233600,20.8,7.33,5.96,496.5,38.2,3.33,0.062,0.121,3.74,,,Ⅲ
2024-04-28T04:00:00+08:00,1714248000,20.7,7.33,5.94,495.6,42.4,3.25,0.066,0.122,3.8,,,Ⅲ
2024-04-28T08:00:00+08:00,1714262400,20.7,7.33,6.02,497.3,43.5,3.19,0.059,0.117,4.03,,,Ⅲ
2024-04-28T12:00:00+08:00,1714276800,20.8,7.33,5.87,498.4,33.9,3.45,0.068,0.124,4.36,,,Ⅲ
2024-04-29T12:00:00+08:00,1714363200,21.0,7.33,5.91,498.2,35.0,3.42,0.073,0.119,3.89,,,Ⅲ
2024-04-29T16:00:00+08:00,1714377600,21.4,7.32,6.09,497.2,36.6,3.16,0.097,0.119,3.91,,,Ⅲ
2024-04-29T20:00:00+08:00,1714392000,21.4,7.32,6.99,496.9,48.8,3.12,,0.131,4.07,,,
2024-04-30T04:00:00+08:00,1714420800,21.3,7.32,5.93,501.6,37.2,3.33,0.092,0.114,3.64,,,Ⅲ
2024-04-30T12:00:00+08:00,1714449600,21.0,7.33,6.23,500.7,32.5,3.38,0.08,0.125,3.77,,,Ⅲ
2024-04-30T16:00:00+08:00,1714464000,21.0,7.32,5.9,499.9,32.3,3.0,0.095,0.117,3.71,,,Ⅲ
2024-04-30T20:00:00+08:00,1714478400,20.8,7.33,6.13,499.4,29.4,2.99,0.075,0.116,3.6,,,Ⅲ
2024-05-01T04:00:00+08:00,1714507200,20.3,7.33,6.14,497.3,40.4,3.25,0.102,0.115,3.68,,,Ⅲ
2024-05-01T08:00:00+08:00,1714521600,20.2,7.33,6.13,498.2,31.8,3.41,0.09,0.115,3.86,,,Ⅲ
2024-05-01T12:00:00+08:00,1714536000,20.8,7.33,6.3,498.8,30.0,3.15,0.086,0.114,3.57,,,Ⅲ
2024-05-01T16:00:00+08:00,1714550400,21.0,7.33,6.19,499.2,30.3,3.03,0.089,0.117,3.82,,,Ⅲ
2024-05-01T20:00:00+08:00,1714564800,20.9,7.33,6.2,499.8,35.7,2.93,0.077,0.112,3.6,,,Ⅲ
2024-05-02T04:00:00+08:00,1714593600,20.4,7.32,6.15,499.9,31.2,3.32,0.121,0.114,3.64,,,Ⅲ
2024-05-02T08:00:00+08:00,1714608000,20.5,7.32,5.88,500.8,28.2,3.04,0.121,0.113,3.59,,,Ⅲ
2024-05-02T12:00:00+08:00,1714622400,21.1,7.33,6.17,502.1,33.3,3.23,0.095,0.114,3.62,,,Ⅲ
2024-05-02T16:00:00+08:00,1714636800,21.1,7.33,5.98,502.7,29.2,2.99,0.108,0.113,3.57,,,Ⅲ
2024-05-02T20:00:00+08:00,1714651200,21.1,7.32,6.96,504.1,33.2,3.33,0.124,0.118,3.72,,,Ⅲ
2024-05-03T04:00:00+08:00,1714680000,20.8,7.33,6.0,507.0,28.1,2.89,0.101,0.108,3.6,,,Ⅲ
2024-05-03T08:00:00+08:00,1714694400,20.8,7.32,6.35,509.1,37.1,3.45,0.094,0.116,3.66,,,Ⅲ
2024-05-03T12:00:00+08:00,1714708800,21.4,7.33,6.17,509.7,25.2,3.04,0.083,0.111,3.54,,,Ⅲ
2024-05-03T16:00:00+08:00,1714723200,21.4,7.33,6.14,507.5,25.4,3.36,0.095,0.113,3.53,,,Ⅲ
2024-05-03T20:00:00+08:00,1714737600,21.3,7.33,6.07,510.6,31.2,3.08,0.089,0.114,3.6,,,Ⅲ
2024-05-04T04:00:00+08:00,1714766400,21.0,7.34,6.38,508.5,29.6,2.96,0.07,0.109,3.49,,,Ⅲ
2024-05-04T08:00:00+08:00,1714780800,21.0,7.36,6.64,510.4,36.7,3.3,0.071,0.114,3.57,,,Ⅲ
2024-05-04T12:00:00+08:00,1714795200,21.0,7.38,7.29,511.0,28.5,3.34,0.064,0.106,3.53,,,Ⅲ
2024-05-04T16:00:00+08:00,1714809600,21.0,7.38,6.39,510.7,25.4,3.23,0.063,0.107,3.5,,,Ⅲ
2024-05-04T20:00:00+08:00,1714824000,20.9,7.37,6.29,511.8,29.4,3.14,0.076,0.111,3.56,,,Ⅲ
2024-05-05T04:00:00+08:00,1714852800,20.8,7.37,6.26,512.7,28.9,3.34,0.064,0.112,3.52,,,Ⅲ
2024-05-05T08:00:00+08:00,1714867200,20.8,7.38,6.19,513.0,37.1,3.2,0.065,0.107,3.56,,,Ⅲ
2024-05-05T12:00:00+08:00,1714881600,20.9,7.38,6.35,514.2,35.9,3.3,0.058,0.109,3.54,,,Ⅲ
2024-05-05T16:00:00+08:00,1714896000,21.0,7.38,6.07,513.2,31.0,3.51,0.054,0.129,3.57,,,Ⅲ
2024-05-06T04:00:00+08:00,1714939200,20.8,7.36,5.88,515.2,32.2,3.37,0.058,0.11,3.46,,,Ⅲ
2024-05-06T08:00:00+08:00,1714953600,20.9,7.36,5.78,515.2,32.1,3.45,0.071,0.121,3.52,,,Ⅲ
2024-05-06T12:00:00+08:00,1714968000,21.4,7.36,5.76,516.9,37.5,3.19,0.059,0.113,3.46,,,Ⅲ
2024-05-06T16:00:00+08:00,1714982400,21.7,7.53,5.93,540.1,30.2,3.53,0.06,0.12,3.78,,,Ⅲ
2024-05-06T20:00:00+08:00,1714996800,21.4,7.5,5.93,540.2,25.2,3.29,0.07,0.116,3.68,,,Ⅲ
2024-05-07T00:00:00+08:00,1715011200,21.5,7.51,6.15,541.8,29.8,3.48,0.06,0.106,3.48,,,Ⅲ
2024-05-07T04:00:00+08:00,1715025600,21.4,7.51,5.94,540.9,34.4,3.16,0.062,0.113,3.54,,,Ⅲ
2024-05-07T08:00:00+08:00,1715040000,21.4,7.48,5.39,541.6,32.5,3.51,0.072,0.117,3.5,,,Ⅲ
2024-05-07T12:00:00+08:00,1715054400,22.0,7.48,5.79,544.7,46.4,3.58,0.061,0.115,3.56,,,Ⅲ
2024-05-07T16:00:00+08:00,1715068800,22.1,7.48,5.84,543.8,37.4,3.37,0.054,0.113,3.58,,,Ⅲ
2024-05-07T20:00:00+08:00,1715083200,22.0,7.47,5.72,545.9,32.4,3.22,0.055,0.11,3.47,,,Ⅲ
2024-05-08T00:00:00+08:00,1715097600,22.1,7.47,5.5,545.8,36.5,3.51,0.06,0.109,3.5,,,Ⅲ
2024-05-08T04:00:00+08:00,1715112000,21.8,7.47,6.56,544.7,45.8,3.51,0.057,0.112,3.59,,,Ⅲ
2024-05-08T08:00:00+08:00,1715126400,21.8,7.47,5.74,546.9,31.4,3.41,0.052,0.117,3.46,,,Ⅲ
2024-05-08T12:00:00+08:00,1715140800,22.4,7.46,5.65,546.5,35.6,3.52,0.057,0.107,3.42,,,Ⅲ
2024-05-08T16:00:00+08:00,1715155200,22.8,7.46,5.68,550.1,38.7,3.56,0.049,0.118,3.5,,,Ⅲ
2024-05-08T20:00:00+08:00,1715169600,22.4,7.47,5.66,548.3,27.6,3.11,0.043,0.104,3.37,,,Ⅲ
2024-05-09T00:00:00+08:00,1715184000,22.5,7.46,5.41,548.3,31.0,3.33,0.057,0.108,3.47,,,Ⅲ
2024-05-09T04:00:00+08:00,1715198400,22.1,7.46,5.54,546.5,39.9,3.51,0.056,0.11,3.63,,,Ⅲ
2024-05-09T08:00:00+08:00,1715212800,22.1,7.46,5.55,558.4,30.5,3.32,0.054,0.11,3.47,,,Ⅲ
2024-05-09T12:00:00+08:00,1715227200,22.8,7.46,5.52,551.0,32.9,3.45,0.055,0.111,3.55,,,Ⅲ
2024-05-09T16:00:00+08:00,1715241600,23.0,7.46,5.66,549.1,41.8,3.37,0.056,0.12,3.59,,,Ⅲ
2024-05-09T20:00:00+08:00,1715256000,22.7,7.46,5.65,551.3,28.6,3.25,0.046,0.109,3.4,,,Ⅲ
2024-05-10T00:00:00+08:00,1715270400,22.7,7.46,5.68,549.4,32.4,3.33,0.047,0.109,3.39,,,Ⅲ
2024-05-10T04:00:00+08:00,1715284800,22.3,7.46,5.64,547.4,32.5,3.16,0.049,0.108,3.41,,,Ⅲ
2024-05-10T08:00:00+08:00,1715299200,22.2,7.47,6.1,554.0,28.4,3.2,0.038,0.109,3.39,,,Ⅲ
2024-05-10T12:00:00+08:00,1715313600,23.0,7.47,5.76,551.0,35.5,3.34,0.045,0.109,3.46,,,Ⅲ
2024-05-10T16:00:00+08:00,1715328000,23.4,7.51,5.29,548.0,27.1,3.06,0.089,0.103,3.38,,,Ⅲ
2024-05-10T20:00:00+08:00,1715342400,23.2,7.49,5.01,549.4,27.2,3.3,0.042,0.108,3.35,,,Ⅲ
2024-05-11T00:00:00+08:00,1715356800,23.2,7.5,5.27,547.7,34.4,3.26,0.047,0.105,3.37,,,Ⅲ
2024-05-11T04:00:00+08:00,1715371200,23.1,7.52,5.28,547.3,31.1,3.14,0.048,0.107,3.35,,,Ⅲ
2024-05-11T08:00:00+08:00,1715385600,23.0,7.52,5.2,548.3,39.1,3.34,0.047,0.109,3.45,,,Ⅲ
2024-05-11T12:00:00+08:00,1715400000,23.1,7.52,5.16,548.4,37.1,3.36,0.052,0.108,3.49,,,Ⅲ
2024-05-11T16:00:00+08:00,1715414400,23.3,7.52,5.25,545.2,31.5,3.12,0.047,0.107,3.28,,,Ⅲ
2024-05-11T20:00:00+08:00,1715428800,23.1,7.53,5.53,544.6,28.3,3.15,0.046,0.105,3.46,,,Ⅲ
2024-05-12T00:00:00+08:00,1715443200,23.1,7.52,5.32,535.5,38.3,3.34,0.066,0.105,3.34,,,Ⅲ
2024-05-12T04:00:00+08:00,1715457600,22.9,7.51,5.09,527.3,29.1,3.16,0.082,0.108,3.41,,,Ⅲ
2024-05-12T08:00:00+08:00,1715472000,22.9,7.52,5.58,539.3,43.4,3.36,0.06,0.118,3.45,,,Ⅲ
2024-05-12T12:00:00+08:00,1715486400,22.8,7.52,5.09,542.4,35.1,3.32,0.072,0.116,3.38,,,Ⅲ
2024-05-12T16:00:00+08:00,1715500800,22.9,7.49,4.81,530.9,33.6,3.52,0.091,0.121,3.46,,,Ⅳ
2024-05-12T20:00:00+08:00,1715515200,22.7,7.5,4.85,529.9,27.6,3.38,0.077,0.116,3.41,,,Ⅳ
2024-05-13T00:00:00+08:00,1715529600,22.3,7.48,4.72,524.5,34.5,3.6,0.104,0.122,3.54,,,Ⅳ
2024-05-13T04:00:00+08:00,1715544000,22.1,7.46,4.57,523.6,36.6,3.67,0.098,0.122,3.47,,,Ⅳ
2024-05-13T08:00:00+08:00,1715558400,22.2,7.47,4.73,524.5,40.1,3.75,0.096,0.124,3.55,,,Ⅳ
2024-05-13T12:00:00+08:00,1715572800,22.6,7.46,4.41,525.8,42.0,3.48,0.1,0.13,3.47,,,Ⅳ
2024-05-13T16:00:00+08:00,1715587200,23.1,7.46,4.88,524.2,37.4,3.55,0.088,0.121,3.48,,,Ⅳ
2024-05-13T20:00:00+08:00,1715601600,23.0,7.46,4.85,522.1,25.5,3.44,0.078,0.118,3.31,,,Ⅳ
2024-05-14T00:00:00+08:00,1715616000,23.0,7.46,4.73,522.2,31.2,3.4,0.096,0.114,3.34,,,Ⅳ
2024-05-14T04:00:00+08:00,1715630400,22.4,7.45,4.6,522.1,37.2,3.62,0.13,0.119,3.41,,,Ⅳ
2024-05-14T08:00:00+08:00,1715644800,22.7,7.45,4.62,523.0,33.0,3.48,0.113,0.124,3.44,,,Ⅳ
2024-05-14T12:00:00+08:00,1715659200,23.3,7.46,4.67,525.1,30.2,3.37,0.101,0.125,3.38,,,Ⅳ
2024-05-14T16:00:00+08:00,1715673600,23.6,7.45,4.51,524.3,32.2,3.63,0.118,0.125,3.35,,,Ⅳ
2024-05-14T20:00:00+08:00,1715688000,23.6,7.45,4.56,522.5,27.7,3.44,0.107,0.119,3.28,,,Ⅳ
2024-05-15T00:00:00+08:00,1715702400,23.4,7.45,4.59,520.7,33.0,3.23,0.112,0.126,3.33,,,Ⅳ
2024-05-15T04:00:00+08:00,1715716800,23.0,7.44,4.36,520.9,33.5,3.29,0.146,0.124,3.39,,,Ⅳ
2024-05-15T08:00:00+08:00,1715731200,23.1,7.45,4.53,520.5,25.9,3.41,0.114,0.122,3.28,,,Ⅳ
2024-05-15T12:00:00+08:00,1715745600,23.7,7.45,4.59,523.7,28.8,3.59,0.103,0.12,3.33,,,Ⅳ
2024-05-15T16:00:00+08:00,1715760000,23.8,7.46,4.69,524.8,29.8,3.45,0.122,0.123,3.33,,,Ⅳ
2024-05-15T20:00:00+08:00,1715774400,23.5,7.46,4.78,522.3,28.2,3.22,0.105,0.121,3.28,,,Ⅳ
2024-05-16T00:00:00+08:00,1715788800,23.3,7.46,4.78,520.6,25.6,3.23,0.101,0.12,3.3,,,Ⅳ
2024-05-16T04:00:00+08:00,1715803200,23.2,7.47,4.96,520.5,29.8,3.49,0.099,0.123,3.27,,,Ⅳ
2024-05-16T12:00:00+08:00,1715832000,23.4,7.48,4.4,523.6,29.3,4.34,0.101,0.126,3.31,,,Ⅳ
2024-05-16T16:00:00+08:00,1715846400,23.6,7.49,4.42,524.7,31.2,3.71,0.099,0.122,3.27,,,Ⅳ
2024-05-16T20:00:00+08:00,1715860800,23.5,7.51,4.46,524.0,37.4,3.67,0.106,0.12,3.26,,,Ⅳ
2024-05-17T00:00:00+08:00,1715875200,23.3,7.52,4.69,521.8,40.8,4.07,0.092,0.116,3.28,,,Ⅳ
2024-05-17T04:00:00+08:00,1715889600,23.0,7.53,4.84,521.4,40.6,4.01,0.079,0.122,3.21,,,Ⅳ
2024-05-17T08:00:00+08:00,1715904000,22.9,7.54,4.82,521.2,45.8,3.97,0.079,0.119,3.28,,,Ⅳ
2024-05-17T12:00:00+08:00,1715918400,23.6,7.55,5.02,522.6,39.6,3.85,0.069,0.114,3.19,,,Ⅲ
2024-05-17T16:00:00+08:00,1715932800,23.8,7.55,5.04,523.0,38.8,4.14,0.065,0.105,3.24,,,Ⅲ
2024-05-17T20:00:00+08:00,1715947200,23.9,7.53,4.77,522.4,39.6,3.88,0.08,0.114,3.21,,,Ⅳ
2024-05-18T00:00:00+08:00,1715961600,23.8,7.55,5.46,521.4,31.2,4.01,0.061,0.104,3.21,,,Ⅲ
2024-05-18T04:00:00+08:00,1715976000,23.7,7.54,4.89,520.7,33.8,3.82,0.062,0.114,3.24,,,Ⅳ
2024-05-18T08:00:00+08:00,1715990400,23.7,7.53,4.81,518.9,37.0,4.01,0.067,0.111,3.21,,,Ⅳ
2024-05-18T12:00:00+08:00,1716004800,24.4,7.54,5.11,519.9,31.6,3.81,0.052,0.11,3.12,,,Ⅲ
2024-05-18T16:00:00+08:00,1716019200,24.8,7.54,5.02,525.6,25.4,3.8,0.051,0.106,3.18,,,Ⅲ
2024-05-18T20:00:00+08:00,1716033600,24.8,7.54,4.98,522.7,30.0,4.06,0.059,0.113,3.16,,,Ⅳ
2024-05-19T00:00:00+08:00,1716048000,24.6,7.53,5.02,519.1,26.6,3.88,0.049,0.11,3.09,,,Ⅲ
2024-05-19T04:00:00+08:00,1716062400,24.4,7.54,4.97,520.3,27.0,3.88,0.052,0.116,3.13,,,Ⅳ
2024-05-19T08:00:00+08:00,1716076800,24.4,7.54,4.96,518.3,26.5,3.99,0.051,0.116,3.18,,,Ⅳ
2024-05-19T12:00:00+08:00,1716091200,25.1,7.54,4.96,521.8,30.1,4.11,0.046,0.111,3.13,,,Ⅳ
2024-05-19T16:00:00+08:00,1716105600,25.1,7.55,5.0,523.5,28.6,3.9,0.044,0.114,3.04,,,Ⅲ
2024-05-19T20:00:00+08:00,1716120000,25.0,7.51,5.18,523.7,35.3,4.18,0.056,0.118,3.16,,,Ⅲ
2024-05-20T00:00:00+08:00,1716134400,24.8,7.51,4.76,520.3,29.7,4.18,0.047,0.115,3.06,,,Ⅳ
2024-05-20T04:00:00+08:00,1716148800,24.7,7.51,5.14,521.2,32.7,4.08,0.049,0.115,3.08,,,Ⅲ
2024-05-20T08:00:00+08:00,1716163200,24.7,7.51,4.8,520.7,38.2,3.81,0.055,0.118,3.18,,,Ⅳ
2024-05-20T12:00:00+08:00,1716177600,25.1,7.52,4.79,521.0,42.2,4.06,0.056,0.114,3.21,,,Ⅳ
2024-05-20T16:00:00+08:00,1716192000,25.3,7.53,4.81,522.7,36.8,4.07,0.052,0.117,3.16,,,Ⅳ
2024-05-20T20:00:00+08:00,1716206400,25.1,7.52,4.75,521.4,38.8,4.1,0.059,0.12,3.28,,,Ⅳ
2024-05-21T00:00:00+08:00,1716220800,25.0,7.52,4.67,518.0,35.4,4.19,0.062,0.114,3.16,,,Ⅳ
2024-05-21T08:00:00+08:00,1716249600,24.9,7.51,4.67,520.7,34.4,4.22,0.056,0.124,3.23,,,Ⅳ
2024-05-21T12:00:00+08:00,1716264000,25.1,7.51,4.69,517.5,36.9,3.99,0.052,0.115,3.19,,,Ⅳ
2024-05-21T16:00:00+08:00,1716278400,25.1,7.54,4.88,520.0,30.9,3.82,0.049,0.112,3.06,,,Ⅳ
2024-05-21T20:00:00+08:00,1716292800,25.0,7.51,4.85,519.2,33.1,3.88,0.051,0.119,3.12,,,Ⅳ
2024-05-22T00:00:00+08:00,1716307200,24.8,7.51,4.61,515.1,34.8,3.96,0.057,0.116,3.11,,,Ⅳ
2024-05-22T08:00:00+08:00,1716336000,24.6,7.51,4.67,520.5,39.9,4.01,0.058,0.125,3.17,,,Ⅳ
2024-05-23T08:00:00+08:00,1716422400,24.7,7.55,4.6,469.5,69.6,4.22,0.396,0.125,3.15,,,Ⅳ
2024-05-23T12:00:00+08:00,1716436800,25.0,7.53,4.46,463.5,79.7,4.12,0.126,0.125,3.18,,,Ⅳ
2024-05-23T16:00:00+08:00,1716451200,25.5,7.55,4.52,463.8,59.4,4.16,0.099,0.119,3.03,,,Ⅳ
2024-05-23T20:00:00+08:00,1716465600,25.2,7.53,4.46,465.1,65.4,4.14,0.107,0.118,3.03,,,Ⅳ
2024-05-24T04:00:00+08:00,1716494400,25.0,7.53,4.38,462.5,75.2,4.14,0.108,0.126,3.15,,,Ⅳ
2024-05-24T08:00:00+08:00,1716508800,25.0,7.54,4.54,469.2,56.7,4.22,0.083,0.12,3.03,,,Ⅳ
2024-05-24T16:00:00+08:00,1716537600,25.9,7.51,4.33,463.6,58.7,4.1,0.082,0.121,3.05,,,Ⅳ
2024-05-24T20:00:00+08:00,1716552000,25.6,7.51,4.4,464.2,61.4,4.03,0.078,0.121,3.08,,,Ⅳ
2024-05-25T04:00:00+08:00,1716580800,25.6,7.51,4.3,463.4,70.0,3.99,0.078,0.122,3.08,,,Ⅳ
2024-05-25T08:00:00+08:00,1716595200,25.3,7.54,4.51,474.5,63.2,4.15,0.054,0.12,2.97,,,Ⅳ
2024-05-25T12:00:00+08:00,1716609600,25.6,7.51,4.48,464.9,71.8,4.06,0.064,0.122,3.07,,,Ⅳ
2024-05-25T16:00:00+08:00,1716624000,26.1,7.52,4.47,465.6,58.0,3.92,0.057,0.122,2.95,,,Ⅳ
2024-05-25T20:00:00+08:00,1716638400,25.8,7.53,4.53,464.5,64.3,3.92,0.055,0.125,3.05,,,Ⅳ
2024-05-26T04:00:00+08:00,1716667200,25.7,7.52,4.87,463.4,58.6,4.14,0.064,0.124,3.1,,,Ⅳ
2024-05-26T08:00:00+08:00,1716681600,25.7,7.55,4.51,470.6,62.4,4.34,0.046,0.122,2.95,,,Ⅳ
2024-05-26T12:00:00+08:00,1716696000,26.2,7.54,4.5,469.6,65.2,4.29,0.051,0.131,3.09,,,Ⅳ
2024-05-26T16:00:00+08:00,1716710400,26.4,7.54,4.4,466.2,55.9,4.18,0.054,0.124,2.97,,,Ⅳ
2024-05-26T20:00:00+08:00,1716724800,26.4,7.54,4.4,466.6,63.8,4.01,0.049,0.125,2.93,,,Ⅳ
2024-05-27T04:00:00+08:00,1716753600,26.4,7.52,4.14,464.6,64.8,3.96,0.067,0.124,2.98,,,Ⅳ
2024-05-27T08:00:00+08:00,1716768000,26.2,7.56,4.41,473.6,84.1,4.14,0.051,0.125,3.0,,,Ⅳ
2024-05-27T12:00:00+08:00,1716782400,26.1,7.57,4.49,476.2,69.1,4.04,0.046,0.133,2.98,,,Ⅳ
2024-05-27T16:00:00+08:00,1716796800,25.8,7.56,4.45,463.5,60.1,4.12,0.053,0.128,2.94,,,Ⅳ
2024-05-27T20:00:00+08:00,1716811200,25.4,7.57,4.53,468.1,55.5,3.96,0.044,0.127,2.87,,,Ⅳ
2024-05-28T04:00:00+08:00,1716840000,24.9,7.55,4.03,461.4,54.8,3.81,0.065,0.133,2.97,,,Ⅳ
2024-05-28T08:00:00+08:00,1716854400,25.0,7.56,4.37,467.2,80.8,4.12,0.054,0.137,3.08,,,Ⅳ
2024-05-28T12:00:00+08:00,1716868800,25.4,7.58,4.5,468.7,57.4,4.22,0.049,0.133,2.97,,,Ⅳ
2024-05-28T16:00:00+08:00,1716883200,25.8,7.55,4.23,463.8,66.0,4.18,0.077,0.133,2.93,,,Ⅳ
2024-05-28T20:00:00+08:00,1716897600,25.5,7.55,4.17,464.9,51.2,4.04,0.063,0.13,2.89,,,Ⅳ
2024-05-29T04:00:00+08:00,1716926400,25.1,7.54,3.76,465.8,66.8,4.07,0.108,0.134,2.95,,,Ⅳ
2024-05-29T08:00:00+08:00,1716940800,25.0,7.55,3.9,466.1,71.0,4.27,0.092,0.139,3.05,,,Ⅳ
2024-05-29T12:00:00+08:00,1716955200,25.5,7.58,4.38,469.6,52.5,4.12,0.064,0.136,2.87,,,Ⅳ
2024-05-29T16:00:00+08:00,1716969600,25.8,7.56,4.13,466.2,83.0,4.03,0.088,0.141,2.97,,,Ⅳ
2024-05-29T20:00:00+08:00,1716984000,25.5,7.56,4.12,465.7,49.9,4.1,0.077,0.135,2.83,,,Ⅳ
2024-05-30T04:00:00+08:00,1717012800,25.1,7.55,3.87,467.0,56.9,3.78,0.106,0.138,2.98,,,Ⅳ
2024-05-30T08:00:00+08:00,1717027200,25.0,7.56,3.95,468.2,74.2,4.1,0.091,0.133,2.93,,,Ⅳ
2024-05-30T12:00:00+08:00,1717041600,25.6,7.58,4.42,466.5,50.4,3.89,0.067,0.13,2.83,,,Ⅳ
2024-05-30T16:00:00+08:00,1717056000,25.9,7.55,3.84,470.5,56.0,3.72,,,,,,
2024-05-30T20:00:00+08:00,1717070400,25.6,7.55,3.89,466.6,51.0,3.85,0.091,0.133,2.82,,,Ⅳ
2024-05-31T04:00:00+08:00,1717099200,25.4,7.55,4.12,466.2,53.8,3.69,0.112,0.139,2.72,,,Ⅳ
2024-05-31T08:00:00+08:00,1717113600,25.1,7.55,3.79,462.5,49.6,3.62,0.117,0.136,2.84,,,Ⅳ
2024-05-31T12:00:00+08:00,1717128000,25.2,7.56,3.88,466.3,51.3,3.91,0.09,0.141,2.8,,,Ⅳ
2024-05-31T16:00:00+08:00,1717142400,25.2,7.54,3.75,466.1,45.4,3.64,0.132,0.142,2.79,,,Ⅳ
2024-05-31T20:00:00+08:00,1717156800,25.0,7.54,3.78,459.9,58.8,3.84,0.123,0.141,2.86,,,Ⅳ
2024-06-01T00:00:00+08:00,1717171200,24.8,7.54,3.74,460.1,46.0,3.96,0.106,0.139,2.81,,,Ⅳ
2024-06-01T04:00:00+08:00,1717185600,24.6,7.53,3.64,458.6,53.9,3.64,0.114,0.139,2.84,,,Ⅳ
2024-06-01T08:00:00+08:00,1717200000,24.3,7.5,3.41,453.9,47.8,3.81,0.148,0.138,2.9,,,Ⅳ
2024-06-01T12:00:00+08:00,1717214400,24.6,7.51,3.45,458.0,55.9,3.75,0.136,0.14,2.93,,,Ⅳ
2024-06-01T16:00:00+08:00,1717228800,24.8,7.51,3.48,458.3,44.0,3.91,0.146,0.141,2.9,,,Ⅳ
2024-06-01T20:00:00+08:00,1717243200,24.6,7.47,3.34,454.9,60.0,3.72,0.174,0.145,2.94,,,Ⅳ
2024-06-02T00:00:00+08:00,1717257600,24.3,7.47,3.29,454.1,46.6,3.93,0.138,0.14,2.92,,,Ⅳ
2024-06-02T08:00:00+08:00,1717286400,24.2,7.46,3.07,454.9,67.5,3.77,0.166,0.145,3.04,,,Ⅳ
2024-06-02T12:00:00+08:00,1717300800,24.4,7.47,3.26,456.2,56.9,3.83,0.144,0.141,2.98,,,Ⅳ
2024-06-02T16:00:00+08:00,1717315200,24.6,7.48,3.29,457.5,54.6,3.71,0.145,0.14,2.94,,,Ⅳ
2024-06-02T20:00:00+08:00,1717329600,24.4,7.46,2.87,457.8,65.6,4.03,0.203,0.144,3.04,,,Ⅴ
2024-06-03T00:00:00+08:00,1717344000,24.3,7.46,2.83,457.3,41.8,3.93,0.168,0.139,2.93,,,Ⅴ
2024-06-03T04:00:00+08:00,1717358400,24.2,7.46,2.89,457.6,48.5,3.67,0.159,0.139,2.92,,,Ⅴ
2024-06-03T12:00:00+08:00,1717387200,24.8,7.46,2.71,460.0,55.4,3.83,0.163,0.141,2.94,,,Ⅴ
2024-06-03T16:00:00+08:00,1717401600,25.2,7.47,3.02,461.4,48.5,3.76,0.145,0.135,2.91,,,Ⅳ
2024-06-03T20:00:00+08:00,1717416000,25.1,7.46,2.83,462.6,60.4,3.99,0.158,0.139,2.95,,,Ⅴ
2024-06-04T00:00:00+08:00,1717430400,25.1,7.46,4.3,463.8,43.7,3.71,0.132,0.13,2.93,,,Ⅳ
2024-06-04T04:00:00+08:00,1717444800,24.9,7.47,4.21,461.6,60.6,3.84,0.132,0.142,3.01,,,Ⅳ
2024-06-04T08:00:00+08:00,1717459200,24.9,7.46,4.26,462.5,61.3,4.01,0.138,0.141,3.02,,,Ⅳ
2024-06-04T12:00:00+08:00,1717473600,25.7,7.46,4.32,465.0,46.9,3.88,0.103,0.135,2.86,,,Ⅳ
2024-06-04T16:00:00+08:00,1717488000,25.7,7.5,4.49,530.9,41.3,3.83,0.102,0.137,2.89,,,Ⅳ
2024-06-04T20:00:00+08:00,1717502400,25.7,7.51,4.35,531.0,40.5,4.0,0.096,0.151,2.87,,,Ⅳ
2024-06-05T00:00:00+08:00,1717516800,25.6,7.5,4.3,532.2,37.5,4.13,0.09,0.144,2.82,,,Ⅳ
2024-06-05T04:00:00+08:00,1717531200,25.3,7.52,4.35,532.4,52.1,3.75,0.083,0.143,2.85,,,Ⅳ
2024-06-05T08:00:00+08:00,1717545600,25.3,7.52,4.38,533.9,44.4,4.07,0.08,0.142,2.88,,,Ⅳ
2024-06-05T12:00:00+08:00,1717560000,25.4,7.51,4.31,532.8,52.2,3.97,0.078,0.138,2.83,,,Ⅳ
2024-06-05T20:00:00+08:00,1717588800,25.1,7.52,4.4,532.9,45.8,4.03,0.073,0.158,2.86,,,Ⅳ
2024-06-06T04:00:00+08:00,1717617600,24.7,7.51,4.42,529.4,60.4,3.69,0.074,0.15,2.93,,,Ⅳ
2024-06-06T08:00:00+08:00,1717632000,24.7,7.53,4.42,536.2,43.7,3.76,0.063,0.15,2.87,,,Ⅳ
2024-06-06T12:00:00+08:00,1717646400,24.6,7.5,4.32,529.0,45.7,3.92,0.086,0.153,2.84,,,Ⅳ
2024-06-06T16:00:00+08:00,1717660800,24.6,7.51,4.4,530.1,40.6,3.8,0.071,0.147,2.81,,,Ⅳ
2024-06-06T20:00:00+08:00,1717675200,24.5,7.5,4.41,527.6,47.4,3.8,0.076,0.148,2.86,,,Ⅳ
2024-06-07T04:00:00+08:00,1717704000,24.1,7.5,4.35,528.0,63.8,4.2,0.098,0.142,2.96,,,Ⅳ
2024-06-07T08:00:00+08:00,1717718400,24.3,7.54,4.46,540.5,59.0,4.29,0.079,0.151,2.92,,,Ⅳ
2024-06-07T12:00:00+08:00,1717732800,24.4,7.51,4.43,529.8,61.5,4.42,0.088,0.146,2.95,,,Ⅳ
2024-06-07T16:00:00+08:00,1717747200,24.6,7.51,4.39,532.0,51.0,4.04,0.071,0.141,2.82,,,Ⅳ
2024-06-07T20:00:00+08:00,1717761600,24.4,7.51,4.28,531.2,52.9,3.91,0.084,0.148,2.86,,,Ⅳ
2024-06-08T04:00:00+08:00,1717790400,24.3,7.5,4.11,531.0,63.0,4.31,0.097,0.149,2.88,,,Ⅳ
2024-06-08T08:00:00+08:00,1717804800,24.3,7.54,4.34,544.6,49.0,4.21,0.094,0.148,2.91,,,Ⅳ
2024-06-08T12:00:00+08:00,1717819200,24.9,7.51,4.22,536.6,56.3,4.16,0.078,0.147,2.83,,,Ⅳ
2024-06-08T16:00:00+08:00,1717833600,25.4,7.49,4.3,535.1,44.2,4.28,0.072,0.14,2.74,,,Ⅳ
2024-06-08T20:00:00+08:00,1717848000,25.2,7.5,4.21,536.0,37.7,4.21,0.063,0.14,2.77,,,Ⅳ
2024-06-09T00:00:00+08:00,1717862400,25.2,7.47,4.06,536.1,57.4,4.03,0.073,0.145,2.84,,,Ⅳ
2024-06-09T04:00:00+08:00,1717876800,25.2,7.46,3.92,537.4,62.2,4.36,0.082,0.142,2.8,,,Ⅳ
2024-06-09T08:00:00+08:00,1717891200,25.1,7.51,4.3,547.0,54.4,4.32,0.069,0.146,2.87,,,Ⅳ
2024-06-09T12:00:00+08:00,1717905600,25.4,7.51,4.3,539.8,48.1,4.12,0.055,0.14,2.77,,,Ⅳ
2024-06-09T20:00:00+08:00,1717934400,25.8,7.48,4.02,539.9,41.1,4.21,0.055,0.14,2.74,,,Ⅳ
2024-06-10T04:00:00+08:00,1717963200,25.8,7.46,3.68,539.8,42.4,4.42,0.066,0.146,2.77,,,Ⅳ
2024-06-10T08:00:00+08:00,1717977600,25.6,7.48,4.05,542.6,49.7,4.58,0.05,0.142,2.79,,,Ⅳ
2024-06-10T12:00:00+08:00,1717992000,25.7,7.48,4.07,542.4,44.1,4.52,0.05,0.146,2.78,,,Ⅳ
2024-06-10T16:00:00+08:00,1718006400,25.6,7.46,3.69,539.7,45.4,4.5,0.079,0.14,2.82,,,Ⅳ
2024-06-10T20:00:00+08:00,1718020800,25.6,7.46,3.79,541.4,33.0,4.29,0.054,0.133,2.64,,,Ⅳ
2024-06-11T04:00:00+08:00,1718049600,25.1,7.44,3.36,536.8,38.4,4.59,0.115,0.146,2.82,,,Ⅳ
2024-06-11T08:00:00+08:00,1718064000,25.2,7.45,3.65,539.8,47.1,4.72,0.076,0.147,2.84,,,Ⅳ
2024-06-11T12:00:00+08:00,1718078400,25.3,7.46,3.64,542.1,45.9,4.6,0.07,0.141,2.82,,,Ⅳ
2024-06-11T16:00:00+08:00,1718092800,25.1,7.42,3.7,536.8,91.1,4.87,0.127,0.152,3.16,,,Ⅳ
2024-06-11T20:00:00+08:00,1718107200,25.0,7.42,3.75,537.6,38.8,4.66,0.097,0.141,,,,Ⅳ
2024-06-12T04:00:00+08:00,1718136000,24.9,7.4,3.65,538.2,71.9,4.62,0.134,0.139,3.83,,,Ⅳ
2024-06-12T08:00:00+08:00,1718150400,24.9,7.41,3.64,539.2,49.4,4.8,0.116,0.147,2.95,,,Ⅳ
2024-06-12T12:00:00+08:00,1718164800,25.0,7.42,3.63,538.6,83.6,5.0,0.119,0.152,3.14,,,Ⅳ
2024-06-12T16:00:00+08:00,1718179200,25.3,7.4,3.55,539.7,66.0,4.9,0.114,0.146,3.01,,,Ⅳ
2024-06-13T04:00:00+08:00,1718222400,25.3,7.35,3.19,541.2,71.3,5.27,0.117,0.146,2.98,,,Ⅳ
2024-06-13T08:00:00+08:00,1718236800,25.3,7.36,3.68,542.6,42.3,5.08,0.096,0.143,2.85,,,Ⅳ
2024-06-13T12:00:00+08:00,1718251200,25.8,7.39,3.83,541.8,198.5,5.15,0.122,0.153,3.25,,,Ⅳ
2024-06-13T16:00:00+08:00,1718265600,26.3,7.35,4.58,543.8,110.8,5.69,0.108,0.153,3.22,,,Ⅳ
2024-06-13T20:00:00+08:00,1718280000,26.1,7.35,3.64,544.1,90.8,5.67,0.1,0.159,3.26,,,Ⅳ
2024-06-14T00:00:00+08:00,1718294400,26.1,7.35,4.6,544.6,86.7,5.5,0.086,0.144,3.0,,,Ⅳ
2024-06-14T04:00:00+08:00,1718308800,26.2,7.35,4.7,545.3,51.0,5.3,0.084,0.144,2.93,,,Ⅳ
2024-06-14T08:00:00+08:00,1718323200,26.2,7.36,3.64,545.6,38.1,5.78,0.063,0.143,2.8,,,Ⅳ
2024-06-14T12:00:00+08:00,1718337600,26.4,7.36,4.76,541.9,78.8,5.43,0.081,0.151,3.0,,,Ⅳ
2024-06-14T16:00:00+08:00,1718352000,26.8,7.35,4.47,546.0,80.6,5.48,0.071,0.146,2.84,,,Ⅳ
2024-06-14T20:00:00+08:00,1718366400,26.7,7.35,3.53,544.0,59.2,5.54,0.073,0.146,1.99,,,Ⅳ
2024-06-15T00:00:00+08:00,1718380800,26.6,7.35,4.03,545.9,51.4,5.46,0.037,0.139,1.96,,,Ⅳ
2024-06-15T04:00:00+08:00,1718395200,26.6,7.39,3.56,543.7,86.8,,0.442,0.138,,,,
2024-06-15T08:00:00+08:00,1718409600,26.5,7.38,4.84,543.7,38.4,,0.152,0.05,,,,
2024-06-15T12:00:00+08:00,1718424000,27.0,7.4,5.25,550.2,61.8,,0.107,0.005,,,,
2024-06-15T16:00:00+08:00,1718438400,27.6,7.41,4.0,547.2,47.2,,0.081,0.148,2.46,,,
2024-06-15T20:00:00+08:00,1718452800,27.6,7.38,3.79,547.0,34.5,6.33,0.078,0.148,2.47,,,Ⅳ
2024-06-16T00:00:00+08:00,1718467200,27.4,7.38,3.54,548.5,30.2,5.75,0.058,0.145,2.43,,,Ⅳ
2024-06-16T04:00:00+08:00,1718481600,27.4,7.39,3.63,549.7,31.3,5.66,0.067,0.144,2.44,,,Ⅳ
2024-06-16T08:00:00+08:00,1718496000,27.5,7.39,3.73,549.8,35.3,7.14,0.072,0.143,2.42,,,Ⅳ
2024-06-16T12:00:00+08:00,1718510400,28.0,7.41,4.14,549.8,29.1,6.1,0.055,0.141,2.39,,,Ⅳ
2024-06-16T20:00:00+08:00,1718539200,27.7,7.41,4.31,553.9,41.6,5.77,0.057,0.144,2.34,,,Ⅳ
2024-06-17T00:00:00+08:00,1718553600,27.6,7.43,4.32,553.4,29.0,5.54,0.047,0.141,2.34,,,Ⅳ
2024-06-17T04:00:00+08:00,1718568000,27.6,7.41,4.36,554.5,30.6,5.43,0.064,0.143,2.41,,,Ⅳ
2024-06-17T08:00:00+08:00,1718582400,27.6,7.42,4.41,553.3,40.3,5.52,0.045,0.145,2.33,,,Ⅳ
2024-06-17T12:00:00+08:00,1718596800,27.7,7.44,5.92,554.1,75.8,5.71,0.044,0.147,2.31,,,Ⅲ
2024-06-17T16:00:00+08:00,1718611200,27.6,7.45,4.39,553.7,40.1,5.81,0.045,0.14,2.34,,,Ⅳ
2024-06-17T20:00:00+08:00,1718625600,27.5,7.45,4.38,557.8,37.4,6.05,0.053,0.142,2.3,,,Ⅳ
2024-06-18T04:00:00+08:00,1718654400,27.2,7.45,4.57,560.3,33.5,6.03,0.047,0.146,2.33,,,Ⅲ
2024-06-18T08:00:00+08:00,1718668800,27.2,7.45,4.58,557.0,41.2,5.82,0.046,0.144,2.29,,,Ⅳ
2024-06-18T12:00:00+08:00,1718683200,27.6,7.45,6.06,559.4,37.6,6.33,0.049,0.148,2.29,,,Ⅳ
2024-06-18T16:00:00+08:00,1718697600,27.6,7.46,5.01,560.7,33.8,5.59,0.04,0.139,2.28,,,Ⅲ
2024-06-18T20:00:00+08:00,1718712000,27.5,7.45,5.16,563.0,47.3,6.33,0.052,0.15,2.3,,,Ⅳ
2024-06-19T04:00:00+08:00,1718740800,27.0,7.45,3.68,561.0,49.2,6.23,0.042,0.144,2.28,,,Ⅳ
2024-06-19T08:00:00+08:00,1718755200,27.0,7.45,4.58,558.8,60.1,5.74,0.055,0.151,2.3,,,Ⅳ
2024-06-19T12:00:00+08:00,1718769600,26.9,7.45,4.1,547.4,49.5,6.62,0.068,0.142,2.32,,,Ⅳ
2024-06-19T16:00:00+08:00,1718784000,26.9,7.45,3.95,546.2,42.7,6.82,0.071,0.151,2.33,,,Ⅳ
2024-06-19T20:00:00+08:00,1718798400,26.8,7.44,3.79,542.5,61.0,7.3,0.087,0.176,2.41,,,Ⅳ
2024-06-20T04:00:00+08:00,1718827200,26.5,7.42,4.57,534.8,56.9,7.16,0.095,0.16,2.43,,,Ⅳ
2024-06-20T08:00:00+08:00,1718841600,26.4,7.42,4.71,527.7,68.2,7.8,0.124,0.15,2.58,,,Ⅳ
2024-06-20T12:00:00+08:00,1718856000,26.3,7.38,4.64,485.5,66.9,7.68,0.219,0.131,2.93,,,Ⅳ
2024-06-20T16:00:00+08:00,1718870400,26.4,7.37,4.48,476.5,59.3,6.89,0.172,0.103,2.89,,,Ⅳ
2024-06-20T20:00:00+08:00,1718884800,26.5,7.36,4.42,469.0,72.5,6.7,0.194,0.099,2.89,,,Ⅳ
2024-06-21T04:00:00+08:00,1718913600,26.5,7.35,3.18,472.5,63.3,6.86,0.176,0.094,2.94,,,Ⅳ
2024-06-21T08:00:00+08:00,1718928000,26.5,7.34,4.18,470.8,60.1,7.02,0.17,0.093,2.93,,,Ⅳ
2024-06-21T12:00:00+08:00,1718942400,26.4,7.3,4.32,468.2,53.5,7.22,0.198,0.103,2.93,,,Ⅳ
2024-06-21T16:00:00+08:00,1718956800,26.5,7.29,4.21,465.5,42.5,7.13,0.171,0.101,2.94,,,Ⅳ
2024-06-21T20:00:00+08:00,1718971200,26.5,7.29,4.26,464.5,41.0,7.09,0.19,0.111,3.01,,,Ⅳ
2024-06-22T00:00:00+08:00,1718985600,26.5,7.25,3.53,462.3,52.1,7.37,0.228,0.116,3.12,,,Ⅳ
2024-06-22T04:00:00+08:00,1719000000,26.5,7.26,2.91,463.0,51.9,7.41,0.196,0.123,3.06,,,Ⅴ
2024-06-22T08:00:00+08:00,1719014400,26.5,7.3,2.43,465.1,56.0,6.97,0.168,0.106,3.03,,,Ⅴ
2024-06-22T12:00:00+08:00,1719028800,26.9,7.29,1.97,462.6,46.6,7.0,0.233,0.106,3.21,,,劣Ⅴ
2024-06-22T16:00:00+08:00,1719043200,26.9,7.25,1.76,462.6,47.4,7.29,0.198,0.116,3.17,,,劣Ⅴ
2024-06-22T20:00:00+08:00,1719057600,26.9,7.26,1.72,462.1,42.9,7.3,0.187,0.118,3.16,,,劣Ⅴ
2024-06-23T00:00:00+08:00,1719072000,27.0,7.24,1.43,456.0,37.5,7.62,0.247,0.132,3.25,,,劣Ⅴ
2024-06-23T04:00:00+08:00,1719086400,26.9,7.24,1.71,454.7,56.3,7.44,0.224,0.142,3.19,,,劣Ⅴ
2024-06-23T08:00:00+08:00,1719100800,26.9,7.29,1.89,461.5,50.5,7.18,0.195,0.138,3.14,,,劣Ⅴ
2024-06-23T12:00:00+08:00,1719115200,26.8,7.29,1.86,455.6,53.0,7.52,0.202,0.182,3.16,,,劣Ⅴ
2024-06-23T16:00:00+08:00,1719129600,26.5,7.27,1.87,450.6,41.8,7.6,0.239,0.216,3.16,,,劣Ⅴ
2024-06-23T20:00:00+08:00,1719144000,26.5,7.29,1.83,449.5,47.4,7.38,0.26,0.23,3.04,,,劣Ⅴ
2024-06-24T00:00:00+08:00,1719158400,26.4,7.28,1.8,443.6,60.8,7.64,0.328,0.239,3.04,,,劣Ⅴ
2024-06-24T04:00:00+08:00,1719172800,26.3,7.27,1.72,445.8,52.4,7.22,0.322,0.244,3.08,,,劣Ⅴ
2024-06-24T08:00:00+08:00,1719187200,26.4,7.25,1.65,445.6,54.4,7.65,0.252,0.246,3.02,,,劣Ⅴ
2024-06-24T12:00:00+08:00,1719201600,26.3,7.25,1.45,446.2,55.1,7.52,0.302,0.247,3.05,,,劣Ⅴ
2024-06-24T16:00:00+08:00,1719216000,26.4,7.25,1.46,447.9,41.4,7.21,0.334,0.247,3.03,,,劣Ⅴ
2024-06-24T20:00:00+08:00,1719230400,26.3,7.25,1.36,450.4,39.5,7.17,0.314,0.251,3.09,,,劣Ⅴ
2024-06-25T00:00:00+08:00,1719244800,26.1,7.24,1.43,446.0,45.2,7.56,0.348,0.261,3.06,,,劣Ⅴ
2024-06-25T08:00:00+08:00,1719273600,25.9,7.28,1.33,444.9,56.4,7.33,0.299,0.256,3.03,,,劣Ⅴ
2024-06-25T12:00:00+08:00,1719288000,25.9,7.29,1.38,444.9,49.1,7.5,0.3,0.26,3.06,,,劣Ⅴ
2024-06-25T16:00:00+08:00,1719302400,25.7,7.1,1.8,454.0,35.9,7.26,0.363,0.275,3.12,,,劣Ⅴ
2024-06-25T20:00:00+08:00,1719316800,25.7,7.07,1.91,454.4,30.3,7.32,0.315,0.265,3.09,,,劣Ⅴ
2024-06-26T00:00:00+08:00,1719331200,25.5,7.07,1.79,452.0,33.0,7.41,0.416,0.284,3.15,,,劣Ⅴ
2024-06-26T04:00:00+08:00,1719345600,25.3,7.06,1.81,448.5,31.1,7.28,0.35,0.276,3.03,,,劣Ⅴ
2024-06-26T08:00:00+08:00,1719360000,25.3,7.07,1.92,453.6,38.8,7.4,0.381,0.281,3.15,,,劣Ⅴ
2024-06-26T16:00:00+08:00,1719388800,25.4,7.02,1.8,446.2,37.3,7.33,0.338,0.284,3.14,,,劣Ⅴ
2024-06-26T20:00:00+08:00,1719403200,25.4,7.04,1.75,444.4,31.6,7.25,0.316,0.282,3.09,,,劣Ⅴ
2024-06-27T04:00:00+08:00,1719432000,25.2,7.02,1.75,434.7,40.4,7.33,0.339,0.296,3.19,,,劣Ⅴ
2024-06-27T08:00:00+08:00,1719446400,25.2,7.02,2.19,440.3,50.2,7.49,0.382,0.298,3.2,,,Ⅴ
2024-06-27T12:00:00+08:00,1719460800,25.2,7.02,1.76,435.9,41.2,7.38,0.325,0.293,3.18,,,劣Ⅴ
2024-06-27T16:00:00+08:00,1719475200,25.2,7.02,1.87,424.2,46.9,7.38,0.309,0.309,3.12,,,劣Ⅴ
2024-06-27T20:00:00+08:00,1719489600,25.1,7.02,1.98,415.4,40.6,7.22,0.288,0.299,3.13,,,劣Ⅴ
2024-06-28T00:00:00+08:00,1719504000,25.1,7.02,1.79,413.6,44.7,7.53,0.302,0.294,3.12,,,劣Ⅴ
2024-06-28T04:00:00+08:00,1719518400,25.0,7.02,1.3,412.3,41.6,7.17,0.339,0.294,3.1,,,劣Ⅴ
2024-06-28T08:00:00+08:00,1719532800,25.0,7.01,2.08,414.8,38.8,7.41,0.319,0.297,3.09,,,Ⅴ
2024-06-28T12:00:00+08:00,1719547200,25.2,7.02,1.44,412.8,37.9,7.18,0.288,0.296,3.08,,,劣Ⅴ
2024-06-28T16:00:00+08:00,1719561600,25.3,7.01,1.04,409.6,38.6,7.09,0.306,0.303,3.05,,,劣Ⅴ
2024-06-28T20:00:00+08:00,1719576000,25.3,7.01,1.21,406.6,33.3,6.86,0.298,0.296,3.02,,,劣Ⅴ
2024-06-29T00:00:00+08:00,1719590400,25.3,7.01,1.13,406.4,33.5,6.88,0.293,0.299,2.96,,,劣Ⅴ
2024-06-29T04:00:00+08:00,1719604800,25.3,7.01,0.99,405.6,36.2,6.82,0.267,0.294,2.95,,,劣Ⅴ
2024-06-29T08:00:00+08:00,1719619200,25.3,7.01,0.99,405.7,31.2,7.0,0.265,0.289,2.93,,,劣Ⅴ
2024-06-29T12:00:00+08:00,1719633600,25.7,7.01,0.92,407.7,31.6,6.9,0.306,0.29,3.0,,,劣Ⅴ
2024-06-29T20:00:00+08:00,1719662400,26.1,7.01,2.21,411.2,30.9,6.65,0.261,0.306,2.99,,,Ⅴ
2024-06-30T00:00:00+08:00,1719676800,26.1,7.02,1.82,411.9,25.1,6.26,0.23,0.298,3.04,,,劣Ⅴ
2024-06-30T04:00:00+08:00,1719691200,26.1,7.02,1.72,413.0,28.2,6.34,0.241,0.297,3.02,,,劣Ⅴ
2024-06-30T08:00:00+08:00,1719705600,26.1,7.02,1.59,413.4,25.3,6.49,0.221,0.303,2.95,,,劣Ⅴ
2024-06-30T12:00:00+08:00,1719720000,26.2,7.02,1.63,415.7,28.1,6.31,0.21,0.297,2.99,,,劣Ⅴ
2024-06-30T16:00:00+08:00,1719734400,26.3,7.02,1.94,414.2,24.6,6.17,0.27,0.295,3.04,,,劣Ⅴ
2024-06-30T20:00:00+08:00,1719748800,26.3,7.02,1.83,414.0,27.6,6.2,0.22,0.303,2.98,,,劣Ⅴ
2024-07-01T00:00:00+08:00,1719763200,26.3,7.02,1.79,423.7,28.0,6.32,0.242,0.293,3.07,,,劣Ⅴ
2024-07-01T04:00:00+08:00,1719777600,26.3,7.02,1.6,418.0,21.8,6.26,0.235,0.291,3.03,,,劣Ⅴ
2024-07-01T12:00:00+08:00,1719806400,26.4,7.02,1.42,419.8,22.9,6.15,0.191,0.293,2.94,,,劣Ⅴ
2024-07-03T16:00:00+08:00,1719993600,27.8,7.12,1.35,416.2,17.8,5.71,0.193,0.275,2.93,,,劣Ⅴ
2024-07-03T20:00:00+08:00,1720008000,27.8,7.12,1.42,417.4,16.5,5.52,0.2,0.273,2.94,,,劣Ⅴ
2024-07-04T04:00:00+08:00,1720036800,27.6,7.13,1.27,418.8,33.2,5.76,0.173,0.274,2.99,,,劣Ⅴ
2024-07-04T08:00:00+08:00,1720051200,27.6,7.13,1.25,418.8,20.1,5.68,0.138,0.271,3.02,,,劣Ⅴ
2024-07-04T12:00:00+08:00,1720065600,28.4,7.13,1.92,420.0,18.8,5.67,0.162,0.27,3.02,,,劣Ⅴ
2024-07-04T16:00:00+08:00,1720080000,29.1,7.13,1.84,422.3,18.3,5.53,0.122,0.269,2.98,,,劣Ⅴ
2024-07-04T20:00:00+08:00,1720094400,29.3,7.14,2.58,424.0,21.2,5.7,0.126,0.26,2.98,,,Ⅴ
2024-07-05T04:00:00+08:00,1720123200,29.2,7.13,2.15,426.4,34.3,5.81,0.09,0.251,2.96,,,Ⅴ
2024-07-05T08:00:00+08:00,1720137600,29.3,7.13,2.51,423.8,33.1,6.05,0.062,0.261,2.97,,,Ⅴ
2024-07-05T16:00:00+08:00,1720166400,31.0,7.17,2.69,431.1,18.2,5.42,0.052,0.236,2.82,,,Ⅴ
2024-07-05T20:00:00+08:00,1720180800,30.7,7.16,3.73,430.2,17.9,5.53,0.051,0.233,2.85,,,Ⅳ
2024-07-06T04:00:00+08:00,1720209600,30.7,7.17,3.75,433.0,32.2,5.3,0.052,0.234,2.8,,,Ⅳ
2024-07-06T08:00:00+08:00,1720224000,30.5,7.19,2.63,426.5,20.0,5.81,0.041,0.236,2.91,,,Ⅴ
2024-07-06T12:00:00+08:00,1720238400,31.3,7.2,3.88,432.2,16.6,5.29,0.043,0.225,2.84,,,Ⅴ
2024-07-06T16:00:00+08:00,1720252800,31.9,7.22,3.17,438.3,14.5,5.59,0.04,0.222,2.78,,,Ⅳ
2024-07-06T20:00:00+08:00,1720267200,31.6,7.21,3.83,437.0,17.8,5.3,0.041,0.223,2.8,,,Ⅳ
2024-07-07T04:00:00+08:00,1720296000,31.2,7.22,2.21,439.3,27.1,5.16,0.049,0.226,2.75,,,Ⅴ
2024-07-07T08:00:00+08:00,1720310400,30.8,7.23,3.02,432.9,23.1,5.76,0.048,0.236,2.84,,,Ⅳ
2024-07-07T12:00:00+08:00,1720324800,31.3,7.24,2.39,434.2,17.6,5.19,0.042,0.23,2.8,,,Ⅴ
2024-07-07T16:00:00+08:00,1720339200,31.7,7.24,3.18,440.0,15.4,5.22,0.041,0.226,2.79,,,Ⅳ
2024-07-07T20:00:00+08:00,1720353600,31.4,7.22,3.17,435.8,24.7,5.3,0.044,0.232,2.84,,,Ⅳ
2024-07-08T00:00:00+08:00,1720368000,31.4,7.23,3.11,439.1,18.3,5.45,0.044,0.232,2.81,,,Ⅳ
2024-07-08T04:00:00+08:00,1720382400,31.4,7.2,2.66,441.6,19.0,5.4,1.851,0.232,2.78,,,Ⅴ
2024-07-08T08:00:00+08:00,1720396800,31.2,7.25,3.2,438.7,31.3,5.53,,0.227,2.94,,,
2024-07-08T16:00:00+08:00,1720425600,32.8,7.25,2.82,441.2,24.1,5.41,,,2.84,,,
2024-07-08T20:00:00+08:00,1720440000,32.4,7.27,2.8,443.2,23.7,5.38,0.025,0.231,2.96,,,Ⅴ
2024-07-09T00:00:00+08:00,1720454400,32.4,7.25,2.62,443.0,21.3,5.32,0.025,0.232,2.91,,,Ⅴ
2024-07-09T04:00:00+08:00,1720468800,32.3,7.24,2.41,444.9,25.3,5.44,0.025,0.234,2.8,,,Ⅴ
2024-07-09T08:00:00+08:00,1720483200,31.9,7.3,3.8,446.7,31.5,5.29,0.025,0.221,2.94,,,Ⅳ
2024-07-09T12:00:00+08:00,1720497600,32.3,7.32,2.9,450.4,27.4,4.89,0.025,0.216,2.94,,,Ⅴ
2024-07-09T16:00:00+08:00,1720512000,32.4,7.29,3.72,446.4,20.4,5.34,0.025,0.231,2.94,,,Ⅳ
2024-07-09T20:00:00+08:00,1720526400,32.3,7.34,2.92,450.9,22.8,5.1,0.025,0.222,2.92,,,Ⅴ
2024-07-10T00:00:00+08:00,1720540800,32.3,7.33,2.62,450.9,23.9,5.27,0.025,0.221,2.96,,,Ⅴ
2024-07-10T04:00:00+08:00,1720555200,32.0,7.27,2.13,450.7,21.7,5.19,0.025,0.236,2.9,,,Ⅴ
2024-07-10T08:00:00+08:00,1720569600,32.2,7.36,2.87,462.2,47.8,5.08,0.025,0.206,2.74,,,Ⅴ
2024-07-10T12:00:00+08:00,1720584000,32.0,7.39,3.01,463.9,32.6,4.77,0.025,0.181,2.74,,,Ⅳ
2024-07-10T16:00:00+08:00,1720598400,32.4,7.34,2.58,463.9,31.8,4.95,0.025,0.2,2.85,,,Ⅴ
2024-07-10T20:00:00+08:00,1720612800,32.0,7.36,2.78,464.1,33.6,4.88,0.025,0.187,2.73,,,Ⅴ
2024-07-11T00:00:00+08:00,1720627200,31.7,7.37,2.88,462.8,31.4,4.42,0.025,0.178,2.71,,,Ⅴ
2024-07-11T04:00:00+08:00,1720641600,31.6,7.3,2.58,459.2,27.3,4.88,0.025,0.204,2.88,,,Ⅴ
2024-07-11T08:00:00+08:00,1720656000,31.7,7.36,3.97,461.2,52.9,4.72,0.025,0.173,2.61,,,Ⅳ
2024-07-11T12:00:00+08:00,1720670400,31.7,7.37,3.0,447.9,33.0,4.18,0.025,0.156,2.47,,,Ⅳ
2024-07-11T16:00:00+08:00,1720684800,31.7,7.34,3.62,461.2,30.1,4.17,0.025,0.167,2.71,,,Ⅳ
2024-07-11T20:00:00+08:00,1720699200,31.6,7.35,2.75,452.7,39.5,4.14,0.025,0.162,2.59,,,Ⅴ
2024-07-12T00:00:00+08:00,1720713600,31.5,7.34,3.67,447.4,36.1,4.17,0.025,0.157,2.6,,,Ⅳ
2024-07-12T04:00:00+08:00,1720728000,31.2,7.3,3.47,458.4,30.4,4.65,0.035,0.178,2.8,,,Ⅳ
2024-07-12T08:00:00+08:00,1720742400,31.3,7.32,3.58,449.9,47.4,4.48,0.025,0.167,2.63,,,Ⅳ
2024-07-12T12:00:00+08:00,1720756800,31.1,7.34,2.95,438.4,29.0,4.01,0.026,0.144,2.59,,,Ⅴ
2024-07-12T16:00:00+08:00,1720771200,30.6,7.31,3.05,446.0,49.2,4.52,0.032,0.176,2.82,,,Ⅳ
2024-07-12T20:00:00+08:00,1720785600,30.4,7.25,2.59,447.5,32.5,4.52,0.059,0.184,2.87,,,Ⅴ
2024-07-13T00:00:00+08:00,1720800000,30.2,7.25,3.73,446.2,31.4,4.76,0.043,0.195,2.9,,,Ⅳ
2024-07-13T04:00:00+08:00,1720814400,29.5,7.2,3.36,443.8,27.9,5.0,0.13,0.216,2.98,,,Ⅳ
2024-07-13T08:00:00+08:00,1720828800,29.5,7.22,2.02,444.1,50.2,5.32,0.227,0.223,3.03,,,Ⅴ
2024-07-13T12:00:00+08:00,1720843200,29.9,7.24,2.11,447.0,35.8,4.91,0.11,0.21,3.01,,,Ⅴ
2024-07-13T16:00:00+08:00,1720857600,29.5,7.2,2.98,443.4,29.0,4.99,0.155,0.218,3.18,,,Ⅴ
2024-07-13T20:00:00+08:00,1720872000,29.5,7.18,2.64,443.6,42.4,5.3,0.188,0.236,3.14,,,Ⅴ
2024-07-15T08:00:00+08:00,1721001600,29.4,7.14,2.05,442.3,15.7,5.27,0.379,0.242,3.05,,,Ⅴ
2024-07-15T12:00:00+08:00,1721016000,29.5,7.15,1.74,442.6,16.3,4.84,0.243,0.241,3.13,,,劣Ⅴ
2024-07-15T16:00:00+08:00,1721030400,29.7,7.15,1.87,445.0,15.9,5.03,0.263,0.241,3.09,,,劣Ⅴ
2024-07-15T20:00:00+08:00,1721044800,29.8,7.16,0.94,447.9,17.4,4.97,0.353,0.24,2.95,,,劣Ⅴ
2024-07-16T00:00:00+08:00,1721059200,29.6,7.17,0.9,447.8,15.6,4.99,0.487,0.25,3.19,,,劣Ⅴ
2024-07-16T04:00:00+08:00,1721073600,29.5,7.14,0.79,446.9,14.6,4.91,0.478,0.248,3.22,,,劣Ⅴ
2024-07-16T12:00:00+08:00,1721102400,30.2,7.18,0.86,450.9,17.9,4.59,0.418,0.237,2.97,,,劣Ⅴ
2024-07-16T16:00:00+08:00,1721116800,30.6,7.18,1.09,450.0,22.6,4.66,0.373,0.224,2.93,,,劣Ⅴ
2024-07-16T20:00:00+08:00,1721131200,30.8,7.18,0.98,447.6,22.2,4.95,0.459,0.228,3.13,,,劣Ⅴ
2024-07-17T04:00:00+08:00,1721160000,30.4,7.18,0.86,451.7,18.8,4.8,0.395,0.223,3.13,,,劣Ⅴ
2024-07-17T12:00:00+08:00,1721188800,31.2,7.16,1.49,447.0,16.8,5.08,0.336,0.237,3.2,,,劣Ⅴ
2024-07-17T16:00:00+08:00,1721203200,31.5,7.18,1.3,447.3,16.3,5.02,0.355,0.229,3.12,,,劣Ⅴ
2024-07-17T20:00:00+08:00,1721217600,31.4,7.16,2.9,446.5,19.6,4.77,0.351,0.227,3.27,,,劣Ⅴ
2024-07-18T00:00:00+08:00,1721232000,31.3,7.07,2.91,446.6,21.1,5.1,0.344,0.228,3.22,,,Ⅴ
2024-07-18T04:00:00+08:00,1721246400,31.1,7.09,1.78,449.6,19.4,4.97,0.434,0.224,3.29,,,劣Ⅴ
2024-07-18T08:00:00+08:00,1721260800,31.2,7.08,2.61,449.6,16.8,5.19,0.407,0.226,3.32,,,Ⅴ
2024-07-18T12:00:00+08:00,1721275200,31.7,7.11,2.73,448.5,18.6,5.1,0.296,0.224,3.26,,,Ⅴ
2024-07-18T16:00:00+08:00,1721289600,31.7,7.13,2.88,448.7,17.8,5.06,0.27,0.221,3.2,,,Ⅴ
2024-07-18T20:00:00+08:00,1721304000,31.7,7.14,2.67,450.9,26.5,4.91,0.199,0.211,3.14,,,Ⅴ
2024-07-19T00:00:00+08:00,1721318400,31.7,7.13,2.88,453.0,22.9,4.92,0.148,0.206,3.16,,,Ⅴ
2024-07-19T04:00:00+08:00,1721332800,31.6,7.16,2.61,451.0,27.2,5.14,0.185,0.212,3.26,,,Ⅴ
2024-07-19T08:00:00+08:00,1721347200,31.6,7.18,2.21,451.8,25.2,5.19,0.228,0.215,3.24,,,Ⅴ
2024-07-19T12:00:00+08:00,1721361600,32.1,7.12,2.56,459.1,21.2,5.06,0.156,0.207,3.2,,,Ⅴ
2024-07-19T16:00:00+08:00,1721376000,31.8,7.2,2.68,463.2,23.0,5.14,0.11,0.21,3.23,,,Ⅴ
2024-07-20T00:00:00+08:00,1721404800,31.7,7.14,2.82,462.1,22.9,4.86,0.139,0.203,3.14,,,Ⅴ
2024-07-20T04:00:00+08:00,1721419200,31.7,7.19,1.6,459.9,31.6,5.07,0.143,0.207,3.28,,,劣Ⅴ
2024-07-20T08:00:00+08:00,1721433600,31.6,7.18,2.52,457.6,20.6,5.37,0.074,0.208,3.31,,,Ⅴ
2024-07-20T12:00:00+08:00,1721448000,31.7,7.18,2.53,462.9,21.4,5.1,0.04,0.205,3.24,,,Ⅴ
2024-07-20T16:00:00+08:00,1721462400,32.4,7.2,2.56,463.6,21.7,5.29,0.025,0.205,3.21,,,Ⅴ
2024-07-20T20:00:00+08:00,1721476800,32.1,7.2,2.01,463.8,21.8,5.18,0.042,0.206,3.2,,,Ⅴ
2024-07-21T00:00:00+08:00,1721491200,32.1,7.23,2.59,461.3,28.8,4.88,0.031,0.198,2.98,,,Ⅴ
2024-07-21T04:00:00+08:00,1721505600,31.7,7.23,2.17,463.8,31.9,5.16,0.025,0.209,3.29,,,Ⅴ
2024-07-21T08:00:00+08:00,1721520000,31.7,7.24,2.4,464.4,17.4,5.41,0.025,0.192,3.39,,,Ⅴ
2024-07-21T12:00:00+08:00,1721534400,32.3,7.24,2.5,465.3,16.9,5.15,0.025,0.198,3.27,,,Ⅴ
2024-07-22T04:00:00+08:00,1721592000,32.1,7.14,2.48,467.4,24.6,5.22,0.032,0.2,3.16,,,Ⅴ
2024-07-22T08:00:00+08:00,1721606400,31.9,7.22,2.9,471.6,17.6,5.66,0.025,0.191,3.26,,,Ⅴ
2024-07-22T12:00:00+08:00,1721620800,32.4,7.22,2.84,469.9,18.6,5.23,0.025,0.201,3.32,,,Ⅴ
2024-07-22T16:00:00+08:00,1721635200,33.0,7.2,2.89,467.8,15.9,5.38,0.025,0.198,3.26,,,Ⅴ
2024-07-22T20:00:00+08:00,1721649600,32.4,7.23,3.02,468.4,16.0,5.33,0.025,0.2,3.3,,,Ⅳ
2024-07-23T00:00:00+08:00,1721664000,32.4,7.21,2.67,463.7,22.5,5.0,0.025,0.193,3.21,,,Ⅴ
2024-07-23T04:00:00+08:00,1721678400,32.3,7.21,2.55,460.8,30.4,5.11,0.025,0.2,3.17,,,Ⅴ
2024-07-23T08:00:00+08:00,1721692800,31.8,7.25,2.9,468.9,26.4,5.53,0.025,0.192,3.23,,,Ⅴ
2024-07-23T12:00:00+08:00,1721707200,32.4,7.27,3.08,468.8,22.1,5.32,0.025,0.194,3.31,,,Ⅳ
2024-07-23T16:00:00+08:00,1721721600,32.9,7.25,2.66,494.9,22.4,5.12,0.025,0.194,3.25,,,Ⅴ
2024-07-23T20:00:00+08:00,1721736000,32.4,7.28,3.31,497.8,18.9,5.27,0.025,0.19,3.28,,,Ⅳ
2024-07-24T00:00:00+08:00,1721750400,32.4,7.27,3.31,496.2,23.1,5.33,0.025,0.199,3.29,,,Ⅳ
2024-07-24T04:00:00+08:00,1721764800,32.3,7.25,2.82,491.7,25.1,5.22,0.025,0.202,3.19,,,Ⅴ
2024-07-24T08:00:00+08:00,1721779200,31.8,7.32,2.87,501.0,40.6,5.45,0.025,0.187,3.28,,,Ⅴ
2024-07-24T12:00:00+08:00,1721793600,32.4,7.37,3.59,500.4,28.5,5.16,0.025,0.185,3.36,,,Ⅳ
2024-07-24T16:00:00+08:00,1721808000,32.8,7.33,3.4,497.3,20.8,5.12,0.025,0.193,3.36,,,Ⅳ
2024-07-24T20:00:00+08:00,1721822400,32.4,7.36,3.48,500.9,28.5,5.22,0.025,0.248,3.39,,,Ⅳ
2024-07-25T00:00:00+08:00,1721836800,32.4,7.36,3.46,500.9,26.6,5.0,0.025,0.193,3.43,,,Ⅳ
2024-07-25T04:00:00+08:00,1721851200,31.8,7.3,2.91,500.6,25.3,5.26,0.025,0.193,3.38,,,Ⅴ
2024-07-25T08:00:00+08:00,1721865600,31.7,7.38,2.61,498.9,42.2,5.25,0.025,0.182,3.33,,,Ⅴ
2024-07-25T12:00:00+08:00,1721880000,31.7,7.44,2.77,494.1,35.0,4.97,0.025,0.17,3.35,,,Ⅴ
2024-07-25T16:00:00+08:00,1721894400,31.8,7.4,3.53,504.0,28.8,4.95,0.025,0.186,3.34,,,Ⅳ
2024-07-25T20:00:00+08:00,1721908800,31.7,7.41,3.65,500.6,38.5,,0.025,,,,,
2024-07-26T00:00:00+08:00,1721923200,31.6,7.43,3.6,496.0,27.4,4.43,0.025,0.174,4.1,,,Ⅳ
2024-07-26T04:00:00+08:00,1721937600,31.4,7.38,3.3,500.7,30.8,4.52,0.025,0.202,4.24,,,Ⅳ
2024-07-26T08:00:00+08:00,1721952000,31.4,7.42,3.47,494.0,54.5,4.27,0.029,0.096,,,,Ⅳ
2024-07-26T12:00:00+08:00,1721966400,31.2,7.47,3.07,469.0,37.6,4.02,0.025,0.17,3.44,,,Ⅳ
2024-07-26T16:00:00+08:00,1721980800,31.1,7.44,3.34,486.0,47.9,4.95,0.03,0.19,3.51,,,Ⅳ
2024-07-26T20:00:00+08:00,1721995200,31.0,7.43,3.14,485.3,49.4,4.76,0.035,0.187,3.59,,,Ⅳ
2024-07-27T00:00:00+08:00,1722009600,30.8,7.45,3.81,471.8,45.3,4.41,0.034,0.18,3.52,,,Ⅳ
2024-07-27T04:00:00+08:00,1722024000,30.4,7.39,3.05,485.8,44.0,4.76,0.077,0.204,3.6,,,Ⅳ
2024-07-27T08:00:00+08:00,1722038400,30.5,7.39,3.54,486.2,47.3,4.99,0.044,0.201,3.64,,,Ⅳ
2024-07-27T12:00:00+08:00,1722052800,30.8,7.46,2.94,473.6,35.8,4.83,0.041,0.185,3.6,,,Ⅴ
2024-07-27T16:00:00+08:00,1722067200,30.6,7.4,3.67,485.9,38.7,4.75,0.078,0.195,3.64,,,Ⅳ
2024-07-28T00:00:00+08:00,1722096000,30.4,7.33,3.61,484.7,32.0,4.89,0.087,0.204,3.85,,,Ⅳ
2024-07-28T04:00:00+08:00,1722110400,30.0,7.28,3.41,483.9,36.6,5.22,0.134,0.214,3.86,,,Ⅳ
2024-07-29T04:00:00+08:00,1722196800,30.3,7.26,2.49,488.1,30.1,5.36,0.271,0.213,3.95,,,Ⅴ
2024-07-29T08:00:00+08:00,1722211200,30.4,7.27,2.73,482.1,33.1,5.57,0.252,0.212,3.91,,,Ⅴ
2024-07-29T16:00:00+08:00,1722240000,31.1,7.26,2.73,487.3,38.5,5.54,0.203,0.213,3.89,,,Ⅴ
2024-07-29T20:00:00+08:00,1722254400,31.1,7.28,2.09,486.7,38.4,5.56,0.24,0.206,3.87,,,Ⅴ
2024-07-30T00:00:00+08:00,1722268800,30.9,7.25,2.46,487.8,34.5,5.5,0.195,0.21,3.85,,,Ⅴ
2024-07-30T04:00:00+08:00,1722283200,30.8,7.25,2.09,486.9,42.3,5.53,0.226,0.208,3.81,,,Ⅴ
2024-07-30T08:00:00+08:00,1722297600,30.9,7.25,2.22,483.8,38.1,6.11,0.218,0.209,3.84,,,Ⅴ
2024-07-30T12:00:00+08:00,1722312000,31.3,7.27,2.45,480.8,32.2,5.56,0.136,0.209,3.79,,,Ⅴ
2024-07-31T08:00:00+08:00,1722384000,31.4,7.2,2.47,478.6,40.5,5.81,0.128,0.206,3.73,,,Ⅴ
2024-07-31T16:00:00+08:00,1722412800,32.1,7.24,2.67,470.8,37.3,4.99,0.123,0.199,3.6,,,Ⅴ
2024-07-31T20:00:00+08:00,1722427200,32.2,7.25,2.82,468.9,42.8,4.89,0.113,0.192,3.52,,,Ⅴ
2024-08-01T00:00:00+08:00,1722441600,31.8,7.25,2.73,469.2,38.6,5.16,0.098,0.187,3.48,,,Ⅴ
2024-08-01T08:00:00+08:00,1722470400,31.7,7.25,2.34,475.1,30.4,,,,,,,
2024-08-01T09:41:00+08:00,1722476460,,,,,,,,,,,,
2024-08-01T13:42:00+08:00,1722490920,,,,,,,,,,,,
2024-08-01T16:00:00+08:00,1722499200,31.9,7.24,2.1,477.0,41.0,5.12,0.077,0.167,3.49,,,Ⅴ
2024-08-01T20:00:00+08:00,1722513600,32.2,7.25,3.04,471.1,36.3,5.22,0.065,0.19,3.45,,,Ⅳ
2024-08-02T00:00:00+08:00,1722528000,32.2,7.24,2.95,470.8,31.1,5.12,0.068,0.191,3.38,,,Ⅴ
2024-08-02T08:00:00+08:00,1722556800,32.2,7.26,3.13,484.2,30.9,5.09,0.032,0.182,3.38,,,Ⅳ
2024-08-02T12:00:00+08:00,1722571200,32.7,7.27,2.82,479.4,37.6,4.81,0.044,0.193,3.39,,,Ⅴ
2024-08-02T16:00:00+08:00,1722585600,33.2,7.27,3.05,479.2,32.1,5.02,0.034,0.191,3.34,,,Ⅳ
2024-08-02T20:00:00+08:00,1722600000,32.9,7.27,3.1,480.2,30.0,4.99,0.029,0.189,3.34,,,Ⅳ
2024-08-03T00:00:00+08:00,1722614400,32.8,7.27,3.01,480.0,30.1,4.88,0.037,0.194,3.32,,,Ⅳ
2024-08-03T04:00:00+08:00,1722628800,32.7,7.26,3.04,480.5,35.8,5.03,0.032,0.196,3.32,,,Ⅳ
2024-08-03T08:00:00+08:00,1722643200,30.7,7.26,2.35,476.4,18.6,,0.056,0.192,3.31,,,
2024-08-03T12:00:00+08:00,1722657600,29.2,7.27,1.71,478.7,15.3,,0.059,0.19,3.29,,,
2024-08-03T16:00:00+08:00,1722672000,27.9,7.25,1.3,477.0,13.0,,0.067,0.186,3.29,,,
2024-08-03T20:00:00+08:00,1722686400,33.6,7.15,3.1,485.7,48.5,,0.037,0.175,,,,
2024-08-04T00:00:00+08:00,1722700800,33.2,7.21,3.03,486.5,57.0,,0.058,0.209,3.45,,,
2024-08-04T04:00:00+08:00,1722715200,32.8,7.24,2.39,485.7,64.8,5.09,0.041,0.211,3.38,,,Ⅴ
2024-08-05T04:00:00+08:00,1722801600,32.9,7.25,3.18,488.4,37.8,5.02,0.036,0.21,3.29,,,Ⅳ
2024-08-05T08:00:00+08:00,1722816000,33.1,7.27,3.56,492.9,50.6,5.36,0.03,0.202,3.45,,,Ⅳ
2024-08-05T16:00:00+08:00,1722844800,33.9,7.28,3.73,483.6,38.3,5.14,0.031,0.21,3.25,,,Ⅳ
2024-08-05T20:00:00+08:00,1722859200,33.5,7.31,3.57,493.7,40.9,5.17,0.029,0.206,3.34,,,Ⅳ
2024-08-06T00:00:00+08:00,1722873600,33.3,7.31,3.54,493.0,39.2,5.27,0.032,0.23,3.23,,,Ⅳ
2024-08-06T04:00:00+08:00,1722888000,32.8,7.28,3.51,494.3,40.0,5.02,0.034,0.217,3.24,,,Ⅳ
2024-08-06T08:00:00+08:00,1722902400,32.8,7.3,3.45,497.1,56.7,5.6,0.031,0.214,3.39,,,Ⅳ
2024-08-06T12:00:00+08:00,1722916800,33.4,7.26,3.66,495.4,47.3,5.46,0.033,0.217,3.42,,,Ⅳ
2024-08-06T16:00:00+08:00,1722931200,33.7,7.26,3.27,489.2,48.9,5.38,0.032,0.211,3.2,,,Ⅳ
2024-08-06T20:00:00+08:00,1722945600,33.4,7.26,3.29,494.4,44.6,5.19,0.03,0.21,3.28,,,Ⅳ
2024-08-07T00:00:00+08:00,1722960000,33.3,7.26,3.44,493.0,40.3,5.3,0.031,0.222,3.26,,,Ⅳ
2024-08-07T04:00:00+08:00,1722974400,32.8,7.23,3.63,491.7,42.1,5.12,0.033,0.207,3.16,,,Ⅳ
2024-08-07T12:00:00+08:00,1723003200,33.5,7.27,3.83,499.1,49.1,5.24,0.037,0.223,3.41,,,Ⅳ
2024-08-07T16:00:00+08:00,1723017600,33.7,7.25,3.48,495.2,42.6,5.37,0.032,0.225,3.21,,,Ⅳ
2024-08-07T20:00:00+08:00,1723032000,33.4,7.27,3.67,500.5,44.5,5.38,0.031,0.218,3.28,,,Ⅳ
2024-08-08T00:00:00+08:00,1723046400,33.2,7.26,3.7,500.8,52.8,5.31,0.032,0.223,3.26,,,Ⅳ
2024-08-08T20:00:00+08:00,1723118400,33.2,7.27,3.24,499.6,48.8,5.47,0.033,0.224,3.2,,,Ⅳ
2024-08-09T04:00:00+08:00,1723147200,32.8,7.26,3.41,492.4,43.7,5.41,0.037,0.238,3.14,,,Ⅳ
2024-08-10T12:00:00+08:00,1723262400,33.6,7.33,3.24,473.0,64.0,5.47,0.032,0.229,3.14,,,Ⅳ
2024-08-11T16:00:00+08:00,1723363200,33.7,7.31,3.01,458.2,76.1,5.29,0.075,0.215,3.07,,,Ⅳ
2024-08-11T20:00:00+08:00,1723377600,33.4,7.3,2.87,465.4,58.1,5.31,0.048,0.215,3.06,,,Ⅴ
2024-08-12T00:00:00+08:00,1723392000,33.5,7.32,3.03,464.0,54.3,4.99,0.032,0.212,3.05,,,Ⅳ
2024-08-12T08:00:00+08:00,1723420800,32.8,7.27,2.82,462.1,58.0,5.17,0.071,0.213,3.05,,,Ⅴ
2024-08-13T00:00:00+08:00,1723478400,33.2,7.27,2.62,464.7,52.3,5.26,0.035,0.208,3.03,,,Ⅴ
2024-08-13T08:00:00+08:00,1723507200,32.8,7.28,2.8,458.2,58.1,5.36,0.07,0.21,2.92,,,Ⅴ
2024-08-13T12:00:00+08:00,1723521600,33.2,7.29,2.74,455.6,67.9,5.12,0.055,0.208,2.94,,,Ⅴ
2024-08-13T16:00:00+08:00,1723536000,32.8,7.29,2.75,461.4,71.5,5.12,0.055,0.208,2.94,,,Ⅴ
2024-08-14T04:00:00+08:00,1723579200,32.8,7.26,2.27,460.4,60.0,4.75,0.067,0.203,2.95,,,Ⅴ
2024-08-14T12:00:00+08:00,1723608000,32.8,7.26,2.19,451.3,69.3,4.64,0.116,0.199,2.9,,,Ⅴ
2024-08-14T16:00:00+08:00,1723622400,33.0,7.25,2.24,455.7,65.2,4.69,0.123,0.198,2.95,,,Ⅴ
2024-08-14T20:00:00+08:00,1723636800,32.3,7.25,2.34,448.7,59.7,4.62,0.124,0.193,2.84,,,Ⅴ
2024-08-15T04:00:00+08:00,1723665600,32.1,7.25,2.13,463.3,55.5,4.86,0.119,0.197,2.8,,,Ⅴ
2024-08-15T12:00:00+08:00,1723694400,32.3,7.25,2.35,461.9,65.2,4.75,0.109,0.194,2.8,,,Ⅴ
2024-08-15T16:00:00+08:00,1723708800,32.2,7.26,2.48,461.6,71.6,4.92,0.13,0.196,2.79,,,Ⅴ
2024-08-15T20:00:00+08:00,1723723200,32.1,7.25,2.36,458.6,75.5,4.69,0.154,0.201,2.92,,,Ⅴ
2024-08-16T04:00:00+08:00,1723752000,31.6,7.25,2.26,459.9,63.3,4.52,0.113,0.198,2.85,,,Ⅴ
2024-08-16T08:00:00+08:00,1723766400,31.8,7.25,2.3,459.9,66.8,5.29,0.142,0.203,2.94,,,Ⅴ
2024-08-16T12:00:00+08:00,1723780800,32.1,7.24,2.13,461.1,69.6,5.03,0.167,0.204,2.84,,,Ⅴ
2024-08-16T16:00:00+08:00,1723795200,31.9,7.25,2.88,466.2,67.2,4.83,0.164,0.198,2.88,,,Ⅴ
2024-08-16T20:00:00+08:00,1723809600,31.6,7.25,2.89,465.8,54.2,4.5,0.146,0.206,2.88,,,Ⅴ
2024-08-17T04:00:00+08:00,1723838400,31.0,7.25,2.83,462.2,60.6,4.95,0.123,0.206,2.89,,,Ⅴ
2024-08-17T08:00:00+08:00,1723852800,31.2,7.29,2.89,466.4,67.3,5.09,0.112,0.21,2.92,,,Ⅴ
2024-08-17T12:00:00+08:00,1723867200,31.5,7.35,2.9,466.5,73.7,4.83,0.102,0.208,2.86,,,Ⅴ
2024-08-17T16:00:00+08:00,1723881600,31.6,7.37,2.88,466.1,68.1,4.76,0.079,0.202,2.82,,,Ⅴ
2024-08-17T20:00:00+08:00,1723896000,31.4,7.37,3.01,465.5,58.3,4.83,0.089,0.205,2.82,,,Ⅳ
2024-08-18T16:00:00+08:00,1723968000,31.7,7.37,2.16,469.8,94.8,5.3,0.061,0.219,2.93,,,Ⅴ
2024-08-18T20:00:00+08:00,1723982400,31.4,7.37,2.13,469.9,71.5,5.0,0.048,0.207,2.85,,,Ⅴ
2024-08-19T00:00:00+08:00,1723996800,31.3,7.36,2.32,468.2,74.8,4.58,0.072,0.2,2.78,,,Ⅴ
2024-08-19T04:00:00+08:00,1724011200,31.0,7.35,1.91,469.8,88.2,5.14,0.047,0.21,2.9,,,劣Ⅴ
2024-08-19T08:00:00+08:00,1724025600,31.2,7.36,2.11,471.1,64.5,5.37,0.029,0.207,2.94,,,Ⅴ
2024-08-19T12:00:00+08:00,1724040000,31.6,7.35,2.08,472.1,93.1,4.76,0.039,0.207,2.98,,,Ⅴ
2024-08-19T16:00:00+08:00,1724054400,32.0,7.37,2.4,471.2,73.2,5.05,0.033,0.205,2.86,,,Ⅴ
2024-08-19T20:00:00+08:00,1724068800,31.6,7.36,2.19,472.7,59.2,4.56,0.03,0.205,2.89,,,Ⅴ
2024-08-20T00:00:00+08:00,1724083200,31.5,7.36,2.45,470.5,87.8,4.95,0.041,0.205,2.89,,,Ⅴ
2024-08-20T04:00:00+08:00,1724097600,31.3,7.36,2.28,470.8,88.5,4.65,0.038,0.21,2.94,,,Ⅴ
2024-08-20T08:00:00+08:00,1724112000,31.3,7.39,2.5,473.3,69.4,5.4,0.033,0.205,2.91,,,Ⅴ
2024-08-20T12:00:00+08:00,1724126400,31.7,7.38,2.46,475.4,86.4,4.85,0.034,0.204,2.97,,,Ⅴ
2024-08-21T00:00:00+08:00,1724169600,31.6,7.38,2.58,473.0,77.2,4.56,0.034,0.204,2.91,,,Ⅴ
2024-08-21T10:02:00+08:00,1724205720,,,,,,,,,,,,
2024-08-21T14:02:00+08:00,1724220120,,,,,,,,,,,,
2024-08-21T18:03:00+08:00,1724234580,,,,,,,,,,,,
2024-08-21T20:00:00+08:00,1724241600,31.5,7.4,2.61,476.8,91.3,5.87,0.043,0.204,3.08,,,Ⅴ
2024-08-21T22:04:00+08:00,1724249040,,,,,,,,,,,,
2024-08-22T00:00:00+08:00,1724256000,32.0,7.3,2.58,474.1,88.8,5.3,0.04,0.206,3.01,,,Ⅴ
2024-08-22T04:00:00+08:00,1724270400,31.7,7.3,2.5,474.0,86.1,4.86,0.04,0.206,2.96,,,Ⅴ
2024-08-22T12:00:00+08:00,1724299200,32.1,7.37,2.6,476.5,88.2,4.69,0.035,0.207,2.9,,,Ⅴ
2024-08-22T16:00:00+08:00,1724313600,32.3,7.36,2.54,472.6,81.4,4.83,0.036,0.206,2.93,,,Ⅴ
2024-08-22T20:00:00+08:00,1724328000,32.2,7.37,2.55,477.2,82.3,4.62,0.032,0.2,2.94,,,Ⅴ
2024-08-23T00:00:00+08:00,1724342400,32.1,7.36,2.52,474.7,92.6,4.54,0.036,0.199,2.95,,,Ⅴ
2024-08-23T04:00:00+08:00,1724356800,31.8,7.34,2.12,471.8,77.2,4.72,0.04,0.191,2.94,,,Ⅴ
2024-08-23T08:00:00+08:00,1724371200,32.0,7.38,2.59,475.6,93.1,4.88,0.034,0.202,2.94,,,Ⅴ
2024-08-23T12:00:00+08:00,1724385600,32.2,7.4,2.68,476.6,89.3,4.96,0.035,0.2,2.95,,,Ⅴ
2024-08-23T16:00:00+08:00,1724400000,32.2,7.36,2.48,513.8,50.5,4.98,0.056,0.199,2.98,,,Ⅴ
2024-08-23T20:00:00+08:00,1724414400,31.9,7.35,2.62,517.2,50.4,4.9,0.033,0.204,2.91,,,Ⅴ
2024-08-24T00:00:00+08:00,1724428800,31.7,7.38,2.63,518.2,50.4,4.71,0.035,0.204,2.96,,,Ⅴ
2024-08-24T04:00:00+08:00,1724443200,31.5,7.4,2.4,509.6,54.5,4.5,0.041,0.199,3.02,,,Ⅴ
2024-08-24T08:00:00+08:00,1724457600,31.6,7.43,2.6,515.5,79.7,4.88,0.037,0.201,2.98,,,Ⅴ
2024-08-24T12:00:00+08:00,1724472000,32.1,7.46,2.68,517.0,53.9,4.66,0.035,0.199,3.01,,,Ⅴ
2024-08-24T16:00:00+08:00,1724486400,32.4,7.43,2.56,510.1,56.5,4.75,0.041,0.199,2.97,,,Ⅴ
2024-08-24T20:00:00+08:00,1724500800,32.2,7.44,2.63,513.7,56.2,4.69,0.035,0.196,2.96,,,Ⅴ
2024-08-25T16:00:00+08:00,1724572800,32.7,7.43,2.63,506.1,57.3,4.66,0.036,0.187,2.86,,,Ⅴ
2024-08-25T20:00:00+08:00,1724587200,32.2,7.44,2.68,508.7,55.4,4.61,0.031,0.19,2.86,,,Ⅴ
2024-08-26T00:00:00+08:00,1724601600,32.1,7.45,2.74,514.1,39.1,4.52,0.03,0.184,2.87,,,Ⅴ
2024-08-26T04:00:00+08:00,1724616000,31.9,7.42,2.61,507.1,49.2,4.21,0.034,0.181,2.77,,,Ⅴ
2024-08-26T08:00:00+08:00,1724630400,31.9,7.42,2.6,506.7,44.7,4.58,0.03,0.178,2.72,,,Ⅴ
2024-08-26T12:00:00+08:00,1724644800,32.2,7.43,2.75,509.8,44.8,4.68,0.032,0.181,2.74,,,Ⅴ
2024-08-26T16:00:00+08:00,1724659200,32.7,7.44,2.85,503.0,50.8,4.5,0.034,0.177,2.74,,,Ⅴ
2024-08-26T20:00:00+08:00,1724673600,32.2,7.44,2.69,503.5,44.0,4.66,0.036,0.176,2.64,,,Ⅴ
2024-08-27T00:00:00+08:00,1724688000,32.1,7.44,2.81,509.0,42.8,4.3,0.028,0.172,2.67,,,Ⅴ
2024-08-27T04:00:00+08:00,1724702400,29.4,7.44,2.15,507.7,19.2,,0.073,0.061,,,,
2024-08-27T08:00:00+08:00,1724716800,27.5,7.43,1.63,505.8,15.1,,0.065,0.016,,,,
2024-08-27T12:00:00+08:00,1724731200,30.8,7.43,2.68,503.4,22.9,,0.073,0.005,,,,
2024-08-27T16:00:00+08:00,1724745600,30.0,7.43,2.83,500.8,40.4,5.64,0.054,0.175,2.74,,,Ⅴ
2024-08-27T20:00:00+08:00,1724760000,30.4,7.0,2.59,1.4,28.0,,0.039,0.005,,,,
2024-08-28T00:00:00+08:00,1724774400,30.1,7.0,2.5,501.8,40.5,4.96,0.038,0.169,2.66,,,Ⅴ
2024-08-28T04:00:00+08:00,1724788800,27.6,7.47,2.51,1.0,20.6,,0.046,0.005,,,,
2024-08-28T08:00:00+08:00,1724803200,30.9,7.45,2.78,490.5,92.5,6.6,0.085,0.192,3.15,,,Ⅴ
2024-08-28T12:00:00+08:00,1724817600,31.0,7.0,2.51,483.8,52.6,5.29,0.064,0.179,2.76,,,Ⅴ
2024-08-28T16:00:00+08:00,1724832000,30.9,7.0,2.48,482.0,53.8,5.24,0.088,0.183,2.7,,,Ⅴ
2024-08-28T20:00:00+08:00,1724846400,31.8,7.0,3.16,481.9,48.5,5.03,0.096,0.172,2.64,,,Ⅴ
2024-08-29T00:00:00+08:00,1724860800,31.6,7.0,2.97,483.3,48.6,4.64,0.081,0.169,2.63,,,Ⅴ
2024-08-29T04:00:00+08:00,1724875200,31.5,7.0,2.82,483.4,45.2,4.64,0.076,0.173,2.65,,,Ⅴ
2024-08-29T08:00:00+08:00,1724889600,31.5,7.0,2.83,482.3,53.1,5.36,0.093,0.18,2.66,,,Ⅴ
2024-08-29T12:00:00+08:00,1724904000,31.7,7.0,2.8,483.7,50.7,5.23,0.097,0.177,2.59,,,Ⅴ
2024-08-29T16:00:00+08:00,1724918400,31.9,7.0,2.82,480.9,49.3,5.15,0.089,0.173,2.59,,,Ⅴ
2024-08-29T20:00:00+08:00,1724932800,31.9,7.0,2.88,481.3,45.2,5.06,0.084,0.173,2.54,,,Ⅴ
2024-08-30T00:00:00+08:00,1724947200,31.7,7.0,2.73,483.7,48.4,4.87,0.083,0.172,2.59,,,Ⅴ
2024-08-30T04:00:00+08:00,1724961600,31.5,7.0,2.66,484.3,46.7,4.81,0.067,0.18,2.6,,,Ⅴ
2024-08-30T08:00:00+08:00,1724976000,31.6,7.0,2.56,484.0,47.8,5.16,0.086,0.18,2.62,,,Ⅴ
2024-08-30T12:00:00+08:00,1724990400,32.0,7.0,2.6,483.4,43.8,4.96,0.075,0.176,2.53,,,Ⅴ
2024-08-30T16:00:00+08:00,1725004800,32.2,7.0,2.65,485.0,41.8,4.98,0.058,0.173,2.49,,,Ⅴ
2024-09-02T04:00:00+08:00,1725220800,32.1,7.0,2.26,485.7,47.1,4.6,0.051,0.178,2.49,,,Ⅴ
2024-09-02T08:00:00+08:00,1725235200,32.2,7.0,2.42,486.8,41.5,5.02,0.031,0.173,2.48,,,Ⅴ
2024-09-02T12:00:00+08:00,1725249600,32.6,7.0,2.22,482.8,50.3,4.97,0.063,0.179,2.51,,,Ⅴ
2024-09-02T16:00:00+08:00,1725264000,32.8,7.0,2.76,484.1,47.1,5.03,0.046,0.172,2.47,,,Ⅴ
2024-09-02T20:00:00+08:00,1725278400,32.5,7.0,2.49,484.9,42.0,4.6,0.035,0.173,2.52,,,Ⅴ
2024-09-03T00:00:00+08:00,1725292800,32.3,7.0,2.49,482.8,51.6,4.96,0.082,0.196,2.53,,,Ⅴ
2024-09-03T04:00:00+08:00,1725307200,32.2,7.0,2.31,485.4,69.9,4.58,0.042,0.192,2.52,,,Ⅴ
2024-09-03T08:00:00+08:00,1725321600,32.2,7.0,2.65,495.4,44.4,5.09,0.027,0.178,2.44,,,Ⅴ
2024-09-03T12:00:00+08:00,1725336000,32.2,7.0,2.48,484.3,55.2,4.78,0.031,0.18,2.47,,,Ⅴ
2024-09-03T16:00:00+08:00,1725350400,32.2,7.0,2.67,484.7,45.6,4.67,0.029,0.175,2.42,,,Ⅴ
2024-09-03T20:00:00+08:00,1725364800,32.2,7.0,2.64,487.5,50.7,4.79,0.027,0.177,2.49,,,Ⅴ
2024-09-04T00:00:00+08:00,1725379200,32.0,7.0,2.56,485.8,65.7,4.66,0.032,0.176,2.42,,,Ⅴ
2024-09-04T04:00:00+08:00,1725393600,31.8,7.0,2.44,489.4,53.0,4.81,0.031,0.177,2.4,,,Ⅴ
2024-09-04T08:00:00+08:00,1725408000,31.9,8.0,2.79,493.4,42.0,5.03,0.027,0.173,2.43,,,Ⅴ
2024-09-04T12:00:00+08:00,1725422400,32.0,7.0,2.58,486.6,62.5,4.78,0.026,0.177,2.4,,,Ⅴ
2024-09-04T16:00:00+08:00,1725436800,32.2,7.0,2.84,486.3,49.3,4.87,0.032,0.168,2.33,,,Ⅴ
2024-09-04T20:00:00+08:00,1725451200,32.1,8.0,2.79,488.8,46.0,4.72,0.028,0.174,2.41,,,Ⅴ
2024-09-05T00:00:00+08:00,1725465600,31.8,7.0,2.67,488.9,53.5,4.88,0.035,0.175,2.35,,,Ⅴ
2024-09-05T04:00:00+08:00,1725480000,31.6,7.0,2.6,489.9,52.2,4.66,0.031,0.17,2.32,,,Ⅴ
2024-09-05T08:00:00+08:00,1725494400,31.8,8.0,3.08,496.9,42.6,5.06,0.027,0.169,2.34,,,Ⅳ
2024-09-05T12:00:00+08:00,1725508800,32.0,7.0,2.8,488.3,65.8,5.04,0.032,0.179,2.47,,,Ⅴ
2024-09-05T16:00:00+08:00,1725523200,32.2,8.0,3.01,488.0,44.5,4.49,0.032,0.164,2.29,,,Ⅳ
2024-09-05T20:00:00+08:00,1725537600,32.1,8.0,3.2,492.9,47.0,4.72,0.029,0.168,2.3,,,Ⅳ
2024-09-08T16:00:00+08:00,1725782400,32.2,8.0,3.7,499.4,43.9,4.82,0.033,0.157,2.21,,,Ⅳ
2024-09-08T20:00:00+08:00,1725796800,31.9,8.0,3.65,500.1,50.9,4.73,0.035,0.16,2.23,,,Ⅳ
2024-09-09T04:00:00+08:00,1725825600,31.6,8.0,3.44,500.3,52.9,4.49,0.04,0.156,2.16,,,Ⅳ
2024-09-09T08:00:00+08:00,1725840000,31.6,8.0,3.52,501.6,52.1,4.61,0.037,0.159,2.19,,,Ⅳ
2024-09-09T12:00:00+08:00,1725854400,32.0,8.0,3.65,501.3,59.4,4.64,0.037,0.16,2.22,,,Ⅳ
2024-09-09T16:00:00+08:00,1725868800,32.2,8.0,3.76,503.3,52.0,4.58,0.042,0.157,2.21,,,Ⅳ
2024-09-09T20:00:00+08:00,1725883200,32.0,8.0,3.76,503.3,53.4,4.6,0.038,0.155,2.22,,,Ⅳ
2024-09-10T04:00:00+08:00,1725912000,31.7,8.0,3.55,506.2,56.8,4.6,0.025,0.158,2.25,,,Ⅳ
2024-09-10T08:00:00+08:00,1725926400,31.7,8.0,3.65,505.7,52.0,4.91,0.025,0.156,2.18,,,Ⅳ
2024-09-10T12:00:00+08:00,1725940800,31.7,8.0,3.65,506.1,52.8,4.46,0.025,0.158,2.19,,,Ⅳ
2024-09-10T16:00:00+08:00,1725955200,31.3,8.0,3.74,505.8,62.0,4.87,0.026,0.158,2.26,,,Ⅳ
2024-09-10T20:00:00+08:00,1725969600,31.1,7.0,4.88,474.8,81.9,5.03,0.029,0.163,2.32,,,Ⅳ
2024-09-11T04:00:00+08:00,1725998400,30.4,7.0,4.81,460.9,53.0,4.55,0.033,0.169,2.38,,,Ⅳ
2024-09-11T08:00:00+08:00,1726012800,30.2,7.0,4.67,456.1,48.0,5.0,0.036,0.178,2.52,,,Ⅳ
2024-09-11T12:00:00+08:00,1726027200,29.9,7.0,4.56,440.6,60.1,4.87,0.044,0.195,2.67,,,Ⅳ
2024-09-11T16:00:00+08:00,1726041600,29.5,7.0,4.34,429.0,69.3,5.22,0.068,0.214,2.74,,,Ⅳ
2024-09-11T20:00:00+08:00,1726056000,29.4,7.0,4.19,421.8,40.6,5.34,0.08,0.214,2.72,,,Ⅳ
2024-09-12T04:00:00+08:00,1726084800,29.2,7.0,3.97,403.6,50.2,5.12,0.093,0.213,2.8,,,Ⅳ
2024-09-12T08:00:00+08:00,1726099200,29.1,7.0,3.68,393.2,51.4,5.48,0.107,0.227,2.94,,,Ⅳ
2024-09-12T12:00:00+08:00,1726113600,29.3,7.0,3.67,374.3,50.6,5.08,0.106,0.223,2.92,,,Ⅳ
2024-09-12T16:00:00+08:00,1726128000,29.6,7.0,3.52,372.4,45.5,4.79,0.168,0.232,2.93,,,Ⅳ
2024-09-12T20:00:00+08:00,1726142400,29.6,7.0,3.5,374.6,44.7,5.1,0.16,0.239,3.04,,,Ⅳ
2024-09-13T04:00:00+08:00,1726171200,29.4,7.0,3.4,373.4,39.9,4.8,0.14,0.242,3.08,,,Ⅳ
2024-09-13T16:00:00+08:00,1726214400,30.2,7.0,3.3,344.7,51.1,4.4,0.13,0.228,2.78,,,Ⅳ
2024-09-13T20:00:00+08:00,1726228800,30.4,7.0,3.4,369.0,48.7,4.5,0.13,0.214,2.7,,,Ⅳ
2024-09-14T04:00:00+08:00,1726257600,29.9,7.0,3.2,349.6,46.6,4.6,0.11,0.219,2.68,,,Ⅳ
2024-09-14T08:00:00+08:00,1726272000,30.2,7.0,3.2,370.5,52.4,4.5,0.09,0.213,2.67,,,Ⅳ
2024-09-14T12:00:00+08:00,1726286400,30.4,7.0,3.2,362.6,53.3,4.8,0.09,0.216,2.66,,,Ⅳ
2024-09-14T16:00:00+08:00,1726300800,30.5,7.0,3.3,360.9,67.5,4.5,0.08,0.219,2.73,,,Ⅳ
2024-09-14T20:00:00+08:00,1726315200,30.4,7.0,3.2,364.0,43.4,4.4,0.07,0.213,2.7,,,Ⅳ
2024-09-15T04:00:00+08:00,1726344000,30.2,7.0,3.2,383.1,62.0,4.5,0.04,0.214,2.72,,,Ⅳ
2024-09-15T08:00:00+08:00,1726358400,30.1,7.0,3.2,372.4,56.4,4.7,0.03,0.21,2.67,,,Ⅳ
2024-09-15T12:00:00+08:00,1726372800,30.3,7.0,3.2,367.8,55.2,4.7,0.06,0.21,2.76,,,Ⅳ
2024-09-15T16:00:00+08:00,1726387200,29.4,7.0,2.4,379.8,46.8,4.3,0.02,0.206,2.74,,,Ⅴ
2024-09-15T20:00:00+08:00,1726401600,29.4,7.0,2.5,376.5,44.3,4.5,0.03,0.211,2.74,,,Ⅴ
2024-09-16T04:00:00+08:00,1726430400,29.1,7.0,2.5,389.7,98.6,4.6,0.03,0.221,2.94,,,Ⅴ
2024-09-16T08:00:00+08:00,1726444800,29.0,7.0,2.7,391.2,50.5,5.0,0.02,0.207,2.85,,,Ⅴ
2024-09-16T12:00:00+08:00,1726459200,28.6,7.0,3.3,382.9,77.3,4.6,0.02,0.214,2.92,,,Ⅳ
2024-09-16T16:00:00+08:00,1726473600,28.4,7.0,4.2,423.8,58.4,4.2,0.02,0.176,2.47,,,Ⅳ
2024-09-16T20:00:00+08:00,1726488000,27.8,7.0,3.9,389.6,62.1,4.3,0.03,0.209,2.75,,,Ⅳ
2024-09-17T04:00:00+08:00,1726516800,27.5,7.0,3.4,375.2,77.0,4.6,0.05,0.24,3.07,,,Ⅳ
2024-09-17T08:00:00+08:00,1726531200,27.4,7.0,3.5,364.8,70.6,5.2,0.04,0.247,3.17,,,Ⅳ
2024-09-17T12:00:00+08:00,1726545600,27.7,7.0,3.0,346.4,68.4,4.8,0.05,0.266,3.3,,,Ⅳ
2024-09-17T16:00:00+08:00,1726560000,27.9,7.0,2.8,358.4,69.0,4.8,0.03,0.251,3.24,,,Ⅴ
2024-09-17T20:00:00+08:00,1726574400,27.8,7.0,2.9,352.0,55.8,4.9,0.03,0.257,3.3,,,Ⅴ
2024-09-18T04:00:00+08:00,1726603200,27.7,7.0,2.2,353.5,102.2,4.9,0.03,0.27,3.38,,,Ⅴ
2024-09-18T08:00:00+08:00,1726617600,27.8,7.0,2.8,359.7,58.0,5.3,0.03,0.252,3.32,,,Ⅴ
2024-09-18T12:00:00+08:00,1726632000,27.8,7.0,2.5,348.0,52.9,4.8,0.04,0.273,3.3,,,Ⅴ
2024-09-18T16:00:00+08:00,1726646400,27.8,7.0,2.4,354.4,90.1,5.0,0.03,0.272,3.35,,,Ⅴ
2024-09-18T20:00:00+08:00,1726660800,27.8,7.0,2.8,354.5,69.9,4.8,0.03,0.26,3.31,,,Ⅴ
2024-09-19T04:00:00+08:00,1726689600,27.8,7.0,2.1,353.0,117.2,5.2,0.03,0.276,3.43,,,Ⅴ
2024-09-19T08:00:00+08:00,1726704000,27.8,7.0,3.0,360.1,60.2,4.9,0.03,0.249,3.32,,,Ⅳ
2024-09-20T04:00:00+08:00,1726776000,27.8,7.0,2.5,360.5,122.1,4.7,0.04,0.263,3.4,,,Ⅴ
2024-09-20T08:00:00+08:00,1726790400,27.8,7.0,3.0,368.8,56.3,4.9,0.03,0.219,2.92,,,Ⅳ
2024-09-20T12:00:00+08:00,1726804800,28.1,7.0,3.2,364.1,54.8,4.6,0.02,0.229,2.92,,,Ⅳ
2024-09-20T16:00:00+08:00,1726819200,28.5,7.0,3.0,364.7,86.8,4.8,0.03,0.238,3.12,,,Ⅳ
2024-09-20T20:00:00+08:00,1726833600,27.9,7.0,3.5,381.9,50.9,4.1,0.03,0.201,2.72,,,Ⅳ
2024-09-21T00:00:00+08:00,1726848000,27.8,7.0,3.6,370.2,48.1,4.4,0.03,0.21,2.72,,,Ⅳ
2024-09-21T04:00:00+08:00,1726862400,27.8,7.0,3.3,370.1,74.1,4.2,0.03,0.224,2.94,,,Ⅳ
2024-09-21T08:00:00+08:00,1726876800,27.8,7.0,3.6,388.7,64.3,4.3,0.03,0.199,2.69,,,Ⅳ
2024-09-21T12:00:00+08:00,1726891200,27.8,7.0,3.7,374.9,50.7,4.2,0.03,0.207,2.66,,,Ⅳ
2024-09-21T16:00:00+08:00,1726905600,27.7,7.0,3.4,374.8,82.3,4.6,,0.229,2.92,,,
2024-09-21T20:00:00+08:00,1726920000,27.3,7.0,3.8,396.2,71.7,4.2,0.03,0.201,2.73,,,Ⅳ
2024-09-22T00:00:00+08:00,1726934400,27.0,7.0,4.1,388.3,52.6,4.1,0.03,0.199,2.6,,,Ⅳ
2024-09-22T04:00:00+08:00,1726948800,26.9,7.0,3.8,382.2,60.6,4.3,0.03,0.207,2.72,,,Ⅳ
2024-09-22T08:00:00+08:00,1726963200,26.9,7.0,4.0,395.0,61.8,4.5,0.03,0.195,2.64,,,Ⅳ
2024-09-22T12:00:00+08:00,1726977600,27.0,7.0,4.2,393.6,57.1,4.2,0.03,0.197,2.54,,,Ⅳ
2024-09-22T16:00:00+08:00,1726992000,26.9,7.0,3.9,395.1,48.8,4.2,0.09,0.214,2.7,,,Ⅳ
2024-09-22T20:00:00+08:00,1727006400,26.6,7.0,4.2,399.3,67.4,4.3,0.03,0.202,2.69,,,Ⅳ
2024-09-23T00:00:00+08:00,1727020800,26.4,7.0,4.3,397.4,52.3,4.1,0.02,0.196,2.62,,,Ⅳ
2024-09-23T04:00:00+08:00,1727035200,26.0,7.0,3.9,400.4,45.2,3.9,0.03,0.205,2.65,,,Ⅳ
2024-09-23T08:00:00+08:00,1727049600,26.2,7.0,4.2,399.0,56.5,4.6,0.02,0.198,2.65,,,Ⅳ
2024-09-23T12:00:00+08:00,1727064000,26.4,7.0,4.3,397.4,60.1,4.0,0.03,0.203,2.66,,,Ⅳ
2024-09-23T16:00:00+08:00,1727078400,26.1,7.0,3.6,412.2,46.7,4.5,0.03,0.2,2.66,,,Ⅳ
2024-09-23T20:00:00+08:00,1727092800,26.0,7.0,3.5,403.2,54.7,4.3,0.03,0.212,2.72,,,Ⅳ
2024-09-24T00:00:00+08:00,1727107200,26.0,7.0,4.0,401.9,47.7,4.4,0.02,0.204,2.67,,,Ⅳ
2024-09-24T04:00:00+08:00,1727121600,25.7,7.0,3.5,407.9,44.4,4.0,0.02,0.203,2.71,,,Ⅳ
2024-09-24T08:00:00+08:00,1727136000,25.6,7.0,3.5,406.3,44.4,4.7,0.02,0.205,2.74,,,Ⅳ
2024-09-24T12:00:00+08:00,1727150400,25.6,7.0,3.6,406.7,47.9,4.1,0.02,0.205,2.71,,,Ⅳ
2024-09-24T16:00:00+08:00,1727164800,25.8,7.0,3.4,430.7,47.6,,,,2.74,,,
2024-09-24T20:00:00+08:00,1727179200,25.6,7.0,3.4,423.5,58.6,4.5,0.04,0.2,2.73,,,Ⅳ
2024-09-25T00:00:00+08:00,1727193600,25.7,7.0,3.9,416.1,53.3,4.2,0.02,0.197,2.72,,,Ⅳ
2024-09-25T04:00:00+08:00,1727208000,25.6,7.0,3.4,427.7,53.9,4.0,0.04,0.193,2.74,,,Ⅳ
2024-09-25T08:00:00+08:00,1727222400,25.2,7.0,3.3,435.4,44.3,4.4,0.02,0.185,2.66,,,Ⅳ
2024-09-25T12:00:00+08:00,1727236800,25.4,7.0,3.4,438.5,56.4,4.3,0.02,0.179,2.58,,,Ⅳ
2024-09-25T16:00:00+08:00,1727251200,25.3,7.0,3.3,430.4,50.2,4.1,0.04,0.176,2.59,,,Ⅳ
2024-09-25T20:00:00+08:00,1727265600,25.2,7.0,3.3,426.2,45.0,4.2,0.02,0.172,2.51,,,Ⅳ
2024-09-26T00:00:00+08:00,1727280000,25.1,7.0,3.3,437.8,41.0,4.0,0.02,0.17,2.56,,,Ⅳ
2024-09-26T04:00:00+08:00,1727294400,25.1,7.0,3.1,432.3,46.0,4.1,0.04,0.17,2.54,,,Ⅳ
2024-09-26T08:00:00+08:00,1727308800,25.1,7.0,3.1,422.9,52.6,4.4,0.04,0.17,2.55,,,Ⅳ
2024-09-27T04:00:00+08:00,1727380800,25.1,7.0,3.1,417.4,44.3,3.8,0.04,0.162,2.5,,,Ⅳ
2024-09-27T08:00:00+08:00,1727395200,25.4,7.0,3.1,415.5,51.6,4.1,0.06,0.171,2.57,,,Ⅳ
2024-09-27T12:00:00+08:00,1727409600,25.5,7.0,2.9,430.9,49.8,3.9,0.09,0.174,2.63,,,Ⅴ
2024-10-10T00:00:00+08:00,1728489600,22.1,7.0,4.6,476.6,53.0,3.9,0.08,0.114,2.71,,,Ⅳ
2024-10-10T04:00:00+08:00,1728504000,21.9,7.0,4.4,476.1,57.0,3.7,0.12,0.115,2.78,,,Ⅳ
2024-10-10T08:00:00+08:00,1728518400,21.7,7.0,4.2,476.4,43.8,4.0,0.14,0.116,2.81,,,Ⅳ
2024-10-10T12:00:00+08:00,1728532800,22.2,7.0,4.2,476.7,52.4,3.8,0.15,0.117,2.89,,,Ⅳ
2024-10-10T16:00:00+08:00,1728547200,22.2,7.0,4.2,475.1,52.4,3.5,0.19,0.119,2.86,,,Ⅳ
2024-10-10T20:00:00+08:00,1728561600,22.2,7.0,4.1,476.4,47.8,3.5,0.17,0.117,2.85,,,Ⅳ
2024-10-11T00:00:00+08:00,1728576000,22.0,7.0,4.1,479.0,45.5,3.4,0.17,0.12,2.86,,,Ⅳ
2024-10-11T04:00:00+08:00,1728590400,22.0,7.0,4.0,474.8,48.3,3.4,0.16,0.123,2.86,,,Ⅳ
2024-10-11T08:00:00+08:00,1728604800,22.1,7.0,4.1,473.3,43.6,3.9,0.13,0.113,2.84,,,Ⅳ
2024-10-11T12:00:00+08:00,1728619200,22.3,7.0,4.2,472.7,47.7,3.5,0.13,0.109,2.82,,,Ⅳ
2024-10-11T16:00:00+08:00,1728633600,22.3,7.0,4.2,471.8,67.2,3.3,0.12,0.109,2.86,,,Ⅳ
2024-10-12T00:00:00+08:00,1728662400,22.2,7.0,4.2,474.1,50.1,3.5,0.1,0.071,2.79,,,Ⅳ
2024-10-12T04:00:00+08:00,1728676800,22.2,7.0,4.2,472.8,52.4,3.6,0.11,0.068,2.82,,,Ⅳ
2024-10-12T16:00:00+08:00,1728720000,22.6,7.0,5.1,474.7,58.6,3.6,0.08,0.106,2.82,,,Ⅲ
2024-10-12T20:00:00+08:00,1728734400,22.6,7.0,5.0,474.6,51.9,3.6,0.08,0.063,2.77,,,Ⅲ
2024-10-13T00:00:00+08:00,1728748800,22.3,7.0,4.9,475.9,52.7,3.6,0.08,0.072,2.8,,,Ⅳ
2024-10-13T04:00:00+08:00,1728763200,22.4,7.0,5.0,476.3,53.1,3.3,0.08,0.1,2.83,,,Ⅲ
2024-10-13T12:00:00+08:00,1728792000,22.7,7.0,5.0,475.2,58.4,3.4,0.07,0.077,2.86,,,Ⅲ
2024-10-13T16:00:00+08:00,1728806400,22.8,7.0,4.9,475.2,56.0,3.8,0.07,0.064,2.79,,,Ⅳ
2024-10-14T00:00:00+08:00,1728835200,22.9,7.0,4.7,476.3,48.5,3.4,0.07,0.064,2.75,,,Ⅳ
2024-10-14T04:00:00+08:00,1728849600,22.8,7.0,4.9,477.7,54.8,3.2,0.06,0.063,2.8,,,Ⅳ
2024-10-14T08:00:00+08:00,1728864000,22.8,7.0,4.9,476.8,72.3,4.1,0.06,0.062,2.91,,,Ⅳ
2024-10-14T12:00:00+08:00,1728878400,23.2,7.0,4.8,479.6,49.1,3.6,0.05,0.063,2.77,,,Ⅳ
2024-10-21T04:00:00+08:00,1729454400,22.1,7.0,4.8,478.8,45.3,3.3,0.03,,2.89,,,
2024-10-21T08:00:00+08:00,1729468800,22.2,8.0,5.0,488.4,54.1,4.2,0.03,,2.92,,,
2024-10-21T12:00:00+08:00,1729483200,22.1,8.0,4.8,479.2,62.5,3.5,0.03,,2.95,,,
2024-10-21T16:00:00+08:00,1729497600,22.1,8.0,4.8,478.1,48.9,3.6,0.04,,2.86,,,
2024-10-21T20:00:00+08:00,1729512000,22.2,8.0,4.9,488.3,58.3,3.7,0.03,0.1,3.0,,,Ⅳ
2024-10-22T00:00:00+08:00,1729526400,22.1,8.0,5.2,482.7,53.6,3.5,0.03,0.112,2.92,,,Ⅲ
2024-10-22T04:00:00+08:00,1729540800,21.9,8.0,4.8,481.2,45.2,3.3,0.04,0.106,2.9,,,Ⅳ
2024-10-22T08:00:00+08:00,1729555200,22.0,8.0,5.0,482.3,50.7,3.8,0.03,0.112,2.89,,,Ⅲ
2024-10-22T12:00:00+08:00,1729569600,21.9,8.0,4.8,484.5,49.4,3.5,0.05,0.112,2.95,,,Ⅳ
2024-10-23T00:00:00+08:00,1729612800,21.5,8.0,4.8,487.6,53.1,3.6,0.06,0.109,2.95,,,Ⅳ
2024-10-23T04:00:00+08:00,1729627200,21.0,8.0,4.8,484.3,50.4,3.4,0.07,0.107,2.98,,,Ⅳ
2024-10-23T08:00:00+08:00,1729641600,20.9,8.0,4.9,485.3,40.7,4.0,0.05,0.094,2.94,,,Ⅳ
2024-10-23T12:00:00+08:00,1729656000,21.1,8.0,5.0,484.2,48.2,3.6,0.05,0.094,2.88,,,Ⅲ
2024-10-23T16:00:00+08:00,1729670400,21.1,8.0,4.9,484.0,51.6,3.7,0.07,0.093,2.93,,,Ⅳ
2024-10-23T20:00:00+08:00,1729684800,20.9,8.0,5.0,488.1,47.4,3.4,0.06,0.089,2.93,,,Ⅲ
2024-10-24T00:00:00+08:00,1729699200,20.8,8.0,5.0,488.3,42.2,3.3,0.05,0.087,2.87,,,Ⅲ
2024-10-24T04:00:00+08:00,1729713600,20.5,8.0,5.0,487.4,52.4,3.6,0.07,0.087,2.95,,,Ⅲ
2024-10-24T08:00:00+08:00,1729728000,20.4,8.0,4.8,482.0,51.2,4.1,0.08,0.092,2.97,,,Ⅳ
2024-10-24T12:00:00+08:00,1729742400,20.6,8.0,4.9,483.5,58.6,3.4,0.1,0.095,3.05,,,Ⅳ
2024-10-24T16:00:00+08:00,1729756800,20.8,8.0,4.8,484.3,55.4,3.4,0.1,0.093,3.09,,,Ⅳ
2024-10-24T20:00:00+08:00,1729771200,20.5,8.0,4.9,486.5,49.7,3.5,0.09,0.092,3.03,,,Ⅳ
2024-10-25T00:00:00+08:00,1729785600,20.4,8.0,5.0,487.8,57.6,3.5,0.09,0.09,3.07,,,Ⅲ
2024-10-25T12:00:00+08:00,1729828800,20.6,8.0,5.0,483.4,49.9,3.5,0.07,0.088,3.03,,,Ⅲ
2024-10-25T16:00:00+08:00,1729843200,20.6,8.0,5.1,482.8,47.4,3.4,0.07,0.086,2.97,,,Ⅲ
2024-10-25T20:00:00+08:00,1729857600,20.6,8.0,5.2,484.2,47.4,3.2,0.06,0.089,2.98,,,Ⅲ
2024-10-26T00:00:00+08:00,1729872000,20.6,8.0,5.2,488.5,54.3,2.9,0.06,0.094,3.02,,,Ⅲ
2024-10-26T04:00:00+08:00,1729886400,20.6,8.0,5.0,489.0,46.3,2.9,0.07,0.091,3.01,,,Ⅲ
2024-10-26T08:00:00+08:00,1729900800,20.7,8.0,5.1,487.4,51.2,3.3,0.06,0.096,3.0,,,Ⅲ
2024-10-26T12:00:00+08:00,1729915200,20.8,8.0,5.2,481.4,47.2,2.9,0.05,0.092,2.93,,,Ⅲ
2024-10-26T16:00:00+08:00,1729929600,21.0,8.0,5.2,483.6,45.6,2.8,0.05,0.092,2.82,,,Ⅲ
2024-10-26T20:00:00+08:00,1729944000,21.0,8.0,5.2,485.6,44.5,2.5,0.05,0.091,2.89,,,Ⅲ
2024-10-27T00:00:00+08:00,1729958400,21.0,8.0,5.1,485.6,42.6,2.5,0.04,0.092,2.88,,,Ⅲ
2024-10-27T04:00:00+08:00,1729972800,21.0,8.0,5.2,486.3,45.7,,0.05,0.092,2.87,,,
2024-10-27T08:00:00+08:00,1729987200,21.1,8.0,4.8,487.5,56.8,,0.08,0.096,2.96,,,
2024-10-28T08:00:00+08:00,1730073600,20.8,7.0,4.9,483.4,53.0,3.3,0.09,0.098,2.98,,,Ⅳ
2024-10-28T12:00:00+08:00,1730088000,20.9,7.0,4.7,483.5,44.9,3.1,0.09,0.095,2.96,,,Ⅳ
2024-10-28T16:00:00+08:00,1730102400,21.0,7.0,4.8,486.5,47.4,3.1,0.09,0.096,3.01,,,Ⅳ
2024-10-28T20:00:00+08:00,1730116800,20.8,7.0,4.8,486.4,57.4,3.0,0.1,0.101,3.08,,,Ⅳ
2024-10-29T00:00:00+08:00,1730131200,20.7,7.0,4.8,486.6,44.4,3.0,0.08,0.097,3.04,,,Ⅳ
2024-10-29T04:00:00+08:00,1730145600,20.5,7.0,4.8,489.8,45.0,3.2,0.09,0.094,2.97,,,Ⅳ
2024-10-29T08:00:00+08:00,1730160000,20.5,7.0,4.9,488.1,58.6,3.6,0.09,0.1,3.05,,,Ⅳ
2024-10-29T12:00:00+08:00,1730174400,20.7,7.0,4.8,488.3,48.8,3.4,0.09,0.098,3.05,,,Ⅳ
2024-10-29T16:00:00+08:00,1730188800,20.9,8.0,4.9,489.0,50.6,3.4,0.08,0.097,2.95,,,Ⅳ
2024-10-29T20:00:00+08:00,1730203200,20.6,8.0,4.9,489.4,49.8,3.3,0.09,0.099,3.09,,,Ⅳ
2024-10-30T00:00:00+08:00,1730217600,20.4,8.0,4.8,490.7,45.0,3.3,0.09,0.094,3.04,,,Ⅳ
2024-10-30T04:00:00+08:00,1730232000,20.2,8.0,5.0,492.6,46.2,3.1,0.07,0.093,3.04,,,Ⅲ
2024-10-30T08:00:00+08:00,1730246400,20.2,8.0,5.0,493.2,72.7,3.7,0.09,0.103,3.14,,,Ⅲ
2024-10-30T12:00:00+08:00,1730260800,20.4,8.0,5.0,492.8,52.7,3.4,0.08,0.095,3.11,,,Ⅲ
2024-10-30T16:00:00+08:00,1730275200,20.5,8.0,4.9,494.0,59.9,3.5,0.07,0.1,3.05,,,Ⅳ
2024-10-30T20:00:00+08:00,1730289600,20.4,8.0,5.1,494.6,52.0,3.2,0.07,0.098,3.24,,,Ⅲ
2024-10-31T00:00:00+08:00,1730304000,20.2,8.0,5.0,494.4,49.3,3.5,0.07,0.096,4.06,,,Ⅲ
2024-10-31T04:00:00+08:00,1730318400,20.2,8.0,5.1,496.0,69.5,3.2,0.06,0.101,4.03,,,Ⅲ
2024-10-31T08:00:00+08:00,1730332800,20.2,8.0,5.3,495.7,62.0,3.8,0.05,0.105,3.76,,,Ⅲ
2024-10-31T12:00:00+08:00,1730347200,20.0,8.0,5.2,492.2,54.3,3.5,0.06,0.1,2.28,,,Ⅲ
2024-10-31T16:00:00+08:00,1730361600,20.2,8.0,5.2,495.3,80.1,3.7,0.06,0.111,2.27,,,Ⅲ
2024-10-31T20:00:00+08:00,1730376000,20.2,8.0,5.5,496.0,52.2,3.5,0.04,0.101,2.37,,,Ⅲ
2024-11-01T00:00:00+08:00,1730390400,20.1,8.0,5.4,488.5,58.8,3.8,0.1,0.114,2.56,,,Ⅲ
2024-11-01T04:00:00+08:00,1730404800,20.1,8.0,5.5,492.6,60.7,3.3,0.07,0.119,2.61,,,Ⅲ
2024-11-01T08:00:00+08:00,1730419200,19.9,8.0,5.6,461.9,56.5,3.8,0.19,0.143,2.88,,,Ⅲ
2024-11-02T00:00:00+08:00,1730476800,19.7,8.0,5.8,408.2,69.8,4.0,0.14,0.236,3.58,,,Ⅳ
2024-11-02T08:00:00+08:00,1730505600,19.5,7.0,5.7,387.6,73.0,4.6,0.11,0.275,3.13,,,Ⅳ
2024-11-02T12:00:00+08:00,1730520000,19.6,7.0,5.4,385.6,58.9,4.7,0.11,0.292,3.38,,,Ⅳ
2024-11-04T08:00:00+08:00,1730678400,19.6,7.0,4.8,386.8,46.2,4.5,0.08,0.289,3.25,,,Ⅳ
2024-11-04T12:00:00+08:00,1730692800,20.0,7.0,4.4,390.6,40.8,4.5,0.1,0.277,3.27,,,Ⅳ
2024-11-04T20:00:00+08:00,1730721600,20.0,7.0,4.8,390.0,41.6,4.4,0.08,0.275,3.14,,,Ⅳ
2024-11-05T08:00:00+08:00,1730764800,19.6,7.0,4.8,398.3,43.8,4.7,0.08,0.265,3.13,,,Ⅳ
2024-11-05T12:00:00+08:00,1730779200,19.9,7.0,4.8,401.2,53.6,4.2,0.07,0.25,3.09,,,Ⅳ
2024-11-05T16:00:00+08:00,1730793600,20.1,7.0,4.3,406.9,41.5,4.2,0.14,0.237,3.06,,,Ⅳ
2024-11-05T20:00:00+08:00,1730808000,19.7,7.0,4.9,404.1,46.7,4.2,0.07,0.245,3.02,,,Ⅳ
2024-11-06T00:00:00+08:00,1730822400,19.5,7.0,4.5,409.7,50.2,4.0,0.11,0.233,3.08,,,Ⅳ
2024-11-06T08:00:00+08:00,1730851200,19.2,7.0,4.6,411.5,39.7,,0.1,0.221,3.03,,,
2024-11-06T12:00:00+08:00,1730865600,19.5,7.0,4.7,415.6,51.6,,0.1,0.218,3.1,,,
2024-11-06T16:00:00+08:00,1730880000,19.5,7.0,4.6,414.2,41.0,4.1,0.11,,3.49,,,
2024-11-06T20:00:00+08:00,1730894400,19.1,7.0,4.9,416.6,55.7,4.1,0.11,0.284,3.37,,,Ⅳ
2024-11-07T00:00:00+08:00,1730908800,18.9,7.0,4.8,417.6,45.7,4.4,0.12,0.278,3.43,,,Ⅳ
2024-11-07T04:00:00+08:00,1730923200,18.8,7.0,4.8,423.8,46.2,4.1,0.12,0.258,3.39,,,Ⅳ
2024-11-07T08:00:00+08:00,1730937600,18.6,7.0,4.7,419.9,37.1,4.4,0.1,0.254,3.4,,,Ⅳ
2024-11-07T12:00:00+08:00,1730952000,18.8,7.0,4.8,426.2,48.0,4.1,0.11,0.254,3.38,,,Ⅳ
2024-11-07T16:00:00+08:00,1730966400,18.8,7.0,4.9,430.4,44.1,3.8,0.11,0.232,3.43,,,Ⅳ
2024-11-07T20:00:00+08:00,1730980800,18.7,7.0,4.9,429.2,50.0,3.8,0.11,0.232,3.43,,,Ⅳ
2024-11-08T00:00:00+08:00,1730995200,18.4,7.0,5.0,429.9,43.3,3.4,0.14,0.225,3.2,,,Ⅳ
2024-11-08T04:00:00+08:00,1731009600,18.2,7.0,4.9,435.9,46.8,3.6,0.12,0.219,3.38,,,Ⅳ
2024-11-08T08:00:00+08:00,1731024000,18.2,7.0,5.0,437.7,38.9,4.1,0.1,0.213,3.44,,,Ⅳ
2024-11-12T12:00:00+08:00,1731384000,19.1,8.0,5.1,463.7,43.7,3.8,0.08,0.115,3.25,,,Ⅲ
2024-11-12T16:00:00+08:00,1731398400,19.2,8.0,5.0,463.9,44.3,3.5,0.07,0.109,3.23,,,Ⅲ
2024-11-12T20:00:00+08:00,1731412800,19.0,8.0,5.4,465.0,46.1,3.6,0.08,0.118,3.25,,,Ⅲ
2024-11-13T12:00:00+08:00,1731470400,19.2,8.0,5.1,468.3,50.4,3.6,0.06,0.113,3.21,,,Ⅲ
2024-11-13T20:00:00+08:00,1731499200,19.2,8.0,5.4,433.6,48.4,4.2,0.1,0.112,3.43,,,Ⅲ
2024-11-14T00:00:00+08:00,1731513600,19.2,8.0,5.4,434.4,36.9,3.5,0.09,0.105,3.26,,,Ⅲ
2024-11-14T08:00:00+08:00,1731542400,19.3,8.0,5.4,434.4,49.7,3.9,0.08,0.111,3.2,,,Ⅲ
2024-11-14T12:00:00+08:00,1731556800,19.6,8.0,5.5,435.1,40.2,3.5,0.07,0.107,3.2,,,Ⅲ
2024-11-14T16:00:00+08:00,1731571200,19.6,8.0,5.5,436.4,41.7,3.5,0.06,0.104,3.21,,,Ⅲ
2024-11-14T20:00:00+08:00,1731585600,19.6,8.0,5.5,436.4,55.3,3.6,0.08,0.113,3.21,,,Ⅲ
2024-11-15T00:00:00+08:00,1731600000,19.7,8.0,5.4,435.2,42.6,3.7,0.07,0.106,3.21,,,Ⅲ
2024-11-15T04:00:00+08:00,1731614400,19.6,8.0,5.4,436.5,42.0,3.6,0.06,0.1,3.25,,,Ⅲ
2024-11-15T12:00:00+08:00,1731643200,19.9,8.0,5.2,435.9,52.3,3.9,0.07,0.108,3.28,,,Ⅲ
2024-11-15T16:00:00+08:00,1731657600,19.9,8.0,5.3,436.5,60.2,3.5,0.06,0.108,3.26,,,Ⅲ
2024-11-16T00:00:00+08:00,1731686400,20.0,8.0,5.3,438.0,49.0,3.6,0.07,0.108,3.25,,,Ⅲ
2024-11-16T04:00:00+08:00,1731700800,20.0,8.0,5.2,437.7,50.5,3.5,0.06,0.107,3.25,,,Ⅲ
2024-11-16T08:00:00+08:00,1731715200,20.0,8.0,5.1,438.6,41.5,4.0,0.08,0.106,3.27,,,Ⅲ
2024-11-16T12:00:00+08:00,1731729600,20.2,8.0,5.1,441.5,50.9,3.5,0.07,0.109,3.32,,,Ⅲ
2024-11-16T16:00:00+08:00,1731744000,20.3,8.0,5.1,441.2,57.5,3.8,0.06,0.108,3.26,,,Ⅲ
2024-11-16T20:00:00+08:00,1731758400,20.2,8.0,5.3,439.8,40.3,3.6,0.06,0.105,3.2,,,Ⅲ
2024-11-17T00:00:00+08:00,1731772800,20.2,8.0,5.0,444.2,43.0,3.5,0.07,0.108,3.26,,,Ⅲ
2024-11-17T04:00:00+08:00,1731787200,20.2,8.0,5.0,443.5,46.0,3.3,0.06,0.112,3.25,,,Ⅲ
2024-11-17T16:00:00+08:00,1731830400,19.7,8.0,5.3,444.9,69.0,4.0,0.07,0.115,3.27,,,Ⅲ
2024-11-17T20:00:00+08:00,1731844800,19.6,8.0,5.8,443.4,45.5,3.8,0.04,0.113,3.17,,,Ⅲ
2024-11-18T08:00:00+08:00,1731888000,18.9,8.0,5.9,442.9,38.3,4.1,0.04,0.113,3.21,,,Ⅲ
2024-11-18T12:00:00+08:00,1731902400,18.9,8.0,6.0,444.5,48.4,3.6,0.05,0.116,3.22,,,Ⅲ
2024-11-18T16:00:00+08:00,1731916800,18.8,8.0,5.8,445.4,51.2,3.5,0.05,0.114,3.26,,,Ⅲ
2024-11-19T00:00:00+08:00,1731945600,18.5,8.0,6.0,444.2,50.5,3.6,0.04,0.182,3.2,,,Ⅲ
2024-11-19T16:00:00+08:00,1732003200,18.0,8.0,5.7,447.4,48.7,3.8,0.04,0.158,3.16,,,Ⅲ
2024-11-19T20:00:00+08:00,1732017600,18.0,8.0,5.8,447.6,46.8,3.9,0.04,0.165,3.13,,,Ⅲ
2024-11-20T00:00:00+08:00,1732032000,17.9,8.0,6.0,448.3,50.2,3.6,0.04,0.168,3.18,,,Ⅲ
2024-11-20T12:00:00+08:00,1732075200,17.5,8.0,5.4,482.6,54.1,3.8,0.16,0.101,3.2,,,Ⅲ
2024-11-20T20:00:00+08:00,1732104000,17.3,8.0,5.5,482.8,49.5,3.9,0.11,0.098,3.41,,,Ⅲ
2024-11-21T04:00:00+08:00,1732132800,16.8,8.0,5.3,484.7,48.4,3.7,0.15,0.1,3.29,,,Ⅲ
2024-11-21T08:00:00+08:00,1732147200,16.8,8.0,5.4,485.0,50.0,3.9,0.13,0.101,3.28,,,Ⅲ
2024-11-21T12:00:00+08:00,1732161600,16.9,8.0,5.4,485.3,58.2,3.6,0.17,0.103,3.34,,,Ⅲ
2024-11-21T16:00:00+08:00,1732176000,16.9,8.0,5.3,485.2,47.9,3.9,0.16,0.101,3.37,,,Ⅲ
2024-11-21T20:00:00+08:00,1732190400,16.8,8.0,5.4,485.0,34.6,3.8,0.14,0.098,3.42,,,Ⅲ
2024-11-22T00:00:00+08:00,1732204800,16.8,8.0,5.4,485.3,39.6,3.7,0.15,0.097,3.36,,,Ⅲ
2024-11-22T12:00:00+08:00,1732248000,16.8,8.0,5.7,482.8,52.0,3.4,0.1,0.096,3.31,,,Ⅲ
2024-11-22T16:00:00+08:00,1732262400,16.7,8.0,5.6,483.3,53.7,3.5,0.12,0.097,3.32,,,Ⅲ
2024-11-22T20:00:00+08:00,1732276800,16.5,8.0,5.7,484.8,43.8,3.7,0.1,0.094,3.24,,,Ⅲ
2024-11-23T00:00:00+08:00,1732291200,16.5,8.0,5.8,485.7,48.3,3.4,0.09,0.094,3.28,,,Ⅲ
2024-11-23T04:00:00+08:00,1732305600,16.3,8.0,5.7,486.3,47.3,3.3,0.12,0.093,3.31,,,Ⅲ
2024-11-23T08:00:00+08:00,1732320000,16.2,8.0,5.8,485.0,56.3,3.9,0.1,0.094,3.32,,,Ⅲ
2024-11-23T12:00:00+08:00,1732334400,16.7,8.0,5.8,483.8,50.7,3.6,0.09,0.091,3.3,,,Ⅲ
2024-11-23T20:00:00+08:00,1732363200,16.4,8.0,5.7,487.6,38.9,3.4,0.09,0.104,3.28,,,Ⅲ
2024-11-24T00:00:00+08:00,1732377600,16.2,8.0,5.8,487.5,46.1,,0.1,0.098,3.4,,,
2024-11-24T04:00:00+08:00,1732392000,16.1,8.0,5.8,488.2,46.4,,0.12,0.095,3.35,,,
2024-11-24T08:00:00+08:00,1732406400,16.0,8.0,5.8,487.4,45.3,,0.11,0.096,3.35,,,
2024-11-24T12:00:00+08:00,1732420800,16.4,8.0,5.8,489.2,58.2,,0.1,0.097,3.34,,,
2024-11-25T21:08:00+08:00,1732540080,,,,,,,,,,,,
2024-11-26T09:09:00+08:00,1732583340,,,,,,,,,,,,
2024-11-26T13:10:00+08:00,1732597800,,,,,,,,,,,,
2024-11-26T17:10:00+08:00,1732612200,,,,,,,,,,,,
2024-11-26T21:11:00+08:00,1732626660,,,,,,,,,,,,
2024-11-27T13:12:00+08:00,1732684320,,,,,,,,,,,,
2024-11-27T17:12:00+08:00,1732698720,,,,,,,,,,,,
2024-11-27T21:13:00+08:00,1732713180,,,,,,,,,,,,
2024-11-28T17:14:00+08:00,1732785240,,,,,,,,,,,,
2024-11-28T21:14:00+08:00,1732799640,,,,,,,,,,,,
2024-11-29T13:15:00+08:00,1732857300,,,,,,,,,,,,
2024-11-29T16:00:00+08:00,1732867200,13.1,8.0,8.0,510.0,69.7,4.8,0.23,0.124,3.9,,,Ⅲ
2024-11-29T17:16:00+08:00,1732871760,,,,,,,,,,,,
2024-11-29T20:00:00+08:00,1732881600,12.8,8.0,8.5,510.0,59.1,4.5,0.23,0.119,3.87,,,Ⅲ
2024-11-30T08:00:00+08:00,1732924800,12.5,8.0,8.6,511.7,91.2,5.0,0.24,0.136,3.97,,,Ⅲ
2024-11-30T16:00:00+08:00,1732953600,13.1,8.0,8.8,495.6,57.8,4.6,0.23,0.117,3.92,,,Ⅲ
2024-12-01T00:00:00+08:00,1732982400,12.6,8.0,8.9,496.3,59.5,4.6,0.27,0.122,3.96,,,Ⅲ
2024-12-01T04:00:00+08:00,1732996800,12.4,8.0,8.9,497.7,53.0,4.5,0.22,0.113,3.92,,,Ⅲ
2024-12-01T08:00:00+08:00,1733011200,12.6,8.0,8.7,495.7,56.6,4.5,0.22,0.118,3.91,,,Ⅲ
2024-12-01T12:00:00+08:00,1733025600,12.9,8.0,9.0,497.0,67.4,4.6,0.24,0.12,3.94,,,Ⅲ
2024-12-01T16:00:00+08:00,1733040000,13.2,8.0,8.7,498.3,56.2,4.5,0.24,0.119,3.96,,,Ⅲ
2024-12-02T00:00:00+08:00,1733068800,12.8,8.0,8.9,501.6,58.2,4.6,0.25,0.121,3.97,,,Ⅲ
2024-12-02T20:00:00+08:00,1733140800,13.1,8.0,8.8,502.7,58.5,4.4,0.21,0.119,3.99,,,Ⅲ
2024-12-03T00:00:00+08:00,1733155200,13.0,8.0,8.8,503.0,58.9,4.4,0.26,0.117,4.0,,,Ⅲ
2024-12-03T12:00:00+08:00,1733198400,13.4,8.0,8.7,503.3,46.0,4.2,0.24,0.112,3.95,,,Ⅲ
2024-12-03T16:00:00+08:00,1733212800,13.6,8.0,8.8,503.1,65.2,4.5,0.22,0.121,,,,Ⅲ
2024-12-03T20:00:00+08:00,1733227200,13.2,8.0,8.9,504.0,63.3,4.4,0.22,0.124,3.98,,,Ⅲ
2024-12-04T04:00:00+08:00,1733256000,13.2,8.0,8.8,503.3,58.6,4.3,0.22,0.113,3.98,,,Ⅲ
2024-12-04T08:00:00+08:00,1733270400,13.2,8.0,8.8,504.3,65.9,4.5,0.22,0.125,3.98,,,Ⅲ
2024-12-04T12:00:00+08:00,1733284800,13.5,8.0,8.8,503.5,75.8,4.5,0.22,0.126,3.98,,,Ⅲ
2024-12-04T20:00:00+08:00,1733313600,13.4,8.0,8.6,506.2,66.5,4.4,0.22,0.126,3.98,,,
2024-12-05T00:00:00+08:00,1733328000,13.4,8.0,8.6,505.6,62.8,4.3,0.22,0.126,3.98,,,Ⅲ
2024-12-05T08:00:00+08:00,1733356800,13.3,8.0,8.8,506.8,59.9,4.3,0.22,0.126,3.98,,,Ⅲ
2024-12-05T20:00:00+08:00,1733400000,13.2,8.0,8.8,507.2,78.9,4.4,0.25,0.121,4.0,,,Ⅲ
2024-12-06T04:00:00+08:00,1733428800,13.1,8.0,8.8,505.8,66.0,4.3,0.27,0.12,4.01,,,Ⅲ
2024-12-06T08:00:00+08:00,1733443200,13.0,8.0,8.8,508.6,56.7,4.3,0.25,0.114,3.99,,,Ⅲ
2024-12-06T12:00:00+08:00,1733457600,13.2,8.0,8.6,508.2,69.2,4.4,0.26,0.12,4.03,,,Ⅲ
2024-12-07T12:00:00+08:00,1733544000,13.0,8.0,8.7,511.8,51.3,4.0,0.27,0.114,4.05,,,Ⅲ
2024-12-08T00:00:00+08:00,1733587200,12.7,8.0,8.9,514.2,50.7,3.8,0.27,0.11,4.03,,,Ⅲ
2024-12-09T08:00:00+08:00,1733702400,11.6,8.0,8.8,516.2,69.0,4.1,0.26,0.11,4.06,,,Ⅲ
2024-12-09T16:00:00+08:00,1733731200,11.8,8.0,9.2,517.7,70.8,4.0,0.27,0.114,4.06,,,Ⅲ
2024-12-11T04:00:00+08:00,1733860800,11.5,8.0,9.3,524.4,70.1,4.0,0.29,0.122,4.13,,,Ⅲ
2024-12-14T04:00:00+08:00,1734120000,10.1,8.0,9.3,534.3,68.7,3.9,0.36,0.117,4.2,,,Ⅲ
2024-12-14T16:00:00+08:00,1734163200,10.1,8.0,9.4,532.5,74.6,4.0,0.38,0.122,4.16,,,Ⅲ
2024-12-16T04:00:00+08:00,1734292800,8.9,8.0,9.7,543.1,51.2,3.6,0.36,0.109,4.14,,,Ⅲ
2024-12-18T20:00:00+08:00,1734523200,8.8,8.0,10.1,563.5,51.4,3.7,0.35,0.115,4.21,,,Ⅲ
2024-12-19T04:00:00+08:00,1734552000,8.6,8.0,10.0,564.9,58.4,3.7,0.36,0.117,4.21,,,Ⅲ
2024-12-20T20:00:00+08:00,1734696000,8.5,8.0,10.0,538.7,62.7,3.8,0.42,0.125,4.26,,,Ⅲ
2024-12-21T04:00:00+08:00,1734724800,8.3,8.0,9.9,540.1,60.0,3.8,0.45,0.118,4.27,,,Ⅲ
2024-12-23T20:00:00+08:00,1734955200,7.9,8.0,10.1,561.4,67.7,3.8,0.43,0.117,4.29,,,Ⅲ
2024-12-24T04:00:00+08:00,1734984000,7.8,8.0,10.3,563.3,57.9,3.7,0.42,0.117,4.3,,,Ⅲ
2024-12-24T12:00:00+08:00,1735012800,8.5,8.0,10.3,558.0,59.8,3.7,0.39,0.112,4.24,,,Ⅲ
2024-12-24T16:00:00+08:00,1735027200,8.4,8.0,10.4,564.7,50.7,2.7,0.41,0.107,3.94,,,Ⅲ
2024-12-24T20:00:00+08:00,1735041600,8.3,8.0,10.4,560.4,51.5,2.7,0.38,0.103,3.84,,,Ⅲ
2024-12-25T08:00:00+08:00,1735084800,8.3,8.0,10.2,561.2,79.6,2.8,0.38,0.107,3.85,,,Ⅲ
2024-12-25T20:00:00+08:00,1735128000,8.9,8.0,9.9,557.0,48.4,4.1,0.36,0.106,3.91,,,Ⅲ
2024-12-26T04:00:00+08:00,1735156800,8.9,8.0,10.0,572.5,75.2,4.0,0.4,0.107,3.92,,,Ⅲ
2024-12-28T04:00:00+08:00,1735329600,8.8,8.0,9.8,588.5,107.8,4.6,0.39,0.116,3.96,,,Ⅲ
2024-12-28T20:00:00+08:00,1735387200,8.5,8.0,10.3,603.3,61.7,4.1,0.42,0.108,3.96,,,Ⅲ
2025-01-02T20:00:00+08:00,1735819200,8.3,8.0,10.6,638.8,80.2,4.4,0.35,0.11,4.02,,,Ⅲ
2025-01-03T08:00:00+08:00,1735862400,8.2,8.0,10.6,640.6,79.1,4.4,0.35,0.109,4.04,,,Ⅲ
2025-01-03T12:00:00+08:00,1735876800,8.6,8.0,10.6,636.7,86.3,4.4,0.36,0.109,4.04,,,Ⅲ
2025-01-07T16:00:00+08:00,1736236800,9.4,8.0,10.5,635.5,65.0,4.3,0.36,0.103,4.0,,,Ⅲ
2025-01-07T20:00:00+08:00,1736251200,9.1,8.0,10.5,639.9,56.6,4.2,0.36,0.098,3.96,,,Ⅲ
2025-01-08T08:00:00+08:00,1736294400,8.6,8.0,10.6,645.4,56.3,4.2,0.34,0.095,3.94,,,Ⅲ
2025-01-08T12:00:00+08:00,1736308800,9.1,8.0,10.5,644.3,74.6,4.2,0.33,0.102,3.96,,,Ⅲ
2025-01-08T16:00:00+08:00,1736323200,9.1,8.0,10.6,650.5,58.1,4.4,0.35,0.097,3.99,,,Ⅲ
2025-01-09T08:00:00+08:00,1736380800,8.4,8.0,10.7,636.6,54.0,4.4,0.32,0.096,3.82,,,Ⅲ
2025-01-09T12:00:00+08:00,1736395200,9.0,8.0,10.8,645.6,54.4,4.3,0.3,0.094,3.91,,,Ⅲ
2025-01-09T16:00:00+08:00,1736409600,8.8,8.0,10.7,654.9,63.6,4.4,0.33,0.099,4.0,,,Ⅲ
2025-01-09T20:00:00+08:00,1736424000,8.5,8.0,10.9,647.6,47.7,4.4,0.34,0.095,3.91,,,Ⅲ
2025-01-10T04:00:00+08:00,1736452800,8.1,8.0,10.9,650.5,53.7,4.4,0.35,0.096,3.96,,,Ⅲ
2025-01-10T08:00:00+08:00,1736467200,7.8,8.0,11.2,635.8,99.1,4.9,0.35,0.105,4.01,,,Ⅲ
2025-01-10T12:00:00+08:00,1736481600,8.1,8.0,11.3,639.6,70.6,4.4,0.3,0.094,3.83,,,Ⅲ
2025-01-10T20:00:00+08:00,1736510400,7.7,8.0,11.1,645.4,52.4,4.4,0.31,0.093,3.95,,,Ⅲ
2025-01-11T00:00:00+08:00,1736524800,7.5,8.0,11.1,635.4,99.1,4.8,0.32,0.101,3.93,,,Ⅲ
2025-01-11T04:00:00+08:00,1736539200,7.5,8.0,11.1,650.5,78.3,4.7,0.33,0.1,3.96,,,Ⅲ
2025-01-11T12:00:00+08:00,1736568000,7.6,8.0,11.3,640.5,82.0,4.6,0.32,0.097,3.95,,,Ⅲ
2025-01-11T16:00:00+08:00,1736582400,7.6,8.0,11.1,649.1,80.0,4.7,0.32,0.102,3.93,,,Ⅲ
2025-01-12T12:00:00+08:00,1736654400,7.2,8.0,11.2,641.7,85.5,4.8,0.34,0.102,3.95,,,Ⅲ
2025-01-12T16:00:00+08:00,1736668800,7.5,8.0,11.2,675.1,71.9,4.6,0.31,0.099,3.89,,,Ⅲ
2025-01-13T04:00:00+08:00,1736712000,6.8,8.0,11.2,680.3,86.5,4.7,0.32,0.099,3.94,,,Ⅲ
2025-01-13T16:00:00+08:00,1736755200,7.6,8.0,11.0,671.8,67.0,4.5,0.3,0.097,3.86,,,Ⅲ
2025-01-13T20:00:00+08:00,1736769600,7.2,8.0,11.2,674.1,76.1,4.6,0.31,0.098,3.95,,,Ⅲ
2025-01-14T00:00:00+08:00,1736784000,7.2,8.0,11.1,669.6,80.1,4.6,0.32,0.098,3.88,,,Ⅲ
2025-01-14T04:00:00+08:00,1736798400,7.1,8.0,11.1,677.0,107.1,4.8,0.3,0.1,3.99,,,Ⅲ
2025-01-14T08:00:00+08:00,1736812800,7.2,8.0,11.2,681.6,105.1,4.8,0.3,0.102,3.99,,,Ⅲ
2025-01-15T20:00:00+08:00,1736942400,7.6,8.0,11.1,675.2,67.8,4.5,0.27,0.096,3.91,,,Ⅲ
2025-01-19T00:00:00+08:00,1737216000,7.5,8.0,11.1,671.4,54.6,4.4,0.29,0.093,3.84,,,Ⅲ
2025-01-19T04:00:00+08:00,1737230400,7.5,8.0,11.3,670.5,53.8,4.4,0.31,0.093,3.9,,,Ⅲ
2025-01-20T04:00:00+08:00,1737316800,7.8,8.0,11.0,671.0,68.8,4.6,0.3,0.097,3.85,,,Ⅲ
2025-01-20T12:00:00+08:00,1737345600,8.3,8.0,11.0,673.9,59.4,4.5,0.27,0.096,3.87,,,Ⅲ
2025-01-21T12:00:00+08:00,1737432000,8.6,8.0,11.1,674.0,45.2,4.3,0.26,0.091,3.82,,,Ⅲ
2025-01-21T20:00:00+08:00,1737460800,8.6,8.0,10.9,671.8,48.9,4.4,0.26,0.091,3.84,,,Ⅲ
2025-01-22T04:00:00+08:00,1737489600,8.5,8.0,10.8,673.4,68.5,4.8,0.29,0.098,3.92,,,Ⅲ
2025-01-22T08:00:00+08:00,1737504000,8.4,8.0,10.8,667.6,66.0,4.8,0.27,0.102,3.88,,,Ⅲ
2025-01-22T16:00:00+08:00,1737532800,9.2,8.0,11.0,669.2,48.5,4.5,0.25,0.091,3.83,,,Ⅲ
2025-01-22T20:00:00+08:00,1737547200,9.2,8.0,11.0,665.9,43.2,4.4,0.24,0.087,3.73,,,Ⅲ
2025-01-23T16:00:00+08:00,1737619200,9.7,8.0,10.8,659.6,46.2,4.3,0.23,0.089,3.75,,,Ⅲ
2025-01-24T00:00:00+08:00,1737648000,9.6,8.0,10.6,660.0,48.0,4.4,0.24,0.088,3.76,,,Ⅲ
2025-02-12T16:00:00+08:00,1739347200,8.3,8.0,11.3,616.6,34.1,3.9,0.14,0.079,3.19,,,Ⅱ
2025-02-12T20:00:00+08:00,1739361600,8.1,8.0,11.2,625.7,30.1,3.8,0.14,0.078,3.23,,,Ⅱ
2025-02-13T00:00:00+08:00,1739376000,8.1,8.0,11.0,619.5,31.3,3.8,0.15,0.08,3.19,,,Ⅱ
2025-02-13T04:00:00+08:00,1739390400,8.0,8.0,11.0,620.2,42.4,4.0,0.14,0.084,3.22,,,Ⅱ
2025-02-13T08:00:00+08:00,1739404800,8.0,8.0,11.3,625.1,28.6,3.7,0.14,0.078,3.2,,,Ⅱ
2025-02-13T16:00:00+08:00,1739433600,8.9,8.0,11.2,615.1,40.7,3.9,0.13,0.082,3.16,,,Ⅱ
2025-02-13T20:00:00+08:00,1739448000,8.3,8.0,11.1,623.1,41.6,3.8,0.14,0.082,3.2,,,Ⅱ
