ts,epoch,temperature,ph,do,conductivity,turbidity,codmn,ammonia_n,tp,tn,chla,algae_density,quality_class
2021-06-17T12:00:00+08:00,1623902400,27.4,7.3,3.67,446.7,14.3,4.03,0.673,0.148,2.2,,,Ⅳ
2021-06-17T16:00:00+08:00,1623916800,27.4,7.23,2.51,456.4,13.7,4.2,0.615,0.142,2.11,,,Ⅴ
2021-06-18T00:00:00+08:00,1623945600,27.4,7.16,1.61,466.9,14.4,4.21,0.828,0.157,2.23,,,劣Ⅴ
2021-06-18T04:00:00+08:00,1623960000,27.3,7.2,2.38,472.6,14.4,4.34,1.05,0.171,2.41,,,Ⅴ
2021-06-18T08:00:00+08:00,1623974400,27.2,7.19,2.36,478.0,13.3,4.98,1.328,0.204,2.87,,,Ⅴ
2021-06-18T12:00:00+08:00,1623988800,27.3,7.17,1.95,482.4,13.5,4.98,1.328,0.204,2.87,,,劣Ⅴ
2021-06-18T16:00:00+08:00,1624003200,27.3,7.27,3.23,471.5,14.2,5.1,1.437,0.221,3.32,,,Ⅳ
2021-06-18T20:00:00+08:00,1624017600,27.2,7.21,2.46,474.8,18.2,5.18,1.3,0.221,2.98,,,Ⅴ
2021-06-19T00:00:00+08:00,1624032000,26.8,7.2,2.02,451.4,14.8,5.18,1.3,0.221,2.98,,,Ⅴ
2021-06-19T04:00:00+08:00,1624046400,26.6,7.17,1.66,449.6,13.5,4.31,1.036,0.176,2.49,,,劣Ⅴ
2021-06-19T08:00:00+08:00,1624060800,26.4,7.17,1.61,448.9,14.0,3.78,0.962,0.159,2.36,,,劣Ⅴ
2021-06-19T12:00:00+08:00,1624075200,26.4,7.25,2.74,442.4,13.9,3.78,0.778,0.134,2.18,,,Ⅴ
2021-06-19T16:00:00+08:00,1624089600,26.3,7.22,2.38,438.7,15.2,3.63,0.803,0.13,2.08,,,Ⅴ
2021-06-19T20:00:00+08:00,1624104000,26.1,7.21,2.36,438.7,16.1,3.63,0.803,0.13,2.08,,,Ⅴ
2021-06-20T00:00:00+08:00,1624118400,26.0,7.17,1.56,440.1,14.4,3.53,0.75,0.13,1.97,,,劣Ⅴ
2021-06-20T08:00:00+08:00,1624147200,25.7,7.15,1.21,443.1,10.6,3.28,0.805,0.113,2.06,,,劣Ⅴ
2021-06-20T12:00:00+08:00,1624161600,25.8,7.14,1.09,445.6,10.6,3.33,1.026,0.138,2.32,,,劣Ⅴ
2021-06-20T16:00:00+08:00,1624176000,26.0,7.17,1.5,448.1,13.2,3.46,1.1,0.148,2.3,,,劣Ⅴ
2021-07-02T12:00:00+08:00,1625198400,28.2,7.43,5.6,511.1,23.9,6.18,1.936,0.309,3.77,,,Ⅴ
2021-07-02T16:00:00+08:00,1625212800,28.7,8.12,13.63,515.2,34.3,7.41,2.044,0.309,4.21,,,劣Ⅴ
2021-07-02T20:00:00+08:00,1625227200,28.7,7.96,10.48,515.5,35.8,9.0,1.59,0.386,4.56,,,Ⅴ
2021-07-03T00:00:00+08:00,1625241600,28.4,7.38,4.46,516.9,27.8,9.1,1.461,0.382,4.22,,,Ⅴ
2021-07-03T04:00:00+08:00,1625256000,28.2,7.35,4.0,512.0,26.5,9.1,1.461,0.382,4.22,,,Ⅴ
2021-07-03T08:00:00+08:00,1625270400,28.1,7.27,2.99,513.2,29.7,7.29,1.76,0.162,3.96,,,Ⅴ
2021-07-03T12:00:00+08:00,1625284800,28.5,7.35,4.05,513.3,32.8,7.29,1.76,0.162,3.96,,,Ⅴ
2021-07-03T16:00:00+08:00,1625299200,28.2,7.39,4.51,479.9,32.1,7.84,1.622,0.339,4.32,,,Ⅴ
2021-07-03T20:00:00+08:00,1625313600,28.3,7.64,6.83,492.7,36.0,8.2,1.351,0.333,4.18,,,Ⅴ
2021-07-04T00:00:00+08:00,1625328000,28.2,7.41,4.52,492.3,32.9,8.2,1.351,0.333,4.18,,,Ⅴ
2021-07-04T04:00:00+08:00,1625342400,27.9,7.23,2.52,493.9,28.3,8.2,1.351,0.333,4.18,,,Ⅴ
2021-07-04T08:00:00+08:00,1625356800,27.9,7.27,2.53,489.3,29.2,6.55,1.614,0.29,,,,Ⅴ
2021-07-04T12:00:00+08:00,1625371200,27.7,7.31,3.09,459.5,23.3,6.55,1.614,0.29,,,,Ⅴ
2021-07-04T16:00:00+08:00,1625385600,27.7,7.34,3.51,432.2,18.9,5.4,1.174,0.218,,,,Ⅳ
2021-07-04T20:00:00+08:00,1625400000,27.7,7.3,3.26,417.3,18.8,3.93,0.41,0.136,,,,Ⅳ
2021-07-05T00:00:00+08:00,1625414400,27.6,7.27,3.22,415.8,15.9,3.93,0.41,0.136,,,,Ⅳ
2021-07-05T04:00:00+08:00,1625428800,27.4,7.33,3.79,407.2,16.3,3.93,0.41,0.136,,,,Ⅳ
2021-07-05T08:00:00+08:00,1625443200,27.4,7.33,3.62,414.5,11.6,3.34,0.347,0.097,1.13,,,Ⅳ
2021-07-05T12:00:00+08:00,1625457600,27.8,7.24,2.78,419.6,11.1,3.09,0.411,0.102,1.22,,,Ⅴ
2021-07-05T16:00:00+08:00,1625472000,28.2,7.27,3.15,410.6,11.7,3.09,0.411,0.102,1.22,,,Ⅳ
2021-07-05T20:00:00+08:00,1625486400,27.9,7.18,2.1,417.4,13.0,3.16,0.506,0.103,1.61,,,Ⅳ
2021-07-06T00:00:00+08:00,1625500800,28.4,7.25,3.34,413.9,15.2,3.8,0.913,0.134,2.01,,,Ⅳ
2021-07-06T04:00:00+08:00,1625515200,28.0,7.27,3.65,405.0,16.7,3.8,0.913,0.134,2.01,,,Ⅳ
2021-07-06T08:00:00+08:00,1625529600,28.0,7.27,3.41,401.0,14.3,3.25,0.456,0.111,1.39,,,Ⅳ
2021-07-06T12:00:00+08:00,1625544000,28.4,7.17,2.36,408.8,9.9,3.05,0.541,0.101,1.6,,,Ⅴ
2021-07-06T16:00:00+08:00,1625558400,28.9,7.2,2.81,417.4,12.0,3.06,0.497,0.109,1.57,,,Ⅴ
2021-07-07T08:00:00+08:00,1625616000,28.9,7.31,3.97,403.9,12.5,3.26,0.386,0.107,1.11,,,Ⅳ
2021-07-07T12:00:00+08:00,1625630400,30.0,7.56,6.27,405.5,13.6,3.05,0.36,0.11,1.22,,,Ⅳ
2021-07-26T12:00:00+08:00,1627272000,27.1,7.5,3.94,446.2,29.8,4.83,0.662,0.156,2.37,,,Ⅳ
2021-07-26T16:00:00+08:00,1627286400,27.0,7.44,3.42,449.8,29.7,4.68,0.725,0.152,2.53,,,Ⅳ
2021-07-26T20:00:00+08:00,1627300800,26.8,7.47,4.03,429.8,30.1,4.68,0.725,0.152,2.53,,,Ⅳ
2021-07-27T00:00:00+08:00,1627315200,26.6,7.48,4.41,408.8,39.4,4.58,0.834,0.153,2.65,,,Ⅳ
2021-07-27T04:00:00+08:00,1627329600,26.5,7.43,3.94,407.0,42.4,4.19,0.674,0.156,2.72,,,Ⅳ
2021-07-27T08:00:00+08:00,1627344000,26.4,7.33,3.34,394.6,31.8,4.19,0.674,0.156,2.72,,,Ⅳ
2021-07-27T12:00:00+08:00,1627358400,26.5,7.33,3.37,395.3,28.4,3.89,0.671,0.169,2.78,,,Ⅳ
2021-07-27T16:00:00+08:00,1627372800,26.5,7.27,3.17,384.0,25.7,4.15,0.709,0.188,3.22,,,Ⅳ
2021-07-27T20:00:00+08:00,1627387200,26.4,7.24,3.05,365.2,24.7,3.89,0.783,0.181,3.22,,,Ⅳ
2021-07-28T00:00:00+08:00,1627401600,26.2,7.17,3.0,339.1,21.5,3.89,0.783,0.181,3.22,,,Ⅳ
2021-07-28T04:00:00+08:00,1627416000,26.1,7.2,3.52,332.9,22.3,3.42,0.668,0.164,3.44,,,Ⅳ
2021-07-28T08:00:00+08:00,1627430400,26.0,7.14,3.14,319.7,23.5,3.42,0.668,0.164,3.44,,,Ⅳ
2021-07-28T12:00:00+08:00,1627444800,26.1,7.14,3.35,307.2,29.3,3.2,0.612,0.174,3.6,,,Ⅳ
2021-07-28T16:00:00+08:00,1627459200,26.3,7.16,3.76,303.7,27.0,3.39,0.496,0.164,3.91,,,Ⅳ
2021-07-28T20:00:00+08:00,1627473600,26.4,7.2,4.41,297.8,25.2,3.24,0.409,0.151,3.78,,,Ⅳ
2021-07-29T00:00:00+08:00,1627488000,26.5,7.15,4.14,294.3,29.6,3.24,0.409,0.151,3.78,,,Ⅳ
2021-07-29T04:00:00+08:00,1627502400,26.5,7.17,3.76,308.2,33.4,3.26,0.302,0.161,3.81,,,Ⅳ
2021-07-29T08:00:00+08:00,1627516800,26.6,7.22,3.72,316.8,30.5,3.16,0.295,0.161,3.45,,,Ⅳ
2021-07-29T12:00:00+08:00,1627531200,27.2,7.22,3.7,307.1,28.3,3.16,0.295,0.161,3.45,,,Ⅳ
2021-07-29T16:00:00+08:00,1627545600,27.9,7.17,3.38,316.2,26.4,3.2,0.305,0.152,3.35,,,Ⅳ
2021-07-29T20:00:00+08:00,1627560000,28.1,7.17,3.14,341.0,22.5,3.35,0.34,0.164,3.88,,,Ⅳ
2021-07-30T00:00:00+08:00,1627574400,28.0,7.17,2.83,338.5,22.7,3.35,0.34,0.164,3.88,,,Ⅴ
2021-07-30T04:00:00+08:00,1627588800,27.8,7.14,2.48,340.1,22.5,3.26,0.412,0.156,3.62,,,Ⅴ
2021-07-30T08:00:00+08:00,1627603200,27.8,7.13,2.37,339.6,18.2,3.22,0.427,0.157,3.67,,,Ⅴ
2021-07-30T12:00:00+08:00,1627617600,28.6,7.16,2.77,342.7,20.3,3.22,0.427,0.157,3.67,,,Ⅴ
2021-07-30T16:00:00+08:00,1627632000,29.3,7.25,3.85,344.8,21.7,3.28,0.404,0.154,3.48,,,Ⅳ
2021-08-06T08:00:00+08:00,1628208000,29.8,7.52,4.74,415.3,34.3,4.22,0.187,0.121,2.24,,,Ⅳ
2021-09-23T12:00:00+08:00,1632369600,27.8,7.74,5.24,381.0,23.0,4.01,0.247,0.116,1.46,,,Ⅲ
2021-09-23T16:00:00+08:00,1632384000,27.7,7.56,3.69,386.4,17.9,3.94,0.385,0.107,1.67,,,Ⅳ
2021-09-23T20:00:00+08:00,1632398400,27.7,7.69,4.86,382.1,19.6,4.28,0.323,0.116,1.49,,,Ⅳ
2021-09-24T00:00:00+08:00,1632412800,27.6,7.72,5.23,380.1,18.2,4.28,0.323,0.116,1.49,,,Ⅲ
2021-09-24T04:00:00+08:00,1632427200,27.4,7.65,4.59,383.1,18.4,4.1,0.293,0.116,1.53,,,Ⅳ
2021-10-28T12:00:00+08:00,1635393600,19.3,7.15,4.08,424.0,12.5,3.88,1.107,0.105,3.76,,,Ⅳ
2021-10-28T16:00:00+08:00,1635408000,19.7,7.23,5.16,431.4,13.8,3.82,1.087,0.103,3.62,,,Ⅳ
2021-10-28T20:00:00+08:00,1635422400,19.6,7.32,5.86,416.5,15.6,4.3,1.24,0.108,4.02,,,Ⅳ
2021-10-29T00:00:00+08:00,1635436800,19.5,7.32,5.88,416.0,11.9,4.2,1.008,0.108,3.62,,,Ⅳ
2021-10-29T04:00:00+08:00,1635451200,19.4,7.21,4.81,414.8,14.1,3.98,0.894,0.105,3.53,,,Ⅳ
2021-10-29T08:00:00+08:00,1635465600,19.3,7.3,5.64,411.5,14.6,4.05,0.863,0.095,3.4,,,Ⅲ
2021-10-29T12:00:00+08:00,1635480000,19.5,7.27,5.38,414.1,17.1,3.68,0.771,0.09,3.44,,,Ⅲ
2021-11-05T08:00:00+08:00,1636070400,19.6,6.83,2.29,412.8,11.2,3.12,1.135,0.079,3.08,,,Ⅴ
2021-11-05T12:00:00+08:00,1636084800,19.8,6.8,1.84,415.8,8.3,3.04,1.146,0.076,3.34,,,劣Ⅴ
2021-11-05T16:00:00+08:00,1636099200,19.8,6.81,1.7,415.7,8.5,3.24,1.151,0.081,3.11,,,劣Ⅴ
2021-11-05T20:00:00+08:00,1636113600,20.1,6.93,2.82,422.0,9.7,2.9,1.185,0.073,2.98,,,Ⅴ
2021-11-06T00:00:00+08:00,1636128000,20.1,6.89,2.48,425.0,12.3,3.07,1.306,0.084,3.4,,,Ⅴ
2021-11-06T04:00:00+08:00,1636142400,20.1,6.86,1.98,427.5,10.8,3.31,1.523,0.084,3.75,,,劣Ⅴ
2021-11-06T08:00:00+08:00,1636156800,20.1,6.86,1.92,426.7,11.1,3.15,1.635,0.089,3.73,,,劣Ⅴ
2021-11-06T12:00:00+08:00,1636171200,20.1,6.86,1.92,427.0,10.5,3.3,1.652,0.09,3.79,,,劣Ⅴ
2021-11-06T16:00:00+08:00,1636185600,20.1,6.89,2.5,419.9,12.9,3.16,1.612,0.084,3.7,,,Ⅴ
2021-11-06T20:00:00+08:00,1636200000,20.2,6.93,2.97,419.9,12.3,3.08,1.508,0.097,3.55,,,Ⅴ
2021-11-07T00:00:00+08:00,1636214400,20.0,6.91,2.88,413.4,11.5,3.14,1.448,0.089,3.51,,,Ⅴ
2021-11-07T04:00:00+08:00,1636228800,20.0,6.91,2.76,410.8,11.4,3.0,1.304,0.08,3.18,,,Ⅴ
2021-11-07T12:00:00+08:00,1636257600,20.3,6.98,3.53,398.1,16.5,2.66,1.058,0.084,2.8,,,Ⅳ
2021-11-07T16:00:00+08:00,1636272000,19.9,7.0,4.07,390.1,16.1,2.74,0.998,0.083,2.63,,,Ⅳ
2021-11-07T20:00:00+08:00,1636286400,19.1,7.03,5.05,374.3,19.9,2.83,0.906,0.08,2.47,,,Ⅲ
2021-11-08T00:00:00+08:00,1636300800,18.8,7.0,4.2,396.3,24.0,2.7,0.735,0.077,1.99,,,Ⅳ
2021-11-08T04:00:00+08:00,1636315200,18.1,7.18,6.15,379.9,29.8,2.7,0.735,0.077,1.99,,,Ⅲ
2021-11-08T08:00:00+08:00,1636329600,17.5,7.18,6.55,367.3,25.2,2.94,0.634,0.08,2.01,,,Ⅲ
2021-11-08T12:00:00+08:00,1636344000,17.6,7.08,5.85,370.9,21.3,2.84,0.493,0.077,1.97,,,Ⅲ
2021-11-08T16:00:00+08:00,1636358400,17.9,7.04,5.46,374.0,20.5,2.58,0.462,0.077,2.02,,,Ⅲ
2021-11-08T20:00:00+08:00,1636372800,17.5,7.01,5.03,379.3,19.9,2.61,0.506,0.079,2.13,,,Ⅲ
2021-11-09T00:00:00+08:00,1636387200,17.2,6.99,4.73,379.3,17.0,2.66,0.559,0.085,2.34,,,Ⅳ
2021-11-09T04:00:00+08:00,1636401600,16.8,7.02,5.35,372.8,19.7,2.59,0.576,0.082,2.14,,,Ⅲ
2021-11-09T08:00:00+08:00,1636416000,16.6,7.0,5.42,372.0,19.6,2.63,0.529,0.079,1.84,,,Ⅲ
2021-11-09T12:00:00+08:00,1636430400,16.8,6.95,4.78,377.7,19.9,2.47,0.5,0.074,1.93,,,Ⅳ
2021-11-09T16:00:00+08:00,1636444800,17.1,6.99,5.16,378.4,15.9,2.62,0.632,0.078,2.38,,,Ⅲ
2021-11-10T00:00:00+08:00,1636473600,16.6,6.94,4.63,378.6,16.9,2.64,0.586,0.084,2.29,,,Ⅳ
2021-11-10T04:00:00+08:00,1636488000,16.3,6.97,4.91,379.4,18.9,2.7,0.59,0.076,2.18,,,Ⅳ
2021-11-10T08:00:00+08:00,1636502400,16.1,6.96,4.85,379.5,17.7,2.73,0.605,0.08,2.32,,,Ⅳ
2021-11-10T12:00:00+08:00,1636516800,16.3,6.94,4.77,382.9,16.8,2.66,0.606,0.076,2.35,,,Ⅳ
2021-11-10T16:00:00+08:00,1636531200,16.6,7.05,5.78,368.8,17.9,2.56,0.589,0.077,2.34,,,Ⅲ
2021-11-10T20:00:00+08:00,1636545600,15.9,7.0,5.54,374.4,18.1,2.76,0.505,0.076,1.84,,,Ⅲ
2021-11-11T00:00:00+08:00,1636560000,15.6,6.95,4.74,384.2,19.9,2.46,0.291,0.067,1.84,,,Ⅳ
2021-11-11T04:00:00+08:00,1636574400,15.7,6.94,4.54,380.7,17.3,2.46,0.291,0.067,1.84,,,Ⅳ
2021-11-11T12:00:00+08:00,1636603200,15.6,6.82,3.89,408.6,14.7,2.47,0.601,0.074,2.33,,,Ⅳ
2021-11-11T16:00:00+08:00,1636617600,15.4,6.94,4.34,399.0,17.8,2.85,0.737,0.08,2.28,,,Ⅳ
2021-11-11T20:00:00+08:00,1636632000,15.0,6.95,4.43,400.4,15.5,2.72,0.724,0.072,2.18,,,Ⅳ
2021-11-12T00:00:00+08:00,1636646400,15.2,6.98,4.94,392.2,16.5,2.64,0.767,0.074,2.24,,,Ⅳ
2021-11-12T04:00:00+08:00,1636660800,15.0,6.99,5.07,388.7,15.5,2.52,0.769,0.073,2.09,,,Ⅲ
2021-11-26T12:00:00+08:00,1637899200,14.0,7.13,5.36,361.4,14.0,2.34,0.563,0.068,1.59,,,Ⅲ
2021-11-26T16:00:00+08:00,1637913600,14.4,7.11,5.01,363.3,12.9,2.39,0.55,0.068,1.84,,,Ⅲ
2021-11-26T20:00:00+08:00,1637928000,13.8,7.1,5.17,367.3,14.8,2.2,0.443,0.055,1.84,,,Ⅲ
2021-11-27T00:00:00+08:00,1637942400,13.8,7.19,6.33,368.3,12.0,2.2,0.443,0.055,1.84,,,Ⅱ
2021-11-27T04:00:00+08:00,1637956800,13.5,7.19,6.21,369.2,15.5,2.28,0.483,0.055,1.83,,,Ⅱ
2021-11-27T08:00:00+08:00,1637971200,13.7,7.18,5.69,369.1,14.9,2.32,0.596,0.057,1.85,,,Ⅲ
2021-11-27T12:00:00+08:00,1637985600,13.8,7.19,5.9,371.7,16.8,2.53,0.697,0.061,2.03,,,Ⅲ
2021-11-27T16:00:00+08:00,1638000000,14.2,7.24,6.3,378.0,13.4,2.64,0.835,0.066,2.58,,,Ⅲ
2021-11-27T20:00:00+08:00,1638014400,14.1,7.24,6.34,379.1,12.2,3.0,0.888,0.064,2.69,,,Ⅲ
2021-11-28T00:00:00+08:00,1638028800,14.0,7.23,6.23,383.2,12.5,3.0,0.888,0.064,2.69,,,Ⅲ
2021-11-28T04:00:00+08:00,1638043200,14.0,7.19,5.86,385.2,14.5,3.07,1.011,0.071,2.74,,,Ⅳ
2021-11-28T08:00:00+08:00,1638057600,13.9,7.2,5.98,385.4,13.1,2.64,0.847,0.069,2.74,,,Ⅲ
2021-11-28T12:00:00+08:00,1638072000,14.3,7.27,6.38,384.7,12.8,2.68,0.846,0.067,2.45,,,Ⅲ
2021-11-28T16:00:00+08:00,1638086400,14.3,7.18,5.36,383.5,16.0,2.68,0.846,0.067,2.45,,,Ⅲ
2021-11-28T20:00:00+08:00,1638100800,14.3,7.14,5.06,384.2,11.5,2.68,0.846,0.005,2.45,,,Ⅲ
2021-11-29T00:00:00+08:00,1638115200,14.3,7.24,6.13,383.0,10.6,2.68,0.846,0.005,2.45,,,Ⅲ
2021-11-29T04:00:00+08:00,1638129600,14.3,7.24,6.18,382.8,10.1,2.95,0.866,0.059,2.6,,,Ⅲ
2021-11-29T08:00:00+08:00,1638144000,14.3,7.2,5.68,383.5,11.2,2.83,0.861,0.061,2.89,,,Ⅲ
2021-11-29T12:00:00+08:00,1638158400,14.5,7.21,5.62,382.7,13.1,2.82,0.834,0.063,2.49,,,Ⅲ
2021-11-30T08:00:00+08:00,1638230400,14.4,7.22,5.95,382.0,14.4,2.95,0.795,0.064,2.72,,,Ⅲ
2021-11-30T12:00:00+08:00,1638244800,14.1,7.33,7.48,362.9,19.7,2.8,0.65,0.066,0.68,,,Ⅲ
2021-11-30T16:00:00+08:00,1638259200,14.2,7.34,7.11,377.0,15.7,2.89,0.617,0.06,2.11,,,Ⅲ
2021-11-30T20:00:00+08:00,1638273600,13.9,7.29,6.63,378.2,12.2,2.93,0.718,0.058,2.2,,,Ⅲ
2021-12-01T04:00:00+08:00,1638302400,13.4,7.31,6.75,382.0,13.8,3.09,0.73,0.064,2.23,,,Ⅲ
2021-12-01T12:00:00+08:00,1638331200,13.3,7.39,7.12,387.3,12.5,3.33,0.834,0.069,2.58,,,Ⅲ
2021-12-01T16:00:00+08:00,1638345600,13.6,7.22,6.02,387.7,12.1,3.21,0.907,0.071,2.71,,,Ⅲ
2021-12-01T20:00:00+08:00,1638360000,13.0,7.23,6.03,386.9,11.8,3.25,0.848,0.068,2.71,,,Ⅲ
2021-12-02T00:00:00+08:00,1638374400,12.9,7.31,6.57,387.5,10.9,3.25,0.848,0.068,2.71,,,Ⅲ
2021-12-02T04:00:00+08:00,1638388800,12.6,7.37,7.17,376.7,12.1,3.09,0.706,0.069,1.86,,,Ⅲ
2021-12-02T12:00:00+08:00,1638417600,12.8,7.37,7.07,372.4,12.5,2.91,0.67,0.068,1.77,,,Ⅲ
2021-12-03T12:00:00+08:00,1638504000,12.7,7.37,7.14,365.3,15.0,2.68,0.495,0.066,1.37,,,Ⅱ
2021-12-07T16:00:00+08:00,1638864000,13.1,7.53,8.19,354.7,19.8,2.72,0.236,0.062,1.16,,,Ⅱ
2021-12-07T20:00:00+08:00,1638878400,13.0,7.56,8.33,364.4,15.3,2.76,0.231,0.062,1.16,,,Ⅱ
2021-12-08T08:00:00+08:00,1638921600,12.8,7.46,7.83,355.8,17.0,2.62,0.148,0.053,0.35,,,Ⅱ
2021-12-08T12:00:00+08:00,1638936000,13.1,7.54,8.38,353.5,16.5,2.13,0.056,0.054,0.2,,,Ⅱ
2021-12-08T16:00:00+08:00,1638950400,13.3,7.59,8.67,353.8,17.4,2.38,0.147,0.052,1.03,,,Ⅱ
2021-12-08T20:00:00+08:00,1638964800,13.3,7.56,8.6,353.2,16.3,2.44,0.139,0.051,0.95,,,Ⅱ
2021-12-09T00:00:00+08:00,1638979200,13.3,7.57,8.72,351.5,17.3,2.44,0.139,0.051,0.95,,,Ⅱ
2021-12-09T04:00:00+08:00,1638993600,13.2,7.53,8.56,351.7,14.6,2.35,0.12,0.049,0.88,,,Ⅱ
2021-12-09T08:00:00+08:00,1639008000,13.3,7.53,8.43,351.4,14.0,2.4,0.124,0.052,0.94,,,Ⅱ
2021-12-09T16:00:00+08:00,1639036800,13.5,7.63,8.94,345.7,18.0,2.44,0.112,0.051,1.14,,,Ⅱ
2021-12-10T12:00:00+08:00,1639108800,13.4,7.55,8.47,347.1,14.1,2.22,0.104,0.05,0.81,,,Ⅱ
2021-12-10T16:00:00+08:00,1639123200,13.7,7.58,8.59,347.6,14.5,2.64,0.139,0.06,0.78,,,Ⅱ
2021-12-14T08:00:00+08:00,1639440000,12.6,7.33,6.68,366.0,15.2,2.78,0.441,0.057,1.54,,,Ⅱ
2021-12-14T12:00:00+08:00,1639454400,12.6,7.4,7.13,360.1,18.8,2.67,0.387,0.065,1.62,,,Ⅱ
2021-12-14T16:00:00+08:00,1639468800,12.7,7.38,6.91,362.3,16.5,2.51,0.324,0.063,0.68,,,Ⅱ
2021-12-14T20:00:00+08:00,1639483200,12.5,7.39,7.12,361.3,15.8,2.48,0.301,0.054,1.55,,,Ⅱ
2021-12-15T00:00:00+08:00,1639497600,12.2,7.38,7.13,360.7,16.7,2.48,0.301,0.054,1.55,,,Ⅱ
2021-12-15T04:00:00+08:00,1639512000,12.3,7.39,7.17,359.0,16.6,2.46,0.25,0.053,1.24,,,Ⅱ
2021-12-21T12:00:00+08:00,1640059200,11.3,7.42,7.5,365.7,17.7,2.77,0.659,0.064,1.66,,,Ⅲ
2021-12-21T16:00:00+08:00,1640073600,11.6,7.47,7.92,363.7,19.5,2.78,0.577,0.07,1.44,,,Ⅲ
2021-12-22T08:00:00+08:00,1640131200,11.0,7.31,7.16,367.8,21.3,2.77,0.436,0.058,1.31,,,Ⅱ
2021-12-22T16:00:00+08:00,1640160000,11.8,7.52,8.17,364.3,18.4,2.69,0.396,0.062,1.29,,,Ⅱ
2021-12-22T20:00:00+08:00,1640174400,11.7,7.47,7.79,364.9,19.0,2.76,0.369,0.061,1.29,,,Ⅱ
2021-12-23T00:00:00+08:00,1640188800,11.2,7.44,7.84,368.8,18.4,2.72,0.36,0.055,1.26,,,Ⅱ
2021-12-23T04:00:00+08:00,1640203200,11.2,7.42,7.67,367.9,19.1,2.78,0.38,0.054,1.35,,,Ⅱ
2021-12-23T08:00:00+08:00,1640217600,11.0,7.39,7.54,368.8,19.3,2.72,0.4,0.053,1.33,,,Ⅱ
2021-12-23T12:00:00+08:00,1640232000,11.2,7.45,7.97,368.2,18.9,2.69,0.403,0.052,1.74,,,Ⅱ
2021-12-23T16:00:00+08:00,1640246400,11.6,7.47,8.09,367.8,18.7,2.69,0.385,0.055,1.66,,,Ⅱ
2021-12-23T20:00:00+08:00,1640260800,11.6,7.44,7.79,369.1,18.0,2.75,0.37,0.055,1.34,,,Ⅱ
2021-12-24T00:00:00+08:00,1640275200,11.7,7.38,7.65,368.4,18.7,2.79,0.385,0.052,1.3,,,Ⅱ
2021-12-24T04:00:00+08:00,1640289600,11.6,7.4,7.44,369.3,18.6,2.83,0.398,0.046,1.4,,,Ⅱ
2021-12-24T12:00:00+08:00,1640318400,11.9,7.47,7.79,367.7,19.1,2.71,0.375,0.057,1.5,,,Ⅱ
2021-12-27T16:00:00+08:00,1640592000,9.0,7.56,8.23,377.9,16.5,2.67,0.365,0.05,1.47,,,Ⅱ
2021-12-27T20:00:00+08:00,1640606400,8.8,7.55,8.31,377.7,15.4,2.63,0.479,0.053,1.47,,,Ⅱ
2021-12-28T00:00:00+08:00,1640620800,8.4,7.5,8.07,380.7,15.4,2.67,0.454,0.054,1.46,,,Ⅱ
2021-12-28T04:00:00+08:00,1640635200,8.0,7.44,7.89,381.8,16.6,2.67,0.454,0.054,1.46,,,Ⅱ
2021-12-28T08:00:00+08:00,1640649600,8.0,7.45,7.84,380.2,15.6,2.7,0.563,0.052,1.69,,,Ⅲ
2021-12-28T16:00:00+08:00,1640678400,8.6,7.55,8.17,378.9,13.7,2.64,0.528,0.05,1.55,,,Ⅲ
2021-12-30T12:00:00+08:00,1640836800,8.3,7.56,8.92,374.2,11.6,2.47,0.309,0.05,1.3,,,Ⅱ
2022-01-11T08:00:00+08:00,1641859200,9.1,7.39,7.11,384.3,10.4,2.85,0.418,0.066,1.87,,,Ⅱ
2022-01-11T12:00:00+08:00,1641873600,9.3,7.38,7.56,383.3,10.0,2.89,0.455,0.075,2.06,,,Ⅱ
2022-01-11T16:00:00+08:00,1641888000,9.3,7.52,7.96,381.7,11.7,2.79,0.43,0.058,1.89,,,Ⅱ
2022-01-12T08:00:00+08:00,1641945600,8.5,7.45,7.86,383.8,9.3,2.61,0.262,0.05,1.72,,,Ⅱ
2022-01-12T12:00:00+08:00,1641960000,9.3,7.54,8.27,382.1,8.1,2.64,0.317,0.055,1.9,,,Ⅱ
2022-01-12T16:00:00+08:00,1641974400,9.6,7.6,8.42,379.6,8.7,2.63,0.348,0.062,1.69,,,Ⅱ
2022-01-14T12:00:00+08:00,1642132800,8.6,7.66,8.79,383.1,7.7,2.72,0.302,0.052,1.58,,,Ⅱ
2022-01-14T16:00:00+08:00,1642147200,8.8,7.54,8.07,379.6,10.6,2.55,0.19,0.048,1.58,,,Ⅱ
2022-01-19T08:00:00+08:00,1642550400,9.2,7.51,8.36,385.6,13.0,2.66,0.249,0.056,1.54,,,Ⅱ
2022-01-19T12:00:00+08:00,1642564800,9.6,7.52,8.48,383.5,12.8,2.77,0.255,0.069,1.61,,,Ⅱ
2022-01-19T16:00:00+08:00,1642579200,10.1,7.69,8.83,389.7,11.4,2.85,0.342,0.084,1.89,,,Ⅱ
2022-01-19T20:00:00+08:00,1642593600,10.1,7.62,8.85,383.6,13.3,2.93,0.286,0.058,1.59,,,Ⅱ
2022-01-20T00:00:00+08:00,1642608000,9.8,7.58,8.92,381.9,10.3,2.93,0.286,0.058,1.59,,,Ⅱ
2022-01-20T04:00:00+08:00,1642622400,9.8,7.65,8.94,380.2,11.1,2.69,0.231,0.056,1.46,,,Ⅱ
2022-01-20T08:00:00+08:00,1642636800,9.7,7.71,8.99,379.4,10.7,2.69,0.231,0.056,1.46,,,Ⅱ
2022-01-20T12:00:00+08:00,1642651200,10.0,7.78,9.22,380.7,11.4,2.68,0.222,0.052,1.52,,,Ⅱ
2022-01-20T16:00:00+08:00,1642665600,10.3,7.58,8.54,390.3,11.4,2.85,0.328,0.055,1.89,,,Ⅱ
2022-01-20T20:00:00+08:00,1642680000,9.9,7.76,9.23,381.5,12.0,2.77,0.328,0.131,1.55,,,Ⅲ
2022-01-21T00:00:00+08:00,1642694400,9.2,7.77,9.58,382.6,11.3,2.77,0.328,0.131,1.55,,,Ⅲ
2022-01-21T04:00:00+08:00,1642708800,9.0,7.76,9.49,382.9,10.6,2.79,0.208,0.049,1.47,,,Ⅱ
2022-01-21T08:00:00+08:00,1642723200,9.1,7.76,9.29,381.4,10.2,2.67,0.201,0.049,1.47,,,Ⅱ
2022-01-21T12:00:00+08:00,1642737600,9.4,7.81,9.41,380.7,10.5,2.58,0.205,0.05,1.41,,,Ⅱ
2022-02-10T08:00:00+08:00,1644451200,7.9,7.6,9.9,392.9,9.0,2.72,0.319,0.042,1.93,,,Ⅱ
2022-02-10T12:00:00+08:00,1644465600,8.2,7.64,10.16,392.9,8.3,2.54,0.313,0.045,1.91,,,Ⅱ
2022-02-11T08:00:00+08:00,1644537600,8.2,7.69,10.49,388.8,7.8,2.74,0.302,0.044,1.79,,,Ⅱ
2022-02-11T16:00:00+08:00,1644566400,8.3,7.68,10.35,387.6,8.9,2.46,0.241,0.043,1.75,,,Ⅱ
2022-02-11T20:00:00+08:00,1644580800,8.0,7.65,10.49,390.7,9.0,2.45,0.27,0.036,1.84,,,Ⅱ
2022-02-12T00:00:00+08:00,1644595200,8.3,7.66,10.27,387.7,8.8,2.45,0.27,0.036,1.84,,,Ⅱ
2022-02-12T04:00:00+08:00,1644609600,8.3,7.62,10.04,385.9,9.7,2.45,0.286,0.042,1.88,,,Ⅱ
2022-02-12T16:00:00+08:00,1644652800,8.6,7.54,9.56,388.8,9.3,2.65,0.365,0.047,1.91,,,Ⅱ
2022-02-12T20:00:00+08:00,1644667200,8.6,7.6,9.96,388.9,10.3,5.18,,0.094,3.97,,,
2022-02-13T00:00:00+08:00,1644681600,8.6,7.58,9.58,387.6,9.4,5.18,,0.094,3.97,,,
2022-02-13T04:00:00+08:00,1644696000,8.7,7.54,9.23,388.6,9.3,2.62,0.389,0.06,2.03,,,
2022-02-13T08:00:00+08:00,1644710400,8.8,7.49,8.8,389.8,8.9,2.9,0.424,0.044,2.04,,,Ⅱ
2022-02-13T12:00:00+08:00,1644724800,8.8,7.5,8.85,392.7,9.8,2.62,0.374,0.054,2.04,,,Ⅱ
2022-02-13T16:00:00+08:00,1644739200,8.9,7.57,9.37,390.5,9.0,2.62,0.374,0.054,2.04,,,Ⅱ
2022-02-13T20:00:00+08:00,1644753600,8.7,7.58,9.52,390.7,9.2,2.59,0.376,0.048,2.0,,,Ⅱ
2022-02-14T00:00:00+08:00,1644768000,8.5,7.52,9.13,394.1,9.3,2.82,0.401,0.048,1.95,,,Ⅱ
2022-02-14T04:00:00+08:00,1644782400,8.3,7.43,8.15,402.8,8.1,2.8,0.495,0.052,2.24,,,Ⅱ
2022-02-18T08:00:00+08:00,1645142400,7.8,7.72,10.93,387.8,7.6,2.95,0.34,0.057,1.64,,,Ⅱ
2022-02-18T12:00:00+08:00,1645156800,7.8,7.78,11.51,389.6,8.5,3.02,0.306,0.052,1.61,,,Ⅱ
2022-02-18T20:00:00+08:00,1645185600,8.0,7.75,10.98,388.6,8.7,2.79,0.31,0.055,1.6,,,Ⅱ
2022-02-19T00:00:00+08:00,1645200000,7.9,7.71,10.8,389.2,9.3,2.85,0.295,0.054,1.54,,,Ⅱ
2022-02-19T04:00:00+08:00,1645214400,7.9,7.53,9.42,405.2,8.6,2.85,0.295,0.054,1.54,,,Ⅱ
2022-02-19T08:00:00+08:00,1645228800,7.9,7.49,8.92,411.4,7.7,3.18,0.67,0.082,2.39,,,Ⅲ
2022-02-22T12:00:00+08:00,1645502400,8.0,7.73,10.46,399.1,7.5,3.09,0.444,0.067,1.89,,,Ⅱ
2022-02-22T16:00:00+08:00,1645516800,8.0,7.84,11.36,407.4,8.3,2.89,0.442,0.058,1.85,,,Ⅱ
2022-02-22T20:00:00+08:00,1645531200,8.2,7.83,11.13,403.9,8.9,2.65,0.346,,1.85,,,
2022-02-23T00:00:00+08:00,1645545600,7.8,7.77,10.99,403.2,7.4,2.94,0.394,0.072,1.9,,,Ⅱ
2022-02-23T04:00:00+08:00,1645560000,8.0,7.77,10.82,401.1,8.9,2.94,0.394,0.072,1.9,,,Ⅱ
2022-02-23T08:00:00+08:00,1645574400,8.0,7.73,10.56,402.2,8.2,3.16,0.455,0.071,1.96,,,Ⅱ
2022-02-23T12:00:00+08:00,1645588800,8.2,7.82,11.2,404.9,8.5,2.79,0.354,,2.01,,,
2022-02-23T16:00:00+08:00,1645603200,8.7,7.75,10.98,427.2,7.9,3.41,0.566,0.092,2.61,,,Ⅲ
2022-03-01T08:00:00+08:00,1646092800,11.8,8.15,12.31,439.3,6.8,4.39,0.734,0.104,2.99,,,Ⅲ
2022-03-01T12:00:00+08:00,1646107200,12.0,8.22,12.65,435.9,10.6,4.24,0.726,0.108,2.96,,,Ⅲ
2022-03-01T16:00:00+08:00,1646121600,13.1,8.89,15.69,434.4,10.1,4.8,0.641,0.112,2.83,,,Ⅲ
2022-03-02T08:00:00+08:00,1646179200,11.4,7.98,11.14,429.7,10.5,3.97,0.495,0.101,2.64,,,Ⅲ
2022-03-02T12:00:00+08:00,1646193600,11.7,8.14,12.03,426.4,13.3,4.21,0.552,0.098,2.76,,,Ⅲ
2022-03-07T08:00:00+08:00,1646611200,12.9,7.88,9.77,395.8,15.6,3.57,0.247,0.077,1.78,,,Ⅱ
2022-03-07T12:00:00+08:00,1646625600,13.4,8.22,11.47,398.8,15.7,3.95,0.262,0.1,1.87,,,Ⅲ
2022-03-08T08:00:00+08:00,1646697600,13.0,7.86,9.37,401.1,11.7,3.55,0.258,0.082,1.72,,,Ⅱ
2022-03-08T12:00:00+08:00,1646712000,13.3,7.59,9.82,393.1,14.6,3.71,0.26,0.078,1.78,,,Ⅱ
2022-03-08T16:00:00+08:00,1646726400,13.2,7.93,10.08,393.4,16.4,3.16,0.175,0.07,1.48,,,Ⅱ
2022-03-08T20:00:00+08:00,1646740800,13.2,7.86,9.62,393.5,12.8,3.71,0.255,0.07,1.49,,,Ⅱ
2022-03-09T00:00:00+08:00,1646755200,13.3,7.93,10.17,392.2,11.2,3.59,0.328,0.071,1.56,,,Ⅱ
2022-03-09T04:00:00+08:00,1646769600,13.3,7.9,9.96,390.7,11.2,3.59,0.328,0.071,1.56,,,Ⅱ
2022-03-09T08:00:00+08:00,1646784000,13.3,7.81,9.29,390.7,11.6,3.7,0.383,0.081,1.6,,,Ⅱ
2022-03-09T12:00:00+08:00,1646798400,13.4,7.75,8.85,392.4,10.9,3.79,0.385,0.084,1.64,,,Ⅱ
2022-03-09T16:00:00+08:00,1646812800,13.9,7.9,9.66,392.2,13.4,3.47,0.371,0.072,1.6,,,Ⅱ
2022-03-10T08:00:00+08:00,1646870400,14.1,8.03,10.3,393.1,10.7,3.89,0.254,0.075,1.6,,,Ⅱ
2022-03-10T12:00:00+08:00,1646884800,14.6,8.06,10.46,396.8,19.4,4.07,0.26,0.075,1.58,,,Ⅲ
2022-03-10T16:00:00+08:00,1646899200,14.9,7.81,8.82,413.5,12.6,4.42,0.357,0.111,1.94,,,Ⅲ
2022-03-11T08:00:00+08:00,1646956800,14.2,7.69,8.1,409.4,10.5,3.96,0.348,0.086,1.77,,,Ⅱ
2022-03-11T12:00:00+08:00,1646971200,14.6,7.6,7.1,408.0,15.8,4.29,0.581,0.097,2.18,,,Ⅲ
2022-03-11T16:00:00+08:00,1646985600,14.8,7.78,8.56,411.4,12.2,3.94,0.571,0.089,2.09,,,Ⅲ
2022-03-11T20:00:00+08:00,1647000000,14.8,7.7,7.66,406.2,12.9,4.11,0.548,0.086,2.07,,,Ⅲ
2022-03-12T16:00:00+08:00,1647072000,15.5,7.93,9.08,405.6,11.8,3.78,0.284,0.068,1.64,,,Ⅱ
2022-03-12T20:00:00+08:00,1647086400,16.5,8.18,10.49,407.8,8.0,4.16,0.346,0.079,1.78,,,Ⅲ
2022-03-13T00:00:00+08:00,1647100800,16.7,8.35,11.25,402.6,8.0,4.16,0.346,0.079,1.78,,,Ⅲ
2022-03-13T04:00:00+08:00,1647115200,16.7,7.97,9.23,407.6,9.3,4.02,0.413,0.088,1.84,,,Ⅲ
2022-03-13T08:00:00+08:00,1647129600,16.5,7.79,8.13,411.0,12.1,4.45,0.533,0.104,2.1,,,Ⅲ
2022-03-13T12:00:00+08:00,1647144000,16.5,7.8,8.46,419.9,11.2,5.01,0.725,0.12,2.49,,,Ⅲ
2022-03-13T16:00:00+08:00,1647158400,16.5,7.76,7.82,424.0,12.7,4.62,0.764,0.098,2.37,,,Ⅲ
2022-03-13T20:00:00+08:00,1647172800,17.7,8.6,12.5,418.0,10.4,5.24,0.5,0.115,2.22,,,Ⅲ
2022-03-14T00:00:00+08:00,1647187200,17.0,7.93,8.89,413.2,10.1,5.24,0.5,0.115,2.22,,,Ⅲ
2022-03-14T04:00:00+08:00,1647201600,17.2,8.13,10.1,409.2,9.9,4.13,0.236,0.077,1.64,,,Ⅲ
2022-03-14T12:00:00+08:00,1647230400,18.6,8.65,12.39,426.8,11.5,5.71,0.762,0.141,2.64,,,Ⅲ
2022-03-14T16:00:00+08:00,1647244800,18.5,8.71,12.27,408.2,12.7,4.9,0.231,0.096,1.69,,,Ⅲ
2022-03-15T08:00:00+08:00,1647302400,16.9,8.08,9.15,414.9,14.2,4.8,0.642,0.132,2.41,,,Ⅲ
2022-03-15T16:00:00+08:00,1647331200,17.4,7.97,8.75,404.4,18.2,3.75,0.419,0.089,1.77,,,Ⅱ
2022-03-15T20:00:00+08:00,1647345600,17.6,8.17,9.95,398.1,12.9,3.9,0.305,0.073,1.51,,,Ⅱ
2022-03-16T00:00:00+08:00,1647360000,17.3,8.01,9.43,392.5,13.5,3.57,0.264,0.075,1.42,,,Ⅱ
2022-03-16T12:00:00+08:00,1647403200,17.2,7.72,7.52,389.0,18.5,3.53,0.253,0.069,1.42,,,Ⅱ
2022-03-16T16:00:00+08:00,1647417600,17.4,7.81,8.08,390.5,20.0,3.33,0.265,0.069,1.39,,,Ⅱ
2022-03-16T20:00:00+08:00,1647432000,17.6,7.8,7.88,390.6,18.4,2.06,0.069,0.035,0.74,,,Ⅱ
2022-03-17T00:00:00+08:00,1647446400,18.1,7.96,8.96,388.8,16.1,3.29,0.267,0.067,1.37,,,Ⅱ
2022-03-17T04:00:00+08:00,1647460800,18.1,7.92,8.72,390.0,12.6,3.29,0.267,0.067,1.37,,,Ⅱ
2022-03-17T08:00:00+08:00,1647475200,18.0,7.84,8.21,382.1,16.5,3.24,0.188,0.054,1.21,,,Ⅱ
2022-03-17T12:00:00+08:00,1647489600,18.0,7.92,8.51,387.8,16.1,4.17,0.264,0.074,1.48,,,Ⅲ
2022-03-17T16:00:00+08:00,1647504000,17.8,7.75,7.62,382.5,17.4,3.75,0.233,0.071,1.38,,,Ⅱ
2022-03-17T20:00:00+08:00,1647518400,17.3,7.48,5.42,399.7,21.8,4.41,0.363,0.246,1.65,,,Ⅳ
2022-03-18T08:00:00+08:00,1647561600,16.7,7.36,3.85,403.3,18.6,4.5,0.98,0.131,2.74,,,Ⅳ
2022-03-18T12:00:00+08:00,1647576000,16.5,7.58,6.7,383.5,21.1,3.67,0.557,0.101,1.93,,,Ⅲ
2022-03-18T16:00:00+08:00,1647590400,16.6,7.66,7.22,382.7,18.9,3.63,0.426,0.085,1.6,,,Ⅱ
2022-03-23T12:00:00+08:00,1648008000,13.4,7.36,6.62,412.7,13.5,3.53,0.868,0.106,2.52,,,Ⅲ
2022-03-24T16:00:00+08:00,1648108800,14.3,7.45,7.2,429.0,12.6,3.44,1.264,0.117,2.97,,,Ⅳ
2022-03-24T20:00:00+08:00,1648123200,14.3,7.51,7.94,421.4,11.3,3.44,1.021,0.102,3.24,,,Ⅳ
2022-03-25T00:00:00+08:00,1648137600,14.3,7.47,7.69,402.1,11.1,3.44,0.924,0.095,2.65,,,Ⅲ
2022-03-25T04:00:00+08:00,1648152000,14.2,7.44,7.33,403.4,10.9,3.44,0.645,0.095,2.12,,,Ⅲ
2022-03-25T08:00:00+08:00,1648166400,14.2,7.44,7.29,401.9,10.7,2.84,0.563,0.095,1.97,,,Ⅲ
2022-03-25T12:00:00+08:00,1648180800,14.4,7.33,6.46,401.1,11.1,2.84,0.603,0.095,2.11,,,Ⅲ
2022-03-25T16:00:00+08:00,1648195200,14.5,7.36,6.37,398.3,11.3,2.64,0.561,0.095,1.98,,,Ⅲ
2022-03-25T20:00:00+08:00,1648209600,14.9,7.31,5.6,394.8,12.9,2.64,0.553,0.095,1.99,,,Ⅲ
2022-03-26T00:00:00+08:00,1648224000,14.7,7.32,5.56,403.5,12.3,3.3,1.043,0.095,2.69,,,Ⅳ
2022-03-26T04:00:00+08:00,1648238400,14.6,7.36,5.66,408.0,14.5,2.53,1.221,0.095,3.03,,,Ⅳ
2022-03-26T08:00:00+08:00,1648252800,14.4,7.38,5.8,413.8,15.7,1.68,0.368,0.095,1.07,,,Ⅲ
2022-03-26T12:00:00+08:00,1648267200,14.9,7.39,5.93,410.9,13.4,3.19,1.222,0.095,3.38,,,Ⅳ
2022-03-26T16:00:00+08:00,1648281600,15.0,7.44,6.08,412.7,11.7,3.23,1.24,0.095,3.39,,,Ⅳ
2022-03-26T20:00:00+08:00,1648296000,15.0,7.4,5.78,410.8,11.5,3.2,1.156,0.095,3.19,,,Ⅳ
2022-03-27T00:00:00+08:00,1648310400,14.9,7.35,5.1,412.1,11.6,3.08,1.15,0.095,3.14,,,Ⅳ
2022-03-27T04:00:00+08:00,1648324800,14.8,7.33,5.01,414.2,10.9,3.18,1.364,0.095,3.3,,,Ⅳ
2022-03-27T08:00:00+08:00,1648339200,14.7,7.36,5.45,414.4,10.9,2.89,1.313,0.095,3.22,,,Ⅳ
2022-03-27T12:00:00+08:00,1648353600,15.0,7.41,5.74,413.4,11.9,2.92,1.075,0.095,2.95,,,Ⅳ
2022-03-27T16:00:00+08:00,1648368000,15.6,7.35,4.91,414.2,9.8,2.8,0.98,0.095,2.73,,,Ⅳ
2022-03-27T20:00:00+08:00,1648382400,15.3,7.36,5.04,415.5,9.7,3.09,1.43,0.095,3.37,,,Ⅳ
2022-03-28T00:00:00+08:00,1648396800,14.9,7.4,5.55,416.2,10.8,2.95,1.256,0.095,3.15,,,Ⅳ
2022-03-28T04:00:00+08:00,1648411200,14.6,7.55,7.34,413.2,12.2,2.8,1.044,0.095,2.86,,,Ⅳ
2022-03-28T08:00:00+08:00,1648425600,14.5,7.56,7.46,410.8,11.2,3.1,0.676,0.095,2.26,,,Ⅲ
2022-03-28T12:00:00+08:00,1648440000,14.8,7.49,6.6,414.9,11.7,2.81,0.84,0.089,2.46,,,Ⅲ
2022-03-28T16:00:00+08:00,1648454400,15.2,7.31,4.34,420.9,11.9,3.03,1.378,0.119,3.28,,,Ⅳ
2022-03-28T20:00:00+08:00,1648468800,15.1,7.3,4.37,421.5,11.6,3.25,1.475,0.129,3.52,,,Ⅳ
2022-03-29T00:00:00+08:00,1648483200,14.8,7.35,5.01,418.8,11.8,3.25,1.475,0.129,3.52,,,Ⅳ
2022-03-29T04:00:00+08:00,1648497600,14.3,7.65,8.23,413.0,14.4,2.89,0.547,0.077,1.98,,,Ⅲ
2022-03-29T12:00:00+08:00,1648526400,14.6,7.64,7.99,411.0,12.7,2.21,0.468,0.062,1.83,,,Ⅱ
2022-03-29T16:00:00+08:00,1648540800,15.0,7.68,8.26,408.1,13.0,2.42,0.456,0.065,1.76,,,Ⅱ
2022-03-29T20:00:00+08:00,1648555200,15.4,7.85,9.3,403.1,11.5,1.42,0.112,0.032,0.9,,,Ⅱ
2022-03-30T00:00:00+08:00,1648569600,15.2,7.87,9.47,403.1,12.6,1.42,0.112,0.032,0.9,,,Ⅱ
2022-03-30T04:00:00+08:00,1648584000,15.0,7.85,9.39,403.5,12.7,2.57,0.343,0.05,1.55,,,Ⅱ
2022-03-30T12:00:00+08:00,1648612800,15.5,7.58,7.3,410.8,13.5,3.16,0.673,0.071,2.15,,,Ⅲ
2022-03-30T16:00:00+08:00,1648627200,16.0,7.59,7.63,415.6,11.6,2.92,0.756,0.068,2.26,,,Ⅲ
2022-03-30T20:00:00+08:00,1648641600,16.4,7.53,7.07,419.4,10.0,3.23,0.898,0.084,2.65,,,Ⅲ
2022-03-31T00:00:00+08:00,1648656000,15.9,7.48,6.4,417.1,11.8,3.23,0.898,0.084,2.65,,,Ⅲ
2022-03-31T04:00:00+08:00,1648670400,15.9,7.51,6.67,417.0,9.9,2.98,0.835,0.084,2.57,,,Ⅲ
2022-03-31T08:00:00+08:00,1648684800,15.7,7.45,5.98,419.3,11.2,3.12,0.826,0.089,2.73,,,Ⅲ
2022-03-31T12:00:00+08:00,1648699200,15.6,7.46,6.27,421.3,14.1,3.67,0.957,0.1,2.92,,,Ⅲ
2022-03-31T16:00:00+08:00,1648713600,15.7,7.52,6.79,421.5,12.9,3.75,0.95,0.097,2.93,,,Ⅲ
2022-03-31T20:00:00+08:00,1648728000,15.4,7.48,6.3,422.9,13.1,3.57,0.949,0.1,2.9,,,Ⅲ
2022-04-01T00:00:00+08:00,1648742400,15.2,7.7,8.27,413.0,13.5,3.57,0.949,0.1,2.9,,,Ⅲ
2022-04-01T04:00:00+08:00,1648756800,15.3,7.72,8.1,408.5,13.8,3.01,0.567,0.078,2.25,,,Ⅲ
2022-04-01T12:00:00+08:00,1648785600,15.3,7.66,7.83,412.0,13.0,3.06,0.546,0.075,2.16,,,Ⅱ
2022-04-01T16:00:00+08:00,1648800000,15.5,7.63,7.63,416.4,12.9,3.33,0.699,0.095,2.44,,,Ⅲ
2022-04-01T20:00:00+08:00,1648814400,15.2,7.71,8.12,412.8,11.9,3.06,0.54,0.077,2.17,,,Ⅲ
2022-04-02T00:00:00+08:00,1648828800,14.8,7.53,6.72,419.3,11.8,3.06,0.54,0.077,2.17,,,Ⅲ
2022-04-02T04:00:00+08:00,1648843200,14.9,7.49,6.23,417.9,12.0,2.69,0.424,0.064,2.07,,,Ⅱ
2022-04-02T08:00:00+08:00,1648857600,14.9,7.54,6.46,414.8,10.3,2.69,0.424,0.064,2.07,,,Ⅱ
2022-04-02T16:00:00+08:00,1648886400,15.5,7.56,6.96,422.9,7.8,3.02,0.681,0.072,2.4,,,Ⅲ
2022-04-02T20:00:00+08:00,1648900800,15.0,7.48,6.04,419.2,12.4,3.06,0.646,0.071,2.34,,,Ⅲ
2022-04-03T00:00:00+08:00,1648915200,15.0,7.79,8.67,408.7,10.8,2.83,0.579,0.06,2.36,,,Ⅲ
2022-04-03T04:00:00+08:00,1648929600,15.3,7.86,8.79,400.6,11.3,2.77,0.38,0.06,1.85,,,Ⅱ
2022-04-03T08:00:00+08:00,1648944000,15.1,7.83,8.64,400.0,11.3,2.73,0.308,0.056,1.55,,,Ⅱ
2022-04-03T12:00:00+08:00,1648958400,15.4,7.78,8.48,405.0,11.2,2.9,0.286,0.056,1.53,,,Ⅱ
2022-04-03T16:00:00+08:00,1648972800,15.7,7.98,9.67,404.5,11.2,2.72,0.297,0.056,1.61,,,Ⅱ
2022-04-03T20:00:00+08:00,1648987200,15.4,7.78,8.27,403.0,11.9,2.55,0.26,0.052,1.63,,,Ⅱ
2022-04-04T00:00:00+08:00,1649001600,15.5,7.82,8.7,409.2,11.2,2.55,0.277,0.056,1.58,,,Ⅱ
2022-04-04T04:00:00+08:00,1649016000,15.5,7.84,8.7,404.2,10.2,2.59,0.227,0.05,1.56,,,Ⅱ
2022-04-04T08:00:00+08:00,1649030400,15.4,7.67,7.85,412.5,12.1,2.58,0.259,0.056,1.53,,,Ⅱ
2022-04-04T12:00:00+08:00,1649044800,15.9,7.89,10.14,423.7,10.8,3.45,0.421,0.077,2.08,,,Ⅱ
2022-04-04T16:00:00+08:00,1649059200,16.2,8.36,12.65,421.3,9.2,4.67,0.584,0.096,2.81,,,Ⅲ
2022-04-04T20:00:00+08:00,1649073600,16.1,8.1,11.09,422.6,8.5,4.26,0.499,0.081,2.86,,,Ⅲ
2022-04-05T00:00:00+08:00,1649088000,15.8,8.0,9.84,407.7,12.8,4.16,0.476,0.08,2.51,,,Ⅲ
2022-04-05T04:00:00+08:00,1649102400,15.6,7.91,9.27,407.2,13.6,3.62,0.298,0.072,1.88,,,Ⅱ
2022-04-05T08:00:00+08:00,1649116800,15.5,7.86,8.98,407.7,12.4,3.25,0.232,0.059,1.96,,,Ⅱ
2022-04-05T12:00:00+08:00,1649131200,15.6,7.78,8.32,407.0,13.3,3.25,0.196,0.057,1.86,,,Ⅱ
2022-04-05T16:00:00+08:00,1649145600,15.7,7.98,9.44,405.7,14.2,2.88,0.27,0.061,1.66,,,Ⅱ
2022-04-05T20:00:00+08:00,1649160000,15.7,7.93,9.09,405.4,14.2,3.1,0.291,0.06,1.64,,,Ⅱ
2022-04-06T00:00:00+08:00,1649174400,15.4,7.96,9.33,404.8,13.5,2.92,0.244,0.052,1.57,,,Ⅱ
2022-04-06T04:00:00+08:00,1649188800,15.4,7.86,8.62,405.0,12.0,2.95,0.315,0.063,1.66,,,Ⅱ
2022-04-06T08:00:00+08:00,1649203200,15.7,7.96,9.12,398.2,13.5,2.69,0.24,0.054,1.58,,,Ⅱ
2022-04-06T12:00:00+08:00,1649217600,15.8,7.88,8.64,402.2,13.0,3.11,0.308,0.066,1.65,,,Ⅱ
2022-04-06T16:00:00+08:00,1649232000,15.8,7.88,8.64,402.9,12.4,2.85,0.206,0.056,1.59,,,Ⅱ
2022-04-06T20:00:00+08:00,1649246400,15.7,7.81,8.07,400.3,12.4,2.64,0.288,0.058,1.58,,,Ⅱ
2022-04-07T08:00:00+08:00,1649289600,16.1,7.83,8.29,403.2,8.8,2.6,0.214,0.046,1.5,,,Ⅱ
2022-04-07T12:00:00+08:00,1649304000,16.8,7.99,9.23,401.5,8.1,2.74,0.153,0.041,1.48,,,Ⅱ
2022-04-07T16:00:00+08:00,1649318400,16.4,7.9,8.55,401.1,9.2,3.02,0.24,0.055,1.46,,,Ⅱ
2022-04-07T20:00:00+08:00,1649332800,16.8,7.95,8.86,401.6,8.6,2.81,0.246,0.05,1.44,,,Ⅱ
2022-04-08T00:00:00+08:00,1649347200,16.9,7.76,7.56,403.9,8.2,2.84,0.239,0.055,1.52,,,Ⅱ
2022-04-08T04:00:00+08:00,1649361600,17.2,7.82,8.09,412.2,10.5,2.84,0.239,0.055,1.52,,,Ⅱ
2022-04-08T08:00:00+08:00,1649376000,17.6,8.31,11.13,415.1,6.7,3.34,0.226,0.064,1.71,,,Ⅱ
2022-04-08T16:00:00+08:00,1649404800,18.3,8.38,11.76,419.8,8.4,4.61,0.234,0.081,2.16,,,Ⅲ
2022-04-08T20:00:00+08:00,1649419200,18.3,8.31,10.71,417.6,9.7,5.31,0.299,0.089,2.27,,,Ⅲ
2022-04-09T00:00:00+08:00,1649433600,18.3,8.38,10.9,413.3,6.7,4.43,0.21,0.058,2.19,,,Ⅲ
2022-04-09T04:00:00+08:00,1649448000,18.0,7.94,9.07,419.9,8.9,3.84,0.168,0.063,1.83,,,Ⅱ
2022-04-09T08:00:00+08:00,1649462400,17.9,7.88,8.6,420.8,7.8,4.34,0.228,0.079,2.2,,,Ⅲ
2022-04-09T12:00:00+08:00,1649476800,19.3,8.82,13.23,413.7,7.6,4.34,0.161,0.066,2.24,,,Ⅲ
2022-04-09T20:00:00+08:00,1649505600,18.7,8.01,8.96,418.8,10.0,3.87,0.09,0.063,2.03,,,Ⅱ
2022-04-10T00:00:00+08:00,1649520000,19.1,8.54,11.45,414.8,7.5,4.87,0.255,0.08,2.34,,,Ⅲ
2022-04-10T04:00:00+08:00,1649534400,18.9,8.16,9.6,415.9,8.2,4.35,0.184,0.074,2.12,,,Ⅲ
2022-04-10T08:00:00+08:00,1649548800,18.9,8.01,8.85,416.8,8.8,4.29,0.22,0.081,2.22,,,Ⅲ
2022-04-10T16:00:00+08:00,1649577600,21.1,8.3,13.69,409.3,7.6,4.69,0.348,0.088,2.52,,,Ⅲ
2022-04-10T20:00:00+08:00,1649592000,20.1,7.95,8.84,413.6,6.9,5.62,0.27,0.108,2.66,,,Ⅲ
2022-04-11T00:00:00+08:00,1649606400,19.4,7.82,7.6,414.8,9.5,4.86,0.29,0.086,2.48,,,Ⅲ
2022-04-11T04:00:00+08:00,1649620800,20.0,8.27,9.82,412.2,6.4,4.12,0.256,0.073,2.15,,,Ⅲ
2022-04-11T08:00:00+08:00,1649635200,20.0,8.19,9.55,412.8,6.1,4.57,0.239,0.078,2.38,,,Ⅲ
2022-04-11T12:00:00+08:00,1649649600,20.3,8.22,9.78,411.9,10.7,4.89,0.269,0.093,2.62,,,Ⅲ
2022-04-11T16:00:00+08:00,1649664000,20.6,8.07,8.89,412.1,8.4,4.54,0.248,0.082,2.4,,,Ⅲ
2022-04-11T20:00:00+08:00,1649678400,21.0,7.97,8.16,412.3,8.5,4.31,0.233,0.084,2.44,,,Ⅲ
2022-04-12T00:00:00+08:00,1649692800,20.2,7.67,5.61,416.4,11.2,4.65,0.352,0.084,2.52,,,Ⅲ
2022-04-12T04:00:00+08:00,1649707200,21.4,8.54,10.9,411.4,10.8,4.44,0.365,0.086,2.44,,,Ⅲ
2022-04-12T08:00:00+08:00,1649721600,20.7,7.72,6.2,416.9,11.3,4.09,0.282,0.077,2.45,,,Ⅲ
2022-04-12T12:00:00+08:00,1649736000,21.3,7.83,7.21,413.3,11.9,4.49,0.386,0.091,2.6,,,Ⅲ
2022-04-13T00:00:00+08:00,1649779200,22.1,8.73,11.54,412.5,8.6,4.74,0.475,0.082,2.58,,,Ⅲ
2022-04-13T04:00:00+08:00,1649793600,21.1,7.75,6.46,417.3,12.6,4.92,0.17,0.081,2.3,,,Ⅲ
2022-04-13T08:00:00+08:00,1649808000,21.2,8.0,8.06,415.1,13.0,4.35,0.122,0.069,2.26,,,Ⅲ
2022-04-13T12:00:00+08:00,1649822400,20.7,7.66,6.12,415.3,12.0,4.53,0.254,0.099,2.5,,,Ⅲ
2022-04-13T16:00:00+08:00,1649836800,20.4,8.19,8.6,407.8,18.4,5.13,0.389,0.096,2.6,,,Ⅲ
2022-04-13T20:00:00+08:00,1649851200,19.7,8.12,8.47,388.9,13.8,4.61,0.202,0.095,2.28,,,Ⅲ
2022-04-14T00:00:00+08:00,1649865600,19.3,7.95,7.74,386.4,14.5,4.32,0.229,0.09,2.05,,,Ⅲ
2022-04-14T04:00:00+08:00,1649880000,19.1,7.67,6.19,383.4,14.5,4.22,0.263,0.094,2.12,,,Ⅲ
2022-04-14T08:00:00+08:00,1649894400,18.8,7.62,5.82,382.9,14.7,4.6,0.475,0.11,2.55,,,Ⅲ
2022-04-14T12:00:00+08:00,1649908800,18.7,7.79,6.84,388.8,13.2,4.17,0.453,0.112,2.57,,,Ⅲ
2022-04-14T16:00:00+08:00,1649923200,18.5,7.67,6.53,372.8,13.4,3.85,0.362,0.086,2.46,,,Ⅱ
2022-04-14T20:00:00+08:00,1649937600,18.6,7.62,5.66,387.0,12.6,3.72,0.55,0.098,2.26,,,Ⅲ
2022-04-15T08:00:00+08:00,1649980800,17.8,7.55,5.39,376.5,10.0,3.42,0.545,0.091,2.23,,,Ⅲ
2022-04-15T12:00:00+08:00,1649995200,18.3,7.53,5.04,386.5,9.1,3.55,0.58,0.096,2.24,,,Ⅲ
2022-04-15T16:00:00+08:00,1650009600,18.6,7.69,6.65,368.8,10.1,3.19,0.512,0.084,1.96,,,Ⅲ
2022-04-15T20:00:00+08:00,1650024000,18.3,7.67,6.45,368.1,10.1,2.95,0.423,0.071,1.95,,,Ⅱ
2022-04-16T00:00:00+08:00,1650038400,18.0,7.67,6.56,372.5,9.6,2.95,0.423,0.071,1.95,,,Ⅱ
2022-04-16T04:00:00+08:00,1650052800,17.8,7.63,6.18,383.2,10.8,2.99,0.546,0.077,1.92,,,Ⅲ
2022-04-16T08:00:00+08:00,1650067200,17.6,7.62,6.15,391.1,12.2,3.03,0.457,0.066,1.93,,,Ⅱ
2022-04-16T12:00:00+08:00,1650081600,18.3,7.76,7.2,391.1,12.8,2.98,0.409,0.074,1.78,,,Ⅱ
2022-04-16T16:00:00+08:00,1650096000,18.8,7.76,7.12,386.5,12.4,2.71,0.31,0.062,1.7,,,Ⅱ
2022-04-16T20:00:00+08:00,1650110400,18.6,7.8,7.36,385.1,10.2,2.59,0.244,0.06,1.68,,,Ⅱ
2022-04-17T00:00:00+08:00,1650124800,18.3,7.83,7.75,385.8,12.6,2.59,0.244,0.06,1.68,,,Ⅱ
2022-04-17T12:00:00+08:00,1650168000,18.4,7.73,6.93,390.2,11.3,3.01,0.372,0.067,1.69,,,Ⅱ
2022-04-17T16:00:00+08:00,1650182400,18.5,7.67,6.62,396.0,9.8,3.01,0.372,0.067,1.69,,,Ⅱ
2022-04-17T20:00:00+08:00,1650196800,18.7,7.79,7.26,392.2,10.2,2.91,0.359,0.067,1.69,,,Ⅱ
2022-04-18T00:00:00+08:00,1650211200,18.5,7.95,8.35,388.4,8.8,2.91,0.359,0.067,1.69,,,Ⅱ
2022-04-18T04:00:00+08:00,1650225600,18.2,7.84,7.61,388.5,9.6,2.72,0.251,0.054,1.51,,,Ⅱ
2022-04-18T08:00:00+08:00,1650240000,18.1,7.68,6.43,391.7,10.8,2.84,0.18,0.05,1.57,,,Ⅱ
2022-04-18T12:00:00+08:00,1650254400,18.4,7.65,6.32,395.2,11.4,3.57,0.597,0.08,2.09,,,Ⅲ
2022-04-18T16:00:00+08:00,1650268800,18.8,7.79,7.63,398.7,9.5,3.76,0.654,0.078,2.19,,,Ⅲ
2022-04-18T20:00:00+08:00,1650283200,18.6,7.76,7.16,397.6,15.6,4.05,0.635,0.093,2.31,,,Ⅲ
2022-04-19T00:00:00+08:00,1650297600,18.3,7.65,6.27,395.6,10.8,4.05,0.635,0.093,2.31,,,Ⅲ
2022-04-19T04:00:00+08:00,1650312000,18.2,7.64,6.36,397.1,10.7,3.25,0.427,0.065,2.06,,,Ⅱ
2022-04-19T08:00:00+08:00,1650326400,18.0,7.56,5.61,399.2,9.1,3.6,0.539,0.08,2.17,,,Ⅲ
2022-04-19T12:00:00+08:00,1650340800,18.8,7.88,8.5,400.0,9.7,4.47,0.628,0.099,2.36,,,Ⅲ
2022-04-19T16:00:00+08:00,1650355200,19.0,8.2,10.11,398.7,10.0,4.06,0.583,0.076,2.23,,,Ⅲ
2022-04-19T20:00:00+08:00,1650369600,18.9,7.73,7.19,406.4,8.5,4.15,0.516,0.086,2.21,,,Ⅲ
2022-04-20T00:00:00+08:00,1650384000,19.8,9.16,15.9,390.2,10.3,4.15,0.516,0.086,2.21,,,劣Ⅴ
2022-04-20T04:00:00+08:00,1650398400,19.4,8.39,11.66,395.0,9.4,5.65,0.34,0.113,2.48,,,Ⅲ
2022-04-20T08:00:00+08:00,1650412800,19.2,8.72,13.34,394.6,8.6,4.83,0.264,0.094,2.27,,,Ⅲ
2022-04-20T12:00:00+08:00,1650427200,19.9,9.06,15.17,394.3,8.8,5.86,0.358,0.11,2.41,,,劣Ⅴ
2022-04-20T16:00:00+08:00,1650441600,19.4,8.25,10.53,402.3,11.4,4.9,0.411,0.089,2.24,,,Ⅲ
2022-04-20T20:00:00+08:00,1650456000,19.1,7.79,7.37,397.8,10.1,4.49,0.384,0.078,2.08,,,Ⅲ
2022-04-21T00:00:00+08:00,1650470400,19.8,8.9,13.85,389.1,13.8,4.49,0.384,0.078,2.08,,,Ⅲ
2022-04-21T04:00:00+08:00,1650484800,19.6,8.38,11.02,392.0,11.4,4.37,0.154,0.065,1.87,,,Ⅲ
2022-04-21T08:00:00+08:00,1650499200,19.5,8.31,10.77,392.8,10.7,4.76,0.218,0.103,2.07,,,Ⅲ
2022-04-21T12:00:00+08:00,1650513600,19.8,8.72,12.22,394.3,11.3,5.36,0.259,0.102,2.08,,,Ⅲ
2022-04-21T16:00:00+08:00,1650528000,19.6,8.35,10.17,399.0,12.8,4.08,0.344,0.083,1.86,,,Ⅲ
2022-04-21T20:00:00+08:00,1650542400,19.9,8.44,10.17,397.5,9.8,4.18,0.301,0.075,1.79,,,Ⅲ
2022-04-22T00:00:00+08:00,1650556800,20.2,8.68,10.68,391.2,10.7,4.18,0.301,0.075,1.79,,,Ⅲ
2022-04-22T04:00:00+08:00,1650571200,20.1,8.29,9.04,391.5,9.7,3.29,0.167,0.059,1.4,,,Ⅱ
2022-04-22T08:00:00+08:00,1650585600,20.0,8.3,9.16,389.6,10.2,3.38,0.152,0.062,1.43,,,Ⅱ
2022-04-22T12:00:00+08:00,1650600000,20.8,8.62,10.45,389.6,9.8,2.99,0.12,0.044,1.35,,,Ⅱ
2022-04-22T16:00:00+08:00,1650614400,20.5,8.33,9.02,390.2,13.3,3.18,0.173,0.058,1.39,,,Ⅱ
2022-04-22T20:00:00+08:00,1650628800,20.4,8.23,8.8,393.4,8.8,3.41,0.206,0.06,1.51,,,Ⅱ
2022-04-23T00:00:00+08:00,1650643200,21.7,9.06,13.11,396.8,9.0,3.41,0.206,0.06,1.51,,,劣Ⅴ
2022-04-23T04:00:00+08:00,1650657600,21.1,8.21,9.16,395.1,10.1,3.93,0.256,0.081,1.78,,,Ⅱ
2022-04-23T08:00:00+08:00,1650672000,21.4,8.21,10.23,389.5,10.6,3.7,0.193,0.054,1.72,,,Ⅱ
2022-04-23T12:00:00+08:00,1650686400,21.1,8.06,8.4,389.2,11.6,3.7,0.193,0.054,1.72,,,Ⅱ
2022-04-23T16:00:00+08:00,1650700800,21.3,7.92,8.92,395.2,10.5,4.3,0.254,0.077,1.83,,,Ⅲ
2022-04-23T20:00:00+08:00,1650715200,21.3,7.87,8.5,396.9,8.8,3.7,0.187,0.055,1.7,,,Ⅱ
2022-04-24T00:00:00+08:00,1650729600,21.1,7.62,6.32,396.2,9.7,4.74,0.656,0.1,2.5,,,Ⅲ
2022-04-24T04:00:00+08:00,1650744000,20.9,7.48,4.56,398.1,8.5,4.74,0.656,0.1,2.5,,,Ⅳ
2022-04-24T12:00:00+08:00,1650772800,21.0,7.48,4.57,402.3,9.0,5.53,0.808,0.138,2.73,,,Ⅳ
2022-04-24T16:00:00+08:00,1650787200,21.0,7.49,4.33,401.9,8.7,5.12,0.782,0.103,2.56,,,Ⅳ
2022-04-24T20:00:00+08:00,1650801600,21.2,7.59,5.0,398.2,7.2,4.97,0.816,0.111,2.52,,,Ⅲ
2022-04-25T08:00:00+08:00,1650844800,21.1,8.03,7.42,391.6,7.3,4.02,0.487,0.09,1.8,,,Ⅲ
2022-04-25T12:00:00+08:00,1650859200,21.4,8.05,7.44,393.0,8.4,3.97,0.484,0.09,1.91,,,Ⅱ
2022-04-25T16:00:00+08:00,1650873600,21.4,8.04,7.33,392.0,8.9,3.54,0.449,0.068,1.81,,,Ⅱ
2022-04-25T20:00:00+08:00,1650888000,21.7,7.93,6.64,391.1,8.9,3.31,0.386,0.061,1.77,,,Ⅱ
2022-04-26T00:00:00+08:00,1650902400,21.6,7.67,5.0,396.3,8.5,3.6,0.473,0.086,1.86,,,Ⅲ
2022-04-26T04:00:00+08:00,1650916800,21.6,7.54,3.76,396.2,7.7,3.67,0.64,0.099,2.02,,,Ⅳ
2022-04-26T08:00:00+08:00,1650931200,21.6,7.62,4.4,391.7,6.4,3.66,0.713,0.094,2.01,,,Ⅳ
2022-04-26T12:00:00+08:00,1650945600,21.7,7.78,5.61,387.0,8.6,3.68,0.522,0.084,1.86,,,Ⅲ
2022-04-26T16:00:00+08:00,1650960000,22.0,8.05,7.15,384.6,10.4,3.41,0.385,0.071,1.56,,,Ⅱ
2022-04-26T20:00:00+08:00,1650974400,22.0,8.22,7.9,380.4,11.7,3.65,0.292,0.072,1.51,,,Ⅱ
2022-04-27T00:00:00+08:00,1650988800,21.8,8.37,8.39,379.3,11.6,3.5,0.192,0.061,1.34,,,Ⅱ
2022-04-27T04:00:00+08:00,1651003200,21.6,8.39,8.39,377.7,9.9,3.31,0.123,0.054,1.19,,,Ⅱ
2022-04-27T08:00:00+08:00,1651017600,21.5,8.35,8.37,378.5,10.7,3.15,0.101,0.05,1.13,,,Ⅱ
2022-04-27T12:00:00+08:00,1651032000,21.7,8.21,7.88,380.2,12.3,3.57,0.1,0.05,1.16,,,Ⅱ
2022-04-27T16:00:00+08:00,1651046400,22.1,8.37,8.69,381.0,10.3,3.14,0.099,0.042,1.12,,,Ⅱ
2022-04-27T20:00:00+08:00,1651060800,21.9,8.27,8.16,379.6,8.8,2.91,0.092,0.039,1.14,,,Ⅱ
2022-04-28T00:00:00+08:00,1651075200,21.5,8.1,7.4,380.7,8.6,3.19,0.111,0.057,1.21,,,Ⅱ
2022-04-28T04:00:00+08:00,1651089600,21.3,7.92,6.29,381.8,7.6,3.19,0.111,0.057,1.21,,,Ⅱ
2022-04-28T08:00:00+08:00,1651104000,21.0,7.96,6.63,380.9,8.6,3.09,0.151,0.056,1.19,,,Ⅱ
2022-04-28T12:00:00+08:00,1651118400,21.3,7.58,4.22,394.5,12.8,3.52,0.158,0.06,1.24,,,Ⅳ
2022-04-28T16:00:00+08:00,1651132800,21.4,7.53,3.71,397.3,10.9,3.21,0.143,0.05,1.2,,,Ⅳ
2022-04-28T20:00:00+08:00,1651147200,21.3,7.63,4.75,389.8,8.7,3.64,0.808,0.093,1.9,,,Ⅳ
2022-04-29T00:00:00+08:00,1651161600,21.0,8.01,7.08,378.2,11.1,3.98,0.753,0.094,1.93,,,Ⅲ
2022-04-29T04:00:00+08:00,1651176000,20.7,7.62,4.87,384.2,11.5,3.98,0.753,0.094,1.93,,,Ⅳ
2022-04-29T08:00:00+08:00,1651190400,20.4,7.9,6.65,378.2,12.6,3.54,0.449,0.084,1.62,,,Ⅱ
2022-04-29T12:00:00+08:00,1651204800,20.2,7.91,6.73,381.0,14.4,3.71,0.198,0.071,1.4,,,Ⅱ
2022-04-29T16:00:00+08:00,1651219200,20.1,7.91,6.97,378.1,15.1,3.54,0.327,0.075,1.47,,,Ⅱ
2022-04-29T20:00:00+08:00,1651233600,20.0,7.99,7.74,375.5,12.9,3.48,0.302,0.073,1.47,,,Ⅱ
2022-04-30T00:00:00+08:00,1651248000,19.8,7.97,7.48,375.8,12.6,3.19,0.212,0.064,1.37,,,Ⅱ
2022-04-30T04:00:00+08:00,1651262400,19.7,7.95,7.39,375.9,12.7,3.19,0.212,0.064,1.37,,,Ⅱ
2022-04-30T08:00:00+08:00,1651276800,19.6,7.95,7.38,376.3,12.8,2.99,0.194,0.052,1.28,,,Ⅱ
2022-04-30T12:00:00+08:00,1651291200,19.7,7.89,7.04,376.8,11.8,3.55,0.21,0.06,1.32,,,Ⅱ
2022-04-30T16:00:00+08:00,1651305600,19.7,7.52,4.38,388.6,10.7,3.55,0.181,0.051,1.26,,,Ⅳ
2022-04-30T20:00:00+08:00,1651320000,19.5,7.52,4.41,388.9,10.2,2.88,0.769,0.09,1.91,,,Ⅳ
2022-05-01T00:00:00+08:00,1651334400,19.4,7.48,3.9,388.7,8.9,3.08,0.768,0.093,1.91,,,Ⅳ
2022-05-01T04:00:00+08:00,1651348800,19.1,7.5,3.94,387.7,10.4,2.96,0.674,0.081,1.87,,,Ⅳ
2022-05-01T08:00:00+08:00,1651363200,19.0,7.47,3.83,389.7,8.6,2.88,0.63,0.077,1.85,,,Ⅳ
2022-05-01T12:00:00+08:00,1651377600,19.3,7.51,4.06,388.3,9.4,2.98,0.775,0.093,2.06,,,Ⅳ
2022-05-01T16:00:00+08:00,1651392000,19.6,7.8,6.41,381.4,15.0,3.11,0.697,0.09,1.91,,,Ⅲ
2022-05-01T20:00:00+08:00,1651406400,19.6,7.94,7.36,382.0,14.6,2.85,0.614,0.078,1.86,,,Ⅲ
2022-05-02T04:00:00+08:00,1651435200,19.4,8.13,8.34,377.2,11.9,2.88,0.169,0.061,1.22,,,Ⅱ
2022-05-02T08:00:00+08:00,1651449600,19.3,8.11,8.26,376.0,13.1,2.77,0.13,0.058,1.17,,,Ⅱ
2022-05-02T12:00:00+08:00,1651464000,19.5,8.03,7.85,377.1,15.5,2.52,0.108,0.049,1.19,,,Ⅱ
2022-05-02T16:00:00+08:00,1651478400,19.6,8.07,7.94,376.5,14.1,2.81,0.127,0.058,1.19,,,Ⅱ
2022-05-02T20:00:00+08:00,1651492800,19.8,7.99,7.56,377.9,12.3,2.88,0.119,0.055,1.16,,,Ⅱ
2022-05-03T00:00:00+08:00,1651507200,20.0,8.14,8.37,378.6,9.8,2.73,0.12,0.056,1.16,,,Ⅱ
2022-05-03T04:00:00+08:00,1651521600,20.0,8.03,7.85,379.9,10.3,2.83,0.135,0.054,1.18,,,Ⅱ
2022-05-03T08:00:00+08:00,1651536000,19.8,7.89,7.12,381.5,10.5,2.65,0.108,0.046,1.17,,,Ⅱ
2022-05-03T12:00:00+08:00,1651550400,19.8,7.66,6.41,374.7,13.1,2.74,0.233,0.065,1.36,,,Ⅱ
2022-05-03T16:00:00+08:00,1651564800,20.3,8.02,7.61,378.3,14.9,3.04,0.184,0.069,1.26,,,Ⅱ
2022-05-05T08:00:00+08:00,1651708800,20.9,7.99,7.11,385.4,11.0,3.18,0.162,0.065,1.29,,,Ⅱ
2022-05-05T12:00:00+08:00,1651723200,21.4,7.99,7.56,390.8,11.5,3.05,0.179,0.067,1.35,,,Ⅱ
2022-05-05T16:00:00+08:00,1651737600,21.7,8.37,9.73,389.5,10.3,2.88,0.161,0.057,1.33,,,Ⅱ
2022-05-05T20:00:00+08:00,1651752000,21.9,8.26,9.16,390.5,7.1,3.53,0.26,0.069,1.47,,,Ⅱ
2022-05-06T00:00:00+08:00,1651766400,21.6,7.99,7.37,392.9,10.4,3.86,0.222,0.067,1.46,,,Ⅱ
2022-05-06T04:00:00+08:00,1651780800,21.6,8.06,7.55,390.1,7.8,3.57,0.223,0.071,1.47,,,Ⅱ
2022-05-06T08:00:00+08:00,1651795200,21.5,8.08,8.21,392.7,8.9,3.17,0.192,0.059,1.42,,,Ⅱ
2022-05-06T12:00:00+08:00,1651809600,22.6,8.71,11.73,393.6,7.2,3.67,0.192,0.086,1.59,,,Ⅱ
2022-05-06T16:00:00+08:00,1651824000,22.4,9.21,14.37,389.8,11.4,4.22,0.173,0.083,1.51,,,劣Ⅴ
2022-05-06T20:00:00+08:00,1651838400,22.0,8.32,9.66,394.1,7.0,4.58,0.154,0.087,1.47,,,Ⅲ
2022-05-07T00:00:00+08:00,1651852800,22.4,8.04,8.24,395.8,10.7,3.97,0.187,0.07,1.41,,,Ⅱ
2022-05-07T04:00:00+08:00,1651867200,22.7,8.93,11.98,389.9,5.8,3.54,0.159,0.052,1.4,,,Ⅱ
2022-05-07T08:00:00+08:00,1651881600,22.6,8.34,9.61,391.5,7.8,4.08,0.119,0.078,1.41,,,Ⅲ
2022-05-07T12:00:00+08:00,1651896000,23.0,8.49,10.27,392.0,7.7,3.51,0.118,0.064,1.37,,,Ⅱ
2022-05-07T16:00:00+08:00,1651910400,22.4,7.87,7.23,397.4,7.5,4.09,0.138,0.079,1.47,,,Ⅲ
2022-05-07T20:00:00+08:00,1651924800,23.3,9.41,13.53,388.6,6.7,3.59,0.13,0.07,1.37,,,劣Ⅴ
2022-05-08T00:00:00+08:00,1651939200,23.1,9.03,11.3,388.1,9.0,3.96,0.071,0.07,1.22,,,劣Ⅴ
2022-05-08T04:00:00+08:00,1651953600,22.8,8.8,10.29,388.9,9.5,3.96,0.071,0.07,1.22,,,Ⅱ
2022-05-08T08:00:00+08:00,1651968000,22.7,8.49,8.94,391.2,9.2,3.34,0.088,0.054,1.32,,,Ⅱ
2022-05-08T12:00:00+08:00,1651982400,22.9,8.65,9.82,390.1,10.9,3.44,0.11,0.073,1.25,,,Ⅱ
2022-05-08T16:00:00+08:00,1651996800,23.0,8.05,7.76,399.7,8.3,3.22,0.116,0.056,1.17,,,Ⅱ
2022-05-08T20:00:00+08:00,1652011200,23.1,8.35,9.45,399.9,8.4,4.16,0.236,0.077,1.41,,,Ⅲ
2022-05-09T00:00:00+08:00,1652025600,23.0,8.69,10.06,391.5,7.5,3.59,0.222,0.065,1.45,,,Ⅱ
2022-05-09T04:00:00+08:00,1652040000,22.6,8.82,9.96,385.8,9.2,3.59,0.222,0.065,1.45,,,Ⅱ
2022-05-09T08:00:00+08:00,1652054400,22.4,8.88,10.34,383.1,11.0,3.72,0.088,0.068,1.11,,,Ⅱ
2022-05-09T12:00:00+08:00,1652068800,22.6,8.38,8.7,394.5,12.0,3.63,0.073,0.078,1.09,,,Ⅱ
2022-05-09T16:00:00+08:00,1652083200,22.7,8.15,8.55,396.3,9.9,4.04,0.145,0.089,1.27,,,Ⅲ
2022-05-09T20:00:00+08:00,1652097600,22.6,8.1,8.11,391.2,10.6,4.53,0.229,0.098,1.44,,,Ⅲ
2022-05-10T00:00:00+08:00,1652112000,22.4,7.85,6.45,391.9,9.6,3.83,0.216,0.068,1.47,,,Ⅱ
2022-05-10T04:00:00+08:00,1652126400,22.1,7.78,5.85,395.8,9.1,3.83,0.216,0.068,1.47,,,Ⅲ
2022-05-10T08:00:00+08:00,1652140800,21.9,8.02,6.79,392.0,11.2,4.07,0.256,0.081,1.44,,,Ⅲ
2022-05-10T12:00:00+08:00,1652155200,22.0,7.82,5.68,394.6,10.8,3.65,0.211,0.081,1.41,,,Ⅲ
2022-05-11T08:00:00+08:00,1652227200,21.6,7.43,1.93,399.0,6.9,3.83,0.514,0.093,1.59,,,劣Ⅴ
2022-05-11T16:00:00+08:00,1652256000,21.7,7.76,4.6,395.1,11.2,3.68,0.491,0.087,1.56,,,Ⅳ
2022-05-11T20:00:00+08:00,1652270400,21.6,8.02,6.24,391.7,11.0,3.45,0.297,0.084,1.36,,,Ⅱ
2022-05-12T00:00:00+08:00,1652284800,21.5,7.99,6.23,402.0,10.5,3.54,0.26,0.084,1.29,,,Ⅱ
2022-05-12T04:00:00+08:00,1652299200,21.3,7.96,6.09,407.0,9.3,3.54,0.26,0.084,1.29,,,Ⅱ
2022-05-12T08:00:00+08:00,1652313600,21.2,7.97,6.28,406.5,9.9,3.71,0.586,0.098,1.83,,,Ⅲ
2022-05-12T12:00:00+08:00,1652328000,21.2,8.03,6.87,403.4,13.1,3.2,0.531,0.084,1.8,,,Ⅲ
2022-05-12T16:00:00+08:00,1652342400,21.2,8.14,7.36,392.2,10.6,3.6,0.408,0.093,1.63,,,Ⅱ
2022-05-16T08:00:00+08:00,1652659200,20.5,7.66,4.94,394.7,7.8,2.85,0.359,0.06,1.46,,,Ⅳ
2022-05-16T16:00:00+08:00,1652688000,20.8,7.7,4.67,392.2,11.5,3.6,0.621,0.087,1.75,,,Ⅳ
2022-05-16T20:00:00+08:00,1652702400,21.4,8.27,8.42,387.3,12.8,3.24,0.46,0.078,1.59,,,Ⅱ
2022-05-17T08:00:00+08:00,1652745600,21.1,8.09,7.48,387.0,11.8,3.18,0.256,0.066,1.32,,,Ⅱ
2022-05-17T12:00:00+08:00,1652760000,21.3,8.12,7.32,386.9,14.3,2.78,0.292,0.072,1.34,,,Ⅱ
2022-05-17T16:00:00+08:00,1652774400,21.6,8.12,7.02,384.7,12.8,2.92,0.235,0.067,1.21,,,Ⅱ
2022-05-17T20:00:00+08:00,1652788800,21.9,8.23,7.52,382.6,14.6,2.87,0.214,0.061,1.16,,,Ⅱ
2022-05-18T00:00:00+08:00,1652803200,21.9,8.51,8.79,383.3,10.3,2.82,0.187,0.054,1.1,,,Ⅱ
2022-05-18T08:00:00+08:00,1652832000,21.6,8.28,7.85,384.7,9.7,3.02,0.132,0.06,1.05,,,Ⅱ
2022-05-18T12:00:00+08:00,1652846400,22.2,8.25,7.88,386.1,8.9,2.94,0.15,0.065,1.16,,,Ⅱ
2022-05-18T16:00:00+08:00,1652860800,22.7,8.2,7.49,387.5,9.1,2.92,0.15,0.059,1.1,,,Ⅱ
2022-05-18T20:00:00+08:00,1652875200,22.6,8.94,10.69,382.9,8.3,2.93,0.199,0.058,1.15,,,Ⅱ
2022-05-19T00:00:00+08:00,1652889600,22.4,9.26,12.27,381.9,11.4,3.43,0.093,0.061,1.06,,,Ⅱ
2022-05-19T04:00:00+08:00,1652904000,22.0,8.95,10.53,384.1,8.5,3.66,0.052,0.069,1.05,,,劣Ⅴ
2022-05-19T08:00:00+08:00,1652918400,21.8,8.49,8.59,386.0,8.6,3.48,0.06,0.064,1.05,,,Ⅱ
2022-05-19T12:00:00+08:00,1652932800,22.0,8.6,9.08,387.0,7.4,3.17,0.086,0.064,1.1,,,Ⅱ
2022-05-19T16:00:00+08:00,1652947200,22.0,8.76,9.71,385.7,12.2,3.46,0.066,0.063,1.05,,,Ⅱ
2022-05-19T20:00:00+08:00,1652961600,21.9,8.52,8.65,386.3,10.8,3.06,0.066,0.054,0.99,,,Ⅱ
2022-05-20T00:00:00+08:00,1652976000,21.7,8.33,7.94,386.4,11.2,3.38,0.088,0.062,1.05,,,Ⅱ
2022-05-20T04:00:00+08:00,1652990400,21.5,8.45,8.5,384.6,12.2,3.03,0.075,0.048,1.03,,,Ⅱ
2022-05-20T08:00:00+08:00,1653004800,21.5,8.13,6.93,387.5,8.3,3.54,0.115,0.074,1.14,,,Ⅱ
2022-05-20T12:00:00+08:00,1653019200,21.6,7.86,5.31,390.3,10.6,3.19,0.128,0.07,1.17,,,Ⅲ
2022-05-20T16:00:00+08:00,1653033600,21.6,7.85,5.96,396.2,9.4,3.14,0.176,0.06,1.12,,,Ⅲ
2022-05-20T20:00:00+08:00,1653048000,21.5,7.94,5.89,389.7,11.3,2.76,0.146,0.05,1.1,,,Ⅲ
2022-05-21T00:00:00+08:00,1653062400,21.4,7.83,5.22,391.9,9.9,3.31,0.202,0.065,1.2,,,Ⅲ
2022-05-21T04:00:00+08:00,1653076800,21.3,7.7,4.22,393.8,11.3,3.1,0.244,0.065,1.27,,,Ⅳ
2022-05-21T08:00:00+08:00,1653091200,21.3,7.69,4.08,393.5,10.3,3.26,0.288,0.072,1.37,,,Ⅳ
2022-05-21T12:00:00+08:00,1653105600,21.8,8.4,8.1,386.9,11.8,2.96,0.29,0.067,1.36,,,Ⅱ
2022-05-21T16:00:00+08:00,1653120000,22.1,8.42,8.28,388.1,11.2,3.31,0.13,0.065,1.11,,,Ⅱ
2022-05-21T20:00:00+08:00,1653134400,22.6,8.1,7.12,396.6,10.7,3.2,0.184,0.064,1.1,,,Ⅱ
2022-05-22T00:00:00+08:00,1653148800,22.7,8.4,8.83,398.9,8.5,3.33,0.479,0.072,1.52,,,Ⅱ
2022-05-22T04:00:00+08:00,1653163200,22.5,8.42,8.81,395.7,22.0,3.33,0.572,0.074,1.68,,,Ⅲ
2022-05-22T08:00:00+08:00,1653177600,22.3,8.36,8.69,396.6,7.4,3.44,0.425,0.083,1.56,,,Ⅱ
2022-05-22T12:00:00+08:00,1653192000,22.8,8.45,9.0,394.5,12.8,3.43,0.364,0.083,1.56,,,Ⅱ
2022-05-22T16:00:00+08:00,1653206400,23.4,8.99,11.38,388.5,12.9,3.14,0.312,0.06,1.44,,,Ⅱ
2022-05-22T20:00:00+08:00,1653220800,23.6,8.93,10.38,387.8,9.9,3.34,0.209,0.072,1.22,,,Ⅱ
2022-05-23T00:00:00+08:00,1653235200,23.4,8.88,9.7,387.1,12.0,3.4,0.19,0.068,1.13,,,Ⅱ
2022-05-23T04:00:00+08:00,1653249600,23.0,8.69,9.16,389.4,13.7,3.33,0.191,0.069,1.08,,,Ⅱ
2022-05-23T08:00:00+08:00,1653264000,22.8,8.4,7.9,391.9,12.3,3.5,0.165,0.07,1.16,,,Ⅱ
2022-05-23T12:00:00+08:00,1653278400,23.0,8.34,7.62,392.3,10.2,3.3,0.191,0.075,1.2,,,Ⅱ
2022-05-23T16:00:00+08:00,1653292800,23.3,8.68,9.41,390.9,11.6,3.33,0.169,0.065,1.15,,,Ⅱ
2022-05-24T08:00:00+08:00,1653350400,22.5,8.27,6.85,389.7,13.3,3.49,0.108,0.074,1.12,,,Ⅱ
2022-05-24T12:00:00+08:00,1653364800,22.5,8.29,7.21,390.4,12.1,3.04,0.088,0.056,1.05,,,Ⅱ
2022-05-24T16:00:00+08:00,1653379200,22.5,8.22,6.68,391.7,9.3,3.56,0.107,0.074,1.08,,,Ⅱ
2022-05-24T20:00:00+08:00,1653393600,22.8,8.81,9.25,390.2,10.6,3.48,0.113,0.067,1.08,,,Ⅱ
2022-05-25T00:00:00+08:00,1653408000,22.5,8.3,6.87,390.8,11.3,3.02,0.088,0.053,1.03,,,Ⅱ
2022-05-25T04:00:00+08:00,1653422400,22.4,8.05,5.57,391.7,13.2,3.02,0.088,0.053,1.03,,,Ⅲ
2022-05-25T08:00:00+08:00,1653436800,22.3,8.05,5.75,392.2,13.8,3.27,0.162,0.076,1.12,,,Ⅲ
2022-05-25T12:00:00+08:00,1653451200,22.4,7.96,4.99,393.0,14.0,2.89,0.123,0.06,1.09,,,Ⅳ
2022-05-25T16:00:00+08:00,1653465600,22.7,8.26,6.63,391.4,20.3,2.87,0.087,0.05,1.04,,,Ⅱ
2022-05-25T20:00:00+08:00,1653480000,22.7,8.3,7.04,392.2,13.3,2.68,0.086,0.049,1.06,,,Ⅱ
2022-05-26T00:00:00+08:00,1653494400,23.3,8.53,8.65,393.8,15.4,3.19,0.153,0.074,1.06,,,Ⅱ
2022-05-26T04:00:00+08:00,1653508800,23.2,8.31,7.26,390.3,17.5,3.19,0.153,0.074,1.06,,,Ⅱ
2022-05-26T08:00:00+08:00,1653523200,23.2,8.19,6.49,388.7,19.5,3.26,0.269,0.072,1.24,,,Ⅱ
2022-05-26T12:00:00+08:00,1653537600,23.3,8.09,6.17,392.0,13.7,3.1,0.259,0.069,1.23,,,Ⅱ
2022-05-26T16:00:00+08:00,1653552000,23.3,8.05,5.83,393.2,15.2,3.19,0.245,0.07,1.2,,,Ⅲ
2022-05-26T20:00:00+08:00,1653566400,23.4,8.52,8.12,389.2,16.2,2.66,0.174,0.054,1.17,,,Ⅱ
2022-05-27T00:00:00+08:00,1653580800,23.2,8.2,6.67,390.2,13.8,2.16,0.194,0.071,1.16,,,Ⅱ
2022-05-27T04:00:00+08:00,1653595200,23.1,8.39,7.61,390.1,16.6,3.33,0.219,0.075,1.22,,,Ⅱ
2022-05-27T08:00:00+08:00,1653609600,23.0,7.99,5.45,392.1,13.4,3.26,0.197,0.077,1.22,,,Ⅲ
2022-05-27T16:00:00+08:00,1653638400,23.4,7.73,3.92,402.4,10.3,3.26,0.31,0.072,1.31,,,Ⅳ
2022-05-27T20:00:00+08:00,1653652800,23.9,8.91,9.82,391.3,11.1,3.22,0.387,0.074,1.41,,,Ⅱ
2022-05-28T00:00:00+08:00,1653667200,23.7,8.59,8.96,390.3,14.0,3.49,0.151,0.077,1.22,,,Ⅱ
2022-05-28T04:00:00+08:00,1653681600,23.5,8.2,7.22,393.2,14.2,3.56,0.22,0.08,1.25,,,Ⅱ
2022-05-28T08:00:00+08:00,1653696000,23.4,8.09,6.63,393.4,15.1,3.31,0.36,0.081,1.38,,,Ⅱ
2022-05-28T12:00:00+08:00,1653710400,23.7,8.04,6.26,393.8,11.5,3.28,0.365,0.088,1.46,,,Ⅱ
2022-05-28T16:00:00+08:00,1653724800,23.4,8.07,6.5,395.0,12.7,3.28,0.318,0.073,1.46,,,Ⅱ
2022-05-28T20:00:00+08:00,1653739200,23.4,8.19,7.09,396.2,14.3,3.15,0.314,0.086,1.38,,,Ⅱ
2022-05-29T00:00:00+08:00,1653753600,23.3,8.22,7.03,394.1,14.3,3.3,0.286,0.076,1.33,,,Ⅱ
2022-05-29T04:00:00+08:00,1653768000,23.2,7.99,5.7,393.6,10.7,4.9,0.249,0.074,1.28,,,Ⅲ
2022-05-29T08:00:00+08:00,1653782400,23.1,7.81,4.72,394.9,12.3,3.79,0.249,0.073,1.26,,,Ⅲ
2022-05-29T12:00:00+08:00,1653796800,23.2,7.66,3.46,396.1,9.8,3.23,0.217,0.076,1.3,,,Ⅳ
2022-05-29T20:00:00+08:00,1653825600,23.7,8.15,6.87,399.0,69.2,3.28,0.202,0.072,1.25,,,
2022-05-30T04:00:00+08:00,1653854400,23.4,8.08,6.2,400.1,14.6,3.35,0.297,0.083,1.3,,,Ⅱ
2022-05-30T12:00:00+08:00,1653883200,23.6,7.83,4.55,400.7,11.0,3.15,0.395,0.082,1.41,,,Ⅳ
2022-05-30T16:00:00+08:00,1653897600,23.7,7.87,4.93,402.2,12.7,3.0,0.37,0.077,1.36,,,Ⅳ
2022-05-30T20:00:00+08:00,1653912000,23.9,8.09,5.98,398.8,12.5,3.4,0.363,0.081,1.4,,,Ⅲ
2022-05-31T00:00:00+08:00,1653926400,23.7,8.14,6.23,397.3,16.4,3.4,0.363,0.081,1.4,,,Ⅱ
2022-05-31T04:00:00+08:00,1653940800,23.6,8.13,6.25,395.4,14.4,3.1,0.444,0.081,1.45,,,Ⅱ
2022-05-31T08:00:00+08:00,1653955200,23.5,8.15,6.04,394.0,15.5,3.28,0.407,0.083,1.48,,,Ⅱ
2022-05-31T12:00:00+08:00,1653969600,23.6,7.99,4.97,396.2,14.4,3.3,0.367,0.077,1.41,,,Ⅳ
2022-05-31T16:00:00+08:00,1653984000,24.2,8.59,8.23,397.0,13.8,3.59,0.253,0.076,1.28,,,Ⅱ
2022-05-31T20:00:00+08:00,1653998400,24.1,8.63,8.45,396.9,18.6,3.52,0.219,0.073,1.18,,,Ⅱ
2022-06-01T00:00:00+08:00,1654012800,24.1,8.51,7.92,395.8,15.1,3.52,0.219,0.073,1.18,,,Ⅱ
2022-06-01T04:00:00+08:00,1654027200,24.1,8.31,7.04,395.9,15.0,3.36,0.227,0.069,1.14,,,Ⅱ
2022-06-01T08:00:00+08:00,1654041600,24.1,8.05,5.64,397.4,11.7,3.04,0.228,0.064,1.18,,,Ⅲ
2022-06-01T12:00:00+08:00,1654056000,24.3,7.99,5.46,398.1,12.4,3.29,0.232,0.07,1.18,,,Ⅲ
2022-06-01T16:00:00+08:00,1654070400,,,,,,3.29,0.232,0.07,1.18,,,
2022-06-01T20:00:00+08:00,1654084800,24.7,8.43,7.42,395.7,13.4,3.74,0.205,0.074,1.13,,,Ⅱ
2022-06-02T00:00:00+08:00,1654099200,24.5,8.37,7.2,396.7,14.5,3.74,0.205,0.074,1.13,,,Ⅱ
2022-06-02T08:00:00+08:00,1654128000,24.4,8.25,6.53,398.5,14.1,3.2,0.362,0.068,1.29,,,Ⅱ
2022-06-02T16:00:00+08:00,1654156800,25.4,8.51,7.7,398.2,15.2,3.26,0.246,0.065,1.2,,,Ⅱ
2022-06-02T20:00:00+08:00,1654171200,25.5,8.78,8.85,398.0,14.8,3.51,0.155,0.064,1.05,,,Ⅱ
2022-06-03T04:00:00+08:00,1654200000,25.2,8.53,7.69,396.9,13.9,3.51,0.155,0.064,1.05,,,Ⅱ
2022-06-03T12:00:00+08:00,1654228800,25.0,8.39,7.06,398.3,14.6,3.52,0.123,0.075,1.09,,,Ⅱ
2022-06-03T16:00:00+08:00,1654243200,25.4,8.37,6.86,397.0,14.9,3.43,0.156,0.065,1.04,,,Ⅱ
2022-06-04T00:00:00+08:00,1654272000,25.2,8.44,7.41,396.8,22.3,3.58,0.143,0.095,1.06,,,Ⅱ
2022-06-04T08:00:00+08:00,1654300800,24.9,8.12,5.77,399.0,13.1,3.42,0.173,0.069,1.06,,,Ⅱ
2022-06-04T16:00:00+08:00,1654329600,25.4,7.89,4.54,403.4,12.5,3.38,0.196,0.081,1.16,,,Ⅲ
2022-06-04T20:00:00+08:00,1654344000,25.7,8.08,6.05,406.3,13.6,3.56,0.364,0.083,1.29,,,Ⅳ
2022-06-05T04:00:00+08:00,1654372800,25.5,7.78,3.81,405.3,13.5,4.04,0.394,0.1,1.43,,,Ⅳ
2022-06-05T12:00:00+08:00,1654401600,25.3,8.13,6.61,352.4,14.8,3.71,0.173,0.083,1.21,,,Ⅱ
2022-06-05T16:00:00+08:00,1654416000,25.3,8.05,6.5,330.6,14.9,3.87,0.168,0.089,1.25,,,Ⅱ
2022-06-06T00:00:00+08:00,1654444800,25.2,7.79,4.98,325.5,13.5,3.73,0.276,0.1,1.42,,,Ⅲ
2022-06-06T08:00:00+08:00,1654473600,25.1,7.67,3.9,330.1,11.5,,,,,,,
2022-06-06T12:00:00+08:00,1654488000,25.0,7.55,2.9,339.2,13.5,3.48,0.553,0.105,1.68,,,Ⅴ
2022-06-06T16:00:00+08:00,1654502400,25.1,7.61,3.52,336.8,13.4,3.32,0.517,0.103,1.64,,,Ⅳ
2022-06-06T20:00:00+08:00,1654516800,25.4,7.48,2.86,355.2,11.0,3.33,0.716,0.115,1.98,,,Ⅴ
2022-06-07T00:00:00+08:00,1654531200,25.7,7.6,4.29,353.5,14.8,3.96,1.397,0.167,3.28,,,Ⅴ
2022-06-07T04:00:00+08:00,1654545600,25.5,7.61,4.08,354.1,12.2,3.57,1.02,0.13,2.9,,,Ⅳ
2022-06-07T08:00:00+08:00,1654560000,25.4,7.61,4.12,356.0,9.0,3.54,0.89,0.122,2.62,,,Ⅳ
2022-06-07T12:00:00+08:00,1654574400,25.7,7.71,4.95,361.9,9.0,3.36,0.78,0.114,2.47,,,Ⅳ
2022-06-07T16:00:00+08:00,1654588800,26.0,7.74,5.03,366.6,11.0,3.46,0.607,0.107,2.15,,,Ⅲ
2022-06-07T20:00:00+08:00,1654603200,26.4,8.17,7.73,371.5,11.0,3.42,0.535,0.101,1.97,,,Ⅲ
2022-06-08T00:00:00+08:00,1654617600,25.8,7.96,6.42,379.5,12.8,3.63,0.426,0.093,1.8,,,Ⅱ
2022-06-08T04:00:00+08:00,1654632000,25.7,8.02,6.47,377.9,15.3,3.34,0.552,0.1,1.97,,,Ⅲ
2022-06-08T12:00:00+08:00,1654660800,25.7,7.79,4.96,379.1,12.1,3.46,0.51,0.098,1.95,,,Ⅳ
2022-06-08T16:00:00+08:00,1654675200,26.0,7.81,4.99,383.4,10.9,3.35,0.486,0.089,1.85,,,Ⅳ
2022-06-09T00:00:00+08:00,1654704000,26.1,8.78,10.66,374.0,24.1,3.6,0.427,0.089,1.8,,,Ⅱ
2022-06-09T04:00:00+08:00,1654718400,25.8,8.56,8.42,381.7,13.9,3.6,0.427,0.089,1.8,,,Ⅱ
2022-06-09T08:00:00+08:00,1654732800,25.7,8.42,7.94,380.7,15.1,3.99,0.33,0.095,1.77,,,Ⅱ
2022-06-09T12:00:00+08:00,1654747200,25.9,8.1,6.32,381.6,14.6,3.91,0.3,0.098,1.79,,,Ⅱ
2022-06-09T16:00:00+08:00,1654761600,26.1,8.27,8.18,377.1,13.1,4.2,0.326,0.088,1.79,,,Ⅲ
2022-06-09T20:00:00+08:00,1654776000,26.0,7.86,5.29,380.5,14.1,3.91,0.317,0.088,1.81,,,Ⅲ
2022-06-10T00:00:00+08:00,1654790400,26.2,8.5,10.91,365.9,15.0,3.91,0.317,0.088,1.81,,,Ⅱ
2022-06-10T04:00:00+08:00,1654804800,25.8,8.32,9.81,363.0,14.7,4.16,0.147,0.079,1.55,,,Ⅲ
2022-06-10T08:00:00+08:00,1654819200,25.6,8.08,7.99,365.8,13.6,3.87,0.163,0.088,1.62,,,Ⅱ
2022-06-10T12:00:00+08:00,1654833600,25.7,7.82,5.75,371.8,15.6,3.88,0.267,0.083,1.69,,,Ⅲ
2022-06-10T16:00:00+08:00,1654848000,25.8,8.19,8.35,370.1,11.1,3.77,0.178,0.078,1.54,,,Ⅱ
2022-06-10T20:00:00+08:00,1654862400,25.5,8.18,8.17,366.3,13.5,3.82,0.156,0.082,1.54,,,Ⅱ
2022-06-11T00:00:00+08:00,1654876800,25.2,8.04,7.14,362.0,14.7,3.82,0.156,0.082,1.54,,,Ⅱ
2022-06-11T04:00:00+08:00,1654891200,25.0,7.92,6.48,364.7,14.9,4.02,0.183,0.082,1.57,,,Ⅲ
2022-06-11T08:00:00+08:00,1654905600,25.0,7.74,4.97,374.3,15.4,3.85,0.357,0.096,1.86,,,Ⅳ
2022-06-11T12:00:00+08:00,1654920000,25.1,7.65,3.93,377.5,15.1,3.69,0.438,0.089,1.89,,,Ⅳ
2022-06-11T16:00:00+08:00,1654934400,25.3,7.68,4.18,378.4,13.3,3.82,0.393,0.09,1.85,,,Ⅳ
2022-06-11T20:00:00+08:00,1654948800,25.5,7.84,5.41,375.0,12.8,3.91,0.321,0.087,1.74,,,Ⅲ
2022-06-12T00:00:00+08:00,1654963200,25.3,8.38,8.22,363.8,13.7,3.91,0.321,0.087,1.74,,,Ⅱ
2022-06-12T04:00:00+08:00,1654977600,25.0,8.09,6.42,379.1,17.4,4.03,0.272,0.096,1.65,,,Ⅲ
2022-06-12T08:00:00+08:00,1654992000,25.0,8.04,6.15,383.8,18.0,3.91,0.416,0.105,1.97,,,Ⅲ
2022-06-12T12:00:00+08:00,1655006400,25.0,7.89,5.02,384.6,18.7,3.86,0.472,0.097,1.95,,,Ⅲ
2022-06-12T16:00:00+08:00,1655020800,24.9,8.02,5.77,382.8,15.9,3.92,0.325,0.089,1.74,,,Ⅲ
2022-06-12T20:00:00+08:00,1655035200,24.8,8.15,6.46,381.4,16.2,3.92,0.26,0.089,1.57,,,Ⅱ
2022-06-13T00:00:00+08:00,1655049600,24.7,8.05,5.94,384.0,17.2,3.92,0.26,0.089,1.57,,,Ⅲ
2022-06-13T04:00:00+08:00,1655064000,24.4,8.07,6.13,385.9,17.5,3.62,0.324,0.078,1.43,,,Ⅱ
2022-06-13T08:00:00+08:00,1655078400,24.3,7.94,5.25,385.2,17.1,3.36,0.331,0.082,1.48,,,Ⅲ
2022-06-13T12:00:00+08:00,1655092800,24.5,7.86,4.85,385.4,16.5,3.58,0.35,0.088,1.55,,,Ⅳ
2022-06-13T16:00:00+08:00,1655107200,24.5,7.74,3.83,383.5,15.7,3.66,0.436,0.091,1.68,,,Ⅳ
2022-06-13T20:00:00+08:00,1655121600,24.5,7.77,4.09,385.2,15.1,3.54,0.388,0.088,1.6,,,Ⅳ
2022-06-14T00:00:00+08:00,1655136000,24.4,7.9,4.87,386.2,15.8,3.54,0.388,0.088,1.6,,,Ⅳ
2022-06-14T04:00:00+08:00,1655150400,24.3,7.87,4.56,386.5,16.7,3.38,0.398,0.081,1.5,,,Ⅳ
2022-06-14T08:00:00+08:00,1655164800,24.3,7.86,4.51,389.1,16.4,3.28,0.463,0.085,1.59,,,Ⅳ
2022-06-14T16:00:00+08:00,1655193600,24.8,7.78,3.97,392.8,18.9,3.3,0.551,0.091,1.69,,,Ⅳ
2022-06-14T20:00:00+08:00,1655208000,24.8,7.8,4.06,391.3,15.4,3.42,0.503,0.087,1.58,,,Ⅳ
2022-06-15T00:00:00+08:00,1655222400,24.9,7.77,3.82,393.0,13.5,3.42,0.503,0.087,1.58,,,Ⅳ
2022-06-15T04:00:00+08:00,1655236800,25.2,8.01,5.95,392.3,10.9,3.22,0.352,0.075,1.37,,,Ⅲ
2022-06-15T08:00:00+08:00,1655251200,25.1,7.92,5.08,392.4,14.2,3.22,0.352,0.075,1.37,,,Ⅲ
2022-06-15T12:00:00+08:00,1655265600,25.5,7.99,5.66,392.4,12.2,3.34,0.386,0.086,1.45,,,Ⅲ
2022-06-15T16:00:00+08:00,1655280000,25.4,7.92,4.92,392.4,13.9,3.46,0.334,0.078,1.34,,,Ⅳ
2022-06-15T20:00:00+08:00,1655294400,25.5,8.0,5.34,392.5,18.3,3.36,0.352,0.082,1.36,,,Ⅲ
2022-06-16T00:00:00+08:00,1655308800,25.8,8.01,5.45,393.9,15.1,3.48,0.323,0.088,1.42,,,Ⅲ
2022-06-16T04:00:00+08:00,1655323200,26.1,8.54,8.05,391.2,13.9,3.48,0.323,0.088,1.42,,,Ⅱ
2022-06-16T12:00:00+08:00,1655352000,26.6,8.32,7.19,390.9,14.4,3.48,0.15,0.074,1.26,,,Ⅱ
2022-06-17T00:00:00+08:00,1655395200,26.5,8.04,5.96,391.3,12.8,3.78,0.176,0.083,1.35,,,Ⅲ
2022-06-17T04:00:00+08:00,1655409600,26.4,7.86,4.25,392.7,13.6,3.78,0.176,0.083,1.35,,,Ⅳ
2022-06-17T08:00:00+08:00,1655424000,27.2,8.11,8.39,381.3,10.7,3.81,0.262,0.086,1.44,,,Ⅱ
2022-06-17T12:00:00+08:00,1655438400,26.8,7.88,5.02,388.5,11.6,3.73,0.096,0.074,1.26,,,Ⅲ
2022-06-17T20:00:00+08:00,1655467200,26.7,8.02,5.47,391.0,19.0,3.37,0.235,0.072,1.34,,,Ⅲ
2022-06-18T00:00:00+08:00,1655481600,27.7,8.62,11.5,379.4,10.0,4.12,0.238,0.095,1.4,,,Ⅲ
2022-06-18T04:00:00+08:00,1655496000,27.4,8.89,11.46,377.9,9.7,4.12,0.238,0.095,1.4,,,Ⅲ
2022-06-18T08:00:00+08:00,1655510400,27.5,8.39,9.95,375.6,13.5,4.04,0.057,0.063,1.1,,,Ⅲ
2022-06-18T12:00:00+08:00,1655524800,27.5,8.29,10.24,379.9,13.5,3.88,0.103,0.08,1.24,,,Ⅱ
2022-06-18T20:00:00+08:00,1655553600,28.0,8.37,10.59,386.8,15.4,4.68,0.16,0.098,1.38,,,Ⅲ
2022-06-19T00:00:00+08:00,1655568000,28.2,8.66,12.18,385.3,9.6,4.56,0.154,0.109,1.44,,,Ⅲ
2022-06-19T04:00:00+08:00,1655582400,28.1,8.19,9.56,384.2,9.7,4.56,0.154,0.109,1.44,,,Ⅲ
2022-06-19T08:00:00+08:00,1655596800,27.5,7.61,3.75,400.0,10.9,4.48,0.182,0.09,1.37,,,Ⅳ
2022-06-19T12:00:00+08:00,1655611200,27.8,7.78,5.69,397.3,13.5,4.28,0.528,0.106,1.75,,,Ⅲ
2022-06-19T16:00:00+08:00,1655625600,28.1,7.74,5.54,393.4,12.9,4.92,0.506,0.131,1.9,,,Ⅲ
2022-06-19T20:00:00+08:00,1655640000,28.7,8.91,14.65,377.5,15.4,5.12,0.552,0.126,1.91,,,Ⅲ
2022-06-20T00:00:00+08:00,1655654400,28.0,7.84,6.64,389.0,16.3,6.38,0.315,0.132,1.79,,,Ⅳ
2022-06-20T04:00:00+08:00,1655668800,27.9,7.94,8.24,382.1,15.6,6.38,0.315,0.132,1.79,,,Ⅳ
2022-06-20T08:00:00+08:00,1655683200,27.8,7.69,4.97,390.7,14.5,5.81,0.36,0.135,1.83,,,Ⅳ
2022-06-20T12:00:00+08:00,1655697600,28.3,7.85,7.85,378.8,19.9,4.86,0.425,0.131,1.82,,,Ⅲ
2022-06-20T16:00:00+08:00,1655712000,28.6,8.01,9.12,384.6,19.7,5.87,0.328,0.148,1.83,,,Ⅲ
2022-06-20T20:00:00+08:00,1655726400,28.4,7.58,3.83,388.9,16.2,6.03,0.436,0.155,1.89,,,Ⅳ
2022-06-21T00:00:00+08:00,1655740800,28.4,8.02,8.81,382.8,17.1,5.39,0.588,0.161,1.92,,,Ⅲ
2022-06-21T04:00:00+08:00,1655755200,28.0,8.02,7.78,383.8,19.1,5.39,0.588,0.161,1.92,,,Ⅲ
2022-06-21T08:00:00+08:00,1655769600,28.0,7.78,6.0,383.7,17.3,5.83,0.227,0.152,1.79,,,Ⅲ
2022-06-21T12:00:00+08:00,1655784000,28.2,7.64,4.81,384.8,16.9,5.27,0.287,0.14,1.78,,,Ⅳ
2022-06-22T08:00:00+08:00,1655856000,28.0,7.54,3.16,392.4,15.7,5.55,0.46,0.163,1.88,,,Ⅳ
2022-06-22T12:00:00+08:00,1655870400,29.0,8.3,9.64,391.9,18.6,5.21,0.587,0.178,2.0,,,Ⅲ
2022-06-22T16:00:00+08:00,1655884800,29.0,7.82,5.38,396.3,19.4,6.82,0.579,0.203,2.27,,,Ⅳ
2022-06-22T20:00:00+08:00,1655899200,29.2,8.08,6.93,393.5,22.5,6.69,0.696,0.207,2.3,,,Ⅳ
2022-06-23T00:00:00+08:00,1655913600,29.2,8.15,7.96,392.9,29.2,7.65,0.562,0.226,2.39,,,Ⅳ
2022-06-23T04:00:00+08:00,1655928000,29.0,8.17,8.36,390.9,28.9,7.65,0.562,0.226,2.39,,,Ⅳ
2022-06-23T08:00:00+08:00,1655942400,28.9,8.25,9.01,390.0,31.0,8.28,0.413,0.253,2.54,,,Ⅳ
2022-06-23T12:00:00+08:00,1655956800,29.0,7.66,3.64,393.7,21.9,8.28,0.338,0.268,2.76,,,Ⅳ
2022-06-23T16:00:00+08:00,1655971200,29.1,8.55,11.25,392.0,28.4,6.48,0.59,0.227,2.25,,,Ⅳ
2022-07-04T12:00:00+08:00,1656907200,29.3,7.9,3.62,377.5,15.0,4.2,0.287,0.108,1.12,,,Ⅳ
2022-07-04T16:00:00+08:00,1656921600,29.5,8.03,5.27,390.4,17.1,4.2,0.287,0.108,1.12,,,Ⅲ
2022-07-11T08:00:00+08:00,1657497600,32.0,8.13,4.45,394.6,20.2,4.45,0.178,0.107,1.02,,,Ⅳ
2022-07-11T12:00:00+08:00,1657512000,31.9,7.86,2.92,398.2,17.9,4.05,0.178,0.115,1.05,,,Ⅴ
2022-07-11T16:00:00+08:00,1657526400,32.6,8.09,3.82,394.4,22.4,4.08,0.265,0.101,1.08,,,Ⅳ
2022-07-13T08:00:00+08:00,1657670400,32.7,8.03,4.06,396.3,19.9,4.27,0.213,0.104,0.98,,,Ⅳ
2022-07-13T12:00:00+08:00,1657684800,33.2,7.97,3.98,394.4,19.8,3.97,0.228,0.109,1.04,,,Ⅳ
2022-07-13T16:00:00+08:00,1657699200,33.2,7.84,2.36,394.2,19.9,4.21,0.233,0.11,1.1,,,Ⅴ
2022-07-18T12:00:00+08:00,1658116800,31.1,7.69,1.83,389.7,13.3,3.64,0.671,0.104,1.56,,,劣Ⅴ
2022-07-18T16:00:00+08:00,1658131200,31.4,7.74,1.99,389.4,12.7,3.65,0.704,0.105,1.55,,,劣Ⅴ
2022-07-19T16:00:00+08:00,1658217600,31.0,7.83,3.08,395.6,19.4,3.61,0.553,0.1,1.43,,,Ⅳ
2022-07-20T12:00:00+08:00,1658289600,30.9,7.84,3.3,395.7,20.2,3.6,0.464,0.093,1.32,,,Ⅳ
2022-07-20T16:00:00+08:00,1658304000,30.9,7.74,2.11,396.9,16.1,3.83,0.501,0.102,1.36,,,Ⅴ
2022-07-21T08:00:00+08:00,1658361600,30.7,7.96,4.1,401.8,20.4,3.66,0.384,0.095,1.27,,,Ⅳ
2022-07-21T12:00:00+08:00,1658376000,31.0,7.97,3.83,402.8,19.8,3.71,0.354,0.089,1.18,,,Ⅳ
2022-07-22T08:00:00+08:00,1658448000,30.7,8.11,4.64,403.9,19.3,3.96,0.294,0.084,1.08,,,Ⅳ
2022-07-22T12:00:00+08:00,1658462400,30.9,7.79,2.47,403.1,15.7,3.66,0.283,0.089,1.14,,,Ⅴ
2022-07-22T20:00:00+08:00,1658491200,31.3,7.91,3.24,403.4,19.4,3.79,0.325,0.09,1.14,,,Ⅳ
2022-07-23T00:00:00+08:00,1658505600,31.4,8.18,5.19,404.9,21.5,3.85,0.309,0.085,1.06,,,Ⅲ
2022-07-23T04:00:00+08:00,1658520000,31.2,8.14,4.85,405.2,18.7,3.85,0.309,0.085,1.06,,,Ⅳ
2022-07-23T08:00:00+08:00,1658534400,31.2,8.15,4.8,405.0,19.4,3.95,0.284,0.082,1.06,,,Ⅳ
2022-07-23T12:00:00+08:00,1658548800,31.4,7.84,2.75,403.6,17.4,3.7,0.288,0.089,1.12,,,Ⅴ
2022-07-23T16:00:00+08:00,1658563200,31.7,7.89,2.97,404.7,16.5,3.67,0.33,0.084,1.1,,,Ⅴ
2022-07-23T20:00:00+08:00,1658577600,31.8,8.42,6.0,404.8,16.7,3.63,0.308,0.083,1.06,,,Ⅱ
2022-07-24T00:00:00+08:00,1658592000,31.5,8.26,5.18,404.2,18.0,3.96,0.2,0.081,0.92,,,Ⅲ
2022-07-24T04:00:00+08:00,1658606400,31.2,8.22,4.96,404.8,17.8,3.92,0.209,0.082,1.0,,,Ⅳ
2022-07-24T08:00:00+08:00,1658620800,31.1,8.24,5.1,405.4,22.2,3.87,0.204,0.079,0.95,,,Ⅲ
2022-07-24T12:00:00+08:00,1658635200,31.5,8.23,4.82,406.8,19.8,3.77,0.198,0.09,1.03,,,Ⅳ
2022-07-24T16:00:00+08:00,1658649600,31.7,8.23,4.78,405.3,16.9,3.95,0.206,0.084,0.98,,,Ⅳ
2022-07-24T20:00:00+08:00,1658664000,31.6,8.52,6.29,405.2,17.2,3.86,0.195,0.076,0.91,,,Ⅱ
2022-07-25T00:00:00+08:00,1658678400,31.2,8.38,5.7,404.9,18.3,3.97,0.134,0.078,0.88,,,Ⅲ
2022-07-25T04:00:00+08:00,1658692800,31.0,8.23,4.95,405.9,21.3,3.71,0.16,0.078,0.9,,,Ⅳ
2022-07-25T12:00:00+08:00,1658721600,31.0,7.83,2.89,406.2,18.3,3.74,0.212,0.085,1.0,,,Ⅴ
2022-07-25T16:00:00+08:00,1658736000,31.5,7.89,2.6,403.3,15.3,3.45,0.267,0.083,1.0,,,Ⅴ
2022-07-25T20:00:00+08:00,1658750400,32.1,8.65,7.1,405.3,15.4,3.43,0.285,0.081,1.08,,,Ⅱ
2022-07-26T00:00:00+08:00,1658764800,31.4,8.17,4.6,406.7,18.5,3.81,0.149,0.083,0.92,,,Ⅳ
2022-07-26T04:00:00+08:00,1658779200,31.0,8.03,3.82,405.7,15.0,3.93,0.227,0.086,1.04,,,Ⅳ
2022-07-26T08:00:00+08:00,1658793600,30.8,7.99,3.61,405.5,14.9,3.69,0.232,0.081,1.01,,,Ⅳ
2022-07-26T12:00:00+08:00,1658808000,31.2,7.82,2.63,404.7,12.3,3.35,0.243,0.08,1.09,,,Ⅴ
2022-07-26T16:00:00+08:00,1658822400,31.7,8.24,6.48,409.5,14.1,3.46,0.266,0.077,1.07,,,Ⅱ
2022-07-26T20:00:00+08:00,1658836800,31.5,8.27,6.32,408.3,17.2,4.51,0.408,0.103,1.42,,,Ⅲ
2022-07-27T00:00:00+08:00,1658851200,31.3,8.34,6.69,404.4,16.1,4.26,0.304,0.102,1.29,,,Ⅲ
2022-07-27T04:00:00+08:00,1658865600,31.0,8.08,5.1,405.0,15.8,2.94,0.226,0.095,1.2,,,Ⅲ
2022-07-27T08:00:00+08:00,1658880000,30.9,7.98,4.62,403.7,13.2,4.3,0.267,0.092,1.19,,,Ⅳ
2022-07-27T12:00:00+08:00,1658894400,31.3,7.86,3.89,402.1,12.3,4.0,0.255,0.09,1.2,,,Ⅳ
2022-07-27T16:00:00+08:00,1658908800,31.4,7.8,3.51,401.8,14.1,3.53,0.268,0.075,1.14,,,Ⅳ
2022-07-27T20:00:00+08:00,1658923200,31.7,7.93,4.88,402.3,14.0,3.95,0.289,0.081,1.17,,,Ⅳ
2022-07-28T00:00:00+08:00,1658937600,31.6,8.8,11.9,390.6,17.9,5.11,0.087,0.103,1.1,,,Ⅲ
2022-07-28T08:00:00+08:00,1658966400,31.0,8.03,6.17,397.0,16.2,4.65,0.208,0.094,1.18,,,Ⅲ
2022-11-01T12:00:00+08:00,1667275200,19.1,8.14,4.55,439.4,12.3,3.56,0.556,0.065,2.2,,,Ⅳ
2022-11-01T16:00:00+08:00,1667289600,19.3,8.19,4.49,450.4,11.2,4.33,0.562,0.068,2.24,,,Ⅳ
2022-11-02T12:00:00+08:00,1667361600,19.0,8.21,4.65,437.5,10.8,3.54,0.572,0.057,2.1,,,Ⅳ
2022-11-03T00:00:00+08:00,1667404800,18.9,8.35,5.89,437.4,12.1,3.87,0.552,0.062,2.11,,,Ⅲ
2022-11-03T04:00:00+08:00,1667419200,18.7,8.34,5.87,436.4,13.5,3.79,0.584,0.062,2.13,,,Ⅲ
2022-11-03T08:00:00+08:00,1667433600,18.5,8.25,5.11,438.0,14.3,3.88,0.599,0.062,2.15,,,Ⅲ
2022-11-03T12:00:00+08:00,1667448000,18.9,8.32,5.66,438.1,13.3,3.68,0.573,0.064,2.24,,,Ⅲ
2022-11-03T16:00:00+08:00,1667462400,18.8,8.26,5.37,449.1,15.6,3.8,0.569,0.063,2.2,,,Ⅲ
2022-11-03T20:00:00+08:00,1667476800,18.6,8.37,6.12,438.8,14.0,4.2,0.753,0.081,2.61,,,Ⅲ
2022-11-04T00:00:00+08:00,1667491200,18.5,8.28,5.48,438.7,13.6,3.86,0.546,0.065,2.28,,,Ⅲ
2022-11-04T04:00:00+08:00,1667505600,18.3,8.22,4.94,439.1,15.5,3.86,0.546,0.065,2.28,,,Ⅳ
2022-11-04T08:00:00+08:00,1667520000,18.1,8.19,4.85,441.9,14.9,3.74,0.599,0.067,2.31,,,Ⅳ
2022-11-04T12:00:00+08:00,1667534400,18.2,8.24,5.17,438.7,14.1,3.72,0.607,0.07,2.49,,,Ⅲ
2022-11-04T16:00:00+08:00,1667548800,18.3,8.26,5.39,448.7,16.2,3.68,0.578,0.062,2.3,,,Ⅲ
2022-11-04T20:00:00+08:00,1667563200,18.0,8.31,5.8,436.5,13.3,4.0,0.682,0.072,2.5,,,Ⅲ
2022-11-05T00:00:00+08:00,1667577600,17.7,8.28,5.59,435.8,13.3,3.77,0.569,0.061,2.18,,,Ⅲ
2022-11-05T04:00:00+08:00,1667592000,17.4,8.21,5.17,437.4,13.4,3.77,0.569,0.061,2.18,,,Ⅲ
2022-11-05T08:00:00+08:00,1667606400,17.3,8.19,4.93,437.6,14.8,3.62,0.569,0.058,2.14,,,Ⅳ
2022-11-05T12:00:00+08:00,1667620800,17.6,8.16,4.76,447.4,15.8,3.53,0.58,0.065,2.35,,,Ⅳ
2022-11-05T16:00:00+08:00,1667635200,17.8,8.12,4.45,457.8,14.0,3.87,0.684,0.071,2.49,,,Ⅳ
2022-11-05T20:00:00+08:00,1667649600,17.7,8.16,4.74,454.9,11.7,3.94,0.77,0.064,2.6,,,Ⅳ
2022-11-06T00:00:00+08:00,1667664000,17.5,8.24,5.32,438.4,16.9,4.1,0.738,0.066,2.56,,,Ⅲ
2022-11-06T04:00:00+08:00,1667678400,17.4,8.24,5.36,436.5,14.2,4.1,0.738,0.066,2.56,,,Ⅲ
2022-11-06T08:00:00+08:00,1667692800,17.3,8.25,5.46,434.9,12.1,3.84,0.547,0.062,2.14,,,Ⅲ
2022-11-06T12:00:00+08:00,1667707200,17.6,8.2,5.03,435.9,10.7,3.61,0.528,0.059,2.11,,,Ⅲ
2022-11-06T16:00:00+08:00,1667721600,17.9,8.24,5.26,437.9,12.1,3.53,0.513,0.05,2.02,,,Ⅲ
2022-11-06T20:00:00+08:00,1667736000,17.6,8.21,4.97,436.2,16.4,3.59,0.523,0.053,2.04,,,Ⅳ
2022-11-07T00:00:00+08:00,1667750400,17.4,8.24,5.36,435.9,14.3,3.63,0.562,0.061,2.2,,,Ⅲ
2022-11-07T04:00:00+08:00,1667764800,17.2,8.2,5.14,435.4,13.9,3.63,0.562,0.061,2.2,,,Ⅲ
2022-11-07T08:00:00+08:00,1667779200,17.1,8.18,4.91,436.3,13.8,3.51,0.522,0.058,2.06,,,Ⅳ
2022-11-07T12:00:00+08:00,1667793600,17.5,8.2,5.17,437.9,10.7,3.38,0.536,0.059,2.17,,,Ⅲ
2022-11-07T16:00:00+08:00,1667808000,18.1,8.17,4.85,465.3,9.7,3.53,0.533,0.056,2.06,,,Ⅳ
2022-11-07T20:00:00+08:00,1667822400,17.7,8.18,4.86,453.5,10.9,4.06,1.221,0.085,3.16,,,Ⅳ
2022-11-08T00:00:00+08:00,1667836800,17.6,8.1,4.05,453.6,10.5,3.82,0.878,0.07,2.66,,,Ⅳ
2022-11-08T04:00:00+08:00,1667851200,17.4,8.17,4.78,445.6,10.4,3.82,0.878,0.07,2.66,,,Ⅳ
2022-11-08T08:00:00+08:00,1667865600,17.3,8.13,4.46,445.1,11.6,3.82,0.679,0.064,2.41,,,Ⅳ
2022-11-08T12:00:00+08:00,1667880000,17.7,8.06,3.9,441.4,12.4,3.73,0.672,0.065,2.5,,,Ⅳ
2022-11-08T16:00:00+08:00,1667894400,17.9,8.13,4.07,442.8,11.2,3.62,0.711,0.061,2.48,,,Ⅳ
2022-11-08T20:00:00+08:00,1667908800,17.9,8.34,6.05,436.8,10.4,3.57,0.65,0.057,2.32,,,Ⅲ
2022-11-09T00:00:00+08:00,1667923200,17.7,8.34,6.02,435.6,10.6,3.74,0.484,0.055,2.09,,,Ⅱ
2022-11-09T04:00:00+08:00,1667937600,17.7,8.25,5.35,435.9,8.8,3.74,0.484,0.055,2.09,,,Ⅲ
2022-11-09T08:00:00+08:00,1667952000,17.7,8.26,5.5,434.7,9.9,3.64,0.474,0.055,2.07,,,Ⅲ
2022-11-09T12:00:00+08:00,1667966400,17.9,8.26,5.46,435.6,9.8,3.39,0.499,0.057,2.06,,,Ⅲ
2022-11-09T16:00:00+08:00,1667980800,18.3,8.22,5.3,461.3,11.8,3.44,0.468,0.05,2.01,,,Ⅲ
2022-11-09T20:00:00+08:00,1667995200,18.1,8.22,5.07,448.9,12.7,4.03,1.099,0.08,3.03,,,Ⅳ
2022-11-10T00:00:00+08:00,1668009600,18.0,8.14,4.37,449.8,11.1,3.93,0.771,0.071,2.57,,,Ⅳ
2022-11-10T04:00:00+08:00,1668024000,18.0,8.13,4.2,445.2,11.8,3.93,0.771,0.071,2.57,,,Ⅳ
2022-11-10T08:00:00+08:00,1668038400,18.0,8.14,4.2,443.9,13.6,3.71,0.693,0.065,2.44,,,Ⅳ
2022-11-10T12:00:00+08:00,1668052800,18.2,8.15,4.28,448.4,12.9,3.45,0.66,0.068,2.42,,,Ⅳ
2022-11-10T16:00:00+08:00,1668067200,18.4,8.09,3.68,453.2,10.8,3.73,0.731,0.066,2.48,,,Ⅳ
2022-11-10T20:00:00+08:00,1668081600,18.8,8.31,5.47,440.1,10.5,3.64,0.839,0.06,2.6,,,Ⅲ
2022-11-11T00:00:00+08:00,1668096000,18.7,8.34,5.69,435.2,9.0,3.72,0.532,0.058,2.17,,,Ⅲ
2022-11-11T04:00:00+08:00,1668110400,18.7,8.3,5.45,438.8,11.0,3.72,0.532,0.058,2.17,,,Ⅲ
2022-11-11T08:00:00+08:00,1668124800,18.7,8.2,4.59,438.0,10.7,3.74,0.513,0.061,2.1,,,Ⅳ
2022-11-11T12:00:00+08:00,1668139200,19.0,8.27,5.33,436.1,10.0,3.53,0.501,0.055,2.09,,,Ⅲ
2022-11-11T16:00:00+08:00,1668153600,19.2,8.36,5.74,435.6,10.1,3.55,0.469,0.052,2.0,,,Ⅲ
2022-11-11T20:00:00+08:00,1668168000,19.2,8.37,5.95,434.6,8.1,3.55,0.46,0.048,1.94,,,Ⅲ
2022-11-12T00:00:00+08:00,1668182400,19.4,8.43,6.36,433.6,8.1,3.7,0.467,0.049,1.96,,,Ⅱ
2022-11-12T04:00:00+08:00,1668196800,19.2,8.24,4.82,437.4,9.3,3.7,0.467,0.049,1.96,,,Ⅳ
2022-11-12T08:00:00+08:00,1668211200,19.2,8.21,4.62,441.7,8.0,3.58,0.499,0.052,2.04,,,Ⅳ
2022-11-12T12:00:00+08:00,1668225600,19.5,8.2,4.38,436.5,11.7,3.44,0.506,0.057,2.17,,,Ⅳ
2022-11-12T16:00:00+08:00,1668240000,20.4,8.33,5.63,462.5,7.7,3.48,0.512,0.056,2.14,,,Ⅲ
2022-11-12T20:00:00+08:00,1668254400,19.8,8.18,4.5,468.7,11.5,4.06,0.963,0.07,2.85,,,Ⅳ
2022-11-13T00:00:00+08:00,1668268800,20.1,8.25,5.3,472.1,10.0,4.26,1.006,0.077,3.05,,,Ⅳ
2022-11-13T04:00:00+08:00,1668283200,20.0,8.45,6.65,484.9,12.4,4.26,1.006,0.077,3.05,,,Ⅳ
2022-11-13T08:00:00+08:00,1668297600,19.6,8.4,6.31,480.4,11.5,4.65,0.892,0.083,3.09,,,Ⅲ
2022-11-13T12:00:00+08:00,1668312000,19.5,8.37,6.11,477.7,13.1,4.44,0.854,0.078,3.07,,,Ⅲ
2022-11-13T16:00:00+08:00,1668326400,19.2,8.27,5.2,464.7,14.8,4.52,0.847,0.077,2.98,,,Ⅲ
2022-11-13T20:00:00+08:00,1668340800,19.1,8.28,5.35,471.6,12.8,4.2,0.852,0.072,2.88,,,Ⅲ
2022-11-14T00:00:00+08:00,1668355200,18.7,8.19,4.42,466.2,12.0,4.3,0.856,0.075,2.96,,,Ⅳ
2022-11-14T04:00:00+08:00,1668369600,18.5,8.19,4.47,453.7,11.6,4.3,0.856,0.075,2.96,,,Ⅳ
2022-11-14T08:00:00+08:00,1668384000,18.3,8.14,4.0,461.6,12.7,3.93,0.844,0.071,2.82,,,Ⅳ
2022-11-14T12:00:00+08:00,1668398400,18.2,8.18,4.41,456.4,10.9,3.93,0.802,0.065,2.66,,,Ⅳ
2022-11-14T16:00:00+08:00,1668412800,18.1,8.17,4.12,457.2,11.4,3.9,0.81,0.069,2.62,,,Ⅳ
2022-11-14T20:00:00+08:00,1668427200,17.9,8.14,3.87,457.0,10.8,3.87,0.822,0.071,2.66,,,Ⅳ
2022-11-15T00:00:00+08:00,1668441600,17.7,8.15,3.91,451.1,12.2,3.87,0.822,0.071,2.66,,,Ⅳ
2022-11-15T04:00:00+08:00,1668456000,17.6,8.12,3.68,448.4,11.4,3.82,0.762,0.067,2.54,,,Ⅳ
2022-11-15T08:00:00+08:00,1668470400,17.4,8.1,3.52,453.6,11.9,3.7,0.818,0.07,2.79,,,Ⅳ
2022-11-15T12:00:00+08:00,1668484800,17.8,8.06,3.72,450.8,12.6,3.64,0.836,0.071,2.73,,,Ⅳ
2022-11-15T16:00:00+08:00,1668499200,18.1,8.08,3.42,471.1,12.9,4.12,1.055,0.077,3.07,,,Ⅳ
2022-11-16T12:00:00+08:00,1668571200,17.2,8.09,3.6,440.2,11.1,3.59,0.781,0.069,2.51,,,Ⅳ
2022-11-16T16:00:00+08:00,1668585600,17.2,8.1,3.73,435.8,12.0,3.56,0.687,0.061,2.25,,,Ⅳ
2022-11-16T20:00:00+08:00,1668600000,17.1,8.1,3.86,438.6,11.6,3.69,0.678,0.062,2.22,,,Ⅳ
2022-11-17T00:00:00+08:00,1668614400,17.1,8.12,4.3,432.3,13.0,3.67,0.685,0.064,2.26,,,Ⅳ
2022-11-17T04:00:00+08:00,1668628800,17.1,8.1,3.99,428.2,12.7,3.72,0.668,0.07,2.27,,,Ⅳ
2022-11-17T08:00:00+08:00,1668643200,17.1,8.08,3.87,424.5,12.8,3.75,0.7,0.069,2.27,,,Ⅳ
2022-11-17T12:00:00+08:00,1668657600,17.1,8.06,3.55,426.9,13.8,3.62,0.696,0.068,2.35,,,Ⅳ
2022-11-17T20:00:00+08:00,1668686400,17.1,8.07,3.57,428.4,13.0,4.26,0.685,0.075,2.32,,,Ⅳ
2022-11-18T00:00:00+08:00,1668700800,17.1,8.04,3.25,427.9,12.8,3.65,0.701,0.072,2.31,,,Ⅳ
2022-11-18T04:00:00+08:00,1668715200,17.0,8.04,3.43,423.7,13.0,3.67,0.715,0.072,2.3,,,Ⅳ
2022-11-18T08:00:00+08:00,1668729600,17.0,8.03,3.1,428.2,11.8,3.69,0.734,0.073,2.33,,,Ⅳ
2022-11-18T12:00:00+08:00,1668744000,17.2,8.01,2.91,427.4,11.5,3.52,0.736,0.071,2.36,,,Ⅴ
2022-11-18T16:00:00+08:00,1668758400,17.3,8.01,2.83,424.0,12.6,3.5,0.723,0.067,2.3,,,Ⅴ
2022-11-18T20:00:00+08:00,1668772800,17.3,8.01,2.94,420.8,11.5,3.62,0.761,0.071,2.34,,,Ⅴ
2022-11-19T00:00:00+08:00,1668787200,17.3,7.97,2.63,418.3,13.3,3.6,0.801,0.072,2.34,,,Ⅴ
2022-11-19T04:00:00+08:00,1668801600,17.3,7.99,2.41,427.7,11.5,3.67,0.894,0.079,2.43,,,Ⅴ
2022-11-19T08:00:00+08:00,1668816000,17.4,7.99,2.17,439.2,11.5,3.86,1.149,0.104,2.77,,,Ⅴ
2022-11-19T12:00:00+08:00,1668830400,17.5,8.0,2.15,442.1,11.3,4.06,1.589,0.125,3.6,,,Ⅴ
2022-11-19T16:00:00+08:00,1668844800,17.5,8.02,2.36,443.8,11.4,3.98,1.642,0.126,3.63,,,Ⅴ
2022-11-19T20:00:00+08:00,1668859200,17.6,8.11,3.73,437.6,11.5,3.89,1.516,0.114,3.52,,,Ⅴ
2022-11-20T00:00:00+08:00,1668873600,17.5,8.22,5.01,427.5,14.8,4.02,1.138,0.104,2.82,,,Ⅳ
2022-11-20T04:00:00+08:00,1668888000,17.5,8.25,5.4,423.1,17.6,3.91,0.84,0.096,2.28,,,Ⅲ
2022-11-20T08:00:00+08:00,1668902400,17.4,8.33,6.05,419.6,14.8,3.95,0.671,0.089,1.86,,,Ⅲ
2022-11-20T12:00:00+08:00,1668916800,17.6,8.39,6.48,417.3,14.5,3.6,0.524,0.078,1.56,,,Ⅲ
2022-11-20T16:00:00+08:00,1668931200,17.7,8.45,6.8,417.4,13.5,3.34,0.456,0.073,1.38,,,Ⅱ
2022-11-20T20:00:00+08:00,1668945600,17.6,8.49,7.18,416.7,16.1,3.67,0.444,0.07,1.31,,,Ⅱ
2022-11-21T00:00:00+08:00,1668960000,17.5,8.46,6.94,416.9,12.5,3.67,0.382,0.074,1.24,,,Ⅱ
2022-11-21T04:00:00+08:00,1668974400,17.4,8.45,6.94,416.5,10.4,3.63,0.381,0.061,1.18,,,Ⅱ
2022-11-21T12:00:00+08:00,1669003200,17.6,8.41,6.56,416.8,11.5,3.38,0.373,0.06,1.28,,,Ⅱ
2022-11-21T16:00:00+08:00,1669017600,18.1,8.49,7.02,416.3,12.4,3.36,0.402,0.058,1.3,,,Ⅱ
2022-11-21T20:00:00+08:00,1669032000,17.8,8.48,7.08,415.4,16.0,3.75,0.366,0.064,1.21,,,Ⅱ
2022-11-22T00:00:00+08:00,1669046400,17.8,8.45,6.94,417.1,13.3,3.75,0.366,0.064,1.21,,,Ⅱ
2022-11-22T04:00:00+08:00,1669060800,17.7,8.5,7.28,415.0,14.6,3.58,0.406,0.061,1.3,,,Ⅱ
2022-11-22T08:00:00+08:00,1669075200,17.7,8.44,6.84,408.5,14.2,3.56,0.342,0.06,1.17,,,Ⅱ
2022-11-22T12:00:00+08:00,1669089600,17.7,8.45,6.34,412.8,14.1,3.51,0.5,0.067,1.41,,,Ⅱ
2022-11-22T16:00:00+08:00,1669104000,17.9,8.41,6.23,405.1,15.5,3.89,0.618,0.078,1.68,,,Ⅲ
2022-11-22T20:00:00+08:00,1669118400,17.8,8.2,5.01,417.0,20.8,4.08,1.184,0.119,2.67,,,Ⅳ
2022-11-23T00:00:00+08:00,1669132800,17.7,8.18,4.54,420.3,14.4,4.08,1.184,0.119,2.67,,,Ⅳ
2022-11-23T04:00:00+08:00,1669147200,17.6,8.17,4.49,421.4,14.2,3.88,1.102,0.106,2.46,,,Ⅳ
2022-11-23T08:00:00+08:00,1669161600,17.6,8.15,4.26,416.6,13.6,3.88,1.102,0.106,2.46,,,Ⅳ
2022-11-23T12:00:00+08:00,1669176000,17.7,8.12,4.07,415.0,12.1,3.61,1.004,0.5,2.39,,,劣Ⅴ
2022-11-23T16:00:00+08:00,1669190400,17.9,8.2,4.69,418.4,12.7,3.75,0.91,0.097,2.18,,,Ⅳ
2022-11-23T20:00:00+08:00,1669204800,17.7,8.18,4.23,422.8,11.8,3.58,0.902,0.091,2.15,,,Ⅳ
2022-11-24T00:00:00+08:00,1669219200,17.5,8.24,5.13,410.7,12.5,3.58,0.902,0.091,2.15,,,Ⅲ
2022-11-24T04:00:00+08:00,1669233600,17.4,8.2,4.86,412.1,12.3,3.68,0.853,0.088,1.97,,,Ⅳ
2022-11-24T08:00:00+08:00,1669248000,17.4,8.14,4.24,412.8,11.5,3.13,1.018,0.09,2.14,,,Ⅳ
2022-11-24T12:00:00+08:00,1669262400,17.6,8.17,4.29,418.6,11.1,3.85,0.999,0.086,2.12,,,Ⅳ
2022-11-24T16:00:00+08:00,1669276800,18.0,8.13,3.82,415.6,10.9,3.48,0.889,0.078,1.94,,,Ⅳ
2022-11-24T20:00:00+08:00,1669291200,17.6,8.19,4.63,412.4,14.8,3.84,0.984,0.091,2.11,,,Ⅳ
2022-11-25T00:00:00+08:00,1669305600,17.5,8.17,4.58,411.5,13.2,3.84,0.984,0.091,2.11,,,Ⅳ
2022-11-25T04:00:00+08:00,1669320000,17.3,8.12,4.13,413.9,13.5,3.77,1.074,0.101,2.19,,,Ⅳ
2022-11-25T08:00:00+08:00,1669334400,17.3,8.11,4.05,415.7,12.5,3.51,1.149,0.11,2.25,,,Ⅳ
2022-11-25T12:00:00+08:00,1669348800,17.5,8.17,4.55,417.2,11.9,3.58,1.025,0.084,2.08,,,Ⅳ
2022-11-25T16:00:00+08:00,1669363200,17.6,8.16,4.43,416.4,11.6,3.44,0.977,0.078,1.94,,,Ⅳ
2022-11-25T20:00:00+08:00,1669377600,17.6,8.37,6.45,413.1,12.7,3.43,0.549,0.071,1.36,,,Ⅲ
2022-11-26T00:00:00+08:00,1669392000,17.5,8.43,6.96,412.8,12.1,3.43,0.549,0.071,1.36,,,Ⅲ
2022-11-26T04:00:00+08:00,1669406400,17.4,8.4,6.71,413.4,14.0,3.45,0.46,0.072,1.23,,,Ⅱ
2022-11-26T08:00:00+08:00,1669420800,17.4,8.36,6.4,414.4,18.2,3.48,0.441,0.076,1.38,,,Ⅱ
2022-11-26T12:00:00+08:00,1669435200,17.7,8.52,7.31,411.0,17.8,3.57,0.327,0.078,1.08,,,Ⅱ
2022-11-26T16:00:00+08:00,1669449600,18.0,8.58,7.61,410.1,14.4,3.57,0.327,0.078,1.08,,,Ⅱ
2022-11-28T08:00:00+08:00,1669593600,17.5,8.57,7.54,409.9,13.1,3.59,0.44,0.058,1.15,,,Ⅱ
2022-11-28T12:00:00+08:00,1669608000,17.8,8.57,7.55,410.3,13.4,3.31,0.396,0.059,1.12,,,Ⅱ
2022-11-28T16:00:00+08:00,1669622400,18.0,8.51,7.01,409.5,11.0,3.45,0.43,0.057,1.23,,,Ⅱ
2022-11-29T08:00:00+08:00,1669680000,17.8,8.46,6.63,411.2,15.6,3.63,0.649,0.074,1.5,,,Ⅲ
2022-11-29T12:00:00+08:00,1669694400,17.6,8.47,7.02,409.0,13.8,3.45,0.531,0.071,1.45,,,Ⅲ
2022-11-29T16:00:00+08:00,1669708800,17.3,8.52,7.48,407.5,17.2,3.67,0.566,0.076,1.46,,,Ⅲ
2022-11-29T20:00:00+08:00,1669723200,16.9,8.52,7.3,402.7,17.8,3.77,0.45,0.081,1.32,,,Ⅱ
2022-11-30T00:00:00+08:00,1669737600,16.4,8.48,7.21,400.2,14.6,3.74,0.499,0.085,1.44,,,Ⅱ
2022-11-30T04:00:00+08:00,1669752000,16.0,8.37,6.8,396.3,14.7,3.71,0.497,0.079,1.4,,,Ⅱ
2022-11-30T08:00:00+08:00,1669766400,15.7,8.41,6.74,404.9,14.1,3.74,0.601,0.087,1.6,,,Ⅲ
2022-11-30T12:00:00+08:00,1669780800,15.5,8.38,6.9,400.6,14.1,3.4,0.566,0.084,1.63,,,Ⅲ
2022-11-30T16:00:00+08:00,1669795200,15.1,8.37,6.76,404.1,13.1,3.96,0.553,0.078,1.53,,,Ⅲ
2022-11-30T20:00:00+08:00,1669809600,14.8,8.26,6.25,399.6,12.7,3.69,0.576,0.08,1.57,,,Ⅲ
2022-12-01T00:00:00+08:00,1669824000,14.6,8.26,6.0,407.6,12.7,3.82,0.701,0.093,1.76,,,Ⅲ
2022-12-01T04:00:00+08:00,1669838400,14.2,8.28,6.5,403.7,12.1,3.97,0.886,0.107,2.06,,,Ⅲ
2022-12-01T12:00:00+08:00,1669867200,13.8,8.27,6.45,408.7,10.7,3.56,0.67,0.089,1.74,,,Ⅲ
2022-12-01T16:00:00+08:00,1669881600,13.5,8.37,7.49,407.3,11.6,3.96,0.774,0.088,1.83,,,Ⅲ
2022-12-02T00:00:00+08:00,1669910400,13.0,8.32,6.88,415.1,9.2,3.52,0.562,0.071,1.51,,,Ⅲ
2022-12-02T04:00:00+08:00,1669924800,12.8,8.29,6.6,417.2,9.2,3.46,0.603,0.073,1.55,,,Ⅲ
2022-12-02T08:00:00+08:00,1669939200,12.6,8.24,6.31,415.3,8.8,3.58,0.679,0.079,1.69,,,Ⅲ
2022-12-02T12:00:00+08:00,1669953600,12.8,8.27,6.63,411.3,9.5,3.46,0.65,0.08,1.73,,,Ⅲ
2022-12-02T16:00:00+08:00,1669968000,12.8,8.26,6.4,412.8,8.4,3.11,0.696,0.078,1.72,,,Ⅲ
2022-12-02T20:00:00+08:00,1669982400,12.5,8.26,6.48,410.5,9.7,3.11,0.696,0.078,1.72,,,Ⅲ
2022-12-03T00:00:00+08:00,1669996800,12.3,8.21,6.0,411.7,8.8,3.49,0.639,0.075,1.59,,,Ⅲ
2022-12-03T04:00:00+08:00,1670011200,12.3,8.2,5.95,411.2,8.7,3.52,0.786,0.082,1.8,,,Ⅲ
2022-12-03T08:00:00+08:00,1670025600,12.3,8.2,5.89,411.9,9.7,3.52,0.786,0.082,1.8,,,Ⅲ
2022-12-03T12:00:00+08:00,1670040000,12.4,8.17,5.59,411.8,8.9,3.64,0.949,0.086,1.98,,,Ⅲ
2022-12-03T16:00:00+08:00,1670054400,12.5,8.16,5.39,407.6,8.4,3.64,0.949,0.086,1.98,,,Ⅲ
2022-12-03T20:00:00+08:00,1670068800,12.3,8.16,5.32,408.1,10.0,3.72,0.936,0.089,2.0,,,Ⅲ
2022-12-04T00:00:00+08:00,1670083200,12.3,8.12,4.91,409.9,10.0,3.72,0.936,0.089,2.0,,,Ⅳ
2022-12-04T04:00:00+08:00,1670097600,12.2,8.12,4.91,408.3,9.1,3.85,0.996,0.096,2.11,,,Ⅳ
2022-12-04T08:00:00+08:00,1670112000,12.2,8.08,4.53,409.0,9.7,3.64,0.954,0.09,2.02,,,Ⅳ
2022-12-04T12:00:00+08:00,1670126400,12.3,8.14,5.17,415.1,10.7,3.85,1.014,0.105,2.19,,,Ⅳ
2022-12-04T16:00:00+08:00,1670140800,12.3,8.35,7.41,410.8,11.4,4.0,0.974,0.107,2.1,,,Ⅲ
2022-12-04T20:00:00+08:00,1670155200,12.2,8.29,6.82,411.7,10.4,3.55,0.701,0.084,1.63,,,Ⅲ
2022-12-05T00:00:00+08:00,1670169600,12.0,8.28,6.9,412.4,10.3,3.63,0.737,0.082,1.68,,,Ⅲ
2022-12-05T04:00:00+08:00,1670184000,12.0,8.27,6.62,411.6,9.4,3.54,0.823,0.083,1.75,,,Ⅲ
2022-12-05T08:00:00+08:00,1670198400,11.9,8.25,6.45,411.7,9.4,3.54,0.823,0.083,1.75,,,Ⅲ
2022-12-05T12:00:00+08:00,1670212800,11.9,8.24,6.25,413.8,8.9,3.48,0.919,0.087,1.94,,,Ⅲ
2022-12-05T16:00:00+08:00,1670227200,12.0,8.26,6.49,412.9,10.5,3.48,0.919,0.087,1.94,,,Ⅲ
2022-12-06T00:00:00+08:00,1670256000,11.8,8.4,7.77,409.3,10.4,3.61,0.749,0.088,1.72,,,Ⅲ
2022-12-06T04:00:00+08:00,1670270400,11.7,8.4,7.75,409.2,11.9,3.6,0.57,0.076,1.47,,,Ⅲ
2022-12-06T08:00:00+08:00,1670284800,11.6,8.41,7.95,410.1,10.3,3.54,0.608,0.079,1.52,,,Ⅲ
2022-12-06T12:00:00+08:00,1670299200,11.8,8.45,8.05,409.2,9.8,3.47,0.614,0.076,1.52,,,Ⅲ
2022-12-06T16:00:00+08:00,1670313600,12.1,8.52,8.38,407.1,10.4,3.45,0.583,0.068,1.36,,,Ⅲ
2022-12-06T20:00:00+08:00,1670328000,11.9,8.51,8.51,409.4,10.0,3.45,0.583,0.068,1.36,,,Ⅲ
2022-12-07T00:00:00+08:00,1670342400,11.8,8.52,8.64,410.0,10.3,3.5,0.627,0.069,1.44,,,Ⅲ
2022-12-07T04:00:00+08:00,1670356800,11.6,8.53,8.69,408.6,10.4,3.47,0.508,0.068,1.33,,,Ⅲ
2022-12-07T08:00:00+08:00,1670371200,11.5,8.55,8.82,407.9,10.7,3.47,0.508,0.068,1.33,,,Ⅲ
2022-12-07T12:00:00+08:00,1670385600,11.6,8.61,9.06,406.2,10.4,3.31,0.381,0.057,1.1,,,Ⅱ
2022-12-07T16:00:00+08:00,1670400000,11.7,8.67,9.35,406.4,10.1,3.31,0.381,0.057,1.1,,,Ⅱ
2022-12-07T20:00:00+08:00,1670414400,11.7,8.57,8.77,407.6,9.6,3.27,0.344,0.056,1.1,,,Ⅱ
2022-12-08T00:00:00+08:00,1670428800,11.7,8.53,8.53,406.4,9.2,3.19,0.351,0.056,1.1,,,Ⅱ
2022-12-08T04:00:00+08:00,1670443200,11.7,8.52,8.38,406.8,10.0,3.25,0.356,0.055,1.11,,,Ⅱ
2022-12-08T08:00:00+08:00,1670457600,11.7,8.47,8.1,407.5,9.0,3.22,0.474,0.061,1.34,,,Ⅱ
2022-12-08T12:00:00+08:00,1670472000,12.1,8.43,7.79,408.8,9.5,3.22,0.474,0.061,1.34,,,Ⅱ
2022-12-08T16:00:00+08:00,1670486400,12.3,8.11,4.83,421.3,10.1,3.32,0.481,0.068,1.29,,,Ⅳ
2022-12-08T20:00:00+08:00,1670500800,12.3,7.92,2.0,432.5,9.5,4.48,1.816,0.183,3.31,,,劣Ⅴ
2022-12-09T00:00:00+08:00,1670515200,12.2,8.11,4.85,418.1,10.4,4.48,1.816,0.183,3.31,,,Ⅴ
2022-12-09T04:00:00+08:00,1670529600,12.1,8.27,6.44,410.6,10.3,3.83,0.948,0.109,2.01,,,Ⅲ
2022-12-09T08:00:00+08:00,1670544000,12.1,8.34,6.9,407.6,10.0,3.39,0.615,0.08,1.55,,,Ⅲ
2022-12-09T12:00:00+08:00,1670558400,12.5,7.17,6.54,405.3,11.3,3.29,0.551,0.074,1.52,,,Ⅲ
2022-12-09T16:00:00+08:00,1670572800,12.1,7.11,6.54,407.7,11.3,3.66,0.787,0.093,1.84,,,Ⅲ
2022-12-09T20:00:00+08:00,1670587200,12.1,7.12,6.65,410.0,12.5,3.55,0.698,0.084,1.7,,,Ⅲ
2022-12-10T00:00:00+08:00,1670601600,12.1,7.12,6.96,412.1,15.6,3.55,0.698,0.084,1.7,,,Ⅲ
2022-12-10T04:00:00+08:00,1670616000,12.1,7.15,7.4,411.1,13.8,3.83,0.614,0.095,1.66,,,Ⅲ
2022-12-10T08:00:00+08:00,1670630400,12.1,7.13,7.19,409.2,13.1,3.73,0.644,0.088,1.71,,,Ⅲ
2022-12-10T12:00:00+08:00,1670644800,12.1,7.13,7.34,407.5,12.6,3.69,0.607,0.082,1.56,,,Ⅲ
2022-12-10T16:00:00+08:00,1670659200,12.1,7.18,7.43,405.7,12.0,3.48,0.596,0.073,1.51,,,Ⅲ
2022-12-10T20:00:00+08:00,1670673600,12.2,7.1,6.66,407.2,12.0,3.52,0.623,0.078,1.64,,,Ⅲ
2022-12-11T00:00:00+08:00,1670688000,12.0,7.14,7.23,406.9,13.0,3.52,0.623,0.078,1.64,,,Ⅲ
2022-12-11T04:00:00+08:00,1670702400,11.7,7.1,7.12,409.7,13.5,4.06,0.748,0.102,1.88,,,Ⅲ
2022-12-11T08:00:00+08:00,1670716800,11.6,7.07,6.56,409.4,12.2,3.54,0.643,0.089,1.76,,,Ⅲ
2022-12-11T12:00:00+08:00,1670731200,11.6,7.05,6.42,409.1,11.9,5.44,0.673,0.094,1.78,,,Ⅲ
2022-12-11T16:00:00+08:00,1670745600,11.8,7.19,7.82,405.9,12.6,3.98,0.583,0.081,1.56,,,Ⅲ
2022-12-11T20:00:00+08:00,1670760000,11.6,7.29,8.71,403.4,11.5,3.97,0.448,0.066,1.32,,,Ⅱ
2022-12-12T00:00:00+08:00,1670774400,11.3,7.32,9.13,403.9,11.9,3.97,0.448,0.066,1.32,,,Ⅱ
2022-12-12T04:00:00+08:00,1670788800,11.2,7.3,8.89,403.3,11.0,3.39,0.531,0.06,1.39,,,Ⅲ
2022-12-12T08:00:00+08:00,1670803200,11.0,7.3,8.99,403.1,10.5,3.29,0.43,0.057,1.32,,,Ⅱ
2022-12-12T12:00:00+08:00,1670817600,11.3,7.24,8.42,404.4,10.1,2.9,0.548,0.06,1.41,,,Ⅲ
2022-12-12T16:00:00+08:00,1670832000,11.4,7.18,7.82,408.6,11.3,3.5,0.646,0.075,1.6,,,Ⅲ
2022-12-12T20:00:00+08:00,1670846400,11.4,6.83,3.56,427.4,10.6,4.18,1.619,0.159,3.08,,,Ⅴ
2022-12-13T00:00:00+08:00,1670860800,11.2,6.87,3.97,426.9,9.1,4.18,1.619,0.159,3.08,,,Ⅴ
2022-12-13T04:00:00+08:00,1670875200,10.9,6.91,4.57,424.3,9.2,4.05,1.147,0.104,2.36,,,Ⅳ
2022-12-13T08:00:00+08:00,1670889600,10.8,6.9,4.3,425.9,8.5,3.75,1.151,0.102,2.44,,,Ⅳ
2022-12-13T12:00:00+08:00,1670904000,11.0,6.83,3.14,437.0,8.2,3.75,1.151,0.102,2.44,,,Ⅳ
2022-12-13T16:00:00+08:00,1670918400,11.2,6.83,3.02,437.0,7.4,4.09,1.772,0.145,3.15,,,Ⅴ
2022-12-13T20:00:00+08:00,1670932800,11.2,6.85,3.24,434.1,8.3,4.06,1.582,0.13,2.92,,,Ⅴ
2022-12-14T00:00:00+08:00,1670947200,10.8,6.92,4.39,424.6,9.6,4.06,1.582,0.13,2.92,,,Ⅴ
2022-12-14T04:00:00+08:00,1670961600,10.5,6.92,4.62,423.5,10.9,3.84,1.282,0.113,2.53,,,Ⅳ
2022-12-14T08:00:00+08:00,1670976000,10.2,7.09,6.72,412.3,11.3,3.67,0.87,0.092,2.01,,,Ⅲ
2022-12-14T12:00:00+08:00,1670990400,10.3,7.08,6.7,414.0,9.6,3.5,0.932,0.088,1.97,,,Ⅲ
2022-12-14T16:00:00+08:00,1671004800,10.5,7.12,7.08,411.3,10.2,3.42,0.823,0.082,1.79,,,Ⅲ
2022-12-14T20:00:00+08:00,1671019200,10.3,7.15,7.45,410.5,10.7,3.38,0.718,0.081,1.65,,,Ⅲ
2022-12-15T00:00:00+08:00,1671033600,10.1,7.22,8.21,408.7,12.3,3.38,0.718,0.081,1.65,,,Ⅲ
2022-12-15T04:00:00+08:00,1671048000,9.7,7.38,9.66,400.3,11.5,3.28,0.347,0.058,1.15,,,Ⅱ
2022-12-15T08:00:00+08:00,1671062400,9.6,7.36,9.5,400.1,10.6,3.09,0.356,0.056,1.19,,,Ⅱ
2022-12-15T12:00:00+08:00,1671076800,9.9,7.39,9.73,399.9,10.0,3.13,0.417,0.056,1.17,,,Ⅱ
2022-12-15T16:00:00+08:00,1671091200,10.1,7.35,9.3,400.0,10.1,3.1,0.535,0.054,1.32,,,Ⅲ
2022-12-15T20:00:00+08:00,1671105600,10.0,7.33,9.2,400.4,10.4,3.24,0.515,0.055,1.35,,,Ⅲ
2022-12-16T00:00:00+08:00,1671120000,9.9,7.37,9.62,399.2,10.4,3.24,0.515,0.055,1.35,,,Ⅲ
2022-12-16T04:00:00+08:00,1671134400,10.0,7.39,9.74,396.6,10.6,3.21,0.362,0.053,1.16,,,Ⅱ
2022-12-16T08:00:00+08:00,1671148800,9.9,7.41,9.86,396.2,10.6,3.12,0.309,0.051,1.13,,,Ⅱ
2022-12-16T12:00:00+08:00,1671163200,10.1,7.39,9.68,395.7,10.0,3.11,0.321,0.051,1.09,,,Ⅱ
2022-12-16T16:00:00+08:00,1671177600,10.1,7.44,9.91,394.9,9.9,3.06,0.302,0.047,1.07,,,Ⅱ
2022-12-16T20:00:00+08:00,1671192000,10.0,7.4,9.78,395.2,9.7,3.03,0.308,0.049,1.06,,,Ⅱ
2022-12-17T00:00:00+08:00,1671206400,10.0,7.35,9.4,395.7,9.8,3.03,0.308,0.049,1.06,,,Ⅱ
2022-12-17T04:00:00+08:00,1671220800,9.8,7.28,8.98,398.5,10.3,3.18,0.372,0.056,1.16,,,Ⅱ
2022-12-17T08:00:00+08:00,1671235200,9.6,7.07,6.9,414.4,11.1,3.34,1.094,0.089,2.29,,,Ⅳ
2022-12-17T12:00:00+08:00,1671249600,9.6,7.13,7.48,420.1,11.3,3.43,0.946,0.08,2.09,,,Ⅲ
2022-12-17T16:00:00+08:00,1671264000,9.6,7.17,7.65,427.6,11.1,3.55,0.952,0.079,2.15,,,Ⅲ
2022-12-17T20:00:00+08:00,1671278400,9.2,7.14,6.92,449.2,13.5,3.66,1.318,0.096,3.02,,,Ⅳ
2022-12-18T00:00:00+08:00,1671292800,8.7,7.27,8.59,461.2,16.8,3.66,1.318,0.096,3.02,,,Ⅳ
2022-12-18T04:00:00+08:00,1671307200,8.2,7.33,9.23,431.9,13.9,3.82,0.726,0.071,2.4,,,Ⅲ
2022-12-18T08:00:00+08:00,1671321600,8.0,7.22,8.47,432.4,12.3,3.55,0.873,0.078,2.63,,,Ⅲ
2022-12-18T12:00:00+08:00,1671336000,8.3,7.27,8.7,428.9,11.1,3.54,0.789,0.074,2.38,,,Ⅲ
2022-12-18T16:00:00+08:00,1671350400,8.4,7.22,8.38,430.0,11.2,3.6,0.911,0.081,2.44,,,Ⅲ
2022-12-18T20:00:00+08:00,1671364800,8.2,7.27,8.66,430.5,11.4,3.6,0.793,0.073,2.4,,,Ⅲ
2022-12-19T00:00:00+08:00,1671379200,7.8,7.3,9.11,424.3,10.7,3.6,0.793,0.073,2.4,,,Ⅲ
2022-12-19T04:00:00+08:00,1671393600,7.6,7.42,10.11,406.8,11.2,3.38,0.477,0.054,1.59,,,Ⅱ
2022-12-19T08:00:00+08:00,1671408000,7.5,7.35,9.65,410.1,10.4,3.26,0.567,0.057,1.81,,,Ⅲ
2022-12-19T12:00:00+08:00,1671422400,7.8,7.39,9.74,407.6,9.7,3.29,0.542,0.057,1.65,,,Ⅲ
2022-12-19T16:00:00+08:00,1671436800,8.1,7.4,9.69,406.9,10.0,3.2,0.502,0.052,1.52,,,Ⅲ
2022-12-19T20:00:00+08:00,1671451200,7.9,7.37,9.5,408.7,9.4,3.33,0.51,0.056,1.6,,,Ⅲ
2022-12-20T00:00:00+08:00,1671465600,8.0,7.38,9.64,411.1,10.4,3.33,0.51,0.056,1.6,,,Ⅲ
2022-12-20T04:00:00+08:00,1671480000,7.7,7.49,10.6,399.4,10.4,3.3,0.326,0.047,1.23,,,Ⅱ
2022-12-20T08:00:00+08:00,1671494400,7.6,7.43,10.25,400.7,9.9,3.17,0.38,0.051,1.38,,,Ⅱ
2022-12-20T12:00:00+08:00,1671508800,8.0,7.43,10.18,401.1,9.1,3.19,0.38,0.049,1.32,,,Ⅱ
2022-12-20T16:00:00+08:00,1671523200,8.4,7.42,9.99,400.3,9.7,3.16,0.428,0.053,1.42,,,Ⅱ
2022-12-20T20:00:00+08:00,1671537600,8.4,7.36,9.65,404.7,10.0,3.32,0.509,0.059,1.53,,,Ⅲ
2022-12-21T00:00:00+08:00,1671552000,8.5,7.21,8.55,415.3,12.2,3.32,0.509,0.059,1.53,,,Ⅲ
2022-12-21T04:00:00+08:00,1671566400,8.1,7.12,7.44,425.1,10.2,3.65,1.179,0.102,2.75,,,Ⅳ
2022-12-21T08:00:00+08:00,1671580800,7.8,7.2,8.21,425.1,10.2,3.55,0.931,0.085,2.52,,,Ⅲ
2022-12-21T12:00:00+08:00,1671595200,8.0,7.24,8.19,439.2,9.9,3.93,1.199,0.102,3.08,,,Ⅳ
2022-12-21T16:00:00+08:00,1671609600,8.5,7.23,8.09,443.8,10.0,4.12,1.431,0.119,3.38,,,Ⅳ
2022-12-21T20:00:00+08:00,1671624000,8.2,7.21,7.91,444.0,10.6,4.1,1.28,0.111,3.27,,,Ⅳ
2022-12-22T00:00:00+08:00,1671638400,8.1,7.18,7.56,443.4,11.2,4.1,1.28,0.111,3.27,,,Ⅳ
2022-12-22T04:00:00+08:00,1671652800,7.9,7.14,7.27,443.0,9.7,4.05,1.347,0.116,3.23,,,Ⅳ
2022-12-22T08:00:00+08:00,1671667200,7.8,7.14,7.38,445.1,9.9,4.05,1.347,0.116,3.23,,,Ⅳ
2022-12-22T12:00:00+08:00,1671681600,7.6,7.42,9.45,457.4,10.7,4.03,1.312,0.112,3.4,,,Ⅳ
2022-12-22T16:00:00+08:00,1671696000,7.9,7.63,10.84,454.1,11.4,4.44,1.134,0.103,3.51,,,Ⅳ
2022-12-22T20:00:00+08:00,1671710400,7.7,7.62,10.82,438.3,14.5,4.48,0.828,0.083,3.17,,,Ⅲ
2022-12-23T00:00:00+08:00,1671724800,7.5,7.57,10.52,432.7,14.4,4.15,0.616,0.073,2.6,,,Ⅲ
2022-12-23T04:00:00+08:00,1671739200,7.2,7.37,9.32,435.2,15.3,3.95,0.542,0.07,2.3,,,Ⅲ
2022-12-23T08:00:00+08:00,1671753600,6.9,7.41,9.71,432.0,13.5,4.7,1.013,0.1,2.99,,,Ⅳ
2022-12-23T12:00:00+08:00,1671768000,7.2,7.48,10.0,430.9,12.4,3.81,0.693,0.077,2.54,,,Ⅲ
2022-12-23T16:00:00+08:00,1671782400,7.2,7.38,9.36,436.9,12.1,3.76,0.705,0.076,2.41,,,Ⅲ
2022-12-23T20:00:00+08:00,1671796800,7.1,7.5,10.36,413.0,11.0,3.96,0.969,0.096,2.87,,,Ⅲ
2022-12-24T00:00:00+08:00,1671811200,6.8,7.53,10.74,403.9,9.8,3.62,0.529,0.061,1.83,,,Ⅲ
2022-12-24T04:00:00+08:00,1671825600,6.6,7.49,10.57,404.2,9.7,3.38,0.434,0.053,1.54,,,Ⅱ
2022-12-24T08:00:00+08:00,1671840000,6.4,7.46,10.38,406.2,8.8,3.31,0.405,0.056,1.48,,,Ⅱ
2022-12-24T12:00:00+08:00,1671854400,6.8,7.5,10.52,405.2,8.7,3.29,0.422,0.053,1.64,,,Ⅱ
2022-12-24T16:00:00+08:00,1671868800,7.1,7.38,9.5,423.3,9.1,3.29,0.434,0.053,1.64,,,Ⅱ
2022-12-24T20:00:00+08:00,1671883200,6.9,7.49,10.02,424.4,11.6,3.63,0.94,0.087,2.54,,,Ⅲ
2022-12-25T00:00:00+08:00,1671897600,6.6,7.33,9.27,422.0,9.9,3.73,0.699,0.078,2.32,,,Ⅲ
2022-12-25T04:00:00+08:00,1671912000,6.3,7.31,9.19,420.9,10.3,3.7,0.897,0.089,2.38,,,Ⅲ
2022-12-25T08:00:00+08:00,1671926400,6.2,7.43,10.33,402.8,8.5,4.4,0.798,0.086,2.2,,,Ⅲ
2022-12-25T12:00:00+08:00,1671940800,6.7,7.44,10.22,404.0,8.2,3.3,0.391,0.058,1.46,,,Ⅱ
2022-12-25T16:00:00+08:00,1671955200,7.1,7.32,8.82,430.1,8.1,3.27,0.463,0.058,1.46,,,Ⅱ
2022-12-25T20:00:00+08:00,1671969600,6.8,7.47,10.32,399.7,8.7,3.74,1.21,0.109,2.86,,,Ⅳ
2022-12-26T00:00:00+08:00,1671984000,6.5,7.57,11.26,391.6,9.1,3.4,0.398,0.062,1.34,,,Ⅱ
2022-12-26T04:00:00+08:00,1671998400,6.3,7.54,11.14,391.8,8.7,3.11,0.204,0.043,0.93,,,Ⅱ
2022-12-26T08:00:00+08:00,1672012800,6.4,7.52,10.96,392.1,8.1,3.09,0.186,0.04,0.92,,,Ⅱ
2022-12-26T12:00:00+08:00,1672027200,6.7,7.53,10.93,392.3,7.9,3.03,0.211,0.159,1.01,,,Ⅲ
2022-12-26T16:00:00+08:00,1672041600,6.9,7.58,11.03,389.6,7.8,3.02,0.236,0.044,0.99,,,Ⅱ
2022-12-26T20:00:00+08:00,1672056000,6.7,7.54,10.88,388.5,8.6,3.06,0.225,0.042,0.9,,,Ⅱ
2022-12-27T00:00:00+08:00,1672070400,6.8,7.61,11.32,385.6,8.6,3.06,0.225,0.042,0.9,,,Ⅱ
2022-12-27T04:00:00+08:00,1672084800,6.7,7.57,11.18,386.6,8.6,3.06,0.161,0.042,0.82,,,Ⅱ
2022-12-27T08:00:00+08:00,1672099200,6.5,7.54,11.01,388.5,8.0,2.97,0.165,0.16,0.95,,,Ⅱ
2022-12-27T12:00:00+08:00,1672113600,7.0,7.61,11.36,386.3,8.1,2.99,0.162,0.04,0.84,,,Ⅲ
2022-12-27T16:00:00+08:00,1672128000,7.4,7.65,11.4,382.9,8.2,3.03,0.144,0.039,0.8,,,Ⅱ
2022-12-27T20:00:00+08:00,1672142400,7.2,7.64,11.35,384.0,8.7,3.0,0.167,0.04,0.89,,,Ⅱ
2022-12-28T00:00:00+08:00,1672156800,7.1,7.61,11.25,383.6,8.9,3.0,0.167,0.04,0.89,,,Ⅱ
2022-12-28T04:00:00+08:00,1672171200,7.1,7.61,11.27,384.0,8.8,2.93,0.134,0.037,0.82,,,Ⅱ
2022-12-28T08:00:00+08:00,1672185600,7.1,7.58,11.17,384.6,9.4,2.9,0.14,0.041,0.84,,,Ⅱ
2022-12-28T12:00:00+08:00,1672200000,7.2,7.64,11.36,382.7,8.4,2.96,0.131,0.037,0.78,,,Ⅱ
2022-12-28T16:00:00+08:00,1672214400,7.4,7.65,11.35,382.1,8.3,3.01,0.136,0.036,0.73,,,Ⅱ
2022-12-28T20:00:00+08:00,1672228800,7.4,7.64,11.36,382.3,9.6,3.02,0.132,0.039,0.75,,,Ⅱ
2022-12-29T00:00:00+08:00,1672243200,7.2,7.63,11.34,382.5,10.2,3.02,0.132,0.039,0.75,,,Ⅱ
2022-12-29T04:00:00+08:00,1672257600,7.1,7.6,11.29,383.1,9.8,2.93,0.126,0.038,0.74,,,Ⅱ
2022-12-29T08:00:00+08:00,1672272000,7.0,7.59,11.23,383.2,9.0,3.08,0.125,0.037,0.87,,,Ⅱ
2022-12-29T12:00:00+08:00,1672286400,7.2,7.62,11.37,381.4,8.9,2.98,0.126,0.037,0.75,,,Ⅱ
2022-12-29T16:00:00+08:00,1672300800,7.3,7.61,11.24,381.8,8.8,2.97,0.136,0.035,0.73,,,Ⅱ
2022-12-29T20:00:00+08:00,1672315200,7.2,7.59,11.13,382.4,9.1,3.1,0.136,0.039,0.77,,,Ⅱ
2022-12-30T00:00:00+08:00,1672329600,7.1,7.58,11.21,382.4,10.3,3.1,0.136,0.039,0.77,,,Ⅱ
2022-12-30T04:00:00+08:00,1672344000,6.9,7.58,11.22,382.4,9.5,3.04,0.129,0.037,0.76,,,Ⅱ
2022-12-30T08:00:00+08:00,1672358400,6.9,7.58,11.2,381.9,9.1,2.88,0.124,0.037,0.79,,,Ⅱ
2022-12-30T12:00:00+08:00,1672372800,7.0,7.61,11.34,381.5,8.6,2.93,0.133,0.036,0.82,,,Ⅱ
2022-12-30T16:00:00+08:00,1672387200,7.3,7.64,11.35,381.6,8.8,3.04,0.139,0.038,0.74,,,Ⅱ
2022-12-30T20:00:00+08:00,1672401600,7.1,7.61,11.24,385.0,9.1,3.07,0.135,0.038,0.77,,,Ⅱ
2022-12-31T00:00:00+08:00,1672416000,6.6,7.6,11.41,386.0,9.9,3.07,0.135,0.038,0.77,,,Ⅱ
2022-12-31T04:00:00+08:00,1672430400,6.3,7.58,11.38,386.3,8.7,3.05,0.123,0.037,0.77,,,Ⅱ
2022-12-31T08:00:00+08:00,1672444800,6.3,7.55,11.17,388.2,8.2,2.87,0.139,0.037,0.91,,,Ⅱ
2022-12-31T12:00:00+08:00,1672459200,6.7,7.61,11.41,383.8,8.2,2.93,0.141,0.036,0.75,,,Ⅱ
2022-12-31T16:00:00+08:00,1672473600,7.3,7.65,11.34,380.1,8.2,3.03,0.15,0.036,0.76,,,Ⅱ
2022-12-31T20:00:00+08:00,1672488000,7.0,7.61,11.13,383.0,8.0,3.02,0.166,0.038,0.85,,,Ⅱ
2023-01-01T00:00:00+08:00,1672502400,6.8,7.56,11.02,383.8,8.8,3.02,0.166,0.038,0.85,,,Ⅱ
2023-01-01T04:00:00+08:00,1672516800,6.9,7.53,10.92,385.3,7.9,3.02,0.168,0.038,0.84,,,Ⅱ
2023-01-01T08:00:00+08:00,1672531200,7.0,7.5,10.7,386.0,8.3,2.86,0.173,0.039,0.99,,,Ⅱ
2023-01-01T12:00:00+08:00,1672545600,7.1,7.52,10.83,384.7,7.9,2.97,0.171,0.039,0.91,,,Ⅱ
2023-01-01T16:00:00+08:00,1672560000,7.3,7.56,10.88,383.5,7.9,2.96,0.174,0.039,0.93,,,Ⅱ
2023-01-01T20:00:00+08:00,1672574400,7.3,7.51,10.64,384.0,8.5,3.0,0.181,0.044,0.87,,,Ⅱ
2023-01-02T00:00:00+08:00,1672588800,7.3,7.49,10.5,384.5,8.8,3.0,0.181,0.044,0.87,,,Ⅱ
2023-01-02T04:00:00+08:00,1672603200,7.3,7.46,10.36,384.5,9.2,3.05,0.179,0.044,0.89,,,Ⅱ
2023-01-02T08:00:00+08:00,1672617600,7.2,7.44,10.25,385.0,8.4,2.9,0.178,0.044,0.95,,,Ⅱ
2023-01-02T12:00:00+08:00,1672632000,7.4,7.41,10.03,386.1,8.6,3.07,0.295,0.052,1.08,,,Ⅱ
2023-01-02T16:00:00+08:00,1672646400,7.6,7.34,9.42,389.8,9.2,3.32,0.56,0.072,1.42,,,Ⅲ
2023-01-02T20:00:00+08:00,1672660800,7.7,7.3,8.94,385.5,9.2,3.33,0.591,0.074,1.52,,,Ⅲ
2023-01-03T00:00:00+08:00,1672675200,7.4,7.38,9.81,386.2,9.3,3.33,0.591,0.074,1.52,,,Ⅲ
2023-01-03T04:00:00+08:00,1672689600,7.4,7.37,9.64,388.0,10.3,3.18,0.245,0.054,1.03,,,Ⅱ
2023-01-03T08:00:00+08:00,1672704000,7.4,7.34,9.45,388.4,9.3,3.18,0.245,0.054,1.03,,,Ⅱ
2023-01-03T12:00:00+08:00,1672718400,7.8,7.34,9.49,389.3,8.6,3.18,0.335,0.058,1.14,,,Ⅱ
2023-01-03T16:00:00+08:00,1672732800,8.4,7.19,7.85,396.6,9.8,3.7,0.935,0.106,2.0,,,Ⅲ
2023-01-03T20:00:00+08:00,1672747200,8.1,7.21,8.15,396.7,10.2,3.5,0.738,0.094,1.73,,,Ⅲ
2023-01-04T00:00:00+08:00,1672761600,7.7,7.3,9.06,392.9,12.1,3.5,0.738,0.094,1.73,,,Ⅲ
2023-01-04T04:00:00+08:00,1672776000,7.4,7.3,9.07,394.5,10.5,3.27,0.331,0.064,1.26,,,Ⅱ
2023-01-04T08:00:00+08:00,1672790400,7.1,7.4,9.95,391.9,9.3,3.16,0.248,0.058,1.25,,,Ⅱ
2023-01-04T12:00:00+08:00,1672804800,7.9,7.43,9.96,390.3,8.7,3.15,0.266,0.054,1.12,,,Ⅱ
2023-01-04T16:00:00+08:00,1672819200,8.5,7.51,10.31,388.0,9.2,3.33,0.27,0.057,1.15,,,Ⅱ
2023-01-04T20:00:00+08:00,1672833600,8.1,7.54,10.46,389.4,8.9,3.38,0.277,0.06,1.25,,,Ⅱ
2023-01-05T00:00:00+08:00,1672848000,7.8,7.48,10.2,391.1,10.8,3.38,0.277,0.06,1.25,,,Ⅱ
2023-01-05T04:00:00+08:00,1672862400,7.8,7.47,10.19,391.5,10.2,3.4,0.29,0.061,1.28,,,Ⅱ
2023-01-05T08:00:00+08:00,1672876800,7.9,7.41,9.73,391.5,9.9,3.28,0.294,0.061,1.3,,,Ⅱ
2023-01-05T12:00:00+08:00,1672891200,8.3,7.45,9.85,389.9,11.1,3.36,0.3,0.061,1.27,,,Ⅱ
2023-01-05T16:00:00+08:00,1672905600,9.1,7.26,8.46,395.0,10.4,3.65,0.638,0.089,1.73,,,Ⅲ
2023-01-05T20:00:00+08:00,1672920000,8.7,7.35,9.19,393.0,11.1,3.48,0.404,0.071,1.42,,,Ⅱ
2023-01-06T00:00:00+08:00,1672934400,8.8,7.32,8.93,393.5,11.3,3.49,0.428,0.075,1.45,,,Ⅱ
2023-01-06T04:00:00+08:00,1672948800,8.6,7.29,8.68,394.6,9.8,3.52,0.419,0.074,1.48,,,Ⅱ
2023-01-06T08:00:00+08:00,1672963200,8.6,7.23,8.23,397.0,10.9,3.45,0.513,0.084,1.68,,,Ⅲ
2023-01-06T12:00:00+08:00,1672977600,9.1,7.18,7.59,406.6,8.5,4.11,0.989,0.126,2.32,,,Ⅲ
2023-01-06T16:00:00+08:00,1672992000,9.5,7.3,8.56,400.0,9.8,4.15,0.761,0.106,1.95,,,Ⅲ
2023-01-06T20:00:00+08:00,1673006400,9.4,7.24,8.08,403.3,10.2,4.26,0.841,0.114,2.11,,,Ⅲ
2023-01-07T00:00:00+08:00,1673020800,9.2,7.24,8.13,400.9,11.7,4.15,0.702,0.103,1.9,,,Ⅲ
2023-01-07T04:00:00+08:00,1673035200,8.9,7.2,7.78,404.3,11.6,4.05,0.736,0.107,2.0,,,Ⅲ
2023-01-07T08:00:00+08:00,1673049600,8.4,7.32,8.97,398.6,9.9,3.63,0.432,0.161,1.7,,,Ⅲ
2023-01-07T12:00:00+08:00,1673064000,9.3,7.34,8.97,401.6,8.5,3.74,0.575,0.086,1.77,,,Ⅲ
2023-01-07T16:00:00+08:00,1673078400,9.4,7.46,9.69,394.2,9.7,3.88,0.401,0.072,1.53,,,Ⅱ
2023-01-07T20:00:00+08:00,1673092800,9.1,7.53,10.12,393.8,10.1,3.9,0.343,0.073,1.55,,,Ⅱ
2023-01-08T00:00:00+08:00,1673107200,8.9,7.55,10.38,394.7,9.8,3.92,0.33,0.074,1.55,,,Ⅱ
2023-01-08T04:00:00+08:00,1673121600,8.7,7.61,10.76,397.0,8.9,3.98,0.329,0.074,1.6,,,Ⅱ
2023-01-08T08:00:00+08:00,1673136000,8.6,7.55,10.45,398.1,9.3,3.79,0.335,0.071,1.62,,,Ⅱ
2023-01-08T12:00:00+08:00,1673150400,9.1,7.62,10.71,395.9,8.5,3.79,0.332,0.065,1.54,,,Ⅱ
2023-01-08T16:00:00+08:00,1673164800,10.4,7.52,10.14,397.7,8.5,4.25,0.617,0.092,1.92,,,Ⅲ
2023-01-08T20:00:00+08:00,1673179200,9.6,7.58,10.37,396.2,11.3,3.99,0.392,0.072,1.64,,,Ⅱ
2023-01-09T00:00:00+08:00,1673193600,9.3,7.5,10.05,399.9,9.7,4.02,0.439,0.078,1.7,,,Ⅲ
2023-01-09T04:00:00+08:00,1673208000,9.2,7.5,10.09,401.0,8.0,3.83,0.379,0.069,1.58,,,Ⅱ
2023-01-09T08:00:00+08:00,1673222400,8.9,7.5,10.07,400.8,7.8,3.86,0.378,0.071,1.69,,,Ⅱ
2023-01-09T12:00:00+08:00,1673236800,9.6,7.45,9.57,400.6,7.4,4.12,0.459,0.076,1.72,,,Ⅲ
2023-01-09T16:00:00+08:00,1673251200,10.3,7.63,10.54,399.6,8.3,4.31,0.479,0.082,1.78,,,Ⅲ
2023-01-09T20:00:00+08:00,1673265600,10.0,7.77,11.35,397.7,9.8,4.18,0.335,0.071,1.7,,,Ⅲ
2023-01-10T00:00:00+08:00,1673280000,9.9,7.73,11.16,400.1,9.3,4.16,0.347,0.07,1.67,,,Ⅲ
2023-01-10T08:00:00+08:00,1673308800,9.6,7.58,10.42,402.7,9.1,4.18,0.358,0.068,1.69,,,Ⅲ
2023-01-10T12:00:00+08:00,1673323200,9.9,7.65,10.7,402.3,7.8,3.81,0.36,0.068,1.74,,,Ⅱ
2023-01-10T16:00:00+08:00,1673337600,10.6,7.8,11.35,401.1,9.2,4.06,0.348,0.066,1.66,,,Ⅲ
2023-01-10T20:00:00+08:00,1673352000,10.3,7.67,10.65,404.9,9.5,4.32,0.408,0.076,1.8,,,Ⅲ
2023-01-11T00:00:00+08:00,1673366400,10.0,7.61,10.41,405.2,9.8,4.55,0.488,0.082,1.92,,,Ⅲ
2023-01-11T04:00:00+08:00,1673380800,9.7,7.63,10.67,407.4,8.8,4.28,0.386,0.071,1.74,,,Ⅲ
2023-01-11T08:00:00+08:00,1673395200,9.6,7.62,10.63,407.1,9.3,4.25,0.372,0.071,1.83,,,Ⅲ
2023-01-11T12:00:00+08:00,1673409600,10.0,7.6,10.4,405.6,9.6,4.02,0.37,0.071,1.89,,,Ⅲ
2023-01-11T16:00:00+08:00,1673424000,10.6,7.95,11.94,404.4,8.6,3.92,0.37,0.058,1.71,,,Ⅱ
2023-01-11T20:00:00+08:00,1673438400,10.5,7.7,10.81,405.4,10.8,4.36,0.367,0.067,1.78,,,Ⅲ
2023-01-12T00:00:00+08:00,1673452800,10.5,7.7,10.84,405.8,9.1,4.35,0.448,0.078,1.91,,,Ⅲ
2023-01-12T04:00:00+08:00,1673467200,10.5,7.57,10.15,406.8,11.0,4.25,0.396,0.071,1.82,,,Ⅲ
2023-01-12T08:00:00+08:00,1673481600,10.4,7.53,9.88,407.7,9.8,4.29,0.459,0.081,1.94,,,Ⅲ
2023-01-12T12:00:00+08:00,1673496000,10.6,7.63,10.42,406.1,9.8,4.18,0.442,0.079,1.92,,,Ⅲ
2023-01-12T16:00:00+08:00,1673510400,11.2,7.79,11.14,404.9,9.2,4.21,0.443,0.068,1.89,,,Ⅲ
2023-01-12T20:00:00+08:00,1673524800,11.5,7.7,10.73,405.5,12.3,4.16,0.401,0.064,1.8,,,Ⅲ
2023-01-13T00:00:00+08:00,1673539200,11.3,7.63,10.34,405.2,8.7,4.29,0.399,0.072,1.95,,,Ⅲ
2023-01-13T04:00:00+08:00,1673553600,11.8,7.49,9.45,402.4,9.9,4.22,0.423,0.07,1.91,,,Ⅲ
2023-01-13T08:00:00+08:00,1673568000,11.8,7.55,10.01,397.9,9.6,4.29,0.442,0.069,1.87,,,Ⅲ
2023-01-13T12:00:00+08:00,1673582400,12.1,7.45,9.74,393.2,11.2,3.97,0.409,0.149,1.82,,,Ⅲ
2023-01-13T16:00:00+08:00,1673596800,11.9,7.36,9.07,397.9,10.6,4.21,0.47,0.149,1.86,,,Ⅲ
2023-01-13T20:00:00+08:00,1673611200,12.4,7.37,9.04,395.0,12.6,4.08,0.476,0.072,1.88,,,Ⅲ
2023-01-14T00:00:00+08:00,1673625600,12.5,7.3,8.69,395.3,12.6,4.27,0.507,0.09,2.14,,,Ⅲ
2023-01-14T04:00:00+08:00,1673640000,12.4,7.21,7.97,397.6,13.6,4.57,0.602,0.102,2.39,,,Ⅲ
2023-01-14T08:00:00+08:00,1673654400,12.3,7.18,7.58,394.8,10.5,4.69,0.648,0.102,2.42,,,Ⅲ
2023-01-14T12:00:00+08:00,1673668800,12.3,7.16,7.34,389.9,11.8,4.54,0.694,0.11,2.63,,,Ⅲ
2023-01-14T16:00:00+08:00,1673683200,12.2,7.18,7.41,392.4,11.9,4.43,0.774,0.112,2.62,,,Ⅲ
2023-01-14T20:00:00+08:00,1673697600,11.9,7.17,7.11,390.8,16.9,4.39,0.955,0.107,2.75,,,Ⅲ
2023-01-15T00:00:00+08:00,1673712000,11.4,7.13,6.49,400.7,14.7,4.62,0.97,0.133,3.01,,,Ⅲ
2023-01-15T04:00:00+08:00,1673726400,11.1,7.12,6.26,403.3,13.1,4.66,0.979,0.127,3.0,,,Ⅲ
2023-01-15T08:00:00+08:00,1673740800,10.7,7.09,6.0,408.1,15.1,4.64,0.997,0.122,3.03,,,Ⅲ
2023-01-15T12:00:00+08:00,1673755200,10.4,7.07,5.97,403.9,14.0,4.54,1.118,0.139,3.58,,,Ⅳ
2023-01-15T16:00:00+08:00,1673769600,10.1,7.05,5.84,403.1,12.8,4.6,1.032,0.131,3.16,,,Ⅳ
2023-01-15T20:00:00+08:00,1673784000,9.8,7.05,5.77,403.9,12.5,4.51,1.009,0.122,3.03,,,Ⅳ
2023-01-16T00:00:00+08:00,1673798400,9.4,6.96,4.56,410.4,10.1,4.5,1.009,0.125,3.07,,,Ⅳ
2023-01-16T04:00:00+08:00,1673812800,9.2,6.96,4.55,412.4,10.2,4.73,1.886,0.181,4.38,,,Ⅴ
2023-01-16T12:00:00+08:00,1673841600,8.9,7.17,7.65,395.1,9.9,4.31,1.526,0.148,3.78,,,Ⅴ
2023-01-16T16:00:00+08:00,1673856000,9.4,7.19,7.66,397.5,10.3,3.78,0.948,0.104,2.42,,,Ⅲ
2023-01-16T20:00:00+08:00,1673870400,9.1,7.23,8.19,397.4,10.9,3.8,0.962,0.102,2.35,,,Ⅲ
2023-01-17T00:00:00+08:00,1673884800,8.6,7.34,9.37,394.5,9.9,3.68,0.805,0.092,2.12,,,Ⅲ
2023-01-17T04:00:00+08:00,1673899200,8.4,7.26,8.67,396.4,9.0,3.47,0.525,0.075,1.56,,,Ⅲ
2023-01-17T08:00:00+08:00,1673913600,8.4,7.26,8.61,395.9,9.0,3.53,0.61,0.074,1.74,,,Ⅲ
2023-01-17T12:00:00+08:00,1673928000,8.7,7.26,8.53,396.4,8.5,3.37,0.58,0.072,1.77,,,Ⅲ
2023-01-17T16:00:00+08:00,1673942400,9.3,7.31,8.81,395.1,8.4,3.37,0.594,0.071,1.73,,,Ⅲ
2023-01-17T20:00:00+08:00,1673956800,8.7,7.29,8.57,394.3,9.7,3.47,0.607,0.073,1.74,,,Ⅲ
2023-01-18T00:00:00+08:00,1673971200,8.6,7.26,8.28,396.0,9.3,3.49,0.567,0.071,1.68,,,Ⅲ
2023-01-18T04:00:00+08:00,1673985600,8.3,7.23,8.14,398.3,8.5,3.42,0.546,0.069,1.64,,,Ⅲ
2023-01-18T08:00:00+08:00,1674000000,8.4,7.14,7.26,403.7,8.2,3.37,0.589,0.069,1.78,,,Ⅲ
2023-01-18T12:00:00+08:00,1674014400,8.8,7.07,6.22,412.8,11.8,3.49,0.839,0.069,2.21,,,Ⅲ
2023-01-18T16:00:00+08:00,1674028800,9.1,7.1,6.6,407.4,11.0,3.88,1.331,0.069,2.9,,,Ⅳ
2023-01-18T20:00:00+08:00,1674043200,8.8,7.31,8.69,395.9,9.3,3.88,1.165,0.112,2.61,,,Ⅳ
2023-01-19T00:00:00+08:00,1674057600,8.3,7.31,8.88,396.9,9.4,3.49,0.579,0.075,1.78,,,Ⅲ
2023-01-19T04:00:00+08:00,1674072000,8.1,7.32,9.14,397.5,9.2,3.32,0.492,0.072,1.52,,,Ⅱ
2023-01-19T08:00:00+08:00,1674086400,7.9,7.34,9.2,397.6,9.2,3.34,0.489,0.068,1.52,,,Ⅱ
2023-01-28T08:00:00+08:00,1674864000,6.1,7.25,8.32,403.6,7.7,3.26,0.537,0.086,1.83,,,Ⅲ
2023-01-28T12:00:00+08:00,1674878400,6.4,7.33,8.86,402.9,7.8,3.02,0.524,0.08,1.74,,,Ⅲ
2023-01-28T16:00:00+08:00,1674892800,7.0,7.33,8.83,400.2,8.3,3.02,0.524,0.08,1.74,,,Ⅲ
2023-01-28T20:00:00+08:00,1674907200,6.5,7.25,8.2,401.7,8.0,3.27,0.518,0.084,1.79,,,Ⅲ
2023-01-29T00:00:00+08:00,1674921600,6.4,7.21,7.87,404.5,7.7,3.34,0.533,0.091,1.92,,,Ⅲ
2023-01-29T04:00:00+08:00,1674936000,6.1,7.2,7.85,405.0,7.7,3.35,0.536,0.093,1.95,,,Ⅲ
2023-01-29T08:00:00+08:00,1674950400,5.9,7.17,7.64,406.1,6.8,3.21,0.527,0.091,2.0,,,Ⅲ
2023-01-29T12:00:00+08:00,1674964800,6.5,7.21,7.81,403.2,7.5,3.21,0.527,0.091,2.0,,,Ⅲ
2023-01-29T16:00:00+08:00,1674979200,7.3,7.24,8.0,399.0,8.3,3.37,0.536,0.095,1.94,,,Ⅲ
2023-01-29T20:00:00+08:00,1674993600,7.0,7.21,7.67,401.2,7.8,3.37,0.502,0.094,1.88,,,Ⅲ
2023-01-30T04:00:00+08:00,1675022400,6.2,7.12,7.03,404.9,7.5,3.53,0.506,0.102,1.97,,,Ⅲ
2023-01-30T08:00:00+08:00,1675036800,6.0,7.1,6.89,405.9,6.9,3.18,0.505,0.101,2.02,,,Ⅲ
2023-01-30T12:00:00+08:00,1675051200,6.7,7.13,7.2,404.0,6.6,3.49,0.5,0.104,1.99,,,Ⅲ
2023-01-30T16:00:00+08:00,1675065600,7.6,7.18,7.36,400.3,8.0,3.55,0.519,0.105,2.04,,,Ⅲ
2023-01-30T20:00:00+08:00,1675080000,7.3,7.14,6.91,402.6,9.6,3.7,0.536,0.112,2.13,,,Ⅲ
2023-01-31T00:00:00+08:00,1675094400,7.0,7.09,6.56,404.2,7.6,3.7,0.536,0.112,2.13,,,Ⅲ
2023-01-31T04:00:00+08:00,1675108800,6.9,7.07,6.37,406.4,7.9,3.98,0.559,0.127,2.21,,,Ⅲ
2023-01-31T08:00:00+08:00,1675123200,6.8,7.05,6.16,408.1,8.0,3.76,0.552,0.12,2.27,,,Ⅲ
2023-01-31T12:00:00+08:00,1675137600,7.8,7.1,6.43,405.4,6.9,3.68,0.548,0.109,2.11,,,Ⅲ
2023-01-31T16:00:00+08:00,1675152000,8.6,7.15,6.97,403.1,8.3,3.62,0.608,0.104,2.11,,,Ⅲ
2023-01-31T20:00:00+08:00,1675166400,8.7,7.14,6.79,406.9,10.8,3.59,0.746,0.112,2.29,,,Ⅲ
2023-02-01T00:00:00+08:00,1675180800,7.8,7.09,6.3,407.6,8.4,3.59,0.746,0.112,2.29,,,Ⅲ
2023-02-01T04:00:00+08:00,1675195200,7.6,7.07,6.08,409.2,9.7,3.72,0.61,0.109,2.19,,,Ⅲ
2023-02-01T08:00:00+08:00,1675209600,7.6,7.08,5.98,410.6,8.1,3.55,0.639,0.104,2.21,,,Ⅲ
2023-02-01T12:00:00+08:00,1675224000,8.4,7.11,6.38,406.6,8.5,3.58,0.657,0.101,2.16,,,Ⅲ
2023-02-01T16:00:00+08:00,1675238400,8.7,7.09,6.17,400.5,9.0,4.46,0.603,0.127,2.32,,,Ⅲ
2023-02-01T20:00:00+08:00,1675252800,8.6,7.13,6.76,404.2,9.7,4.42,0.605,0.142,2.34,,,Ⅲ
2023-02-02T00:00:00+08:00,1675267200,8.4,7.18,7.48,404.0,10.2,4.42,0.605,0.142,2.34,,,Ⅲ
2023-02-02T04:00:00+08:00,1675281600,8.0,7.26,8.26,403.1,7.8,3.95,0.458,0.098,1.88,,,Ⅱ
2023-02-02T08:00:00+08:00,1675296000,8.0,7.16,7.31,405.5,8.5,3.74,0.503,0.107,2.08,,,Ⅲ
2023-02-02T12:00:00+08:00,1675310400,8.0,7.14,7.07,406.0,8.9,3.78,0.501,0.103,2.0,,,Ⅲ
2023-02-02T16:00:00+08:00,1675324800,8.2,7.13,6.77,405.6,8.1,3.84,0.506,0.097,1.97,,,Ⅲ
2023-02-02T20:00:00+08:00,1675339200,8.0,7.19,7.38,404.1,9.3,3.69,0.447,0.09,1.89,,,Ⅱ
2023-02-03T00:00:00+08:00,1675353600,7.8,7.2,7.62,403.9,8.7,3.69,0.447,0.09,1.89,,,Ⅱ
2023-02-03T04:00:00+08:00,1675368000,7.7,7.22,7.76,404.1,7.7,3.52,0.396,0.078,1.74,,,Ⅱ
2023-02-03T08:00:00+08:00,1675382400,7.7,7.17,7.13,405.2,7.8,3.29,0.415,0.079,1.83,,,Ⅱ
2023-02-03T12:00:00+08:00,1675396800,7.9,7.18,7.13,405.2,7.3,3.38,0.432,0.078,1.76,,,Ⅱ
2023-02-03T16:00:00+08:00,1675411200,8.5,7.11,6.14,413.1,8.3,3.38,0.432,0.078,1.76,,,Ⅱ
2023-02-03T20:00:00+08:00,1675425600,8.1,7.17,6.92,407.3,9.2,3.51,0.503,0.085,1.93,,,Ⅲ
2023-02-04T00:00:00+08:00,1675440000,7.9,7.14,6.65,408.9,8.6,3.51,0.503,0.085,1.93,,,Ⅲ
2023-02-04T04:00:00+08:00,1675454400,7.6,7.14,6.67,409.3,7.8,3.52,0.457,0.087,1.9,,,Ⅱ
2023-02-04T08:00:00+08:00,1675468800,7.8,7.05,5.63,412.4,9.4,3.89,0.56,0.121,2.3,,,Ⅲ
2023-02-04T12:00:00+08:00,1675483200,8.3,7.08,5.81,411.5,7.3,3.78,0.56,0.103,2.12,,,Ⅲ
2023-02-04T16:00:00+08:00,1675497600,8.7,7.15,6.55,410.7,7.9,3.63,0.596,0.087,2.01,,,Ⅲ
2023-02-04T20:00:00+08:00,1675512000,8.5,7.13,6.19,411.5,7.6,3.56,0.606,0.091,2.05,,,Ⅲ
2023-02-05T00:00:00+08:00,1675526400,8.2,7.04,5.28,414.2,8.1,3.56,0.606,0.091,2.05,,,Ⅲ
2023-02-05T04:00:00+08:00,1675540800,8.2,7.02,5.07,414.6,7.8,4.13,0.623,0.132,2.34,,,Ⅲ
2023-02-05T08:00:00+08:00,1675555200,8.2,7.02,5.11,414.2,7.7,4.13,0.623,0.132,2.34,,,Ⅲ
2023-02-05T12:00:00+08:00,1675569600,8.5,7.06,5.59,412.5,7.2,3.89,0.589,0.111,2.14,,,Ⅲ
2023-02-05T16:00:00+08:00,1675584000,8.6,7.11,5.96,413.1,7.6,3.87,0.59,0.106,2.09,,,Ⅲ
2023-02-05T20:00:00+08:00,1675598400,8.6,7.03,4.92,417.4,8.8,3.93,0.842,0.112,2.37,,,Ⅳ
2023-02-06T00:00:00+08:00,1675612800,8.6,7.01,4.38,419.7,8.1,3.93,0.842,0.112,2.37,,,Ⅳ
2023-02-06T04:00:00+08:00,1675627200,8.6,6.98,4.06,421.4,7.4,3.79,1.122,0.119,2.61,,,Ⅳ
2023-02-06T08:00:00+08:00,1675641600,8.8,6.98,3.93,422.2,6.6,3.62,1.047,0.114,2.58,,,Ⅳ
2023-02-06T12:00:00+08:00,1675656000,8.8,7.02,4.69,426.5,7.6,3.69,1.31,0.125,2.88,,,Ⅳ
2023-02-06T16:00:00+08:00,1675670400,8.9,7.1,5.43,429.9,8.3,3.9,1.434,0.132,3.12,,,Ⅳ
2023-02-06T20:00:00+08:00,1675684800,8.9,7.06,4.9,429.3,7.5,3.76,1.357,0.121,2.93,,,Ⅳ
2023-02-07T00:00:00+08:00,1675699200,9.0,7.02,4.44,426.6,6.7,3.76,1.357,0.121,2.93,,,Ⅳ
2023-02-07T04:00:00+08:00,1675713600,9.0,7.0,4.17,423.2,7.1,3.66,1.104,0.112,2.57,,,Ⅳ
2023-02-07T08:00:00+08:00,1675728000,9.0,7.01,4.38,421.2,6.3,3.58,0.982,0.107,2.47,,,Ⅳ
2023-02-07T12:00:00+08:00,1675742400,9.0,7.03,4.8,423.4,5.8,3.53,0.902,0.098,2.46,,,Ⅳ
2023-02-07T16:00:00+08:00,1675756800,9.6,7.11,5.53,420.5,6.7,3.61,0.909,0.105,2.36,,,Ⅲ
2023-02-07T20:00:00+08:00,1675771200,9.5,7.34,8.3,407.9,8.6,3.38,0.395,0.076,1.58,,,Ⅱ
2023-02-08T00:00:00+08:00,1675785600,9.4,7.43,8.84,420.6,8.3,3.38,0.395,0.076,1.58,,,Ⅱ
2023-02-08T04:00:00+08:00,1675800000,9.3,7.48,9.26,414.4,10.5,3.48,0.774,0.102,1.98,,,Ⅲ
2023-02-08T08:00:00+08:00,1675814400,9.1,7.52,9.87,399.7,10.1,3.03,0.432,0.077,1.44,,,Ⅱ
2023-02-08T12:00:00+08:00,1675828800,9.1,7.59,10.16,393.5,10.4,2.99,0.298,0.067,1.22,,,Ⅱ
2023-02-08T16:00:00+08:00,1675843200,9.1,7.63,10.3,390.5,11.2,2.96,0.277,0.063,1.13,,,Ⅱ
2023-02-08T20:00:00+08:00,1675857600,9.0,7.61,10.28,389.6,12.4,3.02,0.271,0.065,1.1,,,Ⅱ
2023-02-09T00:00:00+08:00,1675872000,8.9,7.58,10.21,390.2,10.0,3.02,0.271,0.065,1.1,,,Ⅱ
2023-02-09T04:00:00+08:00,1675886400,8.8,7.56,9.98,390.5,10.0,2.83,0.274,0.059,1.12,,,Ⅱ
2023-02-09T12:00:00+08:00,1675915200,8.9,7.57,10.14,387.7,10.8,2.86,0.285,0.06,1.24,,,Ⅱ
2023-02-09T16:00:00+08:00,1675929600,9.0,7.58,10.14,385.4,10.7,2.98,0.325,0.063,1.22,,,Ⅱ
2023-02-09T20:00:00+08:00,1675944000,9.0,7.52,9.81,387.1,9.9,2.89,0.406,0.07,1.32,,,Ⅱ
2023-02-10T00:00:00+08:00,1675958400,9.1,7.47,9.58,388.4,10.1,2.89,0.406,0.07,1.32,,,Ⅱ
2023-02-10T04:00:00+08:00,1675972800,9.2,7.42,9.28,389.2,10.7,3.11,0.603,0.084,1.6,,,Ⅲ
2023-02-10T08:00:00+08:00,1675987200,9.1,7.39,9.08,389.0,10.6,2.94,0.61,0.082,1.72,,,Ⅲ
2023-02-10T12:00:00+08:00,1676001600,9.2,7.42,9.3,393.1,9.8,2.94,0.523,0.077,1.57,,,Ⅲ
2023-02-10T16:00:00+08:00,1676016000,9.5,7.41,9.19,393.6,9.6,3.0,0.517,0.076,1.62,,,Ⅲ
2023-02-10T20:00:00+08:00,1676030400,9.3,7.43,9.09,400.1,9.4,3.06,0.546,0.08,1.68,,,Ⅲ
2023-02-11T00:00:00+08:00,1676044800,9.2,7.39,9.02,399.8,9.0,3.06,0.546,0.08,1.68,,,Ⅲ
2023-02-11T04:00:00+08:00,1676059200,9.2,7.37,8.97,397.6,8.9,3.0,0.533,0.075,1.68,,,Ⅲ
2023-02-11T08:00:00+08:00,1676073600,9.2,7.34,8.71,398.5,8.1,2.96,0.533,0.074,1.71,,,Ⅲ
2023-02-11T12:00:00+08:00,1676088000,9.3,7.31,8.5,399.5,8.3,2.94,0.532,0.069,1.64,,,Ⅲ
2023-02-11T16:00:00+08:00,1676102400,9.4,7.32,8.53,398.5,9.0,2.96,0.539,0.074,1.71,,,Ⅲ
2023-02-11T20:00:00+08:00,1676116800,9.4,7.31,8.69,403.8,9.2,3.14,0.635,0.087,1.81,,,Ⅲ
2023-02-12T00:00:00+08:00,1676131200,9.4,7.28,8.42,405.9,8.9,3.14,0.635,0.087,1.81,,,Ⅲ
2023-02-12T04:00:00+08:00,1676145600,9.4,7.27,8.24,403.9,8.0,3.09,0.675,0.086,1.9,,,Ⅲ
2023-02-12T08:00:00+08:00,1676160000,9.6,7.3,8.41,402.3,8.7,3.03,0.718,0.09,2.01,,,Ⅲ
2023-02-12T12:00:00+08:00,1676174400,9.8,7.3,8.3,401.4,8.7,3.05,0.723,0.09,1.97,,,Ⅲ
2023-02-12T16:00:00+08:00,1676188800,10.0,7.26,8.04,399.0,8.7,2.97,0.708,0.088,1.99,,,Ⅲ
2023-02-12T20:00:00+08:00,1676203200,10.2,7.24,7.84,399.9,10.0,3.21,0.873,0.102,2.24,,,Ⅲ
2023-02-13T00:00:00+08:00,1676217600,10.2,7.23,7.86,396.3,10.3,3.21,0.873,0.102,2.24,,,Ⅲ
2023-02-13T04:00:00+08:00,1676232000,10.2,7.24,8.14,391.9,9.5,3.12,0.884,0.107,2.29,,,Ⅲ
2023-02-13T08:00:00+08:00,1676246400,10.2,7.2,7.6,388.2,9.3,3.1,1.033,0.117,2.63,,,Ⅳ
2023-02-13T12:00:00+08:00,1676260800,10.2,7.18,7.43,389.2,10.2,3.14,1.016,0.12,2.62,,,Ⅳ
2023-02-13T20:00:00+08:00,1676289600,10.0,7.18,7.64,392.4,11.7,3.23,1.061,0.126,2.78,,,Ⅳ
2023-02-14T00:00:00+08:00,1676304000,9.7,7.17,7.47,403.5,9.5,3.23,1.061,0.126,2.78,,,Ⅳ
2023-02-14T04:00:00+08:00,1676318400,9.6,7.16,7.02,410.2,9.4,3.19,1.1,0.126,2.89,,,Ⅳ
2023-02-14T08:00:00+08:00,1676332800,9.3,7.16,7.23,408.7,8.8,3.06,1.084,0.122,2.88,,,Ⅳ
2023-02-14T12:00:00+08:00,1676347200,9.7,7.18,7.44,400.6,9.0,3.05,1.061,0.117,2.66,,,Ⅳ
2023-02-14T16:00:00+08:00,1676361600,10.2,7.2,7.67,409.2,10.4,3.28,1.129,0.124,2.84,,,Ⅳ
2023-02-14T20:00:00+08:00,1676376000,10.0,7.24,7.82,415.8,9.8,3.15,1.03,0.115,2.65,,,Ⅳ
2023-02-15T00:00:00+08:00,1676390400,9.5,7.28,8.32,411.2,8.7,3.15,1.03,0.115,2.65,,,Ⅳ
2023-02-15T04:00:00+08:00,1676404800,9.2,7.27,8.32,411.2,7.8,3.02,0.864,0.1,2.28,,,Ⅲ
2023-02-15T08:00:00+08:00,1676419200,9.0,7.23,7.91,410.8,7.1,2.96,0.906,0.1,2.42,,,Ⅲ
2023-02-15T12:00:00+08:00,1676433600,9.5,7.28,8.34,408.7,7.7,3.04,0.903,0.103,2.33,,,Ⅲ
2023-02-15T16:00:00+08:00,1676448000,9.9,7.39,9.15,407.0,8.7,3.02,0.752,0.092,2.03,,,Ⅲ
2023-02-15T20:00:00+08:00,1676462400,9.8,7.39,9.16,408.9,7.9,2.98,0.717,0.087,2.02,,,Ⅲ
2023-02-16T00:00:00+08:00,1676476800,9.5,7.38,9.04,416.0,7.7,2.98,0.717,0.087,2.02,,,Ⅲ
2023-02-16T04:00:00+08:00,1676491200,9.1,7.35,8.85,418.9,7.6,3.04,0.843,0.092,2.19,,,Ⅲ
2023-02-16T08:00:00+08:00,1676505600,8.9,7.35,8.82,416.5,8.1,2.94,0.79,0.09,2.19,,,Ⅲ
2023-02-16T12:00:00+08:00,1676520000,9.3,7.38,9.07,411.0,8.8,2.98,0.729,0.087,1.97,,,Ⅲ
2023-02-16T16:00:00+08:00,1676534400,9.9,7.49,9.69,405.5,8.8,3.03,0.59,0.079,1.77,,,Ⅲ
2023-02-16T20:00:00+08:00,1676548800,9.8,7.47,9.62,407.3,9.1,2.99,0.569,0.075,1.75,,,Ⅲ
2023-02-17T00:00:00+08:00,1676563200,9.7,7.46,9.52,407.5,8.9,2.99,0.569,0.075,1.75,,,Ⅲ
2023-02-17T04:00:00+08:00,1676577600,9.5,7.45,9.47,406.7,8.7,2.94,0.544,0.072,1.7,,,Ⅲ
2023-02-17T08:00:00+08:00,1676592000,9.5,7.42,9.21,406.5,7.7,2.86,0.545,0.073,1.73,,,Ⅲ
2023-02-17T12:00:00+08:00,1676606400,9.7,7.42,9.28,406.9,8.4,2.9,0.569,0.073,1.73,,,Ⅲ
2023-02-17T16:00:00+08:00,1676620800,9.9,7.56,10.2,401.7,8.4,3.07,0.42,0.069,1.47,,,Ⅱ
2023-02-17T20:00:00+08:00,1676635200,9.9,7.56,10.12,401.2,8.5,2.85,0.342,0.063,1.37,,,Ⅱ
2023-02-18T00:00:00+08:00,1676649600,9.8,7.52,9.97,400.9,9.3,2.85,0.342,0.063,1.37,,,Ⅱ
2023-02-18T04:00:00+08:00,1676664000,9.9,7.49,9.69,401.2,8.1,2.86,0.354,0.062,1.39,,,Ⅱ
2023-02-18T08:00:00+08:00,1676678400,9.9,7.48,9.66,400.7,9.8,2.87,0.337,0.065,1.45,,,Ⅱ
2023-02-18T12:00:00+08:00,1676692800,10.3,7.57,10.07,397.0,10.7,2.81,0.307,0.06,1.29,,,Ⅱ
2023-02-18T16:00:00+08:00,1676707200,10.8,7.68,10.69,394.6,9.5,2.86,0.236,0.057,1.19,,,Ⅱ
2023-02-18T20:00:00+08:00,1676721600,10.8,7.61,10.38,395.0,11.2,2.83,0.239,0.058,1.2,,,Ⅱ
2023-02-19T00:00:00+08:00,1676736000,10.8,7.56,10.03,395.9,10.0,2.83,0.239,0.058,1.2,,,Ⅱ
2023-02-19T04:00:00+08:00,1676750400,10.7,7.55,9.97,396.2,11.3,2.8,0.242,0.059,1.24,,,Ⅱ
2023-02-19T08:00:00+08:00,1676764800,10.8,7.59,10.16,395.5,11.6,2.85,0.22,0.059,1.26,,,Ⅱ
2023-02-19T12:00:00+08:00,1676779200,10.8,7.68,10.59,394.0,10.7,2.86,0.209,0.059,1.17,,,Ⅱ
2023-02-19T16:00:00+08:00,1676793600,11.1,7.73,10.72,393.5,10.3,2.83,0.208,0.056,1.19,,,Ⅱ
2023-02-19T20:00:00+08:00,1676808000,10.9,7.73,10.85,393.9,11.6,2.88,0.164,0.055,1.1,,,Ⅱ
2023-02-20T00:00:00+08:00,1676822400,10.6,7.71,10.67,393.2,10.1,2.88,0.164,0.055,1.1,,,Ⅱ
2023-02-20T04:00:00+08:00,1676836800,10.3,7.67,10.49,394.3,9.6,2.82,0.171,0.052,1.14,,,Ⅱ
2023-02-20T08:00:00+08:00,1676851200,10.1,7.63,10.3,395.4,9.2,2.72,0.171,0.054,1.19,,,Ⅱ
2023-02-20T12:00:00+08:00,1676865600,10.7,7.67,10.46,393.6,9.8,2.72,0.171,0.054,1.19,,,Ⅱ
2023-02-20T16:00:00+08:00,1676880000,11.1,7.67,10.33,393.9,9.0,2.66,0.181,0.051,1.15,,,Ⅱ
2023-02-20T20:00:00+08:00,1676894400,11.0,7.59,9.84,398.3,9.4,2.76,0.2,0.048,1.16,,,Ⅱ
2023-02-21T00:00:00+08:00,1676908800,10.6,7.57,9.92,396.4,8.9,2.97,0.318,0.069,1.37,,,Ⅱ
2023-02-21T04:00:00+08:00,1676923200,10.3,7.59,9.94,395.9,9.2,2.88,0.225,0.061,1.28,,,Ⅱ
2023-02-21T08:00:00+08:00,1676937600,10.1,7.61,10.12,395.9,8.9,2.78,0.192,0.055,1.21,,,Ⅱ
2023-02-21T12:00:00+08:00,1676952000,10.6,7.56,9.9,398.6,9.7,2.83,0.2,0.058,1.3,,,Ⅱ
2023-02-21T16:00:00+08:00,1676966400,11.2,7.38,8.47,408.9,10.0,3.02,0.271,0.063,1.35,,,Ⅱ
2023-02-21T20:00:00+08:00,1676980800,11.0,7.35,8.12,409.0,9.4,3.23,0.722,0.094,2.07,,,Ⅲ
2023-02-22T00:00:00+08:00,1676995200,10.5,7.38,8.46,405.7,9.2,3.25,0.685,0.094,1.98,,,Ⅲ
2023-02-22T04:00:00+08:00,1677009600,10.3,7.32,8.06,407.9,9.9,3.25,0.685,0.094,1.98,,,Ⅲ
2023-02-22T08:00:00+08:00,1677024000,10.3,7.27,7.39,410.5,9.1,3.15,0.561,0.086,1.85,,,Ⅲ
2023-02-22T12:00:00+08:00,1677038400,10.6,7.35,7.99,411.5,9.7,3.13,0.653,0.09,2.0,,,Ⅲ
2023-02-22T16:00:00+08:00,1677052800,10.8,7.28,7.06,421.3,9.9,3.24,0.773,0.096,2.22,,,Ⅲ
2023-02-22T20:00:00+08:00,1677067200,10.6,7.35,7.77,417.3,9.1,3.58,1.316,0.134,3.07,,,Ⅳ
2023-02-23T00:00:00+08:00,1677081600,10.5,7.25,6.78,419.3,10.1,3.55,0.957,0.112,2.55,,,Ⅲ
2023-02-23T04:00:00+08:00,1677096000,10.3,7.34,7.9,408.4,8.8,3.55,0.957,0.112,2.55,,,Ⅲ
2023-02-23T08:00:00+08:00,1677110400,10.2,7.44,8.82,403.0,8.7,3.18,0.581,0.086,1.96,,,Ⅲ
2023-02-23T12:00:00+08:00,1677124800,10.2,7.43,8.71,405.6,10.0,2.91,0.379,0.074,1.58,,,Ⅱ
2023-02-23T16:00:00+08:00,1677139200,10.3,7.47,8.71,398.4,9.6,3.11,0.508,0.078,1.68,,,Ⅲ
2023-02-23T20:00:00+08:00,1677153600,10.1,7.43,8.5,400.8,9.4,3.11,0.528,0.08,1.72,,,Ⅲ
2023-02-24T00:00:00+08:00,1677168000,10.0,7.47,8.87,400.3,9.6,3.1,0.49,0.078,1.67,,,Ⅱ
2023-02-24T04:00:00+08:00,1677182400,9.8,7.5,9.16,398.0,9.5,3.1,0.49,0.078,1.67,,,Ⅱ
2023-02-24T08:00:00+08:00,1677196800,9.6,7.49,9.1,397.2,8.7,2.92,0.305,0.064,1.35,,,Ⅱ
2023-02-24T12:00:00+08:00,1677211200,9.8,7.54,9.36,395.8,9.1,2.79,0.273,0.06,1.36,,,Ⅱ
2023-02-24T16:00:00+08:00,1677225600,10.5,7.61,9.71,393.1,8.1,2.88,0.256,0.057,1.25,,,Ⅱ
2023-02-24T20:00:00+08:00,1677240000,10.1,7.59,9.64,393.1,8.9,2.76,0.248,0.054,1.21,,,Ⅱ
2023-02-25T00:00:00+08:00,1677254400,10.1,7.59,9.63,393.8,7.7,2.85,0.236,0.055,1.21,,,Ⅱ
2023-02-25T04:00:00+08:00,1677268800,9.9,7.59,9.71,392.1,8.5,2.85,0.236,0.055,1.21,,,Ⅱ
2023-02-25T08:00:00+08:00,1677283200,9.8,7.63,10.05,390.1,7.7,2.92,0.211,0.048,1.16,,,Ⅱ
2023-02-25T12:00:00+08:00,1677297600,10.2,7.66,10.18,390.6,7.9,2.68,0.18,0.046,1.12,,,Ⅱ
2023-02-25T16:00:00+08:00,1677312000,10.7,7.66,10.06,389.8,7.8,2.75,0.189,0.048,1.07,,,Ⅱ
2023-02-25T20:00:00+08:00,1677326400,10.3,7.71,10.3,389.6,8.2,2.74,0.197,0.045,1.08,,,Ⅱ
2023-02-26T00:00:00+08:00,1677340800,10.0,7.68,10.27,390.6,8.7,2.76,0.179,0.048,1.08,,,Ⅱ
2023-02-26T04:00:00+08:00,1677355200,9.6,7.64,10.08,391.3,8.6,2.76,0.179,0.048,1.08,,,Ⅱ
2023-02-26T08:00:00+08:00,1677369600,9.4,7.63,10.02,392.1,7.6,2.7,0.171,0.047,1.07,,,Ⅱ
2023-02-26T12:00:00+08:00,1677384000,9.9,7.65,10.06,389.8,8.7,2.66,0.165,0.046,1.14,,,Ⅱ
2023-02-26T16:00:00+08:00,1677398400,10.5,7.72,10.42,388.4,8.1,2.74,0.172,0.045,1.1,,,Ⅱ
2023-02-26T20:00:00+08:00,1677412800,10.5,7.7,10.27,389.2,8.0,2.76,0.174,0.047,1.1,,,Ⅱ
2023-02-27T00:00:00+08:00,1677427200,10.2,7.7,10.31,389.4,8.3,2.69,0.167,0.046,1.03,,,Ⅱ
2023-02-27T04:00:00+08:00,1677441600,9.8,7.64,10.13,389.6,9.1,2.69,0.167,0.046,1.03,,,Ⅱ
2023-02-27T08:00:00+08:00,1677456000,9.7,7.67,10.18,389.2,7.9,2.7,0.157,0.044,1.01,,,Ⅱ
2023-02-27T12:00:00+08:00,1677470400,10.2,7.63,10.12,389.5,8.5,2.64,0.158,0.042,1.08,,,Ⅱ
2023-02-27T20:00:00+08:00,1677499200,10.7,7.68,10.07,388.7,9.9,2.75,0.181,0.046,1.05,,,Ⅱ
2023-02-28T00:00:00+08:00,1677513600,10.4,7.69,10.25,388.9,8.9,2.7,0.187,0.05,1.08,,,Ⅱ
2023-02-28T04:00:00+08:00,1677528000,10.3,7.66,10.08,389.1,11.0,2.8,0.171,0.051,1.08,,,Ⅱ
2023-02-28T12:00:00+08:00,1677556800,10.7,7.73,10.37,386.7,9.8,2.73,0.157,0.045,1.08,,,Ⅱ
2023-02-28T16:00:00+08:00,1677571200,11.1,7.69,10.13,387.6,10.7,2.71,0.169,0.048,1.04,,,Ⅱ
2023-02-28T20:00:00+08:00,1677585600,10.9,7.68,10.02,386.3,9.3,2.77,0.162,0.048,1.04,,,Ⅱ
2023-03-01T00:00:00+08:00,1677600000,11.0,7.67,9.97,386.2,9.2,2.77,0.162,0.048,1.04,,,Ⅱ
2023-03-01T04:00:00+08:00,1677614400,11.0,7.62,9.8,385.1,11.8,2.84,0.191,0.051,1.09,,,Ⅱ
2023-03-01T08:00:00+08:00,1677628800,10.9,7.6,9.7,385.4,9.8,2.67,0.163,0.046,1.09,,,Ⅱ
2023-03-01T16:00:00+08:00,1677657600,11.6,7.61,9.73,384.9,10.2,2.74,0.172,0.048,1.07,,,Ⅱ
2023-03-01T20:00:00+08:00,1677672000,11.7,7.59,9.54,386.1,10.4,2.88,0.205,0.057,1.2,,,Ⅱ
2023-03-02T00:00:00+08:00,1677686400,11.2,7.6,9.52,387.8,11.0,2.88,0.205,0.057,1.2,,,Ⅱ
2023-03-02T04:00:00+08:00,1677700800,11.3,7.3,7.5,395.7,10.6,3.38,0.506,0.086,1.65,,,Ⅱ
2023-03-02T08:00:00+08:00,1677715200,11.1,7.28,7.38,397.1,11.2,3.18,0.508,0.086,1.75,,,Ⅲ
2023-03-02T12:00:00+08:00,1677729600,11.4,7.23,6.88,404.7,9.3,3.46,0.615,0.086,1.93,,,Ⅲ
2023-03-02T16:00:00+08:00,1677744000,12.0,7.38,8.05,394.1,11.1,3.59,0.423,0.087,1.68,,,Ⅱ
2023-03-02T20:00:00+08:00,1677758400,11.6,7.53,9.21,391.8,10.1,3.14,0.253,0.067,1.3,,,Ⅱ
2023-03-03T00:00:00+08:00,1677772800,11.5,7.54,9.26,391.1,9.5,3.14,0.253,0.067,1.3,,,Ⅱ
2023-03-03T04:00:00+08:00,1677787200,11.1,7.53,9.24,391.6,10.7,3.01,0.304,0.059,1.27,,,Ⅱ
2023-03-03T08:00:00+08:00,1677801600,10.9,7.52,9.15,393.5,10.2,2.9,0.282,0.06,1.33,,,Ⅱ
2023-03-03T12:00:00+08:00,1677816000,11.5,7.54,9.35,390.8,8.8,2.91,0.273,0.054,1.2,,,Ⅱ
2023-03-03T16:00:00+08:00,1677830400,12.0,7.59,9.42,388.7,9.2,2.88,0.254,0.053,1.2,,,Ⅱ
2023-03-03T20:00:00+08:00,1677844800,11.6,7.64,9.72,390.4,10.7,3.02,0.24,0.064,1.22,,,Ⅱ
2023-03-04T00:00:00+08:00,1677859200,11.4,7.63,9.77,388.2,9.5,3.02,0.24,0.064,1.22,,,Ⅱ
2023-03-04T04:00:00+08:00,1677873600,11.2,7.61,9.76,388.7,9.4,2.85,0.203,0.05,1.11,,,Ⅱ
2023-03-04T08:00:00+08:00,1677888000,11.0,7.6,9.71,388.5,9.1,2.74,0.194,0.051,1.16,,,Ⅱ
2023-03-04T12:00:00+08:00,1677902400,11.8,7.6,9.54,387.7,9.6,2.84,0.211,0.05,1.14,,,Ⅱ
2023-03-04T16:00:00+08:00,1677916800,12.0,7.57,9.38,388.8,9.2,2.86,0.236,0.052,1.17,,,Ⅱ
2023-03-04T20:00:00+08:00,1677931200,11.7,7.45,8.58,390.9,9.4,2.88,0.286,0.054,1.27,,,Ⅱ
2023-03-05T00:00:00+08:00,1677945600,11.9,7.34,7.57,396.6,7.5,2.88,0.286,0.054,1.27,,,Ⅱ
2023-03-05T04:00:00+08:00,1677960000,11.8,7.46,8.63,392.0,7.0,2.92,0.294,0.057,1.26,,,Ⅱ
2023-03-05T08:00:00+08:00,1677974400,11.6,7.34,7.61,395.3,8.4,2.97,0.39,0.066,1.47,,,Ⅱ
2023-03-05T12:00:00+08:00,1677988800,12.4,7.23,6.37,406.3,7.8,3.57,0.896,0.107,2.22,,,Ⅲ
2023-03-05T16:00:00+08:00,1678003200,13.0,7.3,7.31,411.8,7.1,3.89,1.036,0.124,2.58,,,Ⅳ
2023-03-05T20:00:00+08:00,1678017600,12.9,7.32,7.24,410.8,6.6,3.97,0.894,0.116,2.39,,,Ⅲ
2023-03-06T00:00:00+08:00,1678032000,12.3,7.23,6.48,405.7,8.6,3.97,0.894,0.116,2.39,,,Ⅲ
2023-03-06T04:00:00+08:00,1678046400,12.2,7.38,7.74,398.0,8.1,3.19,0.46,0.08,1.63,,,Ⅱ
2023-03-06T08:00:00+08:00,1678060800,12.1,7.44,8.35,393.6,8.3,2.95,0.342,0.069,1.42,,,Ⅱ
2023-03-06T12:00:00+08:00,1678075200,12.6,7.42,8.14,393.2,9.1,2.92,0.387,0.065,1.45,,,Ⅱ
2023-03-06T16:00:00+08:00,1678089600,14.2,7.38,7.7,405.8,7.3,3.25,0.64,0.09,1.84,,,Ⅲ
2023-03-06T20:00:00+08:00,1678104000,13.4,7.27,6.72,401.6,8.7,3.21,0.602,0.085,1.79,,,Ⅲ
2023-03-07T00:00:00+08:00,1678118400,13.2,7.26,6.59,402.9,12.1,3.21,0.602,0.085,1.79,,,Ⅲ
2023-03-07T04:00:00+08:00,1678132800,13.0,7.25,6.5,404.6,8.2,3.25,0.61,0.089,1.88,,,Ⅲ
2023-03-07T08:00:00+08:00,1678147200,13.0,7.26,6.47,403.3,9.3,3.24,0.606,0.09,1.87,,,Ⅲ
2023-03-07T12:00:00+08:00,1678161600,14.0,7.22,6.11,414.7,6.5,3.83,0.913,0.114,2.34,,,Ⅲ
2023-03-07T20:00:00+08:00,1678190400,14.0,7.32,6.98,414.3,7.6,3.97,0.802,0.107,2.26,,,Ⅲ
2023-03-08T00:00:00+08:00,1678204800,13.8,7.35,7.22,403.3,8.2,3.97,0.802,0.107,2.26,,,Ⅲ
2023-03-08T04:00:00+08:00,1678219200,13.5,7.42,8.0,398.0,9.5,3.12,0.456,0.078,1.58,,,Ⅱ
2023-03-08T08:00:00+08:00,1678233600,13.5,7.42,8.04,398.7,9.3,2.91,0.494,0.076,1.7,,,Ⅱ
2023-03-08T12:00:00+08:00,1678248000,13.8,7.48,8.42,394.4,10.2,2.88,0.39,0.067,1.42,,,Ⅱ
2023-03-08T16:00:00+08:00,1678262400,14.1,7.5,8.44,393.6,11.0,2.83,0.364,0.065,1.31,,,Ⅱ
2023-03-08T20:00:00+08:00,1678276800,14.1,7.56,8.81,390.4,9.3,2.83,0.273,0.058,1.27,,,Ⅱ
2023-03-09T00:00:00+08:00,1678291200,14.1,7.48,8.36,391.6,13.7,2.83,0.273,0.058,1.27,,,Ⅱ
2023-03-09T04:00:00+08:00,1678305600,14.0,7.55,8.92,391.4,8.4,2.82,0.282,0.057,1.27,,,Ⅱ
2023-03-09T08:00:00+08:00,1678320000,13.8,7.57,9.05,390.9,7.7,2.69,0.245,0.053,1.24,,,Ⅱ
2023-03-09T12:00:00+08:00,1678334400,14.3,7.61,9.15,390.1,9.4,2.9,0.257,0.055,1.21,,,Ⅱ
2023-03-09T16:00:00+08:00,1678348800,14.7,7.69,9.61,391.6,8.3,2.72,0.227,0.051,1.18,,,Ⅱ
2023-03-09T20:00:00+08:00,1678363200,15.1,7.67,9.43,392.0,7.8,2.81,0.222,0.05,1.13,,,Ⅱ
2023-03-10T00:00:00+08:00,1678377600,15.1,7.79,10.02,392.7,6.2,2.81,0.222,0.05,1.13,,,Ⅱ
2023-03-10T04:00:00+08:00,1678392000,15.0,7.72,9.62,394.8,7.4,2.85,0.229,0.051,1.23,,,Ⅱ
2023-03-10T08:00:00+08:00,1678406400,14.8,7.68,9.34,394.3,8.3,2.81,0.245,0.053,1.33,,,Ⅱ
2023-03-10T12:00:00+08:00,1678420800,15.6,7.65,9.04,393.7,8.3,2.82,0.246,0.055,1.23,,,Ⅱ
2023-03-10T16:00:00+08:00,1678435200,15.5,7.64,8.87,394.0,9.7,2.8,0.257,0.054,1.24,,,Ⅱ
2023-03-10T20:00:00+08:00,1678449600,16.0,7.67,8.93,395.2,7.3,2.82,0.242,0.054,1.24,,,Ⅱ
2023-03-11T00:00:00+08:00,1678464000,15.9,7.66,8.93,397.0,7.3,2.82,0.242,0.054,1.24,,,Ⅱ
2023-03-11T04:00:00+08:00,1678478400,15.7,7.52,8.04,397.2,9.9,2.97,0.325,0.066,1.42,,,Ⅱ
2023-03-11T08:00:00+08:00,1678492800,15.6,7.45,7.57,398.6,9.0,2.9,0.326,0.066,1.49,,,Ⅱ
2023-03-11T12:00:00+08:00,1678507200,16.0,7.46,7.74,398.3,8.0,2.87,0.322,0.059,1.38,,,Ⅱ
2023-03-11T16:00:00+08:00,1678521600,16.6,7.32,6.34,407.0,9.8,3.26,0.604,0.093,1.87,,,Ⅲ
2023-03-11T20:00:00+08:00,1678536000,16.4,7.28,5.98,406.0,9.5,3.32,0.543,0.086,1.77,,,Ⅲ
2023-03-12T00:00:00+08:00,1678550400,16.2,7.25,5.67,406.8,11.0,3.32,0.543,0.086,1.77,,,Ⅲ
2023-03-12T04:00:00+08:00,1678564800,16.2,7.16,4.76,409.8,8.2,3.52,0.688,0.1,2.01,,,Ⅳ
2023-03-12T08:00:00+08:00,1678579200,16.0,7.33,6.44,413.9,8.6,3.55,0.57,0.096,2.03,,,Ⅲ
2023-03-12T12:00:00+08:00,1678593600,16.2,7.57,8.06,418.9,11.3,3.94,0.465,0.094,2.0,,,Ⅱ
2023-03-12T16:00:00+08:00,1678608000,16.2,7.52,7.55,417.4,12.1,3.78,0.562,0.085,2.0,,,Ⅲ
2023-03-12T20:00:00+08:00,1678622400,15.8,7.48,7.35,416.5,11.7,3.94,0.565,0.088,2.01,,,Ⅲ
2023-03-13T00:00:00+08:00,1678636800,15.2,7.32,6.18,415.4,9.4,3.94,0.565,0.088,2.01,,,Ⅲ
2023-03-13T04:00:00+08:00,1678651200,15.0,7.28,5.69,414.8,9.3,3.74,0.736,0.1,2.15,,,Ⅲ
2023-03-13T08:00:00+08:00,1678665600,14.8,7.27,5.6,414.9,10.2,3.66,0.678,0.093,2.14,,,Ⅲ
2023-03-13T12:00:00+08:00,1678680000,15.3,7.3,5.96,416.6,9.4,3.6,0.654,0.08,1.98,,,Ⅲ
2023-03-13T16:00:00+08:00,1678694400,16.4,7.71,8.79,420.4,11.7,4.2,0.591,0.096,2.11,,,Ⅲ
2023-03-13T20:00:00+08:00,1678708800,15.1,7.37,6.47,417.2,8.3,3.8,0.658,0.084,2.03,,,Ⅲ
2023-03-14T00:00:00+08:00,1678723200,14.8,7.47,7.44,414.2,8.2,3.8,0.658,0.084,2.03,,,Ⅲ
2023-03-14T04:00:00+08:00,1678737600,14.7,7.38,6.68,414.0,9.5,3.98,0.589,0.099,2.04,,,Ⅲ
2023-03-14T08:00:00+08:00,1678752000,14.4,7.32,6.21,414.2,8.6,3.82,0.596,0.101,2.16,,,Ⅲ
2023-03-14T12:00:00+08:00,1678766400,15.2,7.37,6.49,419.8,10.7,3.82,0.596,0.101,2.16,,,Ⅲ
2023-03-14T16:00:00+08:00,1678780800,16.4,7.56,7.73,427.6,8.2,4.57,0.752,0.117,2.37,,,Ⅲ
2023-03-14T20:00:00+08:00,1678795200,15.4,7.45,7.09,419.8,10.1,4.22,0.613,0.1,2.14,,,Ⅲ
2023-03-15T00:00:00+08:00,1678809600,15.1,7.3,6.02,419.3,9.3,4.22,0.613,0.1,2.14,,,Ⅲ
2023-03-15T04:00:00+08:00,1678824000,14.8,7.24,5.46,420.2,11.1,4.35,0.587,0.121,2.33,,,Ⅲ
2023-03-15T08:00:00+08:00,1678838400,14.8,7.24,5.25,418.4,10.4,3.92,0.601,0.107,2.25,,,Ⅲ
2023-03-15T12:00:00+08:00,1678852800,15.4,7.4,6.71,420.9,8.8,4.13,0.584,0.094,2.12,,,Ⅲ
2023-03-15T16:00:00+08:00,1678867200,16.7,7.78,8.96,428.8,8.6,4.76,0.665,0.106,2.33,,,Ⅲ
2023-03-15T20:00:00+08:00,1678881600,15.8,7.38,6.56,421.5,11.5,4.8,0.516,0.134,2.33,,,Ⅲ
2023-03-16T00:00:00+08:00,1678896000,15.4,7.3,5.93,421.9,11.4,4.8,0.516,0.134,2.33,,,Ⅲ
2023-03-16T04:00:00+08:00,1678910400,15.1,7.34,6.52,420.3,11.2,4.4,0.449,0.117,2.16,,,Ⅲ
2023-03-16T08:00:00+08:00,1678924800,15.1,7.36,6.48,419.6,11.1,4.28,0.469,0.124,2.19,,,Ⅲ
2023-03-16T12:00:00+08:00,1678939200,15.7,7.41,6.77,422.4,12.7,4.59,0.456,0.124,2.21,,,Ⅲ
2023-03-16T20:00:00+08:00,1678968000,15.7,7.68,8.68,421.1,11.3,4.84,0.406,0.124,2.13,,,Ⅲ
2023-03-17T00:00:00+08:00,1678982400,15.4,7.72,9.04,421.9,11.6,4.84,0.406,0.124,2.13,,,Ⅲ
2023-03-17T04:00:00+08:00,1678996800,15.0,7.65,8.61,418.6,11.4,4.1,0.404,0.089,1.9,,,Ⅲ
2023-03-17T08:00:00+08:00,1679011200,14.6,7.6,8.39,407.0,13.4,3.6,0.304,0.073,1.66,,,Ⅱ
2023-03-17T12:00:00+08:00,1679025600,14.4,7.58,8.59,394.5,12.0,3.53,0.266,0.068,1.49,,,Ⅱ
2023-03-17T16:00:00+08:00,1679040000,14.1,7.65,8.31,401.6,11.2,3.62,0.324,0.071,1.6,,,Ⅱ
2023-03-17T20:00:00+08:00,1679054400,14.0,7.53,7.82,400.1,11.9,3.59,0.352,0.075,1.6,,,Ⅱ
2023-03-18T00:00:00+08:00,1679068800,13.9,7.41,6.88,403.9,13.8,3.59,0.352,0.075,1.6,,,Ⅱ
2023-03-18T04:00:00+08:00,1679083200,13.8,7.35,6.36,407.4,13.0,3.77,0.545,0.091,2.07,,,Ⅲ
2023-03-18T08:00:00+08:00,1679097600,13.6,7.35,6.34,407.5,13.0,3.64,0.526,0.093,2.04,,,Ⅲ
2023-03-18T12:00:00+08:00,1679112000,14.0,7.32,5.92,408.9,13.6,3.67,0.558,0.09,2.02,,,Ⅲ
2023-03-18T16:00:00+08:00,1679126400,14.2,7.23,4.84,417.1,13.2,4.16,1.119,0.126,2.8,,,Ⅳ
2023-03-18T20:00:00+08:00,1679140800,14.0,7.3,5.85,412.4,13.7,3.85,0.66,0.1,2.24,,,Ⅲ
2023-03-19T00:00:00+08:00,1679155200,13.8,7.11,4.03,411.6,12.5,3.85,0.66,0.1,2.24,,,Ⅳ
2023-03-19T04:00:00+08:00,1679169600,13.8,7.07,3.39,411.9,12.1,4.65,0.916,0.163,2.77,,,Ⅳ
2023-03-19T08:00:00+08:00,1679184000,13.7,7.13,4.17,414.6,9.4,4.42,1.254,0.165,3.18,,,Ⅳ
2023-03-19T16:00:00+08:00,1679212800,14.0,7.28,5.9,407.0,11.9,3.9,0.749,0.109,2.25,,,Ⅲ
2023-03-19T20:00:00+08:00,1679227200,13.9,7.35,6.83,405.5,11.6,3.73,0.63,0.102,2.02,,,Ⅲ
2023-03-20T00:00:00+08:00,1679241600,13.7,7.39,7.5,405.4,11.9,3.73,0.63,0.102,2.02,,,Ⅲ
2023-03-20T04:00:00+08:00,1679256000,13.6,7.38,7.3,405.3,10.0,3.34,0.531,0.08,1.77,,,Ⅲ
2023-03-20T08:00:00+08:00,1679270400,13.6,7.32,6.76,407.3,10.0,3.31,0.54,0.086,1.94,,,Ⅲ
2023-03-20T12:00:00+08:00,1679284800,13.8,7.3,6.43,407.1,11.0,3.43,0.522,0.089,1.94,,,Ⅲ
2023-03-20T16:00:00+08:00,1679299200,13.8,7.26,6.05,410.1,11.4,3.36,0.517,0.084,1.84,,,Ⅲ
2023-03-20T20:00:00+08:00,1679313600,13.6,7.27,6.19,408.1,10.4,3.32,0.537,0.084,1.85,,,Ⅲ
2023-03-21T00:00:00+08:00,1679328000,13.6,7.37,7.29,404.4,11.2,3.32,0.537,0.084,1.85,,,Ⅲ
2023-03-21T04:00:00+08:00,1679342400,13.5,7.36,7.45,402.5,12.9,3.08,0.532,0.077,1.77,,,Ⅲ
2023-03-21T08:00:00+08:00,1679356800,13.6,7.32,6.94,402.6,11.3,2.99,0.676,0.088,2.07,,,Ⅲ
2023-03-21T12:00:00+08:00,1679371200,13.7,7.33,6.98,400.7,10.9,3.12,0.729,0.09,2.04,,,Ⅲ
2023-03-21T16:00:00+08:00,1679385600,13.9,7.35,7.22,398.6,11.0,3.15,0.781,0.093,2.14,,,Ⅲ
2023-03-21T20:00:00+08:00,1679400000,14.0,7.33,7.16,394.2,10.8,3.02,0.706,0.087,1.99,,,Ⅲ
2023-03-22T00:00:00+08:00,1679414400,14.0,7.31,6.98,395.5,10.3,3.02,0.706,0.087,1.99,,,Ⅲ
2023-03-22T04:00:00+08:00,1679428800,14.0,7.36,7.43,398.7,9.2,2.92,0.648,0.081,1.89,,,Ⅲ
2023-03-22T08:00:00+08:00,1679443200,14.0,7.32,7.0,403.7,8.5,2.9,0.676,0.084,1.98,,,Ⅲ
2023-03-22T12:00:00+08:00,1679457600,14.2,7.35,7.18,404.1,10.6,3.05,0.697,0.086,2.0,,,Ⅲ
2023-03-22T16:00:00+08:00,1679472000,14.4,7.36,7.14,401.5,11.5,3.07,0.689,0.086,1.99,,,Ⅲ
2023-03-22T20:00:00+08:00,1679486400,14.4,7.3,6.68,403.8,9.8,3.02,0.674,0.086,1.95,,,Ⅲ
2023-03-23T00:00:00+08:00,1679500800,14.4,7.32,6.8,403.5,10.9,3.02,0.674,0.086,1.95,,,Ⅲ
2023-03-23T04:00:00+08:00,1679515200,14.2,7.32,6.85,404.8,10.9,3.05,0.603,0.082,1.88,,,Ⅲ
2023-03-23T08:00:00+08:00,1679529600,14.3,7.3,6.56,405.5,11.1,2.98,0.616,0.084,1.97,,,Ⅲ
2023-03-23T12:00:00+08:00,1679544000,,,,,,2.98,0.616,0.084,1.97,,,
2023-03-23T16:00:00+08:00,1679558400,14.2,7.37,7.23,408.1,11.3,2.97,0.52,0.082,1.75,,,Ⅲ
2023-03-23T20:00:00+08:00,1679572800,14.1,7.45,7.95,407.1,11.4,2.86,0.419,0.068,1.58,,,Ⅱ
2023-03-24T00:00:00+08:00,1679587200,13.9,7.47,8.15,406.6,11.3,2.86,0.419,0.068,1.58,,,Ⅱ
2023-03-24T04:00:00+08:00,1679601600,13.9,7.48,8.03,405.1,11.1,2.73,0.371,0.064,1.45,,,Ⅱ
2023-03-24T08:00:00+08:00,1679616000,13.9,7.45,7.72,405.1,11.6,2.91,0.413,0.069,1.58,,,Ⅱ
2023-03-24T12:00:00+08:00,1679630400,13.9,7.47,7.91,405.1,10.7,2.83,0.429,0.066,1.52,,,Ⅱ
2023-03-24T16:00:00+08:00,1679644800,13.8,7.43,7.64,405.9,9.7,2.84,0.416,0.061,1.5,,,Ⅱ
2023-03-24T20:00:00+08:00,1679659200,13.7,7.42,7.42,406.2,10.2,4.43,0.405,0.062,1.52,,,Ⅲ
2023-03-25T00:00:00+08:00,1679673600,13.6,7.46,7.79,403.9,12.3,4.43,0.405,0.062,1.52,,,Ⅲ
2023-03-25T04:00:00+08:00,1679688000,13.4,7.49,8.09,404.0,12.0,2.96,0.429,0.066,1.54,,,Ⅱ
2023-03-25T08:00:00+08:00,1679702400,13.4,7.49,8.09,404.0,12.4,2.81,0.349,0.061,1.46,,,Ⅱ
2023-03-25T12:00:00+08:00,1679716800,13.6,7.45,7.78,404.3,11.8,2.84,0.394,0.064,1.48,,,Ⅱ
2023-03-25T16:00:00+08:00,1679731200,13.7,7.45,7.62,403.1,11.9,2.9,0.451,0.068,1.57,,,Ⅱ
2023-03-25T20:00:00+08:00,1679745600,13.7,7.43,7.52,403.6,11.3,2.91,0.481,0.068,1.6,,,Ⅱ
2023-03-26T00:00:00+08:00,1679760000,13.5,7.41,7.36,403.5,11.8,2.91,0.481,0.068,1.6,,,Ⅱ
2023-03-26T04:00:00+08:00,1679774400,13.4,7.4,7.26,405.1,11.8,2.94,0.427,0.065,1.53,,,Ⅱ
2023-03-26T08:00:00+08:00,1679788800,13.1,7.42,7.42,404.9,11.8,2.84,0.409,0.064,1.56,,,Ⅱ
2023-03-26T12:00:00+08:00,1679803200,14.0,7.51,8.32,404.0,12.0,2.8,0.418,0.066,1.49,,,Ⅱ
2023-03-26T16:00:00+08:00,1679817600,14.2,7.52,8.36,407.3,11.8,2.8,0.37,0.064,1.47,,,Ⅱ
2023-03-26T20:00:00+08:00,1679832000,13.9,7.47,8.01,407.5,12.0,2.82,0.365,0.067,1.45,,,Ⅱ
2023-03-27T00:00:00+08:00,1679846400,13.8,7.43,7.7,408.7,11.5,2.82,0.365,0.067,1.45,,,Ⅱ
2023-03-27T04:00:00+08:00,1679860800,14.0,7.43,7.54,406.6,11.7,2.86,0.455,0.066,1.55,,,Ⅱ
2023-03-27T08:00:00+08:00,1679875200,13.8,7.4,7.26,406.6,12.3,2.79,0.436,0.067,1.58,,,Ⅱ
2023-03-27T12:00:00+08:00,1679889600,14.3,7.38,6.97,407.7,11.2,2.76,0.451,0.068,1.62,,,Ⅱ
2023-03-27T16:00:00+08:00,1679904000,15.1,7.36,6.75,411.5,10.7,2.99,0.546,0.077,1.75,,,Ⅲ
2023-03-27T20:00:00+08:00,1679918400,14.5,7.16,4.6,422.5,11.3,3.4,1.003,0.116,2.46,,,Ⅳ
2023-03-28T00:00:00+08:00,1679932800,14.2,7.35,6.79,412.6,12.9,3.4,1.003,0.116,2.46,,,Ⅳ
2023-03-28T04:00:00+08:00,1679947200,14.2,7.46,7.71,407.4,11.4,3.14,0.504,0.075,1.66,,,Ⅲ
2023-03-28T08:00:00+08:00,1679961600,14.2,7.44,7.55,408.4,11.4,2.94,0.583,0.077,1.82,,,Ⅲ
2023-03-28T12:00:00+08:00,1679976000,14.5,7.42,7.53,413.3,11.5,2.93,0.647,0.079,1.97,,,Ⅲ
2023-03-28T16:00:00+08:00,1679990400,15.4,7.6,8.57,408.8,11.0,2.99,0.522,0.075,1.82,,,Ⅲ
2023-03-28T20:00:00+08:00,1680004800,15.4,7.65,8.96,406.6,11.5,2.76,0.36,0.061,1.52,,,Ⅱ
2023-03-29T00:00:00+08:00,1680019200,15.1,7.63,8.88,405.6,12.8,2.76,0.36,0.061,1.52,,,Ⅱ
2023-03-29T04:00:00+08:00,1680033600,14.9,7.7,9.16,404.7,11.5,1.18,0.425,0.062,1.55,,,Ⅱ
2023-03-29T08:00:00+08:00,1680048000,14.8,7.67,8.96,406.1,11.6,2.96,0.508,0.07,1.78,,,Ⅲ
2023-03-29T16:00:00+08:00,1680076800,15.2,7.73,9.21,404.2,12.2,2.91,0.397,0.06,1.48,,,Ⅱ
2023-03-29T20:00:00+08:00,1680091200,15.2,7.73,9.19,403.9,12.1,2.86,0.359,0.06,1.45,,,Ⅱ
2023-03-30T00:00:00+08:00,1680105600,15.1,7.69,9.03,402.5,11.6,2.88,0.344,0.06,1.46,,,Ⅱ
2023-03-30T08:00:00+08:00,1680134400,15.0,7.59,8.38,403.2,10.4,2.9,0.326,0.06,1.42,,,Ⅱ
2023-03-30T12:00:00+08:00,1680148800,15.1,7.63,8.54,405.0,13.7,2.79,0.344,0.056,1.45,,,Ⅱ
2023-03-30T16:00:00+08:00,1680163200,15.0,7.63,8.69,407.9,11.3,2.89,0.413,0.063,1.55,,,Ⅱ
2023-03-30T20:00:00+08:00,1680177600,14.9,7.6,8.58,409.3,12.0,2.95,0.43,0.06,1.51,,,Ⅱ
2023-03-31T00:00:00+08:00,1680192000,15.1,7.57,8.29,406.2,11.9,2.92,0.446,0.064,1.59,,,Ⅱ
2023-03-31T04:00:00+08:00,1680206400,15.0,7.55,8.1,405.3,11.4,2.92,0.446,0.064,1.59,,,Ⅱ
2023-03-31T08:00:00+08:00,1680220800,15.0,7.53,7.92,405.0,12.2,2.89,0.452,0.064,1.56,,,Ⅱ
2023-03-31T12:00:00+08:00,1680235200,15.2,7.56,8.12,404.3,10.6,2.86,0.438,0.065,1.61,,,Ⅱ
2023-03-31T16:00:00+08:00,1680249600,15.3,7.6,8.25,406.5,9.7,2.77,0.398,0.061,1.51,,,Ⅱ
2023-03-31T20:00:00+08:00,1680264000,15.2,7.56,8.17,407.1,10.2,2.8,0.378,0.058,1.41,,,Ⅱ
2023-04-01T00:00:00+08:00,1680278400,15.0,7.6,8.49,405.9,11.7,2.82,0.366,0.057,1.4,,,Ⅱ
2023-04-01T04:00:00+08:00,1680292800,15.2,7.63,8.73,403.7,10.6,2.82,0.366,0.057,1.4,,,Ⅱ
2023-04-01T08:00:00+08:00,1680307200,15.3,7.61,8.49,403.1,10.1,2.79,0.3,0.053,1.32,,,Ⅱ
2023-04-01T12:00:00+08:00,1680321600,15.6,7.65,8.74,405.5,10.0,2.69,0.305,0.053,1.34,,,Ⅱ
2023-04-01T16:00:00+08:00,1680336000,16.0,7.74,9.26,400.5,8.4,2.77,0.309,0.056,1.35,,,Ⅱ
2023-04-01T20:00:00+08:00,1680350400,15.8,7.69,8.99,403.9,8.4,2.77,0.309,0.056,1.35,,,Ⅱ
2023-04-02T00:00:00+08:00,1680364800,15.7,7.66,8.81,406.2,8.7,2.91,0.285,0.054,1.36,,,Ⅱ
2023-04-02T04:00:00+08:00,1680379200,15.5,7.67,8.88,406.8,9.4,2.91,0.285,0.054,1.36,,,Ⅱ
2023-04-02T08:00:00+08:00,1680393600,15.4,7.71,8.97,407.5,9.7,2.84,0.286,0.054,1.4,,,Ⅱ
2023-04-02T12:00:00+08:00,1680408000,16.3,7.69,8.78,407.7,7.9,2.8,0.276,0.054,1.44,,,Ⅱ
2023-04-02T16:00:00+08:00,1680422400,17.1,7.96,10.15,410.2,8.9,2.84,0.284,0.053,1.34,,,Ⅱ
2023-04-02T20:00:00+08:00,1680436800,16.6,7.8,9.4,407.9,9.9,3.15,0.284,0.061,1.42,,,Ⅱ
2023-04-03T00:00:00+08:00,1680451200,16.4,7.85,9.63,409.2,11.3,2.96,0.278,0.054,1.33,,,Ⅱ
2023-04-03T04:00:00+08:00,1680465600,16.3,8.05,10.27,411.1,10.2,2.96,0.278,0.054,1.33,,,Ⅱ
2023-04-03T08:00:00+08:00,1680480000,16.2,7.94,9.75,413.5,10.1,3.31,0.434,0.069,1.81,,,Ⅱ
2023-04-03T12:00:00+08:00,1680494400,16.7,7.96,9.87,416.9,9.8,3.4,0.484,0.072,1.89,,,Ⅱ
2023-04-03T16:00:00+08:00,1680508800,16.7,7.96,9.7,419.7,10.8,3.51,0.57,0.072,2.0,,,Ⅲ
2023-04-03T20:00:00+08:00,1680523200,16.6,7.9,9.35,417.9,13.5,3.63,0.586,0.077,2.05,,,Ⅲ
2023-04-04T00:00:00+08:00,1680537600,16.5,7.78,8.71,417.6,13.2,3.66,0.579,0.083,2.1,,,Ⅲ
2023-04-04T04:00:00+08:00,1680552000,16.4,7.58,7.74,416.1,11.3,3.91,0.68,0.095,2.33,,,Ⅲ
2023-04-04T08:00:00+08:00,1680566400,16.3,7.48,7.27,412.6,11.0,3.46,0.627,0.085,2.1,,,Ⅲ
2023-04-04T12:00:00+08:00,1680580800,16.7,7.54,7.43,414.8,11.4,3.25,0.591,0.076,1.87,,,Ⅲ
2023-04-04T16:00:00+08:00,1680595200,16.6,7.52,7.33,415.9,11.9,3.48,0.633,0.091,1.99,,,Ⅲ
2023-04-04T20:00:00+08:00,1680609600,16.7,7.47,6.86,416.5,10.9,3.23,0.575,0.076,1.85,,,Ⅲ
2023-04-05T00:00:00+08:00,1680624000,16.7,7.49,6.95,416.9,10.6,3.22,0.594,0.076,1.88,,,Ⅲ
2023-04-05T04:00:00+08:00,1680638400,16.6,7.39,6.22,418.1,10.7,3.33,0.612,0.078,1.93,,,Ⅲ
2023-04-05T08:00:00+08:00,1680652800,16.4,7.38,6.08,418.2,11.5,3.23,0.651,0.082,2.01,,,Ⅲ
2023-04-05T12:00:00+08:00,1680667200,16.9,7.46,6.58,424.5,9.8,3.29,0.623,0.077,2.03,,,Ⅲ
2023-04-05T16:00:00+08:00,1680681600,17.0,7.54,7.22,415.9,11.6,3.82,0.918,0.108,2.55,,,Ⅲ
2023-04-05T20:00:00+08:00,1680696000,16.9,7.57,7.49,413.2,13.4,3.38,0.606,0.078,1.9,,,Ⅲ
2023-04-06T00:00:00+08:00,1680710400,16.4,7.62,7.88,412.9,11.8,3.19,0.468,0.072,1.7,,,Ⅱ
2023-04-06T04:00:00+08:00,1680724800,16.1,7.67,8.28,411.7,12.8,3.04,0.405,0.063,1.58,,,Ⅱ
2023-04-06T08:00:00+08:00,1680739200,16.0,7.68,8.31,411.3,11.6,2.91,0.319,0.058,1.5,,,Ⅱ
2023-04-06T12:00:00+08:00,1680753600,16.0,7.63,8.08,411.7,12.8,2.88,0.289,0.055,1.48,,,Ⅱ
2023-04-06T16:00:00+08:00,1680768000,16.0,7.63,8.09,411.0,12.7,2.94,0.334,0.06,1.49,,,Ⅱ
2023-04-07T00:00:00+08:00,1680796800,15.7,7.58,7.76,411.9,11.7,2.94,0.317,0.058,1.49,,,Ⅱ
2023-04-07T04:00:00+08:00,1680811200,15.5,7.53,7.52,411.7,12.2,3.07,0.354,0.059,1.55,,,Ⅱ
2023-04-07T08:00:00+08:00,1680825600,15.4,7.55,7.66,411.8,13.8,2.82,0.342,0.057,1.53,,,Ⅱ
2023-04-07T12:00:00+08:00,1680840000,16.0,7.57,7.72,411.8,11.5,2.93,0.331,0.06,1.58,,,Ⅱ
2023-04-07T16:00:00+08:00,1680854400,16.0,7.59,7.72,411.0,10.8,2.84,0.33,0.057,1.44,,,Ⅱ
2023-04-07T20:00:00+08:00,1680868800,15.9,7.6,7.8,410.9,10.9,2.8,0.337,0.056,1.42,,,Ⅱ
2023-04-08T00:00:00+08:00,1680883200,15.6,7.68,8.53,408.1,13.0,2.83,0.326,0.056,1.38,,,Ⅱ
2023-04-08T04:00:00+08:00,1680897600,15.3,7.69,8.56,409.9,12.5,2.83,0.227,0.051,1.28,,,Ⅱ
2023-04-08T08:00:00+08:00,1680912000,15.2,7.64,8.24,411.7,12.1,2.79,0.264,0.052,1.41,,,Ⅱ
2023-04-08T12:00:00+08:00,1680926400,15.9,7.63,8.17,412.3,9.9,2.86,0.322,0.055,1.51,,,Ⅱ
2023-04-08T16:00:00+08:00,1680940800,16.4,7.73,8.52,411.1,10.6,2.84,0.344,0.056,1.45,,,Ⅱ
2023-04-08T20:00:00+08:00,1680955200,16.4,7.73,8.62,410.2,11.0,2.98,0.368,0.059,1.48,,,Ⅱ
2023-04-09T00:00:00+08:00,1680969600,16.3,7.7,8.55,413.0,11.3,2.94,0.314,0.055,1.46,,,Ⅱ
2023-04-09T04:00:00+08:00,1680984000,15.9,7.67,8.3,413.8,11.2,2.92,0.398,0.06,1.52,,,Ⅱ
2023-04-09T08:00:00+08:00,1680998400,15.7,7.65,8.18,414.1,11.1,2.8,0.401,0.059,1.56,,,Ⅱ
2023-04-09T12:00:00+08:00,1681012800,16.5,7.67,8.15,415.2,10.5,2.82,0.402,0.059,1.6,,,Ⅱ
2023-04-09T16:00:00+08:00,1681027200,17.6,7.84,8.79,414.6,9.9,2.92,0.492,0.064,1.67,,,Ⅱ
2023-04-09T20:00:00+08:00,1681041600,17.1,7.79,8.69,413.7,11.0,3.1,0.449,0.064,1.66,,,Ⅱ
2023-04-10T00:00:00+08:00,1681056000,17.0,7.76,8.58,414.8,11.4,3.1,0.402,0.063,1.56,,,Ⅱ
2023-04-10T04:00:00+08:00,1681070400,16.8,7.72,8.29,417.1,11.1,2.94,0.394,0.062,1.54,,,Ⅱ
2023-04-10T08:00:00+08:00,1681084800,16.7,7.67,7.95,418.9,10.1,2.91,0.48,0.066,1.66,,,Ⅱ
2023-04-10T12:00:00+08:00,1681099200,17.5,7.68,7.98,418.7,9.2,2.98,0.555,0.068,1.85,,,Ⅲ
2023-04-10T16:00:00+08:00,1681113600,17.6,7.77,8.33,419.6,9.5,2.96,0.514,0.064,1.69,,,Ⅲ
2023-04-10T20:00:00+08:00,1681128000,18.1,7.86,8.8,416.3,10.1,3.04,0.485,0.062,1.63,,,Ⅱ
2023-04-11T00:00:00+08:00,1681142400,18.1,7.83,8.68,416.6,10.4,2.96,0.38,0.064,1.48,,,Ⅱ
2023-04-11T04:00:00+08:00,1681156800,18.0,7.81,8.46,417.4,10.0,3.02,0.414,0.061,1.53,,,Ⅱ
2023-04-11T08:00:00+08:00,1681171200,18.2,7.75,8.12,418.3,9.0,2.91,0.447,0.063,1.7,,,Ⅱ
2023-04-11T12:00:00+08:00,1681185600,18.5,7.8,8.28,418.7,8.3,2.98,0.445,0.063,1.62,,,Ⅱ
2023-04-11T16:00:00+08:00,1681200000,18.5,7.76,7.98,418.8,9.7,3.11,0.435,0.067,1.6,,,Ⅱ
2023-04-11T20:00:00+08:00,1681214400,18.6,7.87,8.58,414.3,10.4,3.0,0.391,0.058,1.49,,,Ⅱ
2023-04-12T00:00:00+08:00,1681228800,18.5,7.85,8.49,417.4,10.7,2.9,0.26,0.054,1.36,,,Ⅱ
2023-04-12T04:00:00+08:00,1681243200,18.3,7.83,8.38,418.5,10.6,3.13,0.344,0.062,1.49,,,Ⅱ
2023-04-12T08:00:00+08:00,1681257600,17.9,7.82,8.32,417.8,10.1,3.08,0.388,0.062,1.58,,,Ⅱ
2023-04-12T12:00:00+08:00,1681272000,18.6,7.82,8.35,419.4,21.9,2.98,0.342,0.058,1.5,,,Ⅱ
2023-04-12T16:00:00+08:00,1681286400,18.9,7.95,8.89,420.3,9.9,3.31,0.373,0.078,1.65,,,Ⅱ
2023-04-12T20:00:00+08:00,1681300800,18.6,7.94,8.86,442.7,8.5,3.32,0.344,0.062,1.51,,,Ⅱ
2023-04-13T00:00:00+08:00,1681315200,18.2,7.97,9.06,418.7,9.1,3.28,0.369,0.062,1.54,,,Ⅱ
2023-04-13T04:00:00+08:00,1681329600,18.0,7.88,8.72,419.9,9.6,3.12,0.275,0.055,1.38,,,Ⅱ
2023-04-13T08:00:00+08:00,1681344000,17.6,7.86,8.62,421.1,10.8,2.94,0.312,0.055,1.47,,,Ⅱ
2023-04-13T12:00:00+08:00,1681358400,18.3,8.01,9.19,421.3,7.7,3.16,0.304,0.061,1.57,,,Ⅱ
2023-04-13T16:00:00+08:00,1681372800,18.3,8.01,9.03,421.3,8.3,3.21,0.292,0.056,1.47,,,Ⅱ
2023-04-13T20:00:00+08:00,1681387200,18.0,7.98,8.88,420.9,10.0,3.14,0.282,0.055,1.43,,,Ⅱ
2023-04-14T00:00:00+08:00,1681401600,18.0,7.92,8.68,422.1,10.6,3.26,0.266,0.059,1.45,,,Ⅱ
2023-04-14T04:00:00+08:00,1681416000,17.9,7.82,8.15,422.2,9.4,3.38,0.28,0.062,1.52,,,Ⅱ
2023-04-14T08:00:00+08:00,1681430400,17.9,7.71,7.58,422.9,10.2,3.19,0.299,0.061,1.53,,,Ⅱ
2023-04-14T12:00:00+08:00,1681444800,18.5,7.87,8.77,424.5,7.3,3.21,0.298,0.062,1.54,,,Ⅱ
2023-04-14T16:00:00+08:00,1681459200,18.6,7.98,9.04,421.5,8.9,3.29,0.271,0.056,1.44,,,Ⅱ
2023-04-14T20:00:00+08:00,1681473600,18.7,7.87,8.37,421.8,9.9,3.23,0.227,0.054,1.32,,,Ⅱ
2023-04-15T00:00:00+08:00,1681488000,18.6,7.79,7.97,421.7,8.0,3.07,0.244,0.053,1.34,,,Ⅱ
2023-04-15T04:00:00+08:00,1681502400,18.4,7.76,7.77,421.6,9.1,2.95,0.259,0.052,1.32,,,Ⅱ
2023-04-15T08:00:00+08:00,1681516800,18.2,7.75,7.8,420.9,10.0,2.88,0.254,0.053,1.39,,,Ⅱ
2023-04-15T12:00:00+08:00,1681531200,18.9,7.79,7.94,422.1,7.7,2.92,0.228,0.051,1.32,,,Ⅱ
2023-04-15T16:00:00+08:00,1681545600,19.0,7.97,8.64,415.8,10.7,3.04,0.23,0.047,1.25,,,Ⅱ
2023-04-15T20:00:00+08:00,1681560000,19.1,8.0,8.86,415.9,10.9,2.97,0.176,0.048,1.19,,,Ⅱ
2023-04-16T00:00:00+08:00,1681574400,18.9,7.99,8.87,416.9,9.6,2.96,0.15,0.047,1.16,,,Ⅱ
2023-04-16T04:00:00+08:00,1681588800,18.6,7.95,8.6,417.0,9.6,3.02,0.153,0.047,1.18,,,Ⅱ
2023-04-16T08:00:00+08:00,1681603200,18.4,7.94,8.5,417.0,10.1,2.76,0.161,0.044,1.21,,,Ⅱ
2023-04-16T12:00:00+08:00,1681617600,19.1,8.02,8.94,419.2,9.6,2.93,0.158,0.046,1.25,,,Ⅱ
2023-04-16T16:00:00+08:00,1681632000,20.1,8.37,10.38,420.1,8.5,2.98,0.16,0.047,1.22,,,Ⅱ
2023-04-16T20:00:00+08:00,1681646400,19.9,8.07,9.07,420.1,8.6,3.45,0.14,0.062,1.3,,,Ⅱ
2023-04-17T00:00:00+08:00,1681660800,19.6,8.11,9.25,419.7,9.5,3.11,0.16,0.046,1.21,,,Ⅱ
2023-04-17T08:00:00+08:00,1681689600,19.2,7.97,8.31,422.3,8.9,2.91,0.171,0.049,1.23,,,Ⅱ
2023-04-17T12:00:00+08:00,1681704000,19.8,8.02,8.78,423.7,8.6,3.02,0.187,0.05,1.35,,,Ⅱ
2023-04-17T16:00:00+08:00,1681718400,20.9,8.31,9.99,425.0,7.4,3.02,0.201,0.047,1.31,,,Ⅱ
2023-04-17T20:00:00+08:00,1681732800,21.1,8.14,9.04,426.5,7.5,3.27,0.172,0.053,1.28,,,Ⅱ
2023-04-18T00:00:00+08:00,1681747200,20.8,7.85,7.64,426.0,6.5,3.22,0.178,0.054,1.29,,,Ⅱ
2023-04-18T04:00:00+08:00,1681761600,20.6,7.79,7.25,426.3,8.3,3.08,0.203,0.049,1.31,,,Ⅱ
2023-04-18T08:00:00+08:00,1681776000,20.5,7.78,7.39,427.1,7.7,3.2,0.208,0.055,1.37,,,Ⅱ
2023-04-18T12:00:00+08:00,1681790400,20.9,8.18,9.34,425.7,7.6,3.14,0.21,0.053,1.36,,,Ⅱ
2023-04-18T16:00:00+08:00,1681804800,21.1,8.27,9.76,425.2,8.2,3.21,0.126,0.052,1.23,,,Ⅱ
2023-04-18T20:00:00+08:00,1681819200,21.2,8.23,9.6,427.3,6.8,3.26,0.128,0.049,1.15,,,Ⅱ
2023-04-19T00:00:00+08:00,1681833600,21.6,8.02,8.64,430.2,9.3,3.21,0.14,0.052,1.19,,,Ⅱ
2023-04-19T04:00:00+08:00,1681848000,21.2,8.02,8.67,427.2,6.0,3.35,0.196,0.06,1.32,,,Ⅱ
2023-04-19T08:00:00+08:00,1681862400,21.1,7.94,8.18,427.6,7.4,3.01,0.168,0.049,1.22,,,Ⅱ
2023-04-19T12:00:00+08:00,1681876800,21.7,8.2,9.53,429.9,6.5,3.05,0.169,0.049,1.22,,,Ⅱ
2023-04-19T16:00:00+08:00,1681891200,22.5,8.41,10.43,430.7,5.7,3.12,0.151,0.05,1.21,,,Ⅱ
2023-04-19T20:00:00+08:00,1681905600,22.2,7.87,7.72,434.1,6.3,3.33,0.145,0.051,1.2,,,Ⅱ
2023-04-20T00:00:00+08:00,1681920000,21.8,8.02,8.35,431.3,6.4,3.22,0.287,0.06,1.4,,,Ⅱ
2023-04-20T04:00:00+08:00,1681934400,21.6,7.97,8.05,432.2,7.5,3.19,0.167,0.051,1.2,,,Ⅱ
2023-04-20T08:00:00+08:00,1681948800,21.5,7.86,7.53,432.6,7.1,3.1,0.191,0.054,1.27,,,Ⅱ
2023-04-20T12:00:00+08:00,1681963200,21.8,7.8,7.42,433.1,5.6,3.17,0.195,0.055,1.3,,,Ⅱ
2023-04-20T16:00:00+08:00,1681977600,22.1,7.93,7.92,434.2,5.3,3.1,0.216,0.046,1.28,,,Ⅱ
2023-04-20T20:00:00+08:00,1681992000,22.3,8.06,8.47,434.5,5.4,3.15,0.205,0.045,1.28,,,Ⅱ
2023-04-21T00:00:00+08:00,1682006400,21.8,7.84,7.28,434.7,7.4,3.37,0.195,0.053,1.31,,,Ⅱ
2023-04-21T04:00:00+08:00,1682020800,21.5,8.12,8.64,432.8,7.3,3.21,0.236,0.055,1.36,,,Ⅱ
2023-04-21T08:00:00+08:00,1682035200,21.3,8.0,8.24,433.4,7.4,3.34,0.144,0.059,1.41,,,Ⅱ
2023-04-21T12:00:00+08:00,1682049600,21.4,7.93,7.9,434.3,6.9,3.36,0.172,0.056,1.36,,,Ⅱ
2023-04-21T16:00:00+08:00,1682064000,21.6,8.18,8.99,434.7,8.0,3.39,0.194,0.057,1.36,,,Ⅱ
2023-04-21T20:00:00+08:00,1682078400,20.9,8.15,8.77,433.0,8.3,3.41,0.19,0.053,1.31,,,Ⅱ
2023-04-22T00:00:00+08:00,1682092800,20.5,8.02,8.11,433.4,9.4,3.49,0.169,0.057,1.33,,,Ⅱ
2023-04-22T04:00:00+08:00,1682107200,20.0,7.93,7.73,433.9,8.5,3.56,0.187,0.06,1.38,,,Ⅱ
2023-04-22T08:00:00+08:00,1682121600,19.8,8.01,8.18,433.3,8.6,3.4,0.203,0.059,1.44,,,Ⅱ
2023-04-23T10:17:00+08:00,1682216220,,,,,,,,,,,,
2023-04-23T14:18:00+08:00,1682230680,,,,,,,,,,,,
2023-04-23T18:18:00+08:00,1682245080,,,,,,,,,,,,
2023-04-23T22:19:00+08:00,1682259540,,,,,,,,,,,,
2023-04-24T10:21:00+08:00,1682302860,,,,,,,,,,,,
2023-04-24T12:00:00+08:00,1682308800,18.3,7.71,6.9,431.0,9.3,3.45,0.368,0.061,1.43,,,Ⅱ
2023-04-24T16:00:00+08:00,1682323200,18.4,7.79,7.38,431.5,9.2,3.45,0.368,0.061,1.43,,,Ⅱ
2023-04-24T20:00:00+08:00,1682337600,18.2,7.75,7.24,431.7,9.0,3.35,0.352,0.06,1.38,,,Ⅱ
2023-04-25T00:00:00+08:00,1682352000,18.2,7.73,7.06,430.3,10.2,3.32,0.346,0.057,1.42,,,Ⅱ
2023-04-25T04:00:00+08:00,1682366400,18.0,7.7,6.78,427.4,9.5,3.15,0.34,0.06,1.4,,,Ⅱ
2023-04-25T08:00:00+08:00,1682380800,17.9,7.65,6.48,427.6,10.3,3.1,0.312,0.056,1.37,,,Ⅱ
2023-04-25T12:00:00+08:00,1682395200,17.9,7.66,6.46,427.0,10.8,3.22,0.331,0.058,1.42,,,Ⅱ
2023-04-25T16:00:00+08:00,1682409600,18.0,7.64,6.36,427.5,8.9,3.21,0.373,0.058,1.46,,,Ⅱ
2023-04-25T20:00:00+08:00,1682424000,17.8,7.72,6.82,427.5,9.0,3.13,0.376,0.051,1.42,,,Ⅱ
2023-04-26T00:00:00+08:00,1682438400,17.7,7.62,6.19,427.7,9.2,3.25,0.358,0.06,1.41,,,Ⅱ
2023-04-26T04:00:00+08:00,1682452800,17.5,7.61,6.28,428.4,8.6,3.2,0.367,0.057,1.44,,,Ⅱ
2023-04-26T08:00:00+08:00,1682467200,17.3,7.6,6.24,428.0,8.8,3.32,0.365,0.061,1.47,,,Ⅱ
2023-04-26T12:00:00+08:00,1682481600,17.9,7.7,7.21,434.4,7.5,3.21,0.354,0.057,1.44,,,Ⅱ
2023-04-26T16:00:00+08:00,1682496000,18.6,8.03,9.19,441.7,6.8,3.32,0.474,0.058,1.58,,,Ⅱ
2023-04-26T20:00:00+08:00,1682510400,18.4,7.89,8.56,446.3,8.3,3.59,0.506,0.069,1.7,,,Ⅲ
2023-04-27T00:00:00+08:00,1682524800,18.2,7.91,8.66,446.1,8.2,3.45,0.466,0.065,1.68,,,Ⅱ
2023-04-27T04:00:00+08:00,1682539200,18.1,7.79,7.95,443.2,7.7,3.36,0.411,0.067,1.65,,,Ⅱ
2023-04-27T08:00:00+08:00,1682553600,17.9,7.78,7.84,439.2,6.9,3.16,0.396,0.062,1.6,,,Ⅱ
2023-04-27T12:00:00+08:00,1682568000,18.7,7.82,8.13,438.6,6.3,3.24,0.367,0.06,1.54,,,Ⅱ
2023-04-27T16:00:00+08:00,1682582400,19.8,8.45,11.0,439.7,6.8,3.24,0.369,0.05,1.5,,,Ⅱ
2023-04-27T20:00:00+08:00,1682596800,19.3,7.95,8.64,444.4,8.8,4.57,0.329,0.104,1.75,,,Ⅲ
2023-04-28T00:00:00+08:00,1682611200,19.1,7.93,8.44,442.8,8.0,3.35,0.398,0.067,1.69,,,Ⅱ
2023-04-28T04:00:00+08:00,1682625600,19.0,7.79,7.66,443.4,9.4,3.34,0.439,0.068,1.7,,,Ⅱ
2023-04-28T08:00:00+08:00,1682640000,19.0,7.81,7.81,443.1,8.5,3.31,0.422,0.071,1.67,,,Ⅱ
2023-04-28T12:00:00+08:00,1682654400,20.0,8.0,8.8,444.5,7.5,3.29,0.405,0.061,1.6,,,Ⅱ
2023-04-28T16:00:00+08:00,1682668800,21.2,8.15,9.5,456.3,6.9,3.29,0.405,0.061,1.6,,,Ⅱ
2023-04-28T20:00:00+08:00,1682683200,20.2,8.09,9.05,448.1,7.0,3.69,0.491,0.075,1.76,,,Ⅲ
2023-04-29T00:00:00+08:00,1682697600,20.9,8.36,10.27,453.4,6.0,3.69,0.491,0.075,1.76,,,Ⅱ
2023-04-29T04:00:00+08:00,1682712000,20.5,7.78,7.31,451.0,7.9,3.51,0.519,0.078,1.89,,,Ⅱ
2023-04-29T08:00:00+08:00,1682726400,20.4,7.86,7.83,451.2,7.0,3.74,0.487,0.086,1.91,,,Ⅲ
2023-04-29T12:00:00+08:00,1682740800,20.2,8.32,10.33,454.0,9.4,4.9,0.386,0.123,2.28,,,Ⅱ
2023-04-29T16:00:00+08:00,1682755200,20.3,8.22,9.54,452.3,10.7,4.19,0.425,0.087,1.91,,,Ⅲ
2023-04-29T20:00:00+08:00,1682769600,19.9,8.04,8.74,450.7,10.6,3.96,0.472,0.086,1.9,,,Ⅱ
2023-04-30T00:00:00+08:00,1682784000,19.6,7.9,8.02,449.8,9.9,3.96,0.472,0.086,1.9,,,Ⅱ
2023-04-30T04:00:00+08:00,1682798400,19.2,7.9,8.04,447.3,10.0,3.34,0.315,0.071,1.6,,,Ⅱ
2023-04-30T08:00:00+08:00,1682812800,19.0,7.95,8.29,446.6,9.6,3.51,0.267,0.073,1.59,,,Ⅱ
2023-04-30T12:00:00+08:00,1682827200,19.7,8.31,10.08,447.2,8.6,3.65,0.252,0.072,1.56,,,Ⅱ
2023-04-30T16:00:00+08:00,1682841600,20.2,8.77,12.29,446.8,9.5,3.82,0.211,0.069,1.53,,,Ⅱ
2023-04-30T20:00:00+08:00,1682856000,19.9,8.64,11.41,447.0,8.3,3.82,0.211,0.069,1.53,,,Ⅱ
2023-05-01T00:00:00+08:00,1682870400,19.6,8.45,10.47,446.7,8.8,4.04,0.187,0.076,1.55,,,Ⅲ
2023-05-01T04:00:00+08:00,1682884800,19.6,8.42,10.25,446.8,7.7,3.7,0.195,0.072,1.57,,,Ⅱ
2023-05-01T08:00:00+08:00,1682899200,19.6,8.34,9.93,447.1,8.4,3.82,0.194,0.078,1.64,,,Ⅱ
2023-05-01T12:00:00+08:00,1682913600,20.1,8.22,9.48,448.2,8.1,3.64,0.228,0.061,1.54,,,Ⅱ
2023-05-01T16:00:00+08:00,1682928000,21.4,9.26,17.31,445.6,7.1,4.88,0.128,0.076,1.57,,,劣Ⅴ
2023-05-01T20:00:00+08:00,1682942400,21.2,9.04,13.82,447.2,8.0,4.88,0.128,0.076,1.57,,,劣Ⅴ
2023-05-02T00:00:00+08:00,1682956800,20.5,8.84,12.14,445.8,9.2,4.46,0.129,0.071,1.54,,,Ⅲ
2023-05-02T04:00:00+08:00,1682971200,20.2,8.76,11.71,445.6,9.4,3.88,0.18,0.071,1.54,,,Ⅱ
2023-05-02T08:00:00+08:00,1682985600,19.8,8.55,10.63,447.4,9.2,3.75,0.187,0.071,1.54,,,Ⅱ
2023-05-02T12:00:00+08:00,1683000000,21.0,8.61,11.28,448.9,7.9,3.84,0.188,0.067,1.47,,,Ⅱ
2023-05-02T16:00:00+08:00,1683014400,21.3,9.02,14.18,440.0,11.5,5.24,0.179,0.084,1.65,,,劣Ⅴ
2023-05-02T20:00:00+08:00,1683028800,21.5,8.97,13.02,439.8,12.2,4.99,0.287,0.091,1.78,,,Ⅲ
2023-05-03T00:00:00+08:00,1683043200,21.6,8.57,10.36,437.6,11.7,4.99,0.287,0.091,1.78,,,Ⅲ
2023-05-03T04:00:00+08:00,1683057600,21.2,8.14,8.5,435.9,13.1,3.79,0.23,0.076,1.46,,,Ⅱ
2023-05-03T08:00:00+08:00,1683072000,21.0,7.97,7.84,435.3,9.7,3.6,0.212,0.062,1.31,,,Ⅱ
2023-05-03T12:00:00+08:00,1683086400,21.8,8.74,11.46,436.5,8.0,4.05,0.129,0.074,1.37,,,Ⅲ
2023-05-03T16:00:00+08:00,1683100800,21.5,8.15,8.62,437.2,8.3,3.54,0.213,0.051,1.25,,,Ⅱ
2023-05-04T00:00:00+08:00,1683129600,21.7,8.3,9.11,436.9,9.0,3.54,0.213,0.051,1.25,,,Ⅱ
2023-05-04T04:00:00+08:00,1683144000,21.6,8.11,8.38,437.5,6.7,3.54,0.154,0.067,1.26,,,Ⅱ
2023-05-04T08:00:00+08:00,1683158400,21.6,7.93,7.69,438.3,7.4,3.56,0.14,0.069,1.31,,,Ⅱ
2023-05-04T12:00:00+08:00,1683172800,23.3,8.36,9.92,444.7,7.3,3.57,0.134,0.063,1.25,,,Ⅱ
2023-05-04T16:00:00+08:00,1683187200,23.3,8.62,10.99,447.5,7.6,3.9,0.13,0.068,1.33,,,Ⅱ
2023-05-04T20:00:00+08:00,1683201600,23.0,8.45,10.14,450.0,9.8,4.12,0.224,0.085,1.5,,,Ⅲ
2023-05-05T00:00:00+08:00,1683216000,22.8,7.96,7.81,450.0,13.9,4.12,0.224,0.085,1.5,,,Ⅲ
2023-05-05T04:00:00+08:00,1683230400,22.7,7.78,6.82,449.4,11.9,3.36,0.257,0.078,1.49,,,Ⅱ
2023-05-05T08:00:00+08:00,1683244800,22.6,7.67,6.12,447.3,12.7,4.07,0.292,0.082,1.55,,,Ⅲ
2023-05-05T12:00:00+08:00,1683259200,22.8,7.98,8.04,447.9,12.6,3.75,0.182,0.074,1.41,,,Ⅱ
2023-05-05T16:00:00+08:00,1683273600,22.8,8.07,8.4,449.1,10.9,3.78,0.161,0.073,1.38,,,Ⅱ
2023-05-05T20:00:00+08:00,1683288000,23.0,8.07,8.37,452.7,9.1,3.78,0.229,0.076,1.45,,,Ⅱ
2023-05-06T00:00:00+08:00,1683302400,22.8,7.83,7.09,453.2,10.8,3.78,0.229,0.076,1.45,,,Ⅱ
2023-05-06T04:00:00+08:00,1683316800,22.7,7.72,6.46,450.8,12.0,3.28,0.296,0.067,1.44,,,Ⅱ
2023-05-06T08:00:00+08:00,1683331200,22.5,7.72,6.33,447.7,13.0,3.3,0.254,0.066,1.35,,,Ⅱ
2023-05-06T12:00:00+08:00,1683345600,22.6,7.74,6.47,448.1,10.3,3.18,0.229,0.06,1.25,,,Ⅱ
2023-05-06T16:00:00+08:00,1683360000,22.6,7.97,7.4,448.1,11.9,3.36,0.188,0.06,1.25,,,Ⅱ
2023-05-06T20:00:00+08:00,1683374400,22.4,7.9,7.34,447.4,12.1,3.34,0.189,0.059,1.27,,,Ⅱ
2023-05-07T00:00:00+08:00,1683388800,22.0,7.88,7.2,445.5,12.3,3.34,0.189,0.059,1.27,,,Ⅱ
2023-05-07T04:00:00+08:00,1683403200,21.7,7.63,6.02,448.1,12.8,3.47,0.296,0.073,1.44,,,Ⅱ
2023-05-07T08:00:00+08:00,1683417600,21.5,7.52,5.08,448.3,12.2,3.39,0.296,0.071,1.4,,,Ⅲ
2023-05-07T12:00:00+08:00,1683432000,21.2,7.54,5.48,448.5,12.7,3.4,0.291,0.07,1.38,,,Ⅲ
2023-05-07T16:00:00+08:00,1683446400,21.2,7.7,6.27,444.6,11.4,3.37,0.226,0.064,1.37,,,Ⅱ
2023-05-07T20:00:00+08:00,1683460800,21.0,7.77,6.72,443.4,13.0,3.29,0.206,0.062,1.27,,,Ⅱ
2023-05-08T00:00:00+08:00,1683475200,20.8,7.71,6.52,444.6,13.3,3.29,0.206,0.062,1.27,,,Ⅱ
2023-05-08T04:00:00+08:00,1683489600,20.5,7.7,6.53,443.5,13.0,3.01,0.258,0.057,1.27,,,Ⅱ
2023-05-08T08:00:00+08:00,1683504000,20.4,7.69,6.46,443.3,13.2,3.08,0.243,0.058,1.26,,,Ⅱ
2023-05-08T12:00:00+08:00,1683518400,21.0,7.74,6.82,445.2,10.8,3.1,0.244,0.054,1.21,,,Ⅱ
2023-05-08T16:00:00+08:00,1683532800,21.3,7.78,7.06,444.8,12.9,3.29,0.234,0.058,1.27,,,Ⅱ
2023-05-08T20:00:00+08:00,1683547200,21.0,7.83,7.34,444.1,13.0,3.23,0.218,0.059,1.2,,,Ⅱ
2023-05-09T00:00:00+08:00,1683561600,20.8,7.83,7.33,443.5,11.9,3.23,0.218,0.059,1.2,,,Ⅱ
2023-05-09T04:00:00+08:00,1683576000,20.4,7.77,7.06,443.9,12.8,3.14,0.221,0.061,1.25,,,Ⅱ
2023-05-09T08:00:00+08:00,1683590400,20.2,7.7,6.71,443.6,11.6,3.16,0.22,0.058,1.29,,,Ⅱ
2023-05-09T12:00:00+08:00,1683604800,21.5,7.7,6.65,446.2,8.4,3.06,0.228,0.054,1.22,,,Ⅱ
2023-05-09T16:00:00+08:00,1683619200,21.9,8.08,8.53,446.1,8.3,3.45,0.184,0.056,1.22,,,Ⅱ
2023-05-10T16:00:00+08:00,1683705600,21.4,7.96,8.17,443.5,7.8,3.58,0.235,0.056,1.27,,,Ⅱ
2023-05-10T20:00:00+08:00,1683720000,21.1,7.8,7.14,443.4,10.2,3.62,0.234,0.057,1.28,,,Ⅱ
2023-05-11T00:00:00+08:00,1683734400,20.8,7.9,7.79,442.2,10.0,3.52,0.272,0.061,1.33,,,Ⅱ
2023-05-11T04:00:00+08:00,1683748800,20.7,7.79,7.11,442.0,10.5,3.72,0.233,0.068,1.33,,,Ⅱ
2023-05-11T08:00:00+08:00,1683763200,20.5,7.61,5.96,443.3,12.7,3.66,0.254,0.067,1.37,,,Ⅲ
2023-05-11T12:00:00+08:00,1683777600,20.6,7.63,6.17,443.5,10.1,3.6,0.301,0.067,1.47,,,Ⅱ
2023-05-11T16:00:00+08:00,1683792000,20.7,7.65,6.25,444.5,12.0,3.74,0.3,0.062,1.49,,,Ⅱ
2023-05-11T20:00:00+08:00,1683806400,20.5,7.57,5.64,445.7,11.0,3.63,0.333,0.064,1.45,,,Ⅲ
2023-05-12T00:00:00+08:00,1683820800,20.4,7.64,6.13,443.4,10.8,3.69,0.416,0.068,1.5,,,Ⅱ
2023-05-12T04:00:00+08:00,1683835200,20.2,7.62,6.02,442.3,10.9,3.68,0.297,0.064,1.38,,,Ⅱ
2023-05-12T08:00:00+08:00,1683849600,20.2,7.65,6.22,442.7,9.0,3.52,0.292,0.064,1.41,,,Ⅱ
2023-05-12T12:00:00+08:00,1683864000,20.6,7.6,5.97,446.2,9.1,3.53,0.274,0.063,1.39,,,Ⅲ
2023-05-12T16:00:00+08:00,1683878400,21.4,7.93,7.8,445.0,8.4,3.75,0.351,0.07,1.51,,,Ⅱ
2023-05-12T20:00:00+08:00,1683892800,21.0,7.98,8.16,443.2,8.1,3.8,0.326,0.061,1.43,,,Ⅱ
2023-05-13T00:00:00+08:00,1683907200,20.9,7.96,8.25,443.0,8.8,3.92,0.209,0.061,1.31,,,Ⅱ
2023-05-13T04:00:00+08:00,1683921600,20.6,7.71,6.74,444.4,12.3,3.75,0.207,0.057,1.24,,,Ⅱ
2023-05-13T08:00:00+08:00,1683936000,20.6,7.69,6.65,444.5,8.7,3.52,0.272,0.065,1.5,,,Ⅱ
2023-05-13T12:00:00+08:00,1683950400,21.4,7.77,7.37,446.3,7.4,3.52,0.267,0.055,1.36,,,Ⅱ
2023-05-13T16:00:00+08:00,1683964800,22.2,8.23,9.59,445.2,7.9,3.67,0.27,0.057,1.37,,,Ⅱ
2023-05-13T20:00:00+08:00,1683979200,21.9,8.27,9.62,446.3,7.5,3.87,0.205,0.059,1.31,,,Ⅱ
2023-05-14T00:00:00+08:00,1683993600,22.0,8.28,9.59,448.7,7.4,3.92,0.198,0.06,1.32,,,Ⅱ
2023-05-14T04:00:00+08:00,1684008000,21.6,7.84,7.42,447.3,7.9,4.01,0.261,0.062,1.49,,,Ⅲ
2023-05-14T08:00:00+08:00,1684022400,21.6,7.8,7.23,449.2,8.6,3.62,0.271,0.061,1.42,,,Ⅱ
2023-05-14T12:00:00+08:00,1684036800,22.7,8.3,10.14,451.0,5.9,3.74,0.288,0.069,1.56,,,Ⅱ
2023-05-14T16:00:00+08:00,1684051200,23.0,8.32,10.43,448.1,6.4,4.01,0.299,0.066,1.51,,,Ⅲ
2023-05-14T20:00:00+08:00,1684065600,23.1,8.4,10.24,449.4,6.6,3.82,0.224,0.056,1.31,,,Ⅱ
2023-05-15T00:00:00+08:00,1684080000,23.0,8.24,9.42,449.4,6.8,3.89,0.174,0.056,1.31,,,Ⅱ
2023-05-15T04:00:00+08:00,1684094400,22.8,8.32,9.73,446.9,6.7,3.59,0.185,0.057,1.3,,,Ⅱ
2023-05-15T08:00:00+08:00,1684108800,22.7,8.15,8.93,448.4,5.9,3.5,0.15,0.054,1.25,,,Ⅱ
2023-05-15T12:00:00+08:00,1684123200,23.8,8.32,10.05,449.1,5.3,3.59,0.168,0.056,1.26,,,Ⅱ
2023-05-15T16:00:00+08:00,1684137600,25.2,8.86,12.85,455.6,5.9,3.63,0.156,0.048,1.21,,,Ⅱ
2023-05-15T20:00:00+08:00,1684152000,24.2,8.33,9.58,455.2,9.0,4.29,0.268,0.067,1.46,,,Ⅲ
2023-05-16T00:00:00+08:00,1684166400,23.8,8.32,9.41,450.8,8.4,3.98,0.278,0.069,1.4,,,Ⅱ
2023-05-16T04:00:00+08:00,1684180800,23.8,8.17,8.58,450.8,10.3,3.7,0.15,0.054,1.2,,,Ⅱ
2023-05-16T08:00:00+08:00,1684195200,23.7,8.22,8.77,450.7,8.7,3.61,0.175,0.061,1.3,,,Ⅱ
2023-05-16T12:00:00+08:00,1684209600,24.5,8.47,10.12,451.6,7.8,3.64,0.165,0.059,1.29,,,Ⅱ
2023-05-17T12:00:00+08:00,1684296000,23.8,7.7,5.82,452.9,12.1,3.51,0.209,0.067,1.34,,,Ⅲ
2023-05-17T16:00:00+08:00,1684310400,23.6,7.72,5.57,429.3,14.0,3.74,0.413,0.077,1.56,,,Ⅲ
2023-05-17T20:00:00+08:00,1684324800,23.6,7.55,4.48,441.5,11.6,4.25,0.601,0.099,1.88,,,Ⅳ
2023-05-18T00:00:00+08:00,1684339200,23.5,7.43,3.82,448.4,12.3,4.1,0.56,0.092,1.83,,,Ⅳ
2023-05-18T04:00:00+08:00,1684353600,23.4,7.35,2.99,449.7,10.6,4.06,0.632,0.094,1.86,,,Ⅴ
2023-05-18T08:00:00+08:00,1684368000,23.4,7.34,2.7,446.8,9.2,3.93,0.693,0.092,1.92,,,Ⅴ
2023-05-18T12:00:00+08:00,1684382400,23.5,7.34,2.67,448.6,7.2,3.9,0.732,0.084,1.84,,,Ⅴ
2023-05-18T16:00:00+08:00,1684396800,23.4,7.26,1.24,464.6,6.4,4.28,1.906,0.181,3.28,,,劣Ⅴ
2023-05-18T20:00:00+08:00,1684411200,23.1,7.48,3.82,452.3,14.0,3.91,0.708,0.096,2.07,,,Ⅳ
2023-05-19T00:00:00+08:00,1684425600,22.9,7.51,4.47,453.6,13.8,3.91,0.708,0.096,2.07,,,Ⅳ
2023-05-19T04:00:00+08:00,1684440000,22.7,7.57,5.13,445.1,13.1,3.39,0.567,0.081,1.7,,,Ⅲ
2023-05-19T08:00:00+08:00,1684454400,22.6,7.54,4.75,448.5,11.7,3.42,0.602,0.077,1.67,,,Ⅳ
2023-05-19T12:00:00+08:00,1684468800,22.7,7.54,4.7,449.1,11.9,3.49,0.589,0.074,1.66,,,Ⅳ
2023-05-19T16:00:00+08:00,1684483200,23.1,7.66,5.58,449.5,12.8,3.4,0.518,0.073,1.54,,,Ⅲ
2023-05-19T20:00:00+08:00,1684497600,23.0,7.66,5.62,448.7,13.8,3.49,0.541,0.076,1.61,,,Ⅲ
2023-05-20T00:00:00+08:00,1684512000,22.8,7.65,5.66,447.1,13.3,3.49,0.541,0.076,1.61,,,Ⅲ
2023-05-20T04:00:00+08:00,1684526400,22.6,7.64,5.52,446.9,12.1,3.22,0.47,0.07,1.45,,,Ⅲ
2023-05-20T08:00:00+08:00,1684540800,22.6,7.65,5.38,447.2,13.4,3.43,0.486,0.072,1.52,,,Ⅲ
2023-05-20T12:00:00+08:00,1684555200,23.0,7.61,5.16,447.7,12.2,3.2,0.563,0.068,1.57,,,Ⅲ
2023-05-20T16:00:00+08:00,1684569600,23.6,7.68,5.68,448.8,10.4,3.46,0.561,0.071,1.55,,,Ⅲ
2023-05-20T20:00:00+08:00,1684584000,23.1,7.61,5.07,450.0,13.8,3.54,0.794,0.085,1.89,,,Ⅲ
2023-05-21T00:00:00+08:00,1684598400,23.0,7.69,5.8,449.7,12.7,3.54,0.794,0.085,1.89,,,Ⅲ
2023-05-21T04:00:00+08:00,1684612800,22.9,7.67,5.72,449.0,12.0,3.39,0.541,0.074,1.53,,,Ⅲ
2023-05-21T08:00:00+08:00,1684627200,22.8,7.64,5.47,449.0,12.4,3.36,0.566,0.077,1.68,,,Ⅲ
2023-05-21T12:00:00+08:00,1684641600,23.2,7.55,4.92,451.4,8.5,3.42,0.73,0.078,1.82,,,Ⅳ
2023-05-21T16:00:00+08:00,1684656000,23.9,7.87,6.98,452.1,8.0,3.66,0.847,0.083,1.87,,,Ⅲ
2023-05-21T20:00:00+08:00,1684670400,23.8,7.79,6.44,452.8,10.7,3.62,0.72,0.08,1.76,,,Ⅲ
2023-05-22T00:00:00+08:00,1684684800,23.7,7.74,6.08,451.0,13.3,3.62,0.72,0.08,1.76,,,Ⅲ
2023-05-22T04:00:00+08:00,1684699200,23.5,7.74,6.12,450.6,12.3,3.33,0.583,0.077,1.63,,,Ⅲ
2023-05-22T08:00:00+08:00,1684713600,23.3,7.81,6.53,443.6,12.4,3.58,0.819,0.088,1.96,,,Ⅲ
2023-05-22T12:00:00+08:00,1684728000,23.0,7.75,6.2,443.7,13.7,3.65,0.839,0.094,2.05,,,Ⅲ
2023-05-22T16:00:00+08:00,1684742400,23.1,7.72,6.01,441.5,13.1,3.6,0.806,0.084,1.98,,,Ⅲ
2023-05-22T20:00:00+08:00,1684756800,22.8,7.78,6.34,443.0,14.3,3.42,0.524,0.081,1.59,,,Ⅲ
2023-05-23T00:00:00+08:00,1684771200,22.6,7.72,5.91,442.6,13.3,3.42,0.524,0.081,1.59,,,Ⅲ
2023-05-23T04:00:00+08:00,1684785600,22.2,7.64,5.41,442.2,14.6,3.29,0.565,0.078,1.6,,,Ⅲ
2023-05-23T08:00:00+08:00,1684800000,22.1,7.67,5.72,441.6,13.6,3.32,0.498,0.077,1.56,,,Ⅲ
2023-05-24T16:00:00+08:00,1684915200,22.4,7.8,6.35,445.4,11.9,3.43,0.503,0.069,1.56,,,Ⅲ
2023-05-25T12:00:00+08:00,1684987200,22.4,7.82,6.56,450.8,13.2,3.33,0.372,0.066,1.41,,,Ⅱ
2023-05-25T16:00:00+08:00,1685001600,23.3,8.04,7.85,451.0,12.6,3.34,0.322,0.064,1.33,,,Ⅱ
2023-05-25T20:00:00+08:00,1685016000,23.3,7.98,7.46,450.5,12.3,3.46,0.287,0.064,1.3,,,Ⅱ
2023-05-26T00:00:00+08:00,1685030400,23.2,7.95,7.3,449.9,12.7,3.43,0.291,0.059,1.29,,,Ⅱ
2023-05-26T04:00:00+08:00,1685044800,23.1,7.91,6.84,449.2,13.0,3.36,0.314,0.062,1.29,,,Ⅱ
2023-05-26T08:00:00+08:00,1685059200,23.1,7.87,6.54,448.5,12.9,3.36,0.317,0.062,1.31,,,Ⅱ
2023-05-26T12:00:00+08:00,1685073600,23.5,8.11,7.89,449.9,10.6,3.42,0.238,0.059,1.24,,,Ⅱ
2023-05-26T16:00:00+08:00,1685088000,24.0,8.36,9.13,449.7,10.7,3.58,0.218,0.063,1.26,,,Ⅱ
2023-05-26T20:00:00+08:00,1685102400,23.9,8.18,8.09,450.0,12.0,3.36,0.203,0.061,1.22,,,Ⅱ
2023-05-27T00:00:00+08:00,1685116800,23.8,8.03,7.45,446.9,13.9,3.51,0.322,0.06,1.36,,,Ⅱ
2023-05-27T04:00:00+08:00,1685131200,23.8,7.96,6.98,443.1,14.3,3.48,0.323,0.072,1.4,,,Ⅱ
2023-05-27T08:00:00+08:00,1685145600,23.8,7.87,6.44,443.2,13.4,3.44,0.327,0.069,1.4,,,Ⅱ
2023-05-27T12:00:00+08:00,1685160000,24.2,8.03,7.35,441.7,12.5,3.12,0.315,0.068,1.37,,,Ⅱ
2023-05-27T16:00:00+08:00,1685174400,24.8,8.17,8.23,438.2,10.2,3.44,0.336,0.076,1.53,,,Ⅱ
2023-05-27T20:00:00+08:00,1685188800,24.5,8.02,7.48,436.0,12.5,3.19,0.336,0.07,1.54,,,Ⅱ
2023-05-28T00:00:00+08:00,1685203200,24.5,7.92,7.07,439.5,12.6,3.3,0.415,0.07,1.56,,,Ⅱ
2023-05-28T04:00:00+08:00,1685217600,24.4,7.85,6.47,440.4,11.6,3.19,0.417,0.072,1.6,,,Ⅱ
2023-05-28T08:00:00+08:00,1685232000,24.4,7.84,6.08,443.3,10.4,3.19,0.418,0.07,1.58,,,Ⅱ
2023-05-28T12:00:00+08:00,1685246400,25.2,7.87,6.4,445.5,9.6,3.19,0.386,0.073,1.55,,,Ⅱ
2023-05-28T16:00:00+08:00,1685260800,26.1,8.41,9.09,445.8,8.7,4.6,0.312,0.072,1.44,,,Ⅲ
2023-05-28T20:00:00+08:00,1685275200,26.4,8.36,8.61,447.5,9.2,3.59,0.304,0.068,1.46,,,Ⅱ
2023-05-29T00:00:00+08:00,1685289600,26.1,8.03,7.12,447.2,10.9,3.26,0.37,0.071,1.58,,,Ⅱ
2023-05-29T04:00:00+08:00,1685304000,26.1,8.0,6.87,446.1,12.0,3.23,0.413,0.074,1.6,,,Ⅱ
2023-05-29T12:00:00+08:00,1685332800,26.7,8.14,7.73,447.2,9.0,3.37,0.325,0.071,1.51,,,Ⅱ
2023-05-29T16:00:00+08:00,1685347200,28.6,9.2,16.38,452.3,6.6,4.08,0.155,0.084,1.44,,,劣Ⅴ
2023-05-29T20:00:00+08:00,1685361600,27.5,8.47,8.73,456.3,10.1,3.46,0.242,0.069,1.37,,,Ⅱ
2023-05-30T00:00:00+08:00,1685376000,27.2,8.32,8.05,449.0,10.0,3.31,0.262,0.067,1.4,,,Ⅱ
2023-05-30T04:00:00+08:00,1685390400,27.0,8.17,7.31,448.8,11.8,3.09,0.268,0.065,1.4,,,Ⅱ
2023-05-30T08:00:00+08:00,1685404800,27.0,8.11,7.07,447.4,11.3,3.25,0.271,0.071,1.4,,,Ⅱ
2023-05-30T12:00:00+08:00,1685419200,27.1,8.1,7.26,454.7,10.3,3.17,0.267,0.062,1.35,,,Ⅱ
2023-05-30T16:00:00+08:00,1685433600,27.4,8.43,8.41,458.5,9.4,3.34,0.205,0.066,1.29,,,Ⅱ
2023-05-30T20:00:00+08:00,1685448000,27.2,8.2,7.44,457.1,11.5,3.24,0.226,0.067,1.32,,,Ⅱ
2023-05-31T00:00:00+08:00,1685462400,27.0,8.07,6.77,457.8,11.4,3.24,0.226,0.067,1.32,,,Ⅱ
2023-05-31T04:00:00+08:00,1685476800,26.7,8.0,6.33,452.6,14.0,3.02,0.284,0.066,1.4,,,Ⅱ
2023-05-31T08:00:00+08:00,1685491200,26.4,7.97,5.86,454.7,12.9,3.0,0.257,0.065,1.38,,,Ⅲ
2023-05-31T12:00:00+08:00,1685505600,26.4,7.91,5.7,452.9,12.0,3.04,0.272,0.068,1.38,,,Ⅲ
2023-05-31T16:00:00+08:00,1685520000,26.6,7.99,6.24,453.3,12.1,3.05,0.272,0.068,1.4,,,Ⅱ
2023-05-31T20:00:00+08:00,1685534400,26.5,7.96,6.18,454.2,11.6,3.1,0.26,0.066,1.33,,,Ⅱ
2023-06-01T00:00:00+08:00,1685548800,26.2,7.9,5.79,454.1,14.0,3.1,0.26,0.066,1.33,,,Ⅲ
2023-06-01T04:00:00+08:00,1685563200,26.1,7.89,5.71,454.1,13.6,2.94,0.286,0.066,1.35,,,Ⅲ
2023-06-01T08:00:00+08:00,1685577600,26.1,7.81,5.2,454.1,12.6,3.11,0.299,0.067,1.36,,,Ⅲ
2023-06-01T12:00:00+08:00,1685592000,26.5,7.97,5.99,463.7,11.2,2.97,0.25,0.064,1.27,,,Ⅲ
2023-06-02T12:00:00+08:00,1685678400,27.1,7.94,6.21,465.4,9.4,2.81,0.219,0.063,1.24,,,Ⅱ
2023-06-04T00:00:00+08:00,1685808000,26.8,8.13,6.98,460.9,14.8,3.33,0.226,0.071,1.28,,,Ⅱ
2023-06-04T04:00:00+08:00,1685822400,26.4,8.11,6.48,455.1,14.5,3.33,0.226,0.071,1.28,,,Ⅱ
2023-06-04T08:00:00+08:00,1685836800,26.2,7.99,5.94,455.2,13.5,2.95,0.204,0.066,1.25,,,Ⅲ
2023-06-04T12:00:00+08:00,1685851200,26.4,7.94,6.05,454.2,14.0,3.07,0.222,0.067,1.28,,,Ⅱ
2023-06-04T16:00:00+08:00,1685865600,26.5,7.98,6.56,452.1,14.2,3.16,0.271,0.07,1.35,,,Ⅱ
2023-06-04T20:00:00+08:00,1685880000,26.2,8.11,6.99,455.1,15.8,3.33,0.292,0.068,1.42,,,Ⅱ
2023-06-05T00:00:00+08:00,1685894400,25.8,8.09,6.7,456.4,15.1,3.23,0.213,0.069,1.27,,,Ⅱ
2023-06-05T04:00:00+08:00,1685908800,25.6,8.01,6.26,455.9,14.8,3.23,0.213,0.069,1.27,,,Ⅱ
2023-06-05T08:00:00+08:00,1685923200,25.5,7.86,5.46,454.7,14.5,2.9,0.216,0.063,1.23,,,Ⅲ
2023-06-05T12:00:00+08:00,1685937600,25.1,7.9,6.35,441.4,15.2,3.03,0.268,0.065,1.36,,,Ⅱ
2023-06-05T16:00:00+08:00,1685952000,25.1,7.83,5.71,438.4,14.8,3.14,0.338,0.074,1.45,,,Ⅲ
2023-06-05T20:00:00+08:00,1685966400,24.8,7.79,5.41,442.9,15.9,3.1,0.319,0.069,1.44,,,Ⅲ
2023-06-06T00:00:00+08:00,1685980800,24.6,7.74,5.19,438.7,15.1,3.02,0.319,0.071,1.42,,,Ⅲ
2023-06-06T04:00:00+08:00,1685995200,24.4,7.63,4.62,434.1,15.2,3.02,0.319,0.071,1.42,,,Ⅳ
2023-06-06T08:00:00+08:00,1686009600,24.2,7.52,4.17,431.9,12.4,3.01,0.495,0.081,1.79,,,Ⅳ
2023-06-06T12:00:00+08:00,1686024000,24.2,7.54,4.22,425.5,13.3,3.06,0.654,0.085,1.88,,,Ⅳ
2023-06-06T16:00:00+08:00,1686038400,24.4,7.58,4.49,433.1,13.8,3.07,0.629,0.084,1.77,,,Ⅳ
2023-06-06T20:00:00+08:00,1686052800,24.4,7.65,5.2,441.0,14.6,3.12,0.58,0.08,1.69,,,Ⅲ
2023-06-07T00:00:00+08:00,1686067200,24.2,7.66,5.38,441.0,13.4,3.12,0.581,0.082,1.69,,,Ⅲ
2023-06-07T04:00:00+08:00,1686081600,24.0,7.66,5.22,442.0,12.2,3.12,0.581,0.082,1.69,,,Ⅲ
2023-06-07T08:00:00+08:00,1686096000,24.1,7.61,4.66,445.4,11.9,2.92,0.567,0.077,1.66,,,Ⅳ
2023-06-07T12:00:00+08:00,1686110400,24.3,7.6,4.56,445.2,11.7,2.98,0.541,0.079,1.63,,,Ⅳ
2023-06-07T16:00:00+08:00,1686124800,24.5,7.59,4.39,444.5,11.4,3.03,0.554,0.076,1.65,,,Ⅳ
2023-06-07T20:00:00+08:00,1686139200,24.9,7.74,5.77,447.4,11.6,3.28,0.603,0.078,1.68,,,Ⅲ
2023-06-08T00:00:00+08:00,1686153600,24.9,7.73,5.74,448.1,13.2,3.12,0.558,0.076,1.6,,,Ⅲ
2023-06-08T04:00:00+08:00,1686168000,24.8,7.72,5.53,448.0,12.3,3.12,0.558,0.076,1.6,,,Ⅲ
2023-06-08T12:00:00+08:00,1686196800,25.2,7.68,5.16,449.5,11.5,3.1,0.553,0.078,1.64,,,Ⅲ
2023-06-08T16:00:00+08:00,1686211200,25.8,7.83,6.12,451.4,12.8,3.02,0.539,0.076,1.64,,,Ⅲ
2023-06-08T20:00:00+08:00,1686225600,26.1,7.93,6.8,453.4,14.2,3.12,0.46,0.074,1.54,,,Ⅱ
2023-06-09T00:00:00+08:00,1686240000,26.1,7.87,6.51,452.0,11.7,3.11,0.398,0.075,1.47,,,Ⅱ
2023-06-09T04:00:00+08:00,1686254400,26.0,7.79,5.96,450.7,12.3,3.11,0.398,0.075,1.47,,,Ⅲ
2023-06-09T08:00:00+08:00,1686268800,26.0,7.82,5.88,452.9,11.4,2.98,0.49,0.081,1.59,,,Ⅲ
2023-06-09T12:00:00+08:00,1686283200,26.4,7.77,5.68,455.1,11.1,3.06,0.403,0.073,1.46,,,Ⅲ
2023-06-09T16:00:00+08:00,1686297600,26.9,7.87,6.1,461.2,14.8,2.98,0.353,0.072,1.38,,,Ⅱ
2023-06-10T00:00:00+08:00,1686326400,27.1,8.12,7.52,461.0,13.2,3.05,0.227,0.063,1.22,,,Ⅱ
2023-06-10T04:00:00+08:00,1686340800,27.0,8.03,6.89,459.5,13.8,3.05,0.227,0.063,1.22,,,Ⅱ
2023-06-10T08:00:00+08:00,1686355200,27.0,8.0,6.78,460.0,11.2,3.06,0.346,0.07,1.42,,,Ⅱ
2023-06-10T12:00:00+08:00,1686369600,27.4,8.01,7.03,460.4,10.9,3.16,0.319,0.068,1.36,,,Ⅱ
2023-06-10T16:00:00+08:00,1686384000,28.0,8.23,8.14,461.2,10.5,3.17,0.283,0.07,1.37,,,Ⅱ
2023-06-10T20:00:00+08:00,1686398400,28.3,8.43,8.91,461.8,13.2,3.22,0.241,0.064,1.23,,,Ⅱ
2023-06-11T00:00:00+08:00,1686412800,27.8,8.23,7.86,461.4,13.2,3.24,0.2,0.065,1.21,,,Ⅱ
2023-06-11T04:00:00+08:00,1686427200,27.7,7.98,6.39,461.9,13.6,3.24,0.2,0.065,1.21,,,Ⅱ
2023-06-11T08:00:00+08:00,1686441600,27.6,8.0,6.63,459.6,11.6,3.03,0.311,0.068,1.36,,,Ⅱ
2023-06-11T12:00:00+08:00,1686456000,27.9,8.13,7.57,459.2,10.7,3.14,0.316,0.071,1.34,,,Ⅱ
2023-06-11T16:00:00+08:00,1686470400,28.0,8.59,10.3,456.3,11.3,3.21,0.274,0.066,1.33,,,Ⅱ
2023-06-11T20:00:00+08:00,1686484800,27.9,8.44,8.74,458.7,14.8,3.62,0.224,0.074,1.38,,,Ⅱ
2023-06-12T00:00:00+08:00,1686499200,27.6,8.23,7.72,460.3,14.2,3.73,0.189,0.067,1.26,,,Ⅱ
2023-06-12T04:00:00+08:00,1686513600,27.4,8.14,7.18,459.6,13.4,3.73,0.189,0.067,1.26,,,Ⅱ
2023-06-12T08:00:00+08:00,1686528000,27.3,8.0,6.32,461.8,13.6,2.99,0.196,0.064,1.23,,,Ⅱ
2023-06-12T12:00:00+08:00,1686542400,27.8,8.04,6.48,464.2,13.7,3.04,0.195,0.066,1.16,,,Ⅱ
2023-06-12T16:00:00+08:00,1686556800,28.3,8.64,10.08,457.5,11.0,3.02,0.178,0.061,1.08,,,Ⅱ
2023-06-12T20:00:00+08:00,1686571200,28.0,8.4,8.55,460.5,11.2,3.48,0.143,0.069,1.19,,,Ⅱ
2023-06-13T00:00:00+08:00,1686585600,27.5,8.05,6.72,464.5,15.3,3.24,0.158,0.061,1.15,,,Ⅱ
2023-06-13T04:00:00+08:00,1686600000,27.3,8.01,6.44,463.1,14.1,3.24,0.158,0.061,1.15,,,Ⅱ
2023-06-13T08:00:00+08:00,1686614400,27.3,7.93,5.97,461.1,12.2,2.88,0.222,0.064,1.17,,,Ⅲ
2023-06-13T12:00:00+08:00,1686628800,27.4,7.95,5.85,464.7,12.9,3.06,0.243,0.07,1.27,,,Ⅲ
2023-06-13T16:00:00+08:00,1686643200,27.4,8.14,7.19,460.6,11.2,3.03,0.206,0.062,1.12,,,Ⅱ
2023-06-13T20:00:00+08:00,1686657600,27.3,8.07,6.68,461.7,13.7,3.26,0.228,0.074,1.24,,,Ⅱ
2023-06-14T00:00:00+08:00,1686672000,27.0,7.97,6.17,465.0,15.5,3.13,0.226,0.068,1.21,,,Ⅱ
2023-06-14T04:00:00+08:00,1686686400,26.8,7.95,5.86,465.9,15.2,3.13,0.226,0.068,1.21,,,Ⅲ
2023-06-14T08:00:00+08:00,1686700800,26.8,7.93,5.77,465.2,13.6,2.72,0.19,0.059,1.05,,,Ⅲ
2023-06-14T12:00:00+08:00,1686715200,27.1,7.9,5.72,466.9,12.2,2.86,0.198,0.06,1.07,,,Ⅲ
2023-06-14T16:00:00+08:00,1686729600,27.6,7.84,5.12,466.4,11.7,2.84,0.193,0.061,1.06,,,Ⅲ
2023-06-14T20:00:00+08:00,1686744000,27.3,7.93,5.6,466.9,12.6,2.92,0.243,0.065,1.11,,,Ⅲ
2023-06-15T00:00:00+08:00,1686758400,27.1,7.95,5.72,464.7,13.2,2.84,0.194,0.062,1.07,,,Ⅲ
2023-06-15T04:00:00+08:00,1686772800,26.9,7.85,5.13,464.8,12.7,2.84,0.194,0.062,1.07,,,Ⅲ
2023-06-15T08:00:00+08:00,1686787200,26.8,7.78,4.71,465.6,10.7,2.78,0.216,0.064,1.13,,,Ⅳ
2023-06-16T12:00:00+08:00,1686888000,27.3,7.88,5.77,466.3,12.8,2.99,0.249,0.068,1.19,,,Ⅲ
2023-06-16T16:00:00+08:00,1686902400,27.4,7.95,6.19,467.0,11.0,3.06,0.243,0.07,1.15,,,Ⅱ
2023-06-17T00:00:00+08:00,1686931200,27.0,7.95,6.17,466.3,15.8,3.09,0.249,0.07,1.15,,,Ⅱ
2023-06-19T08:00:00+08:00,1687132800,25.4,7.33,1.28,439.4,6.9,3.14,1.191,0.133,2.36,,,劣Ⅴ
2023-06-19T12:00:00+08:00,1687147200,25.6,7.4,1.93,428.9,7.3,3.42,1.589,0.171,2.97,,,劣Ⅴ
2023-06-19T16:00:00+08:00,1687161600,25.7,7.47,2.48,425.8,9.5,3.11,0.986,0.119,2.14,,,Ⅴ
2023-06-19T20:00:00+08:00,1687176000,25.8,7.51,4.0,378.2,17.2,2.97,0.62,0.094,1.73,,,Ⅳ
2023-06-20T00:00:00+08:00,1687190400,25.4,7.49,3.35,361.0,35.6,2.99,0.62,0.108,1.92,,,Ⅳ
2023-06-20T04:00:00+08:00,1687204800,25.6,7.55,3.92,386.5,21.2,4.09,1.196,0.202,4.31,,,Ⅳ
2023-06-20T12:00:00+08:00,1687233600,25.7,7.44,4.16,394.6,20.6,3.92,0.915,0.176,4.69,,,Ⅳ
2023-06-20T16:00:00+08:00,1687248000,26.2,7.37,3.76,398.7,21.5,4.33,0.926,0.191,5.44,,,Ⅳ
2023-06-20T20:00:00+08:00,1687262400,26.4,7.45,4.65,395.4,20.4,4.64,1.071,0.256,6.62,,,Ⅳ
2023-06-21T00:00:00+08:00,1687276800,26.4,7.39,3.95,395.5,18.1,4.62,1.005,0.211,5.65,,,Ⅳ
2023-06-21T04:00:00+08:00,1687291200,26.2,7.33,3.17,399.9,16.1,4.62,1.005,0.211,5.65,,,Ⅳ
2023-06-21T08:00:00+08:00,1687305600,26.2,7.33,3.19,400.2,14.0,4.13,1.05,0.197,5.3,,,Ⅳ
2023-06-21T12:00:00+08:00,1687320000,26.8,7.44,4.71,406.8,11.5,4.36,1.051,0.196,5.25,,,Ⅳ
2023-06-21T16:00:00+08:00,1687334400,27.2,7.52,5.74,407.3,10.4,4.46,0.989,0.188,4.88,,,Ⅲ
2023-06-21T20:00:00+08:00,1687348800,27.1,7.48,4.76,397.9,11.7,4.43,0.984,0.187,4.73,,,Ⅳ
2023-06-22T00:00:00+08:00,1687363200,27.4,7.56,5.34,393.2,10.2,4.58,0.989,0.182,4.59,,,Ⅲ
2023-06-22T04:00:00+08:00,1687377600,27.2,7.51,4.86,395.9,9.2,4.11,0.914,0.172,4.34,,,Ⅳ
2023-06-22T08:00:00+08:00,1687392000,27.0,7.49,4.86,398.1,8.4,3.9,0.941,0.164,4.38,,,Ⅳ
2023-06-22T12:00:00+08:00,1687406400,27.3,7.48,4.86,401.8,8.9,4.13,0.919,0.17,4.2,,,Ⅳ
2023-06-22T16:00:00+08:00,1687420800,27.3,7.63,6.43,405.0,10.8,4.05,0.903,0.159,4.03,,,Ⅲ
2023-06-22T20:00:00+08:00,1687435200,27.3,7.73,6.85,400.4,9.6,4.11,0.844,0.153,3.93,,,Ⅲ
2023-06-25T08:00:00+08:00,1687651200,24.8,7.28,2.75,368.7,9.3,3.36,1.005,0.154,4.31,,,Ⅴ
2023-06-25T12:00:00+08:00,1687665600,25.0,7.3,2.82,361.8,7.6,3.59,1.055,0.163,4.24,,,Ⅴ
2023-06-25T16:00:00+08:00,1687680000,25.4,7.42,4.38,362.3,6.3,3.26,1.097,0.152,3.72,,,Ⅳ
2023-06-25T20:00:00+08:00,1687694400,25.4,7.35,3.49,357.5,5.9,3.45,1.04,0.154,3.52,,,Ⅳ
2023-06-26T00:00:00+08:00,1687708800,25.4,7.32,2.89,361.1,5.5,3.23,0.956,0.142,3.02,,,Ⅴ
2023-06-26T04:00:00+08:00,1687723200,25.5,7.35,3.04,388.6,6.7,2.95,0.916,0.131,2.75,,,Ⅳ
2023-06-26T08:00:00+08:00,1687737600,25.6,7.4,3.06,397.4,6.4,2.85,0.781,0.116,2.43,,,Ⅳ
2023-06-26T12:00:00+08:00,1687752000,25.7,7.45,3.48,400.0,7.0,2.94,0.671,0.11,2.2,,,Ⅳ
2023-06-26T16:00:00+08:00,1687766400,26.0,7.54,4.37,403.4,6.0,3.02,0.626,0.111,2.11,,,Ⅳ
2023-06-26T20:00:00+08:00,1687780800,26.0,7.55,4.1,409.1,6.5,3.14,0.597,0.105,2.02,,,Ⅳ
2023-06-27T00:00:00+08:00,1687795200,25.9,7.51,4.05,398.3,6.4,2.92,0.494,0.098,1.8,,,Ⅳ
2023-06-27T04:00:00+08:00,1687809600,25.8,7.4,2.97,402.6,7.1,2.94,0.666,0.107,2.22,,,Ⅴ
2023-06-27T08:00:00+08:00,1687824000,25.8,7.36,3.29,392.6,5.4,2.89,0.702,0.106,2.28,,,Ⅳ
2023-06-27T12:00:00+08:00,1687838400,26.4,7.5,5.62,395.4,5.7,3.42,0.98,0.144,3.03,,,Ⅲ
2023-06-27T16:00:00+08:00,1687852800,27.1,7.69,7.66,399.0,5.9,3.52,0.955,0.146,3.1,,,Ⅲ
2023-06-27T20:00:00+08:00,1687867200,27.4,7.68,7.87,400.6,7.7,3.86,0.934,0.15,3.31,,,Ⅲ
2023-06-28T00:00:00+08:00,1687881600,27.1,7.58,6.59,400.5,7.0,4.06,1.068,0.16,3.6,,,Ⅳ
2023-06-28T04:00:00+08:00,1687896000,26.9,7.47,5.23,402.5,7.0,3.85,1.074,0.156,3.6,,,Ⅳ
2023-06-28T08:00:00+08:00,1687910400,27.0,7.58,6.57,395.8,6.4,3.6,1.061,0.146,3.57,,,Ⅳ
2023-06-28T12:00:00+08:00,1687924800,28.0,8.0,10.97,395.2,6.6,4.0,0.945,0.159,3.74,,,Ⅲ
2023-06-28T16:00:00+08:00,1687939200,29.0,8.12,12.25,402.7,7.1,4.75,0.797,0.167,3.81,,,Ⅲ
2023-06-28T20:00:00+08:00,1687953600,29.2,8.14,11.53,401.9,8.0,4.75,0.881,0.16,3.81,,,Ⅲ
2023-06-29T00:00:00+08:00,1687968000,29.0,7.97,9.77,398.2,8.5,4.31,0.793,0.149,3.58,,,Ⅲ
2023-06-29T04:00:00+08:00,1687982400,28.7,7.78,8.19,397.2,8.3,4.22,0.82,0.143,3.51,,,Ⅲ
2023-06-29T08:00:00+08:00,1687996800,28.6,7.87,9.47,392.8,6.7,3.9,0.785,0.137,3.48,,,Ⅲ
2023-06-29T12:00:00+08:00,1688011200,29.6,8.77,17.15,385.4,9.0,4.28,0.629,0.143,3.59,,,Ⅲ
2023-06-29T16:00:00+08:00,1688025600,30.2,9.49,23.54,374.3,11.9,5.01,0.392,0.141,3.55,,,劣Ⅴ
2023-06-29T20:00:00+08:00,1688040000,29.7,8.95,16.73,377.5,11.5,5.8,0.238,0.127,3.48,,,Ⅲ
2023-06-30T00:00:00+08:00,1688054400,29.5,8.39,12.76,378.6,11.9,5.2,0.358,0.128,3.44,,,Ⅲ
2023-06-30T04:00:00+08:00,1688068800,29.4,7.97,10.04,382.5,9.2,4.8,0.403,0.125,3.4,,,Ⅲ
2023-06-30T08:00:00+08:00,1688083200,29.1,7.66,7.36,386.1,8.2,4.32,0.477,0.119,3.52,,,Ⅲ
2023-06-30T12:00:00+08:00,1688097600,28.6,7.69,7.31,388.0,10.0,4.4,0.58,0.128,3.6,,,Ⅲ
2023-06-30T16:00:00+08:00,1688112000,28.2,7.55,5.7,386.7,10.3,4.62,0.801,0.159,3.9,,,Ⅲ
2023-06-30T20:00:00+08:00,1688126400,28.0,7.47,4.41,389.2,10.3,4.48,0.869,0.15,3.75,,,Ⅳ
2023-07-01T00:00:00+08:00,1688140800,27.9,7.43,3.65,391.5,10.0,4.22,0.97,0.144,3.64,,,Ⅳ
2023-07-01T04:00:00+08:00,1688155200,27.8,7.37,2.8,387.8,11.0,3.89,0.992,0.135,3.51,,,Ⅴ
2023-07-01T08:00:00+08:00,1688169600,27.7,7.33,2.5,386.7,8.5,3.76,1.113,0.15,3.71,,,Ⅴ
2023-07-01T12:00:00+08:00,1688184000,28.6,7.7,6.26,378.6,9.6,3.92,1.147,0.17,3.74,,,Ⅳ
2023-07-01T16:00:00+08:00,1688198400,29.7,8.13,10.02,381.6,9.8,4.78,0.955,0.183,3.83,,,Ⅲ
2023-07-01T20:00:00+08:00,1688212800,29.1,7.56,5.17,387.2,11.4,5.1,0.886,0.167,3.7,,,Ⅲ
2023-07-02T00:00:00+08:00,1688227200,29.3,7.53,4.78,385.4,10.6,4.63,1.073,0.18,3.67,,,Ⅳ
2023-07-02T04:00:00+08:00,1688241600,29.0,7.47,4.03,384.4,9.2,4.4,1.04,0.166,3.63,,,Ⅳ
2023-07-02T08:00:00+08:00,1688256000,29.0,7.48,4.34,384.7,8.4,4.12,1.058,0.17,3.64,,,Ⅳ
2023-07-02T12:00:00+08:00,1688270400,29.9,7.96,8.55,377.5,10.5,4.2,0.969,0.162,3.67,,,Ⅲ
2023-07-02T16:00:00+08:00,1688284800,30.1,7.98,8.73,380.0,10.6,4.87,0.677,0.162,3.56,,,Ⅲ
2023-07-02T20:00:00+08:00,1688299200,29.5,7.82,6.94,375.3,12.1,4.75,0.57,0.144,3.35,,,Ⅲ
2023-07-03T00:00:00+08:00,1688313600,29.2,7.78,6.48,376.3,13.7,4.82,0.642,0.151,3.42,,,Ⅲ
2023-07-03T04:00:00+08:00,1688328000,28.9,7.52,4.01,381.6,13.2,5.11,0.736,0.171,3.56,,,Ⅳ
2023-07-03T08:00:00+08:00,1688342400,29.0,7.63,5.12,375.9,12.4,4.58,0.923,0.179,3.74,,,Ⅲ
2023-07-03T12:00:00+08:00,1688356800,30.2,8.31,10.12,374.7,14.9,4.56,0.672,0.162,3.6,,,Ⅲ
2023-07-03T16:00:00+08:00,1688371200,30.0,7.76,6.41,381.0,11.4,5.4,0.524,0.173,3.49,,,Ⅲ
2023-07-03T20:00:00+08:00,1688385600,30.3,8.0,8.04,379.6,12.9,5.33,0.786,0.164,3.54,,,Ⅲ
2023-07-04T00:00:00+08:00,1688400000,30.5,8.56,12.05,371.7,15.8,5.05,0.614,0.168,3.35,,,Ⅲ
2023-07-04T04:00:00+08:00,1688414400,30.0,7.91,7.78,376.7,14.9,5.38,0.274,0.153,3.13,,,Ⅲ
2023-07-04T08:00:00+08:00,1688428800,30.0,8.17,9.5,374.3,14.9,4.81,0.428,0.154,3.18,,,Ⅲ
2023-07-04T12:00:00+08:00,1688443200,30.6,8.26,9.39,380.2,14.8,5.33,0.209,0.158,3.19,,,Ⅲ
2023-07-04T16:00:00+08:00,1688457600,32.1,9.64,25.44,383.5,19.4,5.53,0.298,0.154,3.06,,,劣Ⅴ
2023-07-04T20:00:00+08:00,1688472000,31.3,9.04,15.95,397.6,17.2,7.0,0.102,0.159,2.96,,,劣Ⅴ
2023-07-05T00:00:00+08:00,1688486400,30.9,8.59,12.36,397.3,18.1,6.43,0.23,0.168,2.9,,,Ⅳ
2023-07-05T04:00:00+08:00,1688500800,30.4,8.06,8.86,400.5,17.6,6.06,0.248,0.152,2.86,,,Ⅳ
2023-07-05T08:00:00+08:00,1688515200,29.8,7.95,7.27,408.5,13.1,5.38,0.358,0.151,2.97,,,Ⅲ
2023-07-05T12:00:00+08:00,1688529600,30.2,8.55,11.37,403.6,14.4,4.94,0.399,0.143,2.83,,,Ⅲ
2023-07-05T16:00:00+08:00,1688544000,31.0,9.31,19.45,405.0,15.7,5.77,0.189,0.155,2.82,,,劣Ⅴ
2023-07-05T20:00:00+08:00,1688558400,30.6,8.86,12.8,407.4,18.8,6.69,0.079,0.148,2.64,,,Ⅳ
2023-07-06T00:00:00+08:00,1688572800,30.3,8.33,10.15,408.9,15.3,6.23,0.15,0.146,2.72,,,Ⅳ
2023-07-06T04:00:00+08:00,1688587200,30.0,7.89,7.79,408.1,14.3,5.65,0.326,0.145,2.7,,,Ⅲ
2023-07-06T08:00:00+08:00,1688601600,30.0,7.85,7.47,407.4,13.7,5.3,0.432,0.156,2.74,,,Ⅲ
2023-07-06T12:00:00+08:00,1688616000,30.6,8.83,13.82,401.1,18.1,5.05,0.394,0.152,2.71,,,Ⅲ
2023-07-06T16:00:00+08:00,1688630400,31.4,8.45,10.37,401.6,15.7,6.58,0.111,0.17,2.79,,,Ⅳ
2023-07-06T20:00:00+08:00,1688644800,30.7,7.98,7.36,407.5,15.2,5.78,0.349,0.145,2.56,,,Ⅲ
2023-07-07T00:00:00+08:00,1688659200,30.9,8.24,9.4,407.0,15.9,5.26,0.498,0.146,2.73,,,Ⅲ
2023-07-07T04:00:00+08:00,1688673600,30.6,8.0,7.86,409.1,16.1,5.24,0.272,0.143,2.37,,,Ⅲ
2023-07-07T08:00:00+08:00,1688688000,30.6,8.05,7.83,411.0,18.8,5.02,0.277,0.139,2.52,,,Ⅲ
2023-07-07T12:00:00+08:00,1688702400,31.2,8.77,12.25,412.5,17.2,5.61,0.195,0.16,2.73,,,Ⅲ
2023-07-07T20:00:00+08:00,1688731200,30.9,8.12,7.66,425.3,16.4,5.72,0.182,0.13,2.06,,,Ⅲ
2023-07-08T00:00:00+08:00,1688745600,30.6,7.83,5.73,429.3,14.7,5.03,0.29,0.129,2.1,,,Ⅲ
2023-07-08T04:00:00+08:00,1688760000,30.3,7.7,4.67,429.4,14.4,4.66,0.384,0.123,2.08,,,Ⅳ
2023-07-08T08:00:00+08:00,1688774400,30.0,7.6,3.68,412.1,15.1,4.52,0.49,0.135,2.21,,,Ⅳ
2023-07-08T12:00:00+08:00,1688788800,30.0,7.55,3.37,407.8,13.7,4.37,0.544,0.139,2.25,,,Ⅳ
2023-07-08T16:00:00+08:00,1688803200,29.9,7.5,3.28,413.4,11.6,4.28,0.542,0.136,2.25,,,Ⅳ
2023-07-08T20:00:00+08:00,1688817600,29.9,7.47,3.0,412.3,12.7,4.84,0.979,0.193,2.68,,,Ⅳ
2023-07-09T00:00:00+08:00,1688832000,29.8,7.5,3.04,412.0,11.1,4.88,0.926,0.193,2.68,,,Ⅳ
2023-07-09T04:00:00+08:00,1688846400,29.6,7.41,2.21,408.7,11.1,4.46,0.922,0.179,2.55,,,Ⅴ
2023-07-09T08:00:00+08:00,1688860800,29.6,7.43,2.51,397.6,11.4,4.35,1.065,0.198,2.81,,,Ⅴ
2023-07-09T12:00:00+08:00,1688875200,29.7,7.42,2.51,392.8,11.8,4.4,0.927,0.184,2.67,,,Ⅴ
2023-07-09T16:00:00+08:00,1688889600,30.2,7.7,4.83,404.6,12.6,4.61,0.959,0.198,2.62,,,Ⅳ
2023-07-09T20:00:00+08:00,1688904000,30.0,7.56,3.63,404.6,11.7,4.8,0.715,0.177,2.31,,,Ⅳ
2023-07-10T00:00:00+08:00,1688918400,29.8,7.47,2.82,402.6,11.8,4.4,0.779,0.176,2.31,,,Ⅴ
2023-07-10T04:00:00+08:00,1688932800,29.6,7.43,2.33,402.4,11.9,4.33,0.838,0.178,2.31,,,Ⅴ
2023-07-10T08:00:00+08:00,1688947200,29.6,7.43,2.52,403.0,11.0,4.0,0.856,0.182,2.32,,,Ⅴ
2023-07-10T12:00:00+08:00,1688961600,29.2,7.41,2.2,392.5,13.3,4.33,0.884,0.198,2.47,,,Ⅴ
2023-07-10T16:00:00+08:00,1688976000,29.4,7.52,2.51,406.6,11.8,4.28,0.896,0.186,2.41,,,Ⅴ
2023-07-10T20:00:00+08:00,1688990400,29.4,7.49,2.21,405.2,10.7,3.67,0.599,0.146,1.76,,,Ⅴ
2023-07-11T00:00:00+08:00,1689004800,29.0,7.4,1.73,398.3,10.1,3.53,0.668,0.145,1.85,,,劣Ⅴ
2023-07-11T04:00:00+08:00,1689019200,28.6,7.33,1.42,394.6,9.2,3.66,0.977,0.172,2.28,,,劣Ⅴ
2023-07-11T08:00:00+08:00,1689033600,28.6,7.33,1.47,394.8,8.5,3.81,1.301,0.221,2.82,,,劣Ⅴ
2023-07-11T12:00:00+08:00,1689048000,29.4,7.51,4.12,389.9,11.3,3.92,1.33,0.226,2.88,,,Ⅳ
2023-07-11T16:00:00+08:00,1689062400,30.7,7.88,8.04,388.2,13.1,4.52,1.242,0.241,2.91,,,Ⅳ
2023-07-11T20:00:00+08:00,1689076800,29.8,7.48,4.38,389.1,13.0,5.26,1.102,0.244,2.91,,,Ⅳ
2023-07-12T00:00:00+08:00,1689091200,30.3,7.63,5.82,387.9,11.8,4.93,1.234,0.247,3.0,,,Ⅳ
2023-07-12T04:00:00+08:00,1689105600,30.2,7.62,5.54,387.5,12.2,4.64,0.952,0.211,2.61,,,Ⅳ
2023-07-12T08:00:00+08:00,1689120000,30.1,7.53,4.86,391.2,11.1,4.56,0.88,0.205,2.65,,,Ⅳ
2023-07-12T12:00:00+08:00,1689134400,31.0,8.1,9.57,388.8,16.2,4.66,0.848,0.207,2.67,,,Ⅳ
2023-07-12T16:00:00+08:00,1689148800,31.3,8.1,9.95,389.6,15.3,5.71,0.628,0.214,2.44,,,Ⅳ
2023-07-12T20:00:00+08:00,1689163200,31.7,7.96,11.08,396.6,17.2,5.79,0.733,0.213,2.56,,,Ⅳ
2023-07-13T00:00:00+08:00,1689177600,31.8,7.9,11.71,391.0,14.9,5.79,0.733,0.213,2.56,,,Ⅳ
2023-07-13T04:00:00+08:00,1689192000,31.5,7.68,9.86,390.5,14.6,5.32,0.564,0.182,2.23,,,Ⅲ
2023-07-13T08:00:00+08:00,1689206400,31.4,7.92,13.66,379.6,16.1,5.95,0.288,0.184,2.09,,,Ⅲ
2023-07-13T12:00:00+08:00,1689220800,31.2,8.03,12.46,382.4,16.3,5.96,0.321,0.173,1.9,,,Ⅲ
2023-07-13T16:00:00+08:00,1689235200,32.0,9.61,28.67,375.9,26.8,8.02,0.108,0.193,1.89,,,劣Ⅴ
2023-07-13T20:00:00+08:00,1689249600,31.5,8.48,18.9,387.8,18.4,8.02,0.108,0.193,1.89,,,Ⅳ
2023-07-14T00:00:00+08:00,1689264000,31.3,8.2,15.81,388.3,19.2,6.95,0.347,0.177,1.87,,,Ⅳ
2023-07-14T04:00:00+08:00,1689278400,31.1,7.85,11.61,390.6,17.5,6.05,0.385,0.162,1.92,,,Ⅳ
2023-07-14T08:00:00+08:00,1689292800,31.1,7.95,12.4,388.8,16.9,6.18,0.3,0.167,2.06,,,Ⅳ
2023-07-14T12:00:00+08:00,1689307200,32.2,8.92,20.88,390.2,17.4,6.98,0.195,0.171,1.87,,,Ⅳ
2023-07-14T16:00:00+08:00,1689321600,32.8,9.29,23.81,387.2,20.2,6.98,0.195,0.171,1.87,,,劣Ⅴ
2023-07-14T20:00:00+08:00,1689336000,32.8,9.01,24.38,380.0,20.5,7.42,0.232,0.165,1.74,,,劣Ⅴ
2023-07-15T00:00:00+08:00,1689350400,31.9,7.8,11.01,389.6,18.4,7.42,0.232,0.165,1.74,,,Ⅳ
2023-07-15T04:00:00+08:00,1689364800,31.7,7.77,11.12,383.9,17.9,5.83,0.368,0.159,1.82,,,Ⅳ
2023-07-15T08:00:00+08:00,1689379200,31.8,7.89,13.12,380.6,17.3,6.34,0.21,0.158,1.83,,,Ⅳ
2023-07-15T12:00:00+08:00,1689393600,32.0,8.14,14.5,385.6,16.5,6.58,0.272,0.168,1.86,,,Ⅳ
2023-07-15T16:00:00+08:00,1689408000,32.8,9.31,24.15,380.6,22.2,8.12,0.145,0.164,1.72,,,劣Ⅴ
2023-07-15T20:00:00+08:00,1689422400,32.4,8.74,19.92,380.4,21.9,7.28,0.209,0.161,1.72,,,Ⅳ
2023-07-16T00:00:00+08:00,1689436800,31.6,7.68,8.04,389.0,21.3,7.28,0.209,0.161,1.72,,,Ⅳ
2023-07-16T04:00:00+08:00,1689451200,30.7,7.55,6.05,372.2,21.5,5.42,0.515,0.161,1.94,,,Ⅲ
2023-07-16T08:00:00+08:00,1689465600,30.6,7.62,4.66,383.0,16.5,4.51,0.416,0.123,1.64,,,Ⅳ
2023-07-16T12:00:00+08:00,1689480000,30.6,7.52,4.7,376.6,17.0,4.54,0.51,0.143,1.86,,,Ⅳ
2023-07-16T16:00:00+08:00,1689494400,31.4,7.84,7.27,383.3,16.3,4.96,0.378,0.136,1.74,,,Ⅲ
2023-07-16T20:00:00+08:00,1689508800,30.1,7.5,4.05,357.2,18.5,4.39,0.61,0.142,2.11,,,Ⅳ
2023-07-17T00:00:00+08:00,1689523200,30.0,7.52,3.51,363.7,16.4,4.39,0.61,0.142,2.11,,,Ⅳ
2023-07-17T04:00:00+08:00,1689537600,29.8,7.45,2.41,365.5,12.9,3.52,0.52,0.121,1.63,,,Ⅴ
2023-07-17T08:00:00+08:00,1689552000,29.8,7.43,2.24,361.8,10.7,3.62,0.528,0.125,1.69,,,Ⅴ
2023-07-17T12:00:00+08:00,1689566400,30.4,7.52,3.54,364.7,9.3,3.81,0.463,0.127,1.6,,,Ⅳ
2023-07-17T16:00:00+08:00,1689580800,30.1,7.35,3.26,363.5,12.5,4.12,0.894,0.17,2.52,,,Ⅳ
2023-07-17T20:00:00+08:00,1689595200,30.0,7.39,3.77,359.5,13.3,4.34,0.877,0.18,2.58,,,Ⅳ
2023-07-18T00:00:00+08:00,1689609600,29.8,7.37,2.46,362.9,10.3,4.34,0.877,0.18,2.58,,,Ⅴ
2023-07-18T04:00:00+08:00,1689624000,29.3,7.25,1.79,361.0,10.9,3.88,1.11,0.2,2.8,,,劣Ⅴ
2023-07-18T08:00:00+08:00,1689638400,29.2,7.25,1.83,359.1,9.7,3.94,1.107,0.209,2.81,,,劣Ⅴ
2023-07-18T12:00:00+08:00,1689652800,29.8,7.4,4.45,361.0,10.9,4.49,0.951,0.205,2.8,,,Ⅳ
2023-07-18T16:00:00+08:00,1689667200,30.8,7.85,9.85,359.3,12.9,5.37,0.779,0.209,2.72,,,Ⅳ
2023-07-18T20:00:00+08:00,1689681600,30.2,7.54,6.08,359.1,13.9,4.98,0.866,0.2,2.85,,,Ⅳ
2023-07-19T00:00:00+08:00,1689696000,30.2,7.56,5.06,369.1,12.3,4.98,0.866,0.2,2.85,,,Ⅲ
2023-07-19T04:00:00+08:00,1689710400,29.9,7.46,3.79,370.1,10.5,3.77,0.748,0.16,2.27,,,Ⅳ
2023-07-19T08:00:00+08:00,1689724800,29.6,7.37,2.75,370.7,10.9,3.89,0.889,0.176,2.43,,,Ⅴ
2023-07-19T12:00:00+08:00,1689739200,30.0,7.5,5.36,367.2,11.5,3.89,0.889,0.176,2.43,,,Ⅲ
2023-07-19T16:00:00+08:00,1689753600,30.1,7.5,5.5,367.8,12.6,4.64,0.873,0.203,2.65,,,Ⅲ
2023-07-19T20:00:00+08:00,1689768000,29.7,7.47,4.96,365.5,14.2,4.74,0.935,0.199,2.75,,,Ⅳ
2023-07-20T00:00:00+08:00,1689782400,29.4,7.37,3.12,368.4,13.7,4.74,0.935,0.199,2.75,,,Ⅳ
2023-07-20T04:00:00+08:00,1689796800,29.2,7.35,2.77,372.0,11.7,4.24,1.155,0.217,2.91,,,Ⅴ
2023-07-20T08:00:00+08:00,1689811200,29.3,7.47,3.06,371.3,12.7,3.49,0.679,0.145,1.91,,,Ⅳ
2023-07-20T12:00:00+08:00,1689825600,29.6,7.5,4.39,354.0,12.0,3.89,0.911,0.174,2.49,,,Ⅳ
2023-07-20T16:00:00+08:00,1689840000,29.7,7.58,5.9,348.5,15.3,4.35,0.926,0.192,2.77,,,Ⅲ
2023-07-20T20:00:00+08:00,1689854400,29.0,7.37,3.21,344.4,16.0,3.98,1.12,0.199,3.01,,,Ⅳ
2023-07-21T00:00:00+08:00,1689868800,29.0,7.37,2.74,348.9,13.6,3.98,1.12,0.199,3.01,,,Ⅴ
2023-07-21T04:00:00+08:00,1689883200,28.6,7.28,1.84,347.6,12.0,3.58,1.267,0.199,3.06,,,劣Ⅴ
2023-07-21T08:00:00+08:00,1689897600,28.6,7.28,2.27,349.6,11.5,3.73,1.308,0.21,3.28,,,Ⅴ
2023-07-21T12:00:00+08:00,1689912000,29.4,7.47,4.58,349.4,11.7,4.02,1.174,0.211,2.97,,,Ⅳ
2023-07-21T16:00:00+08:00,1689926400,29.8,7.54,5.79,353.3,14.4,4.28,1.115,0.21,3.02,,,Ⅳ
2023-07-21T20:00:00+08:00,1689940800,29.6,7.5,4.86,348.6,15.9,4.24,1.115,0.209,3.01,,,Ⅳ
2023-07-22T00:00:00+08:00,1689955200,29.6,7.52,5.18,349.6,15.0,4.24,1.115,0.209,3.01,,,Ⅳ
2023-07-22T04:00:00+08:00,1689969600,29.4,7.47,4.38,353.1,15.3,4.43,1.047,0.214,3.07,,,Ⅳ
2023-07-22T08:00:00+08:00,1689984000,29.4,7.56,5.09,348.7,16.0,4.71,0.747,0.2,2.81,,,Ⅳ
2023-07-22T12:00:00+08:00,1689998400,29.6,7.8,7.96,348.6,15.2,5.25,0.654,0.202,2.74,,,Ⅳ
2023-07-22T16:00:00+08:00,1690012800,29.9,8.06,8.85,347.4,19.7,5.52,0.517,0.192,2.56,,,Ⅲ
2023-07-22T20:00:00+08:00,1690027200,29.6,7.65,5.75,354.6,19.6,5.09,0.772,0.2,2.75,,,Ⅲ
2023-07-23T00:00:00+08:00,1690041600,29.4,7.55,4.76,354.9,17.4,5.09,0.772,0.2,2.75,,,Ⅳ
2023-07-23T04:00:00+08:00,1690056000,29.3,7.48,3.92,357.4,17.0,4.63,0.876,0.196,2.79,,,Ⅳ
2023-07-23T08:00:00+08:00,1690070400,29.2,7.45,3.49,356.8,14.8,4.41,0.949,0.193,2.7,,,Ⅳ
2023-07-23T12:00:00+08:00,1690084800,30.2,7.9,8.05,353.8,17.4,5.75,0.573,0.203,2.64,,,Ⅳ
2023-07-23T16:00:00+08:00,1690099200,31.3,8.7,14.05,357.5,19.3,6.64,0.495,0.197,2.57,,,Ⅳ
2023-07-23T20:00:00+08:00,1690113600,30.0,7.59,4.98,363.8,16.6,5.1,0.768,0.184,2.6,,,Ⅳ
2023-07-24T00:00:00+08:00,1690128000,30.0,7.65,6.12,368.0,20.0,5.1,0.768,0.184,2.6,,,Ⅲ
2023-07-24T04:00:00+08:00,1690142400,29.8,7.65,5.44,364.9,18.8,5.12,0.533,0.176,2.61,,,Ⅲ
2023-07-24T08:00:00+08:00,1690156800,29.8,7.74,6.25,361.9,17.2,5.24,0.33,0.164,2.31,,,Ⅲ
2023-07-24T12:00:00+08:00,1690171200,30.9,8.75,13.86,365.8,32.0,8.13,0.133,0.246,3.11,,,Ⅳ
2023-07-24T16:00:00+08:00,1690185600,31.6,9.28,20.04,369.4,20.3,7.58,0.153,0.18,2.3,,,劣Ⅴ
2023-07-24T20:00:00+08:00,1690200000,31.4,9.11,16.93,372.3,18.1,7.49,0.154,0.16,2.03,,,劣Ⅴ
2023-07-25T00:00:00+08:00,1690214400,30.7,8.26,10.85,373.1,16.7,7.49,0.154,0.16,2.03,,,Ⅳ
2023-07-25T04:00:00+08:00,1690228800,30.4,8.03,9.32,370.1,15.6,5.59,0.208,0.139,2.01,,,Ⅲ
2023-07-25T08:00:00+08:00,1690243200,30.3,8.11,9.99,368.0,15.3,5.9,0.124,0.15,2.09,,,Ⅲ
2023-07-25T12:00:00+08:00,1690257600,31.1,8.94,16.7,366.5,18.4,6.87,0.065,0.157,2.02,,,Ⅳ
2023-07-25T16:00:00+08:00,1690272000,30.9,8.12,9.74,372.7,14.8,5.85,0.371,0.148,2.01,,,Ⅲ
2023-07-25T20:00:00+08:00,1690286400,30.9,8.35,11.36,369.6,16.7,6.11,0.207,0.145,1.88,,,Ⅳ
2023-07-26T00:00:00+08:00,1690300800,30.4,8.06,9.57,368.8,17.8,6.11,0.207,0.145,1.88,,,Ⅳ
2023-07-26T04:00:00+08:00,1690315200,30.0,7.67,5.99,370.4,16.0,5.01,0.413,0.138,2.01,,,Ⅲ
2023-07-26T12:00:00+08:00,1690344000,30.5,7.8,7.62,368.5,15.2,5.59,0.366,0.152,2.03,,,Ⅲ
2023-07-26T16:00:00+08:00,1690358400,30.4,7.76,6.82,369.8,12.8,5.33,0.469,0.147,2.03,,,Ⅲ
2023-07-26T20:00:00+08:00,1690372800,30.3,7.71,6.22,369.6,14.3,5.27,0.508,0.156,2.05,,,Ⅲ
2023-07-27T00:00:00+08:00,1690387200,29.9,7.54,4.36,371.1,14.1,5.27,0.508,0.156,2.05,,,Ⅳ
2023-07-27T04:00:00+08:00,1690401600,29.7,7.45,3.2,371.4,13.4,4.59,0.684,0.167,2.12,,,Ⅳ
2023-07-27T08:00:00+08:00,1690416000,29.7,7.47,3.6,370.5,13.7,4.82,0.607,0.167,2.09,,,Ⅳ
2023-07-27T12:00:00+08:00,1690430400,30.2,7.98,9.39,365.9,17.2,5.65,0.335,0.189,2.11,,,Ⅲ
2023-07-27T16:00:00+08:00,1690444800,30.4,7.89,8.66,366.7,16.6,5.23,0.363,0.177,2.16,,,Ⅲ
2023-07-27T20:00:00+08:00,1690459200,30.1,7.7,6.46,368.2,17.1,5.26,0.418,0.173,2.07,,,Ⅲ
2023-07-28T00:00:00+08:00,1690473600,29.9,7.54,4.33,367.6,18.9,5.26,0.418,0.173,2.07,,,Ⅳ
2023-07-28T04:00:00+08:00,1690488000,29.7,7.45,2.93,369.4,15.8,4.25,0.678,0.163,2.09,,,Ⅴ
2023-07-28T08:00:00+08:00,1690502400,29.5,7.61,4.35,364.5,18.8,4.58,0.405,0.164,2.05,,,Ⅳ
2023-07-28T12:00:00+08:00,1690516800,29.6,7.7,5.14,368.8,16.5,4.43,0.356,0.148,1.82,,,Ⅲ
2023-07-28T16:00:00+08:00,1690531200,29.5,7.57,3.64,366.7,13.7,4.06,0.466,0.135,1.74,,,Ⅳ
2023-07-28T20:00:00+08:00,1690545600,29.4,7.59,3.51,364.0,16.1,3.87,0.465,0.137,1.75,,,Ⅳ
2023-07-29T00:00:00+08:00,1690560000,29.1,7.62,3.32,371.0,15.1,3.87,0.465,0.137,1.75,,,Ⅳ
2023-07-29T04:00:00+08:00,1690574400,29.0,7.65,3.28,376.8,15.0,3.19,0.4,0.112,1.31,,,Ⅳ
2023-07-29T08:00:00+08:00,1690588800,29.0,7.65,3.3,374.2,12.9,3.14,0.404,0.112,1.27,,,Ⅳ
2023-07-29T12:00:00+08:00,1690603200,29.2,7.71,3.96,374.4,11.3,3.14,0.386,0.108,1.25,,,Ⅳ
2023-07-29T16:00:00+08:00,1690617600,29.1,7.62,3.22,375.0,10.8,3.05,0.468,0.108,1.3,,,Ⅳ
2023-07-29T20:00:00+08:00,1690632000,28.9,7.62,3.06,377.1,10.2,2.93,0.397,0.104,1.11,,,Ⅳ
2023-07-30T00:00:00+08:00,1690646400,28.7,7.64,3.14,372.7,13.0,2.93,0.397,0.104,1.11,,,Ⅳ
2023-07-30T04:00:00+08:00,1690660800,28.6,7.58,2.61,371.2,12.5,2.83,0.475,0.112,1.26,,,Ⅴ
2023-07-30T08:00:00+08:00,1690675200,28.6,7.57,2.47,373.6,11.0,2.94,0.466,0.108,1.22,,,Ⅴ
2023-07-30T12:00:00+08:00,1690689600,29.1,7.57,2.61,374.2,9.0,2.87,0.498,0.11,1.21,,,Ⅴ
2023-07-30T16:00:00+08:00,1690704000,29.3,7.57,2.6,376.3,9.2,3.04,0.529,0.119,1.28,,,Ⅴ
2023-07-30T20:00:00+08:00,1690718400,29.2,7.58,2.9,374.6,9.3,3.14,0.667,0.136,1.49,,,Ⅴ
2023-07-31T00:00:00+08:00,1690732800,28.9,7.55,3.16,372.5,9.2,3.14,0.667,0.136,1.49,,,Ⅳ
2023-07-31T04:00:00+08:00,1690747200,28.7,7.5,2.06,376.0,8.1,2.9,0.734,0.138,1.49,,,Ⅴ
2023-07-31T08:00:00+08:00,1690761600,28.7,7.51,2.13,376.4,7.8,3.05,0.738,0.144,1.58,,,Ⅴ
2023-07-31T12:00:00+08:00,1690776000,29.1,7.53,2.48,378.9,7.9,3.19,0.768,0.155,1.63,,,Ⅴ
2023-07-31T16:00:00+08:00,1690790400,29.9,7.7,4.88,373.7,7.8,3.77,0.855,0.168,1.87,,,Ⅳ
2023-07-31T20:00:00+08:00,1690804800,30.0,7.73,5.03,367.2,8.2,3.32,0.5,0.137,1.42,,,Ⅲ
2023-08-01T00:00:00+08:00,1690819200,29.5,7.67,4.1,368.0,10.1,3.32,0.5,0.137,1.42,,,Ⅳ
2023-08-01T04:00:00+08:00,1690833600,29.2,7.55,2.93,369.2,10.9,3.04,0.71,0.149,1.64,,,Ⅴ
2023-08-01T08:00:00+08:00,1690848000,29.1,7.57,3.49,369.6,8.3,3.5,0.896,0.171,2.04,,,Ⅳ
2023-08-01T12:00:00+08:00,1690862400,29.4,7.63,4.52,368.2,10.1,3.8,0.79,0.17,1.96,,,Ⅳ
2023-08-01T16:00:00+08:00,1690876800,29.6,7.93,6.32,365.5,10.2,3.5,0.374,0.131,1.3,,,Ⅲ
2023-08-01T20:00:00+08:00,1690891200,29.5,7.74,4.33,367.0,13.4,3.4,0.463,0.133,1.39,,,Ⅳ
2023-08-02T00:00:00+08:00,1690905600,29.3,7.66,3.9,363.0,13.4,3.4,0.463,0.133,1.39,,,Ⅳ
2023-08-02T04:00:00+08:00,1690920000,29.2,7.53,2.66,364.1,11.4,3.3,0.66,0.14,1.64,,,Ⅴ
2023-08-02T08:00:00+08:00,1690934400,29.1,7.51,2.37,365.0,9.8,3.29,0.669,0.139,1.64,,,Ⅴ
2023-08-02T12:00:00+08:00,1690948800,29.4,7.6,3.89,365.9,8.5,3.74,0.729,0.166,1.85,,,Ⅳ
2023-08-02T16:00:00+08:00,1690963200,30.2,8.1,8.83,368.1,9.7,4.68,0.74,0.18,2.06,,,Ⅲ
2023-08-02T20:00:00+08:00,1690977600,30.1,7.89,6.74,368.7,9.4,4.25,0.665,0.159,1.86,,,Ⅲ
2023-08-03T00:00:00+08:00,1690992000,29.7,7.77,4.66,371.8,9.1,4.25,0.665,0.159,1.86,,,Ⅳ
2023-08-03T04:00:00+08:00,1691006400,29.5,7.58,3.2,369.9,10.5,3.4,0.733,0.143,1.77,,,Ⅳ
2023-08-03T08:00:00+08:00,1691020800,29.2,7.55,3.21,367.9,8.5,3.9,0.863,0.166,2.06,,,Ⅳ
2023-08-03T12:00:00+08:00,1691035200,29.8,7.76,5.45,365.3,9.0,3.98,0.777,0.162,1.94,,,Ⅲ
2023-08-03T16:00:00+08:00,1691049600,30.6,7.88,6.91,367.2,9.6,4.66,0.76,0.152,1.98,,,Ⅲ
2023-08-03T20:00:00+08:00,1691064000,30.4,7.81,5.39,370.9,9.9,4.04,0.563,0.14,1.58,,,Ⅲ
2023-08-04T00:00:00+08:00,1691078400,30.1,7.82,4.75,375.8,10.2,4.04,0.563,0.14,1.58,,,Ⅳ
2023-08-04T04:00:00+08:00,1691092800,29.7,7.6,3.62,368.7,9.3,3.48,0.711,0.133,1.75,,,Ⅳ
2023-08-04T08:00:00+08:00,1691107200,29.5,7.59,3.76,365.2,8.3,3.99,0.797,0.162,1.99,,,Ⅳ
2023-08-04T12:00:00+08:00,1691121600,29.9,7.79,6.23,361.9,8.2,4.55,0.662,0.17,1.91,,,Ⅲ
2023-08-04T16:00:00+08:00,1691136000,30.4,8.45,11.56,356.3,9.9,5.09,0.448,0.167,1.86,,,Ⅲ
2023-08-04T20:00:00+08:00,1691150400,30.3,7.96,7.42,362.9,10.5,4.75,0.53,0.153,1.74,,,Ⅲ
2023-08-05T00:00:00+08:00,1691164800,30.2,7.82,5.16,372.3,10.5,4.75,0.53,0.153,1.74,,,Ⅲ
2023-08-05T04:00:00+08:00,1691179200,29.7,7.6,3.73,363.2,10.3,3.65,0.642,0.138,1.82,,,Ⅳ
2023-08-05T08:00:00+08:00,1691193600,29.6,7.69,4.9,357.9,8.9,4.19,0.61,0.157,1.89,,,Ⅳ
2023-08-05T12:00:00+08:00,1691208000,30.4,8.34,10.81,355.5,9.1,5.25,0.415,0.171,1.86,,,Ⅲ
2023-08-05T16:00:00+08:00,1691222400,30.8,8.8,14.57,351.9,11.6,5.96,0.24,0.162,1.84,,,Ⅲ
2023-08-05T20:00:00+08:00,1691236800,30.8,8.2,9.54,354.7,12.8,5.2,0.289,0.149,1.77,,,Ⅲ
2023-08-06T00:00:00+08:00,1691251200,30.7,8.05,8.1,356.7,10.6,5.2,0.289,0.149,1.77,,,Ⅲ
2023-08-06T04:00:00+08:00,1691265600,30.4,7.78,5.14,365.5,9.2,3.68,0.406,0.117,1.48,,,Ⅲ
2023-08-06T08:00:00+08:00,1691280000,30.5,8.1,8.06,355.1,11.0,4.41,0.229,0.131,1.57,,,Ⅲ
2023-08-06T12:00:00+08:00,1691294400,31.0,8.11,8.76,354.9,11.5,4.61,0.239,0.138,1.69,,,Ⅲ
2023-08-06T16:00:00+08:00,1691308800,31.7,8.72,12.99,350.4,14.1,5.4,0.249,0.153,1.68,,,Ⅲ
2023-08-06T20:00:00+08:00,1691323200,31.4,8.11,8.56,354.5,14.1,4.93,0.245,0.136,1.68,,,Ⅲ
2023-08-07T00:00:00+08:00,1691337600,31.4,8.08,9.87,343.4,15.2,4.93,0.245,0.136,1.68,,,Ⅲ
2023-08-07T04:00:00+08:00,1691352000,30.9,7.65,5.09,350.0,16.9,4.52,0.47,0.14,1.77,,,Ⅲ
2023-08-07T08:00:00+08:00,1691366400,30.9,7.7,6.0,347.6,14.7,4.58,0.421,0.139,1.76,,,Ⅲ
2023-08-07T12:00:00+08:00,1691380800,31.3,7.83,7.7,346.7,16.0,4.79,0.358,0.145,1.71,,,Ⅲ
2023-08-07T16:00:00+08:00,1691395200,31.8,8.19,10.77,348.1,15.4,5.61,0.355,0.156,1.81,,,Ⅲ
2023-08-07T20:00:00+08:00,1691409600,31.3,7.78,6.39,350.5,19.2,4.93,0.419,0.142,1.79,,,Ⅲ
2023-08-08T00:00:00+08:00,1691424000,31.0,7.67,4.57,356.9,17.0,4.93,0.419,0.142,1.79,,,Ⅳ
2023-08-08T04:00:00+08:00,1691438400,30.8,7.56,3.51,356.3,16.1,4.03,0.479,0.126,1.72,,,Ⅳ
2023-08-08T08:00:00+08:00,1691452800,30.6,7.59,3.45,360.0,15.7,3.86,0.429,0.125,1.63,,,Ⅳ
2023-08-08T12:00:00+08:00,1691467200,30.7,7.58,4.14,354.3,11.7,4.1,0.585,0.141,1.76,,,Ⅳ
2023-08-08T16:00:00+08:00,1691481600,31.1,7.95,7.76,354.2,11.7,5.02,0.567,0.161,1.82,,,Ⅲ
2023-08-08T20:00:00+08:00,1691496000,30.9,7.64,4.76,357.3,13.6,4.52,0.623,0.149,1.8,,,Ⅳ
2023-08-09T00:00:00+08:00,1691510400,30.6,7.65,4.2,362.6,14.3,4.52,0.623,0.149,1.8,,,Ⅳ
2023-08-09T04:00:00+08:00,1691524800,30.4,7.57,3.25,364.2,13.6,3.57,0.489,0.122,1.5,,,Ⅳ
2023-08-09T08:00:00+08:00,1691539200,30.2,7.52,3.05,359.9,11.8,3.75,0.598,0.136,1.67,,,Ⅳ
2023-08-09T12:00:00+08:00,1691553600,30.4,7.57,4.04,357.7,11.1,4.17,0.642,0.155,1.8,,,Ⅳ
2023-08-09T20:00:00+08:00,1691582400,31.2,8.88,12.85,343.8,19.9,6.19,0.21,0.177,1.7,,,Ⅳ
2023-08-10T04:00:00+08:00,1691611200,30.5,7.77,5.41,347.0,21.4,4.81,0.413,0.161,1.77,,,Ⅲ
2023-08-10T08:00:00+08:00,1691625600,30.4,7.83,6.03,342.9,21.4,5.4,0.365,0.177,1.84,,,Ⅲ
2023-08-10T12:00:00+08:00,1691640000,31.0,8.19,8.77,343.0,21.8,6.02,0.237,0.183,1.84,,,Ⅳ
2023-08-10T16:00:00+08:00,1691654400,31.2,8.32,9.74,341.3,22.7,6.19,0.323,0.182,1.77,,,Ⅳ
2023-08-10T20:00:00+08:00,1691668800,31.6,9.6,24.02,323.3,40.7,9.32,0.035,0.252,2.3,,,劣Ⅴ
2023-08-11T00:00:00+08:00,1691683200,31.0,8.02,7.74,339.6,25.4,6.68,0.283,0.178,1.84,,,Ⅳ
2023-08-11T04:00:00+08:00,1691697600,30.8,7.79,6.18,337.1,25.7,5.86,0.285,0.184,1.85,,,Ⅲ
2023-08-11T08:00:00+08:00,1691712000,30.8,7.93,7.57,333.6,26.2,6.06,0.184,0.181,1.85,,,Ⅳ
2023-08-11T12:00:00+08:00,1691726400,31.5,8.98,13.71,333.0,29.8,7.87,0.086,0.223,2.08,,,Ⅳ
2023-08-11T16:00:00+08:00,1691740800,31.7,8.59,10.94,337.0,25.8,7.17,0.211,0.182,1.89,,,Ⅳ
2023-08-11T20:00:00+08:00,1691755200,31.5,8.55,10.32,336.9,31.5,7.88,0.159,0.208,2.04,,,Ⅳ
2023-08-12T00:00:00+08:00,1691769600,31.2,8.07,7.71,337.6,30.4,7.49,0.212,0.201,2.09,,,Ⅳ
2023-08-12T04:00:00+08:00,1691784000,30.7,7.68,4.41,346.4,26.3,5.8,0.322,0.176,2.01,,,Ⅳ
2023-08-12T08:00:00+08:00,1691798400,30.8,7.81,6.1,337.6,29.2,6.63,0.21,0.197,2.06,,,Ⅳ
2023-08-12T12:00:00+08:00,1691812800,31.8,8.44,10.34,337.3,28.0,8.49,0.104,0.209,2.17,,,Ⅳ
2023-08-12T16:00:00+08:00,1691827200,32.4,8.66,11.0,342.5,24.2,7.17,0.305,0.188,1.81,,,Ⅳ
2023-08-12T20:00:00+08:00,1691841600,32.1,8.44,9.55,341.8,26.3,7.21,0.304,0.196,1.94,,,Ⅳ
2023-08-13T00:00:00+08:00,1691856000,31.5,7.9,6.32,346.8,24.9,6.41,0.226,0.179,1.77,,,Ⅳ
2023-08-13T04:00:00+08:00,1691870400,31.2,7.95,5.76,362.3,21.1,,,,,,,
2023-08-13T12:00:00+08:00,1691899200,31.6,7.9,6.18,347.8,21.5,5.24,0.236,0.155,1.68,,,Ⅲ
2023-08-13T16:00:00+08:00,1691913600,32.2,8.17,8.18,344.3,21.9,5.76,0.193,0.169,1.67,,,Ⅲ
2023-08-13T20:00:00+08:00,1691928000,31.8,7.99,6.8,346.6,24.4,6.13,0.253,0.176,1.71,,,Ⅳ
2023-08-14T00:00:00+08:00,1691942400,31.6,7.85,5.48,347.2,19.9,6.64,0.27,0.185,1.83,,,Ⅳ
2023-08-14T08:00:00+08:00,1691971200,31.4,7.63,3.84,344.3,19.4,5.36,0.601,0.19,1.85,,,Ⅳ
2023-08-14T12:00:00+08:00,1691985600,31.8,7.66,4.36,342.6,18.5,5.45,0.594,0.195,1.84,,,Ⅳ
2023-08-14T16:00:00+08:00,1692000000,32.6,8.9,11.55,336.7,21.9,5.87,0.508,0.201,1.8,,,Ⅳ
2023-08-14T20:00:00+08:00,1692014400,32.0,7.89,5.78,344.3,24.3,7.2,0.268,0.207,1.68,,,Ⅳ
2023-08-15T00:00:00+08:00,1692028800,31.6,7.62,3.53,345.0,22.9,6.77,0.443,0.218,1.86,,,Ⅳ
2023-08-15T04:00:00+08:00,1692043200,31.4,7.55,2.71,352.9,20.7,6.77,0.443,0.218,1.86,,,Ⅳ
2023-08-15T08:00:00+08:00,1692057600,31.2,7.52,2.43,351.4,18.2,5.19,0.611,0.194,1.88,,,Ⅴ
2023-08-15T12:00:00+08:00,1692072000,31.4,7.57,2.98,351.2,19.0,5.0,0.643,0.188,1.82,,,Ⅴ
2023-08-15T16:00:00+08:00,1692086400,31.6,7.63,3.67,349.4,18.6,5.48,0.608,0.194,1.88,,,Ⅳ
2023-08-15T20:00:00+08:00,1692100800,31.3,7.58,2.92,352.1,20.2,5.75,0.624,0.209,1.88,,,Ⅳ
2023-08-16T00:00:00+08:00,1692115200,31.0,7.5,1.92,357.7,17.1,5.68,0.683,0.208,1.91,,,Ⅴ
2023-08-16T04:00:00+08:00,1692129600,30.8,7.48,1.58,360.9,15.8,4.98,0.721,0.195,1.78,,,劣Ⅴ
2023-08-16T08:00:00+08:00,1692144000,30.7,7.51,1.83,364.4,15.1,4.3,0.701,0.177,1.77,,,劣Ⅴ
2023-08-16T12:00:00+08:00,1692158400,31.2,7.6,2.69,366.2,15.7,4.44,0.637,0.166,1.58,,,劣Ⅴ
2023-08-16T16:00:00+08:00,1692172800,31.9,7.77,3.55,369.8,18.3,4.47,0.56,0.17,1.57,,,Ⅳ
2023-08-16T20:00:00+08:00,1692187200,31.7,7.94,5.08,374.5,14.4,4.72,0.504,0.17,1.51,,,Ⅲ
2023-08-17T00:00:00+08:00,1692201600,31.2,7.73,3.45,377.6,16.9,4.56,0.334,0.139,1.2,,,Ⅳ
2023-08-17T04:00:00+08:00,1692216000,31.1,7.86,4.13,383.2,14.1,4.2,0.368,0.136,1.23,,,Ⅳ
2023-08-17T08:00:00+08:00,1692230400,31.1,7.78,3.58,383.8,13.0,3.54,0.245,0.107,0.94,,,Ⅳ
2023-08-17T12:00:00+08:00,1692244800,31.2,7.73,3.52,379.9,12.0,3.57,0.243,0.104,0.92,,,Ⅳ
2023-08-17T16:00:00+08:00,1692259200,31.0,7.85,3.96,383.5,14.6,3.68,0.286,0.113,1.02,,,Ⅳ
2023-08-17T20:00:00+08:00,1692273600,30.7,7.66,2.78,378.5,17.0,3.61,0.244,0.098,0.88,,,Ⅴ
2023-08-18T00:00:00+08:00,1692288000,30.6,7.76,3.32,382.4,16.4,3.71,0.416,0.123,1.2,,,Ⅳ
2023-08-18T04:00:00+08:00,1692302400,30.4,7.68,2.62,381.6,14.1,3.53,0.272,0.101,0.94,,,Ⅴ
2023-08-18T08:00:00+08:00,1692316800,30.3,7.73,2.91,382.2,14.7,3.23,0.325,0.098,0.97,,,Ⅴ
2023-08-18T12:00:00+08:00,1692331200,30.8,7.85,3.92,382.4,12.5,3.5,0.28,0.094,0.91,,,Ⅳ
2023-08-18T16:00:00+08:00,1692345600,31.0,7.82,3.52,381.5,13.6,3.46,0.237,0.093,0.88,,,Ⅳ
2023-08-18T20:00:00+08:00,1692360000,30.7,7.97,4.8,382.7,13.9,3.55,0.264,0.092,0.86,,,Ⅳ
2023-08-19T00:00:00+08:00,1692374400,30.5,7.97,4.83,381.5,15.0,3.61,0.204,0.094,0.85,,,Ⅳ
2023-08-19T04:00:00+08:00,1692388800,30.3,7.95,4.65,382.8,15.4,3.62,0.18,0.09,0.81,,,Ⅳ
2023-08-19T08:00:00+08:00,1692403200,30.2,7.89,4.29,383.1,14.4,3.43,0.167,0.083,0.76,,,Ⅳ
2023-08-19T12:00:00+08:00,1692417600,30.7,8.0,4.97,383.1,12.2,3.46,0.198,0.085,0.82,,,Ⅳ
2023-08-19T16:00:00+08:00,1692432000,31.2,8.33,6.52,383.0,12.3,3.42,0.148,0.077,0.7,,,Ⅱ
2023-08-19T20:00:00+08:00,1692446400,30.7,8.02,5.07,382.6,13.5,3.67,0.123,0.08,0.72,,,Ⅲ
2023-08-20T00:00:00+08:00,1692460800,30.4,8.06,5.15,383.6,15.5,3.49,0.187,0.08,0.84,,,Ⅲ
2023-08-20T04:00:00+08:00,1692475200,30.3,8.0,4.86,382.3,15.4,3.44,0.14,0.077,0.7,,,Ⅳ
2023-08-20T08:00:00+08:00,1692489600,30.2,8.04,5.17,382.3,13.6,3.36,0.167,0.078,0.76,,,Ⅲ
2023-08-20T12:00:00+08:00,1692504000,30.6,7.92,4.47,381.4,12.8,3.41,0.163,0.083,0.85,,,Ⅳ
2023-08-20T16:00:00+08:00,1692518400,30.8,7.94,4.58,381.6,12.7,3.32,0.201,0.074,0.77,,,Ⅳ
2023-08-20T20:00:00+08:00,1692532800,31.0,8.35,6.47,382.8,10.9,3.41,0.193,0.078,0.83,,,Ⅱ
2023-08-21T00:00:00+08:00,1692547200,30.5,8.09,5.21,381.7,15.9,3.53,0.098,0.073,0.63,,,Ⅲ
2023-08-21T04:00:00+08:00,1692561600,30.2,7.97,4.56,382.5,16.6,3.6,0.132,0.08,0.7,,,Ⅳ
2023-08-21T08:00:00+08:00,1692576000,30.1,7.82,3.68,381.5,13.4,3.33,0.18,0.079,0.82,,,Ⅳ
2023-08-21T12:00:00+08:00,1692590400,30.9,8.0,5.13,382.4,11.0,3.33,0.204,0.074,0.83,,,Ⅲ
2023-08-21T16:00:00+08:00,1692604800,31.6,8.42,7.64,382.8,10.3,3.42,0.18,0.078,0.81,,,Ⅱ
2023-08-21T20:00:00+08:00,1692619200,31.2,8.3,6.84,382.6,11.1,3.9,0.168,0.085,0.84,,,Ⅱ
2023-08-22T00:00:00+08:00,1692633600,30.6,7.96,4.66,382.1,14.1,3.74,0.243,0.089,0.9,,,Ⅳ
2023-08-22T04:00:00+08:00,1692648000,30.4,7.94,4.69,381.5,12.0,3.42,0.182,0.081,0.76,,,Ⅳ
2023-08-22T08:00:00+08:00,1692662400,30.4,7.85,4.17,380.9,12.8,3.34,0.239,0.082,0.91,,,Ⅳ
2023-08-22T12:00:00+08:00,1692676800,30.6,7.94,4.6,381.0,11.1,3.48,0.236,0.091,0.95,,,Ⅳ
2023-08-22T16:00:00+08:00,1692691200,30.9,8.64,8.66,379.2,13.2,3.28,0.167,0.075,0.74,,,Ⅱ
2023-08-22T20:00:00+08:00,1692705600,30.7,8.21,6.69,381.9,17.0,4.58,0.098,0.111,1.05,,,Ⅲ
2023-08-23T00:00:00+08:00,1692720000,30.4,7.99,5.25,379.6,18.5,4.7,0.271,0.12,1.29,,,Ⅲ
2023-08-23T04:00:00+08:00,1692734400,30.2,7.86,4.39,379.6,17.5,4.24,0.258,0.109,1.18,,,Ⅳ
2023-08-23T08:00:00+08:00,1692748800,30.1,7.79,3.9,379.2,15.9,3.96,0.304,0.108,1.22,,,Ⅳ
2023-08-23T12:00:00+08:00,1692763200,30.6,8.12,6.5,380.8,14.5,4.07,0.32,0.109,1.35,,,Ⅲ
2023-08-23T16:00:00+08:00,1692777600,30.6,7.96,4.67,377.3,11.7,4.87,0.324,0.126,1.49,,,Ⅳ
2023-08-23T20:00:00+08:00,1692792000,30.3,8.14,5.36,379.0,14.8,3.82,0.237,,0.98,,,
2023-08-24T00:00:00+08:00,1692806400,30.2,8.17,5.29,378.8,14.6,3.72,0.147,,0.84,,,
2023-08-24T04:00:00+08:00,1692820800,30.0,8.02,4.47,378.9,15.4,3.67,0.123,0.079,0.73,,,Ⅳ
2023-08-24T08:00:00+08:00,1692835200,29.9,8.05,4.75,378.5,14.1,3.32,0.162,0.078,0.87,,,Ⅳ
2023-08-24T12:00:00+08:00,1692849600,30.2,8.08,4.89,378.4,12.2,3.63,0.139,0.081,0.78,,,Ⅳ
2023-08-24T16:00:00+08:00,1692864000,30.4,8.09,4.95,378.4,13.6,3.44,0.149,0.071,0.71,,,Ⅳ
2023-08-24T20:00:00+08:00,1692878400,30.6,8.86,8.26,378.2,10.2,3.62,0.148,0.078,0.73,,,Ⅱ
2023-08-25T00:00:00+08:00,1692892800,30.3,8.41,6.14,378.3,11.2,3.92,0.048,0.072,0.64,,,Ⅱ
2023-08-25T04:00:00+08:00,1692907200,30.1,8.22,5.31,378.3,13.3,3.74,0.084,0.07,0.66,,,Ⅲ
2023-08-25T08:00:00+08:00,1692921600,30.0,8.11,4.95,378.8,13.8,3.55,0.105,0.073,0.7,,,Ⅳ
2023-08-25T12:00:00+08:00,1692936000,30.4,8.01,4.54,378.2,11.1,3.72,0.117,0.079,0.71,,,Ⅳ
2023-08-25T16:00:00+08:00,1692950400,30.8,8.74,7.48,378.4,12.0,3.43,0.137,0.066,0.7,,,Ⅱ
2023-08-25T20:00:00+08:00,1692964800,30.5,8.59,6.72,378.3,11.2,3.96,0.044,0.071,0.65,,,Ⅱ
2023-08-26T00:00:00+08:00,1692979200,30.2,8.3,5.47,378.1,17.5,3.78,0.059,0.068,0.62,,,Ⅲ
2023-08-26T04:00:00+08:00,1692993600,29.9,8.27,5.38,378.4,17.9,3.74,0.111,0.078,0.72,,,Ⅲ
2023-08-26T08:00:00+08:00,1693008000,29.8,8.22,5.21,378.5,14.7,3.52,0.105,0.075,0.76,,,Ⅲ
2023-08-26T12:00:00+08:00,1693022400,30.2,8.37,5.88,377.8,12.9,3.63,0.109,0.073,0.71,,,Ⅲ
2023-08-26T16:00:00+08:00,1693036800,30.7,8.84,8.11,376.5,12.2,3.51,0.072,0.072,0.68,,,Ⅱ
2023-08-26T20:00:00+08:00,1693051200,30.3,8.62,7.11,377.1,12.1,3.77,0.06,0.074,0.77,,,Ⅱ
2023-08-27T00:00:00+08:00,1693065600,30.0,8.36,6.04,378.5,17.7,3.57,0.063,0.069,0.76,,,Ⅱ
2023-08-27T04:00:00+08:00,1693080000,29.8,8.33,5.88,378.5,16.3,3.66,0.094,0.073,0.76,,,Ⅲ
2023-08-27T08:00:00+08:00,1693094400,29.7,8.22,5.46,378.5,15.3,3.44,0.088,0.072,0.75,,,Ⅲ
2023-08-27T12:00:00+08:00,1693108800,30.2,8.32,6.3,377.8,11.6,3.66,0.099,0.075,0.82,,,Ⅱ
2023-08-27T16:00:00+08:00,1693123200,30.6,8.72,7.82,377.2,11.7,3.54,0.102,0.074,0.74,,,Ⅱ
2023-08-27T20:00:00+08:00,1693137600,30.0,8.35,5.94,377.5,18.4,3.89,0.059,0.073,0.75,,,Ⅲ
2023-08-28T00:00:00+08:00,1693152000,29.7,8.33,5.71,377.0,17.6,3.8,0.094,0.079,0.81,,,Ⅲ
2023-08-28T04:00:00+08:00,1693166400,29.6,8.15,5.0,377.4,17.5,3.81,0.108,0.08,0.82,,,Ⅲ
2023-08-28T08:00:00+08:00,1693180800,29.5,7.97,4.09,377.2,13.3,3.61,0.168,0.08,0.89,,,Ⅳ
2023-08-28T12:00:00+08:00,1693195200,29.8,8.12,5.23,376.9,12.6,3.58,0.17,0.073,0.85,,,Ⅲ
2023-08-28T16:00:00+08:00,1693209600,29.6,8.1,5.14,378.6,14.7,3.68,0.159,0.076,0.84,,,Ⅲ
2023-08-28T20:00:00+08:00,1693224000,29.5,7.94,4.46,391.7,14.4,3.72,0.227,0.082,0.96,,,Ⅳ
2023-08-29T00:00:00+08:00,1693238400,29.2,7.83,3.71,391.7,13.3,3.91,0.924,0.129,1.88,,,Ⅳ
2023-08-29T04:00:00+08:00,1693252800,29.0,7.76,3.17,390.4,14.1,3.91,0.924,0.129,1.88,,,Ⅳ
2023-08-29T08:00:00+08:00,1693267200,28.6,7.83,3.74,375.2,15.5,3.6,0.95,0.128,1.86,,,Ⅳ
2023-08-29T12:00:00+08:00,1693281600,28.6,8.08,4.91,370.0,14.8,3.7,0.359,0.091,1.08,,,Ⅳ
2023-08-29T16:00:00+08:00,1693296000,28.5,8.24,5.63,370.0,15.0,4.09,0.157,0.082,0.85,,,Ⅲ
2023-08-29T20:00:00+08:00,1693310400,28.4,8.14,5.24,368.4,16.2,3.78,0.126,0.079,0.86,,,Ⅲ
2023-08-30T00:00:00+08:00,1693324800,28.3,7.99,4.56,367.9,15.5,3.79,0.155,0.077,0.84,,,Ⅳ
2023-08-30T04:00:00+08:00,1693339200,28.1,7.99,4.63,367.1,16.6,3.79,0.155,0.077,0.84,,,Ⅳ
2023-08-30T08:00:00+08:00,1693353600,28.0,7.87,3.95,364.2,17.9,3.96,0.244,0.083,0.97,,,Ⅳ
2023-08-30T12:00:00+08:00,1693368000,27.7,7.86,4.04,360.1,16.4,3.86,0.284,0.09,1.08,,,Ⅳ
2023-08-30T16:00:00+08:00,1693382400,27.5,7.89,4.36,358.4,14.4,3.82,0.298,0.083,1.02,,,Ⅳ
2023-08-30T20:00:00+08:00,1693396800,27.4,7.82,3.69,359.4,14.9,3.86,0.341,0.082,1.08,,,Ⅳ
2023-08-31T00:00:00+08:00,1693411200,27.2,7.83,3.86,359.6,13.4,3.58,0.359,0.083,1.13,,,Ⅳ
2023-08-31T04:00:00+08:00,1693425600,27.0,7.74,3.17,359.5,12.0,3.58,0.359,0.083,1.13,,,Ⅳ
2023-08-31T08:00:00+08:00,1693440000,27.0,7.68,2.74,359.4,10.9,3.5,0.412,0.079,1.18,,,Ⅴ
2023-08-31T12:00:00+08:00,1693454400,27.0,7.66,2.6,359.7,9.1,3.36,0.43,0.077,1.2,,,Ⅴ
2023-08-31T16:00:00+08:00,1693468800,27.1,7.76,3.49,360.9,11.7,3.44,0.443,0.075,1.16,,,Ⅳ
2023-08-31T20:00:00+08:00,1693483200,27.0,7.82,4.09,359.1,13.6,3.55,0.445,0.083,1.24,,,Ⅳ
2023-09-01T00:00:00+08:00,1693497600,26.9,7.87,4.46,359.2,13.6,3.47,0.453,0.09,1.3,,,Ⅳ
2023-09-01T04:00:00+08:00,1693512000,26.7,7.76,3.64,361.1,12.2,3.47,0.453,0.09,1.3,,,Ⅳ
2023-09-01T08:00:00+08:00,1693526400,26.6,7.73,3.42,360.6,10.2,3.31,0.434,0.076,1.22,,,Ⅳ
2023-09-01T12:00:00+08:00,1693540800,27.3,8.05,5.95,363.3,11.8,3.37,0.445,0.076,1.21,,,Ⅲ
2023-09-01T16:00:00+08:00,1693555200,27.6,8.25,6.75,364.9,11.8,4.07,0.36,0.091,1.17,,,Ⅲ
2023-09-01T20:00:00+08:00,1693569600,27.5,8.15,6.31,364.0,11.7,3.99,0.295,0.076,1.02,,,Ⅱ
2023-09-02T00:00:00+08:00,1693584000,27.2,7.94,5.02,363.2,14.4,3.86,0.28,0.077,1.04,,,Ⅲ
2023-09-02T04:00:00+08:00,1693598400,27.0,7.82,4.25,362.3,11.5,3.8,0.326,0.079,1.13,,,Ⅳ
2023-09-02T08:00:00+08:00,1693612800,26.9,7.74,3.79,362.1,9.4,3.39,0.349,0.069,1.17,,,Ⅳ
2023-09-02T12:00:00+08:00,1693627200,27.2,7.95,5.34,363.5,13.5,3.48,0.349,0.07,1.18,,,Ⅲ
2023-09-02T16:00:00+08:00,1693641600,28.3,8.2,6.41,367.0,10.3,3.62,0.28,0.077,1.12,,,Ⅱ
2023-09-02T20:00:00+08:00,1693656000,27.7,8.2,6.6,366.1,11.5,3.68,0.228,0.072,1.02,,,Ⅱ
2023-09-03T00:00:00+08:00,1693670400,27.5,8.18,6.11,364.6,11.9,4.1,0.288,0.081,1.08,,,Ⅲ
2023-09-03T04:00:00+08:00,1693684800,27.3,7.91,4.62,365.0,12.7,3.69,0.189,0.07,0.93,,,Ⅳ
2023-09-03T08:00:00+08:00,1693699200,27.2,7.82,4.22,365.0,9.7,3.4,0.312,0.075,1.09,,,Ⅳ
2023-09-03T12:00:00+08:00,1693713600,27.3,7.89,5.41,361.4,9.2,3.49,0.31,0.077,1.08,,,Ⅲ
2023-09-03T16:00:00+08:00,1693728000,28.0,8.22,6.31,371.1,10.5,3.72,0.233,0.073,1.01,,,Ⅱ
2023-09-03T20:00:00+08:00,1693742400,27.8,8.48,7.3,369.1,11.0,3.92,0.247,0.082,1.06,,,Ⅱ
2023-09-04T00:00:00+08:00,1693756800,27.8,8.49,7.04,368.6,9.7,4.22,0.138,0.081,0.97,,,Ⅲ
2023-09-04T04:00:00+08:00,1693771200,27.6,8.03,4.83,369.4,11.0,3.99,0.095,0.072,0.78,,,Ⅳ
2023-09-04T08:00:00+08:00,1693785600,27.5,8.14,5.54,368.3,10.7,3.59,0.169,0.072,0.84,,,Ⅲ
2023-09-04T12:00:00+08:00,1693800000,28.0,8.23,6.16,370.3,9.9,3.88,0.118,0.072,0.8,,,Ⅱ
2023-09-04T16:00:00+08:00,1693814400,28.4,8.14,5.91,369.4,8.2,4.0,0.104,0.074,0.79,,,Ⅲ
2023-09-04T20:00:00+08:00,1693828800,28.6,8.75,8.14,370.9,8.6,3.76,0.154,0.066,0.82,,,Ⅱ
2023-09-05T00:00:00+08:00,1693843200,28.0,8.09,4.92,369.7,11.9,3.88,0.046,0.063,0.64,,,Ⅳ
2023-09-05T04:00:00+08:00,1693857600,28.0,8.4,6.52,370.0,9.2,3.86,0.144,0.067,0.79,,,Ⅱ
2023-09-05T08:00:00+08:00,1693872000,28.0,8.26,6.03,370.0,7.9,3.61,0.056,0.059,0.66,,,Ⅱ
2023-09-05T12:00:00+08:00,1693886400,28.0,8.3,6.22,370.1,10.2,3.82,0.066,0.062,0.67,,,Ⅱ
2023-09-05T16:00:00+08:00,1693900800,28.1,8.27,6.06,371.4,8.5,4.03,0.072,0.068,0.69,,,Ⅲ
2023-09-05T20:00:00+08:00,1693915200,28.0,8.12,5.34,370.5,11.1,3.88,0.092,0.064,0.7,,,Ⅲ
2023-09-06T00:00:00+08:00,1693929600,27.9,8.15,5.29,370.2,11.5,3.92,0.134,0.068,0.76,,,Ⅲ
2023-09-06T04:00:00+08:00,1693944000,27.8,8.15,5.23,369.4,10.8,3.74,0.115,0.064,0.71,,,Ⅲ
2023-09-06T08:00:00+08:00,1693958400,27.7,7.92,3.87,369.9,9.4,3.45,0.118,0.061,0.69,,,Ⅳ
2023-09-06T12:00:00+08:00,1693972800,28.2,8.27,6.24,369.3,9.9,3.5,0.169,0.063,0.78,,,Ⅱ
2023-09-06T16:00:00+08:00,1693987200,28.7,8.23,6.27,371.4,8.0,4.07,0.104,0.081,0.78,,,Ⅲ
2023-09-06T20:00:00+08:00,1694001600,28.5,8.05,5.27,371.8,8.6,3.86,0.21,0.069,0.84,,,Ⅲ
2023-09-07T00:00:00+08:00,1694016000,28.2,8.17,5.53,369.2,10.3,4.01,0.313,0.078,1.0,,,Ⅲ
2023-09-07T04:00:00+08:00,1694030400,28.0,8.12,5.14,368.8,10.9,3.56,0.145,0.065,0.75,,,Ⅲ
2023-09-07T12:00:00+08:00,1694059200,28.3,8.23,5.95,367.8,10.4,3.38,0.125,0.063,0.73,,,Ⅲ
2023-09-07T16:00:00+08:00,1694073600,28.8,8.35,6.84,369.6,9.1,3.99,0.125,0.074,0.78,,,Ⅱ
2023-09-07T20:00:00+08:00,1694088000,29.3,8.6,7.86,369.5,7.7,3.95,0.122,0.066,0.72,,,Ⅱ
2023-09-08T00:00:00+08:00,1694102400,28.6,8.59,7.11,368.1,8.4,3.77,0.087,0.063,0.67,,,Ⅱ
2023-09-08T04:00:00+08:00,1694116800,28.3,8.18,5.34,367.2,11.0,3.81,0.045,0.061,0.61,,,Ⅲ
2023-09-08T08:00:00+08:00,1694131200,28.2,8.08,4.89,366.8,10.7,3.37,0.104,0.059,0.74,,,Ⅳ
2023-09-08T12:00:00+08:00,1694145600,28.5,8.0,4.92,366.8,7.7,3.73,0.129,0.066,0.76,,,Ⅳ
2023-09-08T16:00:00+08:00,1694160000,29.1,8.57,7.42,367.1,9.1,3.48,0.151,0.059,0.71,,,Ⅱ
2023-09-08T20:00:00+08:00,1694174400,29.1,8.69,7.79,367.5,9.2,4.06,0.11,0.062,0.68,,,Ⅲ
2023-09-09T00:00:00+08:00,1694188800,28.5,8.42,6.32,365.9,11.0,4.03,0.063,0.064,0.66,,,Ⅲ
2023-09-09T04:00:00+08:00,1694203200,28.2,8.23,5.49,365.5,12.3,3.8,0.076,0.058,0.6,,,Ⅲ
2023-09-09T08:00:00+08:00,1694217600,28.0,8.04,4.61,366.0,12.5,3.56,0.098,0.06,0.68,,,Ⅳ
2023-09-09T12:00:00+08:00,1694232000,28.5,8.05,5.12,366.7,8.5,3.72,0.152,0.068,0.78,,,Ⅲ
2023-09-09T16:00:00+08:00,1694246400,29.2,8.9,8.91,367.1,11.1,3.72,0.135,0.066,0.72,,,Ⅱ
2023-09-09T20:00:00+08:00,1694260800,29.1,8.64,7.35,368.1,9.4,4.01,0.08,0.066,0.7,,,Ⅲ
2023-09-10T00:00:00+08:00,1694275200,28.4,8.4,6.11,366.3,13.3,3.88,0.07,0.063,0.65,,,Ⅱ
2023-09-10T04:00:00+08:00,1694289600,28.2,8.29,5.72,365.4,14.6,3.88,0.078,0.062,0.64,,,Ⅲ
2023-09-10T08:00:00+08:00,1694304000,28.0,8.11,4.97,365.8,13.3,3.58,0.103,0.067,0.74,,,Ⅳ
2023-09-10T12:00:00+08:00,1694318400,28.3,8.09,4.72,367.4,10.5,3.79,0.134,0.07,0.78,,,Ⅳ
2023-09-10T16:00:00+08:00,1694332800,28.9,8.7,7.72,367.5,12.5,3.77,0.149,0.064,0.75,,,Ⅱ
2023-09-10T20:00:00+08:00,1694347200,29.0,8.67,7.5,369.0,9.4,4.16,0.098,0.07,0.76,,,Ⅲ
2023-09-11T00:00:00+08:00,1694361600,28.4,8.46,6.36,367.7,9.6,4.02,0.069,0.065,0.73,,,Ⅲ
2023-09-11T04:00:00+08:00,1694376000,28.3,8.1,4.71,368.9,11.2,3.68,0.07,0.057,0.67,,,Ⅳ
2023-09-11T08:00:00+08:00,1694390400,28.2,8.03,4.53,368.4,9.8,3.31,0.128,0.063,0.71,,,Ⅳ
2023-09-11T12:00:00+08:00,1694404800,28.5,8.0,4.41,369.9,8.5,3.42,0.151,0.067,0.73,,,Ⅳ
2023-09-11T16:00:00+08:00,1694419200,29.1,8.73,8.29,368.2,9.8,3.36,0.157,0.064,0.75,,,Ⅱ
2023-09-11T20:00:00+08:00,1694433600,29.2,8.83,8.06,369.3,8.2,3.9,0.071,0.062,0.67,,,Ⅱ
2023-09-12T00:00:00+08:00,1694448000,28.8,8.44,6.4,369.4,9.4,3.74,0.043,0.057,0.62,,,Ⅱ
2023-09-12T04:00:00+08:00,1694462400,28.6,8.18,5.17,368.8,9.9,3.55,0.076,0.056,0.67,,,Ⅲ
2023-09-12T08:00:00+08:00,1694476800,28.5,7.97,4.09,369.9,11.1,3.42,0.112,0.057,0.67,,,Ⅳ
2023-09-12T12:00:00+08:00,1694491200,28.4,7.96,4.17,369.4,13.0,3.4,0.171,0.062,0.78,,,Ⅳ
2023-09-12T16:00:00+08:00,1694505600,28.6,8.03,4.49,370.8,11.1,3.46,0.184,0.062,0.76,,,Ⅳ
2023-09-12T20:00:00+08:00,1694520000,28.5,8.17,5.27,369.3,12.6,3.46,0.184,0.062,0.76,,,Ⅲ
2023-09-13T00:00:00+08:00,1694534400,28.4,8.06,4.54,369.6,13.9,3.54,0.145,0.064,0.74,,,Ⅳ
2023-09-13T04:00:00+08:00,1694548800,28.2,8.06,4.85,367.7,14.0,3.35,0.184,0.065,0.8,,,Ⅳ
2023-09-13T08:00:00+08:00,1694563200,28.1,7.95,4.28,364.6,12.8,3.38,0.229,0.067,0.93,,,Ⅳ
2023-09-13T12:00:00+08:00,1694577600,28.0,7.85,3.66,362.6,12.3,3.34,0.27,0.067,0.94,,,Ⅳ
2023-09-13T16:00:00+08:00,1694592000,27.8,8.02,4.86,355.9,15.4,3.34,0.27,0.067,0.94,,,Ⅳ
2023-09-13T20:00:00+08:00,1694606400,27.5,7.71,3.18,342.7,14.0,3.65,0.602,0.094,1.57,,,Ⅳ
2023-09-14T00:00:00+08:00,1694620800,27.4,7.77,3.56,341.8,14.1,3.65,0.602,0.094,1.57,,,Ⅳ
2023-09-14T04:00:00+08:00,1694635200,27.3,7.73,3.21,347.8,12.5,3.16,0.406,0.074,1.28,,,Ⅳ
2023-09-14T08:00:00+08:00,1694649600,27.2,7.73,3.18,353.4,12.3,3.12,0.42,0.081,1.29,,,Ⅳ
2023-09-14T12:00:00+08:00,1694664000,27.2,7.7,2.97,349.5,11.4,3.1,0.424,0.078,1.27,,,Ⅴ
2023-09-14T16:00:00+08:00,1694678400,27.2,7.67,2.65,350.8,11.6,3.21,0.492,0.08,1.34,,,Ⅴ
2023-09-14T20:00:00+08:00,1694692800,27.1,7.66,2.55,354.2,12.2,3.13,0.51,0.081,1.41,,,Ⅴ
2023-09-15T00:00:00+08:00,1694707200,27.0,7.64,2.6,352.1,11.7,3.13,0.51,0.081,1.41,,,Ⅴ
2023-09-15T04:00:00+08:00,1694721600,26.9,7.61,2.3,352.0,10.4,2.97,0.584,0.088,1.55,,,Ⅴ
2023-09-15T08:00:00+08:00,1694736000,26.8,7.65,2.53,347.6,10.0,3.03,0.522,0.081,1.4,,,Ⅴ
2023-09-15T12:00:00+08:00,1694750400,26.6,7.67,2.94,334.9,10.4,3.0,0.558,0.081,1.45,,,Ⅴ
2023-09-15T16:00:00+08:00,1694764800,26.6,7.73,3.55,339.7,10.1,3.22,0.555,0.084,1.38,,,Ⅳ
2023-09-15T20:00:00+08:00,1694779200,26.6,7.69,3.29,341.2,12.0,3.18,0.611,0.089,1.51,,,Ⅳ
2023-09-16T00:00:00+08:00,1694793600,26.5,7.63,2.76,345.6,10.7,3.18,0.611,0.089,1.51,,,Ⅴ
2023-09-16T12:00:00+08:00,1694836800,26.2,7.57,2.54,324.8,8.4,3.18,0.915,0.115,1.91,,,Ⅴ
2023-09-16T16:00:00+08:00,1694851200,26.3,7.54,2.6,324.0,7.3,3.18,0.925,0.118,1.99,,,Ⅴ
2023-09-16T20:00:00+08:00,1694865600,26.3,7.52,2.22,327.5,7.0,3.11,1.041,0.12,2.14,,,Ⅴ
2023-09-17T00:00:00+08:00,1694880000,26.3,7.49,1.75,337.1,6.0,3.11,1.041,0.12,2.14,,,劣Ⅴ
2023-09-17T04:00:00+08:00,1694894400,26.2,7.42,1.37,340.5,6.8,3.19,1.227,0.149,2.61,,,劣Ⅴ
2023-09-17T08:00:00+08:00,1694908800,26.0,7.41,1.2,341.0,7.6,3.21,1.288,0.161,3.2,,,劣Ⅴ
2023-09-17T12:00:00+08:00,1694923200,26.6,7.4,1.54,350.7,6.8,3.35,1.345,0.174,3.37,,,劣Ⅴ
2023-09-17T16:00:00+08:00,1694937600,27.1,7.43,1.98,353.8,9.2,3.24,1.308,0.176,3.57,,,劣Ⅴ
2023-09-17T20:00:00+08:00,1694952000,26.9,7.43,1.69,345.5,10.3,3.38,1.373,0.194,3.86,,,劣Ⅴ
2023-09-18T00:00:00+08:00,1694966400,26.9,7.44,2.2,338.1,9.4,3.38,1.373,0.194,3.86,,,Ⅴ
2023-09-18T04:00:00+08:00,1694980800,26.7,7.41,2.01,340.4,9.1,3.34,1.316,0.195,3.93,,,Ⅴ
2023-09-18T08:00:00+08:00,1694995200,26.6,7.42,1.88,343.2,7.9,3.34,1.353,0.198,3.9,,,劣Ⅴ
2023-09-18T12:00:00+08:00,1695009600,27.7,7.65,3.84,345.8,7.1,3.54,1.225,0.181,3.46,,,Ⅳ
2023-09-18T16:00:00+08:00,1695024000,28.8,7.89,6.52,356.1,8.2,3.89,1.225,0.172,3.32,,,Ⅳ
2023-09-18T20:00:00+08:00,1695038400,27.4,7.6,3.25,356.5,9.9,3.67,1.263,0.172,3.42,,,Ⅳ
2023-09-19T00:00:00+08:00,1695052800,27.7,7.65,3.95,359.7,8.1,3.67,1.263,0.172,3.42,,,Ⅳ
2023-09-19T04:00:00+08:00,1695067200,27.6,7.64,3.54,361.4,7.3,3.3,1.264,0.16,3.26,,,Ⅳ
2023-09-19T08:00:00+08:00,1695081600,27.5,7.72,4.79,354.1,7.4,3.64,1.081,0.163,3.22,,,Ⅳ
2023-09-19T12:00:00+08:00,1695096000,28.6,7.94,7.47,357.6,7.1,3.99,0.995,0.154,3.08,,,Ⅲ
2023-09-19T16:00:00+08:00,1695110400,28.2,7.86,6.11,359.0,11.2,4.19,1.145,0.168,3.39,,,Ⅳ
2023-09-19T20:00:00+08:00,1695124800,28.3,8.01,8.08,356.7,11.0,4.59,0.927,0.152,3.21,,,Ⅲ
2023-09-20T00:00:00+08:00,1695139200,28.3,7.95,7.3,360.2,7.7,4.59,0.927,0.152,3.21,,,Ⅲ
2023-09-20T04:00:00+08:00,1695153600,28.1,8.1,8.72,351.7,9.3,3.99,0.731,0.125,2.95,,,Ⅲ
2023-10-08T12:00:00+08:00,1696737600,22.5,7.76,2.88,378.8,25.8,3.65,1.007,0.095,3.39,,,Ⅴ
2023-10-08T16:00:00+08:00,1696752000,22.5,7.86,3.89,375.6,29.1,3.86,0.914,0.098,3.71,,,Ⅳ
2023-10-08T20:00:00+08:00,1696766400,22.4,7.85,3.73,375.3,22.6,3.74,0.93,0.099,3.22,,,Ⅳ
2023-10-09T00:00:00+08:00,1696780800,22.2,7.85,3.72,374.9,22.2,3.74,0.93,0.099,3.22,,,Ⅳ
2023-10-09T04:00:00+08:00,1696795200,22.1,7.8,3.23,374.6,19.4,3.61,0.981,0.098,3.22,,,Ⅳ
2023-10-09T08:00:00+08:00,1696809600,22.0,7.8,3.31,373.7,18.4,3.61,0.981,0.098,3.22,,,Ⅳ
2023-10-10T08:00:00+08:00,1696896000,22.0,8.07,5.68,371.8,13.9,3.62,0.372,0.078,1.44,,,Ⅲ
2023-10-10T12:00:00+08:00,1696910400,22.1,7.97,4.98,373.1,15.5,3.59,0.363,0.073,1.45,,,Ⅳ
2023-10-10T16:00:00+08:00,1696924800,22.2,8.1,6.01,369.7,18.7,3.84,0.596,0.082,2.04,,,Ⅲ
2023-10-13T08:00:00+08:00,1697155200,22.1,8.15,5.93,369.1,15.0,3.52,0.309,0.064,1.28,,,Ⅲ
2023-10-13T12:00:00+08:00,1697169600,22.1,8.23,6.22,368.1,15.0,3.48,0.213,0.062,1.03,,,Ⅱ
2023-10-13T16:00:00+08:00,1697184000,22.0,8.32,6.88,367.3,17.6,3.52,0.203,0.063,0.96,,,Ⅱ
2023-10-13T20:00:00+08:00,1697198400,21.8,8.2,6.26,367.8,16.4,3.69,0.164,0.065,0.92,,,Ⅱ
2023-10-14T00:00:00+08:00,1697212800,21.6,8.27,6.88,366.9,16.4,3.58,0.18,0.065,0.94,,,Ⅱ
2023-10-14T04:00:00+08:00,1697227200,21.4,8.25,6.62,367.5,14.8,3.58,0.18,0.065,0.94,,,Ⅱ
2023-10-14T08:00:00+08:00,1697241600,21.4,8.26,6.32,367.5,16.1,3.38,0.142,0.057,0.8,,,Ⅱ
2023-10-14T12:00:00+08:00,1697256000,21.6,8.36,6.81,367.6,15.1,3.43,0.14,0.057,0.8,,,Ⅱ
2023-10-14T16:00:00+08:00,1697270400,22.0,8.3,6.54,368.5,14.9,3.55,0.123,0.059,0.77,,,Ⅱ
2023-10-14T20:00:00+08:00,1697284800,21.8,8.12,5.49,369.3,15.9,3.47,0.166,0.055,0.87,,,Ⅲ
2023-10-15T00:00:00+08:00,1697299200,21.7,8.42,7.43,367.1,18.7,3.62,0.205,0.06,0.94,,,Ⅱ
2023-10-15T04:00:00+08:00,1697313600,21.5,8.38,7.06,367.0,17.1,3.62,0.205,0.06,0.94,,,Ⅱ
2023-10-15T08:00:00+08:00,1697328000,21.5,8.39,6.88,366.9,17.0,3.4,0.127,0.057,0.79,,,Ⅱ
2023-10-15T12:00:00+08:00,1697342400,22.2,8.62,7.88,367.5,15.2,3.49,0.113,0.056,0.79,,,Ⅱ
2023-10-15T16:00:00+08:00,1697356800,22.2,8.41,6.76,367.6,18.9,3.66,0.089,0.056,0.72,,,Ⅱ
2023-10-15T20:00:00+08:00,1697371200,22.0,8.42,7.13,368.6,15.2,3.62,0.145,0.063,0.84,,,Ⅱ
2023-10-16T00:00:00+08:00,1697385600,21.8,8.22,6.05,368.0,15.7,3.62,0.137,0.056,0.84,,,Ⅱ
2023-10-16T04:00:00+08:00,1697400000,21.6,8.3,6.6,366.4,15.0,3.62,0.137,0.056,0.84,,,Ⅱ
2023-10-16T08:00:00+08:00,1697414400,21.6,8.38,6.87,366.4,14.8,3.36,0.142,0.054,0.83,,,Ⅱ
2023-10-16T12:00:00+08:00,1697428800,22.0,8.59,7.57,366.2,14.6,3.45,0.125,0.055,0.78,,,Ⅱ
2023-10-16T16:00:00+08:00,1697443200,22.2,8.58,7.71,366.9,14.7,3.52,0.093,0.054,0.72,,,Ⅱ
2023-10-16T20:00:00+08:00,1697457600,22.1,8.5,7.5,367.7,12.3,3.66,0.104,0.054,0.69,,,Ⅱ
2023-10-17T00:00:00+08:00,1697472000,21.8,8.33,6.73,368.6,12.5,3.5,0.11,0.053,0.7,,,Ⅱ
2023-10-17T04:00:00+08:00,1697486400,21.7,8.27,6.34,368.1,13.9,3.5,0.11,0.053,0.7,,,Ⅱ
2023-10-17T08:00:00+08:00,1697500800,21.6,8.21,6.08,368.8,11.7,3.41,0.149,0.055,0.8,,,Ⅱ
2023-10-17T12:00:00+08:00,1697515200,22.2,8.27,6.27,364.3,13.2,3.31,0.149,0.055,0.83,,,Ⅱ
2023-10-17T16:00:00+08:00,1697529600,22.1,8.31,6.68,362.3,16.4,3.36,0.149,0.054,0.78,,,Ⅱ
2023-10-17T20:00:00+08:00,1697544000,22.0,8.3,6.63,367.0,16.3,3.38,0.132,0.051,0.72,,,Ⅱ
2023-10-18T00:00:00+08:00,1697558400,21.9,8.27,6.51,372.1,11.2,3.47,0.144,0.055,0.81,,,Ⅱ
2023-10-18T04:00:00+08:00,1697572800,21.6,8.1,5.64,375.0,11.4,3.36,0.18,0.055,0.96,,,Ⅲ
2023-10-18T08:00:00+08:00,1697587200,21.5,8.06,5.33,374.9,11.1,3.3,0.268,0.062,1.22,,,Ⅲ
2023-10-18T12:00:00+08:00,1697601600,22.2,8.28,6.72,371.6,14.4,3.36,0.265,0.064,1.23,,,Ⅱ
2023-10-18T16:00:00+08:00,1697616000,22.2,8.29,6.52,369.6,15.7,3.41,0.173,0.056,0.91,,,Ⅱ
2023-10-18T20:00:00+08:00,1697630400,21.9,8.29,6.93,369.5,15.4,3.37,0.165,0.054,0.85,,,Ⅱ
2023-10-19T00:00:00+08:00,1697644800,21.8,8.17,6.16,375.8,11.3,3.43,0.146,0.052,0.84,,,Ⅱ
2023-10-19T04:00:00+08:00,1697659200,21.7,8.13,5.87,375.2,13.2,3.25,0.238,0.06,1.13,,,Ⅲ
2023-10-19T08:00:00+08:00,1697673600,21.5,8.02,5.04,377.0,11.1,3.32,0.331,0.064,1.29,,,Ⅲ
2023-10-19T12:00:00+08:00,1697688000,22.4,8.2,6.36,371.2,12.2,3.42,0.189,0.061,1.03,,,Ⅱ
2023-10-19T16:00:00+08:00,1697702400,22.6,8.42,7.47,367.0,20.5,3.34,0.119,0.051,0.78,,,Ⅱ
2023-10-19T20:00:00+08:00,1697716800,22.4,8.26,6.57,370.1,16.3,3.39,0.152,0.057,0.9,,,Ⅱ
2023-10-20T00:00:00+08:00,1697731200,22.3,8.35,7.2,372.2,11.7,3.39,0.152,0.057,0.9,,,Ⅱ
2023-10-20T04:00:00+08:00,1697745600,22.1,8.38,7.09,368.3,18.3,3.32,0.137,0.055,0.88,,,Ⅱ
2023-10-20T08:00:00+08:00,1697760000,21.8,8.26,6.4,369.4,25.1,3.48,0.202,0.065,1.05,,,Ⅱ
2023-10-20T12:00:00+08:00,1697774400,21.7,8.4,7.1,365.9,25.4,3.47,0.111,0.054,0.8,,,Ⅱ
2023-10-20T16:00:00+08:00,1697788800,21.8,8.39,7.06,367.1,22.1,3.51,0.153,0.062,0.86,,,Ⅱ
2023-10-20T20:00:00+08:00,1697803200,21.5,8.36,7.09,365.4,26.9,3.44,0.122,0.054,0.79,,,Ⅱ
2023-10-21T00:00:00+08:00,1697817600,21.2,8.26,6.33,366.7,20.8,3.44,0.122,0.054,0.79,,,Ⅱ
2023-10-21T04:00:00+08:00,1697832000,20.9,8.2,6.03,366.9,17.1,3.3,0.195,0.057,0.91,,,Ⅱ
2023-10-21T08:00:00+08:00,1697846400,20.9,8.17,5.95,369.2,16.6,3.3,0.195,0.057,0.91,,,Ⅲ
2023-10-21T12:00:00+08:00,1697860800,21.2,8.19,6.17,369.5,15.2,3.35,0.194,0.057,0.93,,,Ⅱ
2023-10-21T16:00:00+08:00,1697875200,21.4,8.37,7.5,364.9,26.8,3.26,0.135,0.049,0.8,,,Ⅱ
2023-10-21T20:00:00+08:00,1697889600,20.9,8.14,5.73,369.2,19.2,3.36,0.263,0.061,1.11,,,Ⅲ
2023-10-22T00:00:00+08:00,1697904000,20.7,8.15,5.81,369.1,14.4,3.36,0.263,0.061,1.11,,,Ⅲ
2023-10-22T04:00:00+08:00,1697918400,20.4,8.12,5.6,368.9,13.1,3.15,0.256,0.059,1.08,,,Ⅲ
2023-10-22T08:00:00+08:00,1697932800,20.4,8.1,5.52,369.2,14.5,3.31,0.243,0.061,1.11,,,Ⅲ
2023-10-22T12:00:00+08:00,1697947200,20.8,8.13,5.89,368.7,14.0,3.33,0.197,0.057,0.94,,,Ⅲ
2023-10-22T16:00:00+08:00,1697961600,20.9,8.08,5.33,368.5,16.2,3.34,0.21,0.059,1.0,,,Ⅲ
2023-10-22T20:00:00+08:00,1697976000,21.2,8.33,7.38,363.7,24.9,3.42,0.132,0.054,0.82,,,Ⅱ
2023-10-23T00:00:00+08:00,1697990400,20.6,8.15,6.02,367.3,15.8,3.42,0.132,0.054,0.82,,,Ⅱ
2023-10-23T04:00:00+08:00,1698004800,20.5,8.12,5.79,367.2,16.0,3.25,0.215,0.06,1.01,,,Ⅲ
2023-10-23T08:00:00+08:00,1698019200,20.4,8.08,5.47,366.9,15.2,3.25,0.212,0.056,1.01,,,Ⅲ
2023-10-23T12:00:00+08:00,1698033600,20.8,8.13,5.94,364.9,18.3,3.34,0.164,0.057,0.89,,,Ⅲ
2023-10-23T16:00:00+08:00,1698048000,21.2,8.16,6.28,365.6,18.7,3.38,0.161,0.055,0.86,,,Ⅱ
2023-10-23T20:00:00+08:00,1698062400,21.2,8.22,6.54,363.3,20.0,3.31,0.14,0.054,0.83,,,Ⅱ
2023-10-24T00:00:00+08:00,1698076800,21.2,8.25,6.86,364.7,23.1,3.31,0.14,0.054,0.83,,,Ⅱ
2023-10-24T04:00:00+08:00,1698091200,21.0,8.17,6.2,364.5,22.1,3.21,0.186,0.058,1.0,,,Ⅱ
2023-10-24T08:00:00+08:00,1698105600,20.9,8.19,6.45,363.9,23.9,3.29,0.182,0.059,1.0,,,Ⅱ
2023-10-24T12:00:00+08:00,1698120000,21.3,8.17,6.5,364.6,25.8,3.35,0.191,0.062,0.97,,,Ⅱ
2023-10-24T16:00:00+08:00,1698134400,21.7,8.21,6.45,361.6,23.6,3.34,0.198,0.062,1.03,,,Ⅱ
2023-10-24T20:00:00+08:00,1698148800,21.6,8.23,6.5,363.9,22.4,3.36,0.182,0.059,0.94,,,Ⅱ
2023-10-25T00:00:00+08:00,1698163200,21.4,8.28,6.96,363.6,20.8,3.36,0.182,0.059,0.94,,,Ⅱ
2023-10-25T04:00:00+08:00,1698177600,21.2,8.25,6.82,364.9,19.1,3.16,0.17,0.052,0.93,,,Ⅱ
2023-10-25T08:00:00+08:00,1698192000,21.2,8.22,6.72,365.3,19.0,3.17,0.182,0.054,0.99,,,Ⅱ
2023-10-25T12:00:00+08:00,1698206400,21.4,8.15,6.18,366.9,22.6,3.3,0.227,0.061,1.07,,,Ⅱ
2023-10-25T16:00:00+08:00,1698220800,21.9,8.18,6.48,366.8,17.8,3.28,0.209,0.058,1.0,,,Ⅱ
2023-10-25T20:00:00+08:00,1698235200,21.7,8.23,6.72,364.3,19.0,3.16,0.147,0.05,0.83,,,Ⅱ
2023-10-26T00:00:00+08:00,1698249600,21.4,8.15,5.86,364.8,20.3,3.16,0.147,0.05,0.83,,,Ⅲ
2023-10-26T04:00:00+08:00,1698264000,21.5,8.25,6.75,363.1,19.6,3.0,0.146,0.05,0.89,,,Ⅱ
2023-10-26T08:00:00+08:00,1698278400,21.4,8.2,6.5,363.5,18.8,3.18,0.161,0.053,0.93,,,Ⅱ
2023-10-26T12:00:00+08:00,1698292800,21.7,8.18,6.39,363.3,17.6,3.17,0.169,0.052,0.88,,,Ⅱ
2023-10-26T16:00:00+08:00,1698307200,21.8,8.12,5.59,364.4,21.9,3.31,0.208,0.062,1.03,,,Ⅲ
2023-10-26T20:00:00+08:00,1698321600,21.6,8.06,5.15,365.6,22.3,3.28,0.221,0.063,1.05,,,Ⅲ
2023-10-27T00:00:00+08:00,1698336000,21.9,8.18,6.36,364.4,15.6,3.28,0.221,0.063,1.05,,,Ⅱ
2023-10-27T04:00:00+08:00,1698350400,21.7,8.2,6.35,364.4,15.3,3.1,0.198,0.054,0.94,,,Ⅱ
2023-10-27T08:00:00+08:00,1698364800,21.6,8.19,6.35,365.0,17.6,3.18,0.192,0.056,0.99,,,Ⅱ
2023-10-27T12:00:00+08:00,1698379200,21.7,7.95,9.21,0.4,1.9,3.21,0.19,0.058,0.93,,,Ⅱ
2023-10-27T16:00:00+08:00,1698393600,22.1,8.22,6.53,365.3,17.9,3.18,0.177,0.055,0.9,,,Ⅱ
2023-10-27T20:00:00+08:00,1698408000,21.8,8.19,6.24,365.5,18.7,3.23,0.194,0.058,0.95,,,Ⅱ
2023-10-28T00:00:00+08:00,1698422400,21.6,8.17,6.21,366.6,19.2,3.23,0.194,0.058,0.95,,,Ⅱ
2023-10-28T04:00:00+08:00,1698436800,21.4,8.16,6.2,364.7,20.7,3.16,0.198,0.059,1.05,,,Ⅱ
2023-10-28T08:00:00+08:00,1698451200,21.2,8.16,6.3,364.9,18.0,3.13,0.187,0.056,0.93,,,Ⅱ
2023-10-28T12:00:00+08:00,1698465600,21.4,8.19,6.4,364.3,18.8,3.07,0.174,0.057,0.89,,,Ⅱ
2023-10-28T16:00:00+08:00,1698480000,21.8,8.25,6.82,363.9,16.6,2.78,0.162,0.054,0.99,,,Ⅱ
2023-10-28T20:00:00+08:00,1698494400,21.6,8.25,6.62,363.8,16.2,2.7,0.201,0.055,1.01,,,Ⅱ
2023-10-29T00:00:00+08:00,1698508800,21.3,8.18,6.12,365.3,17.0,2.7,0.201,0.055,1.01,,,Ⅱ
2023-10-29T04:00:00+08:00,1698523200,21.1,8.2,6.32,363.3,18.4,2.78,0.185,0.053,1.02,,,Ⅱ
2023-10-29T08:00:00+08:00,1698537600,21.0,8.23,6.62,363.2,17.6,2.74,0.17,0.051,0.97,,,Ⅱ
2023-10-29T12:00:00+08:00,1698552000,21.3,8.21,6.44,363.6,21.3,2.87,0.17,0.058,0.97,,,Ⅱ
2023-10-29T16:00:00+08:00,1698566400,21.9,8.29,6.86,363.9,18.3,2.82,0.163,0.055,0.92,,,Ⅱ
2023-10-29T20:00:00+08:00,1698580800,21.4,8.24,6.37,363.8,19.8,2.9,0.163,0.055,0.93,,,Ⅱ
2023-10-30T00:00:00+08:00,1698595200,21.2,8.25,6.51,364.3,17.6,2.9,0.163,0.055,0.93,,,Ⅱ
2023-10-30T04:00:00+08:00,1698609600,21.1,8.27,6.57,363.4,18.1,2.74,0.162,0.053,0.96,,,Ⅱ
2023-10-30T08:00:00+08:00,1698624000,21.0,8.27,6.76,363.1,19.0,2.8,0.158,0.053,0.98,,,Ⅱ
2023-10-30T12:00:00+08:00,1698638400,21.3,8.27,6.75,363.4,16.9,2.82,0.166,0.052,0.92,,,Ⅱ
2023-10-31T12:00:00+08:00,1698724800,21.5,8.28,6.57,363.6,16.7,2.74,0.164,0.049,0.84,,,Ⅱ
2023-10-31T16:00:00+08:00,1698739200,22.0,8.38,7.14,364.6,16.9,2.72,0.148,0.049,0.85,,,Ⅱ
2023-10-31T20:00:00+08:00,1698753600,21.8,8.36,6.92,364.0,16.9,2.79,0.145,0.047,0.79,,,Ⅱ
2023-11-01T00:00:00+08:00,1698768000,21.7,8.37,6.89,364.0,18.0,2.79,0.145,0.047,0.79,,,Ⅱ
2023-11-01T04:00:00+08:00,1698782400,21.5,8.31,6.66,364.3,19.0,2.76,0.169,0.052,0.93,,,Ⅱ
2023-11-01T08:00:00+08:00,1698796800,21.4,8.31,6.66,364.3,19.3,2.84,0.172,0.052,0.95,,,Ⅱ
2023-11-01T12:00:00+08:00,1698811200,21.7,8.27,6.42,364.9,18.5,2.77,0.176,0.051,0.91,,,Ⅱ
2023-11-01T16:00:00+08:00,1698825600,22.0,8.31,6.36,363.2,23.0,2.93,0.169,0.058,0.9,,,Ⅱ
2023-11-01T20:00:00+08:00,1698840000,21.8,8.33,6.64,364.0,19.3,2.87,0.153,0.051,0.81,,,Ⅱ
2023-11-02T00:00:00+08:00,1698854400,21.7,8.32,6.76,363.8,19.4,2.87,0.153,0.051,0.81,,,Ⅱ
2023-11-02T04:00:00+08:00,1698868800,21.5,8.36,7.15,363.0,20.3,2.85,0.142,0.05,0.82,,,Ⅱ
2023-11-02T08:00:00+08:00,1698883200,21.3,8.34,6.96,363.5,21.0,2.86,0.148,0.05,0.87,,,Ⅱ
2023-11-02T12:00:00+08:00,1698897600,21.5,8.29,6.54,363.9,19.3,2.8,0.155,0.05,0.8,,,Ⅱ
2023-11-02T16:00:00+08:00,1698912000,21.8,8.3,6.43,363.4,19.3,2.83,0.156,0.049,0.78,,,Ⅱ
2023-11-02T20:00:00+08:00,1698926400,21.9,8.3,6.33,364.2,20.0,2.92,0.158,0.051,0.81,,,Ⅱ
2023-11-03T00:00:00+08:00,1698940800,21.7,8.28,6.33,364.4,18.7,2.92,0.158,0.051,0.81,,,Ⅱ
2023-11-03T04:00:00+08:00,1698955200,21.5,8.26,6.16,364.8,18.3,2.83,0.18,0.052,0.92,,,Ⅱ
2023-11-03T08:00:00+08:00,1698969600,21.5,8.27,6.29,364.6,19.2,2.85,0.178,0.053,0.9,,,Ⅱ
2023-11-03T12:00:00+08:00,1698984000,21.8,8.17,6.13,360.3,20.8,2.91,0.176,0.056,0.89,,,Ⅱ
2023-11-03T16:00:00+08:00,1698998400,22.1,8.36,6.47,363.8,19.5,2.97,0.171,0.056,0.93,,,Ⅱ
2023-11-03T20:00:00+08:00,1699012800,22.3,8.42,6.94,365.3,19.0,2.86,0.14,0.054,0.79,,,Ⅱ
2023-11-04T00:00:00+08:00,1699027200,22.2,8.45,7.1,365.2,18.8,2.86,0.14,0.054,0.79,,,Ⅱ
2023-11-04T04:00:00+08:00,1699041600,22.0,8.36,6.71,365.6,19.7,2.88,0.154,0.056,0.85,,,Ⅱ
2023-11-04T08:00:00+08:00,1699056000,21.9,8.36,6.76,365.7,20.4,2.96,0.157,0.056,0.88,,,Ⅱ
2023-11-04T12:00:00+08:00,1699070400,22.2,8.33,6.56,366.1,20.6,2.96,0.158,0.056,0.78,,,Ⅱ
2023-11-04T16:00:00+08:00,1699084800,22.7,8.41,6.95,365.7,19.3,2.95,0.153,0.056,0.73,,,Ⅱ
2023-11-04T20:00:00+08:00,1699099200,22.7,8.35,6.46,366.4,18.2,2.88,0.153,0.053,0.76,,,Ⅱ
2023-11-05T00:00:00+08:00,1699113600,22.6,8.4,6.75,365.3,18.6,2.88,0.153,0.053,0.76,,,Ⅱ
2023-11-05T04:00:00+08:00,1699128000,22.4,8.34,6.44,365.7,18.4,2.78,0.14,0.051,0.75,,,Ⅱ
2023-11-05T08:00:00+08:00,1699142400,22.3,8.32,6.4,365.8,20.5,2.87,0.148,0.053,0.82,,,Ⅱ
2023-11-05T12:00:00+08:00,1699156800,22.6,8.29,6.14,366.0,20.1,2.88,0.156,0.055,0.81,,,Ⅱ
2023-11-05T16:00:00+08:00,1699171200,23.1,8.41,6.87,366.4,19.0,2.94,0.162,0.053,0.78,,,Ⅱ
2023-11-05T20:00:00+08:00,1699185600,22.8,8.29,6.06,367.1,21.4,2.95,0.183,0.058,0.84,,,Ⅱ
2023-11-06T00:00:00+08:00,1699200000,22.6,8.17,5.09,372.4,22.6,2.95,0.183,0.058,0.84,,,Ⅲ
2023-11-06T04:00:00+08:00,1699214400,22.0,8.15,4.83,375.2,23.2,3.35,0.465,0.083,1.46,,,Ⅳ
2023-11-06T08:00:00+08:00,1699228800,21.8,8.22,5.65,376.0,21.7,3.66,0.342,0.085,1.49,,,Ⅲ
2023-11-06T12:00:00+08:00,1699243200,21.8,8.31,6.18,378.2,21.3,3.98,0.309,0.089,1.51,,,Ⅱ
2023-11-06T16:00:00+08:00,1699257600,21.8,8.46,6.65,373.6,28.1,3.6,0.233,0.073,1.29,,,Ⅱ
2023-11-06T20:00:00+08:00,1699272000,21.4,8.36,6.22,376.0,25.6,3.74,0.298,0.079,1.42,,,Ⅱ
2023-11-07T00:00:00+08:00,1699286400,21.0,8.25,5.61,378.8,22.5,3.74,0.298,0.079,1.42,,,Ⅲ
2023-11-07T04:00:00+08:00,1699300800,20.6,8.19,5.11,379.7,20.4,3.71,0.504,0.088,1.89,,,Ⅲ
2023-11-07T08:00:00+08:00,1699315200,20.2,8.19,5.41,377.7,20.9,3.54,0.355,0.079,1.66,,,Ⅲ
2023-11-07T12:00:00+08:00,1699329600,20.6,8.21,5.46,375.6,20.0,3.42,0.31,0.068,1.43,,,Ⅲ
2023-11-07T16:00:00+08:00,1699344000,20.8,8.23,5.58,376.6,18.8,3.52,0.326,0.072,1.4,,,Ⅲ
2023-11-07T20:00:00+08:00,1699358400,20.3,8.25,5.88,373.9,19.6,3.43,0.268,0.067,1.23,,,Ⅲ
2023-11-08T00:00:00+08:00,1699372800,20.1,8.26,5.97,370.2,21.9,3.43,0.268,0.067,1.23,,,Ⅲ
2023-11-08T08:00:00+08:00,1699401600,19.8,8.23,5.77,368.7,25.1,3.01,0.205,0.057,1.03,,,Ⅲ
2023-11-08T12:00:00+08:00,1699416000,20.4,8.37,6.94,368.6,34.8,3.19,0.186,0.058,0.96,,,Ⅱ
2023-11-08T16:00:00+08:00,1699430400,20.3,8.22,6.43,364.6,32.6,3.26,0.275,0.066,1.08,,,Ⅱ
2023-11-08T20:00:00+08:00,1699444800,20.1,8.24,5.84,371.4,29.6,3.3,0.403,0.072,1.3,,,Ⅲ
2023-11-09T00:00:00+08:00,1699459200,20.0,8.27,6.25,370.3,30.6,3.3,0.403,0.072,1.3,,,Ⅱ
2023-11-09T04:00:00+08:00,1699473600,19.8,8.16,5.25,373.7,28.1,3.17,0.486,0.077,1.49,,,Ⅲ
2023-11-09T08:00:00+08:00,1699488000,19.8,8.13,5.19,373.6,26.6,3.24,0.477,0.076,1.44,,,Ⅲ
2023-11-09T12:00:00+08:00,1699502400,19.7,8.08,4.74,374.8,26.8,3.33,0.493,0.076,1.52,,,Ⅳ
2023-11-09T16:00:00+08:00,1699516800,19.7,8.14,5.07,372.7,30.3,3.27,0.44,0.078,1.47,,,Ⅲ
2023-11-09T20:00:00+08:00,1699531200,19.8,8.15,5.58,370.3,26.3,3.23,0.431,0.086,1.27,,,Ⅲ
2023-11-10T00:00:00+08:00,1699545600,19.7,8.08,4.83,374.7,28.6,3.23,0.431,0.086,1.27,,,Ⅳ
2023-11-10T04:00:00+08:00,1699560000,19.4,8.0,3.92,376.8,23.0,3.23,0.624,0.085,1.74,,,Ⅳ
2023-11-10T08:00:00+08:00,1699574400,19.3,8.08,5.11,372.9,25.8,3.28,0.497,0.078,1.53,,,Ⅲ
2023-11-10T16:00:00+08:00,1699603200,19.0,8.2,6.06,368.2,24.3,3.11,0.288,0.067,1.1,,,Ⅱ
2023-11-10T20:00:00+08:00,1699617600,18.8,8.23,6.6,366.4,25.2,3.19,0.249,0.062,0.98,,,Ⅱ
2023-11-11T00:00:00+08:00,1699632000,18.6,8.22,6.47,366.2,23.5,3.19,0.249,0.062,0.98,,,Ⅱ
2023-11-11T04:00:00+08:00,1699646400,18.4,8.18,6.06,366.7,19.5,2.92,0.261,0.059,0.99,,,Ⅱ
2023-11-11T08:00:00+08:00,1699660800,18.2,8.19,6.26,366.4,21.2,3.02,0.25,0.06,1.06,,,Ⅱ
2023-11-11T12:00:00+08:00,1699675200,18.2,8.18,6.18,366.7,20.9,3.11,0.268,0.061,1.0,,,Ⅱ
2023-11-11T16:00:00+08:00,1699689600,18.1,8.24,6.73,366.4,23.9,3.06,0.249,0.06,0.99,,,Ⅱ
2023-11-11T20:00:00+08:00,1699704000,17.9,8.3,7.23,364.1,25.5,2.96,0.201,0.058,0.88,,,Ⅱ
2023-11-12T00:00:00+08:00,1699718400,17.7,8.3,7.29,363.5,25.4,3.03,0.203,0.058,0.83,,,Ⅱ
2023-11-12T04:00:00+08:00,1699732800,17.6,8.26,6.9,364.0,24.3,2.9,0.215,0.059,0.95,,,Ⅱ
2023-11-12T08:00:00+08:00,1699747200,17.4,8.18,6.53,365.4,23.5,3.05,0.235,0.062,1.05,,,Ⅱ
2023-11-12T12:00:00+08:00,1699761600,17.2,8.09,5.46,371.4,33.2,3.33,0.517,0.078,1.72,,,Ⅲ
2023-11-12T16:00:00+08:00,1699776000,17.1,8.07,5.22,372.5,26.8,3.38,0.56,0.08,1.64,,,Ⅲ
2023-11-12T20:00:00+08:00,1699790400,16.7,8.03,4.93,374.3,24.5,3.37,0.695,0.084,1.81,,,Ⅳ
2023-11-13T00:00:00+08:00,1699804800,16.3,8.03,4.99,373.6,21.0,3.28,0.6,0.075,1.64,,,Ⅳ
2023-11-13T04:00:00+08:00,1699819200,16.0,8.06,5.43,372.8,20.8,2.99,0.528,0.068,1.61,,,Ⅲ
2023-11-13T08:00:00+08:00,1699833600,15.5,8.3,7.62,366.3,28.3,3.05,0.23,0.057,1.22,,,Ⅱ
2023-11-13T12:00:00+08:00,1699848000,15.6,8.23,7.12,366.3,23.0,2.91,0.242,0.057,1.04,,,Ⅱ
2023-11-13T16:00:00+08:00,1699862400,16.0,8.37,7.89,364.2,27.4,3.01,0.208,0.056,0.94,,,Ⅱ
2023-11-13T20:00:00+08:00,1699876800,16.2,8.35,7.78,362.3,26.0,3.05,0.222,0.057,0.91,,,Ⅱ
2023-11-14T00:00:00+08:00,1699891200,16.0,8.42,8.26,361.5,27.0,2.92,0.193,0.054,0.85,,,Ⅱ
2023-11-14T04:00:00+08:00,1699905600,15.8,8.41,8.12,361.5,25.6,2.88,0.206,0.053,0.96,,,Ⅱ
2023-11-14T08:00:00+08:00,1699920000,15.7,8.4,8.12,362.5,27.0,2.9,0.207,0.054,0.93,,,Ⅱ
2023-11-14T12:00:00+08:00,1699934400,16.0,8.39,7.94,362.3,25.9,2.92,0.226,0.056,0.89,,,Ⅱ
2023-11-14T16:00:00+08:00,1699948800,16.0,8.43,8.1,361.6,26.3,2.93,0.206,0.055,0.86,,,Ⅱ
2023-11-14T20:00:00+08:00,1699963200,16.1,8.41,8.26,361.2,25.8,2.99,0.205,0.055,0.82,,,Ⅱ
2023-11-15T00:00:00+08:00,1699977600,15.8,8.42,8.36,361.7,24.1,2.99,0.205,0.055,0.82,,,Ⅱ
2023-11-15T04:00:00+08:00,1699992000,15.6,8.42,8.35,362.0,23.6,2.76,0.207,0.052,0.86,,,Ⅱ
2023-11-15T08:00:00+08:00,1700006400,15.4,8.4,8.24,362.8,24.7,2.92,0.214,0.054,0.87,,,Ⅱ
2023-11-15T12:00:00+08:00,1700020800,15.6,8.45,8.39,361.3,27.8,2.9,0.201,0.053,0.83,,,Ⅱ
2023-11-15T16:00:00+08:00,1700035200,15.9,8.43,8.35,361.8,28.2,2.95,0.209,0.054,0.86,,,Ⅱ
2023-11-15T20:00:00+08:00,1700049600,15.9,8.4,8.26,361.6,26.0,3.01,0.215,0.054,0.84,,,Ⅱ
2023-11-16T00:00:00+08:00,1700064000,15.8,8.4,8.01,362.2,24.9,3.01,0.232,0.058,0.84,,,Ⅱ
2023-11-16T04:00:00+08:00,1700078400,15.7,8.39,7.93,362.1,24.1,2.76,0.248,0.057,0.9,,,Ⅱ
2023-11-16T08:00:00+08:00,1700092800,15.6,8.28,7.65,365.4,25.2,3.2,0.369,0.068,1.16,,,Ⅱ
2023-11-16T16:00:00+08:00,1700121600,15.2,8.22,6.1,377.0,29.7,3.3,0.66,0.086,1.84,,,Ⅲ
2023-11-16T20:00:00+08:00,1700136000,14.9,8.16,5.92,378.0,28.1,3.24,0.669,0.087,1.86,,,Ⅲ
2023-11-17T00:00:00+08:00,1700150400,14.6,8.12,5.69,379.8,25.4,3.24,0.669,0.087,1.86,,,Ⅲ
2023-11-17T04:00:00+08:00,1700164800,14.5,8.17,6.35,376.1,23.2,2.86,0.429,0.071,1.45,,,Ⅱ
2023-11-17T08:00:00+08:00,1700179200,14.1,8.27,7.19,372.9,23.0,2.89,0.283,0.062,1.18,,,Ⅱ
2023-11-17T12:00:00+08:00,1700193600,14.9,8.38,7.73,371.5,21.4,2.92,0.253,0.059,1.04,,,Ⅱ
2023-11-17T16:00:00+08:00,1700208000,14.8,8.3,7.12,371.7,20.1,2.88,0.297,0.061,1.09,,,Ⅱ
2023-11-17T20:00:00+08:00,1700222400,14.5,8.34,7.5,370.0,23.1,2.97,0.263,0.061,1.07,,,Ⅱ
2023-11-18T00:00:00+08:00,1700236800,14.1,8.42,8.26,368.5,23.5,2.97,0.263,0.061,1.07,,,Ⅱ
2023-11-18T04:00:00+08:00,1700251200,13.8,8.37,7.98,369.2,21.6,2.74,0.214,0.053,0.96,,,Ⅱ
2023-11-18T08:00:00+08:00,1700265600,13.7,8.36,7.94,368.6,21.5,2.86,0.207,0.051,1.04,,,Ⅱ
2023-11-18T12:00:00+08:00,1700280000,13.9,8.36,7.98,368.1,20.4,2.85,0.21,0.05,0.91,,,Ⅱ
2023-11-18T16:00:00+08:00,1700294400,14.2,8.4,7.95,367.1,20.4,2.85,0.22,0.051,0.92,,,Ⅱ
2023-11-18T20:00:00+08:00,1700308800,14.2,8.34,7.67,369.2,20.7,2.9,0.334,0.059,1.11,,,Ⅱ
2023-11-19T00:00:00+08:00,1700323200,13.9,8.33,7.48,368.1,20.5,2.9,0.334,0.059,1.11,,,Ⅱ
2023-11-19T04:00:00+08:00,1700337600,13.6,8.26,7.03,370.0,17.7,2.83,0.416,0.06,1.27,,,Ⅱ
2023-11-19T08:00:00+08:00,1700352000,13.5,8.28,7.23,368.0,18.2,2.83,0.357,0.059,1.18,,,Ⅱ
2023-11-19T12:00:00+08:00,1700366400,13.7,8.24,7.05,368.4,16.0,2.75,0.371,0.055,1.15,,,Ⅱ
2023-11-19T16:00:00+08:00,1700380800,14.1,8.23,6.7,367.4,15.1,2.8,0.422,0.056,1.15,,,Ⅱ
2023-11-19T20:00:00+08:00,1700395200,14.0,8.19,6.49,370.0,14.8,2.93,0.503,0.061,1.34,,,Ⅲ
2023-11-20T00:00:00+08:00,1700409600,13.9,8.2,6.59,371.6,14.5,2.93,0.503,0.061,1.34,,,Ⅲ
2023-11-20T04:00:00+08:00,1700424000,13.7,8.2,6.69,370.3,15.4,2.8,0.459,0.06,1.36,,,Ⅱ
2023-11-20T08:00:00+08:00,1700438400,13.6,8.2,6.59,369.1,14.7,2.95,0.467,0.059,1.45,,,Ⅱ
2023-11-20T12:00:00+08:00,1700452800,13.8,8.2,6.6,368.4,14.2,2.81,0.437,0.055,1.23,,,Ⅱ
2023-11-20T16:00:00+08:00,1700467200,14.3,8.27,6.89,365.9,15.3,2.83,0.413,0.057,1.15,,,Ⅱ
2023-11-20T20:00:00+08:00,1700481600,14.3,8.25,6.75,368.3,15.7,3.03,0.485,0.064,1.32,,,Ⅱ
2023-11-21T00:00:00+08:00,1700496000,14.0,8.38,7.7,366.3,20.7,3.03,0.485,0.064,1.32,,,Ⅱ
2023-11-21T04:00:00+08:00,1700510400,13.8,8.38,7.62,367.5,20.7,2.8,0.33,0.055,1.18,,,Ⅱ
2023-11-21T08:00:00+08:00,1700524800,13.7,8.38,7.84,366.3,23.5,2.84,0.264,0.053,1.22,,,Ⅱ
2023-11-21T12:00:00+08:00,1700539200,14.2,8.37,7.91,365.3,22.2,2.87,0.27,0.054,1.03,,,Ⅱ
2023-11-21T16:00:00+08:00,1700553600,14.8,8.41,7.82,363.3,19.5,2.97,0.295,0.056,1.03,,,Ⅱ
2023-11-21T20:00:00+08:00,1700568000,14.6,8.41,7.95,363.5,21.9,2.98,0.275,0.057,1.02,,,Ⅱ
2023-11-22T00:00:00+08:00,1700582400,14.3,8.44,8.1,364.2,21.7,2.98,0.275,0.057,1.02,,,Ⅱ
2023-11-22T04:00:00+08:00,1700596800,14.1,8.41,7.82,365.4,21.6,2.86,0.266,0.053,1.14,,,Ⅱ
2023-11-22T08:00:00+08:00,1700611200,14.0,8.38,7.82,365.5,22.2,2.88,0.253,0.052,1.13,,,Ⅱ
2023-11-22T12:00:00+08:00,1700625600,14.4,8.36,7.64,364.9,22.0,2.82,0.267,0.051,1.01,,,Ⅱ
2023-11-22T16:00:00+08:00,1700640000,14.8,8.42,7.87,362.1,21.7,2.98,0.247,0.052,0.93,,,Ⅱ
2023-11-22T20:00:00+08:00,1700654400,14.8,8.43,8.13,361.5,23.7,2.91,0.217,0.052,0.95,,,Ⅱ
2023-11-23T00:00:00+08:00,1700668800,14.7,8.42,8.0,362.3,22.6,2.91,0.217,0.052,0.95,,,Ⅱ
2023-11-23T04:00:00+08:00,1700683200,14.6,8.43,7.98,362.6,23.3,2.78,0.222,0.049,1.09,,,Ⅱ
2023-11-23T08:00:00+08:00,1700697600,14.5,8.38,7.67,363.9,20.9,2.83,0.247,0.049,1.03,,,Ⅱ
2023-11-23T12:00:00+08:00,1700712000,15.0,8.43,8.02,362.1,20.0,2.81,0.222,0.047,0.89,,,Ⅱ
2023-11-23T16:00:00+08:00,1700726400,15.2,8.47,8.38,362.3,22.5,2.9,0.203,0.049,0.91,,,Ⅱ
2023-11-23T20:00:00+08:00,1700740800,15.0,8.44,8.26,362.1,21.5,2.85,0.18,0.046,0.88,,,Ⅱ
2023-11-24T00:00:00+08:00,1700755200,14.7,8.46,8.39,361.8,22.2,2.85,0.18,0.046,0.88,,,Ⅱ
2023-11-24T04:00:00+08:00,1700769600,14.3,8.4,8.07,363.1,20.3,2.7,0.182,0.048,0.98,,,Ⅱ
2023-11-24T08:00:00+08:00,1700784000,13.8,8.44,8.49,362.0,21.1,2.89,0.165,0.047,0.9,,,Ⅱ
2023-11-24T12:00:00+08:00,1700798400,14.1,8.46,8.89,360.8,21.7,2.83,0.149,0.044,0.77,,,Ⅱ
2023-11-24T16:00:00+08:00,1700812800,14.4,8.45,8.51,361.2,20.5,2.81,0.174,0.045,0.85,,,Ⅱ
2023-11-24T20:00:00+08:00,1700827200,14.0,8.44,8.7,361.2,21.5,2.79,0.168,0.047,0.87,,,Ⅱ
2023-11-25T00:00:00+08:00,1700841600,13.6,8.45,8.71,362.6,20.0,2.79,0.168,0.047,0.87,,,Ⅱ
2023-11-25T04:00:00+08:00,1700856000,13.5,8.42,8.42,363.3,19.9,2.9,0.192,0.05,1.03,,,Ⅱ
2023-11-25T08:00:00+08:00,1700870400,13.5,8.4,8.3,362.2,19.8,2.89,0.201,0.048,0.93,,,Ⅱ
2023-11-25T12:00:00+08:00,1700884800,13.8,8.45,8.64,362.0,18.5,2.94,0.209,0.048,0.91,,,Ⅱ
2023-11-25T16:00:00+08:00,1700899200,14.0,8.42,8.57,363.8,19.7,2.94,0.23,0.049,0.96,,,Ⅱ
2023-11-25T20:00:00+08:00,1700913600,13.8,8.48,9.02,363.5,17.5,2.97,0.224,0.049,0.95,,,Ⅱ
2023-11-26T00:00:00+08:00,1700928000,13.5,8.43,8.68,363.9,16.6,2.97,0.224,0.049,0.95,,,Ⅱ
2023-11-26T04:00:00+08:00,1700942400,13.3,8.39,8.42,364.1,16.4,2.74,0.225,0.044,1.04,,,Ⅱ
2023-11-26T08:00:00+08:00,1700956800,13.4,8.41,8.56,361.5,17.6,2.87,0.203,0.044,0.88,,,Ⅱ
2023-11-26T12:00:00+08:00,1700971200,13.8,8.43,8.47,359.6,18.0,2.8,0.205,0.044,0.81,,,Ⅱ
2023-11-26T16:00:00+08:00,1700985600,13.8,8.43,8.42,360.3,18.0,2.82,0.207,0.046,0.88,,,Ⅱ
2023-11-26T20:00:00+08:00,1701000000,13.6,8.43,8.69,360.9,19.0,2.87,0.198,0.047,0.85,,,Ⅱ
2023-11-27T00:00:00+08:00,1701014400,13.5,8.43,8.77,359.7,16.7,2.87,0.198,0.047,0.85,,,Ⅱ
2023-11-27T04:00:00+08:00,1701028800,13.5,8.39,8.48,360.6,16.1,2.67,0.197,0.042,0.9,,,Ⅱ
2023-11-27T08:00:00+08:00,1701043200,13.4,8.37,8.3,361.5,19.0,2.85,0.22,0.044,1.05,,,Ⅱ
2023-11-27T12:00:00+08:00,1701057600,13.7,8.38,8.56,360.3,18.6,2.78,0.206,0.046,0.88,,,Ⅱ
2023-11-27T16:00:00+08:00,1701072000,13.9,8.46,8.8,358.4,20.3,2.84,0.192,0.045,0.84,,,Ⅱ
2023-11-27T20:00:00+08:00,1701086400,13.8,8.45,8.91,358.3,22.5,2.91,0.184,0.047,0.86,,,Ⅱ
2023-11-28T00:00:00+08:00,1701100800,13.7,8.42,8.63,359.8,19.7,2.91,0.184,0.047,0.86,,,Ⅱ
2023-11-28T04:00:00+08:00,1701115200,13.5,8.41,8.57,360.0,19.8,2.79,0.209,0.046,0.97,,,Ⅱ
2023-11-28T08:00:00+08:00,1701129600,13.3,8.39,8.44,361.2,19.4,2.88,0.217,0.05,1.05,,,Ⅱ
2023-11-28T12:00:00+08:00,1701144000,13.6,8.45,8.93,359.9,21.1,2.78,0.183,0.048,0.95,,,Ⅱ
2023-11-28T16:00:00+08:00,1701158400,14.1,8.51,9.02,357.8,22.7,2.68,0.175,0.048,0.99,,,Ⅱ
2023-11-28T20:00:00+08:00,1701172800,13.8,8.42,8.47,360.2,21.3,2.67,0.209,0.049,1.05,,,Ⅱ
2023-11-29T00:00:00+08:00,1701187200,13.6,8.41,8.39,360.3,20.2,2.67,0.209,0.049,1.05,,,Ⅱ
2023-11-29T04:00:00+08:00,1701201600,13.4,8.39,8.27,361.3,18.5,2.73,0.2,0.048,1.09,,,Ⅱ
2023-11-29T08:00:00+08:00,1701216000,13.4,8.36,8.08,362.9,15.9,2.84,0.201,0.048,1.05,,,Ⅱ
2023-11-29T12:00:00+08:00,1701230400,13.8,8.41,8.28,361.4,14.7,2.8,0.228,0.047,0.96,,,Ⅱ
2023-11-29T16:00:00+08:00,1701244800,14.2,8.62,9.29,360.5,14.3,2.92,0.18,0.044,0.91,,,Ⅱ
2023-11-29T20:00:00+08:00,1701259200,13.9,8.6,9.38,360.1,14.8,3.1,0.163,0.055,0.96,,,Ⅱ
2023-11-30T00:00:00+08:00,1701273600,13.9,8.53,8.93,360.6,16.3,3.1,0.163,0.055,0.96,,,Ⅱ
2023-11-30T04:00:00+08:00,1701288000,13.6,8.47,8.63,361.4,15.0,2.95,0.188,0.053,1.07,,,Ⅱ
2023-11-30T08:00:00+08:00,1701302400,13.2,8.44,8.54,362.3,13.1,3.04,0.187,0.053,1.1,,,Ⅱ
2023-11-30T12:00:00+08:00,1701316800,13.4,8.44,8.46,361.7,12.4,2.9,0.187,0.043,0.97,,,Ⅱ
2023-11-30T16:00:00+08:00,1701331200,13.4,8.58,9.17,361.5,15.0,3.11,0.201,0.053,1.06,,,Ⅱ
2023-11-30T20:00:00+08:00,1701345600,13.0,8.45,8.54,362.5,13.5,3.09,0.255,0.055,1.09,,,Ⅱ
2023-12-01T00:00:00+08:00,1701360000,12.9,8.43,8.37,361.4,13.8,3.09,0.255,0.055,1.09,,,Ⅱ
2023-12-01T04:00:00+08:00,1701374400,12.7,8.43,8.42,359.1,16.4,2.81,0.235,0.05,1.1,,,Ⅱ
2023-12-01T08:00:00+08:00,1701388800,12.4,8.42,8.46,356.8,16.6,2.83,0.212,0.047,0.95,,,Ⅱ
2023-12-01T12:00:00+08:00,1701403200,12.3,8.48,9.08,355.9,18.1,2.82,0.173,0.044,0.86,,,Ⅱ
2023-12-01T16:00:00+08:00,1701417600,12.6,8.48,9.08,356.3,17.6,2.73,0.173,0.042,0.85,,,Ⅱ
2023-12-01T20:00:00+08:00,1701432000,12.4,8.5,9.27,353.3,18.3,2.7,0.145,0.044,0.76,,,Ⅱ
2023-12-02T00:00:00+08:00,1701446400,12.0,8.5,9.3,353.9,17.2,2.7,0.145,0.044,0.76,,,Ⅱ
2023-12-02T04:00:00+08:00,1701460800,11.9,8.49,8.98,354.9,16.6,2.75,0.167,0.043,0.87,,,Ⅱ
2023-12-02T08:00:00+08:00,1701475200,11.6,8.47,9.02,355.1,17.1,2.74,0.163,0.042,0.86,,,Ⅱ
2023-12-02T12:00:00+08:00,1701489600,12.0,8.5,9.27,355.0,16.1,2.75,0.162,0.04,0.8,,,Ⅱ
2023-12-02T16:00:00+08:00,1701504000,12.0,8.47,9.01,355.4,15.6,2.81,0.173,0.04,0.88,,,Ⅱ
2023-12-02T20:00:00+08:00,1701518400,11.8,8.46,9.0,355.0,14.9,2.76,0.179,0.042,0.81,,,Ⅱ
2023-12-03T00:00:00+08:00,1701532800,11.7,8.5,9.28,354.6,16.2,2.76,0.179,0.042,0.81,,,Ⅱ
2023-12-03T04:00:00+08:00,1701547200,11.6,8.48,8.97,353.0,17.1,2.77,0.207,0.044,0.9,,,Ⅱ
2023-12-03T08:00:00+08:00,1701561600,11.5,8.47,8.89,352.8,17.7,2.72,0.197,0.043,0.89,,,Ⅱ
2023-12-03T12:00:00+08:00,1701576000,12.1,8.33,9.13,370.7,16.7,2.78,0.182,0.042,0.76,,,Ⅱ
2023-12-03T16:00:00+08:00,1701590400,12.0,8.52,9.08,376.6,16.6,2.89,0.214,0.047,1.11,,,Ⅱ
2023-12-03T20:00:00+08:00,1701604800,11.8,8.47,8.89,379.5,16.1,2.92,0.248,0.05,0.99,,,Ⅱ
2023-12-04T00:00:00+08:00,1701619200,11.7,8.52,9.26,376.0,18.3,2.92,0.248,0.05,0.99,,,Ⅱ
2023-12-04T04:00:00+08:00,1701633600,11.5,8.5,9.11,377.5,17.5,2.73,0.189,0.046,0.89,,,Ⅱ
2023-12-04T08:00:00+08:00,1701648000,11.5,8.44,8.65,378.0,14.1,2.86,0.213,0.046,0.9,,,Ⅱ
2023-12-04T12:00:00+08:00,1701662400,12.0,8.48,8.97,378.0,12.8,2.91,0.216,0.048,0.86,,,Ⅱ
2023-12-04T16:00:00+08:00,1701676800,12.1,8.51,8.86,376.0,13.1,2.9,0.224,0.046,0.87,,,Ⅱ
2023-12-04T20:00:00+08:00,1701691200,11.8,8.42,8.27,375.8,15.1,2.92,0.223,0.047,0.85,,,Ⅱ
2023-12-05T00:00:00+08:00,1701705600,11.6,8.41,8.22,376.8,14.0,2.95,0.234,0.048,0.92,,,Ⅱ
2023-12-05T04:00:00+08:00,1701720000,11.3,8.37,8.1,378.3,12.9,2.74,0.242,0.048,1.01,,,Ⅱ
2023-12-05T08:00:00+08:00,1701734400,11.3,8.37,8.08,378.2,12.8,2.86,0.242,0.047,1.06,,,Ⅱ
2023-12-05T12:00:00+08:00,1701748800,11.8,8.38,8.1,376.2,12.0,2.82,0.243,0.046,0.93,,,Ⅱ
2023-12-05T16:00:00+08:00,1701763200,11.9,8.47,8.48,372.2,14.0,2.87,0.224,0.049,0.93,,,Ⅱ
2023-12-05T20:00:00+08:00,1701777600,12.2,8.47,8.57,371.5,16.4,2.86,0.218,0.051,0.88,,,Ⅱ
2023-12-06T00:00:00+08:00,1701792000,12.0,8.48,8.66,371.3,16.4,2.88,0.203,0.05,0.84,,,Ⅱ
2023-12-06T04:00:00+08:00,1701806400,12.0,8.49,8.84,369.6,18.2,2.83,0.163,0.044,0.81,,,Ⅱ
2023-12-06T12:00:00+08:00,1701835200,12.2,8.5,8.88,369.2,16.1,2.82,0.169,0.046,0.82,,,Ⅱ
2023-12-06T16:00:00+08:00,1701849600,12.5,8.52,8.93,369.0,14.9,2.8,0.174,0.045,0.76,,,Ⅱ
2023-12-06T20:00:00+08:00,1701864000,12.2,8.49,8.71,368.9,17.3,2.95,0.18,0.047,0.8,,,Ⅱ
2023-12-07T00:00:00+08:00,1701878400,12.1,8.56,9.25,367.3,17.4,2.92,0.149,0.045,0.71,,,Ⅱ
2023-12-07T04:00:00+08:00,1701892800,12.0,8.55,9.21,367.3,17.3,2.83,0.14,0.042,0.74,,,Ⅱ
2023-12-07T08:00:00+08:00,1701907200,11.9,8.52,9.03,367.8,17.3,2.96,0.145,0.043,0.76,,,Ⅱ
2023-12-07T12:00:00+08:00,1701921600,12.3,8.56,9.24,366.8,15.8,2.76,0.152,0.042,0.75,,,Ⅱ
2023-12-07T16:00:00+08:00,1701936000,12.5,8.51,8.87,367.9,16.7,2.78,0.179,0.044,0.79,,,Ⅱ
2023-12-07T20:00:00+08:00,1701950400,12.4,8.52,9.03,366.7,17.7,2.81,0.165,0.045,0.76,,,Ⅱ
2023-12-08T00:00:00+08:00,1701964800,12.5,8.55,9.24,365.6,17.4,2.93,0.16,0.046,0.78,,,Ⅱ
2023-12-08T04:00:00+08:00,1701979200,12.3,8.52,8.95,366.9,17.2,2.82,0.171,0.046,0.84,,,Ⅱ
2023-12-08T12:00:00+08:00,1702008000,12.6,8.52,9.02,366.0,14.7,2.92,0.174,0.045,0.8,,,Ⅱ
2023-12-08T16:00:00+08:00,1702022400,12.8,8.49,8.7,367.4,15.8,2.81,0.178,0.042,0.75,,,Ⅱ
2023-12-08T20:00:00+08:00,1702036800,12.8,8.48,8.71,367.0,15.6,2.94,0.223,0.05,0.89,,,Ⅱ
2023-12-09T00:00:00+08:00,1702051200,12.9,8.52,9.02,365.7,14.6,2.92,0.222,0.049,0.9,,,Ⅱ
2023-12-09T04:00:00+08:00,1702065600,12.8,8.51,8.92,365.2,16.0,2.88,0.2,0.046,0.81,,,Ⅱ
2023-12-09T08:00:00+08:00,1702080000,12.7,8.48,8.57,366.7,16.0,2.78,0.194,0.046,0.82,,,Ⅱ
2023-12-09T12:00:00+08:00,1702094400,13.0,8.48,8.63,366.3,14.2,2.97,0.232,0.048,0.9,,,Ⅱ
2023-12-09T16:00:00+08:00,1702108800,13.4,8.5,8.48,366.0,14.3,2.85,0.242,0.045,0.86,,,Ⅱ
2023-12-09T20:00:00+08:00,1702123200,13.4,8.52,8.77,365.3,15.3,2.94,0.294,0.05,1.01,,,Ⅱ
2023-12-10T00:00:00+08:00,1702137600,13.4,8.52,8.82,364.8,14.4,2.96,0.243,0.049,0.9,,,Ⅱ
2023-12-10T04:00:00+08:00,1702152000,13.4,8.5,8.64,364.6,13.6,2.99,0.245,0.048,0.89,,,Ⅱ
2023-12-10T08:00:00+08:00,1702166400,13.4,8.5,8.68,363.8,15.2,2.84,0.242,0.049,0.9,,,Ⅱ
2023-12-10T12:00:00+08:00,1702180800,13.6,8.52,8.89,363.1,14.0,2.93,0.207,0.048,0.88,,,Ⅱ
2023-12-10T16:00:00+08:00,1702195200,13.7,8.52,8.71,364.9,13.8,2.89,0.19,0.045,0.78,,,Ⅱ
2023-12-10T20:00:00+08:00,1702209600,13.7,8.5,8.74,363.7,15.9,2.99,0.258,0.054,0.93,,,Ⅱ
2023-12-11T00:00:00+08:00,1702224000,13.7,8.47,8.46,363.8,14.6,3.0,0.236,0.052,0.88,,,Ⅱ
2023-12-11T04:00:00+08:00,1702238400,13.6,8.46,8.42,364.0,15.1,3.05,0.258,0.052,0.89,,,Ⅱ
2023-12-11T08:00:00+08:00,1702252800,13.6,8.46,8.4,362.7,16.6,2.87,0.275,0.05,0.95,,,Ⅱ
2023-12-11T12:00:00+08:00,1702267200,13.5,8.32,7.13,368.1,13.6,2.93,0.223,0.046,0.89,,,Ⅱ
2023-12-11T16:00:00+08:00,1702281600,13.4,8.33,7.44,366.9,15.1,3.09,0.448,0.06,1.17,,,Ⅱ
2023-12-11T20:00:00+08:00,1702296000,13.1,8.38,7.72,366.3,15.8,3.1,0.286,0.057,0.99,,,Ⅱ
2023-12-12T00:00:00+08:00,1702310400,12.9,8.35,7.55,365.7,14.5,3.11,0.273,0.054,0.96,,,Ⅱ
2023-12-12T04:00:00+08:00,1702324800,12.8,8.25,6.66,373.5,13.9,3.29,0.574,0.068,1.42,,,Ⅲ
2023-12-12T12:00:00+08:00,1702353600,12.6,8.31,7.45,366.7,15.1,3.45,0.804,0.075,1.75,,,Ⅲ
2023-12-12T16:00:00+08:00,1702368000,12.4,8.39,8.04,367.5,15.6,2.98,0.306,0.055,1.01,,,Ⅱ
2023-12-12T20:00:00+08:00,1702382400,12.1,8.45,8.69,362.3,15.5,3.2,0.394,0.052,1.11,,,Ⅱ
2023-12-13T00:00:00+08:00,1702396800,12.1,8.4,8.29,363.5,14.3,3.04,0.216,0.046,0.78,,,Ⅱ
2023-12-13T04:00:00+08:00,1702411200,12.0,8.39,8.2,364.1,13.6,3.04,0.216,0.046,0.78,,,Ⅱ
2023-12-13T08:00:00+08:00,1702425600,12.0,8.4,8.32,363.2,15.6,2.95,0.285,0.048,0.99,,,Ⅱ
2023-12-13T12:00:00+08:00,1702440000,12.2,8.37,8.11,364.2,12.2,3.01,0.264,0.049,0.93,,,Ⅱ
2023-12-13T16:00:00+08:00,1702454400,12.5,8.36,7.92,365.4,11.3,3.0,0.317,0.048,0.93,,,Ⅱ
2023-12-13T20:00:00+08:00,1702468800,12.4,8.4,8.26,363.5,10.5,3.05,0.379,0.05,1.03,,,Ⅱ
2023-12-14T00:00:00+08:00,1702483200,12.4,8.41,8.42,361.9,10.5,3.0,0.31,0.045,0.92,,,Ⅱ
2023-12-14T04:00:00+08:00,1702497600,12.5,8.42,8.52,360.5,10.9,3.0,0.31,0.045,0.92,,,Ⅱ
2023-12-14T08:00:00+08:00,1702512000,12.5,8.41,8.41,360.3,12.4,2.69,0.26,0.042,0.82,,,Ⅱ
2023-12-14T12:00:00+08:00,1702526400,12.9,8.39,8.31,359.7,11.4,2.9,0.275,0.046,0.91,,,Ⅱ
2023-12-14T16:00:00+08:00,1702540800,13.2,8.44,8.71,359.2,15.5,2.94,0.294,0.045,0.95,,,Ⅱ
2023-12-14T20:00:00+08:00,1702555200,13.2,8.4,8.29,360.0,12.7,2.99,0.248,0.049,0.85,,,Ⅱ
2023-12-15T00:00:00+08:00,1702569600,13.3,8.39,8.22,360.6,12.0,3.01,0.282,0.046,0.91,,,Ⅱ
2023-12-15T04:00:00+08:00,1702584000,13.2,8.38,8.17,359.6,11.2,3.01,0.282,0.046,0.91,,,Ⅱ
2023-12-15T08:00:00+08:00,1702598400,13.0,8.36,7.91,361.7,13.2,2.9,0.27,0.044,0.93,,,Ⅱ
2023-12-15T12:00:00+08:00,1702612800,12.8,8.33,7.76,362.0,14.2,3.14,0.303,0.05,0.98,,,Ⅱ
2023-12-15T16:00:00+08:00,1702627200,12.6,8.35,7.86,359.9,14.0,3.08,0.304,0.051,1.0,,,Ⅱ
2023-12-15T20:00:00+08:00,1702641600,12.2,8.24,7.28,365.5,17.1,3.05,0.304,0.053,1.01,,,Ⅱ
2023-12-16T00:00:00+08:00,1702656000,12.0,8.23,7.06,362.1,17.5,3.34,0.417,0.065,1.17,,,Ⅱ
2023-12-16T04:00:00+08:00,1702670400,11.7,8.25,7.14,364.4,18.0,3.38,0.408,0.063,1.24,,,Ⅱ
2023-12-16T12:00:00+08:00,1702699200,11.2,8.3,7.47,366.4,20.5,3.28,0.394,0.061,1.32,,,Ⅱ
2023-12-16T16:00:00+08:00,1702713600,11.0,8.26,7.32,365.5,15.9,3.45,0.393,0.061,1.33,,,Ⅱ
2023-12-17T00:00:00+08:00,1702742400,10.0,8.43,8.81,357.9,13.8,3.03,0.214,0.044,0.86,,,Ⅱ
2023-12-17T04:00:00+08:00,1702756800,9.8,8.4,8.59,358.3,13.1,3.06,0.236,0.045,0.91,,,Ⅱ
2023-12-17T08:00:00+08:00,1702771200,9.5,8.4,8.72,357.7,12.7,3.04,0.286,0.047,1.0,,,Ⅱ
2023-12-17T12:00:00+08:00,1702785600,9.6,8.43,8.99,357.0,12.4,3.04,0.25,0.043,0.97,,,Ⅱ
2023-12-17T16:00:00+08:00,1702800000,9.8,8.42,8.98,357.3,12.7,3.06,0.242,0.043,0.87,,,Ⅱ
2023-12-17T20:00:00+08:00,1702814400,9.5,8.45,9.05,360.5,12.5,3.04,0.262,0.045,0.9,,,Ⅱ
2023-12-18T00:00:00+08:00,1702828800,9.3,8.44,8.96,361.8,12.0,3.03,0.247,0.042,0.86,,,Ⅱ
2023-12-18T04:00:00+08:00,1702843200,9.2,8.41,8.85,361.8,11.9,3.06,0.273,0.043,0.86,,,Ⅱ
2023-12-18T08:00:00+08:00,1702857600,9.1,8.38,8.56,363.9,11.4,2.91,0.274,0.045,0.94,,,Ⅱ
2023-12-18T12:00:00+08:00,1702872000,9.0,8.32,8.27,366.0,9.9,3.06,0.335,0.047,1.07,,,Ⅱ
2023-12-18T16:00:00+08:00,1702886400,9.0,8.4,8.71,361.8,9.8,3.07,0.358,0.047,1.1,,,Ⅱ
2023-12-18T20:00:00+08:00,1702900800,9.0,8.43,8.96,358.1,10.3,3.08,0.256,0.042,0.93,,,Ⅱ
2023-12-19T00:00:00+08:00,1702915200,8.9,8.43,8.97,356.8,10.4,3.05,0.238,0.04,0.91,,,Ⅱ
2023-12-19T04:00:00+08:00,1702929600,8.9,8.4,8.74,356.9,9.5,3.08,0.24,0.04,0.88,,,Ⅱ
2023-12-19T08:00:00+08:00,1702944000,8.8,8.38,8.77,355.2,9.9,2.95,0.274,0.042,1.01,,,Ⅱ
2023-12-19T12:00:00+08:00,1702958400,8.8,8.39,8.83,354.5,9.9,3.19,0.275,0.042,0.98,,,Ⅱ
2023-12-19T16:00:00+08:00,1702972800,8.8,8.38,8.59,354.7,9.6,3.18,0.278,0.044,0.93,,,Ⅱ
2023-12-19T20:00:00+08:00,1702987200,8.7,8.35,8.47,354.4,9.6,3.24,0.322,0.047,1.01,,,Ⅱ
2023-12-20T00:00:00+08:00,1703001600,8.5,8.41,8.94,350.8,9.8,2.98,0.35,0.049,1.03,,,Ⅱ
2023-12-20T12:00:00+08:00,1703044800,8.2,8.52,9.89,351.0,9.4,3.08,0.236,0.044,0.91,,,Ⅱ
2023-12-20T16:00:00+08:00,1703059200,8.4,8.5,9.67,350.2,9.1,3.05,0.202,0.038,0.78,,,Ⅱ
2023-12-20T20:00:00+08:00,1703073600,8.2,8.42,9.21,350.6,8.9,3.05,0.24,0.04,0.81,,,Ⅱ
2023-12-21T00:00:00+08:00,1703088000,7.8,8.51,9.94,349.2,9.5,3.09,0.271,0.042,0.88,,,Ⅱ
2023-12-21T04:00:00+08:00,1703102400,7.6,8.46,9.62,350.0,8.7,3.03,0.189,0.036,0.76,,,Ⅱ
2023-12-21T08:00:00+08:00,1703116800,7.1,8.45,9.63,349.3,8.4,2.93,0.224,0.038,0.86,,,Ⅱ
2023-12-21T12:00:00+08:00,1703131200,7.3,8.47,9.74,348.9,8.7,3.05,0.226,0.038,0.89,,,Ⅱ
2023-12-21T16:00:00+08:00,1703145600,7.2,8.48,9.67,349.2,8.4,3.05,0.229,0.041,0.87,,,Ⅱ
2023-12-21T20:00:00+08:00,1703160000,6.8,8.47,9.73,348.7,8.4,3.06,0.27,0.041,0.89,,,Ⅱ
2023-12-22T00:00:00+08:00,1703174400,6.8,8.52,10.08,347.6,9.3,3.03,0.234,0.038,0.86,,,Ⅱ
2023-12-22T04:00:00+08:00,1703188800,6.3,8.47,9.79,348.4,8.6,3.09,0.187,0.037,0.75,,,Ⅱ
2023-12-22T08:00:00+08:00,1703203200,6.1,8.5,10.08,347.6,9.2,2.93,0.226,0.039,0.91,,,Ⅱ
2023-12-22T12:00:00+08:00,1703217600,6.1,8.58,10.61,345.3,9.6,3.0,0.171,0.036,0.85,,,Ⅱ
2023-12-22T16:00:00+08:00,1703232000,6.4,8.63,10.77,344.6,9.5,3.07,0.108,0.032,0.67,,,Ⅱ
2023-12-22T20:00:00+08:00,1703246400,6.2,8.6,10.75,344.6,9.3,3.14,0.111,0.032,0.64,,,Ⅱ
2023-12-23T00:00:00+08:00,1703260800,5.9,8.58,10.63,333.9,9.1,3.07,0.116,0.032,0.66,,,Ⅱ
2023-12-23T04:00:00+08:00,1703275200,5.9,8.52,10.18,345.7,8.8,3.03,0.171,0.035,0.73,,,Ⅱ
2023-12-23T08:00:00+08:00,1703289600,5.8,8.48,10.07,346.5,8.6,3.07,0.27,0.042,0.92,,,Ⅱ
2023-12-23T12:00:00+08:00,1703304000,6.0,8.3,9.89,343.7,8.2,3.15,0.299,0.043,0.97,,,Ⅱ
2023-12-23T16:00:00+08:00,1703318400,3.4,8.5,10.05,348.5,8.5,3.11,0.361,0.049,1.04,,,Ⅱ
2023-12-23T20:00:00+08:00,1703332800,3.3,8.46,9.98,350.8,8.4,3.17,0.372,0.046,1.1,,,Ⅱ
2023-12-24T00:00:00+08:00,1703347200,3.2,8.53,10.41,350.0,9.2,3.22,0.359,0.046,1.06,,,Ⅱ
2023-12-24T04:00:00+08:00,1703361600,3.1,8.52,10.26,350.3,8.9,3.19,0.267,0.047,0.95,,,Ⅱ
2023-12-24T08:00:00+08:00,1703376000,2.9,8.46,9.98,351.7,8.3,3.04,0.274,0.043,1.03,,,Ⅱ
2023-12-24T12:00:00+08:00,1703390400,3.2,8.52,10.36,336.9,9.1,3.1,0.335,0.047,1.17,,,Ⅱ
2023-12-24T16:00:00+08:00,1703404800,3.4,8.58,10.61,345.2,9.5,3.18,0.277,0.044,0.94,,,Ⅱ
2023-12-24T20:00:00+08:00,1703419200,3.4,8.55,10.56,345.4,9.8,3.13,0.255,0.043,0.88,,,Ⅱ
2023-12-25T00:00:00+08:00,1703433600,3.2,8.55,10.56,334.1,10.4,3.12,0.227,0.045,0.85,,,Ⅱ
2023-12-25T04:00:00+08:00,1703448000,2.9,8.51,10.35,335.3,9.9,3.21,0.222,0.042,0.89,,,Ⅱ
2023-12-25T08:00:00+08:00,1703462400,2.8,8.52,10.53,334.1,10.1,3.03,0.253,0.042,0.97,,,Ⅱ
2023-12-25T12:00:00+08:00,1703476800,3.1,8.51,10.51,333.5,9.0,3.15,0.202,0.04,1.02,,,Ⅱ
2023-12-25T16:00:00+08:00,1703491200,3.5,8.5,9.97,345.0,8.7,3.07,0.266,0.043,0.93,,,Ⅱ
2023-12-25T20:00:00+08:00,1703505600,3.1,8.45,9.85,333.6,8.9,3.24,0.393,0.051,1.06,,,Ⅱ
2023-12-26T00:00:00+08:00,1703520000,3.2,8.46,9.97,335.3,8.9,3.18,0.319,0.045,1.0,,,Ⅱ
2023-12-26T04:00:00+08:00,1703534400,3.2,8.39,9.48,350.1,8.1,3.18,0.319,0.045,1.0,,,Ⅱ
2024-01-15T16:00:00+08:00,1705305600,7.0,8.57,10.37,328.8,8.9,3.09,0.282,0.046,1.05,,,Ⅱ
2024-01-16T12:00:00+08:00,1705377600,6.5,8.51,9.6,332.3,9.0,3.16,0.276,0.052,1.09,,,Ⅱ
2024-01-16T16:00:00+08:00,1705392000,7.0,8.54,9.61,342.1,10.4,3.49,0.527,0.066,1.52,,,Ⅲ
2024-01-16T20:00:00+08:00,1705406400,6.9,8.57,9.82,341.9,9.1,3.29,0.371,0.053,1.22,,,Ⅱ
2024-01-17T00:00:00+08:00,1705420800,6.7,8.53,9.6,342.0,8.2,3.29,0.371,0.053,1.22,,,Ⅱ
2024-01-17T04:00:00+08:00,1705435200,6.6,8.51,9.62,340.6,7.7,2.91,0.29,0.046,1.18,,,Ⅱ
2024-01-17T08:00:00+08:00,1705449600,6.5,8.53,9.85,338.3,8.3,2.95,0.238,0.043,0.98,,,Ⅱ
2024-01-17T12:00:00+08:00,1705464000,7.2,8.54,10.2,338.6,8.4,2.86,0.266,0.042,1.01,,,Ⅱ
2024-01-17T16:00:00+08:00,1705478400,7.2,8.55,10.03,336.6,8.7,2.96,0.271,0.044,1.01,,,Ⅱ
2024-01-17T20:00:00+08:00,1705492800,7.0,8.52,9.9,338.1,9.8,2.95,0.261,0.049,0.97,,,Ⅱ
2024-01-18T00:00:00+08:00,1705507200,7.1,8.49,9.78,338.6,9.9,2.95,0.261,0.049,0.97,,,Ⅱ
2024-01-18T04:00:00+08:00,1705521600,7.0,8.48,9.73,339.2,9.9,2.97,0.253,0.047,1.0,,,Ⅱ
2024-01-18T08:00:00+08:00,1705536000,7.1,8.47,9.59,339.1,9.8,3.15,0.25,0.048,1.0,,,Ⅱ
2024-01-22T16:00:00+08:00,1705910400,5.4,8.26,9.56,338.3,8.6,2.97,0.372,0.054,1.43,,,Ⅱ
2024-01-22T20:00:00+08:00,1705924800,5.1,8.67,10.37,348.8,9.9,2.86,0.286,0.046,1.21,,,Ⅱ
2024-01-23T00:00:00+08:00,1705939200,4.6,8.39,9.13,352.3,7.7,2.72,0.142,0.037,1.0,,,Ⅱ
2024-01-23T04:00:00+08:00,1705953600,4.4,8.3,8.48,353.8,7.5,2.72,0.142,0.037,1.0,,,Ⅱ
2024-01-23T08:00:00+08:00,1705968000,4.0,8.46,9.7,350.7,9.3,2.84,0.468,0.058,1.69,,,Ⅱ
2024-01-23T12:00:00+08:00,1705982400,3.8,8.42,9.39,355.8,7.0,2.82,0.19,0.041,1.26,,,Ⅱ
2024-01-23T16:00:00+08:00,1705996800,4.0,8.48,9.67,353.9,6.6,2.9,0.288,0.049,1.41,,,Ⅱ
2024-01-23T20:00:00+08:00,1706011200,4.0,8.64,10.53,350.5,9.9,2.92,0.282,0.044,1.39,,,Ⅱ
2024-01-24T00:00:00+08:00,1706025600,3.7,8.65,10.67,348.8,11.5,2.74,0.156,0.037,1.14,,,Ⅱ
2024-01-24T04:00:00+08:00,1706040000,3.5,8.63,10.55,349.1,12.5,2.74,0.156,0.037,1.14,,,Ⅱ
2024-01-24T08:00:00+08:00,1706054400,3.3,8.61,10.63,347.8,12.6,2.71,0.114,0.033,1.05,,,Ⅱ
2024-01-24T12:00:00+08:00,1706068800,3.5,8.66,10.92,345.8,11.3,2.72,0.094,0.032,1.05,,,Ⅱ
2024-01-24T16:00:00+08:00,1706083200,4.1,8.78,11.04,344.1,14.3,2.62,0.088,0.034,0.84,,,Ⅱ
2024-01-24T20:00:00+08:00,1706097600,3.6,8.71,11.04,343.7,12.9,2.64,0.1,0.034,0.8,,,Ⅱ
2024-01-25T00:00:00+08:00,1706112000,3.4,8.67,10.91,344.4,11.5,2.74,0.096,0.032,0.88,,,Ⅱ
2024-01-25T04:00:00+08:00,1706126400,3.4,8.62,10.76,344.3,10.8,2.74,0.096,0.032,0.88,,,Ⅱ
2024-01-25T08:00:00+08:00,1706140800,3.3,8.63,10.82,332.5,10.4,2.63,0.106,0.034,0.93,,,Ⅱ
2024-01-25T12:00:00+08:00,1706155200,3.7,8.67,11.11,343.4,10.3,2.75,0.096,0.032,0.94,,,Ⅱ
2024-01-25T16:00:00+08:00,1706169600,4.0,8.73,11.12,341.2,10.3,2.72,0.104,0.031,0.82,,,Ⅱ
2024-01-25T20:00:00+08:00,1706184000,4.0,8.76,10.94,343.4,11.7,2.64,0.099,0.032,0.76,,,Ⅱ
2024-01-26T00:00:00+08:00,1706198400,3.8,8.71,10.84,345.0,10.6,2.77,0.115,0.033,0.82,,,Ⅱ
2024-01-26T04:00:00+08:00,1706212800,3.5,8.65,10.64,345.7,10.3,2.63,0.148,0.035,1.04,,,Ⅱ
2024-01-26T08:00:00+08:00,1706227200,3.4,8.62,10.56,334.1,9.1,2.76,0.144,0.034,1.1,,,Ⅱ
2024-01-26T12:00:00+08:00,1706241600,3.8,8.67,10.87,343.7,8.6,2.7,0.148,0.033,0.89,,,Ⅱ
2024-01-26T16:00:00+08:00,1706256000,3.8,8.67,10.76,341.6,8.6,2.73,0.136,0.033,0.82,,,Ⅱ
2024-01-26T20:00:00+08:00,1706270400,4.0,8.63,10.68,342.0,9.4,2.76,0.136,0.034,0.84,,,Ⅱ
2024-01-27T00:00:00+08:00,1706284800,3.8,8.63,10.74,342.4,9.7,2.76,0.136,0.034,0.84,,,Ⅱ
2024-01-27T04:00:00+08:00,1706299200,3.7,8.61,10.56,343.8,9.5,2.58,0.122,0.034,0.97,,,Ⅱ
2024-01-27T08:00:00+08:00,1706313600,3.5,8.61,10.54,344.3,9.2,2.85,0.118,0.036,0.96,,,Ⅱ
2024-01-27T12:00:00+08:00,1706328000,3.8,8.64,10.62,343.2,9.2,2.73,0.138,0.035,0.88,,,Ⅱ
2024-01-27T16:00:00+08:00,1706342400,4.0,8.62,10.41,342.1,8.6,2.69,0.172,0.035,0.9,,,Ⅱ
2024-01-27T20:00:00+08:00,1706356800,3.8,8.66,10.72,340.8,9.3,2.8,0.11,0.032,0.78,,,Ⅱ
2024-01-28T00:00:00+08:00,1706371200,3.7,8.62,10.68,330.2,8.9,2.8,0.11,0.032,0.78,,,Ⅱ
2024-01-28T04:00:00+08:00,1706385600,3.5,8.59,10.56,330.8,8.6,2.7,0.124,0.034,0.92,,,Ⅱ
2024-01-28T08:00:00+08:00,1706400000,3.4,8.58,10.54,331.0,8.3,2.91,0.12,0.032,0.93,,,Ⅱ
2024-01-28T12:00:00+08:00,1706414400,3.9,8.65,10.94,340.8,7.9,2.74,0.124,0.032,0.83,,,Ⅱ
2024-01-28T16:00:00+08:00,1706428800,4.0,8.65,10.85,339.6,7.8,2.71,0.139,0.034,0.83,,,Ⅱ
2024-01-28T20:00:00+08:00,1706443200,4.1,8.62,10.86,340.0,8.1,2.72,0.113,0.032,0.8,,,Ⅱ
2024-01-29T00:00:00+08:00,1706457600,3.8,8.62,10.73,340.7,9.8,2.72,0.113,0.032,0.8,,,Ⅱ
2024-01-29T04:00:00+08:00,1706472000,3.7,8.6,10.6,329.0,10.6,2.6,0.112,0.033,0.91,,,Ⅱ
2024-01-29T08:00:00+08:00,1706486400,3.7,8.61,10.64,329.1,11.8,2.8,0.11,0.032,0.91,,,Ⅱ
2024-01-29T12:00:00+08:00,1706500800,4.0,8.65,10.84,339.2,12.4,2.68,0.115,0.033,0.82,,,Ⅱ
2024-01-29T16:00:00+08:00,1706515200,4.1,8.64,10.75,338.9,11.7,2.66,0.124,0.034,0.85,,,Ⅱ
2024-01-29T20:00:00+08:00,1706529600,4.2,8.63,10.82,338.7,12.1,2.65,0.125,0.034,0.79,,,Ⅱ
2024-01-30T00:00:00+08:00,1706544000,4.4,8.63,10.72,338.8,12.3,2.65,0.125,0.034,0.79,,,Ⅱ
2024-01-30T04:00:00+08:00,1706558400,4.4,8.65,10.74,338.5,12.4,2.54,0.132,0.035,0.85,,,Ⅱ
2024-01-30T08:00:00+08:00,1706572800,4.4,8.61,10.46,338.9,11.6,2.69,0.148,0.035,0.87,,,Ⅱ
2024-01-30T12:00:00+08:00,1706587200,4.5,8.61,10.48,340.2,11.3,2.57,0.17,0.036,0.96,,,Ⅱ
2024-01-30T16:00:00+08:00,1706601600,4.7,8.6,10.36,339.5,12.3,2.66,0.176,0.038,0.99,,,Ⅱ
2024-01-30T20:00:00+08:00,1706616000,4.8,8.62,10.5,339.1,12.5,2.38,0.143,0.036,0.92,,,Ⅱ
2024-01-31T00:00:00+08:00,1706630400,4.9,8.6,10.43,339.3,12.5,2.38,0.143,0.036,0.92,,,Ⅱ
2024-01-31T04:00:00+08:00,1706644800,4.9,8.57,10.24,339.3,11.8,2.46,0.162,0.037,0.88,,,Ⅱ
2024-01-31T08:00:00+08:00,1706659200,4.9,8.62,10.42,339.2,11.4,2.6,0.139,0.036,0.83,,,Ⅱ
2024-01-31T12:00:00+08:00,1706673600,5.1,8.62,10.46,338.6,11.5,2.51,0.144,0.037,0.83,,,Ⅱ
2024-01-31T16:00:00+08:00,1706688000,5.2,8.59,10.31,338.6,10.6,2.55,0.177,0.037,0.82,,,Ⅱ
2024-01-31T20:00:00+08:00,1706702400,5.4,8.58,10.25,337.6,10.4,2.67,0.158,0.036,0.81,,,Ⅱ
2024-02-01T00:00:00+08:00,1706716800,5.4,8.58,10.3,338.6,10.7,2.67,0.158,0.036,0.81,,,Ⅱ
2024-02-01T04:00:00+08:00,1706731200,5.4,8.57,10.27,336.7,11.4,2.63,0.199,0.039,0.92,,,Ⅱ
2024-02-01T08:00:00+08:00,1706745600,5.5,8.57,10.17,335.2,10.0,2.72,0.2,0.039,0.89,,,Ⅱ
2024-02-01T16:00:00+08:00,1706774400,5.6,8.53,10.01,331.5,12.4,2.96,0.349,0.054,1.16,,,Ⅱ
2024-02-01T20:00:00+08:00,1706788800,5.4,8.53,10.07,334.4,12.5,2.87,0.319,0.05,1.14,,,Ⅱ
2024-02-02T00:00:00+08:00,1706803200,5.2,8.49,9.8,338.1,13.3,2.87,0.319,0.05,1.14,,,Ⅱ
2024-02-02T08:00:00+08:00,1706832000,4.9,8.48,9.85,340.8,12.8,2.78,0.364,0.049,1.34,,,Ⅱ
2024-02-02T12:00:00+08:00,1706846400,4.9,8.51,10.07,341.7,14.2,2.84,0.302,0.048,1.26,,,Ⅱ
2024-02-02T16:00:00+08:00,1706860800,5.1,8.52,10.05,341.8,13.7,2.7,0.285,0.05,1.15,,,Ⅱ
2024-02-02T20:00:00+08:00,1706875200,4.9,8.53,10.22,343.1,12.4,2.73,0.282,0.048,1.13,,,Ⅱ
2024-02-03T00:00:00+08:00,1706889600,4.8,8.48,9.99,343.9,10.8,2.7,0.251,0.044,1.06,,,Ⅱ
2024-02-03T04:00:00+08:00,1706904000,4.8,8.44,9.77,339.8,10.5,2.75,0.295,0.045,1.15,,,Ⅱ
2024-02-03T08:00:00+08:00,1706918400,4.7,8.4,9.72,337.7,10.5,2.66,0.346,0.047,1.28,,,Ⅱ
2024-02-03T12:00:00+08:00,1706932800,4.8,8.35,9.4,337.3,11.5,2.86,0.355,0.05,1.33,,,Ⅱ
2024-02-03T16:00:00+08:00,1706947200,4.8,8.31,9.21,335.5,11.1,2.91,0.606,0.069,1.66,,,Ⅲ
2024-02-03T20:00:00+08:00,1706961600,4.8,8.32,9.15,336.3,10.4,2.98,0.7,0.077,1.76,,,Ⅲ
2024-02-04T00:00:00+08:00,1706976000,4.7,8.34,9.33,342.4,10.0,2.99,0.648,0.076,1.73,,,Ⅲ
2024-02-04T04:00:00+08:00,1706990400,4.7,8.29,8.98,341.4,9.5,2.92,0.52,0.068,1.53,,,Ⅲ
2024-02-04T08:00:00+08:00,1707004800,4.7,8.26,8.73,342.5,9.1,2.72,0.576,0.07,1.67,,,Ⅲ
2024-02-04T12:00:00+08:00,1707019200,4.6,8.3,9.03,344.5,9.6,3.01,0.654,0.072,1.88,,,Ⅲ
2024-02-04T16:00:00+08:00,1707033600,4.5,8.36,9.55,343.9,9.8,2.92,0.557,0.066,1.63,,,Ⅲ
2024-02-04T20:00:00+08:00,1707048000,4.5,8.35,9.2,345.2,9.4,2.79,0.419,0.06,1.39,,,Ⅱ
2024-02-05T00:00:00+08:00,1707062400,4.5,8.3,8.95,346.4,9.6,2.82,0.49,0.064,1.58,,,Ⅱ
2024-02-05T04:00:00+08:00,1707076800,4.6,8.21,7.55,350.8,13.0,2.84,0.514,0.066,1.59,,,Ⅲ
2024-02-05T08:00:00+08:00,1707091200,4.5,8.17,7.29,353.1,12.5,3.11,1.13,0.112,2.79,,,Ⅳ
2024-02-05T12:00:00+08:00,1707105600,4.2,8.29,8.66,352.2,11.7,3.35,1.144,0.116,2.9,,,Ⅳ
2024-02-05T16:00:00+08:00,1707120000,4.1,8.34,9.12,351.3,10.9,3.05,0.676,0.081,1.9,,,Ⅲ
2024-02-05T20:00:00+08:00,1707134400,3.8,8.42,9.82,352.2,10.0,2.88,0.52,0.068,1.59,,,Ⅲ
2024-02-06T00:00:00+08:00,1707148800,3.7,8.44,9.94,352.5,9.7,2.81,0.314,0.052,1.22,,,Ⅱ
2024-02-06T04:00:00+08:00,1707163200,3.7,8.38,9.64,353.1,9.3,2.67,0.25,0.046,1.08,,,Ⅱ
2024-02-06T08:00:00+08:00,1707177600,3.7,8.34,9.3,353.1,9.4,2.63,0.314,0.05,1.31,,,Ⅱ
2024-02-06T12:00:00+08:00,1707192000,3.7,8.37,9.47,353.4,9.4,2.84,0.432,0.057,1.55,,,Ⅱ
2024-02-06T16:00:00+08:00,1707206400,3.8,8.39,9.38,352.2,8.9,2.74,0.395,0.055,1.35,,,Ⅱ
2024-02-06T20:00:00+08:00,1707220800,3.7,8.37,9.34,352.3,8.6,2.78,0.37,0.053,1.35,,,Ⅱ
2024-02-07T00:00:00+08:00,1707235200,3.6,8.39,9.61,353.1,8.9,2.78,0.37,0.053,1.35,,,Ⅱ
2024-02-07T04:00:00+08:00,1707249600,3.5,8.35,9.36,352.9,8.2,2.55,0.328,0.05,1.28,,,Ⅱ
2024-02-07T08:00:00+08:00,1707264000,3.5,8.35,9.31,352.8,8.4,2.83,0.319,0.05,1.3,,,Ⅱ
2024-02-17T08:00:00+08:00,1708128000,6.2,8.57,10.3,355.0,8.5,2.44,0.096,0.027,0.86,,,Ⅱ
2024-02-17T12:00:00+08:00,1708142400,7.4,8.61,10.66,356.4,7.9,2.64,0.099,0.028,0.88,,,Ⅱ
2024-02-17T16:00:00+08:00,1708156800,7.3,8.61,10.52,353.8,8.6,2.46,0.127,0.029,0.87,,,Ⅱ
2024-02-17T20:00:00+08:00,1708171200,7.5,8.61,10.46,353.5,8.5,2.5,0.136,0.032,0.86,,,Ⅱ
2024-02-18T00:00:00+08:00,1708185600,7.1,8.57,10.2,355.8,8.7,2.63,0.126,0.032,0.83,,,Ⅱ
2024-02-18T04:00:00+08:00,1708200000,7.3,8.57,10.17,355.8,8.7,2.71,0.136,0.033,0.95,,,Ⅱ
2024-02-18T08:00:00+08:00,1708214400,7.4,8.6,10.31,355.4,8.1,2.54,0.141,0.034,0.95,,,Ⅱ
2024-02-18T12:00:00+08:00,1708228800,7.7,8.62,10.42,355.0,8.0,2.77,0.12,0.032,0.95,,,Ⅱ
2024-02-18T16:00:00+08:00,1708243200,8.4,8.62,10.32,354.1,8.2,2.52,0.127,0.034,0.92,,,Ⅱ
2024-02-18T20:00:00+08:00,1708257600,8.4,8.62,10.22,353.4,9.0,2.56,0.147,0.036,0.9,,,Ⅱ
2024-02-19T00:00:00+08:00,1708272000,8.7,8.6,10.07,354.4,8.6,2.69,0.126,0.035,0.87,,,Ⅱ
2024-02-19T04:00:00+08:00,1708286400,8.6,8.56,9.86,355.3,9.3,2.76,0.118,0.037,0.83,,,Ⅱ
2024-02-19T08:00:00+08:00,1708300800,8.6,8.58,9.96,355.3,8.8,2.63,0.136,0.038,0.93,,,Ⅱ
2024-02-19T12:00:00+08:00,1708315200,9.4,8.69,10.43,351.6,8.6,2.76,0.11,0.036,0.87,,,Ⅱ
2024-02-19T16:00:00+08:00,1708329600,9.5,8.65,10.06,355.3,10.0,2.69,0.106,0.037,0.87,,,Ⅱ
2024-02-19T20:00:00+08:00,1708344000,9.2,8.67,10.23,357.1,9.2,2.56,0.112,0.036,0.88,,,Ⅱ
2024-02-20T00:00:00+08:00,1708358400,9.1,8.66,10.17,358.3,9.2,2.66,0.113,0.035,0.83,,,Ⅱ
2024-02-20T04:00:00+08:00,1708372800,9.0,8.65,10.06,358.6,9.8,2.64,0.13,0.037,0.92,,,Ⅱ
2024-02-20T08:00:00+08:00,1708387200,8.8,8.62,9.83,358.3,9.0,2.47,0.122,0.037,0.94,,,Ⅱ
2024-02-20T12:00:00+08:00,1708401600,8.7,8.62,9.81,358.7,8.5,2.78,0.127,0.035,0.93,,,Ⅱ
2024-02-20T16:00:00+08:00,1708416000,8.6,8.55,9.51,359.4,8.6,2.66,0.13,0.035,0.92,,,Ⅱ
2024-02-20T20:00:00+08:00,1708430400,8.4,8.58,9.66,358.9,8.8,2.64,0.154,0.035,0.93,,,Ⅱ
2024-02-21T00:00:00+08:00,1708444800,8.4,8.58,9.7,359.5,8.7,2.59,0.136,0.034,0.88,,,Ⅱ
2024-02-21T04:00:00+08:00,1708459200,8.2,8.56,9.65,359.0,8.6,2.65,0.137,0.036,0.9,,,Ⅱ
2024-02-21T08:00:00+08:00,1708473600,8.0,8.53,9.4,349.2,9.2,2.53,0.143,0.034,0.94,,,Ⅱ
2024-02-21T12:00:00+08:00,1708488000,8.0,8.54,9.41,356.9,8.9,2.88,0.221,0.042,1.06,,,Ⅱ
2024-02-21T16:00:00+08:00,1708502400,7.7,8.46,9.18,350.5,9.2,2.61,0.176,0.037,0.99,,,Ⅱ
2024-02-21T20:00:00+08:00,1708516800,7.4,8.47,9.12,350.6,8.9,2.65,0.228,0.043,1.08,,,Ⅱ
2024-02-22T00:00:00+08:00,1708531200,7.6,8.27,7.48,360.4,18.4,2.76,0.276,0.058,1.2,,,Ⅱ
2024-02-22T04:00:00+08:00,1708545600,7.4,8.34,7.68,358.7,15.8,3.19,0.778,0.094,2.3,,,Ⅲ
2024-02-22T08:00:00+08:00,1708560000,7.1,8.29,7.41,361.0,14.7,3.04,0.61,0.084,2.29,,,Ⅲ
2024-02-22T12:00:00+08:00,1708574400,7.0,8.27,7.27,361.6,14.4,3.12,0.636,0.082,2.21,,,Ⅲ
2024-02-22T16:00:00+08:00,1708588800,6.7,8.4,8.44,359.4,12.7,2.98,0.688,0.082,2.1,,,Ⅲ
2024-02-22T20:00:00+08:00,1708603200,6.5,8.48,8.94,361.5,12.4,3.13,0.364,0.066,1.66,,,Ⅱ
2024-02-23T00:00:00+08:00,1708617600,6.3,8.49,9.12,363.5,11.4,2.69,0.239,0.049,1.36,,,Ⅱ
2024-02-23T04:00:00+08:00,1708632000,6.2,8.47,8.93,365.9,10.4,2.57,0.197,0.044,1.25,,,Ⅱ
2024-02-23T08:00:00+08:00,1708646400,6.0,8.36,8.1,365.2,11.2,2.5,0.237,0.045,1.36,,,Ⅱ
2024-02-23T12:00:00+08:00,1708660800,6.0,8.44,8.74,365.1,10.0,2.85,0.383,0.058,1.69,,,Ⅱ
2024-02-23T16:00:00+08:00,1708675200,6.0,8.4,8.42,365.2,9.4,2.61,0.239,0.045,1.3,,,Ⅱ
2024-02-23T20:00:00+08:00,1708689600,5.8,8.5,9.16,365.4,9.6,2.62,0.287,0.049,1.36,,,Ⅱ
2024-02-24T00:00:00+08:00,1708704000,5.7,8.52,9.16,364.5,10.6,2.53,0.173,0.039,1.1,,,Ⅱ
2024-02-24T04:00:00+08:00,1708718400,5.6,8.45,8.78,366.0,9.5,2.63,0.173,0.039,1.15,,,Ⅱ
2024-02-24T08:00:00+08:00,1708732800,5.6,8.52,9.2,365.7,10.5,2.42,0.2,0.041,1.22,,,Ⅱ
2024-02-24T12:00:00+08:00,1708747200,5.5,8.51,9.13,365.5,10.0,2.65,0.166,0.038,1.24,,,Ⅱ
2024-02-24T16:00:00+08:00,1708761600,5.5,8.12,6.2,374.7,10.0,2.51,0.17,0.038,1.08,,,Ⅱ
2024-02-24T20:00:00+08:00,1708776000,5.4,8.24,7.18,371.9,10.7,3.05,0.991,0.103,2.62,,,Ⅲ
2024-02-25T00:00:00+08:00,1708790400,5.2,8.16,6.06,378.4,11.8,2.87,0.691,0.076,2.03,,,Ⅲ
2024-02-25T04:00:00+08:00,1708804800,5.1,8.16,5.82,380.0,9.1,3.11,1.104,0.097,2.93,,,Ⅳ
2024-02-25T08:00:00+08:00,1708819200,5.0,8.33,7.02,396.8,10.5,3.1,1.123,0.111,3.04,,,Ⅳ
2024-02-25T12:00:00+08:00,1708833600,5.1,8.4,6.84,382.8,9.0,3.44,0.751,0.079,2.76,,,Ⅲ
2024-02-25T16:00:00+08:00,1708848000,5.2,8.28,6.65,384.3,9.3,3.37,0.774,0.079,2.67,,,Ⅲ
2024-02-25T20:00:00+08:00,1708862400,5.2,8.26,6.53,388.3,8.8,3.23,0.864,0.089,2.59,,,Ⅲ
2024-02-26T00:00:00+08:00,1708876800,5.1,8.39,7.89,379.6,9.3,3.25,0.866,0.087,2.54,,,Ⅲ
2024-02-26T04:00:00+08:00,1708891200,4.9,8.41,8.24,378.8,9.1,2.95,0.529,0.068,1.9,,,Ⅲ
2024-02-26T08:00:00+08:00,1708905600,4.8,8.48,8.9,371.5,9.7,2.63,0.412,0.056,1.68,,,Ⅱ
2024-02-26T12:00:00+08:00,1708920000,5.1,8.52,9.26,367.9,10.0,2.76,0.279,0.046,1.43,,,Ⅱ
2024-02-26T16:00:00+08:00,1708934400,5.2,8.51,9.22,366.0,10.2,2.59,0.236,0.044,1.18,,,Ⅱ
2024-02-26T20:00:00+08:00,1708948800,5.4,8.62,9.77,364.1,14.6,2.69,0.242,0.046,1.13,,,Ⅱ
2024-02-27T00:00:00+08:00,1708963200,5.2,8.66,9.95,364.3,13.8,2.57,0.147,0.039,0.99,,,Ⅱ
2024-02-27T04:00:00+08:00,1708977600,5.1,8.62,9.81,365.7,13.0,2.61,0.128,0.036,0.95,,,Ⅱ
2024-02-27T08:00:00+08:00,1708992000,5.0,8.6,9.8,365.6,12.2,2.75,0.123,0.034,1.0,,,Ⅱ
2024-02-27T12:00:00+08:00,1709006400,5.5,8.61,9.75,365.8,11.5,2.75,0.123,0.034,1.0,,,Ⅱ
2024-02-27T16:00:00+08:00,1709020800,6.1,8.44,8.78,371.5,13.2,2.61,0.137,0.036,0.99,,,Ⅱ
2024-02-27T20:00:00+08:00,1709035200,5.9,8.43,8.61,373.4,12.3,2.85,0.414,0.056,1.43,,,Ⅱ
2024-02-28T00:00:00+08:00,1709049600,5.6,8.38,8.28,376.4,12.3,2.25,0.434,0.058,1.5,,,Ⅱ
2024-02-28T04:00:00+08:00,1709064000,5.6,8.37,8.17,378.4,11.9,2.61,0.476,0.058,1.61,,,Ⅱ
2024-02-28T08:00:00+08:00,1709078400,5.8,8.28,7.51,382.6,12.4,2.68,0.484,0.059,1.7,,,Ⅱ
2024-02-28T12:00:00+08:00,1709092800,5.8,8.3,7.62,380.4,12.3,3.08,0.677,0.072,2.0,,,Ⅲ
2024-02-28T16:00:00+08:00,1709107200,5.8,8.32,7.74,375.7,11.3,2.94,0.612,0.068,1.85,,,Ⅲ
2024-02-28T20:00:00+08:00,1709121600,5.7,8.35,7.97,371.4,11.2,2.78,0.487,0.064,1.62,,,Ⅱ
2024-02-29T00:00:00+08:00,1709136000,5.6,8.46,8.78,365.8,12.7,2.8,0.385,0.057,1.45,,,Ⅱ
2024-02-29T04:00:00+08:00,1709150400,5.5,8.48,8.95,366.8,12.7,2.71,0.234,0.048,1.15,,,Ⅱ
2024-02-29T08:00:00+08:00,1709164800,5.5,8.45,8.82,361.6,12.2,2.57,0.238,0.047,1.2,,,Ⅱ
2024-02-29T12:00:00+08:00,1709179200,5.6,8.3,7.86,369.4,11.9,2.7,0.277,0.051,1.28,,,Ⅱ
2024-03-01T08:00:00+08:00,1709251200,5.2,8.26,7.23,381.1,11.5,2.7,0.894,0.086,2.46,,,Ⅲ
2024-03-01T12:00:00+08:00,1709265600,5.7,8.43,9.06,368.9,11.8,2.91,0.801,0.084,2.28,,,Ⅲ
2024-03-01T16:00:00+08:00,1709280000,5.6,8.52,9.59,365.4,13.0,2.51,0.383,0.059,1.41,,,Ⅱ
2024-03-01T20:00:00+08:00,1709294400,5.6,8.58,9.91,366.4,15.8,2.52,0.25,0.049,1.13,,,Ⅱ
2024-03-02T00:00:00+08:00,1709308800,5.4,8.59,9.95,367.7,15.1,2.79,0.193,0.045,1.14,,,Ⅱ
2024-03-02T04:00:00+08:00,1709323200,5.1,8.56,9.89,368.9,13.1,2.54,0.18,0.042,1.08,,,Ⅱ
2024-03-02T08:00:00+08:00,1709337600,4.9,8.54,9.83,368.3,12.4,2.34,0.166,0.039,1.15,,,Ⅱ
2024-03-02T12:00:00+08:00,1709352000,5.5,8.56,10.08,368.0,12.4,2.52,0.162,0.039,1.12,,,Ⅱ
2024-03-02T16:00:00+08:00,1709366400,5.9,8.6,10.12,364.5,14.6,2.45,0.165,0.038,1.01,,,Ⅱ
2024-03-02T20:00:00+08:00,1709380800,5.6,8.6,10.11,364.9,14.7,2.44,0.169,0.04,1.0,,,Ⅱ
2024-03-03T00:00:00+08:00,1709395200,5.4,8.61,10.11,366.9,13.2,2.43,0.155,0.039,0.97,,,Ⅱ
2024-03-03T04:00:00+08:00,1709409600,5.2,8.59,10.03,366.9,13.0,2.44,0.168,0.037,1.04,,,Ⅱ
2024-03-03T08:00:00+08:00,1709424000,5.1,8.57,9.97,367.2,12.6,2.34,0.177,0.038,1.1,,,Ⅱ
2024-03-03T12:00:00+08:00,1709438400,6.5,8.65,10.14,349.5,12.3,2.53,0.152,0.035,1.06,,,Ⅱ
2024-03-03T16:00:00+08:00,1709452800,6.9,8.65,10.26,358.8,11.8,2.55,0.135,0.035,1.01,,,Ⅱ
2024-03-03T20:00:00+08:00,1709467200,7.0,8.63,10.07,361.4,11.8,2.64,0.148,0.049,0.94,,,Ⅱ
2024-03-04T00:00:00+08:00,1709481600,6.3,8.64,10.06,362.9,13.4,2.32,0.136,0.054,0.92,,,Ⅱ
2024-03-04T04:00:00+08:00,1709496000,6.5,8.59,9.79,364.3,13.3,2.5,0.15,0.041,0.94,,,Ⅱ
2024-03-04T08:00:00+08:00,1709510400,6.6,8.56,9.64,365.7,12.3,2.33,0.177,0.042,1.06,,,Ⅱ
2024-03-04T12:00:00+08:00,1709524800,6.7,8.58,9.8,364.3,11.9,2.57,0.202,0.044,1.08,,,Ⅱ
2024-03-04T16:00:00+08:00,1709539200,6.7,8.52,9.36,364.2,13.2,2.41,0.19,0.044,1.01,,,Ⅱ
2024-03-04T20:00:00+08:00,1709553600,6.9,8.56,9.54,362.1,12.6,2.46,0.236,0.046,1.08,,,Ⅱ
2024-03-05T00:00:00+08:00,1709568000,6.9,8.56,9.68,362.7,12.4,2.44,0.191,0.042,1.02,,,Ⅱ
2024-03-05T04:00:00+08:00,1709582400,7.0,8.55,9.6,363.4,13.2,2.47,0.207,0.044,1.0,,,Ⅱ
2024-03-05T12:00:00+08:00,1709611200,7.3,8.6,9.9,360.0,13.5,2.59,0.215,0.045,1.1,,,Ⅱ
2024-03-05T16:00:00+08:00,1709625600,7.3,8.56,9.68,362.1,13.1,2.54,0.194,0.044,1.08,,,Ⅱ
2024-03-05T20:00:00+08:00,1709640000,7.1,8.58,9.84,358.5,13.2,2.4,0.191,0.041,1.06,,,Ⅱ
2024-03-06T00:00:00+08:00,1709654400,7.3,8.34,8.22,367.6,13.1,2.47,0.262,0.046,1.16,,,Ⅱ
2024-03-06T04:00:00+08:00,1709668800,7.0,8.41,8.77,366.7,13.4,2.74,0.691,0.075,1.75,,,Ⅲ
2024-03-06T08:00:00+08:00,1709683200,7.1,8.3,7.48,376.1,16.0,2.54,0.476,0.06,1.45,,,Ⅱ
2024-03-06T12:00:00+08:00,1709697600,7.5,8.36,7.86,376.6,14.3,2.96,0.805,0.082,2.06,,,Ⅲ
2024-03-06T16:00:00+08:00,1709712000,7.7,8.36,7.76,375.8,14.6,2.8,0.642,0.074,1.86,,,Ⅲ
2024-03-06T20:00:00+08:00,1709726400,7.0,8.6,9.79,364.4,14.1,2.91,0.71,0.079,1.93,,,Ⅲ
2024-03-07T00:00:00+08:00,1709740800,6.9,8.56,9.64,366.8,13.0,2.49,0.22,0.045,1.1,,,Ⅱ
2024-03-07T04:00:00+08:00,1709755200,6.6,8.55,9.67,366.3,13.6,2.49,0.22,0.044,1.11,,,Ⅱ
2024-03-07T08:00:00+08:00,1709769600,6.5,8.54,9.64,367.8,13.1,2.39,0.214,0.043,1.16,,,Ⅱ
2024-03-07T12:00:00+08:00,1709784000,7.1,8.59,9.89,365.8,12.7,2.66,0.21,0.042,1.14,,,Ⅱ
2024-03-07T16:00:00+08:00,1709798400,7.7,8.62,10.15,363.9,12.4,2.44,0.181,0.038,1.02,,,Ⅱ
2024-03-07T20:00:00+08:00,1709812800,7.3,8.5,9.28,365.7,11.6,2.36,0.179,0.04,0.99,,,Ⅱ
2024-03-08T00:00:00+08:00,1709827200,7.1,8.52,9.41,366.9,11.7,2.47,0.234,0.044,1.12,,,Ⅱ
2024-03-08T04:00:00+08:00,1709841600,7.0,8.59,9.8,363.5,12.4,2.44,0.208,0.043,1.08,,,Ⅱ
2024-03-08T08:00:00+08:00,1709856000,6.9,8.6,9.93,363.5,12.0,2.3,0.162,0.037,1.01,,,Ⅱ
2024-03-08T12:00:00+08:00,1709870400,7.4,8.62,10.08,363.0,12.4,2.37,0.157,0.037,1.0,,,Ⅱ
2024-03-08T16:00:00+08:00,1709884800,8.2,8.63,10.2,362.8,12.0,2.4,0.184,0.042,1.01,,,Ⅱ
2024-03-08T20:00:00+08:00,1709899200,7.8,8.54,9.5,365.1,11.8,2.37,0.271,0.047,1.12,,,Ⅱ
2024-03-09T00:00:00+08:00,1709913600,7.6,8.48,9.03,370.2,11.8,2.37,0.271,0.047,1.12,,,Ⅱ
2024-03-09T04:00:00+08:00,1709928000,7.7,8.26,7.32,381.0,13.0,2.79,0.868,0.088,2.09,,,Ⅲ
2024-03-09T08:00:00+08:00,1709942400,7.6,8.2,6.56,386.4,12.8,2.98,1.05,0.095,2.41,,,Ⅳ
2024-03-09T12:00:00+08:00,1709956800,8.5,8.22,6.76,387.5,12.1,2.86,1.068,0.093,2.35,,,Ⅳ
2024-03-09T16:00:00+08:00,1709971200,8.4,8.26,7.0,380.5,10.6,2.72,0.829,0.084,1.97,,,Ⅲ
2024-03-09T20:00:00+08:00,1709985600,8.8,8.29,7.29,381.1,10.2,2.76,0.797,0.083,1.92,,,Ⅲ
2024-03-10T00:00:00+08:00,1710000000,8.1,8.43,8.56,372.7,9.7,2.76,0.797,0.083,1.92,,,Ⅲ
2024-03-10T04:00:00+08:00,1710014400,7.8,8.48,8.93,371.2,10.1,2.5,0.316,0.057,1.29,,,Ⅱ
2024-03-10T08:00:00+08:00,1710028800,7.7,8.53,9.34,371.2,10.4,2.62,0.28,0.052,1.26,,,Ⅱ
2024-03-10T12:00:00+08:00,1710043200,8.5,8.6,9.81,368.2,10.8,2.57,0.279,0.052,1.28,,,Ⅱ
2024-03-10T16:00:00+08:00,1710057600,8.9,8.64,10.13,363.8,11.4,2.42,0.185,0.044,1.09,,,Ⅱ
2024-03-10T20:00:00+08:00,1710072000,8.9,8.69,10.33,362.7,10.9,2.35,0.152,0.04,1.02,,,Ⅱ
2024-03-11T00:00:00+08:00,1710086400,8.8,8.71,10.31,363.8,12.4,2.35,0.152,0.04,1.02,,,Ⅱ
2024-03-11T04:00:00+08:00,1710100800,8.6,8.65,10.04,363.7,11.9,2.24,0.133,0.038,0.95,,,Ⅱ
2024-03-11T08:00:00+08:00,1710115200,8.5,8.62,9.86,364.1,11.3,2.44,0.139,0.039,1.0,,,Ⅱ
2024-03-11T16:00:00+08:00,1710144000,9.0,8.67,10.07,362.3,14.0,2.31,0.148,0.038,0.99,,,Ⅱ
2024-03-11T20:00:00+08:00,1710158400,9.0,8.68,10.11,362.1,13.3,2.46,0.15,0.041,0.96,,,Ⅱ
2024-03-12T00:00:00+08:00,1710172800,9.0,8.67,10.0,362.5,13.6,2.34,0.141,0.038,1.04,,,Ⅱ
2024-03-12T04:00:00+08:00,1710187200,8.9,8.66,9.92,363.2,11.6,2.4,0.149,0.04,1.01,,,Ⅱ
2024-03-12T08:00:00+08:00,1710201600,8.8,8.66,9.87,362.1,11.8,2.2,0.152,0.039,1.0,,,Ⅱ
2024-03-12T12:00:00+08:00,1710216000,9.0,8.75,10.41,358.8,10.7,2.41,0.124,0.035,1.0,,,Ⅱ
2024-03-12T16:00:00+08:00,1710230400,9.5,8.75,10.38,363.7,13.5,2.34,0.126,0.035,0.99,,,Ⅱ
2024-03-12T20:00:00+08:00,1710244800,9.3,8.74,10.49,366.5,11.3,2.33,0.156,0.037,1.0,,,Ⅱ
2024-03-13T00:00:00+08:00,1710259200,9.0,8.73,10.38,367.8,10.2,2.41,0.137,0.035,0.97,,,Ⅱ
2024-03-13T04:00:00+08:00,1710273600,8.8,8.68,10.04,368.0,10.5,2.24,0.134,0.034,0.98,,,Ⅱ
2024-03-13T08:00:00+08:00,1710288000,8.5,8.64,9.95,368.2,10.6,2.34,0.166,0.036,1.07,,,Ⅱ
2024-03-13T12:00:00+08:00,1710302400,9.0,8.69,10.32,367.6,10.9,2.48,0.166,0.036,1.07,,,Ⅱ
2024-03-13T20:00:00+08:00,1710331200,9.6,8.65,9.41,369.6,13.9,2.48,0.173,0.04,1.07,,,Ⅱ
2024-03-14T00:00:00+08:00,1710345600,9.6,8.68,9.72,370.3,13.7,2.43,0.184,0.039,1.11,,,Ⅱ
2024-03-14T04:00:00+08:00,1710360000,9.5,8.63,9.56,370.9,13.9,2.57,0.194,0.04,1.12,,,Ⅱ
2024-03-14T08:00:00+08:00,1710374400,9.5,8.61,9.35,369.3,13.3,2.42,0.202,0.042,1.21,,,Ⅱ
2024-03-14T12:00:00+08:00,1710388800,9.7,8.67,9.8,371.3,13.0,2.6,0.195,0.041,1.15,,,Ⅱ
2024-03-14T16:00:00+08:00,1710403200,9.8,8.69,9.57,370.8,15.3,2.44,0.195,0.04,1.11,,,Ⅱ
2024-03-14T20:00:00+08:00,1710417600,9.7,8.63,9.14,370.5,9.7,2.6,0.2,0.042,1.16,,,Ⅱ
2024-03-15T00:00:00+08:00,1710432000,9.5,8.6,9.01,368.6,9.8,2.49,0.205,0.039,1.16,,,Ⅱ
2024-03-15T04:00:00+08:00,1710446400,9.3,8.58,9.16,368.5,9.8,2.48,0.177,0.037,1.08,,,Ⅱ
2024-03-15T08:00:00+08:00,1710460800,9.3,8.59,9.22,368.4,11.4,2.32,0.179,0.036,1.05,,,Ⅱ
2024-03-15T12:00:00+08:00,1710475200,9.9,8.67,9.7,368.1,12.8,2.47,0.182,0.036,1.08,,,Ⅱ
2024-03-15T20:00:00+08:00,1710504000,10.6,8.65,8.88,368.3,10.2,2.42,0.161,0.039,1.02,,,Ⅱ
2024-03-17T08:00:00+08:00,1710633600,11.8,8.65,8.95,370.1,9.6,2.42,0.169,0.04,1.09,,,Ⅱ
2024-03-17T12:00:00+08:00,1710648000,11.5,8.67,9.45,371.2,10.2,2.72,0.209,0.042,1.18,,,Ⅱ
2024-03-17T16:00:00+08:00,1710662400,11.6,8.68,9.58,370.6,9.8,2.51,0.198,0.042,1.13,,,Ⅱ
2024-03-18T12:00:00+08:00,1710734400,10.7,8.6,9.03,372.1,9.5,2.73,0.219,0.042,1.26,,,Ⅱ
2024-03-18T20:00:00+08:00,1710763200,10.6,8.55,8.78,370.9,9.6,2.48,0.204,0.04,1.12,,,Ⅱ
2024-03-19T00:00:00+08:00,1710777600,11.1,8.6,8.96,368.6,11.1,2.53,0.226,0.042,1.14,,,Ⅱ
2024-03-19T04:00:00+08:00,1710792000,11.2,8.61,9.03,367.1,11.5,2.56,0.215,0.041,1.13,,,Ⅱ
2024-03-19T08:00:00+08:00,1710806400,10.8,8.61,9.01,366.9,11.7,2.45,0.183,0.039,1.17,,,Ⅱ
2024-03-19T12:00:00+08:00,1710820800,11.2,8.61,9.07,367.5,14.0,2.65,0.181,0.039,1.09,,,Ⅱ
2024-03-19T16:00:00+08:00,1710835200,11.9,8.68,9.5,366.0,15.3,2.54,0.18,0.04,1.12,,,Ⅱ
2024-03-19T20:00:00+08:00,1710849600,11.6,8.68,9.45,365.0,15.1,2.53,0.16,0.038,1.1,,,Ⅱ
2024-03-20T00:00:00+08:00,1710864000,11.4,8.72,9.59,365.7,16.6,2.51,0.162,0.039,1.1,,,Ⅱ
2024-03-20T04:00:00+08:00,1710878400,10.7,8.69,9.52,367.5,14.6,2.51,0.162,0.039,1.1,,,Ⅱ
2024-03-20T08:00:00+08:00,1710892800,11.3,8.68,9.29,365.6,13.2,2.32,0.154,0.036,1.11,,,Ⅱ
2024-03-20T12:00:00+08:00,1710907200,11.7,8.71,9.58,367.3,13.3,2.48,0.144,0.036,1.09,,,Ⅱ
2024-03-20T16:00:00+08:00,1710921600,12.0,8.77,10.15,368.2,12.8,2.37,0.149,0.035,1.03,,,Ⅱ
2024-03-20T20:00:00+08:00,1710936000,11.6,8.69,9.59,367.6,12.1,2.33,0.164,0.036,1.04,,,Ⅱ
2024-03-21T00:00:00+08:00,1710950400,11.8,8.69,9.37,367.5,11.8,2.33,0.164,0.036,1.04,,,Ⅱ
2024-03-21T04:00:00+08:00,1710964800,11.8,8.77,9.25,367.5,13.4,2.34,0.184,0.039,1.14,,,Ⅱ
2024-03-21T08:00:00+08:00,1710979200,11.0,8.7,9.25,369.7,11.9,2.61,0.195,0.041,1.15,,,Ⅱ
2024-03-21T12:00:00+08:00,1710993600,12.4,8.72,9.3,369.9,12.5,2.55,0.208,0.043,1.14,,,Ⅱ
2024-03-21T16:00:00+08:00,1711008000,13.5,8.77,9.3,368.4,11.3,2.6,0.219,0.045,1.17,,,Ⅱ
2024-03-21T20:00:00+08:00,1711022400,12.6,8.67,8.66,369.9,11.5,2.65,0.312,0.047,1.3,,,Ⅱ
2024-03-22T00:00:00+08:00,1711036800,11.7,8.65,9.04,369.9,11.2,2.65,0.312,0.047,1.3,,,Ⅱ
2024-03-22T04:00:00+08:00,1711051200,11.5,8.62,8.91,370.4,10.5,2.4,0.209,0.04,1.2,,,Ⅱ
2024-03-22T08:00:00+08:00,1711065600,12.1,8.66,8.89,368.2,11.1,2.59,0.196,0.041,1.15,,,Ⅱ
2024-03-22T12:00:00+08:00,1711080000,12.8,8.66,8.79,368.4,11.8,2.4,0.208,0.044,1.15,,,Ⅱ
2024-03-22T16:00:00+08:00,1711094400,12.5,8.72,8.91,366.6,10.1,2.43,0.209,0.043,1.14,,,Ⅱ
2024-03-22T20:00:00+08:00,1711108800,12.9,8.68,8.8,371.6,10.1,2.41,0.21,0.043,1.14,,,Ⅱ
2024-03-23T00:00:00+08:00,1711123200,12.6,8.66,8.85,373.3,11.3,2.41,0.21,0.043,1.14,,,Ⅱ
2024-03-23T04:00:00+08:00,1711137600,12.6,8.67,8.76,374.4,11.3,2.4,0.151,0.038,1.16,,,Ⅱ
2024-03-23T08:00:00+08:00,1711152000,12.6,8.63,8.56,375.5,11.4,2.56,0.164,0.038,1.15,,,Ⅱ
2024-03-23T12:00:00+08:00,1711166400,13.0,8.63,8.68,374.3,11.5,2.38,0.155,0.04,1.07,,,Ⅱ
2024-03-23T16:00:00+08:00,1711180800,13.5,8.62,8.55,374.3,12.2,2.45,0.16,0.041,1.09,,,Ⅱ
2024-03-23T20:00:00+08:00,1711195200,13.8,8.64,8.54,373.2,13.4,2.39,0.151,0.042,1.09,,,Ⅱ
2024-03-24T00:00:00+08:00,1711209600,13.6,8.6,8.3,374.1,14.0,2.39,0.151,0.042,1.09,,,Ⅱ
2024-03-24T04:00:00+08:00,1711224000,13.5,8.57,8.14,375.5,12.6,2.31,0.191,0.044,1.2,,,Ⅱ
2024-03-24T08:00:00+08:00,1711238400,13.5,8.57,8.18,375.5,13.8,2.6,0.174,0.046,1.23,,,Ⅱ
2024-03-24T12:00:00+08:00,1711252800,13.8,8.59,8.1,374.7,13.7,2.69,0.219,0.048,1.28,,,Ⅱ
2024-03-24T16:00:00+08:00,1711267200,14.4,8.59,8.19,371.9,13.8,2.66,0.192,0.047,1.16,,,Ⅱ
2024-03-24T20:00:00+08:00,1711281600,14.2,8.61,8.38,371.1,14.4,2.64,0.19,0.046,1.17,,,Ⅱ
2024-03-25T00:00:00+08:00,1711296000,13.8,8.61,8.34,371.9,14.3,2.64,0.19,0.046,1.17,,,Ⅱ
2024-03-25T04:00:00+08:00,1711310400,13.6,8.61,8.34,372.7,14.1,2.42,0.165,0.043,1.21,,,Ⅱ
2024-03-25T08:00:00+08:00,1711324800,13.5,8.6,8.31,373.0,13.9,2.69,0.16,0.043,1.2,,,Ⅱ
2024-03-25T12:00:00+08:00,1711339200,13.9,8.57,8.05,373.4,12.8,2.66,0.174,0.046,1.18,,,Ⅱ
2024-03-25T16:00:00+08:00,1711353600,14.0,8.43,6.92,380.4,14.2,3.01,0.481,0.07,1.59,,,Ⅱ
2024-03-25T20:00:00+08:00,1711368000,13.8,8.4,6.75,380.7,18.7,3.12,0.41,0.07,1.61,,,Ⅱ
2024-03-26T00:00:00+08:00,1711382400,13.5,8.41,6.62,381.6,20.5,3.12,0.41,0.07,1.61,,,Ⅱ
2024-03-26T04:00:00+08:00,1711396800,13.5,8.36,5.57,395.0,22.9,3.24,0.646,0.09,2.22,,,Ⅲ
2024-03-26T08:00:00+08:00,1711411200,13.4,8.43,6.07,397.0,21.7,3.24,0.646,0.09,2.22,,,Ⅲ
2024-03-26T12:00:00+08:00,1711425600,13.4,8.4,6.06,392.0,18.2,3.57,0.567,0.086,2.17,,,Ⅲ
2024-03-26T16:00:00+08:00,1711440000,13.4,8.55,7.68,377.7,16.6,3.33,0.538,0.076,1.89,,,Ⅲ
2024-03-26T20:00:00+08:00,1711454400,13.1,8.57,8.0,375.3,16.8,2.87,0.271,0.052,1.42,,,Ⅱ
2024-03-27T00:00:00+08:00,1711468800,13.0,8.52,7.7,376.9,15.6,2.89,0.225,0.052,1.34,,,Ⅱ
2024-03-27T04:00:00+08:00,1711483200,12.8,8.49,7.5,378.4,14.3,2.89,0.225,0.052,1.34,,,Ⅱ
2024-03-27T08:00:00+08:00,1711497600,12.5,8.49,7.69,377.5,14.5,2.8,0.312,0.054,1.49,,,Ⅱ
2024-03-27T12:00:00+08:00,1711512000,13.0,8.53,7.85,379.5,14.8,2.98,0.266,0.052,1.45,,,Ⅱ
2024-03-27T16:00:00+08:00,1711526400,13.1,8.51,7.7,379.9,14.1,3.08,0.382,0.06,1.54,,,Ⅱ
2024-03-27T20:00:00+08:00,1711540800,12.9,8.49,7.57,379.8,14.8,3.15,0.368,0.058,1.58,,,Ⅱ
2024-03-28T00:00:00+08:00,1711555200,12.8,8.46,7.46,376.9,14.6,2.98,0.376,0.06,1.55,,,Ⅱ
2024-03-28T04:00:00+08:00,1711569600,12.6,8.45,7.41,371.3,14.8,2.98,0.376,0.06,1.55,,,Ⅱ
2024-03-28T08:00:00+08:00,1711584000,12.8,8.42,7.32,368.0,14.9,2.77,0.262,0.051,1.42,,,Ⅱ
2024-03-28T12:00:00+08:00,1711598400,12.9,8.37,6.84,371.9,14.1,3.02,0.254,0.053,1.46,,,Ⅱ
2024-03-28T16:00:00+08:00,1711612800,12.7,8.3,6.25,372.3,11.9,2.98,0.35,0.058,1.54,,,Ⅱ
2024-03-28T20:00:00+08:00,1711627200,12.9,8.37,7.15,361.6,18.3,3.14,0.43,0.065,1.61,,,Ⅱ
2024-03-29T00:00:00+08:00,1711641600,12.4,8.42,7.5,369.1,17.7,3.23,0.337,0.065,1.65,,,Ⅱ
2024-03-29T04:00:00+08:00,1711656000,12.2,8.42,7.51,371.2,16.7,3.23,0.337,0.065,1.65,,,Ⅱ
2024-03-29T08:00:00+08:00,1711670400,12.5,8.42,7.47,371.1,16.0,2.82,0.272,0.055,1.51,,,Ⅱ
2024-03-29T12:00:00+08:00,1711684800,13.0,8.42,7.38,371.5,16.2,3.02,0.325,0.056,1.59,,,Ⅱ
2024-03-29T16:00:00+08:00,1711699200,14.3,8.51,7.86,371.7,14.9,2.87,0.311,0.056,1.5,,,Ⅱ
2024-03-29T20:00:00+08:00,1711713600,14.2,8.51,7.68,371.1,13.9,2.94,0.482,0.063,1.63,,,Ⅱ
2024-03-30T00:00:00+08:00,1711728000,14.0,8.45,7.36,375.0,13.4,2.92,0.428,0.058,1.58,,,Ⅱ
2024-03-30T04:00:00+08:00,1711742400,14.0,8.36,6.76,377.0,13.9,2.92,0.428,0.058,1.58,,,Ⅱ
2024-03-30T08:00:00+08:00,1711756800,13.6,8.31,6.34,380.2,13.2,2.82,0.488,0.064,1.78,,,Ⅱ
2024-03-30T12:00:00+08:00,1711771200,14.4,8.36,6.67,379.9,10.9,3.18,0.488,0.066,1.8,,,Ⅱ
2024-03-30T16:00:00+08:00,1711785600,15.0,8.44,7.24,380.6,11.8,3.04,0.476,0.064,1.74,,,Ⅱ
2024-03-30T20:00:00+08:00,1711800000,15.0,8.46,7.38,383.5,12.4,2.98,0.446,0.061,1.86,,,Ⅱ
2024-03-31T00:00:00+08:00,1711814400,14.7,8.42,7.01,386.5,11.3,2.7,0.462,0.062,1.9,,,Ⅱ
2024-03-31T04:00:00+08:00,1711828800,14.6,8.44,7.25,387.7,11.5,3.13,0.62,0.073,2.11,,,Ⅲ
2024-03-31T08:00:00+08:00,1711843200,14.5,8.45,7.31,387.4,11.2,3.02,0.687,0.077,2.25,,,Ⅲ
2024-03-31T12:00:00+08:00,1711857600,14.4,8.45,7.2,387.5,10.7,3.27,0.704,0.077,2.26,,,Ⅲ
2024-03-31T16:00:00+08:00,1711872000,14.8,8.54,7.74,385.9,15.0,3.28,0.684,0.077,2.22,,,Ⅲ
2024-03-31T20:00:00+08:00,1711886400,14.6,8.44,7.04,386.9,11.9,3.29,0.502,0.073,2.01,,,Ⅲ
2024-04-01T00:00:00+08:00,1711900800,14.6,8.49,7.59,387.3,14.8,3.17,0.496,0.068,1.97,,,Ⅱ
2024-04-01T04:00:00+08:00,1711915200,14.5,8.45,7.38,385.6,14.1,3.31,0.524,0.07,2.04,,,Ⅲ
2024-04-01T08:00:00+08:00,1711929600,14.2,8.44,7.15,386.3,13.7,2.88,0.443,0.065,1.98,,,Ⅱ
2024-04-01T12:00:00+08:00,1711944000,15.3,8.53,7.77,387.1,12.5,3.26,0.445,0.066,2.0,,,Ⅱ
2024-04-01T16:00:00+08:00,1711958400,15.5,8.58,7.91,386.6,12.8,3.16,0.386,0.06,1.84,,,Ⅱ
2024-04-01T20:00:00+08:00,1711972800,15.4,8.6,8.08,384.0,14.0,2.98,0.339,0.057,1.7,,,Ⅱ
2024-04-02T00:00:00+08:00,1711987200,15.1,8.56,7.85,384.5,13.2,2.98,0.339,0.057,1.7,,,Ⅱ
2024-04-02T04:00:00+08:00,1712001600,15.0,8.48,7.24,384.1,13.1,2.9,0.355,0.061,1.81,,,Ⅱ
2024-04-02T08:00:00+08:00,1712016000,15.1,8.46,6.96,384.0,12.6,3.22,0.294,0.059,1.72,,,Ⅱ
2024-04-02T12:00:00+08:00,1712030400,15.2,8.45,6.87,383.5,14.5,3.13,0.307,0.059,1.69,,,Ⅱ
2024-04-02T16:00:00+08:00,1712044800,15.7,8.59,7.8,383.0,14.5,3.13,0.307,0.059,1.69,,,Ⅱ
2024-04-02T20:00:00+08:00,1712059200,15.5,8.61,7.88,382.2,13.3,3.32,0.27,0.063,1.68,,,Ⅱ
2024-04-03T00:00:00+08:00,1712073600,15.5,8.47,6.96,381.6,12.6,3.4,0.255,0.067,1.66,,,Ⅱ
2024-04-03T04:00:00+08:00,1712088000,15.5,8.38,6.36,381.8,12.9,2.97,0.251,0.053,1.55,,,Ⅱ
2024-04-03T08:00:00+08:00,1712102400,15.5,8.34,6.01,382.7,12.3,2.81,0.256,0.055,1.65,,,Ⅱ
2024-04-03T12:00:00+08:00,1712116800,15.5,8.4,5.91,382.1,14.0,3.06,0.258,0.053,1.66,,,Ⅲ
2024-04-03T16:00:00+08:00,1712131200,15.6,8.43,6.45,381.7,13.9,2.77,0.276,0.055,1.71,,,Ⅱ
2024-04-03T20:00:00+08:00,1712145600,15.5,8.5,6.88,379.2,14.1,3.22,0.296,0.071,1.81,,,Ⅱ
2024-04-04T00:00:00+08:00,1712160000,15.4,8.53,7.1,378.5,14.7,2.8,0.167,0.054,1.49,,,Ⅱ
2024-04-04T04:00:00+08:00,1712174400,15.1,8.5,6.97,378.7,15.5,2.84,0.134,0.051,1.46,,,Ⅱ
2024-04-04T08:00:00+08:00,1712188800,15.0,8.53,7.19,379.6,14.7,2.7,0.159,0.05,1.49,,,Ⅱ
2024-04-04T12:00:00+08:00,1712203200,15.5,8.58,7.46,382.1,14.7,3.05,0.19,0.051,1.59,,,Ⅱ
2024-04-04T16:00:00+08:00,1712217600,15.7,8.58,7.44,382.3,15.8,3.17,0.306,0.057,1.63,,,Ⅱ
2024-04-04T20:00:00+08:00,1712232000,15.6,8.73,8.21,383.1,14.2,3.02,0.259,0.052,1.58,,,Ⅱ
2024-04-05T00:00:00+08:00,1712246400,15.2,8.69,8.03,383.5,13.7,3.27,0.275,0.056,1.67,,,Ⅱ
2024-04-05T04:00:00+08:00,1712260800,15.0,8.61,7.58,384.0,13.2,3.19,0.267,0.054,1.62,,,Ⅱ
2024-04-05T08:00:00+08:00,1712275200,14.8,8.57,7.43,384.6,13.5,3.03,0.29,0.056,1.73,,,Ⅱ
2024-04-05T12:00:00+08:00,1712289600,15.8,8.58,7.54,384.3,12.4,3.28,0.293,0.056,1.73,,,Ⅱ
2024-04-05T16:00:00+08:00,1712304000,16.0,8.68,8.0,386.2,11.7,3.14,0.256,0.053,1.56,,,Ⅱ
2024-04-05T20:00:00+08:00,1712318400,15.7,8.61,7.59,385.9,12.7,3.36,0.283,0.055,1.64,,,Ⅱ
2024-04-06T00:00:00+08:00,1712332800,15.4,8.61,7.68,384.4,13.4,3.08,0.302,0.052,1.58,,,Ⅱ
2024-04-06T04:00:00+08:00,1712347200,15.2,8.58,7.53,384.3,13.1,2.99,0.243,0.048,1.55,,,Ⅱ
2024-04-06T08:00:00+08:00,1712361600,15.1,8.54,7.19,384.6,12.3,2.74,0.226,0.047,1.54,,,Ⅱ
2024-04-06T12:00:00+08:00,1712376000,15.3,8.51,6.94,383.9,14.1,3.09,0.224,0.049,1.61,,,Ⅱ
2024-04-06T16:00:00+08:00,1712390400,15.4,8.51,6.86,382.8,12.4,2.83,0.183,0.046,1.4,,,Ⅱ
2024-04-06T20:00:00+08:00,1712404800,15.2,8.54,7.08,384.0,12.6,2.78,0.172,0.043,1.38,,,Ⅱ
2024-04-07T00:00:00+08:00,1712419200,15.2,8.51,6.88,384.7,13.2,3.14,0.21,0.053,1.47,,,Ⅱ
2024-04-07T04:00:00+08:00,1712433600,14.9,8.49,6.91,382.5,16.4,3.04,0.237,0.05,1.54,,,Ⅱ
2024-04-07T12:00:00+08:00,1712462400,14.8,8.47,6.79,382.6,14.4,2.86,0.137,0.043,1.42,,,Ⅱ
2024-04-07T16:00:00+08:00,1712476800,14.9,8.47,6.81,383.9,15.2,3.01,0.228,0.048,1.5,,,Ⅱ
2024-04-07T20:00:00+08:00,1712491200,14.7,8.51,7.13,382.1,14.9,3.12,0.28,0.05,1.55,,,Ⅱ
2024-04-08T00:00:00+08:00,1712505600,14.4,8.52,7.31,378.5,14.2,3.12,0.28,0.05,1.55,,,Ⅱ
2024-04-08T04:00:00+08:00,1712520000,14.3,8.48,7.05,377.0,13.0,2.82,0.316,0.05,1.69,,,Ⅱ
2024-04-08T08:00:00+08:00,1712534400,14.2,8.41,6.55,379.6,12.4,3.43,0.434,0.062,1.88,,,Ⅱ
2024-04-08T12:00:00+08:00,1712548800,14.2,8.4,6.59,378.9,12.5,3.25,0.482,0.062,1.88,,,Ⅱ
2024-04-08T16:00:00+08:00,1712563200,14.1,8.37,6.54,374.2,13.6,3.12,0.401,0.058,1.77,,,Ⅱ
2024-04-08T20:00:00+08:00,1712577600,14.1,8.41,6.42,372.6,13.9,3.15,0.403,0.061,1.78,,,Ⅱ
2024-04-09T00:00:00+08:00,1712592000,14.0,8.35,6.16,375.0,14.1,3.15,0.403,0.061,1.78,,,Ⅱ
2024-04-09T04:00:00+08:00,1712606400,13.8,8.31,5.93,376.5,14.0,2.86,0.464,0.062,1.99,,,Ⅲ
2024-04-09T08:00:00+08:00,1712620800,13.8,8.28,5.88,380.8,14.4,3.32,0.534,0.07,2.19,,,Ⅲ
2024-04-09T12:00:00+08:00,1712635200,14.5,8.31,6.1,383.8,14.5,3.15,0.48,0.066,1.98,,,Ⅱ
2024-04-09T16:00:00+08:00,1712649600,15.4,8.35,6.39,386.2,12.5,3.11,0.471,0.062,1.88,,,Ⅱ
2024-04-09T20:00:00+08:00,1712664000,15.0,8.39,6.54,386.0,12.8,3.06,0.507,0.062,1.91,,,Ⅲ
2024-04-10T00:00:00+08:00,1712678400,15.0,8.41,6.74,387.2,11.8,3.06,0.507,0.062,1.91,,,Ⅲ
2024-04-10T04:00:00+08:00,1712692800,14.8,8.38,6.43,388.3,12.3,2.84,0.557,0.063,2.02,,,Ⅲ
2024-04-10T08:00:00+08:00,1712707200,14.8,8.33,5.93,389.4,11.8,3.21,0.592,0.069,2.1,,,Ⅲ
2024-04-10T12:00:00+08:00,1712721600,15.5,8.41,6.54,391.3,12.8,3.22,0.648,0.074,2.15,,,Ⅲ
2024-04-10T16:00:00+08:00,1712736000,16.0,8.49,7.28,392.3,12.9,3.26,0.631,0.071,2.14,,,Ⅲ
2024-04-10T20:00:00+08:00,1712750400,15.9,8.54,7.44,393.5,11.9,3.38,0.711,0.073,2.13,,,Ⅲ
2024-04-11T00:00:00+08:00,1712764800,15.6,8.48,7.0,393.6,12.2,3.38,0.711,0.073,2.13,,,Ⅲ
2024-04-11T04:00:00+08:00,1712779200,15.5,8.45,6.9,394.9,12.2,3.24,0.845,0.083,2.35,,,Ⅲ
2024-04-11T08:00:00+08:00,1712793600,15.5,8.41,6.31,397.1,10.4,3.49,0.858,0.083,2.39,,,Ⅲ
2024-04-11T16:00:00+08:00,1712822400,16.0,8.45,6.6,397.7,9.1,3.12,0.706,0.068,2.04,,,Ⅲ
2024-04-11T20:00:00+08:00,1712836800,16.6,8.62,7.87,396.9,13.8,3.38,0.658,0.077,2.11,,,Ⅲ
2024-04-12T00:00:00+08:00,1712851200,16.5,8.51,7.03,396.6,7.7,3.38,0.658,0.077,2.11,,,Ⅲ
2024-04-12T04:00:00+08:00,1712865600,16.2,8.45,6.53,395.6,8.7,2.9,0.512,0.063,1.86,,,Ⅲ
2024-04-12T08:00:00+08:00,1712880000,16.4,8.52,7.06,394.6,7.2,3.2,0.477,0.064,1.88,,,Ⅱ
2024-04-12T12:00:00+08:00,1712894400,16.2,8.48,6.8,394.6,8.5,3.0,0.446,0.057,1.75,,,Ⅱ
2024-04-12T16:00:00+08:00,1712908800,16.1,8.42,6.33,394.1,11.1,2.96,0.389,0.054,1.7,,,Ⅱ
2024-04-12T20:00:00+08:00,1712923200,16.1,8.48,6.74,392.8,12.7,2.94,0.35,0.055,1.71,,,Ⅱ
2024-04-13T00:00:00+08:00,1712937600,16.0,8.46,6.64,393.3,12.1,2.97,0.357,0.059,1.7,,,Ⅱ
2024-04-13T04:00:00+08:00,1712952000,16.0,8.45,6.45,392.9,12.3,2.66,0.354,0.054,1.69,,,Ⅱ
2024-04-13T08:00:00+08:00,1712966400,16.0,8.4,6.12,393.3,11.3,2.99,0.357,0.057,1.66,,,Ⅱ
2024-04-13T12:00:00+08:00,1712980800,16.2,8.43,6.38,392.5,12.7,2.92,0.394,0.057,1.66,,,Ⅱ
2024-04-13T16:00:00+08:00,1712995200,16.3,8.46,6.68,392.7,12.3,2.84,0.343,0.074,1.62,,,Ⅱ
2024-04-13T20:00:00+08:00,1713009600,16.2,8.49,6.73,392.6,12.3,2.86,0.336,0.075,1.63,,,Ⅱ
2024-04-14T00:00:00+08:00,1713024000,16.2,8.49,6.73,393.4,11.0,2.91,0.358,0.065,1.64,,,Ⅱ
2024-04-14T04:00:00+08:00,1713038400,16.1,8.49,6.69,394.0,10.9,2.76,0.443,0.077,1.79,,,Ⅱ
2024-04-14T08:00:00+08:00,1713052800,16.1,8.46,6.57,394.7,10.7,3.16,0.514,0.085,1.9,,,Ⅲ
2024-04-14T12:00:00+08:00,1713067200,16.2,8.41,6.13,395.0,11.7,2.88,0.484,0.082,1.87,,,Ⅱ
2024-04-14T16:00:00+08:00,1713081600,16.4,8.42,6.03,395.4,11.1,3.01,0.479,0.082,1.81,,,Ⅱ
2024-04-14T20:00:00+08:00,1713096000,16.5,8.36,5.54,396.2,11.7,2.93,0.46,0.06,1.84,,,Ⅲ
2024-04-15T00:00:00+08:00,1713110400,16.6,8.42,6.0,395.5,9.2,2.94,0.457,0.059,1.78,,,Ⅲ
2024-04-15T04:00:00+08:00,1713124800,16.6,8.44,6.15,394.7,7.8,2.76,0.493,0.06,1.84,,,Ⅱ
2024-04-15T08:00:00+08:00,1713139200,16.5,8.4,5.71,395.3,11.3,3.21,0.468,0.06,1.88,,,Ⅲ
2024-04-15T12:00:00+08:00,1713153600,17.1,8.48,6.47,395.2,11.2,2.86,0.379,0.053,1.68,,,Ⅱ
2024-04-15T16:00:00+08:00,1713168000,18.1,8.55,7.03,395.3,11.9,2.8,0.305,0.049,1.59,,,Ⅱ
2024-04-15T20:00:00+08:00,1713182400,18.1,8.61,7.28,394.2,12.1,2.76,0.272,0.048,1.57,,,Ⅱ
2024-04-16T00:00:00+08:00,1713196800,17.9,8.59,7.22,394.9,12.7,2.8,0.29,0.05,1.64,,,Ⅱ
2024-04-16T04:00:00+08:00,1713211200,17.8,8.56,6.93,395.0,13.2,2.77,0.302,0.05,1.65,,,Ⅱ
2024-04-16T08:00:00+08:00,1713225600,17.8,8.56,6.85,395.7,11.2,3.05,0.334,0.051,1.73,,,Ⅱ
2024-04-16T16:00:00+08:00,1713254400,19.2,8.67,7.56,396.2,10.1,2.96,0.349,0.053,1.72,,,Ⅱ
2024-04-16T20:00:00+08:00,1713268800,18.7,8.6,7.04,397.2,11.6,3.0,0.313,0.051,1.65,,,Ⅱ
2024-04-17T04:00:00+08:00,1713297600,18.2,8.65,7.33,397.2,11.4,2.85,0.309,0.048,1.59,,,Ⅱ
2024-04-17T08:00:00+08:00,1713312000,18.0,8.59,6.86,397.7,12.3,2.78,0.324,0.051,1.7,,,Ⅱ
2024-04-17T12:00:00+08:00,1713326400,17.8,8.56,6.78,395.6,12.3,3.14,0.355,0.053,1.76,,,Ⅱ
2024-04-17T16:00:00+08:00,1713340800,17.5,7.19,6.66,376.3,12.3,3.1,0.38,0.057,1.8,,,Ⅱ
2024-04-17T20:00:00+08:00,1713355200,17.2,7.64,6.2,382.1,11.7,3.08,0.441,0.06,1.82,,,Ⅱ
2024-04-18T00:00:00+08:00,1713369600,17.0,7.59,5.52,385.6,12.0,3.24,0.535,0.067,1.97,,,Ⅲ
2024-04-18T04:00:00+08:00,1713384000,16.7,7.56,5.08,385.8,11.9,3.25,0.69,0.075,2.28,,,Ⅲ
2024-04-18T08:00:00+08:00,1713398400,16.6,7.51,4.52,385.6,11.3,3.12,0.726,0.079,2.33,,,Ⅲ
2024-04-18T16:00:00+08:00,1713427200,19.6,7.49,4.7,389.3,9.8,3.57,0.782,0.093,2.43,,,Ⅳ
2024-04-22T12:00:00+08:00,1713758400,19.2,7.69,6.34,396.4,12.4,3.1,0.327,0.055,1.78,,,Ⅱ
2024-04-22T16:00:00+08:00,1713772800,19.3,7.7,6.55,398.3,11.9,3.05,0.338,0.056,1.74,,,Ⅱ
2024-04-22T20:00:00+08:00,1713787200,19.1,7.73,6.78,397.0,13.8,2.93,0.28,0.051,1.69,,,Ⅱ
2024-04-23T00:00:00+08:00,1713801600,19.0,7.72,6.74,397.8,13.6,3.05,0.268,0.051,1.69,,,Ⅱ
2024-04-23T04:00:00+08:00,1713816000,18.9,7.73,6.8,398.8,13.1,2.88,0.328,0.053,1.73,,,Ⅱ
2024-04-23T08:00:00+08:00,1713830400,18.8,7.75,7.0,395.3,13.1,2.72,0.333,0.052,1.77,,,Ⅱ
2024-04-23T12:00:00+08:00,1713844800,19.0,7.7,6.65,397.0,13.0,3.04,0.299,0.051,1.74,,,Ⅱ
2024-04-23T16:00:00+08:00,1713859200,19.4,7.75,7.06,398.4,13.5,2.97,0.31,0.051,1.66,,,Ⅱ
2024-04-23T20:00:00+08:00,1713873600,19.4,7.71,6.78,397.9,12.7,2.96,0.306,0.052,1.73,,,Ⅱ
2024-04-24T00:00:00+08:00,1713888000,19.4,7.72,6.73,397.8,12.7,3.0,0.344,0.055,1.78,,,Ⅱ
2024-04-24T04:00:00+08:00,1713902400,19.3,7.73,6.72,398.0,12.5,2.91,0.34,0.053,1.76,,,Ⅱ
2024-04-24T08:00:00+08:00,1713916800,19.1,7.74,6.8,397.9,12.2,2.81,0.348,0.054,1.75,,,Ⅱ
2024-04-24T12:00:00+08:00,1713931200,20.0,7.73,6.85,398.9,11.9,3.1,0.322,0.053,1.76,,,Ⅱ
2024-04-24T16:00:00+08:00,1713945600,20.5,7.72,7.03,384.7,11.4,2.93,0.318,0.052,1.68,,,Ⅱ
2024-04-24T20:00:00+08:00,1713960000,20.3,7.78,7.21,390.9,12.4,2.98,0.319,0.053,1.68,,,Ⅱ
2024-04-25T00:00:00+08:00,1713974400,20.3,7.8,7.21,392.1,12.5,2.89,0.289,0.052,1.66,,,Ⅱ
2024-04-25T04:00:00+08:00,1713988800,20.0,7.78,7.05,392.8,11.6,2.97,0.274,0.052,1.7,,,Ⅱ
2024-04-25T08:00:00+08:00,1714003200,19.8,7.77,6.94,393.5,12.0,2.67,0.267,0.049,1.65,,,Ⅱ
2024-04-25T12:00:00+08:00,1714017600,20.3,7.76,7.0,395.2,10.6,3.04,0.277,0.051,1.69,,,Ⅱ
2024-04-25T16:00:00+08:00,1714032000,20.2,7.75,6.84,395.1,11.2,2.85,0.273,0.048,1.67,,,Ⅱ
2024-04-25T20:00:00+08:00,1714046400,19.9,7.76,6.95,392.6,11.8,2.98,0.333,0.055,1.74,,,Ⅱ
2024-04-26T00:00:00+08:00,1714060800,19.7,7.75,6.84,392.8,11.3,2.95,0.258,0.055,1.63,,,Ⅱ
2024-04-26T04:00:00+08:00,1714075200,19.6,7.71,6.4,393.8,11.1,2.85,0.257,0.05,1.69,,,Ⅱ
2024-04-26T08:00:00+08:00,1714089600,19.4,7.69,6.18,394.3,11.7,2.79,0.301,0.052,1.72,,,Ⅱ
2024-04-26T12:00:00+08:00,1714104000,19.7,7.69,6.28,395.0,12.5,3.08,0.336,0.054,1.81,,,Ⅱ
2024-04-26T16:00:00+08:00,1714118400,20.0,7.73,6.53,395.7,12.9,3.01,0.302,0.052,1.76,,,Ⅱ
2024-04-26T20:00:00+08:00,1714132800,19.9,7.75,6.78,395.4,13.1,3.0,0.29,0.052,1.74,,,Ⅱ
2024-04-27T00:00:00+08:00,1714147200,19.8,7.79,7.03,395.3,12.6,2.93,0.261,0.052,1.73,,,Ⅱ
2024-04-27T04:00:00+08:00,1714161600,19.7,7.78,6.89,394.8,12.3,2.94,0.238,0.049,1.68,,,Ⅱ
2024-04-27T08:00:00+08:00,1714176000,19.7,7.75,6.68,394.8,12.6,2.74,0.227,0.046,1.66,,,Ⅱ
2024-04-27T12:00:00+08:00,1714190400,19.8,7.76,6.61,394.0,13.5,3.06,0.225,0.048,1.77,,,Ⅱ
2024-04-27T16:00:00+08:00,1714204800,20.0,7.79,6.9,394.5,12.8,2.97,0.218,0.049,1.62,,,Ⅱ
2024-04-27T20:00:00+08:00,1714219200,19.9,7.78,6.89,394.0,12.1,2.83,0.197,0.046,1.59,,,Ⅱ
2024-04-28T00:00:00+08:00,1714233600,19.9,7.82,7.12,393.3,12.2,2.87,0.202,0.046,1.57,,,Ⅱ
2024-04-28T04:00:00+08:00,1714248000,19.8,7.81,7.02,393.9,11.5,2.92,0.192,0.045,1.54,,,Ⅱ
2024-04-28T08:00:00+08:00,1714262400,19.7,7.77,6.74,394.1,11.7,2.72,0.194,0.044,1.55,,,Ⅱ
2024-04-28T12:00:00+08:00,1714276800,19.7,7.73,6.48,394.3,11.5,3.07,0.199,0.044,1.63,,,Ⅱ
2024-04-28T16:00:00+08:00,1714291200,19.8,7.73,6.5,394.2,10.1,3.02,0.203,0.045,1.56,,,Ⅱ
2024-04-29T12:00:00+08:00,1714363200,19.8,7.68,5.86,396.0,10.4,3.05,0.245,0.05,1.66,,,Ⅲ
2024-04-29T16:00:00+08:00,1714377600,20.2,7.75,6.61,396.5,11.4,3.08,0.241,0.051,1.67,,,Ⅱ
2024-04-29T20:00:00+08:00,1714392000,20.2,7.77,6.73,396.0,10.4,2.97,0.223,0.044,1.64,,,Ⅱ
2024-04-30T00:00:00+08:00,1714406400,20.0,7.74,6.48,395.4,11.0,2.97,0.223,0.044,1.64,,,Ⅱ
2024-04-30T04:00:00+08:00,1714420800,19.7,7.73,6.39,394.9,11.8,2.73,0.222,0.046,1.59,,,Ⅱ
2024-04-30T12:00:00+08:00,1714449600,19.6,7.78,6.77,394.5,10.4,2.97,0.218,0.047,1.56,,,Ⅱ
2024-04-30T16:00:00+08:00,1714464000,19.5,7.8,6.91,393.7,9.8,3.26,0.242,0.053,1.61,,,Ⅱ
2024-04-30T20:00:00+08:00,1714478400,19.3,7.78,6.72,394.1,11.1,3.3,0.247,0.054,1.64,,,Ⅱ
2024-05-01T00:00:00+08:00,1714492800,19.0,7.66,5.87,394.4,10.5,3.3,0.247,0.054,1.64,,,Ⅲ
2024-05-01T04:00:00+08:00,1714507200,18.7,7.62,5.74,393.1,11.3,3.03,0.258,0.057,1.7,,,Ⅲ
2024-05-01T08:00:00+08:00,1714521600,18.5,7.69,6.49,391.7,14.4,3.16,0.298,0.054,1.86,,,Ⅱ
2024-05-01T12:00:00+08:00,1714536000,19.5,7.63,5.91,393.8,9.4,3.15,0.253,0.054,1.71,,,Ⅲ
2024-05-01T16:00:00+08:00,1714550400,19.8,7.75,7.0,393.4,12.4,3.02,0.245,0.046,1.67,,,Ⅱ
2024-05-01T20:00:00+08:00,1714564800,19.8,7.7,6.24,395.4,7.7,3.26,0.254,0.056,1.64,,,Ⅱ
2024-05-02T00:00:00+08:00,1714579200,19.5,7.69,6.08,396.4,6.9,3.26,0.254,0.056,1.64,,,Ⅱ
2024-05-02T04:00:00+08:00,1714593600,19.1,7.56,4.82,397.5,7.8,3.29,0.265,0.076,1.82,,,Ⅳ
2024-05-02T08:00:00+08:00,1714608000,19.0,7.57,4.85,397.3,8.1,3.56,0.274,0.069,1.81,,,Ⅳ
2024-05-02T12:00:00+08:00,1714622400,19.8,7.6,5.38,397.4,7.9,3.43,0.271,0.064,1.8,,,Ⅲ
2024-05-02T16:00:00+08:00,1714636800,19.8,7.68,6.22,397.6,6.7,3.21,0.276,0.056,1.69,,,Ⅱ
2024-05-02T20:00:00+08:00,1714651200,19.5,7.66,5.88,397.4,6.7,3.2,0.297,0.056,1.66,,,Ⅲ
2024-05-03T00:00:00+08:00,1714665600,19.4,7.63,5.62,397.6,6.6,3.2,0.297,0.056,1.66,,,Ⅲ
2024-05-03T04:00:00+08:00,1714680000,19.3,7.62,5.45,398.9,5.6,2.96,0.386,0.062,1.75,,,Ⅲ
2024-05-03T08:00:00+08:00,1714694400,19.1,7.59,5.16,399.5,6.2,3.69,0.367,0.073,1.78,,,Ⅲ
2024-05-03T12:00:00+08:00,1714708800,19.8,7.7,6.5,400.2,5.6,3.5,0.331,0.058,1.67,,,Ⅱ
2024-05-03T16:00:00+08:00,1714723200,20.1,8.05,9.1,400.1,5.5,3.63,0.248,0.054,1.61,,,Ⅱ
2024-05-03T20:00:00+08:00,1714737600,19.8,7.91,8.04,400.9,5.7,3.78,0.325,0.066,1.71,,,Ⅱ
2024-05-04T00:00:00+08:00,1714752000,19.6,7.86,7.74,400.4,6.3,3.78,0.325,0.066,1.71,,,Ⅱ
2024-05-04T04:00:00+08:00,1714766400,19.5,7.82,7.39,399.4,6.3,3.24,0.27,0.06,1.69,,,Ⅱ
2024-05-04T08:00:00+08:00,1714780800,19.4,7.74,6.81,399.1,6.0,3.59,0.248,0.059,1.65,,,Ⅱ
2024-05-04T12:00:00+08:00,1714795200,19.6,7.72,6.76,399.3,6.6,3.26,0.238,0.046,1.6,,,Ⅱ
2024-05-04T16:00:00+08:00,1714809600,19.5,7.73,6.67,399.4,7.2,3.38,0.22,0.051,1.6,,,Ⅱ
2024-05-04T20:00:00+08:00,1714824000,19.4,7.75,6.87,399.3,6.8,3.5,0.2,0.058,1.64,,,Ⅱ
2024-05-05T00:00:00+08:00,1714838400,19.2,7.71,6.38,397.8,9.4,3.5,0.2,0.058,1.64,,,Ⅱ
2024-05-05T04:00:00+08:00,1714852800,19.1,7.64,5.72,397.7,7.7,2.88,0.223,0.049,1.57,,,Ⅲ
2024-05-05T08:00:00+08:00,1714867200,19.0,7.73,6.52,396.0,11.3,3.07,0.207,0.045,1.57,,,Ⅱ
2024-05-05T12:00:00+08:00,1714881600,19.2,7.81,7.19,395.1,10.6,2.9,0.196,0.042,1.49,,,Ⅱ
2024-05-05T16:00:00+08:00,1714896000,19.6,7.76,7.07,397.5,8.5,2.8,0.197,0.041,1.48,,,Ⅱ
2024-05-06T08:00:00+08:00,1714953600,19.2,7.71,6.11,393.6,11.1,2.74,0.198,0.044,1.57,,,Ⅱ
2024-05-06T12:00:00+08:00,1714968000,19.6,7.71,6.31,394.9,9.3,3.05,0.194,0.045,1.6,,,Ⅱ
2024-05-06T16:00:00+08:00,1714982400,20.4,7.67,6.5,397.0,6.6,3.0,0.182,0.045,1.48,,,Ⅱ
2024-05-06T20:00:00+08:00,1714996800,20.3,7.71,6.17,399.2,6.0,2.9,0.18,0.043,1.47,,,Ⅱ
2024-05-07T00:00:00+08:00,1715011200,20.4,7.88,7.53,398.0,5.5,3.26,0.205,0.053,1.58,,,Ⅱ
2024-05-07T04:00:00+08:00,1715025600,20.3,7.86,7.36,396.9,5.4,3.41,0.15,0.053,1.54,,,Ⅱ
2024-05-07T08:00:00+08:00,1715040000,20.0,7.75,6.6,395.9,7.0,3.04,0.153,0.045,1.46,,,Ⅱ
2024-05-07T12:00:00+08:00,1715054400,20.6,7.82,7.14,396.6,7.9,3.18,0.17,0.045,1.58,,,Ⅱ
2024-05-07T16:00:00+08:00,1715068800,21.4,7.91,8.02,397.8,6.9,2.98,0.185,,1.48,,,
2024-05-07T20:00:00+08:00,1715083200,21.1,7.88,7.56,398.4,6.2,2.77,0.191,0.044,1.47,,,Ⅱ
2024-05-08T00:00:00+08:00,1715097600,20.9,7.86,7.42,397.7,6.1,2.31,0.201,0.042,1.4,,,Ⅱ
2024-05-08T04:00:00+08:00,1715112000,20.5,7.75,6.54,397.6,6.5,2.5,0.215,0.044,1.4,,,Ⅱ
2024-05-08T08:00:00+08:00,1715126400,20.4,7.77,6.64,397.2,7.6,2.24,0.238,0.048,1.43,,,Ⅱ
2024-05-08T12:00:00+08:00,1715140800,21.3,7.83,7.26,398.5,7.5,2.58,0.24,0.052,1.45,,,Ⅱ
2024-05-08T16:00:00+08:00,1715155200,21.7,7.9,7.88,399.1,8.5,2.32,0.222,0.046,1.38,,,Ⅱ
2024-05-08T20:00:00+08:00,1715169600,21.3,7.9,7.75,397.5,8.9,2.45,0.19,0.047,1.36,,,Ⅱ
2024-05-09T00:00:00+08:00,1715184000,21.0,7.91,7.69,396.7,8.2,2.35,0.189,0.044,1.34,,,Ⅱ
2024-05-09T04:00:00+08:00,1715198400,20.8,7.9,7.48,397.0,8.3,2.36,0.178,0.044,1.3,,,Ⅱ
2024-05-09T08:00:00+08:00,1715212800,20.7,7.87,7.25,397.6,8.3,2.29,0.182,0.044,1.35,,,Ⅱ
2024-05-09T12:00:00+08:00,1715227200,21.2,7.88,7.55,398.1,7.2,2.76,0.183,0.048,1.37,,,Ⅱ
2024-05-09T16:00:00+08:00,1715241600,21.6,7.96,8.02,399.7,8.6,2.47,0.178,0.043,1.31,,,Ⅱ
2024-05-09T20:00:00+08:00,1715256000,21.3,7.96,8.03,397.2,9.1,2.56,0.183,0.051,1.39,,,Ⅱ
2024-05-10T00:00:00+08:00,1715270400,20.9,7.95,7.92,396.6,7.9,2.6,0.161,0.044,1.27,,,Ⅱ
2024-05-10T04:00:00+08:00,1715284800,20.7,7.92,7.62,397.1,7.6,2.47,0.148,0.042,1.26,,,Ⅱ
2024-05-10T08:00:00+08:00,1715299200,20.5,7.89,7.34,397.4,8.0,2.17,0.142,0.043,1.28,,,Ⅱ
2024-05-10T12:00:00+08:00,1715313600,21.1,7.86,7.49,399.1,6.1,2.66,0.156,0.043,1.4,,,Ⅱ
2024-05-10T16:00:00+08:00,1715328000,21.3,7.81,7.79,399.5,7.7,2.49,0.148,0.042,1.31,,,Ⅱ
2024-05-10T20:00:00+08:00,1715342400,21.8,7.85,7.91,400.7,8.1,2.96,0.164,0.052,1.37,,,Ⅱ
2024-05-11T00:00:00+08:00,1715356800,21.7,7.8,7.5,400.2,9.3,2.82,0.194,0.052,1.38,,,Ⅱ
2024-05-11T04:00:00+08:00,1715371200,21.6,7.78,7.36,399.6,7.6,2.79,0.172,0.052,1.33,,,Ⅱ
2024-05-11T08:00:00+08:00,1715385600,21.6,7.72,6.95,398.8,7.7,2.61,0.177,0.048,1.36,,,Ⅱ
2024-05-11T12:00:00+08:00,1715400000,21.7,7.71,6.74,398.2,9.3,2.89,0.17,0.048,1.35,,,Ⅱ
2024-05-11T16:00:00+08:00,1715414400,21.7,7.74,6.87,397.2,9.1,2.76,0.177,0.048,1.35,,,Ⅱ
2024-05-11T20:00:00+08:00,1715428800,21.8,7.74,6.9,392.4,10.3,2.62,0.162,0.044,1.34,,,Ⅱ
2024-05-12T00:00:00+08:00,1715443200,21.7,7.68,6.53,393.8,9.7,2.67,0.169,0.049,1.29,,,Ⅱ
2024-05-12T04:00:00+08:00,1715457600,21.6,7.67,6.46,392.3,9.8,2.75,0.196,0.051,1.3,,,Ⅱ
2024-05-12T08:00:00+08:00,1715472000,21.5,7.65,6.37,390.6,10.0,2.48,0.236,0.049,1.46,,,Ⅱ
2024-05-12T12:00:00+08:00,1715486400,21.6,7.61,6.28,391.8,7.8,2.85,0.235,0.051,1.4,,,Ⅱ
2024-05-12T16:00:00+08:00,1715500800,21.8,7.68,6.55,393.5,8.3,2.6,0.231,0.047,1.37,,,Ⅱ
2024-05-12T20:00:00+08:00,1715515200,21.5,7.63,6.08,393.2,7.0,2.73,0.245,0.05,1.36,,,Ⅱ
2024-05-13T00:00:00+08:00,1715529600,21.1,7.57,5.58,395.0,8.2,2.77,0.257,0.051,1.37,,,Ⅲ
2024-05-13T04:00:00+08:00,1715544000,20.9,7.53,5.26,395.4,6.8,2.69,0.25,0.052,1.37,,,Ⅲ
2024-05-13T08:00:00+08:00,1715558400,20.8,7.5,5.0,396.9,6.2,2.48,0.244,0.049,1.4,,,Ⅳ
2024-05-13T12:00:00+08:00,1715572800,21.4,7.49,5.44,397.0,3.9,2.88,0.281,0.054,1.43,,,Ⅲ
2024-05-13T16:00:00+08:00,1715587200,21.9,7.55,5.84,398.3,5.3,2.62,0.231,0.047,1.35,,,Ⅲ
2024-05-13T20:00:00+08:00,1715601600,21.6,7.58,5.72,398.2,8.2,2.91,0.159,0.05,1.33,,,Ⅲ
2024-05-14T00:00:00+08:00,1715616000,21.5,7.69,6.54,398.0,8.9,2.88,0.274,0.058,1.41,,,Ⅱ
2024-05-14T04:00:00+08:00,1715630400,21.3,7.72,6.69,398.5,8.6,2.88,0.274,0.058,1.41,,,Ⅱ
2024-05-14T08:00:00+08:00,1715644800,21.2,7.69,6.54,399.2,8.8,2.3,0.239,0.046,1.36,,,Ⅱ
2024-05-14T12:00:00+08:00,1715659200,21.8,7.64,6.41,400.2,8.6,2.77,0.237,0.046,1.34,,,Ⅱ
2024-05-14T16:00:00+08:00,1715673600,22.1,7.71,6.78,401.3,8.8,2.51,0.242,0.048,1.31,,,Ⅱ
2024-05-14T20:00:00+08:00,1715688000,22.4,7.74,7.04,402.5,7.1,2.51,0.255,0.05,1.35,,,Ⅱ
2024-05-15T00:00:00+08:00,1715702400,22.0,7.74,6.95,401.0,8.4,2.66,0.267,0.051,1.37,,,Ⅱ
2024-05-15T04:00:00+08:00,1715716800,21.9,7.74,6.86,400.7,8.1,2.66,0.267,0.051,1.37,,,Ⅱ
2024-05-15T08:00:00+08:00,1715731200,21.8,7.73,6.71,401.3,8.3,2.27,0.218,0.046,1.31,,,Ⅱ
2024-05-15T12:00:00+08:00,1715745600,22.5,7.79,7.23,402.5,8.6,2.66,0.233,0.049,1.34,,,Ⅱ
2024-05-15T16:00:00+08:00,1715760000,23.0,7.84,7.61,403.9,10.8,2.46,0.196,0.049,1.32,,,Ⅱ
2024-05-15T20:00:00+08:00,1715774400,22.5,7.77,6.98,404.1,10.3,2.6,0.178,0.049,1.33,,,Ⅱ
2024-05-16T00:00:00+08:00,1715788800,22.1,7.82,7.27,402.7,9.6,2.62,0.21,0.051,1.35,,,Ⅱ
2024-05-16T04:00:00+08:00,1715803200,21.9,7.77,6.93,403.8,8.9,2.61,0.175,0.047,1.29,,,Ⅱ
2024-05-16T08:00:00+08:00,1715817600,21.6,7.72,6.55,403.7,8.8,2.45,0.191,0.048,1.31,,,Ⅱ
2024-05-16T16:00:00+08:00,1715846400,22.6,7.84,7.61,401.0,10.5,2.92,0.195,0.048,1.27,,,Ⅱ
2024-05-16T20:00:00+08:00,1715860800,22.4,7.81,7.25,402.1,10.3,2.73,0.16,0.047,1.27,,,Ⅱ
2024-05-17T00:00:00+08:00,1715875200,22.2,7.85,7.44,401.6,9.3,2.66,0.156,0.046,1.25,,,Ⅱ
2024-05-17T04:00:00+08:00,1715889600,21.9,7.84,7.27,400.9,9.1,2.6,0.148,0.043,1.23,,,Ⅱ
2024-05-17T08:00:00+08:00,1715904000,21.8,7.81,7.01,401.4,9.3,2.39,0.14,0.042,1.23,,,Ⅱ
2024-05-17T12:00:00+08:00,1715918400,22.3,7.78,7.12,402.6,8.1,2.8,0.168,0.045,1.27,,,Ⅱ
2024-05-17T16:00:00+08:00,1715932800,22.5,7.84,7.37,403.7,9.9,2.63,0.151,0.044,1.23,,,Ⅱ
2024-05-17T20:00:00+08:00,1715947200,23.0,7.8,7.0,406.6,11.6,2.61,0.163,0.047,1.28,,,Ⅱ
2024-05-18T00:00:00+08:00,1715961600,23.0,7.87,7.6,404.9,8.0,2.7,0.172,0.053,1.32,,,Ⅱ
2024-05-18T04:00:00+08:00,1715976000,22.7,7.8,6.96,404.5,8.3,2.55,0.155,0.046,1.21,,,Ⅱ
2024-05-18T08:00:00+08:00,1715990400,22.7,7.8,6.96,403.9,8.3,2.38,0.162,0.044,1.3,,,Ⅱ
2024-05-18T12:00:00+08:00,1716004800,23.4,7.75,6.97,406.7,7.5,2.72,0.164,0.044,1.26,,,Ⅱ
2024-05-18T16:00:00+08:00,1716019200,24.1,7.91,7.94,406.7,6.8,2.55,0.185,0.046,1.26,,,Ⅱ
2024-05-18T20:00:00+08:00,1716033600,24.0,7.93,7.9,408.5,7.6,2.57,0.141,0.042,1.14,,,Ⅱ
2024-05-19T00:00:00+08:00,1716048000,23.6,7.87,7.5,407.2,8.1,2.73,0.154,0.045,1.25,,,Ⅱ
2024-05-19T04:00:00+08:00,1716062400,23.3,7.85,7.23,406.8,8.0,2.63,0.141,0.044,1.2,,,Ⅱ
2024-05-19T08:00:00+08:00,1716076800,23.2,7.83,7.04,405.9,8.2,2.41,0.145,0.044,1.21,,,Ⅱ
2024-05-19T12:00:00+08:00,1716091200,24.2,7.93,7.89,408.1,7.3,2.87,0.141,0.046,1.2,,,Ⅱ
2024-05-19T16:00:00+08:00,1716105600,24.7,8.11,9.0,408.5,7.3,2.66,0.123,0.043,1.16,,,Ⅱ
2024-05-19T20:00:00+08:00,1716120000,24.4,8.01,8.14,409.7,7.6,2.62,0.113,0.05,1.17,,,Ⅱ
2024-05-20T00:00:00+08:00,1716134400,23.9,7.95,7.72,408.4,7.9,2.62,0.119,0.045,1.16,,,Ⅱ
2024-05-20T04:00:00+08:00,1716148800,23.7,7.9,7.28,408.5,8.2,2.7,0.112,0.044,1.19,,,Ⅱ
2024-05-20T08:00:00+08:00,1716163200,23.6,7.86,6.94,409.0,8.7,2.39,0.128,0.043,1.18,,,Ⅱ
2024-05-20T12:00:00+08:00,1716177600,24.0,7.84,7.0,409.6,7.2,2.83,0.143,0.045,1.25,,,Ⅱ
2024-05-20T16:00:00+08:00,1716192000,24.7,8.06,8.31,411.1,6.2,2.63,0.146,0.042,1.15,,,Ⅱ
2024-05-20T20:00:00+08:00,1716206400,24.6,7.93,7.33,410.6,7.5,2.71,0.122,0.043,1.13,,,Ⅱ
2024-05-21T00:00:00+08:00,1716220800,24.2,7.98,7.69,410.2,6.5,2.61,0.128,0.044,1.15,,,Ⅱ
2024-05-21T04:00:00+08:00,1716235200,23.9,7.85,6.8,410.5,5.4,2.62,0.109,0.042,1.12,,,Ⅱ
2024-05-21T08:00:00+08:00,1716249600,24.0,7.92,7.33,411.0,6.0,2.38,0.122,0.04,1.16,,,Ⅱ
2024-05-21T12:00:00+08:00,1716264000,24.3,7.81,6.86,412.6,5.5,2.66,0.152,0.045,1.16,,,Ⅱ
2024-05-21T16:00:00+08:00,1716278400,24.7,7.91,7.51,413.2,5.0,2.66,0.152,0.045,1.16,,,Ⅱ
2024-05-21T20:00:00+08:00,1716292800,24.3,8.01,7.88,412.1,7.3,2.76,0.094,0.042,1.12,,,Ⅱ
2024-05-22T00:00:00+08:00,1716307200,23.9,7.9,7.2,412.0,7.7,2.99,0.087,0.047,1.11,,,Ⅱ
2024-05-22T04:00:00+08:00,1716321600,23.8,7.84,6.69,412.3,6.7,2.92,0.118,0.046,1.17,,,Ⅱ
2024-05-22T08:00:00+08:00,1716336000,23.8,7.91,7.2,412.3,7.0,2.58,0.136,0.045,1.18,,,Ⅱ
2024-05-23T08:00:00+08:00,1716422400,23.7,7.81,6.47,409.7,9.1,3.17,0.132,0.046,1.16,,,Ⅱ
2024-05-23T12:00:00+08:00,1716436800,24.3,7.79,6.65,409.8,7.4,2.62,0.138,0.041,1.12,,,Ⅱ
2024-05-23T16:00:00+08:00,1716451200,25.1,8.01,8.24,411.2,6.3,2.76,0.118,0.039,1.1,,,Ⅱ
2024-05-23T20:00:00+08:00,1716465600,24.9,7.99,7.68,412.6,8.1,2.58,0.151,0.043,1.14,,,Ⅱ
2024-05-24T00:00:00+08:00,1716480000,24.6,7.93,7.36,410.8,7.8,2.58,0.151,0.043,1.14,,,Ⅱ
2024-05-24T04:00:00+08:00,1716494400,24.4,7.85,6.72,411.9,8.1,2.48,0.178,0.045,1.17,,,Ⅱ
2024-05-24T08:00:00+08:00,1716508800,24.5,7.84,6.59,412.1,8.3,3.07,0.166,0.046,1.17,,,Ⅱ
2024-05-24T12:00:00+08:00,1716523200,25.0,7.82,6.8,412.9,6.3,2.66,0.149,0.044,1.12,,,Ⅱ
2024-05-24T16:00:00+08:00,1716537600,26.0,8.1,8.58,413.3,7.0,2.76,0.133,0.043,1.09,,,Ⅱ
2024-05-24T20:00:00+08:00,1716552000,25.8,8.03,7.9,415.2,7.5,2.74,0.157,0.045,1.14,,,Ⅱ
2024-05-25T00:00:00+08:00,1716566400,25.2,7.93,7.21,412.8,8.2,2.74,0.157,0.045,1.14,,,Ⅱ
2024-05-25T04:00:00+08:00,1716580800,25.0,7.86,6.68,413.8,7.6,2.54,0.171,0.049,1.28,,,Ⅱ
2024-05-25T08:00:00+08:00,1716595200,25.0,7.86,6.52,413.6,7.4,3.0,0.152,0.049,1.15,,,Ⅱ
2024-05-25T12:00:00+08:00,1716609600,25.2,7.81,6.39,414.2,7.4,2.81,0.142,0.045,1.1,,,Ⅱ
2024-05-25T16:00:00+08:00,1716624000,25.3,7.84,6.46,414.6,9.3,2.68,0.151,0.048,1.12,,,Ⅱ
2024-05-25T20:00:00+08:00,1716638400,25.2,7.96,7.22,414.7,9.2,2.85,0.151,0.049,1.14,,,Ⅱ
2024-05-26T00:00:00+08:00,1716652800,25.1,7.88,6.86,414.8,8.5,2.85,0.151,0.049,1.14,,,Ⅱ
2024-05-26T04:00:00+08:00,1716667200,24.8,7.82,6.46,414.6,7.7,2.61,0.162,0.045,1.14,,,Ⅱ
2024-05-26T08:00:00+08:00,1716681600,24.9,7.78,6.15,415.1,7.2,3.02,0.153,0.046,1.15,,,Ⅱ
2024-05-26T12:00:00+08:00,1716696000,25.4,7.8,6.4,414.8,7.6,2.69,0.147,0.049,1.1,,,Ⅱ
2024-05-26T16:00:00+08:00,1716710400,25.8,7.83,6.81,415.7,5.6,2.64,0.144,0.046,1.04,,,Ⅱ
2024-05-26T20:00:00+08:00,1716724800,25.9,7.8,6.09,416.5,11.5,2.75,0.149,0.054,1.13,,,Ⅱ
2024-05-27T00:00:00+08:00,1716739200,26.3,7.99,7.42,410.5,7.0,2.75,0.149,0.054,1.13,,,Ⅱ
2024-05-27T04:00:00+08:00,1716753600,25.8,7.83,6.61,394.0,8.3,2.69,0.164,0.048,1.14,,,Ⅱ
2024-05-27T08:00:00+08:00,1716768000,25.5,7.72,5.83,390.4,8.6,3.21,0.196,0.053,1.26,,,Ⅲ
2024-05-27T12:00:00+08:00,1716782400,25.3,7.52,4.65,392.6,9.4,3.32,0.412,0.082,1.67,,,Ⅳ
2024-05-27T16:00:00+08:00,1716796800,24.9,7.58,5.0,384.0,10.7,3.2,0.381,0.073,1.58,,,Ⅲ
2024-05-27T20:00:00+08:00,1716811200,24.4,7.54,4.7,370.2,11.3,3.0,0.378,0.079,1.64,,,Ⅳ
2024-05-28T00:00:00+08:00,1716825600,24.1,7.47,3.99,374.8,10.3,3.0,0.378,0.079,1.64,,,Ⅳ
2024-05-28T04:00:00+08:00,1716840000,23.7,7.43,3.48,378.9,9.1,3.01,0.474,0.082,1.72,,,Ⅳ
2024-05-28T08:00:00+08:00,1716854400,23.5,7.39,3.06,379.5,9.0,3.16,0.476,0.07,1.68,,,Ⅳ
2024-05-28T12:00:00+08:00,1716868800,24.6,7.51,4.27,388.0,7.5,3.11,0.42,0.07,1.63,,,Ⅳ
2024-05-28T16:00:00+08:00,1716883200,24.9,7.59,4.88,401.1,7.3,3.12,0.396,0.071,1.54,,,Ⅳ
2024-05-28T20:00:00+08:00,1716897600,24.6,7.53,4.35,403.2,7.1,2.86,0.402,0.064,1.49,,,Ⅳ
2024-05-29T00:00:00+08:00,1716912000,24.2,7.54,4.56,406.6,7.6,2.86,0.402,0.064,1.49,,,Ⅳ
2024-05-29T04:00:00+08:00,1716926400,24.0,7.5,4.32,408.5,8.8,2.51,0.524,0.063,1.62,,,Ⅳ
2024-05-29T08:00:00+08:00,1716940800,23.9,7.5,4.23,408.2,7.8,2.98,0.526,0.066,1.66,,,Ⅳ
2024-05-29T12:00:00+08:00,1716955200,24.4,7.56,4.8,412.2,7.1,2.92,0.462,0.062,1.54,,,Ⅳ
2024-05-29T16:00:00+08:00,1716969600,25.0,7.71,6.15,416.1,7.9,3.06,0.443,0.063,1.53,,,Ⅱ
2024-05-29T20:00:00+08:00,1716984000,24.5,7.75,6.52,415.5,9.5,3.02,0.432,0.066,1.57,,,Ⅱ
2024-05-30T00:00:00+08:00,1716998400,24.2,7.73,6.38,414.4,7.2,3.02,0.432,0.066,1.57,,,Ⅱ
2024-05-30T04:00:00+08:00,1717012800,23.8,7.66,5.63,413.3,8.8,2.8,0.414,0.063,1.56,,,Ⅲ
2024-05-30T08:00:00+08:00,1717027200,23.8,7.61,5.27,410.0,7.1,3.3,0.394,0.064,1.51,,,Ⅲ
2024-05-30T12:00:00+08:00,1717041600,24.0,7.55,4.8,411.3,7.1,3.1,0.395,0.058,1.46,,,Ⅳ
2024-05-30T16:00:00+08:00,1717056000,24.1,7.76,6.66,412.2,8.8,3.37,0.408,0.077,1.59,,,Ⅱ
2024-05-30T20:00:00+08:00,1717070400,23.9,7.66,6.18,407.3,9.2,3.78,0.635,0.1,1.88,,,Ⅲ
2024-05-31T00:00:00+08:00,1717084800,23.7,7.51,4.65,405.0,7.9,3.78,0.635,0.1,1.88,,,Ⅳ
2024-05-31T04:00:00+08:00,1717099200,23.5,7.52,4.51,403.1,6.8,3.01,0.495,0.072,1.68,,,Ⅳ
2024-05-31T08:00:00+08:00,1717113600,23.4,7.49,4.32,399.1,5.8,3.01,0.495,0.072,1.68,,,Ⅳ
2024-05-31T12:00:00+08:00,1717128000,23.5,7.59,5.15,402.4,6.1,3.23,0.465,0.069,1.6,,,Ⅲ
2024-05-31T16:00:00+08:00,1717142400,23.5,7.44,3.58,402.2,5.5,3.29,0.346,0.066,1.44,,,Ⅳ
2024-05-31T20:00:00+08:00,1717156800,23.4,7.52,4.33,404.6,8.0,3.04,0.429,0.063,1.52,,,Ⅳ
2024-06-01T00:00:00+08:00,1717171200,23.2,7.52,4.28,404.1,8.0,3.14,0.353,0.064,1.49,,,Ⅳ
2024-06-01T04:00:00+08:00,1717185600,23.0,7.47,3.78,403.3,6.9,3.16,0.333,0.067,1.46,,,Ⅳ
2024-06-01T08:00:00+08:00,1717200000,22.9,7.51,4.28,402.2,7.4,2.85,0.345,0.063,1.5,,,Ⅳ
2024-06-01T12:00:00+08:00,1717214400,23.4,7.48,4.2,404.4,4.9,3.39,0.307,0.069,1.44,,,Ⅳ
2024-06-01T16:00:00+08:00,1717228800,23.6,7.49,4.18,406.3,10.1,3.08,0.307,0.057,1.38,,,Ⅳ
2024-06-01T20:00:00+08:00,1717243200,23.3,7.48,4.06,405.7,6.2,3.34,0.299,0.068,1.49,,,Ⅳ
2024-06-02T00:00:00+08:00,1717257600,23.2,7.47,4.03,408.5,6.7,3.31,0.324,0.062,1.4,,,Ⅳ
2024-06-02T04:00:00+08:00,1717272000,23.0,7.46,4.0,407.3,6.4,3.37,0.367,0.07,1.5,,,Ⅳ
2024-06-02T12:00:00+08:00,1717300800,23.5,7.58,5.47,409.0,6.1,3.36,0.379,0.065,1.48,,,Ⅲ
2024-06-02T16:00:00+08:00,1717315200,23.8,7.58,5.23,411.9,6.4,3.37,0.332,0.062,1.41,,,Ⅲ
2024-06-02T20:00:00+08:00,1717329600,23.9,7.62,5.6,410.9,6.8,3.23,0.421,0.061,1.51,,,Ⅲ
2024-06-03T00:00:00+08:00,1717344000,23.6,7.78,6.86,409.8,4.4,3.32,0.3,0.058,1.39,,,Ⅱ
2024-06-03T04:00:00+08:00,1717358400,23.3,7.53,4.79,409.4,5.9,3.37,0.255,0.054,1.34,,,Ⅳ
2024-06-03T08:00:00+08:00,1717372800,23.2,7.47,4.15,409.8,6.1,3.32,0.305,0.053,1.43,,,Ⅳ
2024-06-03T16:00:00+08:00,1717401600,24.8,8.33,12.14,411.6,4.4,3.29,0.286,0.051,1.33,,,Ⅱ
2024-06-03T20:00:00+08:00,1717416000,25.0,8.47,13.08,415.4,6.1,4.05,0.224,0.055,1.34,,,Ⅲ
2024-06-04T00:00:00+08:00,1717430400,24.4,8.26,10.7,409.8,5.1,4.14,0.179,0.066,1.36,,,Ⅲ
2024-06-04T04:00:00+08:00,1717444800,24.1,7.89,7.89,412.7,5.4,3.78,0.177,0.056,1.31,,,Ⅱ
2024-06-04T08:00:00+08:00,1717459200,23.7,8.19,9.43,411.5,5.8,3.3,0.194,0.058,1.37,,,Ⅱ
2024-06-04T12:00:00+08:00,1717473600,24.6,8.24,10.74,405.4,5.8,3.75,0.142,0.053,1.31,,,Ⅱ
2024-06-04T16:00:00+08:00,1717488000,25.1,8.7,16.32,413.2,7.2,4.17,0.139,0.056,1.28,,,Ⅲ
2024-06-04T20:00:00+08:00,1717502400,25.0,8.57,13.37,414.4,5.8,4.88,0.113,0.071,1.37,,,Ⅲ
2024-06-05T00:00:00+08:00,1717516800,24.9,8.43,11.94,411.5,5.9,4.4,0.094,0.058,1.17,,,Ⅲ
2024-06-05T04:00:00+08:00,1717531200,24.6,8.2,9.81,408.8,5.4,3.8,0.128,0.053,1.2,,,Ⅱ
2024-06-05T08:00:00+08:00,1717545600,24.5,8.07,8.91,407.4,6.5,3.42,0.158,0.051,1.23,,,Ⅱ
2024-06-05T12:00:00+08:00,1717560000,24.4,7.99,8.49,406.8,6.3,3.89,0.167,0.06,1.33,,,Ⅱ
2024-06-05T16:00:00+08:00,1717574400,24.1,7.75,6.62,402.2,7.6,3.7,0.168,0.061,1.35,,,Ⅱ
2024-06-06T00:00:00+08:00,1717603200,23.7,7.61,5.45,409.0,8.2,3.63,0.254,0.063,1.43,,,Ⅲ
2024-06-06T04:00:00+08:00,1717617600,23.4,7.55,4.79,409.2,8.4,2.89,0.286,0.058,1.35,,,Ⅳ
2024-06-06T08:00:00+08:00,1717632000,23.2,7.5,4.36,406.5,8.7,3.38,0.325,0.057,1.4,,,Ⅳ
2024-06-06T12:00:00+08:00,1717646400,23.3,7.44,3.8,407.3,6.7,3.2,0.344,0.052,1.4,,,Ⅳ
2024-06-06T16:00:00+08:00,1717660800,23.5,7.42,3.32,409.5,7.5,3.22,0.412,0.06,1.48,,,Ⅳ
2024-06-06T20:00:00+08:00,1717675200,23.2,7.45,3.9,403.7,8.9,3.24,0.417,0.062,1.53,,,Ⅳ
2024-06-07T00:00:00+08:00,1717689600,23.2,7.45,3.84,404.5,9.0,3.24,0.417,0.062,1.53,,,Ⅳ
2024-06-07T04:00:00+08:00,1717704000,23.0,7.44,3.72,406.4,9.0,2.97,0.406,0.065,1.52,,,Ⅳ
2024-06-07T08:00:00+08:00,1717718400,23.0,7.44,3.73,407.3,9.3,3.41,0.391,0.06,1.4,,,Ⅳ
2024-06-07T12:00:00+08:00,1717732800,23.1,7.41,3.19,413.5,9.2,3.28,0.434,0.065,1.65,,,Ⅳ
2024-06-07T16:00:00+08:00,1717747200,23.2,7.48,3.85,416.6,7.5,2.58,0.358,0.059,1.51,,,Ⅳ
2024-06-07T20:00:00+08:00,1717761600,23.1,7.45,3.56,416.9,7.7,2.81,0.342,0.057,1.48,,,Ⅳ
2024-06-08T00:00:00+08:00,1717776000,23.0,7.45,3.53,415.8,7.9,2.81,0.342,0.057,1.48,,,Ⅳ
2024-06-08T04:00:00+08:00,1717790400,22.9,7.43,3.35,414.3,7.7,2.61,0.413,0.063,1.55,,,Ⅳ
2024-06-08T12:00:00+08:00,1717819200,23.3,7.43,3.39,418.1,7.3,3.05,0.408,0.061,1.55,,,Ⅳ
2024-06-08T16:00:00+08:00,1717833600,23.7,7.48,4.07,418.7,7.3,3.0,0.375,0.065,1.51,,,Ⅳ
2024-06-08T20:00:00+08:00,1717848000,23.5,7.37,2.47,417.9,11.0,2.87,0.36,0.059,1.46,,,Ⅴ
2024-06-09T00:00:00+08:00,1717862400,24.1,7.61,5.17,419.2,8.2,3.13,0.434,0.074,1.62,,,Ⅲ
2024-06-09T04:00:00+08:00,1717876800,23.9,7.6,4.96,422.2,9.0,3.05,0.31,0.06,1.49,,,Ⅳ
2024-06-09T08:00:00+08:00,1717891200,23.8,7.59,4.98,422.7,6.4,2.66,0.281,0.061,1.43,,,Ⅳ
2024-06-09T12:00:00+08:00,1717905600,24.4,7.63,5.45,424.2,7.9,3.1,0.264,0.058,1.35,,,Ⅲ
2024-06-09T16:00:00+08:00,1717920000,25.3,7.76,6.62,426.0,7.5,3.01,0.242,0.059,1.36,,,Ⅱ
2024-06-09T20:00:00+08:00,1717934400,25.1,7.59,4.93,426.3,6.1,3.01,0.211,0.055,1.32,,,Ⅳ
2024-06-10T00:00:00+08:00,1717948800,24.9,7.72,6.09,425.3,5.3,3.01,0.211,0.055,1.32,,,Ⅱ
2024-06-10T04:00:00+08:00,1717963200,24.6,7.74,6.36,424.3,6.2,2.66,0.211,0.056,1.36,,,Ⅱ
2024-06-10T08:00:00+08:00,1717977600,24.5,7.59,5.05,425.2,6.9,3.06,0.219,0.058,1.38,,,Ⅲ
2024-06-10T12:00:00+08:00,1717992000,24.7,7.73,6.6,424.1,5.9,3.39,0.114,0.064,1.32,,,Ⅱ
2024-06-10T16:00:00+08:00,1718006400,25.0,7.98,8.31,423.2,6.2,3.4,0.164,0.055,1.31,,,Ⅱ
2024-06-10T20:00:00+08:00,1718020800,24.6,7.87,7.4,421.3,8.0,3.44,0.194,0.061,1.41,,,Ⅱ
2024-06-11T00:00:00+08:00,1718035200,24.4,7.88,7.38,420.5,8.0,3.44,0.194,0.061,1.41,,,Ⅱ
2024-06-11T04:00:00+08:00,1718049600,24.3,7.86,7.16,419.7,7.8,3.0,0.214,0.06,1.4,,,Ⅱ
2024-06-11T08:00:00+08:00,1718064000,24.3,7.72,6.18,418.6,6.5,3.41,0.238,0.059,1.5,,,Ⅱ
2024-06-11T12:00:00+08:00,1718078400,24.4,7.82,7.08,418.1,6.2,3.48,0.211,0.065,1.46,,,Ⅱ
2024-06-11T16:00:00+08:00,1718092800,24.4,7.63,5.53,417.5,8.4,3.7,0.219,0.06,1.44,,,Ⅲ
2024-06-11T20:00:00+08:00,1718107200,24.4,7.83,6.94,414.4,7.2,3.46,0.271,0.056,1.48,,,Ⅱ
2024-06-12T00:00:00+08:00,1718121600,24.2,7.74,6.36,414.2,7.7,3.46,0.271,0.056,1.48,,,Ⅱ
2024-06-12T04:00:00+08:00,1718136000,24.1,7.65,5.6,415.0,10.1,3.11,0.295,0.068,1.63,,,Ⅲ
2024-06-12T08:00:00+08:00,1718150400,24.1,7.59,5.06,415.2,7.7,3.47,0.268,0.059,1.51,,,Ⅲ
2024-06-12T12:00:00+08:00,1718164800,24.4,7.56,4.95,414.5,8.2,3.31,0.28,0.051,1.42,,,Ⅳ
2024-06-12T16:00:00+08:00,1718179200,24.8,7.76,6.57,417.6,7.4,3.34,0.223,0.054,1.35,,,Ⅱ
2024-06-13T08:00:00+08:00,1718236800,24.8,7.7,5.4,425.6,9.0,2.63,0.176,0.044,1.21,,,Ⅲ
2024-06-13T12:00:00+08:00,1718251200,25.4,7.71,5.66,426.3,8.7,3.06,0.154,0.046,1.16,,,Ⅲ
2024-06-13T16:00:00+08:00,1718265600,25.7,7.75,5.94,426.9,8.9,3.06,0.141,0.047,1.12,,,Ⅲ
2024-06-13T20:00:00+08:00,1718280000,26.1,7.97,7.37,428.0,8.1,2.95,0.145,0.046,1.15,,,Ⅱ
2024-06-14T00:00:00+08:00,1718294400,25.8,7.9,6.94,428.1,9.9,2.94,0.123,0.042,1.08,,,Ⅱ
2024-06-14T04:00:00+08:00,1718308800,25.6,7.85,6.53,426.7,8.3,3.01,0.151,0.048,1.14,,,Ⅱ
2024-06-14T08:00:00+08:00,1718323200,25.6,7.81,6.2,427.2,8.4,2.72,0.15,0.05,1.22,,,Ⅱ
2024-06-14T12:00:00+08:00,1718337600,26.0,7.92,7.0,426.4,8.4,3.26,0.142,0.052,1.18,,,Ⅱ
2024-06-14T16:00:00+08:00,1718352000,26.4,8.16,9.0,424.8,8.4,3.09,0.116,0.05,1.34,,,Ⅱ
2024-06-14T20:00:00+08:00,1718366400,26.4,8.03,7.83,427.2,8.8,3.23,0.085,0.048,1.04,,,Ⅱ
2024-06-15T00:00:00+08:00,1718380800,26.1,7.88,6.72,427.9,9.2,3.11,0.116,0.045,1.06,,,Ⅱ
2024-06-15T04:00:00+08:00,1718395200,25.9,7.85,6.3,428.5,8.9,3.01,0.131,0.047,1.1,,,Ⅱ
2024-06-15T08:00:00+08:00,1718409600,26.0,7.87,6.47,426.9,7.7,2.7,0.134,0.047,1.09,,,Ⅱ
2024-06-15T12:00:00+08:00,1718424000,26.8,7.97,7.32,428.3,8.2,3.29,0.115,0.049,1.1,,,Ⅱ
2024-06-15T16:00:00+08:00,1718438400,26.9,7.91,7.03,428.3,7.1,3.26,0.102,0.054,1.08,,,Ⅱ
2024-06-15T20:00:00+08:00,1718452800,27.5,8.17,8.38,429.1,9.2,3.12,0.121,0.045,1.07,,,Ⅱ
2024-06-16T00:00:00+08:00,1718467200,27.1,8.0,7.23,430.8,9.2,3.01,0.08,0.045,1.0,,,Ⅱ
2024-06-16T04:00:00+08:00,1718481600,26.9,7.92,6.56,430.4,9.4,3.02,0.103,0.045,1.05,,,Ⅱ
2024-06-16T08:00:00+08:00,1718496000,26.9,7.87,6.23,430.6,7.9,2.64,0.104,0.045,1.04,,,Ⅱ
2024-06-16T12:00:00+08:00,1718510400,27.4,7.8,6.06,430.3,6.8,3.25,0.097,0.048,1.05,,,Ⅱ
2024-06-16T16:00:00+08:00,1718524800,27.9,7.93,6.83,430.9,6.7,3.09,0.122,0.048,1.03,,,Ⅱ
2024-06-16T20:00:00+08:00,1718539200,27.8,8.32,9.48,428.0,6.8,2.94,0.117,0.045,1.03,,,Ⅱ
2024-06-17T00:00:00+08:00,1718553600,27.4,8.25,8.96,427.1,6.9,3.21,0.046,0.049,0.98,,,Ⅱ
2024-06-17T04:00:00+08:00,1718568000,27.1,8.14,8.08,424.9,7.4,3.36,0.056,0.05,,,,Ⅱ
2024-06-17T08:00:00+08:00,1718582400,27.0,7.95,6.96,425.2,7.9,3.19,0.069,0.053,1.1,,,Ⅱ
2024-06-17T12:00:00+08:00,1718596800,27.2,7.73,5.59,426.4,8.1,3.55,0.076,0.058,1.13,,,Ⅲ
2024-06-17T16:00:00+08:00,1718611200,27.6,7.94,7.14,427.8,6.7,3.34,0.119,0.054,1.1,,,Ⅱ
2024-06-17T20:00:00+08:00,1718625600,27.5,8.13,8.13,427.6,7.2,3.3,0.082,0.047,1.02,,,Ⅱ
2024-06-18T00:00:00+08:00,1718640000,27.0,7.71,5.28,427.5,8.2,3.37,0.056,0.048,1.03,,,Ⅲ
2024-06-18T04:00:00+08:00,1718654400,26.6,7.78,5.67,424.8,6.8,3.49,0.13,0.062,1.18,,,Ⅲ
2024-06-18T08:00:00+08:00,1718668800,26.5,7.77,5.63,422.0,11.2,3.64,0.108,0.07,1.2,,,Ⅲ
2024-06-18T12:00:00+08:00,1718683200,27.1,7.69,5.56,414.0,7.6,3.38,0.107,0.055,1.1,,,Ⅲ
2024-06-18T16:00:00+08:00,1718697600,27.9,8.19,9.33,416.9,8.2,3.63,0.096,0.059,1.09,,,Ⅱ
2024-06-18T20:00:00+08:00,1718712000,27.4,8.01,7.44,420.0,10.6,3.61,0.081,0.06,1.08,,,Ⅱ
2024-06-19T00:00:00+08:00,1718726400,27.0,8.07,7.79,419.3,10.8,3.61,0.081,0.06,1.08,,,Ⅱ
2024-06-19T04:00:00+08:00,1718740800,26.6,7.8,5.81,422.8,10.0,3.11,0.125,0.059,1.07,,,Ⅲ
2024-06-19T08:00:00+08:00,1718755200,26.4,7.69,4.98,419.7,8.9,3.33,0.155,0.057,1.14,,,Ⅳ
2024-06-19T12:00:00+08:00,1718769600,26.5,7.65,4.6,411.5,9.8,3.31,0.193,0.058,1.16,,,Ⅳ
2024-06-19T16:00:00+08:00,1718784000,26.5,7.63,4.4,415.6,9.9,3.31,0.193,0.058,1.16,,,Ⅳ
2024-06-19T20:00:00+08:00,1718798400,26.4,7.55,3.77,416.0,9.7,3.44,0.326,0.073,1.41,,,Ⅳ
2024-06-20T00:00:00+08:00,1718812800,26.3,7.56,3.8,413.9,9.1,3.44,0.326,0.073,1.41,,,Ⅳ
2024-06-20T04:00:00+08:00,1718827200,26.2,7.51,3.54,406.5,8.3,2.96,0.374,0.066,1.43,,,Ⅳ
2024-06-20T08:00:00+08:00,1718841600,26.2,7.46,3.09,404.5,8.9,3.49,0.387,0.07,1.52,,,Ⅳ
2024-06-20T12:00:00+08:00,1718856000,26.2,7.48,3.47,402.1,7.6,3.33,0.4,0.07,1.46,,,Ⅳ
2024-06-20T16:00:00+08:00,1718870400,26.3,7.38,2.4,402.1,8.2,3.35,0.504,0.076,1.57,,,Ⅴ
2024-06-20T20:00:00+08:00,1718884800,26.5,7.42,2.8,400.2,7.5,3.35,0.57,0.082,1.66,,,Ⅴ
2024-06-21T00:00:00+08:00,1718899200,26.5,7.32,1.5,402.7,5.9,3.35,0.57,0.082,1.66,,,劣Ⅴ
2024-06-21T04:00:00+08:00,1718913600,26.3,7.28,1.02,402.4,5.2,3.19,0.763,0.1,1.86,,,劣Ⅴ
2024-06-21T08:00:00+08:00,1718928000,26.3,7.29,1.27,397.2,5.0,3.58,0.728,0.099,1.85,,,劣Ⅴ
2024-06-21T12:00:00+08:00,1718942400,26.2,7.39,2.72,394.3,7.4,3.21,0.724,0.09,1.82,,,Ⅴ
2024-06-21T16:00:00+08:00,1718956800,26.2,7.31,2.1,390.5,7.6,3.4,0.928,0.116,2.13,,,Ⅴ
2024-06-21T20:00:00+08:00,1718971200,26.1,7.23,1.15,381.6,6.7,3.55,0.926,0.123,2.22,,,劣Ⅴ
2024-06-22T00:00:00+08:00,1718985600,26.1,7.21,0.96,363.8,7.5,3.33,0.891,0.123,2.14,,,劣Ⅴ
2024-06-22T04:00:00+08:00,1719000000,26.0,7.21,0.89,365.5,6.7,3.02,0.883,0.119,2.1,,,劣Ⅴ
2024-06-22T08:00:00+08:00,1719014400,26.1,7.2,0.69,374.1,6.2,3.59,0.909,0.125,2.19,,,劣Ⅴ
2024-06-22T12:00:00+08:00,1719028800,26.2,7.18,0.32,379.3,5.6,3.68,0.938,0.134,2.16,,,劣Ⅴ
2024-06-22T16:00:00+08:00,1719043200,26.5,7.24,1.16,377.7,4.2,3.54,0.949,0.128,2.12,,,劣Ⅴ
2024-06-22T20:00:00+08:00,1719057600,26.4,7.22,0.8,381.7,4.0,3.55,0.985,0.134,2.12,,,劣Ⅴ
2024-06-23T00:00:00+08:00,1719072000,26.1,7.23,1.07,374.7,5.8,3.47,0.973,0.136,2.09,,,劣Ⅴ
2024-06-23T04:00:00+08:00,1719086400,26.0,7.22,0.89,373.6,5.6,3.05,1.006,0.142,2.14,,,劣Ⅴ
2024-06-23T08:00:00+08:00,1719100800,25.9,7.21,0.91,368.3,4.9,3.49,1.017,0.14,2.21,,,劣Ⅴ
2024-06-23T12:00:00+08:00,1719115200,25.9,7.19,1.17,367.1,3.7,3.32,1.044,0.145,2.21,,,劣Ⅴ
2024-06-23T16:00:00+08:00,1719129600,25.6,7.22,1.22,362.5,5.2,3.35,1.277,0.167,2.51,,,劣Ⅴ
2024-06-23T20:00:00+08:00,1719144000,25.6,7.19,0.26,371.6,4.7,3.82,1.327,0.198,2.56,,,劣Ⅴ
2024-06-24T00:00:00+08:00,1719158400,25.5,7.22,0.4,389.9,6.0,3.62,1.212,0.178,2.52,,,劣Ⅴ
2024-06-24T04:00:00+08:00,1719172800,25.4,7.28,1.16,408.5,7.6,3.02,1.113,0.143,2.3,,,劣Ⅴ
2024-06-24T12:00:00+08:00,1719201600,25.7,7.28,1.22,409.4,4.5,3.57,1.152,0.15,2.41,,,劣Ⅴ
2024-06-24T16:00:00+08:00,1719216000,25.8,7.29,1.26,411.2,5.3,3.57,1.101,0.15,2.25,,,劣Ⅴ
2024-06-24T20:00:00+08:00,1719230400,25.8,7.35,1.92,412.3,5.3,3.3,1.108,0.145,2.16,,,劣Ⅴ
2024-06-25T00:00:00+08:00,1719244800,25.6,7.31,1.67,407.5,5.5,3.32,1.035,0.136,2.08,,,劣Ⅴ
2024-06-25T04:00:00+08:00,1719259200,25.3,7.26,2.02,389.8,7.7,3.34,1.135,0.148,2.21,,,Ⅴ
2024-06-25T12:00:00+08:00,1719288000,25.3,7.34,3.37,393.3,7.0,3.68,1.479,0.204,3.08,,,Ⅳ
2024-06-25T16:00:00+08:00,1719302400,25.2,7.34,3.55,397.4,7.5,4.03,1.414,0.21,3.1,,,Ⅳ
2024-06-25T20:00:00+08:00,1719316800,25.2,7.36,3.74,398.0,8.5,4.09,1.435,0.203,3.01,,,Ⅳ
2024-06-26T00:00:00+08:00,1719331200,25.0,7.31,2.73,398.0,9.4,4.3,1.472,0.201,3.16,,,Ⅴ
2024-06-26T04:00:00+08:00,1719345600,24.8,7.29,2.36,396.7,9.2,4.01,1.538,0.197,3.21,,,Ⅴ
2024-06-26T08:00:00+08:00,1719360000,24.8,7.27,2.13,395.9,9.2,3.46,1.5,0.194,3.2,,,Ⅴ
2024-06-26T12:00:00+08:00,1719374400,24.8,7.29,2.36,398.1,10.8,4.06,1.404,0.19,3.15,,,Ⅴ
2024-06-26T16:00:00+08:00,1719388800,24.7,7.34,3.2,374.8,18.5,4.57,1.238,0.18,3.79,,,Ⅳ
2024-06-26T20:00:00+08:00,1719403200,24.6,7.4,3.75,380.7,17.6,4.49,1.106,0.188,3.38,,,Ⅳ
2024-06-27T00:00:00+08:00,1719417600,24.5,7.37,3.56,378.6,17.8,4.49,1.106,0.188,3.38,,,Ⅳ
2024-06-27T04:00:00+08:00,1719432000,24.3,7.35,3.47,362.3,21.9,3.92,1.176,0.217,3.95,,,Ⅳ
2024-06-27T08:00:00+08:00,1719446400,24.1,7.32,2.75,386.1,15.3,4.46,1.2,0.21,3.81,,,Ⅴ
2024-06-27T12:00:00+08:00,1719460800,24.0,7.28,2.67,377.0,15.4,4.66,1.33,0.212,4.32,,,Ⅴ
2024-06-27T16:00:00+08:00,1719475200,24.1,7.28,2.92,368.7,14.8,4.84,1.275,0.206,4.45,,,Ⅴ
2024-06-27T20:00:00+08:00,1719489600,24.0,7.24,2.53,365.3,16.2,4.79,1.287,0.215,4.67,,,Ⅴ
2024-06-28T00:00:00+08:00,1719504000,23.8,7.2,2.21,360.7,16.2,4.73,1.333,0.206,4.88,,,Ⅴ
2024-06-28T04:00:00+08:00,1719518400,23.7,7.18,1.82,361.5,14.9,4.42,1.38,0.209,5.55,,,劣Ⅴ
2024-06-28T08:00:00+08:00,1719532800,23.7,7.18,1.74,368.1,14.0,4.42,1.38,0.209,5.55,,,劣Ⅴ
2024-06-28T12:00:00+08:00,1719547200,24.0,7.21,2.34,368.5,13.3,4.86,1.421,0.206,5.08,,,Ⅴ
2024-06-28T16:00:00+08:00,1719561600,24.2,7.26,2.9,371.9,13.5,4.8,1.348,0.2,4.82,,,Ⅴ
2024-06-28T20:00:00+08:00,1719576000,24.2,7.27,3.09,373.5,15.8,5.03,1.309,0.198,4.6,,,Ⅳ
2024-06-29T00:00:00+08:00,1719590400,24.2,7.31,3.45,372.7,17.0,5.22,1.332,0.204,4.93,,,Ⅳ
2024-06-29T04:00:00+08:00,1719604800,24.0,7.2,1.99,372.0,13.4,4.91,1.161,0.194,4.32,,,劣Ⅴ
2024-06-29T08:00:00+08:00,1719619200,24.0,7.18,1.53,376.1,10.4,4.55,1.344,0.214,4.85,,,劣Ⅴ
2024-06-29T12:00:00+08:00,1719633600,24.3,7.25,2.5,382.4,13.9,5.01,1.5,0.22,4.99,,,Ⅴ
2024-06-29T16:00:00+08:00,1719648000,24.7,7.34,3.46,387.8,15.5,4.98,1.282,0.214,4.44,,,Ⅳ
2024-06-29T20:00:00+08:00,1719662400,24.8,7.43,4.05,394.5,19.1,4.75,1.103,0.189,3.8,,,Ⅳ
2024-06-30T00:00:00+08:00,1719676800,24.6,7.26,2.76,391.1,14.8,4.66,0.871,0.165,3.19,,,Ⅴ
2024-06-30T04:00:00+08:00,1719691200,24.6,7.22,2.43,369.5,12.6,5.1,1.163,0.198,4.47,,,Ⅴ
2024-06-30T08:00:00+08:00,1719705600,24.5,7.27,3.11,340.5,21.6,4.44,1.228,0.19,4.34,,,Ⅳ
2024-06-30T12:00:00+08:00,1719720000,24.5,7.34,3.83,334.7,24.8,4.71,1.214,0.202,4.34,,,Ⅳ
2024-06-30T16:00:00+08:00,1719734400,24.2,7.36,4.15,308.9,28.1,4.62,0.994,0.196,4.0,,,Ⅳ
2024-06-30T20:00:00+08:00,1719748800,23.8,7.3,4.24,277.5,38.3,4.15,0.752,0.193,3.79,,,Ⅳ
2024-07-01T00:00:00+08:00,1719763200,23.6,7.24,4.16,258.7,39.3,4.06,0.573,0.206,5.29,,,Ⅳ
2024-07-01T04:00:00+08:00,1719777600,23.7,7.27,3.9,263.6,41.8,4.02,0.491,0.213,6.28,,,Ⅳ
2024-07-01T08:00:00+08:00,1719792000,23.6,7.2,3.82,256.2,43.7,3.7,0.433,0.202,5.28,,,Ⅳ
2024-07-01T12:00:00+08:00,1719806400,24.0,7.18,3.58,274.6,37.1,3.98,0.347,0.223,5.78,,,Ⅳ
2024-07-03T16:00:00+08:00,1719993600,27.7,7.18,2.66,301.7,15.2,4.37,0.752,0.209,3.86,,,Ⅴ
2024-07-03T20:00:00+08:00,1720008000,27.7,7.18,2.48,305.4,16.3,4.45,0.766,0.2,3.73,,,Ⅴ
2024-07-04T00:00:00+08:00,1720022400,27.6,7.16,2.22,304.6,17.0,4.45,0.766,0.2,3.73,,,Ⅴ
2024-07-04T04:00:00+08:00,1720036800,27.4,7.14,1.86,305.5,15.2,3.84,0.77,0.199,3.61,,,劣Ⅴ
2024-07-04T08:00:00+08:00,1720051200,27.3,7.14,1.8,306.9,13.6,4.22,0.748,0.197,3.44,,,劣Ⅴ
2024-07-04T12:00:00+08:00,1720065600,28.8,7.25,3.7,307.5,10.9,4.47,0.673,0.192,3.23,,,Ⅳ
2024-07-04T16:00:00+08:00,1720080000,29.7,7.46,7.03,309.1,12.5,4.91,0.612,0.191,3.21,,,Ⅲ
2024-07-04T20:00:00+08:00,1720094400,29.3,7.37,5.66,308.8,12.7,4.75,0.604,0.181,3.19,,,Ⅲ
2024-07-05T00:00:00+08:00,1720108800,29.0,7.29,4.32,310.9,14.1,4.75,0.604,0.181,3.19,,,Ⅳ
2024-07-05T04:00:00+08:00,1720123200,28.9,7.25,3.64,310.5,15.4,4.18,0.616,0.179,3.32,,,Ⅳ
2024-07-05T08:00:00+08:00,1720137600,28.9,7.26,3.92,308.5,15.8,4.7,0.538,0.182,3.34,,,Ⅳ
2024-07-05T16:00:00+08:00,1720166400,30.7,8.04,18.05,308.0,14.7,6.03,0.298,0.175,3.0,,,Ⅳ
2024-07-05T20:00:00+08:00,1720180800,30.6,7.93,15.5,309.2,15.0,5.7,0.261,0.16,2.85,,,Ⅲ
2024-07-06T00:00:00+08:00,1720195200,30.3,7.66,10.33,311.0,15.0,5.7,0.261,0.16,2.85,,,Ⅲ
2024-07-06T04:00:00+08:00,1720209600,30.3,7.6,9.52,311.0,13.7,4.68,0.274,0.15,2.82,,,Ⅲ
2024-07-06T08:00:00+08:00,1720224000,30.1,7.52,8.09,311.9,15.1,5.38,0.293,0.166,2.98,,,Ⅲ
2024-07-06T12:00:00+08:00,1720238400,30.7,8.05,16.84,309.7,14.5,6.21,0.156,0.172,2.81,,,Ⅳ
2024-07-06T16:00:00+08:00,1720252800,31.6,9.02,,306.0,12.1,7.34,0.067,0.169,2.62,,,
2024-07-06T20:00:00+08:00,1720267200,30.8,8.16,18.03,310.0,14.9,5.68,0.182,0.142,2.51,,,Ⅲ
2024-07-07T00:00:00+08:00,1720281600,30.6,7.9,13.48,311.6,14.1,5.68,0.182,0.142,2.51,,,Ⅲ
2024-07-07T04:00:00+08:00,1720296000,30.5,7.72,10.47,311.9,12.3,4.51,0.205,0.123,2.41,,,Ⅲ
2024-07-07T08:00:00+08:00,1720310400,30.4,7.62,9.07,312.4,12.5,5.14,0.214,0.14,2.55,,,Ⅲ
2024-07-07T12:00:00+08:00,1720324800,32.2,8.65,26.95,310.3,10.6,6.11,0.056,0.141,2.29,,,Ⅳ
2024-07-07T20:00:00+08:00,1720353600,32.6,8.93,25.21,306.3,9.0,6.48,0.038,0.13,2.13,,,Ⅳ
2024-07-08T00:00:00+08:00,1720368000,31.8,8.16,13.13,311.6,9.5,5.52,0.052,0.113,2.05,,,Ⅲ
2024-07-08T04:00:00+08:00,1720382400,31.6,8.11,11.94,310.2,8.7,5.52,0.052,0.113,2.05,,,Ⅲ
2024-07-08T08:00:00+08:00,1720396800,31.6,8.02,10.95,313.3,9.0,4.34,0.134,0.098,2.09,,,Ⅲ
2024-07-08T12:00:00+08:00,1720411200,32.8,8.68,17.01,312.6,7.7,5.19,0.14,0.127,2.32,,,Ⅲ
2024-07-08T16:00:00+08:00,1720425600,33.3,9.0,20.94,310.7,9.5,9.85,0.057,0.11,2.32,,,Ⅳ
2024-07-08T20:00:00+08:00,1720440000,33.0,8.79,17.62,307.6,8.9,5.76,0.054,0.12,1.74,,,Ⅲ
2024-07-09T00:00:00+08:00,1720454400,32.4,8.33,12.38,310.0,9.5,4.65,0.081,0.104,1.63,,,Ⅲ
2024-07-09T04:00:00+08:00,1720468800,32.0,7.93,10.08,311.8,11.0,4.65,0.081,0.104,1.63,,,Ⅲ
2024-07-09T08:00:00+08:00,1720483200,31.9,7.87,9.49,313.1,9.5,4.13,0.167,0.098,1.78,,,Ⅲ
2024-07-09T12:00:00+08:00,1720497600,32.1,8.03,10.22,312.7,9.7,4.36,0.171,0.109,1.29,,,Ⅲ
2024-07-09T16:00:00+08:00,1720512000,32.3,8.37,16.33,304.8,10.0,4.58,0.153,0.11,2.22,,,Ⅲ
2024-07-09T20:00:00+08:00,1720526400,31.8,7.8,9.5,311.6,11.4,5.04,0.116,0.116,2.21,,,Ⅲ
2024-07-10T00:00:00+08:00,1720540800,31.6,7.6,6.39,312.6,12.3,4.92,0.22,0.122,2.21,,,Ⅲ
2024-07-10T04:00:00+08:00,1720555200,31.3,7.5,5.19,313.3,13.3,4.92,0.22,0.122,2.21,,,Ⅲ
2024-07-10T08:00:00+08:00,1720569600,31.2,7.41,4.15,313.1,14.3,4.25,0.318,0.12,1.77,,,Ⅳ
2024-07-10T12:00:00+08:00,1720584000,31.0,7.4,4.01,313.3,15.3,4.21,0.354,0.135,1.77,,,Ⅳ
2024-07-10T16:00:00+08:00,1720598400,30.9,7.33,3.26,315.8,21.3,4.32,0.356,0.138,1.77,,,Ⅳ
2024-07-10T20:00:00+08:00,1720612800,30.2,7.49,4.53,306.2,26.4,4.53,0.483,0.169,1.77,,,Ⅳ
2024-07-11T00:00:00+08:00,1720627200,30.1,7.4,3.25,321.7,21.4,4.59,0.347,0.147,1.61,,,Ⅳ
2024-07-11T04:00:00+08:00,1720641600,29.8,7.29,2.07,326.0,17.3,4.72,0.507,0.157,1.63,,,Ⅴ
2024-07-11T08:00:00+08:00,1720656000,29.6,7.24,1.45,329.5,14.6,4.46,0.637,0.18,1.7,,,劣Ⅴ
2024-07-11T12:00:00+08:00,1720670400,29.5,7.23,1.41,329.5,14.6,4.37,0.77,0.186,1.79,,,劣Ⅴ
2024-07-11T16:00:00+08:00,1720684800,29.4,7.23,1.66,328.9,16.5,4.58,0.872,0.194,1.86,,,劣Ⅴ
2024-07-11T20:00:00+08:00,1720699200,29.2,7.22,1.44,331.3,15.4,4.72,0.877,0.194,1.77,,,劣Ⅴ
2024-07-12T00:00:00+08:00,1720713600,28.9,7.18,0.99,333.3,11.3,4.8,0.934,0.222,1.9,,,劣Ⅴ
2024-07-12T04:00:00+08:00,1720728000,28.7,7.18,0.6,337.2,8.0,4.64,1.011,0.201,1.9,,,劣Ⅴ
2024-07-12T08:00:00+08:00,1720742400,28.3,7.18,0.79,331.9,6.8,4.53,1.111,0.204,2.07,,,劣Ⅴ
2024-07-12T12:00:00+08:00,1720756800,28.0,7.21,1.37,323.1,12.4,4.52,1.208,0.21,2.12,,,劣Ⅴ
2024-07-12T16:00:00+08:00,1720771200,27.9,7.25,1.45,333.6,18.5,4.55,1.193,0.218,1.94,,,劣Ⅴ
2024-07-12T20:00:00+08:00,1720785600,27.8,7.23,1.25,338.8,15.5,4.65,1.19,0.242,1.95,,,劣Ⅴ
2024-07-13T04:00:00+08:00,1720814400,27.3,7.17,0.78,330.8,10.4,4.29,1.252,0.229,1.88,,,劣Ⅴ
2024-07-13T08:00:00+08:00,1720828800,27.1,7.16,0.68,334.1,10.8,4.2,1.299,0.229,2.19,,,劣Ⅴ
2024-07-13T12:00:00+08:00,1720843200,27.0,7.16,0.97,326.4,13.4,4.11,1.316,0.233,2.45,,,劣Ⅴ
2024-07-13T16:00:00+08:00,1720857600,27.4,7.18,1.27,330.0,17.5,4.25,1.296,0.23,2.32,,,劣Ⅴ
2024-07-13T20:00:00+08:00,1720872000,27.4,7.16,1.0,329.4,14.2,4.46,1.229,0.236,2.43,,,劣Ⅴ
2024-07-15T08:00:00+08:00,1721001600,27.1,7.11,0.43,332.0,6.2,4.34,1.424,0.221,2.47,,,劣Ⅴ
2024-07-15T12:00:00+08:00,1721016000,27.3,7.13,0.77,332.8,7.2,4.54,1.416,0.228,2.37,,,劣Ⅴ
2024-07-15T16:00:00+08:00,1721030400,27.9,7.16,1.49,334.5,14.0,4.7,1.416,0.239,2.33,,,劣Ⅴ
2024-07-15T20:00:00+08:00,1721044800,28.0,7.16,1.43,331.3,16.2,4.79,1.42,0.238,2.37,,,劣Ⅴ
2024-07-16T00:00:00+08:00,1721059200,27.9,7.16,1.22,334.6,15.2,4.72,1.391,,2.29,,,
2024-07-16T04:00:00+08:00,1721073600,27.7,7.14,0.83,335.8,9.6,4.51,1.414,,2.36,,,
2024-07-16T08:00:00+08:00,1721088000,27.8,7.14,0.88,337.5,7.5,4.58,1.386,0.241,2.26,,,劣Ⅴ
2024-07-16T12:00:00+08:00,1721102400,28.7,7.22,2.54,337.1,10.0,4.85,1.293,0.236,2.2,,,Ⅴ
2024-07-16T16:00:00+08:00,1721116800,29.6,7.36,5.19,337.3,15.5,5.74,1.23,0.242,1.98,,,Ⅳ
2024-07-16T20:00:00+08:00,1721131200,29.6,7.35,5.05,339.2,17.0,5.72,1.184,0.246,2.02,,,Ⅳ
2024-07-17T00:00:00+08:00,1721145600,29.5,7.29,3.87,341.2,22.0,5.5,1.17,0.228,1.99,,,Ⅳ
2024-07-17T04:00:00+08:00,1721160000,29.4,7.27,3.5,342.5,19.4,5.29,1.068,0.217,2.11,,,Ⅳ
2024-07-17T08:00:00+08:00,1721174400,29.1,7.25,3.01,342.9,17.5,5.03,1.048,0.204,1.88,,,Ⅳ
2024-07-17T12:00:00+08:00,1721188800,29.5,7.3,4.12,342.5,16.1,5.35,0.956,0.197,2.07,,,Ⅳ
2024-07-17T16:00:00+08:00,1721203200,30.3,7.68,10.05,341.5,16.2,6.54,0.824,0.197,1.87,,,Ⅳ
2024-07-17T20:00:00+08:00,1721217600,30.2,7.61,8.84,342.4,13.4,6.09,0.806,0.176,1.71,,,Ⅳ
2024-07-18T00:00:00+08:00,1721232000,30.0,7.37,5.24,343.3,14.8,5.48,0.915,0.169,1.79,,,Ⅲ
2024-07-18T04:00:00+08:00,1721246400,29.8,7.3,3.88,344.1,16.6,5.11,0.929,0.168,1.82,,,Ⅳ
2024-07-18T08:00:00+08:00,1721260800,29.8,7.27,3.62,343.4,17.6,5.36,0.877,0.186,1.91,,,Ⅳ
2024-07-18T12:00:00+08:00,1721275200,30.6,7.38,5.86,343.3,15.8,5.53,0.814,0.172,1.75,,,Ⅲ
2024-07-18T16:00:00+08:00,1721289600,31.2,7.78,11.82,343.2,15.8,6.45,0.68,0.173,1.58,,,Ⅳ
2024-07-18T20:00:00+08:00,1721304000,31.2,7.7,10.62,343.0,13.7,6.07,0.622,0.155,1.42,,,Ⅳ
2024-07-19T00:00:00+08:00,1721318400,30.8,7.47,6.93,343.1,15.3,5.5,0.653,0.147,1.56,,,Ⅲ
2024-07-19T04:00:00+08:00,1721332800,30.6,7.35,5.0,342.8,16.3,5.2,0.662,0.149,1.57,,,Ⅲ
2024-07-19T08:00:00+08:00,1721347200,30.6,7.29,4.16,342.6,19.3,5.16,0.638,0.154,1.64,,,Ⅳ
2024-07-19T12:00:00+08:00,1721361600,32.6,7.76,11.35,343.7,12.6,5.65,0.485,0.144,1.35,,,Ⅲ
2024-07-19T16:00:00+08:00,1721376000,33.3,8.23,18.55,341.9,11.7,6.14,0.397,0.138,1.29,,,Ⅳ
2024-07-20T00:00:00+08:00,1721404800,31.9,7.68,9.89,341.9,8.3,5.11,0.41,0.111,1.12,,,Ⅲ
2024-07-20T04:00:00+08:00,1721419200,31.5,7.43,6.04,343.2,9.3,4.74,0.506,0.114,1.27,,,Ⅲ
2024-07-20T08:00:00+08:00,1721433600,31.3,7.34,4.67,344.0,11.6,4.72,0.543,0.122,1.36,,,Ⅳ
2024-07-20T12:00:00+08:00,1721448000,32.1,7.5,7.05,345.6,11.6,5.16,0.463,0.131,1.3,,,Ⅲ
2024-07-20T16:00:00+08:00,1721462400,33.1,7.76,11.05,346.0,11.4,5.42,0.401,0.128,1.3,,,Ⅲ
2024-07-20T20:00:00+08:00,1721476800,32.6,7.58,8.39,345.9,10.3,5.02,0.436,0.115,1.19,,,Ⅲ
2024-07-21T00:00:00+08:00,1721491200,31.9,7.32,4.28,347.8,16.6,4.76,0.576,0.122,1.35,,,Ⅳ
2024-07-21T04:00:00+08:00,1721505600,31.7,7.27,3.27,347.1,16.5,4.5,0.584,0.126,1.39,,,Ⅳ
2024-07-21T08:00:00+08:00,1721520000,31.6,7.25,2.89,346.2,19.3,4.51,0.559,0.131,1.37,,,Ⅴ
2024-07-21T12:00:00+08:00,1721534400,32.3,7.36,3.83,352.1,15.9,4.57,0.536,0.129,1.19,,,Ⅳ
2024-07-22T08:00:00+08:00,1721606400,31.9,7.28,2.68,358.5,21.4,4.68,0.518,0.134,1.29,,,Ⅴ
2024-07-22T12:00:00+08:00,1721620800,32.6,7.24,3.07,346.2,20.0,4.65,0.539,0.139,1.31,,,Ⅳ
2024-07-22T16:00:00+08:00,1721635200,33.4,7.41,4.93,351.5,23.4,4.81,0.554,0.144,1.17,,,Ⅳ
2024-07-22T20:00:00+08:00,1721649600,33.4,7.42,5.23,350.5,24.4,5.3,0.465,0.143,1.24,,,Ⅲ
2024-07-23T04:00:00+08:00,1721678400,32.6,7.34,3.65,351.3,22.4,5.16,0.421,0.136,1.07,,,Ⅳ
2024-07-23T08:00:00+08:00,1721692800,32.2,7.29,2.7,354.2,21.9,4.98,0.472,0.141,1.08,,,Ⅴ
2024-07-23T12:00:00+08:00,1721707200,32.9,7.34,3.74,351.6,20.3,4.85,0.52,0.139,1.24,,,Ⅳ
2024-07-23T16:00:00+08:00,1721721600,33.7,7.59,7.82,349.7,22.3,5.08,0.449,0.141,0.99,,,Ⅲ
2024-07-23T20:00:00+08:00,1721736000,33.5,7.5,6.26,351.1,23.6,5.79,0.355,0.141,1.1,,,Ⅲ
2024-07-24T04:00:00+08:00,1721764800,32.8,7.46,4.67,359.5,25.9,5.45,0.385,0.135,0.98,,,Ⅳ
2024-07-24T08:00:00+08:00,1721779200,32.3,7.42,3.94,359.4,25.1,5.19,0.379,0.138,1.01,,,Ⅳ
2024-07-24T12:00:00+08:00,1721793600,32.9,7.49,4.9,357.9,25.5,5.08,0.375,0.142,1.04,,,Ⅳ
2024-07-24T16:00:00+08:00,1721808000,33.6,7.9,9.7,355.5,19.7,5.21,0.331,0.136,0.86,,,Ⅲ
2024-07-24T20:00:00+08:00,1721822400,32.8,7.46,4.76,356.6,19.6,5.85,0.23,0.135,0.81,,,Ⅳ
2024-07-25T04:00:00+08:00,1721851200,32.2,7.41,3.48,358.6,27.9,5.2,0.396,0.128,0.89,,,Ⅳ
2024-07-25T08:00:00+08:00,1721865600,32.0,7.34,2.66,358.8,27.5,5.13,0.41,0.143,1.01,,,Ⅴ
2024-07-25T12:00:00+08:00,1721880000,32.2,7.36,2.78,358.8,22.2,4.94,0.468,0.135,1.15,,,Ⅴ
2024-07-25T16:00:00+08:00,1721894400,32.2,7.33,2.5,361.2,20.7,5.01,0.502,0.133,1.03,,,Ⅴ
2024-07-25T20:00:00+08:00,1721908800,32.1,7.35,2.92,361.7,16.4,4.97,0.636,0.145,1.11,,,Ⅴ
2024-07-26T04:00:00+08:00,1721937600,31.4,7.25,1.02,364.1,15.7,4.83,0.708,0.148,1.1,,,劣Ⅴ
2024-07-26T08:00:00+08:00,1721952000,31.2,7.26,1.16,364.0,20.4,4.51,0.796,0.15,1.17,,,劣Ⅴ
2024-07-26T12:00:00+08:00,1721966400,31.0,7.27,1.11,357.5,19.7,4.62,0.747,0.15,1.27,,,劣Ⅴ
2024-07-26T16:00:00+08:00,1721980800,30.9,7.25,0.74,356.2,14.7,4.78,0.792,0.151,1.38,,,劣Ⅴ
2024-07-26T20:00:00+08:00,1721995200,30.7,7.22,0.31,357.1,12.5,4.71,0.851,0.153,1.16,,,劣Ⅴ
2024-07-27T00:00:00+08:00,1722009600,30.2,7.26,0.58,364.1,16.3,4.84,1.26,0.191,1.71,,,劣Ⅴ
2024-07-27T04:00:00+08:00,1722024000,29.9,7.3,0.72,365.2,20.0,4.84,1.26,0.191,1.71,,,劣Ⅴ
2024-07-27T08:00:00+08:00,1722038400,29.8,7.32,1.09,361.5,25.5,4.62,1.335,0.198,1.84,,,劣Ⅴ
2024-07-27T12:00:00+08:00,1722052800,30.2,7.29,0.66,362.2,22.8,4.64,1.044,0.182,1.62,,,劣Ⅴ
2024-07-27T16:00:00+08:00,1722067200,30.4,7.36,1.58,362.4,19.3,4.73,1.083,0.189,1.49,,,劣Ⅴ
2024-07-27T20:00:00+08:00,1722081600,30.0,7.32,1.03,363.6,17.0,4.62,0.979,0.172,1.43,,,劣Ⅴ
2024-07-28T00:00:00+08:00,1722096000,29.8,7.3,0.31,365.6,15.6,4.61,1.218,0.2,1.63,,,劣Ⅴ
2024-07-28T04:00:00+08:00,1722110400,29.6,7.31,0.3,366.4,14.0,4.61,1.218,0.2,1.63,,,劣Ⅴ
2024-07-28T08:00:00+08:00,1722124800,29.4,7.31,0.48,366.0,14.8,4.32,1.267,0.209,1.69,,,劣Ⅴ
2024-07-29T08:00:00+08:00,1722211200,29.4,7.35,0.98,377.7,15.0,3.82,0.995,0.174,1.12,,,劣Ⅴ
2024-07-29T12:00:00+08:00,1722225600,30.1,7.37,1.33,378.9,17.7,3.67,0.848,0.167,0.99,,,劣Ⅴ
2024-07-29T20:00:00+08:00,1722254400,31.5,7.54,3.89,377.0,14.0,4.58,0.866,0.181,1.06,,,Ⅳ
2024-07-30T04:00:00+08:00,1722283200,30.6,7.42,2.13,377.0,11.7,3.98,0.79,0.156,0.94,,,Ⅴ
2024-07-30T08:00:00+08:00,1722297600,30.4,7.45,2.74,376.0,10.1,3.86,0.824,0.158,1.01,,,Ⅴ
2024-07-30T12:00:00+08:00,1722312000,30.8,7.44,2.58,376.5,13.8,4.08,0.9,0.173,1.12,,,Ⅴ
2024-07-30T16:00:00+08:00,1722326400,31.7,7.81,6.45,377.5,15.0,4.21,0.79,0.174,0.94,,,Ⅲ
2024-07-31T12:00:00+08:00,1722398400,31.5,7.89,5.99,378.3,11.6,3.68,0.373,0.125,0.44,,,Ⅲ
2024-07-31T20:00:00+08:00,1722427200,32.2,7.94,5.9,379.4,13.1,4.51,0.437,0.14,0.56,,,Ⅲ
2024-08-01T04:00:00+08:00,1722456000,31.5,7.78,3.31,378.1,12.8,3.65,0.148,0.1,0.05,,,Ⅳ
2024-08-01T08:00:00+08:00,1722470400,31.4,7.62,2.89,377.2,10.4,3.2,0.167,0.092,0.1,,,Ⅴ
2024-08-01T12:00:00+08:00,1722484800,32.0,7.66,3.47,376.4,11.2,3.31,0.255,0.098,0.35,,,Ⅳ
2024-08-01T16:00:00+08:00,1722499200,34.2,9.24,,369.3,15.5,3.5,0.199,0.102,0.18,,,
2024-08-01T20:00:00+08:00,1722513600,33.2,8.62,15.24,370.3,15.2,7.08,0.279,0.175,1.83,,,Ⅳ
2024-08-02T04:00:00+08:00,1722542400,32.7,8.22,9.45,369.7,10.8,4.8,0.31,0.129,1.38,,,Ⅲ
2024-08-02T12:00:00+08:00,1722571200,32.7,7.56,5.09,367.5,16.8,5.07,0.476,0.161,1.83,,,Ⅲ
2024-08-02T16:00:00+08:00,1722585600,34.9,8.93,24.13,367.4,11.2,4.94,0.581,0.159,1.94,,,Ⅲ
2024-08-02T20:00:00+08:00,1722600000,34.3,8.77,19.52,368.3,11.1,6.32,0.253,0.153,1.67,,,Ⅳ
2024-08-03T04:00:00+08:00,1722628800,33.4,7.71,6.32,369.4,10.8,5.37,0.256,0.129,1.54,,,Ⅲ
2024-08-03T08:00:00+08:00,1722643200,33.2,7.74,6.56,368.4,9.3,4.71,0.432,0.129,1.68,,,Ⅲ
2024-08-03T12:00:00+08:00,1722657600,33.7,7.6,6.02,367.0,12.4,4.76,0.428,0.128,1.67,,,Ⅲ
2024-08-03T16:00:00+08:00,1722672000,34.1,7.9,7.8,369.2,13.6,4.88,0.464,0.141,1.78,,,Ⅲ
2024-08-03T20:00:00+08:00,1722686400,33.8,7.93,5.79,368.3,12.7,5.02,0.386,0.137,1.68,,,Ⅲ
2024-08-04T04:00:00+08:00,1722715200,33.1,7.75,3.77,367.6,19.1,3.79,0.257,0.103,1.0,,,Ⅳ
2024-08-04T08:00:00+08:00,1722729600,33.0,7.85,4.23,367.1,18.7,3.46,0.19,0.096,0.85,,,Ⅳ
2024-08-05T08:00:00+08:00,1722816000,33.1,7.78,3.63,364.4,22.3,3.44,0.174,0.086,0.81,,,Ⅳ
2024-08-05T12:00:00+08:00,1722830400,33.5,7.71,3.33,363.9,18.3,3.48,0.184,0.091,0.85,,,Ⅳ
2024-08-05T20:00:00+08:00,1722859200,33.9,8.09,5.22,364.0,13.0,3.53,0.148,0.083,0.76,,,Ⅲ
2024-08-06T00:00:00+08:00,1722873600,33.4,7.81,3.72,364.2,17.7,3.44,0.104,0.074,0.63,,,Ⅳ
2024-08-06T04:00:00+08:00,1722888000,33.2,7.74,3.27,364.2,22.5,3.52,0.165,0.08,0.79,,,Ⅳ
2024-08-06T08:00:00+08:00,1722902400,33.1,7.86,3.88,362.4,21.3,3.5,0.195,0.088,0.86,,,Ⅳ
2024-08-06T12:00:00+08:00,1722916800,33.6,7.91,4.28,361.6,18.2,3.41,0.16,0.086,0.81,,,Ⅳ
2024-08-06T16:00:00+08:00,1722931200,33.8,7.97,4.73,360.8,17.2,3.49,0.134,0.082,0.7,,,Ⅳ
2024-08-06T20:00:00+08:00,1722945600,33.4,7.89,4.18,362.1,18.7,3.68,0.134,0.081,0.73,,,Ⅳ
2024-08-07T00:00:00+08:00,1722960000,33.0,7.99,4.49,360.8,21.1,3.57,0.147,0.08,0.75,,,Ⅳ
2024-08-07T04:00:00+08:00,1722974400,32.9,8.01,4.4,361.2,21.2,3.55,0.13,0.084,0.75,,,Ⅳ
2024-08-07T08:00:00+08:00,1722988800,32.7,7.9,4.0,360.6,21.1,3.54,0.133,0.081,0.76,,,Ⅳ
2024-08-07T16:00:00+08:00,1723017600,33.2,7.72,2.96,359.2,19.6,3.66,0.171,0.086,0.81,,,Ⅴ
2024-08-07T20:00:00+08:00,1723032000,33.3,8.02,4.61,359.7,17.9,3.63,0.208,0.085,0.87,,,Ⅳ
2024-08-08T00:00:00+08:00,1723046400,33.0,7.84,3.72,359.3,19.6,3.68,0.109,0.08,0.74,,,Ⅳ
2024-08-08T04:00:00+08:00,1723060800,33.0,7.94,4.0,359.1,20.8,3.65,0.145,0.082,0.77,,,Ⅳ
2024-08-08T20:00:00+08:00,1723118400,33.3,8.01,4.51,357.7,19.8,3.81,0.101,0.077,0.72,,,Ⅳ
2024-08-09T00:00:00+08:00,1723132800,33.1,8.05,4.56,357.0,20.9,3.79,0.116,0.081,0.77,,,Ⅳ
2024-08-09T04:00:00+08:00,1723147200,32.8,8.01,4.23,356.8,20.2,3.75,0.121,0.076,0.82,,,Ⅳ
2024-08-10T12:00:00+08:00,1723262400,33.1,7.64,2.72,356.0,19.3,3.71,0.163,0.079,0.87,,,Ⅴ
2024-08-11T20:00:00+08:00,1723377600,33.7,7.9,4.57,354.2,21.5,4.02,0.138,0.112,1.08,,,Ⅳ
2024-08-12T00:00:00+08:00,1723392000,33.5,7.9,4.5,352.3,20.4,4.02,0.157,0.103,1.07,,,Ⅳ
2024-08-12T04:00:00+08:00,1723406400,33.2,7.87,4.18,352.7,18.4,4.08,0.147,0.097,1.08,,,Ⅳ
2024-08-12T12:00:00+08:00,1723435200,33.5,7.68,3.52,350.4,16.7,3.86,0.201,0.096,1.15,,,Ⅳ
2024-08-13T04:00:00+08:00,1723492800,33.0,7.89,4.28,349.0,18.0,4.11,0.116,0.076,0.84,,,Ⅳ
2024-08-13T08:00:00+08:00,1723507200,32.9,7.83,4.02,348.9,20.2,3.92,0.152,0.095,1.04,,,Ⅳ
2024-08-13T16:00:00+08:00,1723536000,32.5,7.78,4.13,342.1,17.8,4.13,0.194,0.093,1.05,,,Ⅳ
2024-08-13T20:00:00+08:00,1723550400,32.2,7.64,3.44,339.5,19.2,4.26,0.349,0.09,1.24,,,Ⅳ
2024-08-14T04:00:00+08:00,1723579200,31.8,7.55,2.46,338.0,17.9,3.98,0.426,0.097,1.52,,,Ⅴ
2024-08-14T12:00:00+08:00,1723608000,32.4,7.65,3.08,346.6,14.8,3.91,0.358,0.088,1.2,,,Ⅳ
2024-08-14T16:00:00+08:00,1723622400,32.3,7.62,2.88,344.5,18.4,3.98,0.389,0.091,1.31,,,Ⅴ
2024-08-14T20:00:00+08:00,1723636800,32.2,7.67,3.25,345.6,18.0,4.3,0.348,0.084,1.22,,,Ⅳ
2024-08-15T00:00:00+08:00,1723651200,32.1,7.66,3.04,347.5,17.8,4.3,0.348,0.084,1.22,,,Ⅳ
2024-08-15T04:00:00+08:00,1723665600,31.9,7.64,2.62,349.2,16.1,3.94,0.337,0.083,1.18,,,Ⅴ
2024-08-15T12:00:00+08:00,1723694400,31.9,7.66,2.84,348.9,13.9,3.97,0.294,0.079,1.06,,,Ⅴ
2024-08-15T16:00:00+08:00,1723708800,32.0,7.56,3.19,340.3,18.0,4.19,0.306,0.084,1.13,,,Ⅳ
2024-08-15T20:00:00+08:00,1723723200,31.8,7.68,3.3,344.8,18.7,4.2,0.315,0.084,1.2,,,Ⅳ
2024-08-16T00:00:00+08:00,1723737600,31.6,7.65,2.95,345.9,20.2,4.2,0.315,0.084,1.2,,,Ⅴ
2024-08-16T04:00:00+08:00,1723752000,31.4,7.75,3.13,346.4,16.0,3.99,0.206,0.086,1.08,,,Ⅳ
2024-08-16T08:00:00+08:00,1723766400,31.3,7.78,3.32,346.0,13.8,3.92,0.186,0.079,0.99,,,Ⅳ
2024-08-16T12:00:00+08:00,1723780800,31.6,7.87,3.97,346.6,12.9,4.17,0.18,0.079,0.97,,,Ⅳ
2024-08-16T16:00:00+08:00,1723795200,31.3,7.83,4.1,338.1,18.4,4.32,0.216,0.089,1.08,,,Ⅳ
2024-08-16T20:00:00+08:00,1723809600,31.1,7.57,2.37,337.0,14.9,4.68,0.452,0.114,1.6,,,Ⅴ
2024-08-17T04:00:00+08:00,1723838400,30.5,7.52,2.03,327.0,14.4,3.91,0.462,0.088,1.51,,,Ⅴ
2024-08-17T08:00:00+08:00,1723852800,30.6,7.55,2.13,339.2,16.6,4.01,0.439,0.089,1.45,,,Ⅴ
2024-08-17T12:00:00+08:00,1723867200,31.3,7.61,2.89,342.3,12.5,4.01,0.457,0.08,1.33,,,Ⅴ
2024-08-17T16:00:00+08:00,1723881600,31.1,7.54,2.19,342.3,16.3,4.13,0.556,0.086,1.45,,,Ⅴ
2024-08-17T20:00:00+08:00,1723896000,31.2,7.58,2.5,342.6,14.9,4.14,0.551,0.089,1.44,,,Ⅴ
2024-08-18T20:00:00+08:00,1723982400,31.4,7.8,3.91,347.3,16.4,4.29,0.296,0.085,1.08,,,Ⅳ
2024-08-19T00:00:00+08:00,1723996800,31.4,7.83,3.72,347.1,15.7,4.38,0.337,0.089,1.19,,,Ⅳ
2024-08-19T04:00:00+08:00,1724011200,31.3,7.75,2.86,347.4,14.3,4.23,0.321,0.084,1.18,,,Ⅴ
2024-08-19T08:00:00+08:00,1724025600,31.1,7.75,3.11,346.5,15.9,3.93,0.303,0.082,1.08,,,Ⅳ
2024-08-19T12:00:00+08:00,1724040000,31.7,7.89,4.17,346.1,14.2,4.06,0.282,0.087,1.13,,,Ⅳ
2024-08-19T16:00:00+08:00,1724054400,31.7,7.85,4.13,345.9,17.3,4.06,0.244,0.081,1.0,,,Ⅳ
2024-08-19T20:00:00+08:00,1724068800,31.6,7.93,4.51,346.1,17.8,4.17,0.276,0.089,1.11,,,Ⅳ
2024-08-20T00:00:00+08:00,1724083200,30.6,8.08,7.16,0.2,1.5,4.37,0.27,0.087,1.12,,,Ⅲ
2024-08-20T04:00:00+08:00,1724097600,31.3,7.83,3.73,345.9,15.0,4.37,0.051,,1.12,,,
2024-08-20T08:00:00+08:00,1724112000,31.2,7.79,3.18,344.9,17.0,4.2,0.205,0.088,1.07,,,Ⅳ
2024-08-20T12:00:00+08:00,1724126400,31.5,7.82,3.7,344.1,17.1,4.06,0.236,0.088,1.1,,,Ⅳ
2024-08-20T16:00:00+08:00,1724140800,32.0,7.95,4.63,343.5,15.2,4.42,0.228,0.091,1.13,,,Ⅳ
2024-08-21T04:00:00+08:00,1724184000,31.3,7.69,2.85,344.7,12.5,4.16,0.232,0.081,1.0,,,Ⅴ
2024-08-21T08:00:00+08:00,1724198400,31.2,7.55,1.81,349.4,16.9,3.89,0.228,0.08,0.99,,,劣Ⅴ
2024-08-21T12:00:00+08:00,1724212800,31.6,7.76,3.14,345.6,16.0,4.07,0.461,0.103,1.36,,,Ⅳ
2024-08-21T16:00:00+08:00,1724227200,31.3,7.78,3.3,343.3,19.0,4.07,0.268,0.085,1.06,,,Ⅳ
2024-08-21T20:00:00+08:00,1724241600,31.1,7.63,2.47,343.3,15.3,4.1,0.199,0.08,0.98,,,Ⅴ
2024-08-22T00:00:00+08:00,1724256000,30.9,7.74,3.16,343.7,18.8,3.9,0.253,0.075,0.96,,,Ⅳ
2024-08-22T04:00:00+08:00,1724270400,30.7,7.67,2.52,344.6,17.4,4.09,0.201,0.084,0.98,,,Ⅴ
2024-08-22T08:00:00+08:00,1724284800,30.6,7.82,3.22,342.6,17.5,3.97,0.223,0.088,1.1,,,Ⅳ
2024-08-22T16:00:00+08:00,1724313600,31.7,8.2,5.52,343.2,15.1,4.0,0.175,0.081,0.96,,,Ⅲ
2024-08-22T20:00:00+08:00,1724328000,31.5,8.18,5.34,344.3,17.4,4.37,0.097,0.077,0.85,,,Ⅲ
2024-08-23T00:00:00+08:00,1724342400,31.3,7.9,3.97,346.2,15.8,4.38,0.079,0.076,0.84,,,Ⅳ
2024-08-23T04:00:00+08:00,1724356800,31.1,7.87,3.33,347.3,16.6,4.18,0.222,0.08,1.04,,,Ⅳ
2024-08-23T08:00:00+08:00,1724371200,31.1,7.8,3.02,347.3,18.2,4.04,0.237,0.084,1.03,,,Ⅳ
2024-08-23T12:00:00+08:00,1724385600,31.4,7.74,3.03,345.6,16.9,4.21,0.239,0.088,1.1,,,Ⅳ
2024-08-23T16:00:00+08:00,1724400000,32.1,8.15,5.71,340.4,14.3,4.14,0.253,0.092,1.04,,,Ⅲ
2024-08-23T20:00:00+08:00,1724414400,32.0,8.19,5.46,344.3,15.6,4.47,0.156,0.084,0.94,,,Ⅲ
2024-08-24T00:00:00+08:00,1724428800,31.7,7.95,3.96,344.6,17.1,4.33,0.124,0.079,0.9,,,Ⅳ
2024-08-24T04:00:00+08:00,1724443200,31.6,7.99,3.89,344.4,15.7,4.32,0.163,0.081,0.92,,,Ⅳ
2024-08-24T08:00:00+08:00,1724457600,31.4,7.97,4.12,343.7,17.0,3.92,0.137,0.075,0.91,,,Ⅳ
2024-08-24T12:00:00+08:00,1724472000,31.2,7.9,7.2,0.2,1.4,3.94,0.116,0.086,0.95,,,Ⅱ
2024-08-24T16:00:00+08:00,1724486400,32.5,8.46,6.75,341.5,14.9,3.94,0.054,,0.95,,,
2024-08-24T20:00:00+08:00,1724500800,32.4,8.39,6.19,341.9,13.9,4.82,0.067,0.084,0.89,,,Ⅲ
2024-08-25T00:00:00+08:00,1724515200,31.9,7.93,4.12,339.6,17.1,4.3,0.066,0.076,0.86,,,Ⅳ
2024-08-25T16:00:00+08:00,1724572800,32.2,7.95,4.48,338.5,15.5,4.36,0.138,0.078,0.88,,,Ⅳ
2024-08-26T08:00:00+08:00,1724630400,31.5,7.85,3.62,336.1,17.5,,,,,,,
2024-08-26T12:00:00+08:00,1724644800,31.9,7.75,3.31,336.1,18.8,4.58,0.137,0.082,0.98,,,Ⅳ
2024-08-26T16:00:00+08:00,1724659200,31.9,7.78,3.63,334.1,17.6,4.02,0.173,0.086,0.99,,,Ⅳ
2024-08-26T20:00:00+08:00,1724673600,32.4,8.3,6.04,334.0,13.9,4.17,0.141,0.084,1.03,,,Ⅲ
2024-08-27T00:00:00+08:00,1724688000,32.0,7.83,3.84,334.2,16.5,4.44,0.048,0.077,0.94,,,Ⅳ
2024-08-27T04:00:00+08:00,1724702400,31.9,7.89,3.7,333.5,16.5,4.35,0.114,0.078,1.02,,,Ⅳ
2024-08-27T08:00:00+08:00,1724716800,31.8,7.78,3.26,333.0,18.3,4.17,0.103,0.077,1.0,,,Ⅳ
2024-08-27T12:00:00+08:00,1724731200,32.3,7.87,3.89,332.3,15.9,4.3,0.129,0.085,1.04,,,Ⅳ
2024-08-27T16:00:00+08:00,1724745600,31.8,7.84,3.71,331.8,18.6,4.58,0.111,0.091,1.06,,,Ⅳ
2024-08-27T20:00:00+08:00,1724760000,31.6,7.61,2.49,332.7,16.3,4.63,0.118,0.089,1.12,,,Ⅴ
2024-08-28T00:00:00+08:00,1724774400,31.6,8.0,3.62,330.9,20.1,4.17,0.233,0.078,1.1,,,Ⅳ
2024-08-28T04:00:00+08:00,1724788800,31.4,8.0,3.05,331.0,18.9,4.52,0.138,0.083,1.04,,,Ⅳ
2024-08-28T08:00:00+08:00,1724803200,31.1,7.73,2.94,329.9,18.8,4.52,0.163,0.088,1.11,,,Ⅴ
2024-08-28T12:00:00+08:00,1724817600,31.4,7.81,3.42,329.1,17.4,4.38,0.151,0.083,1.07,,,Ⅳ
2024-08-28T16:00:00+08:00,1724832000,31.5,8.0,4.16,329.4,16.1,4.46,0.144,0.083,1.04,,,Ⅳ
2024-08-28T20:00:00+08:00,1724846400,31.3,8.0,3.6,329.1,15.6,4.64,0.13,0.082,1.0,,,Ⅳ
2024-08-29T00:00:00+08:00,1724860800,31.1,8.0,2.99,329.1,16.5,4.49,0.128,0.082,0.98,,,Ⅴ
2024-08-29T04:00:00+08:00,1724875200,30.9,8.0,2.79,329.9,18.9,4.51,0.166,0.081,1.01,,,Ⅴ
2024-08-29T08:00:00+08:00,1724889600,30.7,8.0,3.16,329.9,19.0,4.24,0.168,0.082,1.03,,,Ⅳ
2024-08-29T12:00:00+08:00,1724904000,31.2,8.0,3.44,329.8,15.9,4.15,0.146,0.081,0.95,,,Ⅳ
2024-08-29T16:00:00+08:00,1724918400,31.5,8.0,3.95,329.4,15.3,4.26,0.13,0.077,0.95,,,Ⅳ
2024-08-29T20:00:00+08:00,1724932800,31.1,8.0,3.07,329.8,16.8,4.54,0.119,0.076,1.01,,,Ⅳ
2024-08-30T00:00:00+08:00,1724947200,30.9,8.0,2.86,330.9,16.5,4.42,0.15,0.075,0.98,,,Ⅴ
2024-08-30T04:00:00+08:00,1724961600,30.7,8.0,3.14,331.3,18.9,4.43,0.158,0.078,0.97,,,Ⅳ
2024-08-30T08:00:00+08:00,1724976000,30.6,8.0,3.17,331.4,18.5,4.36,0.135,0.078,0.97,,,Ⅳ
2024-08-30T12:00:00+08:00,1724990400,31.0,8.0,3.78,331.1,15.5,4.38,0.144,0.081,0.97,,,Ⅳ
2024-08-30T16:00:00+08:00,1725004800,31.0,8.0,2.78,330.3,16.7,4.36,0.173,0.076,1.04,,,Ⅴ
2024-09-02T08:00:00+08:00,1725235200,31.2,8.0,2.9,329.9,14.7,4.25,0.15,0.076,0.98,,,Ⅴ
2024-09-02T12:00:00+08:00,1725249600,31.4,8.0,2.54,322.6,15.0,4.22,0.144,0.077,0.92,,,Ⅴ
2024-09-02T16:00:00+08:00,1725264000,31.6,8.0,4.35,324.7,15.0,4.96,0.18,0.081,0.91,,,Ⅳ
2024-09-02T20:00:00+08:00,1725278400,31.3,8.0,4.0,313.6,18.3,4.65,0.13,0.076,0.93,,,Ⅳ
2024-09-03T00:00:00+08:00,1725292800,31.2,8.0,3.23,320.8,15.7,4.71,0.257,0.086,1.22,,,Ⅳ
2024-09-03T04:00:00+08:00,1725307200,31.0,8.0,2.63,319.5,15.6,4.68,0.209,0.078,1.06,,,Ⅴ
2024-09-03T08:00:00+08:00,1725321600,30.7,8.0,2.24,317.5,14.9,4.38,0.277,0.076,1.14,,,Ⅴ
2024-09-03T12:00:00+08:00,1725336000,30.7,8.0,1.94,317.5,13.8,4.53,0.296,0.084,1.24,,,劣Ⅴ
2024-09-03T16:00:00+08:00,1725350400,30.7,8.0,1.98,319.5,12.3,4.72,0.358,0.079,1.24,,,劣Ⅴ
2024-09-03T20:00:00+08:00,1725364800,30.6,8.0,3.07,323.7,15.7,4.53,0.384,0.07,1.24,,,Ⅳ
2024-09-04T00:00:00+08:00,1725379200,30.4,8.0,2.97,324.9,15.6,4.85,0.323,0.08,1.15,,,Ⅴ
2024-09-04T04:00:00+08:00,1725393600,30.2,8.0,2.66,325.8,15.2,4.51,0.31,0.076,1.11,,,Ⅴ
2024-09-04T08:00:00+08:00,1725408000,30.1,8.0,2.38,326.7,15.1,4.53,0.296,0.073,1.06,,,Ⅴ
2024-09-04T12:00:00+08:00,1725422400,30.4,8.0,2.5,327.6,11.7,4.4,0.357,0.08,1.19,,,Ⅴ
2024-09-04T16:00:00+08:00,1725436800,30.7,8.0,3.02,327.6,13.7,4.4,0.378,0.074,1.19,,,Ⅳ
2024-09-04T20:00:00+08:00,1725451200,30.5,8.0,2.54,329.5,15.6,4.67,0.389,0.084,1.32,,,Ⅴ
2024-09-05T00:00:00+08:00,1725465600,30.3,8.0,2.98,330.0,15.4,4.88,0.471,0.085,1.41,,,Ⅴ
2024-09-05T04:00:00+08:00,1725480000,30.1,8.0,2.68,329.0,15.5,4.6,0.448,0.089,1.35,,,Ⅴ
2024-09-05T08:00:00+08:00,1725494400,30.1,8.0,2.57,328.8,16.7,4.43,0.364,0.083,1.21,,,Ⅴ
2024-09-05T12:00:00+08:00,1725508800,30.4,8.0,2.16,327.9,13.1,4.29,0.349,0.086,1.2,,,Ⅴ
2024-09-05T16:00:00+08:00,1725523200,31.0,8.0,4.08,330.9,12.6,4.21,0.365,0.078,1.2,,,Ⅳ
2024-09-05T20:00:00+08:00,1725537600,31.2,8.0,5.81,335.4,11.3,4.72,0.349,0.08,1.09,,,Ⅲ
2024-09-06T00:00:00+08:00,1725552000,30.7,8.0,4.09,335.1,10.3,4.79,0.232,0.079,0.97,,,Ⅳ
2024-09-08T20:00:00+08:00,1725796800,31.0,8.0,3.58,337.9,12.1,4.79,0.304,0.097,1.16,,,Ⅳ
2024-09-09T00:00:00+08:00,1725811200,30.8,8.0,3.16,337.0,12.3,4.82,0.264,0.095,1.09,,,Ⅳ
2024-09-09T04:00:00+08:00,1725825600,30.5,8.0,2.36,335.8,11.6,4.32,0.264,0.087,1.02,,,Ⅴ
2024-09-09T08:00:00+08:00,1725840000,30.4,8.0,1.45,336.1,13.2,4.31,0.307,0.104,1.11,,,劣Ⅴ
2024-09-09T12:00:00+08:00,1725854400,30.7,8.0,1.71,335.7,16.2,4.6,0.345,0.105,1.17,,,劣Ⅴ
2024-09-09T16:00:00+08:00,1725868800,30.8,8.0,2.7,318.5,17.2,4.75,0.368,0.099,1.28,,,Ⅴ
2024-09-09T20:00:00+08:00,1725883200,30.9,8.0,2.95,325.0,11.7,4.33,0.254,0.088,1.09,,,Ⅴ
2024-09-10T00:00:00+08:00,1725897600,30.7,8.0,2.22,324.7,12.1,4.33,0.254,0.088,1.09,,,Ⅴ
2024-09-10T04:00:00+08:00,1725912000,30.5,8.0,1.27,324.4,12.3,4.32,0.311,0.098,1.18,,,劣Ⅴ
2024-09-10T08:00:00+08:00,1725926400,30.4,7.0,0.8,324.1,10.5,4.01,0.372,0.093,1.19,,,劣Ⅴ
2024-09-10T12:00:00+08:00,1725940800,30.6,7.0,1.15,324.7,11.4,4.48,0.392,0.1,1.19,,,劣Ⅴ
2024-09-10T16:00:00+08:00,1725955200,30.4,7.0,1.06,325.0,12.2,4.45,0.424,0.103,1.25,,,劣Ⅴ
2024-09-10T20:00:00+08:00,1725969600,30.2,7.0,0.74,326.1,12.3,4.07,0.484,0.109,1.3,,,劣Ⅴ
2024-09-11T00:00:00+08:00,1725984000,29.4,7.0,2.02,291.9,15.5,4.07,0.484,0.109,1.3,,,Ⅴ
2024-09-11T04:00:00+08:00,1725998400,28.8,8.0,3.12,264.6,18.4,3.57,0.703,0.113,1.83,,,Ⅳ
2024-09-11T08:00:00+08:00,1726012800,29.1,8.0,1.92,304.9,16.8,3.7,1.048,0.128,2.65,,,劣Ⅴ
2024-09-11T12:00:00+08:00,1726027200,29.0,8.0,3.47,269.2,18.8,3.27,0.678,0.116,2.58,,,Ⅳ
2024-09-11T16:00:00+08:00,1726041600,29.2,7.0,2.62,291.1,14.5,3.51,0.748,0.122,3.04,,,Ⅴ
2024-09-11T20:00:00+08:00,1726056000,29.2,7.0,1.72,294.8,14.6,3.49,0.767,0.124,2.95,,,劣Ⅴ
2024-09-12T00:00:00+08:00,1726070400,29.0,7.0,1.5,289.7,13.0,3.49,0.767,0.124,2.95,,,劣Ⅴ
2024-09-12T04:00:00+08:00,1726084800,28.8,7.0,1.12,287.2,11.9,2.93,0.938,0.121,3.38,,,劣Ⅴ
2024-09-12T08:00:00+08:00,1726099200,28.8,7.0,0.81,290.9,10.1,2.87,1.032,0.122,3.36,,,劣Ⅴ
2024-09-12T12:00:00+08:00,1726113600,29.1,7.0,1.01,290.9,9.5,2.95,1.029,0.129,3.12,,,劣Ⅴ
2024-09-12T16:00:00+08:00,1726128000,29.6,7.0,1.56,295.9,9.5,3.34,0.847,0.124,2.7,,,劣Ⅴ
2024-09-12T20:00:00+08:00,1726142400,29.7,8.0,2.2,308.9,11.2,3.5,0.57,0.11,1.97,,,Ⅴ
2024-09-13T00:00:00+08:00,1726156800,29.4,7.0,1.6,310.2,11.1,3.5,0.57,0.11,1.97,,,劣Ⅴ
2024-09-13T04:00:00+08:00,1726171200,29.4,7.0,1.5,312.6,12.7,3.5,0.47,0.103,1.57,,,劣Ⅴ
2024-09-13T16:00:00+08:00,1726214400,30.4,8.0,3.1,316.9,11.0,3.7,0.6,0.108,1.71,,,Ⅳ
2024-09-13T20:00:00+08:00,1726228800,29.9,8.0,2.5,316.5,12.3,3.7,1.1,0.143,2.64,,,Ⅴ
2024-09-14T00:00:00+08:00,1726243200,30.2,8.0,4.1,314.0,15.6,3.7,1.1,0.143,2.64,,,Ⅳ
2024-09-14T04:00:00+08:00,1726257600,29.9,8.0,2.5,323.3,15.5,3.7,1.17,0.148,2.95,,,Ⅴ
2024-09-14T08:00:00+08:00,1726272000,29.7,7.0,1.8,321.4,15.9,4.1,1.12,0.152,3.16,,,劣Ⅴ
2024-09-14T12:00:00+08:00,1726286400,30.4,8.0,4.5,309.6,19.0,4.4,0.75,0.148,3.26,,,Ⅳ
2024-09-14T16:00:00+08:00,1726300800,30.8,8.0,6.8,308.9,19.5,4.8,0.6,0.137,2.98,,,Ⅲ
2024-09-14T20:00:00+08:00,1726315200,30.5,8.0,6.5,309.1,19.1,4.6,0.55,0.133,2.95,,,Ⅲ
2024-09-15T00:00:00+08:00,1726329600,30.4,8.0,6.0,313.6,21.0,4.6,0.55,0.133,2.95,,,Ⅲ
2024-09-15T04:00:00+08:00,1726344000,30.1,8.0,5.3,332.2,31.1,4.3,0.41,0.136,3.17,,,Ⅲ
2024-09-15T08:00:00+08:00,1726358400,29.7,8.0,5.4,329.2,27.4,4.8,0.4,0.151,3.76,,,Ⅲ
2024-09-15T12:00:00+08:00,1726372800,30.1,8.0,5.9,328.3,23.0,4.9,0.44,0.158,3.77,,,Ⅲ
2024-09-15T16:00:00+08:00,1726387200,30.4,8.0,7.8,320.5,23.8,5.4,0.37,0.152,3.6,,,Ⅲ
2024-09-15T20:00:00+08:00,1726401600,30.3,8.0,6.6,315.4,21.0,4.9,0.39,0.141,3.4,,,Ⅲ
2024-09-16T00:00:00+08:00,1726416000,29.9,8.0,4.7,304.9,20.4,4.9,0.39,0.141,3.4,,,Ⅳ
2024-09-16T04:00:00+08:00,1726430400,29.6,8.0,3.7,306.5,20.8,4.7,0.46,0.132,3.22,,,Ⅳ
2024-09-16T08:00:00+08:00,1726444800,29.3,8.0,3.3,309.0,22.5,4.8,0.44,0.144,3.35,,,Ⅳ
2024-09-16T12:00:00+08:00,1726459200,28.9,8.0,3.3,305.1,23.8,4.6,0.5,0.143,3.17,,,Ⅳ
2024-09-16T16:00:00+08:00,1726473600,28.0,8.0,4.3,281.8,23.6,4.5,0.49,0.136,2.92,,,Ⅳ
2024-09-16T20:00:00+08:00,1726488000,27.6,8.0,4.6,281.0,32.7,4.0,0.4,0.139,2.97,,,Ⅳ
2024-09-17T00:00:00+08:00,1726502400,27.5,8.0,4.0,295.3,25.0,4.0,0.4,0.139,2.97,,,Ⅳ
2024-09-17T04:00:00+08:00,1726516800,27.1,8.0,3.5,273.9,29.0,3.9,0.46,0.166,4.45,,,Ⅳ
2024-09-17T08:00:00+08:00,1726531200,27.0,7.0,2.9,269.0,26.2,3.7,0.47,0.17,4.46,,,Ⅴ
2024-09-17T12:00:00+08:00,1726545600,27.4,7.0,3.1,265.9,26.9,3.7,0.42,0.165,4.47,,,Ⅳ
2024-09-17T16:00:00+08:00,1726560000,28.0,7.0,3.4,260.0,25.3,3.8,0.39,0.158,4.28,,,Ⅳ
2024-09-17T20:00:00+08:00,1726574400,27.9,7.0,2.6,265.7,25.2,3.8,0.37,0.162,3.91,,,Ⅴ
2024-09-18T00:00:00+08:00,1726588800,27.6,7.0,2.3,265.3,21.9,3.8,0.37,0.162,3.91,,,Ⅴ
2024-09-18T04:00:00+08:00,1726603200,27.4,7.0,2.0,273.0,20.7,3.8,0.41,0.163,4.36,,,Ⅴ
2024-09-18T08:00:00+08:00,1726617600,27.4,7.0,1.5,284.2,16.2,3.7,0.43,0.166,4.14,,,劣Ⅴ
2024-09-18T12:00:00+08:00,1726632000,28.0,7.0,1.7,288.1,15.3,3.8,0.49,0.178,4.12,,,劣Ⅴ
2024-09-18T16:00:00+08:00,1726646400,28.9,7.0,2.2,284.0,16.8,3.8,0.51,0.178,4.09,,,Ⅴ
2024-09-19T00:00:00+08:00,1726675200,28.4,7.0,1.6,283.1,15.8,4.0,0.53,0.176,3.93,,,劣Ⅴ
2024-09-19T08:00:00+08:00,1726704000,28.2,7.0,1.2,280.6,12.0,3.7,0.57,0.176,3.56,,,劣Ⅴ
2024-09-19T12:00:00+08:00,1726718400,28.5,7.0,1.5,279.9,14.0,3.8,0.57,0.18,3.47,,,劣Ⅴ
2024-09-20T08:00:00+08:00,1726790400,28.5,7.0,1.5,291.6,14.9,3.8,0.63,0.174,3.4,,,劣Ⅴ
2024-09-20T12:00:00+08:00,1726804800,28.6,7.0,1.8,292.4,15.5,4.1,0.59,0.166,3.21,,,劣Ⅴ
2024-09-20T16:00:00+08:00,1726819200,28.6,7.0,2.0,295.7,17.9,4.3,0.55,0.161,2.99,,,Ⅴ
2024-09-21T00:00:00+08:00,1726848000,28.4,7.0,1.3,298.2,13.3,3.9,0.56,0.155,2.81,,,劣Ⅴ
2024-09-21T04:00:00+08:00,1726862400,28.3,7.0,0.9,300.8,10.5,4.0,0.56,0.154,2.64,,,劣Ⅴ
2024-09-21T08:00:00+08:00,1726876800,28.1,7.0,1.0,305.3,10.3,3.8,0.63,0.157,2.56,,,劣Ⅴ
2024-09-21T12:00:00+08:00,1726891200,28.0,7.0,1.4,311.9,12.3,3.8,0.59,0.15,2.39,,,劣Ⅴ
2024-09-21T16:00:00+08:00,1726905600,27.7,7.0,1.6,318.3,14.3,4.3,0.58,0.153,2.43,,,劣Ⅴ
2024-09-21T20:00:00+08:00,1726920000,27.4,7.0,1.4,318.1,13.9,4.0,0.62,0.159,2.58,,,劣Ⅴ
2024-09-22T00:00:00+08:00,1726934400,27.0,7.0,1.3,319.7,12.8,3.9,0.62,0.155,2.47,,,劣Ⅴ
2024-09-22T04:00:00+08:00,1726948800,26.6,7.0,1.2,316.7,13.1,3.8,0.67,0.154,2.48,,,劣Ⅴ
2024-09-22T08:00:00+08:00,1726963200,26.1,7.0,1.2,319.0,12.5,3.9,0.69,0.157,2.36,,,劣Ⅴ
2024-09-22T12:00:00+08:00,1726977600,26.4,7.0,1.9,324.0,12.3,3.8,0.67,0.156,2.37,,,劣Ⅴ
2024-09-22T16:00:00+08:00,1726992000,26.5,8.0,2.7,325.8,16.6,3.8,0.63,0.154,2.47,,,Ⅴ
2024-09-22T20:00:00+08:00,1727006400,26.4,8.0,2.9,329.0,19.4,3.9,0.6,0.151,2.44,,,Ⅴ
2024-09-23T00:00:00+08:00,1727020800,26.0,8.0,2.5,328.3,18.5,4.4,0.55,0.146,2.46,,,Ⅴ
2024-09-23T04:00:00+08:00,1727035200,25.5,8.0,2.1,329.7,17.9,3.9,0.55,0.137,2.39,,,Ⅴ
2024-09-23T08:00:00+08:00,1727049600,25.2,7.0,1.8,330.9,16.2,3.8,0.56,0.138,2.37,,,劣Ⅴ
2024-09-23T12:00:00+08:00,1727064000,25.5,8.0,2.1,334.5,15.4,3.7,0.57,0.137,2.36,,,Ⅴ
2024-09-23T16:00:00+08:00,1727078400,25.8,8.0,2.5,338.9,15.4,4.3,0.59,0.135,2.37,,,Ⅴ
2024-09-23T20:00:00+08:00,1727092800,25.8,8.0,3.1,337.5,19.1,3.9,0.58,0.129,2.43,,,Ⅳ
2024-09-24T00:00:00+08:00,1727107200,25.7,8.0,2.8,337.2,19.0,4.1,0.55,0.13,2.42,,,Ⅴ
2024-09-24T04:00:00+08:00,1727121600,25.5,8.0,2.6,337.2,17.3,4.0,0.53,0.128,2.42,,,Ⅴ
2024-09-24T08:00:00+08:00,1727136000,25.3,8.0,2.5,336.1,17.7,3.8,0.51,0.121,2.37,,,Ⅴ
2024-09-24T12:00:00+08:00,1727150400,25.4,8.0,2.6,334.4,16.3,3.7,0.5,0.123,2.43,,,Ⅴ
2024-09-24T16:00:00+08:00,1727164800,25.4,8.0,2.6,338.5,15.7,3.9,0.5,0.122,2.34,,,Ⅴ
2024-09-24T20:00:00+08:00,1727179200,25.4,8.0,3.0,332.7,16.7,3.9,0.56,0.116,2.39,,,Ⅳ
2024-09-25T00:00:00+08:00,1727193600,25.3,8.0,2.3,332.0,19.1,4.1,0.5,0.115,2.32,,,Ⅴ
2024-09-25T04:00:00+08:00,1727208000,25.3,8.0,2.1,329.8,20.8,4.0,0.54,0.113,2.55,,,Ⅴ
2024-09-25T08:00:00+08:00,1727222400,25.3,8.0,1.9,332.6,21.7,3.9,0.53,0.116,2.48,,,劣Ⅴ
2024-09-25T12:00:00+08:00,1727236800,25.5,8.0,2.0,335.0,21.0,3.9,0.53,0.117,2.61,,,Ⅴ
2024-09-25T16:00:00+08:00,1727251200,25.6,8.0,2.4,334.6,19.6,3.8,0.52,0.112,2.64,,,Ⅴ
2024-09-25T20:00:00+08:00,1727265600,25.5,8.0,2.3,332.2,17.5,3.9,0.55,0.11,2.51,,,Ⅴ
2024-09-26T00:00:00+08:00,1727280000,25.5,8.0,2.1,330.3,17.5,3.9,0.62,0.113,2.45,,,Ⅴ
2024-09-26T04:00:00+08:00,1727294400,25.5,8.0,1.9,331.2,17.3,4.0,0.62,0.114,2.48,,,劣Ⅴ
2024-09-26T08:00:00+08:00,1727308800,25.5,7.0,1.8,330.0,19.3,3.9,0.56,0.112,2.43,,,劣Ⅴ
2024-09-26T12:00:00+08:00,1727323200,25.8,8.0,2.7,329.0,16.2,4.0,0.52,0.112,2.46,,,Ⅴ
2024-09-27T08:00:00+08:00,1727395200,25.6,8.0,2.6,322.7,9.4,3.6,0.31,0.092,1.32,,,Ⅴ
2024-09-27T12:00:00+08:00,1727409600,25.8,8.0,6.3,319.3,14.9,3.5,0.31,0.078,1.24,,,Ⅱ
2024-09-27T16:00:00+08:00,1727424000,25.9,8.0,5.3,322.3,13.5,4.1,0.09,0.091,0.97,,,Ⅲ
2024-10-10T04:00:00+08:00,1728504000,21.6,9.0,6.6,310.8,14.8,4.1,0.07,0.079,0.83,,,Ⅲ
2024-10-10T08:00:00+08:00,1728518400,21.5,9.0,6.2,310.5,13.8,4.2,0.02,0.067,0.77,,,Ⅲ
2024-10-10T12:00:00+08:00,1728532800,22.1,9.0,7.7,311.8,11.4,4.0,0.02,0.067,0.77,,,Ⅱ
2024-10-10T16:00:00+08:00,1728547200,22.3,9.0,9.0,311.9,12.3,4.0,0.02,0.054,0.77,,,Ⅱ
2024-10-10T20:00:00+08:00,1728561600,22.0,9.0,6.9,311.2,14.1,4.7,0.02,,0.8,,,
2024-10-11T04:00:00+08:00,1728590400,21.8,9.0,6.9,309.5,14.2,3.8,0.05,0.067,0.91,,,Ⅱ
2024-10-11T08:00:00+08:00,1728604800,21.7,9.0,6.9,309.5,12.6,4.1,0.02,0.066,0.94,,,Ⅲ
2024-10-11T12:00:00+08:00,1728619200,22.2,9.0,9.5,309.4,12.3,4.1,0.02,0.064,0.91,,,Ⅲ
2024-10-11T16:00:00+08:00,1728633600,22.7,9.0,9.4,310.6,10.8,4.6,0.02,0.074,0.91,,,Ⅲ
2024-10-11T20:00:00+08:00,1728648000,22.2,9.0,6.6,312.1,10.8,4.6,0.02,0.065,0.9,,,Ⅲ
2024-10-12T04:00:00+08:00,1728676800,21.8,8.0,3.5,313.0,11.7,4.1,0.04,0.069,0.99,,,Ⅳ
2024-10-12T08:00:00+08:00,1728691200,21.8,8.0,4.3,314.7,9.4,3.6,0.18,0.072,1.11,,,Ⅳ
2024-10-12T16:00:00+08:00,1728720000,22.3,8.0,5.0,316.2,10.6,4.0,0.21,0.074,1.16,,,Ⅲ
2024-10-12T20:00:00+08:00,1728734400,22.4,8.0,5.2,314.6,10.4,4.2,0.15,0.084,1.16,,,Ⅲ
2024-10-13T00:00:00+08:00,1728748800,22.4,8.0,5.3,314.8,9.0,4.1,0.11,0.084,1.14,,,Ⅲ
2024-10-13T04:00:00+08:00,1728763200,22.3,8.0,3.9,317.7,9.3,4.1,0.23,0.098,1.35,,,Ⅳ
2024-10-13T12:00:00+08:00,1728792000,22.3,8.0,3.8,317.5,10.0,4.1,0.25,0.094,1.38,,,Ⅳ
2024-10-13T16:00:00+08:00,1728806400,22.5,8.0,4.6,318.0,9.5,4.5,0.24,0.102,1.33,,,Ⅳ
2024-10-14T00:00:00+08:00,1728835200,22.4,8.0,3.1,317.8,12.8,4.1,0.25,0.095,1.3,,,Ⅳ
2024-10-14T04:00:00+08:00,1728849600,22.3,8.0,4.0,313.2,11.7,3.9,0.18,0.072,1.1,,,Ⅳ
2024-10-14T12:00:00+08:00,1728878400,22.4,8.0,5.9,307.6,13.1,3.7,0.12,0.071,1.0,,,Ⅲ
2024-10-14T16:00:00+08:00,1728892800,22.6,9.0,9.2,307.2,14.8,4.1,0.05,0.068,0.91,,,Ⅲ
2024-10-21T08:00:00+08:00,1729468800,21.0,8.0,2.5,317.6,11.7,3.3,0.35,0.072,1.03,,,Ⅴ
2024-10-21T12:00:00+08:00,1729483200,21.1,8.0,1.8,318.6,11.6,3.1,0.31,0.064,0.95,,,劣Ⅴ
2024-10-21T16:00:00+08:00,1729497600,21.5,8.0,3.1,318.9,10.5,3.3,0.38,0.071,1.08,,,Ⅳ
2024-10-21T20:00:00+08:00,1729512000,21.1,8.0,3.5,318.2,13.9,3.5,0.38,0.073,1.06,,,Ⅳ
2024-10-22T04:00:00+08:00,1729540800,21.0,8.0,3.7,318.0,14.6,3.5,0.26,0.068,0.93,,,Ⅳ
2024-10-22T08:00:00+08:00,1729555200,20.9,8.0,3.5,316.7,13.4,3.5,0.28,0.079,1.03,,,Ⅳ
2024-10-22T12:00:00+08:00,1729569600,20.9,8.0,4.6,315.6,13.3,3.1,0.23,0.063,1.0,,,Ⅳ
2024-10-22T16:00:00+08:00,1729584000,20.8,8.0,5.6,315.8,17.5,3.1,0.15,0.054,0.86,,,Ⅲ
2024-10-23T04:00:00+08:00,1729627200,20.2,8.0,3.9,317.6,20.8,3.4,0.23,0.066,0.96,,,Ⅳ
2024-10-23T08:00:00+08:00,1729641600,19.9,8.0,4.3,315.8,18.2,3.3,0.24,0.078,1.02,,,Ⅳ
2024-10-23T12:00:00+08:00,1729656000,20.2,8.0,3.7,318.2,13.9,3.2,0.19,0.07,0.87,,,Ⅳ
2024-10-23T16:00:00+08:00,1729670400,20.7,8.0,5.0,317.7,13.5,3.4,0.3,0.077,0.98,,,Ⅲ
2024-10-23T20:00:00+08:00,1729684800,20.2,8.0,3.5,317.0,15.7,3.5,0.26,0.069,0.87,,,Ⅳ
2024-10-24T04:00:00+08:00,1729713600,19.7,8.0,3.1,317.6,11.5,3.2,0.33,0.064,0.96,,,Ⅳ
2024-10-24T08:00:00+08:00,1729728000,19.6,8.0,2.2,319.6,11.2,3.1,0.34,0.064,1.02,,,Ⅴ
2024-10-24T12:00:00+08:00,1729742400,20.2,8.0,3.4,319.9,13.5,3.1,0.43,0.063,1.03,,,Ⅳ
2024-10-24T16:00:00+08:00,1729756800,20.5,8.0,3.7,319.6,12.2,3.1,0.39,0.091,1.09,,,Ⅳ
2024-10-24T20:00:00+08:00,1729771200,20.2,8.0,3.3,319.8,11.0,3.1,0.4,0.07,1.02,,,Ⅳ
2024-10-25T04:00:00+08:00,1729800000,19.6,8.0,2.8,321.0,13.7,0.3,0.44,0.062,1.06,,,Ⅴ
2024-10-25T16:00:00+08:00,1729843200,20.5,7.0,4.2,330.5,11.3,3.4,0.48,0.078,1.23,,,Ⅳ
2024-10-25T20:00:00+08:00,1729857600,20.2,7.0,3.0,327.6,15.9,3.5,0.46,0.085,1.19,,,Ⅳ
2024-10-26T04:00:00+08:00,1729886400,20.2,7.0,2.5,327.4,10.6,3.2,0.44,0.071,1.17,,,Ⅴ
2024-10-26T12:00:00+08:00,1729915200,20.3,7.0,1.8,327.4,8.4,3.1,0.47,0.062,1.16,,,劣Ⅴ
2024-10-26T16:00:00+08:00,1729929600,20.4,7.0,2.7,327.2,9.1,3.1,0.5,0.057,1.14,,,Ⅴ
2024-10-26T20:00:00+08:00,1729944000,20.5,7.0,2.6,326.3,10.3,3.1,0.5,0.057,1.14,,,Ⅴ
2024-10-27T04:00:00+08:00,1729972800,20.5,7.0,1.6,325.9,8.8,3.2,0.56,0.067,1.23,,,劣Ⅴ
2024-10-27T08:00:00+08:00,1729987200,20.5,7.0,2.6,322.0,15.3,3.1,0.58,0.072,1.31,,,Ⅴ
2024-10-27T12:00:00+08:00,1730001600,20.5,7.0,3.3,318.4,17.4,2.9,0.42,0.067,1.17,,,Ⅳ
2024-10-28T08:00:00+08:00,1730073600,20.0,7.0,3.4,320.4,15.8,2.7,0.38,0.057,1.12,,,Ⅳ
2024-10-28T12:00:00+08:00,1730088000,20.1,7.0,2.9,320.9,12.8,2.7,0.39,0.054,1.05,,,Ⅴ
2024-10-28T16:00:00+08:00,1730102400,20.3,7.0,3.6,321.4,13.0,2.7,0.36,0.055,1.01,,,Ⅳ
2024-10-28T20:00:00+08:00,1730116800,20.0,7.0,3.6,321.1,16.6,2.9,0.36,0.056,1.06,,,Ⅳ
2024-10-29T00:00:00+08:00,1730131200,19.8,7.0,3.2,320.6,14.8,2.7,0.36,0.054,1.07,,,Ⅳ
2024-10-29T04:00:00+08:00,1730145600,19.6,7.0,2.5,320.1,14.3,2.6,0.38,0.059,1.08,,,Ⅴ
2024-10-29T08:00:00+08:00,1730160000,19.5,7.0,2.1,320.5,14.7,2.7,0.41,0.062,1.14,,,Ⅴ
2024-10-29T12:00:00+08:00,1730174400,19.8,7.0,2.0,322.5,13.5,2.8,0.54,0.07,1.27,,,Ⅴ
2024-10-29T16:00:00+08:00,1730188800,20.2,7.0,2.0,325.8,12.1,2.9,0.63,0.076,1.37,,,Ⅴ
2024-10-29T20:00:00+08:00,1730203200,19.9,7.0,2.7,324.2,12.8,2.9,0.65,0.071,1.42,,,Ⅴ
2024-10-30T00:00:00+08:00,1730217600,19.6,7.0,2.7,325.6,17.0,3.0,0.76,0.074,1.6,,,Ⅴ
2024-10-30T04:00:00+08:00,1730232000,19.3,7.0,3.7,321.9,17.9,2.9,0.47,0.061,1.23,,,Ⅳ
2024-10-30T08:00:00+08:00,1730246400,19.3,7.0,4.0,322.2,17.9,2.9,0.47,0.061,1.23,,,Ⅳ
2024-10-30T12:00:00+08:00,1730260800,19.6,7.0,3.7,323.8,16.5,2.8,0.42,0.06,1.28,,,Ⅳ
2024-10-30T16:00:00+08:00,1730275200,19.6,7.0,2.7,326.1,16.6,2.8,0.44,0.059,1.21,,,Ⅴ
2024-10-30T20:00:00+08:00,1730289600,19.5,7.0,2.5,327.3,16.5,2.8,0.6,0.065,1.36,,,Ⅴ
2024-10-31T04:00:00+08:00,1730318400,19.2,7.0,2.4,326.8,15.7,2.8,0.7,0.076,1.49,,,Ⅴ
2024-10-31T08:00:00+08:00,1730332800,19.1,7.0,2.2,327.2,14.5,2.7,0.67,0.071,1.44,,,Ⅴ
2024-10-31T12:00:00+08:00,1730347200,19.3,7.0,2.7,327.9,16.9,2.7,0.67,0.069,1.48,,,Ⅴ
2024-10-31T16:00:00+08:00,1730361600,19.3,7.0,3.0,328.5,15.2,2.8,0.66,0.072,1.46,,,Ⅳ
2024-10-31T20:00:00+08:00,1730376000,19.2,7.0,3.4,323.6,16.6,3.1,0.68,0.077,1.49,,,Ⅳ
2024-11-01T04:00:00+08:00,1730404800,19.2,7.0,3.9,302.3,18.3,3.0,0.62,0.082,1.51,,,Ⅳ
2024-11-01T08:00:00+08:00,1730419200,19.2,7.0,4.5,309.2,21.8,2.8,0.67,0.088,1.66,,,Ⅳ
2024-11-01T12:00:00+08:00,1730433600,19.2,7.0,4.8,314.7,23.2,3.1,0.61,0.101,1.91,,,Ⅳ
2024-11-02T04:00:00+08:00,1730491200,18.8,7.0,4.3,334.1,23.4,3.4,0.6,0.121,2.27,,,Ⅳ
2024-11-02T12:00:00+08:00,1730520000,19.0,7.0,4.5,322.4,19.7,3.3,0.65,0.115,2.75,,,Ⅳ
2024-11-02T16:00:00+08:00,1730534400,19.3,7.0,4.3,314.3,17.2,3.4,0.64,0.113,2.64,,,Ⅳ
2024-11-04T12:00:00+08:00,1730692800,19.4,7.0,3.5,320.4,14.0,3.0,0.61,0.096,2.74,,,Ⅳ
2024-11-04T16:00:00+08:00,1730707200,19.4,7.0,3.0,321.2,15.0,3.1,0.64,0.122,3.14,,,Ⅳ
2024-11-04T20:00:00+08:00,1730721600,19.3,7.0,3.5,319.6,14.2,3.1,0.63,0.091,2.71,,,Ⅳ
2024-11-05T00:00:00+08:00,1730736000,19.2,7.0,3.6,321.3,16.3,3.1,0.63,0.091,2.71,,,Ⅳ
2024-11-05T12:00:00+08:00,1730779200,19.1,7.0,3.8,324.9,16.0,3.1,0.55,0.119,3.26,,,Ⅳ
2024-11-05T16:00:00+08:00,1730793600,19.3,7.0,4.0,325.2,13.9,3.2,0.54,0.094,2.52,,,Ⅳ
2024-11-05T20:00:00+08:00,1730808000,19.1,7.0,3.7,320.6,17.0,3.1,0.53,0.083,2.42,,,Ⅳ
2024-11-06T04:00:00+08:00,1730836800,18.8,7.0,4.4,312.4,18.3,3.2,0.65,0.092,3.14,,,Ⅳ
2024-11-06T08:00:00+08:00,1730851200,18.6,7.0,4.0,313.4,17.4,3.1,0.57,0.091,3.2,,,Ⅳ
2024-11-06T12:00:00+08:00,1730865600,18.8,7.0,3.8,315.4,13.8,3.2,0.57,0.083,2.85,,,Ⅳ
2024-11-06T16:00:00+08:00,1730880000,18.9,7.0,3.9,324.1,11.9,2.7,0.53,0.067,1.86,,,Ⅳ
2024-11-06T20:00:00+08:00,1730894400,18.4,7.0,4.8,319.8,15.6,2.6,0.29,0.057,1.24,,,Ⅳ
2024-11-07T00:00:00+08:00,1730908800,18.2,7.0,4.2,320.2,14.5,2.8,0.3,0.057,1.25,,,Ⅳ
2024-11-07T04:00:00+08:00,1730923200,18.0,7.0,3.8,320.3,14.2,2.4,0.31,0.056,1.36,,,Ⅳ
2024-11-07T08:00:00+08:00,1730937600,18.0,7.0,3.3,322.0,11.9,2.4,0.31,0.056,1.36,,,Ⅳ
2024-11-07T12:00:00+08:00,1730952000,18.3,7.0,4.8,319.4,14.4,2.5,0.3,0.055,1.32,,,Ⅳ
2024-11-07T16:00:00+08:00,1730966400,18.6,7.0,5.5,319.2,14.9,2.5,0.23,0.054,1.17,,,Ⅲ
2024-11-07T20:00:00+08:00,1730980800,18.3,7.0,5.0,319.3,14.4,2.4,0.21,0.066,1.21,,,Ⅲ
2024-11-08T04:00:00+08:00,1731009600,17.9,7.0,3.4,320.5,14.2,2.6,0.34,0.064,1.44,,,Ⅳ
2024-11-08T08:00:00+08:00,1731024000,17.6,7.0,5.6,315.0,19.6,2.5,0.32,0.077,1.54,,,Ⅲ
2024-11-08T12:00:00+08:00,1731038400,18.0,7.0,5.3,315.4,14.1,2.5,0.17,0.074,1.31,,,Ⅲ
2024-11-12T16:00:00+08:00,1731398400,18.8,7.0,5.2,313.6,11.0,2.4,0.13,0.059,0.98,,,Ⅲ
2024-11-12T20:00:00+08:00,1731412800,18.7,7.0,4.9,330.3,12.4,2.4,0.13,0.059,0.98,,,Ⅳ
2024-11-13T16:00:00+08:00,1731484800,18.8,7.0,3.5,331.6,9.1,2.6,0.34,0.051,1.19,,,Ⅳ
2024-11-13T20:00:00+08:00,1731499200,18.8,7.0,3.6,329.8,9.8,2.6,0.26,0.049,1.02,,,Ⅳ
2024-11-14T04:00:00+08:00,1731528000,18.6,7.0,3.7,331.8,8.5,2.7,0.36,0.052,1.2,,,Ⅳ
2024-11-14T12:00:00+08:00,1731556800,19.1,8.0,5.7,324.4,12.1,2.6,0.4,0.053,1.29,,,Ⅲ
2024-11-14T16:00:00+08:00,1731571200,18.8,7.0,4.7,324.3,12.3,2.6,0.16,0.045,0.89,,,Ⅳ
2024-11-14T20:00:00+08:00,1731585600,18.9,7.0,5.4,321.4,13.6,2.6,0.21,0.042,0.96,,,Ⅲ
2024-11-15T04:00:00+08:00,1731614400,19.0,7.0,4.9,321.9,10.0,2.4,0.16,0.042,0.93,,,Ⅳ
2024-11-15T08:00:00+08:00,1731628800,19.0,7.0,4.0,324.5,9.1,2.4,0.18,0.043,0.91,,,Ⅳ
2024-11-15T16:00:00+08:00,1731657600,19.2,7.0,4.0,323.1,8.7,2.4,0.23,0.047,1.01,,,Ⅳ
2024-11-15T20:00:00+08:00,1731672000,19.2,7.0,3.7,322.9,8.7,2.6,0.23,0.048,0.98,,,Ⅳ
2024-11-16T04:00:00+08:00,1731700800,19.2,7.0,3.6,325.1,6.7,2.6,0.33,0.047,1.14,,,Ⅳ
2024-11-16T08:00:00+08:00,1731715200,19.2,7.0,3.6,325.5,6.4,2.6,0.36,0.052,1.22,,,Ⅳ
2024-11-16T12:00:00+08:00,1731729600,19.2,7.0,3.2,326.0,6.8,2.7,0.39,0.051,1.3,,,Ⅳ
2024-11-16T16:00:00+08:00,1731744000,19.3,7.0,3.4,325.8,7.1,2.8,0.41,0.052,1.32,,,Ⅳ
2024-11-16T20:00:00+08:00,1731758400,19.3,7.0,2.8,325.0,7.8,2.6,0.42,0.055,1.36,,,Ⅴ
2024-11-17T04:00:00+08:00,1731787200,19.1,7.0,2.8,323.3,12.9,2.7,0.41,0.054,1.22,,,Ⅴ
2024-11-17T08:00:00+08:00,1731801600,18.9,7.0,2.7,323.9,15.5,2.6,0.45,0.06,1.36,,,Ⅴ
2024-11-17T20:00:00+08:00,1731844800,18.2,7.0,2.5,322.3,14.4,2.6,0.35,0.057,1.25,,,Ⅴ
2024-11-18T08:00:00+08:00,1731888000,17.3,7.0,4.0,317.7,18.3,2.6,0.36,0.06,1.34,,,Ⅳ
2024-11-18T16:00:00+08:00,1731916800,17.2,7.0,4.6,315.4,18.1,2.7,0.33,0.056,1.2,,,Ⅳ
2024-11-18T20:00:00+08:00,1731931200,16.9,7.0,4.5,315.9,17.9,2.6,0.32,0.058,1.21,,,Ⅳ
2024-11-19T00:00:00+08:00,1731945600,16.7,7.0,4.3,316.8,15.9,2.7,0.41,0.058,1.33,,,Ⅳ
2024-11-19T04:00:00+08:00,1731960000,16.6,7.0,4.4,317.8,15.8,2.7,0.41,0.058,1.33,,,Ⅳ
2024-11-19T20:00:00+08:00,1732017600,16.4,7.0,5.0,311.7,15.2,2.7,0.26,0.048,1.11,,,Ⅲ
2024-11-20T04:00:00+08:00,1732046400,16.1,7.0,3.9,315.6,15.9,2.7,0.53,0.059,1.49,,,Ⅳ
2024-11-20T16:00:00+08:00,1732089600,16.1,7.0,3.7,340.8,12.7,2.6,0.37,0.053,1.28,,,Ⅳ
2024-11-20T20:00:00+08:00,1732104000,15.9,7.0,5.1,329.1,17.8,2.9,0.26,0.056,1.3,,,Ⅲ
2024-11-21T08:00:00+08:00,1732147200,15.5,7.0,4.4,327.4,15.2,2.5,0.35,0.054,1.32,,,Ⅳ
2024-11-21T12:00:00+08:00,1732161600,15.9,7.0,5.0,327.5,15.9,2.6,0.3,0.049,1.24,,,Ⅲ
2024-11-21T16:00:00+08:00,1732176000,15.8,8.0,6.2,322.6,16.3,2.4,0.29,0.053,1.18,,,Ⅱ
2024-11-21T20:00:00+08:00,1732190400,15.7,7.0,4.3,325.7,19.6,2.3,0.2,0.048,0.98,,,Ⅳ
2024-11-22T04:00:00+08:00,1732219200,15.2,7.0,5.2,324.7,14.3,2.4,0.3,0.057,1.23,,,Ⅲ
2024-11-22T16:00:00+08:00,1732262400,15.8,7.0,5.0,323.6,13.7,2.4,0.28,0.048,1.12,,,Ⅲ
2024-11-22T20:00:00+08:00,1732276800,15.5,7.0,4.5,323.6,15.2,2.4,0.24,0.047,1.03,,,Ⅳ
2024-11-23T04:00:00+08:00,1732305600,15.2,7.0,5.6,322.8,14.4,2.5,0.27,0.048,1.12,,,Ⅲ
2024-11-23T08:00:00+08:00,1732320000,15.0,7.0,5.3,323.4,13.1,2.3,0.26,0.046,1.13,,,Ⅲ
2024-11-23T12:00:00+08:00,1732334400,15.3,7.0,5.5,324.5,13.2,2.4,0.26,0.045,1.11,,,Ⅲ
2024-11-23T16:00:00+08:00,1732348800,15.7,7.0,5.6,324.0,12.4,2.6,0.33,0.047,1.13,,,Ⅲ
2024-11-23T20:00:00+08:00,1732363200,15.2,7.0,5.6,322.9,15.2,2.6,0.31,0.049,1.14,,,Ⅲ
2024-11-24T04:00:00+08:00,1732392000,15.0,7.0,5.4,324.5,13.5,2.4,0.34,0.048,1.17,,,Ⅲ
2024-11-24T08:00:00+08:00,1732406400,14.8,7.0,5.6,324.6,14.3,2.4,0.36,0.047,1.26,,,Ⅲ
2024-11-24T12:00:00+08:00,1732420800,15.2,7.0,5.6,325.8,12.7,2.5,0.37,0.046,1.29,,,Ⅲ
2024-11-24T16:00:00+08:00,1732435200,15.5,7.0,5.2,314.5,11.6,2.6,0.43,0.052,1.25,,,Ⅲ
2024-11-24T20:00:00+08:00,1732449600,15.3,7.0,5.2,318.2,13.6,2.7,0.35,0.046,1.16,,,Ⅲ
2024-11-25T04:00:00+08:00,1732478400,15.1,7.0,5.2,322.3,13.8,2.7,0.48,0.053,1.35,,,Ⅲ
2024-11-25T20:00:00+08:00,1732536000,14.9,8.0,7.5,311.9,16.7,2.6,0.35,0.046,1.27,,,Ⅱ
2024-11-26T04:00:00+08:00,1732564800,14.5,7.0,5.4,326.4,24.6,2.8,0.34,0.052,1.32,,,Ⅲ
2024-11-26T08:00:00+08:00,1732579200,14.1,8.0,5.9,327.1,25.1,3.0,0.48,0.072,1.85,,,Ⅲ
2024-11-26T12:00:00+08:00,1732593600,14.2,7.0,5.5,328.1,17.5,3.1,0.43,0.065,1.99,,,Ⅲ
2024-11-26T16:00:00+08:00,1732608000,14.3,8.0,5.8,327.8,21.7,3.0,0.46,0.055,1.73,,,Ⅲ
2024-11-26T20:00:00+08:00,1732622400,13.8,8.0,6.2,325.8,22.1,3.0,0.5,0.065,1.78,,,Ⅱ
2024-11-27T04:00:00+08:00,1732651200,13.6,8.0,6.1,322.2,18.0,3.0,0.44,0.059,1.77,,,Ⅱ
2024-11-27T12:00:00+08:00,1732680000,13.7,8.0,7.4,314.7,15.6,2.8,0.31,0.048,1.49,,,Ⅱ
2024-11-27T16:00:00+08:00,1732694400,13.6,8.0,7.6,313.1,17.0,2.6,0.21,0.04,1.16,,,Ⅱ
2024-11-27T20:00:00+08:00,1732708800,13.1,8.0,6.7,321.6,19.4,2.6,0.23,0.041,1.12,,,Ⅱ
2024-11-28T04:00:00+08:00,1732737600,12.6,8.0,6.4,321.9,17.7,2.9,0.45,0.053,1.66,,,Ⅱ
2024-11-28T16:00:00+08:00,1732780800,12.6,8.0,7.1,315.6,16.4,2.8,0.35,0.047,1.42,,,Ⅱ
2024-11-28T20:00:00+08:00,1732795200,12.3,8.0,6.9,314.7,16.3,2.8,0.38,0.049,1.41,,,Ⅱ
2024-11-29T04:00:00+08:00,1732824000,11.6,8.0,7.1,316.4,15.4,2.8,0.37,0.05,1.54,,,Ⅱ
2024-11-29T12:00:00+08:00,1732852800,11.8,8.0,6.9,313.3,13.8,2.7,0.32,0.045,1.48,,,Ⅱ
2024-11-29T16:00:00+08:00,1732867200,11.9,8.0,6.2,314.7,13.1,2.7,0.35,0.046,1.38,,,Ⅱ
2024-11-29T20:00:00+08:00,1732881600,11.6,8.0,6.6,313.1,13.4,2.7,0.41,0.048,1.41,,,Ⅱ
2024-11-30T12:00:00+08:00,1732939200,11.6,8.0,6.4,311.4,10.2,2.6,0.38,0.043,1.49,,,Ⅱ
2024-11-30T16:00:00+08:00,1732953600,12.2,8.0,7.6,309.9,12.7,2.6,0.36,0.037,1.31,,,Ⅱ
2024-11-30T20:00:00+08:00,1732968000,11.6,8.0,6.9,308.9,12.5,2.8,0.49,0.048,1.42,,,Ⅱ
2024-12-01T04:00:00+08:00,1732996800,11.5,8.0,7.0,308.1,12.8,2.6,0.44,0.041,1.4,,,Ⅱ
2024-12-01T08:00:00+08:00,1733011200,11.5,8.0,6.7,308.8,12.8,2.5,0.39,0.041,1.42,,,Ⅱ
2024-12-01T12:00:00+08:00,1733025600,11.9,8.0,6.4,307.5,11.7,2.6,0.42,0.042,1.49,,,Ⅱ
2024-12-01T16:00:00+08:00,1733040000,11.9,8.0,6.4,304.6,14.8,2.5,0.38,0.041,1.32,,,Ⅱ
2024-12-01T20:00:00+08:00,1733054400,12.0,8.0,7.1,303.4,13.9,2.6,0.4,0.044,1.28,,,Ⅱ
2024-12-02T04:00:00+08:00,1733083200,11.8,8.0,7.1,303.5,14.3,2.5,0.3,0.04,1.2,,,Ⅱ
2024-12-02T20:00:00+08:00,1733140800,12.2,8.0,7.1,299.7,16.1,2.5,0.25,0.042,1.12,,,Ⅱ
2024-12-03T04:00:00+08:00,1733169600,12.1,8.0,7.2,300.0,15.0,2.5,0.26,0.043,1.17,,,Ⅱ
2024-12-03T12:00:00+08:00,1733198400,12.2,8.0,7.2,299.7,15.4,2.5,0.28,0.043,1.26,,,Ⅱ
2024-12-03T16:00:00+08:00,1733212800,12.6,8.0,7.4,327.6,15.2,2.5,0.25,0.042,1.15,,,Ⅱ
2024-12-03T20:00:00+08:00,1733227200,12.5,8.0,7.3,323.2,15.8,2.5,0.25,0.046,1.1,,,Ⅱ
2024-12-04T04:00:00+08:00,1733256000,12.3,8.0,7.2,322.3,15.2,2.6,0.3,0.049,1.11,,,Ⅱ
2024-12-04T08:00:00+08:00,1733270400,12.3,8.0,7.1,321.8,15.1,2.6,0.3,0.044,1.08,,,Ⅱ
2024-12-04T12:00:00+08:00,1733284800,12.4,8.0,7.2,320.2,16.5,2.6,0.29,0.045,1.12,,,Ⅱ
2024-12-04T20:00:00+08:00,1733313600,12.3,8.0,7.0,319.8,16.5,2.5,0.25,0.046,0.99,,,Ⅱ
2024-12-05T04:00:00+08:00,1733342400,12.3,8.0,6.9,319.2,15.4,2.4,0.3,0.046,1.08,,,Ⅱ
2024-12-05T08:00:00+08:00,1733356800,12.2,8.0,7.1,317.6,16.1,2.4,0.3,0.046,1.19,,,Ⅱ
2024-12-05T12:00:00+08:00,1733371200,12.2,8.0,7.0,317.3,14.9,2.6,0.27,0.046,1.15,,,Ⅱ
2024-12-05T20:00:00+08:00,1733400000,12.1,8.0,6.7,316.5,16.6,2.5,0.29,0.047,1.09,,,Ⅱ
2024-12-06T04:00:00+08:00,1733428800,11.9,8.0,6.9,315.6,16.2,2.5,0.25,0.045,1.02,,,Ⅱ
2024-12-06T08:00:00+08:00,1733443200,11.9,8.0,6.5,315.4,15.0,2.4,0.29,0.047,1.14,,,Ⅱ
2024-12-06T16:00:00+08:00,1733472000,12.0,8.0,6.9,313.1,14.5,2.5,0.28,0.045,1.17,,,Ⅱ
2024-12-07T16:00:00+08:00,1733558400,11.7,8.0,7.4,311.2,14.8,2.3,0.22,0.043,0.98,,,Ⅱ
2024-12-08T04:00:00+08:00,1733601600,11.1,8.0,7.5,311.0,15.0,2.3,0.27,0.047,1.06,,,Ⅱ
2024-12-09T12:00:00+08:00,1733716800,10.6,8.0,7.6,310.8,13.7,2.5,0.24,0.041,1.05,,,Ⅱ
2024-12-09T20:00:00+08:00,1733745600,10.6,8.0,7.4,312.1,13.3,2.3,0.32,0.041,1.04,,,Ⅱ
2024-12-11T04:00:00+08:00,1733860800,10.6,8.0,7.7,308.0,13.7,2.3,0.35,0.046,1.11,,,Ⅱ
2024-12-14T04:00:00+08:00,1734120000,9.6,8.0,8.2,312.4,11.6,2.4,0.32,0.048,1.34,,,Ⅱ
2024-12-14T16:00:00+08:00,1734163200,9.6,7.0,5.9,318.0,12.2,2.4,0.25,0.043,1.18,,,Ⅲ
2024-12-16T04:00:00+08:00,1734292800,8.4,8.0,6.4,321.9,8.6,2.6,0.49,0.051,1.53,,,Ⅱ
2024-12-18T20:00:00+08:00,1734523200,8.1,8.0,6.1,329.2,9.9,2.5,0.7,0.061,1.78,,,Ⅲ
2024-12-19T04:00:00+08:00,1734552000,7.8,7.0,5.9,330.4,9.4,2.5,0.68,0.063,1.81,,,Ⅲ
2024-12-20T20:00:00+08:00,1734696000,7.8,7.0,5.0,334.9,7.6,8.7,0.8,0.068,1.88,,,Ⅳ
2024-12-21T04:00:00+08:00,1734724800,7.6,7.0,4.9,337.4,8.1,8.7,0.77,0.068,1.89,,,Ⅳ
2024-12-23T20:00:00+08:00,1734955200,7.4,8.0,8.5,322.0,9.6,2.5,0.39,0.048,1.42,,,Ⅱ
2024-12-24T04:00:00+08:00,1734984000,7.4,8.0,8.7,320.2,8.5,2.5,0.31,0.044,1.28,,,Ⅱ
2024-12-24T08:00:00+08:00,1734998400,7.3,8.0,9.1,319.0,8.8,2.4,0.28,0.041,1.22,,,Ⅱ
2024-12-24T12:00:00+08:00,1735012800,7.7,8.0,9.3,318.9,8.7,2.4,0.23,0.04,1.21,,,Ⅱ
2024-12-24T16:00:00+08:00,1735027200,7.8,8.0,8.8,320.9,9.1,2.4,0.23,0.04,1.16,,,Ⅱ
2024-12-24T20:00:00+08:00,1735041600,7.8,8.0,8.2,322.1,10.0,2.1,0.37,0.048,1.37,,,Ⅱ
2024-12-25T08:00:00+08:00,1735084800,7.7,8.0,8.8,318.6,9.1,2.5,0.23,0.04,1.18,,,Ⅱ
2024-12-25T12:00:00+08:00,1735099200,7.9,8.0,8.8,320.5,9.0,2.4,0.24,0.041,1.24,,,Ⅱ
2024-12-25T20:00:00+08:00,1735128000,8.1,8.0,8.9,319.5,10.5,2.0,0.25,0.043,1.3,,,Ⅱ
2024-12-26T04:00:00+08:00,1735156800,7.9,8.0,9.0,318.0,10.4,2.2,0.25,0.044,1.3,,,Ⅱ
2024-12-28T04:00:00+08:00,1735329600,7.6,8.0,8.7,317.5,9.2,3.0,0.33,0.047,1.32,,,Ⅱ
2024-12-28T20:00:00+08:00,1735387200,7.3,8.0,9.2,315.3,10.0,2.9,0.19,0.037,1.14,,,Ⅱ
2025-01-02T20:00:00+08:00,1735819200,7.6,8.0,7.4,322.6,9.6,2.4,0.54,0.051,1.57,,,Ⅲ
2025-01-03T08:00:00+08:00,1735862400,7.3,8.0,6.6,322.4,10.3,2.4,0.51,0.048,1.62,,,Ⅲ
2025-01-03T12:00:00+08:00,1735876800,7.5,8.0,6.9,322.3,9.4,2.4,0.52,0.05,1.66,,,Ⅲ
2025-01-07T16:00:00+08:00,1736236800,7.6,8.0,6.5,329.3,7.6,2.7,0.89,0.07,2.09,,,Ⅲ
2025-01-07T20:00:00+08:00,1736251200,7.6,8.0,7.1,326.1,8.7,2.7,0.7,0.06,1.88,,,Ⅲ
2025-01-08T08:00:00+08:00,1736294400,7.0,8.0,7.3,327.1,7.8,2.6,1.11,0.082,2.37,,,Ⅳ
2025-01-08T12:00:00+08:00,1736308800,7.5,8.0,8.4,319.4,8.9,2.7,0.86,0.072,2.06,,,Ⅲ
2025-01-08T16:00:00+08:00,1736323200,7.4,8.0,8.5,314.2,9.8,2.2,0.56,0.057,1.66,,,Ⅲ
2025-01-09T08:00:00+08:00,1736380800,6.7,8.0,8.7,305.4,9.1,2.2,0.47,0.05,1.53,,,Ⅱ
2025-01-09T12:00:00+08:00,1736395200,7.1,8.0,9.0,309.5,8.9,2.3,0.34,0.043,1.42,,,Ⅱ
2025-01-09T16:00:00+08:00,1736409600,7.2,8.0,8.8,315.4,9.6,2.3,0.34,0.043,1.42,,,Ⅱ
2025-01-09T20:00:00+08:00,1736424000,6.8,8.0,8.3,306.7,9.1,2.4,0.39,0.046,1.41,,,Ⅱ
2025-01-10T04:00:00+08:00,1736452800,6.4,8.0,9.2,303.2,9.3,2.4,0.45,0.06,1.48,,,Ⅱ
2025-01-10T08:00:00+08:00,1736467200,6.1,8.0,9.0,303.6,9.4,2.0,0.28,0.039,1.31,,,Ⅱ
2025-01-10T12:00:00+08:00,1736481600,6.6,8.0,8.9,304.7,9.1,2.2,0.28,0.04,1.33,,,Ⅱ
2025-01-10T20:00:00+08:00,1736510400,6.5,8.0,8.8,304.4,10.2,2.1,0.33,0.041,1.3,,,Ⅱ
2025-01-11T00:00:00+08:00,1736524800,6.3,8.0,8.9,304.0,9.8,2.0,0.31,0.041,1.33,,,Ⅱ
2025-01-11T04:00:00+08:00,1736539200,6.1,8.0,9.3,302.7,9.7,2.0,0.31,0.041,1.33,,,Ⅱ
2025-01-11T12:00:00+08:00,1736568000,6.3,8.0,9.5,300.7,9.5,2.1,0.25,0.036,1.27,,,Ⅱ
2025-01-11T16:00:00+08:00,1736582400,6.2,8.0,9.4,299.9,10.2,2.0,0.25,0.036,1.22,,,Ⅱ
2025-01-12T12:00:00+08:00,1736654400,6.2,8.0,9.1,301.2,11.4,2.5,0.28,0.038,1.29,,,Ⅱ
2025-01-12T16:00:00+08:00,1736668800,6.1,8.0,9.2,299.1,10.5,2.2,0.28,0.041,1.37,,,Ⅱ
2025-01-13T04:00:00+08:00,1736712000,6.0,8.0,9.4,300.6,10.1,2.2,0.24,0.036,1.2,,,Ⅱ
2025-01-13T16:00:00+08:00,1736755200,6.6,8.0,9.3,298.6,9.6,2.1,0.27,0.036,1.23,,,Ⅱ
2025-01-13T20:00:00+08:00,1736769600,6.6,8.0,9.1,299.1,9.8,2.1,0.27,0.037,1.22,,,Ⅱ
2025-01-14T00:00:00+08:00,1736784000,6.5,8.0,8.8,299.3,9.9,2.3,0.28,0.038,1.3,,,Ⅱ
2025-01-14T04:00:00+08:00,1736798400,6.4,8.0,8.7,299.8,9.5,2.3,0.28,0.038,1.3,,,Ⅱ
2025-01-14T08:00:00+08:00,1736812800,6.4,8.0,8.6,299.6,9.7,2.1,0.27,0.037,1.3,,,Ⅱ
2025-01-15T20:00:00+08:00,1736942400,6.4,8.0,7.5,324.0,8.4,2.3,0.73,0.064,1.93,,,Ⅲ
2025-01-19T00:00:00+08:00,1737216000,6.4,8.0,7.0,327.2,7.1,3.2,0.81,0.07,1.99,,,Ⅲ
2025-01-19T04:00:00+08:00,1737230400,6.2,8.0,6.8,327.9,7.3,3.2,0.81,0.07,1.99,,,Ⅲ
2025-01-20T04:00:00+08:00,1737316800,6.7,8.0,7.4,327.9,7.8,3.2,0.76,0.065,1.95,,,Ⅲ
2025-01-20T12:00:00+08:00,1737345600,6.8,8.0,8.9,332.7,8.7,3.6,0.78,0.068,2.11,,,Ⅲ
2025-01-21T12:00:00+08:00,1737432000,6.9,8.0,9.5,296.4,10.2,3.1,0.4,0.046,1.61,,,Ⅱ
2025-01-21T20:00:00+08:00,1737460800,7.5,8.0,9.3,303.8,8.5,2.8,0.38,0.045,1.43,,,Ⅱ
2025-01-22T04:00:00+08:00,1737489600,7.0,8.0,8.5,306.7,8.4,2.9,0.51,0.049,1.62,,,Ⅲ
2025-01-22T08:00:00+08:00,1737504000,7.0,8.0,8.8,305.5,8.6,2.6,0.49,0.047,1.62,,,Ⅱ
2025-01-22T16:00:00+08:00,1737532800,8.0,8.0,9.5,311.6,8.9,2.4,0.39,,1.49,,,
2025-01-22T20:00:00+08:00,1737547200,8.0,8.0,9.2,309.7,9.2,2.8,0.4,0.096,1.58,,,Ⅱ
2025-01-23T16:00:00+08:00,1737619200,8.6,8.0,9.9,306.6,7.5,2.7,0.34,0.046,1.69,,,Ⅱ
2025-01-24T00:00:00+08:00,1737648000,8.5,8.0,9.0,305.2,7.1,2.6,0.32,0.043,1.38,,,Ⅱ
2025-02-12T16:00:00+08:00,1739347200,7.0,8.0,8.4,302.9,6.8,2.0,0.69,0.069,1.99,,,Ⅲ
2025-02-12T20:00:00+08:00,1739361600,7.1,8.0,8.5,300.4,7.4,1.9,0.9,0.079,2.11,,,Ⅲ
2025-02-13T00:00:00+08:00,1739376000,6.9,8.0,9.3,295.5,7.1,1.6,0.55,0.058,1.65,,,Ⅲ
2025-02-13T04:00:00+08:00,1739390400,6.8,8.0,9.2,291.2,8.0,1.4,0.33,0.046,1.34,,,Ⅱ
2025-02-13T08:00:00+08:00,1739404800,6.7,8.0,9.0,292.2,8.1,1.9,0.34,0.047,1.37,,,Ⅱ
2025-02-13T16:00:00+08:00,1739433600,7.5,8.0,9.6,289.1,8.2,1.4,0.29,0.044,1.26,,,Ⅱ
2025-02-13T20:00:00+08:00,1739448000,7.4,8.0,9.3,291.0,8.4,1.4,0.31,0.044,1.28,,,Ⅱ
