ts,epoch,temperature,ph,do,conductivity,turbidity,codmn,ammonia_n,tp,tn,chla,algae_density,quality_class
2021-06-17T08:00:00+08:00,1623888000,25.6,7.27,6.11,576.6,37.3,3.13,0.192,0.089,1.84,,,Ⅱ
2021-06-17T12:00:00+08:00,1623902400,25.6,7.23,5.81,579.0,36.1,2.96,0.189,0.099,1.77,,,Ⅲ
2021-06-17T16:00:00+08:00,1623916800,25.6,7.19,5.62,579.1,37.5,2.89,0.224,0.11,1.91,,,Ⅲ
2021-06-17T20:00:00+08:00,1623931200,25.5,7.17,5.5,571.2,39.5,2.91,0.188,0.098,1.81,,,Ⅲ
2021-06-18T00:00:00+08:00,1623945600,25.5,7.17,5.46,565.8,40.7,3.02,0.198,0.112,1.74,,,Ⅲ
2021-06-18T04:00:00+08:00,1623960000,25.5,7.2,5.65,561.3,35.9,2.9,0.185,0.105,1.84,,,Ⅲ
2021-06-18T08:00:00+08:00,1623974400,25.6,7.19,5.61,557.6,39.0,2.94,0.183,0.111,1.82,,,Ⅲ
2021-06-18T12:00:00+08:00,1623988800,26.2,7.16,5.64,553.6,38.4,3.01,0.17,0.11,1.9,,,Ⅲ
2021-06-18T16:00:00+08:00,1624003200,26.1,7.18,5.64,555.6,40.3,3.07,0.211,0.109,1.78,,,Ⅲ
2021-06-18T20:00:00+08:00,1624017600,25.8,7.13,5.25,557.2,41.9,3.11,0.178,0.005,1.83,,,Ⅲ
2021-06-19T00:00:00+08:00,1624032000,25.4,7.12,5.0,559.0,43.9,3.32,0.184,0.113,1.87,,,Ⅲ
2021-06-19T04:00:00+08:00,1624046400,25.2,7.11,4.86,560.4,43.2,3.02,0.171,0.102,1.84,,,Ⅳ
2021-06-19T08:00:00+08:00,1624060800,25.1,7.12,4.85,558.3,42.2,2.9,0.169,0.102,1.78,,,Ⅳ
2021-06-19T12:00:00+08:00,1624075200,24.6,7.22,5.2,562.4,47.5,3.03,0.169,0.116,1.86,,,Ⅲ
2021-06-19T16:00:00+08:00,1624089600,25.2,7.23,5.26,554.7,41.4,3.04,0.18,0.112,1.89,,,Ⅲ
2021-06-19T20:00:00+08:00,1624104000,24.9,7.17,5.08,553.8,42.3,3.12,0.199,0.108,1.82,,,Ⅲ
2021-06-20T04:00:00+08:00,1624132800,24.7,7.11,4.51,555.2,42.2,3.09,0.192,0.111,1.95,,,Ⅳ
2021-06-20T08:00:00+08:00,1624147200,25.3,7.18,6.51,495.1,66.8,2.58,0.025,0.084,2.04,,,Ⅱ
2021-06-20T12:00:00+08:00,1624161600,25.5,7.17,6.52,495.2,36.0,,0.025,0.078,2.08,,,
2021-07-02T08:00:00+08:00,1625184000,26.7,7.16,6.18,535.9,49.6,2.51,0.025,0.016,1.82,,,Ⅱ
2021-07-02T12:00:00+08:00,1625198400,27.9,7.3,7.13,536.7,45.8,2.59,0.025,0.06,1.92,,,Ⅱ
2021-07-02T16:00:00+08:00,1625212800,27.9,7.48,7.69,540.8,46.2,2.66,0.025,0.062,1.88,,,Ⅱ
2021-07-02T20:00:00+08:00,1625227200,27.4,7.44,7.35,525.6,44.7,2.48,0.025,0.063,1.8,,,Ⅱ
2021-07-03T00:00:00+08:00,1625241600,27.2,7.34,6.97,551.4,45.8,2.5,0.025,0.061,1.85,,,Ⅱ
2021-07-03T04:00:00+08:00,1625256000,27.0,7.29,6.7,585.6,47.1,2.47,0.025,0.06,1.87,,,Ⅱ
2021-07-03T08:00:00+08:00,1625270400,27.0,7.28,6.73,557.5,49.6,2.53,0.025,0.057,1.9,,,Ⅱ
2021-07-03T12:00:00+08:00,1625284800,28.0,7.27,7.02,561.8,53.0,2.74,0.025,0.068,1.77,,,Ⅱ
2021-07-03T16:00:00+08:00,1625299200,28.4,7.42,7.58,578.0,50.7,2.96,0.025,0.067,1.79,,,Ⅱ
2021-07-03T20:00:00+08:00,1625313600,27.5,7.41,7.21,549.4,46.3,2.68,0.025,0.063,1.98,,,Ⅱ
2021-07-04T00:00:00+08:00,1625328000,27.2,7.32,6.81,570.8,46.7,2.6,0.025,0.064,1.86,,,Ⅱ
2021-07-04T04:00:00+08:00,1625342400,27.2,7.26,6.56,710.8,47.9,2.64,0.025,0.057,1.88,,,Ⅱ
2021-07-04T08:00:00+08:00,1625356800,27.2,7.34,6.89,671.7,45.6,3.0,0.025,0.064,1.89,,,Ⅱ
2021-07-04T12:00:00+08:00,1625371200,27.0,7.23,6.42,701.0,46.4,2.51,0.025,0.06,1.93,,,Ⅱ
2021-07-04T16:00:00+08:00,1625385600,27.0,7.23,6.46,705.6,48.3,2.54,0.025,0.056,1.8,,,Ⅱ
2021-07-04T20:00:00+08:00,1625400000,27.1,7.04,6.48,682.8,84.2,2.72,0.025,0.061,1.92,,,Ⅱ
2021-07-05T00:00:00+08:00,1625414400,26.9,7.04,6.42,573.4,41.0,2.58,0.025,0.066,2.03,,,Ⅱ
2021-07-05T04:00:00+08:00,1625428800,26.6,7.05,6.44,613.9,40.2,2.45,0.025,0.059,1.94,,,Ⅱ
2021-07-05T08:00:00+08:00,1625443200,26.9,7.09,6.43,634.2,41.5,2.5,0.025,0.061,1.86,,,Ⅱ
2021-07-05T12:00:00+08:00,1625457600,28.2,7.17,7.02,641.2,45.1,2.58,0.025,0.069,1.97,,,Ⅱ
2021-07-05T16:00:00+08:00,1625472000,29.9,6.83,7.34,595.3,28.3,2.58,0.025,0.015,1.57,,,Ⅱ
2021-07-05T20:00:00+08:00,1625486400,29.0,6.73,6.54,649.9,92.5,2.8,0.025,0.071,1.78,,,Ⅱ
2021-07-06T00:00:00+08:00,1625500800,27.6,6.99,6.48,656.2,44.7,2.84,0.025,0.056,2.01,,,Ⅱ
2021-07-06T04:00:00+08:00,1625515200,27.5,6.99,6.47,666.0,42.8,2.75,0.197,0.093,1.63,,,Ⅱ
2021-07-06T08:00:00+08:00,1625529600,27.5,7.07,6.7,672.2,45.9,2.94,0.025,0.104,1.9,,,Ⅲ
2021-07-06T12:00:00+08:00,1625544000,29.3,6.98,6.74,617.7,38.5,2.97,0.15,0.089,1.86,,,Ⅱ
2021-07-06T16:00:00+08:00,1625558400,31.1,7.1,7.36,607.4,35.0,2.99,0.116,0.079,1.89,,,Ⅱ
2021-07-07T04:00:00+08:00,1625601600,27.7,6.94,6.38,563.8,46.0,2.75,0.095,0.077,1.75,,,Ⅱ
2021-07-07T08:00:00+08:00,1625616000,28.2,7.02,6.6,589.8,44.6,2.88,0.648,0.076,1.85,,,Ⅲ
2021-07-07T12:00:00+08:00,1625630400,29.9,7.21,7.42,589.0,48.7,3.18,0.025,0.068,1.9,,,Ⅱ
2021-07-26T12:00:00+08:00,1627272000,23.7,7.71,6.4,733.0,128.9,,,,,,,
2021-07-26T16:00:00+08:00,1627286400,25.5,7.03,5.81,760.6,212.7,5.22,0.592,0.183,2.93,,,Ⅲ
2021-07-26T20:00:00+08:00,1627300800,25.2,6.99,5.7,767.9,544.0,6.93,0.583,0.29,2.86,,,Ⅳ
2021-07-27T04:00:00+08:00,1627329600,25.4,6.9,5.35,749.1,86.7,4.64,0.472,0.173,3.26,,,Ⅲ
2021-07-27T08:00:00+08:00,1627344000,25.2,6.85,5.18,798.4,355.6,6.31,0.464,0.288,3.52,,,Ⅳ
2021-07-27T12:00:00+08:00,1627358400,25.8,6.73,4.96,770.5,116.2,6.31,0.464,0.288,3.52,,,Ⅳ
2021-07-27T16:00:00+08:00,1627372800,25.9,6.73,5.19,787.0,98.8,5.52,0.542,0.173,3.31,,,Ⅲ
2021-07-27T20:00:00+08:00,1627387200,25.3,6.82,4.91,777.3,365.9,6.68,0.49,0.257,3.12,,,Ⅳ
2021-07-28T00:00:00+08:00,1627401600,25.5,6.75,4.41,777.6,94.4,5.51,0.472,0.221,3.38,,,Ⅳ
2021-07-28T10:22:00+08:00,1627438920,,,,,,,,,,,,
2021-07-28T13:30:00+08:00,1627450200,,,,,,,,,,,,
2021-07-28T16:30:00+08:00,1627461000,,,,,,,,,,,,
2021-07-28T19:43:00+08:00,1627472580,,,,,,,,,,,,
2021-07-28T22:43:00+08:00,1627483380,,,,,,,,,,,,
2021-07-29T10:45:00+08:00,1627526700,,,,,,,,,,,,
2021-07-29T13:49:00+08:00,1627537740,,,,,,,,,,,,
2021-07-29T16:50:00+08:00,1627548600,,,,,,,,,,,,
2021-07-29T19:50:00+08:00,1627559400,,,,,,,,,,,,
2021-07-29T22:50:00+08:00,1627570200,,,,,,,,,,,,
2021-07-30T08:00:00+08:00,1627603200,28.2,6.63,5.38,794.6,50.6,,,,,,,
2021-07-30T10:52:00+08:00,1627613520,,,,,,,,,,,,
2021-07-30T12:00:00+08:00,1627617600,28.9,6.58,4.8,826.7,44.7,4.76,0.367,0.133,2.81,,,Ⅳ
2021-08-06T04:00:00+08:00,1628193600,28.0,6.81,6.5,694.0,60.4,3.14,0.025,0.089,2.23,,,Ⅱ
2021-08-06T08:00:00+08:00,1628208000,28.3,6.87,6.71,686.2,57.0,3.21,0.025,0.114,2.25,,,Ⅲ
2021-09-23T12:00:00+08:00,1632369600,29.3,7.4,6.61,535.1,425.1,4.25,0.025,0.131,1.59,,,Ⅲ
2021-09-23T16:00:00+08:00,1632384000,29.1,7.48,6.59,691.3,177.0,3.18,0.025,0.096,1.85,,,Ⅱ
2021-09-23T20:00:00+08:00,1632398400,28.8,7.41,6.41,707.9,116.5,2.8,0.025,0.096,1.87,,,Ⅱ
2021-09-24T04:00:00+08:00,1632427200,28.3,7.4,6.44,714.7,93.7,2.5,0.025,0.061,1.91,,,Ⅱ
2021-10-28T08:00:00+08:00,1635379200,21.0,7.71,7.79,497.4,41.7,2.56,0.025,0.072,1.84,,,Ⅱ
2021-10-28T12:00:00+08:00,1635393600,21.6,7.69,8.29,487.5,40.9,2.7,0.025,0.075,1.82,,,Ⅱ
2021-10-28T16:00:00+08:00,1635408000,21.6,7.8,8.32,490.8,41.4,2.63,0.025,0.074,1.86,,,Ⅱ
2021-10-28T20:00:00+08:00,1635422400,21.0,7.71,7.86,495.8,42.4,2.55,0.025,0.072,1.83,,,Ⅱ
2021-10-29T00:00:00+08:00,1635436800,20.8,7.72,7.9,501.2,40.7,2.58,0.025,0.076,1.82,,,Ⅱ
2021-10-29T04:00:00+08:00,1635451200,20.7,7.72,7.84,493.0,40.8,2.65,0.025,0.076,1.83,,,Ⅱ
2021-10-29T08:00:00+08:00,1635465600,20.8,7.73,7.93,491.4,44.9,2.56,0.025,0.069,1.78,,,Ⅱ
2021-11-05T04:00:00+08:00,1636056000,20.8,7.7,7.66,508.2,151.5,2.64,0.025,0.075,,,,Ⅱ
2021-11-05T08:00:00+08:00,1636070400,20.8,7.71,7.7,504.2,143.4,2.75,0.025,0.083,,,,Ⅱ
2021-11-05T12:00:00+08:00,1636084800,20.8,7.8,8.02,792.6,447.0,4.03,0.025,0.136,0.05,,,Ⅲ
2021-11-05T16:00:00+08:00,1636099200,20.7,7.82,7.98,1042.6,292.0,3.68,0.025,0.109,0.38,,,Ⅲ
2021-11-05T20:00:00+08:00,1636113600,20.7,7.8,7.95,937.1,181.6,2.87,0.025,0.088,0.88,,,Ⅱ
2021-11-06T00:00:00+08:00,1636128000,20.6,7.74,7.6,693.5,140.3,2.97,0.067,0.119,1.14,,,Ⅲ
2021-11-06T04:00:00+08:00,1636142400,20.6,7.69,7.47,723.5,128.8,2.82,0.076,0.113,1.3,,,Ⅲ
2021-11-06T08:00:00+08:00,1636156800,20.5,7.69,7.47,714.5,118.4,2.7,0.025,0.005,1.42,,,Ⅱ
2021-11-06T12:00:00+08:00,1636171200,20.7,7.7,7.54,713.6,114.8,2.85,0.062,0.101,1.32,,,Ⅲ
2021-11-06T16:00:00+08:00,1636185600,20.8,7.6,6.62,623.0,105.6,3.13,0.165,0.142,1.47,,,Ⅲ
2021-11-06T20:00:00+08:00,1636200000,20.6,7.58,7.01,663.0,99.9,2.86,0.116,0.115,1.52,,,Ⅲ
2021-11-07T00:00:00+08:00,1636214400,20.6,7.58,6.78,684.7,96.3,2.99,0.129,0.113,1.54,,,Ⅲ
2021-11-07T04:00:00+08:00,1636228800,20.6,7.56,6.66,691.4,88.1,2.77,0.128,0.104,1.62,,,Ⅲ
2021-11-07T08:00:00+08:00,1636243200,20.6,7.58,6.76,692.0,97.6,2.85,0.135,0.114,1.5,,,Ⅲ
2021-11-07T12:00:00+08:00,1636257600,21.5,7.6,6.96,696.2,71.1,2.79,0.114,0.109,1.7,,,Ⅲ
2021-11-07T16:00:00+08:00,1636272000,21.2,7.49,6.07,624.7,69.0,2.97,0.197,0.111,1.78,,,Ⅲ
2021-11-07T20:00:00+08:00,1636286400,20.3,7.51,6.85,688.5,73.4,2.72,0.138,0.114,1.73,,,Ⅲ
2021-11-08T00:00:00+08:00,1636300800,19.9,7.51,6.4,652.6,77.4,2.98,0.239,0.127,1.88,,,Ⅲ
2021-11-08T04:00:00+08:00,1636315200,19.4,7.51,6.2,650.8,71.1,3.23,0.314,0.124,1.95,,,Ⅲ
2021-11-08T08:00:00+08:00,1636329600,19.0,7.56,6.66,663.7,71.9,3.03,0.288,0.111,1.93,,,Ⅲ
2021-11-08T12:00:00+08:00,1636344000,18.8,7.61,6.92,651.1,69.0,3.05,0.277,0.099,1.92,,,Ⅱ
2021-11-08T16:00:00+08:00,1636358400,18.5,7.62,7.02,663.7,81.1,3.34,0.322,0.131,1.92,,,Ⅲ
2021-11-08T20:00:00+08:00,1636372800,18.1,7.62,7.05,727.9,77.8,3.5,0.314,0.132,1.89,,,Ⅲ
2021-11-09T00:00:00+08:00,1636387200,17.7,7.59,6.98,718.9,68.4,3.09,0.3,0.127,1.94,,,Ⅲ
2021-11-09T04:00:00+08:00,1636401600,17.4,7.61,7.04,734.2,67.7,3.04,0.276,0.114,1.87,,,Ⅲ
2021-11-09T08:00:00+08:00,1636416000,17.4,7.63,7.02,740.6,67.4,3.31,0.296,0.113,1.9,,,Ⅲ
2021-11-09T20:00:00+08:00,1636459200,18.5,7.87,8.39,475.2,160.7,2.96,0.025,0.103,1.98,,,Ⅲ
2021-11-10T00:00:00+08:00,1636473600,18.5,7.94,8.32,474.2,143.4,2.61,0.025,0.087,1.93,,,Ⅱ
2021-11-10T04:00:00+08:00,1636488000,18.2,7.95,8.24,484.8,128.4,2.76,0.025,0.076,1.94,,,Ⅱ
2021-11-10T08:00:00+08:00,1636502400,18.2,7.97,8.31,486.8,125.3,2.56,0.025,0.074,2.0,,,Ⅱ
2021-11-10T12:00:00+08:00,1636516800,18.3,8.04,8.54,469.6,113.8,2.6,0.025,0.086,1.98,,,Ⅱ
2021-11-10T16:00:00+08:00,1636531200,18.6,7.98,8.26,466.0,434.2,3.78,0.025,0.123,2.0,,,Ⅲ
2021-11-10T20:00:00+08:00,1636545600,18.4,7.94,8.24,469.2,169.7,3.16,0.025,0.095,1.99,,,Ⅱ
2021-11-11T00:00:00+08:00,1636560000,18.3,7.92,8.2,483.7,141.6,2.56,0.025,0.07,2.03,,,Ⅱ
2021-11-11T08:00:00+08:00,1636588800,18.0,7.94,8.25,478.6,150.8,2.59,0.025,0.082,2.05,,,Ⅱ
2021-11-11T12:00:00+08:00,1636603200,18.3,8.0,8.35,474.4,104.3,2.44,0.025,0.08,2.07,,,Ⅱ
2021-11-11T16:00:00+08:00,1636617600,18.4,8.0,8.39,479.0,95.8,2.47,0.025,0.085,2.0,,,Ⅱ
2021-11-11T20:00:00+08:00,1636632000,17.9,7.96,8.3,481.2,94.9,2.64,0.025,0.055,2.12,,,Ⅱ
2021-11-12T00:00:00+08:00,1636646400,18.0,7.95,8.21,489.4,93.3,2.4,0.025,0.088,2.04,,,Ⅱ
2021-11-26T12:00:00+08:00,1637899200,17.2,7.72,8.48,491.6,70.5,2.4,0.025,0.068,1.51,,,Ⅱ
2021-11-26T16:00:00+08:00,1637913600,17.0,7.71,8.5,520.4,79.2,2.31,0.025,0.059,1.52,,,Ⅱ
2021-11-26T20:00:00+08:00,1637928000,16.6,7.69,8.44,525.0,73.4,2.34,0.025,0.076,1.52,,,Ⅱ
2021-11-27T04:00:00+08:00,1637956800,16.7,7.67,8.44,531.5,71.6,2.29,0.025,0.045,1.49,,,Ⅱ
2021-11-27T08:00:00+08:00,1637971200,16.7,7.65,8.33,511.6,76.8,2.44,0.025,0.066,1.45,,,Ⅱ
2021-11-27T12:00:00+08:00,1637985600,17.0,7.68,8.33,520.7,69.8,2.41,0.025,0.069,1.65,,,Ⅱ
2021-11-27T16:00:00+08:00,1638000000,16.6,7.68,8.21,524.1,80.5,2.36,0.025,0.077,1.49,,,Ⅱ
2021-11-27T20:00:00+08:00,1638014400,16.5,7.66,8.25,533.1,79.8,2.37,0.025,0.069,1.43,,,Ⅱ
2021-11-28T04:00:00+08:00,1638043200,16.6,7.66,8.0,561.6,85.2,2.44,0.025,0.078,1.4,,,Ⅱ
2021-11-28T08:00:00+08:00,1638057600,16.7,7.69,8.22,538.0,68.6,2.43,0.025,0.082,1.52,,,Ⅱ
2021-11-28T16:00:00+08:00,1638086400,17.2,7.71,8.26,540.5,60.6,3.18,0.034,0.066,1.56,,,Ⅱ
2021-11-28T20:00:00+08:00,1638100800,17.0,7.66,8.13,546.1,60.4,3.36,0.025,0.058,1.56,,,Ⅱ
2021-11-29T04:00:00+08:00,1638129600,16.8,7.66,7.99,555.7,55.6,3.35,0.025,0.071,1.68,,,Ⅱ
2021-11-29T08:00:00+08:00,1638144000,16.9,7.68,8.1,547.2,51.0,3.37,0.037,0.064,1.57,,,Ⅱ
2021-11-29T12:00:00+08:00,1638158400,17.5,7.69,8.16,515.2,50.2,3.31,0.025,0.093,1.56,,,Ⅱ
2021-11-30T04:00:00+08:00,1638216000,17.4,7.69,8.25,490.0,45.3,0.82,0.025,0.097,1.61,,,Ⅱ
2021-11-30T12:00:00+08:00,1638244800,17.1,7.72,8.52,521.2,55.9,2.04,0.025,0.077,1.65,,,Ⅱ
2021-11-30T16:00:00+08:00,1638259200,17.2,7.77,9.28,492.1,3.4,2.14,0.025,0.083,1.56,,,Ⅱ
2021-11-30T20:00:00+08:00,1638273600,22.4,7.44,8.21,437.1,6.6,2.19,0.073,0.106,1.64,,,Ⅲ
2021-12-01T04:00:00+08:00,1638302400,22.0,7.45,7.92,508.2,16.5,2.45,0.11,0.07,1.68,,,Ⅱ
2021-12-01T12:00:00+08:00,1638331200,19.2,7.75,9.02,467.0,210.4,2.57,0.025,0.108,1.15,,,Ⅲ
2021-12-01T16:00:00+08:00,1638345600,18.9,7.75,9.05,473.2,148.2,2.37,0.025,0.098,1.2,,,Ⅱ
2021-12-01T20:00:00+08:00,1638360000,16.6,7.77,9.14,503.4,118.1,2.59,0.025,0.077,1.34,,,Ⅱ
2021-12-02T04:00:00+08:00,1638388800,20.3,7.68,8.57,460.5,76.7,2.27,0.034,0.098,1.52,,,Ⅱ
2021-12-02T08:00:00+08:00,1638403200,19.8,7.56,8.6,515.6,121.5,2.55,0.105,0.081,1.43,,,Ⅱ
2021-12-03T12:00:00+08:00,1638504000,16.2,7.75,9.15,1032.3,1782.4,7.64,0.025,0.033,,,,Ⅳ
2021-12-07T16:00:00+08:00,1638864000,18.8,8.0,8.96,21.0,1.0,3.5,0.131,0.077,1.6,,,Ⅱ
2021-12-07T17:52:00+08:00,1638870720,,,,,,,,,,,,
2021-12-08T04:00:00+08:00,1638907200,23.0,7.91,7.83,11.6,1.0,3.27,0.03,0.072,1.58,,,Ⅱ
2021-12-08T08:00:00+08:00,1638921600,23.0,7.86,7.86,5.8,1.0,3.19,0.117,0.071,1.65,,,Ⅱ
2021-12-08T16:00:00+08:00,1638950400,18.4,7.81,9.06,2766.8,46.7,3.45,0.025,0.076,1.56,,,Ⅱ
2021-12-08T20:00:00+08:00,1638964800,16.3,7.84,9.0,2861.1,41.8,3.34,0.025,0.078,1.59,,,Ⅱ
2021-12-09T04:00:00+08:00,1638993600,16.0,7.82,8.98,2844.0,35.0,3.03,0.026,0.07,1.71,,,Ⅱ
2021-12-09T08:00:00+08:00,1639008000,20.6,7.84,8.64,24.3,1.4,2.93,0.094,0.005,,,,Ⅱ
2021-12-09T12:00:00+08:00,1639022400,20.3,7.69,8.82,,32.9,3.27,0.038,0.057,1.77,,,Ⅱ
2021-12-10T08:00:00+08:00,1639094400,17.6,7.76,9.01,2478.7,41.4,2.97,0.126,0.065,1.69,,,Ⅱ
2021-12-10T12:00:00+08:00,1639108800,17.5,7.89,9.36,2592.5,32.3,2.97,0.126,0.065,1.69,,,Ⅱ
2021-12-14T04:00:00+08:00,1639425600,16.5,8.1,10.22,2825.2,25.0,3.35,0.025,0.074,1.86,,,Ⅱ
2021-12-14T12:00:00+08:00,1639454400,16.8,8.07,10.14,2865.4,22.6,3.24,0.062,0.081,1.92,,,Ⅱ
2021-12-14T16:00:00+08:00,1639468800,16.8,8.25,10.77,2815.3,23.7,3.61,0.036,0.082,1.92,,,Ⅱ
2021-12-14T20:00:00+08:00,1639483200,16.8,8.14,10.38,2934.5,23.2,3.34,0.03,0.082,1.89,,,Ⅱ
2021-12-15T04:00:00+08:00,1639512000,16.7,8.08,10.24,2993.5,21.7,3.39,0.026,0.076,1.98,,,Ⅱ
2021-12-21T08:00:00+08:00,1640044800,15.3,7.6,9.72,732.2,85.8,2.25,0.11,0.042,,,,Ⅱ
2021-12-21T12:00:00+08:00,1640059200,16.0,7.79,9.46,1516.5,1012.5,5.47,0.025,0.042,,,,Ⅲ
2021-12-22T04:00:00+08:00,1640116800,15.8,7.69,9.02,1135.5,99.4,2.34,0.059,0.09,1.47,,,Ⅱ
2021-12-22T12:00:00+08:00,1640145600,15.7,7.74,9.12,1086.7,78.6,2.21,0.101,0.084,1.62,,,Ⅱ
2021-12-22T16:00:00+08:00,1640160000,16.6,7.71,9.05,1374.5,74.8,2.58,0.064,0.088,1.65,,,Ⅱ
2021-12-22T20:00:00+08:00,1640174400,16.4,7.69,9.09,1379.9,71.2,2.42,0.054,0.079,1.61,,,Ⅱ
2021-12-23T00:00:00+08:00,1640188800,16.0,7.7,9.14,1340.7,60.6,2.5,0.064,0.072,1.7,,,Ⅱ
2021-12-23T04:00:00+08:00,1640203200,15.7,7.71,9.13,1328.2,64.7,2.33,0.067,0.076,1.72,,,Ⅱ
2021-12-23T08:00:00+08:00,1640217600,15.5,7.74,9.18,1322.2,91.2,2.43,0.148,0.099,1.48,,,Ⅱ
2021-12-23T12:00:00+08:00,1640232000,16.0,7.76,9.27,1671.4,49.3,2.69,0.1,0.077,1.76,,,Ⅱ
2021-12-23T16:00:00+08:00,1640246400,17.0,7.75,9.25,2053.6,45.5,3.04,0.032,0.069,1.69,,,Ⅱ
2021-12-23T20:00:00+08:00,1640260800,16.1,7.77,9.28,1861.9,41.1,2.67,0.043,0.082,1.76,,,Ⅱ
2021-12-24T00:00:00+08:00,1640275200,16.5,7.72,9.15,1803.6,41.7,2.65,0.04,0.086,1.8,,,Ⅱ
2021-12-24T12:00:00+08:00,1640318400,16.6,7.75,9.23,1695.2,36.9,2.7,0.062,0.089,1.77,,,Ⅱ
2021-12-27T12:00:00+08:00,1640577600,11.9,7.98,10.72,1408.9,33.7,2.55,0.185,0.04,2.18,,,Ⅱ
2021-12-27T16:00:00+08:00,1640592000,12.8,7.93,10.85,1395.4,27.0,2.69,0.177,0.068,2.33,,,Ⅱ
2021-12-27T20:00:00+08:00,1640606400,12.2,7.94,10.59,1415.3,33.2,2.27,0.155,0.066,2.18,,,Ⅱ
2021-12-28T00:00:00+08:00,1640620800,11.7,7.94,10.57,1480.3,27.4,2.34,0.153,0.073,2.08,,,Ⅱ
2021-12-28T04:00:00+08:00,1640635200,11.4,7.94,10.58,1450.2,30.4,2.44,0.16,0.082,2.18,,,Ⅱ
2021-12-28T12:00:00+08:00,1640664000,12.3,7.94,10.51,1456.9,21.3,2.58,0.231,0.085,2.23,,,Ⅱ
2021-12-30T08:00:00+08:00,1640822400,21.9,7.47,8.36,0.02,1.2,8.68,,0.005,,,,
2022-01-11T04:00:00+08:00,1641844800,11.1,8.32,9.43,1702.2,279.4,5.49,0.779,0.075,3.04,,,Ⅲ
2022-01-11T08:00:00+08:00,1641859200,10.9,8.33,9.48,1592.7,305.8,5.16,0.737,0.054,2.94,,,Ⅲ
2022-01-11T12:00:00+08:00,1641873600,11.4,8.47,10.06,1465.8,323.6,5.36,0.696,0.071,2.95,,,Ⅲ
2022-01-12T04:00:00+08:00,1641931200,10.3,8.39,9.71,1515.0,409.2,5.28,0.724,0.062,2.96,,,Ⅲ
2022-01-12T08:00:00+08:00,1641945600,10.1,8.32,9.66,1322.7,462.9,5.12,0.724,0.051,2.93,,,Ⅲ
2022-01-12T12:00:00+08:00,1641960000,10.6,8.54,10.42,1370.3,512.8,5.57,0.102,0.087,10.53,,,Ⅲ
2022-01-14T12:00:00+08:00,1642132800,9.9,8.43,9.91,1258.9,530.8,4.58,0.651,0.054,,,,Ⅲ
2022-01-14T16:00:00+08:00,1642147200,10.2,8.55,10.48,1290.6,531.8,4.88,0.721,0.055,,,,Ⅲ
2022-01-19T04:00:00+08:00,1642536000,11.3,8.48,10.51,938.1,206.2,5.46,0.831,0.058,3.19,,,Ⅲ
2022-01-19T08:00:00+08:00,1642550400,11.0,8.48,10.27,1008.1,310.3,5.42,0.752,0.078,3.0,,,Ⅲ
2022-01-19T16:00:00+08:00,1642579200,12.7,8.54,10.33,1148.0,356.7,5.51,0.671,0.06,2.79,,,Ⅲ
2022-01-19T20:00:00+08:00,1642593600,12.1,8.55,10.47,1103.8,279.9,5.53,0.653,0.063,2.92,,,Ⅲ
2022-01-20T04:00:00+08:00,1642622400,11.7,8.37,9.62,1071.1,171.6,5.14,0.714,0.065,2.82,,,Ⅲ
2022-01-20T08:00:00+08:00,1642636800,11.5,8.33,9.46,1094.8,185.0,5.13,0.759,0.046,2.8,,,Ⅲ
2022-01-20T12:00:00+08:00,1642651200,11.7,8.44,10.08,1066.4,146.9,5.24,0.675,0.065,2.79,,,Ⅲ
2022-01-20T16:00:00+08:00,1642665600,12.3,8.48,10.13,1079.5,140.5,5.3,0.674,0.055,2.86,,,Ⅲ
2022-01-20T20:00:00+08:00,1642680000,11.6,8.34,9.53,1056.0,190.4,5.16,0.78,0.218,2.92,,,Ⅳ
2022-01-21T04:00:00+08:00,1642708800,11.1,8.15,8.68,1032.3,192.7,5.22,1.05,0.049,3.17,,,Ⅳ
2022-01-21T08:00:00+08:00,1642723200,11.0,8.11,8.48,1085.6,185.7,5.42,1.237,0.067,3.2,,,Ⅳ
2022-01-21T12:00:00+08:00,1642737600,10.8,8.22,9.01,1151.6,211.0,5.22,1.068,0.057,3.13,,,Ⅳ
2022-02-10T08:00:00+08:00,1644451200,10.4,8.04,8.11,410.5,58.0,2.54,0.025,0.09,2.02,,,Ⅱ
2022-02-10T12:00:00+08:00,1644465600,11.0,7.96,8.66,403.8,44.9,2.54,0.025,0.075,1.93,,,Ⅱ
2022-02-11T04:00:00+08:00,1644523200,10.2,8.04,8.03,418.8,51.5,2.6,0.025,0.094,2.06,,,Ⅱ
2022-02-11T12:00:00+08:00,1644552000,9.6,8.07,8.2,419.0,49.6,2.36,0.025,0.107,2.04,,,Ⅲ
2022-02-11T20:00:00+08:00,1644580800,9.8,8.02,10.71,420.9,50.8,2.26,0.025,0.095,2.1,,,Ⅱ
2022-02-12T04:00:00+08:00,1644609600,10.3,7.96,10.65,431.0,47.0,2.42,0.025,0.088,2.21,,,Ⅲ
2022-02-12T16:00:00+08:00,1644652800,10.7,7.97,10.72,428.3,41.1,2.35,0.025,0.088,2.22,,,Ⅱ
2022-02-12T20:00:00+08:00,1644667200,10.5,7.96,10.59,430.5,41.7,2.39,0.026,0.098,2.19,,,Ⅱ
2022-02-13T04:00:00+08:00,1644696000,10.5,7.95,10.59,425.2,41.3,2.3,0.025,0.079,2.19,,,Ⅱ
2022-02-13T08:00:00+08:00,1644710400,10.4,7.96,10.6,429.4,43.0,2.34,0.025,0.092,2.13,,,Ⅱ
2022-02-13T12:00:00+08:00,1644724800,10.4,7.99,10.78,420.2,38.3,2.45,0.026,0.079,2.2,,,Ⅱ
2022-02-13T16:00:00+08:00,1644739200,9.8,8.01,10.82,423.9,37.1,2.23,0.025,0.089,2.24,,,Ⅱ
2022-02-13T20:00:00+08:00,1644753600,10.3,7.98,10.64,426.8,41.3,2.44,0.025,0.102,2.25,,,Ⅱ
2022-02-14T00:00:00+08:00,1644768000,10.4,7.93,10.06,444.9,41.1,2.6,0.467,0.113,2.44,,,Ⅲ
2022-02-18T04:00:00+08:00,1645128000,10.0,7.91,11.21,402.1,100.1,2.68,0.043,0.032,2.12,,,Ⅱ
2022-02-18T08:00:00+08:00,1645142400,10.0,7.93,11.2,407.3,100.4,2.76,0.025,0.024,2.18,,,Ⅱ
2022-02-18T12:00:00+08:00,1645156800,9.5,7.95,11.35,397.2,327.9,3.27,0.155,0.013,1.58,,,Ⅱ
2022-02-18T16:00:00+08:00,1645171200,10.2,7.92,11.24,399.4,197.3,3.14,0.136,0.027,1.74,,,Ⅱ
2022-02-18T20:00:00+08:00,1645185600,10.1,7.92,11.2,355.2,126.3,2.76,0.041,0.018,1.92,,,Ⅱ
2022-02-19T00:00:00+08:00,1645200000,10.2,7.9,11.18,366.9,112.2,2.73,0.025,0.026,2.01,,,Ⅱ
2022-02-19T04:00:00+08:00,1645214400,10.1,7.91,11.14,392.4,107.3,2.78,0.025,0.03,2.11,,,Ⅱ
2022-02-22T08:00:00+08:00,1645488000,10.7,7.88,11.19,396.0,85.8,2.49,0.025,0.036,2.08,,,Ⅱ
2022-02-22T12:00:00+08:00,1645502400,11.2,7.88,11.19,399.7,76.6,2.6,0.025,0.035,2.1,,,Ⅱ
2022-02-22T16:00:00+08:00,1645516800,11.0,7.86,11.15,393.9,208.3,2.73,0.06,0.025,1.66,,,Ⅱ
2022-02-22T20:00:00+08:00,1645531200,11.0,7.85,11.1,395.7,103.8,2.58,0.025,0.042,2.03,,,Ⅱ
2022-02-23T00:00:00+08:00,1645545600,10.9,7.84,11.11,395.8,91.9,2.46,0.025,0.031,2.05,,,Ⅱ
2022-02-23T04:00:00+08:00,1645560000,10.8,7.84,11.07,393.8,89.8,2.46,0.038,0.028,2.06,,,Ⅱ
2022-02-23T12:00:00+08:00,1645588800,11.4,7.86,11.11,397.2,77.2,2.3,0.025,0.029,,,,Ⅱ
2022-02-23T16:00:00+08:00,1645603200,11.4,7.88,11.11,398.8,141.9,2.76,0.025,0.023,1.94,,,Ⅱ
2022-03-01T08:00:00+08:00,1646092800,14.3,7.75,10.26,428.1,75.8,3.64,0.063,0.078,2.43,,,Ⅱ
2022-03-01T10:33:00+08:00,1646101980,,,,,,,,,,,,
2022-03-01T12:00:00+08:00,1646107200,13.0,7.71,10.73,411.3,281.9,4.52,0.532,0.121,,,,Ⅲ
2022-03-02T04:00:00+08:00,1646164800,13.8,7.64,9.6,409.8,72.2,3.67,2.164,0.086,,,,劣Ⅴ
2022-03-02T08:00:00+08:00,1646179200,17.8,7.31,8.92,375.0,45.8,3.67,,0.005,,,,
2022-03-07T08:00:00+08:00,1646611200,19.3,7.23,8.61,324.5,9.9,7.72,,0.005,,,,
2022-03-08T04:00:00+08:00,1646683200,13.9,7.67,10.06,334.2,92.9,3.02,0.12,0.084,1.82,,,Ⅱ
2022-03-08T08:00:00+08:00,1646697600,14.0,7.68,10.08,317.9,98.5,2.93,0.134,0.069,1.78,,,Ⅱ
2022-03-08T12:00:00+08:00,1646712000,15.7,7.67,10.0,338.5,86.3,3.02,0.104,0.058,1.84,,,Ⅱ
2022-03-08T16:00:00+08:00,1646726400,16.6,7.67,9.88,328.8,87.6,3.02,0.061,0.083,1.86,,,Ⅱ
2022-03-08T20:00:00+08:00,1646740800,15.9,7.67,9.82,342.5,102.6,3.0,0.067,0.061,1.93,,,Ⅱ
2022-03-09T00:00:00+08:00,1646755200,15.2,7.67,9.77,331.8,103.0,2.93,0.069,0.068,1.94,,,Ⅱ
2022-03-09T04:00:00+08:00,1646769600,14.8,7.68,9.78,340.4,102.8,2.84,0.062,0.054,1.96,,,Ⅱ
2022-03-09T08:00:00+08:00,1646784000,14.8,7.71,9.97,338.6,88.3,2.86,0.056,0.082,1.9,,,Ⅱ
2022-03-09T12:00:00+08:00,1646798400,15.8,7.63,10.24,322.2,94.2,2.65,0.025,0.066,1.88,,,Ⅱ
2022-03-10T04:00:00+08:00,1646856000,14.8,7.67,9.6,342.5,100.5,2.83,0.054,0.067,1.93,,,Ⅱ
2022-03-10T08:00:00+08:00,1646870400,15.0,7.69,9.75,338.3,104.8,3.1,0.047,0.054,1.93,,,Ⅱ
2022-03-10T12:00:00+08:00,1646884800,16.6,7.72,9.91,337.7,120.2,3.08,0.059,0.076,1.87,,,Ⅱ
2022-03-11T04:00:00+08:00,1646942400,16.9,7.71,9.58,340.7,72.4,2.89,0.025,0.052,2.02,,,Ⅱ
2022-03-11T08:00:00+08:00,1646956800,16.8,7.73,9.69,346.4,85.5,3.1,0.025,0.053,2.19,,,Ⅱ
2022-03-11T12:00:00+08:00,1646971200,18.0,7.88,10.39,344.8,96.2,3.2,0.025,0.059,2.04,,,Ⅱ
2022-03-11T16:00:00+08:00,1646985600,17.8,7.75,10.0,339.2,139.0,3.02,0.025,0.081,1.98,,,Ⅱ
2022-03-12T16:00:00+08:00,1647072000,18.6,7.52,10.02,336.5,49.4,3.09,0.034,0.056,2.1,,,Ⅱ
2022-03-12T20:00:00+08:00,1647086400,19.0,7.74,9.16,343.8,95.7,3.41,0.136,0.077,2.18,,,Ⅱ
2022-03-13T04:00:00+08:00,1647115200,19.1,7.98,9.8,358.7,124.9,3.6,0.033,0.059,2.04,,,Ⅱ
2022-03-13T08:00:00+08:00,1647129600,19.1,8.15,10.27,352.0,203.3,3.49,0.025,0.074,2.01,,,Ⅱ
2022-03-13T12:00:00+08:00,1647144000,19.8,8.36,10.95,358.9,239.1,3.5,0.025,0.049,2.05,,,Ⅱ
2022-03-13T16:00:00+08:00,1647158400,22.2,8.59,11.66,349.5,558.7,4.48,0.026,0.056,2.02,,,Ⅲ
2022-03-13T20:00:00+08:00,1647172800,20.4,8.5,11.76,350.2,571.3,3.59,0.04,0.053,2.15,,,Ⅱ
2022-03-14T04:00:00+08:00,1647201600,19.0,8.05,10.36,357.1,667.3,3.33,0.051,0.046,2.01,,,Ⅱ
2022-03-14T12:00:00+08:00,1647230400,21.3,8.43,11.26,345.4,625.0,4.09,0.047,0.046,2.11,,,Ⅲ
2022-03-14T16:00:00+08:00,1647244800,21.1,8.69,12.31,345.3,585.4,4.55,0.057,0.068,2.11,,,Ⅲ
2022-03-15T08:00:00+08:00,1647302400,18.1,8.22,10.0,367.6,765.0,3.87,0.106,0.052,2.15,,,Ⅱ
2022-03-15T16:00:00+08:00,1647331200,17.9,7.67,9.5,1275.8,634.8,3.91,0.236,0.022,1.96,,,Ⅱ
2022-03-15T20:00:00+08:00,1647345600,18.0,7.71,9.47,1131.0,759.5,4.05,0.226,0.026,1.96,,,Ⅲ
2022-03-16T00:00:00+08:00,1647360000,17.8,7.72,9.24,903.1,699.3,3.81,0.22,0.026,2.05,,,Ⅲ
2022-03-16T08:00:00+08:00,1647388800,17.8,7.75,9.33,726.9,610.5,3.46,0.156,0.013,2.06,,,Ⅱ
2022-03-16T12:00:00+08:00,1647403200,17.2,7.62,9.54,1126.6,630.0,5.33,0.207,0.107,1.21,,,Ⅲ
2022-03-16T16:00:00+08:00,1647417600,18.0,7.62,9.28,959.0,471.7,3.97,0.06,0.053,1.82,,,Ⅱ
2022-03-16T20:00:00+08:00,1647432000,18.4,7.57,8.94,887.1,494.9,3.74,0.135,0.05,1.88,,,Ⅱ
2022-03-17T00:00:00+08:00,1647446400,18.4,7.57,8.71,802.5,396.0,3.84,0.166,0.086,1.96,,,Ⅱ
2022-03-17T04:00:00+08:00,1647460800,18.1,7.54,8.75,912.5,406.5,3.55,0.137,0.063,1.91,,,Ⅱ
2022-03-17T08:00:00+08:00,1647475200,17.3,7.59,9.11,1092.0,457.5,3.73,0.138,0.057,1.85,,,Ⅱ
2022-03-17T12:00:00+08:00,1647489600,17.0,7.65,9.53,563.0,600.6,5.26,0.748,0.144,0.92,,,Ⅲ
2022-03-17T16:00:00+08:00,1647504000,17.3,7.62,9.06,725.5,596.5,3.98,0.228,0.088,1.52,,,Ⅱ
2022-03-18T08:00:00+08:00,1647561600,18.4,7.32,8.26,475.6,386.6,3.28,0.043,0.055,1.76,,,Ⅱ
2022-03-18T12:00:00+08:00,1647576000,18.6,7.34,8.49,384.0,356.4,3.62,0.406,0.086,1.46,,,Ⅱ
2022-03-18T16:00:00+08:00,1647590400,19.0,7.32,8.71,321.2,332.5,3.08,0.192,0.044,1.64,,,Ⅱ
2022-03-23T08:00:00+08:00,1647993600,15.9,6.23,8.78,364.9,35.0,3.39,0.04,0.089,2.0,,,Ⅱ
2022-03-24T12:00:00+08:00,1648094400,18.6,6.25,8.24,382.6,32.1,3.13,0.162,0.045,2.1,,,Ⅱ
2022-03-24T16:00:00+08:00,1648108800,19.5,6.23,8.28,378.4,26.8,3.1,0.146,0.087,2.14,,,Ⅱ
2022-03-24T20:00:00+08:00,1648123200,18.8,6.24,8.09,376.7,53.3,3.87,0.095,0.112,1.81,,,Ⅲ
2022-03-25T00:00:00+08:00,1648137600,18.8,6.15,7.22,392.4,52.6,3.66,0.34,0.098,2.24,,,Ⅱ
2022-03-25T04:00:00+08:00,1648152000,18.9,6.14,6.92,406.6,50.7,3.6,0.416,0.093,2.31,,,Ⅱ
2022-03-25T08:00:00+08:00,1648166400,19.0,6.15,6.89,404.4,43.6,3.3,0.454,0.096,2.37,,,Ⅱ
2022-03-25T12:00:00+08:00,1648180800,19.2,6.16,6.98,397.6,39.1,3.34,0.437,0.084,2.34,,,Ⅱ
2022-03-25T16:00:00+08:00,1648195200,19.6,6.16,7.08,398.0,34.7,3.31,0.456,0.131,2.41,,,Ⅲ
2022-03-25T20:00:00+08:00,1648209600,19.9,6.16,6.67,411.0,27.0,3.62,0.539,0.098,2.4,,,Ⅲ
2022-03-26T00:00:00+08:00,1648224000,19.8,6.13,6.61,411.2,23.4,3.73,0.531,0.11,2.38,,,Ⅲ
2022-03-26T04:00:00+08:00,1648238400,19.3,6.14,6.86,408.9,24.9,3.44,0.523,0.094,2.43,,,Ⅲ
2022-03-26T08:00:00+08:00,1648252800,19.3,6.13,6.87,408.2,22.4,3.36,0.559,0.104,2.44,,,Ⅲ
2022-03-26T12:00:00+08:00,1648267200,19.2,6.11,8.49,366.0,12.7,1.38,0.164,0.016,1.97,,,Ⅱ
2022-03-26T16:00:00+08:00,1648281600,19.8,6.18,7.58,400.6,17.2,2.79,0.528,0.1,2.47,,,Ⅲ
2022-03-26T20:00:00+08:00,1648296000,19.6,6.15,6.89,410.7,13.0,3.22,0.541,0.111,2.5,,,Ⅲ
2022-03-27T00:00:00+08:00,1648310400,19.4,6.12,6.51,413.4,11.0,3.23,0.52,0.089,2.55,,,Ⅲ
2022-03-27T04:00:00+08:00,1648324800,19.1,6.11,6.62,411.9,9.5,3.23,0.507,0.091,2.56,,,Ⅲ
2022-03-27T08:00:00+08:00,1648339200,19.3,6.13,6.39,412.0,10.6,3.26,0.506,0.102,2.5,,,Ⅲ
2022-03-27T12:00:00+08:00,1648353600,20.6,6.14,6.71,416.0,10.4,2.8,0.453,0.1,2.48,,,Ⅱ
2022-03-27T16:00:00+08:00,1648368000,20.8,6.14,7.03,408.6,8.6,3.22,0.463,0.094,2.52,,,Ⅱ
2022-03-27T20:00:00+08:00,1648382400,20.0,6.12,6.88,410.4,8.7,2.97,0.497,0.125,2.54,,,Ⅲ
2022-03-28T04:00:00+08:00,1648411200,19.3,6.13,6.32,421.6,10.9,3.05,0.52,0.091,2.58,,,Ⅲ
2022-03-28T08:00:00+08:00,1648425600,18.8,6.14,6.63,406.8,11.0,2.94,0.529,0.078,2.54,,,Ⅲ
2022-03-28T12:00:00+08:00,1648440000,19.2,6.15,6.85,405.2,12.1,2.76,0.452,0.09,2.51,,,Ⅱ
2022-03-28T16:00:00+08:00,1648454400,19.5,6.18,7.12,402.5,11.0,2.83,0.488,0.09,2.52,,,Ⅱ
2022-03-28T20:00:00+08:00,1648468800,18.7,6.18,6.83,406.6,14.7,2.88,0.537,0.112,2.51,,,Ⅲ
2022-03-29T04:00:00+08:00,1648497600,16.0,6.19,9.09,380.6,7.1,2.74,0.486,0.09,,,,Ⅱ
2022-03-29T12:00:00+08:00,1648526400,18.9,6.23,7.37,418.5,17.9,2.69,0.552,0.092,,,,Ⅲ
2022-03-29T16:00:00+08:00,1648540800,19.2,6.23,7.32,418.9,16.7,2.51,0.523,0.096,,,,Ⅲ
2022-03-29T20:00:00+08:00,1648555200,18.9,6.2,7.53,418.7,62.9,2.86,0.316,0.118,,,,Ⅲ
2022-03-30T04:00:00+08:00,1648584000,18.6,6.18,6.88,435.3,12.3,2.94,0.576,0.101,,,,Ⅲ
2022-03-30T12:00:00+08:00,1648612800,19.8,6.21,7.88,386.8,114.8,3.3,0.181,0.377,,,,Ⅴ
2022-03-30T16:00:00+08:00,1648627200,20.5,6.19,7.71,391.1,57.5,2.8,,0.377,,,,
2022-03-30T20:00:00+08:00,1648641600,19.9,6.19,7.77,401.0,42.0,2.65,,0.377,,,,
2022-03-31T04:00:00+08:00,1648670400,19.1,6.18,7.7,398.3,34.4,2.62,,0.377,,,,
2022-03-31T08:00:00+08:00,1648684800,19.0,6.21,7.76,398.3,38.1,2.78,,0.377,,,,
2022-03-31T12:00:00+08:00,1648699200,19.0,6.24,8.24,381.1,117.6,2.95,,0.377,,,,
2022-03-31T16:00:00+08:00,1648713600,18.8,6.26,8.48,382.1,77.6,2.73,,0.377,,,,
2022-03-31T20:00:00+08:00,1648728000,18.4,6.26,8.18,386.5,53.2,2.51,,0.377,,,,
2022-04-01T04:00:00+08:00,1648756800,17.7,6.27,8.45,391.5,52.0,2.68,,0.377,,,,
2022-04-01T12:00:00+08:00,1648785600,18.6,6.28,8.54,376.0,102.6,2.96,,0.377,,,,
2022-04-01T16:00:00+08:00,1648800000,19.0,6.26,8.52,383.3,60.2,2.76,,0.377,,,,
2022-04-01T20:00:00+08:00,1648814400,18.5,6.26,8.22,384.0,49.7,2.37,,0.377,,,,
2022-04-02T04:00:00+08:00,1648843200,17.6,6.24,8.22,389.0,37.3,2.34,,0.377,,,,
2022-04-02T08:00:00+08:00,1648857600,17.9,6.26,8.32,395.6,41.8,2.35,,0.377,,,,
2022-04-02T16:00:00+08:00,1648886400,19.1,6.25,8.55,374.9,65.6,2.08,,0.377,,,,
2022-04-02T20:00:00+08:00,1648900800,18.4,6.24,8.28,380.6,46.1,2.3,,0.377,,,,
2022-04-03T04:00:00+08:00,1648929600,17.9,6.22,8.3,383.0,36.7,2.23,,0.377,,,,
2022-04-03T08:00:00+08:00,1648944000,18.2,6.24,8.32,383.1,41.3,2.32,,0.377,,,,
2022-04-03T12:00:00+08:00,1648958400,18.5,6.24,9.12,380.3,65.0,2.72,,0.377,,,,
2022-04-03T16:00:00+08:00,1648972800,17.8,6.17,9.72,358.8,39.0,2.36,,0.377,,,,
2022-04-03T20:00:00+08:00,1648987200,18.5,6.23,8.43,372.4,60.2,2.34,,0.377,,,,
2022-04-04T04:00:00+08:00,1649016000,18.0,6.25,8.41,375.6,59.8,2.12,,0.377,,,,
2022-04-04T08:00:00+08:00,1649030400,18.5,6.28,8.4,373.6,61.6,2.39,,0.377,,,,
2022-04-04T12:00:00+08:00,1649044800,19.3,6.29,8.99,372.1,65.1,2.24,,0.377,,,,
2022-04-04T16:00:00+08:00,1649059200,19.4,6.32,8.67,371.8,71.2,2.18,,0.377,,,,
2022-04-04T20:00:00+08:00,1649073600,18.9,6.3,8.26,383.5,67.1,1.77,,0.377,,,,
2022-04-05T04:00:00+08:00,1649102400,18.3,6.29,8.13,385.4,63.7,2.06,,0.377,,,,
2022-04-05T08:00:00+08:00,1649116800,18.3,6.31,8.15,382.5,56.8,2.14,,0.377,,,,
2022-04-05T12:00:00+08:00,1649131200,19.1,6.36,8.53,382.9,38.1,1.99,,0.377,,,,
2022-04-05T16:00:00+08:00,1649145600,19.5,6.42,9.09,360.0,30.3,1.88,,0.377,,,,
2022-04-05T20:00:00+08:00,1649160000,19.3,6.36,8.56,366.7,25.9,2.05,,0.377,,,,
2022-04-06T04:00:00+08:00,1649188800,18.3,6.32,8.7,375.2,25.6,1.96,,0.377,,,,
2022-04-06T08:00:00+08:00,1649203200,18.7,6.34,8.74,385.3,38.3,1.89,,0.377,,,,
2022-04-06T12:00:00+08:00,1649217600,20.4,6.37,9.13,382.4,37.2,2.26,,0.377,,,,
2022-04-06T16:00:00+08:00,1649232000,20.2,6.36,9.02,378.7,50.8,1.97,,0.377,,,,
2022-04-06T20:00:00+08:00,1649246400,19.3,6.34,8.68,389.2,57.7,2.21,,0.377,,,,
2022-04-07T04:00:00+08:00,1649275200,18.8,6.32,8.54,392.0,62.9,2.26,,0.377,,,,
2022-04-07T08:00:00+08:00,1649289600,19.3,6.33,8.54,388.7,64.3,2.04,,0.377,,,,
2022-04-07T12:00:00+08:00,1649304000,22.2,6.45,9.06,388.8,43.6,1.82,,0.377,,,,
2022-04-07T16:00:00+08:00,1649318400,21.2,6.41,9.66,376.4,50.6,2.33,,0.377,,,,
2022-04-07T20:00:00+08:00,1649332800,21.1,6.46,9.4,378.1,34.5,1.82,,0.377,,,,
2022-04-08T00:00:00+08:00,1649347200,20.0,6.45,9.38,380.0,39.3,2.01,,0.377,,,,
2022-04-08T04:00:00+08:00,1649361600,19.7,6.45,9.24,379.9,43.4,2.07,,0.377,,,,
2022-04-08T08:00:00+08:00,1649376000,19.3,6.4,9.46,369.2,41.4,2.44,,0.377,,,,
2022-04-08T12:00:00+08:00,1649390400,22.0,6.56,9.74,371.5,17.1,2.14,,0.377,,,,
2022-04-08T16:00:00+08:00,1649404800,22.6,6.91,10.78,373.3,19.6,2.59,,0.377,,,,
2022-04-08T20:00:00+08:00,1649419200,22.0,7.0,11.12,376.5,44.4,2.26,,0.377,,,,
2022-04-09T00:00:00+08:00,1649433600,21.3,7.01,11.14,375.6,62.8,2.41,,0.377,,,,
2022-04-09T04:00:00+08:00,1649448000,21.0,6.9,10.83,365.2,74.8,2.46,,0.377,,,,
2022-04-09T08:00:00+08:00,1649462400,21.3,6.94,10.54,366.7,83.3,2.65,,0.377,,,,
2022-04-09T16:00:00+08:00,1649491200,24.0,7.17,11.65,361.2,264.2,3.39,,0.377,,,,
2022-04-09T20:00:00+08:00,1649505600,22.4,6.78,11.28,353.6,334.0,2.83,,0.377,,,,
2022-04-10T00:00:00+08:00,1649520000,21.9,6.73,11.89,355.8,358.9,3.02,,0.377,,,,
2022-04-10T04:00:00+08:00,1649534400,21.8,6.7,11.86,363.2,378.4,2.67,,0.377,,,,
2022-04-10T12:00:00+08:00,1649563200,23.7,6.91,11.53,354.4,279.2,2.95,,0.377,,,,
2022-04-10T16:00:00+08:00,1649577600,24.9,6.93,11.42,355.9,243.4,2.9,,0.377,,,,
2022-04-10T20:00:00+08:00,1649592000,23.7,6.87,11.78,359.6,286.3,3.07,,0.377,,,,
2022-04-11T00:00:00+08:00,1649606400,23.0,6.57,11.67,362.4,309.8,2.73,,0.377,,,,
2022-04-11T04:00:00+08:00,1649620800,22.6,6.45,11.36,362.3,372.1,2.71,,0.377,,,,
2022-04-11T08:00:00+08:00,1649635200,23.0,6.52,11.34,360.6,427.4,2.71,,0.377,,,,
2022-04-11T12:00:00+08:00,1649649600,21.8,6.39,10.07,363.9,490.6,0.25,,0.377,,,,
2022-04-11T16:00:00+08:00,1649664000,26.3,6.78,11.65,368.2,547.4,0.25,,0.377,,,,
2022-04-11T20:00:00+08:00,1649678400,25.0,6.83,12.44,367.7,374.5,0.25,,0.377,,,,
2022-04-12T00:00:00+08:00,1649692800,23.8,6.55,11.64,369.1,435.6,0.25,,0.377,,,,
2022-04-12T04:00:00+08:00,1649707200,23.3,6.54,11.69,369.2,318.4,0.25,,0.377,,,,
2022-04-12T08:00:00+08:00,1649721600,23.4,6.51,11.42,375.3,354.2,0.25,,0.377,,,,
2022-04-12T20:00:00+08:00,1649764800,24.3,6.66,11.22,382.5,310.9,0.25,,0.377,,,,
2022-04-13T00:00:00+08:00,1649779200,23.3,6.65,11.11,381.9,243.9,0.25,,0.377,,,,
2022-04-13T04:00:00+08:00,1649793600,22.6,6.55,10.88,386.8,244.6,0.25,,0.377,,,,
2022-04-13T08:00:00+08:00,1649808000,22.3,6.47,10.51,385.7,161.4,0.25,,0.377,,,,
2022-04-13T12:00:00+08:00,1649822400,21.4,6.29,8.77,394.8,158.1,0.25,,0.377,,,,
2022-04-13T16:00:00+08:00,1649836800,21.0,6.26,8.34,397.2,154.8,0.25,,0.377,,,,
2022-04-13T20:00:00+08:00,1649851200,20.7,6.25,8.11,393.5,212.7,0.25,,0.377,,,,
2022-04-14T00:00:00+08:00,1649865600,20.8,6.19,7.61,400.0,192.0,0.25,,0.377,,,,
2022-04-14T04:00:00+08:00,1649880000,20.6,6.17,7.17,398.3,263.1,0.25,,0.377,,,,
2022-04-15T08:50:00+08:00,1649983800,,,,,,,,,,,,
2022-04-15T15:02:00+08:00,1650006120,,,,,,,,,,,,
2022-04-15T19:02:00+08:00,1650020520,,,,,,,,,,,,
2022-04-15T23:03:00+08:00,1650034980,,,,,,,,,,,,
2022-04-16T11:04:00+08:00,1650078240,,,,,,,,,,,,
2022-04-16T15:04:00+08:00,1650092640,,,,,,,,,,,,
2022-04-16T19:05:00+08:00,1650107100,,,,,,,,,,,,
2022-04-16T23:05:00+08:00,1650121500,,,,,,,,,,,,
2022-04-17T15:07:00+08:00,1650179220,,,,,,,,,,,,
2022-04-17T19:07:00+08:00,1650193620,,,,,,,,,,,,
2022-04-17T23:07:00+08:00,1650208020,,,,,,,,,,,,
2022-04-18T11:09:00+08:00,1650251340,,,,,,,,,,,,
2022-04-18T15:09:00+08:00,1650265740,,,,,,,,,,,,
2022-04-18T19:09:00+08:00,1650280140,,,,,,,,,,,,
2022-04-18T23:10:00+08:00,1650294600,,,,,,,,,,,,
2022-04-19T11:11:00+08:00,1650337860,,,,,,,,,,,,
2022-04-19T15:11:00+08:00,1650352260,,,,,,,,,,,,
2022-04-19T19:12:00+08:00,1650366720,,,,,,,,,,,,
2022-05-01T21:06:00+08:00,1651410360,,,,,,,,,,,,
2022-05-02T01:07:00+08:00,1651424820,,,,,,,,,,,,
2022-05-02T05:07:00+08:00,1651439220,,,,,,,,,,,,
2022-06-01T12:21:00+08:00,1654057260,,,,,,,,,,,,
2022-06-01T16:21:00+08:00,1654071660,,,,,,,,,,,,
2022-06-01T20:22:00+08:00,1654086120,,,,,,,,,,,,
2022-06-21T04:00:00+08:00,1655755200,27.9,5.63,5.23,541.9,15.8,0.25,,0.377,,,,
2022-06-21T08:00:00+08:00,1655769600,27.9,5.59,4.86,482.5,15.5,0.25,,0.377,,,,
2022-06-22T04:00:00+08:00,1655841600,27.8,5.67,5.82,420.9,11.7,0.25,0.042,0.052,1.43,,,劣Ⅴ
2022-06-22T08:00:00+08:00,1655856000,28.3,5.69,5.85,407.0,13.3,0.25,0.038,0.053,1.31,,,劣Ⅴ
2022-06-22T12:00:00+08:00,1655870400,30.1,5.88,7.01,432.5,16.3,0.25,,0.053,,,,
2022-06-22T20:00:00+08:00,1655899200,30.4,6.27,7.89,469.2,53.7,2.98,0.034,0.072,1.12,,,Ⅱ
2022-06-23T10:06:00+08:00,1655949960,,,,,,,,,,,,
2022-06-23T14:06:00+08:00,1655964360,,,,,,,,,,,,
2022-06-23T18:07:00+08:00,1655978820,,,,,,,,,,,,
2022-07-11T04:00:00+08:00,1657483200,29.3,7.44,5.32,951.2,20.5,2.4,0.045,0.057,1.32,,,Ⅲ
2022-07-11T08:00:00+08:00,1657497600,29.2,7.45,5.07,1186.6,26.6,2.47,0.052,0.072,1.38,,,Ⅲ
2022-07-11T12:00:00+08:00,1657512000,29.9,7.49,5.4,1123.8,26.4,2.45,0.047,0.072,1.34,,,Ⅲ
2022-07-13T04:00:00+08:00,1657656000,29.3,7.38,5.0,786.2,28.2,2.27,0.059,0.062,1.31,,,Ⅳ
2022-07-13T08:00:00+08:00,1657670400,29.8,7.38,4.99,829.7,24.2,2.26,0.048,0.066,1.35,,,Ⅳ
2022-07-13T12:00:00+08:00,1657684800,32.2,7.35,5.36,1150.1,21.9,2.35,0.046,0.065,,,,Ⅲ
2022-07-25T08:00:00+08:00,1658707200,29.1,7.25,5.34,1035.6,11.2,2.27,0.041,0.065,1.22,,,Ⅲ
2022-07-25T12:00:00+08:00,1658721600,29.9,7.2,5.71,1202.9,7.3,2.37,0.041,0.059,1.2,,,Ⅲ
2022-07-25T16:00:00+08:00,1658736000,30.3,7.22,5.85,1010.3,8.3,2.32,0.041,0.057,1.15,,,Ⅲ
2022-07-25T20:00:00+08:00,1658750400,30.6,7.21,5.67,1076.8,9.1,2.49,0.063,0.045,1.13,,,Ⅲ
2022-07-26T00:00:00+08:00,1658764800,30.1,7.22,5.62,1107.0,32.8,2.42,0.077,0.063,1.12,,,Ⅲ
2022-07-26T04:00:00+08:00,1658779200,29.3,7.2,5.41,1024.2,12.9,2.09,0.04,0.062,1.17,,,Ⅲ
2022-07-26T08:00:00+08:00,1658793600,29.1,7.18,5.28,855.6,9.6,2.09,0.037,0.064,1.27,,,Ⅲ
2022-07-26T12:00:00+08:00,1658808000,30.6,7.06,5.36,1096.5,7.7,2.16,0.044,0.066,1.26,,,Ⅲ
2022-07-26T16:00:00+08:00,1658822400,30.9,7.07,5.42,928.2,5.9,2.37,0.04,0.06,1.17,,,Ⅲ
2022-07-26T20:00:00+08:00,1658836800,29.4,7.14,5.45,957.4,7.1,2.48,0.045,0.068,1.2,,,Ⅲ
2022-07-27T00:00:00+08:00,1658851200,28.2,7.23,5.46,811.5,51.0,2.58,0.102,0.083,1.12,,,Ⅲ
2022-07-27T04:00:00+08:00,1658865600,28.0,7.13,5.14,988.7,12.2,2.04,0.05,0.054,1.23,,,Ⅲ
2022-07-27T08:00:00+08:00,1658880000,27.9,7.12,5.33,1026.7,5.8,2.26,0.04,0.067,1.29,,,Ⅲ
2022-07-27T12:00:00+08:00,1658894400,28.7,7.09,5.57,1020.1,3.7,2.32,0.04,0.063,1.21,,,Ⅲ
2022-07-27T16:00:00+08:00,1658908800,29.6,7.08,5.6,1018.7,5.6,2.31,0.035,0.066,1.17,,,Ⅲ
2022-07-27T20:00:00+08:00,1658923200,28.9,7.11,5.54,1255.2,4.0,2.24,0.036,0.063,1.24,,,Ⅲ
2022-07-28T00:00:00+08:00,1658937600,28.5,7.12,5.57,1481.7,14.3,2.69,0.094,0.074,1.13,,,Ⅲ
2022-07-28T04:00:00+08:00,1658952000,28.3,7.13,5.58,1243.8,10.4,2.1,0.04,0.053,1.18,,,Ⅲ
2022-11-01T12:00:00+08:00,1667275200,22.9,7.32,6.88,723.5,161.5,4.49,0.294,0.078,0.96,,,Ⅲ
2022-11-01T16:00:00+08:00,1667289600,23.5,7.21,6.51,726.0,179.5,4.57,0.315,0.066,0.9,,,Ⅲ
2022-11-02T12:00:00+08:00,1667361600,23.1,7.32,6.98,725.4,141.1,4.49,0.277,0.081,0.88,,,Ⅲ
2022-11-02T20:00:00+08:00,1667390400,21.7,7.18,6.12,703.0,137.1,4.35,0.276,0.101,0.94,,,Ⅲ
2022-11-03T00:00:00+08:00,1667404800,21.5,7.17,6.2,698.7,243.6,4.53,0.406,0.082,0.83,,,Ⅲ
2022-11-03T04:00:00+08:00,1667419200,21.2,7.16,6.25,698.4,138.4,4.46,0.269,0.05,0.92,,,Ⅲ
2022-11-03T08:00:00+08:00,1667433600,21.1,7.39,7.61,721.8,162.4,4.36,0.294,0.087,0.89,,,Ⅲ
2022-11-03T12:00:00+08:00,1667448000,22.2,7.44,7.24,741.8,132.4,4.65,0.331,0.082,0.89,,,Ⅲ
2022-11-03T16:00:00+08:00,1667462400,22.0,7.39,7.28,728.5,123.4,4.41,0.302,0.077,0.9,,,Ⅲ
2022-11-03T20:00:00+08:00,1667476800,21.4,7.28,7.28,715.3,99.9,4.38,0.258,0.073,0.92,,,Ⅲ
2022-11-04T00:00:00+08:00,1667491200,21.2,7.24,7.27,712.8,124.1,4.56,0.28,0.035,0.92,,,Ⅲ
2022-11-04T04:00:00+08:00,1667505600,21.7,6.9,7.24,559.6,15.1,2.69,0.046,0.056,1.56,,,Ⅱ
2022-11-04T08:00:00+08:00,1667520000,21.1,7.3,7.22,699.0,94.9,4.07,0.234,0.049,0.85,,,Ⅲ
2022-11-04T12:00:00+08:00,1667534400,21.7,7.54,7.99,750.4,194.5,4.59,0.408,0.047,0.83,,,Ⅲ
2022-11-04T16:00:00+08:00,1667548800,21.7,7.43,7.72,738.9,160.4,4.5,0.383,0.063,0.84,,,Ⅲ
2022-11-04T20:00:00+08:00,1667563200,20.0,7.59,7.74,730.3,233.9,4.66,0.462,0.074,0.79,,,Ⅲ
2022-11-05T00:00:00+08:00,1667577600,21.3,7.11,7.8,572.1,20.1,2.78,0.088,0.059,1.74,,,Ⅱ
2022-11-05T04:00:00+08:00,1667592000,19.9,7.47,7.84,728.8,87.6,4.08,0.238,0.088,0.91,,,Ⅲ
2022-11-05T08:00:00+08:00,1667606400,20.0,7.54,7.89,756.7,92.3,4.49,0.256,0.035,0.93,,,Ⅲ
2022-11-05T12:00:00+08:00,1667620800,21.7,7.79,7.9,778.9,124.9,4.59,0.312,0.094,0.92,,,Ⅲ
2022-11-05T16:00:00+08:00,1667635200,21.8,7.63,7.94,753.8,131.9,4.76,0.304,0.071,0.86,,,Ⅲ
2022-11-05T20:00:00+08:00,1667649600,20.7,7.44,7.96,733.9,94.6,4.25,0.261,0.068,0.92,,,Ⅲ
2022-11-06T00:00:00+08:00,1667664000,20.0,7.41,7.98,715.5,109.5,4.56,0.274,0.065,0.92,,,Ⅲ
2022-11-06T04:00:00+08:00,1667678400,18.9,7.82,8.1,725.8,86.2,7.83,0.258,0.398,0.92,,,Ⅴ
2022-11-06T08:00:00+08:00,1667692800,19.4,7.67,8.21,730.5,102.4,4.54,0.262,0.062,0.92,,,Ⅲ
2022-11-06T12:00:00+08:00,1667707200,21.6,7.74,8.1,768.8,86.5,4.47,0.246,0.061,0.88,,,Ⅲ
2022-11-06T16:00:00+08:00,1667721600,21.5,7.56,8.01,757.0,84.8,4.48,0.23,0.096,0.88,,,Ⅲ
2022-11-06T20:00:00+08:00,1667736000,20.4,7.39,8.0,730.4,91.2,4.23,0.253,0.061,0.88,,,Ⅲ
2022-11-07T00:00:00+08:00,1667750400,20.4,7.35,8.0,729.2,163.8,4.4,0.374,0.059,0.82,,,Ⅲ
2022-11-07T04:00:00+08:00,1667764800,20.0,7.36,7.99,724.4,68.2,4.12,0.221,0.057,0.93,,,Ⅲ
2022-11-07T08:00:00+08:00,1667779200,20.5,7.48,7.96,757.0,75.0,4.4,0.22,0.094,0.91,,,Ⅲ
2022-11-07T12:00:00+08:00,1667793600,22.1,7.61,8.0,793.0,92.1,4.66,0.238,0.059,0.77,,,Ⅲ
2022-11-07T16:00:00+08:00,1667808000,22.0,7.48,7.98,794.0,81.9,4.6,0.221,0.085,0.84,,,Ⅲ
2022-11-07T20:00:00+08:00,1667822400,20.8,7.37,8.02,766.6,87.9,4.11,0.236,0.087,0.92,,,Ⅲ
2022-11-08T00:00:00+08:00,1667836800,20.8,7.31,8.0,763.4,71.8,4.29,0.214,0.07,0.9,,,Ⅲ
2022-11-08T04:00:00+08:00,1667851200,20.6,7.3,8.0,758.8,64.2,4.27,0.197,0.072,0.92,,,Ⅲ
2022-11-08T08:00:00+08:00,1667865600,21.0,7.44,7.96,783.2,72.9,4.68,0.213,0.075,0.79,,,Ⅲ
2022-11-08T12:00:00+08:00,1667880000,22.4,7.62,7.99,814.2,82.2,6.89,0.217,0.075,,,,Ⅳ
2022-11-08T16:00:00+08:00,1667894400,22.7,7.46,7.97,811.8,82.0,6.45,0.209,0.078,0.21,,,Ⅳ
2022-11-08T20:00:00+08:00,1667908800,21.6,7.28,7.94,778.5,87.0,5.35,0.216,0.072,0.53,,,Ⅲ
2022-11-09T00:00:00+08:00,1667923200,21.1,7.27,7.98,753.3,74.8,4.52,0.212,0.076,0.82,,,Ⅲ
2022-11-09T04:00:00+08:00,1667937600,21.3,7.2,7.95,748.9,69.2,4.62,0.199,0.038,,,,Ⅲ
2022-11-09T08:00:00+08:00,1667952000,21.7,7.26,7.9,766.6,104.8,4.74,0.254,0.03,0.77,,,Ⅲ
2022-11-09T12:00:00+08:00,1667966400,22.4,7.37,7.89,774.9,83.4,5.04,0.224,0.063,0.75,,,Ⅲ
2022-11-09T16:00:00+08:00,1667980800,22.6,7.35,7.87,790.7,83.1,4.85,0.214,0.038,0.78,,,Ⅲ
2022-11-09T20:00:00+08:00,1667995200,22.0,7.22,7.87,670.6,536.6,6.24,0.252,0.063,0.48,,,Ⅳ
2022-11-10T00:00:00+08:00,1668009600,22.0,7.06,7.89,610.5,263.2,5.44,0.162,0.064,1.11,,,Ⅲ
2022-11-10T04:00:00+08:00,1668024000,21.9,7.05,7.89,610.9,201.2,5.08,0.484,0.057,1.0,,,Ⅲ
2022-11-10T08:00:00+08:00,1668038400,22.0,7.06,7.93,611.9,179.8,5.83,0.455,0.057,0.74,,,Ⅲ
2022-11-10T12:00:00+08:00,1668052800,22.7,7.15,7.92,624.7,149.7,5.82,0.384,0.074,0.65,,,Ⅲ
2022-11-10T16:00:00+08:00,1668067200,22.8,6.71,7.96,564.3,34.0,2.73,0.056,0.067,1.62,,,Ⅱ
2022-11-10T20:00:00+08:00,1668081600,22.4,7.04,7.94,626.6,147.7,4.62,0.346,0.032,0.85,,,Ⅲ
2022-11-11T00:00:00+08:00,1668096000,22.4,7.03,7.98,615.8,145.3,5.0,0.359,0.06,0.81,,,Ⅲ
2022-11-11T04:00:00+08:00,1668110400,22.5,7.02,7.91,614.0,123.9,5.14,0.331,0.056,0.73,,,Ⅲ
2022-11-11T08:00:00+08:00,1668124800,22.4,7.03,7.9,618.6,155.9,5.57,0.39,0.029,0.56,,,Ⅲ
2022-11-12T00:00:00+08:00,1668182400,22.5,7.02,8.21,625.6,150.9,4.88,0.394,0.058,0.86,,,Ⅲ
2022-11-12T04:00:00+08:00,1668196800,22.5,6.98,5.9,631.0,108.7,4.62,0.491,0.053,0.96,,,Ⅲ
2022-11-12T08:00:00+08:00,1668211200,22.7,6.99,7.94,635.5,108.0,4.76,0.331,0.056,1.04,,,Ⅲ
2022-11-12T12:00:00+08:00,1668225600,23.4,7.16,7.88,701.5,115.2,4.96,0.325,0.055,0.95,,,Ⅲ
2022-11-12T16:00:00+08:00,1668240000,24.0,7.19,7.83,702.6,116.2,5.01,0.306,0.066,0.94,,,Ⅲ
2022-11-12T20:00:00+08:00,1668254400,23.1,7.08,7.85,714.3,87.7,4.7,0.267,0.049,0.93,,,Ⅲ
2022-11-13T00:00:00+08:00,1668268800,22.8,7.09,7.86,676.6,86.8,4.82,0.251,0.048,0.91,,,Ⅲ
2022-11-13T04:00:00+08:00,1668283200,22.2,7.15,7.87,612.9,93.1,5.19,0.267,0.056,0.69,,,Ⅲ
2022-11-13T08:00:00+08:00,1668297600,21.8,7.23,7.88,615.8,102.0,5.03,0.302,0.062,0.91,,,Ⅲ
2022-11-13T12:00:00+08:00,1668312000,21.6,7.32,7.54,621.5,109.3,4.71,0.313,0.058,0.94,,,Ⅲ
2022-11-13T16:00:00+08:00,1668326400,21.3,7.33,7.55,642.3,99.8,4.86,0.302,0.069,0.92,,,Ⅲ
2022-11-13T20:00:00+08:00,1668340800,20.9,7.31,7.6,647.9,98.2,4.78,0.289,0.077,0.94,,,Ⅲ
2022-11-14T00:00:00+08:00,1668355200,20.0,7.36,7.7,628.0,134.4,4.76,0.326,0.081,0.88,,,Ⅲ
2022-11-14T08:00:00+08:00,1668384000,19.9,7.39,7.84,629.6,88.2,4.47,0.256,0.063,0.92,,,Ⅲ
2022-11-14T12:00:00+08:00,1668398400,20.1,7.37,7.88,697.0,164.2,4.73,0.395,0.073,0.9,,,Ⅲ
2022-11-14T16:00:00+08:00,1668412800,19.9,7.29,7.93,720.8,158.8,4.71,0.408,0.072,0.95,,,Ⅲ
2022-11-14T20:00:00+08:00,1668427200,19.5,7.3,8.0,698.2,132.7,4.36,0.353,0.067,1.0,,,Ⅲ
2022-11-15T04:00:00+08:00,1668456000,18.8,7.48,8.13,666.0,102.7,7.89,0.294,0.053,1.22,,,Ⅳ
2022-11-15T08:00:00+08:00,1668470400,18.5,7.55,8.2,674.9,120.0,7.89,0.325,0.006,,,,Ⅳ
2022-11-15T12:00:00+08:00,1668484800,20.3,7.46,8.21,704.8,98.6,7.89,0.278,0.062,,,,Ⅳ
2022-11-15T16:00:00+08:00,1668499200,21.0,7.24,8.14,676.6,106.1,7.89,0.283,0.059,,,,Ⅳ
2022-11-16T08:00:00+08:00,1668556800,18.7,7.47,8.34,670.2,114.2,4.26,0.29,0.073,1.01,,,Ⅲ
2022-11-16T12:00:00+08:00,1668571200,20.9,7.36,8.27,696.3,104.0,4.43,0.292,0.065,1.0,,,Ⅲ
2022-11-16T16:00:00+08:00,1668585600,20.7,7.25,8.2,679.4,118.8,4.53,0.301,0.068,0.92,,,Ⅲ
2022-11-16T20:00:00+08:00,1668600000,20.3,7.24,8.17,672.1,101.1,4.52,0.274,0.059,0.77,,,Ⅲ
2022-11-17T00:00:00+08:00,1668614400,19.7,7.24,8.16,649.4,101.1,4.37,0.266,0.05,0.98,,,Ⅲ
2022-11-17T04:00:00+08:00,1668628800,20.2,7.18,8.16,652.0,101.2,4.26,0.278,0.056,1.04,,,Ⅲ
2022-11-17T08:00:00+08:00,1668643200,20.2,7.24,8.13,668.8,109.8,4.27,0.294,0.061,1.04,,,Ⅲ
2022-11-17T16:00:00+08:00,1668672000,19.7,7.39,8.18,685.9,113.2,4.26,0.307,0.055,1.07,,,Ⅲ
2022-11-17T20:00:00+08:00,1668686400,19.9,7.35,8.25,677.8,125.8,4.6,0.317,0.038,0.99,,,Ⅲ
2022-11-18T00:00:00+08:00,1668700800,20.3,7.27,8.24,684.8,110.8,4.55,0.305,0.082,1.02,,,Ⅲ
2022-11-18T04:00:00+08:00,1668715200,20.6,7.2,8.24,678.1,107.2,4.51,0.295,0.084,1.05,,,Ⅲ
2022-11-18T08:00:00+08:00,1668729600,20.9,7.19,8.19,666.4,114.8,4.23,0.311,0.086,1.04,,,Ⅲ
2022-11-18T12:00:00+08:00,1668744000,21.4,7.21,8.22,709.6,120.6,4.38,0.318,0.031,1.03,,,Ⅲ
2022-11-18T16:00:00+08:00,1668758400,21.1,7.2,8.18,700.7,112.6,4.16,0.294,0.082,1.02,,,Ⅲ
2022-11-18T20:00:00+08:00,1668772800,21.1,7.13,8.18,682.4,111.7,4.2,0.289,0.055,1.01,,,Ⅲ
2022-11-19T00:00:00+08:00,1668787200,21.3,7.12,8.16,680.1,107.3,4.35,0.276,0.005,1.04,,,Ⅲ
2022-11-19T04:00:00+08:00,1668801600,21.4,7.05,8.14,656.5,108.9,4.32,0.274,0.073,1.05,,,Ⅲ
2022-11-19T12:00:00+08:00,1668830400,20.6,7.07,8.15,613.1,53.4,3.54,0.173,0.054,0.91,,,Ⅱ
2022-11-19T16:00:00+08:00,1668844800,20.9,6.75,8.18,566.3,17.5,2.47,0.06,0.054,1.81,,,Ⅱ
2022-11-19T20:00:00+08:00,1668859200,21.7,7.04,8.19,643.0,93.0,3.93,0.223,0.08,1.02,,,Ⅱ
2022-11-20T00:00:00+08:00,1668873600,21.6,7.04,8.17,651.1,115.4,4.37,0.29,0.051,1.04,,,Ⅲ
2022-11-20T04:00:00+08:00,1668888000,21.4,7.05,8.14,655.6,100.9,4.24,0.265,0.085,1.07,,,Ⅲ
2022-11-20T08:00:00+08:00,1668902400,21.2,7.13,8.12,653.9,105.6,4.38,0.268,0.064,1.06,,,Ⅲ
2022-11-20T12:00:00+08:00,1668916800,22.0,7.25,8.12,677.7,111.4,4.59,0.287,0.072,1.05,,,Ⅲ
2022-11-20T16:00:00+08:00,1668931200,21.8,7.14,8.12,661.5,88.5,4.54,0.239,0.062,1.07,,,Ⅲ
2022-11-20T20:00:00+08:00,1668945600,20.9,7.16,8.17,655.7,82.2,4.55,0.23,0.063,1.18,,,Ⅲ
2022-11-21T00:00:00+08:00,1668960000,20.6,7.16,8.16,655.3,75.5,4.36,0.224,0.07,0.99,,,Ⅲ
2022-11-21T12:00:00+08:00,1669003200,22.7,7.22,7.1,680.8,72.0,4.16,0.21,0.057,,,,Ⅲ
2022-11-21T16:00:00+08:00,1669017600,22.5,7.12,6.75,676.1,74.9,4.14,,0.076,1.02,,,
2022-11-21T20:00:00+08:00,1669032000,21.6,7.01,6.06,654.6,64.1,3.86,,0.062,1.06,,,
2022-11-22T04:00:00+08:00,1669060800,21.5,6.96,5.77,657.4,61.3,3.84,,0.073,1.05,,,
2022-11-22T08:00:00+08:00,1669075200,21.6,6.97,5.9,653.5,55.3,3.84,,0.068,1.06,,,
2022-11-22T12:00:00+08:00,1669089600,21.7,7.03,6.06,661.4,57.7,4.06,,0.072,1.1,,,
2022-11-22T16:00:00+08:00,1669104000,21.7,7.04,6.05,662.6,67.0,3.86,,0.074,1.07,,,
2022-11-22T20:00:00+08:00,1669118400,21.2,7.06,6.16,661.5,62.8,3.53,0.253,0.087,1.04,,,Ⅱ
2022-11-23T04:00:00+08:00,1669147200,20.9,7.03,6.12,658.4,51.1,3.98,0.168,0.084,1.11,,,Ⅱ
2022-11-23T08:00:00+08:00,1669161600,20.8,7.06,6.19,658.9,69.8,3.65,0.203,0.068,1.12,,,Ⅱ
2022-11-23T12:00:00+08:00,1669176000,22.7,7.12,7.66,691.0,93.2,3.41,0.162,0.08,1.08,,,Ⅱ
2022-11-23T16:00:00+08:00,1669190400,22.2,7.18,7.35,676.8,120.8,3.75,0.202,0.067,1.05,,,Ⅱ
2022-11-23T20:00:00+08:00,1669204800,20.6,7.17,7.49,662.9,120.8,3.37,0.182,0.073,1.12,,,Ⅱ
2022-11-24T04:00:00+08:00,1669233600,20.9,7.09,7.31,670.9,148.0,3.54,0.158,0.073,1.09,,,Ⅱ
2022-11-24T08:00:00+08:00,1669248000,21.0,7.13,8.15,672.2,214.6,3.44,0.164,0.052,1.13,,,Ⅱ
2022-11-24T12:00:00+08:00,1669262400,21.5,7.27,8.67,674.0,560.2,3.77,0.157,0.083,1.13,,,Ⅱ
2022-11-24T16:00:00+08:00,1669276800,22.1,7.25,7.64,816.0,138.8,3.74,0.259,0.104,1.09,,,Ⅲ
2022-11-24T20:00:00+08:00,1669291200,21.1,7.05,6.48,602.1,615.1,4.86,0.864,0.171,0.69,,,Ⅲ
2022-11-25T00:00:00+08:00,1669305600,20.0,7.12,8.09,595.7,286.5,3.82,0.494,0.094,0.24,,,Ⅱ
2022-11-25T08:00:00+08:00,1669334400,19.8,7.14,8.08,599.0,226.4,3.75,0.277,0.102,1.12,,,Ⅲ
2022-11-25T20:00:00+08:00,1669377600,21.3,7.04,8.11,597.2,146.8,3.82,0.445,0.105,1.22,,,Ⅲ
2022-11-26T04:00:00+08:00,1669406400,19.9,7.08,7.65,587.4,115.0,3.42,0.42,0.088,1.23,,,Ⅱ
2022-11-26T08:00:00+08:00,1669420800,20.5,7.03,7.68,597.2,121.2,3.92,0.383,0.093,1.25,,,Ⅱ
2022-11-26T12:00:00+08:00,1669435200,21.9,7.08,7.7,621.0,132.3,4.71,0.368,0.109,1.24,,,Ⅲ
2022-11-28T04:00:00+08:00,1669579200,21.4,6.86,8.51,603.2,138.7,3.22,0.407,0.094,1.09,,,Ⅱ
2022-11-28T08:00:00+08:00,1669593600,21.6,6.87,8.55,606.6,124.5,3.32,0.356,0.108,1.08,,,Ⅲ
2022-11-28T16:00:00+08:00,1669622400,22.3,6.88,9.64,606.4,103.7,3.45,0.303,0.091,1.04,,,Ⅱ
2022-11-29T08:00:00+08:00,1669680000,20.5,7.03,9.61,587.1,189.0,3.73,0.386,0.452,2.23,,,劣Ⅴ
2022-11-29T10:16:00+08:00,1669688160,,,,,,,,,,,,
2022-11-29T12:00:00+08:00,1669694400,19.9,7.06,9.59,574.0,565.7,4.42,0.222,0.103,2.31,,,Ⅲ
2022-11-29T16:00:00+08:00,1669708800,19.5,7.09,9.51,571.1,205.2,3.95,0.496,0.077,2.26,,,Ⅱ
2022-11-29T20:00:00+08:00,1669723200,19.2,7.1,9.48,583.5,204.4,3.48,0.449,0.072,2.24,,,Ⅱ
2022-11-30T00:00:00+08:00,1669737600,18.6,7.26,11.03,598.6,182.7,3.44,0.402,0.055,2.29,,,Ⅱ
2022-11-30T04:00:00+08:00,1669752000,18.0,7.48,11.2,611.9,194.4,3.49,0.406,0.05,2.31,,,Ⅱ
2022-11-30T08:00:00+08:00,1669766400,16.7,7.89,11.54,561.7,370.9,5.21,0.15,0.057,2.04,,,Ⅲ
2022-11-30T12:00:00+08:00,1669780800,16.0,7.9,11.62,539.6,664.2,6.18,0.25,0.125,1.78,,,Ⅳ
2022-11-30T16:00:00+08:00,1669795200,15.7,7.97,10.9,543.5,265.8,5.21,0.16,0.085,2.08,,,Ⅲ
2022-11-30T20:00:00+08:00,1669809600,15.7,7.87,10.82,537.1,217.0,5.15,0.492,0.073,2.12,,,Ⅲ
2022-12-01T00:00:00+08:00,1669824000,15.6,7.84,11.22,533.4,219.1,5.13,0.481,0.067,2.09,,,Ⅲ
2022-12-01T08:00:00+08:00,1669852800,14.7,7.92,11.57,532.2,161.6,5.31,0.388,0.058,2.21,,,Ⅲ
2022-12-01T12:00:00+08:00,1669867200,14.9,7.91,11.72,532.9,153.4,4.87,0.354,0.042,2.22,,,Ⅲ
2022-12-01T20:00:00+08:00,1669896000,14.5,7.9,11.79,527.4,126.6,5.08,0.315,0.045,2.31,,,Ⅲ
2022-12-02T00:00:00+08:00,1669910400,15.2,7.82,9.06,532.4,111.6,4.58,,0.384,2.32,,,
2022-12-02T04:00:00+08:00,1669924800,15.2,7.78,9.23,532.3,123.1,5.03,,0.014,2.29,,,
2022-12-02T08:00:00+08:00,1669939200,14.7,7.94,9.61,548.6,94.4,4.44,,0.03,2.23,,,
2022-12-02T12:00:00+08:00,1669953600,18.3,7.55,9.31,551.6,145.4,5.09,0.234,0.014,2.36,,,Ⅲ
2022-12-02T16:00:00+08:00,1669968000,18.2,7.59,9.04,547.3,146.7,5.01,0.225,0.033,2.37,,,Ⅲ
2022-12-02T20:00:00+08:00,1669982400,18.4,7.49,8.6,541.1,129.1,5.16,0.204,0.016,2.38,,,Ⅲ
2022-12-03T00:00:00+08:00,1669996800,18.5,7.43,8.46,539.9,108.7,5.1,0.18,0.005,2.39,,,Ⅲ
2022-12-03T04:00:00+08:00,1670011200,18.5,7.38,8.72,548.6,148.9,4.73,0.204,0.016,2.32,,,Ⅲ
2022-12-03T08:00:00+08:00,1670025600,18.6,7.33,8.28,547.6,98.2,4.58,0.169,0.021,2.34,,,Ⅲ
2022-12-03T12:00:00+08:00,1670040000,19.0,7.3,8.35,544.0,100.5,4.91,0.172,0.02,2.35,,,Ⅲ
2022-12-03T20:00:00+08:00,1670068800,19.1,7.22,8.43,544.4,167.5,4.78,0.234,0.025,2.29,,,Ⅲ
2022-12-04T04:00:00+08:00,1670097600,18.4,7.3,8.67,535.5,113.4,4.88,0.192,0.03,2.36,,,Ⅲ
2022-12-04T08:00:00+08:00,1670112000,18.4,7.3,8.67,534.8,107.0,5.9,0.19,0.024,2.37,,,Ⅲ
2022-12-04T12:00:00+08:00,1670126400,18.3,7.34,8.79,539.8,112.7,4.93,0.198,0.022,2.38,,,Ⅲ
2022-12-04T20:00:00+08:00,1670155200,18.1,7.19,7.93,527.5,366.2,4.99,0.486,0.062,2.38,,,Ⅲ
2022-12-05T04:00:00+08:00,1670184000,17.3,7.31,7.77,531.9,246.4,4.67,0.404,0.035,2.45,,,Ⅲ
2022-12-05T08:00:00+08:00,1670198400,17.4,7.27,7.78,528.8,293.6,5.03,0.449,0.038,2.44,,,Ⅲ
2022-12-05T12:00:00+08:00,1670212800,17.4,7.29,8.0,531.9,207.3,5.03,0.449,0.038,2.44,,,Ⅲ
2022-12-05T20:00:00+08:00,1670241600,17.3,7.56,8.34,523.1,826.8,5.33,0.248,0.066,2.14,,,Ⅲ
2022-12-06T04:00:00+08:00,1670270400,16.7,7.55,7.96,526.3,280.9,4.25,0.409,0.005,2.28,,,Ⅲ
2022-12-06T08:00:00+08:00,1670284800,17.3,7.52,8.16,529.1,308.9,4.59,0.438,0.033,2.29,,,Ⅲ
2022-12-06T12:00:00+08:00,1670299200,18.7,7.46,8.42,543.8,266.3,4.49,0.385,0.039,2.49,,,Ⅲ
2022-12-06T16:00:00+08:00,1670313600,19.2,7.29,8.56,532.8,685.8,5.39,0.192,0.07,1.99,,,Ⅲ
2022-12-06T20:00:00+08:00,1670328000,17.9,7.36,8.44,526.2,723.7,5.48,0.214,0.072,2.08,,,Ⅲ
2022-12-07T04:00:00+08:00,1670356800,17.1,7.3,7.77,520.4,266.4,4.56,0.412,0.034,2.48,,,Ⅲ
2022-12-07T08:00:00+08:00,1670371200,17.8,7.31,8.09,529.2,308.7,5.75,0.442,0.029,2.5,,,Ⅲ
2022-12-07T12:00:00+08:00,1670385600,18.6,7.35,8.17,548.0,259.3,5.46,0.391,0.018,2.49,,,Ⅲ
2022-12-07T16:00:00+08:00,1670400000,18.7,7.16,7.99,538.7,318.7,5.72,0.442,0.048,3.02,,,Ⅲ
2022-12-07T20:00:00+08:00,1670414400,17.7,7.35,7.86,546.7,239.1,5.01,0.343,0.005,2.43,,,Ⅲ
2022-12-08T04:00:00+08:00,1670443200,17.6,7.28,7.72,536.0,176.2,5.73,0.281,0.017,2.5,,,Ⅲ
2022-12-08T08:00:00+08:00,1670457600,18.3,7.22,7.95,533.9,164.7,5.07,0.284,0.026,2.56,,,Ⅲ
2022-12-08T12:00:00+08:00,1670472000,19.3,7.17,8.02,569.4,156.6,5.1,0.247,0.03,2.58,,,Ⅲ
2022-12-08T20:00:00+08:00,1670500800,18.8,7.11,7.82,555.4,170.8,5.0,0.266,0.03,2.6,,,Ⅲ
2022-12-09T04:00:00+08:00,1670529600,18.9,7.04,7.4,551.6,117.6,4.48,0.206,0.005,2.65,,,Ⅲ
2022-12-09T08:00:00+08:00,1670544000,19.1,7.13,7.71,549.2,135.1,4.68,0.232,0.02,2.73,,,Ⅲ
2022-12-09T12:00:00+08:00,1670558400,19.3,7.07,7.63,563.8,112.9,4.55,0.194,0.022,2.66,,,Ⅲ
2022-12-09T16:00:00+08:00,1670572800,19.3,7.07,7.67,559.4,136.4,4.93,0.224,0.005,2.67,,,Ⅲ
2022-12-09T20:00:00+08:00,1670587200,19.4,7.04,7.78,541.2,305.6,5.02,0.431,0.044,2.56,,,Ⅲ
2022-12-10T04:00:00+08:00,1670616000,19.0,6.99,7.51,552.0,320.8,4.51,0.466,0.023,2.46,,,Ⅲ
2022-12-10T08:00:00+08:00,1670630400,18.9,7.01,7.55,549.4,336.2,4.87,0.491,0.02,2.53,,,Ⅲ
2022-12-10T12:00:00+08:00,1670644800,19.2,7.01,7.76,553.9,271.1,4.32,0.412,0.034,2.52,,,Ⅲ
2022-12-10T16:00:00+08:00,1670659200,19.1,6.96,7.64,578.5,338.6,4.51,0.496,0.027,2.86,,,Ⅲ
2022-12-10T20:00:00+08:00,1670673600,18.8,6.98,7.52,587.1,312.6,4.32,0.454,0.005,2.55,,,Ⅲ
2022-12-11T04:00:00+08:00,1670702400,17.8,7.09,7.92,566.8,252.4,4.14,0.393,0.018,2.57,,,Ⅲ
2022-12-11T08:00:00+08:00,1670716800,17.7,7.16,8.06,573.1,245.9,4.54,0.385,0.024,2.63,,,Ⅲ
2022-12-11T12:00:00+08:00,1670731200,19.0,7.05,8.08,582.3,212.4,4.55,0.342,0.031,2.65,,,Ⅲ
2022-12-11T16:00:00+08:00,1670745600,18.4,7.06,8.26,579.2,204.8,4.18,0.328,0.005,2.62,,,Ⅲ
2022-12-11T20:00:00+08:00,1670760000,17.0,7.26,8.39,528.3,1000.4,4.18,0.338,0.068,1.97,,,Ⅲ
2022-12-12T04:00:00+08:00,1670788800,17.0,7.16,7.61,526.4,446.2,5.74,0.175,0.037,2.5,,,Ⅲ
2022-12-12T08:00:00+08:00,1670803200,17.1,7.16,7.39,528.5,373.0,4.64,0.152,0.035,2.55,,,Ⅲ
2022-12-12T12:00:00+08:00,1670817600,17.6,7.16,7.67,535.5,373.6,4.81,0.147,0.038,2.46,,,Ⅲ
2022-12-12T20:00:00+08:00,1670846400,16.2,7.24,7.73,523.9,318.8,4.81,0.49,0.005,2.56,,,Ⅲ
2022-12-13T04:00:00+08:00,1670875200,16.2,7.25,7.63,519.6,284.3,5.09,0.415,0.005,2.58,,,Ⅲ
2022-12-13T08:00:00+08:00,1670889600,16.3,7.23,7.85,524.2,242.1,4.34,0.377,0.005,2.63,,,Ⅲ
2022-12-13T12:00:00+08:00,1670904000,17.8,7.21,8.12,544.1,276.0,4.41,0.426,0.005,2.59,,,Ⅲ
2022-12-13T16:00:00+08:00,1670918400,18.2,7.03,7.92,539.9,232.8,4.32,0.385,0.034,,,,Ⅲ
2022-12-14T11:02:00+08:00,1670986920,,,,,,,,,,,,
2022-12-14T15:02:00+08:00,1671001320,,,,,,,,,,,,
2022-12-14T16:00:00+08:00,1671004800,16.3,7.52,8.8,537.6,282.3,4.41,0.496,0.016,2.27,,,Ⅲ
2022-12-14T20:00:00+08:00,1671019200,14.4,7.79,8.28,516.4,233.5,4.52,0.376,0.106,2.13,,,Ⅲ
2022-12-15T04:00:00+08:00,1671048000,15.3,7.5,8.08,515.8,191.1,3.68,0.34,0.068,2.22,,,Ⅱ
2022-12-15T08:00:00+08:00,1671062400,15.7,7.38,8.18,525.9,203.4,3.43,0.338,0.064,2.21,,,Ⅱ
2022-12-15T12:00:00+08:00,1671076800,17.7,7.28,8.48,545.2,182.3,4.1,0.332,0.076,2.21,,,Ⅲ
2022-12-15T16:00:00+08:00,1671091200,18.0,7.13,8.16,538.7,191.7,3.74,0.33,0.073,2.21,,,Ⅱ
2022-12-15T20:00:00+08:00,1671105600,16.8,7.16,7.8,527.8,163.2,3.72,0.283,0.076,2.19,,,Ⅱ
2022-12-16T04:00:00+08:00,1671134400,15.6,7.49,8.13,520.2,160.9,3.83,0.288,0.018,2.2,,,Ⅱ
2022-12-16T08:00:00+08:00,1671148800,15.5,7.52,8.27,521.6,168.5,3.72,0.31,0.006,2.22,,,Ⅱ
2022-12-16T12:00:00+08:00,1671163200,15.8,7.52,8.54,529.8,235.3,3.87,0.353,0.006,2.11,,,Ⅱ
2022-12-16T16:00:00+08:00,1671177600,15.6,7.48,8.44,520.5,171.8,3.87,,0.02,2.15,,,
2022-12-16T20:00:00+08:00,1671192000,16.1,7.54,8.79,535.3,208.1,3.87,0.344,0.042,1.92,,,Ⅱ
2022-12-17T04:00:00+08:00,1671220800,15.7,7.44,8.73,516.1,191.5,3.87,0.357,0.041,1.99,,,Ⅱ
2022-12-17T08:00:00+08:00,1671235200,15.4,7.54,9.07,512.8,196.9,3.87,0.357,0.05,1.99,,,Ⅱ
2022-12-17T12:00:00+08:00,1671249600,16.1,7.42,9.26,522.6,215.6,3.87,0.371,0.05,2.01,,,Ⅱ
2022-12-17T16:00:00+08:00,1671264000,16.4,7.34,9.43,519.8,213.4,3.87,0.375,0.034,,,,Ⅱ
2022-12-17T20:00:00+08:00,1671278400,15.0,7.68,9.7,505.1,266.7,3.87,,0.041,1.93,,,
2022-12-18T04:00:00+08:00,1671307200,13.3,8.04,10.4,498.9,216.7,3.87,0.379,0.034,2.04,,,Ⅱ
2022-12-18T08:00:00+08:00,1671321600,13.9,7.96,10.46,498.2,207.3,3.87,0.422,0.036,2.05,,,Ⅱ
2022-12-18T12:00:00+08:00,1671336000,15.8,7.7,10.39,519.8,186.4,3.87,0.34,0.036,2.11,,,Ⅱ
2022-12-18T16:00:00+08:00,1671350400,16.6,7.55,10.3,525.6,183.9,3.87,0.324,0.042,2.08,,,Ⅱ
2022-12-18T20:00:00+08:00,1671364800,14.4,7.75,9.87,498.8,167.5,3.87,0.286,0.039,2.18,,,Ⅱ
2022-12-19T04:00:00+08:00,1671393600,13.8,7.81,10.19,491.2,180.2,3.87,0.304,0.029,2.2,,,Ⅱ
2022-12-19T08:00:00+08:00,1671408000,13.6,7.82,10.4,499.2,167.5,3.87,0.349,0.027,2.23,,,Ⅱ
2022-12-19T12:00:00+08:00,1671422400,15.8,7.64,10.3,526.1,157.9,3.87,0.285,0.027,2.29,,,Ⅱ
2022-12-19T16:00:00+08:00,1671436800,18.2,7.79,11.84,160.8,2.1,3.87,0.727,0.027,,,,Ⅲ
2022-12-19T20:00:00+08:00,1671451200,14.8,8.24,12.63,506.4,3.9,10.64,0.453,0.198,,,,Ⅲ
2022-12-20T04:00:00+08:00,1671480000,15.0,7.77,10.17,504.4,130.2,8.64,0.268,0.044,,,,Ⅳ
2022-12-20T08:00:00+08:00,1671494400,15.2,7.78,10.46,514.7,119.9,7.5,0.235,0.034,2.94,,,Ⅳ
2022-12-20T12:00:00+08:00,1671508800,17.2,7.93,11.44,1040.6,434.7,7.5,0.235,0.034,2.94,,,Ⅳ
2022-12-20T16:00:00+08:00,1671523200,17.8,7.81,11.23,1693.3,325.9,3.78,0.467,0.005,,,,Ⅱ
2022-12-20T20:00:00+08:00,1671537600,16.7,7.81,10.97,1034.4,204.8,3.91,0.35,0.005,1.96,,,Ⅱ
2022-12-21T04:00:00+08:00,1671566400,15.3,7.85,10.78,965.7,165.8,3.86,0.274,0.005,2.06,,,Ⅱ
2022-12-21T08:00:00+08:00,1671580800,16.4,7.68,10.52,960.1,147.1,3.79,0.255,0.005,2.14,,,Ⅱ
2022-12-21T12:00:00+08:00,1671595200,19.8,7.52,11.41,233.2,6.6,3.89,0.353,0.005,,,,Ⅱ
2022-12-21T16:00:00+08:00,1671609600,18.2,7.89,11.9,237.4,147.2,3.6,0.328,0.019,1.73,,,Ⅱ
2022-12-21T20:00:00+08:00,1671624000,17.4,7.79,7.36,1887.5,129.1,3.78,0.194,0.193,1.77,,,Ⅲ
2022-12-22T04:00:00+08:00,1671652800,16.1,6.25,10.39,1123.7,502.0,3.83,0.164,0.189,2.09,,,Ⅲ
2022-12-22T08:00:00+08:00,1671667200,16.1,6.16,10.54,1103.6,404.1,3.74,0.432,0.188,2.2,,,Ⅲ
2022-12-22T12:00:00+08:00,1671681600,16.6,6.15,10.92,1191.0,419.2,3.78,0.393,0.188,2.26,,,Ⅲ
2022-12-22T16:00:00+08:00,1671696000,26.9,6.58,11.0,1168.2,433.2,3.72,0.433,0.113,2.16,,,Ⅲ
2022-12-22T20:00:00+08:00,1671710400,28.0,6.72,11.12,1177.2,426.7,3.83,0.435,0.113,2.26,,,Ⅲ
2022-12-23T00:00:00+08:00,1671724800,28.0,6.78,11.0,1193.8,314.4,3.79,0.411,0.113,2.37,,,Ⅲ
2022-12-23T04:00:00+08:00,1671739200,27.8,6.89,11.25,1189.2,330.1,3.81,0.414,0.113,2.52,,,Ⅲ
2022-12-23T08:00:00+08:00,1671753600,27.9,6.95,11.41,1196.5,261.9,3.79,0.402,0.113,2.47,,,Ⅲ
2022-12-23T12:00:00+08:00,1671768000,26.8,6.93,11.5,1250.4,1880.5,3.9,0.41,0.113,,,,Ⅲ
2022-12-23T16:00:00+08:00,1671782400,26.8,6.8,11.22,1323.1,1466.2,3.77,0.338,0.113,1.04,,,Ⅲ
2022-12-23T20:00:00+08:00,1671796800,27.4,6.75,12.36,1132.6,336.3,3.67,0.5,0.113,1.36,,,Ⅲ
2022-12-24T00:00:00+08:00,1671811200,13.0,7.47,11.77,1230.5,399.9,3.71,0.151,0.07,1.64,,,Ⅱ
2022-12-24T04:00:00+08:00,1671825600,13.1,7.89,11.15,1256.6,274.0,3.74,0.425,0.08,2.04,,,Ⅱ
2022-12-24T08:00:00+08:00,1671840000,13.4,7.87,11.17,1273.8,238.0,3.74,0.37,0.084,2.02,,,Ⅱ
2022-12-24T12:00:00+08:00,1671854400,15.1,7.93,11.62,752.9,1695.7,3.83,0.347,0.08,,,,Ⅱ
2022-12-24T20:00:00+08:00,1671883200,13.1,7.85,11.72,738.8,686.8,3.83,0.159,0.08,2.22,,,Ⅱ
2022-12-25T00:00:00+08:00,1671897600,12.3,7.8,11.8,744.7,527.7,3.83,0.183,0.005,1.66,,,Ⅱ
2022-12-25T04:00:00+08:00,1671912000,12.0,7.78,11.95,723.4,490.0,3.65,0.16,0.09,1.71,,,Ⅱ
2022-12-25T08:00:00+08:00,1671926400,13.3,7.81,11.7,755.9,476.2,3.27,0.153,0.07,1.78,,,Ⅱ
2022-12-25T12:00:00+08:00,1671940800,15.7,7.89,11.44,713.9,1413.2,4.22,0.291,0.147,,,,Ⅲ
2022-12-25T16:00:00+08:00,1671955200,15.0,7.86,11.63,765.9,1528.1,4.72,0.356,0.124,,,,Ⅲ
2022-12-25T20:00:00+08:00,1671969600,15.0,7.84,11.51,747.4,685.7,3.25,0.202,0.123,1.39,,,Ⅲ
2022-12-26T00:00:00+08:00,1671984000,15.1,7.8,11.46,743.3,502.9,2.92,0.174,0.097,1.57,,,Ⅱ
2022-12-26T04:00:00+08:00,1671998400,15.0,7.7,11.37,691.2,508.6,2.94,0.153,0.085,1.63,,,Ⅱ
2022-12-26T08:00:00+08:00,1672012800,15.0,7.68,11.45,726.4,402.4,2.72,0.143,0.071,1.81,,,Ⅱ
2022-12-26T12:00:00+08:00,1672027200,16.7,7.75,11.42,787.9,757.4,3.6,0.205,0.104,1.37,,,Ⅲ
2022-12-26T16:00:00+08:00,1672041600,16.5,7.83,11.4,1130.8,2314.8,5.69,0.498,0.199,,,,Ⅲ
2022-12-26T20:00:00+08:00,1672056000,15.7,7.74,11.43,947.0,763.2,3.92,0.275,0.117,1.3,,,Ⅲ
2022-12-27T08:00:00+08:00,1672099200,15.5,7.7,11.36,941.6,442.8,3.36,0.156,0.085,1.7,,,Ⅱ
2022-12-27T12:00:00+08:00,1672113600,17.1,7.8,11.47,994.1,341.8,2.81,0.13,0.074,1.82,,,Ⅱ
2022-12-27T16:00:00+08:00,1672128000,17.3,7.82,11.41,1456.0,1176.6,4.21,0.328,0.117,1.0,,,Ⅲ
2022-12-27T20:00:00+08:00,1672142400,16.2,7.73,11.38,1192.6,526.1,3.34,0.222,0.095,1.55,,,Ⅱ
2022-12-28T00:00:00+08:00,1672156800,16.3,7.7,11.23,1138.4,423.5,3.37,0.166,0.079,1.71,,,Ⅱ
2022-12-28T04:00:00+08:00,1672171200,16.0,7.68,11.29,1110.6,377.0,2.94,0.15,0.073,1.8,,,Ⅱ
2022-12-28T08:00:00+08:00,1672185600,15.9,7.7,11.26,1147.2,308.4,2.77,0.494,0.073,1.88,,,Ⅱ
2022-12-28T12:00:00+08:00,1672200000,16.8,7.76,11.41,1167.3,283.5,3.11,0.45,0.071,1.93,,,Ⅱ
2022-12-28T16:00:00+08:00,1672214400,16.4,7.76,11.57,1315.9,898.2,3.87,0.274,0.092,1.09,,,Ⅱ
2022-12-28T20:00:00+08:00,1672228800,16.2,7.75,11.54,1400.7,666.1,3.51,0.272,0.091,1.33,,,Ⅱ
2022-12-29T00:00:00+08:00,1672243200,15.9,7.71,11.39,1335.2,450.8,3.54,0.189,0.074,1.63,,,Ⅱ
2022-12-29T08:00:00+08:00,1672272000,15.5,7.7,11.42,1298.8,308.0,2.84,0.465,0.074,1.86,,,Ⅱ
2022-12-29T12:00:00+08:00,1672286400,16.3,7.77,11.49,1347.9,262.3,2.76,0.436,0.075,1.92,,,Ⅱ
2022-12-29T16:00:00+08:00,1672300800,16.1,7.79,11.79,1333.8,688.1,3.44,0.245,0.084,1.38,,,Ⅱ
2022-12-29T20:00:00+08:00,1672315200,15.9,7.75,11.63,1276.4,449.3,3.4,0.188,0.084,1.65,,,Ⅱ
2022-12-30T04:00:00+08:00,1672344000,15.6,7.73,11.52,1284.3,274.8,2.88,0.439,0.064,1.88,,,Ⅱ
2022-12-30T08:00:00+08:00,1672358400,15.6,7.73,11.72,1279.8,277.4,2.81,0.424,0.075,1.89,,,Ⅱ
2022-12-30T12:00:00+08:00,1672372800,15.8,7.77,11.73,1289.8,221.8,3.36,0.374,0.069,1.98,,,Ⅱ
2022-12-30T16:00:00+08:00,1672387200,14.5,7.78,10.76,1240.1,226.4,2.74,0.353,0.069,2.01,,,Ⅱ
2022-12-30T20:00:00+08:00,1672401600,15.2,7.73,10.29,1234.0,218.0,2.94,0.354,0.081,2.03,,,Ⅱ
2022-12-31T04:00:00+08:00,1672430400,14.3,7.68,10.54,1224.6,219.5,3.24,0.319,0.065,2.12,,,Ⅱ
2022-12-31T08:00:00+08:00,1672444800,12.8,7.51,12.16,917.5,57.3,1.86,0.074,0.014,1.42,,,Ⅱ
2022-12-31T12:00:00+08:00,1672459200,16.7,7.8,10.42,1317.9,214.5,2.98,0.283,0.065,2.01,,,Ⅱ
2022-12-31T16:00:00+08:00,1672473600,17.1,7.8,10.28,1322.3,169.6,2.81,0.289,0.06,2.07,,,Ⅱ
2022-12-31T20:00:00+08:00,1672488000,15.2,7.69,10.2,1277.0,169.5,3.08,0.269,0.061,2.11,,,Ⅱ
2023-01-01T04:00:00+08:00,1672516800,14.9,7.67,10.17,1250.4,138.2,3.53,0.245,0.066,2.14,,,Ⅱ
2023-01-01T08:00:00+08:00,1672531200,15.0,7.69,10.22,1254.8,181.4,2.78,0.277,0.057,2.12,,,Ⅱ
2023-01-01T12:00:00+08:00,1672545600,15.4,7.74,10.22,1274.0,124.4,2.9,0.216,0.063,2.17,,,Ⅱ
2023-01-01T16:00:00+08:00,1672560000,11.1,7.53,11.35,1136.6,82.7,2.34,0.305,0.038,2.38,,,Ⅱ
2023-01-01T20:00:00+08:00,1672574400,14.4,7.67,10.19,1250.7,114.6,2.92,0.196,0.055,2.38,,,Ⅱ
2023-01-02T04:00:00+08:00,1672603200,15.0,7.66,10.08,1250.6,119.0,3.06,0.206,0.06,2.2,,,Ⅱ
2023-01-02T08:00:00+08:00,1672617600,15.0,7.67,10.2,1264.2,111.6,3.15,0.203,0.067,2.25,,,Ⅱ
2023-01-02T12:00:00+08:00,1672632000,15.6,7.77,10.4,1246.1,105.4,2.94,0.186,0.065,2.21,,,Ⅱ
2023-01-02T16:00:00+08:00,1672646400,15.4,7.74,10.41,1259.6,113.9,3.14,0.201,0.066,2.23,,,Ⅱ
2023-01-02T20:00:00+08:00,1672660800,15.2,7.7,9.95,1256.4,124.1,2.89,0.221,0.051,2.21,,,Ⅱ
2023-01-03T04:00:00+08:00,1672689600,10.6,7.49,12.7,865.8,17.3,1.89,0.045,0.005,1.45,,,Ⅰ
2023-01-03T12:00:00+08:00,1672718400,16.1,7.84,9.6,1471.4,191.1,5.8,0.31,0.005,2.14,,,Ⅲ
2023-01-03T16:00:00+08:00,1672732800,17.4,7.82,9.33,1512.1,170.5,3.6,0.286,0.067,2.35,,,Ⅱ
2023-01-03T20:00:00+08:00,1672747200,15.6,7.72,9.22,1409.4,151.4,3.31,0.263,0.069,2.28,,,Ⅱ
2023-01-04T04:00:00+08:00,1672776000,14.6,7.6,8.87,1213.3,146.0,3.24,0.234,0.054,2.42,,,Ⅱ
2023-01-04T08:00:00+08:00,1672790400,14.6,7.62,9.07,1224.7,167.3,3.47,0.255,0.076,2.42,,,Ⅱ
2023-01-04T12:00:00+08:00,1672804800,16.5,7.75,9.35,1853.8,204.8,3.47,0.346,0.068,2.21,,,Ⅱ
2023-01-04T16:00:00+08:00,1672819200,17.6,7.78,9.17,1833.6,179.5,3.83,0.337,0.068,2.24,,,Ⅱ
2023-01-04T20:00:00+08:00,1672833600,15.8,7.68,9.24,1515.6,174.7,3.97,0.322,0.07,2.42,,,Ⅱ
2023-01-05T04:00:00+08:00,1672862400,15.3,7.63,9.2,1440.4,157.9,3.97,0.291,0.063,2.35,,,Ⅱ
2023-01-05T08:00:00+08:00,1672876800,15.6,7.64,9.18,1443.2,155.6,3.54,0.268,0.072,2.38,,,Ⅱ
2023-01-05T12:00:00+08:00,1672891200,16.0,7.71,9.4,1467.5,143.7,3.84,0.274,0.076,2.4,,,Ⅱ
2023-01-05T16:00:00+08:00,1672905600,16.4,7.75,9.4,1487.8,134.5,3.83,0.254,0.076,2.45,,,Ⅱ
2023-01-05T20:00:00+08:00,1672920000,16.2,7.66,9.21,1579.7,137.5,3.69,0.273,0.074,2.41,,,Ⅱ
2023-01-06T00:00:00+08:00,1672934400,16.1,7.65,9.18,1544.5,136.9,3.79,0.261,0.067,2.44,,,Ⅱ
2023-01-06T04:00:00+08:00,1672948800,12.0,7.45,9.9,1302.4,69.9,3.29,0.163,0.045,2.1,,,Ⅱ
2023-01-06T08:00:00+08:00,1672963200,13.8,7.52,10.67,980.6,22.7,1.79,0.048,0.005,1.45,,,Ⅰ
2023-01-06T12:00:00+08:00,1672977600,17.0,7.82,9.52,1578.3,127.2,3.65,0.253,0.068,2.33,,,Ⅱ
2023-01-06T16:00:00+08:00,1672992000,18.0,7.8,9.17,1619.6,115.2,3.98,0.28,0.062,2.39,,,Ⅱ
2023-01-06T20:00:00+08:00,1673006400,16.4,7.7,9.3,1512.4,127.3,3.76,0.258,0.066,2.32,,,Ⅱ
2023-01-07T00:00:00+08:00,1673020800,14.2,7.62,9.61,1466.3,114.7,3.61,0.222,0.063,2.28,,,Ⅱ
2023-01-07T04:00:00+08:00,1673035200,15.2,7.65,9.22,1495.0,96.8,3.68,0.203,0.052,2.42,,,Ⅱ
2023-01-07T08:00:00+08:00,1673049600,15.1,7.66,9.39,1504.2,92.7,3.86,0.202,0.052,2.41,,,Ⅱ
2023-01-07T12:00:00+08:00,1673064000,17.6,7.92,9.31,1530.3,2533.3,6.11,0.459,0.148,,,,Ⅳ
2023-01-07T16:00:00+08:00,1673078400,19.2,8.03,8.81,1534.1,654.0,5.06,0.257,0.155,1.72,,,Ⅲ
2023-01-07T20:00:00+08:00,1673092800,17.6,7.95,9.1,1435.7,369.6,4.33,0.443,0.093,2.0,,,Ⅲ
2023-01-08T00:00:00+08:00,1673107200,17.2,7.94,9.33,1400.7,212.3,3.94,0.299,0.077,2.2,,,Ⅱ
2023-01-08T04:00:00+08:00,1673121600,17.0,7.92,9.37,1382.4,209.1,3.81,0.269,0.077,2.17,,,Ⅱ
2023-01-08T08:00:00+08:00,1673136000,24.2,7.94,7.82,214.2,4.3,7.94,,0.005,2.21,,,
2023-01-08T12:00:00+08:00,1673150400,17.7,8.05,9.05,214.5,1.8,7.94,,0.005,1.5,,,
2023-01-08T16:00:00+08:00,1673164800,19.1,8.21,9.46,1487.9,218.3,6.82,0.218,0.127,2.12,,,Ⅳ
2023-01-08T20:00:00+08:00,1673179200,18.6,8.1,9.56,1325.9,195.7,4.94,0.294,0.083,2.4,,,Ⅲ
2023-01-09T00:00:00+08:00,1673193600,18.0,7.86,9.2,1215.5,198.3,4.51,0.27,0.096,2.51,,,Ⅲ
2023-01-09T04:00:00+08:00,1673208000,17.3,7.78,9.17,1198.6,193.0,4.26,0.263,0.074,2.53,,,Ⅲ
2023-01-09T08:00:00+08:00,1673222400,17.3,7.78,9.15,1214.0,188.8,4.23,0.242,0.07,2.54,,,Ⅲ
2023-01-09T12:00:00+08:00,1673236800,18.2,8.17,9.87,1276.3,179.3,4.86,0.261,0.087,2.59,,,Ⅲ
2023-01-09T16:00:00+08:00,1673251200,16.1,8.2,10.9,1294.8,111.4,5.14,0.259,0.096,2.67,,,Ⅲ
2023-01-09T20:00:00+08:00,1673265600,16.6,8.14,10.81,1399.8,116.2,4.96,0.256,0.072,2.49,,,Ⅲ
2023-01-10T00:00:00+08:00,1673280000,16.8,8.09,10.43,1436.2,122.5,5.25,0.253,0.062,2.51,,,Ⅲ
2023-01-10T04:00:00+08:00,1673294400,16.1,7.99,10.18,1400.7,114.1,4.54,0.242,0.064,2.44,,,Ⅲ
2023-01-10T08:00:00+08:00,1673308800,15.5,7.97,10.55,1357.4,134.9,4.56,0.254,0.06,2.49,,,Ⅲ
2023-01-10T12:00:00+08:00,1673323200,17.0,8.32,11.09,1397.7,128.1,5.18,0.254,0.066,2.6,,,Ⅲ
2023-01-10T16:00:00+08:00,1673337600,17.3,8.34,11.19,1424.6,120.6,5.11,0.262,0.073,2.47,,,Ⅲ
2023-01-10T20:00:00+08:00,1673352000,16.0,7.99,10.27,1254.6,116.7,4.68,0.25,0.063,2.58,,,Ⅲ
2023-01-11T00:00:00+08:00,1673366400,15.3,7.96,10.46,1238.1,101.4,4.51,0.232,0.077,2.7,,,Ⅲ
2023-01-11T04:00:00+08:00,1673380800,15.0,7.91,10.3,1215.0,91.5,4.29,0.212,0.042,2.71,,,Ⅲ
2023-01-11T08:00:00+08:00,1673395200,15.4,7.94,10.24,1201.8,91.9,4.3,0.216,0.072,2.8,,,Ⅲ
2023-01-11T12:00:00+08:00,1673409600,14.0,7.63,10.25,1356.8,236.1,4.22,0.351,0.056,2.18,,,Ⅲ
2023-01-11T16:00:00+08:00,1673424000,17.4,7.77,9.18,1477.8,156.9,4.47,0.296,0.09,2.72,,,Ⅲ
2023-01-11T20:00:00+08:00,1673438400,16.2,7.68,9.04,1434.8,130.8,4.86,0.28,0.068,2.98,,,Ⅲ
2023-01-12T00:00:00+08:00,1673452800,16.5,7.79,9.2,1321.0,158.9,4.5,0.288,0.086,2.67,,,Ⅲ
2023-01-12T04:00:00+08:00,1673467200,13.6,7.51,9.56,1126.4,100.7,3.55,0.229,0.059,2.32,,,Ⅱ
2023-01-12T08:00:00+08:00,1673481600,16.8,7.76,8.88,1300.2,139.6,4.38,0.267,0.081,2.72,,,Ⅲ
2023-01-12T12:00:00+08:00,1673496000,17.0,7.85,9.26,1399.9,119.3,4.85,0.251,0.078,2.79,,,Ⅲ
2023-01-12T16:00:00+08:00,1673510400,18.1,7.79,8.89,1441.4,105.4,4.27,0.231,0.081,2.76,,,Ⅲ
2023-01-12T20:00:00+08:00,1673524800,17.9,7.7,8.56,1405.5,101.3,4.74,0.217,0.086,2.82,,,Ⅲ
2023-01-13T00:00:00+08:00,1673539200,18.4,7.69,8.35,1152.0,139.2,4.28,0.268,0.08,2.71,,,Ⅲ
2023-01-13T04:00:00+08:00,1673553600,18.2,7.65,8.34,1110.0,143.3,4.39,0.277,0.09,2.73,,,Ⅲ
2023-01-13T08:00:00+08:00,1673568000,18.1,7.59,8.07,1034.4,166.4,4.33,0.302,0.094,2.71,,,Ⅲ
2023-01-13T12:00:00+08:00,1673582400,18.6,7.66,8.2,1002.3,174.7,4.33,0.32,0.102,2.65,,,Ⅲ
2023-01-13T16:00:00+08:00,1673596800,18.7,7.7,8.32,1033.4,161.2,4.33,0.307,0.098,2.72,,,Ⅲ
2023-01-13T20:00:00+08:00,1673611200,18.6,7.58,7.92,1039.7,138.2,4.33,0.284,0.094,2.72,,,Ⅲ
2023-01-14T00:00:00+08:00,1673625600,18.0,7.53,7.9,1049.6,148.1,4.33,0.287,0.074,2.73,,,Ⅲ
2023-01-14T04:00:00+08:00,1673640000,17.8,7.54,7.81,1030.9,150.8,4.33,0.3,0.086,2.83,,,Ⅲ
2023-01-14T08:00:00+08:00,1673654400,17.6,7.54,7.82,1035.4,127.5,4.33,0.268,0.069,2.73,,,Ⅲ
2023-01-14T12:00:00+08:00,1673668800,17.1,7.55,8.19,1095.7,110.0,4.33,0.239,0.078,2.76,,,Ⅲ
2023-01-14T16:00:00+08:00,1673683200,16.5,7.56,8.32,1122.6,100.7,4.33,0.23,0.081,2.79,,,Ⅲ
2023-01-14T20:00:00+08:00,1673697600,15.9,7.52,8.23,1091.9,124.4,4.33,0.262,0.064,2.75,,,Ⅲ
2023-01-15T00:00:00+08:00,1673712000,15.1,7.39,9.07,987.6,72.0,4.33,0.067,0.005,1.55,,,Ⅲ
2023-01-15T04:00:00+08:00,1673726400,15.1,7.5,8.24,1069.3,144.2,4.33,0.289,0.061,2.66,,,Ⅲ
2023-01-15T08:00:00+08:00,1673740800,14.6,7.5,8.49,1023.8,132.7,4.33,0.317,0.081,2.72,,,Ⅲ
2023-01-15T12:00:00+08:00,1673755200,14.4,7.53,8.56,1003.0,135.9,4.33,0.299,0.086,2.72,,,Ⅲ
2023-01-15T16:00:00+08:00,1673769600,14.1,7.52,8.68,974.4,137.5,4.33,0.3,0.097,2.75,,,Ⅲ
2023-01-15T20:00:00+08:00,1673784000,14.0,7.53,6.54,960.7,142.0,4.53,0.329,0.097,2.73,,,Ⅲ
2023-01-16T00:00:00+08:00,1673798400,13.6,7.51,6.56,954.2,131.4,4.8,0.319,0.1,2.76,,,Ⅲ
2023-01-16T08:00:00+08:00,1673827200,13.3,7.52,6.74,951.7,127.5,4.63,0.445,0.103,2.77,,,Ⅲ
2023-01-16T12:00:00+08:00,1673841600,14.3,7.62,6.99,978.3,117.9,4.99,0.303,0.094,2.85,,,Ⅲ
2023-01-16T16:00:00+08:00,1673856000,14.6,7.66,7.1,972.7,107.1,4.82,0.284,0.067,2.9,,,Ⅲ
2023-01-16T20:00:00+08:00,1673870400,13.5,7.52,6.49,951.2,103.9,4.48,0.267,0.06,2.88,,,Ⅲ
2023-01-17T00:00:00+08:00,1673884800,13.5,7.5,6.58,946.2,101.8,4.91,0.24,0.092,2.96,,,Ⅲ
2023-01-17T04:00:00+08:00,1673899200,13.4,7.49,6.45,943.6,93.5,5.17,0.249,0.093,2.92,,,Ⅲ
2023-01-17T08:00:00+08:00,1673913600,13.3,7.5,6.54,943.5,87.4,4.49,0.237,0.095,2.95,,,Ⅲ
2023-01-17T12:00:00+08:00,1673928000,14.9,7.65,7.03,982.4,86.8,4.81,0.229,0.082,2.93,,,Ⅲ
2023-01-17T16:00:00+08:00,1673942400,15.2,7.67,6.88,966.1,82.8,4.75,0.243,0.096,2.99,,,Ⅲ
2023-01-17T20:00:00+08:00,1673956800,14.1,7.54,6.46,942.0,80.1,4.63,0.228,0.079,2.96,,,Ⅲ
2023-01-18T00:00:00+08:00,1673971200,13.9,7.51,6.45,925.3,78.9,4.81,0.226,0.101,2.97,,,Ⅲ
2023-01-18T04:00:00+08:00,1673985600,13.4,7.48,6.38,911.0,74.4,4.65,0.217,0.08,2.99,,,Ⅲ
2023-01-18T08:00:00+08:00,1674000000,13.4,7.5,6.54,916.5,72.1,4.54,0.21,0.09,2.98,,,Ⅲ
2023-01-18T12:00:00+08:00,1674014400,15.1,7.7,7.01,963.2,87.2,4.33,0.231,0.102,2.95,,,Ⅲ
2023-01-18T16:00:00+08:00,1674028800,15.1,7.68,7.09,958.4,67.6,4.29,0.202,0.09,2.95,,,Ⅲ
2023-01-18T20:00:00+08:00,1674043200,14.3,7.56,6.59,934.1,66.2,4.1,0.202,0.085,2.98,,,Ⅲ
2023-01-19T00:00:00+08:00,1674057600,13.9,7.54,6.61,916.3,64.5,3.79,0.189,0.094,3.05,,,Ⅱ
2023-01-19T04:00:00+08:00,1674072000,13.6,7.52,6.44,921.0,67.2,3.74,0.204,0.059,2.96,,,Ⅱ
2023-01-29T12:00:00+08:00,1674964800,18.3,7.92,9.15,203.8,4.1,5.53,,0.005,1.53,,,
2023-01-29T16:00:00+08:00,1674979200,19.6,7.6,8.58,206.0,178.8,5.68,0.155,0.103,2.18,,,Ⅲ
2023-01-29T20:00:00+08:00,1674993600,15.7,7.64,9.56,210.5,3.3,8.02,0.109,0.005,1.49,,,Ⅳ
2023-01-30T04:00:00+08:00,1675022400,26.5,7.72,8.25,918.6,311.9,5.78,0.213,0.038,2.44,,,Ⅲ
2023-01-30T08:00:00+08:00,1675036800,26.9,7.74,7.87,940.5,298.0,5.81,0.176,0.048,2.67,,,Ⅲ
2023-01-30T12:00:00+08:00,1675051200,27.1,7.76,7.6,955.6,261.9,5.35,0.072,0.041,2.69,,,Ⅲ
2023-01-30T16:00:00+08:00,1675065600,23.9,7.53,7.54,919.4,260.7,5.31,0.277,0.08,3.77,,,Ⅲ
2023-01-30T20:00:00+08:00,1675080000,21.1,7.49,7.62,877.4,253.8,5.32,0.228,0.087,4.26,,,Ⅲ
2023-01-31T00:00:00+08:00,1675094400,19.3,7.47,7.74,850.8,245.5,5.34,0.287,0.058,4.38,,,Ⅲ
2023-01-31T04:00:00+08:00,1675108800,18.2,7.48,7.8,833.4,239.3,5.4,0.193,0.044,4.43,,,Ⅲ
2023-01-31T08:00:00+08:00,1675123200,17.4,7.5,7.93,823.1,233.7,5.41,0.178,0.053,4.59,,,Ⅲ
2023-01-31T16:00:00+08:00,1675152000,20.3,7.72,7.79,871.2,225.1,5.41,0.194,0.005,4.87,,,Ⅲ
2023-01-31T20:00:00+08:00,1675166400,12.2,6.81,9.4,739.2,104.2,5.41,0.176,0.063,3.2,,,Ⅲ
2023-02-01T00:00:00+08:00,1675180800,12.4,6.95,9.3,734.3,103.3,5.41,0.28,0.038,3.26,,,Ⅲ
2023-02-01T08:00:00+08:00,1675209600,12.7,7.13,9.38,735.5,98.2,5.41,0.143,0.053,2.74,,,Ⅲ
2023-02-01T12:00:00+08:00,1675224000,14.2,7.33,9.66,1589.4,171.3,3.59,0.23,0.005,2.48,,,Ⅱ
2023-02-01T16:00:00+08:00,1675238400,14.9,7.26,9.77,1044.4,166.8,3.59,0.241,0.054,2.45,,,Ⅱ
2023-02-01T20:00:00+08:00,1675252800,14.0,7.24,9.44,1072.3,154.6,3.59,0.201,0.057,2.58,,,Ⅱ
2023-02-02T04:00:00+08:00,1675281600,13.2,7.25,9.35,1110.4,151.2,3.59,0.179,0.048,2.64,,,Ⅱ
2023-02-02T08:00:00+08:00,1675296000,13.2,7.27,9.28,1131.0,150.0,4.18,0.176,0.045,2.64,,,Ⅲ
2023-02-02T12:00:00+08:00,1675310400,13.3,7.38,9.68,1150.7,149.0,4.11,0.184,0.048,2.65,,,Ⅲ
2023-02-02T16:00:00+08:00,1675324800,14.4,8.09,,1102.7,61.7,2.4,0.227,0.068,2.65,,,
2023-02-02T20:00:00+08:00,1675339200,11.2,7.38,9.56,831.6,124.8,2.41,0.198,0.047,2.73,,,Ⅱ
2023-02-03T04:00:00+08:00,1675368000,10.8,7.38,9.55,788.0,102.0,2.36,0.168,0.05,2.77,,,Ⅱ
2023-02-03T08:00:00+08:00,1675382400,10.7,7.42,9.57,777.7,93.5,2.37,0.162,0.061,2.84,,,Ⅱ
2023-02-03T12:00:00+08:00,1675396800,11.5,7.59,10.11,801.6,94.0,2.62,0.162,0.113,2.83,,,Ⅲ
2023-02-03T16:00:00+08:00,1675411200,12.2,7.55,9.64,1017.2,315.8,2.51,0.366,0.085,2.52,,,Ⅱ
2023-02-03T20:00:00+08:00,1675425600,11.1,7.42,9.08,730.9,183.1,9.03,0.275,0.057,2.68,,,Ⅱ
2023-02-04T04:00:00+08:00,1675454400,10.7,7.4,8.93,721.3,139.0,9.03,0.215,0.005,2.77,,,Ⅳ
2023-02-04T08:00:00+08:00,1675468800,10.6,7.42,9.0,723.5,118.9,9.03,0.215,0.005,2.77,,,Ⅳ
2023-02-04T12:00:00+08:00,1675483200,9.2,7.48,9.69,691.2,136.0,3.0,0.294,0.073,2.8,,,Ⅱ
2023-02-04T16:00:00+08:00,1675497600,9.8,7.49,9.36,691.3,623.1,4.89,0.481,0.106,2.48,,,Ⅲ
2023-02-04T20:00:00+08:00,1675512000,9.9,7.53,9.56,682.2,86.7,4.78,0.422,0.097,2.64,,,Ⅲ
2023-02-05T04:00:00+08:00,1675540800,9.8,7.52,9.5,682.1,61.0,4.36,0.294,0.078,2.73,,,Ⅲ
2023-02-05T12:00:00+08:00,1675569600,9.9,7.53,9.39,682.0,51.9,4.12,0.357,0.061,2.77,,,Ⅲ
2023-02-05T16:00:00+08:00,1675584000,10.2,7.58,9.56,687.4,168.0,5.0,0.416,0.117,2.57,,,Ⅲ
2023-02-05T20:00:00+08:00,1675598400,10.2,7.58,9.6,679.0,132.4,4.59,0.187,0.079,2.47,,,Ⅲ
2023-02-06T04:00:00+08:00,1675627200,10.2,7.57,9.47,678.4,72.4,4.09,0.446,0.063,2.68,,,Ⅲ
2023-02-06T08:00:00+08:00,1675641600,10.2,7.56,9.42,680.4,66.1,4.04,0.43,0.081,2.74,,,Ⅲ
2023-02-06T12:00:00+08:00,1675656000,10.2,7.57,9.34,681.2,64.8,3.9,0.386,0.057,2.7,,,Ⅱ
2023-02-06T16:00:00+08:00,1675670400,10.4,7.6,9.47,686.9,185.6,5.06,0.396,0.093,2.38,,,Ⅲ
2023-02-06T20:00:00+08:00,1675684800,10.4,7.59,9.57,668.0,175.6,4.73,0.166,0.098,2.32,,,Ⅲ
2023-02-07T04:00:00+08:00,1675713600,10.4,7.58,9.46,668.2,70.0,4.08,0.348,0.077,2.6,,,Ⅲ
2023-02-07T08:00:00+08:00,1675728000,10.4,7.57,9.39,669.4,67.6,3.91,0.325,0.09,2.65,,,Ⅱ
2023-02-07T12:00:00+08:00,1675742400,10.6,7.64,9.63,671.9,61.0,3.98,0.324,0.087,2.7,,,Ⅱ
2023-02-07T16:00:00+08:00,1675756800,10.9,7.65,9.66,729.9,134.3,4.59,0.497,0.092,2.47,,,Ⅲ
2023-02-07T20:00:00+08:00,1675771200,10.9,7.61,9.42,674.6,125.7,4.36,0.193,0.09,2.47,,,Ⅲ
2023-02-08T04:00:00+08:00,1675800000,10.9,7.6,9.37,672.6,73.9,4.36,0.345,0.069,2.73,,,Ⅲ
2023-02-08T08:00:00+08:00,1675814400,10.9,7.6,9.32,674.1,70.1,3.87,0.334,0.082,2.61,,,Ⅱ
2023-02-08T12:00:00+08:00,1675828800,11.0,7.62,9.41,673.2,63.5,3.72,0.322,0.073,2.62,,,Ⅱ
2023-02-08T16:00:00+08:00,1675843200,11.0,7.66,9.66,686.1,58.0,3.58,0.292,0.032,2.71,,,Ⅱ
2023-02-08T20:00:00+08:00,1675857600,11.0,7.61,9.14,678.4,151.2,4.5,0.237,0.094,2.48,,,Ⅲ
2023-02-09T04:00:00+08:00,1675886400,10.9,7.59,9.11,677.0,68.4,4.02,0.358,0.075,2.59,,,Ⅲ
2023-02-09T12:00:00+08:00,1675915200,11.0,7.62,9.28,682.5,57.4,3.87,0.308,0.073,2.67,,,Ⅱ
2023-02-09T16:00:00+08:00,1675929600,11.0,7.64,9.43,678.4,54.2,3.75,0.291,0.069,2.62,,,Ⅱ
2023-02-09T20:00:00+08:00,1675944000,10.9,7.58,9.08,666.8,212.7,4.6,0.2,0.121,2.13,,,Ⅲ
2023-02-10T04:00:00+08:00,1675972800,10.9,7.57,9.05,664.4,90.4,3.94,0.41,0.065,2.5,,,Ⅱ
2023-02-10T08:00:00+08:00,1675987200,10.8,7.56,9.03,664.3,80.7,3.85,0.387,0.079,2.54,,,Ⅱ
2023-02-10T12:00:00+08:00,1676001600,10.8,7.58,9.06,666.2,74.0,3.64,0.376,0.074,2.52,,,Ⅱ
2023-02-10T16:00:00+08:00,1676016000,11.0,7.6,9.22,668.6,66.3,3.74,0.352,0.072,2.52,,,Ⅱ
2023-02-10T20:00:00+08:00,1676030400,11.2,7.57,9.37,690.0,170.0,4.04,0.163,0.005,2.08,,,Ⅲ
2023-02-11T04:00:00+08:00,1676059200,10.9,7.56,8.73,667.2,83.5,3.74,0.442,0.07,2.58,,,Ⅱ
2023-02-11T08:00:00+08:00,1676073600,10.9,7.56,8.72,668.5,75.2,3.77,0.488,0.075,2.62,,,Ⅱ
2023-02-11T12:00:00+08:00,1676088000,11.0,7.57,8.79,669.4,69.2,3.73,0.393,0.069,2.56,,,Ⅱ
2023-02-11T16:00:00+08:00,1676102400,11.0,7.58,8.8,671.5,91.8,3.53,0.372,0.064,2.58,,,Ⅱ
2023-02-11T20:00:00+08:00,1676116800,10.8,7.57,8.9,672.3,84.6,3.57,,0.088,2.69,,,
2023-02-12T04:00:00+08:00,1676145600,10.9,7.59,8.91,669.1,76.2,3.67,0.312,0.074,2.65,,,Ⅱ
2023-02-12T08:00:00+08:00,1676160000,11.0,7.59,8.87,668.9,73.0,3.66,0.291,0.048,2.69,,,Ⅱ
2023-02-12T12:00:00+08:00,1676174400,11.1,7.61,8.95,670.9,70.2,3.59,0.289,0.046,2.66,,,Ⅱ
2023-02-12T16:00:00+08:00,1676188800,11.4,7.6,8.7,669.1,73.8,3.71,0.332,0.08,2.7,,,Ⅱ
2023-02-12T20:00:00+08:00,1676203200,11.6,7.61,8.67,673.6,68.6,3.9,0.494,0.08,2.76,,,Ⅱ
2023-02-13T04:00:00+08:00,1676232000,11.2,7.55,8.65,675.9,61.4,3.59,0.315,0.07,2.68,,,Ⅱ
2023-02-13T08:00:00+08:00,1676246400,11.1,7.57,8.8,678.2,64.5,3.51,0.363,0.075,2.71,,,Ⅱ
2023-02-13T12:00:00+08:00,1676260800,11.0,7.58,8.93,677.1,63.8,3.73,0.363,0.078,2.95,,,Ⅱ
2023-02-13T20:00:00+08:00,1676289600,11.2,7.53,8.53,687.6,67.2,3.64,0.427,0.086,2.89,,,Ⅱ
2023-02-14T04:00:00+08:00,1676318400,10.8,7.55,8.68,692.4,64.3,3.83,0.486,0.086,2.9,,,Ⅱ
2023-02-14T08:00:00+08:00,1676332800,10.6,7.55,8.74,699.5,62.2,3.76,0.426,0.092,2.87,,,Ⅱ
2023-02-14T12:00:00+08:00,1676347200,10.8,7.6,8.95,702.1,60.1,3.85,0.473,0.092,2.91,,,Ⅱ
2023-02-14T16:00:00+08:00,1676361600,10.9,7.6,8.86,700.2,56.3,3.85,0.487,0.088,2.91,,,Ⅱ
2023-02-14T20:00:00+08:00,1676376000,10.3,7.56,9.08,698.7,60.1,3.53,0.342,0.089,2.93,,,Ⅱ
2023-02-15T04:00:00+08:00,1676404800,10.4,7.58,8.94,698.6,56.6,3.76,0.436,0.08,2.99,,,Ⅱ
2023-02-15T08:00:00+08:00,1676419200,10.4,7.58,8.94,702.3,53.6,3.81,0.38,0.084,2.97,,,Ⅱ
2023-02-15T12:00:00+08:00,1676433600,10.5,7.59,8.9,702.6,52.3,4.02,0.444,0.096,2.95,,,Ⅲ
2023-02-15T16:00:00+08:00,1676448000,11.3,7.69,9.38,712.5,51.4,4.05,0.379,0.111,3.2,,,Ⅲ
2023-02-15T20:00:00+08:00,1676462400,11.3,7.69,9.55,714.5,47.5,4.21,0.42,0.11,3.28,,,Ⅲ
2023-02-16T04:00:00+08:00,1676491200,10.7,7.59,8.98,705.3,46.8,4.03,0.408,0.101,3.34,,,Ⅲ
2023-02-16T08:00:00+08:00,1676505600,10.6,7.59,9.05,703.4,43.4,3.94,0.489,0.127,3.35,,,Ⅲ
2023-02-16T12:00:00+08:00,1676520000,10.6,7.6,8.94,704.7,43.6,3.77,0.405,0.101,3.23,,,Ⅲ
2023-02-16T16:00:00+08:00,1676534400,10.7,7.61,8.99,704.6,42.6,3.94,0.398,0.104,3.23,,,Ⅲ
2023-02-16T20:00:00+08:00,1676548800,10.6,7.55,8.78,712.6,42.0,3.84,0.398,0.102,3.44,,,Ⅲ
2023-02-17T04:00:00+08:00,1676577600,10.8,7.62,8.97,716.0,37.0,3.88,0.434,0.1,3.24,,,Ⅱ
2023-02-17T08:00:00+08:00,1676592000,10.8,7.6,9.0,715.0,35.9,3.89,0.441,0.101,3.26,,,Ⅲ
2023-02-17T12:00:00+08:00,1676606400,11.4,7.75,10.23,1288.0,375.9,3.94,0.252,0.114,1.56,,,Ⅲ
2023-02-17T16:00:00+08:00,1676620800,11.7,7.77,10.17,1159.7,166.5,3.29,0.193,0.085,1.74,,,Ⅱ
2023-02-17T20:00:00+08:00,1676635200,11.9,7.76,9.96,998.9,107.9,3.21,0.384,0.084,2.2,,,Ⅱ
2023-02-18T04:00:00+08:00,1676664000,11.8,7.73,9.86,1008.6,92.0,3.04,0.345,0.076,2.26,,,Ⅱ
2023-02-18T08:00:00+08:00,1676678400,11.9,7.72,9.86,1037.5,94.9,2.92,0.338,0.077,2.14,,,Ⅱ
2023-02-18T12:00:00+08:00,1676692800,12.0,7.73,9.79,1672.3,191.6,4.18,0.218,0.077,1.91,,,Ⅲ
2023-02-18T16:00:00+08:00,1676707200,12.6,7.76,9.64,1038.6,443.9,4.75,0.249,0.136,1.73,,,Ⅲ
2023-02-18T20:00:00+08:00,1676721600,13.0,7.58,8.03,769.9,263.3,5.0,0.638,0.144,2.84,,,Ⅲ
2023-02-19T04:00:00+08:00,1676750400,13.0,7.55,7.66,760.1,79.4,4.08,0.609,0.102,3.24,,,Ⅲ
2023-02-19T08:00:00+08:00,1676764800,12.9,7.52,7.59,754.4,73.2,4.18,0.602,0.106,3.31,,,Ⅲ
2023-02-19T12:00:00+08:00,1676779200,13.0,7.57,7.7,755.0,72.7,4.33,0.62,0.108,3.33,,,Ⅲ
2023-02-19T16:00:00+08:00,1676793600,13.3,7.53,7.16,739.2,259.7,5.2,0.777,0.142,2.98,,,Ⅲ
2023-02-19T20:00:00+08:00,1676808000,13.2,7.49,7.23,729.0,156.1,4.43,0.766,0.109,3.28,,,Ⅲ
2023-02-20T04:00:00+08:00,1676836800,12.9,7.49,7.15,726.3,95.6,4.08,0.708,0.085,3.37,,,Ⅲ
2023-02-20T08:00:00+08:00,1676851200,12.8,7.47,7.15,727.5,88.1,4.23,0.704,0.092,3.44,,,Ⅲ
2023-02-20T12:00:00+08:00,1676865600,13.1,7.52,7.25,728.5,87.3,4.2,0.712,0.087,3.37,,,Ⅲ
2023-02-20T16:00:00+08:00,1676880000,13.6,7.56,7.38,737.4,291.0,5.21,0.803,0.122,3.08,,,Ⅲ
2023-02-20T20:00:00+08:00,1676894400,13.2,7.51,7.5,729.1,199.8,4.51,0.678,0.12,3.01,,,Ⅲ
2023-02-21T00:00:00+08:00,1676908800,13.1,7.51,7.42,727.9,105.8,4.27,0.64,0.092,3.2,,,Ⅲ
2023-02-21T04:00:00+08:00,1676923200,12.9,7.51,7.42,726.2,102.1,3.94,0.636,0.084,3.24,,,Ⅲ
2023-02-21T08:00:00+08:00,1676937600,12.7,7.5,7.37,725.3,94.5,3.77,0.628,0.098,3.27,,,Ⅲ
2023-02-21T12:00:00+08:00,1676952000,12.7,7.52,7.43,725.3,91.1,3.73,0.634,0.09,3.24,,,Ⅲ
2023-02-21T16:00:00+08:00,1676966400,12.6,7.54,7.62,724.4,83.0,3.65,0.645,0.086,3.3,,,Ⅲ
2023-02-21T20:00:00+08:00,1676980800,12.4,7.53,7.67,724.9,82.2,3.65,0.64,0.046,3.29,,,Ⅲ
2023-02-22T00:00:00+08:00,1676995200,12.3,7.53,7.54,722.9,76.3,3.65,0.638,0.078,3.33,,,Ⅲ
2023-02-22T04:00:00+08:00,1677009600,12.2,7.54,7.47,725.0,72.1,3.44,0.625,0.069,3.32,,,Ⅲ
2023-02-22T08:00:00+08:00,1677024000,12.1,7.52,7.55,724.2,70.8,3.35,0.62,0.095,3.31,,,Ⅲ
2023-02-22T12:00:00+08:00,1677038400,12.2,7.55,7.62,726.5,67.3,3.28,0.616,0.087,3.28,,,Ⅲ
2023-02-22T16:00:00+08:00,1677052800,12.3,7.55,7.55,728.6,68.3,3.3,0.634,0.072,3.32,,,Ⅲ
2023-02-22T20:00:00+08:00,1677067200,11.4,7.45,7.91,724.2,409.8,4.58,0.648,0.149,2.52,,,Ⅲ
2023-02-23T00:00:00+08:00,1677081600,11.4,7.51,7.87,779.2,116.1,3.52,0.558,0.091,3.12,,,Ⅲ
2023-02-23T04:00:00+08:00,1677096000,11.4,7.5,7.78,778.3,97.6,3.41,0.536,0.086,3.19,,,Ⅲ
2023-02-23T08:00:00+08:00,1677110400,11.4,7.49,7.72,779.0,93.5,3.28,0.558,0.085,3.17,,,Ⅲ
2023-02-23T12:00:00+08:00,1677124800,11.5,7.51,7.76,780.7,87.4,3.14,0.548,0.082,3.23,,,Ⅲ
2023-02-23T16:00:00+08:00,1677139200,11.4,7.5,7.78,777.8,83.1,3.48,0.555,0.084,3.49,,,Ⅲ
2023-02-23T20:00:00+08:00,1677153600,11.2,7.49,7.89,764.1,497.0,4.69,0.622,0.127,2.44,,,Ⅲ
2023-02-24T00:00:00+08:00,1677168000,11.2,7.5,7.83,767.5,121.4,3.5,0.55,0.094,3.1,,,Ⅲ
2023-02-24T04:00:00+08:00,1677182400,11.5,7.51,7.85,764.3,99.4,3.21,0.526,0.148,3.43,,,Ⅲ
2023-02-24T08:00:00+08:00,1677196800,11.0,7.46,7.7,764.8,94.9,3.15,0.541,0.08,3.23,,,Ⅲ
2023-02-24T12:00:00+08:00,1677211200,11.2,7.5,7.8,766.4,86.0,3.16,0.511,0.078,3.23,,,Ⅲ
2023-02-24T16:00:00+08:00,1677225600,11.6,7.56,8.06,771.4,82.3,2.91,0.55,0.075,3.23,,,Ⅲ
2023-02-24T20:00:00+08:00,1677240000,11.5,7.49,7.74,767.6,487.6,4.63,0.679,0.142,2.52,,,Ⅲ
2023-02-25T00:00:00+08:00,1677254400,11.9,7.57,9.32,776.3,105.4,2.93,0.383,0.095,2.65,,,Ⅱ
2023-02-25T04:00:00+08:00,1677268800,11.5,7.51,8.05,762.9,120.8,3.2,0.498,0.078,3.03,,,Ⅱ
2023-02-25T08:00:00+08:00,1677283200,11.3,7.5,8.04,761.5,111.0,3.3,0.495,0.081,3.14,,,Ⅱ
2023-02-25T12:00:00+08:00,1677297600,11.5,7.56,8.28,764.8,99.5,3.18,0.48,0.099,3.2,,,Ⅱ
2023-02-25T16:00:00+08:00,1677312000,12.0,7.6,8.4,771.6,97.9,3.55,0.504,0.081,3.15,,,Ⅲ
2023-02-25T20:00:00+08:00,1677326400,11.5,7.53,8.32,765.3,93.2,2.97,0.609,0.083,3.75,,,Ⅲ
2023-02-26T00:00:00+08:00,1677340800,11.1,7.28,8.32,762.5,84.9,3.04,0.481,0.055,3.25,,,Ⅱ
2023-02-26T04:00:00+08:00,1677355200,11.1,7.36,8.3,760.6,80.5,2.86,0.458,0.08,3.23,,,Ⅱ
2023-02-26T08:00:00+08:00,1677369600,11.1,7.35,8.27,760.4,74.7,2.84,0.457,0.078,3.28,,,Ⅱ
2023-02-26T12:00:00+08:00,1677384000,11.3,7.4,8.47,763.6,73.6,3.0,0.468,0.083,3.26,,,Ⅱ
2023-02-26T16:00:00+08:00,1677398400,11.1,7.37,8.24,761.1,73.0,2.83,0.471,0.073,3.22,,,Ⅱ
2023-02-26T20:00:00+08:00,1677412800,11.0,7.35,8.28,759.7,68.6,2.78,0.475,0.069,3.22,,,Ⅱ
2023-02-27T00:00:00+08:00,1677427200,11.0,7.37,8.25,760.0,69.4,2.86,0.471,0.076,3.28,,,Ⅱ
2023-02-27T04:00:00+08:00,1677441600,10.9,7.35,8.11,757.8,67.3,2.6,0.452,0.07,3.27,,,Ⅱ
2023-02-27T08:00:00+08:00,1677456000,10.9,7.32,7.96,757.5,65.3,2.55,0.454,0.08,3.28,,,Ⅱ
2023-02-27T16:00:00+08:00,1677484800,11.8,7.41,8.32,773.1,60.1,2.67,0.424,0.071,3.34,,,Ⅱ
2023-02-27T20:00:00+08:00,1677499200,11.5,7.38,8.34,769.0,56.3,2.77,0.429,0.078,3.55,,,Ⅱ
2023-02-28T00:00:00+08:00,1677513600,11.3,7.37,8.23,767.4,55.9,2.76,0.418,0.075,3.36,,,Ⅱ
2023-02-28T04:00:00+08:00,1677528000,11.0,7.35,8.16,765.4,55.1,2.46,0.459,0.058,3.38,,,Ⅱ
2023-02-28T12:00:00+08:00,1677556800,12.6,7.46,8.55,790.1,49.4,3.12,0.397,0.082,3.28,,,Ⅱ
2023-02-28T16:00:00+08:00,1677571200,13.3,7.52,8.96,800.9,48.2,3.12,0.401,0.02,3.27,,,Ⅱ
2023-02-28T20:00:00+08:00,1677585600,13.3,7.53,9.02,802.0,44.2,4.11,0.482,0.005,4.0,,,Ⅲ
2023-03-01T00:00:00+08:00,1677600000,13.2,7.5,8.86,799.9,42.2,4.16,0.484,0.005,4.01,,,Ⅲ
2023-03-01T04:00:00+08:00,1677614400,13.2,7.49,8.8,797.8,41.3,4.29,0.482,0.012,3.28,,,Ⅲ
2023-03-01T16:00:00+08:00,1677657600,13.5,7.49,8.78,803.4,67.1,4.31,0.495,0.005,3.15,,,Ⅲ
2023-03-01T20:00:00+08:00,1677672000,13.1,7.41,8.51,797.3,51.3,4.19,0.43,0.005,3.18,,,Ⅲ
2023-03-02T04:00:00+08:00,1677700800,12.6,7.42,8.48,790.5,41.5,3.94,0.458,0.005,3.2,,,Ⅲ
2023-03-02T08:00:00+08:00,1677715200,12.5,7.43,8.66,789.7,39.0,3.88,0.471,0.011,3.15,,,Ⅱ
2023-03-02T12:00:00+08:00,1677729600,13.0,7.56,9.22,800.3,47.8,4.12,0.268,0.005,3.07,,,Ⅲ
2023-03-02T16:00:00+08:00,1677744000,12.7,7.41,8.13,794.6,48.4,3.96,0.443,0.005,3.12,,,Ⅱ
2023-03-02T20:00:00+08:00,1677758400,12.4,7.41,8.36,792.8,47.4,3.88,0.32,0.012,3.13,,,Ⅱ
2023-03-03T04:00:00+08:00,1677787200,12.2,7.43,8.37,793.6,46.0,3.96,0.246,0.069,3.14,,,Ⅱ
2023-03-03T08:00:00+08:00,1677801600,12.3,7.42,8.4,793.2,45.4,3.94,0.294,0.081,3.1,,,Ⅱ
2023-03-03T16:00:00+08:00,1677830400,12.6,7.44,8.25,797.5,48.7,3.82,0.248,0.078,3.11,,,Ⅲ
2023-03-03T20:00:00+08:00,1677844800,12.9,7.48,8.66,803.7,41.7,8.54,0.215,0.068,3.13,,,Ⅳ
2023-03-04T04:00:00+08:00,1677873600,12.3,7.42,8.48,798.1,40.4,2.35,0.254,0.077,3.09,,,Ⅱ
2023-03-04T08:00:00+08:00,1677888000,12.5,7.41,8.35,798.9,41.9,3.78,0.303,0.08,3.11,,,Ⅱ
2023-03-04T12:00:00+08:00,1677902400,12.7,7.47,8.66,802.1,40.9,4.38,0.223,0.074,3.15,,,Ⅱ
2023-03-04T16:00:00+08:00,1677916800,12.7,7.49,8.74,802.0,39.7,3.93,0.202,0.005,3.11,,,Ⅱ
2023-03-04T20:00:00+08:00,1677931200,13.0,7.63,6.45,774.0,49.7,3.92,0.215,0.063,3.08,,,Ⅱ
2023-03-05T04:00:00+08:00,1677960000,13.0,7.58,6.18,774.7,34.0,4.04,0.196,0.064,3.05,,,Ⅲ
2023-03-05T08:00:00+08:00,1677974400,12.9,7.6,6.32,774.2,31.8,4.02,0.183,0.094,3.09,,,Ⅲ
2023-03-05T12:00:00+08:00,1677988800,12.9,7.53,5.84,772.1,38.0,3.86,0.206,0.048,3.08,,,Ⅲ
2023-03-05T16:00:00+08:00,1678003200,14.6,7.94,7.92,800.2,116.8,4.96,0.305,0.109,3.12,,,Ⅲ
2023-03-05T20:00:00+08:00,1678017600,14.6,7.83,7.28,804.6,73.6,4.68,0.411,0.112,3.22,,,Ⅲ
2023-03-06T04:00:00+08:00,1678046400,14.4,7.75,6.82,803.0,61.9,4.57,0.485,0.1,3.3,,,Ⅲ
2023-03-06T08:00:00+08:00,1678060800,14.4,7.74,6.88,802.1,55.0,4.68,0.364,0.082,3.28,,,Ⅲ
2023-03-06T12:00:00+08:00,1678075200,15.7,7.79,6.92,822.1,51.4,4.42,0.421,0.087,3.3,,,Ⅲ
2023-03-06T16:00:00+08:00,1678089600,15.5,7.6,6.0,811.7,153.2,4.57,0.597,0.099,3.14,,,Ⅲ
2023-03-06T20:00:00+08:00,1678104000,15.6,7.58,5.6,820.8,86.6,4.29,0.616,0.105,3.3,,,Ⅲ
2023-03-07T04:00:00+08:00,1678132800,15.3,7.53,5.21,819.6,71.2,4.2,0.59,0.091,3.48,,,Ⅲ
2023-03-07T08:00:00+08:00,1678147200,15.3,7.52,5.27,822.9,61.2,4.41,0.571,0.092,3.48,,,Ⅲ
2023-03-07T12:00:00+08:00,1678161600,16.4,7.68,6.11,833.4,62.3,4.43,0.586,0.116,3.47,,,Ⅲ
2023-03-07T20:00:00+08:00,1678190400,16.3,7.64,5.85,845.4,116.8,4.65,0.538,0.103,3.12,,,Ⅲ
2023-03-08T04:00:00+08:00,1678219200,16.1,7.59,5.44,842.8,84.4,4.34,0.55,0.099,3.22,,,Ⅲ
2023-03-08T08:00:00+08:00,1678233600,16.1,7.57,5.38,843.3,79.0,4.27,0.506,0.102,3.24,,,Ⅲ
2023-03-08T12:00:00+08:00,1678248000,17.3,7.78,8.45,746.8,73.3,4.38,0.535,0.097,3.34,,,Ⅲ
2023-03-08T16:00:00+08:00,1678262400,16.9,7.66,8.07,736.7,214.7,4.71,0.461,0.101,2.84,,,Ⅲ
2023-03-08T20:00:00+08:00,1678276800,16.8,7.62,7.84,739.8,129.1,4.48,0.343,0.104,2.98,,,Ⅲ
2023-03-09T04:00:00+08:00,1678305600,16.7,7.59,7.58,736.1,79.0,4.05,0.398,0.09,3.12,,,Ⅲ
2023-03-09T08:00:00+08:00,1678320000,16.7,7.58,7.58,737.3,72.8,4.07,0.454,0.097,3.15,,,Ⅲ
2023-03-09T12:00:00+08:00,1678334400,17.5,7.68,7.95,744.8,65.2,4.5,0.349,0.097,3.22,,,Ⅲ
2023-03-09T16:00:00+08:00,1678348800,18.0,7.76,8.4,779.5,149.6,4.87,0.418,0.086,3.05,,,Ⅲ
2023-03-09T20:00:00+08:00,1678363200,17.6,7.62,8.02,744.0,103.6,2.04,0.116,0.034,1.61,,,Ⅱ
2023-03-10T04:00:00+08:00,1678392000,17.3,7.58,7.44,741.3,77.5,4.16,0.442,0.08,3.2,,,Ⅲ
2023-03-10T08:00:00+08:00,1678406400,17.3,7.57,7.41,739.2,63.6,4.23,0.45,0.09,3.24,,,Ⅲ
2023-03-10T12:00:00+08:00,1678420800,19.0,7.86,8.84,762.7,51.6,4.62,0.383,0.086,3.29,,,Ⅲ
2023-03-10T16:00:00+08:00,1678435200,19.0,7.77,8.46,755.3,55.6,4.42,0.308,0.084,3.22,,,Ⅲ
2023-03-10T20:00:00+08:00,1678449600,17.5,7.5,7.35,742.4,53.3,4.34,0.375,0.08,3.27,,,Ⅲ
2023-03-11T04:00:00+08:00,1678478400,17.9,7.69,8.07,754.9,48.9,4.23,0.31,0.069,3.22,,,Ⅲ
2023-03-11T08:00:00+08:00,1678492800,17.7,7.64,7.88,750.8,45.6,4.01,0.278,0.063,3.2,,,Ⅲ
2023-03-11T12:00:00+08:00,1678507200,18.3,7.61,7.57,751.0,47.3,4.08,0.367,0.07,3.44,,,Ⅲ
2023-03-11T16:00:00+08:00,1678521600,17.6,7.52,6.99,747.5,46.5,3.91,0.439,0.072,3.21,,,Ⅱ
2023-03-11T20:00:00+08:00,1678536000,17.5,7.45,6.68,745.8,41.9,3.88,0.439,0.07,3.26,,,Ⅱ
2023-03-12T04:00:00+08:00,1678564800,17.5,7.48,6.7,746.0,38.0,3.82,0.482,0.066,3.26,,,Ⅱ
2023-03-12T08:00:00+08:00,1678579200,17.5,7.53,7.24,747.0,41.7,3.97,0.255,0.076,3.2,,,Ⅱ
2023-03-12T12:00:00+08:00,1678593600,17.4,7.53,7.28,765.1,55.9,4.18,0.256,0.077,3.09,,,Ⅲ
2023-03-12T16:00:00+08:00,1678608000,17.4,7.61,7.8,781.3,57.3,4.1,0.28,0.073,3.05,,,Ⅲ
2023-03-12T20:00:00+08:00,1678622400,17.2,7.62,8.19,755.6,54.6,4.55,0.334,0.071,3.53,,,Ⅲ
2023-03-13T04:00:00+08:00,1678651200,16.3,7.62,7.98,751.2,52.0,4.32,0.285,0.058,3.1,,,Ⅲ
2023-03-13T08:00:00+08:00,1678665600,16.4,7.65,8.3,752.2,46.1,4.36,0.268,0.084,3.16,,,Ⅲ
2023-03-13T12:00:00+08:00,1678680000,16.1,7.71,8.59,754.4,44.1,4.63,0.266,0.037,3.18,,,Ⅲ
2023-03-13T16:00:00+08:00,1678694400,16.1,7.68,8.15,755.9,42.4,4.35,0.271,0.046,3.12,,,Ⅲ
2023-03-13T20:00:00+08:00,1678708800,16.6,7.78,8.73,761.0,38.7,4.16,0.24,0.052,3.14,,,Ⅲ
2023-03-14T04:00:00+08:00,1678737600,16.0,7.72,8.52,751.9,37.3,4.1,0.236,0.059,3.21,,,Ⅲ
2023-03-14T08:00:00+08:00,1678752000,16.6,7.74,8.8,758.7,34.2,3.99,0.225,0.071,3.18,,,Ⅱ
2023-03-14T16:00:00+08:00,1678780800,18.5,8.16,10.66,779.7,33.2,4.89,0.249,0.073,3.3,,,Ⅲ
2023-03-14T20:00:00+08:00,1678795200,17.7,7.97,9.81,783.7,35.9,4.19,0.237,0.068,3.24,,,Ⅲ
2023-03-15T04:00:00+08:00,1678824000,17.0,7.85,9.32,792.5,32.8,4.24,0.24,0.065,3.25,,,Ⅲ
2023-03-15T08:00:00+08:00,1678838400,17.0,7.86,9.4,797.2,31.8,4.41,0.235,0.085,3.25,,,Ⅲ
2023-03-15T12:00:00+08:00,1678852800,17.9,8.12,10.43,783.3,34.9,4.66,0.25,0.078,3.21,,,Ⅲ
2023-03-15T16:00:00+08:00,1678867200,18.0,8.16,10.76,780.1,41.0,5.16,0.282,0.083,3.34,,,Ⅲ
2023-03-15T20:00:00+08:00,1678881600,17.5,8.02,10.35,783.1,35.3,4.35,0.24,0.065,3.13,,,Ⅲ
2023-03-16T04:00:00+08:00,1678910400,16.8,7.82,9.13,795.6,38.7,4.25,0.241,0.063,3.09,,,Ⅲ
2023-03-16T08:00:00+08:00,1678924800,16.5,7.8,9.0,807.6,44.6,4.33,0.257,0.067,3.04,,,Ⅲ
2023-03-16T12:00:00+08:00,1678939200,16.7,7.84,9.12,851.5,42.5,4.51,0.275,0.07,3.1,,,Ⅲ
2023-03-16T20:00:00+08:00,1678968000,16.6,7.85,8.93,924.2,41.9,4.33,0.286,0.044,3.0,,,Ⅲ
2023-03-17T04:00:00+08:00,1678996800,16.1,7.64,7.79,1025.4,38.0,3.93,0.258,0.048,3.01,,,Ⅱ
2023-03-17T08:00:00+08:00,1679011200,15.9,7.67,8.11,973.5,46.2,4.26,0.3,0.059,2.94,,,Ⅲ
2023-03-17T12:00:00+08:00,1679025600,15.7,7.69,8.28,979.2,38.0,4.08,0.27,0.062,3.01,,,Ⅲ
2023-03-17T16:00:00+08:00,1679040000,15.7,7.75,8.62,940.3,39.3,4.02,0.272,0.057,2.97,,,Ⅲ
2023-03-17T20:00:00+08:00,1679054400,15.5,7.72,8.54,914.7,37.1,4.21,0.263,0.054,3.03,,,Ⅲ
2023-03-18T04:00:00+08:00,1679083200,15.1,7.71,8.4,866.1,29.5,4.07,0.233,0.049,3.01,,,Ⅲ
2023-03-18T08:00:00+08:00,1679097600,15.0,7.68,8.35,846.9,28.1,4.1,0.24,0.069,3.1,,,Ⅲ
2023-03-18T12:00:00+08:00,1679112000,15.1,7.86,9.22,841.4,27.4,5.28,0.273,0.072,3.42,,,Ⅲ
2023-03-18T16:00:00+08:00,1679126400,15.6,8.15,10.58,805.0,25.6,5.36,0.282,0.082,3.27,,,Ⅲ
2023-03-18T20:00:00+08:00,1679140800,15.2,7.91,9.49,801.2,27.0,4.78,0.286,0.08,3.12,,,Ⅲ
2023-03-19T04:00:00+08:00,1679169600,14.9,7.9,9.33,786.6,24.0,4.23,0.245,0.072,3.15,,,Ⅲ
2023-03-19T08:00:00+08:00,1679184000,14.9,7.85,9.12,790.6,22.0,4.28,0.234,0.064,3.08,,,Ⅲ
2023-03-19T16:00:00+08:00,1679212800,15.5,7.76,8.03,732.9,114.4,1.22,0.137,0.005,1.78,,,Ⅰ
2023-03-19T20:00:00+08:00,1679227200,15.3,7.7,7.64,717.6,60.2,3.5,0.324,0.068,2.97,,,Ⅱ
2023-03-20T04:00:00+08:00,1679256000,15.2,7.64,7.28,710.8,49.6,3.82,0.292,0.063,3.06,,,Ⅱ
2023-03-20T08:00:00+08:00,1679270400,15.2,7.61,7.15,707.2,46.4,3.86,0.299,0.053,3.25,,,Ⅱ
2023-03-20T12:00:00+08:00,1679284800,15.2,7.61,7.03,706.7,50.4,3.52,0.31,0.078,2.97,,,Ⅱ
2023-03-20T16:00:00+08:00,1679299200,15.1,7.5,6.65,646.0,193.4,4.24,0.651,0.123,2.93,,,Ⅲ
2023-03-20T20:00:00+08:00,1679313600,15.0,7.46,6.21,644.9,249.6,4.48,0.821,0.166,2.81,,,Ⅲ
2023-03-21T04:00:00+08:00,1679342400,14.9,7.47,6.36,637.0,60.3,3.58,0.651,0.103,3.11,,,Ⅲ
2023-03-21T08:00:00+08:00,1679356800,15.0,7.45,6.18,640.2,56.7,3.67,0.645,0.098,3.16,,,Ⅲ
2023-03-21T12:00:00+08:00,1679371200,15.0,7.46,6.33,634.2,58.4,3.46,0.643,0.106,3.11,,,Ⅲ
2023-03-21T16:00:00+08:00,1679385600,15.3,7.49,6.37,633.7,211.4,4.37,0.749,0.166,2.78,,,Ⅲ
2023-03-21T20:00:00+08:00,1679400000,15.3,7.46,6.22,618.0,221.2,4.24,0.782,0.154,2.72,,,Ⅲ
2023-03-22T04:00:00+08:00,1679428800,15.3,7.4,5.42,619.3,60.3,3.48,0.814,0.115,3.34,,,Ⅲ
2023-03-22T08:00:00+08:00,1679443200,15.3,7.4,5.49,619.8,51.8,3.62,0.816,0.116,3.39,,,Ⅲ
2023-03-22T12:00:00+08:00,1679457600,15.4,7.38,5.08,625.5,56.0,3.34,0.827,0.113,3.29,,,Ⅲ
2023-03-22T16:00:00+08:00,1679472000,15.6,7.43,5.57,632.9,174.2,4.06,0.918,0.148,2.99,,,Ⅲ
2023-03-22T20:00:00+08:00,1679486400,15.8,7.42,5.67,622.6,101.3,3.51,0.76,0.129,2.98,,,Ⅲ
2023-03-23T04:00:00+08:00,1679515200,15.8,7.4,5.49,624.9,53.0,3.13,0.702,0.094,3.15,,,Ⅲ
2023-03-23T08:00:00+08:00,1679529600,15.8,7.36,5.41,624.5,48.9,3.09,0.705,0.103,3.18,,,Ⅲ
2023-03-23T12:00:00+08:00,1679544000,15.9,7.39,5.68,630.5,48.4,3.27,0.686,0.1,3.38,,,Ⅲ
2023-03-23T16:00:00+08:00,1679558400,15.8,7.37,5.67,799.4,89.5,2.98,0.728,0.118,2.96,,,Ⅲ
2023-03-23T20:00:00+08:00,1679572800,15.9,7.33,5.02,623.3,76.6,3.12,0.758,0.087,3.1,,,Ⅲ
2023-03-24T04:00:00+08:00,1679601600,15.6,7.32,5.04,622.7,50.8,2.97,0.7,0.094,3.13,,,Ⅲ
2023-03-24T08:00:00+08:00,1679616000,15.4,7.32,5.22,622.3,44.6,2.89,0.696,0.088,3.21,,,Ⅲ
2023-03-24T12:00:00+08:00,1679630400,15.4,7.32,5.35,617.4,56.3,2.97,0.665,0.09,3.04,,,Ⅲ
2023-03-24T16:00:00+08:00,1679644800,15.4,7.33,5.37,617.6,52.6,2.57,0.63,0.084,2.99,,,Ⅲ
2023-03-24T20:00:00+08:00,1679659200,15.2,7.34,5.57,619.6,45.9,3.85,0.63,0.092,2.99,,,Ⅲ
2023-03-25T04:00:00+08:00,1679688000,14.8,7.13,5.74,637.1,46.7,3.75,0.577,0.084,3.05,,,Ⅲ
2023-03-25T08:00:00+08:00,1679702400,14.7,7.14,5.77,633.8,41.1,3.82,0.582,0.092,3.03,,,Ⅲ
2023-03-25T12:00:00+08:00,1679716800,14.9,7.24,6.4,629.1,39.0,4.17,0.574,0.087,3.18,,,Ⅲ
2023-03-25T16:00:00+08:00,1679731200,15.0,7.27,6.37,629.1,38.3,3.86,0.573,0.09,3.07,,,Ⅲ
2023-03-25T20:00:00+08:00,1679745600,14.9,7.28,6.7,629.2,35.7,3.88,0.573,0.083,3.07,,,Ⅲ
2023-03-26T04:00:00+08:00,1679774400,14.5,7.22,6.5,630.0,33.1,3.56,0.533,0.094,3.1,,,Ⅲ
2023-03-26T08:00:00+08:00,1679788800,14.5,7.2,6.47,633.6,34.7,3.7,0.55,0.074,3.02,,,Ⅲ
2023-03-26T12:00:00+08:00,1679803200,14.8,7.24,6.5,638.5,37.5,3.46,0.553,0.095,3.09,,,Ⅲ
2023-03-26T16:00:00+08:00,1679817600,14.9,7.25,6.42,661.7,41.4,3.49,0.562,0.08,3.0,,,Ⅲ
2023-03-26T20:00:00+08:00,1679832000,14.9,7.28,6.66,645.4,37.1,3.63,0.562,0.089,3.0,,,Ⅲ
2023-03-27T08:00:00+08:00,1679875200,14.6,7.24,6.61,636.3,30.0,3.74,0.53,0.08,3.09,,,Ⅲ
2023-03-27T08:22:00+08:00,1679876520,,,,,,,,,,,,
2023-03-27T12:00:00+08:00,1679889600,14.8,7.27,6.69,640.1,29.9,3.56,0.525,0.084,3.1,,,Ⅲ
2023-03-27T16:00:00+08:00,1679904000,15.0,7.3,6.57,640.8,29.1,3.85,0.545,0.077,3.08,,,Ⅲ
2023-03-27T20:00:00+08:00,1679918400,15.0,7.22,6.02,638.1,27.6,3.56,0.545,0.005,3.08,,,Ⅲ
2023-03-28T04:00:00+08:00,1679947200,15.0,7.33,6.84,630.2,23.3,,,,,,,
2023-03-28T08:00:00+08:00,1679961600,15.1,7.29,6.69,637.2,23.6,8.01,0.498,0.072,3.26,,,Ⅳ
2023-03-28T12:00:00+08:00,1679976000,15.1,7.28,6.47,637.5,24.4,8.01,0.499,0.061,3.08,,,Ⅳ
2023-03-28T16:00:00+08:00,1679990400,15.1,7.33,6.75,636.2,24.5,8.01,0.47,0.075,3.15,,,Ⅳ
2023-03-28T20:00:00+08:00,1680004800,15.1,7.31,6.78,635.0,22.8,4.66,0.483,0.053,3.1,,,Ⅲ
2023-03-29T04:00:00+08:00,1680033600,15.3,7.39,7.28,638.2,20.2,4.51,0.455,0.068,3.14,,,Ⅲ
2023-03-29T08:00:00+08:00,1680048000,15.3,7.4,7.42,642.0,20.1,4.5,0.474,0.075,3.09,,,Ⅲ
2023-03-29T12:00:00+08:00,1680062400,15.5,7.33,6.8,663.6,35.9,4.76,0.442,0.073,2.96,,,Ⅲ
2023-03-29T16:00:00+08:00,1680076800,15.8,7.37,6.98,663.2,31.3,4.08,0.447,0.068,2.98,,,Ⅲ
2023-03-29T20:00:00+08:00,1680091200,15.8,7.39,7.28,662.7,25.9,4.44,0.427,0.071,2.99,,,Ⅲ
2023-03-30T04:00:00+08:00,1680120000,15.7,7.32,6.77,658.2,24.6,4.38,0.405,0.058,3.02,,,Ⅲ
2023-03-30T08:00:00+08:00,1680134400,15.7,7.29,6.59,658.9,23.7,4.39,0.461,0.072,3.05,,,Ⅲ
2023-03-30T12:00:00+08:00,1680148800,15.7,7.34,7.1,660.7,26.0,4.25,0.401,0.06,2.94,,,Ⅲ
2023-03-30T16:00:00+08:00,1680163200,15.9,7.41,7.56,662.2,23.7,4.17,0.497,0.06,2.92,,,Ⅲ
2023-03-30T20:00:00+08:00,1680177600,15.8,7.42,7.72,661.1,22.4,4.26,0.458,0.058,2.93,,,Ⅲ
2023-03-31T04:00:00+08:00,1680206400,15.7,7.37,7.38,660.9,25.1,4.04,0.351,0.057,2.95,,,Ⅲ
2023-03-31T08:00:00+08:00,1680220800,15.8,7.42,8.02,662.5,21.6,4.04,0.209,0.055,2.89,,,Ⅲ
2023-03-31T12:00:00+08:00,1680235200,15.9,7.38,7.45,661.9,23.4,4.04,0.209,0.055,2.89,,,Ⅲ
2023-03-31T16:00:00+08:00,1680249600,16.2,7.56,8.58,667.4,20.8,4.47,0.42,0.051,3.79,,,Ⅲ
2023-03-31T20:00:00+08:00,1680264000,16.0,7.42,7.62,665.6,22.6,4.07,0.255,0.057,2.91,,,Ⅲ
2023-04-01T00:00:00+08:00,1680278400,16.0,7.39,7.35,668.1,25.1,4.1,0.301,0.058,2.8,,,Ⅲ
2023-04-01T04:00:00+08:00,1680292800,16.1,7.52,8.31,668.7,18.8,4.08,0.178,0.049,2.81,,,Ⅲ
2023-04-01T08:00:00+08:00,1680307200,16.1,7.49,8.17,668.7,18.6,4.1,0.178,0.052,2.83,,,Ⅲ
2023-04-01T12:00:00+08:00,1680321600,16.6,7.96,10.85,672.9,18.7,5.35,0.205,0.066,2.96,,,Ⅲ
2023-04-01T16:00:00+08:00,1680336000,16.6,7.85,10.12,672.9,18.8,4.59,0.206,0.054,2.85,,,Ⅲ
2023-04-01T20:00:00+08:00,1680350400,16.4,7.89,10.59,670.1,15.9,4.34,0.184,0.054,2.79,,,Ⅲ
2023-04-02T00:00:00+08:00,1680364800,16.4,7.91,10.53,670.3,15.4,4.28,0.166,0.044,2.75,,,Ⅲ
2023-04-02T04:00:00+08:00,1680379200,16.3,7.75,9.77,665.3,13.3,4.25,0.155,0.038,2.75,,,Ⅲ
2023-04-02T08:00:00+08:00,1680393600,16.4,7.72,9.57,663.0,14.5,4.31,0.159,0.048,2.79,,,Ⅲ
2023-04-02T12:00:00+08:00,1680408000,16.5,7.69,9.46,669.4,17.2,4.44,0.183,0.045,2.77,,,Ⅲ
2023-04-02T16:00:00+08:00,1680422400,16.5,7.65,9.08,672.9,21.3,4.42,0.202,0.045,2.79,,,Ⅲ
2023-04-02T20:00:00+08:00,1680436800,16.6,7.7,9.62,673.8,20.9,4.23,0.21,0.04,2.68,,,Ⅲ
2023-04-03T00:00:00+08:00,1680451200,16.4,7.61,8.93,672.1,20.0,3.72,0.206,0.043,2.73,,,Ⅲ
2023-04-03T04:00:00+08:00,1680465600,16.8,7.71,10.05,691.5,22.1,4.8,0.225,0.043,2.53,,,Ⅲ
2023-04-03T08:00:00+08:00,1680480000,17.0,7.67,9.6,683.1,19.6,4.36,0.187,0.045,2.61,,,Ⅲ
2023-04-03T12:00:00+08:00,1680494400,16.7,7.5,8.23,676.3,21.7,4.18,0.205,0.043,2.74,,,Ⅲ
2023-04-03T16:00:00+08:00,1680508800,18.8,8.36,12.13,672.9,47.9,5.48,0.296,0.073,2.84,,,Ⅲ
2023-04-03T20:00:00+08:00,1680523200,18.9,8.18,11.25,678.9,25.7,4.2,0.238,0.061,2.95,,,Ⅲ
2023-04-04T00:00:00+08:00,1680537600,18.8,8.1,10.83,678.9,22.5,4.98,0.231,0.066,2.94,,,Ⅲ
2023-04-04T04:00:00+08:00,1680552000,18.8,7.84,9.46,688.6,24.0,4.74,0.224,0.061,2.99,,,Ⅲ
2023-04-04T08:00:00+08:00,1680566400,18.8,7.86,9.45,690.2,21.9,4.91,0.226,0.07,3.03,,,Ⅲ
2023-04-04T12:00:00+08:00,1680580800,19.0,7.82,9.29,717.4,24.8,4.91,0.241,0.085,3.12,,,Ⅲ
2023-04-04T16:00:00+08:00,1680595200,19.1,7.83,9.38,728.0,24.2,4.91,0.244,0.087,3.17,,,Ⅲ
2023-04-04T20:00:00+08:00,1680609600,19.2,7.63,8.46,714.9,22.7,4.83,0.344,0.086,3.16,,,Ⅲ
2023-04-05T00:00:00+08:00,1680624000,19.2,7.6,8.26,716.4,20.3,4.96,0.358,0.094,3.22,,,Ⅲ
2023-04-05T04:00:00+08:00,1680638400,19.2,7.54,7.94,715.3,18.5,4.81,0.312,0.083,3.27,,,Ⅲ
2023-04-05T08:00:00+08:00,1680652800,19.1,7.48,7.79,714.4,19.0,4.7,0.454,0.089,3.18,,,Ⅲ
2023-04-05T12:00:00+08:00,1680667200,19.6,7.76,9.32,723.2,19.6,5.74,0.304,0.127,3.4,,,Ⅲ
2023-04-05T16:00:00+08:00,1680681600,19.4,7.42,7.08,716.7,64.5,5.11,0.532,0.109,3.06,,,Ⅲ
2023-04-05T20:00:00+08:00,1680696000,19.4,7.34,6.61,707.5,34.2,4.62,0.558,0.098,3.2,,,Ⅲ
2023-04-06T00:00:00+08:00,1680710400,19.2,7.3,6.36,707.6,31.9,4.54,0.569,0.088,3.16,,,Ⅲ
2023-04-06T04:00:00+08:00,1680724800,19.0,7.32,6.44,671.3,27.2,4.83,0.56,0.081,2.27,,,Ⅲ
2023-04-06T08:00:00+08:00,1680739200,18.9,7.3,6.37,677.3,25.0,4.34,0.568,0.091,2.36,,,Ⅲ
2023-04-06T12:00:00+08:00,1680753600,18.8,7.31,6.31,667.9,26.0,4.42,0.559,0.082,2.29,,,Ⅲ
2023-04-06T20:00:00+08:00,1680782400,18.8,7.26,6.05,662.4,39.1,4.16,0.541,0.097,2.21,,,Ⅲ
2023-04-07T00:00:00+08:00,1680796800,18.6,7.22,5.89,661.7,33.7,4.2,0.524,0.092,2.24,,,Ⅲ
2023-04-07T04:00:00+08:00,1680811200,18.5,7.21,5.74,662.2,34.8,3.8,0.462,0.084,2.27,,,Ⅲ
2023-04-07T08:00:00+08:00,1680825600,18.4,7.18,5.73,667.8,32.6,4.0,0.506,0.088,2.48,,,Ⅲ
2023-04-07T12:00:00+08:00,1680840000,18.8,7.28,6.38,669.5,31.9,4.19,0.435,0.09,2.51,,,Ⅲ
2023-04-07T16:00:00+08:00,1680854400,19.0,7.34,6.72,674.4,89.5,4.28,0.24,0.108,2.24,,,Ⅲ
2023-04-07T20:00:00+08:00,1680868800,18.6,7.21,6.02,670.9,57.5,4.18,0.468,0.096,2.36,,,Ⅲ
2023-04-08T00:00:00+08:00,1680883200,18.4,7.16,5.81,669.7,44.0,4.05,0.484,0.096,2.39,,,Ⅲ
2023-04-08T04:00:00+08:00,1680897600,18.2,7.17,5.77,667.6,38.9,3.9,0.467,0.086,2.37,,,Ⅲ
2023-04-08T08:00:00+08:00,1680912000,18.1,7.16,5.8,667.5,37.7,3.87,0.464,0.092,2.32,,,Ⅲ
2023-04-08T12:00:00+08:00,1680926400,18.1,7.16,5.63,668.6,34.3,3.87,0.441,0.088,2.35,,,Ⅲ
2023-04-08T16:00:00+08:00,1680940800,18.3,7.47,8.4,863.6,254.6,3.72,0.349,0.105,0.89,,,Ⅲ
2023-04-08T20:00:00+08:00,1680955200,18.2,7.44,8.21,843.3,84.0,2.76,0.261,0.085,1.45,,,Ⅱ
2023-04-09T00:00:00+08:00,1680969600,18.0,7.34,7.24,760.6,56.0,3.16,0.477,0.071,1.99,,,Ⅱ
2023-04-09T04:00:00+08:00,1680984000,17.9,7.35,7.49,783.6,99.1,3.0,0.235,0.08,1.68,,,Ⅱ
2023-04-09T08:00:00+08:00,1680998400,17.7,7.36,7.79,770.7,73.6,2.72,0.195,0.078,1.69,,,Ⅱ
2023-04-09T12:00:00+08:00,1681012800,18.0,7.52,8.59,825.5,106.8,2.48,0.294,0.084,1.34,,,Ⅱ
2023-04-09T16:00:00+08:00,1681027200,18.0,7.58,8.86,708.7,274.6,3.0,0.368,0.099,,,,Ⅱ
2023-04-09T20:00:00+08:00,1681041600,18.0,7.58,8.88,721.3,107.6,2.31,0.282,0.082,1.1,,,Ⅱ
2023-04-10T00:00:00+08:00,1681056000,18.0,7.43,8.03,640.6,73.8,2.64,0.233,0.084,1.44,,,Ⅱ
2023-04-10T04:00:00+08:00,1681070400,17.8,7.46,8.32,669.3,127.1,3.03,0.255,0.081,1.52,,,Ⅱ
2023-04-10T08:00:00+08:00,1681084800,17.7,7.48,8.52,657.0,91.9,2.38,0.212,0.087,1.58,,,Ⅱ
2023-04-10T12:00:00+08:00,1681099200,18.8,7.54,8.54,655.8,85.6,2.07,0.21,0.076,1.58,,,Ⅱ
2023-04-10T16:00:00+08:00,1681113600,19.1,7.49,8.58,645.3,86.0,2.75,0.228,0.066,1.04,,,Ⅱ
2023-04-10T20:00:00+08:00,1681128000,18.2,7.46,8.33,612.9,80.0,2.32,0.215,0.061,1.34,,,Ⅱ
2023-04-11T00:00:00+08:00,1681142400,18.6,7.51,8.4,629.9,64.5,2.3,0.189,0.072,1.46,,,Ⅱ
2023-04-11T04:00:00+08:00,1681156800,18.4,7.45,8.08,617.5,96.4,2.85,0.236,0.077,1.29,,,Ⅱ
2023-04-11T08:00:00+08:00,1681171200,18.5,7.45,8.19,621.3,74.3,2.29,0.192,0.074,1.46,,,Ⅱ
2023-04-11T12:00:00+08:00,1681185600,19.7,7.54,8.45,615.9,105.6,2.34,0.205,0.081,1.26,,,Ⅱ
2023-04-11T16:00:00+08:00,1681200000,20.5,7.53,8.37,627.8,90.3,2.46,0.21,0.079,1.36,,,Ⅱ
2023-04-11T20:00:00+08:00,1681214400,20.1,7.5,8.42,627.9,76.9,2.26,0.203,0.07,1.47,,,Ⅱ
2023-04-12T00:00:00+08:00,1681228800,19.9,7.43,8.15,626.2,75.8,2.36,0.208,0.071,1.49,,,Ⅱ
2023-04-12T04:00:00+08:00,1681243200,19.1,7.36,7.98,625.0,130.6,2.63,0.24,0.091,1.3,,,Ⅱ
2023-04-12T08:00:00+08:00,1681257600,18.4,7.33,8.19,600.0,150.2,2.6,0.224,0.046,1.14,,,Ⅱ
2023-04-12T12:00:00+08:00,1681272000,18.5,7.39,8.47,577.6,132.9,2.41,0.223,0.065,1.2,,,Ⅱ
2023-04-12T16:00:00+08:00,1681286400,18.6,7.43,8.41,578.3,107.5,2.63,0.204,0.074,1.25,,,Ⅱ
2023-04-12T20:00:00+08:00,1681300800,18.7,7.47,8.5,580.1,96.2,2.27,0.206,0.074,1.36,,,Ⅱ
2023-04-13T00:00:00+08:00,1681315200,18.5,7.45,8.41,574.9,85.8,2.21,0.189,0.073,1.46,,,Ⅱ
2023-04-13T04:00:00+08:00,1681329600,18.2,7.45,8.38,573.9,80.5,2.08,0.473,0.066,1.47,,,Ⅱ
2023-04-13T08:00:00+08:00,1681344000,18.4,7.42,8.03,601.3,295.1,3.27,0.291,0.106,0.76,,,Ⅲ
2023-04-13T12:00:00+08:00,1681358400,18.7,7.46,7.98,609.3,105.5,2.6,0.22,0.092,1.33,,,Ⅱ
2023-04-13T16:00:00+08:00,1681372800,19.3,7.57,8.41,622.7,80.4,2.6,0.201,0.078,1.56,,,Ⅱ
2023-04-13T20:00:00+08:00,1681387200,19.1,7.52,8.21,622.6,74.7,2.42,0.49,0.073,1.52,,,Ⅱ
2023-04-14T00:00:00+08:00,1681401600,19.0,7.51,8.14,620.1,70.6,2.36,0.458,0.063,1.65,,,Ⅱ
2023-04-14T04:00:00+08:00,1681416000,19.0,7.5,8.09,622.3,63.2,2.3,0.419,0.064,1.64,,,Ⅱ
2023-04-14T08:00:00+08:00,1681430400,19.0,7.5,8.07,624.3,60.7,2.42,0.413,0.069,1.73,,,Ⅱ
2023-04-14T12:00:00+08:00,1681444800,19.4,7.56,8.33,628.3,58.7,2.71,0.409,0.07,1.66,,,Ⅱ
2023-04-14T16:00:00+08:00,1681459200,19.8,7.72,9.1,636.7,53.4,2.59,0.396,0.074,1.79,,,Ⅱ
2023-04-14T20:00:00+08:00,1681473600,19.7,7.61,8.66,634.5,50.2,2.46,0.366,0.067,1.83,,,Ⅱ
2023-04-15T00:00:00+08:00,1681488000,19.6,7.59,8.59,634.5,48.3,2.42,0.366,0.061,1.74,,,Ⅱ
2023-04-15T04:00:00+08:00,1681502400,19.6,7.57,8.47,626.5,54.3,2.42,0.383,0.057,,,,Ⅱ
2023-04-15T08:00:00+08:00,1681516800,19.5,7.53,8.36,623.0,55.6,2.36,0.382,0.065,1.77,,,Ⅱ
2023-04-15T12:00:00+08:00,1681531200,20.0,7.66,8.84,630.1,52.8,2.51,0.378,0.076,1.88,,,Ⅱ
2023-04-15T16:00:00+08:00,1681545600,21.8,8.05,10.37,654.2,44.7,2.61,0.336,0.059,1.84,,,Ⅱ
2023-04-15T20:00:00+08:00,1681560000,22.0,8.16,11.0,654.4,41.2,2.95,0.346,0.068,1.9,,,Ⅱ
2023-04-16T00:00:00+08:00,1681574400,21.4,7.91,9.94,648.9,46.9,2.75,0.354,0.062,1.87,,,Ⅱ
2023-04-16T04:00:00+08:00,1681588800,20.7,7.83,9.61,642.4,41.0,2.77,0.346,0.068,1.9,,,Ⅱ
2023-04-16T08:00:00+08:00,1681603200,19.6,7.44,8.01,613.4,181.4,2.95,0.234,0.079,1.49,,,Ⅱ
2023-04-16T12:00:00+08:00,1681617600,19.5,7.37,8.59,531.7,178.5,2.85,0.241,0.066,1.31,,,Ⅱ
2023-04-16T16:00:00+08:00,1681632000,19.8,7.42,8.39,530.9,124.0,2.48,0.206,0.063,1.5,,,Ⅱ
2023-04-16T20:00:00+08:00,1681646400,19.3,7.35,8.41,524.6,99.5,2.38,0.209,0.061,1.52,,,Ⅱ
2023-04-17T04:00:00+08:00,1681675200,18.8,7.38,8.51,518.0,89.1,2.22,0.497,0.057,1.55,,,Ⅱ
2023-04-17T08:00:00+08:00,1681689600,19.0,7.41,8.6,515.5,82.7,2.2,0.458,0.062,1.6,,,Ⅱ
2023-04-17T12:00:00+08:00,1681704000,19.1,7.46,8.73,565.9,338.9,3.14,0.277,0.096,,,,Ⅱ
2023-04-17T16:00:00+08:00,1681718400,21.2,7.57,8.56,548.0,146.2,3.14,0.233,0.088,1.41,,,Ⅱ
2023-04-17T20:00:00+08:00,1681732800,21.1,7.53,8.51,544.6,118.6,2.4,0.218,0.073,1.46,,,Ⅱ
2023-04-18T00:00:00+08:00,1681747200,20.8,7.46,8.14,538.3,106.9,14.16,0.208,0.069,1.59,,,Ⅴ
2023-04-18T04:00:00+08:00,1681761600,20.6,7.46,8.25,543.3,99.1,,0.217,0.066,1.59,,,
2023-04-18T08:00:00+08:00,1681776000,20.7,7.49,8.32,544.2,91.4,14.16,0.206,0.073,1.62,,,Ⅴ
2023-04-18T12:00:00+08:00,1681790400,19.4,7.34,8.67,1010.3,773.6,14.16,0.522,0.14,,,,Ⅴ
2023-04-19T00:00:00+08:00,1681833600,21.0,7.44,8.06,597.0,197.6,,0.181,0.096,1.24,,,
2023-04-19T04:00:00+08:00,1681848000,21.1,7.44,7.98,602.9,95.3,,0.477,0.07,1.44,,,
2023-04-19T08:00:00+08:00,1681862400,20.9,7.45,8.16,658.3,176.1,,0.17,0.088,1.2,,,
2023-04-19T12:00:00+08:00,1681876800,19.8,7.36,8.5,823.8,819.0,,0.393,0.145,,,,
2023-04-19T16:00:00+08:00,1681891200,20.3,7.44,8.28,739.2,184.1,,0.232,0.086,0.82,,,
2023-04-20T00:00:00+08:00,1681920000,20.1,7.39,8.19,729.7,125.4,2.49,0.187,0.075,1.16,,,Ⅱ
2023-04-20T04:00:00+08:00,1681934400,20.0,7.38,8.01,681.9,168.0,2.69,0.175,0.077,1.05,,,Ⅱ
2023-04-20T08:00:00+08:00,1681948800,20.0,7.36,8.0,650.2,136.9,2.56,0.166,0.08,1.15,,,Ⅱ
2023-04-20T12:00:00+08:00,1681963200,19.9,7.45,8.39,638.3,444.7,3.85,0.25,0.108,,,,Ⅲ
2023-04-20T16:00:00+08:00,1681977600,20.4,7.48,8.19,703.9,202.7,2.85,0.214,0.077,0.93,,,Ⅱ
2023-04-21T00:00:00+08:00,1682006400,20.4,7.42,8.0,695.2,115.3,2.53,0.176,0.067,1.16,,,Ⅱ
2023-04-21T04:00:00+08:00,1682020800,20.1,7.39,7.95,650.8,175.2,2.51,0.172,0.068,1.02,,,Ⅱ
2023-04-21T08:00:00+08:00,1682035200,20.1,7.32,7.69,708.0,295.2,3.48,0.222,0.099,,,,Ⅱ
2023-04-21T12:00:00+08:00,1682049600,20.4,7.47,8.39,575.9,415.4,3.8,0.226,0.101,,,,Ⅲ
2023-04-21T16:00:00+08:00,1682064000,20.8,7.54,8.34,672.3,267.6,3.04,0.205,0.103,0.58,,,Ⅲ
2023-04-22T00:00:00+08:00,1682092800,20.2,7.43,8.22,676.4,139.0,2.57,0.189,0.077,1.12,,,Ⅱ
2023-04-22T04:00:00+08:00,1682107200,19.8,7.41,8.13,628.1,186.0,2.79,0.182,0.074,0.98,,,Ⅱ
2023-04-22T08:00:00+08:00,1682121600,19.6,7.39,8.17,554.9,175.5,2.63,0.165,0.082,0.98,,,Ⅱ
2023-04-22T12:00:00+08:00,1682136000,20.3,7.5,8.46,501.7,431.3,2.85,0.211,0.095,,,,Ⅱ
2023-04-22T16:00:00+08:00,1682150400,20.6,7.55,8.43,564.5,225.8,2.66,0.185,0.088,0.75,,,Ⅱ
2023-04-23T00:00:00+08:00,1682179200,20.5,7.48,8.34,555.7,138.7,2.39,0.16,0.066,1.1,,,Ⅱ
2023-04-23T04:00:00+08:00,1682193600,20.2,7.46,8.26,529.5,162.8,2.42,0.141,0.072,1.02,,,Ⅱ
2023-04-23T08:00:00+08:00,1682208000,20.0,7.4,8.25,499.7,169.4,2.39,0.142,0.086,1.04,,,Ⅱ
2023-04-23T12:00:00+08:00,1682222400,19.9,7.4,8.2,490.1,158.6,2.4,0.163,0.083,1.09,,,Ⅱ
2023-04-23T16:00:00+08:00,1682236800,19.8,7.44,8.21,493.6,146.2,2.39,0.156,0.08,1.1,,,Ⅱ
2023-04-24T00:00:00+08:00,1682265600,19.4,7.42,8.2,483.9,128.1,2.22,0.133,0.073,1.17,,,Ⅱ
2023-04-24T04:00:00+08:00,1682280000,19.2,7.43,8.25,482.8,122.2,2.27,0.127,0.062,1.19,,,Ⅱ
2023-04-24T08:00:00+08:00,1682294400,19.0,7.41,8.29,481.0,116.7,2.33,0.486,0.067,1.25,,,Ⅱ
2023-04-24T12:00:00+08:00,1682308800,18.9,7.44,8.44,480.2,117.8,2.05,0.492,0.064,1.26,,,Ⅱ
2023-04-24T16:00:00+08:00,1682323200,18.9,9.07,8.46,480.5,117.2,2.39,0.492,0.068,1.22,,,劣Ⅴ
2023-04-25T00:00:00+08:00,1682352000,18.6,7.33,6.52,485.0,100.5,1.9,0.392,0.055,1.36,,,Ⅱ
2023-04-25T04:00:00+08:00,1682366400,18.4,7.49,6.45,475.9,155.9,2.06,0.498,0.065,1.23,,,Ⅱ
2023-04-25T08:00:00+08:00,1682380800,18.4,7.46,6.38,472.7,169.2,2.2,0.123,0.076,1.23,,,Ⅱ
2023-04-25T12:00:00+08:00,1682395200,18.8,7.47,6.34,466.2,161.0,2.14,0.126,0.07,1.31,,,Ⅱ
2023-04-25T16:00:00+08:00,1682409600,19.0,7.5,6.38,469.6,146.9,2.24,0.137,0.069,1.36,,,Ⅱ
2023-04-26T00:00:00+08:00,1682438400,18.7,7.45,6.29,467.8,122.4,2.09,0.474,0.066,1.47,,,Ⅱ
2023-04-26T04:00:00+08:00,1682452800,18.5,7.42,6.18,468.2,114.8,1.82,0.431,0.064,1.46,,,Ⅱ
2023-04-26T08:00:00+08:00,1682467200,18.6,7.42,6.24,468.7,113.4,2.28,0.411,0.069,1.4,,,Ⅱ
2023-04-26T12:00:00+08:00,1682481600,19.0,7.46,6.18,470.9,115.4,2.01,0.419,0.065,1.46,,,Ⅱ
2023-04-26T16:00:00+08:00,1682496000,18.8,7.43,6.07,470.3,122.3,2.07,0.431,0.067,,,,Ⅱ
2023-04-27T00:00:00+08:00,1682524800,18.6,7.39,5.96,471.6,95.1,2.19,0.397,0.064,1.57,,,Ⅲ
2023-04-27T04:00:00+08:00,1682539200,18.6,7.42,5.95,471.7,95.9,1.94,0.376,0.06,1.53,,,Ⅲ
2023-04-27T08:00:00+08:00,1682553600,18.7,7.42,5.97,473.6,92.5,2.12,0.349,0.066,1.58,,,Ⅲ
2023-04-27T12:00:00+08:00,1682568000,20.1,7.53,6.11,484.6,87.8,2.61,0.337,0.06,1.58,,,Ⅱ
2023-04-27T16:00:00+08:00,1682582400,18.6,7.36,5.52,474.6,93.3,2.0,0.349,0.062,1.54,,,Ⅲ
2023-04-28T00:00:00+08:00,1682611200,18.8,7.44,5.9,481.3,73.4,2.16,0.312,0.06,1.67,,,Ⅲ
2023-04-28T04:00:00+08:00,1682625600,18.8,7.45,6.94,481.4,69.1,2.37,0.276,0.053,1.67,,,Ⅱ
2023-04-28T08:00:00+08:00,1682640000,19.4,7.49,7.92,488.3,79.7,2.2,0.025,0.072,1.7,,,Ⅱ
2023-04-28T12:00:00+08:00,1682654400,21.2,7.81,9.1,508.0,62.9,2.04,0.264,0.067,1.71,,,Ⅱ
2023-04-28T16:00:00+08:00,1682668800,23.7,8.27,11.08,538.6,44.6,2.47,0.205,0.055,1.69,,,Ⅱ
2023-04-28T20:00:00+08:00,1682683200,24.7,8.7,13.55,549.7,45.9,3.65,0.251,0.07,1.81,,,Ⅱ
2023-04-29T00:00:00+08:00,1682697600,24.2,8.56,11.04,543.1,45.2,3.2,0.246,0.066,1.72,,,Ⅱ
2023-04-29T04:00:00+08:00,1682712000,23.9,8.44,10.44,541.9,41.6,3.12,0.231,0.059,1.73,,,Ⅱ
2023-04-29T12:00:00+08:00,1682740800,23.1,8.21,9.64,533.4,51.7,3.4,0.255,0.071,1.81,,,Ⅱ
2023-04-29T16:00:00+08:00,1682755200,22.9,8.41,10.92,530.1,48.5,3.71,0.257,0.075,1.82,,,Ⅱ
2023-04-29T20:00:00+08:00,1682769600,22.6,8.38,10.94,528.5,43.5,,0.256,0.068,1.88,,,
2023-04-30T04:00:00+08:00,1682798400,21.4,7.76,8.34,517.2,32.6,2.74,0.186,0.059,1.87,,,Ⅱ
2023-04-30T12:00:00+08:00,1682827200,22.7,8.22,9.21,544.5,64.5,3.26,0.291,0.065,1.82,,,Ⅲ
2023-04-30T16:00:00+08:00,1682841600,24.4,8.83,13.63,549.7,47.2,4.22,0.263,0.078,1.87,,,Ⅱ
2023-04-30T20:00:00+08:00,1682856000,23.7,8.68,13.33,540.8,41.8,3.78,0.24,0.069,1.85,,,Ⅱ
2023-05-01T04:00:00+08:00,1682884800,22.6,8.28,11.19,539.1,36.1,2.86,0.22,0.074,1.91,,,Ⅱ
2023-05-01T08:00:00+08:00,1682899200,22.4,8.33,11.72,535.4,33.8,4.19,0.226,0.088,2.01,,,Ⅲ
2023-05-01T12:00:00+08:00,1682913600,22.9,8.58,13.67,538.1,36.9,4.2,0.226,0.052,1.94,,,Ⅲ
2023-05-01T16:00:00+08:00,1682928000,21.3,7.43,6.59,550.1,64.2,2.38,0.262,0.056,1.86,,,Ⅱ
2023-05-01T20:00:00+08:00,1682942400,21.1,7.44,6.84,551.7,55.5,2.48,0.244,0.047,1.85,,,Ⅱ
2023-05-02T04:00:00+08:00,1682971200,20.9,7.94,9.2,542.5,34.8,3.19,0.202,0.056,1.88,,,Ⅱ
2023-05-02T08:00:00+08:00,1682985600,20.8,7.33,6.46,665.2,161.2,2.67,0.496,0.061,1.48,,,Ⅱ
2023-05-02T12:00:00+08:00,1683000000,21.6,7.33,6.44,1105.8,298.6,2.61,0.268,0.065,1.05,,,Ⅱ
2023-05-02T16:00:00+08:00,1683014400,22.2,7.39,6.4,1092.9,110.6,2.32,0.484,0.056,1.54,,,Ⅱ
2023-05-02T20:00:00+08:00,1683028800,22.2,7.46,6.54,1031.1,94.0,2.71,0.408,0.067,1.65,,,Ⅱ
2023-05-03T04:00:00+08:00,1683057600,21.5,7.39,6.45,1025.9,75.0,2.87,0.349,0.043,1.73,,,Ⅱ
2023-05-03T08:00:00+08:00,1683072000,21.7,7.48,6.7,979.1,67.3,2.75,0.318,0.066,1.76,,,Ⅱ
2023-05-03T12:00:00+08:00,1683086400,21.4,7.36,6.58,1845.3,711.4,5.05,0.44,0.112,,,,Ⅲ
2023-05-03T16:00:00+08:00,1683100800,22.6,7.62,6.95,1116.7,113.8,2.96,0.238,0.071,1.46,,,Ⅱ
2023-05-03T20:00:00+08:00,1683115200,22.8,7.46,6.46,953.0,114.6,3.0,0.476,0.038,1.6,,,Ⅱ
2023-05-04T04:00:00+08:00,1683144000,22.0,7.31,6.12,986.9,184.0,3.39,0.305,0.086,1.17,,,Ⅱ
2023-05-04T08:00:00+08:00,1683158400,22.5,7.33,6.14,895.1,152.7,3.04,0.217,0.072,1.38,,,Ⅱ
2023-05-04T12:00:00+08:00,1683172800,23.0,7.42,6.24,851.1,284.2,2.9,0.246,0.072,,,,Ⅱ
2023-05-04T16:00:00+08:00,1683187200,23.9,7.38,6.02,849.4,184.8,2.9,0.211,0.06,1.27,,,Ⅱ
2023-05-04T20:00:00+08:00,1683201600,24.0,7.36,6.0,858.8,145.8,2.53,0.19,0.066,1.27,,,Ⅱ
2023-05-05T04:00:00+08:00,1683230400,23.7,7.24,6.29,942.2,98.4,2.31,0.417,0.062,1.74,,,Ⅱ
2023-05-05T08:00:00+08:00,1683244800,23.6,7.23,6.37,925.3,93.6,3.05,0.413,0.066,1.69,,,Ⅱ
2023-05-05T12:00:00+08:00,1683259200,22.2,7.22,7.2,1065.0,1184.6,5.84,0.471,0.135,,,,Ⅲ
2023-05-05T16:00:00+08:00,1683273600,23.3,7.24,6.51,929.3,184.5,3.64,0.297,0.095,1.21,,,Ⅱ
2023-05-05T20:00:00+08:00,1683288000,23.3,7.19,6.4,846.7,177.0,3.0,0.255,0.068,1.38,,,Ⅱ
2023-05-06T04:00:00+08:00,1683316800,22.7,7.12,6.41,787.5,217.3,3.21,0.216,0.074,1.14,,,Ⅱ
2023-05-06T08:00:00+08:00,1683331200,22.5,7.12,6.46,714.5,217.4,2.78,0.209,0.083,1.14,,,Ⅱ
2023-05-06T12:00:00+08:00,1683345600,22.6,7.26,7.11,647.4,493.7,3.52,0.25,0.102,,,,Ⅲ
2023-05-06T16:00:00+08:00,1683360000,22.3,7.25,6.96,807.4,251.0,2.84,0.232,0.069,1.04,,,Ⅱ
2023-05-06T20:00:00+08:00,1683374400,22.2,7.2,6.68,780.7,179.2,2.84,0.219,0.072,1.1,,,Ⅱ
2023-05-07T04:00:00+08:00,1683403200,21.8,7.19,6.64,686.6,202.1,2.68,0.193,0.019,1.04,,,Ⅱ
2023-05-07T08:00:00+08:00,1683417600,21.8,7.09,6.06,810.3,492.5,4.07,0.289,0.019,,,,Ⅲ
2023-05-07T12:00:00+08:00,1683432000,21.9,7.31,7.1,556.1,709.7,4.08,0.286,0.019,,,,Ⅲ
2023-05-07T16:00:00+08:00,1683446400,21.8,7.32,7.1,559.3,269.8,3.15,0.21,0.019,0.52,,,Ⅱ
2023-05-07T20:00:00+08:00,1683460800,21.7,7.28,7.03,558.4,192.2,2.75,0.173,0.019,0.11,,,Ⅱ
2023-05-08T04:00:00+08:00,1683489600,21.2,7.23,6.87,550.7,168.7,2.23,0.161,0.062,0.09,,,Ⅱ
2023-05-08T08:00:00+08:00,1683504000,21.2,7.24,6.83,553.3,162.7,2.67,0.17,0.072,1.69,,,Ⅱ
2023-05-08T12:00:00+08:00,1683518400,22.0,7.38,7.29,464.0,694.4,3.41,0.253,0.105,,,,Ⅲ
2023-05-08T16:00:00+08:00,1683532800,22.3,7.45,7.26,486.0,238.9,2.63,0.166,0.085,,,,Ⅱ
2023-05-08T20:00:00+08:00,1683547200,22.1,7.39,7.16,484.8,172.5,2.43,0.148,0.076,1.24,,,Ⅱ
2023-05-09T04:00:00+08:00,1683576000,21.5,7.32,7.15,485.4,170.4,2.48,0.149,0.067,1.24,,,Ⅱ
2023-05-09T08:00:00+08:00,1683590400,21.5,7.26,6.97,476.0,171.8,2.74,0.151,0.063,1.24,,,Ⅱ
2023-05-09T12:00:00+08:00,1683604800,21.5,7.29,6.98,468.2,169.5,2.55,0.153,0.068,1.23,,,Ⅱ
2023-05-09T16:00:00+08:00,1683619200,21.4,7.3,6.87,465.5,170.4,2.45,0.148,0.077,1.19,,,Ⅱ
2023-05-10T12:00:00+08:00,1683691200,21.2,7.29,6.72,468.1,126.7,2.38,0.497,0.077,1.35,,,Ⅱ
2023-05-10T16:00:00+08:00,1683705600,21.4,7.3,6.62,476.0,107.6,2.12,0.434,0.073,1.43,,,Ⅱ
2023-05-10T20:00:00+08:00,1683720000,21.2,7.27,6.53,476.0,105.3,2.12,0.434,0.073,1.43,,,Ⅱ
2023-05-11T00:00:00+08:00,1683734400,21.0,7.25,6.56,473.2,101.8,2.15,0.428,0.066,1.47,,,Ⅱ
2023-05-11T04:00:00+08:00,1683748800,21.1,7.23,6.1,477.6,168.0,2.56,0.147,0.077,1.29,,,Ⅱ
2023-05-11T08:00:00+08:00,1683763200,21.3,7.27,6.55,467.2,169.3,2.59,0.148,0.073,1.24,,,Ⅱ
2023-05-11T12:00:00+08:00,1683777600,21.4,7.29,6.6,466.2,147.4,2.23,0.141,0.063,1.31,,,Ⅱ
2023-05-11T16:00:00+08:00,1683792000,21.6,7.27,6.4,465.7,134.0,2.32,0.49,0.065,1.35,,,Ⅱ
2023-05-11T20:00:00+08:00,1683806400,21.5,7.25,6.35,465.6,120.7,2.26,0.462,0.061,1.3,,,Ⅱ
2023-05-12T00:00:00+08:00,1683820800,21.4,7.25,6.4,464.8,107.6,2.08,0.444,0.065,1.44,,,Ⅱ
2023-05-12T04:00:00+08:00,1683835200,21.3,7.23,6.21,468.4,120.8,2.49,0.474,0.065,1.37,,,Ⅱ
2023-05-12T08:00:00+08:00,1683849600,21.4,7.23,6.28,467.6,156.6,2.46,0.153,0.08,1.29,,,Ⅱ
2023-05-12T12:00:00+08:00,1683864000,21.6,7.26,6.44,466.9,133.0,2.57,0.478,0.066,1.4,,,Ⅱ
2023-05-12T16:00:00+08:00,1683878400,21.8,7.26,6.39,467.4,121.0,2.34,0.45,0.063,1.42,,,Ⅱ
2023-05-12T20:00:00+08:00,1683892800,21.6,7.22,6.29,467.8,112.5,2.07,0.438,0.063,1.42,,,Ⅱ
2023-05-13T00:00:00+08:00,1683907200,21.4,7.22,6.27,467.2,104.0,2.16,0.414,0.06,1.48,,,Ⅱ
2023-05-13T04:00:00+08:00,1683921600,21.3,7.21,6.22,466.6,103.2,2.13,0.423,0.058,1.48,,,Ⅱ
2023-05-13T08:00:00+08:00,1683936000,21.6,7.24,6.3,469.2,97.3,2.0,0.396,0.07,1.47,,,Ⅱ
2023-05-13T12:00:00+08:00,1683950400,21.7,7.21,5.92,471.7,117.0,2.28,0.423,0.062,1.45,,,Ⅲ
2023-05-13T16:00:00+08:00,1683964800,21.6,7.2,5.88,471.6,103.3,2.31,0.417,0.056,1.48,,,Ⅲ
2023-05-13T20:00:00+08:00,1683979200,21.6,7.16,5.93,473.2,95.2,2.13,0.385,0.059,1.53,,,Ⅲ
2023-05-14T00:00:00+08:00,1683993600,21.6,7.18,5.95,472.9,85.1,2.26,0.374,0.056,1.57,,,Ⅲ
2023-05-14T04:00:00+08:00,1684008000,21.6,7.21,6.03,474.3,77.9,2.21,0.356,0.055,1.58,,,Ⅱ
2023-05-14T08:00:00+08:00,1684022400,21.9,7.23,6.11,479.9,76.6,2.27,0.342,0.059,1.56,,,Ⅱ
2023-05-14T12:00:00+08:00,1684036800,23.0,7.32,6.27,488.2,78.8,2.36,0.351,0.06,1.57,,,Ⅱ
2023-05-14T16:00:00+08:00,1684051200,22.6,7.24,6.1,485.0,76.7,2.45,0.347,0.057,1.62,,,Ⅱ
2023-05-14T20:00:00+08:00,1684065600,22.5,7.19,6.02,484.0,72.0,2.57,0.327,0.055,1.64,,,Ⅱ
2023-05-15T00:00:00+08:00,1684080000,23.2,7.43,6.86,491.8,67.6,2.29,0.345,0.057,1.68,,,Ⅱ
2023-05-15T04:00:00+08:00,1684094400,23.1,7.47,7.19,492.3,55.5,2.3,0.279,0.049,1.68,,,Ⅱ
2023-05-15T08:00:00+08:00,1684108800,23.1,7.22,6.61,521.3,379.7,3.26,0.201,0.072,,,,Ⅱ
2023-05-15T12:00:00+08:00,1684123200,24.0,7.28,6.61,528.6,140.6,2.83,0.164,0.063,1.44,,,Ⅱ
2023-05-15T16:00:00+08:00,1684137600,26.4,7.75,7.87,535.8,102.0,3.17,0.438,0.069,1.57,,,Ⅱ
2023-05-15T20:00:00+08:00,1684152000,26.0,7.72,8.0,532.4,86.8,2.76,0.401,0.061,1.62,,,Ⅱ
2023-05-16T00:00:00+08:00,1684166400,25.6,7.58,7.77,529.8,77.2,2.74,0.372,0.06,1.64,,,Ⅱ
2023-05-16T04:00:00+08:00,1684180800,25.0,7.41,7.34,526.4,76.4,2.9,0.337,0.055,1.63,,,Ⅱ
2023-05-16T08:00:00+08:00,1684195200,23.9,7.09,6.7,540.2,233.4,3.18,0.165,0.069,1.24,,,Ⅱ
2023-05-17T08:00:00+08:00,1684281600,24.2,7.09,6.55,536.6,79.0,2.74,0.356,0.063,1.64,,,Ⅱ
2023-05-17T12:00:00+08:00,1684296000,23.2,7.05,6.9,685.0,330.1,3.45,0.225,0.072,,,,Ⅱ
2023-05-17T16:00:00+08:00,1684310400,23.4,7.14,6.87,626.2,145.6,2.66,0.2,0.053,1.27,,,Ⅱ
2023-05-17T20:00:00+08:00,1684324800,23.4,7.13,6.72,597.0,122.9,2.74,0.195,0.062,1.4,,,Ⅱ
2023-05-18T00:00:00+08:00,1684339200,23.5,6.92,5.68,535.7,91.7,2.89,0.462,0.073,1.61,,,Ⅲ
2023-05-18T04:00:00+08:00,1684353600,23.3,7.05,5.78,559.6,98.8,2.71,0.477,0.068,1.61,,,Ⅲ
2023-05-18T12:00:00+08:00,1684382400,22.7,7.14,6.92,1084.1,745.1,,0.405,0.132,,,,
2023-05-18T16:00:00+08:00,1684396800,22.8,7.17,6.57,791.6,129.0,3.97,0.226,0.09,,,,Ⅱ
2023-05-18T20:00:00+08:00,1684411200,22.8,7.14,6.33,738.1,105.0,2.89,0.485,0.077,,,,Ⅱ
2023-05-19T04:00:00+08:00,1684440000,22.4,7.12,6.09,701.1,100.1,2.31,0.462,0.068,1.53,,,Ⅱ
2023-05-19T08:00:00+08:00,1684454400,22.3,7.15,6.24,716.0,87.4,2.36,0.435,0.072,1.55,,,Ⅱ
2023-05-19T12:00:00+08:00,1684468800,23.0,7.33,6.88,514.4,331.8,2.96,0.211,0.086,0.86,,,Ⅱ
2023-05-19T16:00:00+08:00,1684483200,23.3,7.34,6.74,547.8,151.8,2.56,0.2,0.072,1.19,,,Ⅱ
2023-05-19T20:00:00+08:00,1684497600,23.2,7.31,6.67,541.9,118.0,2.56,0.178,0.076,1.36,,,Ⅱ
2023-05-20T04:00:00+08:00,1684526400,22.9,7.26,6.46,530.3,141.8,2.26,0.145,0.06,1.34,,,Ⅱ
2023-05-20T08:00:00+08:00,1684540800,22.8,7.24,6.4,518.3,140.2,2.26,0.156,0.065,1.3,,,Ⅱ
2023-05-20T12:00:00+08:00,1684555200,22.8,7.39,6.99,503.2,338.5,2.26,0.203,0.09,0.76,,,Ⅱ
2023-05-20T16:00:00+08:00,1684569600,23.0,7.4,6.88,542.3,166.0,2.26,0.203,0.09,0.76,,,Ⅱ
2023-05-20T20:00:00+08:00,1684584000,23.1,7.34,6.61,528.4,118.9,2.79,0.165,0.076,1.31,,,Ⅱ
2023-05-21T04:00:00+08:00,1684612800,22.7,7.32,6.6,529.8,146.4,2.39,0.162,0.053,1.27,,,Ⅱ
2023-05-21T08:00:00+08:00,1684627200,22.7,7.28,6.28,529.7,271.5,2.92,0.22,0.084,0.95,,,Ⅱ
2023-05-21T12:00:00+08:00,1684641600,23.2,7.41,6.93,579.4,369.7,3.03,0.246,0.088,0.64,,,Ⅱ
2023-05-21T16:00:00+08:00,1684656000,23.3,7.44,6.9,597.4,197.3,2.57,0.219,0.072,0.98,,,Ⅱ
2023-05-21T20:00:00+08:00,1684670400,23.2,7.43,6.92,605.2,128.1,2.38,0.203,0.057,1.18,,,Ⅱ
2023-05-22T04:00:00+08:00,1684699200,23.4,7.34,6.69,552.5,188.1,2.34,0.191,0.074,1.12,,,Ⅱ
2023-05-22T08:00:00+08:00,1684713600,23.2,7.3,6.72,537.3,136.6,2.27,0.19,0.081,1.27,,,Ⅱ
2023-05-22T12:00:00+08:00,1684728000,23.1,7.26,6.72,539.7,116.9,2.31,0.199,0.079,1.32,,,Ⅱ
2023-05-22T16:00:00+08:00,1684742400,23.1,7.26,6.72,546.0,111.8,2.19,0.167,0.111,1.28,,,Ⅲ
2023-05-22T20:00:00+08:00,1684756800,22.6,7.19,6.35,556.1,95.5,1.86,0.49,0.072,1.43,,,Ⅱ
2023-05-23T04:00:00+08:00,1684785600,22.0,7.24,6.64,542.5,109.1,1.76,0.5,0.058,1.38,,,Ⅱ
2023-05-23T08:00:00+08:00,1684800000,22.0,7.19,6.49,520.6,112.8,2.34,0.152,0.07,1.37,,,Ⅱ
2023-05-24T12:00:00+08:00,1684900800,23.1,7.21,6.36,496.2,96.2,1.54,,0.061,1.49,,,
2023-05-25T08:00:00+08:00,1684972800,22.9,7.1,6.14,495.4,86.9,2.26,0.464,0.07,1.54,,,Ⅱ
2023-05-25T12:00:00+08:00,1684987200,22.9,7.11,6.17,492.4,93.2,2.29,0.477,0.062,1.51,,,Ⅱ
2023-05-25T16:00:00+08:00,1685001600,22.8,7.1,6.12,492.9,86.8,2.2,0.46,0.057,1.53,,,Ⅱ
2023-05-25T20:00:00+08:00,1685016000,22.8,7.08,6.08,489.4,82.6,2.14,0.445,0.064,1.53,,,Ⅱ
2023-05-26T00:00:00+08:00,1685030400,23.0,6.96,6.24,485.4,60.3,1.87,0.371,0.045,1.64,,,Ⅱ
2023-05-26T04:00:00+08:00,1685044800,22.8,7.09,6.07,492.8,72.0,2.23,0.396,0.051,1.6,,,Ⅱ
2023-05-26T12:00:00+08:00,1685073600,22.9,7.06,5.9,492.1,74.1,2.06,0.431,0.056,1.65,,,Ⅲ
2023-05-26T16:00:00+08:00,1685088000,22.9,7.08,5.89,492.4,72.8,2.06,0.408,0.055,1.62,,,Ⅲ
2023-05-26T20:00:00+08:00,1685102400,23.2,7.13,5.98,503.8,64.2,2.24,0.377,0.063,1.66,,,Ⅲ
2023-05-27T00:00:00+08:00,1685116800,23.8,7.93,5.93,503.2,66.1,2.24,0.348,0.059,1.63,,,Ⅲ
2023-05-27T04:00:00+08:00,1685131200,23.5,7.85,5.59,501.5,68.0,2.24,0.352,0.059,1.69,,,Ⅲ
2023-05-27T08:00:00+08:00,1685145600,23.9,7.92,6.44,495.8,55.2,1.32,0.276,0.048,1.64,,,Ⅱ
2023-05-27T12:00:00+08:00,1685160000,24.3,7.94,6.08,503.1,66.9,2.06,0.345,0.057,1.7,,,Ⅱ
2023-05-27T16:00:00+08:00,1685174400,24.7,8.01,6.41,509.9,69.7,2.06,0.385,0.07,1.78,,,Ⅱ
2023-05-27T20:00:00+08:00,1685188800,24.7,7.9,5.96,521.4,73.5,2.06,0.421,0.086,1.88,,,Ⅲ
2023-05-28T04:00:00+08:00,1685217600,24.3,7.86,5.78,514.4,58.6,2.49,0.362,0.073,1.84,,,Ⅲ
2023-05-28T08:00:00+08:00,1685232000,24.7,7.98,6.32,517.2,50.4,2.41,0.345,0.088,1.86,,,Ⅱ
2023-05-28T12:00:00+08:00,1685246400,24.6,7.95,7.24,516.0,49.6,2.15,0.319,0.073,1.83,,,Ⅱ
2023-05-28T16:00:00+08:00,1685260800,24.2,8.03,7.5,516.9,44.4,2.33,0.304,0.068,1.85,,,Ⅱ
2023-05-28T20:00:00+08:00,1685275200,24.8,8.39,8.89,528.1,34.3,3.1,0.308,0.082,1.87,,,Ⅱ
2023-05-29T00:00:00+08:00,1685289600,24.9,7.96,8.05,511.8,23.3,2.41,0.23,0.063,1.8,,,Ⅱ
2023-05-29T04:00:00+08:00,1685304000,25.5,8.71,9.5,540.0,46.5,2.93,0.294,0.069,1.74,,,Ⅱ
2023-05-29T12:00:00+08:00,1685332800,27.2,9.07,12.32,536.6,20.1,,0.234,0.401,1.75,,,
2023-05-29T16:00:00+08:00,1685347200,26.2,8.34,8.93,535.2,35.5,3.31,0.27,0.401,1.75,,,劣Ⅴ
2023-05-29T20:00:00+08:00,1685361600,26.2,8.21,8.66,539.1,27.8,3.51,0.256,0.401,1.77,,,劣Ⅴ
2023-05-30T04:00:00+08:00,1685390400,25.6,7.65,6.66,545.3,21.0,3.84,0.218,0.401,2.08,,,劣Ⅴ
2023-05-30T08:00:00+08:00,1685404800,25.8,7.76,7.09,537.2,26.1,3.08,0.23,0.401,1.89,,,劣Ⅴ
2023-05-30T12:00:00+08:00,1685419200,26.5,8.46,10.45,541.4,23.0,3.66,0.248,0.401,1.74,,,劣Ⅴ
2023-05-30T16:00:00+08:00,1685433600,27.0,8.8,12.71,541.7,21.5,4.75,0.26,0.401,1.92,,,劣Ⅴ
2023-05-30T20:00:00+08:00,1685448000,25.9,7.67,6.92,537.8,23.6,3.52,0.241,0.401,1.99,,,劣Ⅴ
2023-05-31T04:00:00+08:00,1685476800,25.8,7.83,7.32,539.4,22.0,13.05,0.218,0.386,1.71,,,Ⅴ
2023-05-31T08:00:00+08:00,1685491200,26.0,7.91,8.22,540.4,16.0,3.26,0.182,0.068,1.64,,,Ⅱ
2023-05-31T12:00:00+08:00,1685505600,26.4,8.28,9.88,544.3,15.5,4.14,0.225,0.34,1.96,,,Ⅴ
2023-05-31T16:00:00+08:00,1685520000,26.7,8.18,9.37,545.6,17.7,3.86,0.254,0.177,1.87,,,Ⅲ
2023-05-31T20:00:00+08:00,1685534400,26.4,7.74,7.6,545.0,22.7,3.74,0.244,0.091,1.9,,,Ⅱ
2023-06-01T04:00:00+08:00,1685563200,26.2,7.6,6.27,550.7,69.0,2.96,0.408,0.054,1.57,,,Ⅱ
2023-06-01T08:00:00+08:00,1685577600,26.4,7.67,6.54,559.9,140.6,3.22,0.222,0.077,1.16,,,Ⅱ
2023-06-01T12:00:00+08:00,1685592000,26.4,7.67,6.93,537.0,86.5,2.66,0.18,0.058,1.37,,,Ⅱ
2023-06-02T12:00:00+08:00,1685678400,26.7,7.68,7.15,524.4,113.2,2.75,0.21,0.066,1.28,,,Ⅱ
2023-06-03T20:00:00+08:00,1685793600,26.6,7.77,6.98,519.4,65.2,2.18,0.164,0.073,1.24,,,Ⅱ
2023-06-04T04:00:00+08:00,1685822400,26.2,7.67,6.86,521.6,69.9,2.3,0.49,0.052,1.28,,,Ⅱ
2023-06-04T08:00:00+08:00,1685836800,26.1,7.64,6.83,516.3,71.9,2.3,0.497,0.058,1.23,,,Ⅱ
2023-06-04T12:00:00+08:00,1685851200,26.0,7.7,7.27,521.1,189.8,3.09,0.219,0.083,0.83,,,Ⅱ
2023-06-04T16:00:00+08:00,1685865600,26.0,7.72,7.21,541.4,92.3,2.38,0.193,0.078,1.01,,,Ⅱ
2023-06-04T20:00:00+08:00,1685880000,25.9,7.7,7.2,538.1,73.7,2.2,0.172,0.068,1.12,,,Ⅱ
2023-06-05T00:00:00+08:00,1685894400,25.8,7.7,7.18,539.5,69.4,1.99,0.17,0.063,1.16,,,Ⅱ
2023-06-05T04:00:00+08:00,1685908800,25.4,7.67,7.03,516.7,83.8,2.29,0.179,0.059,1.1,,,Ⅱ
2023-06-05T08:00:00+08:00,1685923200,25.4,7.68,7.09,508.3,83.1,2.34,0.18,0.06,1.05,,,Ⅱ
2023-06-05T12:00:00+08:00,1685937600,25.5,7.8,7.61,571.1,128.6,2.6,0.222,0.076,0.85,,,Ⅱ
2023-06-05T16:00:00+08:00,1685952000,25.6,7.83,7.62,569.9,93.2,2.5,0.213,0.072,0.99,,,Ⅱ
2023-06-05T20:00:00+08:00,1685966400,25.5,7.72,7.24,540.0,74.4,2.18,0.199,0.059,1.12,,,Ⅱ
2023-06-06T00:00:00+08:00,1685980800,25.3,7.71,7.19,546.2,70.7,2.05,0.181,0.076,1.18,,,Ⅱ
2023-06-06T04:00:00+08:00,1685995200,25.1,7.66,6.89,542.7,72.1,2.28,0.172,0.072,1.23,,,Ⅱ
2023-06-06T08:00:00+08:00,1686009600,25.0,7.56,6.55,515.6,150.5,2.98,0.216,0.081,0.96,,,Ⅱ
2023-06-06T12:00:00+08:00,1686024000,25.4,7.74,7.36,606.5,297.7,3.66,0.284,0.083,,,,Ⅱ
2023-06-06T16:00:00+08:00,1686038400,26.0,7.79,7.27,615.5,148.3,2.62,0.239,0.056,0.92,,,Ⅱ
2023-06-06T20:00:00+08:00,1686052800,25.8,7.72,7.15,605.7,97.5,8.03,0.195,0.047,,,,Ⅳ
2023-06-07T00:00:00+08:00,1686067200,25.6,7.73,7.2,610.4,87.4,2.32,0.183,0.068,1.23,,,Ⅱ
2023-06-07T04:00:00+08:00,1686081600,25.4,7.66,6.95,592.4,112.0,2.31,0.183,0.064,1.18,,,Ⅱ
2023-06-07T08:00:00+08:00,1686096000,25.3,7.65,6.96,550.2,115.2,2.33,0.194,0.061,1.15,,,Ⅱ
2023-06-07T12:00:00+08:00,1686110400,25.4,7.67,6.92,548.6,106.1,2.22,0.206,0.054,1.22,,,Ⅱ
2023-06-07T16:00:00+08:00,1686124800,25.6,7.69,6.9,570.6,100.1,2.35,0.192,0.053,1.23,,,Ⅱ
2023-06-07T20:00:00+08:00,1686139200,25.5,7.66,6.8,558.9,98.0,2.04,0.195,0.054,1.29,,,Ⅱ
2023-06-08T00:00:00+08:00,1686153600,25.6,7.75,7.23,824.8,280.4,3.11,0.277,0.068,,,,Ⅱ
2023-06-08T08:00:00+08:00,1686182400,25.5,7.7,7.05,634.6,168.0,2.6,0.244,0.063,1.02,,,Ⅱ
2023-06-08T12:00:00+08:00,1686196800,26.8,7.8,7.12,616.9,141.4,2.38,0.219,0.058,1.18,,,Ⅱ
2023-06-08T16:00:00+08:00,1686211200,28.1,7.86,7.25,646.3,108.4,2.19,0.207,0.06,1.22,,,Ⅱ
2023-06-08T20:00:00+08:00,1686225600,28.7,7.77,7.22,636.7,103.3,2.1,0.2,0.052,1.23,,,Ⅱ
2023-06-09T00:00:00+08:00,1686240000,28.6,7.79,7.35,643.9,84.9,2.0,0.483,0.058,1.38,,,Ⅱ
2023-06-09T04:00:00+08:00,1686254400,25.8,7.38,7.2,862.3,802.7,4.32,0.398,0.099,,,,Ⅲ
2023-06-09T08:00:00+08:00,1686268800,26.0,7.49,6.8,840.3,186.3,2.58,0.29,0.077,0.99,,,Ⅱ
2023-06-09T12:00:00+08:00,1686283200,26.3,7.47,6.76,699.4,176.6,3.12,0.144,0.063,1.62,,,Ⅱ
2023-06-09T20:00:00+08:00,1686312000,26.3,7.68,6.58,619.9,161.3,2.17,0.208,0.06,1.21,,,Ⅱ
2023-06-10T00:00:00+08:00,1686326400,26.2,7.68,6.53,633.4,138.6,2.1,0.195,0.056,1.27,,,Ⅱ
2023-06-10T04:00:00+08:00,1686340800,26.4,7.85,7.0,963.5,98.9,1.95,0.477,0.047,1.41,,,Ⅱ
2023-06-10T08:00:00+08:00,1686355200,26.5,7.88,6.94,743.6,100.2,1.71,0.458,0.063,1.39,,,Ⅱ
2023-06-10T12:00:00+08:00,1686369600,26.5,7.88,6.9,754.5,95.3,1.79,0.42,0.043,1.43,,,Ⅱ
2023-06-10T16:00:00+08:00,1686384000,25.7,7.72,6.56,918.3,89.5,1.73,0.417,0.052,1.43,,,Ⅱ
2023-06-10T20:00:00+08:00,1686398400,25.4,7.67,6.45,930.1,82.4,1.72,0.39,0.031,1.47,,,Ⅱ
2023-06-11T00:00:00+08:00,1686412800,25.9,7.98,7.21,816.7,76.1,1.66,0.38,0.02,1.49,,,Ⅱ
2023-06-11T04:00:00+08:00,1686427200,25.8,7.93,7.03,894.1,71.0,1.71,0.359,0.046,1.5,,,Ⅱ
2023-06-11T08:00:00+08:00,1686441600,25.9,8.01,7.3,870.3,86.1,1.76,0.39,0.043,1.48,,,Ⅱ
2023-06-11T12:00:00+08:00,1686456000,26.0,7.96,7.13,804.3,83.9,1.67,0.386,0.04,1.47,,,Ⅱ
2023-06-11T16:00:00+08:00,1686470400,26.0,8.02,7.33,802.8,75.5,1.83,0.375,0.032,1.49,,,Ⅱ
2023-06-11T20:00:00+08:00,1686484800,25.9,7.83,6.64,829.9,76.6,1.71,0.37,0.038,1.52,,,Ⅱ
2023-06-12T00:00:00+08:00,1686499200,25.9,7.76,6.29,819.3,76.4,1.77,0.359,0.029,1.55,,,Ⅱ
2023-06-12T04:00:00+08:00,1686513600,25.9,7.87,6.72,803.8,78.6,1.62,0.347,0.047,1.51,,,Ⅱ
2023-06-12T08:00:00+08:00,1686528000,26.0,8.01,7.15,801.7,70.7,1.66,0.358,0.045,1.5,,,Ⅱ
2023-06-12T12:00:00+08:00,1686542400,26.1,7.99,7.09,818.4,83.8,1.62,0.374,0.046,1.47,,,Ⅱ
2023-06-12T16:00:00+08:00,1686556800,26.0,7.92,6.81,846.3,74.9,1.55,0.365,0.047,1.49,,,Ⅱ
2023-06-12T20:00:00+08:00,1686571200,25.8,7.76,6.2,865.7,78.8,1.42,0.385,0.048,1.46,,,Ⅱ
2023-06-13T00:00:00+08:00,1686585600,25.7,7.81,6.46,873.3,74.1,1.61,0.363,0.043,1.46,,,Ⅱ
2023-06-13T04:00:00+08:00,1686600000,25.9,8.09,7.34,789.2,63.4,1.71,0.305,0.052,1.45,,,Ⅱ
2023-06-13T08:00:00+08:00,1686614400,25.9,8.16,7.52,774.0,61.2,1.5,0.315,0.044,1.44,,,Ⅱ
2023-06-13T12:00:00+08:00,1686628800,26.0,8.21,7.65,780.4,64.0,1.72,0.307,0.04,1.44,,,Ⅱ
2023-06-13T16:00:00+08:00,1686643200,25.9,8.04,7.11,811.3,67.1,1.6,0.327,0.039,1.45,,,Ⅱ
2023-06-13T20:00:00+08:00,1686657600,25.7,8.09,7.36,800.4,62.2,1.6,0.342,0.037,1.43,,,Ⅱ
2023-06-14T00:00:00+08:00,1686672000,25.8,8.37,8.09,768.0,56.4,1.68,0.292,0.046,1.42,,,Ⅱ
2023-06-14T04:00:00+08:00,1686686400,25.8,8.39,8.08,764.4,49.2,1.85,0.27,0.04,1.48,,,Ⅱ
2023-06-14T08:00:00+08:00,1686700800,26.1,8.56,8.69,756.8,45.5,1.76,0.263,0.04,1.49,,,Ⅱ
2023-06-14T12:00:00+08:00,1686715200,26.5,8.77,9.93,759.2,47.4,2.21,0.252,0.031,1.43,,,Ⅱ
2023-06-14T16:00:00+08:00,1686729600,25.8,8.21,7.53,782.7,71.4,1.72,0.32,0.038,1.4,,,Ⅱ
2023-06-14T20:00:00+08:00,1686744000,26.8,7.89,5.84,715.6,147.9,2.02,0.445,0.062,1.42,,,Ⅲ
2023-06-15T00:00:00+08:00,1686758400,26.5,7.84,5.81,715.1,127.3,2.3,0.434,0.068,1.42,,,Ⅲ
2023-06-15T04:00:00+08:00,1686772800,26.4,7.78,5.73,663.9,145.2,2.02,0.453,0.048,1.37,,,Ⅲ
2023-06-15T08:00:00+08:00,1686787200,26.5,7.74,5.54,666.1,119.3,1.86,0.422,0.068,1.41,,,Ⅲ
2023-06-16T08:00:00+08:00,1686873600,26.6,7.73,6.62,564.8,161.3,7.18,0.48,0.048,1.27,,,Ⅳ
2023-06-16T12:00:00+08:00,1686888000,26.7,7.73,6.58,562.5,141.3,1.7,0.457,0.043,1.26,,,Ⅱ
2023-06-16T16:00:00+08:00,1686902400,26.6,7.71,6.46,559.0,125.9,1.77,0.445,0.046,1.31,,,Ⅱ
2023-06-16T20:00:00+08:00,1686916800,26.8,7.66,5.98,528.5,133.9,9.14,0.458,0.066,1.33,,,Ⅳ
2023-06-19T04:00:00+08:00,1687118400,25.5,7.37,4.11,503.3,360.3,3.35,0.314,0.093,1.28,,,Ⅳ
2023-06-19T08:00:00+08:00,1687132800,25.4,7.3,2.97,496.7,303.4,3.59,0.636,0.14,1.56,,,Ⅴ
2023-06-19T12:00:00+08:00,1687147200,25.4,7.31,2.93,495.3,111.8,2.99,0.643,0.126,1.93,,,Ⅴ
2023-06-19T16:00:00+08:00,1687161600,25.5,7.11,3.13,497.9,274.7,2.99,0.719,0.153,1.8,,,Ⅳ
2023-06-20T00:00:00+08:00,1687190400,25.9,7.08,3.14,466.8,100.5,7.35,0.333,0.153,2.26,,,Ⅳ
2023-06-20T04:00:00+08:00,1687204800,25.8,7.05,3.16,467.5,96.4,7.35,0.444,0.42,2.06,,,劣Ⅴ
2023-06-20T12:00:00+08:00,1687233600,27.1,7.18,3.88,480.5,61.6,,0.407,0.125,2.26,,,
2023-06-20T16:00:00+08:00,1687248000,27.3,7.23,4.42,486.4,60.2,,0.35,0.118,2.11,,,
2023-06-20T20:00:00+08:00,1687262400,26.7,7.13,3.84,482.9,51.8,,0.311,0.088,2.1,,,
2023-06-21T00:00:00+08:00,1687276800,26.7,7.15,3.76,489.4,48.2,4.77,0.292,0.099,2.1,,,Ⅳ
2023-06-21T04:00:00+08:00,1687291200,26.5,7.08,3.35,486.4,56.3,4.73,0.284,0.117,2.0,,,Ⅳ
2023-06-21T12:00:00+08:00,1687320000,26.4,7.08,3.13,498.4,54.8,4.73,0.289,0.117,2.02,,,Ⅳ
2023-06-21T16:00:00+08:00,1687334400,26.2,7.03,2.67,500.8,45.9,4.73,0.264,0.099,2.1,,,Ⅴ
2023-06-21T20:00:00+08:00,1687348800,25.9,6.97,2.39,501.5,45.6,0.25,0.257,0.387,2.12,,,Ⅴ
2023-06-22T00:00:00+08:00,1687363200,26.0,7.04,2.88,502.6,41.2,4.75,0.23,0.07,2.06,,,Ⅴ
2023-06-22T04:00:00+08:00,1687377600,26.5,7.14,3.44,519.3,167.3,5.04,0.272,0.091,1.78,,,Ⅳ
2023-06-22T12:00:00+08:00,1687406400,27.3,7.22,4.19,500.9,135.7,4.22,0.253,0.061,1.62,,,Ⅳ
2023-06-22T16:00:00+08:00,1687420800,27.2,7.18,3.99,502.3,121.9,3.82,0.244,0.076,1.6,,,Ⅳ
2023-06-25T04:00:00+08:00,1687636800,24.6,7.05,4.5,406.4,126.8,4.31,0.282,0.124,1.75,,,Ⅳ
2023-06-25T08:00:00+08:00,1687651200,24.7,7.03,4.28,412.1,240.8,5.98,0.375,0.201,1.66,,,Ⅳ
2023-06-25T12:00:00+08:00,1687665600,25.4,7.07,3.65,417.8,254.7,6.34,0.412,0.171,1.67,,,Ⅳ
2023-06-25T16:00:00+08:00,1687680000,26.2,7.14,3.99,425.8,101.8,5.28,0.412,0.166,2.1,,,Ⅳ
2023-06-25T20:00:00+08:00,1687694400,26.1,7.09,4.04,434.1,81.9,5.98,,0.154,2.01,,,
2023-06-26T00:00:00+08:00,1687708800,25.7,6.99,3.88,435.8,66.8,4.4,0.08,0.116,1.98,,,Ⅳ
2023-06-26T04:00:00+08:00,1687723200,25.7,7.05,3.31,448.6,66.2,0.25,0.037,0.123,2.15,,,Ⅳ
2023-06-26T08:00:00+08:00,1687737600,26.0,7.11,3.95,447.0,58.4,5.27,0.186,0.14,2.47,,,Ⅳ
2023-06-26T12:00:00+08:00,1687752000,26.6,7.2,4.53,453.6,54.4,4.96,0.025,0.132,2.19,,,Ⅳ
2023-06-26T16:00:00+08:00,1687766400,27.2,7.49,7.0,460.6,44.8,5.58,0.073,0.136,2.24,,,Ⅲ
2023-06-26T20:00:00+08:00,1687780800,27.4,7.37,6.51,463.8,60.6,,0.19,0.144,2.23,,,
2023-06-27T00:00:00+08:00,1687795200,27.1,7.21,5.37,466.2,44.9,4.87,0.14,0.14,2.21,,,Ⅲ
2023-06-27T04:00:00+08:00,1687809600,26.9,7.15,4.86,464.7,40.3,4.87,0.126,0.126,2.21,,,Ⅳ
2023-06-27T08:00:00+08:00,1687824000,26.8,7.21,5.49,466.0,36.0,4.87,0.12,0.131,2.29,,,Ⅲ
2023-06-27T12:00:00+08:00,1687838400,27.3,7.35,6.42,467.5,34.0,4.87,0.104,0.13,2.15,,,Ⅲ
2023-06-27T16:00:00+08:00,1687852800,28.0,7.58,7.67,495.6,37.2,4.87,0.122,0.12,2.18,,,Ⅲ
2023-06-27T20:00:00+08:00,1687867200,28.3,7.62,7.89,496.3,38.1,4.87,0.12,0.132,2.23,,,Ⅲ
2023-06-28T00:00:00+08:00,1687881600,29.2,7.41,7.91,480.0,26.8,0.67,0.096,0.107,2.0,,,Ⅲ
2023-06-28T04:00:00+08:00,1687896000,27.9,7.04,7.34,448.4,15.1,3.67,0.069,0.063,1.76,,,Ⅱ
2023-06-28T08:00:00+08:00,1687910400,28.1,7.49,7.76,495.2,27.6,3.67,0.106,0.115,2.12,,,Ⅲ
2023-06-28T12:00:00+08:00,1687924800,30.0,7.93,9.02,501.3,28.6,3.67,0.106,0.112,2.13,,,Ⅲ
2023-06-28T16:00:00+08:00,1687939200,29.7,7.69,8.54,509.1,29.2,3.67,0.111,0.11,2.11,,,Ⅲ
2023-06-28T20:00:00+08:00,1687953600,29.4,7.38,6.95,514.0,29.8,5.33,0.107,0.138,2.09,,,Ⅲ
2023-06-29T00:00:00+08:00,1687968000,29.0,7.08,5.48,515.3,29.3,5.4,0.051,0.087,2.16,,,Ⅲ
2023-06-29T04:00:00+08:00,1687982400,29.7,7.64,7.83,515.4,23.8,5.53,0.03,0.104,1.92,,,Ⅲ
2023-06-29T08:00:00+08:00,1687996800,30.1,7.63,7.58,514.4,23.2,5.3,0.048,0.107,2.07,,,Ⅲ
2023-06-29T12:00:00+08:00,1688011200,31.4,7.72,8.74,521.4,25.2,5.37,0.051,0.12,1.99,,,Ⅲ
2023-06-29T16:00:00+08:00,1688025600,31.2,8.67,8.38,564.7,30.0,5.37,0.051,0.12,1.99,,,Ⅲ
2023-06-29T20:00:00+08:00,1688040000,30.5,8.05,5.37,548.9,33.2,5.58,0.042,0.124,2.33,,,Ⅲ
2023-06-30T00:00:00+08:00,1688054400,30.0,8.44,6.82,532.9,23.6,5.25,0.052,0.148,1.97,,,Ⅲ
2023-06-30T04:00:00+08:00,1688068800,29.0,8.09,5.84,526.2,23.0,4.81,0.054,0.121,1.97,,,Ⅲ
2023-06-30T08:00:00+08:00,1688083200,27.6,7.83,5.83,494.1,22.4,4.4,0.047,0.102,1.85,,,Ⅲ
2023-06-30T12:00:00+08:00,1688097600,26.0,7.22,5.98,401.0,3.1,2.08,0.096,0.005,1.41,,,Ⅲ
2023-06-30T16:00:00+08:00,1688112000,24.1,7.81,7.86,150.9,1.0,2.08,,0.005,1.23,,,
2023-06-30T20:00:00+08:00,1688126400,22.6,7.79,8.18,147.0,1.0,2.08,0.025,0.005,1.21,,,Ⅱ
2023-07-01T00:00:00+08:00,1688140800,22.2,7.88,8.32,146.5,0.8,2.08,0.057,0.094,1.18,,,Ⅱ
2023-07-01T04:00:00+08:00,1688155200,22.4,7.93,8.46,146.4,1.2,,,0.005,1.27,,,
2023-07-01T13:30:00+08:00,1688189400,,,,,,,,,,,,
2023-07-01T17:31:00+08:00,1688203860,,,,,,,,,,,,
2023-07-01T21:31:00+08:00,1688218260,,,,,,,,,,,,
2023-07-11T04:00:00+08:00,1689019200,29.7,7.63,5.16,523.0,27.8,3.21,0.025,0.06,1.49,,,
2023-07-11T08:00:00+08:00,1689033600,29.5,7.54,5.06,526.8,52.6,,0.03,0.055,1.36,,,
2023-07-11T12:00:00+08:00,1689048000,31.8,7.84,5.77,547.0,30.4,,0.03,0.055,1.36,,,
2023-07-11T16:00:00+08:00,1689062400,31.4,7.59,5.54,540.1,30.1,3.24,0.025,0.05,1.94,,,Ⅲ
2023-07-11T20:00:00+08:00,1689076800,30.2,7.44,5.4,439.3,88.4,2.92,0.07,0.062,1.18,,,Ⅲ
2023-07-12T00:00:00+08:00,1689091200,30.3,7.5,5.31,455.0,50.0,2.96,0.032,0.04,1.28,,,Ⅲ
2023-07-12T04:00:00+08:00,1689105600,30.4,7.55,5.32,488.8,39.0,2.9,0.025,0.042,1.33,,,Ⅲ
2023-07-12T08:00:00+08:00,1689120000,30.6,7.57,5.32,511.5,41.0,3.12,0.025,0.043,1.34,,,Ⅲ
2023-07-12T12:00:00+08:00,1689134400,32.4,7.73,6.06,511.2,35.2,2.96,,0.048,1.36,,,
2023-07-12T16:00:00+08:00,1689148800,32.0,7.59,5.67,510.0,36.8,3.0,0.025,0.054,1.34,,,Ⅲ
2023-07-12T20:00:00+08:00,1689163200,30.7,7.36,5.35,445.8,116.0,3.32,0.097,0.04,1.08,,,Ⅲ
2023-07-13T00:00:00+08:00,1689177600,22.1,6.59,8.72,147.6,1.0,3.32,,0.005,1.31,,,
2023-07-13T10:21:00+08:00,1689214860,,,,,,,,,,,,
2023-07-13T14:22:00+08:00,1689229320,,,,,,,,,,,,
2023-07-13T18:23:00+08:00,1689243780,,,,,,,,,,,,
2023-07-15T20:00:00+08:00,1689422400,31.8,7.88,5.85,455.2,85.2,3.6,0.134,0.087,1.14,,,Ⅲ
2023-07-16T04:00:00+08:00,1689451200,30.7,7.75,5.53,461.6,57.6,3.23,0.056,0.036,1.27,,,Ⅲ
2023-07-16T08:00:00+08:00,1689465600,30.7,7.67,5.36,460.7,49.0,3.32,0.037,0.035,1.33,,,Ⅲ
2023-07-16T12:00:00+08:00,1689480000,30.9,7.64,5.32,462.3,40.8,2.88,0.025,0.033,1.4,,,Ⅲ
2023-07-16T20:00:00+08:00,1689508800,30.9,7.64,5.52,462.4,45.8,3.15,0.027,0.073,1.28,,,Ⅲ
2023-07-17T04:00:00+08:00,1689537600,30.4,7.66,5.82,458.1,56.0,2.96,0.048,0.033,1.21,,,Ⅲ
2023-07-17T08:00:00+08:00,1689552000,30.4,7.66,5.77,458.6,47.8,2.9,0.027,0.068,1.24,,,Ⅲ
2023-07-17T12:00:00+08:00,1689566400,30.5,7.64,5.65,457.1,54.7,2.96,0.046,0.039,1.3,,,Ⅲ
2023-07-17T16:00:00+08:00,1689580800,30.5,7.57,5.47,456.9,51.8,3.01,0.044,0.042,1.29,,,Ⅲ
2023-07-17T20:00:00+08:00,1689595200,30.3,7.6,5.55,457.8,45.1,2.97,0.034,0.057,1.31,,,Ⅲ
2023-07-18T00:00:00+08:00,1689609600,30.8,7.7,6.07,446.2,124.6,3.52,0.112,0.067,1.0,,,Ⅱ
2023-07-18T04:00:00+08:00,1689624000,30.6,7.64,5.9,449.0,68.3,3.13,0.063,0.039,1.17,,,Ⅲ
2023-07-18T08:00:00+08:00,1689638400,30.6,7.64,5.88,450.1,52.3,2.9,0.04,0.055,1.25,,,Ⅲ
2023-07-18T12:00:00+08:00,1689652800,30.8,7.65,5.82,453.4,41.7,2.84,0.025,0.053,1.35,,,Ⅲ
2023-07-18T16:00:00+08:00,1689667200,30.8,7.59,5.72,452.2,49.4,2.94,0.031,0.055,1.3,,,Ⅲ
2023-07-18T20:00:00+08:00,1689681600,30.6,7.57,5.65,452.0,44.3,2.81,0.025,0.021,1.31,,,Ⅲ
2023-07-19T00:00:00+08:00,1689696000,30.9,7.63,5.7,445.3,126.0,3.49,0.122,0.005,1.11,,,Ⅲ
2023-07-19T08:00:00+08:00,1689724800,30.6,7.59,5.62,460.4,52.6,1.76,0.071,0.005,1.25,,,Ⅱ
2023-07-19T12:00:00+08:00,1689739200,31.3,7.54,5.59,461.5,50.4,2.68,0.034,0.067,1.28,,,Ⅲ
2023-07-19T16:00:00+08:00,1689753600,30.7,7.53,5.44,461.0,49.7,2.92,0.049,0.044,1.3,,,Ⅲ
2023-07-19T20:00:00+08:00,1689768000,30.5,7.52,5.29,459.3,49.3,2.87,0.042,0.042,1.32,,,Ⅲ
2023-07-20T04:00:00+08:00,1689796800,29.9,7.72,5.71,478.0,84.0,2.99,0.107,0.046,1.1,,,Ⅲ
2023-07-20T08:00:00+08:00,1689811200,30.3,7.78,5.65,473.1,64.1,2.96,0.072,0.055,1.22,,,Ⅲ
2023-07-20T12:00:00+08:00,1689825600,29.4,7.73,5.74,458.5,75.8,2.9,0.084,0.044,1.18,,,Ⅲ
2023-07-20T16:00:00+08:00,1689840000,30.2,7.78,5.5,455.2,112.3,3.17,0.126,0.067,1.06,,,Ⅲ
2023-07-20T20:00:00+08:00,1689854400,30.0,7.64,4.51,457.3,129.7,4.29,0.191,0.097,1.01,,,Ⅳ
2023-07-21T04:00:00+08:00,1689883200,29.7,7.62,4.1,458.0,43.9,3.04,0.035,0.06,1.48,,,Ⅳ
2023-07-21T08:00:00+08:00,1689897600,29.9,7.64,4.17,459.9,42.3,3.06,0.032,0.389,1.44,,,Ⅴ
2023-07-21T12:00:00+08:00,1689912000,30.5,7.69,4.78,606.2,64.1,3.02,0.114,0.081,1.3,,,Ⅳ
2023-07-21T16:00:00+08:00,1689926400,31.0,7.77,5.34,472.1,77.4,3.02,0.085,0.079,1.18,,,Ⅲ
2023-07-21T20:00:00+08:00,1689940800,30.2,7.52,3.26,476.3,190.2,4.42,0.189,0.104,0.99,,,Ⅳ
2023-07-22T04:00:00+08:00,1689969600,29.9,7.54,3.03,469.0,46.0,3.32,0.039,0.083,1.46,,,Ⅳ
2023-07-22T08:00:00+08:00,1689984000,30.0,7.55,3.12,473.2,40.9,3.39,0.034,0.091,1.48,,,Ⅳ
2023-07-22T12:00:00+08:00,1689998400,30.1,7.59,3.51,472.1,41.8,3.44,0.035,0.09,1.47,,,Ⅳ
2023-07-22T16:00:00+08:00,1690012800,31.1,7.8,4.8,479.7,40.1,3.45,0.042,0.072,1.46,,,Ⅳ
2023-07-22T20:00:00+08:00,1690027200,29.8,7.44,2.99,465.6,52.4,4.08,0.051,0.091,1.35,,,Ⅴ
2023-07-23T04:00:00+08:00,1690056000,29.6,7.47,2.78,466.9,41.9,3.74,0.035,0.076,1.49,,,Ⅴ
2023-07-23T08:00:00+08:00,1690070400,29.6,7.51,2.99,477.3,39.1,3.4,0.025,0.082,1.5,,,Ⅴ
2023-07-23T12:00:00+08:00,1690084800,30.6,7.75,4.34,473.2,37.0,3.48,0.032,0.103,1.48,,,Ⅳ
2023-07-23T16:00:00+08:00,1690099200,31.1,7.91,5.54,476.9,36.9,3.68,0.031,0.08,1.49,,,Ⅲ
2023-07-23T20:00:00+08:00,1690113600,31.2,7.91,6.0,473.0,34.3,3.79,0.036,0.084,1.49,,,Ⅲ
2023-07-24T04:00:00+08:00,1690142400,30.4,7.67,4.89,475.8,34.9,3.24,0.033,0.005,1.48,,,Ⅳ
2023-07-24T08:00:00+08:00,1690156800,30.3,7.64,4.6,474.5,36.5,3.24,0.041,0.078,1.48,,,Ⅳ
2023-07-24T12:00:00+08:00,1690171200,30.7,7.73,5.09,479.0,29.9,3.24,0.026,0.083,1.46,,,Ⅲ
2023-07-24T16:00:00+08:00,1690185600,30.2,7.45,3.16,484.0,32.9,3.24,0.025,0.072,1.47,,,Ⅳ
2023-07-24T20:00:00+08:00,1690200000,30.2,7.37,2.79,488.5,40.9,3.24,0.025,0.072,1.47,,,Ⅴ
2023-07-25T04:00:00+08:00,1690228800,29.6,7.46,3.57,483.9,32.7,3.73,0.025,0.063,1.48,,,Ⅳ
2023-07-25T08:00:00+08:00,1690243200,29.9,7.47,3.21,485.6,30.5,3.9,0.025,0.084,1.5,,,Ⅳ
2023-07-25T12:00:00+08:00,1690257600,30.6,7.58,3.79,498.2,31.8,4.06,0.025,0.08,1.51,,,Ⅳ
2023-07-25T16:00:00+08:00,1690272000,29.0,7.34,3.15,486.5,29.7,3.67,0.025,0.082,1.51,,,Ⅳ
2023-07-25T20:00:00+08:00,1690286400,30.0,7.44,2.9,487.2,30.6,3.67,0.025,0.071,1.48,,,Ⅴ
2023-07-26T04:00:00+08:00,1690315200,28.5,7.33,2.89,482.1,25.6,3.63,0.025,0.071,1.52,,,Ⅴ
2023-07-26T12:00:00+08:00,1690344000,29.8,7.4,2.37,483.4,25.7,3.52,0.025,0.071,1.5,,,Ⅴ
2023-07-26T16:00:00+08:00,1690358400,30.0,7.37,1.75,480.0,24.8,3.69,0.025,0.086,1.54,,,劣Ⅴ
2023-07-26T20:00:00+08:00,1690372800,29.9,7.37,1.98,481.6,25.4,3.46,0.025,0.067,1.52,,,劣Ⅴ
2023-07-27T08:00:00+08:00,1690416000,29.7,7.36,1.67,479.1,21.2,3.65,0.025,0.073,,,,劣Ⅴ
2023-07-27T12:00:00+08:00,1690430400,30.1,7.31,1.28,479.9,20.0,3.87,0.025,0.074,1.55,,,劣Ⅴ
2023-07-27T16:00:00+08:00,1690444800,30.5,7.38,2.62,811.5,25.8,4.03,0.025,0.076,,,,Ⅴ
2023-07-27T20:00:00+08:00,1690459200,30.1,7.42,3.55,813.5,25.0,4.12,0.025,0.08,,,,Ⅳ
2023-07-28T04:00:00+08:00,1690488000,29.6,7.3,1.99,788.3,20.5,3.66,0.028,0.063,,,,劣Ⅴ
2023-07-28T08:00:00+08:00,1690502400,29.5,7.29,1.87,787.7,15.9,,0.039,0.069,,,,
2023-07-28T12:00:00+08:00,1690516800,29.7,7.34,1.8,820.1,19.5,3.02,0.025,0.08,,,,劣Ⅴ
2023-07-28T16:00:00+08:00,1690531200,29.9,7.42,2.83,826.6,19.4,3.82,0.027,0.081,2.14,,,Ⅴ
2023-07-28T20:00:00+08:00,1690545600,29.6,7.41,2.94,820.6,20.6,3.7,0.025,0.083,1.48,,,Ⅴ
2023-07-29T04:00:00+08:00,1690574400,29.4,7.4,2.62,823.7,18.6,3.65,0.028,0.073,1.48,,,Ⅴ
2023-07-29T08:00:00+08:00,1690588800,29.3,7.36,2.49,818.4,15.7,1.97,0.093,0.013,1.47,,,Ⅴ
2023-07-29T12:00:00+08:00,1690603200,29.5,7.42,2.98,828.0,16.7,3.51,0.036,0.072,1.46,,,Ⅴ
2023-07-29T16:00:00+08:00,1690617600,29.4,7.49,3.62,828.1,19.3,3.78,0.026,0.084,1.45,,,Ⅳ
2023-07-29T20:00:00+08:00,1690632000,29.6,7.86,6.87,807.6,110.0,3.3,0.094,0.078,1.38,,,Ⅱ
2023-07-30T04:00:00+08:00,1690660800,29.0,7.77,6.36,1127.0,41.1,3.17,0.028,0.048,1.44,,,Ⅱ
2023-07-30T08:00:00+08:00,1690675200,29.2,7.82,6.46,1221.7,31.5,2.81,0.025,0.055,1.53,,,Ⅱ
2023-07-30T12:00:00+08:00,1690689600,29.7,7.75,6.37,1285.9,28.2,2.93,0.025,0.05,1.55,,,Ⅱ
2023-07-30T16:00:00+08:00,1690704000,29.5,7.7,6.16,1235.9,27.0,2.96,0.025,0.052,1.54,,,Ⅱ
2023-07-30T20:00:00+08:00,1690718400,29.7,7.85,6.67,1298.9,182.1,4.27,0.398,0.09,1.41,,,Ⅲ
2023-07-31T04:00:00+08:00,1690747200,29.6,7.58,6.24,722.0,47.3,3.8,0.054,0.401,1.29,,,劣Ⅴ
2023-07-31T08:00:00+08:00,1690761600,29.6,7.59,6.25,901.8,37.7,3.54,0.025,0.401,1.52,,,劣Ⅴ
2023-07-31T12:00:00+08:00,1690776000,29.7,7.61,6.31,1206.2,28.0,3.42,0.025,0.401,1.55,,,劣Ⅴ
2023-07-31T16:00:00+08:00,1690790400,29.7,7.6,6.19,1626.6,21.0,3.65,0.025,0.401,1.67,,,劣Ⅴ
2023-07-31T20:00:00+08:00,1690804800,31.0,8.01,6.81,1608.3,65.5,3.96,0.082,0.401,1.46,,,劣Ⅴ
2023-08-01T04:00:00+08:00,1690833600,29.8,7.61,6.27,1152.4,56.8,3.99,0.109,0.043,1.13,,,Ⅱ
2023-08-01T08:00:00+08:00,1690848000,29.8,7.6,6.3,1566.9,33.0,3.72,0.025,0.033,1.54,,,Ⅱ
2023-08-01T12:00:00+08:00,1690862400,29.9,7.64,6.44,1735.0,26.3,3.68,0.025,0.048,1.64,,,Ⅱ
2023-08-01T16:00:00+08:00,1690876800,30.1,7.6,6.28,2062.2,20.7,3.86,0.025,0.036,1.69,,,Ⅱ
2023-08-01T20:00:00+08:00,1690891200,30.0,7.63,6.34,1998.2,17.9,3.83,0.025,0.042,1.68,,,Ⅱ
2023-08-02T04:00:00+08:00,1690920000,29.1,7.55,6.44,1452.6,77.7,4.2,0.123,0.036,1.24,,,Ⅲ
2023-08-02T08:00:00+08:00,1690934400,29.1,7.51,6.45,1425.3,42.8,3.87,0.045,0.033,1.43,,,Ⅱ
2023-08-02T12:00:00+08:00,1690948800,30.7,7.75,6.58,783.0,430.8,5.9,0.079,0.102,,,,Ⅲ
2023-08-02T16:00:00+08:00,1690963200,31.0,7.69,6.51,976.4,72.8,4.13,0.168,0.039,1.18,,,Ⅲ
2023-08-02T20:00:00+08:00,1690977600,30.9,7.63,6.48,1002.2,82.4,3.67,0.106,0.053,1.25,,,Ⅱ
2023-08-03T04:00:00+08:00,1691006400,30.8,7.57,6.21,958.9,38.0,3.38,0.025,0.031,1.47,,,Ⅱ
2023-08-03T08:00:00+08:00,1691020800,30.6,7.55,6.12,915.0,43.2,3.38,0.025,0.042,1.44,,,Ⅱ
2023-08-03T12:00:00+08:00,1691035200,31.1,7.54,5.98,809.4,40.1,3.38,0.025,0.044,1.49,,,Ⅲ
2023-08-03T16:00:00+08:00,1691049600,31.4,7.55,6.14,822.6,37.1,4.16,0.029,0.06,1.47,,,Ⅲ
2023-08-03T20:00:00+08:00,1691064000,30.7,7.57,6.1,839.3,32.9,3.52,0.025,0.046,1.51,,,Ⅱ
2023-08-04T04:00:00+08:00,1691092800,30.3,7.54,5.67,854.4,28.6,3.36,0.025,0.044,1.56,,,Ⅲ
2023-08-04T08:00:00+08:00,1691107200,30.3,7.56,5.7,863.7,28.0,3.36,0.025,0.042,1.56,,,Ⅲ
2023-08-04T12:00:00+08:00,1691121600,30.5,7.62,5.92,872.0,28.5,3.36,0.025,0.036,1.55,,,Ⅲ
2023-08-04T16:00:00+08:00,1691136000,31.4,7.84,6.89,1362.1,63.4,3.36,0.045,0.04,1.31,,,Ⅱ
2023-08-04T20:00:00+08:00,1691150400,31.2,7.69,6.5,1333.2,50.4,3.36,0.033,0.037,1.44,,,Ⅱ
2023-08-05T03:59:00+08:00,1691179140,,,,,,,,,,,,
2023-08-05T08:00:00+08:00,1691193600,,,,,,,,,,,,
2023-08-05T12:01:00+08:00,1691208060,,,,,,,,,,,,
2023-08-06T12:00:00+08:00,1691294400,29.9,8.24,6.24,1322.2,43.7,,,,,,,
2023-08-07T00:07:00+08:00,1691338020,,,,,,,,,,,,
2023-08-07T04:08:00+08:00,1691352480,,,,,,,,,,,,
2023-08-07T08:08:00+08:00,1691366880,,,,,,,,,,,,
2023-08-09T12:00:00+08:00,1691553600,30.3,7.85,6.5,679.5,44.4,1.78,0.066,0.04,1.33,,,Ⅱ
2023-08-09T20:00:00+08:00,1691582400,31.5,7.57,6.33,527.4,121.9,1.96,0.18,0.042,1.12,,,Ⅱ
2023-08-10T04:00:00+08:00,1691611200,28.6,7.38,6.31,506.9,57.7,1.73,0.051,0.033,1.28,,,Ⅱ
2023-08-10T08:00:00+08:00,1691625600,30.0,7.44,6.37,504.6,50.7,1.7,0.093,0.044,1.28,,,Ⅱ
2023-08-10T12:00:00+08:00,1691640000,27.3,6.96,7.79,143.5,0.7,,,0.005,1.31,,,
2023-08-10T16:00:00+08:00,1691654400,30.2,7.42,6.31,509.2,41.6,1.75,0.101,0.005,1.33,,,Ⅱ
2023-08-10T20:00:00+08:00,1691668800,31.4,7.41,6.09,507.5,38.6,1.65,0.104,0.037,1.34,,,Ⅱ
2023-08-11T00:00:00+08:00,1691683200,28.8,7.46,6.71,505.0,33.1,1.67,0.025,0.036,1.31,,,Ⅱ
2023-08-11T04:00:00+08:00,1691697600,29.3,7.74,6.52,503.7,31.2,1.75,0.025,0.028,1.35,,,Ⅱ
2023-08-11T08:00:00+08:00,1691712000,29.1,7.69,6.44,502.0,30.1,1.77,,0.038,1.35,,,
2023-08-11T12:00:00+08:00,1691726400,28.3,7.32,7.57,167.0,2.1,1.77,,0.038,1.35,,,
2023-08-11T16:27:00+08:00,1691742420,,,,,,,,,,,,
2023-08-11T20:28:00+08:00,1691756880,,,,,,,,,,,,
2023-08-12T00:28:00+08:00,1691771280,,,,,,,,,,,,
2023-08-13T00:00:00+08:00,1691856000,30.1,8.99,8.19,582.0,26.9,1.77,,0.038,1.35,,,
2023-08-13T08:00:00+08:00,1691884800,31.6,8.15,8.75,571.8,22.2,,0.112,0.031,,,,
2023-08-13T08:34:00+08:00,1691886840,,,,,,,,,,,,
2023-08-13T12:00:00+08:00,1691899200,31.7,7.93,8.25,566.4,21.0,1.09,0.789,0.005,,,,Ⅲ
2023-08-13T16:00:00+08:00,1691913600,31.9,7.8,8.11,577.8,24.9,1.81,0.458,0.022,1.43,,,Ⅱ
2023-08-13T20:00:00+08:00,1691928000,31.8,7.27,6.38,914.9,203.4,2.32,,0.031,1.27,,,
2023-08-14T04:00:00+08:00,1691956800,31.2,7.17,6.24,1126.9,51.3,1.8,,0.011,1.43,,,
2023-08-14T08:00:00+08:00,1691971200,31.2,7.15,6.19,1145.8,40.2,2.01,,0.032,1.46,,,
2023-08-14T12:00:00+08:00,1691985600,31.7,7.2,6.34,1479.6,50.5,2.18,,0.025,1.51,,,
2023-08-14T16:00:00+08:00,1692000000,31.6,7.15,6.24,1470.3,34.3,2.49,,0.03,1.54,,,
2023-08-14T20:00:00+08:00,1692014400,31.7,7.25,6.46,1096.3,38.8,1.93,0.112,0.031,,,,Ⅱ
2023-08-15T04:00:00+08:00,1692043200,27.9,6.71,6.97,784.9,92.6,1.9,0.084,0.028,1.35,,,Ⅱ
2023-08-15T08:00:00+08:00,1692057600,30.1,7.04,6.31,753.4,57.9,1.89,0.045,0.037,1.44,,,Ⅱ
2023-08-15T12:00:00+08:00,1692072000,30.2,7.05,6.24,815.6,52.4,1.74,0.025,0.032,1.48,,,Ⅱ
2023-08-15T16:00:00+08:00,1692086400,30.1,7.06,6.25,816.1,47.0,1.86,0.025,0.033,1.46,,,Ⅱ
2023-08-15T20:00:00+08:00,1692100800,30.0,7.09,6.34,795.7,43.2,1.76,0.025,0.029,1.4,,,Ⅱ
2023-08-16T00:00:00+08:00,1692115200,30.3,7.1,6.37,477.6,186.3,2.01,0.177,0.051,1.36,,,Ⅱ
2023-08-16T04:00:00+08:00,1692129600,30.0,7.05,6.15,834.2,97.0,1.83,0.097,0.032,1.37,,,Ⅱ
2023-08-16T08:00:00+08:00,1692144000,30.1,7.04,6.02,667.9,97.1,1.9,0.079,0.046,1.39,,,Ⅱ
2023-08-16T12:00:00+08:00,1692158400,30.4,7.06,6.08,730.0,58.6,1.89,0.033,0.033,1.38,,,Ⅱ
2023-08-16T16:00:00+08:00,1692172800,30.3,7.02,6.03,724.7,46.7,1.8,0.025,0.033,1.4,,,Ⅱ
2023-08-16T20:00:00+08:00,1692187200,30.8,7.06,6.47,702.2,40.4,,0.025,0.034,,,,
2023-08-17T00:00:00+08:00,1692201600,30.6,6.96,6.47,496.9,231.2,,0.232,0.058,,,,
2023-08-17T04:00:00+08:00,1692216000,30.1,6.78,6.2,1189.7,128.0,,0.163,0.031,,,,
2023-08-17T08:00:00+08:00,1692230400,30.2,6.87,6.21,790.6,69.5,1.78,0.074,0.038,1.32,,,Ⅱ
2023-08-17T16:00:00+08:00,1692259200,31.3,6.87,6.29,679.3,87.7,,0.226,0.061,,,,
2023-08-17T20:00:00+08:00,1692273600,30.7,6.77,5.91,941.4,62.6,1.97,0.057,0.036,1.33,,,Ⅲ
2023-08-18T00:00:00+08:00,1692288000,30.3,6.65,6.23,494.2,169.2,,0.174,0.035,1.3,,,
2023-08-18T04:00:00+08:00,1692302400,30.0,6.74,6.15,2146.2,255.4,3.11,0.377,0.047,0.72,,,Ⅱ
2023-08-18T08:00:00+08:00,1692316800,30.0,6.69,6.02,1433.0,66.8,2.11,0.131,0.034,1.15,,,Ⅱ
2023-08-18T12:00:00+08:00,1692331200,30.8,7.02,6.26,965.0,324.9,2.27,0.456,0.071,0.7,,,Ⅱ
2023-08-18T20:00:00+08:00,1692360000,31.6,6.72,6.14,682.0,85.9,1.83,,0.062,,,,
2023-08-19T00:00:00+08:00,1692374400,31.2,7.75,6.03,1407.6,69.3,,0.116,0.054,,,,
2023-08-19T04:00:00+08:00,1692388800,30.7,7.78,6.06,1414.6,63.5,1.47,0.478,0.046,,,,Ⅱ
2023-08-19T08:00:00+08:00,1692403200,30.6,7.8,6.13,1407.5,53.6,1.68,0.422,0.052,,,,Ⅱ
2023-08-19T12:00:00+08:00,1692417600,31.1,7.86,6.22,2164.4,370.4,2.33,0.364,0.094,,,,Ⅱ
2023-08-19T20:00:00+08:00,1692446400,30.9,7.81,6.12,1917.5,67.7,1.73,0.183,0.045,0.42,,,Ⅱ
2023-08-20T00:00:00+08:00,1692460800,30.6,7.79,6.18,1901.8,52.2,,0.432,0.041,1.02,,,
2023-08-20T04:00:00+08:00,1692475200,30.2,7.76,6.13,1814.5,45.7,,0.377,0.035,1.16,,,
2023-08-20T08:00:00+08:00,1692489600,30.4,7.76,6.06,1831.7,39.0,,0.34,0.046,1.19,,,
2023-08-20T12:00:00+08:00,1692504000,30.9,7.92,6.47,,180.0,2.34,0.303,0.066,0.92,,,Ⅱ
2023-08-20T20:00:00+08:00,1692532800,31.0,7.82,6.39,1559.8,81.4,2.11,0.191,0.048,1.2,,,Ⅱ
2023-08-21T00:00:00+08:00,1692547200,30.8,7.8,6.34,1549.8,65.0,1.62,0.144,0.039,1.16,,,Ⅱ
2023-08-21T04:00:00+08:00,1692561600,30.6,7.76,6.26,1550.2,58.4,1.68,0.466,0.041,1.2,,,Ⅱ
2023-08-21T08:00:00+08:00,1692576000,30.8,7.79,6.29,1577.9,42.4,1.7,0.341,0.048,1.22,,,Ⅱ
2023-08-21T12:00:00+08:00,1692590400,31.8,8.07,6.8,1818.0,38.1,1.77,0.303,0.048,1.21,,,Ⅱ
2023-08-21T20:00:00+08:00,1692619200,31.1,7.77,6.38,2102.6,65.6,1.88,0.49,0.049,1.26,,,Ⅱ
2023-08-22T00:00:00+08:00,1692633600,30.8,7.7,6.2,1904.4,54.2,,0.445,0.044,1.24,,,
2023-08-22T04:00:00+08:00,1692648000,30.6,7.64,5.76,2003.6,46.6,1.96,0.365,0.04,1.21,,,Ⅲ
2023-08-22T08:00:00+08:00,1692662400,30.7,7.7,5.93,2021.3,36.7,1.88,0.318,0.048,1.23,,,Ⅲ
2023-08-22T12:00:00+08:00,1692676800,32.1,8.05,6.83,2144.7,33.0,1.78,0.276,0.044,1.26,,,Ⅱ
2023-08-22T20:00:00+08:00,1692705600,31.5,7.91,7.13,2215.7,30.4,2.04,0.254,0.043,1.26,,,Ⅱ
2023-08-23T00:00:00+08:00,1692720000,31.1,7.69,6.84,2093.9,26.5,1.32,0.144,0.024,1.21,,,Ⅱ
2023-08-23T04:00:00+08:00,1692734400,30.7,7.58,6.26,2462.7,32.3,1.92,0.222,0.033,1.25,,,Ⅱ
2023-08-23T08:00:00+08:00,1692748800,30.7,7.63,6.12,2378.8,29.2,1.96,0.217,0.05,1.19,,,Ⅱ
2023-08-23T12:00:00+08:00,1692763200,30.8,7.69,6.33,2406.4,27.3,2.01,0.203,0.04,1.3,,,Ⅱ
2023-08-23T20:00:00+08:00,1692792000,30.2,7.58,5.98,2519.7,35.0,2.04,0.246,0.043,1.23,,,Ⅲ
2023-08-24T00:00:00+08:00,1692806400,30.0,7.58,5.98,2533.2,32.0,2.12,0.248,0.042,1.17,,,Ⅲ
2023-08-24T04:00:00+08:00,1692820800,29.7,7.53,5.8,2583.0,29.8,,0.233,0.036,1.16,,,
2023-08-24T08:00:00+08:00,1692835200,30.0,7.55,5.49,2655.2,32.0,2.06,0.242,0.04,1.23,,,Ⅲ
2023-08-24T12:00:00+08:00,1692849600,30.3,7.55,5.77,2584.4,28.4,,0.233,0.044,1.2,,,
2023-08-24T20:00:00+08:00,1692878400,30.9,7.51,6.2,968.6,73.2,,0.465,0.049,1.2,,,
2023-08-25T00:00:00+08:00,1692892800,30.6,7.5,6.26,1161.9,53.6,1.64,0.354,0.047,1.2,,,Ⅱ
2023-08-25T04:00:00+08:00,1692907200,30.3,7.45,6.15,1216.7,50.6,1.74,0.332,0.047,1.21,,,Ⅱ
2023-08-25T08:00:00+08:00,1692921600,30.4,7.46,6.15,1241.9,43.5,1.65,0.321,0.05,1.18,,,Ⅱ
2023-08-25T12:00:00+08:00,1692936000,30.6,7.45,6.01,1339.4,47.8,1.81,0.33,0.049,1.2,,,Ⅱ
2023-08-25T20:00:00+08:00,1692964800,30.6,7.63,6.17,1087.5,25.6,1.4,0.255,0.034,1.18,,,Ⅱ
2023-08-26T00:00:00+08:00,1692979200,29.8,7.87,5.97,1250.1,41.3,2.03,0.309,0.041,1.19,,,Ⅲ
2023-08-26T04:00:00+08:00,1692993600,29.5,7.9,6.01,1254.3,39.4,1.7,0.287,0.042,1.2,,,Ⅱ
2023-08-26T08:00:00+08:00,1693008000,29.6,7.94,5.98,1253.1,35.7,1.8,0.292,0.36,1.2,,,Ⅴ
2023-08-26T12:00:00+08:00,1693022400,29.9,7.95,6.02,1265.3,36.6,1.71,0.279,0.053,1.21,,,Ⅱ
2023-08-26T16:00:00+08:00,1693036800,30.1,8.0,6.28,1245.1,35.1,1.81,0.306,0.053,1.18,,,Ⅱ
2023-08-26T20:00:00+08:00,1693051200,29.5,7.81,6.44,961.7,34.7,1.64,0.289,0.044,1.22,,,Ⅱ
2023-08-27T08:00:00+08:00,1693094400,29.3,7.8,6.17,976.0,33.8,,0.302,0.038,1.15,,,
2023-08-27T09:34:00+08:00,1693100040,,,,,,,,,,,,
2023-08-27T12:00:00+08:00,1693108800,29.3,7.84,6.24,976.8,31.9,,0.314,0.04,1.15,,,
2023-08-27T16:00:00+08:00,1693123200,29.8,8.05,6.75,989.3,31.0,,0.273,0.046,1.18,,,
2023-08-27T20:00:00+08:00,1693137600,29.2,7.9,6.96,847.1,160.4,,0.12,0.059,1.0,,,
2023-08-28T00:00:00+08:00,1693152000,29.1,7.91,6.8,2349.2,86.4,,0.174,0.436,0.7,,,
2023-08-28T04:00:00+08:00,1693166400,28.9,7.8,6.75,862.7,43.0,1.89,0.437,0.044,1.06,,,Ⅱ
2023-08-28T08:00:00+08:00,1693180800,28.8,7.89,6.83,723.5,37.6,1.7,0.316,0.039,1.08,,,Ⅱ
2023-08-28T12:00:00+08:00,1693195200,29.8,8.07,7.05,803.8,33.2,,0.322,0.042,1.3,,,
2023-08-28T16:00:00+08:00,1693209600,29.8,7.95,7.1,785.7,30.4,1.71,0.312,0.046,1.2,,,Ⅱ
2023-08-28T20:00:00+08:00,1693224000,29.1,7.86,6.87,1118.1,43.1,2.07,0.359,0.044,1.11,,,Ⅱ
2023-08-29T00:00:00+08:00,1693238400,30.0,7.94,6.46,1029.8,24.8,2.07,0.359,0.044,1.11,,,Ⅱ
2023-08-29T04:00:00+08:00,1693252800,29.1,7.76,6.67,1118.1,31.6,2.96,0.242,0.047,1.85,,,Ⅱ
2023-08-29T08:00:00+08:00,1693267200,29.0,7.74,6.63,1107.0,29.5,2.04,0.216,0.005,,,,Ⅱ
2023-08-29T12:00:00+08:00,1693281600,29.0,7.75,6.63,1099.8,29.3,2.24,0.202,0.047,1.88,,,Ⅱ
2023-08-29T16:00:00+08:00,1693296000,29.0,7.78,6.62,1057.0,28.5,2.67,0.206,0.053,1.93,,,Ⅱ
2023-08-29T20:00:00+08:00,1693310400,28.6,7.65,6.44,1096.4,26.3,,,0.058,,,,
2023-08-30T00:00:00+08:00,1693324800,28.0,7.64,6.61,892.6,32.2,1.87,0.272,0.043,,,,Ⅱ
2023-08-30T04:00:00+08:00,1693339200,27.4,7.64,6.43,908.3,29.5,1.89,0.252,0.039,,,,Ⅱ
2023-08-30T08:00:00+08:00,1693353600,27.1,7.67,6.18,903.8,28.1,,0.246,0.031,,,,
2023-08-30T12:00:00+08:00,1693368000,27.1,7.76,6.44,951.4,29.7,2.01,0.254,0.034,,,,Ⅱ
2023-08-30T16:00:00+08:00,1693382400,26.7,7.72,6.5,905.7,31.6,1.94,0.278,0.035,,,,Ⅱ
2023-08-30T20:00:00+08:00,1693396800,26.6,7.73,6.19,932.8,27.6,1.94,0.278,0.035,,,,Ⅱ
2023-08-31T00:00:00+08:00,1693411200,29.1,7.95,6.9,452.3,156.6,1.94,0.278,0.035,,,,Ⅱ
2023-08-31T04:00:00+08:00,1693425600,28.8,7.51,6.65,454.9,85.6,,,,,,,
2023-08-31T08:00:00+08:00,1693440000,29.0,7.46,6.58,459.8,64.8,1.92,0.109,0.072,,,,Ⅱ
2023-08-31T12:00:00+08:00,1693454400,29.6,7.37,6.38,467.8,58.8,,0.492,0.057,1.1,,,
2023-08-31T16:00:00+08:00,1693468800,29.6,7.28,6.3,475.9,59.3,1.98,0.43,0.06,1.14,,,Ⅱ
2023-08-31T20:00:00+08:00,1693483200,29.2,7.19,6.38,473.4,51.8,2.2,0.399,0.052,1.2,,,Ⅱ
2023-09-01T00:00:00+08:00,1693497600,29.9,7.27,6.8,448.8,171.3,1.88,0.184,0.071,0.9,,,Ⅱ
2023-09-01T04:00:00+08:00,1693512000,29.3,6.94,6.59,486.7,105.3,1.47,0.13,0.037,0.83,,,Ⅱ
2023-09-01T08:00:00+08:00,1693526400,29.5,7.16,6.48,514.3,82.7,1.42,0.137,0.049,0.96,,,Ⅱ
2023-09-01T12:00:00+08:00,1693540800,30.4,7.28,6.67,494.0,185.1,1.8,0.197,0.066,,,,Ⅱ
2023-09-01T16:00:00+08:00,1693555200,30.6,7.16,6.66,544.6,143.1,1.79,0.083,0.069,,,,Ⅱ
2023-09-01T20:00:00+08:00,1693569600,29.6,6.95,6.62,532.4,81.2,1.79,0.575,0.052,,,,Ⅲ
2023-09-02T00:00:00+08:00,1693584000,28.0,7.17,6.72,784.3,74.0,1.74,0.156,0.052,0.97,,,Ⅱ
2023-09-02T04:00:00+08:00,1693598400,27.4,7.39,6.84,744.6,93.4,2.25,0.176,0.045,1.13,,,Ⅱ
2023-09-02T08:00:00+08:00,1693612800,26.8,7.48,6.89,730.7,70.3,,0.13,0.032,1.15,,,
2023-09-02T12:00:00+08:00,1693627200,27.4,7.74,6.99,733.6,185.7,,0.201,0.044,,,,
2023-09-02T16:00:00+08:00,1693641600,27.5,7.82,6.98,865.6,136.2,,0.192,0.041,,,,
2023-09-02T20:00:00+08:00,1693656000,29.7,7.76,6.64,850.4,84.7,1.76,0.152,0.114,1.3,,,Ⅲ
2023-09-03T00:00:00+08:00,1693670400,29.8,7.43,6.59,837.6,67.2,1.71,0.115,0.05,1.36,,,Ⅱ
2023-09-03T04:00:00+08:00,1693684800,29.8,7.25,6.42,800.6,58.4,1.61,0.465,0.039,1.42,,,Ⅱ
2023-09-03T08:00:00+08:00,1693699200,29.9,7.19,6.43,830.4,50.9,1.6,0.429,0.046,1.46,,,Ⅱ
2023-09-03T12:00:00+08:00,1693713600,30.3,7.19,6.58,806.4,298.8,1.87,0.232,0.072,1.52,,,Ⅱ
2023-09-03T16:00:00+08:00,1693728000,29.1,7.02,6.55,965.8,212.8,1.6,0.243,0.071,1.61,,,Ⅱ
2023-09-03T20:00:00+08:00,1693742400,27.6,7.3,6.62,909.1,81.4,1.46,0.167,0.036,1.61,,,Ⅱ
2023-09-04T00:00:00+08:00,1693756800,27.4,7.52,6.78,785.6,295.2,2.1,0.236,0.056,1.66,,,Ⅱ
2023-09-04T04:00:00+08:00,1693771200,27.2,7.62,6.69,983.1,169.4,1.64,0.231,0.042,1.71,,,Ⅱ
2023-09-04T08:00:00+08:00,1693785600,27.6,7.78,6.5,926.4,87.7,1.61,0.157,0.029,1.69,,,Ⅱ
2023-09-04T12:00:00+08:00,1693800000,27.9,7.87,6.51,883.1,61.9,1.55,0.115,0.04,1.75,,,Ⅱ
2023-09-04T16:00:00+08:00,1693814400,29.5,7.59,6.38,861.1,54.2,1.84,0.392,0.046,1.78,,,Ⅱ
2023-09-04T20:00:00+08:00,1693828800,29.0,7.33,6.54,756.7,27.7,1.05,0.371,0.046,1.16,,,Ⅱ
2023-09-05T00:00:00+08:00,1693843200,28.6,7.71,6.82,876.1,85.4,1.67,0.126,0.037,1.18,,,Ⅱ
2023-09-05T04:00:00+08:00,1693857600,27.7,7.66,6.74,839.6,161.6,1.7,0.175,0.03,0.77,,,Ⅱ
2023-09-05T08:00:00+08:00,1693872000,27.6,7.7,6.69,891.1,79.2,1.56,0.137,0.032,1.04,,,Ⅱ
2023-09-05T12:00:00+08:00,1693886400,27.9,7.8,6.67,874.9,58.8,1.45,0.491,0.025,1.19,,,Ⅱ
2023-09-05T20:00:00+08:00,1693915200,28.0,7.79,6.69,868.8,46.4,1.54,0.425,0.367,1.24,,,Ⅴ
2023-09-06T04:00:00+08:00,1693944000,27.5,7.66,6.57,864.0,36.2,1.38,0.328,0.032,1.3,,,Ⅱ
2023-09-06T08:00:00+08:00,1693958400,27.7,7.8,6.67,860.1,38.6,1.45,0.345,0.026,1.3,,,Ⅱ
2023-09-06T12:00:00+08:00,1693972800,27.9,7.88,6.58,869.2,34.9,1.44,0.314,0.02,1.34,,,Ⅱ
2023-09-06T16:00:00+08:00,1693987200,28.1,7.91,6.87,658.4,92.3,1.46,0.111,0.028,1.14,,,Ⅱ
2023-09-06T20:00:00+08:00,1694001600,28.2,7.91,6.74,684.7,67.6,1.54,0.497,0.022,1.16,,,Ⅱ
2023-09-07T04:00:00+08:00,1694030400,28.2,7.85,6.62,689.3,44.1,1.54,0.343,0.005,1.32,,,Ⅱ
2023-09-07T12:00:00+08:00,1694059200,28.3,7.94,6.63,694.8,38.9,1.45,0.326,0.012,1.35,,,Ⅱ
2023-09-07T16:00:00+08:00,1694073600,28.3,7.76,6.67,693.5,29.2,0.78,0.129,0.005,1.22,,,Ⅱ
2023-09-07T20:00:00+08:00,1694088000,28.2,7.76,6.63,708.7,37.0,1.55,0.274,0.031,1.4,,,Ⅱ
2023-09-08T04:00:00+08:00,1694116800,27.8,7.78,6.56,704.6,33.6,1.53,0.266,0.005,1.37,,,Ⅱ
2023-09-08T08:00:00+08:00,1694131200,28.1,7.86,6.48,709.4,35.1,1.49,0.273,0.021,1.38,,,Ⅱ
2023-09-08T12:00:00+08:00,1694145600,28.4,7.95,6.44,714.9,34.2,1.56,0.282,0.006,1.32,,,Ⅱ
2023-09-08T16:00:00+08:00,1694160000,28.8,7.87,6.48,716.4,33.6,1.56,0.282,0.006,1.46,,,Ⅱ
2023-09-08T20:00:00+08:00,1694174400,28.3,7.74,6.5,709.2,35.4,1.56,0.3,0.005,1.35,,,Ⅱ
2023-09-09T04:00:00+08:00,1694203200,27.5,7.79,6.63,628.3,50.1,1.38,0.276,0.005,1.35,,,Ⅱ
2023-09-09T08:00:00+08:00,1694217600,27.8,7.8,6.56,630.7,50.5,1.4,0.259,0.005,1.35,,,Ⅱ
2023-09-09T12:00:00+08:00,1694232000,28.2,7.95,6.61,632.9,51.4,1.39,0.277,0.005,1.36,,,Ⅱ
2023-09-09T20:00:00+08:00,1694260800,27.7,7.8,6.77,628.2,46.0,1.14,0.262,0.072,1.36,,,Ⅱ
2023-09-10T04:00:00+08:00,1694289600,27.6,7.81,6.63,626.9,46.7,,0.253,0.053,1.34,,,
2023-09-10T08:00:00+08:00,1694304000,27.7,7.88,6.54,629.0,49.5,,0.276,0.016,1.32,,,
2023-09-10T12:00:00+08:00,1694318400,28.0,7.95,6.62,630.2,47.4,,0.29,0.073,1.31,,,
2023-09-10T16:00:00+08:00,1694332800,28.0,7.98,6.81,629.8,44.4,,0.278,0.061,1.3,,,
2023-09-10T20:00:00+08:00,1694347200,27.7,8.1,7.41,781.0,119.4,,0.428,0.093,1.29,,,
2023-09-11T04:00:00+08:00,1694376000,27.4,7.8,7.04,1039.6,47.0,1.41,0.291,0.055,1.51,,,Ⅱ
2023-09-11T08:00:00+08:00,1694390400,27.7,7.89,7.0,920.7,40.1,1.34,0.229,0.044,1.5,,,Ⅱ
2023-09-11T12:00:00+08:00,1694404800,27.9,7.94,6.89,1158.9,35.7,1.37,0.209,0.054,1.48,,,Ⅱ
2023-09-11T16:00:00+08:00,1694419200,28.0,7.84,6.75,1448.3,35.4,1.47,0.207,0.058,1.56,,,Ⅱ
2023-09-11T20:00:00+08:00,1694433600,28.0,8.0,7.0,1295.3,76.9,1.46,0.363,0.158,1.34,,,Ⅲ
2023-09-12T04:00:00+08:00,1694462400,27.5,7.8,6.85,1080.0,57.6,1.46,0.312,0.005,1.5,,,Ⅱ
2023-09-12T20:00:00+08:00,1694520000,23.2,7.87,6.69,1025.5,47.0,1.46,0.242,0.005,1.54,,,Ⅱ
2023-09-13T04:00:00+08:00,1694548800,27.1,7.97,6.67,883.7,57.2,1.36,0.295,0.067,1.52,,,Ⅱ
2023-09-13T08:00:00+08:00,1694563200,27.4,7.93,6.52,877.3,47.4,1.41,0.275,0.065,1.52,,,Ⅱ
2023-09-13T12:00:00+08:00,1694577600,27.4,7.91,6.67,610.5,139.1,1.36,0.125,0.112,1.21,,,Ⅲ
2023-09-13T16:00:00+08:00,1694592000,27.3,7.85,6.71,620.4,84.9,1.3,0.463,0.103,1.21,,,Ⅲ
2023-09-13T20:00:00+08:00,1694606400,27.2,7.84,6.72,623.8,71.4,1.31,0.404,0.082,1.39,,,Ⅱ
2023-09-14T04:00:00+08:00,1694635200,26.9,7.82,6.69,664.3,56.1,1.33,0.376,0.103,1.48,,,Ⅲ
2023-09-14T08:00:00+08:00,1694649600,26.9,7.85,6.6,678.7,51.5,1.33,0.335,0.059,1.48,,,Ⅱ
2023-09-14T12:00:00+08:00,1694664000,27.1,7.88,6.6,671.6,51.2,1.25,0.35,0.093,1.5,,,Ⅱ
2023-09-14T16:00:00+08:00,1694678400,27.5,7.94,6.61,649.6,53.0,1.25,0.341,0.036,1.5,,,Ⅱ
2023-09-14T20:00:00+08:00,1694692800,28.6,7.8,6.45,668.3,48.0,1.28,0.352,0.065,1.48,,,Ⅱ
2023-09-15T04:00:00+08:00,1694721600,29.6,7.25,6.49,659.6,42.4,1.27,0.382,0.07,1.52,,,Ⅱ
2023-09-15T08:00:00+08:00,1694736000,29.1,7.16,6.53,669.4,42.9,1.27,0.25,0.05,1.43,,,Ⅱ
2023-09-15T12:00:00+08:00,1694750400,29.4,7.08,6.3,674.6,43.2,1.24,0.242,0.005,1.55,,,Ⅱ
2023-09-15T16:00:00+08:00,1694764800,28.3,6.98,6.41,670.5,48.0,1.5,0.388,0.109,1.46,,,Ⅲ
2023-09-15T20:00:00+08:00,1694779200,27.3,7.18,6.56,668.7,47.1,1.5,0.287,0.401,1.48,,,劣Ⅴ
2023-09-16T12:00:00+08:00,1694836800,26.5,7.58,6.29,675.4,37.1,1.36,0.249,0.067,1.54,,,Ⅱ
2023-09-16T16:00:00+08:00,1694851200,26.6,7.67,6.36,662.6,40.1,1.31,0.258,0.092,1.55,,,Ⅱ
2023-09-16T20:00:00+08:00,1694865600,26.6,7.68,6.44,663.7,33.7,1.37,0.244,0.005,1.54,,,Ⅱ
2023-09-17T04:00:00+08:00,1694894400,26.3,7.67,6.35,644.7,66.0,1.27,0.298,0.09,1.48,,,Ⅱ
2023-09-17T08:00:00+08:00,1694908800,26.3,7.68,6.29,641.6,53.1,1.28,0.332,0.095,1.47,,,Ⅱ
2023-09-17T12:00:00+08:00,1694923200,26.7,7.88,6.71,615.0,176.3,1.2,0.148,0.089,0.93,,,Ⅱ
2023-09-17T16:00:00+08:00,1694937600,26.9,8.01,6.65,869.0,176.0,1.18,0.19,0.127,0.83,,,Ⅲ
2023-09-17T20:00:00+08:00,1694952000,27.0,7.89,6.58,775.9,81.5,1.35,0.102,0.101,1.2,,,Ⅲ
2023-09-18T04:00:00+08:00,1694980800,28.5,7.73,6.39,750.7,57.2,1.88,0.408,0.089,1.38,,,Ⅱ
2023-09-18T08:00:00+08:00,1694995200,29.3,7.47,6.39,758.4,51.1,1.84,0.356,0.077,1.38,,,Ⅱ
2023-09-18T12:00:00+08:00,1695009600,30.3,7.31,6.55,701.4,168.7,2.06,0.133,0.09,1.1,,,Ⅱ
2023-09-18T16:00:00+08:00,1695024000,30.4,7.12,6.56,1170.2,211.0,2.08,0.241,0.108,,,,Ⅲ
2023-09-18T20:00:00+08:00,1695038400,29.6,6.88,6.33,791.3,72.8,2.08,0.241,0.108,,,,Ⅲ
2023-09-19T04:00:00+08:00,1695067200,26.6,7.26,6.58,763.9,57.0,1.88,0.469,0.056,1.29,,,Ⅱ
2023-09-19T08:00:00+08:00,1695081600,26.8,7.49,6.55,785.2,48.0,1.84,0.362,0.046,1.35,,,Ⅱ
2023-09-19T12:00:00+08:00,1695096000,26.8,7.57,6.82,768.5,288.7,2.19,0.202,0.081,0.68,,,Ⅱ
2023-09-19T16:00:00+08:00,1695110400,27.7,7.59,6.73,1151.6,195.2,2.13,0.224,0.065,0.75,,,Ⅱ
2023-09-19T20:00:00+08:00,1695124800,28.1,7.43,6.56,880.7,73.7,1.94,0.401,0.099,,,,Ⅱ
2023-09-20T00:00:00+08:00,1695139200,27.0,7.28,6.64,839.1,59.3,1.78,0.219,0.106,0.61,,,Ⅲ
2023-10-08T12:00:00+08:00,1696737600,23.0,8.42,7.91,498.0,45.9,1.26,0.309,0.071,0.9,,,Ⅱ
2023-10-08T16:00:00+08:00,1696752000,22.8,8.41,7.91,497.6,42.8,1.22,0.304,0.069,0.92,,,Ⅱ
2023-10-08T20:00:00+08:00,1696766400,22.7,8.42,7.97,496.5,40.9,1.21,0.314,0.07,0.9,,,Ⅱ
2023-10-09T04:00:00+08:00,1696795200,22.4,8.38,7.86,495.3,44.6,1.26,0.316,0.064,0.91,,,Ⅱ
2023-10-10T04:00:00+08:00,1696881600,23.0,8.49,8.06,494.3,36.7,1.22,0.226,0.063,0.89,,,Ⅱ
2023-10-10T08:00:00+08:00,1696896000,23.0,8.49,7.98,496.4,37.4,1.24,0.219,0.064,0.95,,,Ⅱ
2023-10-10T12:00:00+08:00,1696910400,23.0,8.45,7.92,499.4,38.7,1.26,0.234,0.067,0.91,,,Ⅱ
2023-10-13T04:00:00+08:00,1697140800,22.9,7.58,8.01,515.0,66.4,1.6,0.42,0.072,0.87,,,Ⅱ
2023-10-13T08:00:00+08:00,1697155200,23.0,7.59,7.99,515.3,56.2,1.59,0.318,0.072,0.93,,,Ⅱ
2023-10-13T12:00:00+08:00,1697169600,22.9,7.59,7.91,520.2,136.9,,0.125,0.072,0.7,,,
2023-10-13T16:00:00+08:00,1697184000,23.0,7.59,7.89,518.0,82.0,,0.116,0.098,0.64,,,
2023-10-13T20:00:00+08:00,1697198400,23.0,7.56,7.85,517.5,68.8,,0.434,0.08,0.84,,,
2023-10-14T00:00:00+08:00,1697212800,22.8,7.52,7.8,516.2,62.9,,0.386,0.075,0.89,,,
2023-10-14T04:00:00+08:00,1697227200,22.6,7.46,7.61,514.9,52.3,,0.338,0.073,0.91,,,
2023-10-14T08:00:00+08:00,1697241600,22.6,7.48,7.54,515.9,46.9,,0.288,0.083,0.88,,,
2023-10-14T12:00:00+08:00,1697256000,23.1,7.64,7.85,513.9,133.2,,0.103,0.083,0.81,,,
2023-10-14T16:00:00+08:00,1697270400,22.9,7.62,7.92,520.2,78.0,,0.438,0.085,0.86,,,
2023-10-14T20:00:00+08:00,1697284800,22.8,7.56,7.81,515.9,59.3,,0.438,0.085,0.86,,,
2023-10-15T00:00:00+08:00,1697299200,23.5,7.46,7.72,516.5,54.2,,0.372,0.062,0.91,,,
2023-10-15T08:00:00+08:00,1697328000,23.6,7.27,7.49,519.8,45.1,1.41,0.254,0.041,0.92,,,Ⅱ
2023-10-15T12:00:00+08:00,1697342400,25.0,7.38,7.68,517.0,207.2,1.87,0.19,0.137,,,,Ⅲ
2023-10-15T16:00:00+08:00,1697356800,25.0,7.06,7.56,546.5,93.6,2.0,0.157,0.081,0.55,,,Ⅱ
2023-10-15T20:00:00+08:00,1697371200,24.5,7.01,7.6,546.4,75.1,1.58,0.11,0.098,0.77,,,Ⅱ
2023-10-16T00:00:00+08:00,1697385600,24.3,6.95,7.55,541.0,66.8,1.61,0.415,0.076,0.92,,,Ⅱ
2023-10-16T04:00:00+08:00,1697400000,24.1,6.92,7.6,538.0,55.7,1.61,0.385,0.069,0.87,,,Ⅱ
2023-10-16T08:00:00+08:00,1697414400,24.3,6.99,7.58,542.5,53.8,1.59,0.374,0.085,0.91,,,Ⅱ
2023-10-16T12:00:00+08:00,1697428800,25.1,7.03,7.58,521.6,229.0,1.96,0.18,0.122,,,,Ⅲ
2023-10-16T16:00:00+08:00,1697443200,25.3,6.94,7.63,630.9,174.8,1.83,0.202,0.095,,,,Ⅱ
2023-10-16T20:00:00+08:00,1697457600,24.7,6.8,7.31,608.6,88.7,1.64,0.136,0.079,0.74,,,Ⅱ
2023-10-17T00:00:00+08:00,1697472000,23.2,6.75,7.63,580.0,71.3,1.52,0.428,0.083,0.96,,,Ⅱ
2023-10-17T04:00:00+08:00,1697486400,22.9,6.92,7.66,576.2,62.8,1.84,0.474,0.078,0.81,,,Ⅱ
2023-10-17T08:00:00+08:00,1697500800,22.8,7.13,7.72,598.7,52.5,1.45,0.357,0.078,0.97,,,Ⅱ
2023-10-17T12:00:00+08:00,1697515200,23.4,7.35,7.85,522.2,230.0,1.75,0.144,0.097,0.7,,,Ⅱ
2023-10-17T16:00:00+08:00,1697529600,23.4,7.39,7.84,755.7,198.3,1.63,0.175,0.102,0.46,,,Ⅲ
2023-10-17T20:00:00+08:00,1697544000,22.9,7.33,7.86,644.5,91.0,1.39,0.118,0.082,0.79,,,Ⅱ
2023-10-18T00:00:00+08:00,1697558400,22.8,7.34,7.83,646.0,72.6,1.54,0.417,0.083,0.92,,,Ⅱ
2023-10-18T04:00:00+08:00,1697572800,22.8,7.38,7.77,633.8,59.9,1.47,0.354,0.072,0.9,,,Ⅱ
2023-10-18T08:00:00+08:00,1697587200,22.8,7.43,7.87,646.7,51.7,1.45,0.32,0.075,1.01,,,Ⅱ
2023-10-18T12:00:00+08:00,1697601600,23.2,7.58,7.93,529.0,312.4,2.15,0.197,0.124,0.39,,,Ⅲ
2023-10-18T16:00:00+08:00,1697616000,23.3,7.58,8.06,759.0,257.6,1.87,0.227,0.112,0.47,,,Ⅲ
2023-10-18T20:00:00+08:00,1697630400,22.7,7.47,7.91,640.5,98.6,1.49,0.134,0.088,0.78,,,Ⅱ
2023-10-19T00:00:00+08:00,1697644800,22.6,7.48,7.98,623.4,77.2,1.44,0.446,0.076,0.86,,,Ⅱ
2023-10-19T04:00:00+08:00,1697659200,22.6,7.49,7.62,623.9,68.5,1.46,0.389,0.069,0.76,,,Ⅱ
2023-10-19T08:00:00+08:00,1697673600,22.7,7.51,7.74,593.0,77.5,1.56,0.389,0.06,0.97,,,Ⅱ
2023-10-19T12:00:00+08:00,1697688000,23.2,7.69,7.87,566.0,245.1,1.84,0.174,0.114,0.53,,,Ⅲ
2023-10-19T16:00:00+08:00,1697702400,23.4,7.65,7.87,709.1,280.8,2.03,0.232,0.119,0.43,,,Ⅲ
2023-10-19T20:00:00+08:00,1697716800,23.3,7.58,7.9,648.9,108.6,1.52,0.148,0.087,0.75,,,Ⅱ
2023-10-20T00:00:00+08:00,1697731200,23.2,7.53,7.92,611.0,77.0,1.49,0.441,0.086,0.86,,,Ⅱ
2023-10-20T04:00:00+08:00,1697745600,22.8,7.5,7.92,613.7,75.9,1.5,0.399,0.077,1.01,,,Ⅱ
2023-10-20T12:00:00+08:00,1697774400,22.6,7.55,8.04,616.3,59.7,1.45,0.338,0.071,1.11,,,Ⅱ
2023-10-20T16:00:00+08:00,1697788800,22.5,7.66,8.23,508.4,150.1,1.53,0.112,0.095,0.93,,,Ⅱ
2023-10-20T20:00:00+08:00,1697803200,22.0,7.57,8.3,506.1,89.7,1.48,0.456,0.087,0.87,,,Ⅱ
2023-10-21T04:00:00+08:00,1697832000,21.6,7.54,8.26,518.2,63.1,1.46,0.367,0.072,0.93,,,Ⅱ
2023-10-21T08:00:00+08:00,1697846400,21.7,7.6,8.19,520.4,57.9,1.51,0.331,0.086,1.03,,,Ⅱ
2023-10-21T12:00:00+08:00,1697860800,22.0,7.73,8.28,519.2,50.4,1.49,0.307,0.005,1.19,,,Ⅱ
2023-10-21T16:00:00+08:00,1697875200,21.8,7.77,8.36,516.6,55.1,1.45,0.317,0.079,0.98,,,Ⅱ
2023-10-21T20:00:00+08:00,1697889600,21.5,7.67,8.21,518.4,49.4,1.47,0.305,0.005,1.06,,,Ⅱ
2023-10-22T04:00:00+08:00,1697918400,21.4,7.66,8.15,519.6,44.9,1.46,0.303,0.048,0.96,,,Ⅱ
2023-10-22T08:00:00+08:00,1697932800,21.5,7.72,8.16,520.5,46.9,1.43,0.282,0.005,0.94,,,Ⅱ
2023-10-22T12:00:00+08:00,1697947200,21.6,7.81,8.19,521.8,39.4,1.44,0.25,0.005,1.02,,,Ⅱ
2023-10-22T16:00:00+08:00,1697961600,21.5,7.87,8.29,523.4,34.1,1.46,0.222,0.005,1.07,,,Ⅱ
2023-10-22T20:00:00+08:00,1697976000,21.5,7.83,8.21,518.9,40.6,1.45,0.24,0.005,1.14,,,Ⅱ
2023-10-23T04:00:00+08:00,1698004800,21.3,7.8,8.23,520.2,32.6,1.35,0.212,0.005,1.02,,,Ⅱ
2023-10-23T08:00:00+08:00,1698019200,21.5,7.85,8.16,522.4,33.4,1.37,0.208,0.005,1.04,,,Ⅱ
2023-10-23T12:00:00+08:00,1698033600,21.8,7.68,8.14,510.0,23.1,1.36,0.178,0.005,1.1,,,Ⅱ
2023-10-23T16:00:00+08:00,1698048000,21.7,7.95,8.12,527.7,29.2,1.55,0.204,0.005,0.95,,,Ⅱ
2023-10-23T20:00:00+08:00,1698062400,21.4,7.86,8.32,520.6,33.0,2.0,0.202,0.402,1.04,,,劣Ⅴ
2023-10-24T04:00:00+08:00,1698091200,21.4,7.86,8.09,523.3,30.2,7.93,0.19,0.082,1.04,,,Ⅳ
2023-10-24T08:00:00+08:00,1698105600,21.8,7.88,8.1,525.8,32.6,7.93,0.198,0.071,1.05,,,Ⅳ
2023-10-24T12:00:00+08:00,1698120000,22.2,8.02,8.32,535.0,28.2,7.93,0.198,0.071,1.05,,,Ⅳ
2023-10-24T16:00:00+08:00,1698134400,22.0,7.87,8.07,528.7,35.8,1.04,0.151,0.08,0.99,,,Ⅱ
2023-10-24T20:00:00+08:00,1698148800,22.8,7.92,8.14,533.3,206.6,3.93,1.95,0.082,0.69,,,Ⅴ
2023-10-25T04:00:00+08:00,1698177600,22.2,7.74,8.29,553.5,72.3,1.05,0.328,0.082,1.1,,,Ⅱ
2023-10-25T08:00:00+08:00,1698192000,22.1,7.48,8.27,515.3,40.6,0.76,0.226,0.082,1.02,,,Ⅱ
2023-10-25T12:00:00+08:00,1698206400,22.8,7.8,8.18,543.6,52.8,0.97,0.251,0.082,1.08,,,Ⅱ
2023-10-25T16:00:00+08:00,1698220800,22.5,7.71,8.18,541.0,49.9,0.93,,0.082,,,,
2023-10-25T20:00:00+08:00,1698235200,22.9,7.76,8.06,531.9,302.2,0.93,,0.082,,,,
2023-10-26T04:00:00+08:00,1698264000,22.1,7.6,8.11,590.3,95.8,1.05,0.487,0.096,0.91,,,Ⅱ
2023-10-26T08:00:00+08:00,1698278400,22.6,7.66,8.19,586.6,73.4,1.05,0.379,0.38,0.92,,,Ⅴ
2023-10-26T12:00:00+08:00,1698292800,22.6,7.62,8.51,603.3,61.9,0.99,2.0,0.072,4.0,,,Ⅴ
2023-10-26T16:00:00+08:00,1698307200,22.7,7.57,8.16,587.7,58.7,0.99,2.0,0.072,4.0,,,Ⅴ
2023-10-26T20:00:00+08:00,1698321600,23.0,7.52,8.16,585.3,188.6,1.49,0.451,0.106,0.66,,,Ⅲ
2023-10-27T04:00:00+08:00,1698350400,21.9,7.51,8.16,615.1,129.6,1.17,0.455,0.1,0.64,,,Ⅲ
2023-10-27T08:00:00+08:00,1698364800,21.9,7.57,8.26,609.3,84.2,1.08,,0.406,,,,
2023-10-27T12:00:00+08:00,1698379200,23.1,7.36,7.78,496.7,18.8,0.56,,0.005,,,,
2023-10-27T16:00:00+08:00,1698393600,22.4,7.59,8.36,599.7,123.0,0.56,,0.005,,,,
2023-10-27T20:00:00+08:00,1698408000,22.8,7.65,8.12,600.8,88.3,5.13,0.401,0.101,0.94,,,Ⅲ
2023-10-28T04:00:00+08:00,1698436800,21.4,7.59,8.24,590.3,74.3,1.09,0.294,0.089,1.0,,,Ⅱ
2023-10-28T08:00:00+08:00,1698451200,18.9,7.34,9.23,502.0,4.0,0.83,0.26,0.096,1.06,,,Ⅱ
2023-10-28T12:00:00+08:00,1698465600,22.4,7.84,8.06,645.7,397.6,2.32,0.244,0.086,1.12,,,Ⅱ
2023-10-28T16:00:00+08:00,1698480000,22.2,7.77,8.36,683.6,142.0,1.23,0.228,0.081,1.12,,,Ⅱ
2023-10-28T20:00:00+08:00,1698494400,21.5,7.76,8.74,536.8,6.5,1.14,0.206,0.079,1.22,,,Ⅱ
2023-10-29T04:00:00+08:00,1698523200,20.9,7.65,8.84,559.3,129.6,0.96,0.185,0.074,1.21,,,Ⅱ
2023-10-29T08:00:00+08:00,1698537600,21.2,7.64,8.29,584.4,62.1,1.06,0.173,0.069,1.37,,,Ⅱ
2023-10-29T12:00:00+08:00,1698552000,22.3,7.88,8.27,695.6,395.6,2.12,0.165,0.06,1.43,,,Ⅱ
2023-10-29T16:00:00+08:00,1698566400,21.2,7.67,8.82,869.2,183.4,1.5,0.158,0.072,1.25,,,Ⅱ
2023-10-29T20:00:00+08:00,1698580800,19.1,7.5,9.15,497.8,3.2,0.88,0.151,0.07,1.32,,,Ⅱ
2023-10-30T04:00:00+08:00,1698609600,21.2,7.77,8.28,619.3,70.0,0.97,0.131,0.044,1.24,,,Ⅱ
2023-10-30T08:00:00+08:00,1698624000,20.4,7.55,9.06,427.7,3.2,0.74,0.122,0.063,1.19,,,Ⅱ
2023-10-30T12:00:00+08:00,1698638400,22.2,8.03,8.38,819.8,370.3,1.84,0.116,0.037,1.36,,,Ⅱ
2023-10-31T12:00:00+08:00,1698724800,22.5,8.01,8.09,845.9,445.6,2.14,0.049,0.057,1.36,,,Ⅱ
2023-10-31T16:00:00+08:00,1698739200,22.6,7.97,7.99,1675.9,435.6,2.44,0.044,0.068,1.36,,,Ⅱ
2023-10-31T20:00:00+08:00,1698753600,22.7,7.82,7.84,1127.6,105.2,1.25,0.036,0.065,1.36,,,Ⅱ
2023-11-01T04:00:00+08:00,1698782400,21.9,7.8,7.95,989.2,64.8,1.01,0.033,0.055,1.29,,,Ⅱ
2023-11-01T08:00:00+08:00,1698796800,21.9,7.86,8.08,1017.8,56.2,1.12,0.032,0.062,1.29,,,Ⅱ
2023-11-01T12:00:00+08:00,1698811200,22.7,8.04,8.05,765.1,605.9,,0.034,0.062,1.45,,,
2023-11-01T16:00:00+08:00,1698825600,22.3,7.92,8.08,2113.8,480.0,5.96,0.034,0.062,1.31,,,Ⅲ
2023-11-01T20:00:00+08:00,1698840000,22.1,7.85,8.04,1093.8,128.8,1.31,0.033,0.061,1.45,,,Ⅱ
2023-11-02T04:00:00+08:00,1698868800,21.7,7.82,8.04,1007.3,72.0,1.14,0.025,0.053,1.36,,,Ⅱ
2023-11-02T08:00:00+08:00,1698883200,21.8,7.86,8.12,990.2,60.1,1.05,0.025,0.062,1.4,,,Ⅱ
2023-11-02T12:00:00+08:00,1698897600,22.5,8.01,8.21,1165.5,58.8,1.18,0.025,0.064,1.47,,,Ⅱ
2023-11-02T16:00:00+08:00,1698912000,22.6,8.01,8.19,1232.4,410.4,2.06,0.025,0.06,1.41,,,Ⅱ
2023-11-02T20:00:00+08:00,1698926400,22.3,7.86,8.12,1088.5,125.5,1.25,0.03,0.059,1.44,,,Ⅱ
2023-11-03T04:00:00+08:00,1698955200,21.7,7.82,8.19,995.1,75.0,1.08,0.027,0.056,1.44,,,Ⅱ
2023-11-03T08:00:00+08:00,1698969600,22.2,7.9,8.16,1108.4,55.2,1.01,0.027,0.062,1.62,,,Ⅱ
2023-11-03T12:00:00+08:00,1698984000,22.6,8.03,8.23,1073.6,52.2,1.0,0.032,0.044,1.43,,,Ⅱ
2023-11-03T16:00:00+08:00,1698998400,22.8,7.89,8.05,1764.8,750.4,,0.029,0.068,1.44,,,
2023-11-03T20:00:00+08:00,1699012800,22.6,7.83,8.11,1351.9,142.4,1.89,0.027,0.064,1.43,,,Ⅱ
2023-11-04T04:00:00+08:00,1699041600,22.3,7.76,8.04,1007.9,70.1,1.12,0.025,0.057,1.37,,,Ⅱ
2023-11-04T08:00:00+08:00,1699056000,22.3,7.8,8.08,1234.7,62.0,1.13,0.025,0.066,1.43,,,Ⅱ
2023-11-04T12:00:00+08:00,1699070400,22.7,7.85,8.15,1549.3,43.0,1.13,0.03,0.39,1.53,,,Ⅴ
2023-11-04T16:00:00+08:00,1699084800,22.9,7.84,8.09,1604.9,44.6,1.26,0.03,0.005,1.44,,,Ⅰ
2023-11-04T20:00:00+08:00,1699099200,22.8,7.79,8.16,1507.4,39.8,1.26,0.033,0.005,1.47,,,Ⅰ
2023-11-05T04:00:00+08:00,1699128000,22.4,7.75,8.07,1403.3,33.1,1.19,0.027,0.005,1.47,,,Ⅰ
2023-11-05T08:00:00+08:00,1699142400,22.6,7.8,8.1,1417.5,32.6,1.1,0.025,0.005,1.47,,,Ⅰ
2023-11-05T12:00:00+08:00,1699156800,22.8,7.85,8.24,1370.2,33.1,1.18,0.03,0.005,1.44,,,Ⅰ
2023-11-05T16:00:00+08:00,1699171200,23.2,7.95,8.4,1343.0,29.7,1.1,0.039,0.005,1.39,,,Ⅰ
2023-11-05T20:00:00+08:00,1699185600,23.1,7.78,8.33,1313.3,29.4,1.15,0.046,0.005,1.56,,,Ⅰ
2023-11-06T04:00:00+08:00,1699214400,22.6,7.7,8.2,1276.3,34.7,1.11,0.174,0.085,1.42,,,Ⅱ
2023-11-06T08:00:00+08:00,1699228800,21.8,7.67,8.38,1285.7,33.8,1.12,0.125,0.082,1.4,,,Ⅱ
2023-11-06T12:00:00+08:00,1699243200,21.5,7.77,8.57,1269.3,36.7,1.09,0.114,0.054,1.52,,,Ⅱ
2023-11-06T16:00:00+08:00,1699257600,21.5,7.84,8.45,1261.0,40.0,1.18,0.11,0.078,1.63,,,Ⅱ
2023-11-06T20:00:00+08:00,1699272000,21.0,7.72,8.49,1247.7,36.2,1.09,0.109,0.051,1.48,,,Ⅱ
2023-11-07T04:00:00+08:00,1699300800,20.4,7.75,8.54,1248.6,34.6,1.12,0.076,0.045,1.46,,,Ⅱ
2023-11-07T08:00:00+08:00,1699315200,21.0,7.52,8.2,475.4,6.9,0.53,0.074,0.072,1.49,,,Ⅱ
2023-11-07T12:00:00+08:00,1699329600,20.7,7.93,8.48,1265.3,31.8,1.16,0.072,0.08,1.52,,,Ⅱ
2023-11-07T16:00:00+08:00,1699344000,20.6,8.04,8.58,1253.0,35.0,1.19,0.078,0.079,1.51,,,Ⅱ
2023-11-07T20:00:00+08:00,1699358400,20.5,7.93,8.47,1237.9,39.2,1.21,0.083,0.066,1.48,,,Ⅱ
2023-11-08T08:00:00+08:00,1699401600,20.6,7.92,8.29,1234.8,43.1,1.21,0.06,0.075,1.48,,,Ⅱ
2023-11-08T12:00:00+08:00,1699416000,21.0,8.04,8.29,1211.1,41.7,1.24,0.064,0.055,1.41,,,Ⅱ
2023-11-08T16:00:00+08:00,1699430400,20.8,8.09,8.13,1257.0,43.1,1.34,0.058,0.073,1.73,,,Ⅱ
2023-11-08T20:00:00+08:00,1699444800,20.7,8.11,8.62,1218.3,40.1,1.2,0.078,0.073,1.56,,,Ⅱ
2023-11-09T04:00:00+08:00,1699473600,20.7,7.95,7.97,1184.2,54.5,1.16,0.059,0.08,1.55,,,Ⅱ
2023-11-09T08:00:00+08:00,1699488000,21.0,7.69,8.18,467.7,7.3,0.62,0.061,0.067,1.56,,,Ⅱ
2023-11-09T12:00:00+08:00,1699502400,20.9,8.04,8.11,1197.2,46.2,1.24,0.077,0.078,1.59,,,Ⅱ
2023-11-09T16:00:00+08:00,1699516800,20.8,7.99,8.15,1188.6,43.4,1.19,0.072,0.084,1.51,,,Ⅱ
2023-11-09T20:00:00+08:00,1699531200,20.9,8.11,8.57,1175.9,37.5,1.14,0.087,0.065,1.52,,,Ⅱ
2023-11-10T04:00:00+08:00,1699560000,20.6,7.86,8.04,1096.2,46.7,1.15,0.082,0.08,1.52,,,Ⅱ
2023-11-10T08:00:00+08:00,1699574400,20.6,8.07,8.13,1176.0,47.6,1.15,0.082,0.08,1.52,,,Ⅱ
2023-11-10T16:00:00+08:00,1699603200,20.4,7.96,8.04,1255.9,48.8,1.35,0.309,0.121,1.04,,,Ⅲ
2023-11-10T20:00:00+08:00,1699617600,20.2,7.92,8.49,1168.8,44.9,1.23,0.226,0.103,0.95,,,Ⅲ
2023-11-11T04:00:00+08:00,1699646400,19.8,7.93,8.4,1092.3,50.0,1.33,0.224,0.099,0.84,,,Ⅱ
2023-11-11T08:00:00+08:00,1699660800,20.0,7.7,8.32,457.6,5.3,1.33,0.056,0.044,0.93,,,Ⅱ
2023-11-11T12:00:00+08:00,1699675200,21.1,8.21,8.68,604.1,284.9,2.25,,0.156,,,,
2023-11-11T16:00:00+08:00,1699689600,20.8,8.11,8.74,582.0,118.6,2.25,0.477,0.124,,,,Ⅲ
2023-11-11T20:00:00+08:00,1699704000,20.4,8.0,8.72,632.6,95.8,1.38,0.393,0.107,,,,Ⅲ
2023-11-12T04:00:00+08:00,1699732800,19.7,7.95,8.82,701.6,66.7,1.24,0.308,0.107,0.77,,,Ⅲ
2023-11-12T08:00:00+08:00,1699747200,19.3,7.92,8.78,696.8,65.2,1.27,0.301,0.098,0.78,,,Ⅱ
2023-11-12T12:00:00+08:00,1699761600,20.3,8.28,8.89,485.5,346.4,1.27,,0.164,,,,
2023-11-12T16:00:00+08:00,1699776000,20.0,8.22,9.02,486.4,164.8,1.61,0.125,0.126,0.34,,,Ⅲ
2023-11-12T20:00:00+08:00,1699790400,19.2,8.08,9.18,491.2,114.5,1.61,0.475,0.107,0.34,,,Ⅲ
2023-11-13T04:00:00+08:00,1699819200,17.8,8.0,9.2,487.7,95.7,1.29,0.4,0.098,0.57,,,Ⅱ
2023-11-13T08:00:00+08:00,1699833600,17.1,8.0,9.41,489.1,84.5,1.29,0.363,0.103,0.62,,,Ⅲ
2023-11-13T12:00:00+08:00,1699848000,19.5,8.51,9.08,454.3,310.7,2.11,,0.169,,,,
2023-11-13T16:00:00+08:00,1699862400,19.0,7.58,9.3,452.8,302.6,2.11,,0.102,,,,
2023-11-13T20:00:00+08:00,1699876800,18.6,7.51,9.34,450.1,196.7,1.52,,0.122,0.34,,,
2023-11-14T00:00:00+08:00,1699891200,18.2,7.46,9.28,455.2,166.8,1.31,,0.11,0.51,,,
2023-11-14T04:00:00+08:00,1699905600,18.0,7.46,9.25,455.1,163.7,1.28,,0.113,0.6,,,
2023-11-14T08:00:00+08:00,1699920000,18.0,7.48,9.27,463.0,134.3,1.19,,0.101,0.78,,,
2023-11-14T12:00:00+08:00,1699934400,19.4,7.7,8.97,459.7,470.4,2.06,0.169,0.151,0.35,,,Ⅲ
2023-11-14T16:00:00+08:00,1699948800,19.5,7.66,9.08,465.3,278.6,1.54,0.15,0.129,0.35,,,Ⅲ
2023-11-14T20:00:00+08:00,1699963200,18.8,7.53,9.21,458.8,196.5,1.3,0.125,0.121,0.35,,,Ⅲ
2023-11-15T04:00:00+08:00,1699992000,17.9,7.43,9.19,457.9,155.5,1.21,0.386,0.108,0.61,,,Ⅲ
2023-11-15T08:00:00+08:00,1700006400,18.0,7.47,9.14,463.6,135.1,1.21,0.34,0.105,0.7,,,Ⅲ
2023-11-15T12:00:00+08:00,1700020800,19.5,7.69,8.88,467.4,511.1,2.1,0.142,0.155,,,,Ⅲ
2023-11-15T16:00:00+08:00,1700035200,19.5,7.62,8.98,488.4,416.5,1.88,0.154,0.155,,,,Ⅲ
2023-11-15T20:00:00+08:00,1700049600,19.1,7.54,8.99,478.7,226.2,1.88,0.123,0.155,,,,Ⅲ
2023-11-16T00:00:00+08:00,1700064000,19.0,7.49,8.95,474.8,169.9,1.31,0.446,0.155,0.43,,,Ⅲ
2023-11-16T04:00:00+08:00,1700078400,18.8,7.47,8.93,472.2,153.2,1.3,0.394,0.155,0.57,,,Ⅲ
2023-11-16T08:00:00+08:00,1700092800,18.4,7.42,9.06,468.0,143.5,1.16,0.365,0.155,0.64,,,Ⅲ
2023-11-16T16:00:00+08:00,1700121600,19.0,7.61,9.02,507.4,598.7,3.62,0.21,0.155,,,,Ⅲ
2023-11-16T20:00:00+08:00,1700136000,18.4,7.54,9.22,497.6,250.5,2.43,0.136,0.155,,,,Ⅲ
2023-11-17T04:00:00+08:00,1700164800,17.4,7.52,9.31,487.9,176.0,1.19,0.444,0.155,0.55,,,Ⅲ
2023-11-17T08:00:00+08:00,1700179200,17.3,7.56,9.31,487.0,152.3,1.19,0.392,0.155,0.62,,,Ⅲ
2023-11-17T12:00:00+08:00,1700193600,18.4,7.71,9.2,507.9,179.0,1.36,0.452,0.155,0.62,,,Ⅲ
2023-11-17T16:00:00+08:00,1700208000,19.0,7.73,9.06,476.0,551.2,2.31,0.153,0.155,,,,Ⅲ
2023-11-17T20:00:00+08:00,1700222400,18.0,7.61,9.26,461.9,232.8,1.48,0.12,0.155,,,,Ⅲ
2023-11-18T04:00:00+08:00,1700251200,16.9,7.52,9.42,455.6,143.0,1.26,0.397,0.093,0.67,,,Ⅱ
2023-11-18T08:00:00+08:00,1700265600,16.8,7.54,9.43,457.4,135.7,1.17,0.356,0.094,0.67,,,Ⅱ
2023-11-18T12:00:00+08:00,1700280000,17.9,7.72,9.32,463.9,119.3,1.12,0.322,0.056,0.76,,,Ⅱ
2023-11-18T16:00:00+08:00,1700294400,18.3,7.25,9.92,439.4,33.3,0.75,0.135,0.043,0.82,,,Ⅱ
2023-11-18T20:00:00+08:00,1700308800,17.8,7.67,9.35,449.2,146.2,1.23,0.296,0.08,0.75,,,Ⅱ
2023-11-19T04:00:00+08:00,1700337600,16.6,7.57,9.49,446.4,112.0,1.12,0.296,0.08,0.87,,,Ⅱ
2023-11-19T08:00:00+08:00,1700352000,17.0,7.55,9.33,446.6,86.1,1.12,0.26,0.087,0.82,,,Ⅱ
2023-11-19T12:00:00+08:00,1700366400,17.7,7.26,9.84,436.1,4.1,0.58,0.064,0.005,0.92,,,Ⅰ
2023-11-19T16:00:00+08:00,1700380800,18.9,7.78,9.3,463.5,78.4,1.03,0.188,0.066,0.92,,,Ⅱ
2023-11-19T20:00:00+08:00,1700395200,18.0,7.64,9.37,455.2,76.2,1.12,0.226,0.078,0.89,,,Ⅱ
2023-11-20T04:00:00+08:00,1700424000,17.0,7.56,9.4,448.8,71.4,0.98,0.225,0.07,0.98,,,Ⅱ
2023-11-20T08:00:00+08:00,1700438400,17.0,7.57,9.42,451.8,69.2,1.02,0.213,0.082,0.98,,,Ⅱ
2023-11-20T12:00:00+08:00,1700452800,18.5,7.7,9.17,459.9,64.2,0.99,0.21,0.074,0.85,,,Ⅱ
2023-11-20T16:00:00+08:00,1700467200,18.4,7.62,9.12,461.1,76.9,1.05,0.238,0.049,0.85,,,Ⅱ
2023-11-20T20:00:00+08:00,1700481600,17.8,7.55,9.12,455.6,75.8,1.02,0.243,0.087,0.91,,,Ⅱ
2023-11-21T04:00:00+08:00,1700510400,16.9,7.52,9.12,451.6,67.6,1.02,0.208,0.081,0.93,,,Ⅱ
2023-11-21T08:00:00+08:00,1700524800,17.1,7.56,9.1,456.8,65.6,1.03,0.197,0.085,0.95,,,Ⅱ
2023-11-21T12:00:00+08:00,1700539200,18.4,7.66,9.06,466.4,53.2,1.03,0.194,0.082,0.96,,,Ⅱ
2023-11-21T16:00:00+08:00,1700553600,19.4,7.75,9.12,473.3,103.8,1.0,0.181,0.073,0.98,,,Ⅱ
2023-11-21T20:00:00+08:00,1700568000,17.9,7.45,8.86,465.6,50.3,1.03,0.186,0.08,1.02,,,Ⅱ
2023-11-22T04:00:00+08:00,1700596800,17.3,7.48,9.01,456.7,49.6,0.99,0.166,0.061,1.02,,,Ⅱ
2023-11-22T08:00:00+08:00,1700611200,17.4,7.55,9.06,459.9,48.7,0.96,0.154,0.068,0.95,,,Ⅱ
2023-11-22T12:00:00+08:00,1700625600,19.4,7.78,9.04,473.0,51.0,0.89,0.17,0.074,1.04,,,Ⅱ
2023-11-22T16:00:00+08:00,1700640000,20.0,7.73,9.07,473.1,54.0,0.88,0.179,0.06,1.01,,,Ⅱ
2023-11-22T20:00:00+08:00,1700654400,19.3,7.65,9.26,469.1,47.7,,0.186,0.066,1.01,,,
2023-11-23T04:00:00+08:00,1700683200,18.8,7.54,9.22,466.5,44.6,,0.155,0.063,1.02,,,
2023-11-23T08:00:00+08:00,1700697600,18.7,7.45,9.02,498.2,206.9,,0.383,0.097,0.72,,,
2023-11-23T12:00:00+08:00,1700712000,22.4,7.4,8.63,506.4,167.8,,0.389,0.078,0.71,,,
2023-11-23T16:00:00+08:00,1700726400,20.3,7.31,8.95,499.5,119.0,,1.97,0.09,0.82,,,
2023-11-23T20:00:00+08:00,1700740800,20.4,6.79,9.17,455.1,9.0,0.45,0.086,0.041,0.91,,,Ⅱ
2023-11-24T04:00:00+08:00,1700769600,20.0,6.88,8.95,491.0,94.8,0.97,0.248,0.076,0.87,,,Ⅱ
2023-11-24T08:00:00+08:00,1700784000,19.9,6.94,8.98,492.4,93.6,0.93,0.244,0.078,0.98,,,Ⅱ
2023-11-24T12:00:00+08:00,1700798400,19.2,7.02,9.07,496.2,98.4,0.98,0.257,0.08,0.91,,,Ⅱ
2023-11-24T16:00:00+08:00,1700812800,19.6,7.1,8.96,496.0,93.3,0.99,0.268,0.068,0.94,,,Ⅱ
2023-11-24T20:00:00+08:00,1700827200,20.2,7.06,8.89,475.9,131.7,0.84,0.239,0.084,0.9,,,Ⅱ
2023-11-25T04:00:00+08:00,1700856000,19.3,6.91,9.02,482.6,73.8,0.97,0.243,0.081,0.95,,,Ⅱ
2023-11-25T08:00:00+08:00,1700870400,18.9,6.97,9.48,470.7,304.1,1.7,0.126,0.134,,,,Ⅲ
2023-11-25T12:00:00+08:00,1700884800,19.3,7.11,9.29,466.2,428.2,1.92,0.167,0.155,,,,Ⅲ
2023-11-25T16:00:00+08:00,1700899200,19.6,7.08,9.21,465.7,194.5,1.21,0.485,0.155,0.63,,,Ⅲ
2023-11-25T20:00:00+08:00,1700913600,19.7,7.1,9.16,465.0,147.5,1.13,0.416,0.104,0.63,,,Ⅲ
2023-11-26T04:00:00+08:00,1700942400,19.7,7.08,9.05,463.9,110.8,0.94,0.306,0.09,0.73,,,Ⅱ
2023-11-26T08:00:00+08:00,1700956800,20.0,7.14,8.92,469.2,103.7,0.9,0.264,0.088,0.8,,,Ⅱ
2023-11-26T12:00:00+08:00,1700971200,19.0,6.95,9.1,726.6,1491.7,,0.319,0.088,,,,
2023-11-26T16:00:00+08:00,1700985600,19.9,7.11,9.08,692.5,263.6,1.64,0.224,0.179,,,,Ⅲ
2023-11-26T20:00:00+08:00,1701000000,19.8,7.06,9.04,568.0,189.5,1.22,0.134,0.105,0.7,,,Ⅲ
2023-11-27T08:00:00+08:00,1701043200,19.9,7.05,9.0,557.3,108.9,1.05,0.301,0.088,0.78,,,Ⅱ
2023-11-27T12:00:00+08:00,1701057600,18.9,6.81,9.65,827.9,879.8,2.11,0.176,0.144,,,,Ⅲ
2023-11-27T16:00:00+08:00,1701072000,19.4,7.21,9.12,888.5,369.6,1.66,0.192,0.147,,,,Ⅲ
2023-11-27T20:00:00+08:00,1701086400,19.8,7.17,9.0,664.7,205.7,1.2,0.161,0.118,,,,Ⅲ
2023-11-28T04:00:00+08:00,1701115200,19.9,6.78,8.9,735.0,133.6,1.08,0.42,0.098,1.13,,,Ⅱ
2023-11-28T08:00:00+08:00,1701129600,19.9,6.81,8.91,777.6,98.2,0.92,0.329,0.064,0.93,,,Ⅱ
2023-11-28T12:00:00+08:00,1701144000,19.0,6.97,9.12,1096.3,1410.5,,0.317,0.064,,,,
2023-11-28T16:00:00+08:00,1701158400,19.5,7.11,9.11,1233.1,311.2,1.74,0.267,0.189,,,,Ⅲ
2023-11-28T20:00:00+08:00,1701172800,20.4,7.0,8.95,1117.8,139.0,1.11,0.154,0.089,0.68,,,Ⅱ
2023-11-29T04:00:00+08:00,1701201600,19.1,6.94,9.05,961.2,108.7,0.96,0.359,0.085,0.74,,,Ⅱ
2023-11-29T08:00:00+08:00,1701216000,19.5,7.02,9.02,928.2,87.5,0.91,0.292,0.079,0.87,,,Ⅱ
2023-11-29T12:00:00+08:00,1701230400,19.2,6.8,9.67,828.5,44.6,0.66,0.163,0.046,0.88,,,Ⅱ
2023-11-29T16:00:00+08:00,1701244800,19.1,6.71,9.85,544.4,11.4,0.47,0.079,0.039,0.89,,,Ⅱ
2023-11-29T20:00:00+08:00,1701259200,19.7,7.06,9.1,1152.6,168.0,1.88,0.131,0.069,1.16,,,Ⅱ
2023-11-30T04:00:00+08:00,1701288000,19.1,7.04,9.27,1209.2,100.8,,0.328,,,,,
2023-11-30T08:00:00+08:00,1701302400,18.9,7.18,9.28,993.1,0.2,,0.282,0.066,1.0,,,
2023-11-30T12:00:00+08:00,1701316800,19.3,6.91,9.29,1182.4,76.2,1.03,0.25,0.073,0.92,,,Ⅱ
2023-11-30T16:00:00+08:00,1701331200,19.0,6.99,9.4,1013.2,842.8,,0.225,0.142,,,,
2023-11-30T20:00:00+08:00,1701345600,19.1,6.97,9.31,982.1,227.0,2.93,0.17,0.143,,,,Ⅲ
2023-12-01T04:00:00+08:00,1701374400,18.0,6.98,9.45,1028.4,109.3,1.02,0.267,0.052,0.76,,,Ⅱ
2023-12-01T08:00:00+08:00,1701388800,18.1,7.18,9.4,749.7,0.2,1.02,0.241,0.054,0.79,,,Ⅱ
2023-12-01T12:00:00+08:00,1701403200,17.6,6.99,9.77,979.8,285.4,1.58,0.14,0.099,0.54,,,Ⅱ
2023-12-01T16:00:00+08:00,1701417600,17.9,7.84,9.66,577.8,574.0,2.13,0.207,0.147,,,,Ⅲ
2023-12-01T20:00:00+08:00,1701432000,18.0,7.91,9.57,547.1,213.8,1.26,0.16,0.103,,,,Ⅲ
2023-12-02T04:00:00+08:00,1701460800,17.8,7.8,9.61,541.5,138.3,1.03,0.418,0.09,0.62,,,Ⅱ
2023-12-02T08:00:00+08:00,1701475200,17.7,7.92,9.59,555.5,125.8,1.03,0.368,0.094,0.62,,,Ⅱ
2023-12-02T12:00:00+08:00,1701489600,16.8,7.97,9.74,563.2,131.2,1.05,0.381,0.097,0.68,,,Ⅱ
2023-12-02T16:00:00+08:00,1701504000,18.3,8.13,9.52,676.5,684.8,2.63,0.212,0.149,,,,Ⅲ
2023-12-02T20:00:00+08:00,1701518400,18.0,8.06,9.53,564.6,224.0,1.22,0.164,0.122,,,,Ⅲ
2023-12-03T04:00:00+08:00,1701547200,17.7,8.02,9.5,589.5,133.6,0.96,0.402,0.09,0.71,,,Ⅱ
2023-12-03T08:00:00+08:00,1701561600,17.9,8.05,9.51,582.9,112.8,0.96,0.357,0.08,0.71,,,Ⅱ
2023-12-03T12:00:00+08:00,1701576000,20.6,8.11,8.76,579.2,156.3,0.83,0.313,0.071,0.77,,,Ⅱ
2023-12-03T16:00:00+08:00,1701590400,18.4,7.67,9.42,556.2,588.2,2.22,0.191,0.122,,,,Ⅲ
2023-12-03T20:00:00+08:00,1701604800,18.2,7.74,9.45,565.0,215.0,1.21,0.163,0.133,,,,Ⅲ
2023-12-04T04:00:00+08:00,1701633600,18.0,7.85,9.48,579.7,131.6,0.98,0.403,0.094,0.64,,,Ⅱ
2023-12-04T08:00:00+08:00,1701648000,18.3,7.94,9.4,578.6,112.3,0.98,0.348,0.083,0.69,,,Ⅱ
2023-12-04T12:00:00+08:00,1701662400,18.5,7.99,9.39,586.2,106.7,0.96,0.352,0.084,0.72,,,Ⅱ
2023-12-04T16:00:00+08:00,1701676800,18.6,7.99,9.33,581.5,90.2,0.88,0.313,0.053,0.8,,,Ⅱ
2023-12-04T20:00:00+08:00,1701691200,19.0,8.18,9.06,502.4,0.3,0.76,0.244,0.052,0.8,,,Ⅱ
2023-12-05T00:00:00+08:00,1701705600,18.1,7.69,9.32,570.8,87.1,0.88,0.287,0.066,0.81,,,Ⅱ
2023-12-05T04:00:00+08:00,1701720000,17.9,7.78,9.34,563.0,79.7,0.8,0.279,0.077,0.82,,,Ⅱ
2023-12-05T08:00:00+08:00,1701734400,17.5,7.86,9.43,556.1,84.8,0.8,0.278,0.087,0.82,,,Ⅱ
2023-12-05T12:00:00+08:00,1701748800,20.6,7.93,8.74,560.7,94.7,0.83,0.225,0.05,0.94,,,Ⅱ
2023-12-05T16:00:00+08:00,1701763200,19.5,7.56,9.12,562.8,63.9,1.53,0.214,0.074,0.92,,,Ⅱ
2023-12-05T20:00:00+08:00,1701777600,18.7,7.49,9.35,562.6,62.0,0.84,0.25,0.071,0.83,,,Ⅱ
2023-12-06T00:00:00+08:00,1701792000,18.4,7.53,9.33,561.9,64.3,0.84,0.23,0.052,0.92,,,Ⅱ
2023-12-06T04:00:00+08:00,1701806400,18.0,7.59,9.3,557.7,64.6,0.86,0.232,0.06,0.88,,,Ⅱ
2023-12-06T12:00:00+08:00,1701835200,18.8,7.6,9.26,564.2,70.3,0.9,0.233,0.082,0.93,,,Ⅱ
2023-12-06T16:00:00+08:00,1701849600,19.6,7.35,9.16,565.3,69.5,0.89,0.263,0.059,0.89,,,Ⅱ
2023-12-06T20:00:00+08:00,1701864000,18.8,6.99,9.25,559.6,66.5,0.83,0.268,0.076,0.89,,,Ⅱ
2023-12-07T00:00:00+08:00,1701878400,18.0,7.13,9.32,555.6,69.5,0.9,0.286,0.066,0.92,,,Ⅱ
2023-12-07T04:00:00+08:00,1701892800,17.6,7.09,10.04,485.3,4.3,0.58,0.119,0.018,0.88,,,Ⅰ
2023-12-07T08:00:00+08:00,1701907200,19.1,7.51,9.14,545.3,64.4,0.86,0.188,0.058,0.88,,,Ⅱ
2023-12-07T12:00:00+08:00,1701921600,19.5,7.76,9.0,465.4,0.3,,0.156,0.06,0.87,,,
2023-12-07T16:00:00+08:00,1701936000,23.4,8.12,7.8,514.1,0.7,0.76,0.186,0.052,0.88,,,Ⅱ
2023-12-07T20:00:00+08:00,1701950400,20.1,7.03,8.93,558.1,52.2,0.87,0.237,0.053,0.94,,,Ⅱ
2023-12-08T00:00:00+08:00,1701964800,19.3,7.19,9.0,555.5,51.5,0.82,0.241,0.067,0.94,,,Ⅱ
2023-12-08T04:00:00+08:00,1701979200,18.5,7.21,9.17,551.9,52.8,0.82,0.224,0.013,0.99,,,Ⅱ
2023-12-08T08:00:00+08:00,1701993600,19.3,7.55,8.97,524.2,0.2,0.77,0.166,0.045,1.03,,,Ⅱ
2023-12-08T12:00:00+08:00,1702008000,22.2,7.87,8.4,529.8,0.3,0.77,0.158,0.046,1.03,,,Ⅱ
2023-12-08T16:00:00+08:00,1702022400,22.2,7.26,8.25,533.3,0.6,0.83,0.183,0.04,0.94,,,Ⅱ
2023-12-08T20:00:00+08:00,1702036800,20.0,6.98,8.87,514.3,0.3,0.79,0.193,0.022,0.93,,,Ⅱ
2023-12-09T00:00:00+08:00,1702051200,20.4,6.56,8.72,549.2,79.6,0.83,0.195,0.052,0.96,,,Ⅱ
2023-12-09T04:00:00+08:00,1702065600,20.1,6.8,8.81,522.3,0.5,0.71,0.156,0.045,0.95,,,Ⅱ
2023-12-09T08:00:00+08:00,1702080000,20.1,6.64,8.8,548.2,24.7,0.82,0.156,0.044,0.96,,,Ⅱ
2023-12-09T12:00:00+08:00,1702094400,23.2,7.07,8.25,527.7,0.5,0.82,0.164,0.047,0.96,,,Ⅱ
2023-12-09T16:00:00+08:00,1702108800,23.6,7.11,7.84,522.3,1.0,0.74,0.165,0.047,1.0,,,Ⅱ
2023-12-09T20:00:00+08:00,1702123200,22.4,6.04,8.32,550.6,78.2,0.77,0.184,0.047,0.94,,,Ⅱ
2023-12-10T00:00:00+08:00,1702137600,20.4,5.81,8.68,553.1,43.1,0.72,0.192,0.047,0.97,,,劣Ⅴ
2023-12-10T04:00:00+08:00,1702152000,20.0,5.92,8.68,565.5,44.8,0.88,0.202,0.047,0.97,,,劣Ⅴ
2023-12-10T08:00:00+08:00,1702166400,21.1,6.39,8.44,573.4,48.6,0.92,0.186,0.047,1.03,,,Ⅱ
2023-12-10T12:00:00+08:00,1702180800,19.9,6.24,7.97,574.2,77.3,0.99,0.224,0.065,1.08,,,Ⅱ
2023-12-10T16:00:00+08:00,1702195200,17.4,6.24,8.55,589.9,71.2,0.98,0.237,0.059,1.22,,,Ⅱ
2023-12-10T20:00:00+08:00,1702209600,17.7,6.72,8.79,581.1,66.5,0.98,0.242,0.067,1.1,,,Ⅱ
2023-12-11T00:00:00+08:00,1702224000,17.5,6.9,8.7,582.8,64.1,0.98,0.248,0.071,1.1,,,Ⅱ
2023-12-11T04:00:00+08:00,1702238400,17.6,7.08,8.64,584.4,61.4,0.95,0.227,0.065,1.1,,,Ⅱ
2023-12-11T08:00:00+08:00,1702252800,17.6,7.23,8.71,580.7,57.0,0.91,0.216,0.082,1.1,,,Ⅱ
2023-12-11T12:00:00+08:00,1702267200,17.7,7.26,8.55,594.5,57.9,0.67,0.18,0.053,0.97,,,Ⅱ
2023-12-11T16:00:00+08:00,1702281600,17.2,7.31,8.36,644.4,71.5,0.97,0.278,0.045,1.19,,,Ⅱ
2023-12-11T20:00:00+08:00,1702296000,16.9,7.33,8.33,636.4,80.3,1.12,0.315,0.076,1.19,,,Ⅱ
2023-12-12T00:00:00+08:00,1702310400,16.6,7.31,8.41,659.2,71.8,1.05,0.308,0.07,1.2,,,Ⅱ
2023-12-12T04:00:00+08:00,1702324800,16.4,7.37,8.48,655.8,76.0,1.16,0.375,0.092,1.22,,,Ⅱ
2023-12-12T08:00:00+08:00,1702339200,16.1,7.43,8.57,674.5,71.9,1.13,0.344,0.095,1.28,,,Ⅱ
2023-12-12T12:00:00+08:00,1702353600,16.1,7.61,9.58,1040.9,488.3,2.18,0.267,0.113,,,,Ⅲ
2023-12-12T16:00:00+08:00,1702368000,16.8,7.79,9.47,1085.4,347.8,1.78,0.314,0.107,,,,Ⅲ
2023-12-12T20:00:00+08:00,1702382400,16.2,7.74,9.48,962.3,241.5,1.48,0.29,0.108,,,,Ⅲ
2023-12-13T00:00:00+08:00,1702396800,16.1,7.76,9.43,949.6,180.0,1.36,0.206,0.108,0.65,,,Ⅲ
2023-12-13T04:00:00+08:00,1702411200,16.1,7.8,9.41,946.6,151.0,1.29,0.47,0.009,0.64,,,Ⅱ
2023-12-13T08:00:00+08:00,1702425600,16.0,7.82,9.37,932.8,129.9,1.12,0.401,0.073,0.22,,,Ⅱ
2023-12-13T12:00:00+08:00,1702440000,16.7,8.0,9.46,703.2,1887.4,,0.413,0.073,,,,
2023-12-13T16:00:00+08:00,1702454400,17.2,8.03,9.52,946.5,470.6,3.31,0.32,0.13,,,,Ⅲ
2023-12-13T20:00:00+08:00,1702468800,17.1,8.0,9.5,825.6,280.8,1.41,0.272,0.087,,,,Ⅱ
2023-12-14T00:00:00+08:00,1702483200,17.1,7.96,9.33,711.3,219.2,1.29,0.229,0.049,0.71,,,Ⅱ
2023-12-14T04:00:00+08:00,1702497600,17.3,7.92,9.12,662.6,169.5,1.23,0.191,0.086,0.72,,,Ⅱ
2023-12-14T08:00:00+08:00,1702512000,17.4,7.97,9.36,854.1,140.7,1.17,0.459,0.093,0.76,,,Ⅱ
2023-12-14T12:00:00+08:00,1702526400,16.9,7.97,9.43,1158.3,1827.9,,0.473,0.306,,,,
2023-12-14T16:00:00+08:00,1702540800,17.4,8.1,9.46,1150.7,450.1,2.1,0.391,0.174,,,,Ⅲ
2023-12-14T20:00:00+08:00,1702555200,18.0,8.07,9.31,1027.6,275.0,1.48,0.314,0.085,,,,Ⅱ
2023-12-15T00:00:00+08:00,1702569600,17.9,8.01,9.35,1009.9,185.1,1.22,0.273,0.053,0.65,,,Ⅱ
2023-12-15T04:00:00+08:00,1702584000,18.0,7.98,9.33,1019.7,161.8,1.14,0.233,0.076,0.69,,,Ⅱ
2023-12-15T08:00:00+08:00,1702598400,17.7,7.93,9.39,1024.0,145.1,1.19,0.459,0.063,0.72,,,Ⅱ
2023-12-15T12:00:00+08:00,1702612800,17.1,7.92,9.46,1377.1,221.0,1.49,0.242,0.085,0.7,,,Ⅱ
2023-12-15T16:00:00+08:00,1702627200,17.0,7.9,9.55,1153.0,190.8,1.32,0.263,0.092,0.62,,,Ⅱ
2023-12-15T20:00:00+08:00,1702641600,16.4,7.83,9.52,1179.5,146.0,1.25,0.267,0.056,0.74,,,Ⅱ
2023-12-16T00:00:00+08:00,1702656000,15.8,7.8,9.63,1186.6,130.0,1.26,0.248,0.056,0.79,,,Ⅱ
2023-12-16T08:00:00+08:00,1702684800,27.8,6.0,9.76,1128.4,104.2,1.19,0.405,0.005,0.85,,,Ⅱ
2023-12-16T12:00:00+08:00,1702699200,28.1,5.95,9.79,1132.9,101.2,1.24,0.41,0.064,0.83,,,劣Ⅴ
2023-12-16T20:00:00+08:00,1702728000,26.5,9.65,10.19,560.3,386.1,2.48,0.31,0.005,,,,劣Ⅴ
2023-12-17T00:00:00+08:00,1702742400,26.7,9.34,10.2,568.3,288.9,1.45,0.292,0.053,,,,劣Ⅴ
2023-12-17T04:00:00+08:00,1702756800,26.9,9.05,10.24,572.6,228.2,1.3,0.221,0.092,,,,劣Ⅴ
2023-12-17T08:00:00+08:00,1702771200,27.2,8.85,10.33,586.4,195.3,1.23,0.198,0.098,0.66,,,Ⅱ
2023-12-17T12:00:00+08:00,1702785600,25.9,8.67,10.3,599.3,178.6,1.19,0.201,0.091,0.54,,,Ⅱ
2023-12-17T16:00:00+08:00,1702800000,26.3,8.75,10.23,455.1,569.3,2.22,0.276,0.151,,,,Ⅲ
2023-12-17T20:00:00+08:00,1702814400,27.3,8.49,10.33,455.6,250.3,1.44,0.251,0.087,,,,Ⅱ
2023-12-18T00:00:00+08:00,1702828800,27.6,8.29,10.3,456.4,201.7,1.34,0.237,0.091,0.66,,,Ⅱ
2023-12-18T04:00:00+08:00,1702843200,27.4,8.01,10.3,456.1,180.8,1.21,0.197,0.079,0.54,,,Ⅱ
2023-12-18T08:00:00+08:00,1702857600,27.5,7.87,10.31,455.0,155.0,1.14,0.489,0.092,0.63,,,Ⅱ
2023-12-18T12:00:00+08:00,1702872000,26.2,7.61,10.24,455.7,146.1,1.12,0.478,0.096,0.66,,,Ⅱ
2023-12-18T16:00:00+08:00,1702886400,26.7,7.66,10.2,463.1,436.1,1.81,0.248,0.13,,,,Ⅲ
2023-12-18T20:00:00+08:00,1702900800,26.4,7.6,10.36,472.1,300.7,1.57,0.25,0.005,,,,Ⅱ
2023-12-19T00:00:00+08:00,1702915200,25.4,7.46,10.37,472.2,199.0,1.57,0.25,0.005,,,,Ⅱ
2023-12-19T04:00:00+08:00,1702929600,17.2,8.16,10.56,468.6,168.4,1.25,0.238,,0.62,,,
2023-12-19T08:00:00+08:00,1702944000,15.8,8.61,10.53,467.2,155.3,1.24,0.153,0.12,0.64,,,Ⅲ
2023-12-19T12:00:00+08:00,1702958400,15.1,9.3,10.53,466.2,146.6,1.24,0.487,0.113,0.66,,,劣Ⅴ
2023-12-19T16:00:00+08:00,1702972800,14.5,9.76,10.53,464.5,144.4,1.3,0.471,0.073,0.65,,,劣Ⅴ
2023-12-19T20:00:00+08:00,1702987200,13.8,10.05,10.65,466.4,149.6,1.32,0.473,0.005,0.65,,,劣Ⅴ
2023-12-20T08:00:00+08:00,1703030400,11.7,10.54,10.82,470.2,115.5,1.3,0.371,0.005,0.76,,,劣Ⅴ
2023-12-20T12:00:00+08:00,1703044800,12.8,11.0,10.71,474.0,107.1,1.26,0.374,0.005,0.78,,,劣Ⅴ
2023-12-20T16:00:00+08:00,1703059200,13.5,,10.75,476.1,101.2,1.25,0.367,0.005,0.8,,,
2023-12-20T20:00:00+08:00,1703073600,12.2,,10.92,477.0,98.0,1.31,0.368,0.005,0.81,,,
2023-12-21T00:00:00+08:00,1703088000,11.0,10.86,10.95,480.1,96.7,1.32,0.353,0.005,0.84,,,劣Ⅴ
2023-12-21T04:00:00+08:00,1703102400,9.7,10.69,11.02,480.7,92.6,1.6,0.334,,0.83,,,
2023-12-21T08:00:00+08:00,1703116800,8.6,10.53,11.04,480.7,88.6,1.39,0.306,0.005,0.87,,,劣Ⅴ
2023-12-21T12:00:00+08:00,1703131200,9.4,6.7,11.08,488.3,84.3,1.12,0.321,0.005,0.91,,,Ⅱ
2023-12-21T16:00:00+08:00,1703145600,11.1,7.08,10.83,489.4,84.3,1.1,0.33,0.005,0.92,,,Ⅱ
2023-12-21T20:00:00+08:00,1703160000,10.6,6.94,10.98,490.5,85.7,1.18,0.349,0.005,0.92,,,Ⅱ
2023-12-22T00:00:00+08:00,1703174400,10.0,6.88,10.95,489.5,80.0,1.03,0.351,0.005,0.93,,,Ⅱ
2023-12-22T04:00:00+08:00,1703188800,9.4,6.73,10.95,491.6,79.5,1.06,0.335,0.005,0.98,,,Ⅱ
2023-12-22T08:00:00+08:00,1703203200,9.5,6.89,10.96,483.6,76.4,1.15,0.299,0.005,0.98,,,Ⅱ
2023-12-22T12:00:00+08:00,1703217600,10.0,7.15,10.95,489.2,78.8,1.05,0.308,0.005,0.99,,,Ⅱ
2023-12-22T16:00:00+08:00,1703232000,10.1,7.2,11.01,489.9,69.5,1.06,0.321,0.074,1.02,,,Ⅱ
2023-12-22T20:00:00+08:00,1703246400,9.9,7.2,10.95,491.5,69.6,8.0,0.321,0.074,4.06,,,Ⅳ
2023-12-23T00:00:00+08:00,1703260800,9.8,7.18,10.96,489.8,66.2,8.0,0.321,0.074,0.05,,,Ⅳ
2023-12-23T04:00:00+08:00,1703275200,9.8,7.24,10.9,489.2,60.8,,0.31,0.005,1.03,,,
2023-12-23T08:00:00+08:00,1703289600,9.9,7.22,10.79,487.4,58.6,0.46,0.327,0.088,1.06,,,Ⅱ
2023-12-23T12:00:00+08:00,1703304000,10.7,7.35,10.7,494.6,58.5,0.43,0.324,0.101,1.01,,,Ⅲ
2023-12-23T16:00:00+08:00,1703318400,10.8,7.38,10.76,497.5,53.1,0.45,0.314,0.101,1.1,,,Ⅲ
2023-12-23T20:00:00+08:00,1703332800,10.5,7.29,10.66,492.4,51.6,0.42,0.314,0.097,1.11,,,Ⅱ
2023-12-24T00:00:00+08:00,1703347200,10.1,7.26,10.67,489.4,49.6,0.42,0.357,0.1,1.13,,,Ⅲ
2023-12-24T04:00:00+08:00,1703361600,10.0,7.28,10.66,488.6,49.7,0.48,0.327,0.1,1.03,,,Ⅲ
2023-12-24T08:00:00+08:00,1703376000,9.8,7.24,10.68,488.8,48.1,0.44,0.313,0.101,1.05,,,Ⅲ
2023-12-24T12:00:00+08:00,1703390400,10.4,7.37,10.6,503.7,49.6,0.4,0.326,0.1,1.13,,,Ⅲ
2023-12-24T16:00:00+08:00,1703404800,10.8,7.42,10.63,514.8,45.5,0.45,0.302,0.1,1.15,,,Ⅱ
2023-12-24T20:00:00+08:00,1703419200,10.6,7.39,10.62,514.8,46.3,0.41,0.28,0.1,1.15,,,Ⅲ
2023-12-25T00:00:00+08:00,1703433600,10.4,7.36,10.58,513.9,42.7,0.42,0.283,0.099,1.16,,,Ⅱ
2023-12-25T04:00:00+08:00,1703448000,9.9,7.27,10.59,512.0,41.3,0.41,0.286,0.099,1.15,,,Ⅱ
2023-12-25T08:00:00+08:00,1703462400,9.8,7.25,10.59,512.3,39.6,0.44,0.266,0.101,1.16,,,Ⅲ
2023-12-25T12:00:00+08:00,1703476800,13.1,7.68,10.51,1244.3,478.2,1.28,0.408,0.1,,,,Ⅲ
2023-12-25T16:00:00+08:00,1703491200,12.0,7.52,10.08,907.5,159.8,0.78,0.384,0.101,1.38,,,Ⅲ
2023-12-26T00:00:00+08:00,1703520000,11.4,7.34,10.4,779.0,126.6,0.78,0.456,0.102,0.99,,,Ⅲ
2023-12-31T20:00:00+08:00,1704024000,15.2,7.69,10.2,1277.0,169.5,3.08,0.269,0.061,2.11,,,Ⅱ
2024-01-15T12:00:00+08:00,1705291200,13.1,8.14,10.31,838.5,51.9,2.45,0.359,0.1,1.14,,,Ⅱ
2024-01-16T12:00:00+08:00,1705377600,13.0,8.13,10.48,1072.8,44.5,2.56,0.296,0.1,1.14,,,Ⅲ
2024-01-16T16:00:00+08:00,1705392000,13.0,8.09,10.34,1167.0,109.8,2.94,0.291,0.1,0.9,,,Ⅲ
2024-01-16T20:00:00+08:00,1705406400,12.7,8.12,10.38,905.5,58.7,2.53,0.301,0.1,1.1,,,Ⅲ
2024-01-17T04:00:00+08:00,1705435200,12.1,8.07,10.42,833.1,51.2,2.53,0.116,0.005,1.12,,,Ⅱ
2024-01-17T08:00:00+08:00,1705449600,12.0,8.1,10.39,828.1,48.9,2.48,0.116,0.403,1.14,,,劣Ⅴ
2024-01-17T12:00:00+08:00,1705464000,13.1,8.34,10.61,767.0,56.6,2.67,,0.403,1.15,,,
2024-01-17T16:00:00+08:00,1705478400,13.8,8.4,10.75,844.5,45.8,2.71,,0.005,1.16,,,
2024-01-17T20:00:00+08:00,1705492800,13.6,8.35,10.71,843.2,44.0,2.57,0.479,0.098,1.2,,,Ⅱ
2024-01-18T04:00:00+08:00,1705521600,13.4,8.26,10.52,809.0,52.0,2.36,0.34,0.1,1.14,,,Ⅱ
2024-01-18T08:00:00+08:00,1705536000,13.2,8.18,10.37,797.5,52.4,2.51,0.256,0.1,1.15,,,Ⅲ
2024-01-22T12:00:00+08:00,1705896000,11.0,8.3,11.15,433.7,335.6,3.28,0.296,0.099,,,,Ⅱ
2024-01-22T16:00:00+08:00,1705910400,10.8,8.27,11.13,431.2,181.2,2.65,0.303,0.101,0.68,,,Ⅲ
2024-01-22T20:00:00+08:00,1705924800,10.2,8.13,11.08,458.0,159.2,2.63,0.316,0.099,0.75,,,Ⅱ
2024-01-23T00:00:00+08:00,1705939200,9.8,8.16,11.16,446.7,131.5,2.63,0.316,0.099,0.75,,,Ⅱ
2024-01-23T04:00:00+08:00,1705953600,9.3,8.12,11.2,460.4,123.6,2.4,0.286,0.101,0.9,,,Ⅲ
2024-01-23T08:00:00+08:00,1705968000,9.0,8.1,11.2,470.4,121.1,2.54,0.262,0.102,0.85,,,Ⅲ
2024-01-23T12:00:00+08:00,1705982400,10.2,8.32,11.32,810.7,602.2,4.24,0.26,0.101,,,,Ⅲ
2024-01-23T16:00:00+08:00,1705996800,10.4,8.36,11.37,701.3,272.1,3.0,0.281,0.101,,,,Ⅲ
2024-01-23T20:00:00+08:00,1706011200,9.2,8.21,11.6,592.4,195.6,2.67,0.298,0.1,0.6,,,Ⅲ
2024-01-24T00:00:00+08:00,1706025600,8.6,8.15,11.6,549.8,176.6,2.6,0.277,0.1,0.65,,,Ⅲ
2024-01-24T04:00:00+08:00,1706040000,7.9,8.11,11.62,545.8,144.5,2.61,0.265,0.099,0.74,,,Ⅱ
2024-01-24T08:00:00+08:00,1706054400,7.9,8.15,11.72,558.7,126.4,2.47,0.277,0.1,0.81,,,Ⅲ
2024-01-24T12:00:00+08:00,1706068800,9.7,8.32,11.5,1078.0,320.3,3.75,0.301,0.101,,,,Ⅲ
2024-01-24T16:00:00+08:00,1706083200,9.1,8.21,11.32,781.3,169.9,3.18,0.324,0.1,0.95,,,Ⅱ
2024-01-24T20:00:00+08:00,1706097600,8.3,8.11,11.4,718.3,137.4,2.89,0.304,0.1,0.92,,,Ⅱ
2024-01-25T00:00:00+08:00,1706112000,7.7,8.08,11.49,685.1,115.9,2.74,0.373,0.101,0.99,,,Ⅲ
2024-01-25T04:00:00+08:00,1706126400,7.6,8.13,11.47,691.0,103.8,2.66,0.434,0.1,1.0,,,Ⅲ
2024-01-25T08:00:00+08:00,1706140800,8.0,8.16,12.31,539.4,42.8,,0.397,0.101,0.92,,,
2024-01-25T12:00:00+08:00,1706155200,8.4,8.24,11.48,703.0,87.2,,0.386,0.101,1.05,,,
2024-01-26T00:00:00+08:00,1706198400,8.1,8.26,11.7,713.1,65.3,2.33,0.386,0.102,1.09,,,Ⅲ
2024-01-26T04:00:00+08:00,1706212800,7.8,8.28,11.72,702.7,59.8,2.27,0.189,0.1,1.06,,,Ⅱ
2024-01-26T08:00:00+08:00,1706227200,7.9,8.26,11.66,698.8,60.2,2.31,0.248,0.1,1.12,,,Ⅱ
2024-01-26T12:00:00+08:00,1706241600,9.1,8.41,11.45,711.2,59.4,2.19,0.257,0.101,1.06,,,Ⅲ
2024-01-26T16:00:00+08:00,1706256000,9.6,8.39,11.41,811.8,61.6,2.36,0.288,0.101,1.07,,,Ⅲ
2024-01-26T20:00:00+08:00,1706270400,9.5,8.36,11.38,855.2,57.1,2.4,0.323,0.101,1.09,,,Ⅲ
2024-01-27T08:00:00+08:00,1706313600,8.0,8.33,11.64,728.8,49.1,2.25,0.025,0.1,,,,Ⅲ
2024-01-27T10:35:00+08:00,1706322900,,,,,,,,,,,,
2024-01-27T12:00:00+08:00,1706328000,7.8,8.37,11.68,740.5,49.5,2.42,0.025,0.1,1.08,,,Ⅲ
2024-01-27T16:00:00+08:00,1706342400,8.3,8.44,11.52,786.7,48.6,2.42,0.029,0.1,1.12,,,Ⅲ
2024-01-27T20:00:00+08:00,1706356800,8.2,8.41,11.46,793.5,46.1,2.52,0.033,0.099,1.16,,,Ⅱ
2024-01-28T08:00:00+08:00,1706400000,7.4,8.33,11.51,783.8,42.9,2.53,0.056,0.106,1.19,,,Ⅲ
2024-01-28T12:00:00+08:00,1706414400,8.1,8.45,11.39,792.6,41.3,2.55,0.059,0.106,1.18,,,Ⅲ
2024-01-28T16:00:00+08:00,1706428800,9.2,8.55,11.4,823.3,40.9,2.54,0.05,0.107,1.17,,,Ⅲ
2024-01-28T20:00:00+08:00,1706443200,8.8,8.48,11.28,830.7,42.1,2.52,0.052,0.106,1.2,,,Ⅲ
2024-01-29T04:00:00+08:00,1706472000,8.2,8.44,11.31,811.9,40.1,2.61,0.054,0.106,1.21,,,Ⅲ
2024-01-29T08:00:00+08:00,1706486400,8.2,8.39,10.84,804.7,40.5,2.72,0.079,0.107,1.21,,,Ⅲ
2024-01-29T12:00:00+08:00,1706500800,8.6,8.46,11.0,860.7,45.6,2.64,0.077,0.106,1.2,,,Ⅲ
2024-01-29T16:00:00+08:00,1706515200,8.9,8.5,11.21,969.9,52.6,2.66,0.069,0.1,1.12,,,Ⅱ
2024-01-29T20:00:00+08:00,1706529600,9.0,8.51,11.11,870.3,40.0,2.65,0.067,0.108,1.2,,,Ⅱ
2024-01-30T04:00:00+08:00,1706558400,9.1,8.48,10.81,872.2,42.8,2.74,0.086,0.107,1.24,,,Ⅲ
2024-01-30T08:00:00+08:00,1706572800,9.1,8.46,10.69,883.0,42.6,2.69,,0.107,1.23,,,
2024-01-30T12:00:00+08:00,1706587200,9.3,8.48,10.75,891.9,41.0,2.68,,0.1,1.24,,,
2024-01-30T16:00:00+08:00,1706601600,9.4,8.45,10.55,939.4,41.5,2.74,,0.102,1.23,,,
2024-01-30T20:00:00+08:00,1706616000,9.7,8.49,10.43,915.8,40.6,2.82,,0.1,1.32,,,
2024-01-31T04:00:00+08:00,1706644800,10.3,8.53,10.45,901.1,37.1,2.75,,0.101,1.27,,,
2024-01-31T08:00:00+08:00,1706659200,9.8,8.47,10.4,913.9,39.5,2.8,,0.101,1.28,,,
2024-01-31T12:00:00+08:00,1706673600,9.8,8.47,10.42,917.0,37.2,2.64,,0.101,1.3,,,
2024-01-31T16:00:00+08:00,1706688000,9.8,8.48,10.42,997.8,43.4,2.65,,0.102,1.31,,,
2024-01-31T20:00:00+08:00,1706702400,10.2,8.53,10.68,926.6,33.0,2.71,,0.098,1.28,,,
2024-02-01T04:00:00+08:00,1706731200,10.1,8.54,10.22,908.1,41.3,2.66,0.332,0.114,4.42,,,Ⅲ
2024-02-01T08:00:00+08:00,1706745600,10.5,8.53,10.2,897.8,42.3,2.64,0.272,0.114,7.5,,,Ⅲ
2024-02-01T16:00:00+08:00,1706774400,10.1,8.48,10.42,920.1,47.7,2.57,0.311,0.112,7.49,,,Ⅲ
2024-02-01T20:00:00+08:00,1706788800,10.2,8.49,10.45,903.6,64.3,2.65,0.271,0.111,7.36,,,Ⅲ
2024-02-02T04:00:00+08:00,1706817600,9.9,8.47,10.51,906.9,55.9,2.99,0.282,0.109,6.79,,,Ⅲ
2024-02-02T08:00:00+08:00,1706832000,9.5,8.46,10.7,902.0,54.3,2.99,0.282,0.109,6.79,,,Ⅲ
2024-02-02T12:00:00+08:00,1706846400,10.5,8.54,10.54,906.9,51.7,3.92,0.224,0.112,6.79,,,Ⅲ
2024-02-02T16:00:00+08:00,1706860800,10.6,8.55,10.56,910.2,50.7,2.94,0.209,0.112,1.22,,,Ⅲ
2024-02-02T20:00:00+08:00,1706875200,10.6,8.48,10.52,923.2,53.5,2.86,0.235,0.112,1.22,,,Ⅲ
2024-02-03T00:00:00+08:00,1706889600,10.5,8.49,10.58,912.7,50.0,3.03,0.223,0.111,1.24,,,Ⅲ
2024-02-03T04:00:00+08:00,1706904000,10.4,8.48,10.56,909.5,47.2,2.99,0.205,0.111,1.24,,,Ⅲ
2024-02-03T08:00:00+08:00,1706918400,10.4,8.44,10.61,913.0,43.8,2.91,0.16,0.112,1.28,,,Ⅲ
2024-02-03T12:00:00+08:00,1706932800,10.4,8.46,10.64,860.6,64.0,3.1,0.259,0.111,1.22,,,Ⅲ
2024-02-03T16:00:00+08:00,1706947200,10.4,8.44,10.46,833.2,61.2,3.18,0.421,0.112,1.32,,,Ⅲ
2024-02-03T20:00:00+08:00,1706961600,10.4,8.37,10.38,817.3,61.9,3.62,0.251,0.112,1.38,,,Ⅲ
2024-02-04T00:00:00+08:00,1706976000,10.2,8.39,10.34,788.7,57.1,3.42,0.29,0.112,1.48,,,Ⅲ
2024-02-04T04:00:00+08:00,1706990400,10.2,8.34,10.27,769.4,54.0,3.54,0.433,0.111,1.49,,,Ⅲ
2024-02-04T08:00:00+08:00,1707004800,10.1,8.32,10.29,767.4,51.6,3.32,0.367,0.111,1.46,,,Ⅲ
2024-02-04T12:00:00+08:00,1707019200,10.2,8.34,10.21,764.6,51.0,3.46,0.37,0.11,1.49,,,Ⅲ
2024-02-04T16:00:00+08:00,1707033600,10.0,8.37,10.39,751.6,46.4,3.53,0.412,0.116,1.53,,,Ⅲ
2024-02-04T20:00:00+08:00,1707048000,10.1,8.31,10.29,747.0,45.9,3.48,0.386,0.111,1.54,,,Ⅲ
2024-02-05T00:00:00+08:00,1707062400,10.0,8.26,10.35,735.1,46.9,3.37,0.32,0.111,1.49,,,Ⅲ
2024-02-05T04:00:00+08:00,1707076800,9.8,8.21,9.95,734.3,46.0,3.4,0.36,0.11,1.52,,,Ⅲ
2024-02-05T08:00:00+08:00,1707091200,9.6,8.13,10.13,717.1,40.4,3.35,0.341,0.112,1.53,,,Ⅲ
2024-02-05T12:00:00+08:00,1707105600,9.7,8.22,10.27,737.4,43.6,3.55,0.342,0.111,1.64,,,Ⅲ
2024-02-05T16:00:00+08:00,1707120000,9.6,8.23,10.31,719.0,43.8,3.44,0.377,0.112,1.64,,,Ⅲ
2024-02-05T20:00:00+08:00,1707134400,9.6,8.16,10.15,717.7,44.4,3.52,0.394,0.112,1.59,,,Ⅲ
2024-02-06T00:00:00+08:00,1707148800,9.4,8.16,10.21,713.9,41.3,3.52,0.401,0.112,1.59,,,Ⅲ
2024-02-06T04:00:00+08:00,1707163200,9.4,8.21,10.19,711.4,42.4,3.43,0.411,0.113,1.59,,,Ⅲ
2024-02-06T08:00:00+08:00,1707177600,9.3,8.19,10.12,708.9,39.4,3.35,0.37,0.114,1.58,,,Ⅲ
2024-02-06T12:00:00+08:00,1707192000,9.4,8.24,10.4,688.5,43.7,3.35,0.347,0.1,1.58,,,Ⅱ
2024-02-06T16:00:00+08:00,1707206400,9.2,8.24,10.34,693.4,38.6,3.29,0.42,0.101,1.54,,,Ⅲ
2024-02-06T20:00:00+08:00,1707220800,9.0,8.24,10.41,690.0,37.4,3.48,0.36,0.1,1.7,,,Ⅲ
2024-02-07T04:00:00+08:00,1707249600,9.1,8.19,10.09,686.5,34.4,3.49,0.425,0.101,1.65,,,Ⅲ
2024-02-07T08:00:00+08:00,1707264000,9.0,8.18,10.05,673.5,33.1,3.56,0.432,0.1,1.75,,,Ⅱ
2024-02-17T04:00:00+08:00,1708113600,10.8,8.41,10.86,493.8,88.3,2.42,,0.097,0.94,,,
2024-02-17T08:00:00+08:00,1708128000,10.8,8.39,10.81,496.2,82.6,2.37,,0.1,0.95,,,
2024-02-17T12:00:00+08:00,1708142400,11.5,8.47,10.83,511.9,76.9,2.38,,0.1,0.96,,,
2024-02-17T16:00:00+08:00,1708156800,11.4,8.44,10.77,504.8,82.2,2.37,,0.1,0.94,,,
2024-02-17T20:00:00+08:00,1708171200,11.7,8.45,10.76,513.0,70.6,2.31,0.167,0.1,0.98,,,Ⅱ
2024-02-18T04:00:00+08:00,1708200000,11.9,8.45,10.6,514.4,68.4,2.35,0.076,0.099,0.99,,,Ⅱ
2024-02-18T08:00:00+08:00,1708214400,11.7,8.41,10.61,513.0,67.0,2.38,0.026,0.1,1.01,,,Ⅲ
2024-02-18T12:00:00+08:00,1708228800,12.8,8.5,10.57,527.6,60.1,2.31,0.033,0.101,1.04,,,Ⅲ
2024-02-18T16:00:00+08:00,1708243200,14.2,8.56,10.52,548.5,56.1,2.29,0.032,0.101,1.07,,,Ⅲ
2024-02-18T20:00:00+08:00,1708257600,14.1,8.53,10.45,544.9,56.6,2.32,0.033,0.101,1.05,,,Ⅲ
2024-02-19T04:00:00+08:00,1708286400,14.2,8.51,10.45,555.6,50.9,2.29,0.047,0.101,1.09,,,Ⅲ
2024-02-19T08:00:00+08:00,1708300800,14.4,8.47,10.5,562.3,51.0,,0.082,0.101,1.07,,,
2024-02-19T12:00:00+08:00,1708315200,15.5,8.59,10.46,578.4,48.3,,0.07,0.101,1.12,,,
2024-02-19T16:00:00+08:00,1708329600,14.8,8.44,10.4,566.9,50.2,2.41,0.069,0.099,1.11,,,Ⅱ
2024-02-19T20:00:00+08:00,1708344000,13.9,8.24,10.34,560.3,54.7,2.43,0.062,0.097,1.06,,,Ⅱ
2024-02-20T04:00:00+08:00,1708372800,13.0,8.18,10.35,547.7,53.8,2.45,0.064,0.098,1.07,,,Ⅱ
2024-02-20T08:00:00+08:00,1708387200,12.3,8.09,10.28,535.6,53.1,2.38,0.093,0.099,1.08,,,Ⅱ
2024-02-20T12:00:00+08:00,1708401600,12.1,8.13,10.34,514.3,67.8,2.38,0.093,0.099,1.08,,,Ⅱ
2024-02-20T16:00:00+08:00,1708416000,12.2,8.29,10.33,531.4,57.8,2.36,0.07,0.113,1.06,,,Ⅲ
2024-02-20T20:00:00+08:00,1708430400,12.3,8.27,10.34,530.6,58.1,2.35,0.071,0.113,1.06,,,Ⅲ
2024-02-21T04:00:00+08:00,1708459200,12.2,8.33,10.33,533.6,51.1,2.21,0.088,0.113,1.09,,,Ⅲ
2024-02-21T08:00:00+08:00,1708473600,12.8,8.33,10.34,528.4,50.5,2.34,0.097,0.11,1.08,,,Ⅲ
2024-02-21T12:00:00+08:00,1708488000,12.6,8.14,11.54,484.5,26.0,2.34,0.097,0.11,1.08,,,Ⅲ
2024-02-21T16:00:00+08:00,1708502400,12.3,8.3,10.32,536.1,55.2,2.46,,0.113,1.1,,,
2024-02-21T20:00:00+08:00,1708516800,12.2,8.25,10.39,532.4,55.2,2.53,0.195,0.112,1.1,,,Ⅲ
2024-02-22T04:00:00+08:00,1708545600,11.9,8.08,9.97,529.5,71.8,2.98,,0.111,1.09,,,
2024-02-22T08:00:00+08:00,1708560000,11.8,8.1,10.07,526.0,71.1,3.01,,0.108,1.12,,,
2024-02-22T12:00:00+08:00,1708574400,11.7,8.09,10.81,640.5,277.7,3.53,,0.133,0.91,,,
2024-02-22T16:00:00+08:00,1708588800,11.4,8.16,10.86,611.4,144.7,3.53,,0.133,0.91,,,
2024-02-22T20:00:00+08:00,1708603200,11.2,8.14,10.92,578.2,117.2,2.86,,0.111,0.91,,,
2024-02-23T08:00:00+08:00,1708646400,10.9,8.15,10.87,559.9,90.2,2.84,,0.112,1.16,,,
2024-02-23T12:00:00+08:00,1708660800,11.4,8.21,10.86,871.6,418.6,4.41,,0.111,,,,
2024-02-23T16:00:00+08:00,1708675200,11.2,8.23,10.98,838.4,163.4,3.27,,0.114,1.12,,,
2024-02-23T20:00:00+08:00,1708689600,10.8,8.08,11.11,655.2,104.8,3.27,,0.114,1.12,,,
2024-02-24T04:00:00+08:00,1708718400,10.5,8.17,10.68,675.9,92.7,2.99,0.225,0.099,1.28,,,Ⅱ
2024-02-24T08:00:00+08:00,1708732800,10.4,8.17,10.77,672.4,86.3,2.92,0.075,0.101,1.3,,,Ⅲ
2024-02-24T12:00:00+08:00,1708747200,11.1,8.26,10.94,817.7,383.2,4.01,,0.096,,,,
2024-02-24T16:00:00+08:00,1708761600,10.8,8.25,11.08,826.4,192.1,3.49,0.37,0.102,0.99,,,Ⅲ
2024-02-24T20:00:00+08:00,1708776000,10.6,8.22,11.1,773.8,129.8,3.49,0.338,0.102,1.13,,,Ⅲ
2024-02-25T04:00:00+08:00,1708804800,10.0,8.09,11.0,708.5,90.9,3.11,0.287,0.097,1.28,,,Ⅱ
2024-02-25T08:00:00+08:00,1708819200,10.1,8.12,10.96,701.8,84.9,2.98,0.234,0.097,1.34,,,Ⅱ
2024-02-25T12:00:00+08:00,1708833600,10.7,8.17,10.8,426.2,455.2,4.19,0.253,0.095,,,,Ⅲ
2024-02-25T16:00:00+08:00,1708848000,11.0,8.25,10.9,505.0,236.0,3.64,0.229,0.099,1.02,,,Ⅱ
2024-02-25T20:00:00+08:00,1708862400,10.5,8.02,11.69,442.1,70.4,3.64,0.206,0.103,0.95,,,Ⅲ
2024-02-26T04:00:00+08:00,1708891200,10.5,8.18,10.69,489.0,115.8,3.01,0.22,0.101,1.26,,,Ⅲ
2024-02-26T08:00:00+08:00,1708905600,10.2,8.15,10.86,485.1,107.6,3.0,0.279,0.102,1.26,,,Ⅲ
2024-02-26T12:00:00+08:00,1708920000,11.0,8.25,10.73,434.1,443.4,4.28,0.149,0.099,,,,Ⅲ
2024-02-26T16:00:00+08:00,1708934400,11.3,8.3,10.89,430.4,213.6,3.41,0.154,0.102,1.08,,,Ⅲ
2024-02-26T20:00:00+08:00,1708948800,11.4,8.28,10.88,430.2,139.6,3.41,0.154,0.102,1.08,,,Ⅲ
2024-02-27T00:00:00+08:00,1708963200,16.0,7.62,11.14,424.9,92.2,2.22,0.044,0.1,0.88,,,Ⅱ
2024-02-27T04:00:00+08:00,1708977600,11.4,8.09,10.8,441.0,105.7,3.0,0.025,0.099,1.29,,,Ⅱ
2024-02-27T12:00:00+08:00,1709006400,11.5,8.2,10.7,442.5,535.5,4.45,0.025,0.1,,,,Ⅱ
2024-02-27T16:00:00+08:00,1709020800,11.8,8.27,10.76,431.8,228.4,3.39,0.031,0.1,1.06,,,Ⅲ
2024-02-27T20:00:00+08:00,1709035200,11.7,8.21,10.83,431.2,126.2,3.02,0.025,0.101,1.19,,,Ⅲ
2024-02-28T04:00:00+08:00,1709064000,11.8,8.21,10.64,438.2,99.2,2.89,0.025,0.101,1.34,,,Ⅱ
2024-02-28T08:00:00+08:00,1709078400,11.8,8.19,10.61,437.2,93.4,2.9,0.029,0.102,1.34,,,Ⅲ
2024-02-28T12:00:00+08:00,1709092800,11.9,8.21,10.67,440.0,355.5,4.09,0.031,0.1,,,,Ⅲ
2024-02-28T16:00:00+08:00,1709107200,11.6,8.16,10.82,422.8,214.8,3.2,0.031,0.099,0.98,,,Ⅱ
2024-02-28T20:00:00+08:00,1709121600,11.8,8.19,10.61,424.5,135.7,2.82,0.042,0.101,1.1,,,Ⅲ
2024-02-29T00:00:00+08:00,1709136000,11.6,8.15,11.06,422.0,100.1,3.24,0.228,0.099,1.29,,,Ⅱ
2024-02-29T10:22:00+08:00,1709173320,,,,,,,,,,,,
2024-02-29T14:22:00+08:00,1709187720,,,,,,,,,,,,
2024-03-01T04:00:00+08:00,1709236800,12.1,8.09,10.45,425.8,112.3,2.07,0.224,0.105,0.79,,,Ⅲ
2024-03-01T08:00:00+08:00,1709251200,12.0,8.04,10.53,426.6,104.9,2.01,0.218,0.098,0.75,,,Ⅱ
2024-03-01T12:00:00+08:00,1709265600,12.0,8.11,10.52,428.4,102.3,1.92,0.216,0.1,0.77,,,Ⅲ
2024-03-01T16:00:00+08:00,1709280000,12.3,8.18,10.54,428.1,100.6,1.97,0.193,0.1,0.77,,,Ⅱ
2024-03-01T20:00:00+08:00,1709294400,12.0,8.1,10.51,432.6,90.6,1.97,0.193,0.1,0.77,,,Ⅱ
2024-03-02T00:00:00+08:00,1709308800,11.8,8.1,10.56,429.1,87.2,,0.233,0.101,0.98,,,
2024-03-02T04:00:00+08:00,1709323200,11.6,8.13,10.54,427.0,86.6,1.87,0.162,0.099,0.79,,,Ⅱ
2024-03-02T08:00:00+08:00,1709337600,11.6,8.1,10.53,427.1,82.1,1.88,0.163,0.101,0.79,,,Ⅲ
2024-03-02T12:00:00+08:00,1709352000,12.0,8.19,10.46,437.3,75.5,1.78,0.176,0.098,0.81,,,Ⅱ
2024-03-02T16:00:00+08:00,1709366400,12.0,8.15,10.38,429.9,81.9,1.92,0.176,0.1,0.8,,,Ⅲ
2024-03-02T20:00:00+08:00,1709380800,11.9,8.13,10.37,436.8,74.8,1.78,0.164,0.102,0.84,,,Ⅲ
2024-03-03T00:00:00+08:00,1709395200,11.7,7.89,11.35,421.4,35.2,1.37,0.162,0.1,0.7,,,Ⅱ
2024-03-03T04:00:00+08:00,1709409600,11.6,8.1,10.39,434.7,71.7,1.89,0.126,0.099,0.85,,,Ⅱ
2024-03-03T08:00:00+08:00,1709424000,11.7,8.06,10.38,435.4,65.7,1.82,0.127,0.1,0.86,,,Ⅱ
2024-03-03T12:00:00+08:00,1709438400,11.7,8.09,10.28,440.9,66.6,2.03,0.13,0.1,0.84,,,Ⅲ
2024-03-03T16:00:00+08:00,1709452800,11.5,8.12,10.21,438.0,72.5,1.9,0.13,0.1,0.87,,,Ⅲ
2024-03-04T00:00:00+08:00,1709481600,11.5,8.12,10.09,445.0,69.0,2.07,0.025,0.098,0.9,,,Ⅱ
2024-03-04T04:00:00+08:00,1709496000,11.8,8.18,10.3,441.5,58.2,,0.025,0.1,0.71,,,
2024-03-04T08:00:00+08:00,1709510400,12.4,8.17,10.04,444.4,65.4,,0.025,0.101,0.89,,,
2024-03-04T12:00:00+08:00,1709524800,11.2,8.06,9.93,447.1,65.4,2.54,0.397,0.107,0.95,,,Ⅲ
2024-03-04T16:00:00+08:00,1709539200,16.9,8.58,9.54,162.1,0.7,2.54,0.397,0.107,0.95,,,Ⅲ
2024-03-04T20:00:00+08:00,1709553600,23.0,7.99,8.15,162.8,1.4,2.02,0.025,0.111,,,,Ⅲ
2024-03-05T00:00:00+08:00,1709568000,26.9,7.84,7.92,161.4,2.1,1.27,0.025,0.109,,,,Ⅲ
2024-03-05T08:00:00+08:00,1709596800,27.7,6.92,7.78,161.7,3.0,1.48,0.025,0.107,,,,Ⅲ
2024-03-05T12:00:00+08:00,1709611200,28.0,6.77,7.71,162.2,3.1,1.48,0.025,0.106,,,,Ⅲ
2024-03-05T22:08:00+08:00,1709647680,,,,,,,,,,,,
2024-03-06T02:08:00+08:00,1709662080,,,,,,,,,,,,
2024-03-06T06:09:00+08:00,1709676540,,,,,,,,,,,,
2024-03-07T04:00:00+08:00,1709755200,15.3,7.96,10.07,447.0,90.6,2.28,0.551,0.17,1.21,,,Ⅲ
2024-03-07T08:00:00+08:00,1709769600,15.0,7.91,9.1,458.6,234.5,2.7,0.799,0.252,1.23,,,Ⅳ
2024-03-07T12:00:00+08:00,1709784000,15.5,7.87,9.11,464.1,163.3,2.7,0.796,0.222,1.25,,,Ⅳ
2024-03-07T16:00:00+08:00,1709798400,15.5,7.87,9.14,458.0,138.6,2.78,0.472,0.109,1.25,,,Ⅲ
2024-03-07T20:00:00+08:00,1709812800,15.2,7.9,9.15,466.0,115.1,2.78,0.807,0.109,1.25,,,Ⅲ
2024-03-08T00:00:00+08:00,1709827200,15.2,7.91,9.17,469.0,100.3,2.69,0.565,0.192,1.42,,,Ⅲ
2024-03-08T04:00:00+08:00,1709841600,15.0,7.92,8.99,466.6,93.5,2.52,0.368,0.19,1.35,,,Ⅲ
2024-03-08T08:00:00+08:00,1709856000,15.2,7.88,8.47,474.3,202.7,2.91,0.025,0.257,1.36,,,Ⅳ
2024-03-08T12:00:00+08:00,1709870400,15.2,7.92,8.84,478.8,90.4,3.11,0.986,0.21,1.44,,,Ⅳ
2024-03-08T16:00:00+08:00,1709884800,16.6,7.87,9.4,488.2,73.0,2.98,0.96,0.191,1.42,,,Ⅲ
2024-03-08T20:00:00+08:00,1709899200,16.6,7.9,9.65,490.1,62.4,2.63,0.88,0.176,1.42,,,Ⅲ
2024-03-09T04:00:00+08:00,1709928000,15.9,7.9,9.25,479.4,53.7,1.92,0.546,0.095,1.01,,,Ⅲ
2024-03-09T08:00:00+08:00,1709942400,15.7,7.87,8.62,485.1,219.5,3.04,0.939,0.258,1.35,,,Ⅳ
2024-03-09T12:00:00+08:00,1709956800,16.0,7.97,10.71,407.3,344.1,2.6,0.49,0.277,0.96,,,Ⅳ
2024-03-09T16:00:00+08:00,1709971200,16.1,8.04,11.75,405.6,359.1,2.34,0.34,0.273,0.81,,,Ⅳ
2024-03-09T20:00:00+08:00,1709985600,15.7,8.04,12.03,394.5,249.4,2.1,0.286,0.207,0.72,,,Ⅳ
2024-03-10T04:00:00+08:00,1710014400,15.6,8.06,11.52,400.3,232.8,2.09,0.324,0.22,,,,Ⅳ
2024-03-10T08:00:00+08:00,1710028800,15.7,8.05,11.42,403.2,220.1,2.1,0.375,0.214,,,,Ⅳ
2024-03-10T12:00:00+08:00,1710043200,16.0,8.01,11.18,419.9,238.9,2.35,0.442,0.234,,,,Ⅳ
2024-03-10T16:00:00+08:00,1710057600,16.6,7.96,10.99,432.5,206.0,2.34,0.449,0.213,,,,Ⅳ
2024-03-10T20:00:00+08:00,1710072000,16.4,8.01,11.12,426.8,175.0,2.23,0.432,0.197,,,,Ⅲ
2024-03-11T04:00:00+08:00,1710100800,15.3,8.12,11.8,476.3,542.1,2.58,0.397,0.366,,,,Ⅴ
2024-03-11T08:00:00+08:00,1710115200,15.4,8.11,11.6,426.4,333.5,2.38,0.374,0.284,,,,Ⅳ
2024-03-11T12:00:00+08:00,1710129600,15.6,8.07,11.36,412.4,295.1,2.44,0.396,0.263,,,,Ⅳ
2024-03-11T16:00:00+08:00,1710144000,16.1,8.07,11.59,433.8,401.2,2.44,0.396,0.315,,,,Ⅴ
2024-03-11T20:00:00+08:00,1710158400,15.8,8.07,11.48,427.9,315.5,2.36,0.384,0.272,0.88,,,Ⅳ
2024-03-12T00:00:00+08:00,1710172800,15.8,8.03,11.03,423.5,234.0,2.27,0.404,0.232,0.87,,,Ⅳ
2024-03-12T04:00:00+08:00,1710187200,15.7,8.04,11.11,426.4,245.0,2.17,0.397,0.238,0.85,,,Ⅳ
2024-03-12T08:00:00+08:00,1710201600,15.6,8.08,11.39,455.5,222.5,2.28,0.344,0.218,0.84,,,Ⅳ
2024-03-12T12:00:00+08:00,1710216000,16.0,8.05,11.34,485.3,227.6,2.12,0.358,0.218,0.86,,,Ⅳ
2024-03-12T16:00:00+08:00,1710230400,16.4,8.05,11.46,487.3,250.6,2.12,0.358,0.226,0.8,,,Ⅳ
2024-03-12T20:00:00+08:00,1710244800,16.8,8.08,11.59,482.9,207.1,2.17,0.348,0.24,0.79,,,Ⅳ
2024-03-13T00:00:00+08:00,1710259200,17.2,8.06,11.45,484.3,214.0,2.07,0.335,0.207,0.84,,,Ⅳ
2024-03-13T04:00:00+08:00,1710273600,17.0,8.1,11.57,483.7,158.6,1.92,0.319,0.192,0.83,,,Ⅲ
2024-03-13T08:00:00+08:00,1710288000,16.8,8.1,11.58,481.6,197.0,2.1,0.357,0.227,0.79,,,Ⅳ
2024-03-13T16:00:00+08:00,1710316800,17.6,8.05,11.33,483.7,213.8,2.27,0.36,0.232,0.76,,,Ⅳ
2024-03-13T20:00:00+08:00,1710331200,17.5,8.11,11.33,483.6,181.4,2.06,0.348,0.203,0.81,,,Ⅳ
2024-03-14T00:00:00+08:00,1710345600,17.6,8.06,11.4,484.7,141.4,1.98,0.35,0.191,0.87,,,Ⅲ
2024-03-14T04:00:00+08:00,1710360000,17.6,8.03,11.39,475.4,181.2,2.02,0.334,0.178,0.84,,,Ⅲ
2024-03-14T08:00:00+08:00,1710374400,17.6,8.05,11.38,473.7,142.6,2.01,0.35,0.177,0.89,,,Ⅲ
2024-03-14T12:00:00+08:00,1710388800,17.8,8.03,11.34,472.9,100.0,2.08,0.343,0.176,0.85,,,Ⅲ
2024-03-14T16:00:00+08:00,1710403200,17.8,8.03,11.32,477.0,142.3,1.99,0.337,0.173,0.89,,,Ⅲ
2024-03-14T20:00:00+08:00,1710417600,17.9,8.03,11.29,477.8,149.9,0.54,0.338,0.169,0.92,,,Ⅲ
2024-03-15T00:00:00+08:00,1710432000,17.8,8.01,11.12,469.1,114.4,2.04,0.381,0.161,0.97,,,Ⅲ
2024-03-15T04:00:00+08:00,1710446400,17.8,8.01,11.18,466.8,108.9,2.06,0.384,0.155,1.03,,,Ⅲ
2024-03-15T08:00:00+08:00,1710460800,17.8,8.01,11.29,467.6,124.1,2.17,0.379,0.157,0.99,,,Ⅲ
2024-03-15T16:00:00+08:00,1710489600,18.4,7.97,11.05,469.5,195.6,1.96,0.371,0.204,0.81,,,Ⅳ
2024-03-17T04:00:00+08:00,1710619200,19.5,7.9,10.57,502.8,88.2,,0.43,0.146,1.15,,,
2024-03-17T08:00:00+08:00,1710633600,19.5,7.88,10.62,503.1,82.7,,0.438,0.143,1.19,,,
2024-03-17T12:00:00+08:00,1710648000,19.5,7.93,10.84,512.9,106.4,,0.381,0.128,1.18,,,
2024-03-18T08:00:00+08:00,1710720000,18.8,8.0,10.9,507.3,89.9,2.93,0.372,0.141,1.18,,,Ⅲ
2024-03-18T12:00:00+08:00,1710734400,19.2,8.02,10.99,515.2,59.4,2.93,0.32,0.129,1.18,,,Ⅲ
2024-03-18T16:00:00+08:00,1710748800,19.2,8.03,10.94,513.1,59.8,2.97,0.338,0.119,1.17,,,Ⅲ
2024-03-18T20:00:00+08:00,1710763200,19.0,8.06,10.97,511.5,58.6,2.89,0.31,0.121,1.17,,,Ⅲ
2024-03-19T00:00:00+08:00,1710777600,18.4,8.08,11.05,510.3,60.4,2.78,0.321,0.117,1.18,,,Ⅲ
2024-03-19T04:00:00+08:00,1710792000,18.8,8.03,11.05,507.6,66.4,2.77,0.306,0.12,1.16,,,Ⅲ
2024-03-19T08:00:00+08:00,1710806400,18.8,8.02,11.06,508.8,70.8,3.0,0.326,0.131,1.19,,,Ⅲ
2024-03-19T12:00:00+08:00,1710820800,19.0,8.09,11.16,520.6,66.6,3.28,0.304,0.158,1.21,,,Ⅲ
2024-03-19T16:00:00+08:00,1710835200,20.0,8.08,11.02,532.5,72.9,3.52,0.288,0.148,1.21,,,Ⅲ
2024-03-19T20:00:00+08:00,1710849600,20.0,8.04,10.89,527.4,70.6,2.95,0.307,0.128,1.18,,,Ⅲ
2024-03-20T00:00:00+08:00,1710864000,19.7,8.16,11.06,340.1,1.4,1.57,0.128,0.034,0.65,,,Ⅱ
2024-03-20T04:00:00+08:00,1710878400,19.4,8.03,11.12,514.8,88.8,3.0,0.302,0.125,1.16,,,Ⅲ
2024-03-20T08:00:00+08:00,1710892800,19.4,8.05,11.06,520.7,68.3,2.95,0.317,0.163,1.18,,,Ⅲ
2024-03-20T12:00:00+08:00,1710907200,19.5,8.11,11.13,530.4,91.6,3.57,0.299,0.199,1.23,,,Ⅲ
2024-03-20T16:00:00+08:00,1710921600,20.1,8.12,11.12,536.0,72.2,3.33,0.29,0.141,1.15,,,Ⅲ
2024-03-20T20:00:00+08:00,1710936000,20.0,8.05,11.01,526.4,90.6,3.33,0.288,0.142,1.14,,,Ⅲ
2024-03-21T04:00:00+08:00,1710964800,19.3,8.17,11.09,395.9,1.4,2.66,0.237,0.114,1.05,,,Ⅲ
2024-03-21T08:00:00+08:00,1710979200,22.4,7.64,10.06,523.3,69.1,3.13,0.301,0.136,1.17,,,Ⅲ
2024-03-21T12:00:00+08:00,1710993600,18.3,7.84,11.36,1086.7,293.2,2.79,0.276,0.204,0.76,,,Ⅳ
2024-03-21T16:00:00+08:00,1711008000,18.9,7.79,11.12,1046.7,134.4,2.37,0.244,0.148,0.83,,,Ⅲ
2024-03-21T20:00:00+08:00,1711022400,19.9,7.79,10.98,1021.7,168.0,2.37,0.237,0.144,0.86,,,Ⅲ
2024-03-22T04:00:00+08:00,1711051200,19.6,7.95,10.9,731.9,103.0,3.12,0.369,0.138,1.07,,,Ⅲ
2024-03-22T08:00:00+08:00,1711065600,19.6,7.95,10.96,781.7,95.9,2.62,0.318,0.136,1.03,,,Ⅲ
2024-03-22T12:00:00+08:00,1711080000,20.0,8.04,11.04,805.8,127.4,2.69,0.298,0.126,1.03,,,Ⅲ
2024-03-22T16:00:00+08:00,1711094400,21.4,8.02,10.56,144.2,1.0,2.41,0.025,0.113,0.84,,,Ⅲ
2024-03-22T20:00:00+08:00,1711108800,20.9,7.98,10.9,857.0,81.8,2.8,0.256,0.126,1.0,,,Ⅲ
2024-03-23T04:00:00+08:00,1711137600,20.3,7.93,10.95,944.1,121.2,2.74,0.262,0.125,1.03,,,Ⅲ
2024-03-23T08:00:00+08:00,1711152000,20.1,7.93,10.98,974.4,83.7,2.68,0.242,0.119,0.98,,,Ⅲ
2024-03-23T12:00:00+08:00,1711166400,19.9,7.94,11.03,1024.2,94.2,2.61,0.232,0.109,0.93,,,Ⅲ
2024-03-23T16:00:00+08:00,1711180800,20.3,7.99,11.1,1004.3,81.8,2.83,0.214,0.111,0.97,,,Ⅲ
2024-03-23T20:00:00+08:00,1711195200,20.1,7.89,10.9,1041.8,102.9,2.63,0.223,0.106,0.94,,,Ⅲ
2024-03-24T04:00:00+08:00,1711224000,20.0,7.88,10.96,1017.9,100.8,2.45,0.224,0.108,0.93,,,Ⅲ
2024-03-24T08:00:00+08:00,1711238400,19.9,7.95,10.99,956.2,68.9,2.3,0.238,0.1,0.93,,,Ⅱ
2024-03-24T12:00:00+08:00,1711252800,20.1,7.97,11.11,978.0,101.3,2.82,0.23,0.114,0.96,,,Ⅲ
2024-03-24T16:00:00+08:00,1711267200,20.6,8.04,11.07,997.7,132.3,2.84,0.21,0.124,0.94,,,Ⅲ
2024-03-24T20:00:00+08:00,1711281600,20.5,8.0,11.08,991.4,126.4,2.76,0.212,0.126,0.92,,,Ⅲ
2024-03-25T04:00:00+08:00,1711310400,20.1,7.86,10.83,989.5,166.1,2.6,0.217,0.134,0.88,,,Ⅲ
2024-03-25T08:00:00+08:00,1711324800,20.2,7.97,10.93,988.3,79.0,2.96,0.172,0.11,0.99,,,Ⅲ
2024-03-25T12:00:00+08:00,1711339200,20.3,8.01,11.08,960.2,119.3,3.24,0.18,0.171,0.93,,,Ⅲ
2024-03-25T16:00:00+08:00,1711353600,21.2,8.21,11.34,1026.3,123.4,2.8,0.128,0.107,0.97,,,Ⅲ
2024-03-25T20:00:00+08:00,1711368000,21.9,8.15,10.92,1007.4,68.9,2.7,0.126,0.097,0.93,,,Ⅱ
2024-03-26T04:00:00+08:00,1711396800,21.2,8.01,10.84,885.5,204.7,2.54,0.187,0.169,0.8,,,Ⅲ
2024-03-26T08:00:00+08:00,1711411200,21.3,8.0,10.82,977.1,116.7,2.73,0.179,0.118,0.94,,,Ⅲ
2024-03-26T12:00:00+08:00,1711425600,21.0,8.15,11.14,958.4,123.6,3.24,0.166,0.139,0.96,,,Ⅲ
2024-03-26T16:00:00+08:00,1711440000,21.2,8.16,11.1,881.6,175.7,4.35,0.212,0.204,0.98,,,Ⅳ
2024-03-26T20:00:00+08:00,1711454400,21.2,8.03,10.92,889.4,166.6,2.85,0.214,0.157,0.9,,,Ⅲ
2024-03-27T00:00:00+08:00,1711468800,20.8,8.11,10.89,927.4,98.7,2.85,0.192,0.123,0.9,,,Ⅲ
2024-03-27T04:00:00+08:00,1711483200,19.5,8.1,11.27,806.0,209.5,,0.22,0.174,,,,
2024-03-27T08:00:00+08:00,1711497600,20.4,8.0,10.88,810.2,173.5,2.4,0.23,0.16,0.89,,,Ⅲ
2024-03-27T12:00:00+08:00,1711512000,21.0,8.0,11.09,839.7,135.8,2.95,0.203,0.161,0.9,,,Ⅲ
2024-03-27T16:00:00+08:00,1711526400,21.1,7.94,10.85,860.8,151.9,2.36,0.208,0.128,0.85,,,Ⅲ
2024-03-27T20:00:00+08:00,1711540800,21.2,8.02,11.06,920.6,97.4,2.62,0.194,0.098,0.9,,,Ⅱ
2024-03-28T00:00:00+08:00,1711555200,21.1,8.0,10.97,937.2,78.3,2.68,0.204,0.09,0.94,,,Ⅱ
2024-03-28T04:00:00+08:00,1711569600,20.6,7.95,10.79,767.6,262.7,,0.252,0.195,,,,
2024-03-28T08:00:00+08:00,1711584000,20.7,7.92,10.75,821.9,184.7,2.4,0.21,0.149,0.82,,,Ⅲ
2024-03-28T12:00:00+08:00,1711598400,21.1,7.98,10.64,918.8,117.7,3.02,0.302,0.171,1.01,,,Ⅲ
2024-03-28T16:00:00+08:00,1711612800,21.0,7.92,10.45,868.3,113.8,3.15,0.32,0.179,0.97,,,Ⅲ
2024-03-28T20:00:00+08:00,1711627200,21.1,7.88,10.3,813.6,76.9,3.12,0.466,0.164,1.03,,,Ⅲ
2024-03-29T00:00:00+08:00,1711641600,21.2,7.85,10.26,832.2,78.6,3.04,0.409,0.134,1.03,,,Ⅲ
2024-03-29T04:00:00+08:00,1711656000,21.0,7.85,10.22,834.7,78.0,,0.406,0.195,,,,
2024-03-29T08:00:00+08:00,1711670400,20.6,7.93,10.42,834.4,80.3,3.22,0.41,0.214,1.05,,,Ⅳ
2024-03-29T12:00:00+08:00,1711684800,21.8,7.89,10.24,788.0,57.8,,2.0,0.4,4.0,,,
2024-03-29T16:00:00+08:00,1711699200,23.4,7.88,10.25,725.5,58.8,8.14,0.495,0.194,3.93,,,Ⅳ
2024-03-29T20:00:00+08:00,1711713600,23.0,7.98,9.43,723.3,86.0,3.98,0.473,0.117,2.81,,,Ⅲ
2024-03-30T00:00:00+08:00,1711728000,22.6,7.93,9.34,752.6,65.8,3.82,0.381,0.127,3.59,,,Ⅲ
2024-03-30T04:00:00+08:00,1711742400,22.1,7.94,9.42,702.3,72.6,3.82,0.416,0.119,3.59,,,Ⅲ
2024-03-30T08:00:00+08:00,1711756800,21.6,7.97,9.45,634.3,11.6,3.88,0.477,0.156,3.56,,,Ⅲ
2024-03-30T12:00:00+08:00,1711771200,21.6,7.65,8.28,624.2,93.8,4.06,0.681,0.165,3.56,,,Ⅲ
2024-03-30T16:00:00+08:00,1711785600,23.7,7.59,8.41,616.6,92.3,4.06,0.622,0.166,3.56,,,Ⅲ
2024-03-30T20:00:00+08:00,1711800000,23.2,7.6,8.37,642.7,92.0,4.09,0.642,0.126,3.23,,,Ⅲ
2024-03-31T00:00:00+08:00,1711814400,22.7,7.61,8.29,625.0,74.8,3.81,0.62,0.117,3.26,,,Ⅲ
2024-03-31T04:00:00+08:00,1711828800,21.9,7.57,8.19,624.4,89.6,3.67,0.607,0.127,3.15,,,Ⅲ
2024-03-31T08:00:00+08:00,1711843200,21.5,7.61,8.21,613.9,93.4,3.91,0.575,0.13,3.23,,,Ⅲ
2024-03-31T12:00:00+08:00,1711857600,21.4,7.61,8.2,613.4,80.7,3.91,0.577,0.118,3.24,,,Ⅲ
2024-03-31T16:00:00+08:00,1711872000,21.6,7.73,8.64,597.6,62.7,4.18,0.563,0.126,3.37,,,Ⅲ
2024-03-31T20:00:00+08:00,1711886400,21.8,7.76,8.76,595.5,60.5,4.44,0.563,0.139,3.4,,,Ⅲ
2024-04-01T00:00:00+08:00,1711900800,21.7,7.7,8.73,587.5,79.8,3.83,0.564,0.126,3.32,,,Ⅲ
2024-04-01T04:00:00+08:00,1711915200,21.3,7.66,8.47,585.1,71.8,3.73,0.574,0.114,3.25,,,Ⅲ
2024-04-01T08:00:00+08:00,1711929600,21.0,7.67,8.58,569.1,117.3,3.68,0.515,0.148,2.99,,,Ⅲ
2024-04-01T12:00:00+08:00,1711944000,20.8,7.72,8.86,517.1,163.7,3.16,0.391,0.155,2.72,,,Ⅲ
2024-04-01T16:00:00+08:00,1711958400,20.9,7.77,8.95,521.1,146.8,3.77,0.377,0.168,2.76,,,Ⅲ
2024-04-01T20:00:00+08:00,1711972800,21.1,7.76,8.95,524.1,123.3,3.2,0.383,0.132,2.8,,,Ⅲ
2024-04-02T04:00:00+08:00,1712001600,21.3,7.69,8.78,547.8,132.2,3.33,0.462,0.128,2.9,,,Ⅲ
2024-04-02T08:00:00+08:00,1712016000,21.5,7.69,8.7,547.1,94.7,3.3,0.444,0.119,2.95,,,Ⅲ
2024-04-02T12:00:00+08:00,1712030400,22.5,7.68,8.67,565.6,80.8,3.37,0.431,0.107,3.16,,,Ⅲ
2024-04-02T16:00:00+08:00,1712044800,22.5,7.68,8.66,563.1,88.5,3.55,0.427,0.109,3.0,,,Ⅲ
2024-04-02T20:00:00+08:00,1712059200,22.3,7.69,8.68,563.0,80.2,3.34,0.421,0.106,2.98,,,Ⅲ
2024-04-03T00:00:00+08:00,1712073600,22.5,7.72,8.81,565.1,72.0,3.23,0.419,0.098,3.01,,,Ⅱ
2024-04-03T04:00:00+08:00,1712088000,22.5,7.72,8.75,569.3,71.1,3.4,0.443,0.094,3.01,,,Ⅱ
2024-04-03T08:00:00+08:00,1712102400,22.6,7.7,8.73,573.2,64.6,3.78,0.41,0.101,3.03,,,Ⅲ
2024-04-03T12:00:00+08:00,1712116800,22.8,7.81,9.05,577.4,64.6,4.02,0.374,0.114,3.15,,,Ⅲ
2024-04-03T16:00:00+08:00,1712131200,22.5,7.92,9.38,841.1,97.3,4.01,0.355,0.112,3.04,,,Ⅲ
2024-04-03T20:00:00+08:00,1712145600,22.6,7.86,9.18,839.6,71.8,3.91,0.36,0.112,3.05,,,Ⅲ
2024-04-04T00:00:00+08:00,1712160000,22.4,7.83,9.1,836.3,71.4,3.7,0.361,0.103,3.04,,,Ⅲ
2024-04-04T04:00:00+08:00,1712174400,22.2,7.81,9.01,832.5,69.6,3.64,0.358,0.102,3.03,,,Ⅲ
2024-04-04T08:00:00+08:00,1712188800,22.0,7.81,9.02,826.3,70.6,3.43,0.351,0.102,2.98,,,Ⅲ
2024-04-04T12:00:00+08:00,1712203200,22.1,8.0,9.53,827.9,65.6,4.11,0.309,0.106,3.06,,,Ⅲ
2024-04-04T16:00:00+08:00,1712217600,22.2,8.04,9.66,814.1,68.5,3.45,0.289,0.092,2.93,,,Ⅱ
2024-04-04T20:00:00+08:00,1712232000,21.9,7.9,9.23,814.5,71.4,3.48,0.317,0.093,2.85,,,Ⅱ
2024-04-05T00:00:00+08:00,1712246400,21.6,7.84,9.1,812.2,69.6,3.44,0.323,0.088,2.86,,,Ⅱ
2024-04-05T04:00:00+08:00,1712260800,21.4,7.84,9.03,809.1,68.5,3.16,0.322,0.088,2.81,,,Ⅱ
2024-04-05T08:00:00+08:00,1712275200,21.0,7.85,9.4,592.1,449.6,3.12,0.16,0.244,,,,Ⅳ
2024-04-05T12:00:00+08:00,1712289600,20.8,7.84,9.53,587.3,228.4,2.34,0.103,0.157,1.95,,,Ⅲ
2024-04-05T16:00:00+08:00,1712304000,21.7,7.8,9.41,606.0,145.3,2.24,0.099,0.12,2.08,,,Ⅲ
2024-04-05T20:00:00+08:00,1712318400,21.5,7.86,9.48,629.1,126.9,2.34,0.111,0.111,2.25,,,Ⅲ
2024-04-06T00:00:00+08:00,1712332800,21.4,7.83,9.54,618.0,154.0,2.23,0.114,0.121,2.13,,,Ⅲ
2024-04-06T04:00:00+08:00,1712347200,21.4,7.93,9.54,611.8,10.8,2.31,0.112,0.124,2.06,,,Ⅲ
2024-04-06T08:00:00+08:00,1712361600,21.2,7.84,9.44,596.8,233.4,,0.117,0.165,2.39,,,
2024-04-06T12:00:00+08:00,1712376000,21.1,7.79,9.4,599.2,351.1,2.75,0.117,0.219,,,,Ⅳ
2024-04-06T16:00:00+08:00,1712390400,21.4,7.78,9.34,600.3,191.5,2.4,0.092,0.144,1.98,,,Ⅲ
2024-04-06T20:00:00+08:00,1712404800,21.6,7.76,9.28,610.8,156.1,2.19,0.111,0.129,2.07,,,Ⅲ
2024-04-07T00:00:00+08:00,1712419200,21.5,7.75,9.25,619.2,139.2,2.46,0.118,0.129,2.11,,,Ⅲ
2024-04-07T08:00:00+08:00,1712448000,21.2,7.77,9.32,611.0,122.2,2.35,0.099,0.116,2.08,,,Ⅲ
2024-04-07T16:00:00+08:00,1712476800,20.5,7.71,9.44,602.7,207.9,3.29,0.18,0.351,1.8,,,Ⅴ
2024-04-07T20:00:00+08:00,1712491200,21.0,7.66,9.28,607.7,166.5,3.29,0.18,0.351,1.8,,,Ⅴ
2024-04-08T04:00:00+08:00,1712520000,20.8,7.69,9.29,606.4,136.9,0.47,0.119,0.155,1.9,,,Ⅲ
2024-04-08T08:00:00+08:00,1712534400,20.8,7.69,9.26,606.6,138.1,2.58,0.118,0.164,1.91,,,Ⅲ
2024-04-08T12:00:00+08:00,1712548800,20.6,7.69,9.25,609.3,128.3,2.58,0.126,0.16,1.91,,,Ⅲ
2024-04-08T16:00:00+08:00,1712563200,20.7,7.7,9.28,610.1,126.8,2.38,0.118,0.157,2.02,,,Ⅲ
2024-04-08T20:00:00+08:00,1712577600,20.6,7.7,9.28,609.2,114.9,2.38,0.113,0.143,2.02,,,Ⅲ
2024-04-09T04:00:00+08:00,1712606400,20.3,7.69,9.19,616.6,116.5,2.5,0.175,0.154,2.08,,,Ⅲ
2024-04-09T08:00:00+08:00,1712620800,20.3,7.68,9.18,622.0,114.7,2.66,0.211,0.143,2.08,,,Ⅲ
2024-04-09T12:00:00+08:00,1712635200,21.5,7.64,9.2,596.6,564.0,3.68,0.229,0.373,,,,Ⅴ
2024-04-09T16:00:00+08:00,1712649600,21.9,7.62,9.14,617.0,268.2,2.63,0.166,0.236,,,,Ⅳ
2024-04-09T20:00:00+08:00,1712664000,21.9,7.6,9.14,619.8,186.6,2.54,0.165,0.196,1.75,,,Ⅲ
2024-04-10T04:00:00+08:00,1712692800,21.8,7.58,9.01,628.0,143.7,2.4,0.164,0.166,1.89,,,Ⅲ
2024-04-10T08:00:00+08:00,1712707200,21.7,7.61,9.04,623.8,134.6,2.4,0.145,0.162,1.89,,,Ⅲ
2024-04-10T12:00:00+08:00,1712721600,21.4,7.67,9.27,590.8,868.2,2.36,0.025,0.49,0.73,,,劣Ⅴ
2024-04-10T16:00:00+08:00,1712736000,21.6,7.62,9.25,609.3,256.5,2.82,0.146,0.289,1.22,,,Ⅳ
2024-04-10T20:00:00+08:00,1712750400,22.2,7.61,9.11,623.1,118.8,2.36,0.121,0.185,1.75,,,Ⅲ
2024-04-11T04:00:00+08:00,1712779200,22.1,7.58,9.01,618.5,92.7,2.35,0.114,0.161,1.8,,,Ⅲ
2024-04-11T08:00:00+08:00,1712793600,22.0,7.59,9.03,623.4,87.0,2.23,0.122,0.158,1.85,,,Ⅲ
2024-04-11T16:00:00+08:00,1712822400,22.1,7.65,9.18,625.9,250.4,2.82,0.025,0.62,1.09,,,劣Ⅴ
2024-04-11T20:00:00+08:00,1712836800,22.3,7.62,9.1,618.3,137.5,2.21,0.097,0.239,1.5,,,Ⅳ
2024-04-12T04:00:00+08:00,1712865600,22.3,7.64,9.08,615.3,99.9,2.09,0.082,0.168,1.65,,,Ⅲ
2024-04-12T08:00:00+08:00,1712880000,22.3,7.62,9.06,614.2,97.9,2.09,0.092,0.161,1.68,,,Ⅲ
2024-04-12T12:00:00+08:00,1712894400,22.3,7.64,9.1,613.2,84.8,2.04,0.078,0.151,1.76,,,Ⅲ
2024-04-12T16:00:00+08:00,1712908800,22.2,7.64,9.13,617.6,87.6,2.0,0.079,0.161,1.64,,,Ⅲ
2024-04-12T20:00:00+08:00,1712923200,22.2,7.65,9.13,619.5,91.7,2.12,0.084,0.165,1.77,,,Ⅲ
2024-04-13T04:00:00+08:00,1712952000,22.1,7.65,9.09,622.8,98.5,2.04,0.102,0.173,1.57,,,Ⅲ
2024-04-13T08:00:00+08:00,1712966400,22.1,7.57,8.98,622.3,110.5,2.35,0.164,0.176,1.77,,,Ⅲ
2024-04-13T12:00:00+08:00,1712980800,22.1,7.58,8.99,615.4,96.1,2.27,0.149,0.169,1.8,,,Ⅲ
2024-04-13T16:00:00+08:00,1712995200,22.5,7.59,9.05,605.2,185.3,1.29,0.152,0.021,1.78,,,Ⅱ
2024-04-13T20:00:00+08:00,1713009600,22.5,7.6,9.03,609.4,108.3,2.05,0.09,0.165,1.65,,,Ⅲ
2024-04-14T04:00:00+08:00,1713038400,22.4,7.62,9.02,609.4,98.7,2.13,0.098,0.159,1.72,,,Ⅲ
2024-04-14T08:00:00+08:00,1713052800,22.3,7.61,9.03,610.2,91.5,2.13,0.111,0.152,1.77,,,Ⅲ
2024-04-14T12:00:00+08:00,1713067200,22.4,7.6,8.94,611.0,90.4,2.21,0.101,0.156,1.77,,,Ⅲ
2024-04-14T16:00:00+08:00,1713081600,22.5,7.59,8.92,611.3,86.2,1.95,0.095,0.153,1.82,,,Ⅲ
2024-04-14T20:00:00+08:00,1713096000,22.4,7.59,8.92,612.7,80.5,2.08,0.097,0.146,1.85,,,Ⅲ
2024-04-15T00:00:00+08:00,1713110400,22.6,7.59,8.96,614.5,71.4,1.94,0.098,0.138,1.89,,,Ⅲ
2024-04-15T04:00:00+08:00,1713124800,22.6,7.59,8.93,615.0,68.6,2.04,0.094,0.134,1.93,,,Ⅲ
2024-04-15T08:00:00+08:00,1713139200,22.6,7.61,8.91,615.9,71.0,1.99,0.092,0.137,1.85,,,Ⅲ
2024-04-15T12:00:00+08:00,1713153600,23.5,7.55,8.85,630.2,61.6,1.99,0.096,0.124,2.01,,,Ⅲ
2024-04-15T16:00:00+08:00,1713168000,22.9,7.54,8.78,619.4,68.9,1.9,0.097,0.132,2.06,,,Ⅲ
2024-04-15T20:00:00+08:00,1713182400,22.7,7.56,8.81,617.2,69.0,1.99,0.091,0.131,1.9,,,Ⅲ
2024-04-16T00:00:00+08:00,1713196800,22.6,7.57,8.86,617.6,59.4,1.99,0.09,0.124,1.97,,,Ⅲ
2024-04-16T04:00:00+08:00,1713211200,22.7,7.57,8.78,621.5,59.6,1.69,0.09,0.119,1.97,,,Ⅲ
2024-04-16T08:00:00+08:00,1713225600,22.7,7.55,8.77,621.2,65.8,1.92,0.094,0.126,1.91,,,Ⅲ
2024-04-16T12:00:00+08:00,1713240000,22.8,7.54,8.72,623.1,58.6,1.92,0.088,0.121,1.98,,,Ⅲ
2024-04-16T16:00:00+08:00,1713254400,22.8,7.52,8.6,622.5,60.2,1.86,0.086,0.12,2.0,,,Ⅲ
2024-04-17T00:00:00+08:00,1713283200,22.6,7.5,8.61,624.8,65.2,1.5,0.064,0.078,2.17,,,Ⅱ
2024-04-17T04:00:00+08:00,1713297600,22.6,7.51,8.66,630.0,53.8,1.63,0.075,0.073,2.15,,,Ⅱ
2024-04-17T08:00:00+08:00,1713312000,22.6,7.54,8.75,626.3,54.7,1.65,0.084,0.074,2.14,,,Ⅱ
2024-04-17T12:00:00+08:00,1713326400,22.4,7.51,8.65,623.9,54.0,1.58,0.068,0.074,2.15,,,Ⅱ
2024-04-17T16:00:00+08:00,1713340800,22.3,7.54,8.7,628.6,58.8,1.72,0.113,0.081,2.19,,,Ⅱ
2024-04-17T20:00:00+08:00,1713355200,22.3,7.54,8.65,637.2,60.0,1.97,0.174,0.082,2.21,,,Ⅱ
2024-04-18T00:00:00+08:00,1713369600,22.2,7.51,8.66,645.0,59.9,2.01,0.16,0.089,2.2,,,Ⅱ
2024-04-18T04:00:00+08:00,1713384000,21.9,7.52,8.58,642.3,54.9,2.0,0.148,0.09,2.25,,,Ⅱ
2024-04-18T12:00:00+08:00,1713412800,22.3,7.51,8.53,656.9,54.6,2.18,0.143,0.092,2.2,,,Ⅱ
2024-04-22T08:00:00+08:00,1713744000,23.5,7.49,8.66,646.8,59.8,2.21,0.092,0.093,2.41,,,Ⅱ
2024-04-22T12:00:00+08:00,1713758400,23.9,7.41,8.48,615.6,170.2,1.78,0.146,0.05,2.01,,,Ⅱ
2024-04-22T16:00:00+08:00,1713772800,24.2,7.4,8.52,633.0,119.4,2.12,0.088,0.104,2.2,,,Ⅲ
2024-04-22T20:00:00+08:00,1713787200,24.4,7.39,8.47,638.1,85.1,2.16,0.089,0.105,2.22,,,Ⅲ
2024-04-23T00:00:00+08:00,1713801600,24.3,7.44,8.58,663.1,75.2,2.41,0.086,0.101,2.2,,,Ⅲ
2024-04-23T04:00:00+08:00,1713816000,24.1,7.46,8.6,668.0,68.8,2.25,0.076,0.096,2.22,,,Ⅱ
2024-04-23T08:00:00+08:00,1713830400,24.0,7.43,8.52,644.8,71.3,2.29,0.076,0.095,2.25,,,Ⅱ
2024-04-23T12:00:00+08:00,1713844800,23.9,7.46,8.56,574.0,212.0,2.11,0.07,0.118,1.94,,,Ⅲ
2024-04-23T16:00:00+08:00,1713859200,24.2,7.42,8.49,591.6,123.1,2.01,0.069,0.114,1.95,,,Ⅲ
2024-04-23T20:00:00+08:00,1713873600,24.5,7.41,8.55,615.1,98.2,2.1,0.066,0.106,2.01,,,Ⅲ
2024-04-24T00:00:00+08:00,1713888000,24.3,7.41,8.54,601.1,90.2,2.04,0.061,0.103,2.0,,,Ⅲ
2024-04-24T04:00:00+08:00,1713902400,24.0,7.42,8.56,599.1,85.2,2.07,0.058,0.099,2.02,,,Ⅱ
2024-04-24T08:00:00+08:00,1713916800,24.1,7.43,8.45,601.5,78.0,1.95,0.065,0.094,2.04,,,Ⅱ
2024-04-24T12:00:00+08:00,1713931200,24.4,7.41,8.48,573.7,229.4,2.11,0.066,0.113,1.86,,,Ⅲ
2024-04-24T16:00:00+08:00,1713945600,25.0,7.38,8.39,587.7,140.1,1.91,0.062,0.107,1.93,,,Ⅲ
2024-04-24T20:00:00+08:00,1713960000,25.2,7.37,8.44,605.7,109.8,2.01,0.061,0.102,1.97,,,Ⅲ
2024-04-25T00:00:00+08:00,1713974400,24.9,7.37,8.45,593.2,97.8,1.92,0.057,0.1,1.91,,,Ⅱ
2024-04-25T04:00:00+08:00,1713988800,24.7,7.3,8.48,588.7,79.8,1.87,0.055,0.088,1.98,,,Ⅱ
2024-04-25T08:00:00+08:00,1714003200,24.6,7.41,8.49,598.5,91.4,1.99,0.057,0.088,2.0,,,Ⅱ
2024-04-25T12:00:00+08:00,1714017600,25.4,7.39,8.44,606.6,83.2,1.98,0.057,0.088,1.97,,,Ⅱ
2024-04-25T16:00:00+08:00,1714032000,25.2,7.49,8.65,605.1,80.3,2.06,0.051,0.09,1.98,,,Ⅱ
2024-04-25T20:00:00+08:00,1714046400,24.8,7.49,8.61,599.7,75.8,2.14,0.044,0.092,1.99,,,Ⅱ
2024-04-26T00:00:00+08:00,1714060800,24.6,7.4,8.55,609.3,98.0,2.1,0.057,0.092,2.02,,,Ⅱ
2024-04-26T04:00:00+08:00,1714075200,24.0,7.39,8.55,605.0,73.6,2.12,0.055,0.089,1.99,,,Ⅱ
2024-04-26T08:00:00+08:00,1714089600,24.3,7.42,8.56,600.3,92.1,2.03,0.053,0.088,2.0,,,Ⅱ
2024-04-26T12:00:00+08:00,1714104000,24.3,7.48,8.6,603.0,67.6,2.04,0.046,0.082,2.06,,,Ⅱ
2024-04-26T16:00:00+08:00,1714118400,24.4,7.45,8.62,600.4,83.1,2.02,0.046,0.086,2.08,,,Ⅱ
2024-04-26T20:00:00+08:00,1714132800,24.3,7.45,8.55,600.7,62.5,2.02,0.043,0.083,2.03,,,Ⅱ
2024-04-27T00:00:00+08:00,1714147200,24.2,7.43,8.61,600.6,89.7,2.0,0.046,0.085,2.0,,,Ⅱ
2024-04-27T04:00:00+08:00,1714161600,23.9,7.42,8.54,609.5,101.5,2.0,0.057,0.082,1.98,,,Ⅱ
2024-04-27T08:00:00+08:00,1714176000,23.9,7.45,8.66,598.0,120.1,2.1,0.058,0.088,1.96,,,Ⅱ
2024-04-27T12:00:00+08:00,1714190400,23.8,7.43,8.62,587.9,100.6,1.94,0.057,0.09,1.98,,,Ⅱ
2024-04-27T16:00:00+08:00,1714204800,23.7,7.49,8.68,583.2,98.8,1.94,0.057,0.09,1.98,,,Ⅱ
2024-04-27T20:00:00+08:00,1714219200,23.4,7.47,8.65,584.6,94.8,4.0,0.057,0.093,1.96,,,Ⅱ
2024-04-28T00:00:00+08:00,1714233600,23.6,7.49,8.8,585.5,115.3,2.18,0.046,0.093,1.94,,,Ⅱ
2024-04-28T04:00:00+08:00,1714248000,23.8,7.44,8.55,587.3,113.1,2.04,0.058,0.096,1.96,,,Ⅱ
2024-04-28T08:00:00+08:00,1714262400,23.9,7.47,8.59,585.5,120.2,2.11,0.065,0.1,1.95,,,Ⅱ
2024-04-28T12:00:00+08:00,1714276800,23.9,7.49,8.6,584.4,110.4,2.1,0.058,0.097,1.94,,,Ⅱ
2024-04-29T12:00:00+08:00,1714363200,24.3,7.46,8.53,598.6,88.5,1.96,1.5,0.094,1.93,,,Ⅳ
2024-04-29T16:00:00+08:00,1714377600,25.2,7.44,8.55,607.7,79.5,1.96,1.521,0.09,1.99,,,Ⅴ
2024-04-29T20:00:00+08:00,1714392000,25.2,7.33,8.44,600.0,74.5,1.88,0.048,0.085,1.96,,,Ⅱ
2024-04-30T04:00:00+08:00,1714420800,24.5,7.42,8.5,594.6,85.9,2.14,0.045,0.089,1.92,,,Ⅱ
2024-04-30T12:00:00+08:00,1714449600,24.2,7.46,8.58,596.2,79.1,2.05,0.046,0.088,1.96,,,Ⅱ
2024-04-30T16:00:00+08:00,1714464000,23.9,7.38,8.55,581.0,64.0,2.1,0.053,0.082,1.98,,,Ⅱ
2024-04-30T20:00:00+08:00,1714478400,23.6,7.44,8.39,593.6,81.0,2.26,0.052,0.085,1.96,,,Ⅱ
2024-05-01T04:00:00+08:00,1714507200,23.2,7.45,8.48,590.0,75.5,2.11,0.053,0.09,2.0,,,Ⅱ
2024-05-01T08:00:00+08:00,1714521600,23.1,7.51,8.54,591.7,78.4,2.28,0.063,0.09,1.96,,,Ⅱ
2024-05-01T12:00:00+08:00,1714536000,23.4,7.57,8.76,599.7,75.7,2.0,0.06,0.087,1.99,,,Ⅱ
2024-05-01T16:00:00+08:00,1714550400,23.9,7.46,8.58,600.0,100.5,2.18,0.074,0.097,1.97,,,Ⅱ
2024-05-01T20:00:00+08:00,1714564800,23.9,7.48,8.63,604.5,92.8,2.15,0.075,0.092,1.98,,,Ⅱ
2024-05-02T04:00:00+08:00,1714593600,23.7,7.56,8.99,595.8,97.6,2.19,0.061,0.087,1.99,,,Ⅱ
2024-05-02T08:00:00+08:00,1714608000,23.6,7.48,8.62,598.8,82.4,2.18,0.075,0.09,2.0,,,Ⅱ
2024-05-02T12:00:00+08:00,1714622400,22.7,7.52,8.95,603.2,71.5,2.14,0.063,0.085,1.99,,,Ⅱ
2024-05-02T16:00:00+08:00,1714636800,23.7,7.48,8.64,610.2,73.6,2.17,0.072,0.086,1.98,,,Ⅱ
2024-05-02T20:00:00+08:00,1714651200,23.4,7.44,8.53,610.4,69.6,2.07,0.082,0.083,2.0,,,Ⅱ
2024-05-03T04:00:00+08:00,1714680000,23.2,7.37,8.18,610.2,65.1,2.0,0.089,0.082,2.02,,,Ⅱ
2024-05-03T08:00:00+08:00,1714694400,23.3,7.45,8.47,606.0,71.3,1.96,0.086,0.081,2.03,,,Ⅱ
2024-05-03T12:00:00+08:00,1714708800,23.4,7.42,8.53,611.2,72.6,2.1,0.086,0.082,2.02,,,Ⅱ
2024-05-03T16:00:00+08:00,1714723200,23.9,7.44,8.4,618.5,64.4,2.13,0.074,0.079,2.0,,,Ⅱ
2024-05-03T20:00:00+08:00,1714737600,23.8,7.48,8.54,625.3,48.9,2.14,0.063,0.075,2.01,,,Ⅱ
2024-05-04T04:00:00+08:00,1714766400,23.8,7.55,8.78,629.5,48.8,1.95,0.061,0.059,2.0,,,Ⅱ
2024-05-04T08:00:00+08:00,1714780800,24.0,7.53,8.83,574.6,231.8,1.93,0.04,0.082,1.91,,,Ⅱ
2024-05-04T12:00:00+08:00,1714795200,24.6,7.5,8.77,579.6,87.9,2.04,0.03,0.075,1.95,,,Ⅱ
2024-05-04T16:00:00+08:00,1714809600,24.5,7.52,8.79,579.2,72.7,1.91,0.026,0.076,1.97,,,Ⅱ
2024-05-04T20:00:00+08:00,1714824000,24.4,7.49,8.91,576.6,81.6,2.05,0.029,0.075,1.94,,,Ⅱ
2024-05-05T04:00:00+08:00,1714852800,24.2,7.47,8.84,583.9,75.7,1.88,0.038,0.071,1.97,,,Ⅱ
2024-05-05T08:00:00+08:00,1714867200,24.3,7.49,8.73,576.8,355.4,1.24,0.164,0.036,1.81,,,Ⅱ
2024-05-05T12:00:00+08:00,1714881600,24.6,7.41,8.64,578.8,130.8,1.8,0.048,0.066,1.92,,,Ⅱ
2024-05-05T16:00:00+08:00,1714896000,24.9,7.4,8.64,581.4,89.8,1.89,0.036,0.074,1.92,,,Ⅱ
2024-05-06T04:00:00+08:00,1714939200,25.0,7.36,8.6,583.0,69.7,1.88,0.038,0.077,1.93,,,Ⅱ
2024-05-06T08:00:00+08:00,1714953600,24.9,7.37,8.58,602.2,196.7,2.03,0.053,0.105,1.81,,,Ⅲ
2024-05-06T12:00:00+08:00,1714968000,25.5,7.32,8.48,597.3,140.7,1.96,0.056,0.097,1.83,,,Ⅱ
2024-05-06T16:00:00+08:00,1714982400,26.2,7.23,8.4,604.4,99.7,2.03,0.053,0.094,1.78,,,Ⅱ
2024-05-06T20:00:00+08:00,1714996800,26.4,7.21,8.44,608.6,116.6,1.94,0.059,0.092,1.8,,,Ⅱ
2024-05-07T00:00:00+08:00,1715011200,26.1,7.22,8.38,608.6,75.6,2.05,0.054,0.09,1.83,,,Ⅱ
2024-05-07T04:00:00+08:00,1715025600,25.9,7.24,8.57,603.4,101.1,1.97,0.049,0.086,1.86,,,Ⅱ
2024-05-07T08:00:00+08:00,1715040000,25.8,7.24,8.36,611.4,75.8,2.03,0.054,0.084,1.9,,,Ⅱ
2024-05-07T12:00:00+08:00,1715054400,25.7,7.29,8.46,582.0,209.3,2.15,0.077,0.131,1.6,,,Ⅲ
2024-05-07T16:00:00+08:00,1715068800,26.5,7.22,8.33,595.5,126.1,2.19,0.072,0.114,1.68,,,Ⅲ
2024-05-07T20:00:00+08:00,1715083200,26.5,7.21,8.35,597.3,110.7,2.04,0.059,0.108,1.7,,,Ⅲ
2024-05-08T00:00:00+08:00,1715097600,26.4,7.19,8.26,601.8,95.7,1.97,0.06,0.102,1.81,,,Ⅲ
2024-05-08T04:00:00+08:00,1715112000,26.0,7.21,8.55,595.9,152.4,1.87,0.053,0.099,1.78,,,Ⅱ
2024-05-08T08:00:00+08:00,1715126400,25.9,7.24,8.34,597.9,124.4,1.93,0.065,0.107,1.76,,,Ⅲ
2024-05-08T12:00:00+08:00,1715140800,25.8,7.3,8.49,561.0,252.8,1.93,0.071,0.14,1.57,,,Ⅲ
2024-05-08T16:00:00+08:00,1715155200,26.3,7.3,8.49,573.0,140.0,2.04,0.054,0.111,1.64,,,Ⅲ
2024-05-08T20:00:00+08:00,1715169600,26.2,7.28,8.46,574.3,119.6,1.89,0.048,0.104,1.67,,,Ⅲ
2024-05-09T00:00:00+08:00,1715184000,26.0,7.27,8.4,575.5,110.2,1.9,0.048,0.102,1.73,,,Ⅲ
2024-05-09T04:00:00+08:00,1715198400,25.6,7.21,8.54,569.9,103.6,2.03,0.048,0.097,1.72,,,Ⅱ
2024-05-09T08:00:00+08:00,1715212800,25.4,7.31,8.56,572.6,122.8,1.66,0.065,0.098,1.74,,,Ⅱ
2024-05-09T12:00:00+08:00,1715227200,25.8,7.28,8.42,549.2,285.9,2.14,0.068,0.137,1.56,,,Ⅲ
2024-05-09T16:00:00+08:00,1715241600,26.0,7.24,8.34,554.7,153.4,1.76,0.056,0.118,1.65,,,Ⅲ
2024-05-09T20:00:00+08:00,1715256000,26.0,7.26,8.51,556.8,127.7,1.94,0.051,0.112,1.65,,,Ⅲ
2024-05-10T00:00:00+08:00,1715270400,25.8,7.27,8.55,563.6,171.0,1.73,0.056,0.106,1.66,,,Ⅲ
2024-05-10T04:00:00+08:00,1715284800,25.5,7.32,8.47,558.4,114.7,1.9,0.048,0.1,1.69,,,Ⅲ
2024-05-10T08:00:00+08:00,1715299200,25.4,7.35,8.52,562.1,116.1,2.03,0.059,0.107,1.7,,,Ⅲ
2024-05-10T12:00:00+08:00,1715313600,25.9,7.36,8.57,553.0,454.2,2.01,0.072,0.144,1.59,,,Ⅲ
2024-05-10T16:00:00+08:00,1715328000,26.2,7.27,8.46,549.1,181.8,1.89,0.055,0.112,1.59,,,Ⅲ
2024-05-10T20:00:00+08:00,1715342400,26.3,7.25,8.52,549.9,120.5,1.64,0.053,0.102,1.63,,,Ⅲ
2024-05-11T00:00:00+08:00,1715356800,26.3,7.25,8.55,567.8,150.8,1.81,0.055,0.098,1.69,,,Ⅱ
2024-05-11T04:00:00+08:00,1715371200,26.1,7.26,8.41,562.3,112.8,1.66,0.05,0.094,1.68,,,Ⅱ
2024-05-11T08:00:00+08:00,1715385600,26.0,7.29,8.44,560.5,108.3,1.57,0.053,0.095,1.68,,,Ⅱ
2024-05-11T12:00:00+08:00,1715400000,26.0,7.28,8.27,561.7,127.6,1.83,0.053,0.096,1.69,,,Ⅱ
2024-05-11T16:00:00+08:00,1715414400,26.8,7.28,8.52,569.4,124.3,1.78,0.057,0.091,1.72,,,Ⅱ
2024-05-11T20:00:00+08:00,1715428800,26.9,7.27,8.47,568.0,88.7,1.92,0.049,0.088,1.71,,,Ⅱ
2024-05-12T00:00:00+08:00,1715443200,26.6,7.14,8.34,567.4,88.4,1.9,0.065,0.086,1.79,,,Ⅱ
2024-05-12T04:00:00+08:00,1715457600,26.2,7.17,8.37,564.8,106.1,1.79,0.05,0.084,1.76,,,Ⅱ
2024-05-12T08:00:00+08:00,1715472000,25.8,7.21,8.29,570.6,128.2,1.73,0.067,0.093,1.71,,,Ⅱ
2024-05-12T12:00:00+08:00,1715486400,25.8,7.22,8.34,564.9,131.1,1.92,0.065,0.095,1.7,,,Ⅱ
2024-05-12T16:00:00+08:00,1715500800,25.7,7.25,8.34,565.3,122.2,1.31,0.146,0.042,1.75,,,Ⅱ
2024-05-12T20:00:00+08:00,1715515200,25.6,7.25,8.43,560.8,112.4,1.66,0.07,0.076,1.74,,,Ⅱ
2024-05-13T00:00:00+08:00,1715529600,25.4,7.25,8.67,555.6,114.4,1.77,0.057,0.087,1.77,,,Ⅱ
2024-05-13T04:00:00+08:00,1715544000,25.2,7.26,8.37,556.6,107.3,1.68,0.058,0.093,1.71,,,Ⅱ
2024-05-13T08:00:00+08:00,1715558400,25.1,7.29,8.46,557.4,103.9,1.78,0.068,0.091,1.68,,,Ⅱ
2024-05-13T12:00:00+08:00,1715572800,25.2,7.31,8.42,562.8,115.5,1.78,0.072,0.1,1.68,,,Ⅲ
2024-05-13T16:00:00+08:00,1715587200,25.0,7.3,8.35,566.0,111.8,1.79,0.068,0.098,1.69,,,Ⅱ
2024-05-13T20:00:00+08:00,1715601600,25.2,7.28,8.42,570.1,94.4,1.8,0.064,0.094,1.69,,,Ⅱ
2024-05-14T00:00:00+08:00,1715616000,25.1,7.3,8.35,575.2,87.9,1.91,0.063,0.092,1.68,,,Ⅱ
2024-05-14T04:00:00+08:00,1715630400,25.1,7.29,8.34,574.6,89.0,1.78,0.054,0.088,1.71,,,Ⅱ
2024-05-14T08:00:00+08:00,1715644800,25.2,7.31,8.37,577.5,82.2,1.69,0.055,0.086,1.75,,,Ⅱ
2024-05-14T12:00:00+08:00,1715659200,25.2,7.27,8.26,578.8,84.8,1.98,0.044,0.096,1.55,,,Ⅱ
2024-05-14T16:00:00+08:00,1715673600,25.0,7.3,8.29,580.8,86.3,1.83,0.047,0.117,1.72,,,Ⅲ
2024-05-14T20:00:00+08:00,1715688000,25.6,7.29,8.3,585.4,76.5,1.89,0.044,0.096,1.71,,,Ⅱ
2024-05-15T00:00:00+08:00,1715702400,25.4,7.33,8.34,584.3,78.1,1.66,0.042,0.087,1.74,,,Ⅱ
2024-05-15T04:00:00+08:00,1715716800,25.2,7.32,8.33,583.8,86.2,1.78,0.041,0.081,1.7,,,Ⅱ
2024-05-15T08:00:00+08:00,1715731200,25.3,7.34,8.42,586.3,81.6,1.71,0.048,0.078,1.71,,,Ⅱ
2024-05-15T12:00:00+08:00,1715745600,25.5,7.47,8.64,593.4,71.9,1.39,0.108,0.046,1.62,,,Ⅱ
2024-05-15T16:00:00+08:00,1715760000,25.8,7.31,8.41,590.0,75.7,1.45,0.047,0.059,1.63,,,Ⅱ
2024-05-15T20:00:00+08:00,1715774400,25.7,7.32,8.46,587.1,65.8,1.68,0.034,0.07,1.74,,,Ⅱ
2024-05-16T00:00:00+08:00,1715788800,25.6,7.43,8.66,590.3,64.9,2.01,0.035,0.068,1.68,,,Ⅱ
2024-05-16T04:00:00+08:00,1715803200,25.2,7.53,8.71,589.6,59.8,1.73,0.03,0.068,1.67,,,Ⅱ
2024-05-16T12:00:00+08:00,1715832000,26.2,7.87,9.66,596.9,48.5,1.86,0.033,0.065,1.64,,,Ⅱ
2024-05-16T16:00:00+08:00,1715846400,27.0,8.61,10.97,608.6,43.2,2.17,0.033,0.067,1.55,,,Ⅱ
2024-05-16T20:00:00+08:00,1715860800,28.0,8.23,10.53,596.7,40.8,2.28,0.031,0.075,1.55,,,Ⅱ
2024-05-17T00:00:00+08:00,1715875200,27.2,7.91,10.07,579.1,30.3,2.09,0.027,0.063,1.49,,,Ⅱ
2024-05-17T04:00:00+08:00,1715889600,26.6,7.96,9.7,587.5,35.3,2.19,0.026,0.06,1.49,,,Ⅱ
2024-05-17T08:00:00+08:00,1715904000,26.4,8.16,10.12,588.4,33.8,2.34,0.035,0.058,1.56,,,Ⅱ
2024-05-17T12:00:00+08:00,1715918400,28.0,8.42,11.12,603.3,31.0,2.37,0.044,0.052,1.46,,,Ⅱ
2024-05-17T16:00:00+08:00,1715932800,29.6,8.25,11.58,589.0,38.8,2.28,0.052,0.045,1.39,,,Ⅱ
2024-05-17T20:00:00+08:00,1715947200,27.6,8.01,10.78,584.7,34.6,2.21,0.046,0.047,1.35,,,Ⅱ
2024-05-18T00:00:00+08:00,1715961600,28.0,8.02,10.78,574.0,22.7,2.17,0.038,0.04,1.33,,,Ⅱ
2024-05-18T04:00:00+08:00,1715976000,27.4,7.92,10.3,573.7,24.2,2.04,0.036,0.041,1.36,,,Ⅱ
2024-05-18T08:00:00+08:00,1715990400,27.2,7.98,10.17,578.9,20.3,2.3,0.046,0.036,1.5,,,Ⅱ
2024-05-18T12:00:00+08:00,1716004800,28.0,7.89,9.87,595.1,42.4,2.05,0.062,0.027,1.44,,,Ⅱ
2024-05-18T16:00:00+08:00,1716019200,27.0,7.67,9.07,596.5,38.0,1.78,0.061,0.023,1.59,,,Ⅱ
2024-05-18T20:00:00+08:00,1716033600,26.5,7.73,9.0,599.0,30.2,1.96,0.05,0.025,1.57,,,Ⅱ
2024-05-19T00:00:00+08:00,1716048000,26.4,7.73,9.12,596.4,28.3,1.98,0.039,0.025,1.51,,,Ⅱ
2024-05-19T04:00:00+08:00,1716062400,26.3,7.69,8.99,596.7,27.0,1.98,0.035,0.026,1.46,,,Ⅱ
2024-05-19T08:00:00+08:00,1716076800,26.2,7.39,8.56,618.6,182.9,1.84,0.046,0.032,1.56,,,Ⅱ
2024-05-19T12:00:00+08:00,1716091200,26.6,7.27,8.42,623.1,99.6,1.77,0.048,0.046,1.73,,,Ⅱ
2024-05-19T16:00:00+08:00,1716105600,27.0,7.23,8.41,622.6,73.8,1.93,0.048,0.048,1.8,,,Ⅱ
2024-05-19T20:00:00+08:00,1716120000,26.9,7.21,8.38,621.4,69.0,1.8,0.037,0.038,1.79,,,Ⅱ
2024-05-20T00:00:00+08:00,1716134400,26.8,7.19,8.34,620.8,64.2,1.88,0.032,0.036,1.82,,,Ⅱ
2024-05-20T04:00:00+08:00,1716148800,26.6,7.21,8.37,618.7,57.1,1.81,0.03,0.035,1.83,,,Ⅱ
2024-05-20T08:00:00+08:00,1716163200,26.6,7.32,8.46,625.3,72.4,1.76,0.036,0.034,1.86,,,Ⅱ
2024-05-20T12:00:00+08:00,1716177600,27.3,7.2,8.4,624.0,111.2,1.65,0.094,0.022,1.72,,,Ⅱ
2024-05-20T16:00:00+08:00,1716192000,27.7,7.2,8.42,626.1,72.0,1.47,0.067,0.022,1.8,,,Ⅱ
2024-05-20T20:00:00+08:00,1716206400,27.9,7.17,8.35,632.5,76.4,1.75,0.043,0.034,1.96,,,Ⅱ
2024-05-21T00:00:00+08:00,1716220800,27.8,7.25,8.43,632.5,68.8,1.78,0.039,0.039,1.71,,,Ⅱ
2024-05-21T04:00:00+08:00,1716235200,27.7,7.17,8.32,631.2,83.1,1.75,0.037,0.041,1.65,,,Ⅱ
2024-05-21T08:00:00+08:00,1716249600,27.6,7.19,8.31,628.9,94.5,1.92,0.043,0.039,1.71,,,Ⅱ
2024-05-21T16:00:00+08:00,1716278400,28.0,7.13,8.35,589.0,87.1,1.64,0.045,0.038,1.7,,,Ⅱ
2024-05-21T20:00:00+08:00,1716292800,27.8,7.12,8.32,593.8,88.3,1.59,0.037,0.047,1.74,,,Ⅱ
2024-05-22T04:00:00+08:00,1716321600,27.4,7.12,8.27,592.6,96.2,1.78,0.032,0.052,1.7,,,Ⅱ
2024-05-22T08:00:00+08:00,1716336000,27.3,7.13,8.27,592.9,99.8,1.67,0.04,0.052,1.76,,,Ⅱ
2024-05-23T08:00:00+08:00,1716422400,27.4,7.08,8.2,581.4,90.0,1.51,0.04,0.058,1.72,,,Ⅱ
2024-05-23T12:00:00+08:00,1716436800,27.4,7.03,8.25,567.6,182.2,1.65,0.04,0.056,1.69,,,Ⅱ
2024-05-23T16:00:00+08:00,1716451200,27.9,7.01,8.17,578.5,119.6,1.66,0.046,0.054,1.71,,,Ⅱ
2024-05-23T20:00:00+08:00,1716465600,28.0,7.0,8.18,577.6,93.5,1.67,0.039,0.057,1.7,,,Ⅱ
2024-05-24T04:00:00+08:00,1716494400,27.6,7.01,8.12,580.3,94.3,1.63,0.032,0.06,1.68,,,Ⅱ
2024-05-24T08:00:00+08:00,1716508800,27.6,6.94,8.19,575.1,79.3,1.66,0.041,0.058,1.69,,,Ⅱ
2024-05-24T16:00:00+08:00,1716537600,28.5,7.01,8.15,578.9,136.0,1.52,0.05,0.057,1.68,,,Ⅱ
2024-05-24T20:00:00+08:00,1716552000,28.3,7.01,8.22,572.3,106.1,1.55,0.04,0.06,1.69,,,Ⅱ
2024-05-25T04:00:00+08:00,1716580800,28.1,7.0,8.12,579.8,108.5,1.59,0.037,0.063,1.7,,,Ⅱ
2024-05-25T08:00:00+08:00,1716595200,28.0,7.03,8.17,577.5,101.8,1.59,0.04,0.063,1.7,,,Ⅱ
2024-05-25T12:00:00+08:00,1716609600,28.2,7.0,7.99,577.4,127.6,1.59,0.047,0.059,1.64,,,Ⅱ
2024-05-25T16:00:00+08:00,1716624000,28.2,7.04,8.2,578.7,107.2,1.66,0.048,0.059,1.66,,,Ⅱ
2024-05-25T20:00:00+08:00,1716638400,28.4,7.03,8.18,581.8,96.6,1.54,0.043,0.067,1.62,,,Ⅱ
2024-05-26T04:00:00+08:00,1716667200,28.1,7.01,8.07,579.8,110.1,1.52,0.043,0.066,1.65,,,Ⅱ
2024-05-26T08:00:00+08:00,1716681600,28.2,6.99,8.08,580.8,122.8,1.55,0.056,0.054,1.68,,,Ⅱ
2024-05-26T12:00:00+08:00,1716696000,29.7,6.98,8.06,597.3,106.6,1.6,0.069,0.048,1.61,,,Ⅱ
2024-05-26T16:00:00+08:00,1716710400,30.8,6.87,7.95,604.4,88.2,1.52,0.077,0.044,1.56,,,Ⅱ
2024-05-26T20:00:00+08:00,1716724800,31.3,6.89,7.98,604.6,99.3,1.6,0.071,0.046,1.6,,,Ⅱ
2024-05-27T04:00:00+08:00,1716753600,29.5,6.83,7.86,593.4,114.9,1.72,0.065,0.049,1.6,,,Ⅱ
2024-05-27T08:00:00+08:00,1716768000,29.1,6.84,7.82,590.7,96.7,1.7,0.041,0.056,1.65,,,Ⅱ
2024-05-27T12:00:00+08:00,1716782400,28.6,6.88,7.92,586.4,102.4,1.53,0.026,0.059,1.65,,,Ⅱ
2024-05-27T16:00:00+08:00,1716796800,28.0,6.97,8.02,583.0,104.4,1.59,0.025,0.059,1.65,,,Ⅱ
2024-05-27T20:00:00+08:00,1716811200,27.6,7.02,8.04,580.4,96.5,1.72,0.025,0.067,1.66,,,Ⅱ
2024-05-28T04:00:00+08:00,1716840000,27.2,7.06,8.1,577.9,104.2,1.52,0.025,0.069,1.65,,,Ⅱ
2024-05-28T08:00:00+08:00,1716854400,26.9,7.11,8.16,576.4,106.0,1.65,0.025,0.063,1.64,,,Ⅱ
2024-05-28T12:00:00+08:00,1716868800,27.1,7.04,8.1,578.3,114.3,1.59,0.05,0.062,1.65,,,Ⅱ
2024-05-28T16:00:00+08:00,1716883200,27.3,7.04,8.07,580.4,104.9,1.64,0.047,0.061,1.72,,,Ⅱ
2024-05-28T20:00:00+08:00,1716897600,27.5,7.07,8.15,582.5,97.4,1.48,0.032,0.066,1.68,,,Ⅱ
2024-05-29T04:00:00+08:00,1716926400,27.1,7.1,8.16,579.0,85.5,1.57,0.025,0.068,1.66,,,Ⅱ
2024-05-29T08:00:00+08:00,1716940800,27.0,7.06,8.17,580.5,98.8,0.95,0.032,0.01,1.61,,,Ⅰ
2024-05-29T12:00:00+08:00,1716955200,27.3,7.03,8.19,582.0,95.8,1.54,0.076,0.115,1.35,,,Ⅲ
2024-05-29T16:00:00+08:00,1716969600,27.0,7.04,8.26,582.2,89.0,8.0,1.517,0.398,,,,Ⅴ
2024-05-29T20:00:00+08:00,1716984000,27.1,7.07,8.09,585.3,81.0,8.0,1.548,0.108,1.59,,,Ⅴ
2024-05-30T04:00:00+08:00,1717012800,26.9,7.03,8.21,582.5,76.5,1.73,0.053,0.069,1.59,,,Ⅱ
2024-05-30T08:00:00+08:00,1717027200,27.0,7.08,8.24,586.7,85.8,1.76,0.056,0.062,1.59,,,Ⅱ
2024-05-30T12:00:00+08:00,1717041600,27.4,7.09,8.25,595.3,71.8,1.75,0.064,0.05,1.6,,,Ⅱ
2024-05-30T16:00:00+08:00,1717056000,27.8,6.94,8.06,589.3,69.2,1.59,0.058,0.051,1.57,,,Ⅱ
2024-05-30T20:00:00+08:00,1717070400,27.6,7.05,8.23,590.3,55.7,1.73,0.05,0.051,1.54,,,Ⅱ
2024-05-31T04:00:00+08:00,1717099200,27.6,7.02,8.14,589.6,54.6,1.76,0.044,0.043,1.57,,,Ⅱ
2024-05-31T08:00:00+08:00,1717113600,27.5,7.05,8.16,591.7,69.7,1.67,0.04,0.044,1.58,,,Ⅱ
2024-05-31T12:00:00+08:00,1717128000,27.7,7.01,8.14,593.2,57.8,1.65,0.042,0.039,1.58,,,Ⅱ
2024-05-31T20:00:00+08:00,1717156800,27.6,7.0,8.13,592.1,52.6,1.63,0.038,0.038,1.54,,,Ⅱ
2024-06-01T00:00:00+08:00,1717171200,27.6,7.15,8.32,595.4,47.1,1.76,0.036,0.036,1.55,,,Ⅱ
2024-06-01T04:00:00+08:00,1717185600,27.4,7.03,8.13,596.8,45.2,1.75,0.045,0.035,1.55,,,Ⅱ
2024-06-01T08:00:00+08:00,1717200000,27.8,6.92,8.16,608.6,97.0,1.6,0.037,0.036,1.58,,,Ⅱ
2024-06-01T16:00:00+08:00,1717228800,28.3,6.86,7.89,616.7,71.2,1.51,0.046,0.03,1.6,,,Ⅱ
2024-06-01T20:00:00+08:00,1717243200,28.0,6.78,8.13,597.6,51.5,1.44,0.033,0.032,1.55,,,Ⅱ
2024-06-02T04:00:00+08:00,1717272000,27.6,6.93,8.05,614.2,54.3,1.72,0.028,0.04,1.64,,,Ⅱ
2024-06-02T08:00:00+08:00,1717286400,27.7,6.82,8.19,609.9,113.5,1.44,0.027,0.031,1.6,,,Ⅱ
2024-06-02T12:00:00+08:00,1717300800,28.3,6.86,8.11,637.7,69.4,1.62,0.04,0.03,1.62,,,Ⅱ
2024-06-02T16:00:00+08:00,1717315200,28.4,6.91,8.13,637.5,50.5,1.66,0.027,0.042,1.52,,,Ⅱ
2024-06-02T20:00:00+08:00,1717329600,27.3,7.03,8.35,635.9,48.6,1.61,0.025,0.058,1.69,,,Ⅱ
2024-06-03T04:00:00+08:00,1717358400,26.9,7.07,8.35,632.4,40.9,1.52,0.025,0.048,1.78,,,Ⅱ
2024-06-03T12:00:00+08:00,1717387200,27.4,7.01,8.34,659.9,67.4,1.79,0.034,0.048,1.77,,,Ⅱ
2024-06-03T16:00:00+08:00,1717401600,27.7,6.99,8.28,659.8,50.9,1.75,0.034,0.048,1.77,,,Ⅱ
2024-06-03T20:00:00+08:00,1717416000,28.0,7.04,8.4,655.4,42.2,1.86,0.031,0.045,1.77,,,Ⅱ
2024-06-04T00:00:00+08:00,1717430400,27.8,7.0,8.31,663.7,58.3,1.51,0.04,0.044,1.73,,,Ⅱ
2024-06-04T04:00:00+08:00,1717444800,27.6,6.98,8.31,661.2,53.7,1.73,0.033,0.045,1.74,,,Ⅱ
2024-06-04T08:00:00+08:00,1717459200,27.5,7.0,8.28,658.5,94.0,1.81,0.05,0.046,1.76,,,Ⅱ
2024-06-04T12:00:00+08:00,1717473600,27.6,6.99,8.34,646.0,94.6,1.65,0.029,0.048,1.72,,,Ⅱ
2024-06-04T16:00:00+08:00,1717488000,27.9,6.94,8.27,649.8,62.4,1.57,0.029,0.046,1.71,,,Ⅱ
2024-06-04T20:00:00+08:00,1717502400,27.7,6.97,8.34,647.8,57.8,1.74,0.025,0.046,1.69,,,Ⅱ
2024-06-05T00:00:00+08:00,1717516800,27.7,6.98,8.24,651.3,62.0,1.61,0.028,0.044,1.72,,,Ⅱ
2024-06-05T04:00:00+08:00,1717531200,27.5,7.0,8.31,652.4,64.2,1.66,0.026,0.044,1.7,,,Ⅱ
2024-06-05T08:00:00+08:00,1717545600,27.4,7.02,8.37,651.6,69.5,1.64,0.028,0.046,1.76,,,Ⅱ
2024-06-05T12:00:00+08:00,1717560000,27.4,7.04,8.37,640.3,174.0,1.81,0.025,0.045,1.7,,,Ⅱ
2024-06-05T20:00:00+08:00,1717588800,27.0,7.07,8.34,638.9,78.1,1.58,0.025,0.043,1.66,,,Ⅱ
2024-06-06T00:00:00+08:00,1717603200,26.9,7.0,8.27,635.8,78.9,1.62,0.025,0.043,1.67,,,Ⅱ
2024-06-06T08:00:00+08:00,1717632000,26.2,7.12,8.39,634.8,82.2,1.65,0.032,0.043,1.73,,,Ⅱ
2024-06-06T16:00:00+08:00,1717660800,26.8,7.09,8.4,614.4,94.9,1.61,0.025,0.042,1.63,,,Ⅱ
2024-06-06T20:00:00+08:00,1717675200,26.7,7.08,8.33,611.9,74.6,1.56,0.025,0.044,1.62,,,Ⅱ
2024-06-07T04:00:00+08:00,1717704000,26.5,7.08,8.3,612.0,71.2,1.61,0.025,0.042,1.62,,,Ⅱ
2024-06-07T08:00:00+08:00,1717718400,26.3,7.11,8.41,613.7,79.8,1.56,0.025,0.045,1.62,,,Ⅱ
2024-06-07T12:00:00+08:00,1717732800,26.5,7.09,8.45,612.1,72.6,1.48,0.027,0.044,1.64,,,Ⅱ
2024-06-07T16:00:00+08:00,1717747200,26.6,7.1,8.5,614.1,62.1,1.63,0.027,0.046,1.64,,,Ⅱ
2024-06-07T20:00:00+08:00,1717761600,26.6,7.08,8.43,614.3,59.7,1.62,0.028,0.045,1.62,,,Ⅱ
2024-06-08T04:00:00+08:00,1717790400,26.4,7.07,8.42,612.9,78.2,1.5,0.025,0.04,1.6,,,Ⅱ
2024-06-08T08:00:00+08:00,1717804800,26.6,7.04,8.37,614.0,77.7,1.56,0.036,0.045,1.64,,,Ⅱ
2024-06-08T12:00:00+08:00,1717819200,27.0,6.99,8.39,614.8,94.1,1.56,0.044,0.045,1.64,,,Ⅱ
2024-06-08T16:00:00+08:00,1717833600,27.0,6.96,8.38,617.0,72.8,1.64,0.05,0.044,1.61,,,Ⅱ
2024-06-08T20:00:00+08:00,1717848000,26.8,6.96,8.37,618.2,64.9,1.5,0.048,0.046,1.64,,,Ⅱ
2024-06-09T00:00:00+08:00,1717862400,26.7,7.01,8.34,619.5,68.7,1.72,0.046,0.043,1.62,,,Ⅱ
2024-06-09T04:00:00+08:00,1717876800,27.1,6.95,8.22,623.9,88.6,1.51,0.042,0.046,1.64,,,Ⅱ
2024-06-09T08:00:00+08:00,1717891200,27.3,6.93,8.21,622.1,76.4,1.58,0.033,0.047,1.62,,,Ⅱ
2024-06-09T12:00:00+08:00,1717905600,27.6,7.02,8.43,630.1,79.4,1.62,0.029,0.047,1.61,,,Ⅱ
2024-06-09T16:00:00+08:00,1717920000,28.3,6.9,8.26,630.5,80.9,1.6,0.033,0.046,1.58,,,Ⅱ
2024-06-09T20:00:00+08:00,1717934400,28.5,7.12,8.53,638.6,92.8,1.67,0.026,0.047,1.57,,,Ⅱ
2024-06-10T04:00:00+08:00,1717963200,27.8,6.92,8.23,626.3,74.9,1.57,0.03,0.044,1.58,,,Ⅱ
2024-06-10T08:00:00+08:00,1717977600,27.6,6.91,8.28,621.6,103.6,1.65,0.028,0.045,1.58,,,Ⅱ
2024-06-10T12:00:00+08:00,1717992000,27.6,6.98,8.28,622.0,70.9,1.67,0.025,0.046,1.58,,,Ⅱ
2024-06-10T16:00:00+08:00,1718006400,27.6,6.95,8.29,622.5,75.6,1.79,0.03,0.044,1.6,,,Ⅱ
2024-06-10T20:00:00+08:00,1718020800,27.8,6.79,8.04,620.8,76.5,1.65,0.029,0.084,1.62,,,Ⅱ
2024-06-11T04:00:00+08:00,1718049600,27.6,6.82,8.1,616.6,87.7,1.66,0.025,0.048,1.57,,,Ⅱ
2024-06-11T08:00:00+08:00,1718064000,27.5,6.83,8.02,615.4,89.8,1.72,0.029,0.047,1.58,,,Ⅱ
2024-06-11T12:00:00+08:00,1718078400,27.5,6.86,8.1,611.8,90.1,1.49,0.027,0.046,1.6,,,Ⅱ
2024-06-11T16:00:00+08:00,1718092800,27.5,6.84,8.09,612.4,71.0,1.32,0.025,0.047,1.6,,,Ⅱ
2024-06-11T20:00:00+08:00,1718107200,27.4,6.85,8.12,612.3,91.5,1.57,0.025,0.047,1.6,,,Ⅱ
2024-06-12T04:00:00+08:00,1718136000,27.3,6.84,7.99,609.9,95.3,1.53,0.025,0.046,1.6,,,Ⅱ
2024-06-12T08:00:00+08:00,1718150400,27.2,6.88,8.11,609.4,89.2,1.62,0.033,0.048,1.57,,,Ⅱ
2024-06-12T12:00:00+08:00,1718164800,27.5,6.83,8.06,610.5,79.4,1.55,0.049,0.046,1.6,,,Ⅱ
2024-06-12T16:00:00+08:00,1718179200,27.4,6.84,8.14,609.6,75.4,1.63,0.033,0.047,1.61,,,Ⅱ
2024-06-13T04:00:00+08:00,1718222400,27.4,6.81,8.06,611.2,68.7,1.62,0.029,0.047,1.6,,,Ⅱ
2024-06-13T08:00:00+08:00,1718236800,27.5,6.84,8.03,612.2,77.7,1.48,0.029,0.05,1.62,,,Ⅱ
2024-06-13T12:00:00+08:00,1718251200,27.6,6.81,8.2,612.3,68.2,1.63,0.032,0.049,1.6,,,Ⅱ
2024-06-13T16:00:00+08:00,1718265600,27.5,6.81,8.1,611.4,69.0,1.4,0.03,0.049,1.6,,,Ⅱ
2024-06-13T20:00:00+08:00,1718280000,27.5,6.84,7.95,616.2,64.4,1.61,0.025,0.047,1.6,,,Ⅱ
2024-06-14T00:00:00+08:00,1718294400,27.6,6.83,8.03,618.7,72.8,1.68,0.025,0.048,1.54,,,Ⅱ
2024-06-14T04:00:00+08:00,1718308800,27.5,6.81,7.94,619.8,57.8,1.49,0.025,0.048,1.58,,,Ⅱ
2024-06-14T08:00:00+08:00,1718323200,27.7,6.8,7.96,622.5,67.3,1.58,0.029,0.051,1.61,,,Ⅱ
2024-06-14T12:00:00+08:00,1718337600,27.8,6.82,8.0,628.3,69.2,1.73,0.026,0.05,1.55,,,Ⅱ
2024-06-14T16:00:00+08:00,1718352000,27.8,6.78,7.88,625.9,58.0,1.37,0.026,0.048,1.71,,,Ⅱ
2024-06-14T20:00:00+08:00,1718366400,27.8,6.82,7.95,627.1,84.6,1.62,0.025,0.048,1.58,,,Ⅱ
2024-06-15T00:00:00+08:00,1718380800,28.0,6.76,7.85,634.2,45.9,1.78,0.025,0.046,1.5,,,Ⅱ
2024-06-15T04:00:00+08:00,1718395200,28.0,6.77,7.94,634.0,45.6,1.65,0.025,0.047,1.5,,,Ⅱ
2024-06-15T08:00:00+08:00,1718409600,28.2,6.76,7.9,633.1,49.1,1.41,0.031,0.046,1.5,,,Ⅱ
2024-06-15T12:00:00+08:00,1718424000,28.3,6.81,8.07,637.5,44.5,1.67,0.034,0.045,1.52,,,Ⅱ
2024-06-15T16:00:00+08:00,1718438400,28.5,6.75,7.86,631.6,52.9,1.76,0.052,0.068,1.51,,,Ⅱ
2024-06-15T20:00:00+08:00,1718452800,28.3,6.85,7.9,636.5,65.9,1.65,0.035,0.055,1.52,,,Ⅱ
2024-06-16T00:00:00+08:00,1718467200,28.3,6.82,7.91,636.2,55.5,1.67,0.031,0.049,1.48,,,Ⅱ
2024-06-16T04:00:00+08:00,1718481600,28.4,6.68,7.91,622.9,42.7,1.63,0.035,0.043,1.42,,,Ⅱ
2024-06-16T08:00:00+08:00,1718496000,28.4,6.81,7.87,638.2,47.6,1.74,0.032,0.044,1.5,,,Ⅱ
2024-06-16T12:00:00+08:00,1718510400,28.4,6.88,7.99,639.3,47.9,1.56,0.028,0.046,1.49,,,Ⅱ
2024-06-16T16:00:00+08:00,1718524800,28.5,6.84,7.9,641.4,49.0,1.64,0.026,0.044,1.44,,,Ⅱ
2024-06-16T20:00:00+08:00,1718539200,28.5,6.75,7.79,640.6,56.9,1.86,0.026,0.044,1.47,,,Ⅱ
2024-06-17T00:00:00+08:00,1718553600,28.4,6.8,7.77,639.3,55.9,1.82,0.029,0.044,1.46,,,Ⅱ
2024-06-17T04:00:00+08:00,1718568000,28.3,6.83,7.91,641.2,54.0,1.87,0.027,0.043,1.42,,,Ⅱ
2024-06-17T08:00:00+08:00,1718582400,28.3,7.07,8.15,649.0,83.7,1.75,0.027,0.044,1.51,,,Ⅱ
2024-06-17T12:00:00+08:00,1718596800,28.9,6.85,8.13,638.6,69.0,1.7,0.033,0.047,1.6,,,Ⅱ
2024-06-17T16:00:00+08:00,1718611200,28.8,6.85,8.14,637.4,63.9,1.64,0.027,0.047,1.63,,,Ⅱ
2024-06-17T20:00:00+08:00,1718625600,28.6,6.85,8.03,637.8,60.1,1.63,0.026,0.048,1.64,,,Ⅱ
2024-06-18T04:00:00+08:00,1718654400,28.4,6.81,7.93,636.6,65.0,1.61,0.025,0.047,1.56,,,Ⅱ
2024-06-18T08:00:00+08:00,1718668800,28.4,6.82,7.92,638.8,63.9,1.64,0.039,0.05,1.6,,,Ⅱ
2024-06-18T12:00:00+08:00,1718683200,29.1,6.95,8.32,656.1,134.4,2.35,0.043,0.047,1.42,,,Ⅱ
2024-06-18T16:00:00+08:00,1718697600,30.0,6.75,8.0,693.5,87.6,2.0,0.093,0.046,1.35,,,Ⅱ
2024-06-18T20:00:00+08:00,1718712000,29.9,6.69,7.91,690.8,84.9,2.01,0.104,0.046,1.46,,,Ⅱ
2024-06-19T04:00:00+08:00,1718740800,29.6,6.67,7.78,685.2,82.3,2.0,0.101,0.046,1.51,,,Ⅱ
2024-06-19T08:00:00+08:00,1718755200,29.6,6.65,7.67,684.5,93.4,2.09,0.099,0.048,1.5,,,Ⅱ
2024-06-19T12:00:00+08:00,1718769600,29.6,6.65,7.71,685.0,107.2,2.09,0.104,0.049,1.47,,,Ⅱ
2024-06-19T16:00:00+08:00,1718784000,29.5,6.75,7.85,687.0,77.5,2.02,0.101,0.05,1.45,,,Ⅱ
2024-06-19T20:00:00+08:00,1718798400,29.6,6.71,7.84,686.1,76.2,2.01,0.1,0.052,1.46,,,Ⅱ
2024-06-20T04:00:00+08:00,1718827200,29.3,6.62,7.62,685.1,72.8,1.96,0.105,0.048,1.4,,,Ⅱ
2024-06-20T08:00:00+08:00,1718841600,29.4,6.48,7.5,659.5,63.8,1.88,0.096,0.049,1.42,,,Ⅱ
2024-06-20T12:00:00+08:00,1718856000,29.2,6.68,7.65,689.6,63.7,1.91,0.102,0.051,1.39,,,Ⅱ
2024-06-20T16:00:00+08:00,1718870400,29.8,6.67,7.66,697.1,67.8,2.06,0.118,0.056,1.46,,,Ⅱ
2024-06-20T20:00:00+08:00,1718884800,29.9,6.66,7.71,698.6,57.2,2.01,0.114,0.057,1.45,,,Ⅱ
2024-06-21T04:00:00+08:00,1718913600,29.2,6.61,7.63,683.7,138.6,1.98,0.085,0.061,1.55,,,Ⅱ
2024-06-21T08:00:00+08:00,1718928000,29.3,6.6,7.6,684.7,100.3,1.95,0.086,0.062,1.61,,,Ⅱ
2024-06-21T12:00:00+08:00,1718942400,29.4,6.61,7.7,684.4,109.0,2.02,0.086,0.063,1.55,,,Ⅱ
2024-06-21T16:00:00+08:00,1718956800,29.5,6.63,7.8,684.8,97.8,1.95,0.086,0.062,1.57,,,Ⅱ
2024-06-21T20:00:00+08:00,1718971200,29.4,6.57,7.7,682.7,91.4,1.94,0.081,0.064,1.57,,,Ⅱ
2024-06-22T04:00:00+08:00,1719000000,29.2,6.58,7.71,682.7,82.8,1.82,0.08,0.064,1.6,,,Ⅱ
2024-06-22T08:00:00+08:00,1719014400,29.4,6.55,7.54,685.5,71.8,1.33,0.093,0.066,1.59,,,Ⅱ
2024-06-22T12:00:00+08:00,1719028800,29.6,6.5,7.81,677.0,201.1,1.65,0.035,0.061,1.64,,,Ⅱ
2024-06-22T16:00:00+08:00,1719043200,29.6,6.53,7.81,687.6,106.6,1.88,0.037,0.064,1.68,,,Ⅱ
2024-06-22T20:00:00+08:00,1719057600,29.5,6.51,7.78,678.0,79.8,1.76,0.031,0.059,1.65,,,Ⅱ
2024-06-23T04:00:00+08:00,1719086400,29.6,6.48,7.66,688.2,77.1,1.89,0.04,0.06,1.73,,,Ⅱ
2024-06-23T08:00:00+08:00,1719100800,29.5,6.5,7.64,688.0,74.7,1.85,0.044,0.062,1.66,,,Ⅱ
2024-06-23T12:00:00+08:00,1719115200,29.7,6.53,7.86,689.5,73.0,1.95,0.045,0.062,1.68,,,Ⅱ
2024-06-23T16:00:00+08:00,1719129600,29.4,6.54,7.77,693.2,64.1,1.88,0.051,0.06,1.66,,,Ⅱ
2024-06-23T20:00:00+08:00,1719144000,29.5,6.34,7.55,666.5,55.6,1.87,0.043,0.059,1.62,,,Ⅱ
2024-06-24T04:00:00+08:00,1719172800,29.0,6.46,7.57,698.8,70.5,1.92,0.058,0.063,1.66,,,Ⅱ
2024-06-24T08:00:00+08:00,1719187200,29.1,6.38,7.45,670.0,58.2,1.88,0.075,0.062,1.63,,,Ⅱ
2024-06-24T12:00:00+08:00,1719201600,29.6,6.49,7.7,701.3,55.4,1.95,0.096,0.064,1.68,,,Ⅱ
2024-06-24T16:00:00+08:00,1719216000,29.6,6.54,7.83,694.9,68.3,2.01,0.071,0.069,1.7,,,Ⅱ
2024-06-24T20:00:00+08:00,1719230400,29.8,6.55,7.89,696.2,52.8,1.89,0.051,0.07,1.72,,,Ⅱ
2024-06-25T00:00:00+08:00,1719244800,29.4,6.56,7.84,713.6,55.1,1.93,0.076,0.07,1.58,,,Ⅱ
2024-06-25T08:00:00+08:00,1719273600,29.0,6.45,7.66,706.3,172.6,1.95,0.078,0.069,1.62,,,Ⅱ
2024-06-25T12:00:00+08:00,1719288000,29.0,6.52,7.86,710.8,51.7,2.01,0.077,0.07,1.62,,,Ⅱ
2024-06-26T10:19:00+08:00,1719368340,,,,,,,,,,,,
2024-06-26T14:26:00+08:00,1719383160,,,,,,,,,,,,
2024-06-26T16:00:00+08:00,1719388800,28.4,6.35,7.27,675.8,67.5,3.56,0.244,0.115,1.68,,,Ⅲ
2024-06-26T20:00:00+08:00,1719403200,28.2,6.29,7.14,734.4,111.7,2.78,0.357,0.172,2.07,,,Ⅲ
2024-06-27T04:00:00+08:00,1719432000,28.1,6.32,7.18,737.9,55.3,3.14,0.593,0.149,2.28,,,Ⅲ
2024-06-27T08:00:00+08:00,1719446400,27.9,6.32,6.9,740.9,145.8,3.16,0.678,0.154,2.29,,,Ⅲ
2024-06-27T12:00:00+08:00,1719460800,27.8,6.31,6.94,710.0,91.3,3.44,0.786,0.166,2.54,,,Ⅲ
2024-06-27T16:00:00+08:00,1719475200,27.9,6.32,6.98,710.6,44.0,3.03,0.853,0.156,2.61,,,Ⅲ
2024-06-27T20:00:00+08:00,1719489600,27.8,6.33,6.74,712.1,33.8,3.1,0.876,0.155,2.65,,,Ⅲ
2024-06-28T04:00:00+08:00,1719518400,27.6,6.33,7.01,711.0,27.1,3.19,0.864,0.157,2.64,,,Ⅲ
2024-06-28T08:00:00+08:00,1719532800,27.7,6.33,6.96,715.5,39.6,3.19,0.861,0.158,2.64,,,Ⅲ
2024-06-28T12:00:00+08:00,1719547200,28.1,6.54,7.72,722.3,31.6,3.29,0.79,0.156,2.61,,,Ⅲ
2024-06-28T16:00:00+08:00,1719561600,28.9,6.23,7.38,738.1,32.3,3.97,0.604,0.12,2.53,,,Ⅲ
2024-06-28T20:00:00+08:00,1719576000,27.6,6.46,7.6,736.5,28.2,3.23,0.543,0.153,3.95,,,Ⅲ
2024-06-29T00:00:00+08:00,1719590400,28.0,6.49,7.81,751.2,26.2,3.23,0.519,0.15,2.46,,,Ⅲ
2024-06-29T04:00:00+08:00,1719604800,27.9,6.41,7.53,752.1,28.2,2.92,0.519,0.151,2.48,,,Ⅲ
2024-06-29T08:00:00+08:00,1719619200,27.8,6.46,7.78,750.4,29.1,3.13,0.484,0.151,2.48,,,Ⅲ
2024-06-29T12:00:00+08:00,1719633600,28.2,6.77,8.38,755.3,23.9,3.2,0.443,0.155,2.52,,,Ⅲ
2024-06-29T16:00:00+08:00,1719648000,29.6,7.03,8.66,775.3,30.5,3.1,0.348,0.157,2.53,,,Ⅲ
2024-06-29T20:00:00+08:00,1719662400,28.6,6.67,7.9,769.6,28.8,3.1,0.273,0.147,2.53,,,Ⅲ
2024-06-30T00:00:00+08:00,1719676800,29.0,6.85,8.65,765.0,22.2,3.13,0.272,0.141,2.53,,,Ⅲ
2024-06-30T04:00:00+08:00,1719691200,28.7,6.82,8.38,791.6,29.8,3.13,0.28,0.141,2.36,,,Ⅲ
2024-06-30T08:00:00+08:00,1719705600,28.4,6.54,7.54,723.0,26.1,3.13,0.204,0.135,2.36,,,Ⅲ
2024-06-30T12:00:00+08:00,1719720000,27.9,6.52,6.7,764.3,126.9,2.85,0.364,0.134,2.36,,,Ⅲ
2024-06-30T20:00:00+08:00,1719748800,28.1,6.45,6.42,704.9,60.0,3.54,0.618,0.15,2.7,,,Ⅲ
2024-07-01T04:00:00+08:00,1719777600,28.1,6.42,6.53,726.5,73.5,3.5,0.682,0.16,2.74,,,Ⅲ
2024-07-01T12:00:00+08:00,1719806400,28.1,6.47,6.76,731.6,55.0,3.71,0.537,0.172,2.54,,,Ⅲ
2024-07-03T16:00:00+08:00,1719993600,28.8,6.44,7.48,634.7,48.6,2.46,0.042,0.095,2.04,,,Ⅱ
2024-07-03T20:00:00+08:00,1720008000,30.1,6.2,7.14,622.2,90.0,2.19,0.038,0.095,1.94,,,Ⅱ
2024-07-04T04:00:00+08:00,1720036800,28.8,6.44,7.61,651.0,67.3,2.33,0.029,0.087,2.04,,,Ⅱ
2024-07-04T08:00:00+08:00,1720051200,29.0,6.44,7.47,659.1,54.5,2.48,0.048,0.094,2.06,,,Ⅱ
2024-07-04T12:00:00+08:00,1720065600,29.2,6.73,7.92,683.8,75.5,2.48,0.042,0.095,1.96,,,Ⅱ
2024-07-04T16:00:00+08:00,1720080000,32.3,7.31,8.69,724.1,66.4,2.52,0.048,0.104,1.95,,,Ⅲ
2024-07-04T20:00:00+08:00,1720094400,32.1,7.34,8.73,720.2,52.5,2.37,0.035,0.11,1.87,,,Ⅲ
2024-07-05T04:00:00+08:00,1720123200,29.7,6.54,7.7,651.3,79.9,2.39,0.028,0.091,1.96,,,Ⅱ
2024-07-05T08:00:00+08:00,1720137600,29.5,6.66,7.88,663.1,55.3,2.19,0.039,0.087,1.89,,,Ⅱ
2024-07-05T16:00:00+08:00,1720166400,33.8,7.34,12.14,686.2,49.9,2.45,0.075,0.03,1.64,,,Ⅱ
2024-07-05T20:00:00+08:00,1720180800,34.4,7.06,12.74,678.8,32.9,2.69,0.031,0.043,1.48,,,Ⅱ
2024-07-06T04:00:00+08:00,1720209600,31.3,6.33,6.39,621.6,112.6,2.35,0.025,0.054,1.67,,,Ⅱ
2024-07-06T08:00:00+08:00,1720224000,31.8,6.56,8.04,631.1,90.4,2.26,0.025,0.052,1.68,,,Ⅱ
2024-07-06T16:00:00+08:00,1720252800,34.6,6.56,10.91,629.4,24.4,2.14,0.046,0.032,1.32,,,Ⅱ
2024-07-06T20:00:00+08:00,1720267200,34.9,7.11,12.95,643.0,35.6,2.26,0.042,0.032,1.32,,,Ⅱ
2024-07-07T04:00:00+08:00,1720296000,31.4,6.29,6.57,593.8,137.5,1.72,0.025,0.047,1.53,,,Ⅱ
2024-07-07T08:00:00+08:00,1720310400,30.7,6.41,6.24,590.5,124.8,1.89,0.044,0.056,1.57,,,Ⅱ
2024-07-07T12:00:00+08:00,1720324800,32.6,6.39,6.74,606.2,98.5,2.07,0.055,0.059,1.57,,,Ⅱ
2024-07-07T16:00:00+08:00,1720339200,33.0,6.37,6.79,612.2,116.1,2.0,0.051,0.058,1.56,,,Ⅱ
2024-07-07T20:00:00+08:00,1720353600,33.6,6.58,7.66,620.0,96.3,1.51,0.035,0.059,1.56,,,Ⅱ
2024-07-08T00:00:00+08:00,1720368000,30.2,6.39,5.58,556.5,536.1,1.74,0.026,0.062,1.48,,,Ⅲ
2024-07-08T04:00:00+08:00,1720382400,30.0,6.38,5.58,562.2,226.4,1.83,0.025,0.057,1.54,,,Ⅲ
2024-07-08T08:00:00+08:00,1720396800,31.0,6.37,5.93,582.6,202.5,1.79,0.048,0.058,1.54,,,Ⅲ
2024-07-08T12:00:00+08:00,1720411200,31.9,6.17,5.99,573.7,222.0,1.54,0.048,0.054,1.54,,,Ⅲ
2024-07-08T16:00:00+08:00,1720425600,32.4,5.96,6.32,565.4,123.4,,0.031,0.038,3.19,,,
2024-07-08T20:00:00+08:00,1720440000,31.5,6.35,5.84,572.1,128.2,1.62,0.025,0.049,3.19,,,Ⅲ
2024-07-09T00:00:00+08:00,1720454400,31.8,6.19,6.32,576.2,76.8,1.58,0.025,0.044,1.51,,,Ⅱ
2024-07-09T04:00:00+08:00,1720468800,30.6,6.39,5.66,562.3,171.4,1.57,0.025,0.052,1.5,,,Ⅲ
2024-07-09T08:00:00+08:00,1720483200,30.7,6.42,5.9,561.7,149.2,1.76,0.043,0.06,1.5,,,Ⅲ
2024-07-09T12:00:00+08:00,1720497600,31.6,6.24,6.18,558.0,125.8,1.69,0.046,0.054,1.57,,,Ⅱ
2024-07-09T16:00:00+08:00,1720512000,30.8,6.42,5.88,547.0,251.4,1.64,0.044,0.054,1.52,,,Ⅲ
2024-07-09T20:00:00+08:00,1720526400,32.3,6.04,6.32,563.9,103.8,1.38,0.032,0.042,1.49,,,Ⅱ
2024-07-10T00:00:00+08:00,1720540800,30.9,6.39,5.84,563.6,159.2,1.49,0.038,0.049,1.53,,,Ⅲ
2024-07-10T04:00:00+08:00,1720555200,31.0,6.32,5.68,570.2,169.2,1.73,0.045,0.058,1.52,,,Ⅲ
2024-07-10T08:00:00+08:00,1720569600,30.8,6.38,5.62,577.0,142.1,1.76,0.045,0.06,1.57,,,Ⅲ
2024-07-10T12:00:00+08:00,1720584000,31.3,6.25,6.02,578.8,98.6,1.75,0.05,0.056,1.54,,,Ⅱ
2024-07-10T16:00:00+08:00,1720598400,31.1,6.29,6.04,575.9,101.8,1.7,0.036,0.052,1.53,,,Ⅱ
2024-07-10T20:00:00+08:00,1720612800,31.4,6.14,6.44,569.4,63.8,1.47,0.025,0.045,1.56,,,Ⅱ
2024-07-11T00:00:00+08:00,1720627200,30.7,6.43,6.45,565.0,95.3,1.63,0.025,0.05,1.52,,,Ⅱ
2024-07-11T04:00:00+08:00,1720641600,30.4,6.35,5.52,578.4,128.9,1.82,0.048,0.061,1.55,,,Ⅲ
2024-07-11T08:00:00+08:00,1720656000,30.5,6.33,5.5,586.4,123.9,2.01,0.075,0.062,1.55,,,Ⅲ
2024-07-11T12:00:00+08:00,1720670400,30.6,6.26,5.72,571.8,126.2,2.01,0.045,0.061,1.56,,,Ⅲ
2024-07-11T16:00:00+08:00,1720684800,30.2,6.33,5.56,568.1,173.6,1.88,0.044,0.061,1.54,,,Ⅲ
2024-07-11T20:00:00+08:00,1720699200,29.9,8.11,4.92,611.2,119.9,1.98,0.088,0.07,1.57,,,Ⅳ
2024-07-12T00:00:00+08:00,1720713600,30.4,7.83,5.82,573.0,56.4,1.38,0.064,0.054,1.56,,,Ⅲ
2024-07-12T04:00:00+08:00,1720728000,29.8,8.09,4.63,609.2,128.3,1.9,0.084,0.061,1.55,,,Ⅳ
2024-07-12T08:00:00+08:00,1720742400,29.7,8.01,4.92,600.5,98.6,2.22,0.092,0.067,1.58,,,Ⅳ
2024-07-12T12:00:00+08:00,1720756800,29.7,8.1,5.23,587.0,268.4,2.01,0.076,0.072,1.58,,,Ⅲ
2024-07-12T16:00:00+08:00,1720771200,30.4,7.83,5.94,561.5,61.3,1.65,0.075,0.06,1.58,,,Ⅲ
2024-07-12T20:00:00+08:00,1720785600,30.0,8.08,4.74,596.2,101.3,1.82,0.126,0.072,1.7,,,Ⅳ
2024-07-13T00:00:00+08:00,1720800000,29.9,8.05,4.66,592.9,80.5,2.13,0.129,0.084,1.76,,,Ⅳ
2024-07-13T04:00:00+08:00,1720814400,29.9,7.96,4.85,584.4,74.7,1.89,0.105,0.082,1.69,,,Ⅳ
2024-07-13T08:00:00+08:00,1720828800,29.7,8.03,4.58,595.7,84.7,2.03,0.125,0.09,1.73,,,Ⅳ
2024-07-13T12:00:00+08:00,1720843200,30.0,7.95,4.76,625.0,63.8,2.15,0.16,0.093,1.76,,,Ⅳ
2024-07-13T16:00:00+08:00,1720857600,30.0,7.9,6.26,561.9,137.8,1.55,0.05,0.067,1.67,,,Ⅱ
2024-07-13T20:00:00+08:00,1720872000,29.7,8.09,6.2,571.5,116.2,1.48,0.026,0.051,1.54,,,Ⅱ
2024-07-15T08:00:00+08:00,1721001600,30.1,8.13,6.14,574.9,78.1,1.79,0.046,0.067,1.6,,,Ⅱ
2024-07-15T12:00:00+08:00,1721016000,30.6,8.3,7.38,576.7,66.3,1.7,0.047,0.064,1.52,,,Ⅱ
2024-07-15T16:00:00+08:00,1721030400,32.1,8.59,8.49,584.1,59.4,1.84,0.072,0.064,1.56,,,Ⅱ
2024-07-15T20:00:00+08:00,1721044800,31.0,8.0,8.2,564.3,32.3,2.07,0.038,0.057,1.56,,,Ⅱ
2024-07-16T00:00:00+08:00,1721059200,30.8,8.61,8.13,601.5,65.4,1.72,0.045,0.051,1.52,,,Ⅱ
2024-07-16T04:00:00+08:00,1721073600,30.9,8.52,7.8,582.2,64.5,2.01,0.04,0.063,1.51,,,Ⅱ
2024-07-16T08:00:00+08:00,1721088000,30.7,8.44,8.14,581.6,55.2,1.9,0.037,0.063,1.5,,,Ⅱ
2024-07-16T12:00:00+08:00,1721102400,32.0,8.62,9.48,585.4,50.6,1.79,0.051,0.057,1.42,,,Ⅱ
2024-07-16T16:00:00+08:00,1721116800,33.2,8.89,10.56,591.1,43.3,1.88,0.052,0.059,1.35,,,Ⅱ
2024-07-16T20:00:00+08:00,1721131200,31.5,7.73,6.05,552.2,83.0,1.43,0.032,0.047,1.46,,,Ⅱ
2024-07-17T00:00:00+08:00,1721145600,30.2,8.13,6.09,546.6,82.6,1.92,0.028,0.039,1.54,,,Ⅱ
2024-07-17T04:00:00+08:00,1721160000,30.7,7.76,6.02,555.2,45.4,1.56,0.025,0.037,1.53,,,Ⅱ
2024-07-17T08:00:00+08:00,1721174400,30.6,8.16,6.78,564.8,62.7,1.64,0.036,0.04,1.5,,,Ⅱ
2024-07-17T12:00:00+08:00,1721188800,32.0,8.48,7.84,579.0,59.7,1.74,0.044,0.049,1.46,,,Ⅱ
2024-07-17T16:00:00+08:00,1721203200,32.5,8.6,8.49,579.4,62.9,1.91,0.045,0.057,1.42,,,Ⅱ
2024-07-17T20:00:00+08:00,1721217600,31.1,7.97,5.97,537.0,208.8,1.66,0.028,0.052,1.51,,,Ⅲ
2024-07-18T00:00:00+08:00,1721232000,30.4,8.12,6.03,539.2,102.1,1.79,0.025,0.05,1.58,,,Ⅱ
2024-07-18T04:00:00+08:00,1721246400,30.6,7.95,5.96,542.6,67.2,1.69,0.025,0.047,1.55,,,Ⅲ
2024-07-18T08:00:00+08:00,1721260800,30.6,8.18,6.37,551.6,77.0,1.68,0.037,0.05,1.49,,,Ⅱ
2024-07-18T12:00:00+08:00,1721275200,32.2,8.3,7.26,579.6,69.7,1.9,0.048,0.055,1.5,,,Ⅱ
2024-07-18T16:00:00+08:00,1721289600,33.0,8.54,8.69,581.8,59.3,1.81,0.048,0.054,1.44,,,Ⅱ
2024-07-18T20:00:00+08:00,1721304000,31.2,7.98,5.97,538.6,243.9,1.66,0.025,0.057,1.45,,,Ⅲ
2024-07-19T00:00:00+08:00,1721318400,30.6,8.05,5.94,539.3,120.0,1.8,0.025,0.053,1.54,,,Ⅲ
2024-07-19T04:00:00+08:00,1721332800,30.3,8.12,6.06,540.7,97.3,1.76,0.025,0.054,1.58,,,Ⅱ
2024-07-19T08:00:00+08:00,1721347200,30.6,8.14,6.21,546.2,82.7,1.75,0.036,0.057,1.55,,,Ⅱ
2024-07-19T12:00:00+08:00,1721361600,32.4,8.23,7.1,579.2,77.7,1.91,0.048,0.06,1.5,,,Ⅱ
2024-07-19T16:00:00+08:00,1721376000,32.1,7.68,6.71,558.3,39.3,1.53,0.038,0.045,1.39,,,Ⅱ
2024-07-20T00:00:00+08:00,1721404800,31.9,7.82,6.06,548.1,151.6,1.8,0.032,0.05,1.58,,,Ⅱ
2024-07-20T04:00:00+08:00,1721419200,30.7,8.06,6.04,546.3,92.0,1.87,0.03,0.051,1.54,,,Ⅱ
2024-07-20T08:00:00+08:00,1721433600,31.1,8.12,6.46,556.2,94.1,1.85,0.04,0.056,1.53,,,Ⅱ
2024-07-20T12:00:00+08:00,1721448000,32.4,8.04,7.2,571.7,83.8,1.83,0.043,0.052,1.46,,,Ⅱ
2024-07-20T16:00:00+08:00,1721462400,32.7,8.09,7.39,570.8,82.0,1.83,0.043,0.051,1.46,,,Ⅱ
2024-07-20T20:00:00+08:00,1721476800,32.8,8.43,7.94,576.4,68.0,1.75,0.035,0.056,1.4,,,Ⅱ
2024-07-21T00:00:00+08:00,1721491200,32.0,8.26,7.36,566.3,74.9,1.87,0.025,0.056,1.42,,,Ⅱ
2024-07-21T04:00:00+08:00,1721505600,31.8,8.49,7.66,568.4,61.4,1.89,0.026,0.053,1.42,,,Ⅱ
2024-07-21T08:00:00+08:00,1721520000,31.7,8.08,7.22,563.8,44.7,1.65,0.032,0.052,1.43,,,Ⅱ
2024-07-21T12:00:00+08:00,1721534400,32.0,8.66,8.6,570.3,56.5,1.65,0.037,0.048,1.43,,,Ⅱ
2024-07-22T04:00:00+08:00,1721592000,30.7,8.27,6.81,561.1,108.7,1.77,0.025,0.042,1.41,,,Ⅱ
2024-07-22T08:00:00+08:00,1721606400,31.0,8.13,6.9,561.0,116.3,1.77,0.039,0.043,1.41,,,Ⅱ
2024-07-22T12:00:00+08:00,1721620800,31.9,7.98,6.64,561.6,358.7,1.87,0.042,0.045,1.42,,,Ⅱ
2024-07-22T16:00:00+08:00,1721635200,31.8,8.15,6.77,569.0,169.6,1.58,0.04,0.049,1.42,,,Ⅱ
2024-07-22T20:00:00+08:00,1721649600,32.2,7.82,6.55,567.7,98.8,1.74,0.029,0.048,1.44,,,Ⅱ
2024-07-23T00:00:00+08:00,1721664000,31.1,8.09,6.72,572.4,120.9,1.52,0.032,0.044,1.44,,,Ⅱ
2024-07-23T04:00:00+08:00,1721678400,30.4,8.2,6.57,565.5,155.1,1.58,0.025,0.047,1.51,,,Ⅱ
2024-07-23T08:00:00+08:00,1721692800,30.9,8.17,6.79,565.4,137.8,1.79,0.038,0.053,1.57,,,Ⅱ
2024-07-23T12:00:00+08:00,1721707200,31.9,7.9,6.71,565.7,446.4,1.69,0.033,0.053,1.52,,,Ⅱ
2024-07-23T16:00:00+08:00,1721721600,32.1,7.93,6.63,567.5,214.3,,0.033,0.05,1.47,,,
2024-07-23T20:00:00+08:00,1721736000,32.2,7.99,6.55,572.3,159.7,,0.035,0.047,1.5,,,
2024-07-24T00:00:00+08:00,1721750400,31.2,8.2,6.5,575.1,155.0,,0.034,0.046,1.54,,,
2024-07-24T04:00:00+08:00,1721764800,31.9,7.75,6.07,567.5,95.0,,0.025,0.042,1.51,,,
2024-07-24T08:00:00+08:00,1721779200,31.0,8.25,6.85,572.5,140.6,,0.035,0.044,1.53,,,
2024-07-24T12:00:00+08:00,1721793600,32.1,8.05,6.87,581.0,542.1,,0.038,0.048,1.56,,,
2024-07-24T16:00:00+08:00,1721808000,31.5,8.22,6.85,578.7,253.1,,0.026,0.05,1.56,,,
2024-07-24T20:00:00+08:00,1721822400,31.2,8.25,6.68,583.6,196.1,,0.026,0.049,1.49,,,
2024-07-25T00:00:00+08:00,1721836800,30.8,8.29,6.78,582.5,202.8,,0.025,0.049,1.59,,,
2024-07-25T04:00:00+08:00,1721851200,30.9,8.25,6.65,583.1,170.2,,0.025,0.05,1.5,,,
2024-07-25T08:00:00+08:00,1721865600,30.8,8.27,6.89,581.4,163.4,,0.025,0.052,1.56,,,
2024-07-25T12:00:00+08:00,1721880000,31.6,7.91,6.81,576.4,109.6,,0.029,0.044,1.52,,,
2024-07-25T16:00:00+08:00,1721894400,30.4,8.37,7.32,589.6,148.7,1.44,0.037,0.045,1.58,,,Ⅱ
2024-07-25T20:00:00+08:00,1721908800,29.4,8.41,7.47,588.3,175.9,1.63,0.025,0.045,1.59,,,Ⅱ
2024-07-26T00:00:00+08:00,1721923200,30.7,8.13,7.04,583.7,114.4,1.75,0.025,0.045,1.57,,,Ⅱ
2024-07-26T04:00:00+08:00,1721937600,29.7,8.36,7.18,583.5,121.8,1.7,0.025,0.045,1.57,,,Ⅱ
2024-07-26T08:00:00+08:00,1721952000,29.8,8.23,7.92,555.0,1.1,1.65,0.025,0.042,1.44,,,Ⅱ
2024-07-26T12:00:00+08:00,1721966400,29.6,8.47,8.04,584.8,125.5,1.62,0.034,0.054,1.52,,,Ⅱ
2024-07-26T16:00:00+08:00,1721980800,30.9,7.74,6.23,560.6,26.3,1.39,0.025,0.038,1.49,,,Ⅱ
2024-07-26T20:00:00+08:00,1721995200,29.2,8.41,7.76,585.4,120.4,1.43,0.025,0.033,1.48,,,Ⅱ
2024-07-27T04:00:00+08:00,1722024000,30.6,7.7,6.3,556.9,21.6,1.1,0.025,0.019,1.4,,,Ⅱ
2024-07-27T08:00:00+08:00,1722038400,29.3,8.28,8.07,578.0,120.8,1.41,0.031,0.024,1.47,,,Ⅱ
2024-07-27T12:00:00+08:00,1722052800,30.8,8.33,7.91,602.0,116.0,1.64,0.065,0.03,1.5,,,Ⅱ
2024-07-27T16:00:00+08:00,1722067200,32.3,7.94,7.3,627.6,622.5,1.64,0.054,0.037,3.01,,,Ⅱ
2024-07-27T20:00:00+08:00,1722081600,30.0,8.38,7.64,635.7,455.2,1.61,0.026,0.042,1.55,,,Ⅱ
2024-07-28T00:00:00+08:00,1722096000,30.0,8.39,7.55,624.6,343.3,1.64,0.025,0.046,1.61,,,Ⅱ
2024-07-28T04:00:00+08:00,1722110400,29.6,8.35,7.55,618.0,265.4,1.55,0.025,0.045,1.57,,,Ⅱ
2024-07-29T04:00:00+08:00,1722196800,30.6,7.76,6.49,567.4,41.3,1.19,0.025,0.035,1.33,,,Ⅱ
2024-07-29T08:00:00+08:00,1722211200,29.4,7.58,8.16,212.1,0.4,1.22,0.029,0.018,1.14,,,Ⅰ
2024-07-29T16:00:00+08:00,1722240000,31.5,8.16,7.86,593.5,122.6,2.0,0.025,0.005,,,,Ⅰ
2024-07-29T20:00:00+08:00,1722254400,31.5,8.19,7.39,604.7,251.6,6.59,0.025,0.03,,,,Ⅳ
2024-07-30T00:00:00+08:00,1722268800,30.6,8.04,7.18,587.8,115.1,1.47,0.025,0.036,1.56,,,Ⅱ
2024-07-30T04:00:00+08:00,1722283200,31.8,7.66,6.81,575.6,50.8,1.15,0.025,0.028,1.36,,,Ⅱ
2024-07-30T08:00:00+08:00,1722297600,30.5,8.15,7.36,589.3,88.1,1.23,0.025,0.025,1.42,,,Ⅱ
2024-07-30T12:00:00+08:00,1722312000,30.8,8.52,7.74,610.4,109.7,1.73,0.025,0.034,1.57,,,Ⅱ
2024-07-31T08:00:00+08:00,1722384000,29.9,7.49,8.04,219.8,0.3,1.27,0.025,0.012,1.26,,,Ⅰ
2024-07-31T16:00:00+08:00,1722412800,30.5,8.57,7.91,577.2,0.5,1.17,0.025,0.007,1.4,,,Ⅰ
2024-07-31T20:00:00+08:00,1722427200,31.9,7.77,7.0,595.9,218.9,1.31,0.025,0.021,1.39,,,Ⅱ
2024-08-01T00:00:00+08:00,1722441600,30.3,8.29,7.23,610.9,137.0,1.56,0.025,0.023,1.6,,,Ⅱ
2024-08-01T04:00:00+08:00,1722456000,30.1,8.05,7.09,596.1,101.3,1.38,0.025,0.025,1.54,,,Ⅱ
2024-08-01T08:00:00+08:00,1722470400,29.6,8.35,7.87,613.5,100.2,1.45,0.025,0.025,1.52,,,Ⅱ
2024-08-01T12:00:00+08:00,1722484800,32.0,7.71,6.71,583.6,16.5,1.5,0.025,0.021,1.32,,,Ⅱ
2024-08-01T16:00:00+08:00,1722499200,30.6,8.33,8.02,626.8,81.5,1.53,0.025,0.021,1.37,,,Ⅱ
2024-08-01T20:00:00+08:00,1722513600,31.1,8.18,7.0,613.1,303.7,1.51,0.025,0.03,1.57,,,Ⅱ
2024-08-02T00:00:00+08:00,1722528000,32.0,7.82,6.96,611.5,190.6,1.65,0.025,0.031,1.65,,,Ⅱ
2024-08-02T08:00:00+08:00,1722556800,29.5,8.27,8.15,590.5,127.3,1.52,0.025,0.033,1.56,,,Ⅱ
2024-08-02T12:00:00+08:00,1722571200,32.6,7.64,6.63,596.9,24.7,1.46,0.025,0.022,1.36,,,Ⅱ
2024-08-02T16:00:00+08:00,1722585600,29.9,8.22,8.01,589.5,46.7,1.38,0.025,0.018,1.21,,,Ⅰ
2024-08-02T20:00:00+08:00,1722600000,29.1,8.51,8.16,614.4,107.9,1.7,0.025,0.031,1.61,,,Ⅱ
2024-08-03T00:00:00+08:00,1722614400,31.1,8.14,6.92,609.3,240.7,1.6,0.025,0.035,1.68,,,Ⅱ
2024-08-03T04:00:00+08:00,1722628800,31.6,7.8,7.34,577.8,43.9,1.37,0.025,0.026,1.27,,,Ⅱ
2024-08-03T08:00:00+08:00,1722643200,29.2,8.28,8.13,580.0,1.8,1.18,0.025,0.017,0.98,,,Ⅰ
2024-08-03T12:00:00+08:00,1722657600,29.4,8.41,8.25,592.7,105.9,1.52,0.025,0.032,1.53,,,Ⅱ
2024-08-03T16:00:00+08:00,1722672000,29.1,8.33,8.16,581.0,0.4,1.28,0.025,0.012,1.3,,,Ⅰ
2024-08-03T20:00:00+08:00,1722686400,28.7,7.4,8.22,210.0,0.3,1.4,0.025,0.005,1.13,,,Ⅰ
2024-08-04T00:00:00+08:00,1722700800,30.8,8.2,6.99,610.9,314.7,1.64,0.025,0.038,1.6,,,Ⅱ
2024-08-04T04:00:00+08:00,1722715200,28.4,8.4,8.38,583.1,148.8,1.56,0.025,0.037,1.65,,,Ⅱ
2024-08-05T04:00:00+08:00,1722801600,29.3,7.75,8.16,221.9,0.3,1.01,0.025,0.01,1.4,,,Ⅰ
2024-08-05T08:00:00+08:00,1722816000,31.0,7.75,6.23,598.8,23.0,1.15,0.025,0.026,1.39,,,Ⅱ
2024-08-05T16:00:00+08:00,1722844800,35.8,7.09,6.28,623.4,109.4,5.88,0.025,0.015,1.62,,,Ⅲ
2024-08-05T20:00:00+08:00,1722859200,35.1,7.21,6.12,624.5,77.2,1.46,0.025,0.044,1.53,,,Ⅱ
2024-08-06T00:00:00+08:00,1722873600,34.7,7.44,6.33,625.7,80.2,1.65,0.025,0.041,1.54,,,Ⅱ
2024-08-06T04:00:00+08:00,1722888000,34.3,7.37,6.25,619.8,87.5,1.64,0.025,0.042,1.5,,,Ⅱ
2024-08-06T08:00:00+08:00,1722902400,34.1,7.54,6.33,618.3,100.7,1.64,0.025,0.046,1.54,,,Ⅱ
2024-08-06T12:00:00+08:00,1722916800,34.7,7.36,6.42,602.2,274.8,1.67,0.025,0.044,1.53,,,Ⅱ
2024-08-06T16:00:00+08:00,1722931200,35.0,7.42,6.48,609.0,138.5,1.62,0.025,0.048,1.54,,,Ⅱ
2024-08-06T20:00:00+08:00,1722945600,34.9,7.4,6.39,609.8,99.5,1.6,0.025,0.048,1.52,,,Ⅱ
2024-08-07T00:00:00+08:00,1722960000,34.8,7.38,6.27,612.8,94.1,1.66,0.025,0.047,1.54,,,Ⅱ
2024-08-07T04:00:00+08:00,1722974400,34.3,7.46,6.28,610.8,103.3,1.78,0.025,0.047,1.54,,,Ⅱ
2024-08-07T12:00:00+08:00,1723003200,34.8,7.4,6.58,602.2,445.8,1.71,0.025,0.049,1.65,,,Ⅱ
2024-08-07T16:00:00+08:00,1723017600,34.9,7.41,6.45,601.4,186.8,1.68,0.025,0.048,1.52,,,Ⅱ
2024-08-07T20:00:00+08:00,1723032000,34.8,7.44,6.41,604.8,114.5,1.62,0.025,0.048,1.55,,,Ⅱ
2024-08-08T00:00:00+08:00,1723046400,34.6,7.44,6.35,603.5,98.8,1.8,0.025,0.048,1.56,,,Ⅱ
2024-08-08T20:00:00+08:00,1723118400,33.8,7.58,6.46,599.9,145.2,1.52,0.025,0.039,1.53,,,Ⅱ
2024-08-09T00:00:00+08:00,1723132800,33.5,7.64,6.48,598.2,118.5,1.66,0.025,0.044,1.57,,,Ⅱ
2024-08-10T12:00:00+08:00,1723262400,35.2,7.03,6.58,609.3,92.8,1.32,0.025,0.035,1.39,,,Ⅱ
2024-08-11T16:00:00+08:00,1723363200,34.8,7.52,6.8,620.1,135.1,1.67,0.026,0.055,1.65,,,Ⅱ
2024-08-11T20:00:00+08:00,1723377600,34.9,7.4,6.74,619.9,95.6,1.72,0.025,0.055,1.65,,,Ⅱ
2024-08-12T00:00:00+08:00,1723392000,34.4,7.49,6.71,617.7,91.5,1.65,0.025,0.055,1.67,,,Ⅱ
2024-08-12T08:00:00+08:00,1723420800,35.0,7.11,6.62,616.7,69.9,1.64,0.025,0.054,1.65,,,Ⅱ
2024-08-13T00:00:00+08:00,1723478400,33.8,7.48,6.59,613.5,82.0,1.52,0.025,0.05,1.69,,,Ⅱ
2024-08-13T08:00:00+08:00,1723507200,33.7,7.55,6.6,613.8,79.7,1.81,0.025,0.057,1.7,,,Ⅱ
2024-08-13T12:00:00+08:00,1723521600,34.0,7.45,6.57,615.3,71.5,1.26,0.025,0.059,1.69,,,Ⅱ
2024-08-14T14:52:00+08:00,1723618320,,,,,,,,,,,,
2024-08-14T18:52:00+08:00,1723632720,,,,,,,,,,,,
2024-08-14T20:00:00+08:00,1723636800,34.6,7.22,6.58,616.2,62.8,3.12,0.062,0.062,1.37,,,Ⅱ
2024-08-15T04:00:00+08:00,1723665600,34.9,6.94,6.48,617.0,63.3,1.58,0.025,0.068,1.57,,,Ⅱ
2024-08-15T12:00:00+08:00,1723694400,34.0,7.39,6.82,616.4,46.0,1.18,0.025,0.038,1.31,,,Ⅱ
2024-08-15T16:00:00+08:00,1723708800,34.0,7.68,7.55,625.2,53.2,1.54,0.025,0.039,1.37,,,Ⅱ
2024-08-15T20:00:00+08:00,1723723200,34.0,7.37,6.49,596.6,137.2,1.51,0.025,0.045,1.53,,,Ⅱ
2024-08-16T04:00:00+08:00,1723752000,33.8,7.32,6.51,597.4,53.3,1.5,0.025,0.042,1.55,,,Ⅱ
2024-08-16T08:00:00+08:00,1723766400,33.8,7.4,6.57,598.9,55.6,1.6,0.025,0.048,1.55,,,Ⅱ
2024-08-16T12:00:00+08:00,1723780800,33.9,7.21,6.42,604.7,50.7,1.16,0.025,0.041,1.39,,,Ⅱ
2024-08-16T16:00:00+08:00,1723795200,33.6,7.5,6.74,604.2,54.6,1.5,0.025,0.036,1.42,,,Ⅱ
2024-08-16T20:00:00+08:00,1723809600,34.8,6.84,6.46,598.2,177.4,1.47,0.025,0.042,1.5,,,Ⅱ
2024-08-17T04:00:00+08:00,1723838400,34.3,6.65,6.08,600.6,25.3,1.14,0.025,0.028,1.32,,,Ⅱ
2024-08-17T08:00:00+08:00,1723852800,33.6,7.37,6.58,592.6,62.3,1.42,0.025,0.032,1.5,,,Ⅱ
2024-08-17T12:00:00+08:00,1723867200,35.1,6.93,6.9,599.6,78.6,1.5,0.025,0.039,1.58,,,Ⅱ
2024-08-17T16:00:00+08:00,1723881600,34.4,7.15,7.03,598.4,61.5,1.52,0.025,0.042,1.56,,,Ⅱ
2024-08-17T20:00:00+08:00,1723896000,33.9,7.07,6.51,607.4,109.7,1.29,0.025,0.04,1.42,,,Ⅱ
2024-08-18T16:00:00+08:00,1723968000,35.6,6.5,6.55,608.6,47.5,1.56,0.025,,1.43,,,
2024-08-18T20:00:00+08:00,1723982400,35.2,6.72,6.59,606.4,83.2,1.56,0.025,0.056,1.46,,,Ⅱ
2024-08-19T00:00:00+08:00,1723996800,33.6,7.36,6.6,596.6,189.0,1.59,0.025,0.049,1.56,,,Ⅱ
2024-08-19T04:00:00+08:00,1724011200,34.7,6.64,6.28,604.5,85.5,1.24,0.025,0.045,1.4,,,Ⅱ
2024-08-19T08:00:00+08:00,1724025600,33.3,7.38,6.59,602.2,90.7,1.45,0.025,0.041,1.45,,,Ⅱ
2024-08-19T12:00:00+08:00,1724040000,33.8,7.13,6.57,597.2,164.5,1.34,0.025,0.044,1.53,,,Ⅱ
2024-08-19T16:00:00+08:00,1724054400,34.7,7.03,6.84,601.5,115.5,1.44,0.025,0.047,1.56,,,Ⅱ
2024-08-19T20:00:00+08:00,1724068800,34.7,6.78,6.37,602.6,70.1,1.32,0.025,0.041,1.36,,,Ⅱ
2024-08-20T00:00:00+08:00,1724083200,33.4,7.28,6.63,597.4,83.9,1.2,0.025,0.033,1.41,,,Ⅱ
2024-08-20T04:00:00+08:00,1724097600,33.1,7.1,6.3,595.5,112.9,1.02,0.025,0.032,1.41,,,Ⅱ
2024-08-20T08:00:00+08:00,1724112000,33.4,7.38,6.67,598.0,122.7,1.41,0.026,0.032,1.5,,,Ⅱ
2024-08-20T12:00:00+08:00,1724126400,34.0,7.3,6.86,595.5,298.8,,0.025,0.04,1.59,,,
2024-08-21T00:00:00+08:00,1724169600,34.7,6.41,5.54,603.6,16.4,1.05,0.025,0.039,1.42,,,Ⅲ
2024-08-21T04:00:00+08:00,1724184000,33.6,7.25,6.47,606.2,176.1,1.39,0.025,0.034,1.42,,,Ⅱ
2024-08-21T08:00:00+08:00,1724198400,34.3,6.92,6.71,611.8,100.4,1.54,0.027,0.044,1.63,,,Ⅱ
2024-08-21T12:00:00+08:00,1724212800,33.8,7.04,6.5,589.2,361.8,1.37,0.028,0.042,1.54,,,Ⅱ
2024-08-21T16:00:00+08:00,1724227200,34.7,6.77,6.45,624.0,118.0,1.34,0.031,0.036,1.4,,,Ⅱ
2024-08-21T20:00:00+08:00,1724241600,33.1,7.05,6.4,611.0,139.8,0.8,0.025,0.031,1.29,,,Ⅱ
2024-08-22T00:00:00+08:00,1724256000,33.1,7.27,6.38,610.2,147.3,1.31,0.025,0.029,1.45,,,Ⅱ
2024-08-22T04:00:00+08:00,1724270400,33.0,6.87,5.73,595.3,63.5,1.14,0.025,0.032,1.46,,,Ⅲ
2024-08-22T12:00:00+08:00,1724299200,34.0,6.78,6.37,592.9,277.0,0.99,0.026,0.026,1.38,,,Ⅱ
2024-08-22T16:00:00+08:00,1724313600,34.8,6.52,6.47,605.5,44.1,0.9,0.025,0.026,1.32,,,Ⅱ
2024-08-22T20:00:00+08:00,1724328000,33.8,7.09,6.22,614.4,179.4,1.2,0.025,0.024,1.5,,,Ⅱ
2024-08-23T00:00:00+08:00,1724342400,33.4,7.19,6.15,608.2,165.7,1.53,0.025,0.033,1.6,,,Ⅱ
2024-08-23T04:00:00+08:00,1724356800,33.2,7.22,6.18,606.6,195.3,1.52,0.025,0.039,1.62,,,Ⅱ
2024-08-23T08:00:00+08:00,1724371200,34.8,6.68,6.4,605.4,159.7,1.65,0.025,0.043,1.59,,,Ⅱ
2024-08-23T12:00:00+08:00,1724385600,33.9,6.83,6.17,600.2,221.8,1.24,0.025,0.041,1.42,,,Ⅱ
2024-08-23T16:00:00+08:00,1724400000,34.1,7.14,6.51,637.3,432.6,1.31,0.025,0.04,1.42,,,Ⅱ
2024-08-23T20:00:00+08:00,1724414400,33.7,7.11,6.17,619.8,204.8,1.51,0.025,0.043,1.42,,,Ⅱ
2024-08-24T00:00:00+08:00,1724428800,33.5,7.17,6.16,622.7,197.9,1.56,0.025,0.042,1.56,,,Ⅱ
2024-08-24T08:00:00+08:00,1724457600,33.3,7.2,6.36,605.8,153.6,1.13,0.025,0.038,1.48,,,Ⅱ
2024-08-24T12:00:00+08:00,1724472000,33.5,7.17,6.35,601.5,147.8,1.42,0.025,0.042,1.58,,,Ⅱ
2024-08-24T16:00:00+08:00,1724486400,34.7,6.83,6.48,616.0,362.1,1.43,0.025,0.044,1.59,,,Ⅱ
2024-08-24T20:00:00+08:00,1724500800,34.3,6.86,6.3,613.5,189.5,1.4,0.025,0.043,1.56,,,Ⅱ
2024-08-25T16:00:00+08:00,1724572800,34.5,6.91,6.55,611.2,373.0,1.12,0.025,0.005,1.42,,,Ⅱ
2024-08-25T20:00:00+08:00,1724587200,34.0,7.13,6.38,617.5,267.9,1.12,0.036,0.037,1.4,,,Ⅱ
2024-08-26T00:00:00+08:00,1724601600,33.3,7.27,6.37,610.3,187.8,1.29,0.025,0.036,1.52,,,Ⅱ
2024-08-26T04:00:00+08:00,1724616000,33.1,7.3,6.38,613.8,156.3,1.36,0.025,0.04,1.56,,,Ⅱ
2024-08-26T08:00:00+08:00,1724630400,33.3,7.25,6.38,604.1,146.0,1.31,0.027,0.044,1.58,,,Ⅱ
2024-08-26T12:00:00+08:00,1724644800,33.3,7.19,6.56,597.6,155.6,1.22,0.025,0.045,1.54,,,Ⅱ
2024-08-26T16:00:00+08:00,1724659200,34.7,6.64,6.3,593.8,118.6,1.24,0.025,0.039,1.42,,,Ⅱ
2024-08-26T20:00:00+08:00,1724673600,32.9,7.37,6.67,603.1,186.4,1.2,0.025,0.034,1.52,,,Ⅱ
2024-08-27T08:00:00+08:00,1724716800,32.9,6.94,5.99,595.5,59.6,1.05,0.025,0.044,1.47,,,Ⅲ
2024-08-27T09:06:00+08:00,1724720760,,,,,,,,,,,,
2024-08-27T12:00:00+08:00,1724731200,33.0,7.1,6.54,596.2,79.9,0.76,0.025,0.032,1.38,,,Ⅱ
2024-08-27T16:00:00+08:00,1724745600,32.3,7.3,6.41,587.0,108.7,1.26,0.025,0.028,1.43,,,Ⅱ
2024-08-27T20:00:00+08:00,1724760000,32.7,7.0,6.14,585.8,63.5,1.11,0.025,0.031,1.48,,,Ⅱ
2024-08-28T00:00:00+08:00,1724774400,32.4,7.0,6.14,577.0,124.0,1.5,0.036,0.031,1.55,,,Ⅱ
2024-08-28T04:00:00+08:00,1724788800,33.0,6.62,5.49,564.1,167.7,1.67,0.071,0.035,1.69,,,Ⅲ
2024-08-28T08:00:00+08:00,1724803200,33.4,6.43,5.8,577.6,77.2,1.17,0.05,0.036,1.62,,,Ⅲ
2024-08-28T12:00:00+08:00,1724817600,32.6,7.0,6.42,582.6,34.3,1.07,0.033,0.031,1.37,,,Ⅱ
2024-08-28T16:00:00+08:00,1724832000,34.4,7.0,6.9,602.6,179.4,1.51,0.03,0.03,1.55,,,Ⅱ
2024-08-28T20:00:00+08:00,1724846400,33.0,7.0,6.62,588.3,104.7,1.54,0.025,0.036,1.66,,,Ⅲ
2024-08-29T00:00:00+08:00,1724860800,32.6,7.0,6.64,587.2,70.7,1.5,0.025,0.045,1.67,,,Ⅱ
2024-08-29T04:00:00+08:00,1724875200,32.6,7.0,6.6,585.6,64.6,1.46,0.025,0.046,1.65,,,Ⅱ
2024-08-29T08:00:00+08:00,1724889600,32.5,7.0,6.17,583.0,62.5,1.13,0.025,0.043,1.43,,,Ⅱ
2024-08-29T12:00:00+08:00,1724904000,32.7,7.0,6.06,585.6,68.2,1.18,0.04,0.036,1.52,,,Ⅱ
2024-08-29T16:00:00+08:00,1724918400,32.4,7.0,6.19,586.7,67.8,1.56,0.032,0.044,1.69,,,Ⅲ
2024-08-29T20:00:00+08:00,1724932800,32.7,7.0,6.46,587.5,41.6,1.28,0.025,0.042,1.5,,,Ⅲ
2024-08-30T00:00:00+08:00,1724947200,32.4,7.0,6.15,586.2,56.3,1.01,0.025,0.035,1.31,,,Ⅲ
2024-08-30T04:00:00+08:00,1724961600,32.6,7.0,6.27,588.1,57.4,1.24,0.025,0.03,1.46,,,Ⅲ
2024-08-30T08:00:00+08:00,1724976000,32.2,7.0,5.89,588.4,62.6,1.54,0.032,0.04,1.67,,,Ⅲ
2024-08-30T12:00:00+08:00,1724990400,33.0,7.0,6.18,590.1,48.4,1.0,0.025,0.04,1.39,,,Ⅲ
2024-08-30T16:00:00+08:00,1725004800,32.6,7.0,6.25,590.7,54.2,1.18,0.03,0.035,1.38,,,Ⅲ
2024-09-02T04:00:00+08:00,1725220800,32.3,7.0,6.47,787.2,183.9,1.39,0.025,0.038,1.46,,,Ⅲ
2024-09-02T08:00:00+08:00,1725235200,32.3,7.0,6.56,790.2,128.2,1.49,0.028,0.048,1.58,,,Ⅱ
2024-09-02T12:00:00+08:00,1725249600,34.1,7.0,6.62,643.8,242.8,1.59,0.025,0.051,1.63,,,Ⅳ
2024-09-02T16:00:00+08:00,1725264000,31.1,5.0,7.82,211.4,0.4,1.29,0.025,0.056,1.27,,,劣Ⅴ
2024-09-02T20:00:00+08:00,1725278400,28.5,8.0,6.17,586.8,5.9,0.83,0.025,0.041,1.24,,,Ⅱ
2024-09-03T00:00:00+08:00,1725292800,32.2,5.0,7.65,212.0,0.4,0.8,0.025,0.037,1.22,,,劣Ⅴ
2024-09-03T04:00:00+08:00,1725307200,31.2,6.0,6.22,561.5,5.8,0.73,0.025,0.031,1.25,,,Ⅱ
2024-09-03T08:00:00+08:00,1725321600,31.9,5.0,7.75,211.2,0.3,0.64,0.025,0.014,1.26,,,劣Ⅴ
2024-09-03T12:00:00+08:00,1725336000,32.1,6.0,5.82,573.1,3.0,0.5,0.025,0.026,1.22,,,Ⅲ
2024-09-03T16:00:00+08:00,1725350400,23.6,7.0,8.95,205.9,0.8,0.75,0.025,0.01,1.2,,,Ⅰ
2024-09-03T20:00:00+08:00,1725364800,30.4,6.0,6.92,543.3,5.4,0.55,0.025,0.023,1.16,,,Ⅱ
2024-09-04T00:00:00+08:00,1725379200,26.7,7.0,7.78,536.0,5.4,0.66,0.025,0.02,1.16,,,Ⅰ
2024-09-04T04:00:00+08:00,1725393600,30.6,6.0,7.9,211.1,0.4,0.64,0.025,0.01,1.18,,,Ⅰ
2024-09-04T08:00:00+08:00,1725408000,30.8,6.0,7.91,211.8,0.3,0.7,0.025,0.007,1.3,,,Ⅰ
2024-09-04T12:00:00+08:00,1725422400,34.6,6.0,6.25,611.1,281.1,1.31,0.027,0.028,1.37,,,Ⅱ
2024-09-04T16:00:00+08:00,1725436800,34.4,6.0,6.0,691.9,152.0,1.2,0.025,0.03,1.42,,,Ⅱ
2024-09-04T20:00:00+08:00,1725451200,24.6,7.0,8.88,206.4,0.7,1.08,0.025,0.025,1.35,,,Ⅱ
2024-09-05T00:00:00+08:00,1725465600,33.6,6.0,5.61,576.6,0.5,0.88,0.025,0.026,1.23,,,Ⅲ
2024-09-05T04:00:00+08:00,1725480000,31.2,5.0,7.84,211.1,0.3,0.66,0.025,0.01,1.14,,,劣Ⅴ
2024-09-05T08:00:00+08:00,1725494400,25.3,7.0,8.78,206.0,0.8,0.71,0.025,0.006,1.28,,,Ⅰ
2024-09-05T12:00:00+08:00,1725508800,32.5,6.0,6.44,575.6,0.9,0.69,0.025,0.022,1.17,,,Ⅱ
2024-09-05T16:00:00+08:00,1725523200,28.6,6.0,8.22,211.4,0.2,0.72,0.025,0.016,1.18,,,Ⅰ
2024-09-05T20:00:00+08:00,1725537600,23.9,7.0,8.91,205.8,0.8,0.7,0.025,0.008,1.17,,,Ⅰ
2024-09-08T16:00:00+08:00,1725782400,34.9,6.0,6.33,1144.1,346.8,1.38,0.045,0.044,1.36,,,Ⅱ
2024-09-08T20:00:00+08:00,1725796800,34.3,6.0,6.28,740.6,146.1,1.31,0.025,0.045,1.3,,,Ⅱ
2024-09-09T00:00:00+08:00,1725811200,34.1,6.0,6.29,744.8,138.1,1.38,0.025,0.044,1.32,,,Ⅱ
2024-09-09T04:00:00+08:00,1725825600,34.0,6.0,6.03,793.3,119.0,1.28,0.025,0.045,1.33,,,Ⅱ
2024-09-09T12:00:00+08:00,1725854400,34.1,6.0,6.3,752.6,118.0,1.38,0.032,0.049,1.37,,,Ⅱ
2024-09-09T16:00:00+08:00,1725868800,34.9,6.0,6.58,704.9,329.0,1.33,0.028,0.048,1.37,,,Ⅱ
2024-09-09T20:00:00+08:00,1725883200,34.3,6.0,6.49,686.8,167.2,1.27,0.025,0.05,1.34,,,Ⅱ
2024-09-10T04:00:00+08:00,1725912000,34.8,6.0,6.4,716.6,111.5,0.98,0.025,0.042,,,,Ⅱ
2024-09-10T08:00:00+08:00,1725926400,34.0,6.0,6.49,728.6,109.0,1.19,0.025,0.038,,,,Ⅱ
2024-09-10T12:00:00+08:00,1725940800,33.9,7.0,6.53,726.9,112.1,1.44,0.025,0.045,,,,Ⅱ
2024-09-10T16:00:00+08:00,1725955200,34.7,6.0,6.07,663.8,84.2,1.25,0.038,0.047,1.36,,,Ⅱ
2024-09-10T20:00:00+08:00,1725969600,33.8,6.0,6.28,689.2,316.4,1.25,0.027,0.045,1.33,,,Ⅱ
2024-09-11T04:00:00+08:00,1725998400,32.6,6.0,5.42,689.6,132.4,1.52,0.088,0.053,1.5,,,Ⅲ
2024-09-11T08:00:00+08:00,1726012800,32.4,6.0,5.46,680.4,106.2,1.27,0.037,0.048,1.38,,,Ⅲ
2024-09-11T12:00:00+08:00,1726027200,32.6,6.0,5.34,684.3,100.0,1.37,0.085,0.046,1.32,,,Ⅲ
2024-09-11T16:00:00+08:00,1726041600,32.7,6.0,5.46,675.9,109.4,1.64,0.078,0.052,1.32,,,Ⅲ
2024-09-11T20:00:00+08:00,1726056000,32.6,6.0,5.61,666.3,92.4,1.39,0.028,0.047,1.34,,,Ⅲ
2024-09-12T04:00:00+08:00,1726084800,33.1,6.0,5.46,675.2,81.8,1.59,0.083,0.054,1.47,,,Ⅲ
2024-09-12T08:00:00+08:00,1726099200,32.5,6.0,5.42,678.8,74.8,1.51,0.097,0.059,1.5,,,Ⅲ
2024-09-12T12:00:00+08:00,1726113600,32.9,6.0,5.4,681.0,72.8,1.78,0.1,0.066,1.49,,,Ⅲ
2024-09-12T16:00:00+08:00,1726128000,33.2,6.0,5.53,682.3,72.4,1.63,0.099,0.07,1.49,,,Ⅲ
2024-09-12T20:00:00+08:00,1726142400,32.7,6.0,5.2,681.6,71.0,1.6,0.09,0.073,1.51,,,Ⅲ
2024-09-13T04:00:00+08:00,1726171200,32.5,6.0,5.4,680.5,67.7,1.7,0.08,0.072,1.51,,,Ⅲ
2024-09-13T16:00:00+08:00,1726214400,32.7,6.0,5.4,680.9,65.5,1.4,0.07,0.057,1.36,,,Ⅲ
2024-09-13T20:00:00+08:00,1726228800,33.3,6.0,5.4,660.0,53.0,1.5,0.04,0.061,1.48,,,Ⅲ
2024-09-14T04:00:00+08:00,1726257600,32.5,6.0,5.5,670.3,56.1,1.3,0.02,0.058,1.49,,,Ⅲ
2024-09-14T08:00:00+08:00,1726272000,32.6,6.0,5.3,679.5,63.1,1.3,0.07,0.055,1.41,,,Ⅲ
2024-09-14T12:00:00+08:00,1726286400,32.7,6.0,5.4,682.0,61.1,1.7,0.07,0.06,1.5,,,Ⅲ
2024-09-14T16:00:00+08:00,1726300800,33.6,6.0,5.2,669.2,50.8,1.6,0.06,0.065,1.44,,,Ⅲ
2024-09-14T20:00:00+08:00,1726315200,33.1,6.0,5.6,684.6,67.0,1.6,0.05,0.067,1.4,,,Ⅲ
2024-09-15T04:00:00+08:00,1726344000,32.8,6.0,5.2,686.3,68.3,1.8,0.05,0.073,1.43,,,Ⅲ
2024-09-15T08:00:00+08:00,1726358400,33.6,6.0,4.7,676.6,71.4,1.4,0.03,0.066,1.38,,,Ⅳ
2024-09-15T12:00:00+08:00,1726372800,33.8,6.0,4.8,686.2,76.9,1.5,0.06,0.058,1.32,,,Ⅳ
2024-09-15T16:00:00+08:00,1726387200,33.3,6.0,6.1,690.5,87.0,1.8,0.06,0.066,1.42,,,Ⅱ
2024-09-15T20:00:00+08:00,1726401600,33.1,6.0,5.2,672.6,66.0,1.7,0.08,0.066,1.47,,,Ⅲ
2024-09-16T04:00:00+08:00,1726430400,32.9,6.0,5.2,693.0,86.0,2.1,0.1,0.076,1.48,,,Ⅲ
2024-09-17T11:14:00+08:00,1726542840,,,,,,,,,,,,
2024-09-17T15:15:00+08:00,1726557300,,,,,,,,,,,,
2024-09-17T16:00:00+08:00,1726560000,33.0,6.0,5.3,1025.4,171.1,,0.11,0.132,1.3,,,
2024-09-18T11:18:00+08:00,1726629480,,,,,,,,,,,,
2024-09-18T15:19:00+08:00,1726643940,,,,,,,,,,,,
2024-09-18T16:00:00+08:00,1726646400,33.1,6.0,5.4,1247.5,235.5,,0.12,0.097,1.38,,,
2024-09-18T20:00:00+08:00,1726660800,32.5,6.0,3.4,755.1,212.0,,0.02,0.086,1.43,,,
2024-09-19T04:00:00+08:00,1726689600,32.9,6.0,3.6,708.8,109.3,,0.25,0.09,2.32,,,
2024-09-19T08:00:00+08:00,1726704000,32.4,6.0,4.2,691.7,85.2,,0.25,0.095,2.21,,,
2024-09-20T04:00:00+08:00,1726776000,31.7,6.0,4.9,704.8,77.5,2.9,0.16,0.131,2.22,,,Ⅳ
2024-09-20T08:00:00+08:00,1726790400,31.7,6.0,4.9,666.6,473.8,2.8,0.17,0.138,2.13,,,Ⅳ
2024-09-20T12:00:00+08:00,1726804800,30.8,6.0,4.7,612.5,284.1,,0.22,0.135,2.09,,,
2024-09-20T16:00:00+08:00,1726819200,30.8,6.0,4.6,587.7,492.1,2.5,0.22,0.132,2.01,,,Ⅳ
2024-09-20T20:00:00+08:00,1726833600,30.6,6.0,4.2,587.2,378.5,2.5,0.23,0.129,2.08,,,Ⅳ
2024-09-21T00:00:00+08:00,1726848000,30.6,6.0,4.5,573.8,165.0,2.5,0.22,0.14,2.08,,,Ⅳ
2024-09-21T04:00:00+08:00,1726862400,30.6,6.0,4.5,590.7,124.4,2.7,0.09,0.117,2.08,,,Ⅳ
2024-09-21T08:00:00+08:00,1726876800,30.7,6.0,4.4,576.7,182.3,1.8,0.03,0.084,1.86,,,Ⅳ
2024-09-21T12:00:00+08:00,1726891200,30.7,6.0,3.5,578.3,110.3,0.8,0.1,0.089,1.5,,,Ⅳ
2024-09-21T16:00:00+08:00,1726905600,30.4,6.0,3.6,637.8,89.2,2.9,0.21,0.121,2.45,,,Ⅳ
2024-09-21T20:00:00+08:00,1726920000,30.4,6.0,3.7,585.7,170.5,3.0,0.24,0.148,2.55,,,Ⅳ
2024-09-22T00:00:00+08:00,1726934400,29.9,6.0,3.4,581.3,88.8,3.2,0.21,0.168,2.55,,,Ⅳ
2024-09-22T04:00:00+08:00,1726948800,29.8,6.0,4.4,572.4,54.7,2.7,0.19,0.168,2.33,,,Ⅳ
2024-09-22T08:00:00+08:00,1726963200,29.7,6.0,3.6,581.2,65.7,2.6,0.13,0.171,2.39,,,Ⅳ
2024-09-22T12:00:00+08:00,1726977600,30.8,7.0,6.7,677.7,1087.4,2.2,0.1,0.166,2.09,,,Ⅲ
2024-09-22T16:00:00+08:00,1726992000,31.1,7.0,6.8,925.6,686.1,1.8,0.1,0.139,2.09,,,Ⅲ
2024-09-22T20:00:00+08:00,1727006400,30.6,7.0,6.5,914.2,337.4,1.8,0.02,0.123,1.72,,,Ⅲ
2024-09-23T00:00:00+08:00,1727020800,30.4,7.0,6.6,938.0,238.5,,0.02,0.122,1.7,,,
2024-09-23T04:00:00+08:00,1727035200,30.1,7.0,6.5,938.8,203.7,,0.02,0.112,1.7,,,
2024-09-23T08:00:00+08:00,1727049600,30.1,7.0,6.6,952.1,164.0,,0.03,0.108,1.7,,,
2024-09-23T12:00:00+08:00,1727064000,30.3,7.0,6.6,941.9,141.6,,0.03,0.108,1.69,,,
2024-09-23T16:00:00+08:00,1727078400,31.2,7.0,7.0,724.2,341.3,,0.02,0.103,1.66,,,
2024-09-23T20:00:00+08:00,1727092800,30.6,7.0,6.9,732.6,263.5,,0.02,0.097,1.65,,,
2024-09-24T00:00:00+08:00,1727107200,30.5,7.0,6.7,727.3,172.3,,0.02,0.092,1.66,,,
2024-09-24T04:00:00+08:00,1727121600,30.3,7.0,6.7,721.0,146.4,,0.02,0.09,1.65,,,
2024-09-24T08:00:00+08:00,1727136000,30.3,7.0,6.7,727.5,155.8,,0.02,0.086,1.64,,,
2024-09-24T12:00:00+08:00,1727150400,30.2,7.0,6.6,725.7,133.7,,0.02,0.085,1.65,,,
2024-09-24T16:00:00+08:00,1727164800,30.1,7.0,6.7,711.2,119.8,,0.02,0.084,1.63,,,
2024-09-24T20:00:00+08:00,1727179200,29.8,7.0,6.5,718.9,117.8,,0.02,0.074,1.64,,,
2024-09-25T00:00:00+08:00,1727193600,30.0,7.0,6.5,705.1,104.7,,0.02,0.076,1.62,,,
2024-09-25T04:00:00+08:00,1727208000,29.7,7.0,6.5,708.0,92.6,,0.02,0.076,1.6,,,
2024-09-25T08:00:00+08:00,1727222400,29.6,6.0,6.9,640.0,48.9,,0.02,0.07,1.6,,,
2024-09-25T12:00:00+08:00,1727236800,29.7,6.0,6.6,656.8,44.3,,0.02,0.062,1.6,,,
2024-09-25T16:00:00+08:00,1727251200,29.8,7.0,6.5,701.6,68.3,,0.02,0.058,1.6,,,
2024-09-25T20:00:00+08:00,1727265600,30.1,7.0,6.4,707.4,72.4,,0.02,0.066,1.6,,,
2024-09-26T00:00:00+08:00,1727280000,29.6,6.0,6.7,644.1,36.2,,0.02,0.068,1.6,,,
2024-09-26T04:00:00+08:00,1727294400,29.6,7.0,6.6,703.7,58.4,,0.02,0.052,1.6,,,
2024-09-26T08:00:00+08:00,1727308800,29.7,7.0,6.0,724.8,65.2,,0.03,0.062,1.6,,,
2024-09-27T04:00:00+08:00,1727380800,29.3,7.0,5.8,726.8,59.0,,0.02,0.057,1.6,,,
2024-09-27T08:00:00+08:00,1727395200,30.1,6.0,6.0,710.0,57.8,,0.03,0.066,1.6,,,
2024-09-27T12:00:00+08:00,1727409600,29.6,7.0,5.9,736.0,60.8,,0.02,0.056,1.6,,,
2024-10-10T00:00:00+08:00,1728489600,27.3,7.0,9.1,938.8,218.3,1.6,0.02,0.076,1.59,,,Ⅱ
2024-10-10T04:00:00+08:00,1728504000,26.9,7.0,9.1,219.5,1.4,1.5,0.02,0.073,1.62,,,Ⅱ
2024-10-10T12:00:00+08:00,1728532800,26.6,7.0,9.8,749.8,114.7,1.3,0.02,0.075,1.45,,,Ⅱ
2024-10-11T00:56:00+08:00,1728579360,,,,,,,,,,,,
2024-10-11T04:57:00+08:00,1728593820,,,,,,,,,,,,
2024-10-11T08:58:00+08:00,1728608280,,,,,,,,,,,,
2024-10-21T08:00:00+08:00,1729468800,22.1,8.0,7.7,1620.1,34.4,2.8,0.14,0.068,1.74,,,Ⅱ
2024-10-21T12:00:00+08:00,1729483200,23.0,8.0,8.6,1628.7,33.6,2.8,0.17,0.072,1.8,,,Ⅱ
2024-10-21T16:00:00+08:00,1729497600,22.8,8.0,8.5,1650.0,41.6,2.3,0.15,0.07,1.79,,,Ⅱ
2024-10-21T20:00:00+08:00,1729512000,22.8,8.0,8.1,1665.5,50.0,2.8,0.15,0.073,1.82,,,Ⅱ
2024-10-22T04:00:00+08:00,1729540800,22.4,8.0,7.1,1557.3,40.4,2.8,0.17,0.069,1.7,,,Ⅱ
2024-10-22T08:00:00+08:00,1729555200,22.4,8.0,7.3,1613.1,36.5,2.8,0.17,0.069,1.7,,,Ⅱ
2024-10-22T12:00:00+08:00,1729569600,22.5,8.0,7.5,1639.6,36.4,2.6,0.15,0.069,1.72,,,Ⅱ
2024-10-22T16:00:00+08:00,1729584000,22.4,8.0,8.0,1691.2,32.2,2.6,0.14,0.067,1.7,,,Ⅱ
2024-10-23T04:00:00+08:00,1729627200,21.5,8.0,7.6,1826.3,36.8,2.6,0.19,0.066,1.71,,,Ⅱ
2024-10-23T08:00:00+08:00,1729641600,21.4,8.0,7.5,1831.0,34.9,2.6,0.16,0.068,1.68,,,Ⅱ
2024-10-23T12:00:00+08:00,1729656000,21.9,8.0,8.0,1802.2,32.6,2.6,0.15,0.072,1.72,,,Ⅱ
2024-10-23T16:00:00+08:00,1729670400,22.5,8.0,8.8,1839.6,39.2,2.7,0.14,0.064,1.69,,,Ⅱ
2024-10-23T20:00:00+08:00,1729684800,21.9,8.0,8.4,1833.3,47.5,2.6,0.14,0.068,1.71,,,Ⅱ
2024-10-24T04:00:00+08:00,1729713600,21.4,8.0,7.4,1794.8,34.9,2.5,0.17,0.066,1.7,,,Ⅱ
2024-10-24T08:00:00+08:00,1729728000,21.3,8.0,7.4,1795.8,32.5,2.5,0.16,0.061,1.71,,,Ⅱ
2024-10-24T12:00:00+08:00,1729742400,21.4,8.0,7.4,1767.3,32.1,2.5,0.18,0.066,1.73,,,Ⅱ
2024-10-24T16:00:00+08:00,1729756800,21.3,8.0,7.4,1772.0,33.3,2.6,0.19,0.067,1.73,,,Ⅱ
2024-10-24T20:00:00+08:00,1729771200,21.1,8.0,7.0,1799.5,37.1,2.5,0.15,0.066,1.72,,,Ⅱ
2024-10-25T04:00:00+08:00,1729800000,20.8,8.0,7.1,1785.9,33.8,2.6,0.15,0.066,1.72,,,Ⅱ
2024-10-25T16:00:00+08:00,1729843200,21.0,8.0,7.7,1767.5,27.4,2.6,0.14,0.065,1.5,,,Ⅱ
2024-10-25T20:00:00+08:00,1729857600,21.0,8.0,7.5,1768.2,30.1,2.6,0.14,0.062,1.63,,,Ⅱ
2024-10-26T04:00:00+08:00,1729886400,20.9,8.0,7.2,1760.4,34.6,2.5,0.16,0.066,1.71,,,Ⅱ
2024-10-26T08:00:00+08:00,1729900800,20.9,8.0,7.2,1753.2,35.0,2.5,0.16,0.066,1.72,,,Ⅱ
2024-10-26T12:00:00+08:00,1729915200,21.0,8.0,7.5,1743.4,35.3,2.5,0.14,0.063,1.6,,,Ⅱ
2024-10-26T16:00:00+08:00,1729929600,21.1,8.0,7.5,1732.5,34.5,2.6,0.17,0.067,1.76,,,Ⅱ
2024-10-26T20:00:00+08:00,1729944000,21.1,8.0,7.4,1724.0,35.6,2.6,0.15,0.063,1.57,,,Ⅱ
2024-10-27T04:00:00+08:00,1729972800,21.2,8.0,6.0,1606.1,36.3,2.7,0.25,0.072,1.71,,,Ⅱ
2024-10-27T08:00:00+08:00,1729987200,21.3,8.0,6.6,1612.4,27.3,2.8,0.23,0.069,1.56,,,Ⅱ
2024-10-27T12:00:00+08:00,1730001600,21.3,8.0,6.9,1587.5,26.1,2.8,0.22,0.069,1.54,,,Ⅱ
2024-10-28T08:00:00+08:00,1730073600,20.7,8.0,6.2,1476.7,36.4,2.9,0.29,0.08,1.71,,,Ⅱ
2024-10-28T12:00:00+08:00,1730088000,21.0,8.0,6.6,1429.9,34.1,3.0,0.29,0.084,1.78,,,Ⅱ
2024-10-28T16:00:00+08:00,1730102400,21.3,8.0,7.3,1279.1,36.0,3.0,0.33,0.095,1.84,,,Ⅱ
2024-10-28T20:00:00+08:00,1730116800,20.9,8.0,7.1,1355.6,33.4,3.0,0.31,0.089,1.82,,,Ⅱ
2024-10-29T00:00:00+08:00,1730131200,20.5,8.0,6.5,1402.3,33.4,2.8,0.3,0.085,1.77,,,Ⅱ
2024-10-29T04:00:00+08:00,1730145600,20.4,8.0,6.4,1427.2,33.2,2.6,0.29,0.085,1.78,,,Ⅱ
2024-10-29T08:00:00+08:00,1730160000,20.4,8.0,6.5,1402.9,32.0,2.8,0.29,0.085,1.79,,,Ⅱ
2024-10-29T12:00:00+08:00,1730174400,20.9,8.0,7.6,1419.2,37.4,2.9,0.25,0.083,1.78,,,Ⅱ
2024-10-29T16:00:00+08:00,1730188800,21.4,8.0,8.0,1378.2,31.3,3.0,0.24,0.079,1.76,,,Ⅱ
2024-10-29T20:00:00+08:00,1730203200,20.7,8.0,7.8,1383.6,28.0,2.9,0.26,0.083,1.77,,,Ⅱ
2024-10-30T00:00:00+08:00,1730217600,20.3,8.0,6.6,1435.5,31.5,2.7,0.25,0.079,1.76,,,Ⅱ
2024-10-30T04:00:00+08:00,1730232000,20.2,8.0,6.8,1458.5,31.1,2.7,0.25,0.084,1.78,,,Ⅱ
2024-10-30T08:00:00+08:00,1730246400,20.1,8.0,6.9,1497.5,33.3,2.8,0.25,0.084,1.78,,,Ⅱ
2024-10-30T12:00:00+08:00,1730260800,20.2,8.0,7.3,1486.3,32.5,2.7,0.23,0.082,1.79,,,Ⅱ
2024-10-30T16:00:00+08:00,1730275200,20.5,8.0,8.3,1450.7,33.1,2.7,0.23,0.08,1.79,,,Ⅱ
2024-10-30T20:00:00+08:00,1730289600,20.2,8.0,7.6,1467.5,36.7,3.0,0.21,0.08,1.76,,,Ⅱ
2024-10-31T04:00:00+08:00,1730318400,19.9,8.0,6.9,1386.2,35.9,3.0,0.24,0.08,1.76,,,Ⅱ
2024-10-31T08:00:00+08:00,1730332800,19.8,8.0,6.2,1167.7,36.8,2.8,0.26,0.084,1.77,,,Ⅱ
2024-10-31T12:00:00+08:00,1730347200,19.9,8.0,6.9,1393.8,40.7,3.1,0.3,0.082,1.75,,,Ⅱ
2024-10-31T16:00:00+08:00,1730361600,19.9,8.0,6.9,1266.1,36.9,2.8,0.3,0.075,1.74,,,Ⅱ
2024-10-31T20:00:00+08:00,1730376000,20.3,8.0,6.2,1283.3,162.0,2.9,0.39,0.146,2.24,,,Ⅲ
2024-11-01T04:00:00+08:00,1730404800,20.1,8.0,5.4,760.8,257.6,3.1,0.85,0.106,2.68,,,Ⅲ
2024-11-01T08:00:00+08:00,1730419200,20.1,8.0,6.0,500.1,469.9,5.0,0.85,0.193,2.68,,,Ⅲ
2024-11-01T12:59:00+08:00,1730437140,,,,,,,,,,,,
2024-11-02T04:00:00+08:00,1730491200,19.4,8.0,6.5,363.1,348.0,4.2,0.54,0.213,2.75,,,Ⅳ
2024-11-02T12:00:00+08:00,1730520000,19.8,8.0,5.8,363.5,177.5,6.0,0.43,0.301,3.16,,,Ⅴ
2024-11-02T16:00:00+08:00,1730534400,20.1,8.0,5.9,382.1,289.2,4.6,0.43,0.256,2.95,,,Ⅳ
2024-11-04T12:00:00+08:00,1730692800,20.5,8.0,5.8,1022.2,59.4,3.1,0.23,0.129,2.19,,,Ⅲ
2024-11-04T16:00:00+08:00,1730707200,20.5,8.0,6.4,1249.7,58.5,3.4,0.25,0.148,2.28,,,Ⅲ
2024-11-04T20:00:00+08:00,1730721600,20.4,8.0,6.3,1172.8,50.8,3.0,0.23,0.135,2.21,,,Ⅲ
2024-11-05T00:00:00+08:00,1730736000,20.1,8.0,5.8,972.3,51.8,3.0,0.23,0.135,2.21,,,Ⅲ
2024-11-05T12:00:00+08:00,1730779200,19.9,8.0,5.6,763.6,48.2,3.4,0.57,0.166,3.06,,,Ⅲ
2024-11-05T16:00:00+08:00,1730793600,20.2,8.0,6.8,1055.3,61.9,3.9,0.38,0.142,2.62,,,Ⅲ
2024-11-05T20:00:00+08:00,1730808000,19.7,8.0,6.5,970.9,42.7,3.3,0.4,0.151,2.62,,,Ⅲ
2024-11-06T04:00:00+08:00,1730836800,19.4,8.0,6.5,1202.8,42.9,3.1,0.27,0.13,2.32,,,Ⅲ
2024-11-06T08:00:00+08:00,1730851200,19.4,8.0,6.5,1244.7,40.4,3.0,0.27,0.13,2.32,,,Ⅲ
2024-11-06T12:00:00+08:00,1730865600,19.4,8.0,6.8,1188.9,43.9,3.0,0.25,0.132,2.31,,,Ⅲ
2024-11-06T16:00:00+08:00,1730880000,19.7,8.0,8.4,1394.5,434.2,4.3,0.02,0.141,2.1,,,Ⅲ
2024-11-06T20:00:00+08:00,1730894400,19.4,8.0,8.2,1379.2,159.7,3.0,0.04,0.117,1.96,,,Ⅲ
2024-11-07T00:00:00+08:00,1730908800,19.2,8.0,8.1,1348.4,112.1,2.8,0.06,0.104,1.96,,,Ⅲ
2024-11-07T04:00:00+08:00,1730923200,19.0,8.0,7.9,1287.8,90.3,2.6,0.08,0.098,1.97,,,Ⅱ
2024-11-07T08:00:00+08:00,1730937600,18.8,8.0,7.7,1274.6,72.7,2.7,0.09,0.092,1.94,,,Ⅱ
2024-11-07T12:00:00+08:00,1730952000,18.8,8.0,7.8,1281.5,61.0,2.7,0.08,0.09,1.93,,,Ⅱ
2024-11-07T16:00:00+08:00,1730966400,19.4,8.0,8.4,1667.8,588.7,,0.02,0.09,2.12,,,
2024-11-07T20:00:00+08:00,1730980800,19.0,8.0,8.2,1463.0,154.0,,0.03,0.108,1.86,,,
2024-11-08T04:00:00+08:00,1731009600,18.5,8.0,7.9,1402.9,87.1,2.6,0.04,0.086,1.84,,,Ⅱ
2024-11-08T08:00:00+08:00,1731024000,18.5,8.0,8.0,1420.2,78.5,2.4,0.04,0.078,1.79,,,Ⅱ
2024-11-08T12:00:00+08:00,1731038400,18.4,8.0,7.9,1310.3,69.2,2.4,0.04,0.078,1.84,,,Ⅱ
2024-11-12T16:00:00+08:00,1731398400,19.0,8.0,8.1,1330.6,64.7,2.5,0.04,0.082,1.9,,,Ⅱ
2024-11-12T20:00:00+08:00,1731412800,18.8,8.0,8.0,1335.9,66.6,2.4,0.04,0.079,1.89,,,Ⅱ
2024-11-13T16:00:00+08:00,1731484800,19.0,8.0,8.0,1347.9,51.8,2.3,0.03,0.075,1.79,,,Ⅱ
2024-11-13T20:00:00+08:00,1731499200,19.1,8.0,7.7,1305.4,48.5,2.4,0.06,0.077,1.85,,,Ⅱ
2024-11-14T04:00:00+08:00,1731528000,18.9,8.0,7.5,1308.1,46.4,2.6,0.06,0.075,1.81,,,Ⅱ
2024-11-14T12:00:00+08:00,1731556800,19.6,8.0,8.1,1897.8,169.8,2.4,0.06,0.072,1.93,,,Ⅱ
2024-11-14T16:00:00+08:00,1731571200,19.6,8.0,8.2,1901.1,83.5,3.0,0.05,0.08,1.86,,,Ⅱ
2024-11-14T20:00:00+08:00,1731585600,19.7,8.0,8.2,1735.6,65.4,2.7,0.05,0.08,1.86,,,Ⅱ
2024-11-15T04:00:00+08:00,1731614400,19.6,8.0,7.9,1479.8,41.7,2.7,0.06,0.073,1.82,,,Ⅱ
2024-11-15T08:00:00+08:00,1731628800,19.6,8.0,7.9,1468.3,40.3,2.5,0.05,0.073,1.78,,,Ⅱ
2024-11-15T16:00:00+08:00,1731657600,19.8,8.0,7.9,1512.9,41.6,2.7,0.06,0.073,1.8,,,Ⅱ
2024-11-15T20:00:00+08:00,1731672000,19.7,8.0,7.9,1519.1,38.2,2.5,0.05,0.068,1.74,,,Ⅱ
2024-11-16T04:00:00+08:00,1731700800,19.7,8.0,7.7,1490.1,34.2,2.6,0.06,0.071,1.76,,,Ⅱ
2024-11-16T08:00:00+08:00,1731715200,19.7,8.0,7.7,1421.6,32.9,2.4,0.05,0.071,1.75,,,Ⅱ
2024-11-16T12:00:00+08:00,1731729600,19.8,8.0,7.5,1472.4,40.5,2.4,0.06,0.072,1.78,,,Ⅱ
2024-11-16T16:00:00+08:00,1731744000,19.9,8.0,7.9,1438.1,32.4,2.4,0.06,0.073,1.78,,,Ⅱ
2024-11-16T20:00:00+08:00,1731758400,19.7,8.0,7.5,1487.0,34.4,2.5,0.05,0.072,1.76,,,Ⅱ
2024-11-17T04:00:00+08:00,1731787200,19.4,8.0,7.4,1447.7,30.3,2.4,0.07,0.07,1.77,,,Ⅱ
2024-11-17T08:00:00+08:00,1731801600,19.3,8.0,7.3,1444.2,31.4,2.4,0.08,0.072,1.58,,,Ⅱ
2024-11-17T20:00:00+08:00,1731844800,18.5,8.0,7.7,1721.5,41.2,2.5,0.14,0.077,1.81,,,Ⅱ
2024-11-18T08:00:00+08:00,1731888000,17.7,8.0,8.0,1863.3,44.9,2.7,0.16,0.079,1.83,,,Ⅱ
2024-11-18T16:00:00+08:00,1731916800,17.5,8.0,8.4,1897.8,48.8,2.9,0.14,0.073,1.82,,,Ⅱ
2024-11-18T20:00:00+08:00,1731931200,16.9,8.0,8.4,1603.3,45.0,2.7,0.18,0.083,1.9,,,Ⅱ
2024-11-19T00:00:00+08:00,1731945600,17.0,8.0,8.2,1725.0,44.9,2.7,0.16,0.079,1.87,,,Ⅱ
2024-11-19T04:00:00+08:00,1731960000,16.8,8.0,8.3,1795.0,49.8,2.7,0.16,0.08,1.86,,,Ⅱ
2024-11-19T20:00:00+08:00,1732017600,17.6,8.0,9.0,1483.7,195.3,,0.02,0.241,2.14,,,
2024-11-20T04:00:00+08:00,1732046400,17.1,8.0,8.8,1538.0,99.6,2.6,0.03,0.075,1.8,,,Ⅱ
2024-11-20T16:00:00+08:00,1732089600,18.0,8.0,8.9,1689.5,814.5,2.6,0.06,0.079,1.9,,,Ⅱ
2024-11-20T20:00:00+08:00,1732104000,17.7,8.0,8.8,1409.8,252.3,2.9,0.02,0.097,1.9,,,Ⅱ
2024-11-21T08:00:00+08:00,1732147200,17.0,8.0,8.7,1336.5,70.1,2.2,0.03,0.073,1.81,,,Ⅱ
2024-11-21T12:00:00+08:00,1732161600,17.1,8.0,8.7,1185.5,68.2,2.4,0.03,0.069,1.79,,,Ⅱ
2024-11-21T16:00:00+08:00,1732176000,17.5,8.0,8.8,1104.6,65.3,2.2,0.04,0.071,1.91,,,Ⅱ
2024-11-21T20:00:00+08:00,1732190400,17.1,8.0,8.9,1130.8,80.1,2.1,0.04,0.07,1.87,,,Ⅱ
2024-11-22T04:00:00+08:00,1732219200,16.6,8.0,8.3,1181.0,60.7,2.1,0.04,0.069,1.86,,,Ⅱ
2024-11-22T16:00:00+08:00,1732262400,17.0,8.0,8.7,1174.0,54.2,2.2,0.04,0.069,1.84,,,Ⅱ
2024-11-22T20:00:00+08:00,1732276800,16.5,8.0,8.4,1131.6,66.0,2.1,0.04,0.065,1.84,,,Ⅱ
2024-11-23T04:00:00+08:00,1732305600,16.1,8.0,8.2,1147.6,49.4,2.2,0.06,0.069,1.89,,,Ⅱ
2024-11-23T08:00:00+08:00,1732320000,16.1,8.0,8.2,1149.1,52.3,2.2,0.05,0.067,1.87,,,Ⅱ
2024-11-23T12:00:00+08:00,1732334400,16.2,8.0,8.5,1136.9,45.5,2.0,0.05,0.068,1.85,,,Ⅱ
2024-11-23T16:00:00+08:00,1732348800,16.3,8.0,8.4,1135.5,41.8,2.4,0.05,0.063,1.83,,,Ⅱ
2024-11-23T20:00:00+08:00,1732363200,16.0,8.0,8.3,1113.6,54.8,2.4,0.05,0.068,1.87,,,Ⅱ
2024-11-24T04:00:00+08:00,1732392000,15.6,8.0,8.2,1125.1,44.3,2.1,0.06,0.062,1.84,,,Ⅱ
2024-11-24T08:00:00+08:00,1732406400,15.6,8.0,8.3,1127.7,40.6,2.1,0.06,0.067,1.83,,,Ⅱ
2024-11-24T12:00:00+08:00,1732420800,16.1,8.0,8.4,1123.5,41.5,2.3,0.06,0.064,1.85,,,Ⅱ
2024-11-24T16:00:00+08:00,1732435200,16.0,8.0,8.5,1125.8,41.4,2.1,0.07,0.065,1.82,,,Ⅱ
2024-11-24T20:00:00+08:00,1732449600,15.8,8.0,8.3,1120.6,42.3,2.1,0.06,0.066,1.83,,,Ⅱ
2024-11-25T04:00:00+08:00,1732478400,15.5,8.0,8.2,1128.1,40.8,2.4,0.07,0.065,1.84,,,Ⅱ
2024-11-25T20:00:00+08:00,1732536000,16.0,8.0,8.8,1140.8,35.3,2.2,0.07,0.065,1.8,,,Ⅱ
2024-11-26T04:00:00+08:00,1732564800,15.4,8.0,8.6,1153.7,35.7,2.3,0.08,0.068,1.82,,,Ⅱ
2024-11-26T08:00:00+08:00,1732579200,15.1,8.0,8.8,1155.5,37.2,2.4,0.08,0.068,1.81,,,Ⅱ
2024-11-26T12:00:00+08:00,1732593600,15.4,8.0,9.1,1155.3,35.5,2.3,0.08,0.069,1.8,,,Ⅱ
2024-11-26T16:00:00+08:00,1732608000,15.3,8.0,9.2,1159.4,40.3,2.4,0.07,0.066,1.76,,,Ⅱ
2024-11-26T20:00:00+08:00,1732622400,14.8,8.0,9.1,1165.8,37.7,2.5,0.08,0.068,1.82,,,Ⅱ
2024-11-27T05:11:00+08:00,1732655460,,,,,,,,,,,,
2024-11-27T13:12:00+08:00,1732684320,,,,,,,,,,,,
2024-11-27T17:12:00+08:00,1732698720,,,,,,,,,,,,
2024-11-27T21:13:00+08:00,1732713180,,,,,,,,,,,,
2024-11-28T01:13:00+08:00,1732727580,,,,,,,,,,,,
2024-11-28T04:00:00+08:00,1732737600,13.4,8.0,9.4,1206.9,34.6,2.2,0.08,0.067,1.87,,,Ⅱ
2024-11-28T16:00:00+08:00,1732780800,13.6,8.0,10.0,1204.7,37.7,2.3,0.08,0.07,1.83,,,Ⅱ
2024-11-28T20:00:00+08:00,1732795200,13.1,8.0,9.9,1203.5,36.4,2.1,0.08,0.07,1.82,,,Ⅱ
2024-11-29T04:00:00+08:00,1732824000,12.5,8.0,9.8,1202.8,33.3,2.3,0.12,0.07,1.84,,,Ⅱ
2024-11-29T12:00:00+08:00,1732852800,13.0,8.0,10.7,1202.4,29.4,2.2,0.12,0.073,1.84,,,Ⅱ
2024-11-29T16:00:00+08:00,1732867200,13.1,8.0,10.8,1206.5,29.8,2.7,0.11,0.073,1.84,,,Ⅱ
2024-11-29T20:00:00+08:00,1732881600,12.7,8.0,10.4,1197.6,29.2,2.6,0.09,0.072,1.86,,,Ⅱ
2024-11-30T12:00:00+08:00,1732939200,13.1,8.0,11.8,1179.5,25.5,2.5,0.1,0.068,1.84,,,Ⅱ
2024-11-30T16:00:00+08:00,1732953600,13.2,9.0,12.9,1177.7,23.3,3.3,0.08,0.084,1.95,,,Ⅱ
2024-11-30T20:00:00+08:00,1732968000,12.2,8.0,10.9,1091.6,23.5,3.0,0.06,0.076,1.88,,,Ⅱ
2024-12-01T04:00:00+08:00,1732996800,11.9,8.0,10.2,1143.2,20.7,2.5,0.21,0.073,1.79,,,Ⅱ
2024-12-01T08:00:00+08:00,1733011200,11.8,8.0,10.4,1162.6,19.7,2.5,0.22,0.072,1.83,,,Ⅱ
2024-12-01T12:00:00+08:00,1733025600,12.7,8.0,11.3,1161.0,20.9,2.6,0.2,0.072,1.83,,,Ⅱ
2024-12-01T16:00:00+08:00,1733040000,13.1,8.0,11.6,1155.2,19.7,2.8,0.16,0.077,2.0,,,Ⅱ
2024-12-01T20:00:00+08:00,1733054400,12.9,8.0,11.5,1156.9,19.1,2.9,0.16,0.077,1.84,,,Ⅱ
2024-12-02T04:00:00+08:00,1733083200,12.3,8.0,11.2,1164.8,20.0,2.8,0.13,0.072,1.85,,,Ⅱ
2024-12-02T20:00:00+08:00,1733140800,12.7,9.0,14.0,1158.8,17.6,3.1,0.06,0.071,1.82,,,Ⅱ
2024-12-03T04:00:00+08:00,1733169600,12.5,9.0,12.4,1154.2,18.5,3.2,0.08,0.079,1.88,,,Ⅱ
2024-12-03T12:00:00+08:00,1733198400,12.7,9.0,12.4,1185.7,18.6,3.2,0.06,0.076,1.92,,,Ⅱ
2024-12-03T16:00:00+08:00,1733212800,13.0,9.0,14.2,1180.7,17.1,2.8,0.05,0.07,1.8,,,Ⅱ
2024-12-03T20:00:00+08:00,1733227200,12.9,9.0,13.9,1190.8,17.0,3.2,0.02,0.07,1.79,,,Ⅱ
2024-12-04T04:00:00+08:00,1733256000,12.5,9.0,12.9,1197.1,16.8,3.0,0.02,0.064,1.82,,,Ⅱ
2024-12-04T08:00:00+08:00,1733270400,12.5,9.0,12.9,1204.2,15.5,3.0,0.02,0.065,1.83,,,Ⅱ
2024-12-04T12:00:00+08:00,1733284800,12.7,9.0,13.8,1219.3,15.6,3.2,0.02,0.064,1.88,,,Ⅱ
2024-12-04T20:00:00+08:00,1733313600,12.8,9.0,13.9,1226.6,15.7,3.4,0.02,0.062,1.81,,,Ⅱ
2024-12-05T04:00:00+08:00,1733342400,12.6,9.0,13.4,1237.2,15.2,3.0,0.02,0.062,1.78,,,Ⅱ
2024-12-05T08:00:00+08:00,1733356800,12.5,9.0,13.3,1238.1,14.7,3.0,0.02,0.058,1.76,,,Ⅱ
2024-12-05T12:00:00+08:00,1733371200,12.5,9.0,14.8,1230.6,13.8,3.0,0.02,0.059,1.78,,,Ⅱ
2024-12-05T20:00:00+08:00,1733400000,12.6,9.0,14.8,1228.4,15.4,3.2,0.02,0.059,1.77,,,Ⅱ
2024-12-06T04:00:00+08:00,1733428800,12.3,9.0,14.1,1225.0,14.2,3.2,0.02,0.058,1.77,,,Ⅱ
2024-12-06T08:00:00+08:00,1733443200,12.2,9.0,14.0,1219.4,15.0,3.1,0.02,0.058,1.77,,,Ⅱ
2024-12-06T16:00:00+08:00,1733472000,12.8,9.0,20.6,1215.4,16.6,3.0,0.02,0.057,1.77,,,Ⅱ
2024-12-07T16:00:00+08:00,1733558400,12.5,9.0,17.5,1161.0,18.3,6.5,0.02,0.112,2.25,,,Ⅳ
2024-12-08T04:00:00+08:00,1733601600,11.6,9.0,14.4,1179.1,20.2,3.6,0.02,0.065,1.83,,,Ⅱ
2024-12-09T12:00:00+08:00,1733716800,11.5,9.0,16.0,1271.6,21.1,3.6,0.02,0.062,1.8,,,Ⅱ
2024-12-09T20:00:00+08:00,1733745600,11.3,9.0,14.4,1252.1,30.8,4.1,0.02,0.067,1.81,,,Ⅲ
2024-12-11T04:00:00+08:00,1733860800,11.3,9.0,12.8,1234.5,28.3,3.2,0.02,0.062,1.85,,,Ⅱ
2024-12-14T04:00:00+08:00,1734120000,11.0,8.0,10.2,963.7,103.8,2.5,0.05,0.075,2.22,,,Ⅱ
2024-12-14T16:00:00+08:00,1734163200,12.2,8.0,10.3,621.9,305.4,,0.02,0.267,2.58,,,
2024-12-16T04:00:00+08:00,1734292800,11.2,8.0,10.0,660.4,141.2,2.2,0.02,0.072,2.32,,,Ⅱ
2024-12-18T20:00:00+08:00,1734523200,10.6,8.0,10.2,1194.0,84.0,2.4,0.06,0.065,2.19,,,Ⅱ
2024-12-19T04:00:00+08:00,1734552000,10.2,8.0,10.1,1185.6,79.5,2.1,0.06,0.062,2.2,,,Ⅱ
2024-12-20T20:00:00+08:00,1734696000,11.2,8.0,10.4,838.1,236.4,3.1,0.02,0.11,2.43,,,Ⅲ
2024-12-21T04:00:00+08:00,1734724800,10.6,8.0,10.3,959.6,112.5,2.4,0.02,0.071,2.21,,,Ⅱ
2024-12-23T20:00:00+08:00,1734955200,9.0,8.0,10.2,767.0,61.0,2.2,0.06,0.062,2.18,,,Ⅱ
2024-12-24T04:00:00+08:00,1734984000,8.9,8.0,10.1,779.0,56.3,2.2,0.06,0.061,2.18,,,Ⅱ
2024-12-24T08:00:00+08:00,1734998400,8.9,8.0,10.2,785.8,53.2,1.9,0.06,0.061,2.18,,,Ⅱ
2024-12-24T12:00:00+08:00,1735012800,9.2,8.0,10.2,783.5,54.8,1.8,0.06,0.06,2.15,,,Ⅱ
2024-12-24T16:00:00+08:00,1735027200,9.2,8.0,10.1,794.9,49.8,2.1,0.06,0.058,2.18,,,Ⅱ
2024-12-24T20:00:00+08:00,1735041600,9.0,8.0,10.0,805.3,60.7,2.1,0.06,0.064,2.17,,,Ⅱ
2024-12-25T08:00:00+08:00,1735084800,8.9,8.0,10.0,813.1,48.8,2.1,0.07,0.061,2.14,,,Ⅱ
2024-12-25T12:00:00+08:00,1735099200,9.3,8.0,10.2,805.5,40.1,1.8,0.07,0.06,2.14,,,Ⅱ
2024-12-25T20:00:00+08:00,1735128000,9.6,8.0,10.2,812.1,35.9,1.8,0.07,0.058,2.12,,,Ⅱ
2024-12-26T04:00:00+08:00,1735156800,9.2,8.0,10.0,813.9,39.4,2.0,0.08,0.06,2.15,,,Ⅱ
2024-12-28T04:00:00+08:00,1735329600,9.3,8.0,9.8,792.6,31.3,1.8,0.08,0.062,2.16,,,Ⅱ
2024-12-28T20:00:00+08:00,1735387200,8.9,8.0,10.2,737.8,32.9,2.0,0.18,0.069,2.29,,,Ⅱ
2025-01-02T20:00:00+08:00,1735819200,9.1,8.0,9.8,961.8,47.4,2.8,0.46,0.092,2.63,,,Ⅱ
2025-01-03T08:00:00+08:00,1735862400,8.7,8.0,9.6,977.1,40.7,2.5,0.44,0.089,2.61,,,Ⅱ
2025-01-03T12:00:00+08:00,1735876800,9.2,8.0,10.0,968.0,39.9,2.5,0.41,0.095,2.63,,,Ⅱ
2025-01-07T16:00:00+08:00,1736236800,8.8,9.0,12.1,1028.9,19.9,3.6,0.15,0.088,2.59,,,Ⅱ
2025-01-07T20:00:00+08:00,1736251200,8.5,9.0,12.0,1028.8,19.2,3.3,0.14,0.081,2.46,,,Ⅱ
2025-01-08T08:00:00+08:00,1736294400,7.8,9.0,11.4,1038.3,17.9,2.8,0.16,0.07,2.39,,,Ⅱ
2025-01-08T12:00:00+08:00,1736308800,8.6,9.0,12.2,1027.8,16.0,2.9,0.14,0.074,2.36,,,Ⅱ
2025-01-08T16:00:00+08:00,1736323200,8.9,9.0,12.2,1015.4,15.3,3.0,0.13,0.069,2.29,,,Ⅱ
2025-01-09T08:00:00+08:00,1736380800,7.8,9.0,11.5,1046.0,15.3,2.7,0.14,0.061,2.31,,,Ⅱ
2025-01-09T12:00:00+08:00,1736395200,8.2,9.0,12.2,1044.6,15.8,3.1,0.14,0.069,2.29,,,Ⅱ
2025-01-09T16:00:00+08:00,1736409600,8.2,9.0,11.9,1051.2,17.1,2.7,0.15,0.065,2.31,,,Ⅱ
2025-01-09T20:00:00+08:00,1736424000,7.8,9.0,11.8,1064.5,17.1,3.1,0.17,0.072,2.4,,,Ⅱ
2025-01-10T04:00:00+08:00,1736452800,7.1,9.0,11.4,1081.6,18.6,3.0,0.19,0.067,2.33,,,Ⅱ
2025-01-10T08:00:00+08:00,1736467200,7.0,9.0,11.4,1083.1,17.7,2.9,0.2,0.07,2.39,,,Ⅱ
2025-01-10T12:00:00+08:00,1736481600,7.4,9.0,11.9,1081.2,18.8,3.2,0.21,0.08,2.43,,,Ⅱ
2025-01-10T20:00:00+08:00,1736510400,7.4,9.0,12.1,1066.3,17.3,3.2,0.22,0.076,2.46,,,Ⅱ
2025-01-11T00:00:00+08:00,1736524800,7.1,9.0,12.0,1069.4,17.5,3.2,0.22,0.074,2.47,,,Ⅱ
2025-01-11T04:00:00+08:00,1736539200,7.0,9.0,11.8,1058.4,16.8,3.0,0.21,0.072,2.42,,,Ⅱ
2025-01-11T12:00:00+08:00,1736568000,8.9,8.0,10.8,998.7,535.4,3.2,0.02,0.076,2.77,,,Ⅱ
2025-01-11T16:00:00+08:00,1736582400,8.9,8.0,10.9,969.6,196.5,2.9,0.03,0.091,2.48,,,Ⅱ
2025-01-12T12:00:00+08:00,1736654400,8.6,8.0,10.8,1486.4,599.1,2.6,0.02,0.059,2.6,,,Ⅱ
2025-01-12T16:00:00+08:00,1736668800,8.5,8.0,10.9,1272.6,163.2,3.0,0.07,0.074,2.43,,,Ⅱ
2025-01-13T04:00:00+08:00,1736712000,7.4,8.0,10.8,1246.3,89.8,2.6,0.1,0.061,2.35,,,Ⅱ
2025-01-13T16:00:00+08:00,1736755200,9.2,8.0,11.1,1261.1,71.2,2.5,0.09,0.06,2.29,,,Ⅱ
2025-01-13T20:00:00+08:00,1736769600,8.5,8.0,11.0,1236.2,68.1,2.4,0.09,0.062,2.31,,,Ⅱ
2025-01-14T00:00:00+08:00,1736784000,8.4,8.0,10.9,1260.9,66.2,2.4,0.09,0.057,2.33,,,Ⅱ
2025-01-14T04:00:00+08:00,1736798400,8.2,8.0,10.8,1277.0,61.1,2.4,0.09,0.059,2.28,,,Ⅱ
2025-01-14T08:00:00+08:00,1736812800,8.1,8.0,10.9,1298.7,57.5,2.4,0.09,0.059,2.3,,,Ⅱ
2025-01-15T20:00:00+08:00,1736942400,8.1,8.0,10.7,1179.3,79.3,2.6,0.14,0.09,2.44,,,Ⅱ
2025-01-19T00:00:00+08:00,1737216000,7.5,8.0,10.6,1298.8,53.6,2.4,0.11,0.074,2.21,,,Ⅱ
2025-01-19T04:00:00+08:00,1737230400,7.4,8.0,10.5,1298.3,55.5,2.3,0.12,0.057,2.24,,,Ⅱ
2025-01-20T04:00:00+08:00,1737316800,7.8,8.0,10.3,1494.8,49.6,2.4,0.13,0.058,2.28,,,Ⅱ
2025-01-20T12:00:00+08:00,1737345600,8.0,8.0,10.4,1442.1,48.2,2.5,0.12,0.064,2.25,,,Ⅱ
2025-01-21T12:00:00+08:00,1737432000,8.0,8.0,10.3,1477.7,44.1,2.7,0.13,0.067,2.23,,,Ⅱ
2025-01-21T20:00:00+08:00,1737460800,8.1,8.0,10.5,1502.6,36.5,2.4,0.13,0.061,2.18,,,Ⅱ
2025-01-22T04:00:00+08:00,1737489600,7.8,8.0,10.4,1511.9,36.3,2.4,0.13,0.058,2.21,,,Ⅱ
2025-01-22T08:00:00+08:00,1737504000,7.9,8.0,10.5,1522.2,36.2,2.6,0.12,0.06,2.18,,,Ⅱ
2025-01-22T16:00:00+08:00,1737532800,8.8,8.0,10.6,1588.8,38.8,2.4,0.12,0.057,2.18,,,Ⅱ
2025-01-22T20:00:00+08:00,1737547200,8.9,8.0,10.8,1550.9,34.5,2.5,0.12,0.057,2.17,,,Ⅱ
2025-01-23T16:00:00+08:00,1737619200,9.3,8.0,11.0,1562.2,32.4,2.4,0.1,0.053,2.12,,,Ⅱ
2025-01-24T00:00:00+08:00,1737648000,9.3,8.0,10.8,1535.3,35.0,2.5,0.11,0.059,2.12,,,Ⅱ
2025-02-12T16:00:00+08:00,1739347200,7.8,8.0,11.4,1313.0,37.0,3.5,0.35,0.079,2.54,,,Ⅱ
2025-02-12T20:00:00+08:00,1739361600,7.7,8.0,11.4,1344.9,41.5,3.4,0.31,0.09,2.48,,,Ⅱ
2025-02-13T00:00:00+08:00,1739376000,7.6,8.0,11.3,1343.9,37.7,3.3,0.32,0.075,2.45,,,Ⅱ
2025-02-13T04:00:00+08:00,1739390400,7.3,8.0,11.1,1343.1,37.6,3.3,0.32,0.091,2.48,,,Ⅱ
2025-02-13T08:00:00+08:00,1739404800,7.1,8.0,10.9,1341.6,35.6,3.3,0.35,0.075,2.51,,,Ⅱ
2025-02-13T16:00:00+08:00,1739433600,8.2,8.0,12.4,1334.6,31.6,3.6,0.32,0.074,2.51,,,Ⅱ
2025-02-13T20:00:00+08:00,1739448000,7.8,8.0,11.7,1344.7,31.5,3.5,0.38,0.075,2.36,,,Ⅱ
