ts,epoch,temperature,ph,do,conductivity,turbidity,codmn,ammonia_n,tp,tn,chla,algae_density,quality_class
2021-06-17T08:00:00+08:00,1623888000,26.6,6.87,3.29,315.0,142.2,5.43,0.456,0.133,6.55,,,Ⅳ
2021-06-17T12:00:00+08:00,1623902400,26.6,6.9,3.68,297.9,111.8,4.38,0.375,0.12,5.89,,,Ⅳ
2021-06-17T16:00:00+08:00,1623916800,27.0,6.86,3.86,284.3,94.6,3.91,0.317,0.112,5.51,,,Ⅳ
2021-06-17T20:00:00+08:00,1623931200,26.9,6.85,3.97,276.8,97.9,3.96,0.291,0.11,5.54,,,Ⅳ
2021-06-18T00:00:00+08:00,1623945600,26.7,6.84,3.8,285.1,93.1,3.76,0.294,0.108,5.71,,,Ⅳ
2021-06-18T04:00:00+08:00,1623960000,26.5,6.88,3.71,288.8,106.4,4.23,0.315,0.112,5.99,,,Ⅳ
2021-06-18T08:00:00+08:00,1623974400,26.2,6.88,3.82,291.3,110.8,4.18,0.318,0.115,6.01,,,Ⅳ
2021-06-18T12:00:00+08:00,1623988800,26.4,6.83,3.7,286.0,124.3,4.31,0.322,0.119,7.45,,,Ⅳ
2021-06-18T16:00:00+08:00,1624003200,26.2,6.87,4.03,276.4,103.7,3.95,0.344,0.11,5.79,,,Ⅳ
2021-06-18T20:00:00+08:00,1624017600,25.8,6.97,4.06,277.3,155.4,4.16,0.291,0.123,6.52,,,Ⅳ
2021-06-19T00:00:00+08:00,1624032000,25.3,7.07,4.28,281.5,172.2,4.71,0.306,0.145,6.96,,,Ⅳ
2021-06-19T04:00:00+08:00,1624046400,24.9,7.12,4.43,281.8,212.6,4.54,0.352,0.16,7.66,,,Ⅳ
2021-06-19T08:00:00+08:00,1624060800,24.8,7.11,4.19,275.2,255.0,5.69,0.429,0.201,9.41,,,Ⅳ
2021-06-19T12:00:00+08:00,1624075200,24.7,7.11,4.19,276.1,278.3,5.71,0.451,0.217,9.82,,,Ⅳ
2021-06-19T16:00:00+08:00,1624089600,24.6,7.06,4.11,274.2,244.6,5.62,0.433,0.194,8.98,,,Ⅳ
2021-06-19T20:00:00+08:00,1624104000,24.4,7.0,4.2,261.6,202.1,4.9,0.375,0.165,7.54,,,Ⅳ
2021-06-20T04:00:00+08:00,1624132800,23.9,6.97,4.3,247.9,182.7,4.42,0.305,0.147,6.66,,,Ⅳ
2021-06-20T08:00:00+08:00,1624147200,23.9,6.97,4.03,256.8,209.8,4.84,0.322,0.165,7.53,,,Ⅳ
2021-06-20T12:00:00+08:00,1624161600,24.1,7.01,4.11,259.0,201.1,4.47,0.332,0.16,7.62,,,Ⅳ
2021-07-02T08:00:00+08:00,1625184000,28.6,7.13,6.5,209.5,66.2,2.71,0.07,0.073,4.42,,,Ⅱ
2021-07-02T12:00:00+08:00,1625198400,28.9,6.92,6.67,224.2,59.4,2.9,0.08,0.063,4.29,,,Ⅱ
2021-07-02T16:00:00+08:00,1625212800,28.7,6.95,5.52,286.8,59.0,3.22,0.128,0.075,4.13,,,Ⅲ
2021-07-02T20:00:00+08:00,1625227200,28.2,7.02,5.88,338.6,63.2,3.84,0.091,0.084,3.93,,,Ⅲ
2021-07-03T00:00:00+08:00,1625241600,27.7,6.91,5.15,417.2,71.4,3.99,0.192,0.103,4.2,,,Ⅲ
2021-07-03T04:00:00+08:00,1625256000,27.4,6.78,3.35,321.6,71.1,3.45,0.36,0.105,4.48,,,Ⅳ
2021-07-03T08:00:00+08:00,1625270400,27.3,6.81,4.47,282.4,111.9,3.66,0.242,0.117,4.72,,,Ⅳ
2021-07-03T12:00:00+08:00,1625284800,27.6,6.88,4.99,274.9,100.4,3.89,0.158,0.113,4.58,,,Ⅳ
2021-07-03T16:00:00+08:00,1625299200,27.6,6.99,5.58,278.8,75.5,2.84,0.089,0.093,4.32,,,Ⅲ
2021-07-03T20:00:00+08:00,1625313600,27.6,7.02,5.04,304.6,119.8,4.0,0.126,0.119,5.04,,,Ⅲ
2021-07-04T00:00:00+08:00,1625328000,27.6,7.11,5.07,317.8,120.7,3.95,0.112,0.118,5.41,,,Ⅲ
2021-07-04T04:00:00+08:00,1625342400,27.4,7.01,4.37,338.5,131.8,4.42,0.125,0.132,5.64,,,Ⅳ
2021-07-04T08:00:00+08:00,1625356800,27.4,6.98,3.79,335.2,125.6,4.18,0.132,0.122,5.37,,,Ⅳ
2021-07-04T12:00:00+08:00,1625371200,27.4,7.03,3.98,338.6,109.1,4.01,0.164,0.119,5.04,,,Ⅳ
2021-07-04T16:00:00+08:00,1625385600,27.4,7.0,3.94,328.7,110.3,4.47,0.218,0.125,4.92,,,Ⅳ
2021-07-04T20:00:00+08:00,1625400000,27.4,6.99,4.12,317.3,100.8,3.82,0.246,0.119,4.7,,,Ⅳ
2021-07-05T00:00:00+08:00,1625414400,27.3,6.9,3.35,315.0,83.3,3.9,0.303,0.125,4.66,,,Ⅳ
2021-07-05T04:00:00+08:00,1625428800,27.2,6.9,2.82,297.7,78.6,3.78,0.37,0.123,4.36,,,Ⅴ
2021-07-05T08:00:00+08:00,1625443200,27.2,6.86,2.48,300.1,112.6,4.14,0.413,0.144,5.09,,,Ⅴ
2021-07-05T12:00:00+08:00,1625457600,29.0,6.89,2.52,280.3,66.5,3.89,0.392,0.112,4.32,,,Ⅴ
2021-07-05T16:00:00+08:00,1625472000,28.4,6.91,2.59,290.4,55.4,3.7,0.372,0.12,6.27,,,Ⅴ
2021-07-05T20:00:00+08:00,1625486400,28.0,6.93,2.78,293.0,67.2,3.75,0.394,0.11,4.18,,,Ⅴ
2021-07-06T00:00:00+08:00,1625500800,27.7,6.91,2.32,313.9,77.7,4.54,0.466,0.139,4.24,,,Ⅴ
2021-07-06T04:00:00+08:00,1625515200,27.4,6.92,1.75,324.7,70.0,4.38,0.547,0.139,4.25,,,劣Ⅴ
2021-07-06T08:00:00+08:00,1625529600,27.4,6.89,1.26,335.3,69.0,4.24,0.592,0.136,4.21,,,劣Ⅴ
2021-07-06T12:00:00+08:00,1625544000,28.6,6.91,1.32,314.2,66.2,4.23,0.666,0.142,4.19,,,劣Ⅴ
2021-07-06T16:00:00+08:00,1625558400,29.6,6.89,1.77,316.0,65.6,4.13,0.487,0.136,4.13,,,劣Ⅴ
2021-07-07T04:00:00+08:00,1625601600,29.1,6.9,0.92,357.7,61.4,4.05,0.025,0.115,4.16,,,劣Ⅴ
2021-07-07T08:00:00+08:00,1625616000,29.5,6.88,0.98,356.5,44.2,4.06,0.412,0.107,3.89,,,劣Ⅴ
2021-07-07T12:00:00+08:00,1625630400,32.4,7.01,4.13,349.3,42.5,3.62,0.298,0.104,3.93,,,Ⅳ
2021-07-26T12:00:00+08:00,1627272000,26.8,7.19,4.91,376.9,127.8,5.41,0.201,0.143,1.77,,,Ⅳ
2021-07-26T16:00:00+08:00,1627286400,26.9,7.04,4.39,246.2,178.2,5.36,0.588,0.182,2.47,,,Ⅳ
2021-07-26T20:00:00+08:00,1627300800,26.6,7.01,4.4,259.8,161.8,4.88,0.48,0.177,2.65,,,Ⅳ
2021-07-27T04:00:00+08:00,1627329600,26.6,7.01,4.1,284.6,253.5,6.49,0.377,0.238,3.06,,,Ⅳ
2021-07-27T12:37:00+08:00,1627360620,,,,,,,,,,,,
2021-07-27T13:08:00+08:00,1627362480,,,,,,,,,,,,
2021-07-27T16:09:00+08:00,1627373340,,,,,,,,,,,,
2021-07-27T19:20:00+08:00,1627384800,,,,,,,,,,,,
2021-07-27T22:21:00+08:00,1627395660,,,,,,,,,,,,
2021-07-28T16:00:00+08:00,1627459200,27.6,6.97,4.18,313.0,99.3,4.79,0.223,0.152,2.57,,,Ⅳ
2021-07-28T20:00:00+08:00,1627473600,27.5,6.98,4.07,310.2,89.9,4.47,0.205,0.146,2.47,,,Ⅳ
2021-07-29T00:00:00+08:00,1627488000,27.4,6.95,3.89,307.0,87.2,4.38,0.183,0.142,2.49,,,Ⅳ
2021-07-29T04:00:00+08:00,1627502400,27.4,6.94,3.58,311.0,76.6,4.24,0.285,0.146,2.61,,,Ⅳ
2021-07-29T08:00:00+08:00,1627516800,27.4,6.91,3.5,304.2,79.1,4.58,0.133,0.141,2.57,,,Ⅳ
2021-07-29T12:00:00+08:00,1627531200,28.2,6.93,4.33,285.5,71.0,4.44,0.109,0.134,2.46,,,Ⅳ
2021-07-29T16:00:00+08:00,1627545600,28.5,6.93,4.46,278.7,63.6,4.03,0.1,0.13,2.49,,,Ⅳ
2021-07-29T20:00:00+08:00,1627560000,28.3,6.92,4.21,317.2,59.8,4.04,0.091,0.131,2.4,,,Ⅳ
2021-07-30T00:00:00+08:00,1627574400,28.1,6.9,3.78,323.4,54.5,4.12,0.074,0.133,2.41,,,Ⅳ
2021-07-30T04:00:00+08:00,1627588800,27.9,6.9,3.24,330.9,48.5,3.96,0.144,0.133,2.48,,,Ⅳ
2021-07-30T08:00:00+08:00,1627603200,28.2,6.91,2.91,305.0,36.5,3.68,0.206,0.129,2.5,,,Ⅴ
2021-07-30T12:00:00+08:00,1627617600,32.4,7.4,8.63,183.1,77.9,3.15,0.091,0.12,3.03,,,Ⅲ
2021-08-06T04:00:00+08:00,1628193600,29.9,7.19,5.34,261.8,64.9,3.19,0.059,0.061,2.32,,,Ⅲ
2021-08-06T08:00:00+08:00,1628208000,29.8,7.25,5.84,258.2,64.9,3.01,0.054,0.064,2.34,,,Ⅲ
2021-09-23T12:00:00+08:00,1632369600,28.0,8.71,9.31,265.1,31.7,3.38,0.055,0.054,0.68,,,Ⅱ
2021-09-23T16:00:00+08:00,1632384000,29.0,8.86,9.72,270.5,25.7,3.49,0.04,0.047,0.55,,,Ⅱ
2021-09-23T20:00:00+08:00,1632398400,28.3,8.7,9.13,272.1,41.6,3.61,0.043,0.055,0.62,,,Ⅱ
2021-09-24T04:00:00+08:00,1632427200,27.2,8.56,7.97,267.7,52.3,3.28,0.054,0.064,0.79,,,Ⅱ
2021-10-28T08:00:00+08:00,1635379200,19.4,7.73,7.46,277.3,107.6,7.87,0.079,0.183,2.72,,,Ⅳ
2021-10-28T12:00:00+08:00,1635393600,20.0,8.42,9.43,280.0,105.7,9.62,0.095,0.235,3.02,,,Ⅳ
2021-10-28T16:00:00+08:00,1635408000,20.2,8.58,10.1,282.3,79.4,5.76,0.075,0.136,2.12,,,Ⅲ
2021-10-28T20:00:00+08:00,1635422400,19.9,8.3,8.85,280.3,67.4,4.26,0.082,0.098,1.99,,,Ⅲ
2021-10-29T00:00:00+08:00,1635436800,19.6,7.7,6.99,287.3,74.7,5.08,0.112,0.128,2.19,,,Ⅲ
2021-10-29T04:00:00+08:00,1635451200,19.3,7.46,5.35,288.6,91.4,7.84,0.152,0.211,2.8,,,Ⅳ
2021-10-29T08:00:00+08:00,1635465600,19.0,7.27,3.38,296.8,94.7,8.74,0.189,0.24,2.93,,,Ⅳ
2021-11-05T04:00:00+08:00,1636056000,18.9,7.51,5.58,269.7,53.6,2.54,0.264,0.06,0.83,,,Ⅲ
2021-11-05T08:00:00+08:00,1636070400,18.8,7.65,6.55,338.2,63.1,2.62,0.158,0.061,0.76,,,Ⅱ
2021-11-05T12:00:00+08:00,1636084800,19.3,7.63,6.4,337.1,64.0,3.2,0.314,0.062,1.27,,,Ⅱ
2021-11-05T16:00:00+08:00,1636099200,20.4,8.08,8.09,336.1,48.6,2.58,0.18,0.058,,,,Ⅱ
2021-11-05T20:00:00+08:00,1636113600,20.2,7.77,7.18,336.9,58.2,2.52,0.244,0.057,0.69,,,Ⅱ
2021-11-06T00:00:00+08:00,1636128000,20.0,7.75,7.22,298.7,74.4,2.86,0.265,0.068,0.74,,,Ⅱ
2021-11-06T04:00:00+08:00,1636142400,19.8,7.69,7.02,307.7,69.2,2.65,0.261,0.065,0.75,,,Ⅱ
2021-11-06T08:00:00+08:00,1636156800,19.7,7.7,6.86,327.1,112.1,3.52,0.269,0.084,0.64,,,Ⅱ
2021-11-06T12:00:00+08:00,1636171200,19.9,7.69,6.92,268.5,99.3,3.22,0.272,0.073,,,,Ⅱ
2021-11-06T16:00:00+08:00,1636185600,20.0,7.79,7.25,335.9,115.8,3.25,0.232,0.07,,,,Ⅱ
2021-11-06T20:00:00+08:00,1636200000,19.8,7.76,7.1,269.1,121.2,3.24,0.237,0.078,2.34,,,Ⅱ
2021-11-07T00:00:00+08:00,1636214400,19.7,7.72,6.86,328.3,120.6,3.32,0.25,0.073,2.32,,,Ⅱ
2021-11-07T04:00:00+08:00,1636228800,19.6,7.67,6.71,275.0,108.0,2.96,0.229,0.074,2.18,,,Ⅱ
2021-11-07T08:00:00+08:00,1636243200,19.5,7.74,7.01,269.7,98.1,3.12,0.193,0.068,2.07,,,Ⅱ
2021-11-07T12:00:00+08:00,1636257600,20.0,7.81,7.31,320.2,78.3,2.75,0.161,0.059,1.81,,,Ⅱ
2021-11-07T16:00:00+08:00,1636272000,19.1,7.76,7.19,246.0,91.4,2.88,0.181,0.065,1.78,,,Ⅱ
2021-11-07T20:00:00+08:00,1636286400,17.6,7.79,7.76,254.4,166.2,3.98,0.248,0.116,2.61,,,Ⅲ
2021-11-08T00:00:00+08:00,1636300800,16.2,7.83,8.3,297.6,274.6,5.51,0.364,0.193,4.61,,,Ⅲ
2021-11-08T04:00:00+08:00,1636315200,14.5,7.89,9.05,276.6,313.8,6.14,0.399,0.24,5.3,,,Ⅳ
2021-11-08T08:00:00+08:00,1636329600,13.4,7.93,9.46,304.8,328.9,6.26,0.404,0.256,,,,Ⅳ
2021-11-08T12:00:00+08:00,1636344000,13.5,7.93,9.0,342.9,321.8,5.49,0.333,0.188,4.02,,,Ⅲ
2021-11-08T16:00:00+08:00,1636358400,13.4,7.88,8.93,349.0,333.6,5.4,0.376,0.197,4.77,,,Ⅲ
2021-11-08T20:00:00+08:00,1636372800,13.0,7.93,9.14,342.3,327.2,5.51,0.331,0.184,4.7,,,Ⅲ
2021-11-09T00:00:00+08:00,1636387200,12.6,7.94,9.09,346.7,318.6,5.22,0.307,0.184,4.74,,,Ⅲ
2021-11-09T04:00:00+08:00,1636401600,12.5,7.94,8.92,302.8,334.7,5.67,0.321,0.186,5.0,,,Ⅲ
2021-11-09T08:00:00+08:00,1636416000,12.1,7.92,8.99,353.9,332.4,5.86,0.294,0.205,4.84,,,Ⅳ
2021-11-09T12:00:00+08:00,1636430400,12.5,7.85,8.78,322.1,283.0,4.78,0.28,0.142,,,,Ⅲ
2021-11-09T20:00:00+08:00,1636459200,12.5,7.86,9.12,358.7,256.9,4.28,0.243,0.141,,,,Ⅲ
2021-11-10T00:00:00+08:00,1636473600,12.2,7.86,9.2,349.6,221.7,3.87,0.213,0.133,3.06,,,Ⅲ
2021-11-10T04:00:00+08:00,1636488000,11.7,7.87,9.34,359.7,208.4,3.55,0.198,0.114,2.64,,,Ⅲ
2021-11-10T08:00:00+08:00,1636502400,11.6,7.91,9.73,350.3,211.6,3.98,0.179,0.124,2.63,,,Ⅲ
2021-11-10T12:00:00+08:00,1636516800,12.2,7.87,8.95,357.4,208.3,3.79,0.171,0.11,2.48,,,Ⅲ
2021-11-10T16:00:00+08:00,1636531200,12.6,7.85,8.87,355.1,225.8,4.46,0.205,0.139,3.04,,,Ⅲ
2021-11-10T20:00:00+08:00,1636545600,12.1,7.83,8.86,359.5,213.8,3.84,0.188,0.112,2.7,,,Ⅲ
2021-11-11T00:00:00+08:00,1636560000,12.0,7.85,9.06,359.0,229.9,3.96,0.21,0.118,3.12,,,Ⅲ
2021-11-11T08:00:00+08:00,1636588800,11.6,7.91,9.25,325.8,244.8,4.39,0.233,0.148,3.27,,,Ⅲ
2021-11-11T12:00:00+08:00,1636603200,12.5,7.89,8.63,334.8,219.3,4.03,0.197,0.114,2.67,,,Ⅲ
2021-11-11T16:00:00+08:00,1636617600,13.1,7.93,9.12,314.2,197.9,3.68,0.176,0.104,2.42,,,Ⅲ
2021-11-11T20:00:00+08:00,1636632000,12.8,7.95,9.47,350.1,183.1,3.59,0.158,0.093,2.13,,,Ⅱ
2021-11-12T00:00:00+08:00,1636646400,12.7,7.9,9.11,358.0,193.9,3.38,0.17,0.095,2.31,,,Ⅱ
2021-11-26T12:00:00+08:00,1637899200,12.0,8.01,8.87,375.2,199.8,4.14,0.236,0.091,2.81,,,Ⅲ
2021-11-26T16:00:00+08:00,1637913600,13.8,8.23,10.37,371.0,122.6,3.52,0.131,0.064,1.37,,,Ⅱ
2021-11-26T20:00:00+08:00,1637928000,13.2,8.19,10.3,372.9,128.4,3.71,0.137,0.071,1.49,,,Ⅱ
2021-11-27T04:00:00+08:00,1637956800,12.6,8.07,9.24,375.7,220.6,4.78,0.238,0.116,3.25,,,Ⅲ
2021-11-27T08:00:00+08:00,1637971200,12.7,8.08,9.24,376.2,269.8,5.15,0.273,0.136,4.77,,,Ⅲ
2021-11-27T12:00:00+08:00,1637985600,12.8,8.07,9.28,373.6,259.8,5.24,0.292,0.128,4.54,,,Ⅲ
2021-11-27T16:00:00+08:00,1638000000,13.1,8.07,9.47,374.6,260.8,5.2,0.257,0.13,4.16,,,Ⅲ
2021-11-27T20:00:00+08:00,1638014400,12.8,8.02,9.3,376.4,239.1,5.1,0.251,0.111,4.02,,,Ⅲ
2021-11-28T04:00:00+08:00,1638043200,12.8,8.03,9.15,376.6,258.0,4.94,0.268,0.116,4.59,,,Ⅲ
2021-11-28T08:00:00+08:00,1638057600,12.7,8.05,9.05,378.2,241.2,5.1,0.264,0.114,4.34,,,Ⅲ
2021-11-28T12:00:00+08:00,1638072000,12.9,8.18,9.89,375.5,199.9,4.59,0.209,0.108,2.99,,,Ⅲ
2021-11-28T16:00:00+08:00,1638086400,13.4,8.53,11.63,369.5,123.1,5.2,0.151,0.1,1.51,,,Ⅲ
2021-11-28T20:00:00+08:00,1638100800,13.1,8.32,10.78,371.2,128.8,4.12,0.124,0.078,1.54,,,Ⅲ
2021-11-29T04:00:00+08:00,1638129600,12.8,8.09,10.02,373.0,109.4,3.54,0.115,0.066,1.24,,,Ⅱ
2021-11-29T08:00:00+08:00,1638144000,12.8,8.05,9.73,370.9,109.2,3.66,0.11,0.07,1.1,,,Ⅱ
2021-11-29T12:00:00+08:00,1638158400,12.9,8.07,9.67,372.7,108.3,3.44,0.117,0.06,1.16,,,Ⅱ
2021-11-30T04:00:00+08:00,1638216000,12.8,8.0,9.13,371.6,209.1,4.08,0.208,0.09,2.81,,,Ⅲ
2021-11-30T12:00:00+08:00,1638244800,12.7,8.06,9.79,374.8,309.6,5.79,0.295,0.176,5.75,,,Ⅲ
2021-11-30T16:00:00+08:00,1638259200,12.4,8.07,10.01,375.6,315.4,5.88,0.304,0.187,6.86,,,Ⅲ
2021-11-30T20:00:00+08:00,1638273600,11.9,8.09,9.92,376.1,343.5,6.3,0.337,0.219,9.95,,,Ⅳ
2021-12-01T04:00:00+08:00,1638302400,10.2,8.08,10.42,380.0,326.1,6.37,0.328,0.216,8.8,,,Ⅳ
2021-12-01T12:00:00+08:00,1638331200,10.0,8.08,10.01,381.3,336.4,7.38,0.325,0.181,2.48,,,Ⅳ
2021-12-01T16:00:00+08:00,1638345600,9.6,8.08,10.13,382.3,316.8,6.1,0.296,0.176,2.48,,,Ⅳ
2021-12-01T20:00:00+08:00,1638360000,9.1,8.06,10.09,381.6,304.8,5.53,0.289,0.171,2.18,,,Ⅲ
2021-12-02T04:00:00+08:00,1638388800,8.5,8.06,10.05,381.5,280.6,5.33,0.264,0.143,1.68,,,Ⅲ
2021-12-02T08:00:00+08:00,1638403200,8.5,8.06,9.97,383.1,280.0,5.46,0.259,0.138,1.64,,,Ⅲ
2021-12-03T12:00:00+08:00,1638504000,8.9,8.05,9.57,378.4,230.5,4.7,0.238,0.106,1.9,,,Ⅲ
2021-12-07T12:00:00+08:00,1638849600,11.2,8.06,9.66,378.7,134.5,3.68,0.181,0.07,1.29,,,Ⅱ
2021-12-07T16:00:00+08:00,1638864000,11.9,8.29,10.86,376.9,143.5,4.1,0.124,0.08,1.28,,,Ⅲ
2021-12-08T04:00:00+08:00,1638907200,11.2,8.1,10.18,378.7,175.3,4.37,0.15,0.099,1.5,,,Ⅲ
2021-12-08T08:00:00+08:00,1638921600,11.0,8.05,9.97,378.0,167.2,4.44,0.154,0.097,1.47,,,Ⅲ
2021-12-08T16:00:00+08:00,1638950400,12.5,8.57,12.05,376.3,179.4,7.87,0.151,0.192,2.29,,,Ⅳ
2021-12-08T20:00:00+08:00,1638964800,12.4,8.35,11.05,376.5,198.1,5.42,0.149,0.114,2.03,,,Ⅲ
2021-12-09T04:00:00+08:00,1638993600,11.9,8.2,10.39,378.3,171.4,4.76,0.133,0.105,1.7,,,Ⅲ
2021-12-09T08:00:00+08:00,1639008000,11.7,8.12,10.1,378.4,174.2,4.57,0.137,0.094,1.72,,,Ⅲ
2021-12-09T12:00:00+08:00,1639022400,11.6,8.06,9.84,377.0,166.1,3.58,0.126,0.07,1.38,,,Ⅱ
2021-12-10T08:00:00+08:00,1639094400,11.5,8.06,9.78,378.4,130.2,3.62,0.1,0.065,1.08,,,Ⅱ
2021-12-10T12:00:00+08:00,1639108800,11.9,8.08,9.72,378.3,128.2,3.45,0.111,0.06,0.97,,,Ⅱ
2021-12-14T04:00:00+08:00,1639425600,10.1,8.08,9.95,379.2,203.1,5.17,0.172,0.119,1.09,,,Ⅲ
2021-12-14T12:00:00+08:00,1639454400,10.3,8.08,9.88,379.1,166.9,4.83,0.185,0.102,1.21,,,Ⅲ
2021-12-14T16:00:00+08:00,1639468800,10.6,8.08,9.79,379.1,166.6,4.14,0.154,0.082,0.99,,,Ⅲ
2021-12-14T20:00:00+08:00,1639483200,10.0,8.02,9.55,379.9,163.6,3.98,0.15,0.076,0.97,,,Ⅲ
2021-12-15T04:00:00+08:00,1639512000,9.9,8.03,9.54,384.4,138.4,3.89,0.134,0.068,0.88,,,Ⅱ
2021-12-21T08:00:00+08:00,1640044800,8.5,8.14,10.0,395.0,97.0,3.54,0.122,0.054,0.83,,,Ⅱ
2021-12-21T12:00:00+08:00,1640059200,9.5,8.18,10.38,391.4,91.3,3.5,0.167,0.052,0.81,,,Ⅱ
2021-12-22T04:00:00+08:00,1640116800,9.2,8.15,10.34,393.1,83.3,3.44,0.1,0.052,0.67,,,Ⅱ
2021-12-22T12:00:00+08:00,1640145600,9.8,8.22,10.36,394.4,79.9,4.85,0.116,0.05,0.92,,,Ⅲ
2021-12-22T16:00:00+08:00,1640160000,10.5,8.36,10.59,390.2,99.8,3.54,0.12,0.054,0.83,,,Ⅱ
2021-12-22T20:00:00+08:00,1640174400,11.0,8.52,11.62,384.0,70.8,3.6,0.089,0.056,0.75,,,Ⅱ
2021-12-23T00:00:00+08:00,1640188800,10.4,8.35,10.8,388.0,98.0,3.79,0.102,0.06,0.82,,,Ⅱ
2021-12-23T04:00:00+08:00,1640203200,9.9,8.24,10.46,390.0,100.9,3.67,0.111,0.06,0.91,,,Ⅱ
2021-12-23T08:00:00+08:00,1640217600,9.9,8.18,10.1,390.5,117.8,3.68,0.139,0.06,1.08,,,Ⅱ
2021-12-23T12:00:00+08:00,1640232000,10.9,8.63,11.69,386.1,95.5,4.93,0.102,0.089,0.99,,,Ⅲ
2021-12-23T16:00:00+08:00,1640246400,12.2,8.98,13.83,381.8,72.8,7.88,0.096,0.141,1.36,,,Ⅳ
2021-12-23T20:00:00+08:00,1640260800,11.7,8.78,12.53,382.7,73.1,5.97,0.096,0.102,1.06,,,Ⅲ
2021-12-24T00:00:00+08:00,1640275200,11.5,8.63,11.75,385.1,65.0,4.9,0.092,0.082,0.9,,,Ⅲ
2021-12-24T12:00:00+08:00,1640318400,11.2,8.59,11.6,386.0,62.4,4.14,0.092,0.059,0.76,,,Ⅲ
2021-12-27T12:00:00+08:00,1640577600,3.6,8.22,11.52,432.7,273.6,8.0,0.288,0.21,3.15,,,Ⅳ
2021-12-27T16:00:00+08:00,1640592000,3.7,8.33,12.29,417.9,280.8,8.5,0.27,0.204,2.99,,,Ⅳ
2021-12-27T20:00:00+08:00,1640606400,3.6,8.21,11.8,423.9,296.9,10.4,0.29,0.23,3.21,,,Ⅴ
2021-12-28T00:00:00+08:00,1640620800,3.4,8.17,11.73,427.4,253.8,7.32,0.246,0.161,2.48,,,Ⅳ
2021-12-28T04:00:00+08:00,1640635200,3.5,8.15,11.62,428.4,213.7,5.94,0.229,0.122,1.96,,,Ⅲ
2021-12-28T12:00:00+08:00,1640664000,3.7,8.11,11.68,428.0,201.5,6.64,0.202,0.129,1.84,,,Ⅳ
2021-12-30T08:00:00+08:00,1640822400,4.9,8.14,11.63,423.6,125.2,4.18,0.12,0.069,1.31,,,Ⅲ
2022-01-11T04:00:00+08:00,1641844800,7.4,7.64,7.96,447.3,371.6,,0.382,1.071,11.24,,,
2022-01-11T08:00:00+08:00,1641859200,6.9,7.62,7.97,452.7,503.9,,0.58,1.365,14.07,,,
2022-01-11T12:00:00+08:00,1641873600,7.1,7.65,8.53,457.4,558.4,,0.624,1.296,14.27,,,
2022-01-12T04:00:00+08:00,1641931200,6.2,7.64,8.15,473.8,306.6,11.58,0.269,0.578,7.47,,,劣Ⅴ
2022-01-12T08:00:00+08:00,1641945600,6.2,7.9,9.71,483.2,179.4,14.99,0.172,0.29,3.63,,,Ⅴ
2022-01-12T12:00:00+08:00,1641960000,9.3,7.96,10.11,463.2,244.2,,0.11,0.005,0.15,,,
2022-01-14T12:00:00+08:00,1642132800,5.4,8.23,11.77,489.2,99.2,5.82,0.118,0.108,2.34,,,Ⅲ
2022-01-14T16:00:00+08:00,1642147200,5.7,8.26,11.96,487.6,99.8,5.52,0.106,0.105,2.22,,,Ⅲ
2022-01-19T04:00:00+08:00,1642536000,8.0,8.55,12.52,485.8,39.8,3.45,0.042,0.049,1.2,,,Ⅱ
2022-01-19T08:00:00+08:00,1642550400,7.8,8.43,12.02,488.8,40.5,3.58,0.039,0.048,1.05,,,Ⅱ
2022-01-19T16:00:00+08:00,1642579200,8.5,8.69,13.67,480.0,36.2,3.79,0.043,0.055,1.08,,,Ⅲ
2022-01-19T20:00:00+08:00,1642593600,8.6,8.68,13.59,480.6,34.1,3.54,0.038,0.049,1.01,,,Ⅱ
2022-01-20T04:00:00+08:00,1642622400,8.5,8.56,12.43,482.2,75.0,6.28,0.063,0.087,1.51,,,Ⅳ
2022-01-20T08:00:00+08:00,1642636800,8.2,8.49,12.01,484.4,84.1,6.76,0.07,0.1,1.47,,,Ⅳ
2022-01-20T12:00:00+08:00,1642651200,8.1,8.48,11.93,482.3,103.9,8.01,0.086,0.116,1.84,,,Ⅳ
2022-01-20T16:00:00+08:00,1642665600,8.3,8.54,12.29,481.2,142.0,12.65,0.118,0.177,2.64,,,Ⅴ
2022-01-20T20:00:00+08:00,1642680000,8.1,8.47,11.86,481.6,164.8,14.05,0.139,0.193,3.23,,,Ⅴ
2022-01-21T04:00:00+08:00,1642708800,7.4,8.28,11.19,483.8,150.8,12.16,0.135,0.182,2.77,,,Ⅴ
2022-01-21T08:00:00+08:00,1642723200,7.1,8.21,10.94,480.3,157.7,12.44,0.144,0.178,2.69,,,Ⅴ
2022-01-21T12:00:00+08:00,1642737600,7.0,8.23,11.29,477.6,145.4,10.54,0.129,0.164,,,,Ⅴ
2022-02-10T08:00:00+08:00,1644451200,4.6,8.08,11.86,454.7,80.6,3.83,0.424,0.095,3.66,,,Ⅱ
2022-02-10T12:00:00+08:00,1644465600,4.8,8.14,12.16,452.6,77.6,4.4,0.441,0.113,3.73,,,Ⅲ
2022-02-11T08:00:00+08:00,1644537600,5.1,8.14,12.36,405.4,62.2,3.65,0.379,0.092,4.0,,,Ⅱ
2022-02-11T16:00:00+08:00,1644566400,5.2,8.11,12.13,412.5,80.6,6.0,0.4,0.187,4.33,,,Ⅲ
2022-02-11T20:00:00+08:00,1644580800,5.2,8.07,12.0,402.0,93.9,6.03,0.419,0.19,4.48,,,Ⅲ
2022-02-12T04:00:00+08:00,1644609600,5.3,8.04,11.76,426.4,100.2,6.06,0.431,0.184,4.58,,,Ⅳ
2022-02-12T16:00:00+08:00,1644652800,5.7,8.1,11.91,428.1,86.3,4.92,0.398,0.129,4.27,,,Ⅲ
2022-02-12T20:00:00+08:00,1644667200,5.6,8.11,12.1,429.9,81.4,4.49,0.388,0.108,4.02,,,Ⅲ
2022-02-13T04:00:00+08:00,1644696000,5.6,8.04,11.56,430.7,68.2,3.73,0.382,0.084,3.95,,,Ⅱ
2022-02-13T08:00:00+08:00,1644710400,5.6,8.03,11.56,430.7,73.0,3.78,0.388,0.086,3.95,,,Ⅱ
2022-02-13T12:00:00+08:00,1644724800,5.9,8.04,11.61,431.6,71.1,4.2,0.384,0.111,4.0,,,Ⅱ
2022-02-13T16:00:00+08:00,1644739200,5.9,8.08,11.84,431.5,70.2,4.4,0.389,0.107,4.04,,,Ⅲ
2022-02-13T20:00:00+08:00,1644753600,6.0,8.06,11.56,406.8,71.5,4.45,0.372,0.108,4.02,,,Ⅲ
2022-02-14T04:00:00+08:00,1644782400,5.9,8.09,11.79,378.6,56.0,3.82,0.352,0.093,4.36,,,Ⅲ
2022-02-18T04:00:00+08:00,1645128000,4.8,8.03,11.79,399.8,215.6,8.86,0.217,0.259,3.64,,,Ⅳ
2022-02-18T08:00:00+08:00,1645142400,4.7,7.98,11.67,408.5,212.1,9.28,0.229,0.264,3.68,,,Ⅳ
2022-02-18T12:00:00+08:00,1645156800,4.8,8.02,11.79,402.4,206.4,8.56,0.203,0.247,3.42,,,Ⅳ
2022-02-18T16:00:00+08:00,1645171200,4.8,8.05,11.99,396.8,195.0,7.8,0.191,0.219,3.35,,,Ⅳ
2022-02-18T20:00:00+08:00,1645185600,4.8,8.06,11.98,401.6,192.3,8.46,0.195,0.241,3.44,,,Ⅳ
2022-02-19T00:00:00+08:00,1645200000,4.8,8.08,12.11,396.3,174.4,6.37,0.168,0.173,3.07,,,Ⅳ
2022-02-19T04:00:00+08:00,1645214400,4.7,8.05,12.17,390.8,194.2,6.55,0.173,0.187,2.81,,,Ⅳ
2022-02-22T08:00:00+08:00,1645488000,5.9,8.11,12.33,380.8,117.5,3.82,0.129,0.096,2.79,,,Ⅱ
2022-02-22T12:00:00+08:00,1645502400,6.1,8.02,12.2,380.3,118.1,3.7,0.13,0.09,2.84,,,Ⅱ
2022-02-22T16:00:00+08:00,1645516800,6.6,8.15,12.67,374.3,116.4,3.69,0.118,0.089,2.7,,,Ⅱ
2022-02-22T20:00:00+08:00,1645531200,6.4,8.15,12.54,379.8,114.1,3.51,0.119,0.093,2.74,,,Ⅱ
2022-02-23T00:00:00+08:00,1645545600,6.4,8.15,12.47,378.2,110.7,4.09,0.114,0.112,2.77,,,Ⅲ
2022-02-23T04:00:00+08:00,1645560000,6.2,8.1,12.34,379.8,112.7,3.54,0.108,0.091,2.66,,,Ⅱ
2022-02-23T08:00:00+08:00,1645574400,6.1,8.04,12.15,379.6,109.4,5.0,0.118,0.145,2.97,,,Ⅲ
2022-02-23T12:00:00+08:00,1645588800,6.9,8.15,12.69,379.6,111.2,4.8,0.115,0.126,2.86,,,Ⅲ
2022-03-01T08:00:00+08:00,1646092800,12.8,8.14,10.32,269.4,83.0,4.67,0.057,0.093,2.58,,,Ⅲ
2022-03-01T12:00:00+08:00,1646107200,14.5,8.54,11.08,333.9,74.5,4.94,0.046,0.081,3.04,,,Ⅲ
2022-03-01T16:00:00+08:00,1646121600,15.4,8.65,11.0,265.8,86.6,5.64,0.058,0.094,2.82,,,Ⅲ
2022-03-02T04:00:00+08:00,1646164800,13.0,7.82,8.41,286.4,204.8,7.5,0.088,0.159,3.28,,,Ⅳ
2022-03-02T08:00:00+08:00,1646179200,12.8,7.76,8.11,338.3,188.3,5.44,0.073,0.11,2.88,,,Ⅲ
2022-03-07T08:00:00+08:00,1646611200,12.4,7.53,5.98,386.2,63.3,4.66,0.271,0.098,2.56,,,Ⅲ
2022-03-07T12:00:00+08:00,1646625600,13.3,7.6,6.23,384.9,57.0,4.51,0.269,0.092,2.58,,,Ⅲ
2022-03-08T04:00:00+08:00,1646683200,12.6,7.54,5.92,388.7,51.2,3.78,0.266,0.074,2.29,,,Ⅲ
2022-03-08T08:00:00+08:00,1646697600,12.4,7.51,5.72,389.6,52.2,3.83,0.271,0.072,2.16,,,Ⅲ
2022-03-08T12:00:00+08:00,1646712000,14.7,7.58,5.06,384.9,50.5,4.14,0.246,0.06,2.25,,,Ⅲ
2022-03-08T16:00:00+08:00,1646726400,15.0,7.84,6.93,383.0,50.9,4.36,0.223,0.068,2.31,,,Ⅲ
2022-03-08T20:00:00+08:00,1646740800,14.4,7.89,7.32,385.7,49.9,4.2,0.207,0.065,2.26,,,Ⅲ
2022-03-09T00:00:00+08:00,1646755200,13.6,7.74,6.99,388.3,47.7,3.97,0.23,0.064,2.05,,,Ⅱ
2022-03-09T04:00:00+08:00,1646769600,13.3,7.7,6.6,391.1,48.0,3.98,0.231,0.061,1.64,,,Ⅱ
2022-03-09T08:00:00+08:00,1646784000,13.0,7.68,6.48,391.6,47.7,3.8,0.208,0.064,2.05,,,Ⅱ
2022-03-09T12:00:00+08:00,1646798400,14.5,7.82,6.67,385.5,48.6,4.08,0.177,0.063,2.27,,,Ⅲ
2022-03-10T04:00:00+08:00,1646856000,15.0,7.76,9.69,394.9,37.1,3.86,0.207,0.063,2.06,,,Ⅱ
2022-03-10T08:00:00+08:00,1646870400,14.5,7.75,9.82,396.1,35.1,3.9,0.194,0.062,2.08,,,Ⅱ
2022-03-10T12:00:00+08:00,1646884800,19.0,7.8,8.66,392.8,34.6,3.9,0.17,0.058,2.08,,,Ⅱ
2022-03-11T04:00:00+08:00,1646942400,16.7,7.79,9.31,395.7,28.6,3.67,0.172,0.052,1.99,,,Ⅱ
2022-03-11T08:00:00+08:00,1646956800,16.4,7.78,9.34,396.2,28.1,3.52,0.158,0.051,1.98,,,Ⅱ
2022-03-11T12:00:00+08:00,1646971200,21.9,8.0,7.98,393.6,22.4,3.87,0.121,0.05,2.03,,,Ⅱ
2022-03-11T16:00:00+08:00,1646985600,23.9,8.23,7.6,390.6,18.2,3.8,0.131,0.044,,,,Ⅱ
2022-03-12T16:00:00+08:00,1647072000,19.8,8.11,8.6,394.5,20.6,3.68,0.115,0.043,1.34,,,Ⅱ
2022-03-12T20:00:00+08:00,1647086400,19.1,8.18,8.8,395.0,17.3,3.97,0.105,0.044,1.81,,,Ⅱ
2022-03-13T04:00:00+08:00,1647115200,18.6,7.91,8.9,394.3,20.0,3.43,0.112,0.043,1.76,,,Ⅱ
2022-03-13T08:00:00+08:00,1647129600,18.6,7.79,8.9,394.9,19.2,3.45,0.117,0.042,1.85,,,Ⅱ
2022-03-13T12:00:00+08:00,1647144000,19.8,8.02,8.66,393.7,14.2,3.45,0.098,0.038,1.75,,,Ⅱ
2022-03-13T16:00:00+08:00,1647158400,20.4,8.22,8.56,389.6,13.9,3.75,0.093,0.04,1.73,,,Ⅱ
2022-03-13T20:00:00+08:00,1647172800,19.7,8.16,8.72,389.8,12.5,3.43,0.088,0.04,1.75,,,Ⅱ
2022-03-14T04:00:00+08:00,1647201600,19.2,7.86,8.86,390.1,17.7,3.58,0.084,0.043,1.69,,,Ⅱ
2022-03-14T08:00:00+08:00,1647216000,19.0,7.81,8.89,389.4,15.5,3.68,0.082,0.045,1.65,,,Ⅱ
2022-03-14T16:00:00+08:00,1647244800,20.6,7.91,8.54,385.6,41.8,4.7,0.114,0.057,1.96,,,Ⅲ
2022-03-15T08:00:00+08:00,1647302400,17.3,7.53,9.18,385.8,69.0,4.17,0.22,0.068,2.12,,,Ⅲ
2022-03-15T16:00:00+08:00,1647331200,23.4,7.79,7.78,379.4,47.6,3.43,0.127,0.043,2.16,,,Ⅱ
2022-03-15T20:00:00+08:00,1647345600,21.4,7.96,8.24,379.9,39.3,3.43,0.122,0.044,2.05,,,Ⅱ
2022-03-16T00:00:00+08:00,1647360000,19.5,7.7,8.72,379.1,38.5,3.44,0.135,0.045,1.95,,,Ⅱ
2022-03-16T08:00:00+08:00,1647388800,18.1,7.57,8.99,382.4,33.3,3.02,0.137,0.041,1.96,,,Ⅱ
2022-03-16T12:00:00+08:00,1647403200,24.7,7.8,7.42,377.9,28.8,3.22,0.096,0.041,2.07,,,Ⅱ
2022-03-16T16:00:00+08:00,1647417600,27.3,8.02,7.01,368.9,21.7,3.17,0.074,0.035,2.05,,,Ⅱ
2022-03-16T20:00:00+08:00,1647432000,24.5,8.06,7.52,374.1,20.2,2.96,0.063,0.031,1.82,,,Ⅱ
2022-03-17T00:00:00+08:00,1647446400,22.8,7.87,7.92,375.7,22.0,2.96,0.07,0.033,1.82,,,Ⅱ
2022-03-17T04:00:00+08:00,1647460800,21.2,7.69,8.26,377.5,43.7,3.58,0.1,0.043,1.85,,,Ⅱ
2022-03-17T08:00:00+08:00,1647475200,20.4,7.59,8.42,375.9,55.8,3.45,0.14,0.05,2.11,,,Ⅱ
2022-03-17T12:00:00+08:00,1647489600,20.4,7.72,9.07,382.7,40.4,3.39,0.14,0.05,2.1,,,Ⅱ
2022-03-17T16:00:00+08:00,1647504000,17.8,7.7,9.61,378.2,98.5,,0.191,0.08,2.34,,,
2022-03-18T08:00:00+08:00,1647561600,12.8,7.72,10.95,379.7,186.7,,0.242,0.115,3.43,,,
2022-03-18T12:00:00+08:00,1647576000,13.5,7.76,10.78,379.7,167.5,5.38,0.213,0.099,3.19,,,Ⅲ
2022-03-18T16:00:00+08:00,1647590400,15.0,7.78,10.33,377.1,145.6,4.25,0.2,0.082,2.96,,,Ⅲ
2022-03-23T08:00:00+08:00,1647993600,9.6,7.73,12.05,360.2,190.8,5.01,0.454,0.134,4.48,,,Ⅲ
2022-03-24T12:00:00+08:00,1648094400,17.4,7.77,9.57,360.5,113.0,3.97,0.383,0.077,3.54,,,Ⅱ
2022-03-24T16:00:00+08:00,1648108800,18.8,7.87,9.34,360.2,120.9,4.63,0.372,0.093,3.66,,,Ⅲ
2022-03-24T20:00:00+08:00,1648123200,16.7,7.85,9.86,362.2,126.6,5.71,0.385,0.13,3.76,,,Ⅲ
2022-03-25T00:00:00+08:00,1648137600,15.1,7.77,10.35,365.4,140.0,6.38,0.391,0.138,3.82,,,Ⅳ
2022-03-25T04:00:00+08:00,1648152000,15.2,7.72,10.26,364.7,117.6,4.24,0.381,0.099,3.58,,,Ⅲ
2022-03-25T08:00:00+08:00,1648166400,15.1,7.73,10.3,359.8,103.5,4.88,0.372,0.116,3.61,,,Ⅲ
2022-03-25T12:00:00+08:00,1648180800,16.7,7.81,9.87,358.1,106.1,5.06,0.361,0.114,3.53,,,Ⅲ
2022-03-25T16:00:00+08:00,1648195200,18.5,7.81,9.36,363.4,85.5,3.7,0.358,0.072,3.4,,,Ⅱ
2022-03-25T20:00:00+08:00,1648209600,18.0,7.77,9.54,364.2,78.9,3.66,0.354,0.068,3.29,,,Ⅱ
2022-03-26T00:00:00+08:00,1648224000,16.8,7.7,9.83,366.7,88.9,3.44,0.364,0.071,3.0,,,Ⅱ
2022-03-26T04:00:00+08:00,1648238400,16.4,7.69,9.98,366.8,90.7,3.43,0.366,0.076,3.4,,,Ⅱ
2022-03-26T08:00:00+08:00,1648252800,15.8,7.69,10.25,367.6,106.0,3.89,0.382,0.079,3.5,,,Ⅱ
2022-03-26T12:00:00+08:00,1648267200,18.3,7.77,9.54,364.5,108.9,4.62,0.406,0.107,3.81,,,Ⅲ
2022-03-26T16:00:00+08:00,1648281600,17.6,7.86,9.76,361.6,125.9,4.6,0.362,0.104,3.9,,,Ⅲ
2022-03-26T20:00:00+08:00,1648296000,16.7,7.79,10.08,363.1,113.6,4.3,0.357,0.099,3.96,,,Ⅲ
2022-03-27T00:00:00+08:00,1648310400,16.0,7.7,10.22,362.2,108.0,4.02,0.366,0.083,3.79,,,Ⅲ
2022-03-27T04:00:00+08:00,1648324800,15.5,7.7,10.36,362.4,105.6,3.65,0.358,0.08,3.87,,,Ⅱ
2022-03-27T08:00:00+08:00,1648339200,15.3,7.68,10.38,361.9,93.8,3.47,0.346,0.069,3.65,,,Ⅱ
2022-03-27T12:00:00+08:00,1648353600,18.2,7.7,9.57,359.3,87.5,3.24,0.307,0.067,3.41,,,Ⅱ
2022-03-27T16:00:00+08:00,1648368000,19.5,7.76,9.27,352.7,81.2,3.28,0.293,0.06,3.81,,,Ⅱ
2022-03-27T20:00:00+08:00,1648382400,17.2,7.74,9.91,355.9,99.0,3.67,0.327,0.079,3.87,,,Ⅱ
2022-03-28T00:00:00+08:00,1648396800,15.7,7.71,10.35,356.9,132.6,4.49,0.368,0.108,4.2,,,Ⅲ
2022-03-28T08:00:00+08:00,1648425600,14.1,7.65,10.75,353.5,126.5,4.29,0.383,0.101,4.24,,,Ⅲ
2022-03-28T12:00:00+08:00,1648440000,15.6,7.7,10.3,351.0,128.2,4.87,0.35,0.112,4.25,,,Ⅲ
2022-03-28T16:00:00+08:00,1648454400,18.0,7.74,9.68,344.3,119.7,4.33,0.328,0.087,4.27,,,Ⅲ
2022-03-28T20:00:00+08:00,1648468800,16.0,7.78,10.27,345.4,115.0,4.18,0.333,0.086,4.22,,,Ⅲ
2022-03-29T04:00:00+08:00,1648497600,12.8,7.6,11.04,349.0,114.4,4.01,0.377,0.086,4.24,,,Ⅲ
2022-03-29T12:00:00+08:00,1648526400,19.3,7.71,9.25,345.1,102.1,4.33,0.282,0.089,4.21,,,Ⅲ
2022-03-29T16:00:00+08:00,1648540800,20.9,7.79,8.88,340.0,100.9,4.32,0.252,0.077,4.26,,,Ⅲ
2022-03-29T20:00:00+08:00,1648555200,18.2,7.76,9.56,339.5,98.1,3.92,0.263,0.081,4.28,,,Ⅲ
2022-03-30T04:00:00+08:00,1648584000,15.8,7.61,10.2,340.7,92.3,3.47,0.27,0.069,3.72,,,Ⅱ
2022-03-30T12:00:00+08:00,1648612800,19.1,7.84,9.33,336.4,85.2,3.88,0.191,0.071,4.17,,,Ⅱ
2022-03-30T20:00:00+08:00,1648641600,20.4,7.91,9.13,332.9,90.7,4.18,0.168,0.081,4.25,,,Ⅲ
2022-03-31T04:00:00+08:00,1648670400,17.0,7.64,9.9,334.4,96.6,3.69,0.205,0.073,4.3,,,Ⅱ
2022-03-31T08:00:00+08:00,1648684800,16.5,7.62,10.11,330.3,122.5,4.32,0.232,0.095,4.47,,,Ⅲ
2022-03-31T12:00:00+08:00,1648699200,16.6,7.64,10.08,323.2,133.3,4.33,0.234,0.097,4.55,,,Ⅲ
2022-03-31T16:00:00+08:00,1648713600,15.9,7.67,10.26,320.2,157.6,4.99,0.252,0.11,4.88,,,Ⅲ
2022-03-31T20:00:00+08:00,1648728000,14.9,7.63,10.51,317.6,151.1,4.48,0.263,0.111,4.79,,,Ⅲ
2022-04-01T04:00:00+08:00,1648756800,13.0,7.65,11.17,306.5,187.5,5.11,0.284,0.151,5.46,,,Ⅲ
2022-04-01T12:00:00+08:00,1648785600,13.8,7.79,10.93,318.5,176.8,5.06,0.244,0.137,5.51,,,Ⅲ
2022-04-01T16:00:00+08:00,1648800000,14.8,7.78,10.52,313.2,179.6,4.42,0.236,0.118,5.43,,,Ⅲ
2022-04-01T20:00:00+08:00,1648814400,13.8,7.66,10.82,312.2,182.1,4.71,0.271,0.127,5.84,,,Ⅲ
2022-04-02T04:00:00+08:00,1648843200,12.7,7.64,11.19,311.5,185.1,4.77,0.266,0.132,5.59,,,Ⅲ
2022-04-02T12:00:00+08:00,1648872000,16.8,8.14,9.88,308.7,155.7,5.47,0.175,0.131,5.36,,,Ⅲ
2022-04-02T16:00:00+08:00,1648886400,18.9,8.14,9.48,305.6,146.8,4.61,0.16,0.1,4.93,,,Ⅲ
2022-04-02T20:00:00+08:00,1648900800,16.4,8.42,10.12,306.0,135.7,5.03,0.146,0.111,4.96,,,Ⅲ
2022-04-03T00:00:00+08:00,1648915200,13.9,7.87,10.82,308.1,134.0,4.33,0.176,0.107,4.91,,,Ⅲ
2022-04-03T04:00:00+08:00,1648929600,12.8,7.75,11.12,310.5,133.6,4.66,0.178,0.118,4.85,,,Ⅲ
2022-04-03T12:00:00+08:00,1648958400,18.2,8.51,9.61,306.1,121.6,7.79,0.107,0.202,5.13,,,Ⅲ
2022-04-03T16:00:00+08:00,1648972800,20.1,8.91,9.22,300.6,119.1,7.82,0.094,0.19,5.04,,,Ⅳ
2022-04-03T20:00:00+08:00,1648987200,17.2,8.48,9.96,287.3,112.2,7.01,0.103,0.181,4.56,,,Ⅳ
2022-04-04T00:00:00+08:00,1649001600,14.9,8.06,10.57,305.0,110.2,5.28,0.11,0.127,4.74,,,Ⅲ
2022-04-04T04:00:00+08:00,1649016000,13.6,7.76,10.91,307.7,112.2,4.66,0.126,0.127,4.71,,,Ⅲ
2022-04-04T08:00:00+08:00,1649030400,13.3,7.92,10.98,309.3,107.4,7.37,0.11,0.214,4.92,,,Ⅳ
2022-04-04T12:00:00+08:00,1649044800,20.0,8.41,9.08,301.0,98.2,4.75,0.08,0.109,4.69,,,Ⅲ
2022-04-04T16:00:00+08:00,1649059200,21.3,8.74,8.88,295.2,89.9,4.72,0.075,0.096,4.61,,,Ⅲ
2022-04-04T20:00:00+08:00,1649073600,18.2,8.81,9.64,295.7,88.8,6.57,0.073,0.157,4.86,,,Ⅳ
2022-04-05T00:00:00+08:00,1649088000,16.3,8.44,10.15,276.9,91.2,4.99,0.079,0.113,4.52,,,Ⅲ
2022-04-05T04:00:00+08:00,1649102400,15.5,8.05,10.41,275.8,88.9,4.47,0.085,0.107,4.57,,,Ⅲ
2022-04-05T08:00:00+08:00,1649116800,15.3,7.92,10.49,300.4,89.8,5.94,0.084,0.157,4.56,,,Ⅲ
2022-04-05T12:00:00+08:00,1649131200,16.6,8.33,10.02,301.1,79.8,5.21,0.069,0.113,4.57,,,Ⅲ
2022-04-05T16:00:00+08:00,1649145600,18.5,8.73,9.54,299.6,79.4,7.51,0.067,0.174,4.74,,,Ⅳ
2022-04-05T20:00:00+08:00,1649160000,17.6,8.19,9.76,299.6,77.4,6.19,0.079,0.145,4.68,,,Ⅳ
2022-04-06T00:00:00+08:00,1649174400,16.0,8.01,10.21,290.2,74.8,5.49,0.077,0.133,4.52,,,Ⅲ
2022-04-06T04:00:00+08:00,1649188800,15.1,7.89,10.44,289.2,74.3,5.28,0.084,0.129,4.52,,,Ⅲ
2022-04-06T08:00:00+08:00,1649203200,15.0,7.84,10.45,291.2,71.2,4.39,0.069,0.094,4.32,,,Ⅲ
2022-04-06T16:00:00+08:00,1649232000,22.6,8.91,8.52,288.6,64.0,4.17,0.057,0.098,4.5,,,Ⅲ
2022-04-07T04:00:00+08:00,1649275200,17.6,8.55,9.9,276.2,60.0,4.41,0.064,0.117,4.31,,,Ⅲ
2022-04-07T08:00:00+08:00,1649289600,17.1,8.51,10.07,297.7,60.1,3.23,0.055,0.077,4.22,,,Ⅱ
2022-04-07T12:00:00+08:00,1649304000,23.6,9.03,8.49,272.2,59.1,5.11,0.048,0.123,4.51,,,劣Ⅴ
2022-04-07T16:00:00+08:00,1649318400,25.6,9.16,8.06,283.1,59.0,4.32,0.045,0.095,4.34,,,劣Ⅴ
2022-04-07T20:00:00+08:00,1649332800,23.5,8.94,8.56,290.8,58.0,3.76,0.05,0.089,4.22,,,Ⅱ
2022-04-08T00:00:00+08:00,1649347200,20.9,8.97,9.07,291.3,54.9,3.92,0.05,0.091,4.18,,,Ⅱ
2022-04-08T04:00:00+08:00,1649361600,19.8,8.81,9.4,292.9,56.8,4.32,0.052,0.105,4.22,,,Ⅲ
2022-04-08T08:00:00+08:00,1649376000,19.1,8.62,9.52,298.1,65.9,3.85,0.054,0.094,4.07,,,Ⅱ
2022-04-08T12:00:00+08:00,1649390400,25.6,8.88,8.05,291.2,58.0,5.25,0.044,0.125,4.4,,,Ⅲ
2022-04-08T16:00:00+08:00,1649404800,21.5,9.23,8.96,293.0,52.1,6.73,0.052,0.15,4.38,,,劣Ⅴ
2022-04-08T20:00:00+08:00,1649419200,20.2,9.05,9.34,292.6,43.1,4.69,0.045,0.101,4.09,,,劣Ⅴ
2022-04-09T00:00:00+08:00,1649433600,19.4,8.83,9.41,297.0,42.2,3.89,0.057,0.081,3.8,,,Ⅱ
2022-04-09T04:00:00+08:00,1649448000,19.4,8.74,9.44,299.0,40.9,3.35,0.057,0.075,4.04,,,Ⅱ
2022-04-09T08:00:00+08:00,1649462400,18.9,8.71,9.54,300.7,39.7,4.36,0.051,0.105,4.06,,,Ⅲ
2022-04-09T16:00:00+08:00,1649491200,23.3,8.84,8.4,298.5,30.9,3.17,0.04,0.066,4.04,,,Ⅱ
2022-04-09T20:00:00+08:00,1649505600,20.3,8.88,9.25,298.9,30.1,3.89,0.036,0.081,3.89,,,Ⅱ
2022-04-10T00:00:00+08:00,1649520000,19.4,8.65,9.46,300.5,29.5,3.34,0.043,0.068,3.91,,,Ⅱ
2022-04-10T04:00:00+08:00,1649534400,19.2,8.47,9.43,301.5,30.3,3.3,0.049,0.066,3.91,,,Ⅱ
2022-04-10T12:00:00+08:00,1649563200,20.4,8.44,9.18,303.5,28.8,3.52,0.047,0.072,3.86,,,Ⅱ
2022-04-10T16:00:00+08:00,1649577600,20.7,8.51,9.12,301.8,26.6,3.36,0.046,0.061,3.92,,,Ⅱ
2022-04-10T20:00:00+08:00,1649592000,20.1,8.6,9.24,301.0,22.7,3.38,0.031,0.071,3.74,,,Ⅱ
2022-04-11T00:00:00+08:00,1649606400,19.6,8.3,9.37,299.6,23.2,3.17,0.041,0.061,3.85,,,Ⅱ
2022-04-11T04:00:00+08:00,1649620800,19.5,8.06,9.39,302.6,24.3,3.1,0.051,0.065,3.77,,,Ⅱ
2022-04-11T08:00:00+08:00,1649635200,19.3,7.95,9.41,303.8,25.9,2.95,0.056,0.059,3.84,,,Ⅱ
2022-04-11T12:00:00+08:00,1649649600,21.6,8.17,8.83,302.4,22.9,3.46,0.045,0.064,3.72,,,Ⅱ
2022-04-11T16:00:00+08:00,1649664000,22.3,8.12,8.74,301.4,20.4,3.25,0.042,0.063,3.69,,,Ⅱ
2022-04-11T20:00:00+08:00,1649678400,20.4,8.01,9.21,302.5,20.2,2.89,0.043,0.058,3.64,,,Ⅱ
2022-04-12T00:00:00+08:00,1649692800,19.6,7.89,9.4,303.3,21.5,2.8,0.041,0.054,3.62,,,Ⅱ
2022-04-12T04:00:00+08:00,1649707200,19.0,7.83,9.49,303.5,19.5,2.72,0.044,0.055,3.64,,,Ⅱ
2022-04-12T08:00:00+08:00,1649721600,19.0,7.68,9.52,303.5,22.7,2.84,0.051,0.061,3.73,,,Ⅱ
2022-04-12T20:00:00+08:00,1649764800,20.7,7.74,9.13,302.2,18.2,2.59,0.04,0.048,3.58,,,Ⅱ
2022-04-13T00:00:00+08:00,1649779200,20.0,7.61,9.36,304.4,52.2,3.19,0.081,0.074,3.89,,,Ⅱ
2022-04-13T04:00:00+08:00,1649793600,18.9,7.53,9.54,304.9,58.6,3.07,0.102,0.076,3.87,,,Ⅱ
2022-04-13T08:00:00+08:00,1649808000,18.3,7.5,9.66,306.9,81.1,3.4,0.134,0.086,3.99,,,Ⅱ
2022-04-13T12:00:00+08:00,1649822400,18.0,7.47,9.71,306.8,94.5,3.38,0.166,0.088,4.16,,,Ⅱ
2022-04-13T16:00:00+08:00,1649836800,17.6,7.47,9.81,304.1,120.8,3.88,0.228,0.1,4.41,,,Ⅲ
2022-04-13T20:00:00+08:00,1649851200,16.9,7.52,9.91,295.7,156.1,4.12,0.261,0.12,4.77,,,Ⅲ
2022-04-14T00:00:00+08:00,1649865600,16.7,7.52,10.06,294.5,202.3,4.98,0.305,0.149,5.49,,,Ⅲ
2022-04-14T04:00:00+08:00,1649880000,16.6,7.56,10.05,297.0,261.2,5.5,0.341,0.199,6.66,,,Ⅲ
2022-04-14T08:00:00+08:00,1649894400,16.4,7.54,10.1,302.3,242.4,5.54,0.332,0.18,6.41,,,Ⅲ
2022-04-14T12:00:00+08:00,1649908800,16.7,7.52,10.07,304.2,258.5,5.45,0.338,0.197,6.78,,,Ⅲ
2022-04-14T16:00:00+08:00,1649923200,16.7,7.54,10.08,305.6,255.3,5.75,0.334,0.195,6.97,,,Ⅲ
2022-04-15T04:00:00+08:00,1649966400,16.2,7.55,10.22,315.6,259.1,5.68,0.339,0.187,7.2,,,Ⅲ
2022-04-15T12:00:00+08:00,1649995200,16.7,7.6,10.14,320.8,252.9,5.67,0.317,0.188,7.2,,,Ⅲ
2022-04-15T16:00:00+08:00,1650009600,16.7,7.69,8.77,305.0,289.3,6.22,0.312,0.194,7.23,,,Ⅳ
2022-04-15T20:00:00+08:00,1650024000,16.0,7.65,8.61,330.3,313.5,6.89,0.329,0.227,7.51,,,Ⅳ
2022-04-16T04:00:00+08:00,1650052800,15.2,7.62,8.47,336.8,280.4,6.28,0.315,0.208,7.18,,,Ⅳ
2022-04-16T08:00:00+08:00,1650067200,15.1,7.6,8.36,337.9,257.5,5.53,0.285,0.178,6.59,,,Ⅲ
2022-04-16T12:00:00+08:00,1650081600,16.6,7.67,8.37,335.5,244.9,5.45,0.253,0.168,6.44,,,Ⅲ
2022-04-16T16:00:00+08:00,1650096000,16.2,7.63,8.12,336.3,218.4,4.62,0.242,0.134,6.1,,,Ⅲ
2022-04-16T20:00:00+08:00,1650110400,16.0,7.64,8.2,338.0,196.1,4.19,0.217,0.113,5.55,,,Ⅲ
2022-04-17T12:00:00+08:00,1650168000,17.1,7.6,7.82,339.8,175.6,4.86,0.189,0.132,5.18,,,Ⅲ
2022-04-17T20:00:00+08:00,1650196800,16.7,7.66,8.17,341.3,153.9,3.73,0.166,0.095,4.82,,,Ⅱ
2022-04-18T04:00:00+08:00,1650225600,16.1,7.52,7.57,340.9,143.7,3.51,0.166,0.092,4.59,,,Ⅱ
2022-04-18T08:00:00+08:00,1650240000,16.0,7.51,7.46,343.7,138.4,3.6,0.158,0.094,4.6,,,Ⅱ
2022-04-18T12:00:00+08:00,1650254400,17.1,7.55,7.57,343.4,123.1,3.24,0.141,0.085,4.4,,,Ⅱ
2022-04-18T16:00:00+08:00,1650268800,17.2,7.52,7.3,342.9,117.1,3.21,0.133,0.074,3.96,,,Ⅱ
2022-04-18T20:00:00+08:00,1650283200,16.8,7.57,7.53,344.8,106.9,3.15,0.125,0.069,4.27,,,Ⅱ
2022-04-19T04:00:00+08:00,1650312000,16.3,7.5,7.3,346.3,105.6,2.93,0.128,0.074,4.12,,,Ⅱ
2022-04-19T08:00:00+08:00,1650326400,16.3,7.48,7.16,346.2,100.8,2.87,0.123,0.069,3.74,,,Ⅱ
2022-04-19T12:00:00+08:00,1650340800,18.3,7.67,7.34,345.8,100.8,3.37,0.114,0.077,4.28,,,Ⅱ
2022-04-19T16:00:00+08:00,1650355200,18.7,7.72,7.84,346.7,91.3,2.99,0.124,0.064,4.1,,,Ⅱ
2022-04-19T20:00:00+08:00,1650369600,18.3,7.63,7.46,346.9,84.4,3.07,0.106,0.066,3.93,,,Ⅱ
2022-04-20T04:00:00+08:00,1650398400,17.7,7.69,7.63,349.6,79.0,2.86,0.093,0.064,3.83,,,Ⅱ
2022-04-20T08:00:00+08:00,1650412800,17.5,7.67,7.42,349.8,81.8,3.15,0.089,0.067,3.93,,,Ⅱ
2022-04-20T12:00:00+08:00,1650427200,20.0,8.22,9.42,349.0,73.4,3.63,0.063,0.078,3.81,,,Ⅱ
2022-04-20T16:00:00+08:00,1650441600,21.6,8.69,10.79,346.1,75.8,5.19,0.063,0.116,3.9,,,Ⅲ
2022-04-20T20:00:00+08:00,1650456000,20.4,8.45,9.57,347.8,68.7,3.95,0.057,0.09,3.74,,,Ⅱ
2022-04-21T04:00:00+08:00,1650484800,19.2,7.79,7.52,349.7,64.3,3.25,0.066,0.065,3.73,,,Ⅱ
2022-04-21T08:00:00+08:00,1650499200,19.2,7.79,7.66,350.0,62.6,3.49,0.055,0.084,3.68,,,Ⅱ
2022-04-21T12:00:00+08:00,1650513600,20.2,8.11,8.15,347.0,64.6,3.67,0.051,0.074,3.82,,,Ⅱ
2022-04-21T16:00:00+08:00,1650528000,21.6,8.32,9.12,348.1,57.0,3.75,0.051,0.064,3.08,,,Ⅱ
2022-04-21T20:00:00+08:00,1650542400,21.6,8.51,9.95,348.1,48.9,3.46,0.042,0.064,3.36,,,Ⅱ
2022-04-22T04:00:00+08:00,1650571200,20.4,8.1,8.27,350.2,49.5,2.93,0.044,0.06,3.4,,,Ⅱ
2022-04-22T08:00:00+08:00,1650585600,20.4,8.04,8.18,351.1,50.2,3.58,0.041,0.073,3.45,,,Ⅱ
2022-04-22T12:00:00+08:00,1650600000,21.1,8.12,8.38,350.2,53.4,3.58,0.043,0.065,3.41,,,Ⅱ
2022-04-22T16:00:00+08:00,1650614400,21.9,8.29,8.64,349.0,47.2,2.99,0.039,0.052,3.35,,,Ⅱ
2022-04-22T20:00:00+08:00,1650628800,22.8,8.56,9.64,348.6,45.4,3.3,0.036,0.056,3.24,,,Ⅱ
2022-04-23T04:00:00+08:00,1650657600,21.3,8.0,7.41,349.0,46.6,2.94,0.045,0.053,3.24,,,Ⅱ
2022-04-23T08:00:00+08:00,1650672000,20.7,7.82,7.5,345.2,52.2,3.32,0.05,0.065,3.24,,,Ⅱ
2022-04-23T12:00:00+08:00,1650686400,20.7,8.27,7.98,434.1,50.2,3.58,0.052,0.083,,,,Ⅱ
2022-04-23T16:00:00+08:00,1650700800,21.3,8.19,7.37,319.8,48.4,3.69,0.042,,3.18,,,
2022-04-23T20:00:00+08:00,1650715200,21.1,7.89,6.74,339.5,46.3,3.03,0.052,,2.98,,,
2022-04-24T00:00:00+08:00,1650729600,20.5,7.73,6.66,343.4,43.0,3.19,0.055,,3.07,,,
2022-04-24T08:00:00+08:00,1650758400,20.3,7.6,6.02,345.7,44.4,3.58,0.057,,3.15,,,
2022-04-24T12:00:00+08:00,1650772800,21.3,7.98,6.79,345.3,46.1,4.3,0.04,0.136,3.4,,,Ⅲ
2022-04-24T16:00:00+08:00,1650787200,23.1,8.15,6.5,343.5,44.2,3.71,0.036,0.068,3.14,,,Ⅱ
2022-04-25T04:00:00+08:00,1650830400,20.7,7.59,6.16,346.2,47.0,3.11,0.052,0.05,3.07,,,Ⅱ
2022-04-25T08:00:00+08:00,1650844800,20.5,7.52,5.86,347.0,47.7,3.19,0.053,0.063,3.13,,,Ⅲ
2022-04-25T16:00:00+08:00,1650873600,22.2,7.9,7.74,342.1,45.1,3.86,0.041,0.079,3.39,,,Ⅱ
2022-04-25T20:00:00+08:00,1650888000,21.8,7.7,7.08,343.0,49.3,3.04,0.044,0.053,3.05,,,Ⅱ
2022-04-26T00:00:00+08:00,1650902400,21.6,7.62,6.81,343.8,45.9,2.93,0.043,0.047,2.99,,,Ⅱ
2022-04-26T04:00:00+08:00,1650916800,21.5,7.54,6.45,343.4,46.0,2.78,0.046,0.045,2.98,,,Ⅱ
2022-04-26T08:00:00+08:00,1650931200,21.4,7.47,6.15,344.2,50.9,3.2,0.05,0.059,3.09,,,Ⅱ
2022-04-26T12:00:00+08:00,1650945600,21.5,7.56,6.76,342.2,67.5,3.43,0.063,0.076,3.2,,,Ⅱ
2022-04-26T16:00:00+08:00,1650960000,22.0,7.67,7.39,335.4,72.8,3.63,0.084,0.069,3.22,,,Ⅱ
2022-04-26T20:00:00+08:00,1650974400,21.4,7.56,7.11,342.6,75.8,3.07,0.088,0.063,3.22,,,Ⅱ
2022-04-27T00:00:00+08:00,1650988800,21.0,7.49,6.9,344.0,81.2,3.41,0.097,0.065,3.01,,,Ⅱ
2022-04-27T04:00:00+08:00,1651003200,20.7,7.45,6.7,343.9,87.1,3.24,0.113,0.068,2.82,,,Ⅱ
2022-04-27T08:00:00+08:00,1651017600,20.4,7.45,6.69,345.0,93.7,3.32,0.127,0.073,3.28,,,Ⅱ
2022-04-27T16:00:00+08:00,1651046400,21.1,7.52,7.19,319.0,105.9,3.32,0.127,0.073,3.28,,,Ⅱ
2022-04-27T20:00:00+08:00,1651060800,20.4,7.49,7.04,317.8,108.4,3.59,0.167,0.078,3.53,,,Ⅱ
2022-04-28T00:00:00+08:00,1651075200,20.2,7.45,6.94,319.9,113.9,3.8,0.181,0.078,3.62,,,Ⅱ
2022-04-28T04:00:00+08:00,1651089600,19.8,7.44,6.83,317.6,117.2,3.62,0.183,0.078,3.68,,,Ⅱ
2022-04-28T08:00:00+08:00,1651104000,19.7,7.42,6.63,318.3,115.3,3.55,0.187,0.077,3.7,,,Ⅱ
2022-04-28T12:00:00+08:00,1651118400,20.4,7.53,7.19,318.2,107.5,3.4,0.162,0.074,3.54,,,Ⅱ
2022-04-28T16:00:00+08:00,1651132800,20.4,7.55,7.46,317.5,105.5,6.13,0.152,0.071,3.55,,,Ⅳ
2022-04-28T20:00:00+08:00,1651147200,20.0,7.45,6.84,316.1,106.3,3.28,0.157,0.074,3.56,,,Ⅱ
2022-04-29T00:00:00+08:00,1651161600,19.4,7.47,7.33,309.5,139.1,4.16,0.202,0.105,4.2,,,Ⅲ
2022-04-29T04:00:00+08:00,1651176000,18.8,7.5,7.7,303.2,154.4,4.51,0.232,0.14,4.7,,,Ⅲ
2022-04-29T08:00:00+08:00,1651190400,18.3,7.5,7.81,303.8,153.7,4.45,0.235,0.132,4.74,,,Ⅲ
2022-04-29T12:00:00+08:00,1651204800,17.9,7.5,7.84,303.2,157.8,4.75,0.242,0.138,4.88,,,Ⅲ
2022-04-29T16:00:00+08:00,1651219200,18.0,7.5,7.7,302.6,150.5,4.42,0.236,0.123,4.87,,,Ⅲ
2022-04-29T20:00:00+08:00,1651233600,17.7,7.5,7.59,300.2,153.8,4.44,0.244,0.126,5.28,,,Ⅲ
2022-04-30T00:00:00+08:00,1651248000,17.5,7.45,7.42,299.8,154.9,4.67,0.253,0.13,5.48,,,Ⅲ
2022-04-30T04:00:00+08:00,1651262400,17.5,7.41,6.95,300.4,154.4,4.59,0.261,0.125,5.39,,,Ⅲ
2022-04-30T08:00:00+08:00,1651276800,17.3,7.45,7.21,299.3,149.6,4.27,0.247,0.12,5.11,,,Ⅲ
2022-04-30T12:00:00+08:00,1651291200,17.7,7.45,7.12,300.0,144.9,4.15,0.225,0.108,5.06,,,Ⅲ
2022-04-30T16:00:00+08:00,1651305600,17.6,7.43,7.09,299.0,136.4,3.9,0.21,0.096,4.79,,,Ⅱ
2022-04-30T20:00:00+08:00,1651320000,17.3,7.4,6.88,299.9,138.3,3.88,0.217,0.099,4.87,,,Ⅱ
2022-05-01T00:00:00+08:00,1651334400,16.9,7.38,6.89,300.7,137.6,3.76,0.21,0.103,4.74,,,Ⅲ
2022-05-01T04:00:00+08:00,1651348800,16.8,7.34,6.73,299.5,141.2,3.85,0.23,0.107,4.61,,,Ⅲ
2022-05-01T08:00:00+08:00,1651363200,16.7,7.33,6.5,299.1,144.7,3.97,0.242,0.115,5.02,,,Ⅲ
2022-05-01T12:00:00+08:00,1651377600,18.0,7.37,6.86,299.5,136.5,3.81,0.213,0.104,4.89,,,Ⅲ
2022-05-01T16:00:00+08:00,1651392000,18.1,7.39,7.08,298.1,134.2,3.84,0.196,0.095,4.78,,,Ⅱ
2022-05-01T20:00:00+08:00,1651406400,17.7,7.35,6.92,297.8,133.5,3.98,0.193,0.095,4.72,,,Ⅱ
2022-05-02T00:00:00+08:00,1651420800,17.3,7.34,6.91,299.9,131.9,3.37,0.183,0.096,4.46,,,Ⅱ
2022-05-02T04:00:00+08:00,1651435200,16.9,7.33,6.71,298.9,134.1,3.33,0.193,0.091,4.48,,,Ⅱ
2022-05-02T08:00:00+08:00,1651449600,16.9,7.29,6.34,300.1,134.7,3.41,0.193,0.093,4.58,,,Ⅱ
2022-05-02T12:00:00+08:00,1651464000,19.1,7.34,6.92,298.8,130.1,3.46,0.168,0.087,4.3,,,Ⅱ
2022-05-02T16:00:00+08:00,1651478400,20.2,7.39,6.94,296.8,125.8,4.32,0.158,0.079,4.25,,,Ⅲ
2022-05-02T20:00:00+08:00,1651492800,19.5,7.37,6.86,294.8,127.1,3.25,0.149,0.076,4.19,,,Ⅱ
2022-05-03T00:00:00+08:00,1651507200,19.3,7.36,6.86,296.7,126.6,3.34,0.147,0.086,4.16,,,Ⅱ
2022-05-03T04:00:00+08:00,1651521600,18.6,7.37,6.88,296.5,123.8,3.19,0.143,0.076,3.9,,,Ⅱ
2022-05-03T08:00:00+08:00,1651536000,18.4,7.34,6.84,298.0,124.9,3.36,0.139,0.081,3.98,,,Ⅱ
2022-05-03T12:00:00+08:00,1651550400,20.2,7.38,6.92,296.0,124.6,3.03,0.127,0.072,4.0,,,Ⅱ
2022-05-05T04:00:00+08:00,1651694400,19.7,7.32,6.35,296.4,124.6,2.95,0.101,0.069,3.78,,,Ⅱ
2022-05-05T08:00:00+08:00,1651708800,19.5,7.37,6.67,297.7,125.3,3.03,0.095,0.069,3.36,,,Ⅱ
2022-05-05T12:00:00+08:00,1651723200,20.8,7.39,6.85,297.1,120.9,3.1,0.085,0.064,3.68,,,Ⅱ
2022-05-05T16:00:00+08:00,1651737600,22.8,7.8,8.03,291.8,126.3,3.2,0.085,0.063,3.66,,,Ⅱ
2022-05-05T20:00:00+08:00,1651752000,22.2,7.97,8.98,290.9,123.7,3.1,0.076,0.068,3.58,,,Ⅱ
2022-05-06T00:00:00+08:00,1651766400,20.9,7.81,8.27,291.5,125.6,2.85,0.079,0.067,3.62,,,Ⅱ
2022-05-06T04:00:00+08:00,1651780800,20.4,7.7,7.74,291.7,127.8,2.76,0.085,0.065,3.51,,,Ⅱ
2022-05-06T08:00:00+08:00,1651795200,20.4,7.69,7.82,293.6,130.4,3.21,0.084,0.076,3.6,,,Ⅱ
2022-05-06T12:00:00+08:00,1651809600,22.2,7.83,8.56,293.2,117.0,3.0,0.073,0.064,3.04,,,Ⅱ
2022-05-06T16:00:00+08:00,1651824000,24.7,8.12,9.06,293.7,117.2,2.9,0.072,0.063,3.53,,,Ⅱ
2022-05-06T20:00:00+08:00,1651838400,23.3,7.88,8.24,294.1,114.1,2.72,0.069,0.061,2.95,,,Ⅱ
2022-05-07T00:00:00+08:00,1651852800,22.8,7.88,8.2,294.7,107.4,2.82,0.065,0.057,3.41,,,Ⅱ
2022-05-07T04:00:00+08:00,1651867200,22.2,7.78,7.89,296.0,118.0,2.76,0.07,0.058,3.41,,,Ⅱ
2022-05-07T08:00:00+08:00,1651881600,22.0,7.76,7.78,297.1,110.0,3.1,0.067,0.067,3.46,,,Ⅱ
2022-05-07T12:00:00+08:00,1651896000,23.8,8.16,9.32,295.0,111.0,3.47,0.067,0.084,3.28,,,Ⅱ
2022-05-07T16:00:00+08:00,1651910400,23.9,8.15,9.16,295.3,106.7,2.98,0.064,0.06,3.28,,,Ⅱ
2022-05-07T20:00:00+08:00,1651924800,22.6,7.84,8.05,300.5,154.3,3.51,0.094,0.074,3.51,,,Ⅱ
2022-05-08T00:00:00+08:00,1651939200,21.9,7.75,7.67,304.7,151.1,3.28,0.102,0.071,3.44,,,Ⅱ
2022-05-08T04:00:00+08:00,1651953600,21.5,7.72,7.44,306.8,149.5,3.2,0.105,0.063,3.43,,,Ⅱ
2022-05-08T08:00:00+08:00,1651968000,21.5,7.68,7.34,306.4,147.6,3.17,0.108,0.069,3.37,,,Ⅱ
2022-05-08T12:00:00+08:00,1651982400,22.0,7.74,7.73,309.1,154.7,3.03,0.102,0.067,3.26,,,Ⅱ
2022-05-08T16:00:00+08:00,1651996800,23.5,7.98,8.68,307.2,137.0,3.2,0.088,0.067,2.8,,,Ⅱ
2022-05-08T20:00:00+08:00,1652011200,22.7,7.87,8.29,309.7,130.3,2.99,0.081,0.059,3.02,,,Ⅱ
2022-05-09T00:00:00+08:00,1652025600,21.9,7.76,7.72,310.2,132.1,3.11,0.084,0.062,3.19,,,Ⅱ
2022-05-09T04:00:00+08:00,1652040000,21.2,7.68,7.41,311.2,141.6,2.9,0.094,0.06,3.35,,,Ⅱ
2022-05-09T08:00:00+08:00,1652054400,20.6,7.66,7.49,311.8,163.5,3.33,0.115,0.065,3.32,,,Ⅱ
2022-05-09T12:00:00+08:00,1652068800,20.4,7.64,7.32,312.9,145.7,3.24,0.105,0.066,3.06,,,Ⅱ
2022-05-09T16:00:00+08:00,1652083200,20.4,7.66,7.34,312.9,135.7,2.86,0.106,0.06,3.14,,,Ⅱ
2022-05-09T20:00:00+08:00,1652097600,20.4,7.57,6.67,315.4,140.8,2.94,0.116,0.06,3.24,,,Ⅱ
2022-05-10T00:00:00+08:00,1652112000,20.3,7.57,6.65,315.8,139.9,2.85,0.113,0.06,3.23,,,Ⅱ
2022-05-10T04:00:00+08:00,1652126400,20.1,7.56,6.47,316.1,143.3,2.95,0.117,0.064,3.18,,,Ⅱ
2022-05-10T08:00:00+08:00,1652140800,19.8,7.57,6.71,316.8,140.0,2.81,0.115,0.063,3.2,,,Ⅱ
2022-05-10T12:00:00+08:00,1652155200,19.8,7.57,6.74,317.1,141.9,2.87,0.114,0.06,3.25,,,Ⅱ
2022-05-11T04:00:00+08:00,1652212800,19.8,7.43,6.16,289.0,106.1,2.85,0.108,0.058,3.18,,,Ⅱ
2022-05-11T08:00:00+08:00,1652227200,19.8,7.42,6.17,289.2,106.3,2.81,0.099,0.059,3.18,,,Ⅱ
2022-05-11T12:00:00+08:00,1652241600,20.4,7.49,6.56,290.1,91.2,2.94,0.086,0.056,3.2,,,Ⅱ
2022-05-11T16:00:00+08:00,1652256000,20.6,7.55,6.83,290.9,84.0,2.93,0.083,0.056,3.22,,,Ⅱ
2022-05-11T20:00:00+08:00,1652270400,20.5,7.49,6.7,290.8,89.5,2.72,0.083,0.055,3.14,,,Ⅱ
2022-05-12T00:00:00+08:00,1652284800,20.2,7.47,6.62,291.5,97.4,2.77,0.09,0.057,3.18,,,Ⅱ
2022-05-12T04:00:00+08:00,1652299200,20.0,7.46,6.54,292.8,92.4,2.87,0.092,0.058,3.08,,,Ⅱ
2022-05-12T08:00:00+08:00,1652313600,19.9,7.46,6.5,293.4,102.7,2.91,0.098,0.06,2.78,,,Ⅱ
2022-05-12T12:00:00+08:00,1652328000,20.1,7.47,6.62,294.6,100.3,2.81,0.094,0.056,3.2,,,Ⅱ
2022-05-16T04:00:00+08:00,1652644800,19.0,7.68,7.32,349.5,76.0,2.6,0.062,0.047,2.1,,,Ⅱ
2022-05-16T12:00:00+08:00,1652673600,21.0,7.86,8.04,354.5,65.4,2.5,0.056,,1.85,,,
2022-05-16T16:00:00+08:00,1652688000,23.0,8.09,8.61,351.0,62.2,2.89,0.051,0.042,2.34,,,Ⅱ
2022-05-17T04:00:00+08:00,1652731200,20.3,7.81,7.64,350.7,53.9,2.6,0.042,0.039,2.29,,,Ⅱ
2022-05-17T08:00:00+08:00,1652745600,20.3,7.81,7.69,352.6,52.4,2.38,0.041,0.041,2.34,,,Ⅱ
2022-05-17T12:00:00+08:00,1652760000,22.4,8.03,8.44,359.3,53.2,2.42,0.041,0.042,2.34,,,Ⅱ
2022-05-17T16:00:00+08:00,1652774400,24.1,8.24,8.97,356.7,57.4,2.94,0.033,0.055,2.09,,,Ⅱ
2022-05-17T20:00:00+08:00,1652788800,22.9,8.14,8.47,356.3,51.2,2.39,0.034,0.047,2.03,,,Ⅱ
2022-05-18T00:00:00+08:00,1652803200,21.9,8.08,8.38,356.7,51.3,2.29,0.031,0.036,1.93,,,Ⅱ
2022-05-18T04:00:00+08:00,1652817600,21.2,7.94,7.82,359.2,50.8,2.21,0.03,0.036,1.95,,,Ⅱ
2022-05-18T08:00:00+08:00,1652832000,21.0,7.92,7.87,360.0,46.4,2.43,0.028,0.039,1.95,,,Ⅱ
2022-05-18T12:00:00+08:00,1652846400,22.0,8.05,8.36,361.1,48.1,2.45,0.028,0.038,1.92,,,Ⅱ
2022-05-18T16:00:00+08:00,1652860800,22.5,8.34,9.51,360.0,45.2,3.01,0.036,0.014,1.88,,,Ⅱ
2022-05-18T20:00:00+08:00,1652875200,21.8,8.19,8.76,363.0,48.4,2.45,0.026,0.031,1.91,,,Ⅱ
2022-05-19T00:00:00+08:00,1652889600,21.3,8.08,8.34,362.8,50.4,2.4,0.025,0.031,1.94,,,Ⅱ
2022-05-19T04:00:00+08:00,1652904000,20.8,7.9,7.78,361.8,49.2,2.36,0.026,0.032,1.92,,,Ⅱ
2022-05-19T08:00:00+08:00,1652918400,20.5,7.8,7.3,364.5,55.6,2.56,0.031,0.04,1.85,,,Ⅱ
2022-05-19T12:00:00+08:00,1652932800,20.9,7.79,7.32,367.8,65.8,2.42,0.04,0.035,1.92,,,Ⅱ
2022-05-19T16:00:00+08:00,1652947200,21.0,8.38,9.64,363.4,51.8,3.56,0.026,0.065,1.5,,,Ⅱ
2022-05-19T20:00:00+08:00,1652961600,20.7,8.0,8.12,364.8,51.3,2.63,0.029,0.032,1.81,,,Ⅱ
2022-05-20T00:00:00+08:00,1652976000,20.5,7.89,7.78,365.4,54.9,2.74,0.032,0.034,1.8,,,Ⅱ
2022-05-20T04:00:00+08:00,1652990400,20.5,7.77,7.29,364.1,57.3,2.63,0.035,0.033,1.9,,,Ⅱ
2022-05-20T08:00:00+08:00,1653004800,20.4,7.68,6.82,364.7,58.7,2.48,0.038,0.036,1.91,,,Ⅱ
2022-05-20T12:00:00+08:00,1653019200,20.5,7.8,7.7,364.2,52.0,2.57,0.03,0.036,1.79,,,Ⅱ
2022-05-20T16:00:00+08:00,1653033600,20.5,7.81,7.42,365.4,52.5,2.34,0.033,0.029,1.76,,,Ⅱ
2022-05-20T20:00:00+08:00,1653048000,20.5,7.87,7.66,367.3,47.9,2.49,0.029,0.029,1.67,,,Ⅱ
2022-05-21T00:00:00+08:00,1653062400,20.4,7.69,6.9,366.5,48.8,2.36,0.033,0.027,1.37,,,Ⅱ
2022-05-21T04:00:00+08:00,1653076800,20.1,7.62,6.62,365.8,51.2,2.31,0.037,0.031,1.86,,,Ⅱ
2022-05-21T08:00:00+08:00,1653091200,20.2,7.61,6.63,366.2,47.7,2.75,0.035,0.04,1.84,,,Ⅱ
2022-05-21T12:00:00+08:00,1653105600,22.0,7.93,8.09,367.6,44.4,2.56,0.031,0.028,1.66,,,Ⅱ
2022-05-21T16:00:00+08:00,1653120000,23.9,8.29,9.3,365.2,38.7,2.69,0.025,0.029,1.63,,,Ⅱ
2022-05-21T20:00:00+08:00,1653134400,23.6,8.26,9.2,365.7,33.4,2.57,0.025,0.027,1.59,,,Ⅱ
2022-05-22T00:00:00+08:00,1653148800,22.6,8.22,8.97,365.4,33.6,2.31,0.025,0.023,1.55,,,Ⅱ
2022-05-22T04:00:00+08:00,1653163200,22.0,8.09,8.46,365.2,34.5,2.49,0.025,0.024,1.51,,,Ⅱ
2022-05-22T08:00:00+08:00,1653177600,21.8,8.21,9.01,364.2,33.4,2.58,0.025,0.034,1.54,,,Ⅱ
2022-05-22T12:00:00+08:00,1653192000,23.7,8.28,9.12,364.9,31.0,2.47,0.025,0.026,1.45,,,Ⅱ
2022-05-22T16:00:00+08:00,1653206400,24.3,8.47,9.64,362.2,28.0,2.45,0.025,0.024,1.39,,,Ⅱ
2022-05-22T20:00:00+08:00,1653220800,23.6,8.47,9.47,361.7,30.6,2.31,0.025,0.023,0.98,,,Ⅱ
2022-05-23T00:00:00+08:00,1653235200,22.8,8.31,8.88,362.5,36.2,2.4,0.025,0.026,1.45,,,Ⅱ
2022-05-23T08:00:00+08:00,1653264000,22.0,8.19,8.45,364.6,35.8,2.82,0.025,0.032,1.47,,,Ⅱ
2022-05-23T12:00:00+08:00,1653278400,22.1,8.22,8.73,365.6,33.9,2.67,0.025,0.028,1.41,,,Ⅱ
2022-05-24T04:00:00+08:00,1653336000,21.5,7.78,6.99,367.6,52.1,2.6,0.033,0.03,1.52,,,Ⅱ
2022-05-24T08:00:00+08:00,1653350400,21.3,7.76,6.91,365.0,52.7,2.79,0.036,0.032,1.56,,,Ⅱ
2022-05-24T12:00:00+08:00,1653364800,21.4,7.76,7.04,370.8,56.1,2.58,0.038,0.035,1.49,,,Ⅱ
2022-05-24T16:00:00+08:00,1653379200,22.2,7.94,7.92,370.0,59.7,2.9,0.038,0.038,1.56,,,Ⅱ
2022-05-24T20:00:00+08:00,1653393600,22.0,7.81,7.35,371.9,62.1,2.66,0.044,0.034,1.3,,,Ⅱ
2022-05-25T00:00:00+08:00,1653408000,21.7,7.72,6.9,372.5,60.0,2.62,0.046,0.034,1.63,,,Ⅱ
2022-05-25T04:00:00+08:00,1653422400,21.6,7.66,6.63,372.2,63.3,2.57,0.053,0.031,1.63,,,Ⅱ
2022-05-25T08:00:00+08:00,1653436800,21.7,7.69,6.92,367.0,58.7,2.61,0.047,0.039,1.52,,,Ⅱ
2022-05-25T12:00:00+08:00,1653451200,23.0,7.87,7.6,369.1,60.0,,,,,,,
2022-05-25T16:00:00+08:00,1653465600,24.7,8.28,9.38,368.3,39.4,2.32,0.03,0.042,1.42,,,Ⅱ
2022-05-25T20:00:00+08:00,1653480000,24.0,7.98,8.28,374.1,35.6,2.09,0.032,0.033,1.32,,,Ⅱ
2022-05-26T00:00:00+08:00,1653494400,23.5,8.06,8.2,374.1,33.2,2.12,0.026,0.029,1.23,,,Ⅱ
2022-05-26T04:00:00+08:00,1653508800,23.2,7.9,7.74,373.7,33.0,1.9,0.028,0.028,1.3,,,Ⅱ
2022-05-26T08:00:00+08:00,1653523200,22.9,7.84,7.46,374.4,33.5,2.02,0.032,0.033,1.29,,,Ⅱ
2022-05-26T12:00:00+08:00,1653537600,24.0,8.03,8.38,372.4,29.1,2.26,0.03,0.041,1.23,,,Ⅱ
2022-05-26T16:00:00+08:00,1653552000,25.2,8.27,9.19,369.0,26.7,2.21,0.025,0.034,1.16,,,Ⅱ
2022-05-26T20:00:00+08:00,1653566400,24.4,8.17,8.48,372.3,27.9,2.07,0.025,0.03,1.1,,,Ⅱ
2022-05-27T00:00:00+08:00,1653580800,23.8,7.95,7.65,378.1,29.6,2.16,0.03,0.03,1.14,,,Ⅱ
2022-05-27T04:00:00+08:00,1653595200,23.4,7.84,7.3,371.0,29.2,1.93,0.026,0.03,0.76,,,Ⅱ
2022-05-27T12:00:00+08:00,1653624000,25.3,8.04,8.1,373.9,29.3,2.31,0.026,0.031,0.71,,,Ⅱ
2022-05-27T16:00:00+08:00,1653638400,26.4,8.29,8.86,371.4,23.1,2.14,0.025,0.027,1.04,,,Ⅱ
2022-05-27T20:00:00+08:00,1653652800,25.5,8.14,8.08,373.9,21.3,2.05,0.025,0.027,0.99,,,Ⅱ
2022-05-28T00:00:00+08:00,1653667200,24.7,8.06,7.84,377.5,21.1,2.09,0.025,0.025,1.01,,,Ⅱ
2022-05-28T04:00:00+08:00,1653681600,24.2,7.89,7.29,377.3,21.1,1.99,0.025,0.026,1.02,,,Ⅱ
2022-05-28T08:00:00+08:00,1653696000,24.0,7.82,7.0,382.1,22.5,2.17,0.025,0.032,1.03,,,Ⅱ
2022-05-28T12:00:00+08:00,1653710400,24.0,7.84,7.14,384.1,23.5,2.16,0.028,0.028,1.02,,,Ⅱ
2022-05-28T16:00:00+08:00,1653724800,24.0,7.99,7.81,384.1,24.0,2.12,0.026,0.029,0.9,,,Ⅱ
2022-05-28T20:00:00+08:00,1653739200,23.8,7.87,7.17,386.0,28.2,2.13,0.03,0.027,0.89,,,Ⅱ
2022-05-29T00:00:00+08:00,1653753600,23.5,7.8,6.83,385.7,26.8,2.02,0.037,0.028,1.08,,,Ⅱ
2022-05-29T04:00:00+08:00,1653768000,23.4,7.7,6.34,380.4,28.4,2.17,0.042,0.028,1.11,,,Ⅱ
2022-05-29T08:00:00+08:00,1653782400,23.2,7.66,6.11,378.0,29.9,2.12,0.052,0.032,1.02,,,Ⅱ
2022-05-29T12:00:00+08:00,1653796800,23.4,7.79,6.82,381.5,28.0,2.21,0.046,0.033,1.02,,,Ⅱ
2022-05-29T16:00:00+08:00,1653811200,23.7,7.72,6.6,383.7,28.8,2.02,0.043,0.028,1.04,,,Ⅱ
2022-05-29T20:00:00+08:00,1653825600,23.6,7.65,6.25,381.6,32.1,2.0,0.051,0.027,1.03,,,Ⅱ
2022-05-30T00:00:00+08:00,1653840000,23.5,7.67,6.37,384.6,29.2,2.09,0.046,0.028,0.57,,,Ⅱ
2022-05-30T04:00:00+08:00,1653854400,23.4,7.59,5.83,384.7,31.6,2.02,0.051,0.029,1.01,,,Ⅲ
2022-05-30T08:00:00+08:00,1653868800,23.6,7.64,6.1,384.6,30.9,2.36,0.04,0.036,1.03,,,Ⅱ
2022-05-30T12:00:00+08:00,1653883200,24.7,7.72,6.59,383.6,32.1,2.02,0.06,0.031,0.92,,,Ⅱ
2022-05-30T16:00:00+08:00,1653897600,24.4,7.77,6.79,386.7,40.0,2.12,0.041,0.031,0.95,,,Ⅱ
2022-05-30T20:00:00+08:00,1653912000,24.2,7.71,6.52,386.6,43.2,2.08,0.06,0.03,0.97,,,Ⅱ
2022-05-31T04:00:00+08:00,1653940800,23.4,7.58,5.98,388.9,67.3,2.22,0.082,0.04,1.1,,,Ⅲ
2022-05-31T08:00:00+08:00,1653955200,23.3,7.58,5.99,389.8,66.9,2.23,0.079,0.039,1.15,,,Ⅲ
2022-05-31T12:00:00+08:00,1653969600,24.5,7.78,7.07,390.2,64.0,2.49,0.064,0.038,0.66,,,Ⅱ
2022-05-31T16:00:00+08:00,1653984000,25.4,8.07,7.76,390.0,63.0,2.49,0.052,0.033,1.02,,,Ⅱ
2022-05-31T20:00:00+08:00,1653998400,24.4,7.98,7.59,390.8,63.5,2.49,0.043,0.035,0.98,,,Ⅱ
2022-06-01T04:00:00+08:00,1654027200,24.0,7.74,6.29,391.5,65.4,2.07,0.05,0.039,1.04,,,Ⅱ
2022-06-01T08:00:00+08:00,1654041600,24.0,7.73,6.32,392.4,67.6,2.16,0.049,0.037,0.95,,,Ⅱ
2022-06-01T12:00:00+08:00,1654056000,26.2,8.12,7.94,392.3,72.1,2.75,0.04,0.043,0.95,,,Ⅱ
2022-06-01T16:00:00+08:00,1654070400,25.2,7.92,7.02,390.1,75.6,2.12,0.035,0.033,0.86,,,Ⅱ
2022-06-01T20:00:00+08:00,1654084800,25.2,8.13,7.76,381.9,73.5,2.2,0.026,0.03,0.41,,,Ⅱ
2022-06-02T04:00:00+08:00,1654113600,24.5,7.87,6.78,390.9,79.3,2.23,0.03,0.032,0.74,,,Ⅱ
2022-06-02T08:00:00+08:00,1654128000,24.7,7.88,6.94,390.8,80.0,2.32,0.028,0.032,0.82,,,Ⅱ
2022-06-02T12:00:00+08:00,1654142400,26.4,8.1,8.3,390.1,31.4,,0.04,,,,,
2022-06-02T16:00:00+08:00,1654156800,27.8,8.41,9.16,387.8,26.8,2.52,0.037,0.042,0.67,,,Ⅱ
2022-06-02T20:00:00+08:00,1654171200,26.8,8.35,8.88,393.0,27.8,2.3,0.025,0.036,0.7,,,Ⅱ
2022-06-03T00:00:00+08:00,1654185600,25.8,8.13,8.01,395.2,36.1,2.39,0.025,0.039,0.7,,,Ⅱ
2022-06-03T04:00:00+08:00,1654200000,25.3,7.91,7.29,395.0,36.5,2.18,0.065,0.038,0.73,,,Ⅱ
2022-06-03T08:00:00+08:00,1654214400,24.9,7.83,7.02,396.1,40.1,2.23,0.037,0.04,0.77,,,Ⅱ
2022-06-03T12:00:00+08:00,1654228800,25.3,8.0,7.93,396.0,39.0,2.32,0.037,0.043,0.72,,,Ⅱ
2022-06-03T16:00:00+08:00,1654243200,25.7,8.19,8.64,395.2,37.7,2.58,0.032,0.041,0.73,,,Ⅱ
2022-06-03T20:00:00+08:00,1654257600,25.3,8.0,7.88,397.2,38.2,2.16,0.031,0.038,0.7,,,Ⅱ
2022-06-04T00:00:00+08:00,1654272000,24.9,7.79,7.1,398.0,41.0,2.31,0.048,0.038,0.35,,,Ⅱ
2022-06-04T04:00:00+08:00,1654286400,24.6,7.68,6.6,397.7,46.7,2.39,0.048,0.037,0.87,,,Ⅱ
2022-06-04T08:00:00+08:00,1654300800,24.8,7.69,6.69,398.0,40.2,2.32,0.045,0.04,0.79,,,Ⅱ
2022-06-04T12:00:00+08:00,1654315200,26.4,7.79,7.46,398.1,39.2,2.25,0.042,0.037,0.78,,,Ⅱ
2022-06-04T16:00:00+08:00,1654329600,27.1,7.97,8.02,398.9,38.7,2.13,0.04,0.036,0.79,,,Ⅱ
2022-06-04T20:00:00+08:00,1654344000,26.8,7.94,7.84,397.5,39.2,2.16,0.042,0.035,0.72,,,Ⅱ
2022-06-05T00:00:00+08:00,1654358400,26.4,7.86,7.4,398.1,35.5,2.31,0.029,0.034,0.67,,,Ⅱ
2022-06-05T04:00:00+08:00,1654372800,26.2,7.73,6.86,399.1,37.6,2.11,0.034,0.034,0.72,,,Ⅱ
2022-06-05T08:00:00+08:00,1654387200,25.9,7.66,6.6,391.2,40.3,2.09,0.05,0.038,,,,Ⅱ
2022-06-05T12:00:00+08:00,1654401600,25.4,7.61,6.55,373.9,67.1,2.53,0.099,0.053,,,,Ⅱ
2022-06-05T16:00:00+08:00,1654416000,25.4,7.54,6.18,373.6,90.9,2.5,0.113,0.054,,,,Ⅱ
2022-06-05T20:00:00+08:00,1654430400,25.2,7.47,5.78,371.8,89.4,2.57,0.122,0.053,1.91,,,Ⅲ
2022-06-06T00:00:00+08:00,1654444800,25.0,7.46,5.71,371.9,91.3,2.46,0.128,0.055,1.88,,,Ⅲ
2022-06-06T04:00:00+08:00,1654459200,24.8,7.43,5.42,372.5,95.7,2.63,0.135,0.056,1.96,,,Ⅲ
2022-06-06T08:00:00+08:00,1654473600,24.8,7.42,5.4,372.5,97.9,2.52,0.13,0.059,2.96,,,Ⅲ
2022-06-06T12:00:00+08:00,1654488000,25.3,7.43,5.4,371.8,90.7,2.41,0.127,0.053,2.78,,,Ⅲ
2022-06-06T16:00:00+08:00,1654502400,27.8,7.68,6.55,373.4,75.4,2.41,0.097,0.048,2.61,,,Ⅱ
2022-06-06T20:00:00+08:00,1654516800,27.2,7.66,6.48,372.4,78.0,2.4,0.087,0.046,2.54,,,Ⅱ
2022-06-07T00:00:00+08:00,1654531200,26.1,7.55,5.9,371.2,88.5,2.46,0.101,0.05,2.48,,,Ⅲ
2022-06-07T04:00:00+08:00,1654545600,25.4,7.49,5.63,370.9,98.6,2.58,0.112,0.055,1.94,,,Ⅲ
2022-06-07T08:00:00+08:00,1654560000,25.1,7.48,5.66,370.0,103.9,2.46,0.116,0.057,2.16,,,Ⅲ
2022-06-07T12:00:00+08:00,1654574400,26.8,7.65,6.73,369.5,110.3,2.62,0.113,0.067,2.3,,,Ⅱ
2022-06-07T16:00:00+08:00,1654588800,26.9,7.73,7.18,367.4,107.0,2.94,0.137,0.062,2.47,,,Ⅱ
2022-06-07T20:00:00+08:00,1654603200,25.8,7.58,6.65,367.1,103.7,2.54,0.118,0.058,2.32,,,Ⅱ
2022-06-08T00:00:00+08:00,1654617600,25.2,7.53,6.26,366.8,120.9,2.82,0.129,0.063,2.6,,,Ⅱ
2022-06-08T08:00:00+08:00,1654646400,24.8,7.44,5.66,368.1,117.4,2.64,0.138,0.065,2.36,,,Ⅲ
2022-06-08T12:00:00+08:00,1654660800,26.5,7.56,6.52,365.4,109.3,2.63,0.118,0.06,2.6,,,Ⅱ
2022-06-08T20:00:00+08:00,1654689600,26.7,7.73,7.13,362.8,101.8,2.57,0.089,0.058,1.47,,,Ⅱ
2022-06-09T00:00:00+08:00,1654704000,25.7,7.56,6.51,362.8,98.4,2.5,0.094,0.056,2.41,,,Ⅱ
2022-06-09T04:00:00+08:00,1654718400,25.1,7.5,6.08,362.9,102.9,2.52,0.102,0.058,2.19,,,Ⅱ
2022-06-09T08:00:00+08:00,1654732800,25.1,7.48,6.06,363.3,98.8,2.71,0.098,0.061,2.3,,,Ⅱ
2022-06-09T12:00:00+08:00,1654747200,27.2,7.63,6.9,333.3,106.3,2.66,0.084,0.057,2.6,,,Ⅱ
2022-06-09T16:00:00+08:00,1654761600,27.5,7.81,7.57,342.2,110.8,2.52,0.074,0.058,2.52,,,Ⅱ
2022-06-09T20:00:00+08:00,1654776000,26.6,7.75,7.43,342.6,106.9,2.32,0.075,0.058,2.46,,,Ⅱ
2022-06-10T04:00:00+08:00,1654804800,25.2,7.44,5.93,342.8,125.0,2.43,0.105,0.064,2.18,,,Ⅲ
2022-06-10T08:00:00+08:00,1654819200,24.8,7.42,5.84,341.4,121.4,2.52,0.116,0.064,2.53,,,Ⅲ
2022-06-10T12:00:00+08:00,1654833600,24.9,7.45,6.2,342.2,109.1,2.45,0.101,0.061,2.61,,,Ⅱ
2022-06-10T16:00:00+08:00,1654848000,24.7,7.45,6.09,338.4,120.7,2.31,0.109,0.061,2.46,,,Ⅱ
2022-06-10T20:00:00+08:00,1654862400,24.2,7.37,5.66,337.8,141.9,2.58,0.145,0.069,2.0,,,Ⅲ
2022-06-11T04:00:00+08:00,1654891200,24.0,7.35,5.37,335.3,136.8,2.7,0.142,0.068,3.03,,,Ⅲ
2022-06-11T08:00:00+08:00,1654905600,23.9,7.38,5.66,331.8,145.4,2.95,0.143,0.07,3.09,,,Ⅲ
2022-06-11T12:00:00+08:00,1654920000,25.1,7.51,6.64,331.3,140.6,2.61,0.126,0.065,2.31,,,Ⅱ
2022-06-11T16:00:00+08:00,1654934400,25.9,7.6,7.01,329.0,136.9,2.72,0.113,0.067,3.43,,,Ⅱ
2022-06-11T20:00:00+08:00,1654948800,25.0,7.63,7.16,327.9,132.6,2.39,0.107,0.067,3.41,,,Ⅱ
2022-06-12T04:00:00+08:00,1654977600,24.0,7.47,6.32,326.7,138.4,2.81,0.118,0.072,3.05,,,Ⅱ
2022-06-12T08:00:00+08:00,1654992000,24.0,7.48,6.28,326.4,136.9,2.54,0.117,0.069,3.15,,,Ⅱ
2022-06-12T12:00:00+08:00,1655006400,24.0,7.49,6.4,326.4,136.4,2.71,0.116,0.065,3.04,,,Ⅱ
2022-06-12T16:00:00+08:00,1655020800,23.9,7.51,6.51,326.2,129.0,2.58,0.11,0.069,3.11,,,Ⅱ
2022-06-12T20:00:00+08:00,1655035200,23.6,7.45,6.08,325.7,136.5,2.53,0.122,0.07,3.04,,,Ⅱ
2022-06-13T04:00:00+08:00,1655064000,23.2,7.44,6.06,323.2,148.3,2.62,0.125,0.075,3.41,,,Ⅱ
2022-06-13T08:00:00+08:00,1655078400,23.1,7.45,6.29,318.9,158.5,2.81,0.126,0.072,3.56,,,Ⅱ
2022-06-13T12:00:00+08:00,1655092800,23.7,7.48,6.43,320.0,143.4,2.54,0.113,0.068,3.08,,,Ⅱ
2022-06-13T16:00:00+08:00,1655107200,24.5,7.53,6.56,319.4,136.0,2.59,0.1,0.064,,,,Ⅱ
2022-06-13T20:00:00+08:00,1655121600,24.8,7.55,6.72,318.2,122.7,2.35,0.091,0.061,3.04,,,Ⅱ
2022-06-14T04:00:00+08:00,1655150400,24.0,7.48,6.27,317.8,113.8,2.4,0.079,0.061,3.06,,,Ⅱ
2022-06-14T08:00:00+08:00,1655164800,24.0,7.51,6.34,317.1,119.1,2.43,0.084,0.064,3.12,,,Ⅱ
2022-06-14T16:00:00+08:00,1655193600,27.5,7.8,7.36,313.4,111.5,2.49,0.075,0.088,3.02,,,Ⅱ
2022-06-14T20:00:00+08:00,1655208000,26.7,7.71,6.95,309.0,106.4,2.27,0.071,0.066,2.93,,,Ⅱ
2022-06-15T04:00:00+08:00,1655236800,25.5,7.63,6.49,315.2,103.8,2.12,0.064,0.06,2.95,,,Ⅱ
2022-06-15T08:00:00+08:00,1655251200,25.5,7.63,6.62,315.2,96.4,2.27,0.061,0.067,2.87,,,Ⅱ
2022-06-15T12:00:00+08:00,1655265600,27.7,7.93,7.63,315.0,92.2,2.66,0.059,0.082,2.73,,,Ⅱ
2022-06-15T16:00:00+08:00,1655280000,29.3,8.18,7.98,312.5,84.1,2.46,0.053,0.074,2.63,,,Ⅱ
2022-06-15T20:00:00+08:00,1655294400,28.0,8.02,7.43,315.6,76.1,2.16,0.049,0.063,2.47,,,Ⅱ
2022-06-16T00:00:00+08:00,1655308800,27.5,8.05,7.56,315.2,77.6,2.25,0.046,0.061,2.5,,,Ⅱ
2022-06-16T08:00:00+08:00,1655337600,26.6,7.72,6.49,315.5,71.6,2.13,0.048,0.066,2.4,,,Ⅱ
2022-06-16T12:00:00+08:00,1655352000,28.1,7.11,7.58,314.8,68.9,2.48,0.044,0.058,2.39,,,Ⅱ
2022-06-16T16:00:00+08:00,1655366400,28.8,7.11,7.55,314.2,65.7,2.21,0.041,0.059,2.23,,,Ⅱ
2022-06-16T20:00:00+08:00,1655380800,28.7,7.11,7.83,314.1,57.1,2.11,0.036,0.063,2.21,,,Ⅱ
2022-06-17T00:00:00+08:00,1655395200,27.8,7.11,7.2,314.6,60.0,2.16,0.038,0.061,2.13,,,Ⅱ
2022-06-17T04:00:00+08:00,1655409600,27.3,7.11,6.46,315.9,59.9,2.43,0.041,0.056,2.38,,,Ⅱ
2022-06-17T08:00:00+08:00,1655424000,27.3,7.11,6.42,315.0,59.9,2.14,0.04,0.064,2.34,,,Ⅱ
2022-06-17T12:00:00+08:00,1655438400,29.1,8.27,8.28,314.3,61.7,2.46,0.037,0.07,2.26,,,Ⅱ
2022-06-17T16:00:00+08:00,1655452800,29.5,8.24,7.76,313.5,58.1,2.34,0.038,0.053,2.08,,,Ⅱ
2022-06-17T20:00:00+08:00,1655467200,29.2,8.42,8.31,313.3,54.5,2.23,0.031,0.056,2.08,,,Ⅱ
2022-06-18T00:00:00+08:00,1655481600,28.1,7.11,7.3,313.9,55.2,2.11,0.033,0.052,1.96,,,Ⅱ
2022-06-18T04:00:00+08:00,1655496000,27.5,7.11,6.83,315.3,59.2,2.18,0.035,0.052,2.13,,,Ⅱ
2022-06-18T08:00:00+08:00,1655510400,27.5,7.84,6.48,315.4,56.9,2.14,0.034,0.053,2.13,,,Ⅱ
2022-06-18T12:00:00+08:00,1655524800,29.4,8.25,7.87,315.1,60.8,2.35,0.037,0.059,2.14,,,Ⅱ
2022-06-18T16:00:00+08:00,1655539200,30.3,8.37,8.01,314.3,59.9,2.48,0.035,0.05,2.1,,,Ⅱ
2022-06-18T20:00:00+08:00,1655553600,28.7,7.79,6.16,315.9,62.6,2.36,0.04,0.05,2.06,,,Ⅱ
2022-06-19T00:00:00+08:00,1655568000,28.2,7.79,6.1,316.3,63.4,2.12,0.038,0.05,2.09,,,Ⅱ
2022-06-19T04:00:00+08:00,1655582400,27.8,7.7,5.84,317.4,60.7,2.05,0.04,0.051,2.15,,,Ⅲ
2022-06-19T08:00:00+08:00,1655596800,27.8,7.61,5.46,318.3,60.9,2.16,0.04,0.051,2.06,,,Ⅲ
2022-06-19T12:00:00+08:00,1655611200,29.2,7.86,7.03,317.7,60.0,2.59,0.037,0.053,2.3,,,Ⅱ
2022-06-19T16:00:00+08:00,1655625600,29.3,7.97,7.37,317.8,53.2,2.05,0.033,0.047,2.19,,,Ⅱ
2022-06-19T20:00:00+08:00,1655640000,28.1,7.73,6.53,318.5,54.5,1.95,0.034,0.045,2.14,,,Ⅱ
2022-06-20T00:00:00+08:00,1655654400,27.5,7.55,5.82,320.0,56.2,1.98,0.038,0.047,2.19,,,Ⅲ
2022-06-20T04:00:00+08:00,1655668800,27.2,7.5,5.42,319.6,57.9,2.14,0.044,0.05,2.22,,,Ⅲ
2022-06-20T08:00:00+08:00,1655683200,27.3,7.46,5.4,320.5,56.2,2.16,0.05,0.056,2.26,,,Ⅲ
2022-06-20T12:00:00+08:00,1655697600,28.6,7.67,6.46,321.4,55.6,2.38,0.038,0.049,2.26,,,Ⅱ
2022-06-20T16:00:00+08:00,1655712000,29.9,7.8,6.88,321.4,56.0,2.22,0.036,0.045,2.24,,,Ⅱ
2022-06-20T20:00:00+08:00,1655726400,29.4,7.77,6.78,322.2,54.7,2.22,0.033,0.048,2.29,,,Ⅱ
2022-06-21T00:00:00+08:00,1655740800,28.4,7.71,6.54,322.1,64.2,2.2,0.041,0.046,2.27,,,Ⅱ
2022-06-21T04:00:00+08:00,1655755200,27.8,7.57,6.07,322.8,71.5,2.11,0.047,0.048,2.22,,,Ⅱ
2022-06-21T08:00:00+08:00,1655769600,27.7,7.53,5.92,323.6,72.8,2.11,0.049,0.052,2.16,,,Ⅲ
2022-06-22T04:00:00+08:00,1655841600,28.2,7.56,6.02,325.5,61.3,2.18,0.044,0.046,2.12,,,Ⅱ
2022-06-22T08:00:00+08:00,1655856000,28.1,7.55,5.9,324.8,62.2,2.21,0.04,0.044,2.13,,,Ⅲ
2022-06-22T12:00:00+08:00,1655870400,28.7,7.54,5.87,324.9,64.2,2.3,0.044,0.044,2.14,,,Ⅲ
2022-06-22T16:00:00+08:00,1655884800,29.6,7.71,6.67,324.9,59.8,2.26,0.039,0.042,2.08,,,Ⅱ
2022-06-22T20:00:00+08:00,1655899200,28.9,7.65,6.28,325.8,62.7,2.08,0.041,0.042,2.1,,,Ⅱ
2022-06-23T00:00:00+08:00,1655913600,28.2,7.55,5.81,327.0,64.9,2.17,0.046,0.044,2.17,,,Ⅲ
2022-06-23T04:00:00+08:00,1655928000,27.7,7.46,5.27,327.3,64.7,2.28,0.054,0.042,2.16,,,Ⅲ
2022-06-23T08:00:00+08:00,1655942400,27.5,7.45,5.22,327.7,64.9,2.03,0.055,0.047,2.27,,,Ⅲ
2022-06-23T12:00:00+08:00,1655956800,28.3,7.45,5.4,328.8,67.2,2.07,0.057,0.046,2.24,,,Ⅲ
2022-07-04T12:00:00+08:00,1656907200,30.2,7.72,6.67,321.5,81.6,2.79,0.058,0.052,2.27,,,Ⅱ
2022-07-11T04:00:00+08:00,1657483200,31.0,7.68,5.33,305.3,62.4,2.54,0.054,0.046,1.62,,,Ⅲ
2022-07-11T08:00:00+08:00,1657497600,31.0,7.64,5.16,308.7,70.4,2.81,0.061,0.048,1.68,,,Ⅲ
2022-07-11T12:00:00+08:00,1657512000,32.0,7.76,5.88,309.1,65.2,2.62,0.05,0.044,1.71,,,Ⅲ
2022-07-13T04:00:00+08:00,1657656000,32.1,7.8,5.39,317.1,57.3,2.56,0.043,0.041,1.24,,,Ⅲ
2022-07-13T08:00:00+08:00,1657670400,32.2,7.81,5.38,320.2,63.0,2.72,0.045,0.043,1.25,,,Ⅲ
2022-07-13T12:00:00+08:00,1657684800,33.8,8.15,6.5,319.7,66.5,3.0,0.037,0.042,1.48,,,Ⅱ
2022-07-18T08:00:00+08:00,1658102400,30.3,7.43,4.04,374.2,73.5,2.75,0.16,0.055,1.54,,,Ⅳ
2022-07-18T12:00:00+08:00,1658116800,30.5,7.47,4.22,375.9,80.0,2.79,0.162,0.056,1.73,,,Ⅳ
2022-07-19T16:00:00+08:00,1658217600,31.0,7.74,6.31,380.0,75.4,2.82,0.109,0.056,1.5,,,Ⅱ
2022-07-20T08:00:00+08:00,1658275200,29.5,7.42,4.17,381.3,67.5,2.66,0.134,0.058,1.3,,,Ⅳ
2022-07-20T12:00:00+08:00,1658289600,31.0,7.56,5.06,381.8,62.0,2.77,0.129,0.056,1.38,,,Ⅲ
2022-07-21T08:00:00+08:00,1658361600,29.8,7.54,4.76,387.7,48.2,3.2,0.106,0.054,1.3,,,Ⅳ
2022-07-21T12:00:00+08:00,1658376000,31.0,7.76,6.24,388.2,45.8,4.22,0.093,0.088,1.41,,,Ⅲ
2022-07-22T04:00:00+08:00,1658433600,29.8,7.6,5.26,388.6,55.6,4.41,0.096,0.052,1.46,,,Ⅲ
2022-07-22T08:00:00+08:00,1658448000,29.8,7.56,4.92,388.7,47.8,3.5,0.097,0.051,1.44,,,Ⅳ
2022-07-22T16:00:00+08:00,1658476800,31.4,7.76,6.0,390.3,49.6,3.25,0.078,0.053,1.31,,,Ⅲ
2022-07-22T20:00:00+08:00,1658491200,31.1,7.75,6.01,390.6,42.0,3.09,0.071,0.048,1.15,,,Ⅱ
2022-07-23T00:00:00+08:00,1658505600,31.0,7.72,5.83,392.2,41.3,3.16,0.073,0.05,1.22,,,Ⅲ
2022-07-23T04:00:00+08:00,1658520000,30.6,7.63,5.13,379.6,44.7,2.9,0.085,0.049,1.72,,,Ⅲ
2022-07-23T08:00:00+08:00,1658534400,30.5,7.61,5.24,377.9,42.3,2.89,0.077,0.048,1.44,,,Ⅲ
2022-07-23T12:00:00+08:00,1658548800,31.1,7.64,5.48,392.5,36.7,2.79,0.075,0.049,1.34,,,Ⅲ
2022-07-23T16:00:00+08:00,1658563200,32.4,7.86,7.09,396.7,64.6,3.81,0.052,,1.25,,,
2022-07-23T20:00:00+08:00,1658577600,32.1,7.85,6.45,394.9,75.0,3.64,0.06,,1.28,,,
2022-07-24T00:00:00+08:00,1658592000,31.0,7.65,5.7,398.3,111.5,4.01,0.089,,1.4,,,
2022-07-24T04:00:00+08:00,1658606400,30.5,7.58,5.41,397.3,112.4,3.49,0.099,0.005,1.37,,,Ⅲ
2022-07-24T08:00:00+08:00,1658620800,29.9,7.54,5.17,398.0,117.9,3.99,0.112,0.005,1.43,,,Ⅲ
2022-07-24T12:00:00+08:00,1658635200,31.0,7.7,6.19,398.3,107.8,3.8,0.082,0.075,1.41,,,Ⅱ
2022-07-24T16:00:00+08:00,1658649600,31.8,7.89,6.76,397.8,98.2,3.77,0.072,0.055,1.37,,,Ⅱ
2022-07-24T20:00:00+08:00,1658664000,31.0,7.75,6.27,399.6,100.4,3.68,0.077,0.061,1.42,,,Ⅱ
2022-07-25T00:00:00+08:00,1658678400,30.4,7.66,5.72,397.2,96.9,3.54,0.081,0.061,1.25,,,Ⅲ
2022-07-25T08:00:00+08:00,1658707200,30.0,7.57,5.25,400.0,91.7,3.26,0.088,0.058,1.52,,,Ⅲ
2022-07-25T12:00:00+08:00,1658721600,31.9,7.77,6.25,401.4,97.5,3.22,0.08,0.056,1.38,,,Ⅱ
2022-07-25T16:00:00+08:00,1658736000,33.2,8.15,7.38,401.2,86.0,3.36,0.058,0.053,1.2,,,Ⅱ
2022-07-25T20:00:00+08:00,1658750400,31.0,7.31,6.07,402.3,79.4,3.45,0.069,0.054,1.2,,,Ⅱ
2022-07-26T00:00:00+08:00,1658764800,30.0,7.31,5.65,403.5,87.1,3.11,0.083,0.056,1.26,,,Ⅲ
2022-07-26T04:00:00+08:00,1658779200,29.6,7.31,5.11,404.4,90.6,3.09,0.096,0.058,1.32,,,Ⅲ
2022-07-26T08:00:00+08:00,1658793600,29.6,7.56,4.76,403.9,79.9,3.16,0.093,0.054,1.41,,,Ⅳ
2022-07-26T12:00:00+08:00,1658808000,30.5,7.63,5.36,401.0,77.6,3.25,0.077,0.05,1.17,,,Ⅲ
2022-07-26T16:00:00+08:00,1658822400,30.6,7.74,5.52,401.8,74.1,3.18,0.075,0.052,1.37,,,Ⅲ
2022-07-26T20:00:00+08:00,1658836800,30.4,7.75,5.32,402.6,86.6,3.14,0.075,0.052,1.34,,,Ⅲ
2022-07-27T00:00:00+08:00,1658851200,30.0,7.68,5.06,402.0,78.7,2.99,0.076,0.055,1.34,,,Ⅲ
2022-07-27T04:00:00+08:00,1658865600,29.7,7.61,4.65,402.5,78.2,2.82,0.077,0.049,1.2,,,Ⅳ
2022-07-27T08:00:00+08:00,1658880000,29.7,7.55,4.18,403.5,73.6,3.03,0.083,0.05,1.26,,,Ⅳ
2022-07-27T12:00:00+08:00,1658894400,31.0,7.9,6.03,401.5,79.8,3.11,0.093,0.052,1.64,,,Ⅱ
2022-07-27T16:00:00+08:00,1658908800,32.2,8.21,7.4,406.5,61.8,3.16,0.06,0.053,1.12,,,Ⅱ
2022-07-27T20:00:00+08:00,1658923200,31.0,8.08,6.76,404.7,55.0,2.76,0.19,0.044,1.12,,,Ⅱ
2022-07-28T00:00:00+08:00,1658937600,29.9,7.77,5.76,405.3,53.4,3.31,0.056,0.042,1.18,,,Ⅲ
2022-07-28T04:00:00+08:00,1658952000,29.5,7.76,5.4,403.9,62.5,2.76,0.065,0.044,1.26,,,Ⅲ
2022-11-01T12:00:00+08:00,1667275200,19.1,7.46,5.21,398.7,177.4,5.15,0.069,0.076,1.53,,,Ⅲ
2022-11-01T16:00:00+08:00,1667289600,18.8,7.46,5.4,400.0,164.3,4.89,0.064,0.072,1.5,,,Ⅲ
2022-11-02T12:00:00+08:00,1667361600,18.5,7.37,4.48,403.7,275.1,6.96,0.058,0.103,1.98,,,Ⅳ
2022-11-02T20:00:00+08:00,1667390400,18.3,7.54,5.35,404.2,245.9,6.23,0.054,0.093,1.9,,,Ⅳ
2022-11-03T00:00:00+08:00,1667404800,17.7,7.36,4.62,403.3,228.5,5.44,0.065,0.082,1.71,,,Ⅳ
2022-11-03T04:00:00+08:00,1667419200,17.4,7.25,3.75,403.7,219.0,5.34,0.091,0.086,1.7,,,Ⅳ
2022-11-03T08:00:00+08:00,1667433600,17.4,7.23,3.58,404.4,213.3,4.63,0.095,0.077,1.45,,,Ⅳ
2022-11-03T12:00:00+08:00,1667448000,18.4,7.36,4.02,405.7,231.7,5.03,0.074,0.072,1.54,,,Ⅳ
2022-11-03T16:00:00+08:00,1667462400,18.5,7.49,4.39,405.2,228.9,7.66,0.056,0.112,2.02,,,Ⅳ
2022-11-03T20:00:00+08:00,1667476800,17.7,7.35,3.64,404.8,251.4,10.16,0.086,0.16,2.59,,,Ⅴ
2022-11-04T00:00:00+08:00,1667491200,17.3,7.25,3.15,404.3,300.2,13.27,0.088,0.226,3.36,,,Ⅴ
2022-11-04T04:00:00+08:00,1667505600,17.0,7.23,2.97,405.3,303.6,11.55,0.089,0.197,3.1,,,Ⅴ
2022-11-04T08:00:00+08:00,1667520000,16.8,7.24,2.81,406.4,317.8,9.88,0.091,0.171,2.77,,,Ⅴ
2022-11-04T12:00:00+08:00,1667534400,16.8,7.33,3.39,406.7,336.8,11.47,0.106,0.203,2.9,,,Ⅴ
2022-11-04T16:00:00+08:00,1667548800,16.9,7.44,3.71,403.5,342.5,8.2,0.087,0.137,2.48,,,Ⅳ
2022-11-04T20:00:00+08:00,1667563200,16.7,7.39,4.06,405.5,353.6,10.14,0.13,0.182,2.93,,,Ⅴ
2022-11-05T00:00:00+08:00,1667577600,16.1,7.38,3.69,405.5,387.4,14.56,0.148,0.25,3.76,,,Ⅴ
2022-11-05T04:00:00+08:00,1667592000,15.7,7.32,3.46,405.8,386.4,8.66,0.142,0.166,2.71,,,Ⅳ
2022-11-05T08:00:00+08:00,1667606400,15.4,7.34,3.39,405.8,373.2,8.27,0.149,0.163,2.8,,,Ⅳ
2022-11-05T12:00:00+08:00,1667620800,16.3,7.39,6.89,434.3,98.1,,0.114,0.242,2.47,,,
2022-11-05T16:00:00+08:00,1667635200,16.7,7.54,6.8,435.8,68.4,6.4,0.105,0.1,2.14,,,Ⅳ
2022-11-05T20:00:00+08:00,1667649600,16.2,7.55,6.74,435.0,59.2,6.11,0.098,0.096,1.94,,,Ⅳ
2022-11-06T00:00:00+08:00,1667664000,15.8,7.33,5.21,437.0,59.9,5.81,0.153,0.099,1.88,,,Ⅲ
2022-11-06T04:00:00+08:00,1667678400,15.4,7.25,4.23,438.8,62.1,5.74,0.201,0.103,1.85,,,Ⅳ
2022-11-06T08:00:00+08:00,1667692800,15.2,7.21,3.98,439.2,48.3,5.16,0.214,0.092,1.75,,,Ⅳ
2022-11-06T12:00:00+08:00,1667707200,16.3,7.34,5.02,437.5,43.4,5.42,0.19,0.083,1.74,,,Ⅲ
2022-11-06T16:00:00+08:00,1667721600,16.7,7.44,5.84,439.2,36.2,5.34,0.168,0.072,1.48,,,Ⅲ
2022-11-06T20:00:00+08:00,1667736000,16.0,7.39,5.48,439.2,36.7,5.23,0.176,0.077,1.59,,,Ⅲ
2022-11-07T00:00:00+08:00,1667750400,15.6,7.26,4.43,440.2,35.9,5.16,0.228,0.078,1.78,,,Ⅳ
2022-11-07T04:00:00+08:00,1667764800,15.4,7.24,4.19,440.8,32.1,4.64,0.23,0.077,1.78,,,Ⅳ
2022-11-07T08:00:00+08:00,1667779200,15.4,7.22,3.99,441.5,31.1,4.67,0.261,0.073,1.68,,,Ⅳ
2022-11-07T12:00:00+08:00,1667793600,16.8,7.37,5.33,441.3,34.0,4.82,0.201,0.071,1.62,,,Ⅲ
2022-11-07T16:00:00+08:00,1667808000,17.0,7.43,5.97,439.4,29.8,4.74,0.189,0.063,1.45,,,Ⅲ
2022-11-07T20:00:00+08:00,1667822400,16.7,7.44,5.84,439.9,28.8,4.27,0.173,0.062,1.62,,,Ⅲ
2022-11-08T00:00:00+08:00,1667836800,16.4,7.37,5.2,440.0,25.8,4.2,0.182,0.062,1.45,,,Ⅲ
2022-11-08T04:00:00+08:00,1667851200,16.1,7.29,4.58,442.2,25.2,4.12,0.198,0.06,1.44,,,Ⅳ
2022-11-08T08:00:00+08:00,1667865600,16.1,7.32,4.76,441.8,37.4,4.75,0.188,0.073,1.6,,,Ⅳ
2022-11-08T12:00:00+08:00,1667880000,16.8,7.45,5.86,440.9,29.6,4.58,0.172,0.069,1.45,,,Ⅲ
2022-11-08T16:00:00+08:00,1667894400,17.7,7.6,6.73,440.1,29.2,4.78,0.174,0.063,1.54,,,Ⅲ
2022-11-08T20:00:00+08:00,1667908800,16.9,7.51,6.09,440.2,37.0,5.03,0.167,0.07,1.6,,,Ⅲ
2022-11-09T00:00:00+08:00,1667923200,16.8,7.4,5.22,442.7,33.8,4.67,0.174,0.065,1.48,,,Ⅲ
2022-11-09T04:00:00+08:00,1667937600,16.6,7.33,4.54,441.4,33.9,4.63,0.175,0.068,1.63,,,Ⅳ
2022-11-09T08:00:00+08:00,1667952000,16.6,7.27,3.94,441.9,30.9,4.26,0.21,0.062,1.53,,,Ⅳ
2022-11-09T12:00:00+08:00,1667966400,16.9,7.31,4.31,442.1,34.2,4.37,0.209,0.059,1.54,,,Ⅳ
2022-11-09T16:00:00+08:00,1667980800,17.8,7.53,5.47,442.2,31.0,4.33,0.168,0.058,1.54,,,Ⅲ
2022-11-09T20:00:00+08:00,1667995200,17.3,7.4,4.41,441.5,30.0,4.12,0.179,0.057,1.49,,,Ⅳ
2022-11-10T00:00:00+08:00,1668009600,17.1,7.33,3.86,441.9,28.8,4.01,0.184,0.055,1.54,,,Ⅳ
2022-11-10T04:00:00+08:00,1668024000,16.9,7.27,3.97,442.2,28.8,3.77,0.177,0.055,1.53,,,Ⅳ
2022-11-10T08:00:00+08:00,1668038400,16.8,7.2,2.89,446.1,34.5,4.22,0.258,0.064,1.54,,,Ⅴ
2022-11-10T12:00:00+08:00,1668052800,17.7,7.33,3.81,443.4,27.6,4.3,0.23,0.059,1.52,,,Ⅳ
2022-11-10T16:00:00+08:00,1668067200,18.1,7.37,4.18,445.6,26.6,3.92,0.229,0.053,1.48,,,Ⅳ
2022-11-10T20:00:00+08:00,1668081600,18.1,7.41,4.38,446.3,24.6,3.75,0.216,0.054,1.48,,,Ⅳ
2022-11-11T00:00:00+08:00,1668096000,17.9,7.34,3.98,445.0,27.1,4.04,0.212,0.055,1.42,,,Ⅳ
2022-11-11T04:00:00+08:00,1668110400,17.8,7.26,3.49,445.3,27.0,3.89,0.23,0.056,1.48,,,Ⅳ
2022-11-11T08:00:00+08:00,1668124800,18.0,7.26,3.49,446.2,27.1,4.3,0.208,0.065,1.59,,,Ⅳ
2022-11-11T12:00:00+08:00,1668139200,18.7,7.37,4.44,443.7,56.1,6.6,0.164,0.089,1.78,,,Ⅳ
2022-11-11T16:00:00+08:00,1668153600,19.7,7.59,5.79,443.7,29.3,4.68,0.158,0.056,1.5,,,Ⅲ
2022-11-11T20:00:00+08:00,1668168000,19.1,7.36,4.35,444.4,25.0,4.37,0.163,0.054,1.4,,,Ⅳ
2022-11-12T00:00:00+08:00,1668182400,18.9,7.36,4.21,444.1,22.8,3.9,0.165,0.052,1.31,,,Ⅳ
2022-11-12T04:00:00+08:00,1668196800,18.8,7.29,3.73,444.7,21.2,3.66,0.164,0.05,1.32,,,Ⅳ
2022-11-12T08:00:00+08:00,1668211200,18.8,7.27,3.66,445.0,21.2,3.78,0.172,0.052,1.37,,,Ⅳ
2022-11-12T12:00:00+08:00,1668225600,20.1,7.39,4.36,445.5,19.3,3.75,0.16,0.046,1.34,,,Ⅳ
2022-11-12T16:00:00+08:00,1668240000,21.4,7.64,7.51,469.0,23.8,4.38,0.141,0.054,1.35,,,Ⅲ
2022-11-12T20:00:00+08:00,1668254400,20.5,7.41,6.24,469.8,18.9,4.14,0.158,0.053,1.43,,,Ⅲ
2022-11-13T00:00:00+08:00,1668268800,19.9,7.25,4.79,469.8,46.7,5.48,0.234,0.087,1.84,,,Ⅳ
2022-11-13T04:00:00+08:00,1668283200,19.4,7.19,4.24,470.4,50.2,5.62,0.254,0.09,1.84,,,Ⅳ
2022-11-13T08:00:00+08:00,1668297600,18.8,7.19,4.62,468.6,84.8,6.62,0.284,0.112,2.17,,,Ⅳ
2022-11-13T12:00:00+08:00,1668312000,18.4,7.17,4.37,470.5,65.9,5.49,0.349,0.101,2.33,,,Ⅳ
2022-11-13T16:00:00+08:00,1668326400,18.0,7.17,4.42,472.8,64.8,5.49,0.363,0.096,2.38,,,Ⅳ
2022-11-13T20:00:00+08:00,1668340800,17.5,7.19,4.57,469.6,79.8,5.64,0.386,0.1,2.18,,,Ⅳ
2022-11-14T00:00:00+08:00,1668355200,17.2,7.17,4.31,469.0,87.3,5.22,0.41,0.105,2.27,,,Ⅳ
2022-11-14T08:00:00+08:00,1668384000,16.6,7.2,4.64,470.4,81.2,5.16,0.422,0.098,2.32,,,Ⅳ
2022-11-14T12:00:00+08:00,1668398400,16.4,7.22,4.72,469.6,74.7,5.04,0.428,0.102,2.35,,,Ⅳ
2022-11-14T16:00:00+08:00,1668412800,16.1,7.22,4.58,470.2,75.0,4.59,0.466,0.094,2.39,,,Ⅳ
2022-11-14T20:00:00+08:00,1668427200,15.7,7.25,4.8,470.4,73.0,4.64,0.46,0.096,2.44,,,Ⅳ
2022-11-15T04:00:00+08:00,1668456000,15.2,7.23,4.52,470.4,61.2,4.22,0.486,0.087,2.26,,,Ⅳ
2022-11-15T08:00:00+08:00,1668470400,15.0,7.21,4.29,470.8,62.4,4.27,0.492,0.086,2.26,,,Ⅳ
2022-11-15T12:00:00+08:00,1668484800,15.5,7.26,4.59,471.2,56.0,4.11,0.459,0.073,2.05,,,Ⅳ
2022-11-15T16:00:00+08:00,1668499200,15.6,7.3,4.98,471.3,47.6,4.01,0.439,0.066,1.98,,,Ⅳ
2022-11-16T08:00:00+08:00,1668556800,14.2,7.2,3.83,474.0,40.3,3.74,0.58,0.069,2.1,,,Ⅳ
2022-11-16T12:00:00+08:00,1668571200,15.6,7.26,4.45,473.8,34.9,3.78,0.488,0.058,1.88,,,Ⅳ
2022-11-16T16:00:00+08:00,1668585600,15.3,7.34,5.13,473.9,33.6,3.81,0.476,0.056,1.93,,,Ⅲ
2022-11-16T20:00:00+08:00,1668600000,14.8,7.33,5.11,468.7,35.0,3.71,0.488,0.061,1.94,,,Ⅲ
2022-11-17T00:00:00+08:00,1668614400,14.6,7.3,4.94,467.3,33.4,3.66,0.507,0.061,1.8,,,Ⅳ
2022-11-17T04:00:00+08:00,1668628800,14.6,7.26,4.5,467.7,30.9,3.52,0.524,0.059,1.97,,,Ⅳ
2022-11-17T08:00:00+08:00,1668643200,14.7,7.17,3.55,470.4,34.0,3.52,0.615,0.054,1.98,,,Ⅳ
2022-11-17T16:00:00+08:00,1668672000,14.9,7.22,3.88,469.3,34.3,3.53,0.569,0.054,1.96,,,Ⅳ
2022-11-17T20:00:00+08:00,1668686400,14.8,7.26,4.4,466.3,49.5,4.01,0.54,0.063,2.09,,,Ⅳ
2022-11-18T00:00:00+08:00,1668700800,14.8,7.26,4.51,465.8,51.0,4.06,0.545,0.065,2.23,,,Ⅳ
2022-11-18T04:00:00+08:00,1668715200,14.8,7.25,4.28,465.9,48.3,3.75,0.559,0.059,2.16,,,Ⅳ
2022-11-18T08:00:00+08:00,1668729600,14.9,7.23,3.99,467.3,44.6,3.51,0.576,0.056,2.17,,,Ⅳ
2022-11-18T12:00:00+08:00,1668744000,15.4,7.25,4.22,468.0,41.0,3.55,0.535,0.055,2.06,,,Ⅳ
2022-11-18T16:00:00+08:00,1668758400,15.3,7.24,3.98,467.0,43.8,3.4,0.553,0.056,2.13,,,Ⅳ
2022-11-18T20:00:00+08:00,1668772800,15.4,7.25,4.16,467.3,43.4,3.42,0.516,0.052,2.08,,,Ⅳ
2022-11-19T00:00:00+08:00,1668787200,15.5,7.23,3.86,467.9,42.1,3.38,0.517,0.051,2.09,,,Ⅳ
2022-11-19T04:00:00+08:00,1668801600,15.5,7.23,3.83,467.1,40.7,3.51,0.526,0.048,2.03,,,Ⅳ
2022-11-19T08:00:00+08:00,1668816000,15.6,7.24,3.82,468.1,40.4,3.32,0.505,0.054,2.03,,,Ⅳ
2022-11-19T12:00:00+08:00,1668830400,15.8,7.25,3.95,468.6,39.7,3.38,0.494,0.051,2.11,,,Ⅳ
2022-11-19T16:00:00+08:00,1668844800,16.2,7.26,4.16,467.2,40.3,3.48,0.481,0.052,2.09,,,Ⅳ
2022-11-19T20:00:00+08:00,1668859200,16.0,7.25,3.94,469.9,41.2,3.25,0.504,0.065,2.04,,,Ⅳ
2022-11-20T00:00:00+08:00,1668873600,15.8,7.2,3.4,470.8,41.2,3.25,0.541,,2.05,,,
2022-11-20T04:00:00+08:00,1668888000,15.8,7.18,2.76,470.7,44.4,3.34,0.63,0.05,2.07,,,Ⅴ
2022-11-20T08:00:00+08:00,1668902400,15.8,7.19,3.14,471.6,41.4,3.36,0.537,0.049,1.98,,,Ⅳ
2022-11-20T12:00:00+08:00,1668916800,16.5,7.25,3.69,471.0,40.9,3.75,0.52,0.048,2.08,,,Ⅳ
2022-11-20T16:00:00+08:00,1668931200,16.8,7.23,5.85,432.1,24.6,3.51,0.467,0.288,2.1,,,Ⅳ
2022-11-20T20:00:00+08:00,1668945600,16.2,7.26,5.35,428.3,25.5,3.34,0.451,0.07,2.1,,,Ⅲ
2022-11-21T00:00:00+08:00,1668960000,15.8,7.13,3.78,430.4,23.1,3.45,0.6,0.062,2.12,,,Ⅳ
2022-11-21T12:00:00+08:00,1669003200,16.4,7.16,4.26,429.9,22.7,3.47,0.581,0.062,2.03,,,Ⅳ
2022-11-21T16:00:00+08:00,1669017600,16.8,7.21,5.28,433.5,22.5,3.41,0.535,0.06,1.88,,,Ⅲ
2022-11-21T20:00:00+08:00,1669032000,16.4,7.13,4.29,431.2,23.3,3.5,0.573,0.057,2.02,,,Ⅳ
2022-11-22T04:00:00+08:00,1669060800,16.2,7.12,4.22,430.5,29.1,3.43,0.538,0.06,1.99,,,Ⅳ
2022-11-22T08:00:00+08:00,1669075200,16.1,7.09,4.2,426.1,36.0,4.35,0.499,0.076,2.03,,,Ⅳ
2022-11-22T12:00:00+08:00,1669089600,16.3,7.08,4.01,426.7,33.3,,,,,,,
2022-11-22T20:00:00+08:00,1669118400,16.8,9.11,3.48,409.2,38.8,5.07,0.352,0.092,2.23,,,劣Ⅴ
2022-11-23T04:00:00+08:00,1669147200,16.8,9.11,3.48,409.2,38.8,4.24,0.345,0.072,2.07,,,劣Ⅴ
2022-11-23T08:00:00+08:00,1669161600,16.8,9.11,3.48,409.2,38.8,4.4,0.31,0.074,2.08,,,劣Ⅴ
2022-11-23T12:00:00+08:00,1669176000,16.8,9.11,3.48,409.2,38.8,4.09,0.247,0.063,1.88,,,劣Ⅴ
2022-11-23T16:00:00+08:00,1669190400,16.5,7.17,5.63,422.1,43.2,3.77,0.243,0.061,1.77,,,Ⅲ
2022-11-23T20:00:00+08:00,1669204800,16.3,7.17,5.69,421.6,43.1,3.55,0.238,0.054,1.68,,,Ⅲ
2022-11-24T04:00:00+08:00,1669233600,16.0,7.13,5.16,425.7,42.0,3.72,0.302,0.061,1.77,,,Ⅲ
2022-11-24T08:00:00+08:00,1669248000,15.9,7.12,4.99,424.7,38.8,3.77,0.269,0.057,1.68,,,Ⅳ
2022-11-24T12:00:00+08:00,1669262400,16.4,7.2,5.61,421.2,46.6,3.98,0.219,0.059,1.8,,,Ⅲ
2022-11-24T16:00:00+08:00,1669276800,16.8,7.33,6.58,424.6,34.8,3.58,0.187,0.05,1.68,,,Ⅱ
2022-11-24T20:00:00+08:00,1669291200,16.3,7.26,6.05,422.8,30.9,3.37,0.208,0.048,1.67,,,Ⅱ
2022-11-25T04:00:00+08:00,1669320000,16.0,7.14,4.76,425.5,32.2,3.23,0.258,0.048,1.77,,,Ⅳ
2022-11-25T08:00:00+08:00,1669334400,15.9,7.12,4.48,426.3,28.7,3.21,0.256,0.048,1.5,,,Ⅳ
2022-11-25T12:00:00+08:00,1669348800,16.7,7.16,4.72,425.1,26.7,3.42,0.226,0.046,1.56,,,Ⅳ
2022-11-25T16:00:00+08:00,1669363200,16.8,7.27,5.65,423.2,26.1,3.21,0.184,0.04,1.48,,,Ⅲ
2022-11-25T20:00:00+08:00,1669377600,16.7,7.19,5.7,401.3,24.1,3.23,0.19,0.04,1.79,,,Ⅲ
2022-11-26T04:00:00+08:00,1669406400,16.3,7.19,5.52,399.2,22.7,3.18,0.196,0.04,1.48,,,Ⅲ
2022-11-26T08:00:00+08:00,1669420800,16.3,7.15,5.11,400.1,20.4,3.15,0.196,0.042,1.62,,,Ⅲ
2022-11-26T12:00:00+08:00,1669435200,17.2,7.23,5.7,399.8,13.6,3.03,0.162,0.039,1.63,,,Ⅲ
2022-11-28T04:00:00+08:00,1669579200,16.4,7.2,4.76,401.9,32.9,3.26,0.284,0.041,1.73,,,Ⅳ
2022-11-28T08:00:00+08:00,1669593600,16.3,7.16,4.56,403.4,31.8,3.18,0.302,0.044,1.6,,,Ⅳ
2022-11-28T16:00:00+08:00,1669622400,16.8,7.29,5.6,402.7,30.4,3.12,0.245,0.04,1.73,,,Ⅲ
2022-11-29T08:00:00+08:00,1669680000,16.4,7.32,5.79,395.8,82.1,5.22,0.279,0.094,2.21,,,Ⅲ
2022-11-29T12:00:00+08:00,1669694400,16.1,7.39,6.45,394.4,101.5,5.88,0.274,0.108,2.34,,,Ⅲ
2022-11-29T16:00:00+08:00,1669708800,15.6,7.46,7.36,392.0,148.3,7.6,0.298,0.16,2.86,,,Ⅳ
2022-11-29T20:00:00+08:00,1669723200,14.8,7.54,8.06,386.5,195.7,8.1,0.305,0.205,3.77,,,Ⅳ
2022-11-30T00:00:00+08:00,1669737600,13.6,7.65,9.03,381.8,288.1,10.77,0.34,0.294,4.89,,,Ⅴ
2022-11-30T04:00:00+08:00,1669752000,12.8,7.67,9.48,381.2,317.4,10.6,0.369,0.292,5.58,,,Ⅴ
2022-11-30T08:00:00+08:00,1669766400,12.0,7.67,9.57,378.7,312.1,11.24,0.366,0.323,5.68,,,Ⅴ
2022-11-30T12:00:00+08:00,1669780800,11.3,7.7,9.91,377.8,303.2,10.33,0.354,0.31,5.61,,,Ⅴ
2022-11-30T16:00:00+08:00,1669795200,10.5,7.7,10.16,380.7,290.2,8.46,0.358,0.259,5.69,,,Ⅳ
2022-11-30T20:00:00+08:00,1669809600,9.9,7.71,10.25,381.7,284.7,7.82,0.357,0.232,5.47,,,Ⅳ
2022-12-01T00:00:00+08:00,1669824000,9.3,7.72,10.38,384.4,300.6,9.0,0.351,0.251,5.62,,,Ⅳ
2022-12-01T08:00:00+08:00,1669852800,8.5,7.71,10.51,381.2,276.8,7.46,0.345,0.225,5.64,,,Ⅳ
2022-12-01T12:00:00+08:00,1669867200,8.3,7.76,10.9,381.9,284.4,8.85,0.327,0.241,5.5,,,Ⅳ
2022-12-01T20:00:00+08:00,1669896000,7.7,7.76,11.0,381.4,262.5,7.1,0.312,0.204,5.27,,,Ⅳ
2022-12-02T00:00:00+08:00,1669910400,7.6,7.74,10.94,381.5,248.4,6.6,0.299,0.192,5.12,,,Ⅳ
2022-12-02T04:00:00+08:00,1669924800,7.2,7.73,10.93,381.7,256.1,6.42,0.291,0.191,4.9,,,Ⅳ
2022-12-02T12:00:00+08:00,1669953600,7.5,7.73,10.83,380.8,217.6,6.09,0.25,0.16,4.41,,,Ⅳ
2022-12-02T20:00:00+08:00,1669982400,7.2,7.61,10.76,424.0,190.2,5.4,0.264,0.143,4.05,,,Ⅲ
2022-12-03T00:00:00+08:00,1669996800,7.1,7.6,10.6,423.7,176.4,5.1,0.251,0.139,3.74,,,Ⅲ
2022-12-03T08:00:00+08:00,1670025600,7.1,7.57,10.38,423.6,147.8,4.68,0.227,0.119,3.29,,,Ⅲ
2022-12-03T12:00:00+08:00,1670040000,7.3,7.56,10.42,424.5,164.4,4.78,0.239,0.124,3.34,,,Ⅲ
2022-12-03T16:00:00+08:00,1670054400,7.3,7.61,10.69,423.4,174.9,6.09,0.236,0.166,3.84,,,Ⅲ
2022-12-03T20:00:00+08:00,1670068800,7.2,7.59,10.79,423.5,188.5,6.88,0.24,0.18,4.04,,,Ⅳ
2022-12-04T04:00:00+08:00,1670097600,7.3,7.62,11.22,421.1,229.3,8.17,0.261,0.221,4.44,,,Ⅳ
2022-12-04T08:00:00+08:00,1670112000,7.3,7.61,11.24,421.6,192.7,6.52,0.247,0.181,4.12,,,Ⅳ
2022-12-04T12:00:00+08:00,1670126400,7.4,7.61,11.16,421.6,198.3,6.25,0.242,0.161,4.0,,,Ⅳ
2022-12-04T20:00:00+08:00,1670155200,7.5,7.64,11.54,420.8,215.6,8.05,0.266,0.226,4.68,,,Ⅳ
2022-12-05T04:00:00+08:00,1670184000,7.3,7.65,11.75,420.7,235.2,8.4,0.288,0.225,4.7,,,Ⅳ
2022-12-05T08:00:00+08:00,1670198400,7.2,7.65,11.79,422.3,222.7,8.53,0.277,0.238,4.62,,,Ⅳ
2022-12-05T12:00:00+08:00,1670212800,7.5,7.7,11.98,420.2,236.7,9.72,0.271,0.257,4.79,,,Ⅳ
2022-12-05T16:00:00+08:00,1670227200,8.0,7.76,12.05,421.4,207.7,7.48,0.248,0.19,4.29,,,Ⅳ
2022-12-05T20:00:00+08:00,1670241600,7.7,7.7,11.86,421.9,208.3,6.71,0.248,0.169,4.24,,,Ⅳ
2022-12-06T04:00:00+08:00,1670270400,7.3,7.65,11.53,423.8,163.2,5.39,0.238,0.136,3.85,,,Ⅲ
2022-12-06T08:00:00+08:00,1670284800,7.3,7.64,11.49,424.0,166.9,5.1,0.23,0.127,3.67,,,Ⅲ
2022-12-06T12:00:00+08:00,1670299200,8.5,7.64,11.08,424.8,148.5,5.16,0.194,0.117,3.35,,,Ⅲ
2022-12-06T16:00:00+08:00,1670313600,8.7,7.67,11.32,422.9,127.4,4.78,0.192,0.113,3.13,,,Ⅲ
2022-12-06T20:00:00+08:00,1670328000,8.4,7.65,11.26,425.9,126.8,4.75,0.189,0.104,2.9,,,Ⅲ
2022-12-07T04:00:00+08:00,1670356800,7.6,7.59,10.89,426.6,108.1,4.02,0.191,0.094,2.75,,,Ⅲ
2022-12-07T08:00:00+08:00,1670371200,7.7,7.58,10.76,425.6,107.8,4.05,0.2,0.098,2.78,,,Ⅲ
2022-12-07T12:00:00+08:00,1670385600,8.0,7.6,10.8,426.6,96.9,4.14,0.185,0.092,2.55,,,Ⅲ
2022-12-07T16:00:00+08:00,1670400000,8.2,7.6,10.68,427.0,96.4,4.31,0.182,0.087,2.5,,,Ⅲ
2022-12-07T20:00:00+08:00,1670414400,8.1,7.57,10.53,425.8,89.8,3.8,0.182,0.086,2.43,,,Ⅱ
2022-12-08T04:00:00+08:00,1670443200,8.0,7.53,10.21,427.9,75.6,3.46,0.181,0.073,2.09,,,Ⅱ
2022-12-08T08:00:00+08:00,1670457600,8.1,7.52,10.05,428.2,74.3,3.54,0.179,0.08,2.22,,,Ⅱ
2022-12-08T12:00:00+08:00,1670472000,8.5,7.52,10.06,428.2,69.4,3.84,0.16,0.072,2.15,,,Ⅱ
2022-12-08T20:00:00+08:00,1670500800,8.5,7.51,9.78,428.8,59.2,3.35,0.174,0.066,1.88,,,Ⅱ
2022-12-09T04:00:00+08:00,1670529600,8.5,7.46,9.53,429.9,72.7,3.97,0.18,0.086,2.08,,,Ⅱ
2022-12-09T08:00:00+08:00,1670544000,8.5,7.46,9.58,428.5,80.4,4.08,0.181,0.089,2.22,,,Ⅲ
2022-12-09T12:00:00+08:00,1670558400,8.5,7.46,9.47,428.5,70.3,3.85,0.178,0.078,2.21,,,Ⅱ
2022-12-09T16:00:00+08:00,1670572800,8.6,7.49,9.73,428.1,65.6,3.69,0.174,0.073,2.15,,,Ⅱ
2022-12-09T20:00:00+08:00,1670587200,8.6,7.47,9.71,428.8,73.8,3.82,0.171,0.08,2.22,,,Ⅱ
2022-12-10T04:00:00+08:00,1670616000,8.6,7.41,9.29,429.9,60.6,3.34,0.174,0.067,2.07,,,Ⅱ
2022-12-10T08:00:00+08:00,1670630400,8.6,7.44,9.41,429.6,64.2,3.41,0.17,0.066,2.07,,,Ⅱ
2022-12-10T16:00:00+08:00,1670659200,9.0,7.44,8.94,430.8,74.7,3.6,0.165,0.072,2.05,,,Ⅱ
2022-12-10T20:00:00+08:00,1670673600,9.0,7.45,8.97,431.7,92.2,4.74,0.174,0.104,2.41,,,Ⅲ
2022-12-11T04:00:00+08:00,1670702400,8.6,7.49,9.63,433.3,173.4,6.59,0.245,0.172,3.44,,,Ⅳ
2022-12-11T08:00:00+08:00,1670716800,8.5,7.53,10.03,434.0,203.0,7.93,0.249,0.218,4.01,,,Ⅳ
2022-12-11T12:00:00+08:00,1670731200,8.8,7.63,10.45,431.2,163.2,6.45,0.208,0.167,3.55,,,Ⅳ
2022-12-11T16:00:00+08:00,1670745600,9.0,7.67,10.65,434.0,161.0,6.45,0.216,0.148,3.59,,,Ⅳ
2022-12-11T20:00:00+08:00,1670760000,8.5,7.63,10.45,435.5,209.0,7.52,0.244,0.188,4.09,,,Ⅳ
2022-12-12T04:00:00+08:00,1670788800,8.4,7.61,10.4,435.4,191.2,6.46,0.231,0.174,3.86,,,Ⅳ
2022-12-12T08:00:00+08:00,1670803200,8.2,7.62,10.44,435.3,195.3,7.58,0.232,0.203,4.21,,,Ⅳ
2022-12-12T12:00:00+08:00,1670817600,8.5,7.65,10.6,433.9,175.2,6.25,0.204,0.149,3.6,,,Ⅳ
2022-12-12T16:00:00+08:00,1670832000,8.5,7.71,10.71,432.8,177.1,6.44,0.208,0.167,3.76,,,Ⅳ
2022-12-12T20:00:00+08:00,1670846400,8.4,7.65,10.58,436.5,167.8,5.59,0.212,0.127,3.53,,,Ⅲ
2022-12-13T04:00:00+08:00,1670875200,7.8,7.6,10.18,439.8,164.2,5.02,0.233,0.124,3.42,,,Ⅲ
2022-12-13T08:00:00+08:00,1670889600,7.6,7.6,10.31,439.6,149.1,4.8,0.2,0.116,3.22,,,Ⅲ
2022-12-13T12:00:00+08:00,1670904000,8.4,7.61,9.73,437.6,138.4,5.32,0.173,0.116,3.33,,,Ⅲ
2022-12-13T16:00:00+08:00,1670918400,8.7,7.69,10.42,435.3,132.6,5.24,0.174,0.118,3.16,,,Ⅲ
2022-12-13T20:00:00+08:00,1670932800,8.4,7.64,10.12,437.8,129.2,4.95,0.183,0.1,3.12,,,Ⅲ
2022-12-14T04:00:00+08:00,1670961600,7.6,7.63,10.36,438.1,165.6,6.77,0.21,0.171,3.81,,,Ⅳ
2022-12-14T08:00:00+08:00,1670976000,7.2,7.64,10.51,439.2,178.2,7.31,0.218,0.188,4.04,,,Ⅳ
2022-12-14T12:00:00+08:00,1670990400,7.8,7.69,10.37,436.0,148.7,5.55,0.18,0.139,3.59,,,Ⅲ
2022-12-14T16:00:00+08:00,1671004800,8.5,7.77,11.02,435.8,146.0,5.24,0.185,0.116,3.4,,,Ⅲ
2022-12-14T20:00:00+08:00,1671019200,7.5,7.69,10.79,437.9,151.9,4.96,0.204,0.118,3.46,,,Ⅲ
2022-12-15T04:00:00+08:00,1671048000,6.8,7.63,10.5,444.1,140.3,4.67,0.22,0.114,3.37,,,Ⅲ
2022-12-15T08:00:00+08:00,1671062400,6.6,7.61,10.49,444.3,125.6,4.35,0.207,0.104,3.12,,,Ⅲ
2022-12-15T12:00:00+08:00,1671076800,8.0,7.65,10.01,438.2,118.4,4.51,0.164,0.105,3.14,,,Ⅲ
2022-12-15T16:00:00+08:00,1671091200,8.3,7.7,10.28,440.0,108.8,4.61,0.175,0.096,2.99,,,Ⅲ
2022-12-15T20:00:00+08:00,1671105600,7.7,7.67,10.49,440.7,111.9,4.57,0.177,0.091,2.99,,,Ⅲ
2022-12-16T04:00:00+08:00,1671134400,7.4,7.64,10.24,439.9,115.7,4.35,0.185,0.101,2.98,,,Ⅲ
2022-12-16T08:00:00+08:00,1671148800,7.4,7.64,10.32,440.5,171.3,,0.205,0.227,4.18,,,
2022-12-16T12:00:00+08:00,1671163200,7.5,7.65,10.5,439.2,141.6,5.67,0.194,0.145,3.42,,,Ⅲ
2022-12-16T16:00:00+08:00,1671177600,7.6,7.65,10.65,440.9,155.7,6.12,0.215,0.152,3.87,,,Ⅳ
2022-12-16T20:00:00+08:00,1671192000,7.4,7.65,10.92,440.8,192.2,7.16,0.247,0.19,4.24,,,Ⅳ
2022-12-17T04:00:00+08:00,1671220800,6.8,7.7,11.46,442.8,220.7,7.66,0.273,0.223,4.47,,,Ⅳ
2022-12-17T08:00:00+08:00,1671235200,6.3,7.71,11.66,439.5,241.5,7.34,0.275,0.216,4.77,,,Ⅳ
2022-12-17T12:00:00+08:00,1671249600,6.5,7.74,11.66,439.6,231.9,7.08,0.256,0.196,4.75,,,Ⅳ
2022-12-17T16:00:00+08:00,1671264000,6.2,7.76,11.85,436.7,251.2,7.7,0.278,0.214,4.98,,,Ⅳ
2022-12-17T20:00:00+08:00,1671278400,5.4,7.76,12.07,437.4,254.6,7.4,0.291,0.218,5.09,,,Ⅳ
2022-12-18T04:00:00+08:00,1671307200,4.3,7.76,12.39,442.7,240.4,6.36,0.295,0.17,5.06,,,Ⅳ
2022-12-18T08:00:00+08:00,1671321600,3.9,7.75,12.31,444.8,221.2,6.14,0.281,0.169,4.71,,,Ⅳ
2022-12-18T12:00:00+08:00,1671336000,5.0,7.76,11.4,442.5,206.2,5.94,0.238,0.16,4.46,,,Ⅲ
2022-12-18T16:00:00+08:00,1671350400,5.0,7.76,11.63,442.6,195.7,6.13,0.243,0.163,4.46,,,Ⅳ
2022-12-18T20:00:00+08:00,1671364800,4.3,7.75,11.87,442.3,190.2,5.26,0.252,0.135,4.3,,,Ⅲ
2022-12-19T04:00:00+08:00,1671393600,3.7,7.75,12.06,450.3,163.2,4.41,0.25,0.107,3.92,,,Ⅲ
2022-12-19T08:00:00+08:00,1671408000,3.8,7.73,12.03,447.3,163.3,4.51,0.236,0.112,3.76,,,Ⅲ
2022-12-19T12:00:00+08:00,1671422400,5.3,7.74,11.04,445.6,143.8,4.48,0.192,0.105,3.66,,,Ⅲ
2022-12-19T16:00:00+08:00,1671436800,5.6,7.76,11.04,443.1,136.6,4.45,0.196,0.097,3.5,,,Ⅲ
2022-12-19T20:00:00+08:00,1671451200,4.7,7.76,11.55,444.8,123.3,4.12,0.198,0.096,3.34,,,Ⅲ
2022-12-20T04:00:00+08:00,1671480000,3.8,7.73,11.66,448.2,126.8,3.78,0.216,0.094,3.33,,,Ⅱ
2022-12-20T08:00:00+08:00,1671494400,3.8,7.71,11.7,449.3,123.9,3.92,0.2,0.09,3.16,,,Ⅱ
2022-12-20T12:00:00+08:00,1671508800,5.9,7.72,10.67,441.0,109.0,4.25,0.167,0.092,3.11,,,Ⅲ
2022-12-20T16:00:00+08:00,1671523200,6.5,7.73,10.73,445.2,104.1,4.26,0.178,0.089,3.02,,,Ⅲ
2022-12-20T20:00:00+08:00,1671537600,5.3,7.7,10.94,450.3,93.8,3.88,0.183,0.085,3.08,,,Ⅱ
2022-12-21T04:00:00+08:00,1671566400,5.1,7.7,10.98,449.0,86.2,3.57,0.187,0.079,2.9,,,Ⅱ
2022-12-21T08:00:00+08:00,1671580800,5.0,7.68,10.9,448.4,86.2,3.77,0.177,0.086,2.87,,,Ⅱ
2022-12-21T12:00:00+08:00,1671595200,6.2,7.69,10.27,443.4,90.2,3.92,0.158,0.086,3.0,,,Ⅱ
2022-12-21T16:00:00+08:00,1671609600,6.9,7.73,10.62,448.5,96.8,4.24,0.172,0.09,3.0,,,Ⅲ
2022-12-21T20:00:00+08:00,1671624000,5.8,7.7,10.81,449.2,100.0,4.16,0.189,0.092,3.08,,,Ⅲ
2022-12-22T04:00:00+08:00,1671652800,5.2,7.65,11.03,453.7,93.7,3.92,0.196,0.087,3.07,,,Ⅱ
2022-12-22T08:00:00+08:00,1671667200,5.0,7.65,11.06,455.8,141.4,4.55,0.23,0.162,3.43,,,Ⅲ
2022-12-22T12:00:00+08:00,1671681600,5.4,7.73,11.45,454.0,164.1,5.45,0.249,0.22,4.19,,,Ⅳ
2022-12-22T16:00:00+08:00,1671696000,5.5,7.75,11.74,453.4,183.1,5.59,0.268,0.241,4.41,,,Ⅳ
2022-12-22T20:00:00+08:00,1671710400,4.7,7.76,12.06,456.6,202.2,5.86,0.292,0.267,4.85,,,Ⅳ
2022-12-23T00:00:00+08:00,1671724800,4.2,7.77,12.25,455.7,217.0,6.21,0.304,0.275,5.11,,,Ⅳ
2022-12-23T04:00:00+08:00,1671739200,3.7,7.77,12.39,458.4,207.6,5.53,0.308,0.247,5.04,,,Ⅳ
2022-12-23T08:00:00+08:00,1671753600,3.7,7.77,12.33,462.1,195.0,5.24,0.285,0.229,4.83,,,Ⅳ
2022-12-23T12:00:00+08:00,1671768000,4.3,7.77,11.82,499.1,206.3,5.18,0.25,0.137,4.35,,,Ⅲ
2022-12-23T16:00:00+08:00,1671782400,4.4,7.78,11.96,500.8,194.4,5.15,0.267,0.142,4.45,,,Ⅲ
2022-12-23T20:00:00+08:00,1671796800,3.7,7.77,12.1,505.2,193.3,5.08,0.265,0.131,4.33,,,Ⅲ
2022-12-24T00:00:00+08:00,1671811200,3.7,7.76,12.1,509.6,183.9,4.6,0.269,0.12,4.2,,,Ⅲ
2022-12-24T04:00:00+08:00,1671825600,3.6,7.76,12.06,508.4,159.7,4.17,0.264,0.098,4.03,,,Ⅲ
2022-12-24T08:00:00+08:00,1671840000,3.7,7.75,11.92,510.4,166.4,4.25,0.248,0.106,3.99,,,Ⅲ
2022-12-24T12:00:00+08:00,1671854400,3.7,7.75,11.53,507.0,171.3,4.72,0.246,0.11,4.07,,,Ⅲ
2022-12-24T16:00:00+08:00,1671868800,3.8,7.76,12.11,505.3,202.6,5.3,0.271,0.133,4.43,,,Ⅲ
2022-12-24T20:00:00+08:00,1671883200,3.7,7.76,12.13,510.9,211.2,5.14,0.277,0.141,4.58,,,Ⅲ
2022-12-25T00:00:00+08:00,1671897600,3.6,7.76,12.26,508.9,202.7,5.11,0.278,0.128,4.48,,,Ⅲ
2022-12-25T04:00:00+08:00,1671912000,3.2,7.76,12.34,507.0,196.1,4.61,0.274,0.116,4.36,,,Ⅲ
2022-12-25T08:00:00+08:00,1671926400,3.0,7.77,12.43,506.2,210.4,4.75,0.277,0.128,4.63,,,Ⅲ
2022-12-25T12:00:00+08:00,1671940800,3.7,7.77,11.91,508.6,187.1,4.79,0.232,0.113,4.22,,,Ⅲ
2022-12-25T16:00:00+08:00,1671955200,3.8,7.78,12.14,506.4,186.1,4.68,0.243,0.115,4.18,,,Ⅲ
2022-12-25T20:00:00+08:00,1671969600,3.7,7.77,12.21,508.9,181.7,4.39,0.242,0.112,4.16,,,Ⅲ
2022-12-26T00:00:00+08:00,1671984000,3.4,7.76,12.32,507.1,172.4,4.2,0.246,0.101,3.96,,,Ⅲ
2022-12-26T04:00:00+08:00,1671998400,3.3,7.76,12.34,507.6,163.4,4.13,0.24,0.098,3.78,,,Ⅲ
2022-12-26T08:00:00+08:00,1672012800,3.1,7.76,12.26,506.0,140.2,3.93,0.22,0.084,3.51,,,Ⅱ
2022-12-26T12:00:00+08:00,1672027200,3.7,7.76,12.04,509.9,147.1,3.78,0.212,0.085,3.43,,,Ⅱ
2022-12-26T20:00:00+08:00,1672056000,3.7,7.76,11.65,510.9,125.6,3.66,0.199,0.078,4.76,,,Ⅲ
2022-12-27T00:00:00+08:00,1672070400,3.7,7.75,11.67,510.1,120.1,3.62,0.197,0.072,3.3,,,Ⅱ
2022-12-27T08:00:00+08:00,1672099200,3.6,7.73,11.72,509.8,114.4,3.76,0.194,0.073,3.22,,,Ⅱ
2022-12-27T12:00:00+08:00,1672113600,3.9,7.75,11.39,504.9,102.0,3.68,0.166,0.067,2.99,,,Ⅱ
2022-12-27T16:00:00+08:00,1672128000,4.7,7.75,10.84,501.0,96.7,3.32,0.079,0.066,,,,Ⅱ
2022-12-27T20:00:00+08:00,1672142400,4.4,7.71,10.64,500.0,93.5,3.13,,0.065,5.03,,,
2022-12-28T04:00:00+08:00,1672171200,3.8,7.7,11.34,506.7,88.6,3.0,,0.065,2.96,,,
2022-12-28T08:00:00+08:00,1672185600,3.8,7.69,11.24,507.3,91.9,2.76,,0.066,3.05,,,
2022-12-28T12:00:00+08:00,1672200000,4.5,7.69,10.69,500.1,85.6,2.9,0.045,0.063,,,,
2022-12-28T16:00:00+08:00,1672214400,4.3,7.7,11.12,503.9,85.6,2.99,0.025,0.063,3.76,,,Ⅱ
2022-12-28T20:00:00+08:00,1672228800,4.1,7.67,11.14,505.5,90.2,2.9,0.025,0.062,3.04,,,Ⅱ
2022-12-29T04:00:00+08:00,1672257600,3.9,7.66,11.17,508.8,81.4,2.7,0.025,0.059,2.82,,,Ⅱ
2022-12-29T08:00:00+08:00,1672272000,3.9,7.65,11.12,509.5,98.4,2.88,0.025,0.064,2.99,,,Ⅱ
2022-12-29T12:00:00+08:00,1672286400,4.2,7.68,11.23,507.6,86.8,2.9,0.025,0.064,2.73,,,Ⅱ
2022-12-29T16:00:00+08:00,1672300800,4.3,7.69,11.16,507.5,82.1,2.88,0.025,0.062,2.76,,,Ⅱ
2022-12-29T20:00:00+08:00,1672315200,4.2,7.65,11.16,507.7,81.4,2.76,0.025,0.062,2.73,,,Ⅱ
2022-12-30T04:00:00+08:00,1672344000,4.0,7.65,11.08,511.3,81.5,2.94,0.025,0.062,2.78,,,Ⅱ
2022-12-30T08:00:00+08:00,1672358400,4.0,7.65,11.01,509.6,77.4,2.65,0.025,0.056,2.65,,,Ⅱ
2022-12-30T12:00:00+08:00,1672372800,4.4,7.65,10.9,507.7,79.5,2.94,0.025,0.058,2.54,,,Ⅱ
2022-12-30T16:00:00+08:00,1672387200,4.9,7.69,11.05,512.1,73.7,2.9,0.025,0.061,2.56,,,Ⅱ
2022-12-30T20:00:00+08:00,1672401600,4.4,7.65,11.08,507.8,71.9,2.64,0.025,0.058,2.63,,,Ⅱ
2022-12-31T04:00:00+08:00,1672430400,3.7,7.65,11.13,513.8,77.0,2.57,0.025,0.058,2.61,,,Ⅱ
2022-12-31T08:00:00+08:00,1672444800,3.7,7.65,11.11,514.5,72.8,2.66,0.025,0.059,2.45,,,Ⅱ
2022-12-31T12:00:00+08:00,1672459200,5.0,7.65,10.32,511.2,66.4,2.94,0.025,0.052,2.62,,,Ⅱ
2022-12-31T16:00:00+08:00,1672473600,5.8,7.65,10.49,507.7,65.5,2.73,0.025,0.052,2.48,,,Ⅱ
2022-12-31T20:00:00+08:00,1672488000,4.7,7.65,10.74,511.5,62.8,2.61,0.025,0.055,2.48,,,Ⅱ
2023-01-01T04:00:00+08:00,1672516800,4.3,7.64,10.76,510.6,64.6,2.57,0.025,0.053,2.49,,,Ⅱ
2023-01-01T08:00:00+08:00,1672531200,4.3,7.64,10.75,511.4,64.1,2.74,0.025,0.053,2.34,,,Ⅱ
2023-01-01T12:00:00+08:00,1672545600,4.6,7.65,10.74,508.8,59.3,2.85,0.025,0.055,2.35,,,Ⅱ
2023-01-01T16:00:00+08:00,1672560000,5.0,7.65,10.63,514.9,60.4,2.65,0.025,0.054,2.46,,,Ⅱ
2023-01-01T20:00:00+08:00,1672574400,4.8,7.64,10.62,512.2,61.9,2.6,0.025,0.054,2.46,,,Ⅱ
2023-01-02T04:00:00+08:00,1672603200,4.8,7.63,10.49,509.6,63.6,2.58,0.025,0.052,2.42,,,Ⅱ
2023-01-02T08:00:00+08:00,1672617600,4.7,7.62,10.37,511.9,62.5,2.72,0.025,0.047,2.44,,,Ⅱ
2023-01-02T12:00:00+08:00,1672632000,5.0,7.62,10.27,513.5,59.7,2.46,0.025,0.049,2.43,,,Ⅱ
2023-01-02T16:00:00+08:00,1672646400,5.2,7.64,10.43,511.9,59.0,2.8,0.025,0.054,2.37,,,Ⅱ
2023-01-02T20:00:00+08:00,1672660800,5.0,7.62,10.24,514.7,59.2,2.69,0.025,0.05,2.34,,,Ⅱ
2023-01-03T04:00:00+08:00,1672689600,5.0,7.62,10.3,513.6,60.8,2.7,0.025,0.049,2.32,,,Ⅱ
2023-01-03T12:00:00+08:00,1672718400,6.6,7.63,9.86,506.5,55.5,2.91,0.025,0.048,2.38,,,Ⅱ
2023-01-03T16:00:00+08:00,1672732800,7.2,7.65,10.1,509.4,52.0,2.92,0.025,0.051,2.37,,,Ⅱ
2023-01-03T20:00:00+08:00,1672747200,5.9,7.62,10.09,507.4,56.3,2.51,0.025,0.049,2.37,,,Ⅱ
2023-01-04T04:00:00+08:00,1672776000,5.0,7.59,10.14,518.1,59.7,2.47,0.025,0.049,2.33,,,Ⅱ
2023-01-04T08:00:00+08:00,1672790400,5.0,7.54,9.87,520.8,61.1,2.49,0.025,0.048,2.54,,,Ⅱ
2023-01-04T12:00:00+08:00,1672804800,6.2,7.6,9.63,508.2,57.2,2.77,0.025,0.05,2.27,,,Ⅱ
2023-01-04T16:00:00+08:00,1672819200,7.0,7.63,9.76,513.8,52.5,2.83,0.025,0.052,2.39,,,Ⅱ
2023-01-04T20:00:00+08:00,1672833600,6.4,7.6,9.9,511.7,56.9,2.85,0.025,0.051,2.38,,,Ⅱ
2023-01-05T04:00:00+08:00,1672862400,6.1,7.6,9.92,512.1,57.1,2.54,0.025,0.047,2.32,,,Ⅱ
2023-01-05T08:00:00+08:00,1672876800,6.0,7.59,9.89,511.6,57.9,2.47,0.025,0.05,2.24,,,Ⅱ
2023-01-05T12:00:00+08:00,1672891200,7.1,7.62,9.9,514.1,56.8,2.92,0.025,0.051,2.44,,,Ⅱ
2023-01-05T16:00:00+08:00,1672905600,7.1,7.57,9.96,452.3,45.2,2.73,0.025,0.048,2.36,,,Ⅱ
2023-01-05T20:00:00+08:00,1672920000,7.0,7.59,9.84,453.6,43.0,2.84,0.025,0.046,2.27,,,Ⅱ
2023-01-06T00:00:00+08:00,1672934400,7.0,7.58,9.76,453.6,42.9,2.53,0.025,0.047,2.21,,,Ⅱ
2023-01-06T04:00:00+08:00,1672948800,6.8,7.56,9.6,453.3,42.6,2.42,0.025,0.046,2.2,,,Ⅱ
2023-01-06T08:00:00+08:00,1672963200,6.6,7.56,9.7,451.8,42.6,2.57,0.025,0.048,2.15,,,Ⅱ
2023-01-06T12:00:00+08:00,1672977600,7.8,7.57,8.99,449.9,37.4,2.85,0.025,0.044,2.33,,,Ⅱ
2023-01-06T16:00:00+08:00,1672992000,8.5,7.61,9.11,446.4,37.0,2.73,0.025,0.042,2.26,,,Ⅱ
2023-01-06T20:00:00+08:00,1673006400,8.1,7.6,9.44,447.9,38.9,2.6,0.025,0.045,2.33,,,Ⅱ
2023-01-07T00:00:00+08:00,1673020800,7.8,7.62,9.66,449.0,39.3,2.62,0.025,0.043,2.39,,,Ⅱ
2023-01-07T04:00:00+08:00,1673035200,7.4,7.61,9.76,451.2,41.0,2.51,0.025,0.043,2.22,,,Ⅱ
2023-01-07T08:00:00+08:00,1673049600,7.0,7.57,9.67,455.0,41.8,2.47,0.025,0.046,2.17,,,Ⅱ
2023-01-07T12:00:00+08:00,1673064000,8.6,7.6,9.3,447.6,35.8,2.64,0.025,0.04,2.56,,,Ⅱ
2023-01-07T16:00:00+08:00,1673078400,9.1,7.64,9.2,447.0,34.5,2.62,0.025,0.041,2.19,,,Ⅱ
2023-01-07T20:00:00+08:00,1673092800,8.5,7.64,9.54,447.8,36.3,2.49,0.025,0.04,2.46,,,Ⅱ
2023-01-08T00:00:00+08:00,1673107200,8.1,7.62,9.62,447.8,38.6,2.76,0.025,0.041,2.15,,,Ⅱ
2023-01-08T04:00:00+08:00,1673121600,7.6,7.59,9.61,450.1,38.7,2.36,0.025,0.042,2.11,,,Ⅱ
2023-01-08T08:00:00+08:00,1673136000,7.4,7.58,9.64,450.3,42.4,2.51,0.025,0.042,2.17,,,Ⅱ
2023-01-08T12:00:00+08:00,1673150400,9.4,7.62,8.99,446.8,35.3,2.69,0.025,0.039,2.15,,,Ⅱ
2023-01-08T16:00:00+08:00,1673164800,10.4,7.6,8.55,448.4,59.2,3.13,0.025,0.051,2.41,,,Ⅱ
2023-01-08T20:00:00+08:00,1673179200,9.0,7.63,9.18,448.4,32.4,2.61,0.025,0.041,2.27,,,Ⅱ
2023-01-09T00:00:00+08:00,1673193600,8.5,7.59,9.22,450.6,31.4,2.66,0.025,0.04,2.33,,,Ⅱ
2023-01-09T04:00:00+08:00,1673208000,8.4,7.55,9.1,449.6,28.6,2.64,0.025,0.039,2.09,,,Ⅱ
2023-01-09T08:00:00+08:00,1673222400,8.0,7.56,9.19,448.8,27.1,2.7,0.025,0.042,2.26,,,Ⅱ
2023-01-09T12:00:00+08:00,1673236800,9.0,7.62,8.97,448.2,30.7,2.73,0.025,0.037,2.19,,,Ⅱ
2023-01-09T16:00:00+08:00,1673251200,9.9,7.65,9.17,450.7,50.9,2.79,0.025,0.037,2.05,,,Ⅱ
2023-01-09T20:00:00+08:00,1673265600,9.0,7.65,9.64,448.3,52.8,2.99,0.025,0.057,2.29,,,Ⅱ
2023-01-10T00:00:00+08:00,1673280000,8.8,7.61,9.44,448.8,58.7,3.11,0.025,0.053,2.48,,,Ⅱ
2023-01-10T04:00:00+08:00,1673294400,8.6,7.58,9.35,450.4,61.3,3.36,0.025,0.064,2.62,,,Ⅱ
2023-01-10T08:00:00+08:00,1673308800,8.5,7.55,9.16,450.4,60.7,3.17,0.025,0.06,2.5,,,Ⅱ
2023-01-10T12:00:00+08:00,1673323200,9.1,7.58,9.03,449.2,61.7,3.39,0.025,0.055,2.53,,,Ⅱ
2023-01-10T16:00:00+08:00,1673337600,10.0,7.65,9.32,452.4,62.7,3.26,0.025,0.052,2.6,,,Ⅱ
2023-01-10T20:00:00+08:00,1673352000,9.1,7.59,9.24,449.7,55.1,2.92,0.025,0.053,2.32,,,Ⅱ
2023-01-11T00:00:00+08:00,1673366400,8.6,7.53,8.96,450.9,52.0,2.95,0.025,0.057,2.29,,,Ⅱ
2023-01-11T04:00:00+08:00,1673380800,8.5,7.51,8.7,453.0,53.6,3.07,0.025,0.054,2.39,,,Ⅱ
2023-01-11T08:00:00+08:00,1673395200,8.5,7.5,8.68,451.8,46.7,2.72,0.025,0.051,2.48,,,Ⅱ
2023-01-11T12:00:00+08:00,1673409600,16.8,7.62,9.02,4.4,154.1,,0.025,,1.19,,,
2023-01-11T16:00:00+08:00,1673424000,11.1,7.64,8.73,449.0,116.5,3.39,0.025,0.059,2.9,,,Ⅱ
2023-01-11T20:00:00+08:00,1673438400,10.2,7.62,8.83,450.2,74.8,2.81,0.025,0.044,2.22,,,Ⅱ
2023-01-12T00:00:00+08:00,1673452800,9.8,7.61,9.04,452.4,56.3,2.83,0.025,0.046,2.1,,,Ⅱ
2023-01-12T04:00:00+08:00,1673467200,9.5,7.59,8.9,450.2,55.9,2.79,0.025,0.042,2.11,,,Ⅱ
2023-01-12T08:00:00+08:00,1673481600,9.4,7.57,8.81,450.2,48.3,2.57,0.025,0.043,2.32,,,Ⅱ
2023-01-12T12:00:00+08:00,1673496000,11.7,7.62,8.41,448.4,60.8,2.8,0.025,0.04,2.03,,,Ⅱ
2023-01-12T16:00:00+08:00,1673510400,21.6,7.58,7.8,5.0,299.5,,0.025,,0.49,,,
2023-01-12T20:00:00+08:00,1673524800,12.5,7.63,7.97,443.0,71.8,2.76,0.025,0.04,2.26,,,Ⅱ
2023-01-13T00:00:00+08:00,1673539200,12.2,7.62,8.2,445.3,61.0,2.55,0.025,0.038,2.01,,,Ⅱ
2023-01-13T04:00:00+08:00,1673553600,12.0,7.58,8.2,443.1,56.6,2.57,0.025,0.035,2.0,,,Ⅱ
2023-01-13T08:00:00+08:00,1673568000,12.2,7.59,8.19,438.8,55.4,2.42,0.025,0.038,2.02,,,Ⅱ
2023-01-13T12:00:00+08:00,1673582400,12.8,7.63,8.42,434.8,55.6,2.54,0.025,0.035,1.96,,,Ⅱ
2023-01-13T16:00:00+08:00,1673596800,12.8,7.69,9.69,433.6,39.3,2.6,0.025,0.037,1.9,,,Ⅱ
2023-01-13T20:00:00+08:00,1673611200,12.9,7.68,9.66,431.3,39.0,2.47,0.025,0.033,1.87,,,Ⅱ
2023-01-14T00:00:00+08:00,1673625600,13.0,7.69,9.84,433.0,41.0,2.47,0.025,0.036,1.82,,,Ⅱ
2023-01-14T04:00:00+08:00,1673640000,12.8,7.64,9.51,433.6,48.0,2.66,0.025,0.036,1.9,,,Ⅱ
2023-01-14T08:00:00+08:00,1673654400,12.4,7.58,9.08,435.8,71.7,2.91,0.025,0.048,2.2,,,Ⅱ
2023-01-14T12:00:00+08:00,1673668800,12.0,7.54,9.01,435.8,84.1,3.25,0.025,0.054,2.34,,,Ⅱ
2023-01-14T16:00:00+08:00,1673683200,11.4,7.59,9.57,429.0,138.3,4.26,0.025,0.085,2.96,,,Ⅲ
2023-01-14T20:00:00+08:00,1673697600,10.5,7.64,10.27,428.7,188.0,5.04,0.025,0.107,3.49,,,Ⅲ
2023-01-15T00:00:00+08:00,1673712000,9.7,7.66,10.56,429.8,190.8,4.92,0.025,0.116,3.86,,,Ⅲ
2023-01-15T04:00:00+08:00,1673726400,8.6,7.74,11.12,425.0,245.9,5.8,0.025,0.165,4.87,,,Ⅲ
2023-01-15T08:00:00+08:00,1673740800,8.2,7.76,11.34,424.3,238.4,5.42,0.025,0.168,4.9,,,Ⅲ
2023-01-15T12:00:00+08:00,1673755200,7.3,7.77,11.71,424.5,246.3,5.5,0.025,0.168,4.94,,,Ⅲ
2023-01-15T16:00:00+08:00,1673769600,6.5,7.8,11.95,428.2,254.4,5.28,0.025,0.162,5.24,,,Ⅲ
2023-01-15T20:00:00+08:00,1673784000,6.0,7.81,12.07,424.5,232.6,5.08,0.025,0.159,5.18,,,Ⅲ
2023-01-16T00:00:00+08:00,1673798400,5.3,7.82,12.31,424.0,243.7,4.96,0.025,0.155,5.28,,,Ⅲ
2023-01-16T08:00:00+08:00,1673827200,4.2,7.82,12.54,426.7,225.6,4.9,0.025,0.146,5.09,,,Ⅲ
2023-01-16T12:00:00+08:00,1673841600,4.9,7.83,12.22,428.5,212.5,4.55,0.025,0.125,4.63,,,Ⅲ
2023-01-16T16:00:00+08:00,1673856000,5.3,7.85,12.5,425.4,199.6,4.66,0.025,0.131,4.72,,,Ⅲ
2023-01-16T20:00:00+08:00,1673870400,4.4,7.84,12.66,427.3,192.3,4.18,0.025,0.123,4.63,,,Ⅲ
2023-01-17T00:00:00+08:00,1673884800,4.0,7.85,12.77,428.6,190.7,4.1,0.025,0.11,4.54,,,Ⅲ
2023-01-17T04:00:00+08:00,1673899200,3.8,7.82,12.66,432.0,181.6,3.85,0.025,0.107,4.36,,,Ⅲ
2023-01-17T08:00:00+08:00,1673913600,3.7,7.83,12.66,432.6,181.1,3.78,0.025,0.104,4.34,,,Ⅲ
2023-01-17T12:00:00+08:00,1673928000,4.9,7.84,11.99,428.7,159.1,3.73,0.025,0.093,3.85,,,Ⅱ
2023-01-17T16:00:00+08:00,1673942400,5.3,7.87,12.1,423.9,147.2,,,,,,,
2023-01-17T20:00:00+08:00,1673956800,4.8,7.84,12.24,430.0,139.4,3.43,0.025,0.077,3.52,,,Ⅱ
2023-01-18T00:00:00+08:00,1673971200,4.4,7.82,12.36,428.1,129.5,3.21,0.025,0.074,3.41,,,Ⅱ
2023-01-18T04:00:00+08:00,1673985600,4.0,7.82,12.44,431.5,137.0,3.05,0.025,0.078,3.39,,,Ⅱ
2023-01-18T08:00:00+08:00,1674000000,4.1,7.8,12.38,431.0,132.4,3.37,0.025,0.08,3.42,,,Ⅱ
2023-01-18T12:00:00+08:00,1674014400,5.2,7.83,11.71,431.7,116.3,3.24,0.025,0.077,3.35,,,Ⅱ
2023-01-18T16:00:00+08:00,1674028800,6.0,7.87,12.08,429.1,111.1,3.14,0.025,0.073,3.15,,,Ⅱ
2023-01-18T20:00:00+08:00,1674043200,4.9,7.82,12.05,433.4,117.4,3.09,0.025,0.071,3.19,,,Ⅱ
2023-01-19T00:00:00+08:00,1674057600,4.2,7.82,12.34,432.6,108.7,2.99,0.025,0.068,3.07,,,Ⅱ
2023-01-19T04:00:00+08:00,1674072000,3.9,7.79,12.36,434.4,110.2,2.96,0.025,0.061,3.05,,,Ⅱ
2023-01-28T08:00:00+08:00,1674864000,2.5,7.9,14.21,442.3,164.3,3.3,0.191,0.085,4.04,,,Ⅲ
2023-01-28T12:00:00+08:00,1674878400,3.7,7.92,13.32,443.1,144.1,,0.155,,,,,
2023-01-28T16:00:00+08:00,1674892800,3.9,7.94,13.68,444.9,132.6,3.72,0.143,0.076,3.59,,,
2023-01-28T20:00:00+08:00,1674907200,3.6,7.93,13.65,444.5,123.0,3.18,0.139,0.067,3.3,,,Ⅱ
2023-01-29T04:00:00+08:00,1674936000,2.6,7.89,14.14,445.3,110.4,2.77,0.134,0.068,3.23,,,Ⅱ
2023-01-29T08:00:00+08:00,1674950400,2.2,7.91,14.22,446.7,104.1,2.91,0.121,0.069,3.08,,,Ⅱ
2023-01-29T12:00:00+08:00,1674964800,3.9,7.94,13.22,447.5,94.2,3.02,0.107,0.06,2.89,,,Ⅱ
2023-01-29T16:00:00+08:00,1674979200,4.5,7.94,12.71,442.7,79.8,2.73,0.103,0.057,2.72,,,Ⅱ
2023-01-29T20:00:00+08:00,1674993600,3.9,7.94,13.49,445.9,80.5,2.58,0.098,0.056,2.65,,,Ⅱ
2023-01-30T04:00:00+08:00,1675022400,3.3,7.92,13.71,445.4,73.2,2.69,0.098,0.054,2.39,,,Ⅱ
2023-01-30T08:00:00+08:00,1675036800,3.2,7.89,13.94,445.8,72.7,2.77,0.091,0.052,2.54,,,Ⅱ
2023-01-30T12:00:00+08:00,1675051200,4.5,7.94,12.65,443.0,58.1,2.59,0.088,0.047,2.15,,,Ⅱ
2023-01-30T16:00:00+08:00,1675065600,5.6,7.98,12.84,445.5,53.4,2.65,0.08,0.048,2.21,,,Ⅱ
2023-01-30T20:00:00+08:00,1675080000,5.0,7.95,13.12,443.7,56.3,2.47,0.075,0.045,2.16,,,Ⅱ
2023-01-31T04:00:00+08:00,1675108800,3.8,7.91,13.64,448.0,56.8,2.35,0.076,0.044,2.03,,,Ⅱ
2023-01-31T08:00:00+08:00,1675123200,3.7,7.9,13.77,448.6,55.3,2.47,0.072,0.043,2.26,,,Ⅱ
2023-01-31T16:00:00+08:00,1675152000,6.5,8.07,12.91,442.4,43.8,2.46,0.063,0.042,1.98,,,Ⅱ
2023-01-31T20:00:00+08:00,1675166400,5.4,7.96,13.05,448.4,43.7,2.18,0.062,0.039,1.88,,,Ⅱ
2023-02-01T04:00:00+08:00,1675195200,4.9,7.95,13.48,447.3,44.8,2.24,0.06,0.039,1.81,,,Ⅱ
2023-02-01T08:00:00+08:00,1675209600,4.7,7.94,13.62,446.0,42.6,2.13,0.054,0.04,1.74,,,Ⅱ
2023-02-02T10:42:00+08:00,1675305720,,,,,,,,,,,,
2023-02-02T14:43:00+08:00,1675320180,,,,,,,,,,,,
2023-02-02T16:00:00+08:00,1675324800,6.0,7.87,12.4,387.5,110.2,3.43,0.114,0.084,3.0,,,Ⅱ
2023-02-02T20:00:00+08:00,1675339200,5.6,7.83,12.58,389.6,102.2,3.21,0.114,0.068,2.95,,,Ⅱ
2023-02-03T04:00:00+08:00,1675368000,5.2,7.83,12.54,393.0,91.3,2.96,0.105,0.06,2.99,,,Ⅱ
2023-02-03T08:00:00+08:00,1675382400,5.2,7.83,12.41,393.8,77.5,2.87,0.093,0.057,2.73,,,Ⅱ
2023-02-03T12:00:00+08:00,1675396800,5.8,7.88,12.45,390.5,78.7,2.8,0.081,0.055,2.53,,,Ⅱ
2023-02-03T16:00:00+08:00,1675411200,6.5,7.92,12.38,389.5,74.7,2.8,0.075,0.053,2.46,,,Ⅱ
2023-02-03T20:00:00+08:00,1675425600,6.1,7.91,12.49,390.1,64.1,2.94,0.074,0.051,2.37,,,Ⅱ
2023-02-04T04:00:00+08:00,1675454400,5.6,7.83,12.42,391.0,61.3,2.59,0.07,0.048,2.36,,,Ⅱ
2023-02-04T08:00:00+08:00,1675468800,5.4,7.83,12.38,391.8,62.4,2.62,0.067,0.05,2.35,,,Ⅱ
2023-02-04T12:00:00+08:00,1675483200,9.9,8.2,12.23,0.3,199.4,,0.025,0.005,0.36,,,
2023-02-04T16:00:00+08:00,1675497600,6.8,7.95,12.22,390.5,60.1,2.81,0.07,0.045,2.67,,,Ⅱ
2023-02-04T20:00:00+08:00,1675512000,6.4,7.94,12.51,390.6,57.9,2.58,0.06,0.044,2.14,,,Ⅱ
2023-02-05T04:00:00+08:00,1675540800,6.0,7.89,12.58,390.5,50.3,2.44,0.055,0.044,2.09,,,Ⅱ
2023-02-05T08:00:00+08:00,1675555200,6.0,7.89,12.46,390.7,51.6,2.51,0.054,0.044,2.03,,,Ⅱ
2023-02-05T12:00:00+08:00,1675569600,6.3,7.92,12.56,389.9,52.3,2.63,0.053,0.047,1.99,,,Ⅱ
2023-02-05T16:00:00+08:00,1675584000,6.7,7.97,12.67,391.0,52.7,2.62,0.05,0.045,1.94,,,Ⅱ
2023-02-05T20:00:00+08:00,1675598400,6.7,7.96,12.6,391.3,48.0,2.54,0.045,0.044,1.93,,,Ⅱ
2023-02-06T04:00:00+08:00,1675627200,6.8,7.91,12.28,390.2,43.4,2.44,0.04,0.043,1.94,,,Ⅱ
2023-02-06T08:00:00+08:00,1675641600,6.8,7.88,12.05,390.2,44.9,2.35,0.042,0.04,1.88,,,Ⅱ
2023-02-06T12:00:00+08:00,1675656000,7.1,7.96,12.38,388.9,42.2,2.46,0.04,0.042,1.77,,,Ⅱ
2023-02-06T16:00:00+08:00,1675670400,7.2,7.95,12.15,388.7,42.3,2.55,0.04,0.039,1.72,,,Ⅱ
2023-02-06T20:00:00+08:00,1675684800,7.3,8.0,12.58,387.4,40.7,2.35,0.038,0.039,1.7,,,Ⅱ
2023-02-07T04:00:00+08:00,1675713600,7.3,7.94,12.21,387.4,35.9,2.2,0.036,0.037,1.64,,,Ⅱ
2023-02-07T08:00:00+08:00,1675728000,7.3,7.88,11.96,388.2,36.7,2.29,0.035,0.039,1.65,,,Ⅱ
2023-02-07T12:00:00+08:00,1675742400,7.7,8.02,12.53,386.5,35.8,2.69,0.033,0.041,1.67,,,Ⅱ
2023-02-07T16:00:00+08:00,1675756800,8.2,8.04,12.43,384.9,37.2,2.29,0.034,0.037,1.67,,,Ⅱ
2023-02-07T20:00:00+08:00,1675771200,7.9,7.98,12.18,386.8,32.4,2.24,0.033,0.036,1.56,,,Ⅱ
2023-02-08T04:00:00+08:00,1675800000,7.7,7.92,12.03,387.6,36.6,2.3,0.04,0.038,1.64,,,Ⅱ
2023-02-08T08:00:00+08:00,1675814400,7.5,7.88,11.82,388.1,43.2,2.46,0.046,0.042,1.75,,,Ⅱ
2023-02-08T12:00:00+08:00,1675828800,7.6,7.92,11.93,387.9,48.4,2.55,0.049,0.045,1.82,,,Ⅱ
2023-02-08T16:00:00+08:00,1675843200,7.8,7.96,12.1,386.4,51.7,2.87,0.052,0.048,1.93,,,Ⅱ
2023-02-08T20:00:00+08:00,1675857600,7.9,7.92,11.6,456.8,51.3,2.73,0.049,0.046,1.84,,,Ⅱ
2023-02-09T04:00:00+08:00,1675886400,7.6,7.87,11.73,458.1,49.7,2.69,0.05,0.044,1.87,,,Ⅱ
2023-02-09T12:00:00+08:00,1675915200,7.8,7.88,11.77,454.8,56.5,2.8,0.055,0.045,1.81,,,Ⅱ
2023-02-09T16:00:00+08:00,1675929600,8.0,7.89,11.72,453.4,54.7,2.72,0.055,0.042,1.87,,,Ⅱ
2023-02-09T20:00:00+08:00,1675944000,8.0,7.89,11.68,452.3,52.0,2.73,0.054,0.041,1.89,,,Ⅱ
2023-02-10T04:00:00+08:00,1675972800,7.9,7.82,11.27,453.3,57.0,2.4,0.059,0.041,1.9,,,Ⅱ
2023-02-10T08:00:00+08:00,1675987200,7.8,7.81,11.34,454.2,63.0,2.78,0.064,0.045,1.95,,,Ⅱ
2023-02-10T12:00:00+08:00,1676001600,7.9,7.82,11.4,453.5,67.7,2.83,0.068,0.052,2.04,,,Ⅱ
2023-02-10T16:00:00+08:00,1676016000,7.9,7.83,11.52,453.1,79.2,2.87,0.077,0.051,2.15,,,Ⅱ
2023-02-10T20:00:00+08:00,1676030400,7.9,7.83,11.53,453.0,71.0,2.96,0.073,0.053,2.06,,,Ⅱ
2023-02-11T04:00:00+08:00,1676059200,7.7,7.82,11.34,452.4,83.5,2.8,0.079,0.054,2.08,,,Ⅱ
2023-02-11T08:00:00+08:00,1676073600,7.7,7.8,11.26,452.5,69.4,2.92,0.075,0.054,2.04,,,Ⅱ
2023-02-11T12:00:00+08:00,1676088000,8.0,7.82,11.27,451.4,67.3,2.9,0.071,0.047,2.12,,,Ⅱ
2023-02-11T16:00:00+08:00,1676102400,8.2,7.83,11.22,451.4,70.5,2.65,0.073,0.044,2.15,,,Ⅱ
2023-02-11T20:00:00+08:00,1676116800,8.2,7.82,11.15,451.4,71.9,3.24,0.078,0.064,2.26,,,Ⅱ
2023-02-12T04:00:00+08:00,1676145600,8.3,7.78,10.97,450.0,69.6,2.83,0.076,0.052,2.13,,,Ⅱ
2023-02-12T08:00:00+08:00,1676160000,8.5,7.76,10.84,437.8,80.2,4.36,0.084,0.107,2.35,,,Ⅲ
2023-02-12T12:00:00+08:00,1676174400,8.5,7.77,10.7,443.2,63.6,2.88,0.072,0.05,2.05,,,Ⅱ
2023-02-12T16:00:00+08:00,1676188800,9.0,7.82,11.08,439.9,59.6,2.81,0.079,0.056,2.1,,,Ⅱ
2023-02-12T20:00:00+08:00,1676203200,8.7,7.8,11.04,442.5,63.2,2.66,0.071,0.05,2.04,,,Ⅱ
2023-02-13T04:00:00+08:00,1676232000,8.5,7.73,10.69,440.4,72.0,2.84,0.083,0.053,2.1,,,Ⅱ
2023-02-13T08:00:00+08:00,1676246400,8.5,7.73,10.88,440.3,95.6,3.36,0.098,0.073,2.33,,,Ⅱ
2023-02-13T12:00:00+08:00,1676260800,8.4,7.76,11.1,440.2,116.3,3.55,0.113,0.082,2.67,,,Ⅱ
2023-02-13T20:00:00+08:00,1676289600,7.8,7.79,11.39,439.9,129.2,4.08,0.133,0.093,3.01,,,Ⅲ
2023-02-14T04:00:00+08:00,1676318400,7.0,7.82,11.72,441.6,138.3,3.9,0.151,0.096,3.3,,,Ⅱ
2023-02-14T08:00:00+08:00,1676332800,6.7,7.82,11.79,444.6,149.3,3.92,0.151,0.096,3.33,,,Ⅱ
2023-02-14T12:00:00+08:00,1676347200,7.4,7.88,11.96,440.0,128.8,3.88,0.138,0.09,3.2,,,Ⅱ
2023-02-14T16:00:00+08:00,1676361600,7.8,7.94,12.18,438.8,138.0,3.94,0.134,0.089,3.19,,,Ⅱ
2023-02-14T20:00:00+08:00,1676376000,7.0,7.89,12.04,441.6,139.9,3.7,0.145,0.091,3.29,,,Ⅱ
2023-02-15T04:00:00+08:00,1676404800,6.3,7.88,12.06,440.2,142.7,3.87,0.154,0.1,3.49,,,Ⅱ
2023-02-15T08:00:00+08:00,1676419200,6.0,7.89,12.28,438.7,132.7,4.01,0.15,0.1,3.44,,,Ⅲ
2023-02-15T12:00:00+08:00,1676433600,7.2,7.9,11.64,441.8,119.3,3.7,0.136,0.08,3.24,,,Ⅲ
2023-02-15T16:00:00+08:00,1676448000,7.8,7.95,11.85,437.6,137.3,3.9,0.141,0.085,3.29,,,Ⅱ
2023-02-15T20:00:00+08:00,1676462400,7.3,7.92,12.14,439.6,120.8,3.72,0.14,0.075,3.28,,,Ⅱ
2023-02-16T04:00:00+08:00,1676491200,6.3,7.88,12.12,437.8,130.8,3.6,0.153,0.08,3.46,,,Ⅱ
2023-02-16T08:00:00+08:00,1676505600,6.1,7.87,12.22,436.9,123.7,3.64,0.146,0.079,3.29,,,Ⅱ
2023-02-16T12:00:00+08:00,1676520000,8.2,7.9,11.69,436.3,104.5,3.43,0.12,0.069,3.19,,,Ⅱ
2023-02-16T16:00:00+08:00,1676534400,8.3,7.94,11.62,436.3,109.6,3.55,0.125,0.069,3.16,,,Ⅱ
2023-02-16T20:00:00+08:00,1676548800,7.9,7.92,11.89,437.0,102.9,3.22,0.125,0.072,3.0,,,Ⅱ
2023-02-17T04:00:00+08:00,1676577600,7.4,7.84,11.86,439.3,96.4,3.0,0.12,0.064,2.96,,,Ⅱ
2023-02-17T08:00:00+08:00,1676592000,7.3,7.82,11.74,439.9,92.4,3.05,0.118,0.065,2.96,,,Ⅱ
2023-02-17T12:00:00+08:00,1676606400,8.1,7.83,11.61,437.2,88.8,3.02,0.108,0.058,3.02,,,Ⅱ
2023-02-17T16:00:00+08:00,1676620800,8.8,8.02,11.9,434.0,75.5,3.6,0.101,0.07,2.89,,,Ⅱ
2023-02-17T20:00:00+08:00,1676635200,8.5,7.9,11.44,434.9,74.2,2.88,0.104,0.056,2.8,,,Ⅱ
2023-02-18T04:00:00+08:00,1676664000,8.5,7.83,11.29,434.7,64.1,2.81,0.1,0.053,2.67,,,Ⅱ
2023-02-18T08:00:00+08:00,1676678400,8.5,7.81,11.07,434.6,66.4,2.69,0.099,0.052,2.76,,,Ⅱ
2023-02-18T12:00:00+08:00,1676692800,9.8,7.83,10.45,433.2,55.1,2.63,0.083,0.043,2.64,,,Ⅱ
2023-02-18T16:00:00+08:00,1676707200,10.9,8.02,11.17,430.4,48.2,2.7,0.078,0.046,2.65,,,Ⅱ
2023-02-18T20:00:00+08:00,1676721600,10.2,7.92,11.15,432.3,74.2,3.47,0.1,0.068,2.88,,,Ⅱ
2023-02-19T04:00:00+08:00,1676750400,9.5,7.77,10.61,433.2,80.2,2.98,0.115,0.055,3.14,,,Ⅱ
2023-02-19T08:00:00+08:00,1676764800,9.5,7.75,10.5,432.9,81.3,3.03,0.116,0.057,3.15,,,Ⅱ
2023-02-19T12:00:00+08:00,1676779200,9.8,7.8,10.75,433.3,99.9,3.57,0.126,0.065,3.34,,,Ⅱ
2023-02-19T16:00:00+08:00,1676793600,10.4,7.86,10.98,429.7,96.8,3.51,0.125,0.068,3.38,,,Ⅱ
2023-02-19T20:00:00+08:00,1676808000,9.8,7.82,10.88,433.3,95.4,3.4,0.133,0.07,3.36,,,Ⅱ
2023-02-20T04:00:00+08:00,1676836800,9.0,7.77,10.68,429.9,95.4,3.16,0.143,0.065,3.46,,,Ⅱ
2023-02-20T08:00:00+08:00,1676851200,8.7,7.74,10.76,430.6,89.1,3.11,0.138,0.064,3.48,,,Ⅱ
2023-02-20T12:00:00+08:00,1676865600,10.6,7.83,10.35,428.1,74.4,3.11,0.103,0.052,3.22,,,Ⅱ
2023-02-20T16:00:00+08:00,1676880000,10.8,7.83,10.1,426.4,64.1,3.13,0.105,0.049,3.16,,,Ⅱ
2023-02-20T20:00:00+08:00,1676894400,10.7,8.05,11.28,426.0,64.7,3.02,0.097,0.055,3.16,,,Ⅱ
2023-02-21T00:00:00+08:00,1676908800,9.6,7.82,10.95,432.4,87.0,3.77,0.128,0.067,3.4,,,Ⅱ
2023-02-21T04:00:00+08:00,1676923200,8.9,7.8,10.81,428.3,112.4,3.84,0.15,0.081,3.71,,,Ⅱ
2023-02-21T08:00:00+08:00,1676937600,8.5,7.79,10.82,428.1,119.9,4.1,0.156,0.091,3.94,,,Ⅲ
2023-02-21T12:00:00+08:00,1676952000,9.3,7.82,10.77,425.3,109.3,4.08,0.134,0.081,3.84,,,Ⅲ
2023-02-21T16:00:00+08:00,1676966400,10.1,7.89,11.11,426.0,105.0,,,,,,,
2023-02-21T20:00:00+08:00,1676980800,9.3,7.88,11.16,426.4,105.9,4.46,0.141,0.087,4.21,,,Ⅲ
2023-02-22T00:00:00+08:00,1676995200,8.6,7.82,11.01,425.1,104.1,4.14,0.143,0.089,4.13,,,Ⅲ
2023-02-22T04:00:00+08:00,1677009600,8.5,7.8,10.84,425.6,104.9,3.73,0.141,0.084,4.1,,,Ⅱ
2023-02-22T08:00:00+08:00,1677024000,8.5,7.8,10.74,425.7,96.3,3.81,0.132,0.081,4.03,,,Ⅱ
2023-02-22T12:00:00+08:00,1677038400,8.6,7.81,10.87,425.6,92.8,3.61,0.124,0.069,3.96,,,Ⅱ
2023-02-22T16:00:00+08:00,1677052800,8.6,7.83,10.83,425.3,94.9,,0.125,0.071,3.93,,,
2023-02-22T20:00:00+08:00,1677067200,8.5,7.89,11.1,424.7,89.3,3.77,0.116,0.083,3.88,,,Ⅱ
2023-02-23T00:00:00+08:00,1677081600,8.5,7.83,10.78,424.8,84.1,3.62,0.114,0.075,3.82,,,Ⅱ
2023-02-23T04:00:00+08:00,1677096000,8.5,7.82,10.55,425.4,81.0,3.35,0.113,0.068,3.63,,,Ⅱ
2023-02-23T08:00:00+08:00,1677110400,8.5,7.81,10.49,425.8,79.5,3.33,0.113,0.068,3.64,,,Ⅱ
2023-02-23T12:00:00+08:00,1677124800,8.5,7.82,10.53,425.6,84.9,3.91,0.115,0.08,3.8,,,Ⅱ
2023-02-23T16:00:00+08:00,1677139200,8.4,7.82,10.61,425.6,85.2,3.66,0.117,0.082,3.85,,,Ⅱ
2023-02-23T20:00:00+08:00,1677153600,8.3,7.82,10.54,426.0,81.8,3.88,0.118,0.079,3.85,,,Ⅱ
2023-02-24T00:00:00+08:00,1677168000,8.1,7.82,10.49,425.5,79.8,3.76,0.118,0.088,3.91,,,Ⅱ
2023-02-24T04:00:00+08:00,1677182400,7.9,7.8,10.42,424.7,77.2,,0.04,0.005,0.39,,,
2023-02-24T08:00:00+08:00,1677196800,7.7,7.82,10.56,424.1,90.4,,0.104,0.005,1.01,,,
2023-02-24T12:00:00+08:00,1677211200,8.0,7.86,10.9,424.6,84.2,,0.113,,0.77,,,
2023-02-24T16:00:00+08:00,1677225600,8.5,7.98,11.32,423.5,76.2,,0.025,0.005,0.39,,,
2023-02-24T20:00:00+08:00,1677240000,8.5,8.0,11.3,424.2,74.8,,0.025,0.005,0.57,,,
2023-02-25T00:00:00+08:00,1677254400,8.1,7.89,11.03,425.1,72.1,,0.074,,0.63,,,
2023-02-25T04:00:00+08:00,1677268800,7.8,7.88,10.92,424.9,81.5,,0.025,0.005,0.11,,,
2023-02-25T08:00:00+08:00,1677283200,7.7,7.87,10.96,424.6,94.2,,0.07,0.005,0.46,,,
2023-02-25T12:00:00+08:00,1677297600,8.5,7.96,11.19,424.8,85.8,,0.025,0.005,0.52,,,
2023-02-25T16:00:00+08:00,1677312000,9.0,8.18,12.31,423.2,83.9,,0.117,,,,,
2023-02-25T20:00:00+08:00,1677326400,8.4,8.03,11.9,425.1,98.9,4.0,0.113,0.07,4.01,,,Ⅲ
2023-02-26T00:00:00+08:00,1677340800,7.6,7.97,12.0,425.3,132.0,5.13,0.135,0.115,4.6,,,Ⅲ
2023-02-26T04:00:00+08:00,1677355200,7.0,7.93,11.86,426.4,124.4,4.64,0.135,0.107,4.65,,,Ⅲ
2023-02-26T08:00:00+08:00,1677369600,6.7,7.89,11.75,428.8,117.5,4.11,0.119,0.084,4.43,,,Ⅲ
2023-02-26T12:00:00+08:00,1677384000,8.5,8.06,11.89,425.0,94.9,4.06,0.097,0.079,4.05,,,Ⅲ
2023-02-26T16:00:00+08:00,1677398400,9.5,8.36,13.04,424.4,88.9,4.37,0.085,0.075,3.97,,,Ⅲ
2023-02-26T20:00:00+08:00,1677412800,8.5,8.18,12.69,425.2,86.5,3.95,0.085,0.074,3.86,,,Ⅱ
2023-02-27T00:00:00+08:00,1677427200,8.1,8.07,12.37,427.0,85.7,4.48,0.084,0.086,4.03,,,Ⅲ
2023-02-27T04:00:00+08:00,1677441600,7.5,7.95,11.96,427.3,82.2,3.59,0.09,0.064,3.91,,,Ⅱ
2023-02-27T08:00:00+08:00,1677456000,7.3,7.94,11.78,427.7,73.6,3.55,0.083,0.063,3.86,,,Ⅱ
2023-02-27T16:00:00+08:00,1677484800,10.2,8.38,12.7,425.8,67.6,4.3,0.065,0.073,3.66,,,Ⅲ
2023-02-27T20:00:00+08:00,1677499200,8.8,8.19,12.35,426.2,65.8,3.76,0.066,0.062,3.54,,,Ⅱ
2023-02-28T04:00:00+08:00,1677528000,8.2,7.96,11.7,428.9,65.4,3.31,0.067,0.061,3.61,,,Ⅱ
2023-02-28T12:00:00+08:00,1677556800,10.5,8.18,11.86,425.8,51.5,3.21,0.051,0.046,3.39,,,Ⅱ
2023-02-28T16:00:00+08:00,1677571200,10.1,8.23,11.37,428.4,46.6,3.25,0.048,0.043,3.3,,,Ⅱ
2023-02-28T20:00:00+08:00,1677585600,9.9,8.32,12.36,429.3,47.7,3.16,0.043,0.045,3.28,,,Ⅱ
2023-03-01T04:00:00+08:00,1677614400,9.7,8.12,11.62,429.1,44.3,2.78,0.042,0.041,3.01,,,Ⅱ
2023-03-01T08:00:00+08:00,1677628800,9.7,8.08,11.44,426.9,43.4,2.97,0.043,0.042,3.12,,,Ⅱ
2023-03-01T16:00:00+08:00,1677657600,10.6,8.51,13.28,425.6,30.9,3.27,0.046,0.044,3.22,,,Ⅱ
2023-03-01T20:00:00+08:00,1677672000,10.9,8.69,14.15,422.4,40.1,3.33,0.037,0.045,3.08,,,Ⅱ
2023-03-02T04:00:00+08:00,1677700800,9.4,8.13,11.71,430.8,49.1,3.17,0.052,0.045,3.13,,,Ⅲ
2023-03-02T08:00:00+08:00,1677715200,9.2,8.05,11.52,430.2,56.4,3.63,0.059,0.057,3.32,,,Ⅱ
2023-03-02T12:00:00+08:00,1677729600,11.1,8.45,12.43,425.3,43.4,3.79,0.042,0.048,3.17,,,Ⅱ
2023-03-02T16:00:00+08:00,1677744000,11.6,8.5,12.32,425.8,41.3,3.27,0.042,0.04,3.0,,,Ⅱ
2023-03-02T20:00:00+08:00,1677758400,10.8,8.39,12.5,426.2,39.7,2.96,0.04,0.037,2.93,,,Ⅱ
2023-03-03T04:00:00+08:00,1677787200,9.6,8.3,12.31,432.7,39.8,3.04,0.039,0.042,2.9,,,Ⅱ
2023-03-03T08:00:00+08:00,1677801600,9.4,8.28,12.34,432.1,37.1,3.37,0.037,0.046,3.04,,,Ⅱ
2023-03-03T12:00:00+08:00,1677816000,11.4,8.51,12.28,427.8,39.2,3.91,0.037,0.047,2.96,,,Ⅱ
2023-03-03T16:00:00+08:00,1677830400,12.0,8.65,12.71,423.8,34.5,3.78,0.037,0.044,2.95,,,Ⅱ
2023-03-03T20:00:00+08:00,1677844800,11.3,8.53,12.6,428.5,33.7,3.17,0.037,0.039,2.87,,,Ⅱ
2023-03-04T04:00:00+08:00,1677873600,9.9,8.19,11.5,431.5,31.4,2.84,0.038,0.037,2.72,,,Ⅱ
2023-03-04T08:00:00+08:00,1677888000,9.8,8.13,11.43,434.3,33.2,3.09,0.04,0.041,2.84,,,Ⅱ
2023-03-04T12:00:00+08:00,1677902400,11.9,8.38,11.41,425.8,28.0,3.49,0.036,0.038,2.73,,,Ⅱ
2023-03-04T16:00:00+08:00,1677916800,13.2,8.68,12.06,426.4,24.5,3.57,0.03,0.036,2.7,,,Ⅱ
2023-03-04T20:00:00+08:00,1677931200,12.6,8.55,11.83,426.6,24.2,3.19,0.032,0.029,2.65,,,Ⅱ
2023-03-05T04:00:00+08:00,1677960000,11.0,8.31,11.64,431.1,27.0,2.74,0.033,0.033,2.66,,,Ⅱ
2023-03-05T08:00:00+08:00,1677974400,10.8,8.26,11.57,430.6,25.8,2.97,0.032,0.034,2.66,,,Ⅱ
2023-03-05T12:00:00+08:00,1677988800,12.8,8.36,11.33,429.2,22.4,2.97,0.031,0.029,2.66,,,Ⅱ
2023-03-05T16:00:00+08:00,1678003200,14.3,8.59,11.38,429.2,17.2,3.08,0.027,0.028,2.47,,,Ⅱ
2023-03-05T20:00:00+08:00,1678017600,13.2,8.55,11.62,429.8,18.2,2.82,0.027,0.027,2.54,,,Ⅱ
2023-03-06T04:00:00+08:00,1678046400,12.2,8.29,10.94,429.3,24.0,2.64,0.03,0.03,2.56,,,Ⅱ
2023-03-06T08:00:00+08:00,1678060800,11.8,8.26,11.2,429.3,21.5,2.9,0.028,0.031,2.49,,,Ⅱ
2023-03-06T12:00:00+08:00,1678075200,13.9,8.35,10.48,430.3,15.2,2.74,0.027,0.019,2.49,,,Ⅱ
2023-03-06T16:00:00+08:00,1678089600,15.3,8.38,9.98,429.4,13.4,2.96,0.027,0.022,2.43,,,Ⅱ
2023-03-06T20:00:00+08:00,1678104000,14.7,8.37,10.11,431.0,12.9,2.8,0.026,0.022,2.44,,,Ⅱ
2023-03-07T04:00:00+08:00,1678132800,13.1,8.15,9.98,434.2,17.1,2.77,0.029,0.024,2.5,,,Ⅱ
2023-03-07T08:00:00+08:00,1678147200,12.8,8.09,10.01,434.0,17.8,2.65,0.029,0.024,2.24,,,Ⅱ
2023-03-07T12:00:00+08:00,1678161600,15.0,8.17,9.26,432.0,14.0,2.76,0.028,0.021,2.24,,,Ⅱ
2023-03-07T20:00:00+08:00,1678190400,15.4,8.15,9.28,432.9,13.4,2.62,0.029,0.02,2.35,,,Ⅱ
2023-03-08T04:00:00+08:00,1678219200,14.2,7.98,8.93,435.3,20.2,2.58,0.033,0.022,2.42,,,Ⅱ
2023-03-08T08:00:00+08:00,1678233600,13.9,7.88,8.65,436.2,20.2,2.72,0.036,0.022,2.3,,,Ⅱ
2023-03-08T12:00:00+08:00,1678248000,14.6,7.98,8.74,434.9,15.8,2.76,0.031,0.02,2.68,,,Ⅱ
2023-03-08T16:00:00+08:00,1678262400,15.2,8.04,8.55,434.7,14.6,2.53,0.031,0.019,2.31,,,Ⅱ
2023-03-08T20:00:00+08:00,1678276800,15.0,7.98,8.44,435.6,14.9,2.52,0.032,0.019,2.39,,,Ⅱ
2023-03-09T04:00:00+08:00,1678305600,14.4,7.88,8.08,436.6,15.9,2.39,0.036,0.02,2.26,,,Ⅱ
2023-03-09T08:00:00+08:00,1678320000,14.3,7.82,8.01,437.3,17.0,2.74,0.034,0.021,2.2,,,Ⅱ
2023-03-09T12:00:00+08:00,1678334400,16.7,7.94,7.98,435.7,13.4,2.56,0.03,0.018,2.32,,,Ⅱ
2023-03-09T16:00:00+08:00,1678348800,17.4,8.02,7.46,438.6,13.9,2.58,0.032,0.018,2.17,,,Ⅱ
2023-03-09T20:00:00+08:00,1678363200,16.8,7.92,7.63,437.5,13.5,2.5,0.033,0.019,2.16,,,Ⅱ
2023-03-10T04:00:00+08:00,1678392000,15.9,7.78,7.46,438.0,17.7,2.32,0.038,0.02,2.19,,,Ⅱ
2023-03-10T08:00:00+08:00,1678406400,15.5,7.76,7.44,438.8,15.8,2.39,0.036,0.021,2.02,,,Ⅱ
2023-03-10T12:00:00+08:00,1678420800,17.4,7.91,7.39,438.4,13.4,2.43,0.03,0.019,2.29,,,Ⅱ
2023-03-10T16:00:00+08:00,1678435200,17.5,7.7,8.33,439.7,17.7,2.72,0.034,,2.14,,,
2023-03-10T20:00:00+08:00,1678449600,17.2,7.72,8.22,439.5,18.9,2.49,0.032,0.024,2.07,,,Ⅱ
2023-03-11T04:00:00+08:00,1678478400,16.4,7.54,7.24,441.7,20.8,2.49,0.042,0.025,2.05,,,Ⅱ
2023-03-11T08:00:00+08:00,1678492800,16.2,7.54,7.32,442.6,19.8,2.65,0.038,0.021,2.01,,,Ⅱ
2023-03-11T12:00:00+08:00,1678507200,16.8,7.56,7.36,443.3,19.1,2.46,0.039,0.022,2.03,,,Ⅱ
2023-03-11T16:00:00+08:00,1678521600,17.3,7.77,8.48,441.8,18.6,2.61,0.032,0.022,1.99,,,Ⅱ
2023-03-11T20:00:00+08:00,1678536000,17.1,7.74,8.1,443.0,19.5,2.5,0.032,0.021,2.06,,,Ⅱ
2023-03-12T04:00:00+08:00,1678564800,16.5,7.55,7.17,442.8,36.8,2.65,0.049,0.029,2.09,,,Ⅱ
2023-03-12T08:00:00+08:00,1678579200,15.6,7.54,7.58,444.3,81.0,3.37,0.089,0.044,2.2,,,Ⅱ
2023-03-12T12:00:00+08:00,1678593600,15.2,7.58,8.09,444.8,98.5,3.75,0.101,0.047,2.21,,,Ⅱ
2023-03-12T16:00:00+08:00,1678608000,15.6,7.68,8.44,444.6,98.8,3.7,0.1,0.045,2.3,,,Ⅱ
2023-03-12T20:00:00+08:00,1678622400,14.8,7.66,8.29,445.0,97.0,3.49,0.112,0.052,2.34,,,Ⅱ
2023-03-13T04:00:00+08:00,1678651200,13.5,7.58,7.9,447.3,111.1,3.82,0.142,0.064,2.52,,,Ⅱ
2023-03-13T08:00:00+08:00,1678665600,13.2,7.56,7.73,447.7,91.9,3.51,0.126,0.056,2.33,,,Ⅱ
2023-03-13T12:00:00+08:00,1678680000,14.6,7.58,7.39,445.6,76.5,3.09,0.092,0.044,2.25,,,Ⅱ
2023-03-13T16:00:00+08:00,1678694400,15.3,7.69,7.92,446.8,71.3,2.98,0.087,0.041,2.26,,,Ⅱ
2023-03-13T20:00:00+08:00,1678708800,13.9,7.68,8.12,447.5,64.7,2.88,0.091,0.043,2.22,,,Ⅱ
2023-03-14T04:00:00+08:00,1678737600,12.8,7.58,7.65,450.6,56.3,2.9,0.11,0.042,2.21,,,Ⅱ
2023-03-14T08:00:00+08:00,1678752000,12.8,7.58,7.67,450.5,56.3,3.04,0.092,0.04,2.27,,,Ⅱ
2023-03-14T16:00:00+08:00,1678780800,15.8,7.75,7.83,448.5,39.0,2.77,0.066,0.032,2.22,,,Ⅱ
2023-03-14T20:00:00+08:00,1678795200,14.9,7.77,8.07,448.7,38.5,2.9,0.066,0.035,2.19,,,Ⅱ
2023-03-15T04:00:00+08:00,1678824000,13.6,7.63,7.68,449.8,37.8,2.65,0.075,0.034,2.2,,,Ⅱ
2023-03-15T08:00:00+08:00,1678838400,13.6,7.63,7.72,449.8,34.7,2.57,0.066,0.033,1.99,,,Ⅱ
2023-03-15T12:00:00+08:00,1678852800,15.9,7.75,8.15,449.6,31.1,2.66,0.054,0.029,2.18,,,Ⅱ
2023-03-15T16:00:00+08:00,1678867200,16.3,7.88,8.36,448.2,29.2,2.58,0.045,0.028,2.16,,,Ⅱ
2023-03-15T20:00:00+08:00,1678881600,15.3,7.77,8.33,449.3,72.4,3.33,0.072,0.041,2.28,,,Ⅱ
2023-03-16T04:00:00+08:00,1678910400,14.0,7.6,7.9,451.7,86.4,3.5,0.095,0.046,2.35,,,Ⅱ
2023-03-16T08:00:00+08:00,1678924800,13.6,7.58,7.78,452.5,89.2,3.46,0.098,0.049,2.38,,,Ⅱ
2023-03-16T12:00:00+08:00,1678939200,13.8,7.59,7.9,452.2,77.6,,0.09,0.044,2.38,,,
2023-03-16T20:00:00+08:00,1678968000,13.6,7.63,8.45,453.7,101.8,3.27,0.09,0.042,2.41,,,Ⅱ
2023-03-17T04:00:00+08:00,1678996800,12.8,7.58,8.41,455.6,94.5,3.19,0.096,0.048,2.28,,,Ⅱ
2023-03-17T08:00:00+08:00,1679011200,12.5,7.61,8.59,453.2,98.0,3.3,0.108,0.049,2.27,,,Ⅱ
2023-03-17T12:00:00+08:00,1679025600,12.4,7.6,8.6,451.6,91.0,3.42,0.109,0.048,2.42,,,Ⅱ
2023-03-17T16:00:00+08:00,1679040000,12.1,7.65,8.98,450.9,99.0,3.38,0.107,0.056,2.5,,,Ⅱ
2023-03-17T20:00:00+08:00,1679054400,11.8,7.64,8.94,450.6,101.0,3.31,0.113,0.052,2.43,,,Ⅱ
2023-03-18T04:00:00+08:00,1679083200,11.2,7.66,9.14,452.8,96.6,3.3,0.117,0.058,2.47,,,Ⅱ
2023-03-18T08:00:00+08:00,1679097600,11.0,7.65,9.15,454.5,98.3,3.23,0.114,0.053,2.39,,,Ⅱ
2023-03-18T12:00:00+08:00,1679112000,11.8,7.71,9.38,450.2,89.6,3.37,0.092,0.046,2.27,,,Ⅱ
2023-03-18T16:00:00+08:00,1679126400,12.3,7.82,9.53,449.0,89.5,3.13,0.087,0.044,2.22,,,Ⅱ
2023-03-18T20:00:00+08:00,1679140800,12.1,7.76,9.39,450.0,80.5,2.92,0.085,0.043,2.23,,,Ⅱ
2023-03-19T04:00:00+08:00,1679169600,11.6,7.76,9.45,450.7,71.3,2.74,0.079,0.038,2.18,,,Ⅱ
2023-03-19T08:00:00+08:00,1679184000,11.4,7.7,9.26,451.2,67.2,2.68,0.079,0.04,2.13,,,Ⅱ
2023-03-19T16:00:00+08:00,1679212800,12.0,7.76,9.34,451.2,60.6,2.86,0.07,0.038,2.1,,,Ⅱ
2023-03-19T20:00:00+08:00,1679227200,11.6,7.69,9.07,451.9,62.8,2.89,0.08,0.039,2.06,,,Ⅱ
2023-03-20T04:00:00+08:00,1679256000,11.3,7.58,8.62,455.2,58.6,2.72,0.086,0.038,2.19,,,Ⅱ
2023-03-20T08:00:00+08:00,1679270400,11.3,7.57,8.41,456.2,54.6,2.81,0.084,0.035,2.88,,,Ⅱ
2023-03-20T12:00:00+08:00,1679284800,12.0,7.58,8.31,452.7,47.7,2.54,0.071,0.032,2.02,,,Ⅱ
2023-03-20T16:00:00+08:00,1679299200,12.8,7.7,8.95,454.2,45.1,2.78,0.068,0.03,2.09,,,Ⅱ
2023-03-20T20:00:00+08:00,1679313600,12.6,7.69,8.84,451.6,45.9,2.68,0.065,0.032,2.12,,,Ⅱ
2023-03-21T04:00:00+08:00,1679342400,12.4,7.58,8.56,442.4,44.0,2.74,0.072,0.031,2.08,,,Ⅱ
2023-03-21T08:00:00+08:00,1679356800,12.3,7.58,8.26,444.9,42.9,2.46,0.071,0.034,2.07,,,Ⅱ
2023-03-21T12:00:00+08:00,1679371200,12.7,7.61,8.52,444.0,36.6,2.54,0.059,0.032,2.03,,,Ⅱ
2023-03-21T16:00:00+08:00,1679385600,12.8,7.69,8.83,445.3,36.7,2.76,0.056,0.029,2.03,,,Ⅱ
2023-03-21T20:00:00+08:00,1679400000,12.8,7.6,8.46,445.5,37.9,2.45,0.059,0.03,2.05,,,Ⅱ
2023-03-22T04:00:00+08:00,1679428800,12.8,7.58,8.25,445.9,33.9,2.53,0.052,0.031,2.04,,,Ⅱ
2023-03-22T08:00:00+08:00,1679443200,12.8,7.57,8.12,445.6,33.2,2.4,0.051,0.027,1.99,,,Ⅱ
2023-03-22T12:00:00+08:00,1679457600,13.2,7.58,8.28,446.4,29.9,2.48,0.048,0.025,1.94,,,Ⅱ
2023-03-22T16:00:00+08:00,1679472000,13.3,7.73,8.91,443.8,33.1,2.94,0.048,0.056,2.49,,,Ⅱ
2023-03-22T20:00:00+08:00,1679486400,13.1,7.57,8.24,447.0,33.2,2.84,0.051,0.037,2.1,,,Ⅱ
2023-03-23T04:00:00+08:00,1679515200,13.0,7.49,7.9,447.9,32.7,2.54,0.056,0.035,2.03,,,Ⅱ
2023-03-23T08:00:00+08:00,1679529600,13.0,7.47,7.86,448.9,38.6,2.72,0.056,0.035,2.0,,,Ⅱ
2023-03-23T12:00:00+08:00,1679544000,13.1,7.51,8.16,448.4,63.3,3.1,0.074,0.043,2.13,,,Ⅱ
2023-03-23T16:00:00+08:00,1679558400,13.1,7.51,8.22,448.4,61.2,2.97,0.075,0.043,2.13,,,Ⅱ
2023-03-23T20:00:00+08:00,1679572800,12.9,7.53,8.24,449.4,78.2,3.43,0.094,0.054,2.25,,,Ⅱ
2023-03-24T04:00:00+08:00,1679601600,12.7,7.53,8.31,449.5,92.1,3.79,0.109,0.064,2.42,,,Ⅱ
2023-03-24T08:00:00+08:00,1679616000,12.4,7.56,8.38,448.8,94.6,3.49,0.108,0.065,2.33,,,Ⅱ
2023-03-24T12:00:00+08:00,1679630400,12.3,7.59,8.86,448.2,102.3,3.84,0.117,0.06,2.38,,,Ⅱ
2023-03-24T16:00:00+08:00,1679644800,12.0,7.63,9.19,448.0,115.2,4.2,0.119,0.065,2.37,,,Ⅲ
2023-03-24T20:00:00+08:00,1679659200,11.6,7.58,9.14,448.1,109.0,4.04,0.121,0.071,2.37,,,Ⅲ
2023-03-25T04:00:00+08:00,1679688000,10.9,7.58,9.16,452.0,107.1,4.07,0.129,0.079,2.57,,,Ⅲ
2023-03-25T08:00:00+08:00,1679702400,10.7,7.58,9.19,451.2,107.9,3.74,0.121,0.073,2.36,,,Ⅱ
2023-03-25T12:00:00+08:00,1679716800,11.0,7.63,9.25,451.5,94.6,3.37,0.1,0.057,2.31,,,Ⅱ
2023-03-25T16:00:00+08:00,1679731200,11.3,7.69,9.52,451.8,91.6,3.42,0.091,0.048,2.16,,,Ⅱ
2023-03-25T20:00:00+08:00,1679745600,10.8,7.69,9.56,451.8,92.8,3.41,0.093,0.054,2.13,,,Ⅱ
2023-03-26T04:00:00+08:00,1679774400,10.4,7.58,9.19,452.9,90.2,3.33,0.102,0.052,2.19,,,Ⅱ
2023-03-26T08:00:00+08:00,1679788800,10.4,7.58,9.2,453.1,91.9,3.46,0.102,0.054,2.12,,,Ⅱ
2023-03-26T12:00:00+08:00,1679803200,11.8,7.79,9.95,449.5,93.4,3.87,0.084,0.054,2.25,,,Ⅱ
2023-03-26T16:00:00+08:00,1679817600,12.8,7.82,9.84,450.6,78.7,3.19,0.07,0.044,2.09,,,Ⅱ
2023-03-26T20:00:00+08:00,1679832000,12.6,7.82,9.86,451.0,71.9,3.27,0.069,0.041,2.04,,,Ⅱ
2023-03-27T04:00:00+08:00,1679860800,11.4,7.75,9.76,450.7,66.8,2.81,0.066,0.042,1.99,,,Ⅱ
2023-03-27T08:00:00+08:00,1679875200,11.4,7.69,9.48,452.3,57.9,2.73,0.058,0.035,1.9,,,Ⅱ
2023-03-27T12:00:00+08:00,1679889600,12.9,7.77,9.21,451.9,53.0,2.92,0.059,0.034,2.05,,,Ⅱ
2023-03-27T16:00:00+08:00,1679904000,15.4,8.19,10.42,449.0,52.6,3.37,0.044,0.036,1.98,,,Ⅱ
2023-03-27T20:00:00+08:00,1679918400,13.6,8.03,9.99,450.4,49.5,3.08,0.046,0.036,1.94,,,Ⅱ
2023-03-28T04:00:00+08:00,1679947200,12.4,7.77,9.47,452.8,51.9,3.01,0.047,0.041,2.01,,,Ⅱ
2023-03-28T08:00:00+08:00,1679961600,12.3,7.81,9.68,452.8,45.1,2.72,0.044,0.034,1.9,,,Ⅱ
2023-03-28T12:00:00+08:00,1679976000,14.7,7.9,9.38,451.0,40.5,2.82,0.035,0.029,2.15,,,Ⅱ
2023-03-28T16:00:00+08:00,1679990400,15.8,8.08,9.77,451.0,41.0,3.18,0.033,0.033,2.25,,,Ⅱ
2023-03-28T20:00:00+08:00,1680004800,14.3,7.97,9.6,452.2,49.2,3.57,0.038,0.035,1.99,,,Ⅱ
2023-03-29T04:00:00+08:00,1680033600,13.1,7.76,9.23,454.6,42.4,2.9,0.037,0.03,1.87,,,Ⅱ
2023-03-29T08:00:00+08:00,1680048000,12.9,7.7,9.01,455.2,42.0,2.7,0.036,0.03,1.95,,,Ⅱ
2023-03-29T12:00:00+08:00,1680062400,13.4,7.74,8.93,453.5,44.8,2.92,0.037,0.029,1.77,,,Ⅱ
2023-03-29T16:00:00+08:00,1680076800,13.5,7.81,9.2,453.6,40.4,2.89,0.036,0.028,1.74,,,Ⅱ
2023-03-29T20:00:00+08:00,1680091200,13.3,7.81,9.26,453.8,40.2,2.74,0.034,0.027,1.81,,,Ⅱ
2023-03-30T04:00:00+08:00,1680120000,12.9,7.66,8.49,455.4,40.2,2.8,0.04,0.029,1.8,,,Ⅱ
2023-03-30T08:00:00+08:00,1680134400,12.9,7.67,8.48,454.9,44.9,2.82,0.041,0.03,1.73,,,Ⅱ
2023-03-30T12:00:00+08:00,1680148800,13.0,7.68,8.51,455.0,39.7,2.68,0.04,0.029,1.8,,,Ⅱ
2023-03-30T16:00:00+08:00,1680163200,13.2,7.7,8.64,454.0,41.6,2.78,0.045,0.032,1.86,,,Ⅱ
2023-03-30T20:00:00+08:00,1680177600,13.1,7.74,8.8,454.7,37.4,2.58,0.04,0.034,1.91,,,Ⅱ
2023-03-31T00:00:00+08:00,1680192000,13.0,7.61,8.04,456.0,39.6,2.51,0.046,0.033,1.93,,,Ⅱ
2023-03-31T04:00:00+08:00,1680206400,13.0,7.56,7.68,456.3,37.2,2.52,0.047,0.032,1.86,,,Ⅱ
2023-03-31T08:00:00+08:00,1680220800,12.9,7.58,7.85,456.7,39.3,2.62,0.047,0.031,1.88,,,Ⅱ
2023-03-31T12:00:00+08:00,1680235200,13.5,7.67,8.16,454.9,33.7,2.49,0.04,0.032,1.88,,,Ⅱ
2023-03-31T16:00:00+08:00,1680249600,14.6,7.83,8.76,453.8,32.0,2.8,0.037,0.03,1.8,,,Ⅱ
2023-03-31T20:00:00+08:00,1680264000,14.0,7.69,8.13,455.6,32.1,2.44,0.04,0.031,1.87,,,Ⅱ
2023-04-01T00:00:00+08:00,1680278400,13.7,7.66,8.26,455.5,30.0,2.43,0.036,0.029,1.81,,,Ⅱ
2023-04-01T04:00:00+08:00,1680292800,13.5,7.62,8.07,455.9,28.6,2.29,0.035,0.028,1.8,,,Ⅱ
2023-04-01T08:00:00+08:00,1680307200,13.6,7.58,7.96,455.9,28.5,2.38,0.033,0.028,1.85,,,Ⅱ
2023-04-01T12:00:00+08:00,1680321600,15.3,7.76,8.2,454.2,28.9,2.47,0.03,0.026,1.78,,,Ⅱ
2023-04-01T16:00:00+08:00,1680336000,16.8,7.96,8.76,455.2,25.0,2.52,0.025,0.024,1.75,,,Ⅱ
2023-04-01T20:00:00+08:00,1680350400,16.2,7.79,8.15,456.5,24.0,2.57,0.028,0.022,1.73,,,Ⅱ
2023-04-02T00:00:00+08:00,1680364800,15.5,7.69,8.08,456.7,29.8,2.47,0.031,0.025,1.76,,,Ⅱ
2023-04-02T04:00:00+08:00,1680379200,15.0,7.58,7.78,456.5,28.8,2.26,0.031,0.025,1.75,,,Ⅱ
2023-04-02T08:00:00+08:00,1680393600,14.8,7.58,7.97,456.4,37.6,2.61,0.033,0.027,1.73,,,Ⅱ
2023-04-02T12:00:00+08:00,1680408000,17.2,7.77,7.84,458.2,28.0,2.51,0.026,0.025,1.81,,,Ⅱ
2023-04-02T16:00:00+08:00,1680422400,18.1,7.8,9.14,458.4,19.4,2.73,0.025,0.023,1.66,,,Ⅱ
2023-04-02T20:00:00+08:00,1680436800,17.2,7.78,9.16,455.3,20.2,2.43,0.025,0.025,1.73,,,Ⅱ
2023-04-03T00:00:00+08:00,1680451200,16.4,7.68,8.91,457.5,24.7,2.61,0.027,0.026,1.65,,,Ⅱ
2023-04-03T04:00:00+08:00,1680465600,15.7,7.58,8.49,459.7,27.9,2.39,0.031,0.028,1.8,,,Ⅱ
2023-04-03T08:00:00+08:00,1680480000,15.4,7.56,8.33,459.6,37.1,2.57,0.039,0.029,1.79,,,Ⅱ
2023-04-03T12:00:00+08:00,1680494400,15.8,7.58,8.37,459.5,36.2,2.48,0.038,0.03,1.73,,,Ⅱ
2023-04-03T16:00:00+08:00,1680508800,15.7,7.63,8.66,457.4,32.4,2.87,0.039,0.028,1.66,,,Ⅱ
2023-04-03T20:00:00+08:00,1680523200,15.5,7.58,8.26,459.0,39.1,2.56,0.044,0.028,1.76,,,Ⅱ
2023-04-04T00:00:00+08:00,1680537600,15.3,7.53,8.0,459.4,44.8,2.49,0.052,0.032,1.67,,,Ⅱ
2023-04-04T04:00:00+08:00,1680552000,15.1,7.51,7.81,458.8,41.5,2.6,0.059,0.034,1.84,,,Ⅱ
2023-04-04T08:00:00+08:00,1680566400,15.3,7.5,7.72,459.5,40.6,2.53,0.059,0.03,1.74,,,Ⅱ
2023-04-04T12:00:00+08:00,1680580800,16.0,7.55,7.74,458.6,38.5,2.49,0.054,,1.73,,,
2023-04-04T16:00:00+08:00,1680595200,16.8,7.63,8.01,457.3,35.8,2.68,0.048,0.029,1.71,,,Ⅱ
2023-04-04T20:00:00+08:00,1680609600,16.8,7.65,8.28,458.1,35.7,2.51,0.056,0.03,1.71,,,Ⅱ
2023-04-05T00:00:00+08:00,1680624000,16.5,7.58,8.09,457.2,44.6,2.54,0.055,0.033,1.69,,,Ⅱ
2023-04-05T04:00:00+08:00,1680638400,16.3,7.57,8.01,457.7,53.2,2.66,0.06,0.033,1.69,,,Ⅱ
2023-04-05T08:00:00+08:00,1680652800,15.9,7.54,7.87,458.9,68.3,2.91,0.069,0.038,1.7,,,Ⅱ
2023-04-05T12:00:00+08:00,1680667200,16.4,7.58,8.02,457.4,66.8,2.6,0.064,0.036,1.71,,,Ⅱ
2023-04-05T16:00:00+08:00,1680681600,16.8,7.7,8.59,458.6,85.8,2.97,0.071,0.04,1.7,,,Ⅱ
2023-04-05T20:00:00+08:00,1680696000,16.1,7.66,8.6,459.7,76.5,3.09,0.075,0.042,1.77,,,Ⅱ
2023-04-06T00:00:00+08:00,1680710400,15.6,7.54,7.94,460.3,72.1,2.66,0.09,0.042,1.77,,,Ⅱ
2023-04-06T04:00:00+08:00,1680724800,15.3,7.51,7.83,460.2,72.0,2.8,0.09,0.042,1.77,,,Ⅱ
2023-04-06T08:00:00+08:00,1680739200,15.1,7.48,7.52,460.5,66.5,2.8,0.092,0.043,1.79,,,Ⅱ
2023-04-06T12:00:00+08:00,1680753600,15.2,7.52,7.77,459.7,57.7,2.49,0.074,0.036,1.76,,,Ⅱ
2023-04-06T20:00:00+08:00,1680782400,14.8,7.41,7.06,459.7,58.8,2.73,0.101,0.04,1.65,,,Ⅱ
2023-04-07T00:00:00+08:00,1680796800,14.6,7.45,7.37,458.6,55.7,2.47,0.092,0.039,1.56,,,Ⅱ
2023-04-07T04:00:00+08:00,1680811200,14.4,7.43,7.16,459.5,58.4,2.46,0.092,0.037,1.61,,,Ⅱ
2023-04-07T08:00:00+08:00,1680825600,14.3,7.42,7.07,460.0,55.5,2.61,0.088,0.039,1.75,,,Ⅱ
2023-04-07T12:00:00+08:00,1680840000,16.1,7.58,8.12,459.8,51.2,2.44,0.065,0.033,1.63,,,Ⅱ
2023-04-07T16:00:00+08:00,1680854400,16.9,7.68,8.59,458.6,50.3,2.44,0.059,0.033,1.61,,,Ⅱ
2023-04-07T20:00:00+08:00,1680868800,16.2,7.64,8.45,459.8,51.0,2.57,0.061,0.033,1.6,,,Ⅱ
2023-04-08T00:00:00+08:00,1680883200,15.3,7.58,8.23,459.4,59.4,2.57,0.076,0.04,1.58,,,Ⅱ
2023-04-08T04:00:00+08:00,1680897600,14.8,7.56,8.16,458.9,54.2,2.74,0.074,0.038,1.65,,,Ⅱ
2023-04-08T08:00:00+08:00,1680912000,14.7,7.5,7.82,459.8,52.6,2.4,0.071,0.035,1.6,,,Ⅱ
2023-04-08T12:00:00+08:00,1680926400,16.8,7.57,8.09,460.7,40.2,2.49,0.057,0.029,1.59,,,Ⅱ
2023-04-08T16:00:00+08:00,1680940800,18.9,7.69,8.57,460.1,35.9,2.32,0.049,0.026,1.62,,,Ⅱ
2023-04-08T20:00:00+08:00,1680955200,16.8,7.64,8.44,460.9,40.2,2.48,0.052,0.027,1.57,,,Ⅱ
2023-04-09T00:00:00+08:00,1680969600,16.3,7.66,8.69,460.2,38.4,2.29,0.051,0.029,1.55,,,Ⅱ
2023-04-09T04:00:00+08:00,1680984000,15.6,7.58,8.34,461.6,34.6,2.2,0.056,0.029,1.56,,,Ⅱ
2023-04-09T08:00:00+08:00,1680998400,15.3,7.56,8.26,461.7,32.9,2.3,0.051,0.027,1.38,,,Ⅱ
2023-04-09T12:00:00+08:00,1681012800,16.9,7.6,7.94,461.7,27.5,2.38,0.04,0.024,1.52,,,Ⅱ
2023-04-09T16:00:00+08:00,1681027200,19.0,7.82,8.75,459.9,27.1,2.43,0.033,0.022,1.51,,,Ⅱ
2023-04-09T20:00:00+08:00,1681041600,17.6,7.8,9.16,461.4,35.0,2.27,0.04,0.026,1.52,,,Ⅱ
2023-04-10T00:00:00+08:00,1681056000,16.8,7.67,8.5,464.5,34.9,2.27,0.04,0.028,1.43,,,Ⅱ
2023-04-10T04:00:00+08:00,1681070400,16.5,7.63,8.46,461.3,30.8,2.29,0.037,0.026,1.45,,,Ⅱ
2023-04-10T08:00:00+08:00,1681084800,16.4,7.63,8.43,461.6,28.7,2.2,0.038,0.025,1.55,,,Ⅱ
2023-04-10T12:00:00+08:00,1681099200,18.0,7.7,8.88,465.5,28.1,2.35,0.033,0.021,1.5,,,Ⅱ
2023-04-10T16:00:00+08:00,1681113600,19.1,7.82,9.17,462.6,27.6,2.12,0.03,0.021,1.41,,,Ⅱ
2023-04-10T20:00:00+08:00,1681128000,18.6,7.88,9.44,462.9,28.8,2.42,0.028,0.026,1.35,,,Ⅱ
2023-04-11T00:00:00+08:00,1681142400,18.0,7.75,8.74,465.9,28.1,2.23,0.029,0.025,1.46,,,Ⅱ
2023-04-11T04:00:00+08:00,1681156800,17.8,7.69,8.48,464.5,28.9,2.22,0.028,0.024,1.47,,,Ⅱ
2023-04-11T08:00:00+08:00,1681171200,17.8,7.67,8.25,464.8,26.2,2.29,0.025,0.022,1.33,,,Ⅱ
2023-04-11T12:00:00+08:00,1681185600,18.4,7.98,9.86,463.0,25.4,2.17,0.025,0.022,1.36,,,Ⅱ
2023-04-11T16:00:00+08:00,1681200000,19.6,8.07,10.11,461.3,25.5,2.23,0.025,0.02,1.39,,,Ⅱ
2023-04-11T20:00:00+08:00,1681214400,19.0,7.84,9.16,462.1,43.5,2.79,0.028,0.024,1.45,,,Ⅱ
2023-04-12T00:00:00+08:00,1681228800,18.6,7.72,8.36,463.1,46.2,2.44,0.034,0.024,1.45,,,Ⅱ
2023-04-12T04:00:00+08:00,1681243200,18.0,7.58,7.69,466.1,54.1,2.57,0.047,0.025,1.44,,,Ⅱ
2023-04-12T08:00:00+08:00,1681257600,17.6,7.56,7.64,464.3,59.1,2.68,0.056,0.029,1.52,,,Ⅱ
2023-04-12T12:00:00+08:00,1681272000,18.6,7.67,8.19,466.2,56.6,2.48,0.049,0.028,1.59,,,Ⅱ
2023-04-12T16:00:00+08:00,1681286400,20.0,7.95,9.15,465.3,48.8,2.69,0.04,0.025,1.48,,,Ⅱ
2023-04-12T20:00:00+08:00,1681300800,18.6,7.83,8.58,466.7,42.1,2.43,0.037,0.025,1.42,,,Ⅱ
2023-04-13T00:00:00+08:00,1681315200,17.7,7.61,7.62,466.6,49.4,2.47,0.046,0.028,1.48,,,Ⅱ
2023-04-13T04:00:00+08:00,1681329600,17.2,7.52,7.11,467.0,49.3,2.66,0.057,0.03,1.52,,,Ⅱ
2023-04-13T08:00:00+08:00,1681344000,16.9,7.45,6.46,467.7,51.4,2.62,0.069,0.027,1.5,,,Ⅱ
2023-04-13T12:00:00+08:00,1681358400,17.7,7.63,7.57,467.5,45.7,2.48,0.049,0.024,1.42,,,Ⅱ
2023-04-13T16:00:00+08:00,1681372800,17.5,7.7,7.96,466.4,43.2,2.39,0.04,0.028,1.32,,,Ⅱ
2023-04-13T20:00:00+08:00,1681387200,17.2,7.63,7.44,466.7,42.2,2.4,0.048,0.023,1.55,,,Ⅱ
2023-04-14T00:00:00+08:00,1681401600,17.0,7.53,6.8,466.2,43.4,2.48,0.049,0.027,1.4,,,Ⅱ
2023-04-14T04:00:00+08:00,1681416000,16.8,7.45,6.21,469.7,44.2,2.42,0.06,0.027,1.38,,,Ⅱ
2023-04-14T08:00:00+08:00,1681430400,16.8,7.43,5.84,471.2,42.8,2.51,0.063,0.025,1.47,,,Ⅲ
2023-04-14T12:00:00+08:00,1681444800,18.3,7.54,6.69,471.4,39.0,2.34,0.048,0.023,1.45,,,Ⅱ
2023-04-14T16:00:00+08:00,1681459200,18.5,7.65,8.24,469.0,35.4,2.43,0.042,0.022,1.62,,,Ⅱ
2023-04-14T20:00:00+08:00,1681473600,18.6,7.6,8.25,468.5,41.5,2.14,0.036,0.024,1.37,,,Ⅱ
2023-04-15T00:00:00+08:00,1681488000,18.1,7.56,7.88,470.6,40.2,2.29,0.036,0.025,1.38,,,Ⅱ
2023-04-15T04:00:00+08:00,1681502400,17.8,7.52,7.56,468.1,45.7,2.31,0.04,0.027,1.38,,,Ⅱ
2023-04-15T08:00:00+08:00,1681516800,17.6,7.55,7.78,467.2,60.4,2.77,0.049,0.031,1.39,,,Ⅱ
2023-04-15T12:00:00+08:00,1681531200,18.7,7.66,8.4,468.1,71.8,2.51,0.047,0.029,1.34,,,Ⅱ
2023-04-15T16:00:00+08:00,1681545600,20.5,7.81,9.23,468.0,55.6,2.23,0.04,0.028,1.37,,,Ⅱ
2023-04-15T20:00:00+08:00,1681560000,19.4,7.64,8.32,468.5,59.1,2.57,0.044,0.03,1.46,,,Ⅱ
2023-04-16T00:00:00+08:00,1681574400,19.1,7.62,8.01,468.7,48.8,2.3,0.039,0.029,1.33,,,Ⅱ
2023-04-16T04:00:00+08:00,1681588800,18.7,7.68,8.3,468.0,59.6,2.42,0.043,0.031,1.27,,,Ⅱ
2023-04-16T08:00:00+08:00,1681603200,18.4,7.59,8.05,469.5,58.2,2.46,0.042,0.03,1.3,,,Ⅱ
2023-04-16T12:00:00+08:00,1681617600,20.4,7.82,9.13,467.1,56.9,2.46,0.038,0.03,1.3,,,Ⅱ
2023-04-16T16:00:00+08:00,1681632000,21.3,7.93,9.23,468.8,51.0,2.53,0.033,0.029,1.27,,,Ⅱ
2023-04-16T20:00:00+08:00,1681646400,21.1,7.0,9.54,469.4,44.0,2.22,0.031,0.029,1.26,,,Ⅱ
2023-04-17T04:00:00+08:00,1681675200,19.6,7.65,7.95,468.8,43.0,2.21,0.035,0.027,1.32,,,Ⅱ
2023-04-17T08:00:00+08:00,1681689600,19.5,7.68,8.06,469.3,44.1,2.2,0.033,0.029,1.26,,,Ⅱ
2023-04-17T12:00:00+08:00,1681704000,21.4,7.0,8.48,470.0,42.9,2.23,0.029,0.027,1.24,,,Ⅱ
2023-04-17T16:00:00+08:00,1681718400,23.1,7.0,8.96,469.3,36.3,2.39,0.026,0.028,1.18,,,Ⅱ
2023-04-17T20:00:00+08:00,1681732800,22.4,7.0,8.78,469.6,35.8,2.43,0.025,0.025,1.09,,,Ⅱ
2023-04-18T00:00:00+08:00,1681747200,21.9,7.0,7.96,471.6,30.2,2.36,0.025,0.025,1.19,,,Ⅱ
2023-04-18T04:00:00+08:00,1681761600,21.3,7.0,7.91,470.3,32.2,2.25,0.025,0.024,1.27,,,Ⅱ
2023-04-18T08:00:00+08:00,1681776000,21.2,7.0,7.97,470.5,30.1,2.27,0.025,0.027,1.16,,,Ⅱ
2023-04-18T12:00:00+08:00,1681790400,22.2,7.0,8.52,471.3,27.9,2.3,0.025,0.023,1.22,,,Ⅱ
2023-04-18T16:00:00+08:00,1681804800,22.6,8.13,9.28,469.5,24.8,2.22,0.025,0.023,1.12,,,Ⅱ
2023-04-18T20:00:00+08:00,1681819200,22.4,7.89,8.36,471.3,26.7,2.32,0.025,0.022,1.03,,,Ⅱ
2023-04-19T00:00:00+08:00,1681833600,22.2,7.83,7.98,472.3,24.6,2.18,0.025,0.023,1.2,,,Ⅱ
2023-04-19T04:00:00+08:00,1681848000,21.9,7.74,7.46,473.5,22.7,2.14,0.026,0.023,1.17,,,Ⅱ
2023-04-19T08:00:00+08:00,1681862400,21.6,7.6,7.0,472.5,32.4,2.27,0.035,0.025,1.16,,,Ⅱ
2023-04-19T12:00:00+08:00,1681876800,22.6,7.84,8.34,472.9,29.0,2.32,0.027,0.03,1.19,,,Ⅱ
2023-04-19T16:00:00+08:00,1681891200,23.8,7.99,8.8,473.1,26.9,2.26,0.03,0.031,1.19,,,Ⅱ
2023-04-19T20:00:00+08:00,1681905600,22.8,7.84,8.18,472.6,25.3,2.13,0.036,0.025,1.13,,,Ⅱ
2023-04-20T00:00:00+08:00,1681920000,22.0,7.64,7.17,476.1,26.3,2.27,0.032,0.026,1.12,,,Ⅱ
2023-04-20T04:00:00+08:00,1681934400,21.6,7.55,6.56,474.8,28.5,2.26,0.039,0.023,1.11,,,Ⅱ
2023-04-20T08:00:00+08:00,1681948800,21.4,7.54,6.48,474.4,32.6,2.27,0.04,0.024,1.09,,,Ⅱ
2023-04-20T12:00:00+08:00,1681963200,21.8,7.5,6.24,476.2,38.4,2.12,0.045,0.024,1.11,,,Ⅱ
2023-04-20T16:00:00+08:00,1681977600,22.2,7.62,7.24,476.6,30.8,2.4,0.035,0.023,1.14,,,Ⅱ
2023-04-20T20:00:00+08:00,1681992000,21.8,7.58,6.83,476.9,29.8,2.32,0.036,0.023,1.13,,,Ⅱ
2023-04-21T00:00:00+08:00,1682006400,21.4,7.53,6.68,475.4,29.9,2.14,0.037,0.023,1.07,,,Ⅱ
2023-04-21T08:00:00+08:00,1682035200,20.5,7.38,6.06,476.7,45.1,2.34,0.066,0.027,1.21,,,Ⅲ
2023-04-21T12:00:00+08:00,1682049600,20.7,7.51,6.84,476.4,46.8,2.52,0.055,0.028,1.14,,,Ⅱ
2023-04-21T20:00:00+08:00,1682078400,20.1,7.55,7.22,476.4,91.5,3.03,0.079,0.044,,,,Ⅱ
2023-04-22T04:00:00+08:00,1682107200,18.2,7.58,7.66,480.6,109.8,3.23,0.1,0.043,1.43,,,Ⅱ
2023-04-22T08:00:00+08:00,1682121600,17.8,7.58,7.66,478.3,93.7,2.84,0.085,0.04,1.45,,,Ⅱ
2023-04-22T16:00:00+08:00,1682150400,19.6,7.78,8.7,476.9,67.7,2.61,0.06,0.033,1.38,,,Ⅱ
2023-04-22T20:00:00+08:00,1682164800,18.6,7.63,8.04,478.6,73.3,2.75,0.072,0.038,1.58,,,Ⅱ
2023-04-23T04:00:00+08:00,1682193600,18.0,7.56,7.57,480.2,75.2,2.51,0.079,0.035,1.41,,,Ⅱ
2023-04-23T08:00:00+08:00,1682208000,17.7,7.55,7.54,478.2,81.8,2.64,0.089,0.038,1.44,,,Ⅱ
2023-04-23T12:00:00+08:00,1682222400,17.5,7.57,7.78,477.7,77.8,2.6,0.082,0.036,1.34,,,Ⅱ
2023-04-23T16:00:00+08:00,1682236800,17.4,7.59,7.92,477.3,82.3,2.57,0.081,0.034,1.33,,,Ⅱ
2023-04-23T20:00:00+08:00,1682251200,17.1,7.6,8.02,477.4,89.8,2.71,0.091,0.039,1.36,,,Ⅱ
2023-04-24T04:00:00+08:00,1682280000,16.4,7.68,8.7,475.4,115.8,3.26,0.116,0.05,1.5,,,Ⅱ
2023-04-24T18:23:00+08:00,1682331780,,,,,,,,,,,,
2023-04-24T22:23:00+08:00,1682346180,,,,,,,,,,,,
2023-04-25T02:24:00+08:00,1682360640,,,,,,,,,,,,
2023-05-15T20:00:00+08:00,1684152000,25.1,8.44,9.27,473.2,19.8,2.03,0.038,0.046,1.06,,,Ⅱ
2023-05-16T00:00:00+08:00,1684166400,24.1,8.34,8.76,474.7,15.2,1.85,0.033,0.046,1.04,,,Ⅱ
2023-05-16T04:00:00+08:00,1684180800,23.9,8.31,8.45,475.4,17.6,1.9,0.038,0.04,0.94,,,Ⅱ
2023-05-16T08:00:00+08:00,1684195200,23.9,8.33,8.55,475.6,16.0,1.98,0.034,0.039,0.89,,,Ⅱ
2023-05-17T08:00:00+08:00,1684281600,23.8,8.01,7.38,483.9,41.9,2.77,0.064,0.067,1.28,,,Ⅱ
2023-05-17T12:00:00+08:00,1684296000,23.6,8.06,7.86,478.9,70.7,3.09,0.095,0.071,1.45,,,Ⅱ
2023-05-17T16:00:00+08:00,1684310400,23.8,8.3,8.45,463.0,21.0,2.27,0.037,0.038,0.92,,,Ⅱ
2023-05-17T20:00:00+08:00,1684324800,23.5,8.06,7.46,459.1,51.6,2.94,0.096,0.056,1.15,,,Ⅱ
2023-05-18T00:00:00+08:00,1684339200,23.4,8.31,8.03,465.0,16.4,2.34,0.03,0.034,0.86,,,Ⅱ
2023-05-18T04:00:00+08:00,1684353600,23.2,8.26,7.72,465.7,15.4,2.06,0.034,0.034,0.85,,,Ⅱ
2023-05-18T12:00:00+08:00,1684382400,22.5,8.12,8.16,463.0,324.8,6.67,0.313,0.258,2.6,,,Ⅳ
2023-05-18T16:00:00+08:00,1684396800,22.1,8.1,8.18,465.6,337.4,7.31,0.363,0.308,2.84,,,Ⅴ
2023-05-18T20:00:00+08:00,1684411200,21.6,8.09,8.25,463.5,257.9,6.26,0.296,0.23,2.44,,,Ⅳ
2023-05-19T04:00:00+08:00,1684440000,21.5,8.05,7.9,465.9,75.8,2.83,0.119,0.065,1.22,,,Ⅱ
2023-05-19T08:00:00+08:00,1684454400,21.4,7.98,7.66,467.7,73.5,2.76,0.116,0.068,1.24,,,Ⅱ
2023-05-19T12:00:00+08:00,1684468800,22.4,7.95,7.36,467.5,68.2,2.77,0.109,0.061,1.14,,,Ⅱ
2023-05-19T16:00:00+08:00,1684483200,24.0,8.07,7.96,470.5,55.6,2.84,0.098,0.062,1.15,,,Ⅱ
2023-05-19T20:00:00+08:00,1684497600,23.2,7.97,7.3,470.0,59.7,2.93,0.103,0.062,1.19,,,Ⅱ
2023-05-20T04:00:00+08:00,1684526400,22.6,7.84,6.64,490.3,49.0,2.66,0.107,0.063,1.17,,,Ⅱ
2023-05-20T08:00:00+08:00,1684540800,22.7,7.62,6.18,613.6,44.8,3.0,0.181,0.062,1.69,,,Ⅱ
2023-05-20T12:00:00+08:00,1684555200,23.7,7.64,6.22,627.5,39.6,2.81,0.223,0.062,1.85,,,Ⅱ
2023-05-20T16:00:00+08:00,1684569600,24.0,7.7,6.55,626.0,37.5,,0.214,,1.86,,,
2023-05-20T20:00:00+08:00,1684584000,23.7,7.64,5.98,606.2,45.8,2.73,0.236,0.058,1.89,,,Ⅲ
2023-05-21T04:00:00+08:00,1684612800,23.1,7.54,4.96,580.5,42.7,2.66,0.362,0.062,2.22,,,Ⅳ
2023-05-21T08:00:00+08:00,1684627200,23.0,7.54,5.0,582.6,42.0,2.88,0.358,0.061,2.32,,,Ⅳ
2023-05-21T12:00:00+08:00,1684641600,23.3,8.07,8.21,487.8,73.5,,0.081,,1.33,,,
2023-05-21T16:00:00+08:00,1684656000,24.4,8.28,8.94,489.7,73.5,3.01,0.08,0.06,1.24,,,Ⅱ
2023-05-21T20:00:00+08:00,1684670400,24.0,8.4,9.4,481.2,55.9,2.74,0.066,0.052,1.14,,,Ⅱ
2023-05-22T04:00:00+08:00,1684699200,22.8,8.41,8.82,466.4,144.0,3.71,0.096,0.095,1.42,,,Ⅱ
2023-05-22T08:00:00+08:00,1684713600,20.4,8.36,9.08,1.5,212.7,4.47,0.241,,0.28,,,
2023-05-22T12:00:00+08:00,1684728000,21.3,8.07,8.54,467.7,147.6,4.18,0.167,0.189,1.24,,,Ⅲ
2023-05-22T16:00:00+08:00,1684742400,22.0,7.98,8.12,474.5,122.2,3.89,0.162,0.108,1.86,,,Ⅲ
2023-05-22T20:00:00+08:00,1684756800,21.8,8.01,7.9,474.0,81.4,3.16,0.122,0.072,1.25,,,Ⅱ
2023-05-23T04:00:00+08:00,1684785600,21.2,7.96,7.55,495.3,49.2,2.77,0.122,0.077,1.38,,,Ⅱ
2023-05-23T08:00:00+08:00,1684800000,21.2,7.77,7.02,534.9,58.3,3.09,0.197,0.08,1.92,,,Ⅱ
2023-05-24T12:00:00+08:00,1684900800,22.2,7.54,5.22,506.5,71.2,3.26,0.404,0.093,3.14,,,Ⅲ
2023-05-25T08:00:00+08:00,1684972800,21.4,7.49,5.01,534.3,52.4,2.88,0.33,0.066,2.94,,,Ⅲ
2023-05-25T12:00:00+08:00,1684987200,23.4,7.64,6.0,516.8,44.8,2.76,0.212,0.06,2.38,,,Ⅱ
2023-05-25T16:00:00+08:00,1685001600,25.1,8.28,8.18,491.8,32.9,2.65,0.071,0.052,1.42,,,Ⅱ
2023-05-25T20:00:00+08:00,1685016000,24.7,8.29,8.43,493.5,30.3,2.54,0.059,0.048,1.48,,,Ⅱ
2023-05-26T00:00:00+08:00,1685030400,23.0,7.54,4.9,518.2,53.0,2.81,0.207,0.061,2.85,,,Ⅳ
2023-05-26T04:00:00+08:00,1685044800,23.1,7.83,6.59,502.6,40.7,2.55,0.091,0.054,1.93,,,Ⅱ
2023-05-26T12:00:00+08:00,1685073600,24.2,8.65,9.04,472.9,27.0,2.65,0.031,0.045,0.81,,,Ⅱ
2023-05-26T16:00:00+08:00,1685088000,25.4,8.87,10.2,474.2,10.5,2.59,0.025,0.037,0.89,,,Ⅱ
2023-05-26T20:00:00+08:00,1685102400,24.7,8.82,10.52,476.5,18.2,2.55,0.025,,,,,
2023-05-27T00:00:00+08:00,1685116800,24.2,8.67,9.58,470.8,24.7,2.62,0.029,0.043,0.89,,,
2023-05-27T04:00:00+08:00,1685131200,24.0,8.54,8.96,471.3,23.8,2.38,0.029,0.042,0.82,,,Ⅱ
2023-05-27T08:00:00+08:00,1685145600,24.1,8.53,8.98,472.3,25.9,2.38,0.029,0.046,0.84,,,Ⅱ
2023-05-27T12:00:00+08:00,1685160000,24.7,8.36,8.79,476.9,38.8,2.93,0.048,0.061,1.05,,,Ⅱ
2023-05-27T16:00:00+08:00,1685174400,26.2,8.71,10.39,478.5,23.9,2.98,0.025,0.052,1.23,,,Ⅱ
2023-05-27T20:00:00+08:00,1685188800,25.2,8.5,9.25,474.8,27.9,2.59,0.027,0.047,1.01,,,Ⅱ
2023-05-28T00:00:00+08:00,1685203200,24.8,8.6,9.1,470.5,26.8,2.38,0.025,0.041,0.84,,,Ⅱ
2023-05-28T04:00:00+08:00,1685217600,24.7,8.5,8.74,473.0,20.2,2.21,0.025,0.038,0.92,,,Ⅱ
2023-05-28T08:00:00+08:00,1685232000,24.9,8.37,8.6,477.1,20.6,2.5,0.025,0.042,1.09,,,Ⅱ
2023-05-28T12:00:00+08:00,1685246400,28.3,8.54,9.98,480.5,21.8,3.38,0.025,0.043,1.32,,,Ⅱ
2023-05-28T16:00:00+08:00,1685260800,27.6,8.76,10.13,472.6,19.9,2.53,0.025,0.037,0.92,,,Ⅱ
2023-05-28T20:00:00+08:00,1685275200,27.7,8.74,9.41,466.1,28.2,2.41,0.025,0.038,0.65,,,Ⅱ
2023-05-29T00:00:00+08:00,1685289600,27.4,8.6,8.66,468.4,38.5,2.37,0.031,0.04,0.68,,,Ⅱ
2023-05-29T04:00:00+08:00,1685304000,26.5,8.72,9.04,465.7,26.4,2.41,0.025,0.04,0.66,,,Ⅱ
2023-05-29T12:00:00+08:00,1685332800,28.8,8.75,9.21,461.6,22.8,2.25,0.025,0.032,0.76,,,Ⅱ
2023-05-29T16:00:00+08:00,1685347200,29.5,8.82,9.38,463.1,19.9,2.14,0.025,0.029,0.63,,,Ⅱ
2023-05-29T20:00:00+08:00,1685361600,28.8,8.64,8.16,462.6,71.6,2.87,0.052,0.05,0.79,,,Ⅱ
2023-05-30T00:00:00+08:00,1685376000,28.3,8.36,7.04,461.8,84.9,2.9,0.081,0.054,0.79,,,Ⅱ
2023-05-30T04:00:00+08:00,1685390400,27.5,8.19,6.56,464.8,81.2,2.5,0.072,0.051,0.8,,,Ⅱ
2023-05-30T08:00:00+08:00,1685404800,27.5,8.35,7.16,466.2,61.6,2.52,0.052,0.05,0.84,,,Ⅱ
2023-05-30T12:00:00+08:00,1685419200,27.5,8.63,8.2,462.1,30.4,2.27,0.025,0.037,0.74,,,Ⅱ
2023-05-30T16:00:00+08:00,1685433600,29.3,8.7,8.4,462.4,31.0,2.29,0.025,0.032,0.75,,,Ⅱ
2023-05-30T20:00:00+08:00,1685448000,28.6,8.38,7.24,463.4,135.8,3.69,0.105,0.073,1.02,,,Ⅱ
2023-05-31T00:00:00+08:00,1685462400,27.5,8.11,6.95,466.7,144.1,3.61,0.131,0.081,1.12,,,Ⅱ
2023-05-31T04:00:00+08:00,1685476800,27.2,8.01,6.89,456.9,119.3,3.31,0.109,0.067,1.37,,,Ⅱ
2023-05-31T08:00:00+08:00,1685491200,26.8,7.86,6.78,410.1,109.2,3.47,0.104,0.076,2.33,,,Ⅱ
2023-05-31T12:00:00+08:00,1685505600,27.0,7.96,7.24,400.4,82.4,3.3,0.073,0.063,2.66,,,Ⅱ
2023-05-31T16:00:00+08:00,1685520000,27.6,8.51,9.25,400.6,66.2,3.14,0.055,0.058,2.6,,,Ⅱ
2023-05-31T20:00:00+08:00,1685534400,27.2,8.06,7.5,411.5,81.3,3.09,0.075,0.056,2.52,,,Ⅱ
2023-06-01T00:00:00+08:00,1685548800,26.6,8.06,7.43,409.0,65.3,2.75,0.06,0.05,2.44,,,Ⅱ
2023-06-01T04:00:00+08:00,1685563200,26.3,7.87,6.69,414.8,61.8,2.46,0.056,0.047,2.4,,,Ⅱ
2023-06-01T08:00:00+08:00,1685577600,26.1,7.76,5.97,418.7,65.7,2.48,0.064,0.05,2.2,,,Ⅲ
2023-06-01T12:00:00+08:00,1685592000,26.6,7.87,6.62,414.2,62.6,2.52,0.054,0.048,2.3,,,Ⅱ
2023-06-02T12:00:00+08:00,1685678400,28.1,8.24,8.21,414.9,68.7,2.64,0.055,0.049,2.28,,,Ⅱ
2023-06-03T20:00:00+08:00,1685793600,27.4,8.37,7.89,436.8,54.2,2.37,0.05,0.052,1.37,,,Ⅱ
2023-06-04T00:00:00+08:00,1685808000,26.9,8.06,7.27,422.1,61.5,2.52,0.054,0.057,1.74,,,Ⅱ
2023-06-04T04:00:00+08:00,1685822400,26.5,7.83,6.64,421.4,56.0,2.41,0.064,0.057,1.83,,,Ⅱ
2023-06-04T08:00:00+08:00,1685836800,25.0,7.86,6.78,424.3,94.4,2.68,0.089,0.069,1.85,,,Ⅱ
2023-06-04T12:00:00+08:00,1685851200,25.9,7.88,7.26,427.4,97.2,2.74,0.09,0.065,1.96,,,Ⅱ
2023-06-04T16:00:00+08:00,1685865600,27.1,7.87,7.23,429.5,135.9,3.1,0.106,0.068,1.96,,,Ⅱ
2023-06-04T20:00:00+08:00,1685880000,25.9,8.17,7.92,428.8,70.4,2.53,0.062,0.064,1.94,,,Ⅱ
2023-06-05T00:00:00+08:00,1685894400,25.0,8.07,7.65,428.2,91.0,2.82,0.075,0.07,1.91,,,Ⅱ
2023-06-05T04:00:00+08:00,1685908800,24.6,7.93,7.27,429.9,89.3,2.66,0.077,0.07,1.88,,,Ⅱ
2023-06-05T08:00:00+08:00,1685923200,24.3,7.75,6.69,431.7,102.8,2.68,0.116,0.069,1.9,,,Ⅱ
2023-06-05T12:00:00+08:00,1685937600,24.0,7.86,7.51,430.9,205.0,3.95,0.185,0.116,1.93,,,Ⅲ
2023-06-05T16:00:00+08:00,1685952000,23.7,7.87,7.56,432.9,239.8,4.45,0.216,0.139,1.99,,,Ⅲ
2023-06-05T20:00:00+08:00,1685966400,23.4,7.91,7.59,440.1,196.7,4.0,0.186,0.121,1.87,,,Ⅲ
2023-06-06T00:00:00+08:00,1685980800,22.9,7.97,7.84,446.6,168.2,3.54,0.154,0.11,1.75,,,Ⅲ
2023-06-06T04:00:00+08:00,1685995200,22.0,7.92,7.87,444.5,215.7,4.25,0.198,0.133,1.86,,,Ⅲ
2023-06-06T08:00:00+08:00,1686009600,22.3,8.02,8.05,449.4,126.4,3.54,0.126,0.099,1.52,,,Ⅱ
2023-06-06T12:00:00+08:00,1686024000,22.8,8.07,8.24,448.1,92.2,3.02,0.101,0.074,1.49,,,Ⅱ
2023-06-06T16:00:00+08:00,1686038400,23.7,8.19,8.67,447.2,84.3,2.63,0.082,0.068,1.5,,,Ⅱ
2023-06-06T20:00:00+08:00,1686052800,23.6,8.18,8.68,445.8,64.3,2.44,0.066,0.059,1.46,,,Ⅱ
2023-06-07T00:00:00+08:00,1686067200,23.3,8.07,8.22,444.7,54.9,2.14,0.06,0.06,1.53,,,Ⅱ
2023-06-07T04:00:00+08:00,1686081600,22.9,7.96,7.76,443.6,41.8,3.08,0.06,0.052,1.49,,,Ⅱ
2023-06-07T08:00:00+08:00,1686096000,23.1,7.97,7.88,445.2,44.3,2.38,0.054,0.054,1.46,,,Ⅱ
2023-06-07T12:00:00+08:00,1686110400,24.5,8.15,8.56,448.7,45.9,2.4,0.047,0.051,1.37,,,Ⅱ
2023-06-07T16:00:00+08:00,1686124800,26.8,8.34,9.12,450.8,39.1,2.44,0.042,0.045,1.32,,,Ⅱ
2023-06-07T20:00:00+08:00,1686139200,24.0,8.3,8.7,447.1,40.1,2.1,0.044,0.046,1.24,,,Ⅱ
2023-06-08T00:00:00+08:00,1686153600,23.8,8.21,8.44,448.7,36.4,2.0,0.042,0.042,1.16,,,Ⅱ
2023-06-08T08:00:00+08:00,1686182400,23.5,8.12,8.11,448.1,30.6,1.99,0.04,0.041,1.18,,,Ⅱ
2023-06-08T12:00:00+08:00,1686196800,24.7,8.29,8.89,449.0,36.8,2.07,0.036,0.04,1.15,,,Ⅱ
2023-06-08T16:00:00+08:00,1686211200,27.7,8.53,9.52,449.3,30.0,2.11,0.037,0.034,1.13,,,Ⅱ
2023-06-08T20:00:00+08:00,1686225600,26.2,8.39,8.97,449.8,27.3,1.92,0.033,0.036,1.19,,,Ⅱ
2023-06-09T00:00:00+08:00,1686240000,24.7,8.23,8.79,448.8,30.2,2.12,0.038,0.037,1.2,,,Ⅱ
2023-06-09T04:00:00+08:00,1686254400,24.2,8.06,8.28,449.2,28.6,1.84,0.041,0.037,1.11,,,Ⅱ
2023-06-09T08:00:00+08:00,1686268800,25.0,8.31,9.26,449.9,23.0,1.86,0.03,0.034,1.06,,,Ⅱ
2023-06-09T12:00:00+08:00,1686283200,27.3,8.6,9.87,454.7,21.6,1.95,0.029,0.031,0.91,,,Ⅱ
2023-06-09T20:00:00+08:00,1686312000,27.1,8.74,10.51,454.9,24.7,2.15,0.031,0.035,1.04,,,Ⅱ
2023-06-10T00:00:00+08:00,1686326400,26.5,8.66,10.17,457.3,26.7,2.23,0.032,0.037,0.99,,,Ⅱ
2023-06-10T04:00:00+08:00,1686340800,25.8,8.07,8.18,451.4,33.4,2.1,0.05,0.038,0.96,,,Ⅱ
2023-06-10T08:00:00+08:00,1686355200,25.9,8.05,7.94,452.9,41.0,2.23,0.059,0.038,1.04,,,Ⅱ
2023-06-10T12:00:00+08:00,1686369600,28.8,8.59,9.11,464.8,26.0,1.93,0.03,0.029,0.84,,,Ⅱ
2023-06-10T16:00:00+08:00,1686384000,30.3,8.66,8.85,467.8,24.6,1.95,0.034,0.027,0.84,,,Ⅱ
2023-06-10T20:00:00+08:00,1686398400,30.0,8.53,8.97,466.5,21.3,1.85,0.032,0.028,0.85,,,Ⅱ
2023-06-11T00:00:00+08:00,1686412800,29.3,8.33,8.25,468.5,57.4,2.23,0.052,0.043,0.96,,,Ⅱ
2023-06-11T04:00:00+08:00,1686427200,27.9,8.09,7.21,468.8,56.2,2.14,0.07,0.041,0.88,,,Ⅱ
2023-06-11T08:00:00+08:00,1686441600,27.5,7.97,6.77,470.8,117.2,2.8,0.113,0.057,0.99,,,Ⅱ
2023-06-11T12:00:00+08:00,1686456000,28.4,7.87,6.59,469.7,107.4,2.6,0.118,0.058,0.92,,,Ⅱ
2023-06-11T16:00:00+08:00,1686470400,29.3,7.9,6.88,470.9,155.8,3.08,0.143,0.071,1.04,,,Ⅱ
2023-06-11T20:00:00+08:00,1686484800,28.1,8.34,7.99,472.1,72.6,2.45,0.062,0.046,0.96,,,Ⅱ
2023-06-12T00:00:00+08:00,1686499200,27.5,8.09,7.18,474.4,72.5,2.27,0.094,0.052,0.92,,,Ⅱ
2023-06-12T04:00:00+08:00,1686513600,27.1,7.97,6.8,471.1,51.5,2.26,0.072,0.043,0.9,,,Ⅱ
2023-06-12T08:00:00+08:00,1686528000,26.6,7.91,6.75,473.0,39.7,1.97,0.064,0.041,0.84,,,Ⅱ
2023-06-12T12:00:00+08:00,1686542400,28.0,8.34,8.28,474.6,45.2,2.4,0.14,0.045,0.86,,,Ⅱ
2023-06-12T16:00:00+08:00,1686556800,28.6,8.44,8.56,472.3,45.6,2.26,0.053,0.043,0.86,,,Ⅱ
2023-06-12T20:00:00+08:00,1686571200,28.0,8.21,7.93,473.8,42.8,2.33,0.052,0.037,0.85,,,Ⅱ
2023-06-13T00:00:00+08:00,1686585600,27.7,8.01,7.35,473.9,46.5,2.21,0.072,0.045,0.81,,,Ⅱ
2023-06-13T04:00:00+08:00,1686600000,26.8,7.91,6.73,475.6,56.2,2.19,0.082,0.049,0.83,,,Ⅱ
2023-06-13T08:00:00+08:00,1686614400,26.9,7.99,7.15,475.5,52.2,2.14,0.071,0.047,0.84,,,Ⅱ
2023-06-13T12:00:00+08:00,1686628800,27.3,8.23,7.93,477.3,46.5,2.29,0.056,0.046,0.8,,,Ⅱ
2023-06-13T16:00:00+08:00,1686643200,27.5,8.42,8.65,479.9,45.7,2.29,0.065,0.043,0.79,,,Ⅱ
2023-06-13T20:00:00+08:00,1686657600,27.2,8.31,8.15,477.6,40.0,2.27,0.056,0.043,0.79,,,Ⅱ
2023-06-14T00:00:00+08:00,1686672000,26.9,8.29,7.95,478.1,37.3,2.1,0.053,0.042,0.79,,,Ⅱ
2023-06-14T04:00:00+08:00,1686686400,26.2,7.89,6.79,478.2,43.0,2.16,0.075,0.041,0.75,,,Ⅱ
2023-06-14T08:00:00+08:00,1686700800,26.5,7.85,6.86,476.8,54.4,2.1,0.073,0.046,0.72,,,Ⅱ
2023-06-14T12:00:00+08:00,1686715200,29.1,8.43,8.65,477.1,32.1,2.12,0.048,0.036,0.63,,,Ⅱ
2023-06-14T16:00:00+08:00,1686729600,31.0,8.66,9.31,475.6,31.0,2.08,0.038,0.037,0.64,,,Ⅱ
2023-06-14T20:00:00+08:00,1686744000,29.2,8.55,8.8,474.9,38.1,2.14,0.044,0.036,0.75,,,Ⅱ
2023-06-15T00:00:00+08:00,1686758400,27.7,8.29,7.75,478.1,53.0,2.41,0.062,0.048,0.75,,,Ⅱ
2023-06-15T04:00:00+08:00,1686772800,27.1,8.1,7.19,478.6,45.9,2.18,0.062,0.037,0.74,,,Ⅱ
2023-06-15T08:00:00+08:00,1686787200,27.3,8.34,7.8,480.2,46.0,2.37,0.061,0.039,0.7,,,Ⅱ
2023-06-16T08:00:00+08:00,1686873600,27.3,7.75,6.26,481.0,52.5,2.14,0.085,0.041,0.76,,,Ⅱ
2023-06-16T12:00:00+08:00,1686888000,27.7,7.77,6.64,477.4,43.5,2.15,0.064,0.039,0.76,,,Ⅱ
2023-06-16T16:00:00+08:00,1686902400,27.5,7.97,7.04,482.0,45.1,2.03,0.064,0.041,0.71,,,Ⅱ
2023-06-16T20:00:00+08:00,1686916800,27.5,7.84,6.54,482.1,52.3,2.32,0.076,0.044,0.72,,,Ⅱ
2023-06-19T04:00:00+08:00,1687118400,24.4,7.86,7.23,486.5,56.6,2.07,0.091,0.054,0.89,,,Ⅱ
2023-06-19T08:00:00+08:00,1687132800,24.5,7.79,6.93,483.5,57.5,2.26,0.097,0.05,0.84,,,Ⅱ
2023-06-19T12:00:00+08:00,1687147200,25.0,7.89,7.39,488.3,61.8,2.34,0.084,0.048,0.99,,,Ⅱ
2023-06-19T16:00:00+08:00,1687161600,26.2,7.89,7.3,487.9,43.5,1.89,0.086,0.044,0.9,,,Ⅱ
2023-06-19T20:00:00+08:00,1687176000,25.9,7.86,7.22,480.2,80.2,2.34,0.111,0.059,1.02,,,Ⅱ
2023-06-20T00:00:00+08:00,1687190400,25.6,7.89,7.27,482.6,59.6,2.12,0.1,0.056,0.97,,,Ⅱ
2023-06-20T08:00:00+08:00,1687219200,25.4,7.55,6.03,474.7,59.1,2.71,0.162,0.073,1.08,,,Ⅱ
2023-06-20T12:00:00+08:00,1687233600,25.9,7.5,5.64,478.2,60.3,2.91,0.167,0.076,1.16,,,Ⅲ
2023-06-20T16:00:00+08:00,1687248000,26.8,7.48,5.54,483.5,53.5,3.04,0.154,0.068,1.07,,,Ⅲ
2023-06-20T20:00:00+08:00,1687262400,26.7,7.44,5.45,474.6,59.2,2.8,0.214,0.076,1.17,,,Ⅲ
2023-06-21T00:00:00+08:00,1687276800,26.4,7.3,4.72,543.8,47.2,3.09,0.298,0.077,1.53,,,Ⅳ
2023-06-21T04:00:00+08:00,1687291200,26.4,7.26,4.34,597.1,45.2,2.91,0.434,0.082,1.94,,,Ⅳ
2023-06-21T08:00:00+08:00,1687305600,26.7,7.27,4.13,607.2,52.2,2.89,0.484,0.083,2.01,,,Ⅳ
2023-06-21T12:00:00+08:00,1687320000,27.6,7.26,3.71,607.4,44.8,3.19,0.512,0.083,2.08,,,Ⅳ
2023-06-21T16:00:00+08:00,1687334400,28.6,7.26,3.72,584.9,39.9,3.81,0.575,0.09,2.51,,,Ⅳ
2023-06-21T20:00:00+08:00,1687348800,28.5,7.26,3.73,565.8,35.4,3.08,0.473,0.085,2.34,,,Ⅳ
2023-06-22T00:00:00+08:00,1687363200,28.2,7.26,3.82,554.6,36.9,2.93,0.425,0.088,2.3,,,Ⅳ
2023-06-22T04:00:00+08:00,1687377600,27.8,7.22,3.48,550.2,32.6,2.8,0.424,0.084,2.27,,,Ⅳ
2023-06-22T08:00:00+08:00,1687392000,27.7,7.22,3.42,542.8,27.6,3.06,0.382,0.08,2.39,,,Ⅳ
2023-06-22T12:00:00+08:00,1687406400,28.6,7.31,4.62,544.4,22.2,3.09,0.317,0.076,2.27,,,Ⅳ
2023-06-22T16:00:00+08:00,1687420800,29.7,8.2,8.15,501.5,33.6,2.3,0.074,0.055,1.01,,,Ⅱ
2023-06-25T04:00:00+08:00,1687636800,25.6,7.39,5.35,423.8,127.9,4.02,0.235,0.138,2.45,,,Ⅲ
2023-06-25T08:00:00+08:00,1687651200,25.0,7.31,5.01,406.2,119.4,4.26,0.293,0.136,2.74,,,Ⅲ
2023-06-25T12:00:00+08:00,1687665600,24.9,7.26,4.85,395.2,113.6,4.23,0.314,0.137,3.21,,,Ⅳ
2023-06-25T16:00:00+08:00,1687680000,25.0,7.22,4.65,379.7,99.5,4.41,0.372,0.141,3.24,,,Ⅳ
2023-06-25T20:00:00+08:00,1687694400,24.9,7.21,4.39,381.2,87.3,4.47,0.395,0.135,3.38,,,Ⅳ
2023-06-26T00:00:00+08:00,1687708800,24.9,7.2,4.18,397.1,79.0,4.48,0.393,0.138,3.35,,,Ⅳ
2023-06-26T04:00:00+08:00,1687723200,25.1,7.2,3.84,431.6,66.0,4.4,0.387,0.133,3.38,,,Ⅳ
2023-06-26T08:00:00+08:00,1687737600,25.1,7.19,3.47,461.8,61.6,4.51,0.386,0.135,3.51,,,Ⅳ
2023-06-26T12:00:00+08:00,1687752000,25.3,7.18,3.52,463.4,57.3,4.52,0.397,0.132,3.65,,,Ⅳ
2023-06-26T16:00:00+08:00,1687766400,25.8,7.2,3.47,459.6,52.4,4.67,0.386,0.132,3.58,,,Ⅳ
2023-06-26T20:00:00+08:00,1687780800,25.8,7.19,3.48,461.8,51.6,4.32,0.382,0.128,3.56,,,Ⅳ
2023-06-27T00:00:00+08:00,1687795200,25.4,7.16,3.28,447.2,46.0,4.32,0.371,0.129,3.54,,,Ⅳ
2023-06-27T04:00:00+08:00,1687809600,25.1,7.15,2.8,447.8,41.0,4.13,0.364,0.126,3.5,,,Ⅴ
2023-06-27T08:00:00+08:00,1687824000,25.1,7.14,2.9,445.2,41.4,4.26,0.371,0.126,3.61,,,Ⅴ
2023-06-27T12:00:00+08:00,1687838400,25.6,7.14,3.12,433.5,40.0,4.34,0.358,0.125,3.59,,,Ⅳ
2023-06-27T16:00:00+08:00,1687852800,26.0,7.14,3.12,423.2,34.4,4.4,0.345,0.117,3.6,,,Ⅳ
2023-06-27T20:00:00+08:00,1687867200,26.0,7.14,3.26,411.2,34.1,4.13,0.353,0.11,3.75,,,Ⅳ
2023-06-28T00:00:00+08:00,1687881600,25.8,7.15,3.1,426.8,35.6,4.08,0.326,0.109,3.74,,,Ⅳ
2023-06-28T04:00:00+08:00,1687896000,25.7,7.15,2.72,442.3,31.2,4.13,0.31,0.11,3.6,,,Ⅴ
2023-06-28T08:00:00+08:00,1687910400,25.9,7.15,2.57,447.9,31.1,4.08,0.301,0.11,3.51,,,Ⅴ
2023-06-28T12:00:00+08:00,1687924800,28.6,7.2,3.47,452.8,25.4,4.15,0.254,0.106,3.46,,,Ⅳ
2023-06-28T16:00:00+08:00,1687939200,29.2,7.24,5.11,456.6,24.4,4.39,0.265,0.115,3.39,,,Ⅲ
2023-06-28T20:00:00+08:00,1687953600,28.6,7.26,5.36,450.0,22.6,4.06,0.231,0.108,3.34,,,Ⅲ
2023-06-29T00:00:00+08:00,1687968000,27.5,7.38,6.6,411.2,21.0,4.04,0.158,0.094,3.31,,,Ⅲ
2023-06-29T04:00:00+08:00,1687982400,27.1,7.38,6.76,374.0,24.0,4.15,0.113,0.083,3.27,,,Ⅲ
2023-06-29T08:00:00+08:00,1687996800,27.0,7.32,6.56,336.6,21.5,4.19,0.1,0.071,3.37,,,Ⅲ
2023-06-29T12:00:00+08:00,1688011200,28.8,7.41,6.73,432.8,23.1,4.3,0.098,0.091,3.2,,,Ⅲ
2023-06-29T16:00:00+08:00,1688025600,27.9,7.45,7.43,315.3,23.6,4.08,0.074,0.069,3.77,,,Ⅲ
2023-06-29T20:00:00+08:00,1688040000,27.5,7.52,7.98,287.6,22.7,4.06,0.056,0.061,4.0,,,Ⅲ
2023-06-30T00:00:00+08:00,1688054400,27.6,7.89,8.94,288.8,20.1,4.1,0.033,0.062,3.86,,,Ⅲ
2023-06-30T04:00:00+08:00,1688068800,27.5,7.89,8.67,304.6,17.4,3.62,0.044,0.055,3.57,,,Ⅱ
2023-06-30T08:00:00+08:00,1688083200,27.5,7.67,7.89,305.0,46.5,3.91,0.055,0.065,3.63,,,Ⅱ
2023-06-30T12:00:00+08:00,1688097600,27.7,7.78,7.92,338.4,58.3,3.7,0.049,0.074,3.17,,,Ⅱ
2023-06-30T16:00:00+08:00,1688112000,27.5,7.86,8.01,333.8,48.0,3.51,0.05,0.065,3.09,,,Ⅱ
2023-06-30T20:00:00+08:00,1688126400,27.5,7.79,7.59,326.4,49.6,3.68,0.065,0.066,3.1,,,Ⅱ
2023-07-01T00:00:00+08:00,1688140800,27.4,7.52,6.63,327.3,36.7,3.67,0.084,0.073,3.1,,,Ⅱ
2023-07-01T04:00:00+08:00,1688155200,27.2,7.53,6.64,328.9,34.1,3.35,0.059,0.053,2.93,,,Ⅱ
2023-07-01T08:00:00+08:00,1688169600,27.3,7.44,6.24,326.0,35.8,3.05,0.064,0.054,3.06,,,Ⅱ
2023-07-01T12:00:00+08:00,1688184000,28.5,7.67,7.39,323.2,27.3,3.32,0.048,0.054,3.06,,,Ⅱ
2023-07-01T16:00:00+08:00,1688198400,29.7,8.03,8.18,334.0,26.5,3.23,0.036,0.049,2.84,,,Ⅱ
2023-07-01T20:00:00+08:00,1688212800,28.1,7.4,6.01,333.4,33.8,3.51,0.074,0.068,2.93,,,Ⅱ
2023-07-02T00:00:00+08:00,1688227200,28.3,7.39,6.09,336.9,30.8,3.51,0.072,0.071,2.85,,,Ⅱ
2023-07-02T04:00:00+08:00,1688241600,27.9,7.28,5.1,357.1,30.7,3.6,0.088,0.071,2.79,,,Ⅲ
2023-07-02T08:00:00+08:00,1688256000,28.2,7.28,5.11,358.3,23.7,3.62,0.066,0.067,2.75,,,Ⅲ
2023-07-02T12:00:00+08:00,1688270400,30.8,7.6,7.55,366.4,21.2,3.86,0.041,0.067,2.58,,,Ⅱ
2023-07-02T16:00:00+08:00,1688284800,29.2,7.33,6.06,358.3,27.0,3.56,0.059,0.06,2.68,,,Ⅱ
2023-07-02T20:00:00+08:00,1688299200,28.8,7.26,5.47,329.0,89.1,3.64,0.086,0.074,2.77,,,Ⅲ
2023-07-03T00:00:00+08:00,1688313600,28.6,7.62,6.94,337.4,46.2,3.04,0.05,0.057,2.67,,,Ⅱ
2023-07-03T04:00:00+08:00,1688328000,28.5,7.32,5.58,355.4,36.0,3.51,0.065,0.062,2.78,,,Ⅲ
2023-07-03T08:00:00+08:00,1688342400,28.6,7.3,5.42,361.6,34.2,3.64,0.061,0.062,2.83,,,Ⅲ
2023-07-03T12:00:00+08:00,1688356800,29.2,7.25,5.14,315.9,45.2,3.16,0.063,0.057,2.93,,,Ⅲ
2023-07-03T16:00:00+08:00,1688371200,30.6,7.52,7.06,302.4,34.0,3.36,0.037,0.05,3.07,,,Ⅱ
2023-07-03T20:00:00+08:00,1688385600,29.1,7.31,6.04,296.3,26.4,2.88,0.04,0.041,3.1,,,Ⅱ
2023-07-04T00:00:00+08:00,1688400000,28.9,7.43,6.43,301.1,24.0,2.89,0.028,0.042,3.05,,,Ⅱ
2023-07-04T04:00:00+08:00,1688414400,28.7,7.31,5.86,301.0,27.8,2.88,0.036,0.042,2.96,,,Ⅲ
2023-07-04T08:00:00+08:00,1688428800,29.0,7.28,5.55,307.8,30.3,2.96,0.036,0.043,2.96,,,Ⅲ
2023-07-04T12:00:00+08:00,1688443200,29.7,7.43,6.16,318.7,31.4,2.87,0.032,0.042,2.62,,,Ⅱ
2023-07-04T16:00:00+08:00,1688457600,30.8,7.76,7.21,334.8,28.2,2.88,0.025,0.04,2.38,,,Ⅱ
2023-07-04T20:00:00+08:00,1688472000,30.5,7.59,6.92,334.6,27.7,2.83,0.025,0.042,2.46,,,Ⅱ
2023-07-05T00:00:00+08:00,1688486400,30.1,7.35,5.96,329.2,32.4,2.8,0.032,0.042,2.52,,,Ⅲ
2023-07-05T04:00:00+08:00,1688500800,29.6,7.6,6.83,319.8,128.4,3.52,0.077,0.08,2.81,,,Ⅱ
2023-07-05T08:00:00+08:00,1688515200,29.4,7.65,6.98,311.7,57.7,3.32,0.057,0.075,2.95,,,Ⅱ
2023-07-05T12:00:00+08:00,1688529600,29.4,7.41,6.12,323.2,48.5,3.23,0.06,0.06,2.8,,,Ⅱ
2023-07-05T16:00:00+08:00,1688544000,29.9,7.4,6.02,339.3,43.0,3.25,0.046,0.057,2.59,,,Ⅱ
2023-07-05T20:00:00+08:00,1688558400,29.7,7.23,5.18,393.3,51.9,3.32,0.084,0.067,2.78,,,Ⅲ
2023-07-06T00:00:00+08:00,1688572800,28.6,7.03,3.94,320.2,43.8,3.34,0.132,0.076,3.48,,,Ⅳ
2023-07-06T04:00:00+08:00,1688587200,28.0,6.96,3.43,287.2,40.4,3.6,0.126,0.081,3.65,,,Ⅳ
2023-07-06T08:00:00+08:00,1688601600,28.0,6.99,3.61,292.0,51.6,3.5,0.073,0.087,3.71,,,Ⅳ
2023-07-06T12:00:00+08:00,1688616000,28.4,7.05,3.92,304.2,71.1,3.6,0.097,0.1,3.38,,,Ⅳ
2023-07-06T16:00:00+08:00,1688630400,28.8,7.06,3.94,298.2,75.6,3.72,0.122,0.1,3.36,,,Ⅳ
2023-07-06T20:00:00+08:00,1688644800,28.6,7.06,4.1,295.3,77.1,3.68,0.098,0.101,3.26,,,Ⅳ
2023-07-07T00:00:00+08:00,1688659200,28.5,7.03,3.96,296.0,64.2,3.55,0.087,0.1,3.25,,,Ⅳ
2023-07-07T04:00:00+08:00,1688673600,28.1,7.0,3.65,292.5,60.6,3.39,0.106,0.101,3.16,,,Ⅳ
2023-07-07T08:00:00+08:00,1688688000,28.1,6.99,3.48,298.4,56.0,3.55,0.129,0.106,3.29,,,Ⅳ
2023-07-07T16:00:00+08:00,1688716800,29.0,7.0,3.65,306.4,51.5,3.75,0.141,0.102,3.29,,,Ⅳ
2023-07-07T20:00:00+08:00,1688731200,29.3,7.07,4.3,296.8,48.0,3.35,0.092,0.084,3.2,,,Ⅳ
2023-07-08T00:00:00+08:00,1688745600,29.0,7.03,3.9,302.1,42.4,3.36,0.104,0.085,3.19,,,Ⅳ
2023-07-08T04:00:00+08:00,1688760000,28.9,7.01,3.7,299.6,42.6,3.23,0.1,0.085,3.21,,,Ⅳ
2023-07-08T08:00:00+08:00,1688774400,29.1,7.1,4.67,290.7,42.7,3.31,0.062,,3.18,,,
2023-07-08T12:00:00+08:00,1688788800,29.4,7.24,5.53,286.0,46.6,3.25,0.043,0.071,3.15,,,Ⅲ
2023-07-08T16:00:00+08:00,1688803200,30.0,7.26,5.65,288.2,39.2,3.35,0.039,0.066,3.11,,,Ⅲ
2023-07-08T20:00:00+08:00,1688817600,29.7,7.28,5.56,291.1,40.3,3.08,0.039,0.069,3.06,,,Ⅲ
2023-07-09T00:00:00+08:00,1688832000,29.6,7.24,5.24,295.0,38.2,3.04,0.042,0.066,3.04,,,Ⅲ
2023-07-09T04:00:00+08:00,1688846400,29.5,7.27,5.41,290.6,35.9,3.15,0.037,0.059,3.04,,,Ⅲ
2023-07-09T08:00:00+08:00,1688860800,29.6,7.33,5.69,285.4,31.9,3.2,0.034,0.056,3.1,,,Ⅲ
2023-07-09T12:00:00+08:00,1688875200,29.8,7.35,5.64,288.4,31.0,3.0,0.034,0.054,3.05,,,Ⅲ
2023-07-09T16:00:00+08:00,1688889600,29.8,7.31,5.36,292.8,35.8,3.08,0.045,0.057,2.99,,,Ⅲ
2023-07-09T20:00:00+08:00,1688904000,29.5,7.22,4.65,295.4,33.6,2.96,0.048,0.056,2.93,,,Ⅳ
2023-07-10T00:00:00+08:00,1688918400,29.4,7.35,5.24,304.6,31.0,2.87,0.044,0.056,2.85,,,Ⅲ
2023-07-10T04:00:00+08:00,1688932800,29.3,7.43,5.64,304.5,28.5,2.79,0.037,0.051,2.82,,,Ⅲ
2023-07-10T08:00:00+08:00,1688947200,29.4,7.42,5.8,302.8,25.8,3.11,0.038,0.051,2.88,,,Ⅲ
2023-07-10T12:00:00+08:00,1688961600,30.2,7.54,6.35,299.0,73.5,3.44,0.053,0.071,2.78,,,Ⅱ
2023-07-10T16:00:00+08:00,1688976000,30.5,7.56,6.38,306.4,79.2,3.4,0.068,0.079,2.86,,,Ⅱ
2023-07-10T20:00:00+08:00,1688990400,30.1,7.43,5.77,305.8,44.1,3.16,0.053,0.068,2.86,,,Ⅲ
2023-07-11T00:00:00+08:00,1689004800,29.4,7.4,5.58,310.4,53.4,3.0,0.06,0.068,2.92,,,Ⅲ
2023-07-11T04:00:00+08:00,1689019200,29.2,7.43,5.87,307.9,60.0,3.03,0.068,0.072,2.87,,,Ⅲ
2023-07-11T08:00:00+08:00,1689033600,29.2,7.4,5.48,297.3,65.6,3.16,0.075,0.065,2.91,,,Ⅲ
2023-07-11T12:00:00+08:00,1689048000,29.9,7.42,5.24,299.4,57.5,3.01,0.061,0.064,2.72,,,Ⅲ
2023-07-11T16:00:00+08:00,1689062400,31.0,7.62,6.22,297.8,41.2,3.0,0.037,0.057,2.74,,,Ⅱ
2023-07-11T20:00:00+08:00,1689076800,31.1,7.82,7.09,296.7,40.4,3.11,0.031,,2.71,,,
2023-07-12T00:00:00+08:00,1689091200,30.6,7.51,6.01,290.7,36.0,2.91,0.035,0.052,2.72,,,Ⅱ
2023-07-12T04:00:00+08:00,1689105600,29.8,7.41,5.37,275.1,37.5,2.72,0.042,0.053,2.97,,,Ⅲ
2023-07-12T08:00:00+08:00,1689120000,30.1,7.47,5.91,273.7,40.0,2.73,0.037,0.052,3.11,,,Ⅲ
2023-07-12T16:00:00+08:00,1689148800,33.2,7.83,7.0,287.1,34.0,2.85,0.025,0.049,2.61,,,Ⅲ
2023-07-12T20:00:00+08:00,1689163200,32.2,7.99,7.52,276.0,31.0,2.61,0.025,0.047,2.86,,,Ⅱ
2023-07-13T04:00:00+08:00,1689192000,30.8,7.31,5.26,265.6,32.9,2.64,0.039,0.059,2.92,,,Ⅱ
2023-07-13T08:00:00+08:00,1689206400,30.6,7.25,4.96,260.8,33.4,2.57,0.042,0.048,3.12,,,Ⅲ
2023-07-13T12:00:00+08:00,1689220800,30.9,7.18,4.19,259.8,33.1,2.45,0.045,0.047,3.12,,,Ⅳ
2023-07-13T16:00:00+08:00,1689235200,31.1,7.5,5.97,262.3,28.6,2.46,0.028,0.043,3.07,,,Ⅳ
2023-07-13T20:00:00+08:00,1689249600,31.4,7.41,6.04,262.9,24.8,2.42,0.026,0.041,3.17,,,Ⅲ
2023-07-14T04:00:00+08:00,1689278400,31.0,7.26,5.42,263.8,24.0,2.21,0.04,0.043,3.12,,,Ⅲ
2023-07-14T08:00:00+08:00,1689292800,31.0,7.27,5.5,267.0,24.6,2.44,0.04,0.045,3.19,,,Ⅲ
2023-07-14T12:00:00+08:00,1689307200,31.8,7.45,6.11,287.5,21.3,2.81,0.025,0.041,2.75,,,Ⅲ
2023-07-14T16:00:00+08:00,1689321600,32.3,7.65,6.74,299.4,19.3,2.54,0.025,0.039,2.44,,,Ⅱ
2023-07-14T20:00:00+08:00,1689336000,31.6,7.74,6.94,311.1,16.4,2.68,0.025,0.038,2.22,,,Ⅱ
2023-07-15T04:00:00+08:00,1689364800,31.0,7.53,6.26,307.4,20.8,2.49,0.025,0.039,2.26,,,Ⅲ
2023-07-15T08:00:00+08:00,1689379200,31.1,7.65,6.57,313.8,14.3,2.7,0.025,0.034,2.24,,,Ⅱ
2023-07-15T12:00:00+08:00,1689393600,32.0,7.82,6.97,319.9,36.8,2.8,0.025,0.035,2.15,,,Ⅱ
2023-07-15T16:00:00+08:00,1689408000,32.4,7.87,7.1,317.9,41.2,2.79,0.025,0.038,2.16,,,Ⅱ
2023-07-15T20:00:00+08:00,1689422400,31.5,7.87,7.2,316.6,46.5,2.56,0.025,0.037,2.07,,,Ⅱ
2023-07-16T04:00:00+08:00,1689451200,30.6,7.76,6.71,323.8,63.6,2.81,0.034,0.046,2.08,,,Ⅱ
2023-07-16T08:00:00+08:00,1689465600,30.1,7.78,6.74,330.1,66.6,2.68,0.031,0.048,2.03,,,Ⅱ
2023-07-16T12:00:00+08:00,1689480000,30.9,7.77,6.77,327.9,76.3,2.99,0.041,0.052,1.99,,,Ⅱ
2023-07-16T16:00:00+08:00,1689494400,31.3,7.73,6.62,328.5,181.5,3.94,0.117,0.102,2.21,,,Ⅲ
2023-07-16T20:00:00+08:00,1689508800,30.5,7.77,6.75,325.0,90.6,2.96,0.058,0.054,1.95,,,Ⅱ
2023-07-17T04:00:00+08:00,1689537600,29.8,7.6,6.22,325.7,74.3,2.88,0.057,0.059,1.93,,,Ⅱ
2023-07-17T08:00:00+08:00,1689552000,29.9,7.6,6.21,325.9,67.4,2.7,0.057,0.054,1.94,,,Ⅱ
2023-07-17T12:00:00+08:00,1689566400,31.4,7.65,6.57,314.6,75.1,2.79,0.05,0.057,1.9,,,Ⅱ
2023-07-17T16:00:00+08:00,1689580800,32.0,7.78,6.96,308.2,113.8,3.15,0.06,0.069,2.08,,,Ⅱ
2023-07-17T20:00:00+08:00,1689595200,31.4,7.85,6.99,310.5,83.7,2.75,0.046,0.059,2.06,,,Ⅱ
2023-07-18T04:00:00+08:00,1689624000,31.0,7.43,5.64,316.0,67.2,3.19,0.067,0.065,1.97,,,Ⅲ
2023-07-18T08:00:00+08:00,1689638400,31.0,7.38,5.31,325.0,65.7,3.46,0.073,0.069,1.93,,,Ⅲ
2023-07-18T12:00:00+08:00,1689652800,32.0,7.61,6.25,305.5,71.8,2.77,0.045,0.057,1.89,,,Ⅱ
2023-07-18T16:00:00+08:00,1689667200,33.2,7.87,7.03,298.2,73.4,3.03,0.044,0.054,2.06,,,Ⅱ
2023-07-18T20:00:00+08:00,1689681600,32.4,7.76,6.88,301.6,63.8,2.8,0.034,0.053,2.1,,,Ⅱ
2023-07-19T04:00:00+08:00,1689710400,31.4,7.65,6.42,301.1,57.6,2.57,0.036,0.05,2.02,,,Ⅱ
2023-07-19T08:00:00+08:00,1689724800,31.0,7.6,6.3,309.0,72.8,3.04,0.056,0.059,1.98,,,Ⅱ
2023-07-19T12:00:00+08:00,1689739200,31.4,7.65,6.39,315.9,69.7,2.7,0.044,0.052,1.78,,,Ⅱ
2023-07-19T16:00:00+08:00,1689753600,31.2,8.02,7.29,325.7,66.0,2.7,0.028,0.052,1.84,,,Ⅱ
2023-07-19T20:00:00+08:00,1689768000,31.0,7.88,7.04,320.8,55.8,2.57,0.028,0.05,1.79,,,Ⅱ
2023-07-20T04:00:00+08:00,1689796800,31.0,7.25,4.65,318.2,73.0,3.07,0.097,0.078,1.9,,,Ⅳ
2023-07-20T08:00:00+08:00,1689811200,30.5,7.15,3.49,349.7,76.5,3.62,0.164,0.101,1.89,,,Ⅳ
2023-07-20T12:00:00+08:00,1689825600,30.4,7.12,3.23,445.9,66.7,3.8,0.216,0.106,2.18,,,Ⅳ
2023-07-20T16:00:00+08:00,1689840000,30.5,7.1,3.28,440.8,69.4,3.68,0.222,0.101,2.58,,,Ⅳ
2023-07-20T20:00:00+08:00,1689854400,30.1,7.08,2.94,382.6,65.8,3.51,0.423,0.113,3.21,,,Ⅴ
2023-07-21T04:00:00+08:00,1689883200,29.4,7.08,3.18,369.4,56.1,3.51,0.599,0.107,3.25,,,Ⅳ
2023-07-21T08:00:00+08:00,1689897600,29.4,7.04,2.84,359.3,59.0,3.66,0.644,,3.32,,,
2023-07-21T12:00:00+08:00,1689912000,30.1,7.04,2.73,361.2,62.0,4.34,0.496,0.11,3.14,,,Ⅴ
2023-07-21T16:00:00+08:00,1689926400,30.6,7.04,3.16,366.3,57.1,4.26,0.111,,3.39,,,
2023-07-21T20:00:00+08:00,1689940800,30.4,7.04,3.17,367.6,40.6,5.32,0.032,,3.17,,,
2023-07-22T04:00:00+08:00,1689969600,30.1,7.05,3.2,368.8,39.7,3.79,0.025,,3.19,,,
2023-07-22T08:00:00+08:00,1689984000,29.8,7.03,3.04,364.6,39.6,4.08,0.025,0.005,3.15,,,Ⅳ
2023-07-22T16:00:00+08:00,1690012800,30.1,7.05,3.61,342.0,59.7,3.62,0.103,0.106,2.84,,,Ⅳ
2023-07-22T20:00:00+08:00,1690027200,30.0,7.07,3.74,329.1,70.3,3.51,0.091,0.105,2.83,,,Ⅳ
2023-07-23T04:00:00+08:00,1690056000,29.2,7.03,3.32,340.7,61.8,3.68,0.08,0.119,2.64,,,Ⅳ
2023-07-23T08:00:00+08:00,1690070400,29.3,7.01,2.99,339.6,58.6,3.79,0.079,0.126,2.64,,,Ⅴ
2023-07-23T12:00:00+08:00,1690084800,30.2,7.02,2.85,336.2,59.4,3.83,0.08,0.128,2.67,,,Ⅴ
2023-07-23T16:00:00+08:00,1690099200,31.0,7.04,2.9,344.1,65.8,3.82,0.087,0.138,2.74,,,Ⅴ
2023-07-23T20:00:00+08:00,1690113600,31.0,7.04,2.95,362.5,51.6,3.84,0.085,0.136,2.83,,,Ⅴ
2023-07-24T04:00:00+08:00,1690142400,30.3,7.0,2.55,356.8,38.4,3.47,0.088,0.122,2.96,,,Ⅴ
2023-07-24T08:00:00+08:00,1690156800,30.2,6.98,2.47,351.3,38.0,3.58,0.069,0.115,3.0,,,Ⅴ
2023-07-24T12:00:00+08:00,1690171200,31.5,7.01,3.03,352.2,41.0,3.78,0.062,0.119,2.97,,,Ⅳ
2023-07-24T16:00:00+08:00,1690185600,32.2,7.09,3.94,355.3,37.9,3.83,0.043,0.118,2.89,,,Ⅳ
2023-07-24T20:00:00+08:00,1690200000,31.2,7.05,3.52,357.2,41.0,3.91,0.041,0.122,2.84,,,Ⅳ
2023-07-25T04:00:00+08:00,1690228800,30.7,7.0,2.98,373.6,33.3,3.99,0.044,0.123,2.63,,,Ⅴ
2023-07-25T08:00:00+08:00,1690243200,30.8,7.02,3.29,380.1,30.6,7.33,0.056,0.123,2.61,,,Ⅳ
2023-07-25T12:00:00+08:00,1690257600,32.0,7.19,5.35,389.3,31.5,4.26,0.051,0.125,2.61,,,Ⅲ
2023-07-25T16:00:00+08:00,1690272000,32.3,7.52,7.89,394.6,27.7,5.06,0.03,0.131,2.74,,,Ⅲ
2023-07-25T20:00:00+08:00,1690286400,31.0,7.4,6.74,333.2,24.4,3.7,0.042,0.094,2.88,,,Ⅱ
2023-07-26T04:00:00+08:00,1690315200,30.2,7.04,4.11,389.8,29.1,3.98,0.098,0.109,2.52,,,Ⅳ
2023-07-26T12:00:00+08:00,1690344000,31.0,7.36,7.07,409.0,24.9,5.17,0.045,0.128,2.41,,,Ⅲ
2023-07-26T16:00:00+08:00,1690358400,31.0,7.76,7.35,261.7,31.7,3.25,0.044,0.07,3.04,,,Ⅱ
2023-07-26T20:00:00+08:00,1690372800,30.7,8.36,7.93,253.6,26.0,3.2,0.027,0.061,3.01,,,Ⅱ
2023-07-27T04:00:00+08:00,1690401600,29.7,7.48,6.36,260.8,45.0,3.24,0.056,0.077,3.18,,,Ⅱ
2023-07-27T08:00:00+08:00,1690416000,29.2,7.23,6.1,236.6,45.4,2.91,0.123,0.073,3.44,,,Ⅱ
2023-07-27T12:00:00+08:00,1690430400,29.8,7.29,6.51,234.4,53.5,3.07,0.095,0.073,3.45,,,Ⅱ
2023-07-27T16:00:00+08:00,1690444800,29.7,7.35,6.76,233.6,38.7,2.85,0.085,,,,,
2023-07-27T20:00:00+08:00,1690459200,29.4,7.33,6.44,235.0,61.3,3.03,0.098,0.075,3.25,,,Ⅱ
2023-07-28T04:00:00+08:00,1690488000,28.5,7.74,7.32,229.6,40.2,3.16,0.04,0.061,3.12,,,Ⅱ
2023-07-28T08:00:00+08:00,1690502400,28.2,7.45,7.0,229.3,71.3,3.29,0.067,0.081,3.12,,,Ⅱ
2023-07-28T12:00:00+08:00,1690516800,28.3,7.85,7.17,232.1,37.8,3.1,0.036,0.062,2.96,,,Ⅱ
2023-07-28T16:00:00+08:00,1690531200,28.5,7.43,6.66,232.9,37.7,3.2,0.043,0.061,2.92,,,Ⅱ
2023-07-28T20:00:00+08:00,1690545600,28.5,7.18,5.51,252.0,57.0,3.37,0.096,0.079,2.84,,,Ⅲ
2023-07-29T04:00:00+08:00,1690574400,28.5,7.19,4.42,451.7,44.4,4.26,0.145,0.097,2.41,,,Ⅳ
2023-07-29T08:00:00+08:00,1690588800,28.3,7.08,3.3,388.6,42.1,3.96,0.489,0.111,3.05,,,Ⅳ
2023-07-29T12:00:00+08:00,1690603200,28.4,7.08,3.52,396.6,40.9,3.74,0.49,0.11,3.28,,,Ⅳ
2023-07-29T16:00:00+08:00,1690617600,28.6,7.08,4.07,331.8,45.2,3.76,0.476,0.106,3.32,,,Ⅳ
2023-07-29T20:00:00+08:00,1690632000,28.5,7.08,4.31,316.0,50.2,3.55,0.43,0.105,3.41,,,Ⅳ
2023-07-30T04:00:00+08:00,1690660800,28.1,7.04,4.01,309.2,39.0,3.32,0.218,0.094,3.27,,,Ⅳ
2023-07-30T08:00:00+08:00,1690675200,28.0,7.03,3.87,301.0,55.5,3.56,0.193,0.094,3.29,,,Ⅳ
2023-07-30T12:00:00+08:00,1690689600,28.4,7.03,3.85,307.5,43.9,3.54,0.152,0.092,3.25,,,Ⅳ
2023-07-30T16:00:00+08:00,1690704000,28.7,7.03,3.68,314.7,44.7,3.47,0.153,0.087,3.22,,,Ⅳ
2023-07-30T20:00:00+08:00,1690718400,28.4,7.03,3.59,322.5,41.5,3.47,0.167,0.091,3.1,,,Ⅳ
2023-07-31T04:00:00+08:00,1690747200,28.1,7.03,3.35,336.9,41.2,3.43,0.172,0.091,3.03,,,Ⅳ
2023-07-31T08:00:00+08:00,1690761600,28.1,7.03,3.35,336.3,36.2,3.5,0.146,0.091,3.03,,,Ⅳ
2023-07-31T12:00:00+08:00,1690776000,28.4,7.33,5.68,298.8,50.0,2.94,0.062,0.075,2.69,,,Ⅲ
2023-07-31T16:00:00+08:00,1690790400,29.0,7.54,6.63,295.1,39.9,2.83,0.038,0.07,2.72,,,Ⅱ
2023-07-31T20:00:00+08:00,1690804800,28.7,7.51,6.52,300.6,45.0,2.81,0.042,0.072,2.61,,,Ⅱ
2023-08-01T04:00:00+08:00,1690833600,28.0,7.44,6.24,295.6,53.4,2.87,0.05,0.075,2.66,,,Ⅱ
2023-08-01T08:00:00+08:00,1690848000,28.1,7.53,6.62,283.5,48.1,3.09,0.033,0.069,2.7,,,Ⅱ
2023-08-01T12:00:00+08:00,1690862400,28.9,7.87,7.65,294.0,44.0,2.98,0.028,0.067,2.56,,,Ⅱ
2023-08-01T16:00:00+08:00,1690876800,29.4,7.85,7.59,303.3,58.2,3.25,0.038,0.072,2.48,,,Ⅱ
2023-08-01T20:00:00+08:00,1690891200,29.1,7.78,7.44,323.7,46.6,2.76,0.034,0.066,2.24,,,Ⅱ
2023-08-02T04:00:00+08:00,1690920000,28.5,7.57,6.63,293.3,63.8,2.94,0.055,0.07,2.5,,,Ⅱ
2023-08-02T08:00:00+08:00,1690934400,28.5,7.58,6.8,284.2,61.7,3.21,0.053,0.08,2.55,,,Ⅱ
2023-08-02T12:00:00+08:00,1690948800,30.0,8.38,8.65,341.4,37.2,2.98,0.026,0.06,1.88,,,Ⅱ
2023-08-02T16:00:00+08:00,1690963200,31.3,8.68,9.31,360.3,41.0,2.83,0.029,0.058,1.54,,,Ⅱ
2023-08-02T20:00:00+08:00,1690977600,30.7,8.57,8.77,395.3,52.5,2.76,0.035,0.059,1.16,,,Ⅱ
2023-08-03T04:00:00+08:00,1691006400,29.4,8.34,7.69,405.8,56.2,2.74,0.042,0.07,0.88,,,Ⅱ
2023-08-03T08:00:00+08:00,1691020800,29.1,8.31,7.44,413.2,63.4,2.98,0.052,0.088,0.84,,,Ⅱ
2023-08-03T12:00:00+08:00,1691035200,30.6,8.6,8.48,417.1,48.0,2.77,0.038,0.071,0.77,,,Ⅱ
2023-08-03T16:00:00+08:00,1691049600,31.9,8.68,8.81,416.7,54.2,3.22,0.042,0.069,0.74,,,Ⅱ
2023-08-03T20:00:00+08:00,1691064000,31.0,8.69,8.5,421.4,54.8,3.13,0.038,0.065,0.75,,,Ⅱ
2023-08-04T04:00:00+08:00,1691092800,30.1,8.43,7.16,416.7,55.7,2.81,0.041,0.069,0.73,,,Ⅱ
2023-08-04T08:00:00+08:00,1691107200,30.0,8.49,7.34,417.9,49.5,2.88,0.039,0.074,0.7,,,Ⅱ
2023-08-04T12:00:00+08:00,1691121600,31.3,8.67,8.21,420.0,41.0,3.09,0.032,0.06,0.53,,,Ⅱ
2023-08-04T16:00:00+08:00,1691136000,32.4,8.58,7.92,420.0,51.2,2.74,0.042,0.06,0.65,,,Ⅱ
2023-08-04T20:00:00+08:00,1691150400,31.8,8.64,7.97,422.1,42.6,2.83,0.036,0.055,0.54,,,Ⅱ
2023-08-05T04:00:00+08:00,1691179200,30.6,8.57,7.21,420.0,26.5,2.39,0.025,0.053,0.49,,,Ⅱ
2023-08-05T08:00:00+08:00,1691193600,30.5,8.27,6.48,418.6,38.0,2.5,0.038,0.061,0.65,,,Ⅱ
2023-08-05T12:00:00+08:00,1691208000,32.6,8.77,8.2,421.0,19.4,2.83,0.025,0.047,0.46,,,Ⅱ
2023-08-05T16:00:00+08:00,1691222400,34.2,8.76,8.21,419.2,23.3,2.57,0.025,0.044,0.53,,,Ⅱ
2023-08-05T20:00:00+08:00,1691236800,33.7,8.73,8.08,418.1,21.9,2.58,0.025,0.045,0.37,,,Ⅱ
2023-08-06T04:00:00+08:00,1691265600,32.5,8.26,6.68,411.3,20.6,2.2,0.027,0.041,0.53,,,Ⅱ
2023-08-06T08:00:00+08:00,1691280000,32.4,8.05,6.92,353.3,22.5,2.68,0.025,0.045,1.37,,,Ⅱ
2023-08-06T12:00:00+08:00,1691294400,34.4,8.39,7.47,363.6,18.7,2.65,0.025,0.041,1.26,,,Ⅱ
2023-08-06T16:00:00+08:00,1691308800,36.3,8.63,7.74,377.6,12.2,2.5,0.025,0.037,1.09,,,Ⅱ
2023-08-06T20:00:00+08:00,1691323200,35.2,8.4,7.15,375.9,45.8,2.77,0.032,0.05,1.02,,,Ⅱ
2023-08-07T04:00:00+08:00,1691352000,33.7,8.08,6.09,383.3,55.0,2.68,0.051,0.056,1.0,,,Ⅱ
2023-08-07T08:00:00+08:00,1691366400,32.9,7.79,5.57,385.3,44.6,2.44,0.051,0.05,1.02,,,Ⅲ
2023-08-07T12:00:00+08:00,1691380800,33.8,7.82,5.68,387.6,32.8,2.29,0.04,0.043,1.09,,,Ⅲ
2023-08-07T16:00:00+08:00,1691395200,34.7,8.06,6.38,392.4,33.6,2.64,0.032,0.047,1.12,,,Ⅱ
2023-08-07T20:00:00+08:00,1691409600,33.6,7.96,6.23,385.9,89.1,3.1,0.07,0.076,1.15,,,Ⅱ
2023-08-08T04:00:00+08:00,1691438400,31.8,7.97,5.75,393.8,28.2,2.28,0.033,0.046,0.97,,,Ⅲ
2023-08-08T08:00:00+08:00,1691452800,31.3,7.97,5.82,385.5,29.8,2.4,0.052,0.052,1.07,,,Ⅲ
2023-08-08T12:00:00+08:00,1691467200,33.3,8.31,6.75,391.1,20.5,2.55,0.025,0.048,0.92,,,Ⅱ
2023-08-08T16:00:00+08:00,1691481600,34.0,8.52,7.73,391.3,22.2,2.88,0.025,0.054,0.93,,,Ⅱ
2023-08-08T20:00:00+08:00,1691496000,32.3,8.06,6.2,389.7,28.0,2.42,0.029,0.05,0.92,,,Ⅱ
2023-08-09T04:00:00+08:00,1691524800,31.8,7.81,5.64,387.8,29.6,2.36,0.034,0.051,1.08,,,Ⅲ
2023-08-09T08:00:00+08:00,1691539200,31.4,7.61,4.98,391.8,30.7,2.44,0.04,0.054,0.88,,,Ⅳ
2023-08-09T12:00:00+08:00,1691553600,32.8,8.24,7.18,390.9,24.1,2.66,0.025,0.06,0.85,,,Ⅱ
2023-08-09T20:00:00+08:00,1691582400,31.9,7.69,5.96,361.4,177.4,4.44,0.142,0.132,1.59,,,Ⅲ
2023-08-10T04:00:00+08:00,1691611200,30.7,7.64,5.92,331.0,101.7,3.77,0.086,0.089,1.73,,,Ⅲ
2023-08-10T08:00:00+08:00,1691625600,30.6,7.65,5.83,333.0,56.0,3.16,0.052,0.064,1.58,,,Ⅲ
2023-08-10T12:00:00+08:00,1691640000,31.3,7.59,5.9,334.2,90.5,3.3,0.086,0.081,1.77,,,Ⅲ
2023-08-10T16:00:00+08:00,1691654400,32.4,7.91,6.81,339.6,64.2,3.33,0.053,0.068,1.68,,,Ⅱ
2023-08-10T20:00:00+08:00,1691668800,32.1,8.26,7.51,346.8,55.4,3.26,0.045,0.065,1.67,,,Ⅱ
2023-08-11T00:00:00+08:00,1691683200,31.4,8.24,7.3,334.7,29.1,2.6,0.032,0.05,1.71,,,Ⅱ
2023-08-11T04:00:00+08:00,1691697600,31.0,8.32,7.21,324.4,26.4,2.98,0.026,0.058,1.75,,,Ⅱ
2023-08-11T08:00:00+08:00,1691712000,31.0,8.49,7.46,329.7,21.1,3.1,0.025,0.054,1.5,,,Ⅱ
2023-08-11T12:00:00+08:00,1691726400,32.6,9.02,9.25,356.8,17.2,3.35,0.025,0.058,1.15,,,劣Ⅴ
2023-08-11T16:00:00+08:00,1691740800,33.4,9.14,9.29,388.4,12.8,3.21,0.025,0.053,0.75,,,劣Ⅴ
2023-08-11T20:00:00+08:00,1691755200,32.7,9.03,8.79,391.8,12.4,2.99,0.025,0.054,0.58,,,劣Ⅴ
2023-08-12T00:00:00+08:00,1691769600,32.1,8.86,7.87,394.4,13.6,2.8,0.025,0.052,0.65,,,Ⅱ
2023-08-12T04:00:00+08:00,1691784000,31.5,8.72,7.06,388.1,15.3,2.55,0.025,0.044,0.7,,,Ⅱ
2023-08-12T08:00:00+08:00,1691798400,31.6,8.69,7.36,379.4,15.7,2.84,0.025,0.05,0.65,,,Ⅱ
2023-08-12T12:00:00+08:00,1691812800,32.8,8.8,8.09,375.7,15.4,3.05,0.025,0.048,0.71,,,Ⅱ
2023-08-12T16:00:00+08:00,1691827200,34.1,9.08,9.56,383.6,13.7,3.3,0.025,0.047,0.7,,,劣Ⅴ
2023-08-12T20:00:00+08:00,1691841600,33.2,9.0,9.23,386.9,10.4,3.32,0.025,0.049,0.59,,,Ⅱ
2023-08-13T00:00:00+08:00,1691856000,32.6,8.85,8.32,393.2,11.7,3.0,0.025,0.049,0.55,,,Ⅱ
2023-08-13T08:00:00+08:00,1691884800,32.1,8.63,7.64,371.7,17.0,2.95,0.025,0.054,0.78,,,Ⅱ
2023-08-13T08:34:00+08:00,1691886840,,,,,,,,,,,,
2023-08-13T12:00:00+08:00,1691899200,33.7,8.99,9.32,367.2,12.8,3.28,0.025,0.054,0.77,,,Ⅱ
2023-08-13T16:00:00+08:00,1691913600,34.1,9.03,9.23,382.9,10.3,3.22,0.025,0.047,0.62,,,劣Ⅴ
2023-08-13T20:00:00+08:00,1691928000,33.1,8.97,8.85,385.4,13.7,3.21,0.025,0.049,0.55,,,Ⅱ
2023-08-14T04:00:00+08:00,1691956800,31.6,8.65,6.87,401.1,25.4,2.92,0.025,0.054,0.63,,,Ⅱ
2023-08-14T08:00:00+08:00,1691971200,31.1,8.64,6.85,407.1,24.3,3.07,0.025,0.062,0.55,,,Ⅱ
2023-08-14T12:00:00+08:00,1691985600,32.3,8.39,6.8,391.0,66.0,3.4,0.052,0.072,0.6,,,Ⅱ
2023-08-14T16:00:00+08:00,1692000000,33.4,8.43,7.05,387.6,79.5,3.6,0.063,0.082,0.75,,,Ⅱ
2023-08-14T20:00:00+08:00,1692014400,32.1,8.72,7.41,396.3,92.8,3.7,0.053,0.08,0.74,,,Ⅱ
2023-08-15T00:00:00+08:00,1692028800,31.4,8.66,6.89,401.8,43.7,3.29,0.042,0.07,0.74,,,Ⅱ
2023-08-15T04:00:00+08:00,1692043200,31.0,8.27,6.0,386.4,58.9,3.21,0.062,0.076,0.77,,,Ⅱ
2023-08-15T08:00:00+08:00,1692057600,31.0,8.38,6.24,388.9,33.9,3.07,0.037,0.069,0.49,,,Ⅱ
2023-08-15T12:00:00+08:00,1692072000,30.8,8.72,7.2,396.0,16.6,3.22,0.025,0.062,0.58,,,Ⅱ
2023-08-15T16:00:00+08:00,1692086400,31.0,8.62,7.24,389.5,18.9,3.1,0.025,0.056,0.48,,,Ⅱ
2023-08-15T20:00:00+08:00,1692100800,30.9,8.73,7.6,394.9,14.6,2.83,0.025,0.053,0.49,,,Ⅱ
2023-08-16T00:00:00+08:00,1692115200,30.5,8.44,6.57,392.5,13.9,2.68,0.025,0.049,0.45,,,Ⅱ
2023-08-16T04:00:00+08:00,1692129600,30.1,7.95,5.7,386.8,18.2,2.7,0.032,0.048,0.49,,,Ⅲ
2023-08-16T08:00:00+08:00,1692144000,30.2,8.21,6.09,387.3,19.9,2.88,0.027,0.057,0.55,,,Ⅱ
2023-08-16T12:00:00+08:00,1692158400,31.0,8.57,7.24,389.6,17.8,2.91,0.025,0.052,0.6,,,Ⅱ
2023-08-16T16:00:00+08:00,1692172800,32.6,8.97,8.79,401.9,11.1,3.1,0.025,0.051,0.47,,,Ⅱ
2023-08-16T20:00:00+08:00,1692187200,31.9,9.02,9.36,404.6,11.0,2.82,0.025,0.052,0.64,,,劣Ⅴ
2023-08-17T00:00:00+08:00,1692201600,31.5,8.78,8.17,400.2,13.9,2.78,0.025,0.05,0.53,,,Ⅱ
2023-08-17T04:00:00+08:00,1692216000,30.9,8.28,6.28,395.0,20.1,2.43,0.025,0.048,0.49,,,Ⅱ
2023-08-17T08:00:00+08:00,1692230400,31.0,8.19,6.02,390.0,19.6,2.91,0.026,0.055,0.46,,,Ⅱ
2023-08-17T12:00:00+08:00,1692244800,32.1,8.78,7.88,396.1,13.4,2.82,0.025,0.041,0.47,,,Ⅱ
2023-08-17T16:00:00+08:00,1692259200,31.0,8.76,7.6,391.3,57.4,3.27,0.041,0.082,0.63,,,Ⅱ
2023-08-17T20:00:00+08:00,1692273600,31.0,8.64,7.02,394.0,32.8,2.98,0.033,0.069,0.6,,,Ⅱ
2023-08-18T00:00:00+08:00,1692288000,29.9,8.21,5.93,388.5,39.1,2.87,0.046,0.059,0.56,,,Ⅲ
2023-08-18T04:00:00+08:00,1692302400,29.6,8.14,5.7,389.6,42.6,2.66,0.048,0.061,0.55,,,Ⅲ
2023-08-18T08:00:00+08:00,1692316800,29.4,8.27,6.04,390.4,31.2,2.67,0.034,0.063,0.52,,,Ⅱ
2023-08-18T12:00:00+08:00,1692331200,30.9,8.6,7.04,391.8,24.0,2.93,0.025,0.057,0.55,,,Ⅱ
2023-08-18T16:00:00+08:00,1692345600,31.3,8.89,6.44,397.8,40.7,3.16,0.03,0.067,0.52,,,Ⅱ
2023-08-18T20:00:00+08:00,1692360000,30.9,8.87,4.18,401.1,25.1,2.97,0.026,0.061,0.58,,,Ⅳ
2023-08-19T00:00:00+08:00,1692374400,30.6,8.77,3.76,401.2,21.4,2.92,0.025,0.064,0.55,,,Ⅳ
2023-08-19T04:00:00+08:00,1692388800,30.3,8.65,3.47,401.8,21.2,2.71,0.025,0.065,0.55,,,Ⅳ
2023-08-19T08:00:00+08:00,1692403200,29.7,8.2,3.04,395.0,31.6,2.67,0.038,0.065,0.51,,,Ⅳ
2023-08-19T12:00:00+08:00,1692417600,31.0,8.18,3.41,391.3,33.3,2.96,0.037,0.058,0.53,,,Ⅳ
2023-08-19T20:00:00+08:00,1692446400,31.0,8.47,2.26,400.9,31.7,2.89,0.036,0.07,0.49,,,Ⅴ
2023-08-20T00:00:00+08:00,1692460800,30.6,8.16,2.21,402.3,28.0,2.84,0.042,0.075,0.55,,,Ⅴ
2023-08-20T04:00:00+08:00,1692475200,30.4,8.04,1.16,403.7,26.6,2.71,0.046,0.073,0.59,,,劣Ⅴ
2023-08-20T08:00:00+08:00,1692489600,29.9,7.65,0.95,405.9,32.0,2.88,0.065,0.081,0.68,,,劣Ⅴ
2023-08-20T12:00:00+08:00,1692504000,30.6,7.66,1.45,402.0,31.8,2.83,0.052,0.076,0.6,,,劣Ⅴ
2023-08-20T16:00:00+08:00,1692518400,31.0,8.32,7.56,379.4,22.4,3.19,0.039,0.079,0.85,,,Ⅱ
2023-08-20T20:00:00+08:00,1692532800,30.7,7.98,6.94,384.5,26.7,2.87,0.03,0.063,0.64,,,Ⅱ
2023-08-21T00:00:00+08:00,1692547200,30.0,7.82,6.36,382.1,25.3,2.71,0.035,0.058,0.45,,,Ⅱ
2023-08-21T04:00:00+08:00,1692561600,29.6,7.64,5.95,379.1,28.8,2.71,0.041,0.059,0.61,,,Ⅲ
2023-08-21T08:00:00+08:00,1692576000,29.7,7.79,6.27,380.3,23.2,2.76,0.034,0.055,0.51,,,Ⅱ
2023-08-21T12:00:00+08:00,1692590400,30.5,7.88,6.54,373.9,49.9,2.88,0.042,0.066,0.63,,,Ⅱ
2023-08-21T16:00:00+08:00,1692604800,31.3,8.9,9.27,372.5,14.9,2.93,0.025,0.059,1.72,,,Ⅱ
2023-08-21T20:00:00+08:00,1692619200,31.0,8.82,8.86,373.6,13.2,2.88,0.025,0.056,1.71,,,Ⅱ
2023-08-22T00:00:00+08:00,1692633600,30.3,8.67,8.36,377.2,12.8,2.74,0.025,0.051,1.8,,,Ⅱ
2023-08-22T04:00:00+08:00,1692648000,29.8,8.69,8.03,380.0,11.6,2.65,0.025,0.049,1.78,,,Ⅱ
2023-08-22T08:00:00+08:00,1692662400,29.7,8.82,8.47,379.4,10.6,3.18,0.025,0.059,1.81,,,Ⅱ
2023-08-22T12:00:00+08:00,1692676800,30.3,8.98,9.28,375.1,9.2,3.2,0.025,0.06,1.78,,,Ⅱ
2023-08-22T16:00:00+08:00,1692691200,30.0,8.54,7.79,370.4,17.5,2.76,0.032,0.047,1.8,,,Ⅱ
2023-08-22T20:00:00+08:00,1692705600,29.4,8.55,7.74,377.4,39.5,3.1,0.045,0.066,1.81,,,Ⅱ
2023-08-23T00:00:00+08:00,1692720000,28.9,8.73,7.48,371.0,20.4,3.39,0.027,0.068,1.78,,,Ⅱ
2023-08-23T04:00:00+08:00,1692734400,28.6,8.78,7.01,369.3,15.6,3.07,0.025,0.063,1.79,,,Ⅱ
2023-08-23T08:00:00+08:00,1692748800,28.2,8.52,6.33,367.1,55.1,3.57,0.056,0.089,1.82,,,Ⅱ
2023-08-23T12:00:00+08:00,1692763200,29.6,8.01,6.34,371.3,113.3,4.09,0.111,0.11,1.7,,,Ⅲ
2023-08-23T16:00:00+08:00,1692777600,30.7,8.9,8.11,371.5,64.4,4.04,0.061,0.095,0.88,,,Ⅲ
2023-08-23T20:00:00+08:00,1692792000,30.1,9.19,8.64,369.1,12.7,3.55,0.028,0.092,0.73,,,劣Ⅴ
2023-08-24T00:00:00+08:00,1692806400,29.7,9.04,7.75,369.2,11.6,3.79,0.028,0.077,0.67,,,劣Ⅴ
2023-08-24T04:00:00+08:00,1692820800,29.3,8.64,6.36,370.3,17.0,2.96,0.043,0.063,0.67,,,Ⅱ
2023-08-24T08:00:00+08:00,1692835200,29.3,8.37,6.21,371.5,20.2,3.09,0.043,0.067,0.66,,,Ⅱ
2023-08-24T12:00:00+08:00,1692849600,30.8,9.2,9.0,372.0,2.2,3.72,0.033,0.064,0.67,,,劣Ⅴ
2023-08-24T16:00:00+08:00,1692864000,31.5,9.28,9.11,369.4,2.2,4.01,0.025,0.039,0.65,,,劣Ⅴ
2023-08-24T20:00:00+08:00,1692878400,31.0,9.21,8.73,369.7,3.5,4.0,0.025,0.065,0.54,,,劣Ⅴ
2023-08-25T00:00:00+08:00,1692892800,30.5,9.09,7.89,370.7,3.3,3.61,0.031,0.062,0.52,,,劣Ⅴ
2023-08-25T04:00:00+08:00,1692907200,30.2,9.02,7.52,371.2,4.3,3.38,0.025,0.062,0.52,,,劣Ⅴ
2023-08-25T08:00:00+08:00,1692921600,30.0,9.0,7.32,368.7,12.0,3.9,0.036,0.078,0.66,,,Ⅱ
2023-08-25T12:00:00+08:00,1692936000,31.0,9.12,8.2,372.8,4.3,3.84,0.025,0.065,0.67,,,劣Ⅴ
2023-08-25T16:00:00+08:00,1692950400,31.8,9.17,8.47,375.8,2.0,3.65,0.025,0.057,0.57,,,劣Ⅴ
2023-08-25T20:00:00+08:00,1692964800,31.2,9.03,7.88,374.9,4.0,3.69,0.025,0.057,0.48,,,劣Ⅴ
2023-08-26T00:00:00+08:00,1692979200,31.0,8.97,7.5,375.2,5.8,3.6,0.025,0.062,0.51,,,Ⅱ
2023-08-26T04:00:00+08:00,1692993600,29.9,8.93,6.83,375.1,17.3,3.63,0.035,0.075,0.59,,,Ⅱ
2023-08-26T08:00:00+08:00,1693008000,29.4,8.86,6.55,375.8,23.6,3.7,0.033,0.078,0.6,,,Ⅱ
2023-08-26T12:00:00+08:00,1693022400,30.1,9.0,7.43,377.9,19.1,3.82,0.032,0.072,0.71,,,Ⅱ
2023-08-26T16:00:00+08:00,1693036800,30.8,9.07,7.91,376.6,21.7,,0.031,0.081,0.66,,,
2023-08-26T20:00:00+08:00,1693051200,30.4,8.71,6.86,376.1,24.2,1.8,0.041,0.077,0.56,,,Ⅱ
2023-08-27T00:00:00+08:00,1693065600,30.0,8.6,6.43,376.3,23.9,0.25,0.036,0.075,0.62,,,Ⅱ
2023-08-27T04:00:00+08:00,1693080000,29.3,8.5,5.89,377.7,34.1,,0.048,0.083,0.72,,,
2023-08-27T08:00:00+08:00,1693094400,29.1,7.82,5.38,374.2,52.7,,0.077,0.086,0.69,,,
2023-08-27T12:00:00+08:00,1693108800,31.0,8.31,6.73,374.5,31.7,47.55,0.051,0.076,0.64,,,劣Ⅴ
2023-08-27T16:00:00+08:00,1693123200,30.6,7.52,5.75,398.1,49.0,,0.086,0.072,0.68,,,
2023-08-27T20:00:00+08:00,1693137600,30.1,8.4,6.9,398.5,28.1,,0.038,0.059,0.49,,,
2023-08-28T00:00:00+08:00,1693152000,29.7,7.75,5.75,397.0,36.2,2.63,0.061,0.058,0.63,,,Ⅲ
2023-08-28T04:00:00+08:00,1693166400,29.2,7.45,5.19,397.8,40.4,2.66,0.078,0.057,0.65,,,Ⅲ
2023-08-28T08:00:00+08:00,1693180800,29.2,7.51,5.52,397.0,27.7,2.51,0.044,0.056,0.55,,,Ⅲ
2023-08-28T12:00:00+08:00,1693195200,29.5,7.61,5.5,398.7,26.6,2.6,0.036,0.054,0.54,,,Ⅲ
2023-08-28T16:00:00+08:00,1693209600,28.9,8.89,7.82,422.8,22.0,2.84,0.027,0.059,0.57,,,Ⅱ
2023-08-28T20:00:00+08:00,1693224000,28.0,8.78,5.06,421.9,44.9,3.0,0.041,0.084,0.5,,,Ⅲ
2023-08-29T00:00:00+08:00,1693238400,27.4,8.41,3.55,426.9,58.1,3.21,0.075,0.087,0.53,,,Ⅳ
2023-08-29T04:00:00+08:00,1693252800,27.0,8.7,3.33,415.5,36.8,3.09,0.042,0.082,0.57,,,Ⅳ
2023-08-29T08:00:00+08:00,1693267200,26.4,8.56,3.51,415.2,42.0,3.12,0.047,0.085,0.58,,,Ⅳ
2023-08-29T12:00:00+08:00,1693281600,26.1,8.35,2.89,415.0,38.7,2.89,0.06,0.079,0.65,,,Ⅴ
2023-08-29T16:00:00+08:00,1693296000,26.6,8.18,2.8,406.7,34.1,2.89,0.063,0.077,0.66,,,Ⅴ
2023-08-29T20:00:00+08:00,1693310400,26.6,7.86,2.31,408.7,39.9,3.21,0.077,0.077,0.69,,,Ⅴ
2023-08-30T00:00:00+08:00,1693324800,26.6,7.65,1.5,417.6,39.7,2.95,,0.087,0.71,,,
2023-08-30T04:00:00+08:00,1693339200,26.5,7.6,1.88,417.4,36.5,2.84,0.102,0.082,0.75,,,劣Ⅴ
2023-08-30T08:00:00+08:00,1693353600,25.0,7.54,4.49,402.7,162.8,4.54,0.191,0.122,0.95,,,Ⅳ
2023-08-30T12:00:00+08:00,1693368000,25.0,7.76,5.38,412.6,89.0,3.09,0.107,0.086,0.62,,,Ⅲ
2023-08-30T16:00:00+08:00,1693382400,25.8,7.49,5.13,416.0,61.2,3.19,0.144,0.09,0.77,,,Ⅲ
2023-08-30T20:00:00+08:00,1693396800,26.1,7.4,4.36,486.8,51.9,2.87,0.177,0.089,1.04,,,Ⅳ
2023-08-31T00:00:00+08:00,1693411200,26.2,7.31,4.22,580.9,57.0,3.27,0.253,0.096,1.5,,,Ⅳ
2023-08-31T04:00:00+08:00,1693425600,26.3,7.26,4.02,523.1,52.6,2.95,0.372,0.097,1.69,,,Ⅳ
2023-08-31T08:00:00+08:00,1693440000,26.5,7.26,3.97,469.5,49.2,2.9,0.389,0.094,1.77,,,Ⅳ
2023-08-31T12:00:00+08:00,1693454400,26.7,7.25,4.0,452.0,54.8,2.9,0.319,0.1,1.81,,,Ⅳ
2023-08-31T16:00:00+08:00,1693468800,27.0,7.26,4.16,446.9,58.2,2.84,0.279,0.095,1.85,,,Ⅳ
2023-08-31T20:00:00+08:00,1693483200,26.9,7.25,4.12,444.1,60.4,2.84,0.224,0.098,1.86,,,Ⅳ
2023-09-01T00:00:00+08:00,1693497600,26.7,7.23,4.0,433.3,60.1,3.03,0.155,0.094,1.81,,,Ⅳ
2023-09-01T04:00:00+08:00,1693512000,26.4,7.19,3.65,438.6,56.8,2.99,0.142,0.096,1.87,,,Ⅳ
2023-09-01T08:00:00+08:00,1693526400,26.2,7.17,3.29,444.9,52.0,3.12,0.177,0.098,1.93,,,Ⅳ
2023-09-01T12:00:00+08:00,1693540800,27.1,7.17,3.36,444.9,45.4,3.12,0.174,0.095,1.93,,,Ⅳ
2023-09-01T16:00:00+08:00,1693555200,27.5,7.16,3.38,445.8,44.1,3.15,0.21,0.095,1.98,,,Ⅳ
2023-09-01T20:00:00+08:00,1693569600,27.4,7.16,3.36,443.3,45.0,3.4,0.206,0.094,2.07,,,Ⅳ
2023-09-02T00:00:00+08:00,1693584000,27.1,7.16,3.33,440.7,44.7,3.3,0.213,0.095,2.12,,,Ⅳ
2023-09-02T04:00:00+08:00,1693598400,26.8,7.14,3.15,439.0,45.5,3.15,0.211,0.097,2.13,,,Ⅳ
2023-09-02T08:00:00+08:00,1693612800,26.7,7.14,3.11,440.9,44.5,3.47,0.2,0.092,2.12,,,Ⅳ
2023-09-02T12:00:00+08:00,1693627200,28.5,7.22,4.42,440.6,35.4,3.34,0.152,0.084,2.1,,,Ⅳ
2023-09-02T16:00:00+08:00,1693641600,29.0,7.31,5.4,441.7,35.6,3.34,0.137,0.081,2.03,,,Ⅲ
2023-09-02T20:00:00+08:00,1693656000,27.8,7.26,4.81,438.6,47.3,3.56,0.14,0.086,2.04,,,Ⅳ
2023-09-03T00:00:00+08:00,1693670400,27.3,7.19,3.81,437.7,37.8,3.41,0.137,0.081,2.03,,,Ⅳ
2023-09-03T04:00:00+08:00,1693684800,27.0,7.13,3.03,432.0,42.1,3.12,0.148,0.086,2.1,,,Ⅳ
2023-09-03T08:00:00+08:00,1693699200,26.8,7.16,3.51,434.0,37.6,3.27,0.12,0.082,2.06,,,Ⅳ
2023-09-03T12:00:00+08:00,1693713600,27.9,7.65,7.37,430.6,34.3,4.0,0.047,0.077,1.89,,,Ⅲ
2023-09-03T16:00:00+08:00,1693728000,29.2,9.05,11.71,413.4,30.2,5.27,0.033,0.1,1.74,,,劣Ⅴ
2023-09-03T20:00:00+08:00,1693742400,28.8,8.95,10.9,333.9,30.2,4.2,0.036,0.078,1.46,,,Ⅲ
2023-09-04T00:00:00+08:00,1693756800,28.2,8.83,10.45,344.2,23.9,4.03,0.033,0.073,1.46,,,Ⅲ
2023-09-04T04:00:00+08:00,1693771200,27.6,8.67,9.27,372.5,30.5,3.91,0.037,0.077,1.4,,,Ⅱ
2023-09-04T08:00:00+08:00,1693785600,27.5,8.64,8.82,380.3,30.6,4.03,0.038,0.076,1.24,,,Ⅲ
2023-09-04T12:00:00+08:00,1693800000,29.2,9.09,10.76,383.1,17.8,4.28,0.025,0.064,1.06,,,劣Ⅴ
2023-09-04T20:00:00+08:00,1693828800,29.6,9.17,10.4,392.3,28.1,4.11,0.032,0.061,0.89,,,劣Ⅴ
2023-09-05T00:00:00+08:00,1693843200,29.4,9.09,10.05,394.6,17.5,3.79,0.027,0.054,0.84,,,劣Ⅴ
2023-09-05T08:00:00+08:00,1693872000,28.6,8.93,8.15,387.2,32.3,3.94,0.035,0.068,0.81,,,Ⅱ
2023-09-05T12:00:00+08:00,1693886400,28.8,9.14,9.26,376.0,26.4,4.75,0.035,0.069,0.85,,,Ⅱ
2023-09-05T16:00:00+08:00,1693900800,28.5,9.18,9.33,371.7,21.3,4.49,0.035,0.067,0.78,,,劣Ⅴ
2023-09-05T20:00:00+08:00,1693915200,28.1,9.05,8.17,369.6,17.4,4.1,0.026,0.067,0.67,,,劣Ⅴ
2023-09-06T04:00:00+08:00,1693944000,27.5,8.73,6.83,382.9,24.5,3.73,0.03,0.068,0.62,,,Ⅱ
2023-09-06T08:00:00+08:00,1693958400,27.5,8.68,6.98,384.2,19.5,3.52,0.027,0.063,0.59,,,Ⅱ
2023-09-06T12:00:00+08:00,1693972800,29.1,8.77,7.85,383.7,12.8,3.49,0.025,0.052,0.61,,,Ⅱ
2023-09-06T16:00:00+08:00,1693987200,30.8,8.82,8.4,386.5,11.0,3.35,0.025,0.046,0.55,,,Ⅱ
2023-09-06T20:00:00+08:00,1694001600,30.3,8.7,7.88,386.6,12.8,3.14,0.025,0.044,0.54,,,Ⅱ
2023-09-07T04:00:00+08:00,1694030400,28.8,8.42,6.96,389.8,21.6,3.12,0.026,0.051,0.56,,,Ⅱ
2023-09-07T12:00:00+08:00,1694059200,30.4,8.64,7.47,391.9,11.4,3.05,0.025,0.042,0.47,,,Ⅱ
2023-09-07T16:00:00+08:00,1694073600,31.2,8.75,7.57,394.4,3.5,3.2,0.025,0.038,0.51,,,Ⅱ
2023-09-07T20:00:00+08:00,1694088000,30.7,8.58,7.04,393.7,4.4,3.12,0.025,0.037,0.5,,,Ⅱ
2023-09-08T04:00:00+08:00,1694116800,29.6,8.08,5.93,390.7,20.0,2.84,0.027,0.042,0.42,,,Ⅲ
2023-09-08T08:00:00+08:00,1694131200,29.4,7.94,5.8,390.4,18.8,2.93,0.025,0.044,0.54,,,Ⅲ
2023-09-08T12:00:00+08:00,1694145600,30.8,8.43,6.77,389.5,8.1,3.11,0.025,0.042,0.43,,,Ⅱ
2023-09-08T16:00:00+08:00,1694160000,30.6,8.69,7.9,393.1,13.2,3.09,0.025,0.043,0.59,,,Ⅱ
2023-09-08T20:00:00+08:00,1694174400,29.8,8.71,7.81,394.3,12.3,3.1,0.038,0.043,0.52,,,Ⅱ
2023-09-09T04:00:00+08:00,1694203200,28.6,7.89,6.12,383.3,23.4,2.69,0.056,0.051,0.52,,,Ⅱ
2023-09-09T08:00:00+08:00,1694217600,28.5,7.64,5.82,378.5,24.0,2.87,0.054,0.046,0.44,,,Ⅲ
2023-09-09T12:00:00+08:00,1694232000,30.1,8.44,7.31,373.7,17.6,3.0,0.039,0.044,0.61,,,Ⅱ
2023-09-09T16:00:00+08:00,1694246400,30.6,8.76,8.16,384.9,16.5,3.39,0.04,0.047,0.6,,,Ⅱ
2023-09-09T20:00:00+08:00,1694260800,29.7,8.64,7.7,387.6,16.0,3.16,0.041,0.046,0.56,,,Ⅱ
2023-09-10T04:00:00+08:00,1694289600,28.4,7.65,5.82,374.0,29.6,2.74,0.064,0.049,0.49,,,Ⅲ
2023-09-10T08:00:00+08:00,1694304000,28.2,7.69,6.13,371.9,21.9,2.87,0.052,0.043,0.53,,,Ⅱ
2023-09-10T12:00:00+08:00,1694318400,29.7,8.28,7.21,376.1,16.3,2.82,0.037,0.041,0.57,,,Ⅱ
2023-09-10T16:00:00+08:00,1694332800,30.4,8.7,8.03,381.1,19.9,3.21,0.04,0.048,0.72,,,Ⅱ
2023-09-10T20:00:00+08:00,1694347200,29.5,8.79,8.0,417.3,17.8,3.27,0.043,0.053,0.6,,,Ⅱ
2023-09-11T04:00:00+08:00,1694376000,28.6,8.18,6.51,408.0,16.3,2.7,0.048,0.044,0.57,,,Ⅱ
2023-09-11T08:00:00+08:00,1694390400,28.5,7.67,5.89,405.4,21.0,2.84,0.049,0.042,0.64,,,Ⅲ
2023-09-11T12:00:00+08:00,1694404800,29.6,8.37,7.39,409.8,16.8,3.0,0.039,0.044,0.44,,,Ⅱ
2023-09-11T16:00:00+08:00,1694419200,30.2,8.85,8.49,417.2,14.9,3.21,0.04,0.051,0.57,,,Ⅱ
2023-09-11T20:00:00+08:00,1694433600,29.8,8.64,7.86,416.3,15.4,4.42,0.038,0.048,0.56,,,Ⅲ
2023-09-12T04:00:00+08:00,1694462400,29.0,8.29,6.6,416.3,20.1,2.94,0.046,0.05,0.45,,,Ⅱ
2023-09-12T08:00:00+08:00,1694476800,28.8,8.2,6.53,415.6,18.4,2.92,0.044,0.051,0.45,,,Ⅱ
2023-09-12T12:00:00+08:00,1694491200,29.2,8.1,6.98,412.7,22.6,2.97,0.043,0.049,0.62,,,Ⅱ
2023-09-12T16:00:00+08:00,1694505600,29.7,8.45,7.68,415.0,56.2,3.51,0.066,0.071,0.68,,,Ⅱ
2023-09-12T20:00:00+08:00,1694520000,29.0,8.56,7.53,418.9,40.4,3.51,0.056,0.068,0.66,,,Ⅱ
2023-09-13T04:00:00+08:00,1694548800,27.6,7.67,6.34,376.1,73.0,3.97,0.156,0.129,1.0,,,Ⅲ
2023-09-13T08:00:00+08:00,1694563200,27.4,7.43,5.86,386.2,24.8,2.43,0.085,0.052,0.62,,,Ⅲ
2023-09-13T12:00:00+08:00,1694577600,27.4,7.64,6.65,392.8,18.1,2.4,0.053,0.046,0.44,,,Ⅱ
2023-09-13T16:00:00+08:00,1694592000,26.6,7.57,6.58,361.4,218.9,5.75,0.305,0.165,1.1,,,Ⅲ
2023-09-13T20:00:00+08:00,1694606400,26.3,7.44,6.38,375.3,112.6,3.92,0.217,0.104,0.97,,,Ⅲ
2023-09-14T04:00:00+08:00,1694635200,25.1,7.45,6.43,351.3,204.4,5.26,0.349,0.157,1.31,,,Ⅲ
2023-09-14T08:00:00+08:00,1694649600,25.1,7.45,6.54,365.8,143.2,4.26,0.27,0.117,1.09,,,Ⅲ
2023-09-14T12:00:00+08:00,1694664000,25.7,7.44,6.55,386.3,59.5,2.76,0.183,0.076,0.86,,,Ⅱ
2023-09-14T16:00:00+08:00,1694678400,25.5,7.4,6.52,375.7,63.0,2.66,0.185,0.079,0.85,,,Ⅱ
2023-09-14T20:00:00+08:00,1694692800,25.4,7.39,6.24,375.7,53.4,2.56,0.191,0.068,0.85,,,Ⅱ
2023-09-15T04:00:00+08:00,1694721600,25.0,7.35,6.29,369.2,49.6,2.48,0.132,0.072,0.81,,,Ⅱ
2023-09-15T08:00:00+08:00,1694736000,24.9,7.2,5.52,356.2,65.0,3.32,0.283,0.185,1.17,,,Ⅲ
2023-09-15T12:00:00+08:00,1694750400,24.8,7.08,4.61,365.5,95.2,4.62,0.345,0.269,1.6,,,Ⅳ
2023-09-15T16:00:00+08:00,1694764800,24.9,7.09,4.03,373.2,67.4,4.58,0.361,0.2,1.59,,,Ⅳ
2023-09-15T20:00:00+08:00,1694779200,24.9,7.04,3.34,375.2,62.4,4.38,0.541,0.204,1.91,,,Ⅳ
2023-09-16T12:00:00+08:00,1694836800,25.3,6.96,2.72,326.6,48.6,3.87,0.658,0.172,3.1,,,Ⅴ
2023-09-16T16:00:00+08:00,1694851200,25.8,6.94,3.0,315.4,51.3,4.01,0.596,,3.54,,,
2023-09-16T20:00:00+08:00,1694865600,25.5,6.95,3.14,299.4,391.0,3.81,0.565,0.123,3.72,,,Ⅳ
2023-09-17T04:00:00+08:00,1694894400,25.2,6.93,3.3,274.8,402.8,3.37,0.47,0.108,3.69,,,Ⅳ
2023-09-17T08:00:00+08:00,1694908800,25.2,6.93,3.35,274.3,403.7,3.3,0.432,0.104,3.59,,,Ⅳ
2023-09-17T12:00:00+08:00,1694923200,26.3,6.93,3.39,275.2,401.9,3.28,0.025,0.097,3.61,,,Ⅳ
2023-09-17T16:00:00+08:00,1694937600,27.0,6.93,3.47,276.4,401.2,3.41,0.025,0.1,3.68,,,Ⅳ
2023-09-17T20:00:00+08:00,1694952000,26.6,6.93,3.35,277.1,402.1,3.16,0.025,0.091,3.72,,,Ⅳ
2023-09-18T04:00:00+08:00,1694980800,26.1,6.91,3.19,276.4,404.1,2.82,0.025,0.092,3.8,,,Ⅳ
2023-09-18T08:00:00+08:00,1694995200,26.0,6.9,3.11,277.9,405.1,2.94,0.025,0.091,3.82,,,Ⅳ
2023-09-18T12:00:00+08:00,1695009600,27.2,6.92,3.07,284.6,403.8,2.84,0.025,0.085,3.82,,,Ⅳ
2023-09-18T16:00:00+08:00,1695024000,27.8,6.93,3.49,289.8,26.6,2.8,,0.084,3.88,,,
2023-09-18T20:00:00+08:00,1695038400,27.5,6.92,3.28,291.5,29.2,2.74,0.341,0.085,3.9,,,Ⅳ
2023-09-19T04:00:00+08:00,1695067200,27.2,6.89,2.84,288.6,28.2,2.69,0.318,0.085,3.83,,,Ⅴ
2023-09-19T08:00:00+08:00,1695081600,27.2,6.91,3.02,294.6,26.5,2.65,0.32,0.09,3.95,,,Ⅳ
2023-09-19T12:00:00+08:00,1695096000,29.4,6.97,3.81,300.8,22.3,2.76,0.254,0.074,3.74,,,Ⅳ
2023-09-19T16:00:00+08:00,1695110400,30.4,7.08,5.03,302.7,19.1,2.73,0.197,0.068,3.62,,,Ⅲ
2023-09-19T20:00:00+08:00,1695124800,29.1,7.05,4.88,302.8,17.4,2.82,0.178,0.066,3.52,,,Ⅳ
2023-09-20T04:00:00+08:00,1695153600,27.6,6.95,3.16,310.7,19.4,2.91,0.221,0.073,3.55,,,Ⅳ
2023-12-25T16:00:00+08:00,1703491200,4.0,8.04,13.19,399.5,110.9,2.55,0.173,0.048,1.0,,,Ⅱ
2023-12-25T20:00:00+08:00,1703505600,3.5,8.04,13.24,400.7,104.6,,0.161,0.044,0.99,,,
2023-12-26T04:00:00+08:00,1703534400,3.2,8.06,13.25,402.9,90.7,,0.145,0.043,0.9,,,
2023-12-31T20:00:00+08:00,1704024000,4.7,7.65,10.74,511.5,62.8,2.61,0.025,0.055,2.48,,,Ⅱ
2024-01-15T16:00:00+08:00,1705305600,10.4,8.1,10.91,412.0,135.3,3.31,0.214,0.065,1.2,,,Ⅱ
2024-01-16T12:00:00+08:00,1705377600,9.4,8.11,10.93,415.0,108.7,2.61,0.164,0.051,1.06,,,Ⅱ
2024-01-16T16:00:00+08:00,1705392000,10.0,8.13,10.99,412.9,96.9,3.47,0.178,0.176,1.09,,,Ⅲ
2024-01-16T20:00:00+08:00,1705406400,9.5,8.11,10.92,414.1,107.2,3.03,0.153,0.048,0.95,,,Ⅱ
2024-01-17T04:00:00+08:00,1705435200,8.9,8.14,10.92,416.9,100.0,2.7,0.151,0.044,0.99,,,Ⅱ
2024-01-17T08:00:00+08:00,1705449600,8.9,8.09,10.86,416.3,86.5,2.68,0.14,0.043,0.95,,,Ⅱ
2024-01-17T12:00:00+08:00,1705464000,9.4,8.12,10.87,421.9,70.2,2.37,0.107,0.041,0.97,,,Ⅱ
2024-01-17T16:00:00+08:00,1705478400,10.6,8.23,11.13,428.5,72.9,2.57,0.115,0.039,1.03,,,Ⅱ
2024-01-17T20:00:00+08:00,1705492800,10.3,8.27,11.25,429.7,61.4,2.43,0.108,0.04,0.97,,,Ⅱ
2024-01-18T04:00:00+08:00,1705521600,9.6,8.18,10.9,437.2,192.7,3.05,0.218,0.066,1.34,,,Ⅱ
2024-01-18T08:00:00+08:00,1705536000,9.5,8.15,10.86,438.3,229.7,3.33,0.226,0.068,1.33,,,Ⅱ
2024-01-22T16:00:00+08:00,1705910400,4.6,8.22,12.52,455.8,371.0,5.39,0.418,0.104,1.75,,,Ⅲ
2024-01-22T20:00:00+08:00,1705924800,3.8,8.25,12.66,477.0,336.0,5.39,0.418,0.104,1.75,,,Ⅲ
2024-01-23T04:00:00+08:00,1705953600,2.5,8.3,12.9,489.3,312.5,5.39,0.418,0.104,1.75,,,Ⅲ
2024-01-23T08:00:00+08:00,1705968000,1.8,8.25,13.15,474.7,309.1,,,,,,,
2024-01-23T12:00:00+08:00,1705982400,3.0,8.22,13.08,450.2,381.6,,,,,,,
2024-01-23T16:00:00+08:00,1705996800,3.6,8.2,12.98,445.7,377.4,6.66,0.414,0.102,1.95,,,Ⅳ
2024-01-23T20:00:00+08:00,1706011200,3.2,7.26,12.98,426.6,418.3,,0.441,0.106,,,,
2024-01-24T04:00:00+08:00,1706040000,2.6,8.2,13.04,421.2,292.0,5.13,0.449,0.108,1.93,,,Ⅲ
2024-01-24T08:00:00+08:00,1706054400,2.1,8.19,13.1,426.7,367.3,4.49,0.407,0.085,1.72,,,Ⅲ
2024-01-24T12:00:00+08:00,1706068800,2.6,8.19,13.27,435.8,401.7,4.48,0.438,0.097,1.72,,,Ⅲ
2024-01-24T16:00:00+08:00,1706083200,3.8,8.24,13.04,451.3,354.2,4.58,0.448,0.11,2.04,,,Ⅲ
2024-01-24T20:00:00+08:00,1706097600,3.4,8.28,13.06,493.5,241.3,4.66,0.412,0.103,2.0,,,Ⅲ
2024-01-25T04:00:00+08:00,1706126400,2.8,8.24,13.06,475.0,250.4,4.01,0.316,0.076,2.03,,,Ⅲ
2024-01-25T08:00:00+08:00,1706140800,2.9,8.28,13.07,497.4,190.2,4.2,0.342,0.09,2.07,,,Ⅲ
2024-01-25T12:00:00+08:00,1706155200,3.6,8.29,13.01,495.6,154.5,4.13,0.269,0.07,1.96,,,Ⅲ
2024-01-25T16:00:00+08:00,1706169600,4.6,8.24,12.88,488.0,166.9,3.64,0.251,0.065,1.92,,,Ⅱ
2024-01-25T20:00:00+08:00,1706184000,4.2,8.25,12.91,473.4,153.2,3.5,0.253,0.065,1.87,,,Ⅱ
2024-01-26T04:00:00+08:00,1706212800,3.6,8.23,12.9,461.7,114.7,3.15,0.219,0.055,1.7,,,Ⅱ
2024-01-26T08:00:00+08:00,1706227200,3.5,8.24,12.91,460.4,105.0,,0.178,0.05,1.47,,,
2024-01-26T12:00:00+08:00,1706241600,4.5,8.23,12.84,449.6,95.4,,0.164,0.045,1.36,,,
2024-01-26T16:00:00+08:00,1706256000,4.9,8.22,12.78,451.0,92.8,,0.164,0.045,1.36,,,
2024-01-26T20:00:00+08:00,1706270400,4.7,8.22,12.77,453.9,85.8,2.67,0.144,0.043,1.35,,,Ⅱ
2024-01-27T04:00:00+08:00,1706299200,4.4,8.22,12.77,459.1,74.4,2.83,0.136,0.04,1.42,,,Ⅱ
2024-01-27T08:00:00+08:00,1706313600,4.1,8.21,12.81,465.7,71.4,3.02,0.127,0.038,1.36,,,Ⅱ
2024-01-27T12:00:00+08:00,1706328000,4.4,8.26,12.84,477.5,66.4,2.92,0.123,0.038,1.52,,,Ⅱ
2024-01-27T16:00:00+08:00,1706342400,5.0,8.24,12.69,459.0,61.3,3.37,0.113,0.022,0.95,,,Ⅱ
2024-01-27T20:00:00+08:00,1706356800,4.8,8.22,12.73,451.5,60.8,3.26,0.115,0.038,1.25,,,Ⅱ
2024-01-28T04:00:00+08:00,1706385600,4.2,8.22,12.7,450.6,53.5,2.8,0.101,0.036,1.2,,,Ⅱ
2024-01-28T08:00:00+08:00,1706400000,4.0,8.23,12.75,457.5,51.9,2.87,0.098,0.034,1.25,,,Ⅱ
2024-01-28T12:00:00+08:00,1706414400,5.0,8.23,12.71,451.9,60.4,2.83,0.108,0.036,1.27,,,Ⅱ
2024-01-28T16:00:00+08:00,1706428800,5.8,8.22,12.63,452.4,47.4,2.66,0.092,0.032,1.15,,,Ⅱ
2024-01-28T20:00:00+08:00,1706443200,5.5,8.22,12.69,453.1,44.0,2.63,0.09,0.032,1.22,,,Ⅱ
2024-01-29T04:00:00+08:00,1706472000,5.1,8.22,12.63,454.4,38.6,2.56,0.081,0.031,1.18,,,Ⅱ
2024-01-29T08:00:00+08:00,1706486400,5.2,8.23,12.55,452.7,34.6,2.74,0.075,0.03,1.17,,,Ⅱ
2024-01-29T12:00:00+08:00,1706500800,5.7,8.26,12.61,451.9,38.9,2.52,0.08,0.029,1.11,,,Ⅱ
2024-01-29T16:00:00+08:00,1706515200,6.0,8.22,12.51,455.7,36.7,2.59,0.077,0.028,1.12,,,Ⅱ
2024-01-29T20:00:00+08:00,1706529600,5.9,8.24,12.49,456.3,39.8,23.94,0.086,0.029,1.24,,,Ⅱ
2024-01-30T04:00:00+08:00,1706558400,6.0,8.22,12.34,446.8,39.2,11.16,0.083,0.027,1.15,,,Ⅴ
2024-01-30T08:00:00+08:00,1706572800,6.0,8.19,12.3,445.6,32.7,19.48,0.08,0.027,1.06,,,劣Ⅴ
2024-01-30T12:00:00+08:00,1706587200,6.5,8.22,12.32,447.8,30.4,7.84,0.066,0.026,1.11,,,Ⅳ
2024-01-30T16:00:00+08:00,1706601600,7.2,8.27,12.25,446.8,28.7,2.41,0.061,0.026,1.08,,,Ⅱ
2024-01-30T20:00:00+08:00,1706616000,7.0,8.27,12.35,453.4,28.4,2.62,0.061,0.026,1.13,,,Ⅱ
2024-01-31T04:00:00+08:00,1706644800,7.0,8.24,12.14,454.3,24.8,2.54,0.058,0.025,1.16,,,Ⅱ
2024-01-31T08:00:00+08:00,1706659200,7.1,8.21,12.15,451.8,23.7,2.37,0.056,0.025,1.13,,,Ⅱ
2024-01-31T12:00:00+08:00,1706673600,7.3,8.26,12.25,456.2,24.8,2.34,0.056,0.025,1.17,,,Ⅱ
2024-01-31T16:00:00+08:00,1706688000,7.9,8.29,12.35,448.2,15.7,2.28,0.053,0.022,1.07,,,Ⅱ
2024-01-31T20:00:00+08:00,1706702400,7.9,8.29,12.17,445.0,14.6,2.22,0.05,0.022,1.03,,,Ⅱ
2024-02-01T04:00:00+08:00,1706731200,8.3,8.17,11.41,446.8,88.0,2.61,0.14,0.041,1.29,,,Ⅱ
2024-02-01T08:00:00+08:00,1706745600,8.3,8.15,11.21,440.2,162.4,2.93,0.193,0.057,1.38,,,Ⅱ
2024-02-01T16:00:00+08:00,1706774400,8.2,8.17,11.14,439.4,233.2,3.77,0.282,0.076,1.68,,,Ⅱ
2024-02-01T20:00:00+08:00,1706788800,8.0,8.19,11.16,438.9,218.2,3.73,0.274,0.075,1.6,,,Ⅱ
2024-02-02T04:00:00+08:00,1706817600,7.2,8.19,11.29,435.6,156.1,3.59,0.234,0.059,1.44,,,Ⅱ
2024-02-02T08:00:00+08:00,1706832000,7.5,8.11,10.95,439.2,106.9,3.29,0.241,0.057,1.42,,,Ⅱ
2024-02-02T12:00:00+08:00,1706846400,7.6,8.07,10.9,448.0,84.8,3.32,0.275,0.056,1.61,,,Ⅱ
2024-02-02T16:00:00+08:00,1706860800,7.8,8.04,10.74,448.7,84.7,3.04,0.308,0.06,1.65,,,Ⅱ
2024-02-02T20:00:00+08:00,1706875200,7.9,7.88,10.42,482.6,56.4,2.85,0.418,0.053,1.85,,,Ⅱ
2024-02-03T00:00:00+08:00,1706889600,7.9,7.85,10.47,506.4,41.9,2.61,0.397,0.051,1.93,,,Ⅱ
2024-02-03T04:00:00+08:00,1706904000,7.7,7.88,10.58,488.2,44.0,2.91,0.464,0.055,2.01,,,Ⅱ
2024-02-03T08:00:00+08:00,1706918400,7.5,7.87,10.41,472.6,49.2,3.0,0.54,0.071,2.24,,,Ⅲ
2024-02-03T12:00:00+08:00,1706932800,7.5,7.78,10.23,482.3,70.7,3.09,0.674,0.093,2.81,,,Ⅲ
2024-02-03T16:00:00+08:00,1706947200,7.6,7.76,10.03,481.1,56.0,3.28,0.782,0.091,2.87,,,Ⅲ
2024-02-03T20:00:00+08:00,1706961600,7.6,7.74,9.87,477.7,62.7,3.1,0.886,0.093,2.87,,,Ⅲ
2024-02-04T00:00:00+08:00,1706976000,7.5,7.75,9.79,476.3,57.2,3.02,0.923,0.096,3.03,,,Ⅲ
2024-02-04T04:00:00+08:00,1706990400,7.5,7.75,9.86,481.2,60.8,3.09,0.818,0.091,2.9,,,Ⅲ
2024-02-04T12:00:00+08:00,1707019200,9.1,7.8,9.63,479.9,41.1,2.96,0.651,0.077,2.78,,,Ⅲ
2024-02-04T16:00:00+08:00,1707033600,7.2,7.82,10.87,480.7,36.3,3.09,0.556,0.069,2.73,,,Ⅲ
2024-02-04T20:00:00+08:00,1707048000,7.1,7.77,11.31,477.9,34.6,3.26,0.584,0.082,2.82,,,Ⅲ
2024-02-05T00:00:00+08:00,1707062400,7.0,7.78,11.34,474.3,37.8,3.17,0.623,0.086,2.97,,,Ⅲ
2024-02-05T04:00:00+08:00,1707076800,6.9,7.78,10.93,470.9,37.8,3.99,0.621,0.088,3.02,,,Ⅲ
2024-02-05T08:00:00+08:00,1707091200,6.8,7.76,10.69,469.8,37.8,3.74,0.663,0.089,,,,Ⅲ
2024-02-05T12:00:00+08:00,1707105600,6.5,7.81,11.01,467.6,42.9,3.31,0.742,0.091,3.53,,,Ⅲ
2024-02-05T16:00:00+08:00,1707120000,6.9,7.72,10.84,464.5,35.6,3.26,0.783,0.093,3.6,,,Ⅲ
2024-02-05T20:00:00+08:00,1707134400,6.8,7.71,10.31,457.3,36.3,3.26,0.798,0.098,3.57,,,Ⅲ
2024-02-06T00:00:00+08:00,1707148800,6.9,7.7,10.04,446.2,36.8,3.39,0.812,0.102,3.54,,,Ⅲ
2024-02-06T08:00:00+08:00,1707177600,6.8,7.69,10.08,434.9,35.4,3.52,0.892,0.102,3.83,,,Ⅲ
2024-02-06T12:00:00+08:00,1707192000,6.9,7.68,10.01,440.9,34.6,3.46,0.878,0.098,3.76,,,Ⅲ
2024-02-06T16:00:00+08:00,1707206400,6.8,7.68,9.96,436.1,38.6,3.34,0.827,0.093,3.71,,,Ⅲ
2024-02-06T20:00:00+08:00,1707220800,6.8,7.67,9.64,429.3,35.6,3.36,0.852,0.096,3.73,,,Ⅲ
2024-02-07T04:00:00+08:00,1707249600,4.6,8.08,12.07,441.1,60.7,3.36,0.775,0.082,3.98,,,Ⅲ
2024-02-07T08:00:00+08:00,1707264000,4.4,8.13,12.27,442.6,58.5,3.33,0.773,0.079,4.0,,,Ⅲ
2024-02-17T08:00:00+08:00,1708128000,10.3,8.04,9.99,438.0,71.4,3.04,0.362,0.052,3.0,,,Ⅱ
2024-02-17T12:00:00+08:00,1708142400,11.3,8.09,10.3,437.6,70.5,2.98,0.342,0.05,2.89,,,Ⅱ
2024-02-17T16:00:00+08:00,1708156800,11.8,8.13,10.35,435.7,60.4,2.83,0.326,0.054,2.88,,,Ⅱ
2024-02-17T20:00:00+08:00,1708171200,11.0,8.05,10.38,432.8,58.8,2.91,0.332,0.049,2.9,,,Ⅱ
2024-02-18T04:00:00+08:00,1708200000,10.7,8.04,10.31,433.6,60.3,2.9,0.461,0.045,3.45,,,Ⅱ
2024-02-18T08:00:00+08:00,1708214400,10.7,8.01,10.26,433.3,45.0,2.89,0.473,0.046,3.46,,,Ⅱ
2024-02-18T12:00:00+08:00,1708228800,11.6,8.05,10.2,433.7,50.8,2.96,0.418,0.042,3.32,,,Ⅱ
2024-02-18T16:00:00+08:00,1708243200,13.8,8.07,10.1,433.8,141.6,2.75,0.478,0.044,3.58,,,Ⅱ
2024-02-18T20:00:00+08:00,1708257600,12.9,8.03,9.93,434.3,54.7,3.83,0.549,0.063,3.78,,,Ⅲ
2024-02-19T04:00:00+08:00,1708286400,12.8,8.1,10.0,438.5,47.6,2.89,0.368,0.038,3.32,,,Ⅱ
2024-02-19T08:00:00+08:00,1708300800,12.6,8.13,10.03,442.5,49.7,2.66,0.319,0.038,2.95,,,Ⅱ
2024-02-19T12:00:00+08:00,1708315200,13.1,8.12,10.03,441.3,43.2,2.67,0.272,0.037,2.7,,,Ⅱ
2024-02-19T16:00:00+08:00,1708329600,13.7,8.09,9.87,433.9,107.2,2.61,0.272,0.035,2.64,,,Ⅱ
2024-02-19T20:00:00+08:00,1708344000,12.8,8.22,10.19,435.6,161.8,2.65,0.393,0.05,3.2,,,Ⅱ
2024-02-20T04:00:00+08:00,1708372800,12.4,8.15,9.93,429.4,183.5,3.21,0.345,0.064,2.83,,,Ⅱ
2024-02-20T08:00:00+08:00,1708387200,11.9,8.16,9.94,435.8,157.9,3.57,0.605,0.073,4.08,,,Ⅲ
2024-02-20T16:00:00+08:00,1708416000,11.9,8.2,9.97,430.0,136.9,3.48,0.416,0.069,3.39,,,Ⅱ
2024-02-20T20:00:00+08:00,1708430400,11.7,8.22,10.02,432.4,141.3,3.27,0.31,0.062,2.9,,,Ⅱ
2024-02-21T04:00:00+08:00,1708459200,11.2,8.18,9.98,425.4,162.7,3.15,0.171,0.057,2.12,,,Ⅱ
2024-02-21T08:00:00+08:00,1708473600,10.6,8.14,10.18,416.8,212.4,3.16,0.196,0.065,1.73,,,Ⅱ
2024-02-21T12:00:00+08:00,1708488000,9.9,8.17,10.38,419.2,245.1,3.56,0.251,0.072,2.04,,,Ⅱ
2024-02-21T16:00:00+08:00,1708502400,9.2,8.16,10.58,409.4,259.1,3.76,0.395,0.081,2.96,,,Ⅱ
2024-02-21T20:00:00+08:00,1708516800,8.4,8.15,10.88,404.3,269.9,4.2,0.454,0.092,3.35,,,Ⅲ
2024-02-22T04:00:00+08:00,1708545600,7.8,8.18,10.97,416.9,227.7,4.24,0.521,0.09,3.64,,,Ⅲ
2024-02-22T08:00:00+08:00,1708560000,7.8,8.11,10.72,413.0,153.9,4.31,0.474,0.085,3.19,,,Ⅲ
2024-02-22T12:00:00+08:00,1708574400,7.8,7.94,10.22,405.9,157.4,3.76,0.456,0.077,3.13,,,Ⅱ
2024-02-22T16:00:00+08:00,1708588800,8.0,7.95,10.07,414.0,112.1,3.72,0.458,0.103,3.25,,,Ⅲ
2024-02-22T20:00:00+08:00,1708603200,8.4,7.74,9.34,476.0,86.0,4.03,0.457,0.085,3.39,,,Ⅲ
2024-02-23T04:00:00+08:00,1708632000,9.1,7.65,8.67,400.0,41.8,3.26,0.708,0.094,3.93,,,Ⅲ
2024-02-23T08:00:00+08:00,1708646400,8.9,7.65,8.67,409.4,61.6,3.33,0.621,0.069,4.71,,,Ⅲ
2024-02-23T12:00:00+08:00,1708660800,9.0,7.71,8.84,422.5,62.3,3.41,0.636,0.08,4.56,,,Ⅲ
2024-02-23T16:00:00+08:00,1708675200,8.8,7.69,8.83,411.9,68.8,3.6,0.62,0.078,4.27,,,Ⅲ
2024-02-23T20:00:00+08:00,1708689600,8.9,7.59,9.18,377.0,41.7,3.33,0.56,0.079,4.19,,,Ⅲ
2024-02-24T04:00:00+08:00,1708718400,8.4,7.53,9.12,362.1,34.5,3.65,0.532,0.073,4.32,,,Ⅲ
2024-02-24T08:00:00+08:00,1708732800,8.2,7.56,9.11,370.7,35.0,3.39,0.573,0.076,4.37,,,Ⅲ
2024-02-24T12:00:00+08:00,1708747200,8.2,7.57,9.01,375.2,38.2,3.29,0.556,0.073,4.31,,,Ⅲ
2024-02-24T16:00:00+08:00,1708761600,8.4,7.58,9.06,378.9,29.3,3.15,0.534,0.076,4.43,,,Ⅲ
2024-02-24T20:00:00+08:00,1708776000,8.3,7.6,8.94,390.7,31.8,3.17,0.524,0.074,4.44,,,Ⅲ
2024-02-25T04:00:00+08:00,1708804800,7.8,7.58,9.03,386.0,26.8,3.16,0.529,0.005,4.3,,,Ⅲ
2024-02-25T08:00:00+08:00,1708819200,7.6,7.59,9.0,384.7,25.0,3.16,0.537,0.005,4.29,,,Ⅲ
2024-02-25T12:00:00+08:00,1708833600,7.7,7.55,9.0,378.7,29.5,3.26,0.556,0.005,4.2,,,Ⅲ
2024-02-25T16:00:00+08:00,1708848000,8.1,7.58,9.28,395.0,28.3,3.02,0.524,0.008,0.7,,,Ⅲ
2024-02-25T20:00:00+08:00,1708862400,7.8,7.55,9.02,396.0,29.8,3.13,0.58,0.077,,,,Ⅲ
2024-02-26T04:00:00+08:00,1708891200,7.4,7.61,9.01,402.6,27.0,2.96,0.603,0.079,4.46,,,Ⅲ
2024-02-26T08:00:00+08:00,1708905600,7.3,7.61,9.17,403.9,25.9,3.02,0.534,0.079,4.44,,,Ⅲ
2024-02-26T12:00:00+08:00,1708920000,7.5,7.62,9.19,404.6,25.2,3.1,0.599,0.079,4.42,,,Ⅲ
2024-02-26T16:00:00+08:00,1708934400,7.6,7.61,9.24,398.3,29.2,3.22,0.628,0.088,4.39,,,Ⅲ
2024-02-26T20:00:00+08:00,1708948800,7.5,7.56,9.55,404.1,30.7,3.22,0.628,0.088,4.39,,,Ⅲ
2024-02-27T04:00:00+08:00,1708977600,6.0,7.81,11.22,325.5,35.7,2.99,0.558,0.072,4.61,,,Ⅲ
2024-02-27T08:00:00+08:00,1708992000,7.1,7.57,9.15,400.2,28.1,2.91,0.603,0.082,4.41,,,Ⅲ
2024-02-27T12:00:00+08:00,1709006400,7.9,7.54,9.06,395.5,26.4,3.0,0.596,0.082,4.45,,,Ⅲ
2024-02-27T16:00:00+08:00,1709020800,8.8,7.54,9.08,394.7,25.6,3.0,0.584,0.085,4.43,,,Ⅲ
2024-02-27T20:00:00+08:00,1709035200,8.5,7.5,9.1,391.4,29.6,3.06,0.549,0.084,4.43,,,Ⅲ
2024-02-28T04:00:00+08:00,1709064000,8.4,7.5,9.12,386.6,29.7,2.84,0.551,0.081,4.47,,,Ⅲ
2024-02-28T08:00:00+08:00,1709078400,8.2,7.53,9.49,382.9,30.1,2.9,0.539,0.079,4.41,,,Ⅲ
2024-02-28T12:00:00+08:00,1709092800,8.1,7.58,9.53,380.5,27.8,2.85,0.544,0.077,4.41,,,Ⅲ
2024-02-28T16:00:00+08:00,1709107200,8.2,7.53,9.31,381.6,25.5,2.73,0.534,0.076,4.45,,,Ⅲ
2024-02-28T20:00:00+08:00,1709121600,8.1,7.51,9.02,382.1,27.5,2.7,0.535,0.079,4.4,,,Ⅲ
2024-02-29T04:00:00+08:00,1709150400,7.9,7.47,8.74,370.3,27.8,2.74,0.543,0.079,4.36,,,Ⅲ
2024-02-29T08:00:00+08:00,1709164800,7.9,7.51,8.79,368.0,27.8,2.72,0.521,0.076,4.29,,,Ⅲ
2024-02-29T12:00:00+08:00,1709179200,7.9,7.48,8.98,403.0,27.8,2.73,0.511,0.083,4.36,,,Ⅲ
2024-03-01T08:00:00+08:00,1709251200,7.8,7.37,8.69,491.0,30.0,2.88,0.753,0.098,4.54,,,Ⅲ
2024-03-01T12:00:00+08:00,1709265600,8.0,7.4,8.4,419.4,26.8,,0.76,0.1,4.63,,,
2024-03-01T16:00:00+08:00,1709280000,8.4,7.47,9.19,397.7,30.6,,0.848,0.111,4.78,,,
2024-03-01T20:00:00+08:00,1709294400,8.1,7.54,9.48,417.9,27.6,,0.816,0.106,4.84,,,
2024-03-02T04:00:00+08:00,1709323200,7.8,7.62,9.92,343.2,23.5,,0.595,0.09,4.54,,,
2024-03-02T08:00:00+08:00,1709337600,7.6,7.64,9.95,338.0,24.1,,0.417,0.085,4.4,,,
2024-03-02T12:00:00+08:00,1709352000,8.3,7.63,10.11,337.7,28.7,,0.349,0.077,4.31,,,
2024-03-02T16:00:00+08:00,1709366400,8.9,7.64,10.23,343.2,25.7,,0.341,0.076,4.27,,,
2024-03-02T20:00:00+08:00,1709380800,8.8,7.64,10.22,342.6,27.3,,0.025,0.072,4.28,,,
2024-03-03T04:00:00+08:00,1709409600,8.5,7.61,10.19,334.7,23.0,,0.025,0.072,4.27,,,
2024-03-03T08:00:00+08:00,1709424000,8.3,7.61,10.09,345.1,23.2,,,0.074,4.33,,,
2024-03-03T12:00:00+08:00,1709438400,9.2,7.62,10.05,350.8,26.0,,0.025,0.07,4.31,,,
2024-03-03T16:00:00+08:00,1709452800,10.2,7.63,10.06,353.3,23.9,0.5,0.913,0.071,4.34,,,Ⅲ
2024-03-03T20:00:00+08:00,1709467200,9.8,7.62,9.87,353.2,33.4,2.47,0.302,0.069,4.37,,,Ⅱ
2024-03-04T04:00:00+08:00,1709496000,9.5,7.57,9.59,366.5,30.7,2.56,0.352,0.071,4.42,,,Ⅱ
2024-03-04T08:00:00+08:00,1709510400,9.8,7.56,9.75,367.3,27.0,2.38,0.255,0.065,4.37,,,Ⅱ
2024-03-04T12:00:00+08:00,1709524800,9.7,7.55,9.69,359.0,31.5,,0.33,0.068,4.36,,,
2024-03-04T16:00:00+08:00,1709539200,10.0,7.58,9.77,345.0,23.0,8.9,0.347,0.069,4.4,,,Ⅳ
2024-03-04T20:00:00+08:00,1709553600,9.9,7.68,10.21,293.3,17.2,,0.31,0.061,4.51,,,
2024-03-05T04:00:00+08:00,1709582400,9.9,7.64,9.89,294.4,16.7,1.99,0.405,0.057,4.82,,,Ⅱ
2024-03-05T12:00:00+08:00,1709611200,10.2,7.7,10.17,280.2,18.7,1.87,0.372,0.049,4.88,,,Ⅱ
2024-03-05T16:00:00+08:00,1709625600,10.7,7.75,10.07,271.1,40.1,1.97,0.252,0.054,4.96,,,Ⅱ
2024-03-05T20:00:00+08:00,1709640000,10.3,7.76,10.3,266.2,41.8,2.08,0.334,0.058,5.03,,,Ⅱ
2024-03-06T04:00:00+08:00,1709668800,9.8,7.8,10.4,260.2,60.6,2.22,0.311,0.063,5.03,,,Ⅱ
2024-03-06T08:00:00+08:00,1709683200,9.5,7.84,10.52,268.8,71.4,2.22,0.311,0.063,5.03,,,Ⅱ
2024-03-06T12:00:00+08:00,1709697600,9.7,7.87,10.55,279.2,67.1,2.49,0.353,0.066,5.0,,,Ⅱ
2024-03-06T16:00:00+08:00,1709712000,9.8,7.86,10.51,276.5,56.5,2.35,0.317,0.064,4.97,,,Ⅱ
2024-03-06T20:00:00+08:00,1709726400,9.8,7.81,10.37,275.0,35.7,2.25,0.304,0.062,4.77,,,Ⅱ
2024-03-07T04:00:00+08:00,1709755200,9.6,7.69,9.95,281.9,35.7,2.06,0.351,0.059,4.77,,,Ⅱ
2024-03-07T08:00:00+08:00,1709769600,9.4,7.65,9.9,276.3,29.8,2.04,0.31,0.056,4.91,,,Ⅱ
2024-03-07T12:00:00+08:00,1709784000,10.3,7.66,9.86,277.9,33.9,2.17,0.371,0.059,4.95,,,Ⅱ
2024-03-07T16:00:00+08:00,1709798400,11.0,7.64,9.82,282.2,35.3,2.1,0.319,0.059,4.98,,,Ⅱ
2024-03-07T20:00:00+08:00,1709812800,10.8,7.58,9.55,299.5,35.8,2.17,0.025,0.06,4.95,,,Ⅱ
2024-03-08T04:00:00+08:00,1709841600,9.9,7.79,10.33,258.1,40.4,2.73,0.025,0.063,4.89,,,Ⅱ
2024-03-08T08:00:00+08:00,1709856000,9.4,7.8,10.44,258.7,58.0,2.25,0.025,0.057,4.82,,,Ⅱ
2024-03-08T12:00:00+08:00,1709870400,10.4,7.81,10.59,256.2,38.7,1.9,0.025,0.057,4.82,,,Ⅱ
2024-03-08T16:00:00+08:00,1709884800,12.1,7.83,10.46,277.1,63.8,2.02,0.291,0.062,4.84,,,Ⅱ
2024-03-08T20:00:00+08:00,1709899200,11.2,7.84,10.56,271.4,50.9,1.99,0.32,0.059,4.9,,,Ⅱ
2024-03-09T04:00:00+08:00,1709928000,10.4,7.72,10.26,283.8,42.2,2.16,0.31,0.057,4.8,,,Ⅱ
2024-03-09T08:00:00+08:00,1709942400,10.3,7.72,10.23,283.8,39.7,2.07,0.304,0.058,4.76,,,Ⅱ
2024-03-09T12:00:00+08:00,1709956800,11.4,7.71,10.16,292.2,39.4,2.18,0.314,0.058,4.71,,,Ⅱ
2024-03-09T16:00:00+08:00,1709971200,12.0,7.8,10.31,273.6,31.7,2.14,0.284,0.052,4.8,,,Ⅱ
2024-03-09T20:00:00+08:00,1709985600,11.8,7.81,10.33,276.5,34.2,1.9,0.293,0.052,4.83,,,Ⅱ
2024-03-10T04:00:00+08:00,1710014400,11.2,7.56,9.41,386.5,47.9,2.24,0.384,0.059,4.74,,,Ⅱ
2024-03-10T08:00:00+08:00,1710028800,11.1,7.53,8.73,430.4,47.3,2.35,0.502,0.061,4.81,,,Ⅲ
2024-03-10T12:00:00+08:00,1710043200,12.3,7.46,8.62,457.6,46.1,2.45,0.563,0.062,4.79,,,Ⅲ
2024-03-10T16:00:00+08:00,1710057600,13.8,7.48,8.56,475.9,41.4,2.48,0.598,0.064,4.75,,,Ⅲ
2024-03-10T20:00:00+08:00,1710072000,13.4,7.45,8.64,496.3,39.3,2.32,0.702,0.063,4.81,,,Ⅲ
2024-03-11T04:00:00+08:00,1710100800,12.2,7.43,8.44,487.3,33.6,2.43,0.611,0.059,4.8,,,Ⅲ
2024-03-11T08:00:00+08:00,1710115200,12.2,7.37,7.85,558.1,32.7,2.48,0.645,0.062,4.77,,,Ⅲ
2024-03-11T16:00:00+08:00,1710144000,12.8,7.67,9.82,274.2,16.3,1.93,0.261,0.045,4.74,,,Ⅱ
2024-03-11T20:00:00+08:00,1710158400,12.9,7.75,9.99,259.7,16.1,1.78,0.245,0.005,4.67,,,Ⅱ
2024-03-12T04:00:00+08:00,1710187200,12.0,7.76,9.96,266.6,16.4,1.64,0.258,0.043,4.7,,,Ⅱ
2024-03-12T08:00:00+08:00,1710201600,11.8,7.69,9.76,266.0,11.4,1.8,0.221,0.039,4.7,,,Ⅱ
2024-03-12T12:00:00+08:00,1710216000,12.9,7.83,10.16,268.4,23.0,1.7,0.209,0.037,4.65,,,Ⅱ
2024-03-12T16:00:00+08:00,1710230400,14.0,7.92,10.21,275.4,44.9,1.72,0.161,0.039,4.64,,,Ⅱ
2024-03-12T20:00:00+08:00,1710244800,12.7,7.92,10.19,303.0,66.1,1.97,0.242,0.046,4.68,,,Ⅱ
2024-03-13T04:00:00+08:00,1710273600,12.2,7.82,9.89,297.6,39.7,1.98,0.26,0.046,4.52,,,Ⅱ
2024-03-13T08:00:00+08:00,1710288000,12.3,7.78,9.93,296.9,42.6,2.03,0.242,0.046,4.3,,,Ⅱ
2024-03-13T12:00:00+08:00,1710302400,13.2,7.75,9.81,295.4,42.9,2.16,0.245,0.048,4.44,,,Ⅱ
2024-03-13T20:00:00+08:00,1710331200,13.7,7.77,9.84,295.4,35.1,1.99,0.206,0.042,4.56,,,Ⅱ
2024-03-14T04:00:00+08:00,1710360000,13.2,7.67,9.45,296.0,28.6,1.97,0.224,0.043,4.55,,,Ⅱ
2024-03-14T08:00:00+08:00,1710374400,12.8,7.72,9.64,293.6,23.1,1.88,0.218,0.041,4.52,,,Ⅱ
2024-03-14T12:00:00+08:00,1710388800,12.8,7.87,10.11,291.2,19.1,2.0,0.206,0.038,4.5,,,Ⅱ
2024-03-14T16:00:00+08:00,1710403200,13.0,8.05,10.47,286.8,20.2,1.81,0.158,0.036,4.45,,,Ⅱ
2024-03-14T20:00:00+08:00,1710417600,13.0,7.98,10.34,288.3,18.5,1.7,0.158,0.035,4.46,,,Ⅱ
2024-03-15T04:00:00+08:00,1710446400,12.4,7.93,10.18,284.7,17.5,1.66,0.156,0.034,4.39,,,Ⅱ
2024-03-15T08:00:00+08:00,1710460800,12.3,7.94,10.25,285.4,17.4,1.77,0.154,0.034,4.46,,,Ⅱ
2024-03-15T12:00:00+08:00,1710475200,13.2,8.33,11.05,285.2,27.8,1.91,0.15,0.033,4.46,,,Ⅱ
2024-03-15T20:00:00+08:00,1710504000,14.2,8.3,10.81,289.0,29.6,2.53,0.152,0.043,4.63,,,Ⅱ
2024-03-17T08:00:00+08:00,1710633600,16.2,8.27,10.27,290.0,14.6,1.91,0.075,0.028,4.34,,,Ⅱ
2024-03-17T12:00:00+08:00,1710648000,16.0,8.08,9.89,288.3,43.1,1.81,0.051,0.025,4.16,,,Ⅱ
2024-03-17T16:00:00+08:00,1710662400,15.6,8.13,9.87,287.8,93.5,1.93,0.078,0.032,4.26,,,Ⅱ
2024-03-18T12:00:00+08:00,1710734400,14.2,8.26,10.14,289.7,39.0,2.28,0.088,0.042,4.26,,,Ⅱ
2024-03-18T16:00:00+08:00,1710748800,13.7,7.95,9.49,299.4,60.4,2.01,0.07,0.04,4.24,,,Ⅱ
2024-03-18T20:00:00+08:00,1710763200,13.6,7.97,9.49,304.8,47.1,2.22,0.11,0.042,4.28,,,Ⅱ
2024-03-19T04:00:00+08:00,1710792000,13.1,7.97,9.54,314.2,38.9,1.99,0.104,0.038,4.29,,,Ⅱ
2024-03-19T08:00:00+08:00,1710806400,12.9,7.9,9.29,309.3,39.3,2.1,0.103,0.035,4.06,,,Ⅱ
2024-03-19T12:00:00+08:00,1710820800,14.5,8.13,10.09,308.1,35.9,2.24,0.101,0.036,4.15,,,Ⅱ
2024-03-19T16:00:00+08:00,1710835200,15.7,8.21,10.14,315.9,52.5,2.1,0.083,0.037,4.18,,,Ⅱ
2024-03-19T20:00:00+08:00,1710849600,15.1,8.16,9.91,325.4,47.0,2.1,0.105,0.037,4.06,,,Ⅱ
2024-03-20T04:00:00+08:00,1710878400,14.0,8.02,9.56,331.5,35.5,1.94,0.092,0.032,3.93,,,Ⅱ
2024-03-20T08:00:00+08:00,1710892800,14.0,8.01,9.54,331.3,36.8,2.04,0.089,0.031,3.74,,,Ⅱ
2024-03-20T12:00:00+08:00,1710907200,16.0,7.92,9.46,319.3,24.6,1.99,0.082,0.031,3.69,,,Ⅱ
2024-03-20T16:00:00+08:00,1710921600,17.2,8.57,11.03,326.3,26.3,1.92,0.068,0.029,3.97,,,Ⅱ
2024-03-20T20:00:00+08:00,1710936000,16.6,8.55,11.01,335.4,27.0,1.93,0.052,0.03,3.6,,,Ⅱ
2024-03-21T04:00:00+08:00,1710964800,15.6,8.11,9.85,335.8,36.0,2.06,0.069,0.038,3.72,,,Ⅱ
2024-03-21T08:00:00+08:00,1710979200,15.2,8.01,9.6,335.9,39.8,2.31,0.074,0.036,3.79,,,Ⅱ
2024-03-21T12:00:00+08:00,1710993600,16.2,8.04,9.69,340.2,42.5,2.06,0.075,0.036,3.75,,,Ⅱ
2024-03-21T16:00:00+08:00,1711008000,16.7,8.21,10.11,334.0,29.6,2.1,0.055,0.031,3.66,,,Ⅱ
2024-03-21T20:00:00+08:00,1711022400,17.6,8.48,10.67,338.8,38.4,2.1,0.057,0.036,3.68,,,Ⅱ
2024-03-22T04:00:00+08:00,1711051200,15.3,7.97,9.28,337.3,41.5,2.14,0.069,0.034,3.71,,,Ⅱ
2024-03-22T08:00:00+08:00,1711065600,15.1,7.91,9.01,336.3,48.5,2.39,0.103,0.045,3.86,,,Ⅱ
2024-03-22T12:00:00+08:00,1711080000,17.4,8.13,9.51,342.5,38.9,2.3,0.072,0.04,3.8,,,Ⅱ
2024-03-22T16:00:00+08:00,1711094400,17.6,8.73,9.71,332.4,20.0,2.04,0.036,0.027,3.45,,,Ⅱ
2024-03-22T20:00:00+08:00,1711108800,17.3,8.7,10.44,359.6,21.4,2.02,0.043,0.026,3.07,,,Ⅱ
2024-03-23T04:00:00+08:00,1711137600,16.3,8.31,9.47,373.6,16.7,1.84,0.047,0.023,2.79,,,Ⅱ
2024-03-23T08:00:00+08:00,1711152000,16.3,8.43,9.71,378.0,16.6,1.95,0.045,0.024,2.73,,,Ⅱ
2024-03-23T12:00:00+08:00,1711166400,17.4,8.62,10.35,359.0,15.2,1.91,0.037,0.023,2.89,,,Ⅱ
2024-03-23T16:00:00+08:00,1711180800,17.7,8.71,10.18,353.8,27.1,1.78,0.04,0.025,3.01,,,Ⅱ
2024-03-23T20:00:00+08:00,1711195200,17.6,8.63,10.09,365.3,14.9,1.72,0.042,0.023,2.81,,,Ⅱ
2024-03-24T04:00:00+08:00,1711224000,17.0,8.17,9.1,354.0,19.8,1.76,0.057,0.023,2.89,,,Ⅱ
2024-03-24T08:00:00+08:00,1711238400,16.9,7.94,8.41,353.8,23.0,2.0,0.048,0.022,2.91,,,Ⅱ
2024-03-24T12:00:00+08:00,1711252800,17.2,8.05,8.83,352.7,19.8,1.89,0.058,0.022,2.87,,,Ⅱ
2024-03-24T16:00:00+08:00,1711267200,17.8,8.18,9.36,351.1,27.6,1.84,0.054,0.023,2.83,,,Ⅱ
2024-03-24T20:00:00+08:00,1711281600,17.9,8.36,9.63,351.4,27.4,1.86,0.058,0.025,2.84,,,Ⅱ
2024-03-25T04:00:00+08:00,1711310400,17.6,8.06,8.89,328.2,20.6,1.84,0.056,0.024,3.31,,,Ⅱ
2024-03-25T08:00:00+08:00,1711324800,17.5,8.0,8.69,336.3,23.7,1.97,0.064,0.025,3.16,,,Ⅱ
2024-03-25T12:00:00+08:00,1711339200,18.0,8.02,8.87,342.6,52.0,1.84,0.069,0.031,3.02,,,Ⅱ
2024-03-25T16:00:00+08:00,1711353600,17.9,7.86,8.43,335.5,166.2,2.24,0.157,0.047,3.5,,,Ⅱ
2024-03-25T20:00:00+08:00,1711368000,17.0,7.83,8.41,329.3,147.8,2.5,0.188,0.05,3.55,,,Ⅱ
2024-03-26T04:00:00+08:00,1711396800,15.4,7.91,8.93,328.1,135.3,2.35,0.178,0.054,3.66,,,Ⅱ
2024-03-26T08:00:00+08:00,1711411200,14.6,7.87,8.98,324.0,168.8,2.41,0.179,0.062,3.74,,,Ⅱ
2024-03-26T16:00:00+08:00,1711440000,16.9,8.04,9.49,340.0,78.6,2.3,0.162,0.059,3.65,,,Ⅱ
2024-03-26T20:00:00+08:00,1711454400,16.3,8.05,9.36,341.3,73.4,2.21,0.114,0.048,3.37,,,Ⅱ
2024-03-27T04:00:00+08:00,1711483200,15.5,7.82,8.52,338.2,81.9,2.16,0.113,0.045,3.24,,,Ⅱ
2024-03-27T08:00:00+08:00,1711497600,15.4,7.76,8.2,343.1,80.3,2.14,0.137,0.049,3.43,,,Ⅱ
2024-03-27T12:00:00+08:00,1711512000,16.6,7.66,7.88,410.1,74.0,2.24,0.169,0.047,3.34,,,Ⅱ
2024-03-27T16:00:00+08:00,1711526400,16.8,7.65,7.96,427.3,57.3,2.35,0.236,0.049,3.43,,,Ⅱ
2024-03-27T20:00:00+08:00,1711540800,16.7,7.57,7.74,473.1,63.6,2.34,0.233,0.048,3.48,,,Ⅱ
2024-03-28T04:00:00+08:00,1711569600,16.1,7.66,8.11,393.7,51.9,2.22,0.134,0.044,3.42,,,Ⅱ
2024-03-28T08:00:00+08:00,1711584000,15.3,7.66,8.38,325.6,62.6,2.15,0.178,0.041,3.47,,,Ⅱ
2024-03-28T12:00:00+08:00,1711598400,15.2,7.68,8.25,315.4,105.4,2.02,0.117,0.041,3.38,,,Ⅱ
2024-03-28T16:00:00+08:00,1711612800,15.5,7.83,8.83,320.2,72.6,2.08,0.141,0.047,3.44,,,Ⅱ
2024-03-28T20:00:00+08:00,1711627200,15.7,7.68,8.42,364.6,74.1,,,,,,,
2024-03-29T04:00:00+08:00,1711656000,15.8,7.5,7.02,468.5,63.0,,0.359,0.071,3.62,,,
2024-03-29T08:00:00+08:00,1711670400,15.8,7.43,6.54,505.6,55.6,,0.404,0.062,3.54,,,
2024-03-29T12:00:00+08:00,1711684800,17.4,7.45,6.32,544.5,58.3,,0.647,0.068,3.74,,,
2024-03-29T16:00:00+08:00,1711699200,18.8,7.41,6.39,530.5,54.8,2.88,0.69,0.07,4.03,,,Ⅲ
2024-03-29T20:00:00+08:00,1711713600,18.1,7.42,6.59,438.6,60.1,2.7,0.626,0.068,4.28,,,Ⅲ
2024-03-30T04:00:00+08:00,1711742400,17.5,7.43,6.71,382.2,58.0,2.34,0.541,0.072,4.25,,,Ⅲ
2024-03-30T08:00:00+08:00,1711756800,17.5,7.42,6.68,368.8,56.2,2.1,0.47,0.059,4.08,,,Ⅱ
2024-03-30T12:00:00+08:00,1711771200,18.7,7.44,6.95,361.2,55.6,2.16,0.461,0.058,3.98,,,Ⅱ
2024-03-30T16:00:00+08:00,1711785600,21.5,7.51,7.35,365.3,47.2,2.1,0.379,0.055,3.92,,,Ⅱ
2024-03-30T20:00:00+08:00,1711800000,19.4,7.51,7.17,371.4,40.3,2.1,0.333,0.053,3.93,,,Ⅱ
2024-03-31T04:00:00+08:00,1711828800,17.7,7.86,8.41,383.2,75.0,1.9,0.111,0.039,2.77,,,Ⅱ
2024-03-31T08:00:00+08:00,1711843200,17.4,7.81,8.25,388.0,66.5,1.92,0.169,0.045,2.89,,,Ⅱ
2024-03-31T12:00:00+08:00,1711857600,17.6,7.79,8.26,388.7,59.2,2.16,0.183,0.044,3.1,,,Ⅱ
2024-03-31T16:00:00+08:00,1711872000,18.9,7.85,8.53,386.6,78.4,2.27,0.181,0.041,3.16,,,Ⅱ
2024-03-31T20:00:00+08:00,1711886400,18.4,7.89,8.65,389.7,52.1,2.19,0.163,0.049,3.06,,,Ⅱ
2024-04-01T04:00:00+08:00,1711915200,18.0,7.68,7.65,388.8,54.9,2.1,0.187,0.042,3.03,,,Ⅱ
2024-04-01T08:00:00+08:00,1711929600,17.9,7.69,7.66,388.6,56.9,2.34,0.178,0.048,3.01,,,Ⅱ
2024-04-01T12:00:00+08:00,1711944000,19.7,7.71,7.88,383.8,52.5,2.24,0.157,0.042,2.88,,,Ⅱ
2024-04-01T16:00:00+08:00,1711958400,25.5,6.83,0.04,350.0,50.1,2.06,0.149,0.04,2.9,,,劣Ⅴ
2024-04-01T20:00:00+08:00,1711972800,19.8,7.53,7.31,404.4,48.3,2.16,0.437,0.049,3.63,,,Ⅱ
2024-04-02T04:00:00+08:00,1712001600,19.3,7.44,7.19,522.9,61.2,2.49,0.447,0.052,3.9,,,Ⅱ
2024-04-02T08:00:00+08:00,1712016000,18.9,7.47,7.64,467.6,53.8,2.59,0.387,0.05,3.65,,,Ⅱ
2024-04-02T12:00:00+08:00,1712030400,19.1,7.62,7.42,392.0,33.5,2.13,0.16,0.038,,,,Ⅱ
2024-04-02T16:00:00+08:00,1712044800,19.6,7.95,8.5,378.9,21.0,2.13,0.16,0.038,,,,Ⅱ
2024-04-02T20:00:00+08:00,1712059200,19.4,8.1,8.51,377.5,17.2,1.85,0.071,0.028,2.53,,,Ⅱ
2024-04-03T04:00:00+08:00,1712088000,19.4,7.77,7.7,383.5,29.7,1.62,0.052,0.024,2.34,,,Ⅱ
2024-04-03T08:00:00+08:00,1712102400,19.3,7.61,7.16,399.9,45.4,1.74,0.085,0.028,2.54,,,Ⅱ
2024-04-03T12:00:00+08:00,1712116800,19.4,8.02,8.47,347.8,41.3,1.92,0.415,0.037,2.88,,,Ⅱ
2024-04-03T16:00:00+08:00,1712131200,19.4,7.75,7.52,360.0,134.9,1.94,0.062,0.031,2.84,,,Ⅱ
2024-04-03T20:00:00+08:00,1712145600,18.5,7.82,8.02,348.3,144.1,2.1,0.138,0.049,2.87,,,Ⅱ
2024-04-04T04:00:00+08:00,1712174400,18.0,7.91,8.16,345.7,65.7,2.31,0.135,0.05,3.17,,,Ⅱ
2024-04-04T08:00:00+08:00,1712188800,17.4,7.9,8.27,347.6,77.0,2.1,0.091,0.036,3.08,,,Ⅱ
2024-04-04T12:00:00+08:00,1712203200,18.5,7.91,8.46,348.4,54.9,2.24,0.11,0.041,3.01,,,Ⅱ
2024-04-04T16:00:00+08:00,1712217600,18.9,7.88,8.25,357.9,48.3,1.84,0.084,0.033,3.01,,,Ⅱ
2024-04-04T20:00:00+08:00,1712232000,18.7,7.75,7.69,369.8,43.8,1.88,0.093,0.034,2.89,,,Ⅱ
2024-04-05T04:00:00+08:00,1712260800,17.6,7.85,8.05,354.1,50.9,2.0,0.106,0.041,2.98,,,Ⅱ
2024-04-05T08:00:00+08:00,1712275200,17.3,7.78,7.86,359.0,52.7,2.0,0.091,0.033,2.96,,,Ⅱ
2024-04-05T12:00:00+08:00,1712289600,19.0,7.87,8.31,359.4,38.3,2.1,0.089,0.035,2.86,,,Ⅱ
2024-04-05T16:00:00+08:00,1712304000,20.4,7.98,8.83,365.8,33.9,1.98,0.079,0.031,2.83,,,Ⅱ
2024-04-05T20:00:00+08:00,1712318400,19.8,7.93,8.66,371.0,36.5,1.86,0.071,0.032,2.82,,,Ⅱ
2024-04-06T04:00:00+08:00,1712347200,18.7,7.72,7.53,373.0,42.1,2.26,0.075,0.034,2.7,,,Ⅱ
2024-04-06T08:00:00+08:00,1712361600,18.3,7.6,6.85,403.9,38.3,2.29,0.105,0.033,2.69,,,Ⅱ
2024-04-06T12:00:00+08:00,1712376000,18.6,7.64,7.1,442.1,40.2,2.22,0.216,0.036,2.68,,,Ⅱ
2024-04-06T16:00:00+08:00,1712390400,18.6,7.54,6.99,538.4,43.1,2.09,0.269,0.038,2.82,,,Ⅱ
2024-04-06T20:00:00+08:00,1712404800,18.6,7.48,6.66,628.4,50.6,2.32,0.342,0.042,3.1,,,Ⅱ
2024-04-07T04:00:00+08:00,1712433600,18.1,7.44,5.9,562.7,59.9,2.72,0.36,0.047,3.65,,,Ⅲ
2024-04-07T12:00:00+08:00,1712462400,17.6,7.44,5.7,410.8,65.6,2.65,0.429,0.051,3.53,,,Ⅲ
2024-04-07T16:00:00+08:00,1712476800,17.6,7.46,5.89,402.3,64.6,2.26,0.487,0.054,3.5,,,Ⅲ
2024-04-07T20:00:00+08:00,1712491200,17.4,7.42,6.12,406.3,65.8,2.48,0.468,0.056,3.49,,,Ⅱ
2024-04-08T04:00:00+08:00,1712520000,17.1,7.42,6.47,398.9,52.9,2.28,0.532,0.057,3.36,,,Ⅲ
2024-04-08T08:00:00+08:00,1712534400,17.0,7.41,5.88,400.8,57.0,2.6,0.561,,3.37,,,
2024-04-08T12:00:00+08:00,1712548800,16.8,7.42,6.62,399.7,55.4,2.25,0.525,,3.36,,,
2024-04-08T16:00:00+08:00,1712563200,16.6,7.68,7.94,364.4,71.8,2.22,0.264,,3.14,,,
2024-04-08T20:00:00+08:00,1712577600,16.8,7.42,5.87,420.1,120.5,2.4,0.684,,3.61,,,
2024-04-09T04:00:00+08:00,1712606400,16.5,7.39,5.63,408.1,60.9,2.54,0.627,,3.56,,,
2024-04-09T08:00:00+08:00,1712620800,16.4,7.36,5.23,434.3,58.9,2.83,0.83,,3.65,,,
2024-04-09T12:00:00+08:00,1712635200,17.7,7.32,4.94,496.8,50.2,2.77,0.886,0.081,4.0,,,Ⅳ
2024-04-09T16:00:00+08:00,1712649600,18.7,7.35,5.54,473.9,67.7,2.64,0.602,0.071,3.86,,,Ⅲ
2024-04-09T20:00:00+08:00,1712664000,18.6,7.39,5.28,413.1,74.9,2.65,0.565,0.064,3.6,,,Ⅲ
2024-04-10T04:00:00+08:00,1712692800,17.9,7.43,6.23,368.2,65.5,2.14,0.401,0.059,3.23,,,Ⅱ
2024-04-10T08:00:00+08:00,1712707200,17.9,7.41,6.5,368.8,67.4,2.43,0.39,0.06,3.17,,,Ⅱ
2024-04-10T12:00:00+08:00,1712721600,19.0,7.43,6.26,390.1,60.6,2.3,0.448,0.064,3.34,,,Ⅱ
2024-04-10T16:00:00+08:00,1712736000,19.7,7.46,6.32,409.2,60.1,,0.025,0.005,,,,
2024-04-10T20:00:00+08:00,1712750400,19.2,7.5,6.23,415.8,58.7,2.67,0.409,0.067,3.48,,,Ⅱ
2024-04-11T04:00:00+08:00,1712779200,19.0,7.53,6.21,412.6,49.2,2.43,0.31,0.059,3.38,,,Ⅱ
2024-04-11T08:00:00+08:00,1712793600,18.9,7.53,6.0,409.8,53.0,2.6,0.263,0.057,3.34,,,Ⅱ
2024-04-11T16:00:00+08:00,1712822400,20.7,7.63,7.52,404.5,39.9,3.18,0.268,0.055,3.43,,,Ⅱ
2024-04-11T20:00:00+08:00,1712836800,20.3,7.61,7.13,400.8,41.7,2.81,0.26,0.053,3.29,,,Ⅱ
2024-04-12T04:00:00+08:00,1712865600,19.6,7.53,6.2,416.8,42.6,2.48,0.281,0.056,3.31,,,Ⅱ
2024-04-12T08:00:00+08:00,1712880000,19.5,7.49,6.0,414.1,30.6,2.56,0.277,0.053,3.32,,,Ⅱ
2024-04-12T12:00:00+08:00,1712894400,19.6,7.52,6.2,417.4,35.2,2.6,0.267,0.053,3.34,,,Ⅱ
2024-04-12T16:00:00+08:00,1712908800,19.8,7.55,6.58,421.4,30.5,2.54,0.25,0.052,3.33,,,Ⅱ
2024-04-12T20:00:00+08:00,1712923200,19.7,7.53,6.47,424.6,31.6,2.59,0.273,0.05,3.36,,,Ⅱ
2024-04-13T00:00:00+08:00,1712937600,19.5,7.5,6.43,436.5,35.8,2.38,0.291,0.054,3.41,,,Ⅱ
2024-04-13T04:00:00+08:00,1712952000,19.4,7.46,5.79,455.2,31.6,2.51,0.365,0.061,3.48,,,Ⅲ
2024-04-13T08:00:00+08:00,1712966400,19.3,7.45,5.87,458.9,30.6,2.76,0.408,0.059,3.59,,,Ⅲ
2024-04-13T12:00:00+08:00,1712980800,19.7,7.45,5.83,462.0,34.7,2.62,0.445,0.063,3.61,,,Ⅲ
2024-04-13T16:00:00+08:00,1712995200,20.0,7.56,7.03,446.6,35.3,2.42,0.336,0.057,3.44,,,Ⅱ
2024-04-13T20:00:00+08:00,1713009600,20.0,7.49,6.44,486.1,36.3,2.62,0.409,0.059,3.69,,,Ⅱ
2024-04-14T00:00:00+08:00,1713024000,19.7,7.45,5.95,500.5,35.5,2.67,0.542,0.065,3.78,,,Ⅱ
2024-04-14T04:00:00+08:00,1713038400,19.6,7.43,5.36,582.9,37.9,2.83,0.618,0.074,3.91,,,Ⅲ
2024-04-14T08:00:00+08:00,1713052800,19.4,7.48,5.02,516.0,46.7,3.23,0.59,0.077,3.79,,,Ⅲ
2024-04-14T12:00:00+08:00,1713067200,20.1,7.46,5.39,534.0,41.6,2.83,0.638,0.073,3.81,,,Ⅲ
2024-04-14T16:00:00+08:00,1713081600,20.5,7.47,5.87,492.3,42.8,2.71,0.587,0.072,3.71,,,Ⅲ
2024-04-14T20:00:00+08:00,1713096000,20.5,7.41,5.39,455.0,32.2,2.62,0.583,0.068,3.61,,,Ⅲ
2024-04-15T00:00:00+08:00,1713110400,20.2,7.41,5.16,424.6,34.8,2.61,0.528,0.069,3.55,,,Ⅲ
2024-04-15T04:00:00+08:00,1713124800,20.1,7.38,4.99,426.9,34.4,2.47,0.6,0.074,3.6,,,Ⅳ
2024-04-15T08:00:00+08:00,1713139200,20.1,7.36,4.65,426.4,36.7,2.59,0.635,0.074,3.58,,,Ⅳ
2024-04-15T12:00:00+08:00,1713153600,21.8,7.58,6.68,418.6,26.8,2.41,0.336,0.055,2.96,,,Ⅱ
2024-04-15T16:00:00+08:00,1713168000,23.1,7.56,6.81,424.7,32.6,2.4,0.517,0.069,3.51,,,Ⅲ
2024-04-15T20:00:00+08:00,1713182400,22.0,7.51,6.45,430.9,37.8,2.47,0.426,0.065,3.42,,,Ⅱ
2024-04-16T00:00:00+08:00,1713196800,21.5,7.49,6.03,446.2,47.8,2.69,0.429,0.075,3.53,,,Ⅱ
2024-04-16T04:00:00+08:00,1713211200,21.3,7.48,5.81,462.2,47.4,2.71,0.389,0.067,3.44,,,Ⅲ
2024-04-16T08:00:00+08:00,1713225600,21.6,7.6,6.58,420.9,25.2,2.39,0.229,0.044,2.77,,,Ⅱ
2024-04-16T12:00:00+08:00,1713240000,22.3,7.55,6.64,455.8,28.9,2.52,0.297,0.054,3.14,,,Ⅱ
2024-04-16T16:00:00+08:00,1713254400,23.3,7.88,8.57,439.8,22.3,2.36,0.209,0.042,2.85,,,Ⅱ
2024-04-16T20:00:00+08:00,1713268800,22.8,7.75,7.69,443.7,27.9,2.38,0.228,0.044,2.92,,,Ⅱ
2024-04-17T00:00:00+08:00,1713283200,22.1,7.57,6.62,473.1,31.5,2.38,0.272,0.05,3.21,,,Ⅱ
2024-04-17T04:00:00+08:00,1713297600,21.7,7.48,5.72,539.0,39.7,2.66,0.352,0.055,3.52,,,Ⅲ
2024-04-17T08:00:00+08:00,1713312000,21.4,7.46,5.61,515.4,36.6,2.91,0.418,0.062,3.57,,,Ⅲ
2024-04-17T12:00:00+08:00,1713326400,21.2,7.49,5.56,515.2,36.6,2.91,0.41,0.061,3.53,,,Ⅲ
2024-04-17T16:00:00+08:00,1713340800,20.9,7.84,7.37,440.6,61.3,2.65,0.135,0.049,2.66,,,Ⅱ
2024-04-17T20:00:00+08:00,1713355200,20.7,7.84,7.08,437.8,46.4,2.22,0.123,0.04,2.46,,,Ⅱ
2024-04-18T00:00:00+08:00,1713369600,20.3,7.78,6.91,439.7,42.8,2.24,0.141,0.043,2.55,,,Ⅱ
2024-04-18T04:00:00+08:00,1713384000,20.0,7.56,5.82,468.9,34.9,2.55,0.236,0.05,2.91,,,Ⅲ
2024-04-18T12:00:00+08:00,1713412800,21.7,7.5,5.84,474.0,29.3,3.24,0.348,0.056,3.39,,,Ⅲ
2024-04-22T12:00:00+08:00,1713758400,20.8,7.83,7.52,396.5,27.8,2.1,0.067,0.034,2.17,,,Ⅱ
2024-04-22T16:00:00+08:00,1713772800,21.3,8.02,8.27,400.6,22.4,2.02,0.046,0.031,2.03,,,Ⅱ
2024-04-22T20:00:00+08:00,1713787200,21.1,7.96,8.11,403.3,22.0,2.32,0.054,0.03,1.97,,,Ⅱ
2024-04-23T04:00:00+08:00,1713816000,20.6,7.58,6.8,513.7,31.5,2.22,0.185,0.045,2.54,,,Ⅱ
2024-04-23T08:00:00+08:00,1713830400,20.4,7.55,6.45,517.8,29.7,2.37,0.201,0.045,2.65,,,Ⅱ
2024-04-23T12:00:00+08:00,1713844800,20.5,7.48,6.1,504.8,35.1,2.33,0.241,0.048,2.88,,,Ⅱ
2024-04-23T16:00:00+08:00,1713859200,21.4,7.46,6.22,481.8,34.6,,0.025,0.005,,,,
2024-04-23T20:00:00+08:00,1713873600,21.2,7.35,5.96,422.4,31.4,,0.041,0.043,3.05,,,
2024-04-24T04:00:00+08:00,1713902400,20.4,7.67,7.41,308.7,76.2,0.25,0.091,0.043,,,,Ⅱ
2024-04-24T08:00:00+08:00,1713916800,20.4,7.5,6.61,337.8,65.7,0.27,0.141,0.045,2.65,,,Ⅱ
2024-04-24T12:00:00+08:00,1713931200,22.2,7.41,6.39,381.8,31.8,,0.218,0.045,2.91,,,
2024-04-24T16:00:00+08:00,1713945600,22.5,7.4,6.64,403.1,37.2,2.8,0.281,0.053,3.17,,,Ⅱ
2024-04-24T20:00:00+08:00,1713960000,22.3,7.41,6.59,409.0,29.8,2.71,0.278,0.05,3.19,,,Ⅱ
2024-04-25T04:00:00+08:00,1713988800,21.5,7.32,5.65,460.1,37.0,2.84,0.375,0.061,3.43,,,Ⅲ
2024-04-25T08:00:00+08:00,1714003200,21.4,7.33,5.58,456.8,51.3,3.13,0.365,0.075,3.54,,,Ⅲ
2024-04-25T12:00:00+08:00,1714017600,22.0,7.35,5.76,435.0,42.6,3.0,0.367,0.071,3.54,,,Ⅲ
2024-04-25T16:00:00+08:00,1714032000,21.9,7.41,6.24,421.6,47.7,3.0,1.1,0.434,4.0,,,劣Ⅴ
2024-04-25T20:00:00+08:00,1714046400,21.5,7.4,6.04,401.1,43.6,3.14,0.242,0.064,3.47,,,Ⅱ
2024-04-26T04:00:00+08:00,1714075200,20.9,7.38,5.6,396.1,47.4,2.99,0.239,0.063,3.44,,,Ⅲ
2024-04-26T08:00:00+08:00,1714089600,21.0,7.36,5.59,394.1,39.1,2.97,0.243,0.06,3.35,,,Ⅲ
2024-04-26T12:00:00+08:00,1714104000,21.7,7.56,6.93,319.6,47.9,2.62,0.05,0.047,3.16,,,Ⅱ
2024-04-26T16:00:00+08:00,1714118400,22.3,7.79,7.71,302.4,53.4,2.4,0.065,0.043,2.69,,,Ⅱ
2024-04-26T20:00:00+08:00,1714132800,22.2,7.66,7.2,320.0,51.4,2.21,0.034,0.04,2.69,,,Ⅱ
2024-04-27T04:00:00+08:00,1714161600,21.6,7.48,6.43,345.0,33.1,2.47,0.125,0.041,2.83,,,Ⅱ
2024-04-27T08:00:00+08:00,1714176000,21.3,7.48,6.42,337.4,42.0,2.66,0.106,0.042,2.85,,,Ⅱ
2024-04-27T12:00:00+08:00,1714190400,21.4,7.88,7.67,311.0,30.4,2.4,0.057,0.034,2.5,,,Ⅱ
2024-04-27T16:00:00+08:00,1714204800,21.7,7.92,8.03,318.2,29.6,2.48,0.063,0.06,2.57,,,Ⅱ
2024-04-27T20:00:00+08:00,1714219200,21.6,7.61,7.05,339.8,31.0,2.46,0.094,0.038,2.7,,,Ⅱ
2024-04-28T04:00:00+08:00,1714248000,21.4,7.45,6.09,400.4,35.1,2.79,0.196,0.049,3.17,,,Ⅱ
2024-04-28T08:00:00+08:00,1714262400,21.3,7.45,6.22,396.9,33.5,2.99,0.191,0.048,3.12,,,Ⅱ
2024-04-28T12:00:00+08:00,1714276800,20.7,7.6,6.88,309.9,58.7,2.68,0.099,0.044,2.72,,,Ⅱ
2024-04-28T16:00:00+08:00,1714291200,21.0,7.89,7.78,304.2,49.4,2.4,0.063,0.037,2.47,,,Ⅱ
2024-04-29T12:00:00+08:00,1714363200,21.0,7.82,7.64,345.2,95.2,2.61,0.066,0.046,2.61,,,Ⅱ
2024-04-29T16:00:00+08:00,1714377600,21.0,7.79,7.48,352.7,85.1,2.75,0.109,0.051,2.46,,,Ⅱ
2024-04-29T20:00:00+08:00,1714392000,21.6,7.73,7.4,322.9,94.0,2.62,0.11,0.051,2.53,,,Ⅱ
2024-04-30T04:00:00+08:00,1714420800,20.8,7.7,7.01,355.6,54.4,2.53,0.088,0.043,2.35,,,Ⅱ
2024-04-30T12:00:00+08:00,1714449600,20.2,7.86,7.66,395.5,143.5,2.62,0.051,0.045,2.24,,,Ⅱ
2024-04-30T16:00:00+08:00,1714464000,19.8,7.95,7.92,415.2,181.2,3.19,0.151,0.079,2.42,,,Ⅱ
2024-04-30T20:00:00+08:00,1714478400,19.2,7.96,7.87,429.0,142.6,3.19,0.132,0.064,2.28,,,Ⅱ
2024-05-01T04:00:00+08:00,1714507200,18.4,7.88,7.74,420.9,126.0,3.45,0.147,0.081,2.23,,,Ⅱ
2024-05-01T08:00:00+08:00,1714521600,19.1,7.73,7.07,410.4,87.7,2.88,0.062,0.048,2.1,,,Ⅱ
2024-05-01T12:00:00+08:00,1714536000,20.1,7.65,6.87,375.5,64.6,2.76,0.123,0.051,2.26,,,Ⅱ
2024-05-01T16:00:00+08:00,1714550400,21.0,7.49,6.39,446.8,59.8,2.49,0.049,0.043,2.27,,,Ⅱ
2024-05-01T20:00:00+08:00,1714564800,20.8,7.41,5.58,503.9,69.8,3.11,0.387,0.072,3.32,,,Ⅲ
2024-05-02T04:00:00+08:00,1714593600,20.3,7.29,4.67,362.0,38.1,2.93,0.371,0.059,3.28,,,Ⅳ
2024-05-02T08:00:00+08:00,1714608000,20.2,7.28,4.63,353.1,44.8,2.92,0.348,0.057,3.21,,,Ⅳ
2024-05-02T12:00:00+08:00,1714622400,20.7,7.28,4.73,352.7,40.7,2.69,0.069,0.05,3.21,,,Ⅳ
2024-05-02T16:00:00+08:00,1714636800,21.2,7.29,5.0,345.8,37.5,2.73,0.317,0.054,3.19,,,Ⅲ
2024-05-02T20:00:00+08:00,1714651200,21.1,7.33,5.15,343.1,42.7,2.66,0.289,0.055,3.2,,,Ⅲ
2024-05-03T04:00:00+08:00,1714680000,20.5,7.38,5.16,353.3,69.0,2.66,0.07,0.048,3.18,,,Ⅲ
2024-05-03T08:00:00+08:00,1714694400,20.5,7.36,5.09,358.5,57.0,3.02,0.291,0.07,3.26,,,Ⅲ
2024-05-03T12:00:00+08:00,1714708800,21.1,7.33,5.01,358.8,53.0,2.9,0.318,0.068,3.26,,,Ⅲ
2024-05-03T16:00:00+08:00,1714723200,21.6,7.36,5.19,349.4,93.7,3.01,0.315,0.073,3.33,,,Ⅲ
2024-05-03T20:00:00+08:00,1714737600,21.2,7.34,4.98,354.5,45.5,2.96,0.291,0.064,3.24,,,Ⅳ
2024-05-04T04:00:00+08:00,1714766400,20.7,7.29,4.65,361.1,39.1,2.97,0.302,0.064,3.28,,,Ⅳ
2024-05-04T08:00:00+08:00,1714780800,20.4,7.32,4.61,352.0,49.2,2.97,0.306,0.067,3.3,,,Ⅳ
2024-05-04T12:00:00+08:00,1714795200,20.4,7.3,4.77,352.7,44.9,2.79,0.092,0.052,3.2,,,Ⅳ
2024-05-04T16:00:00+08:00,1714809600,20.5,7.38,6.04,353.8,37.5,3.54,0.334,0.066,3.31,,,Ⅱ
2024-05-04T20:00:00+08:00,1714824000,20.3,7.36,5.81,352.8,38.8,3.3,0.097,0.054,3.32,,,Ⅲ
2024-05-05T04:00:00+08:00,1714852800,20.0,7.31,5.57,362.4,36.4,3.21,0.344,0.071,3.44,,,Ⅲ
2024-05-05T08:00:00+08:00,1714867200,20.0,7.27,5.54,361.7,32.8,3.12,0.114,0.057,3.38,,,Ⅲ
2024-05-05T12:00:00+08:00,1714881600,19.6,7.69,7.75,326.8,51.3,2.86,0.095,0.051,2.81,,,Ⅱ
2024-05-05T16:00:00+08:00,1714896000,20.2,7.72,7.77,330.5,47.4,2.66,0.088,0.05,2.69,,,Ⅱ
2024-05-06T08:00:00+08:00,1714953600,20.0,7.66,7.7,321.9,44.7,2.59,0.087,0.046,2.71,,,Ⅱ
2024-05-06T12:00:00+08:00,1714968000,23.1,7.8,8.56,328.8,40.7,2.55,0.088,0.047,2.72,,,Ⅱ
2024-05-06T16:00:00+08:00,1714982400,23.3,7.83,8.71,335.6,40.5,2.34,0.039,0.042,2.62,,,Ⅱ
2024-05-06T20:00:00+08:00,1714996800,23.0,7.78,8.61,339.3,32.2,2.66,0.114,0.067,2.93,,,Ⅱ
2024-05-07T04:00:00+08:00,1715025600,20.9,7.58,7.0,347.8,32.5,2.75,0.186,0.06,3.1,,,Ⅱ
2024-05-07T08:00:00+08:00,1715040000,21.0,7.63,7.54,351.2,32.2,2.58,0.063,0.052,2.94,,,Ⅱ
2024-05-07T12:00:00+08:00,1715054400,22.2,7.8,8.28,356.2,38.7,2.69,0.069,0.047,2.66,,,Ⅱ
2024-05-07T16:00:00+08:00,1715068800,23.9,8.53,10.41,369.9,29.5,2.54,0.062,0.042,2.51,,,Ⅱ
2024-05-07T20:00:00+08:00,1715083200,23.9,8.65,10.66,367.7,32.3,2.48,0.029,0.038,2.55,,,Ⅱ
2024-05-08T04:00:00+08:00,1715112000,22.8,8.2,8.73,376.4,28.7,2.75,0.065,0.044,2.46,,,Ⅱ
2024-05-08T08:00:00+08:00,1715126400,22.3,7.7,7.32,365.2,79.7,2.66,0.067,0.035,2.32,,,Ⅱ
2024-05-08T12:00:00+08:00,1715140800,23.4,7.85,7.78,367.8,88.3,2.69,0.03,0.033,2.29,,,Ⅱ
2024-05-08T16:00:00+08:00,1715155200,24.4,8.29,8.86,363.5,72.6,2.92,0.121,0.05,2.52,,,Ⅱ
2024-05-08T20:00:00+08:00,1715169600,23.8,8.47,8.91,349.4,55.4,2.97,0.059,0.039,2.37,,,Ⅱ
2024-05-09T04:00:00+08:00,1715198400,22.9,8.19,8.46,378.8,40.3,,0.038,0.038,2.32,,,
2024-05-09T08:00:00+08:00,1715212800,22.6,8.11,8.58,373.3,35.2,,,,,,,
2024-05-09T12:00:00+08:00,1715227200,23.7,8.36,9.97,367.8,27.7,,0.058,0.039,2.32,,,
2024-05-09T16:00:00+08:00,1715241600,23.8,8.72,11.24,368.7,27.2,7.88,0.027,0.032,2.26,,,Ⅳ
2024-05-09T20:00:00+08:00,1715256000,22.9,7.97,10.02,478.2,32.6,3.57,0.047,0.041,2.52,,,Ⅱ
2024-05-10T04:00:00+08:00,1715284800,22.0,7.55,7.93,460.6,35.8,3.57,0.047,0.041,2.52,,,Ⅱ
2024-05-10T08:00:00+08:00,1715299200,22.0,7.52,7.55,435.6,29.9,3.06,0.206,0.044,3.21,,,Ⅱ
2024-05-10T12:00:00+08:00,1715313600,24.4,7.65,8.44,420.3,27.6,3.06,0.206,0.044,3.21,,,Ⅱ
2024-05-10T16:00:00+08:00,1715328000,25.2,7.97,9.68,401.7,33.6,3.04,0.174,0.04,3.02,,,Ⅱ
2024-05-10T20:00:00+08:00,1715342400,23.9,7.78,8.93,384.2,29.9,2.84,0.11,0.037,2.99,,,Ⅱ
2024-05-11T04:00:00+08:00,1715371200,22.9,7.63,6.84,355.9,35.0,2.73,0.334,0.038,2.97,,,Ⅱ
2024-05-11T08:00:00+08:00,1715385600,22.9,7.45,6.79,367.6,31.3,2.52,0.102,0.035,2.59,,,Ⅱ
2024-05-11T12:00:00+08:00,1715400000,23.1,7.47,7.01,361.8,31.2,2.4,0.031,0.028,2.57,,,Ⅱ
2024-05-11T16:00:00+08:00,1715414400,23.3,7.58,7.62,357.4,29.1,2.45,0.046,0.029,2.64,,,Ⅱ
2024-05-11T20:00:00+08:00,1715428800,23.3,7.5,6.93,355.4,26.1,2.51,0.048,0.029,2.68,,,Ⅱ
2024-05-12T04:00:00+08:00,1715457600,22.2,7.98,7.57,396.3,92.5,2.51,0.048,0.029,2.68,,,Ⅱ
2024-05-12T08:00:00+08:00,1715472000,22.0,7.96,7.49,396.7,61.8,,,,,,,
2024-05-12T12:00:00+08:00,1715486400,22.5,7.79,7.12,397.0,42.2,,,,,,,
2024-05-12T16:00:00+08:00,1715500800,22.7,7.75,7.15,388.0,60.9,2.35,0.092,0.037,2.14,,,Ⅱ
2024-05-12T20:00:00+08:00,1715515200,23.0,7.47,6.7,364.7,36.7,2.31,0.081,0.036,2.19,,,Ⅱ
2024-05-13T04:00:00+08:00,1715544000,22.2,7.31,5.46,497.5,33.8,2.56,0.316,0.054,2.96,,,Ⅲ
2024-05-13T08:00:00+08:00,1715558400,22.1,7.32,4.96,526.4,57.2,3.03,0.23,0.051,3.29,,,Ⅳ
2024-05-13T12:00:00+08:00,1715572800,23.1,7.3,4.7,472.9,61.4,2.92,0.124,0.048,3.41,,,Ⅳ
2024-05-13T16:00:00+08:00,1715587200,23.5,7.27,4.65,384.3,47.0,3.04,0.343,0.058,3.38,,,Ⅳ
2024-05-13T20:00:00+08:00,1715601600,23.2,7.28,4.59,368.7,39.9,2.61,0.152,0.047,3.33,,,Ⅳ
2024-05-14T00:00:00+08:00,1715616000,22.7,7.26,4.41,365.9,45.4,2.64,0.264,0.06,3.21,,,Ⅳ
2024-05-14T04:00:00+08:00,1715630400,22.4,7.27,4.59,379.7,44.1,2.8,0.318,0.069,3.11,,,Ⅳ
2024-05-14T08:00:00+08:00,1715644800,22.5,7.29,4.76,379.5,36.9,2.77,0.065,0.048,3.06,,,Ⅳ
2024-05-14T12:00:00+08:00,1715659200,23.9,7.3,5.11,373.2,37.7,3.07,0.268,0.064,3.06,,,Ⅲ
2024-05-14T16:00:00+08:00,1715673600,25.9,7.4,6.09,376.0,34.9,2.81,0.244,0.064,3.08,,,Ⅱ
2024-05-14T20:00:00+08:00,1715688000,23.8,7.33,5.36,377.5,39.3,2.82,0.253,0.063,3.11,,,Ⅲ
2024-05-15T00:00:00+08:00,1715702400,23.4,7.35,5.38,366.0,49.4,3.04,0.072,0.049,3.02,,,Ⅲ
2024-05-15T04:00:00+08:00,1715716800,21.8,7.48,6.15,341.2,36.4,2.86,0.111,0.048,2.74,,,Ⅱ
2024-05-15T12:00:00+08:00,1715745600,23.6,7.77,7.88,307.6,282.8,2.64,0.078,0.039,2.57,,,Ⅱ
2024-05-15T16:00:00+08:00,1715760000,23.8,7.86,7.79,300.9,158.8,2.64,0.078,0.039,2.57,,,Ⅱ
2024-05-15T20:00:00+08:00,1715774400,23.3,7.82,7.65,303.9,93.3,2.64,0.078,0.039,2.57,,,Ⅱ
2024-05-16T04:00:00+08:00,1715803200,22.4,7.62,6.9,311.8,64.9,2.64,0.078,0.039,2.57,,,Ⅱ
2024-05-16T08:00:00+08:00,1715817600,22.4,7.64,7.08,314.7,62.3,,,,,,,
2024-05-16T16:00:00+08:00,1715846400,24.4,7.91,8.27,327.0,40.0,3.63,0.074,0.05,2.39,,,Ⅱ
2024-05-16T20:00:00+08:00,1715860800,23.5,7.76,7.8,315.2,38.0,2.75,0.081,0.052,2.46,,,Ⅱ
2024-05-17T04:00:00+08:00,1715889600,23.0,7.49,6.95,423.8,37.6,2.68,0.168,0.09,2.75,,,Ⅱ
2024-05-17T08:00:00+08:00,1715904000,23.0,7.46,6.9,442.1,32.2,2.68,0.178,0.061,3.04,,,Ⅱ
2024-05-17T12:00:00+08:00,1715918400,24.0,7.68,7.57,340.9,35.0,2.77,0.161,0.055,3.03,,,Ⅱ
2024-05-17T16:00:00+08:00,1715932800,24.8,7.94,8.12,300.6,29.4,2.44,0.091,0.045,2.64,,,Ⅱ
2024-05-17T20:00:00+08:00,1715947200,24.6,8.09,8.37,299.6,30.4,2.22,0.058,0.036,2.4,,,Ⅱ
2024-05-18T04:00:00+08:00,1715976000,23.6,7.65,6.85,298.1,33.3,2.06,0.052,0.032,2.44,,,Ⅱ
2024-05-18T08:00:00+08:00,1715990400,23.6,7.56,6.42,297.7,40.2,2.03,0.075,0.036,2.4,,,Ⅱ
2024-05-18T12:00:00+08:00,1716004800,25.6,7.65,7.11,291.8,41.3,2.36,0.082,0.039,2.47,,,Ⅱ
2024-05-18T16:00:00+08:00,1716019200,26.7,8.18,8.59,287.9,32.0,2.21,0.074,0.039,2.59,,,Ⅱ
2024-05-18T20:00:00+08:00,1716033600,25.9,8.34,8.59,286.0,45.4,2.18,0.05,0.035,2.61,,,Ⅱ
2024-05-19T04:00:00+08:00,1716062400,24.8,7.7,6.93,288.3,42.0,3.98,0.057,0.035,2.61,,,Ⅱ
2024-05-19T08:00:00+08:00,1716076800,24.7,7.61,6.57,287.8,57.3,2.68,0.074,0.036,2.64,,,Ⅱ
2024-05-19T12:00:00+08:00,1716091200,25.9,7.69,6.96,288.6,61.5,2.42,0.106,0.046,2.75,,,Ⅱ
2024-05-19T16:00:00+08:00,1716105600,26.5,7.77,7.28,288.7,67.5,2.27,0.094,0.049,2.7,,,Ⅱ
2024-05-19T20:00:00+08:00,1716120000,25.8,8.28,8.36,292.2,42.7,2.35,0.093,0.047,2.77,,,Ⅱ
2024-05-20T04:00:00+08:00,1716148800,24.6,7.64,6.41,289.8,71.4,2.31,0.067,0.04,2.7,,,Ⅱ
2024-05-20T08:00:00+08:00,1716163200,24.4,7.59,6.33,290.1,84.4,2.41,0.097,0.051,2.86,,,Ⅱ
2024-05-20T12:00:00+08:00,1716177600,25.6,7.72,7.02,290.8,78.9,2.58,0.085,0.053,2.83,,,Ⅱ
2024-05-20T16:00:00+08:00,1716192000,26.2,8.46,8.49,320.9,60.2,2.41,0.091,0.052,2.81,,,Ⅱ
2024-05-20T20:00:00+08:00,1716206400,26.2,7.94,7.39,298.8,60.2,2.52,0.071,0.048,2.58,,,Ⅱ
2024-05-21T04:00:00+08:00,1716235200,24.9,7.64,6.18,301.9,61.0,2.37,0.07,0.041,2.69,,,Ⅱ
2024-05-21T08:00:00+08:00,1716249600,25.1,7.71,6.58,305.6,69.8,2.56,0.085,0.046,2.73,,,Ⅱ
2024-05-21T12:00:00+08:00,1716264000,25.9,7.72,6.82,303.0,80.4,2.4,0.089,0.048,2.75,,,Ⅱ
2024-05-21T16:00:00+08:00,1716278400,25.9,7.81,7.05,304.6,55.1,2.32,0.085,0.044,2.69,,,Ⅱ
2024-05-21T20:00:00+08:00,1716292800,25.6,7.72,6.57,305.7,48.3,2.36,0.072,0.038,2.54,,,Ⅱ
2024-05-22T04:00:00+08:00,1716321600,24.2,7.58,6.25,315.3,85.2,2.48,0.129,0.057,2.78,,,Ⅱ
2024-05-22T08:00:00+08:00,1716336000,23.9,7.87,7.06,368.7,66.1,2.68,0.069,0.044,2.48,,,Ⅱ
2024-05-23T08:00:00+08:00,1716422400,23.9,7.76,6.66,368.1,45.0,2.48,0.068,0.041,2.4,,,Ⅱ
2024-05-23T12:00:00+08:00,1716436800,25.6,7.82,7.05,364.8,46.5,2.3,0.052,0.04,2.31,,,Ⅱ
2024-05-23T16:00:00+08:00,1716451200,26.6,8.24,8.21,362.3,45.4,2.15,0.039,0.037,2.27,,,Ⅱ
2024-05-23T20:00:00+08:00,1716465600,26.4,8.19,7.89,368.0,43.7,2.37,,0.029,,,,
2024-05-24T04:00:00+08:00,1716494400,25.2,7.76,6.37,361.9,48.5,2.21,0.056,0.037,2.28,,,Ⅱ
2024-05-24T08:00:00+08:00,1716508800,25.1,7.82,6.71,362.0,54.3,2.42,0.039,0.037,2.23,,,Ⅱ
2024-05-24T12:00:00+08:00,1716523200,26.5,7.92,7.22,360.7,66.1,2.42,0.039,0.037,2.23,,,Ⅱ
2024-05-24T16:00:00+08:00,1716537600,27.3,8.49,8.4,361.6,47.9,2.4,0.051,0.039,2.13,,,Ⅱ
2024-05-24T20:00:00+08:00,1716552000,27.2,7.93,6.88,363.6,50.2,2.35,0.051,0.037,2.21,,,Ⅱ
2024-05-25T04:00:00+08:00,1716580800,26.3,7.81,6.42,363.5,47.9,2.24,0.025,0.03,,,,Ⅱ
2024-05-25T08:00:00+08:00,1716595200,25.7,7.75,6.26,360.2,67.0,2.44,0.087,0.05,2.24,,,Ⅱ
2024-05-25T12:00:00+08:00,1716609600,26.1,7.83,6.84,361.0,58.4,2.5,0.061,0.041,2.26,,,Ⅱ
2024-05-25T16:00:00+08:00,1716624000,26.8,7.94,7.18,361.4,61.9,2.35,0.065,0.04,2.23,,,Ⅱ
2024-05-25T20:00:00+08:00,1716638400,26.4,8.19,7.3,363.4,53.2,2.31,0.053,0.04,2.17,,,Ⅱ
2024-05-26T04:00:00+08:00,1716667200,25.6,7.81,6.24,363.3,57.4,2.42,0.035,0.039,2.13,,,Ⅱ
2024-05-26T08:00:00+08:00,1716681600,25.8,7.69,5.95,363.8,62.6,2.55,0.041,0.039,2.12,,,Ⅲ
2024-05-26T12:00:00+08:00,1716696000,26.7,7.78,6.28,369.4,54.7,2.31,0.077,0.045,2.16,,,Ⅱ
2024-05-26T16:00:00+08:00,1716710400,27.9,8.03,6.91,386.9,31.2,2.52,0.047,0.032,,,,Ⅱ
2024-05-26T20:00:00+08:00,1716724800,27.0,8.05,6.98,399.5,38.4,2.64,,,,,,
2024-05-27T04:00:00+08:00,1716753600,26.0,8.13,7.24,430.9,109.6,2.61,0.085,0.046,1.93,,,Ⅱ
2024-05-27T08:00:00+08:00,1716768000,25.5,7.99,7.23,407.6,149.1,2.69,0.072,0.048,1.92,,,Ⅱ
2024-05-27T12:00:00+08:00,1716782400,25.1,7.95,7.12,386.7,178.7,2.63,0.059,0.039,1.93,,,Ⅱ
2024-05-27T16:00:00+08:00,1716796800,24.4,8.09,7.6,400.1,224.2,3.01,0.045,0.033,1.84,,,Ⅱ
2024-05-27T20:00:00+08:00,1716811200,23.6,7.99,7.5,389.9,171.6,2.93,0.039,0.031,1.81,,,Ⅱ
2024-05-28T04:00:00+08:00,1716840000,22.8,7.81,6.86,389.6,127.8,2.74,0.108,0.056,,,,Ⅱ
2024-05-28T08:00:00+08:00,1716854400,21.8,7.92,7.57,391.6,222.6,3.15,0.196,0.067,2.26,,,Ⅱ
2024-05-28T12:00:00+08:00,1716868800,25.2,7.97,7.72,393.8,119.8,2.76,0.122,0.051,2.15,,,Ⅱ
2024-05-28T16:00:00+08:00,1716883200,25.5,7.82,7.13,394.2,89.8,2.54,0.134,0.05,1.98,,,Ⅱ
2024-05-28T20:00:00+08:00,1716897600,24.7,7.75,6.54,395.7,79.0,2.28,0.092,0.041,1.95,,,Ⅱ
2024-05-29T04:00:00+08:00,1716926400,24.2,7.6,5.87,405.0,55.3,2.32,0.064,0.036,1.87,,,Ⅲ
2024-05-29T08:00:00+08:00,1716940800,24.2,7.59,5.66,419.8,54.3,2.48,0.057,0.036,1.82,,,Ⅲ
2024-05-29T12:00:00+08:00,1716955200,26.0,7.55,6.02,505.2,51.2,2.53,0.168,0.05,,,,Ⅱ
2024-05-29T16:00:00+08:00,1716969600,27.4,7.6,6.47,545.0,43.4,2.57,0.16,0.05,2.34,,,Ⅱ
2024-05-29T20:00:00+08:00,1716984000,25.6,7.51,5.51,533.8,76.3,2.63,0.172,0.056,2.45,,,Ⅲ
2024-05-30T04:00:00+08:00,1717012800,24.8,7.41,4.99,475.1,43.1,2.68,0.211,0.055,2.75,,,Ⅳ
2024-05-30T08:00:00+08:00,1717027200,24.8,7.37,4.58,480.2,40.8,2.84,0.354,0.067,2.89,,,Ⅳ
2024-05-30T12:00:00+08:00,1717041600,24.5,7.84,6.87,436.8,61.2,2.48,0.108,0.049,2.31,,,Ⅱ
2024-05-30T16:00:00+08:00,1717056000,24.7,7.81,6.85,433.2,113.2,2.39,0.055,0.044,2.15,,,Ⅱ
2024-05-30T20:00:00+08:00,1717070400,23.7,8.18,7.7,440.1,53.8,2.3,0.042,0.04,2.04,,,Ⅱ
2024-05-31T04:00:00+08:00,1717099200,23.3,8.05,7.25,435.7,39.7,2.2,0.064,0.035,1.71,,,Ⅱ
2024-05-31T08:00:00+08:00,1717113600,23.1,8.08,7.35,436.0,45.8,2.39,0.068,0.033,1.7,,,Ⅱ
2024-05-31T12:00:00+08:00,1717128000,23.1,7.99,7.15,433.6,57.8,2.74,0.082,0.035,,,,Ⅱ
2024-05-31T16:00:00+08:00,1717142400,23.3,7.99,7.25,437.0,40.6,2.45,0.078,0.037,1.67,,,Ⅱ
2024-05-31T20:00:00+08:00,1717156800,23.3,7.82,6.79,439.0,41.7,2.52,0.094,0.039,1.71,,,Ⅱ
2024-06-01T04:00:00+08:00,1717185600,23.4,7.47,5.61,490.9,49.6,3.34,0.259,0.058,2.41,,,Ⅲ
2024-06-01T08:00:00+08:00,1717200000,23.5,7.35,5.01,527.2,45.6,3.04,0.194,0.048,2.35,,,Ⅲ
2024-06-01T12:00:00+08:00,1717214400,24.5,7.3,4.67,515.4,45.7,2.97,0.495,0.074,3.22,,,Ⅳ
2024-06-01T16:00:00+08:00,1717228800,25.1,7.31,4.59,463.8,39.0,2.95,0.489,0.076,3.4,,,Ⅳ
2024-06-01T20:00:00+08:00,1717243200,24.9,7.31,4.95,414.9,60.5,2.84,0.4,0.074,3.34,,,Ⅳ
2024-06-02T04:00:00+08:00,1717272000,24.4,7.28,4.44,404.4,49.4,2.7,0.337,0.071,3.19,,,Ⅳ
2024-06-02T12:00:00+08:00,1717300800,25.4,7.31,4.53,403.8,49.2,2.75,0.306,0.073,3.18,,,Ⅳ
2024-06-02T16:00:00+08:00,1717315200,25.5,7.32,4.81,405.5,43.2,2.75,0.292,0.072,3.16,,,Ⅳ
2024-06-02T20:00:00+08:00,1717329600,25.1,7.31,4.54,410.6,47.4,2.71,0.155,0.065,3.08,,,Ⅳ
2024-06-03T04:00:00+08:00,1717358400,24.4,7.25,3.72,407.6,37.7,2.8,0.326,0.076,3.16,,,Ⅳ
2024-06-03T08:00:00+08:00,1717372800,23.8,7.51,5.54,415.1,34.0,2.78,0.188,0.055,2.64,,,Ⅲ
2024-06-03T16:00:00+08:00,1717401600,27.3,7.61,6.51,414.0,30.4,2.63,0.36,0.07,3.05,,,Ⅱ
2024-06-03T20:00:00+08:00,1717416000,27.0,7.53,6.29,410.4,28.4,2.63,0.218,0.057,2.75,,,Ⅱ
2024-06-04T04:00:00+08:00,1717444800,24.7,7.8,6.45,431.1,43.4,2.73,0.133,0.069,2.43,,,Ⅱ
2024-06-04T08:00:00+08:00,1717459200,24.6,7.61,5.57,421.6,107.1,2.6,0.111,0.053,2.23,,,Ⅲ
2024-06-04T12:00:00+08:00,1717473600,26.1,7.95,7.18,424.0,44.0,2.72,0.143,0.061,2.44,,,Ⅱ
2024-06-04T16:00:00+08:00,1717488000,27.2,8.04,7.31,414.2,41.6,2.47,0.065,0.041,2.2,,,Ⅱ
2024-06-04T20:00:00+08:00,1717502400,26.9,7.8,6.31,415.6,41.0,2.3,0.047,0.035,2.07,,,Ⅱ
2024-06-05T04:00:00+08:00,1717531200,26.1,7.74,6.18,415.3,39.6,2.38,0.047,0.033,2.0,,,Ⅱ
2024-06-05T08:00:00+08:00,1717545600,25.9,7.69,5.74,418.5,34.1,2.52,0.063,0.034,1.97,,,Ⅲ
2024-06-05T12:00:00+08:00,1717560000,25.8,7.62,5.71,430.0,35.1,2.47,0.044,0.033,1.96,,,Ⅲ
2024-06-05T16:00:00+08:00,1717574400,25.3,7.63,6.53,431.8,35.6,2.89,0.064,0.04,,,,Ⅱ
2024-06-05T20:00:00+08:00,1717588800,24.7,7.58,6.48,443.1,47.1,3.08,0.074,0.05,,,,Ⅱ
2024-06-06T04:00:00+08:00,1717617600,24.1,7.37,5.76,495.7,42.8,3.86,0.201,0.059,,,,Ⅲ
2024-06-06T08:00:00+08:00,1717632000,23.9,7.31,5.56,547.8,37.7,3.47,0.231,0.064,,,,Ⅲ
2024-06-06T12:00:00+08:00,1717646400,23.2,7.56,6.68,413.2,51.4,3.12,0.121,0.05,2.71,,,Ⅱ
2024-06-06T16:00:00+08:00,1717660800,24.1,7.35,6.01,552.2,34.3,3.19,0.248,0.058,3.28,,,Ⅱ
2024-06-06T20:00:00+08:00,1717675200,24.0,7.32,5.45,534.0,36.0,3.84,0.243,0.062,3.36,,,Ⅲ
2024-06-07T04:00:00+08:00,1717704000,23.5,7.29,4.97,433.1,41.7,3.1,0.188,0.061,3.08,,,Ⅳ
2024-06-07T08:00:00+08:00,1717718400,23.6,7.25,4.94,406.2,37.3,3.07,0.157,0.057,3.06,,,Ⅳ
2024-06-07T12:00:00+08:00,1717732800,24.5,7.28,5.39,391.1,31.7,2.82,0.136,0.054,3.05,,,Ⅲ
2024-06-07T16:00:00+08:00,1717747200,23.8,7.62,6.75,370.5,41.3,2.59,0.081,0.044,2.64,,,Ⅱ
2024-06-07T20:00:00+08:00,1717761600,23.6,7.7,7.04,373.6,51.9,2.52,0.086,0.041,2.56,,,Ⅱ
2024-06-08T04:00:00+08:00,1717790400,23.4,7.53,6.4,377.5,42.6,2.56,0.105,0.042,2.55,,,Ⅱ
2024-06-08T08:00:00+08:00,1717804800,23.1,7.84,7.23,381.1,35.4,2.55,0.034,0.036,2.26,,,Ⅱ
2024-06-08T12:00:00+08:00,1717819200,25.8,8.34,8.49,415.1,32.3,2.4,0.037,0.034,1.95,,,Ⅱ
2024-06-08T16:00:00+08:00,1717833600,27.8,8.46,8.71,425.4,34.2,2.86,0.038,0.036,2.0,,,Ⅱ
2024-06-08T20:00:00+08:00,1717848000,28.0,8.48,8.75,418.5,33.0,3.03,0.044,0.036,2.03,,,Ⅱ
2024-06-09T04:00:00+08:00,1717876800,26.9,7.9,7.04,417.7,42.1,3.21,0.045,0.046,2.23,,,Ⅱ
2024-06-09T08:00:00+08:00,1717891200,26.0,7.92,7.14,418.0,82.0,3.21,0.054,0.041,2.1,,,Ⅱ
2024-06-09T12:00:00+08:00,1717905600,28.3,8.01,7.58,418.2,27.6,3.08,0.04,0.038,1.99,,,Ⅱ
2024-06-09T16:00:00+08:00,1717920000,29.1,8.2,8.41,416.1,28.6,2.84,0.037,,1.88,,,
2024-06-09T20:00:00+08:00,1717934400,27.9,8.03,7.89,415.1,24.3,2.73,0.039,0.005,1.91,,,Ⅱ
2024-06-10T04:00:00+08:00,1717963200,25.8,7.62,6.78,403.7,33.8,2.78,0.046,0.005,2.28,,,Ⅱ
2024-06-10T08:00:00+08:00,1717977600,25.7,7.47,6.32,420.6,35.0,3.06,0.033,0.005,2.5,,,Ⅱ
2024-06-10T12:00:00+08:00,1717992000,25.7,7.36,5.9,469.8,32.6,2.92,0.111,0.047,3.03,,,Ⅲ
2024-06-10T16:00:00+08:00,1718006400,25.5,7.46,6.3,468.1,37.7,3.0,0.082,0.045,2.93,,,Ⅱ
2024-06-10T20:00:00+08:00,1718020800,25.4,7.34,5.66,525.9,34.7,3.02,0.144,0.049,3.4,,,Ⅲ
2024-06-11T04:00:00+08:00,1718049600,24.7,7.25,4.27,448.1,53.3,3.01,0.244,0.067,3.56,,,Ⅳ
2024-06-11T08:00:00+08:00,1718064000,24.8,7.22,4.08,427.8,39.9,3.08,0.254,0.061,3.4,,,Ⅳ
2024-06-11T12:00:00+08:00,1718078400,25.5,7.22,4.32,412.7,37.4,2.89,0.245,0.061,3.42,,,Ⅳ
2024-06-11T16:00:00+08:00,1718092800,26.6,7.34,5.36,393.9,38.4,2.73,0.194,0.061,3.37,,,Ⅲ
2024-06-11T20:00:00+08:00,1718107200,25.9,7.3,4.73,373.8,36.9,2.8,0.234,0.063,3.27,,,Ⅳ
2024-06-12T04:00:00+08:00,1718136000,25.4,7.25,4.38,354.1,39.2,2.74,0.193,0.068,3.2,,,Ⅳ
2024-06-12T08:00:00+08:00,1718150400,25.4,7.23,4.51,358.4,49.5,3.01,0.124,0.066,3.18,,,Ⅳ
2024-06-12T12:00:00+08:00,1718164800,26.4,7.21,4.25,349.6,40.7,2.99,0.148,0.066,3.14,,,Ⅳ
2024-06-12T16:00:00+08:00,1718179200,27.2,7.3,4.76,348.1,41.4,2.99,0.148,0.066,3.14,,,Ⅳ
2024-06-13T04:00:00+08:00,1718222400,25.9,7.23,3.84,360.5,50.2,3.27,0.168,0.072,2.96,,,Ⅳ
2024-06-13T08:00:00+08:00,1718236800,26.4,7.24,4.32,362.4,41.3,3.45,0.169,0.069,2.97,,,Ⅳ
2024-06-13T12:00:00+08:00,1718251200,27.8,7.29,4.79,362.9,38.7,3.24,0.16,0.067,2.89,,,Ⅳ
2024-06-13T16:00:00+08:00,1718265600,28.5,7.32,5.22,365.3,37.0,3.14,0.147,0.066,2.93,,,Ⅲ
2024-06-13T20:00:00+08:00,1718280000,27.5,7.3,4.84,368.1,42.0,3.19,0.195,0.065,2.97,,,Ⅳ
2024-06-14T00:00:00+08:00,1718294400,26.8,7.25,4.31,375.9,42.2,3.32,0.269,0.073,2.92,,,Ⅳ
2024-06-14T04:00:00+08:00,1718308800,26.6,7.23,4.32,377.2,42.1,3.39,0.253,0.069,2.86,,,Ⅳ
2024-06-14T08:00:00+08:00,1718323200,26.6,7.21,3.94,373.5,38.9,3.55,0.251,0.07,2.88,,,Ⅳ
2024-06-14T12:00:00+08:00,1718337600,27.0,7.28,4.47,376.5,41.7,3.36,0.204,0.066,2.8,,,Ⅳ
2024-06-14T16:00:00+08:00,1718352000,28.7,7.64,6.5,395.6,39.8,3.02,0.083,0.048,2.26,,,Ⅱ
2024-06-14T20:00:00+08:00,1718366400,28.5,7.72,6.87,396.0,42.9,2.95,0.083,0.052,2.25,,,Ⅱ
2024-06-15T00:00:00+08:00,1718380800,27.4,7.29,4.93,379.2,43.1,5.33,0.153,0.06,2.63,,,Ⅳ
2024-06-15T04:00:00+08:00,1718395200,27.4,7.44,5.52,389.2,33.6,3.07,0.097,0.046,2.38,,,Ⅲ
2024-06-15T08:00:00+08:00,1718409600,27.4,7.64,6.19,403.1,31.2,2.98,0.07,0.038,2.03,,,Ⅱ
2024-06-15T12:00:00+08:00,1718424000,29.3,7.99,7.16,419.0,20.0,2.52,0.039,0.03,1.72,,,Ⅱ
2024-06-15T16:00:00+08:00,1718438400,31.0,8.33,7.88,423.4,19.9,2.3,0.033,0.028,1.59,,,Ⅱ
2024-06-15T20:00:00+08:00,1718452800,30.9,8.28,7.55,425.4,22.6,2.37,0.039,0.029,1.61,,,Ⅱ
2024-06-16T00:00:00+08:00,1718467200,30.0,8.06,6.98,423.1,26.0,2.32,0.047,0.03,1.58,,,Ⅱ
2024-06-16T04:00:00+08:00,1718481600,28.9,7.73,6.14,417.2,21.7,2.48,0.057,0.031,1.75,,,Ⅱ
2024-06-16T08:00:00+08:00,1718496000,29.0,7.9,6.21,427.2,23.1,2.46,0.053,0.028,1.6,,,Ⅱ
2024-06-16T12:00:00+08:00,1718510400,30.0,8.12,6.97,428.2,33.4,2.35,0.05,0.032,1.51,,,Ⅱ
2024-06-16T20:00:00+08:00,1718539200,29.7,7.99,6.69,426.2,35.9,2.33,0.044,0.029,1.62,,,Ⅱ
2024-06-17T04:00:00+08:00,1718568000,27.8,7.88,6.2,425.6,39.5,2.42,0.052,0.035,1.55,,,Ⅱ
2024-06-17T08:00:00+08:00,1718582400,27.6,7.84,6.06,426.1,43.9,2.44,0.068,0.035,1.71,,,Ⅱ
2024-06-17T12:00:00+08:00,1718596800,28.4,7.69,5.68,425.0,33.7,2.73,0.079,0.036,1.66,,,Ⅲ
2024-06-17T16:00:00+08:00,1718611200,29.3,8.14,7.06,431.4,35.0,2.56,0.079,0.04,1.66,,,Ⅱ
2024-06-17T20:00:00+08:00,1718625600,28.8,7.85,6.42,425.7,37.4,2.61,0.052,0.033,1.61,,,Ⅱ
2024-06-18T04:00:00+08:00,1718654400,27.7,7.61,6.36,401.0,22.4,3.06,0.046,0.042,1.91,,,Ⅱ
2024-06-18T08:00:00+08:00,1718668800,26.8,7.62,5.7,418.6,30.2,3.19,0.074,0.036,1.73,,,Ⅲ
2024-06-18T12:00:00+08:00,1718683200,28.3,7.73,6.75,410.7,23.5,2.87,0.044,0.034,1.78,,,Ⅱ
2024-06-18T16:00:00+08:00,1718697600,29.9,8.19,9.12,399.1,19.8,3.58,0.036,0.044,1.84,,,Ⅱ
2024-06-18T20:00:00+08:00,1718712000,29.1,8.09,8.75,400.8,21.0,3.27,0.037,0.038,1.85,,,Ⅱ
2024-06-19T04:00:00+08:00,1718740800,27.9,7.61,7.06,444.2,19.1,3.98,0.056,0.048,2.29,,,Ⅱ
2024-06-19T08:00:00+08:00,1718755200,27.6,7.52,6.35,448.0,17.5,3.66,0.054,0.039,2.27,,,Ⅱ
2024-06-19T12:00:00+08:00,1718769600,26.9,7.82,6.48,433.3,40.8,2.92,0.079,0.036,1.62,,,Ⅱ
2024-06-19T16:00:00+08:00,1718784000,27.4,7.54,6.4,451.8,24.5,2.97,0.063,0.037,2.2,,,Ⅱ
2024-06-20T10:47:00+08:00,1718851620,,,,,,,,,,,,
2024-06-20T14:48:00+08:00,1718866080,,,,,,,,,,,,
2024-06-20T16:00:00+08:00,1718870400,27.5,7.3,4.78,376.1,59.4,3.68,0.451,0.088,3.19,,,Ⅳ
2024-06-20T20:00:00+08:00,1718884800,27.6,7.32,4.47,336.7,90.6,4.19,0.315,0.089,2.97,,,Ⅳ
2024-06-21T04:00:00+08:00,1718913600,27.5,7.3,4.02,332.2,91.8,3.56,0.201,0.097,2.71,,,Ⅳ
2024-06-21T08:00:00+08:00,1718928000,27.4,7.29,3.73,335.8,78.0,3.84,0.293,0.096,2.46,,,Ⅳ
2024-06-21T12:00:00+08:00,1718942400,27.1,7.25,3.76,323.4,59.2,3.65,0.33,0.093,2.42,,,Ⅳ
2024-06-21T16:00:00+08:00,1718956800,27.1,7.24,3.85,312.0,62.9,3.7,0.371,0.101,2.7,,,Ⅳ
2024-06-21T20:00:00+08:00,1718971200,26.9,7.23,3.57,300.4,63.8,3.77,0.406,0.1,2.96,,,Ⅳ
2024-06-22T00:00:00+08:00,1718985600,26.3,7.23,3.39,280.8,71.2,3.79,0.451,0.101,3.24,,,Ⅳ
2024-06-22T04:00:00+08:00,1719000000,25.9,7.24,3.42,270.8,69.7,3.8,0.472,0.101,3.41,,,Ⅳ
2024-06-22T08:00:00+08:00,1719014400,25.9,7.23,3.42,268.2,70.1,4.11,0.488,0.102,3.53,,,Ⅳ
2024-06-22T12:00:00+08:00,1719028800,26.0,7.22,3.6,268.8,70.1,3.9,0.466,0.1,3.66,,,Ⅳ
2024-06-22T16:00:00+08:00,1719043200,26.1,7.22,3.71,268.9,57.1,3.81,0.435,0.096,3.64,,,Ⅳ
2024-06-22T20:00:00+08:00,1719057600,26.0,7.22,3.69,274.2,54.4,3.66,0.39,0.093,3.53,,,Ⅳ
2024-06-23T00:00:00+08:00,1719072000,26.0,7.23,3.57,280.0,52.5,3.55,0.363,0.093,3.47,,,Ⅳ
2024-06-23T04:00:00+08:00,1719086400,25.8,7.21,3.51,279.6,45.1,3.38,0.32,0.088,3.35,,,Ⅳ
2024-06-23T08:00:00+08:00,1719100800,25.8,7.23,3.46,281.6,45.1,3.45,0.314,0.087,3.32,,,Ⅳ
2024-06-23T12:00:00+08:00,1719115200,25.5,7.26,3.94,281.6,48.9,3.21,0.299,0.092,3.45,,,Ⅳ
2024-06-23T16:00:00+08:00,1719129600,25.3,7.33,4.76,273.3,85.0,3.23,0.276,0.096,3.5,,,Ⅳ
2024-06-23T20:00:00+08:00,1719144000,25.1,7.33,4.67,267.5,73.4,3.25,0.268,0.096,,,,Ⅳ
2024-06-24T00:00:00+08:00,1719158400,25.1,7.33,4.71,265.0,113.2,3.32,0.284,0.102,3.62,,,Ⅳ
2024-06-24T04:00:00+08:00,1719172800,24.9,7.36,4.82,257.8,97.4,3.32,0.294,0.101,3.52,,,Ⅳ
2024-06-24T08:00:00+08:00,1719187200,25.0,7.35,4.59,264.0,117.6,3.55,0.308,0.106,3.57,,,Ⅳ
2024-06-24T12:00:00+08:00,1719201600,25.3,7.36,4.44,268.6,111.0,3.45,0.315,0.108,3.58,,,Ⅳ
2024-06-24T16:00:00+08:00,1719216000,26.0,7.33,4.44,324.3,103.7,3.63,0.381,0.122,3.27,,,Ⅳ
2024-06-24T20:00:00+08:00,1719230400,26.2,7.31,3.66,369.5,87.5,3.86,0.448,0.134,3.2,,,Ⅳ
2024-06-25T00:00:00+08:00,1719244800,26.0,7.29,3.28,378.6,76.7,3.92,0.468,0.137,3.17,,,Ⅳ
2024-06-25T12:00:00+08:00,1719288000,25.8,7.29,3.0,390.1,57.1,4.2,0.545,0.139,3.05,,,Ⅳ
2024-06-25T16:00:00+08:00,1719302400,25.8,7.29,3.07,388.5,47.7,3.97,0.546,0.141,3.05,,,Ⅳ
2024-06-25T20:00:00+08:00,1719316800,25.6,7.27,2.78,388.6,52.7,3.94,0.546,0.142,3.02,,,Ⅴ
2024-06-26T04:00:00+08:00,1719345600,25.2,7.22,2.48,374.4,58.3,4.06,0.567,0.149,3.05,,,Ⅴ
2024-06-26T08:00:00+08:00,1719360000,25.2,7.21,2.57,372.0,49.2,4.13,0.514,0.136,3.0,,,Ⅴ
2024-06-26T12:00:00+08:00,1719374400,25.4,7.2,2.15,365.9,57.7,3.86,0.51,0.139,2.94,,,Ⅴ
2024-06-26T16:00:00+08:00,1719388800,25.2,7.18,2.46,354.6,50.4,3.86,0.478,0.135,2.98,,,Ⅴ
2024-06-26T20:00:00+08:00,1719403200,25.0,7.2,2.44,346.5,54.5,3.92,0.456,0.138,2.98,,,Ⅴ
2024-06-27T04:00:00+08:00,1719432000,24.6,7.15,2.29,335.6,51.2,3.86,0.602,0.148,3.24,,,Ⅴ
2024-06-28T08:19:00+08:00,1719533940,,,,,,,,,,,,
2024-06-28T08:50:00+08:00,1719535800,,,,,,,,,,,,
2024-06-28T12:51:00+08:00,1719550260,,,,,,,,,,,,
2024-06-28T16:00:00+08:00,1719561600,24.6,7.19,4.2,333.1,67.4,,0.466,0.144,,,,
2024-06-28T20:00:00+08:00,1719576000,24.6,7.2,3.71,331.5,76.3,3.72,0.368,0.14,2.98,,,Ⅳ
2024-06-29T10:22:00+08:00,1719627720,,,,,,,,,,,,
2024-06-29T12:00:00+08:00,1719633600,24.9,7.2,3.48,345.9,133.3,4.38,0.698,0.201,3.46,,,Ⅳ
2024-06-29T16:00:00+08:00,1719648000,25.2,7.21,3.6,336.6,55.1,3.73,0.359,0.139,2.98,,,Ⅳ
2024-06-29T20:00:00+08:00,1719662400,25.2,7.19,3.43,334.7,51.5,3.45,0.275,0.127,2.88,,,Ⅳ
2024-06-30T00:00:00+08:00,1719676800,25.1,7.17,3.17,334.7,43.8,3.43,0.245,0.124,2.88,,,Ⅳ
2024-06-30T10:25:00+08:00,1719714300,,,,,,,,,,,,
2024-06-30T12:00:00+08:00,1719720000,25.1,7.18,3.51,339.2,48.1,,0.025,0.005,,,,
2024-06-30T16:00:00+08:00,1719734400,25.2,7.19,3.74,340.3,45.1,4.43,0.25,0.145,2.81,,,Ⅳ
2024-06-30T20:00:00+08:00,1719748800,25.2,7.19,3.64,338.3,48.4,3.8,0.244,0.155,2.67,,,Ⅳ
2024-07-01T10:29:00+08:00,1719800940,,,,,,,,,,,,
2024-07-01T14:57:00+08:00,1719817020,,,,,,,,,,,,
2024-07-03T16:00:00+08:00,1719993600,30.7,7.77,7.64,228.5,20.2,2.35,0.025,0.089,3.22,,,Ⅱ
2024-07-03T20:00:00+08:00,1720008000,30.2,7.7,7.49,230.2,16.0,2.22,0.025,0.066,3.08,,,Ⅱ
2024-07-04T04:00:00+08:00,1720036800,29.3,7.53,6.78,229.2,17.2,2.01,0.025,0.06,3.07,,,Ⅱ
2024-07-04T08:00:00+08:00,1720051200,29.5,7.79,7.95,230.4,15.6,2.33,0.025,0.061,3.01,,,Ⅱ
2024-07-04T12:00:00+08:00,1720065600,29.0,7.41,6.21,230.6,16.6,2.19,0.025,0.059,3.02,,,Ⅱ
2024-07-04T16:00:00+08:00,1720080000,28.1,7.4,6.37,225.8,17.3,2.29,0.025,0.045,2.25,,,Ⅱ
2024-07-04T20:00:00+08:00,1720094400,28.7,7.61,7.33,224.0,13.9,2.21,0.025,0.054,2.96,,,Ⅱ
2024-07-05T04:00:00+08:00,1720123200,28.0,7.68,7.48,219.4,12.3,2.0,0.025,0.042,2.95,,,Ⅱ
2024-07-05T08:00:00+08:00,1720137600,28.2,8.05,8.82,210.1,11.4,2.31,0.025,0.042,2.89,,,Ⅱ
2024-07-05T16:00:00+08:00,1720166400,29.5,8.72,10.63,206.1,13.2,2.15,0.025,0.041,2.89,,,Ⅱ
2024-07-05T20:00:00+08:00,1720180800,27.8,8.21,9.34,205.0,12.4,2.17,0.025,0.04,,,,Ⅱ
2024-07-06T04:00:00+08:00,1720209600,27.0,7.29,5.65,204.9,12.8,1.96,0.025,0.035,2.88,,,Ⅲ
2024-07-06T08:00:00+08:00,1720224000,27.5,7.57,7.29,201.6,9.5,2.13,0.025,0.033,2.8,,,Ⅱ
2024-07-06T12:00:00+08:00,1720238400,28.3,8.18,8.92,198.8,8.4,1.9,0.025,0.031,2.75,,,Ⅱ
2024-07-06T16:00:00+08:00,1720252800,30.7,8.67,9.71,195.3,9.2,1.82,0.025,0.027,2.7,,,Ⅱ
2024-07-06T20:00:00+08:00,1720267200,31.2,9.01,10.38,196.1,7.6,1.7,0.025,0.027,2.58,,,劣Ⅴ
2024-07-07T04:00:00+08:00,1720296000,30.4,8.73,9.38,196.8,7.0,1.66,0.025,0.024,2.6,,,Ⅱ
2024-07-07T08:00:00+08:00,1720310400,30.1,8.68,9.21,197.5,5.1,2.01,0.025,0.024,2.58,,,Ⅱ
2024-07-07T12:00:00+08:00,1720324800,30.5,7.69,7.52,197.4,7.1,1.72,0.025,0.028,2.67,,,Ⅱ
2024-07-07T20:00:00+08:00,1720353600,30.1,7.92,7.88,197.0,6.9,1.78,0.025,0.027,2.59,,,Ⅱ
2024-07-08T04:00:00+08:00,1720382400,29.7,7.66,7.16,199.9,5.8,1.74,0.025,0.026,2.54,,,Ⅱ
2024-07-08T08:00:00+08:00,1720396800,29.7,7.5,6.63,200.0,6.4,1.69,0.025,0.026,2.6,,,Ⅱ
2024-07-08T12:00:00+08:00,1720411200,30.8,7.43,6.31,198.9,5.6,2.0,0.025,0.028,2.59,,,Ⅱ
2024-07-08T16:00:00+08:00,1720425600,31.6,7.46,6.43,199.9,5.9,1.76,0.025,0.032,2.58,,,Ⅱ
2024-07-08T20:00:00+08:00,1720440000,30.8,7.43,6.24,200.5,6.3,1.66,0.025,0.032,2.56,,,Ⅱ
2024-07-09T04:00:00+08:00,1720468800,30.0,7.24,5.17,201.0,8.2,1.68,0.085,0.032,2.55,,,Ⅲ
2024-07-09T08:00:00+08:00,1720483200,30.0,7.23,5.16,201.2,8.4,1.74,0.12,0.039,2.55,,,Ⅲ
2024-07-09T12:00:00+08:00,1720497600,30.2,7.24,4.98,208.0,11.7,2.08,0.12,0.038,2.61,,,Ⅳ
2024-07-09T16:00:00+08:00,1720512000,30.6,7.57,6.45,217.4,15.4,1.96,0.102,0.036,2.45,,,Ⅱ
2024-07-09T20:00:00+08:00,1720526400,30.6,7.48,6.05,218.4,13.3,1.88,0.085,0.034,2.39,,,Ⅱ
2024-07-10T04:00:00+08:00,1720555200,30.3,7.44,5.51,231.6,13.2,2.05,0.095,0.035,2.28,,,Ⅲ
2024-07-10T08:00:00+08:00,1720569600,30.6,7.5,5.45,273.3,11.3,2.39,0.08,0.033,2.01,,,Ⅲ
2024-07-10T12:00:00+08:00,1720584000,30.9,7.54,5.49,286.7,18.0,2.39,0.08,0.033,2.01,,,Ⅲ
2024-07-10T16:00:00+08:00,1720598400,31.3,7.9,6.43,347.6,34.4,3.78,0.085,0.037,1.92,,,Ⅱ
2024-07-10T20:00:00+08:00,1720612800,30.8,7.76,6.09,328.8,54.0,,0.089,0.04,1.62,,,
2024-07-11T04:00:00+08:00,1720641600,30.2,7.83,6.12,360.6,16.1,,0.082,0.038,1.46,,,
2024-07-11T08:00:00+08:00,1720656000,30.1,7.77,5.84,357.2,16.5,,0.082,0.036,1.34,,,
2024-07-11T12:00:00+08:00,1720670400,29.6,7.63,5.64,317.7,137.4,,0.084,0.036,1.37,,,
2024-07-11T16:00:00+08:00,1720684800,29.8,7.84,6.36,348.5,41.1,,0.235,0.068,1.98,,,
2024-07-11T20:00:00+08:00,1720699200,29.5,7.77,6.08,351.5,27.4,,0.115,0.048,1.54,,,
2024-07-12T04:00:00+08:00,1720728000,29.2,7.75,5.95,348.7,20.3,2.25,0.088,0.039,1.5,,,Ⅲ
2024-07-12T08:00:00+08:00,1720742400,28.8,7.66,5.66,327.4,27.6,2.33,0.118,0.044,1.73,,,Ⅲ
2024-07-12T12:00:00+08:00,1720756800,28.2,7.62,5.9,308.5,45.0,2.34,0.191,0.111,1.6,,,Ⅲ
2024-07-12T16:00:00+08:00,1720771200,28.1,7.55,5.62,311.4,36.2,2.34,0.191,0.111,1.6,,,Ⅲ
2024-07-12T20:00:00+08:00,1720785600,28.2,7.57,5.7,324.4,25.9,2.43,0.18,0.109,1.57,,,Ⅲ
2024-07-13T04:00:00+08:00,1720814400,28.0,7.46,4.96,317.3,31.9,2.14,0.149,0.074,1.52,,,Ⅳ
2024-07-13T08:00:00+08:00,1720828800,27.8,7.42,4.76,313.4,31.5,2.19,0.167,0.096,1.49,,,Ⅳ
2024-07-13T12:00:00+08:00,1720843200,27.7,7.42,4.74,314.4,26.0,2.65,0.189,0.105,1.56,,,Ⅳ
2024-07-13T16:00:00+08:00,1720857600,28.2,7.47,5.12,312.1,24.7,2.37,0.185,0.1,1.55,,,Ⅲ
2024-07-13T20:00:00+08:00,1720872000,28.0,7.47,5.14,314.4,19.0,2.33,0.178,0.103,1.52,,,Ⅲ
2024-07-15T08:00:00+08:00,1721001600,27.8,7.35,4.4,304.1,15.1,2.35,0.116,0.073,1.6,,,Ⅳ
2024-07-15T12:00:00+08:00,1721016000,28.1,7.37,4.63,264.5,18.5,1.95,0.1,0.052,1.91,,,Ⅳ
2024-07-15T16:00:00+08:00,1721030400,29.2,7.96,7.53,283.7,11.3,1.88,0.042,0.039,1.65,,,Ⅱ
2024-07-15T20:00:00+08:00,1721044800,29.5,8.29,8.43,296.3,10.8,2.0,0.044,0.04,1.68,,,Ⅱ
2024-07-16T00:00:00+08:00,1721059200,29.2,7.66,6.46,287.2,10.8,1.92,0.068,0.042,1.93,,,Ⅱ
2024-07-16T04:00:00+08:00,1721073600,28.2,7.35,4.78,286.6,11.7,1.88,0.122,0.044,2.0,,,Ⅳ
2024-07-16T08:00:00+08:00,1721088000,26.8,7.6,6.77,298.4,25.2,1.88,0.122,0.044,2.0,,,Ⅱ
2024-07-16T12:00:00+08:00,1721102400,28.7,7.34,5.29,287.6,12.0,1.88,0.122,0.044,2.0,,,Ⅲ
2024-07-16T16:00:00+08:00,1721116800,29.6,7.7,7.4,272.3,13.2,1.88,0.122,0.044,2.0,,,Ⅱ
2024-07-16T20:00:00+08:00,1721131200,29.3,7.8,7.72,270.5,14.8,1.88,0.122,0.044,2.0,,,Ⅱ
2024-07-17T00:00:00+08:00,1721145600,29.3,8.01,8.18,276.4,13.2,1.88,0.122,0.044,2.0,,,Ⅱ
2024-07-17T04:00:00+08:00,1721160000,29.1,7.88,7.82,279.4,12.0,1.88,0.122,0.044,2.0,,,Ⅱ
2024-07-17T08:00:00+08:00,1721174400,28.9,7.53,6.81,274.0,11.2,,,,,,,
2024-07-17T12:00:00+08:00,1721188800,29.2,7.67,7.35,271.0,12.3,,,,,,,
2024-07-17T20:00:00+08:00,1721217600,29.6,8.58,9.63,290.7,11.4,3.17,0.046,0.044,1.68,,,Ⅱ
2024-07-18T00:00:00+08:00,1721232000,29.5,8.49,9.01,300.5,10.7,2.66,0.043,0.04,1.55,,,Ⅱ
2024-07-18T04:00:00+08:00,1721246400,29.4,8.48,8.67,310.2,8.6,2.5,0.045,0.034,1.45,,,Ⅱ
2024-07-18T08:00:00+08:00,1721260800,29.3,7.85,7.54,302.4,7.5,2.59,0.07,0.03,1.48,,,Ⅱ
2024-07-18T12:00:00+08:00,1721275200,30.0,8.19,8.12,313.3,9.3,,0.055,0.032,1.42,,,
2024-07-18T16:00:00+08:00,1721289600,31.2,8.51,8.49,323.8,7.1,,0.045,0.028,1.3,,,
2024-07-18T20:00:00+08:00,1721304000,31.2,8.12,7.61,322.9,9.2,,0.065,0.026,1.29,,,
2024-07-19T00:00:00+08:00,1721318400,31.0,7.8,6.89,322.3,9.3,,0.074,0.026,1.3,,,
2024-07-19T04:00:00+08:00,1721332800,30.8,7.97,7.09,327.6,8.3,,0.065,0.024,1.22,,,
2024-07-19T08:00:00+08:00,1721347200,30.8,7.89,6.82,327.6,7.4,,0.062,0.024,1.18,,,
2024-07-19T12:00:00+08:00,1721361600,31.6,8.08,7.28,324.0,6.4,1.64,0.048,0.025,1.19,,,Ⅱ
2024-07-19T16:00:00+08:00,1721376000,32.8,8.4,8.03,304.5,5.2,1.52,0.029,0.022,1.37,,,Ⅱ
2024-07-20T00:00:00+08:00,1721404800,31.7,7.88,6.71,309.6,6.1,1.52,0.057,0.022,1.33,,,Ⅱ
2024-07-20T04:00:00+08:00,1721419200,31.3,7.93,6.82,307.6,6.3,1.51,0.06,0.023,1.33,,,Ⅱ
2024-07-20T08:00:00+08:00,1721433600,31.1,7.71,6.14,303.0,7.9,1.64,0.066,0.024,1.38,,,Ⅱ
2024-07-20T12:00:00+08:00,1721448000,31.7,7.95,6.89,301.5,8.2,1.61,0.046,0.024,1.4,,,Ⅱ
2024-07-20T16:00:00+08:00,1721462400,32.7,8.17,7.38,300.4,5.8,1.62,0.032,0.023,1.36,,,Ⅱ
2024-07-20T20:00:00+08:00,1721476800,32.6,8.19,7.25,303.0,6.4,1.69,0.034,0.023,1.36,,,Ⅱ
2024-07-21T00:00:00+08:00,1721491200,32.4,8.09,6.92,306.3,5.4,1.66,0.034,0.022,1.4,,,Ⅱ
2024-07-21T04:00:00+08:00,1721505600,32.1,8.0,6.6,307.2,8.5,1.68,0.043,0.022,1.4,,,Ⅱ
2024-07-21T08:00:00+08:00,1721520000,32.0,7.73,5.74,304.5,8.2,1.79,0.058,0.024,1.39,,,Ⅲ
2024-07-21T12:00:00+08:00,1721534400,32.5,7.86,6.5,304.3,6.8,1.79,0.037,0.024,1.34,,,Ⅱ
2024-07-22T04:00:00+08:00,1721592000,32.9,7.78,5.92,304.5,10.8,1.78,0.06,0.027,1.4,,,Ⅲ
2024-07-22T12:00:00+08:00,1721620800,33.5,7.89,6.57,300.0,8.6,1.85,0.037,0.026,1.38,,,Ⅱ
2024-07-22T16:00:00+08:00,1721635200,34.5,8.31,7.52,301.8,6.5,1.67,0.038,0.027,1.37,,,Ⅱ
2024-07-22T20:00:00+08:00,1721649600,34.0,8.2,7.12,305.9,7.5,1.75,0.025,0.024,1.32,,,Ⅱ
2024-07-23T04:00:00+08:00,1721678400,33.0,7.78,5.82,300.1,25.1,1.86,0.051,0.026,1.4,,,Ⅲ
2024-07-23T08:00:00+08:00,1721692800,32.8,7.92,6.38,303.2,9.9,1.74,0.076,0.032,1.39,,,Ⅲ
2024-07-23T12:00:00+08:00,1721707200,33.5,7.96,6.52,306.2,12.3,1.77,0.053,0.028,1.35,,,Ⅱ
2024-07-23T16:00:00+08:00,1721721600,34.3,8.51,7.71,319.2,8.0,1.71,0.049,0.029,1.28,,,Ⅱ
2024-07-23T20:00:00+08:00,1721736000,33.9,8.45,7.37,323.9,14.3,1.88,0.029,0.028,1.19,,,Ⅱ
2024-07-24T04:00:00+08:00,1721764800,32.5,7.97,6.17,315.3,25.8,1.94,0.084,0.035,1.25,,,Ⅱ
2024-07-24T08:00:00+08:00,1721779200,32.3,7.87,5.91,314.1,16.7,2.03,0.087,0.036,1.24,,,Ⅲ
2024-07-24T12:00:00+08:00,1721793600,33.0,7.75,5.69,312.9,25.7,2.16,0.07,0.033,1.22,,,Ⅲ
2024-07-24T16:00:00+08:00,1721808000,33.7,8.4,7.63,316.4,15.4,1.98,0.073,0.037,1.25,,,Ⅱ
2024-07-24T20:00:00+08:00,1721822400,32.9,8.42,7.12,320.0,29.4,2.0,0.035,0.031,1.14,,,Ⅱ
2024-07-25T04:00:00+08:00,1721851200,31.7,7.82,5.8,313.8,50.1,2.13,0.08,0.038,1.27,,,Ⅲ
2024-07-25T12:00:00+08:00,1721880000,31.8,8.26,6.54,325.7,36.7,2.48,0.079,0.305,1.16,,,Ⅴ
2024-07-25T16:00:00+08:00,1721894400,31.8,8.54,7.13,349.5,45.3,2.15,0.078,0.042,1.18,,,Ⅱ
2024-07-25T20:00:00+08:00,1721908800,31.3,8.42,6.41,351.2,43.7,2.25,0.069,0.042,1.03,,,Ⅱ
2024-07-26T04:00:00+08:00,1721937600,30.1,8.28,5.97,359.8,37.8,2.57,0.085,0.049,1.01,,,Ⅲ
2024-07-26T08:00:00+08:00,1721952000,29.8,7.98,5.97,355.5,81.2,2.75,0.142,0.058,1.1,,,Ⅲ
2024-07-26T12:00:00+08:00,1721966400,29.8,8.09,6.17,359.5,33.5,2.43,0.087,0.046,1.02,,,Ⅱ
2024-07-26T16:00:00+08:00,1721980800,29.8,7.83,6.39,331.0,100.6,2.8,0.175,0.064,1.42,,,Ⅱ
2024-07-26T20:00:00+08:00,1721995200,29.8,7.93,6.62,326.3,55.5,2.62,0.137,0.052,1.27,,,Ⅱ
2024-07-27T04:00:00+08:00,1722024000,29.6,8.03,6.01,359.4,31.9,2.4,0.097,0.06,0.99,,,Ⅱ
2024-07-27T08:00:00+08:00,1722038400,30.0,7.91,5.72,356.6,27.6,2.51,0.099,0.061,0.94,,,Ⅲ
2024-07-27T12:00:00+08:00,1722052800,30.9,7.69,6.25,442.1,38.4,2.76,0.16,0.078,1.88,,,Ⅱ
2024-07-27T16:00:00+08:00,1722067200,30.8,7.65,5.81,418.8,32.3,2.71,0.222,0.071,2.19,,,Ⅲ
2024-07-27T20:00:00+08:00,1722081600,30.4,7.59,5.28,405.7,40.0,2.74,0.246,0.076,2.15,,,Ⅲ
2024-07-28T00:00:00+08:00,1722096000,28.8,7.77,6.13,363.8,115.1,2.72,0.213,0.073,1.48,,,Ⅲ
2024-07-28T04:00:00+08:00,1722110400,28.4,7.83,6.4,348.8,84.6,2.56,0.182,0.065,1.48,,,Ⅱ
2024-07-28T08:00:00+08:00,1722124800,28.5,7.73,6.24,336.7,83.3,2.66,0.208,0.067,1.72,,,Ⅱ
2024-07-29T08:00:00+08:00,1722211200,28.9,7.76,6.31,347.0,42.4,2.07,0.122,0.052,1.45,,,Ⅱ
2024-07-29T12:00:00+08:00,1722225600,30.0,7.76,6.2,349.4,44.8,2.13,0.128,0.057,1.56,,,Ⅱ
2024-07-29T20:00:00+08:00,1722254400,29.8,8.17,7.38,354.3,41.2,1.89,0.074,0.043,1.21,,,Ⅱ
2024-07-30T04:00:00+08:00,1722283200,28.9,7.77,6.0,354.6,42.2,1.98,0.099,0.047,1.36,,,Ⅱ
2024-07-30T08:00:00+08:00,1722297600,28.7,7.63,5.39,355.6,39.2,1.92,0.107,0.049,1.29,,,Ⅲ
2024-07-30T12:00:00+08:00,1722312000,30.0,7.8,6.21,356.6,41.8,2.0,0.115,0.053,1.29,,,Ⅱ
2024-07-30T16:00:00+08:00,1722326400,31.1,8.07,7.16,358.2,44.2,2.04,0.089,0.053,1.29,,,Ⅱ
2024-07-31T12:00:00+08:00,1722398400,32.1,8.28,7.68,370.9,38.4,2.74,0.088,0.052,1.28,,,Ⅱ
2024-07-31T20:00:00+08:00,1722427200,33.0,8.69,8.87,378.8,37.5,2.61,0.074,0.047,1.05,,,Ⅱ
2024-08-01T04:00:00+08:00,1722456000,32.3,8.21,6.73,381.2,26.2,,0.069,0.044,1.01,,,
2024-08-01T08:00:00+08:00,1722470400,32.1,8.18,6.58,383.4,29.0,,0.075,0.041,0.93,,,
2024-08-01T12:00:00+08:00,1722484800,33.3,8.63,8.4,382.5,30.1,,0.071,0.039,0.96,,,
2024-08-01T16:00:00+08:00,1722499200,34.8,9.01,9.98,381.2,29.5,,0.06,0.038,0.89,,,
2024-08-01T20:00:00+08:00,1722513600,34.1,8.95,9.89,389.2,29.8,,0.062,0.038,0.82,,,
2024-08-02T04:00:00+08:00,1722542400,33.5,8.68,7.63,382.8,24.8,,0.08,0.035,0.83,,,
2024-08-02T12:00:00+08:00,1722571200,35.0,8.95,9.39,385.7,28.3,,0.064,0.036,0.76,,,
2024-08-02T16:00:00+08:00,1722585600,35.6,9.08,9.84,390.4,28.5,,0.054,0.035,0.75,,,
2024-08-02T20:00:00+08:00,1722600000,34.9,8.98,8.99,388.7,26.3,2.12,0.05,0.032,0.65,,,劣Ⅴ
2024-08-03T04:00:00+08:00,1722628800,33.9,8.56,6.43,391.6,22.1,2.06,0.066,0.026,0.7,,,Ⅱ
2024-08-03T08:00:00+08:00,1722643200,34.0,8.45,6.08,391.1,20.0,1.85,0.091,0.026,0.7,,,Ⅱ
2024-08-03T12:00:00+08:00,1722657600,35.4,8.65,7.06,386.8,19.0,1.86,0.09,0.029,0.69,,,Ⅱ
2024-08-03T16:00:00+08:00,1722672000,36.3,8.92,8.4,388.1,17.1,2.09,0.056,0.03,0.67,,,Ⅱ
2024-08-03T20:00:00+08:00,1722686400,35.4,8.87,7.73,387.8,16.6,1.87,0.042,0.029,0.61,,,Ⅱ
2024-08-04T04:00:00+08:00,1722715200,34.2,8.56,6.0,391.2,30.0,1.82,0.044,0.025,0.67,,,Ⅱ
2024-08-04T08:00:00+08:00,1722729600,34.1,8.45,5.74,390.2,25.4,2.16,0.078,0.032,0.66,,,Ⅲ
2024-08-05T04:00:00+08:00,1722801600,33.6,8.56,6.02,389.8,24.9,1.83,0.07,0.032,0.67,,,Ⅱ
2024-08-05T08:00:00+08:00,1722816000,33.4,8.65,5.91,389.0,25.7,2.15,0.066,0.042,0.62,,,Ⅲ
2024-08-05T20:00:00+08:00,1722859200,33.4,8.87,7.11,390.6,31.7,2.24,0.043,0.04,0.59,,,Ⅱ
2024-08-06T04:00:00+08:00,1722888000,32.5,8.55,5.81,391.7,26.6,2.0,0.064,0.034,0.66,,,Ⅲ
2024-08-06T08:00:00+08:00,1722902400,32.5,8.63,6.14,391.2,34.1,1.89,0.083,0.037,0.71,,,Ⅱ
2024-08-06T12:00:00+08:00,1722916800,34.1,8.95,7.63,389.4,30.6,2.33,0.069,0.044,0.66,,,Ⅱ
2024-08-06T16:00:00+08:00,1722931200,35.0,9.24,8.35,385.6,24.2,2.47,0.054,0.05,0.6,,,劣Ⅴ
2024-08-06T20:00:00+08:00,1722945600,33.9,9.04,8.19,387.9,25.4,2.56,0.038,0.041,0.56,,,劣Ⅴ
2024-08-07T04:00:00+08:00,1722974400,33.0,8.78,6.93,375.3,35.3,2.46,0.068,0.045,0.66,,,Ⅱ
2024-08-07T08:00:00+08:00,1722988800,32.7,8.72,6.74,377.3,41.7,2.67,0.052,0.049,0.61,,,Ⅱ
2024-08-07T16:00:00+08:00,1723017600,34.8,9.3,10.03,379.9,20.0,3.05,0.049,0.053,0.59,,,劣Ⅴ
2024-08-07T20:00:00+08:00,1723032000,34.3,9.21,9.6,378.3,18.0,3.12,0.035,0.04,0.5,,,劣Ⅴ
2024-08-08T04:00:00+08:00,1723060800,33.2,9.0,7.96,378.0,19.9,2.28,0.039,0.038,0.54,,,Ⅱ
2024-08-08T20:00:00+08:00,1723118400,34.2,9.11,8.32,378.8,56.7,2.6,0.077,0.053,0.64,,,劣Ⅴ
2024-08-09T04:00:00+08:00,1723147200,32.9,8.76,6.21,379.9,32.9,2.3,0.071,0.046,0.61,,,Ⅱ
2024-08-10T12:00:00+08:00,1723262400,34.6,8.71,6.42,382.6,13.9,2.22,0.041,0.04,0.49,,,Ⅱ
2024-08-11T20:00:00+08:00,1723377600,35.0,9.05,7.79,373.6,9.9,2.01,0.031,0.035,0.45,,,劣Ⅴ
2024-08-12T04:00:00+08:00,1723406400,33.4,8.94,6.94,371.6,11.4,2.05,0.03,0.034,0.47,,,Ⅱ
2024-08-12T12:00:00+08:00,1723435200,34.6,8.87,7.03,373.2,13.0,2.25,0.072,0.038,0.54,,,Ⅱ
2024-08-13T04:00:00+08:00,1723492800,33.1,8.84,6.37,366.0,13.4,2.1,0.062,0.034,0.44,,,Ⅱ
2024-08-13T08:00:00+08:00,1723507200,32.9,8.93,6.99,364.3,12.6,2.33,0.049,0.036,0.4,,,Ⅱ
2024-08-13T16:00:00+08:00,1723536000,32.4,9.09,7.06,354.4,27.6,2.19,0.119,0.045,0.6,,,劣Ⅴ
2024-08-13T20:00:00+08:00,1723550400,32.0,8.9,6.27,352.5,22.0,2.24,0.107,0.035,0.61,,,Ⅱ
2024-08-14T04:00:00+08:00,1723579200,31.3,9.01,6.13,354.0,14.7,1.98,0.07,0.032,0.48,,,劣Ⅴ
2024-08-14T12:00:00+08:00,1723608000,31.9,8.91,6.73,354.2,23.5,2.12,0.081,0.038,0.61,,,Ⅱ
2024-08-14T16:00:00+08:00,1723622400,32.8,9.44,9.19,351.4,14.6,,0.084,0.036,0.49,,,
2024-08-14T20:00:00+08:00,1723636800,32.4,9.05,7.31,351.0,23.9,,0.201,0.036,0.57,,,
2024-08-15T04:00:00+08:00,1723665600,31.1,9.14,6.95,349.7,24.5,,0.121,0.04,0.52,,,
2024-08-15T12:00:00+08:00,1723694400,32.4,9.14,7.86,359.3,15.4,,0.042,0.038,0.48,,,
2024-08-15T16:00:00+08:00,1723708800,32.7,9.0,7.08,355.9,39.2,7.49,0.087,0.05,0.61,,,Ⅳ
2024-08-15T20:00:00+08:00,1723723200,32.1,9.13,7.0,355.7,26.0,2.24,0.062,0.042,0.49,,,劣Ⅴ
2024-08-16T04:00:00+08:00,1723752000,31.1,8.66,5.23,355.6,24.6,2.06,0.096,0.043,0.57,,,Ⅲ
2024-08-16T08:00:00+08:00,1723766400,31.0,9.1,6.33,352.3,17.1,2.26,0.061,0.041,0.51,,,劣Ⅴ
2024-08-16T12:00:00+08:00,1723780800,32.4,9.26,7.51,351.9,11.6,2.02,0.037,0.036,0.45,,,劣Ⅴ
2024-08-16T16:00:00+08:00,1723795200,33.2,9.28,7.72,352.9,13.2,1.89,0.036,0.034,0.42,,,劣Ⅴ
2024-08-16T20:00:00+08:00,1723809600,32.5,9.17,7.03,354.0,19.1,1.86,0.046,0.035,0.47,,,劣Ⅴ
2024-08-17T04:00:00+08:00,1723838400,31.5,8.78,5.34,353.7,18.4,1.88,0.07,0.037,0.51,,,Ⅲ
2024-08-17T08:00:00+08:00,1723852800,31.3,8.79,5.63,353.3,18.5,2.02,0.063,0.038,0.5,,,Ⅲ
2024-08-17T12:00:00+08:00,1723867200,32.3,9.23,7.29,355.2,11.7,1.88,0.036,0.035,0.42,,,劣Ⅴ
2024-08-17T16:00:00+08:00,1723881600,33.2,9.24,7.57,357.0,10.1,2.03,0.032,0.036,0.42,,,劣Ⅴ
2024-08-17T20:00:00+08:00,1723896000,32.6,9.1,7.04,360.3,15.6,1.97,0.04,0.038,0.44,,,劣Ⅴ
2024-08-18T20:00:00+08:00,1723982400,32.2,9.08,6.82,363.8,16.9,1.88,0.033,0.037,0.44,,,劣Ⅴ
2024-08-19T04:00:00+08:00,1724011200,31.3,8.46,5.52,357.4,24.2,2.32,0.049,0.042,0.5,,,Ⅲ
2024-08-19T08:00:00+08:00,1724025600,31.2,8.13,5.38,355.5,23.0,2.38,0.078,0.052,0.54,,,Ⅲ
2024-08-19T12:00:00+08:00,1724040000,32.3,8.15,6.0,353.8,15.7,2.21,0.084,0.051,0.57,,,Ⅱ
2024-08-19T16:00:00+08:00,1724054400,32.8,8.91,7.42,352.7,14.7,1.94,0.061,0.046,0.53,,,Ⅱ
2024-08-19T20:00:00+08:00,1724068800,32.3,8.75,6.39,353.2,19.4,1.85,0.035,0.04,0.44,,,Ⅱ
2024-08-20T04:00:00+08:00,1724097600,31.3,8.11,5.49,353.9,16.6,1.94,0.061,0.042,0.52,,,Ⅲ
2024-08-20T08:00:00+08:00,1724112000,31.2,7.79,5.07,354.8,17.7,2.41,0.067,0.052,0.48,,,Ⅲ
2024-08-20T12:00:00+08:00,1724126400,32.4,7.71,5.11,355.7,15.7,1.97,0.078,0.051,0.57,,,Ⅲ
2024-08-20T16:00:00+08:00,1724140800,32.4,8.14,6.36,356.8,41.7,1.82,0.077,0.05,0.59,,,Ⅱ
2024-08-21T04:00:00+08:00,1724184000,30.8,8.7,6.14,359.6,16.2,2.11,0.05,0.044,0.49,,,Ⅱ
2024-08-21T08:00:00+08:00,1724198400,30.8,8.67,5.98,360.4,13.4,1.91,0.048,0.043,0.48,,,Ⅲ
2024-08-21T12:00:00+08:00,1724212800,31.3,8.69,6.29,360.3,12.3,2.17,0.043,0.042,0.48,,,Ⅱ
2024-08-21T16:00:00+08:00,1724227200,30.9,8.62,6.37,358.7,33.7,2.06,0.048,0.04,0.47,,,Ⅱ
2024-08-21T20:00:00+08:00,1724241600,30.6,8.73,6.66,359.4,21.9,1.84,0.07,0.046,0.53,,,Ⅱ
2024-08-22T04:00:00+08:00,1724270400,30.2,8.38,5.58,360.7,19.7,2.12,0.058,0.047,0.53,,,Ⅲ
2024-08-22T08:00:00+08:00,1724284800,29.8,8.07,5.06,361.5,18.1,1.92,0.073,0.046,0.53,,,Ⅲ
2024-08-22T16:00:00+08:00,1724313600,31.6,8.74,7.23,358.7,12.6,1.83,0.046,0.042,0.47,,,Ⅱ
2024-08-22T20:00:00+08:00,1724328000,30.4,8.69,6.83,358.7,13.8,1.9,0.042,0.041,0.47,,,Ⅱ
2024-08-23T04:00:00+08:00,1724356800,30.0,8.52,6.35,361.0,12.0,1.9,0.049,0.036,0.47,,,Ⅱ
2024-08-23T08:00:00+08:00,1724371200,30.1,8.27,5.83,360.2,10.8,1.85,0.042,0.037,0.46,,,Ⅲ
2024-08-23T12:00:00+08:00,1724385600,32.5,8.74,7.38,362.9,8.8,1.82,0.026,0.033,0.42,,,Ⅱ
2024-08-23T16:00:00+08:00,1724400000,33.9,8.81,7.82,364.1,8.5,1.85,0.025,0.031,0.38,,,Ⅱ
2024-08-23T20:00:00+08:00,1724414400,33.1,8.85,7.97,365.2,10.1,1.85,0.025,0.031,0.38,,,Ⅱ
2024-08-24T04:00:00+08:00,1724443200,32.2,8.42,6.32,366.0,11.8,1.73,0.029,0.03,0.41,,,Ⅱ
2024-08-24T08:00:00+08:00,1724457600,32.0,8.38,6.22,366.6,10.7,1.9,0.03,0.029,0.39,,,Ⅱ
2024-08-24T12:00:00+08:00,1724472000,33.7,8.67,7.41,365.5,7.6,1.77,0.025,0.028,0.38,,,Ⅱ
2024-08-24T16:00:00+08:00,1724486400,34.6,8.77,7.97,366.1,5.6,1.72,0.025,0.027,0.36,,,Ⅱ
2024-08-24T20:00:00+08:00,1724500800,34.0,8.75,7.76,366.8,7.1,1.58,0.025,0.027,0.35,,,Ⅱ
2024-08-25T16:00:00+08:00,1724572800,34.4,8.81,7.89,367.6,6.9,1.64,0.025,0.027,0.35,,,Ⅱ
2024-08-25T20:00:00+08:00,1724587200,33.7,8.75,7.47,368.0,9.1,1.73,0.026,0.028,0.38,,,Ⅱ
2024-08-26T00:00:00+08:00,1724601600,32.9,8.68,6.97,368.5,15.4,3.35,0.03,0.031,0.41,,,Ⅱ
2024-08-26T04:00:00+08:00,1724616000,32.5,8.25,5.86,369.0,17.1,2.93,0.048,0.033,0.43,,,Ⅲ
2024-08-26T08:00:00+08:00,1724630400,32.4,8.44,6.35,368.9,10.2,1.86,0.028,0.03,0.41,,,Ⅱ
2024-08-26T12:00:00+08:00,1724644800,33.3,8.47,6.88,367.8,8.5,1.6,0.027,0.03,0.41,,,Ⅱ
2024-08-26T16:00:00+08:00,1724659200,34.2,8.7,7.6,367.8,7.2,1.59,0.025,0.03,0.37,,,Ⅱ
2024-08-26T20:00:00+08:00,1724673600,33.6,8.74,7.24,368.1,8.0,1.59,0.025,0.029,0.35,,,Ⅱ
2024-08-27T00:00:00+08:00,1724688000,33.0,8.68,6.87,368.2,9.3,1.62,0.025,0.03,0.38,,,Ⅱ
2024-08-27T04:00:00+08:00,1724702400,32.8,8.18,5.59,369.5,8.3,1.6,0.038,0.031,0.42,,,Ⅲ
2024-08-27T08:00:00+08:00,1724716800,32.8,8.13,5.64,369.0,8.2,1.9,0.035,0.032,0.42,,,Ⅲ
2024-08-27T12:00:00+08:00,1724731200,33.3,8.25,6.32,368.5,7.7,1.62,0.03,0.033,0.41,,,Ⅱ
2024-08-27T16:00:00+08:00,1724745600,32.4,8.31,6.59,366.7,53.6,2.2,0.088,0.048,0.56,,,Ⅱ
2024-08-27T20:00:00+08:00,1724760000,31.6,8.0,6.03,369.6,33.8,2.0,0.068,0.045,0.51,,,Ⅱ
2024-08-28T00:00:00+08:00,1724774400,31.0,8.0,6.01,369.2,23.1,2.02,0.052,0.054,0.52,,,Ⅱ
2024-08-28T04:00:00+08:00,1724788800,30.4,8.29,5.63,369.2,22.0,1.82,0.06,0.046,0.52,,,Ⅲ
2024-08-28T08:00:00+08:00,1724803200,29.9,8.02,5.24,370.2,24.7,2.25,0.079,0.058,0.55,,,Ⅲ
2024-08-28T16:00:00+08:00,1724832000,31.0,8.0,5.86,371.1,28.0,2.06,0.129,0.06,0.64,,,Ⅲ
2024-08-28T20:00:00+08:00,1724846400,30.5,8.0,6.48,369.8,32.9,2.83,0.116,0.055,,,,Ⅱ
2024-08-29T04:00:00+08:00,1724875200,29.7,8.0,4.89,370.0,27.7,2.65,0.07,0.046,0.49,,,Ⅳ
2024-08-29T08:00:00+08:00,1724889600,29.7,8.0,6.22,369.1,18.9,2.48,0.151,0.055,0.69,,,Ⅱ
2024-08-29T12:00:00+08:00,1724904000,31.6,9.0,7.92,364.0,10.6,2.78,0.07,0.045,0.5,,,Ⅱ
2024-08-29T16:00:00+08:00,1724918400,32.8,9.0,8.47,362.2,9.9,2.58,0.043,0.039,0.41,,,Ⅱ
2024-08-29T20:00:00+08:00,1724932800,32.6,9.0,7.81,364.1,9.6,2.46,0.042,0.035,0.4,,,Ⅲ
2024-08-30T04:00:00+08:00,1724961600,31.6,8.0,6.55,364.3,12.5,2.3,0.043,0.034,0.4,,,Ⅲ
2024-08-30T08:00:00+08:00,1724976000,31.4,9.0,6.77,365.9,9.5,2.4,0.047,0.034,0.42,,,Ⅲ
2024-08-30T12:00:00+08:00,1724990400,32.7,9.0,7.54,365.0,8.6,2.73,0.042,0.033,0.38,,,Ⅲ
2024-08-30T16:00:00+08:00,1725004800,33.4,9.0,8.13,361.3,7.8,2.37,0.032,0.03,0.37,,,Ⅲ
2024-09-02T04:00:00+08:00,1725220800,32.6,8.0,5.51,364.8,6.9,2.3,0.046,0.03,0.34,,,Ⅲ
2024-09-02T08:00:00+08:00,1725235200,32.6,8.0,5.58,365.7,6.1,2.56,0.042,0.032,0.34,,,Ⅲ
2024-09-02T12:00:00+08:00,1725249600,34.2,9.0,7.04,365.0,5.9,2.36,0.032,0.029,0.34,,,Ⅲ
2024-09-02T16:00:00+08:00,1725264000,34.5,9.0,6.81,364.6,28.9,2.35,0.056,0.038,0.43,,,Ⅱ
2024-09-02T20:00:00+08:00,1725278400,33.6,9.0,6.24,364.0,16.5,2.6,0.055,0.036,0.43,,,Ⅱ
2024-09-03T00:00:00+08:00,1725292800,32.9,8.0,6.08,365.4,26.0,2.73,0.065,0.04,0.46,,,Ⅱ
2024-09-03T04:00:00+08:00,1725307200,32.1,8.0,5.41,366.0,33.4,2.67,0.086,0.048,0.56,,,Ⅲ
2024-09-03T08:00:00+08:00,1725321600,31.5,8.0,5.67,363.5,16.2,2.9,0.058,0.042,0.45,,,Ⅲ
2024-09-03T12:00:00+08:00,1725336000,31.5,8.0,5.48,365.9,18.2,2.56,0.067,0.039,0.47,,,Ⅲ
2024-09-03T16:00:00+08:00,1725350400,31.6,8.0,5.79,366.6,27.8,2.55,0.083,0.045,0.51,,,Ⅲ
2024-09-03T20:00:00+08:00,1725364800,31.2,8.0,6.71,364.6,21.4,2.65,0.058,0.044,0.47,,,Ⅱ
2024-09-04T00:00:00+08:00,1725379200,30.6,8.0,6.36,362.0,23.7,2.6,0.061,0.052,0.49,,,Ⅱ
2024-09-04T04:00:00+08:00,1725393600,30.2,8.0,5.68,363.4,20.3,2.57,0.071,0.052,0.51,,,Ⅲ
2024-09-04T08:00:00+08:00,1725408000,30.0,8.0,5.81,362.8,19.7,2.9,0.063,0.051,0.47,,,Ⅲ
2024-09-04T12:00:00+08:00,1725422400,30.7,8.0,6.92,360.5,12.9,2.59,0.053,0.044,0.45,,,Ⅱ
2024-09-04T16:00:00+08:00,1725436800,31.6,9.0,7.74,358.0,10.7,2.57,0.047,0.04,0.43,,,Ⅱ
2024-09-04T20:00:00+08:00,1725451200,31.1,9.0,7.58,357.5,12.6,2.67,0.049,0.039,0.42,,,Ⅱ
2024-09-05T00:00:00+08:00,1725465600,30.8,8.0,6.35,358.7,16.8,2.49,0.058,0.04,0.45,,,Ⅱ
2024-09-05T04:00:00+08:00,1725480000,30.5,8.0,5.69,361.5,18.8,2.51,0.07,0.041,0.48,,,Ⅲ
2024-09-05T08:00:00+08:00,1725494400,30.2,8.0,5.44,364.3,15.7,2.83,0.077,0.043,0.49,,,Ⅲ
2024-09-05T12:00:00+08:00,1725508800,31.6,8.0,6.35,363.1,8.8,2.39,0.054,0.039,,,,Ⅱ
2024-09-05T16:00:00+08:00,1725523200,32.3,9.0,8.22,360.7,8.0,2.71,0.044,0.034,0.38,,,Ⅱ
2024-09-05T20:00:00+08:00,1725537600,31.9,9.0,7.71,362.2,8.7,2.63,0.048,0.033,,,,Ⅱ
2024-09-08T20:00:00+08:00,1725796800,31.2,9.0,7.41,358.6,16.7,2.74,0.055,0.036,0.43,,,Ⅱ
2024-09-09T04:00:00+08:00,1725825600,30.2,8.0,5.73,358.3,19.6,2.73,0.071,0.037,0.49,,,Ⅲ
2024-09-09T08:00:00+08:00,1725840000,30.2,8.0,6.26,358.2,16.4,2.76,0.061,0.038,0.45,,,Ⅱ
2024-09-09T12:00:00+08:00,1725854400,31.2,8.0,7.23,358.1,12.5,2.51,0.053,0.034,0.42,,,Ⅱ
2024-09-09T16:00:00+08:00,1725868800,31.7,9.0,8.08,361.2,12.3,2.5,0.049,0.032,0.43,,,Ⅱ
2024-09-09T20:00:00+08:00,1725883200,31.1,8.0,7.37,362.6,20.4,2.66,0.055,0.034,0.45,,,Ⅱ
2024-09-10T04:00:00+08:00,1725912000,30.1,8.0,5.34,361.0,16.8,2.59,0.074,0.034,0.47,,,Ⅲ
2024-09-10T08:00:00+08:00,1725926400,30.1,8.0,6.0,360.8,15.9,2.83,0.066,0.037,,,,Ⅱ
2024-09-10T12:00:00+08:00,1725940800,31.1,8.0,7.66,362.9,11.9,4.67,0.051,0.031,0.42,,,Ⅲ
2024-09-10T16:00:00+08:00,1725955200,30.6,8.0,7.04,362.9,30.4,2.63,0.07,0.037,0.49,,,Ⅱ
2024-09-10T20:00:00+08:00,1725969600,29.7,8.0,6.68,365.3,47.4,2.99,0.084,0.058,0.61,,,Ⅱ
2024-09-11T04:00:00+08:00,1725998400,29.0,8.0,6.37,351.2,63.8,3.62,0.133,0.062,0.71,,,Ⅱ
2024-09-11T08:00:00+08:00,1726012800,29.1,8.0,6.04,353.1,37.5,3.35,0.099,0.053,0.6,,,Ⅱ
2024-09-11T12:00:00+08:00,1726027200,29.5,8.0,5.72,356.2,32.5,3.08,0.104,0.059,0.66,,,Ⅲ
2024-09-11T16:00:00+08:00,1726041600,29.6,8.0,5.75,357.1,40.9,2.92,0.105,0.054,0.67,,,Ⅲ
2024-09-11T20:00:00+08:00,1726056000,29.5,8.0,5.36,355.8,42.0,2.97,0.128,0.057,0.66,,,Ⅲ
2024-09-12T04:00:00+08:00,1726084800,29.5,7.0,4.44,422.7,34.6,3.15,0.309,0.071,1.34,,,Ⅳ
2024-09-12T08:00:00+08:00,1726099200,29.6,7.0,4.06,411.1,37.8,3.3,0.364,0.072,4.36,,,Ⅳ
2024-09-12T12:00:00+08:00,1726113600,30.4,7.0,4.13,403.2,25.2,3.13,0.448,0.072,1.56,,,Ⅳ
2024-09-12T16:00:00+08:00,1726128000,30.8,7.0,4.52,405.4,31.6,3.7,0.462,0.073,1.58,,,Ⅳ
2024-09-12T20:00:00+08:00,1726142400,30.7,7.0,4.4,404.0,41.3,3.3,0.44,0.071,0.05,,,Ⅳ
2024-09-13T04:00:00+08:00,1726171200,30.4,7.0,4.3,409.3,34.4,3.1,0.34,0.07,,,,Ⅳ
2024-09-13T16:00:00+08:00,1726214400,31.3,8.0,7.3,365.2,27.4,2.9,0.1,0.05,,,,Ⅱ
2024-09-13T20:00:00+08:00,1726228800,30.9,8.0,7.0,366.4,25.4,2.8,0.14,0.045,,,,Ⅱ
2024-09-14T04:00:00+08:00,1726257600,30.2,8.0,6.1,352.6,21.2,2.5,0.07,0.037,,,,Ⅱ
2024-09-14T08:00:00+08:00,1726272000,30.1,8.0,6.9,351.5,19.6,2.9,0.07,0.036,,,,Ⅱ
2024-09-14T12:00:00+08:00,1726286400,31.7,9.0,9.4,350.8,19.9,2.6,0.06,0.035,,,,Ⅱ
2024-09-14T16:00:00+08:00,1726300800,32.4,9.0,9.4,350.8,15.5,2.5,0.05,0.031,,,,Ⅱ
2024-09-14T20:00:00+08:00,1726315200,32.0,9.0,8.5,352.7,15.3,2.5,0.05,0.029,,,,Ⅱ
2024-09-15T04:00:00+08:00,1726344000,30.7,8.0,6.5,354.9,21.5,2.6,0.06,0.031,,,,Ⅱ
2024-09-15T08:00:00+08:00,1726358400,30.3,8.0,6.3,355.3,39.6,3.0,0.08,0.039,,,,Ⅱ
2024-09-15T12:00:00+08:00,1726372800,31.1,8.0,6.6,355.4,44.8,3.1,0.09,0.041,3.86,,,Ⅱ
2024-09-15T16:00:00+08:00,1726387200,31.2,8.0,6.5,354.4,64.2,3.5,0.12,0.045,0.62,,,Ⅱ
2024-09-15T20:00:00+08:00,1726401600,30.8,8.0,7.1,352.0,44.3,3.0,0.09,0.041,0.24,,,Ⅱ
2024-09-16T04:00:00+08:00,1726430400,30.1,8.0,6.2,352.6,37.0,2.9,0.1,0.04,0.63,,,Ⅱ
2024-09-16T08:00:00+08:00,1726444800,29.6,8.0,5.8,354.2,54.4,3.2,0.14,0.048,0.66,,,Ⅲ
2024-09-16T12:00:00+08:00,1726459200,28.9,8.0,5.8,352.7,91.0,3.3,0.21,0.065,,,,Ⅲ
2024-09-16T16:00:00+08:00,1726473600,29.0,8.0,6.0,350.2,82.9,3.6,0.17,0.059,0.74,,,Ⅱ
2024-09-16T20:00:00+08:00,1726488000,28.5,7.0,5.3,412.0,211.4,3.9,0.37,0.093,1.4,,,Ⅲ
2024-09-17T04:00:00+08:00,1726516800,28.2,7.0,5.0,370.8,50.6,3.4,0.31,0.069,1.76,,,Ⅲ
2024-09-17T08:00:00+08:00,1726531200,28.4,7.0,4.4,344.2,42.9,3.5,0.42,0.074,1.86,,,Ⅳ
2024-09-17T12:00:00+08:00,1726545600,29.3,7.0,4.5,359.6,44.6,3.2,0.38,0.074,,,,Ⅳ
2024-09-17T16:00:00+08:00,1726560000,29.5,7.0,4.6,338.0,41.2,3.3,0.36,0.075,2.39,,,Ⅳ
2024-09-17T20:00:00+08:00,1726574400,29.4,7.0,4.6,331.1,38.7,3.4,0.32,0.072,2.45,,,Ⅳ
2024-09-18T04:00:00+08:00,1726603200,29.0,7.0,4.5,334.8,37.3,3.2,0.28,0.073,2.38,,,Ⅳ
2024-09-18T08:00:00+08:00,1726617600,28.9,7.0,4.3,337.5,36.1,4.3,0.28,0.072,2.38,,,Ⅳ
2024-09-18T12:00:00+08:00,1726632000,29.6,7.0,4.3,338.3,37.8,4.9,0.26,0.072,2.36,,,Ⅳ
2024-09-18T16:00:00+08:00,1726646400,30.0,7.0,4.6,339.4,42.1,4.7,0.24,0.071,2.33,,,Ⅳ
2024-09-18T20:00:00+08:00,1726660800,29.8,7.0,4.4,344.5,34.4,3.3,0.23,0.073,2.34,,,Ⅳ
2024-09-19T08:00:00+08:00,1726704000,28.7,7.0,5.4,339.8,58.3,3.2,0.22,0.069,2.31,,,Ⅲ
2024-09-19T12:00:00+08:00,1726718400,28.8,7.0,6.0,359.1,53.3,3.7,0.23,0.073,1.88,,,Ⅱ
2024-09-20T04:00:00+08:00,1726776000,28.6,7.0,5.6,352.8,57.7,3.2,0.24,0.064,1.8,,,Ⅲ
2024-09-20T08:00:00+08:00,1726790400,28.7,7.0,4.6,350.2,43.8,3.5,0.22,0.072,1.76,,,Ⅳ
2024-09-20T12:00:00+08:00,1726804800,29.3,7.0,4.3,350.9,38.5,3.3,0.17,0.068,2.05,,,Ⅳ
2024-09-20T16:00:00+08:00,1726819200,29.4,7.0,4.1,351.2,42.0,,0.16,0.066,2.22,,,
2024-09-20T20:00:00+08:00,1726833600,29.3,7.0,3.8,351.0,30.4,,0.16,0.064,2.16,,,
2024-09-21T00:00:00+08:00,1726848000,28.9,7.0,4.4,351.7,29.2,,0.15,0.059,1.94,,,
2024-09-21T04:00:00+08:00,1726862400,28.5,7.0,6.2,354.8,37.8,,0.18,0.052,1.55,,,
2024-09-21T08:00:00+08:00,1726876800,28.0,7.0,5.9,352.4,212.1,,0.28,0.087,2.1,,,
2024-09-21T12:00:00+08:00,1726891200,27.3,8.0,6.7,353.1,256.4,4.8,0.37,0.099,2.3,,,Ⅲ
2024-09-21T16:00:00+08:00,1726905600,26.6,8.0,6.8,350.2,278.0,5.5,0.39,0.105,2.37,,,Ⅲ
2024-09-21T20:00:00+08:00,1726920000,25.9,8.0,7.1,336.1,267.0,5.2,0.42,0.11,2.47,,,Ⅲ
2024-09-22T00:00:00+08:00,1726934400,25.1,8.0,7.3,330.4,303.7,5.9,0.43,0.119,2.53,,,Ⅲ
2024-09-22T08:00:00+08:00,1726963200,23.8,8.0,7.6,312.6,268.0,6.2,0.43,0.11,2.64,,,Ⅳ
2024-09-22T12:00:00+08:00,1726977600,24.5,8.0,7.7,302.7,307.8,6.1,0.42,0.116,2.65,,,Ⅳ
2024-09-22T16:00:00+08:00,1726992000,25.1,8.0,7.7,283.0,168.8,6.0,0.44,0.11,2.83,,,Ⅲ
2024-09-22T20:00:00+08:00,1727006400,24.4,8.0,7.6,289.1,242.9,5.3,0.29,0.096,3.0,,,Ⅲ
2024-09-23T04:00:00+08:00,1727035200,23.1,8.0,7.7,294.6,222.1,5.3,0.37,0.11,2.98,,,Ⅲ
2024-09-23T08:00:00+08:00,1727049600,22.6,8.0,7.6,294.7,213.0,5.1,0.35,0.104,2.84,,,Ⅲ
2024-09-23T12:00:00+08:00,1727064000,23.8,8.0,7.8,295.1,188.2,7.2,0.36,0.104,2.89,,,Ⅳ
2024-09-23T16:00:00+08:00,1727078400,24.4,8.0,7.8,299.5,166.2,5.0,0.3,0.099,2.64,,,Ⅲ
2024-09-23T20:00:00+08:00,1727092800,24.2,8.0,7.7,298.0,159.1,4.7,0.29,0.096,2.54,,,Ⅲ
2024-09-24T04:00:00+08:00,1727121600,23.6,8.0,7.5,309.6,164.8,5.1,0.29,0.099,2.33,,,Ⅲ
2024-09-24T08:00:00+08:00,1727136000,23.6,8.0,7.8,316.8,156.0,6.4,0.29,0.094,2.32,,,Ⅳ
2024-09-24T12:00:00+08:00,1727150400,24.7,8.0,7.9,315.7,116.0,4.4,0.28,0.085,1.79,,,Ⅲ
2024-09-24T16:00:00+08:00,1727164800,26.0,8.0,8.4,312.1,110.4,6.9,0.24,0.085,1.81,,,Ⅳ
2024-09-24T20:00:00+08:00,1727179200,25.7,8.0,8.0,305.5,95.7,3.8,0.22,0.079,1.86,,,Ⅱ
2024-09-25T04:00:00+08:00,1727208000,24.8,8.0,7.3,307.9,82.8,,0.19,0.073,1.9,,,
2024-09-25T08:00:00+08:00,1727222400,24.8,8.0,7.3,307.3,78.6,9.2,0.17,0.067,1.8,,,Ⅳ
2024-09-25T12:00:00+08:00,1727236800,25.7,8.0,7.8,307.7,78.3,3.6,0.16,0.07,1.79,,,Ⅱ
2024-09-25T16:00:00+08:00,1727251200,26.2,8.0,8.0,308.4,79.5,3.7,0.16,0.073,1.73,,,Ⅱ
2024-09-25T20:00:00+08:00,1727265600,26.1,8.0,7.7,309.4,66.3,3.7,0.16,0.069,1.76,,,Ⅱ
2024-09-26T04:00:00+08:00,1727294400,25.7,8.0,7.1,311.5,60.9,3.2,0.14,0.06,1.65,,,Ⅱ
2024-09-26T08:00:00+08:00,1727308800,25.5,8.0,7.2,312.4,64.8,3.1,0.13,0.059,1.58,,,Ⅱ
2024-09-26T12:00:00+08:00,1727323200,25.8,8.0,7.6,313.4,64.5,3.4,0.14,0.059,1.56,,,Ⅱ
2024-09-27T04:00:00+08:00,1727380800,25.4,8.0,7.5,301.2,92.2,3.2,0.16,0.064,2.03,,,Ⅱ
2024-09-27T12:00:00+08:00,1727409600,26.1,8.0,7.7,311.7,77.3,3.3,0.16,0.066,2.12,,,Ⅱ
2024-09-27T16:00:00+08:00,1727424000,26.2,8.0,7.7,320.0,95.6,3.1,0.15,0.053,1.79,,,Ⅱ
2024-10-10T00:00:00+08:00,1728489600,20.7,8.0,8.5,333.0,120.6,2.8,0.12,0.057,1.42,,,Ⅱ
2024-10-10T04:00:00+08:00,1728504000,20.2,8.0,8.5,333.5,117.9,2.7,0.12,0.054,1.36,,,Ⅱ
2024-10-10T08:00:00+08:00,1728518400,20.2,8.0,8.6,334.3,118.2,2.9,0.13,0.056,1.26,,,Ⅱ
2024-10-10T12:00:00+08:00,1728532800,22.4,8.0,8.9,335.4,110.0,3.0,0.11,0.058,1.26,,,Ⅱ
2024-10-10T16:00:00+08:00,1728547200,23.2,8.0,9.0,336.1,99.3,2.7,0.11,0.053,1.17,,,Ⅱ
2024-10-10T20:00:00+08:00,1728561600,22.5,8.0,8.8,337.6,95.2,2.7,0.1,0.047,1.14,,,Ⅱ
2024-10-11T00:00:00+08:00,1728576000,21.9,8.0,8.3,337.5,80.7,2.5,0.09,0.046,1.15,,,Ⅱ
2024-10-11T04:00:00+08:00,1728590400,21.6,8.0,8.3,337.4,80.4,2.4,0.08,0.047,1.08,,,Ⅱ
2024-10-11T08:00:00+08:00,1728604800,21.3,8.0,8.6,337.9,86.5,3.0,0.09,0.046,1.06,,,Ⅱ
2024-10-11T12:00:00+08:00,1728619200,24.0,8.0,9.1,338.8,82.8,2.7,0.08,0.045,1.04,,,Ⅱ
2024-10-11T16:00:00+08:00,1728633600,24.1,8.0,9.0,338.8,75.8,4.3,0.09,0.049,1.1,,,Ⅲ
2024-10-12T00:00:00+08:00,1728662400,21.6,8.0,8.3,337.9,53.2,2.6,0.07,0.04,1.14,,,Ⅱ
2024-10-12T04:00:00+08:00,1728676800,21.0,8.0,7.9,339.0,51.5,2.3,0.09,0.041,1.14,,,Ⅱ
2024-10-12T16:00:00+08:00,1728720000,22.2,8.0,8.8,338.0,58.2,2.3,0.13,0.041,1.14,,,Ⅱ
2024-10-12T20:00:00+08:00,1728734400,22.0,8.0,8.4,337.8,51.5,2.3,0.14,0.039,1.08,,,Ⅱ
2024-10-13T00:00:00+08:00,1728748800,21.8,8.0,8.3,337.9,57.8,2.3,0.16,0.042,1.14,,,Ⅱ
2024-10-13T04:00:00+08:00,1728763200,21.8,8.0,8.2,337.4,63.4,2.3,0.15,0.042,1.16,,,Ⅱ
2024-10-13T12:00:00+08:00,1728792000,22.2,8.0,8.4,337.6,55.1,2.4,0.09,0.042,1.06,,,Ⅱ
2024-10-13T16:00:00+08:00,1728806400,22.6,8.0,8.5,337.6,53.8,2.2,0.06,0.039,1.1,,,Ⅱ
2024-10-14T00:00:00+08:00,1728835200,22.4,8.0,7.9,338.4,49.7,2.3,0.06,0.04,1.09,,,Ⅱ
2024-10-14T04:00:00+08:00,1728849600,22.2,8.0,7.6,339.5,49.5,2.2,0.07,0.042,1.09,,,Ⅱ
2024-10-14T12:00:00+08:00,1728878400,22.1,8.0,7.7,342.2,165.6,2.5,0.07,0.042,1.08,,,Ⅱ
2024-10-14T16:00:00+08:00,1728892800,22.2,8.0,7.9,343.6,148.1,3.1,0.19,0.062,1.45,,,Ⅱ
2024-10-21T08:00:00+08:00,1729468800,19.5,8.0,8.5,341.1,186.6,0.2,0.18,0.062,1.58,,,Ⅱ
2024-10-21T12:00:00+08:00,1729483200,20.0,8.0,8.7,345.3,157.4,3.8,0.19,0.071,1.83,,,Ⅱ
2024-10-21T16:00:00+08:00,1729497600,21.5,8.0,8.9,345.7,134.4,3.4,0.17,0.059,1.44,,,Ⅱ
2024-10-21T20:00:00+08:00,1729512000,21.2,8.0,8.8,345.7,130.3,5.7,0.18,0.059,1.5,,,Ⅲ
2024-10-22T04:00:00+08:00,1729540800,20.6,8.0,8.6,346.7,149.8,3.3,0.15,0.054,1.44,,,Ⅱ
2024-10-22T08:00:00+08:00,1729555200,20.2,8.0,8.6,347.0,173.4,3.1,0.16,0.061,1.52,,,Ⅱ
2024-10-22T12:00:00+08:00,1729569600,20.2,8.0,8.8,346.9,196.9,3.4,0.18,0.064,1.49,,,Ⅱ
2024-10-22T16:00:00+08:00,1729584000,19.9,8.0,8.8,345.3,193.0,3.6,0.23,0.076,1.7,,,Ⅱ
2024-10-23T04:00:00+08:00,1729627200,17.7,8.0,9.2,346.3,218.0,4.7,0.27,0.088,1.9,,,Ⅲ
2024-10-23T08:00:00+08:00,1729641600,17.6,8.0,9.3,343.6,200.4,5.0,0.27,0.089,1.91,,,Ⅲ
2024-10-23T12:00:00+08:00,1729656000,18.1,8.0,9.4,344.2,173.8,4.8,0.24,0.077,1.79,,,Ⅲ
2024-10-23T16:00:00+08:00,1729670400,18.7,8.0,9.5,345.4,170.4,4.1,0.22,0.075,1.67,,,Ⅲ
2024-10-23T20:00:00+08:00,1729684800,18.4,8.0,9.3,345.4,159.5,,0.21,0.072,1.66,,,
2024-10-24T04:00:00+08:00,1729713600,17.8,8.0,9.2,346.2,156.8,3.4,0.19,0.056,1.54,,,Ⅱ
2024-10-24T08:00:00+08:00,1729728000,17.6,8.0,9.3,347.0,145.4,3.2,0.19,0.057,1.57,,,Ⅱ
2024-10-24T12:00:00+08:00,1729742400,19.1,8.0,9.4,345.5,135.3,3.6,0.18,0.055,1.47,,,Ⅱ
2024-10-24T16:00:00+08:00,1729756800,19.8,8.0,9.3,346.3,125.7,3.3,0.17,0.06,1.52,,,Ⅱ
2024-10-24T20:00:00+08:00,1729771200,19.5,8.0,9.1,347.4,111.3,3.0,0.16,0.055,1.48,,,Ⅱ
2024-10-25T04:00:00+08:00,1729800000,18.4,8.0,9.1,347.3,138.2,2.9,0.17,0.051,1.49,,,Ⅱ
2024-10-25T16:00:00+08:00,1729843200,19.9,8.0,9.0,348.7,167.3,3.1,0.2,0.065,1.5,,,Ⅱ
2024-10-25T20:00:00+08:00,1729857600,19.9,8.0,8.8,349.2,157.2,3.4,0.2,0.06,1.54,,,Ⅱ
2024-10-26T04:00:00+08:00,1729886400,19.7,8.0,8.7,350.3,199.3,3.3,0.2,0.062,1.56,,,Ⅱ
2024-10-26T08:00:00+08:00,1729900800,19.6,8.0,8.7,350.8,200.1,3.7,0.23,0.068,1.71,,,Ⅱ
2024-10-26T12:00:00+08:00,1729915200,19.8,8.0,8.8,350.7,163.9,4.4,0.25,0.07,1.64,,,Ⅲ
2024-10-26T16:00:00+08:00,1729929600,20.0,8.0,8.8,348.7,185.4,4.1,0.24,0.073,1.7,,,Ⅲ
2024-10-26T20:00:00+08:00,1729944000,20.0,8.0,8.7,347.6,193.5,4.0,0.24,0.075,1.73,,,Ⅱ
2024-10-27T04:00:00+08:00,1729972800,19.8,8.0,8.6,343.6,159.9,3.8,0.24,0.065,1.7,,,Ⅱ
2024-10-27T08:00:00+08:00,1729987200,19.8,8.0,8.6,344.4,198.9,3.7,0.22,0.063,1.68,,,Ⅱ
2024-10-27T12:00:00+08:00,1730001600,19.5,8.0,8.9,341.8,253.0,4.0,0.25,0.072,1.66,,,Ⅱ
2024-10-28T08:00:00+08:00,1730073600,18.5,8.0,9.0,348.0,177.3,4.6,0.22,0.073,1.98,,,Ⅲ
2024-10-28T12:00:00+08:00,1730088000,18.8,8.0,9.1,349.4,178.9,3.9,0.25,0.076,1.94,,,Ⅱ
2024-10-28T16:00:00+08:00,1730102400,19.1,8.0,9.1,351.4,176.0,4.0,0.22,0.07,2.01,,,Ⅱ
2024-10-28T20:00:00+08:00,1730116800,18.9,8.0,8.9,354.6,171.3,3.9,0.23,0.072,2.09,,,Ⅱ
2024-10-29T00:00:00+08:00,1730131200,18.5,8.0,9.0,350.6,146.8,3.7,0.18,0.063,2.09,,,Ⅱ
2024-10-29T04:00:00+08:00,1730145600,18.2,8.0,9.0,348.2,150.3,3.6,0.18,0.056,2.01,,,Ⅱ
2024-10-29T08:00:00+08:00,1730160000,18.0,8.0,9.0,347.2,135.9,3.5,0.16,0.058,1.87,,,Ⅱ
2024-10-29T12:00:00+08:00,1730174400,19.6,8.0,9.2,344.8,109.8,3.3,0.14,0.056,1.71,,,Ⅱ
2024-10-29T16:00:00+08:00,1730188800,19.8,8.0,9.2,345.6,106.1,3.0,0.14,0.054,1.71,,,Ⅱ
2024-10-29T20:00:00+08:00,1730203200,19.4,8.0,9.1,346.9,99.2,2.9,0.14,0.053,1.72,,,Ⅱ
2024-10-30T00:00:00+08:00,1730217600,19.0,8.0,9.0,347.7,108.8,3.6,0.13,0.058,1.76,,,Ⅱ
2024-10-30T04:00:00+08:00,1730232000,18.3,8.0,9.1,345.9,124.6,3.5,0.15,0.054,1.81,,,Ⅱ
2024-10-30T08:00:00+08:00,1730246400,18.0,8.0,9.0,345.6,125.6,3.7,0.16,0.054,1.68,,,Ⅱ
2024-10-30T12:00:00+08:00,1730260800,18.7,8.0,9.1,345.6,90.2,4.5,0.35,0.071,2.64,,,Ⅲ
2024-10-30T16:00:00+08:00,1730275200,19.2,8.0,9.3,347.1,107.5,6.8,0.33,0.065,2.51,,,Ⅳ
2024-10-30T20:00:00+08:00,1730289600,19.1,8.0,9.0,348.3,111.4,4.1,0.17,0.061,1.83,,,Ⅲ
2024-10-31T00:00:00+08:00,1730304000,18.7,8.0,9.0,350.6,120.9,4.0,0.17,0.061,1.99,,,Ⅱ
2024-10-31T04:00:00+08:00,1730318400,18.3,8.0,9.0,346.8,116.5,3.9,0.16,0.056,1.86,,,Ⅱ
2024-10-31T12:00:00+08:00,1730347200,18.7,8.0,9.2,344.7,99.4,3.8,0.16,0.061,1.63,,,Ⅱ
2024-10-31T16:00:00+08:00,1730361600,18.9,8.0,9.2,346.0,103.0,3.6,0.16,0.059,1.6,,,Ⅱ
2024-10-31T20:00:00+08:00,1730376000,18.8,8.0,8.9,347.8,151.5,3.4,0.15,0.054,1.7,,,Ⅱ
2024-11-01T00:00:00+08:00,1730390400,18.7,8.0,8.9,345.2,212.6,6.2,0.27,0.094,2.34,,,Ⅳ
2024-11-01T08:00:00+08:00,1730419200,18.3,8.0,9.0,340.6,134.5,7.8,0.2,0.083,,,,Ⅳ
2024-11-01T08:58:00+08:00,1730422680,,,,,,,,,,,,
2024-11-02T00:00:00+08:00,1730476800,18.6,7.0,7.5,387.3,127.1,5.0,0.48,0.113,,,,Ⅲ
2024-11-02T08:00:00+08:00,1730505600,18.9,7.0,6.4,333.9,91.5,4.9,0.48,0.097,3.38,,,Ⅲ
2024-11-02T12:00:00+08:00,1730520000,19.4,7.0,6.9,347.7,77.1,4.4,0.39,0.093,3.08,,,Ⅲ
2024-11-04T08:00:00+08:00,1730678400,19.2,7.0,6.3,363.4,31.5,3.6,0.4,0.062,3.22,,,Ⅱ
2024-11-04T12:00:00+08:00,1730692800,20.2,7.0,6.6,368.3,25.1,0.2,0.39,0.061,3.15,,,Ⅱ
2024-11-04T20:00:00+08:00,1730721600,19.7,8.0,8.7,345.5,122.3,,0.16,0.099,2.48,,,
2024-11-05T12:00:00+08:00,1730779200,19.3,8.0,9.2,354.8,116.1,,,,,,,
2024-11-05T16:00:00+08:00,1730793600,19.8,8.0,9.3,352.3,96.2,,0.15,0.123,1.86,,,
2024-11-05T20:00:00+08:00,1730808000,19.3,8.0,8.6,327.6,82.8,15.3,0.13,0.103,0.3,,,劣Ⅴ
2024-11-06T04:00:00+08:00,1730836800,18.4,8.0,8.4,306.2,76.6,5.8,0.3,0.116,4.66,,,Ⅲ
2024-11-06T08:00:00+08:00,1730851200,18.1,8.0,8.6,321.5,88.4,,0.2,0.075,3.43,,,
2024-11-06T12:00:00+08:00,1730865600,18.7,8.0,9.5,340.4,96.4,7.5,0.15,0.114,2.99,,,Ⅳ
2024-11-06T16:00:00+08:00,1730880000,19.5,9.0,10.3,340.0,77.8,4.7,0.11,0.074,2.61,,,Ⅲ
2024-11-06T20:00:00+08:00,1730894400,19.0,8.0,9.1,296.2,63.2,2.8,0.17,0.062,3.84,,,Ⅱ
2024-11-07T00:00:00+08:00,1730908800,18.1,8.0,9.5,348.1,90.2,3.8,0.14,0.102,2.98,,,Ⅲ
2024-11-07T04:00:00+08:00,1730923200,17.5,8.0,9.0,356.9,142.0,7.4,0.17,0.165,3.72,,,Ⅳ
2024-11-07T08:00:00+08:00,1730937600,17.0,8.0,9.2,350.6,89.3,7.4,0.17,0.165,3.72,,,Ⅳ
2024-11-07T12:00:00+08:00,1730952000,17.6,8.0,9.3,349.5,76.0,,0.14,0.069,1.79,,,
2024-11-07T16:00:00+08:00,1730966400,17.8,8.0,9.3,341.2,88.3,0.3,0.13,0.057,1.71,,,Ⅱ
2024-11-07T20:00:00+08:00,1730980800,17.4,8.0,9.3,341.6,103.7,,0.12,0.051,1.58,,,
2024-11-08T04:00:00+08:00,1731009600,16.7,8.0,9.4,336.2,90.2,0.2,0.13,0.052,1.6,,,Ⅱ
2024-11-08T08:00:00+08:00,1731024000,16.6,8.0,9.3,336.2,83.7,,0.13,0.048,1.48,,,
2024-11-08T12:00:00+08:00,1731038400,17.5,8.0,9.5,335.5,70.2,2.9,0.12,0.043,1.34,,,Ⅱ
2024-11-12T12:00:00+08:00,1731384000,18.9,9.0,9.4,336.3,163.0,20.0,0.16,0.197,3.75,,,劣Ⅴ
2024-11-12T20:00:00+08:00,1731412800,19.1,9.0,10.2,335.5,68.4,20.0,0.16,0.197,3.75,,,劣Ⅴ
2024-11-13T16:00:00+08:00,1731484800,19.2,9.0,9.8,339.0,92.8,20.0,0.11,0.112,2.38,,,劣Ⅴ
2024-11-13T20:00:00+08:00,1731499200,18.9,9.0,9.7,335.8,77.7,6.5,0.08,0.069,1.49,,,Ⅳ
2024-11-14T04:00:00+08:00,1731528000,18.9,9.0,9.3,345.6,66.5,6.9,0.1,0.09,1.96,,,Ⅳ
2024-11-14T12:00:00+08:00,1731556800,19.2,9.0,9.0,343.7,56.0,4.9,0.08,0.081,1.46,,,Ⅲ
2024-11-14T16:00:00+08:00,1731571200,19.2,9.0,9.2,339.4,46.0,4.7,0.07,0.053,1.32,,,Ⅲ
2024-11-14T20:00:00+08:00,1731585600,19.2,9.0,9.8,335.2,46.2,2.7,0.06,0.031,0.98,,,Ⅱ
2024-11-15T04:00:00+08:00,1731614400,19.1,9.0,9.3,336.2,39.0,2.5,0.06,0.031,0.95,,,Ⅱ
2024-11-15T08:00:00+08:00,1731628800,19.2,9.0,9.4,335.5,37.3,2.5,0.06,0.031,0.93,,,Ⅱ
2024-11-15T16:00:00+08:00,1731657600,19.7,9.0,9.8,334.2,49.6,2.4,0.05,0.03,0.9,,,Ⅱ
2024-11-15T20:00:00+08:00,1731672000,19.6,9.0,9.1,335.0,96.4,2.9,0.05,0.047,1.02,,,Ⅱ
2024-11-16T04:00:00+08:00,1731700800,19.4,9.0,8.8,335.0,75.6,6.8,0.07,0.092,1.77,,,Ⅳ
2024-11-16T08:00:00+08:00,1731715200,19.5,9.0,8.8,335.0,76.7,7.2,0.07,0.082,1.65,,,Ⅳ
2024-11-16T12:00:00+08:00,1731729600,19.6,9.0,9.3,334.0,73.8,6.4,0.07,0.073,1.26,,,Ⅳ
2024-11-16T16:00:00+08:00,1731744000,19.7,9.0,9.1,334.4,103.0,6.7,0.07,0.075,1.59,,,Ⅳ
2024-11-16T20:00:00+08:00,1731758400,19.7,9.0,8.2,336.2,127.9,7.1,0.09,0.105,2.13,,,Ⅳ
2024-11-17T04:00:00+08:00,1731787200,19.3,8.0,8.0,336.8,256.2,9.3,0.11,0.103,2.04,,,Ⅳ
2024-11-17T08:00:00+08:00,1731801600,18.9,8.0,8.0,342.0,360.7,11.2,0.23,0.198,4.36,,,Ⅴ
2024-11-17T20:00:00+08:00,1731844800,17.6,8.0,8.7,313.6,171.6,20.0,0.35,0.151,4.61,,,劣Ⅴ
2024-11-18T08:00:00+08:00,1731888000,16.3,8.0,9.4,338.0,144.4,5.8,0.2,0.07,1.41,,,Ⅲ
2024-11-18T16:00:00+08:00,1731916800,16.3,8.0,9.7,336.6,214.8,5.7,0.21,0.072,1.54,,,Ⅲ
2024-11-18T20:00:00+08:00,1731931200,15.9,8.0,9.7,335.8,181.8,5.0,0.19,0.054,1.42,,,Ⅲ
2024-11-19T00:00:00+08:00,1731945600,15.5,8.0,9.7,336.3,176.3,4.5,0.18,0.055,1.42,,,Ⅲ
2024-11-19T04:00:00+08:00,1731960000,15.2,8.0,9.8,336.4,170.4,4.3,0.17,0.048,1.45,,,Ⅲ
2024-11-19T16:00:00+08:00,1732003200,15.6,8.0,10.0,339.5,119.1,3.7,0.13,0.043,1.45,,,Ⅱ
2024-11-19T20:00:00+08:00,1732017600,15.4,8.0,9.9,339.7,126.3,3.8,0.14,0.042,1.47,,,Ⅱ
2024-11-20T00:00:00+08:00,1732032000,15.2,8.0,9.8,339.7,125.0,3.7,0.13,0.044,1.42,,,Ⅱ
2024-11-20T12:00:00+08:00,1732075200,15.2,8.0,9.9,340.4,96.7,3.3,0.11,0.035,,,,Ⅱ
2024-11-20T20:00:00+08:00,1732104000,14.8,8.0,9.9,338.4,116.8,3.7,0.14,0.036,1.01,,,Ⅱ
2024-11-21T04:00:00+08:00,1732132800,14.1,8.0,9.7,339.8,159.7,4.5,0.17,0.061,1.25,,,Ⅲ
2024-11-21T08:00:00+08:00,1732147200,13.9,8.0,9.9,339.4,151.5,5.2,0.17,0.065,1.38,,,Ⅲ
2024-11-21T12:00:00+08:00,1732161600,14.6,8.0,10.2,340.2,145.0,5.7,0.17,0.065,2.02,,,Ⅲ
2024-11-21T16:00:00+08:00,1732176000,15.1,9.0,10.4,341.3,131.9,5.2,0.15,0.057,1.88,,,Ⅲ
2024-11-21T20:00:00+08:00,1732190400,14.8,8.0,10.0,337.7,121.0,4.3,0.15,0.047,,,,Ⅲ
2024-11-22T00:00:00+08:00,1732204800,14.6,8.0,9.9,337.0,139.0,4.1,0.15,0.051,,,,Ⅲ
2024-11-22T12:00:00+08:00,1732248000,14.6,8.0,10.1,338.6,136.6,,0.15,0.053,,,,
2024-11-22T16:00:00+08:00,1732262400,15.1,9.0,10.4,341.4,122.5,4.3,0.14,0.049,,,,Ⅲ
2024-11-22T20:00:00+08:00,1732276800,14.9,9.0,10.4,340.0,105.2,4.0,0.13,0.044,,,,Ⅱ
2024-11-23T00:00:00+08:00,1732291200,14.5,8.0,10.1,338.8,154.8,4.6,0.16,0.065,,,,Ⅲ
2024-11-23T04:00:00+08:00,1732305600,14.3,8.0,9.9,337.6,134.4,4.4,0.15,0.049,,,,Ⅲ
2024-11-23T08:00:00+08:00,1732320000,14.0,8.0,10.0,337.2,150.2,,0.17,0.068,,,,
2024-11-23T12:00:00+08:00,1732334400,15.0,9.0,10.4,336.8,146.0,,0.18,0.086,,,,
2024-11-23T20:00:00+08:00,1732363200,15.2,9.0,10.5,339.0,125.0,5.0,0.15,0.076,,,,Ⅲ
2024-11-24T00:00:00+08:00,1732377600,14.6,8.0,10.2,337.2,205.3,7.4,0.21,0.112,,,,Ⅳ
2024-11-24T04:00:00+08:00,1732392000,14.5,8.0,9.8,336.9,325.3,20.0,0.27,0.213,,,,劣Ⅴ
2024-11-24T08:00:00+08:00,1732406400,14.3,8.0,9.7,337.3,375.7,20.0,0.31,0.276,,,,劣Ⅴ
2024-11-24T12:00:00+08:00,1732420800,14.6,9.0,10.6,335.7,213.9,20.0,0.21,0.158,,,,劣Ⅴ
2024-11-24T16:00:00+08:00,1732435200,14.9,9.0,10.6,336.1,114.8,9.9,0.13,0.06,,,,Ⅳ
2024-11-24T20:00:00+08:00,1732449600,14.6,9.0,10.4,336.5,110.9,5.3,0.11,0.048,,,,Ⅲ
2024-11-25T04:00:00+08:00,1732478400,14.4,9.0,10.2,336.5,152.8,5.0,0.14,0.073,,,,Ⅲ
2024-11-25T16:00:00+08:00,1732521600,14.7,8.0,9.9,338.4,118.8,4.1,0.12,0.042,,,,Ⅲ
2024-11-25T20:00:00+08:00,1732536000,14.2,8.0,9.8,340.0,220.0,4.9,0.22,0.068,,,,Ⅲ
2024-11-26T04:00:00+08:00,1732564800,13.2,8.0,10.2,337.0,226.4,5.7,0.24,0.072,,,,Ⅲ
2024-11-26T08:00:00+08:00,1732579200,12.9,8.0,10.1,336.0,170.0,5.9,0.22,0.068,,,,Ⅲ
2024-11-26T12:00:00+08:00,1732593600,12.9,8.0,10.3,336.3,273.8,5.4,0.21,0.054,,,,Ⅲ
2024-11-26T16:00:00+08:00,1732608000,13.0,8.0,10.4,329.6,194.4,,0.02,0.005,,,,
2024-11-26T20:00:00+08:00,1732622400,12.5,8.0,10.2,334.0,209.1,,0.24,0.069,1.76,,,
2024-11-27T00:00:00+08:00,1732636800,12.2,8.0,10.4,334.2,191.3,,0.21,0.054,1.09,,,
2024-11-27T08:00:00+08:00,1732665600,11.4,8.0,10.4,333.9,167.9,4.4,0.2,0.043,0.93,,,Ⅲ
2024-11-27T12:00:00+08:00,1732680000,11.9,8.0,10.5,334.8,264.0,,0.25,0.062,1.09,,,
2024-11-27T16:00:00+08:00,1732694400,11.9,8.0,10.5,336.4,261.5,,,0.07,1.27,,,
2024-11-27T20:00:00+08:00,1732708800,11.4,8.0,10.6,334.6,207.4,,0.22,0.048,1.2,,,
2024-11-28T00:00:00+08:00,1732723200,11.0,8.0,10.5,334.7,191.2,4.5,,0.051,1.09,,,
2024-11-28T12:00:00+08:00,1732766400,11.1,8.0,10.6,335.7,281.0,,0.26,0.051,1.2,,,
2024-11-28T16:00:00+08:00,1732780800,11.1,8.0,10.8,335.9,257.4,,,0.057,1.18,,,
2024-11-28T20:00:00+08:00,1732795200,10.5,8.0,10.9,335.5,222.1,,0.25,0.05,1.21,,,
2024-11-29T00:00:00+08:00,1732809600,10.1,8.0,10.9,335.1,229.2,5.1,0.26,0.052,1.29,,,Ⅲ
2024-11-29T08:00:00+08:00,1732838400,9.5,8.0,10.9,334.2,230.4,,0.24,0.051,1.1,,,
2024-11-29T12:00:00+08:00,1732852800,10.3,8.0,10.8,336.5,217.5,,0.24,0.048,1.17,,,
2024-11-29T16:00:00+08:00,1732867200,10.9,8.0,10.7,336.4,271.5,,0.27,0.048,1.13,,,
2024-11-29T20:00:00+08:00,1732881600,10.5,8.0,10.7,335.8,205.9,4.5,0.25,0.034,1.07,,,Ⅲ
2024-11-30T08:00:00+08:00,1732924800,9.6,8.0,10.6,335.0,132.0,,0.17,0.032,0.91,,,
2024-11-30T12:00:00+08:00,1732939200,11.4,8.0,10.8,335.3,127.0,8.3,0.45,0.482,2.73,,,劣Ⅴ
2024-11-30T16:00:00+08:00,1732953600,12.0,8.0,10.5,335.0,88.2,,0.02,0.005,,,,
2024-12-01T00:00:00+08:00,1732982400,10.9,8.0,10.6,335.3,96.1,,0.12,0.028,0.96,,,
2024-12-01T04:00:00+08:00,1732996800,10.7,8.0,10.6,335.6,86.3,,0.11,0.029,0.84,,,
2024-12-01T08:00:00+08:00,1733011200,10.4,8.0,10.7,334.7,99.2,3.0,0.13,0.029,0.89,,,Ⅱ
2024-12-01T12:00:00+08:00,1733025600,12.2,8.0,10.5,336.0,78.7,,0.11,0.033,0.84,,,
2024-12-01T20:00:00+08:00,1733054400,11.0,8.0,10.5,335.7,80.6,,0.12,0.033,0.88,,,
2024-12-02T00:00:00+08:00,1733068800,10.7,8.0,10.4,336.2,75.3,,0.1,0.027,0.81,,,
2024-12-02T20:00:00+08:00,1733140800,12.5,8.0,10.5,335.8,73.1,,0.2,0.024,0.86,,,
2024-12-03T04:00:00+08:00,1733169600,11.8,8.0,10.3,336.0,86.1,,0.22,0.026,0.91,,,
2024-12-03T08:00:00+08:00,1733184000,11.8,8.0,10.2,336.6,105.1,,0.16,0.039,1.01,,,
2024-12-03T12:00:00+08:00,1733198400,12.4,8.0,10.3,336.5,149.3,,0.22,0.06,1.23,,,
2024-12-03T16:00:00+08:00,1733212800,13.1,8.0,10.3,338.3,165.5,,0.22,0.065,1.17,,,
2024-12-03T20:00:00+08:00,1733227200,12.8,8.0,10.2,338.4,200.6,,0.26,0.088,1.27,,,
2024-12-04T04:00:00+08:00,1733256000,12.2,8.0,10.4,335.4,142.0,,0.23,0.059,1.19,,,
2024-12-04T08:00:00+08:00,1733270400,12.1,8.0,10.4,335.6,132.3,,0.2,0.049,1.13,,,
2024-12-04T12:00:00+08:00,1733284800,20.5,8.0,8.7,,1.2,,0.18,0.044,1.02,,,
2024-12-04T20:00:00+08:00,1733313600,12.3,8.0,10.2,336.2,107.0,,0.16,0.037,0.9,,,
2024-12-05T00:00:00+08:00,1733328000,12.1,8.0,10.2,336.3,110.8,,0.16,0.043,1.05,,,
2024-12-05T08:00:00+08:00,1733356800,11.7,8.0,10.1,335.7,136.7,,0.2,0.056,1.03,,,
2024-12-05T12:00:00+08:00,1733371200,11.7,8.0,10.2,336.0,119.4,,0.2,0.046,1.08,,,
2024-12-05T20:00:00+08:00,1733400000,11.8,8.0,10.5,336.0,103.9,3.3,0.16,0.033,0.94,,,Ⅱ
2024-12-06T04:00:00+08:00,1733428800,11.5,8.0,10.5,335.9,106.0,,0.14,0.03,0.96,,,
2024-12-06T08:00:00+08:00,1733443200,11.4,8.0,10.6,336.7,111.8,,0.17,0.037,1.06,,,
2024-12-06T16:00:00+08:00,1733472000,12.2,8.0,10.5,338.0,119.7,,0.17,0.03,1.09,,,
2024-12-07T16:00:00+08:00,1733558400,11.8,8.0,10.6,339.5,211.1,,0.2,0.047,0.97,,,
2024-12-08T04:00:00+08:00,1733601600,10.0,8.0,11.0,339.1,315.6,6.5,0.34,0.101,1.44,,,Ⅳ
2024-12-09T12:00:00+08:00,1733716800,9.7,8.0,11.2,331.8,173.0,,0.29,0.076,1.26,,,
2024-12-09T20:00:00+08:00,1733745600,9.8,8.0,11.2,330.8,185.8,5.5,0.26,0.079,1.22,,,Ⅲ
2024-12-11T04:00:00+08:00,1733860800,9.3,8.0,11.2,325.1,296.1,5.8,0.29,0.084,1.27,,,Ⅲ
2024-12-14T04:00:00+08:00,1734120000,7.7,8.0,11.6,343.8,315.0,8.4,0.47,0.11,1.6,,,Ⅳ
2024-12-14T16:00:00+08:00,1734163200,8.4,8.0,11.8,343.1,334.8,10.2,1.1,0.42,2.94,,,劣Ⅴ
2024-12-16T04:00:00+08:00,1734292800,7.0,8.0,11.8,333.6,163.8,4.9,0.26,0.05,1.15,,,Ⅲ
2024-12-18T20:00:00+08:00,1734523200,7.7,8.0,11.8,334.5,330.0,7.2,0.4,0.12,1.7,,,Ⅳ
2024-12-19T04:00:00+08:00,1734552000,6.7,8.0,11.9,332.2,300.9,7.1,0.39,0.109,1.66,,,Ⅳ
2024-12-20T20:00:00+08:00,1734696000,7.5,8.0,11.9,340.0,147.2,4.1,0.22,0.045,1.22,,,Ⅲ
2024-12-21T04:00:00+08:00,1734724800,6.7,8.0,11.7,341.1,251.4,3.8,0.21,0.038,1.18,,,Ⅱ
2024-12-23T20:00:00+08:00,1734955200,6.8,8.0,12.1,347.5,162.2,5.2,0.25,0.079,1.29,,,Ⅲ
2024-12-24T04:00:00+08:00,1734984000,6.6,8.0,12.0,349.0,177.5,6.6,0.25,0.12,1.62,,,Ⅳ
2024-12-24T12:00:00+08:00,1735012800,7.3,8.0,12.2,343.9,196.5,7.3,0.26,0.123,1.59,,,Ⅳ
2024-12-24T16:00:00+08:00,1735027200,7.8,8.0,12.1,344.6,141.5,8.6,0.26,0.18,2.25,,,Ⅳ
2024-12-24T20:00:00+08:00,1735041600,7.6,8.0,12.0,344.5,163.6,6.5,0.23,0.129,1.62,,,Ⅳ
2024-12-25T08:00:00+08:00,1735084800,7.2,8.0,12.0,342.5,125.4,10.3,0.27,0.345,3.49,,,Ⅴ
2024-12-28T04:00:00+08:00,1735329600,7.0,8.0,11.9,350.3,419.6,20.0,0.27,0.284,3.17,,,劣Ⅴ
2024-12-28T20:00:00+08:00,1735387200,7.2,8.0,12.0,341.7,241.6,9.6,0.33,0.114,1.66,,,Ⅳ
2025-01-02T20:00:00+08:00,1735819200,9.1,8.0,11.5,352.0,106.3,3.1,0.16,0.047,1.3,,,Ⅱ
2025-01-03T08:00:00+08:00,1735862400,7.8,8.0,11.4,355.0,202.4,3.0,0.16,0.046,,,,Ⅱ
2025-01-03T12:00:00+08:00,1735876800,8.7,8.0,11.7,352.9,158.6,5.6,0.24,0.163,,,,Ⅲ
2025-01-07T16:00:00+08:00,1736236800,8.8,8.0,11.8,346.9,132.1,2.8,0.19,0.051,1.29,,,Ⅱ
2025-01-07T20:00:00+08:00,1736251200,8.3,8.0,11.8,348.8,102.5,2.5,0.15,0.04,1.15,,,Ⅱ
2025-01-08T08:00:00+08:00,1736294400,7.3,8.0,11.7,349.6,81.0,2.0,0.12,0.029,1.2,,,Ⅱ
2025-01-08T12:00:00+08:00,1736308800,8.4,8.0,11.7,349.6,84.7,2.0,0.12,0.032,1.1,,,Ⅱ
2025-01-08T16:00:00+08:00,1736323200,8.9,8.0,11.8,349.1,97.4,1.9,0.13,0.034,1.29,,,Ⅱ
2025-01-09T08:00:00+08:00,1736380800,6.4,8.0,11.9,350.0,210.8,3.4,0.27,0.082,1.53,,,Ⅱ
2025-01-09T12:00:00+08:00,1736395200,7.0,8.0,12.2,350.5,246.9,9.8,0.33,0.154,2.42,,,Ⅳ
2025-01-09T16:00:00+08:00,1736409600,7.5,8.0,12.0,352.8,259.3,5.5,0.31,0.169,2.15,,,Ⅲ
2025-01-09T20:00:00+08:00,1736424000,6.2,8.0,12.1,355.6,253.6,7.1,0.32,0.185,2.21,,,Ⅳ
2025-01-10T04:00:00+08:00,1736452800,4.7,8.0,12.4,356.8,237.4,6.0,0.3,0.156,2.33,,,Ⅲ
2025-01-10T08:00:00+08:00,1736467200,4.8,8.0,12.4,354.0,204.8,5.2,0.29,0.129,1.71,,,Ⅲ
2025-01-10T12:00:00+08:00,1736481600,5.6,8.0,12.5,353.6,202.6,6.1,0.3,0.148,2.09,,,Ⅳ
2025-01-10T20:00:00+08:00,1736510400,6.2,8.0,12.2,345.8,220.8,7.6,0.31,0.109,1.64,,,Ⅳ
2025-01-11T00:00:00+08:00,1736524800,6.0,8.0,12.2,345.9,215.5,4.6,0.28,0.08,1.62,,,Ⅲ
2025-01-11T04:00:00+08:00,1736539200,5.8,8.0,12.3,348.4,175.8,3.4,0.24,0.07,1.54,,,Ⅱ
2025-01-11T12:00:00+08:00,1736568000,6.4,8.0,12.3,349.9,123.9,2.4,0.19,0.046,1.31,,,Ⅱ
2025-01-11T16:00:00+08:00,1736582400,6.6,8.0,12.3,350.6,130.6,3.1,0.18,0.069,1.31,,,Ⅱ
2025-01-12T12:00:00+08:00,1736654400,6.0,8.0,12.3,351.3,107.0,2.0,0.15,0.04,1.24,,,Ⅱ
2025-01-12T16:00:00+08:00,1736668800,7.2,8.0,12.2,350.6,162.9,2.9,0.22,0.052,1.34,,,Ⅱ
2025-01-13T04:00:00+08:00,1736712000,5.8,8.0,12.2,351.8,103.6,2.4,0.15,0.042,1.2,,,Ⅱ
2025-01-13T16:00:00+08:00,1736755200,7.4,8.0,12.1,350.0,90.8,2.2,0.14,0.033,1.19,,,Ⅱ
2025-01-13T20:00:00+08:00,1736769600,7.0,8.0,12.1,349.7,89.4,1.9,0.14,0.031,1.28,,,Ⅱ
2025-01-14T00:00:00+08:00,1736784000,7.0,8.0,12.0,349.7,84.6,1.8,0.13,0.028,1.1,,,Ⅱ
2025-01-14T04:00:00+08:00,1736798400,6.8,8.0,12.0,349.6,86.1,1.9,0.13,0.029,1.19,,,Ⅱ
2025-01-14T08:00:00+08:00,1736812800,6.8,8.0,12.0,349.5,81.9,1.9,0.12,0.027,1.18,,,Ⅱ
2025-01-15T20:00:00+08:00,1736942400,6.8,8.0,11.9,353.5,336.4,10.0,0.41,0.259,2.93,,,Ⅳ
2025-01-19T00:00:00+08:00,1737216000,7.3,8.0,11.8,346.2,77.8,1.9,0.12,0.027,1.23,,,Ⅱ
2025-01-19T04:00:00+08:00,1737230400,7.0,8.0,11.8,346.2,74.5,1.7,0.12,0.026,1.25,,,Ⅱ
2025-01-20T04:00:00+08:00,1737316800,7.4,8.0,11.8,346.1,49.6,1.6,0.07,0.018,1.14,,,Ⅰ
2025-01-20T12:00:00+08:00,1737345600,15.1,8.0,10.0,,0.6,1.5,0.1,0.021,1.13,,,Ⅱ
2025-01-21T12:00:00+08:00,1737432000,15.6,8.0,10.0,,0.4,,,,,,,
2025-01-21T20:00:00+08:00,1737460800,14.6,8.0,10.2,,0.5,,,,,,,
2025-01-22T04:00:00+08:00,1737489600,13.7,8.0,10.4,,0.4,,,,,,,
2025-01-22T08:00:00+08:00,1737504000,13.4,8.0,10.5,,0.5,,,,,,,
2025-01-22T16:00:00+08:00,1737532800,10.0,8.0,11.6,349.6,45.2,1.7,0.07,0.023,1.16,,,Ⅱ
2025-01-22T20:00:00+08:00,1737547200,9.5,8.0,11.6,349.5,41.3,1.5,0.05,0.02,1.08,,,Ⅰ
2025-01-23T16:00:00+08:00,1737619200,10.2,8.0,11.4,350.9,39.9,1.5,0.05,0.019,1.03,,,Ⅰ
2025-01-24T00:00:00+08:00,1737648000,9.8,8.0,11.4,349.8,33.3,1.4,0.04,0.018,1.03,,,Ⅰ
2025-02-12T16:00:00+08:00,1739347200,7.1,8.0,12.0,376.2,186.4,2.7,0.26,0.054,1.63,,,Ⅱ
2025-02-12T20:00:00+08:00,1739361600,7.1,8.0,11.9,378.3,194.4,2.7,0.26,0.054,1.63,,,Ⅱ
2025-02-13T00:00:00+08:00,1739376000,6.8,8.0,11.9,376.9,185.8,2.8,0.28,0.055,1.74,,,Ⅱ
2025-02-13T04:00:00+08:00,1739390400,6.4,8.0,11.8,378.2,210.1,2.8,0.29,0.068,1.78,,,Ⅱ
2025-02-13T08:00:00+08:00,1739404800,11.8,8.0,11.0,,0.9,,,,,,,
2025-02-13T16:00:00+08:00,1739433600,8.1,8.0,12.0,379.6,140.7,2.4,0.24,0.042,1.48,,,Ⅱ
2025-02-13T20:00:00+08:00,1739448000,7.7,8.0,12.0,380.6,122.7,2.0,0.23,0.038,1.52,,,Ⅱ
