ts,epoch,temperature,ph,do,conductivity,turbidity,codmn,ammonia_n,tp,tn,chla,algae_density,quality_class
2021-06-17T12:00:00+08:00,1623902400,26.8,6.34,5.39,276.6,39.4,6.3,0.188,0.186,,,,Ⅳ
2021-06-17T16:00:00+08:00,1623916800,27.2,6.35,6.02,272.9,41.4,6.56,0.151,0.227,2.33,,,Ⅳ
2021-06-17T20:00:00+08:00,1623931200,26.9,6.33,5.11,273.0,42.5,6.6,0.15,0.25,2.36,,,Ⅳ
2021-06-18T04:00:00+08:00,1623960000,26.4,6.26,5.13,263.0,43.0,6.3,0.144,0.227,2.38,,,Ⅳ
2021-06-18T08:00:00+08:00,1623974400,26.4,6.25,4.31,269.9,36.0,6.26,0.173,0.219,2.39,,,Ⅳ
2021-06-18T12:00:00+08:00,1623988800,26.3,6.28,4.94,277.7,33.3,6.26,0.191,0.203,2.32,,,Ⅳ
2021-06-18T16:00:00+08:00,1624003200,26.2,6.3,4.52,277.5,38.3,6.26,0.191,0.203,2.32,,,Ⅳ
2021-06-18T20:00:00+08:00,1624017600,25.8,6.31,5.5,273.7,35.7,6.25,0.231,0.197,2.57,,,Ⅳ
2021-06-19T04:00:00+08:00,1624046400,25.1,6.26,4.3,270.2,35.8,6.26,0.295,0.21,2.7,,,Ⅳ
2021-06-19T08:00:00+08:00,1624060800,24.8,6.31,5.03,275.4,33.2,6.36,0.261,0.201,2.71,,,Ⅳ
2021-06-19T12:00:00+08:00,1624075200,24.6,6.28,5.01,284.7,33.3,6.56,0.282,,2.78,,,
2021-06-19T16:00:00+08:00,1624089600,24.8,6.28,5.16,292.6,28.0,6.29,0.268,0.166,2.88,,,Ⅳ
2021-06-19T20:00:00+08:00,1624104000,24.4,6.48,6.55,294.5,38.3,6.29,0.268,0.166,2.88,,,Ⅳ
2021-06-20T08:00:00+08:00,1624147200,23.9,6.39,5.37,292.3,38.5,6.26,0.261,0.187,3.05,,,Ⅳ
2021-06-20T12:00:00+08:00,1624161600,24.4,6.37,5.58,292.9,31.7,6.26,0.207,0.168,2.78,,,Ⅳ
2021-06-20T16:00:00+08:00,1624176000,25.1,6.38,6.32,289.7,33.4,6.26,0.207,0.168,2.78,,,Ⅳ
2021-07-02T12:00:00+08:00,1625198400,28.3,6.84,5.26,301.9,73.6,5.11,,0.071,2.53,,,
2021-07-02T16:00:00+08:00,1625212800,28.3,6.86,6.29,303.5,44.9,0.29,0.082,0.073,2.75,,,Ⅱ
2021-07-02T20:00:00+08:00,1625227200,28.0,6.74,5.56,304.9,39.9,5.31,0.108,0.068,2.53,,,Ⅲ
2021-07-03T00:00:00+08:00,1625241600,27.8,6.61,4.46,305.7,41.7,5.33,0.141,0.073,2.65,,,Ⅳ
2021-07-03T04:00:00+08:00,1625256000,27.4,6.51,3.94,308.0,34.5,5.2,0.19,0.07,2.52,,,Ⅳ
2021-07-03T08:00:00+08:00,1625270400,27.4,6.49,3.6,305.8,40.4,5.46,0.194,0.087,2.64,,,Ⅳ
2021-07-03T12:00:00+08:00,1625284800,27.4,6.49,3.58,317.0,31.1,5.46,0.194,0.087,2.64,,,Ⅳ
2021-07-03T16:00:00+08:00,1625299200,27.4,6.51,4.32,339.0,27.6,5.31,0.205,0.08,2.3,,,Ⅳ
2021-07-03T20:00:00+08:00,1625313600,27.1,6.51,4.04,380.3,46.6,6.82,1.065,0.154,3.28,,,Ⅳ
2021-07-04T00:00:00+08:00,1625328000,26.7,6.5,3.34,379.4,30.4,7.71,1.199,0.184,3.31,,,Ⅳ
2021-07-04T04:00:00+08:00,1625342400,26.5,6.44,3.43,363.2,27.0,7.47,0.747,0.178,2.86,,,Ⅳ
2021-07-04T08:00:00+08:00,1625356800,26.2,6.43,3.49,378.9,33.1,6.85,0.78,0.161,2.86,,,Ⅳ
2021-07-04T12:00:00+08:00,1625371200,26.0,6.42,3.78,367.2,31.1,6.85,0.78,0.161,2.86,,,Ⅳ
2021-07-04T16:00:00+08:00,1625385600,25.7,6.44,3.59,477.9,34.5,6.94,1.474,0.211,4.27,,,Ⅳ
2021-07-04T20:00:00+08:00,1625400000,25.4,6.34,3.91,483.2,34.6,6.54,1.877,0.262,5.28,,,Ⅴ
2021-07-05T00:00:00+08:00,1625414400,25.4,6.27,4.03,413.9,35.3,6.29,1.935,0.313,4.93,,,Ⅴ
2021-07-05T04:00:00+08:00,1625428800,25.2,6.23,3.99,348.7,41.9,0.25,1.901,0.316,4.72,,,Ⅴ
2021-07-05T08:00:00+08:00,1625443200,25.5,6.22,3.79,321.7,42.6,6.02,1.475,0.232,4.12,,,Ⅳ
2021-07-05T12:00:00+08:00,1625457600,26.6,6.24,4.01,314.7,40.8,6.06,1.278,0.206,3.82,,,Ⅳ
2021-07-05T16:00:00+08:00,1625472000,27.0,6.28,4.62,311.4,39.7,6.06,1.278,0.206,3.82,,,Ⅳ
2021-07-05T20:00:00+08:00,1625486400,27.2,6.28,4.49,311.0,38.4,6.3,0.778,0.178,3.44,,,Ⅳ
2021-07-06T04:00:00+08:00,1625515200,27.0,6.24,3.67,294.8,37.7,6.29,0.623,0.169,3.23,,,Ⅳ
2021-07-06T08:00:00+08:00,1625529600,27.4,6.26,3.39,296.2,37.8,6.62,0.547,0.163,3.18,,,Ⅳ
2021-07-06T12:00:00+08:00,1625544000,28.3,6.34,3.69,302.8,17.8,6.55,0.261,0.148,3.03,,,Ⅳ
2021-07-06T16:00:00+08:00,1625558400,29.1,6.51,5.25,303.3,28.8,,,,,,,
2021-07-07T04:00:00+08:00,1625601600,28.2,6.48,4.14,304.3,32.1,6.5,0.327,0.151,3.0,,,Ⅳ
2021-07-07T08:00:00+08:00,1625616000,28.4,6.48,3.68,303.5,32.4,6.85,0.241,0.174,2.96,,,Ⅳ
2021-07-07T12:00:00+08:00,1625630400,29.4,6.57,5.39,301.1,26.3,7.73,0.147,0.151,2.83,,,Ⅳ
2021-07-26T12:00:00+08:00,1627272000,26.7,6.29,4.49,270.7,30.1,5.44,0.287,0.14,2.31,,,Ⅳ
2021-07-26T16:00:00+08:00,1627286400,26.6,6.29,4.73,287.4,29.5,5.58,0.648,0.159,2.91,,,Ⅳ
2021-07-26T20:00:00+08:00,1627300800,26.4,6.3,4.87,287.4,36.0,5.58,0.648,0.159,2.91,,,Ⅳ
2021-07-27T04:00:00+08:00,1627329600,26.0,6.2,4.82,269.5,42.8,4.67,0.563,0.241,3.14,,,Ⅳ
2021-07-27T08:00:00+08:00,1627344000,25.8,6.2,4.86,231.1,88.1,4.67,0.563,0.241,3.14,,,Ⅳ
2021-07-27T12:00:00+08:00,1627358400,25.7,6.18,4.18,208.6,153.4,5.22,0.543,0.255,3.71,,,Ⅳ
2021-07-27T16:00:00+08:00,1627372800,25.7,6.08,4.33,188.9,111.7,4.63,0.43,0.207,3.22,,,Ⅳ
2021-07-27T20:00:00+08:00,1627387200,27.2,6.4,6.73,13.4,356.7,4.25,0.389,0.191,3.06,,,Ⅳ
2021-07-28T04:00:00+08:00,1627416000,25.5,6.03,3.73,182.2,63.7,3.76,0.315,0.163,2.82,,,Ⅳ
2021-07-28T08:00:00+08:00,1627430400,25.6,6.0,3.83,176.4,62.1,3.59,0.279,0.156,2.72,,,Ⅳ
2021-07-28T12:00:00+08:00,1627444800,26.0,6.09,5.32,171.4,56.5,3.59,0.279,0.156,2.72,,,Ⅳ
2021-07-28T16:00:00+08:00,1627459200,26.6,6.2,6.77,174.7,56.3,3.69,0.194,0.143,2.58,,,Ⅲ
2021-07-28T20:00:00+08:00,1627473600,26.7,6.18,4.75,176.6,54.0,3.78,0.14,0.13,2.44,,,Ⅳ
2021-07-29T00:00:00+08:00,1627488000,26.8,6.17,4.26,179.1,46.2,3.79,0.119,0.128,2.3,,,Ⅳ
2021-07-29T04:00:00+08:00,1627502400,26.8,6.15,4.08,183.7,38.9,3.67,0.104,0.126,2.22,,,Ⅳ
2021-07-29T08:00:00+08:00,1627516800,27.1,6.15,4.31,184.9,38.3,,0.092,0.128,2.18,,,
2021-07-29T12:00:00+08:00,1627531200,28.2,6.17,3.5,186.0,35.8,4.2,0.065,,,,,
2021-07-29T16:00:00+08:00,1627545600,28.3,6.27,5.09,183.7,37.4,4.16,0.081,0.119,,,,Ⅲ
2021-07-29T20:00:00+08:00,1627560000,27.8,6.26,5.41,179.8,40.9,4.02,0.069,0.112,2.06,,,Ⅲ
2021-07-30T00:00:00+08:00,1627574400,29.1,6.6,7.11,143.7,35.8,3.83,0.065,0.107,2.0,,,Ⅲ
2021-07-30T04:00:00+08:00,1627588800,27.6,6.24,4.49,182.1,33.6,3.66,0.064,0.107,2.03,,,Ⅳ
2021-07-30T08:00:00+08:00,1627603200,28.1,6.21,4.64,181.9,33.2,3.72,0.052,0.108,1.92,,,Ⅳ
2021-07-30T12:00:00+08:00,1627617600,29.3,6.22,4.74,190.3,24.0,3.72,0.052,0.108,1.92,,,Ⅳ
2021-08-06T04:00:00+08:00,1628193600,28.9,6.26,3.91,244.6,15.7,4.87,0.115,0.096,1.6,,,Ⅳ
2021-08-06T08:00:00+08:00,1628208000,29.1,6.2,3.62,256.7,12.1,5.37,0.258,0.119,1.6,,,Ⅳ
2021-09-23T12:00:00+08:00,1632369600,27.0,6.58,5.47,271.3,42.2,7.16,0.057,0.117,2.16,,,Ⅳ
2021-09-23T16:00:00+08:00,1632384000,28.0,6.85,7.04,270.3,52.9,5.07,0.108,0.084,2.25,,,Ⅲ
2021-09-23T20:00:00+08:00,1632398400,26.7,6.76,6.61,269.6,42.7,4.72,0.059,0.078,1.77,,,Ⅲ
2021-09-24T04:00:00+08:00,1632427200,25.5,6.63,6.03,271.9,21.3,4.99,0.028,0.07,1.43,,,Ⅲ
2021-10-28T12:00:00+08:00,1635393600,19.1,6.65,8.23,316.2,16.6,5.35,0.049,0.088,2.37,,,Ⅲ
2021-10-28T16:00:00+08:00,1635408000,19.6,6.67,8.22,315.8,16.9,4.65,0.062,0.069,2.26,,,Ⅲ
2021-10-28T20:00:00+08:00,1635422400,18.2,6.72,8.68,311.6,14.2,4.99,0.071,0.071,2.11,,,Ⅲ
2021-10-29T04:00:00+08:00,1635451200,17.5,6.6,8.34,314.3,16.5,5.4,0.041,0.072,2.64,,,Ⅲ
2021-10-29T08:00:00+08:00,1635465600,17.4,6.55,8.05,316.0,18.3,4.97,0.047,0.072,2.48,,,Ⅲ
2021-10-29T12:00:00+08:00,1635480000,18.8,6.61,7.97,313.0,21.8,5.35,0.048,0.077,2.59,,,Ⅲ
2021-11-05T08:00:00+08:00,1636070400,18.5,6.41,6.09,343.7,15.1,3.88,0.183,0.065,2.13,,,Ⅱ
2021-11-05T12:00:00+08:00,1636084800,19.2,6.41,6.26,341.5,16.3,4.2,0.159,0.066,2.17,,,Ⅲ
2021-11-05T16:00:00+08:00,1636099200,19.4,6.41,5.76,344.6,14.0,4.4,0.123,0.068,2.21,,,Ⅲ
2021-11-05T20:00:00+08:00,1636113600,19.0,6.4,5.75,342.9,14.0,4.0,0.112,0.058,2.11,,,Ⅲ
2021-11-06T04:00:00+08:00,1636142400,19.0,6.39,5.99,346.6,11.7,3.56,0.111,0.052,2.21,,,Ⅲ
2021-11-06T08:00:00+08:00,1636156800,18.9,6.39,6.66,347.9,11.8,3.78,0.145,0.055,2.22,,,Ⅱ
2021-11-06T12:00:00+08:00,1636171200,19.3,6.39,6.2,349.2,12.3,3.96,0.168,0.063,2.22,,,Ⅱ
2021-11-06T16:00:00+08:00,1636185600,19.6,6.46,5.87,363.1,15.8,4.05,0.168,0.063,2.17,,,Ⅲ
2021-11-06T20:00:00+08:00,1636200000,19.2,6.45,5.81,356.2,14.4,4.63,0.74,0.087,2.78,,,Ⅲ
2021-11-07T04:00:00+08:00,1636228800,18.8,6.41,6.03,355.5,13.1,4.48,0.586,0.081,2.73,,,Ⅲ
2021-11-07T12:00:00+08:00,1636257600,18.0,6.4,4.64,343.9,13.5,4.47,0.555,0.079,2.69,,,Ⅳ
2021-11-07T16:00:00+08:00,1636272000,16.8,6.43,4.86,338.2,15.1,4.65,0.355,0.073,2.68,,,Ⅳ
2021-11-07T20:00:00+08:00,1636286400,15.9,6.46,5.54,336.6,15.5,4.42,0.284,0.066,2.61,,,Ⅲ
2021-11-08T04:00:00+08:00,1636315200,14.7,6.44,5.62,339.5,23.2,4.34,0.326,0.066,2.4,,,Ⅲ
2021-11-08T08:00:00+08:00,1636329600,14.1,6.45,5.87,343.5,24.2,4.34,0.413,0.075,2.49,,,Ⅲ
2021-11-08T12:00:00+08:00,1636344000,14.6,6.46,5.95,346.0,21.5,4.13,0.584,0.083,2.54,,,Ⅲ
2021-11-08T16:00:00+08:00,1636358400,14.8,6.47,6.22,341.3,14.1,4.25,0.784,0.088,2.78,,,Ⅲ
2021-11-08T20:00:00+08:00,1636372800,13.6,6.48,6.77,335.3,20.4,4.23,0.62,0.072,2.81,,,Ⅲ
2021-11-09T04:00:00+08:00,1636401600,12.7,6.43,6.57,332.0,23.6,4.42,0.597,0.075,2.86,,,Ⅲ
2021-11-09T08:00:00+08:00,1636416000,12.5,6.44,6.36,338.2,25.0,4.57,0.593,0.081,2.91,,,Ⅲ
2021-11-09T12:00:00+08:00,1636430400,13.7,6.43,7.0,338.9,18.9,4.73,0.628,0.082,2.9,,,Ⅲ
2021-11-09T16:00:00+08:00,1636444800,14.0,6.43,6.92,332.0,17.5,4.58,0.584,0.071,2.75,,,Ⅲ
2021-11-09T20:00:00+08:00,1636459200,13.3,6.44,7.08,327.2,18.3,4.49,0.458,0.065,2.79,,,Ⅲ
2021-11-10T04:00:00+08:00,1636488000,12.5,6.42,6.72,342.7,20.1,4.42,0.451,0.063,2.75,,,Ⅲ
2021-11-10T08:00:00+08:00,1636502400,12.5,6.42,7.24,354.1,20.9,4.03,0.625,0.058,4.47,,,Ⅲ
2021-11-10T12:00:00+08:00,1636516800,13.6,6.46,6.76,363.4,24.7,4.1,0.624,0.062,2.97,,,Ⅲ
2021-11-10T16:00:00+08:00,1636531200,14.2,6.48,7.28,351.0,22.1,4.77,0.596,0.085,2.93,,,Ⅲ
2021-11-10T20:00:00+08:00,1636545600,12.9,6.48,7.21,343.5,22.7,4.68,0.529,0.087,2.9,,,Ⅲ
2021-11-11T04:00:00+08:00,1636574400,12.1,6.47,6.5,353.0,18.5,4.67,0.433,0.082,2.83,,,Ⅲ
2021-11-11T12:00:00+08:00,1636603200,13.7,6.45,7.06,340.4,18.8,4.65,0.351,0.076,2.7,,,Ⅲ
2021-11-11T16:00:00+08:00,1636617600,14.3,6.45,7.0,336.9,19.7,4.41,0.305,0.064,2.67,,,Ⅲ
2021-11-11T20:00:00+08:00,1636632000,12.8,6.5,7.76,339.5,28.0,4.5,0.255,0.066,2.68,,,Ⅲ
2021-11-12T04:00:00+08:00,1636660800,12.6,6.49,7.45,336.6,29.9,4.22,0.269,0.065,3.09,,,Ⅲ
2021-11-26T12:00:00+08:00,1637899200,12.9,6.54,9.32,354.9,16.5,6.26,0.373,0.087,,,,Ⅳ
2021-11-26T16:00:00+08:00,1637913600,13.6,6.56,9.22,366.2,13.1,5.81,0.673,0.087,3.34,,,Ⅲ
2021-11-26T20:00:00+08:00,1637928000,12.2,6.52,7.77,410.9,23.5,7.1,1.87,0.14,4.43,,,Ⅴ
2021-11-27T04:00:00+08:00,1637956800,11.7,6.54,8.45,361.1,27.6,6.45,0.381,0.101,3.23,,,Ⅳ
2021-11-27T08:00:00+08:00,1637971200,11.7,6.56,8.62,361.4,29.6,6.57,0.64,0.112,3.62,,,Ⅳ
2021-11-27T12:00:00+08:00,1637985600,13.6,6.57,9.1,357.1,20.0,6.35,0.274,0.091,3.16,,,Ⅳ
2021-11-27T16:00:00+08:00,1638000000,13.7,6.61,9.31,355.8,18.2,6.62,0.114,0.084,2.89,,,Ⅳ
2021-11-27T20:00:00+08:00,1638014400,12.4,6.66,9.49,355.6,16.0,6.55,0.096,0.084,2.84,,,Ⅳ
2021-11-28T04:00:00+08:00,1638043200,11.8,6.67,9.22,357.3,14.7,6.51,0.155,0.084,2.97,,,Ⅳ
2021-11-28T08:00:00+08:00,1638057600,11.8,6.64,9.27,357.6,15.3,6.68,0.123,0.085,2.89,,,Ⅳ
2021-11-28T12:00:00+08:00,1638072000,13.9,6.6,8.62,366.8,17.0,6.5,0.226,0.082,3.18,,,Ⅳ
2021-11-28T16:00:00+08:00,1638086400,14.7,6.63,9.07,362.8,15.0,6.57,0.203,0.082,3.24,,,Ⅳ
2021-11-28T20:00:00+08:00,1638100800,13.3,6.68,9.33,353.3,15.9,7.02,0.072,0.086,2.8,,,Ⅳ
2021-11-29T04:00:00+08:00,1638129600,12.7,6.69,8.87,354.5,15.0,6.46,0.143,0.079,3.01,,,Ⅳ
2021-11-29T08:00:00+08:00,1638144000,12.8,6.65,8.71,361.0,15.6,6.37,0.136,0.08,2.97,,,Ⅳ
2021-11-29T12:00:00+08:00,1638158400,14.5,6.64,8.28,359.6,16.1,6.65,0.134,0.085,3.08,,,Ⅳ
2021-11-30T08:00:00+08:00,1638230400,12.7,6.66,8.74,374.8,20.7,6.46,0.139,0.079,3.09,,,Ⅳ
2021-11-30T12:00:00+08:00,1638244800,13.3,6.62,8.35,389.6,20.1,6.47,0.321,0.075,3.51,,,Ⅳ
2021-11-30T16:00:00+08:00,1638259200,13.4,6.68,9.01,379.5,19.6,6.72,0.217,0.078,3.24,,,Ⅳ
2021-11-30T20:00:00+08:00,1638273600,12.4,6.74,9.41,377.9,19.2,6.73,0.187,0.079,3.21,,,Ⅳ
2021-12-01T04:00:00+08:00,1638302400,11.1,6.77,9.38,365.9,15.8,6.86,0.154,0.081,2.99,,,Ⅳ
2021-12-01T12:00:00+08:00,1638331200,11.6,6.6,8.76,385.6,10.9,6.54,0.055,0.074,3.11,,,Ⅳ
2021-12-01T16:00:00+08:00,1638345600,12.3,6.74,9.2,368.2,13.9,7.11,0.1,0.098,2.77,,,Ⅳ
2021-12-01T20:00:00+08:00,1638360000,10.7,6.82,9.96,365.6,12.2,7.01,0.093,0.09,2.73,,,Ⅳ
2021-12-02T04:00:00+08:00,1638388800,9.5,6.74,8.55,380.6,10.2,6.7,0.262,0.078,3.08,,,Ⅳ
2021-12-02T12:00:00+08:00,1638417600,11.1,6.62,8.54,382.3,9.3,6.72,0.263,0.077,3.1,,,Ⅳ
2021-12-03T12:00:00+08:00,1638504000,11.4,6.58,9.05,478.1,7.0,7.71,2.071,0.123,4.77,,,劣Ⅴ
2021-12-07T16:00:00+08:00,1638864000,12.5,6.57,7.16,390.1,11.5,5.83,2.145,0.105,4.9,,,劣Ⅴ
2021-12-07T20:00:00+08:00,1638878400,11.2,6.7,8.13,371.7,12.0,6.98,0.914,0.123,3.85,,,Ⅳ
2021-12-08T08:00:00+08:00,1638921600,10.2,6.79,9.04,360.8,15.6,7.97,0.163,0.13,2.85,,,Ⅳ
2021-12-08T12:00:00+08:00,1638936000,11.6,6.74,9.14,356.7,15.3,8.09,0.112,0.125,2.75,,,Ⅳ
2021-12-08T16:00:00+08:00,1638950400,12.0,6.81,9.69,360.7,18.6,7.15,0.152,0.099,2.63,,,Ⅳ
2021-12-08T20:00:00+08:00,1638964800,10.9,6.96,9.99,355.4,20.1,7.98,0.07,0.109,2.41,,,Ⅳ
2021-12-09T04:00:00+08:00,1638993600,10.8,6.87,9.35,361.1,13.9,7.93,0.053,0.106,2.3,,,Ⅳ
2021-12-09T08:00:00+08:00,1639008000,10.9,6.83,9.08,361.5,12.4,7.86,0.065,0.102,2.36,,,Ⅳ
2021-12-09T12:00:00+08:00,1639022400,11.9,6.81,8.53,367.8,16.5,7.93,0.08,0.106,2.44,,,Ⅳ
2021-12-10T08:00:00+08:00,1639094400,10.2,6.75,9.26,378.3,15.5,7.75,0.101,0.101,2.63,,,Ⅳ
2021-12-10T12:00:00+08:00,1639108800,12.0,6.76,8.83,371.8,18.1,8.02,0.091,0.106,2.66,,,Ⅳ
2021-12-14T04:00:00+08:00,1639425600,9.2,6.75,9.3,390.7,12.4,8.65,0.184,0.122,3.17,,,Ⅳ
2021-12-14T12:00:00+08:00,1639454400,11.1,6.74,8.35,389.8,19.2,8.79,0.261,0.128,3.32,,,Ⅳ
2021-12-14T16:00:00+08:00,1639468800,11.8,6.7,7.59,407.9,19.0,7.92,0.331,0.113,3.43,,,Ⅳ
2021-12-14T20:00:00+08:00,1639483200,10.2,6.72,9.25,394.6,13.4,8.87,0.11,0.119,3.18,,,Ⅳ
2021-12-15T04:00:00+08:00,1639512000,10.2,6.72,8.74,401.8,16.8,8.04,0.258,0.109,3.31,,,Ⅳ
2021-12-21T08:00:00+08:00,1640044800,8.1,6.83,10.52,379.6,12.6,8.72,0.078,0.101,2.8,,,Ⅳ
2021-12-21T12:00:00+08:00,1640059200,9.9,6.82,10.15,368.5,24.0,8.98,0.056,0.105,2.83,,,Ⅳ
2021-12-22T04:00:00+08:00,1640116800,8.2,6.87,10.16,392.9,11.1,8.1,0.086,0.097,2.9,,,Ⅳ
2021-12-22T12:00:00+08:00,1640145600,9.9,6.81,9.9,390.6,12.8,8.34,0.07,0.102,2.93,,,Ⅳ
2021-12-22T16:00:00+08:00,1640160000,10.9,6.86,9.87,393.0,16.9,7.83,0.085,0.098,3.03,,,Ⅳ
2021-12-22T20:00:00+08:00,1640174400,8.9,6.88,10.3,388.0,13.7,8.87,0.053,0.113,2.94,,,Ⅳ
2021-12-23T04:00:00+08:00,1640203200,8.0,6.88,10.5,388.9,14.5,8.86,0.048,0.112,2.93,,,Ⅳ
2021-12-23T08:00:00+08:00,1640217600,7.9,6.88,10.31,389.8,14.1,8.93,0.055,0.111,2.95,,,Ⅳ
2021-12-23T12:00:00+08:00,1640232000,10.1,6.78,9.87,386.8,16.2,8.6,0.055,0.107,2.9,,,Ⅳ
2021-12-23T16:00:00+08:00,1640246400,11.2,6.92,10.37,381.1,19.6,8.62,0.052,0.109,2.9,,,Ⅳ
2021-12-23T20:00:00+08:00,1640260800,9.4,6.9,10.43,386.8,19.8,9.14,0.043,0.119,2.92,,,Ⅳ
2021-12-24T04:00:00+08:00,1640289600,9.5,6.92,10.61,374.6,17.6,8.69,0.045,0.113,2.91,,,Ⅳ
2021-12-24T12:00:00+08:00,1640318400,9.9,6.87,10.6,384.8,17.5,9.02,0.057,0.117,2.97,,,Ⅳ
2021-12-27T16:00:00+08:00,1640592000,7.4,6.77,10.7,479.1,12.1,9.26,0.762,0.116,3.67,,,Ⅳ
2021-12-27T20:00:00+08:00,1640606400,5.7,6.92,12.1,405.1,12.6,0.25,0.684,0.123,3.59,,,Ⅲ
2021-12-28T04:00:00+08:00,1640635200,5.1,6.89,12.1,425.1,11.8,9.43,0.445,0.115,3.12,,,Ⅳ
2021-12-28T08:00:00+08:00,1640649600,5.3,6.83,11.33,437.7,13.2,9.58,0.623,0.127,3.3,,,Ⅳ
2021-12-28T16:00:00+08:00,1640678400,6.8,6.8,10.92,423.4,13.9,9.92,0.893,0.143,3.49,,,Ⅳ
2021-12-30T12:00:00+08:00,1640836800,6.8,6.77,8.47,462.8,11.5,6.29,0.823,0.104,3.44,,,Ⅳ
2022-01-11T04:00:00+08:00,1641844800,7.6,7.2,7.22,463.5,16.6,8.83,0.941,0.167,3.65,,,Ⅳ
2022-01-11T08:00:00+08:00,1641859200,7.4,7.14,7.68,391.0,20.3,9.14,0.547,0.176,3.38,,,Ⅳ
2022-01-11T12:00:00+08:00,1641873600,8.1,7.13,7.57,389.1,17.2,9.37,0.424,0.182,3.23,,,Ⅳ
2022-01-12T08:00:00+08:00,1641945600,6.3,7.18,6.61,476.3,12.3,9.44,0.848,0.178,3.87,,,Ⅳ
2022-01-12T12:00:00+08:00,1641960000,7.6,7.19,8.38,415.8,45.3,9.64,1.068,0.166,4.05,,,Ⅳ
2022-01-12T16:00:00+08:00,1641974400,8.5,7.17,6.52,510.7,32.5,10.13,0.618,0.183,3.87,,,Ⅴ
2022-01-14T12:00:00+08:00,1642132800,6.6,7.24,7.88,452.3,58.6,9.39,0.885,0.153,4.25,,,Ⅳ
2022-01-14T16:00:00+08:00,1642147200,6.6,7.24,7.72,465.0,36.0,9.49,0.86,0.157,4.22,,,Ⅳ
2022-01-19T08:00:00+08:00,1642550400,7.6,7.19,7.87,377.6,11.7,7.73,0.348,0.149,3.38,,,Ⅳ
2022-01-19T12:00:00+08:00,1642564800,9.0,7.16,6.44,445.6,6.7,7.46,0.399,0.146,3.42,,,Ⅳ
2022-01-19T16:00:00+08:00,1642579200,9.9,7.16,6.24,488.6,6.1,4.42,1.171,0.093,4.5,,,Ⅲ
2022-01-19T20:00:00+08:00,1642593600,8.8,7.16,6.77,447.3,8.7,6.04,0.728,0.113,3.95,,,Ⅳ
2022-01-20T04:00:00+08:00,1642622400,8.3,7.1,7.07,422.9,10.3,6.88,0.647,0.127,3.64,,,Ⅳ
2022-01-20T08:00:00+08:00,1642636800,8.1,7.08,6.43,424.8,13.6,7.05,0.674,0.13,3.59,,,Ⅳ
2022-01-20T12:00:00+08:00,1642651200,8.5,7.11,6.35,421.9,11.0,7.22,0.675,0.131,3.61,,,Ⅳ
2022-01-20T16:00:00+08:00,1642665600,8.6,7.16,7.5,398.1,17.1,7.59,0.509,0.133,3.37,,,Ⅳ
2022-01-20T20:00:00+08:00,1642680000,8.3,7.16,7.74,399.3,28.7,7.4,0.449,0.124,3.3,,,Ⅳ
2022-01-21T04:00:00+08:00,1642708800,7.8,7.14,6.82,434.8,16.8,6.59,0.75,0.111,3.69,,,Ⅳ
2022-01-21T08:00:00+08:00,1642723200,7.7,7.15,7.37,432.8,16.6,7.12,0.706,0.116,3.63,,,Ⅳ
2022-01-21T12:00:00+08:00,1642737600,8.7,7.14,6.77,443.8,22.4,7.34,0.751,0.119,3.66,,,Ⅳ
2022-02-10T08:00:00+08:00,1644451200,5.6,6.94,8.51,331.6,16.1,6.55,0.427,0.133,3.58,,,Ⅳ
2022-02-10T12:00:00+08:00,1644465600,6.2,7.01,8.91,332.5,12.5,6.53,0.462,0.132,3.58,,,Ⅳ
2022-02-11T08:00:00+08:00,1644537600,5.8,7.0,9.07,322.7,10.0,6.4,0.362,0.145,3.42,,,Ⅳ
2022-02-11T16:00:00+08:00,1644566400,6.1,7.03,10.38,324.2,18.7,6.01,0.149,0.151,3.56,,,Ⅳ
2022-02-11T20:00:00+08:00,1644580800,6.1,7.01,10.39,328.6,30.3,6.33,0.332,0.164,3.43,,,Ⅳ
2022-02-12T04:00:00+08:00,1644609600,6.0,6.99,9.72,323.8,19.9,6.82,0.354,0.168,,,,Ⅳ
2022-02-12T16:00:00+08:00,1644652800,6.6,6.98,9.11,329.3,27.2,6.72,0.496,0.162,3.8,,,Ⅳ
2022-02-12T20:00:00+08:00,1644667200,6.5,7.02,8.43,332.2,15.0,6.35,0.471,0.146,3.57,,,Ⅳ
2022-02-13T04:00:00+08:00,1644696000,6.4,6.99,8.55,323.8,15.1,5.8,0.294,0.135,3.25,,,Ⅲ
2022-02-13T08:00:00+08:00,1644710400,6.4,6.99,8.91,314.9,22.1,6.85,0.348,0.177,3.72,,,Ⅲ
2022-02-13T12:00:00+08:00,1644724800,6.8,6.95,7.96,327.5,14.3,6.07,0.328,0.153,3.42,,,Ⅳ
2022-02-13T16:00:00+08:00,1644739200,7.0,6.96,7.99,332.9,11.7,5.85,0.36,0.145,3.31,,,Ⅲ
2022-02-13T20:00:00+08:00,1644753600,6.6,6.98,8.69,333.3,17.9,5.92,0.376,0.149,3.36,,,Ⅲ
2022-02-14T04:00:00+08:00,1644782400,6.3,7.01,8.49,334.2,13.9,5.64,0.334,0.145,3.3,,,Ⅲ
2022-02-18T04:00:00+08:00,1645128000,6.2,7.0,8.26,333.0,10.4,7.33,0.312,0.146,3.42,,,Ⅳ
2022-02-18T12:00:00+08:00,1645156800,6.5,7.02,8.65,332.3,10.9,7.15,0.314,0.149,3.53,,,Ⅳ
2022-02-18T16:00:00+08:00,1645171200,6.5,7.05,8.95,332.8,10.4,7.18,0.326,0.147,3.5,,,Ⅳ
2022-02-18T20:00:00+08:00,1645185600,6.3,7.06,9.25,335.8,5.1,6.88,0.284,0.14,3.54,,,Ⅳ
2022-02-19T04:00:00+08:00,1645214400,6.1,7.02,8.57,329.9,11.0,6.85,0.293,0.142,3.57,,,Ⅳ
2022-02-19T08:00:00+08:00,1645228800,6.0,7.02,8.9,324.8,9.0,7.8,0.289,0.168,3.69,,,Ⅳ
2022-02-22T12:00:00+08:00,1645502400,7.2,7.1,10.46,351.7,8.8,7.13,0.258,0.157,3.14,,,Ⅳ
2022-02-22T16:00:00+08:00,1645516800,7.3,7.17,9.91,339.7,9.5,7.32,0.206,0.158,3.1,,,Ⅳ
2022-02-22T20:00:00+08:00,1645531200,6.8,7.21,10.43,318.1,10.7,7.93,0.184,0.158,3.06,,,Ⅳ
2022-02-23T04:00:00+08:00,1645560000,6.4,7.19,9.82,321.3,9.1,9.23,0.138,0.161,3.04,,,Ⅳ
2022-02-23T08:00:00+08:00,1645574400,6.4,7.17,9.94,313.8,11.2,9.06,0.132,0.156,2.96,,,Ⅳ
2022-02-23T12:00:00+08:00,1645588800,7.5,7.14,9.55,324.0,8.1,,0.128,0.132,2.99,,,
2022-02-23T16:00:00+08:00,1645603200,8.6,7.14,8.68,344.6,27.1,7.31,0.144,0.135,3.05,,,Ⅳ
2022-03-01T08:00:00+08:00,1646092800,11.9,7.11,7.81,300.4,12.3,8.36,0.052,0.159,2.71,,,Ⅳ
2022-03-01T12:00:00+08:00,1646107200,13.1,7.05,6.53,323.3,11.6,7.96,0.081,0.147,2.7,,,Ⅳ
2022-03-01T16:00:00+08:00,1646121600,13.1,7.23,10.77,300.6,27.6,7.96,0.081,0.147,2.7,,,Ⅳ
2022-03-02T08:00:00+08:00,1646179200,11.7,7.12,6.8,308.7,19.6,8.26,0.062,0.166,2.76,,,Ⅳ
2022-03-02T12:00:00+08:00,1646193600,15.3,6.98,7.17,317.4,19.0,7.76,0.066,0.17,2.86,,,Ⅳ
2022-03-07T08:00:00+08:00,1646611200,11.8,7.07,5.52,333.1,17.7,9.76,0.055,0.222,2.65,,,Ⅳ
2022-03-07T12:00:00+08:00,1646625600,13.3,7.1,6.43,326.7,20.5,10.36,0.042,0.244,2.69,,,Ⅴ
2022-03-08T04:00:00+08:00,1646683200,12.1,7.08,5.73,339.2,14.5,8.91,0.044,0.174,2.47,,,Ⅳ
2022-03-08T08:00:00+08:00,1646697600,12.0,7.05,6.13,328.9,14.8,8.85,0.039,0.175,2.45,,,Ⅳ
2022-03-08T12:00:00+08:00,1646712000,14.0,7.05,6.92,352.6,18.4,10.22,0.08,0.197,2.47,,,Ⅴ
2022-03-08T16:00:00+08:00,1646726400,15.3,7.17,6.48,353.4,23.2,10.22,0.042,,,,,
2022-03-08T20:00:00+08:00,1646740800,14.1,7.2,6.31,356.7,16.2,8.34,0.058,0.068,2.33,,,Ⅳ
2022-03-09T00:00:00+08:00,1646755200,13.2,7.04,5.57,390.9,23.6,9.92,0.143,0.093,2.31,,,Ⅳ
2022-03-09T04:00:00+08:00,1646769600,12.8,7.07,5.84,381.4,15.1,9.63,0.077,0.088,2.46,,,Ⅳ
2022-03-09T08:00:00+08:00,1646784000,12.9,7.11,8.12,428.8,21.9,11.12,0.572,,2.77,,,
2022-03-09T12:00:00+08:00,1646798400,15.2,7.07,5.44,402.7,24.3,10.89,0.269,0.212,2.62,,,Ⅴ
2022-03-10T04:00:00+08:00,1646856000,13.6,7.13,4.61,413.8,17.0,12.62,0.399,0.252,2.67,,,Ⅴ
2022-03-10T08:00:00+08:00,1646870400,13.8,7.07,5.05,366.4,18.0,10.42,0.105,0.185,2.37,,,Ⅴ
2022-03-10T12:00:00+08:00,1646884800,15.3,7.1,4.52,373.7,23.1,10.04,0.054,0.175,2.32,,,Ⅴ
2022-03-11T04:00:00+08:00,1646942400,14.6,6.99,4.68,352.4,17.6,9.79,0.066,0.176,2.51,,,Ⅳ
2022-03-11T08:00:00+08:00,1646956800,14.8,6.97,4.98,350.0,18.4,9.96,0.078,0.194,2.49,,,Ⅳ
2022-03-11T12:00:00+08:00,1646971200,17.0,7.04,4.34,362.8,22.1,9.9,0.066,0.181,2.41,,,Ⅳ
2022-03-11T20:00:00+08:00,1647000000,16.4,6.91,4.89,360.1,17.2,9.63,0.05,0.164,2.38,,,Ⅳ
2022-03-12T16:00:00+08:00,1647072000,19.8,6.9,5.21,344.2,19.2,9.15,0.06,0.155,2.52,,,Ⅳ
2022-03-12T20:00:00+08:00,1647086400,17.7,6.94,8.05,385.7,16.3,8.83,0.11,0.172,2.63,,,Ⅳ
2022-03-13T04:00:00+08:00,1647115200,17.5,6.94,7.72,417.8,16.4,8.92,0.448,0.193,2.68,,,Ⅳ
2022-03-13T08:00:00+08:00,1647129600,17.5,6.93,5.42,422.8,17.1,9.41,0.598,0.222,2.88,,,Ⅳ
2022-03-13T12:00:00+08:00,1647144000,19.8,6.91,5.04,409.6,17.6,9.43,0.458,0.198,2.86,,,Ⅳ
2022-03-13T16:00:00+08:00,1647158400,20.3,6.86,5.04,395.4,17.0,9.25,0.239,0.177,2.92,,,Ⅳ
2022-03-13T20:00:00+08:00,1647172800,18.6,6.9,5.43,412.4,15.5,8.3,0.308,0.165,2.97,,,Ⅳ
2022-03-14T04:00:00+08:00,1647201600,17.8,6.92,5.55,434.7,14.7,8.81,1.061,0.196,3.2,,,Ⅳ
2022-03-14T12:00:00+08:00,1647230400,19.8,6.85,5.57,391.4,17.5,9.61,0.592,0.188,3.17,,,Ⅳ
2022-03-14T16:00:00+08:00,1647244800,19.3,6.83,5.61,396.6,13.8,9.71,0.13,0.185,3.17,,,Ⅳ
2022-03-15T08:00:00+08:00,1647302400,16.5,6.88,5.64,404.7,12.8,8.75,0.915,0.175,3.11,,,Ⅳ
2022-03-15T16:00:00+08:00,1647331200,20.8,6.83,5.15,416.6,13.1,8.32,0.521,0.158,3.42,,,Ⅳ
2022-03-15T20:00:00+08:00,1647345600,18.4,6.84,5.72,402.9,14.0,8.39,0.324,0.152,3.04,,,Ⅳ
2022-03-16T00:00:00+08:00,1647360000,17.7,6.87,5.65,401.0,12.3,8.48,0.332,0.152,2.91,,,Ⅳ
2022-03-16T08:00:00+08:00,1647388800,17.5,6.86,4.35,416.9,16.9,8.87,0.71,0.171,3.11,,,Ⅳ
2022-03-16T12:00:00+08:00,1647403200,19.9,6.87,4.87,426.2,15.8,9.33,0.744,0.168,3.38,,,Ⅳ
2022-03-16T16:00:00+08:00,1647417600,20.2,6.88,3.98,431.1,19.3,8.17,0.573,0.147,3.3,,,Ⅳ
2022-03-16T20:00:00+08:00,1647432000,18.7,6.89,4.42,410.4,18.0,8.28,0.415,0.148,3.14,,,Ⅳ
2022-03-17T00:00:00+08:00,1647446400,18.4,6.86,5.86,399.1,15.2,8.1,0.31,0.139,2.81,,,Ⅳ
2022-03-17T04:00:00+08:00,1647460800,17.6,6.87,4.65,394.9,13.1,7.72,0.31,0.131,2.68,,,Ⅳ
2022-03-17T08:00:00+08:00,1647475200,16.8,6.89,4.84,407.7,13.6,7.66,0.585,0.141,3.0,,,Ⅳ
2022-03-17T12:00:00+08:00,1647489600,16.1,6.9,5.03,368.0,18.2,9.05,0.444,0.18,3.11,,,Ⅳ
2022-03-17T16:00:00+08:00,1647504000,15.1,6.86,4.17,341.5,26.3,8.58,0.842,0.21,3.52,,,Ⅳ
2022-03-18T08:00:00+08:00,1647561600,13.1,6.66,5.3,330.0,26.9,7.41,0.681,0.245,4.23,,,Ⅳ
2022-03-18T12:00:00+08:00,1647576000,13.6,6.69,5.44,335.8,20.7,6.4,0.698,0.199,4.11,,,Ⅳ
2022-03-18T16:00:00+08:00,1647590400,14.1,6.75,7.98,305.3,43.3,6.75,0.525,0.213,3.93,,,Ⅳ
2022-03-23T12:00:00+08:00,1648008000,15.7,7.17,8.85,0.3,9.0,3.35,0.03,0.162,3.16,,,Ⅲ
2022-03-24T16:00:00+08:00,1648108800,13.2,6.94,8.95,219.5,18.8,5.61,0.136,0.153,2.61,,,Ⅲ
2022-03-24T20:00:00+08:00,1648123200,13.1,6.82,6.82,225.9,26.6,5.69,0.092,0.142,2.38,,,Ⅲ
2022-03-25T04:00:00+08:00,1648152000,13.6,6.86,6.98,214.3,29.0,5.23,0.114,0.141,2.34,,,Ⅲ
2022-03-25T08:00:00+08:00,1648166400,13.4,6.81,5.62,219.8,41.1,5.48,0.103,0.142,2.37,,,Ⅲ
2022-03-25T12:00:00+08:00,1648180800,14.6,6.74,8.57,226.4,29.4,5.28,0.132,0.142,2.31,,,Ⅲ
2022-03-25T16:00:00+08:00,1648195200,15.0,6.6,8.03,246.1,17.3,3.92,0.091,0.126,2.62,,,Ⅲ
2022-03-25T20:00:00+08:00,1648209600,14.0,6.64,6.85,216.6,14.5,3.49,0.073,0.127,2.45,,,Ⅲ
2022-03-26T04:00:00+08:00,1648238400,12.8,6.56,5.63,207.0,17.4,3.82,0.097,0.151,2.18,,,Ⅲ
2022-03-26T08:00:00+08:00,1648252800,13.2,6.62,4.04,206.9,23.9,3.92,0.105,0.149,2.24,,,Ⅳ
2022-03-26T12:00:00+08:00,1648267200,14.5,6.61,4.44,205.7,51.0,4.24,0.134,0.148,2.5,,,Ⅳ
2022-03-26T16:00:00+08:00,1648281600,14.5,6.59,3.43,201.8,71.4,4.88,0.134,0.152,2.36,,,Ⅳ
2022-03-26T20:00:00+08:00,1648296000,14.2,6.64,3.82,202.7,49.2,5.22,0.15,0.155,2.21,,,Ⅳ
2022-03-27T04:00:00+08:00,1648324800,14.2,6.69,4.32,214.0,37.9,5.26,0.131,0.155,2.32,,,Ⅳ
2022-03-27T08:00:00+08:00,1648339200,14.0,6.68,8.78,223.6,31.6,5.3,0.124,0.148,2.32,,,Ⅲ
2022-03-27T12:00:00+08:00,1648353600,14.9,6.74,6.16,209.4,28.7,4.65,0.069,0.121,2.15,,,Ⅲ
2022-03-27T16:00:00+08:00,1648368000,15.3,6.75,4.12,222.9,68.0,5.64,0.115,0.142,2.5,,,Ⅳ
2022-03-27T20:00:00+08:00,1648382400,14.9,6.69,4.73,213.9,46.8,5.92,0.176,0.137,2.16,,,Ⅳ
2022-03-28T04:00:00+08:00,1648411200,14.3,6.67,4.22,214.6,30.4,5.63,0.114,0.137,2.25,,,Ⅳ
2022-03-28T08:00:00+08:00,1648425600,14.1,6.7,4.32,216.0,27.0,5.23,0.093,0.137,2.31,,,Ⅳ
2022-03-28T12:00:00+08:00,1648440000,14.7,6.75,4.63,216.4,23.1,5.23,0.084,0.134,2.36,,,Ⅳ
2022-03-28T16:00:00+08:00,1648454400,15.1,6.83,6.7,209.5,22.2,5.23,0.073,0.13,2.4,,,Ⅲ
2022-03-28T20:00:00+08:00,1648468800,14.3,6.72,3.42,215.7,19.9,5.19,0.062,0.122,2.32,,,Ⅳ
2022-03-29T04:00:00+08:00,1648497600,14.4,6.81,5.22,214.4,42.0,5.65,0.121,0.135,2.2,,,Ⅲ
2022-03-29T12:00:00+08:00,1648526400,16.7,6.68,6.09,224.1,30.6,6.96,0.124,0.192,2.61,,,Ⅳ
2022-03-29T16:00:00+08:00,1648540800,18.4,6.67,7.93,212.5,31.4,6.5,0.078,0.151,2.51,,,Ⅳ
2022-03-29T20:00:00+08:00,1648555200,15.7,6.71,8.41,217.4,29.9,6.18,0.081,0.123,2.32,,,Ⅳ
2022-03-30T04:00:00+08:00,1648584000,14.8,6.76,8.48,213.4,96.9,6.82,0.302,0.108,1.39,,,Ⅳ
2022-03-30T12:00:00+08:00,1648612800,18.4,6.74,6.8,216.9,42.1,6.17,0.109,0.126,2.24,,,Ⅳ
2022-03-30T16:00:00+08:00,1648627200,19.0,6.7,7.4,228.3,34.8,6.17,0.109,0.126,2.24,,,Ⅳ
2022-03-30T20:00:00+08:00,1648641600,17.4,6.77,8.09,212.1,36.4,6.24,0.09,0.124,2.1,,,Ⅳ
2022-03-31T04:00:00+08:00,1648670400,16.0,6.76,7.29,226.6,47.4,6.08,0.146,0.129,2.19,,,Ⅳ
2022-03-31T08:00:00+08:00,1648684800,15.8,6.76,7.43,259.4,34.0,6.18,0.197,0.156,2.3,,,Ⅳ
2022-03-31T12:00:00+08:00,1648699200,19.5,7.57,8.74,0.4,2.5,,,,,,,
2022-03-31T19:16:00+08:00,1648725360,,,,,,,,,,,,
2022-03-31T23:17:00+08:00,1648739820,,,,,,,,,,,,
2023-07-05T21:49:00+08:00,1688564940,,,,,,,,,,,,
2023-07-06T01:50:00+08:00,1688579400,,,,,,,,,,,,
2023-07-06T05:50:00+08:00,1688593800,,,,,,,,,,,,
2023-07-22T20:00:00+08:00,1690027200,29.9,7.49,5.47,290.1,36.2,9.02,0.64,0.174,2.77,,,Ⅳ
2023-07-23T04:00:00+08:00,1690056000,29.2,7.39,4.33,284.2,30.8,8.3,0.573,0.154,2.74,,,Ⅳ
2023-07-23T08:00:00+08:00,1690070400,29.1,7.39,4.42,284.9,28.8,8.37,0.609,0.164,2.86,,,Ⅳ
2023-07-23T12:00:00+08:00,1690084800,30.3,7.51,6.67,280.6,26.8,8.79,0.638,0.162,2.96,,,Ⅳ
2023-07-23T16:00:00+08:00,1690099200,31.2,7.71,9.06,277.2,22.0,8.66,0.59,0.147,2.81,,,Ⅳ
2023-07-23T20:00:00+08:00,1690113600,30.7,7.57,7.82,276.3,28.0,8.06,0.571,0.14,2.75,,,Ⅳ
2023-07-24T04:00:00+08:00,1690142400,29.8,7.47,5.18,278.9,34.4,7.83,0.584,0.143,2.65,,,Ⅳ
2023-07-24T08:00:00+08:00,1690156800,29.8,7.41,4.58,281.5,28.0,8.28,0.486,0.153,2.68,,,Ⅳ
2023-07-24T12:00:00+08:00,1690171200,31.4,7.46,6.01,283.2,32.1,8.62,0.498,0.147,2.66,,,Ⅳ
2023-07-24T16:00:00+08:00,1690185600,32.4,7.8,8.91,286.1,25.5,9.18,0.387,0.137,2.56,,,Ⅳ
2023-07-24T20:00:00+08:00,1690200000,31.6,7.61,7.58,293.3,24.9,8.73,0.31,0.136,2.47,,,Ⅳ
2023-07-25T04:00:00+08:00,1690228800,30.4,7.5,4.89,301.0,22.6,9.02,0.325,0.161,2.53,,,Ⅳ
2023-07-25T08:00:00+08:00,1690243200,30.4,7.39,3.74,304.1,22.5,9.19,0.313,0.182,2.61,,,Ⅳ
2023-07-25T12:00:00+08:00,1690257600,31.6,7.66,8.15,301.7,24.2,10.4,0.161,0.195,2.63,,,Ⅴ
2023-07-25T16:00:00+08:00,1690272000,31.7,7.68,7.4,297.0,22.8,10.1,0.178,0.18,2.58,,,Ⅴ
2023-07-25T20:00:00+08:00,1690286400,30.6,7.49,5.45,300.8,30.7,9.39,0.355,0.194,2.49,,,Ⅳ
2023-07-26T04:00:00+08:00,1690315200,29.8,7.4,4.12,304.0,33.9,8.81,0.585,0.23,2.65,,,Ⅳ
2023-07-26T12:00:00+08:00,1690344000,30.8,7.55,6.63,301.0,26.3,9.83,0.273,0.192,2.56,,,Ⅳ
2023-07-26T16:00:00+08:00,1690358400,32.7,8.49,10.47,301.9,31.1,10.48,0.102,0.155,2.27,,,Ⅴ
2023-07-26T20:00:00+08:00,1690372800,31.5,8.19,8.63,310.3,29.6,8.38,0.141,0.121,1.99,,,Ⅳ
2023-07-27T04:00:00+08:00,1690401600,30.0,7.61,5.78,314.6,33.4,8.15,0.263,0.125,2.08,,,Ⅳ
2023-07-27T08:00:00+08:00,1690416000,30.2,7.55,5.06,314.3,35.3,8.43,0.231,0.14,2.15,,,Ⅳ
2023-07-27T12:00:00+08:00,1690430400,31.8,7.93,8.01,308.2,30.1,9.65,0.2,0.143,2.39,,,Ⅳ
2023-07-27T16:00:00+08:00,1690444800,32.9,8.64,10.85,305.5,30.4,10.43,0.104,0.131,2.29,,,Ⅴ
2023-07-27T20:00:00+08:00,1690459200,31.9,8.73,11.01,303.5,24.9,8.88,0.132,0.112,1.99,,,Ⅳ
2023-07-28T04:00:00+08:00,1690488000,30.2,7.68,5.86,316.5,35.7,8.42,0.241,0.122,1.98,,,Ⅳ
2023-07-28T08:00:00+08:00,1690502400,30.0,7.56,5.22,316.1,32.5,9.01,0.197,0.15,2.16,,,Ⅳ
2023-07-28T12:00:00+08:00,1690516800,30.5,7.56,5.32,312.4,31.0,9.02,0.258,0.14,2.2,,,Ⅳ
2023-07-28T16:00:00+08:00,1690531200,30.5,7.6,5.87,314.9,24.8,9.12,0.207,0.135,2.14,,,Ⅳ
2023-07-28T20:00:00+08:00,1690545600,30.0,7.65,5.6,317.4,28.4,8.24,0.236,0.116,2.02,,,Ⅳ
2023-07-29T04:00:00+08:00,1690574400,29.6,7.47,3.53,325.0,26.6,8.35,0.34,0.134,2.09,,,Ⅳ
2023-07-29T08:00:00+08:00,1690588800,29.6,7.45,3.69,326.9,25.2,8.89,0.311,0.149,2.17,,,Ⅳ
2023-07-29T12:00:00+08:00,1690603200,29.6,7.55,4.69,326.3,25.0,9.75,0.268,0.166,2.3,,,Ⅳ
2023-07-29T16:00:00+08:00,1690617600,29.8,7.76,6.12,326.4,28.4,10.57,0.286,0.184,2.4,,,Ⅴ
2023-07-29T20:00:00+08:00,1690632000,29.4,7.62,5.09,329.0,29.3,9.31,0.447,0.163,2.28,,,Ⅳ
2023-07-30T04:00:00+08:00,1690660800,28.7,7.41,3.54,329.1,26.2,9.69,0.689,0.206,2.66,,,Ⅳ
2023-07-30T08:00:00+08:00,1690675200,28.4,7.41,3.61,331.2,27.2,10.06,0.72,0.228,2.84,,,Ⅴ
2023-07-30T12:00:00+08:00,1690689600,29.2,8.17,8.75,344.4,31.1,12.18,0.744,0.19,3.12,,,Ⅴ
2023-07-30T16:00:00+08:00,1690704000,29.0,7.56,5.41,330.3,23.9,,0.59,0.237,2.84,,,
2023-07-30T20:00:00+08:00,1690718400,28.8,7.58,5.61,330.3,21.1,9.52,0.548,0.208,2.68,,,Ⅳ
2023-07-31T04:00:00+08:00,1690747200,27.9,7.45,4.45,337.2,25.8,8.81,0.618,0.208,2.52,,,Ⅳ
2023-07-31T08:00:00+08:00,1690761600,28.0,7.38,3.98,335.3,22.7,9.31,0.532,0.236,2.53,,,Ⅳ
2023-07-31T12:00:00+08:00,1690776000,29.6,7.47,5.22,314.3,33.8,8.76,0.893,0.174,2.75,,,Ⅳ
2023-07-31T16:00:00+08:00,1690790400,30.2,7.44,5.57,305.9,68.7,8.7,0.907,0.173,2.71,,,Ⅳ
2023-07-31T20:00:00+08:00,1690804800,29.6,7.43,5.38,318.9,22.0,8.74,0.614,0.24,2.53,,,Ⅳ
2023-08-01T04:00:00+08:00,1690833600,29.0,7.38,4.21,324.6,28.3,8.89,0.532,0.239,2.34,,,Ⅳ
2023-08-01T08:00:00+08:00,1690848000,29.1,7.35,4.28,322.6,20.6,8.68,0.573,0.243,2.45,,,Ⅳ
2023-08-01T12:00:00+08:00,1690862400,30.7,7.46,5.58,316.6,26.7,8.83,0.665,0.17,2.54,,,Ⅳ
2023-08-01T16:00:00+08:00,1690876800,31.0,7.55,6.81,319.7,21.3,9.29,0.733,0.251,2.85,,,Ⅳ
2023-08-01T20:00:00+08:00,1690891200,30.2,7.5,6.01,323.3,21.2,8.26,0.648,0.202,2.56,,,Ⅳ
2023-08-02T04:00:00+08:00,1690920000,29.4,7.45,4.69,320.7,33.3,7.84,0.695,0.124,2.18,,,Ⅳ
2023-08-02T08:00:00+08:00,1690934400,29.5,7.44,4.93,320.4,26.3,8.09,0.6,0.127,2.29,,,Ⅳ
2023-08-02T12:00:00+08:00,1690948800,31.1,7.55,6.3,323.9,20.1,9.7,0.72,0.286,2.89,,,Ⅳ
2023-08-02T16:00:00+08:00,1690963200,32.4,7.85,8.71,327.5,19.3,9.52,0.459,0.16,2.51,,,Ⅳ
2023-08-02T20:00:00+08:00,1690977600,31.8,7.86,8.51,338.8,16.0,7.99,0.573,0.114,2.37,,,Ⅳ
2023-08-03T04:00:00+08:00,1691006400,30.2,7.54,5.66,337.9,29.7,8.23,0.584,0.162,2.38,,,Ⅳ
2023-08-03T08:00:00+08:00,1691020800,30.2,7.51,5.25,339.6,29.0,8.62,0.497,0.173,2.43,,,Ⅳ
2023-08-03T12:00:00+08:00,1691035200,31.9,7.76,7.58,341.5,24.8,9.83,0.314,0.173,2.5,,,Ⅳ
2023-08-03T16:00:00+08:00,1691049600,32.6,7.88,8.01,334.2,25.1,9.71,0.265,0.155,2.42,,,Ⅳ
2023-08-03T20:00:00+08:00,1691064000,32.3,8.05,8.9,348.4,16.6,8.41,0.419,0.104,2.27,,,Ⅳ
2023-08-04T04:00:00+08:00,1691092800,30.7,7.57,5.38,341.1,29.0,8.36,0.48,0.142,2.25,,,Ⅳ
2023-08-04T08:00:00+08:00,1691107200,30.8,7.53,5.11,346.5,31.2,8.39,0.457,0.138,2.24,,,Ⅳ
2023-08-04T12:00:00+08:00,1691121600,32.5,7.77,7.67,346.5,26.7,9.02,,0.146,2.49,,,
2023-08-04T16:00:00+08:00,1691136000,33.6,7.79,7.74,332.4,29.3,9.81,0.859,0.186,3.59,,,Ⅳ
2023-08-04T20:00:00+08:00,1691150400,33.2,8.09,8.59,341.0,23.2,8.85,0.526,0.148,2.56,,,Ⅳ
2023-08-05T04:00:00+08:00,1691179200,31.8,7.54,5.32,337.3,39.5,8.91,0.392,0.177,2.22,,,Ⅳ
2023-08-05T08:00:00+08:00,1691193600,31.8,7.56,5.13,346.5,35.8,8.57,0.338,,2.22,,,
2023-08-05T12:00:00+08:00,1691208000,33.3,7.82,7.87,347.7,31.8,9.23,0.269,0.15,2.22,,,Ⅳ
2023-08-05T16:00:00+08:00,1691222400,34.5,8.74,10.92,344.3,24.3,10.03,0.137,0.131,2.1,,,Ⅴ
2023-08-05T20:00:00+08:00,1691236800,33.4,8.3,8.78,331.2,31.6,9.35,0.117,0.138,2.07,,,Ⅳ
2023-08-06T04:00:00+08:00,1691265600,31.6,7.76,6.34,342.8,38.4,8.88,0.221,0.139,2.0,,,Ⅳ
2023-08-06T08:00:00+08:00,1691280000,31.6,7.64,5.3,342.8,41.0,8.68,0.197,0.141,1.98,,,Ⅳ
2023-08-06T12:00:00+08:00,1691294400,33.7,8.18,9.5,336.6,32.2,10.1,0.049,0.154,2.09,,,Ⅴ
2023-08-06T16:00:00+08:00,1691308800,33.6,8.03,7.5,335.9,35.9,9.09,0.092,0.117,1.92,,,Ⅳ
2023-08-06T20:00:00+08:00,1691323200,32.3,8.02,7.87,350.6,38.5,8.3,0.15,0.11,1.88,,,Ⅳ
2023-08-07T04:00:00+08:00,1691352000,31.2,7.72,5.31,352.5,42.3,7.88,0.275,0.116,1.86,,,Ⅳ
2023-08-07T08:00:00+08:00,1691366400,31.2,7.62,4.67,350.8,39.1,8.29,0.275,0.132,1.98,,,Ⅳ
2023-08-07T12:00:00+08:00,1691380800,32.9,7.88,7.34,346.3,30.8,9.19,0.128,0.136,2.03,,,Ⅳ
2023-08-07T16:00:00+08:00,1691395200,34.0,8.14,8.49,344.1,31.3,8.96,0.096,0.11,1.97,,,Ⅳ
2023-08-07T20:00:00+08:00,1691409600,32.6,7.81,6.13,341.7,46.4,8.38,0.193,0.121,1.93,,,Ⅳ
2023-08-08T04:00:00+08:00,1691438400,31.2,7.66,4.72,347.4,52.3,8.34,0.274,0.136,1.88,,,Ⅳ
2023-08-08T08:00:00+08:00,1691452800,31.1,7.59,4.13,345.5,49.0,8.77,0.268,0.15,2.05,,,Ⅳ
2023-08-08T12:00:00+08:00,1691467200,32.5,7.65,5.08,349.0,53.7,8.85,0.225,0.141,2.13,,,Ⅳ
2023-08-08T16:00:00+08:00,1691481600,33.8,7.75,6.21,347.1,48.7,8.71,0.186,0.127,2.0,,,Ⅳ
2023-08-08T20:00:00+08:00,1691496000,32.7,7.67,4.55,342.9,68.5,8.05,0.271,0.127,1.98,,,Ⅳ
2023-08-09T04:00:00+08:00,1691524800,31.3,7.62,3.72,347.5,62.4,7.85,0.306,0.129,2.01,,,Ⅳ
2023-08-09T08:00:00+08:00,1691539200,31.2,7.54,3.3,347.8,71.7,8.11,0.33,0.139,2.05,,,Ⅳ
2023-08-09T12:00:00+08:00,1691553600,32.6,7.61,4.89,352.2,58.1,8.35,0.272,0.13,2.1,,,Ⅳ
2023-08-09T20:00:00+08:00,1691582400,32.3,7.83,6.45,352.0,60.2,7.88,0.246,0.102,1.88,,,Ⅳ
2023-08-10T04:00:00+08:00,1691611200,31.0,7.61,3.8,347.6,74.0,7.52,0.253,0.112,1.87,,,Ⅳ
2023-08-10T08:00:00+08:00,1691625600,31.0,7.61,3.84,348.8,66.1,8.03,0.185,0.118,1.94,,,Ⅳ
2023-08-10T12:00:00+08:00,1691640000,32.8,7.67,5.36,356.0,66.4,8.33,0.261,0.126,1.98,,,Ⅳ
2023-08-10T16:00:00+08:00,1691654400,34.2,7.76,5.71,346.5,63.2,8.34,0.167,0.11,1.96,,,Ⅳ
2023-08-10T20:00:00+08:00,1691668800,33.0,7.78,5.88,349.1,72.6,7.74,0.264,0.105,1.69,,,Ⅳ
2023-08-11T00:00:00+08:00,1691683200,32.1,7.66,4.98,352.0,81.7,7.77,0.277,0.115,1.78,,,Ⅳ
2023-08-11T04:00:00+08:00,1691697600,31.6,7.6,4.03,351.8,84.7,7.76,0.289,0.121,1.77,,,Ⅳ
2023-08-11T08:00:00+08:00,1691712000,31.1,7.6,4.37,348.6,77.6,7.75,0.239,0.12,1.95,,,Ⅳ
2023-08-11T12:00:00+08:00,1691726400,32.6,7.67,4.78,347.5,71.1,7.37,0.209,0.105,2.08,,,Ⅳ
2023-08-11T16:00:00+08:00,1691740800,34.1,7.6,3.5,343.9,183.0,8.42,0.707,0.112,1.21,,,Ⅳ
2023-08-11T20:00:00+08:00,1691755200,32.8,7.77,5.52,354.6,89.8,7.92,0.382,0.104,1.7,,,Ⅳ
2023-08-12T00:00:00+08:00,1691769600,31.8,7.62,3.26,355.1,116.1,7.89,0.665,0.11,1.58,,,Ⅳ
2023-08-12T04:00:00+08:00,1691784000,31.2,7.62,3.55,358.1,96.7,7.73,0.462,0.114,1.64,,,Ⅳ
2023-08-12T08:00:00+08:00,1691798400,30.9,7.6,3.59,358.3,76.1,7.96,0.334,0.122,1.79,,,Ⅳ
2023-08-12T12:00:00+08:00,1691812800,33.1,7.58,3.48,351.9,181.3,9.02,0.784,0.124,1.41,,,Ⅳ
2023-08-12T16:00:00+08:00,1691827200,34.6,7.55,3.44,350.9,183.5,8.81,0.924,0.127,1.37,,,Ⅳ
2023-08-12T20:00:00+08:00,1691841600,33.5,7.66,4.54,356.5,134.7,8.2,0.705,0.102,1.44,,,Ⅳ
2023-08-13T00:00:00+08:00,1691856000,32.5,7.62,3.64,360.8,114.2,7.97,0.663,0.102,1.68,,,Ⅳ
2023-08-13T04:00:00+08:00,1691870400,31.8,7.6,3.4,361.0,105.4,7.82,0.603,0.107,1.78,,,Ⅳ
2023-08-13T08:00:00+08:00,1691884800,31.6,7.57,3.14,358.9,137.9,8.15,0.504,0.121,1.77,,,Ⅳ
2023-08-13T12:00:00+08:00,1691899200,33.7,7.66,3.54,351.4,90.0,7.75,0.335,0.115,1.97,,,Ⅳ
2023-08-13T16:00:00+08:00,1691913600,33.4,7.55,3.12,354.7,178.1,8.67,0.907,0.117,1.38,,,Ⅳ
2023-08-13T20:00:00+08:00,1691928000,32.0,7.6,2.67,357.3,164.0,8.19,0.945,0.113,1.35,,,Ⅴ
2023-08-14T04:00:00+08:00,1691956800,31.6,7.66,2.6,354.5,80.7,6.98,0.366,0.094,1.95,,,Ⅴ
2023-08-14T08:00:00+08:00,1691971200,31.2,7.62,3.04,355.5,97.1,7.65,0.535,0.11,1.92,,,Ⅳ
2023-08-14T16:40:00+08:00,1692002400,,,,,,,,,,,,
2023-08-14T20:40:00+08:00,1692016800,,,,,,,,,,,,
2023-08-15T00:41:00+08:00,1692031260,,,,,,,,,,,,
2023-08-16T12:00:00+08:00,1692158400,32.9,7.33,3.74,357.4,144.4,7.48,0.517,0.126,2.03,,,Ⅳ
2023-08-16T16:00:00+08:00,1692172800,34.9,7.7,3.55,352.0,121.5,7.32,0.312,0.116,2.15,,,Ⅳ
2023-08-16T20:00:00+08:00,1692187200,32.3,7.76,3.48,352.1,92.3,6.89,0.262,0.1,2.1,,,Ⅳ
2023-08-17T00:00:00+08:00,1692201600,31.6,7.7,3.28,353.5,84.4,6.72,0.28,0.098,2.16,,,Ⅳ
2023-08-17T04:00:00+08:00,1692216000,31.2,7.72,3.36,353.5,77.6,6.58,0.19,0.096,2.16,,,Ⅳ
2023-08-17T08:00:00+08:00,1692230400,31.4,7.64,2.98,353.5,137.7,7.29,0.444,0.116,1.87,,,Ⅴ
2023-08-17T12:00:00+08:00,1692244800,34.6,7.79,4.13,352.5,90.4,6.92,0.192,0.102,2.0,,,Ⅳ
2023-08-17T16:00:00+08:00,1692259200,32.8,7.73,3.61,350.6,120.2,7.06,0.302,0.107,2.0,,,Ⅳ
2023-08-17T20:00:00+08:00,1692273600,31.3,7.7,3.45,351.7,120.8,6.9,0.322,0.1,1.93,,,Ⅳ
2023-08-18T00:00:00+08:00,1692288000,30.8,7.76,3.47,352.0,88.9,6.5,0.2,0.095,1.96,,,Ⅳ
2023-08-18T04:00:00+08:00,1692302400,30.6,7.74,3.29,352.0,83.3,6.3,0.17,0.086,2.03,,,Ⅳ
2023-08-18T08:00:00+08:00,1692316800,30.7,7.71,3.63,352.1,109.1,6.75,0.2,0.103,2.03,,,Ⅳ
2023-08-18T12:00:00+08:00,1692331200,32.5,7.59,2.84,348.9,157.0,6.95,0.413,0.101,1.8,,,Ⅴ
2023-08-18T16:00:00+08:00,1692345600,34.4,7.85,5.31,348.8,102.5,6.6,0.234,0.098,2.02,,,Ⅳ
2023-08-18T20:00:00+08:00,1692360000,27.6,8.53,7.32,0.2,9.6,6.97,0.509,0.1,1.88,,,Ⅳ
2023-08-19T00:00:00+08:00,1692374400,23.7,8.6,7.76,0.2,9.8,6.65,0.701,0.086,1.94,,,Ⅳ
2023-08-19T04:00:00+08:00,1692388800,23.0,8.62,7.88,0.03,9.5,6.4,0.715,0.085,2.24,,,Ⅳ
2023-08-19T08:00:00+08:00,1692403200,24.4,8.59,7.77,0.02,9.6,7.06,0.47,0.097,2.18,,,Ⅳ
2023-08-19T12:00:00+08:00,1692417600,32.5,7.62,3.13,346.5,94.0,6.62,0.442,0.1,2.18,,,Ⅳ
2023-08-19T16:00:00+08:00,1692432000,33.1,7.53,2.81,347.4,136.0,7.21,0.649,0.109,2.11,,,Ⅴ
2023-08-19T20:00:00+08:00,1692446400,31.5,7.5,2.71,349.3,138.9,7.21,0.722,0.102,1.94,,,Ⅴ
2023-08-20T00:00:00+08:00,1692460800,30.6,7.5,2.69,349.1,118.1,6.88,0.751,0.094,2.16,,,Ⅴ
2023-08-20T04:00:00+08:00,1692475200,30.3,7.49,2.54,349.5,108.6,6.94,0.84,0.094,2.28,,,Ⅴ
2023-08-20T08:00:00+08:00,1692489600,30.4,7.56,2.88,350.1,132.1,7.4,0.651,0.11,2.04,,,Ⅴ
2023-08-20T12:00:00+08:00,1692504000,32.8,7.6,3.47,348.0,103.6,6.87,0.455,0.102,2.08,,,Ⅳ
2023-08-20T16:00:00+08:00,1692518400,33.7,7.62,3.12,346.3,130.5,7.22,0.498,0.107,1.92,,,Ⅳ
2023-08-20T20:00:00+08:00,1692532800,31.8,7.62,3.36,348.4,130.2,6.94,0.416,0.095,2.03,,,Ⅳ
2023-08-21T00:00:00+08:00,1692547200,31.0,7.59,3.14,350.4,116.5,6.91,0.483,0.092,2.1,,,Ⅳ
2023-08-21T08:00:00+08:00,1692576000,30.7,7.58,2.81,351.7,105.4,6.72,0.445,0.092,2.18,,,Ⅴ
2023-08-21T12:00:00+08:00,1692590400,32.8,7.58,3.46,351.0,105.3,6.97,0.425,0.096,2.19,,,Ⅴ
2023-08-21T16:00:00+08:00,1692604800,34.2,7.79,4.98,351.0,83.7,7.14,0.338,0.101,2.23,,,Ⅳ
2023-08-21T20:00:00+08:00,1692619200,31.6,7.69,4.05,351.6,118.2,6.75,0.199,0.089,2.13,,,Ⅳ
2023-08-22T00:00:00+08:00,1692633600,30.9,7.7,4.24,353.9,94.3,7.08,0.336,0.099,1.96,,,Ⅳ
2023-08-22T08:00:00+08:00,1692662400,26.2,8.77,8.56,0.2,5.3,,,,,,,
2023-08-22T09:13:00+08:00,1692666780,,,,,,,,,,,,
2023-08-22T12:00:00+08:00,1692676800,30.8,7.6,4.04,348.6,133.8,7.11,0.346,0.105,1.89,,,Ⅳ
2023-08-22T16:00:00+08:00,1692691200,30.0,7.7,4.89,348.3,83.4,7.34,0.354,0.114,1.97,,,Ⅳ
2023-08-22T20:00:00+08:00,1692705600,30.1,7.74,4.52,350.0,91.2,6.29,0.236,0.088,1.92,,,Ⅳ
2023-08-23T00:00:00+08:00,1692720000,29.8,7.76,4.26,353.3,85.2,6.56,0.432,0.098,2.03,,,Ⅳ
2023-08-23T08:00:00+08:00,1692748800,29.8,7.75,4.03,357.8,79.1,6.2,0.255,0.087,1.95,,,Ⅳ
2023-08-23T12:00:00+08:00,1692763200,31.9,7.78,4.35,358.4,88.3,6.59,0.499,0.1,2.2,,,Ⅳ
2023-08-23T16:00:00+08:00,1692777600,33.6,7.95,5.48,355.0,83.1,6.65,0.38,0.1,2.09,,,Ⅳ
2023-08-23T20:00:00+08:00,1692792000,30.9,7.77,4.25,358.9,98.2,6.7,0.302,0.097,2.07,,,Ⅳ
2023-08-24T04:00:00+08:00,1692820800,29.9,7.75,4.08,360.0,79.6,6.7,0.679,0.102,2.24,,,Ⅳ
2023-08-24T08:00:00+08:00,1692835200,29.8,7.68,3.89,359.6,99.4,6.55,0.641,0.1,2.28,,,Ⅳ
2023-08-24T12:00:00+08:00,1692849600,31.7,7.56,4.06,356.8,117.5,6.97,0.645,0.114,2.23,,,Ⅳ
2023-08-24T16:00:00+08:00,1692864000,32.8,7.59,4.42,358.2,94.4,6.77,0.486,0.108,2.2,,,Ⅳ
2023-08-24T20:00:00+08:00,1692878400,31.0,7.58,4.39,359.2,82.8,7.36,0.665,0.112,2.37,,,Ⅳ
2023-08-25T04:00:00+08:00,1692907200,29.9,7.54,3.91,362.5,79.7,6.73,0.608,0.092,2.29,,,Ⅳ
2023-08-25T08:00:00+08:00,1692921600,29.8,7.54,4.22,361.4,101.3,6.78,0.691,0.098,2.33,,,Ⅳ
2023-08-25T12:00:00+08:00,1692936000,31.8,7.59,4.68,358.1,72.5,7.19,0.56,0.111,2.32,,,Ⅳ
2023-08-25T16:00:00+08:00,1692950400,31.8,7.6,4.68,358.8,122.6,7.29,0.34,0.103,2.31,,,Ⅳ
2023-08-25T20:00:00+08:00,1692964800,30.6,7.57,4.45,361.9,86.8,7.57,0.518,0.123,2.12,,,Ⅳ
2023-08-26T04:00:00+08:00,1692993600,30.0,7.54,4.23,362.3,71.6,6.73,0.424,0.094,2.16,,,Ⅳ
2023-08-26T08:00:00+08:00,1693008000,29.9,7.53,4.82,362.6,100.8,6.72,0.428,0.092,2.23,,,Ⅳ
2023-08-26T12:00:00+08:00,1693022400,31.6,7.51,4.78,359.5,99.1,8.75,0.506,0.158,1.86,,,Ⅳ
2023-08-26T16:00:00+08:00,1693036800,32.4,7.59,5.23,359.7,84.3,7.08,0.369,0.109,2.09,,,Ⅳ
2023-08-26T20:00:00+08:00,1693051200,30.6,7.56,4.55,362.6,99.7,7.22,0.294,0.108,2.15,,,Ⅳ
2023-08-27T04:00:00+08:00,1693080000,29.8,7.52,4.61,364.6,77.3,6.82,0.311,0.096,2.02,,,Ⅳ
2023-08-27T08:00:00+08:00,1693094400,30.0,7.55,4.85,363.4,71.8,6.57,0.289,0.093,2.05,,,Ⅳ
2023-08-27T12:00:00+08:00,1693108800,31.1,7.51,4.49,362.1,118.1,6.53,0.169,0.089,2.04,,,Ⅳ
2023-08-27T16:00:00+08:00,1693123200,30.6,7.56,4.92,361.9,101.1,7.12,0.216,0.106,1.99,,,Ⅳ
2023-08-27T20:00:00+08:00,1693137600,30.2,7.54,4.66,365.2,94.7,7.02,0.216,0.097,1.88,,,Ⅳ
2023-08-28T04:00:00+08:00,1693166400,29.8,7.49,4.22,366.3,78.4,6.67,0.215,0.09,1.86,,,Ⅳ
2023-08-28T08:00:00+08:00,1693180800,29.5,7.52,4.42,366.1,105.1,6.51,0.175,0.086,1.93,,,Ⅳ
2023-08-28T12:00:00+08:00,1693195200,29.0,7.49,4.33,365.9,100.6,6.96,0.18,0.097,1.84,,,Ⅳ
2023-08-28T16:00:00+08:00,1693209600,29.1,7.51,4.3,364.8,98.4,6.85,0.181,0.097,1.9,,,Ⅳ
2023-08-28T20:00:00+08:00,1693224000,28.7,7.56,4.49,368.0,94.1,6.74,0.172,0.097,1.75,,,Ⅳ
2023-08-29T04:00:00+08:00,1693252800,28.2,7.56,4.61,370.3,81.4,6.43,0.157,0.086,1.92,,,Ⅳ
2023-08-29T08:00:00+08:00,1693267200,28.1,7.48,4.02,372.2,89.1,5.92,0.142,0.083,1.81,,,Ⅳ
2023-08-29T12:00:00+08:00,1693281600,28.4,7.53,4.18,376.7,80.8,7.08,0.322,0.108,1.85,,,Ⅳ
2023-08-29T16:00:00+08:00,1693296000,29.0,7.58,4.58,375.0,85.2,7.17,0.429,0.112,0.4,,,Ⅳ
2023-08-29T20:00:00+08:00,1693310400,28.2,7.52,4.42,377.7,82.1,6.86,0.348,0.103,1.9,,,Ⅳ
2023-08-30T04:00:00+08:00,1693339200,27.7,7.55,4.46,375.3,65.1,6.15,0.196,0.086,1.9,,,Ⅳ
2023-08-30T08:00:00+08:00,1693353600,26.8,7.54,4.63,374.4,65.3,6.03,0.16,0.084,1.99,,,Ⅳ
2023-08-30T12:00:00+08:00,1693368000,26.8,7.44,4.77,371.0,51.6,6.57,0.409,0.096,2.17,,,Ⅳ
2023-08-30T16:00:00+08:00,1693382400,26.1,7.46,5.45,370.2,34.2,6.8,0.885,0.105,2.61,,,Ⅳ
2023-08-30T20:00:00+08:00,1693396800,25.6,7.38,4.87,330.8,73.1,7.21,1.396,0.158,2.82,,,Ⅳ
2023-08-31T04:00:00+08:00,1693425600,25.0,7.28,4.8,337.6,38.5,7.47,1.202,0.148,2.8,,,Ⅳ
2023-08-31T08:00:00+08:00,1693440000,24.8,7.3,4.69,333.1,59.2,7.44,1.217,0.149,2.79,,,Ⅳ
2023-08-31T12:00:00+08:00,1693454400,25.4,7.34,5.23,332.9,50.4,8.21,0.998,0.193,2.65,,,Ⅳ
2023-08-31T16:00:00+08:00,1693468800,25.8,7.34,5.7,320.4,49.2,7.73,0.943,0.182,2.72,,,Ⅳ
2023-08-31T20:00:00+08:00,1693483200,25.7,7.43,5.43,331.8,37.6,7.71,0.921,0.196,2.8,,,Ⅳ
2023-09-01T04:00:00+08:00,1693512000,25.2,7.41,5.13,349.5,34.9,6.9,0.714,0.126,2.48,,,Ⅳ
2023-09-01T08:00:00+08:00,1693526400,25.1,7.32,4.94,333.7,58.5,6.41,0.465,0.102,2.37,,,Ⅳ
2023-09-01T16:00:00+08:00,1693555200,27.5,7.34,5.21,336.7,55.3,6.84,0.462,0.128,2.35,,,Ⅳ
2023-09-01T20:00:00+08:00,1693569600,26.4,7.46,6.06,308.3,28.3,7.42,0.832,0.128,2.51,,,Ⅳ
2023-09-02T04:00:00+08:00,1693598400,25.7,7.35,5.39,312.1,41.2,6.75,0.834,0.135,2.55,,,Ⅳ
2023-09-02T08:00:00+08:00,1693612800,25.7,7.27,4.9,326.9,44.8,6.55,0.634,0.126,2.33,,,Ⅳ
2023-09-02T12:00:00+08:00,1693627200,26.5,8.52,7.81,0.2,28.0,6.93,1.002,0.128,2.6,,,Ⅳ
2023-09-02T16:00:00+08:00,1693641600,28.4,7.35,5.75,329.9,51.2,7.78,0.701,0.155,2.45,,,Ⅳ
2023-09-02T20:00:00+08:00,1693656000,26.9,7.37,5.43,320.4,38.0,8.45,,0.174,2.45,,,
2023-09-03T04:00:00+08:00,1693684800,26.1,7.39,5.37,317.7,41.0,6.78,0.695,0.106,2.32,,,Ⅳ
2023-09-03T08:00:00+08:00,1693699200,26.2,7.34,4.88,326.1,80.8,6.71,0.618,0.105,2.25,,,Ⅳ
2023-09-03T12:00:00+08:00,1693713600,28.1,7.43,6.53,319.0,29.5,7.51,0.75,0.125,2.38,,,Ⅳ
2023-09-03T16:00:00+08:00,1693728000,29.2,7.7,8.14,327.6,26.9,8.04,0.432,0.115,2.38,,,Ⅳ
2023-09-03T20:00:00+08:00,1693742400,27.6,7.5,6.61,326.0,24.4,10.48,0.28,0.122,2.67,,,Ⅴ
2023-09-04T04:00:00+08:00,1693771200,26.9,7.4,5.4,327.5,35.5,6.69,0.398,0.082,2.08,,,Ⅳ
2023-09-04T08:00:00+08:00,1693785600,27.0,7.38,5.85,326.6,37.2,6.7,0.417,0.088,2.07,,,Ⅳ
2023-09-04T12:00:00+08:00,1693800000,28.2,7.4,5.58,327.0,28.6,6.95,0.419,0.1,2.07,,,Ⅳ
2023-09-04T16:00:00+08:00,1693814400,29.4,7.46,5.82,340.9,36.6,7.57,0.264,0.096,2.16,,,Ⅳ
2023-09-04T20:00:00+08:00,1693828800,28.2,7.46,5.89,338.9,29.4,7.8,0.183,0.096,2.31,,,Ⅳ
2023-09-05T04:00:00+08:00,1693857600,27.3,7.27,4.35,339.0,27.8,6.84,0.288,0.08,2.08,,,Ⅳ
2023-09-05T08:00:00+08:00,1693872000,27.2,7.24,4.19,346.1,35.8,7.35,0.464,0.093,2.26,,,Ⅳ
2023-09-05T12:00:00+08:00,1693886400,28.0,7.24,4.29,341.1,52.1,7.38,0.247,0.097,2.12,,,Ⅳ
2023-09-05T16:00:00+08:00,1693900800,29.6,7.29,4.68,340.9,44.1,7.22,0.286,0.097,2.16,,,Ⅳ
2023-09-05T20:00:00+08:00,1693915200,28.1,7.29,4.5,346.7,55.0,7.21,0.256,0.095,2.05,,,Ⅳ
2023-09-06T04:00:00+08:00,1693944000,27.4,7.31,4.25,349.9,44.1,6.88,0.188,0.084,2.08,,,Ⅳ
2023-09-06T08:00:00+08:00,1693958400,27.4,7.31,4.21,351.1,47.1,6.88,0.074,0.084,2.07,,,Ⅳ
2023-09-06T12:00:00+08:00,1693972800,30.2,7.42,5.98,344.6,34.3,7.03,0.062,0.081,1.79,,,Ⅳ
2023-09-06T16:00:00+08:00,1693987200,31.3,7.48,5.41,354.1,37.8,6.42,0.036,0.068,2.25,,,Ⅳ
2023-09-06T20:00:00+08:00,1694001600,29.1,7.41,4.48,353.7,35.1,5.81,0.046,0.066,2.08,,,Ⅳ
2023-09-07T04:00:00+08:00,1694030400,28.1,7.4,4.69,356.8,35.0,5.82,0.047,0.065,2.05,,,Ⅳ
2023-09-07T12:00:00+08:00,1694059200,29.4,7.37,4.75,353.9,40.1,6.12,0.042,0.075,2.11,,,Ⅳ
2023-09-07T16:00:00+08:00,1694073600,30.6,7.37,4.63,353.7,51.0,5.88,0.072,0.076,2.06,,,Ⅳ
2023-09-07T20:00:00+08:00,1694088000,29.1,7.4,4.27,357.9,70.8,5.87,0.127,0.079,1.93,,,Ⅳ
2023-09-08T04:00:00+08:00,1694116800,28.0,7.42,4.13,363.8,56.2,5.53,0.1,0.073,1.98,,,Ⅳ
2023-09-08T08:00:00+08:00,1694131200,28.0,7.41,4.44,363.7,114.3,6.06,0.147,0.095,1.86,,,Ⅳ
2023-09-08T12:00:00+08:00,1694145600,29.6,7.35,3.86,355.9,65.4,5.82,0.117,0.076,1.97,,,Ⅳ
2023-09-08T16:00:00+08:00,1694160000,30.7,7.42,4.67,358.3,86.5,7.18,0.232,0.134,1.66,,,Ⅳ
2023-09-08T20:00:00+08:00,1694174400,29.2,7.42,4.07,362.8,83.9,5.81,0.152,0.085,1.84,,,Ⅳ
2023-09-09T04:00:00+08:00,1694203200,27.9,7.42,4.19,367.2,56.5,5.38,0.088,0.067,1.94,,,Ⅳ
2023-09-09T08:00:00+08:00,1694217600,27.8,7.41,4.26,366.4,96.0,5.86,0.128,0.088,1.89,,,Ⅳ
2023-09-09T12:00:00+08:00,1694232000,29.7,7.41,4.4,358.7,53.4,5.82,0.062,0.073,2.04,,,Ⅳ
2023-09-09T16:00:00+08:00,1694246400,30.9,7.44,4.7,359.8,50.8,5.47,0.067,0.065,2.01,,,Ⅳ
2023-09-09T20:00:00+08:00,1694260800,29.4,7.48,4.96,362.6,50.9,5.28,0.074,0.064,1.96,,,Ⅳ
2023-09-10T04:00:00+08:00,1694289600,27.8,7.5,4.77,367.8,50.3,5.42,0.073,0.066,1.95,,,Ⅳ
2023-09-10T08:00:00+08:00,1694304000,27.8,7.45,4.52,366.5,51.1,5.45,0.059,0.068,1.99,,,Ⅳ
2023-09-10T12:00:00+08:00,1694318400,29.7,7.48,5.44,358.0,47.0,5.86,0.038,0.073,1.99,,,Ⅲ
2023-09-10T16:00:00+08:00,1694332800,31.2,7.48,4.26,366.5,84.9,5.26,0.15,0.071,1.62,,,Ⅳ
2023-09-11T08:00:00+08:00,1694390400,29.1,7.39,4.41,365.7,53.9,5.13,0.082,0.07,1.85,,,Ⅳ
2023-09-11T12:00:00+08:00,1694404800,29.7,7.31,3.53,363.4,54.0,,0.091,0.073,1.99,,,
2023-09-11T16:00:00+08:00,1694419200,30.8,7.36,4.04,367.6,69.5,5.28,0.116,0.071,1.89,,,Ⅳ
2023-09-11T20:00:00+08:00,1694433600,29.6,7.4,4.31,371.9,61.0,5.51,0.102,0.072,1.72,,,Ⅳ
2023-09-12T04:00:00+08:00,1694462400,29.0,7.41,3.97,373.5,52.0,5.28,0.08,0.064,1.81,,,Ⅳ
2023-09-12T08:00:00+08:00,1694476800,28.8,7.35,3.95,373.1,53.0,5.44,0.074,0.066,1.8,,,Ⅳ
2023-09-12T12:00:00+08:00,1694491200,29.5,7.31,3.59,371.7,49.0,5.22,0.076,0.063,1.8,,,Ⅳ
2023-09-12T16:00:00+08:00,1694505600,29.8,7.45,4.99,371.8,49.5,5.81,0.066,0.067,1.82,,,Ⅳ
2023-09-12T20:00:00+08:00,1694520000,28.8,7.48,4.97,369.6,51.6,5.47,0.067,0.067,1.8,,,Ⅳ
2023-09-13T04:00:00+08:00,1694548800,28.0,7.43,4.67,362.9,46.4,5.81,0.077,0.073,1.81,,,Ⅳ
2023-09-13T08:00:00+08:00,1694563200,27.7,7.45,4.6,357.2,49.0,5.82,,0.078,1.85,,,
2023-09-13T12:00:00+08:00,1694577600,27.6,7.46,4.6,349.5,48.9,6.11,0.119,0.09,1.81,,,Ⅳ
2023-09-13T16:00:00+08:00,1694592000,27.4,7.45,4.69,353.9,38.3,7.54,0.693,0.139,2.67,,,Ⅳ
2023-09-13T20:00:00+08:00,1694606400,27.0,7.4,3.96,361.7,40.9,7.92,1.98,0.174,3.92,,,Ⅴ
2023-09-14T04:00:00+08:00,1694635200,26.1,7.32,3.66,346.1,24.1,7.06,1.971,0.214,4.2,,,Ⅴ
2023-09-14T08:00:00+08:00,1694649600,25.8,7.25,3.9,335.8,23.2,8.08,1.561,0.288,3.76,,,Ⅴ
2023-09-14T12:00:00+08:00,1694664000,25.9,7.34,4.05,332.6,17.2,7.06,1.058,0.166,2.96,,,Ⅳ
2023-09-14T16:00:00+08:00,1694678400,25.8,7.33,4.57,327.2,16.8,6.96,0.928,0.156,2.71,,,Ⅳ
2023-09-14T20:00:00+08:00,1694692800,25.7,7.34,4.51,331.3,24.6,6.59,0.859,0.134,2.55,,,Ⅳ
2023-09-15T04:00:00+08:00,1694721600,25.3,7.34,4.81,327.0,31.4,6.67,1.075,0.155,3.06,,,Ⅳ
2023-09-15T08:00:00+08:00,1694736000,25.1,7.27,4.68,297.8,27.3,7.04,0.986,0.198,2.76,,,Ⅳ
2023-09-15T12:00:00+08:00,1694750400,25.2,7.23,4.93,291.7,35.1,6.96,1.045,0.219,2.77,,,Ⅳ
2023-09-15T16:00:00+08:00,1694764800,25.2,7.37,5.74,302.8,46.5,6.55,1.186,0.179,2.91,,,Ⅳ
2023-09-15T20:00:00+08:00,1694779200,25.2,7.32,5.53,297.9,33.5,6.22,1.047,0.153,2.98,,,Ⅳ
2023-09-16T12:00:00+08:00,1694836800,25.7,7.32,5.39,307.0,17.6,5.89,0.887,0.134,2.99,,,Ⅲ
2023-09-16T16:00:00+08:00,1694851200,26.8,7.36,5.72,294.3,47.4,6.16,0.747,0.138,2.81,,,Ⅳ
2023-09-16T20:00:00+08:00,1694865600,26.4,7.29,4.94,296.8,25.2,5.85,0.58,0.124,2.69,,,Ⅳ
2023-09-17T04:00:00+08:00,1694894400,25.8,7.3,4.87,296.8,32.9,6.07,0.476,0.131,2.43,,,Ⅳ
2023-09-17T08:00:00+08:00,1694908800,25.8,7.34,4.95,293.7,29.2,6.27,0.445,0.127,2.42,,,Ⅳ
2023-09-17T12:00:00+08:00,1694923200,26.9,7.3,5.23,296.9,18.0,6.28,0.426,0.118,2.47,,,Ⅳ
2023-09-17T16:00:00+08:00,1694937600,28.5,7.38,6.06,298.1,17.8,6.3,0.388,0.115,2.39,,,Ⅳ
2023-09-17T20:00:00+08:00,1694952000,27.4,7.34,5.66,303.1,23.9,6.26,0.316,0.11,2.32,,,Ⅳ
2023-09-18T04:00:00+08:00,1694980800,26.8,7.32,5.2,305.9,28.4,5.88,0.246,0.109,2.21,,,Ⅲ
2023-09-18T08:00:00+08:00,1694995200,26.6,7.34,5.44,297.8,66.3,6.76,0.375,0.135,2.12,,,Ⅳ
2023-09-18T12:00:00+08:00,1695009600,27.9,7.32,5.36,296.8,35.0,6.42,0.29,0.111,2.1,,,Ⅳ
2023-09-18T16:00:00+08:00,1695024000,29.0,7.31,5.1,289.9,49.3,6.51,0.294,0.105,1.95,,,Ⅳ
2023-09-18T20:00:00+08:00,1695038400,27.8,7.3,5.21,290.9,55.3,6.51,0.344,0.11,1.81,,,Ⅳ
2023-09-19T04:00:00+08:00,1695067200,26.9,7.3,5.23,294.8,43.6,6.28,0.264,0.094,1.75,,,Ⅳ
2023-09-19T08:00:00+08:00,1695081600,27.0,7.25,4.56,288.8,73.3,6.61,0.398,0.115,1.79,,,Ⅳ
2023-09-19T12:00:00+08:00,1695096000,27.8,7.25,4.53,286.4,60.3,6.34,0.386,0.106,1.81,,,Ⅳ
2023-09-19T16:00:00+08:00,1695110400,28.9,7.24,5.12,288.1,39.6,6.29,0.219,0.09,1.82,,,Ⅳ
2023-09-19T20:00:00+08:00,1695124800,28.1,7.28,5.12,292.3,42.2,6.31,0.318,0.092,1.85,,,Ⅳ
2023-09-20T04:00:00+08:00,1695153600,27.4,7.29,4.49,296.6,32.3,6.06,0.242,0.08,1.8,,,Ⅳ
2023-10-08T12:00:00+08:00,1696737600,22.9,7.47,6.58,341.3,22.0,6.37,0.59,0.131,2.76,,,Ⅳ
2023-10-08T16:00:00+08:00,1696752000,23.0,7.45,5.7,340.7,19.0,6.65,0.578,0.131,2.71,,,Ⅳ
2023-10-08T20:00:00+08:00,1696766400,22.6,7.44,5.4,339.7,17.0,6.71,0.95,0.147,2.97,,,Ⅳ
2023-10-09T04:00:00+08:00,1696795200,21.6,7.47,6.09,338.7,20.4,6.57,0.995,0.159,3.01,,,Ⅳ
2023-10-09T08:00:00+08:00,1696809600,21.7,7.41,5.53,336.7,17.2,6.57,0.995,0.159,3.01,,,Ⅳ
2023-10-10T04:00:00+08:00,1696881600,22.1,7.4,5.62,331.1,17.1,6.16,0.532,0.123,2.35,,,Ⅳ
2023-10-10T08:00:00+08:00,1696896000,22.1,7.42,5.34,331.5,19.9,6.37,0.572,0.13,2.41,,,Ⅳ
2023-10-10T12:00:00+08:00,1696910400,22.5,7.42,5.22,330.3,17.1,6.03,0.366,0.109,1.96,,,Ⅳ
2023-10-13T08:00:00+08:00,1697155200,22.4,7.45,5.34,332.3,20.4,6.36,0.128,0.086,1.83,,,Ⅳ
2023-10-13T12:00:00+08:00,1697169600,22.7,7.46,5.19,330.1,18.9,6.32,0.131,0.088,1.87,,,Ⅳ
2023-10-13T16:00:00+08:00,1697184000,22.9,7.45,5.67,335.2,21.1,6.63,0.11,0.095,2.01,,,Ⅳ
2023-10-13T20:00:00+08:00,1697198400,22.5,7.44,5.67,334.2,23.5,6.13,0.145,0.09,1.85,,,Ⅳ
2023-10-14T04:00:00+08:00,1697227200,21.8,7.52,6.28,332.7,23.9,6.0,0.167,0.091,1.84,,,Ⅲ
2023-10-14T08:00:00+08:00,1697241600,21.8,7.51,5.73,337.7,26.2,6.14,0.173,0.093,1.84,,,Ⅳ
2023-10-14T12:00:00+08:00,1697256000,22.8,7.52,5.62,338.2,22.0,6.28,0.171,0.092,1.88,,,Ⅳ
2023-10-14T16:00:00+08:00,1697270400,23.3,7.54,5.68,333.6,23.8,5.75,0.14,0.08,1.75,,,Ⅲ
2023-10-14T20:00:00+08:00,1697284800,22.7,7.53,6.08,335.7,20.4,5.75,0.125,0.077,1.78,,,Ⅲ
2023-10-15T04:00:00+08:00,1697313600,21.9,7.52,5.74,340.3,30.5,5.81,0.13,0.083,1.8,,,Ⅲ
2023-10-15T08:00:00+08:00,1697328000,21.7,7.51,5.6,341.7,25.2,6.03,0.136,0.091,1.74,,,Ⅳ
2023-10-15T12:00:00+08:00,1697342400,23.0,7.52,5.73,341.5,23.4,5.86,0.129,0.081,1.76,,,Ⅲ
2023-10-15T16:00:00+08:00,1697356800,24.0,7.6,6.01,336.4,27.7,5.77,0.108,0.077,1.72,,,Ⅲ
2023-10-15T20:00:00+08:00,1697371200,22.9,7.57,6.04,340.1,22.9,5.82,0.071,0.075,1.75,,,Ⅲ
2023-10-16T04:00:00+08:00,1697400000,21.9,7.48,5.41,344.4,23.6,5.83,0.199,0.083,1.9,,,Ⅲ
2023-10-16T08:00:00+08:00,1697414400,21.7,7.44,5.49,345.9,25.3,6.03,0.191,0.089,1.87,,,Ⅳ
2023-10-16T12:00:00+08:00,1697428800,22.8,7.53,6.42,346.6,21.2,,,,,,,
2023-10-16T16:00:00+08:00,1697443200,23.8,7.49,5.65,340.5,22.3,5.8,0.119,0.082,1.76,,,Ⅲ
2023-10-16T20:00:00+08:00,1697457600,23.2,7.58,6.14,345.9,23.2,5.79,0.063,0.073,1.77,,,Ⅲ
2023-10-17T04:00:00+08:00,1697486400,22.2,7.51,5.34,350.8,23.4,5.97,0.13,0.073,1.8,,,Ⅲ
2023-10-17T08:00:00+08:00,1697500800,22.3,7.48,4.55,342.0,25.5,5.75,0.153,0.078,1.81,,,Ⅳ
2023-10-17T12:00:00+08:00,1697515200,23.1,7.53,4.82,341.4,22.2,5.76,0.118,0.072,1.79,,,Ⅳ
2023-10-17T16:00:00+08:00,1697529600,23.8,7.57,5.14,342.5,24.9,5.84,0.079,0.073,1.82,,,Ⅲ
2023-10-17T20:00:00+08:00,1697544000,22.6,7.54,5.06,350.4,22.6,5.76,0.076,0.066,1.76,,,Ⅲ
2023-10-18T04:00:00+08:00,1697572800,21.8,7.52,4.79,355.7,26.2,5.75,0.127,0.078,1.77,,,Ⅳ
2023-10-18T08:00:00+08:00,1697587200,22.5,7.52,4.48,343.3,27.8,5.75,0.056,0.066,1.72,,,Ⅳ
2023-10-18T12:00:00+08:00,1697601600,23.0,7.5,4.58,347.4,23.2,5.75,0.048,0.068,1.71,,,Ⅳ
2023-10-18T16:00:00+08:00,1697616000,24.4,7.58,4.92,345.5,24.1,5.75,0.042,0.063,1.75,,,Ⅳ
2023-10-18T20:00:00+08:00,1697630400,23.3,7.59,4.94,354.1,29.5,5.31,0.045,0.062,1.7,,,Ⅳ
2023-10-19T04:00:00+08:00,1697659200,22.2,7.52,4.84,359.8,22.4,5.76,0.122,0.071,1.81,,,Ⅳ
2023-10-19T08:00:00+08:00,1697673600,22.2,7.53,4.49,358.6,27.8,5.75,0.096,0.069,1.8,,,Ⅳ
2023-10-19T12:00:00+08:00,1697688000,23.6,7.52,4.59,354.3,20.9,5.76,0.04,0.062,1.73,,,Ⅳ
2023-10-19T16:00:00+08:00,1697702400,24.7,7.59,4.9,352.9,27.8,5.31,0.048,0.061,1.74,,,Ⅳ
2023-10-19T20:00:00+08:00,1697716800,23.4,7.55,4.59,360.3,23.2,5.33,0.099,0.062,1.79,,,Ⅳ
2023-10-20T04:00:00+08:00,1697745600,22.2,7.55,4.78,359.6,25.5,5.76,0.124,0.069,1.82,,,Ⅳ
2023-10-20T08:00:00+08:00,1697760000,21.9,7.52,4.58,361.6,25.6,5.79,0.231,0.081,1.95,,,Ⅳ
2023-10-20T12:00:00+08:00,1697774400,22.8,7.58,4.78,356.6,31.3,5.75,0.153,0.074,1.85,,,Ⅳ
2023-10-20T16:00:00+08:00,1697788800,23.2,7.61,4.73,358.6,32.4,5.76,0.109,0.071,1.74,,,Ⅳ
2023-10-20T20:00:00+08:00,1697803200,22.1,7.56,4.57,365.0,25.6,5.76,0.26,0.081,1.95,,,Ⅳ
2023-10-21T04:00:00+08:00,1697832000,21.8,7.55,4.37,357.0,27.8,5.88,0.391,0.096,2.08,,,Ⅳ
2023-10-21T08:00:00+08:00,1697846400,21.8,7.56,4.48,350.6,22.8,5.79,0.36,0.088,2.11,,,Ⅳ
2023-10-21T12:00:00+08:00,1697860800,22.3,7.59,4.61,356.8,28.5,5.76,0.236,0.081,1.94,,,Ⅳ
2023-10-21T16:00:00+08:00,1697875200,23.5,7.64,5.18,356.7,42.2,5.23,0.082,0.072,1.66,,,Ⅲ
2023-10-21T20:00:00+08:00,1697889600,21.9,7.55,4.68,363.3,33.2,5.76,0.303,0.086,1.97,,,Ⅳ
2023-10-22T04:00:00+08:00,1697918400,21.5,7.53,4.16,356.4,27.5,5.76,0.275,0.085,1.96,,,Ⅳ
2023-10-22T08:00:00+08:00,1697932800,21.8,7.56,4.39,352.7,37.7,5.75,0.147,0.077,1.77,,,Ⅳ
2023-10-22T12:00:00+08:00,1697947200,21.7,7.44,7.19,337.4,33.0,5.25,0.147,0.078,1.85,,,Ⅲ
2023-10-22T16:00:00+08:00,1697961600,23.0,7.53,6.47,337.2,35.9,5.09,0.113,0.076,1.73,,,Ⅲ
2023-10-22T20:00:00+08:00,1697976000,21.9,7.49,6.27,345.7,33.0,5.75,0.235,0.082,1.91,,,Ⅲ
2023-10-23T04:00:00+08:00,1698004800,21.2,7.49,4.32,343.7,26.4,5.76,0.361,0.089,2.06,,,Ⅳ
2023-10-23T08:00:00+08:00,1698019200,21.4,7.45,5.94,338.8,36.7,5.75,0.242,0.081,1.89,,,Ⅲ
2023-10-23T12:00:00+08:00,1698033600,22.1,7.49,5.69,344.4,35.9,5.24,0.135,0.074,1.77,,,Ⅲ
2023-10-23T16:00:00+08:00,1698048000,22.9,7.46,5.47,343.4,32.0,5.21,0.144,0.071,1.85,,,Ⅲ
2023-10-23T20:00:00+08:00,1698062400,21.9,7.51,5.16,348.5,37.4,5.17,0.147,0.073,1.75,,,Ⅲ
2023-10-24T00:00:00+08:00,1698076800,21.3,7.49,4.29,354.6,31.1,5.17,0.147,0.073,1.75,,,Ⅳ
2023-10-24T04:00:00+08:00,1698091200,21.0,7.49,4.29,353.1,32.2,5.37,0.198,0.077,1.88,,,Ⅳ
2023-10-24T08:00:00+08:00,1698105600,20.9,7.5,4.61,349.2,35.9,5.58,0.153,0.074,1.82,,,Ⅳ
2023-10-24T12:00:00+08:00,1698120000,22.0,7.47,4.14,353.4,34.3,5.75,0.151,0.074,1.87,,,Ⅳ
2023-10-24T16:00:00+08:00,1698134400,23.1,7.53,4.36,344.2,42.9,5.15,0.124,0.07,1.68,,,Ⅳ
2023-10-24T20:00:00+08:00,1698148800,22.2,7.51,5.15,349.2,41.6,5.24,0.156,0.071,1.74,,,Ⅲ
2023-10-25T00:00:00+08:00,1698163200,21.6,7.5,4.19,361.9,39.5,5.24,0.156,0.071,1.74,,,Ⅳ
2023-10-25T04:00:00+08:00,1698177600,21.2,7.51,4.28,357.4,41.6,5.76,0.219,0.079,1.85,,,Ⅳ
2023-10-25T08:00:00+08:00,1698192000,21.3,7.52,4.26,354.3,43.2,5.75,0.18,0.078,1.92,,,Ⅳ
2023-10-25T12:00:00+08:00,1698206400,22.1,7.48,3.92,359.4,34.6,5.29,0.141,0.069,1.86,,,Ⅳ
2023-10-25T16:00:00+08:00,1698220800,22.6,7.48,4.96,355.3,35.4,5.22,0.166,0.069,1.84,,,Ⅳ
2023-10-25T20:00:00+08:00,1698235200,22.2,7.5,3.93,354.8,33.6,5.29,0.207,0.071,1.99,,,Ⅳ
2023-10-26T00:00:00+08:00,1698249600,21.7,7.47,4.63,361.3,33.9,5.29,0.207,0.071,1.99,,,Ⅳ
2023-10-26T04:00:00+08:00,1698264000,21.6,7.49,4.03,354.2,35.3,5.3,0.225,0.073,1.95,,,Ⅳ
2023-10-26T08:00:00+08:00,1698278400,21.7,7.52,4.28,352.3,44.4,5.32,0.167,0.071,1.81,,,Ⅳ
2023-10-26T12:00:00+08:00,1698292800,22.6,7.47,4.55,360.9,38.8,5.2,0.152,0.069,1.92,,,Ⅳ
2023-10-26T16:00:00+08:00,1698307200,24.0,7.49,4.06,356.7,40.2,5.13,0.129,0.064,1.72,,,Ⅳ
2023-10-26T20:00:00+08:00,1698321600,22.7,7.49,3.95,362.3,40.3,5.33,0.188,0.069,1.9,,,Ⅳ
2023-10-27T04:00:00+08:00,1698350400,22.1,7.5,4.51,364.8,34.0,5.3,0.163,0.068,1.92,,,Ⅳ
2023-10-27T08:00:00+08:00,1698364800,21.9,7.48,4.19,364.8,36.9,5.76,0.182,0.072,1.98,,,Ⅳ
2023-10-27T12:00:00+08:00,1698379200,22.6,7.47,4.9,363.9,29.7,5.76,0.168,0.069,1.99,,,Ⅳ
2023-10-27T16:00:00+08:00,1698393600,22.5,7.5,4.19,361.3,31.9,5.75,0.134,0.07,2.01,,,Ⅳ
2023-10-27T20:00:00+08:00,1698408000,22.4,7.47,3.91,364.4,35.2,5.35,0.141,0.068,1.98,,,Ⅳ
2023-10-28T04:00:00+08:00,1698436800,21.8,7.44,4.78,372.2,35.8,5.39,0.145,0.071,2.04,,,Ⅳ
2023-10-28T08:00:00+08:00,1698451200,21.6,7.45,3.94,371.9,34.0,5.75,0.202,0.074,2.03,,,Ⅳ
2023-10-28T12:00:00+08:00,1698465600,22.3,7.46,4.76,365.5,35.5,5.76,0.167,0.074,2.0,,,Ⅳ
2023-10-28T16:00:00+08:00,1698480000,23.0,7.48,4.89,359.5,36.2,5.31,0.102,0.067,1.95,,,Ⅳ
2023-10-28T20:00:00+08:00,1698494400,22.2,7.49,4.03,361.1,39.0,5.5,0.095,0.068,1.95,,,Ⅳ
2023-10-29T04:00:00+08:00,1698523200,21.6,7.46,3.94,366.7,36.2,5.28,0.122,0.072,2.02,,,Ⅳ
2023-10-29T08:00:00+08:00,1698537600,21.9,7.53,4.33,352.3,45.0,5.28,0.122,0.072,2.02,,,Ⅳ
2023-10-29T12:00:00+08:00,1698552000,23.3,7.51,5.01,366.6,45.0,4.93,0.052,0.065,1.73,,,Ⅲ
2023-10-29T16:00:00+08:00,1698566400,24.7,7.49,4.56,547.4,38.0,5.0,0.07,0.063,1.86,,,Ⅳ
2023-10-29T20:00:00+08:00,1698580800,22.7,7.52,4.35,1131.4,37.4,5.01,0.063,0.058,1.71,,,Ⅳ
2023-10-30T04:00:00+08:00,1698609600,21.5,7.48,4.98,519.2,34.1,5.09,0.09,0.064,1.9,,,Ⅳ
2023-10-30T08:00:00+08:00,1698624000,21.2,7.47,4.39,437.2,36.0,5.34,0.095,0.069,1.88,,,Ⅳ
2023-10-30T12:00:00+08:00,1698638400,22.4,7.46,4.47,422.2,35.2,5.62,0.081,0.067,2.01,,,Ⅳ
2023-10-31T12:00:00+08:00,1698724800,22.1,7.47,4.78,443.0,32.5,5.27,0.082,0.06,2.1,,,Ⅳ
2023-10-31T16:00:00+08:00,1698739200,23.1,7.49,4.81,415.0,31.3,5.6,0.092,0.062,1.95,,,Ⅳ
2023-10-31T20:00:00+08:00,1698753600,22.2,7.52,4.32,486.9,26.5,5.64,0.256,0.072,2.34,,,Ⅳ
2023-11-01T04:00:00+08:00,1698782400,21.3,7.5,3.94,511.4,29.6,5.8,0.401,0.082,2.4,,,Ⅳ
2023-11-01T08:00:00+08:00,1698796800,21.5,7.49,3.97,462.9,30.7,5.72,0.303,0.077,2.18,,,Ⅳ
2023-11-01T12:00:00+08:00,1698811200,22.6,7.5,3.96,448.5,19.3,5.36,0.198,0.062,2.56,,,Ⅳ
2023-11-01T16:00:00+08:00,1698825600,23.3,7.56,4.08,404.6,35.8,5.5,0.127,0.064,1.87,,,Ⅳ
2023-11-01T20:00:00+08:00,1698840000,22.2,7.56,4.4,472.3,31.3,5.61,0.264,0.069,2.16,,,Ⅳ
2023-11-02T04:00:00+08:00,1698868800,21.2,7.51,4.15,440.4,30.1,5.92,0.409,0.081,2.28,,,Ⅳ
2023-11-02T08:00:00+08:00,1698883200,21.8,7.53,5.03,394.1,37.2,5.5,0.159,0.065,1.97,,,Ⅲ
2023-11-02T12:00:00+08:00,1698897600,22.4,7.49,4.82,418.9,19.0,5.33,0.133,0.062,2.37,,,Ⅳ
2023-11-02T16:00:00+08:00,1698912000,28.6,8.07,6.97,172.8,73.3,5.16,0.154,0.05,2.59,,,Ⅲ
2023-11-02T20:00:00+08:00,1698926400,22.5,7.59,4.49,452.4,26.8,5.48,0.215,0.066,2.16,,,Ⅳ
2023-11-03T04:00:00+08:00,1698955200,21.5,7.52,4.09,463.7,22.6,5.35,0.317,0.071,2.41,,,Ⅳ
2023-11-03T08:00:00+08:00,1698969600,21.4,7.49,3.72,416.0,24.2,5.79,0.424,0.083,2.42,,,Ⅳ
2023-11-03T12:00:00+08:00,1698984000,22.5,7.49,4.02,415.6,16.2,5.09,0.12,0.053,2.54,,,Ⅳ
2023-11-03T16:00:00+08:00,1698998400,23.5,7.61,4.94,428.2,11.5,5.26,0.264,0.055,2.56,,,Ⅳ
2023-11-03T20:00:00+08:00,1699012800,23.1,7.65,5.27,424.7,18.6,5.34,0.208,0.065,2.23,,,Ⅲ
2023-11-04T04:00:00+08:00,1699041600,21.9,7.55,4.11,413.5,19.7,5.58,0.456,0.081,2.55,,,Ⅳ
2023-11-04T08:00:00+08:00,1699056000,22.0,7.6,4.7,415.2,27.9,5.68,0.36,0.083,2.22,,,Ⅳ
2023-11-04T12:00:00+08:00,1699070400,22.7,7.58,4.14,410.0,21.8,5.51,0.247,0.073,2.25,,,Ⅳ
2023-11-04T16:00:00+08:00,1699084800,23.0,7.64,5.19,419.6,24.0,5.6,0.279,0.077,2.17,,,Ⅲ
2023-11-04T20:00:00+08:00,1699099200,22.6,7.59,4.32,414.7,23.6,5.38,0.333,0.075,2.42,,,Ⅳ
2023-11-05T04:00:00+08:00,1699128000,22.4,7.57,5.02,434.5,14.2,5.42,0.382,0.071,2.57,,,Ⅲ
2023-11-05T08:00:00+08:00,1699142400,22.4,7.59,4.84,419.9,19.8,5.62,0.387,0.081,2.43,,,Ⅳ
2023-11-05T12:00:00+08:00,1699156800,23.5,7.56,4.59,434.0,14.9,5.42,0.298,0.068,2.47,,,Ⅳ
2023-11-05T16:00:00+08:00,1699171200,24.6,7.65,5.26,441.8,12.1,5.14,0.261,0.055,2.73,,,Ⅲ
2023-11-05T20:00:00+08:00,1699185600,23.6,7.7,5.41,456.9,16.7,5.72,0.442,0.08,2.66,,,Ⅲ
2023-11-06T04:00:00+08:00,1699214400,22.4,7.69,4.5,458.9,27.8,5.76,0.308,0.087,2.53,,,Ⅳ
2023-11-06T08:00:00+08:00,1699228800,22.5,7.67,5.4,406.7,22.0,5.58,0.208,0.075,2.44,,,Ⅲ
2023-11-06T12:00:00+08:00,1699243200,24.4,7.29,7.81,126.1,61.3,6.2,0.408,0.093,2.47,,,Ⅳ
2023-11-06T16:00:00+08:00,1699257600,21.2,7.51,5.45,428.7,22.1,6.25,0.281,0.102,2.43,,,Ⅳ
2023-11-06T20:00:00+08:00,1699272000,20.4,7.48,4.25,439.5,25.0,6.56,0.525,0.117,2.55,,,Ⅳ
2023-11-07T04:00:00+08:00,1699300800,19.8,7.51,4.25,406.8,31.0,6.2,0.433,0.095,2.35,,,Ⅳ
2023-11-07T08:00:00+08:00,1699315200,19.7,7.54,4.57,402.9,33.8,6.19,0.395,0.09,2.27,,,Ⅳ
2023-11-07T12:00:00+08:00,1699329600,20.8,7.52,4.78,390.0,30.2,6.21,0.273,0.089,2.26,,,Ⅳ
2023-11-07T16:00:00+08:00,1699344000,21.4,7.54,4.54,486.1,27.6,6.2,0.309,0.083,2.27,,,Ⅳ
2023-11-07T20:00:00+08:00,1699358400,20.2,7.52,4.51,554.0,27.6,6.2,0.378,0.083,2.31,,,Ⅳ
2023-11-08T08:00:00+08:00,1699401600,19.2,7.55,4.43,532.8,34.3,6.2,0.351,0.084,2.22,,,Ⅳ
2023-11-08T12:00:00+08:00,1699416000,19.9,7.47,4.16,452.6,28.5,5.66,0.208,0.076,2.18,,,Ⅳ
2023-11-08T16:00:00+08:00,1699430400,20.6,7.53,4.74,423.3,24.8,6.2,0.33,0.088,2.28,,,Ⅳ
2023-11-08T20:00:00+08:00,1699444800,19.9,7.52,4.52,420.2,24.1,6.2,0.344,0.092,2.3,,,Ⅳ
2023-11-09T04:00:00+08:00,1699473600,19.3,7.52,4.19,418.8,28.8,6.2,0.448,0.092,2.38,,,Ⅳ
2023-11-09T08:00:00+08:00,1699488000,19.4,7.56,4.61,423.0,30.4,6.2,0.245,0.08,2.16,,,Ⅳ
2023-11-09T12:00:00+08:00,1699502400,19.3,7.5,3.99,402.4,25.7,6.28,0.607,0.103,2.62,,,Ⅳ
2023-11-09T16:00:00+08:00,1699516800,19.3,7.5,3.89,414.3,25.4,6.46,0.539,0.108,2.59,,,Ⅳ
2023-11-09T20:00:00+08:00,1699531200,19.2,7.53,4.01,420.7,25.4,6.29,0.555,0.1,2.54,,,Ⅳ
2023-11-10T04:00:00+08:00,1699560000,19.1,7.56,4.38,430.9,33.6,6.21,0.387,0.09,2.37,,,Ⅳ
2023-11-10T08:00:00+08:00,1699574400,18.6,7.55,4.24,461.5,32.5,6.25,0.474,0.1,2.46,,,Ⅳ
2023-11-10T16:00:00+08:00,1699603200,18.3,7.53,4.18,435.0,25.5,6.79,0.574,0.112,2.64,,,Ⅳ
2023-11-10T20:00:00+08:00,1699617600,17.9,7.47,3.64,439.1,26.0,6.93,0.618,0.121,2.71,,,Ⅳ
2023-11-11T04:00:00+08:00,1699646400,17.7,7.54,4.23,465.4,29.5,6.38,0.452,0.099,2.45,,,Ⅳ
2023-11-11T08:00:00+08:00,1699660800,17.5,7.55,4.38,514.5,30.1,6.51,0.403,0.098,2.4,,,Ⅳ
2023-11-11T12:00:00+08:00,1699675200,17.9,7.58,4.69,484.5,33.2,6.79,0.53,0.111,2.44,,,Ⅳ
2023-11-11T16:00:00+08:00,1699689600,17.7,7.56,4.48,447.7,29.3,6.84,0.515,0.113,2.6,,,Ⅳ
2023-11-11T20:00:00+08:00,1699704000,17.5,7.54,4.58,513.0,28.3,6.64,0.522,0.11,2.52,,,Ⅳ
2023-11-12T04:00:00+08:00,1699732800,17.1,7.54,4.66,535.1,32.5,6.35,0.37,0.097,2.35,,,Ⅳ
2023-11-12T08:00:00+08:00,1699747200,16.8,7.53,4.58,535.0,32.1,6.5,0.367,0.094,2.37,,,Ⅳ
2023-11-12T12:00:00+08:00,1699761600,16.7,7.53,4.48,516.8,29.8,6.86,0.55,0.113,2.57,,,Ⅳ
2023-11-12T16:00:00+08:00,1699776000,16.8,7.51,4.35,481.5,30.1,9.03,1.367,0.203,3.23,,,Ⅳ
2023-11-12T20:00:00+08:00,1699790400,16.2,7.5,4.09,511.2,24.9,7.79,0.928,0.153,2.91,,,Ⅳ
2023-11-13T04:00:00+08:00,1699819200,15.2,7.48,3.77,547.5,27.8,7.72,1.309,0.189,3.11,,,Ⅳ
2023-11-13T08:00:00+08:00,1699833600,15.1,7.53,4.57,564.3,30.2,7.72,1.309,0.189,3.11,,,Ⅳ
2023-11-13T12:00:00+08:00,1699848000,15.6,7.5,4.02,758.9,31.5,7.44,0.405,0.119,2.49,,,Ⅳ
2023-11-13T16:00:00+08:00,1699862400,16.6,7.56,4.66,593.7,31.0,6.87,0.308,0.098,2.36,,,Ⅳ
2023-11-13T20:00:00+08:00,1699876800,15.7,7.54,4.47,590.2,27.2,7.05,0.424,0.106,2.54,,,Ⅳ
2023-11-14T00:00:00+08:00,1699891200,15.2,7.52,4.31,653.2,25.9,7.15,0.496,0.111,2.46,,,Ⅳ
2023-11-14T04:00:00+08:00,1699905600,14.8,7.48,3.86,679.9,26.7,5.77,0.61,0.123,2.52,,,Ⅳ
2023-11-14T08:00:00+08:00,1699920000,14.5,7.48,3.77,764.8,27.4,7.01,0.514,0.114,2.55,,,Ⅳ
2023-11-14T12:00:00+08:00,1699934400,15.3,7.49,3.99,623.3,26.7,,,0.09,2.51,,,
2023-11-14T16:00:00+08:00,1699948800,16.8,7.56,4.82,491.1,32.5,6.48,0.28,0.085,2.41,,,Ⅳ
2023-11-14T20:00:00+08:00,1699963200,15.5,7.55,4.62,512.3,30.2,6.8,0.298,0.078,2.35,,,Ⅳ
2023-11-15T04:00:00+08:00,1699992000,14.3,7.49,4.05,754.1,25.9,8.03,,0.1,2.52,,,
2023-11-15T08:00:00+08:00,1700006400,14.2,7.52,4.45,763.1,30.6,7.32,0.328,0.086,2.38,,,Ⅳ
2023-11-15T12:00:00+08:00,1700020800,15.8,7.49,4.24,374.1,31.4,6.4,0.231,0.083,2.32,,,Ⅳ
2023-11-15T16:00:00+08:00,1700035200,15.4,7.54,4.72,306.8,31.6,6.62,0.237,0.08,2.33,,,Ⅳ
2023-11-15T20:00:00+08:00,1700049600,14.2,7.49,3.74,296.7,27.2,6.84,0.364,0.081,2.57,,,Ⅳ
2023-11-16T00:00:00+08:00,1700064000,14.0,7.48,3.93,301.9,27.8,6.79,0.394,0.084,2.62,,,Ⅳ
2023-11-16T04:00:00+08:00,1700078400,14.3,7.52,4.15,276.9,31.1,6.44,0.216,0.074,2.43,,,Ⅳ
2023-11-16T08:00:00+08:00,1700092800,14.0,7.52,4.12,289.1,28.6,6.58,0.223,0.074,2.45,,,Ⅳ
2023-11-16T16:00:00+08:00,1700121600,14.5,7.58,5.12,288.0,21.9,6.28,0.476,0.076,2.73,,,Ⅳ
2023-11-16T20:00:00+08:00,1700136000,14.0,7.6,5.37,301.9,12.8,6.21,0.62,0.067,3.01,,,Ⅳ
2023-11-17T04:00:00+08:00,1700164800,13.3,7.55,4.67,316.1,20.5,7.3,0.738,0.102,2.9,,,Ⅳ
2023-11-17T08:00:00+08:00,1700179200,13.0,7.54,4.39,301.7,25.9,7.68,0.752,0.114,2.81,,,Ⅳ
2023-11-17T12:00:00+08:00,1700193600,13.5,7.53,4.56,288.5,20.9,6.9,0.66,0.1,2.9,,,Ⅳ
2023-11-17T16:00:00+08:00,1700208000,14.0,7.6,5.3,304.5,21.0,6.62,0.525,0.08,2.7,,,Ⅳ
2023-11-17T20:00:00+08:00,1700222400,13.3,7.59,5.27,304.3,19.4,6.91,0.621,0.088,2.81,,,Ⅳ
2023-11-18T04:00:00+08:00,1700251200,12.8,7.54,4.66,310.3,24.4,6.93,0.585,0.086,2.67,,,Ⅳ
2023-11-18T08:00:00+08:00,1700265600,12.5,7.52,4.58,298.8,24.3,6.93,0.561,0.086,2.75,,,Ⅳ
2023-11-18T12:00:00+08:00,1700280000,13.0,7.54,4.64,295.4,25.7,6.66,0.413,0.079,2.61,,,Ⅳ
2023-11-18T16:00:00+08:00,1700294400,13.7,7.57,5.03,290.9,24.3,6.51,0.358,0.072,2.63,,,Ⅳ
2023-11-18T20:00:00+08:00,1700308800,13.2,7.58,5.18,306.2,24.9,6.49,0.332,0.068,2.53,,,Ⅳ
2023-11-19T04:00:00+08:00,1700337600,12.6,7.55,4.86,289.7,25.1,6.5,0.373,0.07,2.52,,,Ⅳ
2023-11-19T08:00:00+08:00,1700352000,12.5,7.59,5.03,302.6,28.0,6.31,0.323,0.069,2.5,,,Ⅳ
2023-11-19T12:00:00+08:00,1700366400,13.0,7.58,5.07,301.3,24.7,6.31,0.28,0.068,2.54,,,Ⅳ
2023-11-19T16:00:00+08:00,1700380800,13.9,7.61,5.74,472.4,19.3,6.27,0.229,0.068,2.55,,,Ⅳ
2023-11-19T20:00:00+08:00,1700395200,13.3,7.61,5.39,429.4,21.6,6.28,0.283,0.073,2.49,,,Ⅳ
2023-11-20T04:00:00+08:00,1700424000,12.8,7.59,5.23,451.7,23.2,6.44,0.328,0.074,2.56,,,Ⅳ
2023-11-20T08:00:00+08:00,1700438400,12.6,7.59,5.02,415.7,22.9,6.54,0.311,0.074,2.6,,,Ⅳ
2023-11-20T12:00:00+08:00,1700452800,13.2,7.58,5.14,428.1,23.6,6.26,0.226,0.067,2.45,,,Ⅳ
2023-11-20T16:00:00+08:00,1700467200,13.9,7.62,5.42,477.1,21.3,6.3,0.233,0.071,2.43,,,Ⅳ
2023-11-20T20:00:00+08:00,1700481600,13.4,7.62,5.57,454.7,17.6,6.2,0.236,0.064,2.52,,,Ⅳ
2023-11-21T04:00:00+08:00,1700510400,13.0,7.59,5.33,450.9,19.9,6.25,0.273,0.071,2.57,,,Ⅳ
2023-11-21T08:00:00+08:00,1700524800,12.8,7.57,5.15,460.4,20.5,6.4,0.261,0.075,2.52,,,Ⅳ
2023-11-21T12:00:00+08:00,1700539200,13.3,7.58,5.17,478.4,18.4,6.19,0.172,0.064,2.62,,,Ⅳ
2023-11-21T16:00:00+08:00,1700553600,14.4,7.66,6.27,472.7,17.9,5.62,0.156,0.051,2.56,,,Ⅲ
2023-11-21T20:00:00+08:00,1700568000,13.8,7.62,5.63,430.4,19.8,6.2,0.216,0.059,2.52,,,Ⅳ
2023-11-22T04:00:00+08:00,1700596800,13.3,7.61,5.55,476.8,18.3,6.2,0.254,0.068,2.61,,,Ⅳ
2023-11-22T08:00:00+08:00,1700611200,13.1,7.6,5.29,494.0,17.6,6.48,0.268,0.075,2.67,,,Ⅳ
2023-11-22T12:00:00+08:00,1700625600,14.0,7.65,6.2,479.7,14.6,5.44,0.19,0.053,2.88,,,Ⅲ
2023-11-22T16:00:00+08:00,1700640000,14.3,7.71,6.72,471.2,14.1,5.38,0.194,0.049,2.84,,,Ⅲ
2023-11-22T20:00:00+08:00,1700654400,14.0,7.73,6.64,453.7,16.2,5.59,0.271,0.056,2.86,,,Ⅲ
2023-11-23T04:00:00+08:00,1700683200,13.6,7.65,6.24,428.5,18.6,6.25,0.318,0.072,2.89,,,Ⅳ
2023-11-23T08:00:00+08:00,1700697600,13.7,7.65,5.96,450.2,16.1,6.75,0.3,0.085,3.07,,,Ⅳ
2023-11-23T12:00:00+08:00,1700712000,14.3,7.64,6.2,456.1,12.7,6.57,0.305,0.071,3.0,,,Ⅳ
2023-11-23T16:00:00+08:00,1700726400,14.6,7.67,6.66,413.2,13.2,7.13,0.299,0.07,2.99,,,Ⅳ
2023-11-23T20:00:00+08:00,1700740800,14.1,7.81,7.67,416.5,14.2,7.82,0.604,0.093,3.02,,,Ⅳ
2023-11-24T04:00:00+08:00,1700769600,13.6,7.7,6.49,439.3,16.0,7.52,0.456,0.098,2.98,,,Ⅳ
2023-11-24T08:00:00+08:00,1700784000,13.2,7.63,6.13,438.8,18.2,7.62,0.427,0.099,2.97,,,Ⅳ
2023-11-24T12:00:00+08:00,1700798400,13.6,7.6,6.65,439.3,16.9,7.47,0.368,0.084,2.89,,,Ⅳ
2023-11-24T16:00:00+08:00,1700812800,14.0,7.78,7.79,520.9,13.1,7.85,0.288,0.086,2.87,,,Ⅳ
2023-11-24T20:00:00+08:00,1700827200,13.4,7.73,7.15,540.6,13.2,6.87,0.349,0.076,2.9,,,Ⅳ
2023-11-25T04:00:00+08:00,1700856000,12.9,7.7,6.86,554.1,16.7,7.03,0.416,0.084,2.9,,,Ⅳ
2023-11-25T08:00:00+08:00,1700870400,12.7,7.7,6.81,546.3,17.3,7.11,0.441,0.087,2.92,,,Ⅳ
2023-11-25T12:00:00+08:00,1700884800,13.3,7.76,7.33,558.9,13.1,7.17,0.284,0.076,2.78,,,Ⅳ
2023-11-25T16:00:00+08:00,1700899200,13.6,7.82,8.09,559.7,12.6,7.3,0.267,0.073,2.74,,,Ⅳ
2023-11-25T20:00:00+08:00,1700913600,13.1,7.8,7.69,592.1,17.5,6.7,0.223,0.066,2.55,,,Ⅳ
2023-11-26T04:00:00+08:00,1700942400,13.0,7.78,7.36,574.0,16.4,6.71,0.237,0.072,2.6,,,Ⅳ
2023-11-26T08:00:00+08:00,1700956800,13.1,7.8,7.21,524.2,21.4,6.28,0.178,0.068,2.47,,,Ⅳ
2023-11-26T12:00:00+08:00,1700971200,13.1,7.75,7.1,651.7,12.6,6.2,0.119,0.063,2.78,,,Ⅳ
2023-11-26T16:00:00+08:00,1700985600,13.4,7.82,7.56,732.6,12.8,6.21,0.151,0.062,2.7,,,Ⅳ
2023-11-26T20:00:00+08:00,1701000000,13.3,7.75,7.19,718.6,12.8,6.26,0.226,0.064,2.66,,,Ⅳ
2023-11-27T04:00:00+08:00,1701028800,12.8,7.72,7.01,673.2,11.9,7.11,0.327,0.08,2.85,,,Ⅳ
2023-11-27T08:00:00+08:00,1701043200,12.5,7.72,6.97,925.5,12.1,7.32,0.36,0.09,2.92,,,Ⅳ
2023-11-27T12:00:00+08:00,1701057600,13.5,7.75,7.19,654.1,10.9,,0.156,0.062,2.79,,,
2023-11-27T16:00:00+08:00,1701072000,23.1,5.97,8.01,0.1,7.3,,,,,,,
2023-11-27T20:00:00+08:00,1701086400,21.7,5.99,8.04,0.1,7.3,,,,,,,
2023-11-28T04:00:00+08:00,1701115200,12.4,7.71,7.04,636.7,14.7,8.08,0.581,0.105,3.06,,,Ⅳ
2023-11-28T08:00:00+08:00,1701129600,12.0,7.7,7.06,616.6,15.3,8.35,0.665,0.115,3.12,,,Ⅳ
2023-11-28T12:00:00+08:00,1701144000,12.7,7.75,7.32,562.0,15.0,7.86,0.44,0.095,3.0,,,Ⅳ
2023-11-28T16:00:00+08:00,1701158400,13.3,7.82,8.33,535.4,10.5,8.12,0.523,0.088,2.9,,,Ⅳ
2023-11-28T20:00:00+08:00,1701172800,12.4,7.79,7.96,507.1,10.6,7.98,0.539,0.09,2.91,,,Ⅳ
2023-11-29T04:00:00+08:00,1701201600,12.1,7.75,7.92,616.9,14.3,8.75,0.552,0.119,2.89,,,Ⅳ
2023-11-29T08:00:00+08:00,1701216000,12.0,7.78,7.64,616.8,14.3,8.33,0.367,0.116,2.81,,,Ⅳ
2023-11-29T12:00:00+08:00,1701230400,12.9,7.85,8.69,571.5,13.8,8.16,0.265,0.099,2.69,,,Ⅳ
2023-11-29T16:00:00+08:00,1701244800,13.3,7.93,9.25,551.9,10.9,8.39,0.227,0.093,2.6,,,Ⅳ
2023-11-29T20:00:00+08:00,1701259200,12.6,7.88,8.84,561.8,11.5,7.86,0.214,0.082,2.46,,,Ⅳ
2023-11-30T04:00:00+08:00,1701288000,12.1,7.79,8.39,597.5,14.0,8.02,0.228,0.116,2.36,,,Ⅳ
2023-11-30T08:00:00+08:00,1701302400,11.7,7.8,8.56,635.7,13.2,8.16,0.236,0.124,2.25,,,Ⅳ
2023-11-30T12:00:00+08:00,1701316800,12.3,7.89,8.96,620.7,10.6,7.07,0.113,0.083,2.49,,,Ⅳ
2023-11-30T16:00:00+08:00,1701331200,12.2,7.92,9.17,600.0,10.8,7.06,0.114,0.083,2.39,,,Ⅳ
2023-11-30T20:00:00+08:00,1701345600,11.9,7.91,8.84,645.8,10.8,7.19,0.155,0.111,2.23,,,Ⅳ
2023-12-01T04:00:00+08:00,1701374400,11.2,7.86,8.51,794.4,11.6,7.27,0.168,0.131,2.24,,,Ⅳ
2023-12-01T08:00:00+08:00,1701388800,10.7,7.78,8.38,786.7,10.8,8.22,0.387,0.21,2.08,,,Ⅳ
2023-12-01T12:00:00+08:00,1701403200,11.8,7.86,8.78,749.9,9.6,7.27,0.191,0.138,2.37,,,Ⅳ
2023-12-01T16:00:00+08:00,1701417600,11.8,7.91,8.93,616.5,10.2,7.07,0.036,0.121,2.4,,,Ⅳ
2023-12-01T20:00:00+08:00,1701432000,11.3,7.84,8.77,726.1,9.4,7.24,0.28,0.144,2.24,,,Ⅳ
2023-12-02T04:00:00+08:00,1701460800,10.4,7.82,8.48,977.7,12.9,7.39,0.295,0.159,2.15,,,Ⅳ
2023-12-02T08:00:00+08:00,1701475200,10.1,7.81,8.42,965.2,11.2,7.68,0.21,0.144,2.25,,,Ⅳ
2023-12-02T12:00:00+08:00,1701489600,11.3,7.84,8.16,841.7,10.3,7.01,0.173,0.118,2.3,,,Ⅳ
2023-12-02T16:00:00+08:00,1701504000,11.6,7.97,8.77,995.1,15.3,5.91,0.054,0.067,2.52,,,Ⅲ
2023-12-02T20:00:00+08:00,1701518400,11.1,7.89,8.55,843.8,11.1,6.17,0.115,0.083,2.38,,,Ⅳ
2023-12-03T04:00:00+08:00,1701547200,10.3,7.83,8.38,639.9,10.9,6.7,0.162,0.101,2.22,,,Ⅳ
2023-12-03T08:00:00+08:00,1701561600,10.2,7.84,8.27,960.6,11.3,6.77,0.139,0.096,2.21,,,Ⅳ
2023-12-03T12:00:00+08:00,1701576000,11.4,7.87,8.32,962.6,10.4,6.68,0.129,0.094,2.23,,,Ⅳ
2023-12-03T16:00:00+08:00,1701590400,11.5,7.94,8.84,1015.8,10.5,6.2,0.084,0.073,2.32,,,Ⅳ
2023-12-03T20:00:00+08:00,1701604800,11.1,7.96,8.95,660.0,10.9,6.46,0.107,0.079,2.17,,,Ⅳ
2023-12-04T04:00:00+08:00,1701633600,10.2,7.88,8.69,987.2,10.5,6.92,0.114,0.092,2.14,,,Ⅳ
2023-12-04T08:00:00+08:00,1701648000,10.7,7.92,8.44,973.8,13.2,6.53,0.11,0.078,2.18,,,Ⅳ
2023-12-04T12:00:00+08:00,1701662400,11.2,7.86,9.83,512.9,11.9,6.62,0.093,0.078,2.24,,,Ⅳ
2023-12-04T16:00:00+08:00,1701676800,11.7,7.97,9.88,483.6,10.9,6.86,0.087,0.082,2.21,,,Ⅳ
2023-12-04T20:00:00+08:00,1701691200,11.2,7.92,9.46,575.7,10.6,6.35,0.087,0.074,2.24,,,Ⅳ
2023-12-05T00:00:00+08:00,1701705600,11.1,7.9,9.08,593.0,9.2,6.66,0.099,0.081,2.1,,,Ⅳ
2023-12-05T04:00:00+08:00,1701720000,10.7,7.85,8.71,719.9,10.4,6.9,0.128,0.087,2.1,,,Ⅳ
2023-12-05T08:00:00+08:00,1701734400,10.4,7.84,8.68,706.4,9.6,7.18,0.14,0.091,2.04,,,Ⅳ
2023-12-05T12:00:00+08:00,1701748800,11.6,7.92,8.73,812.1,11.6,6.07,0.081,0.061,2.49,,,Ⅳ
2023-12-05T16:00:00+08:00,1701763200,11.6,7.92,9.28,814.3,9.2,6.78,0.135,0.077,2.33,,,Ⅳ
2023-12-05T20:00:00+08:00,1701777600,11.1,7.96,9.39,759.7,10.1,6.59,0.185,0.079,2.27,,,Ⅳ
2023-12-06T00:00:00+08:00,1701792000,11.0,7.9,9.2,769.5,8.2,6.86,0.251,0.092,2.24,,,Ⅳ
2023-12-06T04:00:00+08:00,1701806400,10.7,7.87,9.07,721.8,8.9,7.12,0.329,0.105,2.26,,,Ⅳ
2023-12-06T12:00:00+08:00,1701835200,12.1,7.96,9.18,934.3,11.7,5.91,0.125,0.064,2.64,,,Ⅲ
2023-12-06T16:00:00+08:00,1701849600,12.8,8.07,9.4,1024.7,13.9,5.37,0.078,0.054,2.58,,,Ⅲ
2023-12-06T20:00:00+08:00,1701864000,11.5,8.02,9.98,884.0,9.3,7.11,0.256,0.094,2.36,,,Ⅳ
2023-12-07T00:00:00+08:00,1701878400,11.3,7.98,9.69,838.5,10.0,7.22,0.24,0.097,2.32,,,Ⅳ
2023-12-07T04:00:00+08:00,1701892800,10.9,7.95,9.54,835.9,10.4,7.36,0.223,0.105,2.22,,,Ⅳ
2023-12-07T08:00:00+08:00,1701907200,10.5,7.93,9.44,830.9,11.2,7.59,0.21,0.106,2.15,,,Ⅳ
2023-12-07T12:00:00+08:00,1701921600,11.8,8.0,9.62,799.4,10.3,6.73,0.132,0.083,2.35,,,Ⅳ
2023-12-07T16:00:00+08:00,1701936000,12.8,8.09,9.61,933.3,14.1,7.04,0.109,0.079,2.24,,,Ⅳ
2023-12-07T20:00:00+08:00,1701950400,11.5,8.04,9.79,910.2,11.8,6.42,0.09,0.068,2.38,,,Ⅳ
2023-12-08T00:00:00+08:00,1701964800,11.5,8.02,9.77,958.6,10.5,6.94,0.103,0.082,2.23,,,Ⅳ
2023-12-08T04:00:00+08:00,1701979200,11.3,7.99,9.45,779.4,11.1,6.88,0.098,0.083,2.2,,,Ⅳ
2023-12-08T08:00:00+08:00,1701993600,10.9,7.93,9.34,824.3,11.1,7.39,0.085,0.09,2.09,,,Ⅳ
2023-12-08T12:00:00+08:00,1702008000,12.3,8.01,9.26,817.2,11.6,5.95,0.059,0.063,2.49,,,Ⅲ
2023-12-08T16:00:00+08:00,1702022400,13.3,8.06,9.45,802.4,10.7,6.42,0.05,0.066,2.46,,,Ⅳ
2023-12-08T20:00:00+08:00,1702036800,12.3,8.05,9.51,817.7,10.4,6.03,0.045,0.057,2.4,,,Ⅳ
2023-12-09T00:00:00+08:00,1702051200,11.9,7.99,9.38,829.2,11.5,6.21,0.05,0.062,2.34,,,Ⅳ
2023-12-09T04:00:00+08:00,1702065600,12.0,7.98,9.07,906.9,10.3,5.97,0.043,0.064,2.37,,,Ⅲ
2023-12-09T08:00:00+08:00,1702080000,12.0,7.98,8.91,868.1,10.8,6.36,0.04,0.07,2.34,,,Ⅳ
2023-12-09T12:00:00+08:00,1702094400,13.1,7.98,9.04,1065.1,11.6,5.91,0.044,0.052,2.29,,,Ⅲ
2023-12-09T16:00:00+08:00,1702108800,13.3,8.05,9.5,829.0,11.3,6.29,0.04,0.055,2.3,,,Ⅳ
2023-12-09T20:00:00+08:00,1702123200,13.2,7.95,8.59,933.2,13.9,5.44,0.048,0.049,2.41,,,Ⅲ
2023-12-10T00:00:00+08:00,1702137600,12.8,7.96,8.93,903.4,12.9,5.91,0.051,0.051,2.41,,,Ⅲ
2023-12-10T04:00:00+08:00,1702152000,12.7,7.95,8.61,905.6,11.9,5.91,0.037,0.054,2.33,,,Ⅲ
2023-12-10T08:00:00+08:00,1702166400,12.5,7.95,8.96,866.3,11.7,6.25,0.038,0.057,2.29,,,Ⅳ
2023-12-10T12:00:00+08:00,1702180800,14.6,8.12,9.02,567.9,13.1,5.9,0.056,0.055,2.47,,,Ⅲ
2023-12-10T16:00:00+08:00,1702195200,13.5,7.84,8.49,522.8,11.8,5.59,0.051,0.048,2.49,,,Ⅲ
2023-12-10T20:00:00+08:00,1702209600,13.1,7.84,8.65,515.6,11.4,5.5,0.055,0.053,2.45,,,Ⅲ
2023-12-11T00:00:00+08:00,1702224000,13.7,7.82,8.26,514.0,13.0,5.4,0.069,0.054,2.46,,,Ⅲ
2023-12-11T04:00:00+08:00,1702238400,13.7,7.81,8.04,515.5,16.4,5.32,0.095,0.054,2.56,,,Ⅲ
2023-12-11T08:00:00+08:00,1702252800,13.7,7.77,7.56,514.0,20.5,5.48,0.141,0.058,2.62,,,Ⅲ
2023-12-11T12:00:00+08:00,1702267200,13.4,7.78,7.71,507.0,16.2,5.46,0.187,0.058,2.69,,,Ⅲ
2023-12-11T16:00:00+08:00,1702281600,13.0,7.78,7.61,499.8,14.1,5.91,0.222,0.065,2.77,,,Ⅲ
2023-12-11T20:00:00+08:00,1702296000,12.9,7.71,7.27,483.9,13.4,5.99,0.285,0.077,2.85,,,Ⅲ
2023-12-12T00:00:00+08:00,1702310400,12.6,7.74,7.63,477.0,13.5,6.36,0.236,0.081,2.52,,,Ⅳ
2023-12-12T04:00:00+08:00,1702324800,12.1,7.72,7.6,468.3,14.5,6.65,0.36,0.091,2.57,,,Ⅳ
2023-12-12T08:00:00+08:00,1702339200,11.9,7.66,6.64,461.6,15.2,7.13,1.127,0.127,3.3,,,Ⅳ
2023-12-12T12:00:00+08:00,1702353600,11.9,7.7,7.1,467.4,14.3,6.86,1.546,0.133,3.71,,,Ⅴ
2023-12-12T16:00:00+08:00,1702368000,12.2,7.74,7.72,456.3,13.8,6.93,1.192,0.121,3.24,,,Ⅳ
2023-12-12T20:00:00+08:00,1702382400,11.9,7.72,7.71,445.3,13.8,7.0,1.106,0.121,3.11,,,Ⅳ
2023-12-13T00:00:00+08:00,1702396800,11.8,7.68,7.35,436.5,14.1,7.27,0.999,0.123,2.88,,,Ⅳ
2023-12-13T04:00:00+08:00,1702411200,11.6,7.65,6.93,426.4,14.7,7.25,1.397,0.139,3.27,,,Ⅳ
2023-12-13T08:00:00+08:00,1702425600,11.6,7.62,6.67,416.6,15.7,7.41,1.245,0.132,3.03,,,Ⅳ
2023-12-13T12:00:00+08:00,1702440000,11.6,7.64,7.32,424.9,12.7,7.57,1.048,0.126,2.89,,,Ⅳ
2023-12-13T16:00:00+08:00,1702454400,11.8,7.69,8.08,427.1,9.8,7.86,0.921,0.119,2.78,,,Ⅳ
2023-12-13T20:00:00+08:00,1702468800,11.4,7.65,7.47,425.9,12.9,7.76,1.081,0.125,2.95,,,Ⅳ
2023-12-14T00:00:00+08:00,1702483200,11.8,7.62,6.99,423.9,12.8,7.57,0.997,0.123,2.89,,,Ⅳ
2023-12-14T04:00:00+08:00,1702497600,12.0,7.57,5.92,425.0,14.2,7.47,1.248,0.128,3.14,,,Ⅳ
2023-12-14T08:00:00+08:00,1702512000,12.2,7.57,5.6,425.8,12.2,7.54,1.475,0.133,3.33,,,Ⅳ
2023-12-14T12:00:00+08:00,1702526400,12.4,7.65,6.93,431.1,9.6,7.57,0.949,0.111,2.79,,,Ⅳ
2023-12-14T16:00:00+08:00,1702540800,13.3,7.62,7.0,468.5,9.1,7.13,1.079,0.105,3.05,,,Ⅳ
2023-12-14T20:00:00+08:00,1702555200,12.7,7.65,7.32,465.7,9.9,7.19,0.904,0.1,2.86,,,Ⅳ
2023-12-15T00:00:00+08:00,1702569600,12.8,7.63,6.83,463.8,13.3,6.78,0.971,0.1,2.97,,,Ⅳ
2023-12-15T04:00:00+08:00,1702584000,12.4,7.56,6.26,423.3,16.3,7.01,1.089,0.116,2.87,,,Ⅳ
2023-12-15T08:00:00+08:00,1702598400,12.0,7.57,6.47,420.2,14.4,7.2,1.022,0.115,2.75,,,Ⅳ
2023-12-15T16:00:00+08:00,1702627200,11.6,7.7,7.84,467.6,15.7,7.25,0.91,0.113,2.68,,,Ⅳ
2023-12-15T20:00:00+08:00,1702641600,11.0,7.68,8.01,446.6,15.9,6.4,0.622,0.08,2.74,,,Ⅳ
2023-12-16T04:00:00+08:00,1702670400,9.2,7.65,7.74,410.7,15.3,7.08,0.704,0.109,2.46,,,Ⅳ
2023-12-16T12:00:00+08:00,1702699200,9.5,7.7,9.13,434.4,9.5,8.49,0.477,0.187,2.22,,,Ⅳ
2023-12-16T16:00:00+08:00,1702713600,9.6,7.72,9.12,431.8,8.7,8.64,0.423,0.218,2.23,,,Ⅳ
2023-12-16T20:00:00+08:00,1702728000,9.2,7.72,9.13,433.6,9.0,8.6,0.438,0.222,2.25,,,Ⅳ
2023-12-17T04:00:00+08:00,1702756800,8.5,7.69,8.96,437.6,11.4,8.64,0.475,0.212,2.25,,,Ⅳ
2023-12-17T08:00:00+08:00,1702771200,8.1,7.69,8.98,436.3,10.2,8.53,0.498,0.202,2.24,,,Ⅳ
2023-12-17T12:00:00+08:00,1702785600,9.2,7.71,8.97,434.4,8.9,8.39,0.504,0.186,2.29,,,Ⅳ
2023-12-17T16:00:00+08:00,1702800000,9.6,7.71,8.8,428.0,7.5,8.39,0.466,0.194,2.33,,,Ⅳ
2023-12-17T20:00:00+08:00,1702814400,8.7,7.73,8.87,434.1,7.7,8.08,0.508,0.18,2.39,,,Ⅳ
2023-12-18T04:00:00+08:00,1702843200,8.1,7.71,9.0,436.1,8.2,8.32,0.499,0.183,2.37,,,Ⅳ
2023-12-18T08:00:00+08:00,1702857600,7.9,7.72,8.96,437.9,7.4,8.19,0.509,0.195,2.39,,,Ⅳ
2023-12-18T12:00:00+08:00,1702872000,7.6,7.69,8.62,433.4,7.2,7.95,0.527,0.18,2.45,,,Ⅳ
2023-12-18T16:00:00+08:00,1702886400,7.8,7.77,8.63,426.4,6.8,7.45,0.537,0.172,2.54,,,Ⅳ
2023-12-18T20:00:00+08:00,1702900800,6.9,7.79,8.8,435.1,6.6,7.48,0.512,0.191,2.47,,,Ⅳ
2023-12-19T04:00:00+08:00,1702929600,6.0,7.79,9.09,430.1,6.0,8.69,0.509,0.21,2.31,,,Ⅳ
2023-12-19T08:00:00+08:00,1702944000,6.0,7.77,8.78,431.5,6.3,8.73,0.563,0.191,2.35,,,Ⅳ
2023-12-19T12:00:00+08:00,1702958400,6.6,7.76,9.62,428.9,6.9,,0.649,0.234,2.38,,,
2023-12-19T16:00:00+08:00,1702972800,7.3,7.76,8.79,425.2,6.0,7.54,0.724,0.227,2.59,,,Ⅳ
2023-12-19T20:00:00+08:00,1702987200,7.3,7.71,8.84,425.3,5.4,7.73,0.635,0.234,2.48,,,Ⅳ
2023-12-20T12:00:00+08:00,1703044800,7.4,7.75,8.27,416.6,4.8,6.84,0.855,0.137,2.92,,,Ⅳ
2023-12-20T16:00:00+08:00,1703059200,8.1,7.73,8.74,417.1,4.8,7.04,0.81,0.142,2.89,,,Ⅳ
2023-12-20T20:00:00+08:00,1703073600,7.2,7.76,8.63,410.3,5.7,7.0,0.872,0.138,2.96,,,Ⅳ
2023-12-21T04:00:00+08:00,1703102400,6.3,7.76,8.98,401.6,7.2,6.81,0.998,0.135,3.11,,,Ⅳ
2023-12-21T08:00:00+08:00,1703116800,6.0,7.75,9.12,401.1,8.1,6.75,1.11,0.136,3.21,,,Ⅳ
2023-12-21T12:00:00+08:00,1703131200,6.5,7.77,9.34,405.0,5.4,6.96,1.204,0.141,3.36,,,Ⅳ
2023-12-21T16:00:00+08:00,1703145600,6.9,7.81,9.63,397.9,5.2,7.06,0.999,0.139,3.17,,,Ⅳ
2023-12-21T20:00:00+08:00,1703160000,5.9,7.8,9.4,398.9,5.4,7.05,1.079,0.133,3.23,,,Ⅳ
2023-12-22T04:00:00+08:00,1703188800,5.4,7.81,9.55,391.5,18.7,6.8,1.144,0.123,3.33,,,Ⅳ
2023-12-22T08:00:00+08:00,1703203200,5.1,7.82,9.75,393.3,19.8,6.76,1.101,0.135,3.27,,,Ⅳ
2023-12-22T12:00:00+08:00,1703217600,5.8,7.82,9.84,393.5,4.7,6.7,1.109,0.122,3.2,,,Ⅳ
2023-12-22T16:00:00+08:00,1703232000,6.2,7.84,10.01,394.9,4.1,6.52,1.052,0.117,3.2,,,Ⅳ
2023-12-22T20:00:00+08:00,1703246400,5.5,7.84,10.1,396.8,6.5,6.47,0.966,0.115,3.07,,,Ⅳ
2023-12-23T04:00:00+08:00,1703275200,5.4,7.81,9.47,396.7,4.5,6.27,0.958,0.107,3.08,,,Ⅳ
2023-12-23T08:00:00+08:00,1703289600,5.3,7.78,9.18,395.5,4.4,6.01,0.952,0.105,3.09,,,Ⅳ
2023-12-23T12:00:00+08:00,1703304000,5.8,7.82,9.78,399.3,4.2,6.31,0.91,0.107,3.05,,,Ⅳ
2023-12-23T16:00:00+08:00,1703318400,6.5,7.82,10.17,399.6,3.8,6.11,0.825,0.103,2.98,,,Ⅳ
2023-12-23T20:00:00+08:00,1703332800,5.9,7.83,10.26,399.5,3.7,6.33,0.759,0.11,2.88,,,Ⅳ
2023-12-24T04:00:00+08:00,1703361600,5.2,7.78,9.79,399.8,9.5,6.49,0.663,0.119,2.75,,,Ⅳ
2023-12-24T08:00:00+08:00,1703376000,5.1,7.8,9.62,397.0,4.0,6.21,0.79,0.107,2.99,,,Ⅳ
2023-12-24T12:00:00+08:00,1703390400,6.0,7.81,10.04,407.5,4.1,6.4,0.843,0.104,3.08,,,Ⅳ
2023-12-24T16:00:00+08:00,1703404800,6.5,7.89,10.54,436.7,8.4,6.4,0.768,0.11,2.96,,,Ⅳ
2023-12-24T20:00:00+08:00,1703419200,6.1,7.92,10.44,437.9,9.6,6.06,0.664,0.103,3.0,,,Ⅳ
2023-12-25T04:00:00+08:00,1703448000,5.8,7.84,9.77,406.8,5.0,6.15,0.68,0.097,3.0,,,Ⅳ
2023-12-25T08:00:00+08:00,1703462400,5.4,7.81,9.75,413.7,4.5,6.27,0.776,0.1,3.1,,,Ⅳ
2023-12-25T12:00:00+08:00,1703476800,6.8,7.83,10.02,416.1,4.3,6.47,0.839,0.107,3.16,,,Ⅳ
2023-12-25T16:00:00+08:00,1703491200,7.1,7.92,10.67,449.7,10.0,6.56,0.737,0.114,3.13,,,Ⅳ
2023-12-25T20:00:00+08:00,1703505600,6.2,7.9,10.49,452.6,10.6,6.09,0.664,0.092,3.05,,,Ⅳ
2023-12-26T04:00:00+08:00,1703534400,6.1,7.8,9.56,416.2,6.0,5.95,0.623,0.099,2.92,,,Ⅲ
2024-01-15T16:00:00+08:00,1705305600,10.6,8.12,11.76,395.4,9.2,7.8,0.047,0.107,2.35,,,Ⅳ
2024-01-16T12:00:00+08:00,1705377600,9.5,7.98,10.87,397.3,10.7,8.75,0.025,0.123,2.34,,,Ⅳ
2024-01-16T16:00:00+08:00,1705392000,9.7,8.07,11.6,400.1,10.4,9.03,0.025,0.129,2.35,,,Ⅳ
2024-01-16T20:00:00+08:00,1705406400,9.4,8.01,11.43,402.4,10.0,8.9,0.025,0.124,2.32,,,Ⅳ
2024-01-17T04:00:00+08:00,1705435200,9.1,7.96,10.57,402.3,12.6,8.84,0.025,0.132,2.33,,,Ⅳ
2024-01-17T08:00:00+08:00,1705449600,9.3,7.86,9.13,396.6,12.4,8.2,0.073,0.121,2.35,,,Ⅳ
2024-01-17T12:00:00+08:00,1705464000,10.0,7.99,10.53,398.4,11.4,8.71,0.03,0.123,2.34,,,Ⅳ
2024-01-17T16:00:00+08:00,1705478400,10.5,8.08,11.3,398.0,10.3,9.08,0.025,0.124,2.37,,,Ⅳ
2024-01-17T20:00:00+08:00,1705492800,10.3,8.0,10.44,396.9,11.9,8.85,0.056,0.114,2.38,,,Ⅳ
2024-01-18T04:00:00+08:00,1705521600,10.1,7.92,9.67,397.2,12.5,8.58,0.038,0.123,2.33,,,Ⅳ
2024-01-18T08:00:00+08:00,1705536000,9.9,7.85,8.89,398.3,15.6,8.3,0.085,0.118,2.36,,,Ⅳ
2024-01-22T16:00:00+08:00,1705910400,6.8,7.73,9.59,397.9,11.3,8.14,1.921,0.17,5.07,,,Ⅴ
2024-01-22T20:00:00+08:00,1705924800,6.5,7.74,9.43,384.8,9.9,7.7,1.598,0.141,4.75,,,Ⅴ
2024-01-23T04:00:00+08:00,1705953600,5.4,7.75,9.81,383.0,13.6,7.76,1.377,0.134,4.11,,,Ⅳ
2024-01-23T08:00:00+08:00,1705968000,4.9,7.75,10.19,368.8,15.0,7.78,1.254,0.133,3.94,,,Ⅳ
2024-01-23T12:00:00+08:00,1705982400,5.8,7.82,8.43,374.2,15.3,7.88,1.079,0.131,3.68,,,Ⅳ
2024-01-23T16:00:00+08:00,1705996800,6.8,7.81,10.35,368.4,12.7,7.3,1.03,0.123,3.64,,,Ⅳ
2024-01-23T20:00:00+08:00,1706011200,6.6,7.79,9.82,382.9,11.5,,,,,,,
2024-01-24T04:00:00+08:00,1706040000,5.8,7.77,9.88,370.3,14.3,7.57,0.85,,3.41,,,
2024-01-24T08:00:00+08:00,1706054400,5.6,7.76,9.66,381.3,11.0,7.9,0.956,,3.83,,,
2024-01-24T12:00:00+08:00,1706068800,6.2,7.78,10.13,380.6,9.9,7.81,0.951,0.121,3.94,,,Ⅳ
2024-01-24T16:00:00+08:00,1706083200,7.2,7.8,10.02,386.3,9.4,,0.92,,3.57,,,
2024-01-24T20:00:00+08:00,1706097600,6.6,7.78,9.92,383.9,9.2,7.46,0.963,0.117,3.77,,,Ⅳ
2024-01-25T04:00:00+08:00,1706126400,6.1,7.77,9.91,378.6,9.2,7.21,0.888,0.108,3.53,,,Ⅳ
2024-01-25T08:00:00+08:00,1706140800,5.8,7.76,9.67,383.4,8.9,7.39,0.933,0.116,3.73,,,Ⅳ
2024-01-25T12:00:00+08:00,1706155200,7.2,7.73,9.23,397.8,9.4,7.24,0.892,0.111,3.62,,,Ⅳ
2024-01-25T16:00:00+08:00,1706169600,7.7,7.74,9.38,392.7,8.7,7.69,0.958,0.124,3.99,,,Ⅳ
2024-01-25T20:00:00+08:00,1706184000,7.0,7.77,9.49,393.9,8.8,7.46,0.893,0.117,3.8,,,Ⅳ
2024-01-26T04:00:00+08:00,1706212800,6.2,7.75,8.85,390.6,8.8,7.22,0.842,0.11,3.51,,,Ⅳ
2024-01-26T08:00:00+08:00,1706227200,6.0,7.75,8.58,392.4,8.4,7.15,0.849,0.106,3.39,,,Ⅳ
2024-01-26T12:00:00+08:00,1706241600,7.3,7.73,8.71,398.3,8.6,7.3,0.85,0.105,3.39,,,Ⅳ
2024-01-26T16:00:00+08:00,1706256000,6.9,7.74,8.94,401.9,8.5,7.72,0.85,0.119,3.8,,,Ⅳ
2024-01-26T20:00:00+08:00,1706270400,6.8,7.72,8.29,403.0,8.5,7.61,0.826,0.112,3.61,,,Ⅳ
2024-01-27T04:00:00+08:00,1706299200,6.4,7.69,7.0,411.7,8.6,7.79,0.914,0.11,3.47,,,Ⅳ
2024-01-27T08:00:00+08:00,1706313600,6.2,7.69,6.22,416.3,8.3,8.06,1.135,0.115,3.54,,,Ⅳ
2024-01-27T12:00:00+08:00,1706328000,6.7,7.7,6.72,417.3,9.0,8.27,1.222,0.122,3.78,,,Ⅳ
2024-01-27T16:00:00+08:00,1706342400,7.6,7.7,6.51,419.5,8.7,8.31,1.824,0.136,4.25,,,Ⅳ
2024-01-27T20:00:00+08:00,1706356800,7.1,7.72,4.72,440.8,9.0,9.07,3.159,0.155,5.23,,,Ⅴ
2024-01-28T04:00:00+08:00,1706385600,6.1,7.75,8.01,426.1,11.8,9.56,2.064,0.155,4.73,,,劣Ⅴ
2024-01-28T08:00:00+08:00,1706400000,6.0,7.76,9.13,416.3,12.0,9.57,1.058,0.142,4.06,,,劣Ⅴ
2024-01-28T12:00:00+08:00,1706414400,6.8,7.86,8.49,431.9,12.6,10.79,,0.179,6.38,,,
2024-01-28T16:00:00+08:00,1706428800,8.1,8.02,5.69,481.9,11.5,11.81,,0.206,6.59,,,
2024-01-28T20:00:00+08:00,1706443200,7.4,7.96,7.12,459.9,11.4,11.48,,0.2,7.11,,,
2024-01-29T04:00:00+08:00,1706472000,6.7,7.76,9.2,422.4,10.8,9.68,1.346,0.165,4.35,,,Ⅴ
2024-01-29T08:00:00+08:00,1706486400,6.5,7.79,9.68,416.8,10.6,9.29,,0.179,3.98,,,
2024-01-29T12:00:00+08:00,1706500800,7.4,7.82,8.85,425.9,10.0,10.0,2.433,0.19,5.07,,,劣Ⅴ
2024-01-29T16:00:00+08:00,1706515200,8.2,7.82,7.23,434.8,10.1,10.01,2.711,0.192,5.28,,,劣Ⅴ
2024-01-29T20:00:00+08:00,1706529600,8.0,7.79,6.3,446.3,10.6,10.54,5.078,0.214,5.89,,,劣Ⅴ
2024-01-30T04:00:00+08:00,1706558400,7.9,7.77,6.84,441.6,10.0,10.23,3.664,0.217,5.67,,,
2024-01-30T08:00:00+08:00,1706572800,8.0,7.81,7.19,449.6,10.3,11.0,,0.233,6.48,,,
2024-01-30T12:00:00+08:00,1706587200,8.8,7.8,4.28,465.1,11.9,11.04,,0.23,6.56,,,
2024-01-30T16:00:00+08:00,1706601600,9.3,7.77,4.86,459.5,10.9,10.73,4.453,0.217,6.33,,,劣Ⅴ
2024-01-30T20:00:00+08:00,1706616000,9.0,7.74,5.56,451.9,10.5,10.49,4.057,0.212,6.11,,,劣Ⅴ
2024-01-31T04:00:00+08:00,1706644800,9.1,7.75,3.9,464.4,10.9,10.89,5.058,0.229,6.52,,,劣Ⅴ
2024-01-31T08:00:00+08:00,1706659200,9.2,7.73,4.19,458.5,10.9,10.67,4.99,0.23,6.49,,,劣Ⅴ
2024-01-31T12:00:00+08:00,1706673600,9.4,7.72,4.08,455.8,12.6,10.56,5.193,0.227,6.33,,,劣Ⅴ
2024-01-31T16:00:00+08:00,1706688000,9.3,7.68,4.82,447.9,11.3,10.09,3.446,0.215,5.76,,,劣Ⅴ
2024-01-31T20:00:00+08:00,1706702400,9.3,7.67,5.52,437.3,12.9,9.74,2.995,0.207,5.48,,,劣Ⅴ
2024-02-01T04:00:00+08:00,1706731200,9.6,7.67,4.63,448.4,23.9,10.21,4.586,0.241,6.31,,,劣Ⅴ
2024-02-01T08:00:00+08:00,1706745600,9.7,7.68,4.79,445.1,21.6,10.0,4.404,0.239,6.08,,,劣Ⅴ
2024-02-01T16:00:00+08:00,1706774400,9.2,7.6,6.39,438.5,20.5,10.45,3.56,0.257,6.21,,,劣Ⅴ
2024-02-01T20:00:00+08:00,1706788800,9.0,7.53,7.15,424.1,20.5,8.59,2.949,0.195,5.93,,,劣Ⅴ
2024-02-02T04:00:00+08:00,1706817600,8.6,7.62,8.4,398.3,17.2,6.46,1.459,0.128,4.88,,,Ⅳ
2024-02-02T08:00:00+08:00,1706832000,8.2,7.65,8.73,409.3,14.4,6.68,1.382,0.123,5.14,,,Ⅳ
2024-02-02T12:00:00+08:00,1706846400,7.9,7.66,9.1,415.1,12.0,6.75,1.287,0.133,5.25,,,Ⅳ
2024-02-02T16:00:00+08:00,1706860800,8.0,7.67,10.47,409.7,12.3,6.98,1.241,0.173,5.0,,,Ⅳ
2024-02-02T20:00:00+08:00,1706875200,7.8,7.66,10.1,406.0,13.6,6.59,1.328,0.147,5.06,,,Ⅳ
2024-02-03T00:00:00+08:00,1706889600,7.8,7.65,10.05,413.8,15.2,6.21,1.531,0.112,5.28,,,Ⅴ
2024-02-03T04:00:00+08:00,1706904000,7.5,7.64,9.49,401.7,16.6,7.59,0.855,0.186,4.79,,,Ⅳ
2024-02-03T08:00:00+08:00,1706918400,7.4,7.63,9.25,393.8,20.2,7.7,0.99,0.171,5.26,,,Ⅳ
2024-02-03T12:00:00+08:00,1706932800,7.6,7.65,9.63,387.6,21.1,6.76,1.449,0.158,5.49,,,Ⅳ
2024-02-03T16:00:00+08:00,1706947200,7.5,7.68,10.26,372.0,20.0,6.81,1.434,0.14,5.59,,,Ⅳ
2024-02-03T20:00:00+08:00,1706961600,7.3,7.64,10.17,386.2,20.5,7.56,1.208,0.157,5.78,,,Ⅳ
2024-02-04T00:00:00+08:00,1706976000,7.0,7.62,10.19,377.2,20.8,6.56,1.618,0.131,6.2,,,Ⅴ
2024-02-04T04:00:00+08:00,1706990400,7.0,7.63,10.18,367.7,20.5,6.38,1.631,0.126,5.87,,,Ⅴ
2024-02-04T08:00:00+08:00,1707004800,7.0,7.64,10.04,364.8,18.4,6.68,1.578,0.134,5.83,,,Ⅴ
2024-02-04T12:00:00+08:00,1707019200,6.9,7.67,10.33,365.8,22.5,6.87,1.423,0.145,5.89,,,Ⅳ
2024-02-04T16:00:00+08:00,1707033600,7.0,7.66,10.27,349.8,33.5,7.57,1.444,0.155,6.06,,,Ⅳ
2024-02-04T20:00:00+08:00,1707048000,6.8,7.62,10.51,361.9,39.2,7.15,1.487,0.147,6.16,,,Ⅳ
2024-02-05T00:00:00+08:00,1707062400,6.6,7.59,10.55,341.1,37.3,6.76,1.602,0.14,6.03,,,Ⅴ
2024-02-05T04:00:00+08:00,1707076800,6.3,7.62,10.64,340.2,34.5,6.33,1.568,0.135,5.67,,,Ⅴ
2024-02-05T08:00:00+08:00,1707091200,6.1,7.62,10.78,341.0,29.4,6.52,1.528,0.132,5.55,,,Ⅴ
2024-02-05T12:00:00+08:00,1707105600,6.4,7.66,10.94,339.7,26.3,6.68,1.54,0.134,5.65,,,Ⅴ
2024-02-05T16:00:00+08:00,1707120000,6.3,7.72,11.14,342.8,24.4,6.65,1.506,0.133,5.44,,,Ⅴ
2024-02-05T20:00:00+08:00,1707134400,6.3,7.7,11.03,354.4,27.3,6.91,1.51,0.137,5.58,,,Ⅴ
2024-02-06T00:00:00+08:00,1707148800,6.3,7.73,10.96,344.1,23.4,6.66,1.477,0.128,5.32,,,Ⅳ
2024-02-06T08:00:00+08:00,1707177600,5.8,7.69,10.56,348.4,22.3,6.75,1.412,0.131,5.43,,,Ⅳ
2024-02-06T16:00:00+08:00,1707206400,6.2,7.73,10.82,351.5,20.5,6.86,1.592,0.133,5.53,,,Ⅴ
2024-02-06T20:00:00+08:00,1707220800,6.0,7.73,10.77,352.1,20.7,6.69,1.535,0.125,5.33,,,Ⅴ
2024-02-07T04:00:00+08:00,1707249600,6.0,7.73,10.72,352.5,20.5,6.58,1.542,0.124,5.38,,,Ⅴ
2024-02-07T08:00:00+08:00,1707264000,6.0,7.71,10.69,352.8,19.1,6.62,1.502,0.121,5.34,,,Ⅴ
2024-02-17T08:00:00+08:00,1708128000,10.7,7.54,7.6,365.9,21.2,6.97,0.972,0.145,4.53,,,Ⅳ
2024-02-17T12:00:00+08:00,1708142400,12.0,7.56,7.64,369.4,16.9,9.09,0.352,0.159,4.41,,,Ⅳ
2024-02-17T16:00:00+08:00,1708156800,12.4,7.61,8.56,365.9,17.4,6.3,1.114,0.129,4.35,,,Ⅳ
2024-02-17T20:00:00+08:00,1708171200,12.0,7.6,8.56,363.0,19.1,7.56,0.729,0.13,4.56,,,Ⅳ
2024-02-18T04:00:00+08:00,1708200000,11.9,7.54,7.86,365.1,18.2,6.6,0.774,0.122,4.23,,,Ⅳ
2024-02-18T08:00:00+08:00,1708214400,11.9,7.53,7.7,364.4,19.6,6.91,0.625,0.133,4.29,,,Ⅳ
2024-02-18T12:00:00+08:00,1708228800,13.0,7.57,8.06,366.8,16.7,7.08,0.569,0.133,4.26,,,Ⅳ
2024-02-18T16:00:00+08:00,1708243200,14.3,7.62,8.73,363.3,16.5,7.01,0.606,0.125,4.28,,,Ⅳ
2024-02-18T20:00:00+08:00,1708257600,14.0,7.63,8.91,364.3,17.1,7.83,0.506,0.137,4.36,,,Ⅳ
2024-02-19T04:00:00+08:00,1708286400,14.1,7.55,7.94,363.7,21.4,,0.437,0.11,3.87,,,
2024-02-19T08:00:00+08:00,1708300800,14.0,7.55,8.07,363.4,21.9,,0.431,0.112,3.79,,,
2024-02-19T12:00:00+08:00,1708315200,13.9,7.66,7.8,366.0,22.4,,0.302,0.134,4.02,,,
2024-02-19T16:00:00+08:00,1708329600,13.9,7.69,8.56,362.3,18.3,6.78,0.429,0.131,3.92,,,Ⅳ
2024-02-19T20:00:00+08:00,1708344000,13.3,7.71,8.79,360.7,19.9,7.91,0.317,0.138,4.03,,,Ⅳ
2024-02-20T04:00:00+08:00,1708372800,12.7,7.61,6.69,369.5,28.1,7.24,0.37,0.126,3.95,,,Ⅳ
2024-02-20T08:00:00+08:00,1708387200,12.3,7.6,6.82,369.3,24.9,6.72,0.493,0.121,3.83,,,Ⅳ
2024-02-20T12:00:00+08:00,1708401600,12.1,7.61,6.89,366.6,22.1,6.43,0.571,0.117,3.82,,,Ⅳ
2024-02-20T16:00:00+08:00,1708416000,12.0,7.61,6.77,371.6,22.5,6.57,0.552,0.118,3.93,,,Ⅳ
2024-02-20T20:00:00+08:00,1708430400,11.9,7.63,6.09,378.1,23.4,6.01,0.69,0.109,,,,Ⅳ
2024-02-21T04:00:00+08:00,1708459200,11.5,7.64,6.61,367.9,25.5,6.54,1.865,0.164,4.37,,,Ⅴ
2024-02-21T08:00:00+08:00,1708473600,10.3,7.64,7.72,350.4,30.5,7.29,0.924,0.151,4.1,,,Ⅳ
2024-02-21T12:00:00+08:00,1708488000,9.6,7.62,8.22,334.6,35.6,7.68,0.466,0.16,3.85,,,Ⅳ
2024-02-21T16:00:00+08:00,1708502400,9.3,7.6,8.51,327.9,33.9,7.26,0.542,0.16,4.16,,,Ⅳ
2024-02-21T20:00:00+08:00,1708516800,8.6,7.48,8.7,311.9,39.3,7.58,,0.206,4.08,,,
2024-02-22T04:00:00+08:00,1708545600,8.0,7.57,9.09,309.5,34.8,6.52,0.882,0.129,4.98,,,Ⅳ
2024-02-22T08:00:00+08:00,1708560000,7.7,7.49,9.23,318.1,35.9,6.08,1.025,0.109,4.97,,,Ⅳ
2024-02-22T12:00:00+08:00,1708574400,7.5,7.52,9.3,322.5,30.5,6.38,0.986,0.112,5.41,,,Ⅳ
2024-02-22T16:00:00+08:00,1708588800,7.2,7.59,9.61,319.7,27.1,6.14,1.071,0.104,5.58,,,Ⅳ
2024-02-22T20:00:00+08:00,1708603200,7.0,7.63,9.66,323.9,27.5,6.39,1.031,0.108,5.89,,,Ⅳ
2024-02-23T04:00:00+08:00,1708632000,6.4,7.63,9.65,324.2,24.8,6.08,1.186,0.1,5.13,,,Ⅳ
2024-02-23T08:00:00+08:00,1708646400,6.3,7.66,9.74,325.9,25.0,6.23,1.13,0.102,5.42,,,Ⅳ
2024-02-23T12:00:00+08:00,1708660800,6.3,7.66,9.99,325.6,26.7,6.2,1.238,0.099,5.42,,,Ⅳ
2024-02-23T16:00:00+08:00,1708675200,6.5,7.68,10.08,317.1,24.1,6.08,1.148,0.099,5.49,,,Ⅳ
2024-02-23T20:00:00+08:00,1708689600,6.2,7.67,10.0,320.9,25.3,5.84,1.206,0.09,5.16,,,Ⅳ
2024-02-24T04:00:00+08:00,1708718400,5.9,7.66,9.54,324.7,23.0,5.72,1.197,0.087,5.14,,,Ⅳ
2024-02-24T08:00:00+08:00,1708732800,5.8,7.67,9.6,328.6,21.7,5.87,1.028,0.091,5.17,,,Ⅳ
2024-02-24T12:00:00+08:00,1708747200,5.8,7.67,9.92,326.2,25.7,5.9,1.209,0.089,5.15,,,Ⅳ
2024-02-24T16:00:00+08:00,1708761600,5.7,7.69,9.77,329.6,22.0,6.67,0.656,0.114,5.76,,,Ⅳ
2024-02-24T20:00:00+08:00,1708776000,5.6,7.7,10.09,326.0,21.7,6.2,0.952,0.102,5.35,,,Ⅳ
2024-02-25T04:00:00+08:00,1708804800,5.2,7.71,9.88,323.6,19.8,5.55,1.183,0.092,4.86,,,Ⅳ
2024-02-25T08:00:00+08:00,1708819200,5.1,7.71,9.97,321.5,20.0,5.77,1.063,0.086,4.81,,,Ⅳ
2024-02-25T12:00:00+08:00,1708833600,5.6,7.67,10.09,320.7,23.0,5.73,1.06,0.081,4.8,,,Ⅳ
2024-02-25T16:00:00+08:00,1708848000,6.6,7.69,9.65,320.2,22.8,6.64,0.547,0.117,5.82,,,Ⅳ
2024-02-25T20:00:00+08:00,1708862400,6.3,7.71,9.67,330.0,17.9,6.01,1.328,0.094,5.66,,,Ⅳ
2024-02-26T04:00:00+08:00,1708891200,5.9,7.71,9.88,329.2,15.6,5.84,1.334,0.086,5.1,,,Ⅳ
2024-02-26T08:00:00+08:00,1708905600,6.0,7.73,9.77,328.3,15.8,5.51,1.168,0.085,4.85,,,Ⅳ
2024-02-26T12:00:00+08:00,1708920000,6.7,7.65,9.64,327.5,18.7,5.5,1.004,0.086,4.74,,,Ⅳ
2024-02-26T16:00:00+08:00,1708934400,7.1,7.71,9.74,325.3,15.9,5.48,0.87,0.095,5.38,,,Ⅲ
2024-02-26T20:00:00+08:00,1708948800,6.8,7.68,9.52,328.4,18.5,5.44,0.848,0.077,4.79,,,Ⅲ
2024-02-27T04:00:00+08:00,1708977600,6.5,7.7,9.18,336.9,14.6,5.44,0.814,0.081,4.91,,,Ⅲ
2024-02-27T08:00:00+08:00,1708992000,6.3,7.68,9.17,338.0,18.3,5.78,0.9,0.092,5.0,,,Ⅲ
2024-02-27T12:00:00+08:00,1709006400,12.4,4.87,10.31,0.5,23.8,5.47,0.884,0.091,4.9,,,劣Ⅴ
2024-02-27T16:00:00+08:00,1709020800,9.1,7.69,9.0,335.7,14.4,5.78,0.734,0.093,,,,Ⅲ
2024-02-27T20:00:00+08:00,1709035200,7.8,7.72,9.61,341.6,14.9,5.72,0.815,0.086,4.53,,,Ⅲ
2024-02-28T04:00:00+08:00,1709064000,8.0,7.69,8.99,337.8,17.6,5.84,0.779,0.092,4.43,,,Ⅲ
2024-02-28T08:00:00+08:00,1709078400,8.1,7.66,8.63,339.7,18.4,5.89,0.808,0.094,4.45,,,Ⅲ
2024-02-28T12:00:00+08:00,1709092800,8.5,7.67,8.53,339.0,18.5,5.51,0.713,0.084,4.44,,,Ⅲ
2024-02-28T16:00:00+08:00,1709107200,8.4,7.67,8.59,341.3,16.2,5.95,0.769,0.094,4.68,,,Ⅲ
2024-02-28T20:00:00+08:00,1709121600,8.6,7.66,8.5,341.1,15.5,5.72,0.732,0.09,4.48,,,Ⅲ
2024-02-29T04:00:00+08:00,1709150400,8.4,7.64,8.19,337.6,16.2,5.75,0.703,0.097,4.45,,,Ⅲ
2024-02-29T08:00:00+08:00,1709164800,8.1,7.65,8.22,339.3,16.7,5.98,0.685,0.101,4.47,,,Ⅲ
2024-02-29T12:00:00+08:00,1709179200,8.0,7.66,8.6,336.7,12.9,5.93,0.635,0.093,4.25,,,Ⅲ
2024-03-01T08:00:00+08:00,1709251200,7.4,7.69,9.0,334.0,17.1,6.61,0.702,0.115,4.54,,,Ⅳ
2024-03-01T12:00:00+08:00,1709265600,8.3,7.72,9.71,316.9,17.5,6.35,0.621,0.099,4.42,,,Ⅳ
2024-03-01T16:00:00+08:00,1709280000,8.4,7.76,10.29,310.8,17.4,6.83,0.175,0.105,4.57,,,Ⅳ
2024-03-01T20:00:00+08:00,1709294400,8.2,7.75,9.76,315.6,20.2,7.23,0.161,0.116,4.5,,,Ⅳ
2024-03-02T04:00:00+08:00,1709323200,7.2,7.75,10.52,320.7,24.8,8.74,0.19,0.143,4.18,,,Ⅳ
2024-03-02T08:00:00+08:00,1709337600,7.1,7.79,10.56,320.5,23.2,8.53,0.273,0.146,4.28,,,Ⅳ
2024-03-02T12:00:00+08:00,1709352000,8.4,7.7,9.07,347.6,12.9,8.26,0.218,0.144,4.46,,,Ⅳ
2024-03-02T16:00:00+08:00,1709366400,9.7,7.7,8.95,340.3,14.3,7.01,1.51,0.098,5.46,,,Ⅴ
2024-03-02T20:00:00+08:00,1709380800,9.4,7.72,9.24,338.0,19.6,6.33,0.945,0.098,4.98,,,Ⅳ
2024-03-03T04:00:00+08:00,1709409600,8.0,7.7,9.4,340.7,21.6,6.45,0.595,0.105,4.56,,,Ⅳ
2024-03-03T08:00:00+08:00,1709424000,8.0,7.73,10.6,319.6,17.7,6.25,0.669,0.097,4.47,,,Ⅳ
2024-03-03T12:00:00+08:00,1709438400,10.1,7.69,9.03,337.3,19.9,7.21,0.128,0.131,4.64,,,Ⅳ
2024-03-03T16:00:00+08:00,1709452800,12.3,7.73,9.54,323.6,17.1,5.8,0.61,0.092,4.45,,,Ⅲ
2024-03-03T20:00:00+08:00,1709467200,10.9,7.86,9.83,317.6,16.5,6.58,0.228,0.11,4.41,,,Ⅳ
2024-03-04T04:00:00+08:00,1709496000,10.6,7.76,9.55,323.3,17.7,7.77,0.081,0.119,4.02,,,Ⅳ
2024-03-04T08:00:00+08:00,1709510400,10.7,7.64,8.53,336.5,21.6,7.41,0.315,0.102,4.07,,,Ⅳ
2024-03-04T12:00:00+08:00,1709524800,10.5,7.7,8.85,329.5,19.0,5.74,0.592,0.094,4.12,,,Ⅲ
2024-03-04T16:00:00+08:00,1709539200,10.9,7.68,8.21,344.2,19.1,7.46,0.211,0.118,4.13,,,Ⅳ
2024-03-04T20:00:00+08:00,1709553600,10.9,7.69,7.83,343.3,18.3,5.72,0.674,0.101,4.13,,,Ⅲ
2024-03-05T04:00:00+08:00,1709582400,10.7,7.74,7.62,329.8,23.3,5.92,0.748,0.114,4.06,,,Ⅲ
2024-03-05T12:00:00+08:00,1709611200,10.5,7.47,10.69,319.6,18.5,6.2,0.645,0.113,4.03,,,Ⅳ
2024-03-05T16:00:00+08:00,1709625600,10.7,7.62,10.06,316.2,19.0,6.51,,0.144,4.48,,,
2024-03-05T20:00:00+08:00,1709640000,10.7,7.62,8.27,317.1,19.3,5.97,0.413,0.12,4.42,,,Ⅲ
2024-03-06T04:00:00+08:00,1709668800,10.4,7.59,8.29,324.8,24.7,5.98,0.522,0.106,4.68,,,Ⅳ
2024-03-06T08:00:00+08:00,1709683200,10.4,7.58,8.49,322.1,23.0,5.98,0.522,0.106,4.68,,,Ⅲ
2024-03-06T12:00:00+08:00,1709697600,10.8,7.59,7.86,332.2,17.7,6.26,0.728,0.099,4.95,,,Ⅳ
2024-03-06T16:00:00+08:00,1709712000,11.1,7.62,8.1,331.8,15.8,6.21,0.641,0.101,4.97,,,Ⅳ
2024-03-06T20:00:00+08:00,1709726400,11.0,7.65,8.13,327.8,15.7,6.25,0.696,0.098,4.98,,,Ⅳ
2024-03-07T04:00:00+08:00,1709755200,10.3,7.62,8.32,318.0,22.0,5.48,0.944,0.088,5.03,,,Ⅲ
2024-03-07T08:00:00+08:00,1709769600,9.9,7.58,8.7,313.6,23.6,5.49,0.925,0.086,5.05,,,Ⅲ
2024-03-07T12:00:00+08:00,1709784000,11.5,7.58,7.87,317.8,16.2,6.16,0.398,0.101,4.76,,,Ⅳ
2024-03-07T16:00:00+08:00,1709798400,12.3,7.66,7.91,331.2,15.3,6.68,0.89,0.082,5.13,,,Ⅳ
2024-03-07T20:00:00+08:00,1709812800,11.8,7.67,8.09,327.8,16.7,5.82,0.836,0.083,5.02,,,Ⅲ
2024-03-08T04:00:00+08:00,1709841600,11.6,7.64,8.36,321.9,21.9,5.79,0.696,0.085,4.73,,,Ⅲ
2024-03-08T08:00:00+08:00,1709856000,11.4,7.62,8.18,319.5,22.0,5.48,0.679,0.087,4.6,,,Ⅲ
2024-03-08T12:00:00+08:00,1709870400,12.2,7.66,8.06,324.2,17.5,5.44,0.568,0.083,4.63,,,Ⅲ
2024-03-08T16:00:00+08:00,1709884800,12.8,7.68,8.47,318.7,17.0,5.53,0.426,0.077,4.48,,,Ⅲ
2024-03-08T20:00:00+08:00,1709899200,11.9,7.67,8.97,303.3,16.9,6.08,0.276,0.077,4.16,,,Ⅳ
2024-03-09T04:00:00+08:00,1709928000,11.7,7.65,8.07,324.7,23.2,6.51,0.456,0.087,3.69,,,Ⅳ
2024-03-09T08:00:00+08:00,1709942400,11.6,7.66,8.4,323.6,23.4,6.49,0.455,0.09,4.12,,,Ⅳ
2024-03-09T12:00:00+08:00,1709956800,12.9,7.7,8.91,299.1,20.4,6.22,0.214,0.08,3.76,,,Ⅳ
2024-03-09T16:00:00+08:00,1709971200,13.7,7.8,9.23,324.6,18.7,6.05,0.335,0.087,4.0,,,Ⅳ
2024-03-09T20:00:00+08:00,1709985600,12.8,7.75,8.68,324.9,18.3,6.07,0.297,0.086,3.89,,,Ⅳ
2024-03-10T04:00:00+08:00,1710014400,11.8,7.75,9.04,287.2,21.6,6.66,0.025,0.077,3.22,,,Ⅳ
2024-03-10T08:00:00+08:00,1710028800,12.0,7.71,8.42,313.7,22.3,6.3,0.295,0.092,3.77,,,Ⅳ
2024-03-10T12:00:00+08:00,1710043200,12.8,7.75,8.89,311.5,18.6,5.84,0.213,0.082,3.75,,,Ⅲ
2024-03-10T16:00:00+08:00,1710057600,13.4,7.81,9.45,292.1,15.9,5.78,0.079,0.069,3.31,,,Ⅲ
2024-03-10T20:00:00+08:00,1710072000,13.4,7.83,9.21,336.8,17.8,6.5,0.129,0.072,3.47,,,Ⅳ
2024-03-11T04:00:00+08:00,1710100800,12.9,7.76,8.96,284.9,24.8,6.18,0.039,0.076,3.01,,,Ⅳ
2024-03-11T08:00:00+08:00,1710115200,12.9,7.68,8.43,295.7,23.6,6.34,0.097,0.081,3.24,,,Ⅳ
2024-03-11T16:00:00+08:00,1710144000,15.0,7.81,9.29,307.3,18.9,5.97,0.025,0.065,2.94,,,Ⅲ
2024-03-11T20:00:00+08:00,1710158400,14.2,7.81,9.02,298.7,19.5,6.18,0.123,0.085,3.52,,,Ⅳ
2024-03-12T04:00:00+08:00,1710187200,13.4,7.76,8.53,292.6,21.0,6.3,0.062,0.074,3.08,,,Ⅳ
2024-03-12T08:00:00+08:00,1710201600,13.4,7.74,8.31,307.7,21.9,6.05,0.06,0.078,3.05,,,Ⅳ
2024-03-12T12:00:00+08:00,1710216000,14.2,7.8,8.66,294.0,18.7,6.97,0.111,0.092,3.3,,,Ⅳ
2024-03-12T16:00:00+08:00,1710230400,15.4,7.83,9.04,310.8,19.5,5.95,0.063,0.08,3.19,,,Ⅲ
2024-03-12T20:00:00+08:00,1710244800,14.4,7.86,9.18,295.8,17.1,6.41,0.125,0.087,3.34,,,Ⅳ
2024-03-13T04:00:00+08:00,1710273600,13.6,7.77,8.4,305.9,23.1,6.28,0.123,0.09,3.23,,,Ⅳ
2024-03-13T08:00:00+08:00,1710288000,13.2,7.79,8.67,287.3,21.1,6.59,0.106,0.088,3.11,,,Ⅳ
2024-03-13T12:00:00+08:00,1710302400,14.7,7.83,9.07,288.3,14.7,6.34,0.035,0.078,2.92,,,Ⅳ
2024-03-13T20:00:00+08:00,1710331200,14.8,7.9,9.12,314.7,16.2,6.32,0.025,0.075,2.97,,,Ⅳ
2024-03-14T04:00:00+08:00,1710360000,14.3,7.83,8.59,318.4,19.8,6.23,0.072,0.081,3.12,,,Ⅳ
2024-03-14T08:00:00+08:00,1710374400,14.0,7.78,8.63,286.1,20.5,6.28,0.054,0.09,2.94,,,Ⅳ
2024-03-14T12:00:00+08:00,1710388800,13.8,7.77,8.79,288.3,17.9,6.37,0.027,0.084,2.77,,,Ⅳ
2024-03-14T16:00:00+08:00,1710403200,14.8,7.92,9.54,307.4,14.7,6.08,0.025,0.081,2.77,,,Ⅳ
2024-03-14T20:00:00+08:00,1710417600,14.4,7.86,8.93,324.4,17.3,6.26,0.025,0.084,2.94,,,Ⅳ
2024-03-15T04:00:00+08:00,1710446400,13.8,7.79,8.85,283.2,16.5,5.85,0.08,0.08,3.02,,,Ⅲ
2024-03-15T08:00:00+08:00,1710460800,13.8,7.75,8.85,282.0,17.1,6.17,0.055,0.079,2.79,,,Ⅳ
2024-03-15T12:00:00+08:00,1710475200,15.5,7.83,8.79,310.3,13.2,6.61,0.053,0.075,2.79,,,Ⅳ
2024-03-15T20:00:00+08:00,1710504000,15.7,7.88,9.03,317.7,14.9,6.13,0.033,0.081,2.69,,,Ⅳ
2024-03-17T08:00:00+08:00,1710633600,16.2,7.89,8.61,340.7,19.4,6.42,0.025,0.094,2.74,,,Ⅳ
2024-03-17T12:00:00+08:00,1710648000,16.1,7.91,9.15,308.7,15.0,6.72,0.035,0.1,2.87,,,Ⅳ
2024-03-17T16:00:00+08:00,1710662400,15.9,8.04,9.68,339.7,14.7,6.93,0.028,0.11,2.87,,,Ⅳ
2024-03-18T12:00:00+08:00,1710734400,14.8,7.73,8.04,313.3,22.7,8.15,0.174,0.128,2.87,,,Ⅳ
2024-03-18T16:00:00+08:00,1710748800,14.7,7.73,8.09,306.9,22.3,7.11,0.128,0.124,2.85,,,Ⅳ
2024-03-18T20:00:00+08:00,1710763200,14.5,7.71,8.05,298.1,19.8,7.51,0.102,0.127,2.81,,,Ⅳ
2024-03-19T04:00:00+08:00,1710792000,13.9,7.64,7.54,303.7,26.8,7.32,0.101,0.13,2.74,,,Ⅳ
2024-03-19T08:00:00+08:00,1710806400,13.5,7.66,7.71,304.6,27.0,6.81,0.118,0.129,2.7,,,Ⅳ
2024-03-19T12:00:00+08:00,1710820800,14.7,7.86,8.99,326.5,16.4,7.52,0.088,0.136,2.7,,,Ⅳ
2024-03-19T20:00:00+08:00,1710849600,15.2,8.03,9.55,330.7,15.5,7.31,0.046,0.103,2.76,,,Ⅳ
2024-03-20T04:00:00+08:00,1710878400,14.1,7.78,8.75,313.1,18.7,8.31,0.043,0.113,2.72,,,Ⅳ
2024-03-20T08:00:00+08:00,1710892800,14.2,7.78,8.66,315.1,21.1,8.39,0.032,0.126,2.74,,,Ⅳ
2024-03-20T12:00:00+08:00,1710907200,15.4,7.84,9.59,334.5,16.8,8.46,0.045,0.123,2.76,,,Ⅳ
2024-03-20T16:00:00+08:00,1710921600,16.4,8.29,10.89,342.7,15.7,7.83,0.103,0.105,2.62,,,Ⅳ
2024-03-20T20:00:00+08:00,1710936000,15.1,8.12,10.52,327.3,15.8,9.28,0.037,0.135,2.52,,,Ⅳ
2024-03-21T04:00:00+08:00,1710964800,14.2,7.87,9.3,325.1,19.3,9.06,0.04,0.121,2.48,,,Ⅳ
2024-03-21T08:00:00+08:00,1710979200,14.0,7.82,8.82,325.1,22.4,9.17,0.037,0.131,2.54,,,Ⅳ
2024-03-21T12:00:00+08:00,1710993600,15.2,8.25,11.42,330.7,17.5,9.84,0.025,0.15,2.63,,,Ⅳ
2024-03-21T16:00:00+08:00,1711008000,16.5,8.44,11.24,346.1,15.2,7.88,0.031,0.096,2.44,,,Ⅳ
2024-03-21T20:00:00+08:00,1711022400,15.8,8.11,10.33,327.1,15.3,8.09,0.037,0.107,2.46,,,Ⅳ
2024-03-22T04:00:00+08:00,1711051200,15.0,8.01,9.66,347.8,18.4,7.48,0.059,0.102,2.37,,,Ⅳ
2024-03-22T08:00:00+08:00,1711065600,15.1,8.0,9.27,367.6,16.4,7.94,0.082,0.109,2.46,,,Ⅳ
2024-03-22T12:00:00+08:00,1711080000,16.1,8.06,10.0,343.3,16.3,8.18,0.225,0.116,2.78,,,Ⅳ
2024-03-22T16:00:00+08:00,1711094400,18.3,8.47,11.14,352.3,16.7,7.9,0.124,0.097,2.53,,,Ⅳ
2024-03-22T20:00:00+08:00,1711108800,17.2,8.33,10.72,342.9,13.5,7.97,0.228,0.106,2.75,,,Ⅳ
2024-03-23T04:00:00+08:00,1711137600,16.4,8.01,9.87,338.5,14.5,7.77,0.208,0.111,2.78,,,Ⅳ
2024-03-23T08:00:00+08:00,1711152000,16.4,7.99,9.89,331.6,13.2,8.32,0.172,0.131,2.92,,,Ⅳ
2024-03-23T12:00:00+08:00,1711166400,16.7,7.9,9.25,328.1,16.0,7.85,0.096,0.119,2.9,,,Ⅳ
2024-03-23T16:00:00+08:00,1711180800,17.8,8.1,10.03,367.1,12.1,7.01,0.122,0.084,2.5,,,Ⅳ
2024-03-23T20:00:00+08:00,1711195200,17.5,7.98,8.88,385.3,14.8,6.72,0.136,0.085,2.5,,,Ⅳ
2024-03-24T04:00:00+08:00,1711224000,17.0,7.76,7.34,370.9,20.6,8.0,0.239,0.123,2.53,,,Ⅳ
2024-03-24T08:00:00+08:00,1711238400,16.9,7.73,6.66,368.6,16.2,8.13,0.27,0.127,2.65,,,Ⅳ
2024-03-24T12:00:00+08:00,1711252800,17.0,7.67,7.12,376.5,18.0,,0.282,,2.69,,,
2024-03-24T16:00:00+08:00,1711267200,17.3,7.77,7.96,349.0,17.3,8.53,0.238,0.132,2.63,,,Ⅳ
2024-03-24T20:00:00+08:00,1711281600,17.1,7.71,7.3,350.7,18.0,7.98,0.298,0.124,2.58,,,Ⅳ
2024-03-25T04:00:00+08:00,1711310400,16.7,7.61,6.94,337.0,21.1,7.98,0.208,0.131,2.51,,,Ⅳ
2024-03-25T08:00:00+08:00,1711324800,16.7,7.63,7.39,320.1,22.0,8.22,0.25,0.136,2.57,,,Ⅳ
2024-03-25T12:00:00+08:00,1711339200,16.6,7.57,6.7,346.4,20.3,8.3,0.566,0.148,2.83,,,Ⅳ
2024-03-25T16:00:00+08:00,1711353600,16.2,7.61,6.51,372.5,21.0,8.22,0.944,0.158,3.06,,,Ⅳ
2024-03-25T20:00:00+08:00,1711368000,15.6,7.61,6.85,336.8,29.0,8.65,0.244,0.151,2.44,,,Ⅳ
2024-03-26T04:00:00+08:00,1711396800,15.0,7.53,6.35,328.0,37.1,11.36,0.233,0.181,2.55,,,Ⅴ
2024-03-26T08:00:00+08:00,1711411200,14.9,7.52,6.5,327.0,37.5,11.44,0.258,0.181,2.61,,,Ⅴ
2024-03-26T12:00:00+08:00,1711425600,15.3,7.52,6.4,345.2,26.9,9.94,0.508,0.167,2.71,,,Ⅳ
2024-03-26T16:00:00+08:00,1711440000,16.2,7.65,6.98,378.9,20.7,7.96,0.63,0.142,2.66,,,Ⅳ
2024-03-26T20:00:00+08:00,1711454400,15.7,7.6,7.21,344.4,20.3,8.16,0.324,0.142,2.41,,,Ⅳ
2024-03-27T00:00:00+08:00,1711468800,15.1,7.62,7.2,352.2,23.6,8.27,0.358,0.139,2.42,,,Ⅳ
2024-03-27T08:00:00+08:00,1711497600,14.7,7.6,7.65,325.9,23.5,8.55,0.253,0.148,2.29,,,Ⅳ
2024-03-27T12:00:00+08:00,1711512000,15.6,7.69,8.11,334.1,18.7,8.83,0.24,0.144,2.33,,,Ⅳ
2024-03-27T16:00:00+08:00,1711526400,15.5,7.66,8.07,326.6,17.9,8.71,0.312,0.149,2.49,,,Ⅳ
2024-03-27T20:00:00+08:00,1711540800,15.0,7.6,7.33,328.3,22.4,8.6,0.194,0.131,2.28,,,Ⅳ
2024-03-28T04:00:00+08:00,1711569600,14.6,7.58,7.21,338.6,33.9,8.22,0.279,0.138,2.23,,,Ⅳ
2024-03-28T08:00:00+08:00,1711584000,14.4,7.57,7.51,324.6,38.0,8.49,0.622,0.164,2.68,,,Ⅳ
2024-03-28T12:00:00+08:00,1711598400,14.3,7.48,7.24,316.2,135.6,8.55,0.28,0.154,2.38,,,Ⅳ
2024-03-28T16:00:00+08:00,1711612800,14.8,7.51,7.9,297.8,36.1,8.53,1.219,0.175,3.92,,,Ⅳ
2024-03-28T20:00:00+08:00,1711627200,14.6,7.5,7.95,284.1,36.9,8.9,0.444,0.172,3.18,,,Ⅳ
2024-03-29T04:00:00+08:00,1711656000,13.9,7.53,8.13,295.9,35.1,8.22,0.418,0.15,3.41,,,Ⅳ
2024-03-29T08:00:00+08:00,1711670400,13.9,7.54,7.98,304.2,29.9,8.18,0.314,0.146,3.13,,,Ⅳ
2024-03-29T12:00:00+08:00,1711684800,15.6,7.6,7.84,312.3,26.6,,0.458,0.129,3.69,,,
2024-03-29T16:00:00+08:00,1711699200,17.7,7.66,8.06,335.0,23.8,,0.282,0.131,3.22,,,
2024-03-29T20:00:00+08:00,1711713600,17.2,7.64,8.31,327.1,23.7,7.04,0.285,0.123,3.48,,,Ⅳ
2024-03-30T04:00:00+08:00,1711742400,16.6,7.62,7.99,314.0,29.2,9.56,0.119,0.132,2.81,,,Ⅳ
2024-03-30T08:00:00+08:00,1711756800,16.5,7.56,7.56,317.2,30.1,9.27,0.141,0.13,2.85,,,Ⅳ
2024-03-30T12:00:00+08:00,1711771200,18.3,7.63,7.87,326.4,18.3,9.26,0.1,0.134,2.8,,,Ⅳ
2024-03-30T16:00:00+08:00,1711785600,20.0,7.76,8.49,317.2,19.2,8.21,0.238,0.117,3.39,,,Ⅳ
2024-03-30T20:00:00+08:00,1711800000,18.8,7.77,8.64,324.6,19.6,8.69,0.19,0.117,3.33,,,Ⅳ
2024-03-31T04:00:00+08:00,1711828800,17.9,7.68,8.03,317.5,24.8,8.77,0.157,0.115,3.13,,,Ⅳ
2024-03-31T08:00:00+08:00,1711843200,17.7,7.62,7.95,314.9,22.2,9.0,0.1,0.121,2.91,,,Ⅳ
2024-03-31T12:00:00+08:00,1711857600,17.9,7.63,7.8,314.1,21.8,9.06,0.091,0.119,2.89,,,Ⅳ
2024-03-31T16:00:00+08:00,1711872000,19.2,7.79,8.22,332.4,19.1,8.77,0.079,0.111,2.8,,,Ⅳ
2024-03-31T20:00:00+08:00,1711886400,18.4,7.76,7.98,338.0,20.9,8.82,0.139,0.114,3.07,,,Ⅳ
2024-04-01T04:00:00+08:00,1711915200,17.6,7.68,8.25,313.8,23.9,8.99,0.057,0.112,2.8,,,Ⅳ
2024-04-01T08:00:00+08:00,1711929600,17.5,7.68,7.96,319.8,22.7,8.79,0.063,0.111,2.76,,,Ⅳ
2024-04-01T12:00:00+08:00,1711944000,19.4,7.82,8.41,343.0,17.2,9.03,0.068,0.122,2.85,,,Ⅳ
2024-04-01T16:00:00+08:00,1711958400,20.3,8.18,9.74,337.1,17.3,8.91,0.064,0.11,2.9,,,Ⅳ
2024-04-01T20:00:00+08:00,1711972800,19.4,8.05,9.26,332.2,16.3,9.32,0.025,0.108,2.63,,,Ⅳ
2024-04-02T04:00:00+08:00,1712001600,19.2,7.75,7.95,332.7,24.5,8.97,0.066,0.112,2.62,,,Ⅳ
2024-04-02T08:00:00+08:00,1712016000,19.3,7.69,7.4,333.2,22.1,8.31,0.092,0.112,2.63,,,Ⅳ
2024-04-02T12:00:00+08:00,1712030400,19.1,7.65,6.93,328.8,27.4,9.68,0.184,0.144,2.66,,,Ⅳ
2024-04-02T16:00:00+08:00,1712044800,19.2,7.53,6.55,321.2,22.4,9.68,0.184,0.144,2.66,,,Ⅳ
2024-04-02T20:00:00+08:00,1712059200,19.2,7.52,6.68,317.6,28.0,8.98,0.286,0.135,2.65,,,Ⅳ
2024-04-03T04:00:00+08:00,1712088000,19.0,7.54,6.93,314.5,24.3,9.5,0.142,0.139,2.41,,,Ⅳ
2024-04-03T08:00:00+08:00,1712102400,18.6,7.52,6.55,321.1,27.8,9.27,0.135,0.168,2.45,,,Ⅳ
2024-04-03T12:00:00+08:00,1712116800,18.4,7.55,6.7,323.6,24.3,9.05,0.222,0.171,2.63,,,Ⅳ
2024-04-03T16:00:00+08:00,1712131200,18.3,7.55,6.95,310.9,26.3,9.23,0.45,0.227,3.02,,,Ⅳ
2024-04-03T20:00:00+08:00,1712145600,18.2,7.52,6.99,301.8,27.7,9.05,0.535,0.171,3.18,,,Ⅳ
2024-04-04T04:00:00+08:00,1712174400,17.5,7.5,7.05,293.3,29.2,10.03,0.394,0.205,2.87,,,Ⅴ
2024-04-04T08:00:00+08:00,1712188800,17.3,7.51,7.13,293.6,28.5,10.33,0.263,0.178,2.64,,,Ⅴ
2024-04-04T12:00:00+08:00,1712203200,18.2,7.58,7.44,312.0,22.2,10.78,0.356,0.171,2.88,,,Ⅴ
2024-04-04T16:00:00+08:00,1712217600,18.7,7.64,8.12,299.9,21.3,12.07,0.421,0.166,3.09,,,Ⅴ
2024-04-04T20:00:00+08:00,1712232000,18.3,7.62,7.76,301.7,20.9,12.59,,0.24,2.93,,,
2024-04-05T04:00:00+08:00,1712260800,17.5,7.57,7.43,306.7,35.1,16.85,,0.149,2.75,,,
2024-04-05T08:00:00+08:00,1712275200,17.1,7.58,7.68,300.8,30.6,21.21,,0.148,2.75,,,
2024-04-05T12:00:00+08:00,1712289600,17.6,7.34,8.3,311.1,23.2,21.0,,0.261,2.69,,,
2024-04-05T16:00:00+08:00,1712304000,18.7,7.72,8.81,310.6,21.3,,0.256,0.129,2.57,,,
2024-04-05T20:00:00+08:00,1712318400,18.2,7.75,8.45,311.1,23.3,8.57,0.168,0.142,2.7,,,Ⅳ
2024-04-06T04:00:00+08:00,1712347200,18.0,7.64,7.44,308.3,39.2,8.06,0.128,0.111,2.37,,,Ⅳ
2024-04-06T08:00:00+08:00,1712361600,17.4,7.6,6.84,309.7,32.2,8.31,0.173,0.121,2.32,,,Ⅳ
2024-04-06T12:00:00+08:00,1712376000,17.3,7.65,7.11,334.1,20.3,8.26,0.16,0.123,2.35,,,Ⅳ
2024-04-06T16:00:00+08:00,1712390400,17.3,7.71,7.44,330.8,20.6,7.53,0.13,0.113,2.45,,,Ⅳ
2024-04-06T20:00:00+08:00,1712404800,17.2,7.64,7.2,321.0,21.4,8.06,0.225,0.124,2.62,,,Ⅳ
2024-04-07T04:00:00+08:00,1712433600,16.6,7.58,6.31,333.9,30.8,8.77,0.533,0.133,2.78,,,Ⅳ
2024-04-07T12:00:00+08:00,1712462400,16.7,7.59,6.68,350.4,25.5,8.98,0.295,0.145,2.57,,,Ⅳ
2024-04-07T16:00:00+08:00,1712476800,16.8,7.7,7.17,337.7,22.7,8.74,0.216,0.124,2.36,,,Ⅳ
2024-04-07T20:00:00+08:00,1712491200,16.3,7.61,6.71,332.8,26.9,9.27,0.512,0.15,2.63,,,Ⅳ
2024-04-08T04:00:00+08:00,1712520000,15.9,7.58,6.64,316.4,33.3,9.47,0.518,0.164,2.69,,,Ⅳ
2024-04-08T08:00:00+08:00,1712534400,15.8,7.54,6.49,317.8,29.6,9.31,0.436,0.153,2.61,,,Ⅳ
2024-04-08T12:00:00+08:00,1712548800,16.0,7.57,7.22,316.7,22.2,9.28,0.176,0.165,2.57,,,Ⅳ
2024-04-08T16:00:00+08:00,1712563200,16.3,7.63,7.52,341.4,32.8,9.02,0.262,0.148,2.42,,,Ⅳ
2024-04-08T20:00:00+08:00,1712577600,16.0,7.56,7.53,309.5,25.6,9.0,0.41,0.125,2.93,,,Ⅳ
2024-04-09T04:00:00+08:00,1712606400,15.0,7.53,7.01,304.3,33.9,10.33,0.497,0.124,3.04,,,Ⅴ
2024-04-09T08:00:00+08:00,1712620800,14.8,7.52,7.03,301.9,29.0,8.75,0.415,0.115,2.92,,,Ⅳ
2024-04-09T12:00:00+08:00,1712635200,16.7,7.61,8.78,308.9,23.2,6.8,0.326,,2.69,,,
2024-04-09T16:00:00+08:00,1712649600,17.9,7.62,8.76,309.9,16.8,7.26,0.182,0.116,2.58,,,Ⅳ
2024-04-09T20:00:00+08:00,1712664000,17.7,7.59,9.04,301.4,18.8,7.27,0.15,0.102,2.44,,,Ⅳ
2024-04-10T04:00:00+08:00,1712692800,17.6,7.54,8.09,304.8,28.7,7.06,0.165,0.111,2.28,,,Ⅳ
2024-04-10T08:00:00+08:00,1712707200,17.3,7.54,7.65,304.6,24.0,6.54,0.124,0.104,2.17,,,Ⅳ
2024-04-10T12:00:00+08:00,1712721600,17.9,7.63,8.29,302.8,19.0,6.99,0.066,0.105,2.17,,,Ⅳ
2024-04-10T16:00:00+08:00,1712736000,19.0,7.76,9.38,301.8,16.3,6.79,0.034,0.097,2.13,,,Ⅳ
2024-04-10T20:00:00+08:00,1712750400,18.5,7.76,9.23,303.7,16.8,6.55,0.025,0.088,2.02,,,Ⅳ
2024-04-11T04:00:00+08:00,1712779200,18.3,7.69,8.6,306.5,19.7,6.5,0.027,0.097,1.95,,,Ⅳ
2024-04-11T08:00:00+08:00,1712793600,18.3,7.63,8.15,305.2,20.9,6.24,0.028,0.095,1.91,,,Ⅳ
2024-04-11T16:00:00+08:00,1712822400,19.9,7.91,9.8,331.4,12.2,6.79,0.025,0.087,2.05,,,Ⅳ
2024-04-11T20:00:00+08:00,1712836800,19.2,7.87,9.33,330.2,12.9,6.01,0.025,0.082,1.98,,,Ⅳ
2024-04-12T04:00:00+08:00,1712865600,19.2,7.66,7.96,315.1,16.3,6.31,0.029,0.096,1.91,,,Ⅳ
2024-04-12T08:00:00+08:00,1712880000,19.3,7.59,7.52,314.6,16.2,6.3,0.03,0.098,1.87,,,Ⅳ
2024-04-12T12:00:00+08:00,1712894400,19.4,7.66,8.18,342.6,14.7,6.51,0.069,0.094,2.06,,,Ⅳ
2024-04-12T16:00:00+08:00,1712908800,19.8,7.78,8.82,343.7,13.6,5.78,0.025,0.082,1.96,,,Ⅲ
2024-04-12T20:00:00+08:00,1712923200,19.4,7.7,8.25,326.9,12.5,6.79,0.038,0.102,2.01,,,Ⅳ
2024-04-13T04:00:00+08:00,1712952000,19.0,7.56,6.96,317.7,13.8,6.01,0.045,0.091,1.75,,,Ⅳ
2024-04-13T08:00:00+08:00,1712966400,19.1,7.6,7.43,313.9,13.2,7.06,0.039,0.117,2.03,,,Ⅳ
2024-04-13T12:00:00+08:00,1712980800,19.6,7.7,8.43,351.8,11.9,6.26,0.025,0.088,1.83,,,Ⅳ
2024-04-13T16:00:00+08:00,1712995200,20.0,7.94,9.89,348.9,10.4,6.51,0.025,0.087,1.85,,,Ⅳ
2024-04-13T20:00:00+08:00,1713009600,19.6,7.81,8.81,348.6,10.1,6.78,0.026,0.094,1.91,,,Ⅳ
2024-04-14T00:00:00+08:00,1713024000,19.3,7.72,7.98,340.0,11.4,6.01,0.039,0.088,1.74,,,Ⅳ
2024-04-14T04:00:00+08:00,1713038400,19.2,7.63,7.47,324.8,13.5,5.73,0.046,0.09,1.63,,,Ⅲ
2024-04-14T08:00:00+08:00,1713052800,19.1,7.63,7.45,322.2,14.4,6.17,0.033,0.092,1.62,,,Ⅳ
2024-04-14T12:00:00+08:00,1713067200,20.1,7.8,8.94,325.5,12.9,6.78,0.025,0.097,1.69,,,Ⅳ
2024-04-14T16:00:00+08:00,1713081600,20.3,7.83,9.44,325.2,11.1,7.26,0.036,0.124,1.89,,,Ⅳ
2024-04-14T20:00:00+08:00,1713096000,20.2,7.8,8.9,336.7,10.6,6.78,0.045,0.111,1.81,,,Ⅳ
2024-04-15T00:00:00+08:00,1713110400,20.2,7.68,7.76,342.6,10.8,6.47,0.106,0.098,1.72,,,Ⅳ
2024-04-15T04:00:00+08:00,1713124800,20.2,7.57,7.0,335.6,15.3,6.3,0.183,0.105,1.79,,,Ⅳ
2024-04-15T08:00:00+08:00,1713139200,20.2,7.54,6.76,335.7,17.1,6.73,0.229,0.122,1.92,,,Ⅳ
2024-04-15T12:00:00+08:00,1713153600,20.9,7.53,7.05,333.9,15.0,6.99,0.249,0.114,1.89,,,Ⅳ
2024-04-15T16:00:00+08:00,1713168000,22.3,7.68,7.79,330.8,14.3,7.04,0.223,0.114,1.94,,,Ⅳ
2024-04-15T20:00:00+08:00,1713182400,21.6,7.68,8.03,325.1,12.3,7.24,0.171,0.112,1.84,,,Ⅳ
2024-04-16T00:00:00+08:00,1713196800,21.4,7.57,7.19,322.2,17.0,7.24,0.171,0.112,1.84,,,Ⅳ
2024-04-16T08:30:00+08:00,1713227400,,,,,,,,,,,,
2024-04-16T12:31:00+08:00,1713241860,,,,,,,,,,,,
2024-04-16T16:00:00+08:00,1713254400,22.7,7.7,7.95,317.0,13.9,6.77,0.104,,1.6,,,
2024-04-16T16:32:00+08:00,1713256320,,,,,,,,,,,,
2024-04-16T20:00:00+08:00,1713268800,21.8,7.65,8.03,320.7,16.0,7.67,0.148,0.154,2.04,,,Ⅳ
2024-04-17T00:00:00+08:00,1713283200,21.6,7.54,6.78,322.1,19.5,4.53,0.124,0.105,1.55,,,Ⅲ
2024-04-17T04:00:00+08:00,1713297600,21.3,7.5,6.39,323.3,23.8,4.87,0.13,0.105,1.48,,,Ⅲ
2024-04-17T08:00:00+08:00,1713312000,21.2,7.49,6.31,322.1,19.8,5.45,0.118,0.106,1.52,,,Ⅲ
2024-04-17T12:00:00+08:00,1713326400,21.0,7.37,6.52,348.3,14.4,,,,,,,
2024-04-17T16:00:00+08:00,1713340800,20.1,7.54,6.3,343.4,21.1,5.31,0.249,0.127,1.7,,,Ⅲ
2024-04-17T20:00:00+08:00,1713355200,19.2,7.44,6.49,300.4,29.5,0.29,0.372,0.176,2.38,,,Ⅲ
2024-04-18T00:00:00+08:00,1713369600,18.9,7.34,6.25,300.1,30.3,0.29,0.26,0.159,2.5,,,Ⅲ
2024-04-18T04:00:00+08:00,1713384000,18.0,7.33,6.52,283.7,33.4,0.29,0.443,0.158,2.88,,,Ⅲ
2024-04-18T12:00:00+08:00,1713412800,19.3,7.35,6.96,274.0,26.2,7.33,0.263,0.151,2.56,,,Ⅳ
2024-04-22T12:00:00+08:00,1713758400,20.3,7.54,7.13,336.6,10.6,6.52,0.148,0.096,1.94,,,Ⅳ
2024-04-22T16:00:00+08:00,1713772800,21.2,7.68,8.18,331.7,9.9,7.47,0.088,0.119,2.01,,,Ⅳ
2024-04-22T20:00:00+08:00,1713787200,20.6,7.67,7.68,340.2,10.9,6.33,0.11,0.089,1.85,,,Ⅳ
2024-04-23T04:00:00+08:00,1713816000,20.4,7.55,6.88,323.3,12.5,6.29,0.071,0.099,1.64,,,Ⅳ
2024-04-23T08:00:00+08:00,1713830400,20.3,7.53,6.85,322.7,11.9,6.31,0.057,0.1,1.59,,,Ⅳ
2024-04-23T12:00:00+08:00,1713844800,21.3,7.54,8.16,323.5,12.4,7.12,0.091,0.107,1.68,,,Ⅳ
2024-04-23T16:00:00+08:00,1713859200,23.0,7.81,9.49,322.2,9.6,,0.047,0.109,1.75,,,
2024-04-23T20:00:00+08:00,1713873600,21.8,7.7,8.32,327.4,11.6,7.26,0.073,0.102,1.64,,,Ⅳ
2024-04-24T04:00:00+08:00,1713902400,20.8,7.54,6.66,332.5,13.6,6.97,0.144,0.105,1.64,,,Ⅳ
2024-04-24T08:00:00+08:00,1713916800,20.5,7.54,7.06,333.4,12.5,6.98,,0.115,1.77,,,
2024-04-24T12:00:00+08:00,1713931200,22.0,7.65,7.93,335.0,10.8,7.97,0.081,0.115,1.79,,,Ⅳ
2024-04-24T16:00:00+08:00,1713945600,22.8,8.19,11.25,326.3,8.9,8.94,0.148,0.139,2.0,,,Ⅳ
2024-04-24T20:00:00+08:00,1713960000,21.6,7.79,8.52,341.8,10.5,7.95,0.166,0.121,1.84,,,Ⅳ
2024-04-25T04:00:00+08:00,1713988800,20.8,7.58,6.58,347.0,13.5,7.23,0.182,0.112,1.76,,,Ⅳ
2024-04-25T08:00:00+08:00,1714003200,20.9,7.57,6.79,336.9,12.5,9.23,0.387,0.184,2.34,,,Ⅳ
2024-04-25T12:00:00+08:00,1714017600,21.7,7.68,8.03,343.8,10.8,9.01,0.165,0.154,2.08,,,Ⅳ
2024-04-25T16:00:00+08:00,1714032000,21.7,7.77,8.74,338.2,11.0,9.45,0.248,0.163,2.15,,,Ⅳ
2024-04-25T20:00:00+08:00,1714046400,21.4,7.79,8.71,341.1,11.0,8.51,0.16,0.137,1.95,,,Ⅳ
2024-04-26T04:00:00+08:00,1714075200,21.0,7.55,6.53,346.6,14.0,7.75,0.179,0.128,1.83,,,Ⅳ
2024-04-26T08:00:00+08:00,1714089600,20.9,7.54,6.69,336.4,13.1,9.48,0.19,0.167,2.08,,,Ⅳ
2024-04-26T12:00:00+08:00,1714104000,22.3,7.64,7.49,351.0,11.5,7.91,0.104,0.118,1.75,,,Ⅳ
2024-04-26T16:00:00+08:00,1714118400,24.3,8.38,11.48,332.5,8.7,9.22,0.025,0.119,1.83,,,Ⅳ
2024-04-26T20:00:00+08:00,1714132800,22.5,8.03,9.6,342.6,9.4,8.72,0.025,0.113,1.7,,,Ⅳ
2024-04-27T04:00:00+08:00,1714161600,21.6,7.71,7.72,341.6,12.0,8.35,0.067,0.122,1.75,,,Ⅳ
2024-04-27T08:00:00+08:00,1714176000,21.5,7.7,7.83,339.3,11.1,8.49,0.038,0.125,1.79,,,Ⅳ
2024-04-27T12:00:00+08:00,1714190400,22.7,7.79,8.18,406.8,8.6,7.99,0.048,0.109,1.82,,,Ⅳ
2024-04-27T16:00:00+08:00,1714204800,24.1,8.28,10.6,364.9,8.4,9.23,0.038,0.129,1.91,,,Ⅳ
2024-04-27T20:00:00+08:00,1714219200,22.5,7.98,8.68,396.6,8.5,7.47,0.041,0.097,1.73,,,Ⅳ
2024-04-28T04:00:00+08:00,1714248000,21.9,7.7,7.61,375.0,8.9,7.46,0.062,0.102,1.7,,,Ⅳ
2024-04-28T08:00:00+08:00,1714262400,21.4,7.67,6.7,352.4,24.9,7.51,0.18,0.128,1.59,,,Ⅳ
2024-04-28T12:00:00+08:00,1714276800,21.6,7.51,3.54,383.5,20.7,9.99,0.841,0.261,2.73,,,Ⅳ
2024-04-28T16:00:00+08:00,1714291200,21.3,7.45,4.39,328.5,27.6,9.45,0.787,0.304,2.89,,,Ⅴ
2024-04-29T12:00:00+08:00,1714363200,20.8,7.4,3.53,336.2,17.1,7.73,0.218,0.148,2.09,,,Ⅳ
2024-04-29T16:00:00+08:00,1714377600,21.4,7.45,5.16,325.5,16.4,7.46,0.215,0.136,2.04,,,Ⅳ
2024-04-29T20:00:00+08:00,1714392000,21.2,7.45,5.42,318.9,21.7,7.02,0.306,0.143,2.11,,,Ⅳ
2024-04-30T04:00:00+08:00,1714420800,21.0,7.41,5.1,305.3,17.6,6.48,0.331,0.126,2.1,,,Ⅳ
2024-04-30T12:00:00+08:00,1714449600,20.0,7.43,4.79,306.3,15.9,6.7,0.333,0.144,2.1,,,Ⅳ
2024-04-30T16:00:00+08:00,1714464000,19.7,7.4,2.4,325.5,13.2,6.96,0.282,0.135,2.04,,,Ⅴ
2024-04-30T20:00:00+08:00,1714478400,19.2,7.44,2.34,335.9,12.4,6.97,0.317,0.136,2.05,,,Ⅴ
2024-05-01T04:00:00+08:00,1714507200,18.3,7.47,4.92,325.0,16.8,6.72,0.717,0.145,2.4,,,Ⅳ
2024-05-01T08:00:00+08:00,1714521600,18.2,7.49,4.36,321.7,18.0,6.53,0.47,0.135,2.18,,,Ⅳ
2024-05-01T12:00:00+08:00,1714536000,19.2,7.51,5.14,322.1,18.2,6.43,0.373,0.123,2.08,,,Ⅳ
2024-05-01T16:00:00+08:00,1714550400,20.6,7.53,5.91,328.4,12.8,6.76,0.367,0.229,2.22,,,Ⅳ
2024-05-01T20:00:00+08:00,1714564800,20.1,7.53,5.96,318.4,15.9,6.49,0.185,0.125,1.95,,,Ⅳ
2024-05-02T04:00:00+08:00,1714593600,19.5,7.49,5.64,324.4,19.6,9.51,0.347,0.126,2.04,,,Ⅳ
2024-05-02T08:00:00+08:00,1714608000,19.3,7.48,5.47,322.5,15.8,6.23,0.309,0.122,2.04,,,Ⅳ
2024-05-02T12:00:00+08:00,1714622400,19.5,7.53,5.9,327.2,13.5,6.49,0.23,0.146,2.03,,,Ⅳ
2024-05-02T16:00:00+08:00,1714636800,20.1,7.54,4.89,340.7,12.8,6.98,0.177,0.14,2.06,,,Ⅳ
2024-05-02T20:00:00+08:00,1714651200,19.4,7.58,3.41,366.0,12.0,6.75,0.118,0.117,2.0,,,Ⅳ
2024-05-03T04:00:00+08:00,1714680000,18.6,7.51,3.75,354.1,12.3,6.98,0.27,0.115,2.16,,,Ⅳ
2024-05-03T08:00:00+08:00,1714694400,18.9,7.51,5.46,345.7,14.1,6.99,0.428,0.14,2.33,,,Ⅳ
2024-05-03T12:00:00+08:00,1714708800,19.9,7.54,5.3,360.1,11.4,6.73,0.429,0.124,2.36,,,Ⅳ
2024-05-03T16:00:00+08:00,1714723200,20.3,7.63,6.97,364.7,10.0,7.46,0.402,0.157,2.42,,,Ⅳ
2024-05-03T20:00:00+08:00,1714737600,19.8,7.58,5.76,397.9,12.6,6.19,0.43,0.11,2.35,,,Ⅳ
2024-05-04T04:00:00+08:00,1714766400,19.5,7.52,5.61,361.3,11.6,6.69,0.575,0.153,2.4,,,Ⅳ
2024-05-04T08:00:00+08:00,1714780800,19.4,7.5,5.37,351.1,12.8,6.8,0.682,0.192,2.57,,,Ⅳ
2024-05-04T12:00:00+08:00,1714795200,19.7,7.53,5.78,360.2,11.1,6.72,0.4,0.128,2.31,,,Ⅳ
2024-05-04T16:00:00+08:00,1714809600,19.8,7.63,7.17,354.2,10.3,7.51,0.397,0.15,2.43,,,Ⅳ
2024-05-04T20:00:00+08:00,1714824000,19.7,7.55,5.54,400.2,12.4,6.24,0.425,0.099,2.37,,,Ⅳ
2024-05-05T04:00:00+08:00,1714852800,19.5,7.5,4.74,353.9,14.3,6.26,0.702,0.109,2.4,,,Ⅳ
2024-05-05T08:00:00+08:00,1714867200,19.4,7.51,4.65,339.8,14.0,6.48,0.767,0.12,2.52,,,Ⅳ
2024-05-05T12:00:00+08:00,1714881600,19.6,7.52,5.07,385.8,13.5,7.77,0.933,0.162,2.75,,,Ⅳ
2024-05-05T16:00:00+08:00,1714896000,19.6,7.57,5.22,387.7,12.2,7.76,1.311,0.181,2.98,,,Ⅳ
2024-05-06T08:00:00+08:00,1714953600,19.2,7.45,6.75,333.4,18.1,6.68,1.005,0.157,2.77,,,Ⅳ
2024-05-06T12:00:00+08:00,1714968000,20.4,7.55,7.04,350.4,16.0,6.51,0.815,0.147,2.58,,,Ⅳ
2024-05-06T16:00:00+08:00,1714982400,22.2,7.57,6.65,345.8,14.8,6.61,0.642,0.137,2.51,,,Ⅳ
2024-05-06T20:00:00+08:00,1714996800,20.9,7.6,7.43,351.1,13.0,6.52,0.523,0.132,2.43,,,Ⅳ
2024-05-07T04:00:00+08:00,1715025600,20.8,7.52,6.46,369.9,15.6,6.75,0.475,0.126,2.36,,,Ⅳ
2024-05-07T08:00:00+08:00,1715040000,20.7,7.56,6.63,365.0,12.5,6.46,0.471,0.116,2.33,,,Ⅳ
2024-05-07T12:00:00+08:00,1715054400,22.1,7.57,6.7,366.2,11.8,6.77,0.444,0.119,2.31,,,Ⅳ
2024-05-07T16:00:00+08:00,1715068800,23.6,7.65,6.9,354.1,10.1,6.22,0.424,0.107,2.29,,,Ⅳ
2024-05-07T20:00:00+08:00,1715083200,22.1,7.75,8.3,351.9,9.4,6.03,0.331,0.099,2.2,,,Ⅳ
2024-05-08T04:00:00+08:00,1715112000,21.2,7.55,6.65,364.4,14.1,6.5,0.301,0.104,2.17,,,Ⅳ
2024-05-08T08:00:00+08:00,1715126400,21.1,7.58,6.75,362.5,11.3,6.45,0.307,0.101,2.14,,,Ⅳ
2024-05-08T12:00:00+08:00,1715140800,22.9,7.67,7.63,354.8,11.5,6.5,0.305,0.105,2.15,,,Ⅳ
2024-05-08T16:00:00+08:00,1715155200,23.8,7.92,9.0,343.9,10.6,6.95,0.133,0.11,2.03,,,Ⅳ
2024-05-08T20:00:00+08:00,1715169600,22.4,7.85,8.74,354.8,12.7,7.53,0.066,0.118,2.03,,,Ⅳ
2024-05-09T04:00:00+08:00,1715198400,21.3,7.6,7.18,374.9,19.7,6.94,0.125,0.108,1.95,,,Ⅳ
2024-05-09T08:00:00+08:00,1715212800,21.1,7.65,7.54,367.1,15.4,7.2,0.172,0.107,1.96,,,Ⅳ
2024-05-09T12:00:00+08:00,1715227200,22.7,7.67,7.59,376.2,14.0,5.27,0.119,0.115,2.02,,,Ⅲ
2024-05-09T16:00:00+08:00,1715241600,23.0,7.75,7.66,366.8,13.5,5.52,0.126,0.101,2.0,,,Ⅲ
2024-05-09T20:00:00+08:00,1715256000,21.8,7.8,8.27,364.3,12.1,14.33,0.147,0.101,2.01,,,Ⅴ
2024-05-10T04:00:00+08:00,1715284800,21.0,7.66,7.27,370.3,16.5,0.29,0.135,0.098,1.85,,,Ⅱ
2024-05-10T08:00:00+08:00,1715299200,21.0,7.67,7.53,364.6,12.5,20.33,0.145,0.1,1.88,,,劣Ⅴ
2024-05-10T12:00:00+08:00,1715313600,23.1,7.63,7.54,381.4,15.4,,0.12,0.095,1.97,,,
2024-05-10T16:00:00+08:00,1715328000,24.3,7.76,7.44,380.1,15.0,0.28,0.103,0.099,1.98,,,Ⅱ
2024-05-10T20:00:00+08:00,1715342400,23.1,7.78,7.79,367.3,13.6,0.29,0.091,0.09,1.9,,,Ⅱ
2024-05-11T04:00:00+08:00,1715371200,22.5,7.65,7.19,380.1,17.7,5.76,0.117,0.086,1.82,,,Ⅲ
2024-05-11T08:00:00+08:00,1715385600,22.3,7.62,7.36,376.1,22.6,5.66,0.125,0.092,1.84,,,Ⅲ
2024-05-11T12:00:00+08:00,1715400000,22.4,7.58,6.69,367.7,32.3,5.25,0.154,0.106,1.86,,,Ⅲ
2024-05-11T16:00:00+08:00,1715414400,22.4,7.6,6.43,369.6,32.2,6.25,0.201,0.108,1.62,,,Ⅳ
2024-05-11T20:00:00+08:00,1715428800,21.8,7.5,4.6,343.1,31.8,7.17,0.429,0.184,1.97,,,Ⅳ
2024-05-12T04:00:00+08:00,1715457600,21.2,7.45,6.18,312.1,24.5,7.75,0.392,0.194,2.4,,,Ⅳ
2024-05-12T08:00:00+08:00,1715472000,20.9,7.44,6.26,327.1,20.2,7.01,0.237,0.163,2.03,,,Ⅳ
2024-05-12T12:00:00+08:00,1715486400,21.2,7.45,6.35,326.1,20.0,6.99,0.307,0.154,2.23,,,Ⅳ
2024-05-12T16:00:00+08:00,1715500800,22.1,7.43,6.54,321.7,16.9,7.25,0.621,0.156,2.85,,,Ⅳ
2024-05-12T20:00:00+08:00,1715515200,21.6,7.48,7.14,309.9,19.7,6.99,0.877,0.14,3.17,,,Ⅳ
2024-05-13T04:00:00+08:00,1715544000,21.0,7.48,7.2,310.4,19.1,6.48,0.706,0.132,2.74,,,Ⅳ
2024-05-13T08:00:00+08:00,1715558400,20.9,7.45,6.79,306.0,15.7,6.02,0.569,0.127,2.5,,,Ⅳ
2024-05-13T12:00:00+08:00,1715572800,22.4,7.46,6.67,304.0,14.8,6.25,0.448,0.124,2.39,,,Ⅳ
2024-05-13T16:00:00+08:00,1715587200,24.7,7.55,6.72,310.5,12.3,6.0,0.326,0.115,2.31,,,Ⅳ
2024-05-13T20:00:00+08:00,1715601600,22.7,7.53,6.94,316.9,14.3,6.25,0.288,0.115,2.21,,,Ⅳ
2024-05-14T00:00:00+08:00,1715616000,22.0,7.51,7.13,323.8,17.8,6.5,0.302,0.124,2.19,,,Ⅳ
2024-05-14T04:00:00+08:00,1715630400,21.9,7.49,6.91,331.3,16.7,6.26,0.146,0.124,2.12,,,Ⅳ
2024-05-14T08:00:00+08:00,1715644800,21.8,7.51,6.95,335.6,16.6,6.5,0.265,0.136,2.18,,,Ⅳ
2024-05-14T12:00:00+08:00,1715659200,23.3,7.51,6.8,322.0,17.9,6.23,0.303,0.136,2.17,,,Ⅳ
2024-05-14T16:00:00+08:00,1715673600,25.1,7.62,6.66,334.8,14.2,6.02,0.201,0.118,2.13,,,Ⅳ
2024-05-14T20:00:00+08:00,1715688000,23.8,7.67,7.16,344.9,13.4,6.26,0.194,0.121,2.04,,,Ⅳ
2024-05-15T00:00:00+08:00,1715702400,22.6,7.55,7.42,352.7,23.6,6.49,0.258,0.137,2.06,,,Ⅳ
2024-05-15T04:00:00+08:00,1715716800,22.3,7.56,7.39,356.0,20.5,6.02,0.264,0.127,2.04,,,Ⅳ
2024-05-15T12:00:00+08:00,1715745600,23.9,7.67,7.5,328.2,18.8,7.0,0.197,0.177,2.14,,,Ⅳ
2024-05-15T16:00:00+08:00,1715760000,24.6,7.76,7.77,328.8,17.6,7.25,0.17,0.155,2.14,,,Ⅳ
2024-05-15T20:00:00+08:00,1715774400,23.2,7.75,7.63,342.7,18.6,7.26,0.124,0.14,2.05,,,Ⅳ
2024-05-16T04:00:00+08:00,1715803200,21.9,7.61,8.03,336.2,23.8,6.5,0.142,0.134,1.85,,,Ⅳ
2024-05-16T08:00:00+08:00,1715817600,21.8,7.58,7.68,324.8,24.9,6.75,0.128,0.141,1.89,,,Ⅳ
2024-05-16T16:00:00+08:00,1715846400,24.7,7.72,6.75,324.6,19.7,6.73,0.128,0.134,1.83,,,Ⅳ
2024-05-16T20:00:00+08:00,1715860800,23.6,7.76,7.5,326.2,18.5,6.75,0.121,0.118,1.95,,,Ⅳ
2024-05-17T04:00:00+08:00,1715889600,22.3,7.63,7.5,325.5,29.0,6.74,0.15,0.122,1.93,,,Ⅳ
2024-05-17T08:00:00+08:00,1715904000,22.2,7.6,7.71,319.1,25.6,7.01,0.168,0.142,1.86,,,Ⅳ
2024-05-17T12:00:00+08:00,1715918400,24.4,7.66,6.8,328.4,25.0,7.17,0.12,0.165,1.92,,,Ⅳ
2024-05-17T16:00:00+08:00,1715932800,25.5,7.77,7.49,336.5,22.0,6.75,0.118,0.131,1.91,,,Ⅳ
2024-05-17T20:00:00+08:00,1715947200,23.8,7.77,7.72,338.0,20.8,6.69,0.071,0.117,1.76,,,Ⅳ
2024-05-18T04:00:00+08:00,1715976000,23.1,7.65,7.6,345.4,30.7,6.74,0.181,0.111,1.85,,,Ⅳ
2024-05-18T08:00:00+08:00,1715990400,22.8,7.7,7.36,341.9,25.2,6.72,0.189,0.116,1.84,,,Ⅳ
2024-05-18T12:00:00+08:00,1716004800,25.0,7.62,6.83,370.9,22.7,6.74,0.171,0.107,1.94,,,Ⅳ
2024-05-18T16:00:00+08:00,1716019200,26.3,7.71,6.77,354.5,22.7,6.49,0.109,0.106,1.79,,,Ⅳ
2024-05-18T20:00:00+08:00,1716033600,24.6,7.77,7.44,350.0,21.4,6.27,0.148,0.1,1.96,,,Ⅳ
2024-05-19T04:00:00+08:00,1716062400,23.5,7.66,6.77,353.7,26.6,6.5,0.188,0.101,1.85,,,Ⅳ
2024-05-19T08:00:00+08:00,1716076800,23.2,7.65,6.77,349.8,23.8,6.26,0.206,0.096,1.95,,,Ⅳ
2024-05-19T12:00:00+08:00,1716091200,24.7,7.64,6.68,400.0,16.7,6.5,0.179,0.097,1.97,,,Ⅳ
2024-05-19T16:00:00+08:00,1716105600,25.3,7.75,7.46,387.7,16.8,5.75,0.117,0.094,1.88,,,Ⅲ
2024-05-19T20:00:00+08:00,1716120000,24.4,7.68,6.91,433.4,17.9,6.89,0.138,0.1,2.06,,,Ⅳ
2024-05-20T04:00:00+08:00,1716148800,23.7,7.63,6.62,383.4,21.1,6.01,0.215,0.085,1.99,,,Ⅳ
2024-05-20T08:00:00+08:00,1716163200,23.6,7.66,6.6,358.7,22.8,5.99,0.216,0.085,2.02,,,Ⅲ
2024-05-20T12:00:00+08:00,1716177600,24.9,7.7,7.04,355.6,22.6,6.26,0.177,0.092,1.94,,,Ⅳ
2024-05-20T16:00:00+08:00,1716192000,25.7,7.62,7.07,348.5,24.8,6.71,0.203,0.09,2.22,,,Ⅳ
2024-05-20T20:00:00+08:00,1716206400,25.0,7.61,6.25,350.0,27.8,6.5,0.22,0.085,2.19,,,Ⅳ
2024-05-21T04:00:00+08:00,1716235200,24.2,7.51,5.14,340.9,34.3,7.0,0.129,0.103,1.83,,,Ⅳ
2024-05-21T08:00:00+08:00,1716249600,24.3,7.48,5.18,339.6,29.4,7.0,0.185,0.109,1.86,,,Ⅳ
2024-05-21T12:00:00+08:00,1716264000,25.0,7.56,5.74,342.7,27.9,7.24,0.14,0.116,1.97,,,Ⅳ
2024-05-21T16:00:00+08:00,1716278400,25.0,7.58,6.09,341.0,26.3,6.52,0.183,0.102,2.02,,,Ⅳ
2024-05-21T20:00:00+08:00,1716292800,24.6,7.46,4.72,398.5,32.0,6.25,0.255,0.108,2.07,,,Ⅳ
2024-05-22T04:00:00+08:00,1716321600,24.1,7.4,3.69,454.9,29.4,6.01,0.316,0.102,2.09,,,Ⅳ
2024-05-22T08:00:00+08:00,1716336000,24.0,7.42,4.35,387.6,27.3,6.25,0.239,0.108,1.95,,,Ⅳ
2024-05-23T08:00:00+08:00,1716422400,23.6,7.48,4.48,348.1,27.2,6.19,0.169,0.122,1.68,,,Ⅳ
2024-05-23T12:00:00+08:00,1716436800,25.6,7.51,5.56,366.8,22.7,7.25,0.176,0.12,1.88,,,Ⅳ
2024-05-23T16:00:00+08:00,1716451200,26.7,7.66,7.06,351.9,22.6,6.99,0.154,0.101,2.09,,,Ⅳ
2024-05-23T20:00:00+08:00,1716465600,25.3,7.57,5.42,360.3,27.0,6.26,0.225,0.09,2.09,,,Ⅳ
2024-05-24T04:00:00+08:00,1716494400,24.7,7.47,4.63,356.6,43.8,7.12,0.279,0.122,1.93,,,Ⅳ
2024-05-24T08:00:00+08:00,1716508800,24.5,7.47,4.87,354.4,31.1,7.24,0.157,0.118,1.85,,,Ⅳ
2024-05-24T12:00:00+08:00,1716523200,26.8,7.49,5.38,371.1,25.5,7.24,0.157,0.118,1.85,,,Ⅳ
2024-05-24T16:00:00+08:00,1716537600,27.3,7.54,5.41,370.9,28.2,6.95,0.169,0.112,1.81,,,Ⅳ
2024-05-24T20:00:00+08:00,1716552000,26.2,7.58,6.34,360.1,26.8,7.0,0.114,0.095,1.82,,,Ⅳ
2024-05-25T04:00:00+08:00,1716580800,25.3,7.5,4.84,363.0,42.7,7.4,0.225,0.127,1.77,,,Ⅳ
2024-05-25T08:00:00+08:00,1716595200,25.1,7.52,5.47,356.8,29.4,6.99,0.116,0.102,1.92,,,Ⅳ
2024-05-25T12:00:00+08:00,1716609600,26.3,7.49,4.88,374.4,29.8,6.77,0.146,0.114,1.75,,,Ⅳ
2024-05-25T16:00:00+08:00,1716624000,27.4,7.66,7.4,375.1,25.5,8.21,0.071,0.123,1.99,,,Ⅳ
2024-05-25T20:00:00+08:00,1716638400,26.4,7.64,6.5,370.1,26.9,7.25,0.127,0.102,1.91,,,Ⅳ
2024-05-26T04:00:00+08:00,1716667200,25.9,7.46,4.25,409.2,36.4,7.01,0.18,0.12,1.72,,,Ⅳ
2024-05-26T08:00:00+08:00,1716681600,25.8,7.52,5.31,343.0,26.4,7.74,0.053,0.118,1.6,,,Ⅳ
2024-05-26T12:00:00+08:00,1716696000,27.3,7.47,5.57,392.7,26.4,7.49,0.076,0.128,1.69,,,Ⅳ
2024-05-26T16:00:00+08:00,1716710400,28.6,7.65,7.45,378.4,27.5,7.74,0.046,0.121,1.64,,,Ⅳ
2024-05-26T20:00:00+08:00,1716724800,27.4,7.67,6.8,359.4,24.1,8.14,0.054,0.126,1.63,,,Ⅳ
2024-05-27T04:00:00+08:00,1716753600,25.1,7.43,3.66,331.0,38.8,8.99,1.082,0.258,3.07,,,Ⅳ
2024-05-27T08:00:00+08:00,1716768000,24.8,7.38,3.96,300.6,41.8,8.24,0.86,0.239,2.74,,,Ⅳ
2024-05-27T12:00:00+08:00,1716782400,24.0,7.28,3.64,301.2,40.3,9.23,0.573,0.23,2.87,,,Ⅳ
2024-05-27T16:00:00+08:00,1716796800,22.7,7.37,5.06,290.9,54.3,8.73,0.792,0.273,2.68,,,Ⅳ
2024-05-27T20:00:00+08:00,1716811200,22.2,7.34,5.08,293.6,62.7,9.22,0.599,0.236,2.61,,,Ⅳ
2024-05-28T04:00:00+08:00,1716840000,21.7,7.33,5.0,319.1,38.7,8.74,0.691,0.196,2.81,,,Ⅳ
2024-05-28T08:00:00+08:00,1716854400,21.5,7.35,4.75,312.1,32.0,8.99,0.717,0.181,2.83,,,Ⅳ
2024-05-28T12:00:00+08:00,1716868800,19.5,6.98,8.8,0.9,13.9,8.78,0.672,,2.8,,,
2024-05-28T16:00:00+08:00,1716883200,24.4,7.38,5.94,312.0,24.0,8.71,0.516,0.155,2.5,,,Ⅳ
2024-05-28T20:00:00+08:00,1716897600,23.7,7.41,6.45,299.0,30.0,8.5,0.242,0.159,2.08,,,Ⅳ
2024-05-29T04:00:00+08:00,1716926400,23.0,7.32,5.27,301.6,30.0,8.29,0.421,0.153,2.26,,,Ⅳ
2024-05-29T08:00:00+08:00,1716940800,23.0,7.35,5.24,292.3,26.5,8.28,0.387,0.155,2.23,,,Ⅳ
2024-05-29T12:00:00+08:00,1716955200,24.1,7.38,5.18,326.1,20.4,7.78,0.601,0.146,2.69,,,Ⅳ
2024-05-29T16:00:00+08:00,1716969600,25.2,7.51,6.75,363.3,16.6,7.78,0.544,0.142,2.81,,,Ⅳ
2024-05-29T20:00:00+08:00,1716984000,24.5,7.5,6.29,354.9,27.4,8.19,0.529,0.146,2.62,,,Ⅳ
2024-05-30T04:00:00+08:00,1717012800,23.8,7.42,4.87,332.7,30.5,8.03,0.564,0.139,2.37,,,Ⅳ
2024-05-30T08:00:00+08:00,1717027200,23.7,7.43,4.99,313.7,24.3,8.28,0.389,0.15,2.28,,,Ⅳ
2024-05-30T12:00:00+08:00,1717041600,23.5,7.41,5.71,298.9,22.0,8.77,0.193,0.169,2.12,,,Ⅳ
2024-05-30T16:00:00+08:00,1717056000,23.3,7.42,5.51,300.3,22.3,8.54,0.227,0.166,2.07,,,Ⅳ
2024-05-30T20:00:00+08:00,1717070400,23.0,7.42,5.24,299.6,26.8,7.78,0.427,0.154,2.14,,,Ⅳ
2024-05-31T04:00:00+08:00,1717099200,22.0,7.38,4.84,309.5,30.8,8.04,1.103,0.221,3.05,,,Ⅳ
2024-05-31T08:00:00+08:00,1717113600,21.9,7.33,5.32,288.2,28.4,8.46,0.854,0.18,2.9,,,Ⅳ
2024-05-31T12:00:00+08:00,1717128000,22.1,7.28,5.63,302.7,40.3,8.72,1.05,0.181,3.16,,,Ⅳ
2024-05-31T16:00:00+08:00,1717142400,22.6,7.33,5.91,306.9,25.6,7.95,1.188,0.157,3.41,,,Ⅳ
2024-05-31T20:00:00+08:00,1717156800,22.4,7.34,5.66,315.1,33.5,7.48,1.148,0.161,3.27,,,Ⅳ
2024-06-01T04:00:00+08:00,1717185600,22.0,7.35,5.05,330.0,35.2,7.52,1.229,0.158,3.27,,,Ⅳ
2024-06-01T08:00:00+08:00,1717200000,22.1,7.36,4.96,322.6,50.4,8.79,1.408,0.212,3.35,,,Ⅳ
2024-06-01T12:00:00+08:00,1717214400,23.1,7.42,4.71,336.1,21.1,8.28,1.016,0.18,3.3,,,Ⅳ
2024-06-01T16:00:00+08:00,1717228800,23.7,7.5,6.97,318.7,17.3,9.2,0.418,0.186,2.76,,,Ⅳ
2024-06-01T20:00:00+08:00,1717243200,23.2,7.45,5.32,336.2,20.9,8.24,0.623,0.16,2.76,,,Ⅳ
2024-06-02T04:00:00+08:00,1717272000,23.0,7.4,4.79,342.3,25.5,7.74,0.859,0.147,2.82,,,Ⅳ
2024-06-02T12:00:00+08:00,1717300800,23.5,7.44,5.69,335.1,15.5,7.53,0.569,0.136,2.72,,,Ⅳ
2024-06-02T16:00:00+08:00,1717315200,23.6,7.56,7.02,347.5,14.7,8.79,0.199,0.146,2.31,,,Ⅳ
2024-06-02T20:00:00+08:00,1717329600,23.7,7.55,6.63,360.3,18.4,7.46,0.33,0.133,2.4,,,Ⅳ
2024-06-03T04:00:00+08:00,1717358400,23.1,7.46,5.32,333.3,24.9,7.54,0.337,0.134,2.21,,,Ⅳ
2024-06-03T08:00:00+08:00,1717372800,23.1,7.46,5.62,342.9,17.5,7.43,0.339,0.126,2.25,,,Ⅳ
2024-06-03T16:00:00+08:00,1717401600,26.1,7.72,8.35,329.6,15.8,8.0,0.276,0.133,2.2,,,Ⅳ
2024-06-03T20:00:00+08:00,1717416000,24.7,7.62,7.79,311.9,19.1,8.03,0.177,0.129,2.18,,,Ⅳ
2024-06-04T04:00:00+08:00,1717444800,24.1,7.5,6.6,343.3,29.0,8.54,0.194,0.141,2.0,,,Ⅳ
2024-06-04T08:00:00+08:00,1717459200,24.1,7.56,7.08,313.6,23.4,8.46,0.219,0.151,2.02,,,Ⅳ
2024-06-04T12:00:00+08:00,1717473600,24.8,7.46,8.76,333.8,23.6,9.48,0.063,0.168,2.08,,,Ⅳ
2024-06-04T16:00:00+08:00,1717488000,25.4,7.69,8.86,311.6,18.1,8.77,0.108,0.144,2.01,,,Ⅳ
2024-06-04T20:00:00+08:00,1717502400,25.1,7.6,7.73,330.7,31.9,9.29,0.037,0.144,1.84,,,Ⅳ
2024-06-05T04:00:00+08:00,1717531200,24.7,7.47,6.21,335.4,29.9,7.78,0.123,0.151,1.85,,,Ⅳ
2024-06-05T08:00:00+08:00,1717545600,24.6,7.47,6.1,322.7,21.6,8.01,0.074,0.15,1.88,,,Ⅳ
2024-06-05T12:00:00+08:00,1717560000,24.7,7.48,6.15,319.3,23.6,8.55,0.081,0.151,1.89,,,Ⅳ
2024-06-05T16:00:00+08:00,1717574400,24.6,7.55,6.56,379.3,21.6,7.03,0.095,0.133,1.93,,,Ⅳ
2024-06-05T20:00:00+08:00,1717588800,24.1,7.52,5.71,357.1,18.5,8.0,0.102,0.148,1.85,,,Ⅳ
2024-06-06T04:00:00+08:00,1717617600,23.4,7.45,5.21,325.3,19.7,8.49,0.119,0.168,1.86,,,Ⅳ
2024-06-06T08:00:00+08:00,1717632000,23.4,7.43,5.35,316.6,20.7,8.78,0.114,0.169,1.88,,,Ⅳ
2024-06-06T12:00:00+08:00,1717646400,24.2,7.49,5.68,349.6,18.2,8.78,0.114,0.169,1.88,,,Ⅳ
2024-06-06T16:00:00+08:00,1717660800,24.4,7.56,6.22,373.2,14.8,7.02,0.129,0.118,1.91,,,Ⅳ
2024-06-06T20:00:00+08:00,1717675200,24.0,7.54,6.25,413.4,18.1,6.04,0.184,0.105,1.93,,,Ⅳ
2024-06-07T04:00:00+08:00,1717704000,23.0,7.45,4.76,355.0,19.4,6.74,0.223,0.129,1.73,,,Ⅳ
2024-06-07T08:00:00+08:00,1717718400,23.3,7.49,5.52,334.7,16.8,7.28,0.14,0.126,1.74,,,Ⅳ
2024-06-07T12:00:00+08:00,1717732800,24.5,7.57,6.03,347.4,14.9,7.52,0.125,0.115,1.75,,,Ⅳ
2024-06-07T16:00:00+08:00,1717747200,25.7,7.66,6.51,412.9,16.3,5.52,0.133,0.099,1.96,,,Ⅲ
2024-06-07T20:00:00+08:00,1717761600,25.0,7.68,6.86,376.4,14.0,6.27,0.093,0.097,1.8,,,Ⅳ
2024-06-08T04:00:00+08:00,1717790400,23.8,7.5,5.47,387.1,21.9,6.52,0.171,0.118,1.62,,,Ⅳ
2024-06-08T08:00:00+08:00,1717804800,24.1,7.5,6.2,351.6,14.7,7.27,0.055,0.119,1.73,,,Ⅳ
2024-06-08T12:00:00+08:00,1717819200,26.6,7.65,6.37,399.3,15.6,6.53,0.086,0.109,1.83,,,Ⅳ
2024-06-08T16:00:00+08:00,1717833600,27.9,7.74,6.75,401.3,15.9,6.28,0.115,0.112,1.92,,,Ⅳ
2024-06-08T20:00:00+08:00,1717848000,26.8,7.74,7.03,388.2,15.7,6.52,0.067,0.115,1.75,,,Ⅳ
2024-06-09T04:00:00+08:00,1717876800,25.6,7.62,6.12,393.6,18.2,6.72,0.102,0.114,1.7,,,Ⅳ
2024-06-09T08:00:00+08:00,1717891200,25.5,7.59,6.6,367.9,14.6,6.52,0.098,0.109,1.71,,,Ⅳ
2024-06-09T12:00:00+08:00,1717905600,27.6,7.68,6.89,402.1,18.5,7.28,0.034,0.118,1.73,,,Ⅳ
2024-06-09T16:00:00+08:00,1717920000,29.4,8.0,8.63,366.8,15.5,7.02,0.083,0.124,1.86,,,Ⅳ
2024-06-09T20:00:00+08:00,1717934400,28.4,7.92,7.84,369.2,19.0,7.52,0.068,0.133,1.73,,,Ⅳ
2024-06-10T04:00:00+08:00,1717963200,26.5,7.61,6.24,385.8,23.2,8.02,0.113,0.134,1.63,,,Ⅳ
2024-06-10T08:00:00+08:00,1717977600,26.0,7.57,6.12,369.6,18.6,8.28,0.069,0.138,1.77,,,Ⅳ
2024-06-10T12:00:00+08:00,1717992000,27.4,7.66,6.99,368.8,18.5,7.53,0.029,0.121,1.75,,,Ⅳ
2024-06-10T16:00:00+08:00,1718006400,28.0,7.72,7.19,357.9,15.7,7.02,0.04,0.111,1.71,,,Ⅳ
2024-06-10T20:00:00+08:00,1718020800,26.7,7.65,6.66,366.1,16.5,7.28,0.071,0.106,1.69,,,Ⅳ
2024-06-11T04:00:00+08:00,1718049600,26.0,7.55,5.92,393.9,23.8,0.28,0.143,0.121,1.68,,,Ⅲ
2024-06-11T08:00:00+08:00,1718064000,26.0,7.54,5.81,383.8,20.0,,0.111,0.12,1.79,,,
2024-06-11T12:00:00+08:00,1718078400,26.5,7.59,6.58,410.1,20.9,8.22,0.128,0.117,1.82,,,Ⅳ
2024-06-11T16:00:00+08:00,1718092800,26.8,7.84,8.06,375.4,14.9,,0.036,0.098,1.61,,,
2024-06-11T20:00:00+08:00,1718107200,26.0,7.83,7.76,383.2,15.1,,0.05,0.101,1.58,,,
2024-06-12T04:00:00+08:00,1718136000,25.6,7.61,5.87,435.6,22.6,6.52,0.186,0.112,1.8,,,Ⅳ
2024-06-12T08:00:00+08:00,1718150400,25.5,7.63,6.2,400.0,17.2,7.77,0.085,0.115,1.76,,,Ⅳ
2024-06-12T12:00:00+08:00,1718164800,26.9,7.67,6.62,452.5,19.2,7.27,0.149,0.114,1.92,,,Ⅳ
2024-06-12T16:00:00+08:00,1718179200,28.3,7.82,7.81,445.7,18.5,7.53,0.078,0.095,1.73,,,Ⅳ
2024-06-13T04:00:00+08:00,1718222400,26.5,7.65,5.89,439.5,27.3,8.28,0.205,0.122,1.83,,,Ⅳ
2024-06-13T08:00:00+08:00,1718236800,26.4,7.72,7.35,393.6,19.3,8.03,0.091,0.113,1.73,,,Ⅳ
2024-06-13T12:00:00+08:00,1718251200,27.9,7.69,6.85,431.6,20.7,8.03,0.136,0.107,2.0,,,Ⅳ
2024-06-13T16:00:00+08:00,1718265600,29.0,7.84,7.95,421.0,22.8,8.04,0.086,0.097,1.84,,,Ⅳ
2024-06-13T20:00:00+08:00,1718280000,27.7,7.79,7.17,430.4,23.6,7.02,0.145,0.091,1.93,,,Ⅳ
2024-06-14T00:00:00+08:00,1718294400,27.1,7.74,6.83,414.7,22.7,7.53,0.121,0.095,1.76,,,Ⅳ
2024-06-14T04:00:00+08:00,1718308800,26.9,7.65,5.79,436.5,22.0,8.02,0.156,0.101,1.98,,,Ⅳ
2024-06-14T08:00:00+08:00,1718323200,26.9,7.69,6.77,412.9,18.4,9.53,0.047,0.131,1.99,,,Ⅳ
2024-06-14T12:00:00+08:00,1718337600,28.1,7.74,7.18,435.7,23.1,9.78,0.082,0.127,1.91,,,Ⅳ
2024-06-14T16:00:00+08:00,1718352000,29.5,8.01,8.7,409.3,17.4,7.86,0.025,0.096,1.68,,,Ⅳ
2024-06-14T20:00:00+08:00,1718366400,28.7,7.99,8.7,422.6,18.4,7.27,0.035,0.089,1.63,,,Ⅳ
2024-06-15T00:00:00+08:00,1718380800,27.8,7.81,7.08,436.0,22.3,7.79,0.107,0.101,1.75,,,Ⅳ
2024-06-15T04:00:00+08:00,1718395200,27.5,7.72,6.54,431.2,22.2,7.67,0.123,0.107,1.79,,,Ⅳ
2024-06-15T08:00:00+08:00,1718409600,27.4,7.76,7.14,417.6,16.2,8.05,0.051,0.101,1.71,,,Ⅳ
2024-06-15T12:00:00+08:00,1718424000,29.3,7.77,7.24,457.0,16.6,7.78,0.074,0.103,1.93,,,Ⅳ
2024-06-15T16:00:00+08:00,1718438400,30.5,7.97,8.4,461.1,18.3,8.15,0.039,0.092,1.8,,,Ⅳ
2024-06-15T20:00:00+08:00,1718452800,29.1,7.87,7.45,442.5,19.2,7.53,0.087,0.094,1.84,,,Ⅳ
2024-06-16T00:00:00+08:00,1718467200,28.3,7.82,7.2,433.5,20.2,7.71,0.081,0.094,1.68,,,Ⅳ
2024-06-16T04:00:00+08:00,1718481600,27.8,7.73,6.38,435.3,20.5,7.5,0.096,0.099,1.69,,,Ⅳ
2024-06-16T08:00:00+08:00,1718496000,27.8,7.72,6.82,412.8,14.5,7.52,0.04,0.094,1.68,,,Ⅳ
2024-06-16T12:00:00+08:00,1718510400,29.3,7.81,7.63,420.9,14.5,8.28,0.029,0.1,1.77,,,Ⅳ
2024-06-16T20:00:00+08:00,1718539200,28.6,7.76,7.01,421.5,29.0,8.04,0.025,0.096,1.65,,,Ⅳ
2024-06-17T04:00:00+08:00,1718568000,27.5,7.63,6.21,380.8,21.7,8.03,0.052,0.109,1.49,,,Ⅳ
2024-06-17T08:00:00+08:00,1718582400,27.5,7.62,6.0,374.4,20.7,8.47,0.061,0.115,1.51,,,Ⅳ
2024-06-17T12:00:00+08:00,1718596800,28.9,7.66,6.71,402.0,21.1,8.49,0.053,0.116,1.52,,,Ⅳ
2024-06-17T16:00:00+08:00,1718611200,29.6,7.81,7.54,407.3,23.0,8.79,0.045,0.116,1.64,,,Ⅳ
2024-06-17T20:00:00+08:00,1718625600,28.6,7.77,7.09,400.6,25.2,8.79,0.041,0.117,1.64,,,Ⅳ
2024-06-18T04:00:00+08:00,1718654400,27.5,7.63,6.03,398.5,27.0,8.27,0.069,0.114,1.58,,,Ⅳ
2024-06-18T08:00:00+08:00,1718668800,27.4,7.62,5.8,387.7,20.8,7.25,0.037,0.099,1.64,,,Ⅳ
2024-06-18T12:00:00+08:00,1718683200,29.3,7.76,7.27,379.8,24.8,8.74,0.025,0.111,1.73,,,Ⅳ
2024-06-18T16:00:00+08:00,1718697600,29.8,7.8,7.08,378.8,20.5,7.27,0.025,0.084,1.61,,,Ⅳ
2024-06-18T20:00:00+08:00,1718712000,29.1,7.76,6.56,381.2,20.1,6.91,0.025,0.081,1.57,,,Ⅳ
2024-06-19T04:00:00+08:00,1718740800,28.2,7.6,4.48,386.9,22.9,7.03,0.035,0.081,1.55,,,Ⅳ
2024-06-19T08:00:00+08:00,1718755200,28.0,7.59,4.48,382.2,19.4,6.94,0.031,0.082,1.57,,,Ⅳ
2024-06-19T12:00:00+08:00,1718769600,27.7,7.53,2.25,453.2,35.0,11.29,1.106,0.253,3.55,,,Ⅴ
2024-06-19T16:00:00+08:00,1718784000,27.2,7.57,2.65,442.3,29.3,10.79,1.386,0.216,3.74,,,Ⅴ
2024-06-19T20:00:00+08:00,1718798400,26.3,7.45,3.11,369.3,41.4,9.29,1.413,0.202,3.6,,,Ⅳ
2024-06-20T04:00:00+08:00,1718827200,25.3,7.41,4.37,315.0,42.1,7.54,1.494,0.18,3.79,,,Ⅳ
2024-06-20T08:00:00+08:00,1718841600,25.2,7.34,4.96,267.1,44.6,7.03,0.824,0.171,3.1,,,Ⅳ
2024-06-20T12:00:00+08:00,1718856000,25.5,7.3,5.33,266.7,38.2,6.53,0.585,0.158,2.99,,,Ⅳ
2024-06-20T16:00:00+08:00,1718870400,26.4,7.29,4.93,283.1,162.5,8.2,0.627,0.167,1.65,,,Ⅳ
2024-06-20T20:00:00+08:00,1718884800,26.2,7.34,5.46,278.5,44.6,7.03,0.485,0.144,2.44,,,Ⅳ
2024-06-21T04:00:00+08:00,1718913600,26.2,7.35,4.62,297.1,31.3,7.04,0.426,0.13,2.37,,,Ⅳ
2024-06-21T08:00:00+08:00,1718928000,26.2,7.36,4.64,298.3,22.7,7.75,0.302,0.119,2.29,,,Ⅳ
2024-06-21T12:00:00+08:00,1718942400,26.7,7.4,5.28,304.1,20.0,7.53,0.323,0.121,2.44,,,Ⅳ
2024-06-21T16:00:00+08:00,1718956800,27.1,7.43,5.67,298.9,22.3,7.19,0.291,0.118,2.3,,,Ⅳ
2024-06-21T20:00:00+08:00,1718971200,27.1,7.41,5.21,299.6,26.7,7.77,0.337,0.126,2.37,,,Ⅳ
2024-06-22T00:00:00+08:00,1718985600,26.9,7.38,4.81,297.2,30.4,7.27,0.27,0.123,2.29,,,Ⅳ
2024-06-22T04:00:00+08:00,1719000000,26.5,7.39,4.53,297.1,32.3,6.96,0.321,0.126,2.25,,,Ⅳ
2024-06-22T08:00:00+08:00,1719014400,26.3,7.36,4.11,310.8,21.2,7.27,0.364,0.129,2.38,,,Ⅳ
2024-06-22T12:00:00+08:00,1719028800,26.1,7.41,4.35,315.1,25.3,7.29,0.495,0.132,2.5,,,Ⅳ
2024-06-22T16:00:00+08:00,1719043200,25.7,7.42,5.47,248.6,65.7,7.02,0.492,0.206,2.34,,,Ⅳ
2024-06-22T20:00:00+08:00,1719057600,25.7,7.27,5.07,250.5,67.8,7.52,0.534,0.166,2.62,,,Ⅳ
2024-06-23T00:00:00+08:00,1719072000,25.4,7.28,5.3,213.6,83.4,6.22,0.433,0.172,1.77,,,Ⅳ
2024-06-23T04:00:00+08:00,1719086400,25.4,7.23,4.97,220.0,77.5,6.52,0.311,0.148,1.69,,,Ⅳ
2024-06-23T08:00:00+08:00,1719100800,25.3,7.22,5.12,225.0,54.3,5.69,0.254,0.133,1.85,,,Ⅲ
2024-06-23T12:00:00+08:00,1719115200,25.5,7.23,5.43,234.8,40.5,6.02,0.208,0.119,2.0,,,Ⅳ
2024-06-23T16:00:00+08:00,1719129600,25.5,7.26,5.64,239.9,35.7,6.43,0.232,0.119,2.04,,,Ⅳ
2024-06-23T20:00:00+08:00,1719144000,25.4,7.28,5.55,244.1,33.6,5.73,0.213,0.113,2.0,,,Ⅲ
2024-06-24T00:00:00+08:00,1719158400,25.1,7.29,5.28,245.7,31.1,5.77,0.202,0.114,2.07,,,Ⅲ
2024-06-24T04:00:00+08:00,1719172800,24.9,7.28,5.01,248.9,29.2,6.04,0.198,0.112,2.03,,,Ⅳ
2024-06-24T08:00:00+08:00,1719187200,24.9,7.29,5.11,245.5,24.3,6.04,0.12,0.104,2.01,,,Ⅳ
2024-06-24T12:00:00+08:00,1719201600,26.1,7.32,5.48,251.7,21.6,5.51,0.141,0.106,2.0,,,Ⅲ
2024-06-24T16:00:00+08:00,1719216000,26.2,7.33,5.94,245.6,19.1,5.92,0.126,0.096,1.93,,,Ⅲ
2024-06-24T20:00:00+08:00,1719230400,26.2,7.27,5.37,250.4,23.0,6.01,0.148,0.107,1.96,,,Ⅳ
2024-06-25T00:00:00+08:00,1719244800,25.9,7.3,5.15,248.6,26.9,5.76,0.139,0.113,1.89,,,Ⅲ
2024-06-25T12:00:00+08:00,1719288000,25.5,7.25,4.69,253.8,22.3,5.99,0.102,0.107,1.88,,,Ⅳ
2024-06-25T16:00:00+08:00,1719302400,25.6,7.34,5.52,249.4,20.7,6.77,0.138,0.124,1.92,,,Ⅳ
2024-06-25T20:00:00+08:00,1719316800,25.3,7.33,5.08,251.6,23.6,6.42,,0.107,1.86,,,
2024-06-26T04:00:00+08:00,1719345600,25.1,7.3,3.81,255.8,27.6,5.53,,0.105,1.74,,,
2024-06-26T08:00:00+08:00,1719360000,25.0,7.33,4.31,256.0,26.0,,0.163,0.117,1.77,,,
2024-06-26T12:00:00+08:00,1719374400,25.2,7.35,4.28,256.7,22.4,6.52,0.116,0.11,1.74,,,Ⅳ
2024-06-26T16:00:00+08:00,1719388800,25.1,7.33,4.65,259.6,20.7,6.28,0.104,0.11,1.76,,,Ⅳ
2024-06-26T20:00:00+08:00,1719403200,24.9,7.35,4.39,262.6,22.4,6.27,0.096,0.109,1.73,,,Ⅳ
2024-06-27T04:00:00+08:00,1719432000,24.8,7.33,4.41,262.5,24.5,6.16,0.095,0.103,1.63,,,Ⅳ
2024-06-27T08:00:00+08:00,1719446400,24.7,7.34,4.24,264.5,25.8,6.27,0.105,0.107,1.63,,,Ⅳ
2024-06-27T12:00:00+08:00,1719460800,24.9,7.35,4.29,270.3,22.5,6.54,0.153,0.127,1.8,,,Ⅳ
2024-06-27T16:00:00+08:00,1719475200,25.1,7.36,4.49,273.7,18.7,6.28,0.142,0.11,1.77,,,Ⅳ
2024-06-27T20:00:00+08:00,1719489600,24.8,7.37,4.5,279.4,21.7,6.48,0.151,0.106,1.74,,,Ⅳ
2024-06-28T04:00:00+08:00,1719518400,24.5,7.35,3.29,289.1,24.2,6.28,0.281,0.116,1.84,,,Ⅳ
2024-06-28T08:00:00+08:00,1719532800,24.6,7.36,3.35,292.8,22.4,,0.395,0.129,1.96,,,
2024-06-28T16:00:00+08:00,1719561600,24.7,7.41,4.34,291.2,23.7,0.29,0.455,0.154,2.02,,,Ⅳ
2024-06-28T20:00:00+08:00,1719576000,24.6,7.44,4.3,305.7,29.3,7.83,0.681,0.168,2.32,,,Ⅳ
2024-06-29T04:00:00+08:00,1719604800,24.4,7.34,4.33,294.0,33.8,6.82,0.838,0.166,2.71,,,Ⅳ
2024-06-29T08:00:00+08:00,1719619200,24.4,7.35,4.46,298.6,28.1,6.56,1.034,0.15,3.06,,,Ⅳ
2024-06-29T12:00:00+08:00,1719633600,24.6,7.34,4.46,301.2,23.4,6.52,1.382,0.14,3.58,,,Ⅳ
2024-06-29T16:00:00+08:00,1719648000,24.9,7.35,4.85,286.0,20.3,5.82,1.399,0.125,3.72,,,Ⅳ
2024-06-29T20:00:00+08:00,1719662400,25.0,7.34,5.83,276.1,19.2,5.8,1.03,0.122,3.14,,,Ⅳ
2024-06-30T04:00:00+08:00,1719691200,24.9,7.34,4.98,271.6,32.4,6.23,0.658,0.134,2.55,,,Ⅳ
2024-06-30T08:00:00+08:00,1719705600,24.8,7.35,4.37,274.9,39.4,5.8,0.696,0.159,2.49,,,Ⅳ
2024-06-30T12:00:00+08:00,1719720000,24.8,7.36,5.43,239.2,73.7,6.31,0.653,0.191,1.94,,,Ⅳ
2024-06-30T16:00:00+08:00,1719734400,24.9,7.26,4.75,197.4,90.3,6.3,1.124,0.186,2.05,,,Ⅳ
2024-06-30T20:00:00+08:00,1719748800,25.2,7.22,4.64,191.2,90.3,6.27,1.135,0.172,1.95,,,Ⅳ
2024-07-01T04:00:00+08:00,1719777600,25.1,7.18,4.88,197.9,67.8,6.3,0.815,0.16,2.08,,,Ⅳ
2024-07-01T08:00:00+08:00,1719792000,25.1,7.2,4.64,207.0,49.2,,0.541,0.158,2.04,,,
2024-07-01T12:00:00+08:00,1719806400,25.5,7.14,6.38,207.8,52.8,5.3,0.78,0.145,2.41,,,Ⅲ
2024-07-03T16:00:00+08:00,1719993600,28.1,7.26,5.78,226.0,20.2,4.58,0.211,0.117,2.34,,,Ⅲ
2024-07-03T20:00:00+08:00,1720008000,27.5,7.39,6.81,225.2,20.5,4.29,0.1,0.11,2.05,,,Ⅲ
2024-07-04T04:00:00+08:00,1720036800,27.0,7.21,4.07,232.7,20.6,4.53,0.2,0.114,2.31,,,Ⅳ
2024-07-04T08:00:00+08:00,1720051200,27.3,7.18,3.89,230.4,21.0,5.29,0.2,0.118,2.35,,,Ⅳ
2024-07-04T12:00:00+08:00,1720065600,29.1,7.26,4.86,226.0,20.4,5.55,0.176,0.117,2.36,,,Ⅳ
2024-07-04T16:00:00+08:00,1720080000,30.3,7.27,6.1,229.5,18.4,5.29,0.113,0.115,2.33,,,Ⅲ
2024-07-04T20:00:00+08:00,1720094400,29.7,7.27,5.37,234.0,17.2,5.3,0.068,0.112,2.19,,,Ⅲ
2024-07-05T04:00:00+08:00,1720123200,28.6,7.23,4.01,235.0,17.6,4.3,0.114,0.108,2.21,,,Ⅳ
2024-07-05T08:00:00+08:00,1720137600,28.6,7.21,4.25,250.6,18.0,5.58,0.419,0.324,3.44,,,Ⅴ
2024-07-05T16:00:00+08:00,1720166400,31.5,7.47,8.11,283.8,13.0,5.8,0.047,0.155,2.41,,,Ⅲ
2024-07-05T20:00:00+08:00,1720180800,30.9,7.55,8.25,265.0,13.6,5.54,0.03,0.135,2.16,,,Ⅲ
2024-07-06T04:00:00+08:00,1720209600,29.6,7.36,5.35,248.1,16.8,5.3,0.054,0.11,1.89,,,Ⅲ
2024-07-06T08:00:00+08:00,1720224000,29.5,7.31,4.97,248.1,16.1,5.81,0.053,0.175,2.38,,,Ⅳ
2024-07-06T12:00:00+08:00,1720238400,30.9,7.54,7.88,252.6,15.2,6.49,0.025,0.128,1.92,,,Ⅳ
2024-07-06T16:00:00+08:00,1720252800,31.7,7.9,10.67,248.7,17.2,5.8,0.025,0.128,1.86,,,Ⅲ
2024-07-06T20:00:00+08:00,1720267200,31.1,7.77,9.23,254.0,18.0,5.81,0.025,0.123,1.84,,,Ⅲ
2024-07-07T04:00:00+08:00,1720296000,29.8,7.47,6.35,263.8,26.1,5.48,0.05,0.119,1.7,,,Ⅲ
2024-07-07T08:00:00+08:00,1720310400,29.8,7.45,6.11,258.1,20.6,5.29,0.025,0.133,1.78,,,Ⅲ
2024-07-07T12:00:00+08:00,1720324800,31.4,7.74,9.27,252.3,17.8,6.52,0.025,0.126,1.64,,,Ⅳ
2024-07-07T20:00:00+08:00,1720353600,31.9,8.1,10.08,252.4,15.7,6.5,0.025,0.136,1.77,,,Ⅳ
2024-07-08T04:00:00+08:00,1720382400,30.8,7.58,6.46,268.1,22.2,5.82,0.025,0.121,1.56,,,Ⅲ
2024-07-08T08:00:00+08:00,1720396800,30.5,7.59,6.67,260.4,17.8,5.58,0.035,0.114,1.49,,,Ⅲ
2024-07-08T12:00:00+08:00,1720411200,32.0,7.88,9.81,261.4,17.7,5.55,0.025,0.123,1.67,,,Ⅲ
2024-07-08T16:00:00+08:00,1720425600,32.7,8.14,10.33,261.9,18.7,6.3,0.025,0.117,1.46,,,Ⅳ
2024-07-08T20:00:00+08:00,1720440000,32.2,8.18,10.05,261.5,18.0,6.06,0.025,0.127,1.62,,,Ⅳ
2024-07-09T04:00:00+08:00,1720468800,31.0,7.62,5.8,263.6,18.6,5.55,0.046,0.117,1.51,,,Ⅲ
2024-07-09T12:00:00+08:00,1720497600,31.4,7.62,5.94,258.3,16.6,5.08,0.069,0.116,1.55,,,Ⅲ
2024-07-09T16:00:00+08:00,1720512000,31.8,7.69,6.52,255.9,17.6,5.8,0.035,0.123,1.81,,,Ⅲ
2024-07-09T20:00:00+08:00,1720526400,31.4,7.55,5.03,269.1,24.7,5.32,0.071,0.136,1.75,,,Ⅲ
2024-07-10T04:00:00+08:00,1720555200,30.8,7.5,3.76,264.7,26.7,5.81,0.089,0.142,1.64,,,Ⅳ
2024-07-10T14:05:00+08:00,1720591500,,,,,,,,,,,,
2024-07-10T18:05:00+08:00,1720605900,,,,,,,,,,,,
2024-07-10T22:06:00+08:00,1720620360,,,,,,,,,,,,
2024-07-12T08:00:00+08:00,1720742400,26.8,7.32,4.9,243.0,58.7,7.32,0.587,0.546,2.11,,,劣Ⅴ
2024-07-12T12:00:00+08:00,1720756800,25.5,7.57,6.11,158.3,115.1,5.3,0.841,0.258,1.67,,,Ⅳ
2024-07-12T16:00:00+08:00,1720771200,25.7,7.18,6.24,145.7,111.2,5.3,0.841,0.258,1.67,,,Ⅳ
2024-07-12T20:00:00+08:00,1720785600,26.0,7.15,5.64,151.8,77.3,4.83,0.67,0.185,1.18,,,Ⅲ
2024-07-13T04:00:00+08:00,1720814400,26.0,7.14,4.18,170.2,58.7,4.24,0.742,0.135,1.68,,,Ⅳ
2024-07-13T08:00:00+08:00,1720828800,26.0,7.17,4.6,172.1,58.6,4.0,0.675,0.125,1.69,,,Ⅳ
2024-07-13T12:00:00+08:00,1720843200,25.6,7.13,4.84,158.9,65.6,4.8,0.533,0.132,1.61,,,Ⅳ
2024-07-13T16:00:00+08:00,1720857600,25.7,7.13,5.02,140.2,77.1,4.3,0.514,0.132,1.43,,,Ⅲ
2024-07-13T20:00:00+08:00,1720872000,25.9,7.13,4.75,146.6,66.1,4.05,0.413,0.122,0.96,,,Ⅳ
2024-07-15T08:00:00+08:00,1721001600,25.8,7.17,5.44,169.4,48.9,4.29,0.189,0.122,1.57,,,Ⅲ
2024-07-15T12:00:00+08:00,1721016000,26.0,7.24,5.92,169.5,45.7,4.08,0.188,0.123,1.59,,,Ⅲ
2024-07-15T16:00:00+08:00,1721030400,26.9,7.18,5.45,174.1,40.9,4.29,0.222,0.119,1.75,,,Ⅲ
2024-07-15T20:00:00+08:00,1721044800,26.9,7.23,5.79,174.4,43.6,4.29,0.17,0.118,1.7,,,Ⅲ
2024-07-16T00:00:00+08:00,1721059200,26.9,7.24,5.43,175.0,39.3,4.29,0.165,0.114,1.71,,,Ⅲ
2024-07-16T04:00:00+08:00,1721073600,27.1,7.24,5.59,173.2,36.0,4.3,0.11,0.111,1.66,,,Ⅲ
2024-07-16T08:00:00+08:00,1721088000,27.1,7.23,5.56,174.7,34.6,3.79,0.119,0.115,1.77,,,Ⅲ
2024-07-16T12:00:00+08:00,1721102400,28.3,7.25,5.37,185.9,28.5,4.04,0.229,0.125,2.12,,,Ⅲ
2024-07-16T16:00:00+08:00,1721116800,29.4,7.26,5.93,190.8,26.4,4.25,0.247,0.125,2.26,,,Ⅲ
2024-07-16T20:00:00+08:00,1721131200,29.3,7.21,5.09,193.2,26.0,4.04,0.264,0.12,2.2,,,Ⅲ
2024-07-17T00:00:00+08:00,1721145600,28.6,7.18,4.22,194.7,28.9,3.79,0.273,0.128,2.2,,,Ⅳ
2024-07-17T04:00:00+08:00,1721160000,28.3,7.16,3.86,200.9,29.4,4.29,0.326,0.159,2.26,,,Ⅳ
2024-07-17T08:00:00+08:00,1721174400,28.3,7.13,3.97,207.5,28.5,4.31,0.603,0.362,2.95,,,Ⅴ
2024-07-17T12:00:00+08:00,1721188800,29.7,7.2,4.75,201.8,25.9,4.04,0.17,0.169,2.19,,,Ⅳ
2024-07-17T16:00:00+08:00,1721203200,29.9,7.29,6.07,205.4,24.8,4.8,0.288,0.291,2.63,,,Ⅳ
2024-07-17T20:00:00+08:00,1721217600,29.8,7.29,5.82,206.8,23.3,4.04,0.113,0.184,2.22,,,Ⅲ
2024-07-18T00:00:00+08:00,1721232000,29.0,7.27,4.25,204.9,27.9,4.54,0.293,0.267,2.46,,,Ⅳ
2024-07-18T04:00:00+08:00,1721246400,29.0,7.24,4.22,197.2,27.2,4.8,0.275,0.31,2.42,,,Ⅴ
2024-07-18T08:00:00+08:00,1721260800,29.2,7.27,4.34,195.9,24.6,4.55,0.215,0.302,2.39,,,Ⅴ
2024-07-18T12:00:00+08:00,1721275200,30.7,7.29,7.02,208.5,20.4,5.55,0.066,0.176,2.18,,,Ⅲ
2024-07-18T16:00:00+08:00,1721289600,31.7,7.73,8.96,206.2,19.2,5.03,0.025,0.138,1.99,,,Ⅲ
2024-07-18T20:00:00+08:00,1721304000,31.0,7.74,9.26,208.8,16.3,4.3,0.025,0.119,1.85,,,Ⅲ
2024-07-19T00:00:00+08:00,1721318400,30.2,7.46,7.25,214.7,16.7,4.8,0.027,0.117,1.87,,,Ⅲ
2024-07-19T04:00:00+08:00,1721332800,29.8,7.34,5.66,209.0,16.8,4.54,0.039,0.129,1.88,,,Ⅲ
2024-07-19T08:00:00+08:00,1721347200,29.7,7.32,4.98,202.7,18.1,4.29,0.027,0.158,1.99,,,Ⅳ
2024-07-19T12:00:00+08:00,1721361600,31.4,7.6,8.8,210.6,15.5,5.8,0.025,0.145,2.03,,,Ⅲ
2024-07-19T16:00:00+08:00,1721376000,31.9,7.97,10.02,217.0,15.9,5.3,0.025,0.139,1.97,,,Ⅲ
2024-07-20T00:00:00+08:00,1721404800,30.7,7.58,7.77,225.6,22.2,4.79,0.025,0.111,1.72,,,Ⅲ
2024-07-20T04:00:00+08:00,1721419200,30.5,7.58,7.69,210.7,16.7,5.05,0.025,0.13,1.78,,,Ⅲ
2024-07-20T08:00:00+08:00,1721433600,30.4,7.41,6.25,209.2,16.2,,0.025,0.155,1.98,,,
2024-07-20T12:00:00+08:00,1721448000,31.6,7.68,8.66,222.7,15.4,5.8,0.025,0.144,2.06,,,Ⅲ
2024-07-20T16:00:00+08:00,1721462400,31.5,7.79,9.2,223.1,17.1,5.77,0.025,0.119,1.85,,,Ⅲ
2024-07-20T20:00:00+08:00,1721476800,31.0,7.71,8.26,224.3,16.6,5.05,0.025,0.114,1.72,,,Ⅲ
2024-07-21T00:00:00+08:00,1721491200,30.6,7.49,6.26,234.5,20.4,4.79,0.036,0.108,1.71,,,Ⅲ
2024-07-21T04:00:00+08:00,1721505600,30.3,7.45,5.43,220.9,19.3,4.8,0.033,0.137,1.77,,,Ⅲ
2024-07-21T08:00:00+08:00,1721520000,30.4,7.37,4.94,208.0,17.9,,0.025,0.167,1.93,,,
2024-07-21T12:00:00+08:00,1721534400,32.3,7.74,8.95,223.4,16.7,6.31,0.025,0.14,1.84,,,Ⅳ
2024-07-22T04:00:00+08:00,1721592000,31.6,7.7,6.68,216.1,21.4,5.31,0.025,0.143,1.69,,,Ⅲ
2024-07-22T12:00:00+08:00,1721620800,33.3,7.95,9.76,235.8,18.4,5.3,0.025,0.152,1.77,,,Ⅲ
2024-07-22T16:00:00+08:00,1721635200,34.1,8.71,12.25,216.8,20.6,5.8,0.025,0.12,1.59,,,Ⅲ
2024-07-22T20:00:00+08:00,1721649600,33.1,7.94,8.51,248.8,20.4,6.06,0.025,0.149,1.68,,,Ⅳ
2024-07-23T04:00:00+08:00,1721678400,32.0,7.6,5.53,231.1,25.2,5.3,0.025,0.127,1.54,,,Ⅲ
2024-07-23T08:00:00+08:00,1721692800,31.9,7.51,5.18,231.6,22.5,5.56,0.031,0.137,1.6,,,Ⅲ
2024-07-23T12:00:00+08:00,1721707200,33.0,7.83,8.56,228.7,20.6,5.3,0.025,0.136,1.68,,,Ⅲ
2024-07-23T16:00:00+08:00,1721721600,35.0,8.47,11.84,248.5,20.6,6.29,0.025,0.145,1.67,,,Ⅳ
2024-07-23T20:00:00+08:00,1721736000,33.6,8.17,9.6,245.7,23.0,5.29,0.025,0.118,1.55,,,Ⅲ
2024-07-24T04:00:00+08:00,1721764800,32.2,7.65,6.63,246.1,25.7,5.55,0.03,0.115,1.48,,,Ⅲ
2024-07-24T08:00:00+08:00,1721779200,32.2,7.61,6.17,229.4,21.1,5.55,0.042,0.112,1.51,,,Ⅲ
2024-07-24T12:00:00+08:00,1721793600,33.5,7.64,7.22,256.6,24.5,4.74,0.031,0.114,1.59,,,Ⅲ
2024-07-24T16:00:00+08:00,1721808000,34.6,8.24,10.34,245.9,24.8,6.06,0.031,0.124,1.59,,,Ⅳ
2024-07-24T20:00:00+08:00,1721822400,33.4,7.98,8.05,239.4,26.7,5.26,0.025,0.116,1.55,,,Ⅲ
2024-07-25T04:00:00+08:00,1721851200,32.2,7.54,5.22,244.0,28.9,5.29,0.06,0.113,1.52,,,Ⅲ
2024-07-25T08:00:00+08:00,1721865600,31.9,7.49,4.65,239.1,27.5,5.05,0.078,0.114,1.58,,,Ⅳ
2024-07-25T12:00:00+08:00,1721880000,32.8,7.65,6.59,241.7,28.2,5.05,0.077,0.118,1.63,,,Ⅲ
2024-07-25T16:00:00+08:00,1721894400,33.5,7.94,8.29,224.5,27.5,5.05,0.032,0.129,1.67,,,Ⅲ
2024-07-25T20:00:00+08:00,1721908800,32.7,7.71,6.55,239.3,31.9,5.56,0.03,0.12,1.62,,,Ⅲ
2024-07-26T04:00:00+08:00,1721937600,31.6,7.49,4.75,236.4,33.0,5.29,0.078,0.114,1.53,,,Ⅳ
2024-07-26T08:00:00+08:00,1721952000,31.4,7.43,4.35,232.4,30.6,4.8,0.094,0.115,1.7,,,Ⅳ
2024-07-26T12:00:00+08:00,1721966400,31.5,7.45,4.47,226.3,29.7,4.8,0.075,0.121,1.66,,,Ⅳ
2024-07-26T16:00:00+08:00,1721980800,31.7,7.59,6.15,228.5,29.6,5.27,0.056,0.123,1.66,,,Ⅲ
2024-07-26T20:00:00+08:00,1721995200,30.9,7.47,4.57,255.7,35.2,5.21,0.101,0.12,1.54,,,Ⅳ
2024-07-27T04:00:00+08:00,1722024000,30.4,7.42,3.81,243.7,32.6,5.04,0.104,0.113,1.63,,,Ⅳ
2024-07-27T08:00:00+08:00,1722038400,30.5,7.35,3.68,227.8,33.1,4.8,0.142,0.123,1.81,,,Ⅳ
2024-07-27T12:00:00+08:00,1722052800,31.0,7.46,4.99,234.5,24.0,5.91,0.104,0.122,1.75,,,Ⅳ
2024-07-27T16:00:00+08:00,1722067200,31.8,7.67,6.66,230.7,25.7,5.84,0.076,0.117,1.72,,,Ⅲ
2024-07-27T20:00:00+08:00,1722081600,31.2,7.51,4.89,231.2,26.3,5.11,0.094,0.109,1.72,,,Ⅳ
2024-07-28T04:00:00+08:00,1722110400,30.4,7.35,3.29,233.6,30.0,5.09,0.13,0.114,1.66,,,Ⅳ
2024-07-28T08:00:00+08:00,1722124800,30.4,7.34,3.29,231.8,24.9,4.85,0.1,0.109,1.75,,,Ⅳ
2024-07-29T08:00:00+08:00,1722211200,30.7,7.48,4.19,229.2,22.4,5.11,0.07,0.112,1.67,,,Ⅳ
2024-07-29T12:00:00+08:00,1722225600,32.3,7.7,7.03,227.7,23.7,5.11,0.072,0.112,1.74,,,Ⅲ
2024-07-29T20:00:00+08:00,1722254400,32.5,7.93,7.31,225.5,25.0,5.36,0.026,0.115,1.71,,,Ⅲ
2024-07-30T04:00:00+08:00,1722283200,31.3,7.62,5.55,226.6,24.3,4.6,0.035,0.106,1.72,,,Ⅲ
2024-07-30T08:00:00+08:00,1722297600,31.2,7.59,5.44,225.9,19.6,5.36,0.04,0.107,1.72,,,Ⅲ
2024-07-30T12:00:00+08:00,1722312000,32.7,7.99,8.69,223.9,21.4,5.09,0.026,0.108,1.79,,,Ⅲ
2024-07-30T16:00:00+08:00,1722326400,34.5,8.89,13.07,220.3,21.3,5.62,0.025,0.121,1.69,,,Ⅲ
2024-07-31T12:00:00+08:00,1722398400,33.4,8.3,10.04,228.1,24.8,5.11,0.025,0.114,1.77,,,Ⅲ
2024-07-31T20:00:00+08:00,1722427200,33.6,8.72,10.41,228.2,27.2,6.1,0.041,0.133,1.57,,,Ⅳ
2024-08-01T04:00:00+08:00,1722456000,32.4,7.81,6.21,231.2,30.6,5.52,0.055,0.117,1.53,,,Ⅲ
2024-08-01T08:00:00+08:00,1722470400,32.3,7.75,6.02,229.5,23.2,5.62,0.064,0.123,1.54,,,Ⅲ
2024-08-01T12:00:00+08:00,1722484800,33.9,8.43,10.37,236.6,28.5,5.11,0.039,0.118,1.65,,,Ⅲ
2024-08-01T16:00:00+08:00,1722499200,34.7,9.04,12.59,230.9,28.9,7.14,,0.146,1.69,,,
2024-08-01T20:00:00+08:00,1722513600,33.5,8.27,8.22,231.8,30.5,6.64,0.035,0.149,1.54,,,Ⅳ
2024-08-02T04:00:00+08:00,1722542400,32.5,7.76,5.89,231.9,31.8,5.58,0.063,0.125,1.58,,,Ⅲ
2024-08-02T12:00:00+08:00,1722571200,34.2,8.43,11.09,237.7,29.0,5.1,0.06,0.125,1.6,,,Ⅲ
2024-08-02T16:00:00+08:00,1722585600,35.7,9.1,15.06,230.0,28.0,6.08,0.038,0.156,1.55,,,劣Ⅴ
2024-08-02T20:00:00+08:00,1722600000,34.6,8.78,11.3,228.7,29.8,6.64,0.028,0.135,1.45,,,Ⅳ
2024-08-03T04:00:00+08:00,1722628800,33.2,7.86,6.54,237.2,33.7,5.87,0.047,0.12,1.47,,,Ⅲ
2024-08-03T08:00:00+08:00,1722643200,33.1,7.65,5.41,233.9,33.2,5.62,0.063,0.127,1.53,,,Ⅲ
2024-08-03T12:00:00+08:00,1722657600,34.3,8.15,9.33,245.1,33.8,5.59,0.046,0.121,1.64,,,Ⅲ
2024-08-03T16:00:00+08:00,1722672000,36.0,8.92,13.16,235.9,30.7,6.13,0.052,0.151,1.54,,,Ⅳ
2024-08-03T20:00:00+08:00,1722686400,34.8,8.16,8.02,233.9,35.6,6.58,0.038,0.132,1.42,,,Ⅳ
2024-08-04T04:00:00+08:00,1722715200,33.5,7.54,3.98,235.6,39.3,5.87,0.11,0.129,1.47,,,Ⅳ
2024-08-04T08:00:00+08:00,1722729600,33.4,7.45,3.55,234.4,38.1,5.87,0.107,0.126,1.72,,,Ⅳ
2024-08-05T04:00:00+08:00,1722801600,33.4,7.53,4.38,239.7,39.9,5.11,0.105,0.121,1.67,,,Ⅳ
2024-08-05T08:00:00+08:00,1722816000,33.3,7.49,3.57,238.3,38.3,5.11,0.103,0.119,1.73,,,Ⅳ
2024-08-05T20:00:00+08:00,1722859200,34.0,7.54,4.07,242.9,45.4,5.62,0.029,0.132,1.57,,,Ⅳ
2024-08-06T04:00:00+08:00,1722888000,32.9,7.44,3.29,240.5,44.4,5.11,0.119,0.12,1.67,,,Ⅳ
2024-08-06T08:00:00+08:00,1722902400,33.1,7.39,2.89,239.3,40.9,5.59,0.08,0.118,1.7,,,Ⅴ
2024-08-06T12:00:00+08:00,1722916800,34.3,7.52,5.39,245.3,39.6,4.85,0.119,0.119,1.85,,,Ⅲ
2024-08-06T16:00:00+08:00,1722931200,35.9,7.92,8.35,249.8,43.4,5.33,0.069,0.124,1.76,,,Ⅲ
2024-08-06T20:00:00+08:00,1722945600,34.4,7.75,6.06,246.9,45.2,5.87,0.053,0.128,1.65,,,Ⅲ
2024-08-07T04:00:00+08:00,1722974400,33.1,7.52,4.35,251.3,45.6,5.62,0.097,0.128,1.55,,,Ⅳ
2024-08-07T08:00:00+08:00,1722988800,33.0,7.44,3.73,246.5,44.2,5.08,0.101,0.119,1.67,,,Ⅳ
2024-08-07T16:00:00+08:00,1723017600,35.5,8.0,8.15,245.3,41.9,5.62,0.062,0.131,1.77,,,Ⅲ
2024-08-07T20:00:00+08:00,1723032000,34.0,7.75,6.97,273.1,49.4,5.87,0.062,0.123,1.67,,,Ⅲ
2024-08-08T04:00:00+08:00,1723060800,32.9,7.53,4.36,254.5,44.3,5.58,0.086,0.121,1.55,,,Ⅳ
2024-08-08T20:00:00+08:00,1723118400,34.3,7.94,7.45,271.4,50.7,5.87,0.075,0.131,1.59,,,Ⅲ
2024-08-09T04:00:00+08:00,1723147200,33.3,7.53,3.55,255.7,42.1,5.38,0.092,0.114,1.68,,,Ⅳ
2024-08-10T12:00:00+08:00,1723262400,34.6,7.83,7.72,292.3,38.6,6.13,0.051,0.147,1.7,,,Ⅳ
2024-08-11T20:00:00+08:00,1723377600,34.6,8.0,7.1,270.2,42.6,5.59,0.038,0.101,1.65,,,Ⅲ
2024-08-12T04:00:00+08:00,1723406400,33.0,7.6,4.07,275.1,51.8,5.86,0.09,0.11,1.5,,,Ⅳ
2024-08-12T12:00:00+08:00,1723435200,34.7,7.63,5.26,258.6,46.6,5.36,0.084,0.105,1.65,,,Ⅲ
2024-08-13T04:00:00+08:00,1723492800,32.8,7.45,2.53,266.5,47.6,5.11,0.134,0.1,1.69,,,Ⅴ
2024-08-13T08:00:00+08:00,1723507200,32.7,7.43,2.12,266.3,42.5,5.34,0.178,0.109,1.77,,,Ⅴ
2024-08-13T16:00:00+08:00,1723536000,32.9,7.43,2.55,263.8,46.3,5.36,0.135,0.112,1.73,,,Ⅴ
2024-08-13T20:00:00+08:00,1723550400,32.5,7.48,2.28,264.0,54.8,5.4,0.108,0.106,1.79,,,Ⅴ
2024-08-14T04:00:00+08:00,1723579200,32.0,7.43,1.64,265.4,49.7,5.11,0.114,0.106,1.75,,,劣Ⅴ
2024-08-14T12:00:00+08:00,1723608000,33.0,7.43,2.52,265.7,47.2,4.86,0.088,0.114,1.83,,,Ⅴ
2024-08-14T16:00:00+08:00,1723622400,33.4,7.54,3.98,265.8,52.7,5.11,0.09,0.112,1.81,,,Ⅳ
2024-08-14T20:00:00+08:00,1723636800,32.5,7.45,2.15,269.5,55.5,5.35,0.084,0.102,1.71,,,Ⅴ
2024-08-15T04:00:00+08:00,1723665600,32.1,7.42,1.66,272.7,61.0,4.86,0.088,0.104,1.8,,,劣Ⅴ
2024-08-15T12:00:00+08:00,1723694400,33.2,7.48,2.82,273.6,56.1,4.85,0.07,0.113,1.7,,,Ⅴ
2024-08-15T16:00:00+08:00,1723708800,33.5,7.57,3.73,278.1,66.0,4.6,0.088,0.118,1.71,,,Ⅳ
2024-08-15T20:00:00+08:00,1723723200,32.7,7.51,2.84,278.6,64.8,5.36,0.098,0.114,1.65,,,Ⅴ
2024-08-16T04:00:00+08:00,1723752000,32.0,7.48,2.15,280.3,63.1,5.11,0.093,0.109,1.66,,,Ⅴ
2024-08-16T08:00:00+08:00,1723766400,31.9,7.48,1.97,279.5,57.4,4.85,0.076,0.112,1.69,,,劣Ⅴ
2024-08-16T12:00:00+08:00,1723780800,32.8,7.48,3.02,278.3,57.3,4.86,0.075,0.113,1.69,,,Ⅳ
2024-08-16T16:00:00+08:00,1723795200,33.6,7.57,4.24,279.7,60.7,4.6,0.084,0.11,1.64,,,Ⅳ
2024-08-16T20:00:00+08:00,1723809600,32.7,7.61,4.07,281.1,59.5,4.85,0.084,0.105,1.6,,,Ⅳ
2024-08-17T04:00:00+08:00,1723838400,31.8,7.5,2.33,281.9,63.9,4.85,0.103,0.108,1.59,,,Ⅴ
2024-08-17T08:00:00+08:00,1723852800,31.8,7.5,2.34,281.3,60.3,5.01,0.083,0.106,1.57,,,Ⅴ
2024-08-17T12:00:00+08:00,1723867200,32.8,7.49,3.22,281.0,60.6,4.61,0.075,0.114,1.59,,,Ⅳ
2024-08-17T16:00:00+08:00,1723881600,33.8,7.77,6.4,277.0,54.4,5.36,0.074,0.109,1.61,,,Ⅲ
2024-08-17T20:00:00+08:00,1723896000,32.5,7.68,4.6,281.3,57.4,4.86,0.08,0.099,1.53,,,Ⅳ
2024-08-18T20:00:00+08:00,1723982400,32.4,7.68,4.51,284.2,56.6,4.34,0.095,0.105,1.54,,,Ⅳ
2024-08-19T04:00:00+08:00,1724011200,31.6,7.53,3.17,286.1,59.1,3.58,0.095,0.097,1.48,,,Ⅳ
2024-08-19T08:00:00+08:00,1724025600,31.5,7.49,3.13,286.1,58.3,3.58,0.109,0.097,1.48,,,Ⅳ
2024-08-19T12:00:00+08:00,1724040000,32.7,7.5,3.44,285.5,59.7,3.32,0.093,0.105,1.49,,,Ⅳ
2024-08-19T16:00:00+08:00,1724054400,32.0,7.57,3.89,286.0,55.5,3.82,0.093,0.107,1.51,,,Ⅳ
2024-08-19T20:00:00+08:00,1724068800,29.6,7.62,4.96,266.7,120.2,2.81,0.088,0.101,1.54,,,Ⅳ
2024-08-20T04:00:00+08:00,1724097600,28.6,7.44,3.41,291.5,36.3,5.36,2.171,0.31,4.71,,,劣Ⅴ
2024-08-20T08:00:00+08:00,1724112000,29.8,7.39,3.17,278.7,47.5,5.65,1.621,0.24,3.89,,,Ⅴ
2024-08-20T12:00:00+08:00,1724126400,29.9,7.45,4.67,273.6,40.8,4.33,0.336,0.144,1.94,,,Ⅳ
2024-08-20T16:00:00+08:00,1724140800,29.7,7.5,5.22,273.2,38.4,4.6,0.646,0.181,2.72,,,Ⅲ
2024-08-20T20:00:00+08:00,1724155200,29.0,7.44,4.08,267.2,35.9,4.6,0.527,0.157,2.52,,,Ⅳ
2024-08-21T10:02:00+08:00,1724205720,,,,,,,,,,,,
2024-08-21T12:00:00+08:00,1724212800,28.0,7.4,3.86,255.3,42.2,,,,,,,
2024-08-21T16:00:00+08:00,1724227200,27.1,7.31,5.7,200.5,51.8,,0.9,0.122,2.53,,,
2024-08-21T20:00:00+08:00,1724241600,26.7,7.18,5.44,202.5,90.7,4.07,0.695,0.186,2.6,,,Ⅲ
2024-08-22T04:00:00+08:00,1724270400,27.1,7.23,4.76,206.0,38.7,4.3,0.566,0.161,2.09,,,Ⅳ
2024-08-22T08:00:00+08:00,1724284800,27.1,7.28,5.06,207.2,32.5,4.34,0.457,0.166,2.0,,,Ⅲ
2024-08-22T16:00:00+08:00,1724313600,30.4,7.57,8.74,214.3,21.7,3.87,0.693,0.147,2.47,,,Ⅲ
2024-08-22T20:00:00+08:00,1724328000,29.0,7.38,6.51,219.1,22.9,4.1,0.685,0.146,2.59,,,Ⅲ
2024-08-23T04:00:00+08:00,1724356800,28.6,7.27,5.25,221.7,24.9,4.31,0.747,0.14,2.52,,,Ⅲ
2024-08-23T08:00:00+08:00,1724371200,28.6,7.24,4.63,224.0,22.2,4.09,0.832,0.141,2.57,,,Ⅳ
2024-08-23T12:00:00+08:00,1724385600,30.2,7.44,7.4,227.0,20.7,4.34,0.89,0.139,2.7,,,Ⅲ
2024-08-23T16:00:00+08:00,1724400000,31.0,7.88,10.26,230.6,23.8,6.34,0.809,0.167,3.12,,,Ⅲ
2024-08-23T20:00:00+08:00,1724414400,30.9,7.96,9.89,225.1,19.3,6.34,0.809,0.167,3.12,,,Ⅳ
2024-08-24T04:00:00+08:00,1724443200,29.6,7.43,5.62,236.8,19.5,4.55,0.613,0.12,2.54,,,Ⅲ
2024-08-24T08:00:00+08:00,1724457600,29.5,7.43,6.26,219.5,19.2,4.84,0.263,0.165,2.34,,,Ⅲ
2024-08-24T12:00:00+08:00,1724472000,30.8,7.73,9.04,228.9,20.0,5.1,0.349,0.16,2.61,,,Ⅲ
2024-08-24T16:00:00+08:00,1724486400,32.5,8.61,12.06,227.6,25.7,6.37,0.327,0.142,2.57,,,Ⅳ
2024-08-24T20:00:00+08:00,1724500800,31.1,8.42,10.67,228.2,20.8,4.84,0.24,0.119,2.19,,,Ⅲ
2024-08-25T16:00:00+08:00,1724572800,33.5,8.96,13.09,217.5,37.7,5.62,0.041,0.128,1.87,,,Ⅲ
2024-08-25T20:00:00+08:00,1724587200,31.7,8.66,11.01,224.5,20.2,4.85,0.068,0.103,1.8,,,Ⅲ
2024-08-26T00:00:00+08:00,1724601600,30.9,7.98,8.15,234.9,19.8,4.8,0.125,0.101,1.87,,,Ⅲ
2024-08-26T04:00:00+08:00,1724616000,30.4,7.68,6.54,241.2,20.7,4.85,0.142,0.096,1.86,,,Ⅲ
2024-08-26T08:00:00+08:00,1724630400,30.4,7.62,6.68,234.2,18.6,4.85,0.101,0.101,1.84,,,Ⅲ
2024-08-26T12:00:00+08:00,1724644800,31.7,7.81,8.03,247.4,21.8,5.1,0.073,0.115,2.05,,,Ⅲ
2024-08-26T16:00:00+08:00,1724659200,32.5,8.28,9.6,238.5,20.2,5.1,0.055,0.102,1.82,,,Ⅲ
2024-08-26T20:00:00+08:00,1724673600,31.7,7.97,7.89,248.8,21.3,5.1,0.084,0.098,1.8,,,Ⅲ
2024-08-27T00:00:00+08:00,1724688000,31.0,7.63,6.14,250.9,21.7,4.6,0.123,0.093,1.76,,,Ⅲ
2024-08-27T04:00:00+08:00,1724702400,30.8,7.49,4.83,274.2,22.0,4.59,0.184,0.094,1.93,,,Ⅳ
2024-08-27T08:00:00+08:00,1724716800,30.7,7.42,4.32,276.4,20.6,4.87,0.164,0.099,1.84,,,Ⅳ
2024-08-27T12:00:00+08:00,1724731200,30.8,7.49,4.84,275.2,22.6,,,,1.92,,,
2024-08-27T16:00:00+08:00,1724745600,30.5,7.56,5.57,276.6,17.6,4.33,0.165,0.104,1.82,,,Ⅲ
2024-08-27T20:00:00+08:00,1724760000,30.0,7.0,4.38,246.4,20.1,3.79,0.144,0.106,1.6,,,Ⅳ
2024-08-28T00:00:00+08:00,1724774400,29.6,7.0,3.74,250.9,19.9,3.55,0.212,0.102,1.73,,,Ⅳ
2024-08-28T04:00:00+08:00,1724788800,29.4,7.37,3.49,244.5,18.2,3.5,0.205,0.104,1.73,,,Ⅳ
2024-08-28T08:00:00+08:00,1724803200,29.3,7.35,3.86,240.8,17.3,3.34,0.254,0.107,1.66,,,Ⅳ
2024-08-28T16:00:00+08:00,1724832000,30.9,8.0,6.24,236.9,13.6,3.84,0.239,0.105,1.82,,,Ⅲ
2024-08-28T20:00:00+08:00,1724846400,30.0,7.0,4.85,245.7,20.9,3.78,0.253,0.105,1.87,,,Ⅳ
2024-08-29T04:00:00+08:00,1724875200,29.4,7.0,3.84,242.5,18.6,3.6,0.265,0.106,1.71,,,Ⅳ
2024-08-29T08:00:00+08:00,1724889600,29.5,7.0,3.88,236.5,15.3,3.8,0.283,0.103,1.77,,,Ⅳ
2024-08-29T12:00:00+08:00,1724904000,30.5,7.0,4.62,264.4,18.6,3.84,0.299,0.112,1.8,,,Ⅳ
2024-08-29T16:00:00+08:00,1724918400,31.5,8.0,7.21,242.0,18.5,3.85,0.248,0.114,1.95,,,Ⅲ
2024-08-29T20:00:00+08:00,1724932800,30.5,8.0,5.69,250.3,26.2,4.09,0.224,0.115,1.96,,,Ⅴ
2024-08-30T04:00:00+08:00,1724961600,29.8,7.0,4.78,243.4,22.6,3.33,0.177,0.107,1.73,,,Ⅴ
2024-08-30T08:00:00+08:00,1724976000,29.7,7.0,4.3,242.2,28.5,4.07,0.186,0.11,1.73,,,Ⅴ
2024-08-30T12:00:00+08:00,1724990400,31.2,7.0,5.68,275.6,31.4,3.71,0.163,0.113,1.7,,,Ⅴ
2024-08-30T16:00:00+08:00,1725004800,32.6,8.0,7.11,247.9,28.5,3.8,0.138,0.122,1.82,,,Ⅴ
2024-09-02T04:00:00+08:00,1725220800,31.5,7.0,5.11,299.6,37.3,3.58,0.127,0.116,,,,Ⅴ
2024-09-02T08:00:00+08:00,1725235200,31.4,7.0,4.99,288.3,36.4,3.82,0.124,0.122,,,,Ⅳ
2024-09-02T12:00:00+08:00,1725249600,32.8,8.0,7.8,418.5,22.7,4.1,0.025,0.129,,,,Ⅴ
2024-09-02T16:00:00+08:00,1725264000,34.2,8.0,6.86,1.3,42.3,,0.086,0.118,,,,
2024-09-02T20:00:00+08:00,1725278400,35.8,8.0,6.4,311.8,35.2,3.84,0.083,0.113,1.27,,,Ⅲ
2024-09-03T00:00:00+08:00,1725292800,35.1,8.0,5.52,291.1,34.9,3.27,0.1,0.101,1.06,,,Ⅲ
2024-09-03T04:00:00+08:00,1725307200,34.6,8.0,4.89,292.8,34.4,3.3,0.1,0.108,,,,Ⅳ
2024-09-03T08:00:00+08:00,1725321600,34.3,7.0,4.53,292.3,30.2,3.84,0.094,0.112,,,,Ⅴ
2024-09-03T12:00:00+08:00,1725336000,34.2,8.0,5.31,328.7,28.0,,0.073,0.114,,,,
2024-09-03T16:00:00+08:00,1725350400,35.2,8.0,5.5,286.9,34.5,3.54,0.115,0.111,1.73,,,Ⅴ
2024-09-03T20:00:00+08:00,1725364800,34.4,8.0,5.78,310.6,35.4,3.33,0.1,0.103,1.63,,,Ⅲ
2024-09-04T00:00:00+08:00,1725379200,34.1,8.0,5.16,287.9,29.8,3.58,0.084,0.098,1.6,,,Ⅲ
2024-09-04T04:00:00+08:00,1725393600,33.9,7.0,3.84,257.0,26.7,3.56,0.083,0.095,1.86,,,Ⅳ
2024-09-04T08:00:00+08:00,1725408000,33.7,7.0,3.78,264.6,30.0,2.85,0.068,0.106,1.82,,,Ⅳ
2024-09-04T12:00:00+08:00,1725422400,35.0,7.0,5.21,261.8,27.2,3.97,0.081,0.109,1.85,,,Ⅲ
2024-09-04T16:00:00+08:00,1725436800,36.0,7.0,5.29,252.1,27.2,3.57,0.088,0.097,1.87,,,Ⅲ
2024-09-04T20:00:00+08:00,1725451200,35.2,7.0,4.88,246.0,30.2,3.57,0.07,0.096,1.81,,,Ⅳ
2024-09-05T00:00:00+08:00,1725465600,34.5,7.0,4.36,248.3,32.9,3.57,0.075,0.096,1.77,,,Ⅳ
2024-09-05T04:00:00+08:00,1725480000,34.2,7.0,3.85,243.7,29.3,3.71,0.07,0.096,1.83,,,Ⅳ
2024-09-05T08:00:00+08:00,1725494400,34.1,7.0,3.62,241.2,23.5,3.58,0.05,0.093,1.85,,,Ⅳ
2024-09-05T12:00:00+08:00,1725508800,35.5,7.0,5.28,252.2,23.1,3.08,0.025,0.098,1.83,,,Ⅲ
2024-09-05T16:00:00+08:00,1725523200,36.4,8.0,5.65,241.9,22.8,4.08,0.028,0.09,1.9,,,Ⅲ
2024-09-05T20:00:00+08:00,1725537600,35.4,7.0,4.89,241.8,28.2,3.1,0.029,0.089,1.8,,,Ⅳ
2024-09-08T20:00:00+08:00,1725796800,35.2,7.0,4.11,237.3,44.4,3.07,0.079,0.097,1.88,,,Ⅳ
2024-09-09T04:00:00+08:00,1725825600,34.3,7.0,3.77,237.3,48.8,2.82,0.086,0.097,1.87,,,Ⅳ
2024-09-09T08:00:00+08:00,1725840000,34.2,7.0,3.17,237.1,50.1,3.07,0.088,0.102,1.98,,,Ⅳ
2024-09-09T12:00:00+08:00,1725854400,35.3,7.0,4.16,235.9,45.0,3.33,0.074,0.103,1.9,,,Ⅳ
2024-09-09T16:00:00+08:00,1725868800,35.9,7.0,3.73,235.3,50.4,3.07,0.091,0.1,1.97,,,Ⅳ
2024-09-09T20:00:00+08:00,1725883200,35.2,7.0,3.97,236.1,56.2,2.82,0.089,0.1,1.9,,,Ⅳ
2024-09-10T04:00:00+08:00,1725912000,34.2,7.0,3.27,236.9,57.0,2.57,0.104,0.103,1.92,,,Ⅳ
2024-09-10T08:00:00+08:00,1725926400,34.0,7.0,3.17,236.6,55.9,3.55,0.086,0.106,1.93,,,Ⅳ
2024-09-10T12:00:00+08:00,1725940800,35.2,7.0,3.74,240.8,47.8,3.03,0.076,0.107,1.96,,,Ⅳ
2024-09-10T16:00:00+08:00,1725955200,35.3,7.0,4.05,238.9,50.6,3.33,0.085,0.105,1.95,,,Ⅳ
2024-09-10T20:00:00+08:00,1725969600,34.6,7.0,3.78,241.3,101.1,3.54,0.176,0.113,1.74,,,Ⅳ
2024-09-11T04:00:00+08:00,1725998400,33.4,7.0,3.74,242.1,73.1,2.8,0.172,0.102,1.79,,,Ⅳ
2024-09-11T08:00:00+08:00,1726012800,32.0,8.0,5.25,224.4,88.0,3.06,0.208,0.087,1.32,,,Ⅲ
2024-09-11T12:00:00+08:00,1726027200,30.1,9.0,7.46,2.0,79.0,,,,,,,
2024-09-11T16:00:00+08:00,1726041600,32.5,7.0,4.38,219.2,106.6,4.6,0.598,0.201,1.3,,,Ⅳ
2024-09-11T20:00:00+08:00,1726056000,31.2,7.0,5.52,179.2,76.1,4.31,0.349,0.186,1.61,,,Ⅲ
2024-09-12T04:00:00+08:00,1726084800,31.1,7.0,5.33,167.0,42.3,3.32,0.025,0.15,1.59,,,Ⅲ
2024-09-12T08:00:00+08:00,1726099200,31.2,7.0,5.4,170.3,32.8,3.84,0.183,0.149,1.68,,,Ⅲ
2024-09-12T12:00:00+08:00,1726113600,32.6,7.0,5.9,174.1,27.6,3.33,0.165,0.148,1.73,,,Ⅲ
2024-09-12T16:00:00+08:00,1726128000,33.6,7.0,6.42,174.7,23.8,3.56,0.138,0.138,1.75,,,Ⅲ
2024-09-12T20:00:00+08:00,1726142400,33.1,7.0,6.3,176.7,25.2,4.1,0.14,0.134,1.71,,,Ⅲ
2024-09-13T04:00:00+08:00,1726171200,32.8,7.0,4.7,178.1,26.4,4.1,0.13,0.129,1.64,,,Ⅳ
2024-09-13T16:00:00+08:00,1726214400,34.0,7.0,6.8,185.6,19.1,4.1,0.07,0.132,1.64,,,Ⅲ
2024-09-13T20:00:00+08:00,1726228800,33.3,7.0,5.8,185.0,31.1,4.1,0.15,0.121,1.53,,,Ⅲ
2024-09-14T04:00:00+08:00,1726257600,32.6,7.0,4.3,194.3,26.9,4.1,0.29,0.143,1.8,,,Ⅳ
2024-09-14T08:00:00+08:00,1726272000,32.5,7.0,4.9,192.0,25.5,3.6,0.27,0.147,1.87,,,Ⅳ
2024-09-14T12:00:00+08:00,1726286400,34.0,7.0,5.9,191.6,19.5,4.6,0.17,0.148,1.86,,,Ⅲ
2024-09-14T16:00:00+08:00,1726300800,35.0,8.0,7.7,190.4,15.9,3.9,0.07,0.128,1.72,,,Ⅲ
2024-09-14T20:00:00+08:00,1726315200,34.4,8.0,7.6,189.5,18.4,4.1,0.08,0.118,1.59,,,Ⅲ
2024-09-15T04:00:00+08:00,1726344000,33.2,7.0,4.6,196.6,23.6,3.8,0.15,0.129,1.6,,,Ⅳ
2024-09-15T08:00:00+08:00,1726358400,33.1,7.0,5.5,187.7,19.4,4.3,0.05,0.134,1.59,,,Ⅲ
2024-09-15T12:00:00+08:00,1726372800,33.9,7.0,6.2,190.3,18.6,5.1,0.03,0.138,1.64,,,Ⅲ
2024-09-15T16:00:00+08:00,1726387200,34.7,8.0,8.4,186.8,16.1,4.3,0.02,0.119,1.48,,,Ⅲ
2024-09-15T20:00:00+08:00,1726401600,33.6,7.0,6.1,195.9,20.7,4.1,0.06,0.115,1.46,,,Ⅲ
2024-09-16T04:00:00+08:00,1726430400,32.7,7.0,5.2,202.3,26.9,4.3,0.12,0.131,1.43,,,Ⅲ
2024-09-16T08:00:00+08:00,1726444800,32.5,7.0,4.8,202.7,24.4,4.7,0.12,0.134,1.55,,,Ⅳ
2024-09-16T12:00:00+08:00,1726459200,32.2,7.0,4.7,206.9,23.9,4.1,0.15,0.134,1.64,,,Ⅳ
2024-09-16T16:00:00+08:00,1726473600,29.3,8.0,7.4,1.0,39.6,,,,,,,
2024-09-16T20:00:00+08:00,1726488000,31.5,7.0,4.6,216.2,29.3,4.3,0.34,0.163,1.93,,,Ⅳ
2024-09-17T04:00:00+08:00,1726516800,29.7,7.0,5.5,161.1,77.7,4.1,0.2,0.187,1.4,,,Ⅲ
2024-09-17T08:00:00+08:00,1726531200,29.7,7.0,5.9,150.8,54.3,3.3,0.14,0.141,1.26,,,Ⅲ
2024-09-17T12:00:00+08:00,1726545600,31.2,7.0,6.1,157.8,33.8,3.6,0.1,0.135,1.42,,,Ⅲ
2024-09-17T16:00:00+08:00,1726560000,32.3,7.0,5.8,164.6,25.5,4.1,0.09,0.129,1.44,,,Ⅲ
2024-09-17T20:00:00+08:00,1726574400,32.1,7.0,5.5,169.1,26.1,4.3,0.09,0.128,1.5,,,Ⅲ
2024-09-18T04:00:00+08:00,1726603200,31.7,7.0,4.9,168.9,24.2,3.8,0.08,0.121,1.48,,,Ⅳ
2024-09-18T08:00:00+08:00,1726617600,31.5,7.0,4.8,173.2,23.5,4.1,0.1,0.125,1.56,,,Ⅳ
2024-09-18T12:00:00+08:00,1726632000,33.2,7.0,6.6,172.3,18.2,3.8,0.06,0.126,1.55,,,Ⅲ
2024-09-18T16:00:00+08:00,1726646400,33.5,8.0,7.9,171.1,17.0,4.1,0.03,0.118,1.52,,,Ⅲ
2024-09-18T20:00:00+08:00,1726660800,32.9,7.0,6.5,172.6,16.6,3.8,0.04,0.109,1.43,,,Ⅲ
2024-09-19T08:00:00+08:00,1726704000,32.1,7.0,4.8,176.7,18.4,3.8,0.07,0.109,1.4,,,Ⅳ
2024-09-19T12:00:00+08:00,1726718400,33.1,7.0,6.3,175.3,18.0,4.3,0.06,0.121,1.42,,,Ⅲ
2024-09-20T04:00:00+08:00,1726776000,32.7,7.0,4.7,180.2,17.2,3.8,0.07,0.107,1.36,,,Ⅳ
2024-09-20T08:00:00+08:00,1726790400,32.6,7.0,4.5,181.6,17.2,4.1,0.05,0.121,1.52,,,Ⅳ
2024-09-20T12:00:00+08:00,1726804800,27.4,8.0,4.9,256.6,2.1,3.8,0.13,0.124,1.56,,,Ⅳ
2024-09-20T16:00:00+08:00,1726819200,30.4,8.0,7.5,199.8,85.7,4.3,0.06,0.123,1.53,,,Ⅲ
2024-09-20T20:00:00+08:00,1726833600,29.6,7.0,5.9,203.5,120.3,3.8,0.11,0.116,1.43,,,Ⅲ
2024-09-21T00:00:00+08:00,1726848000,29.3,7.0,4.4,208.9,114.1,3.3,0.19,0.134,1.58,,,Ⅳ
2024-09-21T04:00:00+08:00,1726862400,28.8,7.0,4.7,210.4,96.3,4.1,0.67,0.135,2.65,,,Ⅳ
2024-09-21T08:00:00+08:00,1726876800,28.4,7.0,4.3,223.0,69.5,4.6,1.27,0.142,3.65,,,Ⅳ
2024-09-21T12:00:00+08:00,1726891200,28.2,7.0,4.8,204.4,65.3,4.1,0.54,0.133,2.48,,,Ⅳ
2024-09-21T16:00:00+08:00,1726905600,27.4,7.0,4.6,204.4,59.5,4.3,0.58,0.135,2.52,,,Ⅳ
2024-09-21T20:00:00+08:00,1726920000,27.5,7.0,4.3,200.3,65.9,3.8,0.34,0.129,2.04,,,Ⅳ
2024-09-22T00:00:00+08:00,1726934400,27.0,7.0,4.2,200.4,61.4,4.1,0.3,0.127,1.96,,,Ⅳ
2024-09-22T04:00:00+08:00,1726948800,26.5,7.0,4.3,200.7,58.0,4.3,0.31,0.131,1.96,,,Ⅳ
2024-09-22T12:00:00+08:00,1726977600,27.3,7.0,5.7,200.2,19.4,4.3,0.25,0.133,1.89,,,Ⅲ
2024-09-22T16:00:00+08:00,1726992000,27.5,8.0,6.7,196.8,18.2,3.8,0.17,0.117,1.82,,,Ⅲ
2024-09-22T20:00:00+08:00,1727006400,26.1,7.0,5.0,201.2,23.6,4.1,0.16,0.116,1.82,,,Ⅲ
2024-09-23T04:00:00+08:00,1727035200,25.5,7.0,4.5,203.6,25.2,4.3,0.2,0.119,1.76,,,Ⅳ
2024-09-23T08:00:00+08:00,1727049600,25.2,7.0,4.8,203.7,25.9,4.4,0.2,0.122,1.73,,,Ⅳ
2024-09-23T12:00:00+08:00,1727064000,26.6,7.0,6.4,200.6,19.7,4.6,0.14,0.122,1.7,,,Ⅲ
2024-09-23T16:00:00+08:00,1727078400,27.0,7.0,6.9,198.9,17.6,3.8,0.19,0.113,1.8,,,Ⅲ
2024-09-23T20:00:00+08:00,1727092800,26.0,8.0,6.4,199.4,16.6,4.8,0.12,0.116,1.81,,,Ⅲ
2024-09-24T04:00:00+08:00,1727121600,25.1,7.0,5.4,205.2,24.6,4.1,0.1,0.102,1.61,,,Ⅲ
2024-09-24T08:00:00+08:00,1727136000,25.3,7.0,5.1,200.8,18.8,4.3,0.1,0.109,1.56,,,Ⅲ
2024-09-24T12:00:00+08:00,1727150400,25.7,7.0,6.1,203.3,19.1,3.8,0.13,0.109,1.72,,,Ⅲ
2024-09-24T16:00:00+08:00,1727164800,26.5,8.0,7.4,202.9,17.6,5.1,0.1,0.122,1.82,,,Ⅲ
2024-09-24T20:00:00+08:00,1727179200,25.8,8.0,6.7,203.5,17.1,4.9,0.1,0.108,1.7,,,Ⅲ
2024-09-25T04:00:00+08:00,1727208000,25.2,7.0,5.6,205.5,19.4,4.3,0.11,0.091,1.61,,,Ⅲ
2024-09-25T16:00:00+08:00,1727251200,27.4,8.0,8.2,202.0,22.4,3.8,0.08,0.093,1.53,,,Ⅱ
2024-09-25T20:00:00+08:00,1727265600,26.1,8.0,6.5,206.1,16.1,4.9,0.06,0.129,1.88,,,Ⅲ
2024-09-26T04:00:00+08:00,1727294400,25.3,7.0,4.7,209.8,22.7,,0.08,,,,,
2024-09-26T08:00:00+08:00,1727308800,25.4,7.0,5.4,207.5,19.2,4.1,0.09,0.098,1.46,,,Ⅲ
2024-09-26T12:00:00+08:00,1727323200,25.7,7.0,5.6,208.0,18.5,4.1,0.07,0.095,1.46,,,Ⅲ
2024-09-27T04:00:00+08:00,1727380800,25.2,7.0,4.6,213.0,27.9,4.4,0.11,0.097,1.41,,,Ⅳ
2024-09-27T12:00:00+08:00,1727409600,25.3,7.0,3.6,222.7,17.4,4.1,0.1,0.096,1.42,,,Ⅳ
2024-09-27T16:00:00+08:00,1727424000,26.5,7.0,6.2,218.1,17.0,4.1,0.11,0.098,1.44,,,Ⅲ
2024-10-10T00:00:00+08:00,1728489600,21.3,7.0,5.9,241.3,20.7,3.3,0.23,0.103,1.76,,,Ⅲ
2024-10-10T04:00:00+08:00,1728504000,20.8,7.0,5.3,251.4,27.4,3.1,0.3,0.103,1.92,,,Ⅲ
2024-10-10T08:00:00+08:00,1728518400,20.7,7.0,5.5,239.8,24.3,3.5,0.19,0.112,1.61,,,Ⅲ
2024-10-10T12:00:00+08:00,1728532800,21.8,7.0,5.5,256.4,19.3,3.3,0.27,0.1,1.85,,,Ⅲ
2024-10-10T16:00:00+08:00,1728547200,23.0,8.0,8.2,234.9,15.6,3.3,0.21,0.101,1.75,,,Ⅲ
2024-10-10T20:00:00+08:00,1728561600,22.0,8.0,6.5,245.0,18.6,4.1,0.23,0.092,1.71,,,Ⅲ
2024-10-11T00:00:00+08:00,1728576000,21.5,7.0,5.5,254.2,18.9,3.1,0.25,0.091,1.79,,,Ⅲ
2024-10-11T04:00:00+08:00,1728590400,21.1,7.0,5.0,262.6,21.4,3.6,0.27,0.093,1.86,,,Ⅲ
2024-10-11T08:00:00+08:00,1728604800,21.0,7.0,5.6,239.0,20.9,3.8,,0.103,1.65,,,
2024-10-11T12:00:00+08:00,1728619200,21.9,7.0,5.4,267.6,14.3,3.3,0.2,0.096,1.71,,,Ⅲ
2024-10-11T16:00:00+08:00,1728633600,22.7,8.0,6.9,257.1,15.2,3.1,0.17,0.084,1.69,,,Ⅱ
2024-10-12T00:00:00+08:00,1728662400,21.7,7.0,5.6,258.5,20.4,3.8,0.18,0.086,1.69,,,Ⅲ
2024-10-12T04:00:00+08:00,1728676800,21.4,7.0,4.6,268.5,20.9,3.1,0.2,0.09,1.76,,,Ⅳ
2024-10-12T16:00:00+08:00,1728720000,22.3,8.0,7.0,252.7,16.3,,0.12,0.081,1.64,,,
2024-10-12T20:00:00+08:00,1728734400,22.0,8.0,5.9,263.2,20.7,,0.16,0.082,1.66,,,
2024-10-13T00:00:00+08:00,1728748800,21.8,7.0,5.1,268.0,23.1,,0.16,0.084,1.63,,,
2024-10-13T04:00:00+08:00,1728763200,21.7,7.0,4.9,264.4,23.5,,0.16,0.086,1.64,,,
2024-10-13T12:00:00+08:00,1728792000,22.5,8.0,6.0,268.4,17.3,,0.11,0.08,1.66,,,
2024-10-13T16:00:00+08:00,1728806400,22.9,8.0,7.7,250.0,17.8,,0.1,0.081,1.6,,,
2024-10-14T00:00:00+08:00,1728835200,22.8,8.0,5.9,267.3,23.2,4.8,0.12,0.079,1.58,,,Ⅲ
2024-10-14T04:00:00+08:00,1728849600,22.7,7.0,5.3,269.0,21.7,4.7,0.14,0.084,1.59,,,Ⅲ
2024-10-14T12:00:00+08:00,1728878400,22.6,7.0,5.1,267.8,20.7,4.7,0.08,0.087,1.61,,,Ⅲ
2024-10-14T16:00:00+08:00,1728892800,22.7,8.0,6.4,259.4,17.7,4.9,,0.092,1.78,,,
2024-10-21T08:00:00+08:00,1729468800,21.0,7.0,4.2,260.9,19.3,4.9,0.21,0.092,1.84,,,Ⅳ
2024-10-21T12:00:00+08:00,1729483200,21.9,7.0,4.9,263.6,16.0,5.0,0.21,0.093,1.83,,,Ⅳ
2024-10-21T16:00:00+08:00,1729497600,22.1,7.0,5.1,264.4,15.7,5.1,0.2,0.091,1.93,,,Ⅲ
2024-10-21T20:00:00+08:00,1729512000,21.6,7.0,4.8,266.4,16.1,4.9,0.21,0.089,1.9,,,Ⅳ
2024-10-22T04:00:00+08:00,1729540800,21.1,7.0,4.3,264.8,18.7,4.7,0.22,0.086,1.88,,,Ⅳ
2024-10-22T12:00:00+08:00,1729569600,20.7,7.0,4.3,273.5,16.4,5.1,0.18,0.094,1.86,,,Ⅳ
2024-10-22T16:00:00+08:00,1729584000,20.5,7.0,4.4,272.6,15.2,4.7,0.2,0.084,1.99,,,Ⅳ
2024-10-23T04:00:00+08:00,1729627200,19.7,7.0,4.2,267.4,23.8,4.9,0.2,0.094,1.87,,,Ⅳ
2024-10-23T08:00:00+08:00,1729641600,19.7,7.0,4.3,265.5,23.6,5.0,0.18,0.101,1.84,,,Ⅳ
2024-10-23T12:00:00+08:00,1729656000,20.6,7.0,4.5,273.6,20.4,4.9,0.22,0.095,1.84,,,Ⅳ
2024-10-23T16:00:00+08:00,1729670400,21.3,7.0,5.2,268.1,19.9,4.9,0.22,0.087,1.99,,,Ⅲ
2024-10-23T20:00:00+08:00,1729684800,20.4,7.0,4.7,271.3,22.5,4.9,0.21,0.088,1.9,,,Ⅳ
2024-10-24T04:00:00+08:00,1729713600,19.3,7.0,4.6,271.1,23.5,5.0,0.19,0.093,1.81,,,Ⅳ
2024-10-24T08:00:00+08:00,1729728000,19.4,7.0,4.4,268.0,25.2,5.0,0.18,0.091,1.8,,,Ⅳ
2024-10-24T12:00:00+08:00,1729742400,20.3,7.0,5.0,272.2,20.8,4.9,0.21,0.088,1.87,,,Ⅲ
2024-10-24T16:00:00+08:00,1729756800,21.2,7.0,5.3,268.1,22.5,4.8,0.19,0.087,1.94,,,Ⅲ
2024-10-24T20:00:00+08:00,1729771200,20.2,7.0,5.0,273.2,20.5,4.9,0.2,0.085,1.84,,,Ⅲ
2024-10-25T04:00:00+08:00,1729800000,19.6,7.0,4.4,269.3,22.1,4.8,0.21,0.083,1.93,,,Ⅳ
2024-10-25T16:00:00+08:00,1729843200,21.6,7.0,5.9,269.3,22.9,4.8,0.2,0.084,1.98,,,Ⅲ
2024-10-25T20:00:00+08:00,1729857600,20.7,7.0,5.1,273.7,22.6,5.1,0.19,0.087,1.85,,,Ⅲ
2024-10-26T04:00:00+08:00,1729886400,20.2,7.0,4.8,275.3,23.9,4.7,0.19,0.081,1.86,,,Ⅳ
2024-10-26T08:00:00+08:00,1729900800,20.3,7.0,4.8,272.5,24.8,4.6,0.2,0.08,1.93,,,Ⅳ
2024-10-26T12:00:00+08:00,1729915200,20.2,7.0,4.7,278.5,19.5,4.6,0.19,0.082,1.89,,,Ⅳ
2024-10-26T16:00:00+08:00,1729929600,20.3,7.0,4.9,277.0,19.5,4.9,0.2,0.09,2.0,,,Ⅳ
2024-10-26T20:00:00+08:00,1729944000,20.2,7.0,4.6,278.3,21.0,4.9,0.19,0.087,1.92,,,Ⅳ
2024-10-27T04:00:00+08:00,1729972800,19.9,7.0,4.3,289.6,19.8,4.7,0.22,0.082,2.06,,,Ⅳ
2024-10-27T08:00:00+08:00,1729987200,19.8,7.0,4.2,293.0,20.3,4.5,0.25,0.082,2.1,,,Ⅳ
2024-10-27T12:00:00+08:00,1730001600,20.0,7.0,6.0,299.7,18.9,4.4,0.33,0.091,2.27,,,Ⅲ
2024-10-28T08:00:00+08:00,1730073600,19.3,7.0,4.3,283.7,28.6,5.6,0.37,0.122,2.07,,,Ⅳ
2024-10-28T12:00:00+08:00,1730088000,19.9,7.0,5.9,301.8,23.6,5.2,0.38,0.11,2.36,,,Ⅲ
2024-10-28T16:00:00+08:00,1730102400,20.2,7.0,5.7,288.5,28.8,5.3,0.26,0.099,2.12,,,Ⅲ
2024-10-28T20:00:00+08:00,1730116800,19.7,7.0,5.6,290.7,30.8,5.5,0.24,0.1,2.11,,,Ⅲ
2024-10-29T00:00:00+08:00,1730131200,19.4,7.0,5.0,305.8,35.0,5.3,0.33,0.107,2.27,,,Ⅲ
2024-10-29T04:00:00+08:00,1730145600,19.0,7.0,4.6,312.6,30.4,5.1,0.47,0.101,2.5,,,Ⅳ
2024-10-29T08:00:00+08:00,1730160000,18.8,7.0,5.6,289.8,32.2,5.5,0.19,0.105,2.05,,,Ⅲ
2024-10-29T12:00:00+08:00,1730174400,19.8,7.0,5.2,315.9,20.4,4.9,0.48,0.083,2.8,,,Ⅲ
2024-10-29T16:00:00+08:00,1730188800,20.8,7.0,6.2,296.9,22.0,5.3,0.25,0.089,2.25,,,Ⅲ
2024-10-29T20:00:00+08:00,1730203200,19.7,7.0,5.4,317.6,25.2,4.9,0.49,0.075,2.8,,,Ⅲ
2024-10-30T00:00:00+08:00,1730217600,19.2,7.0,5.3,307.0,27.5,5.0,0.36,0.085,2.44,,,Ⅲ
2024-10-30T04:00:00+08:00,1730232000,18.6,7.0,4.7,321.9,25.6,5.1,0.33,0.086,2.41,,,Ⅳ
2024-10-30T08:00:00+08:00,1730246400,18.7,7.0,5.8,297.3,30.9,5.5,0.18,0.096,2.16,,,Ⅲ
2024-10-30T12:00:00+08:00,1730260800,19.6,7.0,5.2,318.9,22.4,4.9,0.67,0.078,3.21,,,Ⅲ
2024-10-30T16:00:00+08:00,1730275200,20.3,8.0,6.7,306.6,22.3,5.4,0.32,0.081,2.53,,,Ⅲ
2024-10-30T20:00:00+08:00,1730289600,19.6,7.0,5.8,303.4,25.5,5.1,0.39,0.075,2.58,,,Ⅲ
2024-10-31T00:00:00+08:00,1730304000,19.1,7.0,5.0,322.6,27.8,4.9,0.59,0.08,2.99,,,Ⅲ
2024-10-31T04:00:00+08:00,1730318400,18.8,7.0,5.1,312.3,27.8,5.1,0.44,0.081,2.68,,,Ⅲ
2024-10-31T12:00:00+08:00,1730347200,19.6,7.0,5.6,320.4,22.4,5.9,0.17,0.096,2.22,,,Ⅲ
2024-10-31T16:00:00+08:00,1730361600,19.7,8.0,6.6,305.5,23.5,5.2,0.41,0.081,3.18,,,Ⅲ
2024-10-31T20:00:00+08:00,1730376000,19.3,7.0,3.9,333.0,23.4,5.7,0.27,0.089,2.44,,,Ⅳ
2024-11-01T08:00:00+08:00,1730419200,18.4,7.0,7.2,267.5,41.7,5.9,0.28,0.147,2.68,,,Ⅲ
2024-11-01T08:58:00+08:00,1730422680,,,,,,,,,,,,
2024-11-02T00:00:00+08:00,1730476800,18.3,7.0,6.5,244.9,43.0,6.0,0.15,0.125,1.88,,,Ⅲ
2024-11-02T08:00:00+08:00,1730505600,18.0,7.0,6.2,254.0,40.0,6.0,0.19,0.127,2.08,,,Ⅲ
2024-11-02T12:00:00+08:00,1730520000,18.8,7.0,6.8,251.5,38.4,6.0,0.15,0.121,2.1,,,Ⅲ
2024-11-04T12:00:00+08:00,1730692800,19.4,7.0,5.8,283.8,21.1,5.8,0.18,0.112,2.12,,,Ⅲ
2024-11-04T20:00:00+08:00,1730721600,19.2,7.0,5.9,279.4,24.7,5.5,0.15,0.097,2.03,,,Ⅲ
2024-11-05T12:00:00+08:00,1730779200,19.3,7.0,6.5,283.2,20.6,,,,,,,
2024-11-05T16:00:00+08:00,1730793600,20.0,8.0,8.4,280.1,19.3,5.6,0.08,0.1,1.97,,,Ⅲ
2024-11-05T20:00:00+08:00,1730808000,19.1,7.0,6.2,284.5,24.1,6.3,0.07,0.096,2.14,,,Ⅳ
2024-11-06T04:00:00+08:00,1730836800,18.2,7.0,5.4,285.5,31.0,5.8,0.16,0.099,2.09,,,Ⅲ
2024-11-06T08:00:00+08:00,1730851200,17.9,7.0,5.3,284.8,30.1,5.7,0.16,0.105,2.05,,,Ⅲ
2024-11-06T12:00:00+08:00,1730865600,18.8,7.0,6.1,288.3,17.9,5.4,0.11,0.089,1.94,,,Ⅲ
2024-11-06T16:00:00+08:00,1730880000,19.2,8.0,7.6,285.5,17.8,6.1,0.13,0.088,2.22,,,Ⅳ
2024-11-06T20:00:00+08:00,1730894400,18.3,7.0,6.1,288.9,23.0,5.4,0.13,0.082,1.94,,,Ⅲ
2024-11-07T00:00:00+08:00,1730908800,17.8,7.0,5.7,289.5,24.1,5.3,0.13,0.084,1.83,,,Ⅲ
2024-11-07T04:00:00+08:00,1730923200,17.4,7.0,5.4,287.0,27.7,5.4,0.13,0.092,1.84,,,Ⅲ
2024-11-07T08:00:00+08:00,1730937600,17.1,7.0,5.4,286.1,24.4,5.4,0.13,0.092,1.84,,,Ⅲ
2024-11-07T12:00:00+08:00,1730952000,18.2,7.0,6.6,284.3,22.5,5.5,0.15,0.09,2.05,,,Ⅲ
2024-11-07T16:00:00+08:00,1730966400,18.9,8.0,8.3,285.5,18.4,6.1,0.17,0.102,2.39,,,Ⅳ
2024-11-07T20:00:00+08:00,1730980800,17.9,8.0,7.1,288.2,20.3,6.0,0.11,0.086,2.23,,,Ⅲ
2024-11-08T04:00:00+08:00,1731009600,17.0,7.0,6.3,291.0,21.3,5.3,0.11,0.077,2.03,,,Ⅲ
2024-11-08T08:00:00+08:00,1731024000,17.0,7.0,6.3,285.7,20.2,5.2,0.12,0.079,2.04,,,Ⅲ
2024-11-08T12:00:00+08:00,1731038400,17.8,8.0,6.8,289.9,18.2,5.6,0.13,0.086,2.23,,,Ⅲ
2024-11-12T16:00:00+08:00,1731398400,18.8,8.0,7.0,305.2,18.8,4.5,0.09,0.07,1.88,,,Ⅲ
2024-11-12T20:00:00+08:00,1731412800,18.4,8.0,6.7,304.5,19.9,4.7,0.09,0.07,1.92,,,Ⅲ
2024-11-13T16:00:00+08:00,1731484800,19.1,8.0,8.2,292.6,16.5,5.3,0.27,0.093,2.31,,,Ⅲ
2024-11-13T20:00:00+08:00,1731499200,18.9,8.0,6.8,299.5,19.6,4.8,0.18,0.075,2.08,,,Ⅲ
2024-11-14T04:00:00+08:00,1731528000,18.5,7.0,6.2,300.8,18.8,4.9,0.17,0.076,2.04,,,Ⅲ
2024-11-14T12:00:00+08:00,1731556800,19.0,7.0,6.3,282.8,20.1,4.7,0.14,0.083,1.98,,,Ⅲ
2024-11-14T16:00:00+08:00,1731571200,18.9,7.0,6.8,274.2,18.8,5.1,0.09,0.092,1.69,,,Ⅲ
2024-11-14T20:00:00+08:00,1731585600,19.1,7.0,6.4,283.9,17.8,4.8,0.05,0.078,1.66,,,Ⅲ
2024-11-15T04:00:00+08:00,1731614400,19.0,7.0,5.8,284.9,18.1,4.8,0.07,0.084,1.68,,,Ⅲ
2024-11-15T08:00:00+08:00,1731628800,19.0,7.0,5.5,284.1,17.2,4.8,0.08,0.088,1.72,,,Ⅲ
2024-11-15T16:00:00+08:00,1731657600,19.6,7.0,6.3,287.0,16.7,5.0,0.08,0.09,1.75,,,Ⅲ
2024-11-15T20:00:00+08:00,1731672000,19.5,7.0,5.9,288.3,18.7,4.6,0.04,0.072,1.69,,,Ⅲ
2024-11-16T04:00:00+08:00,1731700800,19.5,7.0,5.0,283.2,23.6,4.9,0.15,0.098,1.72,,,Ⅲ
2024-11-16T08:00:00+08:00,1731715200,19.5,7.0,4.9,282.4,22.4,4.8,0.14,0.101,1.74,,,Ⅳ
2024-11-16T12:00:00+08:00,1731729600,19.7,7.0,5.2,286.0,20.2,4.8,0.13,0.102,1.75,,,Ⅲ
2024-11-16T16:00:00+08:00,1731744000,19.6,7.0,6.1,276.5,17.0,4.7,0.13,0.09,1.75,,,Ⅲ
2024-11-16T20:00:00+08:00,1731758400,19.6,7.0,5.8,278.4,21.0,4.8,0.06,0.085,1.66,,,Ⅲ
2024-11-17T04:00:00+08:00,1731787200,19.3,7.0,5.2,279.3,25.5,4.6,0.08,0.089,1.58,,,Ⅲ
2024-11-17T08:00:00+08:00,1731801600,18.7,7.0,5.4,279.5,21.1,4.7,0.11,0.09,1.56,,,Ⅲ
2024-11-17T20:00:00+08:00,1731844800,18.2,7.0,5.3,273.8,24.6,4.3,0.09,0.077,1.6,,,Ⅲ
2024-11-18T08:00:00+08:00,1731888000,17.7,7.0,4.6,271.3,29.9,5.1,0.08,0.096,1.69,,,Ⅳ
2024-11-18T16:00:00+08:00,1731916800,17.6,7.0,5.0,276.6,22.7,4.9,0.1,0.086,1.71,,,Ⅲ
2024-11-18T20:00:00+08:00,1731931200,17.2,7.0,5.2,285.9,20.9,4.4,0.11,0.077,1.66,,,Ⅲ
2024-11-19T00:00:00+08:00,1731945600,17.0,7.0,4.8,283.1,23.0,4.5,0.14,0.087,1.74,,,Ⅳ
2024-11-19T04:00:00+08:00,1731960000,17.0,7.0,4.4,273.2,28.9,5.2,0.16,0.094,1.82,,,Ⅳ
2024-11-19T16:00:00+08:00,1732003200,16.6,7.0,4.6,281.0,22.9,4.8,0.21,0.085,1.86,,,Ⅳ
2024-11-19T20:00:00+08:00,1732017600,16.5,7.0,4.4,282.0,22.7,4.7,0.29,0.08,1.9,,,Ⅳ
2024-11-20T00:00:00+08:00,1732032000,16.5,7.0,4.3,281.5,23.7,4.8,0.27,0.084,1.93,,,Ⅳ
2024-11-20T12:00:00+08:00,1732075200,16.2,7.0,4.6,287.5,18.6,4.7,0.24,0.081,1.92,,,Ⅳ
2024-11-20T20:00:00+08:00,1732104000,16.1,7.0,4.5,288.2,23.2,4.8,0.21,0.08,1.83,,,Ⅳ
2024-11-21T04:00:00+08:00,1732132800,14.9,7.0,4.1,303.5,25.9,4.4,0.47,0.091,2.08,,,Ⅳ
2024-11-21T08:00:00+08:00,1732147200,15.1,7.0,4.0,301.1,23.2,4.9,0.24,0.084,2.03,,,Ⅳ
2024-11-21T12:00:00+08:00,1732161600,15.9,7.0,4.7,298.9,20.3,4.4,0.54,0.087,2.18,,,Ⅳ
2024-11-21T16:00:00+08:00,1732176000,15.9,7.0,5.0,311.6,16.2,4.8,0.37,0.082,2.1,,,Ⅲ
2024-11-21T20:00:00+08:00,1732190400,15.4,7.0,5.0,336.8,16.5,4.0,,0.071,,,,
2024-11-22T00:00:00+08:00,1732204800,15.4,7.0,4.9,315.9,20.4,4.6,0.33,0.079,,,,Ⅳ
2024-11-22T12:00:00+08:00,1732248000,16.3,7.0,5.8,301.6,23.4,4.7,0.25,0.084,,,,Ⅲ
2024-11-22T16:00:00+08:00,1732262400,15.9,7.0,5.7,325.8,20.4,4.4,0.34,0.08,1.78,,,Ⅲ
2024-11-22T20:00:00+08:00,1732276800,15.7,7.0,5.6,310.9,21.9,4.7,0.27,0.087,1.67,,,Ⅲ
2024-11-23T00:00:00+08:00,1732291200,15.4,7.0,5.5,310.7,24.3,4.5,0.29,0.087,1.73,,,Ⅲ
2024-11-23T04:00:00+08:00,1732305600,15.2,7.0,5.3,312.0,23.8,4.5,0.28,0.083,1.69,,,Ⅲ
2024-11-23T08:00:00+08:00,1732320000,15.0,7.0,5.7,305.3,23.7,5.1,0.21,0.086,1.64,,,Ⅲ
2024-11-23T12:00:00+08:00,1732334400,15.5,7.0,5.7,317.9,25.4,4.3,0.38,0.088,1.85,,,Ⅲ
2024-11-23T20:00:00+08:00,1732363200,15.5,7.0,5.2,327.4,23.8,4.5,0.44,0.091,2.05,,,Ⅲ
2024-11-24T00:00:00+08:00,1732377600,15.2,7.0,4.8,321.9,28.0,4.5,0.41,0.086,1.91,,,Ⅳ
2024-11-24T04:00:00+08:00,1732392000,14.9,7.0,4.4,323.9,28.6,4.4,0.29,0.09,2.06,,,Ⅳ
2024-11-24T08:00:00+08:00,1732406400,14.7,7.0,4.8,313.5,24.6,4.4,0.38,0.079,1.91,,,Ⅳ
2024-11-24T12:00:00+08:00,1732420800,15.4,7.0,4.7,327.1,21.8,4.3,0.38,0.08,2.05,,,Ⅳ
2024-11-24T16:00:00+08:00,1732435200,15.6,7.0,4.8,320.4,25.3,4.4,0.32,0.086,1.93,,,Ⅳ
2024-11-24T20:00:00+08:00,1732449600,15.4,7.0,5.4,316.5,22.3,4.1,0.29,0.079,1.87,,,Ⅲ
2024-11-25T04:00:00+08:00,1732478400,15.2,7.0,5.7,302.7,24.6,4.0,0.29,0.078,1.85,,,Ⅲ
2024-11-25T16:00:00+08:00,1732521600,15.4,7.0,6.3,336.5,19.6,3.7,0.22,0.057,1.8,,,Ⅱ
2024-11-25T20:00:00+08:00,1732536000,15.1,7.0,6.3,335.2,19.2,3.7,0.22,0.054,1.84,,,Ⅱ
2024-11-26T04:00:00+08:00,1732564800,14.1,7.0,6.8,310.5,20.6,3.5,0.25,0.054,1.86,,,Ⅱ
2024-11-26T08:00:00+08:00,1732579200,13.8,7.0,7.2,294.4,24.3,4.2,0.18,0.063,1.72,,,Ⅲ
2024-11-26T12:00:00+08:00,1732593600,14.3,7.0,6.9,345.7,18.1,4.7,0.11,0.073,1.68,,,Ⅲ
2024-11-26T16:00:00+08:00,1732608000,14.8,7.0,7.1,374.0,20.8,3.4,0.29,0.056,1.92,,,Ⅱ
2024-11-26T20:00:00+08:00,1732622400,14.1,7.0,6.9,337.4,21.9,4.2,0.18,0.065,1.78,,,Ⅲ
2024-11-27T00:00:00+08:00,1732636800,13.6,7.0,6.4,341.0,19.4,3.8,0.31,0.06,1.87,,,Ⅱ
2024-11-27T08:00:00+08:00,1732665600,12.2,7.0,6.4,323.0,18.0,4.0,0.32,0.068,1.84,,,Ⅱ
2024-11-27T12:00:00+08:00,1732680000,13.2,7.0,7.2,361.3,19.7,3.6,0.36,0.058,2.06,,,Ⅱ
2024-11-27T16:00:00+08:00,1732694400,13.4,7.0,7.3,357.6,19.8,3.5,0.34,0.051,1.91,,,Ⅱ
2024-11-27T20:00:00+08:00,1732708800,12.7,7.0,7.4,342.9,20.6,3.8,0.28,0.057,1.79,,,Ⅱ
2024-11-28T00:00:00+08:00,1732723200,12.1,7.0,6.5,336.3,17.9,3.9,0.38,0.062,1.86,,,Ⅱ
2024-11-28T12:00:00+08:00,1732766400,12.4,7.0,6.6,358.2,15.6,4.3,0.44,0.067,2.06,,,Ⅲ
2024-11-28T16:00:00+08:00,1732780800,12.6,7.0,6.8,384.9,17.4,3.7,0.71,0.058,2.32,,,Ⅲ
2024-11-28T20:00:00+08:00,1732795200,11.9,7.0,7.5,331.6,22.1,4.7,0.35,0.077,1.98,,,Ⅲ
2024-11-29T00:00:00+08:00,1732809600,11.2,7.0,7.7,315.7,23.2,4.9,0.24,0.08,1.87,,,Ⅲ
2024-11-29T08:00:00+08:00,1732838400,10.4,7.0,6.8,326.1,21.8,4.8,0.61,0.082,2.25,,,Ⅲ
2024-11-29T12:00:00+08:00,1732852800,11.8,7.0,7.1,333.3,19.7,4.6,,0.073,2.54,,,
2024-11-29T16:00:00+08:00,1732867200,12.4,7.0,7.2,347.0,20.7,4.2,0.63,0.069,2.31,,,Ⅲ
2024-11-29T20:00:00+08:00,1732881600,12.0,7.0,6.8,359.9,22.2,4.4,0.55,0.063,2.13,,,Ⅲ
2024-11-30T08:00:00+08:00,1732924800,10.5,7.0,6.4,353.3,18.6,3.8,0.74,0.061,2.41,,,Ⅲ
2024-11-30T12:00:00+08:00,1732939200,12.2,7.0,7.0,384.2,18.9,3.5,0.63,0.054,2.48,,,Ⅲ
2024-11-30T16:00:00+08:00,1732953600,12.7,7.0,7.6,375.6,18.9,3.4,0.51,0.049,2.38,,,Ⅲ
2024-12-01T00:00:00+08:00,1732982400,12.0,7.0,7.9,352.7,20.9,3.8,0.39,0.053,2.16,,,Ⅱ
2024-12-01T04:00:00+08:00,1732996800,11.6,7.0,8.0,345.2,21.4,4.0,0.36,0.059,2.09,,,Ⅱ
2024-12-01T08:00:00+08:00,1733011200,11.3,7.0,7.9,341.8,17.9,3.4,0.52,0.052,2.24,,,Ⅲ
2024-12-01T12:00:00+08:00,1733025600,12.5,7.0,7.5,377.0,17.6,3.3,0.48,0.052,2.31,,,Ⅱ
2024-12-01T16:00:00+08:00,1733040000,12.7,7.0,8.4,344.3,18.2,3.8,0.32,0.054,2.17,,,Ⅱ
2024-12-02T00:00:00+08:00,1733068800,11.9,7.0,8.9,318.4,19.5,3.6,0.29,0.052,2.0,,,Ⅱ
2024-12-02T20:00:00+08:00,1733140800,12.6,7.0,8.7,333.3,19.5,3.6,0.24,0.049,1.83,,,Ⅱ
2024-12-03T00:00:00+08:00,1733155200,12.1,7.0,8.9,302.0,19.1,4.0,0.17,0.056,1.63,,,Ⅱ
2024-12-03T08:00:00+08:00,1733184000,11.9,7.0,9.0,299.3,20.2,4.1,0.16,0.058,1.6,,,Ⅲ
2024-12-03T12:00:00+08:00,1733198400,12.3,7.0,8.6,303.5,18.1,3.9,0.2,0.052,1.72,,,Ⅱ
2024-12-03T16:00:00+08:00,1733212800,13.3,7.0,8.5,372.5,18.9,3.2,0.35,0.044,2.15,,,Ⅱ
2024-12-03T20:00:00+08:00,1733227200,12.7,7.0,8.9,324.7,17.3,4.1,0.15,0.053,1.67,,,Ⅲ
2024-12-04T04:00:00+08:00,1733256000,12.5,7.0,8.3,332.4,18.4,3.7,0.23,0.052,1.86,,,Ⅱ
2024-12-04T08:00:00+08:00,1733270400,12.5,7.0,8.2,331.2,18.2,3.8,0.22,0.052,1.83,,,Ⅱ
2024-12-04T12:00:00+08:00,1733284800,12.5,7.0,8.5,307.2,17.5,3.8,0.21,0.053,1.84,,,Ⅱ
2024-12-04T20:00:00+08:00,1733313600,13.3,7.0,8.6,375.7,17.7,3.5,0.27,0.044,1.99,,,Ⅱ
2024-12-05T00:00:00+08:00,1733328000,12.9,7.0,8.6,361.1,19.7,3.6,0.28,0.047,2.51,,,Ⅱ
2024-12-05T08:00:00+08:00,1733356800,12.5,7.0,8.4,352.2,17.8,3.4,0.28,0.046,2.02,,,Ⅱ
2024-12-05T12:00:00+08:00,1733371200,13.1,7.0,7.4,391.7,14.3,3.4,0.3,0.044,2.03,,,Ⅱ
2024-12-05T20:00:00+08:00,1733400000,12.9,7.0,8.3,384.9,17.3,3.1,0.34,0.037,2.16,,,Ⅱ
2024-12-06T04:00:00+08:00,1733428800,12.3,7.0,8.5,355.9,17.3,3.7,0.25,0.043,2.07,,,Ⅱ
2024-12-06T08:00:00+08:00,1733443200,12.3,7.0,7.9,376.9,16.1,3.9,0.23,0.049,2.04,,,Ⅱ
2024-12-06T16:00:00+08:00,1733472000,13.6,7.0,8.1,406.3,17.2,3.0,0.41,0.039,2.26,,,Ⅱ
2024-12-07T16:00:00+08:00,1733558400,12.7,7.0,8.1,380.2,12.9,3.2,0.4,0.042,2.13,,,Ⅱ
2024-12-08T04:00:00+08:00,1733601600,11.7,7.0,8.0,378.0,15.8,3.6,0.34,0.045,2.02,,,Ⅱ
2024-12-09T12:00:00+08:00,1733716800,11.1,7.0,8.8,398.2,15.9,4.4,0.05,0.056,1.98,,,Ⅲ
2024-12-09T20:00:00+08:00,1733745600,11.4,8.0,8.9,408.5,15.5,3.5,0.3,0.042,2.08,,,Ⅱ
2024-12-11T04:00:00+08:00,1733860800,10.3,7.0,7.8,382.7,18.4,4.0,0.31,0.05,2.14,,,Ⅱ
2024-12-14T04:00:00+08:00,1734120000,9.3,8.0,9.1,425.4,15.2,3.4,0.32,0.05,2.51,,,Ⅱ
2024-12-14T16:00:00+08:00,1734163200,10.6,8.0,10.2,449.5,17.8,3.6,0.3,0.055,2.62,,,Ⅱ
2024-12-16T04:00:00+08:00,1734292800,8.0,8.0,10.3,407.8,15.6,5.5,0.28,0.073,2.69,,,Ⅲ
2024-12-18T20:00:00+08:00,1734523200,8.1,8.0,11.3,362.2,11.7,5.5,0.24,0.07,2.51,,,Ⅲ
2024-12-19T04:00:00+08:00,1734552000,7.3,8.0,11.0,369.5,12.6,4.6,0.31,0.065,2.69,,,Ⅲ
2024-12-20T20:00:00+08:00,1734696000,8.2,8.0,12.5,380.3,9.7,5.1,0.19,0.061,2.48,,,Ⅲ
2024-12-21T04:00:00+08:00,1734724800,7.2,8.0,11.9,380.1,9.9,4.8,0.2,0.06,2.4,,,Ⅲ
2024-12-23T20:00:00+08:00,1734955200,7.3,8.0,13.9,332.8,7.0,5.3,0.25,0.069,2.57,,,Ⅲ
2024-12-24T04:00:00+08:00,1734984000,7.1,8.0,13.0,333.3,6.8,5.1,0.34,0.076,2.69,,,Ⅲ
2024-12-24T12:00:00+08:00,1735012800,7.4,8.0,13.1,344.3,7.5,5.1,0.45,0.085,2.77,,,Ⅲ
2024-12-24T16:00:00+08:00,1735027200,8.0,8.0,13.5,344.1,7.3,5.4,0.42,0.086,2.74,,,Ⅲ
2024-12-24T20:00:00+08:00,1735041600,7.6,8.0,13.0,351.0,8.1,5.6,0.37,0.08,2.65,,,Ⅲ
2024-12-25T08:00:00+08:00,1735084800,7.6,8.0,11.7,330.4,7.8,5.2,0.56,0.091,2.75,,,Ⅲ
2024-12-25T12:00:00+08:00,1735099200,8.0,8.0,12.5,336.9,8.5,5.1,0.52,0.089,2.68,,,Ⅲ
2024-12-25T20:00:00+08:00,1735128000,8.2,8.0,12.6,346.1,8.1,5.8,0.18,0.072,2.67,,,Ⅲ
2024-12-26T04:00:00+08:00,1735156800,8.1,8.0,12.0,340.1,9.9,5.9,0.16,0.075,2.68,,,Ⅲ
2024-12-28T04:00:00+08:00,1735329600,7.4,8.0,12.2,329.5,11.1,5.5,0.16,0.07,2.4,,,Ⅲ
2024-12-28T20:00:00+08:00,1735387200,7.5,8.0,13.2,318.9,7.7,5.3,0.19,0.072,2.45,,,Ⅲ
2025-01-02T20:00:00+08:00,1735819200,8.0,8.0,12.6,315.5,7.2,5.9,0.35,0.11,2.58,,,Ⅲ
2025-01-03T08:00:00+08:00,1735862400,7.1,7.0,11.3,275.5,14.1,5.2,0.34,0.1,2.04,,,Ⅲ
2025-01-03T12:00:00+08:00,1735876800,7.6,8.0,11.9,310.1,12.1,5.2,0.24,0.099,2.03,,,Ⅲ
2025-01-07T16:00:00+08:00,1736236800,9.1,8.0,12.0,312.4,7.5,5.8,0.29,0.089,2.35,,,Ⅲ
2025-01-07T20:00:00+08:00,1736251200,8.6,8.0,11.7,312.0,8.4,5.6,0.42,0.092,2.44,,,Ⅲ
2025-01-08T08:00:00+08:00,1736294400,7.1,8.0,10.4,310.4,7.6,5.4,0.48,0.096,2.47,,,Ⅲ
2025-01-08T12:00:00+08:00,1736308800,8.0,8.0,11.1,318.3,8.1,5.6,0.45,0.095,2.55,,,Ⅲ
2025-01-08T16:00:00+08:00,1736323200,9.0,8.0,11.3,323.2,6.7,5.9,0.62,0.113,2.81,,,Ⅲ
2025-01-09T08:00:00+08:00,1736380800,6.8,7.0,9.1,337.1,7.3,5.7,0.73,0.111,2.84,,,Ⅲ
2025-01-09T12:00:00+08:00,1736395200,7.7,8.0,10.9,335.2,7.6,6.1,0.44,0.102,2.61,,,Ⅳ
2025-01-09T16:00:00+08:00,1736409600,8.0,8.0,11.6,337.5,7.5,6.0,0.72,0.111,2.87,,,Ⅲ
2025-01-09T20:00:00+08:00,1736424000,7.6,8.0,10.2,349.1,9.7,5.9,0.82,0.113,2.94,,,Ⅲ
2025-01-10T04:00:00+08:00,1736452800,6.3,8.0,9.3,353.4,15.0,5.8,0.93,0.115,3.01,,,Ⅲ
2025-01-10T08:00:00+08:00,1736467200,6.0,7.0,9.4,350.2,11.0,5.8,0.9,0.115,2.94,,,Ⅲ
2025-01-10T12:00:00+08:00,1736481600,6.7,8.0,10.3,354.3,10.1,6.0,0.76,0.104,2.83,,,Ⅲ
2025-01-10T20:00:00+08:00,1736510400,7.1,8.0,10.8,345.7,11.9,6.3,0.75,0.106,2.79,,,Ⅳ
2025-01-11T00:00:00+08:00,1736524800,6.6,8.0,10.0,351.0,8.7,5.7,1.01,0.114,3.04,,,Ⅳ
2025-01-11T04:00:00+08:00,1736539200,6.3,8.0,9.9,349.6,8.6,5.7,0.94,0.111,3.0,,,Ⅲ
2025-01-11T12:00:00+08:00,1736568000,6.6,8.0,10.7,340.1,6.6,5.6,0.97,0.12,3.11,,,Ⅲ
2025-01-11T16:00:00+08:00,1736582400,7.4,8.0,11.3,335.0,6.4,5.6,0.95,0.118,3.11,,,Ⅲ
2025-01-12T12:00:00+08:00,1736654400,6.6,8.0,10.7,328.3,6.6,5.6,0.86,0.123,2.94,,,Ⅲ
2025-01-12T16:00:00+08:00,1736668800,7.6,8.0,11.5,327.2,7.0,5.5,0.92,0.127,2.98,,,Ⅲ
2025-01-13T04:00:00+08:00,1736712000,5.9,7.0,9.6,343.4,20.3,5.5,1.05,0.137,2.96,,,Ⅳ
2025-01-13T16:00:00+08:00,1736755200,7.7,8.0,10.7,333.1,9.3,5.8,0.64,0.111,2.77,,,Ⅲ
2025-01-13T20:00:00+08:00,1736769600,7.5,8.0,10.6,333.4,11.2,5.6,0.9,0.127,2.98,,,Ⅲ
2025-01-14T00:00:00+08:00,1736784000,7.2,8.0,10.5,333.9,10.6,5.8,0.51,0.104,2.6,,,Ⅲ
2025-01-14T04:00:00+08:00,1736798400,7.4,7.0,9.3,355.6,13.9,5.4,0.93,0.123,3.08,,,Ⅲ
2025-01-14T08:00:00+08:00,1736812800,7.2,7.0,9.2,352.8,9.6,5.3,0.96,0.119,3.11,,,Ⅲ
2025-01-15T20:00:00+08:00,1736942400,8.3,7.0,8.2,326.6,21.2,6.9,0.91,0.135,2.87,,,Ⅳ
2025-01-19T00:00:00+08:00,1737216000,7.1,8.0,12.1,300.9,9.9,6.4,0.07,0.079,1.85,,,Ⅳ
2025-01-19T04:00:00+08:00,1737230400,6.7,8.0,11.7,299.5,10.0,6.4,0.16,0.084,1.91,,,Ⅳ
2025-01-20T04:00:00+08:00,1737316800,7.2,7.0,8.3,326.6,16.7,6.5,0.93,0.12,2.96,,,Ⅳ
2025-01-20T12:00:00+08:00,1737345600,8.0,8.0,8.7,328.0,18.7,6.3,0.89,0.114,2.91,,,Ⅳ
2025-01-21T12:00:00+08:00,1737432000,8.1,7.0,3.3,356.7,13.5,8.2,1.25,0.191,3.71,,,Ⅳ
2025-01-21T20:00:00+08:00,1737460800,8.6,7.0,4.1,348.7,13.7,8.4,1.34,0.208,3.85,,,Ⅳ
2025-01-22T04:00:00+08:00,1737489600,8.1,7.0,1.9,370.6,17.3,8.6,1.69,0.252,4.14,,,劣Ⅴ
2025-01-22T08:00:00+08:00,1737504000,7.9,7.0,1.8,395.9,22.3,8.4,1.9,0.259,4.19,,,劣Ⅴ
2025-01-22T16:00:00+08:00,1737532800,9.6,8.0,6.3,383.5,15.5,7.8,1.09,0.172,3.65,,,Ⅳ
2025-01-22T20:00:00+08:00,1737547200,9.4,7.0,5.2,393.9,15.9,7.8,1.42,0.193,4.08,,,Ⅳ
2025-01-23T16:00:00+08:00,1737619200,10.3,8.0,8.4,356.5,14.1,7.7,0.7,0.143,3.27,,,Ⅳ
2025-01-24T00:00:00+08:00,1737648000,10.0,7.0,8.0,345.2,17.9,8.0,0.54,0.136,3.02,,,Ⅳ
2025-02-12T16:00:00+08:00,1739347200,8.1,8.0,13.4,356.3,11.8,7.3,0.67,0.136,3.78,,,Ⅳ
2025-02-12T20:00:00+08:00,1739361600,8.2,8.0,12.8,358.6,8.8,6.8,0.84,0.136,3.98,,,Ⅳ
2025-02-13T00:00:00+08:00,1739376000,7.8,8.0,12.5,356.8,14.3,6.9,0.75,0.133,3.86,,,Ⅳ
2025-02-13T04:00:00+08:00,1739390400,7.4,8.0,12.2,357.1,14.4,7.1,0.57,0.13,3.73,,,Ⅳ
2025-02-13T08:00:00+08:00,1739404800,7.0,8.0,11.7,357.9,10.5,6.9,0.73,0.137,3.85,,,Ⅳ
2025-02-13T16:00:00+08:00,1739433600,9.4,8.0,14.8,353.7,8.9,6.9,0.84,0.123,3.96,,,Ⅳ
2025-02-13T20:00:00+08:00,1739448000,9.0,8.0,14.4,354.5,10.7,6.9,0.77,0.122,3.87,,,Ⅳ
