ts,epoch,temperature,ph,do,conductivity,turbidity,codmn,ammonia_n,tp,tn,chla,algae_density,quality_class
2021-06-17T08:00:00+08:00,1623888000,28.1,7.9,2.97,568.8,60.8,6.4,0.031,0.203,2.54,,,Ⅴ
2021-06-17T12:00:00+08:00,1623902400,28.2,7.9,3.4,576.3,35.2,6.19,0.041,0.19,2.66,,,Ⅳ
2021-06-17T16:00:00+08:00,1623916800,28.4,7.89,2.95,572.2,39.7,6.25,0.068,0.192,2.6,,,Ⅴ
2021-06-17T20:00:00+08:00,1623931200,28.3,7.88,2.76,565.7,45.2,6.15,0.057,0.199,2.6,,,Ⅴ
2021-06-18T00:00:00+08:00,1623945600,28.2,7.89,2.61,570.5,35.6,6.15,0.044,0.196,2.59,,,Ⅴ
2021-06-18T04:00:00+08:00,1623960000,28.1,7.86,2.73,563.5,45.5,6.27,0.058,0.2,2.55,,,Ⅴ
2021-06-18T08:00:00+08:00,1623974400,28.1,7.86,2.23,563.3,49.8,6.31,0.044,0.203,2.55,,,Ⅴ
2021-06-18T12:00:00+08:00,1623988800,28.4,7.92,4.1,572.9,33.8,6.31,0.025,0.192,2.54,,,Ⅳ
2021-06-18T16:00:00+08:00,1624003200,28.2,7.87,2.36,570.2,40.3,6.45,0.051,0.191,2.57,,,Ⅴ
2021-06-18T20:00:00+08:00,1624017600,28.2,7.88,2.32,560.5,41.6,5.95,0.05,0.198,2.64,,,Ⅴ
2021-06-19T00:00:00+08:00,1624032000,28.0,7.88,2.69,568.4,35.2,6.15,0.058,0.2,2.68,,,Ⅴ
2021-06-19T04:00:00+08:00,1624046400,27.7,7.88,2.39,561.4,43.4,5.94,0.05,0.202,2.64,,,Ⅴ
2021-06-19T08:00:00+08:00,1624060800,27.6,7.89,2.58,557.5,39.7,6.0,0.073,0.198,2.67,,,Ⅴ
2021-06-19T12:00:00+08:00,1624075200,27.6,7.48,2.79,557.8,38.6,5.71,0.064,0.198,2.6,,,Ⅴ
2021-06-19T16:00:00+08:00,1624089600,27.4,7.47,2.71,559.8,43.6,5.73,0.099,0.23,2.57,,,Ⅴ
2021-06-19T20:00:00+08:00,1624104000,27.0,7.46,2.85,556.8,52.5,5.85,0.128,0.221,2.55,,,Ⅴ
2021-06-20T04:00:00+08:00,1624132800,26.6,7.45,2.57,559.1,45.6,5.96,0.164,0.219,2.64,,,Ⅴ
2021-06-20T08:00:00+08:00,1624147200,26.4,7.46,2.63,556.7,49.8,5.84,0.135,0.219,2.58,,,Ⅴ
2021-06-20T12:00:00+08:00,1624161600,26.4,7.44,2.65,556.5,44.4,5.64,0.132,0.212,2.61,,,Ⅴ
2021-07-02T08:00:00+08:00,1625184000,28.3,7.52,3.65,557.2,55.8,5.96,0.051,0.216,2.35,,,Ⅳ
2021-07-02T12:00:00+08:00,1625198400,28.4,7.54,3.84,558.0,51.5,6.21,0.045,0.217,2.45,,,Ⅳ
2021-07-02T16:00:00+08:00,1625212800,28.5,7.5,3.83,557.2,56.3,6.05,0.058,0.22,2.36,,,Ⅳ
2021-07-02T20:00:00+08:00,1625227200,28.2,7.49,3.22,551.7,54.6,6.05,0.123,0.217,2.43,,,Ⅳ
2021-07-03T00:00:00+08:00,1625241600,28.1,7.48,2.96,553.4,40.9,5.76,0.097,0.209,2.4,,,Ⅴ
2021-07-03T04:00:00+08:00,1625256000,28.1,7.47,3.3,553.2,47.8,5.73,0.135,0.217,2.45,,,Ⅳ
2021-07-03T08:00:00+08:00,1625270400,27.8,7.47,2.74,545.4,63.5,5.8,0.18,0.228,2.42,,,Ⅴ
2021-07-03T12:00:00+08:00,1625284800,28.0,7.47,2.6,548.4,45.4,5.74,0.152,0.216,2.45,,,Ⅴ
2021-07-03T16:00:00+08:00,1625299200,28.2,7.46,2.54,546.1,50.7,5.95,0.196,0.224,2.55,,,Ⅴ
2021-07-03T20:00:00+08:00,1625313600,28.2,7.47,2.78,533.7,65.6,5.79,0.138,0.228,2.53,,,Ⅴ
2021-07-04T00:00:00+08:00,1625328000,28.1,7.46,2.61,535.4,51.0,5.74,0.112,0.22,2.62,,,Ⅴ
2021-07-04T04:00:00+08:00,1625342400,28.0,7.45,2.37,539.9,49.0,5.55,0.103,0.218,2.55,,,Ⅴ
2021-07-04T08:00:00+08:00,1625356800,26.3,8.2,7.64,,2.3,0.79,0.025,0.212,2.55,,,Ⅳ
2021-07-04T12:00:00+08:00,1625371200,28.2,7.46,3.15,530.5,49.4,0.79,0.025,0.212,2.46,,,Ⅳ
2021-07-04T16:00:00+08:00,1625385600,28.4,7.44,2.96,531.6,64.0,5.72,0.086,0.212,2.46,,,Ⅴ
2021-07-04T20:00:00+08:00,1625400000,28.2,7.42,2.62,520.5,59.6,5.93,0.105,0.228,2.62,,,Ⅴ
2021-07-05T00:00:00+08:00,1625414400,28.1,7.44,2.78,527.4,52.8,6.05,0.102,0.226,2.61,,,Ⅴ
2021-07-05T04:00:00+08:00,1625428800,28.0,7.43,2.31,538.1,43.9,5.98,0.262,0.216,2.97,,,Ⅴ
2021-07-05T08:00:00+08:00,1625443200,28.1,7.43,2.53,523.5,48.1,6.12,0.138,0.226,2.69,,,Ⅴ
2021-07-05T12:00:00+08:00,1625457600,28.6,7.42,2.6,512.3,84.0,5.96,0.085,0.236,2.56,,,Ⅴ
2021-07-05T16:00:00+08:00,1625472000,28.9,7.42,2.98,514.3,52.3,5.79,0.105,0.228,2.63,,,Ⅴ
2021-07-05T20:00:00+08:00,1625486400,29.0,7.41,2.61,502.3,54.6,6.03,0.138,0.231,2.66,,,Ⅴ
2021-07-06T00:00:00+08:00,1625500800,29.0,7.42,2.77,499.3,57.2,5.89,0.106,0.233,2.69,,,Ⅴ
2021-07-06T04:00:00+08:00,1625515200,28.8,7.43,2.8,515.2,40.4,5.92,0.116,0.223,2.72,,,Ⅴ
2021-07-06T08:00:00+08:00,1625529600,27.6,8.11,7.75,,2.3,5.11,0.025,0.199,2.43,,,Ⅲ
2021-07-06T12:00:00+08:00,1625544000,29.5,7.42,2.41,502.5,49.7,6.02,0.104,0.235,2.53,,,Ⅴ
2021-07-06T16:00:00+08:00,1625558400,30.8,7.46,3.12,502.8,41.3,5.93,0.086,0.226,2.67,,,Ⅴ
2021-07-07T04:00:00+08:00,1625601600,29.9,7.45,3.02,510.7,45.8,5.97,0.101,0.228,2.72,,,Ⅳ
2021-07-07T08:00:00+08:00,1625616000,29.9,7.43,2.9,513.6,41.8,6.16,0.111,0.226,2.76,,,Ⅴ
2021-07-07T12:00:00+08:00,1625630400,30.7,7.44,2.95,506.5,47.4,6.32,0.093,0.233,2.65,,,Ⅴ
2021-07-26T08:00:00+08:00,1627257600,27.5,7.7,4.88,472.0,72.3,5.17,0.141,0.228,2.25,,,Ⅳ
2021-07-26T20:00:00+08:00,1627300800,26.9,7.54,4.88,378.5,73.9,5.83,0.156,0.28,2.55,,,Ⅳ
2021-07-27T04:00:00+08:00,1627329600,26.8,7.45,4.41,367.3,74.9,5.76,0.254,0.306,2.82,,,Ⅴ
2021-07-27T08:00:00+08:00,1627344000,26.8,7.46,4.7,326.3,70.9,5.5,0.135,0.305,2.32,,,Ⅴ
2021-07-27T12:00:00+08:00,1627358400,26.9,7.38,5.1,324.9,63.3,5.58,0.198,0.322,2.53,,,Ⅴ
2021-07-27T20:00:00+08:00,1627387200,26.9,7.31,3.91,312.7,46.7,5.75,0.384,0.353,3.03,,,Ⅴ
2021-07-28T00:00:00+08:00,1627401600,27.0,7.35,3.98,321.9,39.3,4.47,0.444,0.321,2.99,,,Ⅴ
2021-07-28T04:00:00+08:00,1627416000,26.8,7.3,3.68,300.4,41.3,6.1,0.502,0.351,3.16,,,Ⅴ
2021-07-28T08:00:00+08:00,1627430400,26.8,7.32,4.02,289.5,57.4,4.87,0.374,0.354,2.76,,,Ⅴ
2021-07-28T12:00:00+08:00,1627444800,27.6,7.32,3.79,296.9,50.4,6.02,0.404,0.358,2.82,,,Ⅴ
2021-07-28T16:00:00+08:00,1627459200,27.9,7.3,3.55,301.6,40.7,5.93,0.467,0.35,3.02,,,Ⅴ
2021-07-28T20:00:00+08:00,1627473600,28.0,7.3,4.32,313.9,31.8,5.64,0.414,0.329,3.0,,,Ⅴ
2021-07-29T00:00:00+08:00,1627488000,27.6,7.33,4.67,331.6,30.4,5.3,0.344,0.318,2.88,,,Ⅴ
2021-07-29T04:00:00+08:00,1627502400,27.6,7.34,4.65,330.8,30.9,5.51,0.308,0.313,2.79,,,Ⅴ
2021-07-29T08:00:00+08:00,1627516800,27.6,7.26,6.18,298.8,39.3,5.96,0.401,0.366,2.94,,,Ⅴ
2021-07-29T12:00:00+08:00,1627531200,28.3,7.27,5.54,314.0,36.9,5.78,0.303,0.36,2.86,,,Ⅴ
2021-07-29T16:00:00+08:00,1627545600,28.7,7.32,4.12,337.5,40.0,5.78,0.303,0.36,2.86,,,Ⅴ
2021-07-29T20:00:00+08:00,1627560000,28.5,7.33,3.96,335.8,81.0,6.07,0.204,0.326,2.58,,,Ⅴ
2021-07-30T00:00:00+08:00,1627574400,28.5,7.26,3.42,330.5,63.8,6.06,0.233,0.367,2.77,,,Ⅴ
2021-07-30T04:00:00+08:00,1627588800,28.5,7.29,3.39,357.6,46.3,5.83,0.179,0.321,2.96,,,Ⅴ
2021-07-30T08:00:00+08:00,1627603200,28.5,7.27,3.35,337.6,42.5,6.16,0.144,0.334,2.73,,,Ⅴ
2021-07-30T12:00:00+08:00,1627617600,29.3,7.27,7.18,339.1,49.9,6.11,0.161,0.339,2.69,,,Ⅴ
2021-08-06T04:00:00+08:00,1628193600,30.4,7.38,2.85,384.4,80.5,5.9,0.126,0.334,2.23,,,Ⅴ
2021-08-06T08:00:00+08:00,1628208000,30.4,7.35,2.59,392.5,60.8,5.98,0.129,0.326,2.37,,,Ⅴ
2021-09-23T12:00:00+08:00,1632369600,28.3,7.42,6.87,377.0,76.6,14.34,0.025,0.183,1.46,,,Ⅴ
2021-09-23T16:00:00+08:00,1632384000,28.6,7.41,6.54,377.8,81.0,4.64,0.025,0.188,1.44,,,Ⅲ
2021-09-23T20:00:00+08:00,1632398400,28.3,7.59,7.75,377.9,74.0,4.4,0.025,0.197,2.56,,,Ⅲ
2021-09-24T04:00:00+08:00,1632427200,27.9,7.5,6.74,376.2,75.0,4.25,0.025,0.19,2.42,,,Ⅲ
2021-10-28T08:00:00+08:00,1635379200,18.8,7.6,6.49,449.9,96.9,4.01,0.056,0.162,3.19,,,Ⅲ
2021-10-28T12:00:00+08:00,1635393600,19.2,7.6,6.47,451.9,78.9,3.99,0.053,0.147,3.05,,,Ⅲ
2021-10-28T16:00:00+08:00,1635408000,19.4,7.61,6.58,453.2,86.0,4.13,0.053,0.16,3.13,,,Ⅲ
2021-10-28T20:00:00+08:00,1635422400,19.2,7.61,6.58,454.4,75.1,4.12,0.052,0.145,3.07,,,Ⅲ
2021-10-29T00:00:00+08:00,1635436800,19.2,7.61,6.58,455.0,69.0,4.01,0.052,0.14,3.0,,,Ⅲ
2021-10-29T04:00:00+08:00,1635451200,19.2,7.6,6.57,450.9,74.1,4.22,0.048,0.143,2.92,,,Ⅲ
2021-10-29T08:00:00+08:00,1635465600,19.4,7.63,6.77,453.2,77.1,3.96,0.041,0.145,3.0,,,Ⅲ
2021-11-05T04:00:00+08:00,1636056000,19.5,7.69,6.79,488.1,80.5,4.04,0.048,0.138,3.26,,,Ⅲ
2021-11-05T08:00:00+08:00,1636070400,19.7,7.71,9.3,486.0,58.4,3.94,0.051,0.127,3.16,,,Ⅲ
2021-11-05T12:00:00+08:00,1636084800,19.7,7.68,6.67,487.7,68.6,4.02,0.056,0.132,3.24,,,Ⅲ
2021-11-05T16:00:00+08:00,1636099200,19.7,7.72,6.81,489.2,96.1,4.17,0.051,0.145,3.28,,,Ⅲ
2021-11-05T20:00:00+08:00,1636113600,19.6,7.73,8.07,481.1,61.6,3.94,0.067,0.13,3.21,,,Ⅲ
2021-11-06T00:00:00+08:00,1636128000,19.7,7.71,9.02,489.3,69.2,4.11,0.05,0.134,3.26,,,Ⅲ
2021-11-06T04:00:00+08:00,1636142400,19.6,7.73,9.28,487.8,93.6,4.25,0.051,0.146,3.24,,,Ⅲ
2021-11-06T08:00:00+08:00,1636156800,19.6,7.72,8.6,480.4,66.6,3.97,0.068,0.133,3.22,,,Ⅲ
2021-11-06T12:00:00+08:00,1636171200,19.8,7.73,6.87,488.9,75.2,3.99,0.649,0.147,3.22,,,Ⅲ
2021-11-06T16:00:00+08:00,1636185600,19.8,7.71,6.49,488.5,89.8,4.08,0.83,0.146,3.31,,,Ⅲ
2021-11-06T20:00:00+08:00,1636200000,19.7,7.73,6.57,483.1,70.9,3.94,0.717,0.134,3.25,,,Ⅲ
2021-11-07T00:00:00+08:00,1636214400,19.6,7.72,6.33,485.3,77.5,4.03,0.928,0.141,3.32,,,Ⅲ
2021-11-07T04:00:00+08:00,1636228800,19.5,7.69,6.21,488.6,82.3,4.03,0.962,0.147,3.32,,,Ⅲ
2021-11-07T08:00:00+08:00,1636243200,19.5,7.72,6.45,484.0,62.3,4.02,0.693,0.131,3.19,,,Ⅲ
2021-11-07T12:00:00+08:00,1636257600,19.8,7.69,6.28,489.1,72.4,3.93,,0.136,3.22,,,
2021-11-07T16:00:00+08:00,1636272000,19.7,7.69,6.37,489.3,84.7,3.94,0.126,0.146,3.34,,,Ⅲ
2021-11-07T20:00:00+08:00,1636286400,19.1,7.76,7.05,484.7,76.8,3.81,0.162,0.143,3.38,,,Ⅲ
2021-11-08T00:00:00+08:00,1636300800,18.6,7.75,7.14,510.3,76.7,4.09,0.157,0.143,3.36,,,Ⅲ
2021-11-08T04:00:00+08:00,1636315200,17.9,7.75,7.17,493.4,70.4,3.98,0.166,0.144,3.33,,,Ⅲ
2021-11-08T08:00:00+08:00,1636329600,17.4,7.78,7.36,491.0,69.9,3.86,0.139,0.144,3.32,,,Ⅲ
2021-11-08T12:00:00+08:00,1636344000,17.3,7.78,7.55,498.8,79.4,4.06,0.189,0.152,3.38,,,Ⅲ
2021-11-08T16:00:00+08:00,1636358400,17.0,7.8,7.82,500.8,72.0,3.92,0.168,0.142,3.44,,,Ⅲ
2021-11-08T20:00:00+08:00,1636372800,17.0,7.83,8.01,497.6,79.4,3.98,0.13,0.148,3.42,,,Ⅲ
2021-11-09T00:00:00+08:00,1636387200,16.7,7.8,7.8,505.1,67.3,3.87,0.152,0.143,3.43,,,Ⅲ
2021-11-09T04:00:00+08:00,1636401600,16.2,7.78,7.76,503.8,70.7,3.93,0.188,0.147,3.42,,,Ⅲ
2021-11-09T08:00:00+08:00,1636416000,15.9,7.79,7.84,504.0,53.8,3.83,0.155,0.13,3.22,,,Ⅲ
2021-11-09T12:00:00+08:00,1636430400,16.3,7.79,7.83,502.2,60.2,4.07,0.197,0.138,3.39,,,Ⅲ
2021-11-09T20:00:00+08:00,1636459200,15.8,7.9,8.41,502.8,61.4,3.92,0.191,0.137,3.4,,,Ⅲ
2021-11-10T08:00:00+08:00,1636502400,15.2,7.86,8.04,513.5,53.7,3.84,0.176,0.132,3.35,,,Ⅲ
2021-11-10T09:56:00+08:00,1636509360,,,,,,,,,,,,
2021-11-10T12:00:00+08:00,1636516800,15.6,7.88,8.09,513.0,67.9,3.99,0.175,0.143,3.44,,,Ⅲ
2021-11-10T16:00:00+08:00,1636531200,15.5,7.87,8.85,511.8,82.2,4.07,0.198,0.153,3.6,,,Ⅲ
2021-11-10T20:00:00+08:00,1636545600,15.2,7.87,8.08,512.6,61.4,3.97,0.192,0.138,3.43,,,Ⅲ
2021-11-11T00:00:00+08:00,1636560000,15.1,7.88,8.1,512.9,56.6,4.03,0.185,0.136,3.3,,,Ⅲ
2021-11-11T08:00:00+08:00,1636588800,14.8,7.87,8.11,516.5,84.9,4.04,0.172,0.152,3.52,,,Ⅲ
2021-11-11T12:00:00+08:00,1636603200,15.2,7.88,8.13,517.9,61.4,3.84,0.175,0.135,3.4,,,Ⅲ
2021-11-11T16:00:00+08:00,1636617600,15.5,7.89,8.11,529.4,79.0,4.02,0.168,0.145,3.67,,,Ⅲ
2021-11-11T20:00:00+08:00,1636632000,15.2,7.89,8.58,528.8,62.4,3.81,0.158,0.136,3.52,,,Ⅲ
2021-11-12T00:00:00+08:00,1636646400,14.9,7.89,8.05,528.7,57.8,3.68,0.154,0.131,3.43,,,Ⅲ
2021-11-26T12:00:00+08:00,1637899200,13.7,7.94,8.13,575.2,54.3,3.61,0.2,0.119,3.76,,,Ⅲ
2021-11-26T16:00:00+08:00,1637913600,13.8,7.94,8.08,580.2,71.3,3.76,0.219,0.128,3.88,,,Ⅲ
2021-11-26T20:00:00+08:00,1637928000,13.5,7.95,8.07,584.3,79.5,3.92,0.209,0.136,3.82,,,Ⅲ
2021-11-27T04:00:00+08:00,1637956800,13.3,7.93,8.07,584.6,60.6,3.56,0.206,0.127,3.76,,,Ⅲ
2021-11-27T08:00:00+08:00,1637971200,13.2,7.93,8.02,584.2,52.9,3.92,0.234,0.139,3.8,,,Ⅲ
2021-11-27T12:00:00+08:00,1637985600,13.8,7.94,8.09,582.8,53.1,3.83,0.223,0.118,3.78,,,Ⅲ
2021-11-27T16:00:00+08:00,1638000000,13.9,7.93,8.04,586.9,57.9,3.78,0.22,0.118,3.83,,,Ⅲ
2021-11-27T20:00:00+08:00,1638014400,13.7,7.93,8.0,587.0,58.9,3.86,0.22,0.121,3.77,,,Ⅲ
2021-11-28T04:00:00+08:00,1638043200,13.6,7.93,8.08,588.4,51.9,3.72,0.215,0.116,3.74,,,Ⅲ
2021-11-28T08:00:00+08:00,1638057600,13.6,7.93,7.96,586.9,57.4,3.74,0.222,0.123,3.75,,,Ⅲ
2021-11-28T12:00:00+08:00,1638072000,13.8,7.93,8.21,584.6,53.7,3.64,0.235,0.122,3.81,,,Ⅲ
2021-11-28T16:00:00+08:00,1638086400,13.8,7.93,8.07,589.9,67.7,3.72,0.224,0.127,3.87,,,Ⅲ
2021-11-28T20:00:00+08:00,1638100800,13.8,7.93,8.17,592.8,74.0,3.77,0.222,0.131,3.87,,,Ⅲ
2021-11-29T04:00:00+08:00,1638129600,13.8,7.93,8.1,594.3,55.1,3.57,0.208,0.118,3.82,,,Ⅲ
2021-11-29T08:00:00+08:00,1638144000,13.9,7.91,8.02,588.3,67.1,3.68,0.214,0.124,3.93,,,Ⅲ
2021-11-29T12:00:00+08:00,1638158400,14.2,7.91,7.98,584.2,68.5,3.72,0.222,0.124,3.88,,,Ⅲ
2021-11-30T04:00:00+08:00,1638216000,14.3,7.92,8.02,595.1,57.2,3.43,0.193,0.12,3.86,,,Ⅲ
2021-11-30T12:00:00+08:00,1638244800,14.3,7.98,8.59,584.8,85.5,3.79,0.232,0.142,4.14,,,Ⅲ
2021-11-30T16:00:00+08:00,1638259200,14.2,7.99,8.71,585.5,67.5,3.38,0.221,0.127,4.06,,,Ⅲ
2021-11-30T20:00:00+08:00,1638273600,13.9,8.0,8.9,586.8,77.7,3.76,0.24,0.136,4.16,,,Ⅲ
2021-12-01T04:00:00+08:00,1638302400,13.2,8.02,8.89,604.5,57.8,3.6,0.194,0.12,3.81,,,Ⅲ
2021-12-01T12:00:00+08:00,1638331200,13.1,8.03,9.14,595.6,63.5,3.64,0.215,0.13,3.93,,,Ⅲ
2021-12-01T16:00:00+08:00,1638345600,13.1,8.05,9.22,599.7,59.9,3.57,0.207,0.123,3.88,,,Ⅲ
2021-12-01T20:00:00+08:00,1638360000,13.0,8.04,9.18,596.5,63.6,3.46,0.214,0.128,4.02,,,Ⅲ
2021-12-02T04:00:00+08:00,1638388800,12.4,8.04,9.17,602.0,53.4,3.41,0.211,0.116,3.86,,,Ⅲ
2021-12-02T08:00:00+08:00,1638403200,12.3,8.03,9.18,596.8,61.5,3.57,0.228,0.126,3.94,,,Ⅲ
2021-12-03T12:00:00+08:00,1638504000,12.0,8.01,9.02,603.2,69.7,3.92,0.238,0.144,4.03,,,Ⅲ
2021-12-07T12:00:00+08:00,1638849600,12.2,8.05,10.52,639.3,48.3,3.6,0.186,0.116,3.74,,,Ⅲ
2021-12-07T16:00:00+08:00,1638864000,12.3,8.04,8.97,652.4,67.7,3.79,0.192,0.128,3.91,,,Ⅲ
2021-12-08T04:00:00+08:00,1638907200,12.0,8.05,9.05,647.4,49.1,3.44,0.181,0.119,3.82,,,Ⅲ
2021-12-08T08:00:00+08:00,1638921600,11.8,8.08,9.26,639.7,46.4,3.61,0.162,0.116,3.52,,,Ⅲ
2021-12-08T16:00:00+08:00,1638950400,12.2,8.06,8.89,654.3,47.2,3.61,0.172,0.109,3.15,,,Ⅲ
2021-12-08T20:00:00+08:00,1638964800,12.2,8.08,9.07,643.9,47.5,3.46,0.154,0.112,3.07,,,Ⅲ
2021-12-09T04:00:00+08:00,1638993600,12.1,8.05,8.92,649.4,46.1,3.53,0.173,0.114,3.12,,,Ⅲ
2021-12-09T08:00:00+08:00,1639008000,12.1,8.06,8.92,649.6,40.7,3.58,0.164,0.109,3.14,,,Ⅲ
2021-12-09T12:00:00+08:00,1639022400,12.4,8.06,8.92,649.9,41.2,3.5,0.167,0.11,3.18,,,Ⅲ
2021-12-10T08:00:00+08:00,1639094400,12.1,8.05,8.86,647.1,49.9,3.38,0.177,0.111,3.04,,,Ⅲ
2021-12-10T12:00:00+08:00,1639108800,12.6,8.11,9.04,650.1,68.0,3.97,0.194,0.114,2.96,,,Ⅲ
2021-12-14T04:00:00+08:00,1639425600,11.8,8.08,9.1,643.7,45.1,3.52,0.169,0.105,3.17,,,Ⅲ
2021-12-14T12:00:00+08:00,1639454400,11.7,8.07,9.02,645.8,52.6,3.66,0.2,0.12,3.0,,,Ⅲ
2021-12-14T16:00:00+08:00,1639468800,11.7,8.08,9.23,644.5,44.2,3.51,0.184,0.11,3.04,,,Ⅲ
2021-12-14T20:00:00+08:00,1639483200,11.5,8.06,8.97,647.6,50.9,3.51,0.194,0.111,3.12,,,Ⅲ
2021-12-15T04:00:00+08:00,1639512000,11.3,8.07,9.08,643.8,48.5,3.36,0.191,0.108,3.09,,,Ⅲ
2021-12-21T08:00:00+08:00,1640044800,10.1,7.86,9.72,664.8,47.8,3.66,0.194,0.104,3.16,,,Ⅲ
2021-12-21T12:00:00+08:00,1640059200,10.5,7.86,9.71,665.3,46.3,3.37,0.202,0.108,3.18,,,Ⅲ
2021-12-22T04:00:00+08:00,1640116800,10.2,7.86,9.67,667.8,50.2,3.53,0.208,0.107,3.16,,,Ⅲ
2021-12-22T12:00:00+08:00,1640145600,10.6,7.86,9.78,668.5,50.5,3.51,0.204,0.109,3.14,,,Ⅲ
2021-12-22T16:00:00+08:00,1640160000,10.8,7.87,9.76,670.6,52.5,3.75,0.202,0.109,3.13,,,Ⅲ
2021-12-22T20:00:00+08:00,1640174400,10.5,7.91,9.96,654.1,49.5,3.58,0.174,0.107,2.92,,,Ⅲ
2021-12-23T00:00:00+08:00,1640188800,10.3,7.88,9.91,658.1,58.1,3.73,0.188,0.109,2.93,,,Ⅲ
2021-12-23T04:00:00+08:00,1640203200,10.3,7.86,9.66,669.9,49.9,3.82,0.195,0.104,3.06,,,Ⅲ
2021-12-23T08:00:00+08:00,1640217600,10.0,7.89,9.83,662.3,59.4,3.56,0.188,0.106,2.92,,,Ⅲ
2021-12-23T12:00:00+08:00,1640232000,10.8,7.9,9.86,670.8,49.3,3.71,0.201,0.108,3.04,,,Ⅲ
2021-12-23T16:00:00+08:00,1640246400,11.0,7.91,9.65,671.5,49.3,3.57,0.196,0.104,3.03,,,Ⅲ
2021-12-23T20:00:00+08:00,1640260800,10.9,7.93,9.91,654.7,57.0,3.58,0.179,0.112,2.84,,,Ⅲ
2021-12-24T00:00:00+08:00,1640275200,10.8,7.92,9.86,654.8,46.9,3.7,0.166,0.102,2.88,,,Ⅲ
2021-12-24T12:00:00+08:00,1640318400,11.2,7.9,9.58,669.0,56.0,3.62,0.187,0.107,2.98,,,Ⅲ
2021-12-27T12:00:00+08:00,1640577600,8.1,8.02,11.02,669.7,42.9,3.41,0.188,0.096,3.24,,,Ⅱ
2021-12-27T16:00:00+08:00,1640592000,8.0,8.01,11.09,665.2,47.6,3.7,0.212,0.11,3.36,,,Ⅲ
2021-12-27T20:00:00+08:00,1640606400,7.9,8.02,11.19,669.8,44.0,3.44,0.196,0.104,3.22,,,Ⅲ
2021-12-28T00:00:00+08:00,1640620800,7.5,8.07,11.31,658.7,67.5,3.8,0.209,0.108,2.95,,,Ⅲ
2021-12-28T04:00:00+08:00,1640635200,7.6,8.01,11.29,671.6,44.9,3.52,0.201,0.106,3.21,,,Ⅲ
2021-12-28T12:00:00+08:00,1640664000,7.6,8.02,11.38,668.3,40.1,3.28,0.194,0.101,3.26,,,Ⅲ
2021-12-30T08:00:00+08:00,1640822400,7.2,8.01,11.42,703.0,49.5,3.53,0.252,0.111,3.32,,,Ⅲ
2022-01-11T04:00:00+08:00,1641844800,8.6,7.97,10.88,700.5,52.6,3.59,0.248,0.106,3.26,,,Ⅲ
2022-01-11T08:00:00+08:00,1641859200,8.4,7.97,10.84,704.7,45.5,3.58,0.251,0.106,3.32,,,Ⅲ
2022-01-11T12:00:00+08:00,1641873600,8.7,7.99,10.81,694.8,49.6,3.57,0.246,0.106,3.18,,,Ⅲ
2022-01-12T04:00:00+08:00,1641931200,8.1,7.99,11.09,713.7,40.4,3.4,0.257,0.101,3.34,,,Ⅲ
2022-01-12T08:00:00+08:00,1641945600,7.8,8.0,11.26,716.4,45.6,3.54,0.25,0.104,3.37,,,Ⅲ
2022-01-12T12:00:00+08:00,1641960000,8.2,8.0,11.21,717.3,50.7,3.5,0.256,0.104,3.37,,,Ⅲ
2022-01-14T12:00:00+08:00,1642132800,7.5,8.02,11.66,732.9,39.3,3.53,0.283,0.1,3.62,,,Ⅲ
2022-01-14T16:00:00+08:00,1642147200,7.4,8.03,11.6,718.6,48.3,3.6,0.284,0.107,3.33,,,Ⅲ
2022-01-19T04:00:00+08:00,1642536000,8.5,7.81,11.24,740.9,46.4,3.78,0.247,0.115,3.54,,,Ⅲ
2022-01-19T08:00:00+08:00,1642550400,8.4,7.82,11.28,730.2,41.2,3.52,0.231,0.114,3.38,,,Ⅲ
2022-01-19T16:00:00+08:00,1642579200,8.9,7.82,11.46,724.1,74.9,3.81,0.25,0.133,3.22,,,Ⅲ
2022-01-19T20:00:00+08:00,1642593600,8.8,7.85,11.49,716.6,50.2,3.71,0.221,0.12,3.26,,,Ⅲ
2022-01-20T04:00:00+08:00,1642622400,8.8,7.81,11.18,727.0,46.3,3.7,0.225,0.113,3.4,,,Ⅲ
2022-01-20T08:00:00+08:00,1642636800,8.8,7.82,11.3,706.5,48.8,3.62,0.206,0.116,3.18,,,Ⅲ
2022-01-20T12:00:00+08:00,1642651200,8.8,7.83,11.37,721.0,46.7,3.8,0.211,0.114,3.32,,,Ⅲ
2022-01-20T16:00:00+08:00,1642665600,8.8,7.85,11.62,721.2,44.5,3.53,0.21,0.106,3.33,,,Ⅲ
2022-01-20T20:00:00+08:00,1642680000,8.8,7.86,11.72,702.6,45.1,3.8,0.198,0.116,3.08,,,Ⅲ
2022-01-21T04:00:00+08:00,1642708800,8.7,7.84,11.48,717.8,44.9,3.7,0.205,0.111,3.29,,,Ⅲ
2022-01-21T08:00:00+08:00,1642723200,8.6,7.83,11.42,702.8,41.9,3.56,0.197,0.114,3.14,,,Ⅲ
2022-01-21T12:00:00+08:00,1642737600,8.8,7.85,11.5,713.9,43.2,3.62,0.2,0.111,3.18,,,Ⅲ
2022-02-10T08:00:00+08:00,1644451200,7.5,7.44,7.89,694.7,27.2,4.84,0.783,0.186,6.72,,,Ⅲ
2022-02-10T12:00:00+08:00,1644465600,7.8,7.44,7.97,695.5,26.0,4.81,0.775,0.183,6.8,,,Ⅲ
2022-02-11T08:00:00+08:00,1644537600,8.0,7.43,7.73,703.1,28.8,4.92,0.77,0.188,6.76,,,Ⅲ
2022-02-11T16:00:00+08:00,1644566400,8.1,7.44,7.88,712.0,29.7,4.98,0.765,0.188,6.78,,,Ⅲ
2022-02-11T20:00:00+08:00,1644580800,8.1,7.44,7.87,702.6,28.2,4.73,0.76,0.185,6.75,,,Ⅲ
2022-02-12T04:00:00+08:00,1644609600,7.9,7.45,7.98,708.8,27.8,4.99,0.742,0.184,6.83,,,Ⅲ
2022-02-12T16:00:00+08:00,1644652800,8.1,7.45,7.88,725.2,26.4,4.92,0.715,0.182,6.83,,,Ⅲ
2022-02-12T20:00:00+08:00,1644667200,8.1,7.45,7.85,718.7,27.4,4.91,0.726,0.183,6.83,,,Ⅲ
2022-02-13T04:00:00+08:00,1644696000,8.1,7.41,7.5,711.5,27.8,4.8,0.706,0.181,6.81,,,Ⅲ
2022-02-13T08:00:00+08:00,1644710400,8.1,7.42,7.56,716.5,28.2,4.83,0.709,0.182,6.83,,,Ⅲ
2022-02-13T12:00:00+08:00,1644724800,8.1,7.42,7.52,716.8,33.0,4.82,0.705,0.186,6.76,,,Ⅲ
2022-02-13T16:00:00+08:00,1644739200,8.3,7.44,7.67,732.3,29.5,4.93,0.665,0.18,6.78,,,Ⅲ
2022-02-13T20:00:00+08:00,1644753600,8.2,7.44,7.58,733.1,27.5,4.76,0.667,0.178,6.78,,,Ⅲ
2022-02-14T04:00:00+08:00,1644782400,8.0,7.43,7.4,720.8,29.8,4.83,0.673,0.182,6.8,,,Ⅲ
2022-02-18T04:00:00+08:00,1645128000,7.7,7.57,7.94,693.2,24.3,4.59,0.525,0.162,6.62,,,Ⅲ
2022-02-18T08:00:00+08:00,1645142400,7.7,7.58,7.9,718.1,24.9,4.62,0.509,0.16,6.68,,,Ⅲ
2022-02-18T12:00:00+08:00,1645156800,7.7,7.59,8.16,696.2,24.6,4.56,0.516,0.162,6.58,,,Ⅲ
2022-02-18T16:00:00+08:00,1645171200,7.7,7.6,8.38,689.6,24.0,4.44,0.515,0.162,6.62,,,Ⅲ
2022-02-18T20:00:00+08:00,1645185600,7.8,7.61,8.26,714.1,25.4,4.66,0.474,0.159,6.52,,,Ⅲ
2022-02-19T00:00:00+08:00,1645200000,7.6,7.61,8.27,704.1,25.1,4.5,0.507,0.161,6.58,,,Ⅲ
2022-02-19T04:00:00+08:00,1645214400,7.4,7.6,8.4,682.9,25.4,4.44,0.506,0.162,6.6,,,Ⅲ
2022-02-22T08:00:00+08:00,1645488000,7.6,7.63,8.68,630.2,29.4,4.37,0.528,0.175,6.15,,,Ⅲ
2022-02-22T12:00:00+08:00,1645502400,7.9,7.61,8.8,622.9,27.6,4.54,0.53,0.17,6.1,,,Ⅲ
2022-02-22T16:00:00+08:00,1645516800,8.1,7.62,8.91,619.6,28.1,4.29,0.527,0.171,6.22,,,Ⅲ
2022-02-22T20:00:00+08:00,1645531200,8.0,7.62,8.87,629.2,29.4,4.29,0.503,0.18,6.31,,,Ⅲ
2022-02-23T00:00:00+08:00,1645545600,7.9,7.61,8.88,621.9,26.7,4.32,0.512,0.169,6.22,,,Ⅲ
2022-02-23T04:00:00+08:00,1645560000,7.8,7.61,8.97,618.9,36.1,4.53,0.519,0.178,6.12,,,Ⅲ
2022-02-23T12:00:00+08:00,1645588800,8.2,7.61,8.76,629.9,29.3,4.26,0.468,0.167,6.14,,,Ⅲ
2022-03-01T08:00:00+08:00,1646092800,12.1,7.67,8.41,618.2,34.5,4.18,0.302,0.152,5.56,,,Ⅲ
2022-03-01T12:00:00+08:00,1646107200,12.9,7.69,8.49,602.0,40.4,4.44,0.311,0.158,5.32,,,Ⅲ
2022-03-01T16:00:00+08:00,1646121600,13.6,7.75,8.66,646.7,42.7,4.38,0.282,0.157,5.44,,,Ⅲ
2022-03-02T04:00:00+08:00,1646164800,13.0,7.72,8.37,645.1,39.8,4.22,0.272,0.157,5.48,,,Ⅲ
2022-03-02T08:00:00+08:00,1646179200,13.0,7.73,8.48,657.8,34.6,4.38,0.254,0.147,5.48,,,Ⅲ
2022-03-07T08:00:00+08:00,1646611200,13.8,7.59,8.24,639.6,42.9,4.3,0.124,0.133,5.12,,,Ⅲ
2022-03-07T12:00:00+08:00,1646625600,14.3,7.62,8.36,628.9,40.8,4.39,0.126,0.128,5.02,,,Ⅲ
2022-03-08T04:00:00+08:00,1646683200,14.1,7.56,8.36,607.3,40.6,4.06,0.128,0.126,5.03,,,Ⅲ
2022-03-08T08:00:00+08:00,1646697600,13.9,7.59,8.34,632.4,37.8,4.32,0.111,0.127,4.98,,,Ⅲ
2022-03-08T12:00:00+08:00,1646712000,14.8,7.61,8.41,623.8,33.6,4.37,0.106,0.117,4.99,,,Ⅲ
2022-03-08T16:00:00+08:00,1646726400,15.4,7.61,8.34,600.8,38.3,4.29,0.122,0.126,4.97,,,Ⅲ
2022-03-08T20:00:00+08:00,1646740800,15.0,7.61,8.32,619.5,35.8,4.11,0.114,0.12,4.99,,,Ⅲ
2022-03-09T00:00:00+08:00,1646755200,14.9,7.58,8.26,598.6,37.3,4.04,0.118,0.125,4.98,,,Ⅲ
2022-03-09T04:00:00+08:00,1646769600,14.7,7.57,8.14,599.6,52.3,4.29,0.142,0.14,4.82,,,Ⅲ
2022-03-09T08:00:00+08:00,1646784000,14.6,7.59,8.13,627.9,38.7,4.28,0.123,0.132,4.93,,,Ⅲ
2022-03-09T12:00:00+08:00,1646798400,15.4,7.61,8.22,625.2,46.6,4.32,0.12,0.131,4.84,,,Ⅲ
2022-03-10T04:00:00+08:00,1646856000,15.1,7.6,8.14,605.3,44.8,4.19,0.122,0.124,4.9,,,Ⅲ
2022-03-10T08:00:00+08:00,1646870400,15.0,7.6,8.05,607.6,38.4,4.08,0.116,0.12,4.81,,,Ⅲ
2022-03-10T12:00:00+08:00,1646884800,15.7,7.64,8.17,622.2,39.0,4.2,0.11,0.111,4.82,,,Ⅲ
2022-03-11T04:00:00+08:00,1646942400,15.8,7.58,7.61,601.7,47.4,3.9,0.132,0.123,4.78,,,Ⅲ
2022-03-11T08:00:00+08:00,1646956800,15.8,7.58,7.6,605.1,49.1,4.08,0.132,0.124,4.77,,,Ⅲ
2022-03-11T12:00:00+08:00,1646971200,16.6,7.59,7.65,623.2,36.3,4.24,0.123,0.112,4.72,,,Ⅲ
2022-03-11T16:00:00+08:00,1646985600,17.0,7.59,7.75,603.3,39.4,4.1,0.122,0.112,4.68,,,Ⅲ
2022-03-12T16:00:00+08:00,1647072000,18.2,7.63,7.56,609.3,39.4,4.08,0.131,0.125,4.42,,,Ⅲ
2022-03-12T20:00:00+08:00,1647086400,17.9,7.59,7.24,597.2,47.8,3.99,0.138,0.123,4.4,,,Ⅲ
2022-03-13T04:00:00+08:00,1647115200,18.0,7.59,7.1,611.3,54.0,4.16,0.154,0.14,4.33,,,Ⅲ
2022-03-13T08:00:00+08:00,1647129600,18.0,7.57,6.94,607.8,49.7,3.98,0.148,0.146,4.38,,,Ⅲ
2022-03-13T12:00:00+08:00,1647144000,18.7,7.57,6.97,608.3,44.9,4.17,0.138,0.138,4.33,,,Ⅲ
2022-03-13T16:00:00+08:00,1647158400,19.6,7.62,7.13,636.9,33.1,4.11,0.128,0.126,4.33,,,Ⅲ
2022-03-13T20:00:00+08:00,1647172800,18.9,7.55,6.75,608.0,47.1,4.03,0.145,0.142,4.29,,,Ⅲ
2022-03-14T04:00:00+08:00,1647201600,19.1,7.55,6.59,582.9,95.3,4.02,0.155,0.16,4.21,,,Ⅲ
2022-03-14T12:00:00+08:00,1647230400,19.8,7.52,6.33,578.5,53.6,4.24,0.165,0.147,4.08,,,Ⅲ
2022-03-14T16:00:00+08:00,1647244800,20.3,7.57,6.57,630.0,53.3,4.21,0.144,0.152,4.07,,,Ⅲ
2022-03-15T08:00:00+08:00,1647302400,19.3,7.5,5.94,590.8,54.9,4.06,0.149,0.143,4.23,,,Ⅲ
2022-03-15T16:00:00+08:00,1647331200,20.5,7.55,6.16,623.5,59.0,4.17,0.142,0.141,4.22,,,Ⅲ
2022-03-15T20:00:00+08:00,1647345600,22.7,8.39,7.54,0.005,31.0,2.52,0.025,0.113,4.58,,,Ⅲ
2022-03-16T00:00:00+08:00,1647360000,19.7,7.51,6.06,588.7,59.2,3.89,0.137,0.142,4.26,,,Ⅲ
2022-03-16T08:00:00+08:00,1647388800,19.5,7.51,5.88,596.5,45.6,3.89,0.131,0.152,4.16,,,Ⅲ
2022-03-16T12:00:00+08:00,1647403200,20.4,7.53,6.06,594.3,54.4,4.27,0.132,0.155,4.02,,,Ⅲ
2022-03-16T16:00:00+08:00,1647417600,20.9,7.56,6.15,629.5,51.4,4.28,0.126,0.158,4.04,,,Ⅲ
2022-03-16T20:00:00+08:00,1647432000,20.7,7.55,6.0,627.5,45.9,4.11,0.124,0.154,4.06,,,Ⅲ
2022-03-17T00:00:00+08:00,1647446400,20.4,7.52,5.83,604.7,56.1,4.11,0.137,0.165,4.05,,,Ⅲ
2022-03-17T04:00:00+08:00,1647460800,20.4,7.53,5.75,633.3,54.9,4.27,0.133,0.16,4.04,,,Ⅲ
2022-03-17T08:00:00+08:00,1647475200,20.3,7.55,5.77,643.4,44.7,3.86,0.121,0.142,4.06,,,Ⅲ
2022-03-17T12:00:00+08:00,1647489600,20.2,7.53,5.75,610.2,52.9,4.07,0.136,0.15,4.0,,,Ⅲ
2022-03-17T16:00:00+08:00,1647504000,20.4,7.55,5.73,644.4,79.2,4.39,0.15,0.183,3.86,,,Ⅲ
2022-03-18T08:00:00+08:00,1647561600,18.7,7.57,5.82,638.5,48.6,3.82,0.144,0.154,3.97,,,Ⅲ
2022-03-18T12:00:00+08:00,1647576000,18.3,7.56,5.89,611.0,52.8,3.77,0.157,0.16,3.96,,,Ⅲ
2022-03-18T16:00:00+08:00,1647590400,17.6,7.59,7.77,625.4,56.2,3.93,0.157,0.177,3.96,,,Ⅲ
2022-03-23T08:00:00+08:00,1647993600,12.9,7.5,7.85,538.9,44.5,4.37,0.329,0.175,4.58,,,Ⅲ
2022-03-24T12:00:00+08:00,1648094400,14.4,7.42,7.37,523.8,36.8,4.28,0.409,0.156,4.66,,,Ⅲ
2022-03-24T16:00:00+08:00,1648108800,14.7,7.43,7.22,521.3,37.6,4.13,0.464,0.16,4.61,,,Ⅲ
2022-03-24T20:00:00+08:00,1648123200,14.6,7.44,7.45,520.8,43.8,4.19,0.469,0.171,4.52,,,Ⅲ
2022-03-25T00:00:00+08:00,1648137600,14.5,7.44,7.25,518.9,43.6,3.96,0.475,0.166,4.53,,,Ⅲ
2022-03-25T04:00:00+08:00,1648152000,14.6,7.43,7.27,519.1,45.5,3.94,0.466,0.164,4.54,,,Ⅲ
2022-03-25T08:00:00+08:00,1648166400,14.6,7.43,7.41,519.1,45.8,4.07,0.441,0.164,4.59,,,Ⅲ
2022-03-25T12:00:00+08:00,1648180800,14.8,7.43,7.62,511.1,38.9,4.32,0.435,0.169,4.5,,,Ⅲ
2022-03-25T16:00:00+08:00,1648195200,15.1,7.41,7.38,510.7,37.8,4.04,0.437,0.188,4.62,,,Ⅲ
2022-03-25T20:00:00+08:00,1648209600,15.2,7.42,7.35,514.7,39.1,4.09,0.445,0.179,4.52,,,Ⅲ
2022-03-26T00:00:00+08:00,1648224000,15.2,7.41,7.39,506.0,39.5,4.28,0.435,0.175,4.5,,,Ⅲ
2022-03-26T04:00:00+08:00,1648238400,15.2,7.42,7.44,507.5,44.2,4.33,0.47,0.18,4.62,,,Ⅲ
2022-03-26T08:00:00+08:00,1648252800,15.3,7.41,7.31,509.7,37.2,4.54,0.467,0.183,4.72,,,Ⅲ
2022-03-26T12:00:00+08:00,1648267200,15.6,7.39,7.24,510.3,39.1,4.49,0.443,0.189,4.76,,,Ⅲ
2022-03-26T16:00:00+08:00,1648281600,15.8,7.4,7.22,509.7,40.1,4.38,0.444,0.18,4.72,,,Ⅲ
2022-03-26T20:00:00+08:00,1648296000,15.7,7.41,7.22,509.5,47.3,4.27,0.471,0.184,4.51,,,Ⅲ
2022-03-27T00:00:00+08:00,1648310400,15.6,7.4,7.14,510.3,38.9,4.29,0.445,0.174,4.63,,,Ⅲ
2022-03-27T04:00:00+08:00,1648324800,15.5,7.38,7.05,509.9,43.0,4.47,0.444,0.184,4.66,,,Ⅲ
2022-03-27T08:00:00+08:00,1648339200,15.3,7.36,6.84,514.7,44.2,4.69,0.432,0.189,4.74,,,Ⅲ
2022-03-27T12:00:00+08:00,1648353600,15.6,7.36,6.76,515.4,40.5,4.73,0.42,0.189,4.78,,,Ⅲ
2022-03-27T16:00:00+08:00,1648368000,15.8,7.36,6.89,512.6,40.0,4.74,0.412,0.184,4.48,,,Ⅲ
2022-03-27T20:00:00+08:00,1648382400,15.6,7.37,6.85,513.1,57.5,4.92,0.446,0.194,4.65,,,Ⅲ
2022-03-28T00:00:00+08:00,1648396800,15.5,7.35,6.78,512.1,49.5,5.07,0.409,0.192,4.8,,,Ⅲ
2022-03-28T08:00:00+08:00,1648425600,15.2,7.34,6.5,508.9,49.4,4.88,0.437,0.199,4.95,,,Ⅲ
2022-03-28T12:00:00+08:00,1648440000,15.3,7.33,6.47,506.5,54.1,5.44,0.437,0.206,4.87,,,Ⅳ
2022-03-28T16:00:00+08:00,1648454400,15.8,7.34,6.49,513.8,44.4,5.09,0.414,0.198,4.87,,,Ⅲ
2022-03-28T20:00:00+08:00,1648468800,15.4,7.35,6.42,510.4,48.6,5.0,0.435,0.2,4.89,,,Ⅲ
2022-03-29T04:00:00+08:00,1648497600,15.0,7.34,6.2,513.2,46.3,4.87,0.46,0.199,4.97,,,Ⅲ
2022-03-29T12:00:00+08:00,1648526400,15.7,7.37,6.62,507.6,52.1,5.04,0.426,0.207,4.86,,,Ⅳ
2022-03-29T20:00:00+08:00,1648555200,16.0,7.37,6.43,514.4,49.2,5.06,0.432,0.204,4.86,,,Ⅳ
2022-03-30T04:00:00+08:00,1648584000,15.7,7.37,6.3,516.0,56.7,5.19,0.418,0.202,4.87,,,Ⅳ
2022-03-30T12:00:00+08:00,1648612800,16.5,7.39,6.62,505.8,54.7,5.1,0.364,0.201,4.68,,,Ⅳ
2022-03-30T16:00:00+08:00,1648627200,17.1,7.36,6.23,517.8,58.3,5.24,0.366,0.198,4.8,,,Ⅲ
2022-03-30T20:00:00+08:00,1648641600,17.0,7.37,6.35,516.4,50.2,5.08,0.362,0.201,4.89,,,Ⅳ
2022-03-31T04:00:00+08:00,1648670400,16.8,7.38,6.26,514.0,65.1,5.19,0.357,0.204,4.73,,,Ⅳ
2022-03-31T08:00:00+08:00,1648684800,16.8,7.37,6.23,511.7,51.9,4.92,0.346,0.199,4.78,,,Ⅲ
2022-03-31T12:00:00+08:00,1648699200,17.0,7.39,6.54,505.1,53.8,4.98,0.323,0.194,4.71,,,Ⅲ
2022-03-31T16:00:00+08:00,1648713600,16.9,7.42,6.64,511.3,60.6,5.23,0.321,0.201,4.67,,,Ⅳ
2022-03-31T20:00:00+08:00,1648728000,16.7,7.41,6.51,512.7,50.2,4.92,0.316,0.189,4.73,,,Ⅲ
2022-04-01T04:00:00+08:00,1648756800,16.1,7.41,6.58,507.7,63.8,5.12,0.314,0.198,4.69,,,Ⅲ
2022-04-01T12:00:00+08:00,1648785600,16.3,7.42,6.79,504.1,53.8,4.83,0.299,0.196,4.68,,,Ⅲ
2022-04-01T16:00:00+08:00,1648800000,16.5,7.56,7.06,504.0,53.7,4.88,0.286,0.189,4.65,,,Ⅲ
2022-04-01T20:00:00+08:00,1648814400,16.2,7.54,6.9,504.7,48.6,4.77,0.278,0.186,4.67,,,Ⅲ
2022-04-02T04:00:00+08:00,1648843200,15.5,7.55,7.03,503.1,62.8,4.88,0.305,0.202,4.66,,,Ⅳ
2022-04-02T12:00:00+08:00,1648872000,16.1,7.55,7.12,502.2,52.8,4.79,0.292,0.189,4.63,,,Ⅲ
2022-04-02T16:00:00+08:00,1648886400,16.7,7.48,7.24,501.8,45.3,4.96,0.302,0.181,4.54,,,Ⅲ
2022-04-02T20:00:00+08:00,1648900800,16.3,7.46,7.01,504.6,45.4,4.69,0.269,0.178,4.64,,,Ⅲ
2022-04-03T00:00:00+08:00,1648915200,16.1,7.45,7.06,504.3,53.4,4.73,0.303,0.189,4.59,,,Ⅲ
2022-04-03T04:00:00+08:00,1648929600,15.8,7.44,6.92,502.8,50.6,4.68,0.328,0.188,4.6,,,Ⅲ
2022-04-03T08:00:00+08:00,1648944000,15.7,7.43,6.95,508.3,41.6,4.63,0.27,0.176,4.61,,,Ⅲ
2022-04-03T12:00:00+08:00,1648958400,16.6,7.44,6.94,503.7,46.5,4.9,0.285,0.178,4.56,,,Ⅲ
2022-04-03T16:00:00+08:00,1648972800,17.2,7.46,7.25,503.7,41.3,4.78,0.263,0.17,4.6,,,Ⅲ
2022-04-03T20:00:00+08:00,1648987200,16.9,7.45,7.05,517.4,42.7,4.84,0.244,0.17,3.86,,,Ⅲ
2022-04-04T00:00:00+08:00,1649001600,16.5,7.42,7.02,504.0,45.4,4.92,0.269,0.177,4.54,,,Ⅲ
2022-04-04T04:00:00+08:00,1649016000,16.3,7.42,7.14,502.4,47.0,4.6,0.26,0.177,4.58,,,Ⅲ
2022-04-04T08:00:00+08:00,1649030400,16.2,7.42,7.04,508.7,41.8,4.58,0.238,0.173,4.57,,,Ⅲ
2022-04-04T12:00:00+08:00,1649044800,17.1,7.43,7.16,504.8,43.4,4.7,0.224,0.172,4.55,,,Ⅲ
2022-04-04T16:00:00+08:00,1649059200,17.3,7.47,7.53,501.9,42.0,4.97,0.208,0.164,4.52,,,Ⅲ
2022-04-04T20:00:00+08:00,1649073600,17.3,7.48,7.52,510.1,40.5,4.66,0.193,0.161,3.84,,,Ⅲ
2022-04-05T00:00:00+08:00,1649088000,17.1,7.46,7.42,503.4,44.8,4.64,0.204,0.167,4.49,,,Ⅲ
2022-04-05T04:00:00+08:00,1649102400,16.9,7.46,7.5,504.8,43.0,4.54,0.192,0.16,4.48,,,Ⅲ
2022-04-05T08:00:00+08:00,1649116800,16.8,7.45,7.33,510.7,42.3,4.57,0.178,0.16,4.39,,,Ⅲ
2022-04-05T12:00:00+08:00,1649131200,17.0,7.46,7.45,509.2,38.1,4.74,0.168,0.16,4.46,,,Ⅲ
2022-04-05T16:00:00+08:00,1649145600,16.9,7.46,7.5,504.4,43.1,4.82,0.182,0.163,4.39,,,Ⅲ
2022-04-05T20:00:00+08:00,1649160000,16.8,7.47,7.57,511.8,38.9,4.73,0.165,0.154,4.49,,,Ⅲ
2022-04-06T00:00:00+08:00,1649174400,16.6,7.44,7.3,505.4,42.7,4.66,0.183,0.158,4.45,,,Ⅲ
2022-04-06T04:00:00+08:00,1649188800,16.3,7.45,7.54,503.6,45.4,4.82,0.184,0.162,4.41,,,Ⅲ
2022-04-06T08:00:00+08:00,1649203200,16.2,7.44,7.33,514.8,44.9,4.84,0.165,0.158,4.41,,,Ⅲ
2022-04-06T12:00:00+08:00,1649217600,17.3,7.46,7.5,513.2,38.9,4.93,0.15,0.152,4.33,,,Ⅲ
2022-04-06T16:00:00+08:00,1649232000,17.5,7.5,7.94,505.5,43.6,5.08,0.143,0.153,4.32,,,Ⅲ
2022-04-07T04:00:00+08:00,1649275200,17.3,7.5,7.87,509.8,47.0,4.87,0.136,0.157,4.29,,,Ⅲ
2022-04-07T08:00:00+08:00,1649289600,17.3,7.51,7.88,521.5,41.1,5.0,0.113,0.158,4.32,,,Ⅲ
2022-04-07T12:00:00+08:00,1649304000,18.0,7.54,8.05,519.3,37.8,4.89,0.098,0.141,4.28,,,Ⅲ
2022-04-07T16:00:00+08:00,1649318400,18.6,7.54,8.13,508.1,43.0,4.96,0.106,0.146,4.25,,,Ⅲ
2022-04-07T20:00:00+08:00,1649332800,18.5,7.55,8.12,507.7,35.1,4.8,0.097,0.15,4.33,,,Ⅲ
2022-04-08T00:00:00+08:00,1649347200,18.5,7.55,8.18,502.4,37.9,4.78,0.093,0.147,4.22,,,Ⅲ
2022-04-08T04:00:00+08:00,1649361600,18.1,7.54,8.15,497.3,43.2,4.77,0.102,0.15,4.16,,,Ⅲ
2022-04-08T08:00:00+08:00,1649376000,18.2,7.54,8.13,507.7,36.5,4.73,0.084,0.146,4.19,,,Ⅲ
2022-04-08T12:00:00+08:00,1649390400,19.0,7.59,8.42,507.4,36.3,4.78,0.075,0.139,4.1,,,Ⅲ
2022-04-08T16:00:00+08:00,1649404800,19.6,7.62,8.5,505.1,43.0,4.86,0.075,0.146,4.08,,,Ⅲ
2022-04-08T20:00:00+08:00,1649419200,19.6,7.71,8.91,500.3,37.4,4.74,0.068,0.148,4.07,,,Ⅲ
2022-04-09T00:00:00+08:00,1649433600,19.2,7.72,9.05,506.2,40.7,4.9,0.062,0.149,4.05,,,Ⅲ
2022-04-09T04:00:00+08:00,1649448000,19.0,7.73,9.04,505.4,44.8,4.89,0.066,0.147,4.0,,,Ⅲ
2022-04-09T08:00:00+08:00,1649462400,19.0,7.75,9.08,506.8,38.0,5.07,0.052,0.15,4.07,,,Ⅲ
2022-04-09T16:00:00+08:00,1649491200,20.3,7.9,9.22,505.3,39.7,5.14,0.054,0.13,3.96,,,Ⅲ
2022-04-09T20:00:00+08:00,1649505600,20.3,8.02,9.55,499.4,41.1,5.35,0.048,0.136,3.91,,,Ⅲ
2022-04-10T00:00:00+08:00,1649520000,19.9,7.9,9.28,506.8,41.1,4.94,0.061,0.134,4.01,,,Ⅲ
2022-04-10T04:00:00+08:00,1649534400,19.8,7.82,8.81,506.1,45.9,5.08,0.08,0.136,3.87,,,Ⅲ
2022-04-10T12:00:00+08:00,1649563200,20.8,7.94,9.16,511.1,34.4,5.02,0.051,0.134,3.93,,,Ⅲ
2022-04-10T16:00:00+08:00,1649577600,20.8,7.98,9.28,503.8,40.3,5.08,0.056,0.126,3.86,,,Ⅲ
2022-04-10T20:00:00+08:00,1649592000,21.0,8.05,9.41,492.4,44.4,5.22,0.063,0.129,3.81,,,Ⅲ
2022-04-11T00:00:00+08:00,1649606400,20.7,7.94,9.0,496.8,42.0,4.93,0.071,0.126,3.78,,,Ⅲ
2022-04-11T04:00:00+08:00,1649620800,20.5,7.81,8.47,501.1,54.4,4.74,0.093,0.134,3.75,,,Ⅲ
2022-04-11T08:00:00+08:00,1649635200,20.5,7.83,8.54,502.6,44.3,4.77,0.077,0.134,3.72,,,Ⅲ
2022-04-11T12:00:00+08:00,1649649600,21.0,7.89,8.8,501.5,40.3,4.89,0.073,0.123,3.68,,,Ⅲ
2022-04-11T16:00:00+08:00,1649664000,22.1,8.04,9.06,502.6,37.0,4.4,0.07,0.126,3.82,,,Ⅲ
2022-04-11T20:00:00+08:00,1649678400,21.6,8.02,9.06,497.9,45.4,4.69,0.07,0.138,3.74,,,Ⅲ
2022-04-12T00:00:00+08:00,1649692800,21.6,7.99,8.97,494.5,42.9,4.54,0.07,0.138,3.72,,,Ⅲ
2022-04-12T04:00:00+08:00,1649707200,21.3,7.88,8.55,499.6,38.4,4.65,0.075,0.141,3.68,,,Ⅲ
2022-04-12T08:00:00+08:00,1649721600,21.4,7.81,8.28,496.7,47.3,4.7,0.092,0.148,3.63,,,Ⅲ
2022-04-12T20:00:00+08:00,1649764800,22.6,7.88,8.31,500.7,48.7,4.64,0.068,0.133,3.62,,,Ⅲ
2022-04-13T00:00:00+08:00,1649779200,22.6,7.9,8.42,499.7,42.8,4.41,0.065,0.125,3.64,,,Ⅲ
2022-04-13T04:00:00+08:00,1649793600,22.4,7.8,8.01,514.6,38.8,4.39,0.064,0.126,3.64,,,Ⅲ
2022-04-13T08:00:00+08:00,1649808000,22.1,7.79,8.01,501.1,46.4,4.37,0.08,0.142,3.57,,,Ⅲ
2022-04-13T12:00:00+08:00,1649822400,22.1,7.8,7.92,499.6,42.4,4.37,0.08,0.142,3.57,,,Ⅲ
2022-04-13T16:00:00+08:00,1649836800,21.7,7.75,7.69,512.2,43.2,4.44,0.098,0.162,3.48,,,Ⅲ
2022-04-13T20:00:00+08:00,1649851200,21.3,7.72,7.62,499.4,49.0,4.48,0.111,0.154,3.48,,,Ⅲ
2022-04-14T00:00:00+08:00,1649865600,21.0,7.7,7.52,477.9,45.9,4.22,0.128,0.152,3.39,,,Ⅲ
2022-04-14T04:00:00+08:00,1649880000,20.7,7.68,7.5,482.4,45.6,4.35,0.125,0.159,3.43,,,Ⅲ
2022-04-14T08:00:00+08:00,1649894400,20.2,7.6,7.3,464.8,48.9,4.55,0.147,0.171,3.4,,,Ⅲ
2022-04-14T12:00:00+08:00,1649908800,20.2,7.59,7.11,461.5,47.9,4.35,0.169,0.19,3.39,,,Ⅲ
2022-04-14T16:00:00+08:00,1649923200,19.8,7.55,7.36,452.8,50.9,5.08,0.165,0.204,3.33,,,Ⅳ
2022-04-15T04:00:00+08:00,1649966400,19.3,7.51,6.61,457.8,54.4,4.5,0.195,0.201,3.38,,,Ⅳ
2022-04-15T12:00:00+08:00,1649995200,19.5,7.54,6.77,459.7,49.2,4.26,0.181,0.18,3.52,,,Ⅲ
2022-04-15T16:00:00+08:00,1650009600,19.7,7.54,6.73,459.7,55.4,4.28,0.168,0.176,3.43,,,Ⅲ
2022-04-15T20:00:00+08:00,1650024000,19.3,7.52,7.19,457.9,48.5,4.46,0.17,0.169,3.42,,,Ⅲ
2022-04-16T04:00:00+08:00,1650052800,18.7,7.48,6.36,458.3,57.5,4.55,0.194,0.19,3.54,,,Ⅲ
2022-04-16T08:00:00+08:00,1650067200,18.7,7.46,6.16,457.0,47.1,4.41,0.181,0.188,3.5,,,Ⅲ
2022-04-16T12:00:00+08:00,1650081600,19.4,7.49,6.32,458.9,48.7,4.24,0.201,0.169,3.53,,,Ⅲ
2022-04-16T16:00:00+08:00,1650096000,19.7,7.51,6.39,458.3,51.9,4.28,0.19,0.17,3.52,,,Ⅲ
2022-04-16T20:00:00+08:00,1650110400,19.3,7.48,6.18,458.3,48.6,4.3,0.201,0.187,3.43,,,Ⅲ
2022-04-17T12:00:00+08:00,1650168000,19.7,7.47,5.97,461.2,52.8,3.98,0.217,0.177,3.41,,,Ⅲ
2022-04-17T20:00:00+08:00,1650196800,19.8,7.52,5.98,462.4,46.2,4.01,0.206,0.166,3.51,,,Ⅲ
2022-04-18T04:00:00+08:00,1650225600,19.3,7.5,5.7,462.6,63.3,4.17,0.223,0.181,3.39,,,Ⅲ
2022-04-18T08:00:00+08:00,1650240000,19.2,7.5,5.75,462.7,47.4,4.11,0.198,0.17,3.43,,,Ⅲ
2022-04-18T12:00:00+08:00,1650254400,19.5,7.48,5.6,459.4,51.7,4.18,0.207,0.168,3.33,,,Ⅲ
2022-04-18T16:00:00+08:00,1650268800,20.0,7.5,5.65,459.1,51.3,4.17,0.206,0.165,3.34,,,Ⅲ
2022-04-18T20:00:00+08:00,1650283200,19.7,7.48,5.61,459.8,49.2,4.36,0.21,0.184,3.33,,,Ⅲ
2022-04-19T04:00:00+08:00,1650312000,19.3,7.46,5.47,460.2,55.2,4.21,0.218,0.185,3.3,,,Ⅲ
2022-04-19T08:00:00+08:00,1650326400,19.2,7.47,5.51,463.1,52.3,4.37,0.204,0.194,3.27,,,Ⅲ
2022-04-19T12:00:00+08:00,1650340800,19.9,7.46,5.39,462.9,50.5,4.2,0.2,0.184,3.29,,,Ⅲ
2022-04-19T16:00:00+08:00,1650355200,20.5,7.47,5.5,459.4,45.4,4.11,0.185,0.171,3.34,,,Ⅲ
2022-04-19T20:00:00+08:00,1650369600,20.2,7.46,5.38,464.8,48.9,4.12,0.186,0.17,3.28,,,Ⅲ
2022-04-20T04:00:00+08:00,1650398400,19.8,7.47,5.64,458.5,52.4,4.32,0.166,0.173,3.32,,,Ⅲ
2022-04-20T08:00:00+08:00,1650412800,19.7,7.46,5.39,463.6,51.4,3.97,0.174,0.173,3.34,,,Ⅲ
2022-04-20T12:00:00+08:00,1650427200,20.6,7.47,5.46,461.5,49.6,4.22,0.166,0.171,3.27,,,Ⅲ
2022-04-20T16:00:00+08:00,1650441600,21.0,7.5,6.08,457.7,49.9,4.12,0.146,0.171,3.25,,,Ⅲ
2022-04-20T20:00:00+08:00,1650456000,20.9,7.49,5.76,459.9,45.7,4.13,0.151,0.184,3.31,,,Ⅲ
2022-04-21T04:00:00+08:00,1650484800,20.5,7.53,6.29,457.5,55.5,4.49,0.166,0.179,3.3,,,Ⅲ
2022-04-21T08:00:00+08:00,1650499200,20.7,7.51,5.9,464.5,49.6,4.36,0.139,0.171,3.27,,,Ⅲ
2022-04-21T12:00:00+08:00,1650513600,21.2,7.53,6.16,461.2,48.8,4.41,0.133,0.168,3.31,,,Ⅲ
2022-04-21T16:00:00+08:00,1650528000,21.6,7.56,6.49,460.0,49.8,4.4,0.138,0.172,3.26,,,Ⅲ
2022-04-21T20:00:00+08:00,1650542400,21.4,7.56,6.52,460.2,44.0,4.3,0.126,0.163,3.27,,,Ⅲ
2022-04-22T04:00:00+08:00,1650571200,21.0,7.6,6.98,454.4,54.3,4.37,0.122,0.174,3.25,,,Ⅲ
2022-04-22T08:00:00+08:00,1650585600,21.1,7.58,6.86,459.1,45.5,4.32,0.1,0.164,3.18,,,Ⅲ
2022-04-22T12:00:00+08:00,1650600000,21.8,7.62,6.98,459.4,45.6,4.51,0.092,0.159,3.18,,,Ⅲ
2022-04-22T16:00:00+08:00,1650614400,21.9,7.68,7.1,456.3,57.1,4.6,0.096,0.165,3.14,,,Ⅲ
2022-04-22T20:00:00+08:00,1650628800,22.0,7.76,7.6,454.5,44.2,4.44,0.081,0.161,3.16,,,Ⅲ
2022-04-23T04:00:00+08:00,1650657600,21.7,7.67,7.11,453.1,55.6,4.48,0.107,0.166,3.31,,,Ⅲ
2022-04-23T08:00:00+08:00,1650672000,21.6,7.63,7.05,455.4,48.5,4.34,0.102,0.166,3.22,,,Ⅲ
2022-04-23T12:00:00+08:00,1650686400,21.9,7.66,7.01,464.0,38.1,4.39,0.079,0.155,3.25,,,Ⅲ
2022-04-23T16:00:00+08:00,1650700800,21.8,7.63,6.9,454.9,47.5,4.18,0.103,0.156,3.26,,,Ⅲ
2022-04-23T20:00:00+08:00,1650715200,21.7,7.6,6.71,456.0,49.0,4.24,0.138,0.162,3.25,,,Ⅲ
2022-04-24T00:00:00+08:00,1650729600,21.6,7.58,6.69,448.8,49.2,4.45,0.154,0.166,3.27,,,Ⅲ
2022-04-24T08:00:00+08:00,1650758400,21.3,7.54,6.23,450.4,48.2,4.35,0.176,0.174,3.22,,,Ⅲ
2022-04-24T12:00:00+08:00,1650772800,21.8,7.56,6.42,452.9,48.4,4.15,0.155,0.166,3.18,,,Ⅲ
2022-04-24T16:00:00+08:00,1650787200,22.1,7.59,6.54,448.8,52.4,4.32,0.163,0.171,3.16,,,Ⅲ
2022-04-25T04:00:00+08:00,1650830400,21.7,7.58,6.56,452.1,53.0,4.28,0.148,0.168,3.07,,,Ⅲ
2022-04-25T08:00:00+08:00,1650844800,21.7,7.57,6.53,455.5,53.3,4.49,0.154,0.178,,,,Ⅲ
2022-04-25T12:00:00+08:00,1650859200,22.3,7.57,6.46,459.6,57.1,4.39,0.155,0.178,3.23,,,Ⅲ
2022-04-25T16:00:00+08:00,1650873600,22.7,7.58,6.52,452.8,49.1,4.53,0.135,0.172,3.08,,,Ⅲ
2022-04-25T20:00:00+08:00,1650888000,22.5,7.56,6.26,454.0,52.6,4.49,0.149,0.168,3.18,,,Ⅲ
2022-04-26T00:00:00+08:00,1650902400,22.5,7.57,6.34,452.7,44.9,4.36,0.131,0.158,3.08,,,Ⅲ
2022-04-26T04:00:00+08:00,1650916800,22.5,7.56,6.27,449.0,50.3,4.27,0.138,0.161,3.04,,,Ⅲ
2022-04-26T08:00:00+08:00,1650931200,22.5,7.54,6.13,446.8,53.8,4.34,0.137,0.168,2.95,,,Ⅲ
2022-04-26T12:00:00+08:00,1650945600,22.6,7.56,6.26,444.8,57.0,4.21,0.145,0.169,3.01,,,Ⅲ
2022-04-26T16:00:00+08:00,1650960000,22.7,7.53,5.92,457.2,48.3,4.08,0.14,0.161,2.98,,,Ⅲ
2022-04-26T20:00:00+08:00,1650974400,22.5,7.52,5.86,447.6,61.3,4.28,0.176,0.17,3.02,,,Ⅲ
2022-04-27T00:00:00+08:00,1650988800,22.3,7.48,5.63,443.2,56.0,4.17,0.214,0.174,3.0,,,Ⅲ
2022-04-27T04:00:00+08:00,1651003200,22.2,7.47,5.39,449.5,51.4,4.21,0.201,0.178,2.91,,,Ⅲ
2022-04-27T08:00:00+08:00,1651017600,22.1,7.46,5.41,441.6,62.0,4.31,0.221,0.192,2.87,,,Ⅲ
2022-04-27T12:00:00+08:00,1651032000,22.6,7.49,5.61,441.2,56.5,4.17,0.193,0.186,2.92,,,Ⅲ
2022-04-27T16:00:00+08:00,1651046400,23.1,7.48,5.45,447.9,54.5,4.3,0.2,0.209,2.87,,,Ⅳ
2022-04-27T20:00:00+08:00,1651060800,22.7,7.46,5.26,444.5,56.4,4.26,0.207,0.197,2.82,,,Ⅲ
2022-04-28T00:00:00+08:00,1651075200,22.3,7.45,6.64,443.1,55.3,4.42,0.188,0.186,2.88,,,Ⅲ
2022-04-28T04:00:00+08:00,1651089600,22.2,7.45,5.15,450.2,53.9,4.46,0.195,0.18,2.89,,,Ⅲ
2022-04-28T08:00:00+08:00,1651104000,22.0,7.44,5.11,445.8,53.0,4.35,0.197,0.174,2.92,,,Ⅲ
2022-04-28T12:00:00+08:00,1651118400,22.2,7.43,5.26,444.6,58.0,4.34,0.188,0.182,2.84,,,Ⅲ
2022-04-28T16:00:00+08:00,1651132800,22.6,7.46,5.18,449.0,55.7,4.56,0.185,0.176,2.85,,,Ⅲ
2022-04-28T20:00:00+08:00,1651147200,22.3,7.43,4.91,447.8,53.0,4.39,0.195,0.186,2.86,,,Ⅳ
2022-04-29T00:00:00+08:00,1651161600,22.0,7.42,4.97,443.7,54.2,4.64,0.201,0.19,2.72,,,Ⅳ
2022-04-29T04:00:00+08:00,1651176000,21.6,7.45,5.54,444.7,70.4,4.54,0.199,0.205,2.62,,,Ⅳ
2022-04-29T08:00:00+08:00,1651190400,21.6,7.44,5.07,444.5,54.6,4.51,0.202,0.187,2.76,,,Ⅲ
2022-04-29T12:00:00+08:00,1651204800,21.2,7.42,5.2,438.2,58.2,4.74,0.201,0.189,2.65,,,Ⅲ
2022-04-29T16:00:00+08:00,1651219200,21.1,7.46,5.62,442.0,65.3,4.48,0.184,0.186,2.76,,,Ⅲ
2022-04-29T20:00:00+08:00,1651233600,21.1,7.44,5.83,445.7,60.7,4.49,0.194,0.186,2.72,,,Ⅲ
2022-04-30T00:00:00+08:00,1651248000,21.0,7.42,5.22,443.5,62.6,4.56,0.214,0.203,2.69,,,Ⅳ
2022-04-30T04:00:00+08:00,1651262400,20.9,7.44,5.14,446.0,73.7,4.78,0.204,0.213,2.6,,,Ⅳ
2022-04-30T08:00:00+08:00,1651276800,21.0,7.44,5.41,445.3,57.9,4.7,0.194,0.196,2.67,,,Ⅲ
2022-04-30T12:00:00+08:00,1651291200,21.0,7.44,4.97,443.3,59.6,4.49,0.206,0.186,2.68,,,Ⅳ
2022-04-30T16:00:00+08:00,1651305600,21.0,7.46,5.08,445.1,58.7,4.48,0.195,0.196,2.63,,,Ⅲ
2022-04-30T20:00:00+08:00,1651320000,20.8,7.44,4.83,444.6,55.1,4.44,0.201,0.198,2.68,,,Ⅳ
2022-05-01T00:00:00+08:00,1651334400,20.5,7.45,5.04,448.6,65.3,4.42,0.236,0.207,2.69,,,Ⅳ
2022-05-01T04:00:00+08:00,1651348800,20.1,7.45,5.09,448.6,74.8,4.58,0.225,0.218,2.65,,,Ⅳ
2022-05-01T08:00:00+08:00,1651363200,20.3,7.45,4.99,447.8,55.3,4.64,0.203,0.202,2.66,,,Ⅳ
2022-05-01T12:00:00+08:00,1651377600,20.8,7.47,5.08,449.5,64.0,4.56,0.233,0.2,2.61,,,Ⅲ
2022-05-01T16:00:00+08:00,1651392000,21.0,7.47,4.98,449.7,57.5,4.42,0.24,0.189,2.81,,,Ⅳ
2022-05-01T20:00:00+08:00,1651406400,20.9,7.47,5.01,448.9,53.9,4.28,0.201,0.182,2.78,,,Ⅲ
2022-05-02T00:00:00+08:00,1651420800,20.7,7.46,5.02,448.2,58.8,4.13,0.272,0.196,2.9,,,Ⅲ
2022-05-02T04:00:00+08:00,1651435200,20.4,7.45,4.68,447.7,63.4,4.24,0.284,0.196,2.83,,,Ⅳ
2022-05-02T08:00:00+08:00,1651449600,20.4,7.48,5.17,454.7,53.7,4.3,0.194,0.182,2.76,,,Ⅲ
2022-05-02T12:00:00+08:00,1651464000,21.0,7.46,4.98,447.5,62.1,4.44,0.262,0.189,2.65,,,Ⅳ
2022-05-02T16:00:00+08:00,1651478400,21.5,7.47,4.7,446.5,55.4,4.25,0.282,0.188,2.8,,,Ⅳ
2022-05-02T20:00:00+08:00,1651492800,21.2,7.47,4.71,448.9,50.3,4.2,0.247,0.182,2.82,,,Ⅳ
2022-05-03T00:00:00+08:00,1651507200,21.1,7.45,4.53,447.0,57.3,4.22,0.282,0.189,2.8,,,Ⅳ
2022-05-03T04:00:00+08:00,1651521600,21.0,7.44,5.26,447.0,58.5,4.32,0.283,0.19,2.82,,,Ⅲ
2022-05-03T08:00:00+08:00,1651536000,21.0,7.49,4.92,453.9,54.3,4.28,0.21,0.185,2.79,,,Ⅳ
2022-05-03T12:00:00+08:00,1651550400,21.8,7.46,4.78,451.3,56.1,4.34,0.238,0.198,2.68,,,Ⅳ
2022-05-05T04:00:00+08:00,1651694400,22.1,7.49,4.75,451.6,47.7,4.17,0.268,0.212,2.7,,,Ⅳ
2022-05-05T08:00:00+08:00,1651708800,22.4,7.5,4.76,459.2,47.9,4.26,0.218,0.187,2.68,,,Ⅳ
2022-05-05T12:00:00+08:00,1651723200,23.2,7.52,4.77,457.6,46.4,4.15,0.21,0.181,2.69,,,Ⅳ
2022-05-05T16:00:00+08:00,1651737600,23.7,7.52,5.08,453.8,48.8,4.26,0.201,0.18,2.76,,,Ⅲ
2022-05-05T20:00:00+08:00,1651752000,23.4,7.5,4.92,455.7,42.8,3.98,0.194,0.174,2.77,,,Ⅳ
2022-05-06T00:00:00+08:00,1651766400,23.2,7.49,5.0,455.3,47.0,4.07,0.19,0.17,2.7,,,Ⅲ
2022-05-06T04:00:00+08:00,1651780800,22.8,7.49,5.2,453.1,49.8,4.34,0.184,0.178,2.69,,,Ⅲ
2022-05-06T08:00:00+08:00,1651795200,23.1,7.48,4.87,461.6,47.7,4.41,0.177,0.187,2.57,,,Ⅳ
2022-05-06T12:00:00+08:00,1651809600,24.0,7.5,5.04,459.8,46.8,4.24,0.163,0.18,2.53,,,Ⅲ
2022-05-06T16:00:00+08:00,1651824000,24.5,7.51,5.18,455.9,53.3,4.31,0.164,0.193,2.54,,,Ⅲ
2022-05-06T20:00:00+08:00,1651838400,24.3,7.51,5.12,456.5,46.4,4.34,0.152,0.181,2.57,,,Ⅲ
2022-05-07T00:00:00+08:00,1651852800,24.3,7.53,5.23,456.9,46.5,4.37,0.14,0.182,2.57,,,Ⅲ
2022-05-07T04:00:00+08:00,1651867200,23.8,7.52,5.36,455.4,54.5,4.34,0.161,0.194,2.58,,,Ⅲ
2022-05-07T08:00:00+08:00,1651881600,24.2,7.51,5.08,464.4,49.2,4.51,0.146,0.192,2.51,,,Ⅲ
2022-05-07T12:00:00+08:00,1651896000,24.6,7.52,5.58,464.7,44.5,4.24,0.134,0.185,2.46,,,Ⅲ
2022-05-07T16:00:00+08:00,1651910400,24.6,7.52,5.36,458.3,53.9,4.53,0.15,0.193,2.51,,,Ⅲ
2022-05-07T20:00:00+08:00,1651924800,24.6,7.52,5.29,460.4,47.8,4.34,0.146,0.19,2.53,,,Ⅲ
2022-05-08T00:00:00+08:00,1651939200,24.5,7.51,5.14,461.0,46.5,4.44,0.143,0.184,2.45,,,Ⅲ
2022-05-08T04:00:00+08:00,1651953600,24.1,7.53,5.59,458.1,52.1,4.45,0.149,0.187,2.48,,,Ⅲ
2022-05-08T08:00:00+08:00,1651968000,24.3,7.52,5.35,464.1,48.5,4.62,0.137,0.192,2.36,,,Ⅲ
2022-05-08T12:00:00+08:00,1651982400,24.6,7.53,5.27,468.1,46.4,4.41,0.135,0.185,2.42,,,Ⅲ
2022-05-08T16:00:00+08:00,1651996800,24.8,7.56,5.52,459.0,54.9,4.41,0.142,0.193,2.43,,,Ⅲ
2022-05-08T20:00:00+08:00,1652011200,24.7,7.59,5.76,459.8,51.2,4.48,0.132,0.194,2.38,,,Ⅲ
2022-05-09T00:00:00+08:00,1652025600,24.6,7.59,5.88,460.1,47.7,4.35,0.126,0.185,2.43,,,Ⅲ
2022-05-09T04:00:00+08:00,1652040000,24.1,7.56,5.78,461.0,59.0,4.79,0.138,0.201,2.32,,,Ⅳ
2022-05-09T08:00:00+08:00,1652054400,23.9,7.55,5.6,462.4,54.2,4.73,0.14,0.2,2.31,,,Ⅳ
2022-05-09T12:00:00+08:00,1652068800,24.4,7.54,5.48,472.1,48.5,4.42,0.112,0.173,2.36,,,Ⅲ
2022-05-09T16:00:00+08:00,1652083200,24.2,7.56,5.53,464.0,54.8,4.32,0.116,0.165,2.37,,,Ⅲ
2022-05-09T20:00:00+08:00,1652097600,23.8,7.53,5.48,464.5,57.6,4.54,0.122,0.172,2.34,,,Ⅲ
2022-05-10T00:00:00+08:00,1652112000,23.4,7.55,5.47,462.1,51.4,4.45,0.123,0.165,2.42,,,Ⅲ
2022-05-10T04:00:00+08:00,1652126400,23.1,7.53,5.34,464.3,58.3,4.45,0.133,0.168,2.41,,,Ⅲ
2022-05-10T08:00:00+08:00,1652140800,22.9,7.54,5.29,466.3,54.0,4.46,0.139,0.169,2.48,,,Ⅲ
2022-05-10T12:00:00+08:00,1652155200,23.1,7.54,5.33,469.0,54.9,4.35,0.138,0.168,2.47,,,Ⅲ
2022-05-11T04:00:00+08:00,1652212800,22.5,7.54,4.9,467.1,58.1,4.56,0.157,0.173,2.42,,,Ⅳ
2022-05-11T08:00:00+08:00,1652227200,22.3,7.55,4.98,464.5,66.6,4.65,0.166,0.177,2.48,,,Ⅳ
2022-05-11T12:00:00+08:00,1652241600,22.4,7.56,4.9,465.6,61.4,4.72,0.158,,,,,
2022-05-11T16:00:00+08:00,1652256000,22.5,7.6,6.16,472.4,51.4,4.41,0.162,0.168,2.39,,,Ⅲ
2022-05-11T20:00:00+08:00,1652270400,22.3,7.61,5.15,468.5,58.2,4.41,0.166,0.169,2.45,,,Ⅲ
2022-05-12T00:00:00+08:00,1652284800,22.1,7.59,5.0,468.4,62.8,4.59,0.182,0.194,2.2,,,Ⅲ
2022-05-12T04:00:00+08:00,1652299200,22.1,7.58,4.7,474.4,49.7,4.3,0.167,0.179,2.36,,,Ⅳ
2022-05-12T08:00:00+08:00,1652313600,22.1,7.6,4.84,466.7,61.1,4.3,0.17,0.178,2.25,,,Ⅳ
2022-05-12T12:00:00+08:00,1652328000,22.1,7.58,4.82,469.0,54.3,4.39,0.166,0.187,2.28,,,Ⅳ
2022-05-16T04:00:00+08:00,1652644800,21.3,7.42,4.59,470.7,52.9,4.27,0.138,0.172,2.32,,,Ⅳ
2022-05-16T12:00:00+08:00,1652673600,22.1,7.44,5.35,466.7,49.7,4.16,0.142,0.166,2.39,,,Ⅲ
2022-05-16T16:00:00+08:00,1652688000,22.7,7.44,5.32,467.0,52.8,4.0,0.14,0.168,2.34,,,Ⅲ
2022-05-17T04:00:00+08:00,1652731200,21.9,7.43,5.31,471.7,54.9,4.35,0.162,0.168,2.36,,,Ⅲ
2022-05-17T08:00:00+08:00,1652745600,22.0,7.46,5.48,477.4,42.3,4.11,0.119,0.158,2.35,,,Ⅲ
2022-05-17T12:00:00+08:00,1652760000,22.7,7.45,5.33,472.3,48.1,4.14,0.148,0.158,2.37,,,Ⅲ
2022-05-17T16:00:00+08:00,1652774400,23.3,7.45,5.2,470.4,41.8,4.08,0.149,0.155,2.48,,,Ⅲ
2022-05-17T20:00:00+08:00,1652788800,22.9,7.45,5.22,473.4,38.3,3.94,0.142,0.152,2.39,,,Ⅲ
2022-05-18T00:00:00+08:00,1652803200,22.7,7.44,5.2,471.0,47.0,3.96,0.164,0.157,2.45,,,Ⅲ
2022-05-18T04:00:00+08:00,1652817600,22.4,7.44,5.15,470.8,50.8,4.06,0.163,0.162,2.38,,,Ⅲ
2022-05-18T08:00:00+08:00,1652832000,22.6,7.48,5.5,482.2,43.2,4.0,0.124,0.155,2.38,,,Ⅲ
2022-05-18T12:00:00+08:00,1652846400,23.1,7.48,5.67,477.2,45.8,4.09,0.128,0.154,2.37,,,Ⅲ
2022-05-18T16:00:00+08:00,1652860800,23.2,7.48,5.56,470.9,43.2,4.11,0.142,0.156,2.41,,,Ⅲ
2022-05-18T20:00:00+08:00,1652875200,23.1,7.47,5.48,475.9,38.8,3.89,0.128,0.151,,,,Ⅲ
2022-05-19T00:00:00+08:00,1652889600,22.8,7.47,5.49,471.8,46.1,4.15,0.138,0.165,2.35,,,Ⅲ
2022-05-19T04:00:00+08:00,1652904000,22.4,7.47,5.62,471.9,47.3,4.19,0.14,0.165,2.29,,,Ⅲ
2022-05-19T08:00:00+08:00,1652918400,22.5,7.49,5.63,482.4,55.0,4.21,0.132,0.175,2.2,,,Ⅲ
2022-05-19T12:00:00+08:00,1652932800,22.8,7.52,6.03,483.4,44.0,4.21,0.117,0.167,2.19,,,Ⅲ
2022-05-19T16:00:00+08:00,1652947200,22.7,7.5,5.9,474.5,49.6,4.06,0.126,0.166,2.21,,,Ⅲ
2022-05-19T20:00:00+08:00,1652961600,22.7,7.51,5.87,482.0,45.7,4.06,0.115,0.161,2.24,,,Ⅲ
2022-05-20T00:00:00+08:00,1652976000,22.5,7.49,5.74,474.4,48.7,4.09,0.123,0.167,2.18,,,Ⅲ
2022-05-20T04:00:00+08:00,1652990400,22.3,7.49,5.76,474.7,51.2,3.94,0.114,0.169,2.31,,,Ⅲ
2022-05-20T08:00:00+08:00,1653004800,22.3,7.51,5.8,485.0,58.8,4.31,0.113,0.173,2.21,,,Ⅲ
2022-05-20T12:00:00+08:00,1653019200,22.4,7.49,5.84,486.0,43.1,4.15,0.104,0.16,2.23,,,Ⅲ
2022-05-20T16:00:00+08:00,1653033600,22.3,7.48,5.68,475.8,49.6,4.15,0.108,0.156,2.28,,,Ⅲ
2022-05-20T20:00:00+08:00,1653048000,22.2,7.49,5.5,476.4,42.0,3.89,0.1,0.149,2.28,,,Ⅲ
2022-05-21T00:00:00+08:00,1653062400,22.1,7.49,5.69,475.0,41.4,3.98,0.096,0.145,2.3,,,Ⅲ
2022-05-21T04:00:00+08:00,1653076800,21.9,7.48,5.68,474.6,48.1,4.04,0.104,0.155,2.29,,,Ⅲ
2022-05-21T08:00:00+08:00,1653091200,22.1,7.49,5.7,483.3,53.9,3.99,0.098,0.156,2.25,,,Ⅲ
2022-05-21T12:00:00+08:00,1653105600,22.6,7.49,5.63,482.5,41.7,4.24,0.104,0.146,2.25,,,Ⅲ
2022-05-21T16:00:00+08:00,1653120000,23.1,7.5,5.64,479.2,49.4,3.89,0.094,0.152,2.24,,,Ⅲ
2022-05-21T20:00:00+08:00,1653134400,23.0,7.49,5.6,476.1,42.2,4.11,0.092,0.145,2.29,,,Ⅲ
2022-05-22T00:00:00+08:00,1653148800,22.9,7.48,5.59,476.0,43.5,4.01,0.093,0.15,2.25,,,Ⅲ
2022-05-22T04:00:00+08:00,1653163200,22.8,7.49,5.74,475.0,51.8,4.0,0.097,0.154,2.3,,,Ⅲ
2022-05-22T08:00:00+08:00,1653177600,23.0,7.49,5.54,479.6,44.2,4.01,0.09,0.149,2.24,,,Ⅲ
2022-05-22T12:00:00+08:00,1653192000,23.9,7.52,5.75,486.6,37.3,4.02,0.083,0.145,2.24,,,Ⅲ
2022-05-22T16:00:00+08:00,1653206400,24.1,7.53,5.82,477.8,44.1,4.02,0.085,0.144,2.32,,,Ⅲ
2022-05-22T20:00:00+08:00,1653220800,24.2,7.52,5.88,478.0,39.7,4.05,0.081,0.14,2.3,,,Ⅲ
2022-05-23T00:00:00+08:00,1653235200,23.9,7.52,5.79,478.3,38.7,3.75,0.078,0.14,2.29,,,Ⅲ
2022-05-23T04:00:00+08:00,1653249600,23.6,7.53,5.96,479.2,51.6,4.21,0.082,0.144,2.17,,,Ⅲ
2022-05-23T08:00:00+08:00,1653264000,23.4,7.54,5.97,476.1,44.4,4.02,0.078,0.142,2.24,,,Ⅲ
2022-05-23T12:00:00+08:00,1653278400,24.2,7.57,6.13,491.5,36.8,3.9,0.078,0.14,2.24,,,Ⅲ
2022-05-24T04:00:00+08:00,1653336000,23.3,7.56,6.27,481.5,47.6,3.86,0.077,0.144,2.22,,,Ⅲ
2022-05-24T08:00:00+08:00,1653350400,23.0,7.56,6.26,479.6,49.0,4.1,0.08,0.144,2.18,,,Ⅲ
2022-05-24T12:00:00+08:00,1653364800,23.2,7.55,5.97,488.8,45.3,3.91,0.083,0.144,2.23,,,Ⅲ
2022-05-24T16:00:00+08:00,1653379200,23.2,7.54,5.94,489.5,45.6,4.19,0.082,0.145,2.13,,,Ⅲ
2022-05-24T20:00:00+08:00,1653393600,22.9,7.54,6.0,481.2,54.4,4.14,0.091,0.145,2.14,,,Ⅲ
2022-05-25T00:00:00+08:00,1653408000,22.7,7.53,5.92,482.5,48.4,3.98,0.09,0.146,2.22,,,Ⅲ
2022-05-25T04:00:00+08:00,1653422400,22.7,7.52,5.76,485.2,48.3,4.05,0.092,0.145,2.18,,,Ⅲ
2022-05-25T08:00:00+08:00,1653436800,22.6,7.51,5.64,484.2,55.7,3.96,0.103,0.153,2.12,,,Ⅲ
2022-05-25T12:00:00+08:00,1653451200,23.0,7.53,5.72,486.0,49.0,3.88,0.096,0.148,2.13,,,Ⅲ
2022-05-25T16:00:00+08:00,1653465600,23.4,7.52,5.48,490.4,47.4,3.86,0.097,0.148,2.06,,,Ⅲ
2022-05-25T20:00:00+08:00,1653480000,23.1,7.52,5.57,483.5,53.9,3.86,0.098,0.19,2.16,,,Ⅲ
2022-05-26T00:00:00+08:00,1653494400,23.0,7.5,5.43,485.2,50.2,3.94,0.098,0.2,2.14,,,Ⅲ
2022-05-26T04:00:00+08:00,1653508800,22.9,7.5,5.38,493.8,41.8,3.76,0.094,0.193,2.18,,,Ⅲ
2022-05-26T08:00:00+08:00,1653523200,22.9,7.5,5.35,485.3,50.5,3.86,0.1,,2.08,,,
2022-05-26T12:00:00+08:00,1653537600,23.1,7.51,4.94,488.7,43.1,4.0,0.098,0.156,2.05,,,Ⅳ
2022-05-26T16:00:00+08:00,1653552000,23.4,7.53,6.07,492.8,37.5,4.05,0.092,0.147,1.96,,,Ⅲ
2022-05-26T20:00:00+08:00,1653566400,23.1,7.5,5.22,488.4,43.6,3.94,0.103,0.157,2.09,,,Ⅲ
2022-05-27T00:00:00+08:00,1653580800,22.9,7.49,4.79,486.6,46.5,4.14,0.098,0.158,2.12,,,Ⅳ
2022-05-27T04:00:00+08:00,1653595200,22.9,7.51,5.1,500.7,44.0,4.16,0.094,0.149,2.09,,,Ⅲ
2022-05-27T12:00:00+08:00,1653624000,24.0,7.5,4.62,489.1,38.0,4.02,0.083,0.144,2.15,,,Ⅳ
2022-05-27T16:00:00+08:00,1653638400,24.0,7.51,4.62,494.1,42.1,3.96,0.088,0.147,2.12,,,Ⅳ
2022-05-27T20:00:00+08:00,1653652800,23.8,7.49,4.43,490.2,42.7,4.01,0.085,0.146,2.17,,,Ⅳ
2022-05-28T00:00:00+08:00,1653667200,23.7,7.49,4.5,490.4,42.1,4.06,0.085,0.151,2.04,,,Ⅳ
2022-05-28T04:00:00+08:00,1653681600,23.7,7.5,4.44,503.5,49.3,4.2,0.092,0.154,2.0,,,Ⅳ
2022-05-28T08:00:00+08:00,1653696000,23.7,7.49,4.34,502.0,43.8,4.01,0.095,0.148,2.09,,,Ⅳ
2022-05-28T12:00:00+08:00,1653710400,23.9,7.5,4.55,491.7,42.0,4.0,0.081,0.148,2.1,,,Ⅳ
2022-05-28T16:00:00+08:00,1653724800,23.7,7.53,4.76,496.9,39.3,4.04,0.083,0.144,2.12,,,Ⅳ
2022-05-28T20:00:00+08:00,1653739200,23.6,7.5,4.49,491.9,43.6,3.89,0.08,0.146,2.14,,,Ⅳ
2022-05-29T00:00:00+08:00,1653753600,23.5,7.5,4.54,488.2,47.6,4.12,0.085,0.152,2.12,,,Ⅳ
2022-05-29T04:00:00+08:00,1653768000,23.4,7.5,4.5,498.6,57.9,4.15,0.096,0.159,1.98,,,Ⅳ
2022-05-29T08:00:00+08:00,1653782400,23.3,7.53,4.84,491.3,44.8,4.16,0.084,0.149,2.05,,,Ⅳ
2022-05-29T12:00:00+08:00,1653796800,23.3,7.51,4.92,472.9,50.7,4.06,0.154,0.157,2.25,,,Ⅳ
2022-05-29T16:00:00+08:00,1653811200,23.4,7.52,4.99,471.3,44.1,3.94,0.146,0.156,2.22,,,Ⅳ
2022-05-29T20:00:00+08:00,1653825600,23.2,7.49,5.03,461.2,49.4,4.45,0.149,0.177,2.27,,,Ⅲ
2022-05-30T00:00:00+08:00,1653840000,23.2,7.49,4.88,465.3,49.4,4.24,0.097,0.166,2.28,,,Ⅳ
2022-05-30T04:00:00+08:00,1653854400,23.1,7.46,4.71,468.1,56.9,4.54,0.162,0.19,2.29,,,Ⅳ
2022-05-30T08:00:00+08:00,1653868800,23.3,7.46,4.67,468.9,46.5,4.39,0.137,0.183,2.3,,,Ⅳ
2022-05-30T12:00:00+08:00,1653883200,23.9,7.47,4.57,467.1,44.3,4.22,0.103,0.175,2.19,,,Ⅳ
2022-05-30T16:00:00+08:00,1653897600,24.0,7.47,4.61,467.4,41.7,4.46,0.093,0.166,2.27,,,Ⅳ
2022-05-30T20:00:00+08:00,1653912000,24.0,7.45,4.38,467.2,41.0,4.41,0.094,0.166,2.32,,,Ⅳ
2022-05-31T04:00:00+08:00,1653940800,23.6,7.42,4.03,466.0,59.7,4.51,0.107,0.181,2.26,,,Ⅳ
2022-05-31T08:00:00+08:00,1653955200,23.7,7.43,4.24,467.3,41.3,4.39,0.092,0.17,2.3,,,Ⅳ
2022-05-31T12:00:00+08:00,1653969600,24.1,7.43,4.18,466.7,45.9,4.45,0.095,0.172,2.29,,,Ⅳ
2022-05-31T16:00:00+08:00,1653984000,24.6,7.47,4.54,465.2,41.2,4.36,0.091,0.171,2.35,,,Ⅳ
2022-05-31T20:00:00+08:00,1653998400,24.3,7.43,4.17,464.9,40.3,4.36,0.097,0.169,2.37,,,Ⅳ
2022-06-01T04:00:00+08:00,1654027200,24.2,7.44,4.15,466.4,50.3,4.49,0.09,0.184,2.29,,,Ⅳ
2022-06-01T08:00:00+08:00,1654041600,24.2,7.42,4.05,469.3,40.1,4.56,0.118,0.188,2.36,,,Ⅳ
2022-06-01T12:00:00+08:00,1654056000,21.8,7.44,8.66,466.7,42.7,4.49,0.096,0.189,2.24,,,Ⅲ
2022-06-01T16:00:00+08:00,1654070400,24.9,7.44,4.92,466.6,38.3,4.15,0.104,0.18,2.37,,,Ⅳ
2022-06-01T20:00:00+08:00,1654084800,24.8,7.42,4.65,466.7,35.9,4.49,0.1,0.18,2.38,,,Ⅳ
2022-06-02T04:00:00+08:00,1654113600,24.6,7.41,4.36,467.7,47.0,4.45,0.099,0.187,2.29,,,Ⅳ
2022-06-02T08:00:00+08:00,1654128000,24.7,7.43,4.34,469.7,41.0,4.64,0.101,0.186,2.35,,,Ⅳ
2022-06-02T12:00:00+08:00,1654142400,25.4,7.43,4.4,470.9,40.1,4.52,0.093,0.18,2.32,,,Ⅳ
2022-06-02T16:00:00+08:00,1654156800,25.8,7.44,4.54,468.5,38.1,4.5,0.094,0.179,2.32,,,Ⅳ
2022-06-02T20:00:00+08:00,1654171200,25.6,7.43,4.35,471.0,37.3,4.52,0.086,0.18,2.33,,,Ⅳ
2022-06-03T00:00:00+08:00,1654185600,25.4,7.42,4.32,469.0,42.1,4.75,0.098,0.188,2.26,,,Ⅳ
2022-06-03T04:00:00+08:00,1654200000,25.3,7.42,4.38,469.8,40.4,4.64,0.096,0.181,2.27,,,Ⅳ
2022-06-03T08:00:00+08:00,1654214400,25.3,7.41,4.33,474.0,51.4,4.84,0.085,0.191,2.28,,,Ⅳ
2022-06-03T12:00:00+08:00,1654228800,25.6,7.43,4.46,474.1,38.1,4.62,0.076,0.172,2.35,,,Ⅳ
2022-06-03T16:00:00+08:00,1654243200,25.7,7.43,4.5,470.7,38.9,4.46,0.083,0.172,2.35,,,Ⅳ
2022-06-03T20:00:00+08:00,1654257600,25.7,7.44,4.53,473.5,36.8,4.32,0.072,0.17,2.36,,,Ⅳ
2022-06-04T00:00:00+08:00,1654272000,25.5,7.42,4.41,471.2,39.1,4.44,0.086,0.174,2.34,,,Ⅳ
2022-06-04T04:00:00+08:00,1654286400,25.3,7.43,4.56,473.3,39.0,4.37,0.087,0.181,2.23,,,Ⅳ
2022-06-04T08:00:00+08:00,1654300800,25.4,7.41,4.32,476.4,47.4,4.64,0.086,0.179,2.35,,,Ⅳ
2022-06-04T12:00:00+08:00,1654315200,26.0,7.42,4.34,476.1,41.6,4.46,0.081,0.175,2.32,,,Ⅳ
2022-06-04T16:00:00+08:00,1654329600,26.3,7.4,4.4,473.9,39.7,4.34,0.082,0.174,2.29,,,Ⅳ
2022-06-04T20:00:00+08:00,1654344000,26.2,7.42,4.28,474.5,36.0,4.55,0.08,0.177,2.18,,,Ⅳ
2022-06-05T00:00:00+08:00,1654358400,26.2,7.4,4.28,474.4,39.2,4.61,0.085,0.178,2.23,,,Ⅳ
2022-06-05T04:00:00+08:00,1654372800,26.2,7.41,4.46,482.6,41.3,4.44,0.084,0.184,2.19,,,Ⅳ
2022-06-05T08:00:00+08:00,1654387200,26.1,7.41,4.21,475.5,52.7,4.71,0.095,0.198,2.14,,,Ⅳ
2022-06-05T12:00:00+08:00,1654401600,26.1,7.4,4.29,468.8,34.5,4.7,0.103,0.188,2.38,,,Ⅳ
2022-06-05T16:00:00+08:00,1654416000,26.0,7.4,4.58,462.1,40.9,4.76,0.108,0.188,2.28,,,Ⅳ
2022-06-05T20:00:00+08:00,1654430400,25.8,7.37,4.69,448.5,46.3,5.28,0.143,0.205,2.26,,,Ⅳ
2022-06-06T00:00:00+08:00,1654444800,25.7,7.37,4.66,447.3,46.2,5.07,0.16,0.212,2.25,,,Ⅳ
2022-06-06T04:00:00+08:00,1654459200,25.6,7.34,4.08,462.8,41.5,4.91,0.176,0.212,2.37,,,Ⅳ
2022-06-06T08:00:00+08:00,1654473600,25.5,7.32,4.2,447.4,49.8,5.64,0.151,0.221,2.32,,,Ⅳ
2022-06-06T12:00:00+08:00,1654488000,26.1,7.31,4.16,445.6,48.8,5.58,0.159,0.227,2.36,,,Ⅳ
2022-06-06T16:00:00+08:00,1654502400,26.8,7.32,3.86,463.6,43.0,4.86,0.161,0.206,2.51,,,Ⅳ
2022-06-06T20:00:00+08:00,1654516800,26.8,7.35,4.1,474.2,35.7,4.56,0.11,0.191,2.61,,,Ⅳ
2022-06-07T00:00:00+08:00,1654531200,26.7,7.34,3.86,472.1,39.0,4.55,0.122,0.196,2.59,,,Ⅳ
2022-06-07T04:00:00+08:00,1654545600,26.5,7.35,3.75,478.6,45.4,4.39,0.119,0.261,2.49,,,Ⅳ
2022-06-07T08:00:00+08:00,1654560000,26.4,7.34,3.78,478.5,40.5,4.71,0.101,,2.49,,,
2022-06-07T12:00:00+08:00,1654574400,27.0,7.33,3.78,475.1,34.8,4.88,0.096,0.19,2.54,,,Ⅳ
2022-06-07T16:00:00+08:00,1654588800,27.3,7.35,3.77,478.3,37.8,4.59,0.119,0.193,2.48,,,Ⅳ
2022-06-07T20:00:00+08:00,1654603200,27.1,7.34,3.72,473.2,37.7,4.66,0.174,0.201,2.58,,,Ⅳ
2022-06-08T00:00:00+08:00,1654617600,26.9,7.33,3.62,473.4,34.5,4.62,0.16,0.193,,,,Ⅳ
2022-06-08T08:00:00+08:00,1654646400,26.6,7.39,4.07,470.9,38.3,4.49,0.121,0.192,2.54,,,Ⅳ
2022-06-08T12:00:00+08:00,1654660800,27.3,7.33,3.79,472.0,32.8,4.59,0.124,0.198,2.53,,,Ⅳ
2022-06-08T20:00:00+08:00,1654689600,27.3,7.37,3.95,468.7,42.8,4.9,0.13,0.203,2.49,,,Ⅳ
2022-06-09T00:00:00+08:00,1654704000,27.0,7.36,3.96,469.7,35.3,4.76,0.119,0.198,2.51,,,Ⅳ
2022-06-09T04:00:00+08:00,1654718400,26.9,7.36,3.92,467.6,38.0,4.68,0.122,0.196,2.49,,,Ⅳ
2022-06-09T08:00:00+08:00,1654732800,26.6,7.35,3.86,468.6,41.2,5.11,0.123,0.205,2.46,,,Ⅳ
2022-06-09T12:00:00+08:00,1654747200,27.3,7.36,3.98,470.0,37.0,5.12,0.118,0.204,2.46,,,Ⅳ
2022-06-09T16:00:00+08:00,1654761600,27.4,7.39,4.15,468.4,33.7,5.9,0.122,0.205,2.56,,,Ⅳ
2022-06-09T20:00:00+08:00,1654776000,27.1,7.39,4.13,469.7,48.4,5.3,0.123,0.204,2.43,,,Ⅳ
2022-06-10T04:00:00+08:00,1654804800,26.8,7.37,3.87,471.8,35.7,5.17,0.115,0.2,2.49,,,Ⅳ
2022-06-10T08:00:00+08:00,1654819200,26.4,7.39,3.98,471.2,40.9,4.92,0.117,0.199,2.46,,,Ⅳ
2022-06-10T12:00:00+08:00,1654833600,26.4,7.39,4.01,472.4,41.2,5.26,0.117,0.206,2.36,,,Ⅳ
2022-06-10T16:00:00+08:00,1654848000,26.3,7.38,3.99,473.0,35.0,5.26,0.11,0.205,2.49,,,Ⅳ
2022-06-10T20:00:00+08:00,1654862400,26.0,7.39,4.12,472.1,42.9,5.23,0.108,0.191,2.52,,,Ⅳ
2022-06-11T04:00:00+08:00,1654891200,25.7,7.38,3.87,471.9,35.9,5.25,0.106,0.199,2.51,,,Ⅳ
2022-06-11T08:00:00+08:00,1654905600,25.6,7.37,3.82,473.6,39.8,5.36,0.105,0.194,2.47,,,Ⅳ
2022-06-11T12:00:00+08:00,1654920000,26.1,7.39,4.04,474.8,44.0,5.09,0.106,,2.46,,,
2022-06-11T16:00:00+08:00,1654934400,26.1,7.39,3.99,472.1,36.3,5.36,0.105,0.194,2.49,,,Ⅳ
2022-06-11T20:00:00+08:00,1654948800,25.9,7.38,3.79,474.6,38.9,5.25,0.106,0.196,,,,Ⅳ
2022-06-12T04:00:00+08:00,1654977600,25.6,7.38,3.72,469.7,45.5,5.57,0.151,0.219,2.45,,,Ⅳ
2022-06-12T08:00:00+08:00,1654992000,25.4,7.36,3.57,473.0,43.0,5.44,0.13,0.2,2.52,,,Ⅳ
2022-06-12T12:00:00+08:00,1655006400,25.3,7.37,3.7,475.0,50.9,5.5,0.113,0.2,2.36,,,Ⅳ
2022-06-12T16:00:00+08:00,1655020800,25.3,7.38,3.78,472.4,44.3,5.6,0.129,0.208,2.53,,,Ⅳ
2022-06-12T20:00:00+08:00,1655035200,25.1,7.37,3.68,473.5,43.4,5.42,0.121,0.203,2.38,,,Ⅳ
2022-06-13T04:00:00+08:00,1655064000,24.7,7.36,3.67,468.5,57.0,6.3,0.201,0.232,2.4,,,Ⅳ
2022-06-13T08:00:00+08:00,1655078400,24.7,7.36,3.59,467.5,44.1,5.76,0.174,0.217,2.43,,,Ⅳ
2022-06-13T12:00:00+08:00,1655092800,24.7,7.37,3.6,472.4,46.4,5.41,0.138,0.21,2.3,,,Ⅳ
2022-06-13T16:00:00+08:00,1655107200,24.7,7.36,3.53,468.0,43.7,5.85,0.158,0.211,2.44,,,Ⅳ
2022-06-13T20:00:00+08:00,1655121600,24.6,7.36,3.53,472.7,44.0,5.52,0.134,0.206,2.37,,,Ⅳ
2022-06-14T04:00:00+08:00,1655150400,24.3,7.34,3.23,469.4,55.4,6.14,0.146,0.224,2.35,,,Ⅳ
2022-06-14T08:00:00+08:00,1655164800,24.5,7.33,3.1,462.2,43.2,5.84,0.158,0.219,2.62,,,Ⅳ
2022-06-14T16:00:00+08:00,1655193600,25.5,7.34,3.38,473.3,45.7,5.91,0.15,0.208,2.33,,,Ⅳ
2022-06-14T20:00:00+08:00,1655208000,25.2,7.34,3.2,472.8,38.8,5.65,0.128,0.196,2.53,,,Ⅳ
2022-06-15T04:00:00+08:00,1655236800,24.9,7.34,3.1,473.6,70.0,6.1,0.133,0.218,2.33,,,Ⅳ
2022-06-15T08:00:00+08:00,1655251200,25.3,7.32,2.89,462.1,47.3,5.97,0.086,0.206,2.52,,,Ⅴ
2022-06-15T12:00:00+08:00,1655265600,26.0,7.34,3.22,473.9,47.1,5.96,0.108,0.199,2.41,,,Ⅳ
2022-06-15T16:00:00+08:00,1655280000,26.6,7.33,3.17,476.3,45.4,6.03,0.118,0.211,2.29,,,Ⅳ
2022-06-15T20:00:00+08:00,1655294400,26.4,7.32,2.98,468.8,39.8,6.07,0.101,0.206,2.58,,,Ⅴ
2022-06-16T00:00:00+08:00,1655308800,26.2,7.32,2.93,478.9,59.3,5.9,0.135,0.208,2.2,,,Ⅴ
2022-06-16T08:00:00+08:00,1655337600,26.2,7.3,2.8,459.5,43.3,6.3,0.054,0.207,2.53,,,Ⅴ
2022-06-16T12:00:00+08:00,1655352000,26.7,7.34,2.99,470.0,44.0,6.26,0.075,0.202,2.52,,,Ⅴ
2022-06-16T16:00:00+08:00,1655366400,27.3,7.34,3.22,478.4,42.5,6.1,0.082,0.19,2.42,,,Ⅳ
2022-06-16T20:00:00+08:00,1655380800,27.1,7.33,2.94,472.7,36.7,6.26,0.067,0.2,2.51,,,Ⅴ
2022-06-17T00:00:00+08:00,1655395200,26.9,7.34,3.09,479.6,54.4,5.92,0.087,0.189,2.36,,,Ⅳ
2022-06-17T04:00:00+08:00,1655409600,26.9,7.33,3.17,479.2,46.1,6.01,0.087,0.183,2.37,,,Ⅳ
2022-06-17T08:00:00+08:00,1655424000,26.9,7.32,3.05,463.2,45.0,6.44,0.055,0.203,2.46,,,Ⅳ
2022-06-17T12:00:00+08:00,1655438400,27.4,7.32,2.99,470.7,42.0,6.2,0.059,0.197,2.48,,,Ⅴ
2022-06-17T16:00:00+08:00,1655452800,27.9,7.34,3.27,479.5,39.0,6.12,0.076,0.204,,,,Ⅳ
2022-06-17T20:00:00+08:00,1655467200,27.7,7.34,3.2,474.1,36.3,6.19,0.064,0.211,2.5,,,Ⅳ
2022-06-18T00:00:00+08:00,1655481600,27.5,7.34,3.11,479.8,38.3,5.99,0.067,0.192,2.38,,,Ⅳ
2022-06-18T04:00:00+08:00,1655496000,27.5,7.35,3.43,480.0,53.2,6.14,0.081,0.184,2.24,,,Ⅳ
2022-06-18T08:00:00+08:00,1655510400,27.4,7.34,3.13,471.7,47.3,6.24,0.056,0.218,2.54,,,Ⅳ
2022-06-18T12:00:00+08:00,1655524800,27.8,7.33,3.56,469.4,37.6,6.52,0.062,0.201,2.45,,,Ⅳ
2022-06-18T16:00:00+08:00,1655539200,28.5,7.34,3.49,480.5,44.9,6.54,0.069,0.195,2.31,,,Ⅳ
2022-06-18T20:00:00+08:00,1655553600,28.5,7.36,3.65,476.8,38.5,6.37,0.055,0.203,2.4,,,Ⅳ
2022-06-19T00:00:00+08:00,1655568000,28.3,7.34,3.31,480.2,36.9,6.16,0.062,0.194,2.33,,,Ⅳ
2022-06-19T04:00:00+08:00,1655582400,28.3,7.34,3.59,482.0,50.7,6.21,0.085,0.185,2.18,,,Ⅳ
2022-06-19T08:00:00+08:00,1655596800,28.2,7.34,3.32,476.5,49.0,6.49,0.056,0.201,2.28,,,Ⅳ
2022-06-19T12:00:00+08:00,1655611200,28.5,7.32,3.32,471.6,38.4,6.61,0.056,0.211,,,,Ⅳ
2022-06-19T16:00:00+08:00,1655625600,28.7,7.35,3.45,480.9,40.5,6.55,0.06,0.205,,,,Ⅳ
2022-06-19T20:00:00+08:00,1655640000,28.5,7.35,3.33,479.6,41.7,6.42,0.057,0.205,,,,Ⅳ
2022-06-20T00:00:00+08:00,1655654400,28.4,7.34,3.28,478.0,35.8,6.52,0.054,0.204,2.28,,,Ⅳ
2022-06-20T04:00:00+08:00,1655668800,28.3,7.33,3.3,483.5,44.9,6.52,0.085,0.2,,,,Ⅳ
2022-06-20T08:00:00+08:00,1655683200,28.2,7.34,3.17,482.0,49.2,6.66,0.063,0.219,,,,Ⅳ
2022-06-20T12:00:00+08:00,1655697600,28.6,7.36,3.31,475.4,37.5,6.44,0.054,0.207,2.14,,,Ⅳ
2022-06-20T16:00:00+08:00,1655712000,28.9,7.33,3.21,482.0,38.9,6.65,0.071,0.207,2.06,,,Ⅳ
2022-06-20T20:00:00+08:00,1655726400,28.9,7.33,3.12,484.7,41.0,6.48,0.074,0.207,1.94,,,Ⅳ
2022-06-21T00:00:00+08:00,1655740800,28.7,7.33,2.98,483.4,32.2,6.5,0.064,0.205,2.02,,,Ⅴ
2022-06-21T04:00:00+08:00,1655755200,28.6,7.31,3.02,484.2,54.2,6.68,0.088,0.204,1.86,,,Ⅳ
2022-06-21T08:00:00+08:00,1655769600,28.5,7.31,2.94,485.6,50.4,6.88,0.079,0.194,1.92,,,Ⅴ
2022-06-22T04:00:00+08:00,1655841600,29.0,7.33,3.0,486.5,36.8,6.69,0.065,0.18,2.07,,,Ⅳ
2022-06-22T08:00:00+08:00,1655856000,29.2,7.33,3.24,485.1,36.1,6.42,0.078,0.19,1.83,,,Ⅳ
2022-06-22T12:00:00+08:00,1655870400,29.8,7.36,3.47,488.4,28.6,6.82,0.062,0.18,2.1,,,Ⅳ
2022-06-22T16:00:00+08:00,1655884800,30.1,7.35,3.33,488.1,35.2,6.78,0.072,0.182,2.03,,,Ⅳ
2022-06-22T20:00:00+08:00,1655899200,30.1,7.36,3.68,485.3,38.4,6.49,0.081,0.191,1.79,,,Ⅳ
2022-06-23T00:00:00+08:00,1655913600,29.8,7.35,3.34,487.9,33.2,6.64,0.074,0.19,1.87,,,Ⅳ
2022-06-23T04:00:00+08:00,1655928000,29.7,7.35,3.28,488.0,35.1,6.52,0.075,0.182,2.0,,,Ⅳ
2022-06-23T08:00:00+08:00,1655942400,29.7,7.34,3.42,485.6,41.2,6.49,0.089,0.199,1.82,,,Ⅳ
2022-06-23T12:00:00+08:00,1655956800,30.6,7.39,3.92,486.8,31.9,6.4,0.088,0.195,1.82,,,Ⅳ
2022-07-04T12:00:00+08:00,1656907200,30.9,7.42,3.53,511.0,30.5,6.4,0.099,0.217,2.23,,,Ⅳ
2022-07-11T04:00:00+08:00,1657483200,33.6,7.37,2.87,513.8,32.9,6.26,0.113,0.242,2.03,,,Ⅴ
2022-07-11T08:00:00+08:00,1657497600,33.4,7.35,2.65,512.1,29.9,6.1,0.099,0.241,2.05,,,Ⅴ
2022-07-11T12:00:00+08:00,1657512000,33.6,7.34,3.35,507.9,26.6,6.25,0.1,0.238,2.05,,,Ⅳ
2022-07-13T04:00:00+08:00,1657656000,33.5,7.34,2.49,521.9,39.0,6.91,0.117,0.265,2.06,,,Ⅴ
2022-07-13T08:00:00+08:00,1657670400,33.5,7.32,2.62,515.3,26.2,6.1,0.046,0.237,2.35,,,Ⅴ
2022-07-13T12:00:00+08:00,1657684800,34.2,7.33,2.29,518.9,29.5,6.5,0.104,0.235,2.29,,,Ⅴ
2022-07-18T08:00:00+08:00,1658102400,32.6,7.38,2.5,540.7,39.2,7.34,0.084,0.293,2.21,,,Ⅴ
2022-07-18T12:00:00+08:00,1658116800,32.9,7.38,2.72,538.3,27.5,6.97,0.072,0.278,2.31,,,Ⅴ
2022-07-19T12:00:00+08:00,1658203200,32.3,7.38,1.86,536.0,26.5,7.14,0.103,0.27,2.35,,,劣Ⅴ
2022-07-20T08:00:00+08:00,1658275200,31.1,7.27,2.78,508.3,28.6,7.22,0.346,0.293,2.6,,,Ⅴ
2022-07-20T12:00:00+08:00,1658289600,31.7,7.27,2.08,505.9,27.1,7.15,0.299,0.259,2.64,,,Ⅴ
2022-07-21T08:00:00+08:00,1658361600,32.0,7.28,1.91,509.2,23.4,6.72,0.275,0.262,2.75,,,劣Ⅴ
2022-07-21T12:00:00+08:00,1658376000,32.3,7.27,1.72,514.3,21.3,6.8,0.376,0.262,2.88,,,劣Ⅴ
2022-07-22T04:00:00+08:00,1658433600,32.2,7.27,1.65,511.5,23.3,6.63,0.239,0.264,2.8,,,劣Ⅴ
2022-07-22T08:00:00+08:00,1658448000,32.0,7.27,1.54,515.6,22.5,6.7,0.301,0.26,2.85,,,劣Ⅴ
2022-07-22T16:00:00+08:00,1658476800,32.9,7.29,3.04,517.7,24.4,6.79,0.252,0.279,2.8,,,Ⅳ
2022-07-22T20:00:00+08:00,1658491200,32.9,7.29,1.83,519.1,27.0,6.67,0.18,0.267,2.77,,,劣Ⅴ
2022-07-23T00:00:00+08:00,1658505600,32.8,7.29,1.54,518.6,27.5,6.68,0.222,0.255,2.79,,,劣Ⅴ
2022-07-23T04:00:00+08:00,1658520000,32.6,7.28,1.36,517.6,23.8,6.69,0.195,0.255,2.82,,,劣Ⅴ
2022-07-23T08:00:00+08:00,1658534400,32.5,7.27,1.23,523.9,21.8,7.03,0.254,0.258,2.89,,,劣Ⅴ
2022-07-23T12:00:00+08:00,1658548800,33.3,7.3,1.98,519.6,21.2,6.75,0.112,0.252,2.81,,,劣Ⅴ
2022-07-23T16:00:00+08:00,1658563200,33.6,7.3,2.31,521.0,22.4,7.09,0.164,0.249,2.92,,,Ⅴ
2022-07-23T20:00:00+08:00,1658577600,33.5,7.31,2.59,519.6,27.3,6.99,0.118,0.257,2.86,,,Ⅴ
2022-07-24T00:00:00+08:00,1658592000,33.2,7.31,2.23,521.6,26.7,6.88,0.149,0.252,2.91,,,Ⅴ
2022-07-24T04:00:00+08:00,1658606400,32.8,7.31,3.12,527.5,23.3,7.41,0.195,0.261,2.77,,,Ⅳ
2022-07-24T08:00:00+08:00,1658620800,32.8,7.29,1.96,525.1,24.2,7.09,0.158,0.252,2.88,,,劣Ⅴ
2022-07-24T12:00:00+08:00,1658635200,33.7,7.32,2.6,521.7,20.3,6.75,0.073,0.245,2.83,,,Ⅴ
2022-07-24T16:00:00+08:00,1658649600,34.0,7.35,3.5,521.0,19.9,6.76,0.054,0.24,2.86,,,Ⅳ
2022-07-24T20:00:00+08:00,1658664000,33.1,7.33,2.82,520.6,23.8,7.14,0.056,0.242,2.87,,,Ⅴ
2022-07-25T00:00:00+08:00,1658678400,32.8,7.33,2.93,519.9,24.8,6.8,0.052,0.244,2.83,,,Ⅴ
2022-07-25T08:00:00+08:00,1658707200,32.7,7.32,3.72,527.2,23.6,7.11,0.059,0.245,2.82,,,Ⅳ
2022-07-25T12:00:00+08:00,1658721600,33.4,7.34,3.56,520.9,23.3,6.76,0.047,0.244,2.81,,,Ⅳ
2022-07-25T16:00:00+08:00,1658736000,34.1,7.38,3.75,520.7,22.7,6.84,0.042,0.24,2.84,,,Ⅳ
2022-07-25T20:00:00+08:00,1658750400,33.1,7.36,3.33,520.9,25.4,6.84,0.046,0.248,2.73,,,Ⅳ
2022-07-26T00:00:00+08:00,1658764800,32.8,7.36,4.36,519.2,25.9,6.73,0.052,0.249,2.75,,,Ⅳ
2022-07-26T04:00:00+08:00,1658779200,32.8,7.37,3.23,526.7,29.7,7.06,0.053,0.244,2.75,,,Ⅳ
2022-07-26T08:00:00+08:00,1658793600,32.7,7.36,3.14,525.6,25.0,7.24,0.057,0.252,2.72,,,Ⅳ
2022-07-26T12:00:00+08:00,1658808000,33.4,7.36,3.53,520.7,30.4,7.14,0.066,0.271,2.58,,,Ⅳ
2022-07-26T16:00:00+08:00,1658822400,33.5,7.37,3.36,521.0,27.6,7.39,0.062,0.268,2.64,,,Ⅳ
2022-07-26T20:00:00+08:00,1658836800,33.1,7.38,3.67,522.4,26.9,6.93,0.06,0.264,2.65,,,Ⅳ
2022-07-27T00:00:00+08:00,1658851200,32.9,7.36,3.05,519.5,28.4,6.98,0.074,0.269,2.66,,,Ⅳ
2022-07-27T04:00:00+08:00,1658865600,32.7,7.38,4.57,525.0,30.3,6.92,0.055,0.244,2.66,,,Ⅳ
2022-07-27T08:00:00+08:00,1658880000,32.7,7.39,4.04,529.3,25.5,6.93,0.05,0.242,2.62,,,Ⅳ
2022-07-27T12:00:00+08:00,1658894400,33.7,7.38,4.1,523.6,28.4,7.27,0.057,0.243,2.63,,,Ⅳ
2022-07-27T16:00:00+08:00,1658908800,34.3,7.41,4.8,523.3,28.0,6.98,0.053,0.242,2.72,,,Ⅳ
2022-07-27T20:00:00+08:00,1658923200,33.6,7.39,3.78,525.1,27.3,7.12,0.061,0.258,2.63,,,Ⅳ
2022-07-28T00:00:00+08:00,1658937600,32.8,7.37,5.06,519.4,32.1,7.29,0.102,0.27,2.6,,,Ⅳ
2022-07-28T04:00:00+08:00,1658952000,32.6,7.38,3.72,524.3,32.6,7.21,0.07,0.263,2.69,,,Ⅳ
2022-11-01T12:00:00+08:00,1667275200,19.6,7.52,6.25,772.6,83.7,4.98,0.111,0.107,2.36,,,Ⅲ
2022-11-01T16:00:00+08:00,1667289600,19.6,7.51,6.22,753.0,126.7,4.51,0.104,0.11,2.33,,,Ⅲ
2022-11-02T12:00:00+08:00,1667361600,19.4,7.1,6.17,771.8,75.1,4.59,0.105,0.107,2.37,,,Ⅲ
2022-11-02T20:00:00+08:00,1667390400,19.5,7.54,8.28,799.6,78.4,4.87,0.136,0.113,2.49,,,Ⅲ
2022-11-03T00:00:00+08:00,1667404800,19.1,7.54,6.0,808.6,61.7,4.95,0.132,0.114,2.41,,,Ⅲ
2022-11-03T04:00:00+08:00,1667419200,19.0,7.54,6.12,818.2,77.6,5.0,0.135,0.114,2.42,,,Ⅲ
2022-11-03T08:00:00+08:00,1667433600,18.9,7.53,6.09,796.0,83.1,4.65,0.136,0.119,2.38,,,Ⅲ
2022-11-03T12:00:00+08:00,1667448000,19.2,7.53,6.17,788.5,71.6,4.5,0.121,0.101,2.44,,,Ⅲ
2022-11-03T16:00:00+08:00,1667462400,19.2,7.54,6.2,813.2,56.0,4.98,0.123,0.101,2.5,,,Ⅲ
2022-11-03T20:00:00+08:00,1667476800,19.1,7.55,6.5,768.5,87.4,4.6,0.111,0.112,2.42,,,Ⅲ
2022-11-04T00:00:00+08:00,1667491200,18.9,7.55,6.35,783.6,77.2,4.91,0.122,0.116,2.34,,,Ⅲ
2022-11-04T04:00:00+08:00,1667505600,18.7,7.56,8.42,823.2,65.0,4.88,0.127,0.103,2.49,,,Ⅲ
2022-11-04T08:00:00+08:00,1667520000,18.7,7.56,6.46,786.4,73.7,5.32,0.109,0.116,2.42,,,Ⅲ
2022-11-04T12:00:00+08:00,1667534400,18.9,7.57,6.44,793.3,72.6,4.65,0.106,0.102,2.42,,,Ⅲ
2022-11-04T16:00:00+08:00,1667548800,18.8,7.59,6.52,810.9,66.1,4.5,0.116,0.102,2.45,,,Ⅲ
2022-11-04T20:00:00+08:00,1667563200,18.6,7.59,6.55,793.1,64.3,4.9,0.109,0.108,2.52,,,Ⅲ
2022-11-05T00:00:00+08:00,1667577600,18.3,7.58,6.47,789.6,69.4,4.59,0.108,0.105,2.54,,,Ⅲ
2022-11-05T04:00:00+08:00,1667592000,18.1,7.61,6.63,805.1,59.0,4.91,0.108,0.101,2.46,,,Ⅲ
2022-11-05T08:00:00+08:00,1667606400,18.0,7.59,6.64,791.1,64.9,4.84,0.103,0.106,2.45,,,Ⅲ
2022-11-05T12:00:00+08:00,1667620800,18.2,7.59,6.61,784.3,68.9,5.15,0.103,0.105,2.42,,,Ⅲ
2022-11-05T16:00:00+08:00,1667635200,18.4,7.61,6.59,794.4,76.2,4.81,0.095,0.101,2.46,,,Ⅲ
2022-11-05T20:00:00+08:00,1667649600,18.1,7.6,6.66,787.4,74.4,4.71,0.102,0.107,2.46,,,Ⅲ
2022-11-06T00:00:00+08:00,1667664000,17.9,7.6,6.56,798.9,78.8,4.9,0.109,0.111,2.51,,,Ⅲ
2022-11-06T04:00:00+08:00,1667678400,17.5,7.61,7.76,801.2,73.0,4.81,0.108,0.106,2.41,,,Ⅲ
2022-11-06T08:00:00+08:00,1667692800,17.5,7.62,6.67,802.8,64.6,4.7,0.108,0.107,2.48,,,Ⅲ
2022-11-06T12:00:00+08:00,1667707200,18.0,7.61,6.58,798.7,64.2,4.7,0.102,0.106,2.44,,,Ⅲ
2022-11-06T16:00:00+08:00,1667721600,18.2,7.64,6.66,807.6,69.3,4.72,0.103,0.102,2.47,,,Ⅲ
2022-11-06T20:00:00+08:00,1667736000,17.8,7.62,6.66,805.8,66.6,4.77,0.1,0.103,2.53,,,Ⅲ
2022-11-07T00:00:00+08:00,1667750400,17.6,7.61,8.39,804.2,70.5,4.8,0.119,0.11,2.38,,,Ⅲ
2022-11-07T04:00:00+08:00,1667764800,17.3,7.62,6.61,806.1,65.9,5.1,0.111,0.108,2.46,,,Ⅲ
2022-11-07T08:00:00+08:00,1667779200,17.3,7.62,6.7,806.6,59.3,4.71,0.104,0.102,2.44,,,Ⅲ
2022-11-07T12:00:00+08:00,1667793600,17.9,7.62,6.68,809.1,75.6,4.61,0.106,0.106,2.44,,,Ⅲ
2022-11-07T16:00:00+08:00,1667808000,18.3,7.64,6.69,815.1,59.8,4.46,0.102,0.099,2.5,,,Ⅲ
2022-11-07T20:00:00+08:00,1667822400,18.0,7.64,6.73,810.0,61.7,4.42,0.102,0.104,2.52,,,Ⅲ
2022-11-08T00:00:00+08:00,1667836800,17.8,7.62,6.8,809.6,88.3,4.46,0.109,0.112,2.5,,,Ⅲ
2022-11-08T04:00:00+08:00,1667851200,17.6,7.62,6.67,817.1,70.1,4.82,0.115,0.114,2.45,,,Ⅲ
2022-11-08T08:00:00+08:00,1667865600,17.6,7.63,6.75,817.4,80.8,4.71,0.103,0.105,2.45,,,Ⅲ
2022-11-08T12:00:00+08:00,1667880000,18.2,7.62,6.71,818.0,70.6,4.64,0.097,0.107,2.44,,,Ⅲ
2022-11-08T16:00:00+08:00,1667894400,18.5,7.65,6.81,820.7,64.1,4.64,0.097,0.107,2.44,,,Ⅲ
2022-11-08T20:00:00+08:00,1667908800,18.2,7.65,6.84,817.7,56.4,4.04,0.091,0.118,2.46,,,Ⅲ
2022-11-09T00:00:00+08:00,1667923200,18.1,7.64,6.9,819.5,65.5,4.28,0.098,0.122,2.39,,,Ⅲ
2022-11-09T04:00:00+08:00,1667937600,17.9,7.64,6.77,822.6,63.2,4.29,0.1,0.118,2.42,,,Ⅲ
2022-11-09T08:00:00+08:00,1667952000,17.9,7.64,7.73,821.4,59.6,4.0,0.088,0.111,2.49,,,Ⅲ
2022-11-09T12:00:00+08:00,1667966400,18.5,7.64,6.81,830.7,78.7,4.88,0.089,0.114,2.48,,,Ⅲ
2022-11-09T16:00:00+08:00,1667980800,18.8,7.66,6.79,830.9,61.0,4.16,0.094,0.114,2.41,,,Ⅲ
2022-11-09T20:00:00+08:00,1667995200,18.6,7.67,6.92,821.7,59.9,4.28,0.082,0.108,2.38,,,Ⅲ
2022-11-10T00:00:00+08:00,1668009600,18.5,7.66,6.85,830.7,64.7,3.99,0.088,0.118,2.43,,,Ⅲ
2022-11-10T04:00:00+08:00,1668024000,18.5,7.64,6.69,831.6,56.9,4.12,0.088,0.118,2.49,,,Ⅲ
2022-11-10T08:00:00+08:00,1668038400,18.4,7.65,6.81,829.1,64.1,3.98,0.082,0.109,2.39,,,Ⅲ
2022-11-10T12:00:00+08:00,1668052800,19.3,7.64,6.72,833.3,64.9,3.96,0.079,0.11,2.45,,,Ⅲ
2022-11-10T20:00:00+08:00,1668081600,19.4,7.51,6.93,828.9,37.4,4.16,0.092,0.107,2.39,,,Ⅲ
2022-11-11T00:00:00+08:00,1668096000,19.4,7.48,6.74,833.2,48.2,3.99,0.082,0.113,2.38,,,Ⅲ
2022-11-11T04:00:00+08:00,1668110400,19.5,7.47,8.48,831.8,38.3,4.15,0.08,0.107,2.47,,,Ⅲ
2022-11-11T08:00:00+08:00,1668124800,19.5,7.48,6.63,829.8,44.5,3.94,0.072,0.104,2.4,,,Ⅲ
2022-11-11T12:00:00+08:00,1668139200,19.7,7.47,6.66,833.3,53.2,4.34,0.079,0.112,2.42,,,Ⅲ
2022-11-11T16:00:00+08:00,1668153600,20.1,7.47,6.53,836.1,40.4,4.06,0.08,0.107,2.46,,,Ⅲ
2022-11-11T20:00:00+08:00,1668168000,20.0,7.5,6.76,827.0,58.9,4.24,0.076,0.106,2.35,,,Ⅲ
2022-11-12T00:00:00+08:00,1668182400,19.9,7.48,6.52,830.0,50.8,4.28,0.077,0.112,2.42,,,Ⅲ
2022-11-12T04:00:00+08:00,1668196800,19.9,7.46,8.73,834.6,44.2,4.24,0.082,0.109,2.48,,,Ⅲ
2022-11-12T08:00:00+08:00,1668211200,19.9,7.46,8.97,830.6,42.1,3.9,0.072,0.106,2.42,,,Ⅲ
2022-11-12T12:00:00+08:00,1668225600,20.5,7.45,6.44,838.3,41.1,4.12,0.082,0.106,2.4,,,Ⅲ
2022-11-12T16:00:00+08:00,1668240000,20.7,7.46,6.43,821.6,36.2,4.21,0.08,0.103,2.47,,,Ⅲ
2022-11-12T20:00:00+08:00,1668254400,20.6,7.47,6.42,825.4,40.6,4.35,0.079,0.101,2.3,,,Ⅲ
2022-11-13T00:00:00+08:00,1668268800,20.5,7.46,6.4,827.8,54.2,4.1,0.085,0.108,2.37,,,Ⅲ
2022-11-13T04:00:00+08:00,1668283200,20.5,7.45,7.0,819.2,42.7,4.05,0.084,0.11,2.46,,,Ⅲ
2022-11-13T08:00:00+08:00,1668297600,20.5,7.45,6.33,822.4,41.3,3.91,0.082,0.102,2.44,,,Ⅲ
2022-11-13T12:00:00+08:00,1668312000,20.4,7.47,6.48,821.3,41.6,4.09,0.083,0.108,2.42,,,Ⅲ
2022-11-13T16:00:00+08:00,1668326400,20.2,7.46,6.44,813.8,50.1,4.28,0.088,0.118,2.44,,,Ⅲ
2022-11-13T20:00:00+08:00,1668340800,20.0,7.48,6.48,822.5,54.2,4.14,0.09,0.113,2.35,,,Ⅲ
2022-11-14T00:00:00+08:00,1668355200,19.8,7.48,6.47,821.6,37.6,4.26,0.085,0.109,2.38,,,Ⅲ
2022-11-14T08:00:00+08:00,1668384000,19.3,7.45,6.35,820.2,43.6,4.1,0.085,0.11,2.49,,,Ⅲ
2022-11-14T12:00:00+08:00,1668398400,19.1,7.46,6.52,827.5,51.1,4.51,0.104,0.116,2.42,,,Ⅲ
2022-11-14T16:00:00+08:00,1668412800,18.7,7.46,6.48,832.6,48.9,4.44,0.109,0.118,2.42,,,Ⅲ
2022-11-14T20:00:00+08:00,1668427200,18.5,7.46,6.43,826.6,51.5,4.54,0.105,0.117,2.44,,,Ⅲ
2022-11-15T04:00:00+08:00,1668456000,18.1,7.46,6.4,832.6,47.0,4.08,0.11,0.12,2.48,,,Ⅲ
2022-11-15T08:00:00+08:00,1668470400,17.9,7.46,7.05,827.9,46.8,4.21,0.11,0.111,2.5,,,Ⅲ
2022-11-15T12:00:00+08:00,1668484800,17.9,7.46,6.39,829.4,46.0,3.77,0.11,0.112,2.52,,,Ⅲ
2022-11-15T16:00:00+08:00,1668499200,18.0,7.47,6.5,826.9,44.6,4.21,0.105,0.116,2.44,,,Ⅲ
2022-11-16T08:00:00+08:00,1668556800,17.0,7.47,6.56,821.6,48.8,4.02,0.1,0.116,2.46,,,Ⅲ
2022-11-16T12:00:00+08:00,1668571200,17.3,7.48,6.55,822.2,58.3,4.24,0.105,0.13,2.5,,,Ⅲ
2022-11-16T16:00:00+08:00,1668585600,17.2,7.46,6.52,830.2,50.6,4.29,0.107,0.124,2.47,,,Ⅲ
2022-11-16T20:00:00+08:00,1668600000,17.1,7.49,6.58,835.8,44.9,3.9,0.104,0.108,2.51,,,Ⅲ
2022-11-17T00:00:00+08:00,1668614400,17.0,7.5,6.69,826.0,36.0,3.8,0.097,0.106,2.46,,,Ⅲ
2022-11-17T04:00:00+08:00,1668628800,17.0,7.51,6.75,832.0,45.3,4.05,0.102,0.114,2.46,,,Ⅲ
2022-11-17T08:00:00+08:00,1668643200,17.1,7.51,6.83,805.9,52.1,4.06,0.113,0.122,2.48,,,Ⅲ
2022-11-17T16:00:00+08:00,1668672000,17.1,7.52,6.81,823.9,51.0,4.46,0.122,0.113,2.52,,,Ⅲ
2022-11-17T20:00:00+08:00,1668686400,17.0,7.52,6.84,822.4,42.9,4.3,0.125,0.11,2.57,,,Ⅲ
2022-11-18T00:00:00+08:00,1668700800,16.9,7.5,6.59,825.9,44.1,4.09,0.116,0.109,2.43,,,Ⅲ
2022-11-18T04:00:00+08:00,1668715200,17.0,7.5,6.75,828.1,39.6,3.72,0.115,0.113,2.49,,,Ⅲ
2022-11-18T08:00:00+08:00,1668729600,17.0,7.5,6.77,822.5,45.8,4.0,0.124,0.115,2.56,,,Ⅲ
2022-11-18T12:00:00+08:00,1668744000,17.2,7.5,6.72,810.8,36.4,3.62,0.115,0.109,2.6,,,Ⅲ
2022-11-18T16:00:00+08:00,1668758400,17.3,7.5,6.72,814.3,38.5,4.02,0.118,0.108,2.66,,,Ⅲ
2022-11-18T20:00:00+08:00,1668772800,17.3,7.5,6.8,791.1,53.4,3.8,0.113,0.112,2.56,,,Ⅲ
2022-11-19T00:00:00+08:00,1668787200,17.2,7.49,6.64,807.9,41.4,3.81,0.119,0.112,2.58,,,Ⅲ
2022-11-19T04:00:00+08:00,1668801600,17.2,7.49,6.56,813.9,34.2,4.04,0.12,0.11,2.63,,,Ⅲ
2022-11-19T08:00:00+08:00,1668816000,17.3,7.48,6.52,817.4,46.4,4.05,0.121,0.114,2.62,,,Ⅲ
2022-11-19T12:00:00+08:00,1668830400,17.4,7.47,6.46,794.9,43.5,4.43,0.126,0.112,2.72,,,Ⅲ
2022-11-19T16:00:00+08:00,1668844800,17.5,7.47,6.41,796.5,42.7,3.96,0.122,0.109,2.69,,,Ⅲ
2022-11-19T20:00:00+08:00,1668859200,17.4,7.47,6.44,814.2,47.9,3.92,0.126,0.116,2.65,,,Ⅲ
2022-11-20T00:00:00+08:00,1668873600,17.4,7.47,6.48,786.9,47.9,4.19,0.129,0.115,2.7,,,Ⅲ
2022-11-20T04:00:00+08:00,1668888000,17.3,7.45,6.26,808.8,40.8,3.94,0.136,0.115,2.75,,,Ⅲ
2022-11-20T08:00:00+08:00,1668902400,17.3,7.45,6.39,808.6,51.0,3.94,0.137,0.122,2.73,,,Ⅲ
2022-11-20T12:00:00+08:00,1668916800,17.5,7.45,6.35,795.5,50.6,5.7,0.153,0.115,2.75,,,Ⅲ
2022-11-20T16:00:00+08:00,1668931200,17.7,7.44,6.2,813.8,35.0,3.81,0.153,0.113,2.77,,,Ⅲ
2022-11-20T20:00:00+08:00,1668945600,17.5,7.45,6.37,809.1,48.6,3.99,0.165,0.121,2.75,,,Ⅲ
2022-11-21T00:00:00+08:00,1668960000,17.3,7.44,6.42,793.6,52.9,3.66,0.168,0.122,2.8,,,Ⅲ
2022-11-21T12:00:00+08:00,1669003200,17.6,7.43,6.33,802.9,57.6,3.64,0.148,0.121,2.79,,,Ⅲ
2022-11-21T20:00:00+08:00,1669032000,17.7,7.43,6.12,807.8,43.3,4.02,0.157,0.121,2.7,,,Ⅲ
2022-11-22T04:00:00+08:00,1669060800,17.4,7.43,6.21,811.8,39.9,3.59,0.163,0.118,2.78,,,Ⅲ
2022-11-22T08:00:00+08:00,1669075200,17.4,7.43,6.38,812.0,35.7,4.01,0.163,0.119,2.76,,,Ⅲ
2022-11-22T12:00:00+08:00,1669089600,17.6,7.42,6.32,810.0,51.7,3.9,0.167,0.122,2.83,,,Ⅲ
2022-11-22T16:00:00+08:00,1669104000,17.6,7.44,6.37,814.3,40.9,3.98,0.164,0.123,2.74,,,Ⅲ
2022-11-22T20:00:00+08:00,1669118400,17.5,7.44,6.41,813.6,39.7,3.54,0.159,0.122,2.74,,,Ⅲ
2022-11-23T04:00:00+08:00,1669147200,17.3,7.44,6.47,816.6,47.9,3.75,0.167,0.129,2.78,,,Ⅲ
2022-11-23T08:00:00+08:00,1669161600,17.2,7.45,6.52,816.0,37.8,3.76,0.161,0.122,2.85,,,Ⅲ
2022-11-23T12:00:00+08:00,1669176000,17.6,7.29,6.44,806.8,47.1,4.05,0.159,0.123,2.86,,,Ⅲ
2022-11-23T16:00:00+08:00,1669190400,17.6,7.45,6.45,817.5,54.9,4.15,0.169,0.13,2.76,,,Ⅲ
2022-11-23T20:00:00+08:00,1669204800,17.5,7.46,6.49,810.8,39.9,3.81,0.149,0.117,2.8,,,Ⅲ
2022-11-24T04:00:00+08:00,1669233600,17.2,7.45,6.46,814.7,41.1,3.99,0.161,0.122,2.9,,,Ⅲ
2022-11-24T08:00:00+08:00,1669248000,17.2,7.45,6.41,816.0,34.3,3.62,0.155,0.117,2.89,,,Ⅲ
2022-11-24T12:00:00+08:00,1669262400,17.4,7.44,6.4,812.6,44.2,4.24,0.152,0.12,2.84,,,Ⅲ
2022-11-24T16:00:00+08:00,1669276800,17.5,7.44,6.35,816.3,40.3,3.99,0.156,0.12,2.82,,,Ⅲ
2022-11-24T20:00:00+08:00,1669291200,17.3,7.45,6.43,811.7,35.3,4.46,0.152,0.117,2.83,,,Ⅲ
2022-11-25T04:00:00+08:00,1669320000,17.0,7.43,6.25,818.6,39.5,4.26,0.153,0.12,2.87,,,Ⅲ
2022-11-25T08:00:00+08:00,1669334400,17.0,7.44,6.29,818.6,34.6,4.0,0.145,0.12,2.9,,,Ⅲ
2022-11-25T12:00:00+08:00,1669348800,17.4,7.43,6.15,819.2,45.5,4.08,0.146,0.118,2.89,,,Ⅲ
2022-11-25T16:00:00+08:00,1669363200,17.5,7.43,6.16,819.2,45.5,4.21,0.144,0.118,2.92,,,Ⅲ
2022-11-25T20:00:00+08:00,1669377600,17.4,7.45,6.28,820.0,41.1,4.23,0.134,0.115,2.9,,,Ⅲ
2022-11-26T04:00:00+08:00,1669406400,17.3,7.43,6.11,819.8,37.9,5.81,0.15,0.124,2.95,,,Ⅲ
2022-11-26T08:00:00+08:00,1669420800,17.2,7.43,6.13,820.0,33.3,4.82,0.133,0.115,2.89,,,Ⅲ
2022-11-26T12:00:00+08:00,1669435200,17.8,7.43,6.14,820.6,43.4,4.15,0.134,0.116,2.97,,,Ⅲ
2022-11-28T04:00:00+08:00,1669579200,17.4,7.45,6.23,828.7,47.8,4.26,0.125,0.121,2.91,,,Ⅲ
2022-11-28T08:00:00+08:00,1669593600,17.5,7.46,6.22,829.5,41.2,3.92,0.116,0.119,2.96,,,Ⅲ
2022-11-28T16:00:00+08:00,1669622400,17.9,7.47,6.26,832.8,59.1,4.01,0.134,0.128,2.86,,,Ⅲ
2022-11-29T08:00:00+08:00,1669680000,17.7,7.49,6.54,830.4,35.8,3.74,0.119,0.117,3.01,,,Ⅲ
2022-11-29T12:00:00+08:00,1669694400,17.7,7.5,6.56,828.7,40.7,4.08,0.117,0.114,3.0,,,Ⅲ
2022-11-29T16:00:00+08:00,1669708800,17.5,7.5,6.74,824.3,41.5,4.25,0.122,0.121,2.9,,,Ⅲ
2022-11-29T20:00:00+08:00,1669723200,17.1,7.52,6.82,829.9,63.0,4.11,0.123,0.132,2.84,,,Ⅲ
2022-11-30T00:00:00+08:00,1669737600,16.9,7.52,6.87,763.5,40.0,4.18,0.154,0.126,3.06,,,Ⅲ
2022-11-30T04:00:00+08:00,1669752000,16.8,7.53,7.02,784.2,45.1,6.5,0.144,0.121,3.02,,,Ⅳ
2022-11-30T08:00:00+08:00,1669766400,16.4,7.56,7.18,819.0,39.4,4.01,0.12,0.118,2.94,,,Ⅲ
2022-11-30T12:00:00+08:00,1669780800,16.2,7.56,7.29,812.4,42.9,3.96,0.12,0.118,2.97,,,Ⅲ
2022-11-30T16:00:00+08:00,1669795200,15.7,7.56,7.43,821.2,43.7,3.88,0.129,0.124,2.99,,,Ⅲ
2022-11-30T20:00:00+08:00,1669809600,15.1,7.58,7.65,827.7,40.1,3.99,0.126,0.117,3.11,,,Ⅲ
2022-12-01T00:00:00+08:00,1669824000,15.0,7.58,7.59,828.2,38.3,4.25,0.117,0.115,3.07,,,Ⅲ
2022-12-01T08:00:00+08:00,1669852800,13.7,7.58,7.85,819.6,40.7,7.32,0.17,0.125,3.21,,,Ⅳ
2022-12-01T12:00:00+08:00,1669867200,13.4,7.58,7.8,829.4,55.7,3.89,0.208,0.126,3.29,,,Ⅲ
2022-12-01T20:00:00+08:00,1669896000,13.0,7.6,7.97,847.7,35.8,3.66,0.181,0.129,3.34,,,Ⅲ
2022-12-02T00:00:00+08:00,1669910400,12.9,7.61,7.95,844.0,29.4,3.72,0.175,0.12,3.31,,,Ⅲ
2022-12-02T04:00:00+08:00,1669924800,12.7,7.62,8.03,858.5,32.0,3.9,0.168,0.122,3.27,,,Ⅲ
2022-12-02T12:00:00+08:00,1669953600,12.6,7.62,8.0,863.8,34.7,3.4,0.171,0.118,3.36,,,Ⅲ
2022-12-02T20:00:00+08:00,1669982400,12.4,7.67,8.07,864.5,33.6,3.67,0.18,0.12,3.33,,,Ⅲ
2022-12-03T00:00:00+08:00,1669996800,12.2,7.67,8.09,869.7,33.7,3.8,0.181,0.118,3.38,,,Ⅲ
2022-12-03T08:00:00+08:00,1670025600,12.1,7.67,8.14,884.0,38.1,3.69,0.191,0.117,3.42,,,Ⅲ
2022-12-03T12:00:00+08:00,1670040000,11.9,7.66,8.09,881.6,35.2,3.67,0.184,0.119,3.43,,,Ⅲ
2022-12-03T16:00:00+08:00,1670054400,12.0,7.66,7.99,881.1,30.1,3.74,0.175,0.113,3.44,,,Ⅲ
2022-12-03T20:00:00+08:00,1670068800,11.9,7.66,8.02,886.1,36.3,3.81,0.183,0.118,3.43,,,Ⅲ
2022-12-04T04:00:00+08:00,1670097600,11.7,7.66,7.99,888.9,31.1,3.75,0.186,0.115,3.41,,,Ⅲ
2022-12-04T08:00:00+08:00,1670112000,11.7,7.66,8.06,883.7,33.2,3.54,0.193,0.118,3.5,,,Ⅲ
2022-12-04T12:00:00+08:00,1670126400,11.9,7.67,8.15,914.2,49.4,3.42,0.202,0.116,3.56,,,Ⅲ
2022-12-04T20:00:00+08:00,1670155200,11.7,7.67,8.21,898.2,31.4,3.6,0.189,0.116,3.48,,,Ⅲ
2022-12-05T04:00:00+08:00,1670184000,11.5,7.68,8.36,908.0,32.7,3.56,0.188,0.118,3.58,,,Ⅲ
2022-12-05T08:00:00+08:00,1670198400,11.4,7.67,8.31,908.5,32.5,3.84,0.212,0.119,3.58,,,Ⅲ
2022-12-05T16:00:00+08:00,1670227200,11.4,7.68,8.48,919.2,32.9,3.95,0.142,0.127,3.67,,,Ⅲ
2022-12-05T20:00:00+08:00,1670241600,11.3,7.68,8.41,908.8,32.7,3.69,0.156,0.122,3.61,,,Ⅲ
2022-12-06T04:00:00+08:00,1670270400,11.0,7.67,8.37,919.1,32.8,3.54,0.177,0.123,3.72,,,Ⅲ
2022-12-06T08:00:00+08:00,1670284800,10.8,7.65,8.38,916.1,27.7,3.66,0.164,0.123,3.74,,,Ⅲ
2022-12-06T12:00:00+08:00,1670299200,11.3,7.64,8.3,928.4,35.1,3.72,0.178,0.12,3.79,,,Ⅲ
2022-12-06T16:00:00+08:00,1670313600,11.6,7.65,8.25,928.2,42.7,3.61,0.207,0.121,3.79,,,Ⅲ
2022-12-06T20:00:00+08:00,1670328000,11.2,7.65,8.18,927.4,32.6,3.74,,0.12,3.77,,,
2022-12-07T04:00:00+08:00,1670356800,11.0,7.65,8.2,946.3,33.2,3.47,0.251,0.121,3.79,,,Ⅲ
2022-12-07T08:00:00+08:00,1670371200,11.0,7.64,8.13,943.5,29.6,3.54,0.238,0.125,3.79,,,Ⅲ
2022-12-07T12:00:00+08:00,1670385600,11.2,7.64,8.11,958.6,36.7,3.52,0.255,0.125,3.79,,,Ⅲ
2022-12-07T16:00:00+08:00,1670400000,11.3,7.64,8.14,956.9,36.0,3.81,0.255,0.124,3.8,,,Ⅲ
2022-12-07T20:00:00+08:00,1670414400,11.2,7.64,8.12,956.0,26.8,3.54,0.249,0.126,3.91,,,Ⅲ
2022-12-08T04:00:00+08:00,1670443200,11.1,7.64,7.94,965.8,36.0,,0.273,0.123,3.93,,,
2022-12-08T08:00:00+08:00,1670457600,11.1,7.64,8.04,964.4,31.5,,0.258,0.123,3.87,,,
2022-12-08T12:00:00+08:00,1670472000,11.4,7.63,7.87,966.8,53.6,,0.284,0.133,3.81,,,
2022-12-08T20:00:00+08:00,1670500800,11.5,7.64,7.85,966.4,33.0,5.59,0.253,0.123,3.85,,,Ⅲ
2022-12-09T04:00:00+08:00,1670529600,11.6,7.62,7.73,966.3,38.4,,0.298,0.131,3.92,,,
2022-12-09T08:00:00+08:00,1670544000,11.6,7.62,7.87,966.2,36.3,,0.285,0.127,3.89,,,
2022-12-09T12:00:00+08:00,1670558400,11.6,7.62,7.77,966.1,34.8,,0.291,0.128,3.92,,,
2022-12-09T16:00:00+08:00,1670572800,11.7,7.62,7.7,967.1,44.3,,0.293,0.129,3.91,,,
2022-12-09T20:00:00+08:00,1670587200,11.7,7.63,7.79,968.2,29.4,3.99,0.252,0.123,3.92,,,Ⅲ
2022-12-10T04:00:00+08:00,1670616000,11.7,7.62,7.62,970.0,34.0,3.92,0.274,0.122,4.0,,,Ⅲ
2022-12-10T08:00:00+08:00,1670630400,11.6,7.62,7.67,970.0,29.4,4.12,0.27,0.122,4.04,,,Ⅲ
2022-12-10T12:00:00+08:00,1670644800,11.7,7.62,7.83,970.2,30.9,4.17,0.278,0.124,3.98,,,Ⅲ
2022-12-10T16:00:00+08:00,1670659200,11.7,7.62,7.85,970.1,33.9,3.9,0.301,0.129,4.0,,,Ⅲ
2022-12-10T20:00:00+08:00,1670673600,11.7,7.63,7.73,973.3,29.5,4.05,0.257,0.126,3.96,,,Ⅲ
2022-12-11T04:00:00+08:00,1670702400,11.4,7.65,7.95,969.3,36.1,3.99,0.292,0.126,4.06,,,Ⅲ
2022-12-11T08:00:00+08:00,1670716800,11.2,7.65,7.91,974.1,26.3,3.86,0.268,0.124,4.06,,,Ⅲ
2022-12-11T12:00:00+08:00,1670731200,11.6,7.66,8.01,967.3,27.9,4.03,0.272,0.122,4.05,,,Ⅲ
2022-12-11T20:00:00+08:00,1670760000,11.4,7.65,8.68,967.9,37.6,3.96,0.262,0.119,3.97,,,Ⅲ
2022-12-12T04:00:00+08:00,1670788800,10.9,7.63,8.52,968.0,42.3,3.48,0.303,0.119,4.07,,,Ⅲ
2022-12-12T08:00:00+08:00,1670803200,10.9,7.64,8.63,968.2,35.8,0.25,0.388,0.107,4.15,,,Ⅲ
2022-12-12T20:00:00+08:00,1670846400,10.7,7.65,8.06,966.0,38.7,3.7,0.328,0.12,4.11,,,Ⅲ
2022-12-13T04:00:00+08:00,1670875200,10.3,7.65,8.07,954.6,43.5,3.55,0.351,0.124,4.2,,,Ⅲ
2022-12-13T08:00:00+08:00,1670889600,10.1,7.65,8.09,959.2,36.3,3.42,0.33,0.123,4.24,,,Ⅲ
2022-12-13T16:00:00+08:00,1670918400,10.4,7.65,9.27,971.9,47.6,,,,,,,
2022-12-13T20:00:00+08:00,1670932800,10.3,7.66,9.3,965.8,55.3,3.64,0.312,0.123,4.16,,,Ⅲ
2022-12-14T04:00:00+08:00,1670961600,10.0,7.65,9.33,962.4,43.6,3.57,0.337,0.124,4.21,,,Ⅲ
2022-12-14T08:00:00+08:00,1670976000,9.8,7.65,9.32,959.2,42.6,3.64,0.352,0.122,4.23,,,Ⅲ
2022-12-14T12:00:00+08:00,1670990400,10.3,7.66,9.36,959.8,42.4,3.52,0.312,0.118,4.2,,,Ⅲ
2022-12-14T20:00:00+08:00,1671019200,10.1,7.67,9.01,958.5,49.1,3.58,0.35,0.129,4.26,,,Ⅲ
2022-12-15T04:00:00+08:00,1671048000,9.6,7.66,9.37,959.2,47.7,3.44,0.356,0.125,4.28,,,Ⅲ
2022-12-15T08:00:00+08:00,1671062400,9.3,7.66,9.49,971.4,46.4,3.61,0.326,0.126,4.18,,,Ⅲ
2022-12-15T12:00:00+08:00,1671076800,9.7,7.66,9.28,969.3,100.2,4.03,0.34,0.153,3.97,,,Ⅲ
2022-12-15T16:00:00+08:00,1671091200,10.0,7.66,9.25,968.8,77.4,3.94,0.336,0.137,4.08,,,Ⅲ
2022-12-15T20:00:00+08:00,1671105600,9.9,7.66,9.54,968.7,50.8,3.55,0.35,0.138,4.18,,,Ⅲ
2022-12-16T04:00:00+08:00,1671134400,9.8,7.67,9.58,974.5,59.0,3.64,0.324,0.13,4.2,,,Ⅲ
2022-12-16T08:00:00+08:00,1671148800,9.8,7.67,9.29,967.8,51.9,3.62,0.337,0.128,4.24,,,Ⅲ
2022-12-16T12:00:00+08:00,1671163200,9.9,7.67,9.47,968.1,50.2,3.51,0.327,0.119,4.18,,,Ⅲ
2022-12-16T16:00:00+08:00,1671177600,9.9,7.68,9.68,976.0,47.6,3.47,0.318,0.121,4.21,,,Ⅲ
2022-12-16T20:00:00+08:00,1671192000,9.8,7.69,9.73,968.6,43.7,3.56,0.342,0.119,4.34,,,Ⅲ
2022-12-17T04:00:00+08:00,1671220800,9.5,7.71,9.92,972.1,42.9,3.56,0.331,0.122,4.3,,,Ⅲ
2022-12-17T08:00:00+08:00,1671235200,9.2,7.72,10.08,967.6,51.5,3.42,0.338,0.125,4.34,,,Ⅲ
2022-12-17T12:00:00+08:00,1671249600,9.2,7.74,10.1,970.7,43.0,3.39,0.33,0.122,4.3,,,Ⅲ
2022-12-17T16:00:00+08:00,1671264000,9.0,7.77,10.28,967.7,43.2,3.36,0.341,0.125,4.39,,,Ⅲ
2022-12-17T20:00:00+08:00,1671278400,8.7,7.79,10.55,977.0,48.2,3.37,0.341,0.127,4.32,,,Ⅲ
2022-12-18T04:00:00+08:00,1671307200,8.1,7.83,10.69,977.8,45.9,3.53,0.346,0.128,4.35,,,Ⅲ
2022-12-18T08:00:00+08:00,1671321600,7.5,7.82,10.74,978.0,59.4,3.66,0.37,0.131,4.31,,,Ⅲ
2022-12-18T12:00:00+08:00,1671336000,7.7,7.85,10.88,991.7,50.3,3.48,0.344,0.126,4.26,,,Ⅲ
2022-12-18T16:00:00+08:00,1671350400,7.8,7.84,10.72,983.4,67.5,3.65,0.346,0.121,4.19,,,Ⅲ
2022-12-18T20:00:00+08:00,1671364800,7.5,7.84,10.92,979.5,51.3,3.34,0.413,0.128,4.42,,,Ⅲ
2022-12-19T04:00:00+08:00,1671393600,7.1,7.84,10.82,990.3,49.0,3.44,0.385,0.124,4.43,,,Ⅲ
2022-12-19T08:00:00+08:00,1671408000,6.8,7.83,10.89,993.4,56.8,3.58,0.39,0.132,4.44,,,Ⅲ
2022-12-19T12:00:00+08:00,1671422400,7.5,7.86,11.38,998.5,87.5,3.66,0.372,0.124,4.34,,,Ⅲ
2022-12-19T16:00:00+08:00,1671436800,7.8,7.84,10.34,995.1,59.6,3.32,0.362,0.116,4.43,,,Ⅲ
2022-12-19T20:00:00+08:00,1671451200,7.6,7.82,10.17,988.0,65.4,3.3,0.421,0.123,4.49,,,Ⅲ
2022-12-20T04:00:00+08:00,1671480000,7.1,7.83,10.14,992.9,48.7,3.44,0.391,0.122,4.44,,,Ⅲ
2022-12-20T08:00:00+08:00,1671494400,7.1,7.82,10.1,994.1,63.7,3.41,0.421,0.123,4.36,,,Ⅲ
2022-12-20T12:00:00+08:00,1671508800,8.0,7.82,10.0,992.7,62.4,3.65,0.399,0.117,4.41,,,Ⅲ
2022-12-20T16:00:00+08:00,1671523200,7.9,7.87,10.3,1004.4,56.7,3.48,0.345,0.115,4.34,,,Ⅲ
2022-12-20T20:00:00+08:00,1671537600,7.8,7.83,10.04,994.8,77.5,3.53,0.402,0.116,4.46,,,Ⅲ
2022-12-21T04:00:00+08:00,1671566400,7.7,7.83,9.87,1000.7,69.3,3.33,0.378,0.117,4.46,,,Ⅲ
2022-12-21T08:00:00+08:00,1671580800,7.9,7.82,9.94,999.1,126.5,3.36,0.429,0.117,4.5,,,Ⅲ
2022-12-21T12:00:00+08:00,1671595200,8.5,7.82,9.84,996.9,96.8,3.6,0.396,0.118,4.43,,,Ⅲ
2022-12-21T16:00:00+08:00,1671609600,8.5,7.85,9.89,1003.3,92.9,3.87,0.39,0.132,4.28,,,Ⅲ
2022-12-21T20:00:00+08:00,1671624000,8.3,7.84,10.0,998.9,59.3,3.34,0.415,0.122,4.47,,,Ⅲ
2022-12-22T04:00:00+08:00,1671652800,7.9,7.85,10.0,1012.2,61.7,3.3,0.386,0.122,4.42,,,Ⅲ
2022-12-22T08:00:00+08:00,1671667200,7.9,7.85,10.02,1001.7,116.4,3.44,0.422,0.122,4.53,,,Ⅲ
2022-12-22T12:00:00+08:00,1671681600,8.1,7.85,9.97,999.9,78.9,3.32,0.43,0.122,4.44,,,Ⅲ
2022-12-22T16:00:00+08:00,1671696000,8.1,7.9,10.18,1011.7,89.3,3.37,0.368,0.126,4.36,,,Ⅲ
2022-12-22T20:00:00+08:00,1671710400,7.7,7.89,10.26,1010.2,74.1,3.5,0.376,0.123,4.42,,,Ⅲ
2022-12-23T00:00:00+08:00,1671724800,7.3,7.88,10.26,1005.2,69.2,3.47,0.422,0.123,4.52,,,Ⅲ
2022-12-23T04:00:00+08:00,1671739200,7.0,7.88,10.48,1006.3,81.0,3.24,0.413,0.122,4.5,,,Ⅲ
2022-12-23T08:00:00+08:00,1671753600,6.8,7.89,10.45,1005.1,84.6,3.36,0.413,0.117,4.49,,,Ⅲ
2022-12-23T12:00:00+08:00,1671768000,6.9,7.9,10.54,996.4,66.4,3.44,0.419,0.117,4.47,,,Ⅲ
2022-12-23T16:00:00+08:00,1671782400,7.0,7.92,10.58,1000.5,69.8,3.29,0.4,0.115,4.46,,,Ⅲ
2022-12-23T20:00:00+08:00,1671796800,6.7,7.92,10.62,1008.0,57.8,3.36,0.378,0.115,4.52,,,Ⅲ
2022-12-24T00:00:00+08:00,1671811200,6.4,7.91,10.58,1004.4,58.3,3.22,0.408,0.118,4.52,,,Ⅲ
2022-12-24T04:00:00+08:00,1671825600,6.1,7.91,10.67,1004.6,52.4,3.33,0.418,0.12,4.55,,,Ⅲ
2022-12-24T08:00:00+08:00,1671840000,6.0,7.91,10.68,1003.5,92.7,3.29,0.412,0.118,4.52,,,Ⅲ
2022-12-24T12:00:00+08:00,1671854400,6.4,7.91,10.69,995.2,61.2,3.28,0.43,0.114,4.57,,,Ⅲ
2022-12-24T16:00:00+08:00,1671868800,6.5,7.93,10.62,998.4,67.8,3.43,0.41,0.115,4.55,,,Ⅲ
2022-12-24T20:00:00+08:00,1671883200,6.1,7.96,10.73,1011.6,67.3,3.34,0.353,0.115,4.38,,,Ⅲ
2022-12-25T00:00:00+08:00,1671897600,5.9,7.93,10.69,1003.3,68.2,3.13,0.419,0.116,4.5,,,Ⅲ
2022-12-25T04:00:00+08:00,1671912000,5.7,7.91,10.85,998.4,69.7,3.34,0.424,0.116,4.52,,,Ⅲ
2022-12-25T08:00:00+08:00,1671926400,5.6,7.92,10.81,1001.3,69.5,3.2,0.408,0.116,4.55,,,Ⅲ
2022-12-25T12:00:00+08:00,1671940800,6.1,7.92,10.77,999.0,54.1,3.28,0.4,0.114,4.48,,,Ⅲ
2022-12-25T16:00:00+08:00,1671955200,6.3,7.93,10.79,999.6,68.2,3.29,0.398,0.112,4.47,,,Ⅲ
2022-12-25T20:00:00+08:00,1671969600,6.1,7.97,11.05,1008.8,68.5,3.34,0.356,0.115,4.43,,,Ⅲ
2022-12-26T00:00:00+08:00,1671984000,5.8,7.95,10.98,1008.9,68.7,3.22,0.375,0.118,4.42,,,Ⅲ
2022-12-26T04:00:00+08:00,1671998400,5.7,7.92,10.8,1005.0,66.6,3.43,0.404,0.116,4.54,,,Ⅲ
2022-12-26T08:00:00+08:00,1672012800,5.5,7.94,10.96,1006.9,65.4,3.44,0.374,0.115,4.45,,,Ⅲ
2022-12-26T12:00:00+08:00,1672027200,6.0,7.92,10.9,1002.0,110.2,3.3,0.392,0.114,4.46,,,Ⅲ
2022-12-26T20:00:00+08:00,1672056000,5.9,7.97,10.89,1005.9,82.4,3.24,0.343,0.115,4.36,,,Ⅲ
2022-12-27T04:00:00+08:00,1672084800,6.0,7.9,10.68,1001.9,74.7,3.53,0.407,0.111,4.53,,,Ⅲ
2022-12-27T08:00:00+08:00,1672099200,5.8,7.91,10.77,1003.7,86.4,3.28,0.384,0.109,4.44,,,Ⅲ
2022-12-27T12:00:00+08:00,1672113600,6.3,7.9,10.78,998.7,63.9,3.36,0.391,0.106,4.52,,,Ⅲ
2022-12-27T16:00:00+08:00,1672128000,6.5,7.9,10.73,996.2,46.6,3.42,0.386,0.108,4.5,,,Ⅲ
2022-12-27T20:00:00+08:00,1672142400,6.3,7.93,10.89,997.4,61.5,3.46,0.351,0.108,4.35,,,Ⅲ
2022-12-28T04:00:00+08:00,1672171200,6.3,7.89,10.67,1000.6,73.3,3.46,0.38,0.108,4.5,,,Ⅲ
2022-12-28T08:00:00+08:00,1672185600,6.3,7.89,10.64,999.7,147.3,3.29,0.361,0.105,4.48,,,Ⅲ
2022-12-28T12:00:00+08:00,1672200000,6.5,7.9,10.67,997.8,48.8,3.34,0.363,0.105,4.54,,,Ⅲ
2022-12-28T20:00:00+08:00,1672228800,6.5,7.92,10.71,995.4,66.3,3.33,0.335,0.101,4.48,,,Ⅲ
2022-12-29T04:00:00+08:00,1672257600,6.5,7.9,10.72,998.8,55.6,3.3,0.34,0.102,4.46,,,Ⅲ
2022-12-29T08:00:00+08:00,1672272000,6.4,7.9,10.73,993.2,131.9,3.18,0.351,0.102,4.47,,,Ⅲ
2022-12-29T16:00:00+08:00,1672300800,6.5,7.91,10.72,981.6,61.4,3.37,0.356,0.103,4.45,,,Ⅲ
2022-12-29T20:00:00+08:00,1672315200,6.5,7.91,10.78,989.3,52.7,3.33,0.344,0.102,4.45,,,Ⅲ
2022-12-30T04:00:00+08:00,1672344000,6.4,7.91,10.74,990.4,49.6,3.01,0.334,0.102,4.45,,,Ⅲ
2022-12-30T08:00:00+08:00,1672358400,6.3,7.88,10.71,970.5,52.5,3.29,0.363,0.104,4.45,,,Ⅲ
2022-12-30T12:00:00+08:00,1672372800,6.4,7.89,10.66,971.9,55.2,3.34,0.356,0.103,4.46,,,Ⅲ
2022-12-30T16:00:00+08:00,1672387200,6.5,7.9,10.73,979.6,42.9,3.25,0.326,0.101,4.49,,,Ⅲ
2022-12-30T20:00:00+08:00,1672401600,6.4,7.91,10.97,979.4,45.9,3.47,0.336,0.105,4.44,,,Ⅲ
2022-12-31T04:00:00+08:00,1672430400,6.0,7.91,10.79,981.3,43.3,3.28,0.332,0.104,4.42,,,Ⅲ
2022-12-31T08:00:00+08:00,1672444800,5.8,7.92,11.12,965.1,51.6,3.32,0.337,0.104,4.37,,,Ⅲ
2022-12-31T12:00:00+08:00,1672459200,6.5,7.94,11.02,962.8,45.3,3.43,0.305,0.1,4.29,,,Ⅲ
2022-12-31T16:00:00+08:00,1672473600,6.6,7.93,11.18,974.8,43.8,3.38,0.308,0.098,4.38,,,Ⅱ
2022-12-31T20:00:00+08:00,1672488000,6.5,7.95,11.09,966.4,42.8,3.47,0.31,0.1,4.39,,,Ⅲ
2023-01-01T04:00:00+08:00,1672516800,6.3,7.94,11.05,975.8,47.6,3.3,0.31,0.101,4.36,,,Ⅲ
2023-01-01T08:00:00+08:00,1672531200,6.2,7.91,10.88,956.2,62.1,3.33,0.333,0.107,4.3,,,Ⅲ
2023-01-01T12:00:00+08:00,1672545600,6.4,7.94,11.01,967.8,59.2,3.22,0.31,0.102,4.31,,,Ⅲ
2023-01-01T16:00:00+08:00,1672560000,6.5,7.95,10.95,970.7,71.8,3.25,0.299,0.1,4.26,,,Ⅱ
2023-01-01T20:00:00+08:00,1672574400,6.5,7.9,10.94,951.0,53.4,3.34,0.344,0.102,4.36,,,Ⅲ
2023-01-02T04:00:00+08:00,1672603200,6.5,7.93,11.47,965.9,45.6,3.37,0.309,0.098,4.33,,,Ⅱ
2023-01-02T08:00:00+08:00,1672617600,6.5,7.89,10.79,937.4,50.3,3.27,0.341,0.101,4.3,,,Ⅲ
2023-01-02T12:00:00+08:00,1672632000,6.6,7.93,11.02,966.1,45.5,3.52,0.308,0.1,4.24,,,Ⅲ
2023-01-02T16:00:00+08:00,1672646400,6.6,7.97,11.07,960.8,66.9,3.5,0.277,0.102,4.22,,,Ⅲ
2023-01-02T20:00:00+08:00,1672660800,6.7,7.94,10.94,968.4,54.4,3.44,0.297,0.102,4.29,,,Ⅲ
2023-01-03T04:00:00+08:00,1672689600,6.6,7.89,10.65,943.6,40.5,3.36,0.326,0.099,4.34,,,Ⅱ
2023-01-03T12:00:00+08:00,1672718400,7.2,7.92,10.85,947.0,55.1,3.41,0.301,0.101,4.19,,,Ⅲ
2023-01-03T16:00:00+08:00,1672732800,7.6,8.0,11.15,951.2,60.4,3.56,0.257,0.098,4.14,,,Ⅱ
2023-01-03T20:00:00+08:00,1672747200,7.2,7.94,10.85,941.4,54.1,3.25,0.311,0.104,4.22,,,Ⅲ
2023-01-04T04:00:00+08:00,1672776000,6.9,7.9,10.62,939.2,67.9,3.19,0.325,0.103,4.3,,,Ⅲ
2023-01-04T08:00:00+08:00,1672790400,6.8,7.92,10.73,947.5,57.1,3.41,0.309,0.103,4.28,,,Ⅲ
2023-01-04T12:00:00+08:00,1672804800,7.4,7.94,10.87,951.1,57.1,3.51,0.277,0.102,4.22,,,Ⅲ
2023-01-04T16:00:00+08:00,1672819200,7.9,8.03,10.6,952.1,90.5,3.52,0.251,0.1,4.16,,,Ⅱ
2023-01-04T20:00:00+08:00,1672833600,7.4,8.0,10.89,948.2,53.8,3.69,0.264,0.109,4.19,,,Ⅲ
2023-01-05T04:00:00+08:00,1672862400,7.3,7.92,10.42,951.4,155.1,3.32,0.284,0.103,4.28,,,Ⅲ
2023-01-05T08:00:00+08:00,1672876800,7.3,7.9,10.57,933.2,85.0,3.3,0.298,0.106,4.32,,,Ⅲ
2023-01-05T12:00:00+08:00,1672891200,7.8,7.95,10.49,934.4,68.0,3.38,0.275,0.104,4.15,,,Ⅲ
2023-01-05T16:00:00+08:00,1672905600,8.1,8.05,11.04,948.7,67.9,3.79,0.238,0.103,4.06,,,Ⅲ
2023-01-05T20:00:00+08:00,1672920000,8.1,8.05,10.99,945.8,67.9,3.43,0.226,0.101,4.08,,,Ⅲ
2023-01-06T00:00:00+08:00,1672934400,8.0,7.98,10.56,945.6,71.5,3.5,0.267,0.101,4.23,,,Ⅲ
2023-01-06T04:00:00+08:00,1672948800,8.0,7.96,10.45,949.5,82.8,3.43,0.254,0.098,4.22,,,Ⅱ
2023-01-06T08:00:00+08:00,1672963200,8.0,7.95,10.49,946.6,62.3,3.41,0.259,0.099,4.23,,,Ⅱ
2023-01-06T12:00:00+08:00,1672977600,8.6,7.9,10.12,908.7,66.1,3.41,0.275,0.1,4.16,,,Ⅱ
2023-01-06T16:00:00+08:00,1672992000,8.7,8.01,10.69,926.0,60.3,3.53,0.236,0.097,4.12,,,Ⅱ
2023-01-06T20:00:00+08:00,1673006400,8.7,8.07,11.02,935.1,63.9,3.46,0.212,0.102,4.05,,,Ⅲ
2023-01-07T00:00:00+08:00,1673020800,8.5,7.97,10.45,927.4,73.0,3.5,0.267,0.103,4.19,,,Ⅲ
2023-01-07T04:00:00+08:00,1673035200,8.4,7.97,10.48,936.9,72.3,3.33,0.251,0.102,4.11,,,Ⅲ
2023-01-07T08:00:00+08:00,1673049600,8.3,7.97,10.45,935.9,61.8,3.51,0.249,0.103,4.19,,,Ⅲ
2023-01-07T12:00:00+08:00,1673064000,8.7,7.98,10.47,923.5,85.4,3.58,0.24,0.1,4.09,,,Ⅲ
2023-01-07T16:00:00+08:00,1673078400,8.8,8.04,10.72,920.9,80.0,3.71,0.223,0.097,4.09,,,Ⅱ
2023-01-07T20:00:00+08:00,1673092800,8.7,8.2,11.45,935.4,139.1,3.88,0.171,0.102,3.94,,,Ⅲ
2023-01-08T00:00:00+08:00,1673107200,8.7,8.1,10.94,937.8,88.2,3.76,0.214,0.104,4.14,,,Ⅲ
2023-01-08T04:00:00+08:00,1673121600,8.6,8.03,10.59,940.3,83.7,3.55,0.224,0.1,4.07,,,Ⅱ
2023-01-08T08:00:00+08:00,1673136000,8.5,8.03,10.63,938.5,70.8,3.56,0.221,0.098,4.18,,,Ⅱ
2023-01-08T12:00:00+08:00,1673150400,8.8,8.07,10.85,931.9,69.2,3.46,0.203,0.099,4.1,,,Ⅱ
2023-01-08T16:00:00+08:00,1673164800,9.1,8.12,11.09,924.2,74.1,3.71,0.208,0.099,4.04,,,Ⅱ
2023-01-08T20:00:00+08:00,1673179200,8.9,8.28,11.66,931.2,62.0,3.89,0.144,0.102,3.84,,,Ⅲ
2023-01-09T00:00:00+08:00,1673193600,8.8,8.14,11.07,931.5,103.1,3.76,0.2,0.104,4.02,,,Ⅲ
2023-01-09T04:00:00+08:00,1673208000,8.7,8.07,10.76,936.4,102.6,3.48,0.208,0.1,3.96,,,Ⅱ
2023-01-09T08:00:00+08:00,1673222400,8.7,8.12,10.96,939.6,89.4,3.53,0.182,0.1,4.02,,,Ⅲ
2023-01-09T12:00:00+08:00,1673236800,9.0,8.09,10.9,933.6,68.0,3.79,0.182,0.098,4.06,,,Ⅱ
2023-01-09T16:00:00+08:00,1673251200,9.5,8.08,10.77,914.4,67.8,3.7,0.203,0.097,4.08,,,Ⅱ
2023-01-09T20:00:00+08:00,1673265600,9.3,8.35,11.8,924.1,107.9,4.31,0.136,0.114,3.71,,,Ⅲ
2023-01-10T00:00:00+08:00,1673280000,9.2,8.29,11.58,926.1,84.4,4.07,0.134,0.1,3.8,,,Ⅲ
2023-01-10T04:00:00+08:00,1673294400,9.1,8.14,11.03,930.4,67.5,3.46,0.169,0.096,3.98,,,Ⅱ
2023-01-10T08:00:00+08:00,1673308800,9.1,8.28,11.57,921.5,62.6,3.88,0.108,0.098,3.73,,,Ⅱ
2023-01-10T12:00:00+08:00,1673323200,9.5,8.26,11.44,930.7,87.6,3.93,0.129,0.097,3.9,,,Ⅱ
2023-01-10T16:00:00+08:00,1673337600,10.1,8.13,10.02,933.0,79.0,3.7,0.155,0.091,4.06,,,Ⅱ
2023-01-10T20:00:00+08:00,1673352000,9.8,8.41,11.87,920.7,73.5,3.9,0.095,0.1,3.73,,,Ⅲ
2023-01-11T00:00:00+08:00,1673366400,9.5,8.32,11.72,927.7,69.5,3.69,0.116,0.097,3.85,,,Ⅱ
2023-01-11T04:00:00+08:00,1673380800,9.4,8.18,11.34,937.2,62.8,3.6,0.144,0.095,4.01,,,Ⅱ
2023-01-11T08:00:00+08:00,1673395200,9.3,8.2,11.44,936.6,50.4,3.62,0.127,0.099,3.98,,,Ⅱ
2023-01-11T12:00:00+08:00,1673409600,10.0,8.28,11.51,944.0,65.5,3.93,0.122,0.096,3.88,,,Ⅱ
2023-01-11T16:00:00+08:00,1673424000,10.4,8.21,11.11,921.4,70.1,3.88,0.158,0.092,3.89,,,Ⅱ
2023-01-11T20:00:00+08:00,1673438400,10.3,8.4,11.66,921.8,79.1,3.88,0.158,0.092,3.89,,,Ⅱ
2023-01-12T00:00:00+08:00,1673452800,10.2,8.37,11.55,922.0,69.1,3.98,0.11,0.097,3.68,,,Ⅱ
2023-01-12T04:00:00+08:00,1673467200,10.3,8.18,11.05,925.1,73.1,3.53,0.139,0.099,3.87,,,Ⅱ
2023-01-12T08:00:00+08:00,1673481600,10.3,8.21,11.11,920.4,65.3,3.82,0.121,0.094,3.79,,,Ⅱ
2023-01-12T12:00:00+08:00,1673496000,11.0,8.24,11.1,924.7,64.3,3.85,0.119,0.092,3.82,,,Ⅱ
2023-01-12T16:00:00+08:00,1673510400,11.6,8.37,11.32,923.4,63.6,3.89,0.108,0.094,3.86,,,Ⅱ
2023-01-12T20:00:00+08:00,1673524800,11.6,8.38,11.28,909.4,69.4,4.11,0.083,0.091,3.62,,,Ⅲ
2023-01-13T00:00:00+08:00,1673539200,11.6,8.34,11.25,902.0,58.0,3.93,0.079,0.092,3.61,,,Ⅱ
2023-01-13T04:00:00+08:00,1673553600,11.7,8.26,11.01,919.3,60.1,3.83,0.104,0.091,3.79,,,Ⅱ
2023-01-13T08:00:00+08:00,1673568000,11.8,8.22,10.86,915.0,55.9,3.78,0.097,0.095,3.83,,,Ⅱ
2023-01-13T12:00:00+08:00,1673582400,12.0,8.24,10.86,909.5,50.5,3.55,0.098,0.091,3.79,,,Ⅱ
2023-01-13T16:00:00+08:00,1673596800,12.3,8.14,10.49,889.8,90.0,3.64,0.13,0.094,3.86,,,Ⅱ
2023-01-13T20:00:00+08:00,1673611200,12.4,8.2,10.6,890.2,63.4,3.69,0.101,0.093,3.61,,,Ⅱ
2023-01-14T00:00:00+08:00,1673625600,12.5,8.2,10.6,886.3,63.7,3.76,0.092,0.093,3.6,,,Ⅱ
2023-01-14T04:00:00+08:00,1673640000,12.5,8.07,10.24,890.9,61.7,3.66,0.139,0.095,3.87,,,Ⅱ
2023-01-14T08:00:00+08:00,1673654400,12.5,8.02,10.06,891.4,54.5,3.53,0.153,0.095,3.9,,,Ⅱ
2023-01-14T12:00:00+08:00,1673668800,12.5,8.07,10.2,887.9,51.2,3.61,0.138,0.096,3.81,,,Ⅱ
2023-01-14T16:00:00+08:00,1673683200,12.3,7.99,10.01,886.3,81.2,3.64,0.186,0.102,3.96,,,Ⅲ
2023-01-14T20:00:00+08:00,1673697600,12.0,8.02,10.13,888.0,65.1,3.51,0.17,0.106,3.95,,,Ⅲ
2023-01-15T00:00:00+08:00,1673712000,11.9,8.09,10.37,870.6,52.2,3.65,0.121,0.098,3.61,,,Ⅱ
2023-01-15T04:00:00+08:00,1673726400,11.5,8.02,10.22,886.5,500.0,3.47,0.178,0.1,3.91,,,Ⅲ
2023-01-15T08:00:00+08:00,1673740800,10.9,7.94,10.02,883.3,49.1,3.52,0.224,0.105,4.18,,,Ⅲ
2023-01-15T12:00:00+08:00,1673755200,10.8,7.98,10.21,887.6,48.2,3.37,0.204,0.102,4.16,,,Ⅲ
2023-01-15T20:00:00+08:00,1673784000,9.5,7.92,10.36,869.0,49.0,,0.278,0.112,4.32,,,
2023-01-16T00:00:00+08:00,1673798400,9.2,7.92,10.41,869.5,50.9,,0.269,0.111,4.3,,,
2023-01-16T08:00:00+08:00,1673827200,8.7,7.9,10.39,895.4,52.0,,0.322,0.115,4.51,,,
2023-01-16T12:00:00+08:00,1673841600,8.7,7.92,10.42,897.2,43.4,,0.329,0.113,4.54,,,
2023-01-16T16:00:00+08:00,1673856000,8.7,7.58,10.49,897.8,71.7,3.92,0.207,0.116,4.62,,,Ⅲ
2023-01-16T20:00:00+08:00,1673870400,8.7,7.58,10.52,890.1,91.9,3.78,0.347,0.115,4.57,,,Ⅲ
2023-01-17T00:00:00+08:00,1673884800,8.7,7.57,10.4,902.2,45.4,3.95,0.279,0.116,4.62,,,Ⅲ
2023-01-17T04:00:00+08:00,1673899200,8.5,7.55,10.37,902.5,91.7,3.71,0.359,0.116,4.59,,,Ⅲ
2023-01-17T08:00:00+08:00,1673913600,8.3,7.54,10.37,910.1,44.6,4.0,0.348,0.117,4.58,,,Ⅲ
2023-01-17T12:00:00+08:00,1673928000,8.6,7.56,10.42,911.2,76.7,3.85,0.334,0.11,4.6,,,Ⅲ
2023-01-17T16:00:00+08:00,1673942400,8.7,7.57,10.4,909.2,67.8,3.89,0.334,0.112,4.58,,,Ⅲ
2023-01-17T20:00:00+08:00,1673956800,8.7,7.55,10.44,858.9,61.2,3.68,0.324,0.109,4.48,,,Ⅲ
2023-01-18T00:00:00+08:00,1673971200,8.7,7.55,9.81,881.7,134.5,0.36,0.065,0.081,4.59,,,Ⅱ
2023-01-18T04:00:00+08:00,1673985600,8.5,7.54,9.94,895.3,68.8,0.25,0.031,0.081,,,,Ⅱ
2023-01-18T08:00:00+08:00,1674000000,8.2,7.54,10.15,907.4,82.1,0.25,0.025,0.097,,,,Ⅱ
2023-01-18T12:00:00+08:00,1674014400,8.6,7.55,9.57,917.1,38.5,0.25,0.025,0.097,,,,Ⅱ
2023-01-18T16:00:00+08:00,1674028800,8.7,7.57,9.69,921.0,83.2,4.01,0.332,0.113,4.58,,,Ⅲ
2023-01-18T20:00:00+08:00,1674043200,8.4,7.56,10.43,918.5,63.9,3.82,0.323,0.112,4.59,,,Ⅲ
2023-01-19T00:00:00+08:00,1674057600,8.3,7.55,10.56,895.8,44.0,3.62,0.324,0.111,4.57,,,Ⅲ
2023-01-19T04:00:00+08:00,1674072000,8.0,7.55,10.63,909.7,52.4,3.61,0.325,0.111,4.62,,,Ⅲ
2023-01-28T08:00:00+08:00,1674864000,5.7,7.66,11.42,896.6,75.6,3.72,0.233,0.109,4.71,,,Ⅲ
2023-01-28T12:00:00+08:00,1674878400,6.3,7.7,11.42,894.1,72.8,3.84,0.204,0.104,4.71,,,Ⅲ
2023-01-28T16:00:00+08:00,1674892800,6.5,7.71,11.52,893.5,53.8,3.77,0.21,0.102,4.66,,,Ⅲ
2023-01-28T20:00:00+08:00,1674907200,6.2,7.7,11.53,887.6,54.4,3.87,0.221,0.108,4.73,,,Ⅲ
2023-01-29T04:00:00+08:00,1674936000,5.8,7.68,11.5,889.1,43.9,3.64,0.233,0.113,4.74,,,Ⅲ
2023-01-29T08:00:00+08:00,1674950400,5.6,7.68,11.46,915.7,57.8,3.89,0.229,0.108,4.71,,,Ⅲ
2023-01-29T12:00:00+08:00,1674964800,6.4,7.71,11.65,912.9,34.1,3.86,0.202,0.104,4.7,,,Ⅲ
2023-01-29T16:00:00+08:00,1674979200,6.7,7.7,11.39,884.5,87.6,3.85,0.207,0.104,4.7,,,Ⅲ
2023-01-29T20:00:00+08:00,1674993600,6.5,7.7,11.53,902.8,82.6,3.89,0.219,0.107,4.72,,,Ⅲ
2023-01-30T04:00:00+08:00,1675022400,6.2,7.69,11.45,883.9,38.2,3.84,0.228,0.109,4.7,,,Ⅲ
2023-01-30T08:00:00+08:00,1675036800,5.9,7.69,11.58,909.6,46.2,3.81,0.215,0.108,4.68,,,Ⅲ
2023-01-30T12:00:00+08:00,1675051200,6.5,7.72,11.58,903.9,55.5,3.81,0.181,0.104,4.6,,,Ⅲ
2023-01-30T16:00:00+08:00,1675065600,7.1,7.73,11.46,904.6,79.9,3.62,0.178,0.101,4.67,,,Ⅲ
2023-01-30T20:00:00+08:00,1675080000,7.0,7.7,11.44,886.7,41.4,3.73,0.209,0.105,4.73,,,Ⅲ
2023-01-31T04:00:00+08:00,1675108800,6.7,7.69,11.39,896.5,63.9,3.7,0.21,0.107,4.65,,,Ⅲ
2023-01-31T08:00:00+08:00,1675123200,6.6,7.68,11.34,910.8,69.6,3.64,0.214,0.109,4.71,,,Ⅲ
2023-01-31T12:00:00+08:00,1675137600,7.3,7.71,11.32,911.4,57.1,3.68,0.178,0.102,4.64,,,Ⅲ
2023-01-31T16:00:00+08:00,1675152000,8.1,7.72,11.28,911.2,43.6,3.63,0.173,0.099,4.69,,,Ⅲ
2023-01-31T20:00:00+08:00,1675166400,7.6,7.7,11.28,902.0,67.7,3.82,0.192,0.104,4.71,,,Ⅱ
2023-02-01T04:00:00+08:00,1675195200,7.5,7.69,11.2,902.5,44.0,3.57,0.202,0.106,4.72,,,Ⅲ
2023-02-01T08:00:00+08:00,1675209600,7.4,7.67,11.23,900.1,101.2,3.67,0.212,0.11,4.67,,,Ⅲ
2023-02-01T12:00:00+08:00,1675224000,7.7,7.69,11.18,908.1,65.5,3.75,0.19,0.111,4.59,,,Ⅲ
2023-02-01T16:00:00+08:00,1675238400,8.1,7.76,11.44,910.4,62.5,3.77,0.144,0.102,4.44,,,Ⅲ
2023-02-01T20:00:00+08:00,1675252800,7.8,7.73,11.49,912.4,44.2,3.72,0.158,0.101,4.52,,,Ⅲ
2023-02-02T04:00:00+08:00,1675281600,7.6,7.72,11.31,917.7,78.9,3.68,0.16,0.099,4.41,,,Ⅱ
2023-02-02T08:00:00+08:00,1675296000,7.6,7.71,11.31,919.4,500.0,3.81,0.174,0.104,4.5,,,Ⅲ
2023-02-02T12:00:00+08:00,1675310400,7.7,7.71,11.28,917.6,33.4,3.77,0.184,0.103,4.63,,,Ⅲ
2023-02-02T16:00:00+08:00,1675324800,7.7,7.79,11.49,919.4,34.5,3.85,0.148,0.101,4.45,,,Ⅲ
2023-02-02T20:00:00+08:00,1675339200,7.6,7.73,11.36,918.8,36.4,4.0,0.16,0.101,4.48,,,Ⅲ
2023-02-03T04:00:00+08:00,1675368000,7.6,7.7,11.26,929.4,33.6,3.63,0.161,0.102,4.59,,,Ⅲ
2023-02-03T08:00:00+08:00,1675382400,7.6,7.7,11.16,924.1,36.3,3.73,0.175,0.106,4.56,,,Ⅲ
2023-02-03T12:00:00+08:00,1675396800,7.9,7.69,10.22,916.1,40.1,0.42,0.075,0.078,4.72,,,Ⅱ
2023-02-03T16:00:00+08:00,1675411200,8.1,7.73,10.04,916.3,39.9,2.01,0.071,0.107,,,,Ⅲ
2023-02-03T20:00:00+08:00,1675425600,7.8,7.73,11.21,913.5,33.1,3.92,0.16,0.1,4.35,,,Ⅲ
2023-02-04T04:00:00+08:00,1675454400,7.6,7.68,11.07,917.8,37.3,3.78,0.176,0.101,4.61,,,Ⅲ
2023-02-04T08:00:00+08:00,1675468800,7.5,7.68,11.12,917.1,35.5,3.71,0.175,0.102,4.58,,,Ⅲ
2023-02-04T12:00:00+08:00,1675483200,7.9,7.7,11.13,906.2,33.1,3.95,0.15,0.104,4.45,,,Ⅲ
2023-02-04T16:00:00+08:00,1675497600,8.2,7.73,11.12,903.5,35.2,3.78,0.136,0.096,4.33,,,Ⅱ
2023-02-04T20:00:00+08:00,1675512000,8.0,7.74,11.25,900.2,29.4,3.84,0.126,0.097,4.32,,,Ⅱ
2023-02-05T04:00:00+08:00,1675540800,7.8,7.69,11.21,902.4,37.1,3.68,0.137,0.097,4.48,,,Ⅱ
2023-02-05T12:00:00+08:00,1675569600,8.1,7.72,11.07,894.0,36.7,3.76,0.12,0.097,4.34,,,Ⅱ
2023-02-05T16:00:00+08:00,1675584000,8.3,7.74,11.15,893.5,34.7,3.72,0.11,0.093,4.22,,,Ⅱ
2023-02-05T20:00:00+08:00,1675598400,8.2,7.75,11.13,877.5,32.4,3.9,0.094,0.091,4.06,,,Ⅱ
2023-02-06T04:00:00+08:00,1675627200,8.3,7.7,10.93,891.9,35.1,3.59,0.111,0.094,4.32,,,Ⅱ
2023-02-06T08:00:00+08:00,1675641600,8.4,7.71,11.0,885.2,30.6,3.63,0.099,0.091,4.15,,,Ⅱ
2023-02-06T12:00:00+08:00,1675656000,8.6,7.71,10.84,896.0,36.0,3.76,0.11,0.094,4.27,,,Ⅱ
2023-02-06T16:00:00+08:00,1675670400,8.7,7.71,10.9,890.2,39.2,3.99,0.106,0.094,4.19,,,Ⅱ
2023-02-06T20:00:00+08:00,1675684800,8.7,7.73,10.9,861.8,29.8,3.7,0.087,0.091,3.95,,,Ⅱ
2023-02-07T04:00:00+08:00,1675713600,8.7,7.69,10.73,883.7,37.8,3.8,0.111,0.093,4.2,,,Ⅱ
2023-02-07T08:00:00+08:00,1675728000,8.7,7.7,10.77,857.1,33.2,3.77,0.084,0.089,3.89,,,Ⅱ
2023-02-07T12:00:00+08:00,1675742400,8.7,7.7,10.84,882.1,36.9,3.63,0.101,0.095,4.16,,,Ⅱ
2023-02-07T16:00:00+08:00,1675756800,8.9,7.7,10.63,877.3,39.7,3.72,0.115,0.096,4.14,,,Ⅱ
2023-02-07T20:00:00+08:00,1675771200,9.0,7.73,10.93,852.1,34.2,3.58,0.082,0.088,3.81,,,Ⅱ
2023-02-08T04:00:00+08:00,1675800000,8.8,7.67,10.75,871.9,44.0,3.84,0.123,0.096,4.14,,,Ⅱ
2023-02-08T08:00:00+08:00,1675814400,8.8,7.68,10.61,858.6,34.4,3.63,0.097,0.091,3.92,,,Ⅱ
2023-02-08T12:00:00+08:00,1675828800,8.9,7.67,10.85,871.6,42.5,3.77,0.121,0.095,4.13,,,Ⅱ
2023-02-08T16:00:00+08:00,1675843200,9.0,7.66,10.51,863.3,39.5,3.64,0.122,0.097,4.11,,,Ⅱ
2023-02-08T20:00:00+08:00,1675857600,8.9,7.71,10.64,857.2,48.4,3.64,0.107,0.092,3.99,,,Ⅱ
2023-02-09T04:00:00+08:00,1675886400,8.9,7.66,10.39,861.0,47.5,3.68,0.139,0.097,4.13,,,Ⅱ
2023-02-09T12:00:00+08:00,1675915200,9.0,7.69,10.43,856.4,42.2,3.76,0.121,0.095,4.01,,,Ⅱ
2023-02-09T20:00:00+08:00,1675944000,9.0,7.68,10.44,840.2,54.2,4.02,0.121,0.1,3.89,,,Ⅲ
2023-02-10T04:00:00+08:00,1675972800,9.0,7.65,10.17,851.5,52.2,3.81,0.161,0.105,4.22,,,Ⅲ
2023-02-10T08:00:00+08:00,1675987200,9.0,7.64,10.21,852.0,45.4,3.7,0.157,0.098,4.17,,,Ⅱ
2023-02-10T12:00:00+08:00,1676001600,9.0,7.65,10.23,851.7,64.1,3.71,0.163,0.1,4.27,,,Ⅱ
2023-02-10T16:00:00+08:00,1676016000,9.0,7.63,10.19,839.6,68.0,3.9,0.209,0.104,4.6,,,Ⅱ
2023-02-10T20:00:00+08:00,1676030400,9.0,7.64,10.02,844.6,63.4,3.81,0.212,0.107,4.37,,,Ⅲ
2023-02-11T04:00:00+08:00,1676059200,8.9,7.61,9.94,850.7,44.6,3.89,0.235,0.111,4.65,,,Ⅲ
2023-02-11T08:00:00+08:00,1676073600,8.9,7.61,9.94,843.4,57.6,4.04,0.25,0.108,4.53,,,Ⅲ
2023-02-11T12:00:00+08:00,1676088000,9.0,7.61,9.98,849.0,55.4,3.91,0.238,0.106,4.67,,,Ⅲ
2023-02-11T16:00:00+08:00,1676102400,9.1,7.6,9.84,849.8,52.4,4.0,0.276,0.116,4.82,,,Ⅲ
2023-02-11T20:00:00+08:00,1676116800,9.1,7.59,9.78,850.1,54.8,4.14,0.298,0.112,4.82,,,Ⅲ
2023-02-12T04:00:00+08:00,1676145600,9.2,7.58,10.39,850.1,46.2,4.09,0.311,0.114,4.99,,,Ⅲ
2023-02-12T08:00:00+08:00,1676160000,9.3,7.59,9.67,840.7,49.8,4.09,0.337,0.113,5.05,,,Ⅲ
2023-02-12T12:00:00+08:00,1676174400,9.6,7.59,9.65,844.4,53.6,4.08,0.341,0.116,5.19,,,Ⅲ
2023-02-12T16:00:00+08:00,1676188800,9.9,7.56,9.43,858.3,62.0,4.44,0.453,0.129,5.6,,,Ⅲ
2023-02-12T20:00:00+08:00,1676203200,9.9,7.56,9.37,860.8,63.5,4.61,0.476,0.129,5.68,,,Ⅲ
2023-02-13T04:00:00+08:00,1676232000,10.0,7.53,9.44,827.7,63.4,4.64,0.51,0.147,5.85,,,Ⅲ
2023-02-13T08:00:00+08:00,1676246400,10.0,7.51,9.55,839.4,51.3,4.89,0.593,0.162,6.12,,,Ⅲ
2023-02-13T12:00:00+08:00,1676260800,9.9,7.51,9.68,825.7,99.9,4.95,0.596,0.164,5.97,,,Ⅲ
2023-02-13T20:00:00+08:00,1676289600,9.5,7.53,9.59,802.9,66.4,4.84,0.539,0.158,5.9,,,Ⅲ
2023-02-14T04:00:00+08:00,1676318400,9.1,7.54,9.69,791.1,62.8,4.56,0.468,0.149,5.74,,,Ⅲ
2023-02-14T08:00:00+08:00,1676332800,8.8,7.54,9.89,800.5,64.7,4.44,0.495,0.153,5.9,,,Ⅲ
2023-02-14T12:00:00+08:00,1676347200,9.2,7.54,9.81,798.2,61.9,4.71,0.503,0.156,5.85,,,Ⅲ
2023-02-14T16:00:00+08:00,1676361600,9.6,7.52,9.51,804.0,62.7,4.78,0.553,0.167,6.19,,,Ⅲ
2023-02-14T20:00:00+08:00,1676376000,9.4,7.53,9.57,801.2,59.6,4.86,0.571,0.166,5.83,,,Ⅲ
2023-02-15T04:00:00+08:00,1676404800,9.0,7.52,9.72,795.8,72.1,4.75,0.576,0.175,5.93,,,Ⅲ
2023-02-15T08:00:00+08:00,1676419200,8.8,7.48,9.55,834.4,67.5,5.24,0.655,0.197,6.39,,,Ⅲ
2023-02-15T12:00:00+08:00,1676433600,9.2,7.49,9.36,833.2,51.9,5.46,0.677,0.194,6.41,,,Ⅲ
2023-02-15T16:00:00+08:00,1676448000,9.6,7.48,9.51,835.6,53.8,5.44,0.676,0.189,6.4,,,Ⅲ
2023-02-15T20:00:00+08:00,1676462400,9.5,7.52,9.67,796.6,61.6,4.7,0.557,0.173,6.0,,,Ⅲ
2023-02-16T04:00:00+08:00,1676491200,9.0,7.48,9.31,802.2,70.2,5.0,0.566,0.182,6.23,,,Ⅲ
2023-02-16T08:00:00+08:00,1676505600,8.8,7.47,9.51,820.7,72.0,4.99,0.54,0.182,6.31,,,Ⅲ
2023-02-16T12:00:00+08:00,1676520000,9.4,7.47,9.3,819.0,56.5,5.03,0.516,0.178,6.26,,,Ⅲ
2023-02-16T16:00:00+08:00,1676534400,9.9,7.47,9.01,823.5,56.5,5.1,0.546,0.181,6.41,,,Ⅲ
2023-02-16T20:00:00+08:00,1676548800,9.5,7.47,9.0,814.5,59.9,5.0,0.514,0.176,6.28,,,Ⅲ
2023-02-17T04:00:00+08:00,1676577600,9.4,7.45,9.13,807.6,49.2,4.94,0.571,0.18,6.38,,,Ⅲ
2023-02-17T08:00:00+08:00,1676592000,9.3,7.42,8.76,803.4,71.5,5.4,0.536,0.19,6.21,,,Ⅲ
2023-02-17T12:00:00+08:00,1676606400,9.6,7.45,8.98,810.6,66.7,5.42,0.511,0.188,6.21,,,Ⅲ
2023-02-17T16:00:00+08:00,1676620800,10.0,7.52,8.79,820.2,93.2,5.37,0.594,0.198,6.42,,,Ⅲ
2023-02-17T20:00:00+08:00,1676635200,9.7,7.54,8.74,811.4,104.5,5.08,0.582,0.196,6.28,,,Ⅲ
2023-02-18T04:00:00+08:00,1676664000,9.6,7.55,8.8,783.6,67.5,4.79,0.472,0.179,6.1,,,Ⅲ
2023-02-18T08:00:00+08:00,1676678400,9.6,7.56,8.66,800.2,85.5,5.16,0.48,0.187,6.11,,,Ⅲ
2023-02-18T12:00:00+08:00,1676692800,10.4,7.55,10.46,795.8,66.7,5.13,0.43,0.184,6.04,,,Ⅲ
2023-02-18T16:00:00+08:00,1676707200,11.0,7.56,8.52,790.6,80.2,5.14,0.478,0.188,6.16,,,Ⅲ
2023-02-18T20:00:00+08:00,1676721600,10.9,7.55,8.43,797.5,89.9,5.23,0.487,0.188,6.2,,,Ⅲ
2023-02-19T04:00:00+08:00,1676750400,10.8,7.55,8.29,792.0,91.3,4.88,0.449,0.179,6.06,,,Ⅲ
2023-02-19T08:00:00+08:00,1676764800,10.9,7.55,8.47,770.9,79.2,4.94,0.439,0.179,5.97,,,Ⅲ
2023-02-19T12:00:00+08:00,1676779200,11.3,7.56,8.48,749.0,79.2,4.8,0.412,0.178,5.81,,,Ⅲ
2023-02-19T16:00:00+08:00,1676793600,11.6,7.56,8.26,777.5,106.5,4.96,0.456,0.195,5.99,,,Ⅲ
2023-02-19T20:00:00+08:00,1676808000,11.3,7.54,8.35,792.5,109.3,4.98,0.481,0.187,6.09,,,Ⅲ
2023-02-20T04:00:00+08:00,1676836800,10.7,7.55,8.33,767.5,88.4,4.69,0.436,0.188,5.96,,,Ⅲ
2023-02-20T08:00:00+08:00,1676851200,10.6,7.55,8.53,774.4,66.9,4.75,0.44,0.183,6.04,,,Ⅲ
2023-02-20T12:00:00+08:00,1676865600,11.2,7.56,8.39,758.1,115.4,4.86,0.394,0.174,5.94,,,Ⅲ
2023-02-20T16:00:00+08:00,1676880000,11.7,7.56,8.49,751.3,94.7,4.9,0.379,0.171,5.98,,,Ⅲ
2023-02-20T20:00:00+08:00,1676894400,11.4,7.54,8.2,791.1,110.3,4.84,0.435,0.182,6.07,,,Ⅲ
2023-02-21T00:00:00+08:00,1676908800,11.0,7.56,8.62,754.1,87.7,4.84,0.411,0.18,5.92,,,Ⅲ
2023-02-21T04:00:00+08:00,1676923200,10.7,7.55,8.37,763.1,161.3,4.53,0.395,0.179,5.91,,,Ⅲ
2023-02-21T08:00:00+08:00,1676937600,10.6,7.55,8.46,777.9,64.9,4.94,0.418,0.182,6.04,,,Ⅲ
2023-02-21T12:00:00+08:00,1676952000,11.0,7.58,8.46,760.2,76.3,4.61,0.361,0.169,5.93,,,Ⅲ
2023-02-21T16:00:00+08:00,1676966400,11.2,7.56,8.52,750.0,71.6,4.65,0.353,0.172,5.82,,,Ⅲ
2023-02-21T20:00:00+08:00,1676980800,10.9,7.56,8.34,784.0,75.9,4.9,0.377,0.175,5.98,,,Ⅲ
2023-02-22T00:00:00+08:00,1676995200,10.8,7.56,8.63,778.6,96.7,4.74,0.385,0.177,6.04,,,Ⅲ
2023-02-22T04:00:00+08:00,1677009600,10.6,7.55,8.42,749.2,79.5,4.66,0.351,0.17,5.82,,,Ⅲ
2023-02-22T08:00:00+08:00,1677024000,10.5,7.55,9.28,784.9,91.7,4.84,0.368,0.173,6.06,,,Ⅲ
2023-02-22T12:00:00+08:00,1677038400,10.6,7.57,8.47,750.9,75.4,4.66,0.328,0.17,5.89,,,Ⅲ
2023-02-22T20:00:00+08:00,1677067200,10.6,7.55,8.25,776.7,65.6,5.33,0.375,0.187,6.0,,,Ⅲ
2023-02-23T00:00:00+08:00,1677081600,10.5,7.55,8.34,769.3,54.0,4.9,0.345,0.182,6.03,,,Ⅲ
2023-02-23T04:00:00+08:00,1677096000,10.3,7.55,8.46,751.1,56.8,4.8,0.336,0.182,5.96,,,Ⅲ
2023-02-23T08:00:00+08:00,1677110400,10.2,7.55,8.24,772.7,71.9,4.83,0.333,0.18,6.05,,,Ⅲ
2023-02-23T12:00:00+08:00,1677124800,10.3,7.56,8.75,756.5,77.6,5.02,0.334,0.176,5.96,,,Ⅲ
2023-02-23T16:00:00+08:00,1677139200,10.2,7.54,8.29,749.1,46.7,4.82,0.335,0.178,5.95,,,Ⅲ
2023-02-23T20:00:00+08:00,1677153600,10.1,7.55,8.13,777.3,48.5,5.02,0.331,0.181,6.01,,,Ⅲ
2023-02-24T00:00:00+08:00,1677168000,10.0,7.54,8.17,772.2,36.1,4.86,0.336,0.18,6.06,,,Ⅲ
2023-02-24T04:00:00+08:00,1677182400,9.8,7.54,8.25,744.7,52.5,4.7,0.319,0.177,5.95,,,Ⅲ
2023-02-24T08:00:00+08:00,1677196800,9.7,7.53,8.16,771.4,50.0,4.96,0.31,0.176,5.98,,,Ⅲ
2023-02-24T12:00:00+08:00,1677211200,10.0,7.55,9.92,759.4,41.8,4.82,0.314,0.175,5.93,,,Ⅲ
2023-02-24T16:00:00+08:00,1677225600,10.4,7.55,8.22,735.0,51.7,4.8,0.283,0.171,5.93,,,Ⅲ
2023-02-24T20:00:00+08:00,1677240000,10.1,7.55,8.09,762.7,59.3,4.75,0.293,0.177,6.0,,,Ⅲ
2023-02-25T00:00:00+08:00,1677254400,9.9,7.55,8.15,756.6,47.9,4.73,0.311,0.176,6.01,,,Ⅲ
2023-02-25T04:00:00+08:00,1677268800,9.9,7.54,8.34,733.1,53.2,4.8,0.3,0.174,5.87,,,Ⅲ
2023-02-25T08:00:00+08:00,1677283200,9.7,7.55,8.05,756.9,37.3,5.06,0.293,0.178,5.94,,,Ⅲ
2023-02-25T12:00:00+08:00,1677297600,10.3,7.56,9.04,757.2,44.6,4.7,0.271,0.179,5.94,,,Ⅲ
2023-02-25T16:00:00+08:00,1677312000,10.7,7.57,8.5,729.2,52.2,4.74,0.264,0.17,5.91,,,Ⅲ
2023-02-25T20:00:00+08:00,1677326400,10.3,7.57,8.45,744.0,47.1,4.83,0.27,0.172,5.99,,,Ⅲ
2023-02-26T00:00:00+08:00,1677340800,10.1,7.57,8.49,744.0,46.1,4.59,0.279,0.173,5.95,,,Ⅲ
2023-02-26T04:00:00+08:00,1677355200,9.8,7.56,8.65,725.8,48.4,4.6,0.261,0.186,5.72,,,Ⅲ
2023-02-26T08:00:00+08:00,1677369600,9.6,7.56,8.72,725.0,43.2,4.46,0.277,0.171,5.83,,,Ⅲ
2023-02-26T12:00:00+08:00,1677384000,10.4,7.58,8.52,730.7,52.4,4.51,0.238,0.166,5.85,,,Ⅲ
2023-02-26T16:00:00+08:00,1677398400,10.6,7.57,8.65,723.3,68.0,4.82,0.253,0.177,5.86,,,Ⅲ
2023-02-26T20:00:00+08:00,1677412800,10.3,7.59,8.69,709.4,40.8,4.56,0.269,0.176,5.74,,,Ⅲ
2023-02-27T00:00:00+08:00,1677427200,10.2,7.59,8.7,720.3,54.9,4.52,0.258,0.173,5.79,,,Ⅲ
2023-02-27T04:00:00+08:00,1677441600,9.9,7.58,9.1,700.4,56.0,4.52,0.293,0.18,5.7,,,Ⅲ
2023-02-27T08:00:00+08:00,1677456000,9.7,7.58,8.87,720.6,40.0,4.74,0.224,0.179,5.72,,,Ⅲ
2023-02-27T16:00:00+08:00,1677484800,10.8,7.59,8.69,713.3,48.9,4.78,0.215,0.173,5.72,,,Ⅲ
2023-02-27T20:00:00+08:00,1677499200,10.7,7.58,8.78,711.0,62.0,4.96,0.233,0.175,5.63,,,Ⅲ
2023-02-28T04:00:00+08:00,1677528000,10.2,7.6,8.96,700.4,55.3,4.75,0.234,0.174,5.62,,,Ⅲ
2023-02-28T12:00:00+08:00,1677556800,11.1,7.61,9.19,718.0,39.1,4.57,0.207,0.162,5.65,,,Ⅲ
2023-02-28T16:00:00+08:00,1677571200,11.2,7.61,8.71,708.9,91.1,4.65,0.182,0.178,5.55,,,Ⅲ
2023-02-28T20:00:00+08:00,1677585600,11.6,7.61,8.63,697.4,48.5,4.75,0.236,0.173,5.58,,,Ⅲ
2023-03-01T04:00:00+08:00,1677614400,11.5,7.6,8.64,715.6,58.0,4.73,0.179,0.179,5.6,,,Ⅲ
2023-03-01T08:00:00+08:00,1677628800,11.4,7.59,8.59,720.0,41.5,4.5,0.186,0.167,5.64,,,Ⅲ
2023-03-01T16:00:00+08:00,1677657600,12.1,7.61,8.46,718.5,58.4,4.62,0.184,0.162,5.64,,,Ⅲ
2023-03-01T20:00:00+08:00,1677672000,12.1,7.6,8.53,688.1,59.7,4.78,0.201,0.17,5.38,,,Ⅲ
2023-03-02T04:00:00+08:00,1677700800,11.6,7.6,10.02,712.1,65.8,4.88,0.203,0.179,5.44,,,Ⅲ
2023-03-02T08:00:00+08:00,1677715200,11.4,7.61,8.65,713.7,57.9,4.91,0.174,0.168,5.46,,,Ⅲ
2023-03-02T12:00:00+08:00,1677729600,12.0,7.61,8.58,715.5,51.6,4.8,0.159,0.176,5.32,,,Ⅲ
2023-03-02T16:00:00+08:00,1677744000,12.5,7.64,8.59,750.1,74.0,4.83,0.156,0.166,5.44,,,Ⅲ
2023-03-02T20:00:00+08:00,1677758400,12.1,7.62,8.73,717.9,81.0,4.88,0.137,0.165,5.46,,,Ⅲ
2023-03-03T04:00:00+08:00,1677787200,11.7,7.62,8.67,710.2,97.0,4.82,0.163,0.186,5.35,,,Ⅲ
2023-03-03T08:00:00+08:00,1677801600,11.5,7.62,8.78,707.1,53.7,4.69,0.133,0.173,5.27,,,Ⅲ
2023-03-03T12:00:00+08:00,1677816000,12.2,7.62,9.15,714.8,61.1,4.66,0.132,0.168,5.28,,,Ⅲ
2023-03-03T16:00:00+08:00,1677830400,12.5,7.65,8.74,740.4,67.9,4.7,0.136,0.167,5.38,,,Ⅲ
2023-03-03T20:00:00+08:00,1677844800,12.1,7.63,8.65,717.5,61.9,4.95,0.156,0.176,5.29,,,Ⅲ
2023-03-04T04:00:00+08:00,1677873600,11.8,7.64,8.78,696.9,46.6,4.66,0.163,0.161,5.29,,,Ⅲ
2023-03-04T08:00:00+08:00,1677888000,11.8,7.63,8.81,713.1,43.6,4.77,0.144,0.157,5.3,,,Ⅲ
2023-03-04T12:00:00+08:00,1677902400,12.6,7.63,8.68,684.8,74.1,4.84,0.18,0.154,5.06,,,Ⅲ
2023-03-04T16:00:00+08:00,1677916800,13.0,7.66,8.63,738.2,51.3,4.86,0.169,0.149,5.37,,,Ⅲ
2023-03-04T20:00:00+08:00,1677931200,12.7,7.65,8.75,736.7,53.3,4.41,0.17,0.15,5.34,,,Ⅲ
2023-03-05T04:00:00+08:00,1677960000,12.3,7.63,8.56,712.6,56.7,4.24,0.184,0.141,5.34,,,Ⅲ
2023-03-05T08:00:00+08:00,1677974400,12.3,7.63,8.48,708.0,51.3,4.38,0.179,0.145,5.29,,,Ⅲ
2023-03-05T12:00:00+08:00,1677988800,12.9,7.64,8.53,690.5,74.8,4.48,0.156,0.146,5.05,,,Ⅲ
2023-03-05T16:00:00+08:00,1678003200,13.2,7.67,8.64,727.4,65.7,4.47,0.15,0.146,5.21,,,Ⅲ
2023-03-05T20:00:00+08:00,1678017600,13.0,7.66,8.92,727.3,50.9,4.52,0.149,0.132,5.29,,,Ⅲ
2023-03-06T04:00:00+08:00,1678046400,12.9,7.65,8.43,718.5,76.4,4.38,0.165,0.147,5.2,,,Ⅲ
2023-03-06T08:00:00+08:00,1678060800,12.8,7.65,8.55,722.7,63.6,4.17,0.161,0.14,5.19,,,Ⅲ
2023-03-06T12:00:00+08:00,1678075200,13.3,7.66,8.57,707.1,89.1,4.41,0.139,0.135,5.11,,,Ⅲ
2023-03-06T16:00:00+08:00,1678089600,14.0,7.68,8.42,729.1,71.7,4.43,0.131,0.135,5.09,,,Ⅲ
2023-03-06T20:00:00+08:00,1678104000,13.7,7.68,8.56,735.2,80.2,4.46,0.123,0.136,5.13,,,Ⅲ
2023-03-07T04:00:00+08:00,1678132800,13.3,7.66,8.4,711.7,87.9,4.38,0.141,0.135,5.09,,,Ⅲ
2023-03-07T08:00:00+08:00,1678147200,13.3,7.66,8.61,721.3,62.7,4.37,0.132,0.133,5.07,,,Ⅲ
2023-03-07T12:00:00+08:00,1678161600,14.1,7.67,8.47,703.9,66.4,4.28,0.126,0.133,5.0,,,Ⅲ
2023-03-07T20:00:00+08:00,1678190400,14.6,7.71,8.52,740.8,50.0,4.19,0.106,0.131,5.11,,,Ⅲ
2023-03-08T04:00:00+08:00,1678219200,14.2,7.67,8.39,719.2,58.2,4.2,0.127,0.139,4.99,,,Ⅲ
2023-03-08T08:00:00+08:00,1678233600,14.2,7.68,8.32,731.5,55.0,4.26,0.113,0.131,5.01,,,Ⅲ
2023-03-08T12:00:00+08:00,1678248000,14.5,7.68,8.33,717.7,79.2,4.61,0.123,0.138,4.95,,,Ⅲ
2023-03-08T16:00:00+08:00,1678262400,14.9,7.7,8.41,715.6,48.4,4.26,0.108,0.129,5.0,,,Ⅲ
2023-03-08T20:00:00+08:00,1678276800,14.9,7.7,8.43,747.8,56.6,4.29,0.098,0.13,4.93,,,Ⅲ
2023-03-09T04:00:00+08:00,1678305600,14.7,7.68,8.33,718.5,59.6,4.22,0.102,0.131,4.96,,,Ⅲ
2023-03-09T08:00:00+08:00,1678320000,14.7,7.69,8.3,746.4,56.6,4.5,0.095,0.133,4.92,,,Ⅲ
2023-03-09T12:00:00+08:00,1678334400,15.5,7.68,8.37,720.1,65.3,4.34,0.095,0.127,5.0,,,Ⅲ
2023-03-09T16:00:00+08:00,1678348800,16.2,7.69,8.35,717.4,100.5,4.5,0.105,0.13,4.95,,,Ⅲ
2023-03-09T20:00:00+08:00,1678363200,16.1,7.72,8.4,747.2,58.3,4.6,0.1,0.132,4.94,,,Ⅲ
2023-03-10T04:00:00+08:00,1678392000,15.7,7.66,8.31,718.4,130.0,4.64,0.111,0.149,4.78,,,Ⅲ
2023-03-10T08:00:00+08:00,1678406400,15.7,7.7,8.28,754.3,62.3,4.38,0.106,0.126,4.88,,,Ⅲ
2023-03-10T12:00:00+08:00,1678420800,16.5,7.68,8.26,725.8,70.1,4.57,0.092,0.121,4.83,,,Ⅲ
2023-03-10T16:00:00+08:00,1678435200,16.9,7.7,8.32,720.0,66.5,4.65,0.097,0.128,4.75,,,Ⅲ
2023-03-10T20:00:00+08:00,1678449600,16.9,7.71,8.33,743.8,61.2,4.59,0.109,0.13,4.76,,,Ⅲ
2023-03-11T04:00:00+08:00,1678478400,16.7,7.69,8.29,722.1,79.4,4.5,0.089,0.126,4.68,,,Ⅲ
2023-03-11T08:00:00+08:00,1678492800,16.7,7.71,8.39,753.4,66.2,4.48,0.077,0.116,4.65,,,Ⅲ
2023-03-11T12:00:00+08:00,1678507200,16.9,7.73,8.42,740.4,57.6,4.29,0.077,0.114,4.73,,,Ⅲ
2023-03-11T16:00:00+08:00,1678521600,17.0,7.73,8.44,726.4,74.4,4.34,0.078,0.111,4.75,,,Ⅲ
2023-03-11T20:00:00+08:00,1678536000,17.1,7.74,8.39,747.4,79.0,4.44,0.073,0.114,4.67,,,Ⅲ
2023-03-12T04:00:00+08:00,1678564800,16.9,7.7,8.4,721.8,61.5,4.25,0.084,0.12,4.65,,,Ⅲ
2023-03-12T08:00:00+08:00,1678579200,16.9,7.7,8.15,749.2,82.8,4.55,0.081,0.127,4.51,,,Ⅲ
2023-03-12T12:00:00+08:00,1678593600,16.8,7.73,8.4,748.8,54.1,4.26,0.077,0.112,4.52,,,Ⅲ
2023-03-12T16:00:00+08:00,1678608000,16.8,7.73,8.44,723.6,70.0,4.39,0.079,0.12,4.64,,,Ⅲ
2023-03-12T20:00:00+08:00,1678622400,16.4,7.74,8.4,748.3,81.2,4.32,0.078,0.122,4.46,,,Ⅲ
2023-03-13T04:00:00+08:00,1678651200,15.7,7.71,8.54,719.9,64.8,4.14,0.08,0.118,4.56,,,Ⅲ
2023-03-13T08:00:00+08:00,1678665600,15.4,7.72,8.44,740.0,347.2,4.29,0.079,0.126,4.43,,,Ⅲ
2023-03-13T12:00:00+08:00,1678680000,16.1,7.74,8.48,741.0,49.2,4.33,0.149,0.112,4.39,,,Ⅲ
2023-03-13T16:00:00+08:00,1678694400,16.3,7.75,8.99,719.0,72.4,4.38,0.076,0.127,4.51,,,Ⅲ
2023-03-13T20:00:00+08:00,1678708800,15.9,7.74,8.61,719.6,63.8,4.28,0.1,0.112,4.6,,,Ⅲ
2023-03-14T04:00:00+08:00,1678737600,14.9,7.75,8.63,718.9,65.2,4.41,0.122,0.119,4.48,,,Ⅲ
2023-03-14T08:00:00+08:00,1678752000,14.7,7.74,8.69,723.8,47.1,4.14,0.086,0.106,4.64,,,Ⅲ
2023-03-14T16:00:00+08:00,1678780800,16.1,7.75,8.64,693.5,80.9,4.29,0.084,0.131,4.43,,,Ⅲ
2023-03-14T20:00:00+08:00,1678795200,15.8,7.78,8.77,724.9,67.8,4.43,0.072,0.114,4.57,,,Ⅲ
2023-03-15T04:00:00+08:00,1678824000,15.3,7.77,8.89,709.1,59.8,4.2,0.075,0.124,4.41,,,Ⅲ
2023-03-15T08:00:00+08:00,1678838400,15.1,7.77,8.86,729.4,72.9,4.12,0.087,0.114,4.47,,,Ⅲ
2023-03-15T12:00:00+08:00,1678852800,16.0,7.82,8.43,742.0,44.0,4.26,0.077,0.11,4.34,,,Ⅲ
2023-03-15T16:00:00+08:00,1678867200,16.4,7.81,8.74,730.6,55.5,4.34,0.073,0.107,4.49,,,Ⅲ
2023-03-15T20:00:00+08:00,1678881600,16.1,7.8,8.71,720.8,51.3,4.2,0.079,0.12,4.48,,,Ⅲ
2023-03-16T04:00:00+08:00,1678910400,15.8,7.8,8.76,709.5,51.5,3.99,0.079,0.11,4.43,,,Ⅲ
2023-03-16T08:00:00+08:00,1678924800,15.5,7.79,8.74,703.7,54.1,3.97,0.065,0.114,4.52,,,Ⅲ
2023-03-16T12:00:00+08:00,1678939200,15.8,7.81,8.84,736.8,53.6,4.26,0.07,0.117,4.22,,,Ⅲ
2023-03-16T20:00:00+08:00,1678968000,15.9,7.83,8.82,712.8,52.8,4.42,0.075,0.11,4.4,,,Ⅲ
2023-03-17T04:00:00+08:00,1678996800,15.2,7.84,8.85,730.7,53.3,4.01,0.096,0.118,4.33,,,Ⅲ
2023-03-17T08:00:00+08:00,1679011200,14.9,7.83,8.86,733.7,53.5,4.19,0.088,0.119,4.46,,,Ⅲ
2023-03-17T12:00:00+08:00,1679025600,14.8,7.84,8.86,741.2,47.3,4.07,0.089,0.109,4.29,,,Ⅲ
2023-03-17T16:00:00+08:00,1679040000,14.8,7.84,9.98,745.2,35.4,,0.029,0.103,4.19,,,
2023-03-17T20:00:00+08:00,1679054400,14.5,7.84,9.66,742.0,67.3,4.43,0.091,0.121,4.2,,,Ⅲ
2023-03-18T04:00:00+08:00,1679083200,13.9,7.81,8.87,708.1,52.3,4.17,0.092,0.107,4.38,,,Ⅲ
2023-03-18T08:00:00+08:00,1679097600,13.6,7.8,8.87,702.0,55.5,3.98,0.118,0.11,4.34,,,Ⅲ
2023-03-18T12:00:00+08:00,1679112000,13.6,7.81,8.98,724.7,56.3,3.76,0.076,0.107,4.39,,,Ⅲ
2023-03-18T16:00:00+08:00,1679126400,13.6,7.82,8.84,735.2,56.5,3.99,0.084,0.109,4.15,,,Ⅲ
2023-03-18T20:00:00+08:00,1679140800,13.5,7.81,8.81,731.1,43.4,4.26,0.11,0.112,4.21,,,Ⅲ
2023-03-19T04:00:00+08:00,1679169600,13.3,7.77,8.83,729.3,49.4,4.02,0.095,0.114,4.34,,,Ⅲ
2023-03-19T08:00:00+08:00,1679184000,13.3,7.77,8.77,718.3,54.9,4.07,0.1,0.111,4.33,,,Ⅲ
2023-03-19T16:00:00+08:00,1679212800,13.4,7.78,8.76,739.4,50.1,3.88,0.105,0.109,4.13,,,Ⅲ
2023-03-19T20:00:00+08:00,1679227200,13.3,7.77,8.88,736.6,46.8,4.2,0.102,0.112,4.13,,,Ⅲ
2023-03-20T04:00:00+08:00,1679256000,13.1,7.75,8.63,735.4,57.3,3.94,0.11,0.112,4.25,,,Ⅲ
2023-03-20T08:00:00+08:00,1679270400,13.2,7.75,9.49,730.3,43.6,3.86,0.098,0.108,4.32,,,Ⅲ
2023-03-20T12:00:00+08:00,1679284800,13.7,7.75,8.63,711.0,45.4,4.02,0.098,0.113,4.19,,,Ⅲ
2023-03-20T16:00:00+08:00,1679299200,13.8,7.76,8.54,738.9,51.5,3.94,0.096,0.116,4.13,,,Ⅲ
2023-03-20T20:00:00+08:00,1679313600,13.7,7.75,8.58,738.0,37.7,3.75,0.094,0.114,4.13,,,Ⅲ
2023-03-21T04:00:00+08:00,1679342400,13.7,7.73,8.96,720.3,50.7,5.84,0.104,0.116,4.06,,,Ⅲ
2023-03-21T08:00:00+08:00,1679356800,13.7,7.74,9.76,722.7,42.1,5.02,0.093,0.113,4.1,,,Ⅲ
2023-03-21T12:00:00+08:00,1679371200,13.9,7.73,8.57,713.4,46.6,4.34,0.111,0.11,4.25,,,Ⅲ
2023-03-21T16:00:00+08:00,1679385600,14.0,7.72,8.5,720.7,50.6,4.25,0.115,0.116,4.31,,,Ⅲ
2023-03-21T20:00:00+08:00,1679400000,14.0,7.68,8.39,717.0,38.7,4.21,0.106,0.109,4.37,,,Ⅲ
2023-03-22T04:00:00+08:00,1679428800,14.1,7.65,8.41,711.9,44.5,4.17,0.155,0.118,4.52,,,Ⅲ
2023-03-22T08:00:00+08:00,1679443200,14.0,7.65,8.17,717.7,44.4,3.99,0.168,0.113,4.48,,,Ⅲ
2023-03-22T12:00:00+08:00,1679457600,14.3,7.65,8.25,705.8,49.0,4.38,0.164,0.124,4.64,,,Ⅲ
2023-03-22T16:00:00+08:00,1679472000,14.4,7.63,8.11,701.0,78.6,4.97,0.163,0.124,4.6,,,Ⅲ
2023-03-22T20:00:00+08:00,1679486400,14.4,7.62,8.03,717.0,49.5,4.42,0.145,0.122,4.51,,,Ⅲ
2023-03-23T04:00:00+08:00,1679515200,14.5,7.6,8.16,687.6,48.4,4.24,0.155,0.127,4.56,,,Ⅲ
2023-03-23T08:00:00+08:00,1679529600,14.4,7.61,8.0,710.5,38.7,3.72,0.152,0.116,4.6,,,Ⅲ
2023-03-23T12:00:00+08:00,1679544000,14.6,7.59,8.13,688.1,38.4,4.14,0.151,0.119,4.7,,,Ⅲ
2023-03-23T16:00:00+08:00,1679558400,14.7,7.6,8.07,679.5,46.8,4.28,0.152,0.12,4.58,,,Ⅲ
2023-03-23T20:00:00+08:00,1679572800,14.5,7.59,8.15,704.9,40.2,4.46,0.14,0.118,4.55,,,Ⅲ
2023-03-24T04:00:00+08:00,1679601600,14.3,7.58,8.14,676.0,48.2,3.9,0.172,0.124,4.59,,,Ⅲ
2023-03-24T08:00:00+08:00,1679616000,14.2,7.59,8.02,699.7,46.5,4.19,0.169,0.12,4.62,,,Ⅲ
2023-03-24T12:00:00+08:00,1679630400,14.2,7.58,8.06,685.1,43.6,5.69,0.169,0.12,4.66,,,Ⅲ
2023-03-24T20:00:00+08:00,1679659200,14.0,7.58,8.63,697.3,79.1,5.66,0.073,0.13,,,,Ⅲ
2023-03-25T04:00:00+08:00,1679688000,13.6,7.57,8.04,670.3,66.2,3.94,0.084,0.124,4.59,,,Ⅲ
2023-03-25T08:00:00+08:00,1679702400,13.5,7.58,8.13,682.7,84.1,3.87,0.186,0.125,4.68,,,Ⅲ
2023-03-25T12:00:00+08:00,1679716800,13.5,7.58,9.91,678.0,62.6,3.59,0.191,0.121,4.71,,,Ⅲ
2023-03-25T16:00:00+08:00,1679731200,13.5,7.58,8.12,668.9,61.7,3.48,0.081,0.12,4.64,,,Ⅲ
2023-03-25T20:00:00+08:00,1679745600,13.3,7.57,8.08,680.4,58.3,3.8,0.081,0.115,4.74,,,Ⅲ
2023-03-26T04:00:00+08:00,1679774400,13.0,7.56,8.06,668.0,61.7,3.68,0.217,0.124,4.63,,,Ⅲ
2023-03-26T08:00:00+08:00,1679788800,13.0,7.57,7.79,682.9,80.6,3.93,0.085,0.121,,,,Ⅲ
2023-03-26T12:00:00+08:00,1679803200,13.8,7.57,7.86,679.8,38.5,4.07,0.076,0.118,4.82,,,Ⅲ
2023-03-26T16:00:00+08:00,1679817600,14.3,7.56,9.27,669.7,75.8,3.56,0.199,0.115,4.68,,,Ⅲ
2023-03-26T20:00:00+08:00,1679832000,14.0,7.56,7.77,678.8,55.7,3.94,0.079,0.119,,,,Ⅲ
2023-03-27T04:00:00+08:00,1679860800,13.8,7.55,8.1,664.1,119.5,3.82,0.088,0.122,4.57,,,Ⅲ
2023-03-27T08:00:00+08:00,1679875200,13.7,7.54,7.74,677.1,47.7,3.52,0.154,0.138,4.54,,,Ⅲ
2023-03-27T12:00:00+08:00,1679889600,14.6,7.55,7.78,673.1,38.5,3.24,0.082,0.121,4.6,,,Ⅲ
2023-03-27T16:00:00+08:00,1679904000,15.0,7.55,7.99,671.7,58.6,4.02,0.194,0.116,4.58,,,Ⅲ
2023-03-27T20:00:00+08:00,1679918400,14.8,7.54,7.9,668.5,34.3,3.76,0.2,0.116,4.67,,,Ⅲ
2023-03-28T04:00:00+08:00,1679947200,14.3,7.54,8.31,672.0,46.2,4.01,0.206,0.124,4.66,,,Ⅲ
2023-03-28T08:00:00+08:00,1679961600,14.3,7.54,8.51,678.3,36.6,3.44,0.196,0.116,4.68,,,Ⅲ
2023-03-28T12:00:00+08:00,1679976000,15.2,7.55,7.94,679.9,36.5,3.45,0.184,0.117,4.64,,,Ⅲ
2023-03-28T16:00:00+08:00,1679990400,15.7,7.55,8.11,678.3,53.8,3.61,0.178,0.121,4.61,,,Ⅲ
2023-03-28T20:00:00+08:00,1680004800,15.5,7.55,7.92,677.0,48.0,3.86,0.187,0.126,4.64,,,Ⅲ
2023-03-29T04:00:00+08:00,1680033600,15.1,7.57,8.33,674.8,116.0,3.72,0.187,0.12,4.54,,,Ⅲ
2023-03-29T08:00:00+08:00,1680048000,15.1,7.56,8.19,682.1,59.8,3.8,0.172,0.123,4.62,,,Ⅲ
2023-03-29T12:00:00+08:00,1680062400,15.2,7.56,8.21,687.1,43.4,3.71,0.176,0.116,4.69,,,Ⅲ
2023-03-29T16:00:00+08:00,1680076800,15.3,7.57,8.15,686.0,62.1,3.95,0.166,0.117,4.59,,,Ⅲ
2023-03-29T20:00:00+08:00,1680091200,15.1,7.56,8.24,675.9,39.6,3.95,0.181,0.123,4.61,,,Ⅲ
2023-03-30T04:00:00+08:00,1680120000,14.9,7.55,8.18,682.3,110.3,3.66,0.185,0.118,4.56,,,Ⅲ
2023-03-30T08:00:00+08:00,1680134400,14.7,7.54,8.11,685.5,58.4,3.82,0.179,0.116,4.59,,,Ⅲ
2023-03-30T12:00:00+08:00,1680148800,14.8,7.54,8.01,689.5,33.0,3.4,0.172,0.111,4.66,,,Ⅲ
2023-03-30T16:00:00+08:00,1680163200,14.9,7.55,8.07,684.8,79.9,3.83,0.187,0.12,4.54,,,Ⅲ
2023-03-30T20:00:00+08:00,1680177600,14.8,7.56,8.33,673.9,56.9,3.93,0.193,0.123,4.49,,,Ⅲ
2023-03-31T00:00:00+08:00,1680192000,14.7,7.55,8.06,679.3,38.8,3.79,0.193,0.118,4.49,,,Ⅲ
2023-03-31T04:00:00+08:00,1680206400,14.5,7.55,8.21,688.4,73.7,4.25,0.208,0.128,4.38,,,Ⅲ
2023-03-31T08:00:00+08:00,1680220800,14.5,7.54,8.1,690.2,44.3,3.71,0.19,0.119,4.58,,,Ⅲ
2023-03-31T12:00:00+08:00,1680235200,14.9,7.55,8.16,690.5,38.3,3.63,0.183,0.114,4.56,,,Ⅲ
2023-03-31T16:00:00+08:00,1680249600,14.9,7.56,7.96,693.1,49.2,3.68,0.192,0.12,4.57,,,Ⅲ
2023-03-31T20:00:00+08:00,1680264000,14.8,7.55,8.03,685.1,58.9,3.83,0.195,0.128,4.45,,,Ⅲ
2023-04-01T00:00:00+08:00,1680278400,14.9,7.55,7.95,678.6,56.6,3.64,0.203,0.125,4.45,,,Ⅲ
2023-04-01T04:00:00+08:00,1680292800,14.7,7.55,8.85,680.9,45.7,3.66,0.193,0.117,4.49,,,Ⅲ
2023-04-01T08:00:00+08:00,1680307200,14.7,7.53,8.2,682.8,41.5,3.74,0.181,0.118,4.53,,,Ⅲ
2023-04-01T12:00:00+08:00,1680321600,15.4,7.54,7.85,686.0,44.1,3.72,0.178,0.119,4.49,,,Ⅲ
2023-04-01T16:00:00+08:00,1680336000,15.9,7.55,7.83,699.4,51.6,3.6,0.182,0.112,4.53,,,Ⅲ
2023-04-01T20:00:00+08:00,1680350400,15.8,7.54,7.69,686.8,38.9,3.68,0.175,0.12,4.48,,,Ⅲ
2023-04-02T00:00:00+08:00,1680364800,15.9,7.55,7.89,679.7,59.6,4.13,0.196,0.132,4.28,,,Ⅲ
2023-04-02T04:00:00+08:00,1680379200,15.6,7.54,8.43,683.1,57.5,3.72,0.184,0.119,4.37,,,Ⅲ
2023-04-02T08:00:00+08:00,1680393600,15.7,7.55,8.02,681.8,40.2,3.63,0.169,0.119,4.39,,,Ⅲ
2023-04-02T12:00:00+08:00,1680408000,16.6,7.56,7.8,674.0,61.8,3.53,0.153,0.116,4.34,,,Ⅲ
2023-04-02T16:00:00+08:00,1680422400,16.9,7.57,7.78,706.3,91.4,3.9,0.145,0.118,4.41,,,Ⅲ
2023-04-02T20:00:00+08:00,1680436800,16.8,7.57,7.74,699.1,50.1,3.64,0.155,0.115,4.45,,,Ⅲ
2023-04-03T00:00:00+08:00,1680451200,16.8,7.57,7.77,683.0,57.9,3.66,0.158,0.118,4.42,,,Ⅲ
2023-04-03T04:00:00+08:00,1680465600,16.6,7.58,7.83,693.6,61.0,3.86,0.156,0.112,4.36,,,Ⅲ
2023-04-03T08:00:00+08:00,1680480000,16.6,7.59,7.82,687.8,107.4,3.84,0.149,0.113,4.38,,,Ⅲ
2023-04-03T12:00:00+08:00,1680494400,16.9,7.61,8.23,684.4,55.9,3.99,0.13,0.119,4.36,,,Ⅲ
2023-04-03T16:00:00+08:00,1680508800,17.1,7.64,7.99,706.4,94.2,3.97,0.127,0.125,4.31,,,Ⅲ
2023-04-03T20:00:00+08:00,1680523200,16.9,7.63,8.1,706.5,104.4,3.45,0.126,0.108,4.43,,,Ⅲ
2023-04-04T00:00:00+08:00,1680537600,16.9,7.64,8.14,685.6,51.4,3.93,0.129,0.118,4.4,,,Ⅲ
2023-04-04T04:00:00+08:00,1680552000,16.9,7.66,8.02,716.3,57.0,4.06,0.116,0.119,4.37,,,Ⅲ
2023-04-04T08:00:00+08:00,1680566400,16.9,7.68,8.23,710.8,58.5,3.86,0.114,0.112,4.43,,,Ⅲ
2023-04-04T12:00:00+08:00,1680580800,16.9,7.7,8.51,689.6,44.7,3.84,0.072,0.115,4.34,,,Ⅲ
2023-04-04T16:00:00+08:00,1680595200,17.2,7.69,8.22,710.4,49.4,4.24,0.063,0.116,4.32,,,Ⅲ
2023-04-04T20:00:00+08:00,1680609600,21.2,7.83,8.5,0.005,159.0,0.31,0.075,,,,,
2023-04-05T00:00:00+08:00,1680624000,17.6,7.61,7.0,682.8,60.0,5.12,0.037,0.137,4.37,,,Ⅲ
2023-04-05T04:00:00+08:00,1680638400,17.1,7.66,7.95,696.2,51.2,4.14,0.289,0.134,4.34,,,Ⅲ
2023-04-05T08:00:00+08:00,1680652800,17.0,7.66,8.03,692.8,165.6,3.91,0.109,0.113,4.4,,,Ⅲ
2023-04-05T12:00:00+08:00,1680667200,17.3,7.69,8.22,669.3,37.6,4.07,0.107,0.12,4.3,,,Ⅲ
2023-04-05T16:00:00+08:00,1680681600,17.5,7.72,8.33,677.4,39.0,4.09,0.104,0.112,4.32,,,Ⅲ
2023-04-05T20:00:00+08:00,1680696000,17.3,7.71,8.18,690.4,51.7,3.76,0.104,0.109,4.33,,,Ⅲ
2023-04-06T00:00:00+08:00,1680710400,17.0,7.7,8.32,661.0,187.2,3.76,0.108,0.114,4.31,,,Ⅲ
2023-04-06T04:00:00+08:00,1680724800,16.9,7.69,8.27,670.9,41.8,3.99,0.109,0.116,4.22,,,Ⅲ
2023-04-06T08:00:00+08:00,1680739200,16.9,7.7,8.19,689.1,34.4,3.71,0.107,0.108,4.32,,,Ⅲ
2023-04-06T12:00:00+08:00,1680753600,16.9,7.7,8.26,661.3,47.7,3.71,0.158,0.112,4.26,,,Ⅲ
2023-04-06T20:00:00+08:00,1680782400,16.8,7.7,8.11,686.3,36.8,3.82,0.104,0.11,4.26,,,Ⅲ
2023-04-07T00:00:00+08:00,1680796800,16.8,7.68,8.21,656.2,41.8,3.86,0.116,0.116,4.25,,,Ⅲ
2023-04-07T04:00:00+08:00,1680811200,16.6,7.66,8.0,655.2,36.4,3.68,0.121,0.118,4.2,,,Ⅲ
2023-04-07T08:00:00+08:00,1680825600,16.5,7.68,8.03,682.0,34.4,3.41,0.107,0.111,4.28,,,Ⅲ
2023-04-07T12:00:00+08:00,1680840000,16.9,7.69,8.1,655.4,41.1,3.72,0.113,0.111,4.3,,,Ⅲ
2023-04-07T16:00:00+08:00,1680854400,17.0,7.69,8.17,656.2,37.3,4.14,0.119,0.11,4.2,,,Ⅲ
2023-04-07T20:00:00+08:00,1680868800,16.9,7.69,8.0,674.6,35.1,3.9,0.102,0.113,4.23,,,Ⅲ
2023-04-08T00:00:00+08:00,1680883200,16.8,7.67,8.13,657.3,41.2,4.21,0.119,0.12,4.22,,,Ⅲ
2023-04-08T04:00:00+08:00,1680897600,16.7,7.67,8.09,658.3,41.7,4.24,0.133,0.12,4.16,,,Ⅲ
2023-04-08T08:00:00+08:00,1680912000,16.6,7.68,8.24,685.5,37.0,3.74,0.097,0.11,4.2,,,Ⅲ
2023-04-08T12:00:00+08:00,1680926400,17.1,7.69,8.16,666.3,39.0,3.98,0.105,0.112,4.14,,,Ⅲ
2023-04-08T16:00:00+08:00,1680940800,17.7,7.69,8.17,658.5,34.4,3.9,0.11,0.11,4.19,,,Ⅲ
2023-04-08T20:00:00+08:00,1680955200,17.3,7.7,8.12,674.3,30.1,3.57,0.101,0.111,4.26,,,Ⅲ
2023-04-09T00:00:00+08:00,1680969600,17.1,7.67,8.2,660.2,49.5,4.16,0.138,0.115,4.21,,,Ⅲ
2023-04-09T04:00:00+08:00,1680984000,16.9,7.67,8.12,659.2,42.3,4.28,0.121,0.115,4.18,,,Ⅲ
2023-04-09T08:00:00+08:00,1680998400,16.9,7.68,8.14,685.9,34.1,3.97,0.104,0.11,4.26,,,Ⅲ
2023-04-09T12:00:00+08:00,1681012800,17.6,7.69,8.1,668.2,37.5,3.46,0.091,0.107,4.12,,,Ⅲ
2023-04-09T16:00:00+08:00,1681027200,18.2,7.71,8.23,664.0,33.8,4.01,0.089,0.105,4.21,,,Ⅲ
2023-04-09T20:00:00+08:00,1681041600,17.9,7.71,8.19,673.7,33.7,3.44,0.082,0.104,4.22,,,Ⅲ
2023-04-10T00:00:00+08:00,1681056000,17.7,7.71,8.16,663.9,36.9,4.29,0.102,0.111,4.2,,,Ⅲ
2023-04-10T04:00:00+08:00,1681070400,17.3,7.7,8.12,663.0,36.2,4.36,0.104,0.135,3.96,,,Ⅲ
2023-04-10T08:00:00+08:00,1681084800,17.5,7.71,8.16,695.0,38.3,3.53,0.091,0.113,4.04,,,Ⅲ
2023-04-10T12:00:00+08:00,1681099200,18.3,7.73,8.36,678.3,32.0,3.51,0.078,0.104,4.12,,,Ⅲ
2023-04-10T16:00:00+08:00,1681113600,18.9,7.75,8.25,666.9,36.7,3.9,0.082,0.103,4.11,,,Ⅲ
2023-04-10T20:00:00+08:00,1681128000,18.6,7.74,8.17,678.8,31.0,3.88,0.08,0.103,4.18,,,Ⅲ
2023-04-11T00:00:00+08:00,1681142400,18.6,7.73,8.2,665.5,34.3,,0.082,0.105,4.18,,,
2023-04-11T04:00:00+08:00,1681156800,18.4,7.74,8.37,665.7,36.4,,0.081,0.105,4.15,,,
2023-04-11T08:00:00+08:00,1681171200,18.6,7.73,8.11,692.5,33.3,,0.071,0.104,4.17,,,
2023-04-11T12:00:00+08:00,1681185600,18.8,7.74,8.13,685.5,28.7,3.25,0.067,0.098,4.23,,,Ⅱ
2023-04-11T16:00:00+08:00,1681200000,19.0,7.62,8.02,671.8,33.8,4.55,0.076,0.103,4.17,,,Ⅲ
2023-04-11T20:00:00+08:00,1681214400,19.0,7.73,8.03,673.3,35.0,4.45,0.068,0.099,4.16,,,Ⅲ
2023-04-12T00:00:00+08:00,1681228800,18.9,7.74,8.04,671.8,30.9,3.74,0.07,0.108,4.13,,,Ⅲ
2023-04-12T04:00:00+08:00,1681243200,18.7,7.73,8.38,664.9,33.3,4.64,0.076,0.11,4.08,,,Ⅲ
2023-04-12T08:00:00+08:00,1681257600,18.7,7.73,8.0,688.8,35.4,4.25,0.073,0.106,4.1,,,Ⅲ
2023-04-12T12:00:00+08:00,1681272000,19.3,7.76,8.04,692.8,26.4,4.55,0.055,0.121,3.97,,,Ⅲ
2023-04-12T16:00:00+08:00,1681286400,19.6,7.78,8.55,676.1,32.4,,0.088,0.1,4.18,,,
2023-04-12T20:00:00+08:00,1681300800,19.3,7.77,7.82,669.3,42.0,3.39,0.088,0.104,4.16,,,Ⅲ
2023-04-13T00:00:00+08:00,1681315200,19.1,7.76,8.19,670.4,41.1,3.29,0.071,0.101,4.02,,,Ⅲ
2023-04-13T04:00:00+08:00,1681329600,18.7,7.79,8.32,670.7,41.9,3.03,0.073,0.111,3.98,,,Ⅲ
2023-04-13T08:00:00+08:00,1681344000,18.6,7.78,8.31,673.4,32.6,2.84,0.064,0.1,4.08,,,Ⅱ
2023-04-13T12:00:00+08:00,1681358400,19.0,7.81,8.34,685.7,29.4,3.08,0.054,0.096,4.05,,,Ⅱ
2023-04-13T16:00:00+08:00,1681372800,18.7,7.81,8.3,677.7,59.6,3.01,0.06,0.103,4.03,,,Ⅲ
2023-04-13T20:00:00+08:00,1681387200,18.6,7.87,8.93,677.1,38.6,3.14,0.062,0.102,4.0,,,Ⅲ
2023-04-14T00:00:00+08:00,1681401600,18.4,7.81,8.62,680.8,33.9,2.92,0.174,0.097,4.1,,,Ⅱ
2023-04-14T04:00:00+08:00,1681416000,18.2,7.79,8.7,680.0,106.8,3.07,0.038,0.108,4.0,,,Ⅲ
2023-04-14T08:00:00+08:00,1681430400,18.2,7.78,8.31,684.8,34.7,2.9,0.084,0.099,3.97,,,Ⅱ
2023-04-14T12:00:00+08:00,1681444800,18.3,7.78,8.27,698.5,28.1,3.1,0.073,0.098,3.96,,,Ⅱ
2023-04-14T16:00:00+08:00,1681459200,18.8,7.82,8.44,691.8,500.0,2.82,0.067,0.095,3.96,,,Ⅱ
2023-04-14T20:00:00+08:00,1681473600,18.8,7.79,8.26,682.4,40.4,3.2,0.078,0.107,3.91,,,Ⅲ
2023-04-15T00:00:00+08:00,1681488000,18.8,7.78,8.33,677.9,31.9,3.02,0.074,0.099,4.01,,,Ⅱ
2023-04-15T04:00:00+08:00,1681502400,18.7,7.78,8.34,682.8,57.6,2.78,0.069,0.099,3.88,,,Ⅱ
2023-04-15T08:00:00+08:00,1681516800,18.6,7.74,8.23,684.5,34.8,3.05,0.077,0.098,3.85,,,Ⅱ
2023-04-15T12:00:00+08:00,1681531200,18.9,7.77,8.28,695.5,52.4,3.07,0.074,0.098,3.84,,,Ⅱ
2023-04-15T16:00:00+08:00,1681545600,19.6,7.82,8.36,702.2,31.1,3.23,0.059,0.09,3.85,,,Ⅱ
2023-04-15T20:00:00+08:00,1681560000,19.4,7.77,8.17,687.3,203.0,3.35,0.071,0.096,3.9,,,Ⅱ
2023-04-16T00:00:00+08:00,1681574400,19.4,7.77,8.2,682.8,36.0,3.07,0.078,0.095,3.83,,,Ⅱ
2023-04-16T04:00:00+08:00,1681588800,19.2,7.75,8.11,684.2,36.7,3.07,0.076,0.098,3.81,,,Ⅱ
2023-04-16T08:00:00+08:00,1681603200,19.1,7.77,8.14,679.1,95.3,2.86,0.078,0.099,3.75,,,Ⅱ
2023-04-16T12:00:00+08:00,1681617600,19.9,7.8,8.25,672.2,40.0,2.84,0.061,0.094,3.79,,,Ⅱ
2023-04-16T16:00:00+08:00,1681632000,20.5,7.79,8.01,705.3,34.8,2.89,0.062,0.093,3.78,,,Ⅱ
2023-04-16T20:00:00+08:00,1681646400,20.2,7.8,8.21,681.0,37.2,2.64,0.062,0.099,3.8,,,Ⅱ
2023-04-17T04:00:00+08:00,1681675200,19.8,7.77,8.09,693.2,34.7,2.74,0.062,0.101,3.74,,,Ⅲ
2023-04-17T08:00:00+08:00,1681689600,19.8,7.78,8.14,680.7,47.9,3.12,0.06,0.098,3.73,,,Ⅱ
2023-04-17T12:00:00+08:00,1681704000,20.5,7.82,8.17,678.2,39.0,3.22,0.056,0.098,3.69,,,Ⅱ
2023-04-17T16:00:00+08:00,1681718400,21.0,7.83,8.02,702.6,38.6,2.8,0.051,0.097,3.78,,,Ⅱ
2023-04-17T20:00:00+08:00,1681732800,20.8,7.82,7.96,696.5,34.8,3.46,0.053,0.098,3.73,,,Ⅱ
2023-04-18T00:00:00+08:00,1681747200,20.7,7.83,8.05,679.9,43.0,3.19,0.053,0.105,3.67,,,Ⅲ
2023-04-18T04:00:00+08:00,1681761600,20.6,7.8,7.95,695.3,38.7,2.94,0.054,0.1,3.67,,,Ⅲ
2023-04-18T08:00:00+08:00,1681776000,20.6,7.8,8.09,681.7,66.9,2.64,0.049,0.101,3.69,,,Ⅲ
2023-04-18T12:00:00+08:00,1681790400,21.3,7.86,8.22,678.3,42.6,2.78,0.048,0.1,3.63,,,Ⅲ
2023-04-18T16:00:00+08:00,1681804800,21.6,7.84,8.03,702.8,170.3,3.23,0.049,0.095,3.62,,,Ⅱ
2023-04-18T20:00:00+08:00,1681819200,21.5,7.82,8.05,698.8,34.7,3.37,0.048,0.098,3.6,,,Ⅱ
2023-04-19T00:00:00+08:00,1681833600,21.4,7.82,8.04,679.3,53.6,,0.052,0.1,3.6,,,
2023-04-19T04:00:00+08:00,1681848000,21.4,7.78,7.85,711.7,46.6,,0.058,0.107,3.44,,,
2023-04-19T08:00:00+08:00,1681862400,21.3,7.77,7.73,703.7,36.6,,0.045,0.096,3.54,,,
2023-04-19T12:00:00+08:00,1681876800,21.5,7.78,8.14,685.5,45.7,2.86,0.054,0.103,3.6,,,Ⅲ
2023-04-19T16:00:00+08:00,1681891200,21.7,7.78,7.72,704.9,37.0,3.14,0.055,0.101,3.49,,,Ⅲ
2023-04-19T20:00:00+08:00,1681905600,23.2,7.93,8.21,,160.8,0.37,0.105,,,,,
2023-04-20T00:00:00+08:00,1681920000,21.8,7.65,8.48,,167.2,,0.042,,,,,
2023-04-20T04:00:00+08:00,1681934400,22.3,7.52,8.42,,163.8,,0.074,,,,,
2023-04-20T08:00:00+08:00,1681948800,23.3,7.42,8.49,,155.4,,0.037,,,,,
2023-04-20T12:00:00+08:00,1681963200,21.4,7.67,7.56,690.5,54.8,3.7,0.08,0.121,3.54,,,Ⅲ
2023-04-20T16:00:00+08:00,1681977600,24.7,7.86,7.94,,91.3,3.7,0.08,0.121,3.54,,,Ⅲ
2023-04-20T20:00:00+08:00,1681992000,21.5,7.68,7.21,709.0,46.2,3.31,0.068,0.112,3.41,,,Ⅲ
2023-04-21T00:00:00+08:00,1682006400,21.3,7.69,7.31,682.6,75.2,3.31,0.075,0.121,3.41,,,Ⅲ
2023-04-21T04:00:00+08:00,1682020800,21.1,7.67,7.2,690.5,72.7,3.36,0.084,0.123,3.32,,,Ⅲ
2023-04-21T08:00:00+08:00,1682035200,21.5,8.0,8.48,0.004,147.8,,0.047,,,,,
2023-04-21T12:00:00+08:00,1682049600,21.3,7.66,7.31,701.8,56.3,3.9,0.084,0.113,3.35,,,Ⅲ
2023-04-21T20:00:00+08:00,1682078400,21.3,7.7,7.3,709.3,55.0,3.31,0.07,0.118,3.46,,,Ⅲ
2023-04-22T00:00:00+08:00,1682092800,20.9,7.69,7.15,704.8,68.1,3.26,0.079,0.113,3.38,,,Ⅲ
2023-04-22T04:00:00+08:00,1682107200,20.5,7.67,7.11,696.9,68.2,3.58,0.092,0.127,3.23,,,Ⅲ
2023-04-22T08:00:00+08:00,1682121600,20.5,7.62,6.94,682.8,43.7,3.2,0.116,0.119,3.52,,,Ⅲ
2023-04-22T12:00:00+08:00,1682136000,21.1,7.68,7.08,708.1,50.1,3.03,0.074,0.114,3.34,,,Ⅲ
2023-04-22T16:00:00+08:00,1682150400,21.6,7.71,7.23,697.6,53.4,3.03,0.066,0.105,3.43,,,Ⅲ
2023-04-22T20:00:00+08:00,1682164800,21.2,7.69,7.1,711.1,47.2,3.14,0.073,0.108,3.4,,,Ⅲ
2023-04-23T00:00:00+08:00,1682179200,21.1,7.68,7.0,697.3,50.4,3.39,0.079,0.118,3.3,,,Ⅲ
2023-04-23T04:00:00+08:00,1682193600,20.8,7.7,7.22,682.1,67.3,3.08,0.072,0.114,3.29,,,Ⅲ
2023-04-23T08:00:00+08:00,1682208000,20.5,7.66,7.02,712.8,54.8,3.48,0.082,0.115,3.34,,,Ⅲ
2023-04-23T12:00:00+08:00,1682222400,20.5,7.68,7.13,712.1,57.2,3.33,0.071,0.113,3.23,,,Ⅲ
2023-04-23T16:00:00+08:00,1682236800,20.5,7.69,7.2,692.8,51.7,3.44,0.073,0.11,3.28,,,Ⅲ
2023-04-23T20:00:00+08:00,1682251200,20.5,7.67,7.11,716.5,41.0,3.58,0.077,0.115,3.22,,,Ⅲ
2023-04-24T00:00:00+08:00,1682265600,20.3,7.68,7.05,703.2,51.1,3.06,0.079,0.121,3.23,,,Ⅲ
2023-04-24T04:00:00+08:00,1682280000,20.1,7.67,7.2,682.8,57.1,3.4,0.087,0.131,3.23,,,Ⅲ
2023-04-24T08:00:00+08:00,1682294400,19.7,7.65,7.12,713.1,58.5,3.44,0.088,0.128,3.12,,,Ⅲ
2023-04-24T12:00:00+08:00,1682308800,19.7,7.66,7.16,707.4,54.1,3.36,0.079,0.111,3.23,,,Ⅲ
2023-04-24T16:00:00+08:00,1682323200,19.6,7.68,7.34,701.0,62.0,3.95,0.088,,3.1,,,
2023-04-24T20:00:00+08:00,1682337600,19.3,7.65,7.21,713.6,75.9,3.87,0.083,0.115,3.11,,,Ⅲ
2023-04-25T00:00:00+08:00,1682352000,19.3,7.65,7.2,702.0,90.1,3.8,0.088,0.118,3.09,,,Ⅲ
2023-04-25T04:00:00+08:00,1682366400,18.8,7.65,7.42,681.8,69.1,3.8,0.09,0.12,3.05,,,Ⅲ
2023-04-25T08:00:00+08:00,1682380800,18.8,7.64,7.25,705.3,67.7,3.87,0.091,0.123,3.01,,,Ⅲ
2023-04-25T12:00:00+08:00,1682395200,18.9,7.66,7.27,700.8,84.8,3.92,0.084,0.118,3.04,,,Ⅲ
2023-04-25T16:00:00+08:00,1682409600,18.7,7.66,7.35,680.9,83.7,3.81,0.091,0.118,3.0,,,Ⅲ
2023-04-25T20:00:00+08:00,1682424000,18.5,7.65,7.48,680.7,55.5,3.89,0.089,0.111,3.07,,,Ⅲ
2023-04-26T00:00:00+08:00,1682438400,18.3,7.66,7.52,675.1,69.2,3.7,0.107,0.115,3.04,,,Ⅲ
2023-04-26T04:00:00+08:00,1682452800,18.0,7.63,7.41,674.8,74.2,4.04,0.133,0.127,3.02,,,Ⅲ
2023-04-26T08:00:00+08:00,1682467200,18.0,7.63,7.5,685.1,81.6,3.74,0.116,0.122,3.02,,,Ⅲ
2023-04-26T12:00:00+08:00,1682481600,18.9,7.66,7.49,687.8,124.3,3.9,0.101,0.112,3.13,,,Ⅲ
2023-04-26T16:00:00+08:00,1682496000,19.3,7.64,7.36,678.9,67.9,3.89,0.116,0.112,3.04,,,Ⅲ
2023-04-26T20:00:00+08:00,1682510400,19.3,7.63,7.47,672.3,81.0,3.66,0.125,0.117,3.14,,,Ⅲ
2023-04-27T00:00:00+08:00,1682524800,19.3,7.62,7.47,669.9,76.9,3.76,0.129,0.117,3.12,,,Ⅲ
2023-04-27T04:00:00+08:00,1682539200,19.0,7.61,7.4,668.4,96.5,3.68,0.131,0.124,3.05,,,Ⅲ
2023-04-27T08:00:00+08:00,1682553600,19.0,7.61,7.34,678.7,49.4,3.71,0.118,0.117,3.16,,,Ⅲ
2023-04-27T12:00:00+08:00,1682568000,19.8,7.64,7.42,682.6,70.2,3.96,0.106,0.11,3.16,,,Ⅲ
2023-04-27T16:00:00+08:00,1682582400,20.2,7.65,7.46,679.1,79.2,3.95,0.108,0.118,3.0,,,Ⅲ
2023-04-27T20:00:00+08:00,1682596800,20.1,7.66,7.59,675.3,45.8,3.84,0.112,0.121,3.05,,,Ⅲ
2023-04-28T00:00:00+08:00,1682611200,19.7,7.65,7.69,683.2,137.8,3.74,0.105,0.114,3.03,,,Ⅲ
2023-04-28T08:00:00+08:00,1682640000,19.7,7.66,7.68,687.2,57.9,3.86,0.093,0.118,3.0,,,Ⅲ
2023-04-28T12:00:00+08:00,1682654400,20.5,7.67,7.62,698.5,66.6,3.75,0.079,0.103,2.9,,,Ⅲ
2023-04-28T20:00:00+08:00,1682683200,20.8,7.66,7.64,677.7,91.6,3.69,0.1,0.116,2.87,,,Ⅲ
2023-04-29T04:00:00+08:00,1682712000,20.5,7.66,7.59,686.3,61.5,3.98,0.091,0.116,2.92,,,Ⅲ
2023-04-29T08:00:00+08:00,1682726400,20.5,7.65,7.59,689.9,67.7,3.7,0.086,0.112,3.06,,,Ⅲ
2023-04-29T12:00:00+08:00,1682740800,20.5,7.65,7.65,698.5,159.8,3.64,0.086,0.113,3.0,,,Ⅲ
2023-04-29T16:00:00+08:00,1682755200,20.5,7.65,7.59,694.7,68.6,3.71,0.082,0.109,3.04,,,Ⅲ
2023-04-29T20:00:00+08:00,1682769600,20.4,7.62,7.52,684.9,87.5,3.69,0.105,0.119,2.98,,,Ⅲ
2023-04-30T04:00:00+08:00,1682798400,19.8,7.59,7.37,680.7,55.8,3.7,0.105,0.118,3.04,,,Ⅲ
2023-04-30T08:00:00+08:00,1682812800,19.7,7.58,7.47,683.1,71.1,3.64,0.112,0.116,2.96,,,Ⅲ
2023-04-30T12:00:00+08:00,1682827200,20.4,7.6,7.44,684.4,87.0,3.71,0.105,0.116,2.92,,,Ⅲ
2023-04-30T16:00:00+08:00,1682841600,20.6,7.61,7.36,691.5,75.6,3.76,0.094,0.108,2.86,,,Ⅲ
2023-04-30T20:00:00+08:00,1682856000,20.5,7.59,7.4,694.6,75.7,3.92,0.111,0.125,2.9,,,Ⅲ
2023-05-01T04:00:00+08:00,1682884800,20.5,7.56,7.22,692.1,65.6,3.76,0.115,0.114,2.92,,,Ⅲ
2023-05-01T08:00:00+08:00,1682899200,20.4,7.57,7.32,696.9,91.6,3.72,0.12,0.121,2.99,,,Ⅲ
2023-05-01T12:00:00+08:00,1682913600,21.2,7.57,7.27,688.3,81.4,4.11,0.119,0.117,2.71,,,Ⅲ
2023-05-01T16:00:00+08:00,1682928000,21.5,7.6,7.28,710.8,68.1,3.6,0.092,0.107,2.97,,,Ⅲ
2023-05-01T20:00:00+08:00,1682942400,21.0,7.57,7.3,694.2,68.8,3.6,0.112,0.116,2.86,,,Ⅲ
2023-05-02T04:00:00+08:00,1682971200,20.5,7.57,7.37,719.6,61.2,3.72,0.1,0.11,2.87,,,Ⅲ
2023-05-02T08:00:00+08:00,1682985600,20.5,7.56,7.33,700.9,80.0,3.8,0.105,0.115,2.91,,,Ⅲ
2023-05-02T12:00:00+08:00,1683000000,21.3,7.59,7.35,700.6,99.2,3.74,0.089,0.118,2.85,,,Ⅲ
2023-05-02T16:00:00+08:00,1683014400,21.8,7.63,7.38,712.6,51.9,3.52,0.086,0.113,2.94,,,Ⅲ
2023-05-02T20:00:00+08:00,1683028800,21.4,7.61,7.41,705.0,66.0,3.66,0.09,0.116,2.85,,,Ⅲ
2023-05-03T04:00:00+08:00,1683057600,21.2,7.62,7.4,725.2,58.8,3.77,0.086,0.112,2.8,,,Ⅲ
2023-05-03T08:00:00+08:00,1683072000,21.2,7.61,7.43,715.7,71.2,3.77,0.084,0.117,2.84,,,Ⅲ
2023-05-03T12:00:00+08:00,1683086400,21.7,7.62,7.42,705.2,123.2,3.74,0.084,0.122,2.74,,,Ⅲ
2023-05-03T16:00:00+08:00,1683100800,21.9,7.63,7.31,714.6,61.3,3.76,0.099,0.115,2.69,,,Ⅲ
2023-05-03T20:00:00+08:00,1683115200,21.8,7.6,7.18,713.6,83.6,3.57,0.083,0.114,2.8,,,Ⅲ
2023-05-04T00:00:00+08:00,1683129600,21.8,7.59,7.2,700.6,112.3,,0.09,0.123,2.82,,,
2023-05-04T08:00:00+08:00,1683158400,23.2,8.1,8.04,0.001,77.5,1.13,0.145,,,,,
2023-05-04T16:00:00+08:00,1683187200,23.1,7.59,7.03,712.5,44.0,3.96,0.083,0.118,2.67,,,Ⅲ
2023-05-04T20:00:00+08:00,1683201600,22.9,7.57,7.02,713.5,43.1,3.75,0.085,0.116,2.71,,,Ⅲ
2023-05-05T04:00:00+08:00,1683230400,22.9,7.57,6.89,719.5,68.7,3.93,0.094,0.126,2.63,,,Ⅲ
2023-05-05T08:00:00+08:00,1683244800,22.9,7.54,6.76,713.0,68.9,3.84,0.092,0.116,2.69,,,Ⅲ
2023-05-05T12:00:00+08:00,1683259200,23.2,7.56,6.7,699.1,57.6,3.81,0.091,0.119,2.65,,,Ⅲ
2023-05-05T16:00:00+08:00,1683273600,23.5,7.56,6.8,706.2,54.6,3.71,0.087,0.117,2.65,,,Ⅲ
2023-05-05T20:00:00+08:00,1683288000,23.5,7.55,6.55,708.6,49.0,3.84,0.086,0.117,2.68,,,Ⅲ
2023-05-06T04:00:00+08:00,1683316800,23.3,7.51,6.52,705.1,77.1,3.8,0.108,0.128,2.56,,,Ⅲ
2023-05-06T08:00:00+08:00,1683331200,23.3,7.5,6.36,713.9,41.0,,0.104,0.122,2.64,,,
2023-05-06T12:00:00+08:00,1683345600,23.4,7.52,6.48,709.8,61.2,3.3,0.095,0.12,2.62,,,Ⅲ
2023-05-06T16:00:00+08:00,1683360000,23.2,7.49,6.33,706.4,56.1,3.69,0.104,0.116,2.55,,,Ⅲ
2023-05-06T20:00:00+08:00,1683374400,23.2,7.49,6.39,719.9,65.1,3.62,0.104,0.12,2.74,,,Ⅲ
2023-05-07T04:00:00+08:00,1683403200,22.6,7.47,6.37,696.3,65.2,3.63,0.126,0.129,2.57,,,Ⅲ
2023-05-07T08:00:00+08:00,1683417600,22.3,7.49,6.5,706.6,43.8,3.77,0.12,0.123,2.56,,,Ⅲ
2023-05-07T12:00:00+08:00,1683432000,22.3,7.49,6.46,706.5,53.7,3.63,0.124,0.129,2.58,,,Ⅲ
2023-05-07T16:00:00+08:00,1683446400,22.1,7.48,6.65,688.5,59.7,3.63,0.138,0.13,2.6,,,Ⅲ
2023-05-07T20:00:00+08:00,1683460800,21.8,7.49,6.53,705.7,52.1,3.57,0.127,0.125,2.58,,,Ⅲ
2023-05-08T04:00:00+08:00,1683489600,21.2,7.47,6.68,696.4,59.3,3.81,0.166,0.145,2.51,,,Ⅲ
2023-05-08T08:00:00+08:00,1683504000,21.2,7.47,6.65,703.4,68.4,3.77,0.189,0.143,2.62,,,Ⅲ
2023-05-08T12:00:00+08:00,1683518400,21.9,7.49,6.73,695.9,53.5,3.69,0.141,0.133,2.55,,,Ⅲ
2023-05-08T16:00:00+08:00,1683532800,22.1,7.48,6.17,693.0,60.7,4.08,0.14,0.131,2.6,,,Ⅲ
2023-05-08T20:00:00+08:00,1683547200,21.9,7.5,6.15,701.5,58.3,3.56,0.14,0.128,2.6,,,Ⅲ
2023-05-09T04:00:00+08:00,1683576000,21.1,7.47,6.09,695.0,67.4,3.7,0.158,0.145,2.5,,,Ⅲ
2023-05-09T08:00:00+08:00,1683590400,21.1,7.49,5.96,703.4,67.4,3.82,0.167,0.139,2.58,,,Ⅲ
2023-05-09T12:00:00+08:00,1683604800,21.9,7.5,6.17,703.4,71.3,3.8,0.138,0.141,2.54,,,Ⅲ
2023-05-09T16:00:00+08:00,1683619200,22.4,7.49,5.99,696.2,77.1,3.78,0.149,0.135,2.52,,,Ⅲ
2023-05-10T12:00:00+08:00,1683691200,22.0,7.49,6.23,713.7,63.3,3.87,0.148,0.14,2.68,,,Ⅲ
2023-05-10T16:00:00+08:00,1683705600,21.9,7.48,6.11,701.0,81.4,3.99,0.17,0.148,2.47,,,Ⅲ
2023-05-10T20:00:00+08:00,1683720000,21.7,7.47,6.12,701.4,71.2,3.74,0.16,0.135,2.64,,,Ⅲ
2023-05-11T00:00:00+08:00,1683734400,21.6,7.47,6.13,698.3,59.2,3.59,0.168,0.142,2.56,,,Ⅲ
2023-05-11T04:00:00+08:00,1683748800,21.1,7.46,6.14,689.4,61.3,3.64,0.175,0.142,2.61,,,Ⅲ
2023-05-11T08:00:00+08:00,1683763200,21.1,7.46,6.18,715.2,58.9,3.84,0.173,0.147,2.58,,,Ⅲ
2023-05-11T12:00:00+08:00,1683777600,21.3,7.47,6.17,714.6,50.9,3.92,0.15,0.134,2.55,,,Ⅲ
2023-05-11T16:00:00+08:00,1683792000,21.2,7.47,6.14,696.2,88.9,3.83,0.172,0.157,2.5,,,Ⅲ
2023-05-11T20:00:00+08:00,1683806400,20.9,7.45,5.96,693.6,63.5,3.54,0.154,0.138,2.58,,,Ⅲ
2023-05-12T00:00:00+08:00,1683820800,20.8,7.45,6.0,691.8,56.9,3.74,0.161,0.137,2.6,,,Ⅲ
2023-05-12T04:00:00+08:00,1683835200,20.6,7.43,6.13,677.8,69.3,3.72,0.16,0.143,2.58,,,Ⅲ
2023-05-12T08:00:00+08:00,1683849600,20.6,7.43,5.85,690.7,74.5,3.74,0.16,0.138,2.67,,,Ⅲ
2023-05-12T12:00:00+08:00,1683864000,21.1,7.47,5.89,711.9,51.5,3.86,0.136,0.133,2.59,,,Ⅲ
2023-05-12T16:00:00+08:00,1683878400,21.4,7.46,5.79,692.2,63.0,3.89,0.141,0.138,2.6,,,Ⅲ
2023-05-12T20:00:00+08:00,1683892800,21.4,7.44,5.86,685.8,71.2,3.69,0.136,0.136,2.63,,,Ⅲ
2023-05-13T00:00:00+08:00,1683907200,21.3,7.43,5.71,684.9,50.0,3.52,0.13,0.129,2.65,,,Ⅲ
2023-05-13T04:00:00+08:00,1683921600,21.0,7.43,5.79,685.7,57.7,3.64,0.14,0.135,2.56,,,Ⅲ
2023-05-13T08:00:00+08:00,1683936000,21.0,7.42,5.74,696.0,67.2,3.77,0.137,0.138,2.58,,,Ⅲ
2023-05-13T12:00:00+08:00,1683950400,21.6,7.45,6.29,711.3,56.1,3.78,0.12,0.129,2.58,,,Ⅲ
2023-05-13T16:00:00+08:00,1683964800,22.3,7.46,5.68,702.2,68.6,3.81,0.12,0.137,2.68,,,Ⅲ
2023-05-13T20:00:00+08:00,1683979200,22.4,7.47,5.84,697.4,108.0,3.84,0.124,0.142,2.56,,,Ⅲ
2023-05-14T00:00:00+08:00,1683993600,22.4,7.49,5.94,697.8,59.3,3.54,0.106,0.126,2.67,,,Ⅲ
2023-05-14T04:00:00+08:00,1684008000,22.2,7.46,5.95,697.9,70.4,3.9,0.109,0.128,2.59,,,Ⅲ
2023-05-14T08:00:00+08:00,1684022400,22.1,7.45,5.85,699.1,62.8,3.83,0.101,0.133,2.67,,,Ⅲ
2023-05-14T12:00:00+08:00,1684036800,22.8,7.46,5.78,714.4,60.6,3.89,0.094,0.127,2.58,,,Ⅲ
2023-05-14T16:00:00+08:00,1684051200,23.7,7.49,5.9,716.9,52.5,,0.081,0.124,2.57,,,
2023-05-14T20:00:00+08:00,1684065600,23.6,7.49,5.96,707.1,72.7,,0.094,0.137,2.54,,,
2023-05-15T00:00:00+08:00,1684080000,23.7,7.49,6.01,704.8,60.4,,0.082,0.125,2.69,,,
2023-05-15T04:00:00+08:00,1684094400,23.4,7.47,5.83,709.0,62.5,,0.077,0.121,2.6,,,
2023-05-15T08:00:00+08:00,1684108800,23.5,7.47,5.91,699.6,61.8,,0.079,0.131,2.65,,,
2023-05-15T12:00:00+08:00,1684123200,24.0,7.48,5.8,698.3,68.1,3.84,0.073,0.13,2.51,,,Ⅲ
2023-05-15T16:00:00+08:00,1684137600,24.7,7.53,6.23,722.4,50.1,3.99,0.065,0.125,2.56,,,Ⅲ
2023-05-15T20:00:00+08:00,1684152000,24.3,7.51,6.19,697.9,66.3,3.96,0.076,0.135,2.5,,,Ⅲ
2023-05-16T00:00:00+08:00,1684166400,24.3,7.51,6.31,707.9,57.5,3.83,0.064,0.124,2.54,,,Ⅲ
2023-05-16T04:00:00+08:00,1684180800,24.1,7.51,6.33,723.0,47.2,3.72,0.062,0.119,2.6,,,Ⅲ
2023-05-16T08:00:00+08:00,1684195200,24.0,7.51,6.35,709.2,59.7,3.8,0.067,0.128,2.52,,,Ⅲ
2023-05-17T08:00:00+08:00,1684281600,24.4,7.6,6.42,731.1,62.4,3.75,0.068,0.127,2.39,,,Ⅲ
2023-05-17T12:00:00+08:00,1684296000,24.2,7.56,6.34,710.1,72.4,3.86,0.066,0.135,2.4,,,Ⅲ
2023-05-17T16:00:00+08:00,1684310400,24.1,7.61,6.56,723.3,69.7,3.66,0.072,0.13,2.25,,,Ⅲ
2023-05-17T20:00:00+08:00,1684324800,24.0,7.57,6.41,713.9,90.2,3.72,0.075,0.138,2.37,,,Ⅲ
2023-05-18T00:00:00+08:00,1684339200,24.0,7.53,6.48,692.9,92.1,3.84,0.089,0.138,2.38,,,Ⅲ
2023-05-18T04:00:00+08:00,1684353600,24.0,7.53,6.26,713.7,71.9,4.0,0.087,0.141,2.28,,,Ⅲ
2023-05-18T12:00:00+08:00,1684382400,24.0,7.5,6.21,682.0,84.3,,0.109,0.142,2.4,,,
2023-05-18T16:00:00+08:00,1684396800,23.9,7.51,6.23,697.5,106.3,,0.102,0.138,2.42,,,
2023-05-18T20:00:00+08:00,1684411200,23.7,7.5,6.36,694.6,64.2,3.7,0.104,0.137,2.36,,,Ⅲ
2023-05-19T04:00:00+08:00,1684440000,23.2,7.48,6.05,693.2,85.1,4.11,0.137,0.156,2.27,,,Ⅲ
2023-05-19T08:00:00+08:00,1684454400,23.2,7.49,6.18,694.3,55.4,3.78,0.11,0.142,2.41,,,Ⅲ
2023-05-19T12:00:00+08:00,1684468800,23.5,7.49,5.93,679.0,92.1,3.93,0.123,0.152,2.35,,,Ⅲ
2023-05-19T16:00:00+08:00,1684483200,23.7,7.49,6.06,681.4,72.9,3.89,0.113,0.141,2.42,,,Ⅲ
2023-05-19T20:00:00+08:00,1684497600,23.5,7.48,6.0,683.7,56.5,3.76,0.115,0.137,2.41,,,Ⅲ
2023-05-20T04:00:00+08:00,1684526400,23.1,7.45,5.85,679.2,82.2,4.0,0.136,0.154,2.3,,,Ⅲ
2023-05-20T08:00:00+08:00,1684540800,23.0,7.46,5.99,691.2,56.3,3.78,0.121,0.146,2.44,,,Ⅲ
2023-05-20T12:00:00+08:00,1684555200,23.4,7.47,6.03,672.7,81.7,4.04,0.118,0.146,2.4,,,Ⅲ
2023-05-20T16:00:00+08:00,1684569600,23.6,7.46,6.01,663.7,65.6,3.75,0.107,0.138,2.48,,,Ⅲ
2023-05-20T20:00:00+08:00,1684584000,23.4,7.47,5.98,670.7,64.3,3.66,0.112,0.145,2.49,,,Ⅲ
2023-05-21T04:00:00+08:00,1684612800,23.1,7.43,5.81,673.9,72.1,3.78,0.131,0.148,2.38,,,Ⅲ
2023-05-21T08:00:00+08:00,1684627200,23.1,7.45,5.73,688.2,69.0,4.06,0.158,0.154,2.43,,,Ⅲ
2023-05-21T12:00:00+08:00,1684641600,23.6,7.47,5.67,676.8,88.7,3.94,0.116,0.147,2.36,,,Ⅲ
2023-05-21T16:00:00+08:00,1684656000,24.0,7.45,5.68,665.8,86.2,3.94,0.116,0.152,2.45,,,Ⅲ
2023-05-21T20:00:00+08:00,1684670400,24.0,7.46,5.64,678.0,51.4,3.75,0.104,0.141,2.43,,,Ⅲ
2023-05-22T04:00:00+08:00,1684699200,23.8,7.43,5.65,670.7,81.4,3.88,0.134,0.154,2.41,,,Ⅲ
2023-05-22T08:00:00+08:00,1684713600,23.5,7.46,5.89,682.0,65.5,4.08,0.124,0.148,2.36,,,Ⅲ
2023-05-22T12:00:00+08:00,1684728000,23.3,7.48,6.02,681.5,81.4,3.92,0.125,0.149,2.35,,,Ⅲ
2023-05-22T16:00:00+08:00,1684742400,23.3,7.47,5.93,672.5,71.8,3.98,0.127,0.15,2.33,,,Ⅲ
2023-05-22T20:00:00+08:00,1684756800,23.1,7.48,7.51,679.8,53.7,3.99,0.122,0.144,2.34,,,Ⅲ
2023-05-23T04:00:00+08:00,1684785600,22.4,7.47,6.0,654.6,72.0,3.84,0.123,0.157,2.46,,,Ⅲ
2023-05-23T08:00:00+08:00,1684800000,22.5,7.47,6.12,676.4,54.7,3.88,0.127,0.152,2.38,,,Ⅲ
2023-05-24T12:00:00+08:00,1684900800,23.0,7.47,5.39,663.1,73.0,3.88,0.108,0.152,2.4,,,Ⅲ
2023-05-25T08:00:00+08:00,1684972800,22.1,7.43,5.65,657.1,79.2,4.02,0.109,0.153,2.47,,,Ⅲ
2023-05-25T12:00:00+08:00,1684987200,22.9,7.46,5.54,652.7,60.6,3.84,0.093,0.147,2.46,,,Ⅲ
2023-05-25T16:00:00+08:00,1685001600,23.5,7.46,5.38,637.0,87.6,4.17,0.101,0.161,2.32,,,Ⅲ
2023-05-25T20:00:00+08:00,1685016000,23.6,7.5,5.29,636.3,61.1,3.86,0.084,0.148,2.49,,,Ⅲ
2023-05-26T00:00:00+08:00,1685030400,23.5,7.52,5.44,634.1,62.7,4.05,0.085,0.144,2.51,,,Ⅲ
2023-05-26T04:00:00+08:00,1685044800,23.1,7.5,5.4,630.3,67.2,3.93,0.082,0.15,2.47,,,Ⅲ
2023-05-26T12:00:00+08:00,1685073600,24.0,7.5,5.34,649.0,50.0,4.05,0.066,0.139,2.46,,,Ⅲ
2023-05-26T16:00:00+08:00,1685088000,24.2,7.52,5.54,634.3,63.3,3.75,0.066,0.144,2.45,,,Ⅲ
2023-05-26T20:00:00+08:00,1685102400,24.2,7.5,5.52,637.8,54.9,3.87,0.062,0.14,2.47,,,Ⅲ
2023-05-27T00:00:00+08:00,1685116800,24.2,7.51,5.85,632.3,58.7,3.82,0.059,0.14,2.44,,,Ⅲ
2023-05-27T04:00:00+08:00,1685131200,24.0,7.51,6.0,628.8,63.8,3.83,0.062,0.145,2.48,,,Ⅲ
2023-05-27T08:00:00+08:00,1685145600,24.0,7.49,5.84,636.6,49.4,4.05,0.06,0.142,2.49,,,Ⅲ
2023-05-27T12:00:00+08:00,1685160000,24.6,7.52,5.88,650.8,55.7,3.77,0.055,0.136,2.41,,,Ⅲ
2023-05-27T16:00:00+08:00,1685174400,24.6,7.53,6.0,629.6,52.4,3.96,0.058,0.139,2.49,,,Ⅲ
2023-05-27T20:00:00+08:00,1685188800,24.6,7.53,6.0,627.1,60.5,3.8,0.064,0.146,2.43,,,Ⅲ
2023-05-28T00:00:00+08:00,1685203200,24.6,7.52,6.2,623.4,52.9,4.06,0.056,0.139,2.45,,,Ⅲ
2023-05-28T04:00:00+08:00,1685217600,24.3,7.5,6.04,621.1,71.4,3.98,0.064,0.147,2.41,,,Ⅲ
2023-05-28T08:00:00+08:00,1685232000,24.6,7.5,6.07,625.1,61.4,3.71,0.056,0.137,2.51,,,Ⅲ
2023-05-28T12:00:00+08:00,1685246400,25.3,7.52,6.03,629.0,52.6,3.71,0.048,0.134,2.53,,,Ⅲ
2023-05-28T16:00:00+08:00,1685260800,25.9,7.55,6.15,626.9,72.1,3.88,0.053,0.137,2.44,,,Ⅲ
2023-05-28T20:00:00+08:00,1685275200,26.1,7.57,6.26,619.5,64.1,3.9,0.052,0.142,2.55,,,Ⅲ
2023-05-29T00:00:00+08:00,1685289600,26.3,7.6,6.45,622.4,75.5,4.08,0.052,0.135,2.49,,,Ⅲ
2023-05-29T04:00:00+08:00,1685304000,25.9,7.55,6.22,625.8,67.3,4.1,0.052,0.142,2.36,,,Ⅲ
2023-05-29T12:00:00+08:00,1685332800,26.5,7.53,5.98,623.3,63.9,3.96,0.044,0.136,2.45,,,Ⅲ
2023-05-29T20:00:00+08:00,1685361600,27.4,7.57,6.19,615.1,76.9,3.77,0.067,0.152,2.5,,,Ⅲ
2023-05-30T00:00:00+08:00,1685376000,27.3,7.57,6.19,612.6,74.8,,0.059,0.144,2.5,,,
2023-05-30T04:00:00+08:00,1685390400,27.2,7.53,6.06,612.9,63.1,,0.057,0.14,2.51,,,
2023-05-30T08:00:00+08:00,1685404800,27.0,7.53,5.94,614.5,69.5,,0.067,0.146,2.52,,,
2023-05-30T12:00:00+08:00,1685419200,27.3,7.54,5.87,611.9,80.4,3.66,0.054,0.141,2.46,,,Ⅲ
2023-05-30T16:00:00+08:00,1685433600,27.6,7.55,5.96,613.9,67.8,3.59,0.053,0.142,2.44,,,Ⅲ
2023-05-30T20:00:00+08:00,1685448000,27.5,7.51,5.77,612.9,67.0,3.57,0.069,0.146,2.42,,,Ⅲ
2023-05-31T00:00:00+08:00,1685462400,27.4,7.52,5.81,606.8,64.4,3.72,0.062,0.142,2.42,,,Ⅲ
2023-05-31T04:00:00+08:00,1685476800,27.4,7.5,5.57,629.9,61.2,3.67,0.062,0.142,2.33,,,Ⅲ
2023-05-31T08:00:00+08:00,1685491200,27.2,7.48,5.49,609.2,69.5,3.58,0.066,0.143,2.4,,,Ⅲ
2023-05-31T12:00:00+08:00,1685505600,27.2,7.48,5.69,609.2,62.4,3.4,0.061,0.138,2.39,,,Ⅲ
2023-05-31T16:00:00+08:00,1685520000,27.4,7.49,5.39,613.1,60.9,3.56,0.061,0.14,2.45,,,Ⅲ
2023-05-31T20:00:00+08:00,1685534400,27.1,7.47,5.4,609.1,76.6,3.61,0.072,0.14,2.37,,,Ⅲ
2023-06-01T00:00:00+08:00,1685548800,26.8,7.46,5.36,608.5,69.5,3.54,0.077,0.146,2.41,,,Ⅲ
2023-06-01T04:00:00+08:00,1685563200,26.8,7.45,5.23,623.5,72.6,3.44,0.076,0.145,2.32,,,Ⅲ
2023-06-01T08:00:00+08:00,1685577600,26.8,7.55,5.16,617.8,67.5,3.53,0.086,0.144,2.27,,,Ⅲ
2023-06-01T12:00:00+08:00,1685592000,27.0,7.44,5.1,609.2,73.9,3.48,0.077,0.15,2.36,,,Ⅲ
2023-06-02T12:00:00+08:00,1685678400,27.5,7.45,4.63,603.3,62.3,3.86,0.096,0.161,2.36,,,Ⅳ
2023-06-03T20:00:00+08:00,1685793600,27.6,7.5,4.74,610.0,62.3,3.64,0.087,0.157,2.48,,,Ⅳ
2023-06-04T00:00:00+08:00,1685808000,27.4,7.45,5.01,599.2,69.3,3.69,0.091,0.168,2.35,,,Ⅳ
2023-06-04T04:00:00+08:00,1685822400,27.2,7.48,6.47,616.3,91.0,3.82,0.11,0.182,2.26,,,Ⅲ
2023-06-04T08:00:00+08:00,1685836800,27.0,7.46,4.76,620.6,62.8,3.62,0.09,0.168,2.31,,,Ⅳ
2023-06-04T12:00:00+08:00,1685851200,27.1,7.56,5.45,607.6,82.0,3.79,0.098,0.17,2.26,,,Ⅲ
2023-06-04T16:00:00+08:00,1685865600,27.3,7.52,5.4,603.3,64.8,3.46,0.083,0.162,2.34,,,Ⅲ
2023-06-04T20:00:00+08:00,1685880000,26.9,7.53,5.54,609.0,67.5,3.57,0.084,0.169,2.32,,,Ⅲ
2023-06-05T00:00:00+08:00,1685894400,26.6,7.48,5.29,597.4,91.4,3.76,0.102,0.176,2.23,,,Ⅲ
2023-06-05T04:00:00+08:00,1685908800,26.3,7.52,5.2,607.8,118.9,3.94,0.118,0.179,2.09,,,Ⅲ
2023-06-05T08:00:00+08:00,1685923200,26.7,7.62,5.12,594.4,54.4,3.83,0.101,0.175,2.47,,,Ⅲ
2023-06-05T12:00:00+08:00,1685937600,26.8,7.68,5.04,612.3,74.3,3.79,0.093,0.171,2.23,,,Ⅲ
2023-06-05T16:00:00+08:00,1685952000,26.8,7.66,5.04,606.7,65.2,3.62,0.086,0.169,2.19,,,Ⅲ
2023-06-05T20:00:00+08:00,1685966400,26.4,7.67,5.04,611.3,55.3,3.56,0.085,0.178,2.3,,,Ⅲ
2023-06-06T00:00:00+08:00,1685980800,26.0,7.69,5.01,601.4,67.7,3.5,0.089,0.172,2.32,,,Ⅲ
2023-06-06T04:00:00+08:00,1685995200,25.8,7.71,5.16,600.4,78.6,3.82,0.088,0.173,2.17,,,Ⅲ
2023-06-06T08:00:00+08:00,1686009600,25.6,7.74,5.1,610.6,73.5,3.72,0.089,0.178,2.3,,,Ⅲ
2023-06-06T12:00:00+08:00,1686024000,25.7,7.73,5.25,610.3,70.8,3.69,0.092,0.173,2.25,,,Ⅲ
2023-06-06T16:00:00+08:00,1686038400,25.7,7.74,5.61,594.0,67.3,3.52,0.084,0.169,2.28,,,Ⅲ
2023-06-06T20:00:00+08:00,1686052800,25.5,7.75,5.27,605.7,59.9,3.47,0.08,0.171,2.29,,,Ⅲ
2023-06-07T00:00:00+08:00,1686067200,25.2,7.77,4.74,591.2,66.4,3.46,0.083,0.166,2.38,,,Ⅳ
2023-06-07T04:00:00+08:00,1686081600,25.0,7.72,4.87,584.5,66.6,3.54,0.083,0.172,2.38,,,Ⅳ
2023-06-07T08:00:00+08:00,1686096000,25.1,7.76,4.74,609.7,90.0,3.93,0.119,0.181,2.29,,,Ⅳ
2023-06-07T12:00:00+08:00,1686110400,25.5,7.76,4.77,17.0,68.6,3.72,0.093,0.17,2.39,,,Ⅳ
2023-06-07T16:00:00+08:00,1686124800,25.6,7.77,4.8,16.4,76.3,3.66,0.088,0.171,2.44,,,Ⅳ
2023-06-07T20:00:00+08:00,1686139200,25.3,7.76,4.69,593.4,74.1,3.57,0.079,0.166,2.37,,,Ⅳ
2023-06-08T00:00:00+08:00,1686153600,25.2,7.75,5.42,585.5,85.8,3.57,0.086,0.172,2.6,,,Ⅲ
2023-06-08T08:00:00+08:00,1686182400,24.9,7.73,5.33,584.6,72.0,3.79,0.095,0.178,2.44,,,Ⅲ
2023-06-08T12:00:00+08:00,1686196800,25.6,7.76,4.67,582.8,53.1,3.53,0.094,0.169,2.52,,,Ⅳ
2023-06-08T16:00:00+08:00,1686211200,26.7,7.75,4.46,582.8,64.5,3.62,0.091,0.172,2.62,,,Ⅳ
2023-06-08T20:00:00+08:00,1686225600,25.9,7.72,5.06,583.2,52.3,3.57,0.083,0.169,2.49,,,Ⅲ
2023-06-09T00:00:00+08:00,1686240000,25.9,7.71,4.8,584.8,47.2,3.49,0.095,0.17,2.5,,,Ⅳ
2023-06-09T04:00:00+08:00,1686254400,25.8,7.66,5.04,584.6,57.7,3.77,0.099,0.175,2.65,,,Ⅲ
2023-06-09T08:00:00+08:00,1686268800,25.9,7.64,4.63,592.4,70.5,3.92,0.11,0.183,2.68,,,Ⅳ
2023-06-09T12:00:00+08:00,1686283200,26.8,7.77,5.16,588.4,48.5,3.67,0.106,0.174,2.56,,,Ⅲ
2023-06-09T20:00:00+08:00,1686312000,27.2,7.66,4.6,590.0,45.1,3.73,0.085,0.168,2.67,,,Ⅳ
2023-06-10T00:00:00+08:00,1686326400,27.0,7.66,5.33,591.9,44.8,3.79,0.089,0.168,2.48,,,Ⅲ
2023-06-10T04:00:00+08:00,1686340800,26.9,7.63,4.41,589.2,51.0,3.72,0.088,0.169,2.38,,,Ⅳ
2023-06-10T08:00:00+08:00,1686355200,27.0,7.64,4.48,593.9,49.0,3.84,0.084,0.171,2.65,,,Ⅳ
2023-06-10T12:00:00+08:00,1686369600,27.9,7.66,4.55,601.6,37.9,3.67,0.073,0.166,2.34,,,Ⅳ
2023-06-10T16:00:00+08:00,1686384000,28.6,7.68,5.16,594.6,44.7,3.78,0.071,0.169,2.3,,,Ⅲ
2023-06-10T20:00:00+08:00,1686398400,28.0,7.67,4.5,590.1,44.7,3.76,0.071,0.166,2.43,,,Ⅳ
2023-06-11T00:00:00+08:00,1686412800,27.7,7.7,4.5,596.2,40.8,3.59,0.069,0.166,2.58,,,Ⅳ
2023-06-11T04:00:00+08:00,1686427200,27.6,7.69,4.72,593.1,51.9,3.78,0.068,0.172,2.42,,,Ⅳ
2023-06-11T08:00:00+08:00,1686441600,27.8,7.65,4.54,595.5,45.0,3.92,0.062,0.168,2.67,,,Ⅳ
2023-06-11T12:00:00+08:00,1686456000,28.3,7.67,4.41,597.2,50.2,3.88,0.073,0.17,2.31,,,Ⅳ
2023-06-11T16:00:00+08:00,1686470400,28.3,7.69,4.79,597.8,50.3,3.87,0.068,0.171,2.66,,,Ⅳ
2023-06-11T20:00:00+08:00,1686484800,28.0,7.69,4.7,596.4,56.4,3.88,0.066,0.17,2.64,,,Ⅳ
2023-06-12T00:00:00+08:00,1686499200,27.7,7.67,4.52,605.3,44.2,3.74,0.065,0.17,2.58,,,Ⅳ
2023-06-12T04:00:00+08:00,1686513600,27.5,7.68,5.66,600.9,56.5,3.83,0.077,0.173,2.6,,,Ⅲ
2023-06-12T08:00:00+08:00,1686528000,27.5,7.64,5.0,596.5,47.3,3.94,0.075,0.166,2.62,,,Ⅲ
2023-06-12T12:00:00+08:00,1686542400,28.2,7.66,5.51,604.0,59.0,3.89,0.071,0.174,2.3,,,Ⅲ
2023-06-12T16:00:00+08:00,1686556800,28.2,7.68,4.43,605.4,47.6,4.04,0.064,0.17,2.26,,,Ⅳ
2023-06-12T20:00:00+08:00,1686571200,27.7,7.65,4.42,598.6,56.9,4.03,0.088,0.173,2.48,,,Ⅳ
2023-06-13T00:00:00+08:00,1686585600,27.5,7.64,4.38,607.5,75.7,4.26,0.098,0.18,2.33,,,Ⅳ
2023-06-13T04:00:00+08:00,1686600000,27.4,7.59,4.37,607.8,54.7,4.12,0.086,0.17,2.38,,,Ⅳ
2023-06-13T08:00:00+08:00,1686614400,27.4,7.5,4.63,600.7,99.7,4.58,0.104,0.19,2.44,,,Ⅳ
2023-06-13T12:00:00+08:00,1686628800,27.5,7.46,4.65,606.9,60.5,4.32,0.088,0.174,2.3,,,Ⅳ
2023-06-13T16:00:00+08:00,1686643200,27.5,7.44,4.8,609.8,71.6,4.33,0.09,0.184,2.45,,,Ⅳ
2023-06-13T20:00:00+08:00,1686657600,27.4,7.41,4.69,603.3,66.0,4.38,0.112,0.176,2.7,,,Ⅳ
2023-06-14T00:00:00+08:00,1686672000,27.2,7.37,4.58,606.5,58.6,4.43,0.116,0.173,5.05,,,Ⅳ
2023-06-14T04:00:00+08:00,1686686400,27.3,7.42,4.79,625.0,55.5,4.34,0.1,0.175,2.27,,,Ⅳ
2023-06-14T08:00:00+08:00,1686700800,27.1,7.37,4.58,608.4,61.0,4.66,0.121,0.183,2.24,,,Ⅳ
2023-06-14T12:00:00+08:00,1686715200,27.4,7.35,4.62,606.6,56.1,4.51,0.106,0.176,2.21,,,Ⅳ
2023-06-14T16:00:00+08:00,1686729600,27.9,7.39,4.7,614.9,47.7,4.74,0.104,0.171,2.27,,,Ⅳ
2023-06-15T09:30:00+08:00,1686792600,,,,,,,,,,,,
2023-06-15T10:47:00+08:00,1686797220,,,,,,,,,,,,
2023-06-16T08:00:00+08:00,1686873600,27.4,7.37,4.64,630.3,74.8,5.04,0.132,0.178,2.26,,,Ⅳ
2023-06-16T12:00:00+08:00,1686888000,27.5,7.31,4.81,615.6,89.7,5.2,0.15,0.188,2.25,,,Ⅳ
2023-06-16T16:00:00+08:00,1686902400,27.4,7.32,4.4,627.0,86.4,5.17,0.148,0.183,2.36,,,Ⅳ
2023-06-16T20:00:00+08:00,1686916800,27.3,7.31,4.33,617.5,86.5,5.23,0.142,0.184,2.36,,,Ⅳ
2023-06-19T04:00:00+08:00,1687118400,25.9,7.42,4.94,629.8,170.4,6.48,0.169,0.211,2.34,,,Ⅳ
2023-06-19T08:00:00+08:00,1687132800,26.0,7.44,4.25,625.1,500.0,,0.168,0.203,2.42,,,
2023-06-19T12:00:00+08:00,1687147200,26.5,7.48,3.99,623.7,64.8,,0.149,0.201,2.61,,,
2023-06-19T16:00:00+08:00,1687161600,26.6,7.47,4.64,624.0,61.7,6.16,0.15,0.202,2.39,,,Ⅳ
2023-06-19T20:00:00+08:00,1687176000,26.4,7.5,4.6,627.4,63.4,6.08,0.139,0.2,2.4,,,Ⅳ
2023-06-20T12:00:00+08:00,1687233600,26.9,7.46,4.89,588.6,73.3,6.55,0.224,0.235,2.56,,,Ⅳ
2023-06-20T13:08:00+08:00,1687237680,,,,,,,,,,,,
2023-06-20T16:00:00+08:00,1687248000,27.5,7.47,4.81,595.1,80.1,5.96,0.124,0.221,2.44,,,Ⅳ
2023-06-20T20:00:00+08:00,1687262400,27.4,7.48,4.53,598.6,58.8,5.61,0.122,0.213,2.54,,,Ⅳ
2023-06-21T00:00:00+08:00,1687276800,27.3,7.43,4.52,581.5,150.9,5.83,0.145,0.215,2.64,,,Ⅳ
2023-06-21T04:00:00+08:00,1687291200,27.3,7.44,4.55,580.7,74.6,5.41,0.132,0.213,2.51,,,Ⅳ
2023-06-21T08:00:00+08:00,1687305600,27.2,7.27,4.58,577.3,62.1,6.74,0.169,0.227,2.69,,,Ⅳ
2023-06-21T12:00:00+08:00,1687320000,27.7,7.29,4.14,571.5,59.9,6.37,0.152,0.227,2.98,,,Ⅳ
2023-06-21T16:00:00+08:00,1687334400,28.3,7.33,4.13,577.7,59.4,6.02,,0.216,3.31,,,
2023-06-21T20:00:00+08:00,1687348800,28.1,7.3,4.7,580.2,53.8,6.16,0.134,0.217,4.12,,,Ⅳ
2023-06-22T00:00:00+08:00,1687363200,27.9,7.29,4.19,576.7,61.8,6.14,0.149,0.222,4.06,,,Ⅳ
2023-06-22T04:00:00+08:00,1687377600,27.8,7.34,4.8,581.8,61.8,5.71,0.097,0.213,2.88,,,Ⅳ
2023-06-22T08:00:00+08:00,1687392000,27.8,7.29,4.15,575.4,64.4,6.28,0.117,0.224,2.85,,,Ⅳ
2023-06-22T12:00:00+08:00,1687406400,28.5,7.3,4.22,576.5,55.1,6.45,,0.224,5.02,,,
2023-06-22T16:00:00+08:00,1687420800,28.7,7.33,4.11,580.2,68.8,6.06,0.121,0.224,4.1,,,Ⅳ
2023-06-25T04:00:00+08:00,1687636800,24.6,7.21,5.49,423.3,114.6,7.71,0.311,0.336,2.56,,,Ⅴ
2023-06-25T08:00:00+08:00,1687651200,24.7,7.16,5.73,429.0,105.2,7.54,0.278,0.311,2.54,,,Ⅴ
2023-06-25T12:00:00+08:00,1687665600,25.4,7.2,5.24,453.7,82.2,7.11,0.221,0.291,2.6,,,Ⅳ
2023-06-25T16:00:00+08:00,1687680000,25.9,7.24,4.92,454.9,86.3,6.87,0.167,0.283,2.53,,,Ⅳ
2023-06-25T20:00:00+08:00,1687694400,26.0,7.22,5.16,452.5,78.1,6.61,0.203,0.284,2.59,,,Ⅳ
2023-06-26T00:00:00+08:00,1687708800,26.1,7.24,5.25,476.3,63.5,6.03,0.203,0.258,2.6,,,Ⅳ
2023-06-26T04:00:00+08:00,1687723200,26.3,7.27,4.92,478.6,57.3,5.95,0.259,0.262,2.64,,,Ⅳ
2023-06-26T08:00:00+08:00,1687737600,26.2,7.22,4.59,455.1,67.1,6.08,0.226,0.264,2.51,,,Ⅳ
2023-06-26T12:00:00+08:00,1687752000,26.5,7.23,4.56,462.5,56.9,5.77,,0.258,2.61,,,
2023-06-26T16:00:00+08:00,1687766400,26.7,7.21,4.66,455.1,57.8,5.77,,0.255,2.65,,,
2023-06-26T20:00:00+08:00,1687780800,26.8,7.25,4.71,471.7,52.4,5.5,0.198,0.246,2.65,,,Ⅳ
2023-06-27T00:00:00+08:00,1687795200,26.7,7.23,4.55,467.2,56.7,5.41,0.198,0.242,2.68,,,Ⅳ
2023-06-27T04:00:00+08:00,1687809600,26.6,7.21,4.36,458.2,63.9,5.61,0.205,0.256,2.62,,,Ⅳ
2023-06-27T08:00:00+08:00,1687824000,26.5,7.21,4.21,463.8,58.1,5.52,0.196,0.246,2.63,,,Ⅳ
2023-06-27T12:00:00+08:00,1687838400,27.0,7.21,4.11,455.4,55.6,,,,,,,
2023-06-27T16:00:00+08:00,1687852800,27.4,7.28,4.34,456.4,53.3,5.87,0.213,0.252,2.76,,,Ⅳ
2023-06-27T20:00:00+08:00,1687867200,27.3,7.29,4.11,452.7,54.5,5.61,0.202,0.251,2.7,,,Ⅳ
2023-06-28T00:00:00+08:00,1687881600,27.1,7.28,3.94,452.8,50.3,5.66,0.212,0.246,2.76,,,Ⅳ
2023-06-28T04:00:00+08:00,1687896000,27.0,7.29,4.18,450.4,62.5,5.5,0.198,0.254,2.72,,,Ⅳ
2023-06-28T08:00:00+08:00,1687910400,27.1,7.27,4.14,445.0,66.7,5.74,0.197,0.26,2.63,,,Ⅳ
2023-06-28T12:00:00+08:00,1687924800,27.4,7.26,4.42,446.0,57.5,5.66,0.202,0.262,2.57,,,Ⅳ
2023-06-28T16:00:00+08:00,1687939200,28.2,7.26,4.31,446.6,65.2,5.99,0.198,0.265,2.68,,,Ⅳ
2023-06-28T20:00:00+08:00,1687953600,28.4,7.29,4.46,441.6,67.8,6.0,0.194,0.265,2.54,,,Ⅳ
2023-06-29T00:00:00+08:00,1687968000,28.4,7.28,4.33,443.4,71.9,5.99,0.188,0.262,2.64,,,Ⅳ
2023-06-29T04:00:00+08:00,1687982400,28.2,7.24,4.06,439.6,58.0,6.21,0.235,0.265,2.78,,,Ⅳ
2023-06-29T08:00:00+08:00,1687996800,28.4,7.25,4.25,444.5,67.3,6.21,0.204,0.266,2.62,,,Ⅳ
2023-06-29T12:00:00+08:00,1688011200,29.0,7.25,4.3,439.6,55.9,5.99,0.19,0.262,2.66,,,Ⅳ
2023-06-29T21:23:00+08:00,1688044980,,,,,,,,,,,,
2023-06-30T01:23:00+08:00,1688059380,,,,,,,,,,,,
2023-06-30T05:24:00+08:00,1688073840,,,,,,,,,,,,
2023-06-30T12:00:00+08:00,1688097600,29.5,7.26,5.1,437.6,67.8,6.94,0.172,0.283,2.62,,,Ⅳ
2023-06-30T16:00:00+08:00,1688112000,29.6,7.3,4.02,438.8,65.8,6.34,0.162,0.273,2.69,,,Ⅳ
2023-06-30T20:00:00+08:00,1688126400,29.3,7.31,3.94,434.2,74.2,6.39,0.153,0.284,2.59,,,Ⅳ
2023-07-01T00:00:00+08:00,1688140800,29.1,7.32,4.08,431.7,82.2,6.39,0.145,0.282,2.49,,,Ⅳ
2023-07-01T04:00:00+08:00,1688155200,29.0,7.28,3.99,440.7,81.8,6.62,0.228,0.28,2.67,,,Ⅳ
2023-07-01T08:00:00+08:00,1688169600,29.0,7.24,4.24,436.5,76.8,6.79,0.16,0.286,2.59,,,Ⅳ
2023-07-01T12:00:00+08:00,1688184000,29.6,7.23,4.64,432.3,97.0,6.59,0.149,0.281,2.56,,,Ⅳ
2023-07-01T16:00:00+08:00,1688198400,30.3,7.26,4.56,432.4,79.7,6.96,0.126,0.28,2.62,,,Ⅳ
2023-07-01T20:00:00+08:00,1688212800,29.8,7.24,4.98,431.2,102.9,6.53,0.146,0.282,2.58,,,Ⅳ
2023-07-02T00:00:00+08:00,1688227200,29.6,7.26,4.69,427.8,90.2,6.31,0.143,0.28,2.57,,,Ⅳ
2023-07-02T04:00:00+08:00,1688241600,29.7,7.22,4.46,434.9,93.1,6.65,0.144,0.28,2.62,,,Ⅳ
2023-07-02T08:00:00+08:00,1688256000,29.7,7.2,3.78,432.5,59.1,6.39,0.13,0.276,2.58,,,Ⅳ
2023-07-02T12:00:00+08:00,1688270400,30.3,7.22,4.32,429.3,85.4,6.39,0.12,0.283,2.53,,,Ⅳ
2023-07-02T16:00:00+08:00,1688284800,30.7,7.22,4.4,429.6,62.6,6.29,0.104,0.276,2.63,,,Ⅳ
2023-07-02T20:00:00+08:00,1688299200,30.5,7.21,3.95,429.0,62.6,6.15,0.109,0.278,2.59,,,Ⅳ
2023-07-03T00:00:00+08:00,1688313600,30.4,7.23,4.74,425.6,78.5,,0.09,0.281,2.63,,,
2023-07-03T04:00:00+08:00,1688328000,30.2,7.2,4.11,432.2,105.2,,0.106,0.29,2.54,,,
2023-07-03T08:00:00+08:00,1688342400,30.2,7.18,4.41,432.2,49.9,,0.092,0.27,2.6,,,
2023-07-03T12:00:00+08:00,1688356800,30.8,7.38,3.29,431.0,53.2,6.34,0.091,0.28,2.58,,,Ⅳ
2023-07-03T16:00:00+08:00,1688371200,30.9,7.21,3.9,429.8,57.0,6.28,0.076,0.281,2.59,,,Ⅳ
2023-07-03T20:00:00+08:00,1688385600,30.9,7.2,3.33,430.1,44.5,6.06,0.075,0.274,2.61,,,Ⅳ
2023-07-04T00:00:00+08:00,1688400000,30.8,7.19,3.42,430.5,53.0,6.02,0.068,0.276,2.57,,,Ⅳ
2023-07-04T04:00:00+08:00,1688414400,30.7,7.2,2.94,431.3,65.1,6.29,0.078,0.289,2.49,,,Ⅴ
2023-07-04T08:00:00+08:00,1688428800,30.8,7.18,2.87,438.2,35.4,6.28,0.094,0.278,2.64,,,Ⅴ
2023-07-04T12:00:00+08:00,1688443200,31.2,7.22,3.79,433.0,44.2,6.11,0.062,0.28,2.64,,,Ⅳ
2023-07-04T16:00:00+08:00,1688457600,31.5,7.22,3.47,432.6,48.4,5.87,0.058,0.276,2.56,,,Ⅳ
2023-07-04T20:00:00+08:00,1688472000,31.4,7.22,3.41,434.9,44.0,5.96,0.056,0.265,2.58,,,Ⅳ
2023-07-05T00:00:00+08:00,1688486400,31.1,7.22,3.54,435.5,53.8,6.04,0.068,0.274,2.59,,,Ⅳ
2023-07-05T04:00:00+08:00,1688500800,30.9,7.22,3.32,435.5,53.4,6.06,0.069,0.282,2.48,,,Ⅳ
2023-07-05T08:00:00+08:00,1688515200,30.8,7.19,3.38,438.8,43.3,6.29,0.059,0.273,2.64,,,Ⅳ
2023-07-05T12:00:00+08:00,1688529600,30.8,7.23,3.45,437.8,43.9,6.09,0.06,0.28,2.61,,,Ⅳ
2023-07-05T16:00:00+08:00,1688544000,30.9,7.24,3.73,434.9,52.6,5.9,0.062,0.28,2.71,,,Ⅳ
2023-07-05T20:00:00+08:00,1688558400,30.8,7.23,3.63,438.3,43.9,5.92,0.057,0.275,2.63,,,Ⅳ
2023-07-06T00:00:00+08:00,1688572800,30.5,7.23,3.23,435.6,54.0,5.9,0.071,0.275,2.53,,,Ⅳ
2023-07-06T04:00:00+08:00,1688587200,30.3,7.24,3.63,437.6,77.1,5.61,0.072,0.272,2.52,,,Ⅳ
2023-07-06T08:00:00+08:00,1688601600,30.4,7.21,3.16,441.7,41.2,6.25,0.065,0.281,2.58,,,Ⅳ
2023-07-06T12:00:00+08:00,1688616000,30.8,7.23,3.68,438.0,48.1,5.79,0.058,0.275,2.54,,,Ⅳ
2023-07-06T16:00:00+08:00,1688630400,30.9,7.24,3.86,440.0,49.4,5.57,0.07,0.271,2.53,,,Ⅳ
2023-07-06T20:00:00+08:00,1688644800,30.9,7.25,5.11,439.0,47.0,5.45,0.054,0.266,2.56,,,Ⅳ
2023-07-07T00:00:00+08:00,1688659200,30.8,7.25,3.26,441.0,49.4,5.42,0.071,0.272,2.54,,,Ⅳ
2023-07-07T04:00:00+08:00,1688673600,30.8,7.26,3.42,444.5,43.5,5.4,0.062,0.261,2.55,,,Ⅳ
2023-07-07T08:00:00+08:00,1688688000,30.8,7.32,3.36,441.3,61.0,5.85,0.062,0.277,2.52,,,Ⅳ
2023-07-07T16:00:00+08:00,1688716800,31.4,7.36,3.63,445.8,66.1,5.42,0.061,0.28,2.51,,,Ⅳ
2023-07-07T20:00:00+08:00,1688731200,31.3,7.35,3.34,444.4,62.7,5.81,0.071,0.292,2.49,,,Ⅳ
2023-07-08T00:00:00+08:00,1688745600,31.2,7.34,3.26,445.7,40.2,5.5,0.052,0.275,2.46,,,Ⅳ
2023-07-08T04:00:00+08:00,1688760000,30.9,7.35,3.6,449.8,53.3,5.4,0.064,0.274,2.51,,,Ⅳ
2023-07-08T08:00:00+08:00,1688774400,30.9,7.32,3.28,447.4,61.1,6.2,0.075,0.287,2.46,,,Ⅳ
2023-07-08T12:00:00+08:00,1688788800,31.1,7.33,3.57,449.1,42.7,5.46,0.051,0.27,2.52,,,Ⅳ
2023-07-08T16:00:00+08:00,1688803200,31.3,7.33,3.53,452.2,44.0,5.26,0.058,0.273,2.49,,,Ⅳ
2023-07-08T20:00:00+08:00,1688817600,31.3,7.33,4.87,448.5,54.5,5.5,0.06,0.276,2.42,,,Ⅳ
2023-07-09T00:00:00+08:00,1688832000,31.1,7.32,5.0,450.2,38.9,5.36,0.051,0.27,2.45,,,Ⅳ
2023-07-09T04:00:00+08:00,1688846400,30.9,7.33,3.37,455.3,41.1,5.26,0.058,0.267,2.44,,,Ⅳ
2023-07-09T08:00:00+08:00,1688860800,30.9,7.32,3.21,451.6,70.8,5.64,0.066,0.284,2.37,,,Ⅳ
2023-07-09T12:00:00+08:00,1688875200,31.2,7.31,3.14,454.1,38.4,5.64,0.076,0.27,2.57,,,Ⅳ
2023-07-09T16:00:00+08:00,1688889600,31.3,7.32,3.63,458.4,47.2,5.32,0.058,0.268,2.53,,,Ⅳ
2023-07-09T20:00:00+08:00,1688904000,31.2,7.33,4.28,460.5,43.0,5.26,0.057,0.263,2.45,,,Ⅳ
2023-07-10T00:00:00+08:00,1688918400,31.0,7.3,3.46,456.8,39.7,5.14,0.048,0.262,2.46,,,Ⅳ
2023-07-10T04:00:00+08:00,1688932800,30.9,7.3,3.48,465.2,41.7,5.13,0.057,0.259,2.44,,,Ⅳ
2023-07-10T08:00:00+08:00,1688947200,30.9,7.29,5.58,465.8,40.9,5.11,0.052,0.254,2.42,,,Ⅳ
2023-07-10T12:00:00+08:00,1688961600,31.0,7.29,3.59,458.9,43.0,,0.05,0.258,2.49,,,
2023-07-10T16:00:00+08:00,1688976000,30.9,7.32,4.73,461.4,44.1,5.2,0.054,0.261,2.43,,,Ⅳ
2023-07-10T20:00:00+08:00,1688990400,30.8,7.3,4.54,463.1,45.2,5.18,0.079,0.251,2.45,,,Ⅳ
2023-07-11T00:00:00+08:00,1689004800,30.7,7.28,4.3,462.4,37.0,5.3,0.071,0.251,2.47,,,Ⅳ
2023-07-11T04:00:00+08:00,1689019200,30.5,7.27,4.49,462.7,46.6,5.08,0.079,0.251,2.43,,,Ⅳ
2023-07-11T08:00:00+08:00,1689033600,30.3,7.25,4.14,461.2,42.8,,0.148,0.249,2.61,,,
2023-07-11T12:00:00+08:00,1689048000,30.8,7.25,4.32,460.3,37.6,5.12,0.144,0.247,2.63,,,Ⅳ
2023-07-11T16:00:00+08:00,1689062400,31.2,7.27,3.94,461.1,50.7,5.24,0.114,0.246,2.51,,,Ⅳ
2023-07-11T20:00:00+08:00,1689076800,31.4,7.28,4.54,462.3,59.8,5.18,0.122,0.246,2.62,,,Ⅳ
2023-07-12T00:00:00+08:00,1689091200,31.0,7.23,4.29,461.3,40.1,5.3,0.165,0.246,2.65,,,Ⅳ
2023-07-12T04:00:00+08:00,1689105600,31.0,7.24,4.08,463.1,53.7,5.11,0.119,0.245,2.64,,,Ⅳ
2023-07-12T08:00:00+08:00,1689120000,31.0,7.24,4.14,463.5,50.7,5.23,0.178,0.244,2.69,,,Ⅳ
2023-07-12T16:00:00+08:00,1689148800,32.1,7.24,4.32,462.5,50.6,5.37,0.147,0.251,2.65,,,Ⅳ
2023-07-12T20:00:00+08:00,1689163200,32.3,7.26,4.65,465.1,81.6,5.6,0.166,0.247,2.5,,,Ⅳ
2023-07-13T04:00:00+08:00,1689192000,31.8,7.2,4.05,465.9,56.8,5.54,0.146,0.247,2.48,,,Ⅳ
2023-07-13T08:00:00+08:00,1689206400,31.8,7.21,4.43,465.9,67.0,5.69,0.238,0.251,2.6,,,Ⅳ
2023-07-13T12:00:00+08:00,1689220800,32.1,7.21,4.5,472.2,44.6,5.67,0.158,0.252,2.49,,,Ⅳ
2023-07-13T16:00:00+08:00,1689235200,32.3,7.21,4.65,470.6,89.2,5.81,0.132,0.26,2.5,,,Ⅳ
2023-07-13T20:00:00+08:00,1689249600,32.1,7.22,4.54,473.2,72.4,5.46,0.127,0.257,2.41,,,Ⅳ
2023-07-14T04:00:00+08:00,1689278400,31.9,7.2,4.43,473.5,39.2,5.33,0.133,0.249,2.51,,,Ⅳ
2023-07-14T08:00:00+08:00,1689292800,31.8,7.21,4.49,474.3,73.5,5.72,0.149,0.256,2.43,,,Ⅳ
2023-07-14T12:00:00+08:00,1689307200,32.2,7.2,4.27,476.4,52.9,5.65,0.129,0.25,2.44,,,Ⅳ
2023-07-14T16:00:00+08:00,1689321600,32.8,7.22,4.5,476.6,46.8,5.42,0.119,0.243,2.41,,,Ⅳ
2023-07-14T20:00:00+08:00,1689336000,32.4,7.22,4.46,478.5,60.0,,0.142,0.254,2.51,,,
2023-07-15T04:00:00+08:00,1689364800,32.1,7.21,3.98,478.3,47.7,,0.131,0.253,2.46,,,
2023-07-15T08:00:00+08:00,1689379200,32.1,7.21,4.21,479.6,47.6,,0.122,0.253,2.46,,,
2023-07-15T12:00:00+08:00,1689393600,32.8,7.21,4.12,482.2,52.0,5.45,0.111,0.268,2.48,,,Ⅳ
2023-07-15T16:00:00+08:00,1689408000,33.3,7.25,4.45,482.1,42.1,5.4,0.087,0.261,2.52,,,Ⅳ
2023-07-15T20:00:00+08:00,1689422400,33.0,7.24,4.42,481.8,45.2,5.5,0.082,0.255,2.53,,,Ⅳ
2023-07-16T04:00:00+08:00,1689451200,32.5,7.24,3.96,483.1,49.0,5.46,0.085,0.258,2.43,,,Ⅳ
2023-07-16T08:00:00+08:00,1689465600,32.5,7.24,3.99,483.9,39.7,5.72,0.081,0.249,2.45,,,Ⅳ
2023-07-16T12:00:00+08:00,1689480000,33.1,7.26,3.87,483.7,50.0,5.37,0.082,0.245,2.5,,,Ⅳ
2023-07-16T16:00:00+08:00,1689494400,33.0,7.27,3.96,484.4,44.8,5.37,0.077,0.243,2.51,,,Ⅳ
2023-07-16T20:00:00+08:00,1689508800,32.8,7.26,4.47,485.5,46.7,5.21,0.093,0.246,2.54,,,Ⅳ
2023-07-17T04:00:00+08:00,1689537600,32.2,7.27,3.82,486.1,52.4,5.65,0.095,0.252,2.5,,,Ⅳ
2023-07-17T12:00:00+08:00,1689566400,32.1,7.32,4.71,477.2,43.3,5.18,0.158,,2.64,,,
2023-07-17T16:00:00+08:00,1689580800,32.7,7.28,4.24,475.3,45.6,5.24,0.155,0.25,2.68,,,
2023-07-17T20:00:00+08:00,1689595200,32.4,7.27,4.24,475.1,70.3,5.26,0.152,0.248,2.67,,,Ⅳ
2023-07-18T04:00:00+08:00,1689624000,31.8,7.28,4.59,479.9,45.0,5.38,0.14,0.255,2.62,,,Ⅳ
2023-07-18T08:00:00+08:00,1689638400,32.0,7.29,4.57,481.0,49.4,5.4,0.096,0.248,2.65,,,Ⅳ
2023-07-18T12:00:00+08:00,1689652800,32.4,7.26,3.95,472.1,53.9,5.23,0.117,0.244,2.64,,,Ⅳ
2023-07-18T16:00:00+08:00,1689667200,32.7,7.23,4.05,464.4,46.7,5.32,0.168,0.247,2.67,,,Ⅳ
2023-07-18T20:00:00+08:00,1689681600,32.3,7.24,3.96,458.4,41.2,5.03,0.138,0.244,2.64,,,Ⅳ
2023-07-19T04:00:00+08:00,1689710400,31.8,7.25,4.02,463.1,55.7,5.33,0.186,0.249,2.62,,,Ⅳ
2023-07-19T08:00:00+08:00,1689724800,31.8,7.26,3.98,471.0,38.4,5.2,0.082,0.25,2.64,,,Ⅳ
2023-07-19T12:00:00+08:00,1689739200,32.0,7.26,4.14,461.2,53.9,5.08,0.112,0.248,2.62,,,Ⅳ
2023-07-19T16:00:00+08:00,1689753600,32.1,7.27,4.3,462.8,46.2,5.11,0.157,0.245,2.69,,,Ⅳ
2023-07-19T20:00:00+08:00,1689768000,31.9,7.27,4.24,461.3,58.4,5.08,0.217,0.248,2.8,,,Ⅳ
2023-07-20T04:00:00+08:00,1689796800,31.3,7.25,4.35,449.1,66.0,5.13,0.196,0.243,2.6,,,Ⅳ
2023-07-20T08:00:00+08:00,1689811200,31.3,7.27,4.22,465.1,39.2,5.37,0.118,0.253,2.74,,,Ⅳ
2023-07-20T12:00:00+08:00,1689825600,31.1,7.31,4.51,452.8,46.3,5.04,0.115,0.246,2.69,,,Ⅳ
2023-07-20T16:00:00+08:00,1689840000,30.9,7.29,4.72,430.8,64.3,5.45,0.211,0.25,2.6,,,Ⅳ
2023-07-20T20:00:00+08:00,1689854400,30.7,7.29,5.38,430.7,75.3,5.6,0.406,0.252,2.82,,,Ⅳ
2023-07-21T04:00:00+08:00,1689883200,30.3,7.23,4.66,434.0,56.0,5.55,0.507,0.261,3.03,,,Ⅳ
2023-07-21T08:00:00+08:00,1689897600,30.3,7.25,4.69,431.9,78.4,5.71,0.468,0.258,3.01,,,Ⅳ
2023-07-21T12:00:00+08:00,1689912000,30.8,7.22,4.6,417.7,85.2,5.55,0.376,0.268,2.95,,,Ⅳ
2023-07-21T16:00:00+08:00,1689926400,30.9,7.2,4.65,423.0,51.0,5.71,0.53,0.267,3.14,,,Ⅳ
2023-07-21T20:00:00+08:00,1689940800,30.8,7.22,4.45,420.5,51.3,5.66,0.372,0.261,3.07,,,Ⅳ
2023-07-22T04:00:00+08:00,1689969600,30.7,7.2,4.16,416.1,51.1,5.48,0.446,0.256,3.01,,,Ⅳ
2023-07-22T08:00:00+08:00,1689984000,30.4,7.19,3.46,419.7,64.3,5.98,0.438,0.272,3.13,,,Ⅳ
2023-07-22T12:00:00+08:00,1689998400,30.8,7.19,3.65,406.2,59.4,5.46,0.458,0.263,3.22,,,Ⅳ
2023-07-22T16:00:00+08:00,1690012800,30.9,7.17,3.54,400.1,53.1,5.47,0.436,0.264,3.09,,,Ⅳ
2023-07-22T20:00:00+08:00,1690027200,30.8,7.21,3.85,405.1,61.1,5.41,0.441,0.268,3.26,,,Ⅳ
2023-07-23T04:00:00+08:00,1690056000,30.3,7.2,3.66,374.1,57.5,5.32,0.594,0.278,3.13,,,Ⅳ
2023-07-23T08:00:00+08:00,1690070400,30.2,7.19,3.48,399.3,45.0,5.71,0.73,0.278,3.44,,,Ⅳ
2023-07-23T12:00:00+08:00,1690084800,30.6,7.19,3.42,393.9,42.4,5.64,0.486,0.271,3.24,,,Ⅳ
2023-07-23T16:00:00+08:00,1690099200,30.6,7.16,3.28,374.1,54.2,5.5,0.771,0.28,3.32,,,Ⅳ
2023-07-23T20:00:00+08:00,1690113600,30.6,7.16,3.28,381.0,47.8,5.61,0.628,0.269,3.35,,,Ⅳ
2023-07-24T04:00:00+08:00,1690142400,30.2,7.15,3.08,355.3,49.9,,0.72,0.276,3.24,,,
2023-07-24T08:00:00+08:00,1690156800,30.1,7.15,3.08,374.3,44.9,,0.671,0.27,3.36,,,
2023-07-24T12:00:00+08:00,1690171200,30.6,7.15,2.67,372.8,38.5,,0.624,0.286,3.38,,,
2023-07-24T16:00:00+08:00,1690185600,30.8,7.15,2.63,364.7,40.5,5.09,0.636,0.271,3.38,,,Ⅴ
2023-07-24T20:00:00+08:00,1690200000,30.7,7.16,2.72,371.6,41.7,5.4,0.596,0.272,3.48,,,Ⅴ
2023-07-25T04:00:00+08:00,1690228800,30.3,7.14,2.56,361.9,45.1,5.18,0.542,0.272,3.27,,,Ⅴ
2023-07-25T08:00:00+08:00,1690243200,30.2,7.15,2.59,369.3,39.5,5.48,0.536,0.271,3.36,,,Ⅴ
2023-07-25T12:00:00+08:00,1690257600,30.8,7.15,2.69,371.5,31.7,5.67,0.542,0.307,3.32,,,Ⅴ
2023-07-25T16:00:00+08:00,1690272000,31.0,7.17,2.6,366.3,43.9,5.22,0.446,0.27,3.28,,,Ⅴ
2023-07-25T20:00:00+08:00,1690286400,30.9,7.16,2.37,365.2,39.8,5.26,0.504,0.271,3.33,,,Ⅴ
2023-07-26T04:00:00+08:00,1690315200,30.6,7.15,2.5,367.5,50.1,5.56,0.578,0.276,3.38,,,Ⅴ
2023-07-26T12:00:00+08:00,1690344000,30.9,7.17,2.62,371.8,32.3,5.48,0.369,0.26,3.41,,,Ⅴ
2023-07-26T16:00:00+08:00,1690358400,31.3,7.17,3.33,372.8,219.3,5.48,0.369,0.26,3.41,,,Ⅳ
2023-07-26T20:00:00+08:00,1690372800,30.9,7.2,3.27,376.9,40.8,5.62,0.604,0.254,3.32,,,Ⅳ
2023-07-27T04:00:00+08:00,1690401600,30.5,7.19,2.92,376.9,36.8,5.63,0.474,0.262,3.38,,,Ⅴ
2023-07-27T08:00:00+08:00,1690416000,30.4,7.22,3.17,384.7,47.4,5.34,0.608,0.252,3.42,,,Ⅳ
2023-07-27T12:00:00+08:00,1690430400,30.5,6.67,3.18,379.4,52.2,5.44,0.375,0.251,3.4,,,Ⅳ
2023-07-27T16:00:00+08:00,1690444800,30.4,7.16,3.39,385.1,49.1,5.34,0.419,0.253,3.41,,,Ⅳ
2023-07-27T20:00:00+08:00,1690459200,30.1,7.19,3.55,398.8,57.9,5.22,0.609,0.25,3.44,,,Ⅳ
2023-07-28T04:00:00+08:00,1690488000,29.7,7.18,3.25,385.0,41.9,5.43,0.378,0.251,3.42,,,Ⅳ
2023-07-28T08:00:00+08:00,1690502400,29.5,7.21,3.33,398.0,62.8,5.46,0.515,0.257,3.41,,,Ⅳ
2023-07-28T12:00:00+08:00,1690516800,29.6,7.22,3.39,397.2,52.6,5.26,0.461,0.252,3.21,,,Ⅳ
2023-07-28T16:00:00+08:00,1690531200,29.5,7.2,3.54,401.8,58.1,5.46,0.516,0.255,3.47,,,Ⅳ
2023-07-28T20:00:00+08:00,1690545600,29.2,7.21,3.65,408.5,72.6,5.28,0.458,0.26,3.36,,,Ⅳ
2023-07-29T04:00:00+08:00,1690574400,28.8,7.23,3.63,396.5,57.2,5.58,0.324,0.251,3.42,,,Ⅳ
2023-07-29T08:00:00+08:00,1690588800,28.8,7.23,3.63,406.0,71.4,5.32,0.298,0.255,3.37,,,Ⅳ
2023-07-29T12:00:00+08:00,1690603200,28.9,7.35,3.78,409.4,72.3,5.09,0.118,0.252,3.16,,,Ⅳ
2023-07-29T16:00:00+08:00,1690617600,28.9,7.37,3.63,410.3,103.3,5.01,0.147,0.254,3.14,,,Ⅳ
2023-07-29T20:00:00+08:00,1690632000,28.8,7.37,3.59,415.7,81.9,5.15,0.162,0.252,3.26,,,Ⅳ
2023-07-30T04:00:00+08:00,1690660800,28.6,7.32,3.33,410.9,155.3,5.35,0.174,0.252,3.37,,,Ⅳ
2023-07-30T08:00:00+08:00,1690675200,28.6,7.3,3.35,417.0,72.5,5.49,0.242,0.255,3.43,,,Ⅳ
2023-07-30T12:00:00+08:00,1690689600,29.3,7.27,3.42,424.1,76.4,5.61,0.32,0.252,3.44,,,Ⅳ
2023-07-30T16:00:00+08:00,1690704000,29.4,7.29,3.4,424.2,71.6,5.6,0.294,0.252,3.5,,,Ⅳ
2023-07-30T20:00:00+08:00,1690718400,29.1,7.3,3.41,424.0,79.8,5.22,0.232,0.255,3.45,,,Ⅳ
2023-07-31T04:00:00+08:00,1690747200,28.9,7.28,3.26,418.2,81.0,5.8,0.276,0.263,3.4,,,Ⅳ
2023-07-31T08:00:00+08:00,1690761600,28.9,7.25,3.31,419.1,58.3,5.57,0.232,0.254,3.44,,,Ⅳ
2023-07-31T12:00:00+08:00,1690776000,29.8,7.26,3.31,425.4,73.5,5.48,0.19,0.252,3.48,,,Ⅳ
2023-07-31T16:00:00+08:00,1690790400,30.6,7.3,3.31,426.4,69.6,5.62,0.179,0.251,3.55,,,Ⅳ
2023-07-31T20:00:00+08:00,1690804800,29.8,7.28,3.32,428.2,68.0,5.38,0.17,0.255,3.49,,,Ⅳ
2023-08-01T04:00:00+08:00,1690833600,29.5,7.32,3.18,425.3,83.2,5.63,0.123,0.258,3.37,,,Ⅳ
2023-08-01T08:00:00+08:00,1690848000,29.4,7.31,3.02,425.2,103.1,5.46,0.122,0.246,3.34,,,Ⅳ
2023-08-01T12:00:00+08:00,1690862400,29.9,7.34,3.06,428.2,73.9,5.54,0.084,0.25,3.42,,,Ⅳ
2023-08-01T16:00:00+08:00,1690876800,30.6,6.82,3.6,429.4,55.7,5.52,0.071,0.256,3.34,,,Ⅳ
2023-08-01T20:00:00+08:00,1690891200,30.0,7.22,6.92,429.9,44.6,5.63,0.071,0.254,3.31,,,Ⅳ
2023-08-02T04:00:00+08:00,1690920000,29.6,7.28,3.45,429.2,55.5,5.52,0.055,0.26,3.3,,,Ⅳ
2023-08-02T08:00:00+08:00,1690934400,29.6,7.24,3.75,433.1,39.4,5.52,0.038,0.238,3.44,,,Ⅳ
2023-08-02T12:00:00+08:00,1690948800,30.6,7.27,3.47,434.7,48.3,5.4,0.045,0.247,3.25,,,Ⅳ
2023-08-02T16:00:00+08:00,1690963200,31.4,7.31,3.5,435.0,49.5,5.4,0.047,0.247,3.31,,,Ⅳ
2023-08-02T20:00:00+08:00,1690977600,30.5,7.35,3.5,437.0,41.7,5.2,0.038,0.236,3.33,,,Ⅳ
2023-08-03T04:00:00+08:00,1691006400,30.2,7.34,3.42,438.5,64.5,5.44,0.053,0.257,3.18,,,Ⅳ
2023-08-03T08:00:00+08:00,1691020800,30.0,7.37,3.49,443.4,53.2,5.22,0.049,0.242,3.29,,,Ⅳ
2023-08-03T12:00:00+08:00,1691035200,30.9,7.37,3.5,442.2,49.2,5.28,0.044,0.239,3.36,,,Ⅳ
2023-08-03T16:00:00+08:00,1691049600,31.3,7.39,3.6,442.0,63.4,5.24,0.054,0.249,3.32,,,Ⅳ
2023-08-03T20:00:00+08:00,1691064000,30.8,7.4,3.64,447.1,47.9,5.12,0.048,0.228,3.26,,,Ⅳ
2023-08-04T04:00:00+08:00,1691092800,30.3,7.42,3.65,442.8,67.1,4.81,0.053,0.228,3.28,,,Ⅳ
2023-08-04T08:00:00+08:00,1691107200,30.1,7.44,3.74,460.0,73.4,4.58,0.056,0.232,3.17,,,Ⅳ
2023-08-04T12:00:00+08:00,1691121600,30.8,7.44,3.74,457.0,59.1,4.33,0.052,0.221,3.05,,,Ⅳ
2023-08-04T16:00:00+08:00,1691136000,31.6,7.45,3.75,449.2,56.4,7.79,0.499,0.218,,,,Ⅳ
2023-08-04T20:00:00+08:00,1691150400,30.8,7.47,3.82,459.3,53.7,4.44,0.093,0.216,,,,Ⅳ
2023-08-05T04:00:00+08:00,1691179200,30.4,7.44,3.78,448.3,50.7,3.72,0.034,0.218,,,,Ⅳ
2023-08-05T08:00:00+08:00,1691193600,30.4,7.46,3.82,460.1,69.7,0.25,0.03,0.212,,,,Ⅳ
2023-08-05T12:00:00+08:00,1691208000,31.2,7.39,2.95,462.2,233.7,5.48,0.074,0.248,2.95,,,Ⅴ
2023-08-05T16:00:00+08:00,1691222400,31.8,7.47,3.04,454.0,79.6,5.51,0.067,0.249,3.17,,,Ⅳ
2023-08-05T20:00:00+08:00,1691236800,31.6,7.5,3.43,462.6,95.5,5.39,0.072,0.241,2.98,,,Ⅳ
2023-08-06T08:04:00+08:00,1691280240,,,,,,,,,,,,
2023-08-06T12:05:00+08:00,1691294700,,,,,,,,,,,,
2023-08-06T16:06:00+08:00,1691309160,,,,,,,,,,,,
2023-08-06T20:06:00+08:00,1691323560,,,,,,,,,,,,
2023-08-07T00:07:00+08:00,1691338020,,,,,,,,,,,,
2023-08-07T04:08:00+08:00,1691352480,,,,,,,,,,,,
2023-08-07T12:00:00+08:00,1691380800,32.4,7.48,3.13,470.4,55.8,5.21,0.049,0.21,3.3,,,Ⅳ
2023-08-07T16:00:00+08:00,1691395200,32.8,7.43,3.26,465.4,63.0,5.54,0.07,0.205,3.38,,,Ⅳ
2023-08-07T20:00:00+08:00,1691409600,32.7,7.44,3.15,468.1,61.2,5.38,0.059,0.212,3.27,,,Ⅳ
2023-08-08T04:00:00+08:00,1691438400,32.2,7.39,2.79,464.8,68.7,5.38,0.082,0.204,3.28,,,Ⅴ
2023-08-08T08:00:00+08:00,1691452800,32.0,7.38,2.62,467.0,50.0,5.62,0.091,0.201,3.42,,,Ⅴ
2023-08-08T12:00:00+08:00,1691467200,32.5,7.41,2.9,471.2,46.4,5.35,0.061,0.198,3.32,,,Ⅴ
2023-08-08T16:00:00+08:00,1691481600,32.7,7.38,2.92,468.6,68.8,5.41,0.089,0.201,3.21,,,Ⅴ
2023-08-08T20:00:00+08:00,1691496000,32.5,7.41,2.9,467.0,55.1,5.06,0.078,0.204,3.1,,,Ⅴ
2023-08-09T04:00:00+08:00,1691524800,32.0,7.41,2.79,467.2,56.5,4.99,0.073,0.205,3.04,,,Ⅴ
2023-08-09T08:00:00+08:00,1691539200,31.9,7.41,2.89,466.1,48.3,4.84,0.066,0.196,3.01,,,Ⅴ
2023-08-09T12:00:00+08:00,1691553600,32.3,7.39,2.78,472.4,47.8,4.93,0.07,0.194,3.06,,,Ⅴ
2023-08-09T20:00:00+08:00,1691582400,32.4,7.45,3.46,466.9,56.6,5.18,0.075,0.209,2.8,,,Ⅳ
2023-08-10T04:00:00+08:00,1691611200,32.0,7.42,2.85,471.9,48.7,5.04,0.086,0.203,3.04,,,Ⅴ
2023-08-10T08:00:00+08:00,1691625600,31.8,7.42,2.84,471.8,51.5,4.81,0.079,0.203,3.02,,,Ⅴ
2023-08-10T12:00:00+08:00,1691640000,32.1,7.42,2.73,472.6,52.7,4.9,0.072,0.203,2.93,,,Ⅴ
2023-08-10T16:00:00+08:00,1691654400,32.6,7.43,2.88,479.2,73.4,5.3,0.08,0.207,3.01,,,Ⅴ
2023-08-10T20:00:00+08:00,1691668800,32.5,7.43,2.99,478.2,63.5,4.93,0.085,0.206,3.01,,,Ⅴ
2023-08-11T00:00:00+08:00,1691683200,32.2,7.39,2.71,481.2,47.1,5.11,0.153,0.203,3.18,,,Ⅴ
2023-08-11T04:00:00+08:00,1691697600,32.0,7.38,2.54,480.8,40.6,5.17,0.121,0.207,3.16,,,Ⅴ
2023-08-11T08:00:00+08:00,1691712000,32.1,7.42,2.64,479.0,64.8,5.04,0.079,0.208,2.95,,,Ⅴ
2023-08-11T12:00:00+08:00,1691726400,32.4,7.39,2.57,480.5,68.4,5.06,0.088,0.202,2.95,,,Ⅴ
2023-08-11T16:00:00+08:00,1691740800,32.8,7.39,2.9,480.4,73.7,5.4,0.101,0.207,3.07,,,Ⅴ
2023-08-11T20:00:00+08:00,1691755200,32.8,7.42,3.22,480.2,127.1,5.32,0.128,0.204,2.95,,,Ⅳ
2023-08-12T00:00:00+08:00,1691769600,32.6,7.42,3.02,482.6,159.5,5.62,0.151,0.212,3.04,,,Ⅳ
2023-08-12T04:00:00+08:00,1691784000,32.3,7.4,2.69,485.6,122.6,5.51,0.151,0.204,3.12,,,Ⅴ
2023-08-12T08:00:00+08:00,1691798400,32.3,7.39,2.62,487.0,91.3,5.58,0.151,0.209,3.11,,,Ⅴ
2023-08-12T12:00:00+08:00,1691812800,32.7,7.37,2.74,482.4,66.3,5.39,0.123,0.206,3.04,,,Ⅴ
2023-08-12T16:00:00+08:00,1691827200,33.2,7.41,2.84,487.9,78.7,5.26,0.099,0.213,2.96,,,Ⅴ
2023-08-12T20:00:00+08:00,1691841600,33.0,7.4,3.04,490.0,74.0,5.14,0.119,0.206,3.0,,,Ⅳ
2023-08-13T00:00:00+08:00,1691856000,32.7,7.44,3.26,487.7,103.8,5.12,0.101,0.207,2.92,,,Ⅳ
2023-08-13T08:00:00+08:00,1691884800,32.5,7.4,2.63,492.6,160.2,5.56,0.112,0.206,3.02,,,Ⅴ
2023-08-13T08:34:00+08:00,1691886840,,,,,,,,,,,,
2023-08-13T12:00:00+08:00,1691899200,33.0,7.42,2.91,488.7,83.1,5.51,0.084,0.206,2.82,,,Ⅴ
2023-08-13T16:00:00+08:00,1691913600,33.5,7.42,3.03,489.7,80.9,5.41,0.074,0.204,2.84,,,Ⅳ
2023-08-13T20:00:00+08:00,1691928000,33.1,7.44,2.97,487.4,147.8,5.14,0.077,0.201,2.82,,,Ⅴ
2023-08-14T04:00:00+08:00,1691956800,32.8,7.43,2.74,491.0,144.5,5.37,0.074,0.207,2.84,,,Ⅴ
2023-08-14T08:00:00+08:00,1691971200,32.8,7.43,2.64,492.2,88.7,5.26,0.066,0.202,2.82,,,Ⅴ
2023-08-14T12:00:00+08:00,1691985600,33.1,7.43,2.77,486.3,74.1,5.24,0.071,0.21,2.67,,,Ⅴ
2023-08-14T16:00:00+08:00,1692000000,33.2,7.46,2.91,485.8,115.5,5.17,0.066,0.206,2.72,,,Ⅴ
2023-08-14T20:00:00+08:00,1692014400,33.0,7.44,2.73,485.2,64.7,5.09,0.065,0.204,2.64,,,Ⅴ
2023-08-15T00:00:00+08:00,1692028800,32.7,7.42,2.8,477.2,74.8,5.17,0.084,0.208,2.71,,,Ⅴ
2023-08-15T04:00:00+08:00,1692043200,32.5,7.42,2.52,485.7,119.1,5.21,0.072,0.213,2.68,,,Ⅴ
2023-08-15T08:00:00+08:00,1692057600,32.3,7.43,2.46,491.4,110.0,5.28,0.061,0.21,2.73,,,Ⅴ
2023-08-15T12:00:00+08:00,1692072000,32.7,7.41,2.55,483.3,82.9,5.38,0.074,0.212,2.7,,,Ⅴ
2023-08-15T16:00:00+08:00,1692086400,32.5,7.49,3.14,466.3,72.0,5.39,0.088,0.213,2.69,,,Ⅳ
2023-08-15T20:00:00+08:00,1692100800,32.3,7.43,2.81,480.2,81.3,5.15,0.089,0.217,2.68,,,Ⅴ
2023-08-16T00:00:00+08:00,1692115200,31.9,7.38,2.83,474.2,95.0,5.23,0.171,0.224,2.74,,,Ⅴ
2023-08-16T04:00:00+08:00,1692129600,31.6,7.39,2.64,475.9,150.6,5.71,0.145,0.234,2.64,,,Ⅴ
2023-08-16T08:00:00+08:00,1692144000,31.8,7.41,2.57,483.3,72.6,5.32,0.084,0.22,2.69,,,Ⅴ
2023-08-16T12:00:00+08:00,1692158400,32.2,7.41,2.58,476.9,80.3,5.55,0.133,0.226,2.74,,,Ⅴ
2023-08-16T16:00:00+08:00,1692172800,32.6,7.41,2.58,475.2,83.7,5.37,0.125,0.24,2.79,,,Ⅴ
2023-08-16T20:00:00+08:00,1692187200,32.4,7.42,2.52,479.4,101.3,5.14,0.115,0.226,2.74,,,Ⅴ
2023-08-17T00:00:00+08:00,1692201600,32.1,7.43,2.55,477.0,61.4,5.28,0.118,0.23,2.64,,,Ⅴ
2023-08-17T04:00:00+08:00,1692216000,31.9,7.41,2.34,475.5,103.3,5.5,0.115,0.238,2.7,,,Ⅴ
2023-08-17T08:00:00+08:00,1692230400,32.1,7.45,2.2,474.5,140.4,5.14,0.042,0.22,2.66,,,Ⅴ
2023-08-17T12:00:00+08:00,1692244800,32.4,7.43,2.34,477.8,165.1,5.21,0.074,0.224,2.71,,,Ⅴ
2023-08-17T16:00:00+08:00,1692259200,32.0,7.44,2.48,477.2,81.8,5.48,0.085,0.233,2.7,,,Ⅴ
2023-08-17T20:00:00+08:00,1692273600,32.0,7.47,2.44,479.3,81.6,5.17,0.052,0.225,2.67,,,Ⅴ
2023-08-18T00:00:00+08:00,1692288000,31.6,7.44,2.35,476.3,75.7,5.26,0.083,0.23,2.8,,,Ⅴ
2023-08-18T04:00:00+08:00,1692302400,31.3,7.44,2.28,478.0,88.9,5.56,0.081,0.242,2.68,,,Ⅴ
2023-08-18T08:00:00+08:00,1692316800,31.5,7.51,2.54,479.3,66.8,5.4,0.043,0.221,2.68,,,Ⅴ
2023-08-18T12:00:00+08:00,1692331200,32.0,7.47,2.45,479.2,60.0,5.23,0.054,0.224,2.66,,,Ⅴ
2023-08-18T16:00:00+08:00,1692345600,32.3,7.48,2.85,475.5,106.5,5.22,0.06,0.221,2.63,,,Ⅴ
2023-08-18T20:00:00+08:00,1692360000,32.0,7.5,2.65,482.3,91.6,5.21,0.046,0.221,2.63,,,Ⅴ
2023-08-19T00:00:00+08:00,1692374400,31.8,7.48,2.59,473.8,68.1,5.14,0.062,0.223,2.64,,,Ⅴ
2023-08-19T04:00:00+08:00,1692388800,31.6,7.54,2.7,472.1,232.2,5.21,0.07,0.229,2.55,,,Ⅴ
2023-08-19T08:00:00+08:00,1692403200,31.7,7.51,2.65,482.9,77.9,5.07,0.043,0.215,2.68,,,Ⅴ
2023-08-19T12:00:00+08:00,1692417600,32.0,7.5,2.81,476.7,98.5,5.03,0.052,0.22,2.56,,,Ⅴ
2023-08-19T16:00:00+08:00,1692432000,32.2,7.53,3.33,473.4,76.2,5.04,0.056,0.216,2.6,,,Ⅳ
2023-08-19T20:00:00+08:00,1692446400,32.1,7.54,2.99,478.7,99.2,4.95,0.046,0.214,2.64,,,Ⅴ
2023-08-20T00:00:00+08:00,1692460800,31.7,7.54,3.12,473.4,78.9,4.99,0.058,0.216,2.55,,,Ⅳ
2023-08-20T04:00:00+08:00,1692475200,31.4,7.57,2.94,469.6,90.6,4.87,0.06,0.212,2.45,,,Ⅴ
2023-08-20T08:00:00+08:00,1692489600,31.6,7.59,2.89,479.3,75.2,5.07,0.046,0.213,2.56,,,Ⅴ
2023-08-20T12:00:00+08:00,1692504000,32.0,7.65,3.57,475.6,155.9,6.74,0.184,0.359,1.73,,,Ⅴ
2023-08-20T16:00:00+08:00,1692518400,32.4,7.65,3.37,473.3,53.7,4.92,0.056,0.239,2.5,,,Ⅳ
2023-08-20T20:00:00+08:00,1692532800,32.0,7.66,3.41,475.7,48.4,4.81,0.047,0.213,2.52,,,Ⅳ
2023-08-21T00:00:00+08:00,1692547200,31.7,7.65,3.44,472.9,53.2,4.78,0.049,0.214,2.52,,,Ⅳ
2023-08-21T04:00:00+08:00,1692561600,31.3,7.64,3.46,471.4,47.0,4.95,0.054,0.208,2.52,,,Ⅳ
2023-08-21T08:00:00+08:00,1692576000,31.4,7.64,3.37,475.0,54.4,5.11,0.054,0.218,2.4,,,Ⅳ
2023-08-21T12:00:00+08:00,1692590400,32.1,7.67,3.56,476.8,42.1,4.81,0.042,0.209,2.48,,,Ⅳ
2023-08-21T16:00:00+08:00,1692604800,32.9,7.66,3.58,474.2,48.0,4.86,0.049,0.204,2.45,,,Ⅳ
2023-08-21T20:00:00+08:00,1692619200,32.1,7.72,3.46,475.9,48.1,4.81,0.052,0.205,2.47,,,Ⅳ
2023-08-22T00:00:00+08:00,1692633600,31.8,7.71,3.5,476.3,42.6,4.78,0.049,0.203,2.46,,,Ⅳ
2023-08-22T04:00:00+08:00,1692648000,31.6,7.71,3.6,473.4,48.2,4.8,0.055,0.202,2.4,,,Ⅳ
2023-08-22T08:00:00+08:00,1692662400,31.5,7.7,3.45,475.6,46.3,5.05,0.051,0.2,2.44,,,Ⅳ
2023-08-22T12:00:00+08:00,1692676800,32.4,7.7,3.51,477.7,51.3,4.95,0.052,0.197,2.39,,,Ⅳ
2023-08-22T16:00:00+08:00,1692691200,31.8,7.7,3.59,473.7,47.9,4.84,0.051,0.199,2.39,,,Ⅳ
2023-08-22T20:00:00+08:00,1692705600,31.6,7.7,3.41,470.2,56.5,4.96,0.062,0.21,2.32,,,Ⅳ
2023-08-23T00:00:00+08:00,1692720000,31.2,7.71,3.51,472.1,41.8,4.73,0.051,0.194,2.4,,,Ⅳ
2023-08-23T04:00:00+08:00,1692734400,31.1,7.69,3.44,471.5,49.1,4.75,0.06,0.197,2.41,,,Ⅳ
2023-08-23T08:00:00+08:00,1692748800,31.0,7.66,3.37,472.8,52.6,4.84,0.056,0.195,2.39,,,Ⅳ
2023-08-23T12:00:00+08:00,1692763200,31.9,7.64,3.37,472.7,51.9,4.81,0.055,0.204,2.39,,,Ⅳ
2023-08-23T16:00:00+08:00,1692777600,31.9,8.02,2.68,477.5,42.2,5.06,0.054,0.199,2.48,,,Ⅴ
2023-08-23T20:00:00+08:00,1692792000,30.7,7.78,4.26,475.4,29.2,4.61,0.048,0.193,2.55,,,Ⅳ
2023-08-24T00:00:00+08:00,1692806400,29.4,7.95,4.23,473.1,121.0,4.66,0.034,0.188,2.5,,,Ⅳ
2023-08-24T04:00:00+08:00,1692820800,30.0,7.76,3.9,471.3,34.5,4.78,0.06,0.205,2.53,,,Ⅳ
2023-08-24T08:00:00+08:00,1692835200,23.9,8.07,7.49,1.7,42.2,6.82,0.205,0.341,1.35,,,Ⅴ
2023-08-24T20:00:00+08:00,1692878400,31.7,7.49,3.56,479.1,68.9,4.84,0.068,0.235,2.34,,,Ⅳ
2023-08-25T00:00:00+08:00,1692892800,31.6,7.48,2.83,480.3,328.4,4.83,0.075,0.221,2.4,,,Ⅴ
2023-08-25T04:00:00+08:00,1692907200,31.4,7.5,2.84,480.4,152.7,4.93,0.069,0.223,2.23,,,Ⅴ
2023-08-25T08:00:00+08:00,1692921600,31.2,7.52,2.75,481.6,53.8,4.88,0.055,0.204,2.41,,,Ⅴ
2023-08-25T12:00:00+08:00,1692936000,31.6,7.52,2.85,485.3,276.2,4.84,0.054,0.202,2.36,,,Ⅴ
2023-08-25T16:00:00+08:00,1692950400,31.7,7.54,3.01,482.0,138.8,4.73,0.06,0.206,2.3,,,Ⅳ
2023-08-25T20:00:00+08:00,1692964800,31.3,7.53,3.0,481.2,119.7,4.61,0.059,0.198,2.35,,,Ⅳ
2023-08-26T00:00:00+08:00,1692979200,31.2,7.52,2.8,482.7,177.7,4.88,0.066,0.196,2.42,,,Ⅴ
2023-08-26T04:00:00+08:00,1692993600,31.0,7.62,2.85,483.2,120.6,4.67,0.06,0.196,2.39,,,Ⅴ
2023-08-26T08:00:00+08:00,1693008000,30.7,7.53,2.84,479.2,96.1,5.11,0.06,0.199,2.3,,,Ⅴ
2023-08-26T12:00:00+08:00,1693022400,31.1,7.53,2.94,480.4,49.8,4.83,0.054,0.191,2.31,,,Ⅴ
2023-08-26T16:00:00+08:00,1693036800,31.4,7.55,3.18,481.0,65.2,5.23,0.058,0.196,2.82,,,Ⅳ
2023-08-26T20:00:00+08:00,1693051200,31.2,7.56,3.44,482.6,49.5,4.81,0.055,0.194,2.37,,,Ⅳ
2023-08-27T00:00:00+08:00,1693065600,31.0,7.56,3.09,482.6,57.5,4.78,0.061,0.191,2.55,,,Ⅳ
2023-08-27T04:00:00+08:00,1693080000,30.9,7.55,2.9,482.1,54.8,5.04,0.053,0.192,2.28,,,Ⅴ
2023-08-27T08:00:00+08:00,1693094400,30.8,7.55,2.99,482.4,57.7,4.98,0.058,0.196,2.26,,,Ⅴ
2023-08-27T12:00:00+08:00,1693108800,31.3,7.58,3.77,482.7,55.6,4.89,0.052,0.189,2.31,,,Ⅳ
2023-08-27T16:00:00+08:00,1693123200,31.6,7.59,3.98,483.5,52.8,4.94,0.05,0.185,2.25,,,Ⅳ
2023-08-27T20:00:00+08:00,1693137600,31.4,7.59,3.96,486.9,62.8,4.78,0.055,0.19,2.3,,,Ⅳ
2023-08-28T00:00:00+08:00,1693152000,31.1,7.62,3.97,487.9,62.0,4.88,0.056,0.19,2.33,,,Ⅳ
2023-08-28T04:00:00+08:00,1693166400,30.9,7.62,3.86,485.2,58.5,4.81,0.05,0.184,2.28,,,Ⅳ
2023-08-28T08:00:00+08:00,1693180800,30.8,7.61,3.85,489.1,62.9,5.05,0.055,0.196,2.29,,,Ⅳ
2023-08-28T12:00:00+08:00,1693195200,31.3,7.61,3.88,491.3,63.6,4.96,0.057,0.189,2.25,,,Ⅳ
2023-08-28T16:00:00+08:00,1693209600,31.3,7.64,4.09,489.1,54.0,4.88,0.049,,,,,
2023-08-28T20:00:00+08:00,1693224000,30.9,7.62,3.87,488.0,60.8,4.79,0.056,0.178,2.4,,,Ⅳ
2023-08-29T00:00:00+08:00,1693238400,30.6,7.63,3.6,491.6,62.1,4.62,0.066,0.186,2.4,,,Ⅳ
2023-08-29T04:00:00+08:00,1693252800,30.3,7.62,3.76,487.6,76.8,4.91,0.064,0.188,2.26,,,Ⅳ
2023-08-29T08:00:00+08:00,1693267200,30.2,7.61,3.71,488.4,63.0,4.64,0.061,0.186,2.3,,,Ⅳ
2023-08-29T12:00:00+08:00,1693281600,29.8,7.61,3.77,487.4,65.9,4.67,0.077,0.188,2.3,,,Ⅳ
2023-08-29T16:00:00+08:00,1693296000,29.8,7.62,3.81,487.5,77.7,4.91,0.067,0.19,2.28,,,Ⅳ
2023-08-29T20:00:00+08:00,1693310400,29.5,7.61,3.21,487.6,69.2,4.88,0.071,0.188,2.3,,,Ⅳ
2023-08-30T00:00:00+08:00,1693324800,29.2,7.59,3.58,484.8,82.7,4.67,0.076,0.19,2.36,,,Ⅳ
2023-08-30T04:00:00+08:00,1693339200,29.1,7.62,3.14,474.1,117.5,5.18,0.08,0.21,2.11,,,Ⅳ
2023-08-30T08:00:00+08:00,1693353600,29.1,7.6,3.49,466.0,82.2,4.91,0.06,0.2,2.33,,,Ⅳ
2023-08-30T12:00:00+08:00,1693368000,28.8,7.61,3.17,476.3,81.6,4.89,0.072,0.202,2.24,,,Ⅳ
2023-08-30T16:00:00+08:00,1693382400,28.6,7.62,3.77,467.9,92.8,4.93,0.069,0.207,2.16,,,Ⅳ
2023-08-30T20:00:00+08:00,1693396800,28.5,7.62,3.71,474.0,73.0,4.74,0.065,0.2,2.24,,,Ⅳ
2023-08-31T00:00:00+08:00,1693411200,27.9,7.59,3.64,479.2,70.9,4.78,0.08,0.204,2.27,,,Ⅳ
2023-08-31T04:00:00+08:00,1693425600,27.4,7.58,2.95,472.0,107.2,5.16,0.084,0.216,2.09,,,Ⅴ
2023-08-31T08:00:00+08:00,1693440000,27.9,7.62,3.12,468.1,64.2,4.88,0.062,0.201,2.28,,,Ⅳ
2023-08-31T12:00:00+08:00,1693454400,27.9,7.61,3.08,471.2,76.0,4.74,0.068,0.207,2.24,,,Ⅳ
2023-08-31T16:00:00+08:00,1693468800,28.2,7.64,3.44,475.9,108.6,4.95,0.076,0.215,2.16,,,Ⅳ
2023-08-31T20:00:00+08:00,1693483200,28.0,7.64,3.75,473.6,68.8,4.75,0.058,0.199,2.17,,,Ⅳ
2023-09-01T00:00:00+08:00,1693497600,27.5,7.62,3.55,477.4,71.3,4.68,0.069,0.201,2.25,,,Ⅳ
2023-09-01T04:00:00+08:00,1693512000,27.3,7.64,3.22,475.8,123.2,5.05,0.086,0.223,2.08,,,Ⅳ
2023-09-01T08:00:00+08:00,1693526400,27.7,7.63,3.72,459.0,76.4,4.67,0.062,0.213,2.3,,,Ⅳ
2023-09-01T12:00:00+08:00,1693540800,27.9,7.64,3.7,466.0,95.7,5.05,0.072,0.211,2.14,,,Ⅳ
2023-09-01T16:00:00+08:00,1693555200,28.4,7.61,3.65,474.0,82.0,5.2,0.075,0.211,2.08,,,Ⅳ
2023-09-01T20:00:00+08:00,1693569600,28.2,7.59,3.91,462.5,68.3,4.93,0.062,0.207,2.28,,,Ⅳ
2023-09-02T00:00:00+08:00,1693584000,27.8,7.59,3.87,469.4,85.7,5.01,0.069,0.214,2.18,,,Ⅳ
2023-09-02T04:00:00+08:00,1693598400,27.5,7.6,3.95,472.0,162.0,5.11,0.086,0.229,2.09,,,Ⅳ
2023-09-02T08:00:00+08:00,1693612800,27.7,7.6,3.93,463.2,89.4,4.96,0.066,0.207,2.23,,,Ⅳ
2023-09-02T12:00:00+08:00,1693627200,28.4,7.61,3.97,462.5,81.3,4.88,0.062,0.205,2.16,,,Ⅳ
2023-09-02T16:00:00+08:00,1693641600,28.7,7.61,4.07,466.9,98.5,4.89,0.069,0.213,2.16,,,Ⅳ
2023-09-02T20:00:00+08:00,1693656000,28.6,7.63,4.26,467.6,99.1,4.84,0.063,0.2,2.11,,,Ⅳ
2023-09-03T00:00:00+08:00,1693670400,28.5,7.61,4.2,463.5,80.7,4.69,0.066,0.206,2.2,,,Ⅳ
2023-09-03T04:00:00+08:00,1693684800,28.2,7.6,4.08,466.2,101.7,4.96,0.078,0.214,2.07,,,Ⅳ
2023-09-03T08:00:00+08:00,1693699200,28.1,7.57,4.05,471.4,76.0,5.08,0.066,0.208,2.09,,,Ⅳ
2023-09-03T12:00:00+08:00,1693713600,28.7,7.62,4.23,467.5,95.5,4.83,0.069,0.207,2.08,,,Ⅳ
2023-09-03T16:00:00+08:00,1693728000,28.8,7.59,4.17,468.1,87.4,4.94,0.072,0.21,2.06,,,Ⅳ
2023-09-03T20:00:00+08:00,1693742400,28.6,7.58,4.38,473.4,85.9,4.95,0.07,0.2,1.98,,,Ⅳ
2023-09-04T00:00:00+08:00,1693756800,28.5,7.61,4.24,471.3,78.1,4.73,0.065,0.204,2.1,,,Ⅳ
2023-09-04T04:00:00+08:00,1693771200,28.4,7.6,4.2,468.4,88.3,4.67,0.074,0.211,2.1,,,Ⅳ
2023-09-04T08:00:00+08:00,1693785600,28.3,7.57,4.04,480.2,98.1,5.11,0.094,0.215,2.0,,,Ⅳ
2023-09-04T12:00:00+08:00,1693800000,28.9,7.61,4.25,475.2,86.7,4.9,0.07,0.202,2.08,,,Ⅳ
2023-09-04T20:00:00+08:00,1693828800,29.0,7.57,4.28,484.0,92.7,5.06,0.081,0.206,1.98,,,Ⅳ
2023-09-05T00:00:00+08:00,1693843200,28.9,7.6,4.25,478.2,73.3,4.75,0.066,0.197,2.18,,,Ⅳ
2023-09-05T08:00:00+08:00,1693872000,28.7,7.57,4.05,485.1,85.0,4.96,0.071,0.203,2.02,,,Ⅳ
2023-09-05T12:00:00+08:00,1693886400,29.2,7.62,4.37,480.8,64.3,4.8,0.06,0.195,2.09,,,Ⅳ
2023-09-05T16:00:00+08:00,1693900800,29.3,7.59,4.46,475.4,78.7,5.0,0.064,0.197,2.01,,,Ⅳ
2023-09-05T20:00:00+08:00,1693915200,29.2,7.6,4.55,485.8,74.3,4.91,0.062,0.193,1.97,,,Ⅳ
2023-09-06T04:00:00+08:00,1693944000,29.0,7.59,4.29,475.6,79.8,4.74,0.061,0.198,2.01,,,Ⅳ
2023-09-06T08:00:00+08:00,1693958400,28.9,7.61,4.28,480.2,74.9,4.75,0.061,0.193,2.04,,,Ⅳ
2023-09-06T12:00:00+08:00,1693972800,29.3,7.64,4.47,483.0,62.6,4.7,0.054,0.194,2.04,,,Ⅳ
2023-09-06T16:00:00+08:00,1693987200,29.5,7.61,4.55,477.3,70.4,4.78,0.058,0.19,2.01,,,Ⅳ
2023-09-06T20:00:00+08:00,1694001600,29.5,7.64,4.68,482.0,78.0,4.68,0.062,0.191,1.91,,,Ⅳ
2023-09-07T04:00:00+08:00,1694030400,29.1,7.6,4.28,477.6,68.6,5.71,0.063,0.19,1.99,,,Ⅳ
2023-09-07T12:00:00+08:00,1694059200,29.4,7.6,4.37,481.1,61.0,,0.051,0.178,1.97,,,
2023-09-07T16:00:00+08:00,1694073600,29.7,7.58,4.38,480.7,73.8,4.83,0.054,0.178,1.93,,,Ⅳ
2023-09-07T20:00:00+08:00,1694088000,29.5,7.58,4.37,480.5,61.6,4.62,0.053,0.174,1.9,,,Ⅳ
2023-09-08T04:00:00+08:00,1694116800,29.2,7.57,4.23,481.5,61.4,4.58,0.054,0.172,1.93,,,Ⅳ
2023-09-08T08:00:00+08:00,1694131200,29.1,7.56,4.18,481.2,57.4,4.58,0.054,0.172,1.92,,,Ⅳ
2023-09-08T12:00:00+08:00,1694145600,29.4,7.55,4.19,483.4,52.8,4.96,0.053,0.17,1.95,,,Ⅳ
2023-09-08T16:00:00+08:00,1694160000,29.8,7.53,4.21,483.6,83.8,4.85,0.056,0.175,1.98,,,Ⅳ
2023-09-08T20:00:00+08:00,1694174400,29.7,7.55,4.17,483.7,60.9,4.7,0.053,0.169,1.98,,,Ⅳ
2023-09-09T04:00:00+08:00,1694203200,29.1,7.54,4.06,485.0,48.7,4.63,0.051,0.17,1.94,,,Ⅳ
2023-09-09T08:00:00+08:00,1694217600,29.2,7.53,3.98,485.2,66.7,4.68,0.061,0.176,1.96,,,Ⅳ
2023-09-09T12:00:00+08:00,1694232000,29.5,7.53,4.02,486.5,61.4,4.94,0.065,0.176,1.98,,,Ⅳ
2023-09-09T16:00:00+08:00,1694246400,29.8,7.54,4.28,491.8,65.2,4.74,0.065,0.171,1.89,,,Ⅳ
2023-09-09T20:00:00+08:00,1694260800,29.7,7.57,4.38,490.1,55.3,4.54,0.06,0.162,1.9,,,Ⅳ
2023-09-10T04:00:00+08:00,1694289600,29.2,7.56,4.14,491.4,42.5,4.63,0.056,0.163,1.97,,,Ⅳ
2023-09-10T08:00:00+08:00,1694304000,29.2,7.56,4.1,491.3,63.3,4.83,0.075,0.171,1.82,,,Ⅳ
2023-09-10T12:00:00+08:00,1694318400,29.5,7.55,4.1,492.5,79.7,4.83,0.099,0.171,1.91,,,Ⅳ
2023-09-10T16:00:00+08:00,1694332800,29.8,7.57,4.16,495.0,53.9,4.6,0.088,0.164,1.89,,,Ⅳ
2023-09-10T20:00:00+08:00,1694347200,29.7,7.58,4.27,495.6,63.8,4.49,0.088,0.168,1.93,,,Ⅳ
2023-09-11T04:00:00+08:00,1694376000,29.3,7.58,4.12,496.6,55.4,4.54,0.131,0.164,1.89,,,Ⅳ
2023-09-11T08:00:00+08:00,1694390400,29.3,7.57,4.08,499.1,64.0,4.45,0.131,0.169,1.84,,,Ⅳ
2023-09-11T12:00:00+08:00,1694404800,29.7,7.55,4.13,494.0,61.7,4.54,0.113,0.171,1.82,,,Ⅳ
2023-09-11T16:00:00+08:00,1694419200,30.0,7.47,4.25,495.0,54.0,4.67,0.077,0.164,1.81,,,Ⅳ
2023-09-11T20:00:00+08:00,1694433600,29.8,7.46,4.18,494.7,64.0,4.73,0.085,0.166,1.87,,,Ⅳ
2023-09-12T04:00:00+08:00,1694462400,29.5,7.47,4.15,498.5,64.1,4.76,0.083,0.168,1.74,,,Ⅳ
2023-09-12T08:00:00+08:00,1694476800,29.4,7.45,3.66,498.6,68.4,4.83,0.078,0.162,1.8,,,Ⅳ
2023-09-12T12:00:00+08:00,1694491200,29.8,7.46,4.06,494.0,82.8,4.62,0.09,0.168,1.83,,,Ⅳ
2023-09-12T16:00:00+08:00,1694505600,30.1,7.45,4.25,496.4,68.1,4.82,0.081,0.167,1.8,,,Ⅳ
2023-09-12T20:00:00+08:00,1694520000,29.8,7.46,4.18,496.7,64.5,4.64,0.077,0.169,1.85,,,Ⅳ
2023-09-13T04:00:00+08:00,1694548800,29.4,7.48,4.21,497.6,76.2,4.79,0.078,0.174,1.64,,,Ⅳ
2023-09-13T08:00:00+08:00,1694563200,29.2,7.45,4.12,500.2,59.2,4.94,0.069,0.162,1.8,,,Ⅳ
2023-09-13T12:00:00+08:00,1694577600,29.3,7.47,4.1,497.1,76.8,4.83,0.086,0.175,1.82,,,Ⅳ
2023-09-13T16:00:00+08:00,1694592000,29.2,7.47,4.18,498.1,72.4,4.7,0.077,0.165,1.74,,,Ⅳ
2023-09-13T20:00:00+08:00,1694606400,29.0,7.47,4.14,497.3,62.6,4.64,0.074,0.174,1.82,,,Ⅳ
2023-09-14T04:00:00+08:00,1694635200,28.6,7.49,4.1,499.2,96.3,4.95,0.09,0.187,1.67,,,Ⅳ
2023-09-14T08:00:00+08:00,1694649600,28.6,7.46,4.05,492.6,61.9,4.54,0.069,0.168,1.72,,,Ⅳ
2023-09-14T12:00:00+08:00,1694664000,28.6,7.47,4.05,494.8,72.9,4.8,0.078,0.175,1.68,,,Ⅳ
2023-09-14T16:00:00+08:00,1694678400,28.6,7.49,4.18,496.1,98.4,4.75,0.082,0.186,1.68,,,Ⅳ
2023-09-14T20:00:00+08:00,1694692800,28.4,7.47,4.08,497.0,67.8,4.78,0.068,0.17,1.76,,,Ⅳ
2023-09-15T04:00:00+08:00,1694721600,28.0,7.47,3.98,499.6,107.9,4.94,0.09,0.189,1.59,,,Ⅳ
2023-09-15T08:00:00+08:00,1694736000,28.1,7.48,4.06,493.2,76.8,4.5,0.07,0.18,1.74,,,Ⅳ
2023-09-15T12:00:00+08:00,1694750400,28.4,7.48,4.11,496.5,92.2,4.6,0.072,0.174,1.76,,,Ⅳ
2023-09-15T16:00:00+08:00,1694764800,28.5,7.5,4.25,496.8,96.1,4.94,0.08,0.182,1.71,,,Ⅳ
2023-09-15T20:00:00+08:00,1694779200,28.2,7.49,4.13,497.7,75.3,4.5,0.066,0.167,1.72,,,Ⅳ
2023-09-16T12:00:00+08:00,1694836800,27.9,7.49,4.15,496.8,94.3,4.67,0.071,0.176,1.7,,,Ⅳ
2023-09-16T16:00:00+08:00,1694851200,27.9,7.48,4.13,495.6,84.6,4.76,0.074,0.176,1.68,,,Ⅳ
2023-09-16T20:00:00+08:00,1694865600,27.8,7.52,4.25,499.2,70.8,4.44,0.063,0.168,1.73,,,Ⅳ
2023-09-17T04:00:00+08:00,1694894400,27.3,7.48,4.09,495.3,88.3,4.59,0.077,0.181,1.73,,,Ⅳ
2023-09-17T08:00:00+08:00,1694908800,27.4,7.52,4.23,498.9,74.3,4.74,0.065,0.178,1.67,,,Ⅳ
2023-09-17T12:00:00+08:00,1694923200,27.9,7.5,4.09,493.9,77.5,4.69,0.066,0.175,1.74,,,Ⅳ
2023-09-17T16:00:00+08:00,1694937600,28.4,7.48,3.99,487.0,72.6,4.42,0.063,0.169,1.78,,,Ⅳ
2023-09-17T20:00:00+08:00,1694952000,28.3,7.55,4.26,499.5,63.1,4.57,0.058,0.172,1.71,,,Ⅳ
2023-09-18T04:00:00+08:00,1694980800,27.9,7.48,3.87,491.4,75.8,4.53,0.066,0.172,1.79,,,Ⅳ
2023-09-18T08:00:00+08:00,1694995200,27.9,7.55,4.31,498.0,68.3,4.43,0.057,0.165,1.71,,,Ⅳ
2023-09-18T12:00:00+08:00,1695009600,28.6,7.5,4.12,491.6,82.6,4.4,0.062,0.173,1.77,,,Ⅳ
2023-09-18T16:00:00+08:00,1695024000,29.1,7.5,4.07,491.2,69.2,4.58,0.057,0.168,1.83,,,Ⅳ
2023-09-18T20:00:00+08:00,1695038400,28.8,7.55,4.47,499.9,61.8,4.45,0.054,0.168,1.68,,,Ⅳ
2023-09-19T04:00:00+08:00,1695067200,28.6,7.48,3.93,492.9,71.6,4.28,0.06,0.167,1.86,,,Ⅳ
2023-09-19T08:00:00+08:00,1695081600,28.6,7.53,4.3,499.7,71.0,4.34,0.055,0.164,1.79,,,Ⅳ
2023-09-19T12:00:00+08:00,1695096000,29.1,7.52,4.29,497.4,68.5,4.62,0.058,0.17,1.8,,,Ⅳ
2023-09-19T16:00:00+08:00,1695110400,29.5,7.5,4.24,497.4,61.6,4.43,0.054,0.167,1.83,,,Ⅳ
2023-09-19T20:00:00+08:00,1695124800,29.4,7.58,4.67,502.7,68.1,4.68,0.055,0.166,1.76,,,Ⅳ
2023-09-20T04:00:00+08:00,1695153600,29.1,7.5,4.1,497.1,60.7,4.43,0.06,0.167,1.9,,,Ⅳ
2023-10-08T12:00:00+08:00,1696737600,22.6,7.41,4.94,544.8,48.7,4.26,0.089,0.151,1.95,,,Ⅳ
2023-10-08T20:00:00+08:00,1696766400,22.5,7.41,5.29,537.8,70.8,4.11,0.096,0.146,2.08,,,Ⅲ
2023-10-09T04:00:00+08:00,1696795200,22.2,7.42,5.47,544.8,46.6,4.36,0.071,0.145,2.02,,,Ⅲ
2023-10-10T04:00:00+08:00,1696881600,22.0,7.45,5.35,531.7,55.0,4.1,0.071,0.15,2.13,,,Ⅲ
2023-10-10T08:00:00+08:00,1696896000,22.0,7.44,5.21,524.8,63.2,4.12,0.083,0.155,2.16,,,Ⅲ
2023-10-10T12:00:00+08:00,1696910400,22.2,7.45,5.36,514.0,94.6,4.29,0.094,0.15,2.17,,,Ⅲ
2023-10-13T04:00:00+08:00,1697140800,22.9,7.5,5.47,513.1,90.8,4.16,0.068,0.137,2.13,,,Ⅲ
2023-10-13T08:00:00+08:00,1697155200,22.9,7.51,5.43,513.4,87.3,4.12,0.072,0.143,2.08,,,Ⅲ
2023-10-13T12:00:00+08:00,1697169600,22.9,7.48,5.3,500.7,89.5,5.32,0.099,0.165,2.23,,,Ⅲ
2023-10-13T16:00:00+08:00,1697184000,22.8,7.48,5.34,503.8,87.3,4.31,0.094,0.15,2.18,,,Ⅲ
2023-10-13T20:00:00+08:00,1697198400,22.7,7.49,5.3,503.9,79.5,4.14,0.088,0.142,2.17,,,Ⅲ
2023-10-14T00:00:00+08:00,1697212800,22.5,7.46,5.21,501.3,89.9,4.17,0.097,0.148,2.19,,,Ⅲ
2023-10-14T04:00:00+08:00,1697227200,22.3,7.47,5.24,507.8,92.7,4.22,0.088,0.146,2.12,,,Ⅲ
2023-10-14T08:00:00+08:00,1697241600,22.3,7.49,5.3,508.6,96.7,4.16,0.079,0.143,2.18,,,Ⅲ
2023-10-14T12:00:00+08:00,1697256000,22.5,7.47,5.16,503.1,74.9,4.24,0.092,0.149,2.13,,,Ⅲ
2023-10-14T16:00:00+08:00,1697270400,22.6,7.48,5.22,505.1,104.0,4.09,0.086,0.148,2.2,,,Ⅲ
2023-10-14T20:00:00+08:00,1697284800,22.4,7.48,5.23,505.1,63.5,4.22,0.081,0.143,2.11,,,Ⅲ
2023-10-15T00:00:00+08:00,1697299200,22.3,7.47,5.15,497.3,69.3,3.94,0.088,0.148,2.18,,,Ⅲ
2023-10-15T04:00:00+08:00,1697313600,22.1,7.47,5.21,501.0,96.5,4.27,0.09,0.151,2.24,,,Ⅲ
2023-10-15T08:00:00+08:00,1697328000,22.0,7.49,5.29,502.4,91.6,4.0,0.078,0.148,2.18,,,Ⅲ
2023-10-15T12:00:00+08:00,1697342400,22.6,7.49,5.35,495.3,65.2,4.16,0.082,0.151,2.28,,,Ⅲ
2023-10-15T16:00:00+08:00,1697356800,22.8,7.5,5.38,495.2,69.4,3.98,0.081,0.148,2.25,,,Ⅲ
2023-10-15T20:00:00+08:00,1697371200,22.6,7.52,5.41,500.6,78.0,4.37,0.075,0.145,2.22,,,Ⅲ
2023-10-16T00:00:00+08:00,1697385600,22.4,7.5,5.28,494.2,89.7,3.94,0.084,0.15,2.22,,,Ⅲ
2023-10-16T04:00:00+08:00,1697400000,22.2,7.5,5.3,493.7,79.7,4.09,0.081,0.15,2.25,,,Ⅲ
2023-10-16T08:00:00+08:00,1697414400,22.1,7.51,5.43,500.8,56.8,4.12,0.076,0.144,2.28,,,Ⅲ
2023-10-16T12:00:00+08:00,1697428800,22.8,7.52,5.41,496.6,102.0,4.09,0.075,0.14,2.21,,,Ⅲ
2023-10-16T16:00:00+08:00,1697443200,23.1,7.53,5.46,498.4,93.5,4.11,0.077,0.143,2.22,,,Ⅲ
2023-10-16T20:00:00+08:00,1697457600,22.6,7.54,5.55,499.6,93.1,3.88,0.066,0.136,2.24,,,Ⅲ
2023-10-17T00:00:00+08:00,1697472000,22.6,7.53,5.42,499.4,101.2,3.98,0.08,0.143,2.22,,,Ⅲ
2023-10-17T04:00:00+08:00,1697486400,22.4,7.52,5.4,500.6,70.5,3.99,0.08,0.144,2.33,,,Ⅲ
2023-10-17T08:00:00+08:00,1697500800,22.3,7.54,5.51,507.7,91.6,4.09,0.074,0.146,2.2,,,Ⅲ
2023-10-17T12:00:00+08:00,1697515200,22.9,7.54,5.42,503.0,79.5,4.18,0.075,0.141,2.2,,,Ⅲ
2023-10-17T16:00:00+08:00,1697529600,23.2,7.53,5.4,501.7,68.6,4.18,0.075,0.142,2.28,,,Ⅲ
2023-10-17T20:00:00+08:00,1697544000,22.8,7.57,5.67,522.1,96.6,4.1,0.066,0.14,2.21,,,Ⅲ
2023-10-18T00:00:00+08:00,1697558400,22.8,7.54,5.38,506.2,102.6,4.22,0.076,0.141,2.25,,,Ⅲ
2023-10-18T04:00:00+08:00,1697572800,22.6,7.53,5.29,502.3,83.5,3.93,0.073,0.141,2.34,,,Ⅲ
2023-10-18T08:00:00+08:00,1697587200,22.5,7.54,5.39,507.4,77.4,4.09,0.068,0.134,2.26,,,Ⅲ
2023-10-18T12:00:00+08:00,1697601600,23.1,7.55,5.46,501.2,142.9,4.2,0.067,0.132,2.3,,,Ⅲ
2023-10-18T16:00:00+08:00,1697616000,23.3,7.56,5.53,496.0,120.2,3.89,0.066,0.131,2.3,,,Ⅲ
2023-10-18T20:00:00+08:00,1697630400,23.1,7.58,5.66,509.3,88.1,4.15,0.063,0.133,2.28,,,Ⅲ
2023-10-19T00:00:00+08:00,1697644800,22.9,7.56,5.48,503.3,91.6,3.96,0.067,0.141,2.31,,,Ⅲ
2023-10-19T08:00:00+08:00,1697673600,22.7,7.55,5.44,503.0,71.6,3.99,0.062,0.134,2.31,,,Ⅲ
2023-10-19T12:00:00+08:00,1697688000,23.3,7.57,5.58,493.7,59.8,4.09,0.056,0.128,2.24,,,Ⅲ
2023-10-19T16:00:00+08:00,1697702400,23.5,7.61,5.54,489.1,58.2,3.96,0.073,0.127,2.26,,,Ⅲ
2023-10-19T20:00:00+08:00,1697716800,23.4,7.61,5.53,501.0,61.9,3.99,0.058,0.134,2.21,,,Ⅲ
2023-10-20T04:00:00+08:00,1697745600,23.1,7.62,5.56,491.4,61.0,4.04,0.063,0.133,2.27,,,Ⅲ
2023-10-20T08:00:00+08:00,1697760000,22.8,7.62,5.52,497.6,57.8,3.93,0.06,0.132,2.25,,,Ⅲ
2023-10-20T12:00:00+08:00,1697774400,22.8,7.64,5.69,494.0,52.4,4.01,0.06,0.13,2.14,,,Ⅲ
2023-10-20T16:00:00+08:00,1697788800,22.7,7.64,5.77,488.0,62.2,3.82,0.068,0.134,2.29,,,Ⅲ
2023-10-20T20:00:00+08:00,1697803200,22.5,7.64,5.76,496.1,63.7,4.1,0.066,0.134,2.19,,,Ⅲ
2023-10-21T04:00:00+08:00,1697832000,21.9,7.64,5.73,487.1,55.4,4.09,0.07,0.127,2.34,,,Ⅲ
2023-10-21T08:00:00+08:00,1697846400,21.7,7.64,5.8,487.5,57.7,4.01,0.066,0.125,2.36,,,Ⅲ
2023-10-21T12:00:00+08:00,1697860800,22.2,7.65,5.92,485.1,61.0,3.84,0.071,0.13,2.25,,,Ⅲ
2023-10-21T16:00:00+08:00,1697875200,22.2,7.65,5.84,484.4,65.8,3.9,0.084,0.132,2.29,,,Ⅲ
2023-10-21T20:00:00+08:00,1697889600,21.9,7.64,5.81,490.2,60.6,3.8,0.077,0.125,2.32,,,Ⅲ
2023-10-22T04:00:00+08:00,1697918400,21.5,7.61,5.69,490.6,62.3,4.04,0.086,0.127,2.33,,,Ⅲ
2023-10-22T08:00:00+08:00,1697932800,21.3,7.61,5.6,485.6,53.9,4.01,0.088,0.131,2.26,,,Ⅲ
2023-10-22T12:00:00+08:00,1697947200,21.7,7.62,5.64,490.3,61.9,3.88,0.09,0.128,2.32,,,Ⅲ
2023-10-22T16:00:00+08:00,1697961600,21.9,7.63,5.68,496.3,85.6,3.94,0.089,0.132,2.22,,,Ⅲ
2023-10-22T20:00:00+08:00,1697976000,21.7,7.62,5.65,498.2,57.6,3.96,0.083,0.125,2.32,,,Ⅲ
2023-10-23T04:00:00+08:00,1698004800,21.4,7.61,5.59,498.8,64.9,3.83,0.082,0.123,2.34,,,Ⅲ
2023-10-23T08:00:00+08:00,1698019200,21.4,7.63,5.65,489.1,69.6,3.74,0.091,0.133,2.4,,,Ⅲ
2023-10-23T12:00:00+08:00,1698033600,21.9,7.62,5.61,495.6,90.6,3.84,0.088,0.131,2.3,,,Ⅲ
2023-10-23T16:00:00+08:00,1698048000,22.2,7.65,5.69,492.7,67.2,3.82,0.082,0.128,2.26,,,Ⅲ
2023-10-23T20:00:00+08:00,1698062400,22.1,7.63,5.59,499.6,66.2,3.61,0.092,0.127,2.24,,,Ⅲ
2023-10-24T04:00:00+08:00,1698091200,21.8,7.63,5.53,502.4,59.2,3.71,0.079,0.122,2.32,,,Ⅲ
2023-10-24T08:00:00+08:00,1698105600,21.9,7.62,5.51,495.6,72.3,3.91,0.096,0.136,2.24,,,Ⅲ
2023-10-24T12:00:00+08:00,1698120000,22.3,7.63,5.57,491.5,72.8,3.94,0.08,0.122,2.27,,,Ⅲ
2023-10-24T16:00:00+08:00,1698134400,22.6,7.64,5.55,495.0,82.6,4.06,0.096,0.133,2.21,,,Ⅲ
2023-10-24T20:00:00+08:00,1698148800,22.6,7.64,5.6,493.0,73.4,3.72,0.094,0.132,2.25,,,Ⅲ
2023-10-25T04:00:00+08:00,1698177600,22.2,7.64,5.52,504.2,59.7,3.82,0.081,0.126,2.28,,,Ⅲ
2023-10-25T08:00:00+08:00,1698192000,22.3,7.63,5.48,495.8,63.3,3.77,0.087,0.126,2.35,,,Ⅲ
2023-10-25T12:00:00+08:00,1698206400,22.8,7.63,5.54,491.9,66.4,3.71,0.083,0.124,2.33,,,Ⅲ
2023-10-25T16:00:00+08:00,1698220800,22.9,7.63,5.54,501.6,60.5,,,,,,,
2023-10-25T20:00:00+08:00,1698235200,22.8,7.74,5.42,495.1,77.7,3.94,0.098,0.136,2.37,,,Ⅲ
2023-10-26T04:00:00+08:00,1698264000,22.5,7.75,5.44,504.6,67.8,3.72,0.085,0.127,2.33,,,Ⅲ
2023-10-26T08:00:00+08:00,1698278400,22.6,7.74,5.36,503.1,62.3,3.8,0.091,0.14,2.32,,,Ⅲ
2023-10-26T12:00:00+08:00,1698292800,22.9,7.74,5.33,497.3,67.5,3.81,0.098,0.132,2.36,,,Ⅲ
2023-10-26T16:00:00+08:00,1698307200,23.1,7.76,5.48,504.8,58.2,3.7,0.081,0.127,2.35,,,Ⅲ
2023-10-26T20:00:00+08:00,1698321600,22.9,7.75,5.36,498.4,61.7,3.67,0.089,0.122,2.34,,,Ⅲ
2023-10-27T04:00:00+08:00,1698350400,22.6,7.75,5.37,507.3,60.6,3.76,0.08,0.129,2.4,,,Ⅲ
2023-10-27T08:00:00+08:00,1698364800,22.6,7.75,5.38,507.2,73.2,3.72,0.08,0.128,2.34,,,Ⅲ
2023-10-27T12:00:00+08:00,1698379200,22.9,7.73,5.25,498.0,68.2,4.01,0.095,0.137,2.3,,,Ⅲ
2023-10-27T16:00:00+08:00,1698393600,22.9,7.76,5.45,507.8,69.0,3.79,0.084,0.13,2.33,,,Ⅲ
2023-10-27T20:00:00+08:00,1698408000,22.8,7.75,5.35,508.8,57.6,3.65,0.08,0.125,2.34,,,Ⅲ
2023-10-28T04:00:00+08:00,1698436800,22.4,7.75,5.36,511.2,63.8,3.79,0.081,0.132,2.31,,,Ⅲ
2023-10-28T08:00:00+08:00,1698451200,22.3,7.74,5.35,510.4,56.1,3.88,0.074,0.128,2.36,,,Ⅲ
2023-10-28T12:00:00+08:00,1698465600,22.6,7.73,5.27,500.9,69.3,3.86,0.081,0.133,2.3,,,Ⅲ
2023-10-28T16:00:00+08:00,1698480000,22.8,7.76,5.44,508.6,76.3,3.86,0.081,0.134,2.34,,,Ⅲ
2023-10-28T20:00:00+08:00,1698494400,22.5,7.75,5.36,510.2,60.9,3.67,0.071,0.123,2.36,,,Ⅲ
2023-10-29T04:00:00+08:00,1698523200,22.0,7.74,5.41,509.2,72.1,3.99,0.079,0.136,2.31,,,Ⅲ
2023-10-29T08:00:00+08:00,1698537600,22.0,7.74,5.36,507.6,56.7,3.65,0.068,0.129,2.63,,,Ⅲ
2023-10-29T12:00:00+08:00,1698552000,22.5,7.74,5.35,504.0,71.7,3.79,0.074,0.131,2.3,,,Ⅲ
2023-10-29T16:00:00+08:00,1698566400,22.6,7.75,5.47,510.5,67.7,3.96,0.073,0.132,2.33,,,Ⅲ
2023-10-29T20:00:00+08:00,1698580800,22.3,7.77,5.53,511.2,59.1,3.68,0.066,0.127,2.38,,,Ⅲ
2023-10-30T04:00:00+08:00,1698609600,22.0,7.74,5.4,508.4,68.0,3.78,0.075,0.134,2.36,,,Ⅲ
2023-10-30T08:00:00+08:00,1698624000,21.9,7.74,5.45,507.6,53.0,3.85,0.065,0.126,2.44,,,Ⅲ
2023-10-30T12:00:00+08:00,1698638400,22.5,7.74,5.46,501.3,66.0,3.8,0.07,0.132,2.35,,,Ⅲ
2023-10-31T12:00:00+08:00,1698724800,22.6,7.73,5.47,513.4,58.3,3.88,0.065,0.13,2.31,,,Ⅲ
2023-10-31T16:00:00+08:00,1698739200,22.9,7.74,5.46,515.2,53.0,3.6,0.064,0.131,2.31,,,Ⅲ
2023-10-31T20:00:00+08:00,1698753600,22.5,7.77,5.72,524.1,44.6,3.62,0.056,0.125,2.27,,,Ⅲ
2023-11-01T04:00:00+08:00,1698782400,22.3,7.73,5.35,515.9,56.7,3.83,0.066,0.124,2.38,,,Ⅲ
2023-11-01T08:00:00+08:00,1698796800,22.2,7.74,5.41,521.4,54.3,3.75,0.061,0.124,2.34,,,Ⅲ
2023-11-01T12:00:00+08:00,1698811200,22.8,7.75,5.41,520.6,72.3,3.71,0.071,0.131,2.28,,,Ⅲ
2023-11-01T16:00:00+08:00,1698825600,22.9,7.74,5.36,517.2,55.9,3.7,0.074,0.13,2.3,,,Ⅲ
2023-11-01T20:00:00+08:00,1698840000,22.6,7.76,5.55,527.7,49.0,3.66,0.063,0.12,2.29,,,Ⅲ
2023-11-02T04:00:00+08:00,1698868800,22.3,7.73,5.32,525.5,51.1,3.61,0.08,0.123,2.31,,,Ⅲ
2023-11-02T08:00:00+08:00,1698883200,22.2,7.73,5.37,529.2,50.8,3.6,0.072,0.121,2.34,,,Ⅲ
2023-11-02T12:00:00+08:00,1698897600,22.7,7.74,5.49,520.7,74.0,3.98,0.083,0.132,2.21,,,Ⅲ
2023-11-02T16:00:00+08:00,1698912000,22.9,7.73,5.43,521.2,63.4,3.68,0.087,0.131,2.28,,,Ⅲ
2023-11-02T20:00:00+08:00,1698926400,22.6,7.75,5.52,533.7,61.4,3.79,0.074,0.122,2.24,,,Ⅲ
2023-11-03T04:00:00+08:00,1698955200,22.4,7.73,5.37,527.2,57.8,3.56,0.083,0.126,2.3,,,Ⅲ
2023-11-03T08:00:00+08:00,1698969600,22.3,7.73,5.36,527.0,55.0,3.52,0.078,0.127,2.3,,,Ⅲ
2023-11-03T12:00:00+08:00,1698984000,22.9,7.74,5.45,523.0,59.8,3.74,0.077,0.122,2.29,,,Ⅲ
2023-11-03T16:00:00+08:00,1698998400,23.1,7.74,5.43,521.0,69.2,3.56,0.079,0.125,2.31,,,Ⅲ
2023-11-03T20:00:00+08:00,1699012800,22.8,7.75,5.43,543.6,60.8,3.71,0.079,0.124,2.28,,,Ⅲ
2023-11-04T04:00:00+08:00,1699041600,22.7,7.73,5.31,526.2,59.8,3.78,0.078,0.122,2.33,,,Ⅲ
2023-11-04T08:00:00+08:00,1699056000,22.8,7.74,5.33,520.4,52.6,3.72,0.069,0.117,2.34,,,Ⅲ
2023-11-04T12:00:00+08:00,1699070400,23.0,7.74,5.35,541.9,57.0,3.61,0.076,0.123,2.31,,,Ⅲ
2023-11-04T16:00:00+08:00,1699084800,23.3,7.75,5.42,539.8,66.6,3.6,0.08,0.127,2.29,,,Ⅲ
2023-11-04T20:00:00+08:00,1699099200,23.2,7.75,5.35,554.1,57.0,3.63,0.075,0.124,2.29,,,Ⅲ
2023-11-05T04:00:00+08:00,1699128000,23.0,7.74,5.28,539.9,57.0,3.53,0.074,0.123,2.34,,,Ⅲ
2023-11-05T08:00:00+08:00,1699142400,23.0,7.73,5.22,525.1,62.9,3.6,0.08,0.122,2.29,,,Ⅲ
2023-11-05T12:00:00+08:00,1699156800,23.5,7.74,5.28,528.2,60.3,3.61,0.074,0.124,2.31,,,Ⅲ
2023-11-05T16:00:00+08:00,1699171200,23.8,7.76,5.41,527.9,67.1,3.84,0.086,0.126,2.3,,,Ⅲ
2023-11-05T20:00:00+08:00,1699185600,23.7,7.46,6.02,533.0,23.5,0.66,0.25,,,,,
2023-11-06T04:00:00+08:00,1699214400,23.2,7.48,6.07,539.4,24.0,0.27,0.078,,,,,
2023-11-06T08:00:00+08:00,1699228800,22.7,7.5,6.24,519.6,41.4,0.4,0.042,,,,,
2023-11-06T12:00:00+08:00,1699243200,22.5,7.52,5.94,524.6,92.7,4.37,0.122,0.157,2.19,,,Ⅲ
2023-11-06T16:00:00+08:00,1699257600,22.2,7.54,6.1,527.5,86.1,3.83,0.1,0.131,2.18,,,Ⅲ
2023-11-06T20:00:00+08:00,1699272000,21.9,7.52,5.96,530.9,74.8,3.72,0.112,0.133,2.29,,,Ⅲ
2023-11-07T04:00:00+08:00,1699300800,21.3,7.52,6.04,542.6,67.5,3.47,0.087,0.13,2.3,,,Ⅲ
2023-11-07T08:00:00+08:00,1699315200,21.2,7.51,5.97,531.1,71.9,3.74,0.107,0.132,2.35,,,Ⅲ
2023-11-07T12:00:00+08:00,1699329600,21.2,7.53,6.08,517.9,86.1,3.97,0.106,0.132,2.23,,,Ⅲ
2023-11-07T16:00:00+08:00,1699344000,21.3,7.52,6.02,525.1,70.6,3.53,0.113,0.13,2.29,,,Ⅲ
2023-11-07T20:00:00+08:00,1699358400,21.0,7.5,5.97,519.6,79.2,3.48,0.101,0.125,2.24,,,Ⅲ
2023-11-08T08:00:00+08:00,1699401600,20.3,7.5,5.96,517.1,94.4,3.86,0.119,0.138,2.23,,,Ⅲ
2023-11-08T12:00:00+08:00,1699416000,20.3,7.49,5.86,530.8,74.0,3.6,0.118,0.124,2.22,,,Ⅲ
2023-11-08T16:00:00+08:00,1699430400,20.3,7.49,5.82,530.6,67.6,3.63,0.112,0.123,2.32,,,Ⅲ
2023-11-08T20:00:00+08:00,1699444800,20.2,7.48,5.83,524.5,77.9,3.51,0.109,0.127,2.24,,,Ⅲ
2023-11-09T04:00:00+08:00,1699473600,19.9,7.48,5.75,549.1,70.3,3.49,0.1,0.121,2.29,,,Ⅲ
2023-11-09T08:00:00+08:00,1699488000,20.1,7.48,5.84,521.8,80.8,3.49,0.098,0.124,2.22,,,Ⅲ
2023-11-09T12:00:00+08:00,1699502400,20.3,7.48,5.78,522.3,82.2,3.72,0.104,0.126,2.22,,,Ⅲ
2023-11-09T16:00:00+08:00,1699516800,20.2,7.44,6.05,532.3,91.3,3.52,0.098,0.128,2.18,,,Ⅲ
2023-11-09T20:00:00+08:00,1699531200,20.1,7.48,5.93,528.0,74.3,3.48,0.099,0.126,2.25,,,Ⅲ
2023-11-10T04:00:00+08:00,1699560000,19.9,7.47,5.94,530.4,107.6,3.42,0.092,0.12,2.28,,,Ⅲ
2023-11-10T08:00:00+08:00,1699574400,19.8,7.48,6.0,527.8,73.3,3.51,0.096,0.124,2.26,,,Ⅲ
2023-11-10T16:00:00+08:00,1699603200,19.3,7.49,6.21,540.2,69.8,3.57,0.091,0.124,2.28,,,Ⅲ
2023-11-10T20:00:00+08:00,1699617600,19.3,7.48,6.15,531.7,112.7,3.68,0.095,0.122,2.36,,,Ⅲ
2023-11-11T04:00:00+08:00,1699646400,18.9,7.48,6.16,531.6,72.2,3.67,0.092,0.123,2.31,,,Ⅲ
2023-11-11T08:00:00+08:00,1699660800,18.9,7.49,6.26,537.1,59.5,3.53,0.087,0.123,2.42,,,Ⅲ
2023-11-11T12:00:00+08:00,1699675200,19.0,7.48,6.09,524.3,136.4,3.66,0.112,0.141,2.21,,,Ⅲ
2023-11-11T16:00:00+08:00,1699689600,18.9,7.51,6.27,538.9,70.0,3.72,0.089,0.126,2.29,,,Ⅲ
2023-11-11T20:00:00+08:00,1699704000,18.8,7.49,6.23,536.0,63.0,3.65,0.088,0.125,2.28,,,Ⅲ
2023-11-12T04:00:00+08:00,1699732800,18.3,7.52,6.16,535.9,75.3,3.72,0.11,0.133,2.3,,,Ⅲ
2023-11-12T08:00:00+08:00,1699747200,18.2,7.53,6.2,534.9,82.8,4.29,0.112,0.13,2.54,,,Ⅲ
2023-11-12T12:00:00+08:00,1699761600,18.0,7.53,6.3,526.1,69.0,4.47,0.107,0.127,2.19,,,Ⅲ
2023-11-12T16:00:00+08:00,1699776000,17.8,7.53,6.39,539.7,89.4,3.52,0.11,0.13,2.27,,,Ⅲ
2023-11-12T20:00:00+08:00,1699790400,17.6,7.53,6.42,538.5,63.2,3.26,0.103,0.127,2.39,,,Ⅲ
2023-11-13T00:00:00+08:00,1699804800,17.2,7.54,6.39,528.5,65.7,4.02,0.119,0.13,2.4,,,Ⅲ
2023-11-13T04:00:00+08:00,1699819200,16.8,7.55,6.44,539.7,68.0,3.51,0.117,0.126,2.57,,,Ⅲ
2023-11-13T08:00:00+08:00,1699833600,16.6,7.56,6.45,537.6,55.4,4.22,0.112,0.129,2.43,,,Ⅲ
2023-11-13T12:00:00+08:00,1699848000,16.7,7.56,6.5,530.6,65.1,3.61,0.144,0.13,2.4,,,Ⅲ
2023-11-13T16:00:00+08:00,1699862400,16.7,7.59,6.61,536.9,76.6,3.66,0.139,0.126,2.42,,,Ⅲ
2023-11-13T20:00:00+08:00,1699876800,16.5,7.58,6.65,538.1,54.0,3.45,0.122,0.123,2.51,,,Ⅲ
2023-11-14T00:00:00+08:00,1699891200,16.2,7.58,6.63,531.6,66.3,3.65,0.141,0.131,2.5,,,Ⅲ
2023-11-14T04:00:00+08:00,1699905600,16.0,7.57,6.57,532.6,60.3,3.43,0.14,0.131,2.52,,,Ⅲ
2023-11-14T08:00:00+08:00,1699920000,16.0,7.57,6.61,537.3,55.6,3.52,0.134,0.123,2.6,,,Ⅲ
2023-11-14T12:00:00+08:00,1699934400,16.3,7.58,6.69,540.7,70.5,3.52,0.143,0.125,2.43,,,Ⅲ
2023-11-14T16:00:00+08:00,1699948800,16.5,7.59,6.72,536.8,65.3,3.81,0.148,0.127,2.45,,,Ⅲ
2023-11-14T20:00:00+08:00,1699963200,16.0,7.59,6.69,555.3,52.8,3.43,0.133,0.126,2.44,,,Ⅲ
2023-11-15T04:00:00+08:00,1699992000,15.6,7.57,6.57,543.2,66.4,3.39,0.167,0.125,2.53,,,Ⅲ
2023-11-15T08:00:00+08:00,1700006400,15.5,7.57,6.64,546.0,62.2,3.45,0.151,0.126,2.51,,,Ⅲ
2023-11-15T12:00:00+08:00,1700020800,16.1,7.58,6.64,542.1,64.4,3.62,0.149,0.12,2.5,,,Ⅲ
2023-11-15T16:00:00+08:00,1700035200,16.2,7.59,6.63,544.5,69.7,3.67,0.142,0.12,2.51,,,Ⅲ
2023-11-15T20:00:00+08:00,1700049600,15.8,7.61,6.82,563.0,60.9,3.54,0.14,0.122,2.47,,,Ⅲ
2023-11-16T00:00:00+08:00,1700064000,15.8,7.6,6.64,551.7,62.4,3.36,0.144,0.126,2.5,,,Ⅲ
2023-11-16T04:00:00+08:00,1700078400,15.8,7.58,6.58,548.8,64.8,3.57,0.139,0.124,2.47,,,Ⅲ
2023-11-16T08:00:00+08:00,1700092800,15.5,7.6,6.74,554.6,57.6,3.79,0.148,0.129,2.47,,,Ⅲ
2023-11-16T16:00:00+08:00,1700121600,15.8,7.62,7.03,549.8,61.6,3.83,0.156,0.127,2.64,,,Ⅲ
2023-11-16T20:00:00+08:00,1700136000,15.4,7.63,7.0,569.0,50.9,3.66,0.133,0.121,2.5,,,Ⅲ
2023-11-17T04:00:00+08:00,1700164800,15.0,7.61,7.0,546.5,70.5,3.66,0.165,0.139,2.51,,,Ⅲ
2023-11-17T08:00:00+08:00,1700179200,14.8,7.61,6.96,555.2,62.2,3.75,0.148,0.134,2.51,,,Ⅲ
2023-11-17T12:00:00+08:00,1700193600,15.2,7.64,7.25,549.4,68.7,3.67,0.151,0.134,2.44,,,Ⅲ
2023-11-17T16:00:00+08:00,1700208000,15.1,7.7,7.28,545.2,92.1,3.85,0.184,0.137,2.41,,,Ⅲ
2023-11-17T20:00:00+08:00,1700222400,14.8,7.65,7.26,556.5,57.7,3.56,0.15,0.129,2.47,,,Ⅲ
2023-11-18T04:00:00+08:00,1700251200,14.3,7.64,7.26,549.9,80.5,3.79,0.199,0.136,2.48,,,Ⅲ
2023-11-18T08:00:00+08:00,1700265600,14.1,7.64,7.31,552.0,94.7,3.63,0.172,0.122,2.5,,,Ⅲ
2023-11-18T12:00:00+08:00,1700280000,14.5,7.66,7.43,551.0,70.3,3.6,0.158,0.122,2.54,,,Ⅲ
2023-11-18T16:00:00+08:00,1700294400,14.6,7.67,7.39,551.0,80.8,3.61,0.163,0.14,2.49,,,Ⅲ
2023-11-18T20:00:00+08:00,1700308800,14.2,7.66,7.44,562.7,66.1,3.53,0.16,0.123,2.51,,,Ⅲ
2023-11-19T04:00:00+08:00,1700337600,13.9,7.65,7.27,555.4,68.2,3.63,0.153,0.126,2.58,,,Ⅲ
2023-11-19T08:00:00+08:00,1700352000,13.6,7.64,7.31,556.8,70.7,3.68,0.156,0.127,2.51,,,Ⅲ
2023-11-19T12:00:00+08:00,1700366400,14.2,7.65,7.32,573.7,72.9,3.47,0.142,0.123,2.53,,,Ⅲ
2023-11-19T16:00:00+08:00,1700380800,14.3,7.65,7.24,578.6,75.7,3.72,0.158,0.126,2.51,,,Ⅲ
2023-11-19T20:00:00+08:00,1700395200,14.1,7.64,7.23,577.9,62.5,3.65,0.157,0.119,2.59,,,Ⅲ
2023-11-20T04:00:00+08:00,1700424000,13.9,7.64,7.2,570.1,67.1,3.36,0.165,0.123,2.62,,,Ⅲ
2023-11-20T08:00:00+08:00,1700438400,13.9,7.64,7.21,560.5,69.6,3.56,0.163,0.119,2.56,,,Ⅲ
2023-11-20T12:00:00+08:00,1700452800,14.4,7.64,7.22,562.4,61.3,3.45,0.148,0.117,2.54,,,Ⅲ
2023-11-20T16:00:00+08:00,1700467200,14.6,7.65,7.18,564.7,68.6,3.47,0.158,0.123,2.6,,,Ⅲ
2023-11-20T20:00:00+08:00,1700481600,14.5,7.65,7.18,565.0,86.7,3.4,0.165,0.125,2.58,,,Ⅲ
2023-11-21T04:00:00+08:00,1700510400,14.0,7.65,7.22,580.3,80.4,3.42,0.155,0.121,2.63,,,Ⅲ
2023-11-21T08:00:00+08:00,1700524800,14.1,7.63,7.14,575.1,69.6,3.57,0.156,0.122,2.62,,,Ⅲ
2023-11-21T12:00:00+08:00,1700539200,14.6,7.65,7.13,570.9,63.1,3.39,0.152,0.115,2.6,,,Ⅲ
2023-11-21T16:00:00+08:00,1700553600,14.8,7.64,7.08,577.3,63.3,3.48,0.153,0.115,2.58,,,Ⅲ
2023-11-21T20:00:00+08:00,1700568000,14.8,7.64,7.04,583.2,86.5,3.43,0.161,0.122,2.62,,,Ⅲ
2023-11-22T04:00:00+08:00,1700596800,14.5,7.64,7.06,594.2,59.7,3.67,0.149,0.115,2.65,,,Ⅲ
2023-11-22T08:00:00+08:00,1700611200,14.5,7.67,7.04,584.4,78.7,3.6,0.173,0.134,2.62,,,Ⅲ
2023-11-22T12:00:00+08:00,1700625600,15.1,7.63,7.08,574.6,63.3,3.72,0.17,0.117,2.58,,,Ⅲ
2023-11-22T16:00:00+08:00,1700640000,15.2,7.64,7.04,575.4,60.5,3.49,0.166,0.123,2.6,,,Ⅲ
2023-11-22T20:00:00+08:00,1700654400,15.2,7.63,7.01,574.3,88.6,3.62,0.185,0.125,2.59,,,Ⅲ
2023-11-23T04:00:00+08:00,1700683200,15.0,7.64,7.02,590.5,64.3,3.48,0.156,0.114,2.62,,,Ⅲ
2023-11-23T08:00:00+08:00,1700697600,15.1,7.62,7.07,583.9,84.1,3.48,0.16,0.124,2.54,,,Ⅲ
2023-11-23T12:00:00+08:00,1700712000,15.5,7.63,7.07,576.8,68.7,3.61,0.179,0.118,2.56,,,Ⅲ
2023-11-23T16:00:00+08:00,1700726400,15.5,7.65,7.19,597.1,70.3,3.52,0.14,0.112,2.56,,,Ⅲ
2023-11-23T20:00:00+08:00,1700740800,15.3,7.64,7.11,580.8,72.1,3.67,0.174,0.118,2.55,,,Ⅲ
2023-11-24T04:00:00+08:00,1700769600,14.9,7.68,7.35,608.1,55.6,3.52,0.136,0.113,2.64,,,Ⅲ
2023-11-24T08:00:00+08:00,1700784000,14.9,7.68,7.31,597.6,65.0,3.84,0.156,0.12,2.6,,,Ⅲ
2023-11-24T12:00:00+08:00,1700798400,15.1,7.68,7.25,582.2,77.3,3.78,0.174,0.122,2.52,,,Ⅲ
2023-11-24T16:00:00+08:00,1700812800,15.1,7.76,7.62,600.7,58.8,3.45,0.129,0.111,2.58,,,Ⅲ
2023-11-24T20:00:00+08:00,1700827200,14.8,7.7,7.44,588.7,67.8,3.48,0.149,0.118,2.6,,,Ⅲ
2023-11-25T04:00:00+08:00,1700856000,14.3,7.68,7.49,597.3,60.9,3.63,0.145,0.114,2.58,,,Ⅲ
2023-11-25T08:00:00+08:00,1700870400,14.3,7.67,7.37,587.6,63.2,3.47,0.153,0.115,2.58,,,Ⅲ
2023-11-25T12:00:00+08:00,1700884800,14.6,7.68,7.51,580.2,66.6,3.57,0.165,0.116,2.65,,,Ⅲ
2023-11-25T16:00:00+08:00,1700899200,14.6,7.7,7.67,596.9,57.2,3.61,0.131,0.115,2.6,,,Ⅲ
2023-11-25T20:00:00+08:00,1700913600,14.3,7.7,7.57,596.0,57.6,3.42,0.134,0.112,2.62,,,Ⅲ
2023-11-26T04:00:00+08:00,1700942400,13.9,7.69,7.56,599.4,61.9,3.44,0.141,0.111,2.62,,,Ⅲ
2023-11-26T08:00:00+08:00,1700956800,13.9,7.68,7.44,590.8,77.4,3.66,0.172,0.113,2.52,,,Ⅲ
2023-11-26T12:00:00+08:00,1700971200,14.2,7.68,7.36,588.5,67.7,3.47,0.155,0.114,2.58,,,Ⅲ
2023-11-26T20:00:00+08:00,1701000000,14.2,7.69,7.52,614.2,61.8,3.53,0.137,0.106,2.57,,,Ⅲ
2023-11-27T04:00:00+08:00,1701028800,14.1,7.67,7.38,608.7,56.0,3.51,0.142,0.109,2.56,,,Ⅲ
2023-11-27T08:00:00+08:00,1701043200,14.1,7.68,7.4,614.8,60.1,3.68,0.152,0.112,2.61,,,Ⅲ
2023-11-27T12:00:00+08:00,1701057600,14.6,7.67,7.3,600.7,70.5,3.63,0.157,0.116,2.54,,,Ⅲ
2023-11-27T16:00:00+08:00,1701072000,14.8,7.69,7.45,611.8,62.7,,0.138,,,,,
2023-11-27T20:00:00+08:00,1701086400,14.5,7.69,7.41,622.0,57.2,3.38,0.135,0.109,2.68,,,Ⅲ
2023-11-28T04:00:00+08:00,1701115200,14.2,7.66,7.25,600.8,69.5,3.33,0.158,0.118,2.72,,,Ⅲ
2023-11-28T08:00:00+08:00,1701129600,14.2,7.67,7.34,616.9,61.6,3.36,0.142,0.113,2.71,,,Ⅲ
2023-11-28T12:00:00+08:00,1701144000,14.6,7.67,7.4,598.8,69.1,3.3,0.143,0.114,2.64,,,Ⅲ
2023-11-28T16:00:00+08:00,1701158400,14.7,7.68,7.45,609.8,67.9,3.36,0.136,0.117,2.64,,,Ⅲ
2023-11-28T20:00:00+08:00,1701172800,14.5,7.71,7.6,623.1,58.9,3.34,0.126,0.11,2.65,,,Ⅲ
2023-11-29T04:00:00+08:00,1701201600,14.2,7.68,7.32,603.2,58.6,3.44,0.141,0.112,2.67,,,Ⅲ
2023-11-29T08:00:00+08:00,1701216000,14.1,7.69,7.35,614.9,51.8,3.46,0.126,0.107,2.62,,,Ⅲ
2023-11-29T12:00:00+08:00,1701230400,14.7,7.7,7.35,611.3,65.9,3.49,0.127,0.111,2.64,,,Ⅲ
2023-11-29T16:00:00+08:00,1701244800,14.8,7.69,7.43,606.0,62.3,3.24,0.135,0.111,2.67,,,Ⅲ
2023-11-29T20:00:00+08:00,1701259200,14.6,7.72,7.66,629.4,51.6,3.16,0.106,0.105,2.63,,,Ⅲ
2023-11-30T04:00:00+08:00,1701288000,14.4,7.7,7.45,608.4,53.7,3.12,0.132,0.11,2.75,,,Ⅲ
2023-11-30T08:00:00+08:00,1701302400,14.1,7.73,7.71,639.0,43.6,3.44,0.103,0.106,2.64,,,Ⅲ
2023-11-30T12:00:00+08:00,1701316800,14.5,7.74,7.74,612.0,55.9,3.42,0.119,0.11,2.66,,,Ⅲ
2023-11-30T16:00:00+08:00,1701331200,14.3,7.73,7.77,613.6,51.7,3.17,0.122,0.109,2.73,,,Ⅲ
2023-11-30T20:00:00+08:00,1701345600,14.1,7.77,8.08,633.4,52.4,3.42,0.101,0.108,2.6,,,Ⅲ
2023-12-01T04:00:00+08:00,1701374400,13.5,7.73,7.84,614.6,56.0,3.33,0.13,0.11,2.7,,,Ⅲ
2023-12-01T08:00:00+08:00,1701388800,13.3,7.73,7.87,611.7,48.7,3.19,0.119,0.108,2.76,,,Ⅲ
2023-12-01T12:00:00+08:00,1701403200,13.4,7.75,8.07,614.4,52.0,3.2,0.124,0.109,2.75,,,Ⅲ
2023-12-01T16:00:00+08:00,1701417600,13.2,7.79,9.74,616.2,127.4,3.26,0.137,0.109,2.7,,,Ⅲ
2023-12-01T20:00:00+08:00,1701432000,13.0,7.8,9.09,631.3,39.7,3.48,0.118,0.118,2.65,,,Ⅲ
2023-12-02T04:00:00+08:00,1701460800,12.6,7.78,8.77,612.3,95.7,3.26,0.146,0.115,2.79,,,Ⅲ
2023-12-02T08:00:00+08:00,1701475200,12.5,7.77,8.78,612.2,94.3,3.22,0.142,0.11,2.74,,,Ⅲ
2023-12-02T12:00:00+08:00,1701489600,12.7,7.78,8.9,613.8,91.2,3.26,0.138,0.113,2.74,,,Ⅲ
2023-12-02T16:00:00+08:00,1701504000,12.8,7.77,9.0,612.9,106.6,3.22,0.146,0.118,2.74,,,Ⅲ
2023-12-02T20:00:00+08:00,1701518400,12.5,7.78,9.16,629.3,105.3,3.3,0.147,0.118,2.69,,,Ⅲ
2023-12-03T04:00:00+08:00,1701547200,12.3,7.76,8.86,609.5,79.6,4.13,0.149,0.115,2.74,,,Ⅲ
2023-12-03T08:00:00+08:00,1701561600,12.1,7.76,8.9,607.6,155.7,4.18,0.15,0.114,2.87,,,Ⅲ
2023-12-03T12:00:00+08:00,1701576000,12.5,7.76,8.78,604.4,146.8,,0.074,0.116,2.77,,,
2023-12-03T16:00:00+08:00,1701590400,12.6,7.77,8.73,614.4,79.1,,0.156,0.121,2.74,,,
2023-12-03T20:00:00+08:00,1701604800,12.4,7.79,8.86,622.7,124.2,2.8,0.151,0.114,2.74,,,Ⅲ
2023-12-04T04:00:00+08:00,1701633600,12.2,7.77,8.69,615.5,73.7,3.16,0.155,0.111,2.73,,,Ⅲ
2023-12-04T08:00:00+08:00,1701648000,12.0,7.76,8.45,611.2,72.0,2.84,0.153,0.113,2.75,,,Ⅲ
2023-12-04T12:00:00+08:00,1701662400,12.1,7.76,8.48,609.0,88.0,,0.161,0.114,2.86,,,
2023-12-04T16:00:00+08:00,1701676800,12.1,7.76,8.53,610.2,62.3,0.66,0.183,0.118,2.74,,,Ⅲ
2023-12-04T20:00:00+08:00,1701691200,12.0,7.76,8.32,616.0,57.5,,0.168,0.112,2.77,,,
2023-12-05T00:00:00+08:00,1701705600,11.8,7.76,8.44,625.6,43.4,3.05,0.152,0.106,2.82,,,
2023-12-05T04:00:00+08:00,1701720000,11.7,7.75,8.57,615.3,63.2,3.21,0.16,0.109,2.8,,,Ⅲ
2023-12-05T08:00:00+08:00,1701734400,11.7,7.74,8.66,611.7,50.9,3.1,0.186,0.11,2.85,,,Ⅲ
2023-12-05T12:00:00+08:00,1701748800,12.2,7.75,8.73,611.3,46.5,3.21,0.159,0.108,2.8,,,Ⅲ
2023-12-05T16:00:00+08:00,1701763200,12.4,7.75,8.81,607.2,98.0,3.18,0.175,0.105,2.77,,,Ⅲ
2023-12-05T20:00:00+08:00,1701777600,12.2,7.76,8.81,615.9,53.7,3.11,0.166,0.106,2.87,,,Ⅲ
2023-12-06T00:00:00+08:00,1701792000,12.0,7.76,8.85,631.5,68.3,3.0,0.162,0.106,2.87,,,Ⅲ
2023-12-06T04:00:00+08:00,1701806400,12.1,7.75,8.81,617.9,79.9,3.21,0.165,0.108,2.86,,,Ⅲ
2023-12-06T12:00:00+08:00,1701835200,12.3,7.77,8.88,618.2,69.1,3.26,0.179,0.108,2.81,,,Ⅲ
2023-12-06T16:00:00+08:00,1701849600,12.5,7.78,8.91,613.7,85.8,3.33,0.185,0.114,2.7,,,Ⅲ
2023-12-06T20:00:00+08:00,1701864000,12.4,7.78,8.95,619.2,89.4,3.46,0.198,0.12,2.7,,,Ⅲ
2023-12-07T00:00:00+08:00,1701878400,12.2,7.77,8.94,627.6,94.6,3.24,0.192,0.111,2.76,,,Ⅲ
2023-12-07T04:00:00+08:00,1701892800,12.1,7.78,8.79,617.7,75.2,3.24,0.197,0.108,2.76,,,Ⅲ
2023-12-07T08:00:00+08:00,1701907200,11.8,7.77,8.82,615.4,76.0,3.21,0.225,0.12,2.8,,,Ⅲ
2023-12-07T12:00:00+08:00,1701921600,12.3,7.78,8.9,613.8,66.9,3.32,0.221,0.112,2.79,,,Ⅲ
2023-12-07T16:00:00+08:00,1701936000,12.6,7.79,9.05,620.2,75.5,3.11,0.221,0.107,2.84,,,Ⅲ
2023-12-07T20:00:00+08:00,1701950400,12.4,7.78,8.85,627.9,73.8,3.18,0.209,0.118,2.8,,,Ⅲ
2023-12-08T00:00:00+08:00,1701964800,12.5,7.78,8.88,622.9,74.1,3.13,0.223,0.108,2.88,,,Ⅲ
2023-12-08T04:00:00+08:00,1701979200,12.4,7.79,8.87,625.2,85.3,3.29,0.232,0.114,2.75,,,Ⅲ
2023-12-08T08:00:00+08:00,1701993600,12.2,7.78,8.81,627.4,67.7,3.17,0.227,0.115,2.84,,,Ⅲ
2023-12-08T12:00:00+08:00,1702008000,12.7,7.79,8.95,633.2,53.4,3.29,0.201,0.111,2.75,,,Ⅲ
2023-12-08T16:00:00+08:00,1702022400,12.9,7.79,8.91,637.3,62.4,3.13,0.192,0.106,2.78,,,Ⅲ
2023-12-08T20:00:00+08:00,1702036800,12.7,7.78,8.89,631.1,79.1,3.21,0.225,0.112,2.77,,,Ⅲ
2023-12-09T00:00:00+08:00,1702051200,12.9,7.76,8.82,629.8,98.1,3.44,0.258,0.131,2.67,,,Ⅲ
2023-12-09T04:00:00+08:00,1702065600,12.7,7.77,8.78,642.8,62.3,3.15,0.21,0.106,2.76,,,Ⅲ
2023-12-09T08:00:00+08:00,1702080000,12.8,7.79,8.81,637.6,85.7,3.27,0.235,0.116,2.75,,,Ⅲ
2023-12-09T12:00:00+08:00,1702094400,13.1,7.78,8.91,629.3,75.8,3.29,0.246,0.115,2.84,,,Ⅲ
2023-12-09T16:00:00+08:00,1702108800,13.2,7.8,9.0,640.0,65.9,3.22,0.199,0.116,2.77,,,Ⅲ
2023-12-09T20:00:00+08:00,1702123200,13.1,7.79,8.84,647.7,59.8,3.21,0.2,0.112,2.66,,,Ⅲ
2023-12-10T00:00:00+08:00,1702137600,13.1,7.78,8.75,634.4,64.4,3.34,0.238,0.11,2.81,,,Ⅲ
2023-12-10T04:00:00+08:00,1702152000,13.1,7.79,8.81,652.6,82.0,3.23,0.188,0.105,2.75,,,Ⅲ
2023-12-10T08:00:00+08:00,1702166400,13.2,7.78,8.74,634.8,72.6,3.18,0.224,0.109,2.83,,,Ⅲ
2023-12-10T12:00:00+08:00,1702180800,13.5,7.76,8.5,632.5,63.7,3.33,0.214,0.109,2.93,,,Ⅲ
2023-12-10T16:00:00+08:00,1702195200,13.5,7.8,8.75,641.8,78.5,3.28,0.189,0.107,2.78,,,Ⅲ
2023-12-10T20:00:00+08:00,1702209600,13.6,7.78,8.6,644.8,51.8,3.23,0.189,0.108,2.8,,,Ⅲ
2023-12-11T00:00:00+08:00,1702224000,13.7,7.76,8.34,636.1,60.1,3.21,0.219,0.108,2.88,,,Ⅲ
2023-12-11T04:00:00+08:00,1702238400,13.6,7.78,8.54,647.9,60.4,3.37,0.198,0.114,2.78,,,Ⅲ
2023-12-11T08:00:00+08:00,1702252800,13.7,7.77,8.38,651.6,181.0,3.13,0.203,0.108,2.8,,,Ⅲ
2023-12-11T12:00:00+08:00,1702267200,13.9,7.74,8.25,630.4,68.0,3.24,0.221,0.108,2.93,,,Ⅲ
2023-12-11T16:00:00+08:00,1702281600,13.6,7.78,8.6,639.4,77.3,3.22,0.201,0.111,2.8,,,Ⅲ
2023-12-11T20:00:00+08:00,1702296000,13.5,7.78,8.56,642.9,49.7,3.03,0.203,0.104,2.87,,,Ⅲ
2023-12-12T00:00:00+08:00,1702310400,13.4,7.78,8.46,629.8,112.3,3.47,0.277,0.12,2.63,,,Ⅲ
2023-12-12T04:00:00+08:00,1702324800,13.1,7.79,8.63,641.0,71.9,3.22,0.227,0.112,2.71,,,Ⅲ
2023-12-12T08:00:00+08:00,1702339200,13.0,7.79,8.55,642.4,65.5,3.15,0.222,0.112,2.78,,,Ⅲ
2023-12-12T12:00:00+08:00,1702353600,13.0,7.8,8.57,620.9,68.5,3.37,0.256,0.117,2.91,,,Ⅲ
2023-12-12T16:00:00+08:00,1702368000,16.3,7.51,7.87,641.2,82.5,3.55,0.252,0.129,2.72,,,Ⅲ
2023-12-12T20:00:00+08:00,1702382400,16.1,7.84,7.44,642.3,65.6,3.43,0.212,0.103,2.8,,,Ⅲ
2023-12-13T00:00:00+08:00,1702396800,16.1,7.85,7.45,631.6,93.0,3.29,0.252,0.112,2.86,,,Ⅲ
2023-12-13T04:00:00+08:00,1702411200,16.0,7.85,7.65,628.5,69.2,3.05,0.253,0.106,2.95,,,Ⅲ
2023-12-13T08:00:00+08:00,1702425600,15.9,7.85,7.7,627.7,51.6,2.98,0.248,0.104,2.95,,,Ⅲ
2023-12-13T12:00:00+08:00,1702440000,15.9,7.85,7.73,627.0,80.8,3.07,0.262,0.106,2.99,,,Ⅲ
2023-12-13T16:00:00+08:00,1702454400,16.0,7.85,7.61,635.8,72.1,3.18,0.233,0.105,2.99,,,Ⅲ
2023-12-13T20:00:00+08:00,1702468800,16.0,7.86,7.61,638.6,85.3,3.12,0.216,0.101,2.98,,,Ⅲ
2023-12-14T00:00:00+08:00,1702483200,16.0,7.86,7.6,634.2,105.5,3.54,0.298,0.115,2.68,,,Ⅲ
2023-12-14T04:00:00+08:00,1702497600,16.0,7.83,7.58,634.7,89.1,3.17,0.258,0.104,2.95,,,Ⅲ
2023-12-14T08:00:00+08:00,1702512000,16.0,7.85,7.56,642.7,95.4,3.36,0.258,0.112,2.79,,,Ⅲ
2023-12-14T12:00:00+08:00,1702526400,16.5,7.82,7.46,646.1,87.1,3.39,0.218,0.102,2.88,,,Ⅲ
2023-12-14T16:00:00+08:00,1702540800,16.9,7.83,7.5,652.4,152.6,3.0,0.2,0.103,2.98,,,Ⅲ
2023-12-14T20:00:00+08:00,1702555200,16.8,7.87,7.77,656.2,79.5,3.17,0.217,0.107,2.78,,,Ⅲ
2023-12-15T00:00:00+08:00,1702569600,16.7,7.84,7.59,659.4,80.7,3.48,0.208,0.102,2.79,,,Ⅲ
2023-12-15T04:00:00+08:00,1702584000,16.7,7.82,7.34,652.7,165.7,3.47,0.246,0.11,2.86,,,Ⅲ
2023-12-15T08:00:00+08:00,1702598400,16.6,7.85,7.7,665.8,95.3,3.52,0.206,0.109,2.8,,,Ⅲ
2023-12-15T12:00:00+08:00,1702612800,16.6,7.84,7.61,654.2,76.6,3.85,0.246,0.11,2.93,,,Ⅲ
2023-12-15T16:00:00+08:00,1702627200,16.4,7.84,7.79,656.6,89.1,3.47,0.244,0.116,2.87,,,Ⅲ
2023-12-15T20:00:00+08:00,1702641600,16.1,7.86,7.83,664.3,70.3,3.47,0.219,0.105,2.75,,,Ⅲ
2023-12-16T00:00:00+08:00,1702656000,16.0,7.87,7.88,661.7,77.0,3.54,0.22,0.106,2.86,,,Ⅲ
2023-12-16T08:00:00+08:00,1702684800,15.4,7.85,8.04,667.8,71.0,,0.227,0.109,2.78,,,
2023-12-16T12:00:00+08:00,1702699200,15.2,7.9,8.18,652.2,107.8,,0.255,0.114,2.91,,,
2023-12-16T20:00:00+08:00,1702728000,14.2,7.92,8.53,660.2,118.9,3.38,0.233,0.113,2.88,,,Ⅲ
2023-12-17T00:00:00+08:00,1702742400,14.0,7.91,8.53,662.9,107.4,3.34,0.229,0.109,2.89,,,Ⅲ
2023-12-17T04:00:00+08:00,1702756800,13.5,7.93,8.72,644.7,143.0,3.3,0.262,0.112,2.86,,,Ⅲ
2023-12-17T08:00:00+08:00,1702771200,13.1,7.93,8.83,647.2,118.0,2.95,0.251,0.109,2.77,,,Ⅲ
2023-12-17T12:00:00+08:00,1702785600,13.1,7.94,9.01,646.8,79.7,3.16,0.237,0.104,2.97,,,Ⅲ
2023-12-17T16:00:00+08:00,1702800000,12.9,7.94,8.99,642.7,80.5,3.37,0.268,0.11,3.04,,,Ⅲ
2023-12-17T20:00:00+08:00,1702814400,12.5,7.95,9.14,652.1,371.1,3.23,0.252,0.107,2.94,,,Ⅲ
2023-12-18T00:00:00+08:00,1702828800,12.5,7.94,9.12,653.4,65.1,3.16,0.256,0.111,3.0,,,Ⅲ
2023-12-18T04:00:00+08:00,1702843200,12.4,7.94,9.05,647.5,125.3,3.34,0.3,0.116,2.95,,,Ⅲ
2023-12-18T08:00:00+08:00,1702857600,12.3,7.93,9.01,648.1,128.5,3.1,0.278,0.114,3.05,,,Ⅲ
2023-12-18T12:00:00+08:00,1702872000,12.3,7.92,9.07,653.1,136.8,2.77,0.269,0.108,3.02,,,Ⅲ
2023-12-18T16:00:00+08:00,1702886400,12.2,7.87,9.1,652.6,47.0,3.09,0.286,0.112,3.03,,,Ⅲ
2023-12-18T20:00:00+08:00,1702900800,12.1,7.87,9.14,659.4,43.2,2.98,0.27,0.108,3.06,,,Ⅲ
2023-12-19T00:00:00+08:00,1702915200,11.9,7.88,9.19,665.0,40.0,3.25,0.242,0.107,2.96,,,Ⅲ
2023-12-19T04:00:00+08:00,1702929600,11.9,7.89,9.2,658.1,74.4,3.16,0.294,0.11,2.84,,,Ⅲ
2023-12-19T08:00:00+08:00,1702944000,11.8,7.89,9.23,655.6,89.4,3.39,0.314,0.114,2.84,,,Ⅲ
2023-12-19T12:00:00+08:00,1702958400,11.8,7.89,9.22,658.2,78.1,3.05,0.301,0.114,2.86,,,Ⅲ
2023-12-19T16:00:00+08:00,1702972800,11.8,7.87,9.23,648.2,62.1,2.95,0.302,0.112,3.1,,,Ⅲ
2023-12-19T20:00:00+08:00,1702987200,11.7,7.87,9.26,646.9,71.3,3.15,0.302,0.11,3.05,,,Ⅲ
2023-12-20T08:00:00+08:00,1703030400,11.1,7.87,9.38,651.4,47.5,3.11,0.307,0.111,3.1,,,Ⅲ
2023-12-20T12:00:00+08:00,1703044800,11.3,7.88,9.42,658.9,47.4,3.06,0.272,0.11,3.11,,,Ⅲ
2023-12-20T16:00:00+08:00,1703059200,11.4,7.89,9.58,649.3,46.5,2.94,0.292,0.106,3.13,,,Ⅲ
2023-12-20T20:00:00+08:00,1703073600,11.2,7.88,9.65,649.9,49.3,3.19,0.334,0.113,3.1,,,Ⅲ
2023-12-21T00:00:00+08:00,1703088000,10.8,7.89,9.64,662.5,50.4,3.05,0.293,0.108,3.08,,,Ⅲ
2023-12-21T04:00:00+08:00,1703102400,10.7,7.89,9.69,654.3,50.4,3.29,0.333,0.124,3.08,,,Ⅲ
2023-12-21T08:00:00+08:00,1703116800,10.2,7.89,9.83,650.8,58.1,2.92,0.354,0.116,3.06,,,Ⅲ
2023-12-21T12:00:00+08:00,1703131200,10.3,7.9,9.89,657.6,53.6,3.32,0.326,0.113,3.06,,,Ⅲ
2023-12-21T16:00:00+08:00,1703145600,10.2,7.91,10.09,662.3,48.3,2.87,0.322,0.113,3.05,,,Ⅲ
2023-12-21T20:00:00+08:00,1703160000,10.0,7.92,10.13,659.6,57.2,3.1,0.357,0.124,3.12,,,Ⅲ
2023-12-22T00:00:00+08:00,1703174400,9.4,7.93,10.16,667.9,51.9,2.94,0.343,0.116,3.12,,,Ⅲ
2023-12-22T04:00:00+08:00,1703188800,9.3,7.94,10.16,670.3,113.0,3.61,0.395,0.132,2.86,,,Ⅲ
2023-12-22T08:00:00+08:00,1703203200,8.9,7.94,10.3,662.8,74.1,3.11,0.373,0.117,3.06,,,Ⅲ
2023-12-22T12:00:00+08:00,1703217600,9.1,7.95,10.33,672.3,51.4,3.27,0.334,0.105,3.1,,,Ⅲ
2023-12-22T16:00:00+08:00,1703232000,9.2,7.95,10.42,672.6,49.5,3.05,0.331,0.112,3.05,,,Ⅲ
2023-12-22T20:00:00+08:00,1703246400,8.8,7.95,10.49,664.3,54.9,3.05,0.359,0.114,3.14,,,Ⅲ
2023-12-23T00:00:00+08:00,1703260800,8.6,8.05,10.54,664.1,71.9,3.47,0.388,0.126,3.04,,,Ⅲ
2023-12-23T04:00:00+08:00,1703275200,8.5,8.04,10.46,664.9,64.9,3.29,0.38,0.117,3.12,,,Ⅲ
2023-12-23T08:00:00+08:00,1703289600,8.5,7.96,10.48,660.8,71.3,3.05,0.399,0.12,4.73,,,Ⅲ
2023-12-23T12:00:00+08:00,1703304000,8.6,7.95,10.51,671.2,49.6,2.99,0.35,0.108,3.14,,,Ⅲ
2023-12-23T16:00:00+08:00,1703318400,8.7,7.96,10.7,671.3,56.3,3.0,0.349,0.109,3.0,,,Ⅲ
2023-12-23T20:00:00+08:00,1703332800,8.5,7.95,10.52,674.2,51.8,3.2,0.356,0.111,3.2,,,Ⅲ
2023-12-24T00:00:00+08:00,1703347200,8.5,7.94,10.49,658.8,56.7,3.05,0.404,0.114,3.18,,,Ⅲ
2023-12-24T04:00:00+08:00,1703361600,8.4,7.95,10.41,663.4,52.5,3.15,0.397,0.117,3.24,,,Ⅲ
2023-12-24T08:00:00+08:00,1703376000,8.2,7.94,10.46,672.7,54.9,2.99,0.394,0.116,3.18,,,Ⅲ
2023-12-24T12:00:00+08:00,1703390400,8.6,7.93,10.51,664.6,58.8,2.99,0.38,0.115,3.09,,,Ⅲ
2023-12-24T16:00:00+08:00,1703404800,8.8,7.95,10.75,673.8,57.9,3.19,0.359,0.114,3.04,,,Ⅲ
2023-12-24T20:00:00+08:00,1703419200,8.5,7.94,10.58,664.9,55.4,3.02,0.393,0.116,3.17,,,Ⅲ
2023-12-25T00:00:00+08:00,1703433600,8.5,7.93,10.52,667.4,55.9,3.2,0.399,0.118,3.22,,,Ⅲ
2023-12-25T04:00:00+08:00,1703448000,8.3,7.94,10.49,673.5,60.7,3.01,0.393,0.114,3.16,,,Ⅲ
2023-12-25T08:00:00+08:00,1703462400,8.3,7.93,10.47,663.3,63.4,3.1,0.408,0.118,3.15,,,Ⅲ
2023-12-25T12:00:00+08:00,1703476800,8.6,7.93,10.65,668.0,63.7,3.08,0.388,0.117,3.15,,,Ⅲ
2023-12-25T16:00:00+08:00,1703491200,8.8,7.92,10.76,677.6,57.9,3.13,0.361,0.115,3.17,,,Ⅲ
2023-12-25T20:00:00+08:00,1703505600,8.5,7.93,10.72,682.4,56.2,3.02,0.37,0.115,3.1,,,Ⅲ
2023-12-26T00:00:00+08:00,1703520000,8.6,7.92,10.52,676.8,73.3,3.24,0.398,0.121,3.11,,,Ⅲ
2023-12-31T20:00:00+08:00,1704024000,6.5,7.95,11.09,966.4,42.8,3.47,0.31,0.1,4.39,,,Ⅲ
2024-01-15T12:00:00+08:00,1705291200,10.3,7.96,9.86,700.4,37.3,3.23,0.164,0.086,3.23,,,Ⅱ
2024-01-16T12:00:00+08:00,1705377600,10.0,7.97,9.5,710.2,54.0,3.33,0.178,0.091,3.11,,,Ⅱ
2024-01-16T16:00:00+08:00,1705392000,10.1,7.96,9.72,690.7,102.4,3.82,0.223,0.122,3.06,,,Ⅲ
2024-01-16T20:00:00+08:00,1705406400,10.0,7.99,9.8,700.7,52.9,3.42,0.17,0.096,3.06,,,Ⅱ
2024-01-17T04:00:00+08:00,1705435200,9.9,7.93,9.44,686.0,54.2,3.25,0.218,0.096,3.27,,,Ⅱ
2024-01-17T08:00:00+08:00,1705449600,9.8,7.93,9.42,685.4,43.3,3.28,0.203,0.096,3.26,,,Ⅱ
2024-01-17T12:00:00+08:00,1705464000,10.3,7.97,9.7,689.1,39.8,3.59,0.173,0.089,3.21,,,Ⅱ
2024-01-17T16:00:00+08:00,1705478400,10.6,7.93,9.44,681.2,44.0,3.15,0.186,0.09,3.35,,,Ⅱ
2024-01-17T20:00:00+08:00,1705492800,10.5,7.93,9.48,680.0,46.5,3.32,0.197,0.091,3.31,,,Ⅱ
2024-01-18T04:00:00+08:00,1705521600,10.4,7.9,9.32,677.4,44.0,3.19,0.218,0.092,3.42,,,Ⅱ
2024-01-18T08:00:00+08:00,1705536000,10.4,7.88,9.26,677.8,43.5,3.09,0.214,0.092,3.4,,,Ⅱ
2024-01-22T12:00:00+08:00,1705896000,8.5,7.75,10.51,635.6,364.1,3.14,0.298,0.117,3.66,,,Ⅲ
2024-01-22T16:00:00+08:00,1705910400,8.3,7.77,10.52,666.6,329.0,2.98,0.198,0.109,3.76,,,Ⅲ
2024-01-22T20:00:00+08:00,1705924800,8.0,7.76,10.45,659.7,52.0,2.98,0.232,0.116,3.66,,,Ⅲ
2024-01-23T00:00:00+08:00,1705939200,7.5,7.78,10.61,657.6,70.2,3.12,0.221,0.116,3.69,,,Ⅲ
2024-01-23T04:00:00+08:00,1705953600,7.1,7.79,10.8,654.0,57.3,3.29,0.227,0.116,3.71,,,Ⅲ
2024-01-23T08:00:00+08:00,1705968000,6.8,7.79,10.82,652.9,52.1,2.94,0.219,0.118,3.69,,,Ⅲ
2024-01-23T12:00:00+08:00,1705982400,6.8,7.8,10.98,654.0,58.3,3.01,,0.112,3.72,,,
2024-01-23T16:00:00+08:00,1705996800,7.0,7.83,9.87,655.6,56.2,3.18,0.352,0.107,3.63,,,Ⅲ
2024-01-23T20:00:00+08:00,1706011200,6.5,7.81,9.81,654.4,57.8,2.97,0.354,0.112,3.69,,,Ⅲ
2024-01-24T00:00:00+08:00,1706025600,6.4,7.82,9.99,629.5,66.7,2.92,0.378,0.113,3.63,,,Ⅲ
2024-01-24T04:00:00+08:00,1706040000,6.0,7.82,9.99,639.5,64.6,2.86,0.37,0.112,3.56,,,Ⅲ
2024-01-24T08:00:00+08:00,1706054400,5.8,7.82,10.03,635.4,65.5,2.94,0.385,0.113,,,,Ⅲ
2024-01-24T12:00:00+08:00,1706068800,6.0,7.83,10.07,648.4,58.9,3.16,0.356,0.107,3.6,,,Ⅲ
2024-01-24T16:00:00+08:00,1706083200,6.4,7.84,10.23,649.4,63.2,3.1,0.349,0.105,3.58,,,Ⅲ
2024-01-24T20:00:00+08:00,1706097600,6.0,7.83,10.12,656.8,60.7,2.92,0.352,0.107,3.66,,,Ⅲ
2024-01-25T00:00:00+08:00,1706112000,6.1,7.83,10.13,641.3,71.3,3.02,0.376,0.11,3.61,,,Ⅲ
2024-01-25T04:00:00+08:00,1706126400,6.1,7.81,10.04,634.8,65.3,3.01,0.376,0.11,3.66,,,Ⅲ
2024-01-25T08:00:00+08:00,1706140800,6.0,7.81,10.06,640.4,67.1,2.85,0.372,0.109,3.68,,,Ⅲ
2024-01-25T12:00:00+08:00,1706155200,6.5,7.81,9.96,636.0,67.4,3.01,0.379,0.107,3.46,,,Ⅲ
2024-01-25T16:00:00+08:00,1706169600,6.8,7.82,10.12,646.8,73.7,3.25,0.352,0.106,3.55,,,Ⅲ
2024-01-25T20:00:00+08:00,1706184000,6.5,7.83,10.04,664.8,62.9,2.89,0.357,0.112,3.51,,,Ⅲ
2024-01-26T00:00:00+08:00,1706198400,6.3,7.81,9.94,653.2,65.1,2.88,0.353,0.11,3.58,,,Ⅲ
2024-01-26T08:00:00+08:00,1706227200,6.1,7.8,9.93,643.0,64.8,2.94,0.37,0.111,3.7,,,Ⅲ
2024-01-26T12:00:00+08:00,1706241600,6.6,7.8,9.93,643.6,66.8,3.01,0.358,0.111,3.54,,,Ⅲ
2024-01-26T20:00:00+08:00,1706270400,6.5,7.82,10.07,671.7,71.9,3.07,0.331,0.112,3.52,,,Ⅲ
2024-01-27T00:00:00+08:00,1706284800,6.5,7.8,9.83,642.6,71.0,3.01,0.366,0.112,3.51,,,Ⅲ
2024-01-27T08:00:00+08:00,1706313600,6.3,7.79,9.83,660.3,65.8,3.22,0.346,0.116,3.66,,,Ⅲ
2024-01-27T12:00:00+08:00,1706328000,6.6,7.79,9.84,644.4,70.0,3.09,0.362,0.114,3.6,,,Ⅲ
2024-01-27T16:00:00+08:00,1706342400,6.7,7.79,9.73,646.9,67.2,3.2,0.359,0.115,3.53,,,Ⅲ
2024-01-27T20:00:00+08:00,1706356800,6.5,7.81,10.0,672.5,62.9,3.02,0.322,0.112,3.55,,,Ⅲ
2024-01-28T04:00:00+08:00,1706385600,6.2,7.79,9.71,654.2,70.8,2.96,0.351,0.114,3.59,,,Ⅲ
2024-01-28T08:00:00+08:00,1706400000,6.0,7.79,9.89,668.5,59.3,3.07,0.339,0.113,3.56,,,Ⅲ
2024-01-28T12:00:00+08:00,1706414400,6.6,7.79,9.75,655.8,62.4,2.8,0.329,0.108,3.54,,,Ⅲ
2024-01-28T16:00:00+08:00,1706428800,7.0,7.78,9.73,639.4,65.2,3.11,0.338,0.108,3.56,,,Ⅲ
2024-01-28T20:00:00+08:00,1706443200,6.7,7.82,9.99,674.3,62.1,2.96,0.306,0.106,3.51,,,Ⅲ
2024-01-29T04:00:00+08:00,1706472000,6.7,7.77,9.69,650.8,63.5,2.76,0.332,0.109,3.63,,,Ⅲ
2024-01-29T08:00:00+08:00,1706486400,6.5,7.79,9.73,666.0,56.8,2.94,0.322,0.11,3.62,,,Ⅲ
2024-01-29T12:00:00+08:00,1706500800,6.9,7.77,9.66,651.7,63.9,3.14,0.326,0.109,3.52,,,Ⅲ
2024-01-29T16:00:00+08:00,1706515200,7.1,7.78,9.7,659.9,500.0,3.2,0.313,0.104,3.48,,,Ⅲ
2024-01-29T20:00:00+08:00,1706529600,7.1,7.8,9.92,669.5,168.5,3.29,0.287,0.102,3.4,,,Ⅲ
2024-01-30T04:00:00+08:00,1706558400,7.2,7.77,9.75,661.4,270.2,3.23,0.31,0.103,3.42,,,Ⅲ
2024-01-30T08:00:00+08:00,1706572800,7.1,7.78,9.81,674.9,69.9,3.47,0.286,0.1,3.46,,,Ⅲ
2024-01-30T12:00:00+08:00,1706587200,7.3,7.78,9.76,662.1,493.2,3.38,0.297,0.103,3.42,,,Ⅲ
2024-01-30T16:00:00+08:00,1706601600,7.7,7.77,9.63,668.0,480.5,3.39,0.294,0.1,3.48,,,Ⅲ
2024-01-30T20:00:00+08:00,1706616000,7.7,7.78,9.75,677.1,220.1,3.34,0.277,0.102,3.45,,,Ⅲ
2024-01-31T04:00:00+08:00,1706644800,7.9,7.75,9.48,661.7,389.1,3.58,0.297,0.101,3.41,,,Ⅲ
2024-01-31T08:00:00+08:00,1706659200,7.9,7.75,9.53,673.3,136.5,3.5,0.274,0.1,3.4,,,Ⅲ
2024-01-31T12:00:00+08:00,1706673600,8.2,7.75,9.48,663.2,161.1,3.54,0.28,0.1,3.49,,,Ⅲ
2024-01-31T16:00:00+08:00,1706688000,8.5,7.73,9.33,656.7,71.9,3.33,0.288,0.102,3.47,,,Ⅲ
2024-01-31T20:00:00+08:00,1706702400,8.6,7.75,9.42,671.2,60.1,3.33,0.27,0.098,3.4,,,Ⅱ
2024-02-01T04:00:00+08:00,1706731200,8.7,7.71,9.17,651.2,74.4,3.37,0.295,0.1,3.51,,,Ⅲ
2024-02-01T08:00:00+08:00,1706745600,8.8,7.72,9.18,660.0,58.1,3.24,0.282,0.102,3.5,,,Ⅲ
2024-02-01T16:00:00+08:00,1706774400,8.9,7.71,9.08,638.8,62.7,3.16,0.324,0.107,3.56,,,Ⅲ
2024-02-01T20:00:00+08:00,1706788800,8.9,7.72,9.21,653.4,60.7,3.29,0.313,0.104,3.58,,,Ⅲ
2024-02-02T04:00:00+08:00,1706817600,8.7,7.69,9.05,635.4,63.5,3.27,0.358,0.111,3.7,,,Ⅲ
2024-02-02T08:00:00+08:00,1706832000,8.7,7.67,9.04,628.3,59.2,3.43,0.399,0.11,3.98,,,Ⅲ
2024-02-02T12:00:00+08:00,1706846400,8.7,7.67,9.08,629.8,66.9,3.49,0.387,0.108,4.22,,,Ⅲ
2024-02-02T16:00:00+08:00,1706860800,8.7,7.66,9.1,615.1,62.5,3.65,0.461,0.134,4.09,,,Ⅲ
2024-02-02T20:00:00+08:00,1706875200,8.5,7.67,9.06,604.3,66.2,3.54,0.468,0.125,4.3,,,Ⅲ
2024-02-03T00:00:00+08:00,1706889600,8.5,7.66,9.0,609.2,61.0,3.49,0.479,0.118,4.19,,,Ⅲ
2024-02-03T04:00:00+08:00,1706904000,8.4,7.65,8.95,603.1,62.4,3.37,0.534,0.121,4.51,,,Ⅲ
2024-02-03T08:00:00+08:00,1706918400,8.4,7.62,8.83,617.7,55.0,3.7,0.61,0.122,,,,Ⅲ
2024-02-03T12:00:00+08:00,1706932800,8.4,7.64,8.84,623.2,52.9,3.75,0.582,0.12,4.9,,,Ⅲ
2024-02-03T16:00:00+08:00,1706947200,8.5,7.61,8.76,625.6,57.2,3.73,0.628,0.121,5.44,,,Ⅲ
2024-02-03T20:00:00+08:00,1706961600,8.4,7.61,8.77,617.8,53.7,3.58,0.665,0.125,,,,Ⅲ
2024-02-04T00:00:00+08:00,1706976000,8.3,7.6,8.77,618.4,52.4,3.69,0.641,0.128,5.29,,,Ⅲ
2024-02-04T04:00:00+08:00,1706990400,8.3,7.6,8.73,615.4,56.7,3.71,0.65,0.122,5.51,,,Ⅲ
2024-02-04T08:00:00+08:00,1707004800,8.2,7.6,8.7,618.5,48.8,3.64,0.704,0.128,6.24,,,Ⅲ
2024-02-04T12:00:00+08:00,1707019200,8.2,7.6,8.7,627.5,55.5,3.91,0.709,0.124,5.37,,,Ⅲ
2024-02-04T16:00:00+08:00,1707033600,8.2,7.59,8.69,620.9,50.5,3.8,0.721,0.126,,,,Ⅲ
2024-02-04T20:00:00+08:00,1707048000,8.1,7.59,8.7,609.3,53.2,3.71,0.712,0.126,5.02,,,Ⅲ
2024-02-05T00:00:00+08:00,1707062400,7.9,7.57,8.68,619.0,49.9,3.73,0.789,0.13,5.34,,,Ⅲ
2024-02-05T04:00:00+08:00,1707076800,7.7,7.57,8.73,622.2,52.4,3.84,0.829,0.135,5.35,,,Ⅲ
2024-02-05T08:00:00+08:00,1707091200,7.5,7.56,8.62,646.6,50.5,3.98,0.923,0.136,5.99,,,Ⅲ
2024-02-05T12:00:00+08:00,1707105600,7.4,7.58,8.93,651.2,45.8,4.17,0.92,0.133,6.05,,,Ⅲ
2024-02-05T16:00:00+08:00,1707120000,7.4,7.57,8.88,651.3,45.1,4.04,0.941,0.133,5.97,,,Ⅲ
2024-02-05T20:00:00+08:00,1707134400,7.2,7.59,8.97,644.0,51.2,4.14,0.81,0.133,5.76,,,Ⅲ
2024-02-06T00:00:00+08:00,1707148800,7.2,7.6,8.99,637.1,48.4,4.15,0.854,0.134,5.74,,,Ⅲ
2024-02-06T04:00:00+08:00,1707163200,7.1,7.58,8.86,647.1,48.5,3.95,0.86,0.133,5.96,,,Ⅲ
2024-02-06T08:00:00+08:00,1707177600,7.1,7.6,8.89,635.5,45.8,3.96,0.849,0.133,5.78,,,Ⅲ
2024-02-06T12:00:00+08:00,1707192000,7.1,7.57,8.74,664.3,41.7,4.01,0.912,0.134,6.1,,,Ⅲ
2024-02-06T16:00:00+08:00,1707206400,7.0,7.56,8.69,678.0,40.6,4.46,0.975,0.137,6.32,,,Ⅲ
2024-02-06T20:00:00+08:00,1707220800,7.0,7.57,8.74,662.2,44.6,4.19,0.904,0.136,6.07,,,Ⅲ
2024-02-07T04:00:00+08:00,1707249600,6.8,7.56,8.66,649.0,46.8,3.98,0.862,0.136,5.84,,,Ⅲ
2024-02-07T08:00:00+08:00,1707264000,6.8,7.56,8.65,645.0,42.4,4.05,0.844,0.134,5.86,,,Ⅲ
2024-02-17T04:00:00+08:00,1708113600,10.7,7.39,7.47,595.1,46.8,4.46,0.694,0.139,6.41,,,Ⅲ
2024-02-17T08:00:00+08:00,1708128000,10.7,7.39,7.46,599.9,42.3,4.51,0.644,0.139,6.42,,,Ⅲ
2024-02-17T12:00:00+08:00,1708142400,11.1,7.41,7.43,599.4,63.7,4.5,0.611,0.138,6.35,,,Ⅲ
2024-02-17T16:00:00+08:00,1708156800,11.4,7.4,7.47,600.4,50.8,4.37,0.577,0.136,6.29,,,Ⅲ
2024-02-17T20:00:00+08:00,1708171200,11.4,7.4,7.48,596.0,57.8,4.46,0.614,0.14,6.35,,,Ⅲ
2024-02-18T00:00:00+08:00,1708185600,11.4,7.39,7.35,599.3,52.4,4.58,0.606,0.138,6.3,,,Ⅲ
2024-02-18T04:00:00+08:00,1708200000,11.4,7.4,7.4,589.8,52.4,4.3,0.645,0.138,6.32,,,Ⅲ
2024-02-18T08:00:00+08:00,1708214400,11.5,7.38,7.29,598.0,54.0,4.38,0.605,0.134,6.31,,,Ⅲ
2024-02-18T12:00:00+08:00,1708228800,12.3,7.4,7.44,600.0,61.8,4.62,0.525,0.135,6.27,,,Ⅲ
2024-02-18T16:00:00+08:00,1708243200,12.7,7.41,7.42,595.9,70.1,4.48,0.509,0.13,6.13,,,Ⅲ
2024-02-18T20:00:00+08:00,1708257600,12.8,7.38,7.32,586.5,70.5,4.36,0.56,0.139,6.23,,,Ⅲ
2024-02-19T00:00:00+08:00,1708272000,12.9,7.38,7.25,589.3,79.4,4.44,0.545,0.134,6.27,,,Ⅲ
2024-02-19T04:00:00+08:00,1708286400,12.9,7.38,7.08,592.7,88.0,4.34,0.564,0.137,6.28,,,Ⅲ
2024-02-19T08:00:00+08:00,1708300800,12.9,7.37,6.99,596.2,74.2,4.5,0.529,0.133,6.26,,,Ⅲ
2024-02-19T12:00:00+08:00,1708315200,13.2,7.38,7.17,597.0,78.3,4.6,0.447,0.131,6.25,,,Ⅲ
2024-02-19T16:00:00+08:00,1708329600,13.7,7.38,7.22,607.2,139.9,4.55,0.442,0.127,6.22,,,Ⅲ
2024-02-19T20:00:00+08:00,1708344000,13.6,7.38,7.18,599.0,86.0,4.52,0.498,0.134,6.21,,,Ⅲ
2024-02-20T00:00:00+08:00,1708358400,13.5,7.37,7.24,588.3,104.4,4.62,0.536,0.137,6.16,,,Ⅲ
2024-02-20T04:00:00+08:00,1708372800,13.5,7.37,7.17,588.2,144.4,4.48,0.535,0.136,6.2,,,Ⅲ
2024-02-20T08:00:00+08:00,1708387200,13.5,7.37,7.02,589.6,115.7,4.25,0.507,0.131,6.22,,,Ⅲ
2024-02-20T12:00:00+08:00,1708401600,13.5,7.38,7.2,589.2,142.8,4.4,0.492,0.133,6.15,,,Ⅲ
2024-02-20T16:00:00+08:00,1708416000,13.3,7.36,6.88,595.4,314.0,4.48,0.453,0.131,6.23,,,Ⅲ
2024-02-20T20:00:00+08:00,1708430400,13.3,7.38,6.92,593.6,186.2,4.25,0.48,0.131,6.17,,,Ⅲ
2024-02-21T00:00:00+08:00,1708444800,13.2,7.38,7.04,585.1,124.8,4.5,0.479,0.136,6.13,,,Ⅲ
2024-02-21T04:00:00+08:00,1708459200,13.1,7.38,6.92,583.7,190.9,4.35,0.462,0.13,6.06,,,Ⅲ
2024-02-21T08:00:00+08:00,1708473600,13.0,7.38,6.93,584.0,96.5,4.35,0.457,0.131,6.15,,,Ⅲ
2024-02-21T12:00:00+08:00,1708488000,12.9,7.38,6.99,586.9,112.9,4.34,0.452,0.134,6.09,,,Ⅲ
2024-02-21T16:00:00+08:00,1708502400,12.6,7.41,7.3,588.4,45.6,4.19,0.442,0.133,,,,Ⅲ
2024-02-21T20:00:00+08:00,1708516800,11.9,7.42,6.86,592.0,311.6,4.29,0.439,0.131,6.11,,,Ⅲ
2024-02-22T00:00:00+08:00,1708531200,11.5,7.42,6.91,585.0,57.7,4.38,0.456,0.136,6.07,,,Ⅲ
2024-02-22T04:00:00+08:00,1708545600,10.9,7.42,7.17,588.6,82.3,4.37,0.448,0.139,6.18,,,Ⅲ
2024-02-22T08:00:00+08:00,1708560000,10.8,7.43,7.24,583.5,41.2,4.35,0.465,0.138,6.3,,,Ⅲ
2024-02-22T12:00:00+08:00,1708574400,10.3,7.44,7.45,576.3,275.4,4.46,0.484,0.142,6.39,,,Ⅲ
2024-02-22T16:00:00+08:00,1708588800,10.1,7.43,7.4,580.4,51.8,4.58,0.489,0.154,6.5,,,Ⅲ
2024-02-22T20:00:00+08:00,1708603200,9.8,7.43,7.45,584.7,42.9,4.61,0.488,0.151,6.56,,,Ⅲ
2024-02-23T00:00:00+08:00,1708617600,9.5,7.43,7.54,577.8,40.0,4.52,0.51,0.156,6.68,,,Ⅲ
2024-02-23T04:00:00+08:00,1708632000,9.3,7.44,7.54,579.0,42.1,4.47,0.504,0.15,6.7,,,Ⅲ
2024-02-23T08:00:00+08:00,1708646400,9.2,7.44,7.55,579.0,37.5,4.46,0.476,0.149,6.69,,,Ⅲ
2024-02-23T12:00:00+08:00,1708660800,9.3,7.46,7.66,573.6,39.0,4.47,0.454,0.144,6.34,,,Ⅲ
2024-02-23T16:00:00+08:00,1708675200,9.0,7.46,7.77,583.3,44.5,4.57,0.472,0.151,6.46,,,Ⅲ
2024-02-23T20:00:00+08:00,1708689600,8.8,7.44,7.62,584.1,39.2,4.35,0.458,0.145,6.61,,,Ⅲ
2024-02-24T00:00:00+08:00,1708704000,8.8,7.47,7.72,575.6,36.2,4.47,0.449,0.138,6.4,,,Ⅲ
2024-02-24T04:00:00+08:00,1708718400,8.6,7.47,7.79,572.6,42.5,4.48,0.446,0.14,6.3,,,Ⅲ
2024-02-24T08:00:00+08:00,1708732800,8.3,7.45,7.68,579.4,34.9,4.45,0.442,0.145,6.5,,,Ⅲ
2024-02-24T12:00:00+08:00,1708747200,8.4,7.46,7.81,574.2,33.2,4.27,0.473,0.141,6.41,,,Ⅲ
2024-02-24T16:00:00+08:00,1708761600,8.1,7.46,7.88,579.3,43.8,4.71,0.485,0.153,6.54,,,Ⅲ
2024-02-24T20:00:00+08:00,1708776000,8.0,7.45,7.84,579.9,37.3,4.37,0.447,0.147,6.62,,,Ⅲ
2024-02-25T00:00:00+08:00,1708790400,7.8,7.45,7.88,574.7,35.3,4.31,0.466,0.149,6.5,,,Ⅲ
2024-02-25T04:00:00+08:00,1708804800,7.6,7.49,8.05,563.6,37.8,4.26,0.441,0.141,6.33,,,Ⅲ
2024-02-25T08:00:00+08:00,1708819200,7.4,7.46,7.92,575.0,32.7,4.3,0.44,0.145,6.52,,,Ⅲ
2024-02-25T12:00:00+08:00,1708833600,7.3,7.47,8.07,565.1,33.7,4.34,0.437,0.145,6.38,,,Ⅲ
2024-02-25T16:00:00+08:00,1708848000,7.3,7.55,8.31,564.2,37.4,4.77,0.492,0.13,6.49,,,Ⅲ
2024-02-25T20:00:00+08:00,1708862400,7.2,7.51,8.13,575.8,39.5,4.8,0.431,0.133,6.64,,,Ⅲ
2024-02-26T00:00:00+08:00,1708876800,7.1,7.51,8.2,570.0,36.0,4.46,0.466,0.13,6.53,,,Ⅲ
2024-02-26T04:00:00+08:00,1708891200,7.0,7.53,8.26,559.6,34.5,4.18,0.455,0.124,6.44,,,Ⅲ
2024-02-26T08:00:00+08:00,1708905600,6.9,7.51,8.21,569.2,36.0,4.55,0.452,0.128,6.63,,,Ⅲ
2024-02-26T16:00:00+08:00,1708934400,7.3,7.54,8.21,561.6,43.8,4.42,0.448,0.13,6.44,,,Ⅲ
2024-02-26T20:00:00+08:00,1708948800,7.2,7.5,8.24,571.8,41.0,4.6,0.412,0.13,6.44,,,Ⅲ
2024-02-27T00:00:00+08:00,1708963200,7.2,7.51,8.18,565.0,36.7,4.31,0.423,0.126,6.52,,,Ⅲ
2024-02-27T04:00:00+08:00,1708977600,7.2,7.5,7.96,560.6,35.3,4.48,0.464,0.127,6.5,,,Ⅲ
2024-02-27T08:00:00+08:00,1708992000,7.0,7.51,8.1,568.1,36.6,4.48,0.425,0.13,6.52,,,Ⅲ
2024-02-27T12:00:00+08:00,1709006400,7.7,7.5,7.92,561.0,33.7,4.34,0.405,0.127,6.41,,,Ⅲ
2024-02-27T16:00:00+08:00,1709020800,8.0,7.48,7.78,558.4,40.2,4.41,0.443,0.141,6.35,,,Ⅲ
2024-02-27T20:00:00+08:00,1709035200,7.9,7.49,8.0,570.0,41.1,4.72,0.405,0.13,6.5,,,Ⅲ
2024-02-28T00:00:00+08:00,1709049600,7.9,7.48,7.79,563.8,36.5,4.31,0.446,0.131,6.55,,,Ⅲ
2024-02-28T04:00:00+08:00,1709064000,7.9,7.46,7.69,561.0,32.2,4.46,0.454,0.13,6.53,,,Ⅲ
2024-02-28T08:00:00+08:00,1709078400,7.8,7.47,7.79,565.4,38.1,4.3,0.418,0.129,6.07,,,Ⅲ
2024-02-28T12:00:00+08:00,1709092800,7.9,7.47,7.74,562.6,32.2,4.5,0.448,0.129,6.6,,,Ⅲ
2024-02-28T16:00:00+08:00,1709107200,8.0,7.45,7.64,561.8,28.5,4.54,0.441,0.134,6.54,,,Ⅲ
2024-02-28T20:00:00+08:00,1709121600,7.8,7.44,7.71,572.8,45.2,4.86,0.373,0.137,6.43,,,Ⅲ
2024-02-29T00:00:00+08:00,1709136000,7.9,7.46,7.67,565.4,31.2,4.3,0.413,0.131,6.57,,,Ⅲ
2024-02-29T04:00:00+08:00,1709150400,8.0,7.45,7.57,559.6,28.6,4.5,0.438,0.131,6.5,,,Ⅲ
2024-02-29T08:00:00+08:00,1709164800,7.8,7.47,7.75,568.8,38.6,4.42,0.391,0.132,6.52,,,Ⅲ
2024-03-01T04:00:00+08:00,1709236800,7.6,7.45,7.87,561.5,33.5,4.45,0.427,0.141,6.68,,,Ⅲ
2024-03-01T08:00:00+08:00,1709251200,7.3,7.43,7.86,566.8,51.9,5.09,0.402,0.15,6.47,,,Ⅲ
2024-03-01T12:00:00+08:00,1709265600,7.8,7.46,8.0,566.0,36.5,4.71,0.381,0.14,6.56,,,Ⅲ
2024-03-01T16:00:00+08:00,1709280000,8.1,7.45,7.91,563.4,36.3,4.54,0.403,0.139,6.61,,,Ⅲ
2024-03-01T20:00:00+08:00,1709294400,8.0,7.44,7.98,562.7,45.5,5.07,0.438,0.147,6.66,,,Ⅲ
2024-03-02T00:00:00+08:00,1709308800,7.8,7.44,7.85,569.4,36.6,4.8,0.419,0.142,6.71,,,Ⅲ
2024-03-02T04:00:00+08:00,1709323200,7.7,7.46,7.93,561.4,33.2,4.45,0.418,0.136,6.62,,,Ⅲ
2024-03-02T08:00:00+08:00,1709337600,7.4,7.45,7.97,566.3,33.0,4.59,0.399,0.14,6.71,,,Ⅲ
2024-03-02T12:00:00+08:00,1709352000,8.1,7.45,7.86,562.7,31.2,4.5,0.374,0.142,6.51,,,Ⅲ
2024-03-02T16:00:00+08:00,1709366400,8.3,7.46,8.04,556.2,35.2,4.55,0.381,0.137,6.58,,,Ⅲ
2024-03-02T20:00:00+08:00,1709380800,8.2,7.46,8.04,558.4,33.9,4.6,0.394,0.137,6.6,,,Ⅲ
2024-03-03T00:00:00+08:00,1709395200,8.1,7.45,7.95,557.9,30.1,4.45,0.397,0.135,6.62,,,Ⅲ
2024-03-03T04:00:00+08:00,1709409600,8.0,7.45,7.73,551.6,37.5,4.5,0.395,0.135,6.54,,,Ⅲ
2024-03-03T08:00:00+08:00,1709424000,7.9,7.44,7.71,557.7,33.9,4.67,0.383,0.135,6.62,,,Ⅲ
2024-03-03T12:00:00+08:00,1709438400,8.8,7.43,7.67,557.8,37.5,4.66,0.332,0.136,6.53,,,Ⅲ
2024-03-03T16:00:00+08:00,1709452800,9.2,7.4,7.35,562.8,35.8,5.05,0.38,0.146,6.57,,,Ⅲ
2024-03-03T20:00:00+08:00,1709467200,9.2,7.42,7.42,554.1,32.5,4.56,0.438,0.141,6.42,,,Ⅲ
2024-03-04T00:00:00+08:00,1709481600,9.1,7.42,7.37,558.3,32.3,4.75,0.426,0.14,6.54,,,Ⅲ
2024-03-04T04:00:00+08:00,1709496000,9.0,7.43,7.41,556.0,37.6,4.62,0.459,0.143,6.41,,,Ⅲ
2024-03-04T08:00:00+08:00,1709510400,9.0,7.43,7.34,561.4,34.8,4.61,0.457,0.142,6.46,,,Ⅲ
2024-03-04T12:00:00+08:00,1709524800,9.2,7.4,7.21,578.0,64.8,5.02,0.464,0.157,6.59,,,Ⅲ
2024-03-04T16:00:00+08:00,1709539200,9.3,7.43,7.35,565.5,32.9,4.68,0.431,0.14,6.55,,,Ⅲ
2024-03-04T20:00:00+08:00,1709553600,9.4,7.4,7.27,577.8,37.0,5.02,0.431,0.151,6.68,,,Ⅲ
2024-03-05T00:00:00+08:00,1709568000,9.4,7.4,7.26,573.3,35.9,5.04,0.435,0.151,6.62,,,Ⅲ
2024-03-05T08:00:00+08:00,1709596800,9.5,7.39,7.2,578.9,43.4,4.86,0.426,0.156,6.62,,,Ⅲ
2024-03-05T12:00:00+08:00,1709611200,9.6,7.38,7.12,590.4,45.9,4.98,0.443,0.16,6.77,,,Ⅲ
2024-03-05T16:00:00+08:00,1709625600,9.6,7.38,7.14,582.0,38.0,5.18,0.427,0.154,6.72,,,Ⅲ
2024-03-05T20:00:00+08:00,1709640000,9.6,7.39,7.18,577.4,44.0,5.05,0.414,0.154,6.65,,,Ⅲ
2024-03-06T00:00:00+08:00,1709654400,9.6,7.41,7.27,563.6,45.0,4.91,0.408,0.155,6.34,,,Ⅲ
2024-03-06T04:00:00+08:00,1709668800,9.5,7.41,7.22,563.7,42.3,4.94,0.396,0.149,6.35,,,Ⅲ
2024-03-06T08:00:00+08:00,1709683200,9.5,7.42,7.31,559.8,44.8,4.89,0.372,0.149,6.25,,,Ⅲ
2024-03-06T12:00:00+08:00,1709697600,9.6,7.43,7.3,563.0,89.6,5.23,0.398,0.175,6.06,,,Ⅲ
2024-03-06T16:00:00+08:00,1709712000,10.0,7.41,7.13,576.0,47.6,4.99,0.398,0.154,6.4,,,Ⅲ
2024-03-06T20:00:00+08:00,1709726400,9.8,7.41,7.16,574.4,45.8,5.37,0.416,0.18,6.26,,,Ⅲ
2024-03-07T00:00:00+08:00,1709740800,9.6,7.43,7.38,561.9,51.4,4.99,0.371,0.152,6.27,,,Ⅲ
2024-03-07T04:00:00+08:00,1709755200,9.5,7.42,7.3,562.1,46.8,4.87,0.364,0.148,6.28,,,Ⅲ
2024-03-07T08:00:00+08:00,1709769600,9.5,7.42,7.29,558.4,44.3,4.61,0.361,0.145,6.15,,,Ⅲ
2024-03-07T12:00:00+08:00,1709784000,9.9,7.44,7.47,562.0,50.8,4.96,0.304,0.143,6.01,,,Ⅲ
2024-03-07T16:00:00+08:00,1709798400,10.2,7.41,7.07,569.5,79.1,5.32,0.346,0.165,6.06,,,Ⅲ
2024-03-07T20:00:00+08:00,1709812800,10.1,7.43,7.31,563.0,54.1,5.05,0.324,0.158,6.12,,,Ⅲ
2024-03-08T00:00:00+08:00,1709827200,10.1,7.42,7.14,562.1,53.8,4.65,0.373,0.148,5.99,,,Ⅲ
2024-03-08T04:00:00+08:00,1709841600,10.1,7.42,7.05,562.1,59.8,4.72,0.381,0.148,6.08,,,Ⅲ
2024-03-08T08:00:00+08:00,1709856000,10.0,7.4,7.06,566.6,49.0,4.89,0.35,0.146,6.19,,,Ⅲ
2024-03-08T12:00:00+08:00,1709870400,10.6,7.41,7.17,565.2,55.7,4.75,0.303,0.145,6.09,,,Ⅲ
2024-03-08T16:00:00+08:00,1709884800,10.9,7.41,7.34,570.5,70.6,4.99,0.349,0.155,5.97,,,Ⅲ
2024-03-08T20:00:00+08:00,1709899200,10.8,7.41,7.22,570.5,55.4,5.0,0.347,0.142,6.1,,,Ⅲ
2024-03-09T04:00:00+08:00,1709928000,10.4,7.42,7.23,565.3,57.1,4.82,0.362,0.145,6.11,,,Ⅲ
2024-03-09T08:00:00+08:00,1709942400,10.4,7.42,7.27,565.6,47.5,4.77,0.343,0.145,6.12,,,Ⅲ
2024-03-09T12:00:00+08:00,1709956800,10.9,7.41,7.23,562.5,51.4,4.99,0.31,0.153,5.99,,,Ⅲ
2024-03-09T16:00:00+08:00,1709971200,11.7,7.4,7.11,565.7,51.6,4.81,0.302,0.152,6.09,,,Ⅲ
2024-03-09T20:00:00+08:00,1709985600,11.3,7.4,7.12,569.8,53.4,4.8,0.316,0.153,6.12,,,Ⅲ
2024-03-10T04:00:00+08:00,1710014400,10.8,7.4,7.11,566.0,52.5,4.84,0.328,0.147,6.12,,,Ⅲ
2024-03-10T08:00:00+08:00,1710028800,10.8,7.39,7.14,569.3,47.8,4.65,0.311,0.15,6.08,,,Ⅲ
2024-03-10T12:00:00+08:00,1710043200,11.7,7.41,7.15,561.8,52.7,4.96,0.26,0.149,5.97,,,Ⅲ
2024-03-10T16:00:00+08:00,1710057600,12.3,7.42,7.18,561.6,55.6,4.84,0.255,0.147,5.83,,,Ⅲ
2024-03-10T20:00:00+08:00,1710072000,12.0,7.41,6.98,570.0,60.4,4.94,0.288,0.148,6.08,,,Ⅲ
2024-03-11T04:00:00+08:00,1710100800,11.6,7.42,7.12,563.9,49.1,4.7,0.285,0.147,5.96,,,Ⅲ
2024-03-11T08:00:00+08:00,1710115200,11.6,7.42,7.01,568.9,52.7,4.84,0.274,0.144,6.13,,,Ⅲ
2024-03-11T12:00:00+08:00,1710129600,11.7,7.43,7.01,563.2,51.5,4.76,0.275,0.146,5.95,,,Ⅲ
2024-03-11T16:00:00+08:00,1710144000,12.2,7.43,7.03,561.3,57.2,4.78,0.252,0.148,5.85,,,Ⅲ
2024-03-11T20:00:00+08:00,1710158400,12.1,7.42,6.89,569.7,66.3,4.86,0.252,0.144,6.04,,,Ⅲ
2024-03-12T00:00:00+08:00,1710172800,11.9,7.42,6.93,562.1,52.5,4.82,0.279,0.147,5.91,,,Ⅲ
2024-03-12T04:00:00+08:00,1710187200,11.8,7.42,6.86,560.5,51.9,4.72,0.282,0.145,5.77,,,Ⅲ
2024-03-12T08:00:00+08:00,1710201600,11.8,7.42,6.89,566.5,49.8,4.66,0.25,0.141,5.93,,,Ⅲ
2024-03-12T12:00:00+08:00,1710216000,12.4,7.43,6.91,561.7,49.5,4.61,0.215,0.136,5.74,,,Ⅲ
2024-03-12T16:00:00+08:00,1710230400,12.8,7.43,7.08,561.0,53.4,4.65,0.23,0.145,5.69,,,Ⅲ
2024-03-12T20:00:00+08:00,1710244800,12.5,7.44,6.93,570.0,62.4,4.78,0.242,0.153,5.84,,,Ⅲ
2024-03-13T00:00:00+08:00,1710259200,12.4,7.43,6.86,565.2,49.8,4.56,0.258,0.136,5.89,,,Ⅲ
2024-03-13T04:00:00+08:00,1710273600,12.2,7.42,6.85,558.3,52.0,4.62,0.282,0.143,5.74,,,Ⅲ
2024-03-13T08:00:00+08:00,1710288000,12.0,7.43,6.85,569.4,53.2,4.75,0.24,0.146,5.92,,,Ⅲ
2024-03-13T16:00:00+08:00,1710316800,12.9,7.44,7.12,560.4,51.5,4.59,0.23,0.138,5.64,,,Ⅲ
2024-03-13T20:00:00+08:00,1710331200,12.9,7.44,7.01,565.9,52.2,4.54,0.213,0.133,5.75,,,Ⅲ
2024-03-14T00:00:00+08:00,1710345600,12.7,7.43,6.89,560.2,51.8,4.66,0.234,0.138,5.69,,,Ⅲ
2024-03-14T04:00:00+08:00,1710360000,12.7,7.43,6.85,557.9,58.7,4.5,0.247,0.142,5.61,,,Ⅲ
2024-03-14T08:00:00+08:00,1710374400,12.6,7.42,6.73,564.6,54.5,4.48,0.214,0.136,5.64,,,Ⅲ
2024-03-14T12:00:00+08:00,1710388800,12.8,7.43,6.95,564.9,51.0,4.81,0.197,0.134,5.66,,,Ⅲ
2024-03-14T16:00:00+08:00,1710403200,12.8,7.43,6.82,561.3,57.4,4.5,0.225,0.137,5.56,,,Ⅲ
2024-03-14T20:00:00+08:00,1710417600,12.8,7.42,6.79,565.6,52.6,4.39,0.202,0.133,5.7,,,Ⅲ
2024-03-15T00:00:00+08:00,1710432000,12.8,7.42,6.79,562.2,49.4,4.38,0.225,0.138,5.57,,,Ⅲ
2024-03-15T04:00:00+08:00,1710446400,12.6,7.43,6.73,556.2,57.4,4.5,0.266,0.136,5.49,,,Ⅲ
2024-03-15T08:00:00+08:00,1710460800,12.6,7.42,6.73,564.4,54.9,4.61,0.208,0.132,5.59,,,Ⅲ
2024-03-15T16:00:00+08:00,1710489600,13.6,7.43,6.69,560.6,54.4,4.52,0.189,0.138,5.42,,,Ⅲ
2024-03-17T04:00:00+08:00,1710619200,14.5,7.42,6.53,559.3,57.0,4.52,0.204,0.129,5.24,,,Ⅲ
2024-03-17T08:00:00+08:00,1710633600,14.5,7.41,6.49,560.5,49.1,4.39,0.189,0.13,5.19,,,Ⅲ
2024-03-17T12:00:00+08:00,1710648000,14.6,7.42,6.47,561.8,43.7,4.34,0.171,0.126,5.28,,,Ⅲ
2024-03-18T08:00:00+08:00,1710720000,13.8,7.43,6.6,558.4,50.8,4.24,0.203,0.127,5.12,,,Ⅲ
2024-03-18T12:00:00+08:00,1710734400,14.0,7.44,6.61,562.1,49.3,4.64,0.189,0.137,5.12,,,Ⅲ
2024-03-18T16:00:00+08:00,1710748800,13.9,7.43,6.63,560.0,50.3,4.56,0.183,0.129,5.09,,,Ⅲ
2024-03-18T20:00:00+08:00,1710763200,13.8,7.43,6.6,557.4,56.7,4.45,0.198,0.131,5.04,,,Ⅲ
2024-03-19T00:00:00+08:00,1710777600,13.7,7.42,6.34,562.1,54.8,4.36,0.195,0.128,5.03,,,Ⅲ
2024-03-19T04:00:00+08:00,1710792000,13.5,7.41,6.25,564.5,60.8,4.68,0.204,0.128,5.03,,,Ⅲ
2024-03-19T08:00:00+08:00,1710806400,13.4,7.41,6.28,566.6,57.0,4.48,0.185,0.124,5.04,,,Ⅲ
2024-03-19T12:00:00+08:00,1710820800,14.0,7.42,6.46,566.6,51.9,4.45,0.145,0.124,4.93,,,Ⅲ
2024-03-19T16:00:00+08:00,1710835200,14.5,7.47,6.78,568.1,46.5,,,,4.99,,,
2024-03-19T20:00:00+08:00,1710849600,14.5,7.46,6.9,590.8,51.5,4.7,0.209,0.132,4.93,,,Ⅲ
2024-03-20T00:00:00+08:00,1710864000,14.2,7.45,6.95,594.1,43.7,4.35,0.192,0.133,5.06,,,Ⅲ
2024-03-20T04:00:00+08:00,1710878400,14.1,7.44,6.82,595.5,38.2,4.39,0.193,0.121,5.02,,,Ⅲ
2024-03-20T08:00:00+08:00,1710892800,14.0,7.44,6.81,590.6,37.1,4.15,0.179,0.121,5.0,,,Ⅲ
2024-03-20T12:00:00+08:00,1710907200,14.7,7.45,7.09,590.3,52.3,4.55,0.142,0.129,4.36,,,Ⅲ
2024-03-20T16:00:00+08:00,1710921600,15.0,7.46,7.2,594.2,39.1,4.34,0.122,0.124,4.95,,,Ⅲ
2024-03-20T20:00:00+08:00,1710936000,14.7,7.45,6.96,591.3,44.6,4.42,0.153,0.122,4.89,,,Ⅲ
2024-03-21T04:00:00+08:00,1710964800,14.4,7.46,6.94,595.1,63.2,4.52,0.178,0.123,4.79,,,Ⅲ
2024-03-21T08:00:00+08:00,1710979200,14.5,7.46,6.88,593.0,48.4,4.45,0.177,0.118,4.83,,,Ⅲ
2024-03-21T12:00:00+08:00,1710993600,14.9,7.46,7.07,597.6,46.3,4.29,0.123,0.12,4.74,,,Ⅲ
2024-03-21T16:00:00+08:00,1711008000,15.4,7.48,7.19,598.8,41.3,4.17,0.109,0.114,4.78,,,Ⅲ
2024-03-21T20:00:00+08:00,1711022400,15.1,7.48,7.11,596.9,42.2,4.35,0.125,0.111,4.81,,,Ⅲ
2024-03-22T04:00:00+08:00,1711051200,14.9,7.5,7.1,597.4,39.1,4.12,0.136,0.112,4.83,,,Ⅲ
2024-03-22T08:00:00+08:00,1711065600,15.0,7.49,7.11,598.2,44.5,4.24,0.121,0.112,4.73,,,Ⅲ
2024-03-22T12:00:00+08:00,1711080000,15.6,7.5,7.25,598.4,45.7,4.3,0.108,0.116,4.62,,,Ⅲ
2024-03-22T16:00:00+08:00,1711094400,16.0,7.52,7.37,603.5,51.0,4.34,0.098,0.115,4.59,,,Ⅲ
2024-03-22T20:00:00+08:00,1711108800,15.9,7.5,7.18,602.2,41.4,4.39,0.102,0.11,4.72,,,Ⅲ
2024-03-23T04:00:00+08:00,1711137600,15.9,7.49,7.01,606.4,42.6,4.24,0.094,0.112,4.68,,,Ⅲ
2024-03-23T08:00:00+08:00,1711152000,16.0,7.49,7.01,606.2,36.5,4.34,0.087,0.108,4.69,,,Ⅲ
2024-03-23T12:00:00+08:00,1711166400,16.6,7.5,7.08,600.4,46.0,4.22,0.086,0.11,4.58,,,Ⅲ
2024-03-23T16:00:00+08:00,1711180800,16.6,7.5,7.1,604.4,51.8,,0.085,0.113,4.59,,,
2024-03-23T20:00:00+08:00,1711195200,16.6,7.49,6.96,607.0,46.8,4.15,0.082,0.112,4.56,,,Ⅲ
2024-03-24T04:00:00+08:00,1711224000,16.5,7.48,6.79,603.6,44.1,4.2,0.088,0.11,4.64,,,Ⅲ
2024-03-24T08:00:00+08:00,1711238400,16.6,7.48,6.69,606.1,39.5,4.1,0.076,0.106,4.65,,,Ⅲ
2024-03-24T12:00:00+08:00,1711252800,17.0,7.49,6.82,600.4,40.8,4.33,0.073,0.109,4.6,,,Ⅲ
2024-03-24T16:00:00+08:00,1711267200,17.5,7.49,6.79,604.6,63.4,4.28,0.078,0.118,4.53,,,Ⅲ
2024-03-24T20:00:00+08:00,1711281600,17.5,7.49,6.74,604.5,43.6,4.36,0.068,0.106,4.6,,,Ⅲ
2024-03-25T04:00:00+08:00,1711310400,17.4,7.47,6.64,605.7,49.1,4.36,0.072,0.108,4.61,,,Ⅲ
2024-03-25T08:00:00+08:00,1711324800,17.4,7.46,6.51,603.9,39.1,4.19,0.067,0.103,4.63,,,Ⅲ
2024-03-25T12:00:00+08:00,1711339200,17.8,7.49,6.63,601.9,44.2,4.17,0.063,0.11,4.44,,,Ⅲ
2024-03-25T16:00:00+08:00,1711353600,18.0,7.52,6.94,603.5,54.4,4.08,0.063,0.105,4.5,,,Ⅲ
2024-03-25T20:00:00+08:00,1711368000,17.8,7.5,6.75,606.8,47.8,4.42,0.071,0.109,4.55,,,Ⅲ
2024-03-26T04:00:00+08:00,1711396800,17.2,7.53,6.95,599.7,42.4,4.08,0.07,0.099,4.46,,,Ⅲ
2024-03-26T08:00:00+08:00,1711411200,17.0,7.52,6.86,602.8,39.7,4.18,0.062,0.103,4.48,,,Ⅲ
2024-03-26T12:00:00+08:00,1711425600,17.3,7.54,7.11,598.4,44.7,4.07,0.067,0.103,4.37,,,Ⅲ
2024-03-26T16:00:00+08:00,1711440000,17.4,7.57,7.31,598.0,47.1,4.15,0.069,0.101,4.36,,,Ⅲ
2024-03-26T20:00:00+08:00,1711454400,17.2,7.54,6.96,602.4,48.3,4.2,0.067,0.099,4.46,,,Ⅲ
2024-03-27T00:00:00+08:00,1711468800,16.8,7.54,7.09,598.5,46.2,4.15,0.078,0.102,4.42,,,Ⅲ
2024-03-27T04:00:00+08:00,1711483200,16.6,7.54,7.02,598.6,49.9,4.19,0.08,0.1,4.42,,,Ⅲ
2024-03-27T08:00:00+08:00,1711497600,16.6,7.54,7.0,602.8,42.1,4.04,0.067,0.098,4.43,,,Ⅲ
2024-03-27T12:00:00+08:00,1711512000,16.8,7.58,7.41,599.6,42.7,4.12,0.068,0.101,4.32,,,Ⅲ
2024-03-27T16:00:00+08:00,1711526400,17.0,7.62,7.6,598.8,43.5,4.29,0.067,0.105,4.32,,,Ⅲ
2024-03-27T20:00:00+08:00,1711540800,16.8,7.59,7.41,603.4,43.0,4.02,0.062,0.098,4.37,,,Ⅲ
2024-03-28T00:00:00+08:00,1711555200,16.7,7.59,7.27,599.5,41.8,4.17,0.067,0.099,4.32,,,Ⅲ
2024-03-28T04:00:00+08:00,1711569600,16.6,7.59,7.28,598.4,41.1,4.2,0.067,0.1,4.33,,,Ⅲ
2024-03-28T08:00:00+08:00,1711584000,16.5,7.58,7.24,596.8,49.5,3.96,0.065,0.106,4.33,,,Ⅲ
2024-03-28T12:00:00+08:00,1711598400,16.6,7.59,7.22,598.1,41.5,3.91,0.062,0.099,4.34,,,Ⅱ
2024-03-28T16:00:00+08:00,1711612800,16.6,7.58,7.25,594.8,42.9,4.04,0.076,0.101,4.34,,,Ⅲ
2024-03-28T20:00:00+08:00,1711627200,16.4,7.58,7.18,596.6,40.5,3.88,0.068,0.1,4.34,,,Ⅲ
2024-03-29T00:00:00+08:00,1711641600,16.2,7.54,7.03,593.5,46.3,4.1,0.093,0.105,4.27,,,Ⅲ
2024-03-29T04:00:00+08:00,1711656000,16.0,7.54,6.93,597.7,48.0,3.83,0.126,0.106,4.21,,,Ⅲ
2024-03-29T08:00:00+08:00,1711670400,16.0,7.54,7.03,596.3,43.3,4.06,0.08,0.104,4.33,,,Ⅲ
2024-03-29T12:00:00+08:00,1711684800,16.7,7.54,7.01,597.5,44.8,4.22,0.082,0.106,4.18,,,Ⅲ
2024-03-29T16:00:00+08:00,1711699200,17.6,7.54,6.95,597.0,53.2,4.12,0.097,0.108,4.14,,,Ⅲ
2024-03-29T20:00:00+08:00,1711713600,17.4,7.53,6.78,596.9,44.0,4.03,0.097,0.105,4.24,,,Ⅲ
2024-03-30T00:00:00+08:00,1711728000,17.5,7.53,6.72,595.3,48.0,3.86,0.094,0.104,4.24,,,Ⅲ
2024-03-30T04:00:00+08:00,1711742400,17.5,7.54,6.75,593.4,50.4,4.13,0.092,0.106,4.16,,,Ⅲ
2024-03-30T08:00:00+08:00,1711756800,17.4,7.52,6.63,598.1,48.2,4.04,0.084,0.112,4.2,,,Ⅲ
2024-03-30T12:00:00+08:00,1711771200,18.0,7.54,6.74,595.8,43.9,4.06,0.071,0.103,4.1,,,Ⅲ
2024-03-30T16:00:00+08:00,1711785600,18.9,7.58,6.97,596.7,38.7,4.06,0.071,0.103,4.1,,,Ⅲ
2024-03-30T20:00:00+08:00,1711800000,18.7,7.54,6.8,598.6,34.0,3.67,0.08,0.125,4.24,,,Ⅲ
2024-03-31T00:00:00+08:00,1711814400,18.7,7.54,6.78,598.4,33.7,3.45,0.078,0.116,4.27,,,Ⅲ
2024-03-31T04:00:00+08:00,1711828800,18.4,7.54,6.71,600.6,41.9,3.77,0.092,0.114,4.12,,,Ⅲ
2024-03-31T08:00:00+08:00,1711843200,18.3,7.52,6.63,602.8,38.6,3.47,0.076,0.119,4.17,,,Ⅲ
2024-03-31T12:00:00+08:00,1711857600,18.3,7.54,6.73,603.3,29.3,3.61,0.069,0.115,4.21,,,Ⅲ
2024-03-31T16:00:00+08:00,1711872000,18.7,7.54,6.76,604.3,32.7,3.62,0.07,0.12,4.11,,,Ⅲ
2024-03-31T20:00:00+08:00,1711886400,18.6,7.54,6.61,605.0,29.6,3.61,0.069,0.108,4.19,,,Ⅲ
2024-04-01T00:00:00+08:00,1711900800,18.5,7.53,6.56,602.9,31.1,3.48,0.072,0.113,4.09,,,Ⅲ
2024-04-01T04:00:00+08:00,1711915200,18.2,7.53,6.65,599.2,38.6,3.46,0.082,0.116,4.12,,,Ⅲ
2024-04-01T08:00:00+08:00,1711929600,18.1,7.52,6.65,602.0,34.7,3.71,0.072,0.119,4.16,,,Ⅲ
2024-04-01T12:00:00+08:00,1711944000,18.9,7.54,6.94,603.7,29.5,3.64,0.058,0.11,4.1,,,Ⅲ
2024-04-01T16:00:00+08:00,1711958400,19.3,7.55,6.91,601.1,41.5,3.67,0.067,0.114,3.95,,,Ⅲ
2024-04-01T20:00:00+08:00,1711972800,19.2,7.57,6.98,600.4,35.7,3.63,0.067,0.114,4.0,,,Ⅲ
2024-04-02T04:00:00+08:00,1712001600,18.8,7.56,6.78,599.0,45.0,3.66,0.079,0.115,3.86,,,Ⅲ
2024-04-02T08:00:00+08:00,1712016000,18.8,7.55,6.91,601.1,40.2,3.64,0.07,0.111,3.93,,,Ⅲ
2024-04-02T12:00:00+08:00,1712030400,19.1,7.54,6.8,601.8,35.4,3.48,0.06,0.109,3.92,,,Ⅲ
2024-04-02T16:00:00+08:00,1712044800,19.3,7.56,6.92,604.2,41.1,3.62,0.061,0.109,3.94,,,Ⅲ
2024-04-02T20:00:00+08:00,1712059200,19.3,7.58,7.14,597.0,42.2,3.56,0.062,0.111,3.87,,,Ⅲ
2024-04-03T00:00:00+08:00,1712073600,19.3,7.58,7.07,600.4,36.2,3.55,0.06,0.108,3.91,,,Ⅲ
2024-04-03T04:00:00+08:00,1712088000,19.2,7.54,6.71,601.9,48.1,3.81,0.071,0.11,3.85,,,Ⅲ
2024-04-03T08:00:00+08:00,1712102400,19.3,7.53,6.68,604.4,37.0,3.67,0.063,0.109,3.86,,,Ⅲ
2024-04-03T12:00:00+08:00,1712116800,19.5,7.54,6.83,608.1,40.7,3.7,0.065,0.111,3.82,,,Ⅲ
2024-04-03T16:00:00+08:00,1712131200,19.6,7.56,6.88,606.2,35.2,3.53,0.055,0.106,3.9,,,Ⅲ
2024-04-03T20:00:00+08:00,1712145600,19.4,7.54,6.76,598.6,41.3,3.58,0.066,0.11,3.9,,,Ⅲ
2024-04-04T00:00:00+08:00,1712160000,19.3,7.57,6.84,596.4,40.1,3.64,0.071,0.108,3.8,,,Ⅲ
2024-04-04T04:00:00+08:00,1712174400,19.0,7.54,6.69,597.4,44.6,3.57,0.072,0.106,3.78,,,Ⅲ
2024-04-04T08:00:00+08:00,1712188800,18.8,7.54,6.54,594.2,45.1,3.7,0.072,0.111,3.64,,,Ⅲ
2024-04-04T12:00:00+08:00,1712203200,18.9,7.54,6.77,594.5,46.5,3.94,0.074,0.123,3.61,,,Ⅲ
2024-04-04T16:00:00+08:00,1712217600,19.1,7.54,6.7,598.5,47.7,3.63,0.067,0.114,3.71,,,Ⅲ
2024-04-04T20:00:00+08:00,1712232000,18.8,7.53,6.53,594.7,53.3,3.58,0.07,0.113,3.71,,,Ⅲ
2024-04-05T00:00:00+08:00,1712246400,18.6,7.53,6.46,590.9,48.5,3.4,0.078,0.118,3.68,,,Ⅲ
2024-04-05T04:00:00+08:00,1712260800,18.4,7.52,6.32,591.2,45.5,3.51,0.078,0.107,3.73,,,Ⅲ
2024-04-05T08:00:00+08:00,1712275200,18.2,7.51,6.35,588.2,56.4,3.7,0.086,0.117,3.61,,,Ⅲ
2024-04-05T12:00:00+08:00,1712289600,18.9,7.51,6.35,587.2,56.2,3.56,0.074,0.113,3.46,,,Ⅲ
2024-04-05T16:00:00+08:00,1712304000,19.3,7.52,6.36,598.7,50.8,3.53,0.072,0.113,3.53,,,Ⅲ
2024-04-05T20:00:00+08:00,1712318400,19.0,7.52,6.36,592.0,56.5,3.51,0.084,0.114,3.55,,,Ⅲ
2024-04-06T00:00:00+08:00,1712332800,18.9,7.5,6.22,592.6,53.4,3.63,0.08,0.116,3.61,,,Ⅲ
2024-04-06T04:00:00+08:00,1712347200,18.7,7.49,6.14,597.9,44.2,3.51,0.069,0.108,3.65,,,Ⅲ
2024-04-06T08:00:00+08:00,1712361600,18.7,7.51,6.22,592.2,52.6,3.46,0.076,0.109,3.57,,,Ⅲ
2024-04-06T12:00:00+08:00,1712376000,18.7,7.52,6.29,589.1,59.2,3.51,0.087,0.114,3.53,,,Ⅲ
2024-04-06T16:00:00+08:00,1712390400,18.8,7.51,6.28,599.0,61.1,3.58,0.078,0.11,3.54,,,Ⅲ
2024-04-06T20:00:00+08:00,1712404800,18.7,7.51,6.19,598.2,48.6,3.48,0.071,0.11,3.59,,,Ⅲ
2024-04-07T00:00:00+08:00,1712419200,18.6,7.49,6.01,592.9,58.2,3.64,0.082,0.114,,,,Ⅲ
2024-04-07T08:00:00+08:00,1712448000,18.2,7.49,5.97,594.3,51.3,3.41,0.076,0.11,3.54,,,Ⅲ
2024-04-07T16:00:00+08:00,1712476800,18.2,7.49,6.03,598.6,68.5,3.5,0.093,0.122,3.47,,,Ⅲ
2024-04-07T20:00:00+08:00,1712491200,18.1,7.49,5.98,597.6,48.5,3.4,0.076,0.111,3.54,,,Ⅲ
2024-04-08T04:00:00+08:00,1712520000,17.9,7.49,5.93,593.4,88.0,3.62,0.094,0.124,3.48,,,Ⅲ
2024-04-08T08:00:00+08:00,1712534400,17.8,7.49,5.92,595.5,52.4,3.43,0.085,0.115,3.51,,,Ⅲ
2024-04-08T12:00:00+08:00,1712548800,17.7,7.48,5.88,586.5,61.0,3.51,0.098,0.118,3.36,,,Ⅲ
2024-04-08T16:00:00+08:00,1712563200,17.7,7.48,5.91,591.6,96.2,3.94,0.119,0.136,3.28,,,Ⅲ
2024-04-08T20:00:00+08:00,1712577600,17.6,7.48,5.92,591.1,51.3,3.68,0.088,0.114,3.48,,,Ⅲ
2024-04-09T04:00:00+08:00,1712606400,17.1,7.46,5.87,586.2,76.6,3.76,0.113,0.131,3.45,,,Ⅲ
2024-04-09T08:00:00+08:00,1712620800,17.2,7.47,5.84,588.4,53.6,3.43,0.089,0.117,3.51,,,Ⅲ
2024-04-09T12:00:00+08:00,1712635200,17.9,7.46,5.81,580.9,61.6,3.55,0.085,0.124,3.4,,,Ⅲ
2024-04-09T16:00:00+08:00,1712649600,18.4,7.43,5.7,555.9,87.8,3.88,0.101,0.128,3.27,,,Ⅲ
2024-04-09T20:00:00+08:00,1712664000,18.1,7.43,5.69,558.8,53.4,3.46,0.088,0.122,3.51,,,Ⅲ
2024-04-10T04:00:00+08:00,1712692800,17.8,7.42,5.67,552.8,66.9,3.77,0.098,0.127,3.49,,,Ⅲ
2024-04-10T08:00:00+08:00,1712707200,17.8,7.42,5.7,559.5,51.6,3.63,0.082,0.125,3.48,,,Ⅲ
2024-04-10T12:00:00+08:00,1712721600,18.5,7.42,5.8,554.0,56.2,3.74,0.077,0.123,3.37,,,Ⅲ
2024-04-10T16:00:00+08:00,1712736000,19.1,7.43,5.88,552.4,89.4,3.78,0.16,0.119,3.29,,,Ⅲ
2024-04-10T20:00:00+08:00,1712750400,18.7,7.43,5.96,559.6,53.8,3.51,0.125,0.125,3.46,,,Ⅲ
2024-04-11T04:00:00+08:00,1712779200,18.6,7.42,5.98,552.6,67.0,3.64,0.151,0.126,3.47,,,Ⅲ
2024-04-11T08:00:00+08:00,1712793600,18.4,7.43,5.9,557.4,54.1,3.43,0.12,0.119,3.42,,,Ⅲ
2024-04-11T16:00:00+08:00,1712822400,19.6,7.42,6.08,554.9,50.9,3.74,0.132,0.123,3.47,,,Ⅲ
2024-04-11T20:00:00+08:00,1712836800,19.6,7.41,5.97,557.7,55.0,3.36,0.121,0.119,3.5,,,Ⅲ
2024-04-12T04:00:00+08:00,1712865600,19.4,7.42,5.94,552.4,60.2,3.56,0.147,0.125,3.42,,,Ⅲ
2024-04-12T08:00:00+08:00,1712880000,19.3,7.41,5.89,556.7,59.8,3.77,0.122,0.127,3.34,,,Ⅲ
2024-04-12T12:00:00+08:00,1712894400,19.4,7.41,5.93,558.2,58.4,3.45,0.124,0.12,3.5,,,Ⅲ
2024-04-12T16:00:00+08:00,1712908800,19.5,7.4,5.84,553.2,60.4,3.63,0.136,0.121,3.43,,,Ⅲ
2024-04-12T20:00:00+08:00,1712923200,19.4,7.4,5.84,558.5,60.5,3.47,0.13,0.114,3.46,,,Ⅲ
2024-04-13T00:00:00+08:00,1712937600,19.3,7.39,5.68,552.6,61.6,3.41,0.137,0.117,3.46,,,Ⅲ
2024-04-13T04:00:00+08:00,1712952000,19.1,7.37,5.58,549.8,71.8,3.51,0.162,0.124,3.36,,,Ⅲ
2024-04-13T08:00:00+08:00,1712966400,19.1,7.37,5.62,556.5,70.1,3.77,0.139,0.127,3.3,,,Ⅲ
2024-04-13T12:00:00+08:00,1712980800,19.4,7.38,5.62,554.7,55.3,3.62,0.129,0.119,3.39,,,Ⅲ
2024-04-13T16:00:00+08:00,1712995200,19.4,7.37,5.42,550.6,67.9,3.57,0.146,0.125,3.26,,,Ⅲ
2024-04-13T20:00:00+08:00,1713009600,19.4,7.37,5.56,554.0,67.1,3.76,0.148,0.122,3.28,,,Ⅲ
2024-04-14T00:00:00+08:00,1713024000,19.2,7.37,5.53,548.3,64.1,3.4,0.151,0.122,3.31,,,Ⅲ
2024-04-14T04:00:00+08:00,1713038400,19.0,7.37,5.49,548.8,75.0,3.55,0.159,0.124,3.35,,,Ⅲ
2024-04-14T08:00:00+08:00,1713052800,18.9,7.37,5.55,551.1,76.3,3.46,0.147,0.13,3.27,,,Ⅲ
2024-04-14T12:00:00+08:00,1713067200,19.3,7.37,5.59,552.1,56.8,3.62,0.131,0.122,3.34,,,Ⅲ
2024-04-14T16:00:00+08:00,1713081600,19.5,7.37,5.48,550.6,66.1,3.56,0.139,0.125,3.31,,,Ⅲ
2024-04-14T20:00:00+08:00,1713096000,19.5,7.36,5.4,551.7,58.3,3.57,0.135,0.126,3.34,,,Ⅲ
2024-04-15T00:00:00+08:00,1713110400,19.5,7.36,5.44,552.8,52.7,3.37,0.135,0.12,3.32,,,Ⅲ
2024-04-15T04:00:00+08:00,1713124800,19.4,7.37,5.41,553.5,66.3,3.62,0.15,0.129,3.27,,,Ⅲ
2024-04-15T08:00:00+08:00,1713139200,19.4,7.36,5.43,555.4,65.7,3.43,0.139,0.129,3.3,,,Ⅲ
2024-04-15T12:00:00+08:00,1713153600,20.1,7.36,5.34,557.9,67.6,3.4,0.128,0.127,3.22,,,Ⅲ
2024-04-15T16:00:00+08:00,1713168000,22.7,7.52,6.7,9.0,18.8,0.52,0.085,,,,,
2024-04-15T20:00:00+08:00,1713182400,22.2,7.54,6.76,9.4,18.3,0.3,0.037,,,,,
2024-04-16T00:00:00+08:00,1713196800,21.6,7.54,6.84,10.5,19.9,0.25,0.025,,,,,
2024-04-16T04:00:00+08:00,1713211200,21.4,7.54,6.85,11.4,58.7,0.25,0.025,,,,,
2024-04-16T08:00:00+08:00,1713225600,20.8,7.55,7.08,12.3,57.7,0.27,0.025,,,,,
2024-04-16T12:00:00+08:00,1713240000,21.0,7.36,5.7,568.1,46.8,4.49,0.134,0.237,3.37,,,Ⅳ
2024-04-16T16:00:00+08:00,1713254400,21.4,7.38,6.06,561.9,55.3,4.01,0.11,0.138,3.33,,,Ⅲ
2024-04-16T20:00:00+08:00,1713268800,21.4,7.39,6.08,560.7,56.9,3.83,0.108,0.133,3.24,,,Ⅲ
2024-04-17T00:00:00+08:00,1713283200,21.3,7.43,6.43,557.4,57.1,3.77,0.104,0.126,3.15,,,Ⅲ
2024-04-17T04:00:00+08:00,1713297600,20.9,7.4,6.07,557.3,58.7,3.74,0.116,0.131,3.18,,,Ⅲ
2024-04-17T08:00:00+08:00,1713312000,20.8,7.4,6.11,558.3,49.4,3.66,0.106,0.123,3.16,,,Ⅲ
2024-04-17T12:00:00+08:00,1713326400,20.7,7.4,5.98,560.4,41.4,3.67,0.11,0.119,3.28,,,Ⅲ
2024-04-17T16:00:00+08:00,1713340800,20.5,7.4,6.02,556.8,39.6,3.76,0.109,0.119,3.23,,,Ⅲ
2024-04-17T20:00:00+08:00,1713355200,20.3,7.38,5.99,552.5,56.8,3.72,0.117,0.13,3.21,,,Ⅲ
2024-04-18T00:00:00+08:00,1713369600,19.9,7.37,5.79,548.9,59.5,3.66,0.147,0.125,3.24,,,Ⅲ
2024-04-18T04:00:00+08:00,1713384000,19.6,7.37,5.68,560.4,57.6,3.88,0.14,0.124,3.23,,,Ⅲ
2024-04-18T12:00:00+08:00,1713412800,20.1,7.36,5.81,567.0,55.1,4.02,0.13,0.123,3.24,,,Ⅲ
2024-04-22T08:00:00+08:00,1713744000,20.6,7.36,5.32,549.2,129.1,3.89,0.118,0.124,3.11,,,Ⅲ
2024-04-22T12:00:00+08:00,1713758400,20.7,7.37,5.39,540.2,141.7,3.81,0.117,0.129,3.0,,,Ⅲ
2024-04-22T16:00:00+08:00,1713772800,21.0,7.41,5.32,516.6,63.4,4.54,0.113,0.136,3.05,,,Ⅲ
2024-04-22T20:00:00+08:00,1713787200,20.8,7.37,5.45,511.1,56.2,3.56,0.11,0.13,3.03,,,Ⅲ
2024-04-23T00:00:00+08:00,1713801600,20.7,7.33,5.25,510.0,76.0,3.82,0.133,0.135,3.08,,,Ⅲ
2024-04-23T04:00:00+08:00,1713816000,20.5,7.32,5.25,516.6,64.0,3.72,0.122,0.13,2.98,,,Ⅲ
2024-04-23T08:00:00+08:00,1713830400,20.4,7.34,5.31,516.6,58.5,3.57,0.115,0.126,3.04,,,Ⅲ
2024-04-23T12:00:00+08:00,1713844800,20.7,7.33,5.36,508.3,66.6,3.63,0.124,0.128,2.98,,,Ⅲ
2024-04-23T16:00:00+08:00,1713859200,20.9,7.35,5.49,514.8,65.8,3.7,0.12,0.129,2.94,,,Ⅲ
2024-04-23T20:00:00+08:00,1713873600,20.8,7.34,5.35,516.2,59.7,3.5,0.112,0.121,3.06,,,Ⅲ
2024-04-24T00:00:00+08:00,1713888000,20.6,7.32,5.18,516.1,70.5,3.88,0.137,0.13,3.08,,,Ⅲ
2024-04-24T04:00:00+08:00,1713902400,20.5,7.32,5.21,519.2,82.3,3.84,0.137,0.136,3.0,,,Ⅲ
2024-04-24T08:00:00+08:00,1713916800,20.5,7.34,5.26,516.0,59.6,3.66,0.114,0.128,3.09,,,Ⅲ
2024-04-24T12:00:00+08:00,1713931200,21.3,7.33,5.27,518.7,64.0,3.89,0.121,0.129,2.99,,,Ⅲ
2024-04-24T16:00:00+08:00,1713945600,21.7,7.36,5.5,517.6,64.8,3.82,0.122,0.132,2.99,,,Ⅲ
2024-04-24T20:00:00+08:00,1713960000,21.4,7.36,5.3,522.2,51.2,3.93,0.109,0.124,3.07,,,Ⅲ
2024-04-25T00:00:00+08:00,1713974400,21.3,7.33,5.17,515.4,64.0,3.89,0.12,0.13,3.02,,,Ⅲ
2024-04-25T04:00:00+08:00,1713988800,21.1,7.33,5.15,520.9,71.8,3.93,0.127,0.142,2.97,,,Ⅲ
2024-04-25T08:00:00+08:00,1714003200,21.1,7.37,5.31,531.6,53.2,4.03,0.093,0.132,3.0,,,Ⅲ
2024-04-25T12:00:00+08:00,1714017600,21.2,7.37,5.29,523.6,63.2,4.06,0.109,0.13,2.98,,,Ⅲ
2024-04-25T16:00:00+08:00,1714032000,21.1,7.37,5.38,518.6,65.6,3.86,0.116,0.134,2.99,,,Ⅲ
2024-04-25T20:00:00+08:00,1714046400,21.0,7.37,5.18,525.2,54.7,3.71,0.102,0.126,3.05,,,Ⅲ
2024-04-26T00:00:00+08:00,1714060800,20.8,7.36,5.11,519.1,64.9,3.92,0.116,0.129,3.06,,,Ⅲ
2024-04-26T04:00:00+08:00,1714075200,20.6,7.36,5.05,527.0,65.7,4.07,0.123,0.137,2.97,,,Ⅲ
2024-04-26T08:00:00+08:00,1714089600,20.6,7.38,5.16,531.1,63.2,4.22,0.139,0.136,3.04,,,Ⅲ
2024-04-26T12:00:00+08:00,1714104000,20.8,7.39,5.22,534.4,63.5,4.06,0.12,0.133,2.95,,,Ⅲ
2024-04-26T16:00:00+08:00,1714118400,21.0,7.39,5.19,528.2,57.3,3.82,0.107,0.13,3.04,,,Ⅲ
2024-04-26T20:00:00+08:00,1714132800,20.9,7.38,5.12,540.1,52.0,3.99,0.098,0.124,3.0,,,Ⅲ
2024-04-27T00:00:00+08:00,1714147200,20.8,7.37,5.09,530.5,62.5,3.93,0.118,0.133,3.0,,,Ⅲ
2024-04-27T04:00:00+08:00,1714161600,20.7,7.37,5.06,530.8,67.7,4.04,0.115,0.137,2.97,,,Ⅲ
2024-04-27T08:00:00+08:00,1714176000,20.6,7.38,5.14,533.5,57.2,3.97,0.096,0.126,2.93,,,Ⅲ
2024-04-27T12:00:00+08:00,1714190400,20.7,7.38,5.15,542.6,60.7,3.99,0.103,0.13,2.88,,,Ⅲ
2024-04-27T16:00:00+08:00,1714204800,20.8,7.37,5.03,532.2,57.9,3.87,0.106,0.132,2.92,,,Ⅲ
2024-04-27T20:00:00+08:00,1714219200,20.8,7.37,5.03,541.8,50.8,3.88,0.098,0.128,2.96,,,Ⅲ
2024-04-28T00:00:00+08:00,1714233600,20.6,7.37,5.0,531.3,58.8,3.83,0.108,0.129,2.92,,,Ⅲ
2024-04-28T04:00:00+08:00,1714248000,20.5,7.37,5.12,520.2,57.2,3.96,0.114,0.131,2.91,,,Ⅲ
2024-04-28T08:00:00+08:00,1714262400,20.5,7.34,5.07,544.5,60.4,4.08,0.106,0.135,2.92,,,Ⅲ
2024-04-28T12:00:00+08:00,1714276800,20.6,7.36,5.11,541.4,50.8,4.04,0.099,0.132,2.91,,,Ⅲ
2024-04-29T12:00:00+08:00,1714363200,20.9,7.34,5.05,540.5,49.3,3.82,0.104,0.127,2.9,,,Ⅲ
2024-04-29T16:00:00+08:00,1714377600,21.4,7.36,5.1,538.0,53.2,3.92,,0.125,,,,
2024-04-29T20:00:00+08:00,1714392000,21.3,7.34,5.01,539.7,70.4,4.12,0.11,0.148,2.88,,,Ⅲ
2024-04-30T04:00:00+08:00,1714420800,21.2,7.32,4.98,529.2,59.9,3.71,0.125,0.133,2.91,,,Ⅳ
2024-04-30T12:00:00+08:00,1714449600,21.0,7.32,4.94,539.0,48.0,3.74,0.092,0.135,2.93,,,Ⅳ
2024-04-30T16:00:00+08:00,1714464000,21.0,7.4,5.19,539.2,54.6,4.15,0.09,0.128,2.98,,,Ⅲ
2024-04-30T20:00:00+08:00,1714478400,20.8,7.4,5.22,531.9,50.3,3.86,0.089,0.132,2.99,,,Ⅲ
2024-05-01T04:00:00+08:00,1714507200,20.3,7.39,5.12,521.8,59.5,3.87,0.104,0.136,2.9,,,Ⅲ
2024-05-01T08:00:00+08:00,1714521600,20.1,7.39,5.16,528.1,59.4,3.86,0.104,0.129,2.93,,,Ⅲ
2024-05-01T12:00:00+08:00,1714536000,20.5,7.4,5.23,533.0,53.6,3.81,0.098,0.138,2.82,,,Ⅲ
2024-05-01T16:00:00+08:00,1714550400,21.0,7.41,5.38,523.5,57.6,3.69,0.105,0.127,2.87,,,Ⅲ
2024-05-01T20:00:00+08:00,1714564800,21.0,7.42,5.46,521.2,63.5,3.8,0.136,0.131,2.88,,,Ⅲ
2024-05-02T04:00:00+08:00,1714593600,20.5,7.42,5.38,513.5,61.7,3.9,0.154,0.131,2.9,,,Ⅲ
2024-05-02T08:00:00+08:00,1714608000,20.5,7.4,5.32,514.7,53.1,3.65,0.178,0.126,2.88,,,Ⅲ
2024-05-02T12:00:00+08:00,1714622400,20.8,7.41,5.44,531.2,57.1,4.03,0.124,0.131,2.86,,,Ⅲ
2024-05-02T16:00:00+08:00,1714636800,21.1,7.41,5.46,523.5,48.8,3.69,0.12,0.125,2.86,,,Ⅲ
2024-05-02T20:00:00+08:00,1714651200,21.0,7.39,5.23,523.3,54.8,3.75,0.138,0.134,2.82,,,Ⅲ
2024-05-03T04:00:00+08:00,1714680000,20.8,7.4,5.2,526.4,53.4,3.88,0.15,0.131,2.87,,,Ⅲ
2024-05-03T08:00:00+08:00,1714694400,20.7,7.42,5.24,519.4,62.4,3.92,0.136,0.137,2.87,,,Ⅲ
2024-05-03T12:00:00+08:00,1714708800,21.1,7.42,5.42,534.0,53.4,3.86,0.13,0.131,2.79,,,Ⅲ
2024-05-03T16:00:00+08:00,1714723200,21.5,7.52,5.67,591.2,40.7,3.78,0.119,0.128,2.82,,,Ⅲ
2024-05-03T20:00:00+08:00,1714737600,21.3,7.5,5.49,579.5,49.9,3.71,0.122,0.126,2.89,,,Ⅲ
2024-05-04T04:00:00+08:00,1714766400,21.0,7.49,5.36,590.3,43.1,3.86,0.118,0.128,2.86,,,Ⅲ
2024-05-04T08:00:00+08:00,1714780800,21.0,7.49,5.42,597.9,55.4,3.99,0.117,0.128,2.78,,,Ⅲ
2024-05-04T12:00:00+08:00,1714795200,20.9,7.51,5.58,597.6,49.1,3.9,0.123,0.131,2.83,,,Ⅲ
2024-05-04T16:00:00+08:00,1714809600,20.9,7.52,5.58,611.9,43.1,3.78,0.104,0.127,2.75,,,Ⅲ
2024-05-04T20:00:00+08:00,1714824000,20.8,7.51,5.45,600.7,54.4,3.8,0.12,0.128,2.72,,,Ⅲ
2024-05-05T04:00:00+08:00,1714852800,20.6,7.49,5.41,617.2,42.3,3.92,0.113,0.125,2.78,,,Ⅲ
2024-05-05T08:00:00+08:00,1714867200,20.6,7.49,5.3,602.7,54.3,3.76,0.129,0.134,2.82,,,Ⅲ
2024-05-05T12:00:00+08:00,1714881600,20.7,7.49,5.27,605.5,65.3,3.86,0.146,0.143,2.76,,,Ⅲ
2024-05-05T16:00:00+08:00,1714896000,20.8,7.51,5.43,616.5,70.6,3.92,0.121,0.139,2.62,,,Ⅲ
2024-05-06T04:00:00+08:00,1714939200,20.7,7.48,5.17,618.2,58.8,4.24,0.126,0.143,2.7,,,Ⅲ
2024-05-06T08:00:00+08:00,1714953600,20.7,7.49,5.23,621.7,49.9,3.91,0.12,0.13,2.72,,,Ⅲ
2024-05-06T12:00:00+08:00,1714968000,21.4,7.48,5.09,603.4,52.6,3.87,0.134,0.14,2.74,,,Ⅲ
2024-05-06T16:00:00+08:00,1714982400,21.8,7.5,5.37,629.1,52.9,4.03,0.114,0.133,2.7,,,Ⅲ
2024-05-06T20:00:00+08:00,1714996800,21.7,7.49,5.2,622.8,56.1,3.87,0.113,0.133,2.7,,,Ⅲ
2024-05-07T00:00:00+08:00,1715011200,21.6,7.48,5.06,600.8,56.6,3.98,0.119,0.139,2.73,,,Ⅲ
2024-05-07T04:00:00+08:00,1715025600,21.4,7.5,5.21,625.5,57.2,4.31,0.116,0.141,2.7,,,Ⅲ
2024-05-07T08:00:00+08:00,1715040000,21.4,7.5,5.18,621.4,45.1,3.96,0.1,0.132,2.66,,,Ⅲ
2024-05-07T12:00:00+08:00,1715054400,22.1,7.5,5.27,598.2,55.0,3.86,0.106,0.13,2.7,,,Ⅲ
2024-05-07T16:00:00+08:00,1715068800,22.2,7.51,5.26,614.2,50.4,3.97,0.104,0.132,2.77,,,Ⅲ
2024-05-07T20:00:00+08:00,1715083200,22.1,7.5,5.27,615.0,41.6,3.9,0.094,0.133,2.76,,,Ⅲ
2024-05-08T00:00:00+08:00,1715097600,22.1,7.51,5.3,593.1,61.3,3.9,0.099,0.135,2.67,,,Ⅲ
2024-05-08T04:00:00+08:00,1715112000,21.9,7.52,5.27,607.4,91.0,4.08,0.107,0.14,2.67,,,Ⅲ
2024-05-08T08:00:00+08:00,1715126400,21.9,7.52,5.29,608.5,40.3,3.74,0.08,0.126,2.7,,,Ⅲ
2024-05-08T12:00:00+08:00,1715140800,22.7,7.55,5.52,599.4,50.7,3.74,0.083,0.123,2.73,,,Ⅲ
2024-05-08T16:00:00+08:00,1715155200,23.1,7.55,5.53,604.7,54.2,3.74,0.082,0.134,2.7,,,Ⅲ
2024-05-08T20:00:00+08:00,1715169600,22.9,7.55,5.48,608.1,39.3,3.84,0.074,0.122,2.73,,,Ⅲ
2024-05-09T00:00:00+08:00,1715184000,22.7,7.55,5.47,591.4,48.3,3.73,0.079,0.123,2.76,,,Ⅲ
2024-05-09T04:00:00+08:00,1715198400,22.2,7.55,5.45,596.3,57.2,3.71,0.084,0.127,2.68,,,Ⅲ
2024-05-09T08:00:00+08:00,1715212800,22.2,7.57,5.47,624.4,42.1,4.15,0.115,0.128,2.76,,,Ⅲ
2024-05-09T12:00:00+08:00,1715227200,22.9,7.58,5.61,602.3,55.2,3.94,0.107,0.131,2.6,,,Ⅲ
2024-05-09T16:00:00+08:00,1715241600,23.2,7.51,4.61,595.1,45.1,4.03,0.108,0.172,2.63,,,Ⅳ
2024-05-09T20:00:00+08:00,1715256000,22.9,7.49,4.46,554.9,38.3,3.73,0.072,0.124,2.67,,,Ⅳ
2024-05-10T00:00:00+08:00,1715270400,22.7,7.49,4.46,590.1,47.7,3.8,0.083,0.128,2.7,,,Ⅳ
2024-05-10T04:00:00+08:00,1715284800,22.3,7.5,4.58,596.4,59.7,3.74,0.077,0.125,2.63,,,Ⅳ
2024-05-10T08:00:00+08:00,1715299200,22.2,7.5,4.53,605.2,51.0,3.9,0.068,0.126,2.62,,,Ⅳ
2024-05-10T12:00:00+08:00,1715313600,23.1,7.53,4.71,602.2,57.1,3.84,0.071,0.125,2.64,,,Ⅳ
2024-05-10T16:00:00+08:00,1715328000,23.5,7.55,5.91,587.8,49.5,3.76,0.071,0.128,2.59,,,Ⅲ
2024-05-10T20:00:00+08:00,1715342400,23.3,7.53,5.69,602.6,41.9,3.64,0.062,0.117,2.69,,,Ⅲ
2024-05-11T00:00:00+08:00,1715356800,23.2,7.52,5.71,599.0,62.2,3.88,0.074,0.123,2.6,,,Ⅲ
2024-05-11T04:00:00+08:00,1715371200,23.1,7.54,5.81,601.1,53.2,3.86,0.07,0.126,2.54,,,Ⅲ
2024-05-11T08:00:00+08:00,1715385600,23.0,7.53,5.66,602.8,51.2,3.76,0.067,0.133,2.53,,,Ⅲ
2024-05-11T12:00:00+08:00,1715400000,23.1,7.54,5.68,608.4,50.2,3.81,0.065,0.122,2.58,,,Ⅲ
2024-05-11T16:00:00+08:00,1715414400,23.2,7.52,6.22,604.6,52.9,3.86,0.07,0.149,2.6,,,Ⅲ
2024-05-11T20:00:00+08:00,1715428800,23.2,7.55,6.4,603.8,44.4,3.74,0.065,0.152,2.51,,,Ⅲ
2024-05-12T00:00:00+08:00,1715443200,23.1,7.5,6.22,597.2,52.6,3.79,0.1,0.154,2.52,,,Ⅲ
2024-05-12T04:00:00+08:00,1715457600,22.9,7.48,6.16,592.0,51.8,4.02,0.107,0.16,2.57,,,Ⅲ
2024-05-12T08:00:00+08:00,1715472000,22.8,7.49,6.0,604.2,90.7,4.2,0.095,0.181,2.38,,,Ⅲ
2024-05-12T12:00:00+08:00,1715486400,22.9,7.49,6.15,605.9,49.2,3.75,0.079,0.155,2.5,,,Ⅲ
2024-05-12T16:00:00+08:00,1715500800,22.9,7.45,5.88,598.3,55.8,3.97,0.128,0.164,2.53,,,Ⅲ
2024-05-12T20:00:00+08:00,1715515200,22.8,7.45,5.79,603.6,45.4,3.74,0.116,0.158,2.6,,,Ⅲ
2024-05-13T00:00:00+08:00,1715529600,22.5,7.43,5.58,588.1,54.5,4.12,0.126,0.162,2.69,,,Ⅲ
2024-05-13T04:00:00+08:00,1715544000,22.1,7.43,5.55,578.0,62.4,3.98,0.121,0.17,2.55,,,Ⅲ
2024-05-13T08:00:00+08:00,1715558400,22.1,7.43,5.53,592.5,60.7,4.6,0.147,0.209,2.52,,,Ⅳ
2024-05-13T12:00:00+08:00,1715572800,22.8,7.43,5.49,594.2,51.4,4.09,0.119,0.173,2.59,,,Ⅲ
2024-05-13T16:00:00+08:00,1715587200,23.3,7.43,5.43,581.8,75.5,4.18,0.131,0.143,2.58,,,Ⅲ
2024-05-13T20:00:00+08:00,1715601600,23.0,7.43,5.2,581.5,48.8,4.2,0.124,0.139,2.7,,,Ⅲ
2024-05-14T00:00:00+08:00,1715616000,22.9,7.42,5.22,577.1,55.3,4.14,0.131,0.142,2.6,,,Ⅲ
2024-05-14T04:00:00+08:00,1715630400,22.5,7.43,5.1,572.1,71.6,4.25,0.145,0.139,2.63,,,Ⅲ
2024-05-14T08:00:00+08:00,1715644800,22.5,7.43,5.19,579.1,54.8,4.37,0.134,0.148,2.67,,,Ⅲ
2024-05-14T12:00:00+08:00,1715659200,23.2,7.43,5.13,579.9,53.0,4.14,0.127,0.146,2.62,,,Ⅲ
2024-05-14T16:00:00+08:00,1715673600,23.6,7.46,5.17,568.8,58.8,4.2,0.131,0.144,2.6,,,Ⅲ
2024-05-14T20:00:00+08:00,1715688000,23.7,7.43,5.13,569.4,56.8,4.08,0.136,0.142,2.73,,,Ⅲ
2024-05-15T00:00:00+08:00,1715702400,23.5,7.44,5.09,567.2,48.1,4.16,0.128,0.137,2.72,,,Ⅲ
2024-05-15T04:00:00+08:00,1715716800,22.9,7.47,5.11,572.6,68.5,4.14,0.126,0.14,2.6,,,Ⅲ
2024-05-15T08:00:00+08:00,1715731200,22.9,7.47,5.22,578.1,57.0,4.16,0.119,0.142,2.6,,,Ⅲ
2024-05-15T12:00:00+08:00,1715745600,24.1,7.51,5.55,583.8,43.3,4.15,0.111,0.14,2.62,,,Ⅲ
2024-05-15T16:00:00+08:00,1715760000,23.8,7.52,5.62,577.0,71.7,4.15,0.112,0.141,2.62,,,Ⅲ
2024-05-15T20:00:00+08:00,1715774400,23.5,7.51,5.42,574.0,63.0,4.34,0.114,0.139,2.6,,,Ⅲ
2024-05-16T00:00:00+08:00,1715788800,23.3,7.52,5.35,580.4,53.4,4.04,0.11,0.135,2.65,,,Ⅲ
2024-05-16T04:00:00+08:00,1715803200,23.0,7.51,5.22,582.8,61.5,4.24,0.111,0.142,2.59,,,Ⅲ
2024-05-16T12:00:00+08:00,1715832000,23.5,7.55,5.67,574.9,55.9,3.96,0.108,0.134,2.53,,,Ⅲ
2024-05-16T16:00:00+08:00,1715846400,23.8,7.58,5.85,577.5,65.1,3.99,0.111,0.137,2.44,,,Ⅲ
2024-05-16T20:00:00+08:00,1715860800,23.8,7.58,5.74,574.9,74.9,4.22,0.124,0.134,2.44,,,Ⅲ
2024-05-17T00:00:00+08:00,1715875200,23.4,7.6,6.07,577.5,77.6,4.24,0.118,0.134,2.41,,,Ⅲ
2024-05-17T04:00:00+08:00,1715889600,23.1,7.6,6.14,589.3,77.7,4.35,0.114,0.135,2.43,,,Ⅲ
2024-05-17T08:00:00+08:00,1715904000,22.9,7.58,5.87,596.6,75.2,4.24,0.106,0.142,2.45,,,Ⅲ
2024-05-17T12:00:00+08:00,1715918400,23.3,7.57,5.88,597.4,63.8,4.15,0.093,0.143,2.44,,,Ⅲ
2024-05-17T16:00:00+08:00,1715932800,24.1,7.62,6.31,595.7,55.5,4.19,0.087,0.131,2.43,,,Ⅲ
2024-05-17T20:00:00+08:00,1715947200,24.1,7.61,6.12,583.5,81.8,4.31,0.089,0.13,2.43,,,Ⅲ
2024-05-18T00:00:00+08:00,1715961600,24.1,7.61,6.24,583.7,56.8,4.19,0.074,0.122,2.46,,,Ⅲ
2024-05-18T04:00:00+08:00,1715976000,23.8,7.6,6.02,582.6,57.8,4.3,0.076,0.125,2.48,,,Ⅲ
2024-05-18T08:00:00+08:00,1715990400,23.7,7.58,5.88,575.4,73.6,4.32,0.078,0.134,2.45,,,Ⅲ
2024-05-18T12:00:00+08:00,1716004800,24.6,7.61,6.11,572.4,74.1,4.43,0.074,0.13,2.45,,,Ⅲ
2024-05-18T16:00:00+08:00,1716019200,25.2,7.64,6.41,596.9,51.5,4.07,0.067,0.13,2.46,,,Ⅲ
2024-05-18T20:00:00+08:00,1716033600,24.9,7.62,5.97,578.8,72.4,4.2,0.076,0.134,2.43,,,Ⅲ
2024-05-19T00:00:00+08:00,1716048000,24.5,7.6,5.66,575.2,70.5,4.16,0.075,0.123,2.44,,,Ⅲ
2024-05-19T04:00:00+08:00,1716062400,24.5,7.6,5.77,590.5,57.9,4.24,0.068,0.122,2.48,,,Ⅲ
2024-05-19T08:00:00+08:00,1716076800,24.3,7.6,5.69,577.7,63.5,4.24,0.071,0.122,2.45,,,Ⅲ
2024-05-19T12:00:00+08:00,1716091200,25.2,7.64,6.08,577.4,57.0,4.08,0.062,0.118,2.41,,,Ⅲ
2024-05-19T16:00:00+08:00,1716105600,25.1,7.61,5.82,584.5,58.3,4.01,0.065,0.122,2.43,,,Ⅲ
2024-05-19T20:00:00+08:00,1716120000,25.1,7.63,5.97,576.8,69.7,4.24,0.065,0.125,2.38,,,Ⅲ
2024-05-20T00:00:00+08:00,1716134400,24.8,7.62,5.89,573.3,60.6,4.21,0.061,0.123,2.46,,,Ⅲ
2024-05-20T04:00:00+08:00,1716148800,24.7,7.61,5.82,589.5,73.9,4.36,0.068,0.133,2.32,,,Ⅲ
2024-05-20T08:00:00+08:00,1716163200,24.6,7.61,5.78,578.6,62.6,4.07,0.066,0.135,2.43,,,Ⅲ
2024-05-20T12:00:00+08:00,1716177600,25.0,7.62,5.93,574.9,74.0,4.13,0.065,0.127,2.34,,,Ⅲ
2024-05-20T16:00:00+08:00,1716192000,25.3,7.62,5.83,581.2,56.5,4.01,0.063,0.123,2.41,,,Ⅲ
2024-05-20T20:00:00+08:00,1716206400,25.1,7.63,5.88,574.0,69.9,4.04,0.062,0.121,2.4,,,Ⅲ
2024-05-21T00:00:00+08:00,1716220800,25.0,7.63,5.9,571.4,76.4,4.04,0.064,0.131,2.4,,,Ⅲ
2024-05-21T08:00:00+08:00,1716249600,24.8,7.61,5.71,586.4,63.7,4.29,0.062,0.126,2.34,,,Ⅲ
2024-05-21T12:00:00+08:00,1716264000,25.1,7.62,5.86,573.3,76.4,4.25,0.066,0.127,2.27,,,Ⅲ
2024-05-21T16:00:00+08:00,1716278400,25.2,7.64,5.98,582.0,62.5,4.09,0.062,0.132,2.33,,,Ⅲ
2024-05-21T20:00:00+08:00,1716292800,25.0,7.62,5.79,579.4,62.5,3.97,0.07,0.14,2.34,,,Ⅲ
2024-05-22T00:00:00+08:00,1716307200,24.8,7.61,5.76,582.3,80.5,4.13,0.074,0.137,2.33,,,Ⅲ
2024-05-22T04:00:00+08:00,1716321600,24.6,7.61,5.6,589.0,80.9,4.25,0.073,0.139,2.21,,,Ⅲ
2024-05-23T08:00:00+08:00,1716422400,24.8,7.6,5.46,596.5,59.4,4.08,0.066,0.134,2.22,,,Ⅲ
2024-05-23T12:00:00+08:00,1716436800,25.0,7.59,5.4,591.9,72.4,4.29,0.077,0.139,2.15,,,Ⅲ
2024-05-23T16:00:00+08:00,1716451200,25.6,7.62,5.59,593.5,63.7,,0.093,0.159,2.18,,,
2024-05-23T20:00:00+08:00,1716465600,25.4,7.46,5.5,500.4,57.1,4.53,0.074,0.138,2.32,,,Ⅲ
2024-05-24T04:00:00+08:00,1716494400,25.1,7.45,5.45,498.1,79.0,4.29,0.09,0.147,2.17,,,Ⅲ
2024-05-24T08:00:00+08:00,1716508800,25.0,7.46,5.47,508.0,59.9,4.27,0.071,0.138,2.14,,,Ⅲ
2024-05-24T16:00:00+08:00,1716537600,26.1,7.47,5.58,489.7,57.4,3.97,0.073,0.137,2.22,,,Ⅲ
2024-05-24T20:00:00+08:00,1716552000,25.9,7.46,5.41,496.7,56.1,3.9,0.071,0.132,2.22,,,Ⅲ
2024-05-25T04:00:00+08:00,1716580800,25.6,7.46,5.36,494.2,76.8,4.29,0.082,0.139,2.12,,,Ⅲ
2024-05-25T08:00:00+08:00,1716595200,25.5,7.45,5.38,503.6,56.2,4.19,0.073,0.134,2.18,,,Ⅲ
2024-05-25T12:00:00+08:00,1716609600,25.8,7.48,5.57,509.9,64.2,4.25,0.079,0.135,2.14,,,Ⅲ
2024-05-25T16:00:00+08:00,1716624000,26.2,7.51,5.71,495.8,58.3,3.97,0.071,0.136,2.1,,,Ⅲ
2024-05-25T20:00:00+08:00,1716638400,25.9,7.5,5.59,510.4,51.0,3.92,0.069,0.131,2.17,,,Ⅲ
2024-05-26T04:00:00+08:00,1716667200,25.7,7.48,5.46,498.4,79.9,4.35,0.082,0.143,2.07,,,Ⅲ
2024-05-26T08:00:00+08:00,1716681600,25.7,7.48,5.44,513.2,58.3,4.19,0.072,0.14,2.05,,,Ⅲ
2024-05-26T12:00:00+08:00,1716696000,26.3,7.49,5.6,507.2,59.6,4.09,0.074,0.136,2.05,,,Ⅲ
2024-05-26T16:00:00+08:00,1716710400,26.4,7.48,5.53,494.8,55.2,3.93,0.071,0.13,2.16,,,Ⅲ
2024-05-26T20:00:00+08:00,1716724800,26.4,7.47,5.36,504.0,57.3,3.98,0.068,0.14,2.17,,,Ⅲ
2024-05-27T04:00:00+08:00,1716753600,26.3,7.43,5.17,491.0,70.0,4.08,0.086,0.14,2.11,,,Ⅲ
2024-05-27T08:00:00+08:00,1716768000,26.2,7.46,5.24,503.3,74.6,4.12,0.076,0.141,2.01,,,Ⅲ
2024-05-27T12:00:00+08:00,1716782400,26.1,7.47,5.2,502.6,54.6,3.91,0.072,0.133,2.16,,,Ⅲ
2024-05-27T16:00:00+08:00,1716796800,25.9,7.48,5.33,501.8,56.3,4.01,0.077,0.137,2.09,,,Ⅲ
2024-05-27T20:00:00+08:00,1716811200,25.6,7.48,5.38,502.3,54.1,4.13,0.076,0.14,2.08,,,Ⅲ
2024-05-28T04:00:00+08:00,1716840000,25.0,7.43,4.89,491.0,74.5,4.29,0.114,0.149,2.07,,,Ⅳ
2024-05-28T08:00:00+08:00,1716854400,24.9,7.48,5.25,499.2,79.8,4.25,0.091,0.152,2.08,,,Ⅲ
2024-05-28T12:00:00+08:00,1716868800,25.6,7.48,5.36,501.3,51.6,4.1,0.081,0.136,2.13,,,Ⅲ
2024-05-28T16:00:00+08:00,1716883200,26.0,7.47,5.22,495.2,63.4,4.12,0.104,0.148,2.1,,,Ⅲ
2024-05-28T20:00:00+08:00,1716897600,25.7,7.47,5.19,502.7,52.2,4.03,0.091,0.141,2.12,,,Ⅲ
2024-05-29T04:00:00+08:00,1716926400,25.0,7.43,4.97,483.1,76.8,4.15,0.117,0.153,2.09,,,Ⅳ
2024-05-29T08:00:00+08:00,1716940800,25.0,7.46,5.09,500.9,77.9,4.42,0.11,0.164,1.94,,,Ⅲ
2024-05-29T12:00:00+08:00,1716955200,25.6,7.48,5.29,498.6,51.2,4.03,0.094,0.144,2.1,,,Ⅲ
2024-05-29T16:00:00+08:00,1716969600,25.9,7.49,5.3,501.1,56.6,3.98,0.096,0.154,2.07,,,Ⅲ
2024-05-29T20:00:00+08:00,1716984000,25.6,7.48,5.24,495.7,51.7,4.21,0.102,0.15,2.14,,,Ⅲ
2024-05-30T04:00:00+08:00,1717012800,25.0,7.48,5.19,493.0,55.8,4.27,0.105,0.15,2.12,,,Ⅲ
2024-05-30T08:00:00+08:00,1717027200,24.9,7.48,5.33,503.5,54.6,4.26,0.099,0.152,2.09,,,Ⅲ
2024-05-30T12:00:00+08:00,1717041600,25.6,7.53,5.55,514.6,38.9,4.22,0.084,0.143,2.0,,,Ⅲ
2024-05-30T16:00:00+08:00,1717056000,25.7,7.52,5.36,510.1,46.4,4.02,0.09,0.154,2.03,,,Ⅲ
2024-05-30T20:00:00+08:00,1717070400,25.6,7.5,5.24,495.0,48.6,4.04,0.095,0.153,2.07,,,Ⅲ
2024-05-31T04:00:00+08:00,1717099200,25.4,7.49,5.1,499.6,54.3,4.12,0.096,0.152,2.03,,,Ⅲ
2024-05-31T08:00:00+08:00,1717113600,25.2,7.5,5.2,496.1,60.1,4.21,0.096,0.154,2.05,,,Ⅲ
2024-05-31T12:00:00+08:00,1717128000,25.2,7.52,5.34,507.0,42.1,4.02,0.084,0.155,1.97,,,Ⅲ
2024-05-31T16:00:00+08:00,1717142400,25.2,7.52,5.28,509.8,42.9,4.02,0.084,0.155,1.97,,,Ⅲ
2024-05-31T20:00:00+08:00,1717156800,24.9,7.48,4.88,500.0,52.4,3.9,0.133,0.153,2.13,,,Ⅳ
2024-06-01T00:00:00+08:00,1717171200,25.8,8.03,9.39,1.1,17.0,3.08,0.039,0.149,2.2,,,Ⅲ
2024-06-01T04:00:00+08:00,1717185600,26.5,7.57,9.01,1.4,40.0,,0.026,0.151,,,,
2024-06-01T08:00:00+08:00,1717200000,27.0,7.39,8.68,1.5,36.8,,0.025,0.151,,,,
2024-06-01T12:00:00+08:00,1717214400,24.5,7.44,5.04,511.6,45.1,4.46,0.141,0.184,2.03,,,Ⅲ
2024-06-01T16:00:00+08:00,1717228800,24.7,7.43,4.66,510.8,40.9,4.01,0.129,0.158,2.06,,,Ⅳ
2024-06-01T20:00:00+08:00,1717243200,25.5,8.19,8.29,1.1,15.8,3.16,0.025,0.148,2.18,,,Ⅲ
2024-06-02T00:00:00+08:00,1717257600,24.4,7.43,4.63,498.5,49.7,4.22,0.142,0.161,2.1,,,Ⅳ
2024-06-02T08:00:00+08:00,1717286400,24.2,7.42,5.35,485.8,56.1,3.99,0.148,0.156,2.16,,,Ⅲ
2024-06-02T12:00:00+08:00,1717300800,24.7,7.43,5.83,485.9,46.0,3.9,0.142,0.154,2.14,,,Ⅲ
2024-06-02T16:00:00+08:00,1717315200,24.8,7.46,6.05,496.9,41.9,4.02,0.127,0.154,2.18,,,Ⅲ
2024-06-02T20:00:00+08:00,1717329600,24.6,7.43,5.83,481.8,54.3,3.93,0.138,0.153,,,,Ⅲ
2024-06-03T00:00:00+08:00,1717344000,24.4,7.44,5.87,479.3,50.9,3.9,0.129,0.147,2.19,,,Ⅲ
2024-06-03T04:00:00+08:00,1717358400,24.2,7.43,6.0,501.0,43.2,3.92,0.123,0.153,2.21,,,Ⅲ
2024-06-03T12:00:00+08:00,1717387200,25.1,7.44,6.07,483.2,45.1,3.86,0.121,0.15,2.14,,,Ⅲ
2024-06-03T16:00:00+08:00,1717401600,25.7,7.49,6.35,494.9,47.5,3.93,0.112,0.147,2.03,,,Ⅲ
2024-06-03T20:00:00+08:00,1717416000,25.3,7.46,6.05,478.9,53.4,3.86,0.119,0.148,2.2,,,Ⅲ
2024-06-04T00:00:00+08:00,1717430400,25.5,7.48,6.43,477.2,48.4,3.8,0.107,0.146,2.16,,,Ⅲ
2024-06-04T04:00:00+08:00,1717444800,25.0,7.45,6.18,500.0,47.6,4.01,0.102,0.149,2.12,,,Ⅲ
2024-06-04T08:00:00+08:00,1717459200,25.0,7.45,5.97,497.6,50.2,4.08,0.111,0.157,2.11,,,Ⅲ
2024-06-04T12:00:00+08:00,1717473600,25.8,7.46,6.15,480.7,46.4,3.82,0.096,0.141,2.16,,,Ⅲ
2024-06-04T16:00:00+08:00,1717488000,26.0,7.48,7.04,500.8,42.4,3.77,0.094,0.145,2.13,,,Ⅲ
2024-06-04T20:00:00+08:00,1717502400,25.4,8.27,7.91,1.2,17.6,3.4,0.044,0.155,2.08,,,Ⅲ
2024-06-05T00:00:00+08:00,1717516800,25.5,8.09,8.25,1.4,18.4,,0.025,0.145,,,,
2024-06-05T04:00:00+08:00,1717531200,27.5,7.82,8.58,1.2,40.2,,0.025,0.143,,,,
2024-06-05T08:00:00+08:00,1717545600,27.6,8.1,8.65,0.5,39.3,,0.025,,,,,
2024-06-05T12:00:00+08:00,1717560000,25.5,7.42,4.81,481.2,63.4,4.3,0.113,0.168,2.06,,,Ⅳ
2024-06-05T20:00:00+08:00,1717588800,25.2,7.42,4.8,569.6,54.0,4.11,0.104,0.151,2.08,,,Ⅳ
2024-06-06T04:00:00+08:00,1717617600,24.7,7.42,4.73,571.2,74.9,4.18,0.117,0.167,1.99,,,Ⅳ
2024-06-06T08:00:00+08:00,1717632000,24.6,7.43,4.75,575.7,59.3,4.02,0.104,0.155,2.04,,,Ⅳ
2024-06-06T12:00:00+08:00,1717646400,24.5,7.42,4.64,569.4,57.1,3.86,0.111,0.152,2.04,,,Ⅳ
2024-06-06T16:00:00+08:00,1717660800,24.6,7.43,4.65,570.5,54.1,3.74,0.114,0.153,2.09,,,Ⅳ
2024-06-06T20:00:00+08:00,1717675200,24.4,7.43,4.53,565.3,58.1,4.01,0.116,0.148,2.12,,,Ⅳ
2024-06-07T04:00:00+08:00,1717704000,23.9,7.42,4.41,573.7,83.1,4.19,0.127,0.159,1.92,,,Ⅳ
2024-06-07T08:00:00+08:00,1717718400,24.1,7.43,4.31,582.8,56.3,4.77,0.309,0.162,2.31,,,Ⅳ
2024-06-07T12:00:00+08:00,1717732800,24.3,7.42,4.51,580.4,56.6,3.99,0.113,0.15,1.96,,,Ⅳ
2024-06-07T16:00:00+08:00,1717747200,24.7,7.43,4.63,579.0,52.9,3.98,0.114,0.153,1.98,,,Ⅳ
2024-06-07T20:00:00+08:00,1717761600,24.5,7.42,4.52,583.6,44.7,3.93,0.111,0.146,2.04,,,Ⅳ
2024-06-08T04:00:00+08:00,1717790400,24.1,7.41,4.31,588.7,66.4,4.18,0.126,0.159,1.95,,,Ⅳ
2024-06-08T08:00:00+08:00,1717804800,24.2,7.41,4.26,593.4,49.8,4.48,0.209,0.152,2.16,,,Ⅳ
2024-06-08T12:00:00+08:00,1717819200,24.9,7.42,4.47,600.2,53.0,4.01,0.118,0.152,2.02,,,Ⅳ
2024-06-08T16:00:00+08:00,1717833600,25.4,7.42,4.42,592.9,46.9,4.26,0.107,0.145,1.96,,,Ⅳ
2024-06-08T20:00:00+08:00,1717848000,25.2,7.42,4.43,603.5,58.5,4.07,0.116,0.146,1.96,,,Ⅳ
2024-06-09T00:00:00+08:00,1717862400,25.2,7.41,4.27,593.5,53.5,4.14,0.112,0.15,2.01,,,Ⅳ
2024-06-09T04:00:00+08:00,1717876800,25.1,7.4,4.19,598.4,53.8,4.31,0.116,0.154,1.94,,,Ⅳ
2024-06-09T08:00:00+08:00,1717891200,25.0,7.41,4.31,598.6,54.7,4.32,0.133,0.148,2.09,,,Ⅳ
2024-06-09T12:00:00+08:00,1717905600,25.6,7.43,4.5,606.8,47.0,4.12,0.114,0.151,1.97,,,Ⅳ
2024-06-09T20:00:00+08:00,1717934400,26.0,7.43,4.38,608.6,34.5,3.99,0.094,0.142,2.08,,,Ⅳ
2024-06-10T04:00:00+08:00,1717963200,25.9,7.42,4.36,582.0,43.5,4.1,0.107,0.149,2.09,,,Ⅳ
2024-06-10T08:00:00+08:00,1717977600,25.7,7.43,4.35,610.1,55.4,4.42,0.116,0.148,2.01,,,Ⅳ
2024-06-10T12:00:00+08:00,1717992000,25.7,7.46,4.39,607.1,44.9,4.11,0.1,0.144,1.98,,,Ⅳ
2024-06-10T16:00:00+08:00,1718006400,25.7,7.43,4.33,583.8,47.4,4.38,0.111,0.148,2.09,,,Ⅳ
2024-06-10T20:00:00+08:00,1718020800,25.6,7.43,4.27,595.3,35.6,4.07,0.1,0.145,2.08,,,Ⅳ
2024-06-11T04:00:00+08:00,1718049600,25.1,7.4,4.16,562.3,48.5,4.25,0.126,0.151,2.17,,,Ⅳ
2024-06-11T08:00:00+08:00,1718064000,25.2,7.42,4.17,590.1,52.9,4.36,0.115,0.154,2.02,,,Ⅳ
2024-06-11T12:00:00+08:00,1718078400,25.2,7.43,4.18,589.5,42.4,4.4,0.108,0.145,2.04,,,Ⅳ
2024-06-11T16:00:00+08:00,1718092800,25.1,7.41,3.71,566.6,52.4,4.52,0.129,0.151,2.16,,,Ⅳ
2024-06-11T20:00:00+08:00,1718107200,25.0,7.4,3.65,568.5,38.9,4.36,0.124,0.145,2.18,,,Ⅳ
2024-06-12T04:00:00+08:00,1718136000,24.8,7.37,3.59,559.4,65.1,4.65,0.161,0.161,2.21,,,Ⅳ
2024-06-12T08:00:00+08:00,1718150400,24.8,7.37,3.49,580.4,52.5,4.55,0.139,0.153,2.14,,,Ⅳ
2024-06-12T12:00:00+08:00,1718164800,25.0,7.39,3.54,578.7,42.7,4.43,0.128,0.15,2.14,,,Ⅳ
2024-06-12T16:00:00+08:00,1718179200,25.4,7.42,3.46,568.4,47.4,4.5,0.143,0.161,2.13,,,Ⅳ
2024-06-13T04:00:00+08:00,1718222400,25.2,7.34,3.14,569.2,71.1,4.96,0.151,0.162,2.13,,,Ⅳ
2024-06-13T08:00:00+08:00,1718236800,25.3,7.37,3.34,587.3,56.1,4.79,0.139,0.162,2.16,,,Ⅳ
2024-06-13T12:00:00+08:00,1718251200,25.9,7.39,3.36,580.9,42.1,4.7,0.112,0.151,2.18,,,Ⅳ
2024-06-13T16:00:00+08:00,1718265600,26.3,7.37,3.38,587.8,44.5,4.85,0.126,0.156,2.14,,,Ⅳ
2024-06-13T20:00:00+08:00,1718280000,26.3,7.36,3.33,576.2,43.0,4.82,0.123,0.152,2.22,,,Ⅳ
2024-06-14T00:00:00+08:00,1718294400,26.2,7.36,3.32,595.0,34.8,4.95,0.118,0.153,2.2,,,Ⅳ
2024-06-14T04:00:00+08:00,1718308800,26.2,7.33,3.14,580.5,42.6,5.22,0.132,0.152,2.24,,,Ⅳ
2024-06-14T08:00:00+08:00,1718323200,26.2,7.32,3.24,586.2,38.9,5.1,0.124,0.155,2.22,,,Ⅳ
2024-06-14T12:00:00+08:00,1718337600,26.6,7.38,3.51,599.2,40.2,5.02,0.11,0.155,2.17,,,Ⅳ
2024-06-14T16:00:00+08:00,1718352000,26.9,7.36,3.28,590.6,49.7,5.38,0.124,0.16,2.16,,,Ⅳ
2024-06-14T20:00:00+08:00,1718366400,26.9,7.34,3.28,577.6,42.9,5.13,0.098,0.152,2.25,,,Ⅳ
2024-06-15T00:00:00+08:00,1718380800,26.8,7.35,3.27,592.5,36.7,5.08,0.1,0.153,2.22,,,Ⅳ
2024-06-15T04:00:00+08:00,1718395200,26.6,7.32,3.29,573.5,42.3,5.27,0.097,0.157,2.24,,,Ⅳ
2024-06-15T08:00:00+08:00,1718409600,26.5,7.32,3.29,570.9,39.4,5.39,0.09,0.153,2.23,,,Ⅳ
2024-06-15T12:00:00+08:00,1718424000,27.0,7.33,3.27,592.3,36.0,5.26,0.088,0.154,1.99,,,Ⅳ
2024-06-15T16:00:00+08:00,1718438400,27.7,7.36,3.48,583.2,37.2,5.14,0.084,0.152,2.2,,,Ⅳ
2024-06-15T20:00:00+08:00,1718452800,27.6,7.35,3.47,570.8,45.7,5.34,0.089,0.154,2.29,,,Ⅳ
2024-06-16T00:00:00+08:00,1718467200,27.4,7.35,3.33,576.9,36.1,5.43,0.076,0.148,2.24,,,Ⅳ
2024-06-16T04:00:00+08:00,1718481600,27.3,7.33,3.26,569.5,37.6,5.3,0.079,0.147,2.28,,,Ⅳ
2024-06-16T08:00:00+08:00,1718496000,27.3,7.35,3.45,570.2,44.4,5.42,0.078,0.154,2.14,,,Ⅳ
2024-06-16T12:00:00+08:00,1718510400,27.8,7.4,4.02,571.7,41.7,5.46,0.068,0.151,2.19,,,Ⅳ
2024-06-16T16:00:00+08:00,1718524800,28.0,7.39,3.93,572.3,39.3,5.26,0.066,0.15,2.19,,,Ⅳ
2024-06-16T20:00:00+08:00,1718539200,27.7,7.39,4.02,570.6,49.7,5.4,0.078,0.155,2.17,,,Ⅳ
2024-06-17T00:00:00+08:00,1718553600,27.6,7.39,3.93,572.3,40.2,5.53,0.074,0.155,2.22,,,Ⅳ
2024-06-17T04:00:00+08:00,1718568000,27.6,7.37,3.48,586.0,48.1,5.63,0.074,0.152,2.27,,,Ⅳ
2024-06-17T08:00:00+08:00,1718582400,27.5,7.39,3.85,572.6,49.7,5.56,0.081,0.164,2.22,,,Ⅳ
2024-06-17T12:00:00+08:00,1718596800,27.7,7.4,3.97,574.4,37.6,5.67,0.068,0.155,2.12,,,Ⅳ
2024-06-17T16:00:00+08:00,1718611200,27.7,7.4,3.97,576.6,38.8,5.73,0.07,0.157,2.14,,,Ⅳ
2024-06-17T20:00:00+08:00,1718625600,27.6,7.4,3.86,571.2,50.7,5.67,0.079,0.164,2.14,,,Ⅳ
2024-06-18T04:00:00+08:00,1718654400,27.1,7.4,3.57,591.6,37.4,5.92,0.076,0.153,2.14,,,Ⅳ
2024-06-18T08:00:00+08:00,1718668800,27.2,7.41,3.88,571.5,47.5,5.83,0.073,0.157,2.08,,,Ⅳ
2024-06-18T12:00:00+08:00,1718683200,27.6,7.41,3.98,572.1,45.6,5.81,0.072,0.158,2.03,,,Ⅳ
2024-06-18T16:00:00+08:00,1718697600,28.0,7.42,4.15,578.6,43.9,5.83,0.071,0.156,2.08,,,Ⅳ
2024-06-18T20:00:00+08:00,1718712000,27.7,7.42,4.13,571.5,49.0,5.87,0.076,0.162,2.05,,,Ⅳ
2024-06-19T04:00:00+08:00,1718740800,27.5,7.42,4.0,584.8,54.5,6.04,0.082,0.17,2.04,,,Ⅳ
2024-06-19T08:00:00+08:00,1718755200,27.3,7.42,3.99,583.4,50.8,6.11,0.086,0.158,2.16,,,Ⅳ
2024-06-19T12:00:00+08:00,1718769600,26.9,7.42,4.09,562.4,46.3,6.07,0.098,0.167,2.12,,,Ⅳ
2024-06-19T16:00:00+08:00,1718784000,27.0,7.42,4.03,571.0,42.4,6.08,0.096,0.16,2.11,,,Ⅳ
2024-06-19T20:00:00+08:00,1718798400,26.9,7.41,3.8,561.0,53.5,6.14,0.142,0.169,2.13,,,Ⅳ
2024-06-20T04:00:00+08:00,1718827200,26.4,7.39,3.66,564.5,55.1,6.7,0.17,0.168,2.22,,,Ⅳ
2024-06-20T08:00:00+08:00,1718841600,26.3,7.36,3.8,537.0,73.7,7.77,0.34,0.208,2.46,,,Ⅳ
2024-06-20T12:00:00+08:00,1718856000,25.9,7.28,3.58,508.9,87.9,8.28,0.394,0.233,2.63,,,Ⅳ
2024-06-20T16:00:00+08:00,1718870400,26.3,7.25,3.41,498.2,79.0,8.0,0.294,0.218,2.42,,,Ⅳ
2024-06-20T20:00:00+08:00,1718884800,26.3,7.28,3.7,492.0,108.6,7.89,0.255,0.216,2.35,,,Ⅳ
2024-06-21T04:00:00+08:00,1718913600,26.2,7.22,3.21,484.0,111.1,7.71,0.258,0.215,2.48,,,Ⅳ
2024-06-21T08:00:00+08:00,1718928000,26.3,7.21,3.18,484.5,89.8,7.48,0.246,0.218,2.5,,,Ⅳ
2024-06-21T12:00:00+08:00,1718942400,26.3,7.21,3.31,484.7,77.9,7.27,0.379,0.201,2.75,,,Ⅳ
2024-06-21T16:00:00+08:00,1718956800,26.4,7.22,3.01,480.5,140.9,,0.322,0.198,2.65,,,
2024-06-21T20:00:00+08:00,1718971200,26.4,7.24,2.95,488.9,200.1,6.51,0.202,0.15,2.46,,,Ⅴ
2024-06-22T00:00:00+08:00,1718985600,26.4,7.26,2.91,494.8,176.0,6.33,0.172,0.122,2.39,,,Ⅴ
2024-06-22T04:00:00+08:00,1719000000,26.3,7.2,2.6,484.6,220.8,7.22,0.236,0.128,2.47,,,Ⅴ
2024-06-22T08:00:00+08:00,1719014400,26.3,7.2,2.3,489.8,167.5,7.29,0.336,0.121,2.7,,,Ⅴ
2024-06-22T12:00:00+08:00,1719028800,27.0,7.2,2.51,487.8,164.2,7.12,0.235,0.114,2.71,,,Ⅴ
2024-06-22T16:00:00+08:00,1719043200,27.2,7.2,2.55,488.4,168.6,6.94,0.223,0.118,2.6,,,Ⅴ
2024-06-22T20:00:00+08:00,1719057600,27.1,7.2,2.34,486.6,147.7,6.88,0.214,0.12,2.71,,,Ⅴ
2024-06-23T00:00:00+08:00,1719072000,27.3,7.2,2.33,496.1,140.3,6.56,0.253,0.131,2.67,,,Ⅴ
2024-06-23T04:00:00+08:00,1719086400,27.0,7.19,2.36,486.5,192.2,7.52,0.344,0.134,2.69,,,Ⅴ
2024-06-23T08:00:00+08:00,1719100800,26.9,7.18,1.92,483.1,140.4,7.66,0.437,0.138,3.16,,,劣Ⅴ
2024-06-23T12:00:00+08:00,1719115200,26.9,7.19,2.78,480.5,149.8,7.21,0.435,0.137,2.92,,,Ⅴ
2024-06-23T16:00:00+08:00,1719129600,26.9,7.22,2.89,484.2,138.4,6.63,0.241,0.127,2.68,,,Ⅴ
2024-06-23T20:00:00+08:00,1719144000,26.4,7.2,2.95,472.1,157.8,7.17,0.416,0.137,2.74,,,Ⅴ
2024-06-24T00:00:00+08:00,1719158400,26.3,7.21,3.02,473.4,153.2,6.49,0.271,0.129,2.52,,,Ⅴ
2024-06-24T04:00:00+08:00,1719172800,26.2,7.2,2.89,465.2,170.0,7.17,0.319,0.133,2.5,,,Ⅴ
2024-06-24T08:00:00+08:00,1719187200,26.3,7.2,2.9,473.5,144.0,6.94,0.28,0.14,2.59,,,Ⅴ
2024-06-24T12:00:00+08:00,1719201600,26.3,7.19,2.55,469.4,154.0,7.0,0.277,0.133,2.49,,,Ⅴ
2024-06-24T16:00:00+08:00,1719216000,26.3,7.19,2.52,463.6,149.7,6.66,0.317,0.127,2.59,,,Ⅴ
2024-06-24T20:00:00+08:00,1719230400,26.2,7.17,2.39,465.4,138.3,6.6,0.343,0.125,2.67,,,Ⅴ
2024-06-25T00:00:00+08:00,1719244800,26.1,7.17,2.37,462.5,142.9,6.62,0.342,0.131,2.72,,,Ⅴ
2024-06-25T08:00:00+08:00,1719273600,25.9,7.18,2.37,467.2,167.0,7.11,0.311,0.133,2.65,,,Ⅴ
2024-06-25T12:00:00+08:00,1719288000,26.0,7.16,2.22,465.6,157.6,6.84,0.354,0.13,2.72,,,Ⅴ
2024-06-25T16:00:00+08:00,1719302400,25.9,7.17,2.28,463.3,152.3,6.47,0.366,0.126,2.69,,,Ⅴ
2024-06-25T20:00:00+08:00,1719316800,25.8,7.16,2.27,462.2,148.8,6.8,0.317,0.13,2.69,,,Ⅴ
2024-06-26T00:00:00+08:00,1719331200,25.6,7.16,2.17,462.1,147.0,6.62,0.399,0.133,2.75,,,Ⅴ
2024-06-26T04:00:00+08:00,1719345600,25.5,7.15,2.18,450.9,169.2,6.58,0.403,0.129,2.71,,,Ⅴ
2024-06-26T08:00:00+08:00,1719360000,25.3,7.16,2.32,462.0,211.4,7.51,0.428,0.151,2.83,,,Ⅴ
2024-06-26T16:00:00+08:00,1719388800,25.5,7.05,2.17,458.1,370.9,7.05,0.473,0.143,2.78,,,Ⅴ
2024-06-26T20:00:00+08:00,1719403200,25.4,7.02,2.61,455.5,473.6,7.5,0.435,0.153,2.81,,,Ⅴ
2024-06-27T04:00:00+08:00,1719432000,25.3,7.02,2.62,440.9,159.6,6.75,0.339,0.136,2.66,,,Ⅴ
2024-06-27T08:00:00+08:00,1719446400,25.2,7.03,2.61,452.7,156.3,7.51,0.465,0.161,2.8,,,Ⅴ
2024-06-27T12:00:00+08:00,1719460800,25.1,7.01,2.64,451.6,135.4,7.68,0.56,0.157,2.96,,,Ⅴ
2024-06-27T16:00:00+08:00,1719475200,25.2,7.02,2.64,441.0,126.6,7.04,0.346,0.154,2.73,,,Ⅴ
2024-06-27T20:00:00+08:00,1719489600,25.2,7.02,2.66,428.7,119.9,6.81,0.32,0.15,2.7,,,Ⅴ
2024-06-28T00:00:00+08:00,1719504000,25.1,7.01,2.69,422.2,120.4,6.96,0.332,0.157,2.64,,,Ⅴ
2024-06-28T04:00:00+08:00,1719518400,25.1,7.05,2.62,427.1,119.8,6.8,0.375,0.165,2.6,,,Ⅴ
2024-06-28T08:00:00+08:00,1719532800,25.1,7.06,2.59,425.6,131.9,6.81,0.34,0.173,2.59,,,Ⅴ
2024-06-28T12:00:00+08:00,1719547200,25.3,7.06,2.38,428.2,112.0,6.78,0.304,0.176,2.62,,,Ⅴ
2024-06-28T16:00:00+08:00,1719561600,25.3,7.05,2.36,428.1,109.9,6.78,0.304,0.176,2.62,,,Ⅴ
2024-06-28T20:00:00+08:00,1719576000,25.4,7.09,2.33,427.1,108.0,6.55,0.441,0.185,2.07,,,Ⅴ
2024-06-29T00:00:00+08:00,1719590400,25.4,7.1,2.24,428.6,103.8,6.37,0.415,0.211,2.12,,,Ⅴ
2024-06-29T04:00:00+08:00,1719604800,25.3,7.1,2.11,422.9,107.9,6.18,0.41,0.234,2.12,,,Ⅴ
2024-06-29T08:00:00+08:00,1719619200,25.3,7.1,2.15,425.6,113.6,6.2,0.425,0.234,2.13,,,Ⅴ
2024-06-29T12:00:00+08:00,1719633600,25.7,7.11,2.03,423.7,102.8,6.55,0.369,0.245,2.03,,,Ⅴ
2024-06-29T16:00:00+08:00,1719648000,25.9,7.1,2.28,424.6,103.2,6.76,0.448,0.262,2.16,,,Ⅴ
2024-06-29T20:00:00+08:00,1719662400,26.0,7.14,1.96,423.9,100.6,5.76,0.435,0.25,2.17,,,劣Ⅴ
2024-06-30T00:00:00+08:00,1719676800,25.9,7.14,1.85,425.5,97.1,6.04,0.402,0.254,2.23,,,劣Ⅴ
2024-06-30T04:00:00+08:00,1719691200,25.9,7.13,1.72,423.8,99.9,5.9,0.4,0.253,2.17,,,劣Ⅴ
2024-06-30T08:00:00+08:00,1719705600,25.9,7.14,1.75,422.7,99.4,5.74,0.378,0.26,2.21,,,劣Ⅴ
2024-06-30T12:00:00+08:00,1719720000,26.0,7.15,1.67,427.0,108.2,5.96,0.336,0.257,2.09,,,劣Ⅴ
2024-06-30T16:00:00+08:00,1719734400,26.1,7.13,1.65,429.1,98.4,5.98,0.277,0.256,2.18,,,劣Ⅴ
2024-06-30T20:00:00+08:00,1719748800,26.1,7.15,1.81,426.7,101.1,6.09,0.312,0.256,2.19,,,劣Ⅴ
2024-07-01T00:00:00+08:00,1719763200,26.1,7.15,1.69,427.0,113.3,6.05,0.271,0.26,2.04,,,劣Ⅴ
2024-07-01T04:00:00+08:00,1719777600,26.1,7.13,1.4,427.1,100.6,6.21,0.27,0.262,2.09,,,劣Ⅴ
2024-07-01T12:00:00+08:00,1719806400,26.3,7.14,1.6,429.0,116.8,6.11,0.277,0.263,1.95,,,劣Ⅴ
2024-07-03T16:00:00+08:00,1719993600,29.2,7.19,2.48,428.1,44.8,6.07,0.095,0.248,2.17,,,Ⅴ
2024-07-04T04:00:00+08:00,1720036800,28.8,7.25,2.7,438.9,93.9,6.47,0.134,0.257,2.15,,,Ⅴ
2024-07-04T08:00:00+08:00,1720051200,28.7,7.2,2.33,436.9,46.2,5.88,0.169,0.252,2.5,,,Ⅴ
2024-07-04T12:00:00+08:00,1720065600,29.3,7.25,2.6,440.3,53.6,6.23,0.105,0.266,2.23,,,Ⅴ
2024-07-04T16:00:00+08:00,1720080000,29.7,7.24,2.64,440.5,51.3,6.21,0.081,0.254,2.3,,,Ⅴ
2024-07-04T20:00:00+08:00,1720094400,29.8,7.25,2.85,441.6,54.5,6.26,0.07,0.255,2.33,,,Ⅴ
2024-07-05T04:00:00+08:00,1720123200,29.7,7.24,2.64,442.3,79.2,6.39,0.072,0.241,2.18,,,Ⅴ
2024-07-05T08:00:00+08:00,1720137600,29.8,7.2,2.43,445.0,47.8,6.23,0.078,0.246,2.36,,,Ⅴ
2024-07-05T16:00:00+08:00,1720166400,31.2,7.27,3.22,441.0,52.6,6.23,0.042,0.233,2.2,,,Ⅳ
2024-07-05T20:00:00+08:00,1720180800,31.1,7.3,3.59,446.0,45.9,5.98,0.038,0.226,2.29,,,Ⅳ
2024-07-06T04:00:00+08:00,1720209600,30.8,7.26,2.99,443.1,75.9,6.38,0.046,0.236,2.07,,,Ⅴ
2024-07-06T08:00:00+08:00,1720224000,30.7,7.24,2.61,448.7,40.9,6.1,0.04,0.227,2.44,,,Ⅴ
2024-07-06T12:00:00+08:00,1720238400,31.5,7.29,3.28,446.2,48.7,6.1,0.035,0.227,2.31,,,Ⅳ
2024-07-06T20:00:00+08:00,1720267200,31.8,7.3,3.22,447.1,42.7,6.07,0.036,0.233,2.23,,,Ⅳ
2024-07-07T04:00:00+08:00,1720296000,31.5,7.3,3.19,446.6,66.4,6.21,0.044,0.224,2.05,,,Ⅳ
2024-07-07T08:00:00+08:00,1720310400,31.4,7.25,2.55,456.1,49.0,6.17,0.035,0.23,2.35,,,Ⅴ
2024-07-07T12:00:00+08:00,1720324800,32.0,7.3,3.3,457.6,37.8,5.93,0.029,0.232,2.44,,,Ⅳ
2024-07-07T16:00:00+08:00,1720339200,32.6,7.36,3.6,453.8,45.5,5.94,0.028,0.23,2.27,,,Ⅳ
2024-07-07T20:00:00+08:00,1720353600,32.2,7.31,3.17,455.6,40.3,5.9,0.029,0.226,2.44,,,Ⅳ
2024-07-08T00:00:00+08:00,1720368000,32.1,7.3,3.03,456.5,43.6,5.8,0.034,0.224,2.37,,,Ⅳ
2024-07-08T04:00:00+08:00,1720382400,32.0,7.3,2.79,455.8,56.6,5.99,0.038,0.228,2.2,,,Ⅴ
2024-07-08T08:00:00+08:00,1720396800,31.9,7.3,2.56,463.3,58.3,6.09,0.059,0.229,2.54,,,Ⅴ
2024-07-08T12:00:00+08:00,1720411200,32.1,7.3,2.76,462.8,36.1,5.79,0.049,0.223,2.59,,,Ⅴ
2024-07-08T16:00:00+08:00,1720425600,32.8,7.31,2.86,462.2,44.7,6.17,0.056,0.226,2.52,,,Ⅴ
2024-07-08T20:00:00+08:00,1720440000,32.7,7.3,2.92,466.5,44.5,6.01,0.041,0.223,2.39,,,Ⅴ
2024-07-09T00:00:00+08:00,1720454400,32.4,7.29,2.58,467.2,37.1,5.77,0.047,0.221,2.44,,,Ⅴ
2024-07-09T04:00:00+08:00,1720468800,32.1,7.29,2.44,462.6,47.3,5.96,0.057,0.23,2.48,,,Ⅴ
2024-07-09T08:00:00+08:00,1720483200,32.0,7.31,2.79,471.9,67.5,5.84,0.051,0.22,2.3,,,Ⅴ
2024-07-09T12:00:00+08:00,1720497600,32.1,7.32,3.17,469.6,39.9,5.37,0.036,0.219,2.4,,,Ⅳ
2024-07-09T16:00:00+08:00,1720512000,32.5,7.34,2.93,467.8,42.4,5.48,0.038,0.214,2.51,,,Ⅴ
2024-07-09T20:00:00+08:00,1720526400,32.2,7.34,3.12,470.9,54.8,5.63,0.044,0.216,2.34,,,Ⅳ
2024-07-10T00:00:00+08:00,1720540800,32.1,7.3,2.54,471.3,37.7,5.48,0.041,0.214,2.43,,,Ⅴ
2024-07-10T04:00:00+08:00,1720555200,32.0,7.31,2.54,471.3,55.4,5.73,0.041,0.216,2.33,,,Ⅴ
2024-07-10T08:00:00+08:00,1720569600,32.0,7.33,2.72,482.4,89.4,5.5,0.071,0.218,2.05,,,Ⅴ
2024-07-10T12:00:00+08:00,1720584000,32.0,7.37,3.16,480.7,44.0,4.87,0.034,0.187,2.28,,,Ⅳ
2024-07-10T16:00:00+08:00,1720598400,32.1,7.34,2.75,479.4,50.0,5.31,0.05,0.196,2.3,,,Ⅴ
2024-07-10T20:00:00+08:00,1720612800,32.0,7.36,2.85,481.5,66.0,5.15,0.065,0.197,2.16,,,Ⅴ
2024-07-11T00:00:00+08:00,1720627200,31.9,7.36,2.74,479.6,47.3,4.81,0.052,0.18,2.24,,,Ⅴ
2024-07-11T04:00:00+08:00,1720641600,31.7,7.31,2.55,478.4,48.5,5.18,0.054,0.186,2.3,,,Ⅴ
2024-07-11T08:00:00+08:00,1720656000,31.6,7.31,2.58,481.5,93.1,5.29,0.074,0.187,1.82,,,Ⅴ
2024-07-11T12:00:00+08:00,1720670400,32.0,7.38,3.19,473.6,49.9,4.43,0.041,0.169,2.02,,,Ⅳ
2024-07-11T16:00:00+08:00,1720684800,31.9,7.35,2.74,479.3,51.7,4.87,0.04,0.17,2.14,,,Ⅴ
2024-07-11T20:00:00+08:00,1720699200,31.8,7.38,3.16,468.1,76.5,4.48,0.043,0.16,1.74,,,Ⅳ
2024-07-12T00:00:00+08:00,1720713600,31.6,7.35,2.81,461.6,47.9,4.28,0.036,0.151,1.93,,,Ⅴ
2024-07-12T04:00:00+08:00,1720728000,31.2,7.31,2.53,475.3,52.1,4.7,0.042,0.162,2.02,,,Ⅴ
2024-07-12T08:00:00+08:00,1720742400,31.2,7.35,2.77,457.6,91.9,4.49,0.054,0.166,1.56,,,Ⅴ
2024-07-12T12:00:00+08:00,1720756800,30.8,7.31,2.65,455.4,52.8,4.7,0.094,0.162,2.07,,,Ⅴ
2024-07-12T16:00:00+08:00,1720771200,30.6,7.35,3.18,450.4,82.8,4.81,0.271,0.192,1.92,,,Ⅳ
2024-07-12T20:00:00+08:00,1720785600,30.4,7.16,2.93,450.4,93.2,4.83,0.281,0.176,2.1,,,Ⅴ
2024-07-13T00:00:00+08:00,1720800000,30.3,7.14,2.78,453.3,74.5,4.99,0.231,0.17,2.11,,,Ⅴ
2024-07-13T04:00:00+08:00,1720814400,30.0,7.14,2.59,461.3,69.2,4.9,0.099,0.176,2.07,,,Ⅴ
2024-07-13T08:00:00+08:00,1720828800,29.8,7.13,2.52,452.8,106.8,5.15,0.22,0.187,1.96,,,Ⅴ
2024-07-13T12:00:00+08:00,1720843200,30.0,7.14,2.58,448.9,65.9,4.86,0.096,0.18,2.09,,,Ⅴ
2024-07-13T16:00:00+08:00,1720857600,29.9,7.12,2.33,452.2,66.3,4.88,0.254,0.188,2.14,,,Ⅴ
2024-07-13T20:00:00+08:00,1720872000,29.8,7.12,2.07,454.2,71.9,5.17,0.289,0.19,2.37,,,Ⅴ
2024-07-15T08:00:00+08:00,1721001600,29.6,7.17,1.32,463.3,39.7,5.25,0.131,0.201,2.54,,,劣Ⅴ
2024-07-15T12:00:00+08:00,1721016000,29.8,7.16,1.43,462.8,42.0,5.23,0.081,0.2,2.44,,,劣Ⅴ
2024-07-15T16:00:00+08:00,1721030400,30.2,7.15,1.66,469.4,39.2,5.12,0.23,0.206,2.58,,,劣Ⅴ
2024-07-15T20:00:00+08:00,1721044800,29.9,7.15,1.46,466.6,35.7,5.37,0.259,0.212,2.64,,,劣Ⅴ
2024-07-16T00:00:00+08:00,1721059200,29.9,7.15,1.45,467.9,41.5,5.4,0.159,0.214,2.53,,,劣Ⅴ
2024-07-16T04:00:00+08:00,1721073600,29.8,7.15,1.48,469.7,33.1,5.77,0.542,0.216,2.86,,,劣Ⅴ
2024-07-16T08:00:00+08:00,1721088000,29.8,7.15,1.45,467.1,33.3,5.42,0.206,0.211,2.66,,,劣Ⅴ
2024-07-16T12:00:00+08:00,1721102400,30.3,7.15,1.71,468.0,41.6,5.57,0.227,0.219,2.74,,,劣Ⅴ
2024-07-16T16:00:00+08:00,1721116800,30.7,7.17,2.31,480.6,51.7,5.77,0.392,0.241,2.66,,,Ⅴ
2024-07-16T20:00:00+08:00,1721131200,30.9,7.2,2.4,473.8,45.0,5.48,0.518,0.219,2.78,,,Ⅴ
2024-07-17T00:00:00+08:00,1721145600,30.7,7.18,2.01,474.8,47.9,5.58,0.368,0.221,2.67,,,Ⅴ
2024-07-17T04:00:00+08:00,1721160000,30.6,7.17,1.89,486.3,32.1,5.53,0.316,0.216,2.8,,,劣Ⅴ
2024-07-17T08:00:00+08:00,1721174400,30.5,7.17,1.93,477.7,36.0,5.55,0.408,0.218,2.79,,,劣Ⅴ
2024-07-17T12:00:00+08:00,1721188800,31.1,7.2,2.39,475.3,36.8,5.51,0.532,0.214,2.88,,,Ⅴ
2024-07-17T16:00:00+08:00,1721203200,32.3,7.42,5.17,481.9,28.2,6.01,0.379,0.207,2.9,,,Ⅳ
2024-07-17T20:00:00+08:00,1721217600,31.3,7.23,3.19,473.7,39.7,5.53,0.572,0.206,2.93,,,Ⅳ
2024-07-18T00:00:00+08:00,1721232000,31.2,7.24,2.88,473.7,38.4,5.58,0.583,0.218,2.95,,,Ⅴ
2024-07-18T04:00:00+08:00,1721246400,31.2,7.22,2.54,484.6,40.6,6.0,0.61,0.206,2.95,,,Ⅴ
2024-07-18T08:00:00+08:00,1721260800,31.2,7.2,2.42,483.9,29.6,5.99,0.561,0.209,3.0,,,Ⅴ
2024-07-18T12:00:00+08:00,1721275200,31.9,7.24,2.72,481.0,36.9,5.62,0.458,0.216,2.87,,,Ⅴ
2024-07-18T16:00:00+08:00,1721289600,32.1,7.3,3.33,481.3,33.1,5.74,0.344,0.212,2.92,,,Ⅳ
2024-07-18T20:00:00+08:00,1721304000,31.9,7.23,2.75,483.0,42.9,5.68,0.478,0.208,,,,Ⅴ
2024-07-19T00:00:00+08:00,1721318400,31.9,7.25,2.97,484.1,49.8,5.45,0.404,0.208,2.62,,,Ⅴ
2024-07-19T04:00:00+08:00,1721332800,31.6,7.2,2.55,488.6,42.8,6.1,0.567,0.204,2.94,,,Ⅴ
2024-07-19T08:00:00+08:00,1721347200,31.6,7.2,2.45,488.4,31.8,6.15,0.487,0.206,2.93,,,Ⅴ
2024-07-19T12:00:00+08:00,1721361600,32.1,7.2,2.52,483.6,41.0,5.62,0.414,0.212,2.71,,,Ⅴ
2024-07-19T16:00:00+08:00,1721376000,32.6,7.2,2.41,483.0,37.9,5.48,0.366,0.203,2.72,,,Ⅴ
2024-07-20T00:00:00+08:00,1721404800,32.1,7.2,2.44,484.1,40.0,5.51,0.326,0.206,2.67,,,Ⅴ
2024-07-20T04:00:00+08:00,1721419200,32.0,7.2,2.52,494.3,43.4,6.12,0.483,0.204,2.91,,,Ⅴ
2024-07-20T08:00:00+08:00,1721433600,32.0,7.18,2.34,494.2,26.3,5.88,0.332,0.199,3.09,,,Ⅴ
2024-07-20T12:00:00+08:00,1721448000,32.6,7.19,2.4,494.6,32.7,6.04,0.355,0.197,2.99,,,Ⅴ
2024-07-20T16:00:00+08:00,1721462400,32.8,7.2,2.43,497.3,36.4,,0.399,,2.96,,,
2024-07-20T20:00:00+08:00,1721476800,32.7,7.19,2.55,498.5,35.1,5.79,0.352,0.197,2.89,,,Ⅴ
2024-07-21T00:00:00+08:00,1721491200,32.6,7.2,2.43,490.7,36.9,5.8,0.344,0.2,2.8,,,Ⅴ
2024-07-21T04:00:00+08:00,1721505600,32.2,7.18,2.13,496.2,41.2,6.07,0.364,0.199,2.88,,,Ⅴ
2024-07-21T08:00:00+08:00,1721520000,32.1,7.18,2.17,495.5,25.5,6.17,0.12,0.197,3.06,,,Ⅴ
2024-07-21T12:00:00+08:00,1721534400,32.9,7.19,2.08,496.6,30.6,6.0,0.21,0.192,2.93,,,Ⅴ
2024-07-22T04:00:00+08:00,1721592000,32.5,7.2,1.68,497.7,37.0,6.15,0.178,0.186,2.91,,,劣Ⅴ
2024-07-22T08:00:00+08:00,1721606400,32.3,7.24,2.23,501.0,29.0,5.85,0.046,0.187,3.06,,,Ⅴ
2024-07-22T12:00:00+08:00,1721620800,33.2,7.28,2.45,500.6,31.5,5.83,0.046,0.185,2.89,,,Ⅴ
2024-07-22T16:00:00+08:00,1721635200,33.8,7.29,2.37,500.2,35.1,5.82,0.064,0.184,2.89,,,Ⅴ
2024-07-22T20:00:00+08:00,1721649600,33.2,7.3,2.61,502.4,29.8,5.77,0.047,0.183,2.96,,,Ⅴ
2024-07-23T00:00:00+08:00,1721664000,32.8,7.28,2.29,499.1,34.2,5.95,0.062,0.186,2.88,,,Ⅴ
2024-07-23T04:00:00+08:00,1721678400,32.6,7.26,2.14,499.5,38.9,5.95,0.069,0.189,2.84,,,Ⅴ
2024-07-23T08:00:00+08:00,1721692800,32.6,7.29,2.45,505.9,38.0,5.96,0.047,0.189,2.97,,,Ⅴ
2024-07-23T12:00:00+08:00,1721707200,33.4,7.3,2.99,505.8,34.7,5.79,0.038,0.187,2.88,,,Ⅴ
2024-07-23T16:00:00+08:00,1721721600,33.9,7.32,2.79,502.8,39.5,5.83,0.045,0.188,2.77,,,Ⅴ
2024-07-23T20:00:00+08:00,1721736000,33.3,7.33,3.07,506.9,38.1,4.82,0.025,0.671,,,,劣Ⅴ
2024-07-24T00:00:00+08:00,1721750400,32.8,7.3,2.76,506.4,40.0,6.12,0.042,0.179,2.8,,,Ⅴ
2024-07-24T04:00:00+08:00,1721764800,32.6,7.3,2.63,502.5,46.6,6.07,0.043,0.182,2.66,,,Ⅴ
2024-07-24T08:00:00+08:00,1721779200,32.5,7.3,2.66,511.4,54.3,,0.047,0.18,2.79,,,
2024-07-24T12:00:00+08:00,1721793600,33.1,7.3,2.67,512.1,44.9,5.8,0.043,0.178,2.84,,,Ⅴ
2024-07-24T16:00:00+08:00,1721808000,33.5,7.33,3.02,510.8,46.5,5.91,0.049,0.184,2.72,,,Ⅳ
2024-07-24T20:00:00+08:00,1721822400,33.0,7.31,2.91,514.8,47.5,5.71,0.055,0.176,2.8,,,Ⅴ
2024-07-25T00:00:00+08:00,1721836800,32.7,7.31,3.1,512.9,44.0,5.67,0.047,0.183,2.83,,,Ⅳ
2024-07-25T04:00:00+08:00,1721851200,32.2,7.3,2.57,511.2,51.0,5.91,0.054,0.182,2.67,,,Ⅴ
2024-07-25T08:00:00+08:00,1721865600,32.1,7.33,2.94,509.3,57.1,5.66,0.059,0.186,2.55,,,Ⅴ
2024-07-25T12:00:00+08:00,1721880000,32.6,7.37,3.16,508.6,51.2,5.19,0.043,0.179,2.74,,,Ⅳ
2024-07-25T16:00:00+08:00,1721894400,32.7,7.36,3.09,512.9,53.9,5.01,0.025,0.147,,,,Ⅳ
2024-07-25T20:00:00+08:00,1721908800,32.2,7.35,2.96,510.9,60.3,5.62,0.03,0.153,2.58,,,Ⅴ
2024-07-26T00:00:00+08:00,1721923200,32.0,7.37,3.17,508.4,54.4,5.23,0.053,0.176,2.7,,,Ⅳ
2024-07-26T04:00:00+08:00,1721937600,31.9,7.35,2.82,512.8,56.8,5.78,0.029,0.182,2.67,,,Ⅴ
2024-07-26T08:00:00+08:00,1721952000,31.8,7.36,2.71,506.2,60.7,5.57,0.037,0.182,2.22,,,Ⅴ
2024-07-26T12:00:00+08:00,1721966400,31.6,7.36,3.16,490.9,60.3,5.09,0.075,0.174,2.36,,,Ⅳ
2024-07-26T16:00:00+08:00,1721980800,31.6,7.36,3.09,504.3,59.9,4.43,0.025,0.259,,,,Ⅳ
2024-07-26T20:00:00+08:00,1721995200,31.3,7.26,2.58,504.0,66.0,5.71,0.196,0.173,2.43,,,Ⅴ
2024-07-27T00:00:00+08:00,1722009600,31.1,7.32,3.25,494.8,60.6,5.08,0.08,0.18,2.42,,,Ⅳ
2024-07-27T04:00:00+08:00,1722024000,30.6,7.31,2.98,505.2,62.4,5.69,0.118,0.189,2.6,,,Ⅴ
2024-07-27T08:00:00+08:00,1722038400,30.7,7.28,2.92,502.3,66.0,5.53,0.116,0.177,2.32,,,Ⅴ
2024-07-27T12:00:00+08:00,1722052800,31.3,7.35,3.26,494.4,62.8,5.22,0.051,0.17,2.28,,,Ⅳ
2024-07-27T16:00:00+08:00,1722067200,31.2,7.19,3.21,519.4,96.4,5.91,,0.206,3.22,,,
2024-07-28T00:00:00+08:00,1722096000,30.7,7.24,3.27,515.6,60.6,5.14,0.107,0.187,3.18,,,Ⅳ
2024-07-28T04:00:00+08:00,1722110400,30.4,7.23,3.3,520.7,80.9,5.86,0.073,0.201,3.2,,,Ⅳ
2024-07-29T04:00:00+08:00,1722196800,30.7,7.23,2.88,524.3,64.1,6.19,0.213,0.211,3.52,,,Ⅴ
2024-07-29T08:00:00+08:00,1722211200,30.7,7.23,2.79,519.7,66.7,6.18,0.161,0.211,3.38,,,Ⅴ
2024-07-29T16:00:00+08:00,1722240000,32.0,7.23,2.81,528.4,76.2,6.23,0.153,0.216,3.26,,,Ⅴ
2024-07-29T20:00:00+08:00,1722254400,31.6,7.28,3.06,518.9,84.2,6.41,0.11,0.22,3.17,,,Ⅳ
2024-07-30T00:00:00+08:00,1722268800,31.4,7.27,2.69,527.5,65.5,6.1,0.131,0.222,3.3,,,Ⅴ
2024-07-30T04:00:00+08:00,1722283200,31.2,7.28,2.71,528.6,62.4,3.62,0.025,0.507,,,,劣Ⅴ
2024-07-30T08:00:00+08:00,1722297600,31.2,7.31,2.82,518.6,71.4,4.56,0.025,0.033,,,,Ⅴ
2024-07-30T12:00:00+08:00,1722312000,32.2,7.31,3.1,522.0,62.4,6.17,0.089,0.198,3.19,,,Ⅳ
2024-07-31T08:00:00+08:00,1722384000,31.7,7.11,2.71,524.1,66.8,6.27,0.13,0.213,3.24,,,Ⅴ
2024-07-31T16:00:00+08:00,1722412800,33.2,7.11,2.93,514.5,61.5,5.82,0.133,0.21,3.15,,,Ⅴ
2024-07-31T20:00:00+08:00,1722427200,32.7,7.16,3.09,510.4,70.8,5.85,0.137,0.216,3.05,,,Ⅳ
2024-08-01T00:00:00+08:00,1722441600,32.5,7.11,2.83,510.6,65.5,5.67,0.126,0.206,2.91,,,Ⅴ
2024-08-01T04:00:00+08:00,1722456000,32.1,7.08,2.65,525.0,56.3,6.3,0.105,0.207,3.17,,,Ⅴ
2024-08-01T08:00:00+08:00,1722470400,32.3,7.1,2.63,522.5,55.4,6.08,0.092,0.208,3.13,,,Ⅴ
2024-08-01T12:00:00+08:00,1722484800,33.4,7.1,2.59,514.6,61.5,5.75,0.083,0.212,3.07,,,Ⅴ
2024-08-01T16:00:00+08:00,1722499200,34.4,7.14,2.69,516.1,55.7,5.64,0.067,0.203,3.04,,,Ⅴ
2024-08-01T20:00:00+08:00,1722513600,33.4,7.12,2.73,515.2,62.7,5.79,0.071,0.199,3.05,,,Ⅴ
2024-08-02T00:00:00+08:00,1722528000,33.3,7.11,2.72,508.4,63.5,5.8,0.075,0.201,3.0,,,Ⅴ
2024-08-02T08:00:00+08:00,1722556800,33.1,7.14,2.65,526.2,50.1,5.94,0.048,0.203,3.03,,,Ⅴ
2024-08-02T12:00:00+08:00,1722571200,34.2,7.13,2.97,519.6,62.6,5.92,0.055,0.206,3.0,,,Ⅴ
2024-08-02T16:00:00+08:00,1722585600,34.9,7.11,3.31,487.2,94.6,5.69,0.048,0.203,3.05,,,Ⅳ
2024-08-02T20:00:00+08:00,1722600000,34.0,7.11,3.43,486.9,83.3,5.56,0.047,0.202,3.0,,,Ⅳ
2024-08-03T00:00:00+08:00,1722614400,33.5,7.09,3.44,479.7,95.1,5.5,0.06,0.203,3.04,,,Ⅳ
2024-08-03T04:00:00+08:00,1722628800,33.5,7.08,3.3,490.7,102.1,5.79,0.047,0.204,3.01,,,Ⅳ
2024-08-03T08:00:00+08:00,1722643200,33.5,7.08,3.32,490.9,73.2,5.81,0.044,0.204,2.98,,,Ⅳ
2024-08-03T12:00:00+08:00,1722657600,34.6,7.11,3.27,491.7,90.5,5.81,0.046,0.217,2.98,,,Ⅳ
2024-08-03T16:00:00+08:00,1722672000,35.4,7.12,3.34,489.0,82.5,5.54,0.05,0.21,3.04,,,Ⅳ
2024-08-03T20:00:00+08:00,1722686400,34.3,7.12,3.39,494.8,79.7,5.8,0.044,0.212,3.02,,,Ⅳ
2024-08-04T00:00:00+08:00,1722700800,34.0,7.1,3.6,486.0,89.3,5.46,0.058,0.204,2.96,,,Ⅳ
2024-08-04T04:00:00+08:00,1722715200,33.7,7.09,3.27,492.4,97.1,5.74,0.054,0.217,3.02,,,Ⅳ
2024-08-05T04:00:00+08:00,1722801600,33.5,7.09,3.23,493.0,92.8,5.75,0.079,0.227,3.04,,,Ⅳ
2024-08-05T08:00:00+08:00,1722816000,33.6,7.12,3.23,504.7,85.3,6.11,0.127,0.228,3.14,,,Ⅳ
2024-08-05T16:00:00+08:00,1722844800,35.2,7.12,3.18,495.6,103.3,5.82,0.066,0.226,2.97,,,Ⅳ
2024-08-05T20:00:00+08:00,1722859200,34.1,7.17,3.17,506.0,84.5,5.96,0.078,0.226,3.02,,,Ⅳ
2024-08-06T00:00:00+08:00,1722873600,33.6,7.28,3.4,497.2,79.7,5.6,0.055,0.221,2.9,,,Ⅳ
2024-08-06T04:00:00+08:00,1722888000,33.4,7.35,3.29,491.0,89.6,5.57,0.064,0.218,2.95,,,Ⅳ
2024-08-06T08:00:00+08:00,1722902400,33.4,7.37,3.37,504.7,81.9,5.79,0.053,0.219,2.97,,,Ⅳ
2024-08-06T12:00:00+08:00,1722916800,34.3,7.32,3.27,511.0,76.3,6.04,0.05,0.232,2.93,,,Ⅳ
2024-08-06T16:00:00+08:00,1722931200,35.1,7.32,3.38,498.7,93.2,5.81,0.052,0.23,2.9,,,Ⅳ
2024-08-06T20:00:00+08:00,1722945600,34.0,7.38,3.23,509.2,96.6,5.76,0.048,0.227,2.96,,,Ⅳ
2024-08-07T00:00:00+08:00,1722960000,33.5,7.38,3.16,503.5,90.7,5.76,0.047,0.225,2.92,,,Ⅳ
2024-08-07T04:00:00+08:00,1722974400,33.2,7.41,3.01,493.9,96.9,5.6,0.055,0.228,2.84,,,Ⅳ
2024-08-07T12:00:00+08:00,1723003200,34.3,7.44,3.05,513.7,92.0,5.88,0.043,0.226,2.85,,,Ⅳ
2024-08-07T16:00:00+08:00,1723017600,34.9,7.4,3.03,507.6,89.2,5.55,0.048,0.222,2.84,,,Ⅳ
2024-08-07T20:00:00+08:00,1723032000,33.5,7.44,3.05,513.4,83.7,5.81,0.056,0.227,2.84,,,Ⅳ
2024-08-08T00:00:00+08:00,1723046400,33.3,7.45,3.11,512.9,90.2,5.67,0.044,0.229,2.95,,,Ⅳ
2024-08-08T20:00:00+08:00,1723118400,34.7,7.13,3.23,518.2,133.0,6.18,0.092,0.232,2.82,,,Ⅳ
2024-08-09T04:00:00+08:00,1723147200,34.1,7.07,2.73,497.0,99.1,5.97,0.072,0.23,2.83,,,Ⅴ
2024-08-10T12:00:00+08:00,1723262400,34.8,7.15,3.04,516.0,97.6,5.92,0.055,0.225,2.73,,,Ⅳ
2024-08-11T16:00:00+08:00,1723363200,35.2,7.12,2.99,494.8,115.5,5.33,0.107,0.215,2.61,,,Ⅴ
2024-08-11T20:00:00+08:00,1723377600,34.6,7.12,2.84,497.9,103.4,5.61,0.111,0.215,2.64,,,Ⅴ
2024-08-12T00:00:00+08:00,1723392000,34.4,7.13,2.85,505.7,84.5,5.58,0.08,0.214,2.67,,,Ⅴ
2024-08-12T08:00:00+08:00,1723420800,34.0,7.1,2.86,492.8,100.9,5.5,0.105,0.221,2.67,,,Ⅴ
2024-08-13T00:00:00+08:00,1723478400,34.2,7.13,3.11,501.0,81.7,5.48,0.072,0.211,2.74,,,Ⅳ
2024-08-13T08:00:00+08:00,1723507200,33.7,7.12,2.9,488.7,107.3,5.01,0.118,0.214,2.63,,,Ⅴ
2024-08-13T16:00:00+08:00,1723536000,33.6,7.13,3.05,487.9,103.5,4.95,0.132,0.214,2.46,,,Ⅳ
2024-08-13T20:00:00+08:00,1723550400,33.5,7.15,3.36,484.0,104.5,4.69,0.118,0.21,2.57,,,Ⅳ
2024-08-14T04:00:00+08:00,1723579200,33.1,7.11,3.14,492.8,96.7,4.96,0.155,0.209,2.77,,,Ⅳ
2024-08-14T12:00:00+08:00,1723608000,33.5,7.12,2.95,490.3,104.3,4.98,0.114,0.205,2.49,,,Ⅴ
2024-08-14T16:00:00+08:00,1723622400,34.2,7.14,3.19,489.1,104.3,4.9,0.13,0.201,2.53,,,Ⅳ
2024-08-14T20:00:00+08:00,1723636800,33.5,7.14,3.04,490.7,91.9,4.89,0.116,0.208,2.54,,,Ⅳ
2024-08-15T04:00:00+08:00,1723665600,32.8,7.12,2.73,494.6,84.5,5.2,0.165,0.204,2.59,,,Ⅴ
2024-08-15T12:00:00+08:00,1723694400,33.4,7.15,3.0,490.5,93.8,4.8,0.107,0.211,2.52,,,Ⅳ
2024-08-15T16:00:00+08:00,1723708800,33.1,7.15,2.76,490.9,82.1,5.08,0.126,0.202,2.51,,,Ⅴ
2024-08-15T20:00:00+08:00,1723723200,32.7,7.2,2.78,489.4,103.7,5.3,0.112,0.209,2.51,,,Ⅴ
2024-08-16T04:00:00+08:00,1723752000,32.2,7.19,2.65,493.6,88.5,5.32,0.134,0.212,2.58,,,Ⅴ
2024-08-16T08:00:00+08:00,1723766400,32.2,7.17,2.53,493.9,104.3,5.15,0.148,0.208,2.55,,,Ⅴ
2024-08-16T12:00:00+08:00,1723780800,33.0,7.18,2.46,489.2,110.3,5.11,0.126,0.208,2.48,,,Ⅴ
2024-08-16T16:00:00+08:00,1723795200,32.8,7.2,2.5,488.3,104.8,4.98,0.1,0.2,2.39,,,Ⅴ
2024-08-16T20:00:00+08:00,1723809600,32.5,7.19,2.54,489.1,100.3,4.99,0.111,0.206,2.52,,,Ⅴ
2024-08-17T04:00:00+08:00,1723838400,32.0,7.21,2.56,493.2,97.2,5.17,0.107,0.211,2.47,,,Ⅴ
2024-08-17T08:00:00+08:00,1723852800,32.0,7.19,2.45,496.6,97.9,5.08,0.177,0.214,2.62,,,Ⅴ
2024-08-17T12:00:00+08:00,1723867200,33.1,7.2,2.4,488.4,114.0,5.15,0.093,0.208,2.48,,,Ⅴ
2024-08-17T16:00:00+08:00,1723881600,32.9,7.21,2.47,488.6,99.9,5.17,0.08,0.208,2.47,,,Ⅴ
2024-08-17T20:00:00+08:00,1723896000,32.5,7.21,2.51,490.4,98.7,5.17,0.086,0.208,2.47,,,Ⅴ
2024-08-18T16:00:00+08:00,1723968000,33.5,7.29,2.58,492.6,107.2,5.07,0.064,0.206,2.41,,,Ⅴ
2024-08-18T20:00:00+08:00,1723982400,32.6,7.28,2.54,493.2,102.9,5.08,0.063,0.206,2.49,,,Ⅴ
2024-08-19T00:00:00+08:00,1723996800,32.4,7.3,2.59,490.4,109.8,4.96,0.059,0.206,2.48,,,Ⅴ
2024-08-19T04:00:00+08:00,1724011200,32.1,7.31,2.55,494.7,123.9,5.18,0.057,0.204,2.39,,,Ⅴ
2024-08-19T08:00:00+08:00,1724025600,32.1,7.3,2.53,498.4,88.3,5.34,0.046,0.202,2.44,,,Ⅴ
2024-08-19T12:00:00+08:00,1724040000,33.1,7.32,2.59,497.0,129.3,5.19,0.059,0.204,2.41,,,Ⅴ
2024-08-19T16:00:00+08:00,1724054400,33.5,7.35,2.87,497.4,119.9,5.26,0.054,0.203,2.45,,,Ⅴ
2024-08-19T20:00:00+08:00,1724068800,32.7,7.34,2.73,500.8,95.7,5.13,0.048,0.206,2.37,,,Ⅴ
2024-08-20T00:00:00+08:00,1724083200,32.5,7.33,2.81,494.0,112.3,5.17,0.054,0.199,2.42,,,Ⅴ
2024-08-20T04:00:00+08:00,1724097600,32.1,7.34,2.75,497.6,137.7,5.3,0.054,0.208,2.37,,,Ⅴ
2024-08-20T08:00:00+08:00,1724112000,32.3,7.33,2.72,502.2,102.5,5.28,0.043,0.209,2.42,,,Ⅴ
2024-08-20T12:00:00+08:00,1724126400,33.0,7.38,2.92,505.4,114.5,5.17,0.046,0.207,2.38,,,Ⅴ
2024-08-21T00:00:00+08:00,1724169600,32.6,7.38,3.11,502.6,110.9,5.09,0.047,0.2,2.27,,,Ⅳ
2024-08-21T04:00:00+08:00,1724184000,32.3,7.36,2.94,501.4,134.8,5.26,0.055,0.207,2.35,,,Ⅴ
2024-08-21T08:00:00+08:00,1724198400,32.3,7.38,3.02,506.3,106.8,5.26,0.046,0.204,2.4,,,Ⅳ
2024-08-21T12:00:00+08:00,1724212800,33.2,7.4,3.03,506.2,116.3,5.24,0.045,0.202,2.33,,,Ⅳ
2024-08-21T16:00:00+08:00,1724227200,33.4,7.42,3.14,504.2,125.7,5.17,0.047,0.202,2.22,,,Ⅳ
2024-08-21T20:00:00+08:00,1724241600,32.6,7.44,3.25,509.2,101.5,5.02,0.043,0.202,2.33,,,Ⅳ
2024-08-22T00:00:00+08:00,1724256000,32.2,7.43,3.2,504.9,112.0,5.2,0.05,0.202,2.3,,,Ⅳ
2024-08-22T04:00:00+08:00,1724270400,32.2,7.4,3.15,501.0,114.7,5.2,0.054,0.198,2.3,,,Ⅳ
2024-08-22T12:00:00+08:00,1724299200,33.1,7.44,3.18,507.1,111.0,5.14,0.05,0.201,2.22,,,Ⅳ
2024-08-22T16:00:00+08:00,1724313600,33.7,7.43,3.19,501.6,118.2,5.12,0.049,0.196,2.28,,,Ⅳ
2024-08-22T20:00:00+08:00,1724328000,33.1,7.48,3.37,507.8,99.2,5.17,0.046,0.201,2.22,,,Ⅳ
2024-08-23T00:00:00+08:00,1724342400,32.8,7.44,3.27,507.7,117.5,5.15,0.05,0.197,2.22,,,Ⅳ
2024-08-23T04:00:00+08:00,1724356800,32.6,7.41,3.13,499.9,111.7,5.13,0.059,0.204,2.28,,,Ⅳ
2024-08-23T08:00:00+08:00,1724371200,32.6,7.44,3.24,510.7,129.3,5.28,0.05,0.199,2.27,,,Ⅳ
2024-08-23T12:00:00+08:00,1724385600,33.5,7.44,3.38,513.0,117.3,5.09,0.047,0.194,2.21,,,Ⅳ
2024-08-23T16:00:00+08:00,1724400000,34.1,7.44,3.36,505.5,128.0,5.15,0.051,0.194,2.22,,,Ⅳ
2024-08-23T20:00:00+08:00,1724414400,33.3,7.38,3.49,517.2,71.4,5.39,0.053,0.192,2.09,,,Ⅳ
2024-08-24T00:00:00+08:00,1724428800,33.1,7.38,3.31,508.4,69.7,5.17,0.048,0.19,2.24,,,Ⅳ
2024-08-24T04:00:00+08:00,1724443200,32.7,7.31,3.07,501.1,60.6,5.17,0.056,0.19,2.26,,,Ⅳ
2024-08-24T08:00:00+08:00,1724457600,32.7,7.38,3.22,512.3,73.9,5.25,0.05,0.203,2.18,,,Ⅳ
2024-08-24T12:00:00+08:00,1724472000,33.4,7.41,3.53,512.9,67.8,5.24,0.043,0.194,2.2,,,Ⅳ
2024-08-24T16:00:00+08:00,1724486400,33.6,7.37,3.62,502.8,65.9,5.17,0.05,0.195,2.2,,,Ⅳ
2024-08-24T20:00:00+08:00,1724500800,33.4,7.42,3.82,511.8,72.6,5.44,0.043,0.187,2.04,,,Ⅳ
2024-08-25T16:00:00+08:00,1724572800,33.5,7.38,3.56,502.0,67.1,5.13,0.045,0.189,2.12,,,Ⅳ
2024-08-25T20:00:00+08:00,1724587200,33.4,7.39,3.51,504.8,62.1,5.19,0.047,0.187,2.12,,,Ⅳ
2024-08-26T00:00:00+08:00,1724601600,33.2,7.41,3.46,510.2,46.5,5.38,0.042,0.186,2.1,,,Ⅳ
2024-08-26T04:00:00+08:00,1724616000,32.8,7.32,3.17,501.8,57.3,5.3,0.047,0.184,2.12,,,Ⅳ
2024-08-26T08:00:00+08:00,1724630400,32.7,7.34,3.2,502.1,58.4,5.27,0.048,0.188,2.1,,,Ⅳ
2024-08-26T12:00:00+08:00,1724644800,33.4,7.41,3.54,507.0,51.5,5.34,0.046,0.182,2.03,,,Ⅳ
2024-08-26T16:00:00+08:00,1724659200,33.5,7.38,3.55,500.1,61.0,5.12,0.051,0.187,2.05,,,Ⅳ
2024-08-26T20:00:00+08:00,1724673600,33.4,7.36,3.43,500.6,57.5,5.34,0.046,0.178,2.06,,,Ⅳ
2024-08-27T00:00:00+08:00,1724688000,33.3,7.42,3.81,507.6,43.3,5.17,0.038,0.184,2.05,,,Ⅳ
2024-08-27T04:00:00+08:00,1724702400,33.0,7.32,3.19,501.4,58.7,5.32,0.046,0.182,2.06,,,Ⅳ
2024-08-27T08:00:00+08:00,1724716800,32.8,7.31,3.38,498.2,52.3,5.11,0.05,0.183,2.12,,,Ⅳ
2024-08-27T12:00:00+08:00,1724731200,33.3,7.32,3.48,501.4,54.6,5.07,0.049,0.18,2.06,,,Ⅳ
2024-08-27T16:00:00+08:00,1724745600,33.2,7.31,3.72,496.5,55.0,5.05,0.055,0.183,2.08,,,Ⅳ
2024-08-27T20:00:00+08:00,1724760000,32.7,7.0,3.87,491.5,60.7,5.01,0.051,0.185,2.06,,,Ⅳ
2024-08-28T00:00:00+08:00,1724774400,32.7,7.0,3.99,498.7,49.3,5.0,0.046,0.179,1.93,,,Ⅳ
2024-08-28T04:00:00+08:00,1724788800,32.1,7.33,3.65,493.7,53.6,5.08,0.055,0.185,2.07,,,Ⅳ
2024-08-28T08:00:00+08:00,1724803200,31.9,7.3,3.47,484.3,54.5,5.19,0.084,0.192,2.1,,,Ⅳ
2024-08-28T12:00:00+08:00,1724817600,32.0,7.0,3.55,488.7,51.5,5.25,0.082,0.191,2.16,,,Ⅳ
2024-08-28T16:00:00+08:00,1724832000,32.0,7.0,3.1,533.6,69.2,,,,,,,
2024-08-28T20:00:00+08:00,1724846400,31.9,7.0,3.43,530.4,60.3,5.13,0.094,0.208,2.12,,,劣Ⅴ
2024-08-29T00:00:00+08:00,1724860800,31.7,7.0,3.34,532.0,64.2,5.18,0.09,0.192,2.08,,,Ⅳ
2024-08-29T04:00:00+08:00,1724875200,31.5,7.0,3.22,533.6,60.2,5.1,0.087,0.187,2.07,,,Ⅳ
2024-08-29T08:00:00+08:00,1724889600,31.5,7.0,3.18,530.1,69.1,5.34,0.094,0.192,2.07,,,Ⅳ
2024-08-29T12:00:00+08:00,1724904000,31.9,7.0,3.17,528.2,69.3,5.13,0.09,0.199,1.96,,,Ⅳ
2024-08-29T16:00:00+08:00,1724918400,32.0,7.0,3.2,528.5,59.6,5.08,0.085,0.187,2.02,,,Ⅴ
2024-08-29T20:00:00+08:00,1724932800,32.0,7.0,3.17,527.0,66.1,4.87,0.085,0.188,2.1,,,Ⅴ
2024-08-30T00:00:00+08:00,1724947200,31.8,7.0,2.99,526.0,64.5,4.99,0.087,0.188,1.95,,,Ⅴ
2024-08-30T04:00:00+08:00,1724961600,31.7,7.0,2.95,531.1,56.7,5.18,0.077,0.19,2.02,,,Ⅴ
2024-08-30T08:00:00+08:00,1724976000,31.7,7.0,2.8,528.0,62.0,5.03,0.079,0.193,2.0,,,Ⅴ
2024-08-30T12:00:00+08:00,1724990400,32.1,7.0,2.9,530.3,69.2,5.13,0.08,0.191,1.98,,,Ⅴ
2024-08-30T16:00:00+08:00,1725004800,33.3,7.0,3.86,531.2,52.7,4.83,0.073,0.188,1.98,,,Ⅴ
2024-09-02T04:00:00+08:00,1725220800,32.1,7.0,3.16,533.7,72.1,5.06,0.059,0.184,1.78,,,Ⅴ
2024-09-02T08:00:00+08:00,1725235200,32.1,7.0,2.97,537.8,57.2,5.14,0.055,0.19,1.79,,,Ⅴ
2024-09-02T12:00:00+08:00,1725249600,32.8,7.0,3.22,532.9,71.1,4.83,0.057,0.186,1.74,,,Ⅴ
2024-09-02T16:00:00+08:00,1725264000,33.2,7.0,3.45,534.2,67.5,5.24,0.06,0.191,1.66,,,Ⅳ
2024-09-02T20:00:00+08:00,1725278400,32.8,7.0,3.18,535.4,63.0,4.78,0.054,0.19,1.69,,,Ⅳ
2024-09-03T00:00:00+08:00,1725292800,32.7,7.0,3.1,531.0,72.6,4.69,0.062,0.197,1.73,,,Ⅳ
2024-09-03T04:00:00+08:00,1725307200,32.4,7.0,3.01,534.7,76.6,4.94,0.055,0.188,1.69,,,Ⅳ
2024-09-03T08:00:00+08:00,1725321600,32.2,7.0,2.67,536.0,52.4,5.04,0.051,0.184,1.83,,,Ⅴ
2024-09-03T12:00:00+08:00,1725336000,32.6,7.0,3.12,535.4,74.8,4.91,0.055,0.186,1.7,,,Ⅳ
2024-09-03T16:00:00+08:00,1725350400,32.5,7.0,3.63,539.9,51.2,5.17,0.054,0.198,1.72,,,Ⅴ
2024-09-03T20:00:00+08:00,1725364800,32.1,7.0,3.47,541.0,46.4,4.88,0.047,0.184,1.66,,,Ⅳ
2024-09-04T00:00:00+08:00,1725379200,32.1,7.0,3.37,534.6,55.8,4.91,0.062,0.207,1.75,,,Ⅳ
2024-09-04T04:00:00+08:00,1725393600,31.9,7.0,3.25,534.9,59.3,4.91,0.056,0.195,1.67,,,Ⅳ
2024-09-04T08:00:00+08:00,1725408000,31.8,7.0,3.49,540.0,43.2,4.77,0.042,0.185,1.68,,,Ⅳ
2024-09-04T12:00:00+08:00,1725422400,32.0,7.0,3.49,537.1,64.4,5.01,0.055,0.184,1.63,,,Ⅳ
2024-09-04T16:00:00+08:00,1725436800,32.5,7.0,3.7,534.1,57.2,4.92,0.055,0.184,1.62,,,Ⅳ
2024-09-04T20:00:00+08:00,1725451200,32.0,7.0,3.7,543.8,45.9,4.92,0.046,0.186,1.62,,,Ⅳ
2024-09-05T00:00:00+08:00,1725465600,32.0,7.0,3.35,535.4,59.7,4.91,0.062,0.194,1.64,,,Ⅳ
2024-09-05T04:00:00+08:00,1725480000,31.7,7.0,3.31,536.2,64.5,4.94,0.061,0.187,1.59,,,Ⅳ
2024-09-05T08:00:00+08:00,1725494400,31.8,7.0,3.67,543.7,46.6,4.98,0.047,0.191,1.65,,,Ⅳ
2024-09-05T12:00:00+08:00,1725508800,32.1,7.0,3.73,539.8,64.0,4.86,0.047,0.187,1.57,,,Ⅳ
2024-09-05T16:00:00+08:00,1725523200,32.6,7.0,3.8,539.1,56.5,4.64,0.051,0.179,1.58,,,Ⅳ
2024-09-05T20:00:00+08:00,1725537600,32.1,7.0,3.88,543.9,49.2,4.6,0.045,0.17,1.6,,,Ⅳ
2024-09-08T16:00:00+08:00,1725782400,32.2,7.0,4.19,545.1,64.5,4.7,0.056,0.172,1.44,,,Ⅳ
2024-09-08T20:00:00+08:00,1725796800,32.0,7.0,4.32,554.8,65.6,4.8,0.058,0.182,1.39,,,Ⅳ
2024-09-09T04:00:00+08:00,1725825600,31.7,7.0,3.81,543.9,65.1,4.91,0.055,0.17,1.49,,,Ⅳ
2024-09-09T12:00:00+08:00,1725854400,32.0,7.0,4.31,551.2,70.3,4.64,0.049,0.169,1.43,,,Ⅳ
2024-09-09T16:00:00+08:00,1725868800,32.1,7.0,4.09,546.3,78.3,4.55,0.054,0.168,1.41,,,Ⅳ
2024-09-09T20:00:00+08:00,1725883200,32.0,7.0,4.14,552.4,67.9,4.74,0.05,0.168,1.42,,,Ⅳ
2024-09-10T04:00:00+08:00,1725912000,31.7,7.0,3.82,549.4,76.4,4.77,0.058,0.172,1.48,,,Ⅳ
2024-09-10T08:00:00+08:00,1725926400,31.5,7.0,3.81,551.9,75.5,4.65,0.05,0.164,1.47,,,Ⅳ
2024-09-10T12:00:00+08:00,1725940800,31.6,7.0,3.87,553.6,77.2,4.69,0.054,0.167,1.42,,,Ⅳ
2024-09-10T16:00:00+08:00,1725955200,31.4,7.0,3.7,552.8,88.1,4.59,0.063,0.168,1.49,,,Ⅳ
2024-09-10T20:00:00+08:00,1725969600,30.7,7.0,4.28,541.4,104.3,4.97,0.068,0.163,1.36,,,Ⅳ
2024-09-11T04:00:00+08:00,1725998400,30.3,7.0,4.31,531.5,97.1,4.83,0.071,0.181,1.69,,,Ⅳ
2024-09-11T08:00:00+08:00,1726012800,30.1,7.0,4.07,524.6,101.0,4.96,0.101,0.186,1.7,,,Ⅳ
2024-09-11T12:00:00+08:00,1726027200,30.0,7.0,3.97,514.6,97.2,4.98,0.114,0.197,1.84,,,Ⅳ
2024-09-11T16:00:00+08:00,1726041600,29.4,7.0,3.51,506.8,111.5,5.52,0.23,0.217,2.1,,,Ⅳ
2024-09-11T20:00:00+08:00,1726056000,29.5,7.0,3.33,492.6,123.0,5.24,0.194,0.219,2.09,,,Ⅳ
2024-09-12T04:00:00+08:00,1726084800,29.7,7.0,3.58,500.4,113.6,5.19,0.116,0.22,1.77,,,Ⅳ
2024-09-12T08:00:00+08:00,1726099200,29.6,7.0,3.28,493.5,113.5,5.22,0.137,0.226,1.94,,,Ⅳ
2024-09-12T16:00:00+08:00,1726128000,30.3,7.0,3.16,466.3,64.4,5.66,0.154,0.168,1.98,,,Ⅳ
2024-09-12T20:00:00+08:00,1726142400,30.2,7.0,3.0,457.7,56.5,5.3,0.15,0.24,2.18,,,Ⅳ
2024-09-13T04:00:00+08:00,1726171200,29.9,7.0,2.7,458.3,57.7,5.2,0.13,0.23,2.06,,,Ⅴ
2024-09-13T16:00:00+08:00,1726214400,30.9,7.0,3.1,456.0,78.0,4.3,0.14,0.212,,,,Ⅳ
2024-09-13T20:00:00+08:00,1726228800,30.9,7.0,3.1,455.8,72.2,4.6,0.15,0.217,1.94,,,Ⅳ
2024-09-14T04:00:00+08:00,1726257600,30.5,7.0,3.0,452.0,61.2,4.4,0.11,0.221,2.14,,,Ⅳ
2024-09-14T08:00:00+08:00,1726272000,30.5,7.0,2.8,452.4,74.4,4.5,0.12,0.224,2.04,,,Ⅴ
2024-09-14T12:00:00+08:00,1726286400,30.8,7.0,2.7,452.0,72.1,4.5,0.12,0.219,1.86,,,Ⅴ
2024-09-14T16:00:00+08:00,1726300800,31.5,7.0,3.2,453.5,62.5,4.5,0.1,0.218,1.92,,,Ⅳ
2024-09-14T20:00:00+08:00,1726315200,30.8,7.0,2.9,451.4,75.2,4.3,0.1,0.218,1.8,,,Ⅴ
2024-09-15T04:00:00+08:00,1726344000,30.3,7.0,2.7,440.6,72.9,4.6,0.07,0.218,2.06,,,Ⅴ
2024-09-15T08:00:00+08:00,1726358400,30.3,7.0,2.7,443.6,72.2,4.5,0.07,0.22,2.08,,,Ⅴ
2024-09-15T12:00:00+08:00,1726372800,30.6,7.0,2.8,447.5,77.8,4.4,0.07,0.217,1.9,,,Ⅴ
2024-09-15T16:00:00+08:00,1726387200,30.6,7.0,2.8,437.4,65.7,4.5,0.07,0.232,2.12,,,Ⅴ
2024-09-15T20:00:00+08:00,1726401600,30.4,7.0,3.1,433.8,66.4,4.3,0.05,0.216,2.02,,,Ⅳ
2024-09-16T04:00:00+08:00,1726430400,30.1,7.0,2.7,430.1,102.3,5.6,0.11,0.242,2.28,,,Ⅴ
2024-09-16T08:00:00+08:00,1726444800,29.9,7.0,2.9,427.0,73.2,5.0,0.07,0.239,2.38,,,Ⅴ
2024-09-16T20:00:00+08:00,1726488000,29.1,7.0,4.0,416.1,80.0,5.3,0.1,0.244,2.21,,,Ⅳ
2024-09-17T04:00:00+08:00,1726516800,28.6,7.0,3.6,408.5,97.3,6.0,0.14,0.273,2.27,,,Ⅳ
2024-09-17T08:00:00+08:00,1726531200,28.6,7.0,3.6,391.3,94.3,5.3,0.09,0.278,2.28,,,Ⅳ
2024-09-17T12:00:00+08:00,1726545600,29.0,7.0,3.3,388.4,96.1,5.1,0.08,0.279,2.33,,,Ⅳ
2024-09-17T16:00:00+08:00,1726560000,29.4,7.0,3.4,393.1,96.9,5.4,0.08,0.281,2.23,,,Ⅳ
2024-09-17T20:00:00+08:00,1726574400,29.2,7.0,3.2,390.6,72.7,5.1,0.07,0.276,2.27,,,Ⅳ
2024-09-18T04:00:00+08:00,1726603200,29.1,7.0,3.1,392.9,120.5,5.4,0.08,0.295,2.41,,,Ⅳ
2024-09-18T08:00:00+08:00,1726617600,29.1,7.0,3.0,388.5,68.6,4.9,0.06,0.265,2.42,,,Ⅳ
2024-09-18T12:00:00+08:00,1726632000,29.6,7.0,3.1,388.1,75.4,4.7,0.06,0.272,2.38,,,Ⅳ
2024-09-18T16:00:00+08:00,1726646400,29.9,7.0,3.1,396.1,139.3,5.3,0.07,0.276,2.37,,,Ⅳ
2024-09-18T20:00:00+08:00,1726660800,29.6,7.0,2.9,388.6,68.0,4.9,0.06,0.277,2.44,,,Ⅴ
2024-09-19T04:00:00+08:00,1726689600,29.4,7.0,2.6,394.6,150.9,5.4,0.09,0.281,2.4,,,Ⅴ
2024-09-19T08:00:00+08:00,1726704000,29.3,7.0,2.8,389.0,101.9,5.0,0.07,0.279,2.54,,,Ⅴ
2024-09-20T04:00:00+08:00,1726776000,29.5,7.0,3.2,387.1,169.9,4.9,0.06,0.272,2.34,,,Ⅳ
2024-09-20T08:00:00+08:00,1726790400,29.4,7.0,3.2,386.9,108.3,,0.06,0.254,2.23,,,
2024-09-20T12:00:00+08:00,1726804800,29.5,7.0,3.0,385.7,68.2,4.6,0.06,0.266,2.34,,,Ⅳ
2024-09-20T16:00:00+08:00,1726819200,29.8,7.0,3.2,383.7,111.0,4.9,0.07,0.266,2.22,,,Ⅳ
2024-09-20T20:00:00+08:00,1726833600,29.7,7.0,3.4,392.8,70.7,3.9,0.06,0.247,1.98,,,Ⅳ
2024-09-21T00:00:00+08:00,1726848000,29.6,7.0,3.3,390.6,66.5,3.8,0.05,0.233,1.99,,,Ⅳ
2024-09-21T04:00:00+08:00,1726862400,29.6,7.0,3.2,387.9,92.9,4.3,0.06,0.242,2.04,,,Ⅳ
2024-09-21T08:00:00+08:00,1726876800,29.4,7.0,3.4,396.5,76.3,4.2,0.05,0.236,1.87,,,Ⅳ
2024-09-21T12:00:00+08:00,1726891200,29.4,7.0,3.4,394.2,70.0,3.8,0.06,0.236,1.9,,,Ⅳ
2024-09-21T16:00:00+08:00,1726905600,29.2,7.0,3.4,390.6,116.6,4.0,0.06,0.251,1.91,,,Ⅳ
2024-09-21T20:00:00+08:00,1726920000,29.0,7.0,3.6,404.7,95.7,4.2,0.07,0.237,1.79,,,Ⅳ
2024-09-22T00:00:00+08:00,1726934400,28.8,7.0,3.6,406.8,69.8,3.7,0.05,0.236,1.87,,,Ⅳ
2024-09-22T04:00:00+08:00,1726948800,28.4,7.0,3.7,402.6,87.0,4.1,0.05,0.23,1.87,,,Ⅳ
2024-09-22T08:00:00+08:00,1726963200,28.1,7.0,3.7,412.7,77.3,3.9,0.05,0.233,1.8,,,Ⅳ
2024-09-22T12:00:00+08:00,1726977600,28.7,7.0,3.8,412.1,78.3,3.9,0.05,0.228,1.72,,,Ⅳ
2024-09-22T16:00:00+08:00,1726992000,28.6,7.0,3.8,409.0,87.6,3.8,0.06,0.231,1.75,,,Ⅳ
2024-09-22T20:00:00+08:00,1727006400,28.2,7.0,4.0,415.2,96.2,3.9,0.06,0.225,1.66,,,Ⅳ
2024-09-23T00:00:00+08:00,1727020800,27.9,7.0,3.9,416.5,68.8,3.5,0.05,0.22,1.76,,,Ⅳ
2024-09-23T04:00:00+08:00,1727035200,27.4,7.0,3.9,414.8,83.7,3.8,0.06,0.232,1.79,,,Ⅳ
2024-09-23T08:00:00+08:00,1727049600,27.3,7.0,4.1,418.6,84.9,4.1,0.06,0.237,1.71,,,Ⅳ
2024-09-23T12:00:00+08:00,1727064000,27.6,8.0,4.2,419.8,81.2,3.7,0.06,0.236,1.7,,,Ⅳ
2024-09-23T16:00:00+08:00,1727078400,27.6,7.0,4.1,412.7,83.0,3.7,0.06,0.24,1.73,,,Ⅳ
2024-09-23T20:00:00+08:00,1727092800,27.5,7.0,4.1,415.2,94.7,4.1,0.06,0.238,1.64,,,Ⅳ
2024-09-24T00:00:00+08:00,1727107200,27.5,7.0,4.1,418.1,70.5,3.8,0.06,0.232,1.77,,,Ⅳ
2024-09-24T04:00:00+08:00,1727121600,27.3,7.0,3.9,415.0,92.7,4.0,0.06,0.245,1.77,,,Ⅳ
2024-09-24T08:00:00+08:00,1727136000,27.1,7.0,4.0,418.2,85.9,3.9,0.06,0.239,1.69,,,Ⅳ
2024-09-24T12:00:00+08:00,1727150400,27.3,7.0,4.1,418.5,79.3,3.8,0.06,0.231,1.67,,,Ⅳ
2024-09-24T16:00:00+08:00,1727164800,27.0,7.0,3.9,416.7,83.2,3.9,0.07,0.237,1.74,,,Ⅳ
2024-09-24T20:00:00+08:00,1727179200,26.9,7.0,4.1,418.1,92.5,4.0,0.06,0.234,1.76,,,Ⅳ
2024-09-25T00:00:00+08:00,1727193600,26.9,7.0,4.2,421.1,69.3,3.7,0.06,0.235,1.87,,,Ⅳ
2024-09-25T04:00:00+08:00,1727208000,26.7,7.0,4.0,420.3,82.8,3.8,0.06,0.25,1.7,,,Ⅳ
2024-09-25T08:00:00+08:00,1727222400,26.5,7.0,3.8,414.5,73.3,3.8,0.06,0.382,1.74,,,Ⅴ
2024-09-25T12:00:00+08:00,1727236800,26.6,7.0,3.8,413.6,75.2,3.7,0.06,0.237,1.78,,,Ⅳ
2024-09-25T16:00:00+08:00,1727251200,26.6,7.0,3.7,406.6,82.8,,,,,,,
2024-09-25T20:00:00+08:00,1727265600,26.4,7.0,3.6,405.6,77.7,3.9,0.06,0.356,1.9,,,Ⅴ
2024-09-26T00:00:00+08:00,1727280000,26.2,7.0,3.6,408.9,60.1,4.1,0.05,0.228,1.85,,,Ⅳ
2024-09-26T04:00:00+08:00,1727294400,26.2,7.0,3.5,409.9,60.3,4.1,0.05,0.279,1.83,,,Ⅳ
2024-09-26T08:00:00+08:00,1727308800,26.2,7.0,3.3,405.9,58.9,4.2,0.06,0.213,1.82,,,Ⅳ
2024-09-27T04:00:00+08:00,1727380800,26.4,7.0,3.1,408.4,49.2,4.1,0.05,0.21,1.87,,,Ⅳ
2024-09-27T08:00:00+08:00,1727395200,26.6,7.0,3.0,408.4,53.5,4.2,0.05,0.304,1.87,,,Ⅴ
2024-09-27T12:00:00+08:00,1727409600,26.7,7.0,3.0,413.4,57.4,4.0,0.07,0.208,1.79,,,Ⅳ
2024-10-10T00:00:00+08:00,1728489600,22.3,7.0,4.2,458.0,51.7,3.5,0.07,0.134,1.96,,,Ⅳ
2024-10-10T04:00:00+08:00,1728504000,22.1,7.0,4.2,458.2,66.6,3.7,0.08,0.135,1.98,,,Ⅳ
2024-10-10T08:00:00+08:00,1728518400,22.0,7.0,4.2,459.1,46.5,3.5,0.08,0.127,2.0,,,Ⅳ
2024-10-10T12:00:00+08:00,1728532800,22.6,7.0,4.3,457.5,68.4,3.6,0.09,0.142,1.9,,,Ⅳ
2024-10-10T16:00:00+08:00,1728547200,22.9,7.0,4.4,462.2,66.1,3.3,0.09,0.135,1.88,,,Ⅳ
2024-10-10T20:00:00+08:00,1728561600,22.7,7.0,4.2,462.6,60.1,3.3,0.09,0.13,1.97,,,Ⅳ
2024-10-11T00:00:00+08:00,1728576000,22.5,7.0,4.2,463.0,53.4,3.3,0.08,0.13,1.89,,,Ⅳ
2024-10-11T04:00:00+08:00,1728590400,22.5,7.0,4.2,462.4,59.4,3.6,0.09,0.127,1.98,,,Ⅳ
2024-10-11T08:00:00+08:00,1728604800,22.4,7.0,4.3,459.5,61.0,3.5,0.09,0.128,1.96,,,Ⅳ
2024-10-11T12:00:00+08:00,1728619200,22.9,7.0,4.4,462.6,62.4,3.5,0.1,0.132,1.88,,,Ⅳ
2024-10-11T16:00:00+08:00,1728633600,23.2,7.0,4.5,461.2,69.2,3.3,0.1,0.131,1.94,,,Ⅳ
2024-10-12T00:00:00+08:00,1728662400,22.7,7.0,4.3,464.6,51.8,3.4,0.08,0.125,1.96,,,Ⅳ
2024-10-12T04:00:00+08:00,1728676800,22.7,7.0,4.4,463.2,64.2,3.6,0.08,0.127,1.99,,,Ⅳ
2024-10-12T16:00:00+08:00,1728720000,23.1,7.0,5.1,463.0,59.2,3.2,0.08,0.128,1.9,,,Ⅲ
2024-10-12T20:00:00+08:00,1728734400,23.1,7.0,5.1,463.1,63.2,3.4,0.08,0.127,1.88,,,Ⅲ
2024-10-13T00:00:00+08:00,1728748800,23.0,7.0,5.0,465.1,62.5,3.4,0.07,0.121,1.86,,,Ⅲ
2024-10-13T04:00:00+08:00,1728763200,22.9,7.0,4.9,468.0,66.6,3.6,0.08,0.122,1.9,,,Ⅳ
2024-10-13T12:00:00+08:00,1728792000,23.2,7.0,5.2,460.0,76.1,3.5,0.07,0.184,1.84,,,Ⅲ
2024-10-13T16:00:00+08:00,1728806400,23.4,7.0,5.2,459.3,66.8,3.4,0.06,0.124,1.88,,,Ⅲ
2024-10-14T00:00:00+08:00,1728835200,23.2,7.0,5.0,469.5,76.6,3.2,0.06,0.127,1.99,,,Ⅲ
2024-10-14T04:00:00+08:00,1728849600,23.2,7.0,5.0,469.2,63.9,3.5,0.06,0.123,1.92,,,Ⅲ
2024-10-14T08:00:00+08:00,1728864000,23.2,7.0,5.0,470.2,76.0,3.5,0.05,0.186,1.97,,,Ⅲ
2024-10-14T12:00:00+08:00,1728878400,23.6,7.0,5.0,465.7,66.3,3.1,0.06,0.123,1.94,,,Ⅲ
2024-10-21T04:00:00+08:00,1729454400,22.6,7.0,5.2,490.9,76.0,3.7,0.06,0.164,2.02,,,Ⅲ
2024-10-21T08:00:00+08:00,1729468800,22.6,7.0,5.4,487.4,69.6,3.8,0.05,0.123,2.05,,,Ⅲ
2024-10-21T12:00:00+08:00,1729483200,22.6,7.0,5.3,492.2,79.2,3.5,0.05,0.175,1.99,,,Ⅲ
2024-10-21T16:00:00+08:00,1729497600,22.6,7.0,5.2,494.7,70.8,3.5,0.06,0.092,2.02,,,Ⅲ
2024-10-21T20:00:00+08:00,1729512000,22.6,7.0,5.4,491.0,85.9,3.7,0.07,0.127,2.04,,,Ⅲ
2024-10-22T00:00:00+08:00,1729526400,22.5,7.0,5.3,490.9,69.5,3.5,0.05,0.126,2.05,,,Ⅲ
2024-10-22T04:00:00+08:00,1729540800,22.3,7.0,5.1,495.1,69.4,3.7,0.06,0.12,2.07,,,Ⅲ
2024-10-22T08:00:00+08:00,1729555200,22.3,7.0,5.4,492.4,77.2,3.9,0.05,0.164,2.04,,,Ⅲ
2024-10-22T12:00:00+08:00,1729569600,22.4,7.0,5.2,494.6,71.6,3.6,0.05,0.143,2.05,,,Ⅲ
2024-10-23T00:00:00+08:00,1729612800,21.8,7.0,6.0,509.1,64.3,3.7,0.05,0.127,2.02,,,Ⅲ
2024-10-23T04:00:00+08:00,1729627200,21.5,7.0,5.9,495.6,71.0,3.6,0.06,0.122,2.08,,,Ⅲ
2024-10-23T08:00:00+08:00,1729641600,21.1,7.0,5.9,496.1,53.7,3.5,0.05,0.116,2.18,,,Ⅲ
2024-10-23T12:00:00+08:00,1729656000,21.6,7.0,6.0,496.8,59.6,3.4,0.06,0.122,2.12,,,Ⅲ
2024-10-23T16:00:00+08:00,1729670400,21.6,7.0,5.9,495.2,77.4,3.7,0.08,0.159,2.16,,,Ⅲ
2024-10-23T20:00:00+08:00,1729684800,21.2,7.0,6.0,498.6,69.8,3.6,0.07,0.124,2.13,,,Ⅲ
2024-10-24T00:00:00+08:00,1729699200,21.0,7.0,6.0,500.4,50.7,3.6,0.06,0.119,2.1,,,Ⅲ
2024-10-24T04:00:00+08:00,1729713600,20.9,7.0,5.9,497.1,55.9,3.5,0.07,0.121,2.25,,,Ⅲ
2024-10-24T08:00:00+08:00,1729728000,20.7,7.0,5.8,500.7,58.5,3.7,0.09,0.125,2.25,,,Ⅲ
2024-10-24T12:00:00+08:00,1729742400,20.9,7.0,5.8,502.0,58.2,3.6,0.1,0.122,2.29,,,Ⅲ
2024-10-24T16:00:00+08:00,1729756800,21.0,7.0,5.8,508.5,62.2,3.6,0.11,0.125,2.24,,,Ⅲ
2024-10-24T20:00:00+08:00,1729771200,20.8,7.0,5.8,510.1,57.2,3.6,0.1,0.124,2.28,,,Ⅲ
2024-10-25T00:00:00+08:00,1729785600,20.6,7.0,6.0,509.1,45.7,3.5,0.09,0.118,2.19,,,Ⅲ
2024-10-25T12:00:00+08:00,1729828800,20.8,7.0,6.0,508.9,67.1,3.6,0.09,0.122,2.23,,,Ⅲ
2024-10-25T16:00:00+08:00,1729843200,20.7,7.0,6.0,505.6,58.9,3.7,0.1,0.127,2.31,,,Ⅲ
2024-10-25T20:00:00+08:00,1729857600,20.7,7.0,6.0,505.2,59.0,3.7,,0.17,2.3,,,
2024-10-26T00:00:00+08:00,1729872000,20.7,7.0,6.2,514.8,50.9,3.7,0.02,0.116,2.29,,,Ⅲ
2024-10-26T04:00:00+08:00,1729886400,20.7,7.0,5.9,511.3,45.4,3.6,0.02,0.112,2.29,,,Ⅲ
2024-10-26T08:00:00+08:00,1729900800,20.7,7.0,6.0,512.9,57.9,3.9,0.02,0.12,2.23,,,Ⅲ
2024-10-26T12:00:00+08:00,1729915200,21.0,7.0,6.0,507.3,51.5,3.6,0.02,0.118,2.29,,,Ⅲ
2024-10-26T16:00:00+08:00,1729929600,21.0,7.0,6.0,507.5,52.6,3.6,0.02,0.121,2.23,,,Ⅲ
2024-10-26T20:00:00+08:00,1729944000,21.2,7.0,5.9,497.3,57.1,3.6,0.02,0.16,2.27,,,Ⅲ
2024-10-27T00:00:00+08:00,1729958400,21.2,7.0,6.0,496.9,54.6,3.5,0.02,0.116,2.26,,,Ⅲ
2024-10-27T04:00:00+08:00,1729972800,21.2,7.0,5.6,498.8,52.8,3.8,0.02,0.115,2.29,,,Ⅲ
2024-10-27T08:00:00+08:00,1729987200,21.4,7.0,6.0,488.4,59.9,3.5,0.02,0.124,2.24,,,Ⅲ
2024-10-28T08:00:00+08:00,1730073600,21.0,7.0,6.0,484.4,56.4,3.6,,0.119,2.3,,,
2024-10-28T12:00:00+08:00,1730088000,21.0,7.0,6.2,480.3,61.7,3.6,0.1,0.116,2.28,,,Ⅲ
2024-10-28T16:00:00+08:00,1730102400,21.1,7.0,6.2,484.4,55.3,3.5,0.1,0.113,2.3,,,Ⅲ
2024-10-28T20:00:00+08:00,1730116800,21.0,7.0,6.0,484.5,65.0,3.6,0.1,0.118,2.2,,,Ⅲ
2024-10-29T00:00:00+08:00,1730131200,20.8,7.0,6.1,486.2,66.1,3.7,0.1,0.151,2.21,,,Ⅲ
2024-10-29T04:00:00+08:00,1730145600,20.6,7.0,6.1,490.1,54.4,3.5,0.09,0.116,2.26,,,Ⅲ
2024-10-29T08:00:00+08:00,1730160000,20.6,7.0,6.2,488.7,64.7,3.6,0.1,0.118,2.24,,,Ⅲ
2024-10-29T12:00:00+08:00,1730174400,20.9,7.0,6.0,488.6,67.2,3.5,0.1,0.115,2.23,,,Ⅲ
2024-10-29T16:00:00+08:00,1730188800,21.0,7.0,6.0,492.3,56.1,3.5,0.09,0.112,2.23,,,Ⅲ
2024-10-29T20:00:00+08:00,1730203200,20.8,7.0,6.0,491.8,54.9,3.5,0.09,0.115,2.31,,,Ⅲ
2024-10-30T00:00:00+08:00,1730217600,20.6,7.0,6.0,490.7,55.4,3.4,0.1,0.114,2.3,,,Ⅲ
2024-10-30T04:00:00+08:00,1730232000,20.4,7.0,6.2,496.1,63.2,3.5,0.09,0.118,2.24,,,Ⅲ
2024-10-30T08:00:00+08:00,1730246400,20.3,7.0,6.2,497.3,52.3,3.4,0.08,0.114,2.26,,,Ⅲ
2024-10-30T12:00:00+08:00,1730260800,20.6,7.0,6.1,493.6,56.7,3.4,0.09,0.125,2.28,,,Ⅲ
2024-10-30T16:00:00+08:00,1730275200,20.6,7.0,6.4,503.4,61.9,3.4,0.08,0.134,2.23,,,Ⅲ
2024-10-30T20:00:00+08:00,1730289600,20.4,7.0,6.2,503.5,48.4,3.3,0.09,0.113,2.27,,,Ⅲ
2024-10-31T00:00:00+08:00,1730304000,20.4,7.0,6.2,495.8,55.8,3.5,0.08,0.127,2.31,,,Ⅲ
2024-10-31T04:00:00+08:00,1730318400,20.2,7.0,6.5,508.2,68.3,3.6,0.08,0.123,2.27,,,Ⅲ
2024-10-31T08:00:00+08:00,1730332800,20.2,7.0,6.2,505.6,51.2,3.5,0.07,0.115,2.31,,,Ⅲ
2024-10-31T12:00:00+08:00,1730347200,20.2,7.0,6.5,497.5,56.6,3.6,0.08,0.12,2.26,,,Ⅲ
2024-10-31T16:00:00+08:00,1730361600,20.2,7.0,6.7,523.2,69.6,3.6,0.09,0.119,2.26,,,Ⅲ
2024-10-31T20:00:00+08:00,1730376000,20.2,7.0,6.7,503.8,52.1,3.4,0.07,0.112,2.31,,,Ⅲ
2024-11-01T00:00:00+08:00,1730390400,20.2,7.0,6.8,497.3,53.9,3.4,0.08,0.115,2.25,,,Ⅲ
2024-11-01T04:00:00+08:00,1730404800,20.1,7.0,7.2,509.3,62.3,3.8,0.09,0.164,2.24,,,Ⅲ
2024-11-01T08:00:00+08:00,1730419200,20.0,7.0,7.8,470.2,88.0,4.3,0.12,0.165,2.42,,,Ⅲ
2024-11-02T00:00:00+08:00,1730476800,19.8,7.0,8.2,402.3,103.4,5.2,0.17,0.283,2.59,,,Ⅳ
2024-11-02T08:00:00+08:00,1730505600,19.6,7.0,7.4,400.7,89.5,4.8,0.18,0.282,2.58,,,Ⅳ
2024-11-02T12:00:00+08:00,1730520000,19.9,7.0,6.9,388.6,84.0,4.7,0.2,0.353,2.74,,,Ⅴ
2024-11-04T08:00:00+08:00,1730678400,19.8,7.0,6.1,391.7,58.8,4.4,0.14,0.323,2.92,,,Ⅴ
2024-11-04T12:00:00+08:00,1730692800,20.3,7.0,6.2,400.8,56.3,4.3,0.12,0.277,2.85,,,Ⅳ
2024-11-04T20:00:00+08:00,1730721600,20.2,7.0,6.0,393.3,58.8,4.3,0.14,0.338,2.79,,,Ⅴ
2024-11-05T08:00:00+08:00,1730764800,19.8,7.0,6.0,396.3,54.9,4.2,0.13,0.279,2.9,,,Ⅳ
2024-11-05T12:00:00+08:00,1730779200,20.2,7.0,6.1,405.9,55.7,3.8,0.11,0.257,2.88,,,Ⅳ
2024-11-05T16:00:00+08:00,1730793600,20.4,7.0,6.1,406.5,53.7,3.8,0.11,0.285,2.78,,,Ⅳ
2024-11-05T20:00:00+08:00,1730808000,20.0,7.0,6.1,403.2,55.2,4.1,0.11,0.244,2.86,,,Ⅳ
2024-11-06T00:00:00+08:00,1730822400,19.8,7.0,6.0,405.6,53.5,3.8,0.11,0.249,2.81,,,Ⅳ
2024-11-06T08:00:00+08:00,1730851200,19.4,7.0,6.1,404.4,49.0,3.7,0.12,0.22,2.84,,,Ⅳ
2024-11-06T12:00:00+08:00,1730865600,19.8,7.0,6.0,400.5,55.8,3.7,0.13,0.214,2.77,,,Ⅳ
2024-11-06T16:00:00+08:00,1730880000,19.8,7.0,6.0,401.8,54.4,3.6,0.16,0.205,2.66,,,Ⅳ
2024-11-06T20:00:00+08:00,1730894400,19.5,7.0,5.9,396.8,57.4,3.9,0.12,0.285,2.74,,,Ⅳ
2024-11-07T00:00:00+08:00,1730908800,19.3,7.0,6.1,401.0,51.4,3.7,0.14,0.234,2.77,,,Ⅳ
2024-11-07T04:00:00+08:00,1730923200,19.1,7.0,5.9,403.5,53.3,3.6,0.16,0.222,2.75,,,Ⅳ
2024-11-07T08:00:00+08:00,1730937600,19.0,7.0,5.8,403.9,48.6,3.8,0.16,0.215,2.74,,,Ⅳ
2024-11-07T12:00:00+08:00,1730952000,19.2,7.0,5.9,405.5,51.7,,0.16,,,,,
2024-11-07T16:00:00+08:00,1730966400,19.3,7.0,6.0,409.2,66.7,3.9,0.14,0.169,1.88,,,Ⅲ
2024-11-07T20:00:00+08:00,1730980800,19.0,7.0,5.0,406.0,79.6,4.0,0.17,0.162,1.87,,,Ⅲ
2024-11-08T00:00:00+08:00,1730995200,18.8,7.0,5.0,406.5,62.8,3.6,0.16,0.167,1.95,,,Ⅲ
2024-11-08T04:00:00+08:00,1731009600,18.7,7.0,5.0,411.7,91.9,3.8,0.16,0.157,1.94,,,Ⅲ
2024-11-08T08:00:00+08:00,1731024000,18.5,7.0,5.0,416.0,152.3,3.7,0.16,0.156,2.04,,,Ⅲ
2024-11-12T12:00:00+08:00,1731384000,19.3,7.0,5.2,438.9,57.9,3.6,0.11,0.102,2.02,,,Ⅲ
2024-11-12T16:00:00+08:00,1731398400,19.3,7.0,5.2,440.3,52.4,3.2,0.1,0.107,2.05,,,Ⅲ
2024-11-12T20:00:00+08:00,1731412800,19.3,7.0,5.2,443.0,64.3,3.2,0.11,0.117,1.89,,,Ⅲ
2024-11-13T12:00:00+08:00,1731470400,19.3,7.0,5.2,442.2,57.9,3.2,0.09,0.11,1.9,,,Ⅲ
2024-11-14T08:00:00+08:00,1731542400,19.4,8.0,5.2,444.2,63.0,3.4,0.08,0.105,1.82,,,Ⅲ
2024-11-14T12:00:00+08:00,1731556800,19.6,8.0,5.2,441.5,77.4,3.3,0.09,0.095,1.77,,,Ⅲ
2024-11-14T16:00:00+08:00,1731571200,19.7,8.0,5.3,443.6,67.9,3.5,0.07,0.102,1.88,,,Ⅲ
2024-11-14T20:00:00+08:00,1731585600,19.7,8.0,5.1,444.7,62.6,3.3,0.07,0.103,1.87,,,Ⅲ
2024-11-15T00:00:00+08:00,1731600000,19.9,8.0,5.2,441.2,64.5,3.5,0.07,0.109,1.96,,,Ⅲ
2024-11-15T04:00:00+08:00,1731614400,19.8,8.0,5.2,444.1,62.1,3.3,0.07,0.083,1.92,,,Ⅲ
2024-11-15T12:00:00+08:00,1731643200,20.2,8.0,5.1,440.4,74.2,3.5,0.08,0.104,1.95,,,Ⅲ
2024-11-15T16:00:00+08:00,1731657600,20.2,8.0,5.2,442.6,72.7,3.2,0.07,0.099,1.95,,,Ⅲ
2024-11-16T00:00:00+08:00,1731686400,20.3,8.0,5.1,441.8,64.0,3.4,0.07,0.104,2.02,,,Ⅲ
2024-11-16T04:00:00+08:00,1731700800,20.2,8.0,5.0,445.5,66.4,3.5,0.07,0.109,1.96,,,Ⅲ
2024-11-16T08:00:00+08:00,1731715200,20.2,8.0,4.9,445.7,89.9,3.6,0.08,0.11,1.68,,,Ⅳ
2024-11-16T12:00:00+08:00,1731729600,20.4,8.0,4.9,447.5,65.0,3.4,0.07,0.168,2.01,,,Ⅳ
2024-11-16T16:00:00+08:00,1731744000,20.6,8.0,4.9,448.4,72.6,3.3,0.07,0.103,1.98,,,Ⅳ
2024-11-16T20:00:00+08:00,1731758400,20.4,8.0,5.0,448.9,54.5,3.1,0.06,0.1,2.0,,,Ⅲ
2024-11-17T00:00:00+08:00,1731772800,20.4,8.0,4.9,449.6,62.6,3.4,0.06,0.101,2.04,,,Ⅳ
2024-11-17T04:00:00+08:00,1731787200,20.4,8.0,4.9,450.2,70.7,3.4,0.07,0.097,1.99,,,Ⅳ
2024-11-17T16:00:00+08:00,1731830400,20.0,8.0,5.1,453.2,77.0,3.3,0.07,0.105,1.87,,,Ⅲ
2024-11-17T20:00:00+08:00,1731844800,19.7,8.0,5.2,450.3,62.1,3.2,0.07,0.092,2.1,,,Ⅲ
2024-11-18T08:00:00+08:00,1731888000,19.1,8.0,5.3,452.2,53.6,3.5,0.06,0.095,2.17,,,Ⅲ
2024-11-18T12:00:00+08:00,1731902400,19.3,8.0,5.4,452.8,56.5,3.2,0.05,0.101,2.01,,,Ⅲ
2024-11-18T16:00:00+08:00,1731916800,19.1,8.0,5.4,453.1,71.6,3.4,0.06,0.094,1.9,,,Ⅲ
2024-11-19T00:00:00+08:00,1731945600,18.7,7.0,5.2,418.6,57.2,3.3,0.05,0.096,2.12,,,Ⅲ
2024-11-19T16:00:00+08:00,1732003200,18.3,7.0,5.0,421.8,63.4,3.5,0.06,0.094,1.92,,,Ⅲ
2024-11-19T20:00:00+08:00,1732017600,18.3,7.0,5.4,422.5,61.4,3.4,0.05,0.098,2.0,,,Ⅲ
2024-11-20T00:00:00+08:00,1732032000,18.1,7.0,5.2,423.7,56.5,3.5,0.06,0.096,2.05,,,Ⅲ
2024-11-20T12:00:00+08:00,1732075200,17.7,7.0,5.1,427.7,55.8,3.4,0.06,0.096,2.1,,,Ⅲ
2024-11-20T20:00:00+08:00,1732104000,17.5,7.0,5.0,427.1,56.7,3.4,0.06,0.09,2.12,,,Ⅲ
2024-11-21T04:00:00+08:00,1732132800,17.3,7.0,4.9,423.5,54.0,3.5,0.08,0.09,2.19,,,Ⅳ
2024-11-21T08:00:00+08:00,1732147200,17.1,7.0,4.8,424.6,49.3,3.5,0.1,0.082,2.34,,,Ⅳ
2024-11-21T12:00:00+08:00,1732161600,17.5,7.0,4.8,424.7,59.0,3.4,0.1,0.097,2.25,,,Ⅳ
2024-11-21T16:00:00+08:00,1732176000,17.5,7.0,5.0,425.8,71.1,3.5,0.11,0.096,2.19,,,Ⅲ
2024-11-21T20:00:00+08:00,1732190400,17.2,7.0,4.9,426.6,56.4,3.4,0.11,0.093,2.24,,,Ⅳ
2024-11-22T00:00:00+08:00,1732204800,17.1,7.0,4.9,429.1,49.7,3.3,0.1,0.088,2.35,,,Ⅳ
2024-11-22T12:00:00+08:00,1732248000,17.0,7.0,5.1,430.1,56.0,3.3,0.09,0.088,2.33,,,Ⅲ
2024-11-22T16:00:00+08:00,1732262400,17.0,7.0,5.1,432.5,67.3,3.5,0.1,0.089,2.27,,,Ⅲ
2024-11-22T20:00:00+08:00,1732276800,16.9,7.0,5.0,434.1,60.9,3.5,0.09,0.09,2.36,,,Ⅲ
2024-11-23T00:00:00+08:00,1732291200,16.7,7.0,5.1,434.8,48.2,3.5,0.09,0.073,2.45,,,Ⅲ
2024-11-23T04:00:00+08:00,1732305600,16.6,7.0,5.0,434.2,58.7,3.6,0.09,0.085,2.35,,,Ⅲ
2024-11-23T08:00:00+08:00,1732320000,16.4,7.0,5.2,434.1,53.8,3.7,0.09,0.086,2.4,,,Ⅲ
2024-11-23T12:00:00+08:00,1732334400,17.8,8.0,7.2,0.3,8.5,0.5,0.13,0.122,,,,Ⅲ
2024-11-23T20:00:00+08:00,1732363200,25.8,8.0,7.8,,18.8,0.3,0.04,0.005,,,,Ⅰ
2024-11-24T00:00:00+08:00,1732377600,24.7,8.0,7.6,,27.3,0.3,0.04,0.005,,,,Ⅰ
2024-11-24T04:00:00+08:00,1732392000,24.4,8.0,7.5,,30.2,44.7,0.02,0.005,,,,劣Ⅴ
2024-11-24T08:00:00+08:00,1732406400,24.2,8.0,7.5,,30.6,44.7,0.02,0.007,,,,劣Ⅴ
2024-11-24T12:00:00+08:00,1732420800,27.3,8.0,7.8,,30.6,,0.02,0.005,,,,
2024-11-24T16:00:00+08:00,1732435200,27.7,8.0,7.9,,30.1,,0.02,0.005,,,,
2024-11-25T20:00:00+08:00,1732536000,16.8,7.0,6.2,507.4,167.5,5.4,0.1,0.108,3.51,,,Ⅲ
2024-11-25T21:08:00+08:00,1732540080,,,,,,,,,,,,
2024-11-26T09:09:00+08:00,1732583340,,,,,,,,,,,,
2024-11-26T13:10:00+08:00,1732597800,,,,,,,,,,,,
2024-11-26T17:10:00+08:00,1732612200,,,,,,,,,,,,
2024-11-26T20:00:00+08:00,1732622400,15.7,8.0,9.0,1.8,,5.4,0.11,0.112,3.51,,,Ⅲ
2024-11-26T21:11:00+08:00,1732626660,,,,,,,,,,,,
2024-11-27T00:00:00+08:00,1732636800,15.4,8.0,9.2,2.0,,5.4,0.1,0.112,3.55,,,Ⅲ
2024-11-27T08:00:00+08:00,1732665600,15.2,8.0,8.9,2.0,,5.3,0.1,0.112,3.54,,,Ⅲ
2024-11-27T12:00:00+08:00,1732680000,15.4,8.0,9.1,1.8,,5.4,0.1,0.111,3.56,,,Ⅲ
2024-11-27T16:00:00+08:00,1732694400,15.0,8.0,8.1,518.2,64.0,5.3,0.11,0.108,3.57,,,Ⅲ
2024-11-27T20:00:00+08:00,1732708800,14.6,8.0,7.9,520.8,87.7,5.4,0.11,0.108,3.55,,,Ⅲ
2024-11-28T00:00:00+08:00,1732723200,14.3,8.0,8.1,521.5,66.1,4.2,0.11,0.109,3.6,,,Ⅲ
2024-11-28T12:00:00+08:00,1732766400,14.0,8.0,8.0,528.0,104.2,4.2,0.12,0.117,3.59,,,Ⅲ
2024-11-28T20:00:00+08:00,1732795200,13.8,8.0,8.2,530.9,69.6,4.1,0.12,0.11,3.57,,,Ⅲ
2024-11-29T00:00:00+08:00,1732809600,13.6,8.0,8.8,532.0,65.7,4.2,0.13,0.11,3.65,,,Ⅲ
2024-11-29T08:00:00+08:00,1732838400,13.2,8.0,8.9,535.8,64.2,4.1,0.12,0.108,3.58,,,Ⅲ
2024-11-29T12:00:00+08:00,1732852800,20.0,8.0,8.2,1.2,,,,,,,,
2024-11-29T16:00:00+08:00,1732867200,13.5,8.0,8.9,537.1,52.9,4.0,0.13,0.109,3.56,,,Ⅲ
2024-11-29T20:00:00+08:00,1732881600,13.2,8.0,8.6,538.7,47.3,4.0,0.13,0.105,3.58,,,Ⅲ
2024-11-30T08:00:00+08:00,1732924800,12.9,8.0,8.7,541.6,60.0,4.0,0.12,0.107,3.66,,,Ⅲ
2024-11-30T12:00:00+08:00,1732939200,14.0,8.0,9.8,540.1,119.4,4.8,0.12,0.146,3.73,,,Ⅲ
2024-11-30T16:00:00+08:00,1732953600,13.5,8.0,8.9,542.5,57.9,4.0,0.13,0.111,3.57,,,Ⅲ
2024-12-01T00:00:00+08:00,1732982400,13.1,8.0,8.7,544.5,51.1,4.0,0.12,0.108,3.61,,,Ⅲ
2024-12-01T04:00:00+08:00,1732996800,13.0,8.0,8.8,544.3,46.0,3.8,0.14,0.102,3.6,,,Ⅲ
2024-12-01T08:00:00+08:00,1733011200,13.0,8.0,8.9,545.6,57.2,3.9,0.14,0.109,3.62,,,Ⅲ
2024-12-01T12:00:00+08:00,1733025600,13.6,8.0,8.9,547.0,63.3,3.8,0.14,0.11,3.63,,,Ⅲ
2024-12-01T16:00:00+08:00,1733040000,13.7,8.0,8.7,547.4,54.3,3.9,0.13,0.11,3.61,,,Ⅲ
2024-12-02T00:00:00+08:00,1733068800,13.3,8.0,8.5,547.7,48.9,3.8,0.13,0.105,3.6,,,Ⅲ
2024-12-02T20:00:00+08:00,1733140800,13.6,8.0,9.0,553.1,44.0,3.7,0.12,0.103,3.48,,,Ⅲ
2024-12-03T00:00:00+08:00,1733155200,13.5,8.0,8.8,554.6,46.7,3.8,0.14,0.102,3.51,,,Ⅲ
2024-12-03T08:00:00+08:00,1733184000,13.3,8.0,9.0,557.0,38.6,3.7,0.12,0.097,3.46,,,Ⅱ
2024-12-03T12:00:00+08:00,1733198400,13.9,8.0,8.8,554.0,58.4,3.8,0.14,0.107,3.56,,,Ⅲ
2024-12-03T16:00:00+08:00,1733212800,14.1,8.0,8.5,553.9,55.1,3.8,0.13,0.106,3.58,,,Ⅲ
2024-12-03T20:00:00+08:00,1733227200,13.8,8.0,8.9,555.7,46.2,3.8,0.11,0.103,3.47,,,Ⅲ
2024-12-04T00:00:00+08:00,1733241600,13.7,8.0,8.8,557.9,38.1,3.6,0.12,0.1,3.48,,,Ⅱ
2024-12-04T04:00:00+08:00,1733256000,13.8,8.0,8.6,556.3,50.5,3.6,0.12,0.101,3.57,,,Ⅲ
2024-12-04T08:00:00+08:00,1733270400,13.7,8.0,8.5,557.8,48.5,3.8,0.13,0.101,3.53,,,Ⅲ
2024-12-04T16:00:00+08:00,1733299200,14.1,8.0,8.8,559.2,74.5,4.0,0.14,0.118,3.62,,,Ⅲ
2024-12-04T20:00:00+08:00,1733313600,14.0,8.0,8.6,561.1,43.9,3.7,0.11,0.101,3.45,,,Ⅲ
2024-12-05T00:00:00+08:00,1733328000,13.9,8.0,8.8,562.5,42.0,3.7,0.11,0.098,3.44,,,Ⅱ
2024-12-05T04:00:00+08:00,1733342400,13.8,8.0,8.5,562.8,55.9,3.7,0.13,0.102,3.57,,,Ⅲ
2024-12-05T08:00:00+08:00,1733356800,13.7,8.0,8.6,562.7,45.2,3.7,0.13,0.099,3.52,,,Ⅱ
2024-12-05T20:00:00+08:00,1733400000,13.6,8.0,8.6,567.9,47.6,3.7,0.13,0.102,3.48,,,Ⅲ
2024-12-06T00:00:00+08:00,1733414400,13.6,8.0,8.5,568.0,39.4,3.6,0.13,0.098,3.43,,,Ⅱ
2024-12-06T04:00:00+08:00,1733428800,13.4,8.0,8.6,565.9,48.8,3.6,0.14,0.103,3.59,,,Ⅲ
2024-12-06T12:00:00+08:00,1733457600,13.5,8.0,8.8,565.1,46.2,3.7,0.16,0.103,3.63,,,Ⅲ
2024-12-07T12:00:00+08:00,1733544000,13.4,8.0,8.8,569.0,40.8,3.7,0.17,0.1,3.63,,,Ⅱ
2024-12-08T00:00:00+08:00,1733587200,13.0,8.0,8.9,577.6,38.5,3.6,0.14,0.095,3.49,,,Ⅱ
2024-12-09T08:00:00+08:00,1733702400,12.0,8.0,9.2,580.8,50.9,3.7,0.16,0.102,3.69,,,Ⅲ
2024-12-09T16:00:00+08:00,1733731200,12.2,8.0,9.2,581.5,49.0,3.6,0.17,0.103,3.65,,,Ⅲ
2024-12-11T00:00:00+08:00,1733846400,11.9,8.0,9.0,591.5,47.0,3.6,0.17,0.1,3.61,,,Ⅱ
2024-12-14T00:00:00+08:00,1734105600,10.7,8.0,9.3,566.1,54.9,3.8,0.23,0.105,3.77,,,Ⅲ
2024-12-14T12:00:00+08:00,1734148800,10.5,8.0,9.6,566.0,63.3,3.8,0.25,0.108,3.81,,,Ⅲ
2024-12-16T04:00:00+08:00,1734292800,9.3,8.0,9.9,580.4,48.0,3.6,0.27,0.1,3.82,,,Ⅱ
2024-12-18T20:00:00+08:00,1734523200,9.3,8.0,10.1,601.4,41.4,3.7,0.22,0.095,3.59,,,Ⅱ
2024-12-19T04:00:00+08:00,1734552000,9.1,8.0,10.1,606.9,45.4,3.7,0.26,0.099,3.81,,,Ⅱ
2024-12-20T20:00:00+08:00,1734696000,9.0,8.0,10.5,584.3,44.7,3.5,0.26,0.101,3.78,,,Ⅲ
2024-12-21T00:00:00+08:00,1734710400,8.8,8.0,10.4,585.2,34.8,3.6,0.25,0.094,3.7,,,Ⅱ
2024-12-23T16:00:00+08:00,1734940800,8.4,8.0,10.4,608.3,71.6,3.6,0.32,0.114,3.94,,,Ⅲ
2024-12-24T00:00:00+08:00,1734969600,8.3,8.0,10.5,612.8,49.4,4.1,0.28,0.1,3.82,,,Ⅲ
2024-12-24T04:00:00+08:00,1734984000,8.3,8.0,10.5,617.4,50.9,4.0,0.29,0.102,3.85,,,Ⅲ
2024-12-24T08:00:00+08:00,1734998400,8.3,8.0,10.5,618.3,45.3,4.1,0.31,0.099,3.91,,,Ⅲ
2024-12-24T16:00:00+08:00,1735027200,9.0,8.0,10.1,617.4,40.8,4.0,0.3,0.1,3.9,,,Ⅱ
2024-12-24T20:00:00+08:00,1735041600,8.9,8.0,10.2,619.0,54.0,4.0,0.28,0.105,3.91,,,Ⅲ
2024-12-25T04:00:00+08:00,1735070400,8.8,8.0,10.3,622.9,55.2,2.2,0.27,0.102,3.93,,,Ⅲ
2024-12-25T08:00:00+08:00,1735084800,8.8,8.0,10.3,620.7,54.7,2.4,0.28,0.106,3.96,,,Ⅲ
2024-12-25T20:00:00+08:00,1735128000,9.4,8.0,10.2,626.7,50.7,3.4,0.26,0.102,3.88,,,Ⅲ
2024-12-26T00:00:00+08:00,1735142400,9.4,8.0,10.1,623.4,60.8,3.4,0.29,0.106,3.96,,,Ⅲ
2024-12-28T00:00:00+08:00,1735315200,9.4,8.0,10.3,643.9,44.4,3.3,0.28,0.1,3.93,,,Ⅱ
2024-12-28T20:00:00+08:00,1735387200,9.0,8.0,10.5,615.9,41.5,3.3,0.26,0.096,3.84,,,Ⅱ
2025-01-02T20:00:00+08:00,1735819200,8.9,8.0,10.4,639.9,36.0,3.1,0.2,0.09,3.62,,,Ⅱ
2025-01-03T04:00:00+08:00,1735848000,8.7,8.0,10.5,650.3,40.6,3.1,0.24,0.093,3.84,,,Ⅱ
2025-01-03T08:00:00+08:00,1735862400,8.5,8.0,10.6,644.3,34.2,3.1,0.2,0.089,3.62,,,Ⅱ
2025-01-07T16:00:00+08:00,1736236800,9.6,8.0,10.1,667.2,39.5,3.0,0.2,0.093,3.83,,,Ⅱ
2025-01-07T20:00:00+08:00,1736251200,9.4,8.0,10.2,668.5,39.0,3.1,0.21,0.091,3.84,,,Ⅱ
2025-01-08T08:00:00+08:00,1736294400,8.9,8.0,10.5,670.1,40.7,3.1,0.22,0.092,3.84,,,Ⅱ
2025-01-08T16:00:00+08:00,1736323200,9.4,8.0,10.1,664.6,43.5,4.8,0.21,0.091,3.84,,,Ⅲ
2025-01-09T08:00:00+08:00,1736380800,8.7,8.0,10.5,674.8,47.0,4.6,0.22,0.093,3.94,,,Ⅲ
2025-01-09T12:00:00+08:00,1736395200,9.0,8.0,10.5,666.6,41.2,4.6,0.18,0.09,3.75,,,Ⅲ
2025-01-09T16:00:00+08:00,1736409600,9.0,8.0,10.5,654.8,35.0,4.6,0.15,0.084,3.59,,,Ⅲ
2025-01-09T20:00:00+08:00,1736424000,8.8,8.0,10.5,673.1,42.1,4.5,0.2,0.089,3.87,,,Ⅲ
2025-01-10T04:00:00+08:00,1736452800,8.3,8.0,10.7,677.5,33.6,4.4,0.2,0.086,3.85,,,Ⅲ
2025-01-10T08:00:00+08:00,1736467200,8.0,8.0,10.9,677.5,41.3,4.4,0.2,0.088,3.94,,,Ⅲ
2025-01-10T12:00:00+08:00,1736481600,8.3,8.0,10.7,674.7,40.1,4.5,0.21,0.091,3.88,,,Ⅲ
2025-01-10T20:00:00+08:00,1736510400,8.1,8.0,10.8,675.9,40.8,4.5,0.19,0.088,3.86,,,Ⅲ
2025-01-11T00:00:00+08:00,1736524800,7.9,8.0,10.8,678.1,39.7,4.5,0.21,0.09,3.93,,,Ⅲ
2025-01-11T04:00:00+08:00,1736539200,7.8,8.0,11.0,679.0,35.8,4.4,0.2,0.086,3.87,,,Ⅲ
2025-01-11T12:00:00+08:00,1736568000,7.8,8.0,10.9,684.4,49.6,4.6,0.18,0.092,3.86,,,Ⅲ
2025-01-11T16:00:00+08:00,1736582400,7.9,8.0,11.1,662.0,37.9,4.6,0.15,0.084,3.61,,,Ⅲ
2025-01-12T12:00:00+08:00,1736654400,7.5,8.0,10.8,680.1,54.4,4.6,0.19,0.097,3.88,,,Ⅲ
2025-01-12T16:00:00+08:00,1736668800,8.0,7.0,10.0,758.7,47.7,4.6,0.17,0.093,3.74,,,Ⅲ
2025-01-13T04:00:00+08:00,1736712000,7.1,8.0,11.2,779.6,48.6,4.6,0.19,0.087,3.83,,,Ⅲ
2025-01-13T16:00:00+08:00,1736755200,8.0,8.0,10.8,753.5,44.0,4.5,0.15,0.087,3.66,,,Ⅲ
2025-01-13T20:00:00+08:00,1736769600,7.6,8.0,11.1,750.8,37.3,4.5,0.13,0.081,3.54,,,Ⅲ
2025-01-14T00:00:00+08:00,1736784000,7.7,8.0,11.2,763.7,41.4,4.5,0.16,0.085,3.75,,,Ⅲ
2025-01-14T04:00:00+08:00,1736798400,7.6,8.0,11.0,770.7,37.9,4.5,0.17,0.084,3.78,,,Ⅲ
2025-01-14T08:00:00+08:00,1736812800,7.6,8.0,11.0,769.0,42.1,4.6,0.17,0.086,3.75,,,Ⅲ
2025-01-15T20:00:00+08:00,1736942400,8.2,8.0,11.4,730.2,34.1,4.4,0.08,0.075,3.32,,,Ⅲ
2025-01-19T00:00:00+08:00,1737216000,7.8,8.0,11.3,722.6,31.1,4.3,0.09,0.073,3.33,,,Ⅲ
2025-01-19T04:00:00+08:00,1737230400,7.8,8.0,11.2,745.8,45.8,4.4,0.12,0.085,3.55,,,Ⅲ
2025-01-20T04:00:00+08:00,1737316800,8.2,8.0,11.2,742.0,39.3,4.4,0.11,0.081,3.54,,,Ⅲ
2025-01-20T12:00:00+08:00,1737345600,8.6,8.0,11.1,726.6,33.7,4.5,0.09,0.077,3.38,,,Ⅲ
2025-01-21T12:00:00+08:00,1737432000,8.8,8.0,11.1,724.8,43.6,4.4,0.09,0.082,3.41,,,Ⅲ
2025-01-21T20:00:00+08:00,1737460800,8.9,8.0,11.1,729.8,36.9,4.5,0.11,0.08,3.47,,,Ⅲ
2025-01-22T04:00:00+08:00,1737489600,8.8,8.0,11.1,732.9,36.4,4.4,0.11,0.08,3.56,,,Ⅲ
2025-01-22T08:00:00+08:00,1737504000,8.7,8.0,11.1,738.2,38.2,4.4,0.12,0.082,3.63,,,Ⅲ
2025-01-22T16:00:00+08:00,1737532800,9.6,8.0,10.9,730.0,43.3,4.4,0.12,0.081,3.58,,,Ⅲ
2025-01-22T20:00:00+08:00,1737547200,9.5,8.0,10.8,729.9,36.6,4.4,0.11,0.079,3.54,,,Ⅲ
2025-01-23T16:00:00+08:00,1737619200,10.1,8.0,10.7,726.1,38.1,4.3,0.11,0.079,3.55,,,Ⅲ
2025-01-24T00:00:00+08:00,1737648000,10.0,8.0,10.7,735.0,39.3,4.3,0.12,0.08,3.63,,,Ⅲ
2025-02-12T16:00:00+08:00,1739347200,8.8,8.0,10.7,738.7,38.1,4.0,0.16,0.083,3.62,,,Ⅱ
2025-02-12T20:00:00+08:00,1739361600,8.6,8.0,10.5,746.2,26.3,4.0,0.14,0.078,3.34,,,Ⅱ
2025-02-13T00:00:00+08:00,1739376000,8.6,8.0,10.5,748.4,31.8,4.0,0.15,0.081,3.48,,,Ⅱ
2025-02-13T04:00:00+08:00,1739390400,8.5,8.0,10.6,736.8,35.1,4.0,0.16,0.083,3.59,,,Ⅱ
2025-02-13T08:00:00+08:00,1739404800,8.4,8.0,10.6,741.5,31.5,4.0,0.13,0.081,3.31,,,Ⅱ
2025-02-13T16:00:00+08:00,1739433600,9.4,7.0,8.5,727.7,34.7,4.1,0.16,0.087,3.5,,,Ⅲ
2025-02-13T20:00:00+08:00,1739448000,9.1,8.0,10.4,725.9,29.3,4.0,0.13,0.08,3.26,,,Ⅱ
