ts,epoch,temperature,ph,do,conductivity,turbidity,codmn,ammonia_n,tp,tn,chla,algae_density,quality_class
2021-07-26T12:00:00+08:00,1627272000,28.1,7.25,5.04,406.3,50.7,6.98,0.305,0.239,3.78,,,Ⅳ
2021-07-26T15:34:00+08:00,1627284840,,,,,,,,,,,,
2021-07-26T16:00:00+08:00,1627286400,28.1,7.21,5.03,397.4,54.6,7.03,0.282,0.247,3.75,,,Ⅳ
2021-07-26T18:34:00+08:00,1627295640,,,,,,,,,,,,
2021-07-26T20:00:00+08:00,1627300800,28.0,7.17,5.15,345.9,63.0,7.03,0.282,0.247,3.75,,,Ⅳ
2021-07-26T21:35:00+08:00,1627306500,,,,,,,,,,,,
2021-07-27T00:35:00+08:00,1627317300,,,,,,,,,,,,
2021-07-27T03:36:00+08:00,1627328160,,,,,,,,,,,,
2021-07-27T04:00:00+08:00,1627329600,27.9,7.1,4.66,349.2,73.0,7.0,0.259,0.308,3.74,,,Ⅴ
2021-07-27T06:36:00+08:00,1627338960,,,,,,,,,,,,
2021-07-27T08:00:00+08:00,1627344000,27.8,7.04,4.75,305.8,61.0,7.0,0.259,0.308,3.74,,,Ⅴ
2021-07-27T09:37:00+08:00,1627349820,,,,,,,,,,,,
2021-07-27T12:00:00+08:00,1627358400,28.1,7.05,4.34,340.8,76.7,6.6,0.231,0.305,3.75,,,Ⅴ
2021-07-27T12:37:00+08:00,1627360620,,,,,,,,,,,,
2021-07-27T13:08:00+08:00,1627362480,,,,,,,,,,,,
2021-07-27T16:00:00+08:00,1627372800,28.3,7.0,3.69,344.8,43.8,6.51,0.228,0.322,3.75,,,Ⅴ
2021-07-27T16:09:00+08:00,1627373340,,,,,,,,,,,,
2021-07-27T19:20:00+08:00,1627384800,,,,,,,,,,,,
2021-07-27T20:00:00+08:00,1627387200,28.3,7.04,3.86,344.3,45.2,6.51,0.228,0.322,3.75,,,Ⅴ
2021-07-27T22:21:00+08:00,1627395660,,,,,,,,,,,,
2021-07-28T01:21:00+08:00,1627406460,,,,,,,,,,,,
2021-07-28T04:00:00+08:00,1627416000,28.2,6.92,3.46,313.9,39.0,6.93,0.22,0.357,3.99,,,Ⅴ
2021-07-28T04:22:00+08:00,1627417320,,,,,,,,,,,,
2021-07-28T07:22:00+08:00,1627428120,,,,,,,,,,,,
2021-07-28T08:00:00+08:00,1627430400,28.3,7.02,4.3,303.5,55.8,6.93,0.22,0.357,3.99,,,Ⅴ
2021-07-28T10:22:00+08:00,1627438920,,,,,,,,,,,,
2021-07-28T12:00:00+08:00,1627444800,28.7,6.96,3.59,307.9,44.8,6.91,0.225,0.319,3.23,,,Ⅴ
2021-07-28T13:30:00+08:00,1627450200,,,,,,,,,,,,
2021-07-28T16:00:00+08:00,1627459200,29.6,6.92,3.31,314.5,39.9,6.74,0.206,0.365,3.8,,,Ⅴ
2021-07-28T16:30:00+08:00,1627461000,,,,,,,,,,,,
2021-07-28T19:43:00+08:00,1627472580,,,,,,,,,,,,
2021-07-28T20:00:00+08:00,1627473600,29.5,6.94,3.39,314.3,37.4,6.59,0.189,0.361,3.78,,,Ⅴ
2021-07-28T22:43:00+08:00,1627483380,,,,,,,,,,,,
2021-07-29T00:00:00+08:00,1627488000,29.4,6.91,2.85,325.3,29.7,7.03,0.192,0.373,3.9,,,Ⅴ
2021-07-29T01:44:00+08:00,1627494240,,,,,,,,,,,,
2021-07-29T04:00:00+08:00,1627502400,29.2,6.87,2.24,334.9,24.8,7.46,0.244,0.405,3.91,,,劣Ⅴ
2021-07-29T04:44:00+08:00,1627505040,,,,,,,,,,,,
2021-07-29T07:45:00+08:00,1627515900,,,,,,,,,,,,
2021-07-29T08:00:00+08:00,1627516800,29.4,6.87,2.35,328.7,32.2,7.29,0.227,0.378,3.96,,,Ⅴ
2021-07-29T10:45:00+08:00,1627526700,,,,,,,,,,,,
2021-07-29T12:00:00+08:00,1627531200,30.5,6.87,2.34,334.8,25.8,,,,,,,
2021-07-29T13:49:00+08:00,1627537740,,,,,,,,,,,,
2021-07-29T16:00:00+08:00,1627545600,31.2,6.92,2.82,350.2,21.7,7.28,0.215,0.402,3.65,,,劣Ⅴ
2021-07-29T16:50:00+08:00,1627548600,,,,,,,,,,,,
2021-07-29T19:50:00+08:00,1627559400,,,,,,,,,,,,
2021-07-29T20:00:00+08:00,1627560000,31.0,6.92,2.63,350.2,21.3,7.0,0.213,0.394,3.69,,,Ⅴ
2021-07-29T22:50:00+08:00,1627570200,,,,,,,,,,,,
2021-07-30T00:00:00+08:00,1627574400,30.9,6.92,2.61,359.5,19.4,7.02,0.236,0.4,3.69,,,Ⅴ
2021-07-30T01:51:00+08:00,1627581060,,,,,,,,,,,,
2021-07-30T04:00:00+08:00,1627588800,30.5,6.92,2.55,368.9,18.6,7.08,0.312,0.412,3.51,,,劣Ⅴ
2021-07-30T04:51:00+08:00,1627591860,,,,,,,,,,,,
2021-07-30T07:52:00+08:00,1627602720,,,,,,,,,,,,
2021-07-30T08:00:00+08:00,1627603200,30.8,6.93,2.68,370.2,21.5,6.99,0.308,0.407,3.56,,,劣Ⅴ
2021-07-30T10:52:00+08:00,1627613520,,,,,,,,,,,,
2021-07-30T12:00:00+08:00,1627617600,31.5,6.96,2.82,372.8,18.5,6.99,0.308,0.407,3.56,,,劣Ⅴ
2021-07-30T13:53:00+08:00,1627624380,,,,,,,,,,,,
2021-07-30T16:53:00+08:00,1627635180,,,,,,,,,,,,
2021-08-06T09:11:00+08:00,1628212260,32.3,7.21,4.24,460.5,38.8,5.84,0.085,0.204,2.49,,,Ⅳ
2021-08-06T12:16:00+08:00,1628223360,32.2,7.21,3.99,469.6,31.7,5.64,0.08,0.193,2.49,,,Ⅳ
2021-09-23T12:00:00+08:00,1632369600,30.9,7.13,5.27,440.2,33.2,4.25,0.064,0.133,1.99,,,Ⅲ
2021-09-23T16:00:00+08:00,1632384000,31.6,7.04,5.51,452.9,26.6,4.0,,0.13,,,,
2021-09-23T20:00:00+08:00,1632398400,31.3,7.14,6.18,444.8,29.4,4.3,0.061,0.131,1.89,,,Ⅲ
2021-09-24T04:00:00+08:00,1632427200,29.9,7.04,4.44,457.8,36.5,4.14,0.081,0.139,1.94,,,Ⅳ
2021-10-28T12:00:00+08:00,1635393600,21.3,7.19,4.96,453.4,40.9,3.72,0.123,0.117,2.22,,,Ⅳ
2021-10-28T16:00:00+08:00,1635408000,22.0,7.24,5.8,453.9,42.1,,0.111,0.107,,,,
2021-10-28T20:00:00+08:00,1635422400,21.8,7.24,5.75,453.4,39.3,3.5,0.103,0.108,2.13,,,Ⅲ
2021-10-29T04:00:00+08:00,1635451200,21.4,7.24,5.43,454.8,43.9,3.4,0.103,0.105,2.12,,,Ⅲ
2021-10-29T08:00:00+08:00,1635465600,21.1,7.18,5.02,456.0,44.9,3.44,0.115,0.115,2.18,,,Ⅲ
2021-10-29T12:00:00+08:00,1635480000,21.6,7.19,4.97,456.7,43.0,3.72,0.121,0.112,2.17,,,Ⅳ
2021-11-05T08:00:00+08:00,1636070400,21.4,7.2,5.17,482.5,40.4,4.58,0.133,0.108,1.98,,,Ⅲ
2021-11-05T12:00:00+08:00,1636084800,21.6,7.18,4.72,482.2,39.5,4.57,0.123,0.102,1.91,,,Ⅳ
2021-11-05T16:00:00+08:00,1636099200,21.9,7.21,4.82,482.5,40.4,4.57,0.128,0.101,1.97,,,Ⅳ
2021-11-05T20:00:00+08:00,1636113600,21.8,7.23,5.29,489.6,38.0,4.74,0.137,0.103,1.96,,,Ⅲ
2021-11-06T04:00:00+08:00,1636142400,21.8,7.22,4.79,486.8,40.3,4.86,0.124,0.12,1.97,,,Ⅳ
2021-11-06T08:00:00+08:00,1636156800,21.7,7.23,4.9,492.2,43.9,4.71,0.125,0.112,1.9,,,Ⅳ
2021-11-06T12:00:00+08:00,1636171200,22.1,7.23,5.04,492.8,41.5,4.72,0.134,0.108,1.9,,,Ⅲ
2021-11-06T16:00:00+08:00,1636185600,22.2,7.25,5.14,489.3,45.5,4.61,0.119,0.102,1.88,,,Ⅲ
2021-11-06T20:00:00+08:00,1636200000,22.1,7.23,5.05,500.9,44.3,4.76,0.128,0.107,1.88,,,Ⅲ
2021-11-07T04:00:00+08:00,1636228800,21.7,7.23,4.69,493.5,41.8,4.96,0.133,0.126,2.03,,,Ⅳ
2021-11-07T12:00:00+08:00,1636257600,22.2,7.21,4.92,496.5,38.8,4.89,0.144,0.111,1.96,,,Ⅳ
2021-11-07T16:00:00+08:00,1636272000,22.1,7.21,4.62,490.4,42.7,4.84,0.126,0.106,1.94,,,Ⅳ
2021-11-07T20:00:00+08:00,1636286400,21.1,7.28,5.56,500.0,41.9,4.92,0.116,0.103,1.96,,,Ⅲ
2021-11-08T04:00:00+08:00,1636315200,19.0,7.31,5.95,490.4,42.2,5.17,0.117,0.123,2.02,,,Ⅲ
2021-11-08T08:00:00+08:00,1636329600,18.3,7.39,6.56,488.8,40.4,5.03,0.14,0.117,2.1,,,Ⅲ
2021-11-08T12:00:00+08:00,1636344000,18.2,7.43,7.21,492.9,40.1,5.36,0.133,0.11,2.01,,,Ⅲ
2021-11-08T16:00:00+08:00,1636358400,18.2,7.46,7.31,496.2,44.5,,0.156,0.111,2.16,,,
2021-11-08T20:00:00+08:00,1636372800,17.5,7.48,7.68,491.6,49.5,,0.187,0.11,2.16,,,
2021-11-09T04:00:00+08:00,1636401600,16.9,7.41,6.68,495.8,40.7,4.64,0.165,0.125,2.19,,,Ⅲ
2021-11-09T08:00:00+08:00,1636416000,16.6,7.43,6.89,493.3,44.7,4.42,0.186,0.116,2.15,,,Ⅲ
2021-11-09T12:00:00+08:00,1636430400,17.3,7.4,6.6,495.3,40.8,4.59,0.167,0.11,2.09,,,Ⅲ
2021-11-09T16:00:00+08:00,1636444800,17.7,7.41,6.74,497.9,41.3,4.37,0.177,0.111,2.12,,,Ⅲ
2021-11-09T20:00:00+08:00,1636459200,17.2,7.4,6.87,494.5,42.3,4.44,0.196,0.111,2.12,,,Ⅲ
2021-11-10T04:00:00+08:00,1636488000,16.4,7.35,6.32,500.9,41.4,4.59,0.205,0.133,2.23,,,Ⅲ
2021-11-10T08:00:00+08:00,1636502400,16.1,7.37,6.27,497.1,44.1,4.38,0.212,0.127,2.28,,,Ⅲ
2021-11-10T12:00:00+08:00,1636516800,16.9,7.38,6.7,498.0,40.2,4.34,0.199,0.118,2.21,,,Ⅲ
2021-11-10T16:00:00+08:00,1636531200,17.5,7.43,7.29,498.7,41.1,4.32,0.198,0.11,2.2,,,Ⅲ
2021-11-10T20:00:00+08:00,1636545600,17.0,7.44,7.5,496.4,41.9,4.42,0.187,0.115,2.22,,,Ⅲ
2021-11-11T04:00:00+08:00,1636574400,16.1,7.41,6.9,497.7,41.9,4.21,0.172,0.104,2.19,,,Ⅲ
2021-11-11T12:00:00+08:00,1636603200,16.7,7.4,6.94,495.1,40.4,4.44,0.163,0.107,2.16,,,Ⅲ
2021-11-11T16:00:00+08:00,1636617600,17.4,7.43,7.49,496.5,41.0,4.17,0.146,0.099,2.14,,,Ⅲ
2021-11-11T20:00:00+08:00,1636632000,16.9,7.42,7.64,495.0,45.6,4.37,0.148,0.107,2.18,,,Ⅲ
2021-11-12T04:00:00+08:00,1636660800,16.3,7.4,7.12,496.0,38.5,4.24,0.148,0.104,2.13,,,Ⅲ
2021-11-26T12:00:00+08:00,1637899200,15.2,7.35,6.62,508.6,39.2,4.61,0.195,0.088,,,,Ⅲ
2021-11-26T16:00:00+08:00,1637913600,15.9,7.34,7.33,506.6,44.8,4.83,0.187,0.089,2.36,,,Ⅲ
2021-11-26T20:00:00+08:00,1637928000,15.5,7.33,7.16,508.3,38.4,4.62,0.182,0.087,2.4,,,Ⅲ
2021-11-27T04:00:00+08:00,1637956800,15.0,7.34,7.07,507.2,43.9,4.7,0.193,0.087,2.36,,,Ⅲ
2021-11-27T08:00:00+08:00,1637971200,14.6,7.3,6.62,506.4,49.5,5.05,0.203,0.096,2.4,,,Ⅲ
2021-11-27T12:00:00+08:00,1637985600,15.4,7.35,6.85,508.7,44.9,,,,,,,
2021-11-27T16:00:00+08:00,1638000000,16.0,7.37,7.58,507.6,44.6,4.17,0.201,0.105,3.31,,,Ⅲ
2021-11-27T20:00:00+08:00,1638014400,15.8,7.38,7.7,508.6,42.2,3.89,0.186,0.106,3.36,,,Ⅲ
2021-11-28T04:00:00+08:00,1638043200,15.5,7.36,7.58,509.1,43.4,3.84,0.17,0.105,3.3,,,Ⅲ
2021-11-28T08:00:00+08:00,1638057600,15.3,7.33,7.03,509.6,45.8,4.04,0.197,0.112,3.34,,,Ⅲ
2021-11-28T12:00:00+08:00,1638072000,15.8,7.32,7.19,512.0,38.7,3.85,0.18,0.108,3.33,,,Ⅲ
2021-11-28T16:00:00+08:00,1638086400,16.0,7.35,7.37,513.4,40.2,3.86,0.184,0.105,3.34,,,Ⅲ
2021-11-28T20:00:00+08:00,1638100800,16.1,7.34,7.77,512.6,42.3,3.89,0.173,0.106,3.29,,,Ⅲ
2021-11-29T04:00:00+08:00,1638129600,16.0,7.34,7.13,515.0,39.3,4.01,0.178,0.106,3.29,,,Ⅲ
2021-11-29T08:00:00+08:00,1638144000,16.0,7.26,6.86,514.6,47.1,4.17,0.209,0.117,3.35,,,Ⅲ
2021-11-29T12:00:00+08:00,1638158400,16.3,7.24,6.45,515.7,41.0,3.76,0.208,0.111,3.34,,,Ⅲ
2021-11-30T08:00:00+08:00,1638230400,16.3,7.28,7.0,515.0,47.8,4.16,0.209,0.113,3.31,,,Ⅲ
2021-11-30T12:00:00+08:00,1638244800,16.3,7.41,7.72,515.4,46.2,4.15,0.231,0.117,3.64,,,Ⅲ
2021-11-30T16:00:00+08:00,1638259200,16.4,7.44,8.35,516.0,43.5,3.8,0.219,0.108,3.36,,,Ⅲ
2021-11-30T20:00:00+08:00,1638273600,15.8,7.52,8.65,516.5,50.7,4.0,0.221,0.119,3.4,,,Ⅲ
2021-12-01T04:00:00+08:00,1638302400,14.6,7.53,8.36,517.3,48.2,3.89,0.207,0.112,3.31,,,Ⅲ
2021-12-01T12:00:00+08:00,1638331200,14.6,7.48,7.83,517.5,46.9,4.07,0.265,0.119,3.39,,,Ⅲ
2021-12-01T16:00:00+08:00,1638345600,14.7,7.57,8.15,518.9,58.5,4.22,0.264,0.12,3.34,,,Ⅲ
2021-12-01T20:00:00+08:00,1638360000,14.3,7.54,8.42,517.1,44.9,4.04,0.228,0.116,3.35,,,Ⅲ
2021-12-02T04:00:00+08:00,1638388800,13.5,7.52,7.99,519.3,43.2,3.79,0.267,0.11,3.39,,,Ⅲ
2021-12-02T12:00:00+08:00,1638417600,13.9,7.52,7.7,520.7,46.6,4.01,0.267,0.11,3.44,,,Ⅲ
2021-12-03T12:00:00+08:00,1638504000,13.6,7.56,7.87,522.1,43.4,4.06,0.268,0.12,3.36,,,Ⅲ
2021-12-07T16:00:00+08:00,1638864000,14.7,7.54,8.2,532.2,42.8,3.91,0.196,0.106,,,,Ⅲ
2021-12-07T20:00:00+08:00,1638878400,14.5,7.53,8.2,533.0,57.9,3.89,0.21,0.107,,,,Ⅲ
2021-12-08T08:00:00+08:00,1638921600,14.0,7.52,8.01,531.5,43.4,3.8,0.186,0.104,4.67,,,Ⅲ
2021-12-08T12:00:00+08:00,1638936000,14.2,7.56,8.14,531.4,37.7,4.19,0.182,0.109,3.62,,,Ⅲ
2021-12-08T16:00:00+08:00,1638950400,14.5,7.54,8.04,533.9,36.0,3.91,0.197,0.106,3.37,,,Ⅲ
2021-12-08T20:00:00+08:00,1638964800,14.4,7.54,7.97,535.1,49.7,4.1,0.208,0.113,3.31,,,Ⅲ
2021-12-09T04:00:00+08:00,1638993600,14.2,7.52,7.7,533.9,39.3,3.93,0.202,0.107,3.42,,,Ⅲ
2021-12-09T08:00:00+08:00,1639008000,14.1,7.47,7.34,535.3,36.3,4.08,0.201,0.108,,,,Ⅲ
2021-12-09T12:00:00+08:00,1639022400,14.5,7.5,7.14,538.6,36.1,3.8,0.2,0.106,,,,Ⅲ
2021-12-10T08:00:00+08:00,1639094400,14.0,7.48,7.01,539.1,39.1,4.29,0.229,0.113,3.23,,,Ⅲ
2021-12-10T12:00:00+08:00,1639108800,14.5,7.51,7.19,540.9,40.5,3.89,0.215,0.11,,,,Ⅲ
2021-12-14T04:00:00+08:00,1639425600,13.4,7.57,7.42,547.5,35.7,3.82,0.214,0.108,3.71,,,Ⅲ
2021-12-14T12:00:00+08:00,1639454400,13.0,7.54,7.34,548.0,35.7,3.83,0.208,0.109,3.67,,,Ⅲ
2021-12-14T16:00:00+08:00,1639468800,13.5,7.59,7.45,548.0,51.6,4.19,0.215,0.117,3.63,,,Ⅲ
2021-12-14T20:00:00+08:00,1639483200,13.3,7.61,7.66,548.0,37.7,3.8,0.238,0.11,3.71,,,Ⅲ
2021-12-15T04:00:00+08:00,1639512000,12.8,7.61,7.55,551.2,36.6,3.81,0.214,0.111,3.65,,,Ⅲ
2021-12-21T12:00:00+08:00,1640059200,12.5,7.69,7.82,568.5,33.9,,0.249,0.108,3.66,,,
2021-12-21T13:11:00+08:00,1640063460,,,,,,,,,,,,
2021-12-22T04:00:00+08:00,1640116800,12.1,7.72,8.07,569.4,34.2,3.47,0.216,0.101,3.58,,,Ⅲ
2021-12-22T12:00:00+08:00,1640145600,12.7,7.73,8.25,567.7,35.3,3.5,0.208,0.102,3.58,,,Ⅲ
2021-12-22T20:00:00+08:00,1640174400,13.0,7.73,8.58,567.8,47.8,3.62,0.233,0.106,3.6,,,Ⅲ
2021-12-23T04:00:00+08:00,1640203200,12.3,7.74,8.26,569.0,40.8,3.57,0.202,0.108,3.55,,,Ⅲ
2021-12-23T08:00:00+08:00,1640217600,12.0,7.73,8.17,571.2,37.7,3.41,0.212,0.104,3.56,,,Ⅲ
2021-12-23T12:00:00+08:00,1640232000,13.0,7.77,8.48,567.4,34.6,3.76,0.209,0.105,3.56,,,Ⅲ
2021-12-23T16:00:00+08:00,1640246400,14.0,7.71,8.4,566.9,41.1,3.57,0.201,0.104,3.56,,,Ⅲ
2021-12-23T20:00:00+08:00,1640260800,13.7,7.71,8.4,568.8,44.2,3.68,0.224,0.106,3.56,,,Ⅲ
2021-12-24T04:00:00+08:00,1640289600,13.5,7.69,8.18,568.5,42.6,3.36,0.19,0.107,3.5,,,Ⅲ
2021-12-24T12:00:00+08:00,1640318400,14.3,7.7,8.52,568.8,44.2,3.66,0.212,0.106,3.56,,,Ⅲ
2021-12-27T16:00:00+08:00,1640592000,9.8,8.06,9.83,585.8,26.0,2.83,0.294,0.107,3.65,,,Ⅲ
2021-12-27T20:00:00+08:00,1640606400,9.3,8.08,10.14,587.2,29.0,3.59,0.315,0.111,3.73,,,Ⅲ
2021-12-28T04:00:00+08:00,1640635200,8.5,8.08,9.83,588.4,25.0,3.38,0.308,0.106,3.71,,,Ⅲ
2021-12-28T08:00:00+08:00,1640649600,8.1,8.04,9.48,589.5,26.5,3.12,0.319,0.105,3.71,,,Ⅲ
2021-12-28T16:00:00+08:00,1640678400,8.9,8.04,9.68,586.8,23.3,3.56,0.326,,,,,
2021-12-30T12:00:00+08:00,1640836800,,,,,,4.14,0.3,0.099,3.21,,,
2022-01-11T04:00:00+08:00,1641844800,10.7,7.65,7.59,619.8,29.7,3.93,0.335,0.103,3.4,,,Ⅲ
2022-01-11T08:00:00+08:00,1641859200,10.3,7.69,8.02,616.8,32.9,4.04,0.324,0.102,3.34,,,Ⅲ
2022-01-11T12:00:00+08:00,1641873600,10.9,7.72,8.07,618.5,43.9,,0.361,0.117,3.32,,,
2022-01-12T08:00:00+08:00,1641945600,9.3,7.8,8.59,618.9,29.7,3.95,0.292,0.101,3.3,,,Ⅲ
2022-01-12T12:00:00+08:00,1641960000,10.0,7.77,8.73,618.0,27.1,4.28,0.374,0.107,3.31,,,Ⅲ
2022-01-12T16:00:00+08:00,1641974400,10.7,7.77,8.87,618.3,33.9,3.87,0.315,0.102,3.26,,,Ⅲ
2022-01-14T12:00:00+08:00,1642132800,9.3,7.92,9.46,620.4,30.0,4.22,0.304,0.098,3.16,,,Ⅲ
2022-01-14T16:00:00+08:00,1642147200,9.7,7.88,9.28,621.3,80.2,4.8,0.365,0.119,3.11,,,Ⅲ
2022-01-19T08:00:00+08:00,1642550400,10.9,7.71,9.04,624.7,38.1,4.48,0.278,0.127,3.1,,,Ⅲ
2022-01-19T12:00:00+08:00,1642564800,11.7,7.7,8.8,626.1,40.9,4.84,0.279,0.121,3.08,,,Ⅲ
2022-01-19T16:00:00+08:00,1642579200,12.4,7.74,9.27,624.1,47.2,4.8,0.304,0.125,3.13,,,Ⅲ
2022-01-19T20:00:00+08:00,1642593600,12.2,7.68,9.17,627.6,43.3,4.75,0.26,0.121,3.06,,,Ⅲ
2022-01-20T04:00:00+08:00,1642622400,11.6,7.68,8.98,625.0,39.4,4.76,0.279,0.115,3.12,,,Ⅲ
2022-01-20T08:00:00+08:00,1642636800,11.3,7.7,8.98,625.5,42.7,4.81,0.257,0.117,3.05,,,Ⅲ
2022-01-20T12:00:00+08:00,1642651200,11.6,7.71,9.17,626.0,37.1,4.73,0.248,0.111,3.07,,,Ⅲ
2022-01-20T16:00:00+08:00,1642665600,12.1,7.75,9.66,624.4,43.6,4.92,0.262,0.115,3.12,,,Ⅲ
2022-01-20T20:00:00+08:00,1642680000,11.8,7.78,9.55,626.0,42.2,4.75,0.237,0.114,3.02,,,Ⅲ
2022-01-21T04:00:00+08:00,1642708800,11.0,7.76,9.39,625.1,40.4,4.8,0.253,0.109,3.09,,,Ⅲ
2022-01-21T08:00:00+08:00,1642723200,10.9,7.74,9.23,625.7,39.3,4.88,0.238,0.11,3.03,,,Ⅲ
2022-01-21T12:00:00+08:00,1642737600,11.1,7.81,9.53,627.3,36.7,,,,,,,
2022-02-10T08:00:00+08:00,1644451200,9.4,7.37,7.1,628.9,22.2,4.76,0.577,0.129,,,,Ⅲ
2022-02-10T12:00:00+08:00,1644465600,9.6,7.41,7.6,625.9,21.6,4.76,0.555,0.128,,,,Ⅲ
2022-02-11T08:00:00+08:00,1644537600,9.6,7.34,7.15,625.8,26.6,5.0,0.553,0.129,,,,Ⅲ
2022-02-11T18:36:00+08:00,1644575760,,,,,,,,,,,,
2022-02-11T22:37:00+08:00,1644590220,,,,,,,,,,,,
2022-02-12T02:37:00+08:00,1644604620,,,,,,,,,,,,
2022-02-12T06:38:00+08:00,1644619080,,,,,,,,,,,,
2022-02-12T18:40:00+08:00,1644662400,,,,,,,,,,,,
2022-02-12T22:41:00+08:00,1644676860,,,,,,,,,,,,
2022-02-13T02:41:00+08:00,1644691260,,,,,,,,,,,,
2022-02-13T06:41:00+08:00,1644705660,,,,,,,,,,,,
2022-02-13T10:42:00+08:00,1644720120,,,,,,,,,,,,
2022-02-13T14:42:00+08:00,1644734520,,,,,,,,,,,,
2022-02-13T18:43:00+08:00,1644748980,,,,,,,,,,,,
2022-02-13T22:43:00+08:00,1644763380,,,,,,,,,,,,
2022-02-14T00:00:00+08:00,1644768000,10.1,7.25,7.48,621.1,28.6,,,,,,,
2022-02-14T04:00:00+08:00,1644782400,10.0,7.31,7.7,621.3,23.8,4.89,0.604,0.133,6.02,,,Ⅲ
2022-02-18T04:00:00+08:00,1645128000,9.3,7.43,8.57,615.8,21.7,4.48,0.472,0.118,5.72,,,Ⅲ
2022-02-18T12:00:00+08:00,1645156800,9.5,7.42,8.84,613.2,19.4,4.29,0.438,0.117,5.71,,,Ⅲ
2022-02-19T04:00:00+08:00,1645214400,9.3,7.36,8.38,611.0,22.4,,,,,,,
2022-02-19T08:00:00+08:00,1645228800,9.2,7.37,8.67,615.6,19.6,4.33,0.474,0.115,5.6,,,Ⅲ
2022-02-22T12:00:00+08:00,1645502400,10.3,7.37,9.42,601.1,19.0,4.45,0.392,0.127,5.35,,,Ⅲ
2022-02-22T16:00:00+08:00,1645516800,10.5,7.33,9.43,598.5,19.8,4.7,0.376,0.126,5.23,,,Ⅲ
2022-02-22T20:00:00+08:00,1645531200,10.4,7.35,9.49,602.2,21.6,3.69,0.379,0.126,5.28,,,Ⅲ
2022-02-23T00:00:00+08:00,1645545600,10.2,7.37,9.45,599.2,19.6,3.94,0.35,0.119,5.28,,,Ⅲ
2022-02-23T09:56:00+08:00,1645581360,,,,,,,,,,,,
2022-02-23T12:00:00+08:00,1645588800,10.4,7.36,9.68,597.1,18.9,3.93,0.321,0.117,5.24,,,Ⅲ
2022-02-23T16:00:00+08:00,1645603200,10.9,7.38,9.71,594.9,20.6,4.0,0.342,0.119,5.23,,,Ⅲ
2022-03-01T08:00:00+08:00,1646092800,15.3,7.54,9.28,591.1,39.8,4.83,0.275,0.13,4.95,,,Ⅲ
2022-03-01T12:00:00+08:00,1646107200,16.1,7.62,9.41,593.7,32.9,4.96,0.269,0.125,5.02,,,Ⅲ
2022-03-01T16:00:00+08:00,1646121600,16.9,7.74,10.14,590.7,34.5,4.98,0.247,0.123,4.95,,,Ⅲ
2022-03-02T08:00:00+08:00,1646179200,15.7,7.6,9.2,594.0,30.1,4.71,0.233,0.117,4.97,,,Ⅲ
2022-03-02T12:00:00+08:00,1646193600,16.6,7.66,9.32,593.0,31.7,4.93,0.202,0.117,4.89,,,Ⅲ
2022-03-07T08:00:00+08:00,1646611200,15.3,7.5,7.93,587.4,34.5,4.83,0.167,0.1,4.56,,,Ⅲ
2022-03-07T12:00:00+08:00,1646625600,16.1,7.53,8.39,587.8,31.9,4.9,0.165,0.103,4.54,,,Ⅲ
2022-03-08T04:00:00+08:00,1646683200,15.9,7.44,7.79,586.1,35.0,4.85,0.236,0.101,4.56,,,Ⅲ
2022-03-08T08:00:00+08:00,1646697600,15.6,7.46,7.96,585.5,37.9,4.8,0.213,0.101,4.55,,,Ⅲ
2022-03-08T12:00:00+08:00,1646712000,16.6,7.5,8.33,587.0,36.3,4.87,0.188,0.101,4.5,,,Ⅲ
2022-03-08T16:00:00+08:00,1646726400,17.8,7.52,8.46,585.8,34.5,4.95,0.209,0.1,4.54,,,Ⅲ
2022-03-08T20:00:00+08:00,1646740800,17.6,7.55,8.68,588.6,38.1,5.07,0.204,0.104,4.57,,,Ⅲ
2022-03-09T00:00:00+08:00,1646755200,17.0,7.5,8.34,586.4,38.1,4.84,0.191,0.102,4.52,,,Ⅲ
2022-03-09T04:00:00+08:00,1646769600,16.4,7.42,7.69,585.0,40.6,5.28,0.202,0.104,4.48,,,Ⅲ
2022-03-09T08:00:00+08:00,1646784000,16.0,7.43,7.49,587.4,38.7,5.22,0.183,0.103,4.47,,,Ⅲ
2022-03-09T12:00:00+08:00,1646798400,17.2,7.47,8.22,585.3,37.7,5.11,0.156,0.103,4.5,,,Ⅲ
2022-03-10T04:00:00+08:00,1646856000,16.8,7.45,7.91,583.7,44.2,5.09,0.181,0.1,4.41,,,Ⅲ
2022-03-10T08:00:00+08:00,1646870400,16.5,7.46,7.71,587.4,46.2,5.22,0.157,0.1,4.36,,,Ⅲ
2022-03-10T12:00:00+08:00,1646884800,17.3,7.47,8.17,585.3,45.1,5.33,0.14,0.1,4.4,,,Ⅲ
2022-03-11T08:00:00+08:00,1646956800,17.4,7.34,6.93,584.3,52.8,5.47,0.17,0.102,4.39,,,Ⅲ
2022-03-11T12:00:00+08:00,1646971200,18.1,7.36,7.0,586.9,52.8,5.51,0.165,0.101,4.34,,,Ⅲ
2022-03-11T16:00:00+08:00,1646985600,19.7,7.43,7.72,586.2,57.5,5.45,0.147,0.099,4.3,,,Ⅲ
2022-03-11T20:00:00+08:00,1647000000,20.1,7.46,7.58,586.6,77.9,5.79,0.137,0.1,4.34,,,Ⅲ
2022-03-12T16:00:00+08:00,1647072000,20.5,7.42,6.29,588.5,62.7,,,,,,,
2022-03-12T20:00:00+08:00,1647086400,21.0,7.48,5.41,590.8,73.4,,,,,,,
2022-03-13T04:00:00+08:00,1647115200,20.4,7.39,4.7,593.6,83.4,,,,,,,
2022-03-13T08:00:00+08:00,1647129600,20.0,7.3,4.99,596.7,85.0,,,,,,,
2022-03-13T12:00:00+08:00,1647144000,20.9,7.29,5.29,595.9,85.7,4.92,0.171,0.115,4.18,,,Ⅲ
2022-03-13T16:00:00+08:00,1647158400,21.3,7.29,6.34,595.8,73.7,4.51,0.144,0.104,4.08,,,Ⅲ
2022-03-13T20:00:00+08:00,1647172800,22.2,7.38,6.75,595.0,81.0,4.61,0.149,0.101,4.06,,,Ⅲ
2022-03-14T04:00:00+08:00,1647201600,21.5,7.27,5.99,595.3,84.7,4.42,0.173,0.103,4.06,,,Ⅲ
2022-03-14T08:00:00+08:00,1647216000,21.1,7.22,5.49,596.3,94.1,4.65,0.192,0.106,4.04,,,Ⅲ
2022-03-14T16:00:00+08:00,1647244800,23.2,7.3,6.71,599.9,98.5,4.68,0.156,0.109,4.0,,,Ⅲ
2022-03-15T08:00:00+08:00,1647302400,20.9,7.22,6.2,601.0,83.1,4.62,0.152,0.105,3.96,,,Ⅲ
2022-03-15T16:00:00+08:00,1647331200,22.6,7.36,7.43,599.2,93.9,4.57,0.134,0.104,3.91,,,Ⅲ
2022-03-15T20:00:00+08:00,1647345600,22.2,7.31,7.05,603.6,85.2,4.5,0.117,0.098,3.93,,,Ⅲ
2022-03-16T00:00:00+08:00,1647360000,21.4,7.31,6.94,600.9,85.3,4.64,0.143,0.101,3.88,,,Ⅲ
2022-03-16T08:00:00+08:00,1647388800,20.7,7.23,6.32,601.3,103.8,4.62,0.156,0.102,3.93,,,Ⅲ
2022-03-16T12:00:00+08:00,1647403200,22.0,7.25,6.66,602.4,104.3,4.66,0.17,0.105,3.91,,,Ⅲ
2022-03-16T16:00:00+08:00,1647417600,23.1,7.37,7.64,602.0,95.8,4.62,0.148,0.104,3.84,,,Ⅲ
2022-03-16T20:00:00+08:00,1647432000,22.8,7.26,7.07,605.0,83.1,4.44,0.112,0.096,3.83,,,Ⅲ
2022-03-17T00:00:00+08:00,1647446400,22.5,7.28,6.91,603.2,88.7,4.52,0.123,0.098,3.76,,,Ⅲ
2022-03-17T04:00:00+08:00,1647460800,22.3,7.24,6.61,603.8,99.5,4.58,0.12,0.101,3.73,,,Ⅲ
2022-03-17T08:00:00+08:00,1647475200,21.9,7.2,6.46,602.2,93.3,4.54,0.115,0.1,3.74,,,Ⅲ
2022-03-17T12:00:00+08:00,1647489600,21.8,7.22,6.43,591.0,90.8,4.46,0.117,0.101,3.63,,,Ⅲ
2022-03-17T16:00:00+08:00,1647504000,21.9,7.26,6.9,590.4,104.2,4.62,0.121,0.103,3.64,,,Ⅲ
2022-03-18T08:00:00+08:00,1647561600,19.0,7.25,6.46,586.9,36.4,4.48,0.148,0.102,3.57,,,Ⅲ
2022-03-18T12:00:00+08:00,1647576000,18.6,7.27,6.68,583.1,37.4,4.47,0.171,0.104,3.64,,,Ⅲ
2022-03-18T16:00:00+08:00,1647590400,18.4,7.31,7.28,579.6,37.7,4.37,0.207,0.103,3.78,,,Ⅲ
2022-03-23T12:00:00+08:00,1648008000,14.6,6.96,6.62,461.4,45.1,7.32,0.284,0.207,4.39,,,Ⅳ
2022-03-24T16:00:00+08:00,1648108800,16.9,6.98,5.81,515.3,32.9,5.58,0.443,0.186,4.56,,,Ⅲ
2022-03-24T20:00:00+08:00,1648123200,16.8,7.04,6.35,518.9,33.0,5.08,0.433,0.172,4.44,,,Ⅲ
2022-03-25T04:00:00+08:00,1648152000,16.3,6.99,6.21,520.1,35.0,5.36,0.379,0.176,4.49,,,Ⅲ
2022-03-25T08:00:00+08:00,1648166400,16.3,7.04,6.84,503.1,38.6,5.08,0.416,0.176,4.42,,,Ⅲ
2022-03-25T12:00:00+08:00,1648180800,16.7,7.04,7.11,477.2,39.8,5.79,0.326,0.193,4.6,,,Ⅲ
2022-03-25T16:00:00+08:00,1648195200,17.3,6.99,6.78,484.6,35.4,5.98,0.274,0.19,4.2,,,Ⅲ
2022-03-25T20:00:00+08:00,1648209600,17.5,7.0,6.27,507.6,38.0,5.61,0.283,0.183,4.18,,,Ⅲ
2022-03-26T04:00:00+08:00,1648238400,17.2,6.96,5.57,510.5,39.5,5.59,0.386,0.18,4.32,,,Ⅲ
2022-03-26T08:00:00+08:00,1648252800,17.1,6.93,5.35,509.9,39.0,5.61,0.428,0.18,,,,Ⅲ
2022-03-26T12:00:00+08:00,1648267200,17.6,6.95,5.69,511.0,36.9,5.6,0.424,0.179,,,,Ⅲ
2022-03-26T16:00:00+08:00,1648281600,18.0,6.95,6.02,513.1,38.9,5.39,0.418,0.174,4.44,,,Ⅲ
2022-03-26T20:00:00+08:00,1648296000,17.9,6.97,5.45,524.7,41.1,5.18,0.395,0.17,4.39,,,Ⅲ
2022-03-27T04:00:00+08:00,1648324800,17.3,6.89,4.85,525.2,35.9,5.1,0.48,0.169,4.38,,,Ⅳ
2022-03-27T08:00:00+08:00,1648339200,17.1,6.88,4.5,528.0,35.5,5.14,0.488,0.17,4.42,,,Ⅳ
2022-03-27T12:00:00+08:00,1648353600,17.4,6.88,4.77,525.4,33.8,5.18,0.429,0.164,4.38,,,Ⅳ
2022-03-27T16:00:00+08:00,1648368000,18.0,6.9,4.85,530.1,30.8,5.15,0.425,0.163,4.35,,,Ⅳ
2022-03-27T20:00:00+08:00,1648382400,17.8,6.87,4.67,537.1,38.8,5.15,,0.159,4.4,,,
2022-03-28T04:00:00+08:00,1648411200,17.1,6.89,4.71,529.6,38.4,4.98,0.454,0.168,4.38,,,Ⅳ
2022-03-28T08:00:00+08:00,1648425600,16.7,6.9,4.51,526.6,37.2,5.1,0.404,0.163,4.29,,,Ⅳ
2022-03-28T12:00:00+08:00,1648440000,17.0,6.88,5.02,522.6,38.8,5.13,0.404,0.17,4.3,,,Ⅲ
2022-03-28T16:00:00+08:00,1648454400,17.6,6.92,5.24,522.0,39.8,5.11,0.356,0.163,4.21,,,Ⅲ
2022-03-28T20:00:00+08:00,1648468800,17.4,6.89,5.15,521.7,39.8,5.2,0.385,0.167,4.28,,,Ⅲ
2022-03-29T04:00:00+08:00,1648497600,16.7,6.89,5.03,522.2,40.8,4.96,0.409,0.168,4.36,,,Ⅲ
2022-03-29T12:00:00+08:00,1648526400,17.8,6.9,4.59,522.8,40.8,5.04,0.389,0.164,4.28,,,Ⅳ
2022-03-29T16:00:00+08:00,1648540800,18.8,6.91,5.06,524.6,43.8,5.1,0.375,0.161,4.26,,,Ⅲ
2022-03-29T20:00:00+08:00,1648555200,18.4,6.91,5.03,524.6,41.0,4.98,0.355,0.157,4.25,,,Ⅲ
2022-03-30T04:00:00+08:00,1648584000,18.0,6.89,5.13,528.7,43.1,5.15,0.362,0.154,4.22,,,Ⅲ
2022-03-30T12:00:00+08:00,1648612800,19.1,6.87,4.43,530.3,42.2,4.98,0.387,0.157,4.23,,,Ⅳ
2022-03-30T16:00:00+08:00,1648627200,19.9,6.88,4.96,529.9,47.7,4.98,0.387,0.157,4.23,,,Ⅳ
2022-03-30T20:00:00+08:00,1648641600,19.9,6.87,4.97,528.6,40.7,4.98,0.323,0.147,4.21,,,Ⅳ
2022-03-31T04:00:00+08:00,1648670400,19.4,6.94,4.75,529.4,45.4,5.17,0.349,0.147,4.21,,,Ⅳ
2022-03-31T08:00:00+08:00,1648684800,19.2,6.91,4.66,530.5,39.2,4.96,0.302,0.141,4.18,,,Ⅳ
2022-03-31T12:00:00+08:00,1648699200,19.1,6.89,4.33,529.2,46.4,5.01,0.364,0.147,4.21,,,Ⅳ
2022-03-31T16:00:00+08:00,1648713600,18.9,6.92,4.39,530.2,44.0,5.04,0.332,0.143,4.23,,,Ⅳ
2022-03-31T20:00:00+08:00,1648728000,18.8,6.95,5.16,529.1,43.9,4.97,0.273,0.138,4.14,,,Ⅲ
2022-04-01T14:43:00+08:00,1648795380,,,,,,,,,,,,
2022-04-01T18:43:00+08:00,1648809780,,,,,,,,,,,,
2022-04-01T22:44:00+08:00,1648824240,,,,,,,,,,,,
2022-04-02T09:51:00+08:00,1648864260,,,,,,,,,,,,
2022-04-02T18:07:00+08:00,1648894020,,,,,,,,,,,,
2022-04-02T22:07:00+08:00,1648908420,,,,,,,,,,,,
2022-04-03T10:08:00+08:00,1648951680,,,,,,,,,,,,
2022-04-03T14:09:00+08:00,1648966140,,,,,,,,,,,,
2022-04-03T18:09:00+08:00,1648980540,,,,,,,,,,,,
2022-04-03T22:09:00+08:00,1648994940,,,,,,,,,,,,
2022-04-04T10:10:00+08:00,1649038200,,,,,,,,,,,,
2022-04-04T14:11:00+08:00,1649052660,,,,,,,,,,,,
2022-04-04T18:11:00+08:00,1649067060,,,,,,,,,,,,
2022-04-04T22:12:00+08:00,1649081520,,,,,,,,,,,,
2022-04-05T10:13:00+08:00,1649124780,,,,,,,,,,,,
2022-04-05T14:13:00+08:00,1649139180,,,,,,,,,,,,
2022-04-05T18:13:00+08:00,1649153580,,,,,,,,,,,,
2022-04-05T22:14:00+08:00,1649168040,,,,,,,,,,,,
2022-04-06T10:15:00+08:00,1649211300,,,,,,,,,,,,
2022-04-06T14:15:00+08:00,1649225700,,,,,,,,,,,,
2022-04-06T18:16:00+08:00,1649240160,,,,,,,,,,,,
2022-04-06T22:16:00+08:00,1649254560,,,,,,,,,,,,
2022-04-07T08:48:00+08:00,1649292480,,,,,,,,,,,,
2022-04-07T12:49:00+08:00,1649306940,,,,,,,,,,,,
2022-04-07T16:49:00+08:00,1649321340,,,,,,,,,,,,
2022-04-07T20:50:00+08:00,1649335800,,,,,,,,,,,,
2022-04-08T08:51:00+08:00,1649379060,,,,,,,,,,,,
2022-04-08T12:51:00+08:00,1649393460,,,,,,,,,,,,
2022-04-08T16:52:00+08:00,1649407920,,,,,,,,,,,,
2022-04-08T20:52:00+08:00,1649422320,,,,,,,,,,,,
2022-04-09T08:53:00+08:00,1649465580,,,,,,,,,,,,
2022-04-09T12:54:00+08:00,1649480040,,,,,,,,,,,,
2022-04-09T20:54:00+08:00,1649508840,,,,,,,,,,,,
2022-04-10T08:56:00+08:00,1649552160,,,,,,,,,,,,
2022-04-10T16:56:00+08:00,1649580960,,,,,,,,,,,,
2022-04-10T20:57:00+08:00,1649595420,,,,,,,,,,,,
2022-04-11T08:58:00+08:00,1649638680,,,,,,,,,,,,
2022-04-11T12:58:00+08:00,1649653080,,,,,,,,,,,,
2022-04-11T16:59:00+08:00,1649667540,,,,,,,,,,,,
2022-04-11T20:59:00+08:00,1649681940,,,,,,,,,,,,
2022-04-12T09:00:00+08:00,1649725200,,,,,,,,,,,,
2022-04-12T13:01:00+08:00,1649739660,,,,,,,,,,,,
2022-04-13T09:03:00+08:00,1649811780,,,,,,,,,,,,
2022-04-13T13:03:00+08:00,1649826180,,,,,,,,,,,,
2022-04-13T17:04:00+08:00,1649840640,,,,,,,,,,,,
2022-04-13T21:04:00+08:00,1649855040,,,,,,,,,,,,
2022-04-14T09:06:00+08:00,1649898360,,,,,,,,,,,,
2022-04-14T13:06:00+08:00,1649912760,,,,,,,,,,,,
2022-04-14T17:07:00+08:00,1649927220,,,,,,,,,,,,
2022-04-14T21:07:00+08:00,1649941620,,,,,,,,,,,,
2022-04-15T08:50:00+08:00,1649983800,,,,,,,,,,,,
2022-04-15T15:02:00+08:00,1650006120,,,,,,,,,,,,
2022-04-15T19:02:00+08:00,1650020520,,,,,,,,,,,,
2022-04-15T23:03:00+08:00,1650034980,,,,,,,,,,,,
2022-04-16T11:04:00+08:00,1650078240,,,,,,,,,,,,
2022-04-16T15:04:00+08:00,1650092640,,,,,,,,,,,,
2022-04-16T19:05:00+08:00,1650107100,,,,,,,,,,,,
2022-04-16T23:05:00+08:00,1650121500,,,,,,,,,,,,
2022-04-17T15:07:00+08:00,1650179220,,,,,,,,,,,,
2022-04-17T19:07:00+08:00,1650193620,,,,,,,,,,,,
2022-04-17T23:07:00+08:00,1650208020,,,,,,,,,,,,
2022-04-18T11:09:00+08:00,1650251340,,,,,,,,,,,,
2022-04-18T15:09:00+08:00,1650265740,,,,,,,,,,,,
2022-04-18T19:09:00+08:00,1650280140,,,,,,,,,,,,
2022-04-18T23:10:00+08:00,1650294600,,,,,,,,,,,,
2022-04-19T11:11:00+08:00,1650337860,,,,,,,,,,,,
2022-04-19T15:11:00+08:00,1650352260,,,,,,,,,,,,
2022-04-19T19:12:00+08:00,1650366720,,,,,,,,,,,,
2022-04-19T23:12:00+08:00,1650381120,,,,,,,,,,,,
2022-04-20T11:13:00+08:00,1650424380,,,,,,,,,,,,
2022-04-20T15:14:00+08:00,1650438840,,,,,,,,,,,,
2022-04-20T19:14:00+08:00,1650453240,,,,,,,,,,,,
2022-05-01T13:05:00+08:00,1651381500,,,,,,,,,,,,
2022-05-01T17:06:00+08:00,1651395960,,,,,,,,,,,,
2022-05-01T21:06:00+08:00,1651410360,,,,,,,,,,,,
2022-06-01T12:21:00+08:00,1654057260,,,,,,,,,,,,
2022-06-01T16:21:00+08:00,1654071660,,,,,,,,,,,,
2022-06-01T20:22:00+08:00,1654086120,,,,,,,,,,,,
2022-06-07T08:00:00+08:00,1654560000,27.8,6.31,1.8,393.8,64.6,7.28,0.212,0.251,3.27,,,劣Ⅴ
2022-06-07T12:00:00+08:00,1654574400,28.6,6.35,1.63,390.8,59.2,6.87,0.174,0.238,3.14,,,劣Ⅴ
2022-06-07T16:00:00+08:00,1654588800,29.1,6.25,1.77,394.1,50.6,7.02,0.17,0.244,3.53,,,劣Ⅴ
2022-06-07T20:00:00+08:00,1654603200,28.8,6.34,2.3,403.9,48.7,6.34,0.186,0.237,3.28,,,Ⅴ
2022-06-08T00:00:00+08:00,1654617600,28.4,6.34,2.04,403.6,48.3,6.72,0.178,0.232,3.13,,,Ⅴ
2022-06-08T08:00:00+08:00,1654646400,27.5,6.37,1.86,413.0,46.6,6.0,0.207,0.221,2.94,,,劣Ⅴ
2022-06-08T12:00:00+08:00,1654660800,28.5,6.39,1.81,406.1,46.1,6.37,0.166,0.216,3.05,,,劣Ⅴ
2022-06-08T20:00:00+08:00,1654689600,29.0,6.53,3.15,425.2,48.0,5.63,0.173,0.199,3.15,,,Ⅳ
2022-06-09T00:00:00+08:00,1654704000,28.5,6.49,2.7,423.3,44.0,5.64,0.177,0.193,3.37,,,Ⅴ
2022-06-09T04:00:00+08:00,1654718400,28.1,6.48,2.14,426.3,44.9,5.83,0.159,0.191,2.92,,,Ⅴ
2022-06-09T08:00:00+08:00,1654732800,27.8,6.47,2.5,436.7,43.2,6.22,0.144,0.19,2.8,,,Ⅴ
2022-06-09T12:00:00+08:00,1654747200,28.8,6.48,2.46,433.0,41.9,6.17,0.136,0.184,2.91,,,Ⅴ
2022-06-09T16:00:00+08:00,1654761600,29.3,6.48,2.53,427.7,42.6,6.15,0.121,0.178,2.85,,,Ⅴ
2022-06-09T20:00:00+08:00,1654776000,29.2,6.58,4.06,438.9,44.1,6.28,0.119,0.18,2.84,,,Ⅳ
2022-06-10T04:00:00+08:00,1654804800,28.2,6.58,2.87,434.0,46.1,5.91,0.116,0.173,2.76,,,Ⅴ
2022-06-10T08:00:00+08:00,1654819200,27.7,6.6,2.91,447.7,51.2,5.84,0.111,0.171,2.55,,,Ⅴ
2022-06-10T12:00:00+08:00,1654833600,27.9,6.52,2.62,448.4,40.6,5.84,0.111,0.171,2.55,,,Ⅴ
2022-06-10T16:00:00+08:00,1654848000,27.9,6.58,2.81,438.7,39.3,5.75,0.106,0.161,2.65,,,Ⅴ
2022-06-10T20:00:00+08:00,1654862400,27.2,6.64,3.3,451.5,44.5,5.64,0.107,0.16,2.43,,,Ⅳ
2022-06-11T04:00:00+08:00,1654891200,26.7,6.6,2.66,442.6,49.0,5.97,0.12,0.157,2.59,,,Ⅴ
2022-06-11T08:00:00+08:00,1654905600,26.5,6.58,1.96,450.5,46.0,5.82,0.113,0.161,2.48,,,劣Ⅴ
2022-06-11T12:00:00+08:00,1654920000,27.1,6.58,2.05,460.8,42.7,6.05,0.101,0.16,2.34,,,Ⅴ
2022-06-11T16:00:00+08:00,1654934400,27.8,6.64,3.11,447.2,42.3,,0.109,0.152,2.49,,,
2022-06-11T20:00:00+08:00,1654948800,27.4,6.67,2.91,457.4,42.8,5.74,0.107,0.156,2.33,,,Ⅴ
2022-06-12T04:00:00+08:00,1654977600,26.8,6.63,2.79,449.1,55.7,6.3,0.157,0.159,2.59,,,Ⅴ
2022-06-12T08:00:00+08:00,1654992000,26.6,6.61,2.19,449.8,53.7,6.13,0.129,0.154,2.5,,,Ⅴ
2022-06-12T12:00:00+08:00,1655006400,26.5,6.64,2.13,462.9,40.8,5.54,0.109,0.147,2.26,,,Ⅴ
2022-06-12T16:00:00+08:00,1655020800,26.6,6.66,2.92,456.0,45.4,5.88,0.107,0.142,2.35,,,Ⅴ
2022-06-12T20:00:00+08:00,1655035200,26.4,6.67,2.36,460.8,47.4,6.01,0.111,0.148,2.26,,,Ⅴ
2022-06-13T04:00:00+08:00,1655064000,25.8,6.7,2.88,449.9,55.9,6.23,0.138,0.157,2.37,,,Ⅴ
2022-06-13T08:00:00+08:00,1655078400,25.7,6.66,2.27,448.2,51.1,6.1,0.128,0.152,2.32,,,Ⅴ
2022-06-13T12:00:00+08:00,1655092800,25.9,6.63,1.9,455.4,47.7,6.19,0.116,0.149,2.13,,,劣Ⅴ
2022-06-13T16:00:00+08:00,1655107200,26.1,6.66,2.98,454.1,51.0,6.18,0.122,0.144,2.26,,,Ⅴ
2022-06-13T20:00:00+08:00,1655121600,26.0,6.64,2.33,458.7,47.4,6.06,0.115,0.143,2.22,,,Ⅴ
2022-06-14T04:00:00+08:00,1655150400,25.6,6.63,2.63,459.0,57.4,6.79,0.151,0.158,2.31,,,Ⅴ
2022-06-14T08:00:00+08:00,1655164800,25.7,6.63,2.12,453.8,51.5,6.07,0.146,0.148,2.37,,,Ⅴ
2022-06-14T16:00:00+08:00,1655193600,27.9,6.58,1.74,463.5,51.2,5.8,0.105,0.147,2.31,,,劣Ⅴ
2022-06-14T20:00:00+08:00,1655208000,28.0,6.56,3.11,465.2,73.9,6.59,0.772,0.175,3.09,,,Ⅳ
2022-06-15T04:00:00+08:00,1655236800,27.5,6.47,1.6,463.6,69.7,6.76,0.137,0.171,2.3,,,劣Ⅴ
2022-06-15T08:00:00+08:00,1655251200,27.4,6.49,1.2,468.7,47.5,6.09,0.134,0.148,2.42,,,劣Ⅴ
2022-06-15T12:00:00+08:00,1655265600,28.6,6.49,1.88,467.6,48.3,6.3,0.117,0.149,2.42,,,劣Ⅴ
2022-06-15T16:00:00+08:00,1655280000,29.8,6.45,1.57,468.5,43.8,5.98,0.1,0.148,2.43,,,劣Ⅴ
2022-06-15T20:00:00+08:00,1655294400,29.9,6.51,1.47,466.1,45.5,6.34,0.107,0.144,2.44,,,劣Ⅴ
2022-06-16T00:00:00+08:00,1655308800,29.4,6.46,1.82,472.2,44.0,6.29,0.101,0.146,2.42,,,劣Ⅴ
2022-06-16T08:00:00+08:00,1655337600,28.9,6.46,0.85,474.5,50.5,,0.115,0.142,2.43,,,
2022-06-16T12:00:00+08:00,1655352000,30.2,6.58,2.78,472.4,62.9,,,,,,,
2022-06-16T16:00:00+08:00,1655366400,30.9,6.6,3.22,476.5,47.0,,,,,,,
2022-06-16T20:00:00+08:00,1655380800,30.7,6.62,3.29,472.5,58.7,,,,,,,
2022-06-17T00:00:00+08:00,1655395200,29.7,6.49,1.79,483.1,38.9,6.29,0.11,0.149,2.47,,,劣Ⅴ
2022-06-17T04:00:00+08:00,1655409600,29.3,6.52,1.39,488.7,41.0,6.01,0.102,0.139,2.42,,,劣Ⅴ
2022-06-17T08:00:00+08:00,1655424000,29.4,6.53,1.76,479.6,53.2,6.47,0.111,0.139,2.42,,,劣Ⅴ
2022-06-17T12:00:00+08:00,1655438400,30.3,6.51,1.54,480.1,38.8,6.72,0.093,0.132,2.4,,,劣Ⅴ
2022-06-17T16:00:00+08:00,1655452800,31.5,6.57,2.87,489.9,36.2,6.21,0.078,0.134,2.3,,,Ⅴ
2022-06-17T20:00:00+08:00,1655467200,31.2,6.56,3.09,484.8,41.3,6.27,0.078,0.125,2.26,,,Ⅳ
2022-06-18T00:00:00+08:00,1655481600,30.7,6.54,2.57,492.1,39.0,5.88,0.082,0.128,2.28,,,Ⅴ
2022-06-18T04:00:00+08:00,1655496000,29.7,6.53,2.01,499.9,42.6,6.19,0.099,0.135,2.29,,,Ⅴ
2022-06-18T08:00:00+08:00,1655510400,29.9,6.52,2.01,489.6,54.0,7.0,0.12,0.138,2.33,,,Ⅴ
2022-06-18T12:00:00+08:00,1655524800,30.7,6.53,1.63,487.3,43.2,6.81,0.101,0.13,2.28,,,劣Ⅴ
2022-06-18T16:00:00+08:00,1655539200,31.8,6.63,3.26,496.8,39.1,6.38,0.072,0.125,2.16,,,Ⅳ
2022-06-18T20:00:00+08:00,1655553600,31.6,6.64,3.6,497.0,41.3,6.35,0.074,0.12,2.16,,,Ⅳ
2022-06-19T00:00:00+08:00,1655568000,31.3,6.62,2.86,497.2,39.8,6.18,0.073,0.118,2.13,,,Ⅴ
2022-06-19T04:00:00+08:00,1655582400,30.8,6.58,2.29,506.2,45.2,6.29,0.084,0.124,2.14,,,Ⅴ
2022-06-19T08:00:00+08:00,1655596800,30.8,6.6,2.6,499.5,53.6,,0.098,0.136,2.06,,,
2022-06-19T12:00:00+08:00,1655611200,31.2,6.56,1.51,499.1,43.1,,0.092,0.131,2.22,,,
2022-06-19T16:00:00+08:00,1655625600,31.8,6.62,3.39,500.8,41.1,6.15,0.077,0.119,2.06,,,Ⅳ
2022-06-19T20:00:00+08:00,1655640000,31.2,6.66,4.15,507.5,43.6,6.08,0.073,0.119,2.05,,,Ⅳ
2022-06-20T00:00:00+08:00,1655654400,31.0,6.62,3.24,503.6,44.7,6.08,0.076,0.117,2.06,,,Ⅳ
2022-06-20T04:00:00+08:00,1655668800,30.4,6.58,2.68,515.1,45.5,6.08,0.101,0.128,2.18,,,Ⅴ
2022-06-20T08:00:00+08:00,1655683200,30.2,6.57,2.93,515.6,49.9,6.12,0.097,0.128,2.14,,,Ⅴ
2022-06-20T12:00:00+08:00,1655697600,30.8,6.56,2.27,504.0,51.0,6.75,0.105,0.129,2.15,,,Ⅴ
2022-06-20T16:00:00+08:00,1655712000,31.5,6.59,2.97,510.6,41.7,6.08,0.082,0.12,2.02,,,Ⅴ
2022-06-20T20:00:00+08:00,1655726400,31.2,6.6,3.39,521.2,38.5,5.66,0.086,0.118,2.09,,,Ⅳ
2022-06-21T00:00:00+08:00,1655740800,30.9,6.58,2.86,515.2,41.2,5.68,0.086,0.119,2.06,,,Ⅴ
2022-06-21T04:00:00+08:00,1655755200,30.4,6.51,2.02,524.4,46.7,5.84,0.108,0.13,2.12,,,Ⅴ
2022-06-21T08:00:00+08:00,1655769600,30.3,6.49,1.48,529.2,43.1,6.02,0.108,0.129,2.18,,,劣Ⅴ
2022-06-22T04:00:00+08:00,1655841600,30.4,6.51,1.71,528.4,41.8,6.04,0.118,0.132,2.1,,,劣Ⅴ
2022-06-22T12:00:00+08:00,1655870400,31.5,6.53,2.27,528.4,38.1,5.94,0.122,0.134,2.08,,,Ⅴ
2022-06-22T16:00:00+08:00,1655884800,32.2,6.57,2.8,534.6,34.6,6.14,0.105,0.131,2.05,,,Ⅴ
2022-06-22T20:00:00+08:00,1655899200,32.1,6.55,2.33,536.8,33.8,6.03,0.089,0.127,2.02,,,Ⅴ
2022-06-23T04:00:00+08:00,1655928000,31.3,6.54,1.93,535.6,36.7,6.12,0.108,0.134,2.0,,,劣Ⅴ
2022-06-23T08:00:00+08:00,1655942400,31.0,6.5,1.21,542.8,35.2,5.79,0.111,0.136,2.01,,,劣Ⅴ
2022-06-23T12:00:00+08:00,1655956800,31.5,6.52,2.01,542.1,31.8,5.84,0.115,0.138,2.13,,,Ⅴ
2022-06-23T16:00:00+08:00,1655971200,32.1,6.58,2.46,544.2,29.7,5.72,0.101,0.131,2.1,,,Ⅴ
2022-07-04T12:00:00+08:00,1656907200,32.2,6.59,1.6,477.2,47.5,6.04,0.128,,2.44,,,
2022-07-04T16:00:00+08:00,1656921600,33.4,6.61,2.29,485.0,39.2,6.04,0.128,,2.44,,,
2022-07-11T04:00:00+08:00,1657483200,35.0,6.86,0.71,535.4,24.9,7.1,0.38,0.192,2.76,,,劣Ⅴ
2022-07-11T08:00:00+08:00,1657497600,34.6,6.87,0.51,533.5,21.8,6.44,0.285,0.181,2.49,,,劣Ⅴ
2022-07-11T12:00:00+08:00,1657512000,35.0,6.84,1.35,543.3,25.7,5.96,0.244,0.196,2.4,,,劣Ⅴ
2022-07-13T04:00:00+08:00,1657656000,34.7,6.87,1.18,544.6,50.5,7.0,0.192,0.187,2.34,,,劣Ⅴ
2022-07-13T08:00:00+08:00,1657670400,34.7,6.91,0.73,545.5,39.5,7.11,0.257,0.183,2.52,,,劣Ⅴ
2022-07-13T12:00:00+08:00,1657684800,35.8,6.88,0.86,552.4,35.5,6.48,0.12,0.174,2.24,,,劣Ⅴ
2022-07-18T12:00:00+08:00,1658116800,33.5,6.96,1.92,577.1,25.3,7.78,0.4,0.194,2.73,,,劣Ⅴ
2022-07-18T16:00:00+08:00,1658131200,33.5,6.94,1.94,588.9,26.1,7.41,0.345,0.176,2.72,,,劣Ⅴ
2022-07-19T16:00:00+08:00,1658217600,31.7,6.78,2.72,500.9,110.8,7.28,0.319,0.229,3.0,,,Ⅴ
2022-07-20T12:00:00+08:00,1658289600,32.1,6.68,0.7,481.0,71.4,7.17,0.67,0.235,4.03,,,劣Ⅴ
2022-07-20T16:00:00+08:00,1658304000,33.3,6.7,1.07,493.6,58.8,6.92,0.697,0.225,3.92,,,劣Ⅴ
2022-07-21T08:00:00+08:00,1658361600,32.4,6.66,0.38,466.4,40.2,6.27,0.414,0.235,2.94,,,劣Ⅴ
2022-07-21T12:00:00+08:00,1658376000,33.2,6.64,1.27,459.1,42.3,6.55,0.301,0.234,3.04,,,劣Ⅴ
2022-07-22T08:00:00+08:00,1658448000,32.6,6.72,1.32,506.0,36.1,6.27,0.264,0.224,2.65,,,劣Ⅴ
2022-07-22T12:00:00+08:00,1658462400,33.0,6.7,1.06,498.8,34.9,6.31,0.355,0.222,2.74,,,劣Ⅴ
2022-07-22T16:00:00+08:00,1658476800,34.4,6.71,1.51,504.4,33.9,6.66,0.219,0.219,2.79,,,劣Ⅴ
2022-07-22T20:00:00+08:00,1658491200,34.4,6.72,1.96,509.6,41.4,6.92,0.2,0.225,2.78,,,劣Ⅴ
2022-07-23T00:00:00+08:00,1658505600,34.1,6.7,1.52,504.9,42.6,6.29,0.161,0.219,2.65,,,劣Ⅴ
2022-07-23T04:00:00+08:00,1658520000,33.9,6.72,1.13,505.7,39.6,6.57,0.211,0.221,2.7,,,劣Ⅴ
2022-07-23T08:00:00+08:00,1658534400,33.4,6.75,1.42,527.6,35.6,6.33,0.218,0.209,2.53,,,劣Ⅴ
2022-07-23T12:00:00+08:00,1658548800,34.1,6.75,1.37,520.9,31.2,7.02,0.131,0.215,2.58,,,劣Ⅴ
2022-07-23T16:00:00+08:00,1658563200,35.3,6.84,2.41,535.4,34.5,6.74,0.102,0.203,2.4,,,Ⅴ
2022-07-23T20:00:00+08:00,1658577600,35.2,6.9,2.86,535.0,43.5,6.82,0.108,0.208,2.39,,,Ⅴ
2022-07-24T04:00:00+08:00,1658606400,34.4,6.82,1.45,518.6,44.0,6.85,0.113,0.208,2.41,,,Ⅴ
2022-07-24T08:00:00+08:00,1658620800,34.1,6.84,1.44,528.0,38.9,6.97,0.173,0.203,2.72,,,劣Ⅴ
2022-07-24T12:00:00+08:00,1658635200,34.6,6.89,1.9,550.2,35.4,7.02,0.106,0.194,2.36,,,劣Ⅴ
2022-07-24T16:00:00+08:00,1658649600,35.2,6.95,2.57,549.1,34.8,6.23,0.09,0.191,2.22,,,Ⅴ
2022-07-24T20:00:00+08:00,1658664000,35.2,6.96,3.52,559.7,37.9,6.27,0.076,0.185,2.18,,,Ⅴ
2022-07-25T04:00:00+08:00,1658692800,34.0,6.94,2.66,536.2,43.3,6.27,0.088,0.185,2.05,,,Ⅴ
2022-07-25T12:00:00+08:00,1658721600,34.4,6.98,3.13,560.0,33.0,6.73,0.118,0.176,2.27,,,Ⅳ
2022-07-25T16:00:00+08:00,1658736000,35.2,7.02,3.61,560.3,35.2,6.29,0.085,0.177,2.12,,,Ⅳ
2022-07-25T20:00:00+08:00,1658750400,35.0,6.9,3.83,562.9,41.5,6.51,0.073,0.176,2.09,,,Ⅳ
2022-07-26T04:00:00+08:00,1658779200,33.9,6.83,2.88,554.3,48.1,6.31,0.133,0.181,2.4,,,Ⅴ
2022-07-26T08:00:00+08:00,1658793600,33.7,6.81,2.42,548.6,46.1,6.83,0.127,0.187,2.2,,,Ⅴ
2022-07-26T12:00:00+08:00,1658808000,34.7,6.78,2.49,570.7,39.4,6.58,0.11,0.175,2.18,,,Ⅴ
2022-07-26T16:00:00+08:00,1658822400,35.2,6.79,3.03,560.9,39.1,6.8,0.116,0.174,2.32,,,Ⅳ
2022-07-26T20:00:00+08:00,1658836800,34.9,6.82,2.88,561.9,42.4,6.29,0.114,0.171,2.41,,,Ⅴ
2022-07-27T04:00:00+08:00,1658865600,33.7,6.77,2.23,557.4,51.8,6.06,0.183,0.18,2.36,,,Ⅴ
2022-07-27T08:00:00+08:00,1658880000,33.8,6.81,1.85,549.5,53.1,7.02,0.182,0.187,2.4,,,劣Ⅴ
2022-07-27T12:00:00+08:00,1658894400,34.7,6.75,1.96,566.0,40.6,7.05,0.164,0.181,2.34,,,劣Ⅴ
2022-07-27T16:00:00+08:00,1658908800,35.5,6.83,2.95,564.4,39.4,6.32,0.128,0.174,2.32,,,Ⅴ
2022-07-27T20:00:00+08:00,1658923200,35.4,6.74,2.55,565.4,45.0,6.2,0.111,0.173,2.26,,,Ⅴ
2022-07-28T00:00:00+08:00,1658937600,34.2,6.79,2.36,560.4,54.5,6.16,0.131,0.179,2.12,,,Ⅴ
2022-07-28T04:00:00+08:00,1658952000,33.9,6.78,2.03,561.1,54.3,6.68,0.173,0.185,2.28,,,Ⅴ
2022-11-01T12:00:00+08:00,1667275200,21.6,7.9,7.55,615.6,28.7,4.89,,0.098,2.46,,,
2022-11-01T16:00:00+08:00,1667289600,22.1,7.85,7.72,604.6,26.9,4.84,,0.099,2.52,,,
2022-11-02T12:00:00+08:00,1667361600,21.3,7.82,7.39,610.4,27.3,4.99,0.15,0.097,2.48,,,Ⅲ
2022-11-02T20:00:00+08:00,1667390400,22.0,7.81,7.64,613.9,33.1,4.88,0.155,0.107,2.46,,,Ⅲ
2022-11-03T04:00:00+08:00,1667419200,21.2,7.87,7.42,620.3,29.4,4.57,0.146,0.103,2.41,,,Ⅲ
2022-11-03T08:00:00+08:00,1667433600,20.7,7.87,7.33,624.3,32.4,4.58,0.145,0.103,2.4,,,Ⅲ
2022-11-03T12:00:00+08:00,1667448000,21.2,7.82,7.5,611.5,25.8,5.09,0.162,0.108,2.48,,,Ⅲ
2022-11-03T16:00:00+08:00,1667462400,21.6,7.86,7.81,618.8,24.2,4.77,0.153,0.105,2.49,,,Ⅲ
2022-11-03T20:00:00+08:00,1667476800,21.6,7.78,7.8,611.0,31.0,4.51,0.14,0.1,2.43,,,Ⅲ
2022-11-04T04:00:00+08:00,1667505600,21.0,7.83,7.67,616.4,23.9,4.88,0.142,0.104,2.48,,,Ⅲ
2022-11-04T08:00:00+08:00,1667520000,20.8,7.82,7.43,615.1,35.8,4.81,0.141,0.103,2.42,,,Ⅲ
2022-11-04T12:00:00+08:00,1667534400,21.0,7.9,7.82,614.7,28.0,4.93,0.157,0.108,2.5,,,Ⅲ
2022-11-04T16:00:00+08:00,1667548800,21.3,7.87,8.19,619.1,29.2,4.36,0.162,0.104,2.56,,,Ⅲ
2022-11-04T20:00:00+08:00,1667563200,21.0,7.87,8.16,615.8,28.2,4.73,0.132,0.105,2.4,,,Ⅲ
2022-11-05T04:00:00+08:00,1667592000,20.3,7.89,7.92,619.7,30.4,4.78,0.169,0.107,2.58,,,Ⅲ
2022-11-05T08:00:00+08:00,1667606400,19.9,8.07,7.75,621.5,29.5,4.77,0.139,0.105,2.4,,,Ⅲ
2022-11-05T12:00:00+08:00,1667620800,20.3,8.34,8.02,620.1,28.9,4.9,0.161,0.107,2.54,,,Ⅲ
2022-11-05T16:00:00+08:00,1667635200,20.8,8.44,8.2,617.3,26.0,4.74,0.178,0.102,2.61,,,Ⅲ
2022-11-05T20:00:00+08:00,1667649600,20.6,8.5,8.11,625.9,30.8,4.77,0.15,0.101,2.61,,,Ⅲ
2022-11-06T04:00:00+08:00,1667678400,20.1,8.45,7.7,618.7,29.3,4.84,0.182,0.105,2.63,,,Ⅲ
2022-11-06T08:00:00+08:00,1667692800,19.7,8.67,7.63,629.4,28.8,4.81,0.178,0.103,2.57,,,Ⅲ
2022-11-06T12:00:00+08:00,1667707200,20.2,8.77,7.91,621.0,27.3,5.0,0.177,0.103,2.62,,,Ⅲ
2022-11-06T16:00:00+08:00,1667721600,20.7,8.8,8.2,621.3,26.0,4.79,0.184,0.101,2.61,,,Ⅲ
2022-11-06T20:00:00+08:00,1667736000,20.5,8.83,8.33,625.3,28.7,4.82,0.168,0.101,2.62,,,Ⅲ
2022-11-07T04:00:00+08:00,1667764800,19.9,8.89,7.76,623.2,29.9,4.56,0.17,0.103,2.61,,,Ⅲ
2022-11-07T08:00:00+08:00,1667779200,19.5,9.14,7.92,629.2,32.8,4.8,0.155,0.102,2.56,,,Ⅲ
2022-11-07T12:00:00+08:00,1667793600,20.3,9.19,8.3,625.5,30.6,4.88,0.151,0.099,2.58,,,劣Ⅴ
2022-11-07T16:00:00+08:00,1667808000,21.1,9.14,8.31,620.5,25.2,4.52,0.152,0.097,2.62,,,劣Ⅴ
2022-11-07T20:00:00+08:00,1667822400,21.1,9.19,8.5,626.5,31.0,4.7,0.146,0.1,2.58,,,劣Ⅴ
2022-11-08T04:00:00+08:00,1667851200,20.4,9.23,8.21,628.6,36.8,4.61,0.141,0.1,2.52,,,劣Ⅴ
2022-11-08T08:00:00+08:00,1667865600,20.1,9.26,8.25,630.3,33.7,4.56,0.145,0.1,2.51,,,劣Ⅴ
2022-11-08T12:00:00+08:00,1667880000,20.8,9.16,8.5,622.9,27.5,4.74,0.138,0.099,2.51,,,劣Ⅴ
2022-11-08T16:00:00+08:00,1667894400,21.4,9.18,8.61,630.2,29.0,4.74,0.135,0.099,2.54,,,劣Ⅴ
2022-11-08T20:00:00+08:00,1667908800,21.3,9.1,8.64,624.2,27.7,4.74,0.134,0.1,2.53,,,劣Ⅴ
2022-11-09T04:00:00+08:00,1667937600,20.6,9.07,8.28,625.4,33.7,4.83,0.133,0.101,2.53,,,劣Ⅴ
2022-11-09T08:00:00+08:00,1667952000,20.5,9.05,8.32,626.9,27.4,4.74,0.137,0.101,2.54,,,劣Ⅴ
2022-11-09T12:00:00+08:00,1667966400,21.9,8.88,8.45,618.2,24.8,4.73,0.122,0.099,2.47,,,Ⅲ
2022-11-09T16:00:00+08:00,1667980800,21.6,8.31,8.5,624.5,28.5,4.58,0.123,0.096,2.53,,,Ⅲ
2022-11-09T20:00:00+08:00,1667995200,21.6,8.25,8.6,616.8,24.4,4.68,0.122,0.099,2.58,,,Ⅲ
2022-11-10T04:00:00+08:00,1668024000,21.2,8.2,8.16,619.5,30.7,4.63,0.115,0.096,2.48,,,Ⅲ
2022-11-10T08:00:00+08:00,1668038400,21.1,8.17,8.22,618.4,25.6,4.7,0.127,0.098,2.52,,,Ⅲ
2022-11-10T12:00:00+08:00,1668052800,22.1,8.21,8.29,626.6,26.2,4.74,0.112,0.096,2.49,,,Ⅲ
2022-11-10T16:00:00+08:00,1668067200,22.7,8.16,8.29,622.6,27.6,4.61,0.11,0.093,2.48,,,Ⅲ
2022-11-10T20:00:00+08:00,1668081600,22.7,8.07,8.45,607.6,23.6,4.75,0.117,0.095,2.7,,,Ⅲ
2022-11-11T04:00:00+08:00,1668110400,22.5,8.11,7.89,626.1,27.1,4.94,0.108,0.096,2.49,,,Ⅲ
2022-11-11T08:00:00+08:00,1668124800,22.5,8.04,7.9,629.1,25.3,4.74,0.127,0.098,2.54,,,Ⅲ
2022-11-11T12:00:00+08:00,1668139200,22.7,8.03,8.14,614.3,21.4,4.77,0.11,0.096,2.51,,,Ⅲ
2022-11-11T16:00:00+08:00,1668153600,23.0,7.99,8.26,621.7,25.1,4.69,0.112,0.092,2.53,,,Ⅲ
2022-11-11T20:00:00+08:00,1668168000,23.1,7.97,8.33,616.5,19.3,4.71,0.115,0.093,2.53,,,Ⅲ
2022-11-12T04:00:00+08:00,1668196800,22.7,7.91,7.91,625.3,24.3,4.76,0.117,0.096,2.48,,,Ⅲ
2022-11-12T08:00:00+08:00,1668211200,22.7,7.88,7.88,616.9,24.1,4.81,0.132,0.1,2.52,,,Ⅲ
2022-11-12T12:00:00+08:00,1668225600,23.6,7.97,7.84,633.6,28.9,4.9,0.12,0.098,2.53,,,Ⅲ
2022-11-12T16:00:00+08:00,1668240000,24.0,7.81,7.93,628.3,18.6,4.67,0.132,0.098,2.55,,,Ⅲ
2022-11-12T20:00:00+08:00,1668254400,23.9,7.76,8.05,616.4,21.9,4.72,0.109,0.098,2.54,,,Ⅲ
2022-11-13T04:00:00+08:00,1668283200,23.3,7.72,7.65,616.9,24.2,4.68,0.107,0.097,2.49,,,Ⅲ
2022-11-13T08:00:00+08:00,1668297600,22.9,7.75,7.64,619.7,26.1,4.68,0.136,0.102,2.5,,,Ⅲ
2022-11-13T12:00:00+08:00,1668312000,22.4,7.88,7.97,630.2,31.5,4.9,0.125,0.101,2.49,,,Ⅲ
2022-11-13T16:00:00+08:00,1668326400,22.1,7.77,8.01,615.1,22.9,4.64,0.127,0.097,2.49,,,Ⅲ
2022-11-13T20:00:00+08:00,1668340800,21.9,7.73,7.93,614.9,25.3,4.78,0.133,0.099,2.53,,,Ⅲ
2022-11-14T04:00:00+08:00,1668369600,21.1,7.76,7.78,617.4,28.9,4.63,0.128,0.097,2.52,,,Ⅲ
2022-11-14T08:00:00+08:00,1668384000,20.8,7.78,7.39,622.2,26.9,4.76,0.157,0.102,2.56,,,Ⅲ
2022-11-14T12:00:00+08:00,1668398400,20.6,7.78,7.75,629.7,28.3,4.79,0.157,0.078,2.5,,,Ⅲ
2022-11-14T16:00:00+08:00,1668412800,20.5,7.74,7.57,619.1,25.5,4.53,0.169,0.071,2.51,,,Ⅲ
2022-11-14T20:00:00+08:00,1668427200,20.4,7.68,7.6,611.8,22.2,4.67,0.169,0.07,2.5,,,Ⅲ
2022-11-15T04:00:00+08:00,1668456000,19.9,7.81,7.47,614.5,27.5,4.54,0.182,0.066,2.54,,,Ⅲ
2022-11-15T08:00:00+08:00,1668470400,19.7,7.93,7.24,625.9,27.1,4.74,0.181,0.064,2.51,,,Ⅲ
2022-11-15T12:00:00+08:00,1668484800,19.8,8.08,7.58,629.2,26.4,4.56,0.195,0.064,2.52,,,Ⅲ
2022-11-15T16:00:00+08:00,1668499200,20.3,8.1,7.82,620.5,23.5,4.53,0.167,0.063,2.5,,,Ⅲ
2022-11-16T08:00:00+08:00,1668556800,18.6,8.41,7.58,622.1,25.6,4.67,0.183,0.06,2.58,,,Ⅲ
2022-11-16T12:00:00+08:00,1668571200,19.1,8.56,7.96,640.5,36.7,4.26,0.166,0.06,2.53,,,Ⅲ
2022-11-16T16:00:00+08:00,1668585600,19.6,8.53,8.16,618.7,25.8,4.52,0.162,0.06,2.53,,,Ⅲ
2022-11-16T20:00:00+08:00,1668600000,19.5,8.63,8.16,634.7,27.3,5.0,0.155,0.059,2.49,,,Ⅲ
2022-11-17T00:00:00+08:00,1668614400,19.3,8.6,8.25,619.7,22.6,4.58,0.155,0.059,2.45,,,Ⅲ
2022-11-17T04:00:00+08:00,1668628800,19.4,8.55,8.1,606.4,22.7,4.71,0.171,0.06,2.53,,,Ⅲ
2022-11-17T08:00:00+08:00,1668643200,19.2,8.73,8.11,619.9,37.4,4.86,0.188,0.06,2.58,,,Ⅲ
2022-11-17T16:00:00+08:00,1668672000,19.5,8.6,8.19,608.4,24.9,4.39,0.18,0.059,2.56,,,Ⅲ
2022-11-17T20:00:00+08:00,1668686400,19.5,8.67,8.23,618.3,23.5,4.83,0.191,0.059,2.66,,,Ⅲ
2022-11-18T00:00:00+08:00,1668700800,19.5,8.65,8.29,607.7,25.1,4.72,0.177,0.059,2.54,,,Ⅲ
2022-11-18T04:00:00+08:00,1668715200,19.5,8.58,8.12,605.2,40.2,4.65,0.18,0.059,2.6,,,Ⅲ
2022-11-18T08:00:00+08:00,1668729600,19.3,8.69,7.88,633.3,53.6,4.78,0.202,0.059,2.73,,,Ⅲ
2022-11-18T12:00:00+08:00,1668744000,19.6,8.58,7.85,625.8,32.5,4.79,0.223,0.059,2.82,,,Ⅲ
2022-11-18T16:00:00+08:00,1668758400,20.0,8.48,8.0,608.6,20.2,4.58,0.199,0.059,2.74,,,Ⅲ
2022-11-18T20:00:00+08:00,1668772800,20.1,8.5,7.87,615.7,24.8,4.77,0.219,0.059,2.79,,,Ⅲ
2022-11-19T00:00:00+08:00,1668787200,20.1,8.4,7.75,611.3,23.4,4.79,0.227,0.059,2.91,,,Ⅲ
2022-11-19T04:00:00+08:00,1668801600,20.1,8.32,7.66,606.5,21.5,4.78,0.222,0.059,2.87,,,Ⅲ
2022-11-19T08:00:00+08:00,1668816000,20.0,8.38,7.4,622.0,32.2,4.74,0.251,0.06,2.83,,,Ⅲ
2022-11-19T12:00:00+08:00,1668830400,20.2,8.33,7.37,619.3,24.5,5.34,0.399,0.113,3.03,,,Ⅲ
2022-11-19T16:00:00+08:00,1668844800,20.4,8.27,8.18,604.7,16.5,,0.252,,2.99,,,
2022-11-19T20:00:00+08:00,1668859200,20.4,8.25,8.02,609.5,24.9,4.6,0.276,0.111,2.84,,,Ⅲ
2022-11-20T00:00:00+08:00,1668873600,20.3,8.15,8.26,609.8,22.3,4.42,0.252,0.113,2.88,,,Ⅲ
2022-11-20T04:00:00+08:00,1668888000,20.3,8.14,8.09,606.4,18.3,4.69,0.25,0.109,2.88,,,Ⅲ
2022-11-20T08:00:00+08:00,1668902400,20.0,8.17,7.85,612.7,24.3,4.53,0.294,0.111,2.86,,,Ⅲ
2022-11-20T12:00:00+08:00,1668916800,20.3,8.08,7.96,612.5,21.6,4.35,0.244,0.105,2.83,,,Ⅲ
2022-11-20T16:00:00+08:00,1668931200,20.6,8.05,8.44,606.7,15.2,4.57,0.234,0.106,2.87,,,Ⅲ
2022-11-20T20:00:00+08:00,1668945600,20.3,8.04,8.4,610.7,21.8,4.46,0.265,0.107,2.84,,,Ⅲ
2022-11-21T00:00:00+08:00,1668960000,20.0,8.04,8.23,611.4,22.5,4.64,0.26,0.112,2.87,,,Ⅲ
2022-11-21T12:00:00+08:00,1669003200,20.1,8.05,8.02,612.3,19.0,4.51,0.234,0.107,2.87,,,Ⅲ
2022-11-21T16:00:00+08:00,1669017600,20.6,7.99,8.38,609.3,19.5,4.53,0.228,0.11,2.85,,,Ⅲ
2022-11-21T20:00:00+08:00,1669032000,20.5,7.95,8.36,616.5,25.1,4.72,0.225,0.11,2.86,,,Ⅲ
2022-11-22T04:00:00+08:00,1669060800,20.3,7.97,7.82,623.2,28.8,4.69,0.216,0.109,2.81,,,Ⅲ
2022-11-22T08:00:00+08:00,1669075200,20.2,7.96,7.87,617.5,25.8,4.58,0.222,0.109,2.83,,,Ⅲ
2022-11-22T12:00:00+08:00,1669089600,20.2,7.86,8.19,612.3,22.1,4.74,0.244,0.111,2.91,,,Ⅲ
2022-11-22T16:00:00+08:00,1669104000,20.4,7.95,8.23,619.7,25.7,4.65,0.225,0.11,2.88,,,Ⅲ
2022-11-22T20:00:00+08:00,1669118400,20.3,7.85,8.39,613.9,22.1,4.68,0.216,0.109,2.85,,,Ⅲ
2022-11-23T04:00:00+08:00,1669147200,19.9,7.91,8.29,615.7,26.4,4.62,0.222,0.113,2.9,,,Ⅲ
2022-11-23T08:00:00+08:00,1669161600,19.7,7.85,8.02,619.3,24.1,,,,,,,
2022-11-23T12:00:00+08:00,1669176000,20.1,7.84,8.25,615.8,23.5,4.66,0.258,0.112,3.05,,,Ⅲ
2022-11-23T16:00:00+08:00,1669190400,20.3,7.93,8.07,628.8,37.8,,0.261,0.116,3.05,,,
2022-11-23T20:00:00+08:00,1669204800,20.2,7.83,8.03,622.9,25.8,,0.228,0.109,2.89,,,
2022-11-24T04:00:00+08:00,1669233600,19.9,7.88,7.79,627.0,28.1,,0.225,0.113,3.04,,,
2022-11-24T08:00:00+08:00,1669248000,19.7,7.84,7.78,622.2,23.5,5.55,0.233,0.119,3.06,,,Ⅲ
2022-11-24T12:00:00+08:00,1669262400,20.0,7.81,8.03,613.5,19.5,5.1,0.219,0.111,2.98,,,Ⅲ
2022-11-24T16:00:00+08:00,1669276800,20.3,7.85,7.99,620.6,22.9,4.89,0.203,0.112,2.96,,,Ⅲ
2022-11-24T20:00:00+08:00,1669291200,20.1,7.85,8.12,617.6,21.9,4.78,0.192,0.108,2.94,,,Ⅲ
2022-11-25T04:00:00+08:00,1669320000,19.6,7.84,7.67,620.0,24.0,4.73,0.214,0.112,2.96,,,Ⅲ
2022-11-25T08:00:00+08:00,1669334400,19.5,7.83,7.67,619.8,26.5,4.69,0.191,0.109,2.95,,,Ⅲ
2022-11-25T12:00:00+08:00,1669348800,20.1,7.8,7.79,621.7,24.6,4.58,0.202,0.11,3.0,,,Ⅲ
2022-11-25T16:00:00+08:00,1669363200,20.4,7.78,7.84,612.1,22.3,4.68,0.2,0.107,3.01,,,Ⅲ
2022-11-25T20:00:00+08:00,1669377600,20.5,7.77,8.2,608.8,19.4,4.59,0.171,0.105,2.87,,,Ⅲ
2022-11-26T04:00:00+08:00,1669406400,20.1,7.8,7.6,622.3,25.0,4.59,0.205,0.109,3.0,,,Ⅲ
2022-11-26T08:00:00+08:00,1669420800,19.9,7.75,7.71,624.6,23.0,4.83,0.176,0.105,2.97,,,Ⅲ
2022-11-26T12:00:00+08:00,1669435200,20.5,7.75,7.87,610.5,21.0,4.61,0.184,0.104,2.98,,,Ⅲ
2022-11-28T04:00:00+08:00,1669579200,19.9,7.72,7.81,614.7,21.5,4.61,0.166,0.102,2.98,,,Ⅲ
2022-11-28T08:00:00+08:00,1669593600,19.9,7.73,7.69,617.9,21.1,4.76,0.153,0.098,2.96,,,Ⅲ
2022-11-28T16:00:00+08:00,1669622400,20.7,7.72,8.05,605.1,19.3,4.38,0.156,0.098,2.9,,,Ⅲ
2022-11-29T08:00:00+08:00,1669680000,20.5,7.67,7.82,610.5,22.7,4.77,0.175,0.101,2.96,,,Ⅲ
2022-11-29T12:00:00+08:00,1669694400,20.3,7.72,8.02,615.8,19.6,4.77,0.175,0.101,2.96,,,Ⅲ
2022-11-29T16:00:00+08:00,1669708800,19.8,7.7,8.04,614.9,23.2,4.55,0.161,0.098,2.96,,,Ⅲ
2022-11-29T20:00:00+08:00,1669723200,19.6,7.66,8.29,600.9,21.3,4.77,0.21,0.104,3.08,,,Ⅲ
2022-11-30T04:00:00+08:00,1669752000,18.4,7.82,8.49,607.4,21.5,4.48,0.188,0.104,2.98,,,Ⅲ
2022-11-30T08:00:00+08:00,1669766400,17.7,7.81,8.43,612.5,19.6,4.63,0.172,0.103,2.87,,,Ⅲ
2022-11-30T12:00:00+08:00,1669780800,17.3,7.96,8.75,621.3,20.1,4.69,0.176,0.102,3.01,,,Ⅲ
2022-11-30T16:00:00+08:00,1669795200,16.7,7.93,8.8,603.7,19.5,4.66,0.165,0.098,2.97,,,Ⅲ
2022-11-30T20:00:00+08:00,1669809600,16.2,7.96,8.75,602.4,17.8,4.64,0.217,0.104,3.18,,,Ⅲ
2022-12-01T04:00:00+08:00,1669838400,15.5,8.03,8.63,602.6,16.9,4.56,0.239,0.105,3.32,,,Ⅲ
2022-12-01T12:00:00+08:00,1669867200,14.7,8.13,8.69,614.7,17.3,4.9,0.288,0.114,3.43,,,Ⅲ
2022-12-01T16:00:00+08:00,1669881600,14.9,8.14,8.97,599.7,14.6,4.96,0.275,0.107,3.47,,,Ⅲ
2022-12-01T20:00:00+08:00,1669896000,14.6,8.24,8.89,613.3,18.5,4.76,0.353,0.114,3.51,,,Ⅲ
2022-12-02T04:00:00+08:00,1669924800,14.3,8.22,8.91,598.5,14.3,4.87,0.303,0.109,3.53,,,Ⅲ
2022-12-02T08:00:00+08:00,1669939200,13.7,8.33,8.78,619.9,23.3,4.59,0.368,0.111,3.45,,,Ⅲ
2022-12-02T12:00:00+08:00,1669953600,14.1,8.34,9.04,613.8,14.9,4.36,0.318,0.107,3.42,,,Ⅲ
2022-12-02T16:00:00+08:00,1669968000,14.5,8.28,9.24,597.6,12.7,4.2,0.318,0.105,3.4,,,Ⅲ
2022-12-02T20:00:00+08:00,1669982400,14.3,8.35,9.37,609.1,17.7,4.6,0.317,0.108,3.37,,,Ⅲ
2022-12-03T04:00:00+08:00,1670011200,14.4,8.29,9.13,597.3,15.6,4.41,0.293,0.103,3.33,,,Ⅲ
2022-12-03T08:00:00+08:00,1670025600,14.1,8.36,9.08,610.7,18.1,4.63,0.282,0.104,3.31,,,Ⅲ
2022-12-03T12:00:00+08:00,1670040000,14.2,8.31,9.25,604.8,14.7,4.46,0.264,0.101,3.27,,,Ⅲ
2022-12-03T16:00:00+08:00,1670054400,14.3,8.31,9.33,602.8,13.7,4.22,0.246,0.099,3.25,,,Ⅲ
2022-12-03T20:00:00+08:00,1670068800,14.3,8.36,9.42,601.6,19.0,4.44,0.266,0.103,3.23,,,Ⅲ
2022-12-04T04:00:00+08:00,1670097600,14.3,8.31,9.26,598.6,14.4,4.43,0.254,0.101,3.25,,,Ⅲ
2022-12-04T08:00:00+08:00,1670112000,14.2,8.41,9.11,610.6,19.5,4.45,0.272,0.105,3.27,,,Ⅲ
2022-12-04T12:00:00+08:00,1670126400,14.3,8.32,9.22,609.3,15.9,4.39,0.296,0.107,3.49,,,Ⅲ
2022-12-04T16:00:00+08:00,1670140800,14.3,8.41,9.39,609.2,20.4,4.39,0.296,0.107,3.49,,,Ⅲ
2022-12-04T20:00:00+08:00,1670155200,14.3,8.34,9.53,615.4,19.1,4.32,0.277,0.106,3.42,,,Ⅲ
2022-12-05T04:00:00+08:00,1670184000,14.1,8.41,9.51,641.2,17.3,4.3,0.285,0.108,3.53,,,Ⅲ
2022-12-05T08:00:00+08:00,1670198400,14.0,8.36,9.45,637.3,19.0,4.66,0.291,0.11,3.53,,,Ⅲ
2022-12-05T12:00:00+08:00,1670212800,14.2,8.29,9.58,605.2,14.4,4.47,0.317,0.112,3.62,,,Ⅲ
2022-12-05T16:00:00+08:00,1670227200,14.4,8.35,9.74,613.9,14.8,4.4,0.311,0.113,3.6,,,Ⅲ
2022-12-05T20:00:00+08:00,1670241600,14.3,8.3,9.72,607.6,16.0,4.2,0.314,0.112,3.67,,,Ⅲ
2022-12-06T04:00:00+08:00,1670270400,13.9,8.36,9.49,608.8,16.5,4.64,0.337,0.112,3.72,,,Ⅲ
2022-12-06T08:00:00+08:00,1670284800,13.4,8.35,9.29,614.5,20.5,4.5,0.356,0.112,3.77,,,Ⅲ
2022-12-06T12:00:00+08:00,1670299200,14.2,8.29,9.59,602.9,16.8,,0.309,0.11,3.73,,,
2022-12-06T16:00:00+08:00,1670313600,14.5,8.31,9.86,602.5,16.9,4.62,0.287,0.11,3.68,,,Ⅲ
2022-12-06T20:00:00+08:00,1670328000,14.4,8.32,9.88,599.9,14.8,4.41,0.301,0.11,3.73,,,Ⅲ
2022-12-07T04:00:00+08:00,1670356800,14.0,8.31,9.78,602.9,19.9,4.72,0.351,0.108,3.78,,,Ⅲ
2022-12-07T08:00:00+08:00,1670371200,13.6,8.29,9.61,609.6,21.2,4.53,0.39,0.11,3.81,,,Ⅲ
2022-12-07T12:00:00+08:00,1670385600,13.3,8.39,8.26,659.8,30.1,,,,,,,
2022-12-07T16:00:00+08:00,1670400000,13.7,8.42,8.49,658.9,24.7,,,,,,,
2022-12-07T20:00:00+08:00,1670414400,13.6,8.44,8.47,659.3,29.9,,,,,,,
2022-12-08T04:00:00+08:00,1670443200,13.5,8.4,8.09,663.3,30.0,,,,,,,
2022-12-08T08:00:00+08:00,1670457600,13.5,8.44,8.04,663.1,32.0,,,,,,,
2022-12-08T12:00:00+08:00,1670472000,14.1,8.31,7.96,663.2,30.9,,,,,,,
2022-12-08T16:00:00+08:00,1670486400,14.3,8.36,8.19,664.4,31.8,4.82,0.35,0.114,3.81,,,Ⅲ
2022-12-08T20:00:00+08:00,1670500800,14.9,8.28,9.53,614.5,17.2,4.54,0.317,0.106,3.77,,,Ⅲ
2022-12-09T04:00:00+08:00,1670529600,15.0,8.18,9.47,606.4,18.3,4.41,0.383,0.108,3.81,,,Ⅲ
2022-12-09T08:00:00+08:00,1670544000,14.8,8.24,8.95,623.4,19.0,4.66,0.355,0.106,3.8,,,Ⅲ
2022-12-09T12:00:00+08:00,1670558400,14.9,8.16,9.38,604.0,14.0,4.45,0.405,0.105,3.77,,,Ⅲ
2022-12-09T16:00:00+08:00,1670572800,14.7,8.34,7.81,665.1,27.8,4.23,0.38,0.107,3.83,,,Ⅲ
2022-12-09T20:00:00+08:00,1670587200,14.7,8.28,7.91,664.6,27.9,4.44,0.336,0.106,3.8,,,Ⅲ
2022-12-10T04:00:00+08:00,1670616000,14.7,8.23,7.5,673.6,34.0,4.43,0.436,0.11,3.88,,,Ⅲ
2022-12-10T08:00:00+08:00,1670630400,14.5,8.22,7.81,671.5,34.0,4.66,0.376,0.108,3.81,,,Ⅲ
2022-12-10T12:00:00+08:00,1670644800,14.7,8.25,7.44,676.4,29.0,4.56,0.489,0.111,3.86,,,Ⅲ
2022-12-10T16:00:00+08:00,1670659200,14.7,8.23,7.81,671.6,34.5,4.31,0.45,0.11,3.89,,,Ⅲ
2022-12-10T20:00:00+08:00,1670673600,14.7,8.25,7.9,675.5,32.4,4.33,0.392,0.107,3.84,,,Ⅲ
2022-12-11T04:00:00+08:00,1670702400,14.2,8.26,7.86,680.5,36.6,4.53,0.489,0.112,3.96,,,Ⅲ
2022-12-11T08:00:00+08:00,1670716800,14.1,8.29,7.85,682.3,28.7,4.64,0.433,0.106,3.89,,,Ⅲ
2022-12-11T12:00:00+08:00,1670731200,14.4,8.25,7.85,691.9,30.5,4.41,0.503,0.112,3.93,,,Ⅲ
2022-12-11T16:00:00+08:00,1670745600,14.6,8.32,8.42,682.9,28.9,4.57,0.439,0.111,3.91,,,Ⅲ
2022-12-11T20:00:00+08:00,1670760000,14.3,8.36,8.5,686.4,31.2,4.33,0.402,0.106,3.88,,,Ⅲ
2022-12-12T04:00:00+08:00,1670788800,13.6,8.27,8.19,687.3,34.6,4.45,0.482,0.108,3.98,,,Ⅲ
2022-12-12T08:00:00+08:00,1670803200,13.5,8.32,8.13,688.4,27.4,4.67,0.428,0.105,3.94,,,Ⅲ
2022-12-12T12:00:00+08:00,1670817600,13.7,8.29,8.15,686.8,28.8,4.23,0.598,0.112,4.02,,,Ⅲ
2022-12-12T16:00:00+08:00,1670832000,14.0,8.26,8.59,686.0,33.2,4.24,0.554,0.11,4.08,,,Ⅲ
2022-12-12T20:00:00+08:00,1670846400,13.3,8.27,8.52,688.3,32.3,4.25,0.499,0.108,4.03,,,Ⅲ
2022-12-13T04:00:00+08:00,1670875200,12.4,8.29,8.39,696.4,34.6,4.24,0.561,0.112,4.12,,,Ⅲ
2022-12-13T08:00:00+08:00,1670889600,12.2,8.3,8.14,699.3,30.6,4.71,0.535,0.11,4.1,,,Ⅲ
2022-12-13T12:00:00+08:00,1670904000,12.9,8.26,8.48,695.5,31.5,4.46,0.59,0.111,4.11,,,Ⅲ
2022-12-13T16:00:00+08:00,1670918400,13.4,8.26,8.72,692.7,28.1,4.27,0.547,0.11,4.11,,,Ⅲ
2022-12-13T20:00:00+08:00,1670932800,13.2,8.25,8.66,697.9,31.3,4.45,0.504,0.107,4.07,,,Ⅲ
2022-12-14T04:00:00+08:00,1670961600,12.4,8.26,8.51,705.9,36.6,4.49,0.558,0.11,4.13,,,Ⅲ
2022-12-14T08:00:00+08:00,1670976000,12.1,8.23,8.32,707.7,34.4,4.53,0.533,0.109,4.16,,,Ⅲ
2022-12-14T12:00:00+08:00,1670990400,12.8,8.24,8.73,705.0,29.2,4.27,0.535,0.107,4.16,,,Ⅲ
2022-12-14T16:00:00+08:00,1671004800,13.3,8.2,8.58,706.9,34.1,4.52,0.532,0.109,4.18,,,Ⅲ
2022-12-14T20:00:00+08:00,1671019200,12.5,8.22,8.95,703.0,29.5,4.58,0.498,0.105,4.15,,,Ⅲ
2022-12-15T04:00:00+08:00,1671048000,11.8,8.19,8.39,716.9,32.7,4.57,0.528,0.108,4.18,,,Ⅲ
2022-12-15T08:00:00+08:00,1671062400,11.2,8.21,8.53,708.8,34.3,4.79,0.542,0.108,4.17,,,Ⅲ
2022-12-15T12:00:00+08:00,1671076800,12.2,8.14,8.63,712.4,35.0,4.51,0.527,0.11,4.18,,,Ⅲ
2022-12-15T16:00:00+08:00,1671091200,13.0,8.13,8.96,713.4,30.2,4.42,0.465,0.107,4.17,,,Ⅲ
2022-12-15T20:00:00+08:00,1671105600,12.6,8.14,9.12,712.6,37.7,4.3,0.486,0.107,4.2,,,Ⅲ
2022-12-16T04:00:00+08:00,1671134400,12.5,8.1,8.57,724.6,36.5,4.15,0.498,0.108,4.17,,,Ⅲ
2022-12-16T08:00:00+08:00,1671148800,12.3,8.06,8.54,720.4,37.2,4.36,0.495,0.107,4.18,,,Ⅲ
2022-12-16T12:00:00+08:00,1671163200,12.5,8.1,8.68,722.9,32.8,4.36,0.453,0.102,4.14,,,Ⅲ
2022-12-16T16:00:00+08:00,1671177600,12.7,8.13,9.14,718.4,30.3,4.28,0.474,0.104,4.18,,,Ⅲ
2022-12-16T20:00:00+08:00,1671192000,12.4,8.11,8.96,724.7,33.8,4.3,0.45,0.105,4.19,,,Ⅲ
2022-12-17T04:00:00+08:00,1671220800,11.9,8.12,9.11,740.0,35.0,4.3,0.491,0.106,4.19,,,Ⅲ
2022-12-17T08:00:00+08:00,1671235200,11.4,8.12,9.1,744.0,36.0,4.53,0.514,0.108,4.22,,,Ⅲ
2022-12-17T12:00:00+08:00,1671249600,11.8,8.17,9.45,749.2,31.4,4.59,0.531,0.107,4.23,,,Ⅲ
2022-12-17T16:00:00+08:00,1671264000,12.2,8.17,10.33,732.3,83.0,4.51,0.46,0.107,4.17,,,Ⅲ
2022-12-17T20:00:00+08:00,1671278400,10.7,8.24,10.33,739.1,39.2,4.78,0.483,0.109,4.12,,,Ⅲ
2022-12-18T04:00:00+08:00,1671307200,9.2,8.28,10.28,742.6,33.7,4.64,0.506,0.103,4.12,,,Ⅲ
2022-12-18T08:00:00+08:00,1671321600,8.8,8.27,10.08,752.4,30.0,4.79,0.552,0.103,4.21,,,Ⅲ
2022-12-18T12:00:00+08:00,1671336000,9.7,8.22,10.13,753.0,32.9,4.31,0.544,0.103,4.23,,,Ⅲ
2022-12-18T16:00:00+08:00,1671350400,10.0,8.29,10.71,750.2,30.6,5.05,0.506,0.103,4.22,,,Ⅲ
2022-12-18T20:00:00+08:00,1671364800,9.7,8.27,10.51,766.8,28.5,4.74,0.51,0.105,4.21,,,Ⅲ
2022-12-19T04:00:00+08:00,1671393600,8.7,8.22,10.2,764.9,30.3,4.61,0.569,0.104,4.26,,,Ⅲ
2022-12-19T08:00:00+08:00,1671408000,8.5,8.23,9.99,779.4,31.1,4.81,0.538,0.103,4.26,,,Ⅲ
2022-12-19T12:00:00+08:00,1671422400,9.0,8.17,9.93,752.9,71.9,4.57,0.54,0.103,4.27,,,Ⅲ
2022-12-19T16:00:00+08:00,1671436800,10.2,8.13,10.12,767.3,75.5,4.78,0.537,0.106,4.2,,,Ⅲ
2022-12-19T20:00:00+08:00,1671451200,10.3,8.11,10.13,779.5,34.4,4.5,0.519,0.107,4.25,,,Ⅲ
2022-12-20T04:00:00+08:00,1671480000,9.2,8.15,10.17,777.3,24.9,4.83,0.524,0.104,4.28,,,Ⅲ
2022-12-20T08:00:00+08:00,1671494400,8.4,8.13,9.53,735.4,31.6,4.97,0.563,0.104,4.26,,,Ⅲ
2022-12-20T12:00:00+08:00,1671508800,9.4,8.13,9.84,777.8,44.3,6.0,0.554,0.15,4.14,,,Ⅳ
2022-12-20T16:00:00+08:00,1671523200,10.7,6.75,9.89,779.2,163.0,5.62,0.591,0.138,4.17,,,Ⅲ
2022-12-20T20:00:00+08:00,1671537600,10.2,7.92,9.44,738.9,65.0,5.36,0.611,0.128,4.1,,,Ⅲ
2022-12-21T04:00:00+08:00,1671566400,10.9,7.93,9.72,784.8,55.1,4.64,0.572,0.103,4.19,,,Ⅲ
2022-12-21T08:00:00+08:00,1671580800,10.2,7.93,9.59,779.9,60.5,4.95,0.591,0.111,4.2,,,Ⅲ
2022-12-21T12:00:00+08:00,1671595200,11.2,7.88,9.64,781.7,88.3,5.05,0.564,0.113,4.15,,,Ⅲ
2022-12-21T16:00:00+08:00,1671609600,11.7,7.9,9.75,785.3,64.5,4.77,0.588,0.104,4.16,,,Ⅲ
2022-12-21T20:00:00+08:00,1671624000,11.2,7.95,10.12,779.6,47.6,4.49,0.542,0.104,4.2,,,Ⅲ
2022-12-22T04:00:00+08:00,1671652800,10.0,7.99,9.47,737.9,34.5,4.5,0.495,0.105,4.15,,,Ⅲ
2022-12-22T08:00:00+08:00,1671667200,9.9,7.95,9.84,789.5,38.4,4.63,0.574,0.106,4.24,,,Ⅲ
2022-12-22T12:00:00+08:00,1671681600,10.7,7.94,10.02,781.9,29.5,4.41,0.521,0.104,4.17,,,Ⅲ
2022-12-22T16:00:00+08:00,1671696000,10.3,8.02,9.7,742.7,48.6,4.88,0.488,0.104,4.18,,,Ⅲ
2022-12-22T20:00:00+08:00,1671710400,10.1,8.05,10.52,785.0,32.5,4.65,0.497,0.102,4.19,,,Ⅲ
2022-12-23T04:00:00+08:00,1671739200,8.5,8.06,9.77,735.9,147.7,4.62,0.565,0.105,4.24,,,Ⅲ
2022-12-23T08:00:00+08:00,1671753600,8.5,8.06,10.46,788.8,28.2,4.64,0.628,0.104,4.28,,,Ⅲ
2022-12-23T12:00:00+08:00,1671768000,9.3,8.03,10.39,790.5,32.3,4.17,0.61,0.103,4.3,,,Ⅲ
2022-12-23T16:00:00+08:00,1671782400,9.2,8.04,10.39,777.1,24.0,4.53,0.48,0.098,4.22,,,Ⅲ
2022-12-23T20:00:00+08:00,1671796800,9.0,8.1,10.9,787.6,26.3,4.36,0.515,0.1,4.22,,,Ⅲ
2022-12-24T04:00:00+08:00,1671825600,8.5,8.04,10.42,785.5,30.3,4.34,0.517,0.098,4.19,,,Ⅲ
2022-12-24T08:00:00+08:00,1671840000,8.3,8.08,10.57,788.9,26.3,4.55,0.518,0.095,4.21,,,Ⅲ
2022-12-24T12:00:00+08:00,1671854400,8.4,8.02,9.84,735.2,40.0,4.39,0.521,0.095,4.24,,,Ⅲ
2022-12-24T16:00:00+08:00,1671868800,9.3,8.05,10.92,781.2,24.8,4.68,,0.126,4.22,,,
2022-12-24T20:00:00+08:00,1671883200,8.7,7.8,10.99,787.4,26.4,4.74,0.466,0.094,4.17,,,Ⅲ
2022-12-25T04:00:00+08:00,1671912000,8.2,7.96,10.69,788.4,25.6,4.44,0.538,0.097,4.28,,,Ⅲ
2022-12-25T08:00:00+08:00,1671926400,8.0,8.0,10.72,792.4,20.4,4.87,0.503,0.094,4.26,,,Ⅲ
2022-12-25T12:00:00+08:00,1671940800,8.9,7.9,10.55,782.0,22.8,4.55,0.584,0.097,4.3,,,Ⅲ
2022-12-25T16:00:00+08:00,1671955200,9.6,7.92,10.92,786.1,21.0,4.41,0.486,0.094,4.26,,,Ⅲ
2022-12-25T20:00:00+08:00,1671969600,8.9,7.94,10.18,792.2,144.8,4.79,0.469,0.098,4.19,,,Ⅲ
2022-12-26T04:00:00+08:00,1671998400,8.7,7.96,10.73,789.7,23.4,4.32,0.504,0.095,4.28,,,Ⅲ
2022-12-26T08:00:00+08:00,1672012800,8.5,7.93,10.06,800.1,61.4,4.58,0.482,0.093,4.25,,,Ⅲ
2022-12-26T12:00:00+08:00,1672027200,9.0,7.9,10.59,786.7,22.1,,0.503,0.093,4.3,,,
2022-12-26T16:00:00+08:00,1672041600,9.3,7.9,10.73,780.5,23.1,,0.486,0.092,4.28,,,
2022-12-26T20:00:00+08:00,1672056000,8.9,7.91,10.35,788.2,306.6,,0.478,0.092,4.24,,,
2022-12-27T08:00:00+08:00,1672099200,8.7,7.9,10.52,783.6,21.2,,0.479,0.092,4.25,,,
2022-12-27T12:00:00+08:00,1672113600,9.6,7.91,10.66,779.6,20.3,,0.466,0.091,4.24,,,
2022-12-27T16:00:00+08:00,1672128000,10.2,7.85,9.95,778.0,53.1,4.15,0.478,0.092,4.2,,,
2022-12-27T20:00:00+08:00,1672142400,9.7,7.9,10.74,772.1,21.5,4.26,0.446,0.09,4.21,,,Ⅲ
2022-12-28T04:00:00+08:00,1672171200,9.6,7.85,10.01,781.3,208.7,4.36,0.46,0.092,4.21,,,Ⅲ
2022-12-28T08:00:00+08:00,1672185600,9.5,7.88,10.43,771.6,23.8,4.45,0.432,0.09,4.2,,,Ⅲ
2022-12-28T12:00:00+08:00,1672200000,10.0,7.89,10.51,770.5,20.1,4.5,0.457,0.091,4.21,,,Ⅲ
2022-12-28T16:00:00+08:00,1672214400,10.0,7.87,10.44,763.1,20.2,4.53,0.461,0.091,4.19,,,Ⅲ
2022-12-28T20:00:00+08:00,1672228800,9.8,7.9,10.85,768.5,20.2,4.33,0.397,0.088,4.17,,,Ⅲ
2022-12-29T04:00:00+08:00,1672257600,9.6,7.91,10.65,768.7,23.6,4.48,0.445,0.091,4.16,,,Ⅲ
2022-12-29T08:00:00+08:00,1672272000,9.4,7.83,10.26,761.9,21.0,4.53,0.431,0.09,4.17,,,Ⅲ
2022-12-29T12:00:00+08:00,1672286400,9.5,7.86,10.1,767.2,386.4,4.52,0.427,0.089,4.19,,,Ⅲ
2022-12-29T16:00:00+08:00,1672300800,9.7,7.89,10.56,757.4,22.5,4.34,0.468,0.092,4.2,,,Ⅲ
2022-12-29T20:00:00+08:00,1672315200,9.7,7.87,10.71,760.5,19.0,4.22,0.385,0.087,4.16,,,Ⅲ
2022-12-30T04:00:00+08:00,1672344000,9.3,7.87,10.48,754.6,26.4,4.55,0.429,0.09,4.17,,,Ⅲ
2022-12-30T08:00:00+08:00,1672358400,9.3,7.82,10.1,749.4,23.7,4.5,0.429,0.091,4.16,,,Ⅲ
2022-12-30T12:00:00+08:00,1672372800,9.3,7.86,10.26,758.5,279.6,4.53,0.387,0.086,4.1,,,Ⅲ
2022-12-30T16:00:00+08:00,1672387200,9.8,7.85,10.57,747.7,24.0,4.45,0.444,0.091,4.17,,,Ⅲ
2022-12-30T20:00:00+08:00,1672401600,10.6,7.85,9.91,755.1,40.9,4.51,0.388,0.088,4.12,,,Ⅲ
2022-12-31T04:00:00+08:00,1672430400,8.8,7.91,10.65,747.4,25.5,,0.428,0.09,4.1,,,
2022-12-31T08:00:00+08:00,1672444800,9.3,7.82,9.83,753.9,44.2,,0.417,0.087,4.14,,,
2022-12-31T12:00:00+08:00,1672459200,9.2,7.89,10.71,749.5,22.8,,0.369,0.085,4.12,,,
2022-12-31T16:00:00+08:00,1672473600,10.1,7.82,10.66,743.3,24.7,,0.416,0.089,4.17,,,
2022-12-31T20:00:00+08:00,1672488000,10.8,7.82,9.95,752.6,37.0,4.33,0.378,0.088,4.15,,,Ⅲ
2023-01-01T04:00:00+08:00,1672516800,9.3,7.86,10.65,745.0,24.7,4.53,0.406,0.09,4.15,,,Ⅲ
2023-01-01T08:00:00+08:00,1672531200,8.9,7.81,10.25,746.5,47.5,4.73,0.386,0.088,4.15,,,Ⅲ
2023-01-01T12:00:00+08:00,1672545600,9.2,7.85,10.45,747.4,25.5,4.51,,,,,,
2023-01-01T16:00:00+08:00,1672560000,9.3,7.84,10.24,753.5,153.2,4.44,0.39,0.085,,,,Ⅲ
2023-01-01T20:00:00+08:00,1672574400,9.6,7.84,10.73,736.8,29.9,4.45,0.392,0.086,4.14,,,Ⅲ
2023-01-02T04:00:00+08:00,1672603200,9.5,7.77,10.21,741.6,271.0,4.24,0.414,0.091,4.16,,,Ⅲ
2023-01-02T08:00:00+08:00,1672617600,9.5,7.75,10.3,736.1,29.8,4.64,0.384,0.088,4.09,,,Ⅲ
2023-01-02T12:00:00+08:00,1672632000,9.8,7.73,10.22,740.4,28.6,4.44,0.379,0.088,4.12,,,Ⅲ
2023-01-02T16:00:00+08:00,1672646400,9.9,7.84,10.7,741.3,27.1,4.36,0.34,0.084,4.05,,,Ⅲ
2023-01-02T20:00:00+08:00,1672660800,10.0,7.8,10.47,734.2,26.5,4.16,0.404,0.089,4.09,,,Ⅲ
2023-01-03T04:00:00+08:00,1672689600,9.9,7.76,10.51,732.6,26.5,4.36,0.394,0.089,4.12,,,Ⅲ
2023-01-03T12:00:00+08:00,1672718400,10.7,7.68,9.92,738.0,223.8,4.9,0.368,0.089,4.12,,,Ⅲ
2023-01-03T16:00:00+08:00,1672732800,11.4,7.8,10.68,732.3,37.8,4.36,0.356,0.092,4.08,,,Ⅲ
2023-01-03T20:00:00+08:00,1672747200,11.1,7.77,10.66,732.5,28.0,4.94,0.356,0.092,4.08,,,Ⅲ
2023-01-04T04:00:00+08:00,1672776000,10.3,7.8,10.59,727.2,31.8,4.4,0.357,0.091,4.06,,,Ⅲ
2023-01-04T08:00:00+08:00,1672790400,9.8,7.76,10.21,726.9,34.6,4.54,0.428,0.095,4.14,,,Ⅲ
2023-01-04T12:00:00+08:00,1672804800,10.6,7.8,10.71,728.8,32.3,4.55,0.322,0.088,4.07,,,Ⅲ
2023-01-04T16:00:00+08:00,1672819200,11.3,7.8,10.89,731.8,26.7,4.65,0.329,0.09,4.06,,,Ⅲ
2023-01-04T20:00:00+08:00,1672833600,10.8,7.84,10.68,730.9,28.8,4.62,0.314,0.09,4.03,,,Ⅲ
2023-01-05T04:00:00+08:00,1672862400,10.7,7.83,10.65,725.1,33.0,4.69,0.334,0.091,4.11,,,Ⅲ
2023-01-05T08:00:00+08:00,1672876800,10.5,7.8,10.47,720.8,40.0,4.75,0.378,0.094,4.12,,,Ⅲ
2023-01-05T12:00:00+08:00,1672891200,11.1,7.76,10.41,724.3,31.2,4.62,0.331,0.09,4.07,,,Ⅲ
2023-01-05T16:00:00+08:00,1672905600,11.8,7.78,10.75,729.2,30.3,4.78,0.314,0.091,4.08,,,Ⅲ
2023-01-05T20:00:00+08:00,1672920000,11.7,7.8,10.9,727.3,33.0,4.71,0.28,0.091,4.04,,,Ⅲ
2023-01-06T00:00:00+08:00,1672934400,11.8,7.79,10.6,725.9,32.1,4.72,0.31,0.092,4.04,,,Ⅲ
2023-01-06T04:00:00+08:00,1672948800,11.7,7.71,10.06,721.5,36.7,4.45,0.318,0.094,4.08,,,Ⅲ
2023-01-06T08:00:00+08:00,1672963200,11.5,7.69,10.19,719.1,42.9,4.84,0.342,0.095,4.13,,,Ⅲ
2023-01-06T12:00:00+08:00,1672977600,12.3,7.69,10.07,724.8,39.1,4.79,0.499,0.096,4.16,,,Ⅲ
2023-01-06T16:00:00+08:00,1672992000,12.4,7.75,10.17,719.5,201.7,4.74,0.292,0.096,4.06,,,Ⅲ
2023-01-06T20:00:00+08:00,1673006400,12.4,7.83,10.61,731.5,42.8,4.54,0.278,0.099,4.03,,,Ⅲ
2023-01-07T00:00:00+08:00,1673020800,12.3,7.76,10.61,721.9,41.8,4.83,0.306,0.099,4.01,,,Ⅲ
2023-01-07T04:00:00+08:00,1673035200,11.7,7.76,10.29,715.6,44.0,4.6,0.306,0.098,4.05,,,Ⅲ
2023-01-07T08:00:00+08:00,1673049600,11.5,7.76,10.53,720.2,37.3,4.94,0.293,0.098,4.06,,,Ⅲ
2023-01-07T12:00:00+08:00,1673064000,12.4,7.71,10.21,717.4,39.2,4.84,0.35,0.098,4.06,,,Ⅲ
2023-01-07T16:00:00+08:00,1673078400,12.8,7.79,10.68,717.6,40.4,4.63,0.267,0.093,4.0,,,Ⅲ
2023-01-07T20:00:00+08:00,1673092800,12.6,7.84,10.83,723.0,39.9,4.64,0.226,0.096,3.93,,,Ⅲ
2023-01-08T00:00:00+08:00,1673107200,11.9,7.8,10.37,717.6,39.9,4.81,0.272,0.098,3.97,,,Ⅲ
2023-01-08T04:00:00+08:00,1673121600,11.9,7.75,10.49,717.1,41.7,5.01,0.299,0.097,3.97,,,Ⅲ
2023-01-08T08:00:00+08:00,1673136000,11.7,7.75,10.4,721.6,38.4,4.98,0.273,0.095,3.96,,,Ⅲ
2023-01-08T12:00:00+08:00,1673150400,12.6,7.72,10.35,714.5,40.7,4.94,0.286,0.094,3.97,,,Ⅲ
2023-01-08T16:00:00+08:00,1673164800,13.5,7.75,10.78,715.4,37.2,5.11,0.258,0.096,3.97,,,Ⅲ
2023-01-08T20:00:00+08:00,1673179200,13.2,7.82,10.7,719.4,42.1,4.98,0.234,0.097,3.9,,,Ⅲ
2023-01-09T00:00:00+08:00,1673193600,12.3,7.75,10.2,716.5,40.4,4.91,0.256,0.098,3.93,,,Ⅲ
2023-01-09T04:00:00+08:00,1673208000,12.4,7.7,10.27,713.6,47.5,4.97,0.328,0.102,4.04,,,Ⅲ
2023-01-09T08:00:00+08:00,1673222400,12.2,7.69,10.22,718.0,42.0,5.21,0.274,0.097,4.02,,,Ⅲ
2023-01-09T12:00:00+08:00,1673236800,12.8,7.69,10.14,711.4,40.1,5.06,0.298,0.097,4.0,,,Ⅲ
2023-01-09T16:00:00+08:00,1673251200,13.7,7.72,10.62,709.1,39.8,4.89,0.302,0.098,4.06,,,Ⅲ
2023-01-09T20:00:00+08:00,1673265600,13.6,7.81,10.6,715.8,43.7,5.1,0.241,0.1,3.9,,,Ⅲ
2023-01-10T00:00:00+08:00,1673280000,13.1,7.8,10.66,717.3,49.2,5.14,0.226,0.099,3.88,,,Ⅲ
2023-01-10T04:00:00+08:00,1673294400,12.9,7.74,10.37,716.9,46.5,5.11,0.274,0.103,3.94,,,Ⅲ
2023-01-10T08:00:00+08:00,1673308800,12.9,7.76,10.29,723.2,46.4,5.21,0.213,0.099,3.88,,,Ⅲ
2023-01-10T12:00:00+08:00,1673323200,13.8,7.77,10.65,712.3,41.9,5.13,0.234,0.099,3.93,,,Ⅲ
2023-01-10T16:00:00+08:00,1673337600,14.4,7.74,10.52,706.1,68.4,5.13,0.234,0.099,3.93,,,Ⅲ
2023-01-10T20:00:00+08:00,1673352000,14.0,7.8,10.53,709.3,46.9,5.37,0.281,0.103,4.03,,,Ⅲ
2023-01-11T04:00:00+08:00,1673380800,13.0,7.72,10.24,709.1,47.4,5.16,0.216,0.101,3.87,,,Ⅲ
2023-01-11T08:00:00+08:00,1673395200,12.4,7.73,9.93,707.8,43.3,4.95,0.267,0.104,3.99,,,Ⅲ
2023-01-11T12:00:00+08:00,1673409600,13.7,7.71,10.36,703.6,39.9,5.23,0.256,0.101,3.96,,,Ⅲ
2023-01-11T16:00:00+08:00,1673424000,14.5,7.78,10.62,708.1,40.2,5.28,0.256,0.102,3.98,,,Ⅲ
2023-01-11T20:00:00+08:00,1673438400,14.2,7.78,10.41,705.4,46.4,5.15,0.212,0.098,3.91,,,Ⅲ
2023-01-12T04:00:00+08:00,1673467200,14.0,7.72,10.23,707.4,51.3,4.99,0.195,0.101,3.83,,,Ⅲ
2023-01-12T08:00:00+08:00,1673481600,13.7,7.67,9.8,704.9,52.9,5.02,0.209,0.101,3.87,,,Ⅲ
2023-01-12T12:00:00+08:00,1673496000,14.7,7.72,10.3,709.1,48.4,5.25,0.198,0.1,3.86,,,Ⅲ
2023-01-12T16:00:00+08:00,1673510400,15.9,7.76,10.44,708.7,51.8,5.2,0.192,0.103,3.85,,,Ⅲ
2023-01-12T20:00:00+08:00,1673524800,15.7,7.71,10.11,706.9,53.7,5.11,0.18,0.098,3.87,,,Ⅲ
2023-01-13T04:00:00+08:00,1673553600,16.1,7.68,9.87,711.2,57.0,5.41,0.16,0.101,3.72,,,Ⅲ
2023-01-13T08:00:00+08:00,1673568000,15.9,7.59,9.69,705.2,64.5,5.17,0.184,0.105,3.79,,,Ⅲ
2023-01-13T12:00:00+08:00,1673582400,16.3,7.63,9.75,697.8,56.1,5.21,0.195,0.106,3.79,,,Ⅲ
2023-01-13T16:00:00+08:00,1673596800,16.6,7.58,9.41,687.6,52.4,5.12,0.188,0.107,3.72,,,Ⅲ
2023-01-13T20:00:00+08:00,1673611200,16.4,7.7,9.89,688.1,47.6,5.24,0.24,0.109,3.83,,,Ⅲ
2023-01-14T04:00:00+08:00,1673640000,16.6,7.58,9.19,688.0,55.8,5.03,0.177,0.108,3.65,,,Ⅲ
2023-01-14T08:00:00+08:00,1673654400,16.2,7.49,8.74,685.6,55.4,4.99,0.216,0.112,3.76,,,Ⅲ
2023-01-14T12:00:00+08:00,1673668800,16.2,7.6,9.15,688.7,53.3,5.4,0.263,0.116,3.94,,,Ⅲ
2023-01-14T16:00:00+08:00,1673683200,15.3,7.52,8.84,684.9,56.6,5.21,0.209,0.114,3.74,,,Ⅲ
2023-01-14T20:00:00+08:00,1673697600,15.0,7.56,8.73,686.7,53.2,5.3,0.308,0.115,4.09,,,Ⅲ
2023-01-15T04:00:00+08:00,1673726400,14.0,7.6,9.03,681.6,62.5,5.09,0.21,0.109,3.68,,,Ⅲ
2023-01-15T08:00:00+08:00,1673740800,12.9,7.59,8.87,675.4,55.1,5.34,0.33,0.117,3.98,,,Ⅲ
2023-01-15T12:00:00+08:00,1673755200,12.9,7.64,8.81,688.3,49.2,5.43,0.447,0.119,4.29,,,Ⅲ
2023-01-15T16:00:00+08:00,1673769600,11.7,7.66,9.48,674.2,57.9,5.22,0.378,0.113,4.19,,,Ⅲ
2023-01-15T20:00:00+08:00,1673784000,11.6,7.65,9.19,671.2,47.1,5.29,0.486,0.116,4.28,,,Ⅲ
2023-01-16T04:00:00+08:00,1673812800,10.6,7.63,9.18,671.6,40.1,5.11,0.522,0.118,4.34,,,Ⅲ
2023-01-16T12:00:00+08:00,1673841600,10.8,7.65,8.9,691.6,37.4,5.39,0.549,0.117,4.61,,,Ⅲ
2023-01-16T16:00:00+08:00,1673856000,11.4,7.66,9.56,676.5,36.7,5.21,0.513,0.114,4.56,,,Ⅲ
2023-01-16T20:00:00+08:00,1673870400,11.0,7.61,9.66,680.9,44.6,5.11,0.497,0.117,4.39,,,Ⅲ
2023-01-17T04:00:00+08:00,1673899200,10.4,7.61,9.7,679.5,41.0,5.0,0.421,0.113,4.3,,,Ⅲ
2023-01-17T08:00:00+08:00,1673913600,10.1,7.62,9.24,684.9,39.9,4.82,0.419,0.112,4.23,,,Ⅲ
2023-01-17T12:00:00+08:00,1673928000,10.9,7.61,9.02,688.4,38.6,5.22,0.399,0.108,4.27,,,Ⅲ
2023-01-17T16:00:00+08:00,1673942400,11.2,7.61,9.86,681.0,35.0,4.68,0.376,0.107,4.29,,,Ⅲ
2023-01-17T20:00:00+08:00,1673956800,11.2,7.66,9.79,674.8,43.3,4.65,0.379,0.108,4.19,,,Ⅲ
2023-01-18T04:00:00+08:00,1673985600,10.4,7.7,9.7,682.4,40.4,4.92,0.34,0.107,4.17,,,Ⅲ
2023-01-18T08:00:00+08:00,1674000000,10.0,7.66,9.52,683.6,42.6,4.68,0.349,0.107,4.11,,,Ⅲ
2023-01-18T12:00:00+08:00,1674014400,10.3,7.64,9.84,680.2,35.5,5.07,0.329,0.104,4.16,,,Ⅲ
2023-01-18T16:00:00+08:00,1674028800,11.3,7.74,10.18,684.6,32.7,4.56,0.313,0.103,4.16,,,Ⅲ
2023-01-18T20:00:00+08:00,1674043200,10.5,7.78,10.13,685.0,42.2,4.67,0.283,0.101,4.12,,,Ⅲ
2023-01-19T04:00:00+08:00,1674072000,10.0,7.78,10.18,681.7,40.1,4.9,0.301,0.105,4.0,,,Ⅲ
2023-01-19T08:00:00+08:00,1674086400,9.7,7.73,9.62,681.9,37.3,4.56,0.297,0.103,4.02,,,Ⅲ
2023-01-28T08:00:00+08:00,1674864000,7.8,7.95,11.31,693.2,32.2,4.6,0.322,0.104,4.22,,,Ⅲ
2023-01-28T12:00:00+08:00,1674878400,8.8,7.94,11.81,692.8,24.1,4.43,0.297,0.102,4.17,,,Ⅲ
2023-01-28T16:00:00+08:00,1674892800,9.3,7.96,11.7,692.5,25.7,4.59,0.326,0.104,4.21,,,Ⅲ
2023-01-28T20:00:00+08:00,1674907200,9.0,8.02,11.9,690.0,26.3,5.01,0.282,0.103,4.15,,,Ⅲ
2023-01-29T04:00:00+08:00,1674936000,8.2,7.97,11.57,694.4,25.4,4.65,0.299,0.104,4.18,,,Ⅲ
2023-01-29T08:00:00+08:00,1674950400,7.6,7.93,11.4,694.6,27.6,5.0,0.283,0.099,4.22,,,Ⅲ
2023-01-29T12:00:00+08:00,1674964800,8.9,7.95,11.93,696.3,23.7,,,,,,,
2023-01-29T16:00:00+08:00,1674979200,9.7,7.85,11.86,687.3,26.3,,,,,,,
2023-01-29T20:00:00+08:00,1674993600,9.4,7.94,12.18,688.0,31.1,4.41,0.264,0.103,4.18,,,Ⅲ
2023-01-30T04:00:00+08:00,1675022400,8.6,7.89,11.82,690.8,30.9,4.46,0.257,0.103,4.18,,,Ⅲ
2023-01-30T08:00:00+08:00,1675036800,8.1,7.87,11.42,694.5,27.5,4.73,0.265,0.1,4.21,,,Ⅲ
2023-01-30T12:00:00+08:00,1675051200,9.0,7.9,11.75,691.6,26.5,4.49,0.235,0.099,4.17,,,Ⅲ
2023-01-30T16:00:00+08:00,1675065600,10.3,7.9,12.02,688.1,28.3,4.55,0.236,0.101,4.18,,,Ⅲ
2023-01-30T20:00:00+08:00,1675080000,9.9,7.94,11.79,683.8,34.2,4.61,0.244,0.104,4.15,,,Ⅲ
2023-01-31T04:00:00+08:00,1675108800,9.3,7.84,11.77,684.9,29.3,4.56,0.237,0.101,,,,Ⅲ
2023-01-31T08:00:00+08:00,1675123200,8.9,7.87,11.39,686.6,27.9,4.46,0.229,0.097,4.11,,,Ⅲ
2023-01-31T12:00:00+08:00,1675137600,9.6,7.86,11.51,688.0,30.1,4.88,0.214,0.099,4.15,,,Ⅲ
2023-01-31T16:00:00+08:00,1675152000,11.2,7.86,11.87,688.6,29.5,4.38,0.197,0.101,4.13,,,Ⅲ
2023-01-31T20:00:00+08:00,1675166400,10.9,7.91,11.72,680.6,39.6,4.72,0.225,0.106,4.12,,,Ⅲ
2023-02-01T04:00:00+08:00,1675195200,10.4,7.85,11.5,681.7,46.1,4.83,0.24,0.109,4.07,,,Ⅲ
2023-02-01T08:00:00+08:00,1675209600,10.0,7.85,11.2,684.9,45.1,5.26,0.235,0.111,4.12,,,Ⅲ
2023-02-01T12:00:00+08:00,1675224000,10.4,7.8,11.24,686.1,34.6,4.85,0.213,0.102,4.12,,,Ⅲ
2023-02-01T16:00:00+08:00,1675238400,11.5,7.83,11.62,688.8,46.2,4.97,0.205,0.113,4.03,,,Ⅲ
2023-02-01T20:00:00+08:00,1675252800,11.3,7.9,11.76,688.1,43.6,4.8,0.179,0.104,3.97,,,Ⅲ
2023-02-02T04:00:00+08:00,1675281600,10.7,7.86,11.34,693.5,38.3,4.54,0.185,0.103,4.0,,,Ⅲ
2023-02-02T08:00:00+08:00,1675296000,10.4,7.86,11.15,687.3,43.0,5.07,0.199,0.105,4.0,,,Ⅲ
2023-02-02T12:00:00+08:00,1675310400,10.4,7.85,11.18,680.7,49.1,5.03,0.243,0.112,4.06,,,Ⅲ
2023-02-02T16:00:00+08:00,1675324800,10.6,7.86,11.35,688.0,46.3,5.02,0.2,0.111,3.99,,,Ⅲ
2023-02-02T20:00:00+08:00,1675339200,10.4,7.86,11.25,687.9,40.8,4.88,0.197,0.104,3.97,,,Ⅲ
2023-02-03T04:00:00+08:00,1675368000,10.2,7.76,10.84,684.2,38.7,4.73,0.232,0.105,4.03,,,Ⅲ
2023-02-03T08:00:00+08:00,1675382400,10.0,7.8,10.84,680.6,49.0,5.02,0.225,0.105,4.03,,,Ⅲ
2023-02-03T12:00:00+08:00,1675396800,10.5,7.76,10.92,684.2,40.5,4.97,0.226,0.106,4.04,,,Ⅲ
2023-02-03T16:00:00+08:00,1675411200,11.1,7.79,11.15,688.9,38.1,5.02,0.201,0.104,4.01,,,Ⅲ
2023-02-03T20:00:00+08:00,1675425600,10.8,7.84,11.19,686.3,37.4,4.82,0.179,0.098,3.98,,,Ⅲ
2023-02-04T04:00:00+08:00,1675454400,10.4,7.83,10.96,679.7,39.4,4.7,0.219,0.104,4.01,,,Ⅲ
2023-02-04T08:00:00+08:00,1675468800,10.1,7.8,10.89,682.9,47.8,5.09,0.218,0.105,3.97,,,Ⅲ
2023-02-04T12:00:00+08:00,1675483200,10.9,7.77,11.11,678.9,36.6,5.04,0.23,0.107,4.0,,,Ⅲ
2023-02-04T16:00:00+08:00,1675497600,11.3,7.86,11.24,676.3,46.1,5.19,0.224,0.109,3.98,,,Ⅲ
2023-02-04T20:00:00+08:00,1675512000,11.0,7.82,11.29,689.7,43.7,5.04,0.164,0.1,3.92,,,Ⅲ
2023-02-05T04:00:00+08:00,1675540800,10.7,7.84,11.12,684.3,40.3,4.95,0.188,0.102,3.94,,,Ⅲ
2023-02-05T08:00:00+08:00,1675555200,10.6,7.77,10.92,686.0,34.5,5.15,0.183,0.101,3.92,,,Ⅲ
2023-02-05T12:00:00+08:00,1675569600,11.1,7.78,11.19,686.2,38.3,4.96,0.182,0.101,3.96,,,Ⅲ
2023-02-05T16:00:00+08:00,1675584000,11.4,7.9,11.36,682.9,40.3,5.1,0.182,0.1,3.96,,,Ⅲ
2023-02-05T20:00:00+08:00,1675598400,11.4,7.82,11.26,688.4,36.3,4.88,0.152,0.099,3.88,,,Ⅲ
2023-02-06T04:00:00+08:00,1675627200,11.5,7.79,10.95,681.4,41.0,4.93,0.169,0.1,3.93,,,Ⅲ
2023-02-06T08:00:00+08:00,1675641600,11.5,7.72,10.78,684.4,43.5,5.2,0.168,0.103,3.89,,,Ⅲ
2023-02-06T12:00:00+08:00,1675656000,11.6,7.74,10.71,677.2,43.6,4.8,0.19,0.104,3.97,,,Ⅲ
2023-02-06T16:00:00+08:00,1675670400,11.9,7.74,10.67,676.0,43.6,5.03,0.196,0.102,3.99,,,Ⅲ
2023-02-06T20:00:00+08:00,1675684800,12.0,7.7,10.71,685.3,40.8,5.17,0.158,0.104,3.84,,,Ⅲ
2023-02-07T04:00:00+08:00,1675713600,12.0,7.65,10.31,677.4,45.7,4.82,0.193,0.102,3.92,,,Ⅲ
2023-02-07T08:00:00+08:00,1675728000,12.0,7.65,10.27,681.8,44.1,5.22,0.17,0.102,3.83,,,Ⅲ
2023-02-07T12:00:00+08:00,1675742400,12.3,7.66,10.37,677.3,45.2,5.33,0.193,0.102,3.89,,,Ⅲ
2023-02-07T16:00:00+08:00,1675756800,13.0,7.65,10.31,669.7,41.2,5.26,0.22,0.104,3.98,,,Ⅲ
2023-02-07T20:00:00+08:00,1675771200,13.0,7.64,10.32,680.2,46.0,5.46,0.173,0.108,3.8,,,Ⅲ
2023-02-08T04:00:00+08:00,1675800000,12.5,7.57,9.99,673.8,48.0,5.22,0.214,0.104,3.96,,,Ⅲ
2023-02-08T08:00:00+08:00,1675814400,12.4,7.59,9.85,679.2,45.3,5.56,0.19,0.105,3.83,,,Ⅲ
2023-02-08T12:00:00+08:00,1675828800,12.5,7.62,10.11,674.8,44.6,5.45,0.202,0.106,3.88,,,Ⅲ
2023-02-08T16:00:00+08:00,1675843200,12.6,7.63,10.08,674.9,44.4,5.36,0.205,0.103,3.95,,,Ⅲ
2023-02-08T20:00:00+08:00,1675857600,12.4,7.64,10.08,677.3,51.2,5.58,0.195,0.106,3.83,,,Ⅲ
2023-02-09T04:00:00+08:00,1675886400,12.2,7.53,9.72,678.0,45.2,5.52,0.209,0.104,3.97,,,Ⅲ
2023-02-09T12:00:00+08:00,1675915200,12.4,7.61,9.8,676.6,44.1,5.53,0.197,0.1,3.88,,,Ⅲ
2023-02-09T16:00:00+08:00,1675929600,12.3,7.53,9.65,667.6,34.1,5.78,0.226,0.101,3.94,,,Ⅲ
2023-02-09T20:00:00+08:00,1675944000,12.3,7.58,9.68,670.9,42.9,5.84,0.209,0.103,3.84,,,Ⅲ
2023-02-10T04:00:00+08:00,1675972800,12.2,7.48,9.16,663.8,40.8,5.71,0.268,0.105,4.01,,,Ⅲ
2023-02-10T08:00:00+08:00,1675987200,12.1,7.5,9.19,666.8,50.6,6.69,0.247,0.108,3.96,,,Ⅳ
2023-02-10T12:00:00+08:00,1676001600,12.3,7.49,9.21,663.4,45.0,6.19,0.28,0.108,4.02,,,Ⅳ
2023-02-10T16:00:00+08:00,1676016000,12.4,7.41,8.95,662.9,41.0,,0.399,0.113,4.42,,,
2023-02-10T20:00:00+08:00,1676030400,12.0,7.41,9.03,664.6,48.1,4.73,0.346,0.115,4.31,,,Ⅲ
2023-02-11T04:00:00+08:00,1676059200,12.1,7.33,8.67,673.9,42.5,,0.438,0.114,4.73,,,
2023-02-11T08:00:00+08:00,1676073600,11.9,7.36,8.63,672.3,43.5,,0.402,0.113,4.59,,,
2023-02-11T12:00:00+08:00,1676088000,12.1,7.42,8.87,670.7,37.9,,0.386,0.109,4.54,,,
2023-02-11T16:00:00+08:00,1676102400,12.2,7.45,8.49,675.2,50.9,4.86,0.433,0.125,4.76,,,Ⅲ
2023-02-11T20:00:00+08:00,1676116800,12.2,7.44,8.67,672.4,93.1,4.78,0.416,0.122,4.72,,,Ⅲ
2023-02-12T04:00:00+08:00,1676145600,12.3,7.38,8.33,674.1,38.3,4.57,0.464,0.12,4.9,,,Ⅲ
2023-02-12T08:00:00+08:00,1676160000,12.5,7.39,8.5,664.1,46.7,4.86,0.471,0.122,4.99,,,Ⅲ
2023-02-12T12:00:00+08:00,1676174400,13.0,7.35,8.61,656.4,40.5,4.91,0.401,0.126,4.85,,,Ⅲ
2023-02-12T16:00:00+08:00,1676188800,13.5,7.36,8.61,654.6,40.7,4.95,0.559,0.142,5.49,,,Ⅲ
2023-02-12T20:00:00+08:00,1676203200,13.6,7.3,8.18,653.7,50.7,5.44,0.646,0.16,5.91,,,Ⅲ
2023-02-13T04:00:00+08:00,1676232000,13.4,7.25,8.21,637.8,45.4,5.61,0.706,0.174,6.41,,,Ⅲ
2023-02-13T08:00:00+08:00,1676246400,13.1,7.26,8.04,642.4,54.2,6.28,0.72,0.183,6.5,,,Ⅳ
2023-02-13T12:00:00+08:00,1676260800,13.0,7.27,8.14,644.4,51.3,5.86,0.692,0.18,6.49,,,Ⅲ
2023-02-13T20:00:00+08:00,1676289600,12.1,7.26,7.88,638.1,57.3,6.78,0.813,0.208,6.81,,,Ⅳ
2023-02-14T04:00:00+08:00,1676318400,11.6,7.3,7.87,633.4,51.6,6.51,0.832,0.216,6.84,,,Ⅳ
2023-02-14T08:00:00+08:00,1676332800,11.3,7.26,7.75,642.3,56.8,6.72,0.783,0.212,6.68,,,Ⅳ
2023-02-14T12:00:00+08:00,1676347200,12.1,7.25,7.73,644.3,52.1,6.39,0.768,0.211,6.66,,,Ⅳ
2023-02-14T16:00:00+08:00,1676361600,12.6,7.27,7.9,647.3,58.1,6.41,0.734,0.211,6.61,,,Ⅳ
2023-02-14T20:00:00+08:00,1676376000,12.3,7.3,8.23,650.0,59.7,5.89,0.625,0.203,6.2,,,Ⅳ
2023-02-15T04:00:00+08:00,1676404800,11.5,7.36,8.03,647.6,49.5,5.51,0.629,0.193,6.18,,,Ⅲ
2023-02-15T08:00:00+08:00,1676419200,11.1,7.29,7.8,653.3,58.9,5.89,0.668,0.205,6.28,,,Ⅳ
2023-02-15T12:00:00+08:00,1676433600,11.8,7.28,7.6,655.9,51.6,5.72,0.644,0.201,6.32,,,Ⅳ
2023-02-15T16:00:00+08:00,1676448000,12.7,7.26,8.01,651.8,50.7,5.7,0.641,0.198,6.18,,,Ⅲ
2023-02-15T20:00:00+08:00,1676462400,12.5,7.32,8.45,656.8,49.2,5.38,0.568,0.185,5.79,,,Ⅲ
2023-02-16T04:00:00+08:00,1676491200,11.4,7.3,7.94,652.5,44.8,5.26,0.585,0.18,5.88,,,Ⅲ
2023-02-16T08:00:00+08:00,1676505600,11.0,7.31,7.74,654.7,47.7,5.26,0.578,0.176,5.77,,,Ⅲ
2023-02-16T12:00:00+08:00,1676520000,11.9,7.33,8.04,651.8,50.7,5.36,0.547,0.177,5.69,,,Ⅲ
2023-02-16T16:00:00+08:00,1676534400,12.8,7.26,8.14,653.2,52.3,5.22,0.533,0.177,5.73,,,Ⅲ
2023-02-16T20:00:00+08:00,1676548800,12.7,7.27,8.12,658.8,48.4,4.99,0.519,0.166,5.54,,,Ⅲ
2023-02-17T04:00:00+08:00,1676577600,12.3,7.29,8.25,658.2,41.0,4.75,0.45,0.16,5.52,,,Ⅲ
2023-02-17T08:00:00+08:00,1676592000,12.0,7.3,7.88,662.4,47.3,5.0,0.466,0.158,5.39,,,Ⅲ
2023-02-17T12:00:00+08:00,1676606400,12.2,7.31,8.11,658.7,48.1,4.87,0.421,0.155,5.37,,,Ⅲ
2023-02-17T16:00:00+08:00,1676620800,12.9,7.3,8.23,659.5,54.7,5.07,0.438,0.16,5.37,,,Ⅲ
2023-02-17T20:00:00+08:00,1676635200,12.9,7.28,8.07,662.3,44.1,4.77,0.414,0.152,5.32,,,Ⅲ
2023-02-18T04:00:00+08:00,1676664000,12.6,7.29,8.17,660.7,42.0,4.46,0.413,0.15,5.3,,,Ⅲ
2023-02-18T08:00:00+08:00,1676678400,12.6,7.23,7.58,663.2,48.8,4.92,0.423,0.155,5.29,,,Ⅲ
2023-02-18T12:00:00+08:00,1676692800,14.0,7.24,8.04,657.0,48.8,4.79,0.373,0.15,5.26,,,Ⅲ
2023-02-18T16:00:00+08:00,1676707200,14.8,7.22,8.06,658.9,51.8,4.97,0.373,0.16,5.26,,,Ⅲ
2023-02-18T20:00:00+08:00,1676721600,14.9,7.2,7.72,662.0,49.8,4.77,0.356,0.15,5.24,,,Ⅲ
2023-02-19T04:00:00+08:00,1676750400,14.7,7.23,7.96,660.0,51.0,4.45,0.389,0.148,5.14,,,Ⅲ
2023-02-19T08:00:00+08:00,1676764800,14.5,7.26,7.6,661.3,53.1,4.93,0.443,0.151,5.07,,,Ⅲ
2023-02-19T12:00:00+08:00,1676779200,14.6,7.26,7.99,659.1,58.8,4.87,0.418,0.155,5.17,,,Ⅲ
2023-02-19T16:00:00+08:00,1676793600,15.0,7.25,8.18,659.7,72.2,5.06,0.399,0.165,5.11,,,Ⅲ
2023-02-19T20:00:00+08:00,1676808000,14.9,7.25,7.81,664.5,68.5,4.94,0.382,0.152,5.14,,,Ⅲ
2023-02-20T04:00:00+08:00,1676836800,13.9,7.27,7.7,659.6,59.1,4.56,0.423,0.151,5.08,,,Ⅲ
2023-02-20T08:00:00+08:00,1676851200,13.6,7.31,7.65,662.2,67.0,4.96,0.394,0.15,5.03,,,Ⅲ
2023-02-20T12:00:00+08:00,1676865600,14.3,7.26,7.98,661.1,59.3,4.96,0.394,0.15,5.03,,,Ⅲ
2023-02-20T16:00:00+08:00,1676880000,15.0,7.22,7.79,661.9,68.4,4.94,0.411,0.149,5.09,,,Ⅲ
2023-02-20T20:00:00+08:00,1676894400,14.7,7.27,8.22,663.4,59.7,4.97,0.46,0.154,5.12,,,Ⅲ
2023-02-21T04:00:00+08:00,1676923200,14.0,7.26,7.44,662.9,60.2,4.72,0.425,0.147,5.05,,,Ⅲ
2023-02-21T08:00:00+08:00,1676937600,13.4,7.32,8.08,662.5,63.6,4.72,0.473,0.147,5.12,,,Ⅲ
2023-02-21T12:00:00+08:00,1676952000,14.2,7.27,8.11,663.2,58.9,4.95,0.389,0.142,5.04,,,Ⅲ
2023-02-21T16:00:00+08:00,1676966400,14.5,7.22,8.13,662.7,53.5,4.77,0.461,0.146,5.06,,,Ⅲ
2023-02-21T20:00:00+08:00,1676980800,14.0,7.27,8.58,663.3,69.6,5.26,,0.145,5.12,,,
2023-02-22T04:00:00+08:00,1677009600,13.4,7.28,8.12,668.1,64.6,4.81,0.395,0.138,4.99,,,Ⅲ
2023-02-22T08:00:00+08:00,1677024000,13.2,7.35,8.41,666.9,58.6,4.58,0.435,0.136,5.06,,,Ⅲ
2023-02-22T12:00:00+08:00,1677038400,13.4,7.31,8.33,668.2,56.7,4.99,0.37,0.138,5.02,,,Ⅲ
2023-02-22T16:00:00+08:00,1677052800,13.7,7.27,8.05,663.5,52.4,4.97,0.405,0.136,5.0,,,Ⅲ
2023-02-22T20:00:00+08:00,1677067200,13.5,7.3,8.49,666.5,59.4,4.89,0.44,0.136,5.11,,,Ⅲ
2023-02-23T04:00:00+08:00,1677096000,12.9,7.24,7.59,671.4,53.6,4.72,0.4,0.133,5.03,,,Ⅲ
2023-02-23T08:00:00+08:00,1677110400,12.7,7.3,8.14,669.0,56.4,4.53,0.443,0.134,5.1,,,Ⅲ
2023-02-23T12:00:00+08:00,1677124800,12.7,7.28,7.91,669.7,60.8,5.14,0.386,0.134,5.01,,,Ⅲ
2023-02-23T16:00:00+08:00,1677139200,12.7,7.24,7.53,670.8,51.3,4.79,0.415,0.134,5.06,,,Ⅲ
2023-02-23T20:00:00+08:00,1677153600,12.6,7.27,7.93,669.1,55.0,4.79,0.462,0.134,5.11,,,Ⅲ
2023-02-24T04:00:00+08:00,1677182400,12.3,7.24,7.13,671.6,48.2,4.61,0.41,0.127,5.04,,,Ⅲ
2023-02-24T08:00:00+08:00,1677196800,12.1,7.3,7.44,670.1,48.1,4.38,0.467,0.13,5.12,,,Ⅲ
2023-02-24T12:00:00+08:00,1677211200,12.3,7.26,7.62,669.1,47.1,5.02,0.42,0.134,5.03,,,Ⅲ
2023-02-24T16:00:00+08:00,1677225600,13.2,7.24,7.56,668.7,54.7,4.7,0.422,0.128,5.1,,,Ⅲ
2023-02-24T20:00:00+08:00,1677240000,12.8,7.27,7.91,668.1,49.4,4.92,0.522,0.139,5.16,,,Ⅲ
2023-02-25T04:00:00+08:00,1677268800,12.3,7.26,7.42,672.9,46.4,4.8,0.46,0.127,5.12,,,Ⅲ
2023-02-25T08:00:00+08:00,1677283200,12.0,7.3,7.73,670.1,51.5,4.46,0.506,0.13,5.19,,,Ⅲ
2023-02-25T12:00:00+08:00,1677297600,12.8,7.29,7.96,669.7,49.2,5.09,0.48,0.136,5.17,,,Ⅲ
2023-02-25T16:00:00+08:00,1677312000,13.8,7.27,7.95,670.7,47.7,,,,,,,
2023-02-25T20:00:00+08:00,1677326400,13.1,7.34,8.3,669.3,46.7,5.14,0.577,0.513,,,,劣Ⅴ
2023-02-26T04:00:00+08:00,1677355200,12.1,7.3,8.25,670.3,43.4,5.04,0.545,,5.14,,,
2023-02-26T08:00:00+08:00,1677369600,11.6,7.34,8.43,668.5,43.9,4.95,0.592,0.131,5.19,,,Ⅲ
2023-02-26T12:00:00+08:00,1677384000,12.8,7.36,8.45,671.4,44.7,5.29,0.522,0.13,5.17,,,Ⅲ
2023-02-26T16:00:00+08:00,1677398400,13.5,7.3,8.34,665.4,39.8,4.07,0.351,0.139,4.94,,,Ⅲ
2023-02-26T20:00:00+08:00,1677412800,13.0,7.36,8.77,670.7,49.6,4.18,0.366,0.133,4.89,,,Ⅲ
2023-02-27T04:00:00+08:00,1677441600,12.3,7.3,8.2,666.7,45.1,5.15,0.477,0.126,5.14,,,Ⅲ
2023-02-27T08:00:00+08:00,1677456000,11.7,7.36,8.35,666.3,50.7,4.97,0.515,0.128,5.2,,,Ⅲ
2023-02-27T12:00:00+08:00,1677470400,12.7,7.31,8.48,667.6,48.2,5.34,0.427,0.126,5.12,,,Ⅲ
2023-02-27T20:00:00+08:00,1677499200,13.9,7.36,8.89,664.6,46.7,5.09,0.422,0.123,5.23,,,Ⅲ
2023-02-28T04:00:00+08:00,1677528000,12.8,7.32,8.58,665.9,54.9,4.91,0.439,0.126,5.21,,,Ⅲ
2023-02-28T12:00:00+08:00,1677556800,13.8,7.33,8.64,661.6,55.0,5.46,0.38,0.126,5.19,,,Ⅲ
2023-02-28T16:00:00+08:00,1677571200,14.7,7.38,8.73,661.0,58.2,5.19,0.405,0.129,5.2,,,Ⅲ
2023-02-28T20:00:00+08:00,1677585600,14.8,7.32,8.82,660.1,57.4,5.2,0.381,0.128,5.13,,,Ⅲ
2023-03-01T04:00:00+08:00,1677614400,14.5,7.28,8.31,659.9,59.7,4.93,0.378,0.126,5.17,,,Ⅲ
2023-03-01T08:00:00+08:00,1677628800,14.3,7.24,7.8,657.6,48.9,5.21,0.387,0.124,5.15,,,Ⅲ
2023-03-01T16:00:00+08:00,1677657600,15.4,7.29,8.39,657.9,63.2,5.38,0.364,0.127,5.06,,,Ⅲ
2023-03-01T20:00:00+08:00,1677672000,15.2,7.3,8.5,657.7,67.6,5.15,0.384,0.13,5.05,,,Ⅲ
2023-03-02T04:00:00+08:00,1677700800,14.1,7.31,8.3,657.3,52.4,4.82,0.343,0.118,5.06,,,Ⅲ
2023-03-02T08:00:00+08:00,1677715200,13.7,7.32,7.93,657.6,43.1,5.22,0.349,0.116,5.07,,,Ⅲ
2023-03-02T12:00:00+08:00,1677729600,14.6,7.31,8.04,658.2,130.9,5.81,0.431,0.133,4.81,,,Ⅲ
2023-03-02T16:00:00+08:00,1677744000,15.6,7.33,8.56,662.3,55.9,5.61,0.322,0.127,4.98,,,Ⅲ
2023-03-02T20:00:00+08:00,1677758400,15.4,7.35,8.78,660.5,67.3,5.21,0.344,0.121,4.91,,,Ⅲ
2023-03-03T04:00:00+08:00,1677787200,14.3,7.36,8.51,661.5,61.6,4.82,0.342,0.12,4.87,,,Ⅲ
2023-03-03T08:00:00+08:00,1677801600,13.7,7.33,8.1,663.1,55.7,5.29,0.334,0.118,4.86,,,Ⅲ
2023-03-03T12:00:00+08:00,1677816000,14.8,7.31,8.53,664.5,74.2,5.44,0.301,0.119,4.89,,,Ⅲ
2023-03-03T16:00:00+08:00,1677830400,15.6,7.31,8.45,666.4,72.9,5.51,0.296,0.125,4.84,,,Ⅲ
2023-03-03T20:00:00+08:00,1677844800,15.3,7.42,8.9,663.9,77.0,5.27,0.309,0.126,4.74,,,Ⅲ
2023-03-04T04:00:00+08:00,1677873600,14.5,7.41,8.56,664.8,56.1,4.85,0.324,0.115,4.87,,,Ⅲ
2023-03-04T08:00:00+08:00,1677888000,14.0,7.43,8.63,659.5,65.3,5.44,0.324,0.121,4.69,,,Ⅲ
2023-03-04T12:00:00+08:00,1677902400,15.3,7.36,8.6,666.1,69.5,5.27,0.272,0.119,4.73,,,Ⅲ
2023-03-04T16:00:00+08:00,1677916800,16.3,7.35,8.54,668.3,85.9,5.74,0.29,0.135,4.67,,,Ⅲ
2023-03-04T20:00:00+08:00,1677931200,16.0,7.4,8.72,666.1,70.0,5.12,0.271,0.118,4.68,,,Ⅲ
2023-03-05T04:00:00+08:00,1677960000,15.3,7.36,8.41,669.0,66.9,4.9,0.313,0.119,4.66,,,Ⅲ
2023-03-05T08:00:00+08:00,1677974400,14.9,7.4,8.47,666.4,76.1,5.55,0.319,0.124,4.61,,,Ⅲ
2023-03-05T12:00:00+08:00,1677988800,15.7,7.36,8.37,667.1,82.5,5.69,0.309,0.133,,,,Ⅲ
2023-03-05T16:00:00+08:00,1678003200,16.7,7.41,8.82,666.1,83.5,5.66,0.287,0.131,4.55,,,Ⅲ
2023-03-05T20:00:00+08:00,1678017600,16.6,7.35,8.66,670.0,77.8,5.34,0.256,0.118,4.53,,,Ⅲ
2023-03-06T04:00:00+08:00,1678046400,15.8,7.39,8.58,667.0,74.4,5.12,0.279,0.117,4.51,,,Ⅲ
2023-03-06T08:00:00+08:00,1678060800,15.4,7.39,8.62,668.4,69.8,5.27,0.261,0.116,4.49,,,Ⅲ
2023-03-06T12:00:00+08:00,1678075200,16.7,7.36,8.72,664.8,68.9,5.68,0.262,0.124,4.43,,,Ⅲ
2023-03-06T16:00:00+08:00,1678089600,17.8,7.42,8.93,664.3,83.5,5.66,0.254,0.125,4.44,,,Ⅲ
2023-03-06T20:00:00+08:00,1678104000,17.7,7.38,8.79,669.3,70.2,5.15,0.213,0.114,4.38,,,Ⅲ
2023-03-07T04:00:00+08:00,1678132800,16.8,7.39,8.8,663.3,63.8,5.17,0.234,0.113,4.48,,,Ⅲ
2023-03-07T08:00:00+08:00,1678147200,16.6,7.37,8.54,666.2,72.1,5.35,0.229,0.116,4.36,,,Ⅲ
2023-03-07T12:00:00+08:00,1678161600,17.7,7.31,8.61,664.9,74.4,5.65,0.23,0.119,4.4,,,Ⅲ
2023-03-07T20:00:00+08:00,1678190400,18.6,7.38,8.74,668.2,73.2,5.18,0.189,0.113,4.28,,,Ⅲ
2023-03-08T04:00:00+08:00,1678219200,17.6,7.38,8.49,661.7,59.5,4.93,0.219,0.106,4.38,,,Ⅲ
2023-03-08T08:00:00+08:00,1678233600,17.6,7.33,8.36,666.5,66.7,5.26,0.186,0.109,4.28,,,Ⅲ
2023-03-08T12:00:00+08:00,1678248000,18.1,7.39,8.46,664.3,66.0,5.45,0.202,0.114,4.27,,,Ⅲ
2023-03-08T16:00:00+08:00,1678262400,18.4,7.38,8.69,662.7,81.1,5.57,0.224,0.124,4.28,,,Ⅲ
2023-03-08T20:00:00+08:00,1678276800,18.6,7.38,8.7,664.6,65.0,5.13,0.173,0.11,4.18,,,Ⅲ
2023-03-09T04:00:00+08:00,1678305600,18.0,7.29,8.13,659.3,72.5,5.03,0.235,0.111,4.29,,,Ⅲ
2023-03-09T08:00:00+08:00,1678320000,18.1,7.32,7.95,664.3,76.9,5.45,,0.115,4.14,,,
2023-03-09T12:00:00+08:00,1678334400,19.1,7.35,8.4,660.3,81.9,5.64,0.201,0.119,4.23,,,Ⅲ
2023-03-09T16:00:00+08:00,1678348800,20.4,7.37,8.58,660.0,81.5,5.6,0.225,0.12,4.25,,,Ⅲ
2023-03-09T20:00:00+08:00,1678363200,20.4,7.36,8.4,664.2,84.4,5.37,0.178,0.118,4.13,,,Ⅲ
2023-03-10T04:00:00+08:00,1678392000,19.5,7.29,8.07,661.3,76.7,4.95,0.221,0.112,4.27,,,Ⅲ
2023-03-10T08:00:00+08:00,1678406400,19.2,7.26,7.71,665.5,81.5,5.35,0.194,0.121,4.09,,,Ⅲ
2023-03-10T12:00:00+08:00,1678420800,20.5,7.32,8.28,662.1,79.3,5.58,0.189,0.115,4.18,,,Ⅲ
2023-03-10T16:00:00+08:00,1678435200,21.2,7.35,8.53,663.6,65.7,5.64,0.187,0.112,4.16,,,Ⅲ
2023-03-10T20:00:00+08:00,1678449600,21.0,7.35,8.43,666.5,70.3,5.32,0.16,0.113,4.06,,,Ⅲ
2023-03-11T04:00:00+08:00,1678478400,19.6,7.29,7.88,664.5,76.5,5.15,0.203,0.111,4.14,,,Ⅲ
2023-03-11T08:00:00+08:00,1678492800,19.4,7.29,7.67,665.9,74.9,5.48,0.18,0.114,4.08,,,Ⅲ
2023-03-11T12:00:00+08:00,1678507200,20.2,7.33,8.23,665.5,66.4,5.74,0.171,0.116,4.04,,,Ⅲ
2023-03-11T16:00:00+08:00,1678521600,20.5,7.36,8.5,666.4,71.4,5.9,0.181,0.114,4.07,,,Ⅲ
2023-03-11T20:00:00+08:00,1678536000,20.4,7.37,8.26,667.7,72.8,5.45,0.167,0.109,4.02,,,Ⅲ
2023-03-12T04:00:00+08:00,1678564800,19.8,7.29,7.6,664.6,71.4,5.27,0.205,0.108,4.1,,,Ⅲ
2023-03-12T08:00:00+08:00,1678579200,19.4,7.31,7.61,665.3,79.1,5.52,0.185,0.113,3.98,,,Ⅲ
2023-03-12T12:00:00+08:00,1678593600,19.1,7.34,7.88,668.0,67.2,5.3,0.169,0.106,4.0,,,Ⅲ
2023-03-12T16:00:00+08:00,1678608000,19.0,7.34,7.97,665.8,72.8,5.37,0.235,0.111,4.14,,,Ⅲ
2023-03-12T20:00:00+08:00,1678622400,18.4,7.41,8.17,664.8,74.7,5.28,0.201,0.111,4.02,,,Ⅲ
2023-03-13T04:00:00+08:00,1678651200,17.0,7.37,7.79,663.5,71.3,4.78,0.265,0.106,4.23,,,Ⅲ
2023-03-13T08:00:00+08:00,1678665600,16.6,7.39,7.77,663.1,72.2,5.42,0.255,0.114,4.18,,,Ⅲ
2023-03-13T12:00:00+08:00,1678680000,17.7,7.38,8.06,667.5,68.7,5.3,0.2,0.11,4.05,,,Ⅲ
2023-03-13T16:00:00+08:00,1678694400,18.6,7.36,8.24,665.6,66.4,5.45,0.234,0.111,4.17,,,Ⅲ
2023-03-13T20:00:00+08:00,1678708800,17.9,7.43,8.19,665.1,61.3,5.0,0.224,0.104,4.1,,,Ⅲ
2023-03-14T04:00:00+08:00,1678737600,16.7,7.38,7.6,665.8,57.8,4.95,0.223,0.106,4.07,,,Ⅲ
2023-03-14T08:00:00+08:00,1678752000,16.1,7.36,7.59,665.4,58.9,5.32,0.187,0.102,4.0,,,Ⅲ
2023-03-14T16:00:00+08:00,1678780800,18.8,7.33,8.12,664.3,65.5,5.52,0.199,0.112,4.07,,,Ⅲ
2023-03-14T20:00:00+08:00,1678795200,18.5,7.38,8.59,664.6,61.1,4.97,0.18,0.104,4.02,,,Ⅲ
2023-03-15T04:00:00+08:00,1678824000,17.3,7.37,7.99,662.1,58.6,4.55,0.193,0.105,4.04,,,Ⅲ
2023-03-15T08:00:00+08:00,1678838400,16.9,7.35,7.44,665.0,58.0,5.34,0.189,0.111,4.0,,,Ⅲ
2023-03-15T12:00:00+08:00,1678852800,18.2,7.4,8.35,665.1,59.5,5.0,0.16,0.108,3.94,,,Ⅲ
2023-03-15T16:00:00+08:00,1678867200,18.8,7.41,8.4,663.7,55.4,5.09,0.174,0.108,3.97,,,Ⅲ
2023-03-15T20:00:00+08:00,1678881600,18.6,7.38,8.12,661.8,69.2,4.85,0.203,0.106,4.02,,,Ⅲ
2023-03-16T04:00:00+08:00,1678910400,17.6,7.39,7.95,659.0,61.7,4.7,0.208,0.105,3.99,,,Ⅲ
2023-03-16T08:00:00+08:00,1678924800,17.1,7.39,7.66,660.6,80.4,5.21,0.2,0.113,3.92,,,Ⅲ
2023-03-16T12:00:00+08:00,1678939200,17.8,7.42,8.3,662.5,71.0,5.15,0.175,0.111,3.87,,,Ⅲ
2023-03-16T20:00:00+08:00,1678968000,18.0,7.53,8.79,667.3,63.5,5.0,0.159,0.106,3.84,,,Ⅲ
2023-03-17T04:00:00+08:00,1678996800,16.7,7.47,8.39,662.0,62.5,4.68,0.165,0.104,3.82,,,Ⅲ
2023-03-17T08:00:00+08:00,1679011200,16.2,7.43,8.01,660.8,62.6,5.15,0.18,0.104,3.83,,,Ⅲ
2023-03-17T12:00:00+08:00,1679025600,16.0,7.45,8.27,655.3,78.2,5.13,0.182,0.11,3.75,,,Ⅲ
2023-03-17T16:00:00+08:00,1679040000,15.9,7.51,8.51,656.1,59.9,5.07,0.16,0.101,3.75,,,Ⅲ
2023-03-17T20:00:00+08:00,1679054400,15.6,7.45,8.16,652.6,59.9,4.8,0.194,0.104,3.79,,,Ⅲ
2023-03-18T04:00:00+08:00,1679083200,15.1,7.38,7.54,646.0,52.2,4.49,0.277,0.104,3.98,,,Ⅲ
2023-03-18T08:00:00+08:00,1679097600,14.9,7.36,7.51,646.6,65.5,5.05,0.283,0.107,3.95,,,Ⅲ
2023-03-18T12:00:00+08:00,1679112000,15.2,7.33,7.52,647.8,56.4,5.17,0.242,0.111,3.86,,,Ⅲ
2023-03-18T16:00:00+08:00,1679126400,15.4,7.35,7.61,649.1,60.8,4.96,0.247,0.11,3.86,,,Ⅲ
2023-03-18T20:00:00+08:00,1679140800,15.2,7.38,7.88,647.9,65.9,4.7,0.239,0.102,3.88,,,Ⅲ
2023-03-19T04:00:00+08:00,1679169600,15.1,7.3,7.06,647.9,55.7,4.64,0.27,0.102,3.91,,,Ⅲ
2023-03-19T08:00:00+08:00,1679184000,15.0,7.3,7.28,645.1,57.7,4.9,0.304,0.109,3.98,,,Ⅲ
2023-03-19T16:00:00+08:00,1679212800,15.5,7.27,7.54,649.6,63.7,4.97,0.315,0.122,3.9,,,Ⅲ
2023-03-19T20:00:00+08:00,1679227200,15.2,7.31,7.84,648.8,57.6,5.04,0.286,0.103,3.91,,,Ⅲ
2023-03-20T04:00:00+08:00,1679256000,15.0,7.25,7.07,648.9,64.8,4.54,0.316,0.108,3.93,,,Ⅲ
2023-03-20T08:00:00+08:00,1679270400,14.9,7.25,7.42,647.5,71.9,5.43,0.316,0.11,3.96,,,Ⅲ
2023-03-20T12:00:00+08:00,1679284800,15.7,7.25,7.47,645.2,54.2,4.83,0.307,0.105,3.95,,,Ⅲ
2023-03-20T16:00:00+08:00,1679299200,16.4,7.26,7.45,647.2,59.8,4.88,0.288,0.113,3.89,,,Ⅲ
2023-03-20T20:00:00+08:00,1679313600,16.2,7.27,7.76,646.4,61.0,4.81,0.26,0.101,3.83,,,Ⅲ
2023-03-21T04:00:00+08:00,1679342400,16.3,7.24,7.2,630.0,57.3,4.61,0.296,0.103,3.86,,,Ⅲ
2023-03-21T08:00:00+08:00,1679356800,16.1,7.25,7.59,610.7,57.9,5.16,0.244,0.106,3.6,,,Ⅲ
2023-03-21T12:00:00+08:00,1679371200,16.5,7.21,7.29,618.9,60.9,4.7,0.325,0.116,3.94,,,Ⅲ
2023-03-21T16:00:00+08:00,1679385600,16.7,7.18,6.92,613.4,64.9,5.67,0.349,0.126,4.08,,,Ⅲ
2023-03-21T20:00:00+08:00,1679400000,16.7,7.19,7.27,621.0,64.8,5.52,0.347,0.117,4.15,,,Ⅲ
2023-03-22T04:00:00+08:00,1679428800,16.7,7.1,6.2,613.9,64.6,5.2,0.339,0.129,4.25,,,Ⅲ
2023-03-22T08:00:00+08:00,1679443200,16.6,7.16,6.66,615.5,63.5,5.62,0.359,0.123,4.25,,,Ⅲ
2023-03-22T12:00:00+08:00,1679457600,16.9,7.07,6.23,614.4,62.3,5.5,0.326,0.129,4.36,,,Ⅲ
2023-03-22T16:00:00+08:00,1679472000,17.2,7.02,5.52,615.5,62.7,5.59,0.381,0.134,4.65,,,Ⅲ
2023-03-22T20:00:00+08:00,1679486400,17.2,7.07,6.23,614.8,64.0,5.48,0.37,0.127,4.53,,,Ⅲ
2023-03-23T04:00:00+08:00,1679515200,17.1,7.03,5.36,610.4,58.8,5.28,0.434,0.124,4.59,,,Ⅲ
2023-03-23T08:00:00+08:00,1679529600,17.0,7.06,5.76,616.8,70.3,5.76,0.396,0.125,4.65,,,Ⅲ
2023-03-23T12:00:00+08:00,1679544000,17.3,7.06,5.73,614.2,55.5,,0.405,0.124,4.49,,,
2023-03-23T16:00:00+08:00,1679558400,17.2,7.11,6.17,606.9,69.1,5.25,0.459,0.132,4.42,,,Ⅲ
2023-03-23T20:00:00+08:00,1679572800,17.1,7.11,5.84,615.7,63.8,5.62,0.434,0.121,4.66,,,Ⅲ
2023-03-24T04:00:00+08:00,1679601600,16.5,7.08,5.44,607.0,57.9,4.83,0.5,0.122,4.42,,,Ⅲ
2023-03-24T08:00:00+08:00,1679616000,16.4,7.06,5.46,616.9,75.9,5.53,0.458,0.125,4.58,,,Ⅲ
2023-03-24T12:00:00+08:00,1679630400,16.3,7.11,6.04,612.7,56.1,5.0,0.435,0.12,4.45,,,Ⅲ
2023-03-24T16:00:00+08:00,1679644800,16.2,7.1,5.61,609.6,52.0,5.17,0.48,0.123,4.38,,,Ⅲ
2023-03-24T20:00:00+08:00,1679659200,16.1,7.11,5.81,614.6,65.2,5.3,0.449,0.118,4.52,,,Ⅲ
2023-03-25T04:00:00+08:00,1679688000,15.3,7.11,5.46,614.7,54.8,4.68,0.52,0.12,4.32,,,Ⅲ
2023-03-25T08:00:00+08:00,1679702400,15.2,7.1,5.49,616.0,67.8,5.45,0.458,0.124,4.4,,,Ⅲ
2023-03-25T12:00:00+08:00,1679716800,15.3,7.14,6.22,616.6,54.8,5.13,0.469,0.122,4.34,,,Ⅲ
2023-03-25T16:00:00+08:00,1679731200,15.3,7.05,6.14,620.8,39.4,5.11,0.534,0.128,4.29,,,Ⅲ
2023-03-25T20:00:00+08:00,1679745600,15.2,7.06,6.04,621.3,45.9,6.02,0.498,0.125,4.33,,,Ⅳ
2023-03-26T04:00:00+08:00,1679774400,14.8,7.05,5.87,630.0,47.9,4.65,0.509,0.12,4.22,,,Ⅲ
2023-03-26T08:00:00+08:00,1679788800,14.7,7.07,5.86,628.3,47.3,5.16,0.481,0.126,4.22,,,Ⅲ
2023-03-26T12:00:00+08:00,1679803200,15.8,7.1,6.46,628.5,41.6,5.0,0.45,0.122,4.2,,,Ⅲ
2023-03-26T16:00:00+08:00,1679817600,17.0,7.09,6.48,635.0,45.1,4.79,0.46,0.122,4.11,,,Ⅲ
2023-03-26T20:00:00+08:00,1679832000,16.7,7.12,7.01,633.7,51.2,4.7,0.43,0.119,4.15,,,Ⅲ
2023-03-27T08:00:00+08:00,1679875200,15.9,7.08,6.18,634.9,44.7,5.02,0.401,0.118,4.04,,,Ⅲ
2023-03-27T08:22:00+08:00,1679876520,,,,,,,,,,,,
2023-03-27T12:00:00+08:00,1679889600,17.0,7.12,6.66,633.0,49.7,4.96,0.417,0.121,3.91,,,Ⅲ
2023-03-27T16:00:00+08:00,1679904000,17.8,7.08,8.32,641.7,493.6,6.04,0.514,0.155,4.03,,,Ⅳ
2023-03-27T20:00:00+08:00,1679918400,17.7,7.14,7.04,633.3,51.6,4.85,0.334,0.115,4.03,,,Ⅲ
2023-03-28T04:00:00+08:00,1679947200,16.8,7.11,6.6,635.7,83.7,4.7,0.319,0.113,3.98,,,Ⅲ
2023-03-28T08:00:00+08:00,1679961600,16.5,7.14,6.74,634.2,48.7,4.89,0.29,0.113,3.93,,,Ⅲ
2023-03-28T12:00:00+08:00,1679976000,17.7,7.14,6.96,634.5,45.9,4.83,0.267,0.111,3.94,,,Ⅲ
2023-03-28T16:00:00+08:00,1679990400,18.7,7.16,7.46,638.4,45.4,4.93,0.261,0.108,3.89,,,Ⅲ
2023-03-28T20:00:00+08:00,1680004800,18.4,7.2,7.71,638.1,52.6,4.87,0.243,0.108,3.87,,,Ⅲ
2023-03-29T00:00:00+08:00,1680019200,18.0,7.18,7.42,640.3,47.3,4.87,0.243,0.108,3.87,,,Ⅲ
2023-03-29T04:00:00+08:00,1680033600,17.5,7.22,7.62,637.4,55.2,4.55,0.221,0.106,3.87,,,Ⅲ
2023-03-29T08:00:00+08:00,1680048000,17.1,7.2,7.15,637.3,48.5,4.9,0.204,0.106,3.82,,,Ⅲ
2023-03-29T12:00:00+08:00,1680062400,17.4,7.22,7.42,637.9,49.7,5.0,0.2,0.105,3.76,,,Ⅲ
2023-03-29T16:00:00+08:00,1680076800,17.4,7.22,7.6,640.0,50.2,4.66,0.206,0.105,3.8,,,Ⅲ
2023-03-29T20:00:00+08:00,1680091200,17.2,7.21,7.52,638.8,45.3,4.66,0.218,0.102,3.83,,,Ⅲ
2023-03-30T00:00:00+08:00,1680105600,17.1,7.18,7.19,637.0,51.8,4.66,0.218,0.102,3.83,,,Ⅲ
2023-03-30T04:00:00+08:00,1680120000,16.9,7.18,7.09,635.5,53.4,4.25,0.218,0.099,3.84,,,Ⅲ
2023-03-30T08:00:00+08:00,1680134400,16.8,7.14,6.69,634.9,51.3,4.81,0.207,0.103,3.8,,,Ⅲ
2023-03-30T12:00:00+08:00,1680148800,17.0,7.21,7.3,633.2,43.7,4.85,0.193,0.101,3.78,,,Ⅲ
2023-03-30T16:00:00+08:00,1680163200,17.1,7.2,7.54,634.8,53.4,4.68,0.222,0.103,3.77,,,Ⅲ
2023-03-30T20:00:00+08:00,1680177600,17.0,7.22,7.3,636.5,61.9,4.72,0.262,0.104,3.83,,,Ⅲ
2023-03-31T00:00:00+08:00,1680192000,16.8,7.23,7.22,635.9,55.0,4.48,0.254,0.101,3.84,,,Ⅲ
2023-03-31T04:00:00+08:00,1680206400,16.7,7.16,6.78,635.8,56.7,4.56,0.248,0.1,3.84,,,Ⅲ
2023-03-31T08:00:00+08:00,1680220800,16.6,7.13,6.18,636.6,58.3,4.96,0.268,0.107,3.87,,,Ⅲ
2023-03-31T12:00:00+08:00,1680235200,17.1,7.14,6.55,635.1,55.8,4.84,0.244,0.107,3.84,,,Ⅲ
2023-03-31T16:00:00+08:00,1680249600,17.6,7.15,6.99,635.7,64.1,4.7,0.226,0.109,3.78,,,Ⅲ
2023-03-31T20:00:00+08:00,1680264000,17.6,7.14,6.74,640.4,59.4,4.84,0.311,0.107,3.88,,,Ⅲ
2023-04-01T00:00:00+08:00,1680278400,17.5,7.17,6.66,641.1,61.9,4.8,0.315,0.106,3.97,,,Ⅲ
2023-04-01T04:00:00+08:00,1680292800,17.3,7.12,6.28,640.3,55.7,4.36,0.294,0.101,3.94,,,Ⅲ
2023-04-01T08:00:00+08:00,1680307200,17.1,7.14,6.32,637.6,62.0,4.93,0.278,0.108,3.85,,,Ⅲ
2023-04-01T12:00:00+08:00,1680321600,18.2,7.09,6.23,642.5,67.6,5.05,0.267,0.115,3.83,,,Ⅲ
2023-04-01T16:00:00+08:00,1680336000,19.6,7.14,6.96,641.6,54.6,5.31,0.24,0.121,3.82,,,Ⅲ
2023-04-01T20:00:00+08:00,1680350400,19.5,7.15,7.17,645.3,57.7,4.83,0.277,0.112,3.87,,,Ⅲ
2023-04-02T00:00:00+08:00,1680364800,19.1,7.13,6.9,648.6,53.0,4.81,0.319,0.11,4.04,,,Ⅲ
2023-04-02T04:00:00+08:00,1680379200,18.7,7.12,6.51,648.9,59.1,4.41,0.3,0.106,3.97,,,Ⅲ
2023-04-02T08:00:00+08:00,1680393600,18.4,7.14,6.68,648.7,58.5,5.03,0.276,0.109,3.87,,,Ⅲ
2023-04-02T12:00:00+08:00,1680408000,19.6,7.14,7.03,647.7,42.6,4.9,0.232,0.102,3.89,,,Ⅲ
2023-04-02T16:00:00+08:00,1680422400,21.2,7.2,7.62,649.4,49.5,4.85,0.211,0.107,3.8,,,Ⅲ
2023-04-02T20:00:00+08:00,1680436800,20.7,7.23,7.53,649.3,49.9,4.73,0.211,0.106,3.83,,,Ⅲ
2023-04-03T00:00:00+08:00,1680451200,20.1,7.19,7.39,653.2,49.6,4.84,0.227,0.104,3.81,,,Ⅲ
2023-04-03T04:00:00+08:00,1680465600,19.6,7.19,7.14,654.7,46.2,4.49,0.211,0.101,3.81,,,Ⅲ
2023-04-03T08:00:00+08:00,1680480000,19.4,7.24,7.1,653.8,44.3,4.95,0.196,0.104,3.79,,,Ⅲ
2023-04-03T12:00:00+08:00,1680494400,20.2,7.31,8.14,654.6,43.7,5.0,0.176,0.104,3.83,,,Ⅲ
2023-04-03T16:00:00+08:00,1680508800,20.7,7.42,8.08,653.2,51.5,5.18,0.15,0.11,3.67,,,Ⅲ
2023-04-03T20:00:00+08:00,1680523200,20.5,7.37,7.88,652.5,47.3,4.75,0.143,0.103,3.66,,,Ⅲ
2023-04-04T00:00:00+08:00,1680537600,19.9,7.37,7.62,655.2,50.9,4.95,0.173,0.104,3.76,,,Ⅲ
2023-04-04T04:00:00+08:00,1680552000,19.7,7.39,6.87,654.3,51.9,4.7,0.152,0.108,3.68,,,Ⅲ
2023-04-04T08:00:00+08:00,1680566400,19.6,7.37,6.98,648.9,43.8,5.01,0.13,0.104,3.6,,,Ⅲ
2023-04-04T12:00:00+08:00,1680580800,19.9,7.41,7.2,648.9,41.5,4.81,0.124,0.099,,,,Ⅲ
2023-04-04T16:00:00+08:00,1680595200,20.6,7.49,7.22,648.8,53.0,5.46,,0.114,3.65,,,
2023-04-04T20:00:00+08:00,1680609600,20.7,7.43,6.96,646.5,48.9,5.21,0.112,0.106,3.61,,,Ⅲ
2023-04-05T00:00:00+08:00,1680624000,20.4,7.39,6.83,648.7,48.4,5.0,0.13,0.1,3.67,,,Ⅲ
2023-04-05T04:00:00+08:00,1680638400,20.2,7.39,5.85,647.7,49.3,4.85,0.13,0.101,3.65,,,Ⅲ
2023-04-05T08:00:00+08:00,1680652800,19.8,7.38,6.33,647.5,49.6,5.32,0.117,0.103,3.59,,,Ⅲ
2023-04-05T12:00:00+08:00,1680667200,20.1,7.39,6.75,647.6,47.8,5.23,0.131,0.101,3.75,,,Ⅲ
2023-04-05T16:00:00+08:00,1680681600,20.3,7.54,7.39,645.6,45.6,5.6,0.109,0.102,3.63,,,Ⅲ
2023-04-05T20:00:00+08:00,1680696000,20.0,7.52,7.52,646.4,44.6,5.0,0.099,0.097,3.61,,,Ⅲ
2023-04-06T00:00:00+08:00,1680710400,19.4,7.5,6.53,647.0,48.6,4.99,0.16,0.097,3.74,,,Ⅲ
2023-04-06T04:00:00+08:00,1680724800,18.9,7.38,6.5,648.6,49.5,4.89,0.18,0.101,3.81,,,Ⅲ
2023-04-06T08:00:00+08:00,1680739200,19.0,7.4,6.66,647.1,49.4,5.18,0.104,0.103,3.55,,,Ⅲ
2023-04-06T12:00:00+08:00,1680753600,18.8,7.44,6.1,649.1,48.5,5.39,0.158,0.101,3.76,,,Ⅲ
2023-04-06T20:00:00+08:00,1680782400,18.6,7.44,6.68,643.9,51.1,5.1,0.124,0.099,3.55,,,Ⅲ
2023-04-07T00:00:00+08:00,1680796800,18.1,7.37,5.23,649.4,53.1,5.07,0.205,0.098,3.81,,,Ⅲ
2023-04-07T04:00:00+08:00,1680811200,17.9,7.26,5.02,651.4,54.2,4.57,0.227,0.099,3.8,,,Ⅲ
2023-04-07T08:00:00+08:00,1680825600,17.9,7.35,5.67,646.2,57.2,5.45,0.153,0.108,3.57,,,Ⅲ
2023-04-07T12:00:00+08:00,1680840000,18.7,7.35,5.06,651.4,53.8,5.27,0.179,0.099,3.72,,,Ⅲ
2023-04-07T16:00:00+08:00,1680854400,19.6,7.31,5.21,654.0,53.9,5.06,0.219,0.106,3.81,,,Ⅲ
2023-04-07T20:00:00+08:00,1680868800,19.4,7.39,5.8,650.9,54.1,4.98,0.154,0.099,3.65,,,Ⅲ
2023-04-08T00:00:00+08:00,1680883200,18.9,7.34,4.85,657.0,55.1,4.71,0.206,0.099,3.78,,,Ⅳ
2023-04-08T04:00:00+08:00,1680897600,18.5,7.32,4.99,653.8,58.6,4.64,0.208,0.101,3.78,,,Ⅳ
2023-04-08T12:00:00+08:00,1680926400,19.5,7.41,5.07,653.4,77.1,5.26,0.15,0.104,3.56,,,Ⅲ
2023-04-08T16:00:00+08:00,1680940800,20.7,7.4,5.71,662.7,66.7,5.3,0.15,0.1,3.65,,,Ⅲ
2023-04-08T20:00:00+08:00,1680955200,20.5,7.5,5.05,654.2,63.0,5.32,0.149,0.096,3.73,,,Ⅲ
2023-04-09T04:00:00+08:00,1680984000,19.2,7.32,5.06,659.1,67.3,5.02,0.148,0.095,3.73,,,Ⅳ
2023-04-09T08:00:00+08:00,1680998400,19.0,7.4,4.17,659.3,73.5,4.71,0.161,0.095,3.75,,,Ⅲ
2023-04-09T12:00:00+08:00,1681012800,20.2,7.43,5.11,660.4,69.2,5.27,0.109,0.101,3.5,,,Ⅳ
2023-04-09T16:00:00+08:00,1681027200,21.2,7.5,6.05,661.3,70.3,5.56,0.099,0.096,3.61,,,Ⅲ
2023-04-09T20:00:00+08:00,1681041600,20.9,7.58,5.33,660.9,74.5,5.46,0.097,0.094,3.61,,,Ⅲ
2023-04-10T04:00:00+08:00,1681070400,19.7,7.37,4.93,659.7,77.6,4.83,0.107,0.09,3.65,,,Ⅲ
2023-04-10T08:00:00+08:00,1681084800,19.7,7.42,4.18,659.7,69.7,4.74,0.134,0.094,3.66,,,Ⅳ
2023-04-10T12:00:00+08:00,1681099200,21.0,7.52,5.45,659.9,80.4,5.44,0.087,0.104,3.51,,,Ⅳ
2023-04-10T16:00:00+08:00,1681113600,22.3,7.78,10.33,664.0,33.8,5.27,0.07,0.094,3.56,,,Ⅲ
2023-04-10T20:00:00+08:00,1681128000,22.0,7.7,10.14,662.4,34.2,5.88,0.087,0.117,3.62,,,Ⅲ
2023-04-11T04:00:00+08:00,1681156800,21.2,7.54,9.27,661.7,34.0,4.83,0.081,0.087,3.61,,,Ⅲ
2023-04-11T08:00:00+08:00,1681171200,21.2,7.47,9.05,661.9,38.1,4.69,0.09,0.088,3.62,,,Ⅲ
2023-04-11T12:00:00+08:00,1681185600,21.6,7.56,9.46,663.4,29.7,5.36,0.079,0.099,3.55,,,Ⅲ
2023-04-11T16:00:00+08:00,1681200000,22.0,7.59,9.55,663.3,28.4,5.25,0.06,0.091,3.55,,,Ⅲ
2023-04-11T20:00:00+08:00,1681214400,21.9,7.54,9.52,665.8,32.4,5.26,0.074,0.088,3.6,,,Ⅲ
2023-04-12T04:00:00+08:00,1681243200,21.1,7.41,8.68,663.5,33.4,4.76,0.088,0.086,3.62,,,Ⅲ
2023-04-12T08:00:00+08:00,1681257600,20.7,7.41,8.55,664.6,36.0,4.8,0.102,0.088,3.59,,,Ⅲ
2023-04-12T12:00:00+08:00,1681272000,21.6,7.59,9.44,662.8,31.6,5.55,0.087,0.095,3.54,,,Ⅲ
2023-04-12T16:00:00+08:00,1681286400,22.6,7.9,10.87,662.9,30.2,5.2,0.055,0.092,3.39,,,Ⅲ
2023-04-12T20:00:00+08:00,1681300800,22.1,7.84,10.43,671.0,32.2,5.54,0.051,0.091,3.43,,,Ⅲ
2023-04-13T04:00:00+08:00,1681329600,20.6,7.65,9.64,668.8,36.7,5.21,0.065,0.087,3.43,,,Ⅲ
2023-04-13T08:00:00+08:00,1681344000,20.3,7.65,9.46,667.7,38.5,4.69,0.069,0.089,3.48,,,Ⅲ
2023-04-13T12:00:00+08:00,1681358400,20.8,7.75,10.08,668.5,33.1,5.53,0.071,0.1,3.38,,,Ⅲ
2023-04-13T16:00:00+08:00,1681372800,20.8,7.8,10.27,669.4,34.7,5.38,0.046,0.092,3.34,,,Ⅲ
2023-04-13T20:00:00+08:00,1681387200,20.6,7.65,9.62,668.7,33.9,5.39,0.052,0.09,3.32,,,Ⅲ
2023-04-14T04:00:00+08:00,1681416000,20.2,7.49,8.75,664.5,39.9,5.1,0.076,0.086,3.34,,,Ⅲ
2023-04-14T08:00:00+08:00,1681430400,20.2,7.38,8.09,664.0,39.3,4.8,0.106,0.091,3.4,,,Ⅲ
2023-04-14T12:00:00+08:00,1681444800,20.5,7.47,8.69,663.1,46.2,5.02,0.098,0.097,3.31,,,Ⅲ
2023-04-14T16:00:00+08:00,1681459200,21.4,7.62,9.34,663.1,41.3,,0.082,0.096,3.28,,,
2023-04-14T20:00:00+08:00,1681473600,21.5,7.5,8.6,664.8,44.2,5.52,0.078,0.093,3.27,,,Ⅲ
2023-04-15T04:00:00+08:00,1681502400,21.2,7.43,8.23,665.8,46.8,5.1,0.119,0.094,3.41,,,Ⅲ
2023-04-15T08:00:00+08:00,1681516800,20.7,7.38,7.79,662.8,45.7,4.69,0.113,0.092,3.36,,,Ⅲ
2023-04-15T12:00:00+08:00,1681531200,21.1,7.39,8.14,661.8,46.8,5.15,0.105,0.094,3.3,,,Ⅲ
2023-04-15T16:00:00+08:00,1681545600,22.3,7.58,9.06,664.2,36.9,5.25,0.096,0.094,3.28,,,Ⅲ
2023-04-15T20:00:00+08:00,1681560000,22.2,7.53,8.8,662.1,48.7,5.21,0.079,0.092,3.25,,,Ⅲ
2023-04-16T04:00:00+08:00,1681588800,21.3,7.41,8.04,675.8,42.3,4.92,0.116,0.092,3.38,,,Ⅲ
2023-04-16T08:00:00+08:00,1681603200,21.1,7.39,7.91,667.9,53.5,4.53,0.108,0.089,3.37,,,Ⅲ
2023-04-16T12:00:00+08:00,1681617600,22.4,7.43,8.31,671.2,53.8,5.28,0.11,0.097,3.31,,,Ⅲ
2023-04-16T16:00:00+08:00,1681632000,24.0,7.63,9.05,671.6,51.5,5.28,0.1,0.101,3.21,,,Ⅲ
2023-04-16T20:00:00+08:00,1681646400,23.7,7.66,9.25,669.2,47.3,5.18,0.074,0.098,3.2,,,Ⅲ
2023-04-17T08:00:00+08:00,1681689600,21.9,7.46,8.08,674.5,43.1,4.71,0.081,0.093,3.16,,,Ⅲ
2023-04-17T12:00:00+08:00,1681704000,23.2,7.59,8.76,678.4,48.1,5.35,0.076,0.098,3.23,,,Ⅲ
2023-04-17T16:00:00+08:00,1681718400,24.8,7.8,9.53,673.5,50.0,5.56,0.081,0.098,3.11,,,Ⅲ
2023-04-17T20:00:00+08:00,1681732800,24.7,7.8,9.42,673.9,51.6,5.56,0.058,0.098,3.05,,,Ⅲ
2023-04-18T04:00:00+08:00,1681761600,23.7,7.6,8.43,675.0,49.0,5.39,0.063,0.093,3.05,,,Ⅲ
2023-04-18T08:00:00+08:00,1681776000,23.7,7.52,8.11,678.2,46.7,5.1,0.065,0.097,3.02,,,Ⅲ
2023-04-18T12:00:00+08:00,1681790400,24.8,7.68,8.83,672.7,51.3,5.56,0.058,0.098,3.07,,,Ⅲ
2023-04-18T16:00:00+08:00,1681804800,25.4,7.84,9.54,677.6,53.2,5.79,0.057,0.097,3.08,,,Ⅲ
2023-04-18T20:00:00+08:00,1681819200,25.3,7.79,9.14,675.6,50.4,5.74,0.05,0.096,3.01,,,Ⅲ
2023-04-19T04:00:00+08:00,1681848000,24.8,7.55,8.27,673.4,58.1,5.47,0.056,0.093,2.98,,,Ⅲ
2023-04-19T08:00:00+08:00,1681862400,24.6,7.48,7.57,677.8,134.4,5.01,0.058,0.095,2.96,,,Ⅲ
2023-04-19T12:00:00+08:00,1681876800,25.0,7.6,8.5,674.8,60.3,5.41,0.058,0.101,2.83,,,Ⅲ
2023-04-19T16:00:00+08:00,1681891200,25.2,7.75,8.96,676.6,58.6,5.76,0.048,0.096,2.9,,,Ⅲ
2023-04-19T20:00:00+08:00,1681905600,25.0,7.55,7.91,677.9,58.9,5.64,0.048,0.096,2.85,,,Ⅲ
2023-04-20T04:00:00+08:00,1681934400,24.2,7.49,7.67,685.2,68.2,5.16,0.061,0.099,2.85,,,Ⅲ
2023-04-20T08:00:00+08:00,1681948800,23.9,7.37,6.97,678.6,78.3,,0.086,0.106,2.72,,,
2023-04-20T12:00:00+08:00,1681963200,24.1,7.41,7.5,681.0,73.4,,0.069,0.102,2.76,,,
2023-04-20T16:00:00+08:00,1681977600,24.8,7.48,7.88,693.1,70.8,,0.069,0.102,2.76,,,
2023-04-20T20:00:00+08:00,1681992000,24.6,7.9,8.52,680.2,40.7,,0.065,,2.8,,,
2023-04-21T04:00:00+08:00,1682020800,23.6,7.84,7.87,694.2,45.7,5.98,0.069,0.099,2.75,,,Ⅲ
2023-04-21T08:00:00+08:00,1682035200,23.4,7.68,7.18,682.1,61.8,6.24,0.103,0.113,2.63,,,Ⅲ
2023-04-21T12:00:00+08:00,1682049600,23.6,7.82,7.87,684.6,49.5,6.35,0.08,0.106,2.6,,,Ⅳ
2023-04-21T16:00:00+08:00,1682064000,24.5,7.99,8.94,683.5,50.0,5.09,0.063,0.102,2.7,,,Ⅳ
2023-04-21T20:00:00+08:00,1682078400,24.2,7.89,8.31,684.8,52.8,4.89,0.083,0.112,2.59,,,Ⅲ
2023-04-22T04:00:00+08:00,1682107200,22.3,7.88,8.06,687.1,53.7,4.74,0.078,0.101,2.65,,,Ⅲ
2023-04-22T08:00:00+08:00,1682121600,22.3,7.74,7.19,686.1,68.0,5.17,0.103,0.117,2.66,,,Ⅲ
2023-04-22T12:00:00+08:00,1682136000,23.3,7.81,7.88,686.4,51.5,5.3,0.078,0.112,2.55,,,Ⅲ
2023-04-22T16:00:00+08:00,1682150400,24.2,8.11,9.33,690.4,61.8,5.49,0.065,0.108,2.54,,,Ⅲ
2023-04-22T20:00:00+08:00,1682164800,23.9,8.02,8.77,686.8,65.7,5.07,0.065,0.108,2.54,,,Ⅲ
2023-04-23T04:00:00+08:00,1682193600,22.8,8.01,8.48,692.3,81.1,4.84,0.066,0.102,2.55,,,Ⅲ
2023-04-23T08:00:00+08:00,1682208000,22.3,7.88,7.9,688.7,108.4,6.21,0.09,0.121,2.51,,,Ⅳ
2023-04-23T12:00:00+08:00,1682222400,22.1,7.9,7.96,689.7,88.3,,0.07,0.111,2.44,,,
2023-04-23T16:00:00+08:00,1682236800,21.8,8.05,8.54,695.1,89.8,,0.072,0.109,2.48,,,
2023-04-23T20:00:00+08:00,1682251200,21.5,7.96,8.29,689.4,113.2,,0.078,0.111,2.43,,,
2023-04-24T04:00:00+08:00,1682280000,20.7,7.92,7.81,688.8,121.3,,0.089,0.104,2.47,,,
2023-04-24T08:00:00+08:00,1682294400,20.6,7.86,7.47,687.1,149.9,,0.108,0.126,2.44,,,
2023-04-24T12:00:00+08:00,1682308800,20.6,7.83,7.41,687.7,154.2,,0.092,0.111,2.39,,,
2023-04-24T16:00:00+08:00,1682323200,20.3,7.95,8.33,687.7,154.5,,0.107,0.112,2.39,,,
2023-04-24T20:00:00+08:00,1682337600,20.1,7.9,7.94,688.7,163.7,,0.097,0.112,2.38,,,
2023-04-25T04:00:00+08:00,1682366400,19.5,7.84,7.83,683.2,171.5,4.9,0.109,0.103,2.45,,,Ⅲ
2023-04-25T08:00:00+08:00,1682380800,19.5,7.82,7.4,689.8,186.8,5.54,0.102,0.116,2.33,,,Ⅲ
2023-04-25T12:00:00+08:00,1682395200,19.8,7.81,7.61,687.7,176.9,5.06,0.089,0.108,2.35,,,Ⅲ
2023-04-25T16:00:00+08:00,1682409600,19.7,7.79,7.9,674.5,190.1,4.92,0.104,0.102,2.48,,,Ⅲ
2023-04-25T20:00:00+08:00,1682424000,19.6,7.75,7.26,677.0,192.4,5.01,0.117,0.102,2.51,,,Ⅲ
2023-04-26T04:00:00+08:00,1682452800,19.3,7.57,7.22,672.2,54.6,4.62,0.178,0.103,2.57,,,Ⅲ
2023-04-26T08:00:00+08:00,1682467200,19.3,7.56,6.49,675.2,63.8,5.38,0.165,0.114,2.51,,,Ⅲ
2023-04-26T12:00:00+08:00,1682481600,20.5,7.67,7.77,678.6,64.4,5.1,0.146,0.108,2.51,,,Ⅲ
2023-04-26T16:00:00+08:00,1682496000,21.7,7.54,7.28,679.7,56.8,4.92,0.159,0.106,2.57,,,Ⅲ
2023-04-26T20:00:00+08:00,1682510400,21.9,7.57,7.31,685.0,63.0,4.87,0.169,0.105,2.63,,,Ⅲ
2023-04-27T04:00:00+08:00,1682539200,20.6,7.57,6.87,696.3,59.6,4.59,0.195,0.104,2.7,,,Ⅲ
2023-04-27T08:00:00+08:00,1682553600,20.5,7.58,6.55,703.4,63.0,,0.16,0.108,2.58,,,
2023-04-27T12:00:00+08:00,1682568000,21.8,7.63,7.55,708.2,56.1,5.49,0.139,0.107,2.57,,,Ⅲ
2023-04-27T16:00:00+08:00,1682582400,22.9,7.65,7.7,708.9,58.3,5.71,0.14,0.108,2.56,,,Ⅲ
2023-04-27T20:00:00+08:00,1682596800,22.6,7.71,8.11,702.0,64.3,4.88,0.148,0.107,2.59,,,Ⅲ
2023-04-28T04:00:00+08:00,1682625600,21.5,7.66,7.27,699.1,75.9,4.78,0.167,0.11,2.6,,,Ⅲ
2023-04-28T08:00:00+08:00,1682640000,21.3,7.62,7.14,693.3,79.0,5.52,0.153,0.113,2.57,,,Ⅲ
2023-04-28T12:00:00+08:00,1682654400,22.4,7.64,7.47,694.8,71.8,5.08,0.125,0.104,2.51,,,Ⅲ
2023-04-28T16:00:00+08:00,1682668800,23.9,7.68,7.59,693.7,64.9,5.05,0.123,0.101,2.65,,,Ⅲ
2023-04-28T20:00:00+08:00,1682683200,24.2,7.71,7.94,697.1,73.3,4.88,0.138,0.105,2.7,,,Ⅲ
2023-04-29T04:00:00+08:00,1682712000,23.6,7.61,6.91,701.3,75.8,4.72,0.14,0.11,2.64,,,Ⅲ
2023-04-29T08:00:00+08:00,1682726400,23.0,7.54,6.45,695.9,82.3,5.0,0.145,0.107,2.68,,,Ⅲ
2023-04-29T12:00:00+08:00,1682740800,23.0,7.58,6.68,697.7,77.7,5.05,0.132,0.107,2.58,,,Ⅲ
2023-04-29T16:00:00+08:00,1682755200,22.7,7.64,7.27,694.3,88.3,4.93,0.14,0.105,2.58,,,Ⅲ
2023-04-29T20:00:00+08:00,1682769600,22.1,7.65,7.24,699.0,100.2,4.92,0.185,0.109,2.73,,,Ⅲ
2023-04-30T04:00:00+08:00,1682798400,21.1,7.62,6.93,701.0,97.4,4.66,0.189,0.106,2.73,,,Ⅲ
2023-04-30T08:00:00+08:00,1682812800,20.9,7.56,6.33,700.2,104.0,5.1,0.169,0.104,2.72,,,Ⅲ
2023-04-30T12:00:00+08:00,1682827200,22.0,7.54,6.35,702.3,113.2,5.09,0.157,0.104,2.66,,,Ⅲ
2023-04-30T16:00:00+08:00,1682841600,23.8,7.67,7.91,700.4,104.8,5.15,0.117,0.1,2.62,,,Ⅲ
2023-04-30T20:00:00+08:00,1682856000,23.4,7.61,7.08,703.5,127.5,5.05,0.168,0.105,2.71,,,Ⅲ
2023-05-01T04:00:00+08:00,1682884800,22.8,7.6,6.97,703.1,150.4,4.83,0.18,0.105,2.7,,,Ⅲ
2023-05-01T08:00:00+08:00,1682899200,22.3,7.56,6.43,697.9,163.2,5.31,0.177,0.106,2.67,,,Ⅲ
2023-05-01T12:00:00+08:00,1682913600,23.4,7.53,6.52,700.1,171.0,5.21,0.162,0.107,2.58,,,Ⅲ
2023-05-01T16:00:00+08:00,1682928000,25.1,7.66,7.34,698.6,62.0,5.41,0.142,0.111,2.55,,,Ⅲ
2023-05-01T20:00:00+08:00,1682942400,24.6,7.64,7.38,698.4,66.2,5.16,0.142,0.109,2.61,,,Ⅲ
2023-05-02T04:00:00+08:00,1682971200,23.0,7.58,6.77,697.1,73.9,4.88,0.144,0.11,2.54,,,Ⅲ
2023-05-02T08:00:00+08:00,1682985600,22.6,7.6,6.75,698.1,65.8,5.44,0.132,0.108,2.55,,,Ⅲ
2023-05-02T12:00:00+08:00,1683000000,23.7,7.64,7.37,698.5,68.4,5.44,0.139,0.107,2.61,,,Ⅲ
2023-05-02T16:00:00+08:00,1683014400,25.3,7.76,8.01,698.8,64.1,5.32,0.097,0.107,2.44,,,Ⅲ
2023-05-02T20:00:00+08:00,1683028800,24.8,7.79,7.81,698.9,68.2,5.15,0.114,0.109,2.48,,,Ⅲ
2023-05-03T04:00:00+08:00,1683057600,23.8,7.72,7.06,698.2,73.0,4.85,0.106,0.106,2.43,,,Ⅲ
2023-05-03T08:00:00+08:00,1683072000,23.8,7.73,6.63,699.4,67.5,5.36,0.097,0.106,2.43,,,Ⅲ
2023-05-03T12:00:00+08:00,1683086400,24.5,7.75,7.39,697.9,58.3,5.06,0.084,0.104,2.38,,,Ⅲ
2023-05-03T16:00:00+08:00,1683100800,25.2,7.83,7.74,699.1,70.0,4.62,0.085,0.112,2.37,,,Ⅲ
2023-05-03T20:00:00+08:00,1683115200,25.0,7.8,7.55,699.9,60.5,4.33,0.085,0.106,2.33,,,Ⅲ
2023-05-04T04:00:00+08:00,1683144000,24.6,7.68,6.63,694.2,72.0,5.12,0.101,0.106,2.34,,,Ⅲ
2023-05-04T08:00:00+08:00,1683158400,24.5,7.71,6.66,686.4,67.6,5.68,0.095,0.108,2.25,,,Ⅲ
2023-05-04T12:00:00+08:00,1683172800,25.2,7.71,6.88,687.5,64.5,5.93,0.098,0.109,2.36,,,Ⅲ
2023-05-04T16:00:00+08:00,1683187200,26.3,7.76,7.08,687.9,73.4,5.46,0.098,0.109,2.34,,,Ⅲ
2023-05-04T20:00:00+08:00,1683201600,26.4,7.77,7.01,689.0,64.9,5.19,0.097,0.103,2.27,,,Ⅲ
2023-05-05T00:00:00+08:00,1683216000,26.2,7.7,6.66,678.4,66.5,5.19,0.097,0.103,2.27,,,Ⅲ
2023-05-05T04:00:00+08:00,1683230400,26.1,7.64,5.76,676.4,85.5,5.47,0.128,0.122,2.24,,,Ⅲ
2023-05-05T08:00:00+08:00,1683244800,25.8,7.6,5.88,666.8,71.8,5.67,0.118,0.119,2.12,,,Ⅲ
2023-05-05T12:00:00+08:00,1683259200,26.0,7.55,5.77,637.9,65.4,6.28,0.129,0.133,2.37,,,Ⅳ
2023-05-05T16:00:00+08:00,1683273600,26.6,7.58,5.63,660.5,76.6,5.91,0.141,0.127,2.52,,,Ⅲ
2023-05-05T20:00:00+08:00,1683288000,26.5,7.59,6.09,647.1,76.3,,0.14,0.121,2.43,,,
2023-05-06T00:00:00+08:00,1683302400,26.1,7.57,5.38,670.2,76.1,,0.14,0.121,2.43,,,
2023-05-06T04:00:00+08:00,1683316800,25.9,7.56,5.34,666.6,78.9,,0.177,0.126,2.45,,,
2023-05-06T08:00:00+08:00,1683331200,25.7,7.46,4.38,642.5,68.3,5.67,0.159,0.125,2.48,,,Ⅳ
2023-05-06T12:00:00+08:00,1683345600,25.8,7.44,4.25,652.8,69.0,5.86,0.195,0.13,2.59,,,Ⅳ
2023-05-06T16:00:00+08:00,1683360000,25.6,7.48,4.82,661.0,64.2,5.76,0.199,0.133,2.71,,,Ⅳ
2023-05-06T20:00:00+08:00,1683374400,25.5,7.44,4.44,646.6,66.4,5.45,0.201,0.128,2.63,,,Ⅳ
2023-05-07T04:00:00+08:00,1683403200,24.2,7.46,4.46,665.0,76.7,5.57,0.268,0.141,2.67,,,Ⅳ
2023-05-07T08:00:00+08:00,1683417600,23.9,7.44,4.13,632.5,78.7,5.85,0.237,0.137,2.78,,,Ⅳ
2023-05-07T12:00:00+08:00,1683432000,23.7,7.46,4.12,633.6,74.7,6.28,0.226,0.138,2.64,,,Ⅳ
2023-05-07T16:00:00+08:00,1683446400,23.7,7.48,4.7,654.6,69.7,5.93,0.26,0.147,2.78,,,Ⅳ
2023-05-07T20:00:00+08:00,1683460800,23.3,7.49,4.65,641.1,75.5,5.79,0.251,0.135,2.7,,,Ⅳ
2023-05-08T04:00:00+08:00,1683489600,22.2,7.48,4.54,638.1,85.1,5.67,0.332,0.152,2.78,,,Ⅳ
2023-05-08T08:00:00+08:00,1683504000,22.2,7.46,4.08,635.7,106.5,6.28,0.268,0.148,2.76,,,Ⅳ
2023-05-08T12:00:00+08:00,1683518400,23.2,7.44,3.81,640.7,80.9,6.08,0.257,0.141,2.7,,,Ⅳ
2023-05-08T16:00:00+08:00,1683532800,23.9,7.46,4.83,644.1,80.5,6.05,0.27,0.146,2.73,,,Ⅳ
2023-05-08T20:00:00+08:00,1683547200,23.7,7.46,4.45,642.3,84.8,5.94,0.246,0.139,2.75,,,Ⅳ
2023-05-09T04:00:00+08:00,1683576000,22.3,7.43,4.05,634.1,91.0,5.55,0.351,0.152,2.83,,,Ⅳ
2023-05-09T08:00:00+08:00,1683590400,22.3,7.46,3.95,636.6,103.3,6.32,0.264,0.15,2.73,,,Ⅳ
2023-05-09T12:00:00+08:00,1683604800,23.3,7.43,4.43,637.8,77.0,6.07,0.253,0.138,2.69,,,Ⅳ
2023-05-09T16:00:00+08:00,1683619200,24.7,7.4,4.34,634.8,72.0,6.28,0.271,0.146,2.74,,,Ⅳ
2023-05-10T12:00:00+08:00,1683691200,23.7,7.39,4.12,630.0,71.7,6.28,0.252,0.139,2.66,,,Ⅳ
2023-05-10T16:00:00+08:00,1683705600,24.1,7.39,4.15,627.2,74.9,5.95,0.271,0.147,2.66,,,Ⅳ
2023-05-10T20:00:00+08:00,1683720000,23.6,7.4,3.58,626.9,101.4,5.81,0.288,0.15,2.68,,,Ⅳ
2023-05-11T00:00:00+08:00,1683734400,23.2,7.41,4.02,627.6,71.9,5.67,0.306,0.142,2.66,,,Ⅳ
2023-05-11T04:00:00+08:00,1683748800,22.8,7.4,3.84,628.1,77.8,5.23,0.326,0.145,2.71,,,Ⅳ
2023-05-11T12:00:00+08:00,1683777600,22.8,7.4,3.71,628.4,63.6,5.82,0.282,0.149,2.63,,,Ⅴ
2023-05-11T16:00:00+08:00,1683792000,22.8,7.4,3.82,628.7,74.5,5.78,0.267,0.141,2.57,,,Ⅳ
2023-05-11T20:00:00+08:00,1683806400,22.7,7.41,3.85,630.7,65.8,5.67,0.259,0.14,2.58,,,Ⅳ
2023-05-12T04:00:00+08:00,1683835200,22.3,7.37,2.8,633.9,76.7,5.2,0.306,0.131,2.6,,,Ⅳ
2023-05-12T08:00:00+08:00,1683849600,22.2,7.38,3.22,632.6,77.6,5.02,0.31,0.133,2.64,,,Ⅴ
2023-05-12T12:00:00+08:00,1683864000,22.7,7.36,3.05,632.3,73.0,5.59,0.255,0.136,2.54,,,Ⅳ
2023-05-12T16:00:00+08:00,1683878400,23.8,7.36,3.5,634.3,76.0,5.73,0.248,0.137,2.47,,,Ⅳ
2023-05-12T20:00:00+08:00,1683892800,23.7,7.39,3.84,640.0,75.8,5.53,0.216,0.133,2.45,,,Ⅳ
2023-05-13T04:00:00+08:00,1683921600,23.0,7.34,3.26,643.9,75.6,4.95,0.235,0.124,2.56,,,Ⅳ
2023-05-13T08:00:00+08:00,1683936000,22.7,7.34,3.39,635.6,72.3,4.98,0.241,0.131,2.54,,,Ⅳ
2023-05-13T12:00:00+08:00,1683950400,24.1,7.33,3.68,637.7,72.0,5.49,0.193,0.131,2.41,,,Ⅳ
2023-05-13T16:00:00+08:00,1683964800,25.5,7.4,6.31,639.6,43.6,5.55,0.179,0.131,2.39,,,Ⅳ
2023-05-13T20:00:00+08:00,1683979200,25.0,7.45,6.21,643.2,54.7,5.7,0.146,0.12,2.37,,,Ⅲ
2023-05-14T04:00:00+08:00,1684008000,24.5,7.34,5.79,647.3,58.5,5.11,0.174,0.119,2.48,,,Ⅲ
2023-05-14T08:00:00+08:00,1684022400,24.2,7.32,5.07,646.8,51.9,5.02,0.185,0.125,2.47,,,Ⅲ
2023-05-14T12:00:00+08:00,1684036800,25.5,7.39,6.24,647.2,54.5,5.37,0.155,0.121,2.46,,,Ⅲ
2023-05-14T16:00:00+08:00,1684051200,27.4,7.52,6.88,647.7,39.6,5.5,0.142,0.122,2.44,,,Ⅲ
2023-05-14T20:00:00+08:00,1684065600,26.7,7.46,6.5,653.1,50.6,5.49,0.101,0.113,2.39,,,Ⅲ
2023-05-15T04:00:00+08:00,1684094400,25.9,7.42,5.7,654.5,44.6,5.0,0.147,0.114,,,,Ⅲ
2023-05-15T08:00:00+08:00,1684108800,25.9,7.39,5.47,655.0,51.6,4.86,0.145,0.11,2.49,,,Ⅲ
2023-05-15T12:00:00+08:00,1684123200,27.0,7.45,6.02,653.4,51.0,5.53,0.129,0.118,2.46,,,Ⅲ
2023-05-15T16:00:00+08:00,1684137600,28.6,7.58,7.15,655.6,47.0,5.21,0.112,0.112,2.42,,,Ⅲ
2023-05-15T20:00:00+08:00,1684152000,28.3,7.66,7.47,656.0,50.0,5.5,0.082,0.11,2.37,,,Ⅲ
2023-05-16T04:00:00+08:00,1684180800,27.2,7.54,6.42,651.9,47.9,5.05,0.093,0.109,2.39,,,Ⅲ
2023-05-16T08:00:00+08:00,1684195200,26.7,7.52,5.84,656.0,43.0,5.09,0.09,0.112,2.24,,,Ⅲ
2023-05-16T12:00:00+08:00,1684209600,27.8,7.56,6.69,657.8,38.6,5.42,0.082,0.11,2.33,,,Ⅲ
2023-05-17T08:00:00+08:00,1684281600,26.9,7.6,6.34,651.5,52.7,5.59,0.08,0.117,2.08,,,Ⅲ
2023-05-17T12:00:00+08:00,1684296000,26.7,7.6,6.39,652.3,46.2,5.26,0.075,0.114,2.13,,,Ⅲ
2023-05-17T16:00:00+08:00,1684310400,26.4,7.7,6.63,625.2,52.2,5.28,0.081,0.12,2.07,,,Ⅲ
2023-05-17T20:00:00+08:00,1684324800,26.3,7.65,6.4,616.3,51.4,5.31,0.092,0.119,2.04,,,Ⅲ
2023-05-18T00:00:00+08:00,1684339200,25.9,7.54,5.55,613.8,64.5,5.57,0.173,0.141,2.47,,,Ⅲ
2023-05-18T04:00:00+08:00,1684353600,25.7,7.51,5.14,612.5,68.6,5.52,0.15,0.146,2.25,,,Ⅲ
2023-05-18T08:00:00+08:00,1684368000,25.5,7.5,5.17,604.6,59.5,5.52,0.15,0.146,2.25,,,Ⅲ
2023-05-18T12:00:00+08:00,1684382400,25.7,7.46,4.9,611.3,58.0,5.52,0.151,0.149,2.58,,,Ⅳ
2023-05-18T16:00:00+08:00,1684396800,25.6,7.42,4.37,609.9,60.1,5.59,0.166,0.149,2.66,,,Ⅳ
2023-05-18T20:00:00+08:00,1684411200,25.3,7.45,4.69,610.3,63.4,5.7,0.196,0.145,2.67,,,Ⅳ
2023-05-19T04:00:00+08:00,1684440000,24.6,7.38,3.65,607.8,73.1,5.73,0.246,0.165,2.68,,,Ⅳ
2023-05-19T08:00:00+08:00,1684454400,24.5,7.38,3.81,603.8,56.9,5.83,0.196,0.144,2.55,,,Ⅳ
2023-05-19T12:00:00+08:00,1684468800,25.0,7.38,4.02,604.7,54.3,5.37,0.188,0.143,2.66,,,Ⅳ
2023-05-19T16:00:00+08:00,1684483200,23.7,7.18,4.38,607.1,59.4,5.6,0.185,0.149,2.63,,,Ⅳ
2023-05-19T20:00:00+08:00,1684497600,23.5,7.25,7.73,606.5,48.8,5.47,0.22,0.146,2.68,,,Ⅲ
2023-05-20T04:00:00+08:00,1684526400,22.7,7.27,5.23,607.8,61.3,5.45,0.289,0.159,2.71,,,Ⅲ
2023-05-20T08:00:00+08:00,1684540800,22.7,7.25,4.49,606.7,53.4,5.8,0.206,0.145,2.54,,,Ⅳ
2023-05-20T12:00:00+08:00,1684555200,23.1,7.28,4.54,604.4,48.6,5.85,0.207,0.146,2.6,,,Ⅳ
2023-05-20T16:00:00+08:00,1684569600,23.8,7.24,4.71,606.5,49.7,6.29,0.236,0.153,2.6,,,Ⅳ
2023-05-20T20:00:00+08:00,1684584000,23.6,7.27,4.75,607.6,47.6,5.68,0.217,0.146,2.6,,,Ⅳ
2023-05-21T04:00:00+08:00,1684612800,22.8,7.22,4.38,608.8,66.6,5.72,0.347,0.166,2.68,,,Ⅳ
2023-05-21T08:00:00+08:00,1684627200,22.8,7.26,4.21,609.6,59.2,5.91,0.213,0.146,2.48,,,Ⅳ
2023-05-21T12:00:00+08:00,1684641600,23.7,7.19,4.21,608.1,56.7,5.99,0.227,0.146,2.46,,,Ⅳ
2023-05-21T16:00:00+08:00,1684656000,24.8,7.22,4.75,611.6,51.0,5.81,,,2.58,,,
2023-05-21T20:00:00+08:00,1684670400,24.6,7.25,4.76,611.1,50.9,5.47,0.241,0.147,2.48,,,Ⅳ
2023-05-22T04:00:00+08:00,1684699200,23.9,7.23,4.41,610.8,57.9,5.36,0.364,0.161,2.62,,,Ⅳ
2023-05-22T08:00:00+08:00,1684713600,23.6,7.26,4.58,607.6,75.4,5.67,0.23,0.152,2.38,,,Ⅳ
2023-05-22T12:00:00+08:00,1684728000,23.1,7.36,5.32,601.6,65.4,5.06,0.239,0.152,2.36,,,Ⅲ
2023-05-22T16:00:00+08:00,1684742400,23.0,7.35,5.26,605.3,58.7,5.22,0.323,0.157,2.58,,,Ⅲ
2023-05-22T20:00:00+08:00,1684756800,22.9,7.33,5.03,605.8,64.5,5.0,0.281,0.145,2.48,,,Ⅲ
2023-05-23T04:00:00+08:00,1684785600,21.7,7.31,4.38,605.6,64.8,,0.354,0.152,2.6,,,
2023-05-23T08:00:00+08:00,1684800000,21.8,7.3,4.2,605.5,80.4,,0.287,0.161,2.42,,,
2023-05-24T16:00:00+08:00,1684915200,22.5,7.28,4.18,607.8,49.2,6.11,0.218,0.141,2.37,,,Ⅳ
2023-05-25T12:00:00+08:00,1684987200,22.5,7.16,3.91,612.9,51.2,6.32,0.229,0.154,2.3,,,Ⅳ
2023-05-25T16:00:00+08:00,1685001600,24.3,7.23,6.98,615.3,59.3,5.86,0.205,0.138,2.26,,,Ⅲ
2023-05-25T20:00:00+08:00,1685016000,23.9,7.23,5.57,618.3,49.8,5.93,0.189,0.143,2.3,,,Ⅲ
2023-05-26T04:00:00+08:00,1685044800,23.0,7.29,5.56,621.0,64.7,5.43,0.219,0.136,2.4,,,Ⅲ
2023-05-26T08:00:00+08:00,1685059200,23.1,7.26,5.31,619.8,55.7,5.29,0.208,0.137,2.42,,,Ⅲ
2023-05-26T12:00:00+08:00,1685073600,24.2,7.22,5.34,619.4,53.3,,0.152,0.126,2.46,,,
2023-05-26T16:00:00+08:00,1685088000,25.6,7.33,6.3,623.8,57.9,5.13,0.131,0.129,2.56,,,Ⅲ
2023-05-26T20:00:00+08:00,1685102400,25.3,7.34,6.12,624.5,53.4,4.68,0.146,0.129,2.61,,,Ⅲ
2023-05-27T00:00:00+08:00,1685116800,24.9,7.37,6.01,607.5,56.2,4.35,0.165,0.131,2.52,,,Ⅲ
2023-05-27T04:00:00+08:00,1685131200,24.5,7.37,6.25,609.6,63.4,4.55,0.168,0.138,2.57,,,Ⅲ
2023-05-27T08:00:00+08:00,1685145600,24.5,7.31,5.42,613.9,63.9,4.95,0.145,0.135,2.6,,,Ⅲ
2023-05-27T12:00:00+08:00,1685160000,25.2,7.31,5.5,606.1,57.8,4.59,0.118,0.13,2.47,,,Ⅲ
2023-05-27T16:00:00+08:00,1685174400,25.6,7.37,6.31,606.1,47.8,4.63,0.106,0.126,2.58,,,Ⅲ
2023-05-27T20:00:00+08:00,1685188800,25.4,7.37,6.2,608.2,60.2,4.63,0.151,0.135,2.84,,,Ⅲ
2023-05-28T00:00:00+08:00,1685203200,25.2,7.34,5.65,603.3,53.9,4.66,0.162,0.136,2.81,,,Ⅲ
2023-05-28T04:00:00+08:00,1685217600,24.8,7.3,5.43,592.1,61.8,,0.164,0.146,2.72,,,
2023-05-28T08:00:00+08:00,1685232000,24.8,7.25,4.77,593.4,52.3,5.16,0.135,0.15,2.61,,,Ⅳ
2023-05-28T12:00:00+08:00,1685246400,25.9,7.25,4.89,594.0,57.8,4.79,0.133,0.146,2.6,,,Ⅳ
2023-05-28T16:00:00+08:00,1685260800,27.7,7.41,6.57,598.9,48.4,4.95,0.104,0.137,2.66,,,Ⅲ
2023-05-28T20:00:00+08:00,1685275200,27.8,7.44,6.45,598.0,60.7,4.82,0.15,0.145,2.7,,,Ⅲ
2023-05-29T00:00:00+08:00,1685289600,27.3,7.38,5.8,597.4,52.3,4.68,0.156,0.136,2.68,,,Ⅲ
2023-05-29T04:00:00+08:00,1685304000,26.8,7.34,5.36,597.9,66.1,4.53,0.194,0.147,2.67,,,Ⅲ
2023-05-29T12:00:00+08:00,1685332800,27.7,7.24,4.79,597.0,54.7,4.96,0.13,0.141,2.6,,,Ⅳ
2023-05-29T16:00:00+08:00,1685347200,28.9,7.34,5.92,597.0,51.3,4.7,0.115,0.13,2.59,,,Ⅲ
2023-05-29T20:00:00+08:00,1685361600,28.7,7.37,5.83,581.8,65.9,4.54,0.2,0.138,2.69,,,Ⅲ
2023-05-30T00:00:00+08:00,1685376000,28.2,7.28,5.16,575.4,71.2,4.96,0.225,0.161,2.7,,,Ⅲ
2023-05-30T04:00:00+08:00,1685390400,27.8,7.19,4.24,571.2,73.2,5.1,0.258,0.169,2.91,,,Ⅳ
2023-05-30T08:00:00+08:00,1685404800,27.0,7.1,3.25,569.9,73.2,5.73,0.209,0.182,2.88,,,Ⅳ
2023-05-30T12:00:00+08:00,1685419200,27.2,7.08,3.34,565.6,66.6,6.01,0.195,0.184,2.98,,,Ⅳ
2023-05-30T16:00:00+08:00,1685433600,28.0,7.14,3.57,571.9,60.0,5.65,0.17,0.171,2.92,,,Ⅳ
2023-05-30T20:00:00+08:00,1685448000,27.9,7.07,3.41,553.5,63.5,6.14,0.204,0.194,3.08,,,Ⅳ
2023-05-31T00:00:00+08:00,1685462400,27.6,7.02,2.87,548.1,72.9,5.91,0.267,0.201,3.17,,,Ⅳ
2023-05-31T04:00:00+08:00,1685476800,27.3,7.05,2.91,562.9,53.9,5.25,0.199,0.175,2.86,,,Ⅴ
2023-05-31T08:00:00+08:00,1685491200,26.9,6.99,1.88,546.6,55.9,6.17,0.251,0.192,3.02,,,劣Ⅴ
2023-05-31T12:00:00+08:00,1685505600,26.7,6.99,2.17,539.5,53.0,6.11,0.294,0.2,3.11,,,Ⅴ
2023-05-31T16:00:00+08:00,1685520000,27.5,7.02,2.73,548.4,47.8,5.97,0.195,0.183,2.97,,,Ⅴ
2023-05-31T20:00:00+08:00,1685534400,27.0,7.02,2.71,534.3,62.9,5.84,0.327,0.205,3.19,,,Ⅴ
2023-06-01T00:00:00+08:00,1685548800,26.7,6.98,2.1,545.8,66.4,5.95,0.381,0.209,3.1,,,Ⅴ
2023-06-01T04:00:00+08:00,1685563200,26.5,6.99,2.04,548.2,66.9,,0.294,0.192,2.86,,,
2023-06-01T08:00:00+08:00,1685577600,26.4,7.01,2.18,543.4,64.3,6.17,0.292,0.197,2.87,,,Ⅴ
2023-06-01T12:00:00+08:00,1685592000,27.0,6.94,2.1,542.6,57.6,6.04,0.328,0.208,2.93,,,Ⅴ
2023-06-02T12:00:00+08:00,1685678400,28.3,6.94,2.02,557.4,53.8,5.91,0.308,0.198,2.85,,,Ⅴ
2023-06-03T20:00:00+08:00,1685793600,28.1,7.29,6.34,606.6,41.8,,0.273,0.178,2.66,,,
2023-06-04T00:00:00+08:00,1685808000,27.5,7.22,5.27,604.6,59.1,5.76,0.367,0.191,2.88,,,
2023-06-04T04:00:00+08:00,1685822400,26.8,7.11,4.84,611.3,51.1,,0.334,0.192,2.74,,,
2023-06-04T08:00:00+08:00,1685836800,26.4,7.13,4.77,607.7,49.1,,0.203,0.171,2.32,,,
2023-06-04T12:00:00+08:00,1685851200,26.4,7.12,5.44,611.0,47.4,,0.247,0.17,2.48,,,
2023-06-04T16:00:00+08:00,1685865600,26.8,7.09,5.65,615.1,41.9,6.12,0.28,0.18,2.68,,,Ⅳ
2023-06-04T20:00:00+08:00,1685880000,26.5,7.13,5.71,611.1,47.9,5.5,0.29,0.172,2.59,,,Ⅲ
2023-06-05T00:00:00+08:00,1685894400,26.0,7.1,5.73,614.1,53.0,5.36,0.301,0.18,2.62,,,Ⅲ
2023-06-05T04:00:00+08:00,1685908800,25.6,7.2,5.37,610.5,63.6,5.04,0.31,0.178,2.61,,,Ⅲ
2023-06-05T08:00:00+08:00,1685923200,25.6,7.15,5.06,613.3,52.4,5.99,0.211,0.171,2.23,,,Ⅲ
2023-06-05T12:00:00+08:00,1685937600,25.9,7.13,5.4,612.5,49.6,5.56,0.208,0.164,2.31,,,Ⅲ
2023-06-05T16:00:00+08:00,1685952000,26.1,7.24,5.61,608.5,62.0,5.35,0.257,0.173,2.51,,,Ⅲ
2023-06-05T20:00:00+08:00,1685966400,25.8,7.11,5.62,611.7,50.5,5.55,0.24,0.159,2.36,,,Ⅲ
2023-06-06T00:00:00+08:00,1685980800,25.2,7.12,5.74,612.1,51.3,5.0,0.25,0.164,2.46,,,Ⅲ
2023-06-06T04:00:00+08:00,1685995200,24.8,7.15,5.31,615.8,62.4,5.0,0.306,0.169,2.61,,,Ⅲ
2023-06-06T08:00:00+08:00,1686009600,24.5,7.16,5.17,608.2,62.4,6.04,0.213,0.162,2.23,,,Ⅳ
2023-06-06T12:00:00+08:00,1686024000,24.4,7.13,5.45,610.2,45.7,5.86,0.208,0.157,2.25,,,Ⅲ
2023-06-06T16:00:00+08:00,1686038400,24.6,7.15,5.68,612.6,47.5,5.01,0.235,0.163,2.51,,,Ⅲ
2023-06-06T20:00:00+08:00,1686052800,24.6,7.12,5.5,613.0,46.7,5.43,0.255,0.154,2.43,,,Ⅲ
2023-06-07T00:00:00+08:00,1686067200,24.3,7.12,5.37,617.0,45.8,4.96,0.263,0.155,2.53,,,Ⅲ
2023-06-07T04:00:00+08:00,1686081600,23.9,7.1,4.92,617.5,57.1,4.98,0.31,0.165,2.67,,,Ⅳ
2023-06-07T08:00:00+08:00,1686096000,23.7,7.16,4.93,610.2,65.4,5.98,0.23,0.164,2.3,,,Ⅳ
2023-06-07T12:00:00+08:00,1686110400,24.4,7.14,5.25,608.8,55.9,5.69,0.217,0.156,2.29,,,Ⅲ
2023-06-07T16:00:00+08:00,1686124800,24.9,7.07,5.41,615.2,44.0,5.49,0.249,0.161,2.58,,,Ⅲ
2023-06-07T20:00:00+08:00,1686139200,25.0,7.05,5.34,618.3,43.2,5.02,0.293,0.152,2.64,,,Ⅲ
2023-06-08T00:00:00+08:00,1686153600,24.9,7.07,5.23,611.8,51.5,5.04,0.285,0.162,2.51,,,Ⅲ
2023-06-08T08:00:00+08:00,1686182400,24.5,7.05,5.03,606.8,62.7,6.49,0.266,0.184,2.37,,,Ⅳ
2023-06-08T12:00:00+08:00,1686196800,24.9,7.05,5.2,601.2,52.5,6.17,0.23,0.169,2.38,,,Ⅳ
2023-06-08T16:00:00+08:00,1686211200,26.2,7.02,5.54,604.1,49.6,5.99,0.251,0.174,2.65,,,Ⅲ
2023-06-08T20:00:00+08:00,1686225600,26.4,7.02,5.43,601.2,53.1,6.08,0.293,0.177,2.77,,,Ⅳ
2023-06-09T00:00:00+08:00,1686240000,26.2,7.02,5.31,603.5,51.9,5.52,0.266,0.172,2.65,,,Ⅲ
2023-06-09T04:00:00+08:00,1686254400,25.8,7.03,4.95,605.5,50.1,5.35,0.349,0.179,2.85,,,Ⅳ
2023-06-09T08:00:00+08:00,1686268800,26.0,7.1,4.85,596.8,64.2,6.32,0.277,0.185,2.64,,,Ⅳ
2023-06-09T12:00:00+08:00,1686283200,26.7,7.0,4.84,601.9,48.1,6.07,0.224,0.16,2.48,,,Ⅳ
2023-06-09T20:00:00+08:00,1686312000,28.0,7.03,5.6,605.6,49.5,6.14,0.276,0.177,2.8,,,Ⅳ
2023-06-10T00:00:00+08:00,1686326400,27.6,7.01,5.2,610.5,39.7,6.04,0.299,0.175,2.8,,,Ⅳ
2023-06-10T04:00:00+08:00,1686340800,26.9,6.99,4.94,613.7,42.4,5.82,0.325,0.179,2.79,,,Ⅳ
2023-06-10T08:00:00+08:00,1686355200,26.8,7.03,5.0,609.3,55.6,6.2,0.262,0.181,2.71,,,Ⅳ
2023-06-10T12:00:00+08:00,1686369600,27.7,6.98,5.2,613.3,42.3,6.56,0.228,0.17,2.47,,,Ⅳ
2023-06-10T16:00:00+08:00,1686384000,29.4,7.18,6.43,606.6,42.8,6.59,0.152,0.167,2.51,,,Ⅳ
2023-06-10T20:00:00+08:00,1686398400,28.9,7.08,6.22,612.0,48.9,6.28,0.2,0.175,2.59,,,Ⅳ
2023-06-11T00:00:00+08:00,1686412800,28.4,7.07,5.96,616.1,43.7,6.4,0.189,0.167,2.51,,,Ⅳ
2023-06-11T04:00:00+08:00,1686427200,27.7,7.08,5.4,616.1,55.5,5.97,0.225,0.169,2.54,,,Ⅲ
2023-06-11T08:00:00+08:00,1686441600,27.5,7.07,5.42,619.2,53.7,6.47,0.193,0.173,2.53,,,Ⅳ
2023-06-11T12:00:00+08:00,1686456000,28.2,7.05,5.65,619.0,44.1,6.57,0.164,0.174,2.37,,,Ⅳ
2023-06-11T16:00:00+08:00,1686470400,28.5,7.13,5.81,617.4,40.4,6.34,0.112,0.153,2.33,,,Ⅳ
2023-06-11T20:00:00+08:00,1686484800,28.3,7.17,6.59,622.9,48.4,7.36,0.139,0.16,2.47,,,Ⅳ
2023-06-12T00:00:00+08:00,1686499200,27.9,7.18,6.0,621.3,55.8,7.41,0.157,0.158,2.33,,,Ⅳ
2023-06-12T04:00:00+08:00,1686513600,27.4,7.07,5.68,626.0,43.8,5.93,0.15,0.155,2.37,,,Ⅲ
2023-06-12T08:00:00+08:00,1686528000,27.0,7.05,5.45,632.2,43.5,6.55,0.161,0.163,2.46,,,Ⅳ
2023-06-12T12:00:00+08:00,1686542400,28.1,7.22,6.0,627.2,54.4,6.25,0.123,0.159,2.27,,,Ⅳ
2023-06-12T16:00:00+08:00,1686556800,28.5,7.13,6.28,627.5,40.6,6.79,0.114,0.154,2.22,,,Ⅳ
2023-06-12T20:00:00+08:00,1686571200,28.1,7.13,6.55,629.6,39.1,6.79,0.127,0.16,2.32,,,Ⅳ
2023-06-13T00:00:00+08:00,1686585600,27.7,7.12,6.18,630.3,51.2,8.29,0.145,0.159,2.28,,,Ⅳ
2023-06-13T04:00:00+08:00,1686600000,27.2,7.08,5.66,630.3,42.9,6.19,0.138,0.152,2.26,,,Ⅳ
2023-06-13T08:00:00+08:00,1686614400,26.9,7.08,5.29,633.2,48.5,6.97,0.136,0.169,2.2,,,Ⅳ
2023-06-13T12:00:00+08:00,1686628800,27.3,7.08,5.68,636.4,50.2,6.95,0.136,0.166,2.24,,,Ⅳ
2023-06-13T16:00:00+08:00,1686643200,27.5,7.07,5.84,634.1,41.2,6.62,0.12,0.155,2.16,,,Ⅳ
2023-06-13T20:00:00+08:00,1686657600,27.3,7.08,5.89,638.5,44.4,6.42,0.134,0.159,2.15,,,Ⅳ
2023-06-14T00:00:00+08:00,1686672000,27.0,7.08,5.8,640.5,53.1,8.4,0.16,0.163,2.21,,,Ⅳ
2023-06-14T04:00:00+08:00,1686686400,26.6,7.05,5.36,639.0,44.0,6.71,0.193,0.162,2.2,,,Ⅳ
2023-06-14T08:00:00+08:00,1686700800,26.7,7.07,5.15,642.4,42.2,7.65,0.131,0.161,2.11,,,Ⅳ
2023-06-14T12:00:00+08:00,1686715200,27.6,7.06,5.37,648.9,50.9,7.08,0.154,0.164,2.15,,,Ⅳ
2023-06-14T16:00:00+08:00,1686729600,28.8,7.06,5.77,642.6,42.0,6.67,0.128,0.154,2.06,,,Ⅳ
2023-06-14T20:00:00+08:00,1686744000,28.5,7.22,6.0,647.8,50.9,6.28,0.136,0.161,2.12,,,Ⅳ
2023-06-15T00:00:00+08:00,1686758400,28.0,7.13,5.56,648.8,47.2,6.54,0.171,0.164,2.17,,,Ⅳ
2023-06-15T04:00:00+08:00,1686772800,27.3,7.09,5.13,646.9,48.5,6.98,0.196,0.164,2.1,,,Ⅳ
2023-06-15T08:00:00+08:00,1686787200,27.4,7.21,5.21,651.4,52.3,6.83,0.138,0.153,2.01,,,Ⅳ
2023-06-16T12:00:00+08:00,1686888000,27.5,7.15,5.58,653.6,38.3,7.63,0.198,0.155,2.07,,,Ⅳ
2023-06-16T16:00:00+08:00,1686902400,27.5,7.23,5.54,657.8,44.4,6.67,0.131,0.154,1.97,,,Ⅳ
2023-06-16T20:00:00+08:00,1686916800,27.1,7.12,5.52,654.6,46.4,6.79,0.164,0.16,2.04,,,Ⅳ
2023-06-19T04:00:00+08:00,1687118400,25.3,7.01,4.96,607.0,82.7,8.74,0.398,0.217,2.51,,,Ⅳ
2023-06-19T08:00:00+08:00,1687132800,25.4,7.02,4.84,614.8,52.9,8.35,0.341,0.176,2.46,,,Ⅳ
2023-06-19T12:00:00+08:00,1687147200,25.7,7.05,4.98,600.2,57.8,7.9,0.294,0.177,2.48,,,Ⅳ
2023-06-19T16:00:00+08:00,1687161600,26.1,6.93,5.16,606.6,45.1,7.81,0.272,0.194,2.9,,,Ⅳ
2023-06-19T20:00:00+08:00,1687176000,26.2,7.06,5.05,603.2,61.5,7.76,0.335,0.182,3.27,,,Ⅳ
2023-06-20T00:00:00+08:00,1687190400,25.9,7.0,5.74,560.3,78.6,8.36,0.366,0.234,3.56,,,Ⅳ
2023-06-20T08:00:00+08:00,1687219200,25.6,7.02,5.57,478.1,156.6,9.62,0.422,0.294,2.98,,,Ⅳ
2023-06-20T12:00:00+08:00,1687233600,26.2,6.92,5.52,516.3,127.1,10.57,0.447,0.309,3.39,,,Ⅴ
2023-06-20T16:00:00+08:00,1687248000,27.1,6.87,5.0,550.1,76.6,,,,,,,
2023-06-20T20:00:00+08:00,1687262400,27.2,6.9,4.92,530.5,81.4,,,,,,,
2023-06-21T00:00:00+08:00,1687276800,26.9,6.83,4.67,529.8,64.9,,,,,,,
2023-06-21T08:00:00+08:00,1687305600,26.8,6.89,4.55,518.8,73.3,,,,,,,
2023-06-21T12:00:00+08:00,1687320000,27.7,6.85,5.06,523.9,57.6,,,,,,,
2023-06-21T16:00:00+08:00,1687334400,29.0,6.87,5.16,534.8,50.2,7.41,0.313,0.256,,,,Ⅳ
2023-06-21T20:00:00+08:00,1687348800,29.1,6.86,4.93,537.1,43.7,7.95,0.288,0.234,3.19,,,Ⅳ
2023-06-22T04:00:00+08:00,1687377600,27.8,6.91,4.43,553.4,53.0,6.75,0.337,0.232,2.98,,,Ⅳ
2023-06-22T08:00:00+08:00,1687392000,27.9,6.91,4.55,538.2,59.3,7.7,0.412,0.248,3.1,,,Ⅳ
2023-06-22T12:00:00+08:00,1687406400,28.6,6.89,5.01,554.2,47.2,9.63,0.329,0.235,3.19,,,Ⅳ
2023-06-22T16:00:00+08:00,1687420800,28.9,6.91,5.0,557.8,40.6,7.6,0.297,0.226,3.09,,,Ⅳ
2023-06-22T20:00:00+08:00,1687435200,28.6,6.85,4.93,558.9,38.2,6.75,0.303,0.227,3.12,,,Ⅳ
2023-06-25T04:00:00+08:00,1687636800,24.3,6.93,5.38,433.3,110.3,7.41,0.429,0.382,3.11,,,Ⅴ
2023-06-25T08:00:00+08:00,1687651200,24.3,6.92,4.81,439.3,90.7,7.88,0.377,0.377,3.1,,,Ⅴ
2023-06-25T12:00:00+08:00,1687665600,24.9,6.9,5.23,423.0,92.0,7.68,0.464,0.375,3.27,,,Ⅴ
2023-06-25T16:00:00+08:00,1687680000,25.4,6.88,4.88,439.7,72.4,7.21,0.364,0.358,3.28,,,Ⅴ
2023-06-25T20:00:00+08:00,1687694400,25.6,6.87,4.79,450.5,61.6,6.95,0.349,0.363,3.36,,,Ⅴ
2023-06-26T00:00:00+08:00,1687708800,25.5,6.87,4.88,446.7,63.3,7.05,0.352,0.379,3.41,,,Ⅴ
2023-06-26T04:00:00+08:00,1687723200,25.4,6.88,4.54,456.6,56.4,6.32,0.333,0.356,3.27,,,Ⅴ
2023-06-26T08:00:00+08:00,1687737600,25.4,6.88,4.29,454.6,50.8,6.68,0.29,0.347,3.14,,,Ⅴ
2023-06-26T12:00:00+08:00,1687752000,25.9,6.9,4.87,430.2,57.7,6.65,0.274,0.34,3.16,,,Ⅴ
2023-06-26T20:00:00+08:00,1687780800,26.4,6.89,4.57,486.0,39.6,5.91,0.244,0.296,3.01,,,Ⅳ
2023-06-27T09:12:00+08:00,1687828320,,,,,,,,,,,,
2023-06-27T13:13:00+08:00,1687842780,,,,,,,,,,,,
2023-06-27T17:14:00+08:00,1687857240,,,,,,,,,,,,
2023-06-27T21:14:00+08:00,1687871640,,,,,,,,,,,,
2023-06-28T09:16:00+08:00,1687914960,,,,,,,,,,,,
2023-06-28T13:17:00+08:00,1687929420,,,,,,,,,,,,
2023-06-28T17:18:00+08:00,1687943880,,,,,,,,,,,,
2023-06-28T21:19:00+08:00,1687958340,,,,,,,,,,,,
2023-06-29T09:21:00+08:00,1688001660,,,,,,,,,,,,
2023-06-29T13:21:00+08:00,1688016060,,,,,,,,,,,,
2023-06-29T16:00:00+08:00,1688025600,30.4,6.98,6.51,500.6,30.4,6.02,0.161,0.264,2.48,,,Ⅳ
2023-06-29T20:00:00+08:00,1688040000,30.4,7.04,6.53,505.2,51.9,6.28,0.11,0.252,2.49,,,Ⅳ
2023-06-30T04:00:00+08:00,1688068800,29.8,6.94,4.99,503.4,45.9,6.52,0.168,0.244,2.56,,,Ⅳ
2023-06-30T08:00:00+08:00,1688083200,29.6,6.95,5.07,492.2,58.4,6.26,0.193,0.244,2.58,,,Ⅳ
2023-06-30T12:00:00+08:00,1688097600,29.6,6.95,5.32,534.8,35.7,6.71,,0.238,2.76,,,
2023-06-30T16:00:00+08:00,1688112000,29.8,7.02,5.72,509.5,40.2,6.34,,0.226,2.56,,,
2023-06-30T20:00:00+08:00,1688126400,29.3,6.98,5.57,509.6,51.8,6.1,,0.209,2.51,,,
2023-07-01T04:00:00+08:00,1688155200,28.8,6.97,4.93,496.1,52.3,6.0,,0.216,2.61,,,
2023-07-01T08:00:00+08:00,1688169600,28.6,6.96,4.84,508.5,48.7,5.86,,0.213,2.77,,,
2023-07-01T12:00:00+08:00,1688184000,29.5,6.87,5.2,511.8,37.2,6.35,,0.212,2.56,,,
2023-07-01T16:00:00+08:00,1688198400,30.3,6.96,5.56,507.8,42.7,5.91,0.131,0.202,2.59,,,Ⅳ
2023-07-01T20:00:00+08:00,1688212800,30.1,6.9,5.42,500.4,53.4,5.91,0.11,0.197,2.54,,,Ⅲ
2023-07-02T04:00:00+08:00,1688241600,29.8,6.89,4.81,502.3,53.9,7.33,0.35,0.258,2.9,,,Ⅳ
2023-07-02T08:00:00+08:00,1688256000,29.7,6.9,4.61,509.7,50.7,6.26,0.217,0.228,2.74,,,Ⅳ
2023-07-02T12:00:00+08:00,1688270400,30.2,6.83,4.54,510.9,38.5,6.71,0.164,0.223,2.69,,,Ⅳ
2023-07-02T16:00:00+08:00,1688284800,31.0,6.85,4.9,527.4,37.4,6.86,0.181,0.238,2.72,,,Ⅳ
2023-07-02T20:00:00+08:00,1688299200,30.9,6.81,4.69,518.3,49.7,6.65,0.185,0.227,2.74,,,Ⅳ
2023-07-03T04:00:00+08:00,1688328000,30.2,6.87,4.29,514.1,59.0,6.72,0.234,0.237,2.82,,,Ⅳ
2023-07-03T08:00:00+08:00,1688342400,30.0,6.87,4.09,511.7,43.2,6.5,0.27,0.24,2.72,,,Ⅳ
2023-07-03T12:00:00+08:00,1688356800,30.8,6.94,4.56,489.7,44.3,6.71,0.186,0.22,2.63,,,Ⅳ
2023-07-03T16:00:00+08:00,1688371200,30.9,6.87,4.73,516.6,34.9,6.63,0.159,0.226,2.82,,,Ⅳ
2023-07-03T20:00:00+08:00,1688385600,31.0,6.87,4.76,525.0,42.3,6.47,0.149,0.218,2.79,,,Ⅳ
2023-07-04T04:00:00+08:00,1688414400,30.4,6.86,4.32,515.5,50.2,5.96,0.161,0.211,2.75,,,Ⅳ
2023-07-04T08:00:00+08:00,1688428800,30.3,6.86,4.22,512.8,35.9,5.93,0.192,0.225,2.69,,,Ⅳ
2023-07-04T12:00:00+08:00,1688443200,31.0,6.91,4.87,512.2,35.5,6.62,0.147,0.211,2.61,,,Ⅳ
2023-07-04T16:00:00+08:00,1688457600,31.5,6.89,4.83,534.4,30.6,6.27,0.127,0.215,2.69,,,Ⅳ
2023-07-04T20:00:00+08:00,1688472000,31.5,6.89,5.09,528.4,36.7,6.09,0.098,0.209,2.71,,,Ⅳ
2023-07-05T04:00:00+08:00,1688500800,30.7,6.84,4.28,528.6,46.5,5.98,0.163,0.206,2.82,,,Ⅳ
2023-07-05T08:00:00+08:00,1688515200,30.2,6.89,4.43,513.3,37.1,5.95,0.207,0.217,2.83,,,Ⅳ
2023-07-05T12:00:00+08:00,1688529600,29.9,6.94,4.85,517.7,39.6,6.64,0.167,0.207,2.65,,,Ⅳ
2023-07-05T16:00:00+08:00,1688544000,29.9,6.92,4.71,529.7,40.9,6.43,0.16,0.219,2.7,,,Ⅳ
2023-07-05T20:00:00+08:00,1688558400,30.0,7.0,4.76,515.0,53.6,5.84,0.133,0.215,2.77,,,Ⅳ
2023-07-06T00:00:00+08:00,1688572800,29.6,6.91,4.64,510.3,52.9,5.95,0.209,0.219,2.63,,,Ⅳ
2023-07-06T08:00:00+08:00,1688601600,29.5,6.95,4.31,502.6,54.4,6.1,0.302,0.238,2.79,,,Ⅳ
2023-07-06T12:00:00+08:00,1688616000,29.6,6.9,4.36,502.3,41.9,6.51,0.21,0.211,,,,Ⅳ
2023-07-06T16:00:00+08:00,1688630400,30.4,6.91,4.56,515.4,28.3,6.38,0.225,0.232,2.62,,,Ⅳ
2023-07-06T20:00:00+08:00,1688644800,30.9,6.96,4.85,507.7,43.3,6.25,0.247,0.248,2.82,,,Ⅳ
2023-07-07T04:00:00+08:00,1688673600,30.3,6.87,3.87,515.8,31.6,5.82,0.251,0.227,2.77,,,Ⅳ
2023-07-07T08:00:00+08:00,1688688000,30.5,6.96,4.08,505.7,52.1,5.98,0.415,0.262,2.9,,,Ⅳ
2023-07-07T12:00:00+08:00,1688702400,31.0,6.99,4.61,508.4,43.5,6.38,0.327,0.24,2.76,,,Ⅳ
2023-07-07T20:00:00+08:00,1688731200,31.4,6.99,4.83,503.4,54.3,6.49,0.235,0.264,2.83,,,Ⅳ
2023-07-08T04:00:00+08:00,1688760000,30.6,7.04,4.07,528.7,36.2,6.2,0.351,0.257,2.97,,,Ⅳ
2023-07-08T08:00:00+08:00,1688774400,30.4,7.06,4.36,507.7,62.2,5.83,0.307,0.253,2.82,,,Ⅳ
2023-07-08T12:00:00+08:00,1688788800,30.6,6.99,4.38,512.0,37.8,6.86,0.403,0.262,2.92,,,Ⅳ
2023-07-08T16:00:00+08:00,1688803200,30.7,6.95,4.39,524.6,32.8,6.4,0.357,0.244,2.93,,,Ⅳ
2023-07-08T20:00:00+08:00,1688817600,30.8,6.98,4.59,523.2,45.3,6.02,0.218,0.235,2.77,,,Ⅳ
2023-07-09T04:00:00+08:00,1688846400,30.3,6.91,3.89,530.8,40.4,5.87,0.273,0.224,2.78,,,Ⅳ
2023-07-09T08:00:00+08:00,1688860800,30.4,6.98,4.13,522.4,59.7,5.4,0.277,0.23,2.75,,,Ⅳ
2023-07-09T12:00:00+08:00,1688875200,30.5,6.94,4.2,522.5,34.6,6.45,0.265,0.239,2.68,,,Ⅳ
2023-07-09T16:00:00+08:00,1688889600,30.8,6.99,4.66,527.4,38.0,6.11,0.252,0.225,2.72,,,Ⅳ
2023-07-09T20:00:00+08:00,1688904000,30.6,6.96,4.49,529.3,41.8,5.63,0.18,0.216,2.61,,,Ⅳ
2023-07-10T04:00:00+08:00,1688932800,30.1,6.94,4.27,533.2,46.8,5.42,0.233,0.216,2.64,,,Ⅳ
2023-07-10T08:00:00+08:00,1688947200,30.0,6.97,4.22,532.0,36.7,5.0,0.218,0.215,2.58,,,Ⅳ
2023-07-10T12:00:00+08:00,1688961600,30.1,6.95,4.39,525.8,32.4,5.84,0.148,0.214,2.49,,,Ⅳ
2023-07-10T16:00:00+08:00,1688976000,29.8,7.05,4.95,509.3,44.9,5.57,0.173,0.218,2.54,,,Ⅳ
2023-07-10T20:00:00+08:00,1688990400,29.4,6.97,4.72,518.3,45.2,5.55,0.175,0.218,2.46,,,Ⅳ
2023-07-11T04:00:00+08:00,1689019200,29.1,6.99,4.48,503.8,62.2,6.23,0.419,0.233,2.83,,,Ⅳ
2023-07-11T08:00:00+08:00,1689033600,28.8,6.93,4.12,482.9,72.5,5.63,0.333,0.245,2.76,,,Ⅳ
2023-07-11T12:00:00+08:00,1689048000,29.5,6.91,4.13,490.6,50.4,6.3,0.575,0.261,3.12,,,Ⅳ
2023-07-11T16:00:00+08:00,1689062400,30.4,6.9,4.35,473.7,59.7,6.3,0.575,0.261,3.12,,,Ⅳ
2023-07-11T20:00:00+08:00,1689076800,30.7,6.88,4.46,491.0,57.7,6.61,0.749,0.263,3.57,,,Ⅳ
2023-07-12T04:00:00+08:00,1689105600,30.4,6.87,3.83,491.9,49.4,6.34,0.816,0.274,3.69,,,Ⅳ
2023-07-12T08:00:00+08:00,1689120000,30.3,6.89,4.09,498.7,41.5,6.34,0.509,0.257,3.06,,,Ⅳ
2023-07-12T12:00:00+08:00,1689134400,30.9,7.16,3.94,484.0,53.8,6.44,0.513,0.277,4.25,,,Ⅳ
2023-07-12T16:00:00+08:00,1689148800,32.0,7.07,4.71,497.0,30.8,6.44,0.541,0.254,3.3,,,Ⅳ
2023-07-12T20:00:00+08:00,1689163200,32.1,7.02,4.99,500.6,40.3,6.67,0.978,0.27,4.22,,,Ⅳ
2023-07-13T04:00:00+08:00,1689192000,31.4,6.93,4.09,502.4,38.0,6.32,1.081,0.268,4.16,,,Ⅳ
2023-07-13T08:00:00+08:00,1689206400,31.3,6.93,4.16,508.5,34.9,6.52,0.636,0.249,3.28,,,Ⅳ
2023-07-13T12:00:00+08:00,1689220800,31.8,6.97,4.61,513.7,32.2,6.21,0.513,0.246,3.22,,,Ⅳ
2023-07-13T16:00:00+08:00,1689235200,31.9,6.98,5.18,513.8,26.1,6.36,0.411,0.24,3.08,,,Ⅳ
2023-07-13T20:00:00+08:00,1689249600,32.0,7.03,5.23,516.3,47.1,6.14,0.397,0.239,3.02,,,Ⅳ
2023-07-14T04:00:00+08:00,1689278400,31.2,6.9,4.22,504.3,38.5,6.04,0.625,0.243,3.4,,,Ⅳ
2023-07-14T08:00:00+08:00,1689292800,31.4,7.03,4.16,521.8,47.5,6.14,0.338,0.23,2.76,,,Ⅳ
2023-07-14T12:00:00+08:00,1689307200,32.0,6.95,4.76,512.4,29.2,6.38,0.415,0.242,3.01,,,Ⅳ
2023-07-14T16:00:00+08:00,1689321600,32.4,6.88,5.9,506.7,33.7,6.43,0.494,0.242,3.11,,,Ⅳ
2023-07-14T20:00:00+08:00,1689336000,32.6,6.99,5.81,514.8,42.0,6.36,0.508,0.23,3.14,,,Ⅳ
2023-07-15T04:00:00+08:00,1689364800,31.8,6.88,4.29,509.6,41.9,6.47,0.764,0.249,3.45,,,Ⅳ
2023-07-15T08:00:00+08:00,1689379200,31.8,6.97,5.61,513.5,39.8,6.41,0.455,0.233,2.97,,,Ⅳ
2023-07-15T12:00:00+08:00,1689393600,32.3,6.96,4.71,519.1,38.9,5.82,0.277,0.226,2.78,,,Ⅳ
2023-07-15T16:00:00+08:00,1689408000,32.8,6.88,4.56,514.7,33.2,6.13,0.298,0.229,2.9,,,Ⅳ
2023-07-15T20:00:00+08:00,1689422400,33.0,6.99,5.28,517.6,42.2,6.08,0.337,0.217,2.89,,,Ⅳ
2023-07-16T04:00:00+08:00,1689451200,32.0,6.96,4.64,514.8,51.1,6.12,0.489,0.222,3.05,,,Ⅳ
2023-07-16T08:00:00+08:00,1689465600,32.0,6.95,4.47,514.5,40.8,6.51,0.51,0.217,3.07,,,Ⅳ
2023-07-16T12:00:00+08:00,1689480000,32.0,6.94,4.6,512.9,35.2,5.98,0.339,0.226,2.79,,,Ⅳ
2023-07-16T16:00:00+08:00,1689494400,31.6,7.0,4.91,509.6,37.7,5.42,0.391,0.212,2.95,,,Ⅳ
2023-07-16T20:00:00+08:00,1689508800,30.9,6.92,4.97,490.8,52.3,6.02,0.58,0.246,2.97,,,Ⅳ
2023-07-17T04:00:00+08:00,1689537600,28.8,6.9,5.18,373.7,144.0,6.46,0.816,0.339,2.67,,,Ⅴ
2023-07-17T08:00:00+08:00,1689552000,28.6,6.89,5.19,348.9,141.5,6.85,0.643,0.365,2.48,,,Ⅴ
2023-07-17T12:00:00+08:00,1689566400,29.2,6.85,5.04,336.7,135.9,6.29,0.693,0.419,2.37,,,劣Ⅴ
2023-07-17T16:00:00+08:00,1689580800,29.9,6.78,5.04,343.6,116.3,6.13,0.793,0.393,2.8,,,Ⅴ
2023-07-17T20:00:00+08:00,1689595200,30.0,6.77,4.89,347.3,101.4,5.84,0.805,0.368,2.95,,,Ⅴ
2023-07-18T04:00:00+08:00,1689624000,29.6,6.8,4.61,352.4,97.4,5.63,0.723,0.36,2.96,,,Ⅴ
2023-07-18T08:00:00+08:00,1689638400,29.8,6.83,4.47,352.2,83.2,6.04,0.694,0.329,2.91,,,Ⅴ
2023-07-18T12:00:00+08:00,1689652800,30.2,6.75,4.13,357.1,72.9,5.35,0.665,0.369,2.9,,,Ⅴ
2023-07-18T16:00:00+08:00,1689667200,30.8,6.71,4.42,326.1,74.7,5.0,0.529,0.392,2.77,,,Ⅴ
2023-07-18T20:00:00+08:00,1689681600,30.9,7.05,4.53,337.7,72.0,4.77,0.556,0.377,2.82,,,Ⅴ
2023-07-19T04:00:00+08:00,1689710400,30.1,7.09,4.54,350.7,73.7,4.27,0.463,0.314,2.66,,,Ⅴ
2023-07-19T08:00:00+08:00,1689724800,30.2,7.03,4.07,369.7,68.3,5.56,0.614,0.327,2.93,,,Ⅴ
2023-07-19T12:00:00+08:00,1689739200,30.4,7.78,4.27,384.9,54.2,4.95,0.451,0.314,2.8,,,Ⅴ
2023-07-19T16:00:00+08:00,1689753600,30.6,7.08,6.09,371.2,53.8,4.74,0.449,0.315,2.69,,,Ⅴ
2023-07-19T20:00:00+08:00,1689768000,30.4,7.01,5.97,378.6,54.6,4.49,0.474,0.307,2.8,,,Ⅴ
2023-07-20T04:00:00+08:00,1689796800,29.8,6.89,3.98,399.3,47.8,4.04,0.445,0.276,2.71,,,Ⅳ
2023-07-20T08:00:00+08:00,1689811200,29.9,6.98,6.88,361.4,72.5,5.31,0.721,0.281,3.14,,,Ⅳ
2023-07-20T12:00:00+08:00,1689825600,29.5,6.98,4.7,386.9,56.9,4.62,0.539,0.284,2.84,,,Ⅳ
2023-07-20T16:00:00+08:00,1689840000,29.8,6.92,4.41,405.8,52.7,4.96,0.556,0.31,2.93,,,Ⅴ
2023-07-20T20:00:00+08:00,1689854400,29.7,6.96,4.85,395.5,81.2,5.63,0.984,0.3,3.38,,,Ⅴ
2023-07-21T04:00:00+08:00,1689883200,29.3,6.84,3.83,392.4,52.5,4.95,0.682,0.335,3.06,,,Ⅴ
2023-07-21T08:00:00+08:00,1689897600,29.4,6.95,4.39,392.9,68.2,5.97,1.126,0.284,3.59,,,Ⅳ
2023-07-21T12:00:00+08:00,1689912000,30.2,6.93,4.46,386.9,58.7,5.24,0.718,0.295,3.13,,,Ⅳ
2023-07-21T16:00:00+08:00,1689926400,30.8,6.81,3.94,398.0,42.0,5.0,0.62,0.307,3.0,,,Ⅴ
2023-07-21T20:00:00+08:00,1689940800,30.9,6.87,4.5,382.3,63.9,5.35,0.754,0.305,3.32,,,Ⅴ
2023-07-22T04:00:00+08:00,1689969600,30.0,6.81,3.68,412.4,39.0,4.61,0.701,0.299,3.14,,,Ⅳ
2023-07-22T08:00:00+08:00,1689984000,30.0,6.89,4.31,393.0,58.4,5.81,0.975,0.295,3.47,,,Ⅳ
2023-07-22T12:00:00+08:00,1689998400,30.3,6.85,4.17,403.1,45.6,,,,,,,
2023-07-22T16:00:00+08:00,1690012800,30.8,6.84,4.35,424.6,34.1,5.16,0.636,,2.81,,,
2023-07-22T20:00:00+08:00,1690027200,30.6,6.95,4.88,409.0,54.4,5.18,0.904,0.29,3.14,,,Ⅳ
2023-07-23T04:00:00+08:00,1690056000,29.9,6.8,3.78,438.3,39.9,5.12,0.73,0.293,2.85,,,Ⅳ
2023-07-23T08:00:00+08:00,1690070400,29.8,6.91,4.43,413.9,54.7,5.8,1.004,0.301,3.16,,,Ⅴ
2023-07-23T12:00:00+08:00,1690084800,29.9,6.9,4.31,428.8,42.9,5.16,0.69,0.304,2.81,,,Ⅴ
2023-07-23T16:00:00+08:00,1690099200,30.4,6.9,4.42,438.6,37.9,5.19,0.635,0.305,2.86,,,Ⅴ
2023-07-23T20:00:00+08:00,1690113600,30.4,6.91,4.71,437.7,41.7,5.17,0.871,0.313,3.16,,,Ⅴ
2023-07-24T04:00:00+08:00,1690142400,30.0,6.86,3.8,461.0,38.3,5.11,0.505,0.272,2.82,,,Ⅳ
2023-07-24T08:00:00+08:00,1690156800,29.9,6.97,4.33,449.3,43.9,6.46,0.848,0.274,3.06,,,Ⅳ
2023-07-24T12:00:00+08:00,1690171200,30.0,6.95,4.09,456.8,35.1,5.18,0.494,0.283,2.84,,,Ⅳ
2023-07-24T16:00:00+08:00,1690185600,30.9,6.99,4.84,453.7,38.6,5.18,0.433,0.263,2.88,,,Ⅳ
2023-07-24T20:00:00+08:00,1690200000,30.8,6.96,4.74,456.8,41.3,5.16,0.542,0.263,3.02,,,Ⅳ
2023-07-25T04:00:00+08:00,1690228800,30.3,6.95,4.46,475.1,45.3,4.77,0.364,0.219,2.82,,,Ⅳ
2023-07-25T08:00:00+08:00,1690243200,30.1,7.0,4.42,470.7,41.3,6.14,0.346,0.225,2.77,,,Ⅳ
2023-07-25T12:00:00+08:00,1690257600,22.8,6.6,4.56,476.0,36.9,5.68,0.293,0.236,2.74,,,Ⅳ
2023-07-25T16:00:00+08:00,1690272000,22.8,8.16,5.33,467.5,36.1,7.01,0.317,0.257,2.69,,,Ⅳ
2023-07-25T20:00:00+08:00,1690286400,23.1,8.44,5.36,477.8,38.4,5.61,0.293,0.237,2.68,,,Ⅳ
2023-07-26T04:00:00+08:00,1690315200,23.5,10.11,5.14,479.6,51.5,5.34,0.252,0.21,2.62,,,劣Ⅴ
2023-07-26T12:00:00+08:00,1690344000,22.7,,5.01,477.5,39.8,5.21,0.206,0.229,2.61,,,
2023-07-26T16:00:00+08:00,1690358400,31.1,7.37,5.72,473.4,37.1,5.15,0.186,0.215,2.55,,,Ⅳ
2023-07-26T20:00:00+08:00,1690372800,31.0,7.56,5.72,482.2,51.4,5.11,0.19,0.206,2.49,,,Ⅳ
2023-07-27T04:00:00+08:00,1690401600,30.4,7.45,5.38,484.8,53.7,4.85,0.216,0.196,2.48,,,Ⅲ
2023-07-27T08:00:00+08:00,1690416000,30.2,7.46,5.37,487.7,50.6,5.16,0.15,0.196,2.45,,,Ⅲ
2023-07-27T12:00:00+08:00,1690430400,30.2,7.36,5.28,488.6,42.9,4.78,0.17,0.22,2.39,,,Ⅳ
2023-07-27T16:00:00+08:00,1690444800,30.2,7.34,5.71,483.8,37.0,5.11,0.15,0.2,2.33,,,Ⅲ
2023-07-27T20:00:00+08:00,1690459200,29.9,7.36,5.79,482.0,45.9,5.12,0.202,0.191,2.24,,,Ⅲ
2023-07-28T04:00:00+08:00,1690488000,29.3,7.17,5.31,468.5,56.1,5.29,0.343,0.201,2.54,,,Ⅳ
2023-07-28T08:00:00+08:00,1690502400,29.1,7.2,5.29,476.3,50.5,5.57,0.201,0.193,2.26,,,Ⅲ
2023-07-28T12:00:00+08:00,1690516800,29.2,7.31,5.93,471.1,49.8,5.11,0.185,0.218,2.28,,,Ⅳ
2023-07-28T16:00:00+08:00,1690531200,29.1,7.24,5.79,472.0,49.2,5.21,0.25,0.216,2.3,,,Ⅳ
2023-07-28T20:00:00+08:00,1690545600,28.8,7.18,5.62,470.4,60.7,6.93,0.311,0.21,2.45,,,Ⅳ
2023-07-29T04:00:00+08:00,1690574400,28.3,7.18,5.34,465.9,55.3,5.16,0.445,0.196,2.62,,,Ⅲ
2023-07-29T08:00:00+08:00,1690588800,28.0,7.19,5.42,465.9,52.0,5.7,0.272,0.217,2.39,,,Ⅳ
2023-07-29T12:00:00+08:00,1690603200,28.3,7.27,6.02,459.6,63.2,5.68,0.272,0.246,2.45,,,Ⅳ
2023-07-29T16:00:00+08:00,1690617600,28.6,7.22,5.95,457.7,51.0,5.16,0.27,0.227,2.52,,,Ⅳ
2023-07-29T20:00:00+08:00,1690632000,28.4,7.15,5.74,452.6,52.6,5.73,0.358,0.229,2.67,,,Ⅳ
2023-07-30T04:00:00+08:00,1690660800,28.1,7.13,5.09,456.6,50.8,6.17,0.507,0.215,2.82,,,Ⅳ
2023-07-30T08:00:00+08:00,1690675200,28.1,7.22,5.58,443.1,55.7,6.91,0.304,0.227,2.58,,,Ⅳ
2023-07-30T12:00:00+08:00,1690689600,28.9,7.2,5.65,452.0,48.9,5.16,0.284,0.23,2.62,,,Ⅳ
2023-07-30T16:00:00+08:00,1690704000,29.3,7.12,5.3,455.4,35.9,5.22,0.26,0.208,2.65,,,Ⅳ
2023-07-30T20:00:00+08:00,1690718400,29.6,7.21,5.84,461.2,54.5,5.2,0.337,0.213,2.66,,,Ⅳ
2023-07-31T04:00:00+08:00,1690747200,29.0,7.09,4.86,458.8,55.1,5.18,0.457,0.206,2.79,,,Ⅳ
2023-07-31T08:00:00+08:00,1690761600,29.1,7.22,5.41,456.2,53.6,5.68,0.312,0.211,2.62,,,Ⅳ
2023-07-31T12:00:00+08:00,1690776000,29.7,7.21,5.49,467.0,43.8,5.18,0.233,0.218,2.51,,,Ⅳ
2023-07-31T16:00:00+08:00,1690790400,30.7,7.19,5.58,470.1,36.8,5.11,0.204,0.207,2.47,,,Ⅳ
2023-07-31T20:00:00+08:00,1690804800,31.0,7.33,6.13,470.0,52.1,5.1,0.277,0.198,2.62,,,Ⅲ
2023-08-01T04:00:00+08:00,1690833600,30.1,7.22,5.52,469.9,60.8,5.18,0.438,0.207,2.77,,,Ⅳ
2023-08-01T08:00:00+08:00,1690848000,29.9,7.22,5.29,462.2,48.2,6.1,0.331,0.204,2.74,,,Ⅳ
2023-08-01T12:00:00+08:00,1690862400,30.0,7.23,5.73,476.8,44.9,5.4,0.227,0.213,2.54,,,Ⅳ
2023-08-01T16:00:00+08:00,1690876800,30.6,7.33,6.22,473.8,42.0,5.55,0.203,0.197,2.53,,,Ⅲ
2023-08-01T20:00:00+08:00,1690891200,30.3,7.25,5.98,473.1,47.4,5.16,0.251,0.189,2.59,,,Ⅲ
2023-08-02T04:00:00+08:00,1690920000,29.8,7.24,5.36,472.1,84.7,6.2,0.617,0.229,3.06,,,Ⅳ
2023-08-02T08:00:00+08:00,1690934400,29.7,7.22,4.98,476.5,53.9,6.09,0.247,0.198,2.72,,,Ⅳ
2023-08-02T12:00:00+08:00,1690948800,30.7,7.37,5.83,472.1,49.8,5.68,0.283,0.203,2.78,,,Ⅳ
2023-08-02T16:00:00+08:00,1690963200,31.1,7.3,6.13,476.3,48.6,5.54,0.209,0.19,2.66,,,Ⅲ
2023-08-02T20:00:00+08:00,1690977600,31.1,7.25,5.66,475.0,54.0,5.69,0.408,0.181,3.06,,,Ⅲ
2023-08-03T04:00:00+08:00,1691006400,30.2,7.18,5.23,477.8,102.1,6.25,0.483,0.225,2.84,,,Ⅳ
2023-08-03T08:00:00+08:00,1691020800,30.1,7.15,4.44,484.7,59.4,6.09,0.155,0.192,2.61,,,Ⅳ
2023-08-03T12:00:00+08:00,1691035200,31.4,7.48,5.82,480.8,59.6,5.97,0.195,0.22,2.69,,,Ⅳ
2023-08-03T16:00:00+08:00,1691049600,32.0,7.62,6.5,478.2,48.2,,,,,,,
2023-08-03T20:00:00+08:00,1691064000,32.2,7.58,5.28,488.0,64.0,,,,,,,
2023-08-04T04:00:00+08:00,1691092800,31.3,7.47,4.79,480.4,91.7,,,,,,,
2023-08-04T08:00:00+08:00,1691107200,31.2,7.38,3.55,493.9,83.1,,,,,,,
2023-08-04T12:00:00+08:00,1691121600,31.9,7.43,4.66,488.9,68.2,,,,,,,
2023-08-04T16:00:00+08:00,1691136000,32.5,7.51,5.8,484.8,63.0,,,,,,,
2023-08-04T20:00:00+08:00,1691150400,32.4,7.47,5.43,491.4,65.0,6.59,0.32,0.177,2.88,,,Ⅳ
2023-08-05T04:00:00+08:00,1691179200,31.4,7.42,4.59,483.3,79.5,5.65,0.333,0.169,3.02,,,Ⅳ
2023-08-05T08:00:00+08:00,1691193600,31.2,7.37,3.8,493.5,81.3,6.0,0.22,0.188,2.9,,,Ⅳ
2023-08-05T12:00:00+08:00,1691208000,32.0,7.41,4.73,490.9,73.2,5.9,0.207,0.201,2.91,,,Ⅳ
2023-08-05T16:00:00+08:00,1691222400,33.0,7.44,5.64,487.1,57.0,5.79,0.196,0.188,2.97,,,Ⅲ
2023-08-05T20:00:00+08:00,1691236800,32.6,7.35,5.35,489.5,79.8,5.59,0.249,0.164,3.04,,,Ⅲ
2023-08-06T04:00:00+08:00,1691265600,31.9,7.28,4.07,487.2,95.3,5.18,0.268,0.149,3.1,,,Ⅳ
2023-08-06T08:00:00+08:00,1691280000,31.8,7.27,4.03,492.0,106.8,6.09,0.184,0.167,3.01,,,Ⅳ
2023-08-06T12:00:00+08:00,1691294400,33.0,7.28,4.7,493.2,70.4,5.71,0.178,0.177,3.05,,,Ⅳ
2023-08-06T16:00:00+08:00,1691308800,33.7,7.23,5.18,491.4,53.7,5.61,0.176,0.154,3.07,,,Ⅲ
2023-08-06T20:00:00+08:00,1691323200,33.4,7.25,5.17,491.1,65.6,5.16,0.218,0.144,3.14,,,Ⅲ
2023-08-07T04:00:00+08:00,1691352000,32.2,7.25,3.96,494.9,73.1,5.16,0.221,0.134,3.16,,,Ⅳ
2023-08-07T08:00:00+08:00,1691366400,32.3,7.24,3.85,495.8,86.0,6.23,0.127,0.147,3.1,,,Ⅳ
2023-08-07T12:00:00+08:00,1691380800,33.2,7.2,4.42,495.9,61.6,5.82,0.115,0.161,3.17,,,Ⅳ
2023-08-07T16:00:00+08:00,1691395200,33.5,7.21,4.82,497.4,54.7,6.13,0.101,0.141,3.18,,,Ⅳ
2023-08-07T20:00:00+08:00,1691409600,33.0,7.22,4.9,490.4,71.3,5.16,0.116,0.131,3.21,,,Ⅳ
2023-08-08T04:00:00+08:00,1691438400,31.9,7.24,4.15,489.0,71.3,5.16,0.096,0.126,3.27,,,Ⅳ
2023-08-08T08:00:00+08:00,1691452800,31.8,7.23,3.99,487.9,74.9,5.82,0.051,0.141,3.24,,,Ⅳ
2023-08-08T12:00:00+08:00,1691467200,32.4,7.18,4.3,488.1,62.8,5.82,0.051,0.141,3.24,,,Ⅳ
2023-08-08T16:00:00+08:00,1691481600,33.2,7.16,4.52,484.2,51.7,5.16,0.107,0.185,2.33,,,Ⅳ
2023-08-08T20:00:00+08:00,1691496000,33.0,7.18,6.29,486.2,63.0,5.85,0.124,0.176,2.41,,,Ⅲ
2023-08-09T04:00:00+08:00,1691524800,31.8,7.32,5.07,487.4,71.3,5.11,0.137,0.162,2.39,,,Ⅲ
2023-08-09T08:00:00+08:00,1691539200,31.6,7.05,3.78,487.6,59.9,5.73,0.087,0.181,2.32,,,Ⅳ
2023-08-09T12:00:00+08:00,1691553600,32.3,7.07,4.3,489.2,54.9,5.37,0.082,0.19,2.38,,,Ⅳ
2023-08-09T20:00:00+08:00,1691582400,32.4,7.09,4.86,482.7,67.4,5.12,0.088,0.156,2.41,,,Ⅳ
2023-08-10T04:00:00+08:00,1691611200,31.7,7.08,4.45,481.6,67.2,4.79,0.079,0.149,2.46,,,Ⅳ
2023-08-10T08:00:00+08:00,1691625600,31.3,7.06,4.02,478.6,65.8,5.16,0.048,0.165,2.43,,,Ⅳ
2023-08-10T12:00:00+08:00,1691640000,31.8,7.08,4.0,480.8,65.1,5.11,0.042,0.182,2.46,,,Ⅳ
2023-08-10T16:00:00+08:00,1691654400,32.6,7.08,4.71,477.1,48.2,,,,,,,
2023-08-10T20:00:00+08:00,1691668800,32.5,7.05,4.85,483.4,62.8,4.67,0.034,0.15,2.53,,,Ⅳ
2023-08-11T00:00:00+08:00,1691683200,32.1,7.01,4.38,477.9,74.3,5.11,0.03,0.144,2.53,,,Ⅳ
2023-08-11T04:00:00+08:00,1691697600,31.7,7.02,4.18,477.9,71.6,4.53,0.026,0.142,2.52,,,Ⅳ
2023-08-11T08:00:00+08:00,1691712000,31.6,7.01,4.03,480.5,70.0,5.17,0.025,0.162,2.5,,,Ⅳ
2023-08-11T12:00:00+08:00,1691726400,32.5,7.31,4.11,483.1,53.2,5.11,0.025,0.179,2.54,,,Ⅳ
2023-08-11T16:00:00+08:00,1691740800,33.4,7.07,5.49,479.7,49.6,5.11,0.143,0.161,2.55,,,Ⅲ
2023-08-11T20:00:00+08:00,1691755200,33.0,7.03,5.52,480.1,59.6,4.53,0.146,0.153,2.58,,,Ⅲ
2023-08-12T00:00:00+08:00,1691769600,32.6,7.05,4.99,479.0,66.0,4.76,0.153,0.149,2.61,,,Ⅳ
2023-08-12T04:00:00+08:00,1691784000,32.2,7.01,4.49,480.1,71.5,5.27,0.159,0.146,2.59,,,Ⅳ
2023-08-12T08:00:00+08:00,1691798400,32.1,7.02,4.38,479.9,63.1,5.95,0.162,0.17,2.61,,,Ⅳ
2023-08-12T12:00:00+08:00,1691812800,33.2,7.01,4.56,482.6,54.1,4.71,0.167,0.176,2.6,,,Ⅳ
2023-08-12T16:00:00+08:00,1691827200,33.8,7.02,4.65,480.7,55.3,5.29,0.164,0.162,2.64,,,Ⅳ
2023-08-12T20:00:00+08:00,1691841600,33.8,7.19,6.38,480.3,61.2,4.63,0.167,0.157,2.67,,,Ⅲ
2023-08-13T00:00:00+08:00,1691856000,33.1,7.11,5.6,480.2,70.7,5.28,0.167,0.152,2.67,,,Ⅲ
2023-08-13T04:00:00+08:00,1691870400,32.6,7.06,4.74,484.3,78.4,6.79,0.165,0.15,,,,Ⅳ
2023-08-13T08:00:00+08:00,1691884800,32.6,7.08,4.82,484.0,66.5,7.72,0.162,0.177,,,,Ⅳ
2023-08-13T12:00:00+08:00,1691899200,33.6,7.08,5.11,481.2,56.5,7.54,0.168,0.229,2.5,,,Ⅳ
2023-08-13T16:00:00+08:00,1691913600,34.4,7.25,5.82,483.5,55.7,7.35,0.167,0.182,2.55,,,Ⅳ
2023-08-13T20:00:00+08:00,1691928000,34.0,7.17,5.97,485.4,66.8,6.19,0.17,0.166,2.61,,,Ⅳ
2023-08-14T04:00:00+08:00,1691956800,33.1,7.1,4.89,486.1,81.3,4.57,0.168,0.14,2.54,,,Ⅳ
2023-08-14T08:00:00+08:00,1691971200,33.1,7.09,4.6,486.5,73.7,4.89,0.169,0.148,2.55,,,Ⅳ
2023-08-14T12:00:00+08:00,1691985600,33.6,7.12,5.04,482.7,54.8,,0.168,0.154,2.57,,,
2023-08-14T16:00:00+08:00,1692000000,33.8,7.18,5.41,484.8,54.9,,0.17,0.116,2.56,,,
2023-08-14T20:00:00+08:00,1692014400,33.6,7.14,5.33,484.9,62.7,,0.17,0.109,2.58,,,
2023-08-15T00:00:00+08:00,1692028800,32.9,7.07,4.75,483.5,68.2,,0.172,0.103,2.59,,,
2023-08-15T04:00:00+08:00,1692043200,32.7,7.04,4.5,486.2,78.7,,0.169,0.097,2.6,,,
2023-08-15T08:00:00+08:00,1692057600,32.4,7.08,4.12,489.1,67.4,,0.169,0.096,2.56,,,
2023-08-15T12:00:00+08:00,1692072000,32.8,7.08,4.51,486.8,59.0,,0.171,0.106,2.63,,,
2023-08-15T16:00:00+08:00,1692086400,33.1,7.08,4.97,486.0,55.3,6.08,0.222,0.203,2.19,,,Ⅳ
2023-08-15T20:00:00+08:00,1692100800,32.5,6.99,4.64,485.9,56.2,5.31,0.211,0.203,2.19,,,Ⅳ
2023-08-16T00:00:00+08:00,1692115200,31.9,6.99,4.05,485.1,60.1,5.2,0.287,0.2,2.32,,,Ⅳ
2023-08-16T04:00:00+08:00,1692129600,31.5,6.96,3.62,487.1,82.7,5.56,0.354,0.224,2.26,,,Ⅳ
2023-08-16T08:00:00+08:00,1692144000,31.5,6.99,3.62,490.0,56.9,6.09,0.265,0.216,2.1,,,Ⅳ
2023-08-16T12:00:00+08:00,1692158400,32.3,6.98,4.29,484.2,47.4,5.1,0.265,0.211,2.22,,,Ⅳ
2023-08-16T16:00:00+08:00,1692172800,33.1,7.21,4.57,488.0,39.0,5.38,0.258,0.196,2.26,,,Ⅳ
2023-08-16T20:00:00+08:00,1692187200,32.9,7.12,4.48,488.6,53.2,5.5,0.259,0.204,2.17,,,Ⅳ
2023-08-17T00:00:00+08:00,1692201600,32.4,7.06,4.36,487.6,54.6,5.4,0.276,0.199,2.3,,,Ⅳ
2023-08-17T04:00:00+08:00,1692216000,32.1,7.03,3.95,487.6,84.7,5.45,0.324,0.222,2.24,,,Ⅳ
2023-08-17T08:00:00+08:00,1692230400,32.0,7.0,3.55,493.9,50.8,5.8,0.23,0.212,2.18,,,Ⅳ
2023-08-17T12:00:00+08:00,1692244800,32.6,7.0,4.24,488.4,51.6,5.85,0.257,0.216,2.2,,,Ⅳ
2023-08-17T16:00:00+08:00,1692259200,32.1,6.99,4.29,486.8,48.1,5.52,0.266,0.201,2.25,,,Ⅳ
2023-08-17T20:00:00+08:00,1692273600,31.9,7.02,4.61,489.7,61.6,5.63,0.278,0.205,2.16,,,Ⅳ
2023-08-18T00:00:00+08:00,1692288000,31.1,6.97,3.99,482.5,55.8,5.38,0.273,0.204,2.29,,,Ⅳ
2023-08-18T04:00:00+08:00,1692302400,30.7,7.03,3.38,482.0,62.1,5.12,0.285,0.208,2.31,,,Ⅳ
2023-08-18T08:00:00+08:00,1692316800,30.8,7.36,3.77,492.2,60.1,5.99,0.279,0.217,2.2,,,Ⅳ
2023-08-18T12:00:00+08:00,1692331200,31.4,7.31,3.9,486.7,46.4,5.4,0.262,0.216,2.21,,,Ⅳ
2023-08-18T16:00:00+08:00,1692345600,32.0,7.27,4.28,483.7,43.5,5.22,0.237,0.2,2.29,,,Ⅳ
2023-08-18T20:00:00+08:00,1692360000,31.8,7.26,4.43,491.3,62.6,5.41,0.281,0.206,2.18,,,Ⅳ
2023-08-19T00:00:00+08:00,1692374400,31.2,7.22,4.22,479.2,59.9,5.11,0.272,0.211,2.33,,,Ⅳ
2023-08-19T04:00:00+08:00,1692388800,30.7,7.18,3.59,476.9,63.6,5.07,0.328,0.215,2.42,,,Ⅳ
2023-08-19T08:00:00+08:00,1692403200,30.7,7.19,3.96,487.5,63.8,5.81,0.264,0.225,2.19,,,Ⅳ
2023-08-19T12:00:00+08:00,1692417600,31.2,7.11,4.44,481.4,51.5,5.48,0.278,0.224,2.26,,,Ⅳ
2023-08-19T16:00:00+08:00,1692432000,31.9,7.06,4.79,477.4,43.8,5.26,0.342,0.202,2.5,,,Ⅳ
2023-08-19T20:00:00+08:00,1692446400,31.6,7.07,4.91,483.1,59.2,5.19,0.282,0.208,2.26,,,Ⅳ
2023-08-20T00:00:00+08:00,1692460800,31.1,7.01,4.31,478.3,56.5,5.12,0.397,0.213,2.48,,,Ⅳ
2023-08-20T04:00:00+08:00,1692475200,30.7,6.97,3.6,473.7,58.4,4.95,0.395,0.203,2.52,,,Ⅳ
2023-08-20T08:00:00+08:00,1692489600,30.7,7.02,4.01,484.3,63.6,5.92,0.287,0.228,2.25,,,Ⅳ
2023-08-20T12:00:00+08:00,1692504000,31.5,7.02,4.51,479.5,45.6,5.44,0.312,0.224,2.34,,,Ⅳ
2023-08-20T16:00:00+08:00,1692518400,32.2,7.0,4.72,477.8,41.7,5.21,0.318,0.197,2.47,,,Ⅳ
2023-08-20T20:00:00+08:00,1692532800,32.0,7.03,4.92,482.2,55.1,5.07,0.309,0.206,2.3,,,Ⅳ
2023-08-21T00:00:00+08:00,1692547200,31.6,6.99,4.4,477.7,55.7,5.22,0.325,0.205,2.37,,,Ⅳ
2023-08-21T08:00:00+08:00,1692576000,31.0,6.99,4.11,482.0,63.5,4.87,0.332,0.201,2.43,,,Ⅳ
2023-08-21T12:00:00+08:00,1692590400,31.9,6.98,4.69,477.2,45.0,5.99,0.294,0.227,2.24,,,Ⅳ
2023-08-21T16:00:00+08:00,1692604800,32.7,6.99,5.03,475.0,49.7,5.41,0.265,0.218,2.31,,,Ⅳ
2023-08-21T20:00:00+08:00,1692619200,32.5,7.05,5.05,477.8,62.7,5.22,0.244,0.197,2.3,,,Ⅲ
2023-08-22T04:00:00+08:00,1692648000,31.5,6.96,3.73,472.5,59.3,5.19,0.248,0.195,2.26,,,Ⅳ
2023-08-22T08:00:00+08:00,1692662400,31.5,6.96,4.19,478.1,64.1,5.0,0.23,0.192,2.22,,,Ⅳ
2023-08-22T12:00:00+08:00,1692676800,32.1,7.05,4.94,481.1,43.5,5.86,0.243,0.221,2.15,,,Ⅳ
2023-08-22T16:00:00+08:00,1692691200,32.0,7.04,5.37,464.8,53.9,6.06,0.174,0.206,2.05,,,Ⅳ
2023-08-22T20:00:00+08:00,1692705600,31.8,7.02,5.18,474.7,76.4,5.2,0.196,0.19,2.12,,,Ⅲ
2023-08-23T04:00:00+08:00,1692734400,30.8,7.03,3.98,466.6,63.4,5.32,0.227,0.195,2.03,,,Ⅳ
2023-08-23T08:00:00+08:00,1692748800,30.7,6.97,3.82,467.4,67.2,4.82,0.244,0.192,2.15,,,Ⅳ
2023-08-23T12:00:00+08:00,1692763200,31.4,6.97,4.35,466.1,44.2,6.16,0.226,0.229,2.02,,,Ⅳ
2023-08-23T16:00:00+08:00,1692777600,31.9,7.01,4.75,466.3,45.5,5.49,0.211,0.211,2.11,,,Ⅳ
2023-08-23T20:00:00+08:00,1692792000,31.5,6.95,4.51,467.7,69.1,5.36,0.193,0.197,2.1,,,Ⅳ
2023-08-24T04:00:00+08:00,1692820800,30.8,6.96,3.86,466.6,59.4,5.52,0.231,0.194,2.0,,,Ⅳ
2023-08-24T08:00:00+08:00,1692835200,30.6,6.97,3.69,468.3,50.5,5.06,0.216,0.194,2.07,,,Ⅳ
2023-08-24T12:00:00+08:00,1692849600,31.4,7.02,4.25,468.4,42.2,5.15,0.208,0.214,2.03,,,Ⅳ
2023-08-24T16:00:00+08:00,1692864000,32.0,6.98,4.79,466.3,44.0,5.38,0.174,0.207,2.01,,,Ⅳ
2023-08-24T20:00:00+08:00,1692878400,31.9,6.95,4.41,468.5,50.1,5.93,0.184,0.201,2.0,,,Ⅳ
2023-08-25T04:00:00+08:00,1692907200,31.0,6.99,3.99,465.4,57.8,5.29,0.197,0.195,1.96,,,Ⅳ
2023-08-25T08:00:00+08:00,1692921600,30.7,7.0,3.51,465.7,40.4,4.83,0.217,0.203,1.95,,,Ⅳ
2023-08-25T12:00:00+08:00,1692936000,31.5,6.94,4.21,468.1,36.6,5.4,0.195,0.214,1.95,,,Ⅳ
2023-08-25T16:00:00+08:00,1692950400,32.2,7.57,5.53,460.9,47.8,5.15,0.166,0.22,1.92,,,Ⅳ
2023-08-25T20:00:00+08:00,1692964800,31.7,7.28,4.93,466.9,50.3,5.08,0.152,0.191,1.97,,,Ⅲ
2023-08-26T04:00:00+08:00,1692993600,30.8,7.24,3.96,468.4,55.1,5.21,0.187,0.198,1.89,,,Ⅳ
2023-08-26T08:00:00+08:00,1693008000,30.4,7.28,4.21,465.3,54.0,4.92,0.184,0.2,1.93,,,Ⅳ
2023-08-26T12:00:00+08:00,1693022400,30.6,7.34,4.15,466.7,47.9,5.53,0.204,0.218,2.02,,,Ⅳ
2023-08-26T16:00:00+08:00,1693036800,31.6,7.28,5.37,468.7,36.0,5.26,0.201,0.218,2.01,,,Ⅳ
2023-08-26T20:00:00+08:00,1693051200,31.4,7.55,5.75,467.7,56.0,5.16,0.166,0.189,1.97,,,Ⅲ
2023-08-27T09:34:00+08:00,1693100040,,,,,,,,,,,,
2023-08-27T12:00:00+08:00,1693108800,31.1,7.15,4.8,467.8,47.5,5.63,0.184,0.216,1.88,,,Ⅳ
2023-08-27T16:00:00+08:00,1693123200,31.8,7.13,5.25,466.2,43.5,5.25,0.182,0.216,2.0,,,Ⅳ
2023-08-27T20:00:00+08:00,1693137600,31.5,7.17,5.86,463.4,56.2,4.97,0.143,0.19,1.93,,,Ⅲ
2023-08-28T04:00:00+08:00,1693166400,30.7,7.1,4.45,470.0,52.7,5.1,0.157,0.191,1.84,,,Ⅳ
2023-08-28T08:00:00+08:00,1693180800,30.6,7.4,4.67,467.4,50.2,4.81,0.148,0.185,1.79,,,Ⅳ
2023-08-28T12:00:00+08:00,1693195200,31.4,7.42,5.02,466.5,47.8,5.44,0.149,0.201,1.82,,,Ⅳ
2023-08-28T16:00:00+08:00,1693209600,31.3,7.46,5.35,463.2,48.2,5.15,0.138,0.208,1.87,,,Ⅳ
2023-08-28T20:00:00+08:00,1693224000,30.6,7.37,5.28,461.3,50.4,4.99,0.139,0.185,1.85,,,Ⅲ
2023-08-29T04:00:00+08:00,1693252800,29.7,7.22,4.52,464.0,75.9,4.76,0.176,0.187,1.85,,,Ⅳ
2023-08-29T08:00:00+08:00,1693267200,29.4,7.22,4.42,461.8,59.9,4.97,0.181,0.2,1.74,,,Ⅳ
2023-08-29T12:00:00+08:00,1693281600,29.0,7.18,4.55,458.7,49.3,5.48,0.179,0.196,1.77,,,Ⅳ
2023-08-29T16:00:00+08:00,1693296000,28.9,7.22,4.79,459.6,57.9,4.87,0.189,0.2,1.96,,,Ⅳ
2023-08-29T20:00:00+08:00,1693310400,28.5,7.21,4.65,460.7,63.4,4.87,0.191,0.205,,,,Ⅳ
2023-08-30T04:00:00+08:00,1693339200,27.9,7.24,4.51,457.9,98.0,4.75,0.213,0.187,,,,Ⅳ
2023-08-30T08:00:00+08:00,1693353600,27.6,7.21,4.17,457.4,64.7,4.95,0.222,0.202,,,,Ⅳ
2023-08-30T12:00:00+08:00,1693368000,27.2,7.25,4.86,449.9,68.3,5.36,0.206,0.197,,,,Ⅳ
2023-08-30T16:00:00+08:00,1693382400,27.2,7.22,4.64,453.5,74.4,4.99,0.225,0.209,,,,Ⅳ
2023-08-30T20:00:00+08:00,1693396800,27.0,7.22,4.5,453.6,63.0,5.02,0.211,0.21,,,,Ⅳ
2023-08-31T04:00:00+08:00,1693425600,26.3,7.37,4.33,450.7,94.6,4.95,0.272,0.201,2.3,,,Ⅳ
2023-08-31T08:00:00+08:00,1693440000,26.3,7.3,4.08,454.8,62.5,5.13,0.249,0.207,2.11,,,Ⅳ
2023-08-31T12:00:00+08:00,1693454400,26.6,7.16,4.5,453.0,59.2,5.4,0.221,0.201,2.09,,,Ⅳ
2023-08-31T16:00:00+08:00,1693468800,27.0,7.01,4.38,456.1,59.4,5.01,0.251,0.205,2.38,,,Ⅳ
2023-08-31T20:00:00+08:00,1693483200,27.0,7.16,4.39,455.4,65.2,5.2,0.25,0.2,2.43,,,Ⅳ
2023-09-01T04:00:00+08:00,1693512000,26.5,6.96,3.99,453.4,93.9,4.78,0.277,0.193,2.48,,,Ⅳ
2023-09-01T08:00:00+08:00,1693526400,26.6,7.0,3.93,463.5,58.0,5.13,0.276,0.211,2.32,,,Ⅳ
2023-09-01T12:00:00+08:00,1693540800,27.0,7.23,4.52,457.7,60.5,5.29,0.2,0.202,2.24,,,Ⅳ
2023-09-01T16:00:00+08:00,1693555200,27.9,6.96,4.61,457.0,49.0,5.15,0.248,0.213,2.55,,,Ⅳ
2023-09-01T20:00:00+08:00,1693569600,27.9,7.07,5.11,455.9,57.9,4.87,0.231,0.186,2.49,,,Ⅲ
2023-09-02T04:00:00+08:00,1693598400,27.3,7.18,4.37,457.6,65.5,4.79,0.255,0.185,2.46,,,Ⅳ
2023-09-02T08:00:00+08:00,1693612800,27.1,7.14,4.8,465.0,65.0,4.52,0.256,0.186,2.41,,,Ⅳ
2023-09-02T12:00:00+08:00,1693627200,27.9,6.96,4.84,459.1,48.5,5.23,0.186,0.194,2.27,,,Ⅳ
2023-09-02T16:00:00+08:00,1693641600,29.2,6.96,5.26,460.2,47.7,5.09,0.201,0.197,2.45,,,Ⅲ
2023-09-02T20:00:00+08:00,1693656000,29.0,6.99,5.31,463.1,58.0,4.71,0.209,0.174,2.5,,,Ⅲ
2023-09-03T04:00:00+08:00,1693684800,28.2,6.95,4.69,463.5,61.3,4.75,0.203,0.176,2.41,,,Ⅳ
2023-09-03T08:00:00+08:00,1693699200,27.9,6.97,4.61,471.3,67.4,4.36,0.217,0.171,2.39,,,Ⅳ
2023-09-03T12:00:00+08:00,1693713600,28.8,6.93,4.81,463.1,54.7,5.32,0.147,0.184,2.28,,,Ⅳ
2023-09-03T16:00:00+08:00,1693728000,29.0,7.01,5.86,449.0,58.2,4.82,0.167,0.19,2.28,,,Ⅲ
2023-09-03T20:00:00+08:00,1693742400,28.6,7.03,5.66,441.9,113.2,4.68,0.192,0.172,2.28,,,Ⅲ
2023-09-04T04:00:00+08:00,1693771200,28.1,6.96,4.88,456.1,64.9,4.81,0.166,0.174,2.14,,,Ⅳ
2023-09-04T08:00:00+08:00,1693785600,27.9,6.95,4.71,435.8,109.6,4.32,0.185,0.171,2.22,,,Ⅳ
2023-09-04T12:00:00+08:00,1693800000,28.9,7.09,5.18,423.7,96.7,5.69,0.191,0.218,2.09,,,Ⅳ
2023-09-04T16:00:00+08:00,1693814400,29.7,7.14,5.7,435.7,63.7,5.27,0.151,0.195,2.24,,,Ⅳ
2023-09-04T20:00:00+08:00,1693828800,29.5,7.08,5.01,420.3,82.3,5.6,0.175,0.225,2.31,,,Ⅲ
2023-09-05T04:00:00+08:00,1693857600,29.1,7.02,4.7,447.3,65.4,5.22,0.152,0.199,2.21,,,Ⅳ
2023-09-05T08:00:00+08:00,1693872000,28.9,6.99,4.37,432.7,84.7,5.65,0.155,0.219,2.18,,,Ⅳ
2023-09-05T12:00:00+08:00,1693886400,29.3,7.25,5.11,429.8,60.3,5.0,0.131,0.212,2.28,,,Ⅳ
2023-09-05T16:00:00+08:00,1693900800,29.8,7.05,5.58,447.7,47.3,4.93,0.347,0.181,2.17,,,Ⅳ
2023-09-05T20:00:00+08:00,1693915200,29.6,7.0,5.35,436.8,66.6,4.97,0.346,0.187,2.24,,,Ⅲ
2023-09-06T04:00:00+08:00,1693944000,29.1,7.02,4.75,451.0,57.2,4.5,0.352,0.166,2.11,,,Ⅳ
2023-09-06T08:00:00+08:00,1693958400,29.0,7.15,4.59,444.3,68.6,5.31,0.352,0.207,2.07,,,Ⅳ
2023-09-06T12:00:00+08:00,1693972800,29.7,7.06,5.24,448.1,55.2,4.87,0.354,0.199,2.13,,,Ⅲ
2023-09-06T16:00:00+08:00,1693987200,30.2,7.09,5.63,455.9,39.6,4.44,0.351,0.168,2.01,,,Ⅲ
2023-09-06T20:00:00+08:00,1694001600,30.1,7.11,5.5,454.2,49.6,4.77,0.356,0.168,1.99,,,Ⅲ
2023-09-07T04:00:00+08:00,1694030400,29.4,7.01,4.72,461.7,53.7,4.09,0.356,0.155,2.0,,,Ⅳ
2023-09-07T12:00:00+08:00,1694059200,29.9,7.08,5.34,461.8,41.0,4.59,0.352,0.168,1.95,,,Ⅲ
2023-09-07T16:00:00+08:00,1694073600,30.5,7.04,5.67,471.4,35.6,4.5,0.36,0.15,2.0,,,Ⅲ
2023-09-07T20:00:00+08:00,1694088000,30.3,7.13,5.75,473.5,46.6,4.47,0.358,0.153,2.02,,,Ⅲ
2023-09-08T04:00:00+08:00,1694116800,29.5,7.08,4.85,477.6,49.6,4.21,0.355,0.156,1.94,,,Ⅳ
2023-09-08T08:00:00+08:00,1694131200,29.2,7.09,4.68,479.3,49.0,5.06,0.357,0.164,1.97,,,Ⅳ
2023-09-08T12:00:00+08:00,1694145600,29.8,7.13,5.18,481.7,37.5,4.49,0.355,0.163,1.92,,,Ⅲ
2023-09-08T16:00:00+08:00,1694160000,30.7,7.19,5.91,482.3,34.5,4.65,0.359,0.15,1.9,,,Ⅲ
2023-09-08T20:00:00+08:00,1694174400,30.4,7.29,6.37,483.1,42.8,4.38,0.358,0.148,1.84,,,Ⅲ
2023-09-09T04:00:00+08:00,1694203200,29.4,7.24,4.95,480.4,48.3,4.2,0.358,0.148,1.77,,,Ⅳ
2023-09-09T08:00:00+08:00,1694217600,29.2,7.32,5.19,483.4,56.2,5.22,0.36,0.162,1.78,,,Ⅲ
2023-09-09T12:00:00+08:00,1694232000,29.8,7.31,5.59,485.0,39.2,4.76,0.355,0.163,1.76,,,Ⅲ
2023-09-09T16:00:00+08:00,1694246400,30.3,7.25,6.14,482.2,34.1,4.58,0.361,0.141,1.73,,,Ⅲ
2023-09-09T20:00:00+08:00,1694260800,29.9,7.29,6.29,486.5,48.9,4.66,0.361,0.146,1.7,,,Ⅲ
2023-09-10T04:00:00+08:00,1694289600,29.0,7.22,5.2,479.6,50.8,4.42,0.358,0.149,1.65,,,Ⅲ
2023-09-10T08:00:00+08:00,1694304000,28.7,7.25,5.18,486.9,55.2,5.22,0.358,0.166,1.7,,,Ⅲ
2023-09-10T12:00:00+08:00,1694318400,29.5,7.28,5.33,484.5,41.1,4.83,,0.161,1.7,,,
2023-09-10T16:00:00+08:00,1694332800,30.1,7.26,5.49,484.8,37.3,4.47,,0.146,1.68,,,
2023-09-10T20:00:00+08:00,1694347200,30.2,7.34,6.11,491.7,48.8,4.54,,0.146,1.69,,,
2023-09-11T04:00:00+08:00,1694376000,29.3,7.34,5.42,483.6,61.0,4.55,,0.154,1.59,,,
2023-09-11T08:00:00+08:00,1694390400,29.3,7.31,5.13,489.0,52.3,5.2,,0.162,1.63,,,
2023-09-11T12:00:00+08:00,1694404800,29.9,7.28,5.19,492.2,43.0,4.7,,0.164,1.68,,,
2023-09-11T16:00:00+08:00,1694419200,30.6,7.36,6.03,491.6,40.7,4.56,,0.144,1.69,,,
2023-09-11T20:00:00+08:00,1694433600,30.4,7.3,5.72,496.9,52.5,4.55,0.13,0.151,1.76,,,Ⅲ
2023-09-12T04:00:00+08:00,1694462400,29.7,7.27,5.37,490.4,63.8,4.5,0.124,0.155,1.6,,,Ⅲ
2023-09-12T08:00:00+08:00,1694476800,29.6,7.24,5.21,489.3,57.2,5.27,0.131,0.172,1.6,,,Ⅲ
2023-09-12T12:00:00+08:00,1694491200,29.8,7.23,5.09,494.9,42.5,4.84,0.139,0.17,1.68,,,Ⅲ
2023-09-12T16:00:00+08:00,1694505600,30.5,7.34,6.01,495.3,42.7,4.62,0.1,0.149,1.66,,,Ⅲ
2023-09-12T20:00:00+08:00,1694520000,30.1,7.28,5.89,498.1,48.1,4.51,0.113,0.15,1.65,,,Ⅲ
2023-09-13T04:00:00+08:00,1694548800,29.4,7.22,5.19,497.6,69.0,4.65,0.133,0.163,1.57,,,Ⅲ
2023-09-13T08:00:00+08:00,1694563200,29.2,7.18,4.88,497.3,58.8,5.13,0.129,0.167,1.57,,,Ⅳ
2023-09-13T12:00:00+08:00,1694577600,29.2,7.14,4.88,497.6,44.7,4.86,0.129,0.171,1.66,,,Ⅳ
2023-09-13T16:00:00+08:00,1694592000,29.2,7.15,5.15,498.0,45.5,4.61,0.125,0.155,1.64,,,Ⅲ
2023-09-13T20:00:00+08:00,1694606400,28.7,7.11,4.97,498.5,46.6,4.57,0.135,0.153,1.61,,,Ⅳ
2023-09-14T04:00:00+08:00,1694635200,27.9,7.14,4.7,501.1,72.5,4.9,0.159,0.174,1.53,,,Ⅳ
2023-09-14T08:00:00+08:00,1694649600,27.9,7.11,4.45,501.6,53.8,5.36,0.137,0.169,1.54,,,Ⅳ
2023-09-14T12:00:00+08:00,1694664000,27.8,7.07,4.45,501.3,43.1,4.74,0.147,0.169,1.64,,,Ⅳ
2023-09-14T16:00:00+08:00,1694678400,27.8,7.09,4.66,500.8,45.2,4.68,0.151,0.162,1.64,,,Ⅳ
2023-09-14T20:00:00+08:00,1694692800,27.8,7.07,4.63,501.5,50.2,4.45,0.151,0.157,1.6,,,Ⅳ
2023-09-15T10:55:00+08:00,1694746500,,,,,,,,,,,,
2023-09-15T14:56:00+08:00,1694760960,,,,,,,,,,,,
2023-09-15T18:57:00+08:00,1694775420,,,,,,,,,,,,
2023-09-15T22:58:00+08:00,1694789880,,,,,,,,,,,,
2023-09-16T12:00:00+08:00,1694836800,27.2,7.01,4.23,508.8,44.2,,0.159,0.173,1.78,,,
2023-09-16T16:00:00+08:00,1694851200,27.4,7.02,4.46,509.0,44.9,4.78,0.146,0.154,1.83,,,Ⅳ
2023-09-16T20:00:00+08:00,1694865600,27.3,7.01,4.49,508.2,44.0,4.5,0.15,0.152,1.76,,,Ⅳ
2023-09-17T04:00:00+08:00,1694894400,26.9,7.0,3.99,510.5,57.1,4.2,0.154,0.152,1.94,,,Ⅳ
2023-09-17T08:00:00+08:00,1694908800,26.8,7.04,4.28,509.6,45.7,5.15,0.141,0.166,1.81,,,Ⅳ
2023-09-17T12:00:00+08:00,1694923200,27.9,6.98,4.16,512.0,42.0,4.63,0.146,0.17,1.89,,,Ⅳ
2023-09-17T16:00:00+08:00,1694937600,28.5,6.98,4.96,513.7,41.6,4.36,0.144,0.157,1.97,,,Ⅳ
2023-09-17T20:00:00+08:00,1694952000,28.6,6.93,4.85,511.3,39.7,4.42,0.142,0.151,1.82,,,Ⅳ
2023-09-18T04:00:00+08:00,1694980800,27.9,6.94,4.37,515.4,51.0,4.2,0.149,0.149,1.92,,,Ⅳ
2023-09-18T08:00:00+08:00,1694995200,27.8,6.94,4.38,514.9,52.0,5.0,0.14,0.171,1.87,,,Ⅳ
2023-09-18T12:00:00+08:00,1695009600,28.8,6.93,4.72,514.1,38.5,4.63,0.123,0.168,1.83,,,Ⅳ
2023-09-18T16:00:00+08:00,1695024000,29.6,6.94,5.28,519.0,40.9,4.38,0.12,0.156,1.88,,,Ⅲ
2023-09-18T20:00:00+08:00,1695038400,29.6,6.96,5.52,516.7,61.6,4.45,0.114,0.149,1.78,,,Ⅲ
2023-09-19T04:00:00+08:00,1695067200,29.0,6.9,4.58,517.9,47.2,4.25,0.135,0.147,1.9,,,Ⅳ
2023-09-19T08:00:00+08:00,1695081600,29.0,6.92,4.8,516.6,47.1,5.04,0.119,0.169,1.78,,,Ⅳ
2023-09-19T12:00:00+08:00,1695096000,29.7,6.97,5.53,517.7,40.1,4.7,0.093,0.165,1.72,,,Ⅲ
2023-09-19T16:00:00+08:00,1695110400,30.4,6.96,5.71,521.7,37.6,4.25,0.09,0.145,1.84,,,Ⅲ
2023-09-19T20:00:00+08:00,1695124800,30.3,6.97,5.97,520.4,41.6,4.22,0.083,0.146,1.68,,,Ⅲ
2023-09-20T04:00:00+08:00,1695153600,29.6,6.85,4.85,523.4,53.5,4.2,0.11,0.146,1.78,,,Ⅳ
2023-10-08T12:00:00+08:00,1696737600,22.6,7.64,5.61,525.9,45.5,3.53,0.087,0.132,1.72,,,Ⅲ
2023-10-08T16:00:00+08:00,1696752000,23.2,7.69,5.88,523.2,42.1,3.45,0.085,0.11,1.76,,,Ⅲ
2023-10-08T20:00:00+08:00,1696766400,23.2,7.68,6.07,521.9,48.1,3.37,0.092,0.109,1.79,,,Ⅲ
2023-10-09T04:00:00+08:00,1696795200,22.6,7.66,5.99,522.2,52.8,3.51,0.101,0.113,1.77,,,Ⅲ
2023-10-09T08:00:00+08:00,1696809600,22.3,7.62,5.43,521.7,59.6,3.51,0.101,0.113,1.77,,,Ⅲ
2023-10-10T04:00:00+08:00,1696881600,22.2,7.64,5.69,514.4,53.1,3.38,0.117,0.113,1.84,,,Ⅲ
2023-10-10T08:00:00+08:00,1696896000,22.1,7.61,5.27,513.3,59.4,3.59,0.106,0.124,1.83,,,Ⅲ
2023-10-10T12:00:00+08:00,1696910400,22.8,7.64,5.23,515.0,49.8,3.52,0.1,0.132,1.83,,,Ⅲ
2023-10-13T08:00:00+08:00,1697155200,22.6,7.6,6.0,492.0,59.9,3.47,0.097,0.113,1.88,,,Ⅲ
2023-10-13T12:00:00+08:00,1697169600,22.5,7.58,5.6,486.3,68.0,3.58,0.093,0.116,1.93,,,Ⅲ
2023-10-13T16:00:00+08:00,1697184000,22.5,7.56,5.86,487.1,65.8,3.38,0.094,0.131,1.99,,,Ⅲ
2023-10-13T20:00:00+08:00,1697198400,22.3,7.55,5.62,487.8,61.2,3.4,0.089,0.127,1.96,,,Ⅲ
2023-10-14T04:00:00+08:00,1697227200,21.7,7.51,5.5,482.5,73.9,3.32,0.098,0.115,2.05,,,Ⅲ
2023-10-14T08:00:00+08:00,1697241600,21.5,7.51,5.27,484.0,68.8,3.43,0.103,0.117,1.99,,,Ⅲ
2023-10-14T12:00:00+08:00,1697256000,22.0,7.48,5.28,484.2,58.2,3.4,0.092,0.127,2.0,,,Ⅲ
2023-10-14T16:00:00+08:00,1697270400,22.5,7.5,5.8,487.2,58.6,3.4,0.084,0.133,1.99,,,Ⅲ
2023-10-14T20:00:00+08:00,1697284800,22.3,7.53,5.87,488.5,56.9,3.55,0.085,0.118,1.94,,,Ⅲ
2023-10-15T04:00:00+08:00,1697313600,21.6,7.53,5.82,479.4,74.5,3.36,0.086,0.11,2.01,,,Ⅲ
2023-10-15T08:00:00+08:00,1697328000,21.5,7.54,5.59,486.4,64.1,3.37,0.092,0.113,1.99,,,Ⅲ
2023-10-15T12:00:00+08:00,1697342400,22.4,7.54,5.68,481.9,56.9,3.49,0.082,0.119,1.97,,,Ⅲ
2023-10-15T16:00:00+08:00,1697356800,22.9,7.54,6.05,481.9,52.3,3.31,0.078,0.123,2.03,,,Ⅲ
2023-10-15T20:00:00+08:00,1697371200,22.7,7.58,6.18,487.3,55.7,3.19,0.079,0.108,2.04,,,Ⅲ
2023-10-16T04:00:00+08:00,1697400000,22.0,7.58,5.94,470.4,69.3,3.12,0.086,0.103,2.06,,,Ⅲ
2023-10-16T08:00:00+08:00,1697414400,21.8,7.64,5.92,480.6,59.3,3.14,0.088,0.104,2.07,,,Ⅲ
2023-10-16T12:00:00+08:00,1697428800,22.7,7.62,5.74,473.0,56.4,3.29,0.08,0.115,2.0,,,Ⅲ
2023-10-16T16:00:00+08:00,1697443200,23.3,7.66,6.43,472.0,53.5,3.16,0.073,0.118,2.04,,,Ⅲ
2023-10-16T20:00:00+08:00,1697457600,23.0,7.73,6.51,484.9,55.8,3.13,0.066,0.103,2.03,,,Ⅲ
2023-10-17T04:00:00+08:00,1697486400,22.1,7.66,5.95,464.9,63.4,3.18,0.075,0.101,2.0,,,Ⅲ
2023-10-17T08:00:00+08:00,1697500800,21.9,7.72,6.06,478.7,68.3,3.51,0.086,0.121,1.97,,,Ⅲ
2023-10-17T12:00:00+08:00,1697515200,22.7,7.67,6.28,470.1,56.0,3.22,0.073,0.117,2.04,,,Ⅲ
2023-10-17T16:00:00+08:00,1697529600,23.3,7.65,6.16,467.4,55.7,3.22,0.073,0.117,2.04,,,Ⅲ
2023-10-17T20:00:00+08:00,1697544000,23.1,7.76,6.77,483.5,56.6,3.15,0.067,0.1,1.94,,,Ⅲ
2023-10-18T04:00:00+08:00,1697572800,22.2,7.65,5.78,459.0,65.9,2.93,0.084,0.098,2.13,,,Ⅲ
2023-10-18T08:00:00+08:00,1697587200,22.1,7.69,5.86,473.1,64.8,3.29,0.078,0.113,2.02,,,Ⅲ
2023-10-18T12:00:00+08:00,1697601600,22.8,7.66,6.17,468.7,56.2,3.17,0.07,0.112,2.1,,,Ⅲ
2023-10-18T16:00:00+08:00,1697616000,23.5,7.68,6.34,463.7,51.1,3.1,0.07,0.101,2.15,,,Ⅲ
2023-10-18T20:00:00+08:00,1697630400,23.2,7.75,6.62,479.3,62.7,3.16,0.068,0.098,1.93,,,Ⅱ
2023-10-19T04:00:00+08:00,1697659200,22.4,7.68,6.02,458.6,70.1,3.05,0.081,0.099,2.14,,,Ⅱ
2023-10-19T08:00:00+08:00,1697673600,22.3,7.69,5.83,471.4,65.8,3.17,0.076,0.11,2.09,,,Ⅲ
2023-10-19T12:00:00+08:00,1697688000,23.2,7.69,6.28,465.2,60.1,3.08,0.068,0.114,2.07,,,Ⅲ
2023-10-19T16:00:00+08:00,1697702400,23.8,7.69,6.51,467.3,55.3,2.93,0.053,0.1,2.14,,,Ⅱ
2023-10-19T20:00:00+08:00,1697716800,23.7,7.72,6.33,475.2,64.2,3.05,0.071,0.101,1.94,,,Ⅲ
2023-10-20T04:00:00+08:00,1697745600,22.8,7.68,5.89,465.7,66.4,3.15,0.08,0.1,2.11,,,Ⅲ
2023-10-20T08:00:00+08:00,1697760000,22.5,7.71,5.69,467.5,69.2,3.32,0.08,0.106,2.03,,,Ⅲ
2023-10-20T12:00:00+08:00,1697774400,22.1,7.73,6.03,469.3,61.7,3.15,0.074,0.112,2.03,,,Ⅲ
2023-10-20T16:00:00+08:00,1697788800,22.1,7.73,6.2,468.4,58.9,3.25,0.075,0.115,2.09,,,Ⅲ
2023-10-20T20:00:00+08:00,1697803200,21.6,7.78,6.4,473.0,64.9,3.16,0.08,0.101,,,,Ⅲ
2023-10-21T04:00:00+08:00,1697832000,20.7,7.75,5.85,464.9,67.1,2.92,0.089,0.099,2.07,,,Ⅲ
2023-10-21T08:00:00+08:00,1697846400,20.5,7.76,6.0,462.6,73.5,3.17,0.087,0.11,2.1,,,Ⅲ
2023-10-21T12:00:00+08:00,1697860800,21.2,7.86,6.63,464.8,53.8,3.14,0.071,0.101,2.07,,,Ⅲ
2023-10-21T16:00:00+08:00,1697875200,21.9,,6.72,464.1,53.1,3.11,0.075,0.095,2.13,,,
2023-10-21T20:00:00+08:00,1697889600,21.4,,6.87,465.3,55.6,3.12,0.078,0.093,2.1,,,
2023-10-22T04:00:00+08:00,1697918400,20.6,,6.27,453.7,63.5,3.14,0.09,0.096,2.18,,,
2023-10-22T08:00:00+08:00,1697932800,20.1,,6.19,453.2,64.1,2.8,0.084,0.099,2.15,,,
2023-10-22T12:00:00+08:00,1697947200,20.9,,6.33,456.5,56.3,3.06,0.078,0.109,2.18,,,
2023-10-22T16:00:00+08:00,1697961600,21.7,,6.85,455.2,53.4,2.68,0.076,0.096,2.22,,,
2023-10-22T20:00:00+08:00,1697976000,21.4,,7.11,456.2,59.2,2.95,0.08,0.091,2.2,,,
2023-10-23T04:00:00+08:00,1698004800,20.7,,6.48,452.0,65.0,2.95,0.09,0.095,2.22,,,
2023-10-23T08:00:00+08:00,1698019200,20.4,,6.25,446.3,76.7,3.2,0.093,0.106,2.23,,,
2023-10-23T12:00:00+08:00,1698033600,21.4,,6.33,450.6,57.5,3.07,0.086,0.106,2.24,,,
2023-10-23T16:00:00+08:00,1698048000,22.5,,7.03,452.4,62.9,2.86,0.077,0.094,2.19,,,
2023-10-23T20:00:00+08:00,1698062400,21.9,,7.06,453.8,63.0,2.86,0.089,0.093,2.25,,,
2023-10-24T00:00:00+08:00,1698076800,21.7,,6.72,456.4,58.6,2.86,0.089,0.093,2.25,,,
2023-10-24T04:00:00+08:00,1698091200,21.4,,6.29,453.7,61.8,2.86,0.092,0.091,2.22,,,
2023-10-24T08:00:00+08:00,1698105600,21.0,,6.21,448.3,77.5,3.1,0.098,0.105,2.26,,,
2023-10-24T12:00:00+08:00,1698120000,22.0,7.95,6.05,451.2,65.5,2.98,0.088,0.106,2.26,,,Ⅲ
2023-10-24T16:00:00+08:00,1698134400,22.9,8.1,6.74,451.5,56.7,2.85,0.084,0.093,2.25,,,Ⅱ
2023-10-24T20:00:00+08:00,1698148800,22.6,8.12,6.91,453.2,64.0,3.07,0.081,0.092,2.21,,,Ⅱ
2023-10-25T00:00:00+08:00,1698163200,22.2,8.06,6.28,454.9,68.9,3.07,0.081,0.092,2.21,,,Ⅱ
2023-10-25T04:00:00+08:00,1698177600,21.9,8.09,6.74,460.8,66.3,2.86,0.08,0.093,2.15,,,Ⅱ
2023-10-25T08:00:00+08:00,1698192000,21.6,8.03,6.25,453.6,73.9,3.09,0.092,0.103,2.21,,,Ⅲ
2023-10-25T12:00:00+08:00,1698206400,22.5,7.98,6.03,449.3,72.8,3.03,0.095,0.113,2.3,,,Ⅲ
2023-10-25T16:00:00+08:00,1698220800,23.1,8.01,6.7,453.2,64.4,2.94,0.083,0.097,2.26,,,Ⅱ
2023-10-25T20:00:00+08:00,1698235200,22.9,8.0,6.69,451.8,66.5,2.77,0.088,0.093,2.27,,,Ⅱ
2023-10-26T00:00:00+08:00,1698249600,22.7,7.97,6.07,454.1,68.7,2.77,0.088,0.093,2.27,,,Ⅱ
2023-10-26T04:00:00+08:00,1698264000,22.4,8.02,6.45,458.5,68.5,2.88,0.087,0.094,2.15,,,Ⅱ
2023-10-26T08:00:00+08:00,1698278400,22.3,7.98,6.01,455.2,73.2,2.97,0.085,0.101,2.25,,,Ⅲ
2023-10-26T12:00:00+08:00,1698292800,23.1,8.0,5.71,452.9,69.7,5.07,0.086,0.112,2.3,,,Ⅲ
2023-10-26T16:00:00+08:00,1698307200,23.8,7.5,6.62,459.8,63.9,3.1,0.075,0.096,2.25,,,Ⅱ
2023-10-26T20:00:00+08:00,1698321600,23.4,7.7,6.46,456.9,65.2,3.08,0.078,0.09,2.25,,,Ⅱ
2023-10-27T04:00:00+08:00,1698350400,22.7,7.77,6.17,462.0,78.5,3.06,0.086,0.096,2.2,,,Ⅱ
2023-10-27T08:00:00+08:00,1698364800,22.5,7.82,6.01,462.8,69.1,3.12,0.082,0.102,2.18,,,Ⅲ
2023-10-27T12:00:00+08:00,1698379200,22.9,7.94,6.16,460.7,69.3,2.89,0.083,0.111,2.31,,,Ⅲ
2023-10-27T16:00:00+08:00,1698393600,23.2,7.98,6.3,461.4,63.4,2.98,0.078,0.098,2.22,,,Ⅱ
2023-10-27T20:00:00+08:00,1698408000,22.9,7.95,6.43,464.2,60.0,3.03,0.079,0.095,2.16,,,Ⅱ
2023-10-28T04:00:00+08:00,1698436800,22.0,7.77,5.92,469.2,75.2,3.05,0.088,0.099,2.21,,,Ⅲ
2023-10-28T08:00:00+08:00,1698451200,21.8,7.72,6.06,468.1,70.2,3.16,0.081,0.105,2.12,,,Ⅲ
2023-10-28T12:00:00+08:00,1698465600,22.3,7.71,6.25,472.2,65.7,3.18,0.077,0.111,2.3,,,Ⅲ
2023-10-28T16:00:00+08:00,1698480000,22.9,7.68,6.31,468.0,63.8,2.96,0.076,0.098,2.31,,,Ⅱ
2023-10-28T20:00:00+08:00,1698494400,22.6,7.74,6.45,471.7,66.3,3.01,0.08,0.096,2.22,,,Ⅱ
2023-10-29T04:00:00+08:00,1698523200,21.6,7.63,6.14,462.7,77.3,2.9,0.087,0.096,2.23,,,Ⅱ
2023-10-29T08:00:00+08:00,1698537600,21.3,7.61,6.2,470.7,69.9,3.15,0.081,0.102,2.17,,,Ⅲ
2023-10-29T12:00:00+08:00,1698552000,22.2,7.65,6.46,464.1,63.1,2.92,0.074,0.102,2.25,,,Ⅲ
2023-10-29T16:00:00+08:00,1698566400,22.8,7.73,6.67,466.3,64.0,2.97,0.073,0.097,2.24,,,Ⅱ
2023-10-29T20:00:00+08:00,1698580800,22.6,7.83,6.96,471.0,60.7,2.89,0.073,0.095,2.12,,,Ⅱ
2023-10-30T04:00:00+08:00,1698609600,21.6,7.67,6.41,467.4,71.9,2.95,0.082,0.095,2.25,,,Ⅱ
2023-10-30T08:00:00+08:00,1698624000,21.5,7.62,6.5,471.3,72.4,3.19,0.08,0.107,2.14,,,Ⅲ
2023-10-30T12:00:00+08:00,1698638400,22.2,7.57,6.74,470.0,60.3,3.1,0.071,0.103,2.19,,,Ⅲ
2023-10-31T12:00:00+08:00,1698724800,22.5,7.6,6.56,470.5,61.7,3.08,0.067,0.101,2.14,,,Ⅲ
2023-10-31T16:00:00+08:00,1698739200,23.1,7.71,6.6,472.2,55.1,3.12,0.065,0.091,2.2,,,Ⅱ
2023-10-31T20:00:00+08:00,1698753600,22.8,7.72,7.36,477.1,62.1,2.92,0.069,0.091,2.07,,,Ⅱ
2023-11-01T04:00:00+08:00,1698782400,21.9,7.49,5.85,468.0,68.6,2.87,0.081,0.087,2.2,,,Ⅲ
2023-11-01T08:00:00+08:00,1698796800,21.7,7.5,6.36,469.4,63.6,3.11,0.076,0.099,2.15,,,Ⅱ
2023-11-01T12:00:00+08:00,1698811200,22.5,7.62,6.25,469.7,59.6,2.86,0.071,0.099,2.17,,,Ⅱ
2023-11-01T16:00:00+08:00,1698825600,23.2,7.68,6.45,471.9,89.8,2.94,0.07,0.089,2.21,,,Ⅱ
2023-11-01T20:00:00+08:00,1698840000,22.7,7.72,6.76,474.3,58.2,2.95,0.073,0.088,2.1,,,Ⅱ
2023-11-02T04:00:00+08:00,1698868800,21.8,6.83,6.1,468.5,72.4,2.9,0.084,0.09,2.19,,,Ⅱ
2023-11-02T08:00:00+08:00,1698883200,21.6,6.84,6.0,469.3,68.6,3.15,0.083,0.101,2.19,,,Ⅲ
2023-11-02T12:00:00+08:00,1698897600,22.4,6.85,6.23,469.2,56.2,3.05,0.078,0.109,2.17,,,Ⅲ
2023-11-02T16:00:00+08:00,1698912000,23.0,6.9,6.93,472.9,58.2,2.98,0.073,0.098,2.19,,,Ⅱ
2023-11-02T20:00:00+08:00,1698926400,22.6,6.88,6.62,472.8,56.8,2.88,0.076,0.089,2.15,,,Ⅱ
2023-11-03T04:00:00+08:00,1698955200,21.9,6.98,6.65,469.4,65.9,2.88,0.09,0.091,2.24,,,Ⅱ
2023-11-03T08:00:00+08:00,1698969600,21.7,7.01,6.18,468.2,67.4,3.03,0.082,0.102,2.22,,,Ⅲ
2023-11-03T12:00:00+08:00,1698984000,22.6,7.23,5.99,468.4,62.1,2.86,0.076,0.107,2.19,,,Ⅲ
2023-11-03T16:00:00+08:00,1698998400,23.3,7.23,6.91,472.3,62.7,2.85,0.073,0.093,2.22,,,Ⅱ
2023-11-03T20:00:00+08:00,1699012800,22.9,7.24,6.48,473.2,58.5,2.84,0.076,0.087,2.18,,,Ⅱ
2023-11-04T04:00:00+08:00,1699041600,22.5,7.66,6.14,471.0,64.6,2.58,0.087,0.086,2.22,,,Ⅱ
2023-11-04T08:00:00+08:00,1699056000,22.3,8.22,5.64,468.7,70.4,2.95,0.082,0.099,2.18,,,Ⅲ
2023-11-04T12:00:00+08:00,1699070400,22.7,8.14,6.22,470.2,64.5,2.71,0.076,0.109,2.23,,,Ⅲ
2023-11-04T16:00:00+08:00,1699084800,23.3,8.01,6.45,473.6,59.1,2.68,0.076,0.091,2.27,,,Ⅱ
2023-11-04T20:00:00+08:00,1699099200,23.2,8.02,6.21,474.8,57.1,2.64,0.083,0.088,2.26,,,Ⅱ
2023-11-05T07:45:00+08:00,1699141500,,,,,,,,,,,,
2023-11-05T11:46:00+08:00,1699155960,,,,,,,,,,,,
2023-11-05T15:47:00+08:00,1699170420,,,,,,,,,,,,
2023-11-05T19:47:00+08:00,1699184820,,,,,,,,,,,,
2023-11-05T23:48:00+08:00,1699199280,,,,,,,,,,,,
2023-11-06T03:49:00+08:00,1699213740,,,,,,,,,,,,
2023-11-06T20:00:00+08:00,1699272000,20.9,7.65,7.75,492.1,68.6,3.28,0.132,0.097,2.28,,,Ⅱ
2023-11-07T04:00:00+08:00,1699300800,19.7,7.6,7.6,485.8,63.1,2.97,0.11,0.095,2.16,,,Ⅱ
2023-11-07T08:00:00+08:00,1699315200,19.3,7.57,7.5,487.5,68.6,3.43,0.122,,2.26,,,
2023-11-07T12:00:00+08:00,1699329600,20.1,7.51,7.14,484.7,70.8,3.03,0.129,0.11,2.33,,,Ⅲ
2023-11-07T16:00:00+08:00,1699344000,20.7,7.44,7.73,487.2,61.6,3.12,0.117,0.101,2.29,,,Ⅲ
2023-11-07T20:00:00+08:00,1699358400,20.3,7.35,7.58,491.3,68.5,2.99,0.128,0.095,2.25,,,Ⅱ
2023-11-08T08:00:00+08:00,1699401600,18.8,7.21,6.62,485.2,75.0,3.38,0.131,0.104,,,,Ⅲ
2023-11-08T12:00:00+08:00,1699416000,19.1,7.18,6.92,491.3,68.7,3.15,0.133,,,,,
2023-11-08T16:00:00+08:00,1699430400,19.2,7.14,6.76,492.8,60.5,2.93,0.123,0.11,2.31,,,Ⅲ
2023-11-08T20:00:00+08:00,1699444800,19.3,7.09,7.57,484.0,71.5,2.89,0.129,0.095,2.3,,,Ⅱ
2023-11-09T04:00:00+08:00,1699473600,18.9,7.01,7.37,487.1,73.3,2.93,0.139,0.092,2.27,,,Ⅱ
2023-11-09T08:00:00+08:00,1699488000,18.9,6.91,6.82,495.9,76.1,3.36,0.143,0.103,2.29,,,Ⅲ
2023-11-09T12:00:00+08:00,1699502400,19.7,6.77,6.86,488.0,73.0,3.09,0.134,0.118,2.32,,,Ⅲ
2023-11-09T16:00:00+08:00,1699516800,19.6,6.83,7.03,489.7,73.8,2.97,0.139,0.099,2.29,,,Ⅱ
2023-11-09T20:00:00+08:00,1699531200,19.6,6.84,6.97,487.0,67.9,2.9,0.144,0.095,2.31,,,Ⅱ
2023-11-10T04:00:00+08:00,1699560000,19.4,6.82,6.86,485.9,75.0,2.99,0.156,0.097,,,,Ⅱ
2023-11-10T08:00:00+08:00,1699574400,19.0,6.8,7.26,484.2,72.3,3.15,0.139,0.099,,,,Ⅱ
2023-11-10T16:00:00+08:00,1699603200,18.6,6.83,7.53,486.7,71.5,3.18,0.148,0.114,2.22,,,Ⅲ
2023-11-10T20:00:00+08:00,1699617600,18.4,6.82,7.51,487.5,67.4,2.96,0.153,0.1,2.24,,,Ⅲ
2023-11-11T04:00:00+08:00,1699646400,17.9,6.85,7.54,488.0,71.3,2.94,0.179,0.102,2.24,,,Ⅲ
2023-11-11T08:00:00+08:00,1699660800,17.8,6.9,7.18,486.9,68.0,3.31,0.144,0.105,2.26,,,Ⅲ
2023-11-11T12:00:00+08:00,1699675200,17.8,6.95,7.66,496.8,64.2,3.32,0.165,0.119,2.35,,,Ⅲ
2023-11-11T16:00:00+08:00,1699689600,17.8,6.91,7.72,499.1,62.5,3.1,0.155,0.102,2.34,,,Ⅲ
2023-11-11T20:00:00+08:00,1699704000,17.6,6.89,7.86,498.7,64.4,3.1,0.171,0.099,2.37,,,Ⅱ
2023-11-12T00:00:00+08:00,1699718400,17.4,6.91,7.62,489.6,67.2,2.97,0.15,0.096,2.39,,,Ⅱ
2023-11-12T04:00:00+08:00,1699732800,17.1,6.92,7.48,491.5,65.6,2.88,0.154,0.095,2.36,,,Ⅱ
2023-11-12T08:00:00+08:00,1699747200,16.9,6.97,7.78,490.7,64.4,3.19,0.127,0.098,2.38,,,Ⅱ
2023-11-12T12:00:00+08:00,1699761600,16.9,6.97,7.44,494.4,60.1,3.21,0.143,0.121,2.37,,,Ⅲ
2023-11-12T16:00:00+08:00,1699776000,16.7,7.02,7.64,497.0,58.9,3.12,0.146,0.104,2.37,,,Ⅲ
2023-11-12T20:00:00+08:00,1699790400,16.4,7.09,7.67,495.9,54.0,3.03,0.155,0.093,2.34,,,Ⅱ
2023-11-13T00:00:00+08:00,1699804800,15.8,7.06,7.61,493.0,62.5,2.95,0.165,0.091,2.4,,,Ⅱ
2023-11-13T04:00:00+08:00,1699819200,15.3,7.06,7.94,491.8,61.0,2.89,0.163,0.09,2.41,,,Ⅱ
2023-11-13T08:00:00+08:00,1699833600,14.9,7.3,7.76,491.8,60.4,3.16,0.138,0.1,2.4,,,Ⅲ
2023-11-13T12:00:00+08:00,1699848000,15.4,7.21,8.08,493.8,58.7,,0.146,0.101,2.43,,,
2023-11-13T16:00:00+08:00,1699862400,15.7,7.55,7.97,500.4,56.5,3.89,0.152,0.099,2.4,,,Ⅱ
2023-11-14T08:22:00+08:00,1699921320,,,,,,,,,,,,
2023-11-14T12:00:00+08:00,1699934400,15.6,8.05,7.77,493.6,62.4,3.66,0.148,0.106,2.45,,,Ⅲ
2023-11-14T12:23:00+08:00,1699935780,,,,,,,,,,,,
2023-11-14T16:00:00+08:00,1699948800,16.0,8.09,8.07,497.1,70.8,3.81,0.157,0.1,2.46,,,Ⅲ
2023-11-14T20:00:00+08:00,1699963200,15.5,8.12,8.15,494.7,66.8,3.62,0.163,0.088,2.4,,,Ⅱ
2023-11-15T04:00:00+08:00,1699992000,14.7,8.12,7.78,493.3,73.9,3.67,0.168,0.091,2.47,,,Ⅱ
2023-11-15T08:00:00+08:00,1700006400,14.5,8.14,8.12,495.7,70.9,3.85,0.144,0.095,2.43,,,Ⅱ
2023-11-15T12:00:00+08:00,1700020800,15.1,8.13,7.82,497.8,67.1,3.79,0.142,0.103,2.45,,,Ⅲ
2023-11-15T16:00:00+08:00,1700035200,15.7,8.14,8.3,502.4,63.4,3.79,0.143,0.098,2.48,,,Ⅱ
2023-11-15T20:00:00+08:00,1700049600,15.4,8.16,8.4,502.5,69.7,3.77,0.158,0.09,2.4,,,Ⅱ
2023-11-16T00:00:00+08:00,1700064000,15.3,8.12,7.86,501.3,71.1,3.77,0.153,0.087,2.46,,,Ⅱ
2023-11-16T04:00:00+08:00,1700078400,15.3,8.1,8.04,497.2,72.4,3.64,0.155,0.086,2.51,,,Ⅱ
2023-11-16T08:00:00+08:00,1700092800,15.0,8.08,7.92,497.9,64.7,3.78,0.129,0.084,2.44,,,Ⅱ
2023-11-16T16:00:00+08:00,1700121600,15.1,8.14,8.61,495.6,66.2,3.7,0.156,0.1,2.56,,,Ⅱ
2023-11-16T20:00:00+08:00,1700136000,14.8,8.14,8.85,497.7,64.9,3.62,0.156,0.085,2.59,,,Ⅱ
2023-11-17T04:00:00+08:00,1700164800,13.8,8.1,8.42,496.8,74.7,3.61,0.16,0.089,2.55,,,Ⅱ
2023-11-17T08:00:00+08:00,1700179200,13.6,8.13,8.73,497.5,67.4,3.86,0.135,0.093,2.54,,,Ⅱ
2023-11-17T12:00:00+08:00,1700193600,14.2,8.15,8.76,499.8,63.0,3.81,0.138,0.1,2.51,,,Ⅱ
2023-11-17T16:00:00+08:00,1700208000,14.7,8.2,9.3,503.3,64.4,3.74,0.142,0.098,2.47,,,Ⅱ
2023-11-17T20:00:00+08:00,1700222400,14.1,8.14,9.03,503.5,65.9,3.68,0.15,0.088,2.48,,,Ⅱ
2023-11-18T04:00:00+08:00,1700251200,13.4,8.13,9.03,502.2,69.6,3.47,0.16,0.088,2.46,,,Ⅱ
2023-11-18T08:00:00+08:00,1700265600,13.1,8.1,8.71,501.7,74.3,3.85,0.138,0.094,2.45,,,Ⅱ
2023-11-18T12:00:00+08:00,1700280000,13.8,8.1,9.0,502.3,62.6,3.66,0.129,0.097,2.52,,,Ⅱ
2023-11-18T16:00:00+08:00,1700294400,14.4,8.1,9.06,505.3,57.4,3.68,0.134,0.094,2.5,,,Ⅱ
2023-11-18T20:00:00+08:00,1700308800,13.8,8.11,9.21,506.4,58.7,3.66,0.142,0.085,2.52,,,Ⅱ
2023-11-19T04:00:00+08:00,1700337600,13.0,8.14,9.18,505.1,68.7,3.59,0.152,0.085,2.51,,,Ⅱ
2023-11-19T08:00:00+08:00,1700352000,12.6,8.01,8.56,503.5,63.2,3.84,0.126,0.089,2.44,,,Ⅱ
2023-11-19T12:00:00+08:00,1700366400,13.6,8.03,8.57,506.0,61.1,3.62,0.127,0.094,2.47,,,Ⅱ
2023-11-19T16:00:00+08:00,1700380800,14.5,8.1,9.27,508.0,59.5,3.63,0.128,0.092,2.51,,,Ⅱ
2023-11-19T20:00:00+08:00,1700395200,14.2,8.05,9.08,509.5,65.9,3.66,0.149,0.084,2.58,,,Ⅱ
2023-11-20T04:00:00+08:00,1700424000,13.5,8.04,8.76,508.7,70.8,3.61,0.144,0.086,2.47,,,Ⅱ
2023-11-20T08:00:00+08:00,1700438400,13.0,8.0,8.78,508.5,70.0,4.0,0.132,0.092,2.47,,,Ⅱ
2023-11-20T12:00:00+08:00,1700452800,13.8,7.99,8.68,509.2,62.8,3.7,,,,,,
2023-11-20T16:00:00+08:00,1700467200,14.9,8.01,8.88,512.6,63.4,3.66,0.139,0.116,2.78,,,Ⅲ
2023-11-20T20:00:00+08:00,1700481600,14.4,8.01,9.09,515.0,65.2,3.68,0.163,0.093,2.8,,,Ⅱ
2023-11-21T04:00:00+08:00,1700510400,13.8,7.96,8.95,514.6,62.2,3.66,0.154,0.088,2.78,,,Ⅱ
2023-11-21T08:00:00+08:00,1700524800,13.6,7.94,8.57,515.4,73.3,4.1,0.145,0.104,2.63,,,Ⅲ
2023-11-21T12:00:00+08:00,1700539200,14.0,7.94,8.6,517.2,63.8,3.84,0.148,0.104,2.83,,,Ⅲ
2023-11-21T16:00:00+08:00,1700553600,15.3,7.97,8.78,517.1,52.4,3.63,0.128,0.091,2.67,,,Ⅱ
2023-11-21T20:00:00+08:00,1700568000,15.0,7.98,8.82,516.5,62.7,3.78,0.139,0.091,2.62,,,Ⅱ
2023-11-22T04:00:00+08:00,1700596800,14.4,7.95,8.58,518.3,57.6,3.67,0.146,0.088,2.57,,,Ⅱ
2023-11-22T08:00:00+08:00,1700611200,14.0,7.91,8.49,519.3,67.3,3.87,0.13,0.093,2.6,,,Ⅱ
2023-11-22T12:00:00+08:00,1700625600,14.7,7.88,8.06,521.3,59.7,3.67,0.133,0.099,2.74,,,Ⅱ
2023-11-22T16:00:00+08:00,1700640000,15.7,7.93,8.3,521.7,57.1,3.77,0.135,0.087,2.69,,,Ⅱ
2023-11-22T20:00:00+08:00,1700654400,15.7,7.97,8.74,520.8,69.9,3.78,0.138,0.087,2.68,,,Ⅱ
2023-11-23T04:00:00+08:00,1700683200,15.4,7.91,8.4,521.9,58.4,3.66,0.136,0.081,2.69,,,Ⅱ
2023-11-23T08:00:00+08:00,1700697600,15.1,7.84,7.49,526.3,64.6,3.85,0.145,0.088,2.64,,,Ⅱ
2023-11-23T12:00:00+08:00,1700712000,15.8,7.85,7.94,527.4,58.0,3.79,0.156,0.103,2.77,,,Ⅲ
2023-11-23T16:00:00+08:00,1700726400,16.3,7.94,8.27,527.3,59.8,3.7,0.144,0.094,2.83,,,Ⅱ
2023-11-23T20:00:00+08:00,1700740800,16.0,7.98,8.28,529.8,62.0,3.7,0.156,0.084,2.72,,,Ⅱ
2023-11-24T04:00:00+08:00,1700769600,15.0,7.96,8.18,529.4,66.2,3.66,0.146,0.084,2.82,,,Ⅱ
2023-11-24T08:00:00+08:00,1700784000,14.6,7.92,8.19,530.6,63.2,4.05,0.129,0.088,2.79,,,Ⅲ
2023-11-24T12:00:00+08:00,1700798400,14.9,7.97,8.43,533.5,59.6,3.77,0.154,,2.81,,,
2023-11-24T16:00:00+08:00,1700812800,15.4,8.03,8.79,532.6,62.3,3.8,0.133,,2.78,,,
2023-11-24T20:00:00+08:00,1700827200,14.9,8.0,8.8,532.9,58.9,3.65,0.145,,2.81,,,
2023-11-25T04:00:00+08:00,1700856000,13.9,7.98,8.46,533.8,64.3,3.63,0.144,,2.74,,,
2023-11-25T08:00:00+08:00,1700870400,13.7,7.92,8.41,535.1,64.1,3.89,0.13,,2.77,,,
2023-11-25T12:00:00+08:00,1700884800,14.2,7.92,8.5,538.5,58.6,4.11,0.148,,2.81,,,
2023-11-25T16:00:00+08:00,1700899200,16.3,7.36,8.86,537.6,54.1,,0.127,,,,,
2023-11-25T20:00:00+08:00,1700913600,14.2,8.16,9.05,538.2,58.4,3.84,0.123,,2.82,,,
2023-11-26T04:00:00+08:00,1700942400,13.8,8.33,8.42,540.1,60.7,,0.131,0.081,2.74,,,
2023-11-26T08:00:00+08:00,1700956800,13.6,8.43,8.44,539.3,54.2,,0.116,0.082,2.77,,,
2023-11-26T12:00:00+08:00,1700971200,14.3,8.74,8.49,541.1,54.4,3.64,0.133,0.088,2.8,,,Ⅱ
2023-11-26T16:00:00+08:00,1700985600,14.4,8.56,8.47,541.1,54.6,3.82,0.134,0.086,2.84,,,Ⅱ
2023-11-26T20:00:00+08:00,1701000000,14.4,8.69,8.85,540.8,45.4,3.68,0.109,0.082,2.81,,,Ⅱ
2023-11-27T08:00:00+08:00,1701043200,14.0,8.61,8.1,543.0,52.2,3.91,0.108,0.079,2.78,,,Ⅱ
2023-11-27T12:00:00+08:00,1701057600,14.8,8.68,8.16,544.2,55.4,3.82,0.139,0.093,2.79,,,Ⅱ
2023-11-27T16:00:00+08:00,1701072000,15.2,8.37,8.6,546.5,54.7,3.7,0.136,0.087,2.94,,,Ⅱ
2023-11-27T20:00:00+08:00,1701086400,14.9,8.4,8.7,544.8,56.7,3.67,0.113,0.079,2.8,,,Ⅱ
2023-11-28T04:00:00+08:00,1701115200,14.3,8.99,8.35,548.7,50.4,3.49,0.134,0.075,2.81,,,Ⅱ
2023-11-28T08:00:00+08:00,1701129600,14.0,9.03,8.54,548.4,51.8,3.85,0.126,0.082,2.77,,,劣Ⅴ
2023-11-28T12:00:00+08:00,1701144000,14.6,8.88,8.36,548.3,48.7,3.8,0.118,0.088,2.79,,,Ⅱ
2023-11-29T08:00:00+08:00,1701216000,14.0,8.88,8.42,551.0,52.1,3.84,0.104,0.081,2.81,,,Ⅱ
2023-11-29T08:01:00+08:00,1701216060,,,,,,,,,,,,
2023-11-29T12:00:00+08:00,1701230400,14.9,4.45,8.46,549.9,52.3,3.82,0.106,0.088,2.75,,,劣Ⅴ
2023-11-29T16:00:00+08:00,1701244800,15.4,4.37,8.71,552.2,58.9,3.92,0.126,0.089,2.88,,,劣Ⅴ
2023-11-29T20:00:00+08:00,1701259200,15.2,4.36,8.96,550.9,46.8,3.81,0.098,0.081,2.83,,,劣Ⅴ
2023-11-30T04:00:00+08:00,1701288000,14.5,4.22,8.45,551.5,57.5,3.63,0.13,0.078,2.77,,,劣Ⅴ
2023-11-30T08:00:00+08:00,1701302400,14.0,4.24,8.75,552.6,49.2,3.93,0.09,0.08,2.79,,,劣Ⅴ
2023-11-30T12:00:00+08:00,1701316800,14.5,4.25,8.98,552.1,50.7,3.74,0.101,0.089,2.75,,,劣Ⅴ
2023-11-30T16:00:00+08:00,1701331200,14.5,4.3,9.5,553.7,43.9,3.67,0.114,0.085,2.87,,,劣Ⅴ
2023-11-30T20:00:00+08:00,1701345600,14.1,4.29,9.47,554.0,50.0,3.81,0.1,0.081,2.8,,,劣Ⅴ
2023-12-01T04:00:00+08:00,1701374400,13.0,4.27,8.96,554.8,50.9,3.64,0.137,0.078,2.81,,,劣Ⅴ
2023-12-01T08:00:00+08:00,1701388800,12.7,4.23,9.04,553.2,52.5,3.91,0.096,0.079,2.75,,,劣Ⅴ
2023-12-01T12:00:00+08:00,1701403200,12.9,4.19,9.32,554.3,44.8,3.85,0.104,0.083,2.75,,,劣Ⅴ
2023-12-01T16:00:00+08:00,1701417600,13.0,4.23,9.71,558.3,42.8,3.66,0.116,0.08,2.77,,,劣Ⅴ
2023-12-01T20:00:00+08:00,1701432000,12.6,4.2,9.74,556.4,41.9,3.72,0.118,0.076,2.91,,,劣Ⅴ
2023-12-02T04:00:00+08:00,1701460800,11.9,4.23,9.24,556.4,45.7,3.47,0.139,0.073,2.77,,,劣Ⅴ
2023-12-02T08:00:00+08:00,1701475200,11.4,4.26,9.02,558.1,49.6,3.9,0.11,0.078,2.73,,,劣Ⅴ
2023-12-02T12:00:00+08:00,1701489600,12.3,4.33,9.55,555.6,44.7,3.79,0.104,0.082,2.73,,,劣Ⅴ
2023-12-02T16:00:00+08:00,1701504000,12.8,4.3,9.46,558.4,44.5,3.69,0.118,0.079,2.71,,,劣Ⅴ
2023-12-02T20:00:00+08:00,1701518400,12.4,4.23,9.55,557.0,43.3,3.7,0.119,0.076,2.75,,,劣Ⅴ
2023-12-03T04:00:00+08:00,1701547200,11.6,4.2,9.22,559.2,45.7,3.49,0.137,0.073,2.7,,,劣Ⅴ
2023-12-03T08:00:00+08:00,1701561600,11.2,4.15,9.2,560.6,48.2,,0.112,0.076,2.69,,,
2023-12-03T12:00:00+08:00,1701576000,12.2,4.2,9.08,558.8,43.6,3.84,0.121,0.084,2.7,,,劣Ⅴ
2023-12-03T16:00:00+08:00,1701590400,12.7,4.2,9.41,561.0,42.1,3.82,0.132,0.082,2.7,,,劣Ⅴ
2023-12-03T20:00:00+08:00,1701604800,12.4,4.07,9.68,559.0,46.9,3.61,0.137,0.074,2.72,,,劣Ⅴ
2023-12-04T04:00:00+08:00,1701633600,11.7,4.16,9.26,562.8,44.4,3.59,0.165,0.076,2.71,,,劣Ⅴ
2023-12-04T08:00:00+08:00,1701648000,11.1,4.22,8.69,567.7,52.6,,0.169,0.083,2.71,,,
2023-12-04T12:00:00+08:00,1701662400,11.2,4.26,8.6,569.1,45.7,4.14,0.19,0.092,2.75,,,劣Ⅴ
2023-12-04T16:00:00+08:00,1701676800,11.4,9.92,8.33,570.3,46.1,3.92,0.215,0.093,2.83,,,劣Ⅴ
2023-12-04T20:00:00+08:00,1701691200,11.4,,8.47,571.7,43.6,3.91,0.234,0.091,2.81,,,
2023-12-05T00:00:00+08:00,1701705600,11.1,,8.18,571.3,47.6,3.85,0.22,0.09,2.78,,,
2023-12-05T04:00:00+08:00,1701720000,10.9,,8.27,573.8,50.0,3.64,0.212,0.081,2.76,,,
2023-12-05T08:00:00+08:00,1701734400,10.8,,7.99,574.4,56.5,3.93,0.193,0.086,2.7,,,
2023-12-05T12:00:00+08:00,1701748800,11.6,7.0,8.32,573.1,48.2,3.9,0.193,0.097,2.7,,,Ⅱ
2023-12-05T16:00:00+08:00,1701763200,12.7,7.07,9.6,571.0,51.8,3.68,0.163,0.088,2.65,,,Ⅱ
2023-12-05T20:00:00+08:00,1701777600,12.4,7.74,9.44,572.4,53.7,3.7,0.196,0.084,2.68,,,Ⅱ
2023-12-06T00:00:00+08:00,1701792000,12.1,,9.24,568.4,54.0,3.7,0.165,0.084,2.64,,,
2023-12-06T04:00:00+08:00,1701806400,11.9,,9.43,572.6,51.8,3.72,0.179,0.084,2.66,,,
2023-12-06T12:00:00+08:00,1701835200,12.2,7.68,8.67,573.7,58.1,3.82,0.161,0.097,2.6,,,Ⅱ
2023-12-06T16:00:00+08:00,1701849600,12.7,7.75,9.5,578.4,62.3,3.62,0.18,0.086,2.62,,,Ⅱ
2023-12-06T20:00:00+08:00,1701864000,12.5,7.79,9.59,576.7,55.7,3.65,0.219,0.083,2.72,,,Ⅱ
2023-12-07T00:00:00+08:00,1701878400,12.1,7.74,9.48,576.9,51.3,3.6,0.213,0.08,2.82,,,Ⅱ
2023-12-07T04:00:00+08:00,1701892800,11.6,7.71,9.55,577.7,52.5,3.51,0.201,0.079,2.66,,,Ⅱ
2023-12-07T08:00:00+08:00,1701907200,11.1,7.63,8.63,581.1,57.3,4.06,0.177,0.085,2.64,,,Ⅲ
2023-12-07T12:00:00+08:00,1701921600,12.1,7.65,9.02,576.4,50.2,3.87,0.169,0.09,2.63,,,Ⅱ
2023-12-08T08:38:00+08:00,1701995880,,,,,,,,,,,,
2023-12-08T12:38:00+08:00,1702010280,,,,,,,,,,,,
2023-12-08T16:00:00+08:00,1702022400,13.1,7.56,8.46,582.0,45.6,3.82,0.168,0.085,2.65,,,Ⅱ
2023-12-08T16:39:00+08:00,1702024740,,,,,,,,,,,,
2023-12-08T20:00:00+08:00,1702036800,13.3,7.6,8.52,584.6,60.4,3.69,0.196,0.085,2.64,,,Ⅱ
2023-12-09T00:00:00+08:00,1702051200,13.2,7.6,8.65,583.9,58.6,3.74,0.228,0.084,2.65,,,Ⅱ
2023-12-09T04:00:00+08:00,1702065600,13.1,7.58,8.43,583.9,58.5,3.65,0.218,0.083,2.65,,,Ⅱ
2023-12-09T08:00:00+08:00,1702080000,12.9,7.42,8.17,586.1,68.9,4.1,0.215,0.087,2.65,,,Ⅲ
2023-12-09T12:00:00+08:00,1702094400,13.5,5.63,8.0,586.1,64.9,3.87,0.209,0.104,2.63,,,劣Ⅴ
2023-12-09T16:00:00+08:00,1702108800,14.0,5.2,8.27,586.3,59.2,3.9,0.197,0.096,2.6,,,劣Ⅴ
2023-12-09T20:00:00+08:00,1702123200,14.0,6.65,8.38,585.9,56.3,3.82,0.205,0.088,2.62,,,Ⅱ
2023-12-10T00:00:00+08:00,1702137600,14.0,6.98,7.71,587.0,63.2,3.82,0.238,0.09,2.59,,,Ⅱ
2023-12-10T04:00:00+08:00,1702152000,14.0,7.27,7.82,586.1,56.9,3.7,0.206,0.086,2.61,,,Ⅱ
2023-12-10T08:00:00+08:00,1702166400,14.0,7.15,7.71,586.7,62.7,4.07,0.185,0.09,2.58,,,Ⅲ
2023-12-10T12:00:00+08:00,1702180800,14.5,7.47,7.44,586.4,65.2,3.91,0.214,0.105,2.56,,,Ⅲ
2023-12-10T16:00:00+08:00,1702195200,14.8,7.74,7.64,586.1,60.4,3.84,0.19,0.098,2.57,,,Ⅱ
2023-12-10T20:00:00+08:00,1702209600,15.0,7.7,7.79,586.4,53.2,3.78,0.191,0.087,2.57,,,Ⅱ
2023-12-11T00:00:00+08:00,1702224000,14.9,7.68,7.26,586.0,61.4,3.86,0.208,0.087,2.57,,,Ⅱ
2023-12-11T04:00:00+08:00,1702238400,14.8,6.91,7.16,586.4,57.2,3.81,0.204,0.089,2.57,,,Ⅱ
2023-12-11T08:00:00+08:00,1702252800,14.8,6.71,7.39,585.2,58.0,4.08,0.168,0.087,2.56,,,Ⅲ
2023-12-11T12:00:00+08:00,1702267200,14.7,7.71,6.99,585.9,58.9,3.82,0.194,0.09,2.57,,,Ⅱ
2023-12-11T16:00:00+08:00,1702281600,14.5,7.57,6.92,586.5,64.2,3.84,0.196,0.093,2.54,,,Ⅱ
2023-12-11T20:00:00+08:00,1702296000,14.1,8.31,7.57,586.5,57.7,3.84,0.196,0.093,2.54,,,Ⅱ
2023-12-12T08:54:00+08:00,1702342440,,,,,,,,,,,,
2023-12-12T12:00:00+08:00,1702353600,12.7,8.19,7.77,582.8,55.7,3.84,0.191,0.094,2.61,,,Ⅱ
2023-12-12T12:54:00+08:00,1702356840,,,,,,,,,,,,
2023-12-12T16:00:00+08:00,1702368000,12.7,7.36,8.47,587.4,52.1,3.83,0.195,0.092,2.58,,,Ⅱ
2023-12-12T20:00:00+08:00,1702382400,12.7,7.91,8.39,584.0,51.9,3.8,0.182,0.086,2.57,,,Ⅱ
2023-12-13T00:00:00+08:00,1702396800,12.3,6.64,8.19,585.6,52.3,3.66,0.205,0.081,2.62,,,Ⅱ
2023-12-13T04:00:00+08:00,1702411200,12.2,8.27,8.24,584.3,51.2,3.63,0.211,0.081,2.65,,,Ⅱ
2023-12-13T08:00:00+08:00,1702425600,12.1,6.62,8.22,584.5,53.5,4.07,0.177,0.083,2.63,,,Ⅲ
2023-12-13T12:00:00+08:00,1702440000,12.4,7.67,7.88,586.6,52.0,3.91,0.167,0.089,2.55,,,Ⅱ
2023-12-13T16:00:00+08:00,1702454400,12.8,7.07,8.46,589.1,46.4,3.81,0.163,0.085,2.58,,,Ⅱ
2023-12-13T20:00:00+08:00,1702468800,12.8,8.06,8.3,587.5,52.9,3.88,0.177,0.088,2.53,,,Ⅱ
2023-12-14T00:00:00+08:00,1702483200,12.8,9.3,8.08,589.4,48.6,3.82,0.169,0.08,2.56,,,劣Ⅴ
2023-12-14T04:00:00+08:00,1702497600,13.0,10.25,8.1,589.4,52.5,3.77,0.163,0.079,2.54,,,劣Ⅴ
2023-12-14T08:00:00+08:00,1702512000,12.9,10.44,7.77,589.6,50.8,4.15,0.134,0.084,2.51,,,劣Ⅴ
2023-12-14T12:00:00+08:00,1702526400,14.0,10.5,7.73,591.5,49.0,3.91,0.143,0.092,2.53,,,劣Ⅴ
2023-12-14T16:00:00+08:00,1702540800,14.9,,8.15,591.7,49.0,3.86,0.145,0.087,2.52,,,
2023-12-14T20:00:00+08:00,1702555200,14.7,,8.16,590.7,56.4,3.9,0.144,0.089,2.51,,,
2023-12-15T00:00:00+08:00,1702569600,14.7,,7.82,592.0,52.3,3.85,0.148,0.085,2.5,,,
2023-12-15T04:00:00+08:00,1702584000,14.6,,7.81,592.8,47.8,,,,,,,
2023-12-15T16:00:00+08:00,1702627200,12.6,7.77,8.12,589.5,56.9,3.99,0.133,0.086,2.56,,,
2023-12-15T20:00:00+08:00,1702641600,12.4,7.77,7.9,588.0,59.4,3.88,0.203,0.088,2.61,,,Ⅱ
2023-12-16T04:00:00+08:00,1702670400,11.0,7.77,8.23,586.6,51.2,3.72,0.187,0.083,2.57,,,Ⅱ
2023-12-16T12:00:00+08:00,1702699200,9.8,7.84,9.11,588.9,52.2,4.15,0.156,0.084,2.53,,,Ⅲ
2023-12-16T16:00:00+08:00,1702713600,9.6,7.88,9.01,592.0,59.9,3.91,0.208,0.096,2.61,,,Ⅱ
2023-12-16T20:00:00+08:00,1702728000,9.1,7.9,9.06,591.8,55.4,3.85,0.27,0.09,2.63,,,Ⅱ
2023-12-17T04:00:00+08:00,1702756800,8.2,7.87,9.1,596.7,51.0,3.74,0.263,0.087,2.65,,,Ⅱ
2023-12-17T08:00:00+08:00,1702771200,7.7,7.87,8.88,596.5,47.9,3.68,0.281,0.082,2.71,,,Ⅱ
2023-12-17T12:00:00+08:00,1702785600,8.1,7.88,9.85,595.5,43.7,4.07,0.196,0.081,2.62,,,Ⅲ
2023-12-17T16:00:00+08:00,1702800000,8.4,7.91,9.69,596.5,45.6,3.88,0.217,0.084,2.67,,,Ⅱ
2023-12-17T20:00:00+08:00,1702814400,8.0,7.92,10.23,596.7,44.7,3.75,0.205,0.084,2.65,,,Ⅱ
2023-12-18T04:00:00+08:00,1702843200,7.7,7.89,9.39,596.0,47.5,3.52,0.232,0.078,2.64,,,Ⅱ
2023-12-18T08:00:00+08:00,1702857600,7.5,7.85,9.38,595.5,43.9,3.66,0.289,0.08,2.67,,,Ⅱ
2023-12-18T12:00:00+08:00,1702872000,7.3,7.86,9.63,596.8,40.1,4.04,0.241,0.078,2.64,,,Ⅲ
2023-12-18T16:00:00+08:00,1702886400,7.4,7.87,8.99,599.6,46.3,3.83,0.249,0.083,2.61,,,Ⅱ
2023-12-18T20:00:00+08:00,1702900800,7.3,7.86,9.68,596.8,42.6,3.62,0.278,0.083,2.63,,,Ⅱ
2023-12-19T04:00:00+08:00,1702929600,7.2,7.84,9.06,596.0,43.8,3.64,,0.078,2.62,,,
2023-12-19T08:00:00+08:00,1702944000,7.2,7.83,9.47,595.1,49.1,,,,,,,
2023-12-19T12:00:00+08:00,1702958400,7.0,7.86,10.06,592.9,45.7,,,,,,,
2023-12-19T16:00:00+08:00,1702972800,7.1,7.85,9.58,596.9,52.2,,,,,,,
2023-12-19T20:00:00+08:00,1702987200,7.0,7.86,10.07,597.1,50.4,,,,,,,
2023-12-20T13:27:00+08:00,1703050020,,,,,,,,,,,,
2023-12-20T16:00:00+08:00,1703059200,7.2,7.92,10.56,600.9,48.2,,,,,,,
2023-12-20T20:00:00+08:00,1703073600,6.8,7.93,10.75,599.7,58.3,,,,,,,
2023-12-21T04:00:00+08:00,1703102400,5.8,7.91,10.36,601.9,52.4,3.63,0.293,0.083,2.64,,,Ⅱ
2023-12-21T08:00:00+08:00,1703116800,5.0,7.87,10.41,603.2,52.1,,,,,,,
2023-12-21T12:00:00+08:00,1703131200,5.4,7.92,10.65,601.9,50.3,,,,,,,
2023-12-22T09:34:00+08:00,1703208840,,,,,,,,,,,,
2023-12-22T13:35:00+08:00,1703223300,,,,,,,,,,,,
2023-12-22T16:00:00+08:00,1703232000,4.4,8.01,11.99,610.4,43.1,,0.363,0.086,2.7,,,
2023-12-22T20:00:00+08:00,1703246400,4.4,8.03,11.86,612.6,48.6,,0.363,0.086,2.7,,,
2023-12-23T04:00:00+08:00,1703275200,3.6,8.01,11.86,614.2,47.2,,0.363,0.086,2.7,,,
2023-12-23T08:00:00+08:00,1703289600,3.5,7.96,11.42,616.9,48.6,,0.374,0.08,2.75,,,
2023-12-23T12:00:00+08:00,1703304000,4.0,7.95,11.06,616.5,45.8,,0.374,0.08,2.75,,,
2023-12-23T16:00:00+08:00,1703318400,4.5,7.99,11.71,614.2,43.2,,0.374,0.08,2.75,,,
2023-12-23T20:00:00+08:00,1703332800,4.3,7.99,11.32,615.8,48.5,,0.374,0.08,2.75,,,
2023-12-24T04:00:00+08:00,1703361600,3.9,7.99,11.72,615.3,44.6,3.55,0.384,0.08,2.69,,,Ⅱ
2023-12-24T08:00:00+08:00,1703376000,3.6,7.98,11.35,617.0,54.4,,,,,,,
2023-12-24T12:00:00+08:00,1703390400,4.5,7.96,11.11,616.0,49.3,,,,,,,
2023-12-24T16:00:00+08:00,1703404800,4.9,7.99,11.78,614.1,45.0,3.53,0.348,0.083,2.68,,,Ⅱ
2023-12-24T20:00:00+08:00,1703419200,4.7,8.01,11.71,615.3,47.9,3.53,0.348,0.083,2.68,,,Ⅱ
2023-12-25T04:00:00+08:00,1703448000,4.3,7.99,11.78,615.6,47.2,3.49,0.343,0.08,2.71,,,Ⅱ
2023-12-25T08:00:00+08:00,1703462400,4.0,7.98,11.56,617.8,49.2,3.41,0.375,0.077,2.71,,,Ⅱ
2023-12-25T12:00:00+08:00,1703476800,4.7,7.96,11.14,615.5,51.5,3.41,0.375,0.077,2.71,,,Ⅱ
2023-12-25T16:00:00+08:00,1703491200,5.4,7.96,12.0,614.4,45.6,,,,,,,
2023-12-25T20:00:00+08:00,1703505600,5.2,8.0,12.16,615.3,48.6,3.68,0.351,0.09,2.69,,,Ⅱ
2023-12-26T04:00:00+08:00,1703534400,4.7,7.97,11.75,614.3,49.0,3.5,0.42,0.079,2.7,,,Ⅱ
2023-12-31T20:00:00+08:00,1704024000,10.8,7.82,9.95,752.6,37.0,4.33,0.378,0.088,4.15,,,Ⅲ
2024-01-15T16:00:00+08:00,1705305600,11.4,8.03,11.06,617.8,73.8,4.07,0.208,0.1,2.75,,,Ⅲ
2024-01-16T12:00:00+08:00,1705377600,9.6,7.93,10.47,622.2,68.9,3.92,0.207,0.098,2.87,,,Ⅱ
2024-01-16T16:00:00+08:00,1705392000,10.0,7.98,10.7,624.9,65.3,3.91,0.197,0.086,2.92,,,Ⅱ
2024-01-16T20:00:00+08:00,1705406400,9.6,7.97,10.77,625.2,69.6,3.82,0.222,0.08,2.95,,,Ⅱ
2024-01-17T04:00:00+08:00,1705435200,9.2,7.92,10.49,626.3,68.5,3.74,0.231,0.076,2.93,,,Ⅱ
2024-01-17T08:00:00+08:00,1705449600,9.0,7.89,10.34,626.9,73.0,4.3,0.189,0.082,2.9,,,Ⅲ
2024-01-17T12:00:00+08:00,1705464000,10.0,7.97,10.68,626.1,77.6,3.94,0.167,0.093,2.88,,,Ⅱ
2024-01-17T16:00:00+08:00,1705478400,11.2,8.0,10.89,622.1,82.9,4.06,0.189,0.093,2.92,,,Ⅲ
2024-01-17T20:00:00+08:00,1705492800,10.8,7.96,10.76,624.3,82.9,4.39,,,,,,
2024-01-18T04:00:00+08:00,1705521600,10.5,7.9,10.3,625.9,84.5,3.94,0.248,0.073,3.02,,,Ⅱ
2024-01-18T08:00:00+08:00,1705536000,10.4,7.84,9.63,625.4,88.7,4.59,0.267,0.083,3.0,,,Ⅲ
2024-01-22T16:00:00+08:00,1705910400,7.1,7.75,8.88,621.4,99.7,4.11,0.642,0.109,3.91,,,Ⅲ
2024-01-22T20:00:00+08:00,1705924800,6.8,7.75,8.74,622.0,95.0,4.06,0.638,0.106,3.99,,,Ⅲ
2024-01-23T04:00:00+08:00,1705953600,5.6,7.77,9.26,629.1,94.9,3.75,0.68,0.094,3.92,,,Ⅲ
2024-01-23T08:00:00+08:00,1705968000,5.0,7.76,9.01,631.1,91.8,3.88,0.667,0.091,4.0,,,Ⅲ
2024-01-23T12:00:00+08:00,1705982400,5.5,7.78,9.87,630.8,92.2,4.5,0.716,0.098,4.13,,,Ⅲ
2024-01-23T16:00:00+08:00,1705996800,5.9,7.83,9.94,630.8,89.6,4.13,0.637,0.103,4.22,,,Ⅲ
2024-01-23T20:00:00+08:00,1706011200,5.4,7.86,10.41,632.3,94.0,3.95,0.627,0.098,4.22,,,Ⅲ
2024-01-24T04:00:00+08:00,1706040000,4.4,7.86,10.25,636.7,101.2,3.78,0.641,0.088,3.78,,,Ⅲ
2024-01-24T08:00:00+08:00,1706054400,4.0,7.84,10.37,639.0,96.2,3.84,0.705,0.085,4.04,,,Ⅲ
2024-01-24T12:00:00+08:00,1706068800,4.9,7.85,10.49,635.2,91.6,4.31,0.638,0.085,3.99,,,Ⅲ
2024-01-24T16:00:00+08:00,1706083200,5.6,7.7,10.36,634.4,112.4,3.98,0.568,0.094,3.89,,,Ⅲ
2024-01-24T20:00:00+08:00,1706097600,5.3,7.71,10.68,634.6,105.5,4.25,0.562,0.1,3.84,,,Ⅲ
2024-01-25T04:00:00+08:00,1706126400,5.0,7.72,10.42,637.0,106.0,3.81,0.561,0.082,3.6,,,Ⅲ
2024-01-25T08:00:00+08:00,1706140800,4.8,7.7,10.53,637.0,100.5,3.54,0.574,,3.74,,,
2024-01-25T12:00:00+08:00,1706155200,5.6,7.68,10.33,635.4,108.1,4.11,0.549,0.081,3.71,,,Ⅲ
2024-01-25T16:00:00+08:00,1706169600,6.3,7.69,10.7,637.4,48.7,3.86,0.455,0.09,3.52,,,Ⅱ
2024-01-25T20:00:00+08:00,1706184000,6.0,7.71,10.97,637.2,50.5,4.02,0.465,0.089,3.66,,,Ⅲ
2024-01-26T04:00:00+08:00,1706212800,5.6,7.73,11.12,636.4,49.8,3.6,0.433,0.077,3.44,,,Ⅲ
2024-01-26T08:00:00+08:00,1706227200,5.2,7.71,11.06,638.0,49.8,4.28,0.402,0.081,3.45,,,Ⅱ
2024-01-26T12:00:00+08:00,1706241600,6.1,7.68,10.53,637.6,52.7,3.93,0.424,0.093,3.4,,,Ⅲ
2024-01-26T16:00:00+08:00,1706256000,6.4,7.71,11.01,636.0,51.1,3.88,0.383,0.086,3.44,,,Ⅱ
2024-01-26T20:00:00+08:00,1706270400,6.2,7.69,10.59,638.3,108.7,4.33,0.523,0.098,3.32,,,Ⅱ
2024-01-27T04:00:00+08:00,1706299200,5.8,7.7,10.76,638.0,53.6,3.74,0.408,0.078,3.37,,,Ⅱ
2024-01-27T08:00:00+08:00,1706313600,5.6,7.67,10.48,639.3,49.3,4.29,0.382,0.082,3.39,,,Ⅱ
2024-01-27T12:00:00+08:00,1706328000,5.9,7.68,10.7,638.1,57.1,3.8,0.371,0.097,3.34,,,Ⅲ
2024-01-27T16:00:00+08:00,1706342400,6.2,7.69,10.66,637.6,48.8,3.9,0.364,0.093,3.4,,,Ⅱ
2024-01-27T20:00:00+08:00,1706356800,6.1,7.68,10.56,638.6,72.5,4.28,0.424,0.094,3.32,,,Ⅱ
2024-01-28T04:00:00+08:00,1706385600,5.4,7.67,10.5,639.7,51.3,3.77,0.43,0.08,3.43,,,Ⅱ
2024-01-28T08:00:00+08:00,1706400000,5.2,7.64,10.22,640.9,48.9,4.43,0.357,0.081,3.37,,,Ⅱ
2024-01-28T12:00:00+08:00,1706414400,6.1,7.68,10.55,637.8,51.0,4.14,0.342,0.093,3.38,,,Ⅲ
2024-01-28T16:00:00+08:00,1706428800,7.0,7.68,10.44,635.7,54.3,3.98,0.363,0.093,3.41,,,Ⅲ
2024-01-28T20:00:00+08:00,1706443200,6.7,7.67,10.28,637.6,52.9,3.94,0.358,0.086,3.4,,,Ⅱ
2024-01-29T04:00:00+08:00,1706472000,6.5,7.66,10.49,637.7,50.0,3.97,0.411,0.084,3.44,,,Ⅱ
2024-01-29T08:00:00+08:00,1706486400,6.3,7.64,10.09,638.3,58.3,4.33,0.354,0.087,3.37,,,Ⅱ
2024-01-29T12:00:00+08:00,1706500800,6.8,7.65,10.34,637.3,57.8,4.15,0.338,0.104,3.39,,,Ⅲ
2024-01-29T16:00:00+08:00,1706515200,7.1,7.66,10.34,637.1,56.3,3.94,0.344,0.092,3.43,,,Ⅱ
2024-01-29T20:00:00+08:00,1706529600,7.1,7.65,10.11,638.3,55.8,3.96,0.406,0.092,3.36,,,Ⅱ
2024-01-30T04:00:00+08:00,1706558400,7.2,7.61,9.97,634.2,51.0,3.79,0.393,0.079,3.43,,,Ⅲ
2024-01-30T08:00:00+08:00,1706572800,7.3,7.61,9.67,634.6,58.3,4.53,0.348,0.084,3.43,,,Ⅲ
2024-01-30T12:00:00+08:00,1706587200,7.5,7.61,10.05,634.2,65.7,4.1,0.335,0.1,3.4,,,Ⅲ
2024-01-30T16:00:00+08:00,1706601600,8.0,7.6,9.75,631.1,61.3,3.98,0.363,0.099,3.42,,,Ⅱ
2024-01-30T20:00:00+08:00,1706616000,8.1,7.59,9.65,631.4,63.0,4.08,0.389,0.091,3.42,,,Ⅲ
2024-01-31T04:00:00+08:00,1706644800,8.3,7.55,9.14,632.7,59.3,3.82,0.41,0.083,3.5,,,Ⅱ
2024-01-31T08:00:00+08:00,1706659200,8.4,7.54,9.06,632.9,62.3,4.59,0.371,0.088,3.45,,,Ⅲ
2024-01-31T12:00:00+08:00,1706673600,8.8,7.55,9.3,629.2,68.1,4.2,0.342,0.102,3.41,,,Ⅲ
2024-01-31T16:00:00+08:00,1706688000,9.2,7.53,8.72,627.8,63.1,4.05,0.387,0.099,3.48,,,Ⅲ
2024-01-31T20:00:00+08:00,1706702400,9.2,7.53,8.92,627.2,69.3,3.97,0.421,0.094,3.48,,,Ⅱ
2024-02-01T04:00:00+08:00,1706731200,9.4,7.49,8.3,627.5,56.8,3.86,0.439,0.088,3.57,,,Ⅱ
2024-02-01T16:00:00+08:00,1706774400,9.1,7.5,8.59,615.3,67.7,4.74,0.498,0.109,3.63,,,Ⅲ
2024-02-01T20:00:00+08:00,1706788800,9.0,7.51,8.76,614.6,71.3,4.34,0.494,0.103,3.67,,,Ⅲ
2024-02-02T08:50:00+08:00,1706835000,,,,,,,,,,,,
2024-02-02T12:00:00+08:00,1706846400,8.4,7.45,8.46,623.0,73.0,5.2,0.721,0.124,4.79,,,Ⅲ
2024-02-02T12:51:00+08:00,1706849460,,,,,,,,,,,,
2024-02-02T16:00:00+08:00,1706860800,8.2,7.43,8.3,634.0,65.4,5.1,0.833,0.133,5.73,,,Ⅲ
2024-02-02T20:00:00+08:00,1706875200,7.9,7.4,7.91,662.2,51.9,5.1,0.833,0.133,5.73,,,Ⅲ
2024-02-03T08:54:00+08:00,1706921640,,,,,,,,,,,,
2024-02-03T12:55:00+08:00,1706936100,,,,,,,,,,,,
2024-02-03T16:55:00+08:00,1706950500,,,,,,,,,,,,
2024-02-03T20:56:00+08:00,1706964960,,,,,,,,,,,,
2024-02-04T00:57:00+08:00,1706979420,,,,,,,,,,,,
2024-02-06T16:00:00+08:00,1707206400,5.9,7.47,9.03,636.0,40.2,4.58,0.838,0.128,6.03,,,Ⅲ
2024-02-06T20:00:00+08:00,1707220800,5.9,7.46,8.86,635.1,40.8,4.35,0.844,0.11,5.84,,,Ⅲ
2024-02-07T04:00:00+08:00,1707249600,5.8,7.45,8.85,630.2,36.1,4.21,0.8,0.104,5.72,,,Ⅲ
2024-02-07T08:00:00+08:00,1707264000,5.7,7.45,8.83,629.6,40.0,4.76,0.8,0.104,5.69,,,Ⅲ
2024-02-17T08:00:00+08:00,1708128000,9.9,7.38,6.96,607.4,55.3,4.43,0.44,0.107,5.43,,,Ⅲ
2024-02-17T12:00:00+08:00,1708142400,10.7,7.4,7.63,606.1,52.1,5.18,0.41,0.107,5.37,,,Ⅲ
2024-02-17T16:00:00+08:00,1708156800,11.8,7.44,7.89,610.4,49.1,4.69,0.379,0.121,5.36,,,Ⅲ
2024-02-17T20:00:00+08:00,1708171200,11.7,7.46,8.6,603.8,52.4,4.73,0.34,0.111,5.34,,,Ⅲ
2024-02-18T04:00:00+08:00,1708200000,11.7,7.43,7.95,597.1,38.4,4.51,0.353,0.103,5.4,,,Ⅲ
2024-02-18T08:00:00+08:00,1708214400,11.5,7.41,7.79,596.5,43.2,4.23,0.391,0.096,5.44,,,Ⅲ
2024-02-18T12:00:00+08:00,1708228800,12.0,7.41,7.71,598.9,44.1,4.8,0.36,0.097,5.42,,,Ⅲ
2024-02-18T16:00:00+08:00,1708243200,13.4,7.46,8.2,601.5,47.3,4.61,0.332,0.115,5.4,,,Ⅲ
2024-02-18T20:00:00+08:00,1708257600,13.6,7.48,8.72,606.1,45.6,4.79,0.302,0.112,5.32,,,Ⅲ
2024-02-19T04:00:00+08:00,1708286400,13.3,7.4,7.62,600.4,49.8,4.35,0.303,0.095,5.35,,,Ⅲ
2024-02-20T09:45:00+08:00,1708393500,,,,,,,,,,,,
2024-02-20T12:00:00+08:00,1708401600,13.0,7.45,7.89,596.5,66.5,5.35,0.257,0.108,4.97,,,Ⅲ
2024-02-20T16:00:00+08:00,1708416000,13.3,7.46,7.79,598.0,73.8,5.03,0.259,0.12,4.94,,,Ⅲ
2024-02-20T20:00:00+08:00,1708430400,13.0,7.46,7.98,596.6,74.8,4.78,0.254,0.121,4.86,,,Ⅲ
2024-02-21T04:00:00+08:00,1708459200,12.4,7.4,7.6,588.2,59.7,4.62,0.308,0.11,4.87,,,Ⅲ
2024-02-21T08:00:00+08:00,1708473600,12.2,7.41,7.33,586.2,66.7,4.41,0.292,0.102,4.95,,,Ⅲ
2024-02-21T12:00:00+08:00,1708488000,11.9,7.42,7.27,583.5,62.8,5.2,0.274,0.106,4.78,,,Ⅲ
2024-02-21T16:00:00+08:00,1708502400,11.6,7.46,8.11,572.9,72.5,4.76,0.288,0.117,4.81,,,Ⅲ
2024-02-21T20:00:00+08:00,1708516800,11.1,7.48,8.3,556.3,72.3,4.43,0.276,0.114,4.66,,,Ⅲ
2024-02-22T04:00:00+08:00,1708545600,9.9,7.44,8.43,551.5,72.8,4.84,0.397,0.13,5.06,,,Ⅲ
2024-02-22T08:00:00+08:00,1708560000,9.4,7.44,8.58,539.7,74.9,4.87,0.364,0.128,5.16,,,Ⅲ
2024-02-22T12:00:00+08:00,1708574400,9.0,7.38,8.6,550.3,75.1,5.63,0.418,0.143,5.5,,,Ⅲ
2024-02-22T16:00:00+08:00,1708588800,8.8,7.4,8.53,541.4,76.8,6.16,0.795,0.202,7.58,,,Ⅳ
2024-02-22T20:00:00+08:00,1708603200,8.5,7.41,8.81,534.1,81.4,6.1,0.59,0.188,6.51,,,Ⅳ
2024-02-23T04:00:00+08:00,1708632000,7.8,7.32,8.31,566.2,63.3,5.95,0.814,0.188,7.89,,,Ⅲ
2024-02-23T08:00:00+08:00,1708646400,7.6,7.32,8.14,562.9,65.6,5.77,0.813,0.187,8.04,,,Ⅲ
2024-02-24T10:02:00+08:00,1708740120,,,,,,,,,,,,
2024-02-24T14:02:00+08:00,1708754520,,,,,,,,,,,,
2024-02-24T18:03:00+08:00,1708768980,,,,,,,,,,,,
2024-02-24T22:04:00+08:00,1708783440,,,,,,,,,,,,
2024-02-25T10:06:00+08:00,1708826760,,,,,,,,,,,,
2024-02-25T14:06:00+08:00,1708841160,,,,,,,,,,,,
2024-02-25T18:07:00+08:00,1708855620,,,,,,,,,,,,
2024-02-25T22:08:00+08:00,1708870080,,,,,,,,,,,,
2024-02-26T10:10:00+08:00,1708913400,,,,,,,,,,,,
2024-02-26T12:00:00+08:00,1708920000,7.0,7.44,9.05,566.1,37.7,4.9,0.443,0.157,6.18,,,Ⅲ
2024-02-26T16:00:00+08:00,1708934400,7.4,7.43,9.18,565.0,32.5,4.63,0.451,0.142,6.12,,,Ⅲ
2024-02-26T20:00:00+08:00,1708948800,7.1,7.43,9.23,565.9,54.3,4.63,0.451,0.142,6.12,,,Ⅲ
2024-02-27T04:00:00+08:00,1708977600,7.2,7.43,8.99,567.9,40.1,4.41,0.451,0.129,6.07,,,Ⅲ
2024-02-27T08:00:00+08:00,1708992000,6.9,7.43,8.77,567.8,40.8,5.24,0.43,0.134,6.07,,,Ⅲ
2024-02-27T12:00:00+08:00,1709006400,7.9,7.42,8.47,569.9,37.5,,0.404,0.151,5.93,,,
2024-02-27T16:00:00+08:00,1709020800,8.8,7.41,8.97,570.4,35.3,4.74,0.422,0.143,5.92,,,
2024-02-27T20:00:00+08:00,1709035200,8.7,7.42,8.68,571.0,58.8,5.3,0.408,0.14,6.09,,,Ⅲ
2024-02-28T04:00:00+08:00,1709064000,8.5,7.4,8.66,572.8,48.2,4.45,0.447,0.124,5.74,,,Ⅲ
2024-02-28T08:00:00+08:00,1709078400,8.3,7.41,8.43,572.5,54.8,5.23,0.383,0.127,5.96,,,Ⅲ
2024-02-28T12:00:00+08:00,1709092800,8.4,7.41,8.2,570.7,45.9,4.72,0.407,0.133,5.7,,,Ⅲ
2024-02-28T16:00:00+08:00,1709107200,8.5,7.4,8.53,563.8,41.7,4.47,0.395,0.139,5.58,,,Ⅲ
2024-02-28T20:00:00+08:00,1709121600,8.4,7.4,8.39,568.9,87.0,4.97,0.403,0.141,5.75,,,Ⅲ
2024-02-29T04:00:00+08:00,1709150400,8.4,7.37,8.22,565.4,46.6,4.35,0.421,0.12,5.64,,,Ⅲ
2024-02-29T08:00:00+08:00,1709164800,8.2,7.41,8.36,561.9,64.2,5.24,0.362,0.128,5.65,,,Ⅲ
2024-02-29T12:00:00+08:00,1709179200,8.1,7.42,8.92,542.9,53.8,4.69,0.379,0.143,5.4,,,Ⅲ
2024-03-01T08:00:00+08:00,1709251200,7.4,7.4,8.77,550.7,69.4,4.7,0.56,0.144,6.41,,,Ⅲ
2024-03-01T12:00:00+08:00,1709265600,8.0,7.41,9.1,551.9,60.9,5.61,0.472,0.167,6.07,,,Ⅲ
2024-03-01T16:00:00+08:00,1709280000,8.6,7.38,8.81,556.0,56.8,5.24,0.471,0.173,6.21,,,Ⅲ
2024-03-01T20:00:00+08:00,1709294400,8.3,7.4,8.41,553.5,63.0,4.88,0.433,0.161,5.88,,,Ⅲ
2024-03-02T04:00:00+08:00,1709323200,7.6,7.37,8.48,557.1,57.5,4.83,0.499,0.141,6.05,,,Ⅲ
2024-03-02T08:00:00+08:00,1709337600,7.4,7.37,8.19,555.8,59.7,4.64,0.425,0.138,5.66,,,Ⅲ
2024-03-02T12:00:00+08:00,1709352000,8.6,7.38,8.62,556.9,49.9,5.43,0.426,0.15,5.68,,,Ⅲ
2024-03-02T16:00:00+08:00,1709366400,9.5,7.35,7.88,560.4,45.2,5.04,0.436,0.168,5.92,,,Ⅲ
2024-03-02T20:00:00+08:00,1709380800,9.1,7.35,8.15,562.8,43.1,4.67,0.475,0.146,5.94,,,Ⅲ
2024-03-03T04:00:00+08:00,1709409600,8.3,7.34,7.64,564.9,47.2,4.59,0.557,0.131,6.18,,,Ⅲ
2024-03-03T08:00:00+08:00,1709424000,8.0,7.33,7.88,564.0,48.2,4.49,0.531,0.133,6.07,,,Ⅲ
2024-03-03T12:00:00+08:00,1709438400,9.4,7.33,7.66,562.7,45.0,5.28,0.517,0.142,6.02,,,Ⅲ
2024-03-03T16:00:00+08:00,1709452800,10.7,7.33,7.49,564.1,43.1,5.0,0.459,0.161,5.91,,,Ⅲ
2024-03-03T20:00:00+08:00,1709467200,10.3,7.34,7.99,568.2,43.7,4.85,0.448,0.15,5.85,,,Ⅲ
2024-03-04T04:00:00+08:00,1709496000,9.8,7.37,7.77,574.0,47.0,4.51,0.453,0.125,5.87,,,Ⅲ
2024-03-04T08:00:00+08:00,1709510400,9.6,7.36,7.85,572.6,49.0,4.5,0.449,0.121,5.81,,,Ⅲ
2024-03-04T12:00:00+08:00,1709524800,9.9,7.37,8.04,571.9,50.8,5.26,0.403,0.124,5.73,,,Ⅲ
2024-03-04T16:00:00+08:00,1709539200,10.2,7.38,7.58,572.1,48.5,4.76,0.41,0.142,5.73,,,Ⅲ
2024-03-04T20:00:00+08:00,1709553600,10.2,7.38,8.12,573.8,51.1,4.65,0.375,0.146,5.67,,,Ⅲ
2024-03-05T04:00:00+08:00,1709582400,10.4,7.35,7.29,570.3,46.9,4.41,0.388,0.117,5.58,,,Ⅲ
2024-03-05T12:00:00+08:00,1709611200,10.8,7.34,7.34,566.9,51.8,5.22,0.385,0.123,5.59,,,Ⅲ
2024-03-05T16:00:00+08:00,1709625600,11.0,7.37,7.98,561.4,48.7,4.46,0.344,0.13,5.43,,,Ⅲ
2024-03-05T20:00:00+08:00,1709640000,10.8,7.36,7.61,571.7,54.0,4.53,0.422,0.127,5.52,,,Ⅲ
2024-03-06T04:00:00+08:00,1709668800,10.4,7.35,7.52,564.4,52.6,4.53,0.483,0.122,5.88,,,Ⅲ
2024-03-06T08:00:00+08:00,1709683200,10.1,7.34,7.32,568.4,57.2,4.53,0.483,0.122,5.88,,,Ⅲ
2024-03-06T12:00:00+08:00,1709697600,10.4,7.33,7.24,569.3,57.2,5.4,0.495,0.13,6.02,,,Ⅲ
2024-03-06T16:00:00+08:00,1709712000,11.0,7.37,7.92,565.2,57.0,4.92,0.475,0.152,5.98,,,Ⅲ
2024-03-06T20:00:00+08:00,1709726400,10.8,7.37,7.68,566.4,62.6,4.89,0.415,0.137,5.79,,,Ⅲ
2024-03-07T04:00:00+08:00,1709755200,9.8,7.37,7.91,570.0,57.3,4.63,0.475,0.128,5.6,,,Ⅲ
2024-03-07T08:00:00+08:00,1709769600,9.6,7.34,7.51,573.0,53.5,4.51,0.463,0.124,5.61,,,Ⅲ
2024-03-07T12:00:00+08:00,1709784000,10.9,7.33,7.28,576.2,53.5,5.38,0.468,0.137,5.67,,,Ⅲ
2024-03-07T16:00:00+08:00,1709798400,11.7,7.34,7.76,568.5,53.9,4.87,0.402,0.146,5.71,,,Ⅲ
2024-03-07T20:00:00+08:00,1709812800,11.5,7.33,7.33,571.8,55.1,4.69,0.376,0.134,5.61,,,Ⅲ
2024-03-08T04:00:00+08:00,1709841600,11.2,7.34,7.71,573.2,54.5,4.64,0.362,0.121,5.59,,,Ⅲ
2024-03-08T08:00:00+08:00,1709856000,10.6,7.33,7.15,574.6,58.0,4.34,0.352,0.115,5.6,,,Ⅲ
2024-03-08T12:00:00+08:00,1709870400,11.6,7.31,7.02,572.3,56.8,4.88,0.361,0.146,5.43,,,Ⅲ
2024-03-08T16:00:00+08:00,1709884800,12.3,7.34,7.36,572.0,58.8,4.86,0.317,0.131,5.38,,,Ⅲ
2024-03-08T20:00:00+08:00,1709899200,12.0,7.35,7.08,570.8,58.8,4.68,0.335,0.121,5.36,,,Ⅲ
2024-03-09T04:00:00+08:00,1709928000,11.3,7.35,7.1,583.6,58.2,4.53,0.421,0.126,5.26,,,Ⅲ
2024-03-09T08:00:00+08:00,1709942400,11.1,7.33,6.93,585.1,60.9,5.28,0.394,0.134,5.23,,,Ⅲ
2024-03-09T12:00:00+08:00,1709956800,11.9,7.33,7.2,578.7,55.8,4.89,0.36,0.146,5.21,,,Ⅲ
2024-03-09T16:00:00+08:00,1709971200,12.7,7.33,6.91,580.9,65.5,4.86,0.332,0.133,5.17,,,Ⅲ
2024-03-09T20:00:00+08:00,1709985600,12.7,7.35,7.02,582.3,58.5,4.71,0.325,0.128,5.1,,,Ⅲ
2024-03-10T04:00:00+08:00,1710014400,11.8,7.33,7.07,580.4,60.6,4.52,0.362,0.123,5.19,,,Ⅲ
2024-03-10T08:00:00+08:00,1710028800,11.6,7.34,6.63,580.4,62.6,5.24,0.329,0.13,5.09,,,Ⅲ
2024-03-10T12:00:00+08:00,1710043200,12.5,7.34,7.2,581.4,61.1,4.83,0.282,0.137,5.09,,,Ⅲ
2024-03-10T16:00:00+08:00,1710057600,13.4,7.36,7.32,580.6,65.3,4.75,0.258,0.129,5.07,,,Ⅲ
2024-03-10T20:00:00+08:00,1710072000,13.3,7.39,7.91,582.6,66.9,4.66,0.256,0.123,5.01,,,Ⅲ
2024-03-11T04:00:00+08:00,1710100800,12.3,7.38,7.33,582.0,72.5,4.49,0.297,0.117,5.05,,,Ⅲ
2024-03-11T08:00:00+08:00,1710115200,12.2,7.39,7.5,579.1,65.5,5.27,0.243,0.118,5.0,,,Ⅲ
2024-03-11T16:00:00+08:00,1710144000,12.7,7.36,6.96,583.3,61.7,,0.25,0.131,4.98,,,
2024-03-11T20:00:00+08:00,1710158400,12.8,7.39,7.79,584.6,74.4,4.81,0.234,0.134,4.99,,,Ⅲ
2024-03-12T04:00:00+08:00,1710187200,12.2,7.33,6.73,582.7,68.1,4.31,0.258,0.116,4.95,,,Ⅲ
2024-03-12T08:00:00+08:00,1710201600,12.1,7.36,7.19,580.7,74.4,4.21,0.27,0.113,4.97,,,Ⅲ
2024-03-12T12:00:00+08:00,1710216000,13.1,7.36,7.0,582.2,65.3,5.02,0.208,0.119,4.86,,,Ⅲ
2024-03-12T16:00:00+08:00,1710230400,14.0,7.37,6.91,580.7,59.7,4.42,0.208,0.134,4.89,,,Ⅲ
2024-03-12T20:00:00+08:00,1710244800,13.6,7.42,7.78,584.6,75.5,4.4,0.206,0.115,4.9,,,Ⅲ
2024-03-13T04:00:00+08:00,1710273600,12.4,7.36,7.02,581.0,71.1,4.31,0.222,0.112,4.82,,,Ⅲ
2024-03-13T08:00:00+08:00,1710288000,12.1,7.4,7.65,579.4,76.1,4.17,0.25,0.11,4.86,,,Ⅲ
2024-03-13T12:00:00+08:00,1710302400,13.2,7.39,7.2,577.7,64.2,5.02,0.174,0.117,4.79,,,Ⅲ
2024-03-13T20:00:00+08:00,1710331200,13.7,7.42,7.75,579.8,66.0,4.38,0.165,0.112,4.83,,,Ⅲ
2024-03-14T04:00:00+08:00,1710360000,13.0,7.38,7.51,578.2,63.3,4.31,0.187,0.107,4.76,,,Ⅲ
2024-03-14T08:00:00+08:00,1710374400,12.9,7.4,7.48,578.8,68.8,4.15,0.208,0.108,4.79,,,Ⅲ
2024-03-14T12:00:00+08:00,1710388800,13.2,7.39,7.4,578.9,65.4,5.02,0.151,0.111,4.76,,,Ⅲ
2024-03-14T16:00:00+08:00,1710403200,13.2,7.38,7.45,577.8,65.8,4.39,0.157,0.129,4.73,,,Ⅲ
2024-03-14T20:00:00+08:00,1710417600,13.2,7.39,7.16,577.6,68.5,4.34,0.175,0.117,4.77,,,Ⅲ
2024-03-15T10:04:00+08:00,1710468240,,,,,,,,,,,,
2024-03-15T14:04:00+08:00,1710482640,,,,,,,,,,,,
2024-03-15T22:05:00+08:00,1710511500,,,,,,,,,,,,
2024-03-17T08:00:00+08:00,1710633600,15.5,7.37,7.05,577.9,63.5,4.1,0.169,0.112,4.49,,,Ⅲ
2024-03-17T12:00:00+08:00,1710648000,15.8,7.4,7.04,580.2,61.3,4.88,0.134,0.115,4.43,,,Ⅲ
2024-03-17T16:00:00+08:00,1710662400,15.4,7.41,7.29,578.3,67.9,3.92,0.126,0.127,4.39,,,Ⅲ
2024-03-18T12:00:00+08:00,1710734400,14.0,7.41,7.02,580.7,64.2,5.02,0.157,0.122,4.34,,,Ⅲ
2024-03-18T16:00:00+08:00,1710748800,13.9,7.42,7.38,578.9,62.1,4.2,0.144,0.128,4.36,,,Ⅲ
2024-03-18T20:00:00+08:00,1710763200,13.7,7.41,7.21,577.1,67.0,3.78,0.142,0.115,4.36,,,Ⅲ
2024-03-19T04:00:00+08:00,1710792000,13.3,7.37,6.88,578.1,63.7,3.58,0.183,0.108,4.4,,,Ⅲ
2024-03-19T08:00:00+08:00,1710806400,13.2,7.37,6.44,580.1,68.9,3.7,0.188,0.112,4.36,,,Ⅲ
2024-03-19T12:00:00+08:00,1710820800,14.3,7.4,6.66,582.2,61.2,4.87,0.157,0.119,4.32,,,Ⅲ
2024-03-19T16:00:00+08:00,1710835200,15.5,7.47,7.89,579.8,48.5,4.37,0.15,0.135,4.37,,,Ⅲ
2024-03-19T20:00:00+08:00,1710849600,15.3,7.53,8.19,580.3,55.9,4.48,0.116,0.111,4.43,,,Ⅲ
2024-03-20T04:00:00+08:00,1710878400,14.1,7.46,7.64,579.2,55.7,2.62,0.155,0.111,4.31,,,Ⅲ
2024-03-20T08:00:00+08:00,1710892800,13.6,7.42,7.15,581.0,60.2,3.32,0.142,0.1,4.34,,,Ⅲ
2024-03-20T12:00:00+08:00,1710907200,14.9,7.45,7.29,583.7,56.0,3.8,0.13,0.115,4.24,,,Ⅲ
2024-03-20T16:00:00+08:00,1710921600,15.9,7.5,8.16,581.8,50.8,,0.106,0.198,3.91,,,
2024-03-20T20:00:00+08:00,1710936000,15.6,7.53,8.21,581.7,53.0,3.89,0.12,0.109,4.23,,,Ⅲ
2024-03-21T04:00:00+08:00,1710964800,14.6,7.52,8.32,578.1,59.3,4.04,0.112,0.099,4.19,,,Ⅲ
2024-03-21T08:00:00+08:00,1710979200,14.2,7.49,7.87,578.9,62.1,4.7,0.115,0.118,4.12,,,Ⅲ
2024-03-21T12:00:00+08:00,1710993600,15.4,7.47,7.61,580.3,59.3,4.42,0.107,0.123,4.15,,,Ⅲ
2024-03-21T16:00:00+08:00,1711008000,16.4,7.5,8.03,579.2,61.0,4.27,0.101,0.112,4.13,,,Ⅲ
2024-03-21T20:00:00+08:00,1711022400,16.1,7.52,8.0,581.1,61.2,4.29,0.116,0.108,4.15,,,Ⅲ
2024-03-22T04:00:00+08:00,1711051200,15.5,7.55,8.33,580.1,67.6,4.46,0.116,0.104,4.16,,,Ⅲ
2024-03-22T08:00:00+08:00,1711065600,15.3,7.51,7.83,582.2,69.8,4.75,0.118,0.116,4.06,,,Ⅲ
2024-03-22T12:00:00+08:00,1711080000,16.6,7.5,8.1,581.8,65.4,4.9,0.105,0.127,4.06,,,Ⅲ
2024-03-22T16:00:00+08:00,1711094400,17.7,7.52,8.16,582.1,64.9,4.92,0.1,0.117,4.02,,,Ⅲ
2024-03-22T20:00:00+08:00,1711108800,17.8,7.54,8.09,584.1,53.2,4.22,0.096,0.106,3.99,,,Ⅲ
2024-03-23T04:00:00+08:00,1711137600,17.5,7.53,8.09,581.7,55.9,4.3,0.102,0.102,4.07,,,Ⅲ
2024-03-23T08:00:00+08:00,1711152000,17.4,7.51,7.69,583.2,53.6,4.41,0.092,0.107,4.01,,,Ⅲ
2024-03-23T12:00:00+08:00,1711166400,17.9,7.5,7.79,582.2,57.7,4.27,0.101,0.126,4.07,,,Ⅲ
2024-03-23T16:00:00+08:00,1711180800,18.2,7.5,7.76,583.3,60.0,4.18,0.096,0.11,4.04,,,Ⅲ
2024-03-23T20:00:00+08:00,1711195200,18.2,7.52,7.65,585.0,48.8,4.04,0.084,0.098,3.99,,,Ⅲ
2024-03-24T04:00:00+08:00,1711224000,17.7,7.45,7.1,580.3,55.1,4.01,0.1,0.101,3.98,,,Ⅲ
2024-03-24T08:00:00+08:00,1711238400,17.8,7.46,7.0,581.7,50.3,5.09,0.086,0.102,3.96,,,Ⅲ
2024-03-24T12:00:00+08:00,1711252800,18.3,7.47,7.51,579.1,57.4,4.58,0.083,0.118,3.97,,,Ⅲ
2024-03-24T16:00:00+08:00,1711267200,19.1,7.47,7.44,579.4,55.0,4.2,0.079,0.111,3.96,,,Ⅲ
2024-03-24T20:00:00+08:00,1711281600,19.2,7.51,7.34,582.0,49.6,3.36,0.077,0.098,3.92,,,Ⅱ
2024-03-25T04:00:00+08:00,1711310400,18.6,7.44,6.88,578.6,52.2,4.16,0.091,0.101,3.99,,,Ⅲ
2024-03-25T08:00:00+08:00,1711324800,18.6,7.45,6.75,581.4,49.4,4.77,0.083,0.133,3.85,,,Ⅲ
2024-03-25T12:00:00+08:00,1711339200,21.4,6.38,7.37,578.6,45.5,3.9,0.078,0.117,3.93,,,Ⅲ
2024-03-25T16:00:00+08:00,1711353600,22.7,6.36,7.6,580.7,46.4,4.18,0.081,0.107,3.95,,,Ⅲ
2024-03-25T20:00:00+08:00,1711368000,22.5,6.34,7.96,578.4,48.9,4.03,0.08,0.102,3.86,,,Ⅲ
2024-03-26T04:00:00+08:00,1711396800,22.4,6.16,7.7,576.4,56.4,4.37,0.11,0.107,3.98,,,Ⅲ
2024-03-26T08:00:00+08:00,1711411200,22.6,6.16,7.59,578.9,47.8,4.37,0.11,0.107,3.98,,,Ⅲ
2024-03-26T12:00:00+08:00,1711425600,22.5,5.62,8.1,576.8,53.3,,0.084,0.109,3.89,,,
2024-03-26T16:00:00+08:00,1711440000,23.1,5.72,7.95,576.5,49.0,4.56,0.098,0.124,3.94,,,劣Ⅴ
2024-03-26T20:00:00+08:00,1711454400,22.8,5.97,8.32,577.8,45.4,4.88,0.099,0.116,3.97,,,劣Ⅴ
2024-03-27T04:00:00+08:00,1711483200,22.2,6.19,7.3,576.7,88.1,4.07,0.1,0.102,3.99,,,Ⅲ
2024-03-27T08:00:00+08:00,1711497600,22.0,6.2,7.77,577.5,49.0,3.59,0.112,0.102,3.96,,,Ⅲ
2024-03-27T12:00:00+08:00,1711512000,22.5,6.0,8.02,576.1,42.8,4.18,0.084,0.107,3.87,,,Ⅲ
2024-03-27T16:00:00+08:00,1711526400,22.6,5.95,8.39,577.7,40.1,4.27,0.09,0.125,3.93,,,Ⅲ
2024-03-27T20:00:00+08:00,1711540800,22.2,6.09,8.67,577.5,41.1,3.84,0.08,0.107,3.87,,,劣Ⅴ
2024-03-28T04:00:00+08:00,1711569600,22.0,6.45,7.96,577.3,46.2,3.43,0.089,0.1,3.85,,,Ⅲ
2024-03-28T08:00:00+08:00,1711584000,21.8,6.67,8.11,573.5,47.3,3.64,0.088,0.098,3.79,,,Ⅱ
2024-03-28T12:00:00+08:00,1711598400,16.4,7.56,8.12,566.9,42.9,4.19,0.074,0.097,3.76,,,Ⅲ
2024-03-28T16:00:00+08:00,1711612800,16.6,7.54,7.78,566.2,45.6,3.92,0.081,0.109,3.75,,,Ⅲ
2024-03-28T20:00:00+08:00,1711627200,16.4,7.56,8.23,567.1,45.3,3.83,0.091,0.116,3.8,,,Ⅲ
2024-03-29T04:00:00+08:00,1711656000,15.6,7.44,6.82,566.7,48.8,3.53,0.1,0.103,3.82,,,Ⅲ
2024-03-29T08:00:00+08:00,1711670400,15.6,7.48,7.55,566.5,64.8,3.83,0.107,0.098,3.87,,,Ⅱ
2024-03-29T12:00:00+08:00,1711684800,17.1,7.5,7.59,565.7,48.5,4.8,0.09,0.115,3.76,,,Ⅲ
2024-03-29T16:00:00+08:00,1711699200,18.6,7.52,7.9,565.5,49.6,4.47,0.091,0.12,3.76,,,Ⅲ
2024-03-29T20:00:00+08:00,1711713600,18.5,7.51,7.78,565.1,51.8,4.18,0.08,0.105,3.83,,,Ⅲ
2024-03-30T04:00:00+08:00,1711742400,18.1,7.46,7.34,564.4,55.5,3.87,0.088,0.099,3.84,,,Ⅱ
2024-03-30T08:00:00+08:00,1711756800,18.0,7.46,7.1,562.9,60.1,3.78,0.09,0.1,3.85,,,Ⅱ
2024-03-30T12:00:00+08:00,1711771200,19.3,7.5,7.46,563.7,43.2,4.78,0.082,0.114,3.79,,,Ⅲ
2024-03-30T16:00:00+08:00,1711785600,20.4,7.52,7.96,562.0,43.5,4.37,0.071,0.121,3.82,,,Ⅲ
2024-03-30T20:00:00+08:00,1711800000,20.3,7.52,7.77,562.9,40.5,3.75,0.061,0.099,3.81,,,Ⅱ
2024-03-31T04:00:00+08:00,1711828800,19.3,7.45,6.97,557.2,48.3,3.73,0.065,0.093,3.82,,,Ⅱ
2024-03-31T20:00:00+08:00,1711886400,19.4,7.5,7.2,557.9,48.2,3.39,0.067,0.115,3.75,,,Ⅲ
2024-04-01T04:00:00+08:00,1711915200,18.5,7.42,6.5,556.7,57.1,3.99,0.071,0.096,3.74,,,Ⅱ
2024-04-01T08:00:00+08:00,1711929600,18.3,7.43,6.89,556.2,59.2,3.78,0.079,0.094,3.78,,,Ⅱ
2024-04-01T12:00:00+08:00,1711944000,19.6,7.5,7.35,558.7,54.1,4.87,0.074,0.105,3.75,,,Ⅲ
2024-04-01T16:00:00+08:00,1711958400,20.8,7.56,7.77,558.8,51.3,4.29,0.067,0.109,3.72,,,Ⅲ
2024-04-01T20:00:00+08:00,1711972800,20.4,7.61,8.34,558.0,50.3,3.6,0.051,0.089,3.66,,,Ⅱ
2024-04-02T04:00:00+08:00,1712001600,19.5,7.58,7.48,560.1,60.3,3.72,0.061,0.088,3.72,,,Ⅱ
2024-04-02T08:00:00+08:00,1712016000,19.2,7.54,7.06,558.3,58.9,4.79,0.065,0.101,3.66,,,Ⅲ
2024-04-02T12:00:00+08:00,1712030400,19.8,7.58,7.18,562.8,56.7,4.06,0.057,0.11,3.66,,,Ⅲ
2024-04-02T16:00:00+08:00,1712044800,19.9,7.59,8.25,569.7,46.4,4.06,0.057,0.11,3.66,,,Ⅲ
2024-04-02T20:00:00+08:00,1712059200,20.0,7.54,7.92,566.3,46.2,4.22,0.054,0.096,3.62,,,Ⅲ
2024-04-03T04:00:00+08:00,1712088000,19.8,7.48,7.46,566.2,56.7,3.93,0.064,0.087,3.7,,,Ⅱ
2024-04-03T08:00:00+08:00,1712102400,19.7,7.43,6.81,564.0,66.9,3.81,0.072,0.092,3.65,,,Ⅱ
2024-04-03T12:00:00+08:00,1712116800,20.0,7.49,7.39,565.5,65.8,4.85,0.078,0.103,3.6,,,Ⅲ
2024-04-03T16:00:00+08:00,1712131200,20.1,7.57,8.29,563.7,74.3,4.37,0.074,0.121,3.56,,,Ⅲ
2024-04-03T20:00:00+08:00,1712145600,19.7,7.52,7.57,567.1,80.4,4.12,0.067,0.102,3.55,,,Ⅲ
2024-04-04T04:00:00+08:00,1712174400,18.8,7.5,7.71,559.6,76.0,4.02,0.081,0.096,3.63,,,Ⅲ
2024-04-04T08:00:00+08:00,1712188800,18.4,7.43,6.91,560.1,73.7,3.87,0.063,0.091,3.49,,,Ⅱ
2024-04-04T12:00:00+08:00,1712203200,18.7,7.45,7.38,560.3,82.5,4.86,0.078,0.102,3.49,,,Ⅲ
2024-04-04T16:00:00+08:00,1712217600,19.2,7.55,8.08,559.4,81.8,4.41,0.077,0.11,3.46,,,Ⅲ
2024-04-04T20:00:00+08:00,1712232000,18.9,7.49,7.36,562.6,73.6,3.94,0.061,0.095,3.43,,,Ⅱ
2024-04-05T04:00:00+08:00,1712260800,18.2,7.42,6.9,563.0,75.0,4.05,0.098,0.096,3.63,,,Ⅲ
2024-04-05T08:00:00+08:00,1712275200,18.0,7.43,6.75,562.8,78.8,3.62,0.088,0.089,3.61,,,Ⅱ
2024-04-05T12:00:00+08:00,1712289600,19.0,7.43,7.27,563.3,84.9,4.75,0.077,0.099,3.49,,,Ⅲ
2024-04-05T16:00:00+08:00,1712304000,20.1,7.53,7.94,563.2,86.1,4.27,0.082,0.11,3.45,,,Ⅲ
2024-04-05T20:00:00+08:00,1712318400,19.7,7.54,7.87,563.9,83.1,4.18,0.071,0.099,3.43,,,Ⅲ
2024-04-06T04:00:00+08:00,1712347200,19.0,7.47,7.11,563.9,90.1,3.99,0.083,0.095,3.57,,,Ⅱ
2024-04-06T08:00:00+08:00,1712361600,18.7,7.47,6.99,564.2,77.1,3.62,0.067,0.086,3.46,,,Ⅱ
2024-04-06T12:00:00+08:00,1712376000,18.7,7.5,7.66,562.2,99.6,4.81,0.077,0.096,3.52,,,Ⅲ
2024-04-06T16:00:00+08:00,1712390400,19.0,7.55,8.0,562.0,98.7,4.26,0.073,0.112,3.44,,,Ⅲ
2024-04-06T20:00:00+08:00,1712404800,18.9,7.56,8.1,561.2,97.4,4.24,0.067,0.105,3.42,,,Ⅲ
2024-04-07T04:00:00+08:00,1712433600,18.3,7.45,6.93,562.5,80.5,3.97,0.08,0.093,3.57,,,Ⅱ
2024-04-07T12:00:00+08:00,1712462400,18.0,7.48,7.5,559.1,92.2,4.68,0.072,0.093,3.49,,,Ⅲ
2024-04-07T16:00:00+08:00,1712476800,18.2,7.53,7.68,560.5,89.2,4.09,0.069,0.102,3.35,,,Ⅲ
2024-04-07T20:00:00+08:00,1712491200,18.0,7.53,7.95,557.3,83.2,4.02,0.064,0.091,3.37,,,Ⅲ
2024-04-08T04:00:00+08:00,1712520000,17.4,7.46,6.99,557.7,81.7,3.84,0.08,0.093,3.36,,,Ⅱ
2024-04-08T08:00:00+08:00,1712534400,17.2,7.48,7.51,549.3,80.4,4.77,0.073,0.096,3.32,,,Ⅲ
2024-04-08T12:00:00+08:00,1712548800,17.2,7.45,7.33,547.0,69.4,4.21,0.074,0.101,3.33,,,Ⅲ
2024-04-08T16:00:00+08:00,1712563200,17.2,7.45,7.23,544.5,77.5,4.22,0.08,0.11,3.33,,,Ⅲ
2024-04-08T20:00:00+08:00,1712577600,17.1,7.48,7.67,542.0,71.9,3.97,0.072,0.098,3.26,,,Ⅱ
2024-04-09T04:00:00+08:00,1712606400,16.4,7.4,6.47,546.9,71.7,3.98,0.094,0.103,3.41,,,Ⅲ
2024-04-09T08:00:00+08:00,1712620800,16.4,7.43,7.16,543.9,71.3,4.99,0.079,0.11,3.33,,,Ⅲ
2024-04-09T12:00:00+08:00,1712635200,17.7,7.41,7.06,544.1,66.5,4.45,0.077,0.116,3.47,,,Ⅲ
2024-04-09T16:00:00+08:00,1712649600,18.9,7.44,7.61,544.7,69.6,4.5,0.076,0.111,3.49,,,Ⅲ
2024-04-09T20:00:00+08:00,1712664000,18.7,7.43,7.49,540.5,60.7,4.47,0.076,0.106,3.46,,,Ⅲ
2024-04-10T04:00:00+08:00,1712692800,18.1,7.43,7.14,550.0,51.5,3.89,0.072,0.099,3.61,,,Ⅱ
2024-04-10T08:00:00+08:00,1712707200,17.9,7.42,6.99,546.8,53.2,5.06,0.068,0.111,3.45,,,Ⅲ
2024-04-10T12:00:00+08:00,1712721600,19.1,7.46,7.55,550.8,50.6,4.45,0.061,0.116,3.58,,,Ⅲ
2024-04-10T16:00:00+08:00,1712736000,20.1,7.54,8.42,554.9,50.2,4.32,0.058,0.104,3.58,,,Ⅲ
2024-04-10T20:00:00+08:00,1712750400,19.8,7.53,8.03,552.9,52.7,4.31,0.06,0.103,3.51,,,Ⅲ
2024-04-11T04:00:00+08:00,1712779200,19.1,7.53,8.02,559.0,47.7,3.93,0.056,0.096,3.54,,,Ⅱ
2024-04-11T08:00:00+08:00,1712793600,18.9,7.48,7.24,558.4,57.0,5.03,0.061,0.103,3.48,,,Ⅲ
2024-04-11T16:00:00+08:00,1712822400,20.8,7.56,8.0,563.4,40.1,4.27,0.055,0.108,3.5,,,Ⅲ
2024-04-11T20:00:00+08:00,1712836800,20.8,7.58,7.77,563.8,44.2,4.18,0.05,0.099,3.46,,,Ⅲ
2024-04-12T04:00:00+08:00,1712865600,20.3,7.49,7.01,565.1,48.7,3.85,0.06,0.096,3.47,,,Ⅱ
2024-04-12T08:00:00+08:00,1712880000,20.2,7.49,6.67,567.2,52.1,4.95,0.063,0.105,3.4,,,Ⅲ
2024-04-12T12:00:00+08:00,1712894400,20.2,7.47,6.28,568.8,43.8,4.26,0.065,0.109,3.42,,,Ⅲ
2024-04-12T16:00:00+08:00,1712908800,20.1,7.45,6.4,568.7,40.1,4.03,0.065,0.105,3.41,,,Ⅲ
2024-04-12T20:00:00+08:00,1712923200,20.0,7.46,6.18,570.4,38.2,4.01,0.058,0.097,3.39,,,Ⅲ
2024-04-13T00:00:00+08:00,1712937600,19.7,7.42,6.38,570.1,45.8,4.03,0.07,0.099,3.4,,,Ⅲ
2024-04-13T04:00:00+08:00,1712952000,19.4,7.33,6.1,571.9,40.8,3.87,0.089,0.099,3.41,,,Ⅱ
2024-04-13T08:00:00+08:00,1712966400,19.5,7.37,5.63,570.5,51.4,4.95,0.078,0.113,3.32,,,Ⅲ
2024-04-13T12:00:00+08:00,1712980800,19.9,7.39,6.29,571.2,47.7,4.36,0.073,0.112,3.34,,,Ⅲ
2024-04-13T16:00:00+08:00,1712995200,20.1,7.37,6.42,573.9,36.2,4.07,0.066,0.1,3.36,,,Ⅲ
2024-04-13T20:00:00+08:00,1713009600,20.0,7.38,6.09,575.7,34.7,4.04,0.065,0.096,3.35,,,Ⅲ
2024-04-14T00:00:00+08:00,1713024000,19.8,7.39,6.82,576.4,40.4,3.89,0.072,0.097,3.38,,,Ⅲ
2024-04-14T04:00:00+08:00,1713038400,19.4,7.36,6.35,579.9,40.9,3.82,0.086,0.1,3.36,,,Ⅱ
2024-04-14T08:00:00+08:00,1713052800,19.3,7.38,6.03,578.9,48.8,4.83,0.081,0.108,3.27,,,Ⅲ
2024-04-14T12:00:00+08:00,1713067200,19.8,7.41,6.89,576.2,44.5,4.29,0.069,0.117,3.27,,,Ⅲ
2024-04-14T16:00:00+08:00,1713081600,20.6,7.4,6.65,577.9,37.8,4.14,0.069,0.109,3.25,,,Ⅲ
2024-04-14T20:00:00+08:00,1713096000,20.6,7.4,6.05,577.9,36.3,3.91,0.072,0.099,3.26,,,Ⅱ
2024-04-15T00:00:00+08:00,1713110400,20.4,7.39,6.42,578.0,38.0,3.85,0.076,0.099,3.26,,,Ⅱ
2024-04-15T04:00:00+08:00,1713124800,20.1,7.34,5.81,581.4,42.5,3.83,0.097,0.104,3.26,,,Ⅲ
2024-04-15T08:00:00+08:00,1713139200,20.1,7.33,5.52,582.2,45.2,4.91,0.087,0.114,3.24,,,Ⅲ
2024-04-15T12:00:00+08:00,1713153600,21.2,7.39,6.63,580.2,41.5,4.23,0.071,0.114,3.23,,,Ⅲ
2024-04-15T16:00:00+08:00,1713168000,22.4,7.39,6.66,582.2,34.7,4.14,0.068,0.103,3.23,,,Ⅲ
2024-04-15T20:00:00+08:00,1713182400,22.4,7.46,7.6,584.0,40.7,3.84,0.07,0.101,3.24,,,Ⅲ
2024-04-16T00:00:00+08:00,1713196800,22.1,7.43,7.04,583.8,37.7,3.85,0.074,0.101,3.21,,,Ⅲ
2024-04-16T04:00:00+08:00,1713211200,21.5,7.4,6.62,586.1,41.8,3.94,0.087,0.108,3.23,,,Ⅲ
2024-04-16T08:00:00+08:00,1713225600,21.3,7.38,6.48,585.3,48.5,4.74,0.079,0.115,3.21,,,Ⅲ
2024-04-16T12:00:00+08:00,1713240000,22.2,7.43,6.99,583.6,48.4,4.16,0.072,0.121,3.09,,,Ⅲ
2024-04-16T16:00:00+08:00,1713254400,23.1,7.48,7.03,586.5,34.1,4.13,0.065,0.105,3.13,,,Ⅲ
2024-04-16T20:00:00+08:00,1713268800,22.8,7.46,7.34,585.3,45.1,4.12,0.068,0.101,3.15,,,Ⅲ
2024-04-17T00:00:00+08:00,1713283200,22.3,7.45,7.21,585.0,36.6,3.97,0.07,0.098,3.15,,,Ⅱ
2024-04-17T04:00:00+08:00,1713297600,21.7,7.41,6.95,585.1,37.7,3.87,0.075,0.097,3.14,,,Ⅱ
2024-04-17T08:00:00+08:00,1713312000,21.2,7.39,6.94,584.4,40.4,4.96,0.082,0.108,3.07,,,Ⅲ
2024-04-17T12:00:00+08:00,1713326400,20.9,7.46,6.72,589.0,48.0,4.35,0.094,0.121,3.03,,,Ⅲ
2024-04-17T16:00:00+08:00,1713340800,20.7,7.47,6.59,587.1,61.8,4.1,0.093,0.116,2.97,,,Ⅲ
2024-04-17T20:00:00+08:00,1713355200,20.2,7.39,6.15,589.9,43.7,4.2,0.237,0.129,3.3,,,Ⅲ
2024-04-18T00:00:00+08:00,1713369600,19.8,7.35,5.39,581.8,42.1,4.24,0.193,0.127,3.23,,,Ⅲ
2024-04-18T04:00:00+08:00,1713384000,19.3,7.33,5.07,574.2,101.5,3.96,0.141,0.117,3.14,,,Ⅲ
2024-04-18T12:00:00+08:00,1713412800,20.3,7.3,4.67,576.4,63.6,4.58,0.116,0.136,3.24,,,Ⅳ
2024-04-22T12:00:00+08:00,1713758400,21.4,7.45,6.71,578.5,42.9,4.18,0.068,0.119,2.86,,,Ⅲ
2024-04-22T16:00:00+08:00,1713772800,22.0,7.47,6.73,578.6,45.1,4.15,0.065,0.109,2.83,,,Ⅲ
2024-04-22T20:00:00+08:00,1713787200,21.8,7.48,6.65,579.0,48.0,3.91,0.064,0.097,2.86,,,Ⅱ
2024-04-23T04:00:00+08:00,1713816000,21.2,7.45,6.21,581.7,50.2,3.73,0.071,0.098,2.85,,,Ⅱ
2024-04-23T08:00:00+08:00,1713830400,21.0,7.44,5.99,577.4,57.0,4.79,0.067,0.102,2.77,,,Ⅲ
2024-04-23T12:00:00+08:00,1713844800,21.2,7.42,6.29,577.2,48.8,4.28,0.064,0.111,2.79,,,Ⅲ
2024-04-23T16:00:00+08:00,1713859200,22.0,7.45,6.32,577.4,45.4,4.21,0.064,0.106,2.78,,,Ⅲ
2024-04-23T20:00:00+08:00,1713873600,21.9,7.49,7.01,576.0,43.9,4.06,0.058,0.098,2.75,,,Ⅲ
2024-04-24T04:00:00+08:00,1713902400,21.4,7.44,6.36,580.7,43.2,3.69,0.077,0.105,2.79,,,Ⅲ
2024-04-24T08:00:00+08:00,1713916800,21.3,7.44,6.7,576.5,58.0,4.92,0.064,0.109,2.7,,,Ⅲ
2024-04-24T12:00:00+08:00,1713931200,22.6,7.47,6.86,578.7,35.4,4.08,0.056,0.109,2.73,,,Ⅲ
2024-04-24T16:00:00+08:00,1713945600,22.8,7.4,7.92,575.2,38.0,4.23,0.07,0.114,2.71,,,Ⅲ
2024-04-24T20:00:00+08:00,1713960000,23.0,7.42,7.85,575.8,27.2,3.89,0.056,0.1,2.66,,,Ⅲ
2024-04-25T04:00:00+08:00,1713988800,21.9,7.37,7.66,577.3,32.7,3.62,0.07,0.101,2.83,,,Ⅲ
2024-04-25T08:00:00+08:00,1714003200,21.7,7.37,7.67,575.9,27.2,4.61,0.056,0.108,2.63,,,Ⅲ
2024-04-25T12:00:00+08:00,1714017600,22.2,7.41,8.14,576.0,30.5,,0.057,0.116,2.73,,,
2024-04-25T16:00:00+08:00,1714032000,21.8,7.39,8.17,575.9,24.7,4.1,0.055,0.101,2.71,,,Ⅲ
2024-04-25T20:00:00+08:00,1714046400,21.5,7.41,8.17,574.8,24.1,3.86,0.053,0.094,2.64,,,Ⅱ
2024-04-26T04:00:00+08:00,1714075200,20.6,7.34,7.73,575.0,30.8,3.71,0.077,0.098,2.76,,,Ⅱ
2024-04-26T08:00:00+08:00,1714089600,20.6,7.37,7.59,575.0,34.2,,0.062,0.106,2.57,,,
2024-04-26T12:00:00+08:00,1714104000,20.8,7.39,8.06,577.0,34.4,,0.058,0.116,2.65,,,
2024-04-26T16:00:00+08:00,1714118400,21.3,7.4,8.26,576.8,26.2,,0.057,0.101,2.66,,,
2024-04-26T20:00:00+08:00,1714132800,21.2,7.43,8.09,575.5,23.2,,0.052,0.095,2.6,,,
2024-04-27T04:00:00+08:00,1714161600,20.7,7.38,7.99,574.7,30.4,,0.066,0.096,2.75,,,
2024-04-27T08:00:00+08:00,1714176000,20.7,7.38,7.44,576.0,37.1,,0.068,0.106,2.5,,,
2024-04-27T12:00:00+08:00,1714190400,20.8,7.4,7.84,576.4,32.4,,0.061,0.114,2.6,,,
2024-04-27T16:00:00+08:00,1714204800,21.1,7.38,7.9,575.3,26.8,,0.058,0.104,2.64,,,
2024-04-27T20:00:00+08:00,1714219200,21.1,7.39,7.86,573.8,24.1,,0.052,0.093,2.59,,,
2024-04-28T04:00:00+08:00,1714248000,20.6,7.34,7.61,573.2,30.7,,0.068,0.094,2.69,,,
2024-04-28T08:00:00+08:00,1714262400,20.6,7.36,7.22,574.8,37.6,,0.074,0.104,2.52,,,
2024-04-28T12:00:00+08:00,1714276800,20.7,7.37,7.64,574.3,29.4,,0.062,0.116,2.53,,,
2024-04-28T16:00:00+08:00,1714291200,21.1,7.36,7.7,573.8,26.5,,0.06,0.11,2.52,,,
2024-04-29T12:00:00+08:00,1714363200,21.5,7.36,7.38,573.3,30.5,,0.06,0.116,2.52,,,
2024-04-29T16:00:00+08:00,1714377600,22.1,7.36,7.65,572.9,28.9,,0.059,0.102,2.59,,,
2024-04-29T20:00:00+08:00,1714392000,22.2,7.38,7.64,574.1,27.2,,0.05,0.095,2.57,,,
2024-04-30T04:00:00+08:00,1714420800,21.5,7.33,7.26,574.0,34.1,,0.075,0.099,2.68,,,
2024-04-30T12:00:00+08:00,1714449600,21.3,7.36,7.36,574.3,31.4,,0.065,0.114,2.5,,,
2024-04-30T16:00:00+08:00,1714464000,20.9,7.36,7.59,571.2,30.8,,0.064,0.108,2.56,,,
2024-04-30T20:00:00+08:00,1714478400,20.5,7.38,7.51,570.8,33.8,3.96,0.072,0.1,2.56,,,Ⅲ
2024-05-01T04:00:00+08:00,1714507200,19.7,7.32,7.2,569.3,33.4,3.74,0.085,0.1,2.67,,,Ⅱ
2024-05-01T08:00:00+08:00,1714521600,19.5,7.33,7.35,569.9,35.1,4.53,0.076,0.109,2.67,,,Ⅲ
2024-05-01T12:00:00+08:00,1714536000,20.3,7.35,7.11,569.4,31.6,4.18,0.069,0.126,2.6,,,Ⅲ
2024-05-01T16:00:00+08:00,1714550400,21.1,7.35,7.31,568.5,30.0,4.03,0.067,0.111,2.62,,,Ⅲ
2024-05-01T20:00:00+08:00,1714564800,21.2,7.38,7.68,575.3,34.7,3.96,0.074,0.106,2.74,,,Ⅲ
2024-05-02T04:00:00+08:00,1714593600,20.1,7.31,6.95,576.8,35.0,3.83,0.092,0.103,2.72,,,Ⅲ
2024-05-02T08:00:00+08:00,1714608000,20.0,7.28,6.58,576.2,36.5,4.82,0.08,0.112,2.7,,,Ⅲ
2024-05-02T12:00:00+08:00,1714622400,20.9,7.33,7.28,575.4,26.4,4.26,0.067,0.114,2.65,,,Ⅲ
2024-05-02T16:00:00+08:00,1714636800,21.5,7.37,7.77,577.7,27.4,4.1,0.063,0.103,2.65,,,Ⅲ
2024-05-02T20:00:00+08:00,1714651200,21.5,7.37,7.88,578.5,27.6,4.04,,0.099,2.7,,,
2024-05-03T04:00:00+08:00,1714680000,20.7,7.37,7.7,583.3,30.4,3.72,0.071,0.092,2.71,,,Ⅱ
2024-05-03T08:00:00+08:00,1714694400,20.5,7.31,7.13,585.7,30.4,4.89,0.075,0.109,2.67,,,Ⅲ
2024-05-03T12:00:00+08:00,1714708800,21.2,7.35,7.38,583.6,26.8,4.31,0.067,0.116,2.69,,,Ⅲ
2024-05-03T16:00:00+08:00,1714723200,22.1,7.47,8.48,582.3,27.4,4.14,0.058,0.102,2.58,,,Ⅲ
2024-05-03T20:00:00+08:00,1714737600,21.8,7.42,8.12,583.6,28.0,4.08,0.063,0.096,2.6,,,Ⅲ
2024-05-04T04:00:00+08:00,1714766400,21.2,7.41,7.92,584.0,27.4,3.9,0.06,0.094,2.58,,,Ⅱ
2024-05-04T08:00:00+08:00,1714780800,20.8,7.4,7.57,584.8,34.9,4.83,0.065,0.097,2.58,,,Ⅲ
2024-05-04T12:00:00+08:00,1714795200,20.7,7.37,7.37,583.7,27.5,4.24,0.064,0.108,2.53,,,Ⅲ
2024-05-04T16:00:00+08:00,1714809600,20.8,7.44,8.18,582.4,29.3,4.1,0.054,0.104,2.48,,,Ⅲ
2024-05-04T20:00:00+08:00,1714824000,20.7,7.41,7.76,587.3,54.0,4.03,0.066,0.093,2.52,,,Ⅲ
2024-05-05T04:00:00+08:00,1714852800,20.4,7.37,7.43,585.6,36.3,3.74,0.062,0.092,2.49,,,Ⅱ
2024-05-05T08:00:00+08:00,1714867200,20.3,7.36,7.02,588.2,33.0,4.82,0.073,0.097,2.55,,,Ⅲ
2024-05-05T12:00:00+08:00,1714881600,20.7,7.32,6.55,589.5,37.2,4.27,0.08,0.111,2.61,,,Ⅲ
2024-05-05T16:00:00+08:00,1714896000,21.0,7.39,7.66,582.1,31.9,4.1,0.066,0.103,2.49,,,Ⅲ
2024-05-06T08:00:00+08:00,1714953600,21.0,7.31,6.65,580.8,37.6,3.92,0.071,0.097,2.49,,,Ⅱ
2024-05-06T12:00:00+08:00,1714968000,22.0,7.35,7.09,583.6,32.8,4.81,0.07,0.102,2.6,,,Ⅲ
2024-05-06T16:00:00+08:00,1714982400,22.7,7.41,7.9,579.1,24.9,4.25,0.064,0.106,2.6,,,Ⅲ
2024-05-06T20:00:00+08:00,1714996800,22.9,7.38,7.76,579.7,25.5,4.22,0.058,0.096,2.55,,,Ⅲ
2024-05-07T04:00:00+08:00,1715025600,22.4,7.41,7.51,584.6,39.2,3.95,0.068,0.094,2.66,,,Ⅱ
2024-05-07T08:00:00+08:00,1715040000,22.3,7.41,7.53,584.6,33.0,4.11,0.07,0.1,2.46,,,Ⅲ
2024-05-07T12:00:00+08:00,1715054400,23.1,7.41,7.68,584.4,26.9,4.89,0.063,0.102,2.45,,,Ⅲ
2024-05-07T16:00:00+08:00,1715068800,23.8,7.47,7.95,586.5,30.7,4.32,0.056,0.104,2.51,,,Ⅲ
2024-05-07T20:00:00+08:00,1715083200,23.6,7.46,8.13,585.0,26.4,4.26,0.053,0.096,2.46,,,Ⅲ
2024-05-08T04:00:00+08:00,1715112000,22.7,7.42,7.27,586.4,35.7,4.04,0.057,0.089,2.56,,,Ⅲ
2024-05-08T08:00:00+08:00,1715126400,22.6,7.45,7.43,586.6,32.6,3.95,0.062,0.093,2.44,,,Ⅱ
2024-05-08T12:00:00+08:00,1715140800,23.5,7.44,7.89,584.6,26.9,4.98,0.059,0.1,2.33,,,Ⅲ
2024-05-08T16:00:00+08:00,1715155200,24.2,7.52,8.5,585.6,27.0,4.35,0.05,0.1,2.38,,,Ⅲ
2024-05-08T20:00:00+08:00,1715169600,24.0,7.51,8.36,584.8,23.3,4.33,,0.096,2.42,,,
2024-05-09T04:00:00+08:00,1715198400,22.8,7.46,7.94,585.5,33.9,4.12,0.059,0.09,2.46,,,Ⅲ
2024-05-09T08:00:00+08:00,1715212800,22.7,7.46,7.65,587.5,27.9,4.02,0.065,0.095,2.42,,,Ⅲ
2024-05-09T12:00:00+08:00,1715227200,23.4,7.48,8.12,586.4,25.3,4.93,0.056,0.1,2.28,,,Ⅲ
2024-05-09T16:00:00+08:00,1715241600,23.8,7.54,8.78,586.9,26.3,,,,,,,
2024-05-09T20:00:00+08:00,1715256000,23.6,7.54,8.55,586.9,21.1,,0.035,0.116,2.35,,,
2024-05-10T04:00:00+08:00,1715284800,22.4,7.5,8.01,588.1,61.2,4.05,0.049,0.092,2.3,,,Ⅲ
2024-05-10T08:00:00+08:00,1715299200,22.4,7.51,7.67,590.6,33.1,3.76,0.05,0.089,2.29,,,Ⅱ
2024-05-10T12:00:00+08:00,1715313600,23.6,7.57,8.33,592.8,32.0,4.79,0.047,0.1,2.19,,,Ⅲ
2024-05-10T16:00:00+08:00,1715328000,24.2,7.57,8.84,589.5,29.1,4.2,0.042,0.097,2.17,,,Ⅲ
2024-05-10T20:00:00+08:00,1715342400,24.1,7.58,8.25,588.2,24.6,4.15,0.039,0.09,2.16,,,Ⅲ
2024-05-11T04:00:00+08:00,1715371200,23.3,7.51,7.91,587.8,33.1,3.92,0.044,0.086,2.15,,,Ⅱ
2024-05-11T08:00:00+08:00,1715385600,23.2,7.5,7.61,587.2,36.0,3.73,0.047,0.085,2.19,,,Ⅱ
2024-05-11T12:00:00+08:00,1715400000,23.5,7.54,8.02,589.0,31.4,4.93,0.05,0.095,2.03,,,Ⅲ
2024-05-11T16:00:00+08:00,1715414400,23.4,7.43,7.68,584.3,36.7,4.15,0.045,0.102,2.06,,,Ⅲ
2024-05-11T20:00:00+08:00,1715428800,23.5,7.42,7.35,579.7,29.4,4.14,0.043,0.098,2.22,,,Ⅲ
2024-05-12T04:00:00+08:00,1715457600,23.0,7.31,6.49,576.3,42.4,3.85,0.051,0.085,2.23,,,Ⅱ
2024-05-12T08:00:00+08:00,1715472000,22.9,7.38,6.72,578.8,48.4,3.77,0.07,0.091,2.2,,,Ⅱ
2024-05-12T12:00:00+08:00,1715486400,23.0,7.39,7.05,577.3,32.8,4.91,0.061,0.102,2.04,,,Ⅲ
2024-05-12T16:00:00+08:00,1715500800,23.0,7.36,6.76,575.3,38.0,4.24,0.057,0.105,2.08,,,Ⅲ
2024-05-12T20:00:00+08:00,1715515200,22.9,7.37,6.68,576.0,30.7,4.06,0.052,0.097,2.14,,,Ⅲ
2024-05-13T04:00:00+08:00,1715544000,21.7,7.31,6.14,574.6,35.1,3.87,0.058,0.092,2.24,,,Ⅱ
2024-05-13T08:00:00+08:00,1715558400,21.8,7.37,6.43,577.7,53.5,5.06,0.065,0.109,2.15,,,Ⅲ
2024-05-13T12:00:00+08:00,1715572800,22.8,7.36,6.36,579.9,41.6,4.2,0.057,0.105,2.13,,,Ⅲ
2024-05-13T16:00:00+08:00,1715587200,23.5,7.34,6.77,575.3,29.5,4.14,0.053,0.098,2.2,,,Ⅲ
2024-05-13T20:00:00+08:00,1715601600,23.4,7.38,6.97,575.7,70.7,3.82,0.052,0.092,2.25,,,Ⅱ
2024-05-14T00:00:00+08:00,1715616000,22.9,7.36,6.95,574.4,44.6,4.05,0.062,0.096,2.28,,,Ⅲ
2024-05-14T04:00:00+08:00,1715630400,22.1,7.31,6.07,573.1,49.8,3.87,0.08,0.1,2.35,,,Ⅲ
2024-05-14T08:00:00+08:00,1715644800,22.2,7.35,6.21,574.6,54.0,5.04,0.074,0.112,2.27,,,Ⅲ
2024-05-14T12:00:00+08:00,1715659200,23.4,7.37,6.45,576.9,45.7,4.1,0.058,0.106,2.23,,,Ⅲ
2024-05-14T16:00:00+08:00,1715673600,24.1,7.36,6.94,572.9,27.2,4.28,0.056,0.104,2.27,,,Ⅲ
2024-05-14T20:00:00+08:00,1715688000,23.9,7.4,7.22,572.3,30.7,4.05,0.055,0.1,2.28,,,Ⅲ
2024-05-15T00:00:00+08:00,1715702400,23.4,7.38,7.11,572.7,42.6,3.89,0.061,0.098,2.31,,,Ⅱ
2024-05-15T08:00:00+08:00,1715731200,22.6,7.36,6.3,571.8,56.5,3.8,0.076,0.101,2.38,,,Ⅲ
2024-05-15T12:00:00+08:00,1715745600,23.6,7.39,6.99,572.3,39.7,5.12,0.073,0.112,2.33,,,Ⅲ
2024-05-15T16:00:00+08:00,1715760000,24.1,7.41,7.57,570.2,28.6,4.12,0.061,0.112,2.22,,,Ⅲ
2024-05-15T20:00:00+08:00,1715774400,23.8,7.46,7.85,573.4,56.4,4.28,0.055,0.103,2.2,,,Ⅲ
2024-05-16T04:00:00+08:00,1715803200,22.4,7.4,7.22,573.4,44.9,3.88,0.054,0.091,2.27,,,Ⅱ
2024-05-16T08:00:00+08:00,1715817600,22.1,7.37,6.52,573.9,43.0,3.82,0.06,0.094,2.29,,,Ⅱ
2024-05-16T16:00:00+08:00,1715846400,24.1,7.43,7.62,575.2,34.4,5.55,0.061,0.109,2.17,,,Ⅲ
2024-05-16T20:00:00+08:00,1715860800,23.8,7.44,7.75,575.0,41.3,4.33,0.05,0.1,2.18,,,Ⅲ
2024-05-17T04:00:00+08:00,1715889600,22.7,7.43,7.24,574.7,47.0,4.29,0.06,0.101,2.07,,,Ⅲ
2024-05-17T08:00:00+08:00,1715904000,22.5,7.38,6.46,575.2,52.4,4.12,0.066,0.099,2.13,,,Ⅲ
2024-05-17T12:00:00+08:00,1715918400,23.6,7.38,6.3,575.9,46.5,5.06,0.07,0.109,2.07,,,Ⅲ
2024-05-17T16:00:00+08:00,1715932800,24.9,7.5,8.02,575.5,39.0,4.27,0.057,0.102,2.1,,,Ⅲ
2024-05-17T20:00:00+08:00,1715947200,24.9,7.5,8.0,575.2,46.7,4.33,0.046,0.095,2.11,,,Ⅲ
2024-05-18T04:00:00+08:00,1715976000,24.1,7.48,7.42,574.9,47.4,4.03,0.064,0.097,2.08,,,Ⅲ
2024-05-18T08:00:00+08:00,1715990400,23.9,7.41,6.42,573.2,52.5,3.98,0.064,0.098,2.15,,,Ⅱ
2024-05-18T12:00:00+08:00,1716004800,25.1,7.44,6.61,573.8,40.8,5.0,0.065,0.105,2.14,,,Ⅲ
2024-05-18T16:00:00+08:00,1716019200,26.2,7.54,8.27,574.8,32.7,4.77,0.063,0.112,2.08,,,Ⅲ
2024-05-18T20:00:00+08:00,1716033600,25.9,7.5,7.84,575.0,40.4,4.32,0.052,0.104,2.07,,,Ⅲ
2024-05-19T04:00:00+08:00,1716062400,24.8,7.45,6.96,577.5,39.6,4.31,0.065,0.099,2.11,,,Ⅲ
2024-05-19T08:00:00+08:00,1716076800,24.7,7.46,6.79,575.1,41.3,4.05,0.068,0.092,2.16,,,Ⅲ
2024-05-19T12:00:00+08:00,1716091200,25.7,7.47,7.25,574.7,37.0,5.04,0.068,0.108,2.13,,,Ⅲ
2024-05-19T16:00:00+08:00,1716105600,26.2,7.59,8.55,577.8,32.4,4.49,0.061,0.106,2.15,,,Ⅲ
2024-05-19T20:00:00+08:00,1716120000,25.8,7.51,7.69,577.7,36.9,4.45,0.055,0.1,2.17,,,Ⅲ
2024-05-20T04:00:00+08:00,1716148800,24.8,7.45,6.9,578.9,39.4,4.29,0.077,0.098,2.1,,,Ⅲ
2024-05-20T08:00:00+08:00,1716163200,24.6,7.44,6.41,577.3,39.6,4.04,0.075,0.095,2.14,,,Ⅲ
2024-05-20T12:00:00+08:00,1716177600,25.3,7.47,7.18,574.6,37.9,5.06,0.07,0.102,2.14,,,Ⅲ
2024-05-20T16:00:00+08:00,1716192000,25.9,7.53,7.79,576.1,34.6,3.54,0.063,0.107,2.04,,,Ⅲ
2024-05-20T20:00:00+08:00,1716206400,25.6,7.49,7.28,575.6,35.4,4.4,0.058,0.1,2.09,,,Ⅲ
2024-05-21T04:00:00+08:00,1716235200,24.8,7.44,6.56,576.1,46.0,4.11,0.081,0.101,1.91,,,Ⅲ
2024-05-21T08:00:00+08:00,1716249600,24.7,7.43,6.22,576.8,39.2,5.06,0.062,0.105,1.92,,,Ⅲ
2024-05-21T12:00:00+08:00,1716264000,25.1,7.46,7.0,574.1,40.1,4.47,0.057,0.112,1.96,,,Ⅲ
2024-05-21T16:00:00+08:00,1716278400,25.4,7.52,7.54,575.9,35.4,4.31,0.057,0.103,1.96,,,Ⅲ
2024-05-21T20:00:00+08:00,1716292800,25.1,7.5,7.16,575.6,37.0,4.19,0.067,0.101,1.93,,,Ⅲ
2024-05-22T04:00:00+08:00,1716321600,24.3,7.44,6.67,576.5,44.7,4.12,0.09,0.104,1.84,,,Ⅲ
2024-05-22T08:00:00+08:00,1716336000,24.2,7.43,6.12,578.0,39.4,5.05,0.067,0.109,1.84,,,Ⅲ
2024-05-23T08:00:00+08:00,1716422400,24.4,7.42,5.68,580.7,44.9,5.17,,0.114,1.83,,,
2024-05-23T12:00:00+08:00,1716436800,25.1,7.41,6.24,577.3,39.4,4.42,,0.113,1.96,,,
2024-05-23T16:00:00+08:00,1716451200,26.1,7.43,6.71,577.9,35.3,4.33,0.097,0.105,1.86,,,Ⅲ
2024-05-23T20:00:00+08:00,1716465600,25.9,7.46,6.87,578.5,36.6,4.24,0.086,0.105,1.9,,,Ⅲ
2024-05-24T04:00:00+08:00,1716494400,25.1,7.42,6.14,572.9,46.9,4.06,0.086,0.108,1.84,,,Ⅲ
2024-05-24T08:00:00+08:00,1716508800,24.8,7.42,5.98,580.6,45.3,5.05,0.09,0.11,1.75,,,Ⅲ
2024-05-24T12:00:00+08:00,1716523200,25.0,7.37,6.77,570.3,33.4,4.37,0.074,0.113,1.78,,,Ⅲ
2024-05-24T16:00:00+08:00,1716537600,26.3,7.42,6.6,573.2,32.8,4.11,0.068,0.106,1.8,,,Ⅲ
2024-05-24T20:00:00+08:00,1716552000,26.2,7.48,7.04,574.1,35.0,3.98,0.064,0.102,1.79,,,Ⅲ
2024-05-25T04:00:00+08:00,1716580800,25.3,7.42,6.17,571.5,45.9,3.97,0.088,0.109,1.88,,,Ⅲ
2024-05-25T08:00:00+08:00,1716595200,25.2,7.44,6.0,579.7,43.3,5.07,0.083,0.112,1.69,,,Ⅲ
2024-05-25T12:00:00+08:00,1716609600,25.6,7.44,6.56,577.0,35.5,4.81,0.079,0.117,1.79,,,Ⅲ
2024-05-25T16:00:00+08:00,1716624000,26.0,7.43,6.57,578.9,35.8,4.95,0.089,0.112,1.91,,,Ⅲ
2024-05-25T20:00:00+08:00,1716638400,25.9,7.48,7.07,580.3,34.6,4.63,0.073,0.106,1.82,,,Ⅲ
2024-05-26T04:00:00+08:00,1716667200,25.2,7.41,6.06,571.7,46.1,4.13,0.09,0.11,1.83,,,Ⅲ
2024-05-26T08:00:00+08:00,1716681600,25.3,7.42,5.88,583.5,48.1,5.07,0.089,0.121,1.68,,,Ⅲ
2024-05-26T12:00:00+08:00,1716696000,26.3,7.44,6.44,580.7,35.7,4.65,0.084,0.119,1.78,,,Ⅲ
2024-05-26T16:00:00+08:00,1716710400,27.0,7.42,6.42,574.4,34.2,4.27,0.078,0.108,1.78,,,Ⅲ
2024-05-26T20:00:00+08:00,1716724800,27.1,7.45,6.44,577.4,30.4,4.16,0.081,0.104,1.82,,,Ⅲ
2024-05-27T04:00:00+08:00,1716753600,26.4,7.35,5.23,570.2,45.3,3.91,0.089,0.112,1.85,,,Ⅲ
2024-05-27T08:00:00+08:00,1716768000,26.2,7.39,5.36,578.8,56.0,5.18,0.096,0.119,1.71,,,Ⅲ
2024-05-27T12:00:00+08:00,1716782400,25.8,7.38,5.55,576.8,39.1,4.95,0.089,0.117,1.71,,,Ⅲ
2024-05-27T16:00:00+08:00,1716796800,25.1,7.36,5.54,570.8,33.1,4.43,0.109,0.12,1.83,,,Ⅲ
2024-05-27T20:00:00+08:00,1716811200,24.6,7.41,6.03,567.7,39.4,4.85,0.102,0.115,1.75,,,Ⅲ
2024-05-28T04:00:00+08:00,1716840000,23.5,7.32,4.76,563.8,42.4,3.9,0.117,0.118,1.91,,,Ⅳ
2024-05-28T08:00:00+08:00,1716854400,23.4,7.36,5.19,567.3,55.7,,0.136,0.138,1.76,,,
2024-05-28T12:00:00+08:00,1716868800,24.3,7.36,5.32,570.7,38.4,5.11,0.125,0.131,1.95,,,Ⅲ
2024-05-28T16:00:00+08:00,1716883200,25.2,7.41,5.9,566.5,39.7,4.43,0.093,0.123,1.8,,,Ⅲ
2024-05-28T20:00:00+08:00,1716897600,25.1,7.39,5.67,565.0,33.1,4.17,0.094,0.124,1.79,,,Ⅲ
2024-05-29T04:00:00+08:00,1716926400,24.0,7.35,5.21,559.5,45.3,3.89,0.12,0.124,1.92,,,Ⅲ
2024-05-29T08:00:00+08:00,1716940800,23.8,7.34,4.96,562.3,51.4,5.0,0.123,0.142,1.76,,,Ⅳ
2024-05-29T12:00:00+08:00,1716955200,24.6,7.37,5.47,568.0,38.0,4.49,0.101,0.135,1.73,,,Ⅲ
2024-05-29T16:00:00+08:00,1716969600,25.4,7.4,6.17,561.8,31.4,4.19,0.08,0.126,1.76,,,Ⅲ
2024-05-29T20:00:00+08:00,1716984000,25.2,7.4,6.08,558.8,31.7,4.31,0.08,0.119,1.85,,,Ⅲ
2024-05-30T04:00:00+08:00,1717012800,23.9,7.39,5.98,556.7,48.2,3.93,0.106,0.119,1.89,,,Ⅲ
2024-05-30T08:00:00+08:00,1717027200,23.8,7.38,5.51,558.0,47.2,5.3,0.108,0.134,1.87,,,Ⅲ
2024-05-30T12:00:00+08:00,1717041600,24.6,7.39,5.8,564.3,41.4,4.65,0.091,0.14,1.73,,,Ⅲ
2024-05-30T16:00:00+08:00,1717056000,25.3,7.43,6.49,558.6,35.4,4.34,0.074,0.121,1.8,,,Ⅲ
2024-05-30T20:00:00+08:00,1717070400,25.1,7.4,6.25,556.1,35.8,4.28,0.081,0.117,1.83,,,Ⅲ
2024-05-31T04:00:00+08:00,1717099200,24.6,7.34,5.39,551.0,44.2,4.16,0.116,0.115,2.02,,,Ⅲ
2024-05-31T08:00:00+08:00,1717113600,24.3,7.31,4.78,547.3,51.5,5.75,0.174,0.128,2.11,,,Ⅳ
2024-05-31T12:00:00+08:00,1717128000,24.3,7.37,5.62,549.8,43.5,4.73,0.116,0.129,1.88,,,Ⅲ
2024-05-31T16:00:00+08:00,1717142400,24.3,7.35,5.43,545.3,40.2,4.68,0.112,0.122,1.98,,,Ⅲ
2024-05-31T20:00:00+08:00,1717156800,24.1,7.31,4.94,546.8,39.7,4.53,0.125,0.123,2.05,,,Ⅳ
2024-06-01T04:00:00+08:00,1717185600,23.5,7.27,4.34,547.7,44.2,4.41,0.152,0.124,2.06,,,Ⅳ
2024-06-01T08:00:00+08:00,1717200000,23.3,7.24,3.49,549.7,37.2,5.74,0.184,0.133,2.11,,,Ⅳ
2024-06-01T12:00:00+08:00,1717214400,23.8,7.29,4.23,551.5,34.8,4.97,0.145,0.134,2.11,,,Ⅳ
2024-06-01T16:00:00+08:00,1717228800,24.3,7.3,4.54,550.5,30.5,5.53,0.123,0.123,2.08,,,Ⅳ
2024-06-01T20:00:00+08:00,1717243200,24.2,7.3,4.86,550.7,40.6,5.12,0.16,0.129,2.13,,,Ⅳ
2024-06-02T04:00:00+08:00,1717272000,23.5,7.28,4.53,549.0,41.3,4.88,0.15,0.119,2.09,,,Ⅳ
2024-06-02T12:00:00+08:00,1717300800,24.1,7.29,4.39,554.2,34.8,5.95,0.149,0.131,2.07,,,Ⅳ
2024-06-02T16:00:00+08:00,1717315200,24.6,7.33,5.44,550.9,29.5,5.69,0.116,0.12,2.1,,,Ⅲ
2024-06-02T20:00:00+08:00,1717329600,24.5,7.33,5.61,551.6,36.3,5.65,0.13,0.125,2.07,,,Ⅲ
2024-06-03T04:00:00+08:00,1717358400,23.8,7.29,4.95,546.5,40.3,4.59,0.128,0.117,2.03,,,Ⅳ
2024-06-03T08:00:00+08:00,1717372800,23.8,7.31,5.09,554.1,45.6,7.24,0.133,0.128,2.02,,,Ⅳ
2024-06-03T16:00:00+08:00,1717401600,25.9,7.35,5.96,552.3,29.9,6.95,0.12,0.128,2.07,,,Ⅳ
2024-06-03T20:00:00+08:00,1717416000,25.9,7.37,6.37,551.7,39.3,,0.085,0.118,2.02,,,
2024-06-04T04:00:00+08:00,1717444800,25.2,7.32,5.5,553.5,43.7,6.81,0.121,0.12,2.09,,,Ⅳ
2024-06-04T08:00:00+08:00,1717459200,25.1,7.33,5.52,555.4,41.8,6.83,0.099,0.12,1.93,,,Ⅳ
2024-06-04T12:00:00+08:00,1717473600,26.1,7.41,5.61,561.7,40.3,,0.098,0.125,2.0,,,
2024-06-04T16:00:00+08:00,1717488000,26.7,7.41,6.68,557.9,26.9,,0.076,0.117,2.0,,,
2024-06-04T20:00:00+08:00,1717502400,26.5,7.4,6.47,555.1,31.1,5.53,0.067,0.115,1.98,,,Ⅲ
2024-06-05T04:00:00+08:00,1717531200,25.6,7.36,6.03,558.3,35.7,4.37,0.076,0.112,1.85,,,Ⅲ
2024-06-05T08:00:00+08:00,1717545600,25.4,7.35,5.48,558.6,33.5,5.25,0.077,0.113,1.85,,,Ⅲ
2024-06-05T12:00:00+08:00,1717560000,25.2,7.38,5.53,562.3,35.6,4.3,0.081,0.118,1.95,,,Ⅲ
2024-06-05T16:00:00+08:00,1717574400,24.9,7.34,5.71,560.5,27.3,4.2,0.073,0.112,2.0,,,Ⅲ
2024-06-05T20:00:00+08:00,1717588800,24.5,7.33,5.29,556.5,32.5,4.04,0.082,0.11,1.94,,,Ⅲ
2024-06-06T04:00:00+08:00,1717617600,23.5,7.31,5.33,554.5,43.1,4.37,0.107,0.12,1.88,,,Ⅲ
2024-06-06T08:00:00+08:00,1717632000,23.4,7.32,5.14,556.0,33.8,5.13,0.097,0.118,1.89,,,Ⅲ
2024-06-06T12:00:00+08:00,1717646400,23.3,7.31,4.8,555.3,32.8,4.53,0.111,0.129,2.02,,,Ⅳ
2024-06-06T16:00:00+08:00,1717660800,23.3,7.29,4.98,554.6,26.8,4.51,0.102,0.126,2.06,,,Ⅳ
2024-06-06T20:00:00+08:00,1717675200,23.3,7.32,5.07,555.0,30.8,4.31,0.099,0.117,2.03,,,Ⅲ
2024-06-07T04:00:00+08:00,1717704000,22.9,7.28,4.81,557.8,40.7,4.5,0.116,0.13,1.99,,,Ⅳ
2024-06-07T08:00:00+08:00,1717718400,22.9,7.29,4.94,558.5,38.7,5.55,0.111,0.126,1.95,,,Ⅳ
2024-06-07T12:00:00+08:00,1717732800,23.7,7.29,4.63,560.9,32.2,4.57,0.093,0.126,1.99,,,Ⅳ
2024-06-07T16:00:00+08:00,1717747200,24.3,7.3,5.13,560.2,29.3,4.55,0.087,0.121,1.99,,,Ⅲ
2024-06-07T20:00:00+08:00,1717761600,24.2,7.31,5.24,560.6,30.6,4.35,0.089,0.118,2.01,,,Ⅲ
2024-06-08T00:00:00+08:00,1717776000,24.0,7.31,5.23,561.7,35.1,4.42,0.095,0.121,1.97,,,Ⅲ
2024-06-08T04:00:00+08:00,1717790400,23.8,7.31,5.16,564.3,42.6,4.26,0.098,0.121,1.96,,,Ⅲ
2024-06-08T08:00:00+08:00,1717804800,23.8,7.31,5.06,565.3,38.0,5.62,0.1,0.125,1.88,,,Ⅲ
2024-06-08T12:00:00+08:00,1717819200,24.8,7.31,4.82,567.1,32.2,4.6,0.084,0.128,1.88,,,Ⅳ
2024-06-08T16:00:00+08:00,1717833600,25.9,7.36,5.81,566.9,30.6,4.53,0.075,0.12,1.93,,,Ⅲ
2024-06-08T20:00:00+08:00,1717848000,25.8,7.34,5.58,567.9,29.3,4.39,0.075,0.12,2.01,,,Ⅲ
2024-06-09T04:00:00+08:00,1717876800,25.1,7.32,5.11,569.4,39.7,4.37,0.083,0.118,1.96,,,Ⅲ
2024-06-09T08:00:00+08:00,1717891200,25.1,7.31,5.0,570.4,40.8,4.21,0.096,0.118,2.01,,,Ⅳ
2024-06-09T12:00:00+08:00,1717905600,25.7,7.33,5.11,571.5,29.5,5.72,0.088,0.126,1.89,,,Ⅲ
2024-06-09T16:00:00+08:00,1717920000,26.5,7.36,6.08,570.8,29.4,4.89,0.074,0.133,1.82,,,Ⅲ
2024-06-09T20:00:00+08:00,1717934400,26.3,7.36,5.87,571.0,26.1,4.51,0.059,0.113,1.88,,,Ⅲ
2024-06-10T04:00:00+08:00,1717963200,25.5,7.32,5.15,570.8,38.1,4.14,0.096,0.117,2.0,,,Ⅲ
2024-06-10T08:00:00+08:00,1717977600,25.4,7.32,4.96,574.7,39.6,5.74,0.089,0.126,1.86,,,Ⅳ
2024-06-10T12:00:00+08:00,1717992000,25.4,7.36,4.99,576.0,34.6,4.86,0.076,0.13,1.83,,,Ⅳ
2024-06-10T16:00:00+08:00,1718006400,25.0,7.34,5.4,569.7,29.1,4.51,0.071,0.123,1.87,,,Ⅲ
2024-06-10T20:00:00+08:00,1718020800,24.8,7.34,5.33,571.6,27.1,4.44,0.066,0.112,1.9,,,Ⅲ
2024-06-11T04:00:00+08:00,1718049600,24.1,7.28,4.56,572.6,36.9,4.11,0.1,0.122,1.98,,,Ⅳ
2024-06-11T08:00:00+08:00,1718064000,24.1,7.3,4.62,574.6,45.7,5.82,0.096,0.129,1.78,,,Ⅳ
2024-06-11T12:00:00+08:00,1718078400,24.2,7.32,4.55,576.0,34.3,4.99,0.081,0.129,1.79,,,Ⅳ
2024-06-11T16:00:00+08:00,1718092800,24.6,7.4,4.18,588.4,63.0,4.62,0.085,0.132,1.94,,,Ⅳ
2024-06-11T20:00:00+08:00,1718107200,24.2,7.26,4.53,578.2,25.5,4.54,0.085,0.118,1.95,,,Ⅳ
2024-06-12T04:00:00+08:00,1718136000,24.0,7.25,4.01,579.1,35.9,4.19,0.134,0.131,2.06,,,Ⅳ
2024-06-12T08:00:00+08:00,1718150400,24.0,7.28,4.12,581.0,39.0,,0.104,0.131,1.92,,,
2024-06-12T12:00:00+08:00,1718164800,24.4,7.28,4.0,582.4,31.4,,0.091,0.137,1.93,,,
2024-06-12T16:00:00+08:00,1718179200,25.2,7.28,4.79,582.3,27.5,5.46,0.103,0.13,2.06,,,Ⅳ
2024-06-13T04:00:00+08:00,1718222400,24.7,7.27,4.42,583.1,44.2,4.29,0.15,0.132,2.19,,,Ⅳ
2024-06-13T08:00:00+08:00,1718236800,24.8,7.27,4.14,585.5,45.5,5.23,0.134,0.14,2.14,,,Ⅳ
2024-06-13T12:00:00+08:00,1718251200,25.8,7.3,4.37,591.4,38.9,5.1,0.095,0.136,1.97,,,Ⅳ
2024-06-13T16:00:00+08:00,1718265600,26.7,7.33,5.22,588.1,30.8,4.79,0.096,0.125,2.15,,,Ⅲ
2024-06-13T20:00:00+08:00,1718280000,26.4,7.36,5.56,590.3,36.6,4.53,0.094,0.123,2.28,,,Ⅲ
2024-06-14T00:00:00+08:00,1718294400,26.2,7.34,5.54,590.7,36.5,4.36,0.097,0.122,2.21,,,Ⅲ
2024-06-14T04:00:00+08:00,1718308800,25.7,7.31,4.85,589.1,47.5,4.56,0.122,0.128,2.2,,,Ⅳ
2024-06-14T08:00:00+08:00,1718323200,25.4,7.31,4.83,593.7,41.6,5.42,0.107,0.124,2.32,,,Ⅳ
2024-06-14T12:00:00+08:00,1718337600,26.3,7.32,4.73,595.4,38.3,5.1,0.085,0.134,2.01,,,Ⅳ
2024-06-14T16:00:00+08:00,1718352000,26.9,7.37,5.67,592.8,34.8,4.52,0.08,0.12,2.17,,,Ⅲ
2024-06-14T20:00:00+08:00,1718366400,26.7,7.37,5.82,597.8,40.8,4.58,0.099,0.125,2.31,,,Ⅲ
2024-06-15T00:00:00+08:00,1718380800,26.4,7.37,5.67,595.9,39.7,4.59,0.09,0.114,2.23,,,Ⅲ
2024-06-15T04:00:00+08:00,1718395200,25.9,7.33,5.19,595.5,41.2,4.47,0.115,0.116,2.23,,,Ⅲ
2024-06-15T08:00:00+08:00,1718409600,25.8,7.29,4.51,598.5,41.4,5.89,0.123,0.124,2.37,,,Ⅳ
2024-06-15T12:00:00+08:00,1718424000,26.8,7.32,4.75,600.3,39.6,5.41,0.092,0.131,2.11,,,Ⅳ
2024-06-15T16:00:00+08:00,1718438400,27.7,7.38,6.0,599.5,34.9,5.06,0.085,0.118,2.23,,,Ⅲ
2024-06-15T20:00:00+08:00,1718452800,27.8,7.38,5.91,597.9,40.2,4.99,0.096,0.12,2.22,,,Ⅲ
2024-06-16T00:00:00+08:00,1718467200,27.4,7.36,5.8,599.8,37.5,4.94,0.086,0.113,2.17,,,Ⅲ
2024-06-16T04:00:00+08:00,1718481600,26.8,7.35,5.37,600.2,40.6,4.53,0.097,0.113,2.18,,,Ⅲ
2024-06-16T08:00:00+08:00,1718496000,26.5,7.3,4.67,601.9,41.5,5.81,0.097,0.125,2.21,,,Ⅳ
2024-06-16T12:00:00+08:00,1718510400,27.5,7.34,5.17,602.9,34.2,5.27,0.078,0.125,2.2,,,Ⅲ
2024-06-16T20:00:00+08:00,1718539200,28.0,7.44,6.68,602.4,36.2,5.4,0.071,0.113,2.13,,,Ⅲ
2024-06-17T04:00:00+08:00,1718568000,27.0,7.4,5.95,603.9,39.6,5.29,0.078,0.114,2.1,,,Ⅲ
2024-06-17T08:00:00+08:00,1718582400,26.6,7.32,4.71,606.2,46.4,5.2,0.073,0.11,2.06,,,Ⅳ
2024-06-17T12:00:00+08:00,1718596800,27.0,7.34,4.88,610.0,36.4,6.24,0.114,0.121,2.25,,,Ⅳ
2024-06-17T16:00:00+08:00,1718611200,27.4,7.37,5.73,605.9,31.7,5.49,0.094,0.108,2.26,,,Ⅲ
2024-06-17T20:00:00+08:00,1718625600,27.0,7.34,5.34,608.3,36.5,5.68,0.079,0.152,2.25,,,Ⅲ
2024-06-18T04:00:00+08:00,1718654400,26.2,7.34,5.04,612.3,39.8,5.96,0.094,0.116,2.07,,,Ⅲ
2024-06-18T08:00:00+08:00,1718668800,26.1,7.3,4.43,609.0,39.9,6.33,0.092,0.115,2.17,,,Ⅳ
2024-06-18T12:00:00+08:00,1718683200,27.0,7.33,4.71,615.7,40.9,6.17,0.098,0.123,2.19,,,Ⅳ
2024-06-18T16:00:00+08:00,1718697600,28.1,7.4,5.94,611.1,31.7,6.24,0.072,0.114,2.18,,,Ⅳ
2024-06-18T20:00:00+08:00,1718712000,27.7,7.41,6.01,612.0,46.3,6.14,0.087,0.121,2.16,,,Ⅳ
2024-06-19T04:00:00+08:00,1718740800,27.2,7.39,5.46,616.3,46.0,6.35,0.092,0.126,1.95,,,Ⅳ
2024-06-19T08:00:00+08:00,1718755200,26.6,7.4,5.46,606.8,43.2,6.59,0.089,0.118,2.01,,,Ⅳ
2024-06-19T12:00:00+08:00,1718769600,26.1,7.37,5.38,596.7,39.3,6.03,0.085,0.124,2.08,,,Ⅳ
2024-06-19T16:00:00+08:00,1718784000,26.1,7.38,5.2,580.3,86.7,6.45,0.151,0.144,1.87,,,Ⅳ
2024-06-19T20:00:00+08:00,1718798400,26.0,7.38,5.2,590.2,41.3,6.21,0.103,0.123,2.17,,,Ⅳ
2024-06-20T04:00:00+08:00,1718827200,25.6,7.34,4.91,559.8,79.1,6.81,0.16,0.154,2.13,,,Ⅳ
2024-06-20T08:00:00+08:00,1718841600,25.1,7.37,5.08,560.5,55.6,6.6,0.129,0.138,2.42,,,Ⅳ
2024-06-20T12:00:00+08:00,1718856000,25.0,7.3,4.39,552.1,59.5,6.59,0.186,0.172,3.02,,,Ⅳ
2024-06-20T16:00:00+08:00,1718870400,25.3,7.22,4.23,520.0,68.2,7.49,0.377,0.23,3.64,,,Ⅳ
2024-06-20T20:00:00+08:00,1718884800,25.3,7.17,3.94,504.7,74.5,7.82,0.554,0.246,4.09,,,Ⅳ
2024-06-21T04:00:00+08:00,1718913600,25.2,7.17,3.66,505.3,69.3,7.64,0.48,0.225,4.09,,,Ⅳ
2024-06-21T08:00:00+08:00,1718928000,25.2,7.14,3.35,502.5,57.6,8.64,0.501,0.219,3.9,,,Ⅳ
2024-06-21T12:00:00+08:00,1718942400,25.2,7.13,2.97,498.4,45.0,8.62,0.542,0.225,3.77,,,Ⅴ
2024-06-21T16:00:00+08:00,1718956800,25.4,7.15,3.36,498.8,41.8,8.41,0.53,0.226,3.82,,,Ⅳ
2024-06-21T20:00:00+08:00,1718971200,25.4,7.15,3.06,501.1,40.2,8.21,0.569,0.212,3.81,,,Ⅳ
2024-06-22T00:00:00+08:00,1718985600,25.6,7.15,3.38,508.0,46.1,7.96,0.625,0.209,3.64,,,Ⅳ
2024-06-22T04:00:00+08:00,1719000000,25.4,7.17,3.57,506.6,50.6,7.64,0.567,0.212,3.76,,,Ⅳ
2024-06-22T08:00:00+08:00,1719014400,25.5,7.18,3.19,504.8,42.5,8.08,0.44,0.207,3.64,,,Ⅳ
2024-06-22T12:00:00+08:00,1719028800,26.2,7.18,3.5,507.7,57.7,8.04,0.522,0.211,3.63,,,Ⅳ
2024-06-22T16:00:00+08:00,1719043200,26.5,7.18,3.48,511.7,35.9,7.48,0.547,0.2,3.57,,,Ⅳ
2024-06-22T20:00:00+08:00,1719057600,26.4,7.19,3.17,511.3,33.9,7.13,0.551,0.192,3.52,,,Ⅳ
2024-06-23T00:00:00+08:00,1719072000,26.3,7.2,3.45,512.9,37.6,6.36,0.522,0.191,3.16,,,Ⅳ
2024-06-23T04:00:00+08:00,1719086400,26.1,7.24,3.62,503.2,76.5,6.43,0.502,0.208,3.0,,,Ⅳ
2024-06-23T08:00:00+08:00,1719100800,25.9,7.22,3.41,495.8,54.1,7.37,0.358,0.195,3.52,,,Ⅳ
2024-06-23T12:00:00+08:00,1719115200,25.7,7.22,4.0,494.8,61.3,6.62,0.523,0.214,3.58,,,Ⅳ
2024-06-23T16:00:00+08:00,1719129600,25.6,7.23,3.8,500.2,50.4,6.59,0.549,0.211,3.34,,,Ⅳ
2024-06-23T20:00:00+08:00,1719144000,25.1,7.23,3.72,499.1,50.2,6.45,0.596,0.201,3.4,,,Ⅳ
2024-06-24T00:00:00+08:00,1719158400,24.8,7.2,3.62,499.3,58.7,7.28,0.955,0.227,3.8,,,Ⅳ
2024-06-24T04:00:00+08:00,1719172800,24.5,7.17,3.37,499.7,51.9,7.23,1.121,0.244,4.2,,,Ⅳ
2024-06-24T08:00:00+08:00,1719187200,24.8,7.2,3.84,490.5,69.7,7.97,0.669,0.231,3.92,,,Ⅳ
2024-06-24T12:00:00+08:00,1719201600,24.8,7.18,3.13,498.0,47.7,7.55,0.958,0.239,4.03,,,Ⅳ
2024-06-24T16:00:00+08:00,1719216000,25.0,7.17,3.17,496.9,49.0,7.94,0.994,0.244,3.92,,,Ⅳ
2024-06-24T20:00:00+08:00,1719230400,24.8,7.19,3.28,496.0,45.9,7.72,1.08,0.23,4.26,,,Ⅳ
2024-06-25T00:00:00+08:00,1719244800,24.7,7.2,3.17,502.9,40.8,7.35,0.981,0.227,3.98,,,Ⅳ
2024-06-25T12:00:00+08:00,1719288000,24.4,7.2,3.34,496.3,47.1,7.75,0.816,0.212,3.87,,,Ⅳ
2024-06-25T16:00:00+08:00,1719302400,24.6,7.22,3.75,501.3,39.4,7.63,1.182,0.232,5.06,,,Ⅳ
2024-06-25T20:00:00+08:00,1719316800,24.4,7.22,3.81,496.6,39.4,6.88,0.694,0.219,3.51,,,Ⅳ
2024-06-26T04:00:00+08:00,1719345600,24.1,7.22,4.44,496.5,64.4,7.08,0.63,0.229,3.7,,,Ⅳ
2024-06-26T08:00:00+08:00,1719360000,23.9,7.24,4.57,488.2,78.9,7.62,0.577,0.229,4.35,,,Ⅳ
2024-06-26T12:00:00+08:00,1719374400,24.0,7.22,3.92,493.7,60.9,7.1,0.589,0.229,4.33,,,Ⅳ
2024-06-26T16:00:00+08:00,1719388800,24.1,7.22,4.19,487.2,67.8,7.4,1.03,0.252,4.55,,,Ⅳ
2024-06-26T20:00:00+08:00,1719403200,24.2,7.22,4.0,492.2,57.2,7.07,0.869,0.223,4.43,,,Ⅳ
2024-06-27T04:00:00+08:00,1719432000,24.1,7.2,3.79,483.4,66.0,6.67,0.686,0.231,3.73,,,Ⅳ
2024-06-27T08:00:00+08:00,1719446400,24.0,7.21,3.58,477.6,78.3,7.57,0.625,0.232,3.86,,,Ⅳ
2024-06-27T12:00:00+08:00,1719460800,24.0,7.22,3.92,468.4,77.3,7.13,0.76,0.242,4.05,,,Ⅳ
2024-06-27T16:00:00+08:00,1719475200,24.1,7.2,3.79,477.1,73.2,7.09,0.721,0.265,3.98,,,Ⅳ
2024-06-27T20:00:00+08:00,1719489600,24.3,7.19,3.66,473.1,76.3,7.25,0.68,0.263,3.95,,,Ⅳ
2024-06-28T00:00:00+08:00,1719504000,24.2,7.18,4.05,464.5,70.8,7.37,0.611,0.269,3.74,,,Ⅳ
2024-06-28T04:00:00+08:00,1719518400,24.0,7.16,3.65,469.4,51.6,6.59,0.683,0.26,3.68,,,Ⅳ
2024-06-28T08:00:00+08:00,1719532800,24.2,7.17,3.25,466.7,51.2,6.87,0.64,0.261,3.6,,,Ⅳ
2024-06-28T16:00:00+08:00,1719561600,24.7,7.19,3.25,479.7,40.3,6.19,0.519,0.235,3.41,,,Ⅳ
2024-06-28T20:00:00+08:00,1719576000,24.7,7.2,3.7,473.9,47.2,6.16,0.484,0.227,3.35,,,Ⅳ
2024-06-29T04:00:00+08:00,1719604800,24.6,7.19,3.74,462.1,55.9,6.26,0.451,0.243,3.3,,,Ⅳ
2024-06-29T08:00:00+08:00,1719619200,24.7,7.19,3.44,456.6,52.1,7.21,0.44,0.251,3.37,,,Ⅳ
2024-06-29T12:00:00+08:00,1719633600,24.9,7.18,3.41,459.1,47.9,6.9,0.396,0.252,3.29,,,Ⅳ
2024-06-29T16:00:00+08:00,1719648000,25.4,7.19,3.35,475.8,36.0,6.31,0.364,0.231,3.08,,,Ⅳ
2024-06-29T20:00:00+08:00,1719662400,25.6,7.2,3.35,474.5,45.1,6.33,0.406,0.233,3.14,,,Ⅳ
2024-06-30T04:00:00+08:00,1719691200,25.6,7.2,3.25,485.6,35.4,5.38,0.378,0.205,2.92,,,Ⅳ
2024-06-30T08:00:00+08:00,1719705600,25.5,7.22,3.24,485.1,27.3,6.3,0.358,0.204,3.04,,,Ⅳ
2024-06-30T12:00:00+08:00,1719720000,25.6,7.22,3.37,486.1,29.2,5.61,0.274,0.212,2.9,,,Ⅳ
2024-06-30T16:00:00+08:00,1719734400,25.5,7.23,3.99,461.9,50.6,6.57,0.667,0.243,4.57,,,Ⅳ
2024-06-30T20:00:00+08:00,1719748800,25.6,7.25,3.85,486.3,42.2,5.88,0.487,0.216,3.03,,,Ⅳ
2024-07-01T04:00:00+08:00,1719777600,25.4,7.25,3.74,485.3,45.6,5.29,0.488,0.2,2.88,,,Ⅳ
2024-07-01T08:00:00+08:00,1719792000,25.4,7.24,3.39,493.7,32.4,5.69,0.535,0.201,2.85,,,Ⅳ
2024-07-01T12:00:00+08:00,1719806400,25.9,7.24,3.11,492.4,25.8,5.0,0.479,0.214,2.83,,,Ⅳ
2024-07-03T16:00:00+08:00,1719993600,28.4,7.26,4.06,480.0,33.5,5.63,0.245,0.196,3.37,,,Ⅳ
2024-07-03T20:00:00+08:00,1720008000,28.7,7.31,4.65,492.4,36.6,5.4,0.16,0.177,2.65,,,Ⅳ
2024-07-04T04:00:00+08:00,1720036800,28.6,7.28,3.91,482.1,42.4,5.71,0.224,0.176,3.2,,,Ⅳ
2024-07-04T08:00:00+08:00,1720051200,28.5,7.28,3.84,483.7,34.9,6.41,0.125,0.175,2.86,,,Ⅳ
2024-07-04T12:00:00+08:00,1720065600,29.6,7.31,4.63,490.5,29.4,6.24,0.124,0.18,2.9,,,Ⅳ
2024-07-04T16:00:00+08:00,1720080000,30.1,7.34,5.29,485.1,25.6,5.99,0.104,0.17,3.01,,,Ⅲ
2024-07-04T20:00:00+08:00,1720094400,30.0,7.34,5.02,497.9,38.8,5.67,0.147,0.166,2.78,,,Ⅲ
2024-07-05T04:00:00+08:00,1720123200,29.3,7.32,4.17,495.3,43.1,5.23,0.136,0.153,2.81,,,Ⅳ
2024-07-05T08:00:00+08:00,1720137600,29.5,7.3,3.74,496.1,33.3,5.89,0.107,0.153,2.71,,,Ⅳ
2024-07-05T16:00:00+08:00,1720166400,31.0,7.36,5.41,491.9,32.2,6.03,0.085,0.154,2.85,,,Ⅳ
2024-07-05T20:00:00+08:00,1720180800,31.2,7.37,5.53,495.7,30.0,6.02,0.087,0.147,2.81,,,Ⅳ
2024-07-06T04:00:00+08:00,1720209600,30.5,7.33,4.53,496.4,45.5,,0.154,0.152,2.85,,,
2024-07-06T08:00:00+08:00,1720224000,30.8,7.33,4.26,491.7,33.9,,0.104,0.154,2.87,,,
2024-07-06T12:00:00+08:00,1720238400,31.2,7.35,4.97,499.9,30.8,,,,,,,
2024-07-06T16:00:00+08:00,1720252800,31.6,7.38,5.62,500.9,31.3,,0.059,,,,,
2024-07-06T20:00:00+08:00,1720267200,31.5,7.37,5.44,503.0,33.0,,0.067,0.147,2.44,,,
2024-07-07T04:00:00+08:00,1720296000,30.8,7.31,3.9,503.1,43.6,,0.094,0.139,2.31,,,
2024-07-07T08:00:00+08:00,1720310400,31.1,7.32,3.98,498.3,37.2,,0.078,0.148,2.42,,,
2024-07-07T12:00:00+08:00,1720324800,31.9,7.35,4.83,510.1,33.7,,0.078,0.15,2.36,,,
2024-07-07T20:00:00+08:00,1720353600,32.8,7.38,5.23,504.8,32.6,,0.07,0.15,2.25,,,
2024-07-08T04:00:00+08:00,1720382400,32.0,7.32,4.2,507.5,47.2,,0.09,0.142,2.24,,,
2024-07-08T08:00:00+08:00,1720396800,32.3,7.37,4.36,508.8,41.7,,0.094,0.142,2.26,,,
2024-07-08T12:00:00+08:00,1720411200,32.6,7.35,4.59,509.5,35.9,,0.08,0.152,2.26,,,
2024-07-08T16:00:00+08:00,1720425600,32.9,7.35,4.67,508.1,37.0,,0.077,0.153,2.24,,,
2024-07-08T20:00:00+08:00,1720440000,33.0,7.38,4.75,505.9,37.4,,0.084,0.149,2.18,,,
2024-07-09T04:00:00+08:00,1720468800,31.9,7.29,3.05,518.0,41.1,,0.108,0.149,2.22,,,
2024-07-09T08:00:00+08:00,1720483200,31.9,7.34,3.51,505.3,43.3,,0.121,0.147,2.24,,,
2024-07-09T12:00:00+08:00,1720497600,32.2,7.34,3.8,511.3,35.5,,0.089,0.155,2.17,,,
2024-07-09T16:00:00+08:00,1720512000,32.8,7.33,4.25,511.5,36.0,,0.084,0.16,2.18,,,
2024-07-09T20:00:00+08:00,1720526400,32.3,7.35,4.31,510.6,39.2,,0.095,0.154,2.06,,,
2024-07-10T04:00:00+08:00,1720555200,31.8,7.32,3.44,515.3,48.4,,0.112,0.152,2.12,,,
2024-07-10T08:00:00+08:00,1720569600,31.7,7.34,3.29,508.2,46.1,,0.105,0.166,2.16,,,
2024-07-10T12:00:00+08:00,1720584000,31.6,7.35,3.5,512.5,36.4,,0.105,0.166,2.16,,,
2024-07-10T16:00:00+08:00,1720598400,32.2,7.35,3.72,511.8,38.2,5.71,0.099,0.161,2.1,,,Ⅳ
2024-07-10T20:00:00+08:00,1720612800,32.2,7.34,3.6,511.2,39.2,5.59,0.127,0.157,2.18,,,Ⅳ
2024-07-11T04:00:00+08:00,1720641600,31.0,7.32,3.52,498.7,58.0,4.64,0.14,0.148,2.12,,,Ⅳ
2024-07-11T08:00:00+08:00,1720656000,31.0,7.34,3.11,493.5,63.3,4.45,0.216,0.15,2.22,,,Ⅳ
2024-07-11T12:00:00+08:00,1720670400,31.2,7.33,3.13,495.7,43.8,5.79,0.136,0.171,2.1,,,Ⅳ
2024-07-11T16:00:00+08:00,1720684800,31.3,7.34,3.54,498.0,39.9,4.81,0.124,0.163,2.17,,,Ⅳ
2024-07-11T20:00:00+08:00,1720699200,31.2,7.33,3.22,488.5,41.6,5.19,0.329,0.163,2.63,,,Ⅳ
2024-07-12T04:00:00+08:00,1720728000,36.6,7.31,3.05,490.3,47.1,4.16,0.333,0.158,2.5,,,Ⅳ
2024-07-12T08:00:00+08:00,1720742400,38.6,7.31,2.8,487.9,45.6,5.37,0.377,0.159,2.59,,,Ⅴ
2024-07-12T12:00:00+08:00,1720756800,38.9,7.33,3.57,475.2,41.8,,0.434,0.171,2.54,,,
2024-07-12T16:00:00+08:00,1720771200,36.9,7.32,3.4,471.1,41.6,,0.434,0.171,2.54,,,
2024-07-12T20:00:00+08:00,1720785600,38.6,7.31,3.29,468.1,47.1,5.98,0.267,0.171,2.23,,,Ⅳ
2024-07-13T04:00:00+08:00,1720814400,36.5,7.29,3.49,462.1,51.7,5.51,0.675,0.18,2.66,,,Ⅳ
2024-07-13T08:00:00+08:00,1720828800,37.2,7.28,2.77,461.0,45.4,5.21,0.61,0.18,2.51,,,Ⅴ
2024-07-13T12:00:00+08:00,1720843200,37.9,7.26,2.73,461.4,38.0,6.11,0.473,0.171,2.55,,,Ⅴ
2024-07-13T16:00:00+08:00,1720857600,37.8,7.28,3.23,457.7,44.1,5.04,0.399,0.181,2.38,,,Ⅳ
2024-07-13T20:00:00+08:00,1720872000,39.2,7.26,2.77,448.2,42.7,5.06,0.47,0.163,2.43,,,Ⅴ
2024-07-15T08:00:00+08:00,1721001600,,7.26,2.74,440.6,35.3,4.91,0.322,0.142,2.17,,,Ⅴ
2024-07-15T12:00:00+08:00,1721016000,,7.28,2.79,460.9,34.8,4.03,0.306,0.149,2.18,,,Ⅴ
2024-07-15T16:00:00+08:00,1721030400,29.1,7.25,3.16,434.2,28.9,5.23,0.368,0.158,2.56,,,Ⅳ
2024-07-15T20:00:00+08:00,1721044800,29.5,7.25,2.68,443.0,43.8,4.81,0.447,0.156,2.43,,,Ⅴ
2024-07-16T00:00:00+08:00,1721059200,29.3,7.24,2.94,440.9,36.1,4.74,0.476,0.152,2.56,,,Ⅴ
2024-07-16T04:00:00+08:00,1721073600,29.1,7.22,2.89,437.6,34.8,4.6,0.454,0.152,2.4,,,Ⅴ
2024-07-16T08:00:00+08:00,1721088000,29.1,7.26,3.05,443.6,38.8,5.47,0.237,0.153,2.16,,,Ⅳ
2024-07-16T12:00:00+08:00,1721102400,29.7,7.25,2.83,448.0,30.1,4.79,0.235,0.151,2.15,,,Ⅴ
2024-07-16T16:00:00+08:00,1721116800,30.8,7.27,3.78,435.8,32.8,4.81,0.207,0.151,2.2,,,Ⅳ
2024-07-16T20:00:00+08:00,1721131200,30.9,7.28,3.76,440.5,49.9,4.78,0.417,0.174,2.48,,,Ⅳ
2024-07-17T00:00:00+08:00,1721145600,30.6,7.25,3.52,437.3,43.4,4.47,0.336,0.15,2.45,,,Ⅳ
2024-07-17T04:00:00+08:00,1721160000,30.4,7.24,3.19,437.9,35.5,4.47,0.337,0.15,2.46,,,Ⅳ
2024-07-17T08:00:00+08:00,1721174400,29.9,7.27,3.3,451.5,38.1,5.43,0.514,0.167,2.67,,,Ⅳ
2024-07-17T12:00:00+08:00,1721188800,30.4,7.0,3.81,451.9,28.2,5.19,0.448,0.172,2.89,,,Ⅳ
2024-07-17T16:00:00+08:00,1721203200,31.1,7.29,4.5,437.4,32.6,5.05,0.328,0.158,2.73,,,Ⅳ
2024-07-17T20:00:00+08:00,1721217600,31.1,7.3,4.27,444.2,41.5,4.86,0.346,0.158,2.61,,,Ⅳ
2024-07-18T00:00:00+08:00,1721232000,30.8,7.28,4.17,443.5,33.9,5.05,0.337,0.152,2.68,,,Ⅳ
2024-07-18T04:00:00+08:00,1721246400,30.6,7.28,3.55,443.2,34.0,4.42,0.344,0.147,2.72,,,Ⅳ
2024-07-18T08:00:00+08:00,1721260800,30.4,7.27,3.56,445.0,34.9,5.83,0.245,0.151,2.58,,,Ⅳ
2024-07-18T12:00:00+08:00,1721275200,31.1,7.31,3.98,456.7,37.3,4.7,0.218,0.158,2.58,,,Ⅳ
2024-07-18T16:00:00+08:00,1721289600,31.6,7.31,4.52,441.2,35.3,5.06,0.226,0.152,2.56,,,Ⅳ
2024-07-18T20:00:00+08:00,1721304000,31.5,7.34,4.54,446.0,37.8,4.82,0.165,0.144,2.39,,,Ⅳ
2024-07-19T00:00:00+08:00,1721318400,31.0,7.29,4.15,444.7,39.5,4.78,0.248,0.144,2.56,,,Ⅳ
2024-07-19T04:00:00+08:00,1721332800,30.9,7.3,3.98,445.3,35.6,4.58,0.22,0.145,2.68,,,Ⅳ
2024-07-19T08:00:00+08:00,1721347200,30.8,7.3,3.6,449.1,35.2,5.14,0.142,0.149,2.48,,,Ⅳ
2024-07-19T12:00:00+08:00,1721361600,31.5,7.31,3.81,451.4,34.1,4.93,0.154,0.15,2.48,,,Ⅳ
2024-07-19T16:00:00+08:00,1721376000,32.2,7.31,4.57,441.5,28.7,5.01,0.142,0.141,2.5,,,Ⅳ
2024-07-20T00:00:00+08:00,1721404800,31.6,7.29,3.94,443.6,47.1,4.8,0.18,0.138,2.29,,,Ⅳ
2024-07-20T04:00:00+08:00,1721419200,31.4,7.32,4.18,455.0,38.3,4.54,0.153,0.138,2.46,,,Ⅳ
2024-07-20T08:00:00+08:00,1721433600,31.2,7.3,3.76,455.1,39.5,5.56,0.111,0.142,2.29,,,Ⅳ
2024-07-20T12:00:00+08:00,1721448000,31.9,7.31,4.1,454.6,37.3,,0.149,0.143,,,,
2024-07-20T16:00:00+08:00,1721462400,32.2,7.3,4.38,443.5,34.1,4.73,0.11,0.134,2.25,,,Ⅳ
2024-07-20T20:00:00+08:00,1721476800,32.4,7.32,4.32,448.0,36.2,4.43,0.106,0.137,2.2,,,Ⅳ
2024-07-21T00:00:00+08:00,1721491200,31.9,7.32,4.25,504.6,46.4,4.4,0.142,0.139,2.16,,,Ⅳ
2024-07-21T04:00:00+08:00,1721505600,31.6,7.31,4.04,571.5,45.9,4.36,0.122,0.139,2.21,,,Ⅳ
2024-07-21T08:00:00+08:00,1721520000,31.5,7.29,3.84,538.7,33.9,5.54,0.092,0.136,2.15,,,Ⅳ
2024-07-21T12:00:00+08:00,1721534400,32.0,7.31,4.27,474.0,32.1,4.9,0.09,0.147,2.15,,,Ⅳ
2024-07-22T04:00:00+08:00,1721592000,31.7,7.31,3.79,455.4,40.6,4.29,0.117,0.133,2.12,,,Ⅳ
2024-07-22T12:00:00+08:00,1721620800,32.4,7.32,4.34,483.3,36.3,5.78,0.092,0.139,2.15,,,Ⅳ
2024-07-22T16:00:00+08:00,1721635200,33.2,7.33,4.33,479.1,37.9,4.74,0.092,0.14,2.09,,,Ⅳ
2024-07-22T20:00:00+08:00,1721649600,33.2,7.36,4.66,480.6,38.0,4.31,0.116,0.142,2.27,,,Ⅳ
2024-07-23T04:00:00+08:00,1721678400,31.9,7.28,3.73,466.9,46.6,4.22,0.126,0.134,2.17,,,Ⅳ
2024-07-23T08:00:00+08:00,1721692800,31.9,7.33,3.95,476.8,181.6,4.31,0.147,0.14,2.17,,,Ⅳ
2024-07-23T12:00:00+08:00,1721707200,32.5,7.31,4.1,490.1,86.1,6.15,0.152,0.169,2.15,,,Ⅳ
2024-07-23T16:00:00+08:00,1721721600,33.2,7.31,4.21,472.7,49.4,5.91,0.13,0.16,2.14,,,Ⅳ
2024-07-23T20:00:00+08:00,1721736000,33.2,7.35,4.58,492.4,66.3,5.57,0.149,0.155,2.29,,,Ⅳ
2024-07-24T04:00:00+08:00,1721764800,31.9,7.28,3.42,494.4,58.2,5.63,0.17,0.16,2.2,,,Ⅳ
2024-07-24T08:00:00+08:00,1721779200,31.8,7.32,3.54,505.3,100.4,5.0,0.178,0.145,2.23,,,Ⅳ
2024-07-24T12:00:00+08:00,1721793600,32.4,7.32,3.86,507.6,52.8,6.63,0.193,0.179,2.31,,,Ⅳ
2024-07-24T16:00:00+08:00,1721808000,,,,,,6.27,0.197,0.172,2.49,,,
2024-07-24T20:00:00+08:00,1721822400,32.6,7.36,4.35,527.3,55.5,5.06,0.194,0.176,1.87,,,Ⅳ
2024-07-25T04:00:00+08:00,1721851200,31.5,7.33,4.05,537.4,53.3,5.74,0.167,0.143,2.53,,,Ⅳ
2024-07-25T08:00:00+08:00,1721865600,31.4,7.33,3.58,541.7,79.3,5.15,0.152,0.146,2.29,,,Ⅳ
2024-07-25T12:00:00+08:00,1721880000,31.5,7.33,3.95,575.0,57.4,6.57,0.325,0.175,2.74,,,Ⅳ
2024-07-25T16:00:00+08:00,1721894400,31.9,7.36,4.21,578.4,54.4,6.0,0.516,0.175,3.16,,,Ⅳ
2024-07-25T20:00:00+08:00,1721908800,31.7,7.39,4.14,564.5,65.4,5.81,0.313,0.162,2.83,,,Ⅳ
2024-07-26T04:00:00+08:00,1721937600,30.6,7.35,3.95,540.6,77.0,6.18,0.531,0.154,3.17,,,Ⅳ
2024-07-26T08:00:00+08:00,1721952000,30.7,7.36,3.65,570.1,92.7,7.07,0.564,0.192,3.06,,,Ⅳ
2024-07-26T12:00:00+08:00,1721966400,30.3,7.37,4.19,569.5,66.5,5.79,0.461,0.174,3.01,,,Ⅳ
2024-07-26T16:00:00+08:00,1721980800,30.1,7.36,3.98,588.2,56.2,6.1,0.582,0.197,3.18,,,Ⅳ
2024-07-26T20:00:00+08:00,1721995200,30.0,7.39,4.29,614.0,79.1,6.45,0.986,0.185,3.47,,,Ⅳ
2024-07-27T00:00:00+08:00,1722009600,29.6,7.37,4.44,613.1,62.9,6.45,0.986,0.185,3.47,,,Ⅳ
2024-07-27T08:00:00+08:00,1722038400,29.1,7.39,4.09,1771.1,85.2,7.14,0.939,0.19,3.6,,,Ⅳ
2024-07-27T12:00:00+08:00,1722052800,29.4,7.37,3.97,1763.3,61.3,6.59,0.795,0.184,3.53,,,Ⅳ
2024-07-27T16:00:00+08:00,1722067200,29.8,7.35,3.97,604.3,100.6,6.61,0.531,0.186,3.38,,,Ⅳ
2024-07-27T20:00:00+08:00,1722081600,29.6,7.36,4.26,605.8,66.5,6.34,0.558,0.19,3.32,,,Ⅳ
2024-07-28T00:00:00+08:00,1722096000,29.3,7.34,4.1,587.8,57.0,6.52,0.508,0.179,3.28,,,Ⅳ
2024-07-28T04:00:00+08:00,1722110400,29.0,7.32,3.74,590.2,69.4,6.04,0.302,0.179,2.96,,,Ⅳ
2024-07-28T08:00:00+08:00,1722124800,29.0,7.34,4.01,571.0,76.6,6.5,0.291,0.185,2.98,,,Ⅳ
2024-07-29T08:00:00+08:00,1722211200,29.8,7.33,3.84,1665.0,63.3,5.04,0.209,0.157,2.66,,,Ⅳ
2024-07-29T12:00:00+08:00,1722225600,30.4,7.33,3.73,1699.6,60.6,6.0,0.221,0.178,2.45,,,Ⅳ
2024-07-29T20:00:00+08:00,1722254400,31.6,7.38,5.0,491.0,52.6,5.36,0.185,0.167,2.37,,,Ⅲ
2024-07-30T04:00:00+08:00,1722283200,31.0,7.32,3.73,473.2,42.5,5.78,0.442,0.169,2.77,,,Ⅳ
2024-07-30T08:00:00+08:00,1722297600,30.5,7.33,3.95,483.9,67.2,5.06,0.243,0.16,2.49,,,Ⅳ
2024-07-30T12:00:00+08:00,1722312000,31.0,7.33,3.86,490.6,54.1,5.72,0.167,0.171,2.15,,,Ⅳ
2024-07-30T16:00:00+08:00,1722326400,32.3,7.37,4.98,153.4,54.2,5.6,0.19,0.179,2.07,,,Ⅳ
2024-07-31T12:00:00+08:00,1722398400,32.0,7.36,4.62,576.6,51.5,6.08,0.204,0.166,2.35,,,Ⅳ
2024-07-31T20:00:00+08:00,1722427200,32.8,7.41,5.49,489.1,86.7,6.11,0.193,0.203,2.02,,,Ⅳ
2024-08-01T04:00:00+08:00,1722456000,32.3,7.36,4.2,469.1,49.2,5.88,0.238,0.171,2.28,,,Ⅳ
2024-08-01T08:00:00+08:00,1722470400,32.2,7.37,4.26,448.0,129.7,5.06,0.293,0.152,2.53,,,Ⅳ
2024-08-01T12:00:00+08:00,1722484800,32.8,7.37,4.52,434.8,263.2,7.51,0.288,0.213,2.18,,,Ⅳ
2024-08-01T16:00:00+08:00,1722499200,33.4,7.39,4.99,486.2,198.0,8.0,0.348,0.258,1.78,,,Ⅳ
2024-08-01T20:00:00+08:00,1722513600,33.5,7.42,5.6,511.4,46.3,7.43,0.27,0.229,1.9,,,Ⅳ
2024-08-02T04:00:00+08:00,1722542400,32.9,7.39,4.49,487.5,54.6,5.49,0.205,0.15,2.29,,,Ⅳ
2024-08-02T12:00:00+08:00,1722571200,33.6,7.36,4.5,487.9,75.7,6.55,0.22,0.165,2.36,,,Ⅳ
2024-08-02T16:00:00+08:00,1722585600,34.3,7.41,5.27,455.1,46.3,5.68,0.144,0.162,2.17,,,Ⅲ
2024-08-02T20:00:00+08:00,1722600000,34.2,7.42,5.4,446.3,41.6,5.39,0.114,0.158,2.09,,,Ⅲ
2024-08-03T04:00:00+08:00,1722628800,33.3,7.36,4.31,469.7,40.1,4.79,0.165,0.148,2.12,,,Ⅳ
2024-08-03T08:00:00+08:00,1722643200,33.1,7.35,3.9,483.6,43.5,5.43,0.26,0.154,2.59,,,Ⅳ
2024-08-03T12:00:00+08:00,1722657600,34.2,7.35,4.35,438.8,46.5,5.99,0.306,0.164,2.93,,,Ⅳ
2024-08-03T16:00:00+08:00,1722672000,33.6,7.27,4.81,707.8,12.5,,,,,,,
2024-08-03T20:00:00+08:00,1722686400,34.8,7.41,5.03,534.5,33.3,,,,,,,
2024-08-04T04:00:00+08:00,1722715200,33.7,7.4,4.4,655.0,50.7,,0.205,0.185,2.18,,,
2024-08-04T08:00:00+08:00,1722729600,33.5,7.38,4.06,659.5,47.9,,0.244,0.162,2.46,,,
2024-08-05T04:00:00+08:00,1722801600,33.3,7.34,3.95,620.8,40.6,5.06,0.177,0.15,2.27,,,Ⅳ
2024-08-05T08:00:00+08:00,1722816000,33.4,7.34,3.54,635.3,50.1,6.8,0.174,0.172,2.4,,,Ⅳ
2024-08-05T20:00:00+08:00,1722859200,34.5,7.38,4.35,638.9,32.6,5.46,0.163,0.168,2.32,,,Ⅳ
2024-08-06T04:00:00+08:00,1722888000,33.2,7.34,3.78,651.2,40.2,5.25,0.162,0.147,2.25,,,Ⅳ
2024-08-06T08:00:00+08:00,1722902400,33.2,7.37,3.64,666.7,46.8,5.06,0.184,0.157,2.18,,,Ⅳ
2024-08-06T12:00:00+08:00,1722916800,33.8,7.37,4.38,689.4,42.3,6.44,0.17,0.176,2.29,,,Ⅳ
2024-08-06T16:00:00+08:00,1722931200,34.2,7.38,4.8,589.9,41.3,6.14,0.17,0.174,2.29,,,Ⅳ
2024-08-06T20:00:00+08:00,1722945600,34.0,7.37,5.0,573.4,32.0,5.83,0.14,0.178,2.32,,,Ⅲ
2024-08-07T04:00:00+08:00,1722974400,32.9,7.32,4.01,683.8,34.3,5.02,0.135,0.149,2.27,,,Ⅳ
2024-08-07T08:00:00+08:00,1722988800,33.0,7.35,3.87,699.9,49.9,4.95,0.145,0.148,2.19,,,Ⅳ
2024-08-07T16:00:00+08:00,1723017600,34.2,7.38,4.65,606.9,34.5,5.66,0.167,0.181,2.33,,,Ⅳ
2024-08-07T20:00:00+08:00,1723032000,34.2,7.38,4.56,587.8,33.9,6.36,0.217,0.18,2.34,,,Ⅳ
2024-08-08T04:00:00+08:00,1723060800,33.0,7.34,3.7,717.1,34.3,4.57,0.137,0.148,2.14,,,Ⅳ
2024-08-08T20:00:00+08:00,1723118400,34.2,7.4,4.92,678.9,54.3,5.81,0.166,0.165,2.22,,,Ⅳ
2024-08-09T04:00:00+08:00,1723147200,32.9,7.34,3.56,726.7,39.3,4.63,0.123,0.144,2.06,,,Ⅳ
2024-08-10T12:00:00+08:00,1723262400,33.8,7.37,4.08,427.7,48.0,5.95,0.125,0.181,2.05,,,Ⅳ
2024-08-11T20:00:00+08:00,1723377600,34.3,7.35,4.76,456.8,41.3,4.02,0.121,0.167,2.0,,,Ⅳ
2024-08-12T04:00:00+08:00,1723406400,33.3,7.31,3.83,453.9,37.1,6.38,0.154,0.165,1.92,,,Ⅳ
2024-08-12T12:00:00+08:00,1723435200,34.0,7.37,4.25,460.9,53.2,5.86,0.156,0.166,1.9,,,Ⅳ
2024-08-13T04:00:00+08:00,1723492800,32.9,7.29,3.43,457.6,43.2,5.17,0.153,0.145,1.91,,,Ⅳ
2024-08-13T08:00:00+08:00,1723507200,32.8,7.29,3.23,456.8,44.8,5.82,0.177,0.163,1.81,,,Ⅳ
2024-08-13T16:00:00+08:00,1723536000,33.2,7.3,4.02,457.5,37.6,4.99,0.162,0.152,1.91,,,Ⅳ
2024-08-13T20:00:00+08:00,1723550400,33.0,7.31,4.07,458.1,38.8,5.42,0.239,0.151,1.98,,,Ⅳ
2024-08-14T04:00:00+08:00,1723579200,32.2,7.31,3.85,456.1,37.5,4.77,0.273,0.154,2.01,,,Ⅳ
2024-08-14T12:00:00+08:00,1723608000,32.4,7.32,4.22,452.4,39.8,5.36,0.237,0.169,1.87,,,Ⅳ
2024-08-14T16:00:00+08:00,1723622400,33.1,7.32,4.39,452.9,38.2,5.78,0.215,0.18,1.91,,,Ⅳ
2024-08-14T20:00:00+08:00,1723636800,33.0,7.39,4.54,459.1,40.2,5.05,0.276,0.158,2.06,,,Ⅳ
2024-08-15T04:00:00+08:00,1723665600,32.4,7.32,3.8,461.8,37.2,4.44,0.272,0.147,2.04,,,Ⅳ
2024-08-15T12:00:00+08:00,1723694400,32.8,7.33,4.27,455.8,47.6,5.45,0.202,0.177,1.85,,,Ⅳ
2024-08-15T16:00:00+08:00,1723708800,32.6,7.33,4.42,454.9,35.5,5.05,0.164,0.151,1.97,,,Ⅳ
2024-08-15T20:00:00+08:00,1723723200,32.4,7.37,4.98,459.5,46.4,5.47,0.258,0.166,1.97,,,Ⅳ
2024-08-16T04:00:00+08:00,1723752000,31.6,7.3,3.79,460.7,37.4,5.2,0.403,0.166,2.16,,,Ⅳ
2024-08-16T08:00:00+08:00,1723766400,31.6,7.35,4.31,463.4,51.7,5.79,0.218,0.164,1.94,,,Ⅳ
2024-08-16T12:00:00+08:00,1723780800,32.2,7.33,4.4,459.9,45.4,5.8,0.237,0.174,2.04,,,Ⅳ
2024-08-16T16:00:00+08:00,1723795200,32.4,7.32,4.7,455.2,33.4,6.15,0.263,0.198,1.88,,,Ⅳ
2024-08-16T20:00:00+08:00,1723809600,32.4,7.35,4.9,459.4,56.4,5.06,0.314,0.156,2.04,,,Ⅳ
2024-08-17T04:00:00+08:00,1723838400,31.8,7.31,3.87,456.9,45.1,4.45,0.468,0.156,2.31,,,Ⅳ
2024-08-17T08:00:00+08:00,1723852800,31.8,7.33,3.98,461.8,50.6,,0.261,0.164,2.0,,,
2024-08-17T12:00:00+08:00,1723867200,32.6,7.33,4.59,463.0,48.9,5.7,0.232,0.169,2.08,,,Ⅳ
2024-08-17T16:00:00+08:00,1723881600,32.7,7.33,4.42,453.5,42.1,4.73,0.193,0.158,2.04,,,Ⅳ
2024-08-17T20:00:00+08:00,1723896000,32.4,7.36,4.95,450.4,35.9,6.41,0.358,0.224,1.57,,,Ⅳ
2024-08-18T20:00:00+08:00,1723982400,32.3,7.35,5.08,449.5,35.3,5.22,0.169,0.154,2.29,,,Ⅲ
2024-08-19T04:00:00+08:00,1724011200,31.6,7.31,4.3,450.7,47.4,4.69,0.18,0.142,1.84,,,Ⅳ
2024-08-19T08:00:00+08:00,1724025600,31.6,7.34,4.33,451.3,56.8,4.81,0.299,0.158,2.18,,,Ⅳ
2024-08-19T12:00:00+08:00,1724040000,32.3,7.32,4.49,454.7,48.2,5.99,0.276,0.162,2.18,,,Ⅳ
2024-08-19T16:00:00+08:00,1724054400,32.6,7.33,4.54,452.5,161.4,7.75,0.338,0.27,1.81,,,Ⅳ
2024-08-19T20:00:00+08:00,1724068800,32.4,7.39,5.13,451.9,127.9,7.91,0.357,0.267,1.59,,,Ⅳ
2024-08-20T04:00:00+08:00,1724097600,31.9,7.32,4.19,456.1,136.9,4.79,0.17,0.138,1.84,,,Ⅳ
2024-08-20T08:00:00+08:00,1724112000,31.7,7.35,4.29,458.0,45.3,5.84,0.277,0.18,1.96,,,Ⅳ
2024-08-20T12:00:00+08:00,1724126400,32.5,7.35,4.69,454.0,149.7,6.4,0.238,0.196,2.0,,,Ⅳ
2024-08-20T16:00:00+08:00,1724140800,32.9,7.35,4.88,455.5,346.8,8.57,0.44,0.282,1.22,,,Ⅳ
2024-08-21T04:00:00+08:00,1724184000,31.6,7.32,4.3,450.2,164.5,6.48,0.267,0.194,1.62,,,Ⅳ
2024-08-21T08:00:00+08:00,1724198400,31.5,7.34,4.32,452.2,270.2,7.02,0.301,0.211,1.57,,,Ⅳ
2024-08-21T12:00:00+08:00,1724212800,32.0,7.32,4.8,447.1,117.5,9.39,0.451,0.291,1.17,,,Ⅳ
2024-08-21T16:00:00+08:00,1724227200,32.4,7.32,4.9,450.4,114.8,7.79,0.305,0.256,1.68,,,Ⅳ
2024-08-21T20:00:00+08:00,1724241600,31.9,7.34,5.27,449.3,42.0,6.74,0.209,0.2,1.87,,,Ⅳ
2024-08-22T04:00:00+08:00,1724270400,31.0,7.35,4.75,453.1,260.5,6.93,0.307,0.226,1.58,,,Ⅳ
2024-08-22T08:00:00+08:00,1724284800,30.9,7.32,4.23,451.8,207.9,7.38,0.377,0.258,1.43,,,Ⅳ
2024-08-22T16:00:00+08:00,1724313600,32.1,7.36,5.11,452.0,126.9,6.37,0.164,0.179,2.02,,,Ⅳ
2024-08-22T20:00:00+08:00,1724328000,32.1,7.34,4.76,453.5,36.8,6.77,0.22,0.212,1.68,,,Ⅳ
2024-08-23T04:00:00+08:00,1724356800,31.4,7.3,4.4,452.0,93.7,6.62,0.249,0.202,1.71,,,Ⅳ
2024-08-23T08:00:00+08:00,1724371200,31.5,7.29,4.0,454.5,212.0,5.37,0.177,0.162,1.77,,,Ⅳ
2024-08-23T12:00:00+08:00,1724385600,32.3,7.32,4.66,454.3,133.6,7.77,0.262,0.232,1.56,,,Ⅳ
2024-08-23T16:00:00+08:00,1724400000,32.8,7.33,4.65,450.3,116.3,7.25,0.214,0.204,1.59,,,Ⅳ
2024-08-23T20:00:00+08:00,1724414400,32.6,7.37,5.0,455.7,38.3,7.25,0.214,0.204,1.59,,,Ⅳ
2024-08-24T04:00:00+08:00,1724443200,31.9,7.32,4.03,456.5,72.4,7.42,0.236,0.199,1.59,,,Ⅳ
2024-08-24T08:00:00+08:00,1724457600,31.7,7.33,4.22,457.1,166.1,8.43,0.306,0.268,1.41,,,Ⅳ
2024-08-24T12:00:00+08:00,1724472000,32.5,7.32,4.66,455.3,91.3,7.67,0.212,0.21,1.64,,,Ⅳ
2024-08-24T16:00:00+08:00,1724486400,33.0,7.35,5.35,454.0,90.9,,,,,,,
2024-08-24T20:00:00+08:00,1724500800,32.7,7.39,5.69,454.7,90.9,7.61,0.207,0.201,1.67,,,Ⅳ
2024-08-25T16:00:00+08:00,1724572800,32.7,7.41,5.37,459.0,96.0,6.61,0.142,0.18,1.48,,,Ⅳ
2024-08-25T20:00:00+08:00,1724587200,32.5,7.38,5.24,457.7,105.1,6.52,0.198,0.201,1.42,,,Ⅳ
2024-08-26T00:00:00+08:00,1724601600,32.4,7.36,4.96,462.0,79.4,6.24,0.169,0.169,1.49,,,Ⅳ
2024-08-26T04:00:00+08:00,1724616000,31.8,7.38,4.74,459.7,89.9,5.81,0.175,0.177,1.42,,,Ⅳ
2024-08-26T08:00:00+08:00,1724630400,31.8,7.35,4.48,460.9,107.3,6.46,0.157,0.184,1.43,,,Ⅳ
2024-08-26T12:00:00+08:00,1724644800,32.6,7.38,4.99,462.7,110.6,6.5,0.185,0.208,1.33,,,Ⅳ
2024-08-26T16:00:00+08:00,1724659200,32.9,7.42,5.34,461.6,151.4,5.5,0.112,0.164,1.46,,,Ⅲ
2024-08-26T20:00:00+08:00,1724673600,32.7,7.4,5.15,460.0,65.4,5.2,0.097,0.145,,,,Ⅲ
2024-08-27T08:00:00+08:00,1724716800,31.8,7.34,4.09,460.1,79.4,5.79,0.135,0.165,,,,Ⅳ
2024-08-27T09:06:00+08:00,1724720760,,,,,,,,,,,,
2024-08-27T12:00:00+08:00,1724731200,32.5,7.36,4.33,461.0,55.6,5.16,0.104,0.159,,,,Ⅳ
2024-08-27T16:00:00+08:00,1724745600,32.6,7.46,5.59,465.1,57.6,5.4,0.096,0.153,,,,Ⅲ
2024-08-27T20:00:00+08:00,1724760000,32.0,7.0,5.49,458.9,54.2,4.79,0.108,0.142,,,,Ⅲ
2024-08-28T00:00:00+08:00,1724774400,31.5,7.0,5.11,459.0,96.9,6.02,0.201,0.196,,,,Ⅳ
2024-08-28T08:00:00+08:00,1724803200,30.8,7.4,4.36,455.4,69.8,5.04,0.13,0.148,,,,Ⅲ
2024-08-28T16:00:00+08:00,1724832000,31.4,7.0,4.85,452.3,56.2,5.75,0.121,0.167,,,,Ⅳ
2024-08-28T20:00:00+08:00,1724846400,31.2,7.0,4.64,450.0,52.1,4.99,0.112,0.159,,,,Ⅳ
2024-08-29T04:00:00+08:00,1724875200,30.6,7.0,4.43,448.2,49.1,5.54,0.165,0.165,,,,Ⅳ
2024-08-29T08:00:00+08:00,1724889600,30.7,7.0,3.98,452.5,67.4,5.05,0.155,0.152,,,,Ⅳ
2024-08-29T12:00:00+08:00,1724904000,31.4,7.0,4.04,456.3,67.9,6.12,0.16,0.172,,,,Ⅳ
2024-08-29T16:00:00+08:00,1724918400,31.6,7.0,4.45,463.0,37.3,5.81,0.16,0.183,,,,Ⅳ
2024-08-29T20:00:00+08:00,1724932800,31.6,7.0,4.37,447.0,44.8,5.44,0.122,0.151,,,,Ⅴ
2024-08-30T04:00:00+08:00,1724961600,31.0,7.0,4.04,456.2,56.3,4.9,0.162,0.149,1.93,,,Ⅴ
2024-08-30T08:00:00+08:00,1724976000,31.1,7.0,3.89,451.8,49.2,4.74,0.173,0.161,1.82,,,Ⅴ
2024-08-30T12:00:00+08:00,1724990400,32.0,7.0,4.14,449.6,45.7,6.06,0.132,0.157,1.83,,,Ⅴ
2024-08-30T16:00:00+08:00,1725004800,32.2,7.0,4.31,448.6,45.3,5.14,0.126,0.16,1.81,,,Ⅴ
2024-09-02T04:00:00+08:00,1725220800,31.9,7.0,4.4,452.4,59.5,5.45,0.148,0.165,1.5,,,Ⅴ
2024-09-02T08:00:00+08:00,1725235200,32.0,7.0,3.91,453.3,46.1,5.54,0.107,0.151,1.47,,,Ⅳ
2024-09-02T12:00:00+08:00,1725249600,32.7,7.0,4.77,462.5,68.0,5.07,0.108,0.16,1.59,,,Ⅴ
2024-09-02T16:00:00+08:00,1725264000,33.1,7.0,4.55,462.3,39.9,4.95,0.102,0.154,1.62,,,Ⅳ
2024-09-02T20:00:00+08:00,1725278400,32.9,7.0,4.44,461.6,35.0,4.66,0.106,0.139,1.6,,,Ⅳ
2024-09-03T00:00:00+08:00,1725292800,32.2,7.0,4.63,456.4,36.8,4.62,0.112,0.134,1.71,,,Ⅳ
2024-09-03T04:00:00+08:00,1725307200,32.0,7.0,4.07,459.1,52.5,5.27,0.138,0.155,1.59,,,Ⅳ
2024-09-03T08:00:00+08:00,1725321600,31.9,7.0,3.59,460.2,58.6,,,,,,,
2024-09-03T12:00:00+08:00,1725336000,32.0,7.0,3.99,455.0,40.5,,0.095,0.167,,,,
2024-09-03T16:00:00+08:00,1725350400,31.9,7.0,4.7,456.1,41.7,4.85,0.088,0.153,1.44,,,Ⅴ
2024-09-03T20:00:00+08:00,1725364800,31.8,7.0,4.48,458.5,59.9,5.91,0.15,0.177,1.39,,,Ⅳ
2024-09-04T00:00:00+08:00,1725379200,31.4,7.0,4.54,458.4,48.1,4.26,0.085,0.131,1.44,,,Ⅳ
2024-09-04T04:00:00+08:00,1725393600,31.0,7.0,4.28,460.1,45.5,4.38,0.097,0.137,1.4,,,Ⅳ
2024-09-04T08:00:00+08:00,1725408000,31.1,7.0,3.9,462.3,51.7,5.78,0.106,0.161,1.36,,,Ⅳ
2024-09-04T12:00:00+08:00,1725422400,31.6,7.0,4.16,460.7,48.4,5.17,0.088,0.154,1.33,,,Ⅳ
2024-09-04T16:00:00+08:00,1725436800,32.0,7.0,4.73,457.0,40.9,5.28,0.093,0.162,1.32,,,Ⅳ
2024-09-04T20:00:00+08:00,1725451200,31.9,7.0,4.77,460.5,43.1,4.88,0.095,0.146,1.27,,,Ⅳ
2024-09-05T00:00:00+08:00,1725465600,31.6,7.0,4.69,459.3,43.3,4.5,0.08,0.132,1.29,,,Ⅳ
2024-09-05T04:00:00+08:00,1725480000,31.1,7.0,4.23,459.9,51.2,4.24,0.082,0.13,1.36,,,Ⅳ
2024-09-05T08:00:00+08:00,1725494400,31.1,7.0,3.9,463.3,55.2,5.55,0.097,0.157,1.3,,,Ⅳ
2024-09-05T12:00:00+08:00,1725508800,31.8,7.0,4.36,464.6,44.3,5.12,0.08,0.154,1.32,,,Ⅳ
2024-09-05T16:00:00+08:00,1725523200,32.3,7.0,5.11,462.0,42.4,5.1,0.083,0.154,1.24,,,Ⅲ
2024-09-05T20:00:00+08:00,1725537600,32.1,7.0,4.84,463.8,40.9,4.23,0.08,0.14,1.21,,,Ⅳ
2024-09-08T20:00:00+08:00,1725796800,32.0,7.0,5.36,464.7,45.3,5.19,0.079,0.142,1.13,,,Ⅲ
2024-09-09T04:00:00+08:00,1725825600,31.2,7.0,4.55,466.7,53.8,4.57,0.091,0.133,1.21,,,Ⅳ
2024-09-09T08:00:00+08:00,1725840000,31.2,7.0,4.15,466.4,221.1,5.91,0.115,0.169,1.13,,,Ⅳ
2024-09-09T12:00:00+08:00,1725854400,31.6,7.0,5.2,467.3,63.8,5.21,0.088,0.16,1.15,,,Ⅲ
2024-09-09T16:00:00+08:00,1725868800,32.1,7.0,5.55,465.0,53.5,5.09,0.075,0.144,1.24,,,Ⅲ
2024-09-09T20:00:00+08:00,1725883200,32.0,7.0,5.17,470.2,87.0,5.15,0.098,0.153,1.14,,,Ⅲ
2024-09-10T04:00:00+08:00,1725912000,31.1,7.0,4.28,468.0,66.9,4.31,0.109,0.139,1.28,,,Ⅳ
2024-09-10T08:00:00+08:00,1725926400,31.2,7.0,4.15,469.1,69.5,7.66,0.21,0.24,1.2,,,Ⅳ
2024-09-10T12:00:00+08:00,1725940800,31.1,7.0,4.3,470.9,191.8,5.22,0.122,0.181,1.23,,,Ⅳ
2024-09-10T16:00:00+08:00,1725955200,30.8,7.0,3.76,468.1,171.4,5.14,0.117,0.155,1.32,,,Ⅳ
2024-09-10T20:00:00+08:00,1725969600,29.8,7.0,4.43,457.2,442.8,7.28,0.279,0.247,1.19,,,Ⅳ
2024-09-11T04:00:00+08:00,1725998400,29.1,7.0,3.85,416.7,231.6,7.02,0.266,0.238,2.58,,,Ⅳ
2024-09-11T08:00:00+08:00,1726012800,29.1,7.0,4.03,428.9,233.3,9.59,0.389,0.347,1.84,,,Ⅴ
2024-09-11T12:00:00+08:00,1726027200,29.4,7.0,3.96,418.5,147.4,,0.314,0.302,1.07,,,
2024-09-11T16:00:00+08:00,1726041600,29.3,7.0,3.93,415.6,70.2,5.81,0.16,0.227,2.01,,,Ⅳ
2024-09-11T20:00:00+08:00,1726056000,29.3,7.0,3.76,398.6,92.7,6.81,0.213,0.241,2.32,,,Ⅳ
2024-09-12T04:00:00+08:00,1726084800,29.0,7.0,2.9,405.1,88.5,5.84,0.166,0.21,2.32,,,Ⅴ
2024-09-12T08:00:00+08:00,1726099200,29.1,7.0,2.37,398.6,68.3,7.18,0.166,0.245,2.26,,,Ⅴ
2024-09-12T12:00:00+08:00,1726113600,29.8,7.0,2.87,407.7,87.6,8.34,0.325,0.343,2.15,,,Ⅴ
2024-09-12T16:00:00+08:00,1726128000,30.4,7.0,2.83,408.2,38.5,6.43,0.136,0.231,2.39,,,Ⅴ
2024-09-12T20:00:00+08:00,1726142400,30.4,7.0,3.0,411.4,84.4,5.8,0.14,0.209,2.16,,,Ⅳ
2024-09-13T04:00:00+08:00,1726171200,29.7,7.0,3.2,413.4,53.8,5.7,0.23,0.233,1.99,,,Ⅳ
2024-09-13T16:00:00+08:00,1726214400,31.2,7.0,3.7,413.3,46.5,5.5,0.17,0.22,2.15,,,Ⅳ
2024-09-13T20:00:00+08:00,1726228800,30.8,7.0,3.8,410.2,46.8,4.8,0.25,0.218,2.17,,,Ⅳ
2024-09-14T04:00:00+08:00,1726257600,30.5,7.0,2.9,408.3,95.5,4.7,0.21,0.207,2.26,,,Ⅴ
2024-09-14T08:00:00+08:00,1726272000,30.2,7.0,2.9,409.9,56.8,5.6,0.22,0.206,2.0,,,Ⅴ
2024-09-14T12:00:00+08:00,1726286400,30.8,7.0,3.3,414.3,72.1,5.9,0.27,0.237,1.89,,,Ⅳ
2024-09-14T16:00:00+08:00,1726300800,31.2,7.0,3.5,411.1,79.6,4.9,0.2,0.21,1.88,,,Ⅳ
2024-09-14T20:00:00+08:00,1726315200,30.8,7.0,4.0,413.6,75.5,4.7,0.24,0.201,1.84,,,Ⅳ
2024-09-15T04:00:00+08:00,1726344000,30.4,7.0,2.6,410.3,446.5,6.9,0.34,0.263,1.99,,,Ⅴ
2024-09-15T08:00:00+08:00,1726358400,30.2,7.0,3.2,413.1,86.7,6.4,0.21,0.209,1.78,,,Ⅳ
2024-09-15T12:00:00+08:00,1726372800,30.5,7.0,3.4,419.6,81.0,5.4,0.19,0.203,1.83,,,Ⅳ
2024-09-15T16:00:00+08:00,1726387200,30.9,7.0,3.6,413.7,120.9,5.4,0.18,0.207,1.85,,,Ⅳ
2024-09-15T20:00:00+08:00,1726401600,30.2,7.0,4.0,419.2,77.7,4.5,0.19,0.18,1.82,,,Ⅳ
2024-09-16T04:00:00+08:00,1726430400,29.9,7.0,2.7,423.1,963.0,10.5,0.57,0.383,1.52,,,Ⅴ
2024-09-16T08:00:00+08:00,1726444800,29.7,7.0,3.8,418.7,120.8,5.9,0.18,0.184,2.02,,,Ⅳ
2024-09-16T12:00:00+08:00,1726459200,29.0,7.0,4.6,411.3,92.8,5.8,0.17,0.19,1.88,,,Ⅳ
2024-09-16T16:00:00+08:00,1726473600,28.5,7.0,3.6,415.0,337.7,6.0,0.23,0.212,1.8,,,Ⅳ
2024-09-16T20:00:00+08:00,1726488000,28.2,7.0,4.2,392.3,119.9,6.2,0.26,0.23,2.7,,,Ⅳ
2024-09-17T04:00:00+08:00,1726516800,27.9,7.0,3.8,368.6,503.1,12.3,0.66,0.493,1.48,,,劣Ⅴ
2024-09-17T08:00:00+08:00,1726531200,28.1,7.0,3.4,387.0,137.2,7.6,0.23,0.282,2.67,,,Ⅳ
2024-09-17T12:00:00+08:00,1726545600,28.9,7.0,3.4,389.3,64.6,5.8,0.15,0.262,2.85,,,Ⅳ
2024-09-17T16:00:00+08:00,1726560000,29.4,7.0,3.6,378.5,74.2,6.3,0.17,0.263,2.84,,,Ⅳ
2024-09-17T20:00:00+08:00,1726574400,29.3,7.0,4.0,387.1,76.7,5.4,0.17,0.252,2.82,,,Ⅳ
2024-09-18T04:00:00+08:00,1726603200,29.0,7.0,3.6,374.5,169.8,6.9,0.24,0.304,2.63,,,Ⅴ
2024-09-18T08:00:00+08:00,1726617600,29.0,7.0,3.5,377.0,124.6,6.7,0.17,0.26,2.61,,,Ⅳ
2024-09-18T12:00:00+08:00,1726632000,29.7,7.0,3.3,374.0,67.6,5.9,0.13,0.243,2.51,,,Ⅳ
2024-09-18T16:00:00+08:00,1726646400,29.8,7.0,3.6,378.5,704.2,8.6,0.29,0.373,2.4,,,Ⅴ
2024-09-18T20:00:00+08:00,1726660800,29.8,7.0,4.0,368.8,88.2,5.7,0.15,0.24,2.55,,,Ⅳ
2024-09-19T08:00:00+08:00,1726704000,29.5,7.0,3.3,378.6,129.6,7.6,0.3,0.358,2.49,,,Ⅴ
2024-09-19T12:00:00+08:00,1726718400,30.0,7.0,3.6,375.9,75.3,8.7,0.22,0.297,2.36,,,Ⅳ
2024-09-20T04:00:00+08:00,1726776000,29.6,7.0,4.0,384.6,308.6,7.4,0.26,0.326,2.25,,,Ⅴ
2024-09-20T08:00:00+08:00,1726790400,29.5,7.0,3.6,384.3,152.1,7.0,0.17,0.242,2.18,,,Ⅳ
2024-09-20T12:00:00+08:00,1726804800,29.7,7.0,4.0,373.2,89.9,,,,,,,
2024-09-20T16:00:00+08:00,1726819200,30.5,8.0,3.6,359.7,152.7,,,,,,,
2024-09-20T20:00:00+08:00,1726833600,30.1,8.0,3.3,362.5,185.9,,,,,,,
2024-09-21T00:00:00+08:00,1726848000,30.0,8.0,3.2,357.9,148.5,,,,,,,
2024-09-21T04:00:00+08:00,1726862400,29.9,8.0,2.6,378.8,170.6,,,,,,,
2024-09-21T08:00:00+08:00,1726876800,29.6,8.0,2.9,362.2,249.9,,,,,,,
2024-09-21T12:00:00+08:00,1726891200,29.4,7.0,3.4,383.1,194.0,7.9,0.3,0.335,2.06,,,Ⅴ
2024-09-21T16:00:00+08:00,1726905600,29.0,7.0,3.6,398.7,98.3,6.6,0.24,0.291,2.03,,,Ⅳ
2024-09-21T20:00:00+08:00,1726920000,28.7,7.0,3.8,387.6,403.1,7.7,0.32,0.324,2.01,,,Ⅴ
2024-09-22T00:00:00+08:00,1726934400,28.2,7.0,4.5,384.4,133.1,,0.21,0.257,2.14,,,
2024-09-22T08:00:00+08:00,1726963200,28.7,8.0,6.0,394.4,85.0,,0.25,0.265,2.03,,,
2024-09-22T12:00:00+08:00,1726977600,28.0,8.0,5.6,395.8,217.9,,0.63,0.499,1.22,,,
2024-09-22T16:00:00+08:00,1726992000,27.9,8.0,5.6,405.7,172.4,6.6,0.21,0.257,2.03,,,Ⅳ
2024-09-22T20:00:00+08:00,1727006400,27.8,8.0,6.4,393.9,162.7,8.5,0.2,0.24,1.96,,,Ⅳ
2024-09-23T04:00:00+08:00,1727035200,26.9,7.0,5.0,410.0,89.0,5.2,0.14,0.192,1.99,,,Ⅲ
2024-09-23T08:00:00+08:00,1727049600,26.6,7.0,4.9,405.4,70.1,4.6,0.16,0.203,1.89,,,Ⅳ
2024-09-23T12:00:00+08:00,1727064000,27.2,8.0,5.4,404.3,92.9,5.7,0.15,0.213,1.9,,,Ⅳ
2024-09-23T16:00:00+08:00,1727078400,27.5,7.0,5.5,409.4,104.9,4.9,0.13,0.217,1.87,,,Ⅳ
2024-09-23T20:00:00+08:00,1727092800,27.4,7.0,5.7,403.1,82.1,5.7,0.15,0.233,1.87,,,Ⅳ
2024-09-24T04:00:00+08:00,1727121600,27.0,8.0,5.6,418.4,73.9,5.3,0.16,0.226,1.91,,,Ⅳ
2024-09-24T08:00:00+08:00,1727136000,26.8,8.0,5.7,418.3,83.5,4.6,0.15,0.193,1.83,,,Ⅲ
2024-09-24T12:00:00+08:00,1727150400,26.8,8.0,5.9,413.3,68.9,5.1,0.13,0.192,1.86,,,Ⅲ
2024-09-24T16:00:00+08:00,1727164800,27.0,7.0,5.7,419.7,69.8,6.9,0.24,0.265,1.85,,,Ⅳ
2024-09-24T20:00:00+08:00,1727179200,26.9,7.0,5.8,422.4,66.8,4.8,0.16,0.212,1.8,,,Ⅳ
2024-09-25T04:00:00+08:00,1727208000,26.7,7.0,5.5,428.5,69.7,5.0,0.11,0.162,1.91,,,Ⅲ
2024-09-25T08:00:00+08:00,1727222400,26.5,8.0,5.4,431.5,104.8,5.2,0.17,0.196,1.85,,,Ⅲ
2024-09-25T12:00:00+08:00,1727236800,26.7,7.0,5.2,427.0,65.5,4.7,0.14,0.182,1.78,,,Ⅲ
2024-09-25T16:00:00+08:00,1727251200,27.0,8.0,6.2,428.9,70.6,,0.12,0.194,,,,
2024-09-25T20:00:00+08:00,1727265600,26.9,7.0,5.1,426.2,57.3,,0.1,0.174,1.88,,,
2024-09-26T04:00:00+08:00,1727294400,26.8,7.0,5.4,428.4,52.7,3.8,0.11,0.152,1.88,,,Ⅲ
2024-09-26T08:00:00+08:00,1727308800,26.7,7.0,4.9,437.5,71.5,3.9,0.14,0.164,,,,Ⅳ
2024-09-26T12:00:00+08:00,1727323200,27.2,8.0,5.2,439.9,50.0,4.5,0.14,0.177,,,,Ⅲ
2024-09-27T04:00:00+08:00,1727380800,,,,,,6.8,0.16,0.15,1.86,,,
2024-09-27T12:00:00+08:00,1727409600,,,,,,5.4,0.16,0.166,1.86,,,
2024-09-27T16:00:00+08:00,1727424000,,,,,,4.4,0.12,0.162,1.86,,,
2024-10-10T00:00:00+08:00,1728489600,23.1,7.0,6.9,449.8,46.5,4.2,0.15,0.114,2.3,,,Ⅲ
2024-10-10T04:00:00+08:00,1728504000,22.6,7.0,6.6,449.9,63.2,4.0,0.18,0.11,2.37,,,Ⅲ
2024-10-10T08:00:00+08:00,1728518400,22.6,7.0,6.7,443.0,64.3,3.5,0.14,0.117,2.43,,,Ⅲ
2024-10-10T12:00:00+08:00,1728532800,23.2,7.0,6.8,442.3,54.7,3.3,0.11,0.118,2.36,,,Ⅲ
2024-10-10T16:00:00+08:00,1728547200,23.8,7.0,7.0,449.4,62.0,4.9,0.11,0.108,,,,Ⅲ
2024-10-10T20:00:00+08:00,1728561600,23.6,7.0,7.0,440.1,50.2,,0.12,0.103,2.64,,,
2024-10-11T00:00:00+08:00,1728576000,23.5,7.0,7.2,442.8,49.4,4.4,0.14,0.117,2.45,,,Ⅲ
2024-10-11T04:00:00+08:00,1728590400,23.3,7.0,6.7,439.2,46.3,3.9,0.15,0.116,2.64,,,Ⅲ
2024-10-11T08:00:00+08:00,1728604800,23.2,7.0,6.7,436.9,54.4,4.3,0.14,0.121,2.7,,,Ⅲ
2024-10-11T12:00:00+08:00,1728619200,23.7,7.0,6.7,440.7,51.3,3.9,0.12,0.109,2.55,,,Ⅲ
2024-10-11T16:00:00+08:00,1728633600,24.3,7.0,7.3,444.1,52.4,4.0,0.1,0.108,2.63,,,Ⅲ
2024-10-12T00:00:00+08:00,1728662400,23.8,7.0,7.1,447.3,39.1,3.8,0.11,0.108,2.45,,,Ⅲ
2024-10-12T04:00:00+08:00,1728676800,23.5,7.0,6.7,442.8,86.2,4.1,0.13,0.109,2.54,,,Ⅲ
2024-10-12T16:00:00+08:00,1728720000,24.3,7.0,7.2,444.1,52.3,4.0,0.1,0.114,2.52,,,Ⅲ
2024-10-12T20:00:00+08:00,1728734400,24.3,7.0,6.9,444.3,68.2,3.9,0.1,0.1,2.54,,,Ⅱ
2024-10-13T00:00:00+08:00,1728748800,24.1,7.0,7.2,444.3,40.7,3.8,0.1,0.1,2.41,,,Ⅱ
2024-10-13T04:00:00+08:00,1728763200,23.9,7.0,6.8,450.4,64.9,5.0,0.16,0.145,2.45,,,Ⅲ
2024-10-13T12:00:00+08:00,1728792000,24.1,7.0,6.7,439.9,70.5,3.3,0.1,0.114,2.54,,,Ⅲ
2024-10-13T16:00:00+08:00,1728806400,24.5,7.0,6.7,443.4,59.7,3.6,0.08,0.1,2.39,,,Ⅱ
2024-10-14T00:00:00+08:00,1728835200,24.4,7.0,6.7,444.0,79.8,4.5,0.14,0.128,2.54,,,Ⅲ
2024-10-14T04:00:00+08:00,1728849600,24.2,7.0,6.4,446.1,58.2,3.6,0.1,0.107,2.43,,,Ⅲ
2024-10-14T12:00:00+08:00,1728878400,24.9,7.0,6.5,445.9,73.3,4.1,0.1,0.118,2.49,,,Ⅲ
2024-10-14T16:00:00+08:00,1728892800,25.2,7.0,6.6,450.0,57.3,4.5,0.13,0.133,2.4,,,Ⅲ
2024-10-21T08:00:00+08:00,1729468800,22.4,7.0,5.7,465.0,55.2,2.5,0.11,0.1,2.68,,,Ⅲ
2024-10-21T12:00:00+08:00,1729483200,22.6,7.0,5.8,464.5,51.5,2.6,0.1,0.108,2.4,,,Ⅲ
2024-10-21T16:00:00+08:00,1729497600,22.8,7.0,6.1,459.9,63.5,3.7,0.09,0.107,2.66,,,Ⅲ
2024-10-21T20:00:00+08:00,1729512000,22.7,7.0,6.2,489.9,194.1,,0.1,0.106,2.65,,,
2024-10-22T04:00:00+08:00,1729540800,22.6,7.0,5.7,463.0,165.4,4.2,0.11,0.109,2.49,,,Ⅲ
2024-10-22T08:00:00+08:00,1729555200,22.5,7.0,5.7,470.5,95.6,3.0,0.12,0.11,2.76,,,Ⅲ
2024-10-22T12:00:00+08:00,1729569600,22.6,7.0,5.6,464.9,60.3,4.3,0.1,0.121,2.58,,,Ⅲ
2024-10-22T16:00:00+08:00,1729584000,22.6,7.0,6.2,461.4,47.0,3.8,0.09,0.105,2.57,,,Ⅲ
2024-10-23T04:00:00+08:00,1729627200,21.4,7.0,6.0,458.0,56.5,3.6,0.09,0.093,2.71,,,Ⅱ
2024-10-23T08:00:00+08:00,1729641600,21.0,7.0,5.8,457.9,87.4,3.8,0.13,0.101,2.88,,,Ⅲ
2024-10-23T12:00:00+08:00,1729656000,21.7,7.0,6.3,458.4,59.0,3.8,0.11,0.105,2.89,,,Ⅲ
2024-10-23T16:00:00+08:00,1729670400,22.2,7.0,6.7,461.8,51.0,2.6,0.09,0.098,2.71,,,Ⅱ
2024-10-23T20:00:00+08:00,1729684800,21.7,7.0,6.5,460.2,56.3,4.0,0.12,0.117,2.66,,,Ⅲ
2024-10-24T04:00:00+08:00,1729713600,21.0,7.0,6.3,459.6,50.4,4.1,0.14,0.12,2.77,,,Ⅲ
2024-10-24T08:00:00+08:00,1729728000,20.7,7.0,5.8,459.4,60.4,3.6,0.12,0.098,2.8,,,Ⅲ
2024-10-24T12:00:00+08:00,1729742400,21.4,7.0,6.5,460.1,57.8,2.3,0.1,0.098,2.76,,,Ⅱ
2024-10-24T16:00:00+08:00,1729756800,21.9,7.0,7.0,463.0,52.1,4.0,0.11,0.116,2.75,,,Ⅲ
2024-10-24T20:00:00+08:00,1729771200,21.6,7.0,6.9,462.9,57.0,3.7,0.1,0.098,2.79,,,Ⅱ
2024-10-25T04:00:00+08:00,1729800000,21.0,7.0,6.7,462.6,98.2,6.1,0.22,0.189,2.57,,,Ⅳ
2024-10-25T16:00:00+08:00,1729843200,21.7,7.0,7.0,462.5,45.1,2.3,0.11,0.102,2.62,,,Ⅲ
2024-10-25T20:00:00+08:00,1729857600,21.7,7.0,6.9,465.7,48.8,2.7,0.09,0.089,2.59,,,Ⅱ
2024-10-26T04:00:00+08:00,1729886400,21.6,7.0,6.5,465.5,80.3,2.7,0.1,0.09,2.6,,,Ⅱ
2024-10-26T08:00:00+08:00,1729900800,21.8,7.0,6.4,464.6,51.7,4.0,0.11,0.094,2.61,,,Ⅱ
2024-10-26T12:00:00+08:00,1729915200,22.0,7.0,6.4,463.6,60.1,3.5,0.16,0.142,2.73,,,Ⅲ
2024-10-26T16:00:00+08:00,1729929600,22.4,7.0,6.8,462.9,48.7,3.5,0.09,0.095,2.65,,,Ⅱ
2024-10-26T20:00:00+08:00,1729944000,22.4,7.0,6.2,442.4,86.8,3.6,0.11,0.103,2.57,,,Ⅲ
2024-10-27T10:18:00+08:00,1729995480,,,,,,,,,,,,
2024-10-27T14:19:00+08:00,1730009940,,,,,,,,,,,,
2024-10-28T08:00:00+08:00,1730073600,21.4,7.0,5.5,443.3,83.7,4.0,0.1,0.101,2.75,,,Ⅲ
2024-10-28T12:00:00+08:00,1730088000,21.7,7.0,5.9,444.3,54.3,3.8,0.1,0.107,2.65,,,Ⅲ
2024-10-28T16:00:00+08:00,1730102400,21.8,7.0,6.1,444.7,43.1,3.6,0.09,0.093,2.71,,,Ⅱ
2024-10-28T20:00:00+08:00,1730116800,21.7,7.0,6.0,444.7,104.5,3.6,0.11,0.095,2.76,,,Ⅱ
2024-10-29T00:00:00+08:00,1730131200,21.3,7.0,5.7,443.8,74.9,3.7,0.16,0.095,2.87,,,Ⅲ
2024-10-29T04:00:00+08:00,1730145600,20.9,7.0,5.8,444.2,79.0,3.6,0.13,0.098,2.78,,,Ⅲ
2024-10-29T08:00:00+08:00,1730160000,20.8,7.0,5.3,445.1,62.5,3.8,0.11,0.092,2.9,,,Ⅲ
2024-10-29T12:00:00+08:00,1730174400,21.4,7.0,5.8,446.3,43.2,2.8,0.1,0.096,2.81,,,Ⅲ
2024-10-29T16:00:00+08:00,1730188800,21.8,7.0,5.9,446.5,64.2,3.6,0.1,0.093,2.72,,,Ⅲ
2024-10-29T20:00:00+08:00,1730203200,21.5,7.0,6.0,446.6,49.4,2.5,0.1,0.088,2.77,,,Ⅱ
2024-10-30T00:00:00+08:00,1730217600,21.1,7.0,5.9,445.8,63.5,3.5,0.15,0.089,2.91,,,Ⅲ
2024-10-30T04:00:00+08:00,1730232000,20.8,7.0,5.8,445.9,71.9,2.9,0.13,0.099,2.78,,,Ⅲ
2024-10-30T08:00:00+08:00,1730246400,20.6,7.0,5.8,446.5,98.4,3.9,0.11,0.101,2.8,,,Ⅲ
2024-10-30T12:00:00+08:00,1730260800,21.1,7.0,6.1,447.2,48.7,3.8,0.12,0.113,2.82,,,Ⅲ
2024-10-30T16:00:00+08:00,1730275200,21.4,7.0,6.4,447.2,85.1,4.9,0.15,0.136,2.74,,,Ⅲ
2024-10-30T20:00:00+08:00,1730289600,21.2,7.0,6.7,447.3,67.5,3.5,0.1,0.095,2.69,,,Ⅱ
2024-10-31T00:00:00+08:00,1730304000,21.0,7.0,6.6,446.2,57.5,3.8,0.12,0.097,2.77,,,Ⅱ
2024-10-31T08:00:00+08:00,1730332800,20.7,7.0,6.5,448.1,45.8,3.0,0.11,0.107,2.65,,,Ⅲ
2024-10-31T16:00:00+08:00,1730361600,20.8,7.0,6.7,442.7,124.1,,0.1,0.102,2.79,,,
2024-10-31T20:00:00+08:00,1730376000,20.5,7.0,5.6,451.0,156.9,,0.21,0.169,2.63,,,
2024-11-01T04:00:00+08:00,1730404800,20.6,7.0,6.9,414.6,220.5,4.3,0.16,0.14,2.8,,,Ⅲ
2024-11-01T08:00:00+08:00,1730419200,20.5,7.0,7.1,385.0,339.8,,0.35,0.322,5.19,,,
2024-11-02T00:00:00+08:00,1730476800,20.3,7.0,7.4,352.8,140.9,4.4,0.23,0.278,4.79,,,Ⅳ
2024-11-02T08:00:00+08:00,1730505600,20.0,7.0,6.8,352.8,78.2,4.0,0.19,0.302,5.12,,,Ⅴ
2024-11-02T12:00:00+08:00,1730520000,20.4,7.0,6.5,347.9,76.1,3.4,0.21,0.339,5.11,,,Ⅴ
2024-11-04T12:00:00+08:00,1730692800,21.1,7.0,6.0,389.5,38.3,2.5,0.13,0.228,4.12,,,Ⅳ
2024-11-04T20:00:00+08:00,1730721600,21.2,7.0,6.3,376.8,54.7,3.6,0.15,0.214,,,,Ⅳ
2024-11-05T12:00:00+08:00,1730779200,20.9,7.0,7.1,401.2,105.2,,,,,,,
2024-11-05T16:00:00+08:00,1730793600,21.1,7.0,7.1,403.7,66.7,2.0,0.13,0.176,3.95,,,Ⅲ
2024-11-05T20:00:00+08:00,1730808000,20.7,7.0,6.9,394.3,65.7,3.6,0.14,0.191,4.01,,,Ⅲ
2024-11-06T04:00:00+08:00,1730836800,19.8,7.0,5.8,419.2,45.9,3.3,0.17,0.161,3.83,,,Ⅲ
2024-11-06T08:00:00+08:00,1730851200,19.6,7.0,5.7,418.6,55.3,3.3,0.13,0.143,3.64,,,Ⅲ
2024-11-06T12:00:00+08:00,1730865600,20.0,7.0,6.2,417.0,79.3,3.6,0.14,0.154,3.78,,,Ⅲ
2024-11-06T16:00:00+08:00,1730880000,20.4,7.0,6.7,416.5,59.0,3.4,0.15,0.171,3.67,,,Ⅲ
2024-11-06T20:00:00+08:00,1730894400,19.9,7.0,6.6,405.9,142.5,3.6,0.21,0.21,4.04,,,Ⅳ
2024-11-07T00:00:00+08:00,1730908800,19.6,7.0,6.4,413.9,72.3,2.6,0.15,0.145,3.79,,,Ⅲ
2024-11-07T04:00:00+08:00,1730923200,19.2,7.0,6.1,423.4,99.5,2.5,0.19,0.139,3.54,,,Ⅲ
2024-11-07T08:00:00+08:00,1730937600,19.0,7.0,6.4,421.9,79.3,2.5,0.19,0.139,3.54,,,Ⅲ
2024-11-07T12:00:00+08:00,1730952000,19.2,7.0,6.3,424.6,60.1,,0.12,0.124,3.44,,,
2024-11-07T16:00:00+08:00,1730966400,19.7,7.0,6.3,435.1,105.8,2.9,0.13,0.136,3.6,,,Ⅲ
2024-11-07T20:00:00+08:00,1730980800,19.2,7.0,6.3,425.5,69.8,,0.17,0.147,3.68,,,
2024-11-08T04:00:00+08:00,1731009600,18.7,7.0,6.1,439.8,51.5,3.7,0.16,0.125,3.72,,,Ⅲ
2024-11-08T08:00:00+08:00,1731024000,18.5,7.0,5.9,438.3,115.0,3.8,0.23,0.127,3.55,,,Ⅲ
2024-11-08T12:00:00+08:00,1731038400,19.2,7.0,6.3,432.7,270.7,3.9,0.17,0.135,3.66,,,Ⅲ
2024-11-12T16:00:00+08:00,1731398400,20.4,7.0,7.2,440.4,44.2,3.5,0.09,,3.35,,,
2024-11-12T20:00:00+08:00,1731412800,20.2,7.0,7.0,441.3,110.7,3.4,0.09,0.087,3.45,,,Ⅱ
2024-11-13T16:00:00+08:00,1731484800,20.3,7.0,6.5,442.3,165.6,4.2,0.14,0.119,3.31,,,Ⅲ
2024-11-13T20:00:00+08:00,1731499200,20.2,7.0,6.4,444.5,190.4,3.7,0.12,0.091,3.41,,,Ⅱ
2024-11-14T04:00:00+08:00,1731528000,20.2,7.0,6.6,439.8,93.1,3.7,0.14,0.092,3.5,,,Ⅱ
2024-11-14T12:00:00+08:00,1731556800,20.6,7.0,6.3,445.5,53.4,3.6,0.1,0.089,3.44,,,Ⅱ
2024-11-14T16:00:00+08:00,1731571200,20.8,7.0,6.5,441.7,49.8,3.4,0.1,0.083,3.41,,,Ⅱ
2024-11-14T20:00:00+08:00,1731585600,20.8,7.0,6.1,441.2,81.8,3.5,0.09,,3.35,,,
2024-11-15T04:00:00+08:00,1731614400,20.8,7.0,6.0,441.5,66.5,3.8,0.15,,3.49,,,
2024-11-15T08:00:00+08:00,1731628800,20.8,7.0,5.8,445.3,116.5,3.6,0.11,0.092,3.34,,,Ⅲ
2024-11-15T16:00:00+08:00,1731657600,21.3,7.0,5.8,442.2,96.8,4.3,0.16,0.091,3.58,,,Ⅲ
2024-11-15T20:00:00+08:00,1731672000,21.3,7.0,5.7,440.5,116.6,3.8,0.12,0.075,3.48,,,Ⅲ
2024-11-16T04:00:00+08:00,1731700800,21.2,7.0,5.4,445.1,80.7,3.5,0.13,0.082,3.55,,,Ⅲ
2024-11-16T08:00:00+08:00,1731715200,21.2,7.0,5.4,444.6,105.3,3.8,0.14,0.089,3.45,,,Ⅲ
2024-11-16T12:00:00+08:00,1731729600,21.4,7.0,5.4,447.9,91.1,5.1,0.23,0.119,3.3,,,Ⅲ
2024-11-16T16:00:00+08:00,1731744000,21.6,7.0,5.6,446.5,75.2,3.2,0.14,0.066,3.35,,,Ⅲ
2024-11-16T20:00:00+08:00,1731758400,21.5,7.0,5.7,442.3,76.6,3.5,0.12,0.085,3.5,,,Ⅲ
2024-11-17T04:00:00+08:00,1731787200,21.1,7.0,5.5,448.6,87.4,3.6,0.13,0.079,3.59,,,Ⅲ
2024-11-17T08:00:00+08:00,1731801600,20.9,7.0,5.5,445.6,102.7,3.6,0.13,0.079,3.57,,,Ⅲ
2024-11-17T20:00:00+08:00,1731844800,20.0,7.0,6.3,447.4,89.9,4.2,0.17,0.101,3.55,,,Ⅲ
2024-11-18T08:00:00+08:00,1731888000,19.1,7.0,6.2,445.5,62.8,3.6,0.1,0.082,3.46,,,Ⅱ
2024-11-18T16:00:00+08:00,1731916800,18.8,7.0,5.9,451.0,124.6,4.2,0.17,0.085,3.45,,,Ⅲ
2024-11-18T20:00:00+08:00,1731931200,18.6,7.0,6.2,449.3,54.7,3.3,0.09,0.076,3.47,,,Ⅱ
2024-11-19T00:00:00+08:00,1731945600,18.3,7.0,6.1,447.1,68.5,3.5,0.12,0.071,3.53,,,Ⅱ
2024-11-19T04:00:00+08:00,1731960000,17.9,7.0,6.3,450.4,81.3,3.5,0.13,0.07,3.48,,,Ⅱ
2024-11-19T16:00:00+08:00,1732003200,18.3,7.0,6.2,453.5,186.1,4.6,0.19,0.106,3.62,,,Ⅲ
2024-11-19T20:00:00+08:00,1732017600,18.0,7.0,6.3,449.1,123.4,4.2,0.15,0.097,3.44,,,Ⅲ
2024-11-20T00:00:00+08:00,1732032000,17.9,7.0,6.2,451.1,74.4,4.4,0.18,0.099,3.56,,,Ⅲ
2024-11-20T12:00:00+08:00,1732075200,17.8,7.0,5.9,457.1,70.7,3.5,0.13,0.072,3.72,,,Ⅲ
2024-11-20T20:00:00+08:00,1732104000,17.6,7.0,5.9,457.9,127.5,4.7,0.24,,3.62,,,
2024-11-21T04:00:00+08:00,1732132800,17.4,7.0,6.1,458.8,65.7,3.5,0.17,0.069,3.8,,,Ⅱ
2024-11-21T08:00:00+08:00,1732147200,17.1,7.0,5.9,459.8,100.2,4.3,0.19,0.094,3.69,,,Ⅲ
2024-11-21T12:00:00+08:00,1732161600,17.6,7.0,6.1,457.7,111.1,4.0,0.18,0.074,3.58,,,Ⅱ
2024-11-21T16:00:00+08:00,1732176000,18.0,7.0,6.7,456.0,94.3,3.9,0.17,0.087,3.52,,,Ⅱ
2024-11-21T20:00:00+08:00,1732190400,17.6,7.0,6.5,458.0,96.0,4.0,0.2,0.078,3.58,,,Ⅱ
2024-11-22T00:00:00+08:00,1732204800,17.4,7.0,6.5,456.7,75.7,4.1,0.2,0.078,3.54,,,Ⅲ
2024-11-22T12:00:00+08:00,1732248000,17.0,7.0,6.4,454.1,112.6,3.9,0.17,0.07,3.39,,,Ⅱ
2024-11-22T16:00:00+08:00,1732262400,17.5,7.0,6.9,455.1,106.7,4.0,0.17,0.073,3.59,,,Ⅱ
2024-11-22T20:00:00+08:00,1732276800,17.3,7.0,6.8,454.3,107.0,3.9,0.19,0.067,3.45,,,Ⅱ
2024-11-23T00:00:00+08:00,1732291200,17.1,7.0,6.8,453.7,70.5,3.6,0.15,0.062,3.56,,,Ⅱ
2024-11-23T04:00:00+08:00,1732305600,16.9,7.0,6.7,453.1,86.4,3.5,0.16,0.06,3.66,,,Ⅱ
2024-11-23T08:00:00+08:00,1732320000,16.7,7.0,6.6,450.9,176.7,10.6,0.65,0.305,1.53,,,Ⅴ
2024-11-23T12:00:00+08:00,1732334400,17.0,7.0,6.5,451.3,116.9,4.6,0.25,0.086,3.34,,,Ⅲ
2024-11-23T20:00:00+08:00,1732363200,17.3,7.0,7.1,448.9,128.8,3.9,0.17,0.063,3.48,,,Ⅱ
2024-11-24T00:00:00+08:00,1732377600,16.9,7.0,6.7,450.5,79.2,3.6,0.18,0.051,3.49,,,Ⅱ
2024-11-24T04:00:00+08:00,1732392000,16.7,7.0,6.7,448.8,88.2,3.5,0.16,0.052,3.54,,,Ⅱ
2024-11-24T08:00:00+08:00,1732406400,16.4,7.0,6.7,446.4,140.3,4.5,0.21,0.072,3.31,,,Ⅲ
2024-11-24T12:00:00+08:00,1732420800,16.9,7.0,6.5,449.4,138.5,4.4,0.2,0.073,3.41,,,Ⅲ
2024-11-24T16:00:00+08:00,1732435200,17.4,7.0,6.9,447.0,163.5,4.4,0.23,0.073,3.34,,,Ⅲ
2024-11-24T20:00:00+08:00,1732449600,17.3,7.0,7.0,446.0,212.4,4.5,0.25,0.07,3.42,,,Ⅲ
2024-11-25T04:00:00+08:00,1732478400,17.0,7.0,6.9,445.9,172.8,3.7,0.19,0.049,3.46,,,Ⅱ
2024-11-25T16:00:00+08:00,1732521600,17.3,7.0,6.8,444.5,126.6,4.2,0.24,0.065,3.37,,,Ⅲ
2024-11-25T20:00:00+08:00,1732536000,17.1,7.0,6.9,445.8,131.0,4.1,0.23,0.057,3.42,,,Ⅲ
2024-11-26T04:00:00+08:00,1732564800,16.2,8.0,7.5,442.2,119.3,3.6,0.17,0.048,3.62,,,Ⅱ
2024-11-26T08:00:00+08:00,1732579200,15.6,8.0,7.8,441.7,74.7,3.5,0.17,0.046,3.53,,,Ⅱ
2024-11-26T12:00:00+08:00,1732593600,15.9,8.0,7.8,441.8,144.6,3.7,0.14,0.057,3.67,,,Ⅱ
2024-11-26T16:00:00+08:00,1732608000,16.0,8.0,7.9,443.2,136.1,4.4,0.23,0.066,3.54,,,Ⅲ
2024-11-26T20:00:00+08:00,1732622400,15.6,8.0,8.0,443.0,121.7,4.0,0.22,0.054,3.53,,,Ⅱ
2024-11-27T00:00:00+08:00,1732636800,15.2,8.0,7.8,441.7,195.4,4.2,0.23,0.059,3.71,,,Ⅲ
2024-11-27T08:00:00+08:00,1732665600,14.4,8.0,7.8,446.6,94.8,3.8,0.16,0.046,3.74,,,Ⅱ
2024-11-27T12:00:00+08:00,1732680000,14.8,8.0,8.0,449.3,136.5,4.1,0.19,0.053,3.57,,,Ⅲ
2024-11-27T16:00:00+08:00,1732694400,14.9,8.0,8.1,450.5,98.3,3.9,0.19,0.048,3.73,,,Ⅱ
2024-11-27T20:00:00+08:00,1732708800,14.5,8.0,8.3,447.1,217.0,4.3,0.22,0.055,3.71,,,Ⅲ
2024-11-28T00:00:00+08:00,1732723200,14.0,8.0,8.2,447.1,100.2,3.7,0.23,0.042,3.85,,,Ⅱ
2024-11-28T12:00:00+08:00,1732766400,13.9,8.0,8.3,446.8,87.5,3.8,0.17,,3.66,,,
2024-11-28T16:00:00+08:00,1732780800,14.0,8.0,8.1,447.8,149.5,4.4,,,3.51,,,
2024-11-28T20:00:00+08:00,1732795200,13.9,8.0,8.3,448.1,135.1,4.3,0.27,0.051,3.48,,,Ⅲ
2024-11-29T00:00:00+08:00,1732809600,13.4,8.0,8.6,444.6,89.9,3.8,0.2,0.046,3.76,,,Ⅱ
2024-11-29T08:00:00+08:00,1732838400,12.6,8.0,8.5,445.3,81.4,3.9,0.17,0.048,3.75,,,Ⅱ
2024-11-29T12:00:00+08:00,1732852800,13.3,8.0,8.1,445.4,233.8,5.4,0.38,0.062,3.36,,,Ⅲ
2024-11-29T16:00:00+08:00,1732867200,13.7,8.0,8.3,446.6,147.1,6.8,0.49,0.096,3.15,,,Ⅳ
2024-11-29T20:00:00+08:00,1732881600,13.4,8.0,8.2,447.0,199.5,5.2,0.4,0.052,3.29,,,Ⅲ
2024-11-30T08:00:00+08:00,1732924800,12.6,8.0,8.3,445.1,134.4,4.2,0.2,0.047,3.78,,,Ⅲ
2024-11-30T12:00:00+08:00,1732939200,13.2,8.0,8.1,449.9,370.6,6.9,0.48,0.069,3.13,,,Ⅳ
2024-11-30T20:00:00+08:00,1732968000,13.6,8.0,8.4,450.2,124.8,4.6,0.31,0.037,3.55,,,Ⅲ
2024-12-01T04:00:00+08:00,1732996800,13.4,8.0,8.2,449.1,133.7,4.3,0.28,0.036,3.58,,,Ⅲ
2024-12-01T08:00:00+08:00,1733011200,13.1,8.0,8.1,448.1,128.8,3.8,0.27,0.031,3.79,,,Ⅱ
2024-12-01T12:00:00+08:00,1733025600,13.8,8.0,8.3,449.9,115.9,4.2,0.23,,3.74,,,
2024-12-01T20:00:00+08:00,1733054400,14.1,8.0,8.4,450.8,96.0,4.3,0.24,0.095,3.75,,,Ⅲ
2024-12-02T00:00:00+08:00,1733068800,13.9,8.0,8.1,451.1,118.7,3.7,0.22,0.077,3.69,,,Ⅱ
2024-12-02T20:00:00+08:00,1733140800,14.6,8.0,8.9,453.5,190.6,4.4,0.27,0.107,3.63,,,Ⅲ
2024-12-03T04:00:00+08:00,1733169600,14.1,8.0,8.7,454.5,136.2,3.8,0.27,0.085,3.91,,,Ⅱ
2024-12-03T12:00:00+08:00,1733198400,14.6,8.0,8.3,453.4,138.0,3.8,0.23,0.087,3.83,,,Ⅱ
2024-12-03T16:00:00+08:00,1733212800,14.9,8.0,8.5,454.2,176.5,4.0,0.23,0.089,3.79,,,Ⅱ
2024-12-03T20:00:00+08:00,1733227200,14.8,8.0,8.8,453.3,121.9,3.9,0.25,0.088,3.86,,,Ⅱ
2024-12-04T04:00:00+08:00,1733256000,14.6,8.0,8.5,452.4,124.1,3.9,0.3,0.081,3.89,,,Ⅱ
2024-12-04T08:00:00+08:00,1733270400,14.4,8.0,8.2,453.9,102.7,3.9,0.27,0.084,3.85,,,Ⅱ
2024-12-04T12:00:00+08:00,1733284800,14.7,8.0,8.4,454.3,126.3,3.8,0.25,0.079,3.83,,,Ⅱ
2024-12-04T20:00:00+08:00,1733313600,14.8,8.0,8.6,453.6,117.4,5.5,0.36,0.122,3.46,,,Ⅲ
2024-12-05T04:00:00+08:00,1733342400,14.6,8.0,8.3,452.5,122.2,4.4,0.29,0.096,3.76,,,Ⅲ
2024-12-05T08:00:00+08:00,1733356800,14.3,8.0,8.0,454.2,127.6,3.7,0.24,0.079,3.89,,,Ⅱ
2024-12-05T12:00:00+08:00,1733371200,14.3,8.0,8.0,453.8,129.7,3.7,0.23,0.074,3.83,,,Ⅱ
2024-12-05T20:00:00+08:00,1733400000,14.3,8.0,8.3,454.3,137.2,4.1,0.24,0.086,3.75,,,Ⅲ
2024-12-06T04:00:00+08:00,1733428800,14.0,8.0,8.2,452.3,93.0,3.7,0.23,0.075,3.85,,,Ⅱ
2024-12-06T08:00:00+08:00,1733443200,13.8,8.0,8.1,453.2,114.5,3.6,0.21,0.075,3.97,,,Ⅱ
2024-12-06T16:00:00+08:00,1733472000,14.3,8.0,8.0,453.8,117.1,4.4,0.24,0.094,3.76,,,Ⅲ
2024-12-07T16:00:00+08:00,1733558400,14.0,8.0,8.3,452.1,155.0,4.1,0.24,0.093,3.76,,,Ⅲ
2024-12-09T12:00:00+08:00,1733716800,12.2,8.0,8.8,449.3,120.8,4.4,0.25,0.105,3.71,,,Ⅲ
2024-12-09T20:00:00+08:00,1733745600,12.6,8.0,9.0,448.5,141.7,5.0,0.34,0.11,3.47,,,Ⅲ
2024-12-11T04:00:00+08:00,1733860800,12.4,8.0,8.8,446.9,96.9,4.0,0.37,0.073,3.58,,,Ⅱ
2024-12-14T04:00:00+08:00,1734120000,11.1,8.0,8.7,454.6,121.9,3.7,0.37,0.093,4.12,,,Ⅱ
2024-12-14T16:00:00+08:00,1734163200,11.3,8.0,9.1,455.7,152.1,11.0,0.66,0.328,2.03,,,Ⅴ
2024-12-16T04:00:00+08:00,1734292800,9.8,8.0,9.6,457.6,82.4,4.2,0.32,0.101,3.74,,,Ⅲ
2024-12-18T20:00:00+08:00,1734523200,10.2,8.0,9.8,460.7,146.6,4.1,0.24,0.092,3.72,,,Ⅲ
2024-12-19T04:00:00+08:00,1734552000,9.6,8.0,9.7,462.5,85.3,3.6,0.24,0.072,3.84,,,Ⅱ
2024-12-20T20:00:00+08:00,1734696000,9.8,8.0,10.5,464.9,165.7,4.8,0.35,0.105,3.65,,,Ⅲ
2024-12-21T04:00:00+08:00,1734724800,9.4,8.0,10.5,466.4,57.6,4.2,0.3,0.094,3.7,,,Ⅲ
2024-12-23T20:00:00+08:00,1734955200,9.4,8.0,11.3,469.5,108.0,4.0,0.25,0.088,3.15,,,Ⅱ
2024-12-24T04:00:00+08:00,1734984000,9.2,8.0,11.3,471.4,63.8,3.8,0.3,0.072,3.14,,,Ⅱ
2024-12-24T08:00:00+08:00,1734998400,9.2,8.0,11.4,471.3,86.3,3.5,0.3,0.068,3.18,,,Ⅱ
2024-12-24T12:00:00+08:00,1735012800,9.8,8.0,11.4,471.0,133.8,3.9,0.27,0.086,3.16,,,Ⅱ
2024-12-24T16:00:00+08:00,1735027200,10.4,8.0,11.3,470.7,118.4,4.9,0.31,0.118,2.98,,,Ⅲ
2024-12-24T20:00:00+08:00,1735041600,10.3,8.0,11.4,471.6,86.3,3.9,0.3,0.089,3.19,,,Ⅱ
2024-12-25T08:00:00+08:00,1735084800,10.0,8.0,11.3,473.7,86.7,3.5,0.31,0.073,3.18,,,Ⅱ
2024-12-25T12:00:00+08:00,1735099200,10.3,8.0,11.3,473.2,111.5,4.1,0.29,0.093,3.18,,,Ⅲ
2024-12-25T20:00:00+08:00,1735128000,10.8,8.0,11.2,474.2,115.8,4.2,0.33,0.092,3.22,,,Ⅲ
2024-12-26T04:00:00+08:00,1735156800,10.7,8.0,11.1,474.4,72.4,3.5,0.33,0.073,3.28,,,Ⅱ
2024-12-28T04:00:00+08:00,1735329600,10.0,8.0,10.9,486.4,62.7,4.1,0.33,0.075,3.34,,,Ⅲ
2024-12-28T20:00:00+08:00,1735387200,9.7,8.0,10.9,488.1,120.3,4.3,0.38,0.089,3.33,,,Ⅲ
2025-01-02T20:00:00+08:00,1735819200,10.3,8.0,10.4,496.9,160.8,4.9,0.41,0.101,3.2,,,Ⅲ
2025-01-03T08:00:00+08:00,1735862400,9.5,8.0,10.3,498.5,129.1,3.8,0.36,0.07,3.28,,,Ⅱ
2025-01-03T12:00:00+08:00,1735876800,10.1,8.0,10.5,498.6,110.1,4.6,0.33,0.086,3.18,,,Ⅲ
2025-01-07T16:00:00+08:00,1736236800,10.4,8.0,10.5,500.5,93.5,4.5,0.26,0.085,3.26,,,Ⅲ
2025-01-07T20:00:00+08:00,1736251200,10.0,8.0,10.4,499.9,84.1,4.4,0.31,0.08,3.26,,,Ⅲ
2025-01-08T08:00:00+08:00,1736294400,9.1,8.0,10.5,501.8,62.2,4.3,0.27,0.077,3.18,,,Ⅲ
2025-01-08T12:00:00+08:00,1736308800,9.8,8.0,10.5,501.8,84.1,4.6,0.26,0.089,3.15,,,Ⅲ
2025-01-08T16:00:00+08:00,1736323200,10.3,8.0,10.6,501.6,181.2,5.1,0.28,0.101,3.17,,,Ⅲ
2025-01-09T08:00:00+08:00,1736380800,9.0,8.0,10.4,503.6,79.8,4.5,0.26,0.087,3.16,,,Ⅲ
2025-01-09T12:00:00+08:00,1736395200,9.5,8.0,10.6,503.4,102.6,4.8,0.26,0.092,3.12,,,Ⅲ
2025-01-09T16:00:00+08:00,1736409600,9.8,8.0,10.6,503.8,129.6,5.4,0.34,0.104,3.1,,,Ⅲ
2025-01-09T20:00:00+08:00,1736424000,9.3,8.0,10.7,505.2,72.1,4.4,0.28,0.076,3.22,,,Ⅲ
2025-01-10T04:00:00+08:00,1736452800,8.5,8.0,10.5,506.0,51.8,4.0,0.32,0.067,3.23,,,Ⅱ
2025-01-10T08:00:00+08:00,1736467200,8.2,8.0,10.5,504.5,75.8,4.1,0.28,0.07,3.14,,,Ⅲ
2025-01-10T12:00:00+08:00,1736481600,8.6,8.0,10.9,504.4,54.6,4.5,0.26,0.084,3.13,,,Ⅲ
2025-01-10T20:00:00+08:00,1736510400,8.6,8.0,10.8,506.5,82.7,,0.31,0.082,3.19,,,
2025-01-11T00:00:00+08:00,1736524800,8.4,8.0,10.8,505.7,55.3,,0.32,0.071,3.22,,,
2025-01-11T04:00:00+08:00,1736539200,8.0,8.0,10.7,507.4,49.5,,0.33,0.065,3.22,,,
2025-01-11T12:00:00+08:00,1736568000,7.9,8.0,11.2,512.1,83.0,,0.25,0.091,3.06,,,
2025-01-11T16:00:00+08:00,1736582400,8.6,8.0,11.7,510.7,135.3,5.1,0.3,0.103,2.97,,,Ⅲ
2025-01-12T12:00:00+08:00,1736654400,8.0,8.0,11.8,514.5,144.4,4.0,0.23,0.088,3.05,,,Ⅱ
2025-01-12T16:00:00+08:00,1736668800,8.6,8.0,11.7,514.4,147.1,5.6,0.34,0.126,2.94,,,Ⅲ
2025-01-13T04:00:00+08:00,1736712000,7.7,8.0,11.8,516.1,63.0,3.6,0.27,0.066,3.16,,,Ⅱ
2025-01-13T16:00:00+08:00,1736755200,9.0,8.0,11.6,515.2,532.4,7.1,0.43,0.183,2.73,,,Ⅳ
2025-01-13T20:00:00+08:00,1736769600,8.8,8.0,11.5,517.4,95.1,4.1,0.31,0.081,3.16,,,Ⅲ
2025-01-14T00:00:00+08:00,1736784000,8.9,8.0,11.1,515.5,68.6,3.7,0.29,0.073,3.05,,,Ⅱ
2025-01-14T04:00:00+08:00,1736798400,8.7,8.0,11.4,516.7,75.0,3.5,0.26,0.066,3.06,,,Ⅱ
2025-01-14T08:00:00+08:00,1736812800,8.7,8.0,11.0,516.7,155.6,4.5,0.27,0.095,2.93,,,Ⅲ
2025-01-15T20:00:00+08:00,1736942400,9.6,8.0,11.3,517.8,76.8,4.5,0.28,0.089,3.09,,,Ⅲ
2025-01-19T00:00:00+08:00,1737216000,8.8,8.0,11.9,519.9,42.2,3.8,0.28,0.066,3.27,,,Ⅱ
2025-01-19T04:00:00+08:00,1737230400,8.6,8.0,11.7,521.5,37.8,3.5,0.29,0.066,3.26,,,Ⅱ
2025-01-20T04:00:00+08:00,1737316800,9.0,8.0,11.7,522.2,40.6,3.6,0.29,0.065,3.34,,,Ⅱ
2025-01-20T12:00:00+08:00,1737345600,9.4,8.0,11.9,521.4,55.0,3.7,0.26,0.069,3.22,,,Ⅱ
2025-01-21T12:00:00+08:00,1737432000,9.4,8.0,11.8,521.5,38.7,3.8,0.29,0.071,2.76,,,Ⅱ
2025-01-21T20:00:00+08:00,1737460800,9.9,8.0,11.7,519.9,37.2,3.8,0.26,0.068,2.81,,,Ⅱ
2025-01-22T04:00:00+08:00,1737489600,9.6,8.0,11.3,520.7,41.8,3.7,0.27,0.069,2.77,,,Ⅱ
2025-01-22T08:00:00+08:00,1737504000,9.4,8.0,11.5,521.2,43.3,3.8,0.27,0.073,2.76,,,Ⅱ
2025-01-22T16:00:00+08:00,1737532800,10.6,8.0,11.3,528.1,46.9,4.0,0.26,0.073,2.75,,,Ⅱ
2025-01-22T20:00:00+08:00,1737547200,10.4,8.0,11.5,527.4,45.1,3.8,0.23,0.07,2.74,,,Ⅱ
2025-01-23T16:00:00+08:00,1737619200,11.0,8.0,11.5,526.9,46.1,3.9,0.21,0.07,2.7,,,Ⅱ
2025-01-24T00:00:00+08:00,1737648000,10.8,8.0,11.0,527.6,45.2,4.2,0.24,0.088,2.65,,,Ⅲ
2025-02-12T16:00:00+08:00,1739347200,9.5,8.0,11.5,484.0,57.5,4.2,0.21,0.079,2.46,,,Ⅲ
2025-02-12T20:00:00+08:00,1739361600,9.4,8.0,11.6,491.6,70.7,4.4,0.22,0.084,2.42,,,Ⅲ
2025-02-13T00:00:00+08:00,1739376000,9.2,8.0,11.7,485.0,71.1,4.3,0.21,0.082,2.35,,,Ⅲ
2025-02-13T04:00:00+08:00,1739390400,8.9,8.0,11.5,485.4,78.6,7.9,0.47,0.217,1.77,,,Ⅳ
2025-02-13T08:00:00+08:00,1739404800,8.8,8.0,11.5,489.4,69.4,4.3,0.22,0.085,2.35,,,Ⅲ
2025-02-13T16:00:00+08:00,1739433600,10.4,8.0,11.6,484.5,120.1,5.0,0.26,0.101,2.33,,,Ⅲ
2025-02-13T20:00:00+08:00,1739448000,10.0,8.0,11.6,490.7,77.7,4.6,0.22,0.09,2.35,,,Ⅲ
