ts,epoch,temperature,ph,do,conductivity,turbidity,codmn,ammonia_n,tp,tn,chla,algae_density,quality_class
2021-06-17T12:00:00+08:00,1623902400,26.5,7.58,6.39,245.7,36.5,2.11,0.037,0.069,1.44,,,Ⅱ
2021-06-17T16:00:00+08:00,1623916800,26.7,7.54,6.29,244.6,33.7,1.9,0.042,0.073,1.35,,,Ⅱ
2021-06-18T00:00:00+08:00,1623945600,26.7,7.6,6.21,249.9,89.9,1.88,0.039,0.068,1.46,,,Ⅱ
2021-06-18T04:00:00+08:00,1623960000,26.7,7.56,6.2,247.2,27.3,2.19,0.056,0.077,1.1,,,Ⅱ
2021-06-18T08:00:00+08:00,1623974400,26.7,7.54,6.22,246.4,27.8,2.02,0.041,0.073,1.41,,,Ⅱ
2021-06-18T12:00:00+08:00,1623988800,26.7,7.52,6.08,249.5,30.5,2.02,0.041,0.073,1.41,,,Ⅱ
2021-06-18T16:00:00+08:00,1624003200,26.7,7.51,6.1,247.4,28.2,2.0,0.071,0.073,1.55,,,Ⅱ
2021-06-18T20:00:00+08:00,1624017600,26.6,7.56,6.24,248.0,45.6,1.93,0.07,0.074,1.32,,,Ⅱ
2021-06-19T00:00:00+08:00,1624032000,26.5,7.53,6.15,249.3,30.5,1.93,0.07,0.074,1.32,,,Ⅱ
2021-06-19T04:00:00+08:00,1624046400,26.4,7.54,6.25,248.3,26.3,1.93,0.069,0.072,1.47,,,Ⅱ
2021-06-19T08:00:00+08:00,1624060800,26.5,7.55,6.33,248.3,28.4,2.0,0.042,0.068,1.41,,,Ⅱ
2021-06-19T12:00:00+08:00,1624075200,26.6,7.54,6.21,251.3,29.6,1.91,0.053,0.07,1.46,,,Ⅱ
2021-06-19T16:00:00+08:00,1624089600,27.0,7.51,6.21,249.3,32.8,1.92,0.041,0.071,1.47,,,Ⅱ
2021-06-19T20:00:00+08:00,1624104000,27.0,7.62,6.21,248.7,51.2,1.92,0.041,0.071,1.47,,,Ⅱ
2021-06-20T00:00:00+08:00,1624118400,27.0,7.58,6.1,252.1,43.5,2.28,0.045,0.076,1.6,,,Ⅱ
2021-06-20T08:00:00+08:00,1624147200,26.9,7.54,6.39,247.8,29.9,1.81,0.04,0.069,1.42,,,Ⅱ
2021-06-20T12:00:00+08:00,1624161600,27.2,7.55,6.24,249.9,27.8,2.06,0.037,0.07,1.39,,,Ⅱ
2021-06-20T16:00:00+08:00,1624176000,27.6,7.52,6.27,250.6,33.3,2.01,0.042,0.072,1.28,,,Ⅱ
2021-07-02T12:00:00+08:00,1625198400,28.2,7.49,6.74,273.0,72.9,2.59,0.05,0.079,1.48,,,Ⅱ
2021-07-02T16:00:00+08:00,1625212800,28.2,7.48,6.9,275.1,47.7,2.54,0.053,0.09,1.0,,,Ⅱ
2021-07-02T20:00:00+08:00,1625227200,28.1,7.5,6.89,273.5,153.7,3.14,0.08,0.126,0.63,,,Ⅲ
2021-07-03T00:00:00+08:00,1625241600,28.2,7.54,7.02,276.7,158.7,3.14,0.08,0.126,0.63,,,Ⅲ
2021-07-03T04:00:00+08:00,1625256000,28.2,7.54,6.89,277.2,94.7,3.14,0.08,0.126,0.63,,,Ⅲ
2021-07-03T08:00:00+08:00,1625270400,28.1,7.55,7.07,276.0,97.6,2.61,0.088,0.097,1.0,,,Ⅱ
2021-07-03T12:00:00+08:00,1625284800,28.5,7.53,6.75,276.6,63.1,2.61,0.088,0.097,1.0,,,Ⅱ
2021-07-03T16:00:00+08:00,1625299200,28.4,7.49,6.8,282.8,71.6,2.48,0.111,0.095,1.5,,,Ⅱ
2021-07-03T20:00:00+08:00,1625313600,28.2,7.45,6.59,284.7,41.4,2.25,0.093,0.081,1.63,,,Ⅱ
2021-07-04T00:00:00+08:00,1625328000,28.2,7.51,6.46,293.6,140.3,2.25,0.093,0.081,1.63,,,Ⅱ
2021-07-04T04:00:00+08:00,1625342400,28.1,7.52,6.39,290.9,159.0,2.25,0.093,0.081,1.63,,,Ⅱ
2021-07-04T08:00:00+08:00,1625356800,27.9,7.52,6.69,285.9,77.2,2.34,0.127,0.091,1.31,,,Ⅱ
2021-07-04T12:00:00+08:00,1625371200,27.9,7.48,6.73,287.0,61.3,2.34,0.127,0.091,1.31,,,Ⅱ
2021-07-04T16:00:00+08:00,1625385600,28.0,7.5,6.64,289.6,64.5,2.34,0.123,0.088,1.31,,,Ⅱ
2021-07-04T20:00:00+08:00,1625400000,27.9,7.49,6.43,294.3,46.5,2.07,0.151,0.087,1.44,,,Ⅱ
2021-07-05T00:00:00+08:00,1625414400,27.7,7.3,5.92,312.5,69.7,2.07,0.151,0.087,1.44,,,Ⅲ
2021-07-05T04:00:00+08:00,1625428800,27.6,7.46,6.23,298.9,154.8,2.07,0.151,0.087,1.44,,,Ⅱ
2021-07-05T08:00:00+08:00,1625443200,27.6,7.45,6.1,302.5,56.4,2.29,0.184,0.09,1.07,,,Ⅱ
2021-07-05T12:00:00+08:00,1625457600,27.6,7.47,6.07,310.4,41.4,2.64,0.27,0.098,1.73,,,Ⅱ
2021-07-05T16:00:00+08:00,1625472000,27.7,7.43,6.07,317.4,50.2,2.64,0.27,0.098,1.73,,,Ⅱ
2021-07-05T20:00:00+08:00,1625486400,27.7,7.42,5.96,316.7,57.4,2.84,0.395,0.114,1.82,,,Ⅲ
2021-07-06T00:00:00+08:00,1625500800,27.7,7.5,5.87,318.0,134.0,2.81,0.358,0.114,1.8,,,Ⅲ
2021-07-06T04:00:00+08:00,1625515200,27.6,7.51,5.95,317.8,83.9,2.81,0.358,0.114,1.8,,,Ⅲ
2021-07-06T08:00:00+08:00,1625529600,27.7,7.47,6.01,315.0,102.0,2.52,0.258,0.098,1.72,,,Ⅱ
2021-07-06T12:00:00+08:00,1625544000,28.0,7.45,5.88,313.1,47.4,2.51,0.209,0.1,1.81,,,Ⅲ
2021-07-06T16:00:00+08:00,1625558400,28.1,7.42,5.92,320.2,67.2,2.37,0.19,0.105,1.73,,,Ⅲ
2021-07-07T08:00:00+08:00,1625616000,28.1,7.48,6.32,325.5,114.3,2.45,0.123,0.089,1.55,,,Ⅱ
2021-07-07T12:00:00+08:00,1625630400,28.4,7.39,6.37,327.0,42.8,2.5,0.122,0.106,1.57,,,Ⅲ
2021-07-26T12:00:00+08:00,1627272000,28.2,7.51,6.82,320.1,51.7,1.91,0.134,0.096,1.33,,,Ⅱ
2021-07-26T16:00:00+08:00,1627286400,28.2,7.64,6.74,323.5,48.7,2.02,0.175,0.1,1.54,,,Ⅱ
2021-07-26T20:00:00+08:00,1627300800,28.0,7.6,5.99,322.0,43.9,2.02,0.175,0.1,1.54,,,Ⅲ
2021-07-27T00:00:00+08:00,1627315200,28.0,7.62,6.24,332.1,39.6,2.37,0.202,0.109,1.75,,,Ⅲ
2021-07-27T04:00:00+08:00,1627329600,27.9,7.56,5.7,369.3,36.0,3.24,0.249,0.104,1.66,,,Ⅲ
2021-07-27T08:00:00+08:00,1627344000,27.8,7.48,5.18,422.8,41.2,3.24,0.249,0.104,1.66,,,Ⅲ
2021-07-27T12:00:00+08:00,1627358400,27.9,7.48,5.26,406.3,39.1,3.88,0.635,0.141,2.02,,,Ⅲ
2021-07-27T16:00:00+08:00,1627372800,27.8,7.48,5.48,425.8,28.5,3.68,0.463,0.126,1.95,,,Ⅲ
2021-07-27T20:00:00+08:00,1627387200,27.8,7.38,3.75,440.7,30.8,4.35,0.924,0.154,2.55,,,Ⅳ
2021-07-28T00:00:00+08:00,1627401600,27.6,7.3,4.14,499.0,29.3,4.35,0.924,0.154,2.55,,,Ⅳ
2021-07-28T04:00:00+08:00,1627416000,27.3,7.41,4.89,456.3,42.0,5.12,1.176,0.162,3.15,,,Ⅳ
2021-07-28T08:00:00+08:00,1627430400,27.0,7.47,5.6,398.4,78.0,5.11,0.987,0.181,3.0,,,Ⅳ
2021-07-28T12:00:00+08:00,1627444800,26.4,7.42,5.99,362.0,178.0,5.11,0.987,0.181,3.0,,,Ⅲ
2021-07-28T16:00:00+08:00,1627459200,27.0,7.45,6.1,429.8,128.7,6.53,1.057,0.346,2.8,,,Ⅴ
2021-07-28T20:00:00+08:00,1627473600,27.1,7.45,5.68,401.8,97.8,6.36,1.038,0.29,2.98,,,Ⅳ
2021-07-29T00:00:00+08:00,1627488000,27.0,7.44,5.31,447.5,109.2,6.36,1.038,0.29,2.98,,,Ⅳ
2021-07-29T04:00:00+08:00,1627502400,26.9,7.49,5.64,330.8,206.2,6.38,0.978,0.342,2.65,,,Ⅴ
2021-07-29T08:00:00+08:00,1627516800,27.0,7.46,5.32,346.1,252.5,5.96,0.796,0.324,0.86,,,Ⅴ
2021-07-29T12:00:00+08:00,1627531200,27.3,7.44,5.4,336.2,232.6,5.96,0.796,0.324,0.86,,,Ⅴ
2021-07-29T16:00:00+08:00,1627545600,27.4,7.43,5.22,290.7,243.3,5.96,0.73,0.311,1.1,,,Ⅴ
2021-07-29T20:00:00+08:00,1627560000,27.5,7.41,4.97,390.5,185.7,6.36,0.739,0.344,1.4,,,Ⅴ
2021-07-30T00:00:00+08:00,1627574400,27.4,7.38,5.06,353.8,171.5,6.36,0.739,0.344,1.4,,,Ⅴ
2021-07-30T04:00:00+08:00,1627588800,27.2,7.43,5.0,316.8,148.0,6.36,0.739,0.344,1.4,,,Ⅴ
2021-07-30T08:00:00+08:00,1627603200,27.6,7.41,5.44,319.1,141.4,6.34,0.698,0.318,0.05,,,Ⅴ
2021-07-30T12:00:00+08:00,1627617600,27.9,7.37,5.57,343.5,117.2,6.34,0.698,0.318,0.05,,,Ⅴ
2021-07-30T16:00:00+08:00,1627632000,28.2,7.37,5.67,334.0,163.4,4.72,0.612,0.208,1.88,,,Ⅳ
2021-08-06T08:00:00+08:00,1628208000,30.5,7.46,3.9,364.8,65.3,5.1,0.655,0.179,2.43,,,Ⅳ
2021-09-23T12:00:00+08:00,1632369600,27.3,7.59,7.01,306.3,85.4,2.22,0.071,0.119,1.34,,,Ⅲ
2021-09-23T16:00:00+08:00,1632384000,27.5,7.54,6.96,305.5,76.5,2.2,0.076,0.114,1.56,,,Ⅲ
2021-09-23T20:00:00+08:00,1632398400,27.6,7.63,7.02,313.1,105.0,2.42,0.1,0.116,1.31,,,Ⅲ
2021-09-24T00:00:00+08:00,1632412800,27.5,7.59,7.0,308.4,119.7,2.42,0.1,0.116,1.31,,,Ⅲ
2021-09-24T04:00:00+08:00,1632427200,27.1,7.58,6.96,307.5,70.4,2.09,0.068,0.098,1.42,,,Ⅱ
2021-10-28T12:00:00+08:00,1635393600,19.1,6.87,8.01,324.4,74.0,2.46,0.057,0.092,1.66,,,Ⅱ
2021-10-28T16:00:00+08:00,1635408000,19.3,7.13,8.06,321.5,83.4,2.7,0.076,0.096,1.64,,,Ⅱ
2021-10-28T20:00:00+08:00,1635422400,19.3,7.08,8.02,323.9,110.6,2.85,0.066,0.097,1.67,,,Ⅱ
2021-10-29T00:00:00+08:00,1635436800,19.0,7.08,7.94,322.1,122.4,2.95,0.079,0.11,1.89,,,Ⅲ
2021-10-29T04:00:00+08:00,1635451200,18.9,7.17,7.91,319.6,74.1,2.88,0.084,0.112,1.91,,,Ⅲ
2021-10-29T08:00:00+08:00,1635465600,18.7,7.13,7.95,318.6,69.6,2.63,0.053,0.095,1.76,,,Ⅱ
2021-10-29T12:00:00+08:00,1635480000,19.0,6.87,7.91,320.3,66.8,2.44,0.052,0.092,1.71,,,Ⅱ
2021-11-05T08:00:00+08:00,1636070400,19.3,7.46,7.74,320.7,80.3,3.29,0.062,0.098,1.88,,,Ⅱ
2021-11-05T12:00:00+08:00,1636084800,19.4,7.43,7.82,320.5,67.8,2.52,0.072,0.096,1.8,,,Ⅱ
2021-11-05T16:00:00+08:00,1636099200,19.4,7.44,7.93,322.8,85.8,2.53,0.085,0.088,1.84,,,Ⅱ
2021-11-05T20:00:00+08:00,1636113600,19.4,7.38,7.89,317.4,91.0,2.69,0.088,0.092,1.84,,,Ⅱ
2021-11-06T00:00:00+08:00,1636128000,19.8,7.4,7.79,318.4,67.7,2.8,0.074,0.101,1.9,,,Ⅲ
2021-11-06T04:00:00+08:00,1636142400,19.7,7.45,7.78,318.8,108.2,2.6,0.087,0.085,1.84,,,Ⅱ
2021-11-06T08:00:00+08:00,1636156800,19.4,7.35,7.75,320.0,85.3,2.67,0.058,0.083,1.67,,,Ⅱ
2021-11-06T12:00:00+08:00,1636171200,19.6,7.34,7.79,320.1,54.7,2.49,0.065,0.092,1.77,,,Ⅱ
2021-11-06T16:00:00+08:00,1636185600,19.6,7.34,7.87,319.1,54.9,2.4,0.074,0.084,1.72,,,Ⅱ
2021-11-06T20:00:00+08:00,1636200000,19.5,7.31,7.79,322.0,186.2,2.4,0.048,0.079,1.61,,,Ⅱ
2021-11-07T00:00:00+08:00,1636214400,19.8,7.25,7.72,321.0,70.1,3.16,0.082,0.095,1.74,,,Ⅱ
2021-11-07T04:00:00+08:00,1636228800,19.7,7.33,7.75,320.7,146.5,2.47,0.087,0.084,1.68,,,Ⅱ
2021-11-07T12:00:00+08:00,1636257600,19.6,7.25,7.75,322.0,135.5,2.37,0.063,0.092,1.79,,,Ⅱ
2021-11-07T16:00:00+08:00,1636272000,19.2,7.22,7.91,321.2,62.7,3.01,0.087,0.116,1.96,,,Ⅲ
2021-11-07T20:00:00+08:00,1636286400,18.9,7.19,7.72,324.3,156.1,2.49,0.051,0.085,1.74,,,Ⅱ
2021-11-08T00:00:00+08:00,1636300800,18.6,7.23,7.9,323.4,85.9,2.68,0.095,0.101,1.94,,,Ⅲ
2021-11-08T04:00:00+08:00,1636315200,18.1,7.25,8.1,323.6,71.9,2.51,0.08,0.101,1.8,,,Ⅲ
2021-11-08T08:00:00+08:00,1636329600,17.9,7.25,8.05,324.4,106.5,2.42,0.078,0.087,1.67,,,Ⅱ
2021-11-08T12:00:00+08:00,1636344000,18.1,7.14,8.23,324.6,49.3,2.36,0.085,0.113,1.65,,,Ⅲ
2021-11-08T16:00:00+08:00,1636358400,17.8,7.11,8.27,326.4,136.9,2.33,0.055,0.086,1.65,,,Ⅱ
2021-11-08T20:00:00+08:00,1636372800,17.6,7.15,8.21,327.9,148.1,,,,,,,
2021-11-09T00:00:00+08:00,1636387200,18.3,7.12,7.98,325.8,127.1,2.89,0.15,0.115,1.89,,,Ⅲ
2021-11-09T04:00:00+08:00,1636401600,18.1,7.18,8.1,325.7,141.1,2.71,0.093,0.106,2.08,,,Ⅲ
2021-11-09T08:00:00+08:00,1636416000,17.9,7.19,8.07,327.5,285.3,2.54,0.074,0.104,1.78,,,Ⅲ
2021-11-09T12:00:00+08:00,1636430400,18.0,7.23,7.99,330.7,86.4,2.46,0.139,0.123,1.99,,,Ⅲ
2021-11-09T16:00:00+08:00,1636444800,18.2,7.15,8.07,328.6,92.4,2.56,0.111,0.107,2.04,,,Ⅲ
2021-11-10T00:00:00+08:00,1636473600,17.8,7.17,7.98,330.5,159.4,2.73,0.102,0.108,1.89,,,Ⅲ
2021-11-10T04:00:00+08:00,1636488000,17.8,7.16,8.0,329.6,123.0,2.84,0.123,0.117,2.27,,,Ⅲ
2021-11-10T08:00:00+08:00,1636502400,17.6,7.25,8.07,330.2,118.8,2.78,0.082,0.102,1.84,,,Ⅲ
2021-11-10T12:00:00+08:00,1636516800,17.8,7.22,8.12,331.4,100.5,2.45,0.078,0.101,1.82,,,Ⅲ
2021-11-10T16:00:00+08:00,1636531200,17.8,7.2,8.18,332.2,77.6,2.77,0.094,0.11,1.9,,,Ⅲ
2021-11-10T20:00:00+08:00,1636545600,17.6,7.16,8.17,332.5,73.2,2.59,0.098,0.1,1.82,,,Ⅲ
2021-11-11T00:00:00+08:00,1636560000,17.2,7.0,7.64,338.2,166.9,2.57,0.094,0.099,1.86,,,Ⅱ
2021-11-11T04:00:00+08:00,1636574400,17.3,7.14,7.85,333.7,134.6,2.57,0.094,0.099,1.86,,,Ⅱ
2021-11-11T12:00:00+08:00,1636603200,17.4,7.14,8.2,334.8,110.1,2.62,0.122,0.109,2.22,,,Ⅲ
2021-11-11T16:00:00+08:00,1636617600,17.5,7.04,8.21,335.5,99.9,2.62,0.112,0.11,2.27,,,Ⅲ
2021-11-11T20:00:00+08:00,1636632000,17.2,7.14,8.21,336.6,86.7,2.59,0.109,0.11,2.18,,,Ⅲ
2021-11-12T00:00:00+08:00,1636646400,17.6,7.22,8.2,337.4,151.2,2.64,0.121,0.107,2.12,,,Ⅲ
2021-11-12T04:00:00+08:00,1636660800,17.0,7.04,8.04,335.0,107.2,2.92,0.081,0.113,2.25,,,Ⅲ
2021-11-26T12:00:00+08:00,1637899200,15.9,7.6,8.63,331.5,165.1,2.74,0.072,0.111,2.04,,,Ⅲ
2021-11-26T16:00:00+08:00,1637913600,16.0,7.6,8.68,331.7,118.8,2.81,0.08,0.112,2.07,,,Ⅲ
2021-11-26T20:00:00+08:00,1637928000,15.7,7.61,8.74,331.8,98.5,2.68,0.078,0.11,2.25,,,Ⅲ
2021-11-27T00:00:00+08:00,1637942400,15.6,7.66,8.57,335.3,65.8,2.68,0.078,0.11,2.25,,,Ⅲ
2021-11-27T04:00:00+08:00,1637956800,15.7,7.61,8.52,334.8,52.7,2.42,0.059,0.089,1.97,,,Ⅱ
2021-11-27T08:00:00+08:00,1637971200,15.6,7.62,8.64,334.7,51.3,2.16,0.056,0.087,1.93,,,Ⅱ
2021-11-27T12:00:00+08:00,1637985600,15.9,7.65,8.9,334.7,78.1,2.56,0.066,0.102,2.07,,,Ⅲ
2021-11-27T16:00:00+08:00,1638000000,15.9,7.64,8.93,334.8,55.5,2.36,0.066,0.091,2.0,,,Ⅱ
2021-11-27T20:00:00+08:00,1638014400,15.7,7.65,8.9,335.4,60.4,2.37,0.071,0.093,1.96,,,Ⅱ
2021-11-28T00:00:00+08:00,1638028800,16.0,7.63,8.72,336.6,64.0,2.37,0.071,0.093,1.96,,,Ⅱ
2021-11-28T04:00:00+08:00,1638043200,15.6,7.65,8.58,338.8,39.7,2.36,0.098,0.085,1.99,,,Ⅱ
2021-11-28T08:00:00+08:00,1638057600,15.5,7.66,8.64,337.9,50.1,2.25,0.072,0.09,1.9,,,Ⅱ
2021-11-28T12:00:00+08:00,1638072000,15.8,7.69,8.99,338.8,63.1,2.42,0.096,0.094,1.96,,,Ⅱ
2021-11-28T16:00:00+08:00,1638086400,15.7,7.68,8.89,339.0,57.1,2.47,0.103,0.093,2.04,,,Ⅱ
2021-11-28T20:00:00+08:00,1638100800,15.6,7.67,8.84,339.5,56.1,2.44,0.103,0.092,2.14,,,Ⅱ
2021-11-29T00:00:00+08:00,1638115200,15.6,7.67,8.8,339.1,68.8,2.44,0.103,0.092,2.14,,,Ⅱ
2021-11-29T04:00:00+08:00,1638129600,15.8,7.68,8.76,344.8,69.1,2.54,0.072,0.098,2.31,,,Ⅱ
2021-11-29T08:00:00+08:00,1638144000,15.6,7.69,8.73,345.8,70.1,2.43,0.081,0.099,2.06,,,Ⅱ
2021-11-29T12:00:00+08:00,1638158400,16.0,7.7,8.92,345.6,71.1,2.55,0.081,0.114,2.1,,,Ⅲ
2021-11-30T08:00:00+08:00,1638230400,15.4,7.68,8.79,348.7,86.3,2.61,0.097,0.105,2.08,,,Ⅲ
2021-11-30T12:00:00+08:00,1638244800,15.4,7.7,8.97,348.0,120.5,3.04,0.118,0.117,2.18,,,Ⅲ
2021-11-30T16:00:00+08:00,1638259200,15.2,7.72,9.1,348.4,106.0,2.98,0.11,0.113,2.18,,,Ⅲ
2021-11-30T20:00:00+08:00,1638273600,14.9,7.72,9.1,350.3,106.9,3.02,0.132,0.113,2.16,,,Ⅲ
2021-12-01T04:00:00+08:00,1638302400,14.4,7.69,8.86,357.0,111.8,3.07,0.224,0.116,2.31,,,Ⅲ
2021-12-01T12:00:00+08:00,1638331200,14.2,7.8,9.23,354.9,410.4,3.92,0.203,0.131,2.84,,,Ⅲ
2021-12-01T16:00:00+08:00,1638345600,14.7,7.69,9.0,350.8,130.0,3.06,0.102,0.121,2.24,,,Ⅲ
2021-12-01T20:00:00+08:00,1638360000,14.7,7.77,8.94,355.8,176.2,3.49,0.247,0.141,2.44,,,Ⅲ
2021-12-02T00:00:00+08:00,1638374400,15.5,7.69,8.78,351.8,188.9,3.49,0.247,0.141,2.44,,,Ⅲ
2021-12-02T04:00:00+08:00,1638388800,15.4,7.66,8.88,349.7,65.8,2.81,0.092,0.098,2.04,,,Ⅱ
2021-12-02T13:46:00+08:00,1638423960,,,,,,,,,,,,
2021-12-03T12:00:00+08:00,1638504000,15.2,7.71,9.27,354.0,43.3,2.4,0.082,0.088,1.96,,,Ⅱ
2021-12-07T16:00:00+08:00,1638864000,15.5,7.66,9.04,353.9,46.3,2.25,0.053,0.094,1.92,,,Ⅱ
2021-12-07T20:00:00+08:00,1638878400,15.4,7.7,9.23,352.9,136.1,2.31,0.054,0.092,1.94,,,Ⅱ
2021-12-08T08:00:00+08:00,1638921600,15.3,7.65,8.98,352.6,47.6,2.34,0.046,0.093,2.02,,,Ⅱ
2021-12-08T12:00:00+08:00,1638936000,15.5,7.78,9.24,359.0,46.8,2.1,0.041,0.092,1.97,,,Ⅱ
2021-12-08T16:00:00+08:00,1638950400,15.5,7.67,9.08,358.0,89.5,2.68,0.105,0.116,1.96,,,Ⅲ
2021-12-08T20:00:00+08:00,1638964800,15.4,7.7,8.97,355.6,223.3,2.96,0.096,0.132,2.2,,,Ⅲ
2021-12-09T00:00:00+08:00,1638979200,15.1,7.68,8.95,353.3,119.9,2.96,0.096,0.132,2.2,,,Ⅲ
2021-12-09T04:00:00+08:00,1638993600,15.2,7.67,8.9,352.7,165.2,2.69,0.055,0.117,2.06,,,Ⅲ
2021-12-09T08:00:00+08:00,1639008000,15.2,7.66,8.88,353.5,51.1,2.21,0.056,0.095,1.86,,,Ⅱ
2021-12-09T16:00:00+08:00,1639036800,15.4,7.69,9.14,357.1,50.7,2.45,0.065,0.098,1.88,,,Ⅱ
2021-12-10T12:00:00+08:00,1639108800,15.2,7.7,9.19,353.8,125.3,2.3,0.055,0.099,2.04,,,Ⅱ
2021-12-10T16:00:00+08:00,1639123200,15.2,7.71,9.18,355.6,52.3,3.59,0.096,0.157,2.33,,,Ⅲ
2021-12-14T08:00:00+08:00,1639440000,14.3,7.69,9.23,359.2,61.1,2.55,0.083,0.1,1.9,,,Ⅱ
2021-12-14T12:00:00+08:00,1639454400,14.6,7.71,9.44,360.0,45.7,2.37,0.108,0.103,2.01,,,Ⅲ
2021-12-14T16:00:00+08:00,1639468800,14.6,7.7,9.28,359.2,64.0,2.52,0.115,0.112,2.07,,,Ⅲ
2021-12-14T20:00:00+08:00,1639483200,14.5,7.76,9.38,357.8,306.7,3.31,0.093,0.128,2.35,,,Ⅲ
2021-12-15T00:00:00+08:00,1639497600,14.6,7.74,9.25,358.5,132.1,3.31,0.093,0.128,2.35,,,Ⅲ
2021-12-15T04:00:00+08:00,1639512000,14.4,7.72,9.28,357.4,61.0,2.64,0.077,0.102,1.84,,,Ⅲ
2021-12-21T12:00:00+08:00,1640059200,14.0,7.72,9.39,375.4,65.8,2.47,0.084,0.102,2.19,,,Ⅲ
2021-12-21T16:00:00+08:00,1640073600,14.0,7.72,9.32,377.2,63.8,2.66,0.153,0.108,2.16,,,Ⅲ
2021-12-22T08:00:00+08:00,1640131200,13.6,7.69,9.11,372.5,87.5,3.19,0.093,0.115,2.28,,,Ⅲ
2021-12-22T16:00:00+08:00,1640160000,14.1,7.71,9.32,372.2,49.6,2.51,0.081,0.106,2.02,,,Ⅲ
2021-12-22T20:00:00+08:00,1640174400,13.9,7.7,9.19,371.3,79.0,2.36,0.082,0.096,1.9,,,Ⅱ
2021-12-23T00:00:00+08:00,1640188800,13.8,7.69,9.03,370.7,74.9,2.6,0.09,0.107,1.96,,,Ⅲ
2021-12-23T04:00:00+08:00,1640203200,13.8,7.68,9.02,370.4,51.1,2.75,0.099,0.112,2.01,,,Ⅲ
2021-12-23T08:00:00+08:00,1640217600,13.6,7.68,8.93,372.1,36.7,2.4,0.072,0.095,2.05,,,Ⅱ
2021-12-23T12:00:00+08:00,1640232000,13.8,7.7,9.07,371.9,66.1,2.11,0.117,0.092,1.94,,,Ⅱ
2021-12-23T16:00:00+08:00,1640246400,14.1,7.7,9.24,374.2,46.1,2.47,0.086,0.104,1.9,,,Ⅲ
2021-12-23T20:00:00+08:00,1640260800,14.0,7.73,9.18,371.5,330.1,2.36,0.091,0.093,2.09,,,Ⅱ
2021-12-24T00:00:00+08:00,1640275200,13.9,7.7,9.15,370.1,132.1,3.54,0.114,0.113,2.38,,,Ⅲ
2021-12-24T04:00:00+08:00,1640289600,13.8,7.69,9.08,369.9,108.7,2.84,0.086,0.101,2.03,,,Ⅲ
2021-12-24T12:00:00+08:00,1640318400,13.6,7.7,9.13,371.5,49.3,2.27,0.061,0.09,1.9,,,Ⅱ
2021-12-27T16:00:00+08:00,1640592000,12.3,7.74,9.7,372.9,50.6,2.54,0.2,0.108,2.29,,,Ⅲ
2021-12-27T20:00:00+08:00,1640606400,12.2,7.75,9.78,369.9,245.5,2.59,0.4,0.121,2.34,,,Ⅲ
2021-12-28T00:00:00+08:00,1640620800,12.1,7.74,9.69,372.9,122.7,3.43,0.194,0.122,2.31,,,Ⅲ
2021-12-28T04:00:00+08:00,1640635200,11.9,7.74,9.64,369.5,113.4,3.43,0.194,0.122,2.31,,,Ⅲ
2021-12-28T08:00:00+08:00,1640649600,11.8,7.75,9.69,369.1,68.0,2.99,0.164,0.114,2.17,,,Ⅲ
2021-12-28T16:00:00+08:00,1640678400,11.9,7.75,9.84,368.5,67.2,2.48,0.16,0.11,2.17,,,Ⅲ
2021-12-30T12:00:00+08:00,1640836800,11.9,7.75,9.87,371.5,43.8,2.32,0.201,0.104,2.07,,,Ⅲ
2022-01-11T08:00:00+08:00,1641859200,11.0,7.74,9.83,378.0,46.0,2.38,0.163,0.107,2.24,,,Ⅲ
2022-01-11T12:00:00+08:00,1641873600,11.5,7.77,10.03,378.4,48.3,2.17,0.15,0.122,2.12,,,Ⅲ
2022-01-11T16:00:00+08:00,1641888000,11.6,7.78,10.12,376.9,45.0,2.29,0.156,0.11,2.31,,,Ⅲ
2022-01-12T08:00:00+08:00,1641945600,11.0,7.79,9.94,378.3,57.8,2.41,0.139,0.103,2.23,,,Ⅲ
2022-01-12T12:00:00+08:00,1641960000,11.2,7.81,10.13,378.7,46.6,2.18,0.126,0.117,1.94,,,Ⅲ
2022-01-12T16:00:00+08:00,1641974400,11.3,7.79,10.08,378.9,54.3,2.19,0.144,0.105,1.96,,,Ⅲ
2022-01-14T12:00:00+08:00,1642132800,10.5,7.83,10.04,383.2,39.5,2.31,0.194,0.104,1.96,,,Ⅲ
2022-01-14T16:00:00+08:00,1642147200,10.4,7.81,10.07,382.3,58.0,2.46,0.171,0.107,2.04,,,Ⅲ
2022-01-19T08:00:00+08:00,1642550400,10.6,7.57,9.63,376.8,46.4,2.28,0.156,0.097,2.27,,,Ⅱ
2022-01-19T12:00:00+08:00,1642564800,10.9,7.59,9.87,375.9,46.3,2.16,0.147,0.096,2.06,,,Ⅱ
2022-01-19T16:00:00+08:00,1642579200,11.3,7.58,9.84,373.8,46.2,2.26,0.147,0.092,2.14,,,Ⅱ
2022-01-19T20:00:00+08:00,1642593600,11.2,7.7,9.91,371.9,176.9,2.89,0.158,0.114,2.24,,,Ⅱ
2022-01-20T00:00:00+08:00,1642608000,11.0,7.62,9.59,373.5,94.4,2.89,0.158,0.114,2.24,,,Ⅲ
2022-01-20T04:00:00+08:00,1642622400,10.9,7.58,9.56,372.4,48.9,2.32,0.142,0.091,2.14,,,Ⅱ
2022-01-20T08:00:00+08:00,1642636800,10.8,7.59,9.66,373.2,47.7,2.07,0.146,0.094,2.01,,,Ⅱ
2022-01-20T12:00:00+08:00,1642651200,10.8,7.62,9.84,374.0,44.9,2.07,0.148,0.098,2.05,,,Ⅱ
2022-01-20T16:00:00+08:00,1642665600,11.2,7.62,9.92,372.3,43.8,2.16,0.156,0.091,2.08,,,Ⅱ
2022-01-20T20:00:00+08:00,1642680000,10.9,7.72,9.94,373.1,181.1,2.69,0.167,0.113,2.06,,,Ⅲ
2022-01-21T00:00:00+08:00,1642694400,10.8,7.62,9.71,373.3,93.0,2.69,0.167,0.113,2.06,,,Ⅲ
2022-01-21T04:00:00+08:00,1642708800,10.6,7.6,9.58,373.6,57.6,2.45,0.163,0.097,2.06,,,Ⅱ
2022-01-21T08:00:00+08:00,1642723200,10.5,7.59,9.63,373.2,57.8,2.23,0.15,0.104,2.01,,,Ⅲ
2022-01-21T12:00:00+08:00,1642737600,10.7,7.62,9.82,374.2,44.9,2.3,0.167,0.095,2.0,,,Ⅱ
2022-02-10T08:00:00+08:00,1644451200,8.3,7.52,9.48,359.8,42.9,2.24,0.264,0.104,2.26,,,Ⅲ
2022-02-10T12:00:00+08:00,1644465600,8.6,7.54,9.73,362.1,43.0,2.5,0.276,0.106,2.26,,,Ⅲ
2022-02-11T08:00:00+08:00,1644537600,8.3,7.53,9.62,367.6,41.8,2.38,0.251,0.1,2.44,,,Ⅲ
2022-02-11T16:00:00+08:00,1644566400,8.4,7.51,9.53,367.9,44.0,2.76,0.294,0.106,2.65,,,Ⅲ
2022-02-11T20:00:00+08:00,1644580800,8.3,7.52,9.46,368.2,37.5,2.94,0.246,0.099,2.52,,,Ⅱ
2022-02-12T00:00:00+08:00,1644595200,8.3,7.51,9.48,366.5,38.4,2.94,0.246,0.099,2.52,,,Ⅱ
2022-02-12T04:00:00+08:00,1644609600,8.3,7.52,9.44,366.6,38.3,2.8,0.256,0.1,2.38,,,Ⅱ
2022-02-12T16:00:00+08:00,1644652800,8.4,7.53,9.59,373.8,43.0,2.54,0.285,0.107,2.57,,,Ⅲ
2022-02-12T20:00:00+08:00,1644667200,8.4,7.53,9.52,364.0,37.9,2.4,0.239,0.098,2.48,,,Ⅲ
2022-02-13T00:00:00+08:00,1644681600,8.4,7.54,9.57,359.3,37.6,2.4,0.239,0.098,2.48,,,Ⅱ
2022-02-13T04:00:00+08:00,1644696000,8.3,7.54,9.56,360.1,32.6,2.29,0.216,0.094,2.27,,,Ⅱ
2022-02-13T08:00:00+08:00,1644710400,8.2,7.54,9.52,358.5,34.0,2.16,0.213,0.095,2.21,,,Ⅱ
2022-02-13T12:00:00+08:00,1644724800,8.4,7.56,9.67,357.5,37.6,2.31,0.213,0.098,2.25,,,Ⅱ
2022-02-13T16:00:00+08:00,1644739200,8.5,7.5,9.46,376.9,52.4,2.84,0.285,0.104,2.54,,,Ⅲ
2022-02-13T20:00:00+08:00,1644753600,8.5,7.51,9.57,344.7,46.6,2.39,0.25,0.101,2.28,,,Ⅲ
2022-02-14T00:00:00+08:00,1644768000,8.3,7.52,9.58,339.8,39.7,2.39,0.25,0.101,2.28,,,Ⅲ
2022-02-14T04:00:00+08:00,1644782400,8.2,7.52,9.54,340.8,33.8,2.2,0.213,0.094,2.26,,,Ⅲ
2022-02-18T08:00:00+08:00,1645142400,8.1,7.54,9.59,327.3,36.3,2.11,0.147,0.093,2.12,,,Ⅱ
2022-02-18T12:00:00+08:00,1645156800,8.0,7.54,9.71,330.8,32.0,2.08,0.161,0.098,2.07,,,Ⅱ
2022-02-18T16:00:00+08:00,1645171200,8.2,7.54,9.72,327.8,50.3,2.34,0.198,0.101,2.22,,,Ⅲ
2022-02-18T20:00:00+08:00,1645185600,8.0,7.61,9.82,338.2,64.3,2.33,0.167,0.102,2.14,,,Ⅲ
2022-02-19T00:00:00+08:00,1645200000,8.3,7.53,9.61,321.4,39.2,2.7,0.239,0.114,2.19,,,Ⅲ
2022-02-19T04:00:00+08:00,1645214400,8.2,7.54,9.64,321.5,35.3,2.18,0.146,0.094,2.06,,,Ⅱ
2022-02-19T08:00:00+08:00,1645228800,8.1,7.54,9.61,325.2,42.0,2.13,0.167,0.096,2.17,,,Ⅱ
2022-02-22T12:00:00+08:00,1645502400,8.5,7.64,9.75,322.4,43.4,2.06,0.142,0.083,2.02,,,Ⅱ
2022-02-22T16:00:00+08:00,1645516800,8.9,7.55,9.82,318.6,39.4,2.3,0.165,0.088,2.1,,,Ⅱ
2022-02-22T20:00:00+08:00,1645531200,8.8,7.55,9.78,317.8,42.8,2.22,0.15,0.086,2.09,,,Ⅱ
2022-02-23T00:00:00+08:00,1645545600,8.8,7.57,9.78,318.3,50.1,2.19,0.138,0.086,2.04,,,Ⅱ
2022-02-23T04:00:00+08:00,1645560000,8.7,7.54,9.65,315.1,37.0,2.19,0.138,0.086,2.04,,,Ⅱ
2022-02-23T08:00:00+08:00,1645574400,8.6,7.55,9.67,315.4,38.6,2.24,0.143,0.091,2.09,,,Ⅱ
2022-02-23T12:00:00+08:00,1645588800,8.8,7.59,9.82,318.6,52.5,2.36,0.152,0.092,2.19,,,Ⅱ
2022-02-23T16:00:00+08:00,1645603200,9.2,7.47,9.92,314.3,45.8,2.21,0.127,0.083,2.19,,,Ⅱ
2022-03-01T08:00:00+08:00,1646092800,10.1,7.52,9.49,311.2,36.6,2.05,0.144,0.08,2.24,,,Ⅱ
2022-03-01T12:00:00+08:00,1646107200,10.4,7.56,9.67,308.0,65.9,2.43,0.133,0.086,2.29,,,Ⅱ
2022-03-01T16:00:00+08:00,1646121600,10.6,7.55,9.66,310.7,69.1,2.52,0.166,0.091,2.12,,,Ⅱ
2022-03-02T08:00:00+08:00,1646179200,10.0,7.54,9.45,307.7,50.4,2.1,0.103,0.074,2.15,,,Ⅱ
2022-03-02T12:00:00+08:00,1646193600,10.4,7.65,9.76,303.5,45.2,2.09,0.119,0.082,2.08,,,Ⅱ
2022-03-07T08:00:00+08:00,1646611200,10.8,7.55,9.46,303.1,31.2,1.85,0.103,0.07,1.96,,,Ⅱ
2022-03-07T12:00:00+08:00,1646625600,11.2,7.57,9.63,305.7,35.1,2.01,0.113,0.074,2.09,,,Ⅱ
2022-03-08T08:00:00+08:00,1646697600,11.4,7.54,9.44,305.6,27.6,2.01,0.125,0.07,2.04,,,Ⅱ
2022-03-08T12:00:00+08:00,1646712000,11.7,7.57,9.51,308.4,28.6,1.87,0.118,0.072,2.12,,,Ⅱ
2022-03-08T16:00:00+08:00,1646726400,12.2,7.64,9.7,303.5,34.6,1.87,0.136,0.073,2.16,,,Ⅱ
2022-03-08T20:00:00+08:00,1646740800,12.0,7.56,9.63,303.9,41.7,1.88,0.099,0.07,2.12,,,Ⅱ
2022-03-09T00:00:00+08:00,1646755200,12.1,7.61,9.55,310.3,36.4,1.96,0.103,0.069,2.12,,,Ⅱ
2022-03-09T04:00:00+08:00,1646769600,12.0,7.55,9.47,305.2,32.0,1.96,0.103,0.069,2.12,,,Ⅱ
2022-03-09T08:00:00+08:00,1646784000,11.9,7.59,9.48,305.8,32.0,2.03,0.091,0.068,2.07,,,Ⅱ
2022-03-09T12:00:00+08:00,1646798400,12.2,7.61,9.61,306.8,39.2,1.82,0.091,0.07,2.14,,,Ⅱ
2022-03-09T16:00:00+08:00,1646812800,12.7,7.61,9.84,302.9,30.2,2.09,0.107,0.073,2.12,,,Ⅱ
2022-03-10T08:00:00+08:00,1646870400,12.4,7.6,9.47,305.3,45.9,2.02,0.093,0.069,1.95,,,Ⅱ
2022-03-10T12:00:00+08:00,1646884800,12.7,7.68,9.56,314.8,35.0,1.98,0.093,0.11,2.0,,,Ⅲ
2022-03-10T16:00:00+08:00,1646899200,13.0,7.6,9.7,303.9,110.7,2.34,0.126,0.08,1.96,,,Ⅱ
2022-03-11T08:00:00+08:00,1646956800,13.0,7.55,9.4,304.0,91.9,2.05,0.082,0.069,1.91,,,Ⅱ
2022-03-11T12:00:00+08:00,1646971200,13.5,7.65,9.77,310.8,32.5,2.53,0.104,0.106,2.26,,,Ⅲ
2022-03-11T16:00:00+08:00,1646985600,14.0,7.93,10.42,317.8,32.0,2.27,0.119,0.079,2.18,,,Ⅱ
2022-03-11T20:00:00+08:00,1647000000,13.9,7.81,10.03,313.7,55.4,2.67,0.156,0.086,1.87,,,Ⅱ
2022-03-12T16:00:00+08:00,1647072000,14.4,7.64,9.69,305.1,37.3,2.15,0.109,0.074,1.95,,,Ⅱ
2022-03-12T20:00:00+08:00,1647086400,14.4,7.63,9.56,306.0,48.2,2.14,0.09,0.076,2.11,,,Ⅱ
2022-03-13T00:00:00+08:00,1647100800,14.4,7.62,9.47,307.0,37.7,2.14,0.09,0.076,2.11,,,Ⅱ
2022-03-13T04:00:00+08:00,1647115200,14.4,7.59,9.28,307.9,34.2,2.19,0.107,0.074,2.03,,,Ⅱ
2022-03-13T08:00:00+08:00,1647129600,14.5,7.6,9.37,308.7,72.9,2.25,0.116,0.088,2.18,,,Ⅱ
2022-03-13T12:00:00+08:00,1647144000,15.0,7.63,9.46,309.1,55.4,2.34,0.126,0.082,2.15,,,Ⅱ
2022-03-13T16:00:00+08:00,1647158400,15.5,7.75,9.77,319.3,41.8,2.64,0.15,0.087,2.02,,,Ⅱ
2022-03-13T20:00:00+08:00,1647172800,15.3,7.68,9.56,313.0,42.5,2.38,0.102,0.078,1.99,,,Ⅱ
2022-03-14T00:00:00+08:00,1647187200,15.2,7.66,9.36,312.6,38.7,2.38,0.102,0.078,1.99,,,Ⅱ
2022-03-14T04:00:00+08:00,1647201600,15.2,7.63,9.23,313.3,47.9,2.34,0.116,0.082,2.02,,,Ⅱ
2022-03-14T12:00:00+08:00,1647230400,15.4,7.66,9.48,315.8,39.7,2.36,0.128,0.084,2.14,,,Ⅱ
2022-03-14T16:00:00+08:00,1647244800,15.7,7.7,9.44,320.0,54.9,2.54,0.157,0.09,2.49,,,Ⅱ
2022-03-15T08:00:00+08:00,1647302400,14.6,7.59,9.05,313.5,38.9,2.04,0.104,0.076,2.06,,,Ⅱ
2022-03-15T16:00:00+08:00,1647331200,15.4,7.61,9.14,314.6,58.3,2.35,0.115,0.084,2.12,,,Ⅱ
2022-03-15T20:00:00+08:00,1647345600,15.0,7.63,9.04,314.6,48.2,2.24,0.122,0.082,2.1,,,Ⅱ
2022-03-16T00:00:00+08:00,1647360000,14.9,7.57,9.01,312.9,46.6,2.13,0.083,0.078,1.98,,,Ⅱ
2022-03-16T12:00:00+08:00,1647403200,15.5,7.64,9.25,317.2,37.3,2.01,0.092,0.077,2.07,,,Ⅱ
2022-03-16T16:00:00+08:00,1647417600,15.9,7.68,9.38,316.8,48.4,2.3,0.11,0.079,2.0,,,Ⅱ
2022-03-16T20:00:00+08:00,1647432000,15.5,7.57,8.96,315.0,63.5,2.5,0.144,0.089,2.23,,,Ⅱ
2022-03-17T00:00:00+08:00,1647446400,15.2,7.56,8.8,313.4,33.6,2.58,0.097,0.085,2.23,,,Ⅱ
2022-03-17T04:00:00+08:00,1647460800,15.2,7.57,8.86,313.1,30.8,2.58,0.097,0.085,2.23,,,Ⅱ
2022-03-17T08:00:00+08:00,1647475200,15.0,7.59,8.81,318.5,35.0,2.11,0.07,0.067,2.17,,,Ⅱ
2022-03-17T12:00:00+08:00,1647489600,14.8,7.45,8.67,322.6,31.5,2.2,0.187,0.085,2.51,,,Ⅱ
2022-03-17T16:00:00+08:00,1647504000,14.6,7.07,8.13,325.9,47.5,2.05,0.156,0.082,2.38,,,Ⅱ
2022-03-17T20:00:00+08:00,1647518400,14.4,7.58,8.67,319.1,46.3,2.27,0.346,0.106,3.27,,,Ⅲ
2022-03-18T08:00:00+08:00,1647561600,14.3,7.57,8.59,323.3,28.1,1.9,0.132,0.076,2.18,,,Ⅱ
2022-03-18T12:00:00+08:00,1647576000,14.2,7.58,8.8,322.2,34.9,2.07,0.158,0.08,2.24,,,Ⅱ
2022-03-18T16:00:00+08:00,1647590400,14.4,7.59,8.81,321.9,29.3,2.07,0.161,0.076,2.38,,,Ⅱ
2022-03-23T12:00:00+08:00,1648008000,12.2,7.32,7.5,412.0,31.5,3.88,0.491,0.131,3.33,,,Ⅲ
2022-03-24T16:00:00+08:00,1648108800,14.6,7.59,8.62,332.9,39.4,2.52,0.251,0.099,2.51,,,Ⅱ
2022-03-24T20:00:00+08:00,1648123200,14.4,7.59,8.52,331.7,36.5,2.4,0.193,0.091,2.24,,,Ⅱ
2022-03-25T00:00:00+08:00,1648137600,14.5,7.56,8.47,333.8,43.8,2.35,0.186,0.087,2.4,,,Ⅱ
2022-03-25T04:00:00+08:00,1648152000,14.5,7.53,8.29,328.4,32.3,2.54,0.212,0.091,2.47,,,Ⅱ
2022-03-25T08:00:00+08:00,1648166400,14.5,7.53,8.34,335.2,34.2,2.34,0.176,0.082,2.36,,,Ⅱ
2022-03-25T12:00:00+08:00,1648180800,14.7,7.52,8.44,332.2,38.0,2.2,0.176,0.085,2.2,,,Ⅱ
2022-03-25T16:00:00+08:00,1648195200,14.7,7.51,8.31,335.3,38.4,2.57,0.23,0.09,2.31,,,Ⅱ
2022-03-25T20:00:00+08:00,1648209600,14.7,7.53,8.35,336.8,40.3,2.58,0.204,0.086,2.33,,,Ⅱ
2022-03-26T00:00:00+08:00,1648224000,14.6,7.51,8.24,339.0,35.4,2.47,0.212,0.088,2.39,,,Ⅱ
2022-03-26T04:00:00+08:00,1648238400,14.5,7.5,8.22,338.6,34.6,2.56,0.246,0.089,2.52,,,Ⅱ
2022-03-26T08:00:00+08:00,1648252800,14.5,7.52,8.25,339.1,34.4,2.52,0.229,0.089,2.41,,,Ⅱ
2022-03-26T12:00:00+08:00,1648267200,14.7,7.42,8.02,349.8,34.8,2.35,0.221,0.088,2.35,,,Ⅱ
2022-03-26T16:00:00+08:00,1648281600,14.9,7.42,7.94,350.3,48.2,2.89,0.26,0.096,2.63,,,Ⅱ
2022-03-26T20:00:00+08:00,1648296000,14.9,7.42,7.9,347.9,31.0,3.02,0.253,0.1,2.49,,,Ⅲ
2022-03-27T00:00:00+08:00,1648310400,14.8,7.42,7.89,347.4,39.9,2.7,0.239,0.094,2.37,,,Ⅱ
2022-03-27T04:00:00+08:00,1648324800,14.7,7.43,7.9,345.5,58.7,2.75,0.244,0.091,2.36,,,Ⅱ
2022-03-27T08:00:00+08:00,1648339200,14.7,7.44,7.97,344.2,37.5,2.82,0.236,0.096,2.46,,,Ⅱ
2022-03-27T12:00:00+08:00,1648353600,15.0,7.45,8.09,344.5,39.0,2.58,0.229,0.09,2.58,,,Ⅱ
2022-03-27T16:00:00+08:00,1648368000,15.1,7.45,8.23,355.1,36.0,2.62,0.227,0.089,2.54,,,Ⅱ
2022-03-27T20:00:00+08:00,1648382400,14.9,7.43,8.14,360.7,35.3,2.71,0.227,0.09,2.6,,,Ⅱ
2022-03-28T00:00:00+08:00,1648396800,14.8,7.44,8.04,360.5,34.0,2.69,0.249,0.093,2.59,,,Ⅱ
2022-03-28T04:00:00+08:00,1648411200,14.7,7.42,7.92,361.3,30.1,2.75,0.246,0.094,2.58,,,Ⅱ
2022-03-28T08:00:00+08:00,1648425600,14.6,7.44,7.98,362.9,33.3,2.6,0.262,0.099,2.64,,,Ⅱ
2022-03-28T12:00:00+08:00,1648440000,15.0,7.46,8.17,371.7,35.6,2.84,0.287,0.104,2.73,,,Ⅲ
2022-03-28T16:00:00+08:00,1648454400,15.2,7.49,8.31,343.2,52.8,2.83,0.231,0.104,2.43,,,Ⅲ
2022-03-28T20:00:00+08:00,1648468800,14.8,7.53,8.52,322.4,73.5,2.62,0.187,0.102,2.18,,,Ⅲ
2022-03-29T00:00:00+08:00,1648483200,14.6,7.51,8.43,323.2,38.1,2.62,0.187,0.102,2.18,,,Ⅲ
2022-03-29T04:00:00+08:00,1648497600,14.5,7.48,8.26,327.3,42.6,2.55,0.182,0.092,2.18,,,Ⅱ
2022-03-29T12:00:00+08:00,1648526400,14.8,7.53,8.55,326.5,32.2,2.4,0.176,0.089,2.17,,,Ⅱ
2022-03-29T16:00:00+08:00,1648540800,15.0,7.52,8.49,327.5,50.1,2.63,0.179,0.098,2.26,,,Ⅱ
2022-03-29T20:00:00+08:00,1648555200,14.9,7.54,8.7,320.6,55.8,2.44,0.13,0.094,2.09,,,Ⅱ
2022-03-30T00:00:00+08:00,1648569600,14.8,7.53,8.54,319.2,42.6,2.44,0.13,0.094,2.09,,,Ⅱ
2022-03-30T04:00:00+08:00,1648584000,14.7,7.53,8.5,319.5,59.8,2.43,0.119,0.09,1.97,,,Ⅱ
2022-03-30T12:00:00+08:00,1648612800,15.1,7.52,8.53,323.5,50.4,2.39,0.115,0.089,2.06,,,Ⅱ
2022-03-30T16:00:00+08:00,1648627200,15.3,7.52,8.53,323.1,45.7,2.46,0.128,0.088,2.02,,,Ⅱ
2022-03-30T20:00:00+08:00,1648641600,15.2,7.53,8.48,319.4,63.1,2.51,0.128,0.096,2.1,,,Ⅱ
2022-03-31T00:00:00+08:00,1648656000,14.9,7.5,8.36,314.3,42.9,2.51,0.128,0.096,2.1,,,Ⅱ
2022-03-31T04:00:00+08:00,1648670400,14.9,7.52,8.43,312.8,39.5,2.31,0.1,0.081,1.88,,,Ⅱ
2022-03-31T08:00:00+08:00,1648684800,14.8,7.53,8.41,317.1,47.3,2.27,0.127,0.094,1.99,,,Ⅱ
2022-03-31T12:00:00+08:00,1648699200,14.7,7.52,8.45,310.4,45.4,2.18,0.122,0.091,1.96,,,Ⅱ
2022-03-31T16:00:00+08:00,1648713600,14.7,7.52,8.55,309.4,47.0,2.31,0.104,0.089,1.97,,,Ⅱ
2022-03-31T20:00:00+08:00,1648728000,14.5,7.53,8.5,312.3,63.5,2.53,0.129,0.1,2.04,,,Ⅱ
2022-04-01T00:00:00+08:00,1648742400,14.3,7.51,8.36,306.6,43.8,2.53,0.129,0.1,2.04,,,Ⅱ
2022-04-01T04:00:00+08:00,1648756800,14.2,7.51,8.38,306.8,57.6,2.37,0.111,0.093,2.01,,,Ⅱ
2022-04-01T12:00:00+08:00,1648785600,14.4,7.5,8.46,311.1,45.6,2.33,0.125,0.098,1.98,,,Ⅲ
2022-04-01T16:00:00+08:00,1648800000,14.6,7.52,8.52,310.2,43.9,2.34,0.112,0.096,1.94,,,Ⅱ
2022-04-01T20:00:00+08:00,1648814400,14.6,7.53,8.47,315.7,79.7,2.71,0.136,0.113,2.05,,,Ⅱ
2022-04-02T00:00:00+08:00,1648828800,14.3,7.51,8.34,315.4,46.9,2.71,0.136,0.113,2.05,,,Ⅲ
2022-04-02T04:00:00+08:00,1648843200,14.2,7.51,8.33,314.7,46.7,2.46,0.112,0.094,1.91,,,Ⅱ
2022-04-02T08:00:00+08:00,1648857600,14.2,7.55,8.16,323.9,54.0,2.46,0.112,0.094,1.91,,,Ⅱ
2022-04-02T16:00:00+08:00,1648886400,14.8,7.52,8.5,315.6,47.2,2.48,0.126,0.101,1.97,,,Ⅲ
2022-04-02T20:00:00+08:00,1648900800,14.8,7.62,8.66,323.5,60.6,2.44,0.109,0.098,1.96,,,Ⅱ
2022-04-03T00:00:00+08:00,1648915200,14.4,7.5,8.27,313.2,57.6,2.82,0.137,0.104,2.07,,,Ⅲ
2022-04-03T04:00:00+08:00,1648929600,14.2,7.49,8.2,310.8,43.6,2.68,0.126,0.104,2.0,,,Ⅲ
2022-04-03T08:00:00+08:00,1648944000,14.2,7.54,8.29,322.1,61.5,2.5,0.1,0.094,1.95,,,Ⅱ
2022-04-03T12:00:00+08:00,1648958400,14.6,7.51,8.34,307.9,58.2,2.66,0.112,0.105,2.1,,,Ⅲ
2022-04-03T16:00:00+08:00,1648972800,14.9,7.5,8.36,315.0,55.0,2.74,0.118,0.113,2.11,,,Ⅲ
2022-04-03T20:00:00+08:00,1648987200,14.9,7.54,8.36,316.7,78.4,2.65,0.116,0.111,2.31,,,Ⅲ
2022-04-04T00:00:00+08:00,1649001600,14.7,7.5,8.27,314.6,66.6,2.65,0.116,0.111,2.31,,,Ⅲ
2022-04-04T04:00:00+08:00,1649016000,14.4,7.47,8.09,313.1,45.2,2.56,0.112,0.105,2.24,,,Ⅲ
2022-04-04T08:00:00+08:00,1649030400,14.3,7.49,8.2,313.8,65.6,2.56,0.111,0.102,2.11,,,Ⅲ
2022-04-04T12:00:00+08:00,1649044800,14.8,7.49,8.28,310.3,63.3,2.56,0.108,0.099,2.04,,,Ⅱ
2022-04-04T16:00:00+08:00,1649059200,15.0,7.49,8.34,309.1,45.9,2.42,0.116,0.09,1.95,,,Ⅱ
2022-04-04T20:00:00+08:00,1649073600,15.0,7.49,8.32,310.0,64.0,2.42,0.116,0.09,1.95,,,Ⅱ
2022-04-05T00:00:00+08:00,1649088000,14.9,7.49,8.25,310.4,65.5,2.67,0.111,0.097,2.08,,,Ⅱ
2022-04-05T04:00:00+08:00,1649102400,14.8,7.47,8.1,307.3,42.0,2.48,0.104,0.085,2.0,,,Ⅱ
2022-04-05T08:00:00+08:00,1649116800,14.7,7.48,8.18,308.6,59.4,2.47,0.1,0.092,2.05,,,Ⅱ
2022-04-05T12:00:00+08:00,1649131200,15.0,7.49,8.35,308.3,60.7,2.47,0.1,0.092,2.05,,,Ⅱ
2022-04-05T16:00:00+08:00,1649145600,15.3,7.5,8.33,306.5,49.8,2.55,0.098,0.088,1.98,,,Ⅱ
2022-04-05T20:00:00+08:00,1649160000,15.4,7.49,8.36,310.6,60.4,2.68,0.123,0.094,2.03,,,Ⅱ
2022-04-06T00:00:00+08:00,1649174400,15.3,7.51,8.34,312.0,49.3,2.68,0.123,0.094,2.03,,,Ⅱ
2022-04-06T04:00:00+08:00,1649188800,15.0,7.47,8.15,309.5,44.5,2.51,0.111,0.089,2.1,,,Ⅱ
2022-04-06T08:00:00+08:00,1649203200,14.9,7.49,8.27,309.4,56.0,2.45,0.089,0.082,1.97,,,Ⅱ
2022-04-06T12:00:00+08:00,1649217600,15.4,7.5,8.38,311.4,68.5,2.43,0.095,0.094,2.05,,,Ⅱ
2022-04-06T16:00:00+08:00,1649232000,15.8,7.51,8.42,310.0,57.7,2.27,0.098,0.094,2.1,,,Ⅱ
2022-04-06T20:00:00+08:00,1649246400,15.7,7.5,8.4,309.5,51.2,2.41,0.105,0.089,2.05,,,Ⅱ
2022-04-07T08:00:00+08:00,1649289600,15.4,7.5,8.29,311.6,63.7,2.3,0.08,0.082,2.09,,,Ⅱ
2022-04-07T12:00:00+08:00,1649304000,15.9,7.51,8.43,315.8,58.9,2.35,0.09,0.093,2.03,,,Ⅱ
2022-04-07T16:00:00+08:00,1649318400,16.2,7.51,8.44,312.2,56.7,2.39,0.086,0.092,2.04,,,Ⅱ
2022-04-07T20:00:00+08:00,1649332800,16.1,7.51,8.34,310.7,43.6,2.4,0.097,0.091,2.06,,,Ⅱ
2022-04-08T00:00:00+08:00,1649347200,16.4,7.59,8.71,316.4,44.2,2.25,0.107,0.087,2.01,,,Ⅱ
2022-04-08T04:00:00+08:00,1649361600,16.2,7.51,8.33,315.4,42.3,2.25,0.107,0.087,2.01,,,Ⅱ
2022-04-08T08:00:00+08:00,1649376000,16.1,7.51,8.32,315.8,44.1,2.29,0.076,0.084,2.02,,,Ⅱ
2022-04-08T12:00:00+08:00,1649390400,16.5,7.62,8.49,313.1,44.0,2.16,0.083,0.085,2.14,,,Ⅱ
2022-04-08T16:00:00+08:00,1649404800,16.8,7.52,8.44,306.1,44.1,2.46,0.081,0.087,2.04,,,Ⅱ
2022-04-08T20:00:00+08:00,1649419200,16.7,7.52,8.36,305.5,44.7,2.31,0.085,0.087,2.04,,,Ⅱ
2022-04-09T00:00:00+08:00,1649433600,16.6,7.52,8.26,305.4,41.1,2.24,0.084,0.086,2.09,,,Ⅱ
2022-04-09T04:00:00+08:00,1649448000,16.6,7.54,8.25,309.4,33.0,2.24,0.084,0.086,2.09,,,Ⅱ
2022-04-09T08:00:00+08:00,1649462400,16.5,7.54,8.39,308.5,38.1,2.26,0.071,0.082,2.04,,,Ⅱ
2022-04-09T12:00:00+08:00,1649476800,17.0,7.54,8.36,311.5,47.0,2.18,0.068,0.085,1.97,,,Ⅱ
2022-04-09T20:00:00+08:00,1649505600,17.2,7.54,8.26,306.2,39.1,2.3,0.087,0.086,2.22,,,Ⅱ
2022-04-10T00:00:00+08:00,1649520000,17.2,7.52,8.2,308.8,36.8,2.2,0.067,0.084,2.07,,,Ⅱ
2022-04-10T04:00:00+08:00,1649534400,17.0,7.51,8.06,306.3,33.2,2.2,0.067,0.084,2.07,,,Ⅱ
2022-04-10T08:00:00+08:00,1649548800,17.1,7.52,8.09,306.2,34.5,2.18,0.06,0.08,1.91,,,Ⅱ
2022-04-10T16:00:00+08:00,1649577600,17.9,7.56,8.48,311.5,47.0,2.34,0.085,0.087,1.96,,,Ⅱ
2022-04-10T20:00:00+08:00,1649592000,17.8,7.53,8.28,309.7,51.4,2.28,0.089,0.089,2.09,,,Ⅱ
2022-04-11T00:00:00+08:00,1649606400,17.7,7.54,8.22,309.0,49.3,2.38,0.082,0.092,2.09,,,Ⅱ
2022-04-11T04:00:00+08:00,1649620800,17.6,7.56,8.13,309.4,39.6,2.38,0.082,0.092,2.09,,,Ⅱ
2022-04-11T08:00:00+08:00,1649635200,17.6,7.56,8.14,309.5,38.6,2.24,0.082,0.086,1.99,,,Ⅱ
2022-04-11T12:00:00+08:00,1649649600,18.3,7.55,8.3,310.3,45.7,2.12,0.078,0.086,2.02,,,Ⅱ
2022-04-11T16:00:00+08:00,1649664000,18.9,7.58,8.52,319.3,51.4,2.22,0.091,0.089,2.16,,,Ⅱ
2022-04-11T20:00:00+08:00,1649678400,18.6,7.55,8.23,312.4,55.0,2.53,0.11,0.101,2.31,,,Ⅲ
2022-04-12T00:00:00+08:00,1649692800,18.5,7.54,8.15,312.6,45.4,2.48,0.094,0.094,2.32,,,Ⅱ
2022-04-12T04:00:00+08:00,1649707200,18.5,7.53,8.06,313.0,43.3,2.48,0.094,0.094,2.32,,,Ⅱ
2022-04-12T08:00:00+08:00,1649721600,18.4,7.54,8.09,312.8,45.9,2.32,0.097,0.09,2.16,,,Ⅱ
2022-04-12T12:00:00+08:00,1649736000,19.0,7.55,8.23,312.3,47.6,2.32,0.097,0.092,2.13,,,Ⅱ
2022-04-13T00:00:00+08:00,1649779200,19.0,7.57,8.18,313.6,38.6,2.33,0.107,0.092,2.4,,,Ⅱ
2022-04-13T04:00:00+08:00,1649793600,18.7,7.57,8.12,314.1,34.8,2.26,0.1,0.088,2.23,,,Ⅱ
2022-04-13T08:00:00+08:00,1649808000,18.5,7.57,8.07,314.2,35.0,2.26,0.1,0.087,2.24,,,Ⅱ
2022-04-13T12:00:00+08:00,1649822400,18.4,7.44,7.86,320.1,29.2,2.16,0.112,0.085,2.18,,,Ⅱ
2022-04-13T16:00:00+08:00,1649836800,18.3,7.5,7.98,321.4,30.8,2.24,0.214,0.092,2.42,,,Ⅱ
2022-04-13T20:00:00+08:00,1649851200,18.1,7.5,7.79,322.2,29.1,2.27,0.157,0.086,2.43,,,Ⅱ
2022-04-14T00:00:00+08:00,1649865600,17.8,7.49,7.72,320.1,26.9,2.36,0.171,0.086,2.42,,,Ⅱ
2022-04-14T04:00:00+08:00,1649880000,17.7,7.5,7.71,323.3,27.7,2.32,0.239,0.087,2.52,,,Ⅱ
2022-04-14T08:00:00+08:00,1649894400,17.6,7.49,7.72,321.0,29.0,2.29,0.213,0.087,2.36,,,Ⅱ
2022-04-14T12:00:00+08:00,1649908800,17.6,7.46,7.67,321.7,31.3,2.28,0.214,0.089,2.4,,,Ⅱ
2022-04-14T16:00:00+08:00,1649923200,17.7,7.46,7.64,322.7,39.3,2.3,0.208,0.084,2.44,,,Ⅱ
2022-04-14T20:00:00+08:00,1649937600,17.6,7.46,7.67,323.2,34.5,2.42,0.216,0.086,2.51,,,Ⅱ
2022-04-15T08:00:00+08:00,1649980800,17.2,7.48,7.45,334.8,42.4,2.51,0.209,0.114,2.43,,,Ⅲ
2022-04-15T12:00:00+08:00,1649995200,17.4,7.5,7.62,337.5,40.5,2.68,0.179,0.09,2.27,,,Ⅱ
2022-04-15T16:00:00+08:00,1650009600,17.4,7.49,7.29,342.1,73.0,2.94,0.199,0.112,2.55,,,Ⅲ
2022-04-15T20:00:00+08:00,1650024000,17.9,7.54,7.87,294.4,71.3,2.47,0.084,0.099,2.15,,,Ⅱ
2022-04-16T00:00:00+08:00,1650038400,17.8,7.53,7.81,288.7,29.8,2.47,0.084,0.099,2.15,,,Ⅱ
2022-04-16T04:00:00+08:00,1650052800,17.7,7.52,7.75,290.0,35.4,2.1,0.071,0.078,2.02,,,Ⅱ
2022-04-16T08:00:00+08:00,1650067200,17.7,7.53,7.8,289.5,64.5,2.22,0.064,0.093,2.04,,,Ⅱ
2022-04-16T12:00:00+08:00,1650081600,18.2,7.55,8.01,286.6,31.5,2.05,0.054,0.078,1.96,,,Ⅱ
2022-04-16T16:00:00+08:00,1650096000,18.4,7.56,8.05,286.1,56.2,2.18,0.054,0.083,1.93,,,Ⅱ
2022-04-16T20:00:00+08:00,1650110400,18.2,7.56,7.98,290.6,56.0,2.3,0.066,0.088,1.96,,,Ⅱ
2022-04-17T00:00:00+08:00,1650124800,18.1,7.53,7.83,287.6,36.8,2.3,0.066,0.088,1.96,,,Ⅱ
2022-04-17T12:00:00+08:00,1650168000,18.5,7.56,8.0,288.6,32.4,2.06,0.067,0.075,1.96,,,Ⅱ
2022-04-17T16:00:00+08:00,1650182400,18.6,7.59,8.07,288.2,31.9,2.06,0.067,0.075,1.96,,,Ⅱ
2022-04-17T20:00:00+08:00,1650196800,18.5,7.54,7.75,294.6,45.2,2.35,0.094,0.083,1.91,,,Ⅱ
2022-04-18T00:00:00+08:00,1650211200,18.4,7.53,7.89,290.8,33.7,2.35,0.094,0.083,1.91,,,Ⅱ
2022-04-18T04:00:00+08:00,1650225600,18.3,7.53,7.8,289.4,29.3,2.03,0.044,0.072,1.93,,,Ⅱ
2022-04-18T08:00:00+08:00,1650240000,18.2,7.51,7.45,295.4,57.6,2.22,0.099,0.088,2.05,,,Ⅱ
2022-04-18T12:00:00+08:00,1650254400,18.8,7.55,7.9,291.0,33.4,2.12,0.052,0.073,1.85,,,Ⅱ
2022-04-18T16:00:00+08:00,1650268800,19.1,7.69,7.98,291.7,41.8,2.13,0.045,0.076,1.84,,,Ⅱ
2022-04-18T20:00:00+08:00,1650283200,19.0,7.55,7.82,295.3,46.7,2.28,0.069,0.08,1.88,,,Ⅱ
2022-04-19T00:00:00+08:00,1650297600,18.9,7.54,7.74,294.4,36.6,2.28,0.069,0.08,1.88,,,Ⅱ
2022-04-19T04:00:00+08:00,1650312000,18.8,7.54,7.78,293.7,47.1,2.1,0.049,0.078,1.94,,,Ⅱ
2022-04-19T08:00:00+08:00,1650326400,18.6,7.52,7.4,301.2,73.6,2.41,0.113,0.094,2.02,,,Ⅱ
2022-04-19T12:00:00+08:00,1650340800,19.1,7.56,7.83,295.9,38.0,2.12,0.049,0.075,1.8,,,Ⅱ
2022-04-19T16:00:00+08:00,1650355200,19.5,7.58,7.87,295.6,50.3,2.02,0.046,0.08,1.84,,,Ⅱ
2022-04-19T20:00:00+08:00,1650369600,19.4,7.58,7.97,296.3,58.7,2.29,0.055,0.084,1.98,,,Ⅱ
2022-04-20T00:00:00+08:00,1650384000,19.2,7.57,7.82,300.0,39.7,2.29,0.055,0.084,1.98,,,Ⅱ
2022-04-20T04:00:00+08:00,1650398400,18.9,7.57,7.66,300.6,50.4,2.15,0.05,0.084,1.97,,,Ⅱ
2022-04-20T08:00:00+08:00,1650412800,18.8,7.58,7.78,301.6,52.6,2.14,0.05,0.084,1.86,,,Ⅱ
2022-04-20T12:00:00+08:00,1650427200,19.1,7.59,7.84,303.7,46.4,2.09,0.046,0.079,1.9,,,Ⅱ
2022-04-20T16:00:00+08:00,1650441600,19.4,7.59,7.8,303.5,41.5,1.94,0.044,0.077,1.82,,,Ⅱ
2022-04-20T20:00:00+08:00,1650456000,19.5,7.62,7.99,305.0,53.6,2.08,0.053,0.081,1.97,,,Ⅱ
2022-04-21T00:00:00+08:00,1650470400,19.2,7.59,7.73,306.5,46.6,2.08,0.053,0.081,1.97,,,Ⅱ
2022-04-21T04:00:00+08:00,1650484800,19.0,7.57,7.59,308.5,34.6,2.04,0.051,0.075,1.89,,,Ⅱ
2022-04-21T08:00:00+08:00,1650499200,19.0,7.59,7.65,309.2,42.0,2.09,0.05,0.079,1.86,,,Ⅱ
2022-04-21T12:00:00+08:00,1650513600,19.2,7.6,7.79,306.7,44.6,2.02,0.058,0.08,1.81,,,Ⅱ
2022-04-21T16:00:00+08:00,1650528000,19.6,7.61,7.86,306.3,41.4,2.11,0.062,0.084,1.87,,,Ⅱ
2022-04-21T20:00:00+08:00,1650542400,19.6,7.62,7.86,306.0,57.1,2.11,0.055,0.106,1.92,,,Ⅲ
2022-04-22T00:00:00+08:00,1650556800,19.6,7.62,7.64,305.7,44.7,2.11,0.055,0.106,1.92,,,Ⅲ
2022-04-22T04:00:00+08:00,1650571200,19.4,7.6,7.66,309.3,43.7,2.09,0.049,0.081,1.84,,,Ⅱ
2022-04-22T08:00:00+08:00,1650585600,19.3,7.61,7.67,311.4,41.8,2.0,0.071,0.082,1.86,,,Ⅱ
2022-04-22T12:00:00+08:00,1650600000,19.6,7.68,7.65,312.2,51.5,2.02,0.061,0.089,1.88,,,Ⅱ
2022-04-22T16:00:00+08:00,1650614400,19.7,7.61,7.74,313.3,123.1,2.72,0.085,0.124,2.13,,,Ⅲ
2022-04-22T20:00:00+08:00,1650628800,19.7,7.61,7.71,312.6,50.0,2.08,0.047,0.088,1.89,,,Ⅱ
2022-04-23T00:00:00+08:00,1650643200,19.8,7.61,7.6,310.4,44.8,2.08,0.047,0.088,1.89,,,Ⅱ
2022-04-23T04:00:00+08:00,1650657600,19.6,7.6,7.55,315.1,39.2,2.02,0.065,0.083,2.15,,,Ⅱ
2022-04-23T08:00:00+08:00,1650672000,19.6,7.61,7.62,315.9,40.4,1.97,0.057,0.091,1.9,,,Ⅱ
2022-04-23T12:00:00+08:00,1650686400,19.7,7.63,7.69,317.7,59.2,1.97,0.057,0.091,1.9,,,Ⅱ
2022-04-23T16:00:00+08:00,1650700800,19.7,7.62,7.69,318.7,54.9,2.1,0.059,0.095,1.95,,,Ⅱ
2022-04-23T20:00:00+08:00,1650715200,19.7,7.61,7.52,319.5,35.7,2.13,0.048,0.09,1.87,,,Ⅱ
2022-04-24T00:00:00+08:00,1650729600,19.6,7.64,7.68,319.8,37.7,1.96,0.06,0.087,1.86,,,Ⅱ
2022-04-24T04:00:00+08:00,1650744000,19.6,7.65,7.7,319.4,30.7,1.96,0.06,0.087,1.86,,,Ⅱ
2022-04-24T12:00:00+08:00,1650772800,20.0,7.65,7.8,328.3,35.5,1.93,0.052,0.079,1.77,,,Ⅱ
2022-04-24T16:00:00+08:00,1650787200,20.4,7.65,7.87,326.5,49.1,1.92,0.06,0.007,1.92,,,Ⅰ
2022-04-24T20:00:00+08:00,1650801600,20.3,7.65,7.78,326.6,68.3,2.06,0.063,0.094,1.96,,,Ⅱ
2022-04-25T08:00:00+08:00,1650844800,20.1,7.66,7.74,326.9,38.8,1.97,0.06,0.086,1.92,,,Ⅱ
2022-04-25T12:00:00+08:00,1650859200,20.1,7.66,7.8,318.7,64.4,1.94,0.064,0.088,1.97,,,Ⅱ
2022-04-25T16:00:00+08:00,1650873600,20.2,7.27,7.15,332.4,91.4,2.42,0.154,0.106,2.0,,,Ⅲ
2022-04-25T20:00:00+08:00,1650888000,20.3,7.41,6.46,365.8,58.5,2.51,0.224,0.142,2.99,,,Ⅲ
2022-04-26T04:00:00+08:00,1650916800,20.2,7.34,5.77,346.5,40.2,3.62,0.28,0.135,2.49,,,Ⅲ
2022-04-26T08:00:00+08:00,1650931200,20.2,7.27,5.48,359.3,45.7,4.16,0.265,0.15,2.46,,,Ⅲ
2022-04-26T12:00:00+08:00,1650945600,20.3,7.26,5.36,355.5,66.0,4.78,0.305,0.178,2.78,,,Ⅲ
2022-04-26T16:00:00+08:00,1650960000,20.6,7.26,5.32,353.6,66.2,5.28,0.331,0.202,3.0,,,Ⅳ
2022-04-26T20:00:00+08:00,1650974400,20.5,7.3,5.63,351.4,46.1,5.23,0.333,0.206,3.06,,,Ⅳ
2022-04-27T00:00:00+08:00,1650988800,20.4,7.28,5.17,354.1,36.3,4.32,0.284,0.162,2.68,,,Ⅲ
2022-04-27T04:00:00+08:00,1651003200,20.6,7.23,3.68,339.7,61.3,4.0,0.316,0.146,2.64,,,Ⅳ
2022-04-27T08:00:00+08:00,1651017600,19.7,7.52,6.7,337.1,71.5,4.0,0.751,0.166,3.21,,,Ⅲ
2022-04-27T12:00:00+08:00,1651032000,19.6,7.55,7.6,333.8,42.8,2.5,0.163,0.127,2.23,,,Ⅲ
2022-04-27T16:00:00+08:00,1651046400,19.6,7.56,7.68,335.4,71.2,2.28,0.105,0.107,1.97,,,Ⅲ
2022-04-27T20:00:00+08:00,1651060800,19.3,7.58,7.87,334.1,61.5,2.62,0.102,0.114,2.08,,,Ⅲ
2022-04-28T00:00:00+08:00,1651075200,19.1,7.57,7.88,334.8,33.0,2.49,0.101,0.109,2.0,,,Ⅲ
2022-04-28T04:00:00+08:00,1651089600,18.9,7.58,7.86,333.3,52.2,2.49,0.101,0.109,2.0,,,Ⅲ
2022-04-28T08:00:00+08:00,1651104000,18.8,7.61,8.02,332.3,52.3,2.3,0.081,0.1,1.94,,,Ⅱ
2022-04-28T12:00:00+08:00,1651118400,19.0,7.6,8.13,333.4,37.2,2.27,0.072,0.1,1.97,,,Ⅲ
2022-04-28T16:00:00+08:00,1651132800,19.1,7.6,8.03,333.4,52.8,2.08,0.06,0.1,1.91,,,Ⅱ
2022-04-28T20:00:00+08:00,1651147200,18.9,7.64,8.27,331.0,53.6,2.21,0.078,0.096,1.96,,,Ⅱ
2022-04-29T00:00:00+08:00,1651161600,18.6,7.61,8.24,330.5,42.1,2.32,0.073,0.096,1.95,,,Ⅱ
2022-04-29T04:00:00+08:00,1651176000,18.5,7.6,8.16,333.4,36.6,2.32,0.073,0.096,1.95,,,Ⅱ
2022-04-29T08:00:00+08:00,1651190400,18.4,7.58,8.12,335.0,36.2,2.07,0.096,0.088,2.03,,,Ⅱ
2022-04-29T12:00:00+08:00,1651204800,18.5,7.55,8.04,340.6,34.7,2.12,0.094,0.089,1.91,,,Ⅱ
2022-04-29T16:00:00+08:00,1651219200,18.4,7.57,8.05,342.3,52.3,2.54,0.147,0.094,2.0,,,Ⅱ
2022-04-29T20:00:00+08:00,1651233600,18.6,7.61,8.14,330.5,58.8,2.63,0.131,0.104,2.12,,,Ⅲ
2022-04-30T00:00:00+08:00,1651248000,18.6,7.58,8.04,327.1,34.7,2.27,0.093,0.113,1.96,,,Ⅲ
2022-04-30T04:00:00+08:00,1651262400,18.6,7.58,8.02,326.1,33.1,2.27,0.093,0.113,1.96,,,Ⅲ
2022-04-30T08:00:00+08:00,1651276800,18.5,7.56,7.79,330.8,44.7,2.12,0.05,0.081,1.89,,,Ⅱ
2022-04-30T12:00:00+08:00,1651291200,18.9,7.57,7.96,326.4,38.6,2.2,0.13,0.096,2.0,,,Ⅱ
2022-04-30T16:00:00+08:00,1651305600,19.0,7.58,8.04,327.9,33.9,2.2,0.089,0.089,1.94,,,Ⅱ
2022-04-30T20:00:00+08:00,1651320000,18.9,7.61,7.94,330.2,74.4,2.19,0.076,0.085,1.84,,,Ⅱ
2022-05-01T00:00:00+08:00,1651334400,18.8,7.58,7.96,324.7,40.6,2.35,0.091,0.096,2.02,,,Ⅱ
2022-05-01T04:00:00+08:00,1651348800,18.7,7.57,7.91,323.9,33.8,2.22,0.078,0.089,1.89,,,Ⅱ
2022-05-01T08:00:00+08:00,1651363200,18.7,7.58,7.89,326.9,42.8,2.1,0.059,0.082,1.87,,,Ⅱ
2022-05-01T12:00:00+08:00,1651377600,19.2,7.63,8.04,325.6,35.5,2.23,0.078,0.098,1.9,,,Ⅱ
2022-05-01T16:00:00+08:00,1651392000,19.6,7.58,8.03,327.6,34.2,2.06,0.067,0.089,1.9,,,Ⅱ
2022-05-01T20:00:00+08:00,1651406400,19.4,7.57,7.92,328.4,34.2,2.1,0.055,0.081,1.88,,,Ⅱ
2022-05-02T04:00:00+08:00,1651435200,19.2,7.61,7.91,332.3,37.7,2.76,0.114,0.115,2.16,,,Ⅲ
2022-05-02T08:00:00+08:00,1651449600,19.1,7.59,7.83,337.3,49.9,2.36,0.079,0.091,1.86,,,Ⅱ
2022-05-02T12:00:00+08:00,1651464000,19.4,7.5,8.0,329.0,41.3,2.38,0.079,0.095,2.08,,,Ⅱ
2022-05-02T16:00:00+08:00,1651478400,19.9,7.58,8.04,328.4,33.0,2.16,0.052,0.085,1.93,,,Ⅱ
2022-05-02T20:00:00+08:00,1651492800,19.8,7.59,8.09,327.3,45.4,2.09,0.045,0.081,1.88,,,Ⅱ
2022-05-03T00:00:00+08:00,1651507200,19.8,7.77,8.04,335.0,66.4,2.14,0.04,0.084,1.91,,,Ⅱ
2022-05-03T04:00:00+08:00,1651521600,19.6,7.91,8.03,333.2,132.9,2.35,0.062,0.086,1.96,,,Ⅱ
2022-05-03T08:00:00+08:00,1651536000,19.7,7.6,7.77,341.9,59.8,2.54,0.067,0.099,2.02,,,Ⅱ
2022-05-03T12:00:00+08:00,1651550400,19.8,7.55,7.89,327.4,42.9,2.36,0.082,0.096,2.08,,,Ⅱ
2022-05-03T16:00:00+08:00,1651564800,20.2,7.58,8.03,325.9,41.0,2.12,0.046,0.09,1.96,,,Ⅱ
2022-05-05T08:00:00+08:00,1651708800,20.2,7.59,7.39,331.1,85.5,2.31,0.038,0.086,1.95,,,Ⅱ
2022-05-05T12:00:00+08:00,1651723200,20.3,7.62,7.68,311.9,59.5,2.67,0.111,0.112,2.05,,,Ⅲ
2022-05-05T16:00:00+08:00,1651737600,20.8,7.63,7.81,309.6,46.3,2.29,0.036,0.09,1.92,,,Ⅱ
2022-05-05T20:00:00+08:00,1651752000,20.8,7.63,7.8,311.4,34.4,2.07,0.035,0.083,1.84,,,Ⅱ
2022-05-06T00:00:00+08:00,1651766400,20.8,7.78,7.8,316.9,51.4,2.07,0.046,0.079,1.84,,,Ⅱ
2022-05-06T04:00:00+08:00,1651780800,20.7,7.8,7.73,318.5,97.6,2.22,0.06,0.081,1.86,,,Ⅱ
2022-05-06T08:00:00+08:00,1651795200,20.7,7.64,7.45,323.4,92.4,2.38,0.052,0.094,1.97,,,Ⅱ
2022-05-06T12:00:00+08:00,1651809600,21.1,7.61,7.75,320.2,48.3,2.53,0.102,0.105,1.98,,,Ⅲ
2022-05-06T16:00:00+08:00,1651824000,21.4,7.64,7.82,316.0,50.6,2.31,0.069,0.091,1.97,,,Ⅱ
2022-05-06T20:00:00+08:00,1651838400,21.4,7.68,7.67,316.4,132.8,2.31,0.048,0.087,1.96,,,Ⅱ
2022-05-07T00:00:00+08:00,1651852800,21.4,7.87,7.74,317.0,98.3,2.88,0.06,0.119,2.16,,,Ⅲ
2022-05-07T04:00:00+08:00,1651867200,21.3,7.67,7.65,318.2,44.2,2.4,0.052,0.09,1.99,,,Ⅱ
2022-05-07T08:00:00+08:00,1651881600,21.3,7.71,7.7,318.1,80.1,2.28,0.054,0.083,1.81,,,Ⅱ
2022-05-07T12:00:00+08:00,1651896000,21.7,7.66,7.81,324.8,47.4,2.32,0.055,0.094,1.96,,,Ⅱ
2022-05-07T16:00:00+08:00,1651910400,22.1,7.69,7.91,321.5,40.8,2.1,0.051,0.084,1.83,,,Ⅱ
2022-05-07T20:00:00+08:00,1651924800,22.0,7.77,7.92,318.0,80.5,2.06,0.067,0.095,1.86,,,Ⅱ
2022-05-08T00:00:00+08:00,1651939200,21.6,7.9,7.98,313.7,133.9,2.42,0.082,0.096,1.89,,,Ⅱ
2022-05-08T04:00:00+08:00,1651953600,21.2,7.65,7.77,307.1,42.2,2.42,0.082,0.096,1.89,,,Ⅱ
2022-05-08T08:00:00+08:00,1651968000,21.1,7.64,7.76,307.6,49.6,2.11,0.036,0.087,1.77,,,Ⅱ
2022-05-08T12:00:00+08:00,1651982400,21.3,7.65,7.94,308.4,49.0,2.16,0.043,0.09,1.86,,,Ⅱ
2022-05-08T16:00:00+08:00,1651996800,21.7,7.75,7.86,304.7,76.4,2.14,0.042,0.092,1.89,,,Ⅱ
2022-05-08T20:00:00+08:00,1652011200,21.6,7.66,7.85,302.6,31.6,2.13,0.041,0.089,1.94,,,Ⅱ
2022-05-09T00:00:00+08:00,1652025600,21.4,8.0,7.7,306.4,114.2,2.02,0.029,0.081,1.76,,,Ⅱ
2022-05-09T04:00:00+08:00,1652040000,21.4,7.74,7.68,307.4,77.3,2.02,0.029,0.081,1.76,,,Ⅱ
2022-05-09T08:00:00+08:00,1652054400,21.2,7.67,7.87,305.7,40.4,2.32,0.046,0.089,1.85,,,Ⅱ
2022-05-09T12:00:00+08:00,1652068800,21.5,7.69,8.1,307.8,55.8,2.02,0.044,0.083,1.78,,,Ⅱ
2022-05-09T16:00:00+08:00,1652083200,21.3,7.68,8.01,302.1,47.5,2.21,0.049,0.09,1.88,,,Ⅱ
2022-05-09T20:00:00+08:00,1652097600,21.2,7.67,7.93,304.3,45.6,2.24,0.044,0.086,1.84,,,Ⅱ
2022-05-10T00:00:00+08:00,1652112000,21.1,7.96,7.91,307.0,125.4,2.11,0.05,0.083,1.87,,,Ⅱ
2022-05-10T04:00:00+08:00,1652126400,21.1,8.2,7.76,308.1,123.6,2.11,0.05,0.083,1.87,,,Ⅱ
2022-05-10T08:00:00+08:00,1652140800,21.0,7.67,7.8,307.5,49.0,2.57,0.055,0.093,1.95,,,Ⅱ
2022-05-10T12:00:00+08:00,1652155200,20.9,7.52,7.8,314.9,74.3,2.12,0.055,0.083,1.99,,,Ⅱ
2022-05-11T08:00:00+08:00,1652227200,20.4,7.5,7.59,306.8,120.2,2.52,0.093,0.097,2.13,,,Ⅱ
2022-05-11T12:00:00+08:00,1652241600,20.7,7.33,7.29,322.0,44.7,2.53,0.066,0.103,2.09,,,Ⅲ
2022-05-11T16:00:00+08:00,1652256000,20.7,7.35,7.64,305.3,60.1,2.56,0.094,0.093,2.09,,,Ⅱ
2022-05-11T20:00:00+08:00,1652270400,20.7,7.4,7.68,300.0,59.3,2.4,0.062,0.096,1.94,,,Ⅱ
2022-05-12T00:00:00+08:00,1652284800,20.6,7.52,7.56,302.1,92.1,2.28,0.06,0.088,1.91,,,Ⅱ
2022-05-12T04:00:00+08:00,1652299200,20.5,7.41,7.64,300.5,53.2,2.28,0.06,0.088,1.91,,,Ⅱ
2022-05-12T08:00:00+08:00,1652313600,20.5,7.39,7.73,302.0,35.9,2.38,0.055,0.095,1.88,,,Ⅱ
2022-05-12T12:00:00+08:00,1652328000,20.8,7.36,7.61,301.5,49.3,2.0,0.046,0.08,1.81,,,Ⅱ
2022-05-12T16:00:00+08:00,1652342400,20.8,7.39,7.75,301.3,59.8,2.15,0.06,0.089,1.9,,,Ⅱ
2022-05-16T08:00:00+08:00,1652659200,20.9,7.37,7.48,300.6,35.2,1.89,0.03,0.072,1.67,,,Ⅱ
2022-05-16T16:00:00+08:00,1652688000,21.8,7.4,7.73,314.6,29.7,2.04,0.052,0.075,1.7,,,Ⅱ
2022-05-16T20:00:00+08:00,1652702400,21.6,7.47,7.61,308.2,69.4,2.29,0.074,0.077,1.88,,,Ⅱ
2022-05-17T08:00:00+08:00,1652745600,21.2,7.1,7.67,315.2,49.7,2.02,0.044,0.076,1.71,,,Ⅱ
2022-05-17T12:00:00+08:00,1652760000,21.5,7.4,7.91,313.8,41.9,2.21,0.042,0.084,1.78,,,Ⅱ
2022-05-17T16:00:00+08:00,1652774400,21.9,7.45,8.04,315.4,36.3,1.92,0.028,0.078,1.76,,,Ⅱ
2022-05-17T20:00:00+08:00,1652788800,21.8,7.46,7.87,316.2,33.3,2.0,0.038,0.078,1.75,,,Ⅱ
2022-05-18T00:00:00+08:00,1652803200,21.8,7.79,7.83,318.5,84.4,2.02,0.076,0.08,1.8,,,Ⅱ
2022-05-18T08:00:00+08:00,1652832000,21.6,7.44,7.64,316.6,62.3,2.66,0.064,0.101,1.97,,,Ⅲ
2022-05-18T12:00:00+08:00,1652846400,21.5,7.44,8.0,319.9,46.7,2.29,0.067,0.092,1.83,,,Ⅱ
2022-05-18T16:00:00+08:00,1652860800,21.7,7.51,8.06,321.6,37.5,2.06,0.029,0.086,1.8,,,Ⅱ
2022-05-18T20:00:00+08:00,1652875200,21.7,7.49,7.93,322.0,35.8,1.97,0.031,0.076,1.77,,,Ⅱ
2022-05-19T00:00:00+08:00,1652889600,21.8,7.73,7.85,322.3,108.6,2.04,0.045,0.075,1.71,,,Ⅱ
2022-05-19T04:00:00+08:00,1652904000,21.6,7.71,7.79,324.4,118.6,2.4,0.044,0.084,1.87,,,Ⅱ
2022-05-19T08:00:00+08:00,1652918400,21.6,7.45,7.48,318.1,65.7,2.32,0.048,0.084,1.84,,,Ⅱ
2022-05-19T12:00:00+08:00,1652932800,21.0,7.49,7.84,325.6,66.4,2.37,0.093,0.094,1.76,,,Ⅱ
2022-05-19T16:00:00+08:00,1652947200,21.1,7.48,7.9,327.1,38.5,2.09,0.034,0.082,1.77,,,Ⅱ
2022-05-19T20:00:00+08:00,1652961600,21.1,7.44,7.62,328.3,27.3,1.89,0.031,0.074,1.77,,,Ⅱ
2022-05-20T00:00:00+08:00,1652976000,21.2,7.66,7.63,328.8,151.4,1.88,0.074,0.073,1.76,,,Ⅱ
2022-05-20T04:00:00+08:00,1652990400,21.1,7.75,7.47,330.9,137.9,2.22,0.071,0.087,1.85,,,Ⅱ
2022-05-20T08:00:00+08:00,1653004800,21.2,7.36,6.78,328.7,49.1,2.23,0.074,0.086,1.84,,,Ⅱ
2022-05-20T12:00:00+08:00,1653019200,21.4,7.47,7.72,325.0,62.2,2.25,0.237,0.097,1.91,,,Ⅱ
2022-05-20T16:00:00+08:00,1653033600,21.7,7.48,7.86,324.9,52.0,2.03,0.045,0.084,1.81,,,Ⅱ
2022-05-20T20:00:00+08:00,1653048000,21.8,7.48,7.73,326.2,32.8,1.88,0.039,0.078,1.76,,,Ⅱ
2022-05-21T00:00:00+08:00,1653062400,21.8,7.6,7.65,328.1,80.6,1.76,0.049,0.073,1.81,,,Ⅱ
2022-05-21T04:00:00+08:00,1653076800,21.8,7.58,7.62,328.3,87.1,1.94,0.086,0.083,1.86,,,Ⅱ
2022-05-21T08:00:00+08:00,1653091200,21.8,7.38,7.04,328.5,44.3,2.07,0.057,0.081,1.85,,,Ⅱ
2022-05-21T12:00:00+08:00,1653105600,21.6,7.42,7.54,325.7,57.3,2.03,0.108,0.091,1.8,,,Ⅱ
2022-05-21T16:00:00+08:00,1653120000,21.8,7.44,7.71,320.0,46.6,1.89,0.052,0.086,1.86,,,Ⅱ
2022-05-21T20:00:00+08:00,1653134400,22.0,7.46,7.61,323.0,38.6,1.9,0.034,0.08,1.85,,,Ⅱ
2022-05-22T00:00:00+08:00,1653148800,22.0,7.74,7.53,323.8,112.1,1.81,0.044,0.076,1.9,,,Ⅱ
2022-05-22T04:00:00+08:00,1653163200,22.0,7.83,7.42,327.7,80.3,1.91,0.051,0.085,1.86,,,Ⅱ
2022-05-22T08:00:00+08:00,1653177600,22.0,7.43,7.35,328.8,54.2,1.74,0.055,0.077,1.9,,,Ⅱ
2022-05-22T12:00:00+08:00,1653192000,22.1,7.46,7.58,326.3,54.1,1.92,0.059,0.082,1.9,,,Ⅱ
2022-05-22T16:00:00+08:00,1653206400,22.0,7.49,7.59,322.0,63.5,1.94,0.047,0.082,1.84,,,Ⅱ
2022-05-22T20:00:00+08:00,1653220800,22.0,7.52,7.56,323.0,64.2,1.98,0.035,0.085,1.86,,,Ⅱ
2022-05-23T00:00:00+08:00,1653235200,22.1,7.7,7.47,327.5,145.2,1.16,0.039,0.08,1.89,,,Ⅱ
2022-05-23T04:00:00+08:00,1653249600,22.1,7.5,7.38,326.9,69.8,1.82,0.051,0.098,2.01,,,Ⅱ
2022-05-23T08:00:00+08:00,1653264000,22.1,7.46,7.38,327.1,49.7,1.78,0.045,0.086,1.89,,,Ⅱ
2022-05-23T12:00:00+08:00,1653278400,22.6,7.42,7.48,335.7,51.5,1.73,0.044,0.082,1.94,,,Ⅱ
2022-05-23T16:00:00+08:00,1653292800,22.2,7.44,7.61,323.1,47.3,1.97,0.077,0.089,2.04,,,Ⅱ
2022-05-24T08:00:00+08:00,1653350400,21.8,7.45,7.46,326.7,39.5,1.54,0.037,0.073,1.85,,,Ⅱ
2022-05-24T12:00:00+08:00,1653364800,22.4,7.38,7.38,332.6,42.1,1.47,0.038,0.075,1.93,,,Ⅱ
2022-05-24T16:00:00+08:00,1653379200,21.8,7.44,7.62,324.3,44.4,1.97,0.105,0.082,1.89,,,Ⅱ
2022-05-24T20:00:00+08:00,1653393600,21.5,7.52,7.64,323.9,75.1,1.73,0.047,0.078,1.77,,,Ⅱ
2022-05-25T00:00:00+08:00,1653408000,21.4,7.52,7.54,324.5,72.4,1.81,0.047,0.084,1.86,,,Ⅱ
2022-05-25T04:00:00+08:00,1653422400,21.4,7.49,7.52,325.1,49.9,1.81,0.047,0.084,1.86,,,Ⅱ
2022-05-25T08:00:00+08:00,1653436800,21.6,7.5,7.54,327.0,77.1,1.7,0.036,0.076,1.84,,,Ⅱ
2022-05-25T12:00:00+08:00,1653451200,22.1,7.41,7.56,324.5,46.7,1.67,0.047,0.085,1.89,,,Ⅱ
2022-05-25T16:00:00+08:00,1653465600,22.2,7.43,7.63,325.0,53.4,1.72,0.07,0.08,1.81,,,Ⅱ
2022-05-25T20:00:00+08:00,1653480000,22.1,7.45,7.51,323.3,61.4,1.89,0.061,0.084,1.9,,,Ⅱ
2022-05-26T00:00:00+08:00,1653494400,22.0,7.47,7.46,323.6,46.6,1.78,0.043,0.082,1.86,,,Ⅱ
2022-05-26T04:00:00+08:00,1653508800,21.9,7.45,7.35,323.7,34.0,1.78,0.043,0.082,1.86,,,Ⅱ
2022-05-26T08:00:00+08:00,1653523200,21.9,7.48,7.33,325.3,63.6,1.66,0.027,0.071,1.76,,,Ⅱ
2022-05-26T12:00:00+08:00,1653537600,21.9,7.43,7.46,326.0,45.4,1.77,0.047,0.087,1.88,,,Ⅱ
2022-05-26T16:00:00+08:00,1653552000,21.8,7.42,7.4,325.1,43.9,1.73,0.056,0.079,1.82,,,Ⅱ
2022-05-26T20:00:00+08:00,1653566400,21.5,7.44,7.36,323.8,54.1,1.75,0.063,0.08,1.79,,,Ⅱ
2022-05-27T00:00:00+08:00,1653580800,21.4,7.52,7.38,324.4,45.7,1.78,0.054,0.079,1.8,,,Ⅱ
2022-05-27T04:00:00+08:00,1653595200,21.3,7.49,7.31,324.3,55.7,1.56,0.058,0.078,1.8,,,Ⅱ
2022-05-27T08:00:00+08:00,1653609600,21.4,7.43,7.3,325.7,54.6,1.63,0.04,0.078,1.72,,,Ⅱ
2022-05-27T16:00:00+08:00,1653638400,22.1,7.37,7.22,325.5,36.5,1.58,0.046,0.073,1.81,,,Ⅱ
2022-05-27T20:00:00+08:00,1653652800,22.2,7.46,7.18,326.6,73.6,1.72,0.058,0.075,1.78,,,Ⅱ
2022-05-28T00:00:00+08:00,1653667200,21.9,7.5,7.28,326.8,68.5,1.84,0.069,0.081,1.72,,,Ⅱ
2022-05-28T04:00:00+08:00,1653681600,22.1,7.36,7.06,326.5,37.8,1.86,0.049,0.078,1.75,,,Ⅱ
2022-05-28T08:00:00+08:00,1653696000,22.0,7.37,7.16,327.8,36.9,1.89,0.08,0.074,1.79,,,Ⅱ
2022-05-28T12:00:00+08:00,1653710400,22.1,7.41,7.44,326.9,29.4,1.6,0.05,0.077,1.75,,,Ⅱ
2022-05-28T16:00:00+08:00,1653724800,22.2,7.41,7.4,327.4,22.0,1.68,0.038,0.082,1.74,,,Ⅱ
2022-05-28T20:00:00+08:00,1653739200,22.2,7.41,7.38,327.6,26.2,1.62,0.036,0.066,1.69,,,Ⅱ
2022-05-29T00:00:00+08:00,1653753600,22.2,7.46,7.21,329.9,74.6,1.69,0.039,0.068,1.73,,,Ⅱ
2022-05-29T04:00:00+08:00,1653768000,22.3,7.36,6.91,327.8,39.5,1.84,0.075,0.091,1.9,,,Ⅱ
2022-05-29T08:00:00+08:00,1653782400,22.1,7.4,7.27,330.5,43.9,1.89,0.091,0.08,1.8,,,Ⅱ
2022-05-29T12:00:00+08:00,1653796800,22.4,7.4,7.44,328.1,35.2,1.69,0.042,0.08,1.67,,,Ⅱ
2022-05-29T16:00:00+08:00,1653811200,22.7,7.41,7.41,330.7,30.7,1.73,0.033,0.074,1.74,,,Ⅱ
2022-05-29T20:00:00+08:00,1653825600,22.7,7.39,7.16,330.1,22.8,1.63,0.053,0.076,1.79,,,Ⅱ
2022-05-30T00:00:00+08:00,1653840000,22.8,7.5,7.16,332.7,79.4,1.64,0.04,0.068,1.65,,,Ⅱ
2022-05-30T04:00:00+08:00,1653854400,22.8,7.33,6.66,337.6,36.9,1.99,0.063,0.09,1.79,,,Ⅱ
2022-05-30T12:00:00+08:00,1653883200,22.8,7.4,7.37,326.0,37.8,1.78,0.042,0.094,1.92,,,Ⅱ
2022-05-30T16:00:00+08:00,1653897600,23.0,7.4,7.23,327.6,27.2,1.79,0.029,0.076,1.85,,,Ⅱ
2022-05-30T20:00:00+08:00,1653912000,22.9,7.39,7.14,328.0,23.9,1.74,0.045,0.073,1.78,,,Ⅱ
2022-05-31T00:00:00+08:00,1653926400,22.8,7.74,7.12,331.3,81.8,1.74,0.045,0.073,1.78,,,Ⅱ
2022-05-31T04:00:00+08:00,1653940800,22.7,7.39,6.97,330.9,36.9,1.79,0.048,0.08,1.75,,,Ⅱ
2022-05-31T08:00:00+08:00,1653955200,22.5,7.4,7.02,327.5,46.8,1.88,0.056,0.085,1.74,,,Ⅱ
2022-05-31T12:00:00+08:00,1653969600,22.7,7.43,7.42,325.5,34.2,1.74,0.027,0.078,1.8,,,Ⅱ
2022-05-31T16:00:00+08:00,1653984000,23.0,7.45,7.54,326.7,26.1,1.66,0.03,0.069,1.8,,,Ⅱ
2022-06-01T00:00:00+08:00,1654012800,22.9,7.58,7.23,330.0,102.5,1.7,0.035,0.067,1.76,,,Ⅱ
2022-06-01T04:00:00+08:00,1654027200,22.8,7.44,7.16,328.7,48.0,1.93,0.054,0.078,1.76,,,Ⅱ
2022-06-01T08:00:00+08:00,1654041600,22.8,7.42,7.21,327.5,50.3,1.85,0.049,0.085,1.8,,,Ⅱ
2022-06-01T16:00:00+08:00,1654070400,23.4,7.43,7.38,325.3,29.7,1.82,0.041,0.089,1.86,,,Ⅱ
2022-06-01T20:00:00+08:00,1654084800,23.4,7.43,7.26,324.0,20.1,1.74,0.043,0.071,1.81,,,Ⅱ
2022-06-02T00:00:00+08:00,1654099200,23.5,7.46,7.17,326.0,58.1,1.82,0.05,0.065,1.6,,,Ⅱ
2022-06-02T08:00:00+08:00,1654128000,23.4,7.45,7.4,322.3,48.4,2.02,0.053,0.073,1.73,,,Ⅱ
2022-06-02T12:00:00+08:00,1654142400,23.7,7.5,7.44,321.1,42.6,1.67,0.032,0.074,1.84,,,Ⅱ
2022-06-02T20:00:00+08:00,1654171200,24.3,7.5,7.43,325.0,25.5,1.47,0.036,0.068,1.77,,,Ⅱ
2022-06-03T04:00:00+08:00,1654200000,24.1,7.56,7.12,328.0,54.6,1.75,0.057,0.08,1.87,,,Ⅱ
2022-06-03T12:00:00+08:00,1654228800,23.8,7.45,7.07,319.0,46.9,1.88,0.054,0.084,1.81,,,Ⅱ
2022-06-03T20:00:00+08:00,1654257600,24.2,7.45,7.06,320.3,24.0,1.72,0.037,0.073,1.74,,,Ⅱ
2022-06-04T00:00:00+08:00,1654272000,24.3,7.5,7.07,322.8,97.1,1.71,0.057,0.072,1.6,,,Ⅱ
2022-06-04T08:00:00+08:00,1654300800,24.5,7.47,7.31,319.3,61.2,1.89,0.046,0.075,1.68,,,Ⅱ
2022-06-04T12:00:00+08:00,1654315200,24.0,7.45,7.05,311.6,48.5,2.23,0.088,0.098,1.75,,,Ⅱ
2022-06-04T16:00:00+08:00,1654329600,24.2,7.47,7.1,307.4,37.2,1.85,0.034,0.08,1.85,,,Ⅱ
2022-06-04T20:00:00+08:00,1654344000,24.3,7.42,6.84,314.1,26.0,1.81,0.048,0.07,1.85,,,Ⅱ
2022-06-05T04:00:00+08:00,1654372800,24.4,7.5,6.8,314.9,37.1,1.81,0.048,0.07,1.85,,,Ⅱ
2022-06-05T08:00:00+08:00,1654387200,24.2,7.4,6.67,317.2,34.1,1.89,0.079,0.082,1.74,,,Ⅱ
2022-06-05T12:00:00+08:00,1654401600,24.5,6.96,6.26,320.2,38.5,1.72,0.112,0.079,2.47,,,Ⅱ
2022-06-05T20:00:00+08:00,1654430400,24.7,7.24,6.42,329.6,33.5,1.75,0.119,0.064,2.37,,,Ⅱ
2022-06-06T00:00:00+08:00,1654444800,24.7,7.53,6.41,332.6,91.0,2.04,0.106,0.069,2.11,,,Ⅱ
2022-06-06T04:00:00+08:00,1654459200,24.6,7.54,6.51,330.8,119.6,2.04,0.106,0.069,2.11,,,Ⅱ
2022-06-06T08:00:00+08:00,1654473600,24.4,7.37,6.47,323.0,51.2,2.72,0.108,0.106,1.9,,,Ⅲ
2022-06-06T12:00:00+08:00,1654488000,24.4,7.37,6.44,306.8,66.7,2.18,0.08,0.091,1.75,,,Ⅱ
2022-06-06T16:00:00+08:00,1654502400,24.5,7.4,6.65,302.4,40.4,2.11,0.112,0.094,1.93,,,Ⅱ
2022-06-06T20:00:00+08:00,1654516800,24.6,7.34,6.25,306.7,47.3,1.91,0.071,0.078,1.83,,,Ⅱ
2022-06-07T00:00:00+08:00,1654531200,24.6,7.34,6.05,308.4,45.0,2.01,0.116,0.083,1.93,,,Ⅱ
2022-06-07T04:00:00+08:00,1654545600,24.4,7.35,6.27,306.8,25.2,1.97,0.15,0.084,1.84,,,Ⅱ
2022-06-07T08:00:00+08:00,1654560000,24.3,7.42,6.63,304.3,33.6,1.68,0.079,0.073,1.78,,,Ⅱ
2022-06-07T12:00:00+08:00,1654574400,24.7,7.49,7.16,301.4,35.4,1.75,0.067,0.071,1.66,,,Ⅱ
2022-06-07T16:00:00+08:00,1654588800,24.6,7.48,7.08,300.9,41.9,2.02,0.051,0.072,1.52,,,Ⅱ
2022-06-07T20:00:00+08:00,1654603200,24.8,7.52,7.32,303.5,46.3,2.01,0.041,0.074,1.57,,,Ⅱ
2022-06-08T00:00:00+08:00,1654617600,24.8,7.55,7.2,304.5,52.8,2.07,0.051,0.071,1.7,,,Ⅱ
2022-06-08T04:00:00+08:00,1654632000,24.4,7.44,6.71,305.2,26.4,2.22,0.079,0.077,1.6,,,Ⅱ
2022-06-08T12:00:00+08:00,1654660800,24.4,7.36,6.44,306.8,34.3,1.82,0.077,0.071,1.64,,,Ⅱ
2022-06-08T16:00:00+08:00,1654675200,24.6,7.4,6.63,304.7,41.4,1.97,0.066,0.074,1.64,,,Ⅱ
2022-06-09T00:00:00+08:00,1654704000,24.7,7.43,6.5,305.5,56.8,1.96,0.06,0.074,1.67,,,Ⅱ
2022-06-09T04:00:00+08:00,1654718400,24.5,7.39,6.41,302.7,29.7,2.08,0.102,0.08,1.81,,,Ⅱ
2022-06-09T08:00:00+08:00,1654732800,24.5,7.38,6.42,302.0,30.8,1.89,0.062,0.07,1.72,,,Ⅱ
2022-06-09T12:00:00+08:00,1654747200,24.7,7.44,6.51,300.3,33.0,1.82,0.05,0.069,1.62,,,Ⅱ
2022-06-09T16:00:00+08:00,1654761600,24.9,7.38,6.53,297.3,44.7,1.87,0.052,0.073,1.62,,,Ⅱ
2022-06-09T20:00:00+08:00,1654776000,24.9,7.41,6.34,295.1,49.9,1.98,0.053,0.073,1.62,,,Ⅱ
2022-06-10T00:00:00+08:00,1654790400,24.9,7.41,6.33,298.9,35.1,1.98,0.053,0.073,1.62,,,Ⅱ
2022-06-10T04:00:00+08:00,1654804800,24.8,7.4,6.37,296.2,29.7,1.96,0.05,0.068,1.55,,,Ⅱ
2022-06-10T08:00:00+08:00,1654819200,24.7,7.42,6.46,295.9,45.6,1.97,0.053,0.073,1.66,,,Ⅱ
2022-06-10T12:00:00+08:00,1654833600,25.0,7.43,6.66,296.1,36.7,1.97,0.043,0.069,1.69,,,Ⅱ
2022-06-10T16:00:00+08:00,1654848000,25.1,7.52,6.7,295.9,119.4,2.41,0.059,0.093,1.9,,,Ⅱ
2022-06-10T20:00:00+08:00,1654862400,25.0,7.47,6.69,294.9,46.4,2.13,0.057,0.077,1.82,,,Ⅱ
2022-06-11T00:00:00+08:00,1654876800,24.9,7.47,6.41,295.8,57.3,2.13,0.057,0.077,1.82,,,Ⅱ
2022-06-11T04:00:00+08:00,1654891200,24.8,7.43,6.43,296.1,34.5,2.08,0.07,0.073,1.62,,,Ⅱ
2022-06-11T08:00:00+08:00,1654905600,24.7,7.44,6.52,294.4,36.9,2.01,0.053,0.073,1.61,,,Ⅱ
2022-06-11T12:00:00+08:00,1654920000,24.9,7.42,6.44,290.2,45.4,2.04,0.042,0.075,1.66,,,Ⅱ
2022-06-11T16:00:00+08:00,1654934400,25.3,7.45,6.62,291.6,55.0,2.27,0.047,0.081,1.66,,,Ⅱ
2022-06-11T20:00:00+08:00,1654948800,25.2,7.46,6.54,290.6,41.0,2.16,0.044,0.076,1.62,,,Ⅱ
2022-06-12T00:00:00+08:00,1654963200,25.0,7.38,6.08,290.2,35.2,2.16,0.044,0.076,1.62,,,Ⅱ
2022-06-12T04:00:00+08:00,1654977600,24.9,7.37,6.08,293.6,31.0,1.95,0.086,0.072,1.88,,,Ⅱ
2022-06-12T08:00:00+08:00,1654992000,24.8,7.24,6.16,293.1,35.2,1.98,0.058,0.074,1.66,,,Ⅱ
2022-06-12T12:00:00+08:00,1655006400,24.8,7.32,6.18,288.7,40.2,1.98,0.052,0.073,1.66,,,Ⅱ
2022-06-12T16:00:00+08:00,1655020800,24.8,7.36,6.22,288.2,45.7,2.12,0.045,0.078,1.62,,,Ⅱ
2022-06-12T20:00:00+08:00,1655035200,24.6,7.36,6.16,286.3,42.9,2.06,0.048,0.079,1.64,,,Ⅱ
2022-06-13T00:00:00+08:00,1655049600,24.5,7.34,6.06,287.5,37.0,2.06,0.048,0.079,1.64,,,Ⅱ
2022-06-13T04:00:00+08:00,1655064000,24.5,7.3,5.75,288.8,33.7,2.03,0.085,0.076,1.63,,,Ⅲ
2022-06-13T08:00:00+08:00,1655078400,24.5,7.31,5.81,287.2,41.4,1.95,0.068,0.078,1.55,,,Ⅲ
2022-06-13T12:00:00+08:00,1655092800,24.7,7.37,6.18,279.8,52.2,2.05,0.04,0.078,1.66,,,Ⅱ
2022-06-13T16:00:00+08:00,1655107200,24.9,7.4,6.27,281.8,62.8,2.24,0.036,0.08,1.65,,,Ⅱ
2022-06-13T20:00:00+08:00,1655121600,24.9,7.37,6.01,282.4,57.4,2.22,0.045,0.082,1.7,,,Ⅱ
2022-06-14T00:00:00+08:00,1655136000,24.8,7.39,5.71,285.4,48.4,2.22,0.045,0.082,1.7,,,Ⅲ
2022-06-14T04:00:00+08:00,1655150400,24.7,7.3,5.54,286.4,33.1,2.03,0.085,0.077,1.72,,,Ⅲ
2022-06-14T08:00:00+08:00,1655164800,24.6,7.28,5.44,285.6,47.5,2.23,0.11,0.089,1.62,,,Ⅲ
2022-06-14T16:00:00+08:00,1655193600,25.2,7.4,6.3,279.8,51.3,2.06,0.036,0.08,1.59,,,Ⅱ
2022-06-14T20:00:00+08:00,1655208000,25.2,7.36,6.06,280.2,36.9,2.04,0.052,0.073,1.59,,,Ⅱ
2022-06-15T00:00:00+08:00,1655222400,25.3,7.31,5.76,283.4,32.5,2.04,0.052,0.073,1.59,,,Ⅲ
2022-06-15T04:00:00+08:00,1655236800,25.2,7.29,5.63,283.8,32.2,2.0,0.074,0.073,1.56,,,Ⅲ
2022-06-15T08:00:00+08:00,1655251200,25.1,7.29,5.7,281.3,33.2,2.0,0.074,0.073,1.56,,,Ⅲ
2022-06-15T12:00:00+08:00,1655265600,25.4,7.36,5.91,274.6,65.0,1.89,0.064,0.075,1.58,,,Ⅲ
2022-06-15T16:00:00+08:00,1655280000,25.8,7.43,5.82,275.8,53.9,2.1,0.035,0.082,1.58,,,Ⅲ
2022-06-15T20:00:00+08:00,1655294400,25.9,7.35,5.56,279.1,58.6,2.05,0.035,0.08,1.6,,,Ⅲ
2022-06-16T00:00:00+08:00,1655308800,25.8,7.35,5.51,279.9,61.7,2.03,0.074,0.086,1.59,,,Ⅲ
2022-06-16T04:00:00+08:00,1655323200,25.5,7.3,5.42,275.1,39.2,2.03,0.074,0.086,1.59,,,Ⅲ
2022-06-16T12:00:00+08:00,1655352000,25.7,7.38,5.85,268.5,73.1,2.02,0.052,0.079,1.52,,,Ⅲ
2022-06-16T16:00:00+08:00,1655366400,26.1,7.36,5.78,272.2,47.7,2.18,0.037,0.085,1.59,,,Ⅲ
2022-06-16T20:00:00+08:00,1655380800,26.2,7.45,6.13,277.0,98.6,2.1,0.057,0.08,1.65,,,Ⅱ
2022-06-17T00:00:00+08:00,1655395200,26.1,7.52,5.79,276.5,107.4,2.33,0.066,0.092,1.6,,,Ⅲ
2022-06-17T04:00:00+08:00,1655409600,25.8,7.25,5.45,272.2,44.1,2.33,0.066,0.092,1.6,,,Ⅲ
2022-06-17T08:00:00+08:00,1655424000,25.8,7.32,5.51,273.2,76.2,2.06,0.056,0.079,1.6,,,Ⅲ
2022-06-17T12:00:00+08:00,1655438400,26.0,7.35,5.6,268.4,69.4,2.13,0.051,0.089,1.66,,,Ⅲ
2022-06-17T16:00:00+08:00,1655452800,26.4,7.36,5.72,270.6,55.2,2.11,0.032,0.084,1.6,,,Ⅲ
2022-06-17T20:00:00+08:00,1655467200,26.6,7.39,6.1,284.6,56.9,2.07,0.044,0.08,1.67,,,Ⅱ
2022-06-18T00:00:00+08:00,1655481600,26.5,7.39,5.76,273.8,88.1,2.22,0.048,0.076,1.49,,,Ⅲ
2022-06-18T04:00:00+08:00,1655496000,26.2,7.33,5.49,270.9,42.8,2.22,0.048,0.076,1.49,,,Ⅲ
2022-06-18T08:00:00+08:00,1655510400,26.4,7.37,5.99,272.4,49.9,2.01,0.051,0.075,1.54,,,Ⅲ
2022-06-18T12:00:00+08:00,1655524800,26.5,7.34,5.6,270.8,66.8,2.16,0.059,0.079,1.59,,,Ⅲ
2022-06-18T16:00:00+08:00,1655539200,26.9,7.36,5.64,268.8,50.6,2.19,0.044,0.086,1.59,,,Ⅲ
2022-06-18T20:00:00+08:00,1655553600,27.1,7.41,6.02,272.8,81.2,2.03,0.033,0.075,1.59,,,Ⅱ
2022-06-19T00:00:00+08:00,1655568000,27.0,7.42,5.85,273.3,89.2,2.22,0.051,0.08,1.56,,,Ⅲ
2022-06-19T04:00:00+08:00,1655582400,26.6,7.35,5.59,271.7,41.1,2.22,0.051,0.08,1.56,,,Ⅲ
2022-06-19T08:00:00+08:00,1655596800,26.6,7.36,5.72,272.2,50.7,2.09,0.049,0.07,1.42,,,Ⅲ
2022-06-19T12:00:00+08:00,1655611200,26.6,7.35,5.6,268.9,70.5,2.15,0.05,0.075,1.48,,,Ⅲ
2022-06-19T16:00:00+08:00,1655625600,26.9,7.36,5.6,267.3,53.5,2.09,0.037,0.08,1.59,,,Ⅲ
2022-06-19T20:00:00+08:00,1655640000,27.1,7.41,5.85,272.3,60.2,2.09,0.035,0.075,1.44,,,Ⅲ
2022-06-20T00:00:00+08:00,1655654400,27.1,7.42,5.79,272.1,92.7,2.05,0.04,0.073,1.48,,,Ⅲ
2022-06-20T04:00:00+08:00,1655668800,26.8,7.36,5.63,269.3,46.7,2.05,0.04,0.073,1.48,,,Ⅲ
2022-06-20T08:00:00+08:00,1655683200,26.7,7.36,5.6,271.8,43.4,2.11,0.042,0.076,1.45,,,Ⅲ
2022-06-20T12:00:00+08:00,1655697600,26.6,7.39,5.62,269.5,67.0,2.03,0.047,0.073,1.4,,,Ⅲ
2022-06-20T16:00:00+08:00,1655712000,27.5,7.38,5.69,262.3,53.1,2.1,0.044,0.089,1.6,,,Ⅲ
2022-06-20T20:00:00+08:00,1655726400,27.7,7.38,5.68,267.1,65.9,1.94,0.042,0.077,1.46,,,Ⅲ
2022-06-21T00:00:00+08:00,1655740800,27.7,7.41,5.76,266.6,70.4,1.98,0.048,0.074,1.38,,,Ⅲ
2022-06-21T04:00:00+08:00,1655755200,27.4,7.36,5.67,265.4,45.5,1.98,0.048,0.074,1.38,,,Ⅲ
2022-06-21T08:00:00+08:00,1655769600,27.3,7.35,5.69,265.8,47.9,2.02,0.04,0.072,1.42,,,Ⅲ
2022-06-21T12:00:00+08:00,1655784000,27.5,7.37,5.7,265.5,62.5,2.03,0.043,0.074,1.4,,,Ⅲ
2022-06-22T08:00:00+08:00,1655856000,27.4,7.36,5.78,265.7,45.3,2.15,0.036,0.078,1.62,,,Ⅲ
2022-06-22T12:00:00+08:00,1655870400,27.6,7.36,5.71,267.1,42.2,1.98,0.034,0.077,1.46,,,Ⅲ
2022-06-22T16:00:00+08:00,1655884800,27.7,7.35,5.66,267.0,38.2,2.01,0.048,0.072,1.37,,,Ⅲ
2022-06-22T20:00:00+08:00,1655899200,27.6,7.44,5.66,268.9,37.6,2.07,0.053,0.071,1.37,,,Ⅲ
2022-06-23T00:00:00+08:00,1655913600,27.7,7.33,5.6,267.7,30.8,2.01,0.061,0.07,1.36,,,Ⅲ
2022-06-23T04:00:00+08:00,1655928000,27.6,7.32,5.49,269.4,26.4,2.01,0.061,0.07,1.36,,,Ⅲ
2022-06-23T08:00:00+08:00,1655942400,27.6,7.34,5.63,269.5,33.3,1.97,0.091,0.068,1.4,,,Ⅲ
2022-06-23T12:00:00+08:00,1655956800,27.6,7.36,5.83,267.6,33.3,1.97,0.064,0.074,1.3,,,Ⅲ
2022-06-23T16:00:00+08:00,1655971200,27.7,7.38,5.82,267.9,33.4,1.9,0.066,0.073,1.45,,,Ⅲ
2022-07-04T12:00:00+08:00,1656907200,28.3,7.46,6.05,264.2,62.8,2.0,0.035,0.086,1.39,,,Ⅱ
2022-07-04T16:00:00+08:00,1656921600,28.7,7.46,6.19,264.5,43.4,2.0,0.035,0.086,1.39,,,Ⅱ
2022-07-11T08:00:00+08:00,1657497600,28.6,7.48,6.13,291.6,59.2,1.95,0.069,0.084,1.25,,,Ⅱ
2022-07-11T12:00:00+08:00,1657512000,29.1,7.45,6.02,293.2,41.2,1.66,0.04,0.077,1.31,,,Ⅱ
2022-07-11T16:00:00+08:00,1657526400,29.4,7.43,5.81,293.8,53.2,1.6,0.061,0.076,1.3,,,Ⅲ
2022-07-13T08:00:00+08:00,1657670400,29.4,7.5,6.01,293.4,72.9,1.91,0.045,0.074,1.22,,,Ⅱ
2022-07-13T12:00:00+08:00,1657684800,29.7,7.51,6.16,294.8,46.8,1.88,0.039,0.083,1.39,,,Ⅱ
2022-07-13T16:00:00+08:00,1657699200,30.3,7.54,6.42,293.5,36.5,1.75,0.03,0.076,1.23,,,Ⅱ
2022-07-18T12:00:00+08:00,1658116800,30.0,7.79,5.46,278.5,54.8,1.86,0.135,0.076,1.26,,,Ⅲ
2022-07-18T16:00:00+08:00,1658131200,30.2,7.81,5.59,277.0,42.6,1.93,0.095,0.082,1.32,,,Ⅲ
2022-07-19T16:00:00+08:00,1658217600,30.7,7.82,5.7,272.3,47.6,1.76,0.056,0.077,1.22,,,Ⅲ
2022-07-20T12:00:00+08:00,1658289600,30.7,7.74,5.61,276.1,52.4,1.8,0.068,0.075,1.26,,,Ⅲ
2022-07-20T16:00:00+08:00,1658304000,30.8,7.8,5.72,270.0,46.3,1.85,0.059,0.084,1.2,,,Ⅲ
2022-07-21T08:00:00+08:00,1658361600,30.4,7.79,5.68,272.1,33.8,1.81,0.04,0.074,1.22,,,Ⅲ
2022-07-21T12:00:00+08:00,1658376000,30.3,7.76,5.53,275.0,54.4,1.94,0.062,0.084,1.31,,,Ⅲ
2022-07-22T08:00:00+08:00,1658448000,30.5,7.79,5.65,271.1,36.0,1.99,0.036,0.08,1.27,,,Ⅲ
2022-07-22T12:00:00+08:00,1658462400,30.8,7.68,5.65,274.2,38.4,1.8,0.035,0.074,1.22,,,Ⅲ
2022-07-22T20:00:00+08:00,1658491200,31.3,7.7,5.58,274.6,47.6,1.98,0.04,0.078,1.34,,,Ⅲ
2022-07-23T00:00:00+08:00,1658505600,31.4,7.76,5.58,277.7,134.5,1.98,0.055,0.082,1.26,,,Ⅲ
2022-07-23T04:00:00+08:00,1658520000,31.0,7.73,5.58,273.4,65.6,1.98,0.055,0.082,1.26,,,Ⅲ
2022-07-23T08:00:00+08:00,1658534400,30.9,7.73,5.63,272.7,37.6,2.09,0.033,0.112,1.24,,,Ⅲ
2022-07-23T12:00:00+08:00,1658548800,31.2,7.73,5.77,276.1,34.9,1.77,0.026,0.099,1.19,,,Ⅲ
2022-07-23T16:00:00+08:00,1658563200,31.3,7.73,5.77,276.7,47.0,1.78,0.049,0.075,1.24,,,Ⅲ
2022-07-23T20:00:00+08:00,1658577600,31.2,7.74,5.76,278.2,54.5,1.93,0.045,0.081,1.26,,,Ⅲ
2022-07-24T00:00:00+08:00,1658592000,31.1,7.76,5.82,280.9,72.6,2.03,0.053,0.082,1.24,,,Ⅲ
2022-07-24T04:00:00+08:00,1658606400,30.7,7.75,5.85,278.3,60.2,2.09,0.061,0.09,1.34,,,Ⅲ
2022-07-24T08:00:00+08:00,1658620800,30.6,7.75,5.81,273.8,42.0,2.1,0.065,0.09,1.35,,,Ⅲ
2022-07-24T12:00:00+08:00,1658635200,30.8,7.76,5.9,275.5,37.9,1.93,0.039,0.08,1.35,,,Ⅲ
2022-07-24T16:00:00+08:00,1658649600,31.1,7.76,6.0,280.1,44.2,1.86,0.048,0.08,1.25,,,Ⅱ
2022-07-24T20:00:00+08:00,1658664000,31.2,7.77,5.85,278.0,75.2,2.0,0.077,0.084,1.31,,,Ⅲ
2022-07-25T00:00:00+08:00,1658678400,31.1,7.78,5.8,279.4,90.6,2.05,0.074,0.092,1.32,,,Ⅲ
2022-07-25T04:00:00+08:00,1658692800,30.9,7.73,5.71,278.5,60.5,2.16,0.086,0.099,1.33,,,Ⅲ
2022-07-25T12:00:00+08:00,1658721600,31.1,7.75,5.79,275.7,35.0,1.85,0.034,0.083,1.26,,,Ⅲ
2022-07-25T16:00:00+08:00,1658736000,31.4,7.74,5.83,282.2,64.9,1.92,0.055,0.079,1.23,,,Ⅲ
2022-07-25T20:00:00+08:00,1658750400,31.4,7.78,5.81,278.2,123.2,2.17,0.08,0.093,1.24,,,Ⅲ
2022-07-26T00:00:00+08:00,1658764800,31.2,7.77,5.72,278.3,79.7,2.34,0.078,0.108,1.43,,,Ⅲ
2022-07-26T04:00:00+08:00,1658779200,31.2,7.73,5.68,278.5,52.8,2.14,0.075,0.092,1.29,,,Ⅲ
2022-07-26T08:00:00+08:00,1658793600,30.9,7.76,5.74,274.3,52.6,1.99,0.061,0.087,1.28,,,Ⅲ
2022-07-26T12:00:00+08:00,1658808000,31.2,7.76,5.81,275.2,34.7,1.86,0.036,0.082,1.28,,,Ⅲ
2022-07-26T16:00:00+08:00,1658822400,31.0,7.71,5.63,280.2,36.7,1.84,0.034,0.08,1.2,,,Ⅲ
2022-07-27T00:00:00+08:00,1658851200,30.5,7.67,5.38,280.2,38.6,2.06,0.088,0.081,1.31,,,Ⅲ
2022-07-27T04:00:00+08:00,1658865600,30.3,7.61,4.98,280.2,49.2,2.31,0.147,0.087,1.4,,,Ⅳ
2022-07-27T08:00:00+08:00,1658880000,30.5,7.69,5.45,284.3,62.4,2.45,0.222,0.102,1.49,,,Ⅲ
2022-07-27T12:00:00+08:00,1658894400,31.0,7.71,5.58,284.2,34.0,2.07,0.085,0.092,1.48,,,Ⅲ
2022-07-27T16:00:00+08:00,1658908800,31.3,7.68,5.55,289.3,30.0,1.97,0.067,0.082,1.31,,,Ⅲ
2022-07-27T20:00:00+08:00,1658923200,31.4,7.7,5.38,286.6,75.4,2.05,0.118,0.082,1.4,,,Ⅲ
2022-07-28T00:00:00+08:00,1658937600,31.0,7.71,5.43,287.8,61.1,2.03,0.077,0.088,1.39,,,Ⅲ
2022-07-28T08:00:00+08:00,1658966400,30.7,7.73,5.52,287.7,81.4,2.12,0.12,0.084,1.4,,,Ⅲ
2022-11-01T12:00:00+08:00,1667275200,21.0,7.99,7.76,375.9,36.2,1.74,0.06,0.084,1.78,,,Ⅱ
2022-11-01T16:00:00+08:00,1667289600,21.1,7.99,7.74,374.8,40.6,1.89,0.055,0.087,1.55,,,Ⅱ
2022-11-02T12:00:00+08:00,1667361600,20.8,8.02,7.88,372.5,35.6,1.84,0.05,0.086,1.45,,,Ⅱ
2022-11-03T00:00:00+08:00,1667404800,20.4,8.01,7.8,371.3,91.8,2.16,0.06,0.1,1.52,,,Ⅲ
2022-11-03T04:00:00+08:00,1667419200,20.3,8.0,7.72,372.5,41.5,2.28,0.058,0.094,1.53,,,Ⅱ
2022-11-03T08:00:00+08:00,1667433600,20.2,8.0,7.73,371.8,34.3,1.96,0.052,0.088,1.44,,,Ⅱ
2022-11-03T12:00:00+08:00,1667448000,20.5,8.01,7.77,373.6,31.4,1.95,0.044,0.088,1.5,,,Ⅱ
2022-11-03T16:00:00+08:00,1667462400,20.7,8.01,7.79,371.9,36.0,1.85,0.056,0.086,1.5,,,Ⅱ
2022-11-03T20:00:00+08:00,1667476800,20.6,7.99,7.76,374.9,84.9,1.92,0.051,0.088,1.52,,,Ⅱ
2022-11-04T00:00:00+08:00,1667491200,20.6,8.01,7.8,371.8,86.5,2.14,0.068,0.094,1.64,,,Ⅱ
2022-11-04T04:00:00+08:00,1667505600,20.3,8.01,7.83,371.8,46.5,2.14,0.068,0.094,1.64,,,Ⅱ
2022-11-04T08:00:00+08:00,1667520000,20.2,8.0,7.72,373.6,35.5,1.88,0.042,0.091,1.46,,,Ⅱ
2022-11-04T12:00:00+08:00,1667534400,20.3,8.03,7.91,376.6,30.8,1.96,0.037,0.086,1.53,,,Ⅱ
2022-11-04T16:00:00+08:00,1667548800,20.6,8.02,7.86,374.3,35.3,1.81,0.054,0.09,1.51,,,Ⅱ
2022-11-04T20:00:00+08:00,1667563200,20.4,8.01,7.88,376.1,102.4,1.83,0.055,0.089,1.42,,,Ⅱ
2022-11-05T00:00:00+08:00,1667577600,20.1,8.02,7.87,374.9,96.3,2.31,0.077,0.094,1.47,,,Ⅱ
2022-11-05T04:00:00+08:00,1667592000,20.3,8.01,7.8,373.8,42.1,2.31,0.077,0.094,1.47,,,Ⅱ
2022-11-05T08:00:00+08:00,1667606400,20.1,8.02,7.85,374.3,39.5,1.89,0.046,0.087,1.45,,,Ⅱ
2022-11-05T12:00:00+08:00,1667620800,20.2,8.04,7.95,375.8,38.9,2.03,0.041,0.09,1.51,,,Ⅱ
2022-11-05T16:00:00+08:00,1667635200,20.7,8.03,7.92,375.0,36.9,1.94,0.046,0.093,1.53,,,Ⅱ
2022-11-05T20:00:00+08:00,1667649600,20.5,8.02,7.92,376.2,105.1,2.05,0.041,0.089,1.39,,,Ⅱ
2022-11-06T00:00:00+08:00,1667664000,20.0,8.03,7.89,377.4,134.1,2.32,0.048,0.095,1.54,,,Ⅱ
2022-11-06T04:00:00+08:00,1667678400,20.0,8.02,7.86,376.4,35.4,2.32,0.048,0.095,1.54,,,Ⅱ
2022-11-06T08:00:00+08:00,1667692800,20.0,8.02,7.84,376.3,76.2,1.93,0.053,0.087,1.51,,,Ⅱ
2022-11-06T12:00:00+08:00,1667707200,20.0,8.03,7.98,377.6,47.2,2.1,0.047,0.093,1.53,,,Ⅱ
2022-11-06T16:00:00+08:00,1667721600,20.2,8.03,7.92,378.3,35.6,1.92,0.047,0.088,1.48,,,Ⅱ
2022-11-06T20:00:00+08:00,1667736000,20.2,8.04,7.92,377.7,99.6,1.89,0.042,0.087,1.4,,,Ⅱ
2022-11-07T00:00:00+08:00,1667750400,19.8,8.01,7.86,378.0,87.2,2.31,0.058,0.091,1.54,,,Ⅱ
2022-11-07T04:00:00+08:00,1667764800,19.6,8.0,7.76,379.0,52.6,2.31,0.058,0.091,1.54,,,Ⅱ
2022-11-07T08:00:00+08:00,1667779200,19.8,8.01,7.82,378.6,38.4,2.05,0.063,0.088,1.55,,,Ⅱ
2022-11-07T12:00:00+08:00,1667793600,20.0,8.02,7.93,378.9,37.1,2.05,0.048,0.087,1.48,,,Ⅱ
2022-11-07T16:00:00+08:00,1667808000,20.1,8.01,7.86,381.0,34.3,1.65,0.053,0.086,1.53,,,Ⅱ
2022-11-07T20:00:00+08:00,1667822400,20.3,8.01,7.93,380.1,99.3,1.82,0.049,0.087,1.46,,,Ⅱ
2022-11-08T00:00:00+08:00,1667836800,19.8,8.0,7.69,380.3,122.3,2.34,0.065,0.094,1.54,,,Ⅱ
2022-11-08T04:00:00+08:00,1667851200,19.6,7.99,7.72,380.9,43.4,2.34,0.065,0.094,1.54,,,Ⅱ
2022-11-08T08:00:00+08:00,1667865600,19.9,8.0,7.77,380.5,38.6,2.1,0.058,0.089,1.48,,,Ⅱ
2022-11-08T12:00:00+08:00,1667880000,20.0,8.0,7.84,381.2,49.2,2.2,0.05,0.085,1.54,,,Ⅱ
2022-11-08T16:00:00+08:00,1667894400,20.0,8.0,7.81,385.4,41.3,1.82,0.066,0.089,1.52,,,Ⅱ
2022-11-08T20:00:00+08:00,1667908800,20.2,8.02,7.91,382.8,117.0,2.17,0.068,0.089,1.56,,,Ⅱ
2022-11-09T00:00:00+08:00,1667923200,19.7,7.97,7.66,381.2,76.4,2.44,0.065,0.094,1.65,,,Ⅱ
2022-11-09T04:00:00+08:00,1667937600,19.6,8.0,7.76,382.8,47.2,2.44,0.065,0.094,1.65,,,Ⅱ
2022-11-09T08:00:00+08:00,1667952000,19.9,8.0,7.82,382.9,65.0,2.1,0.064,0.089,1.58,,,Ⅱ
2022-11-09T12:00:00+08:00,1667966400,20.1,8.01,7.89,382.9,45.2,2.32,0.064,0.098,1.6,,,Ⅱ
2022-11-09T16:00:00+08:00,1667980800,20.0,8.02,7.92,384.0,38.0,2.09,0.072,0.092,1.57,,,Ⅱ
2022-11-09T20:00:00+08:00,1667995200,20.2,8.02,7.89,382.7,107.1,1.98,0.062,0.088,1.52,,,Ⅱ
2022-11-10T00:00:00+08:00,1668009600,19.8,7.99,7.67,383.6,99.1,2.41,0.066,0.095,1.72,,,Ⅱ
2022-11-10T04:00:00+08:00,1668024000,19.6,8.0,7.74,384.4,48.2,2.41,0.066,0.095,1.72,,,Ⅱ
2022-11-10T08:00:00+08:00,1668038400,19.9,7.99,7.73,383.3,34.8,1.97,0.066,0.088,1.63,,,Ⅱ
2022-11-10T12:00:00+08:00,1668052800,20.1,7.98,7.84,382.5,42.8,2.14,0.055,0.084,1.59,,,Ⅱ
2022-11-10T16:00:00+08:00,1668067200,20.1,8.0,7.84,383.8,45.1,2.08,0.053,0.084,1.56,,,Ⅱ
2022-11-10T20:00:00+08:00,1668081600,20.3,8.01,7.82,381.8,128.8,2.19,0.075,0.09,1.6,,,Ⅱ
2022-11-11T00:00:00+08:00,1668096000,20.0,7.97,7.55,382.4,89.9,2.5,0.071,0.107,1.7,,,Ⅲ
2022-11-11T04:00:00+08:00,1668110400,19.9,7.98,7.66,382.2,52.5,2.5,0.071,0.107,1.7,,,Ⅲ
2022-11-11T08:00:00+08:00,1668124800,20.2,8.0,7.73,381.9,39.4,2.08,0.071,0.092,1.67,,,Ⅱ
2022-11-11T12:00:00+08:00,1668139200,20.3,8.01,7.82,383.0,39.3,2.19,0.054,0.087,1.57,,,Ⅱ
2022-11-11T16:00:00+08:00,1668153600,20.2,8.01,7.84,382.9,37.0,3.35,0.06,0.086,1.74,,,Ⅱ
2022-11-11T20:00:00+08:00,1668168000,20.4,8.01,7.82,380.3,100.9,1.34,0.062,0.086,1.69,,,Ⅱ
2022-11-12T00:00:00+08:00,1668182400,20.3,7.98,7.61,380.9,94.0,1.63,0.05,0.109,1.76,,,Ⅲ
2022-11-12T04:00:00+08:00,1668196800,20.1,7.98,7.6,381.5,45.2,1.76,0.082,0.11,1.76,,,Ⅲ
2022-11-12T08:00:00+08:00,1668211200,20.3,8.0,7.73,380.7,37.2,1.58,0.068,0.095,1.7,,,Ⅱ
2022-11-12T12:00:00+08:00,1668225600,20.6,8.01,7.78,380.5,40.1,1.5,0.046,0.089,1.68,,,Ⅱ
2022-11-12T16:00:00+08:00,1668240000,20.5,8.02,7.84,378.8,38.1,1.53,0.048,0.091,1.68,,,Ⅱ
2022-11-12T20:00:00+08:00,1668254400,20.6,8.02,7.8,379.2,141.6,1.49,0.043,0.09,1.71,,,Ⅱ
2022-11-13T00:00:00+08:00,1668268800,20.5,8.0,7.67,379.8,87.8,1.92,0.058,0.119,1.79,,,Ⅲ
2022-11-13T04:00:00+08:00,1668283200,20.1,8.0,7.71,380.4,42.1,1.92,0.058,0.119,1.79,,,Ⅲ
2022-11-13T08:00:00+08:00,1668297600,20.0,8.02,7.77,379.9,40.9,1.5,0.063,0.095,1.73,,,Ⅱ
2022-11-13T12:00:00+08:00,1668312000,20.1,8.03,7.88,381.0,39.7,1.5,0.051,0.093,1.72,,,Ⅱ
2022-11-13T16:00:00+08:00,1668326400,20.0,8.03,7.89,380.3,36.9,1.56,0.052,0.093,1.76,,,Ⅱ
2022-11-13T20:00:00+08:00,1668340800,20.0,8.03,7.84,379.3,91.9,1.47,0.061,0.094,1.71,,,Ⅱ
2022-11-14T00:00:00+08:00,1668355200,20.0,8.03,7.86,380.0,97.8,1.77,0.07,0.103,1.78,,,Ⅲ
2022-11-14T04:00:00+08:00,1668369600,19.7,8.02,7.86,379.6,50.8,1.77,0.07,0.103,1.78,,,Ⅲ
2022-11-14T08:00:00+08:00,1668384000,19.6,8.02,7.79,381.7,35.5,1.4,0.056,0.091,1.72,,,Ⅱ
2022-11-14T12:00:00+08:00,1668398400,19.8,8.03,7.86,379.3,37.2,1.43,0.046,0.091,1.75,,,Ⅱ
2022-11-14T16:00:00+08:00,1668412800,19.8,8.02,7.86,380.0,38.9,1.47,0.049,0.094,1.75,,,Ⅱ
2022-11-14T20:00:00+08:00,1668427200,19.6,8.02,7.77,378.4,129.2,1.98,0.067,0.104,1.87,,,Ⅲ
2022-11-15T00:00:00+08:00,1668441600,19.6,8.02,7.77,379.5,120.1,1.98,0.067,0.104,1.87,,,Ⅲ
2022-11-15T04:00:00+08:00,1668456000,19.4,8.01,7.75,381.1,45.3,1.52,0.062,0.096,1.8,,,Ⅱ
2022-11-15T08:00:00+08:00,1668470400,19.3,8.02,7.82,382.3,35.6,1.32,0.051,0.094,1.76,,,Ⅱ
2022-11-15T12:00:00+08:00,1668484800,19.7,7.96,7.82,379.9,42.6,1.47,0.063,0.096,1.81,,,Ⅱ
2022-11-15T16:00:00+08:00,1668499200,19.8,8.02,7.86,380.8,42.8,1.5,0.06,0.096,1.78,,,Ⅱ
2022-11-16T12:00:00+08:00,1668571200,19.6,8.01,7.79,378.6,38.4,1.42,0.058,0.094,1.75,,,Ⅱ
2022-11-16T16:00:00+08:00,1668585600,19.6,8.01,7.76,378.7,39.0,1.4,0.066,0.093,1.85,,,Ⅱ
2022-11-16T20:00:00+08:00,1668600000,19.6,8.01,7.79,379.2,91.7,1.43,0.064,0.095,1.86,,,Ⅱ
2022-11-17T00:00:00+08:00,1668614400,19.5,8.02,7.7,378.2,128.3,1.78,0.082,0.1,1.92,,,Ⅱ
2022-11-17T04:00:00+08:00,1668628800,19.4,8.02,7.74,378.6,94.8,2.02,0.096,0.103,1.94,,,Ⅲ
2022-11-17T08:00:00+08:00,1668643200,19.2,8.01,7.75,381.4,35.7,1.87,0.085,0.097,1.96,,,Ⅱ
2022-11-17T12:00:00+08:00,1668657600,19.4,8.01,7.69,380.3,34.1,1.4,0.081,0.092,1.83,,,Ⅱ
2022-11-17T20:00:00+08:00,1668686400,19.3,8.04,7.9,380.5,89.9,1.52,0.078,0.093,1.91,,,Ⅱ
2022-11-18T00:00:00+08:00,1668700800,19.4,8.06,7.92,377.9,95.5,1.82,0.088,0.096,2.0,,,Ⅱ
2022-11-18T04:00:00+08:00,1668715200,19.2,8.05,7.93,378.5,60.6,1.73,0.066,0.101,1.92,,,Ⅲ
2022-11-18T08:00:00+08:00,1668729600,19.2,8.06,7.96,378.5,40.5,1.66,0.059,0.098,1.98,,,Ⅱ
2022-11-18T12:00:00+08:00,1668744000,19.5,8.06,7.97,379.8,33.7,1.29,0.051,0.09,1.79,,,Ⅱ
2022-11-18T16:00:00+08:00,1668758400,19.5,8.05,7.96,378.9,43.2,1.36,0.056,0.088,1.99,,,Ⅱ
2022-11-18T20:00:00+08:00,1668772800,19.3,8.05,7.96,380.3,153.7,1.41,0.058,0.092,1.93,,,Ⅱ
2022-11-19T00:00:00+08:00,1668787200,19.6,8.05,7.97,379.7,50.7,2.01,0.08,0.112,2.02,,,Ⅲ
2022-11-19T04:00:00+08:00,1668801600,19.3,8.05,7.93,380.4,38.4,1.59,0.069,0.096,1.92,,,Ⅱ
2022-11-19T08:00:00+08:00,1668816000,19.2,8.03,7.9,381.1,40.3,1.44,0.07,0.09,1.92,,,Ⅱ
2022-11-19T12:00:00+08:00,1668830400,19.3,8.03,7.89,383.1,37.3,1.4,0.08,0.092,1.93,,,Ⅱ
2022-11-19T16:00:00+08:00,1668844800,19.4,8.04,7.94,380.6,35.5,1.45,0.08,0.096,1.93,,,Ⅱ
2022-11-19T20:00:00+08:00,1668859200,19.3,8.02,7.89,382.1,89.1,1.34,0.044,0.09,1.8,,,Ⅱ
2022-11-20T00:00:00+08:00,1668873600,19.3,8.03,7.86,381.8,68.8,1.62,0.08,0.103,2.04,,,Ⅲ
2022-11-20T04:00:00+08:00,1668888000,19.3,8.02,7.78,379.7,46.3,1.6,0.088,0.099,1.96,,,Ⅱ
2022-11-20T08:00:00+08:00,1668902400,19.2,8.0,7.72,382.4,38.0,1.45,0.06,0.096,1.95,,,Ⅱ
2022-11-20T12:00:00+08:00,1668916800,19.2,7.91,7.83,382.7,34.3,1.36,0.078,0.094,1.98,,,Ⅱ
2022-11-20T16:00:00+08:00,1668931200,19.4,7.92,7.82,381.2,36.8,1.41,0.082,0.094,1.99,,,Ⅱ
2022-11-20T20:00:00+08:00,1668945600,19.4,7.91,7.81,383.8,83.0,1.43,0.084,0.095,1.95,,,Ⅱ
2022-11-21T00:00:00+08:00,1668960000,19.1,7.91,7.81,383.2,79.2,1.72,0.097,0.1,2.09,,,Ⅱ
2022-11-21T04:00:00+08:00,1668974400,19.2,7.91,7.75,382.3,36.2,1.79,0.092,0.097,2.06,,,Ⅱ
2022-11-21T12:00:00+08:00,1669003200,19.3,7.91,7.81,384.5,37.8,1.45,0.086,0.098,1.92,,,Ⅱ
2022-11-21T16:00:00+08:00,1669017600,19.4,7.9,7.74,383.2,35.6,1.41,0.089,0.094,1.94,,,Ⅱ
2022-11-21T20:00:00+08:00,1669032000,19.5,7.9,7.8,382.6,163.4,2.22,0.075,0.104,2.16,,,Ⅲ
2022-11-22T00:00:00+08:00,1669046400,19.3,7.9,7.78,383.0,86.2,2.22,0.075,0.104,2.16,,,Ⅲ
2022-11-22T04:00:00+08:00,1669060800,19.1,7.89,7.72,380.6,40.9,1.59,0.102,0.095,1.98,,,Ⅱ
2022-11-22T08:00:00+08:00,1669075200,19.4,7.89,7.76,382.1,40.0,1.39,0.114,0.095,2.04,,,Ⅱ
2022-11-22T12:00:00+08:00,1669089600,19.2,7.89,7.73,383.9,38.7,1.44,0.123,0.105,2.11,,,Ⅲ
2022-11-22T16:00:00+08:00,1669104000,19.1,7.86,7.77,385.4,49.3,1.46,0.096,0.098,1.98,,,Ⅱ
2022-11-22T20:00:00+08:00,1669118400,19.5,7.9,7.84,383.5,88.2,1.82,0.091,0.102,2.15,,,Ⅲ
2022-11-23T00:00:00+08:00,1669132800,19.2,7.9,7.73,385.9,82.8,1.82,0.091,0.102,2.15,,,Ⅲ
2022-11-23T04:00:00+08:00,1669147200,19.1,7.91,7.77,388.8,82.8,1.82,0.08,0.096,2.07,,,Ⅱ
2022-11-23T08:00:00+08:00,1669161600,19.2,7.9,7.77,388.6,40.4,1.39,0.076,0.094,1.99,,,Ⅱ
2022-11-23T12:00:00+08:00,1669176000,19.4,7.89,7.82,387.6,43.5,1.47,0.095,0.097,2.04,,,Ⅱ
2022-11-23T16:00:00+08:00,1669190400,19.2,7.92,7.89,386.5,38.0,1.48,0.057,0.093,1.94,,,Ⅱ
2022-11-23T20:00:00+08:00,1669204800,19.4,7.9,7.78,386.2,136.0,2.02,0.104,0.105,2.17,,,Ⅲ
2022-11-24T00:00:00+08:00,1669219200,19.1,7.91,7.74,385.9,101.8,2.02,0.104,0.105,2.17,,,Ⅲ
2022-11-24T04:00:00+08:00,1669233600,19.0,7.92,7.76,387.1,76.9,1.7,0.063,0.098,2.04,,,Ⅱ
2022-11-24T08:00:00+08:00,1669248000,19.3,7.92,7.82,385.2,46.4,1.45,0.052,0.096,2.01,,,Ⅱ
2022-11-24T12:00:00+08:00,1669262400,19.4,7.91,7.9,387.1,48.2,1.57,0.088,0.102,2.04,,,Ⅲ
2022-11-24T16:00:00+08:00,1669276800,19.3,7.92,7.88,387.5,41.9,1.48,0.058,0.099,1.96,,,Ⅱ
2022-11-24T20:00:00+08:00,1669291200,19.4,7.92,7.8,386.1,155.9,2.17,0.08,0.108,2.12,,,Ⅲ
2022-11-25T00:00:00+08:00,1669305600,19.1,7.92,7.74,387.1,113.6,2.17,0.08,0.108,2.12,,,Ⅲ
2022-11-25T04:00:00+08:00,1669320000,18.8,7.91,7.7,387.8,55.2,1.6,0.056,0.099,2.01,,,Ⅱ
2022-11-25T08:00:00+08:00,1669334400,19.0,7.87,7.51,387.1,39.6,1.48,0.066,0.1,2.04,,,Ⅲ
2022-11-25T12:00:00+08:00,1669348800,19.2,7.87,7.6,390.3,55.4,1.67,0.095,0.107,2.01,,,Ⅲ
2022-11-25T16:00:00+08:00,1669363200,19.2,7.87,7.65,389.8,40.5,1.5,0.101,0.1,2.01,,,Ⅱ
2022-11-25T20:00:00+08:00,1669377600,19.4,7.92,7.68,386.6,162.5,2.31,0.081,0.105,2.19,,,Ⅲ
2022-11-26T00:00:00+08:00,1669392000,19.1,7.87,7.52,388.7,137.4,2.31,0.081,0.105,2.19,,,Ⅲ
2022-11-26T04:00:00+08:00,1669406400,18.9,7.88,7.59,391.4,48.0,1.62,0.068,0.099,2.05,,,Ⅱ
2022-11-26T08:00:00+08:00,1669420800,19.1,7.89,7.6,387.3,39.7,1.35,0.056,0.094,1.94,,,Ⅱ
2022-11-26T12:00:00+08:00,1669435200,19.4,7.89,7.68,389.0,42.7,1.46,0.07,0.095,2.04,,,Ⅱ
2022-11-26T16:00:00+08:00,1669449600,19.3,7.87,7.6,388.6,39.1,1.46,0.07,0.095,2.04,,,Ⅱ
2022-11-28T08:00:00+08:00,1669593600,18.8,7.92,7.75,394.1,56.0,2.08,0.068,0.102,2.16,,,Ⅲ
2022-11-28T12:00:00+08:00,1669608000,19.1,7.92,7.75,391.7,39.4,1.57,0.051,0.099,2.11,,,Ⅱ
2022-11-28T16:00:00+08:00,1669622400,19.1,7.9,7.7,390.2,40.0,1.48,0.079,0.096,2.1,,,Ⅱ
2022-11-29T08:00:00+08:00,1669680000,18.7,7.92,7.74,394.2,41.5,1.42,0.076,0.094,2.2,,,Ⅲ
2022-11-29T12:00:00+08:00,1669694400,18.8,7.94,7.85,386.6,38.3,1.42,0.076,0.094,2.2,,,Ⅱ
2022-11-29T16:00:00+08:00,1669708800,18.6,7.93,7.87,389.3,43.7,1.47,0.068,0.094,2.1,,,Ⅱ
2022-11-29T20:00:00+08:00,1669723200,18.5,7.95,7.91,386.7,143.0,1.53,0.083,0.095,2.1,,,Ⅱ
2022-11-30T00:00:00+08:00,1669737600,18.3,7.96,7.98,383.7,181.2,1.94,0.084,0.098,2.25,,,Ⅱ
2022-11-30T04:00:00+08:00,1669752000,17.7,7.95,7.88,384.4,51.2,2.5,0.085,0.106,2.24,,,Ⅲ
2022-11-30T08:00:00+08:00,1669766400,17.4,7.95,7.86,384.4,44.1,1.7,0.065,0.094,2.1,,,Ⅱ
2022-11-30T12:00:00+08:00,1669780800,17.6,7.93,7.88,387.2,37.5,1.5,0.064,0.107,2.04,,,Ⅲ
2022-11-30T16:00:00+08:00,1669795200,17.5,7.93,7.95,385.5,40.1,1.57,0.063,0.094,2.02,,,Ⅱ
2022-11-30T20:00:00+08:00,1669809600,17.6,7.94,7.94,382.9,96.0,1.6,0.085,0.094,2.06,,,Ⅱ
2022-12-01T00:00:00+08:00,1669824000,17.5,7.94,7.95,381.3,97.7,1.92,0.096,0.096,2.24,,,Ⅱ
2022-12-01T04:00:00+08:00,1669838400,17.4,7.95,8.03,379.3,50.0,1.92,0.102,0.099,2.19,,,Ⅱ
2022-12-01T12:00:00+08:00,1669867200,17.3,7.94,8.02,377.9,38.6,1.5,0.082,0.09,2.05,,,Ⅱ
2022-12-01T16:00:00+08:00,1669881600,17.3,7.94,8.14,379.1,41.4,1.36,0.083,0.084,2.59,,,Ⅱ
2022-12-02T00:00:00+08:00,1669910400,17.2,7.93,8.06,373.5,84.1,2.0,0.09,0.102,2.35,,,Ⅲ
2022-12-02T04:00:00+08:00,1669924800,17.1,7.92,8.04,375.2,105.2,1.96,0.08,0.101,2.28,,,Ⅲ
2022-12-02T08:00:00+08:00,1669939200,16.8,7.92,8.06,373.6,58.4,2.02,0.086,0.1,2.39,,,Ⅲ
2022-12-02T12:00:00+08:00,1669953600,17.0,7.93,8.08,374.5,38.2,1.61,0.078,0.087,2.19,,,Ⅱ
2022-12-02T16:00:00+08:00,1669968000,17.2,7.92,8.01,372.3,42.5,1.61,0.078,0.087,2.19,,,Ⅱ
2022-12-02T20:00:00+08:00,1669982400,17.2,7.92,8.06,371.6,144.6,2.22,0.082,0.114,2.35,,,Ⅱ
2022-12-03T00:00:00+08:00,1669996800,17.0,7.9,7.98,372.3,88.4,2.22,0.082,0.114,2.35,,,Ⅲ
2022-12-03T04:00:00+08:00,1670011200,17.0,7.91,7.99,371.3,75.0,1.95,0.072,0.101,2.22,,,Ⅲ
2022-12-03T08:00:00+08:00,1670025600,16.8,7.9,8.03,371.7,46.9,1.95,0.072,0.101,2.22,,,Ⅲ
2022-12-03T12:00:00+08:00,1670040000,16.8,7.91,8.0,372.1,40.5,1.63,0.061,0.086,2.16,,,Ⅱ
2022-12-03T16:00:00+08:00,1670054400,16.7,7.91,8.02,370.1,44.1,1.74,0.068,0.088,2.2,,,Ⅱ
2022-12-03T20:00:00+08:00,1670068800,16.7,7.92,8.12,370.8,123.8,2.32,0.084,0.094,2.34,,,Ⅱ
2022-12-04T00:00:00+08:00,1670083200,16.5,7.93,8.14,369.6,175.8,2.32,0.084,0.094,2.34,,,Ⅱ
2022-12-04T04:00:00+08:00,1670097600,16.6,7.93,8.15,367.6,115.5,2.58,0.082,0.098,2.48,,,Ⅱ
2022-12-04T08:00:00+08:00,1670112000,16.4,7.92,8.23,370.0,50.6,2.21,0.069,0.103,2.48,,,Ⅲ
2022-12-04T12:00:00+08:00,1670126400,16.0,7.93,8.22,377.2,43.3,1.68,0.07,0.089,2.23,,,Ⅱ
2022-12-04T16:00:00+08:00,1670140800,16.2,7.93,8.25,370.1,42.7,1.62,0.064,0.091,2.13,,,Ⅱ
2022-12-04T20:00:00+08:00,1670155200,16.2,7.94,8.32,369.5,114.4,2.02,0.079,0.106,2.29,,,Ⅲ
2022-12-05T00:00:00+08:00,1670169600,15.9,7.94,8.32,370.1,104.3,2.02,0.079,0.106,2.29,,,Ⅲ
2022-12-05T04:00:00+08:00,1670184000,16.0,7.94,8.27,368.6,41.8,1.7,0.065,0.089,2.11,,,Ⅲ
2022-12-05T08:00:00+08:00,1670198400,15.9,7.95,8.33,367.5,45.1,1.6,0.065,0.086,2.24,,,Ⅱ
2022-12-05T12:00:00+08:00,1670212800,15.8,7.95,8.37,367.8,45.8,1.73,0.07,0.091,2.15,,,Ⅱ
2022-12-05T16:00:00+08:00,1670227200,16.0,7.96,8.39,366.3,46.9,1.88,0.058,0.092,2.24,,,Ⅱ
2022-12-06T00:00:00+08:00,1670256000,15.7,7.94,8.39,366.4,72.2,2.44,0.081,0.101,2.41,,,Ⅲ
2022-12-06T04:00:00+08:00,1670270400,15.7,7.95,8.37,365.6,42.0,1.77,0.063,0.088,2.22,,,Ⅱ
2022-12-06T08:00:00+08:00,1670284800,15.8,7.94,8.32,364.3,44.8,1.61,0.064,0.086,2.23,,,Ⅱ
2022-12-06T12:00:00+08:00,1670299200,15.8,7.94,8.39,365.9,49.3,1.77,0.073,0.093,2.23,,,Ⅱ
2022-12-06T16:00:00+08:00,1670313600,16.0,7.94,8.39,364.3,41.0,1.68,0.069,0.088,2.16,,,Ⅱ
2022-12-06T20:00:00+08:00,1670328000,15.9,7.94,8.37,364.2,88.8,2.09,0.063,0.092,2.17,,,Ⅱ
2022-12-07T00:00:00+08:00,1670342400,15.8,7.92,8.34,367.9,170.6,2.09,0.063,0.092,2.17,,,Ⅱ
2022-12-07T04:00:00+08:00,1670356800,15.5,7.94,8.38,363.7,78.1,2.06,0.062,0.096,2.16,,,Ⅱ
2022-12-07T08:00:00+08:00,1670371200,15.7,7.93,8.37,364.3,53.0,1.75,0.065,0.094,2.16,,,Ⅱ
2022-12-07T12:00:00+08:00,1670385600,15.6,7.92,8.41,369.4,50.0,1.78,0.071,0.098,2.09,,,Ⅱ
2022-12-07T16:00:00+08:00,1670400000,15.6,7.93,8.34,366.2,45.5,1.8,0.064,0.097,2.09,,,Ⅱ
2022-12-07T20:00:00+08:00,1670414400,15.7,7.94,8.41,365.2,107.6,2.26,0.065,0.102,2.23,,,Ⅲ
2022-12-08T00:00:00+08:00,1670428800,15.6,7.91,8.32,369.9,71.5,2.26,0.065,0.102,2.23,,,Ⅲ
2022-12-08T04:00:00+08:00,1670443200,15.4,7.92,8.38,376.4,50.3,1.77,0.058,0.102,2.17,,,Ⅲ
2022-12-08T08:00:00+08:00,1670457600,15.6,7.93,8.35,369.0,50.3,1.63,0.054,0.098,2.2,,,Ⅱ
2022-12-08T12:00:00+08:00,1670472000,15.5,7.88,9.08,368.6,52.0,1.63,0.054,0.098,2.2,,,Ⅱ
2022-12-08T16:00:00+08:00,1670486400,15.2,7.92,9.1,368.3,47.6,1.66,0.056,0.099,2.11,,,Ⅱ
2022-12-08T20:00:00+08:00,1670500800,15.4,7.93,9.03,367.1,47.7,1.82,0.054,0.101,2.12,,,Ⅲ
2022-12-09T00:00:00+08:00,1670515200,15.4,7.9,9.02,371.7,54.8,1.82,0.054,0.101,2.12,,,Ⅲ
2022-12-09T04:00:00+08:00,1670529600,15.1,7.9,9.02,373.2,50.6,1.85,0.081,0.107,2.21,,,Ⅲ
2022-12-09T08:00:00+08:00,1670544000,15.5,7.91,9.05,370.0,58.3,1.71,0.057,0.104,2.2,,,Ⅲ
2022-12-09T12:00:00+08:00,1670558400,15.4,7.89,9.03,372.5,51.6,1.71,0.057,0.104,2.2,,,Ⅲ
2022-12-09T16:00:00+08:00,1670572800,15.1,7.9,9.02,371.4,49.0,1.8,0.071,0.102,2.15,,,Ⅲ
2022-12-09T20:00:00+08:00,1670587200,15.2,7.91,8.96,369.8,45.1,1.72,0.076,0.098,2.1,,,Ⅱ
2022-12-10T00:00:00+08:00,1670601600,15.2,7.88,8.97,372.5,46.7,1.72,0.076,0.098,2.1,,,Ⅱ
2022-12-10T04:00:00+08:00,1670616000,14.9,7.9,9.03,377.7,45.2,1.66,0.06,0.097,2.18,,,Ⅱ
2022-12-10T08:00:00+08:00,1670630400,15.2,7.9,8.96,372.8,43.7,1.55,0.076,0.095,2.08,,,Ⅱ
2022-12-10T12:00:00+08:00,1670644800,15.1,7.9,9.04,373.0,52.5,1.73,0.061,0.098,2.21,,,Ⅱ
2022-12-10T16:00:00+08:00,1670659200,14.8,7.91,9.12,373.1,53.3,1.78,0.067,0.096,2.17,,,Ⅱ
2022-12-10T20:00:00+08:00,1670673600,14.9,7.92,9.1,373.2,58.0,1.87,0.075,0.099,2.08,,,Ⅱ
2022-12-11T00:00:00+08:00,1670688000,14.6,7.92,9.25,372.1,60.4,1.87,0.075,0.099,2.08,,,Ⅱ
2022-12-11T04:00:00+08:00,1670702400,14.1,7.93,9.13,376.2,50.7,1.73,0.066,0.1,2.07,,,Ⅱ
2022-12-11T08:00:00+08:00,1670716800,14.3,7.96,9.26,371.7,55.8,1.6,0.057,0.093,2.08,,,Ⅱ
2022-12-11T12:00:00+08:00,1670731200,14.4,7.95,9.36,375.7,58.5,1.78,0.076,0.097,2.13,,,Ⅱ
2022-12-11T16:00:00+08:00,1670745600,14.4,7.96,9.53,373.6,60.3,1.78,0.07,0.097,2.21,,,Ⅱ
2022-12-11T20:00:00+08:00,1670760000,14.4,7.97,9.46,370.0,143.7,2.62,0.079,0.108,2.34,,,Ⅲ
2022-12-12T00:00:00+08:00,1670774400,14.1,7.94,9.35,371.7,110.1,2.62,0.079,0.108,2.34,,,Ⅲ
2022-12-12T04:00:00+08:00,1670788800,13.6,7.94,9.23,373.2,97.0,2.4,0.087,0.107,2.29,,,Ⅲ
2022-12-12T08:00:00+08:00,1670803200,13.9,7.97,9.42,370.7,59.5,1.74,0.056,0.097,2.18,,,Ⅱ
2022-12-12T12:00:00+08:00,1670817600,13.9,7.95,9.37,376.3,62.8,2.14,0.071,0.098,2.16,,,Ⅱ
2022-12-12T16:00:00+08:00,1670832000,14.0,7.94,9.38,372.9,64.5,2.25,0.08,0.1,2.11,,,Ⅲ
2022-12-12T20:00:00+08:00,1670846400,13.9,7.97,9.49,366.8,72.5,2.47,0.054,0.096,2.06,,,Ⅱ
2022-12-13T00:00:00+08:00,1670860800,13.8,7.96,9.48,368.7,89.3,2.47,0.054,0.096,2.06,,,Ⅱ
2022-12-13T04:00:00+08:00,1670875200,13.5,7.94,9.5,367.7,84.7,2.6,0.073,0.1,2.12,,,Ⅱ
2022-12-13T08:00:00+08:00,1670889600,13.3,7.95,9.54,366.7,52.8,2.05,0.053,0.095,1.97,,,Ⅱ
2022-12-13T12:00:00+08:00,1670904000,13.6,7.94,9.55,365.3,51.9,2.22,0.056,0.09,2.0,,,Ⅱ
2022-12-13T16:00:00+08:00,1670918400,13.6,7.93,9.48,370.8,52.6,2.26,0.063,0.094,2.02,,,Ⅱ
2022-12-13T20:00:00+08:00,1670932800,13.6,7.93,9.48,364.5,95.1,2.66,0.074,0.098,2.13,,,Ⅱ
2022-12-14T00:00:00+08:00,1670947200,13.6,7.92,9.49,366.4,84.8,2.66,0.074,0.098,2.13,,,Ⅱ
2022-12-14T04:00:00+08:00,1670961600,13.2,7.91,9.48,365.9,119.9,2.96,0.078,0.105,2.13,,,Ⅲ
2022-12-14T08:00:00+08:00,1670976000,12.8,7.91,9.52,368.5,62.7,2.26,0.064,0.1,2.14,,,Ⅲ
2022-12-14T12:00:00+08:00,1670990400,13.3,7.91,9.56,366.0,49.1,2.12,0.07,0.095,2.06,,,Ⅱ
2022-12-14T16:00:00+08:00,1671004800,13.3,7.9,9.56,366.0,50.4,2.22,0.071,0.097,2.14,,,Ⅱ
2022-12-14T20:00:00+08:00,1671019200,13.3,7.91,9.62,367.2,134.7,3.14,0.073,0.104,2.25,,,Ⅲ
2022-12-15T00:00:00+08:00,1671033600,13.2,7.92,9.52,373.0,144.0,3.14,0.073,0.104,2.25,,,Ⅲ
2022-12-15T04:00:00+08:00,1671048000,13.0,7.9,9.55,369.2,64.5,2.45,0.069,0.1,2.06,,,Ⅱ
2022-12-15T08:00:00+08:00,1671062400,12.7,7.89,9.6,367.7,67.5,2.28,0.059,0.102,2.03,,,Ⅲ
2022-12-15T12:00:00+08:00,1671076800,13.1,7.9,9.68,368.0,50.3,2.23,0.063,0.094,2.05,,,Ⅱ
2022-12-15T16:00:00+08:00,1671091200,13.3,7.88,9.64,370.0,49.6,2.22,0.074,0.097,2.1,,,Ⅱ
2022-12-15T20:00:00+08:00,1671105600,13.0,7.89,9.48,370.5,95.4,2.64,0.107,0.104,2.16,,,Ⅲ
2022-12-16T00:00:00+08:00,1671120000,13.1,7.89,9.5,370.2,99.4,2.64,0.107,0.104,2.16,,,Ⅲ
2022-12-16T04:00:00+08:00,1671134400,12.9,7.87,9.43,374.4,52.9,2.47,0.074,0.102,1.99,,,Ⅲ
2022-12-16T08:00:00+08:00,1671148800,12.6,7.88,9.45,375.6,49.3,2.26,0.066,0.114,1.93,,,Ⅲ
2022-12-16T12:00:00+08:00,1671163200,13.0,7.88,9.51,371.1,46.8,2.26,0.064,0.095,2.03,,,Ⅱ
2022-12-16T16:00:00+08:00,1671177600,12.9,7.89,9.61,372.5,49.0,2.33,0.07,0.095,1.98,,,Ⅱ
2022-12-16T20:00:00+08:00,1671192000,13.0,7.87,9.61,377.1,47.1,2.25,0.08,0.092,1.98,,,Ⅱ
2022-12-17T00:00:00+08:00,1671206400,12.8,7.89,9.53,372.7,45.4,2.25,0.08,0.092,1.98,,,Ⅱ
2022-12-17T04:00:00+08:00,1671220800,12.6,7.89,9.59,374.1,49.6,2.32,0.068,0.092,1.94,,,Ⅱ
2022-12-17T08:00:00+08:00,1671235200,12.4,7.89,9.54,375.2,39.6,2.02,0.06,0.093,1.9,,,Ⅱ
2022-12-17T12:00:00+08:00,1671249600,12.5,7.91,9.73,374.2,39.9,2.16,0.065,0.089,1.88,,,Ⅱ
2022-12-17T16:00:00+08:00,1671264000,12.4,7.91,9.84,376.9,49.4,2.34,0.07,0.092,1.96,,,Ⅱ
2022-12-17T20:00:00+08:00,1671278400,12.2,7.9,9.83,375.9,66.6,2.48,0.083,0.102,2.13,,,Ⅲ
2022-12-18T00:00:00+08:00,1671292800,12.0,7.91,9.76,374.7,45.9,2.48,0.083,0.102,2.13,,,Ⅲ
2022-12-18T04:00:00+08:00,1671307200,12.0,7.89,9.78,376.8,42.3,2.14,0.075,0.088,2.06,,,Ⅱ
2022-12-18T08:00:00+08:00,1671321600,11.8,7.9,9.82,373.7,42.6,2.06,0.075,0.293,1.98,,,Ⅳ
2022-12-18T12:00:00+08:00,1671336000,11.8,7.9,9.81,372.3,41.6,2.1,0.076,0.086,1.88,,,Ⅱ
2022-12-18T16:00:00+08:00,1671350400,12.1,7.87,9.87,372.3,78.6,2.55,0.094,0.107,1.99,,,Ⅲ
2022-12-18T20:00:00+08:00,1671364800,12.1,7.89,9.91,374.1,59.6,2.42,0.097,0.1,2.03,,,Ⅱ
2022-12-19T00:00:00+08:00,1671379200,12.0,7.9,9.85,373.2,52.4,2.42,0.097,0.1,2.03,,,Ⅱ
2022-12-19T04:00:00+08:00,1671393600,11.8,7.9,9.8,372.5,48.2,2.25,0.071,0.09,1.88,,,Ⅱ
2022-12-19T08:00:00+08:00,1671408000,11.6,7.9,9.86,371.9,46.6,2.09,0.07,0.087,1.84,,,Ⅱ
2022-12-19T12:00:00+08:00,1671422400,11.8,7.91,9.89,370.2,43.4,2.19,0.077,0.086,1.88,,,Ⅱ
2022-12-19T16:00:00+08:00,1671436800,11.8,7.91,9.9,369.7,54.0,2.27,0.059,0.09,1.84,,,Ⅱ
2022-12-19T20:00:00+08:00,1671451200,11.7,7.91,9.92,369.9,52.3,2.26,0.062,0.093,1.89,,,Ⅱ
2022-12-20T00:00:00+08:00,1671465600,11.5,7.9,9.93,373.2,43.4,2.26,0.062,0.093,1.89,,,Ⅱ
2022-12-20T04:00:00+08:00,1671480000,11.4,7.9,9.88,376.0,52.2,2.32,0.166,0.098,1.95,,,Ⅱ
2022-12-20T08:00:00+08:00,1671494400,11.2,7.9,9.8,376.5,52.0,2.23,0.165,0.105,2.03,,,Ⅲ
2022-12-20T12:00:00+08:00,1671508800,11.2,7.86,9.73,411.1,57.2,2.75,0.357,0.134,2.15,,,Ⅲ
2022-12-20T16:00:00+08:00,1671523200,11.4,7.88,9.82,404.1,64.0,2.79,0.315,0.133,2.28,,,Ⅲ
2022-12-20T20:00:00+08:00,1671537600,11.3,7.86,9.71,408.5,58.7,2.74,0.316,0.145,2.13,,,Ⅲ
2022-12-21T00:00:00+08:00,1671552000,11.3,7.87,9.62,404.1,64.9,2.74,0.316,0.145,2.13,,,Ⅲ
2022-12-21T04:00:00+08:00,1671566400,11.2,7.86,9.63,408.4,66.4,2.88,0.349,0.144,2.35,,,Ⅲ
2022-12-21T08:00:00+08:00,1671580800,11.1,7.87,9.51,404.5,72.4,2.75,0.328,0.144,2.37,,,Ⅲ
2022-12-21T12:00:00+08:00,1671595200,11.2,7.88,9.66,406.3,75.2,2.88,0.326,0.144,2.34,,,Ⅲ
2022-12-21T16:00:00+08:00,1671609600,11.2,7.88,9.57,423.7,93.9,3.34,0.381,0.16,2.49,,,Ⅲ
2022-12-21T20:00:00+08:00,1671624000,11.2,7.93,9.87,388.9,120.9,3.14,0.199,0.143,2.34,,,Ⅲ
2022-12-22T00:00:00+08:00,1671638400,11.1,7.93,9.92,390.3,110.8,3.14,0.199,0.143,2.34,,,Ⅲ
2022-12-22T04:00:00+08:00,1671652800,10.8,7.91,9.67,413.9,112.2,3.46,0.315,0.152,2.34,,,Ⅲ
2022-12-22T08:00:00+08:00,1671667200,10.5,7.97,9.83,401.9,175.6,3.46,0.315,0.152,2.34,,,Ⅲ
2022-12-22T12:00:00+08:00,1671681600,10.7,8.01,10.03,399.8,233.8,3.46,0.247,0.156,2.46,,,Ⅲ
2022-12-22T16:00:00+08:00,1671696000,10.4,7.97,9.86,430.7,161.0,3.99,0.242,0.162,2.43,,,Ⅲ
2022-12-22T20:00:00+08:00,1671710400,10.2,7.93,9.96,388.5,100.6,4.01,0.341,0.177,2.45,,,Ⅲ
2022-12-23T00:00:00+08:00,1671724800,9.9,7.93,10.0,390.7,89.2,3.08,0.108,0.125,2.3,,,Ⅲ
2022-12-23T04:00:00+08:00,1671739200,9.8,7.93,9.96,390.3,82.6,2.99,0.102,0.117,2.17,,,Ⅲ
2022-12-23T08:00:00+08:00,1671753600,9.5,7.94,9.88,396.2,111.4,2.78,0.11,0.11,2.2,,,Ⅲ
2022-12-23T12:00:00+08:00,1671768000,9.7,7.86,9.86,451.0,82.4,2.91,0.121,0.12,2.27,,,Ⅲ
2022-12-23T16:00:00+08:00,1671782400,9.8,7.92,9.86,440.5,89.8,3.66,0.272,0.134,2.36,,,Ⅲ
2022-12-23T20:00:00+08:00,1671796800,9.4,7.9,9.62,406.1,207.2,3.5,0.243,0.134,2.36,,,Ⅲ
2022-12-24T00:00:00+08:00,1671811200,9.0,7.92,9.57,406.2,158.4,3.86,0.262,0.142,2.54,,,Ⅲ
2022-12-24T04:00:00+08:00,1671825600,9.0,7.92,9.54,406.5,169.2,3.57,0.279,0.137,2.4,,,Ⅲ
2022-12-24T08:00:00+08:00,1671840000,8.8,7.89,9.49,411.8,1673.9,3.6,0.277,0.145,2.51,,,Ⅲ
2022-12-24T12:00:00+08:00,1671854400,9.0,7.95,9.73,410.7,292.2,6.92,0.429,0.334,7.05,,,Ⅴ
2022-12-24T16:00:00+08:00,1671868800,9.1,7.94,9.8,415.9,218.9,4.71,0.323,0.188,2.89,,,Ⅲ
2022-12-24T20:00:00+08:00,1671883200,8.8,7.93,9.55,404.2,240.8,4.14,0.336,0.166,2.74,,,Ⅲ
2022-12-25T00:00:00+08:00,1671897600,8.8,7.94,9.78,396.1,153.3,4.04,0.284,0.165,2.72,,,Ⅲ
2022-12-25T04:00:00+08:00,1671912000,8.7,7.94,9.71,398.0,140.9,3.69,0.226,0.147,2.53,,,Ⅲ
2022-12-25T08:00:00+08:00,1671926400,8.4,7.93,9.66,407.0,127.6,3.47,0.246,0.138,2.42,,,Ⅲ
2022-12-25T12:00:00+08:00,1671940800,8.8,7.94,9.79,404.3,145.9,3.18,0.334,0.149,2.56,,,Ⅲ
2022-12-25T16:00:00+08:00,1671955200,8.8,7.92,9.64,415.1,292.3,3.55,0.31,0.152,2.51,,,Ⅲ
2022-12-25T20:00:00+08:00,1671969600,8.8,7.93,9.66,398.3,271.6,4.35,0.405,0.186,3.11,,,Ⅲ
2022-12-26T00:00:00+08:00,1671984000,9.6,7.92,9.57,379.7,170.6,4.4,0.274,0.181,2.81,,,Ⅲ
2022-12-26T04:00:00+08:00,1671998400,9.6,7.92,9.62,380.1,151.3,3.79,0.177,0.146,2.43,,,Ⅲ
2022-12-26T08:00:00+08:00,1672012800,9.5,7.93,9.61,381.0,150.6,3.65,0.176,0.146,2.35,,,Ⅲ
2022-12-26T12:00:00+08:00,1672027200,10.0,7.93,9.7,377.0,98.1,3.56,0.193,0.148,2.48,,,Ⅲ
2022-12-26T16:00:00+08:00,1672041600,10.1,7.93,9.8,376.3,104.1,3.12,0.135,0.129,2.36,,,Ⅲ
2022-12-26T20:00:00+08:00,1672056000,10.6,7.95,9.82,376.7,176.4,3.63,0.13,0.144,2.41,,,Ⅲ
2022-12-27T00:00:00+08:00,1672070400,10.6,7.93,9.58,370.9,143.1,3.63,0.13,0.144,2.41,,,Ⅲ
2022-12-27T04:00:00+08:00,1672084800,10.4,7.96,9.68,371.0,144.2,3.3,0.113,0.133,2.32,,,Ⅲ
2022-12-27T08:00:00+08:00,1672099200,10.2,7.96,9.71,372.3,146.7,3.04,0.126,0.134,2.28,,,Ⅲ
2022-12-27T12:00:00+08:00,1672113600,10.7,7.95,9.81,373.5,119.2,3.11,0.144,0.132,2.26,,,Ⅲ
2022-12-27T16:00:00+08:00,1672128000,10.6,7.96,9.8,374.1,196.9,3.74,0.159,0.155,2.4,,,Ⅲ
2022-12-27T20:00:00+08:00,1672142400,10.5,7.95,9.82,377.1,194.0,3.77,0.254,0.159,2.57,,,Ⅲ
2022-12-28T00:00:00+08:00,1672156800,10.0,7.91,9.53,380.9,112.2,3.77,0.254,0.159,2.57,,,Ⅲ
2022-12-28T04:00:00+08:00,1672171200,10.1,7.94,9.6,379.9,165.1,3.59,0.183,0.149,2.39,,,Ⅲ
2022-12-28T08:00:00+08:00,1672185600,10.0,7.94,9.57,383.0,168.6,3.6,0.211,0.153,2.3,,,Ⅲ
2022-12-28T12:00:00+08:00,1672200000,10.2,7.94,9.8,377.7,103.4,3.2,0.155,0.132,2.27,,,Ⅲ
2022-12-28T16:00:00+08:00,1672214400,10.2,7.95,9.81,384.3,179.2,3.82,0.22,0.157,2.27,,,Ⅲ
2022-12-28T20:00:00+08:00,1672228800,10.1,7.95,9.74,390.6,169.1,3.92,0.253,0.167,2.53,,,Ⅲ
2022-12-29T00:00:00+08:00,1672243200,10.3,7.93,9.79,381.7,139.8,3.92,0.253,0.167,2.53,,,Ⅲ
2022-12-29T04:00:00+08:00,1672257600,9.7,7.92,9.69,383.7,73.4,3.06,0.186,0.119,2.16,,,Ⅲ
2022-12-29T08:00:00+08:00,1672272000,9.6,7.92,9.7,383.7,98.9,2.86,0.191,0.118,2.12,,,Ⅲ
2022-12-29T12:00:00+08:00,1672286400,9.7,7.93,9.81,384.8,100.0,3.2,0.206,0.127,2.18,,,Ⅲ
2022-12-29T16:00:00+08:00,1672300800,9.9,7.94,9.82,383.0,127.8,3.38,0.201,0.138,2.26,,,Ⅲ
2022-12-29T20:00:00+08:00,1672315200,9.7,7.94,9.79,392.1,110.8,3.34,0.24,0.14,2.37,,,Ⅲ
2022-12-30T00:00:00+08:00,1672329600,9.9,7.94,9.78,381.8,471.6,3.34,0.24,0.14,2.37,,,Ⅲ
2022-12-30T04:00:00+08:00,1672344000,10.1,7.97,9.85,383.2,135.8,3.44,0.133,0.138,2.41,,,Ⅲ
2022-12-30T08:00:00+08:00,1672358400,9.9,7.98,9.89,384.1,153.1,3.34,0.136,0.133,2.26,,,Ⅲ
2022-12-30T12:00:00+08:00,1672372800,10.0,7.97,10.0,391.5,155.9,3.56,0.193,0.146,2.35,,,Ⅲ
2022-12-30T16:00:00+08:00,1672387200,10.1,7.96,9.93,398.6,145.9,3.69,0.22,0.145,2.47,,,Ⅲ
2022-12-30T20:00:00+08:00,1672401600,10.0,7.96,9.92,400.0,146.9,3.64,0.242,0.149,2.46,,,Ⅲ
2022-12-31T00:00:00+08:00,1672416000,9.8,8.0,9.93,402.7,710.7,3.64,0.242,0.149,2.46,,,Ⅲ
2022-12-31T04:00:00+08:00,1672430400,9.8,7.96,10.05,389.3,143.9,3.59,0.135,0.142,2.56,,,Ⅲ
2022-12-31T08:00:00+08:00,1672444800,9.7,7.97,10.06,391.1,160.8,3.43,0.141,0.141,2.44,,,Ⅲ
2022-12-31T12:00:00+08:00,1672459200,10.1,7.98,10.15,404.6,198.8,3.99,0.209,0.155,2.56,,,Ⅲ
2022-12-31T16:00:00+08:00,1672473600,10.0,7.99,10.09,406.3,281.0,4.77,0.253,0.168,2.69,,,Ⅲ
2022-12-31T20:00:00+08:00,1672488000,9.9,7.99,10.05,406.6,264.6,4.46,0.276,0.17,2.91,,,Ⅲ
2023-01-01T00:00:00+08:00,1672502400,9.8,7.98,9.94,416.7,242.7,4.46,0.276,0.17,2.91,,,Ⅲ
2023-01-01T04:00:00+08:00,1672516800,9.9,8.0,10.04,400.5,326.3,5.0,0.24,0.176,3.17,,,Ⅲ
2023-01-01T08:00:00+08:00,1672531200,9.8,8.0,10.08,400.4,319.5,4.69,0.234,0.177,2.91,,,Ⅲ
2023-01-01T12:00:00+08:00,1672545600,9.9,7.98,9.36,409.2,303.3,4.73,0.3,0.185,3.06,,,Ⅲ
2023-01-01T16:00:00+08:00,1672560000,9.9,8.0,9.41,414.4,314.7,4.69,0.386,0.186,3.24,,,Ⅲ
2023-01-01T20:00:00+08:00,1672574400,9.9,8.0,9.51,412.0,283.2,4.63,0.34,0.18,3.21,,,Ⅲ
2023-01-02T00:00:00+08:00,1672588800,9.8,7.98,9.36,416.6,289.2,4.63,0.34,0.18,3.21,,,Ⅲ
2023-01-02T04:00:00+08:00,1672603200,9.8,7.99,9.36,415.6,297.5,4.62,0.397,0.182,3.13,,,Ⅲ
2023-01-02T08:00:00+08:00,1672617600,9.7,7.97,9.28,421.4,273.4,4.4,0.457,0.189,3.2,,,Ⅲ
2023-01-02T12:00:00+08:00,1672632000,9.9,7.98,9.32,422.0,251.0,4.26,0.468,0.186,3.18,,,Ⅲ
2023-01-02T16:00:00+08:00,1672646400,9.8,7.95,9.27,427.4,286.1,4.69,0.544,0.209,3.45,,,Ⅳ
2023-01-02T20:00:00+08:00,1672660800,9.8,8.01,9.67,417.8,356.3,5.15,0.295,0.195,3.49,,,Ⅲ
2023-01-03T00:00:00+08:00,1672675200,9.7,8.01,9.67,420.1,312.3,5.15,0.295,0.195,3.49,,,Ⅲ
2023-01-03T04:00:00+08:00,1672689600,9.6,8.01,9.63,427.1,338.0,4.99,0.33,0.178,3.11,,,Ⅲ
2023-01-03T08:00:00+08:00,1672704000,9.5,8.0,9.49,436.8,327.3,4.99,0.33,0.178,3.11,,,Ⅲ
2023-01-03T12:00:00+08:00,1672718400,9.7,7.97,9.35,457.9,253.0,4.71,0.49,0.19,3.34,,,Ⅲ
2023-01-03T16:00:00+08:00,1672732800,9.9,8.01,9.69,427.0,363.9,5.08,0.362,0.183,3.37,,,Ⅲ
2023-01-03T20:00:00+08:00,1672747200,9.6,7.96,9.62,412.9,286.8,4.6,0.23,0.179,3.22,,,Ⅲ
2023-01-04T00:00:00+08:00,1672761600,9.5,7.97,9.55,412.9,244.1,4.6,0.23,0.179,3.22,,,Ⅲ
2023-01-04T04:00:00+08:00,1672776000,9.3,7.97,9.6,414.0,220.7,4.12,0.221,0.144,2.72,,,Ⅲ
2023-01-04T08:00:00+08:00,1672790400,9.2,7.97,9.58,416.9,206.4,3.94,0.243,0.147,2.83,,,Ⅲ
2023-01-04T12:00:00+08:00,1672804800,9.5,7.98,9.66,419.2,268.8,4.32,0.285,0.163,2.97,,,Ⅲ
2023-01-04T16:00:00+08:00,1672819200,9.7,7.95,9.49,436.1,220.2,4.32,0.493,0.18,3.79,,,Ⅲ
2023-01-04T20:00:00+08:00,1672833600,9.5,7.99,9.69,413.6,179.4,4.14,0.22,0.138,2.82,,,Ⅲ
2023-01-05T00:00:00+08:00,1672848000,9.3,8.0,9.74,415.3,197.9,4.14,0.22,0.138,2.82,,,Ⅲ
2023-01-05T04:00:00+08:00,1672862400,9.3,7.99,9.65,415.5,195.6,4.51,0.242,0.127,2.75,,,Ⅲ
2023-01-05T08:00:00+08:00,1672876800,9.3,7.99,9.61,416.6,176.3,4.06,0.253,0.129,2.82,,,Ⅲ
2023-01-05T12:00:00+08:00,1672891200,9.6,7.98,9.61,421.1,172.6,4.19,0.32,0.142,2.82,,,Ⅲ
2023-01-05T16:00:00+08:00,1672905600,9.7,7.94,9.4,430.7,171.3,4.43,0.506,0.177,3.18,,,Ⅲ
2023-01-05T20:00:00+08:00,1672920000,9.3,8.05,9.77,403.2,144.0,4.03,0.293,0.138,2.5,,,Ⅲ
2023-01-06T00:00:00+08:00,1672934400,9.4,8.04,9.66,402.7,120.4,3.64,0.264,0.119,2.45,,,Ⅲ
2023-01-06T04:00:00+08:00,1672948800,9.3,8.03,9.55,402.9,117.2,3.63,0.276,0.118,2.36,,,Ⅲ
2023-01-06T08:00:00+08:00,1672963200,9.1,8.02,9.45,408.5,88.8,3.19,0.324,0.118,2.32,,,Ⅲ
2023-01-06T12:00:00+08:00,1672977600,9.6,8.02,9.64,414.5,102.5,3.43,0.372,0.129,2.43,,,Ⅲ
2023-01-06T16:00:00+08:00,1672992000,9.6,8.01,9.52,424.0,110.5,3.65,0.474,0.162,2.48,,,Ⅲ
2023-01-06T20:00:00+08:00,1673006400,10.1,8.01,9.48,420.6,158.0,4.02,0.253,0.142,2.49,,,Ⅲ
2023-01-07T00:00:00+08:00,1673020800,10.5,8.0,9.46,400.4,181.5,4.26,0.189,0.129,2.38,,,Ⅲ
2023-01-07T04:00:00+08:00,1673035200,10.2,7.99,9.33,403.0,100.9,3.29,0.181,0.114,2.17,,,Ⅲ
2023-01-07T08:00:00+08:00,1673049600,10.1,7.98,9.23,415.0,134.9,3.5,0.261,0.126,2.41,,,Ⅲ
2023-01-07T12:00:00+08:00,1673064000,10.4,7.98,9.34,423.5,146.5,3.76,0.309,0.141,2.53,,,Ⅲ
2023-01-07T16:00:00+08:00,1673078400,10.3,7.96,9.26,432.0,121.0,3.57,0.381,0.146,2.61,,,Ⅲ
2023-01-07T20:00:00+08:00,1673092800,10.8,8.01,9.55,400.8,171.6,3.53,0.178,0.133,2.4,,,Ⅲ
2023-01-08T00:00:00+08:00,1673107200,10.8,8.02,9.5,394.8,135.6,3.12,0.14,0.12,2.22,,,Ⅲ
2023-01-08T04:00:00+08:00,1673121600,10.6,8.02,9.49,395.2,134.3,3.07,0.142,0.119,2.16,,,Ⅲ
2023-01-08T08:00:00+08:00,1673136000,10.6,8.02,9.48,396.7,171.5,3.17,0.173,0.132,2.15,,,Ⅲ
2023-01-08T12:00:00+08:00,1673150400,10.8,7.97,9.54,398.8,161.3,3.31,0.196,0.134,2.24,,,Ⅲ
2023-01-08T16:00:00+08:00,1673164800,11.1,7.99,9.4,405.9,119.5,3.12,0.327,0.146,2.49,,,Ⅲ
2023-01-08T20:00:00+08:00,1673179200,11.1,8.04,9.58,394.9,210.8,3.85,0.155,0.136,2.39,,,Ⅲ
2023-01-09T00:00:00+08:00,1673193600,11.2,8.12,9.44,398.2,135.1,3.38,0.202,0.129,2.28,,,Ⅲ
2023-01-09T04:00:00+08:00,1673208000,11.1,8.11,9.46,397.1,131.4,3.31,0.139,0.121,2.29,,,Ⅲ
2023-01-09T08:00:00+08:00,1673222400,11.0,8.11,9.38,400.6,130.0,3.18,0.234,0.145,2.46,,,Ⅲ
2023-01-09T12:00:00+08:00,1673236800,11.3,8.07,9.53,397.8,137.1,3.31,0.236,0.148,2.33,,,Ⅲ
2023-01-09T16:00:00+08:00,1673251200,11.3,8.05,9.53,396.0,112.7,2.96,0.172,0.128,2.16,,,Ⅲ
2023-01-09T20:00:00+08:00,1673265600,11.1,8.06,9.55,396.1,212.8,3.58,0.164,0.145,2.4,,,Ⅲ
2023-01-10T00:00:00+08:00,1673280000,11.1,8.03,9.52,398.1,103.5,2.94,0.251,0.132,2.26,,,Ⅲ
2023-01-10T08:00:00+08:00,1673308800,11.1,8.04,9.58,395.3,193.4,2.94,0.147,0.128,2.16,,,Ⅲ
2023-01-10T12:00:00+08:00,1673323200,11.4,8.05,9.67,395.7,242.9,3.04,0.157,0.138,2.26,,,Ⅲ
2023-01-10T16:00:00+08:00,1673337600,11.9,8.06,9.88,394.6,53.7,3.63,0.188,0.156,2.41,,,Ⅲ
2023-01-10T20:00:00+08:00,1673352000,11.4,8.04,10.02,398.2,110.6,2.24,0.129,0.115,1.91,,,Ⅲ
2023-01-11T00:00:00+08:00,1673366400,11.7,8.01,10.0,396.0,107.4,2.7,0.188,0.132,2.16,,,Ⅲ
2023-01-11T04:00:00+08:00,1673380800,11.2,8.06,9.89,395.8,66.8,2.44,0.15,0.125,2.02,,,Ⅲ
2023-01-11T08:00:00+08:00,1673395200,11.1,8.07,9.85,395.6,32.2,2.25,0.131,0.12,1.97,,,Ⅲ
2023-01-11T12:00:00+08:00,1673409600,11.8,8.08,10.1,395.4,40.9,1.83,0.114,0.107,1.72,,,Ⅲ
2023-01-11T16:00:00+08:00,1673424000,11.8,8.08,10.09,395.4,41.2,2.0,0.128,0.109,1.85,,,Ⅲ
2023-01-11T20:00:00+08:00,1673438400,11.7,8.08,9.98,396.4,34.1,1.94,0.134,0.109,1.87,,,Ⅲ
2023-01-12T00:00:00+08:00,1673452800,11.9,8.01,9.98,397.6,42.8,1.95,0.128,0.106,1.72,,,Ⅲ
2023-01-12T04:00:00+08:00,1673467200,11.5,8.05,9.85,398.0,35.9,1.95,0.128,0.106,1.72,,,Ⅲ
2023-01-12T08:00:00+08:00,1673481600,11.3,8.06,9.78,396.1,33.0,1.9,0.125,0.106,1.8,,,Ⅲ
2023-01-12T12:00:00+08:00,1673496000,12.0,8.03,9.96,397.2,39.5,1.7,0.109,0.108,1.74,,,Ⅲ
2023-01-12T16:00:00+08:00,1673510400,12.0,7.85,9.94,398.0,35.6,1.9,0.135,0.11,1.93,,,Ⅲ
2023-01-12T20:00:00+08:00,1673524800,11.9,7.98,9.88,396.0,37.2,1.87,0.124,0.103,1.79,,,Ⅲ
2023-01-13T00:00:00+08:00,1673539200,12.3,8.0,9.83,396.7,36.1,1.97,0.12,0.104,1.75,,,Ⅲ
2023-01-13T04:00:00+08:00,1673553600,12.1,8.02,9.76,396.1,32.8,1.97,0.129,0.102,1.85,,,Ⅲ
2023-01-13T08:00:00+08:00,1673568000,11.9,8.03,9.73,396.6,26.5,1.88,0.121,0.102,1.78,,,Ⅲ
2023-01-13T12:00:00+08:00,1673582400,12.4,8.03,9.79,397.8,30.2,1.73,0.111,0.097,1.68,,,Ⅱ
2023-01-13T16:00:00+08:00,1673596800,12.5,7.95,9.85,398.6,36.4,1.83,0.122,0.096,1.88,,,Ⅱ
2023-01-13T20:00:00+08:00,1673611200,12.2,8.01,9.82,396.7,30.0,1.95,0.122,0.098,1.8,,,Ⅱ
2023-01-14T00:00:00+08:00,1673625600,12.5,8.03,9.77,397.0,31.1,1.8,0.121,0.094,1.8,,,Ⅱ
2023-01-14T04:00:00+08:00,1673640000,12.3,8.03,9.75,396.7,68.5,1.8,0.121,0.094,1.8,,,Ⅱ
2023-01-14T08:00:00+08:00,1673654400,12.0,8.04,9.68,397.5,37.0,2.2,0.162,0.11,2.03,,,Ⅲ
2023-01-14T12:00:00+08:00,1673668800,12.3,8.04,9.69,398.9,35.4,1.85,0.141,0.099,1.78,,,Ⅱ
2023-01-14T16:00:00+08:00,1673683200,12.0,8.03,9.72,401.3,40.9,2.06,0.162,0.099,1.87,,,Ⅱ
2023-01-14T20:00:00+08:00,1673697600,11.5,8.05,9.69,402.3,43.0,2.1,0.18,0.101,1.9,,,Ⅲ
2023-01-15T00:00:00+08:00,1673712000,11.7,8.06,9.72,400.2,43.7,2.11,0.162,0.101,1.83,,,Ⅲ
2023-01-15T04:00:00+08:00,1673726400,11.4,8.07,9.76,401.4,38.3,2.14,0.168,0.101,1.85,,,Ⅲ
2023-01-15T08:00:00+08:00,1673740800,11.1,8.08,9.73,402.8,31.0,2.11,0.165,0.096,1.87,,,Ⅱ
2023-01-15T12:00:00+08:00,1673755200,11.5,8.09,9.88,400.3,32.0,1.9,0.145,0.092,1.83,,,Ⅱ
2023-01-15T16:00:00+08:00,1673769600,11.6,7.97,9.95,405.0,38.7,1.83,0.134,0.089,1.78,,,Ⅱ
2023-01-15T20:00:00+08:00,1673784000,11.6,8.04,9.83,402.7,31.0,2.04,0.159,0.092,2.02,,,Ⅱ
2023-01-16T00:00:00+08:00,1673798400,11.4,8.08,9.82,399.8,31.8,1.93,0.143,0.09,1.84,,,Ⅱ
2023-01-16T04:00:00+08:00,1673812800,11.3,8.06,9.8,404.4,27.4,1.85,0.125,0.091,1.79,,,Ⅱ
2023-01-16T12:00:00+08:00,1673841600,11.5,8.1,9.98,399.7,27.7,1.86,0.137,0.09,1.81,,,Ⅱ
2023-01-16T16:00:00+08:00,1673856000,12.0,8.01,10.0,401.6,28.3,1.84,0.125,0.088,1.69,,,Ⅱ
2023-01-16T20:00:00+08:00,1673870400,11.6,8.07,9.96,401.3,26.3,1.93,0.142,0.091,1.85,,,Ⅱ
2023-01-17T00:00:00+08:00,1673884800,11.5,8.08,9.75,398.9,22.4,1.87,0.135,0.098,1.74,,,Ⅱ
2023-01-17T04:00:00+08:00,1673899200,11.6,8.07,9.64,399.9,21.8,1.83,0.129,0.098,1.64,,,Ⅱ
2023-01-17T08:00:00+08:00,1673913600,11.2,8.08,9.66,400.0,21.8,1.84,0.136,0.093,1.69,,,Ⅱ
2023-01-17T12:00:00+08:00,1673928000,11.6,8.1,9.84,398.5,20.0,1.72,0.128,0.093,1.66,,,Ⅱ
2023-01-17T16:00:00+08:00,1673942400,11.9,7.94,9.92,401.0,22.9,1.6,0.122,0.091,2.0,,,Ⅱ
2023-01-17T20:00:00+08:00,1673956800,11.7,8.07,9.84,398.9,27.1,1.74,0.135,0.092,1.87,,,Ⅱ
2023-01-18T00:00:00+08:00,1673971200,11.4,8.09,9.74,399.2,21.6,1.77,0.135,0.097,1.8,,,Ⅱ
2023-01-18T04:00:00+08:00,1673985600,11.5,8.09,9.73,399.3,20.5,1.76,0.143,0.097,1.78,,,Ⅱ
2023-01-18T08:00:00+08:00,1674000000,11.3,8.09,9.71,400.2,21.0,1.76,0.132,0.095,1.6,,,Ⅱ
2023-01-18T12:00:00+08:00,1674014400,11.4,8.12,9.92,399.5,22.3,1.64,0.137,0.095,1.72,,,Ⅱ
2023-01-18T16:00:00+08:00,1674028800,11.9,8.0,9.97,399.5,20.4,1.79,0.129,0.097,1.6,,,Ⅱ
2023-01-18T20:00:00+08:00,1674043200,11.7,8.03,9.8,399.7,18.5,1.85,0.125,0.096,1.64,,,Ⅱ
2023-01-19T00:00:00+08:00,1674057600,11.5,8.03,9.8,400.0,35.7,1.79,0.128,0.094,1.72,,,Ⅱ
2023-01-19T04:00:00+08:00,1674072000,11.3,8.04,9.76,401.5,31.1,1.79,0.128,0.094,1.72,,,Ⅱ
2023-01-19T08:00:00+08:00,1674086400,11.2,8.05,9.74,402.2,22.2,1.93,0.133,0.099,1.83,,,Ⅱ
2023-01-28T08:00:00+08:00,1674864000,8.2,8.5,10.51,407.0,21.6,2.31,0.105,0.094,1.53,,,Ⅲ
2023-01-28T12:00:00+08:00,1674878400,9.3,8.33,10.27,406.6,32.9,2.14,0.113,0.097,1.66,,,Ⅱ
2023-01-28T16:00:00+08:00,1674892800,9.9,8.35,10.26,403.8,36.6,2.18,0.096,0.097,1.7,,,Ⅱ
2023-01-28T20:00:00+08:00,1674907200,9.6,8.28,9.98,404.5,30.2,2.05,0.096,0.096,1.55,,,Ⅱ
2023-01-29T00:00:00+08:00,1674921600,9.6,8.22,9.82,406.2,31.9,2.05,0.096,0.096,1.55,,,Ⅱ
2023-01-29T04:00:00+08:00,1674936000,9.3,8.25,9.88,406.1,28.9,2.05,0.095,0.096,1.65,,,Ⅱ
2023-01-29T08:00:00+08:00,1674950400,9.1,8.25,9.9,407.1,34.3,2.0,0.095,0.097,1.63,,,Ⅱ
2023-01-29T12:00:00+08:00,1674964800,9.6,8.17,10.24,402.5,156.2,2.44,0.09,0.11,2.0,,,Ⅲ
2023-01-29T16:00:00+08:00,1674979200,9.5,8.31,11.17,404.1,29.2,2.44,0.09,0.11,2.0,,,Ⅲ
2023-01-29T20:00:00+08:00,1674993600,9.3,8.24,10.69,404.7,28.4,2.28,0.084,0.098,1.62,,,Ⅱ
2023-01-30T04:00:00+08:00,1675022400,8.8,8.24,10.63,406.2,24.4,2.24,0.066,0.093,1.58,,,Ⅱ
2023-01-30T08:00:00+08:00,1675036800,8.7,8.24,10.68,407.1,28.6,2.19,0.074,0.096,1.63,,,Ⅱ
2023-01-30T12:00:00+08:00,1675051200,9.1,8.39,11.53,407.4,37.0,2.54,0.084,0.103,1.7,,,Ⅱ
2023-01-30T16:00:00+08:00,1675065600,9.2,8.39,11.6,407.3,45.9,2.69,0.066,0.107,1.68,,,Ⅲ
2023-01-30T20:00:00+08:00,1675080000,10.0,8.01,10.4,406.3,37.4,2.32,0.139,0.105,2.0,,,Ⅲ
2023-01-31T00:00:00+08:00,1675094400,10.5,7.91,9.89,403.1,42.0,2.32,0.139,0.105,2.0,,,Ⅲ
2023-01-31T04:00:00+08:00,1675108800,10.8,7.93,9.87,400.7,33.4,1.94,0.121,0.102,1.78,,,Ⅲ
2023-01-31T08:00:00+08:00,1675123200,10.4,7.94,9.88,399.1,70.8,2.48,0.131,0.126,2.11,,,Ⅲ
2023-01-31T12:00:00+08:00,1675137600,10.8,7.97,10.06,397.3,92.5,2.5,0.133,0.12,1.96,,,Ⅲ
2023-01-31T16:00:00+08:00,1675152000,11.2,7.66,10.24,403.0,43.0,2.21,0.119,0.101,1.82,,,Ⅲ
2023-01-31T20:00:00+08:00,1675166400,11.0,7.88,10.02,399.2,68.7,2.3,0.126,0.105,1.88,,,Ⅲ
2023-02-01T00:00:00+08:00,1675180800,10.6,7.92,9.87,398.4,25.4,2.3,0.126,0.105,1.88,,,Ⅲ
2023-02-01T04:00:00+08:00,1675195200,10.8,7.95,9.96,399.0,24.6,1.93,0.118,0.091,1.6,,,Ⅲ
2023-02-01T08:00:00+08:00,1675209600,10.8,7.96,9.93,401.1,28.3,1.89,0.116,0.091,1.72,,,Ⅱ
2023-02-01T12:00:00+08:00,1675224000,10.8,7.97,10.04,398.3,28.6,1.82,0.105,0.087,2.07,,,Ⅱ
2023-02-01T16:00:00+08:00,1675238400,11.0,7.81,10.29,400.5,25.4,1.8,0.113,0.084,1.6,,,Ⅱ
2023-02-01T20:00:00+08:00,1675252800,10.9,7.89,10.25,422.8,34.2,2.03,0.125,0.088,1.81,,,Ⅱ
2023-02-02T00:00:00+08:00,1675267200,10.4,7.95,10.04,405.7,26.2,2.03,0.125,0.088,1.81,,,Ⅱ
2023-02-02T04:00:00+08:00,1675281600,10.2,7.97,9.9,403.1,22.3,1.81,0.115,0.082,1.59,,,Ⅱ
2023-02-02T08:00:00+08:00,1675296000,10.6,7.98,10.05,401.0,29.4,1.9,0.113,0.079,1.79,,,Ⅱ
2023-02-02T12:00:00+08:00,1675310400,10.4,7.99,10.05,400.2,39.7,1.95,0.113,0.082,1.65,,,Ⅱ
2023-02-02T16:00:00+08:00,1675324800,10.5,8.0,10.08,400.0,24.6,1.86,0.104,0.074,1.64,,,Ⅱ
2023-02-02T20:00:00+08:00,1675339200,10.7,7.99,10.08,401.6,25.5,1.85,0.109,0.073,1.63,,,Ⅱ
2023-02-03T00:00:00+08:00,1675353600,10.4,7.99,10.0,402.3,22.7,1.85,0.109,0.073,1.63,,,Ⅱ
2023-02-03T04:00:00+08:00,1675368000,10.4,7.99,9.9,403.2,19.7,1.61,0.106,0.067,1.57,,,Ⅱ
2023-02-03T08:00:00+08:00,1675382400,10.5,8.0,10.0,403.5,22.6,1.7,0.106,0.071,1.71,,,Ⅱ
2023-02-03T12:00:00+08:00,1675396800,10.7,8.0,10.22,405.8,26.7,1.7,0.107,0.074,1.72,,,Ⅱ
2023-02-03T16:00:00+08:00,1675411200,10.8,8.0,10.25,403.6,24.3,1.75,0.102,0.07,1.62,,,Ⅱ
2023-02-03T20:00:00+08:00,1675425600,10.9,7.92,10.19,406.7,25.0,1.92,0.113,0.068,1.76,,,Ⅱ
2023-02-04T00:00:00+08:00,1675440000,10.5,7.98,10.12,411.7,26.4,1.92,0.113,0.068,1.76,,,Ⅱ
2023-02-04T04:00:00+08:00,1675454400,10.1,7.97,9.91,407.9,31.6,1.76,0.114,0.069,1.62,,,Ⅱ
2023-02-04T08:00:00+08:00,1675468800,10.5,7.98,9.96,406.9,24.3,1.7,0.101,0.068,1.69,,,Ⅱ
2023-02-04T12:00:00+08:00,1675483200,10.7,7.99,10.25,407.1,22.3,1.52,0.104,0.066,1.61,,,Ⅱ
2023-02-04T16:00:00+08:00,1675497600,10.7,8.0,10.18,406.9,24.2,1.78,0.104,0.067,1.61,,,Ⅱ
2023-02-04T20:00:00+08:00,1675512000,10.8,7.65,10.17,410.7,24.5,1.89,0.108,0.068,1.56,,,Ⅱ
2023-02-05T00:00:00+08:00,1675526400,10.4,7.92,10.08,409.0,23.6,1.89,0.108,0.068,1.56,,,Ⅱ
2023-02-05T04:00:00+08:00,1675540800,10.1,7.95,9.95,410.7,22.7,1.76,0.104,0.067,1.56,,,Ⅱ
2023-02-05T08:00:00+08:00,1675555200,10.4,7.96,9.95,409.6,20.3,1.76,0.104,0.067,1.56,,,Ⅱ
2023-02-05T12:00:00+08:00,1675569600,10.6,7.97,10.12,409.9,25.5,1.82,0.104,0.067,1.69,,,Ⅱ
2023-02-05T16:00:00+08:00,1675584000,10.3,7.99,10.1,409.7,22.9,1.67,0.106,0.067,1.63,,,Ⅱ
2023-02-05T20:00:00+08:00,1675598400,10.6,7.85,10.19,410.9,22.5,1.83,0.104,0.065,1.59,,,Ⅱ
2023-02-06T00:00:00+08:00,1675612800,10.5,7.91,10.14,411.8,21.9,1.83,0.104,0.065,1.59,,,Ⅱ
2023-02-06T04:00:00+08:00,1675627200,10.2,7.95,10.04,414.6,21.6,1.68,0.11,0.065,1.59,,,Ⅱ
2023-02-06T08:00:00+08:00,1675641600,10.5,7.97,10.04,411.4,22.5,1.76,0.124,0.068,1.68,,,Ⅱ
2023-02-06T12:00:00+08:00,1675656000,10.7,7.97,10.07,412.0,31.9,1.87,0.137,0.072,1.73,,,Ⅱ
2023-02-06T16:00:00+08:00,1675670400,10.3,7.96,10.01,412.1,24.1,1.77,0.116,0.067,1.76,,,Ⅱ
2023-02-06T20:00:00+08:00,1675684800,10.8,7.63,10.0,416.0,25.5,1.92,0.106,0.067,1.56,,,Ⅱ
2023-02-07T00:00:00+08:00,1675699200,10.4,7.99,10.27,413.0,27.0,1.92,0.106,0.067,1.56,,,Ⅱ
2023-02-07T04:00:00+08:00,1675713600,10.2,7.95,9.95,416.1,26.1,1.78,0.122,0.069,1.65,,,Ⅱ
2023-02-07T08:00:00+08:00,1675728000,10.7,7.93,9.91,435.6,33.5,2.04,0.155,0.072,1.99,,,Ⅱ
2023-02-07T12:00:00+08:00,1675742400,11.0,7.94,10.07,438.3,55.5,2.19,0.172,0.073,2.12,,,Ⅱ
2023-02-07T16:00:00+08:00,1675756800,10.5,7.96,10.07,419.2,27.5,1.83,0.126,0.072,1.69,,,Ⅱ
2023-02-07T20:00:00+08:00,1675771200,10.9,7.73,10.12,439.6,26.9,2.17,0.143,0.066,1.94,,,Ⅱ
2023-02-08T00:00:00+08:00,1675785600,10.7,7.9,9.96,422.7,25.0,2.17,0.143,0.066,1.94,,,Ⅱ
2023-02-08T04:00:00+08:00,1675800000,10.3,7.92,9.89,420.2,22.2,1.62,0.108,0.064,1.61,,,Ⅱ
2023-02-08T08:00:00+08:00,1675814400,10.5,7.93,9.92,436.5,21.8,1.77,0.139,0.063,1.9,,,Ⅱ
2023-02-08T12:00:00+08:00,1675828800,10.9,7.94,10.1,436.8,22.0,2.08,0.169,0.064,1.97,,,Ⅱ
2023-02-08T16:00:00+08:00,1675843200,10.5,7.96,10.16,421.4,36.4,1.89,0.126,0.073,1.85,,,Ⅱ
2023-02-08T20:00:00+08:00,1675857600,10.7,7.94,10.04,434.8,24.0,1.96,0.142,0.065,1.83,,,Ⅱ
2023-02-09T00:00:00+08:00,1675872000,10.8,7.91,10.0,424.9,25.6,1.96,0.142,0.065,1.83,,,Ⅱ
2023-02-09T04:00:00+08:00,1675886400,10.4,7.94,9.92,421.4,24.6,1.78,0.119,0.066,1.69,,,Ⅱ
2023-02-09T12:00:00+08:00,1675915200,10.8,7.79,9.96,435.8,38.6,2.2,0.17,0.075,2.0,,,Ⅱ
2023-02-09T16:00:00+08:00,1675929600,10.4,7.95,9.97,422.0,28.6,1.96,0.158,0.072,1.76,,,Ⅱ
2023-02-09T20:00:00+08:00,1675944000,10.6,7.95,9.99,429.0,28.6,1.96,0.164,0.07,1.85,,,Ⅱ
2023-02-10T00:00:00+08:00,1675958400,10.7,7.96,9.97,426.5,28.1,1.96,0.164,0.07,1.85,,,Ⅱ
2023-02-10T04:00:00+08:00,1675972800,10.3,7.95,9.84,427.9,24.6,1.83,0.141,0.069,1.81,,,Ⅱ
2023-02-10T08:00:00+08:00,1675987200,10.4,7.95,9.82,430.9,20.3,1.66,0.135,0.066,1.74,,,Ⅱ
2023-02-10T12:00:00+08:00,1676001600,11.0,7.8,9.93,425.6,23.2,1.66,0.133,0.069,1.72,,,Ⅱ
2023-02-10T16:00:00+08:00,1676016000,10.7,7.93,10.05,423.3,26.4,1.85,0.132,0.07,1.72,,,Ⅱ
2023-02-10T20:00:00+08:00,1676030400,10.6,7.96,10.0,423.5,24.6,1.68,0.113,0.066,1.62,,,Ⅱ
2023-02-11T00:00:00+08:00,1676044800,10.9,7.96,9.99,427.3,23.0,1.68,0.113,0.066,1.62,,,Ⅱ
2023-02-11T04:00:00+08:00,1676059200,10.5,7.95,9.86,425.0,22.0,1.78,0.122,0.068,1.71,,,Ⅱ
2023-02-11T08:00:00+08:00,1676073600,10.4,7.96,9.85,429.4,21.2,1.73,0.13,0.068,1.76,,,Ⅱ
2023-02-11T12:00:00+08:00,1676088000,11.0,7.95,9.88,437.4,25.9,1.82,0.164,0.071,1.92,,,Ⅱ
2023-02-11T16:00:00+08:00,1676102400,10.8,7.96,10.02,431.9,28.3,1.82,0.152,0.072,1.92,,,Ⅱ
2023-02-11T20:00:00+08:00,1676116800,10.5,7.95,9.85,435.1,23.4,1.51,0.149,0.072,1.89,,,Ⅱ
2023-02-12T00:00:00+08:00,1676131200,11.0,7.96,9.89,433.2,23.2,1.51,0.149,0.072,1.89,,,Ⅱ
2023-02-12T04:00:00+08:00,1676145600,10.8,7.96,9.86,427.3,20.8,1.77,0.127,0.07,1.88,,,Ⅱ
2023-02-12T08:00:00+08:00,1676160000,10.5,7.96,9.89,424.9,22.0,1.47,0.146,0.074,1.84,,,Ⅱ
2023-02-12T12:00:00+08:00,1676174400,11.0,7.94,9.85,427.0,24.1,1.7,0.184,0.078,1.98,,,Ⅱ
2023-02-12T16:00:00+08:00,1676188800,10.8,7.84,9.85,433.0,26.9,1.74,0.204,0.082,1.97,,,Ⅱ
2023-02-12T20:00:00+08:00,1676203200,10.6,7.9,9.83,434.1,23.3,1.67,0.169,0.08,1.93,,,Ⅱ
2023-02-13T00:00:00+08:00,1676217600,11.1,7.92,9.75,430.0,23.7,1.67,0.169,0.08,1.93,,,Ⅱ
2023-02-13T04:00:00+08:00,1676232000,10.9,7.91,9.75,431.1,23.1,1.74,0.192,0.08,2.16,,,Ⅱ
2023-02-13T08:00:00+08:00,1676246400,10.5,7.91,9.63,434.8,19.7,1.61,0.203,0.085,2.09,,,Ⅱ
2023-02-13T12:00:00+08:00,1676260800,10.8,7.93,9.75,432.2,21.6,1.75,0.173,0.081,2.05,,,Ⅱ
2023-02-13T20:00:00+08:00,1676289600,10.5,7.94,9.79,435.1,25.6,1.74,0.169,0.085,1.93,,,Ⅱ
2023-02-14T00:00:00+08:00,1676304000,10.8,7.95,9.76,433.9,22.6,1.74,0.169,0.085,1.93,,,Ⅱ
2023-02-14T04:00:00+08:00,1676318400,10.8,7.92,9.75,436.1,24.7,1.7,0.197,0.086,1.96,,,Ⅱ
2023-02-14T08:00:00+08:00,1676332800,10.5,7.94,9.78,434.2,21.9,1.52,0.168,0.085,1.98,,,Ⅱ
2023-02-14T12:00:00+08:00,1676347200,10.8,7.97,9.95,431.5,22.0,1.61,0.141,0.086,1.94,,,Ⅱ
2023-02-14T16:00:00+08:00,1676361600,11.1,7.92,9.95,436.8,25.4,1.67,0.234,0.091,2.04,,,Ⅱ
2023-02-14T20:00:00+08:00,1676376000,11.1,7.93,9.92,434.4,33.1,1.72,0.194,0.092,2.0,,,Ⅱ
2023-02-15T00:00:00+08:00,1676390400,10.9,7.93,9.71,433.5,53.0,1.72,0.194,0.092,2.0,,,Ⅱ
2023-02-15T04:00:00+08:00,1676404800,10.9,7.88,9.52,439.5,25.6,1.72,0.277,0.096,2.18,,,Ⅱ
2023-02-15T08:00:00+08:00,1676419200,10.5,7.91,9.53,435.4,22.8,1.55,0.22,0.093,1.95,,,Ⅱ
2023-02-15T12:00:00+08:00,1676433600,11.0,7.93,9.83,436.1,21.6,1.61,0.184,0.09,1.83,,,Ⅱ
2023-02-15T16:00:00+08:00,1676448000,11.4,7.92,10.0,435.9,25.5,1.59,0.198,0.091,1.94,,,Ⅱ
2023-02-15T20:00:00+08:00,1676462400,11.2,7.94,9.95,430.7,64.0,1.62,0.174,0.09,1.89,,,Ⅱ
2023-02-16T00:00:00+08:00,1676476800,10.8,7.94,9.72,431.3,53.4,1.62,0.174,0.09,1.89,,,Ⅱ
2023-02-16T04:00:00+08:00,1676491200,11.0,7.94,9.81,431.5,27.0,1.61,0.169,0.087,1.89,,,Ⅱ
2023-02-16T08:00:00+08:00,1676505600,10.9,7.92,9.73,432.5,36.8,1.6,0.162,0.09,1.92,,,Ⅱ
2023-02-16T12:00:00+08:00,1676520000,11.1,7.96,10.02,431.7,28.1,1.56,0.157,0.084,1.79,,,Ⅱ
2023-02-16T16:00:00+08:00,1676534400,11.4,7.94,9.91,432.4,29.8,1.65,0.185,0.086,1.88,,,Ⅱ
2023-02-16T20:00:00+08:00,1676548800,11.4,7.95,9.88,430.4,62.3,1.67,0.168,0.084,1.75,,,Ⅱ
2023-02-17T00:00:00+08:00,1676563200,11.2,7.96,9.84,429.3,61.2,1.67,0.168,0.084,1.75,,,Ⅱ
2023-02-17T04:00:00+08:00,1676577600,11.2,7.95,9.74,432.6,28.1,1.61,0.165,0.08,1.8,,,Ⅱ
2023-02-17T08:00:00+08:00,1676592000,11.3,7.93,9.69,434.3,28.2,1.61,0.166,0.08,1.91,,,Ⅱ
2023-02-17T12:00:00+08:00,1676606400,11.1,7.96,9.77,429.8,30.5,1.66,0.158,0.081,1.83,,,Ⅱ
2023-02-17T16:00:00+08:00,1676620800,11.3,7.96,9.84,428.8,34.5,1.62,0.168,0.083,1.85,,,Ⅱ
2023-02-17T20:00:00+08:00,1676635200,11.6,7.92,9.74,431.4,33.8,1.74,0.176,0.083,2.09,,,Ⅱ
2023-02-18T00:00:00+08:00,1676649600,11.2,7.93,9.64,426.1,35.8,1.74,0.176,0.083,2.09,,,Ⅱ
2023-02-18T04:00:00+08:00,1676664000,11.4,7.93,9.66,431.4,30.6,1.72,0.187,0.082,1.94,,,Ⅱ
2023-02-18T08:00:00+08:00,1676678400,11.6,7.9,9.6,437.9,32.6,1.71,0.195,0.08,2.09,,,Ⅱ
2023-02-18T12:00:00+08:00,1676692800,11.4,7.9,9.63,430.8,35.0,1.71,0.184,0.106,2.05,,,Ⅲ
2023-02-18T16:00:00+08:00,1676707200,11.6,7.81,9.72,434.7,37.5,1.72,0.183,0.082,1.96,,,Ⅱ
2023-02-18T20:00:00+08:00,1676721600,11.8,7.88,9.68,438.5,96.2,1.94,0.204,0.091,2.08,,,Ⅱ
2023-02-19T00:00:00+08:00,1676736000,11.4,7.9,9.65,427.7,81.8,1.94,0.204,0.091,2.08,,,Ⅱ
2023-02-19T04:00:00+08:00,1676750400,11.4,7.89,9.5,432.0,34.3,1.71,0.189,0.083,2.03,,,Ⅱ
2023-02-19T08:00:00+08:00,1676764800,11.7,7.89,9.58,438.6,38.2,1.78,0.194,0.086,2.09,,,Ⅱ
2023-02-19T12:00:00+08:00,1676779200,11.6,7.89,9.82,432.2,39.1,1.8,0.188,0.087,2.07,,,Ⅱ
2023-02-19T16:00:00+08:00,1676793600,11.8,7.91,9.9,433.1,41.0,1.89,0.196,0.086,2.11,,,Ⅱ
2023-02-19T20:00:00+08:00,1676808000,11.6,7.91,9.84,431.6,96.8,1.96,0.214,0.089,2.12,,,Ⅱ
2023-02-20T00:00:00+08:00,1676822400,11.2,7.91,9.62,425.6,84.4,1.96,0.214,0.089,2.12,,,Ⅱ
2023-02-20T04:00:00+08:00,1676836800,11.0,7.89,9.48,424.8,41.2,1.78,0.183,0.082,2.0,,,Ⅱ
2023-02-20T08:00:00+08:00,1676851200,11.5,7.89,9.6,433.4,49.7,1.91,0.195,0.089,2.27,,,Ⅱ
2023-02-20T12:00:00+08:00,1676865600,11.7,7.89,9.81,426.0,47.4,1.91,0.195,0.089,2.27,,,Ⅱ
2023-02-20T16:00:00+08:00,1676880000,11.8,7.9,9.83,421.2,47.3,1.87,0.183,0.084,2.19,,,Ⅱ
2023-02-20T20:00:00+08:00,1676894400,12.0,7.88,9.77,426.2,103.3,1.84,0.192,0.092,1.99,,,Ⅱ
2023-02-21T00:00:00+08:00,1676908800,11.4,7.89,9.62,417.6,120.9,2.02,0.205,0.107,2.2,,,Ⅲ
2023-02-21T04:00:00+08:00,1676923200,11.0,7.87,9.48,413.6,48.6,1.92,0.194,0.092,2.15,,,Ⅱ
2023-02-21T08:00:00+08:00,1676937600,11.4,7.87,9.54,411.9,48.2,1.88,0.188,0.086,2.2,,,Ⅱ
2023-02-21T12:00:00+08:00,1676952000,11.7,7.88,9.8,410.2,54.2,1.73,0.178,0.085,2.0,,,Ⅱ
2023-02-21T16:00:00+08:00,1676966400,11.4,7.88,9.76,407.1,52.9,1.94,0.185,0.098,2.12,,,Ⅱ
2023-02-21T20:00:00+08:00,1676980800,11.8,7.88,9.75,404.2,116.8,1.93,0.193,0.095,1.99,,,Ⅱ
2023-02-22T00:00:00+08:00,1676995200,11.3,7.87,9.56,403.9,89.4,2.04,0.184,0.098,2.14,,,Ⅱ
2023-02-22T04:00:00+08:00,1677009600,11.0,7.86,9.46,406.2,51.1,2.04,0.184,0.098,2.14,,,Ⅱ
2023-02-22T08:00:00+08:00,1677024000,11.4,7.86,9.5,402.0,49.0,1.89,0.189,0.088,2.09,,,Ⅱ
2023-02-22T12:00:00+08:00,1677038400,11.4,7.86,9.68,405.9,60.9,1.7,0.17,0.086,2.13,,,Ⅱ
2023-02-22T16:00:00+08:00,1677052800,11.0,7.86,9.65,400.7,54.6,1.89,0.186,0.091,2.17,,,Ⅱ
2023-02-22T20:00:00+08:00,1677067200,11.4,7.87,9.63,401.0,87.5,1.93,0.184,0.087,2.06,,,Ⅱ
2023-02-23T00:00:00+08:00,1677081600,11.2,7.88,9.52,403.5,100.3,2.0,0.181,0.089,2.22,,,Ⅱ
2023-02-23T04:00:00+08:00,1677096000,10.9,7.84,9.46,400.0,49.8,2.0,0.181,0.089,2.22,,,Ⅱ
2023-02-23T08:00:00+08:00,1677110400,11.1,7.85,9.5,403.9,47.9,1.88,0.188,0.089,2.15,,,Ⅱ
2023-02-23T12:00:00+08:00,1677124800,11.2,7.85,9.6,411.7,51.2,1.75,0.185,0.088,2.1,,,Ⅱ
2023-02-23T16:00:00+08:00,1677139200,11.1,7.78,9.64,399.4,53.4,2.02,0.211,0.089,2.24,,,Ⅱ
2023-02-23T20:00:00+08:00,1677153600,11.1,7.8,9.57,403.7,47.8,1.97,0.2,0.093,2.26,,,Ⅱ
2023-02-24T00:00:00+08:00,1677168000,11.3,7.81,9.52,401.4,56.1,1.9,0.202,0.09,2.18,,,Ⅱ
2023-02-24T04:00:00+08:00,1677182400,10.9,7.79,9.36,399.1,47.1,1.9,0.202,0.09,2.18,,,Ⅱ
2023-02-24T08:00:00+08:00,1677196800,11.0,7.82,9.42,395.1,43.2,1.94,0.202,0.092,2.14,,,Ⅱ
2023-02-24T12:00:00+08:00,1677211200,11.5,7.83,9.72,390.6,48.0,1.67,0.185,0.091,2.26,,,Ⅱ
2023-02-24T16:00:00+08:00,1677225600,11.5,7.84,9.78,393.3,48.3,1.87,0.183,0.092,2.2,,,Ⅱ
2023-02-24T20:00:00+08:00,1677240000,11.4,7.85,9.65,388.3,81.6,1.86,0.196,0.092,2.15,,,Ⅱ
2023-02-25T00:00:00+08:00,1677254400,11.9,7.85,9.7,388.8,75.2,1.89,0.19,0.098,2.27,,,Ⅱ
2023-02-25T04:00:00+08:00,1677268800,11.2,7.83,9.5,388.4,43.4,1.89,0.19,0.098,2.27,,,Ⅱ
2023-02-25T08:00:00+08:00,1677283200,11.2,7.83,9.53,385.6,51.2,1.75,0.19,0.091,2.22,,,Ⅱ
2023-02-25T12:00:00+08:00,1677297600,11.7,7.85,9.84,390.2,45.3,1.65,0.182,0.093,2.12,,,Ⅱ
2023-02-25T16:00:00+08:00,1677312000,11.6,7.83,9.81,386.1,57.0,1.79,0.196,0.093,2.22,,,Ⅱ
2023-02-25T20:00:00+08:00,1677326400,11.4,7.86,9.67,386.7,113.6,1.76,0.194,0.096,2.1,,,Ⅱ
2023-02-26T00:00:00+08:00,1677340800,11.7,7.86,9.68,387.2,83.6,1.76,0.208,0.091,2.26,,,Ⅱ
2023-02-26T04:00:00+08:00,1677355200,11.4,7.84,9.63,382.8,49.2,1.76,0.208,0.091,2.26,,,Ⅱ
2023-02-26T08:00:00+08:00,1677369600,11.1,7.84,9.53,383.7,49.5,1.76,0.184,0.098,2.12,,,Ⅱ
2023-02-26T12:00:00+08:00,1677384000,11.7,7.86,9.84,385.0,51.3,1.76,0.183,0.095,2.18,,,Ⅱ
2023-02-26T16:00:00+08:00,1677398400,12.0,7.86,9.87,385.2,58.0,1.92,0.191,0.096,2.24,,,Ⅱ
2023-02-26T20:00:00+08:00,1677412800,11.6,7.84,9.78,382.2,66.5,1.97,0.199,0.098,2.2,,,Ⅱ
2023-02-27T00:00:00+08:00,1677427200,11.8,7.84,9.68,384.8,49.2,2.18,0.2,0.096,2.26,,,Ⅱ
2023-02-27T04:00:00+08:00,1677441600,11.6,7.83,9.6,386.8,51.6,2.18,0.2,0.096,2.26,,,Ⅱ
2023-02-27T08:00:00+08:00,1677456000,11.2,7.83,9.48,385.9,52.2,1.91,0.22,0.094,2.26,,,Ⅱ
2023-02-27T12:00:00+08:00,1677470400,11.8,7.86,9.82,389.2,47.8,1.83,0.225,0.092,2.18,,,Ⅱ
2023-02-27T20:00:00+08:00,1677499200,11.6,7.85,9.72,379.0,77.8,1.95,0.206,0.088,2.23,,,Ⅱ
2023-02-28T00:00:00+08:00,1677513600,11.8,7.85,9.64,388.0,85.6,2.43,0.202,0.084,2.16,,,Ⅱ
2023-02-28T04:00:00+08:00,1677528000,11.7,7.85,9.65,385.9,54.7,2.09,0.196,0.084,2.26,,,Ⅱ
2023-02-28T12:00:00+08:00,1677556800,11.7,7.86,9.78,382.6,45.4,1.71,0.194,0.081,2.19,,,Ⅱ
2023-02-28T16:00:00+08:00,1677571200,12.0,7.85,9.82,387.1,49.0,1.87,0.218,0.083,2.28,,,Ⅱ
2023-02-28T20:00:00+08:00,1677585600,11.8,7.86,9.77,380.5,80.6,2.27,0.216,0.079,2.26,,,Ⅱ
2023-03-01T00:00:00+08:00,1677600000,11.7,7.9,9.68,385.3,152.4,2.27,0.216,0.079,2.26,,,Ⅱ
2023-03-01T04:00:00+08:00,1677614400,11.8,7.84,9.6,382.8,51.8,1.98,0.213,0.08,2.37,,,Ⅱ
2023-03-01T08:00:00+08:00,1677628800,11.5,7.83,9.55,380.7,42.1,1.78,0.226,0.08,2.23,,,Ⅱ
2023-03-01T16:00:00+08:00,1677657600,12.3,7.83,9.86,381.8,52.6,1.83,0.229,0.086,2.29,,,Ⅱ
2023-03-01T20:00:00+08:00,1677672000,12.2,7.86,9.77,376.3,87.9,2.41,0.21,0.082,2.27,,,Ⅱ
2023-03-02T00:00:00+08:00,1677686400,11.9,7.87,9.69,375.0,102.1,2.41,0.21,0.082,2.27,,,Ⅱ
2023-03-02T04:00:00+08:00,1677700800,11.8,7.85,9.64,375.6,53.4,2.0,0.195,0.088,2.2,,,Ⅱ
2023-03-02T08:00:00+08:00,1677715200,11.6,7.83,9.65,383.8,45.2,1.7,0.21,0.086,2.22,,,Ⅱ
2023-03-02T12:00:00+08:00,1677729600,12.0,7.85,9.86,384.7,43.5,1.85,0.208,0.085,2.33,,,Ⅱ
2023-03-02T16:00:00+08:00,1677744000,12.2,7.85,9.81,388.3,35.9,1.77,0.209,0.088,2.25,,,Ⅱ
2023-03-02T20:00:00+08:00,1677758400,12.1,7.89,9.8,388.0,69.9,2.34,0.225,0.086,2.3,,,Ⅱ
2023-03-03T00:00:00+08:00,1677772800,11.7,7.86,9.66,382.1,62.3,2.34,0.225,0.086,2.3,,,Ⅱ
2023-03-03T04:00:00+08:00,1677787200,11.7,7.85,9.63,390.8,62.2,2.2,0.204,0.092,2.28,,,Ⅱ
2023-03-03T08:00:00+08:00,1677801600,11.6,7.84,9.59,391.4,34.7,1.72,0.212,0.086,2.27,,,Ⅱ
2023-03-03T12:00:00+08:00,1677816000,11.9,7.84,9.78,387.7,34.8,1.78,0.208,0.083,2.3,,,Ⅱ
2023-03-03T16:00:00+08:00,1677830400,12.0,7.87,9.9,387.6,34.7,1.83,0.199,0.083,2.22,,,Ⅱ
2023-03-03T20:00:00+08:00,1677844800,12.1,7.85,9.76,389.5,71.1,2.28,0.215,0.087,2.29,,,Ⅱ
2023-03-04T00:00:00+08:00,1677859200,11.7,7.86,9.71,386.1,75.4,2.28,0.215,0.087,2.29,,,Ⅱ
2023-03-04T04:00:00+08:00,1677873600,11.6,7.84,9.61,397.7,33.4,1.9,0.198,0.082,2.2,,,Ⅱ
2023-03-04T08:00:00+08:00,1677888000,11.6,7.83,9.58,398.6,35.5,1.79,0.208,0.081,2.29,,,Ⅱ
2023-03-04T12:00:00+08:00,1677902400,12.0,7.85,9.84,390.7,32.8,1.67,0.206,0.08,2.29,,,Ⅱ
2023-03-04T16:00:00+08:00,1677916800,12.2,7.86,9.88,389.2,34.7,1.81,0.201,0.082,2.23,,,Ⅱ
2023-03-04T20:00:00+08:00,1677931200,12.4,7.86,9.76,391.6,105.2,2.69,0.216,0.091,2.42,,,Ⅱ
2023-03-05T00:00:00+08:00,1677945600,11.9,7.84,9.67,387.5,42.2,2.69,0.216,0.091,2.42,,,Ⅱ
2023-03-05T04:00:00+08:00,1677960000,11.6,7.84,9.61,397.1,29.9,1.84,0.195,0.083,2.21,,,Ⅱ
2023-03-05T08:00:00+08:00,1677974400,12.1,7.84,9.59,395.5,33.1,1.76,0.203,0.083,2.25,,,Ⅱ
2023-03-05T12:00:00+08:00,1677988800,12.3,7.87,9.9,391.0,31.6,1.74,0.198,0.084,2.19,,,Ⅱ
2023-03-05T16:00:00+08:00,1678003200,12.4,7.88,9.91,389.3,28.5,1.75,1.524,0.081,2.15,,,Ⅴ
2023-03-05T20:00:00+08:00,1678017600,12.6,7.89,9.81,394.6,122.5,2.15,0.198,0.104,2.3,,,Ⅲ
2023-03-06T00:00:00+08:00,1678032000,12.4,7.85,9.76,394.1,93.0,2.15,0.198,0.104,2.3,,,Ⅲ
2023-03-06T04:00:00+08:00,1678046400,11.8,7.81,9.66,392.7,54.4,1.87,0.185,0.092,2.13,,,Ⅱ
2023-03-06T08:00:00+08:00,1678060800,12.2,7.79,9.65,392.6,35.0,1.69,0.181,0.086,2.17,,,Ⅱ
2023-03-06T12:00:00+08:00,1678075200,12.6,7.75,9.8,391.7,38.0,1.75,0.186,0.089,2.25,,,Ⅱ
2023-03-06T16:00:00+08:00,1678089600,12.8,7.8,9.99,388.1,43.5,1.77,0.171,0.087,2.18,,,Ⅱ
2023-03-06T20:00:00+08:00,1678104000,13.0,7.79,9.89,387.9,58.9,1.86,0.178,0.093,2.18,,,Ⅱ
2023-03-07T00:00:00+08:00,1678118400,12.7,7.77,9.77,391.5,86.9,1.86,0.178,0.093,2.18,,,Ⅱ
2023-03-07T04:00:00+08:00,1678132800,12.1,7.76,9.61,391.7,38.9,1.78,0.177,0.09,2.08,,,Ⅱ
2023-03-07T08:00:00+08:00,1678147200,12.5,7.75,9.6,391.7,28.4,1.61,0.17,0.085,2.05,,,Ⅱ
2023-03-07T12:00:00+08:00,1678161600,12.9,7.76,9.8,393.5,30.7,1.71,0.179,0.089,2.12,,,Ⅱ
2023-03-07T20:00:00+08:00,1678190400,13.2,7.76,9.77,392.2,62.7,1.87,0.17,0.096,2.14,,,Ⅱ
2023-03-08T00:00:00+08:00,1678204800,13.0,7.74,9.69,395.9,76.0,1.87,0.17,0.096,2.14,,,Ⅱ
2023-03-08T04:00:00+08:00,1678219200,12.5,7.73,9.57,400.4,40.5,1.78,0.176,0.095,2.08,,,Ⅱ
2023-03-08T08:00:00+08:00,1678233600,12.8,7.73,9.53,398.5,32.4,1.68,0.166,0.088,2.04,,,Ⅱ
2023-03-08T12:00:00+08:00,1678248000,13.2,7.73,9.64,399.9,33.8,1.74,0.171,0.088,2.19,,,Ⅱ
2023-03-08T16:00:00+08:00,1678262400,13.0,7.75,9.8,400.2,31.3,1.66,0.165,0.09,2.02,,,Ⅱ
2023-03-08T20:00:00+08:00,1678276800,13.4,7.74,9.7,399.5,73.9,1.75,0.173,0.09,2.1,,,Ⅱ
2023-03-09T00:00:00+08:00,1678291200,13.4,7.74,9.65,402.0,108.2,1.75,0.173,0.09,2.1,,,Ⅱ
2023-03-09T04:00:00+08:00,1678305600,12.8,7.73,9.51,402.6,36.9,1.74,0.173,0.09,2.07,,,Ⅱ
2023-03-09T08:00:00+08:00,1678320000,13.1,7.73,9.55,404.4,45.2,1.65,0.166,0.093,2.09,,,Ⅱ
2023-03-09T12:00:00+08:00,1678334400,13.8,7.74,9.75,404.5,36.0,1.68,0.17,0.09,2.16,,,Ⅱ
2023-03-09T16:00:00+08:00,1678348800,13.8,7.76,9.88,404.1,35.9,1.69,0.167,0.093,2.05,,,Ⅱ
2023-03-09T20:00:00+08:00,1678363200,14.0,7.75,9.73,404.9,81.5,1.76,0.174,0.093,2.22,,,Ⅱ
2023-03-10T00:00:00+08:00,1678377600,13.9,7.75,9.72,405.9,83.4,1.76,0.174,0.093,2.22,,,Ⅱ
2023-03-10T04:00:00+08:00,1678392000,13.3,7.74,9.5,410.5,32.6,1.7,0.168,0.091,2.09,,,Ⅱ
2023-03-10T08:00:00+08:00,1678406400,13.3,7.74,9.54,408.6,30.8,1.55,0.156,0.09,1.93,,,Ⅱ
2023-03-10T12:00:00+08:00,1678420800,14.2,7.76,9.77,407.4,31.3,1.64,0.168,0.089,2.04,,,Ⅱ
2023-03-10T16:00:00+08:00,1678435200,14.3,7.77,9.82,405.6,35.9,1.76,0.17,0.097,1.93,,,Ⅱ
2023-03-10T20:00:00+08:00,1678449600,14.2,7.76,9.67,404.4,130.1,1.76,0.159,0.102,2.02,,,Ⅲ
2023-03-11T00:00:00+08:00,1678464000,14.3,7.75,9.51,406.7,48.3,1.76,0.159,0.102,2.02,,,Ⅲ
2023-03-11T04:00:00+08:00,1678478400,13.7,7.74,9.48,405.8,32.5,1.66,0.155,0.089,1.88,,,Ⅱ
2023-03-11T08:00:00+08:00,1678492800,13.7,7.74,9.49,407.9,26.6,1.51,0.145,0.086,1.9,,,Ⅱ
2023-03-11T12:00:00+08:00,1678507200,14.5,7.7,9.64,407.5,27.8,1.8,0.156,0.088,1.9,,,Ⅱ
2023-03-11T16:00:00+08:00,1678521600,14.2,7.76,9.71,406.4,31.1,1.91,0.147,0.09,1.87,,,Ⅱ
2023-03-11T20:00:00+08:00,1678536000,14.2,7.77,9.66,408.3,69.2,2.09,0.153,0.088,1.98,,,Ⅱ
2023-03-12T00:00:00+08:00,1678550400,14.5,7.76,9.52,407.2,95.9,2.09,0.153,0.088,1.98,,,Ⅱ
2023-03-12T04:00:00+08:00,1678564800,14.0,7.74,9.46,408.2,31.0,1.99,0.15,0.088,1.92,,,Ⅱ
2023-03-12T08:00:00+08:00,1678579200,13.8,7.75,9.39,409.2,28.7,1.97,0.15,0.087,1.93,,,Ⅱ
2023-03-12T12:00:00+08:00,1678593600,14.3,7.77,9.62,410.1,29.1,1.91,0.157,0.086,1.92,,,Ⅱ
2023-03-12T16:00:00+08:00,1678608000,14.3,7.8,9.85,409.9,31.1,2.02,0.149,0.088,1.94,,,Ⅱ
2023-03-12T20:00:00+08:00,1678622400,14.0,7.78,9.68,412.3,54.1,2.05,0.171,0.094,1.95,,,Ⅱ
2023-03-13T00:00:00+08:00,1678636800,14.2,7.78,9.63,410.7,43.8,2.05,0.171,0.094,1.95,,,Ⅱ
2023-03-13T04:00:00+08:00,1678651200,13.9,7.75,9.48,411.0,30.6,1.9,0.186,0.091,2.0,,,Ⅱ
2023-03-13T08:00:00+08:00,1678665600,13.6,7.75,9.4,411.7,31.1,1.87,0.185,0.091,1.98,,,Ⅱ
2023-03-13T12:00:00+08:00,1678680000,14.3,7.79,9.71,410.2,52.0,2.05,0.144,0.092,1.99,,,Ⅱ
2023-03-13T16:00:00+08:00,1678694400,14.6,7.8,9.72,411.2,55.4,2.22,0.164,0.098,1.99,,,Ⅱ
2023-03-13T20:00:00+08:00,1678708800,14.2,7.79,9.54,411.8,110.4,2.24,0.154,0.099,2.0,,,Ⅱ
2023-03-14T00:00:00+08:00,1678723200,14.3,7.79,9.53,413.4,91.9,2.24,0.154,0.099,2.0,,,Ⅱ
2023-03-14T04:00:00+08:00,1678737600,14.0,7.77,9.36,417.1,30.8,1.95,0.16,0.089,1.94,,,Ⅱ
2023-03-14T08:00:00+08:00,1678752000,13.8,7.76,9.36,423.4,36.6,2.03,0.182,0.09,2.14,,,Ⅱ
2023-03-14T12:00:00+08:00,1678766400,14.4,7.79,9.63,433.4,35.0,2.03,0.182,0.09,2.14,,,Ⅱ
2023-03-14T16:00:00+08:00,1678780800,14.9,7.8,9.81,422.1,70.1,2.24,0.218,0.096,2.12,,,Ⅱ
2023-03-14T20:00:00+08:00,1678795200,14.4,7.79,9.59,417.8,62.7,2.22,0.177,0.102,2.07,,,Ⅲ
2023-03-15T00:00:00+08:00,1678809600,14.6,7.79,9.55,420.2,30.7,2.22,0.177,0.102,2.07,,,Ⅲ
2023-03-15T04:00:00+08:00,1678824000,14.4,7.77,9.34,419.8,29.2,1.89,0.158,0.089,1.97,,,Ⅱ
2023-03-15T08:00:00+08:00,1678838400,14.1,7.77,9.39,417.7,28.2,1.82,0.142,0.089,1.95,,,Ⅱ
2023-03-15T12:00:00+08:00,1678852800,14.7,7.81,9.69,419.9,26.0,1.95,0.135,0.089,1.81,,,Ⅱ
2023-03-15T16:00:00+08:00,1678867200,15.1,7.82,9.8,422.6,35.8,2.1,0.153,0.093,2.04,,,Ⅱ
2023-03-15T20:00:00+08:00,1678881600,14.7,7.81,9.6,419.9,32.0,1.97,0.154,0.095,1.81,,,Ⅱ
2023-03-16T00:00:00+08:00,1678896000,14.9,7.81,9.51,423.4,25.7,1.97,0.154,0.095,1.81,,,Ⅱ
2023-03-16T04:00:00+08:00,1678910400,14.5,7.82,9.51,423.5,21.1,1.95,0.133,0.086,1.86,,,Ⅱ
2023-03-16T08:00:00+08:00,1678924800,14.3,7.82,9.54,421.5,24.2,1.82,0.138,0.091,1.81,,,Ⅱ
2023-03-16T12:00:00+08:00,1678939200,14.6,7.87,9.89,423.7,32.1,2.03,0.143,0.094,1.84,,,Ⅱ
2023-03-16T20:00:00+08:00,1678968000,14.7,7.86,9.63,422.3,92.3,2.5,0.174,0.117,1.9,,,Ⅲ
2023-03-17T00:00:00+08:00,1678982400,14.4,7.84,9.62,427.7,51.8,2.5,0.174,0.117,1.9,,,Ⅲ
2023-03-17T04:00:00+08:00,1678996800,14.5,7.86,9.57,421.9,23.3,2.12,0.159,0.098,1.88,,,Ⅱ
2023-03-17T08:00:00+08:00,1679011200,14.4,7.86,9.59,422.2,24.9,1.98,0.166,0.092,1.96,,,Ⅱ
2023-03-17T12:00:00+08:00,1679025600,14.2,7.84,9.7,423.4,23.4,2.03,0.13,0.099,1.92,,,Ⅱ
2023-03-17T16:00:00+08:00,1679040000,14.3,7.88,9.75,425.1,26.4,2.02,0.12,0.096,1.83,,,Ⅱ
2023-03-17T20:00:00+08:00,1679054400,14.4,7.88,9.71,429.5,22.4,1.99,0.136,0.093,1.84,,,Ⅱ
2023-03-18T00:00:00+08:00,1679068800,14.2,7.87,9.66,430.9,23.2,1.99,0.136,0.093,1.84,,,Ⅱ
2023-03-18T04:00:00+08:00,1679083200,14.5,7.87,9.57,430.1,21.4,1.82,0.099,0.088,1.86,,,Ⅱ
2023-03-18T08:00:00+08:00,1679097600,14.4,7.89,9.75,432.3,21.1,1.88,0.104,0.087,1.82,,,Ⅱ
2023-03-18T12:00:00+08:00,1679112000,14.7,7.97,10.42,430.8,20.8,1.95,0.09,0.085,1.88,,,Ⅱ
2023-03-18T16:00:00+08:00,1679126400,14.8,8.06,11.01,427.8,21.4,2.13,0.067,0.084,1.77,,,Ⅱ
2023-03-18T20:00:00+08:00,1679140800,14.9,7.99,10.45,430.8,107.7,2.42,0.1,0.104,1.92,,,Ⅲ
2023-03-19T00:00:00+08:00,1679155200,14.6,7.93,10.03,432.8,74.7,2.42,0.1,0.104,1.92,,,Ⅲ
2023-03-19T04:00:00+08:00,1679169600,14.5,7.91,9.83,437.2,36.8,2.08,0.07,0.086,1.74,,,Ⅱ
2023-03-19T08:00:00+08:00,1679184000,14.8,7.91,9.73,437.0,38.5,2.16,0.092,0.09,1.93,,,Ⅱ
2023-03-19T16:00:00+08:00,1679212800,15.2,8.06,10.99,438.8,22.3,2.2,0.067,0.083,1.8,,,Ⅱ
2023-03-19T20:00:00+08:00,1679227200,15.2,8.01,10.51,437.2,68.4,2.44,0.074,0.089,1.89,,,Ⅱ
2023-03-20T00:00:00+08:00,1679241600,14.9,7.96,10.02,438.6,90.7,2.44,0.074,0.089,1.89,,,Ⅱ
2023-03-20T04:00:00+08:00,1679256000,14.7,7.93,9.8,441.3,45.0,2.16,0.069,0.089,1.81,,,Ⅱ
2023-03-20T08:00:00+08:00,1679270400,15.0,7.93,9.7,445.5,26.1,2.01,0.074,0.083,1.87,,,Ⅱ
2023-03-20T12:00:00+08:00,1679284800,15.1,7.94,9.87,441.1,34.8,2.13,0.117,0.09,1.93,,,Ⅱ
2023-03-20T16:00:00+08:00,1679299200,15.0,7.95,9.85,437.9,35.3,2.14,0.047,0.088,1.82,,,Ⅱ
2023-03-20T20:00:00+08:00,1679313600,15.0,7.94,9.76,442.9,57.7,2.21,0.058,0.088,1.83,,,Ⅱ
2023-03-21T00:00:00+08:00,1679328000,15.0,7.93,9.73,443.1,83.4,2.21,0.058,0.088,1.83,,,Ⅱ
2023-03-21T04:00:00+08:00,1679342400,15.0,7.92,9.58,442.2,66.5,2.32,0.07,0.086,1.94,,,Ⅱ
2023-03-21T08:00:00+08:00,1679356800,14.9,7.85,9.06,441.6,46.7,2.29,0.112,0.094,1.87,,,Ⅱ
2023-03-21T12:00:00+08:00,1679371200,15.0,7.86,9.05,440.4,44.5,2.29,0.106,0.087,1.85,,,Ⅱ
2023-03-21T16:00:00+08:00,1679385600,15.1,7.82,8.84,444.6,39.0,2.3,0.214,0.099,2.02,,,Ⅱ
2023-03-21T20:00:00+08:00,1679400000,15.0,7.85,8.98,442.4,49.4,2.29,0.133,0.092,1.96,,,Ⅱ
2023-03-22T00:00:00+08:00,1679414400,15.0,7.83,8.87,442.9,69.2,2.29,0.133,0.092,1.96,,,Ⅱ
2023-03-22T04:00:00+08:00,1679428800,15.0,7.8,8.69,449.0,58.2,2.17,0.179,0.092,2.0,,,Ⅱ
2023-03-22T08:00:00+08:00,1679443200,15.0,7.79,8.58,443.0,99.2,2.48,0.22,0.103,2.18,,,Ⅲ
2023-03-22T12:00:00+08:00,1679457600,15.2,7.75,8.37,445.6,46.6,2.24,0.218,0.098,2.04,,,Ⅱ
2023-03-22T16:00:00+08:00,1679472000,15.2,7.74,8.32,447.2,212.8,2.69,0.243,0.11,2.21,,,Ⅲ
2023-03-22T20:00:00+08:00,1679486400,15.0,7.77,8.36,444.1,111.4,2.62,0.206,0.103,2.12,,,Ⅲ
2023-03-23T00:00:00+08:00,1679500800,15.0,7.8,8.51,447.2,64.0,2.62,0.206,0.103,2.12,,,Ⅲ
2023-03-23T04:00:00+08:00,1679515200,14.9,7.81,8.52,444.8,66.4,2.17,0.15,0.086,2.06,,,Ⅱ
2023-03-23T08:00:00+08:00,1679529600,15.0,7.82,8.58,447.2,64.8,2.27,0.156,0.095,2.06,,,Ⅱ
2023-03-23T12:00:00+08:00,1679544000,15.2,7.91,8.84,444.2,50.1,2.1,0.1,0.102,1.89,,,Ⅲ
2023-03-23T16:00:00+08:00,1679558400,15.3,7.93,8.9,445.7,52.7,2.16,0.11,0.086,1.89,,,Ⅱ
2023-03-23T20:00:00+08:00,1679572800,15.1,7.91,8.69,451.2,104.4,2.29,0.137,0.103,2.09,,,Ⅲ
2023-03-24T00:00:00+08:00,1679587200,15.2,7.93,8.71,446.3,201.2,2.29,0.137,0.103,2.09,,,Ⅲ
2023-03-24T04:00:00+08:00,1679601600,15.0,7.93,8.68,446.8,104.2,1.99,0.123,0.089,1.89,,,Ⅱ
2023-03-24T08:00:00+08:00,1679616000,14.7,7.93,8.67,447.5,86.5,2.28,0.126,0.099,1.95,,,Ⅱ
2023-03-24T12:00:00+08:00,1679630400,14.9,7.92,8.71,448.4,62.4,2.19,0.134,0.093,1.92,,,Ⅱ
2023-03-24T16:00:00+08:00,1679644800,14.9,7.94,8.8,446.5,66.8,2.2,0.122,0.094,1.93,,,Ⅱ
2023-03-24T20:00:00+08:00,1679659200,14.7,7.91,8.64,452.0,50.3,2.3,0.138,0.093,1.93,,,Ⅱ
2023-03-25T00:00:00+08:00,1679673600,14.9,7.91,8.64,451.0,37.1,2.3,0.138,0.093,1.93,,,Ⅱ
2023-03-25T04:00:00+08:00,1679688000,14.7,7.92,8.68,449.4,38.9,2.08,0.127,0.086,1.91,,,Ⅱ
2023-03-25T08:00:00+08:00,1679702400,14.5,7.89,8.56,454.8,37.3,2.0,0.144,0.09,1.93,,,Ⅱ
2023-03-25T12:00:00+08:00,1679716800,15.1,7.93,8.73,449.7,39.4,1.91,0.124,0.089,1.77,,,Ⅱ
2023-03-25T16:00:00+08:00,1679731200,15.1,7.93,8.72,449.3,40.1,1.99,0.114,0.089,1.66,,,Ⅱ
2023-03-25T20:00:00+08:00,1679745600,15.0,7.92,8.68,450.2,57.2,2.08,0.145,0.097,1.84,,,Ⅱ
2023-03-26T00:00:00+08:00,1679760000,15.0,7.89,8.53,454.1,54.6,2.08,0.145,0.097,1.84,,,Ⅱ
2023-03-26T04:00:00+08:00,1679774400,14.8,7.9,8.62,453.2,101.3,1.9,0.14,0.09,1.93,,,Ⅱ
2023-03-26T08:00:00+08:00,1679788800,14.7,7.9,8.61,455.9,111.7,1.84,0.174,0.096,1.97,,,Ⅱ
2023-03-26T12:00:00+08:00,1679803200,15.1,7.9,8.63,454.2,32.3,1.92,0.164,0.088,1.82,,,Ⅱ
2023-03-26T16:00:00+08:00,1679817600,15.4,7.9,8.66,453.8,41.8,1.91,0.158,0.094,1.74,,,Ⅱ
2023-03-26T20:00:00+08:00,1679832000,15.3,7.9,8.62,454.9,50.9,2.0,0.18,0.098,1.84,,,Ⅱ
2023-03-27T00:00:00+08:00,1679846400,15.4,7.88,8.58,458.9,97.2,2.0,0.18,0.098,1.84,,,Ⅱ
2023-03-27T04:00:00+08:00,1679860800,15.3,7.88,8.52,458.1,96.4,4.81,0.197,0.083,1.86,,,Ⅲ
2023-03-27T08:00:00+08:00,1679875200,15.2,7.88,8.55,458.7,96.1,4.43,0.257,0.089,2.05,,,Ⅲ
2023-03-27T12:00:00+08:00,1679889600,15.5,7.89,8.59,456.6,35.2,2.23,0.177,0.085,1.87,,,Ⅱ
2023-03-27T16:00:00+08:00,1679904000,15.9,7.91,8.7,455.0,33.5,2.01,0.152,0.083,1.82,,,Ⅱ
2023-03-27T20:00:00+08:00,1679918400,15.7,7.89,8.53,455.7,31.1,1.96,0.172,0.082,1.78,,,Ⅱ
2023-03-28T00:00:00+08:00,1679932800,15.6,7.88,8.5,463.0,43.8,1.96,0.172,0.082,1.78,,,Ⅱ
2023-03-28T04:00:00+08:00,1679947200,15.4,7.88,8.5,463.6,78.0,3.15,0.163,0.085,1.93,,,Ⅱ
2023-03-28T08:00:00+08:00,1679961600,15.4,7.87,8.43,465.1,79.9,3.24,0.289,0.105,2.09,,,Ⅲ
2023-03-28T12:00:00+08:00,1679976000,15.7,7.89,8.62,460.5,59.2,2.41,0.166,0.094,1.96,,,Ⅱ
2023-03-28T16:00:00+08:00,1679990400,16.1,7.89,8.7,458.7,43.1,2.19,0.148,0.089,1.88,,,Ⅱ
2023-03-28T20:00:00+08:00,1680004800,15.9,7.87,8.49,460.8,41.7,2.14,0.19,0.091,1.84,,,Ⅱ
2023-03-29T00:00:00+08:00,1680019200,15.8,7.87,8.48,461.9,61.1,2.14,0.19,0.091,1.84,,,Ⅱ
2023-03-29T04:00:00+08:00,1680033600,15.7,7.86,8.45,462.9,54.6,2.24,0.208,0.092,1.98,,,Ⅱ
2023-03-29T08:00:00+08:00,1680048000,15.6,7.84,8.27,466.6,53.8,2.39,0.339,0.114,2.1,,,Ⅲ
2023-03-29T16:00:00+08:00,1680076800,16.0,7.88,8.62,463.7,47.9,2.48,0.163,0.095,1.86,,,Ⅱ
2023-03-29T20:00:00+08:00,1680091200,15.9,7.86,8.48,467.2,54.8,2.21,0.138,0.092,1.83,,,Ⅱ
2023-03-30T00:00:00+08:00,1680105600,15.8,7.85,8.42,467.9,55.3,2.36,0.173,0.098,1.86,,,Ⅱ
2023-03-30T08:00:00+08:00,1680134400,15.7,7.82,8.28,471.2,55.7,2.36,0.248,0.105,2.1,,,Ⅲ
2023-03-30T12:00:00+08:00,1680148800,15.9,7.87,8.51,467.4,183.5,2.27,0.307,0.112,2.1,,,Ⅲ
2023-03-30T16:00:00+08:00,1680163200,16.1,7.88,8.6,466.2,159.7,3.24,0.201,0.126,2.18,,,Ⅲ
2023-03-30T20:00:00+08:00,1680177600,16.0,7.86,8.5,467.4,141.0,3.26,0.176,0.105,2.07,,,Ⅲ
2023-03-31T00:00:00+08:00,1680192000,15.9,7.84,8.31,470.1,160.6,3.08,0.185,0.1,2.11,,,Ⅱ
2023-03-31T04:00:00+08:00,1680206400,15.8,7.84,8.3,470.1,121.2,3.08,0.185,0.1,2.11,,,Ⅱ
2023-03-31T08:00:00+08:00,1680220800,15.7,7.79,7.99,475.9,111.8,2.9,0.298,0.107,2.18,,,Ⅲ
2023-03-31T12:00:00+08:00,1680235200,16.0,7.8,8.06,475.5,100.8,2.84,0.444,0.123,2.39,,,Ⅲ
2023-03-31T16:00:00+08:00,1680249600,16.1,7.8,8.1,475.7,115.0,2.98,0.444,0.13,2.41,,,Ⅲ
2023-03-31T20:00:00+08:00,1680264000,16.0,7.8,8.12,474.6,117.3,2.97,0.399,0.126,2.38,,,Ⅲ
2023-04-01T00:00:00+08:00,1680278400,16.0,7.79,8.1,474.9,108.4,2.96,0.38,0.125,2.4,,,Ⅲ
2023-04-01T04:00:00+08:00,1680292800,16.0,7.77,7.99,476.3,89.5,2.96,0.38,0.125,2.4,,,Ⅲ
2023-04-01T08:00:00+08:00,1680307200,15.9,7.76,8.0,477.2,115.5,2.73,0.401,0.124,2.34,,,Ⅲ
2023-04-01T12:00:00+08:00,1680321600,16.2,7.76,7.92,477.3,92.9,2.76,0.414,0.131,2.4,,,Ⅲ
2023-04-01T16:00:00+08:00,1680336000,16.5,7.77,8.0,475.8,88.1,2.53,0.398,0.135,2.45,,,Ⅲ
2023-04-01T20:00:00+08:00,1680350400,16.5,7.78,8.05,476.7,75.2,2.48,0.352,0.127,1.94,,,Ⅲ
2023-04-02T00:00:00+08:00,1680364800,16.3,7.77,7.98,477.1,70.4,2.48,0.375,0.116,1.82,,,Ⅲ
2023-04-02T04:00:00+08:00,1680379200,16.3,7.74,7.79,478.8,108.8,2.48,0.375,0.116,1.82,,,Ⅲ
2023-04-02T08:00:00+08:00,1680393600,16.2,7.75,7.86,479.0,116.5,2.72,0.44,0.136,2.07,,,Ⅲ
2023-04-02T12:00:00+08:00,1680408000,16.7,7.76,7.94,477.7,105.1,2.74,0.409,0.134,2.07,,,Ⅲ
2023-04-02T16:00:00+08:00,1680422400,17.1,7.82,8.26,479.4,146.8,2.79,0.43,0.141,2.12,,,Ⅲ
2023-04-02T20:00:00+08:00,1680436800,16.7,7.76,7.79,466.2,94.9,3.51,0.322,0.112,2.12,,,Ⅲ
2023-04-03T00:00:00+08:00,1680451200,16.5,7.77,7.88,465.0,93.8,2.89,0.209,0.11,1.98,,,Ⅲ
2023-04-03T04:00:00+08:00,1680465600,16.4,7.79,7.95,465.2,107.5,2.89,0.209,0.11,1.98,,,Ⅲ
2023-04-03T08:00:00+08:00,1680480000,16.0,7.8,8.16,445.8,43.1,2.76,0.186,0.094,1.86,,,Ⅱ
2023-04-03T12:00:00+08:00,1680494400,16.0,7.8,8.16,443.1,53.9,2.09,0.174,0.085,1.86,,,Ⅱ
2023-04-03T16:00:00+08:00,1680508800,16.0,7.81,8.23,444.5,49.5,2.29,0.18,0.087,1.87,,,Ⅱ
2023-04-03T20:00:00+08:00,1680523200,15.9,7.81,8.16,445.9,46.5,2.29,0.2,0.087,1.88,,,Ⅱ
2023-04-04T00:00:00+08:00,1680537600,15.9,7.8,8.06,444.9,40.2,2.29,0.238,0.089,1.94,,,Ⅱ
2023-04-04T04:00:00+08:00,1680552000,15.8,7.81,8.13,445.6,40.3,2.2,0.233,0.087,1.91,,,Ⅱ
2023-04-04T08:00:00+08:00,1680566400,15.9,7.8,8.12,447.6,39.5,2.19,0.255,0.087,1.92,,,Ⅱ
2023-04-04T12:00:00+08:00,1680580800,15.9,7.81,8.17,445.5,41.7,2.17,0.293,0.092,1.96,,,Ⅱ
2023-04-04T16:00:00+08:00,1680595200,16.1,7.82,8.22,444.6,42.1,2.25,0.29,0.093,1.96,,,Ⅱ
2023-04-04T20:00:00+08:00,1680609600,16.0,7.81,8.21,442.3,42.1,2.13,0.22,0.081,1.94,,,Ⅱ
2023-04-05T00:00:00+08:00,1680624000,15.9,7.76,7.97,448.1,39.6,2.22,0.223,0.081,1.84,,,Ⅱ
2023-04-05T04:00:00+08:00,1680638400,15.9,7.76,7.81,448.5,45.2,2.3,0.408,0.1,2.09,,,Ⅲ
2023-04-05T08:00:00+08:00,1680652800,15.7,7.77,7.91,446.5,52.3,2.21,0.38,0.102,2.13,,,Ⅲ
2023-04-05T12:00:00+08:00,1680667200,15.6,7.79,8.14,448.0,53.9,2.29,0.336,0.098,2.04,,,Ⅱ
2023-04-05T16:00:00+08:00,1680681600,15.6,7.78,8.02,448.1,46.9,2.27,0.312,0.097,2.03,,,Ⅱ
2023-04-05T20:00:00+08:00,1680696000,15.2,7.77,8.12,419.0,125.7,2.22,0.336,0.098,1.95,,,Ⅱ
2023-04-06T00:00:00+08:00,1680710400,15.2,7.74,7.86,417.6,68.1,2.85,0.203,0.095,2.1,,,Ⅱ
2023-04-06T04:00:00+08:00,1680724800,15.2,7.77,7.97,416.8,93.3,2.33,0.19,0.081,1.86,,,Ⅱ
2023-04-06T08:00:00+08:00,1680739200,15.3,7.72,7.88,386.7,113.9,2.54,0.195,0.084,1.94,,,Ⅱ
2023-04-06T12:00:00+08:00,1680753600,15.5,7.78,7.98,380.1,100.4,2.59,0.182,0.103,2.2,,,Ⅲ
2023-04-06T16:00:00+08:00,1680768000,15.4,7.77,7.95,382.2,89.2,2.59,0.155,0.094,2.09,,,Ⅱ
2023-04-07T00:00:00+08:00,1680796800,15.4,7.72,7.89,379.3,54.0,3.1,0.162,0.111,2.21,,,Ⅲ
2023-04-07T04:00:00+08:00,1680811200,15.3,7.72,7.89,378.8,52.5,2.22,0.165,0.082,1.96,,,Ⅱ
2023-04-07T08:00:00+08:00,1680825600,15.4,7.7,7.81,380.9,74.9,2.13,0.136,0.077,1.89,,,Ⅱ
2023-04-07T12:00:00+08:00,1680840000,15.8,7.7,7.86,377.3,60.1,2.31,0.139,0.09,1.96,,,Ⅱ
2023-04-07T16:00:00+08:00,1680854400,16.2,7.74,8.08,378.1,62.7,2.3,0.152,0.087,1.91,,,Ⅱ
2023-04-07T20:00:00+08:00,1680868800,16.2,7.78,7.88,383.4,197.8,2.32,0.167,0.091,1.95,,,Ⅱ
2023-04-08T00:00:00+08:00,1680883200,16.0,7.81,7.89,376.5,106.8,3.21,0.164,0.099,2.16,,,Ⅱ
2023-04-08T04:00:00+08:00,1680897600,15.9,7.82,7.89,377.5,102.8,2.71,0.128,0.087,1.97,,,Ⅱ
2023-04-08T08:00:00+08:00,1680912000,15.8,7.73,7.92,377.9,91.4,2.7,0.141,0.087,1.98,,,Ⅱ
2023-04-08T12:00:00+08:00,1680926400,16.4,7.72,8.01,370.2,67.4,2.46,0.118,0.093,2.0,,,Ⅱ
2023-04-08T16:00:00+08:00,1680940800,16.7,7.7,8.0,369.8,65.2,2.33,0.089,0.09,1.96,,,Ⅱ
2023-04-08T20:00:00+08:00,1680955200,16.7,7.77,7.91,372.1,148.7,2.28,0.085,0.087,1.93,,,Ⅱ
2023-04-09T00:00:00+08:00,1680969600,16.6,7.73,7.79,375.3,75.2,3.32,0.103,0.096,2.11,,,Ⅱ
2023-04-09T04:00:00+08:00,1680984000,16.4,7.81,7.83,374.7,90.1,2.67,0.105,0.086,2.0,,,Ⅱ
2023-04-09T08:00:00+08:00,1680998400,16.2,7.73,7.82,371.3,91.3,2.96,0.09,0.08,1.97,,,Ⅱ
2023-04-09T12:00:00+08:00,1681012800,16.7,7.71,7.85,367.3,59.4,2.68,0.086,0.09,2.01,,,Ⅱ
2023-04-09T16:00:00+08:00,1681027200,17.1,7.75,7.84,366.4,61.1,2.32,0.075,0.087,1.88,,,Ⅱ
2023-04-09T20:00:00+08:00,1681041600,17.2,7.79,7.86,373.2,161.9,2.42,0.061,0.082,1.92,,,Ⅱ
2023-04-10T00:00:00+08:00,1681056000,16.9,7.78,7.54,375.2,128.9,3.19,0.092,0.093,2.1,,,Ⅱ
2023-04-10T04:00:00+08:00,1681070400,16.8,7.79,7.52,376.2,82.5,3.02,0.104,0.092,2.07,,,Ⅱ
2023-04-10T08:00:00+08:00,1681084800,16.7,7.71,7.63,369.6,79.0,2.66,0.107,0.083,1.9,,,Ⅱ
2023-04-10T12:00:00+08:00,1681099200,17.2,7.72,7.71,363.5,58.3,2.57,0.073,0.09,2.02,,,Ⅱ
2023-04-10T16:00:00+08:00,1681113600,17.6,7.75,7.78,362.5,59.6,2.43,0.073,0.087,1.94,,,Ⅱ
2023-04-10T20:00:00+08:00,1681128000,17.6,7.74,7.75,363.5,62.8,2.35,0.058,0.083,1.99,,,Ⅱ
2023-04-11T00:00:00+08:00,1681142400,17.6,7.7,7.44,376.5,43.5,2.46,0.079,0.085,2.09,,,Ⅱ
2023-04-11T04:00:00+08:00,1681156800,17.5,7.71,7.5,371.0,41.5,2.38,0.151,0.085,1.92,,,Ⅱ
2023-04-11T08:00:00+08:00,1681171200,17.5,7.68,7.5,372.0,79.1,2.32,0.08,0.078,1.82,,,Ⅱ
2023-04-11T12:00:00+08:00,1681185600,18.0,7.68,7.49,359.5,68.9,2.6,0.084,0.092,2.05,,,Ⅱ
2023-04-11T16:00:00+08:00,1681200000,18.3,7.7,7.51,358.0,64.5,2.43,0.071,0.088,2.08,,,Ⅱ
2023-04-11T20:00:00+08:00,1681214400,18.1,7.72,7.52,358.9,44.9,2.43,0.053,0.084,2.18,,,Ⅱ
2023-04-12T00:00:00+08:00,1681228800,17.9,7.72,7.55,366.4,65.7,2.27,0.046,0.078,1.94,,,Ⅱ
2023-04-12T04:00:00+08:00,1681243200,17.8,7.83,7.43,370.9,128.9,2.58,0.073,0.085,1.98,,,Ⅱ
2023-04-12T08:00:00+08:00,1681257600,17.7,7.82,7.49,371.7,124.2,3.13,0.083,0.099,2.09,,,Ⅱ
2023-04-12T12:00:00+08:00,1681272000,17.9,7.71,7.65,361.8,68.2,3.04,0.102,0.106,2.14,,,Ⅲ
2023-04-12T16:00:00+08:00,1681286400,18.2,7.75,7.75,361.7,61.4,2.56,0.055,0.089,2.06,,,Ⅱ
2023-04-12T20:00:00+08:00,1681300800,18.1,7.77,7.75,362.5,55.8,2.45,0.043,0.08,1.97,,,Ⅱ
2023-04-13T00:00:00+08:00,1681315200,17.9,7.79,7.69,364.9,102.3,2.43,0.045,0.078,2.0,,,Ⅱ
2023-04-13T04:00:00+08:00,1681329600,17.8,7.86,7.69,367.5,156.2,2.73,0.062,0.091,2.04,,,Ⅱ
2023-04-13T08:00:00+08:00,1681344000,17.6,7.88,7.75,367.8,127.7,3.08,0.059,0.102,2.24,,,Ⅲ
2023-04-13T12:00:00+08:00,1681358400,18.0,7.73,7.6,376.5,49.7,2.82,0.054,0.099,2.13,,,Ⅱ
2023-04-13T16:00:00+08:00,1681372800,17.9,7.79,7.75,371.2,101.1,2.56,0.103,0.084,1.92,,,Ⅱ
2023-04-13T20:00:00+08:00,1681387200,17.8,7.79,7.78,372.0,81.6,2.85,0.066,0.095,2.21,,,Ⅱ
2023-04-14T00:00:00+08:00,1681401600,17.7,7.8,7.71,372.8,70.4,2.67,0.065,0.09,2.18,,,Ⅱ
2023-04-14T04:00:00+08:00,1681416000,17.7,7.88,7.71,375.5,155.0,2.57,0.058,0.083,2.05,,,Ⅱ
2023-04-14T08:00:00+08:00,1681430400,17.6,7.89,7.73,375.3,204.5,3.32,0.076,0.099,2.22,,,Ⅱ
2023-04-14T12:00:00+08:00,1681444800,18.1,7.76,7.7,371.3,75.8,3.53,0.084,0.107,2.36,,,Ⅲ
2023-04-14T16:00:00+08:00,1681459200,18.3,7.7,7.29,375.1,49.7,2.7,0.043,0.089,2.0,,,Ⅱ
2023-04-14T20:00:00+08:00,1681473600,18.2,7.75,7.39,373.1,68.9,2.44,0.109,0.084,2.1,,,Ⅱ
2023-04-15T00:00:00+08:00,1681488000,18.1,7.8,7.4,374.0,101.1,2.59,0.073,0.086,2.03,,,Ⅱ
2023-04-15T04:00:00+08:00,1681502400,18.0,7.82,7.42,374.9,112.9,2.86,0.082,0.095,2.08,,,Ⅱ
2023-04-15T08:00:00+08:00,1681516800,18.0,7.83,7.5,375.3,99.5,2.85,0.081,0.095,2.12,,,Ⅱ
2023-04-15T12:00:00+08:00,1681531200,18.5,7.78,7.44,377.2,72.2,2.75,0.094,0.1,2.21,,,Ⅱ
2023-04-15T16:00:00+08:00,1681545600,18.9,7.7,7.11,379.9,51.8,2.56,0.18,0.103,2.14,,,Ⅲ
2023-04-15T20:00:00+08:00,1681560000,18.9,7.73,7.19,368.7,111.2,2.5,0.126,0.089,1.99,,,Ⅱ
2023-04-16T00:00:00+08:00,1681574400,18.7,7.83,7.2,371.4,147.4,3.08,0.076,0.107,2.26,,,Ⅲ
2023-04-16T04:00:00+08:00,1681588800,18.6,7.85,7.16,372.1,119.2,3.18,0.084,0.121,2.26,,,Ⅲ
2023-04-16T08:00:00+08:00,1681603200,18.6,7.88,7.22,372.8,129.8,3.0,0.076,0.111,2.25,,,Ⅲ
2023-04-16T12:00:00+08:00,1681617600,19.2,7.88,7.3,371.7,130.1,2.8,0.077,0.112,2.3,,,Ⅲ
2023-04-16T16:00:00+08:00,1681632000,19.4,7.68,6.87,375.5,83.6,2.88,0.079,0.112,2.21,,,Ⅲ
2023-04-16T20:00:00+08:00,1681646400,19.2,7.77,7.1,365.4,72.9,2.82,0.091,0.102,2.18,,,Ⅲ
2023-04-17T00:00:00+08:00,1681660800,19.0,7.85,7.08,366.6,117.2,2.68,0.061,0.099,2.2,,,Ⅱ
2023-04-17T08:00:00+08:00,1681689600,18.8,7.88,7.26,368.2,163.2,3.13,0.086,0.135,2.53,,,Ⅲ
2023-04-17T12:00:00+08:00,1681704000,19.2,7.91,7.41,367.9,176.9,2.79,0.086,0.133,2.55,,,Ⅲ
2023-04-17T16:00:00+08:00,1681718400,19.9,7.79,7.5,364.0,88.5,2.91,0.086,0.134,2.34,,,Ⅲ
2023-04-17T20:00:00+08:00,1681732800,19.7,7.81,7.22,357.4,133.3,2.72,0.058,0.106,2.23,,,Ⅲ
2023-04-18T00:00:00+08:00,1681747200,19.6,7.83,7.2,357.0,93.4,2.78,0.058,0.11,2.35,,,Ⅲ
2023-04-18T04:00:00+08:00,1681761600,19.5,7.88,7.2,360.3,235.3,2.66,0.043,0.097,2.13,,,Ⅱ
2023-04-18T08:00:00+08:00,1681776000,19.7,7.7,6.72,366.1,235.1,3.48,0.091,0.138,2.56,,,Ⅲ
2023-04-18T12:00:00+08:00,1681790400,20.1,7.74,6.86,367.7,68.4,3.46,0.121,0.134,2.55,,,Ⅲ
2023-04-18T16:00:00+08:00,1681804800,20.5,7.72,7.2,359.6,69.6,2.72,0.113,0.101,2.18,,,Ⅲ
2023-04-18T20:00:00+08:00,1681819200,20.3,7.78,7.13,351.3,104.0,2.66,0.073,0.096,2.14,,,Ⅱ
2023-04-19T00:00:00+08:00,1681833600,20.2,7.87,7.06,353.3,141.0,2.6,0.062,0.104,2.26,,,Ⅲ
2023-04-19T04:00:00+08:00,1681848000,20.0,7.9,7.04,354.8,133.1,2.66,0.065,0.114,2.28,,,Ⅲ
2023-04-19T08:00:00+08:00,1681862400,20.0,7.7,6.97,345.5,57.5,2.63,0.107,0.117,2.2,,,Ⅲ
2023-04-19T12:00:00+08:00,1681876800,20.3,7.75,7.22,343.8,50.0,2.3,0.05,0.09,2.03,,,Ⅱ
2023-04-19T16:00:00+08:00,1681891200,20.6,7.76,7.25,344.5,42.1,2.31,0.05,0.084,2.05,,,Ⅱ
2023-04-19T20:00:00+08:00,1681905600,20.4,7.78,7.04,343.1,121.1,2.25,0.041,0.079,1.95,,,Ⅱ
2023-04-20T00:00:00+08:00,1681920000,20.3,7.83,7.04,341.2,125.6,3.35,0.065,0.102,2.27,,,Ⅲ
2023-04-20T04:00:00+08:00,1681934400,20.2,7.89,7.01,344.1,170.8,2.73,0.062,0.111,2.24,,,Ⅲ
2023-04-20T08:00:00+08:00,1681948800,20.1,7.72,6.9,342.2,64.2,3.04,0.064,0.124,2.26,,,Ⅲ
2023-04-20T12:00:00+08:00,1681963200,20.6,7.69,6.86,342.6,52.8,2.39,0.057,0.099,2.04,,,Ⅱ
2023-04-20T16:00:00+08:00,1681977600,21.0,7.8,7.15,338.8,84.6,2.41,0.274,0.11,2.28,,,Ⅲ
2023-04-20T20:00:00+08:00,1681992000,21.2,7.76,7.04,343.4,92.8,2.55,0.059,0.122,2.14,,,Ⅲ
2023-04-21T00:00:00+08:00,1682006400,20.7,7.83,7.04,335.6,115.7,2.76,0.076,0.102,2.09,,,Ⅲ
2023-04-21T04:00:00+08:00,1682020800,20.6,7.91,7.07,338.5,228.1,2.6,0.052,0.106,2.16,,,Ⅲ
2023-04-21T08:00:00+08:00,1682035200,20.5,7.74,6.99,337.2,78.7,3.12,0.074,0.138,2.4,,,Ⅲ
2023-04-21T12:00:00+08:00,1682049600,20.9,7.82,7.24,331.9,93.1,2.44,0.055,0.096,2.1,,,Ⅱ
2023-04-21T16:00:00+08:00,1682064000,21.2,7.84,7.42,332.3,68.2,2.41,0.042,0.096,2.17,,,Ⅱ
2023-04-21T20:00:00+08:00,1682078400,21.0,7.79,7.3,340.3,124.4,2.22,0.037,0.092,1.96,,,Ⅱ
2023-04-22T00:00:00+08:00,1682092800,20.3,7.78,7.26,328.3,49.9,2.61,0.081,0.111,2.13,,,Ⅲ
2023-04-22T04:00:00+08:00,1682107200,20.0,7.8,7.22,330.3,50.7,2.19,0.03,0.081,2.04,,,Ⅱ
2023-04-22T08:00:00+08:00,1682121600,19.8,7.75,7.1,335.9,60.7,2.16,0.038,0.08,2.01,,,Ⅱ
2023-04-22T12:00:00+08:00,1682136000,20.2,7.7,7.33,326.2,34.8,2.16,0.068,0.087,2.0,,,Ⅱ
2023-04-22T16:00:00+08:00,1682150400,20.4,7.77,7.41,326.6,41.8,1.95,0.037,0.077,1.94,,,Ⅱ
2023-04-22T20:00:00+08:00,1682164800,20.3,7.8,7.33,330.4,99.1,2.11,0.032,0.078,1.98,,,Ⅱ
2023-04-23T00:00:00+08:00,1682179200,19.9,7.81,7.25,331.2,57.5,2.38,0.047,0.092,2.01,,,Ⅱ
2023-04-23T04:00:00+08:00,1682193600,19.8,7.9,7.19,331.4,131.1,2.2,0.05,0.083,2.05,,,Ⅱ
2023-04-23T08:00:00+08:00,1682208000,19.7,7.69,6.76,340.4,59.5,2.27,0.051,0.094,2.09,,,Ⅱ
2023-04-23T12:00:00+08:00,1682222400,19.9,7.83,7.24,325.2,164.3,2.2,0.089,0.089,1.93,,,Ⅱ
2023-04-23T16:00:00+08:00,1682236800,19.8,7.79,7.36,326.2,56.7,2.85,0.059,0.117,2.3,,,Ⅲ
2023-04-23T20:00:00+08:00,1682251200,19.8,7.83,7.46,325.8,103.0,2.37,0.051,0.103,1.98,,,Ⅲ
2023-04-24T00:00:00+08:00,1682265600,19.5,7.83,7.39,327.7,94.0,2.35,0.057,0.098,2.07,,,Ⅱ
2023-04-24T04:00:00+08:00,1682280000,19.4,7.91,7.43,328.3,144.1,2.26,0.046,0.088,2.01,,,Ⅱ
2023-04-24T08:00:00+08:00,1682294400,19.2,7.81,7.44,326.2,68.7,2.35,0.051,0.097,2.17,,,Ⅱ
2023-04-24T12:00:00+08:00,1682308800,19.5,7.79,7.43,323.2,39.2,2.17,0.045,0.086,1.99,,,Ⅱ
2023-04-24T16:00:00+08:00,1682323200,19.6,7.81,7.52,322.9,32.0,1.91,0.04,0.074,1.79,,,Ⅱ
2023-04-24T20:00:00+08:00,1682337600,19.4,7.85,7.51,324.9,113.5,1.94,0.025,0.069,1.8,,,Ⅱ
2023-04-25T00:00:00+08:00,1682352000,19.2,7.84,7.44,328.2,81.8,2.31,0.055,0.094,2.05,,,Ⅱ
2023-04-25T04:00:00+08:00,1682366400,19.2,7.8,7.44,326.7,35.6,2.2,0.049,0.085,1.95,,,Ⅱ
2023-04-25T08:00:00+08:00,1682380800,19.1,7.79,7.36,326.9,55.3,1.95,0.028,0.072,1.98,,,Ⅱ
2023-04-25T12:00:00+08:00,1682395200,19.6,7.78,7.38,326.9,36.1,2.06,0.043,0.081,1.95,,,Ⅱ
2023-04-25T16:00:00+08:00,1682409600,19.7,7.78,7.4,326.0,35.1,2.08,0.038,0.073,1.9,,,Ⅱ
2023-04-25T20:00:00+08:00,1682424000,19.6,7.79,7.45,326.6,38.2,1.98,0.029,0.081,1.84,,,Ⅱ
2023-04-26T10:30:00+08:00,1682476200,,,,,,,,,,,,
2023-04-26T12:00:00+08:00,1682481600,20.0,7.77,7.33,331.8,54.9,,,,,,,
2023-04-26T16:00:00+08:00,1682496000,20.4,7.8,7.47,332.4,52.0,2.15,0.043,0.093,1.92,,,Ⅱ
2023-04-27T00:00:00+08:00,1682524800,20.3,7.79,7.39,333.9,39.0,2.21,0.028,0.088,1.97,,,Ⅱ
2023-04-27T04:00:00+08:00,1682539200,20.1,7.76,7.28,337.8,35.3,2.02,0.047,0.134,1.84,,,Ⅲ
2023-04-27T08:00:00+08:00,1682553600,20.0,7.78,7.31,338.5,35.9,2.01,0.035,0.082,1.87,,,Ⅱ
2023-04-27T12:00:00+08:00,1682568000,20.4,7.8,7.36,333.9,41.8,1.97,0.042,0.077,1.9,,,Ⅱ
2023-04-27T16:00:00+08:00,1682582400,20.8,7.81,7.38,329.8,46.4,2.01,0.049,0.075,1.81,,,Ⅱ
2023-04-28T02:37:00+08:00,1682620620,,,,,,,,,,,,
2023-04-28T06:38:00+08:00,1682635080,,,,,,,,,,,,
2023-04-28T10:39:00+08:00,1682649540,,,,,,,,,,,,
2023-04-28T12:00:00+08:00,1682654400,20.7,7.78,7.28,338.2,43.8,1.97,0.064,0.08,1.84,,,Ⅱ
2023-04-28T16:00:00+08:00,1682668800,20.9,7.79,7.17,346.2,37.8,1.97,0.064,0.08,1.84,,,Ⅱ
2023-04-28T20:00:00+08:00,1682683200,20.9,7.81,7.05,342.5,62.4,2.23,0.088,0.084,1.82,,,Ⅱ
2023-04-29T00:00:00+08:00,1682697600,20.9,7.87,7.16,340.6,103.7,2.23,0.088,0.084,1.82,,,Ⅱ
2023-04-29T10:43:00+08:00,1682736180,,,,,,,,,,,,
2023-04-29T12:00:00+08:00,1682740800,20.6,7.81,7.37,339.4,91.7,2.36,0.083,0.095,1.9,,,Ⅱ
2023-04-29T16:00:00+08:00,1682755200,20.7,7.87,7.56,336.3,161.3,2.87,0.071,0.117,2.0,,,Ⅱ
2023-04-29T20:00:00+08:00,1682769600,20.6,7.87,7.47,336.4,103.7,2.48,0.059,0.099,1.96,,,Ⅱ
2023-04-30T00:00:00+08:00,1682784000,20.4,7.88,7.46,337.0,110.4,2.48,0.059,0.099,1.96,,,Ⅱ
2023-04-30T04:00:00+08:00,1682798400,20.2,7.91,7.38,338.5,136.4,2.65,0.078,0.105,2.03,,,Ⅲ
2023-04-30T08:00:00+08:00,1682812800,20.0,7.95,7.48,339.8,140.4,2.65,0.073,0.102,2.08,,,Ⅲ
2023-04-30T12:00:00+08:00,1682827200,21.2,7.99,7.89,341.0,182.1,2.83,0.08,0.113,2.08,,,Ⅲ
2023-04-30T16:00:00+08:00,1682841600,20.9,7.81,7.36,355.7,71.5,2.53,0.108,0.094,1.72,,,Ⅲ
2023-04-30T20:00:00+08:00,1682856000,20.7,7.8,7.1,356.9,57.4,2.53,0.108,0.094,1.72,,,Ⅱ
2023-05-01T00:00:00+08:00,1682870400,20.4,7.82,7.01,357.2,95.2,2.4,0.115,0.086,1.7,,,Ⅱ
2023-05-01T04:00:00+08:00,1682884800,20.3,7.81,6.98,357.4,82.3,2.64,0.121,0.095,1.77,,,Ⅱ
2023-05-01T08:00:00+08:00,1682899200,20.2,7.82,7.08,358.0,83.9,2.46,0.121,0.097,1.75,,,Ⅱ
2023-05-01T12:00:00+08:00,1682913600,21.0,7.85,7.31,358.0,92.2,2.48,0.122,0.098,1.74,,,Ⅱ
2023-05-01T16:00:00+08:00,1682928000,21.2,7.8,7.18,350.5,88.6,2.47,0.123,0.099,1.95,,,Ⅱ
2023-05-01T20:00:00+08:00,1682942400,21.0,7.81,7.08,340.4,46.5,2.21,0.102,0.083,1.93,,,Ⅱ
2023-05-02T00:00:00+08:00,1682956800,20.8,7.86,7.21,338.2,68.8,2.21,0.102,0.083,1.93,,,Ⅱ
2023-05-02T04:00:00+08:00,1682971200,20.6,7.89,7.17,339.0,74.2,2.29,0.085,0.086,1.83,,,Ⅱ
2023-05-02T08:00:00+08:00,1682985600,20.5,7.92,7.28,339.6,71.8,2.2,0.087,0.086,1.9,,,Ⅱ
2023-05-02T12:00:00+08:00,1683000000,20.9,7.95,7.59,339.6,90.0,2.36,0.091,0.102,1.88,,,Ⅲ
2023-05-02T16:00:00+08:00,1683014400,21.2,7.89,7.63,333.1,66.3,2.23,0.067,0.09,1.99,,,Ⅱ
2023-05-02T20:00:00+08:00,1683028800,20.8,7.84,7.21,327.9,66.5,2.3,0.063,0.088,1.96,,,Ⅱ
2023-05-03T00:00:00+08:00,1683043200,20.7,7.92,7.19,328.4,95.9,2.3,0.063,0.088,1.96,,,Ⅱ
2023-05-03T04:00:00+08:00,1683057600,20.6,7.93,7.2,329.1,97.1,2.37,0.061,0.089,1.94,,,Ⅱ
2023-05-03T08:00:00+08:00,1683072000,20.6,7.93,7.25,329.1,92.3,2.24,0.078,0.095,1.88,,,Ⅱ
2023-05-03T12:00:00+08:00,1683086400,20.7,7.94,7.34,329.2,120.1,2.61,0.08,0.104,2.1,,,Ⅲ
2023-05-03T16:00:00+08:00,1683100800,20.7,7.92,7.32,330.0,108.6,2.73,0.092,0.101,2.12,,,Ⅲ
2023-05-03T20:00:00+08:00,1683115200,20.7,7.91,7.22,331.4,148.7,2.74,0.116,0.112,2.22,,,Ⅲ
2023-05-04T00:00:00+08:00,1683129600,20.7,7.97,7.24,334.5,105.3,2.74,0.116,0.112,2.22,,,Ⅲ
2023-05-04T04:00:00+08:00,1683144000,20.7,7.94,7.25,333.8,132.2,2.65,0.112,0.1,2.03,,,Ⅱ
2023-05-04T08:00:00+08:00,1683158400,20.8,7.96,7.24,334.9,111.9,2.3,0.107,0.095,2.05,,,Ⅱ
2023-05-04T12:00:00+08:00,1683172800,21.2,7.84,7.19,332.8,577.2,4.35,0.192,0.181,3.99,,,Ⅲ
2023-05-04T16:00:00+08:00,1683187200,21.3,7.89,7.24,333.0,127.6,2.99,0.139,0.113,2.19,,,Ⅲ
2023-05-04T20:00:00+08:00,1683201600,21.4,7.87,7.15,337.7,89.8,2.59,0.157,0.103,2.29,,,Ⅲ
2023-05-05T00:00:00+08:00,1683216000,21.4,7.92,7.17,335.2,108.4,2.59,0.157,0.103,2.29,,,Ⅲ
2023-05-05T04:00:00+08:00,1683230400,21.3,7.89,7.14,336.4,78.5,2.48,0.169,0.096,2.27,,,Ⅱ
2023-05-05T08:00:00+08:00,1683244800,21.4,7.81,6.96,340.3,63.4,2.37,0.232,0.1,2.21,,,Ⅱ
2023-05-05T12:00:00+08:00,1683259200,21.6,7.71,6.61,352.7,51.3,2.59,0.269,0.102,2.31,,,Ⅲ
2023-05-05T16:00:00+08:00,1683273600,21.6,7.72,6.59,353.3,56.0,2.59,0.291,0.11,2.42,,,Ⅲ
2023-05-05T20:00:00+08:00,1683288000,21.3,7.68,6.26,409.1,115.7,3.72,0.294,0.116,2.82,,,Ⅲ
2023-05-06T00:00:00+08:00,1683302400,20.8,7.82,6.29,352.1,107.9,3.72,0.294,0.116,2.82,,,Ⅲ
2023-05-06T04:00:00+08:00,1683316800,20.7,7.83,6.28,357.3,131.7,2.86,0.222,0.115,2.45,,,Ⅲ
2023-05-06T08:00:00+08:00,1683331200,20.4,7.69,6.41,333.5,78.5,2.5,0.161,0.112,2.2,,,Ⅲ
2023-05-06T12:00:00+08:00,1683345600,20.6,7.7,6.69,329.3,34.9,2.18,0.093,0.085,1.94,,,Ⅱ
2023-05-06T16:00:00+08:00,1683360000,20.7,7.77,6.7,328.5,69.6,2.26,0.082,0.09,1.98,,,Ⅱ
2023-05-06T20:00:00+08:00,1683374400,20.7,7.75,6.51,351.5,93.3,2.62,0.158,0.104,2.26,,,Ⅲ
2023-05-07T00:00:00+08:00,1683388800,20.3,7.76,6.56,330.6,58.4,2.62,0.158,0.104,2.26,,,Ⅲ
2023-05-07T04:00:00+08:00,1683403200,20.2,7.87,6.59,334.1,89.5,2.27,0.081,0.102,2.04,,,Ⅲ
2023-05-07T08:00:00+08:00,1683417600,20.1,7.72,6.63,329.8,91.9,2.39,0.084,0.106,2.08,,,Ⅲ
2023-05-07T12:00:00+08:00,1683432000,20.4,7.75,6.83,325.8,41.2,2.08,0.046,0.083,1.88,,,Ⅱ
2023-05-07T16:00:00+08:00,1683446400,20.7,7.78,6.92,328.6,61.5,2.43,0.116,0.104,2.15,,,Ⅲ
2023-05-07T20:00:00+08:00,1683460800,20.6,7.76,6.99,329.4,60.5,2.24,0.06,0.092,2.01,,,Ⅱ
2023-05-08T00:00:00+08:00,1683475200,20.3,7.72,6.7,332.0,31.4,2.24,0.06,0.092,2.01,,,Ⅱ
2023-05-08T04:00:00+08:00,1683489600,20.1,7.74,6.75,330.6,41.4,2.14,0.049,0.08,1.94,,,Ⅱ
2023-05-08T08:00:00+08:00,1683504000,20.0,7.68,6.38,335.9,65.5,2.2,0.106,0.097,2.02,,,Ⅱ
2023-05-08T12:00:00+08:00,1683518400,20.7,7.76,7.06,328.5,36.6,2.36,0.038,0.089,2.02,,,Ⅱ
2023-05-08T16:00:00+08:00,1683532800,21.1,7.75,7.21,329.9,39.2,2.21,0.049,0.081,1.86,,,Ⅱ
2023-05-08T20:00:00+08:00,1683547200,20.9,7.76,7.12,330.2,43.3,2.48,0.041,0.079,1.85,,,Ⅱ
2023-05-09T00:00:00+08:00,1683561600,20.4,7.73,6.88,335.2,36.9,2.48,0.041,0.079,1.85,,,Ⅱ
2023-05-09T04:00:00+08:00,1683576000,20.1,7.73,6.9,333.5,31.3,2.36,0.038,0.075,1.87,,,Ⅱ
2023-05-09T08:00:00+08:00,1683590400,20.0,7.73,6.93,333.1,53.0,2.49,0.041,0.083,1.87,,,Ⅱ
2023-05-09T12:00:00+08:00,1683604800,20.5,7.76,7.16,328.7,36.0,2.41,0.033,0.078,1.85,,,Ⅱ
2023-05-09T16:00:00+08:00,1683619200,21.0,7.79,7.34,329.1,28.1,2.3,0.027,0.073,1.82,,,Ⅱ
2023-05-10T16:00:00+08:00,1683705600,20.4,7.81,7.28,330.6,101.7,2.38,0.052,0.082,1.93,,,Ⅱ
2023-05-10T20:00:00+08:00,1683720000,20.3,7.85,7.23,331.9,213.9,2.8,0.054,0.105,2.1,,,Ⅲ
2023-05-11T00:00:00+08:00,1683734400,20.6,7.57,5.73,358.6,29.2,3.51,0.088,0.144,2.53,,,Ⅲ
2023-05-11T04:00:00+08:00,1683748800,20.3,7.66,6.46,352.4,24.7,3.51,0.088,0.144,2.53,,,Ⅲ
2023-05-11T08:00:00+08:00,1683763200,20.2,7.71,6.69,352.0,41.3,2.52,0.147,0.082,1.85,,,Ⅱ
2023-05-11T12:00:00+08:00,1683777600,20.4,7.74,7.05,336.7,41.4,2.5,0.128,0.086,1.93,,,Ⅱ
2023-05-11T16:00:00+08:00,1683792000,20.9,7.79,7.37,334.8,44.3,2.38,0.071,0.08,1.89,,,Ⅱ
2023-05-11T20:00:00+08:00,1683806400,20.8,7.76,7.3,334.0,854.7,2.37,0.064,0.08,1.97,,,Ⅱ
2023-05-12T00:00:00+08:00,1683820800,20.7,7.65,6.66,340.8,33.7,3.61,0.082,0.137,2.59,,,Ⅲ
2023-05-12T04:00:00+08:00,1683835200,20.7,7.56,5.82,348.3,27.2,3.61,0.082,0.137,2.59,,,Ⅲ
2023-05-12T08:00:00+08:00,1683849600,20.7,7.6,6.06,348.0,37.1,2.53,0.22,0.09,1.82,,,Ⅱ
2023-05-12T12:00:00+08:00,1683864000,20.9,7.72,7.08,338.1,55.6,2.44,0.201,0.092,1.91,,,Ⅱ
2023-05-12T16:00:00+08:00,1683878400,21.3,7.76,7.36,336.7,38.5,2.48,0.072,0.088,1.99,,,Ⅱ
2023-05-12T20:00:00+08:00,1683892800,21.3,7.76,7.34,339.8,43.0,2.36,0.062,0.08,1.96,,,Ⅱ
2023-05-13T00:00:00+08:00,1683907200,21.3,7.65,7.1,344.5,34.2,2.55,0.044,0.088,2.11,,,Ⅱ
2023-05-13T04:00:00+08:00,1683921600,21.0,7.67,6.71,340.5,25.1,2.37,0.084,0.08,2.08,,,Ⅱ
2023-05-13T08:00:00+08:00,1683936000,21.1,7.68,6.75,341.5,29.4,2.28,0.093,0.075,1.84,,,Ⅱ
2023-05-13T12:00:00+08:00,1683950400,21.6,7.72,6.96,342.8,38.9,2.28,0.098,0.078,1.9,,,Ⅱ
2023-05-13T16:00:00+08:00,1683964800,21.9,7.77,7.34,337.0,34.7,2.32,0.101,0.082,1.98,,,Ⅱ
2023-05-13T20:00:00+08:00,1683979200,21.9,7.76,7.26,336.4,43.4,2.22,0.064,0.08,1.96,,,Ⅱ
2023-05-14T00:00:00+08:00,1683993600,21.9,7.75,7.16,337.2,123.9,2.37,0.043,0.083,2.02,,,Ⅱ
2023-05-14T04:00:00+08:00,1684008000,21.8,7.75,7.17,337.3,37.1,2.37,0.043,0.083,2.02,,,Ⅱ
2023-05-14T08:00:00+08:00,1684022400,21.8,7.77,7.27,338.1,182.7,2.4,0.052,0.078,1.87,,,Ⅱ
2023-05-14T12:00:00+08:00,1684036800,22.4,7.77,7.37,343.8,47.9,3.77,0.125,0.155,3.61,,,Ⅲ
2023-05-14T16:00:00+08:00,1684051200,22.7,7.75,7.13,335.6,44.5,2.36,0.082,0.091,2.04,,,Ⅱ
2023-05-14T20:00:00+08:00,1684065600,22.5,7.74,7.04,329.9,35.3,2.48,0.069,0.09,2.04,,,Ⅱ
2023-05-15T00:00:00+08:00,1684080000,22.5,7.74,6.94,332.0,40.2,2.4,0.045,0.084,2.1,,,Ⅱ
2023-05-15T04:00:00+08:00,1684094400,22.3,7.74,6.93,333.0,45.7,2.34,0.055,0.082,1.92,,,Ⅱ
2023-05-15T08:00:00+08:00,1684108800,22.3,7.76,7.0,333.5,116.6,2.52,0.064,0.088,2.09,,,Ⅱ
2023-05-15T12:00:00+08:00,1684123200,23.0,7.78,7.4,335.2,73.1,2.38,0.065,0.093,2.11,,,Ⅱ
2023-05-15T16:00:00+08:00,1684137600,23.1,7.69,6.59,347.7,45.2,2.88,0.077,0.112,2.27,,,Ⅲ
2023-05-15T20:00:00+08:00,1684152000,22.6,7.76,6.95,322.2,32.6,2.75,0.15,0.091,1.98,,,Ⅱ
2023-05-16T00:00:00+08:00,1684166400,22.4,7.75,6.9,321.6,36.5,2.39,0.055,0.086,1.9,,,Ⅱ
2023-05-16T04:00:00+08:00,1684180800,22.2,7.75,6.86,320.4,37.5,2.39,0.055,0.086,1.9,,,Ⅱ
2023-05-16T08:00:00+08:00,1684195200,22.3,7.74,6.75,322.0,33.1,2.21,0.038,0.076,1.92,,,Ⅱ
2023-05-16T12:00:00+08:00,1684209600,22.8,7.78,7.08,319.1,54.5,2.22,0.051,0.076,1.99,,,Ⅱ
2023-05-17T12:00:00+08:00,1684296000,22.4,7.75,6.83,316.7,38.1,2.18,0.051,0.078,1.92,,,Ⅱ
2023-05-17T16:00:00+08:00,1684310400,22.4,7.75,6.77,318.3,48.8,2.43,0.045,0.085,2.02,,,Ⅱ
2023-05-17T20:00:00+08:00,1684324800,22.4,7.76,6.79,317.1,42.1,2.4,0.053,0.085,1.98,,,Ⅱ
2023-05-18T00:00:00+08:00,1684339200,22.3,7.75,6.64,317.4,30.8,2.29,0.039,0.079,1.94,,,Ⅱ
2023-05-18T04:00:00+08:00,1684353600,22.2,7.73,6.58,319.0,39.8,2.29,0.039,0.079,1.94,,,Ⅱ
2023-05-18T08:00:00+08:00,1684368000,22.2,7.72,6.5,321.9,43.2,2.26,0.053,0.078,2.04,,,Ⅱ
2023-05-18T12:00:00+08:00,1684382400,22.4,7.78,6.88,319.4,37.9,2.21,0.044,0.078,1.88,,,Ⅱ
2023-05-18T16:00:00+08:00,1684396800,22.4,7.78,6.91,319.7,47.9,2.36,0.055,0.089,1.93,,,Ⅱ
2023-05-18T20:00:00+08:00,1684411200,22.3,7.75,6.69,321.1,46.7,2.28,0.056,0.089,2.07,,,Ⅱ
2023-05-19T00:00:00+08:00,1684425600,22.2,7.75,6.67,319.2,59.1,2.28,0.056,0.089,2.07,,,Ⅱ
2023-05-19T04:00:00+08:00,1684440000,22.1,7.74,6.58,320.6,50.1,2.3,0.057,0.086,1.95,,,Ⅱ
2023-05-19T08:00:00+08:00,1684454400,22.2,7.76,6.67,314.5,65.7,2.32,0.043,0.094,2.03,,,Ⅱ
2023-05-19T12:00:00+08:00,1684468800,22.6,7.77,6.76,314.8,42.4,2.16,0.046,0.083,1.87,,,Ⅱ
2023-05-19T16:00:00+08:00,1684483200,23.2,7.79,6.93,314.6,44.1,2.14,0.034,0.081,1.9,,,Ⅱ
2023-05-19T20:00:00+08:00,1684497600,23.2,7.69,6.4,344.3,63.1,2.74,0.11,0.106,2.25,,,Ⅲ
2023-05-20T00:00:00+08:00,1684512000,22.9,7.72,6.56,326.2,35.4,2.74,0.11,0.106,2.25,,,Ⅲ
2023-05-20T04:00:00+08:00,1684526400,22.7,7.73,6.57,325.2,36.4,2.34,0.044,0.082,1.94,,,Ⅱ
2023-05-20T08:00:00+08:00,1684540800,22.6,7.71,6.39,320.0,51.5,2.34,0.071,0.089,2.07,,,Ⅱ
2023-05-20T12:00:00+08:00,1684555200,22.8,7.77,6.82,313.9,38.1,2.23,0.058,0.078,1.87,,,Ⅱ
2023-05-20T16:00:00+08:00,1684569600,23.3,7.79,6.94,313.2,37.5,2.16,0.033,0.074,1.95,,,Ⅱ
2023-05-20T20:00:00+08:00,1684584000,23.4,7.69,6.3,320.6,47.8,2.34,0.104,0.086,2.0,,,Ⅱ
2023-05-21T00:00:00+08:00,1684598400,23.0,7.75,6.65,315.6,33.3,2.34,0.104,0.086,2.0,,,Ⅱ
2023-05-21T04:00:00+08:00,1684612800,22.8,7.74,6.62,315.8,30.1,2.12,0.034,0.071,1.78,,,Ⅱ
2023-05-21T08:00:00+08:00,1684627200,22.8,7.74,6.58,319.1,61.7,2.33,0.054,0.082,1.96,,,Ⅱ
2023-05-21T12:00:00+08:00,1684641600,23.1,7.77,6.83,317.1,35.0,2.11,0.049,0.072,1.84,,,Ⅱ
2023-05-21T16:00:00+08:00,1684656000,23.5,7.79,6.94,316.1,31.4,2.16,0.029,0.068,1.81,,,Ⅱ
2023-05-21T20:00:00+08:00,1684670400,23.5,7.73,6.55,322.0,35.8,2.25,0.071,0.073,1.87,,,Ⅱ
2023-05-22T00:00:00+08:00,1684684800,23.2,7.76,6.74,322.2,31.8,2.25,0.071,0.073,1.87,,,Ⅱ
2023-05-22T04:00:00+08:00,1684699200,22.8,7.77,6.81,322.3,29.6,2.12,0.04,0.071,1.82,,,Ⅱ
2023-05-22T08:00:00+08:00,1684713600,22.7,7.71,6.43,326.7,43.6,2.27,0.135,0.093,1.79,,,Ⅱ
2023-05-22T12:00:00+08:00,1684728000,22.6,7.78,6.98,327.1,31.6,2.1,0.044,0.075,1.83,,,Ⅱ
2023-05-22T16:00:00+08:00,1684742400,22.6,7.8,7.09,327.1,27.8,2.02,0.025,0.07,1.78,,,Ⅱ
2023-05-22T20:00:00+08:00,1684756800,22.6,7.8,7.04,328.9,33.8,2.06,0.039,0.073,1.84,,,Ⅱ
2023-05-23T00:00:00+08:00,1684771200,22.4,7.77,6.85,330.5,27.4,2.06,0.039,0.073,1.84,,,Ⅱ
2023-05-23T04:00:00+08:00,1684785600,22.3,7.77,6.89,330.5,26.0,2.09,0.033,0.07,1.76,,,Ⅱ
2023-05-23T08:00:00+08:00,1684800000,22.2,7.75,6.79,332.4,39.5,2.08,0.046,0.078,1.8,,,Ⅱ
2023-05-24T16:00:00+08:00,1684915200,22.5,7.8,7.12,338.4,27.0,2.05,0.037,0.07,1.68,,,Ⅱ
2023-05-25T12:00:00+08:00,1684987200,22.8,7.79,7.12,339.8,35.4,2.16,0.054,0.072,1.82,,,Ⅱ
2023-05-25T16:00:00+08:00,1685001600,23.3,7.83,7.35,339.6,29.0,2.06,0.034,0.07,1.83,,,Ⅱ
2023-05-25T20:00:00+08:00,1685016000,23.3,7.81,7.08,339.6,28.8,1.92,0.048,0.068,1.65,,,Ⅱ
2023-05-26T00:00:00+08:00,1685030400,23.1,7.73,6.51,344.7,28.0,2.02,0.046,0.07,1.82,,,Ⅱ
2023-05-26T04:00:00+08:00,1685044800,23.0,7.71,6.32,342.0,23.6,2.08,0.139,0.077,1.74,,,Ⅱ
2023-05-26T08:00:00+08:00,1685059200,23.0,7.76,6.7,342.8,24.1,2.22,0.116,0.079,1.73,,,Ⅱ
2023-05-26T12:00:00+08:00,1685073600,23.1,7.77,6.82,341.6,41.2,2.04,0.07,0.079,1.76,,,Ⅱ
2023-05-26T16:00:00+08:00,1685088000,23.2,7.81,7.06,337.8,42.0,2.04,0.038,0.074,1.75,,,Ⅱ
2023-05-26T20:00:00+08:00,1685102400,23.2,7.8,6.95,338.2,123.5,2.85,0.06,0.1,2.27,,,Ⅲ
2023-05-27T00:00:00+08:00,1685116800,23.2,7.79,6.87,338.7,30.2,2.06,0.059,0.071,1.74,,,Ⅲ
2023-05-27T04:00:00+08:00,1685131200,23.3,7.66,5.86,342.6,34.6,2.15,0.143,0.074,1.61,,,Ⅲ
2023-05-27T08:00:00+08:00,1685145600,23.3,7.7,6.1,342.3,26.3,2.34,0.141,0.083,1.87,,,Ⅱ
2023-05-27T12:00:00+08:00,1685160000,23.4,7.79,6.84,341.1,37.3,2.11,0.057,0.074,1.84,,,Ⅱ
2023-05-27T16:00:00+08:00,1685174400,23.8,7.82,7.06,337.9,26.3,2.01,0.033,0.065,1.74,,,Ⅱ
2023-05-27T20:00:00+08:00,1685188800,23.7,7.79,6.88,337.7,47.0,2.17,0.028,0.067,1.77,,,Ⅱ
2023-05-28T00:00:00+08:00,1685203200,23.8,7.78,6.76,340.4,27.8,2.13,0.072,0.071,1.78,,,Ⅱ
2023-05-28T04:00:00+08:00,1685217600,23.6,7.78,6.78,338.4,24.8,2.01,0.027,0.068,1.63,,,Ⅱ
2023-05-28T08:00:00+08:00,1685232000,23.7,7.79,6.85,338.1,25.0,2.04,0.028,0.065,1.78,,,Ⅱ
2023-05-28T12:00:00+08:00,1685246400,24.3,7.79,6.86,344.6,28.8,2.12,0.053,0.07,1.78,,,Ⅱ
2023-05-28T16:00:00+08:00,1685260800,24.5,7.78,6.82,341.1,33.2,2.12,0.041,0.076,1.72,,,Ⅱ
2023-05-28T20:00:00+08:00,1685275200,24.5,7.76,6.59,342.1,26.2,2.19,0.054,0.085,1.79,,,Ⅱ
2023-05-29T00:00:00+08:00,1685289600,24.5,7.76,6.47,346.3,45.8,2.27,0.097,0.093,1.86,,,Ⅱ
2023-05-29T04:00:00+08:00,1685304000,24.4,7.74,6.45,345.5,27.7,2.13,0.059,0.072,1.79,,,Ⅱ
2023-05-29T12:00:00+08:00,1685332800,24.6,7.77,6.65,345.3,43.2,2.18,0.043,0.078,1.86,,,Ⅱ
2023-05-29T16:00:00+08:00,1685347200,24.7,7.75,6.61,346.3,29.8,2.08,0.053,0.076,1.9,,,Ⅱ
2023-05-29T20:00:00+08:00,1685361600,24.4,7.76,6.6,343.0,28.0,2.05,0.044,0.074,1.82,,,Ⅱ
2023-05-30T00:00:00+08:00,1685376000,24.3,7.86,6.62,345.7,104.0,2.44,0.05,0.093,1.9,,,Ⅱ
2023-05-30T04:00:00+08:00,1685390400,24.4,7.75,6.43,355.6,30.8,2.24,0.08,0.077,1.81,,,Ⅱ
2023-05-30T08:00:00+08:00,1685404800,24.0,7.76,6.51,341.0,27.6,2.05,0.049,0.073,1.72,,,Ⅱ
2023-05-30T12:00:00+08:00,1685419200,24.0,7.77,6.58,342.4,22.2,2.05,0.049,0.073,1.72,,,Ⅱ
2023-05-30T16:00:00+08:00,1685433600,24.1,7.73,6.38,348.5,28.9,2.01,0.061,0.068,1.72,,,Ⅱ
2023-05-30T20:00:00+08:00,1685448000,23.9,7.77,6.34,340.8,42.2,2.16,0.082,0.073,1.75,,,Ⅱ
2023-05-31T00:00:00+08:00,1685462400,23.8,7.86,6.28,342.9,106.0,2.16,0.082,0.073,1.75,,,Ⅱ
2023-05-31T04:00:00+08:00,1685476800,23.8,7.72,6.08,344.9,47.8,2.16,0.082,0.073,1.75,,,Ⅱ
2023-05-31T08:00:00+08:00,1685491200,23.7,7.74,6.27,333.1,30.2,2.16,0.044,0.072,1.81,,,Ⅱ
2023-05-31T12:00:00+08:00,1685505600,24.0,7.78,6.56,333.3,23.2,2.02,0.046,0.066,1.64,,,Ⅱ
2023-05-31T16:00:00+08:00,1685520000,24.1,7.73,6.21,338.5,36.5,2.02,0.046,0.066,1.64,,,Ⅱ
2023-05-31T20:00:00+08:00,1685534400,24.1,7.78,6.13,331.5,68.5,2.09,0.071,0.074,1.73,,,Ⅱ
2023-06-01T00:00:00+08:00,1685548800,24.0,7.84,6.1,331.1,82.0,2.34,0.061,0.081,1.81,,,Ⅱ
2023-06-01T04:00:00+08:00,1685563200,24.0,7.74,6.04,330.6,46.6,2.34,0.061,0.081,1.81,,,Ⅱ
2023-06-01T08:00:00+08:00,1685577600,24.0,7.72,5.86,325.9,42.4,2.3,0.044,0.076,1.73,,,Ⅲ
2023-06-01T12:00:00+08:00,1685592000,24.5,7.75,6.19,325.3,27.5,2.2,0.043,0.078,1.76,,,Ⅱ
2023-06-01T16:00:00+08:00,1685606400,24.8,7.76,6.27,325.4,40.4,2.19,0.05,0.07,1.71,,,Ⅱ
2023-06-02T12:00:00+08:00,1685678400,25.0,7.77,6.26,328.8,46.1,2.29,0.035,0.076,1.72,,,Ⅱ
2023-06-04T00:00:00+08:00,1685808000,25.0,7.76,6.21,334.8,37.8,2.48,0.052,0.079,1.75,,,Ⅱ
2023-06-04T04:00:00+08:00,1685822400,24.8,7.75,6.1,335.8,33.8,2.48,0.052,0.079,1.75,,,Ⅱ
2023-06-04T08:00:00+08:00,1685836800,24.8,7.76,6.16,333.2,58.9,2.26,0.073,0.071,1.76,,,Ⅱ
2023-06-04T12:00:00+08:00,1685851200,24.9,7.77,6.27,333.3,30.5,2.36,0.045,0.079,1.82,,,Ⅱ
2023-06-04T16:00:00+08:00,1685865600,24.8,7.79,6.3,332.6,43.9,2.19,0.054,0.069,1.71,,,Ⅱ
2023-06-04T20:00:00+08:00,1685880000,24.7,7.7,5.93,337.3,34.7,2.24,0.033,0.073,1.74,,,Ⅲ
2023-06-05T00:00:00+08:00,1685894400,24.4,7.76,6.26,332.3,28.0,2.29,0.109,0.075,1.72,,,Ⅱ
2023-06-05T04:00:00+08:00,1685908800,24.2,7.78,6.35,331.0,29.8,2.29,0.109,0.075,1.72,,,Ⅱ
2023-06-05T08:00:00+08:00,1685923200,24.1,7.78,6.37,327.1,50.0,2.21,0.055,0.068,1.7,,,Ⅱ
2023-06-05T12:00:00+08:00,1685937600,24.3,7.75,6.22,326.8,31.1,2.35,0.074,0.081,1.9,,,Ⅱ
2023-06-05T16:00:00+08:00,1685952000,24.3,7.77,6.32,325.3,27.6,2.36,0.086,0.077,1.8,,,Ⅱ
2023-06-05T20:00:00+08:00,1685966400,24.1,7.73,6.14,336.1,32.8,2.26,0.058,0.069,1.65,,,Ⅱ
2023-06-06T00:00:00+08:00,1685980800,24.1,7.72,5.95,329.8,26.3,2.33,0.097,0.078,1.84,,,Ⅲ
2023-06-06T04:00:00+08:00,1685995200,24.0,7.72,5.94,330.3,25.9,2.33,0.097,0.078,1.84,,,Ⅲ
2023-06-06T08:00:00+08:00,1686009600,24.1,7.72,5.86,331.5,51.3,2.34,0.089,0.073,1.97,,,Ⅲ
2023-06-06T12:00:00+08:00,1686024000,24.8,7.75,5.93,317.9,38.7,2.5,0.103,0.086,1.91,,,Ⅲ
2023-06-06T16:00:00+08:00,1686038400,25.2,7.76,6.02,317.3,36.8,2.48,0.065,0.077,1.76,,,Ⅱ
2023-06-06T20:00:00+08:00,1686052800,25.1,7.74,5.95,323.0,45.3,2.36,0.049,0.072,1.78,,,Ⅲ
2023-06-07T00:00:00+08:00,1686067200,24.9,7.7,5.78,321.2,37.1,2.47,0.074,0.078,1.88,,,Ⅲ
2023-06-07T04:00:00+08:00,1686081600,24.8,7.73,5.74,321.7,36.7,2.47,0.074,0.078,1.88,,,Ⅲ
2023-06-07T08:00:00+08:00,1686096000,24.7,7.65,5.36,323.6,51.8,2.42,0.074,0.075,1.82,,,Ⅲ
2023-06-07T12:00:00+08:00,1686110400,25.2,7.73,5.82,315.0,34.2,2.51,0.142,0.087,1.91,,,Ⅲ
2023-06-07T16:00:00+08:00,1686124800,25.5,7.75,5.93,316.1,29.5,2.32,0.05,0.072,1.71,,,Ⅲ
2023-06-07T20:00:00+08:00,1686139200,25.4,7.75,5.84,318.1,47.9,2.4,0.046,0.069,1.74,,,Ⅲ
2023-06-08T00:00:00+08:00,1686153600,25.3,7.68,5.49,321.7,31.0,2.51,0.07,0.078,1.78,,,Ⅲ
2023-06-08T04:00:00+08:00,1686168000,25.2,7.66,5.39,322.3,22.8,2.51,0.07,0.078,1.78,,,Ⅲ
2023-06-08T12:00:00+08:00,1686196800,25.8,7.56,5.82,324.0,33.2,2.47,0.093,0.084,1.85,,,Ⅲ
2023-06-08T16:00:00+08:00,1686211200,26.2,7.62,5.88,326.4,24.6,2.07,0.025,0.075,1.85,,,Ⅲ
2023-06-08T20:00:00+08:00,1686225600,26.1,7.62,5.81,325.8,26.9,2.06,0.043,0.074,1.66,,,Ⅲ
2023-06-09T00:00:00+08:00,1686240000,26.0,7.59,5.61,330.9,26.8,2.05,0.051,0.072,1.74,,,Ⅲ
2023-06-09T04:00:00+08:00,1686254400,25.9,7.6,5.72,329.3,26.0,2.05,0.051,0.072,1.74,,,Ⅲ
2023-06-09T08:00:00+08:00,1686268800,25.9,7.62,5.83,330.2,34.8,2.02,0.06,0.076,1.63,,,Ⅲ
2023-06-09T12:00:00+08:00,1686283200,26.2,7.64,5.98,331.2,41.5,2.15,0.063,0.08,1.71,,,Ⅲ
2023-06-09T16:00:00+08:00,1686297600,26.7,7.67,6.18,332.1,27.7,2.14,0.043,0.078,1.7,,,Ⅱ
2023-06-10T00:00:00+08:00,1686326400,26.5,7.53,5.37,336.9,26.2,2.02,0.037,0.067,1.61,,,Ⅲ
2023-06-10T04:00:00+08:00,1686340800,26.3,7.61,5.78,334.9,22.8,2.02,0.037,0.067,1.61,,,Ⅲ
2023-06-10T08:00:00+08:00,1686355200,26.4,7.61,5.82,335.1,27.9,2.01,0.065,0.069,1.56,,,Ⅲ
2023-06-10T12:00:00+08:00,1686369600,26.6,7.63,5.95,338.0,45.8,2.05,0.063,0.074,1.74,,,Ⅲ
2023-06-10T16:00:00+08:00,1686384000,26.9,7.69,6.3,338.4,27.4,2.1,0.061,0.077,1.72,,,Ⅱ
2023-06-10T20:00:00+08:00,1686398400,26.8,7.67,6.21,338.5,45.2,2.0,0.036,0.068,1.67,,,Ⅱ
2023-06-11T00:00:00+08:00,1686412800,26.7,7.66,6.06,337.8,31.0,2.07,0.038,0.072,1.66,,,Ⅱ
2023-06-11T04:00:00+08:00,1686427200,26.4,7.66,6.09,340.3,25.2,2.07,0.038,0.072,1.66,,,Ⅱ
2023-06-11T08:00:00+08:00,1686441600,26.4,7.68,6.25,341.1,53.7,1.91,0.043,0.066,1.64,,,Ⅱ
2023-06-11T12:00:00+08:00,1686456000,26.6,7.63,5.87,344.8,41.0,2.05,0.038,0.074,1.78,,,Ⅲ
2023-06-11T16:00:00+08:00,1686470400,26.8,7.71,6.41,344.1,34.0,2.05,0.076,0.079,1.73,,,Ⅱ
2023-06-11T20:00:00+08:00,1686484800,26.7,7.7,6.32,344.2,39.8,1.85,0.038,0.07,1.76,,,Ⅱ
2023-06-12T00:00:00+08:00,1686499200,26.7,7.69,6.22,345.8,35.0,1.8,0.031,0.074,1.73,,,Ⅱ
2023-06-12T04:00:00+08:00,1686513600,26.5,7.68,6.15,347.3,26.9,1.8,0.031,0.074,1.73,,,Ⅱ
2023-06-12T08:00:00+08:00,1686528000,26.4,7.71,6.32,348.3,29.1,1.88,0.072,0.07,1.68,,,Ⅱ
2023-06-12T12:00:00+08:00,1686542400,26.6,7.71,6.36,349.7,47.7,2.01,0.044,0.073,1.75,,,Ⅱ
2023-06-12T16:00:00+08:00,1686556800,26.8,7.73,6.51,354.4,35.2,1.92,0.061,0.08,1.72,,,Ⅱ
2023-06-12T20:00:00+08:00,1686571200,26.7,7.72,6.42,355.4,30.2,1.96,0.073,0.076,1.78,,,Ⅱ
2023-06-13T00:00:00+08:00,1686585600,26.6,7.72,6.35,355.7,35.2,1.62,0.034,0.07,1.67,,,Ⅱ
2023-06-13T04:00:00+08:00,1686600000,26.4,7.69,6.11,356.8,33.6,1.62,0.034,0.07,1.67,,,Ⅱ
2023-06-13T08:00:00+08:00,1686614400,26.2,7.73,6.43,360.3,27.8,1.87,0.077,0.076,1.69,,,Ⅱ
2023-06-13T12:00:00+08:00,1686628800,26.6,7.76,6.6,361.6,33.3,1.82,0.038,0.068,1.78,,,Ⅱ
2023-06-13T16:00:00+08:00,1686643200,26.8,7.73,6.43,362.7,47.7,1.93,0.071,0.078,1.77,,,Ⅱ
2023-06-13T20:00:00+08:00,1686657600,26.5,7.74,6.45,366.3,71.8,2.01,0.066,0.08,1.78,,,Ⅱ
2023-06-14T00:00:00+08:00,1686672000,26.8,7.69,6.27,412.9,50.5,2.22,0.048,0.078,1.76,,,Ⅱ
2023-06-14T04:00:00+08:00,1686686400,26.6,7.7,6.46,373.2,53.5,2.22,0.048,0.078,1.76,,,Ⅱ
2023-06-14T08:00:00+08:00,1686700800,26.3,7.74,6.55,372.9,35.4,2.09,0.081,0.08,1.84,,,Ⅱ
2023-06-14T12:00:00+08:00,1686715200,26.7,7.73,6.63,375.4,32.8,1.7,0.039,0.068,1.86,,,Ⅱ
2023-06-14T16:00:00+08:00,1686729600,27.2,7.73,6.78,377.0,52.6,1.74,0.074,0.068,1.82,,,Ⅱ
2023-06-14T20:00:00+08:00,1686744000,26.9,7.77,6.77,375.7,69.7,1.92,0.089,0.079,1.85,,,Ⅱ
2023-06-15T00:00:00+08:00,1686758400,26.6,7.73,6.49,378.3,70.3,2.24,0.054,0.076,1.89,,,Ⅱ
2023-06-15T04:00:00+08:00,1686772800,26.6,7.74,6.68,380.8,52.5,2.24,0.054,0.076,1.89,,,Ⅱ
2023-06-15T08:00:00+08:00,1686787200,26.3,7.76,6.66,382.8,36.9,1.96,0.071,0.078,1.81,,,Ⅱ
2023-06-16T12:00:00+08:00,1686888000,26.4,7.77,6.76,389.0,29.2,1.79,0.034,0.07,1.7,,,Ⅱ
2023-06-16T16:00:00+08:00,1686902400,26.8,7.74,6.81,388.0,26.1,1.66,0.046,0.064,1.72,,,Ⅱ
2023-06-16T20:00:00+08:00,1686916800,26.7,7.78,6.88,388.8,82.5,1.74,0.071,0.078,1.69,,,Ⅱ
2023-06-17T00:00:00+08:00,1686931200,26.4,7.76,6.68,389.1,28.8,2.36,0.059,0.081,1.74,,,Ⅱ
2023-06-19T08:00:00+08:00,1687132800,24.4,7.24,3.32,425.0,53.1,7.59,0.961,0.27,5.68,,,Ⅳ
2023-06-19T12:00:00+08:00,1687147200,24.4,7.35,4.36,365.0,165.2,6.52,0.978,0.222,5.09,,,Ⅳ
2023-06-19T16:00:00+08:00,1687161600,24.4,7.58,4.77,381.9,476.3,7.48,0.856,0.367,6.66,,,Ⅴ
2023-06-19T20:00:00+08:00,1687176000,24.6,7.45,3.37,391.8,301.9,9.71,1.005,0.447,,,,劣Ⅴ
2023-06-20T00:00:00+08:00,1687190400,24.6,7.24,4.05,399.8,275.4,9.87,1.127,0.406,29.93,,,劣Ⅴ
2023-06-20T04:00:00+08:00,1687204800,24.6,7.24,4.49,452.3,166.9,9.87,1.127,0.406,29.93,,,劣Ⅴ
2023-06-20T12:00:00+08:00,1687233600,25.0,7.2,3.98,478.1,71.1,6.91,0.917,0.25,6.02,,,Ⅳ
2023-06-20T16:00:00+08:00,1687248000,25.4,7.2,3.97,413.7,129.2,7.8,0.978,0.331,5.7,,,Ⅴ
2023-06-20T20:00:00+08:00,1687262400,25.4,7.18,3.89,374.4,67.0,8.29,1.002,0.316,7.0,,,Ⅴ
2023-06-21T00:00:00+08:00,1687276800,25.3,7.16,3.74,375.6,61.8,7.02,0.947,0.235,6.35,,,Ⅳ
2023-06-21T04:00:00+08:00,1687291200,25.2,7.16,3.57,370.4,56.7,7.02,0.947,0.235,6.35,,,Ⅳ
2023-06-21T08:00:00+08:00,1687305600,25.4,7.14,3.45,364.8,47.5,6.76,0.962,0.217,5.76,,,Ⅳ
2023-06-21T12:00:00+08:00,1687320000,25.9,7.12,3.31,373.9,42.3,6.46,0.946,0.198,5.55,,,Ⅳ
2023-06-21T16:00:00+08:00,1687334400,26.4,7.1,3.66,367.4,48.5,6.61,0.91,0.206,5.21,,,Ⅳ
2023-06-21T20:00:00+08:00,1687348800,26.3,7.09,3.61,364.9,43.8,6.62,0.878,0.201,5.0,,,Ⅳ
2023-06-22T00:00:00+08:00,1687363200,26.3,7.08,3.46,359.7,46.8,6.6,0.869,0.196,5.06,,,Ⅳ
2023-06-22T04:00:00+08:00,1687377600,26.2,7.07,3.3,366.2,41.8,6.59,0.85,0.205,4.92,,,Ⅳ
2023-06-22T08:00:00+08:00,1687392000,26.3,7.08,3.31,366.8,39.5,6.51,0.869,0.204,4.79,,,Ⅳ
2023-06-22T12:00:00+08:00,1687406400,26.6,7.1,3.41,368.7,39.6,6.23,0.857,0.195,4.74,,,Ⅳ
2023-06-22T16:00:00+08:00,1687420800,26.8,7.13,3.54,372.2,61.1,6.25,0.869,0.2,4.84,,,Ⅳ
2023-06-22T20:00:00+08:00,1687435200,26.7,7.14,3.57,373.0,49.3,6.49,0.844,0.207,4.97,,,Ⅳ
2023-06-25T08:00:00+08:00,1687651200,26.0,7.55,4.93,384.5,33.4,2.6,0.192,0.109,2.12,,,Ⅳ
2023-06-25T12:00:00+08:00,1687665600,25.9,7.58,5.22,379.0,27.8,2.51,0.193,0.109,2.17,,,Ⅲ
2023-06-25T16:00:00+08:00,1687680000,26.1,7.58,5.27,385.3,32.5,2.42,0.192,0.104,2.13,,,Ⅲ
2023-06-25T20:00:00+08:00,1687694400,26.0,7.53,4.96,385.5,31.2,2.72,0.193,0.113,2.18,,,Ⅳ
2023-06-26T00:00:00+08:00,1687708800,25.9,7.49,4.6,382.2,30.4,2.82,0.236,0.117,2.27,,,Ⅳ
2023-06-26T04:00:00+08:00,1687723200,25.8,7.42,4.32,385.7,26.1,2.93,0.274,0.124,2.31,,,Ⅳ
2023-06-26T08:00:00+08:00,1687737600,25.8,7.43,4.28,388.8,24.8,3.38,0.325,0.135,2.36,,,Ⅳ
2023-06-26T12:00:00+08:00,1687752000,26.0,7.45,4.28,394.7,73.2,3.22,0.319,0.132,2.36,,,Ⅳ
2023-06-26T16:00:00+08:00,1687766400,26.3,7.42,4.49,399.8,43.5,4.0,0.354,0.159,2.61,,,Ⅳ
2023-06-26T20:00:00+08:00,1687780800,26.2,7.36,4.46,409.8,31.3,4.52,0.356,0.153,2.46,,,Ⅳ
2023-06-27T00:00:00+08:00,1687795200,26.1,7.25,3.98,419.1,34.1,5.01,0.398,0.154,2.56,,,Ⅳ
2023-06-27T04:00:00+08:00,1687809600,26.0,7.42,4.19,429.7,18.3,6.27,0.616,0.187,2.92,,,Ⅳ
2023-06-27T08:00:00+08:00,1687824000,26.3,7.45,4.43,431.0,15.8,3.17,0.383,0.128,2.51,,,Ⅳ
2023-06-27T12:00:00+08:00,1687838400,26.6,7.5,4.74,400.0,27.4,2.85,0.37,0.124,2.54,,,Ⅳ
2023-06-27T16:00:00+08:00,1687852800,27.2,7.65,5.66,377.1,30.2,2.83,0.249,0.123,2.37,,,Ⅲ
2023-06-27T20:00:00+08:00,1687867200,27.2,7.64,5.52,374.5,30.6,2.28,0.08,0.1,1.95,,,Ⅲ
2023-06-28T00:00:00+08:00,1687881600,27.3,7.56,5.2,382.0,32.2,2.18,0.067,0.096,1.91,,,Ⅲ
2023-06-28T04:00:00+08:00,1687896000,27.0,7.63,5.3,372.0,36.7,2.71,0.139,0.107,2.04,,,Ⅲ
2023-06-28T08:00:00+08:00,1687910400,27.1,7.65,5.46,367.4,26.0,2.32,0.088,0.1,1.83,,,Ⅲ
2023-06-28T12:00:00+08:00,1687924800,27.6,7.61,5.48,374.1,31.8,2.11,0.058,0.089,1.78,,,Ⅲ
2023-06-28T16:00:00+08:00,1687939200,27.8,7.66,5.54,364.2,42.5,2.56,0.106,0.099,1.87,,,Ⅲ
2023-06-28T20:00:00+08:00,1687953600,27.8,7.65,5.54,358.4,42.6,2.33,0.085,0.099,1.85,,,Ⅲ
2023-06-29T00:00:00+08:00,1687968000,27.7,7.63,5.39,360.4,37.1,2.35,0.055,0.092,1.83,,,Ⅲ
2023-06-29T04:00:00+08:00,1687982400,27.7,7.63,5.39,360.7,34.3,2.32,0.055,0.088,1.84,,,Ⅲ
2023-06-29T08:00:00+08:00,1687996800,27.9,7.59,5.34,368.5,31.3,2.33,0.054,0.088,1.77,,,Ⅲ
2023-06-29T12:00:00+08:00,1688011200,28.2,7.57,5.2,371.1,33.5,2.58,0.088,0.094,1.88,,,Ⅲ
2023-06-29T16:00:00+08:00,1688025600,28.2,7.58,5.25,370.5,36.4,2.78,0.107,0.098,1.88,,,Ⅲ
2023-06-29T20:00:00+08:00,1688040000,28.2,7.58,5.2,370.9,55.1,2.79,0.097,0.1,1.94,,,Ⅲ
2023-06-30T00:00:00+08:00,1688054400,28.1,7.59,5.15,370.4,49.1,3.05,0.102,0.116,2.07,,,Ⅲ
2023-06-30T04:00:00+08:00,1688068800,28.0,7.57,5.0,372.7,53.9,2.69,0.079,0.095,1.94,,,Ⅲ
2023-06-30T08:00:00+08:00,1688083200,27.9,7.6,5.11,371.1,50.6,2.66,0.083,0.089,1.95,,,Ⅲ
2023-06-30T12:00:00+08:00,1688097600,28.1,7.54,4.66,451.4,35.3,2.48,0.079,0.092,1.78,,,Ⅳ
2023-06-30T16:00:00+08:00,1688112000,28.1,7.52,4.45,460.2,30.9,3.32,0.169,0.146,2.48,,,Ⅳ
2023-06-30T20:00:00+08:00,1688126400,28.1,7.5,4.33,453.9,31.5,3.57,0.189,0.156,2.38,,,Ⅳ
2023-07-01T00:00:00+08:00,1688140800,28.0,7.5,4.2,454.9,38.2,3.5,0.17,0.152,2.39,,,Ⅳ
2023-07-01T04:00:00+08:00,1688155200,27.9,7.5,4.15,453.8,78.2,3.54,0.162,0.146,2.32,,,Ⅳ
2023-07-01T08:00:00+08:00,1688169600,27.9,7.52,4.26,442.7,107.7,3.5,0.168,0.134,2.45,,,Ⅳ
2023-07-01T12:00:00+08:00,1688184000,27.1,7.37,7.94,0.6,65.2,3.28,0.16,0.129,2.71,,,Ⅲ
2023-07-01T16:00:00+08:00,1688198400,28.4,7.47,4.07,387.8,55.9,2.87,0.11,0.114,3.34,,,Ⅳ
2023-07-01T20:00:00+08:00,1688212800,28.4,7.47,4.01,388.1,44.4,3.06,0.13,0.122,2.58,,,Ⅳ
2023-07-02T00:00:00+08:00,1688227200,28.3,7.47,3.97,386.6,36.4,2.98,0.121,0.117,2.5,,,Ⅳ
2023-07-02T04:00:00+08:00,1688241600,28.2,7.38,3.33,415.4,23.1,2.92,0.1,0.116,2.45,,,Ⅳ
2023-07-02T08:00:00+08:00,1688256000,28.1,7.61,5.06,364.2,35.9,2.72,0.279,0.135,2.46,,,Ⅲ
2023-07-02T12:00:00+08:00,1688270400,28.0,7.61,5.06,343.9,30.6,2.36,0.076,0.109,2.12,,,Ⅲ
2023-07-02T16:00:00+08:00,1688284800,28.0,7.63,5.27,339.0,34.5,2.21,0.061,0.096,2.1,,,Ⅲ
2023-07-02T20:00:00+08:00,1688299200,27.9,7.62,5.2,339.6,41.1,2.29,0.049,0.095,2.03,,,Ⅲ
2023-07-03T00:00:00+08:00,1688313600,27.9,7.6,5.0,348.1,35.6,2.25,0.052,0.098,2.05,,,Ⅳ
2023-07-03T04:00:00+08:00,1688328000,27.8,7.6,4.98,345.1,39.1,2.35,0.085,0.105,2.12,,,Ⅳ
2023-07-03T08:00:00+08:00,1688342400,27.9,7.58,4.94,348.1,43.3,2.38,0.073,0.099,2.1,,,Ⅳ
2023-07-03T12:00:00+08:00,1688356800,28.4,7.62,5.33,350.3,30.3,2.43,0.064,0.097,2.28,,,Ⅲ
2023-07-03T16:00:00+08:00,1688371200,28.5,7.58,4.98,349.4,31.9,2.37,0.058,0.096,2.1,,,Ⅳ
2023-07-03T20:00:00+08:00,1688385600,28.5,7.56,4.75,348.3,37.3,2.55,0.065,0.099,2.22,,,Ⅳ
2023-07-04T00:00:00+08:00,1688400000,28.4,7.57,4.81,349.9,38.1,2.73,0.094,0.105,2.25,,,Ⅳ
2023-07-04T04:00:00+08:00,1688414400,28.3,7.56,4.64,353.4,27.6,2.81,0.108,0.112,2.16,,,Ⅳ
2023-07-04T08:00:00+08:00,1688428800,28.3,7.56,4.67,351.7,29.8,2.69,0.103,0.104,2.2,,,Ⅳ
2023-07-04T12:00:00+08:00,1688443200,28.9,7.6,5.13,350.7,33.1,2.41,0.069,0.099,2.15,,,Ⅲ
2023-07-04T16:00:00+08:00,1688457600,28.9,7.56,4.85,362.6,28.4,2.51,0.085,0.104,2.16,,,Ⅳ
2023-07-04T20:00:00+08:00,1688472000,28.8,7.49,4.3,378.1,30.3,2.55,0.17,0.112,2.2,,,Ⅳ
2023-07-05T00:00:00+08:00,1688486400,28.7,7.53,4.22,381.9,60.1,2.61,0.249,0.126,2.36,,,Ⅳ
2023-07-05T04:00:00+08:00,1688500800,28.6,7.49,4.2,378.0,30.5,2.62,0.261,0.128,2.39,,,Ⅳ
2023-07-05T08:00:00+08:00,1688515200,28.6,7.48,4.0,365.3,21.3,2.73,0.362,0.146,2.17,,,Ⅳ
2023-07-05T12:00:00+08:00,1688529600,29.1,7.52,4.21,351.3,30.0,2.52,0.274,0.132,2.1,,,Ⅳ
2023-07-05T16:00:00+08:00,1688544000,29.7,7.61,5.01,335.0,25.6,2.52,0.201,0.12,2.09,,,Ⅲ
2023-07-05T20:00:00+08:00,1688558400,29.4,7.56,4.56,328.5,35.5,2.36,0.136,0.108,2.06,,,Ⅳ
2023-07-06T00:00:00+08:00,1688572800,29.2,7.55,4.43,323.3,38.9,2.42,0.151,0.111,2.01,,,Ⅳ
2023-07-06T04:00:00+08:00,1688587200,29.1,7.58,4.66,316.8,29.8,2.28,0.144,0.098,2.0,,,Ⅳ
2023-07-06T08:00:00+08:00,1688601600,29.1,7.56,4.52,318.9,24.4,2.31,0.095,0.093,1.97,,,Ⅳ
2023-07-06T12:00:00+08:00,1688616000,29.3,7.58,4.58,312.8,26.8,2.22,0.093,0.092,1.9,,,Ⅳ
2023-07-06T16:00:00+08:00,1688630400,29.6,7.59,4.68,312.2,34.3,2.22,0.098,0.096,2.01,,,Ⅳ
2023-07-06T20:00:00+08:00,1688644800,29.5,7.59,4.68,313.9,31.8,2.28,0.105,0.098,2.06,,,Ⅳ
2023-07-07T00:00:00+08:00,1688659200,29.5,7.59,4.51,320.0,69.8,2.29,0.105,0.097,2.03,,,Ⅳ
2023-07-07T04:00:00+08:00,1688673600,29.4,7.6,4.7,319.1,53.1,2.29,0.129,0.087,2.11,,,Ⅳ
2023-07-07T08:00:00+08:00,1688688000,29.1,7.52,4.19,321.6,41.2,2.45,0.133,0.094,2.08,,,Ⅳ
2023-07-07T12:00:00+08:00,1688702400,28.9,7.47,4.0,329.7,37.0,2.72,0.168,0.105,2.14,,,Ⅳ
2023-07-07T20:00:00+08:00,1688731200,27.7,7.26,2.71,339.3,82.2,4.4,0.722,0.206,3.09,,,Ⅴ
2023-07-08T00:00:00+08:00,1688745600,27.5,7.26,2.72,339.0,72.1,6.04,0.808,0.248,3.77,,,Ⅴ
2023-07-08T04:00:00+08:00,1688760000,27.5,7.23,2.55,346.2,61.8,5.54,0.793,0.228,3.73,,,Ⅴ
2023-07-08T08:00:00+08:00,1688774400,27.5,7.25,2.56,349.1,46.2,5.5,0.805,0.219,3.62,,,Ⅴ
2023-07-08T12:00:00+08:00,1688788800,27.8,7.24,2.59,366.5,36.6,4.88,0.785,0.198,3.44,,,Ⅴ
2023-07-08T16:00:00+08:00,1688803200,28.0,7.2,2.52,364.0,35.9,5.12,0.804,0.197,3.32,,,Ⅴ
2023-07-08T20:00:00+08:00,1688817600,28.0,7.19,2.3,368.4,29.7,5.31,0.848,0.2,3.22,,,Ⅴ
2023-07-09T00:00:00+08:00,1688832000,27.9,7.27,2.14,374.3,82.5,5.69,0.923,0.2,3.46,,,Ⅴ
2023-07-09T04:00:00+08:00,1688846400,27.7,7.23,1.97,380.6,40.6,4.89,0.969,0.162,3.64,,,劣Ⅴ
2023-07-09T08:00:00+08:00,1688860800,27.6,7.25,2.48,375.1,41.2,4.65,0.938,0.175,3.59,,,Ⅴ
2023-07-09T12:00:00+08:00,1688875200,28.2,7.28,2.81,381.8,33.8,4.26,0.764,0.176,3.62,,,Ⅴ
2023-07-09T16:00:00+08:00,1688889600,28.8,7.27,2.62,382.7,27.3,4.12,0.604,0.181,3.41,,,Ⅴ
2023-07-09T20:00:00+08:00,1688904000,28.9,7.33,3.1,377.1,38.4,3.61,0.411,0.161,3.18,,,Ⅳ
2023-07-10T00:00:00+08:00,1688918400,29.0,7.41,3.57,371.4,95.0,3.47,0.34,0.158,3.05,,,Ⅳ
2023-07-10T04:00:00+08:00,1688932800,28.9,7.39,3.54,360.0,44.1,3.3,0.302,0.136,3.07,,,Ⅳ
2023-07-10T08:00:00+08:00,1688947200,29.0,7.42,3.66,349.4,47.6,3.26,0.269,0.146,2.7,,,Ⅳ
2023-07-10T12:00:00+08:00,1688961600,28.5,7.46,4.12,365.4,44.8,3.01,0.199,0.14,2.56,,,Ⅳ
2023-07-10T16:00:00+08:00,1688976000,28.9,7.43,3.84,358.5,39.3,3.23,0.233,0.156,2.67,,,Ⅳ
2023-07-10T20:00:00+08:00,1688990400,28.8,7.41,3.62,393.6,64.4,3.27,0.269,0.15,2.9,,,Ⅳ
2023-07-11T00:00:00+08:00,1689004800,28.4,7.37,3.43,391.3,59.8,4.01,0.316,0.17,3.16,,,Ⅳ
2023-07-11T04:00:00+08:00,1689019200,28.3,7.37,3.38,385.7,68.9,4.28,0.418,0.19,3.45,,,Ⅳ
2023-07-11T08:00:00+08:00,1689033600,28.3,7.36,3.33,386.7,73.7,4.1,0.395,0.193,3.5,,,Ⅳ
2023-07-11T12:00:00+08:00,1689048000,28.5,7.36,3.32,401.4,62.5,4.08,0.365,0.198,3.49,,,Ⅳ
2023-07-11T16:00:00+08:00,1689062400,29.0,7.32,3.28,388.7,60.0,4.24,0.402,0.204,3.43,,,Ⅳ
2023-07-11T20:00:00+08:00,1689076800,28.9,7.25,3.05,365.9,65.6,4.39,0.36,0.191,3.35,,,Ⅳ
2023-07-12T00:00:00+08:00,1689091200,28.9,7.27,2.9,367.1,109.4,5.48,0.639,0.215,3.96,,,Ⅴ
2023-07-12T04:00:00+08:00,1689105600,29.0,7.3,2.88,371.9,110.4,5.48,0.639,0.215,3.96,,,Ⅴ
2023-07-12T08:00:00+08:00,1689120000,29.1,7.28,2.97,376.2,76.4,5.23,0.651,0.183,4.01,,,Ⅴ
2023-07-12T12:00:00+08:00,1689134400,29.5,7.31,3.01,380.3,70.6,4.65,0.44,0.192,3.55,,,Ⅳ
2023-07-12T16:00:00+08:00,1689148800,29.7,7.3,2.92,379.8,55.1,4.28,0.317,0.177,3.15,,,Ⅴ
2023-07-12T20:00:00+08:00,1689163200,29.7,7.29,2.82,380.4,44.2,4.32,0.394,0.184,3.16,,,Ⅴ
2023-07-13T00:00:00+08:00,1689177600,29.6,7.37,2.69,392.8,75.0,4.32,0.394,0.184,3.16,,,Ⅴ
2023-07-13T04:00:00+08:00,1689192000,29.4,7.31,2.59,391.4,51.5,3.93,0.454,0.172,3.12,,,Ⅴ
2023-07-13T08:00:00+08:00,1689206400,29.3,7.29,2.48,389.9,41.4,3.78,0.469,0.175,3.09,,,Ⅴ
2023-07-13T12:00:00+08:00,1689220800,29.3,7.3,2.74,392.7,39.3,3.7,0.453,0.174,3.12,,,Ⅴ
2023-07-13T16:00:00+08:00,1689235200,29.4,7.31,2.69,398.9,72.7,3.65,0.471,0.181,3.22,,,Ⅴ
2023-07-13T20:00:00+08:00,1689249600,29.4,7.29,2.48,408.9,39.0,3.71,0.562,0.181,3.2,,,Ⅴ
2023-07-14T00:00:00+08:00,1689264000,29.4,7.32,2.24,420.9,78.4,3.71,0.562,0.181,3.2,,,Ⅴ
2023-07-14T04:00:00+08:00,1689278400,29.3,7.3,2.09,421.9,55.6,3.44,0.847,0.184,3.29,,,Ⅴ
2023-07-14T08:00:00+08:00,1689292800,29.4,7.3,2.14,418.4,82.8,3.66,0.901,0.2,3.43,,,Ⅴ
2023-07-14T12:00:00+08:00,1689307200,29.7,7.31,2.4,408.7,30.2,3.3,0.788,0.188,2.91,,,Ⅴ
2023-07-14T16:00:00+08:00,1689321600,29.9,7.34,2.61,408.7,24.3,3.19,0.773,0.185,2.9,,,Ⅴ
2023-07-14T20:00:00+08:00,1689336000,29.8,7.37,2.69,363.8,31.6,3.24,0.642,0.197,2.57,,,Ⅴ
2023-07-15T00:00:00+08:00,1689350400,29.7,7.48,3.84,330.9,29.7,3.24,0.642,0.197,2.57,,,Ⅳ
2023-07-15T04:00:00+08:00,1689364800,29.5,7.52,4.06,314.0,35.5,2.58,0.138,0.12,2.32,,,Ⅳ
2023-07-15T08:00:00+08:00,1689379200,29.5,7.55,4.28,305.4,46.2,2.42,0.118,0.121,2.19,,,Ⅳ
2023-07-15T12:00:00+08:00,1689393600,29.4,7.59,4.55,296.0,40.7,2.27,0.083,0.107,2.12,,,Ⅳ
2023-07-15T16:00:00+08:00,1689408000,29.4,7.6,4.8,294.8,45.7,2.27,0.086,0.108,2.05,,,Ⅳ
2023-07-15T20:00:00+08:00,1689422400,29.4,7.62,4.8,296.9,51.9,2.4,0.057,0.111,2.02,,,Ⅳ
2023-07-16T00:00:00+08:00,1689436800,29.3,7.64,4.88,301.7,40.4,2.4,0.057,0.111,2.02,,,Ⅳ
2023-07-16T04:00:00+08:00,1689451200,29.2,7.62,4.73,303.4,55.3,2.63,0.087,0.112,2.09,,,Ⅳ
2023-07-16T08:00:00+08:00,1689465600,28.9,7.67,5.14,295.3,61.6,2.55,0.053,0.112,2.09,,,Ⅲ
2023-07-16T12:00:00+08:00,1689480000,29.0,7.67,5.19,298.4,38.5,2.35,0.077,0.096,2.1,,,Ⅲ
2023-07-16T16:00:00+08:00,1689494400,29.0,7.66,5.15,296.7,36.6,2.3,0.054,0.094,1.98,,,Ⅲ
2023-07-16T20:00:00+08:00,1689508800,29.0,7.66,4.98,297.9,53.5,2.62,0.081,0.102,1.99,,,Ⅳ
2023-07-17T00:00:00+08:00,1689523200,28.8,7.65,4.94,298.6,39.7,2.62,0.081,0.102,1.99,,,Ⅳ
2023-07-17T04:00:00+08:00,1689537600,28.7,7.64,4.87,300.3,40.0,2.42,0.132,0.104,2.13,,,Ⅳ
2023-07-17T08:00:00+08:00,1689552000,28.1,7.68,5.36,290.6,64.8,2.7,0.17,0.126,2.24,,,Ⅲ
2023-07-17T12:00:00+08:00,1689566400,27.1,7.43,4.49,278.9,325.3,7.31,0.69,0.308,4.64,,,Ⅴ
2023-07-17T16:00:00+08:00,1689580800,27.4,7.41,4.57,295.6,142.0,6.4,0.69,0.284,4.16,,,Ⅴ
2023-07-17T20:00:00+08:00,1689595200,27.6,7.35,4.44,302.9,118.4,6.3,0.838,0.261,4.16,,,Ⅳ
2023-07-18T00:00:00+08:00,1689609600,27.6,7.3,4.48,286.5,111.2,6.3,0.838,0.261,4.16,,,Ⅳ
2023-07-18T04:00:00+08:00,1689624000,27.6,7.3,4.28,285.8,107.4,6.64,0.918,0.27,4.22,,,Ⅳ
2023-07-18T08:00:00+08:00,1689638400,27.8,7.33,3.81,303.7,78.4,5.32,0.819,0.23,3.73,,,Ⅳ
2023-07-18T12:00:00+08:00,1689652800,28.0,7.33,3.34,335.3,63.1,4.96,0.839,0.207,3.51,,,Ⅳ
2023-07-18T16:00:00+08:00,1689667200,28.4,7.35,3.09,346.9,56.6,4.5,0.958,0.195,3.32,,,Ⅳ
2023-07-18T20:00:00+08:00,1689681600,28.2,7.32,2.86,334.2,49.5,4.25,0.883,0.198,3.54,,,Ⅴ
2023-07-19T00:00:00+08:00,1689696000,28.1,7.36,3.06,337.7,70.6,4.25,0.883,0.198,3.54,,,Ⅳ
2023-07-19T04:00:00+08:00,1689710400,28.1,7.35,3.2,337.4,48.6,3.62,0.561,0.18,3.17,,,Ⅳ
2023-07-19T08:00:00+08:00,1689724800,28.2,7.34,3.1,358.7,48.5,3.6,0.549,0.183,3.28,,,Ⅳ
2023-07-19T12:00:00+08:00,1689739200,28.6,7.39,3.33,351.8,40.1,3.25,0.434,0.165,2.88,,,Ⅳ
2023-07-19T16:00:00+08:00,1689753600,28.4,7.45,3.82,360.4,42.8,3.16,0.426,0.16,2.93,,,Ⅳ
2023-07-19T20:00:00+08:00,1689768000,28.4,7.51,3.55,339.4,57.6,3.28,0.461,0.165,2.82,,,Ⅳ
2023-07-20T00:00:00+08:00,1689782400,28.6,7.37,3.62,338.7,64.4,3.28,0.461,0.165,2.82,,,Ⅳ
2023-07-20T04:00:00+08:00,1689796800,28.4,7.5,3.68,398.6,63.9,4.74,0.658,0.234,3.55,,,Ⅳ
2023-07-20T08:00:00+08:00,1689811200,28.4,7.55,3.38,371.0,68.9,3.94,0.58,0.194,3.34,,,Ⅳ
2023-07-20T12:00:00+08:00,1689825600,28.2,7.42,3.46,351.6,71.0,6.08,1.096,0.251,4.41,,,Ⅳ
2023-07-20T16:00:00+08:00,1689840000,28.5,7.45,3.71,328.6,103.5,5.5,1.0,0.261,4.63,,,Ⅳ
2023-07-20T20:00:00+08:00,1689854400,28.6,7.4,3.48,335.8,59.0,5.14,0.839,0.219,3.78,,,Ⅳ
2023-07-21T00:00:00+08:00,1689868800,28.6,7.52,3.16,344.1,64.2,5.14,0.839,0.219,3.78,,,Ⅳ
2023-07-21T04:00:00+08:00,1689883200,28.6,7.52,3.02,348.8,64.1,5.07,0.876,0.19,3.65,,,Ⅳ
2023-07-21T08:00:00+08:00,1689897600,28.6,7.55,2.99,347.0,87.5,5.13,0.91,0.204,3.84,,,Ⅴ
2023-07-21T12:00:00+08:00,1689912000,28.9,7.32,2.84,345.2,84.0,4.96,0.794,0.211,3.71,,,Ⅴ
2023-07-21T16:00:00+08:00,1689926400,29.1,7.37,2.97,365.5,43.6,3.78,0.558,0.172,3.08,,,Ⅴ
2023-07-21T20:00:00+08:00,1689940800,29.1,7.48,3.04,376.2,89.8,3.79,0.536,0.18,3.21,,,Ⅳ
2023-07-22T00:00:00+08:00,1689955200,29.0,7.38,3.11,371.8,48.7,3.79,0.536,0.18,3.21,,,Ⅳ
2023-07-22T04:00:00+08:00,1689969600,29.0,7.41,3.26,369.3,47.0,3.6,0.446,0.175,3.09,,,Ⅳ
2023-07-22T08:00:00+08:00,1689984000,28.9,7.44,3.35,372.3,63.7,3.6,0.454,0.195,3.33,,,Ⅳ
2023-07-22T12:00:00+08:00,1689998400,28.8,7.3,3.42,342.3,82.0,4.73,0.548,0.243,3.52,,,Ⅳ
2023-07-22T16:00:00+08:00,1690012800,29.1,7.36,3.36,358.3,50.7,3.85,0.462,0.193,3.1,,,Ⅳ
2023-07-22T20:00:00+08:00,1690027200,29.1,7.38,3.46,363.4,49.0,3.46,0.403,0.174,2.99,,,Ⅳ
2023-07-23T00:00:00+08:00,1690041600,29.0,7.38,3.35,360.9,47.6,3.46,0.403,0.174,2.99,,,Ⅳ
2023-07-23T04:00:00+08:00,1690056000,29.0,7.36,3.16,368.4,42.1,3.45,0.528,0.178,3.14,,,Ⅳ
2023-07-23T08:00:00+08:00,1690070400,29.0,7.37,3.02,375.8,44.1,3.57,0.601,0.188,3.14,,,Ⅳ
2023-07-23T12:00:00+08:00,1690084800,29.3,7.36,3.02,386.6,63.7,3.68,0.734,0.198,3.22,,,Ⅳ
2023-07-23T16:00:00+08:00,1690099200,29.6,7.34,2.92,387.4,51.1,3.87,0.849,0.215,3.47,,,Ⅴ
2023-07-23T20:00:00+08:00,1690113600,29.5,7.37,2.72,380.4,37.8,3.57,0.82,0.194,3.2,,,Ⅴ
2023-07-24T00:00:00+08:00,1690128000,29.4,7.45,3.58,368.9,44.8,3.57,0.82,0.194,3.2,,,Ⅳ
2023-07-24T04:00:00+08:00,1690142400,29.3,7.53,4.18,362.9,40.4,2.6,0.112,0.144,2.4,,,Ⅳ
2023-07-24T08:00:00+08:00,1690156800,29.3,7.52,4.19,356.4,45.1,2.54,0.12,0.142,2.55,,,Ⅳ
2023-07-24T12:00:00+08:00,1690171200,29.4,7.63,4.94,336.9,99.0,2.94,0.076,0.163,2.63,,,Ⅳ
2023-07-24T16:00:00+08:00,1690185600,29.8,7.69,5.38,327.4,58.6,2.24,0.064,0.123,2.28,,,Ⅲ
2023-07-24T20:00:00+08:00,1690200000,29.8,7.68,5.38,326.5,36.1,1.97,0.056,0.105,2.12,,,Ⅲ
2023-07-25T00:00:00+08:00,1690214400,29.7,7.64,4.97,341.0,62.3,1.97,0.056,0.105,2.12,,,Ⅳ
2023-07-25T04:00:00+08:00,1690228800,29.4,7.68,5.2,324.9,42.3,1.92,0.047,0.104,2.04,,,Ⅲ
2023-07-25T08:00:00+08:00,1690243200,29.4,7.68,5.22,324.8,43.3,1.81,0.049,0.105,2.16,,,Ⅲ
2023-07-25T12:00:00+08:00,1690257600,29.8,7.66,5.2,330.9,77.9,2.5,0.085,0.15,2.37,,,Ⅲ
2023-07-25T16:00:00+08:00,1690272000,29.8,7.71,5.44,320.1,59.0,2.3,0.062,0.119,2.26,,,Ⅲ
2023-07-25T20:00:00+08:00,1690286400,29.8,7.71,5.46,319.9,33.8,1.83,0.057,0.1,2.12,,,Ⅲ
2023-07-26T00:00:00+08:00,1690300800,29.9,7.62,4.82,349.2,175.2,1.83,0.057,0.1,2.12,,,Ⅳ
2023-07-26T04:00:00+08:00,1690315200,29.5,7.71,5.42,314.7,45.9,2.0,0.044,0.108,2.16,,,Ⅲ
2023-07-26T12:00:00+08:00,1690344000,29.6,7.68,5.17,320.7,66.8,2.23,0.076,0.124,2.21,,,Ⅲ
2023-07-26T16:00:00+08:00,1690358400,29.6,7.71,5.47,316.6,43.4,1.91,0.091,0.106,2.17,,,Ⅲ
2023-07-26T20:00:00+08:00,1690372800,29.5,7.7,5.39,314.7,46.7,1.99,0.082,0.106,2.04,,,Ⅲ
2023-07-27T00:00:00+08:00,1690387200,29.4,7.66,5.09,325.8,65.2,1.99,0.082,0.106,2.04,,,Ⅲ
2023-07-27T04:00:00+08:00,1690401600,29.2,7.7,5.28,315.2,47.4,2.02,0.117,0.11,2.12,,,Ⅲ
2023-07-27T08:00:00+08:00,1690416000,29.2,7.7,5.23,313.8,36.4,1.67,0.109,0.103,1.79,,,Ⅲ
2023-07-27T12:00:00+08:00,1690430400,29.6,7.69,5.26,316.8,40.5,2.35,0.172,0.117,1.98,,,Ⅲ
2023-07-27T16:00:00+08:00,1690444800,29.9,7.56,4.08,339.4,30.3,2.23,0.44,0.141,2.05,,,Ⅳ
2023-07-27T20:00:00+08:00,1690459200,29.8,7.62,4.53,328.6,30.7,2.15,0.304,0.127,1.99,,,Ⅳ
2023-07-28T00:00:00+08:00,1690473600,29.7,7.62,4.55,327.1,34.7,2.15,0.304,0.127,1.99,,,Ⅳ
2023-07-28T04:00:00+08:00,1690488000,29.6,7.63,4.53,325.8,36.0,2.14,0.263,0.128,1.93,,,Ⅳ
2023-07-28T08:00:00+08:00,1690502400,29.5,7.64,4.72,324.0,101.9,2.34,0.231,0.147,2.13,,,Ⅳ
2023-07-28T12:00:00+08:00,1690516800,29.6,7.64,4.83,324.6,32.2,2.14,0.213,0.126,1.96,,,Ⅳ
2023-07-28T16:00:00+08:00,1690531200,29.6,7.66,4.95,324.1,55.8,2.47,0.219,0.135,2.18,,,Ⅳ
2023-07-28T20:00:00+08:00,1690545600,29.5,7.68,5.0,320.9,44.2,2.26,0.182,0.13,2.06,,,Ⅲ
2023-07-29T00:00:00+08:00,1690560000,29.3,7.66,4.94,320.1,36.3,2.26,0.182,0.13,2.06,,,Ⅳ
2023-07-29T04:00:00+08:00,1690574400,29.2,7.68,4.98,321.2,47.6,2.24,0.152,0.128,2.18,,,Ⅳ
2023-07-29T08:00:00+08:00,1690588800,29.1,7.68,5.06,323.1,41.9,2.14,0.134,0.128,2.06,,,Ⅲ
2023-07-29T12:00:00+08:00,1690603200,29.2,7.71,5.2,325.1,40.5,2.18,0.13,0.128,2.06,,,Ⅲ
2023-07-29T16:00:00+08:00,1690617600,29.3,7.73,5.43,325.1,37.0,2.18,0.116,0.124,2.11,,,Ⅲ
2023-07-29T20:00:00+08:00,1690632000,29.2,7.72,5.28,322.6,37.7,2.16,0.091,0.12,2.07,,,Ⅲ
2023-07-30T00:00:00+08:00,1690646400,29.1,7.72,5.24,322.4,38.0,2.16,0.091,0.12,2.07,,,Ⅲ
2023-07-30T04:00:00+08:00,1690660800,28.9,7.71,5.13,322.8,33.2,2.16,0.074,0.118,1.97,,,Ⅲ
2023-07-30T08:00:00+08:00,1690675200,29.0,7.72,5.07,322.9,30.0,1.98,0.064,0.115,1.94,,,Ⅲ
2023-07-30T12:00:00+08:00,1690689600,29.4,7.76,5.42,324.5,27.1,2.07,0.07,0.112,1.91,,,Ⅲ
2023-07-30T16:00:00+08:00,1690704000,29.2,7.72,5.1,324.8,43.6,2.35,0.096,0.134,1.99,,,Ⅲ
2023-07-30T20:00:00+08:00,1690718400,29.2,7.69,4.82,329.8,38.7,2.26,0.134,0.127,1.94,,,Ⅳ
2023-07-31T00:00:00+08:00,1690732800,29.1,7.71,4.87,331.9,61.4,2.26,0.134,0.127,1.94,,,Ⅳ
2023-07-31T04:00:00+08:00,1690747200,29.0,7.71,4.77,332.5,67.5,2.2,0.12,0.128,2.03,,,Ⅳ
2023-07-31T08:00:00+08:00,1690761600,29.1,7.74,4.78,337.1,85.0,2.11,0.134,0.126,2.08,,,Ⅳ
2023-07-31T12:00:00+08:00,1690776000,29.5,7.57,4.1,361.3,60.3,3.25,0.282,0.165,2.34,,,Ⅳ
2023-07-31T16:00:00+08:00,1690790400,29.9,7.62,4.27,347.2,52.1,2.39,0.128,0.134,2.07,,,Ⅳ
2023-07-31T20:00:00+08:00,1690804800,29.8,7.62,4.26,346.3,38.5,2.29,0.12,0.121,2.04,,,Ⅳ
2023-08-01T00:00:00+08:00,1690819200,29.7,7.64,4.59,338.7,45.0,2.29,0.12,0.121,2.04,,,Ⅳ
2023-08-01T04:00:00+08:00,1690833600,29.6,7.64,4.55,337.4,41.3,2.24,0.104,0.123,2.04,,,Ⅳ
2023-08-01T08:00:00+08:00,1690848000,29.6,7.63,4.45,338.1,41.4,2.14,0.148,0.126,2.13,,,Ⅳ
2023-08-01T12:00:00+08:00,1690862400,30.0,7.6,4.45,342.9,42.5,2.5,0.227,0.141,2.19,,,Ⅳ
2023-08-01T16:00:00+08:00,1690876800,30.1,7.67,4.94,332.2,50.8,2.33,0.15,0.159,2.02,,,Ⅳ
2023-08-01T20:00:00+08:00,1690891200,30.0,7.68,4.97,328.1,43.0,2.16,0.102,0.14,1.98,,,Ⅳ
2023-08-02T00:00:00+08:00,1690905600,30.0,7.65,4.79,332.1,48.2,2.16,0.102,0.14,1.98,,,Ⅳ
2023-08-02T04:00:00+08:00,1690920000,29.9,7.66,4.78,333.0,50.4,2.34,0.104,0.152,2.07,,,Ⅳ
2023-08-02T08:00:00+08:00,1690934400,29.9,7.65,4.59,342.5,39.9,2.06,0.114,0.154,2.09,,,Ⅳ
2023-08-02T12:00:00+08:00,1690948800,30.2,7.7,5.17,344.4,39.4,2.21,0.134,0.179,2.08,,,Ⅲ
2023-08-02T16:00:00+08:00,1690963200,30.6,7.73,5.37,335.1,49.3,2.17,0.113,0.201,2.1,,,Ⅳ
2023-08-02T20:00:00+08:00,1690977600,30.2,7.85,6.13,313.5,263.9,3.27,0.136,0.197,2.62,,,Ⅲ
2023-08-03T00:00:00+08:00,1690992000,29.9,7.79,5.67,301.1,83.9,3.27,0.136,0.197,2.62,,,Ⅲ
2023-08-03T04:00:00+08:00,1691006400,29.8,7.76,5.52,302.8,46.0,2.1,0.067,0.114,1.66,,,Ⅲ
2023-08-03T08:00:00+08:00,1691020800,29.8,7.75,5.49,301.1,112.0,2.55,0.087,0.15,2.1,,,Ⅲ
2023-08-03T12:00:00+08:00,1691035200,30.4,7.79,5.78,297.8,43.4,2.04,0.056,0.112,1.7,,,Ⅲ
2023-08-03T16:00:00+08:00,1691049600,30.8,7.73,5.5,303.3,34.4,2.04,0.128,0.112,1.69,,,Ⅲ
2023-08-03T20:00:00+08:00,1691064000,30.6,7.72,4.73,311.1,109.2,2.36,0.25,0.135,1.84,,,Ⅳ
2023-08-04T00:00:00+08:00,1691078400,30.4,7.77,5.21,304.7,58.0,2.36,0.25,0.135,1.84,,,Ⅲ
2023-08-04T04:00:00+08:00,1691092800,30.3,7.76,5.21,305.8,47.0,2.09,0.132,0.112,1.65,,,Ⅲ
2023-08-04T08:00:00+08:00,1691107200,30.3,7.77,5.43,302.4,48.3,2.11,0.098,0.114,1.68,,,Ⅲ
2023-08-04T12:00:00+08:00,1691121600,30.4,7.79,5.66,301.9,42.2,2.13,0.082,0.11,1.64,,,Ⅲ
2023-08-04T16:00:00+08:00,1691136000,30.9,7.78,5.72,303.2,33.6,2.01,0.091,0.103,1.62,,,Ⅲ
2023-08-04T20:00:00+08:00,1691150400,31.0,7.8,5.6,303.1,80.7,2.33,0.149,0.122,1.79,,,Ⅲ
2023-08-05T00:00:00+08:00,1691164800,30.9,7.8,5.59,302.7,132.0,2.33,0.149,0.122,1.79,,,Ⅲ
2023-08-05T04:00:00+08:00,1691179200,30.6,7.74,5.47,299.5,35.0,1.96,0.067,0.096,1.58,,,Ⅲ
2023-08-05T08:00:00+08:00,1691193600,30.5,7.73,5.3,297.6,62.3,2.1,0.086,0.113,1.74,,,Ⅲ
2023-08-05T12:00:00+08:00,1691208000,30.6,7.77,5.57,293.0,73.1,2.28,0.048,0.118,1.92,,,Ⅲ
2023-08-05T16:00:00+08:00,1691222400,31.1,7.76,5.49,295.2,40.5,2.02,0.071,0.101,1.82,,,Ⅲ
2023-08-05T20:00:00+08:00,1691236800,31.1,7.79,5.37,295.8,140.7,2.49,0.098,0.13,2.16,,,Ⅲ
2023-08-06T00:00:00+08:00,1691251200,30.9,7.81,5.34,295.6,208.3,2.49,0.098,0.13,2.16,,,Ⅲ
2023-08-06T04:00:00+08:00,1691265600,30.6,7.73,5.27,293.0,40.0,2.02,0.068,0.103,1.72,,,Ⅲ
2023-08-06T08:00:00+08:00,1691280000,30.6,7.73,5.23,292.3,76.5,2.24,0.067,0.122,1.84,,,Ⅲ
2023-08-06T12:00:00+08:00,1691294400,30.8,7.76,5.43,291.2,100.2,2.61,0.054,0.138,2.07,,,Ⅲ
2023-08-06T16:00:00+08:00,1691308800,30.9,7.76,5.45,294.8,47.0,2.14,0.082,0.11,1.87,,,Ⅲ
2023-08-06T20:00:00+08:00,1691323200,30.9,7.75,5.37,294.6,73.2,2.32,0.104,0.121,2.02,,,Ⅲ
2023-08-07T00:00:00+08:00,1691337600,30.8,7.76,5.4,295.2,74.2,2.32,0.104,0.121,2.02,,,Ⅲ
2023-08-07T04:00:00+08:00,1691352000,30.6,7.76,5.35,294.0,37.5,1.98,0.051,0.098,1.73,,,Ⅲ
2023-08-07T08:00:00+08:00,1691366400,30.5,7.76,5.38,293.6,54.1,1.93,0.047,0.109,1.83,,,Ⅲ
2023-08-07T12:00:00+08:00,1691380800,30.8,7.77,5.42,294.6,80.0,2.3,0.056,0.122,1.88,,,Ⅲ
2023-08-07T16:00:00+08:00,1691395200,31.1,7.79,5.61,293.8,41.1,2.03,0.052,0.102,1.72,,,Ⅲ
2023-08-07T20:00:00+08:00,1691409600,31.0,7.81,5.69,292.6,42.5,1.96,0.037,0.101,1.75,,,Ⅲ
2023-08-08T00:00:00+08:00,1691424000,30.9,7.81,5.67,296.2,78.2,1.96,0.037,0.101,1.75,,,Ⅲ
2023-08-08T04:00:00+08:00,1691438400,30.6,7.8,5.52,293.9,36.7,2.0,0.041,0.1,1.67,,,Ⅲ
2023-08-08T08:00:00+08:00,1691452800,30.5,7.83,5.73,293.4,35.3,1.78,0.029,0.094,1.72,,,Ⅲ
2023-08-08T12:00:00+08:00,1691467200,30.6,7.79,5.5,296.9,71.4,2.23,0.088,0.125,1.92,,,Ⅲ
2023-08-08T16:00:00+08:00,1691481600,31.2,7.83,5.78,293.7,42.4,1.99,0.049,0.117,1.82,,,Ⅲ
2023-08-08T20:00:00+08:00,1691496000,31.1,7.83,5.77,292.3,66.9,2.15,0.039,0.116,1.78,,,Ⅲ
2023-08-09T00:00:00+08:00,1691510400,31.1,7.83,5.71,298.2,195.6,2.15,0.039,0.116,1.78,,,Ⅲ
2023-08-09T04:00:00+08:00,1691524800,30.6,7.82,5.65,292.1,49.4,2.03,0.039,0.104,1.85,,,Ⅲ
2023-08-09T08:00:00+08:00,1691539200,30.6,7.85,5.82,291.8,32.9,1.77,0.028,0.092,1.64,,,Ⅲ
2023-08-09T12:00:00+08:00,1691553600,30.8,7.69,4.95,299.9,61.5,2.33,0.241,0.133,1.88,,,Ⅳ
2023-08-09T20:00:00+08:00,1691582400,30.9,7.83,5.82,293.8,41.5,2.0,0.042,0.101,1.78,,,Ⅲ
2023-08-10T04:00:00+08:00,1691611200,30.7,7.83,5.67,290.4,55.7,2.1,0.047,0.111,1.76,,,Ⅲ
2023-08-10T08:00:00+08:00,1691625600,30.7,7.84,5.85,289.8,34.1,1.72,0.03,0.096,1.66,,,Ⅲ
2023-08-10T12:00:00+08:00,1691640000,31.0,7.85,5.81,291.3,45.3,1.99,0.054,0.11,1.6,,,Ⅲ
2023-08-10T16:00:00+08:00,1691654400,31.4,7.82,5.81,294.8,36.9,2.0,0.114,0.111,1.82,,,Ⅲ
2023-08-10T20:00:00+08:00,1691668800,31.2,7.82,5.74,294.6,40.4,1.94,0.091,0.107,1.73,,,Ⅲ
2023-08-11T00:00:00+08:00,1691683200,31.1,7.83,5.69,296.6,85.0,2.25,0.093,0.122,1.93,,,Ⅲ
2023-08-11T04:00:00+08:00,1691697600,31.0,7.82,5.62,294.2,58.3,2.13,0.064,0.112,1.84,,,Ⅲ
2023-08-11T08:00:00+08:00,1691712000,31.0,7.82,5.64,292.9,35.9,1.79,0.047,0.097,1.73,,,Ⅲ
2023-08-11T12:00:00+08:00,1691726400,31.4,7.84,5.83,293.6,42.5,2.03,0.047,0.101,1.79,,,Ⅲ
2023-08-11T16:00:00+08:00,1691740800,31.7,7.8,5.74,294.2,43.0,1.96,0.073,0.109,1.72,,,Ⅲ
2023-08-11T20:00:00+08:00,1691755200,31.6,7.83,5.75,294.2,40.1,1.84,0.063,0.1,1.74,,,Ⅲ
2023-08-12T00:00:00+08:00,1691769600,31.4,7.84,5.65,295.0,49.3,1.81,0.065,0.096,1.65,,,Ⅲ
2023-08-12T04:00:00+08:00,1691784000,31.4,7.75,5.09,300.3,75.6,2.26,0.163,0.134,1.79,,,Ⅲ
2023-08-12T08:00:00+08:00,1691798400,31.2,7.83,5.71,297.0,37.7,1.96,0.046,0.098,1.71,,,Ⅲ
2023-08-12T12:00:00+08:00,1691812800,31.6,7.83,5.81,297.6,48.5,1.93,0.058,0.108,1.84,,,Ⅲ
2023-08-12T16:00:00+08:00,1691827200,32.0,7.84,5.86,298.5,60.8,2.12,0.091,0.116,2.02,,,Ⅲ
2023-08-12T20:00:00+08:00,1691841600,31.9,7.74,5.13,301.7,37.1,2.0,0.161,0.111,1.83,,,Ⅲ
2023-08-13T00:00:00+08:00,1691856000,32.0,7.91,6.28,305.3,49.0,2.1,0.143,0.116,1.77,,,Ⅲ
2023-08-13T04:00:00+08:00,1691870400,31.8,7.81,5.84,302.0,114.9,,,,,,,
2023-08-13T12:00:00+08:00,1691899200,32.0,7.82,5.76,302.7,38.4,2.24,0.068,0.144,2.21,,,Ⅲ
2023-08-13T16:00:00+08:00,1691913600,32.1,7.83,5.91,303.8,47.1,1.86,0.077,0.106,1.77,,,Ⅲ
2023-08-13T20:00:00+08:00,1691928000,31.9,7.82,5.98,306.2,55.0,1.8,0.077,0.108,1.83,,,Ⅲ
2023-08-14T00:00:00+08:00,1691942400,31.6,7.82,5.86,307.7,35.5,1.97,0.124,0.116,2.11,,,Ⅲ
2023-08-14T08:00:00+08:00,1691971200,31.3,7.85,5.92,307.4,46.9,2.03,0.072,0.12,2.05,,,Ⅲ
2023-08-14T12:00:00+08:00,1691985600,31.4,7.86,5.99,307.9,36.4,1.74,0.059,0.118,1.86,,,Ⅲ
2023-08-14T16:00:00+08:00,1692000000,31.9,7.88,6.15,309.4,42.1,1.68,0.046,0.098,1.71,,,Ⅱ
2023-08-14T20:00:00+08:00,1692014400,31.8,7.87,6.14,309.9,104.2,1.7,0.056,0.103,1.74,,,Ⅲ
2023-08-15T00:00:00+08:00,1692028800,31.5,7.84,5.86,312.0,47.9,1.84,0.082,0.111,1.94,,,Ⅲ
2023-08-15T04:00:00+08:00,1692043200,31.5,7.87,6.07,311.5,78.4,1.84,0.082,0.111,1.94,,,Ⅲ
2023-08-15T08:00:00+08:00,1692057600,31.3,7.87,5.9,312.0,65.0,1.95,0.055,0.12,1.87,,,Ⅲ
2023-08-15T12:00:00+08:00,1692072000,31.6,7.89,6.04,313.2,36.3,1.82,0.058,0.113,1.96,,,Ⅲ
2023-08-15T16:00:00+08:00,1692086400,32.2,7.91,6.32,314.0,48.2,1.78,0.046,0.102,1.7,,,Ⅲ
2023-08-15T20:00:00+08:00,1692100800,32.0,7.91,6.28,314.6,103.6,1.74,0.048,0.097,1.76,,,Ⅱ
2023-08-16T00:00:00+08:00,1692115200,31.6,7.88,6.03,316.0,123.0,1.9,0.051,0.11,1.92,,,Ⅲ
2023-08-16T04:00:00+08:00,1692129600,31.4,7.88,6.0,316.0,43.1,1.83,0.061,0.109,2.03,,,Ⅲ
2023-08-16T08:00:00+08:00,1692144000,31.4,7.88,5.95,317.3,77.4,1.74,0.047,0.098,1.74,,,Ⅲ
2023-08-16T12:00:00+08:00,1692158400,31.6,7.9,6.04,318.1,33.7,1.94,0.049,0.118,1.86,,,Ⅲ
2023-08-16T16:00:00+08:00,1692172800,31.9,7.9,6.19,318.7,33.6,1.55,0.038,0.094,1.66,,,Ⅱ
2023-08-16T20:00:00+08:00,1692187200,31.8,7.9,6.22,319.2,67.4,1.72,0.041,0.092,1.64,,,Ⅱ
2023-08-17T00:00:00+08:00,1692201600,31.5,7.88,6.0,322.8,37.1,1.98,0.046,0.111,1.78,,,Ⅲ
2023-08-17T04:00:00+08:00,1692216000,31.4,7.86,5.83,321.7,30.9,1.77,0.05,0.093,1.68,,,Ⅲ
2023-08-17T08:00:00+08:00,1692230400,31.3,7.86,5.85,324.2,83.4,1.69,0.052,0.091,1.76,,,Ⅲ
2023-08-17T12:00:00+08:00,1692244800,31.4,7.88,5.95,322.4,36.3,2.31,0.058,0.128,1.9,,,Ⅲ
2023-08-17T16:00:00+08:00,1692259200,31.6,7.87,5.86,322.9,32.1,1.72,0.04,0.098,1.62,,,Ⅲ
2023-08-17T20:00:00+08:00,1692273600,31.6,7.78,6.09,335.0,103.7,1.69,0.088,0.104,1.57,,,Ⅲ
2023-08-18T00:00:00+08:00,1692288000,31.2,7.71,5.86,335.2,30.4,1.95,0.068,0.126,1.89,,,Ⅲ
2023-08-18T04:00:00+08:00,1692302400,31.0,7.7,5.82,334.5,27.1,1.66,0.052,0.107,1.6,,,Ⅲ
2023-08-18T08:00:00+08:00,1692316800,31.0,7.7,5.81,333.3,89.0,1.58,0.049,0.099,1.58,,,Ⅲ
2023-08-18T12:00:00+08:00,1692331200,31.3,7.72,5.99,335.0,28.7,2.25,0.06,0.138,1.92,,,Ⅲ
2023-08-18T16:00:00+08:00,1692345600,31.5,7.73,6.1,334.9,27.5,1.64,0.041,0.097,1.57,,,Ⅱ
2023-08-18T20:00:00+08:00,1692360000,31.6,7.78,6.2,337.2,107.7,2.01,0.064,0.1,1.73,,,Ⅲ
2023-08-19T00:00:00+08:00,1692374400,31.2,7.73,5.92,337.0,63.1,2.0,0.07,0.121,1.8,,,Ⅲ
2023-08-19T04:00:00+08:00,1692388800,31.1,7.71,5.88,337.1,26.0,1.74,0.063,0.116,1.67,,,Ⅲ
2023-08-19T08:00:00+08:00,1692403200,31.2,7.71,5.92,337.6,85.7,1.66,0.046,0.096,1.53,,,Ⅲ
2023-08-19T12:00:00+08:00,1692417600,31.3,7.72,5.95,339.0,32.1,2.05,0.059,0.13,1.87,,,Ⅲ
2023-08-19T16:00:00+08:00,1692432000,31.6,7.75,6.17,339.9,24.2,1.69,0.04,0.101,1.64,,,Ⅲ
2023-08-19T20:00:00+08:00,1692446400,31.7,7.75,6.27,340.4,131.6,1.52,0.038,0.092,1.59,,,Ⅱ
2023-08-20T00:00:00+08:00,1692460800,31.2,7.74,6.06,340.8,34.3,1.93,0.053,0.116,1.78,,,Ⅲ
2023-08-20T04:00:00+08:00,1692475200,31.0,7.73,5.94,340.2,28.5,1.75,0.05,0.1,1.69,,,Ⅲ
2023-08-20T08:00:00+08:00,1692489600,31.2,7.73,6.18,344.3,61.6,1.59,0.044,0.09,1.63,,,Ⅱ
2023-08-20T12:00:00+08:00,1692504000,31.2,7.75,6.13,343.7,34.8,1.82,0.049,0.112,1.76,,,Ⅲ
2023-08-20T16:00:00+08:00,1692518400,31.6,7.77,6.28,343.0,28.9,1.66,0.038,0.096,1.74,,,Ⅱ
2023-08-20T20:00:00+08:00,1692532800,31.6,7.76,6.31,344.3,98.7,1.55,0.042,0.09,1.68,,,Ⅱ
2023-08-21T00:00:00+08:00,1692547200,31.3,7.76,6.29,346.1,54.3,1.78,0.054,0.111,1.97,,,Ⅲ
2023-08-21T04:00:00+08:00,1692561600,31.1,7.74,6.03,345.2,26.8,1.63,0.055,0.096,1.76,,,Ⅱ
2023-08-21T08:00:00+08:00,1692576000,31.2,7.73,6.08,345.8,49.4,1.63,0.053,0.089,1.64,,,Ⅱ
2023-08-21T12:00:00+08:00,1692590400,31.3,7.76,6.19,345.7,48.2,1.65,0.071,0.101,1.85,,,Ⅲ
2023-08-21T16:00:00+08:00,1692604800,31.6,7.79,6.44,346.4,28.4,1.87,0.038,0.102,1.88,,,Ⅲ
2023-08-21T20:00:00+08:00,1692619200,31.6,7.72,6.04,345.2,37.2,1.66,0.042,0.091,1.74,,,Ⅱ
2023-08-22T00:00:00+08:00,1692633600,31.4,7.78,6.32,346.6,38.5,1.7,0.124,0.1,1.81,,,Ⅱ
2023-08-22T04:00:00+08:00,1692648000,31.1,7.76,6.14,346.7,33.1,1.73,0.055,0.096,1.78,,,Ⅱ
2023-08-22T08:00:00+08:00,1692662400,31.1,7.76,6.16,346.2,28.0,1.57,0.048,0.103,1.72,,,Ⅲ
2023-08-22T12:00:00+08:00,1692676800,30.9,7.76,6.17,346.9,55.7,1.48,0.071,0.09,1.72,,,Ⅱ
2023-08-22T16:00:00+08:00,1692691200,30.8,7.75,6.09,347.9,35.1,1.82,0.085,0.104,1.89,,,Ⅲ
2023-08-22T20:00:00+08:00,1692705600,30.7,7.72,5.91,349.0,29.2,1.68,0.079,0.095,1.76,,,Ⅲ
2023-08-23T00:00:00+08:00,1692720000,30.5,7.73,5.76,347.9,88.8,1.61,0.138,0.112,1.88,,,Ⅲ
2023-08-23T04:00:00+08:00,1692734400,30.4,7.73,5.8,347.7,22.8,1.61,0.102,0.111,1.92,,,Ⅲ
2023-08-23T08:00:00+08:00,1692748800,30.3,7.73,5.86,348.0,26.6,1.48,0.052,0.09,1.73,,,Ⅲ
2023-08-23T12:00:00+08:00,1692763200,30.6,7.73,5.83,349.4,41.6,1.55,0.055,0.092,1.72,,,Ⅲ
2023-08-23T16:00:00+08:00,1692777600,31.1,7.78,6.27,347.8,49.2,1.65,0.092,0.106,1.9,,,Ⅲ
2023-08-23T20:00:00+08:00,1692792000,30.8,7.77,6.1,348.3,31.5,1.84,0.058,0.099,1.86,,,Ⅱ
2023-08-24T00:00:00+08:00,1692806400,30.8,7.74,6.02,347.6,42.0,1.55,0.059,0.093,1.74,,,Ⅱ
2023-08-24T04:00:00+08:00,1692820800,30.5,7.73,5.79,346.6,20.9,1.76,0.078,0.105,1.8,,,Ⅲ
2023-08-24T08:00:00+08:00,1692835200,30.5,7.74,5.89,346.3,21.8,1.52,0.038,0.088,1.64,,,Ⅲ
2023-08-24T12:00:00+08:00,1692849600,30.6,7.64,5.25,349.6,34.2,1.44,0.029,0.09,1.64,,,Ⅲ
2023-08-24T16:00:00+08:00,1692864000,31.0,7.72,5.86,348.6,30.7,1.76,0.173,0.119,1.88,,,Ⅲ
2023-08-24T20:00:00+08:00,1692878400,30.8,7.72,5.84,348.6,23.7,1.54,0.06,0.101,1.76,,,Ⅲ
2023-08-25T00:00:00+08:00,1692892800,30.7,7.66,5.42,349.0,40.3,1.53,0.054,0.096,1.75,,,Ⅲ
2023-08-25T04:00:00+08:00,1692907200,30.4,7.74,5.92,349.8,22.7,1.97,0.223,0.134,1.86,,,Ⅲ
2023-08-25T08:00:00+08:00,1692921600,30.4,7.76,6.08,349.7,19.1,1.55,0.034,0.095,1.64,,,Ⅱ
2023-08-25T12:00:00+08:00,1692936000,30.8,7.77,6.17,350.0,41.6,1.4,0.032,0.087,1.63,,,Ⅱ
2023-08-25T16:00:00+08:00,1692950400,31.0,7.65,5.37,351.6,23.3,1.65,0.042,0.102,1.68,,,Ⅲ
2023-08-25T20:00:00+08:00,1692964800,30.8,7.65,5.37,351.6,24.6,1.78,0.27,0.12,1.7,,,Ⅲ
2023-08-26T00:00:00+08:00,1692979200,30.8,7.73,5.85,351.3,47.6,1.89,0.248,0.12,1.65,,,Ⅲ
2023-08-26T04:00:00+08:00,1692993600,30.4,7.77,6.07,350.7,24.6,1.7,0.102,0.117,1.72,,,Ⅲ
2023-08-26T08:00:00+08:00,1693008000,30.4,7.79,6.31,350.3,21.3,1.48,0.059,0.108,1.59,,,Ⅲ
2023-08-26T12:00:00+08:00,1693022400,30.6,7.81,6.45,351.7,31.2,1.4,0.034,0.089,1.59,,,Ⅱ
2023-08-26T16:00:00+08:00,1693036800,30.9,7.84,6.62,350.8,24.5,1.48,0.071,0.094,1.63,,,Ⅱ
2023-08-26T20:00:00+08:00,1693051200,30.7,7.84,6.54,352.0,23.2,1.48,0.031,0.09,1.65,,,Ⅱ
2023-08-27T00:00:00+08:00,1693065600,30.5,7.82,6.35,352.4,29.5,1.38,0.025,0.085,1.6,,,Ⅱ
2023-08-27T04:00:00+08:00,1693080000,30.3,7.81,6.22,352.7,29.7,1.44,0.04,0.088,1.56,,,Ⅱ
2023-08-27T08:00:00+08:00,1693094400,30.2,7.8,6.17,353.3,31.2,1.42,0.037,0.091,1.64,,,Ⅱ
2023-08-27T12:00:00+08:00,1693108800,30.3,7.84,6.47,353.6,26.9,1.4,0.05,0.09,1.59,,,Ⅱ
2023-08-27T16:00:00+08:00,1693123200,30.4,7.82,6.4,354.5,27.8,1.48,0.044,0.104,1.66,,,Ⅲ
2023-08-27T20:00:00+08:00,1693137600,30.3,7.76,5.98,354.8,21.5,1.57,0.066,0.103,1.59,,,Ⅲ
2023-08-28T00:00:00+08:00,1693152000,30.2,7.76,5.96,354.7,17.3,1.55,0.133,0.101,1.59,,,Ⅲ
2023-08-28T04:00:00+08:00,1693166400,30.1,7.73,5.79,354.4,19.6,1.57,0.121,0.097,1.6,,,Ⅲ
2023-08-28T08:00:00+08:00,1693180800,30.0,7.7,5.49,356.6,31.5,1.57,0.151,0.101,1.59,,,Ⅲ
2023-08-28T12:00:00+08:00,1693195200,29.8,7.73,5.74,354.3,24.6,1.67,0.222,0.112,1.62,,,Ⅲ
2023-08-28T16:00:00+08:00,1693209600,29.6,7.56,5.17,357.1,33.0,1.67,0.139,0.109,1.62,,,Ⅲ
2023-08-28T20:00:00+08:00,1693224000,29.5,7.7,5.66,391.5,35.4,2.18,0.325,0.129,1.84,,,Ⅲ
2023-08-29T00:00:00+08:00,1693238400,29.4,7.71,5.65,384.7,29.0,3.03,0.215,0.113,2.1,,,Ⅲ
2023-08-29T04:00:00+08:00,1693252800,29.2,7.7,5.62,383.9,26.9,3.03,0.215,0.113,2.1,,,Ⅲ
2023-08-29T08:00:00+08:00,1693267200,29.1,7.71,5.66,379.7,26.0,2.84,0.158,0.105,2.0,,,Ⅲ
2023-08-29T13:43:00+08:00,1693287780,,,,,,,,,,,,
2023-08-29T16:00:00+08:00,1693296000,29.2,7.74,5.69,363.2,41.5,2.84,0.158,0.105,2.0,,,Ⅲ
2023-08-29T20:00:00+08:00,1693310400,29.3,7.82,6.0,354.1,85.2,2.28,0.093,0.112,1.78,,,Ⅲ
2023-08-30T00:00:00+08:00,1693324800,29.3,7.84,5.94,350.0,85.6,2.07,0.089,0.114,1.96,,,Ⅲ
2023-08-30T04:00:00+08:00,1693339200,29.1,7.75,5.86,351.8,76.8,2.07,0.089,0.114,1.96,,,Ⅲ
2023-08-30T08:00:00+08:00,1693353600,29.0,7.73,5.74,351.6,72.6,2.36,0.06,0.125,2.06,,,Ⅲ
2023-08-30T12:00:00+08:00,1693368000,29.0,7.74,5.91,351.1,34.8,2.26,0.065,0.124,2.13,,,Ⅲ
2023-08-30T16:00:00+08:00,1693382400,29.1,7.75,6.06,351.7,35.2,2.06,0.061,0.1,1.93,,,Ⅲ
2023-08-30T20:00:00+08:00,1693396800,28.9,7.74,5.96,352.2,33.6,1.98,0.046,0.1,1.94,,,Ⅲ
2023-08-31T00:00:00+08:00,1693411200,28.8,7.74,5.82,356.8,98.8,1.92,0.041,0.094,1.88,,,Ⅲ
2023-08-31T04:00:00+08:00,1693425600,28.6,7.73,5.64,355.0,68.9,1.92,0.041,0.094,1.88,,,Ⅲ
2023-08-31T08:00:00+08:00,1693440000,28.5,7.68,5.51,357.2,43.5,1.87,0.076,0.097,1.88,,,Ⅲ
2023-08-31T12:00:00+08:00,1693454400,28.6,7.69,5.71,360.2,44.4,1.97,0.08,0.097,1.88,,,Ⅲ
2023-08-31T16:00:00+08:00,1693468800,28.7,7.75,5.95,361.7,48.8,2.02,0.105,0.1,1.86,,,Ⅲ
2023-08-31T20:00:00+08:00,1693483200,28.6,7.72,5.89,364.8,33.4,2.04,0.084,0.103,1.84,,,Ⅲ
2023-09-01T00:00:00+08:00,1693497600,28.4,7.72,5.84,365.5,50.4,1.92,0.083,0.101,1.76,,,Ⅲ
2023-09-01T04:00:00+08:00,1693512000,28.2,7.67,5.62,365.5,39.5,1.92,0.083,0.101,1.76,,,Ⅲ
2023-09-01T08:00:00+08:00,1693526400,28.2,7.67,5.49,362.6,40.6,1.92,0.092,0.098,1.79,,,Ⅲ
2023-09-01T12:00:00+08:00,1693540800,28.6,7.67,5.68,361.0,34.9,1.97,0.124,0.103,1.87,,,Ⅲ
2023-09-01T16:00:00+08:00,1693555200,29.0,7.76,6.02,357.9,113.1,2.11,0.164,0.112,1.91,,,Ⅲ
2023-09-01T20:00:00+08:00,1693569600,28.8,7.65,5.42,361.4,44.1,2.16,0.071,0.117,2.11,,,Ⅲ
2023-09-02T00:00:00+08:00,1693584000,28.6,7.69,4.86,356.6,80.3,2.14,0.22,0.117,2.02,,,Ⅳ
2023-09-02T04:00:00+08:00,1693598400,28.5,7.68,5.33,356.4,75.2,2.16,0.332,0.122,1.9,,,Ⅲ
2023-09-02T08:00:00+08:00,1693612800,28.4,7.7,5.62,356.4,791.1,2.22,0.226,0.119,1.92,,,Ⅲ
2023-09-02T12:00:00+08:00,1693627200,28.8,7.76,6.22,357.5,43.4,2.93,0.169,0.157,2.5,,,Ⅲ
2023-09-02T16:00:00+08:00,1693641600,29.0,7.75,5.92,356.5,50.7,2.18,0.108,0.114,1.91,,,Ⅲ
2023-09-02T20:00:00+08:00,1693656000,28.8,7.71,5.61,354.8,37.5,2.16,0.118,0.11,1.94,,,Ⅲ
2023-09-03T00:00:00+08:00,1693670400,28.8,7.8,5.36,351.0,75.9,2.16,0.141,0.108,1.82,,,Ⅲ
2023-09-03T04:00:00+08:00,1693684800,28.6,7.73,5.19,350.0,48.8,2.23,0.172,0.106,1.7,,,Ⅲ
2023-09-03T08:00:00+08:00,1693699200,28.6,7.71,5.44,350.6,57.4,2.18,0.156,0.113,1.59,,,Ⅲ
2023-09-03T12:00:00+08:00,1693713600,28.9,7.74,5.86,352.4,37.8,2.18,0.156,0.113,1.59,,,Ⅲ
2023-09-03T16:00:00+08:00,1693728000,29.1,7.83,6.44,352.2,56.4,2.23,0.129,0.109,1.65,,,Ⅲ
2023-09-03T20:00:00+08:00,1693742400,29.0,7.79,5.96,352.0,35.3,2.33,0.124,0.116,1.72,,,Ⅲ
2023-09-04T00:00:00+08:00,1693756800,29.0,7.93,5.94,350.3,56.4,2.23,0.13,0.108,1.6,,,Ⅲ
2023-09-04T04:00:00+08:00,1693771200,29.0,7.79,6.18,353.6,28.9,2.16,0.122,0.102,1.64,,,Ⅲ
2023-09-04T08:00:00+08:00,1693785600,29.0,7.79,6.05,354.1,54.6,2.07,0.093,0.1,1.69,,,Ⅱ
2023-09-04T12:00:00+08:00,1693800000,29.1,7.8,6.28,354.1,29.6,2.02,0.088,0.107,1.84,,,Ⅲ
2023-09-04T16:00:00+08:00,1693814400,29.1,7.82,6.62,356.9,58.9,2.18,0.098,0.102,1.69,,,Ⅲ
2023-09-04T20:00:00+08:00,1693828800,28.8,7.88,6.56,360.7,176.6,2.44,0.101,0.142,1.98,,,Ⅲ
2023-09-05T00:00:00+08:00,1693843200,28.2,7.79,6.41,364.6,120.8,2.43,0.052,0.125,2.24,,,Ⅲ
2023-09-05T04:00:00+08:00,1693857600,28.0,7.79,6.29,367.1,32.8,2.21,0.042,0.116,2.16,,,Ⅲ
2023-09-05T08:00:00+08:00,1693872000,28.0,7.77,6.11,366.5,40.7,1.83,0.036,0.092,1.88,,,Ⅱ
2023-09-05T12:00:00+08:00,1693886400,28.2,7.76,6.2,368.9,56.0,1.8,0.048,0.1,1.88,,,Ⅲ
2023-09-05T16:00:00+08:00,1693900800,28.5,7.79,6.4,367.9,36.3,2.1,0.04,0.105,1.96,,,Ⅲ
2023-09-05T20:00:00+08:00,1693915200,28.5,7.83,6.44,368.0,85.2,1.94,0.05,0.095,1.93,,,Ⅱ
2023-09-06T00:00:00+08:00,1693929600,28.3,7.81,6.5,368.2,59.0,2.16,0.054,0.106,1.92,,,Ⅲ
2023-09-06T04:00:00+08:00,1693944000,28.0,7.81,6.56,370.3,42.3,2.22,0.039,0.105,1.87,,,Ⅲ
2023-09-06T08:00:00+08:00,1693958400,27.9,7.79,6.45,371.8,35.4,1.85,0.034,0.092,1.84,,,Ⅱ
2023-09-06T12:00:00+08:00,1693972800,28.2,7.8,6.39,370.4,60.5,1.82,0.047,0.089,1.74,,,Ⅱ
2023-09-06T16:00:00+08:00,1693987200,28.6,7.83,6.73,371.6,32.5,2.15,0.042,0.104,1.9,,,Ⅲ
2023-09-06T20:00:00+08:00,1694001600,28.6,7.81,6.59,372.0,34.2,1.92,0.043,0.089,1.81,,,Ⅱ
2023-09-07T00:00:00+08:00,1694016000,28.4,7.83,6.72,367.8,65.5,1.93,0.056,0.093,1.87,,,Ⅱ
2023-09-07T04:00:00+08:00,1694030400,28.0,7.82,6.62,366.6,43.9,2.17,0.041,0.108,1.86,,,Ⅲ
2023-09-07T12:00:00+08:00,1694059200,28.3,7.81,6.63,369.4,36.6,1.73,0.048,0.088,1.7,,,Ⅱ
2023-09-07T16:00:00+08:00,1694073600,28.6,7.84,6.88,368.0,33.6,1.92,0.068,0.098,1.77,,,Ⅱ
2023-09-07T20:00:00+08:00,1694088000,28.5,7.88,6.65,368.1,45.8,1.94,0.05,0.095,1.72,,,Ⅱ
2023-09-08T00:00:00+08:00,1694102400,28.5,7.83,6.72,368.6,76.1,1.8,0.077,0.093,1.78,,,Ⅱ
2023-09-08T04:00:00+08:00,1694116800,27.9,7.81,6.72,360.8,38.5,2.04,0.057,0.104,1.91,,,Ⅲ
2023-09-08T08:00:00+08:00,1694131200,27.8,7.79,6.58,361.0,21.2,1.85,0.037,0.088,1.74,,,Ⅱ
2023-09-08T12:00:00+08:00,1694145600,28.3,7.79,6.66,363.1,24.4,1.61,0.053,0.08,1.7,,,Ⅱ
2023-09-08T16:00:00+08:00,1694160000,28.8,7.82,6.92,366.5,33.6,2.43,0.09,0.086,1.66,,,Ⅱ
2023-09-08T20:00:00+08:00,1694174400,28.5,7.81,6.87,367.7,27.1,1.87,0.079,0.092,1.72,,,Ⅱ
2023-09-09T00:00:00+08:00,1694188800,28.7,7.7,6.01,365.2,145.2,1.78,0.042,0.085,1.71,,,Ⅱ
2023-09-09T04:00:00+08:00,1694203200,28.0,7.81,6.78,354.1,59.7,2.23,0.21,0.119,1.92,,,Ⅲ
2023-09-09T08:00:00+08:00,1694217600,27.9,7.78,6.61,354.5,23.7,1.97,0.039,0.101,1.83,,,Ⅲ
2023-09-09T12:00:00+08:00,1694232000,28.3,7.8,6.77,355.8,39.0,1.63,0.053,0.087,1.58,,,Ⅱ
2023-09-09T16:00:00+08:00,1694246400,28.8,7.84,7.09,355.0,42.0,1.75,0.054,0.107,1.63,,,Ⅲ
2023-09-09T20:00:00+08:00,1694260800,28.4,7.79,6.72,355.2,41.3,2.02,0.071,0.102,1.66,,,Ⅲ
2023-09-10T00:00:00+08:00,1694275200,28.3,7.81,6.63,355.7,70.6,1.9,0.06,0.094,1.63,,,Ⅱ
2023-09-10T04:00:00+08:00,1694289600,28.2,7.8,6.68,359.5,50.8,1.94,0.083,0.103,1.71,,,Ⅲ
2023-09-10T08:00:00+08:00,1694304000,27.9,7.8,6.64,349.3,33.5,2.09,0.092,0.108,1.73,,,Ⅲ
2023-09-10T12:00:00+08:00,1694318400,28.3,7.79,6.98,353.2,47.1,2.09,0.092,0.108,1.73,,,Ⅲ
2023-09-10T16:00:00+08:00,1694332800,28.6,7.83,6.91,354.5,53.7,1.96,0.048,0.109,1.69,,,Ⅲ
2023-09-10T20:00:00+08:00,1694347200,28.4,7.81,6.7,353.2,42.6,1.93,0.071,0.108,1.67,,,Ⅲ
2023-09-11T00:00:00+08:00,1694361600,28.3,7.86,6.75,352.4,53.4,1.91,0.057,0.101,1.63,,,Ⅲ
2023-09-11T04:00:00+08:00,1694376000,28.5,7.65,5.47,354.1,67.4,1.87,0.05,0.097,1.57,,,Ⅲ
2023-09-11T08:00:00+08:00,1694390400,28.1,7.79,6.58,344.9,73.1,1.87,0.053,0.106,1.75,,,Ⅲ
2023-09-11T12:00:00+08:00,1694404800,28.4,7.82,6.87,343.7,37.8,1.87,0.053,0.106,1.75,,,Ⅲ
2023-09-11T16:00:00+08:00,1694419200,28.6,7.81,6.69,346.3,91.9,1.78,0.035,0.094,1.57,,,Ⅱ
2023-09-11T20:00:00+08:00,1694433600,28.6,7.76,6.13,345.4,78.5,2.04,0.125,0.105,1.66,,,Ⅲ
2023-09-12T00:00:00+08:00,1694448000,28.5,7.83,5.97,344.0,71.2,2.04,0.125,0.105,1.66,,,Ⅲ
2023-09-12T04:00:00+08:00,1694462400,28.4,7.8,5.82,346.0,80.2,1.9,0.146,0.103,1.59,,,Ⅲ
2023-09-12T08:00:00+08:00,1694476800,28.3,7.77,5.91,347.0,101.4,1.85,0.16,0.098,1.56,,,Ⅲ
2023-09-12T12:00:00+08:00,1694491200,28.2,7.77,6.4,352.2,46.1,1.97,0.136,0.107,1.72,,,Ⅲ
2023-09-12T16:00:00+08:00,1694505600,28.4,7.77,6.19,350.3,61.3,1.97,0.136,0.107,1.72,,,Ⅲ
2023-09-12T20:00:00+08:00,1694520000,28.1,7.92,6.28,343.8,120.8,2.18,0.122,0.107,1.75,,,Ⅲ
2023-09-13T00:00:00+08:00,1694534400,27.9,7.83,6.39,348.4,65.0,2.28,0.248,0.12,1.88,,,Ⅲ
2023-09-13T04:00:00+08:00,1694548800,27.8,7.86,6.28,348.7,84.5,2.02,0.162,0.105,1.7,,,Ⅲ
2023-09-13T08:00:00+08:00,1694563200,27.6,7.77,6.32,351.5,66.8,1.97,0.146,0.112,1.83,,,Ⅲ
2023-09-13T12:00:00+08:00,1694577600,27.6,7.66,5.84,356.0,42.7,2.31,0.197,0.114,1.74,,,Ⅲ
2023-09-13T16:00:00+08:00,1694592000,27.4,7.68,6.0,356.4,40.7,2.31,0.197,0.114,1.74,,,Ⅲ
2023-09-13T20:00:00+08:00,1694606400,27.4,7.67,5.73,359.9,87.1,2.43,0.203,0.125,1.87,,,Ⅲ
2023-09-14T00:00:00+08:00,1694620800,27.2,7.68,5.56,360.4,63.3,2.43,0.203,0.125,1.87,,,Ⅲ
2023-09-14T04:00:00+08:00,1694635200,27.1,7.68,5.6,362.2,164.0,2.41,0.248,0.119,1.82,,,Ⅲ
2023-09-14T08:00:00+08:00,1694649600,26.9,7.56,4.94,371.2,74.8,2.6,0.355,0.13,1.92,,,Ⅳ
2023-09-14T12:00:00+08:00,1694664000,26.8,7.5,4.44,377.9,51.1,3.51,0.516,0.167,2.15,,,Ⅳ
2023-09-14T16:00:00+08:00,1694678400,26.7,7.51,4.52,375.1,89.8,3.32,0.493,0.155,2.02,,,Ⅳ
2023-09-14T20:00:00+08:00,1694692800,26.6,7.56,4.48,373.3,112.2,3.26,0.538,0.156,2.17,,,Ⅳ
2023-09-15T00:00:00+08:00,1694707200,26.5,7.58,4.6,373.6,58.2,3.26,0.538,0.156,2.17,,,Ⅳ
2023-09-15T04:00:00+08:00,1694721600,26.4,7.58,4.47,372.3,65.9,2.83,0.463,0.126,1.92,,,Ⅳ
2023-09-15T08:00:00+08:00,1694736000,26.4,7.52,4.61,372.7,48.4,2.78,0.414,0.129,2.06,,,Ⅳ
2023-09-15T12:00:00+08:00,1694750400,26.4,7.52,4.59,373.8,59.5,2.96,0.384,0.134,1.94,,,Ⅳ
2023-09-15T16:00:00+08:00,1694764800,26.4,7.55,4.47,377.8,68.3,2.93,0.492,0.139,2.0,,,Ⅳ
2023-09-15T20:00:00+08:00,1694779200,26.4,7.56,4.49,382.8,90.8,3.21,0.535,0.151,2.13,,,Ⅳ
2023-09-16T00:00:00+08:00,1694793600,26.3,7.59,4.49,383.2,66.5,3.21,0.535,0.151,2.13,,,Ⅳ
2023-09-16T12:00:00+08:00,1694836800,26.2,7.51,4.39,394.4,56.4,3.18,0.374,0.138,2.06,,,Ⅳ
2023-09-16T16:00:00+08:00,1694851200,26.4,7.53,4.1,393.4,64.1,3.18,0.363,0.136,2.0,,,Ⅳ
2023-09-16T20:00:00+08:00,1694865600,26.3,7.5,4.03,394.8,62.8,3.42,0.398,0.141,2.13,,,Ⅳ
2023-09-17T00:00:00+08:00,1694880000,26.2,7.54,4.07,399.4,87.4,3.42,0.398,0.141,2.13,,,Ⅳ
2023-09-17T04:00:00+08:00,1694894400,26.1,7.55,4.4,403.1,61.7,3.06,0.364,0.123,2.02,,,Ⅳ
2023-09-17T08:00:00+08:00,1694908800,26.1,7.54,4.13,402.8,65.7,3.09,0.364,0.129,2.07,,,Ⅳ
2023-09-17T12:00:00+08:00,1694923200,26.7,7.48,4.44,405.7,49.6,2.84,0.242,0.13,2.34,,,Ⅳ
2023-09-17T16:00:00+08:00,1694937600,27.3,7.52,4.79,386.7,50.4,2.43,0.188,0.126,2.23,,,Ⅳ
2023-09-17T20:00:00+08:00,1694952000,27.3,7.59,4.91,378.6,100.9,2.68,0.24,0.139,2.24,,,Ⅳ
2023-09-18T00:00:00+08:00,1694966400,27.2,7.62,5.33,370.4,47.2,2.68,0.24,0.139,2.24,,,Ⅲ
2023-09-18T04:00:00+08:00,1694980800,27.1,7.61,5.64,366.9,37.0,2.2,0.1,0.109,1.8,,,Ⅲ
2023-09-18T08:00:00+08:00,1694995200,27.2,7.62,5.64,367.2,69.8,2.38,0.103,0.121,1.95,,,Ⅲ
2023-09-18T12:00:00+08:00,1695009600,27.7,7.63,5.8,357.0,51.9,2.47,0.07,0.113,1.85,,,Ⅲ
2023-09-18T16:00:00+08:00,1695024000,28.4,7.67,6.04,356.4,57.9,2.19,0.092,0.115,1.84,,,Ⅲ
2023-09-18T20:00:00+08:00,1695038400,28.2,7.63,5.63,352.6,64.6,2.46,0.087,0.121,1.91,,,Ⅲ
2023-09-19T00:00:00+08:00,1695052800,28.3,7.77,5.97,341.9,55.5,2.46,0.087,0.121,1.91,,,Ⅲ
2023-09-19T04:00:00+08:00,1695067200,28.2,7.73,6.01,340.7,45.2,1.92,0.032,0.12,1.66,,,Ⅲ
2023-09-19T08:00:00+08:00,1695081600,28.2,7.66,5.88,344.2,41.3,2.1,0.053,0.096,1.73,,,Ⅲ
2023-09-19T12:00:00+08:00,1695096000,28.4,7.71,6.06,342.4,42.4,2.05,0.045,0.096,1.63,,,Ⅱ
2023-09-19T16:00:00+08:00,1695110400,28.7,7.71,6.28,365.4,34.8,3.03,0.113,0.099,1.75,,,Ⅱ
2023-09-19T20:00:00+08:00,1695124800,28.5,7.69,6.06,361.5,47.3,2.27,0.054,0.097,1.7,,,Ⅱ
2023-09-20T00:00:00+08:00,1695139200,28.4,7.7,6.1,353.5,54.7,2.27,0.054,0.097,1.7,,,Ⅱ
2023-09-20T04:00:00+08:00,1695153600,28.4,7.72,6.21,344.9,44.7,2.14,0.04,0.091,1.64,,,Ⅱ
2023-10-08T12:00:00+08:00,1696737600,23.2,7.96,7.07,398.7,34.8,2.12,0.059,0.097,1.72,,,Ⅱ
2023-10-08T16:00:00+08:00,1696752000,23.3,7.95,7.03,401.6,41.9,2.63,0.073,0.104,1.83,,,Ⅲ
2023-10-08T20:00:00+08:00,1696766400,23.2,7.96,7.06,401.1,75.3,2.29,0.072,0.103,1.75,,,Ⅲ
2023-10-09T00:00:00+08:00,1696780800,23.4,7.99,7.04,399.5,90.2,2.29,0.072,0.103,1.75,,,Ⅲ
2023-10-09T04:00:00+08:00,1696795200,23.3,7.96,6.92,403.1,50.9,2.12,0.08,0.103,1.76,,,Ⅲ
2023-10-09T08:00:00+08:00,1696809600,23.2,7.98,6.96,401.1,40.2,2.12,0.08,0.103,1.76,,,Ⅲ
2023-10-10T08:00:00+08:00,1696896000,23.3,7.99,7.03,404.4,61.8,2.46,0.085,0.11,2.0,,,Ⅲ
2023-10-10T12:00:00+08:00,1696910400,23.4,8.01,7.14,404.3,59.7,2.17,0.045,0.108,1.94,,,Ⅲ
2023-10-10T16:00:00+08:00,1696924800,23.4,8.0,7.15,407.5,51.6,2.19,0.037,0.105,1.77,,,Ⅲ
2023-10-13T08:00:00+08:00,1697155200,22.6,7.95,7.02,380.8,91.2,2.61,0.06,0.121,1.96,,,Ⅲ
2023-10-13T12:00:00+08:00,1697169600,22.7,7.95,7.11,380.9,70.6,2.53,0.047,0.119,1.9,,,Ⅲ
2023-10-13T16:00:00+08:00,1697184000,22.9,7.96,7.1,384.8,54.3,2.54,0.057,0.116,1.8,,,Ⅲ
2023-10-13T20:00:00+08:00,1697198400,22.8,7.93,6.95,384.2,77.8,2.37,0.056,0.106,1.77,,,Ⅲ
2023-10-14T00:00:00+08:00,1697212800,22.6,7.94,6.99,376.9,62.6,2.6,0.061,0.118,1.84,,,Ⅲ
2023-10-14T04:00:00+08:00,1697227200,22.4,7.94,7.03,377.1,69.4,2.6,0.061,0.118,1.84,,,Ⅲ
2023-10-14T08:00:00+08:00,1697241600,22.3,7.92,6.92,378.3,81.6,2.38,0.062,0.111,1.93,,,Ⅲ
2023-10-14T12:00:00+08:00,1697256000,22.6,7.93,6.97,374.8,64.2,2.45,0.063,0.12,1.86,,,Ⅲ
2023-10-14T16:00:00+08:00,1697270400,22.7,7.95,7.04,374.1,57.1,2.37,0.059,0.112,1.79,,,Ⅲ
2023-10-14T20:00:00+08:00,1697284800,22.7,8.03,6.91,377.7,146.4,2.22,0.037,0.109,1.74,,,Ⅲ
2023-10-15T00:00:00+08:00,1697299200,22.4,7.95,6.94,372.8,74.4,2.63,0.076,0.13,1.99,,,Ⅲ
2023-10-15T04:00:00+08:00,1697313600,22.3,7.95,7.0,373.8,53.5,2.63,0.076,0.13,1.99,,,Ⅲ
2023-10-15T08:00:00+08:00,1697328000,22.2,7.91,6.77,375.8,84.0,2.22,0.036,0.106,1.66,,,Ⅲ
2023-10-15T12:00:00+08:00,1697342400,22.6,7.93,7.03,369.4,66.4,2.45,0.075,0.12,1.9,,,Ⅲ
2023-10-15T16:00:00+08:00,1697356800,22.8,7.67,7.1,369.7,71.6,2.35,0.047,0.134,1.77,,,Ⅲ
2023-10-15T20:00:00+08:00,1697371200,22.7,7.8,6.78,374.7,127.9,2.4,0.046,0.114,1.74,,,Ⅲ
2023-10-16T00:00:00+08:00,1697385600,22.4,7.76,6.96,367.1,69.6,2.65,0.09,0.124,2.04,,,Ⅲ
2023-10-16T04:00:00+08:00,1697400000,22.3,7.74,6.98,365.6,49.5,2.65,0.09,0.124,2.04,,,Ⅲ
2023-10-16T08:00:00+08:00,1697414400,22.2,7.64,6.2,378.0,80.7,2.2,0.038,0.098,1.78,,,Ⅱ
2023-10-16T12:00:00+08:00,1697428800,22.6,7.73,6.97,364.8,68.2,2.57,0.204,0.119,2.02,,,Ⅲ
2023-10-16T16:00:00+08:00,1697443200,22.8,7.75,7.08,370.2,62.5,2.5,0.054,0.108,1.8,,,Ⅲ
2023-10-16T20:00:00+08:00,1697457600,22.7,7.89,6.84,369.5,121.8,2.48,0.067,0.105,1.91,,,Ⅲ
2023-10-17T00:00:00+08:00,1697472000,22.6,7.77,6.9,363.2,73.2,2.54,0.084,0.116,1.92,,,Ⅲ
2023-10-17T04:00:00+08:00,1697486400,22.4,7.72,6.83,364.4,46.2,2.54,0.084,0.116,1.92,,,Ⅲ
2023-10-17T08:00:00+08:00,1697500800,22.3,7.66,6.33,377.1,73.4,2.29,0.067,0.103,1.78,,,Ⅲ
2023-10-17T12:00:00+08:00,1697515200,22.6,7.73,7.04,359.4,68.5,2.59,0.183,0.118,2.0,,,Ⅲ
2023-10-17T16:00:00+08:00,1697529600,22.8,7.76,7.19,357.7,54.0,2.56,0.055,0.11,1.94,,,Ⅲ
2023-10-17T20:00:00+08:00,1697544000,22.8,7.94,6.69,367.5,146.0,2.34,0.037,0.104,1.77,,,Ⅲ
2023-10-18T00:00:00+08:00,1697558400,22.5,7.75,7.05,354.9,116.4,2.85,0.128,0.14,2.0,,,Ⅲ
2023-10-18T04:00:00+08:00,1697572800,22.4,7.74,7.11,354.4,46.2,2.52,0.056,0.117,1.96,,,Ⅲ
2023-10-18T08:00:00+08:00,1697587200,22.3,7.71,6.82,364.9,59.9,2.24,0.038,0.1,1.68,,,Ⅱ
2023-10-18T12:00:00+08:00,1697601600,22.6,7.74,7.12,357.1,55.6,2.24,0.076,0.108,1.9,,,Ⅲ
2023-10-18T16:00:00+08:00,1697616000,22.9,7.76,7.11,354.7,52.9,2.32,0.053,0.106,1.75,,,Ⅲ
2023-10-18T20:00:00+08:00,1697630400,22.8,7.72,6.96,361.3,77.6,1.77,0.038,0.103,1.84,,,Ⅲ
2023-10-19T00:00:00+08:00,1697644800,22.6,7.74,7.12,352.1,60.0,2.37,0.082,0.12,1.98,,,Ⅲ
2023-10-19T04:00:00+08:00,1697659200,22.4,7.74,7.12,351.2,44.9,2.8,0.05,0.106,1.86,,,Ⅲ
2023-10-19T08:00:00+08:00,1697673600,22.4,7.73,7.06,353.0,57.8,2.25,0.05,0.105,1.85,,,Ⅱ
2023-10-19T12:00:00+08:00,1697688000,22.7,7.72,7.0,358.5,48.8,2.39,0.077,0.102,1.79,,,Ⅲ
2023-10-19T16:00:00+08:00,1697702400,23.0,7.74,7.09,354.3,254.7,2.67,0.061,0.118,2.02,,,Ⅲ
2023-10-19T20:00:00+08:00,1697716800,22.9,7.86,7.07,356.1,126.7,2.48,0.065,0.119,2.09,,,Ⅲ
2023-10-20T00:00:00+08:00,1697731200,22.6,7.78,7.2,350.9,62.7,2.48,0.065,0.119,2.09,,,Ⅲ
2023-10-20T04:00:00+08:00,1697745600,22.3,7.76,7.2,350.4,40.9,1.84,0.052,0.097,1.7,,,Ⅲ
2023-10-20T08:00:00+08:00,1697760000,22.1,7.77,7.24,351.1,56.0,2.02,0.049,0.102,1.78,,,Ⅱ
2023-10-20T12:00:00+08:00,1697774400,22.3,7.77,7.31,357.1,52.0,2.25,0.074,0.105,1.77,,,Ⅲ
2023-10-20T16:00:00+08:00,1697788800,22.6,7.8,7.37,359.3,48.6,2.15,0.057,0.102,1.8,,,Ⅲ
2023-10-20T20:00:00+08:00,1697803200,22.2,7.78,7.29,359.9,49.6,2.2,0.061,0.103,1.84,,,Ⅲ
2023-10-21T00:00:00+08:00,1697817600,22.2,7.78,7.32,354.4,52.8,2.2,0.061,0.103,1.84,,,Ⅲ
2023-10-21T04:00:00+08:00,1697832000,22.0,7.77,7.29,350.6,36.4,1.99,0.036,0.092,1.61,,,Ⅲ
2023-10-21T08:00:00+08:00,1697846400,21.8,7.78,7.34,350.8,35.5,1.99,0.032,0.09,1.62,,,Ⅱ
2023-10-21T12:00:00+08:00,1697860800,22.1,7.78,7.36,353.9,43.2,1.98,0.05,0.096,1.71,,,Ⅱ
2023-10-21T16:00:00+08:00,1697875200,22.4,7.78,7.31,352.7,32.3,1.9,0.05,0.091,1.63,,,Ⅱ
2023-10-21T20:00:00+08:00,1697889600,22.1,7.78,7.28,352.8,32.6,2.01,0.048,0.091,1.67,,,Ⅱ
2023-10-22T00:00:00+08:00,1697904000,22.1,7.75,7.12,355.0,44.7,2.01,0.048,0.091,1.67,,,Ⅱ
2023-10-22T04:00:00+08:00,1697918400,22.0,7.77,7.28,350.3,35.4,1.91,0.045,0.091,1.6,,,Ⅱ
2023-10-22T08:00:00+08:00,1697932800,21.9,7.77,7.29,350.9,172.1,2.76,0.07,0.132,2.04,,,Ⅲ
2023-10-22T12:00:00+08:00,1697947200,22.1,7.79,7.43,352.7,46.4,2.23,0.066,0.103,1.72,,,Ⅲ
2023-10-22T16:00:00+08:00,1697961600,22.4,7.81,7.47,355.6,48.7,2.16,0.055,0.104,1.69,,,Ⅲ
2023-10-22T20:00:00+08:00,1697976000,22.2,7.79,7.35,355.1,41.6,2.15,0.054,0.101,1.66,,,Ⅲ
2023-10-23T00:00:00+08:00,1697990400,22.0,7.69,6.45,366.2,56.4,2.15,0.054,0.101,1.66,,,Ⅲ
2023-10-23T04:00:00+08:00,1698004800,22.1,7.77,7.26,352.4,33.2,2.44,0.061,0.094,1.66,,,Ⅱ
2023-10-23T08:00:00+08:00,1698019200,22.0,7.78,7.29,352.7,35.1,2.02,0.041,0.091,1.61,,,Ⅱ
2023-10-23T12:00:00+08:00,1698033600,22.4,7.81,7.5,352.8,35.5,2.02,0.046,0.091,1.56,,,Ⅱ
2023-10-23T16:00:00+08:00,1698048000,22.6,7.73,7.44,353.3,32.9,2.15,0.049,0.104,1.66,,,Ⅲ
2023-10-23T20:00:00+08:00,1698062400,22.4,7.78,7.39,352.9,36.6,2.06,0.05,0.1,1.62,,,Ⅲ
2023-10-24T00:00:00+08:00,1698076800,22.3,7.76,7.25,357.0,38.3,2.06,0.05,0.1,1.62,,,Ⅲ
2023-10-24T04:00:00+08:00,1698091200,22.2,7.77,7.04,356.2,34.9,2.28,0.079,0.101,1.73,,,Ⅲ
2023-10-24T08:00:00+08:00,1698105600,22.2,7.78,7.21,354.4,26.9,1.96,0.045,0.092,1.56,,,Ⅱ
2023-10-24T12:00:00+08:00,1698120000,22.5,7.79,7.19,358.5,51.8,1.96,0.114,0.114,1.56,,,Ⅲ
2023-10-24T16:00:00+08:00,1698134400,22.8,7.8,7.23,357.3,46.9,2.14,0.087,0.111,1.83,,,Ⅲ
2023-10-24T20:00:00+08:00,1698148800,22.6,7.79,7.24,356.7,35.4,2.15,0.053,0.101,1.81,,,Ⅲ
2023-10-25T00:00:00+08:00,1698163200,22.5,7.79,7.22,356.7,36.0,2.15,0.053,0.101,1.81,,,Ⅲ
2023-10-25T04:00:00+08:00,1698177600,22.2,7.73,6.51,361.2,60.4,2.56,0.164,0.121,1.97,,,Ⅲ
2023-10-25T08:00:00+08:00,1698192000,22.3,7.78,7.07,356.5,153.5,3.89,0.114,0.192,2.98,,,Ⅲ
2023-10-25T12:00:00+08:00,1698206400,22.6,7.79,7.24,361.3,43.2,2.12,0.102,0.108,1.79,,,Ⅲ
2023-10-25T16:00:00+08:00,1698220800,22.7,7.79,7.12,360.2,49.4,2.39,0.083,0.106,1.83,,,Ⅲ
2023-10-25T20:00:00+08:00,1698235200,22.6,7.96,7.15,360.7,87.6,2.4,0.076,0.11,1.85,,,Ⅲ
2023-10-26T00:00:00+08:00,1698249600,22.5,7.95,7.09,360.8,78.2,2.4,0.076,0.11,1.85,,,Ⅲ
2023-10-26T04:00:00+08:00,1698264000,22.3,7.73,6.67,366.3,70.0,2.67,0.113,0.119,1.96,,,Ⅲ
2023-10-26T08:00:00+08:00,1698278400,22.2,7.8,7.18,360.1,36.6,2.05,0.046,0.092,1.77,,,Ⅱ
2023-10-26T12:00:00+08:00,1698292800,22.6,7.82,7.37,359.6,43.6,2.13,0.034,0.095,1.74,,,Ⅱ
2023-10-26T16:00:00+08:00,1698307200,22.8,7.82,7.35,360.2,55.1,2.37,0.052,0.104,1.84,,,Ⅲ
2023-10-26T20:00:00+08:00,1698321600,22.7,7.83,7.02,363.2,51.5,2.16,0.08,0.101,1.86,,,Ⅲ
2023-10-27T00:00:00+08:00,1698336000,22.5,7.97,7.24,361.8,80.3,2.16,0.08,0.101,1.86,,,Ⅲ
2023-10-27T04:00:00+08:00,1698350400,22.4,7.82,7.19,361.6,68.5,2.42,0.05,0.106,1.85,,,Ⅲ
2023-10-27T08:00:00+08:00,1698364800,22.4,7.81,7.32,360.7,44.5,2.07,0.036,0.095,1.81,,,Ⅱ
2023-10-27T12:00:00+08:00,1698379200,22.6,7.85,7.48,361.2,40.9,2.16,0.036,0.092,1.75,,,Ⅱ
2023-10-27T16:00:00+08:00,1698393600,22.6,7.84,7.39,362.4,48.9,2.21,0.046,0.097,1.75,,,Ⅱ
2023-10-27T20:00:00+08:00,1698408000,22.4,7.84,7.34,361.0,79.0,2.36,0.049,0.1,1.96,,,Ⅱ
2023-10-28T00:00:00+08:00,1698422400,22.3,7.83,7.24,359.7,43.7,2.36,0.049,0.1,1.96,,,Ⅱ
2023-10-28T04:00:00+08:00,1698436800,22.2,7.84,7.22,360.4,38.4,2.08,0.047,0.092,1.78,,,Ⅱ
2023-10-28T08:00:00+08:00,1698451200,22.1,7.82,7.15,360.9,45.4,2.09,0.053,0.095,1.85,,,Ⅱ
2023-10-28T12:00:00+08:00,1698465600,22.4,7.85,7.38,357.7,34.4,2.02,0.029,0.085,1.77,,,Ⅱ
2023-10-28T16:00:00+08:00,1698480000,22.6,7.83,7.41,359.5,58.0,2.06,0.048,0.093,1.81,,,Ⅱ
2023-10-28T20:00:00+08:00,1698494400,22.4,7.81,7.18,360.3,112.3,2.85,0.08,0.128,1.97,,,Ⅲ
2023-10-29T00:00:00+08:00,1698508800,22.3,7.81,7.23,356.2,71.0,2.85,0.08,0.128,1.97,,,Ⅲ
2023-10-29T04:00:00+08:00,1698523200,22.0,7.81,7.22,356.2,46.8,2.16,0.035,0.093,1.73,,,Ⅱ
2023-10-29T08:00:00+08:00,1698537600,21.9,7.78,7.07,358.8,39.8,2.02,0.065,0.092,1.83,,,Ⅱ
2023-10-29T12:00:00+08:00,1698552000,22.4,7.83,7.36,355.5,37.8,2.06,0.038,0.087,1.78,,,Ⅱ
2023-10-29T16:00:00+08:00,1698566400,22.6,7.84,7.43,354.8,32.0,2.02,0.029,0.088,1.73,,,Ⅱ
2023-10-29T20:00:00+08:00,1698580800,22.4,7.81,7.22,357.2,147.6,2.77,0.073,0.128,2.24,,,Ⅲ
2023-10-30T00:00:00+08:00,1698595200,22.4,7.8,7.28,354.4,31.4,2.77,0.073,0.128,2.24,,,Ⅲ
2023-10-30T04:00:00+08:00,1698609600,22.2,7.81,7.22,354.0,27.5,1.93,0.028,0.083,1.66,,,Ⅱ
2023-10-30T08:00:00+08:00,1698624000,22.0,7.78,6.96,358.9,42.9,2.06,0.091,0.096,1.81,,,Ⅱ
2023-10-30T12:00:00+08:00,1698638400,22.5,7.81,7.37,354.8,30.4,2.07,0.041,0.086,1.58,,,Ⅱ
2023-10-31T12:00:00+08:00,1698724800,22.6,7.81,7.3,354.7,31.4,1.85,0.051,0.084,1.71,,,Ⅱ
2023-10-31T16:00:00+08:00,1698739200,22.8,7.81,7.35,355.3,36.5,1.77,0.05,0.086,1.76,,,Ⅱ
2023-10-31T20:00:00+08:00,1698753600,22.6,7.77,6.81,360.3,146.2,2.44,0.134,0.124,2.11,,,Ⅲ
2023-11-01T00:00:00+08:00,1698768000,22.5,7.81,7.2,352.7,31.9,2.44,0.134,0.124,2.11,,,Ⅲ
2023-11-01T04:00:00+08:00,1698782400,22.3,7.81,7.16,352.9,24.6,1.73,0.025,0.078,1.63,,,Ⅱ
2023-11-01T08:00:00+08:00,1698796800,22.2,7.81,7.2,354.3,34.5,1.82,0.037,0.084,1.73,,,Ⅱ
2023-11-01T12:00:00+08:00,1698811200,22.5,7.8,7.15,359.2,28.1,1.9,0.083,0.085,1.74,,,Ⅱ
2023-11-01T16:00:00+08:00,1698825600,22.7,7.81,7.1,360.4,32.1,1.97,0.094,0.088,1.82,,,Ⅱ
2023-11-01T20:00:00+08:00,1698840000,22.6,7.81,7.28,357.8,114.4,2.37,0.076,0.109,2.07,,,Ⅲ
2023-11-02T00:00:00+08:00,1698854400,22.4,7.82,7.29,355.4,40.6,2.37,0.076,0.109,2.07,,,Ⅲ
2023-11-02T04:00:00+08:00,1698868800,22.2,7.82,7.17,354.2,33.1,1.82,0.031,0.084,1.64,,,Ⅱ
2023-11-02T08:00:00+08:00,1698883200,22.1,7.81,7.17,355.5,36.1,1.75,0.044,0.09,1.68,,,Ⅱ
2023-11-02T12:00:00+08:00,1698897600,22.4,7.75,6.66,366.0,29.3,1.97,0.255,0.097,1.79,,,Ⅱ
2023-11-02T16:00:00+08:00,1698912000,22.7,7.78,6.84,363.2,32.4,1.87,0.199,0.096,1.79,,,Ⅱ
2023-11-02T20:00:00+08:00,1698926400,22.4,7.78,6.88,362.4,37.9,1.99,0.17,0.099,1.86,,,Ⅱ
2023-11-03T00:00:00+08:00,1698940800,22.4,7.82,7.23,355.4,40.8,1.99,0.17,0.099,1.86,,,Ⅱ
2023-11-03T04:00:00+08:00,1698955200,22.3,7.81,7.1,353.4,29.5,1.78,0.036,0.085,1.62,,,Ⅱ
2023-11-03T08:00:00+08:00,1698969600,22.2,7.83,7.25,353.6,48.6,1.94,0.038,0.092,1.77,,,Ⅱ
2023-11-03T12:00:00+08:00,1698984000,22.6,7.83,7.43,352.0,50.3,2.57,0.062,0.134,2.15,,,Ⅲ
2023-11-03T16:00:00+08:00,1698998400,22.7,7.86,7.42,352.9,30.3,1.98,0.03,0.095,1.76,,,Ⅱ
2023-11-03T20:00:00+08:00,1699012800,22.6,7.84,7.26,355.0,147.8,2.57,0.086,0.118,2.14,,,Ⅲ
2023-11-04T00:00:00+08:00,1699027200,22.6,7.79,7.1,353.9,39.4,2.57,0.086,0.118,2.14,,,Ⅲ
2023-11-04T04:00:00+08:00,1699041600,22.5,7.81,7.12,351.5,29.1,1.87,0.032,0.086,1.69,,,Ⅱ
2023-11-04T08:00:00+08:00,1699056000,22.4,7.81,7.19,351.7,30.0,1.67,0.036,0.084,1.7,,,Ⅱ
2023-11-04T12:00:00+08:00,1699070400,22.5,7.82,7.24,351.2,33.4,1.9,0.044,0.089,1.66,,,Ⅱ
2023-11-04T16:00:00+08:00,1699084800,22.6,7.82,7.24,351.7,41.1,1.86,0.05,0.094,1.75,,,Ⅱ
2023-11-04T20:00:00+08:00,1699099200,22.5,7.82,7.09,356.5,401.2,3.53,0.13,0.129,2.8,,,Ⅲ
2023-11-05T00:00:00+08:00,1699113600,22.5,7.82,7.1,354.4,92.1,3.53,0.13,0.129,2.8,,,Ⅲ
2023-11-05T04:00:00+08:00,1699128000,22.5,7.83,7.06,351.7,37.2,2.04,0.051,0.091,1.68,,,Ⅱ
2023-11-05T08:00:00+08:00,1699142400,22.5,7.84,7.14,351.7,36.1,1.76,0.036,0.085,1.6,,,Ⅱ
2023-11-05T12:00:00+08:00,1699156800,22.8,7.87,7.33,353.2,73.2,2.07,0.072,0.099,1.82,,,Ⅱ
2023-11-05T16:00:00+08:00,1699171200,22.9,7.86,7.24,352.1,66.8,2.07,0.055,0.095,1.8,,,Ⅱ
2023-11-05T20:00:00+08:00,1699185600,22.7,7.86,7.3,352.7,62.6,1.99,0.055,0.092,1.78,,,Ⅱ
2023-11-06T00:00:00+08:00,1699200000,22.4,7.88,7.24,357.3,41.2,1.99,0.055,0.092,1.78,,,Ⅱ
2023-11-06T04:00:00+08:00,1699214400,22.0,7.82,6.88,358.4,27.2,1.97,0.126,0.087,1.63,,,Ⅱ
2023-11-06T08:00:00+08:00,1699228800,21.8,7.8,6.85,359.2,37.5,2.3,0.122,0.094,1.78,,,Ⅱ
2023-11-06T12:00:00+08:00,1699243200,21.9,7.85,7.2,359.8,46.1,2.08,0.137,0.096,1.69,,,Ⅱ
2023-11-06T16:00:00+08:00,1699257600,21.8,7.85,7.23,360.1,36.0,2.03,0.132,0.093,1.68,,,Ⅱ
2023-11-06T20:00:00+08:00,1699272000,21.5,7.81,6.98,361.6,32.4,1.95,0.151,0.095,1.75,,,Ⅱ
2023-11-07T00:00:00+08:00,1699286400,21.2,7.84,7.18,360.8,52.6,1.95,0.151,0.095,1.75,,,Ⅱ
2023-11-07T04:00:00+08:00,1699300800,21.1,7.85,7.19,357.9,31.3,1.88,0.082,0.091,1.68,,,Ⅱ
2023-11-07T08:00:00+08:00,1699315200,20.9,7.87,7.28,357.0,31.9,1.84,0.052,0.088,1.77,,,Ⅱ
2023-11-07T12:00:00+08:00,1699329600,21.2,7.9,7.52,357.2,35.3,1.84,0.064,0.092,1.78,,,Ⅱ
2023-11-07T16:00:00+08:00,1699344000,21.3,7.87,7.35,358.5,38.6,1.93,0.124,0.098,1.83,,,Ⅱ
2023-11-07T20:00:00+08:00,1699358400,21.1,7.87,7.52,359.4,38.3,2.69,0.066,0.093,1.74,,,Ⅱ
2023-11-08T00:00:00+08:00,1699372800,20.8,7.87,7.36,359.7,36.4,2.69,0.066,0.093,1.74,,,Ⅱ
2023-11-08T08:00:00+08:00,1699401600,20.4,7.87,7.36,359.2,46.9,2.02,0.063,0.098,1.83,,,Ⅱ
2023-11-08T12:00:00+08:00,1699416000,20.7,7.88,7.49,359.6,45.0,1.93,0.08,0.097,1.9,,,Ⅱ
2023-11-08T16:00:00+08:00,1699430400,20.9,7.83,7.46,359.0,55.3,2.15,0.071,0.106,1.92,,,Ⅲ
2023-11-08T20:00:00+08:00,1699444800,20.7,7.91,7.38,360.4,41.7,2.06,0.038,0.1,1.78,,,Ⅱ
2023-11-09T00:00:00+08:00,1699459200,20.6,7.91,7.36,360.8,41.9,2.06,0.038,0.1,1.78,,,Ⅱ
2023-11-09T04:00:00+08:00,1699473600,20.4,7.92,7.4,361.4,38.4,2.03,0.034,0.097,1.72,,,Ⅱ
2023-11-09T08:00:00+08:00,1699488000,20.4,7.91,7.49,361.2,41.6,2.0,0.033,0.097,1.81,,,Ⅱ
2023-11-09T12:00:00+08:00,1699502400,20.4,7.91,7.45,361.4,41.0,1.98,0.034,0.096,1.85,,,Ⅱ
2023-11-09T16:00:00+08:00,1699516800,20.5,7.84,7.16,362.7,87.3,2.59,0.073,0.128,2.08,,,Ⅲ
2023-11-09T20:00:00+08:00,1699531200,20.9,7.86,7.24,357.5,150.8,2.73,0.07,0.123,2.18,,,Ⅲ
2023-11-10T00:00:00+08:00,1699545600,20.8,7.87,7.3,357.8,110.3,2.73,0.07,0.123,2.18,,,Ⅲ
2023-11-10T04:00:00+08:00,1699560000,20.7,7.87,7.4,356.8,59.6,2.29,0.05,0.104,1.78,,,Ⅲ
2023-11-10T08:00:00+08:00,1699574400,20.8,7.9,7.53,353.1,35.4,1.9,0.042,0.089,1.68,,,Ⅱ
2023-11-10T16:00:00+08:00,1699603200,20.5,7.88,7.32,353.6,89.8,2.44,0.089,0.12,1.96,,,Ⅲ
2023-11-10T20:00:00+08:00,1699617600,20.9,7.91,7.61,350.4,38.4,1.95,0.034,0.091,1.68,,,Ⅱ
2023-11-11T00:00:00+08:00,1699632000,20.7,7.91,7.62,350.5,34.5,1.95,0.034,0.091,1.68,,,Ⅱ
2023-11-11T04:00:00+08:00,1699646400,20.5,7.9,7.55,351.5,39.9,2.01,0.043,0.09,1.66,,,Ⅱ
2023-11-11T08:00:00+08:00,1699660800,20.4,7.91,7.6,352.1,33.5,2.0,0.035,0.085,1.73,,,Ⅱ
2023-11-11T12:00:00+08:00,1699675200,20.3,7.92,7.72,351.5,43.4,1.96,0.03,0.089,1.67,,,Ⅱ
2023-11-11T16:00:00+08:00,1699689600,20.2,7.91,7.66,351.8,35.9,1.83,0.039,0.087,1.76,,,Ⅱ
2023-11-11T20:00:00+08:00,1699704000,20.0,7.93,7.7,353.1,49.0,1.95,0.043,0.09,1.73,,,Ⅱ
2023-11-12T00:00:00+08:00,1699718400,20.0,7.92,7.64,352.3,31.5,1.72,0.029,0.086,1.64,,,Ⅱ
2023-11-12T04:00:00+08:00,1699732800,19.8,7.92,7.64,353.6,36.0,1.74,0.072,0.085,1.7,,,Ⅱ
2023-11-12T08:00:00+08:00,1699747200,19.6,7.91,7.71,353.9,36.6,1.86,0.04,0.09,1.82,,,Ⅱ
2023-11-12T12:00:00+08:00,1699761600,19.6,7.96,7.98,354.2,28.1,1.69,0.037,0.09,1.72,,,Ⅱ
2023-11-12T16:00:00+08:00,1699776000,19.6,7.95,7.89,354.4,33.0,2.4,0.05,0.083,1.7,,,Ⅱ
2023-11-12T20:00:00+08:00,1699790400,19.6,7.94,7.83,354.6,126.8,2.51,0.057,0.113,1.92,,,Ⅲ
2023-11-13T00:00:00+08:00,1699804800,19.4,7.93,7.75,354.9,80.6,2.04,0.051,0.104,1.86,,,Ⅲ
2023-11-13T04:00:00+08:00,1699819200,19.2,7.94,7.82,355.6,172.3,2.23,0.049,0.108,2.02,,,Ⅲ
2023-11-13T08:00:00+08:00,1699833600,18.7,7.92,7.74,354.7,36.8,1.88,0.056,0.095,1.9,,,Ⅱ
2023-11-13T12:00:00+08:00,1699848000,18.9,7.95,7.94,355.2,33.8,1.75,0.066,0.091,1.78,,,Ⅱ
2023-11-13T16:00:00+08:00,1699862400,19.0,7.93,7.87,356.7,32.6,1.7,0.07,0.09,1.76,,,Ⅱ
2023-11-13T20:00:00+08:00,1699876800,19.3,7.94,7.87,355.5,115.6,2.3,0.052,0.116,2.05,,,Ⅲ
2023-11-14T00:00:00+08:00,1699891200,19.4,7.93,7.8,356.0,85.3,2.09,0.036,0.1,1.83,,,Ⅱ
2023-11-14T04:00:00+08:00,1699905600,19.1,7.94,7.79,355.4,52.1,1.78,0.031,0.094,1.8,,,Ⅱ
2023-11-14T08:00:00+08:00,1699920000,18.7,7.89,7.68,357.6,39.9,1.87,0.074,0.095,1.99,,,Ⅱ
2023-11-14T12:00:00+08:00,1699934400,19.1,7.96,8.01,356.3,41.7,1.7,0.046,0.089,1.8,,,Ⅱ
2023-11-14T16:00:00+08:00,1699948800,19.1,7.94,8.02,355.6,40.6,1.82,0.047,0.092,1.75,,,Ⅱ
2023-11-14T20:00:00+08:00,1699963200,19.1,7.92,7.76,356.4,159.5,2.68,0.075,0.136,2.22,,,Ⅲ
2023-11-15T00:00:00+08:00,1699977600,19.0,7.93,7.82,353.3,39.3,2.68,0.075,0.136,2.22,,,Ⅲ
2023-11-15T04:00:00+08:00,1699992000,18.7,7.95,7.86,354.3,88.6,2.17,0.043,0.099,1.91,,,Ⅱ
2023-11-15T08:00:00+08:00,1700006400,18.3,7.85,7.43,358.0,57.9,2.19,0.094,0.104,1.99,,,Ⅲ
2023-11-15T12:00:00+08:00,1700020800,18.6,7.91,7.88,354.9,50.2,2.05,0.051,0.1,1.88,,,Ⅲ
2023-11-15T16:00:00+08:00,1700035200,18.7,7.9,7.78,355.2,45.8,1.99,0.058,0.096,1.86,,,Ⅱ
2023-11-15T20:00:00+08:00,1700049600,18.4,7.87,7.48,357.2,186.0,3.12,0.144,0.165,2.33,,,Ⅲ
2023-11-16T00:00:00+08:00,1700064000,18.9,7.92,7.85,350.6,40.4,2.04,0.044,0.115,1.78,,,Ⅲ
2023-11-16T04:00:00+08:00,1700078400,18.7,7.92,7.86,350.5,29.8,1.74,0.031,0.086,1.71,,,Ⅱ
2023-11-16T08:00:00+08:00,1700092800,18.6,7.91,7.88,351.6,43.5,2.01,0.044,0.103,1.87,,,Ⅲ
2023-11-16T16:00:00+08:00,1700121600,18.2,7.9,7.8,354.9,34.2,2.01,0.085,0.092,1.8,,,Ⅱ
2023-11-16T20:00:00+08:00,1700136000,18.1,7.92,7.88,355.6,93.9,2.51,0.068,0.116,2.06,,,Ⅲ
2023-11-17T00:00:00+08:00,1700150400,17.8,7.93,7.99,352.9,45.9,2.51,0.068,0.116,2.06,,,Ⅲ
2023-11-17T04:00:00+08:00,1700164800,17.6,7.92,7.96,354.0,32.7,2.21,0.039,0.086,2.39,,,Ⅱ
2023-11-17T08:00:00+08:00,1700179200,17.4,7.91,8.0,354.2,42.7,1.84,0.061,0.093,2.04,,,Ⅱ
2023-11-17T12:00:00+08:00,1700193600,17.4,7.8,8.0,355.0,36.4,1.87,0.126,0.094,1.89,,,Ⅱ
2023-11-17T16:00:00+08:00,1700208000,17.3,7.89,7.9,355.0,34.6,1.84,0.132,0.093,1.97,,,Ⅱ
2023-11-17T20:00:00+08:00,1700222400,17.1,7.9,7.94,356.2,34.4,1.87,0.121,0.094,1.98,,,Ⅱ
2023-11-18T00:00:00+08:00,1700236800,17.1,7.93,8.13,353.3,33.7,1.87,0.121,0.094,1.98,,,Ⅱ
2023-11-18T04:00:00+08:00,1700251200,16.8,7.93,8.12,352.0,26.6,1.75,0.042,0.082,1.79,,,Ⅱ
2023-11-18T08:00:00+08:00,1700265600,16.7,7.94,8.21,352.1,29.6,1.76,0.046,0.082,1.9,,,Ⅱ
2023-11-18T12:00:00+08:00,1700280000,16.8,7.93,8.19,355.5,34.9,1.83,0.076,0.089,1.86,,,Ⅱ
2023-11-18T16:00:00+08:00,1700294400,16.8,7.92,8.14,356.1,31.6,1.87,0.099,0.092,1.78,,,Ⅱ
2023-11-18T20:00:00+08:00,1700308800,16.5,7.91,8.06,357.5,72.5,2.16,0.148,0.11,1.95,,,Ⅲ
2023-11-19T00:00:00+08:00,1700323200,16.9,7.94,8.2,351.2,37.6,2.16,0.148,0.11,1.95,,,Ⅲ
2023-11-19T04:00:00+08:00,1700337600,16.8,7.95,8.19,349.6,32.7,1.65,0.03,0.087,1.87,,,Ⅱ
2023-11-19T08:00:00+08:00,1700352000,16.6,7.95,8.26,349.7,32.6,1.84,0.035,0.095,1.97,,,Ⅱ
2023-11-19T12:00:00+08:00,1700366400,16.9,7.96,8.39,353.0,31.9,1.74,0.078,0.105,1.85,,,Ⅲ
2023-11-19T16:00:00+08:00,1700380800,17.1,7.94,8.24,352.3,35.2,2.49,0.075,0.092,1.78,,,Ⅱ
2023-11-19T20:00:00+08:00,1700395200,16.9,7.92,8.09,353.3,37.8,1.98,0.101,0.094,1.87,,,Ⅱ
2023-11-20T00:00:00+08:00,1700409600,16.4,7.89,7.93,357.6,33.7,1.98,0.101,0.094,1.87,,,Ⅱ
2023-11-20T04:00:00+08:00,1700424000,16.7,7.91,8.17,349.4,26.5,1.84,0.05,0.078,1.68,,,Ⅱ
2023-11-20T08:00:00+08:00,1700438400,16.5,7.92,8.21,349.6,28.5,1.8,0.048,0.099,1.88,,,Ⅱ
2023-11-20T12:00:00+08:00,1700452800,17.0,7.92,8.22,348.5,37.0,1.8,0.08,0.09,1.78,,,Ⅱ
2023-11-20T16:00:00+08:00,1700467200,17.6,7.95,8.3,348.9,32.0,2.25,0.048,0.088,1.84,,,Ⅱ
2023-11-20T20:00:00+08:00,1700481600,17.4,7.94,8.28,349.1,33.8,1.84,0.048,0.092,1.76,,,Ⅱ
2023-11-21T00:00:00+08:00,1700496000,16.8,7.87,7.65,355.8,44.6,1.84,0.048,0.092,1.76,,,Ⅱ
2023-11-21T04:00:00+08:00,1700510400,17.2,7.9,8.08,339.8,32.2,1.93,0.055,0.092,1.78,,,Ⅱ
2023-11-21T08:00:00+08:00,1700524800,17.1,7.92,8.11,338.5,39.7,1.98,0.041,0.094,1.84,,,Ⅱ
2023-11-21T12:00:00+08:00,1700539200,17.4,7.93,8.24,339.2,39.5,1.91,0.064,0.1,1.76,,,Ⅲ
2023-11-21T16:00:00+08:00,1700553600,17.6,7.94,8.22,338.5,49.4,1.98,0.047,0.101,1.86,,,Ⅲ
2023-11-21T20:00:00+08:00,1700568000,17.4,7.92,8.17,338.8,48.4,1.98,0.065,0.102,1.99,,,Ⅲ
2023-11-22T00:00:00+08:00,1700582400,17.2,7.9,8.02,343.2,44.9,1.98,0.065,0.102,1.99,,,Ⅲ
2023-11-22T04:00:00+08:00,1700596800,16.8,7.8,7.39,349.3,29.8,1.99,0.217,0.1,1.99,,,Ⅲ
2023-11-22T08:00:00+08:00,1700611200,16.8,7.84,7.69,345.9,37.7,2.04,0.133,0.098,1.83,,,Ⅱ
2023-11-22T12:00:00+08:00,1700625600,17.1,7.86,7.78,345.6,38.8,2.04,0.127,0.106,1.83,,,Ⅲ
2023-11-22T16:00:00+08:00,1700640000,17.4,7.83,7.9,343.1,44.0,2.18,0.107,0.108,1.89,,,Ⅲ
2023-11-22T20:00:00+08:00,1700654400,17.4,7.87,7.96,342.0,42.4,1.99,0.066,0.105,1.82,,,Ⅲ
2023-11-23T00:00:00+08:00,1700668800,17.4,7.94,8.03,342.5,91.7,1.99,0.066,0.105,1.82,,,Ⅲ
2023-11-23T04:00:00+08:00,1700683200,16.9,7.78,7.22,354.8,41.2,2.11,0.234,0.11,1.9,,,Ⅲ
2023-11-23T08:00:00+08:00,1700697600,17.1,7.85,7.64,343.5,34.0,1.99,0.122,0.099,1.8,,,Ⅱ
2023-11-23T12:00:00+08:00,1700712000,17.4,7.89,7.89,343.4,43.0,1.97,0.125,0.099,1.78,,,Ⅱ
2023-11-23T16:00:00+08:00,1700726400,17.4,7.9,8.13,341.0,54.3,2.2,0.07,0.11,1.91,,,Ⅲ
2023-11-23T20:00:00+08:00,1700740800,16.7,7.82,7.48,352.9,64.6,2.12,0.247,0.11,1.82,,,Ⅲ
2023-11-24T00:00:00+08:00,1700755200,16.5,7.89,7.6,353.4,103.4,2.12,0.247,0.11,1.82,,,Ⅲ
2023-11-24T04:00:00+08:00,1700769600,16.6,7.9,8.07,341.7,58.8,2.07,0.07,0.103,1.82,,,Ⅲ
2023-11-24T08:00:00+08:00,1700784000,16.3,7.9,8.16,339.5,47.3,1.88,0.054,0.098,1.69,,,Ⅱ
2023-11-24T12:00:00+08:00,1700798400,16.6,7.93,8.42,339.7,42.8,2.04,0.054,0.096,1.76,,,Ⅱ
2023-11-24T16:00:00+08:00,1700812800,16.8,7.93,8.35,338.3,72.5,2.26,0.052,0.112,1.88,,,Ⅲ
2023-11-24T20:00:00+08:00,1700827200,16.6,7.91,8.22,339.5,43.9,2.1,0.127,0.102,1.78,,,Ⅲ
2023-11-25T00:00:00+08:00,1700841600,16.4,7.92,8.24,338.9,66.8,2.1,0.127,0.102,1.78,,,Ⅲ
2023-11-25T04:00:00+08:00,1700856000,16.1,7.91,8.24,339.4,53.9,2.17,0.087,0.105,1.74,,,Ⅲ
2023-11-25T08:00:00+08:00,1700870400,15.8,7.81,7.64,347.8,32.8,2.38,0.28,0.105,1.89,,,Ⅲ
2023-11-25T12:00:00+08:00,1700884800,16.1,7.85,7.94,345.1,35.4,2.34,0.22,0.102,1.82,,,Ⅲ
2023-11-25T16:00:00+08:00,1700899200,16.2,7.9,8.27,339.7,52.4,2.26,0.125,0.109,1.82,,,Ⅲ
2023-11-25T20:00:00+08:00,1700913600,16.4,7.96,8.31,335.0,73.9,2.13,0.074,0.104,1.75,,,Ⅲ
2023-11-26T00:00:00+08:00,1700928000,16.2,7.98,8.3,335.5,62.8,2.13,0.074,0.104,1.75,,,Ⅲ
2023-11-26T04:00:00+08:00,1700942400,16.1,7.98,8.36,341.9,59.2,2.05,0.067,0.094,1.74,,,Ⅱ
2023-11-26T08:00:00+08:00,1700956800,16.0,7.87,8.02,337.2,36.6,1.81,0.111,0.094,1.69,,,Ⅱ
2023-11-26T12:00:00+08:00,1700971200,16.2,7.92,8.33,333.6,43.0,1.99,0.058,0.094,1.73,,,Ⅱ
2023-11-26T16:00:00+08:00,1700985600,16.1,7.92,8.32,334.8,56.9,1.94,0.08,0.098,1.74,,,Ⅱ
2023-11-26T20:00:00+08:00,1701000000,16.2,7.9,8.28,331.9,41.6,2.11,0.054,0.097,1.75,,,Ⅱ
2023-11-27T00:00:00+08:00,1701014400,16.2,7.9,8.28,331.8,42.7,2.11,0.054,0.097,1.75,,,Ⅱ
2023-11-27T04:00:00+08:00,1701028800,16.0,7.9,8.32,331.3,40.2,1.89,0.033,0.091,1.67,,,Ⅱ
2023-11-27T08:00:00+08:00,1701043200,16.0,7.83,7.92,338.1,34.3,2.04,0.092,0.095,1.76,,,Ⅱ
2023-11-27T12:00:00+08:00,1701057600,16.0,7.84,7.88,340.6,37.0,2.07,0.152,0.102,1.79,,,Ⅲ
2023-11-27T16:00:00+08:00,1701072000,16.1,7.84,7.94,339.6,40.2,1.97,0.143,0.102,1.79,,,Ⅲ
2023-11-27T20:00:00+08:00,1701086400,16.0,7.89,8.06,336.9,101.4,2.05,0.128,0.108,1.87,,,Ⅲ
2023-11-28T00:00:00+08:00,1701100800,16.0,7.93,8.35,333.8,110.0,2.05,0.128,0.108,1.87,,,Ⅲ
2023-11-28T04:00:00+08:00,1701115200,15.8,7.94,8.32,334.0,74.0,1.89,0.052,0.092,1.81,,,Ⅱ
2023-11-28T08:00:00+08:00,1701129600,16.0,7.9,8.41,331.0,39.0,2.02,0.033,0.093,1.7,,,Ⅱ
2023-11-28T12:00:00+08:00,1701144000,16.3,7.94,8.58,331.4,37.5,1.97,0.034,0.091,1.71,,,Ⅱ
2023-11-28T16:00:00+08:00,1701158400,16.4,7.94,8.64,331.7,40.5,1.94,0.032,0.091,1.74,,,Ⅱ
2023-11-28T20:00:00+08:00,1701172800,15.9,7.87,8.01,338.5,119.6,2.95,0.137,0.114,1.88,,,Ⅲ
2023-11-29T00:00:00+08:00,1701187200,16.1,7.9,8.28,333.1,44.0,2.95,0.137,0.114,1.88,,,Ⅲ
2023-11-29T04:00:00+08:00,1701201600,16.1,7.9,8.41,332.0,36.8,2.11,0.036,0.091,1.66,,,Ⅱ
2023-11-29T08:00:00+08:00,1701216000,16.0,7.9,8.31,335.4,42.0,1.91,0.04,0.096,1.77,,,Ⅱ
2023-11-29T12:00:00+08:00,1701230400,16.2,7.88,8.25,338.9,36.2,2.1,0.102,0.096,1.66,,,Ⅱ
2023-11-29T16:00:00+08:00,1701244800,16.2,7.88,8.27,339.8,36.4,2.13,0.12,0.095,1.74,,,Ⅱ
2023-11-29T20:00:00+08:00,1701259200,15.9,7.89,8.25,338.9,95.9,2.38,0.098,0.11,1.84,,,Ⅲ
2023-11-30T00:00:00+08:00,1701273600,15.8,7.92,8.35,337.4,40.7,2.38,0.098,0.11,1.84,,,Ⅲ
2023-11-30T04:00:00+08:00,1701288000,15.4,7.93,8.46,335.5,41.2,2.17,0.048,0.096,1.77,,,Ⅱ
2023-11-30T08:00:00+08:00,1701302400,15.5,7.93,8.58,336.1,49.0,2.04,0.05,0.103,1.82,,,Ⅲ
2023-11-30T12:00:00+08:00,1701316800,15.3,7.89,8.35,341.6,44.7,2.29,0.125,0.107,1.77,,,Ⅲ
2023-11-30T16:00:00+08:00,1701331200,15.3,7.91,8.45,341.1,47.5,2.16,0.116,0.106,1.76,,,Ⅲ
2023-11-30T20:00:00+08:00,1701345600,15.1,7.91,8.48,339.0,57.0,2.34,0.091,0.11,1.89,,,Ⅲ
2023-12-01T00:00:00+08:00,1701360000,15.1,7.91,8.55,337.1,45.7,2.34,0.091,0.11,1.89,,,Ⅲ
2023-12-01T04:00:00+08:00,1701374400,15.0,7.91,8.52,336.7,33.8,2.02,0.037,0.088,1.8,,,Ⅱ
2023-12-01T08:00:00+08:00,1701388800,14.8,7.92,8.58,337.4,40.2,2.02,0.044,0.092,1.85,,,Ⅱ
2023-12-01T12:00:00+08:00,1701403200,15.2,7.93,8.74,337.8,47.2,2.16,0.063,0.099,1.9,,,Ⅱ
2023-12-01T16:00:00+08:00,1701417600,15.3,7.91,8.7,337.6,47.1,2.3,0.058,0.101,1.83,,,Ⅲ
2023-12-01T20:00:00+08:00,1701432000,15.2,7.97,8.72,339.1,267.4,2.31,0.072,0.107,2.01,,,Ⅲ
2023-12-02T00:00:00+08:00,1701446400,14.7,7.92,8.43,344.2,97.6,2.31,0.072,0.107,2.01,,,Ⅲ
2023-12-02T04:00:00+08:00,1701460800,14.5,7.92,8.46,341.9,52.1,2.26,0.065,0.092,1.76,,,Ⅱ
2023-12-02T08:00:00+08:00,1701475200,14.4,7.93,8.56,342.2,82.6,2.33,0.068,0.1,1.93,,,Ⅱ
2023-12-02T12:00:00+08:00,1701489600,14.9,7.92,8.67,342.4,49.2,2.35,0.084,0.103,1.87,,,Ⅲ
2023-12-02T16:00:00+08:00,1701504000,14.9,7.9,8.52,342.1,52.8,2.38,0.09,0.102,1.86,,,Ⅲ
2023-12-02T20:00:00+08:00,1701518400,14.8,8.03,8.7,341.0,338.2,2.33,0.098,0.104,2.17,,,Ⅲ
2023-12-03T00:00:00+08:00,1701532800,14.4,7.87,8.13,351.9,71.4,2.33,0.098,0.104,2.17,,,Ⅲ
2023-12-03T04:00:00+08:00,1701547200,14.4,7.9,8.32,346.8,38.4,2.27,0.167,0.101,1.91,,,Ⅲ
2023-12-03T08:00:00+08:00,1701561600,14.3,7.9,8.41,346.0,43.6,2.19,0.149,0.1,1.9,,,Ⅲ
2023-12-03T12:00:00+08:00,1701576000,14.7,7.91,8.66,345.8,44.0,2.28,0.132,0.109,1.89,,,Ⅲ
2023-12-03T16:00:00+08:00,1701590400,14.7,7.93,9.0,346.6,38.4,2.16,0.136,0.104,1.95,,,Ⅲ
2023-12-03T20:00:00+08:00,1701604800,14.5,7.92,9.07,346.7,40.6,2.31,0.133,0.105,1.96,,,Ⅲ
2023-12-04T00:00:00+08:00,1701619200,14.1,7.83,8.21,361.2,37.5,2.31,0.133,0.105,1.96,,,Ⅲ
2023-12-04T04:00:00+08:00,1701633600,14.4,7.9,8.65,349.6,35.7,2.32,0.178,0.104,1.87,,,Ⅲ
2023-12-04T08:00:00+08:00,1701648000,14.2,7.91,8.78,349.4,38.1,2.29,0.162,0.104,2.0,,,Ⅲ
2023-12-04T12:00:00+08:00,1701662400,14.4,7.88,9.02,349.4,80.4,3.03,0.185,0.138,2.26,,,Ⅲ
2023-12-04T16:00:00+08:00,1701676800,14.5,7.91,8.78,351.4,49.4,2.79,0.213,0.116,2.06,,,Ⅲ
2023-12-04T20:00:00+08:00,1701691200,14.4,7.91,8.85,350.1,48.5,2.44,0.184,0.109,2.05,,,Ⅲ
2023-12-05T00:00:00+08:00,1701705600,14.4,7.92,8.91,348.0,51.5,2.61,0.139,0.106,2.07,,,Ⅲ
2023-12-05T04:00:00+08:00,1701720000,14.2,7.88,8.54,357.3,53.8,2.56,0.202,0.115,1.98,,,Ⅲ
2023-12-05T08:00:00+08:00,1701734400,14.0,7.89,8.66,356.3,44.8,2.39,0.166,0.105,2.02,,,Ⅲ
2023-12-05T12:00:00+08:00,1701748800,14.5,7.94,9.1,359.0,49.5,2.58,0.15,0.108,2.0,,,Ⅲ
2023-12-05T16:00:00+08:00,1701763200,14.6,7.95,9.14,351.3,59.8,2.52,0.125,0.112,1.99,,,Ⅲ
2023-12-05T20:00:00+08:00,1701777600,14.4,7.93,9.02,351.0,60.1,2.53,0.128,0.112,2.03,,,Ⅲ
2023-12-06T00:00:00+08:00,1701792000,14.4,7.91,8.87,357.6,161.1,2.98,0.174,0.139,2.32,,,Ⅲ
2023-12-06T04:00:00+08:00,1701806400,14.1,7.86,8.41,358.8,56.2,2.58,0.25,0.119,2.05,,,Ⅲ
2023-12-06T12:00:00+08:00,1701835200,14.3,7.92,8.92,358.5,75.2,2.77,0.26,0.13,2.17,,,Ⅲ
2023-12-06T16:00:00+08:00,1701849600,14.3,7.88,8.65,357.8,55.9,2.61,0.226,0.116,2.03,,,Ⅲ
2023-12-06T20:00:00+08:00,1701864000,14.2,7.81,8.11,370.8,89.0,3.0,0.31,0.131,2.39,,,Ⅲ
2023-12-07T00:00:00+08:00,1701878400,15.2,7.88,9.2,355.3,32.8,2.33,0.114,0.099,1.87,,,Ⅱ
2023-12-07T04:00:00+08:00,1701892800,15.4,7.9,9.28,351.6,41.8,2.37,0.081,0.104,1.92,,,Ⅲ
2023-12-07T08:00:00+08:00,1701907200,15.2,7.92,9.5,350.0,35.8,2.19,0.051,0.1,1.82,,,Ⅲ
2023-12-07T12:00:00+08:00,1701921600,15.6,7.96,9.74,349.9,24.6,2.08,0.05,0.092,1.67,,,Ⅱ
2023-12-07T16:00:00+08:00,1701936000,15.8,7.95,9.61,350.7,29.3,2.18,0.05,0.096,1.76,,,Ⅱ
2023-12-07T20:00:00+08:00,1701950400,15.8,7.95,9.57,352.1,142.3,2.4,0.07,0.125,2.05,,,Ⅲ
2023-12-08T00:00:00+08:00,1701964800,15.5,7.94,9.43,351.0,28.5,2.14,0.063,0.1,1.76,,,Ⅱ
2023-12-08T04:00:00+08:00,1701979200,15.5,7.95,9.49,350.6,23.1,1.91,0.042,0.093,1.74,,,Ⅱ
2023-12-08T12:00:00+08:00,1702008000,15.6,7.97,9.77,352.4,26.3,2.18,0.048,0.099,1.75,,,Ⅱ
2023-12-08T16:00:00+08:00,1702022400,15.8,7.97,9.78,353.1,46.0,2.02,0.043,0.096,1.72,,,Ⅱ
2023-12-08T20:00:00+08:00,1702036800,16.0,7.94,9.71,355.4,31.0,2.23,0.05,0.104,1.78,,,Ⅲ
2023-12-09T00:00:00+08:00,1702051200,15.7,7.95,9.6,354.1,24.5,2.18,0.059,0.1,1.8,,,Ⅲ
2023-12-09T04:00:00+08:00,1702065600,15.6,7.95,9.47,353.1,22.6,2.04,0.069,0.096,1.74,,,Ⅱ
2023-12-09T08:00:00+08:00,1702080000,15.6,7.94,9.44,355.9,26.2,1.92,0.055,0.092,1.69,,,Ⅱ
2023-12-09T12:00:00+08:00,1702094400,15.7,7.95,9.64,356.5,25.6,1.91,0.051,0.092,1.76,,,Ⅱ
2023-12-09T16:00:00+08:00,1702108800,15.8,7.92,9.72,355.6,44.3,1.99,0.065,0.092,1.82,,,Ⅱ
2023-12-09T20:00:00+08:00,1702123200,15.8,7.94,9.53,357.7,113.0,2.06,0.068,0.105,1.8,,,Ⅲ
2023-12-10T00:00:00+08:00,1702137600,15.5,7.94,9.48,356.9,50.3,2.91,0.105,0.129,2.05,,,Ⅲ
2023-12-10T04:00:00+08:00,1702152000,15.7,7.94,9.6,355.7,43.1,2.1,0.086,0.099,1.72,,,Ⅱ
2023-12-10T08:00:00+08:00,1702166400,15.6,7.95,9.56,356.7,31.9,2.05,0.057,0.099,1.73,,,Ⅱ
2023-12-10T12:00:00+08:00,1702180800,15.5,7.95,9.67,355.9,32.8,2.16,0.062,0.09,1.76,,,Ⅱ
2023-12-10T16:00:00+08:00,1702195200,15.5,7.95,9.57,358.0,44.6,2.26,0.128,0.098,1.81,,,Ⅱ
2023-12-10T20:00:00+08:00,1702209600,15.6,7.95,9.67,359.4,233.7,2.32,0.115,0.102,1.98,,,Ⅲ
2023-12-11T00:00:00+08:00,1702224000,15.2,7.94,9.35,360.3,31.8,2.43,0.118,0.118,2.04,,,Ⅲ
2023-12-11T04:00:00+08:00,1702238400,15.3,7.95,9.58,359.2,35.5,2.2,0.158,0.096,1.91,,,Ⅱ
2023-12-11T08:00:00+08:00,1702252800,15.4,7.96,9.77,360.1,32.1,2.26,0.099,0.095,1.96,,,Ⅱ
2023-12-11T12:00:00+08:00,1702267200,15.1,7.97,9.7,361.3,54.1,2.11,0.098,0.093,1.98,,,Ⅱ
2023-12-11T16:00:00+08:00,1702281600,15.1,7.98,9.68,359.2,44.8,2.4,0.096,0.105,2.09,,,Ⅲ
2023-12-11T20:00:00+08:00,1702296000,15.3,7.98,9.83,361.6,106.9,2.35,0.072,0.096,1.84,,,Ⅱ
2023-12-12T00:00:00+08:00,1702310400,14.7,7.97,9.58,361.7,96.3,2.56,0.087,0.112,2.06,,,Ⅲ
2023-12-12T04:00:00+08:00,1702324800,14.8,7.98,9.63,360.3,36.7,4.53,0.063,0.093,2.04,,,Ⅲ
2023-12-12T12:00:00+08:00,1702353600,14.6,7.97,9.75,361.9,47.0,2.25,0.049,0.091,1.85,,,Ⅱ
2023-12-12T16:00:00+08:00,1702368000,14.7,7.96,9.79,362.4,38.9,2.4,0.088,0.099,2.04,,,Ⅱ
2023-12-12T20:00:00+08:00,1702382400,14.8,7.95,9.71,360.2,41.4,2.24,0.078,0.1,1.83,,,Ⅱ
2023-12-13T00:00:00+08:00,1702396800,14.4,7.98,9.52,363.9,54.3,2.23,0.071,0.098,1.83,,,Ⅱ
2023-12-13T04:00:00+08:00,1702411200,14.6,7.95,9.6,360.4,32.0,2.23,0.071,0.098,1.83,,,Ⅱ
2023-12-13T08:00:00+08:00,1702425600,14.9,7.95,9.66,360.7,31.3,2.14,0.053,0.087,1.77,,,Ⅱ
2023-12-13T12:00:00+08:00,1702440000,15.0,7.95,9.88,360.5,35.1,2.16,0.06,0.096,1.85,,,Ⅱ
2023-12-13T16:00:00+08:00,1702454400,15.0,7.94,9.7,360.0,35.9,2.1,0.074,0.087,1.84,,,Ⅱ
2023-12-13T20:00:00+08:00,1702468800,15.1,7.92,9.55,360.5,58.4,2.14,0.103,0.095,1.79,,,Ⅱ
2023-12-14T00:00:00+08:00,1702483200,14.8,7.95,9.48,359.1,46.4,2.22,0.114,0.108,1.87,,,Ⅲ
2023-12-14T04:00:00+08:00,1702497600,14.8,7.94,9.47,358.7,30.8,2.22,0.114,0.108,1.87,,,Ⅲ
2023-12-14T08:00:00+08:00,1702512000,15.2,7.94,9.56,358.4,37.9,2.14,0.097,0.091,1.83,,,Ⅱ
2023-12-14T12:00:00+08:00,1702526400,15.4,7.94,9.67,361.2,41.5,2.11,0.078,0.091,1.89,,,Ⅱ
2023-12-14T16:00:00+08:00,1702540800,15.3,7.94,9.6,360.5,31.7,2.18,0.112,0.096,1.88,,,Ⅱ
2023-12-14T20:00:00+08:00,1702555200,15.2,7.95,9.61,361.0,168.1,2.8,0.087,0.085,1.88,,,Ⅱ
2023-12-15T00:00:00+08:00,1702569600,14.9,7.95,9.57,361.6,56.9,2.46,0.1,0.118,2.06,,,Ⅲ
2023-12-15T04:00:00+08:00,1702584000,14.7,7.95,9.57,362.7,37.0,2.46,0.1,0.118,2.06,,,Ⅲ
2023-12-15T08:00:00+08:00,1702598400,14.9,7.95,9.6,367.1,44.3,2.2,0.064,0.088,1.75,,,Ⅱ
2023-12-15T12:00:00+08:00,1702612800,14.7,7.93,9.57,365.1,37.8,2.14,0.083,0.092,1.91,,,Ⅱ
2023-12-15T16:00:00+08:00,1702627200,14.5,7.9,9.76,363.2,36.0,2.14,0.112,0.088,1.91,,,Ⅱ
2023-12-15T20:00:00+08:00,1702641600,14.5,7.95,9.74,364.8,41.5,2.34,0.094,0.089,1.89,,,Ⅱ
2023-12-16T00:00:00+08:00,1702656000,14.2,7.95,9.59,365.9,55.5,2.14,0.082,0.087,1.92,,,Ⅱ
2023-12-16T04:00:00+08:00,1702670400,13.8,7.96,9.6,366.0,38.9,2.39,0.093,0.101,2.04,,,Ⅲ
2023-12-16T12:00:00+08:00,1702699200,13.8,7.96,9.98,378.0,39.8,2.08,0.079,0.098,1.89,,,Ⅱ
2023-12-16T16:00:00+08:00,1702713600,13.7,7.98,10.1,370.0,38.9,2.19,0.109,0.101,2.04,,,Ⅲ
2023-12-17T00:00:00+08:00,1702742400,13.6,7.95,9.93,373.7,154.0,2.15,0.097,0.117,1.86,,,Ⅲ
2023-12-17T04:00:00+08:00,1702756800,13.0,7.97,9.83,368.5,54.9,2.42,0.145,0.129,2.07,,,Ⅲ
2023-12-17T08:00:00+08:00,1702771200,13.1,7.97,9.98,374.4,35.4,2.42,0.088,0.097,1.92,,,Ⅱ
2023-12-17T12:00:00+08:00,1702785600,13.4,7.97,10.12,378.8,40.3,2.19,0.087,0.091,1.86,,,Ⅱ
2023-12-17T16:00:00+08:00,1702800000,13.4,7.95,10.01,377.5,31.7,2.28,0.106,0.087,1.93,,,Ⅱ
2023-12-17T20:00:00+08:00,1702814400,13.6,7.98,10.22,372.3,57.1,2.2,0.156,0.094,1.88,,,Ⅱ
2023-12-18T00:00:00+08:00,1702828800,13.6,7.97,10.04,372.9,139.5,2.07,0.082,0.086,1.76,,,Ⅱ
2023-12-18T04:00:00+08:00,1702843200,13.1,7.97,9.89,369.0,38.9,2.34,0.118,0.113,2.02,,,Ⅲ
2023-12-18T08:00:00+08:00,1702857600,13.1,7.97,9.85,370.9,35.9,2.16,0.1,0.096,1.9,,,Ⅱ
2023-12-18T12:00:00+08:00,1702872000,13.3,7.97,9.92,375.9,38.5,2.05,0.071,0.088,1.77,,,Ⅱ
2023-12-18T16:00:00+08:00,1702886400,13.1,7.96,9.96,372.1,38.7,2.04,0.076,0.1,1.81,,,Ⅲ
2023-12-18T20:00:00+08:00,1702900800,13.1,7.96,9.98,372.6,58.4,2.17,0.077,0.084,1.82,,,Ⅱ
2023-12-19T00:00:00+08:00,1702915200,13.1,7.96,9.86,372.7,27.6,2.09,0.085,0.084,1.83,,,Ⅱ
2023-12-19T04:00:00+08:00,1702929600,13.0,7.94,9.9,371.8,25.8,2.08,0.086,0.077,1.77,,,Ⅱ
2023-12-19T08:00:00+08:00,1702944000,12.9,7.95,9.84,369.9,29.4,2.17,0.106,0.094,1.76,,,Ⅱ
2023-12-19T12:00:00+08:00,1702958400,13.2,7.96,9.96,369.4,33.2,2.15,0.079,0.08,1.82,,,Ⅱ
2023-12-19T16:00:00+08:00,1702972800,13.0,7.96,9.99,370.8,31.2,2.42,0.092,0.086,1.76,,,Ⅱ
2023-12-19T20:00:00+08:00,1702987200,13.1,7.95,9.93,369.2,41.2,2.1,0.125,0.087,1.87,,,Ⅱ
2023-12-20T00:00:00+08:00,1703001600,13.0,7.95,10.07,368.8,47.0,2.16,0.109,0.086,1.89,,,Ⅱ
2023-12-20T12:00:00+08:00,1703044800,12.7,7.99,10.2,367.9,35.0,2.21,0.082,0.084,1.91,,,Ⅱ
2023-12-20T16:00:00+08:00,1703059200,12.7,7.97,10.19,371.8,35.2,2.17,0.065,0.086,1.75,,,Ⅱ
2023-12-20T20:00:00+08:00,1703073600,12.4,7.96,10.11,372.1,38.8,2.08,0.1,0.09,1.68,,,Ⅱ
2023-12-21T00:00:00+08:00,1703088000,12.4,8.0,10.21,367.0,29.8,2.12,0.106,0.086,1.85,,,Ⅱ
2023-12-21T04:00:00+08:00,1703102400,12.2,7.98,10.18,369.9,50.9,2.05,0.061,0.085,1.63,,,Ⅱ
2023-12-21T08:00:00+08:00,1703116800,11.8,7.97,10.05,371.3,37.5,2.17,0.077,0.099,1.86,,,Ⅱ
2023-12-21T12:00:00+08:00,1703131200,12.0,8.01,10.34,370.0,38.6,2.21,0.073,0.092,1.84,,,Ⅱ
2023-12-21T16:00:00+08:00,1703145600,12.0,7.97,10.45,373.5,36.6,2.03,0.052,0.09,1.68,,,Ⅱ
2023-12-21T20:00:00+08:00,1703160000,11.9,7.98,10.31,375.3,34.0,2.1,0.073,0.095,1.82,,,Ⅱ
2023-12-22T00:00:00+08:00,1703174400,11.7,8.0,10.17,375.8,39.3,2.02,0.08,0.094,1.89,,,Ⅱ
2023-12-22T04:00:00+08:00,1703188800,11.5,7.99,10.17,378.7,32.8,2.05,0.071,0.102,1.82,,,Ⅲ
2023-12-22T08:00:00+08:00,1703203200,11.4,7.99,10.31,380.0,47.3,2.07,0.072,0.092,1.77,,,Ⅱ
2023-12-22T12:00:00+08:00,1703217600,11.6,8.01,10.45,378.8,36.0,2.31,0.068,0.1,1.98,,,Ⅲ
2023-12-22T16:00:00+08:00,1703232000,12.0,8.02,10.54,377.8,44.3,2.11,0.064,0.096,1.8,,,Ⅱ
2023-12-22T20:00:00+08:00,1703246400,11.9,8.0,10.43,379.6,41.3,2.11,0.069,0.102,1.82,,,Ⅲ
2023-12-23T00:00:00+08:00,1703260800,11.8,8.0,10.35,379.3,34.5,2.14,0.071,0.1,1.88,,,Ⅱ
2023-12-23T04:00:00+08:00,1703275200,11.5,8.0,10.21,379.6,30.4,1.97,0.099,0.099,1.81,,,Ⅱ
2023-12-23T08:00:00+08:00,1703289600,11.5,8.0,10.24,383.5,32.0,2.02,0.07,0.094,1.73,,,Ⅱ
2023-12-23T12:00:00+08:00,1703304000,11.6,8.01,10.35,382.1,35.6,2.66,0.077,0.095,1.79,,,Ⅱ
2023-12-23T16:00:00+08:00,1703318400,11.8,8.01,10.43,385.9,39.1,2.2,0.075,0.098,1.78,,,Ⅱ
2023-12-23T20:00:00+08:00,1703332800,11.9,7.99,10.31,385.0,39.4,2.12,0.074,0.099,1.78,,,Ⅱ
2023-12-24T00:00:00+08:00,1703347200,11.5,7.99,10.23,380.0,49.0,2.18,0.082,0.1,1.82,,,Ⅱ
2023-12-24T04:00:00+08:00,1703361600,11.4,7.99,10.1,387.8,33.5,2.12,0.077,0.106,1.77,,,Ⅲ
2023-12-24T08:00:00+08:00,1703376000,11.3,7.97,10.12,389.6,37.6,2.07,0.078,0.097,1.75,,,Ⅱ
2023-12-24T12:00:00+08:00,1703390400,11.5,7.98,10.33,383.4,43.1,2.28,0.07,0.098,1.85,,,Ⅱ
2023-12-24T16:00:00+08:00,1703404800,11.7,8.0,10.35,388.3,34.1,2.3,0.066,0.104,1.78,,,Ⅲ
2023-12-24T20:00:00+08:00,1703419200,11.9,7.97,10.31,388.4,37.6,2.12,0.067,0.097,1.8,,,Ⅱ
2023-12-25T00:00:00+08:00,1703433600,11.4,8.0,10.22,389.1,40.3,2.26,0.079,0.1,1.8,,,Ⅱ
2023-12-25T04:00:00+08:00,1703448000,11.2,7.98,10.16,387.2,32.0,2.15,0.072,0.098,1.84,,,Ⅱ
2023-12-25T08:00:00+08:00,1703462400,11.2,7.97,10.17,389.9,34.0,2.07,0.066,0.095,1.72,,,Ⅱ
2023-12-25T12:00:00+08:00,1703476800,11.3,7.98,10.32,384.6,36.5,2.18,0.064,0.095,1.84,,,Ⅱ
2023-12-25T16:00:00+08:00,1703491200,11.5,7.94,10.24,384.1,30.7,1.96,0.065,0.094,1.84,,,Ⅱ
2023-12-25T20:00:00+08:00,1703505600,11.7,7.96,10.26,384.3,42.0,1.99,0.067,0.092,1.86,,,Ⅱ
2023-12-26T00:00:00+08:00,1703520000,10.9,7.98,9.93,383.8,37.2,1.87,0.082,0.096,1.87,,,Ⅱ
2023-12-26T04:00:00+08:00,1703534400,11.0,7.98,9.95,382.9,28.9,1.87,0.082,0.096,1.87,,,Ⅱ
2024-01-15T16:00:00+08:00,1705305600,12.0,7.99,10.19,397.6,26.2,2.21,0.141,0.124,1.92,,,Ⅲ
2024-01-16T12:00:00+08:00,1705377600,12.2,8.05,10.41,394.7,26.1,2.8,0.123,0.091,1.75,,,Ⅱ
2024-01-16T16:00:00+08:00,1705392000,12.1,8.03,10.31,395.2,26.2,2.28,0.136,0.093,1.77,,,Ⅱ
2024-01-16T20:00:00+08:00,1705406400,12.1,8.04,10.28,393.0,53.3,2.08,0.115,0.094,1.81,,,Ⅱ
2024-01-17T00:00:00+08:00,1705420800,12.3,8.05,10.31,394.0,30.5,2.08,0.115,0.094,1.81,,,Ⅱ
2024-01-17T04:00:00+08:00,1705435200,12.0,8.03,10.23,394.4,25.4,1.97,0.138,0.09,1.8,,,Ⅱ
2024-01-17T08:00:00+08:00,1705449600,11.8,8.04,10.13,393.3,21.2,2.16,0.114,0.093,1.89,,,Ⅱ
2024-01-17T12:00:00+08:00,1705464000,12.2,8.04,10.32,394.0,26.1,2.02,0.118,0.09,1.66,,,Ⅱ
2024-01-17T16:00:00+08:00,1705478400,12.2,8.04,10.35,395.6,28.0,2.16,0.133,0.091,1.93,,,Ⅱ
2024-01-17T20:00:00+08:00,1705492800,12.2,8.04,10.32,398.5,80.0,2.83,0.131,0.1,2.18,,,Ⅱ
2024-01-18T00:00:00+08:00,1705507200,12.4,8.04,10.27,395.6,26.0,2.83,0.131,0.1,2.18,,,Ⅱ
2024-01-18T04:00:00+08:00,1705521600,12.1,8.02,10.17,398.3,27.2,2.05,0.157,0.109,2.01,,,Ⅲ
2024-01-18T08:00:00+08:00,1705536000,11.9,8.03,10.1,399.1,20.5,2.29,0.183,0.093,1.98,,,Ⅱ
2024-01-22T16:00:00+08:00,1705910400,11.1,8.0,10.12,415.6,21.6,2.26,0.198,0.101,2.01,,,Ⅲ
2024-01-22T20:00:00+08:00,1705924800,11.2,7.99,10.13,416.4,25.0,2.18,0.191,0.101,1.81,,,Ⅲ
2024-01-23T00:00:00+08:00,1705939200,11.0,7.97,9.88,418.0,22.6,2.26,0.198,0.105,1.94,,,Ⅲ
2024-01-23T04:00:00+08:00,1705953600,11.0,7.99,9.97,416.5,18.7,2.26,0.198,0.105,1.94,,,Ⅲ
2024-01-23T08:00:00+08:00,1705968000,10.9,7.99,9.99,417.8,19.8,2.86,0.179,0.101,1.82,,,Ⅲ
2024-01-23T12:00:00+08:00,1705982400,10.9,7.99,10.11,419.3,23.3,2.26,0.196,0.103,1.93,,,Ⅲ
2024-01-23T16:00:00+08:00,1705996800,11.1,8.01,10.16,420.4,21.5,2.32,0.215,0.103,1.96,,,Ⅲ
2024-01-23T20:00:00+08:00,1706011200,11.1,7.99,10.13,423.1,21.6,2.26,0.191,0.1,1.88,,,Ⅲ
2024-01-24T00:00:00+08:00,1706025600,10.8,7.99,9.98,421.0,21.4,2.18,0.207,0.101,1.97,,,Ⅲ
2024-01-24T04:00:00+08:00,1706040000,10.7,8.0,9.9,419.7,19.0,2.18,0.207,0.101,1.97,,,Ⅲ
2024-01-24T08:00:00+08:00,1706054400,10.6,7.99,9.93,419.4,21.6,2.08,0.194,0.119,1.85,,,Ⅲ
2024-01-24T12:00:00+08:00,1706068800,10.7,8.0,10.24,419.9,23.4,2.43,0.187,0.117,1.88,,,Ⅲ
2024-01-24T16:00:00+08:00,1706083200,11.0,8.03,10.23,415.8,22.0,2.54,0.19,0.101,1.93,,,Ⅲ
2024-01-24T20:00:00+08:00,1706097600,11.3,8.02,10.13,416.3,22.2,2.54,0.182,0.1,1.87,,,Ⅱ
2024-01-25T00:00:00+08:00,1706112000,10.9,8.01,10.14,417.3,24.4,2.13,0.193,0.1,1.79,,,Ⅲ
2024-01-25T04:00:00+08:00,1706126400,10.5,8.02,10.05,417.3,21.5,2.13,0.193,0.1,1.79,,,Ⅲ
2024-01-25T08:00:00+08:00,1706140800,10.8,8.03,10.01,416.1,22.0,2.16,0.174,0.097,1.74,,,Ⅱ
2024-01-25T12:00:00+08:00,1706155200,10.9,8.03,10.3,417.7,24.4,2.35,0.164,0.097,1.86,,,Ⅱ
2024-01-25T16:00:00+08:00,1706169600,11.0,8.04,10.33,415.5,21.4,2.32,0.171,0.099,1.92,,,Ⅱ
2024-01-25T20:00:00+08:00,1706184000,11.3,8.03,10.26,415.1,30.8,2.24,0.16,0.098,1.91,,,Ⅱ
2024-01-26T00:00:00+08:00,1706198400,10.8,8.0,9.96,417.7,24.5,2.18,0.161,0.106,1.89,,,Ⅲ
2024-01-26T04:00:00+08:00,1706212800,10.5,8.02,9.91,420.3,21.4,2.18,0.161,0.106,1.89,,,Ⅲ
2024-01-26T08:00:00+08:00,1706227200,10.8,8.02,10.0,425.7,20.5,2.35,0.159,0.107,1.81,,,Ⅲ
2024-01-26T12:00:00+08:00,1706241600,11.1,8.02,10.26,427.5,23.9,2.32,0.157,0.106,1.94,,,Ⅲ
2024-01-26T16:00:00+08:00,1706256000,11.0,8.04,10.29,419.3,23.0,2.35,0.162,0.11,1.84,,,Ⅲ
2024-01-26T20:00:00+08:00,1706270400,11.3,8.03,10.23,425.2,32.0,2.32,0.164,0.112,1.81,,,Ⅲ
2024-01-27T00:00:00+08:00,1706284800,11.2,8.01,10.19,420.8,26.5,2.32,0.164,0.112,1.81,,,Ⅲ
2024-01-27T04:00:00+08:00,1706299200,10.7,8.02,10.07,418.7,21.4,2.32,0.164,0.112,1.81,,,Ⅲ
2024-01-27T08:00:00+08:00,1706313600,10.9,8.02,10.09,417.3,25.1,2.26,0.148,0.114,1.73,,,Ⅲ
2024-01-27T12:00:00+08:00,1706328000,11.0,8.01,10.23,417.2,42.1,,0.148,0.127,1.81,,,
2024-01-27T16:00:00+08:00,1706342400,11.0,7.97,10.3,413.6,23.8,2.2,0.146,0.121,1.83,,,
2024-01-27T20:00:00+08:00,1706356800,11.3,8.02,10.25,411.6,175.5,2.51,0.15,0.133,2.08,,,Ⅲ
2024-01-28T00:00:00+08:00,1706371200,10.4,8.0,9.8,415.0,30.2,2.51,0.15,0.133,2.08,,,Ⅲ
2024-01-28T04:00:00+08:00,1706385600,10.4,8.01,9.99,414.2,24.5,2.3,0.144,0.115,1.84,,,Ⅲ
2024-01-28T08:00:00+08:00,1706400000,10.7,8.03,10.02,410.4,23.2,2.16,0.131,0.114,1.7,,,Ⅲ
2024-01-28T12:00:00+08:00,1706414400,11.1,8.02,10.31,411.7,25.7,2.1,0.143,0.115,1.81,,,Ⅲ
2024-01-28T16:00:00+08:00,1706428800,11.1,8.04,10.33,409.9,26.6,2.11,0.153,0.114,1.84,,,Ⅲ
2024-01-28T20:00:00+08:00,1706443200,11.3,8.04,10.34,406.4,110.0,2.38,0.138,0.122,1.98,,,Ⅲ
2024-01-29T00:00:00+08:00,1706457600,10.7,8.03,10.02,410.3,78.7,2.38,0.138,0.122,1.98,,,Ⅲ
2024-01-29T04:00:00+08:00,1706472000,10.5,8.03,9.94,409.7,28.7,2.25,0.152,0.119,1.83,,,Ⅲ
2024-01-29T08:00:00+08:00,1706486400,10.8,8.02,10.15,407.6,24.6,2.1,0.128,0.147,1.76,,,Ⅲ
2024-01-29T12:00:00+08:00,1706500800,11.1,8.02,10.36,408.9,30.2,2.16,0.143,0.156,1.71,,,Ⅲ
2024-01-29T16:00:00+08:00,1706515200,10.9,8.02,10.15,409.1,27.0,2.22,0.174,0.151,1.86,,,Ⅲ
2024-01-29T20:00:00+08:00,1706529600,11.3,8.03,10.31,405.1,135.8,2.23,0.15,0.478,2.06,,,Ⅲ
2024-01-30T00:00:00+08:00,1706544000,11.1,8.01,10.14,407.6,30.4,2.23,0.15,0.478,2.06,,,劣Ⅴ
2024-01-30T04:00:00+08:00,1706558400,10.9,8.01,10.12,407.6,24.6,2.13,0.13,0.328,1.8,,,劣Ⅴ
2024-01-30T08:00:00+08:00,1706572800,11.0,8.0,10.11,410.0,22.1,2.12,0.128,0.205,1.85,,,Ⅳ
2024-01-30T12:00:00+08:00,1706587200,11.3,8.0,10.32,416.4,28.2,2.84,0.128,0.122,1.9,,,Ⅲ
2024-01-30T16:00:00+08:00,1706601600,11.0,8.0,10.09,409.6,28.5,2.2,0.156,0.126,1.96,,,Ⅲ
2024-01-30T20:00:00+08:00,1706616000,11.2,8.02,10.25,409.2,89.2,2.11,0.132,0.124,2.12,,,Ⅲ
2024-01-31T00:00:00+08:00,1706630400,11.2,8.0,10.17,409.3,45.5,2.11,0.132,0.124,2.12,,,Ⅲ
2024-01-31T04:00:00+08:00,1706644800,11.0,7.99,10.09,407.0,25.8,2.03,0.131,0.116,1.9,,,Ⅲ
2024-01-31T08:00:00+08:00,1706659200,11.2,8.0,10.12,407.2,40.3,2.08,0.133,0.118,1.76,,,Ⅲ
2024-01-31T12:00:00+08:00,1706673600,11.4,7.99,10.19,413.6,22.0,2.1,0.167,0.117,1.85,,,Ⅲ
2024-01-31T16:00:00+08:00,1706688000,11.3,7.97,10.2,412.3,25.7,2.2,0.163,0.117,1.99,,,Ⅲ
2024-01-31T20:00:00+08:00,1706702400,11.2,7.99,10.12,409.6,25.7,2.27,0.216,0.122,1.95,,,Ⅲ
2024-02-01T00:00:00+08:00,1706716800,11.4,7.97,10.16,407.2,25.9,2.27,0.216,0.122,1.95,,,Ⅲ
2024-02-01T04:00:00+08:00,1706731200,10.9,7.92,9.81,410.2,27.1,4.05,0.263,0.125,2.07,,,Ⅲ
2024-02-01T08:00:00+08:00,1706745600,10.7,7.93,9.91,412.8,22.9,2.68,0.228,0.121,2.48,,,Ⅲ
2024-02-01T16:00:00+08:00,1706774400,10.6,7.84,9.9,427.7,24.6,2.79,0.236,0.127,2.43,,,Ⅲ
2024-02-01T20:00:00+08:00,1706788800,10.5,7.93,9.93,418.6,21.2,3.63,0.199,0.118,2.21,,,Ⅲ
2024-02-02T00:00:00+08:00,1706803200,10.6,7.97,10.12,411.4,29.0,3.63,0.199,0.118,2.21,,,Ⅲ
2024-02-02T08:00:00+08:00,1706832000,10.2,7.96,9.93,413.5,19.8,2.73,0.207,0.115,2.25,,,Ⅲ
2024-02-02T12:00:00+08:00,1706846400,10.3,7.95,9.99,412.7,23.6,2.58,0.195,0.109,2.17,,,Ⅲ
2024-02-02T16:00:00+08:00,1706860800,10.2,7.91,9.84,418.4,27.5,2.5,0.228,0.117,2.09,,,Ⅲ
2024-02-02T20:00:00+08:00,1706875200,10.0,7.92,9.73,416.7,24.9,3.18,0.349,0.129,2.36,,,Ⅲ
2024-02-03T00:00:00+08:00,1706889600,10.0,7.92,9.8,415.2,25.0,2.75,0.318,0.125,2.34,,,Ⅲ
2024-02-03T04:00:00+08:00,1706904000,9.9,7.92,9.87,418.4,18.4,2.86,0.313,0.121,2.4,,,Ⅲ
2024-02-03T08:00:00+08:00,1706918400,9.8,7.96,9.97,412.1,28.9,2.56,0.219,0.111,2.02,,,Ⅲ
2024-02-03T12:00:00+08:00,1706932800,8.9,7.78,8.97,453.7,27.7,2.42,0.215,0.114,2.18,,,Ⅲ
2024-02-03T16:00:00+08:00,1706947200,9.2,7.91,9.56,423.5,23.5,3.88,0.629,0.142,4.43,,,Ⅲ
2024-02-03T20:00:00+08:00,1706961600,9.1,7.93,9.68,422.0,23.5,3.15,0.301,0.123,2.47,,,Ⅲ
2024-02-04T00:00:00+08:00,1706976000,8.9,7.93,9.62,422.8,26.4,2.78,0.243,0.12,2.32,,,Ⅲ
2024-02-04T04:00:00+08:00,1706990400,8.5,7.82,9.34,464.4,26.3,2.78,0.243,0.12,2.32,,,Ⅲ
2024-02-04T08:00:00+08:00,1707004800,8.4,7.84,9.3,456.5,27.2,3.67,0.534,0.128,4.21,,,Ⅲ
2024-02-04T12:00:00+08:00,1707019200,8.1,7.83,9.2,463.5,27.9,3.48,0.55,0.127,4.16,,,Ⅲ
2024-02-04T16:00:00+08:00,1707033600,8.5,7.91,9.5,429.9,32.7,4.0,0.675,0.141,4.73,,,Ⅲ
2024-02-04T20:00:00+08:00,1707048000,8.3,7.92,9.53,427.4,26.2,3.15,0.304,0.124,2.53,,,Ⅲ
2024-02-05T00:00:00+08:00,1707062400,8.1,7.88,9.49,436.2,22.6,2.76,0.288,0.119,2.47,,,Ⅲ
2024-02-05T04:00:00+08:00,1707076800,8.0,7.89,9.38,434.3,22.5,3.07,0.319,0.12,2.65,,,Ⅲ
2024-02-05T08:00:00+08:00,1707091200,7.9,7.89,9.41,435.6,25.4,2.88,0.31,0.118,2.64,,,Ⅲ
2024-02-05T12:00:00+08:00,1707105600,7.9,7.89,9.48,439.3,24.3,2.97,0.325,0.113,2.84,,,Ⅲ
2024-02-05T16:00:00+08:00,1707120000,7.8,7.87,9.44,448.9,23.8,2.97,0.348,0.119,2.79,,,Ⅲ
2024-02-05T20:00:00+08:00,1707134400,7.5,7.86,9.36,455.2,22.7,3.01,0.418,0.121,3.16,,,Ⅲ
2024-02-06T00:00:00+08:00,1707148800,7.5,7.86,9.4,453.0,21.3,4.38,0.505,0.121,3.61,,,Ⅲ
2024-02-06T04:00:00+08:00,1707163200,7.4,7.84,9.28,462.1,21.5,3.53,0.473,0.117,3.58,,,Ⅲ
2024-02-06T08:00:00+08:00,1707177600,7.2,7.82,9.32,472.8,21.4,3.49,0.554,0.12,3.91,,,Ⅲ
2024-02-06T12:00:00+08:00,1707192000,7.2,7.82,9.27,478.1,23.7,3.56,0.648,0.12,4.37,,,Ⅲ
2024-02-06T16:00:00+08:00,1707206400,7.4,7.84,9.35,476.3,26.4,4.02,0.734,0.128,4.75,,,Ⅲ
2024-02-06T20:00:00+08:00,1707220800,7.5,7.8,8.84,455.4,39.5,3.84,0.507,0.156,3.54,,,Ⅲ
2024-02-07T00:00:00+08:00,1707235200,7.4,7.81,8.88,453.4,36.3,3.84,0.507,0.156,3.54,,,Ⅲ
2024-02-07T04:00:00+08:00,1707249600,7.4,7.8,8.91,454.2,31.6,3.45,0.402,0.148,3.08,,,Ⅲ
2024-02-07T08:00:00+08:00,1707264000,7.4,7.81,9.06,453.6,29.5,3.34,0.38,0.14,3.13,,,Ⅲ
2024-02-17T08:00:00+08:00,1708128000,9.4,7.91,9.99,358.8,25.0,2.83,0.173,0.077,2.07,,,Ⅱ
2024-02-17T12:00:00+08:00,1708142400,9.8,7.9,9.98,354.6,37.8,2.76,0.182,0.076,2.1,,,Ⅱ
2024-02-17T16:00:00+08:00,1708156800,10.2,7.89,9.86,363.1,28.9,2.7,0.166,0.085,2.01,,,Ⅱ
2024-02-17T20:00:00+08:00,1708171200,10.2,7.87,9.66,361.2,27.3,2.82,0.276,0.088,2.06,,,Ⅱ
2024-02-18T00:00:00+08:00,1708185600,10.2,7.87,9.74,361.0,26.9,2.79,0.252,0.086,2.15,,,Ⅱ
2024-02-18T04:00:00+08:00,1708200000,10.2,7.87,9.58,360.2,24.0,2.79,0.252,0.086,2.15,,,Ⅱ
2024-02-18T08:00:00+08:00,1708214400,10.2,7.87,9.73,361.1,28.0,2.56,0.248,0.083,2.22,,,Ⅱ
2024-02-18T12:00:00+08:00,1708228800,10.4,7.89,9.85,361.7,27.8,2.73,0.246,0.083,2.06,,,Ⅱ
2024-02-18T16:00:00+08:00,1708243200,10.9,7.77,9.75,376.9,25.8,2.66,0.248,0.084,2.08,,,Ⅱ
2024-02-18T20:00:00+08:00,1708257600,10.8,7.87,9.83,370.7,25.2,2.74,0.264,0.092,2.04,,,Ⅱ
2024-02-19T00:00:00+08:00,1708272000,10.9,7.88,9.84,369.7,26.5,2.71,0.229,0.085,2.06,,,Ⅱ
2024-02-19T04:00:00+08:00,1708286400,10.9,7.88,9.85,368.5,25.2,2.71,0.229,0.085,2.06,,,Ⅱ
2024-02-19T08:00:00+08:00,1708300800,11.0,7.88,9.77,372.6,23.2,2.68,0.216,0.083,2.08,,,Ⅱ
2024-02-19T12:00:00+08:00,1708315200,11.0,7.88,9.81,374.6,24.7,2.93,0.236,0.084,2.08,,,Ⅱ
2024-02-19T16:00:00+08:00,1708329600,11.0,7.89,9.94,370.3,28.9,2.82,0.25,0.087,2.04,,,Ⅱ
2024-02-19T20:00:00+08:00,1708344000,10.8,7.92,10.24,361.9,28.9,2.89,0.226,0.084,2.1,,,Ⅱ
2024-02-20T00:00:00+08:00,1708358400,10.7,7.92,10.07,360.8,27.6,2.66,0.151,0.077,1.98,,,Ⅱ
2024-02-20T04:00:00+08:00,1708372800,10.6,7.92,10.08,364.2,30.6,2.66,0.155,0.075,2.05,,,Ⅱ
2024-02-20T08:00:00+08:00,1708387200,10.4,7.93,10.04,362.4,34.3,6.62,0.169,0.078,1.96,,,Ⅳ
2024-02-20T12:00:00+08:00,1708401600,10.4,7.92,9.98,360.6,54.3,3.29,0.176,0.081,2.01,,,Ⅱ
2024-02-20T16:00:00+08:00,1708416000,10.1,7.9,9.79,372.5,43.3,3.29,0.176,0.5,2.01,,,劣Ⅴ
2024-02-20T20:00:00+08:00,1708430400,9.9,7.9,9.8,366.8,30.7,2.69,0.268,0.101,2.01,,,Ⅲ
2024-02-21T00:00:00+08:00,1708444800,9.9,7.91,9.88,359.8,30.0,3.02,0.242,0.086,2.2,,,Ⅱ
2024-02-21T04:00:00+08:00,1708459200,9.5,7.87,9.72,367.7,40.3,2.76,0.229,0.083,2.11,,,Ⅱ
2024-02-21T08:00:00+08:00,1708473600,9.2,7.8,9.42,397.2,49.2,3.23,0.325,0.103,2.48,,,Ⅲ
2024-02-21T12:00:00+08:00,1708488000,9.0,7.78,9.34,400.8,52.9,4.07,0.507,0.121,3.87,,,Ⅲ
2024-02-21T16:00:00+08:00,1708502400,8.7,7.75,9.2,412.0,67.3,4.39,0.552,0.13,4.17,,,Ⅲ
2024-02-21T20:00:00+08:00,1708516800,7.8,7.57,8.9,433.4,144.6,5.16,0.655,0.143,5.34,,,Ⅲ
2024-02-22T00:00:00+08:00,1708531200,7.4,7.55,8.91,418.0,154.0,7.68,1.03,0.238,12.29,,,Ⅳ
2024-02-22T04:00:00+08:00,1708545600,7.3,7.55,8.8,418.1,142.2,8.32,1.087,0.258,14.78,,,Ⅳ
2024-02-22T08:00:00+08:00,1708560000,7.3,7.57,8.83,419.5,139.0,8.16,1.046,0.249,13.67,,,Ⅳ
2024-02-22T12:00:00+08:00,1708574400,7.3,7.59,8.83,419.8,127.1,7.12,0.985,0.232,11.97,,,Ⅳ
2024-02-22T16:00:00+08:00,1708588800,7.1,7.61,8.88,420.5,111.4,7.19,0.943,0.224,11.08,,,Ⅳ
2024-02-22T20:00:00+08:00,1708603200,7.1,7.62,8.93,422.1,99.1,6.99,0.901,0.21,10.14,,,Ⅳ
2024-02-23T00:00:00+08:00,1708617600,7.0,7.62,8.89,420.1,92.1,6.59,0.864,0.194,9.14,,,Ⅳ
2024-02-23T04:00:00+08:00,1708632000,6.8,7.61,8.75,419.3,89.1,6.34,0.833,0.186,8.77,,,Ⅳ
2024-02-23T08:00:00+08:00,1708646400,6.7,7.6,8.77,421.1,85.2,6.22,0.861,0.188,8.51,,,Ⅳ
2024-02-23T12:00:00+08:00,1708660800,7.0,7.62,9.05,419.8,80.7,6.0,0.864,0.183,8.64,,,Ⅲ
2024-02-23T16:00:00+08:00,1708675200,6.8,7.56,8.8,417.4,94.3,6.14,0.84,0.18,8.12,,,Ⅳ
2024-02-23T20:00:00+08:00,1708689600,6.7,7.64,8.82,416.8,87.7,6.37,0.876,0.191,8.54,,,Ⅳ
2024-02-24T00:00:00+08:00,1708704000,6.6,7.61,8.74,416.0,83.7,6.39,0.858,0.186,8.3,,,Ⅳ
2024-02-24T04:00:00+08:00,1708718400,6.6,7.62,8.69,417.6,80.8,6.32,0.84,0.183,7.74,,,Ⅳ
2024-02-24T08:00:00+08:00,1708732800,6.4,7.63,8.73,420.8,110.5,6.19,0.828,0.181,7.76,,,Ⅳ
2024-02-24T12:00:00+08:00,1708747200,6.4,7.64,8.74,419.2,76.2,6.06,0.841,0.188,8.07,,,Ⅳ
2024-02-24T16:00:00+08:00,1708761600,6.4,7.64,8.78,423.3,74.6,5.95,0.811,0.174,7.28,,,Ⅲ
2024-02-24T20:00:00+08:00,1708776000,6.4,7.63,8.63,426.4,66.9,6.98,0.82,0.176,7.45,,,Ⅳ
2024-02-25T00:00:00+08:00,1708790400,6.3,7.64,8.61,417.1,64.3,6.14,0.857,0.172,6.94,,,Ⅳ
2024-02-25T04:00:00+08:00,1708804800,6.2,7.64,8.66,420.5,60.9,5.55,0.73,0.159,6.38,,,Ⅲ
2024-02-25T08:00:00+08:00,1708819200,6.2,7.65,8.61,422.6,61.9,5.61,0.75,0.16,6.3,,,Ⅲ
2024-02-25T12:00:00+08:00,1708833600,6.6,7.66,8.87,421.5,61.3,5.19,0.74,0.159,6.37,,,Ⅲ
2024-02-25T16:00:00+08:00,1708848000,6.9,7.67,8.88,419.4,59.5,5.3,0.719,0.158,6.14,,,Ⅲ
2024-02-25T20:00:00+08:00,1708862400,6.7,7.67,8.8,420.3,57.4,5.48,0.721,0.156,6.12,,,Ⅲ
2024-02-26T00:00:00+08:00,1708876800,6.7,7.66,8.8,423.9,56.2,5.4,0.721,0.154,5.99,,,Ⅲ
2024-02-26T04:00:00+08:00,1708891200,6.7,7.65,8.71,424.6,53.9,5.42,0.709,0.151,5.8,,,Ⅲ
2024-02-26T08:00:00+08:00,1708905600,6.6,7.66,8.76,425.3,54.6,5.28,0.693,0.149,5.98,,,Ⅲ
2024-02-26T12:00:00+08:00,1708920000,6.8,7.66,8.68,434.5,59.0,4.97,0.699,0.148,5.84,,,Ⅲ
2024-02-26T16:00:00+08:00,1708934400,7.5,7.68,8.91,431.6,57.7,5.04,0.576,0.142,5.04,,,Ⅲ
2024-02-26T20:00:00+08:00,1708948800,8.2,7.79,8.78,414.9,73.8,5.04,0.576,0.142,5.04,,,Ⅲ
2024-02-27T00:00:00+08:00,1708963200,10.0,7.93,9.5,347.2,37.2,4.02,0.473,0.208,3.42,,,Ⅳ
2024-02-27T04:00:00+08:00,1708977600,9.8,7.92,9.48,348.7,30.5,3.9,0.201,0.094,2.21,,,Ⅱ
2024-02-27T08:00:00+08:00,1708992000,9.7,7.93,9.47,349.8,49.7,2.96,0.183,0.096,2.23,,,Ⅱ
2024-02-27T12:00:00+08:00,1709006400,10.2,7.94,9.66,346.4,33.7,2.96,0.183,0.096,2.23,,,Ⅱ
2024-02-27T16:00:00+08:00,1709020800,10.5,7.95,9.79,343.5,35.0,2.81,0.18,0.083,2.13,,,Ⅱ
2024-02-27T20:00:00+08:00,1709035200,10.3,7.93,9.73,345.7,59.2,3.11,0.179,0.097,2.28,,,Ⅱ
2024-02-28T00:00:00+08:00,1709049600,10.2,7.93,9.49,347.3,37.6,3.11,0.179,0.097,2.28,,,Ⅱ
2024-02-28T04:00:00+08:00,1709064000,10.1,7.93,9.5,346.1,28.7,2.86,0.189,0.086,2.17,,,Ⅱ
2024-02-28T08:00:00+08:00,1709078400,10.0,7.93,9.53,346.9,54.2,2.71,0.149,0.079,1.96,,,Ⅱ
2024-02-28T12:00:00+08:00,1709092800,10.0,7.93,9.54,349.7,35.5,2.8,0.172,0.085,2.18,,,Ⅱ
2024-02-28T16:00:00+08:00,1709107200,10.0,7.94,9.68,347.8,31.7,2.8,0.172,0.085,2.18,,,Ⅱ
2024-02-28T20:00:00+08:00,1709121600,9.9,7.93,9.54,347.3,45.5,2.79,0.146,0.081,2.07,,,Ⅱ
2024-02-29T00:00:00+08:00,1709136000,9.9,7.93,9.53,349.4,36.6,3.0,0.171,0.09,2.19,,,Ⅱ
2024-02-29T04:00:00+08:00,1709150400,9.8,7.93,9.44,348.4,25.8,2.69,0.159,0.079,2.03,,,Ⅱ
2024-02-29T08:00:00+08:00,1709164800,9.7,7.91,9.38,351.3,39.7,3.0,0.188,0.089,2.24,,,Ⅱ
2024-02-29T12:00:00+08:00,1709179200,9.8,7.91,9.48,350.8,36.9,3.0,0.188,0.089,2.24,,,Ⅱ
2024-03-01T08:00:00+08:00,1709251200,8.9,7.77,8.96,394.7,47.3,3.1,0.257,0.088,2.78,,,Ⅱ
2024-03-01T12:00:00+08:00,1709265600,9.7,7.93,9.64,349.5,43.7,3.58,0.3,0.106,3.41,,,Ⅲ
2024-03-01T16:00:00+08:00,1709280000,10.0,7.95,9.83,349.1,31.6,2.77,0.164,0.091,2.03,,,Ⅱ
2024-03-01T20:00:00+08:00,1709294400,9.8,7.94,9.72,351.1,29.2,3.37,0.157,0.088,2.02,,,Ⅱ
2024-03-02T00:00:00+08:00,1709308800,9.6,7.9,9.43,355.0,31.3,2.78,0.155,0.084,2.02,,,Ⅱ
2024-03-02T04:00:00+08:00,1709323200,9.5,7.91,9.53,350.4,27.7,2.69,0.239,0.096,2.18,,,Ⅱ
2024-03-02T08:00:00+08:00,1709337600,9.4,7.9,9.54,354.5,36.5,2.54,0.193,0.088,1.97,,,Ⅱ
2024-03-02T12:00:00+08:00,1709352000,9.6,7.89,9.31,357.4,31.3,2.75,0.19,0.09,2.06,,,Ⅱ
2024-03-02T16:00:00+08:00,1709366400,10.2,7.92,9.77,350.0,29.5,2.66,0.234,0.096,2.12,,,Ⅱ
2024-03-02T20:00:00+08:00,1709380800,10.0,7.9,9.57,350.8,28.1,2.96,0.194,0.118,2.2,,,Ⅲ
2024-03-03T00:00:00+08:00,1709395200,9.9,7.9,9.47,351.2,28.4,2.64,0.187,0.088,2.16,,,Ⅱ
2024-03-03T04:00:00+08:00,1709409600,9.7,7.87,9.14,360.8,29.3,2.59,0.195,0.087,2.19,,,Ⅱ
2024-03-03T08:00:00+08:00,1709424000,9.6,7.87,9.2,361.1,36.2,2.63,0.237,0.091,2.04,,,Ⅱ
2024-03-03T12:00:00+08:00,1709438400,10.0,7.89,9.47,353.4,65.2,3.62,0.236,0.094,2.15,,,Ⅱ
2024-03-03T16:00:00+08:00,1709452800,10.2,7.9,9.52,349.8,31.8,3.16,0.2,0.106,2.37,,,Ⅲ
2024-03-03T20:00:00+08:00,1709467200,10.2,7.89,9.51,349.1,24.3,2.78,0.204,0.089,2.1,,,Ⅱ
2024-03-04T00:00:00+08:00,1709481600,10.1,7.89,9.55,344.3,27.3,2.44,0.198,0.084,2.06,,,Ⅱ
2024-03-04T04:00:00+08:00,1709496000,10.1,7.85,9.1,358.1,23.3,2.53,0.192,0.084,2.06,,,Ⅱ
2024-03-04T08:00:00+08:00,1709510400,10.0,7.84,9.0,362.3,26.7,2.67,0.252,0.087,2.03,,,Ⅱ
2024-03-04T12:00:00+08:00,1709524800,10.1,7.88,9.48,346.0,35.0,2.73,0.278,0.091,2.16,,,Ⅱ
2024-03-04T16:00:00+08:00,1709539200,9.9,7.88,9.58,339.0,23.8,2.68,0.189,0.087,2.11,,,Ⅱ
2024-03-04T20:00:00+08:00,1709553600,10.0,7.89,9.57,336.5,22.4,2.36,0.194,0.08,2.01,,,Ⅱ
2024-03-05T00:00:00+08:00,1709568000,9.9,7.9,9.58,336.1,22.4,2.63,0.17,0.077,1.75,,,Ⅱ
2024-03-05T04:00:00+08:00,1709582400,10.0,7.88,9.5,340.4,19.0,2.58,0.175,0.076,1.94,,,Ⅱ
2024-03-05T12:00:00+08:00,1709611200,10.0,7.86,9.22,348.2,23.2,2.52,0.175,0.076,2.02,,,Ⅱ
2024-03-05T16:00:00+08:00,1709625600,9.9,7.88,9.43,346.2,24.1,2.34,0.236,0.084,2.1,,,Ⅱ
2024-03-05T20:00:00+08:00,1709640000,10.0,7.87,9.42,346.3,21.6,2.67,0.206,0.082,1.96,,,Ⅱ
2024-03-06T00:00:00+08:00,1709654400,9.9,7.88,9.46,347.1,23.1,6.05,0.199,0.078,1.97,,,Ⅳ
2024-03-06T04:00:00+08:00,1709668800,9.7,7.89,9.46,345.5,23.4,3.08,0.19,0.079,1.95,,,Ⅱ
2024-03-06T08:00:00+08:00,1709683200,9.7,7.89,9.51,347.4,29.2,2.95,0.19,0.078,1.98,,,Ⅱ
2024-03-06T12:00:00+08:00,1709697600,9.7,7.91,9.54,346.7,34.5,2.81,0.2,0.085,2.06,,,Ⅱ
2024-03-06T16:00:00+08:00,1709712000,9.9,7.89,9.42,351.6,36.2,2.96,0.204,0.087,2.02,,,Ⅱ
2024-03-06T20:00:00+08:00,1709726400,9.8,7.89,9.48,345.8,29.1,2.97,0.236,0.096,2.16,,,Ⅱ
2024-03-07T00:00:00+08:00,1709740800,9.8,7.89,9.51,345.9,23.9,2.85,0.245,0.089,2.1,,,Ⅱ
2024-03-07T04:00:00+08:00,1709755200,9.6,7.89,9.4,345.1,23.4,2.85,0.245,0.089,2.1,,,Ⅱ
2024-03-07T08:00:00+08:00,1709769600,9.5,7.89,9.52,347.5,25.6,2.58,0.203,0.078,2.07,,,Ⅱ
2024-03-07T12:00:00+08:00,1709784000,10.0,7.91,9.63,349.2,32.4,2.86,0.21,0.081,2.14,,,Ⅱ
2024-03-07T16:00:00+08:00,1709798400,10.2,7.91,9.8,340.6,37.7,2.84,0.222,0.087,2.07,,,Ⅱ
2024-03-07T20:00:00+08:00,1709812800,9.8,7.91,9.72,333.9,28.0,2.95,0.204,0.088,2.05,,,Ⅱ
2024-03-08T00:00:00+08:00,1709827200,9.8,7.92,9.77,331.7,21.9,3.71,0.184,0.081,1.96,,,Ⅱ
2024-03-08T04:00:00+08:00,1709841600,9.7,7.92,9.68,332.9,22.8,3.71,0.184,0.081,1.96,,,Ⅱ
2024-03-08T08:00:00+08:00,1709856000,9.6,7.84,9.05,356.4,22.0,2.62,0.19,0.079,1.98,,,Ⅱ
2024-03-08T12:00:00+08:00,1709870400,10.0,7.86,9.27,370.0,19.7,2.97,0.328,0.09,2.12,,,Ⅱ
2024-03-08T16:00:00+08:00,1709884800,10.4,7.84,9.28,376.6,34.6,3.12,0.344,0.103,2.29,,,Ⅲ
2024-03-08T20:00:00+08:00,1709899200,9.9,7.92,9.87,333.6,42.4,2.88,0.17,0.092,1.92,,,Ⅱ
2024-03-09T00:00:00+08:00,1709913600,9.8,7.91,9.79,339.2,26.5,2.88,0.17,0.092,1.92,,,Ⅱ
2024-03-09T04:00:00+08:00,1709928000,9.7,7.92,9.78,337.8,22.9,3.74,0.147,0.079,1.89,,,Ⅱ
2024-03-09T08:00:00+08:00,1709942400,9.5,7.9,9.56,340.3,31.5,2.88,0.177,0.088,1.98,,,Ⅱ
2024-03-09T12:00:00+08:00,1709956800,10.2,7.95,10.32,337.7,21.8,2.78,0.159,0.079,1.82,,,Ⅱ
2024-03-09T16:00:00+08:00,1709971200,10.3,7.9,10.0,341.1,21.9,2.69,0.174,0.079,1.84,,,Ⅱ
2024-03-09T20:00:00+08:00,1709985600,10.0,7.91,9.92,329.4,43.3,2.96,0.152,0.088,1.96,,,Ⅱ
2024-03-10T00:00:00+08:00,1710000000,9.9,7.91,9.75,329.8,22.7,2.96,0.152,0.088,1.96,,,Ⅱ
2024-03-10T04:00:00+08:00,1710014400,9.8,7.92,9.78,329.3,21.2,2.64,0.138,0.074,1.96,,,Ⅱ
2024-03-10T08:00:00+08:00,1710028800,9.8,7.9,9.68,337.2,60.0,3.08,0.183,0.101,2.14,,,Ⅲ
2024-03-10T12:00:00+08:00,1710043200,10.3,7.93,9.98,331.6,23.2,2.77,0.157,0.078,1.87,,,Ⅱ
2024-03-10T16:00:00+08:00,1710057600,10.6,7.95,10.21,330.2,28.9,2.83,0.14,0.078,1.78,,,Ⅱ
2024-03-10T20:00:00+08:00,1710072000,10.5,7.91,9.94,333.3,40.0,2.86,0.17,0.087,2.0,,,Ⅱ
2024-03-11T00:00:00+08:00,1710086400,10.3,7.92,9.9,323.0,25.3,2.86,0.17,0.087,2.0,,,Ⅱ
2024-03-11T04:00:00+08:00,1710100800,10.3,7.92,9.92,323.7,23.4,2.57,0.136,0.071,1.8,,,Ⅱ
2024-03-11T08:00:00+08:00,1710115200,10.4,7.89,9.63,335.3,32.4,2.84,0.195,0.081,1.96,,,Ⅱ
2024-03-11T16:00:00+08:00,1710144000,11.0,7.94,10.19,322.6,32.6,2.81,0.149,0.073,1.77,,,Ⅱ
2024-03-11T20:00:00+08:00,1710158400,11.0,7.91,9.82,336.2,46.5,2.69,0.134,0.075,1.88,,,Ⅱ
2024-03-12T00:00:00+08:00,1710172800,10.7,7.91,9.84,324.7,30.9,1.22,0.19,0.089,2.01,,,Ⅱ
2024-03-12T04:00:00+08:00,1710187200,10.8,7.91,9.79,325.7,21.8,1.22,0.19,0.089,2.01,,,Ⅱ
2024-03-12T08:00:00+08:00,1710201600,10.7,7.91,9.78,327.5,39.3,2.37,0.137,0.07,1.87,,,Ⅱ
2024-03-12T12:00:00+08:00,1710216000,11.1,7.92,10.04,333.5,26.5,2.67,0.151,0.08,1.91,,,Ⅱ
2024-03-12T16:00:00+08:00,1710230400,11.5,7.96,10.42,324.9,26.9,2.98,0.142,0.074,1.93,,,Ⅱ
2024-03-12T20:00:00+08:00,1710244800,11.4,7.91,9.9,339.7,45.2,2.58,0.123,0.073,1.84,,,Ⅱ
2024-03-13T00:00:00+08:00,1710259200,11.2,7.93,9.93,323.9,26.7,2.75,0.191,0.087,2.14,,,Ⅱ
2024-03-13T04:00:00+08:00,1710273600,11.1,7.93,9.83,322.2,20.2,2.75,0.191,0.087,2.14,,,Ⅱ
2024-03-13T08:00:00+08:00,1710288000,11.0,7.93,9.86,321.9,34.4,2.53,0.118,0.067,1.86,,,Ⅱ
2024-03-13T12:00:00+08:00,1710302400,11.4,7.95,10.11,322.7,23.8,2.58,0.123,0.076,1.84,,,Ⅱ
2024-03-13T20:00:00+08:00,1710331200,11.7,7.94,10.07,324.5,26.2,2.38,0.11,0.07,1.9,,,Ⅱ
2024-03-14T00:00:00+08:00,1710345600,11.6,7.93,9.91,326.6,23.4,2.81,0.121,0.073,2.02,,,Ⅱ
2024-03-14T04:00:00+08:00,1710360000,11.6,7.92,9.82,326.4,17.9,2.81,0.121,0.073,2.02,,,Ⅱ
2024-03-14T08:00:00+08:00,1710374400,11.6,7.92,9.78,329.0,23.7,2.65,0.127,0.067,1.96,,,Ⅱ
2024-03-14T12:00:00+08:00,1710388800,11.7,7.91,9.7,327.5,24.4,3.17,0.132,0.072,1.92,,,Ⅱ
2024-03-14T16:00:00+08:00,1710403200,11.8,7.93,9.98,326.4,20.7,2.7,0.139,0.074,1.94,,,Ⅱ
2024-03-14T20:00:00+08:00,1710417600,11.7,7.93,9.86,324.7,27.3,2.67,0.142,0.074,2.0,,,Ⅱ
2024-03-15T00:00:00+08:00,1710432000,11.7,7.92,9.7,328.8,25.8,2.36,0.122,0.074,1.89,,,Ⅱ
2024-03-15T04:00:00+08:00,1710446400,11.7,7.93,9.72,323.0,17.1,2.36,0.122,0.074,1.89,,,Ⅱ
2024-03-15T08:00:00+08:00,1710460800,11.6,7.92,9.67,324.4,27.7,2.53,0.12,0.068,1.9,,,Ⅱ
2024-03-15T12:00:00+08:00,1710475200,12.0,7.92,9.82,325.0,29.7,2.5,0.149,0.076,1.97,,,Ⅱ
2024-03-15T20:00:00+08:00,1710504000,12.4,7.94,10.02,320.0,26.9,2.67,0.108,0.073,1.85,,,Ⅱ
2024-03-17T08:00:00+08:00,1710633600,13.1,7.92,9.49,336.6,23.8,2.56,0.19,0.075,1.95,,,Ⅱ
2024-03-17T12:00:00+08:00,1710648000,13.1,7.88,9.23,338.5,26.6,2.66,0.167,0.075,1.92,,,Ⅱ
2024-03-17T16:00:00+08:00,1710662400,12.9,7.94,9.77,324.1,30.4,2.88,0.229,0.085,2.08,,,Ⅱ
2024-03-18T12:00:00+08:00,1710734400,12.4,7.99,9.86,322.3,36.4,2.58,0.122,0.063,1.97,,,Ⅱ
2024-03-18T16:00:00+08:00,1710748800,12.5,7.94,9.16,338.7,51.4,2.72,0.106,0.071,1.78,,,Ⅱ
2024-03-18T20:00:00+08:00,1710763200,12.5,7.96,9.24,337.9,50.9,2.86,0.218,0.085,1.96,,,Ⅱ
2024-03-19T00:00:00+08:00,1710777600,12.4,8.06,9.48,332.7,70.1,2.72,0.205,0.082,2.0,,,Ⅱ
2024-03-19T04:00:00+08:00,1710792000,12.3,8.1,9.42,332.2,87.2,2.57,0.171,0.076,2.02,,,Ⅱ
2024-03-19T08:00:00+08:00,1710806400,12.2,8.11,9.46,331.4,80.1,2.55,0.173,0.074,2.16,,,Ⅱ
2024-03-19T12:00:00+08:00,1710820800,12.7,8.11,9.92,334.0,62.8,1.9,0.164,0.07,2.16,,,Ⅱ
2024-03-19T16:00:00+08:00,1710835200,13.0,8.02,9.88,333.6,85.5,,0.171,0.072,1.92,,,
2024-03-19T20:00:00+08:00,1710849600,12.9,8.05,9.7,333.3,75.9,,0.168,0.095,2.29,,,
2024-03-20T00:00:00+08:00,1710864000,12.8,8.07,9.6,332.4,61.5,2.48,0.157,0.076,2.13,,,Ⅱ
2024-03-20T04:00:00+08:00,1710878400,12.6,8.07,9.49,333.7,56.5,2.48,0.157,0.076,2.13,,,Ⅱ
2024-03-20T12:00:00+08:00,1710907200,13.1,8.03,9.84,341.6,55.8,2.67,0.188,0.077,2.09,,,Ⅱ
2024-03-20T16:00:00+08:00,1710921600,13.3,8.01,9.89,336.4,64.6,2.67,0.202,0.085,2.09,,,Ⅱ
2024-03-20T20:00:00+08:00,1710936000,13.3,7.98,9.8,339.6,37.5,1.98,0.117,0.082,2.15,,,Ⅱ
2024-03-21T00:00:00+08:00,1710950400,13.3,7.96,9.77,345.2,36.6,1.98,0.117,0.082,2.15,,,Ⅱ
2024-03-21T04:00:00+08:00,1710964800,13.1,7.96,9.6,346.2,34.0,1.88,0.137,0.08,2.05,,,Ⅱ
2024-03-21T08:00:00+08:00,1710979200,13.0,7.97,9.65,349.4,43.3,2.1,0.145,0.088,2.26,,,Ⅱ
2024-03-21T12:00:00+08:00,1710993600,13.6,8.03,10.16,344.9,34.6,2.05,0.131,0.08,2.14,,,Ⅱ
2024-03-21T16:00:00+08:00,1711008000,14.0,8.05,10.27,344.0,39.6,2.1,0.134,0.082,2.12,,,Ⅱ
2024-03-21T20:00:00+08:00,1711022400,13.8,8.0,9.8,348.9,39.6,2.04,0.18,0.088,2.14,,,Ⅱ
2024-03-22T00:00:00+08:00,1711036800,13.7,7.98,9.56,353.8,43.8,2.04,0.18,0.088,2.14,,,Ⅱ
2024-03-22T04:00:00+08:00,1711051200,13.6,7.98,9.5,352.0,37.5,1.83,0.155,0.078,2.2,,,Ⅱ
2024-03-22T08:00:00+08:00,1711065600,13.7,7.98,9.35,358.9,53.3,1.93,0.184,0.078,2.16,,,Ⅱ
2024-03-22T12:00:00+08:00,1711080000,14.3,8.03,9.96,357.7,51.4,1.99,0.186,0.081,2.22,,,Ⅱ
2024-03-22T16:00:00+08:00,1711094400,14.8,8.03,9.95,361.4,77.6,2.29,0.213,0.092,2.32,,,Ⅱ
2024-03-22T20:00:00+08:00,1711108800,14.8,7.96,9.61,352.6,53.6,2.24,0.229,0.091,2.28,,,Ⅱ
2024-03-23T00:00:00+08:00,1711123200,14.8,7.99,9.53,347.6,74.2,2.24,0.229,0.091,2.28,,,Ⅱ
2024-03-23T04:00:00+08:00,1711137600,14.8,7.99,9.55,346.5,61.1,1.74,0.145,0.073,2.1,,,Ⅱ
2024-03-23T08:00:00+08:00,1711152000,14.7,7.99,9.45,346.7,77.1,1.79,0.144,0.08,2.18,,,Ⅱ
2024-03-23T12:00:00+08:00,1711166400,14.8,7.97,9.4,347.8,75.2,1.93,0.147,0.088,2.21,,,Ⅱ
2024-03-23T16:00:00+08:00,1711180800,14.8,7.97,9.25,348.7,73.5,2.04,0.183,0.091,2.22,,,Ⅱ
2024-03-23T20:00:00+08:00,1711195200,14.7,7.99,9.45,339.4,120.6,1.87,0.115,0.085,2.14,,,Ⅱ
2024-03-24T00:00:00+08:00,1711209600,14.8,7.95,9.22,339.0,38.2,1.87,0.115,0.085,2.14,,,Ⅱ
2024-03-24T04:00:00+08:00,1711224000,14.8,7.99,9.18,339.6,51.2,1.56,0.108,0.068,2.01,,,Ⅱ
2024-03-24T08:00:00+08:00,1711238400,14.7,7.95,9.17,341.1,38.3,1.66,0.121,0.079,2.04,,,Ⅱ
2024-03-24T12:00:00+08:00,1711252800,14.8,7.97,9.47,341.3,25.4,1.59,0.118,0.073,1.93,,,Ⅱ
2024-03-24T16:00:00+08:00,1711267200,14.9,7.98,9.54,340.6,34.1,1.63,0.093,0.072,1.88,,,Ⅱ
2024-03-24T20:00:00+08:00,1711281600,14.8,7.98,9.32,343.0,126.9,1.81,0.136,0.084,2.28,,,Ⅱ
2024-03-25T00:00:00+08:00,1711296000,14.8,7.96,9.29,340.8,25.4,1.81,0.136,0.084,2.28,,,Ⅱ
2024-03-25T04:00:00+08:00,1711310400,14.8,7.96,9.19,339.0,36.1,1.47,0.139,0.074,1.98,,,Ⅱ
2024-03-25T08:00:00+08:00,1711324800,14.8,7.97,9.25,339.9,31.1,1.51,0.119,0.07,1.81,,,Ⅱ
2024-03-25T12:00:00+08:00,1711339200,14.8,7.95,9.08,346.2,91.2,2.04,0.168,0.092,2.33,,,Ⅱ
2024-03-25T16:00:00+08:00,1711353600,14.7,7.95,9.06,349.1,40.6,1.69,0.18,0.082,2.0,,,Ⅱ
2024-03-25T20:00:00+08:00,1711368000,14.6,7.94,9.06,347.5,48.3,1.95,0.159,0.088,2.01,,,Ⅱ
2024-03-26T00:00:00+08:00,1711382400,14.6,7.96,9.01,346.2,25.6,1.95,0.159,0.088,2.01,,,Ⅱ
2024-03-26T04:00:00+08:00,1711396800,14.5,7.97,9.07,345.9,28.3,1.5,0.156,0.076,1.95,,,Ⅱ
2024-03-26T08:00:00+08:00,1711411200,14.5,7.95,8.95,348.8,35.4,1.5,0.156,0.076,1.95,,,Ⅱ
2024-03-26T12:00:00+08:00,1711425600,15.0,7.99,9.34,345.1,34.6,1.66,0.121,0.077,1.94,,,Ⅱ
2024-03-26T16:00:00+08:00,1711440000,15.3,7.86,9.62,346.0,30.0,1.63,0.117,0.078,1.91,,,Ⅱ
2024-03-26T20:00:00+08:00,1711454400,15.2,7.97,9.31,345.8,42.1,1.7,0.115,0.075,2.0,,,Ⅱ
2024-03-27T00:00:00+08:00,1711468800,15.1,7.96,9.08,345.4,25.8,1.78,0.112,0.081,1.94,,,Ⅱ
2024-03-27T04:00:00+08:00,1711483200,15.0,7.97,9.14,344.2,21.4,1.78,0.112,0.081,1.94,,,Ⅱ
2024-03-27T08:00:00+08:00,1711497600,15.1,7.95,9.02,346.9,40.8,1.4,0.096,0.07,1.78,,,Ⅱ
2024-03-27T12:00:00+08:00,1711512000,15.1,7.96,9.08,345.0,26.4,1.59,0.11,0.077,1.87,,,Ⅱ
2024-03-27T16:00:00+08:00,1711526400,15.1,7.97,9.23,343.6,27.4,1.6,0.144,0.076,1.86,,,Ⅱ
2024-03-27T20:00:00+08:00,1711540800,15.1,7.95,9.05,343.8,38.2,1.54,0.114,0.072,1.95,,,Ⅱ
2024-03-28T00:00:00+08:00,1711555200,15.0,7.94,8.94,344.8,22.5,1.76,0.139,0.082,1.95,,,Ⅱ
2024-03-28T04:00:00+08:00,1711569600,15.0,7.91,8.97,354.0,18.4,1.76,0.139,0.082,1.95,,,Ⅱ
2024-03-28T08:00:00+08:00,1711584000,15.0,7.94,8.92,345.5,36.4,1.41,0.099,0.066,1.73,,,Ⅱ
2024-03-28T12:00:00+08:00,1711598400,15.1,7.95,9.0,345.9,26.1,1.59,0.105,0.074,1.88,,,Ⅱ
2024-03-28T16:00:00+08:00,1711612800,15.5,7.97,9.29,348.0,25.7,1.58,0.122,0.072,1.85,,,Ⅱ
2024-03-28T20:00:00+08:00,1711627200,15.3,7.95,8.98,349.3,37.3,1.6,0.101,0.069,1.87,,,Ⅱ
2024-03-29T00:00:00+08:00,1711641600,15.2,7.92,8.71,350.9,23.8,1.76,0.12,0.078,2.02,,,Ⅱ
2024-03-29T04:00:00+08:00,1711656000,15.1,7.94,8.79,348.8,26.8,1.76,0.12,0.078,2.02,,,Ⅱ
2024-03-29T08:00:00+08:00,1711670400,15.1,7.93,8.7,350.0,43.7,1.4,0.135,0.07,1.86,,,Ⅱ
2024-03-29T12:00:00+08:00,1711684800,15.9,7.97,9.27,345.2,25.2,1.76,0.134,0.082,1.98,,,Ⅱ
2024-03-29T16:00:00+08:00,1711699200,16.4,7.99,9.44,346.0,23.6,1.58,0.131,0.075,1.82,,,Ⅱ
2024-03-29T20:00:00+08:00,1711713600,16.4,7.95,9.06,351.7,27.0,1.54,0.108,0.069,1.82,,,Ⅱ
2024-03-30T00:00:00+08:00,1711728000,16.2,7.97,8.99,347.4,24.6,1.73,0.142,0.076,1.9,,,Ⅱ
2024-03-30T04:00:00+08:00,1711742400,16.2,7.96,8.94,348.1,22.6,1.73,0.142,0.076,1.9,,,Ⅱ
2024-03-30T08:00:00+08:00,1711756800,16.1,7.93,8.81,352.6,32.9,1.42,0.112,0.069,1.8,,,Ⅱ
2024-03-30T12:00:00+08:00,1711771200,16.3,7.96,9.04,346.1,26.8,1.71,0.137,0.078,2.05,,,Ⅱ
2024-03-30T16:00:00+08:00,1711785600,16.9,8.0,9.45,345.8,33.6,1.38,0.126,0.074,1.84,,,Ⅱ
2024-03-30T20:00:00+08:00,1711800000,16.8,7.97,9.13,345.6,31.0,1.45,0.114,0.076,1.94,,,Ⅱ
2024-03-31T00:00:00+08:00,1711814400,16.6,7.96,8.96,348.2,21.4,1.5,0.126,0.075,1.96,,,Ⅱ
2024-03-31T04:00:00+08:00,1711828800,16.5,7.95,8.9,352.1,23.5,1.45,0.135,0.072,1.87,,,Ⅱ
2024-03-31T08:00:00+08:00,1711843200,16.4,7.94,8.7,351.9,36.3,1.42,0.103,0.069,1.84,,,Ⅱ
2024-03-31T12:00:00+08:00,1711857600,16.2,7.99,9.08,346.8,29.5,1.58,0.135,0.077,1.9,,,Ⅱ
2024-03-31T16:00:00+08:00,1711872000,16.7,8.01,9.36,348.7,30.4,1.53,0.11,0.075,1.76,,,Ⅱ
2024-03-31T20:00:00+08:00,1711886400,16.6,7.99,9.05,349.2,28.0,1.47,0.124,0.075,1.78,,,Ⅱ
2024-04-01T00:00:00+08:00,1711900800,16.6,7.9,8.14,357.7,22.9,1.45,0.126,0.075,1.84,,,Ⅱ
2024-04-01T04:00:00+08:00,1711915200,16.5,7.97,8.73,350.0,19.9,1.68,0.243,0.09,2.0,,,Ⅱ
2024-04-01T08:00:00+08:00,1711929600,16.4,7.98,8.67,350.6,42.6,1.3,0.114,0.071,1.79,,,Ⅱ
2024-04-01T12:00:00+08:00,1711944000,16.8,7.97,9.02,352.5,24.5,1.58,0.123,0.083,1.8,,,Ⅱ
2024-04-01T16:00:00+08:00,1711958400,17.4,8.06,9.57,352.7,17.6,1.4,0.129,0.079,1.83,,,Ⅱ
2024-04-01T20:00:00+08:00,1711972800,17.4,8.01,9.06,352.4,16.1,1.34,0.082,0.066,1.73,,,Ⅱ
2024-04-02T00:00:00+08:00,1711987200,17.4,8.02,9.2,353.0,17.7,1.34,0.082,0.066,1.73,,,Ⅱ
2024-04-02T04:00:00+08:00,1712001600,17.3,8.0,9.07,352.6,17.0,1.31,0.075,0.066,1.76,,,Ⅱ
2024-04-02T08:00:00+08:00,1712016000,17.3,8.0,9.09,354.6,20.4,1.28,0.078,0.067,1.71,,,Ⅱ
2024-04-02T12:00:00+08:00,1712030400,17.4,7.98,8.89,359.0,19.4,1.46,0.112,0.072,1.81,,,Ⅱ
2024-04-02T16:00:00+08:00,1712044800,17.4,8.0,9.0,356.7,20.4,1.46,0.112,0.072,1.81,,,Ⅱ
2024-04-02T20:00:00+08:00,1712059200,17.4,7.97,8.75,358.3,15.8,1.52,0.144,0.077,1.87,,,Ⅱ
2024-04-03T00:00:00+08:00,1712073600,17.4,7.99,8.94,356.6,20.0,1.52,0.089,0.065,1.84,,,Ⅱ
2024-04-03T04:00:00+08:00,1712088000,17.4,7.99,8.71,356.2,20.8,1.56,0.093,0.067,1.9,,,Ⅱ
2024-04-03T08:00:00+08:00,1712102400,17.2,8.0,8.85,356.9,18.7,1.33,0.104,0.068,1.7,,,Ⅱ
2024-04-03T12:00:00+08:00,1712116800,17.4,7.97,8.53,362.9,23.4,1.42,0.112,0.068,1.8,,,Ⅱ
2024-04-03T16:00:00+08:00,1712131200,17.3,7.99,8.78,361.3,19.8,1.7,0.136,0.077,1.88,,,Ⅱ
2024-04-03T20:00:00+08:00,1712145600,17.2,7.97,8.79,363.6,23.0,1.51,0.136,0.091,1.84,,,Ⅱ
2024-04-04T00:00:00+08:00,1712160000,17.1,7.99,8.71,361.3,19.6,1.49,0.124,0.084,1.84,,,Ⅱ
2024-04-04T04:00:00+08:00,1712174400,17.0,7.98,8.64,361.6,19.2,1.24,0.127,0.082,1.84,,,Ⅱ
2024-04-04T08:00:00+08:00,1712188800,17.0,7.98,8.76,363.7,20.8,1.31,0.131,0.081,1.84,,,Ⅱ
2024-04-04T12:00:00+08:00,1712203200,17.4,8.03,9.1,362.7,22.8,1.4,0.132,0.081,1.88,,,Ⅱ
2024-04-04T16:00:00+08:00,1712217600,17.4,8.04,9.0,361.3,30.5,1.52,0.128,0.082,1.82,,,Ⅱ
2024-04-04T20:00:00+08:00,1712232000,17.5,8.01,8.88,356.8,18.8,1.67,0.111,0.137,1.81,,,Ⅲ
2024-04-05T00:00:00+08:00,1712246400,17.3,8.01,8.81,357.0,18.6,1.37,0.086,0.081,1.81,,,Ⅱ
2024-04-05T04:00:00+08:00,1712260800,17.1,7.99,8.8,360.0,17.6,1.34,0.088,0.08,1.77,,,Ⅱ
2024-04-05T08:00:00+08:00,1712275200,17.0,8.01,9.0,358.0,22.6,1.24,0.085,0.079,1.73,,,Ⅱ
2024-04-05T12:00:00+08:00,1712289600,17.5,8.07,9.53,357.9,21.5,1.28,0.082,0.081,1.73,,,Ⅱ
2024-04-05T16:00:00+08:00,1712304000,17.6,8.02,9.11,364.9,37.9,1.41,0.076,0.08,1.77,,,Ⅱ
2024-04-05T20:00:00+08:00,1712318400,17.6,7.99,8.72,355.4,23.2,1.58,0.087,0.096,1.81,,,Ⅱ
2024-04-06T00:00:00+08:00,1712332800,17.5,7.99,8.78,358.6,20.8,1.36,0.082,0.075,1.7,,,Ⅱ
2024-04-06T04:00:00+08:00,1712347200,17.4,7.99,8.74,359.8,18.9,1.34,0.072,0.072,1.73,,,Ⅱ
2024-04-06T08:00:00+08:00,1712361600,17.3,8.0,8.68,361.3,20.4,1.33,0.074,0.072,1.69,,,Ⅱ
2024-04-06T12:00:00+08:00,1712376000,17.6,8.03,9.3,382.1,21.4,1.33,0.074,0.074,1.74,,,Ⅱ
2024-04-06T16:00:00+08:00,1712390400,17.8,8.01,8.9,370.7,40.0,1.54,0.093,0.074,1.72,,,Ⅱ
2024-04-06T20:00:00+08:00,1712404800,18.0,7.95,8.39,352.8,36.1,1.71,0.088,0.082,1.9,,,Ⅱ
2024-04-07T00:00:00+08:00,1712419200,17.9,7.94,8.23,355.0,25.3,1.69,0.075,0.08,1.78,,,Ⅱ
2024-04-07T04:00:00+08:00,1712433600,17.7,7.92,8.08,367.4,33.6,1.47,0.066,0.073,1.8,,,Ⅱ
2024-04-07T12:00:00+08:00,1712462400,18.0,7.94,8.23,355.2,26.2,1.68,0.074,0.084,1.87,,,Ⅱ
2024-04-07T16:00:00+08:00,1712476800,18.0,7.93,8.23,358.1,41.4,1.75,0.07,0.081,1.89,,,Ⅱ
2024-04-07T20:00:00+08:00,1712491200,18.1,7.92,7.96,348.2,51.0,1.92,0.08,0.09,1.91,,,Ⅱ
2024-04-08T00:00:00+08:00,1712505600,18.1,7.9,7.86,348.9,24.2,1.92,0.08,0.09,1.91,,,Ⅱ
2024-04-08T04:00:00+08:00,1712520000,18.0,7.9,7.78,349.3,22.2,1.51,0.08,0.074,1.77,,,Ⅱ
2024-04-08T08:00:00+08:00,1712534400,18.0,7.9,7.78,347.0,49.5,1.87,0.092,0.089,1.96,,,Ⅱ
2024-04-08T12:00:00+08:00,1712548800,18.0,7.87,7.95,346.1,33.6,1.68,0.103,0.082,1.84,,,Ⅱ
2024-04-08T16:00:00+08:00,1712563200,18.2,7.92,8.04,346.5,46.6,1.81,0.093,0.086,1.86,,,Ⅱ
2024-04-08T20:00:00+08:00,1712577600,18.2,7.91,7.82,343.6,70.5,2.02,0.09,0.094,2.02,,,Ⅱ
2024-04-09T00:00:00+08:00,1712592000,18.1,7.9,7.73,342.7,31.3,2.02,0.09,0.094,2.02,,,Ⅱ
2024-04-09T04:00:00+08:00,1712606400,17.9,7.91,7.76,341.0,29.1,1.41,0.051,0.07,1.75,,,Ⅱ
2024-04-09T08:00:00+08:00,1712620800,17.9,7.87,7.53,349.7,50.8,1.82,0.099,0.085,1.86,,,Ⅱ
2024-04-09T12:00:00+08:00,1712635200,18.5,7.91,7.86,343.7,40.4,1.77,0.078,0.081,1.85,,,Ⅱ
2024-04-09T16:00:00+08:00,1712649600,18.9,7.93,8.07,341.3,32.8,1.69,0.054,0.073,1.68,,,Ⅱ
2024-04-09T20:00:00+08:00,1712664000,18.8,7.89,7.68,346.7,63.1,1.99,0.103,0.091,1.88,,,Ⅱ
2024-04-10T00:00:00+08:00,1712678400,18.4,7.9,7.56,336.8,44.2,1.99,0.103,0.091,1.88,,,Ⅱ
2024-04-10T04:00:00+08:00,1712692800,18.3,7.9,7.59,334.6,36.0,1.74,0.057,0.075,1.81,,,Ⅱ
2024-04-10T08:00:00+08:00,1712707200,18.2,7.8,6.66,361.8,42.3,1.74,0.196,0.092,2.0,,,Ⅱ
2024-04-10T12:00:00+08:00,1712721600,18.5,7.9,7.59,328.3,55.1,1.74,0.059,0.086,1.89,,,Ⅱ
2024-04-10T16:00:00+08:00,1712736000,18.8,7.95,7.97,327.8,38.0,1.74,0.049,0.078,1.72,,,Ⅱ
2024-04-10T20:00:00+08:00,1712750400,18.7,7.88,7.3,356.5,51.1,1.74,0.153,0.091,1.95,,,Ⅱ
2024-04-11T00:00:00+08:00,1712764800,18.5,7.9,7.41,322.4,60.2,1.74,0.153,0.091,1.95,,,Ⅱ
2024-04-11T04:00:00+08:00,1712779200,18.4,7.89,7.27,326.8,37.9,1.67,0.069,0.081,1.86,,,Ⅱ
2024-04-11T08:00:00+08:00,1712793600,18.4,7.85,6.97,358.5,59.1,2.02,0.138,0.096,2.02,,,Ⅱ
2024-04-11T16:00:00+08:00,1712822400,18.7,7.93,7.48,311.8,49.0,1.91,0.04,0.082,1.8,,,Ⅱ
2024-04-11T20:00:00+08:00,1712836800,18.8,7.92,7.4,319.6,52.0,1.92,0.046,0.083,1.94,,,Ⅱ
2024-04-12T00:00:00+08:00,1712851200,18.7,7.88,7.08,316.1,56.2,1.92,0.046,0.083,1.94,,,Ⅱ
2024-04-12T04:00:00+08:00,1712865600,18.6,7.87,6.94,314.8,40.2,1.76,0.06,0.082,1.8,,,Ⅱ
2024-04-12T08:00:00+08:00,1712880000,18.5,7.88,7.02,314.2,73.6,2.07,0.043,0.095,2.06,,,Ⅱ
2024-04-12T12:00:00+08:00,1712894400,18.5,7.89,7.01,306.6,70.1,2.16,0.04,0.098,1.96,,,Ⅱ
2024-04-12T16:00:00+08:00,1712908800,18.6,7.89,7.07,308.8,50.8,1.9,0.039,0.09,1.94,,,Ⅱ
2024-04-12T20:00:00+08:00,1712923200,18.6,7.89,7.04,309.8,52.8,1.94,0.035,0.088,1.84,,,Ⅱ
2024-04-13T00:00:00+08:00,1712937600,18.6,7.86,6.79,310.5,60.6,2.05,0.054,0.096,1.97,,,Ⅱ
2024-04-13T04:00:00+08:00,1712952000,18.5,7.86,6.72,309.4,38.3,1.72,0.05,0.085,1.84,,,Ⅱ
2024-04-13T08:00:00+08:00,1712966400,18.5,7.88,6.91,307.4,71.2,1.9,0.036,0.099,1.93,,,Ⅱ
2024-04-13T12:00:00+08:00,1712980800,18.7,7.89,6.96,302.5,75.1,2.09,0.042,0.103,1.99,,,Ⅲ
2024-04-13T16:00:00+08:00,1712995200,18.8,7.91,7.03,300.8,53.4,1.88,0.039,0.091,2.0,,,Ⅱ
2024-04-13T20:00:00+08:00,1713009600,18.9,7.89,6.92,304.8,44.1,1.84,0.045,0.088,1.88,,,Ⅱ
2024-04-14T00:00:00+08:00,1713024000,18.8,7.88,6.96,307.3,47.4,1.87,0.046,0.091,1.92,,,Ⅱ
2024-04-14T04:00:00+08:00,1713038400,18.7,7.89,6.9,301.3,47.6,1.67,0.038,0.086,1.82,,,Ⅱ
2024-04-14T08:00:00+08:00,1713052800,18.7,7.9,6.95,298.5,44.7,1.64,0.034,0.086,1.92,,,Ⅱ
2024-04-14T12:00:00+08:00,1713067200,18.9,7.91,7.01,298.9,68.2,1.98,0.055,0.098,2.08,,,Ⅱ
2024-04-14T16:00:00+08:00,1713081600,19.1,7.93,6.98,291.7,56.9,1.91,0.037,0.088,1.99,,,Ⅱ
2024-04-14T20:00:00+08:00,1713096000,19.1,7.91,6.85,293.9,40.8,1.75,0.044,0.08,1.84,,,Ⅱ
2024-04-15T00:00:00+08:00,1713110400,19.0,7.89,6.87,302.3,44.8,1.78,0.052,0.086,1.99,,,Ⅱ
2024-04-15T04:00:00+08:00,1713124800,19.0,7.88,6.69,295.8,46.1,1.76,0.038,0.082,1.9,,,Ⅱ
2024-04-15T08:00:00+08:00,1713139200,19.0,7.87,6.66,299.4,41.7,1.76,0.052,0.08,1.91,,,Ⅱ
2024-04-15T12:00:00+08:00,1713153600,19.4,7.86,6.62,298.6,56.4,1.88,0.054,0.089,2.06,,,Ⅱ
2024-04-15T16:00:00+08:00,1713168000,19.8,7.92,6.83,279.6,67.1,1.9,0.04,0.087,2.11,,,Ⅱ
2024-04-15T20:00:00+08:00,1713182400,19.8,7.89,6.77,294.1,41.3,1.76,0.058,0.081,1.85,,,Ⅱ
2024-04-16T00:00:00+08:00,1713196800,20.0,7.87,6.62,294.1,43.7,1.83,0.072,0.084,1.98,,,Ⅱ
2024-04-16T04:00:00+08:00,1713211200,20.0,7.86,6.54,289.9,45.3,1.73,0.064,0.079,1.98,,,Ⅱ
2024-04-16T12:00:00+08:00,1713240000,20.0,7.81,6.46,291.0,42.6,1.78,0.084,0.081,2.04,,,Ⅱ
2024-04-16T16:00:00+08:00,1713254400,20.0,7.9,6.7,278.3,54.3,1.8,0.084,0.084,2.06,,,Ⅱ
2024-04-16T20:00:00+08:00,1713268800,20.2,7.9,6.81,289.4,39.1,1.88,0.051,0.088,2.09,,,Ⅱ
2024-04-17T04:00:00+08:00,1713297600,20.1,7.86,6.63,289.8,36.6,1.84,0.07,0.082,2.12,,,Ⅱ
2024-04-17T08:00:00+08:00,1713312000,19.9,7.85,6.69,294.2,40.2,1.66,0.091,0.078,2.1,,,Ⅱ
2024-04-17T12:00:00+08:00,1713326400,19.6,7.86,6.74,290.8,42.0,1.82,0.085,0.082,2.02,,,Ⅱ
2024-04-17T16:00:00+08:00,1713340800,19.4,7.89,6.89,284.7,48.5,1.88,0.099,0.087,2.14,,,Ⅱ
2024-04-17T20:00:00+08:00,1713355200,19.2,7.89,6.92,290.9,37.4,1.91,0.085,0.088,2.24,,,Ⅱ
2024-04-18T00:00:00+08:00,1713369600,19.1,7.87,6.83,291.0,34.3,1.89,0.101,0.084,2.14,,,Ⅱ
2024-04-18T04:00:00+08:00,1713384000,19.0,7.86,6.68,292.9,32.4,1.89,0.101,0.084,2.14,,,Ⅱ
2024-04-18T08:00:00+08:00,1713398400,18.9,7.85,6.68,291.7,41.9,1.73,0.091,0.08,2.04,,,Ⅱ
2024-04-18T16:00:00+08:00,1713427200,19.9,7.85,6.87,293.2,42.7,1.78,0.096,0.086,1.99,,,Ⅱ
2024-04-22T12:00:00+08:00,1713758400,20.3,7.47,6.86,275.4,39.7,2.22,0.073,0.093,2.1,,,Ⅱ
2024-04-22T16:00:00+08:00,1713772800,20.8,7.53,7.02,283.0,32.3,2.12,0.047,0.083,1.94,,,Ⅱ
2024-04-22T20:00:00+08:00,1713787200,20.8,7.51,6.85,278.9,37.6,2.09,0.068,0.081,2.01,,,Ⅱ
2024-04-23T00:00:00+08:00,1713801600,20.5,7.56,6.79,278.8,40.8,2.14,0.059,0.082,1.98,,,Ⅱ
2024-04-23T04:00:00+08:00,1713816000,20.4,7.52,6.6,284.6,28.6,2.07,0.055,0.081,1.9,,,Ⅱ
2024-04-23T08:00:00+08:00,1713830400,20.4,7.51,6.76,280.6,39.3,1.98,0.064,0.076,1.9,,,Ⅱ
2024-04-23T12:00:00+08:00,1713844800,20.4,7.55,6.91,277.3,36.2,2.01,0.052,0.082,1.92,,,Ⅱ
2024-04-23T16:00:00+08:00,1713859200,20.7,7.55,6.96,281.4,29.2,2.09,0.035,0.076,1.92,,,Ⅱ
2024-04-23T20:00:00+08:00,1713873600,20.7,7.52,6.7,283.7,36.6,1.93,0.054,0.078,1.83,,,Ⅱ
2024-04-24T00:00:00+08:00,1713888000,20.5,7.52,6.74,280.7,38.2,2.08,0.06,0.079,2.06,,,Ⅱ
2024-04-24T04:00:00+08:00,1713902400,20.3,7.51,6.65,286.0,26.3,2.08,0.051,0.079,1.81,,,Ⅱ
2024-04-24T08:00:00+08:00,1713916800,20.3,7.5,6.62,285.8,36.3,1.9,0.061,0.073,1.79,,,Ⅱ
2024-04-24T12:00:00+08:00,1713931200,20.6,7.55,7.01,278.7,41.3,1.96,0.063,0.08,1.89,,,Ⅱ
2024-04-24T16:00:00+08:00,1713945600,21.1,7.57,7.08,281.1,33.6,2.02,0.036,0.079,1.81,,,Ⅱ
2024-04-24T20:00:00+08:00,1713960000,21.0,7.52,6.7,286.9,39.0,1.96,0.054,0.076,1.83,,,Ⅱ
2024-04-25T00:00:00+08:00,1713974400,20.9,7.53,6.81,282.1,36.4,2.03,0.071,0.082,1.84,,,Ⅱ
2024-04-25T04:00:00+08:00,1713988800,20.6,7.52,6.71,289.7,25.7,2.03,0.06,0.079,1.89,,,Ⅱ
2024-04-25T08:00:00+08:00,1714003200,20.7,7.52,6.69,288.8,37.4,1.88,0.062,0.073,1.75,,,Ⅱ
2024-04-25T12:00:00+08:00,1714017600,20.9,7.57,7.08,281.6,33.9,1.96,0.061,0.079,1.89,,,Ⅱ
2024-04-25T16:00:00+08:00,1714032000,21.1,7.59,7.21,283.5,41.6,1.95,0.038,0.075,1.8,,,Ⅱ
2024-04-25T20:00:00+08:00,1714046400,21.1,7.56,6.95,287.6,33.9,1.95,0.047,0.078,1.89,,,Ⅱ
2024-04-26T00:00:00+08:00,1714060800,20.9,7.56,6.96,285.4,33.3,1.97,0.047,0.077,1.88,,,Ⅱ
2024-04-26T04:00:00+08:00,1714075200,20.7,7.55,6.87,290.4,28.5,2.0,0.056,0.078,1.79,,,Ⅱ
2024-04-26T08:00:00+08:00,1714089600,20.7,7.54,6.76,292.6,40.4,1.92,0.05,0.074,1.76,,,Ⅱ
2024-04-26T12:00:00+08:00,1714104000,20.9,7.56,7.11,285.3,42.3,1.95,0.065,0.082,1.85,,,Ⅱ
2024-04-26T16:00:00+08:00,1714118400,21.3,7.61,7.32,285.1,37.0,1.87,0.036,0.08,1.89,,,Ⅱ
2024-04-26T20:00:00+08:00,1714132800,21.4,7.57,7.27,303.8,35.5,1.85,0.036,0.077,1.61,,,Ⅱ
2024-04-27T00:00:00+08:00,1714147200,21.2,7.56,7.02,292.1,33.0,2.02,0.047,0.081,1.69,,,Ⅱ
2024-04-27T04:00:00+08:00,1714161600,20.9,7.55,6.85,295.6,28.8,2.03,0.052,0.079,1.66,,,Ⅱ
2024-04-27T08:00:00+08:00,1714176000,21.0,7.55,6.83,292.1,38.9,1.97,0.045,0.074,1.61,,,Ⅱ
2024-04-27T12:00:00+08:00,1714190400,21.2,7.57,7.01,286.9,36.7,2.04,0.055,0.086,1.8,,,Ⅱ
2024-04-27T16:00:00+08:00,1714204800,21.6,7.61,7.23,284.8,36.5,1.91,0.033,0.077,1.63,,,Ⅱ
2024-04-27T20:00:00+08:00,1714219200,21.5,7.6,7.2,287.6,34.2,1.96,0.035,0.078,1.55,,,Ⅱ
2024-04-28T00:00:00+08:00,1714233600,21.5,7.58,7.01,291.0,37.0,1.94,0.035,0.076,1.67,,,Ⅱ
2024-04-28T04:00:00+08:00,1714248000,21.3,7.58,6.96,290.7,33.0,2.04,0.053,0.08,1.62,,,Ⅱ
2024-04-28T08:00:00+08:00,1714262400,21.1,7.58,6.97,288.7,43.2,1.86,0.04,0.075,1.63,,,Ⅱ
2024-04-28T12:00:00+08:00,1714276800,21.0,7.56,6.98,290.8,39.1,2.53,0.097,0.11,1.8,,,Ⅲ
2024-04-28T16:00:00+08:00,1714291200,21.1,7.56,6.89,293.1,34.2,2.33,0.086,0.086,1.84,,,Ⅱ
2024-04-29T12:00:00+08:00,1714363200,21.1,7.48,6.65,322.8,33.4,2.64,0.119,0.099,1.75,,,Ⅱ
2024-04-29T16:00:00+08:00,1714377600,21.5,7.49,6.6,316.3,33.6,2.56,0.098,0.097,1.77,,,Ⅱ
2024-04-29T20:00:00+08:00,1714392000,21.4,7.5,6.52,307.7,28.8,2.38,0.09,0.09,1.76,,,Ⅱ
2024-04-30T00:00:00+08:00,1714406400,21.2,7.5,6.52,305.6,26.5,2.38,0.09,0.09,1.76,,,Ⅱ
2024-04-30T04:00:00+08:00,1714420800,21.1,7.48,6.42,311.0,24.4,2.25,0.096,0.085,1.72,,,Ⅱ
2024-04-30T12:00:00+08:00,1714449600,21.0,7.44,6.12,325.9,22.4,2.49,0.133,0.089,1.64,,,Ⅱ
2024-04-30T16:00:00+08:00,1714464000,20.8,7.42,5.96,331.8,23.2,2.37,0.167,0.092,1.82,,,Ⅲ
2024-04-30T20:00:00+08:00,1714478400,20.6,7.4,5.85,337.2,26.1,2.61,0.18,0.096,1.82,,,Ⅲ
2024-05-01T00:00:00+08:00,1714492800,20.4,7.41,5.89,337.4,27.2,2.61,0.18,0.096,1.82,,,Ⅲ
2024-05-01T04:00:00+08:00,1714507200,20.2,7.4,5.72,340.2,19.4,2.28,0.187,0.089,1.94,,,Ⅲ
2024-05-01T08:00:00+08:00,1714521600,20.2,7.39,5.85,345.1,16.3,2.2,0.165,0.085,1.87,,,Ⅲ
2024-05-01T12:00:00+08:00,1714536000,20.6,7.38,6.01,346.0,22.5,2.22,0.167,0.089,1.96,,,Ⅱ
2024-05-01T16:00:00+08:00,1714550400,21.0,7.4,5.96,351.8,19.6,2.85,0.179,0.088,1.94,,,Ⅲ
2024-05-01T20:00:00+08:00,1714564800,20.9,7.4,5.86,358.4,17.1,2.87,0.189,0.088,1.96,,,Ⅲ
2024-05-02T00:00:00+08:00,1714579200,20.7,7.41,6.1,367.4,19.7,2.87,0.189,0.088,1.96,,,Ⅱ
2024-05-02T04:00:00+08:00,1714593600,20.5,7.4,5.97,372.1,19.9,2.92,0.168,0.086,2.03,,,Ⅲ
2024-05-02T08:00:00+08:00,1714608000,20.4,7.39,5.87,373.0,28.9,2.98,0.149,0.085,1.94,,,Ⅲ
2024-05-02T12:00:00+08:00,1714622400,20.8,7.54,6.66,315.6,37.8,2.21,0.095,0.092,1.83,,,Ⅱ
2024-05-02T16:00:00+08:00,1714636800,21.3,7.58,6.98,291.8,45.9,2.12,0.054,0.089,1.71,,,Ⅱ
2024-05-02T20:00:00+08:00,1714651200,21.4,7.58,6.96,285.2,37.0,2.01,0.039,0.08,1.63,,,Ⅱ
2024-05-03T00:00:00+08:00,1714665600,21.2,7.56,6.9,289.2,41.7,2.01,0.039,0.08,1.63,,,Ⅱ
2024-05-03T04:00:00+08:00,1714680000,21.1,7.56,6.86,288.8,39.4,1.99,0.06,0.084,1.78,,,Ⅱ
2024-05-03T08:00:00+08:00,1714694400,21.0,7.55,6.92,288.0,37.4,1.93,0.056,0.083,1.77,,,Ⅱ
2024-05-03T12:00:00+08:00,1714708800,21.2,7.55,6.92,289.1,36.4,1.97,0.058,0.082,1.75,,,Ⅱ
2024-05-03T16:00:00+08:00,1714723200,21.4,7.56,7.08,286.5,38.3,2.02,0.062,0.084,1.82,,,Ⅱ
2024-05-03T20:00:00+08:00,1714737600,21.4,7.59,7.13,279.4,42.3,2.0,0.043,0.083,1.7,,,Ⅱ
2024-05-04T00:00:00+08:00,1714752000,21.3,7.6,7.07,278.7,28.2,2.0,0.043,0.083,1.7,,,Ⅱ
2024-05-04T04:00:00+08:00,1714766400,21.2,7.58,7.05,282.4,27.2,1.79,0.034,0.075,1.68,,,Ⅱ
2024-05-04T08:00:00+08:00,1714780800,21.1,7.56,6.94,289.7,25.8,1.92,0.049,0.075,1.66,,,Ⅱ
2024-05-04T12:00:00+08:00,1714795200,21.1,7.58,7.02,293.2,24.7,1.9,0.057,0.076,1.68,,,Ⅱ
2024-05-04T16:00:00+08:00,1714809600,21.2,7.58,7.06,293.6,28.4,2.05,0.053,0.078,1.68,,,Ⅱ
2024-05-04T20:00:00+08:00,1714824000,21.0,7.59,7.05,292.9,27.3,1.98,0.049,0.076,1.6,,,Ⅱ
2024-05-05T00:00:00+08:00,1714838400,20.9,7.58,7.01,288.9,32.1,1.98,0.049,0.076,1.6,,,Ⅱ
2024-05-05T04:00:00+08:00,1714852800,20.8,7.56,6.88,290.5,26.8,1.86,0.052,0.076,1.64,,,Ⅱ
2024-05-05T08:00:00+08:00,1714867200,20.8,7.56,6.94,291.3,29.4,1.99,0.075,0.085,1.89,,,Ⅱ
2024-05-05T12:00:00+08:00,1714881600,20.9,7.56,6.89,291.7,27.4,1.91,0.084,0.082,1.73,,,Ⅱ
2024-05-05T16:00:00+08:00,1714896000,20.8,7.54,6.88,296.3,22.8,1.92,0.087,0.08,1.62,,,Ⅱ
2024-05-06T08:00:00+08:00,1714953600,20.4,7.41,5.92,342.3,22.1,2.34,0.117,0.086,1.84,,,Ⅲ
2024-05-06T12:00:00+08:00,1714968000,20.9,7.41,5.78,346.4,24.4,2.52,0.147,0.093,1.81,,,Ⅲ
2024-05-06T16:00:00+08:00,1714982400,21.2,7.37,5.32,366.7,34.3,2.69,0.178,0.098,1.83,,,Ⅲ
2024-05-06T20:00:00+08:00,1714996800,21.1,7.33,5.08,369.0,18.2,2.86,0.438,0.124,2.1,,,Ⅲ
2024-05-07T00:00:00+08:00,1715011200,21.1,7.36,5.32,367.0,22.0,3.06,0.478,0.11,2.25,,,Ⅲ
2024-05-07T04:00:00+08:00,1715025600,21.0,7.36,5.29,362.5,17.5,2.95,0.396,0.107,2.16,,,Ⅲ
2024-05-07T08:00:00+08:00,1715040000,21.1,7.39,5.58,357.2,19.8,2.83,0.337,0.099,2.09,,,Ⅲ
2024-05-07T12:00:00+08:00,1715054400,21.8,7.43,6.15,355.8,19.2,2.88,0.297,0.098,2.16,,,Ⅱ
2024-05-07T16:00:00+08:00,1715068800,22.1,7.47,6.41,352.7,22.7,2.9,0.264,0.097,2.14,,,Ⅱ
2024-05-07T20:00:00+08:00,1715083200,22.0,7.51,6.79,318.8,23.6,2.96,0.187,0.094,2.11,,,Ⅱ
2024-05-08T00:00:00+08:00,1715097600,22.0,7.55,6.7,308.2,45.7,2.69,0.096,0.085,1.88,,,Ⅱ
2024-05-08T04:00:00+08:00,1715112000,21.6,7.54,6.59,289.6,38.6,2.27,0.127,0.098,1.87,,,Ⅱ
2024-05-08T08:00:00+08:00,1715126400,21.4,7.52,6.47,287.6,57.0,1.94,0.068,0.085,1.63,,,Ⅱ
2024-05-08T12:00:00+08:00,1715140800,21.6,7.6,6.92,280.6,49.0,2.08,0.065,0.092,1.65,,,Ⅱ
2024-05-08T16:00:00+08:00,1715155200,22.0,7.6,6.99,284.8,35.4,1.98,0.04,0.086,1.62,,,Ⅱ
2024-05-08T20:00:00+08:00,1715169600,22.0,7.58,6.71,287.6,48.5,1.8,0.048,0.078,1.6,,,Ⅱ
2024-05-09T00:00:00+08:00,1715184000,21.6,7.58,6.81,283.7,47.9,2.0,0.06,0.086,1.73,,,Ⅱ
2024-05-09T04:00:00+08:00,1715198400,21.3,7.58,6.77,286.3,33.7,2.01,0.053,0.085,1.68,,,Ⅱ
2024-05-09T08:00:00+08:00,1715212800,21.3,7.56,6.71,287.7,55.0,1.74,0.051,0.077,1.5,,,Ⅱ
2024-05-09T12:00:00+08:00,1715227200,21.4,7.61,7.0,284.3,48.9,1.96,0.057,0.09,1.69,,,Ⅱ
2024-05-09T16:00:00+08:00,1715241600,21.6,7.61,7.03,287.8,40.9,1.83,0.037,0.083,1.6,,,Ⅱ
2024-05-09T20:00:00+08:00,1715256000,21.6,7.58,6.8,289.4,56.7,1.89,0.047,0.084,1.64,,,Ⅱ
2024-05-10T00:00:00+08:00,1715270400,21.4,7.58,6.85,287.5,46.4,1.98,0.052,0.087,1.6,,,Ⅱ
2024-05-10T04:00:00+08:00,1715284800,21.1,7.59,6.76,288.0,34.7,1.97,0.064,0.084,1.71,,,Ⅱ
2024-05-10T08:00:00+08:00,1715299200,21.0,7.58,6.82,288.9,66.7,1.76,0.05,0.079,1.59,,,Ⅱ
2024-05-10T12:00:00+08:00,1715313600,21.4,7.63,7.07,281.9,53.4,2.1,0.052,0.094,2.53,,,Ⅱ
2024-05-10T16:00:00+08:00,1715328000,21.8,7.62,7.15,284.6,42.2,1.83,0.038,0.091,2.01,,,Ⅱ
2024-05-10T20:00:00+08:00,1715342400,21.8,7.58,6.9,289.1,46.0,1.83,0.054,0.081,1.71,,,Ⅱ
2024-05-11T00:00:00+08:00,1715356800,21.8,7.57,6.94,294.3,33.0,1.9,0.074,0.084,1.76,,,Ⅱ
2024-05-11T04:00:00+08:00,1715371200,21.9,7.57,6.88,298.5,28.7,1.83,0.063,0.077,1.71,,,Ⅱ
2024-05-11T08:00:00+08:00,1715385600,21.9,7.56,6.9,298.6,32.4,1.9,0.052,0.075,1.62,,,Ⅱ
2024-05-11T12:00:00+08:00,1715400000,22.1,7.56,6.95,296.6,31.4,1.9,0.056,0.078,1.69,,,Ⅱ
2024-05-11T16:00:00+08:00,1715414400,22.2,7.56,6.88,295.2,31.1,1.9,0.065,0.078,1.62,,,Ⅱ
2024-05-11T20:00:00+08:00,1715428800,22.1,7.52,6.51,300.4,29.5,1.84,0.061,0.077,1.68,,,Ⅱ
2024-05-12T00:00:00+08:00,1715443200,22.0,7.5,6.34,302.9,29.6,1.96,0.119,0.079,1.72,,,Ⅱ
2024-05-12T04:00:00+08:00,1715457600,22.0,7.48,6.04,304.6,28.3,1.91,0.117,0.079,1.64,,,Ⅱ
2024-05-12T08:00:00+08:00,1715472000,21.9,7.48,6.1,305.6,32.1,1.81,0.14,0.081,1.63,,,Ⅱ
2024-05-12T12:00:00+08:00,1715486400,22.2,7.49,6.33,308.0,98.2,1.86,0.157,0.083,1.64,,,Ⅱ
2024-05-12T16:00:00+08:00,1715500800,22.6,7.53,6.65,309.1,26.7,2.23,0.162,0.101,1.82,,,Ⅲ
2024-05-12T20:00:00+08:00,1715515200,22.2,7.51,6.38,308.1,29.4,1.98,0.102,0.082,1.65,,,Ⅱ
2024-05-13T00:00:00+08:00,1715529600,21.9,7.51,6.4,306.6,26.4,1.99,0.126,0.087,1.64,,,Ⅱ
2024-05-13T04:00:00+08:00,1715544000,21.8,7.5,6.31,311.2,25.6,1.87,0.086,0.079,1.72,,,Ⅱ
2024-05-13T08:00:00+08:00,1715558400,21.9,7.49,6.34,321.1,26.4,1.82,0.089,0.077,1.63,,,Ⅱ
2024-05-13T12:00:00+08:00,1715572800,22.4,7.49,6.44,319.5,32.0,2.0,0.122,0.081,1.77,,,Ⅱ
2024-05-13T16:00:00+08:00,1715587200,22.8,7.5,6.37,312.0,25.4,1.96,0.144,0.084,1.82,,,Ⅱ
2024-05-13T20:00:00+08:00,1715601600,22.8,7.34,4.75,327.4,37.3,1.96,0.154,0.086,1.86,,,Ⅳ
2024-05-14T00:00:00+08:00,1715616000,22.4,7.56,6.53,280.1,52.5,2.31,0.459,0.128,2.13,,,Ⅲ
2024-05-14T04:00:00+08:00,1715630400,22.2,7.55,6.37,273.0,48.8,2.31,0.459,0.128,2.13,,,Ⅲ
2024-05-14T08:00:00+08:00,1715644800,22.0,7.53,6.31,273.4,40.8,1.94,0.082,0.086,1.81,,,Ⅱ
2024-05-14T12:00:00+08:00,1715659200,22.3,7.55,6.59,269.8,60.4,1.86,0.082,0.085,1.82,,,Ⅱ
2024-05-14T16:00:00+08:00,1715673600,22.7,7.6,6.8,264.0,59.1,2.06,0.055,0.087,1.81,,,Ⅱ
2024-05-14T20:00:00+08:00,1715688000,22.8,7.59,6.7,267.5,39.8,2.06,0.048,0.089,1.96,,,Ⅱ
2024-05-15T00:00:00+08:00,1715702400,22.6,7.56,6.57,269.1,48.4,1.89,0.046,0.08,1.92,,,Ⅱ
2024-05-15T04:00:00+08:00,1715716800,22.4,7.56,6.66,268.6,43.3,1.89,0.046,0.08,1.92,,,Ⅱ
2024-05-15T08:00:00+08:00,1715731200,22.3,7.56,6.53,271.8,39.5,1.86,0.063,0.079,1.73,,,Ⅱ
2024-05-15T12:00:00+08:00,1715745600,22.4,7.59,6.89,267.7,47.5,1.92,0.068,0.078,1.66,,,Ⅱ
2024-05-15T16:00:00+08:00,1715760000,22.7,7.63,7.18,264.1,51.9,1.9,0.057,0.079,1.81,,,Ⅱ
2024-05-15T20:00:00+08:00,1715774400,22.6,7.65,7.3,265.5,42.0,1.92,0.054,0.079,1.72,,,Ⅱ
2024-05-16T00:00:00+08:00,1715788800,22.4,7.62,7.17,267.2,37.8,1.88,0.069,0.076,1.65,,,Ⅱ
2024-05-16T04:00:00+08:00,1715803200,22.2,7.62,7.16,265.7,42.1,1.84,0.071,0.077,1.68,,,Ⅱ
2024-05-16T08:00:00+08:00,1715817600,22.0,7.59,6.92,268.5,38.6,1.84,0.064,0.076,1.78,,,Ⅱ
2024-05-16T16:00:00+08:00,1715846400,22.7,7.62,7.25,267.1,39.0,1.83,0.069,0.072,1.66,,,Ⅱ
2024-05-16T20:00:00+08:00,1715860800,22.7,7.61,7.11,269.3,35.3,1.87,0.048,0.074,1.79,,,Ⅱ
2024-05-17T00:00:00+08:00,1715875200,22.6,7.56,6.92,274.7,30.3,1.83,0.059,0.074,1.67,,,Ⅱ
2024-05-17T04:00:00+08:00,1715889600,22.5,7.57,6.83,271.1,38.7,1.87,0.099,0.098,1.81,,,Ⅱ
2024-05-17T08:00:00+08:00,1715904000,22.4,7.58,6.92,273.7,38.7,1.82,0.093,0.083,1.7,,,Ⅱ
2024-05-17T12:00:00+08:00,1715918400,22.7,7.59,7.0,276.3,34.2,1.86,0.136,0.078,1.75,,,Ⅱ
2024-05-17T16:00:00+08:00,1715932800,23.1,7.6,7.07,276.0,44.4,1.82,0.068,0.074,1.75,,,Ⅱ
2024-05-17T20:00:00+08:00,1715947200,23.2,7.59,6.99,275.0,40.5,1.91,0.062,0.081,1.87,,,Ⅱ
2024-05-18T00:00:00+08:00,1715961600,23.3,7.58,6.92,277.8,33.2,1.87,0.065,0.076,1.83,,,Ⅱ
2024-05-18T04:00:00+08:00,1715976000,23.2,7.57,6.79,276.1,40.6,1.85,0.725,0.077,1.72,,,Ⅲ
2024-05-18T08:00:00+08:00,1715990400,23.1,7.58,6.86,274.8,43.8,1.8,0.21,0.079,1.82,,,Ⅱ
2024-05-18T12:00:00+08:00,1716004800,23.4,7.58,6.91,279.9,39.1,1.89,0.209,0.077,1.94,,,Ⅱ
2024-05-18T16:00:00+08:00,1716019200,23.9,7.56,7.0,276.6,44.7,1.9,0.195,0.079,1.74,,,Ⅱ
2024-05-18T20:00:00+08:00,1716033600,24.0,7.61,7.19,280.6,46.9,1.95,0.037,0.081,1.9,,,Ⅱ
2024-05-19T00:00:00+08:00,1716048000,23.9,7.58,6.91,286.4,32.1,2.06,0.028,0.08,1.86,,,Ⅱ
2024-05-19T04:00:00+08:00,1716062400,23.8,7.55,6.72,279.6,38.8,2.02,0.032,0.075,1.69,,,Ⅱ
2024-05-19T08:00:00+08:00,1716076800,23.5,7.58,6.92,277.6,47.6,1.94,0.034,0.078,1.78,,,Ⅱ
2024-05-19T12:00:00+08:00,1716091200,23.8,7.6,6.98,282.2,36.4,1.91,0.026,0.08,1.75,,,Ⅱ
2024-05-19T16:00:00+08:00,1716105600,24.1,7.59,7.03,281.2,50.4,1.92,0.034,0.075,1.58,,,Ⅱ
2024-05-19T20:00:00+08:00,1716120000,24.0,7.63,7.31,278.1,61.2,2.04,0.05,0.084,1.76,,,Ⅱ
2024-05-20T00:00:00+08:00,1716134400,23.8,7.6,7.07,282.7,33.8,1.96,0.025,0.081,1.7,,,Ⅱ
2024-05-20T04:00:00+08:00,1716148800,23.8,7.56,6.84,284.7,45.9,1.98,0.042,0.074,1.6,,,Ⅱ
2024-05-20T08:00:00+08:00,1716163200,23.5,7.6,7.01,282.3,49.2,2.03,0.062,0.082,1.77,,,Ⅱ
2024-05-20T12:00:00+08:00,1716177600,23.7,7.61,7.24,286.1,39.9,1.89,0.028,0.079,1.86,,,Ⅱ
2024-05-20T16:00:00+08:00,1716192000,24.0,7.63,7.29,286.1,46.2,1.98,0.044,0.076,1.7,,,Ⅱ
2024-05-20T20:00:00+08:00,1716206400,24.0,7.62,7.32,289.9,46.6,2.02,0.041,0.079,1.72,,,Ⅱ
2024-05-21T00:00:00+08:00,1716220800,23.8,7.61,7.2,288.6,33.4,2.05,0.026,0.077,1.68,,,Ⅱ
2024-05-21T04:00:00+08:00,1716235200,23.8,7.57,6.92,292.2,44.2,1.91,0.042,0.073,1.57,,,Ⅱ
2024-05-21T08:00:00+08:00,1716249600,23.6,7.62,7.25,289.1,51.2,1.87,0.025,0.08,1.84,,,Ⅱ
2024-05-21T12:00:00+08:00,1716264000,23.7,7.64,7.21,288.5,46.2,1.9,0.025,0.075,1.82,,,Ⅱ
2024-05-21T16:00:00+08:00,1716278400,23.9,7.67,7.11,291.0,42.3,1.97,0.042,0.078,1.79,,,Ⅱ
2024-05-21T20:00:00+08:00,1716292800,23.8,7.62,7.22,291.9,53.2,1.97,0.042,0.078,1.79,,,Ⅱ
2024-05-22T00:00:00+08:00,1716307200,23.7,7.63,7.13,290.3,38.7,2.02,0.03,0.083,1.86,,,Ⅱ
2024-05-22T04:00:00+08:00,1716321600,23.6,7.58,6.99,293.2,38.4,1.88,0.034,0.078,1.62,,,Ⅱ
2024-05-22T08:00:00+08:00,1716336000,23.6,7.62,7.15,290.9,53.4,2.06,0.027,0.081,1.8,,,Ⅱ
2024-05-23T08:00:00+08:00,1716422400,23.9,7.59,6.98,294.4,56.4,2.12,0.034,0.084,1.95,,,Ⅱ
2024-05-23T12:00:00+08:00,1716436800,24.3,7.65,7.36,291.6,40.3,1.98,0.025,0.074,1.69,,,Ⅱ
2024-05-23T16:00:00+08:00,1716451200,24.7,7.69,7.25,295.5,29.9,1.95,0.047,0.072,1.71,,,Ⅱ
2024-05-23T20:00:00+08:00,1716465600,24.9,7.65,6.72,300.2,93.0,2.17,0.066,0.083,1.92,,,Ⅱ
2024-05-24T00:00:00+08:00,1716480000,24.6,7.63,6.98,295.4,50.8,2.17,0.066,0.083,1.92,,,Ⅱ
2024-05-24T04:00:00+08:00,1716494400,24.4,7.57,6.62,299.9,28.6,1.89,0.069,0.073,1.67,,,Ⅱ
2024-05-24T08:00:00+08:00,1716508800,24.5,7.59,6.82,301.4,61.4,2.13,0.04,0.085,1.76,,,Ⅱ
2024-05-24T12:00:00+08:00,1716523200,24.7,7.64,7.27,294.8,41.7,2.13,0.04,0.085,1.76,,,Ⅱ
2024-05-24T16:00:00+08:00,1716537600,25.2,7.66,7.47,296.4,33.0,2.0,0.032,0.074,1.64,,,Ⅱ
2024-05-24T20:00:00+08:00,1716552000,25.2,7.62,6.9,299.6,41.1,2.06,0.036,0.078,1.72,,,Ⅱ
2024-05-25T00:00:00+08:00,1716566400,25.0,7.62,7.03,296.3,35.0,2.06,0.036,0.078,1.72,,,Ⅱ
2024-05-25T04:00:00+08:00,1716580800,24.8,7.59,6.79,298.5,28.8,1.84,0.049,0.071,1.66,,,Ⅱ
2024-05-25T08:00:00+08:00,1716595200,24.8,7.61,6.97,298.9,64.1,2.1,0.037,0.088,1.72,,,Ⅱ
2024-05-25T12:00:00+08:00,1716609600,25.0,7.65,7.35,294.9,35.4,1.88,0.025,0.074,1.51,,,Ⅱ
2024-05-25T16:00:00+08:00,1716624000,25.4,7.68,7.68,296.1,23.8,1.8,0.028,0.066,1.46,,,Ⅱ
2024-05-25T20:00:00+08:00,1716638400,25.5,7.66,7.22,299.6,53.3,2.08,0.036,0.079,1.55,,,Ⅱ
2024-05-26T00:00:00+08:00,1716652800,25.2,7.67,7.26,296.0,46.6,2.08,0.036,0.079,1.55,,,Ⅱ
2024-05-26T04:00:00+08:00,1716667200,25.0,7.62,6.88,296.6,28.1,1.76,0.035,0.068,1.46,,,Ⅱ
2024-05-26T08:00:00+08:00,1716681600,25.2,7.63,7.06,299.9,58.0,2.09,0.033,0.082,1.64,,,Ⅱ
2024-05-26T12:00:00+08:00,1716696000,25.3,7.65,7.21,295.1,37.6,1.86,0.025,0.071,1.51,,,Ⅱ
2024-05-26T16:00:00+08:00,1716710400,25.5,7.66,7.36,300.3,27.1,1.86,0.025,0.067,1.47,,,Ⅱ
2024-05-26T20:00:00+08:00,1716724800,25.6,7.66,7.28,301.1,24.9,1.95,0.025,0.068,1.57,,,Ⅱ
2024-05-27T00:00:00+08:00,1716739200,25.6,7.64,7.13,303.6,20.1,1.95,0.025,0.068,1.57,,,Ⅱ
2024-05-27T04:00:00+08:00,1716753600,25.4,7.63,7.03,304.5,19.7,1.86,0.025,0.065,1.56,,,Ⅱ
2024-05-27T08:00:00+08:00,1716768000,25.2,7.64,6.85,303.3,21.2,1.81,0.025,0.065,1.42,,,Ⅱ
2024-05-27T12:00:00+08:00,1716782400,25.1,7.63,6.81,303.5,22.2,1.93,0.035,0.068,1.47,,,Ⅱ
2024-05-27T16:00:00+08:00,1716796800,24.9,7.64,6.82,303.0,28.4,1.96,0.037,0.07,1.53,,,Ⅱ
2024-05-27T20:00:00+08:00,1716811200,24.8,7.58,6.43,305.0,28.3,1.95,0.071,0.074,1.5,,,Ⅱ
2024-05-28T00:00:00+08:00,1716825600,24.6,7.62,6.68,305.1,35.6,1.95,0.071,0.074,1.5,,,Ⅱ
2024-05-28T04:00:00+08:00,1716840000,24.3,7.61,6.68,301.8,22.9,1.76,0.04,0.067,1.44,,,Ⅱ
2024-05-28T08:00:00+08:00,1716854400,24.4,7.57,6.32,300.9,45.1,2.03,0.06,0.1,1.65,,,Ⅲ
2024-05-28T12:00:00+08:00,1716868800,25.1,7.64,6.83,299.6,44.1,1.97,0.03,0.076,1.58,,,Ⅱ
2024-05-28T16:00:00+08:00,1716883200,25.6,7.66,7.14,299.3,35.5,2.16,0.036,0.071,1.52,,,Ⅱ
2024-05-28T20:00:00+08:00,1716897600,25.4,7.68,6.79,302.5,79.9,1.98,0.051,0.075,1.57,,,Ⅱ
2024-05-29T00:00:00+08:00,1716912000,25.4,7.64,7.0,303.3,50.1,1.98,0.051,0.075,1.57,,,Ⅱ
2024-05-29T04:00:00+08:00,1716926400,25.1,7.6,6.74,300.2,26.8,1.77,0.048,0.069,1.55,,,Ⅱ
2024-05-29T08:00:00+08:00,1716940800,24.9,7.59,6.48,302.2,29.4,1.85,0.066,0.072,1.56,,,Ⅱ
2024-05-29T12:00:00+08:00,1716955200,25.1,7.64,7.03,301.7,45.7,2.01,0.029,0.075,1.6,,,Ⅱ
2024-05-29T16:00:00+08:00,1716969600,25.5,7.67,7.2,299.1,26.3,1.91,0.025,0.065,1.61,,,Ⅱ
2024-05-29T20:00:00+08:00,1716984000,25.5,7.65,6.98,299.7,21.6,1.87,0.043,0.066,1.49,,,Ⅱ
2024-05-30T00:00:00+08:00,1716998400,25.3,7.64,6.95,304.0,41.7,1.87,0.043,0.066,1.49,,,Ⅱ
2024-05-30T04:00:00+08:00,1717012800,25.1,7.65,7.07,301.7,30.7,1.88,0.033,0.068,1.6,,,Ⅱ
2024-05-30T08:00:00+08:00,1717027200,25.0,7.55,6.55,303.6,26.0,1.91,0.05,0.068,1.5,,,Ⅱ
2024-05-30T12:00:00+08:00,1717041600,24.8,7.64,6.93,304.7,52.3,2.12,0.039,0.079,1.49,,,Ⅱ
2024-05-30T16:00:00+08:00,1717056000,25.0,7.64,6.8,300.8,26.6,1.99,0.062,0.071,1.46,,,Ⅱ
2024-05-30T20:00:00+08:00,1717070400,24.8,7.62,6.67,300.9,22.9,2.05,0.076,0.072,1.45,,,Ⅱ
2024-05-31T00:00:00+08:00,1717084800,24.7,7.61,6.55,302.0,26.7,2.05,0.076,0.072,1.45,,,Ⅱ
2024-05-31T04:00:00+08:00,1717099200,24.6,7.59,6.3,304.9,19.6,1.85,0.092,0.069,1.49,,,Ⅱ
2024-05-31T08:00:00+08:00,1717113600,24.5,7.58,6.34,307.0,24.8,1.85,0.092,0.069,1.49,,,Ⅱ
2024-05-31T12:00:00+08:00,1717128000,24.8,7.59,6.42,308.8,41.1,1.94,0.076,0.072,1.66,,,Ⅱ
2024-05-31T16:00:00+08:00,1717142400,25.4,7.61,6.61,303.1,42.7,2.1,0.046,0.081,1.72,,,Ⅱ
2024-05-31T20:00:00+08:00,1717156800,25.4,7.62,6.61,302.3,23.5,2.07,0.039,0.078,1.61,,,Ⅱ
2024-06-01T00:00:00+08:00,1717171200,25.4,7.64,6.55,310.1,31.8,2.01,0.033,0.068,1.47,,,Ⅱ
2024-06-01T04:00:00+08:00,1717185600,25.4,7.6,6.59,307.9,31.8,2.02,0.049,0.071,1.52,,,Ⅱ
2024-06-01T08:00:00+08:00,1717200000,25.2,7.62,6.73,300.9,36.9,1.97,0.066,0.074,1.6,,,Ⅱ
2024-06-01T12:00:00+08:00,1717214400,25.4,7.62,6.79,303.9,33.5,1.94,0.037,0.072,1.55,,,Ⅱ
2024-06-01T16:00:00+08:00,1717228800,25.7,7.61,6.71,303.4,39.8,2.04,0.05,0.074,1.6,,,Ⅱ
2024-06-01T20:00:00+08:00,1717243200,25.5,7.67,6.81,300.9,62.3,2.22,0.072,0.082,1.64,,,Ⅱ
2024-06-02T00:00:00+08:00,1717257600,25.4,7.69,6.77,302.9,66.1,2.05,0.035,0.078,1.61,,,Ⅱ
2024-06-02T04:00:00+08:00,1717272000,25.2,7.62,6.66,305.7,46.7,2.05,0.047,0.074,1.69,,,Ⅱ
2024-06-02T12:00:00+08:00,1717300800,25.2,7.65,6.94,306.0,26.6,2.04,0.043,0.08,1.59,,,Ⅱ
2024-06-02T16:00:00+08:00,1717315200,25.4,7.62,6.58,308.5,57.6,2.0,0.052,0.072,1.56,,,Ⅱ
2024-06-02T20:00:00+08:00,1717329600,25.3,7.65,6.78,305.4,41.9,2.26,0.074,0.091,1.71,,,Ⅱ
2024-06-03T00:00:00+08:00,1717344000,25.2,7.64,6.71,306.2,25.0,2.15,0.033,0.078,1.71,,,Ⅱ
2024-06-03T04:00:00+08:00,1717358400,25.2,7.59,6.34,310.1,60.2,1.98,0.048,0.07,1.44,,,Ⅱ
2024-06-03T08:00:00+08:00,1717372800,25.1,7.63,6.63,302.6,43.2,2.09,0.03,0.078,1.46,,,Ⅱ
2024-06-03T16:00:00+08:00,1717401600,25.9,7.61,6.6,310.7,44.0,1.96,0.044,0.07,1.48,,,Ⅱ
2024-06-03T20:00:00+08:00,1717416000,25.7,7.63,6.7,301.8,42.3,2.19,0.074,0.085,1.74,,,Ⅱ
2024-06-04T00:00:00+08:00,1717430400,25.4,7.62,6.52,302.6,23.3,2.15,0.034,0.076,1.53,,,Ⅱ
2024-06-04T04:00:00+08:00,1717444800,25.6,7.62,6.57,306.8,62.3,2.03,0.069,0.071,1.57,,,Ⅱ
2024-06-04T08:00:00+08:00,1717459200,25.2,7.65,6.8,298.2,52.1,2.14,0.069,0.089,1.74,,,Ⅱ
2024-06-04T12:00:00+08:00,1717473600,25.6,7.65,7.0,299.6,29.2,2.05,0.026,0.082,1.7,,,Ⅱ
2024-06-04T16:00:00+08:00,1717488000,25.9,7.65,6.89,304.7,43.6,1.94,0.042,0.072,1.63,,,Ⅱ
2024-06-04T20:00:00+08:00,1717502400,25.6,7.66,7.01,300.8,45.8,2.12,0.063,0.079,1.66,,,Ⅱ
2024-06-05T00:00:00+08:00,1717516800,25.4,7.65,6.75,302.1,26.0,2.12,0.027,0.079,1.57,,,Ⅱ
2024-06-05T04:00:00+08:00,1717531200,25.3,7.62,6.54,305.7,51.1,1.95,0.047,0.071,1.48,,,Ⅱ
2024-06-05T08:00:00+08:00,1717545600,25.2,7.66,6.87,302.1,54.4,2.08,0.067,0.085,1.75,,,Ⅱ
2024-06-05T12:00:00+08:00,1717560000,25.2,7.65,6.71,304.8,30.8,2.13,0.025,0.083,1.69,,,Ⅱ
2024-06-05T16:00:00+08:00,1717574400,25.0,7.61,6.47,309.1,37.1,1.95,0.031,0.073,1.6,,,Ⅱ
2024-06-06T00:00:00+08:00,1717603200,24.8,7.62,6.51,307.8,28.0,2.22,0.078,0.084,1.71,,,Ⅱ
2024-06-06T04:00:00+08:00,1717617600,24.7,7.62,6.49,309.4,34.8,1.93,0.056,0.078,1.63,,,Ⅱ
2024-06-06T08:00:00+08:00,1717632000,24.6,7.66,6.63,307.9,53.6,2.18,0.04,0.083,1.71,,,Ⅱ
2024-06-06T12:00:00+08:00,1717646400,25.1,7.67,6.92,308.5,41.3,2.0,0.042,0.075,1.62,,,Ⅱ
2024-06-06T16:00:00+08:00,1717660800,25.4,7.69,7.1,308.3,36.3,2.02,0.041,0.074,1.66,,,Ⅱ
2024-06-06T20:00:00+08:00,1717675200,25.2,7.66,6.58,314.1,79.5,2.13,0.08,0.087,1.78,,,Ⅱ
2024-06-07T00:00:00+08:00,1717689600,25.0,7.67,6.78,311.2,49.0,2.13,0.08,0.087,1.78,,,Ⅱ
2024-06-07T04:00:00+08:00,1717704000,24.8,7.64,6.69,312.2,28.8,1.86,0.051,0.071,1.56,,,Ⅱ
2024-06-07T08:00:00+08:00,1717718400,24.8,7.68,6.78,311.0,68.2,2.33,0.047,0.088,1.76,,,Ⅱ
2024-06-07T12:00:00+08:00,1717732800,25.0,7.68,6.93,307.7,39.7,1.99,0.03,0.074,1.63,,,Ⅱ
2024-06-07T16:00:00+08:00,1717747200,25.1,7.68,6.99,311.0,27.2,1.94,0.04,0.071,1.54,,,Ⅱ
2024-06-07T20:00:00+08:00,1717761600,25.0,7.65,6.4,316.6,99.5,2.22,0.088,0.092,1.94,,,Ⅱ
2024-06-08T00:00:00+08:00,1717776000,24.8,7.68,6.69,308.8,77.8,2.22,0.088,0.092,1.94,,,Ⅱ
2024-06-08T04:00:00+08:00,1717790400,24.7,7.64,6.55,310.0,26.5,1.71,0.055,0.07,1.64,,,Ⅱ
2024-06-08T12:00:00+08:00,1717819200,25.1,7.68,6.95,303.9,41.6,2.32,0.049,0.092,1.79,,,Ⅱ
2024-06-08T16:00:00+08:00,1717833600,25.6,7.69,7.17,305.9,28.6,1.94,0.026,0.076,1.66,,,Ⅱ
2024-06-08T20:00:00+08:00,1717848000,25.6,7.67,6.47,310.6,113.2,1.84,0.035,0.071,1.59,,,Ⅱ
2024-06-09T00:00:00+08:00,1717862400,25.4,7.66,6.72,304.2,50.6,2.11,0.07,0.086,1.89,,,Ⅱ
2024-06-09T04:00:00+08:00,1717876800,25.2,7.64,6.6,304.0,38.3,2.0,0.046,0.08,1.68,,,Ⅱ
2024-06-09T08:00:00+08:00,1717891200,25.3,7.68,6.7,305.8,79.9,1.77,0.041,0.074,1.69,,,Ⅱ
2024-06-09T12:00:00+08:00,1717905600,25.5,7.68,6.96,300.5,47.3,2.21,0.046,0.094,1.8,,,Ⅱ
2024-06-09T16:00:00+08:00,1717920000,25.9,7.7,7.15,301.7,30.4,1.92,0.026,0.077,1.73,,,Ⅱ
2024-06-09T20:00:00+08:00,1717934400,26.0,7.68,6.48,306.7,114.4,2.09,0.074,0.087,1.83,,,Ⅱ
2024-06-10T00:00:00+08:00,1717948800,25.6,7.69,6.79,303.0,82.7,2.09,0.074,0.087,1.83,,,Ⅱ
2024-06-10T04:00:00+08:00,1717963200,25.4,7.65,6.61,303.7,31.4,1.77,0.046,0.07,1.77,,,Ⅱ
2024-06-10T08:00:00+08:00,1717977600,25.6,7.65,6.64,306.9,61.8,1.99,0.05,0.086,1.75,,,Ⅱ
2024-06-10T12:00:00+08:00,1717992000,25.5,7.66,6.91,302.4,46.9,1.84,0.025,0.076,1.69,,,Ⅱ
2024-06-10T16:00:00+08:00,1718006400,25.9,7.7,7.17,304.1,32.4,1.79,0.033,0.071,1.64,,,Ⅱ
2024-06-10T20:00:00+08:00,1718020800,25.9,7.68,6.92,306.1,34.9,1.98,0.046,0.078,1.74,,,Ⅱ
2024-06-11T00:00:00+08:00,1718035200,25.6,7.69,7.04,305.3,44.6,1.98,0.046,0.078,1.74,,,Ⅱ
2024-06-11T04:00:00+08:00,1718049600,25.4,7.65,6.61,306.8,26.4,1.76,0.057,0.071,1.71,,,Ⅱ
2024-06-11T08:00:00+08:00,1718064000,25.4,7.62,6.48,310.5,52.2,1.96,0.071,0.083,1.93,,,Ⅱ
2024-06-11T12:00:00+08:00,1718078400,25.2,7.67,6.83,304.8,57.6,1.92,0.026,0.08,1.85,,,Ⅱ
2024-06-11T16:00:00+08:00,1718092800,25.5,7.68,6.89,306.6,31.0,1.92,0.03,0.07,1.79,,,Ⅱ
2024-06-12T00:00:00+08:00,1718121600,25.4,7.67,6.65,310.2,60.7,1.92,0.054,0.072,1.75,,,Ⅱ
2024-06-12T08:00:00+08:00,1718150400,25.4,7.61,6.39,312.6,40.0,1.92,0.041,0.071,1.77,,,Ⅱ
2024-06-12T12:00:00+08:00,1718164800,25.5,7.67,6.79,307.4,62.7,1.95,0.025,0.085,1.83,,,Ⅱ
2024-06-12T20:00:00+08:00,1718193600,26.2,7.68,6.89,312.8,46.6,1.81,0.029,0.072,1.64,,,Ⅱ
2024-06-13T08:00:00+08:00,1718236800,25.8,7.63,6.51,313.5,35.8,1.78,0.033,0.069,1.72,,,Ⅱ
2024-06-13T12:00:00+08:00,1718251200,26.0,7.67,6.79,310.3,73.6,1.84,0.069,0.074,1.58,,,Ⅱ
2024-06-13T16:00:00+08:00,1718265600,26.2,7.68,6.92,308.7,44.6,1.99,0.032,0.086,1.88,,,Ⅱ
2024-06-13T20:00:00+08:00,1718280000,26.3,7.68,6.8,312.4,54.2,1.85,0.027,0.073,1.65,,,Ⅱ
2024-06-14T00:00:00+08:00,1718294400,26.4,7.71,6.86,315.5,133.3,2.0,0.066,0.072,1.67,,,Ⅱ
2024-06-14T04:00:00+08:00,1718308800,26.0,7.67,6.84,310.5,38.7,2.0,0.066,0.072,1.67,,,Ⅱ
2024-06-14T08:00:00+08:00,1718323200,25.9,7.63,6.55,314.0,39.9,1.74,0.032,0.07,1.82,,,Ⅱ
2024-06-14T12:00:00+08:00,1718337600,26.3,7.67,6.87,314.1,71.2,1.82,0.065,0.073,1.8,,,Ⅱ
2024-06-14T16:00:00+08:00,1718352000,26.6,7.69,7.02,309.2,51.1,2.1,0.036,0.087,1.95,,,Ⅱ
2024-06-14T20:00:00+08:00,1718366400,26.8,7.69,7.15,311.9,27.9,1.96,0.031,0.077,1.7,,,Ⅱ
2024-06-15T00:00:00+08:00,1718380800,27.0,7.67,7.24,313.3,61.3,1.79,0.052,0.069,1.73,,,Ⅱ
2024-06-15T04:00:00+08:00,1718395200,26.7,7.68,7.09,311.0,49.1,2.07,0.075,0.088,1.97,,,Ⅱ
2024-06-15T08:00:00+08:00,1718409600,26.5,7.64,6.84,311.5,39.0,1.82,0.034,0.079,1.75,,,Ⅱ
2024-06-15T12:00:00+08:00,1718424000,26.8,7.65,7.14,312.1,69.9,1.79,0.048,0.075,1.8,,,Ⅱ
2024-06-15T16:00:00+08:00,1718438400,26.9,7.69,7.35,311.6,50.4,2.07,0.073,0.09,1.99,,,Ⅱ
2024-06-15T20:00:00+08:00,1718452800,26.8,7.69,7.02,311.4,76.6,1.95,0.029,0.079,1.81,,,Ⅱ
2024-06-16T00:00:00+08:00,1718467200,26.8,7.64,6.94,314.6,60.0,2.18,0.057,0.077,1.79,,,Ⅱ
2024-06-16T04:00:00+08:00,1718481600,26.6,7.67,7.0,311.3,52.8,2.08,0.067,0.085,1.71,,,Ⅱ
2024-06-16T08:00:00+08:00,1718496000,26.4,7.64,6.75,309.6,38.1,1.89,0.027,0.08,1.88,,,Ⅱ
2024-06-16T12:00:00+08:00,1718510400,26.9,7.65,7.13,311.4,49.6,1.73,0.045,0.076,1.64,,,Ⅱ
2024-06-16T16:00:00+08:00,1718524800,27.1,7.69,7.2,310.5,60.0,1.89,0.044,0.079,1.79,,,Ⅱ
2024-06-16T20:00:00+08:00,1718539200,27.0,7.67,7.05,307.7,37.6,2.0,0.028,0.081,1.86,,,Ⅱ
2024-06-17T00:00:00+08:00,1718553600,27.0,7.64,6.77,312.6,41.6,1.85,0.051,0.076,1.72,,,Ⅱ
2024-06-17T04:00:00+08:00,1718568000,26.8,7.7,7.19,309.9,59.6,1.85,0.051,0.076,1.72,,,Ⅱ
2024-06-17T08:00:00+08:00,1718582400,26.6,7.67,6.89,305.6,44.4,1.83,0.033,0.084,1.84,,,Ⅱ
2024-06-17T12:00:00+08:00,1718596800,26.8,7.66,6.86,306.3,40.1,1.76,0.04,0.077,1.74,,,Ⅱ
2024-06-17T16:00:00+08:00,1718611200,27.2,7.71,7.21,308.5,56.0,1.81,0.068,0.077,1.72,,,Ⅱ
2024-06-17T20:00:00+08:00,1718625600,27.1,7.73,7.14,304.8,124.2,1.9,0.037,0.082,1.82,,,Ⅱ
2024-06-18T00:00:00+08:00,1718640000,27.0,7.7,6.68,303.9,94.5,2.53,0.056,0.081,1.86,,,Ⅱ
2024-06-18T04:00:00+08:00,1718654400,26.8,7.71,7.17,303.2,74.0,1.96,0.035,0.086,1.94,,,Ⅱ
2024-06-18T08:00:00+08:00,1718668800,26.6,7.68,6.88,296.3,44.7,1.76,0.031,0.078,1.76,,,Ⅱ
2024-06-18T12:00:00+08:00,1718683200,27.0,7.67,6.85,295.8,34.0,1.68,0.059,0.076,1.78,,,Ⅱ
2024-06-18T16:00:00+08:00,1718697600,27.4,7.69,7.2,298.9,53.9,1.86,0.057,0.085,1.79,,,Ⅱ
2024-06-18T20:00:00+08:00,1718712000,27.2,7.7,7.11,299.3,30.6,1.71,0.028,0.07,1.71,,,Ⅱ
2024-06-19T00:00:00+08:00,1718726400,27.0,7.69,6.92,300.1,28.9,1.71,0.028,0.07,1.71,,,Ⅱ
2024-06-19T04:00:00+08:00,1718740800,27.0,7.68,6.81,302.4,42.4,1.86,0.042,0.079,1.81,,,Ⅱ
2024-06-19T08:00:00+08:00,1718755200,26.8,7.69,6.87,302.0,44.3,1.93,0.041,0.084,1.76,,,Ⅱ
2024-06-19T12:00:00+08:00,1718769600,26.9,7.72,7.11,302.3,41.2,1.81,0.036,0.076,1.65,,,Ⅱ
2024-06-19T16:00:00+08:00,1718784000,26.8,7.68,6.67,301.8,31.6,1.76,0.044,0.074,1.71,,,Ⅱ
2024-06-19T20:00:00+08:00,1718798400,26.7,7.67,6.79,300.5,31.4,1.73,0.036,0.073,1.57,,,Ⅱ
2024-06-20T00:00:00+08:00,1718812800,26.7,7.74,6.56,303.0,57.7,1.73,0.036,0.073,1.57,,,Ⅱ
2024-06-20T04:00:00+08:00,1718827200,26.6,7.75,6.42,303.8,39.3,1.75,0.052,0.063,1.66,,,Ⅱ
2024-06-20T08:00:00+08:00,1718841600,26.7,7.65,5.91,304.5,31.6,1.77,0.102,0.073,1.73,,,Ⅲ
2024-06-20T12:00:00+08:00,1718856000,27.1,7.6,5.64,309.9,33.0,1.88,0.219,0.086,1.68,,,Ⅲ
2024-06-20T16:00:00+08:00,1718870400,27.6,7.65,5.41,311.7,59.0,2.1,0.205,0.091,1.83,,,Ⅲ
2024-06-20T20:00:00+08:00,1718884800,27.5,7.59,5.12,313.7,34.5,1.95,0.214,0.084,1.67,,,Ⅲ
2024-06-21T00:00:00+08:00,1718899200,27.4,7.55,4.73,316.1,27.3,1.95,0.214,0.084,1.67,,,Ⅳ
2024-06-21T04:00:00+08:00,1718913600,27.3,7.5,4.3,319.8,21.4,1.77,0.257,0.082,1.67,,,Ⅳ
2024-06-21T08:00:00+08:00,1718928000,27.4,7.52,4.48,322.0,28.1,1.98,0.257,0.085,1.77,,,Ⅳ
2024-06-21T12:15:00+08:00,1718943300,,,,,,,,,,,,
2024-06-21T16:00:00+08:00,1718956800,27.5,7.54,4.26,325.5,33.6,2.03,0.258,0.092,2.17,,,Ⅳ
2024-06-22T00:00:00+08:00,1718985600,27.4,7.55,4.21,323.8,22.2,1.97,0.249,0.088,2.08,,,Ⅳ
2024-06-22T04:00:00+08:00,1719000000,27.4,7.59,4.14,325.4,27.1,1.97,0.249,0.088,2.08,,,Ⅳ
2024-06-22T08:00:00+08:00,1719014400,27.4,7.55,4.37,320.2,26.8,1.86,0.215,0.087,2.18,,,Ⅳ
2024-06-22T16:00:00+08:00,1719043200,27.7,7.56,5.3,319.1,27.7,1.86,0.197,0.088,2.18,,,Ⅲ
2024-06-22T20:00:00+08:00,1719057600,27.4,7.56,5.32,332.1,25.8,1.93,0.152,0.086,1.95,,,Ⅲ
2024-06-23T00:00:00+08:00,1719072000,27.3,7.55,5.24,339.0,26.5,2.82,0.135,0.087,2.08,,,Ⅲ
2024-06-23T04:00:00+08:00,1719086400,27.2,7.53,4.79,343.2,26.8,2.11,0.166,0.085,2.12,,,Ⅳ
2024-06-23T12:00:00+08:00,1719115200,27.4,7.55,4.95,346.0,20.4,2.01,0.17,0.088,2.01,,,Ⅳ
2024-06-23T16:00:00+08:00,1719129600,27.7,7.55,4.98,347.4,24.8,2.25,0.178,0.086,2.1,,,Ⅳ
2024-06-24T00:00:00+08:00,1719158400,27.5,7.59,4.53,363.2,36.1,3.33,0.24,0.092,2.24,,,Ⅳ
2024-06-24T04:00:00+08:00,1719172800,27.4,7.62,4.45,367.7,58.5,3.33,0.24,0.092,2.24,,,Ⅳ
2024-06-24T08:00:00+08:00,1719187200,27.3,7.56,4.52,366.6,35.5,3.14,0.301,0.09,2.34,,,Ⅳ
2024-06-24T12:00:00+08:00,1719201600,27.5,7.52,4.51,364.1,34.3,3.12,0.319,0.093,2.22,,,Ⅳ
2024-06-24T16:00:00+08:00,1719216000,27.6,7.53,4.7,361.6,47.8,3.09,0.295,0.091,2.27,,,Ⅳ
2024-06-24T20:00:00+08:00,1719230400,27.6,7.58,4.79,359.2,41.9,3.18,0.268,0.099,2.21,,,Ⅳ
2024-06-25T00:00:00+08:00,1719244800,27.4,7.63,4.65,351.2,63.8,3.0,0.24,0.088,2.24,,,Ⅳ
2024-06-25T04:00:00+08:00,1719259200,27.2,7.67,4.79,347.9,52.9,3.78,0.204,0.087,2.24,,,Ⅳ
2024-06-25T12:00:00+08:00,1719288000,27.3,7.65,4.86,345.8,61.6,2.78,0.179,0.09,2.12,,,Ⅳ
2024-06-25T16:00:00+08:00,1719302400,27.4,7.63,4.86,346.3,94.4,2.69,0.166,0.09,2.13,,,Ⅳ
2024-06-25T20:00:00+08:00,1719316800,27.3,7.55,5.17,350.3,32.9,2.89,0.173,0.103,2.13,,,Ⅲ
2024-06-26T00:00:00+08:00,1719331200,27.2,7.54,4.65,355.0,39.9,2.59,0.183,0.098,2.06,,,Ⅳ
2024-06-26T04:00:00+08:00,1719345600,27.2,7.5,4.85,352.5,22.8,3.34,0.249,0.103,2.24,,,Ⅳ
2024-06-26T08:00:00+08:00,1719360000,27.2,7.55,4.78,360.3,40.3,2.86,0.174,0.09,2.21,,,Ⅳ
2024-06-26T12:00:00+08:00,1719374400,27.4,7.53,4.97,357.6,30.4,3.09,0.202,0.097,2.19,,,Ⅳ
2024-06-26T16:00:00+08:00,1719388800,27.6,7.59,5.26,351.7,38.7,3.29,0.152,0.092,2.1,,,Ⅲ
2024-06-26T20:00:00+08:00,1719403200,27.4,7.54,5.08,339.4,24.8,2.99,0.135,0.086,1.86,,,Ⅲ
2024-06-27T00:00:00+08:00,1719417600,27.3,7.59,4.8,338.6,35.4,2.99,0.135,0.086,1.86,,,Ⅳ
2024-06-27T04:00:00+08:00,1719432000,27.2,7.49,4.41,334.6,21.1,3.07,0.226,0.098,1.93,,,Ⅳ
2024-06-27T08:00:00+08:00,1719446400,27.2,7.49,4.2,337.0,24.9,3.08,0.283,0.106,1.98,,,Ⅳ
2024-06-27T12:00:00+08:00,1719460800,27.3,7.48,3.65,342.1,23.0,2.53,0.438,0.117,2.04,,,Ⅳ
2024-06-27T16:00:00+08:00,1719475200,27.3,7.47,3.28,338.5,32.5,2.72,0.436,0.114,1.91,,,Ⅳ
2024-06-27T20:00:00+08:00,1719489600,27.2,7.5,3.25,336.7,30.8,3.26,0.419,0.105,1.87,,,Ⅳ
2024-06-28T00:00:00+08:00,1719504000,27.1,7.42,3.29,327.6,17.8,2.22,0.382,0.097,1.8,,,Ⅳ
2024-06-28T04:00:00+08:00,1719518400,27.1,7.5,3.28,323.6,27.5,2.23,0.348,0.096,1.85,,,Ⅳ
2024-06-28T08:00:00+08:00,1719532800,27.1,7.42,3.38,320.2,19.6,2.23,0.348,0.096,1.85,,,Ⅳ
2024-06-28T12:00:00+08:00,1719547200,27.2,7.43,3.82,320.8,19.2,2.14,0.333,0.096,1.85,,,Ⅳ
2024-06-28T16:00:00+08:00,1719561600,27.1,7.48,3.3,335.2,23.1,2.2,0.305,0.094,1.78,,,Ⅳ
2024-06-28T20:00:00+08:00,1719576000,27.0,7.51,3.26,351.5,24.1,2.3,0.317,0.101,1.81,,,Ⅳ
2024-06-29T00:00:00+08:00,1719590400,26.8,7.58,4.58,359.9,82.9,3.22,0.422,0.108,1.97,,,Ⅳ
2024-06-29T04:00:00+08:00,1719604800,26.8,7.58,5.07,370.2,47.4,3.25,0.285,0.128,2.48,,,Ⅲ
2024-06-29T08:00:00+08:00,1719619200,26.7,7.59,5.18,371.1,70.5,3.06,0.144,0.111,2.4,,,Ⅲ
2024-06-29T12:00:00+08:00,1719633600,26.8,7.57,4.93,379.5,68.0,3.24,0.134,0.116,2.41,,,Ⅳ
2024-06-29T16:00:00+08:00,1719648000,26.6,7.47,4.6,413.3,49.0,3.5,0.147,0.111,2.57,,,Ⅳ
2024-06-29T20:00:00+08:00,1719662400,26.5,7.39,4.13,433.9,46.0,4.55,0.311,0.118,2.38,,,Ⅳ
2024-06-30T00:00:00+08:00,1719676800,26.4,7.44,4.31,452.6,39.8,5.07,0.432,0.118,2.73,,,Ⅳ
2024-06-30T04:00:00+08:00,1719691200,26.4,7.52,4.47,423.3,54.0,4.18,0.428,0.147,2.7,,,Ⅳ
2024-06-30T08:00:00+08:00,1719705600,26.4,7.47,4.0,447.1,65.5,3.82,0.361,0.117,2.55,,,Ⅳ
2024-06-30T12:00:00+08:00,1719720000,26.7,7.33,4.2,465.8,43.9,4.11,0.401,0.124,2.78,,,Ⅳ
2024-06-30T16:00:00+08:00,1719734400,26.7,7.38,4.4,457.8,42.2,4.95,0.452,0.136,3.2,,,Ⅳ
2024-06-30T20:00:00+08:00,1719748800,26.4,7.31,3.98,510.0,46.2,4.47,0.363,0.132,3.36,,,Ⅳ
2024-07-01T00:00:00+08:00,1719763200,26.0,7.25,4.53,473.9,46.8,5.99,0.833,0.184,4.9,,,Ⅳ
2024-07-01T04:00:00+08:00,1719777600,26.0,7.24,4.48,459.4,41.5,6.38,0.939,0.209,5.09,,,Ⅳ
2024-07-01T08:00:00+08:00,1719792000,26.0,7.2,3.57,467.7,40.6,6.03,0.938,0.202,4.88,,,Ⅳ
2024-07-01T12:00:00+08:00,1719806400,26.5,7.21,3.37,500.9,33.6,6.6,0.976,0.219,4.66,,,Ⅳ
2024-07-03T16:00:00+08:00,1719993600,27.5,7.1,2.45,420.0,25.3,7.07,0.999,0.163,4.29,,,Ⅴ
2024-07-03T20:00:00+08:00,1720008000,27.5,7.13,2.21,407.6,30.4,7.1,0.993,0.157,4.32,,,Ⅴ
2024-07-04T00:00:00+08:00,1720022400,27.4,7.32,2.15,421.6,32.5,7.1,0.993,0.157,4.32,,,Ⅴ
2024-07-04T04:00:00+08:00,1720036800,27.4,7.32,2.01,422.6,31.6,6.96,0.977,0.138,4.28,,,Ⅴ
2024-07-04T08:00:00+08:00,1720051200,27.4,7.24,2.35,418.2,23.8,6.82,0.942,0.136,4.27,,,Ⅴ
2024-07-04T12:00:00+08:00,1720065600,27.8,7.25,2.65,421.0,24.1,6.75,0.927,0.138,4.17,,,Ⅴ
2024-07-04T16:00:00+08:00,1720080000,28.3,7.3,2.95,424.1,26.5,6.63,0.898,0.142,4.17,,,Ⅴ
2024-07-04T20:00:00+08:00,1720094400,28.2,7.29,2.76,421.6,22.0,6.06,0.857,0.152,3.98,,,Ⅴ
2024-07-05T00:00:00+08:00,1720108800,28.1,7.28,2.58,410.7,21.8,6.06,0.857,0.152,3.98,,,Ⅴ
2024-07-05T04:00:00+08:00,1720123200,28.1,7.27,2.56,402.6,20.6,4.36,0.812,0.145,3.17,,,Ⅴ
2024-07-05T08:00:00+08:00,1720137600,28.1,7.3,2.68,397.6,22.0,4.16,0.75,0.144,3.18,,,Ⅴ
2024-07-05T16:00:00+08:00,1720166400,29.0,7.4,3.82,371.1,26.2,3.8,0.509,0.132,2.87,,,Ⅳ
2024-07-05T20:00:00+08:00,1720180800,28.9,7.38,3.58,363.9,27.5,3.73,0.46,0.131,2.69,,,Ⅳ
2024-07-06T00:00:00+08:00,1720195200,28.9,7.37,3.69,355.1,19.9,3.73,0.46,0.131,2.69,,,Ⅳ
2024-07-06T04:00:00+08:00,1720209600,28.9,7.39,3.72,350.1,21.9,3.33,0.355,0.116,2.26,,,Ⅳ
2024-07-06T08:00:00+08:00,1720224000,28.8,7.44,4.16,338.8,29.8,3.34,0.274,0.121,2.37,,,Ⅳ
2024-07-06T12:00:00+08:00,1720238400,29.0,7.54,5.19,332.2,35.1,3.54,0.239,0.122,2.31,,,Ⅲ
2024-07-06T16:00:00+08:00,1720252800,29.0,7.61,5.88,325.8,33.1,3.5,0.152,0.119,2.25,,,Ⅲ
2024-07-06T20:00:00+08:00,1720267200,29.0,7.62,5.77,323.0,40.5,3.5,0.123,0.114,2.19,,,Ⅲ
2024-07-07T00:00:00+08:00,1720281600,28.9,7.59,5.49,321.7,28.7,3.5,0.123,0.114,2.19,,,Ⅲ
2024-07-07T04:00:00+08:00,1720296000,28.9,7.58,5.2,320.0,29.8,3.09,0.119,0.111,1.98,,,Ⅲ
2024-07-07T08:00:00+08:00,1720310400,28.9,7.58,5.31,315.5,28.6,3.04,0.115,0.108,1.92,,,Ⅲ
2024-07-07T12:00:00+08:00,1720324800,29.2,7.62,5.69,314.2,38.3,3.2,0.133,0.119,1.99,,,Ⅲ
2024-07-07T20:00:00+08:00,1720353600,29.4,7.66,5.9,309.9,52.8,3.48,0.091,0.104,1.93,,,Ⅲ
2024-07-08T00:00:00+08:00,1720368000,29.3,7.6,5.46,305.0,30.7,3.43,0.108,0.12,1.96,,,Ⅲ
2024-07-08T04:00:00+08:00,1720382400,29.3,7.57,5.24,302.4,30.4,3.43,0.108,0.12,1.96,,,Ⅲ
2024-07-08T08:00:00+08:00,1720396800,29.4,7.58,5.3,299.9,37.1,2.89,0.095,0.104,1.82,,,Ⅲ
2024-07-08T12:00:00+08:00,1720411200,29.5,7.6,5.57,298.2,45.1,2.97,0.095,0.111,1.91,,,Ⅲ
2024-07-08T16:00:00+08:00,1720425600,29.8,7.64,5.77,297.5,35.6,3.21,0.1,0.118,2.06,,,Ⅲ
2024-07-08T20:00:00+08:00,1720440000,29.6,7.57,4.93,297.7,33.3,3.04,0.098,0.107,2.02,,,Ⅳ
2024-07-09T00:00:00+08:00,1720454400,29.5,7.54,4.53,296.8,34.1,2.81,0.103,0.099,1.83,,,Ⅳ
2024-07-09T04:00:00+08:00,1720468800,29.4,7.52,4.26,293.7,31.8,2.81,0.103,0.099,1.83,,,Ⅳ
2024-07-09T08:00:00+08:00,1720483200,29.4,7.5,4.03,292.5,49.4,2.7,0.109,0.097,1.82,,,Ⅳ
2024-07-09T12:00:00+08:00,1720497600,29.6,7.53,4.33,291.0,40.0,2.84,0.119,0.117,1.88,,,Ⅳ
2024-07-09T16:00:00+08:00,1720512000,29.8,7.51,4.4,290.9,37.0,2.72,0.11,0.105,1.67,,,Ⅳ
2024-07-09T20:00:00+08:00,1720526400,29.7,7.53,4.02,293.0,31.9,2.78,0.118,0.102,1.75,,,Ⅳ
2024-07-10T00:00:00+08:00,1720540800,29.6,7.46,3.44,302.3,25.7,2.81,0.112,0.103,1.67,,,Ⅳ
2024-07-10T04:00:00+08:00,1720555200,29.7,7.56,3.93,305.6,26.6,2.81,0.112,0.103,1.67,,,Ⅳ
2024-07-10T08:00:00+08:00,1720569600,29.4,7.57,4.48,291.0,62.6,2.64,0.099,0.097,1.9,,,Ⅳ
2024-07-10T12:00:00+08:00,1720584000,29.1,7.5,4.1,319.6,61.7,3.15,0.088,0.16,2.04,,,Ⅳ
2024-07-10T16:00:00+08:00,1720598400,29.4,7.52,4.0,343.6,46.9,3.31,0.279,0.163,2.61,,,Ⅳ
2024-07-10T20:00:00+08:00,1720612800,29.8,7.42,3.65,391.1,75.0,3.62,0.146,0.133,2.42,,,Ⅳ
2024-07-11T00:00:00+08:00,1720627200,29.5,7.34,3.29,389.3,68.6,4.88,0.345,0.148,2.84,,,Ⅳ
2024-07-11T04:00:00+08:00,1720641600,29.2,7.34,3.27,379.7,71.3,4.88,0.345,0.148,2.84,,,Ⅳ
2024-07-11T08:00:00+08:00,1720656000,28.4,7.37,3.36,391.2,88.8,4.35,0.383,0.178,3.27,,,Ⅳ
2024-07-11T12:00:00+08:00,1720670400,27.8,7.29,3.33,376.9,91.5,5.68,0.806,0.218,4.74,,,Ⅳ
2024-07-11T16:00:00+08:00,1720684800,27.4,7.26,3.98,375.4,99.6,5.91,1.039,0.243,5.16,,,Ⅳ
2024-07-11T20:00:00+08:00,1720699200,27.2,7.28,4.53,382.3,66.8,6.53,1.031,0.283,5.43,,,Ⅳ
2024-07-12T00:00:00+08:00,1720713600,27.0,7.28,4.64,400.6,67.1,6.39,0.979,0.281,4.65,,,Ⅳ
2024-07-12T04:00:00+08:00,1720728000,26.8,7.26,4.52,400.8,60.6,6.39,0.979,0.281,4.65,,,Ⅳ
2024-07-12T08:00:00+08:00,1720742400,26.4,7.24,4.49,430.8,69.8,6.15,0.877,0.296,4.09,,,Ⅳ
2024-07-12T12:00:00+08:00,1720756800,26.3,7.23,4.59,451.8,76.2,6.35,0.884,0.335,4.43,,,Ⅴ
2024-07-12T16:00:00+08:00,1720771200,26.3,7.22,4.93,388.4,69.4,6.68,0.838,0.352,4.57,,,Ⅴ
2024-07-12T20:00:00+08:00,1720785600,26.5,7.23,4.94,393.7,61.9,6.36,0.736,0.303,4.32,,,Ⅴ
2024-07-13T04:00:00+08:00,1720814400,26.4,7.18,3.68,369.2,52.2,5.64,0.664,0.226,3.75,,,Ⅳ
2024-07-13T08:00:00+08:00,1720828800,26.5,7.17,3.33,451.1,57.5,5.52,0.722,0.219,3.82,,,Ⅳ
2024-07-13T12:00:00+08:00,1720843200,26.7,7.14,2.92,415.8,64.1,6.26,0.857,0.289,4.23,,,Ⅴ
2024-07-13T16:00:00+08:00,1720857600,26.9,7.13,2.69,380.5,63.3,6.33,0.926,0.268,4.5,,,Ⅴ
2024-07-13T20:00:00+08:00,1720872000,27.0,7.12,2.71,370.5,57.3,6.26,0.98,0.236,4.54,,,Ⅴ
2024-07-15T08:00:00+08:00,1721001600,27.4,6.92,1.43,292.7,38.0,6.16,0.952,0.185,4.04,,,劣Ⅴ
2024-07-15T12:00:00+08:00,1721016000,27.5,6.94,1.51,301.3,36.5,6.25,1.008,0.201,4.04,,,劣Ⅴ
2024-07-15T16:00:00+08:00,1721030400,27.7,6.95,1.42,297.8,37.0,6.26,1.06,0.202,4.02,,,劣Ⅴ
2024-07-15T20:00:00+08:00,1721044800,27.8,6.96,1.42,305.2,37.5,6.38,1.161,0.208,4.23,,,劣Ⅴ
2024-07-16T00:00:00+08:00,1721059200,27.8,6.97,1.38,306.5,31.2,6.22,1.108,0.201,3.73,,,劣Ⅴ
2024-07-16T04:00:00+08:00,1721073600,27.7,6.98,1.35,305.6,30.6,6.01,1.07,0.198,3.79,,,劣Ⅴ
2024-07-16T08:00:00+08:00,1721088000,27.8,6.98,1.36,300.0,33.9,6.06,1.082,0.201,3.91,,,劣Ⅴ
2024-07-16T12:00:00+08:00,1721102400,28.2,7.0,1.52,303.0,35.2,6.08,1.04,0.204,3.69,,,劣Ⅴ
2024-07-16T16:00:00+08:00,1721116800,28.6,6.92,1.42,301.8,31.7,6.02,1.057,0.199,3.68,,,劣Ⅴ
2024-07-16T20:00:00+08:00,1721131200,28.8,7.0,1.35,311.2,31.0,6.15,1.093,0.198,3.69,,,劣Ⅴ
2024-07-17T00:00:00+08:00,1721145600,28.8,7.0,1.32,310.4,24.8,5.99,1.079,0.188,3.49,,,劣Ⅴ
2024-07-17T04:00:00+08:00,1721160000,28.7,7.01,1.29,313.9,24.0,5.96,1.068,0.185,3.44,,,劣Ⅴ
2024-07-17T08:00:00+08:00,1721174400,28.7,7.01,1.41,314.0,26.4,6.0,1.075,0.191,3.51,,,劣Ⅴ
2024-07-17T12:00:00+08:00,1721188800,28.9,7.03,1.58,312.5,40.0,6.12,1.042,0.208,3.86,,,劣Ⅴ
2024-07-17T16:00:00+08:00,1721203200,29.0,7.06,1.8,311.0,32.7,6.02,1.04,0.194,3.57,,,劣Ⅴ
2024-07-17T20:00:00+08:00,1721217600,29.0,7.07,1.67,310.7,25.4,5.86,1.023,0.179,3.5,,,劣Ⅴ
2024-07-18T00:00:00+08:00,1721232000,29.0,7.06,1.67,310.2,21.7,5.81,1.013,0.176,3.36,,,劣Ⅴ
2024-07-18T04:00:00+08:00,1721246400,28.9,7.06,1.62,312.0,22.1,5.63,0.99,0.173,3.42,,,劣Ⅴ
2024-07-18T08:00:00+08:00,1721260800,28.9,7.06,1.56,314.2,22.5,5.68,0.982,0.173,3.35,,,劣Ⅴ
2024-07-18T12:00:00+08:00,1721275200,29.1,7.14,1.93,322.0,22.9,5.16,0.852,0.163,3.12,,,劣Ⅴ
2024-07-18T16:00:00+08:00,1721289600,29.4,7.27,2.62,329.3,27.5,4.29,0.592,0.147,2.62,,,Ⅴ
2024-07-18T20:00:00+08:00,1721304000,29.4,7.3,2.91,328.5,21.2,3.77,0.468,0.127,2.27,,,Ⅴ
2024-07-19T00:00:00+08:00,1721318400,29.5,7.4,3.42,321.8,26.1,3.54,0.383,0.124,1.97,,,Ⅳ
2024-07-19T04:00:00+08:00,1721332800,29.3,7.35,2.8,321.4,20.7,3.46,0.398,0.121,2.07,,,Ⅴ
2024-07-19T08:00:00+08:00,1721347200,29.3,7.38,2.63,327.4,29.0,3.51,0.42,0.128,1.99,,,Ⅴ
2024-07-19T12:00:00+08:00,1721361600,29.4,7.33,2.5,333.9,28.8,3.49,0.413,0.128,2.14,,,Ⅴ
2024-07-19T16:00:00+08:00,1721376000,29.7,7.35,2.65,337.3,25.8,3.49,0.409,0.126,2.15,,,Ⅴ
2024-07-20T00:00:00+08:00,1721404800,29.6,7.64,2.61,339.2,49.4,3.21,0.377,0.113,1.98,,,Ⅴ
2024-07-20T04:00:00+08:00,1721419200,29.6,7.38,2.45,328.4,19.6,3.13,0.343,0.112,1.98,,,Ⅴ
2024-07-20T08:00:00+08:00,1721433600,29.6,7.44,2.88,323.0,25.9,3.2,0.304,0.114,1.86,,,Ⅴ
2024-07-20T12:00:00+08:00,1721448000,29.9,7.49,3.27,323.0,27.3,3.18,0.273,0.115,1.79,,,Ⅳ
2024-07-20T16:00:00+08:00,1721462400,30.0,7.48,3.42,322.4,22.0,3.14,0.233,0.108,1.68,,,Ⅳ
2024-07-20T20:00:00+08:00,1721476800,30.0,7.47,3.48,319.1,22.2,3.12,0.209,0.11,1.61,,,Ⅳ
2024-07-21T00:00:00+08:00,1721491200,29.9,7.46,3.32,316.6,22.2,3.11,0.186,0.105,1.58,,,Ⅳ
2024-07-21T04:00:00+08:00,1721505600,29.7,7.43,2.98,314.8,19.8,2.93,0.194,0.105,1.67,,,Ⅴ
2024-07-21T08:00:00+08:00,1721520000,29.6,7.41,2.9,312.9,23.1,3.04,0.178,0.108,1.76,,,Ⅴ
2024-07-21T12:00:00+08:00,1721534400,30.0,7.46,3.13,314.0,22.9,2.99,0.191,0.113,1.72,,,Ⅳ
2024-07-22T08:00:00+08:00,1721606400,30.2,7.48,2.94,315.6,29.0,2.68,0.203,0.102,1.46,,,Ⅴ
2024-07-22T12:00:00+08:00,1721620800,31.1,7.5,3.6,312.9,21.2,2.82,0.19,0.108,1.62,,,Ⅳ
2024-07-22T16:00:00+08:00,1721635200,31.0,7.49,3.24,311.9,22.3,2.84,0.183,0.104,1.46,,,Ⅳ
2024-07-22T20:00:00+08:00,1721649600,31.0,7.5,3.14,312.1,33.3,2.76,0.184,0.104,1.72,,,Ⅳ
2024-07-23T04:00:00+08:00,1721678400,30.9,7.46,3.16,307.9,27.8,2.72,0.158,0.102,1.51,,,Ⅳ
2024-07-23T08:00:00+08:00,1721692800,30.8,7.48,3.35,303.7,21.4,2.77,0.178,0.118,1.64,,,Ⅳ
2024-07-23T12:00:00+08:00,1721707200,31.0,7.48,3.7,304.2,25.3,2.48,0.188,0.11,1.58,,,Ⅳ
2024-07-23T16:00:00+08:00,1721721600,31.4,7.56,3.83,307.4,33.0,2.48,0.188,0.11,1.58,,,Ⅳ
2024-07-23T20:00:00+08:00,1721736000,31.5,7.52,3.52,307.4,23.6,2.68,0.178,0.114,1.85,,,Ⅳ
2024-07-24T04:00:00+08:00,1721764800,31.4,7.54,3.55,303.0,22.7,2.66,0.196,0.104,1.83,,,Ⅳ
2024-07-24T08:00:00+08:00,1721779200,31.3,7.58,3.84,302.7,47.2,2.61,0.208,0.103,1.77,,,Ⅳ
2024-07-24T12:00:00+08:00,1721793600,31.4,7.6,4.11,306.8,28.4,2.83,0.209,0.123,1.73,,,Ⅳ
2024-07-24T16:00:00+08:00,1721808000,31.7,7.64,4.63,305.7,40.8,2.67,0.206,0.11,1.81,,,Ⅳ
2024-07-24T20:00:00+08:00,1721822400,31.7,7.67,4.5,305.4,33.4,2.94,0.17,0.119,2.02,,,Ⅳ
2024-07-25T04:00:00+08:00,1721851200,31.6,7.67,4.91,304.4,25.7,2.66,0.137,0.099,1.72,,,Ⅳ
2024-07-25T08:00:00+08:00,1721865600,31.6,7.7,5.24,301.4,31.9,2.55,0.124,0.101,1.72,,,Ⅲ
2024-07-25T12:00:00+08:00,1721880000,31.6,7.74,5.65,299.6,32.4,2.8,0.121,0.111,1.71,,,Ⅲ
2024-07-25T16:00:00+08:00,1721894400,31.8,7.75,5.9,301.4,37.2,2.68,0.136,0.111,1.58,,,Ⅲ
2024-07-25T20:00:00+08:00,1721908800,31.7,7.75,5.65,302.5,38.3,2.87,0.152,0.114,1.89,,,Ⅲ
2024-07-26T04:00:00+08:00,1721937600,31.3,7.67,4.91,303.8,25.5,2.74,0.175,0.11,1.73,,,Ⅳ
2024-07-26T08:00:00+08:00,1721952000,31.4,7.68,5.27,303.1,24.4,2.47,0.149,0.108,1.61,,,Ⅲ
2024-07-26T12:00:00+08:00,1721966400,31.5,7.7,5.4,303.0,25.1,2.53,0.135,0.098,1.63,,,Ⅲ
2024-07-26T16:00:00+08:00,1721980800,31.4,7.7,5.11,304.8,32.1,2.56,0.134,0.098,1.5,,,Ⅲ
2024-07-26T20:00:00+08:00,1721995200,31.1,7.65,4.86,308.0,29.9,2.61,0.164,0.105,1.69,,,Ⅳ
2024-07-27T00:00:00+08:00,1722009600,30.9,7.61,4.47,309.3,22.7,2.47,0.168,0.098,1.66,,,Ⅳ
2024-07-27T04:00:00+08:00,1722024000,30.7,7.62,4.57,310.3,27.7,2.47,0.168,0.098,1.66,,,Ⅳ
2024-07-27T08:00:00+08:00,1722038400,30.6,7.64,4.56,310.5,27.5,2.42,0.171,0.098,1.68,,,Ⅳ
2024-07-27T12:00:00+08:00,1722052800,30.8,7.77,5.71,312.0,29.0,2.32,0.169,0.101,1.68,,,Ⅲ
2024-07-27T16:00:00+08:00,1722067200,30.9,7.77,5.48,319.1,26.4,2.5,0.176,0.105,1.68,,,Ⅲ
2024-07-27T20:00:00+08:00,1722081600,30.6,7.74,5.21,319.2,24.3,2.62,0.208,0.105,1.73,,,Ⅲ
2024-07-28T00:00:00+08:00,1722096000,30.4,7.69,4.75,319.8,21.3,2.46,0.214,0.097,1.84,,,Ⅲ
2024-07-28T04:00:00+08:00,1722110400,30.3,7.69,4.64,319.6,21.0,2.46,0.214,0.097,1.84,,,Ⅳ
2024-07-28T08:00:00+08:00,1722124800,30.2,7.72,4.95,319.7,21.7,2.38,0.217,0.096,1.84,,,Ⅳ
2024-07-29T08:00:00+08:00,1722211200,30.2,7.55,3.72,336.1,28.5,2.38,0.22,0.099,2.0,,,Ⅳ
2024-07-29T12:00:00+08:00,1722225600,30.6,7.58,4.1,336.0,34.2,2.6,0.444,0.121,2.08,,,Ⅳ
2024-07-29T20:00:00+08:00,1722254400,31.1,7.75,4.54,294.2,80.1,3.33,0.585,0.161,2.13,,,Ⅳ
2024-07-30T04:00:00+08:00,1722283200,30.0,7.8,5.72,308.2,72.4,3.0,0.079,0.126,2.12,,,Ⅲ
2024-07-30T08:00:00+08:00,1722297600,29.8,7.78,5.48,306.2,77.3,2.49,0.057,0.11,2.05,,,Ⅲ
2024-07-30T12:00:00+08:00,1722312000,30.1,7.79,5.66,306.7,59.4,2.55,0.059,0.112,1.98,,,Ⅲ
2024-07-30T16:00:00+08:00,1722326400,30.4,7.8,5.7,306.9,65.2,2.36,0.051,0.098,1.93,,,Ⅲ
2024-07-31T12:00:00+08:00,1722398400,30.3,7.8,5.53,298.6,84.2,2.57,0.084,0.114,1.9,,,Ⅲ
2024-07-31T20:00:00+08:00,1722427200,30.7,7.76,5.54,291.4,95.9,2.71,0.068,0.117,2.02,,,Ⅲ
2024-08-01T04:00:00+08:00,1722456000,30.6,7.76,5.42,284.4,91.6,2.59,0.062,0.105,1.91,,,Ⅲ
2024-08-01T08:00:00+08:00,1722470400,30.3,7.74,5.24,281.4,101.0,2.72,0.063,0.116,1.93,,,Ⅲ
2024-08-01T12:00:00+08:00,1722484800,30.6,7.76,5.36,282.2,85.4,2.74,0.06,0.115,1.98,,,Ⅲ
2024-08-01T16:00:00+08:00,1722499200,30.9,7.76,5.37,281.8,70.4,2.57,0.067,0.107,2.07,,,Ⅲ
2024-08-01T20:00:00+08:00,1722513600,30.9,7.74,5.14,281.1,64.3,2.44,0.064,0.101,1.88,,,Ⅲ
2024-08-02T04:00:00+08:00,1722542400,30.8,7.74,5.15,278.4,70.8,2.38,0.078,0.097,1.7,,,Ⅲ
2024-08-02T12:00:00+08:00,1722571200,30.7,7.74,5.04,278.7,70.9,2.59,0.076,0.114,1.88,,,Ⅲ
2024-08-02T16:00:00+08:00,1722585600,31.0,7.76,5.21,278.8,71.8,2.46,0.078,0.102,1.9,,,Ⅲ
2024-08-02T20:00:00+08:00,1722600000,31.0,7.74,5.11,278.8,62.0,2.42,0.077,0.099,1.7,,,Ⅲ
2024-08-03T04:00:00+08:00,1722628800,30.9,7.74,5.13,279.3,54.1,2.3,0.069,0.095,1.8,,,Ⅲ
2024-08-03T08:00:00+08:00,1722643200,30.9,7.73,4.97,279.1,70.5,2.23,0.071,0.092,1.86,,,Ⅳ
2024-08-03T12:00:00+08:00,1722657600,31.0,7.74,5.09,279.5,72.3,2.4,0.08,0.099,1.79,,,Ⅲ
2024-08-03T16:00:00+08:00,1722672000,31.3,7.76,5.1,279.8,75.5,2.5,0.083,0.101,1.94,,,Ⅲ
2024-08-03T20:00:00+08:00,1722686400,31.4,7.74,5.11,278.9,69.0,2.45,0.107,0.101,1.84,,,Ⅲ
2024-08-04T04:00:00+08:00,1722715200,31.0,7.75,5.32,281.0,61.5,2.42,0.076,0.092,1.77,,,Ⅲ
2024-08-04T08:00:00+08:00,1722729600,31.1,7.74,5.2,281.5,91.0,2.22,0.064,0.092,1.74,,,Ⅲ
2024-08-05T08:00:00+08:00,1722816000,31.0,7.31,4.3,286.3,54.8,2.35,0.073,0.095,1.8,,,Ⅳ
2024-08-05T12:00:00+08:00,1722830400,30.9,7.37,4.71,289.3,58.0,2.26,0.058,0.096,1.8,,,Ⅳ
2024-08-05T20:00:00+08:00,1722859200,30.7,7.4,5.05,288.9,51.3,2.26,0.045,0.09,1.79,,,Ⅲ
2024-08-06T00:00:00+08:00,1722873600,30.9,7.29,4.03,284.7,51.7,2.36,0.115,0.093,1.91,,,Ⅳ
2024-08-06T04:00:00+08:00,1722888000,30.6,7.25,3.5,296.1,65.0,2.88,0.261,0.128,2.34,,,Ⅳ
2024-08-06T08:00:00+08:00,1722902400,30.4,7.27,3.76,289.4,52.5,2.98,0.32,0.134,2.2,,,Ⅳ
2024-08-06T12:00:00+08:00,1722916800,30.7,7.27,3.67,295.9,45.3,2.62,0.23,0.114,2.02,,,Ⅳ
2024-08-06T16:00:00+08:00,1722931200,31.1,7.27,3.71,295.3,38.4,2.5,0.29,0.109,2.03,,,Ⅳ
2024-08-06T20:00:00+08:00,1722945600,31.1,7.27,3.74,291.4,35.6,2.44,0.279,0.106,2.02,,,Ⅳ
2024-08-07T00:00:00+08:00,1722960000,31.1,7.31,4.03,293.9,32.3,2.44,0.245,0.103,1.87,,,Ⅳ
2024-08-07T04:00:00+08:00,1722974400,31.1,7.32,4.17,292.5,36.9,2.19,0.124,0.088,1.68,,,Ⅳ
2024-08-07T08:00:00+08:00,1722988800,30.9,7.34,4.34,289.7,42.3,2.09,0.093,0.087,1.63,,,Ⅳ
2024-08-07T16:00:00+08:00,1723017600,31.4,7.36,4.62,288.9,53.3,2.33,0.096,0.102,1.76,,,Ⅳ
2024-08-07T20:00:00+08:00,1723032000,31.3,7.4,4.92,289.3,49.8,2.39,0.09,0.105,1.8,,,Ⅳ
2024-08-08T00:00:00+08:00,1723046400,31.1,7.38,4.92,288.0,50.6,2.19,0.069,0.096,1.81,,,Ⅳ
2024-08-08T04:00:00+08:00,1723060800,31.2,7.33,4.23,282.0,50.2,2.28,0.104,0.096,1.94,,,Ⅳ
2024-08-08T20:00:00+08:00,1723118400,31.4,7.29,4.22,287.7,46.9,2.28,0.206,0.103,1.99,,,Ⅳ
2024-08-09T00:00:00+08:00,1723132800,31.4,7.32,4.28,286.4,45.2,2.28,0.206,0.103,1.99,,,Ⅳ
2024-08-09T04:00:00+08:00,1723147200,31.2,7.35,4.53,282.3,56.2,2.19,0.117,0.099,1.82,,,Ⅳ
2024-08-10T12:00:00+08:00,1723262400,31.6,7.33,4.24,273.8,62.6,2.42,0.082,0.099,1.5,,,Ⅳ
2024-08-11T20:00:00+08:00,1723377600,31.6,7.36,4.59,268.7,49.8,2.32,0.062,0.098,1.64,,,Ⅳ
2024-08-12T00:00:00+08:00,1723392000,31.6,7.29,3.89,271.5,41.5,2.31,0.071,0.089,1.61,,,Ⅳ
2024-08-12T04:00:00+08:00,1723406400,31.4,7.33,4.18,271.7,47.1,2.31,0.071,0.089,1.61,,,Ⅳ
2024-08-12T12:00:00+08:00,1723435200,31.7,7.31,3.97,270.3,51.6,2.21,0.08,0.088,1.59,,,Ⅳ
2024-08-13T04:00:00+08:00,1723492800,31.7,7.36,4.4,271.1,48.1,2.33,0.068,0.085,1.52,,,Ⅳ
2024-08-13T08:00:00+08:00,1723507200,31.6,7.3,3.91,268.9,52.2,2.33,0.127,0.095,1.65,,,Ⅳ
2024-08-13T16:00:00+08:00,1723536000,31.8,7.41,4.77,261.7,70.2,2.71,0.068,0.104,1.52,,,Ⅳ
2024-08-13T20:00:00+08:00,1723550400,31.8,7.33,4.15,264.2,48.2,2.46,0.149,0.101,1.48,,,Ⅳ
2024-08-14T04:00:00+08:00,1723579200,31.4,7.41,4.5,263.7,43.9,2.43,,0.094,1.37,,,
2024-08-14T12:00:00+08:00,1723608000,31.5,7.44,4.57,263.8,62.8,2.66,,0.106,1.63,,,
2024-08-14T16:00:00+08:00,1723622400,31.8,7.46,4.78,264.3,72.4,2.64,,0.109,1.5,,,
2024-08-14T20:00:00+08:00,1723636800,31.8,7.45,4.81,264.5,54.1,2.7,,0.109,1.44,,,
2024-08-15T00:00:00+08:00,1723651200,31.7,7.51,5.12,261.1,50.4,2.7,,0.109,1.44,,,
2024-08-15T04:00:00+08:00,1723665600,31.4,7.53,5.33,260.6,62.3,2.64,,0.104,1.52,,,
2024-08-15T12:00:00+08:00,1723694400,31.4,7.43,4.74,265.8,50.1,2.43,0.074,0.096,1.5,,,Ⅳ
2024-08-15T16:00:00+08:00,1723708800,31.5,7.32,4.57,269.9,55.5,2.44,0.153,0.109,1.66,,,Ⅳ
2024-08-15T20:00:00+08:00,1723723200,31.5,7.35,4.44,269.5,52.4,2.37,0.127,0.101,1.61,,,Ⅳ
2024-08-16T00:00:00+08:00,1723737600,31.4,7.35,4.35,271.2,41.9,2.37,0.127,0.101,1.61,,,Ⅳ
2024-08-16T04:00:00+08:00,1723752000,31.2,7.39,4.68,270.5,56.9,2.29,0.065,0.094,1.62,,,Ⅳ
2024-08-16T08:00:00+08:00,1723766400,30.8,7.4,4.69,269.4,58.4,2.22,0.061,0.093,1.7,,,Ⅳ
2024-08-16T12:00:00+08:00,1723780800,31.0,7.4,4.75,270.6,55.9,2.28,0.06,0.091,1.7,,,Ⅳ
2024-08-16T16:00:00+08:00,1723795200,31.4,7.43,4.99,270.3,68.3,2.46,0.058,0.097,1.74,,,Ⅳ
2024-08-16T20:00:00+08:00,1723809600,31.4,7.42,4.98,271.2,78.6,2.54,0.055,0.104,1.74,,,Ⅳ
2024-08-17T04:00:00+08:00,1723838400,31.2,7.42,4.84,278.0,69.2,2.39,0.072,0.095,1.62,,,Ⅳ
2024-08-17T08:00:00+08:00,1723852800,30.8,7.42,4.8,268.9,84.8,2.44,0.053,0.294,1.73,,,Ⅳ
2024-08-17T12:00:00+08:00,1723867200,31.0,7.43,4.78,268.1,62.9,2.39,0.049,0.294,1.61,,,Ⅳ
2024-08-17T16:00:00+08:00,1723881600,31.4,7.41,4.76,270.4,71.6,2.73,0.08,0.109,1.76,,,Ⅳ
2024-08-17T20:00:00+08:00,1723896000,31.5,7.43,5.02,269.3,63.4,2.45,0.055,0.096,1.7,,,Ⅲ
2024-08-18T20:00:00+08:00,1723982400,31.4,7.44,5.08,270.2,64.6,2.36,0.103,0.096,1.61,,,Ⅲ
2024-08-19T00:00:00+08:00,1723996800,31.1,7.42,4.85,268.0,55.9,2.46,0.068,0.096,1.54,,,Ⅳ
2024-08-19T04:00:00+08:00,1724011200,31.0,7.42,4.84,270.0,50.8,2.29,0.068,0.086,1.59,,,Ⅳ
2024-08-19T08:00:00+08:00,1724025600,30.8,7.43,4.9,267.9,80.0,2.27,0.064,0.087,1.59,,,Ⅳ
2024-08-19T12:00:00+08:00,1724040000,30.9,7.44,4.92,264.1,70.7,2.5,0.046,0.099,1.72,,,Ⅳ
2024-08-19T16:00:00+08:00,1724054400,30.6,7.43,5.0,266.3,62.8,2.38,0.056,0.097,1.7,,,Ⅳ
2024-08-19T20:00:00+08:00,1724068800,30.5,7.21,4.14,277.8,39.4,2.68,0.172,0.106,1.78,,,Ⅳ
2024-08-20T00:00:00+08:00,1724083200,30.1,7.21,4.01,277.9,53.5,3.57,0.218,0.117,1.75,,,Ⅳ
2024-08-20T04:00:00+08:00,1724097600,29.7,7.2,3.92,271.1,48.3,3.57,0.218,0.117,1.75,,,Ⅳ
2024-08-20T08:00:00+08:00,1724112000,29.7,7.15,3.52,289.3,43.0,3.58,0.319,0.139,2.25,,,Ⅳ
2024-08-20T12:00:00+08:00,1724126400,29.9,7.08,2.63,320.9,36.7,3.71,0.389,0.144,2.29,,,Ⅴ
2024-08-20T16:00:00+08:00,1724140800,29.8,7.02,1.98,306.0,40.0,4.95,0.608,0.164,2.59,,,劣Ⅴ
2024-08-21T04:00:00+08:00,1724184000,29.2,6.93,1.24,293.1,31.6,4.3,0.944,0.178,2.97,,,劣Ⅴ
2024-08-21T08:00:00+08:00,1724198400,29.2,6.93,1.21,291.1,28.2,4.24,0.965,0.178,2.95,,,劣Ⅴ
2024-08-21T12:00:00+08:00,1724212800,29.2,6.95,1.33,283.2,28.9,4.19,0.954,0.174,2.86,,,劣Ⅴ
2024-08-21T16:00:00+08:00,1724227200,28.9,7.03,2.02,272.9,35.0,4.09,0.903,0.152,2.81,,,Ⅴ
2024-08-21T20:00:00+08:00,1724241600,28.8,6.93,2.17,274.1,32.1,4.01,0.851,0.162,2.68,,,Ⅴ
2024-08-22T00:00:00+08:00,1724256000,28.6,6.87,2.39,277.5,36.5,4.3,0.806,0.161,2.77,,,Ⅴ
2024-08-22T04:00:00+08:00,1724270400,28.5,6.88,2.54,272.5,39.8,4.3,0.806,0.161,2.77,,,Ⅴ
2024-08-22T08:00:00+08:00,1724284800,28.6,6.91,2.49,275.2,37.1,4.82,0.662,0.178,2.86,,,Ⅴ
2024-08-22T16:00:00+08:00,1724313600,29.5,6.98,2.56,291.7,32.7,4.36,0.56,0.164,2.59,,,Ⅴ
2024-08-22T20:00:00+08:00,1724328000,29.6,7.0,2.57,293.4,27.5,4.04,0.544,0.156,2.54,,,Ⅴ
2024-08-23T00:00:00+08:00,1724342400,29.6,7.0,2.7,305.2,26.2,3.77,0.513,0.153,2.48,,,Ⅴ
2024-08-23T04:00:00+08:00,1724356800,29.6,6.99,2.51,311.9,23.2,3.77,0.513,0.153,2.48,,,Ⅴ
2024-08-23T08:00:00+08:00,1724371200,29.7,7.03,2.54,321.3,23.2,3.47,0.471,0.142,2.58,,,Ⅴ
2024-08-23T12:00:00+08:00,1724385600,30.0,7.04,2.48,327.5,27.3,3.33,0.475,0.144,2.4,,,Ⅴ
2024-08-23T16:00:00+08:00,1724400000,30.4,6.97,2.5,329.2,27.8,4.15,0.481,0.165,2.64,,,Ⅴ
2024-08-23T20:00:00+08:00,1724414400,30.4,7.04,2.24,337.2,29.2,4.15,0.481,0.165,2.64,,,Ⅴ
2024-08-24T00:00:00+08:00,1724428800,30.3,7.04,2.02,358.7,23.4,4.1,0.507,0.179,2.68,,,Ⅴ
2024-08-24T04:00:00+08:00,1724443200,30.6,7.21,3.33,314.3,27.6,3.02,0.78,0.185,3.13,,,Ⅳ
2024-08-24T08:00:00+08:00,1724457600,30.8,7.29,3.99,293.2,32.3,2.42,0.16,0.115,1.86,,,Ⅳ
2024-08-24T12:00:00+08:00,1724472000,31.2,7.38,4.55,284.2,40.4,2.34,0.087,0.108,1.71,,,Ⅳ
2024-08-24T16:00:00+08:00,1724486400,31.5,7.44,5.2,281.3,39.5,2.22,0.049,0.098,1.67,,,Ⅲ
2024-08-24T20:00:00+08:00,1724500800,31.4,7.37,4.61,284.2,32.8,2.2,0.125,0.101,1.69,,,Ⅳ
2024-08-25T00:00:00+08:00,1724515200,31.4,7.43,4.91,280.3,39.0,2.2,0.125,0.101,1.69,,,Ⅳ
2024-08-25T20:00:00+08:00,1724587200,31.6,7.4,4.97,281.7,43.0,2.3,0.03,0.096,1.57,,,Ⅳ
2024-08-26T00:00:00+08:00,1724601600,31.5,7.47,5.24,279.8,33.4,2.3,0.104,0.099,1.73,,,Ⅲ
2024-08-26T04:00:00+08:00,1724616000,31.4,7.47,5.12,278.1,34.2,2.07,0.041,0.083,1.57,,,Ⅲ
2024-08-26T08:00:00+08:00,1724630400,31.1,7.36,4.42,283.0,33.5,2.14,0.031,0.085,1.57,,,Ⅳ
2024-08-26T12:00:00+08:00,1724644800,31.3,7.45,5.07,280.8,53.7,2.1,0.108,0.092,1.58,,,Ⅲ
2024-08-26T16:00:00+08:00,1724659200,31.4,7.51,5.47,278.1,73.2,2.33,0.049,0.102,1.74,,,Ⅲ
2024-08-26T20:00:00+08:00,1724673600,31.4,7.41,5.15,280.9,34.6,2.53,0.043,0.11,1.7,,,Ⅲ
2024-08-27T00:00:00+08:00,1724688000,31.4,7.44,5.09,283.1,34.9,2.08,0.061,0.086,1.53,,,Ⅲ
2024-08-27T04:00:00+08:00,1724702400,31.3,7.43,4.91,285.0,38.1,2.17,0.075,0.086,1.59,,,Ⅳ
2024-08-27T08:00:00+08:00,1724716800,31.2,7.39,4.69,287.3,38.1,2.08,0.063,0.082,1.59,,,Ⅳ
2024-08-27T12:00:00+08:00,1724731200,31.0,7.42,4.89,284.2,42.3,2.03,0.066,0.085,1.53,,,Ⅳ
2024-08-27T16:00:00+08:00,1724745600,31.0,7.41,4.89,282.9,46.7,2.15,0.078,0.088,1.55,,,Ⅳ
2024-08-27T20:00:00+08:00,1724760000,30.8,7.38,4.67,285.5,34.2,2.18,0.075,0.09,1.55,,,Ⅳ
2024-08-28T00:00:00+08:00,1724774400,30.6,7.0,4.77,283.7,54.4,2.06,0.099,0.085,1.51,,,Ⅳ
2024-08-28T04:00:00+08:00,1724788800,30.5,7.0,4.96,275.4,48.7,2.17,0.075,0.092,1.57,,,Ⅳ
2024-08-28T08:00:00+08:00,1724803200,30.5,7.44,4.86,274.9,43.0,2.06,0.043,0.087,1.52,,,Ⅳ
2024-08-28T12:00:00+08:00,1724817600,30.5,7.41,4.74,279.9,44.9,1.96,0.046,0.081,1.5,,,Ⅳ
2024-08-28T16:00:00+08:00,1724832000,30.7,7.0,4.95,277.3,57.4,2.11,0.06,0.086,1.52,,,Ⅳ
2024-08-28T20:00:00+08:00,1724846400,30.7,7.0,5.06,278.2,47.1,2.27,0.048,0.095,1.56,,,Ⅲ
2024-08-29T00:00:00+08:00,1724860800,30.7,7.0,5.28,276.0,50.1,2.16,0.049,0.087,1.54,,,Ⅳ
2024-08-29T04:00:00+08:00,1724875200,30.6,7.0,5.16,270.0,64.0,2.13,0.041,0.088,1.51,,,Ⅲ
2024-08-29T08:00:00+08:00,1724889600,30.5,7.0,5.06,268.8,41.6,2.05,0.038,0.089,1.52,,,Ⅲ
2024-08-29T12:00:00+08:00,1724904000,30.7,7.0,4.97,274.0,42.7,1.87,0.039,0.084,1.34,,,Ⅳ
2024-08-29T16:00:00+08:00,1724918400,31.1,7.0,5.39,274.4,58.1,2.12,0.088,0.085,1.5,,,Ⅲ
2024-08-29T20:00:00+08:00,1724932800,31.2,7.0,5.4,273.2,47.5,2.34,0.071,0.098,1.58,,,Ⅳ
2024-08-30T00:00:00+08:00,1724947200,31.2,7.0,5.28,274.5,39.4,2.22,0.054,0.092,1.51,,,Ⅳ
2024-08-30T04:00:00+08:00,1724961600,31.1,7.0,5.14,272.2,63.5,2.01,0.067,0.083,1.46,,,Ⅳ
2024-08-30T08:00:00+08:00,1724976000,30.8,7.0,5.09,264.6,53.2,2.19,0.079,0.101,1.55,,,Ⅴ
2024-08-30T12:00:00+08:00,1724990400,31.0,7.0,5.26,267.9,34.7,2.01,0.045,0.093,1.38,,,Ⅳ
2024-08-30T16:00:00+08:00,1725004800,31.2,7.0,5.24,276.7,53.1,2.22,0.127,0.095,1.55,,,Ⅳ
2024-09-02T08:00:00+08:00,1725235200,31.3,7.0,4.88,266.0,66.1,1.94,0.053,0.006,1.34,,,Ⅳ
2024-09-02T12:00:00+08:00,1725249600,31.5,7.0,5.11,267.9,59.8,2.18,0.033,,1.47,,,
2024-09-02T16:00:00+08:00,1725264000,31.6,8.0,5.33,271.1,31.1,2.26,0.035,0.102,1.36,,,Ⅴ
2024-09-02T20:00:00+08:00,1725278400,31.5,8.0,5.57,274.1,66.6,2.05,0.048,0.082,1.38,,,Ⅲ
2024-09-03T00:00:00+08:00,1725292800,31.0,7.0,5.06,269.7,62.0,2.5,0.043,0.102,1.5,,,Ⅲ
2024-09-03T04:00:00+08:00,1725307200,30.8,7.0,4.87,271.0,27.6,2.32,0.057,0.097,1.41,,,Ⅳ
2024-09-03T08:00:00+08:00,1725321600,30.6,7.0,5.08,270.0,62.9,1.88,0.076,0.079,1.25,,,Ⅲ
2024-09-03T12:00:00+08:00,1725336000,30.9,8.0,5.28,267.8,43.8,2.26,0.051,0.096,1.43,,,Ⅳ
2024-09-03T16:00:00+08:00,1725350400,31.1,8.0,5.3,269.8,29.1,2.15,0.037,0.087,1.3,,,Ⅲ
2024-09-03T20:00:00+08:00,1725364800,30.9,8.0,5.39,275.3,57.5,2.01,0.076,0.08,1.24,,,Ⅳ
2024-09-04T00:00:00+08:00,1725379200,30.8,7.0,5.14,269.7,32.6,2.41,0.087,0.101,1.46,,,Ⅲ
2024-09-04T04:00:00+08:00,1725393600,30.6,7.0,4.83,269.4,21.2,2.0,0.051,0.081,1.14,,,Ⅳ
2024-09-04T08:00:00+08:00,1725408000,30.4,7.0,5.07,274.9,76.6,1.78,0.06,0.072,1.29,,,Ⅲ
2024-09-04T12:00:00+08:00,1725422400,30.9,8.0,5.3,268.6,34.4,2.6,0.079,0.114,1.67,,,Ⅲ
2024-09-04T16:00:00+08:00,1725436800,31.2,8.0,5.6,269.4,142.0,1.98,0.041,0.081,1.29,,,Ⅲ
2024-09-04T20:00:00+08:00,1725451200,31.1,7.0,5.19,276.3,48.9,2.82,0.091,0.124,1.52,,,Ⅲ
2024-09-05T00:00:00+08:00,1725465600,30.9,8.0,5.18,270.2,32.8,2.28,0.107,0.099,1.34,,,Ⅲ
2024-09-05T04:00:00+08:00,1725480000,30.8,7.0,4.76,269.0,19.6,2.02,0.046,0.081,1.31,,,Ⅳ
2024-09-05T08:00:00+08:00,1725494400,30.8,7.0,4.89,278.3,57.3,1.75,0.057,0.069,1.18,,,Ⅳ
2024-09-05T12:00:00+08:00,1725508800,31.1,8.0,5.4,269.7,40.0,2.26,0.081,0.096,1.47,,,Ⅲ
2024-09-05T16:00:00+08:00,1725523200,31.5,8.0,5.42,270.8,35.4,2.03,0.026,0.08,1.26,,,Ⅲ
2024-09-05T20:00:00+08:00,1725537600,31.4,7.0,4.76,282.1,67.6,2.17,0.059,0.081,1.18,,,Ⅳ
2024-09-06T00:00:00+08:00,1725552000,31.2,7.0,5.14,271.4,38.0,2.6,0.171,0.114,1.47,,,Ⅲ
2024-09-08T20:00:00+08:00,1725796800,31.4,8.0,6.08,277.4,60.7,1.9,0.034,0.073,1.21,,,Ⅱ
2024-09-09T00:00:00+08:00,1725811200,31.0,8.0,5.74,277.9,52.0,2.24,0.039,0.107,1.33,,,Ⅲ
2024-09-09T04:00:00+08:00,1725825600,30.8,8.0,5.49,277.6,20.2,1.66,0.025,0.067,1.16,,,Ⅲ
2024-09-09T08:00:00+08:00,1725840000,30.7,8.0,5.48,278.0,40.2,2.1,0.035,0.084,1.3,,,Ⅲ
2024-09-09T12:00:00+08:00,1725854400,31.1,8.0,5.82,282.6,44.0,2.16,0.052,0.086,1.35,,,Ⅲ
2024-09-09T16:00:00+08:00,1725868800,31.3,8.0,6.1,284.2,40.2,2.17,0.042,0.081,1.32,,,Ⅱ
2024-09-09T20:00:00+08:00,1725883200,31.3,8.0,6.08,283.3,42.4,2.21,0.037,0.087,1.36,,,Ⅱ
2024-09-10T00:00:00+08:00,1725897600,31.0,8.0,5.75,284.3,55.4,2.21,0.037,0.087,1.36,,,Ⅲ
2024-09-10T04:00:00+08:00,1725912000,30.8,8.0,5.56,284.1,21.9,1.79,0.026,0.068,1.29,,,Ⅲ
2024-09-10T08:00:00+08:00,1725926400,30.7,8.0,5.53,284.5,31.8,1.98,0.048,0.079,1.24,,,Ⅲ
2024-09-10T12:00:00+08:00,1725940800,31.0,7.0,5.26,286.4,36.0,2.16,0.127,0.087,1.32,,,Ⅲ
2024-09-10T16:00:00+08:00,1725955200,31.1,8.0,6.04,287.5,28.7,1.98,0.067,0.076,1.31,,,Ⅱ
2024-09-10T20:00:00+08:00,1725969600,31.0,8.0,5.8,286.9,27.1,1.98,0.059,0.077,1.25,,,Ⅲ
2024-09-11T00:00:00+08:00,1725984000,30.8,8.0,5.74,286.5,50.0,1.98,0.059,0.077,1.25,,,Ⅲ
2024-09-11T04:00:00+08:00,1725998400,30.6,8.0,5.51,286.8,27.0,2.01,0.071,0.077,1.34,,,Ⅲ
2024-09-11T08:00:00+08:00,1726012800,30.4,8.0,5.7,285.4,22.0,1.88,0.061,0.072,1.27,,,Ⅲ
2024-09-11T12:00:00+08:00,1726027200,30.4,8.0,5.44,296.1,25.4,2.35,0.211,0.1,1.5,,,Ⅲ
2024-09-11T16:00:00+08:00,1726041600,30.4,8.0,5.72,293.7,27.6,2.35,0.198,0.1,1.6,,,Ⅲ
2024-09-11T20:00:00+08:00,1726056000,30.3,8.0,5.44,286.7,38.8,2.3,0.196,0.114,1.67,,,Ⅲ
2024-09-12T00:00:00+08:00,1726070400,30.2,8.0,5.22,291.4,24.8,2.3,0.196,0.114,1.67,,,Ⅲ
2024-09-12T04:00:00+08:00,1726084800,30.2,8.0,5.05,291.5,21.2,2.11,0.178,0.093,1.54,,,Ⅲ
2024-09-12T08:00:00+08:00,1726099200,30.2,7.0,5.05,290.1,25.6,2.21,0.156,0.097,1.57,,,Ⅲ
2024-09-12T12:00:00+08:00,1726113600,30.4,8.0,5.74,290.2,19.9,2.26,0.122,0.091,1.48,,,Ⅲ
2024-09-12T16:00:00+08:00,1726128000,30.6,8.0,5.79,295.1,40.9,2.59,0.15,0.103,1.6,,,Ⅲ
2024-09-12T20:00:00+08:00,1726142400,30.6,7.0,5.0,294.4,23.1,2.5,0.13,0.092,1.42,,,Ⅲ
2024-09-13T00:00:00+08:00,1726156800,30.4,7.0,4.7,296.5,22.7,2.5,0.13,0.092,1.42,,,Ⅳ
2024-09-13T04:00:00+08:00,1726171200,30.2,7.0,4.1,299.1,19.7,3.0,0.21,0.109,1.43,,,Ⅳ
2024-09-13T16:00:00+08:00,1726214400,30.9,7.0,5.2,298.1,26.1,3.4,0.15,0.117,1.42,,,Ⅲ
2024-09-13T20:00:00+08:00,1726228800,30.8,7.0,4.9,310.9,36.9,3.7,0.18,0.134,1.66,,,Ⅳ
2024-09-14T00:00:00+08:00,1726243200,30.8,7.0,5.1,300.4,37.1,3.7,0.18,0.134,1.66,,,Ⅲ
2024-09-14T04:00:00+08:00,1726257600,30.8,7.0,5.0,295.3,43.4,2.2,0.04,0.13,1.7,,,Ⅲ
2024-09-14T08:00:00+08:00,1726272000,30.7,7.0,4.9,295.4,43.6,2.2,0.04,0.118,1.63,,,Ⅳ
2024-09-14T12:00:00+08:00,1726286400,31.1,7.0,4.1,316.2,70.2,3.8,0.09,0.161,2.04,,,Ⅳ
2024-09-14T16:00:00+08:00,1726300800,31.2,7.0,3.6,345.7,39.8,4.3,0.32,0.14,1.93,,,Ⅳ
2024-09-14T20:00:00+08:00,1726315200,31.0,7.0,3.2,354.1,35.6,4.5,0.39,0.136,1.96,,,Ⅳ
2024-09-15T00:00:00+08:00,1726329600,30.8,7.0,2.7,380.1,29.6,4.5,0.39,0.136,1.96,,,Ⅴ
2024-09-15T04:00:00+08:00,1726344000,30.6,7.0,2.5,376.0,22.8,5.0,0.58,0.138,2.31,,,Ⅴ
2024-09-15T08:00:00+08:00,1726358400,30.6,7.0,2.5,378.2,24.3,4.8,0.56,0.139,2.17,,,Ⅴ
2024-09-15T12:00:00+08:00,1726372800,30.9,7.0,3.3,373.4,28.3,5.0,0.54,0.147,2.1,,,Ⅳ
2024-09-15T16:00:00+08:00,1726387200,31.1,7.0,3.5,342.6,37.1,5.2,0.51,0.151,2.03,,,Ⅳ
2024-09-15T20:00:00+08:00,1726401600,30.8,7.0,3.3,343.5,31.0,5.0,0.5,0.141,1.91,,,Ⅳ
2024-09-16T00:00:00+08:00,1726416000,30.6,7.0,2.7,342.5,33.6,5.0,0.5,0.141,1.91,,,Ⅴ
2024-09-16T04:00:00+08:00,1726430400,30.3,7.0,2.7,333.1,34.8,4.8,0.48,0.144,2.05,,,Ⅴ
2024-09-16T08:00:00+08:00,1726444800,29.9,7.0,3.1,332.9,36.0,4.8,0.46,0.145,2.04,,,Ⅳ
2024-09-16T12:00:00+08:00,1726459200,29.8,7.0,3.6,343.0,38.7,5.0,0.42,0.146,1.89,,,Ⅳ
2024-09-16T16:00:00+08:00,1726473600,29.7,7.0,3.7,335.5,33.1,4.8,0.46,0.135,1.98,,,Ⅳ
2024-09-16T20:00:00+08:00,1726488000,29.4,7.0,3.9,342.3,37.6,4.8,0.44,0.136,2.02,,,Ⅳ
2024-09-17T00:00:00+08:00,1726502400,28.8,7.0,4.0,352.0,40.1,4.8,0.44,0.136,2.02,,,Ⅳ
2024-09-17T04:00:00+08:00,1726516800,27.9,7.0,4.2,360.3,55.2,6.0,0.81,0.233,2.93,,,Ⅳ
2024-09-17T08:00:00+08:00,1726531200,27.9,7.0,3.6,328.8,54.1,6.0,0.79,0.238,2.88,,,Ⅳ
2024-09-17T12:00:00+08:00,1726545600,27.8,7.0,4.4,331.5,100.9,7.3,0.57,0.311,3.36,,,Ⅴ
2024-09-17T16:00:00+08:00,1726560000,28.5,7.0,3.7,360.7,78.1,6.9,0.52,0.308,3.04,,,Ⅴ
2024-09-17T20:00:00+08:00,1726574400,28.3,7.0,2.7,334.9,52.1,6.2,0.57,0.243,3.05,,,Ⅴ
2024-09-18T00:00:00+08:00,1726588800,28.2,7.0,2.9,343.0,79.4,6.2,0.57,0.243,3.05,,,Ⅴ
2024-09-18T04:00:00+08:00,1726603200,28.1,7.0,2.7,336.2,37.9,6.0,0.45,0.252,2.76,,,Ⅴ
2024-09-18T08:00:00+08:00,1726617600,28.0,7.0,2.2,290.3,39.2,5.7,0.43,0.206,2.59,,,Ⅴ
2024-09-18T12:00:00+08:00,1726632000,28.3,7.0,2.6,295.1,47.9,6.0,0.42,0.213,2.52,,,Ⅴ
2024-09-18T16:00:00+08:00,1726646400,28.9,7.0,3.1,309.7,74.6,6.7,0.47,0.26,2.93,,,Ⅳ
2024-09-19T00:00:00+08:00,1726675200,28.6,7.0,2.2,322.4,35.3,5.9,0.39,0.189,2.56,,,Ⅴ
2024-09-19T08:00:00+08:00,1726704000,28.5,7.0,2.0,273.5,38.0,6.1,0.38,0.211,2.68,,,Ⅴ
2024-09-19T12:00:00+08:00,1726718400,28.8,7.0,1.9,269.9,47.9,5.7,0.34,0.196,2.28,,,劣Ⅴ
2024-09-20T08:00:00+08:00,1726790400,28.8,7.0,2.0,290.7,28.9,5.3,0.38,0.188,2.02,,,Ⅴ
2024-09-20T12:00:00+08:00,1726804800,29.1,7.0,2.4,327.2,26.7,5.3,0.43,0.188,2.14,,,Ⅴ
2024-09-20T16:00:00+08:00,1726819200,29.3,7.0,2.7,339.4,34.4,5.7,0.45,0.206,1.96,,,Ⅴ
2024-09-20T20:00:00+08:00,1726833600,29.2,7.0,2.2,336.3,22.5,5.8,0.42,0.213,2.02,,,Ⅴ
2024-09-21T00:00:00+08:00,1726848000,29.2,7.0,1.9,310.9,23.5,5.7,0.42,0.19,1.89,,,劣Ⅴ
2024-09-21T04:00:00+08:00,1726862400,29.0,7.0,1.9,296.0,22.3,5.6,0.47,0.18,1.95,,,劣Ⅴ
2024-09-21T08:00:00+08:00,1726876800,28.7,7.0,2.0,279.8,20.7,5.4,0.46,0.167,1.93,,,Ⅴ
2024-09-21T12:00:00+08:00,1726891200,28.6,7.0,2.4,279.0,17.8,5.4,0.43,0.154,1.83,,,Ⅴ
2024-09-21T16:00:00+08:00,1726905600,28.4,7.0,2.3,293.8,20.7,5.3,0.42,0.15,1.87,,,Ⅴ
2024-09-21T20:00:00+08:00,1726920000,28.0,7.0,2.5,281.4,18.4,5.4,0.43,0.16,1.86,,,Ⅴ
2024-09-22T00:00:00+08:00,1726934400,27.8,7.0,2.7,283.2,17.5,5.2,0.42,0.15,1.88,,,Ⅴ
2024-09-22T04:00:00+08:00,1726948800,27.4,7.0,2.8,282.9,21.0,5.4,0.42,0.146,1.85,,,Ⅴ
2024-09-22T08:00:00+08:00,1726963200,27.0,7.0,3.0,290.0,18.0,5.2,0.42,0.153,1.82,,,Ⅳ
2024-09-22T12:00:00+08:00,1726977600,27.3,7.0,3.0,290.4,47.3,5.1,0.42,0.152,1.84,,,Ⅳ
2024-09-22T16:00:00+08:00,1726992000,27.5,7.0,3.4,309.0,36.1,5.5,0.41,0.187,2.23,,,Ⅳ
2024-09-22T20:00:00+08:00,1727006400,27.3,7.0,3.3,309.8,56.1,5.0,0.36,0.166,2.15,,,Ⅳ
2024-09-23T00:00:00+08:00,1727020800,28.4,8.0,5.6,332.6,45.5,4.9,0.28,0.187,2.31,,,Ⅲ
2024-09-23T04:00:00+08:00,1727035200,28.2,8.0,5.6,332.1,,2.5,0.04,0.109,1.76,,,Ⅲ
2024-09-23T08:00:00+08:00,1727049600,28.0,8.0,5.5,331.5,25.9,2.1,0.03,0.088,1.62,,,Ⅲ
2024-09-23T12:00:00+08:00,1727064000,28.3,8.0,5.6,333.9,35.9,2.2,0.04,0.092,1.69,,,Ⅲ
2024-09-23T16:00:00+08:00,1727078400,28.6,8.0,5.8,333.2,29.8,2.3,0.05,0.099,1.72,,,Ⅲ
2024-09-23T20:00:00+08:00,1727092800,28.3,8.0,5.7,332.1,37.4,2.4,0.03,0.092,1.64,,,Ⅲ
2024-09-24T00:00:00+08:00,1727107200,28.4,8.0,5.9,331.3,39.3,2.4,0.04,0.099,1.69,,,Ⅲ
2024-09-24T04:00:00+08:00,1727121600,28.3,8.0,5.8,330.6,23.5,2.4,0.04,0.095,1.69,,,Ⅲ
2024-09-24T08:00:00+08:00,1727136000,28.1,8.0,5.8,329.3,21.5,2.0,0.02,0.078,1.65,,,Ⅲ
2024-09-24T12:00:00+08:00,1727150400,28.0,7.0,4.9,332.5,,2.0,0.02,0.076,1.59,,,Ⅳ
2024-09-24T16:00:00+08:00,1727164800,28.3,8.0,5.4,329.9,23.3,2.5,0.12,0.11,1.72,,,Ⅲ
2024-09-24T20:00:00+08:00,1727179200,28.2,8.0,5.5,328.8,25.2,2.3,0.08,0.091,1.65,,,Ⅲ
2024-09-25T00:00:00+08:00,1727193600,28.1,8.0,5.6,329.4,36.0,2.3,0.06,0.091,1.61,,,Ⅲ
2024-09-25T04:00:00+08:00,1727208000,28.1,8.0,5.6,326.1,23.4,2.3,0.08,0.096,1.68,,,Ⅲ
2024-09-25T08:00:00+08:00,1727222400,28.1,8.0,5.6,325.1,20.4,2.0,0.04,0.077,1.59,,,Ⅲ
2024-09-25T12:00:00+08:00,1727236800,28.3,8.0,5.6,326.2,24.0,2.0,0.04,0.075,1.52,,,Ⅲ
2024-09-25T16:00:00+08:00,1727251200,28.4,8.0,5.8,325.8,21.4,2.1,0.06,0.084,1.58,,,Ⅲ
2024-09-25T20:00:00+08:00,1727265600,28.3,8.0,5.6,325.2,31.0,2.1,0.04,0.081,1.6,,,Ⅲ
2024-09-26T00:00:00+08:00,1727280000,28.2,8.0,5.0,333.9,45.8,2.2,0.04,0.087,1.67,,,Ⅲ
2024-09-26T04:00:00+08:00,1727294400,27.7,7.0,4.0,326.7,20.8,2.6,0.16,0.112,1.84,,,Ⅳ
2024-09-26T08:00:00+08:00,1727308800,27.8,7.0,4.3,327.4,19.7,2.3,0.29,0.108,1.63,,,Ⅳ
2024-09-26T12:00:00+08:00,1727323200,27.8,7.0,4.4,327.5,23.0,2.2,0.23,0.103,1.67,,,Ⅳ
2024-09-27T08:00:00+08:00,1727395200,27.4,7.0,4.3,327.9,34.3,2.1,0.19,0.101,1.67,,,Ⅳ
2024-09-27T12:00:00+08:00,1727409600,27.5,7.0,4.3,334.2,33.5,2.2,0.18,0.105,1.72,,,Ⅳ
2024-09-27T16:00:00+08:00,1727424000,27.7,7.0,4.6,333.0,34.7,2.4,0.22,0.112,1.7,,,Ⅳ
2024-10-10T04:00:00+08:00,1728504000,24.0,8.0,6.3,347.2,50.3,2.2,0.06,0.097,1.6,,,Ⅱ
2024-10-10T08:00:00+08:00,1728518400,23.8,8.0,6.3,367.7,43.8,2.0,0.06,0.101,1.63,,,Ⅲ
2024-10-10T12:00:00+08:00,1728532800,24.1,8.0,6.4,356.1,65.0,2.3,0.06,0.102,1.67,,,Ⅲ
2024-10-10T16:00:00+08:00,1728547200,24.3,8.0,6.5,349.9,86.6,2.4,0.06,0.11,1.71,,,Ⅲ
2024-10-10T20:00:00+08:00,1728561600,24.2,8.0,6.2,343.2,65.6,2.2,0.07,0.114,1.77,,,Ⅲ
2024-10-11T04:00:00+08:00,1728590400,23.8,8.0,5.9,345.5,44.5,2.0,0.06,0.099,1.55,,,Ⅲ
2024-10-11T08:00:00+08:00,1728604800,23.7,8.0,5.9,346.1,64.4,2.1,0.07,0.097,1.67,,,Ⅲ
2024-10-11T12:00:00+08:00,1728619200,24.0,8.0,6.1,346.8,55.0,2.3,0.07,0.104,1.66,,,Ⅲ
2024-10-11T16:00:00+08:00,1728633600,24.2,8.0,5.9,345.3,103.0,2.3,0.07,0.098,1.58,,,Ⅲ
2024-10-11T20:00:00+08:00,1728648000,23.9,8.0,5.8,344.5,55.3,2.9,0.09,0.131,1.78,,,Ⅲ
2024-10-12T04:00:00+08:00,1728676800,23.7,8.0,5.7,340.8,46.4,2.5,0.08,0.097,1.62,,,Ⅲ
2024-10-12T08:00:00+08:00,1728691200,23.6,8.0,5.7,340.8,67.4,2.4,0.07,0.092,1.68,,,Ⅲ
2024-10-12T16:00:00+08:00,1728720000,24.0,8.0,6.0,341.2,73.8,2.5,0.06,0.104,1.67,,,Ⅲ
2024-10-12T20:00:00+08:00,1728734400,23.8,8.0,5.9,341.4,63.5,2.3,0.05,0.101,1.71,,,Ⅲ
2024-10-13T00:00:00+08:00,1728748800,23.8,8.0,5.9,342.3,65.9,2.3,0.06,0.102,1.7,,,Ⅲ
2024-10-13T04:00:00+08:00,1728763200,23.7,8.0,5.8,342.8,60.0,2.2,0.05,0.101,1.7,,,Ⅲ
2024-10-13T12:00:00+08:00,1728792000,23.8,8.0,6.0,343.6,60.5,2.2,0.05,0.1,1.67,,,Ⅱ
2024-10-13T16:00:00+08:00,1728806400,23.9,8.0,5.9,344.5,125.8,2.4,0.06,0.116,1.74,,,Ⅲ
2024-10-14T00:00:00+08:00,1728835200,23.8,8.0,5.7,347.1,47.2,2.1,0.06,0.096,1.7,,,Ⅲ
2024-10-14T04:00:00+08:00,1728849600,23.6,8.0,5.7,347.7,61.8,2.1,0.08,0.106,1.8,,,Ⅲ
2024-10-14T12:00:00+08:00,1728878400,23.7,8.0,5.8,349.5,93.9,2.3,0.07,0.114,1.74,,,Ⅲ
2024-10-14T16:00:00+08:00,1728892800,23.8,8.0,6.0,350.2,75.8,2.4,0.07,0.119,1.84,,,Ⅲ
2024-10-21T08:00:00+08:00,1729468800,23.2,8.0,7.1,334.6,57.9,1.7,0.03,0.081,1.39,,,Ⅱ
2024-10-21T12:00:00+08:00,1729483200,23.2,8.0,7.1,338.0,49.7,2.0,0.03,0.09,1.53,,,Ⅱ
2024-10-21T16:00:00+08:00,1729497600,23.2,8.0,7.1,336.9,50.1,1.9,0.05,0.091,1.42,,,Ⅱ
2024-10-21T20:00:00+08:00,1729512000,22.9,8.0,7.2,336.2,105.6,1.9,0.03,0.089,1.41,,,Ⅱ
2024-10-22T04:00:00+08:00,1729540800,23.2,8.0,7.0,337.0,37.7,2.0,0.06,0.087,1.47,,,Ⅱ
2024-10-22T08:00:00+08:00,1729555200,23.0,8.0,7.0,338.9,61.2,1.8,0.03,0.081,1.4,,,Ⅱ
2024-10-22T12:00:00+08:00,1729569600,23.0,8.0,6.9,343.6,52.5,1.9,0.04,0.091,1.52,,,Ⅱ
2024-10-22T16:00:00+08:00,1729584000,22.9,8.0,7.0,341.0,66.5,2.0,0.07,0.096,1.55,,,Ⅱ
2024-10-23T04:00:00+08:00,1729627200,22.2,8.0,7.1,340.8,42.3,2.0,0.03,0.089,1.48,,,Ⅱ
2024-10-23T08:00:00+08:00,1729641600,22.0,8.0,7.1,339.9,55.8,1.8,0.03,0.082,1.46,,,Ⅱ
2024-10-23T12:00:00+08:00,1729656000,22.4,8.0,7.4,341.0,55.5,2.0,0.03,0.091,1.54,,,Ⅱ
2024-10-23T16:00:00+08:00,1729670400,22.6,8.0,7.2,343.2,71.8,2.0,0.03,0.092,1.44,,,Ⅱ
2024-10-23T20:00:00+08:00,1729684800,22.3,8.0,7.1,342.9,48.8,2.1,0.03,0.097,1.53,,,Ⅱ
2024-10-24T04:00:00+08:00,1729713600,21.6,8.0,5.7,350.8,33.8,2.0,0.06,0.09,1.53,,,Ⅲ
2024-10-24T08:00:00+08:00,1729728000,21.5,8.0,5.8,350.0,38.6,1.9,0.19,0.097,1.64,,,Ⅲ
2024-10-24T12:00:00+08:00,1729742400,21.9,8.0,5.9,350.4,51.4,2.0,0.18,0.103,1.66,,,Ⅲ
2024-10-24T16:00:00+08:00,1729756800,22.2,8.0,6.2,349.3,44.3,2.0,0.17,0.105,1.66,,,Ⅲ
2024-10-24T20:00:00+08:00,1729771200,21.9,8.0,6.2,348.8,57.8,2.2,0.16,0.111,1.66,,,Ⅲ
2024-10-25T04:00:00+08:00,1729800000,21.8,8.0,6.5,352.0,43.1,2.0,0.07,0.098,1.49,,,Ⅱ
2024-10-25T16:00:00+08:00,1729843200,22.0,8.0,6.3,353.6,51.7,1.8,0.12,0.096,1.8,,,Ⅱ
2024-10-25T20:00:00+08:00,1729857600,21.8,8.0,6.2,352.0,47.8,2.0,0.15,0.103,1.87,,,Ⅲ
2024-10-26T04:00:00+08:00,1729886400,21.4,8.0,5.8,348.2,41.6,2.1,0.18,0.101,1.87,,,Ⅲ
2024-10-26T08:00:00+08:00,1729900800,21.3,8.0,5.8,346.5,41.6,2.0,0.21,0.1,1.75,,,Ⅲ
2024-10-26T12:00:00+08:00,1729915200,21.3,8.0,5.8,346.2,45.3,1.9,0.2,0.102,1.82,,,Ⅲ
2024-10-26T16:00:00+08:00,1729929600,21.3,8.0,5.7,346.2,51.1,2.0,0.2,0.103,1.76,,,Ⅲ
2024-10-26T20:00:00+08:00,1729944000,21.2,8.0,5.8,345.0,69.2,2.2,0.22,0.107,1.84,,,Ⅲ
2024-10-27T04:00:00+08:00,1729972800,21.1,8.0,5.9,346.0,37.9,2.1,0.2,0.105,1.8,,,Ⅲ
2024-10-27T08:00:00+08:00,1729987200,21.0,8.0,6.1,346.9,38.8,1.9,0.2,0.099,1.82,,,Ⅱ
2024-10-27T12:00:00+08:00,1730001600,21.0,8.0,6.2,347.2,52.5,2.0,0.2,0.1,1.83,,,Ⅱ
2024-10-28T08:00:00+08:00,1730073600,20.6,8.0,6.3,349.9,38.2,2.1,0.22,0.102,1.8,,,Ⅲ
2024-10-28T12:00:00+08:00,1730088000,20.9,8.0,6.6,350.9,54.1,2.2,0.23,0.113,1.81,,,Ⅲ
2024-10-28T16:00:00+08:00,1730102400,20.9,8.0,6.4,351.7,53.4,2.2,0.24,0.112,1.84,,,Ⅲ
2024-10-28T20:00:00+08:00,1730116800,20.7,8.0,6.4,354.8,41.4,2.2,0.25,0.109,1.84,,,Ⅲ
2024-10-29T00:00:00+08:00,1730131200,20.6,8.0,6.4,352.1,43.7,2.1,0.22,0.107,1.83,,,Ⅲ
2024-10-29T04:00:00+08:00,1730145600,20.4,8.0,6.2,354.1,40.3,2.1,0.2,0.101,1.83,,,Ⅲ
2024-10-29T08:00:00+08:00,1730160000,20.6,7.0,6.3,401.3,41.6,2.3,0.23,0.106,2.38,,,Ⅲ
2024-10-29T12:00:00+08:00,1730174400,20.9,7.0,6.0,398.1,44.8,2.4,0.24,0.114,2.44,,,Ⅲ
2024-10-29T16:00:00+08:00,1730188800,21.0,7.0,5.8,390.6,43.6,2.4,0.26,0.12,2.27,,,Ⅲ
2024-10-29T20:00:00+08:00,1730203200,20.7,7.0,5.5,383.9,55.3,2.4,0.29,0.128,2.27,,,Ⅲ
2024-10-30T00:00:00+08:00,1730217600,20.6,7.0,5.5,375.3,43.4,2.3,0.26,0.12,2.1,,,Ⅲ
2024-10-30T04:00:00+08:00,1730232000,20.4,8.0,5.7,366.7,46.0,2.2,0.21,0.114,2.1,,,Ⅲ
2024-10-30T08:00:00+08:00,1730246400,20.8,8.0,6.1,344.7,40.2,2.2,0.21,0.114,2.1,,,Ⅲ
2024-10-30T12:00:00+08:00,1730260800,21.4,8.0,6.8,340.6,42.5,2.0,0.15,0.096,1.9,,,Ⅱ
2024-10-30T16:00:00+08:00,1730275200,21.5,8.0,7.0,338.7,50.5,2.0,0.1,0.089,1.74,,,Ⅱ
2024-10-30T20:00:00+08:00,1730289600,21.5,8.0,7.1,335.2,45.9,2.1,0.08,0.09,1.71,,,Ⅱ
2024-10-31T04:00:00+08:00,1730318400,21.4,8.0,7.2,332.6,39.5,1.9,0.05,0.078,1.64,,,Ⅱ
2024-10-31T08:00:00+08:00,1730332800,21.3,8.0,7.2,333.2,39.1,1.7,0.05,0.078,1.69,,,Ⅱ
2024-10-31T12:00:00+08:00,1730347200,21.7,8.0,7.3,335.9,58.8,1.7,0.04,0.075,1.74,,,Ⅱ
2024-10-31T16:00:00+08:00,1730361600,21.8,8.0,7.1,336.7,67.4,1.9,0.06,0.088,1.76,,,Ⅱ
2024-10-31T20:00:00+08:00,1730376000,21.7,8.0,7.1,337.2,56.6,2.0,0.07,0.092,1.93,,,Ⅱ
2024-11-01T04:00:00+08:00,1730404800,21.1,8.0,7.1,344.8,49.4,1.9,0.07,0.088,1.88,,,Ⅱ
2024-11-01T08:00:00+08:00,1730419200,20.7,8.0,6.8,349.8,65.3,2.0,0.11,0.115,1.89,,,Ⅲ
2024-11-01T12:00:00+08:00,1730433600,19.7,8.0,7.1,385.8,122.0,2.6,0.29,0.128,2.4,,,Ⅲ
2024-11-02T04:00:00+08:00,1730491200,18.8,7.0,5.1,391.0,70.1,5.5,0.52,0.192,3.38,,,Ⅲ
2024-11-02T12:00:00+08:00,1730520000,19.0,7.0,5.5,391.4,73.5,5.1,0.6,0.208,3.64,,,Ⅳ
2024-11-02T16:00:00+08:00,1730534400,19.4,7.0,4.9,373.0,62.7,5.3,0.57,0.212,3.52,,,Ⅳ
2024-11-04T12:00:00+08:00,1730692800,21.2,8.0,6.9,362.0,71.7,2.4,0.11,0.096,2.08,,,Ⅱ
2024-11-04T16:00:00+08:00,1730707200,21.3,8.0,6.9,360.2,61.4,2.3,0.08,0.098,1.97,,,Ⅱ
2024-11-04T20:00:00+08:00,1730721600,21.2,8.0,7.0,364.1,71.3,2.2,0.07,0.095,2.0,,,Ⅱ
2024-11-05T00:00:00+08:00,1730736000,20.9,8.0,6.8,362.8,46.9,2.2,0.07,0.095,2.0,,,Ⅱ
2024-11-05T12:00:00+08:00,1730779200,21.2,8.0,7.4,352.5,49.0,2.1,0.07,0.088,1.91,,,Ⅱ
2024-11-05T16:00:00+08:00,1730793600,21.4,8.0,7.5,355.3,51.8,1.9,0.04,0.076,1.8,,,Ⅱ
2024-11-05T20:00:00+08:00,1730808000,20.8,8.0,6.6,364.5,57.4,1.9,0.04,0.081,2.05,,,Ⅱ
2024-11-06T04:00:00+08:00,1730836800,20.3,8.0,5.8,364.6,43.6,2.0,0.14,0.112,1.98,,,Ⅲ
2024-11-06T08:00:00+08:00,1730851200,20.2,8.0,6.0,363.8,38.2,1.9,0.13,0.093,1.98,,,Ⅱ
2024-11-06T12:00:00+08:00,1730865600,20.6,8.0,6.6,358.1,50.4,2.0,0.09,0.092,1.97,,,Ⅱ
2024-11-06T16:00:00+08:00,1730880000,20.7,8.0,6.7,356.9,52.6,2.1,0.07,0.093,1.86,,,Ⅱ
2024-11-06T20:00:00+08:00,1730894400,20.5,8.0,6.9,355.9,51.7,2.0,0.06,0.086,1.96,,,Ⅱ
2024-11-07T00:00:00+08:00,1730908800,20.1,8.0,5.5,365.3,43.3,2.0,0.23,0.097,1.93,,,Ⅲ
2024-11-07T04:00:00+08:00,1730923200,20.0,8.0,6.0,361.4,52.4,1.9,0.17,0.094,1.93,,,Ⅱ
2024-11-07T08:00:00+08:00,1730937600,19.9,8.0,6.2,360.0,41.1,1.9,0.17,0.094,1.93,,,Ⅱ
2024-11-07T12:00:00+08:00,1730952000,20.2,8.0,6.5,360.1,66.9,1.9,0.14,0.087,1.92,,,Ⅱ
2024-11-07T16:00:00+08:00,1730966400,20.2,8.0,6.8,360.1,60.3,2.1,0.12,0.096,2.09,,,Ⅱ
2024-11-07T20:00:00+08:00,1730980800,20.0,8.0,6.7,360.4,51.1,2.1,0.1,0.092,1.88,,,Ⅱ
2024-11-08T04:00:00+08:00,1731009600,19.6,8.0,6.6,360.5,45.2,1.9,0.1,0.086,1.92,,,Ⅱ
2024-11-08T08:00:00+08:00,1731024000,19.6,8.0,6.8,359.3,53.1,1.9,0.08,0.086,1.89,,,Ⅱ
2024-11-08T12:00:00+08:00,1731038400,19.8,8.0,6.8,358.7,69.0,1.9,0.08,0.086,1.93,,,Ⅱ
2024-11-12T16:00:00+08:00,1731398400,19.8,8.0,6.3,383.6,83.5,2.2,0.08,0.095,1.98,,,Ⅱ
2024-11-12T20:00:00+08:00,1731412800,19.5,8.0,5.7,402.5,58.1,2.4,0.14,0.112,2.28,,,Ⅲ
2024-11-13T16:00:00+08:00,1731484800,19.5,8.0,5.8,407.4,71.0,2.3,0.19,0.1,2.22,,,Ⅲ
2024-11-13T20:00:00+08:00,1731499200,19.4,7.0,4.7,404.5,38.2,2.4,0.4,0.118,2.15,,,Ⅳ
2024-11-14T04:00:00+08:00,1731528000,19.2,7.0,4.6,400.7,34.0,2.4,0.41,0.113,2.11,,,Ⅳ
2024-11-14T12:00:00+08:00,1731556800,19.8,7.0,5.3,407.2,65.3,2.4,0.39,0.129,2.23,,,Ⅲ
2024-11-14T16:00:00+08:00,1731571200,19.8,7.0,4.8,395.1,49.4,2.4,0.38,0.128,2.23,,,Ⅳ
2024-11-15T10:09:00+08:00,1731636540,,,,,,,,,,,,
2024-11-15T16:00:00+08:00,1731657600,19.9,7.0,5.1,401.3,57.6,2.4,0.34,0.117,2.21,,,Ⅲ
2024-11-15T20:00:00+08:00,1731672000,19.9,7.0,5.1,413.9,48.3,2.5,0.35,0.114,2.26,,,Ⅲ
2024-11-16T04:00:00+08:00,1731700800,19.8,7.0,5.2,411.1,40.4,2.4,0.34,0.111,2.21,,,Ⅲ
2024-11-16T08:00:00+08:00,1731715200,19.8,7.0,5.2,412.9,45.2,2.2,0.32,0.108,2.12,,,Ⅲ
2024-11-16T12:00:00+08:00,1731729600,20.0,8.0,5.6,409.8,39.6,2.3,0.33,0.112,2.18,,,Ⅲ
2024-11-16T16:00:00+08:00,1731744000,20.0,8.0,5.6,406.0,81.4,2.1,0.31,0.106,2.16,,,Ⅲ
2024-11-16T20:00:00+08:00,1731758400,20.5,8.0,6.6,369.6,112.8,2.6,0.3,0.128,2.29,,,Ⅲ
2024-11-17T04:00:00+08:00,1731787200,20.6,8.0,7.3,353.4,58.7,2.3,0.06,0.093,2.13,,,Ⅱ
2024-11-17T08:00:00+08:00,1731801600,20.4,8.0,7.3,354.1,67.7,1.9,0.05,0.084,2.12,,,Ⅱ
2024-11-17T20:00:00+08:00,1731844800,20.2,8.0,7.8,347.0,191.1,2.0,0.05,0.082,2.15,,,Ⅱ
2024-11-18T08:00:00+08:00,1731888000,20.2,8.0,8.0,344.4,86.4,2.1,0.04,0.085,2.16,,,Ⅱ
2024-11-18T16:00:00+08:00,1731916800,19.8,8.0,8.0,345.7,59.8,1.9,0.03,0.076,1.99,,,Ⅱ
2024-11-18T20:00:00+08:00,1731931200,19.7,8.0,7.9,347.6,109.1,2.0,0.03,0.077,2.11,,,Ⅱ
2024-11-19T00:00:00+08:00,1731945600,19.9,8.0,8.1,340.5,51.7,1.9,0.03,0.072,2.1,,,Ⅱ
2024-11-19T04:00:00+08:00,1731960000,19.8,8.0,8.0,340.3,44.3,1.9,0.03,0.072,2.1,,,Ⅱ
2024-11-19T20:00:00+08:00,1732017600,19.3,8.0,7.8,346.5,80.0,2.0,0.03,0.083,2.04,,,Ⅱ
2024-11-20T04:00:00+08:00,1732046400,19.3,8.0,7.8,341.7,44.6,1.9,0.06,0.083,2.12,,,Ⅱ
2024-11-20T16:00:00+08:00,1732089600,19.3,8.0,7.9,341.6,83.7,1.8,0.03,0.077,2.11,,,Ⅱ
2024-11-20T20:00:00+08:00,1732104000,19.2,8.0,7.9,343.5,72.1,2.0,0.04,0.082,2.13,,,Ⅱ
2024-11-21T08:00:00+08:00,1732147200,18.4,8.0,7.3,347.2,81.4,2.0,0.07,0.086,2.21,,,Ⅱ
2024-11-21T12:00:00+08:00,1732161600,18.6,8.0,7.5,347.2,86.2,2.1,0.07,0.094,2.2,,,Ⅱ
2024-11-21T16:00:00+08:00,1732176000,18.7,8.0,7.5,346.8,103.2,2.2,0.07,0.094,2.33,,,Ⅱ
2024-11-21T20:00:00+08:00,1732190400,18.5,8.0,7.5,347.3,73.5,2.3,0.07,0.098,2.35,,,Ⅱ
2024-11-22T04:00:00+08:00,1732219200,18.7,8.0,7.8,358.6,56.0,2.0,0.04,0.076,2.08,,,Ⅱ
2024-11-22T16:00:00+08:00,1732262400,18.8,8.0,7.9,347.0,74.6,2.1,0.04,0.086,2.2,,,Ⅱ
2024-11-22T20:00:00+08:00,1732276800,18.6,6.0,8.4,328.9,3.2,2.1,0.04,0.085,2.23,,,Ⅱ
2024-11-23T04:00:00+08:00,1732305600,18.3,6.0,8.1,350.6,3.2,2.0,0.03,0.082,2.2,,,Ⅱ
2024-11-23T08:00:00+08:00,1732320000,18.2,6.0,8.3,267.7,16.1,1.9,0.04,0.121,2.25,,,Ⅲ
2024-11-23T12:00:00+08:00,1732334400,18.4,6.0,8.3,277.4,5.6,1.9,0.04,0.1,2.17,,,Ⅱ
2024-11-23T16:00:00+08:00,1732348800,18.5,6.0,8.2,359.2,10.0,2.1,0.04,0.089,2.32,,,Ⅱ
2024-11-23T20:00:00+08:00,1732363200,18.3,8.0,7.8,359.6,78.4,2.2,0.04,0.094,2.3,,,Ⅱ
2024-11-24T04:00:00+08:00,1732392000,18.0,8.0,7.7,360.6,68.3,2.2,0.04,0.088,2.26,,,Ⅱ
2024-11-24T08:00:00+08:00,1732406400,17.8,8.0,7.7,360.6,65.3,2.1,0.05,0.088,2.35,,,Ⅱ
2024-11-24T12:00:00+08:00,1732420800,18.0,8.0,7.8,361.1,71.2,2.1,0.04,0.085,2.32,,,Ⅱ
2024-11-24T16:00:00+08:00,1732435200,18.0,8.0,8.0,361.8,89.7,2.1,0.04,0.088,2.26,,,Ⅱ
2024-11-24T20:00:00+08:00,1732449600,17.9,8.0,7.9,363.4,90.0,2.3,0.05,0.099,2.41,,,Ⅱ
2024-11-25T04:00:00+08:00,1732478400,17.7,8.0,7.8,363.9,68.5,2.3,0.05,0.096,2.33,,,Ⅱ
2024-11-25T20:00:00+08:00,1732536000,17.4,8.0,7.7,372.2,85.8,2.7,0.09,0.116,2.61,,,Ⅲ
2024-11-26T04:00:00+08:00,1732564800,17.0,8.0,7.9,372.7,82.7,2.4,0.11,0.101,2.45,,,Ⅲ
2024-11-26T08:00:00+08:00,1732579200,16.8,8.0,7.9,374.5,83.6,2.2,0.08,0.101,2.46,,,Ⅲ
2024-11-26T12:00:00+08:00,1732593600,16.9,8.0,8.0,373.7,75.8,2.2,0.08,0.101,2.42,,,Ⅲ
2024-11-26T16:00:00+08:00,1732608000,16.7,8.0,8.0,374.2,95.3,2.3,0.1,0.101,2.37,,,Ⅲ
2024-11-26T20:00:00+08:00,1732622400,16.8,8.0,7.9,389.5,81.4,2.5,0.1,0.109,2.57,,,Ⅲ
2024-11-27T04:00:00+08:00,1732651200,17.7,8.0,8.1,364.6,59.9,2.8,0.18,0.12,2.49,,,Ⅲ
2024-11-27T12:00:00+08:00,1732680000,17.7,8.0,8.4,360.6,64.2,2.0,0.07,0.088,2.16,,,Ⅱ
2024-11-27T16:00:00+08:00,1732694400,17.8,8.0,8.4,363.9,220.8,2.1,0.06,0.085,2.09,,,Ⅱ
2024-11-27T20:00:00+08:00,1732708800,17.8,8.0,8.5,362.6,73.2,2.5,0.08,0.107,2.25,,,Ⅲ
2024-11-28T04:00:00+08:00,1732737600,17.5,8.0,8.3,360.1,53.7,2.0,0.07,0.078,1.99,,,Ⅱ
2024-11-28T16:00:00+08:00,1732780800,17.5,8.0,8.6,368.3,56.8,3.1,0.1,0.145,2.76,,,Ⅲ
2024-11-28T20:00:00+08:00,1732795200,17.5,8.0,8.5,370.6,93.3,2.0,0.06,0.082,1.96,,,Ⅱ
2024-11-29T04:00:00+08:00,1732824000,21.6,8.0,9.1,0.1,2.2,2.0,0.06,0.077,1.94,,,Ⅱ
2024-11-29T12:00:00+08:00,1732852800,17.1,8.0,8.7,366.8,64.5,2.0,0.05,0.082,1.95,,,Ⅱ
2024-11-29T16:00:00+08:00,1732867200,17.3,8.0,8.6,368.9,70.9,2.0,0.05,0.083,1.96,,,Ⅱ
2024-11-29T20:00:00+08:00,1732881600,17.5,8.0,8.6,368.3,155.8,2.1,0.06,0.083,2.02,,,Ⅱ
2024-11-30T12:00:00+08:00,1732939200,17.2,8.0,8.7,366.4,66.8,1.9,0.06,0.075,1.99,,,Ⅱ
2024-11-30T16:00:00+08:00,1732953600,17.3,8.0,8.5,369.0,61.0,2.0,0.05,0.077,2.02,,,Ⅱ
2024-11-30T20:00:00+08:00,1732968000,17.3,8.0,8.5,370.3,124.5,1.9,0.06,0.078,2.07,,,Ⅱ
2024-12-01T04:00:00+08:00,1732996800,16.9,8.0,8.4,366.4,62.0,2.0,0.06,0.074,2.01,,,Ⅱ
2024-12-01T08:00:00+08:00,1733011200,17.1,8.0,8.5,368.4,60.2,1.8,0.05,0.076,2.03,,,Ⅱ
2024-12-01T12:00:00+08:00,1733025600,17.3,8.0,8.6,366.2,57.2,1.9,0.06,0.074,2.01,,,Ⅱ
2024-12-01T16:00:00+08:00,1733040000,17.3,8.0,8.5,367.5,55.5,1.9,0.05,0.072,1.93,,,Ⅱ
2024-12-01T20:00:00+08:00,1733054400,17.3,8.0,8.5,370.2,136.9,2.8,0.08,0.08,2.14,,,Ⅱ
2024-12-02T04:00:00+08:00,1733083200,16.9,8.0,8.5,364.7,60.5,2.1,0.05,0.079,1.77,,,Ⅱ
2024-12-02T20:00:00+08:00,1733140800,17.6,8.0,8.6,371.6,121.6,2.4,0.06,0.078,1.76,,,Ⅱ
2024-12-03T04:00:00+08:00,1733169600,17.0,8.0,8.5,366.5,56.4,2.5,0.07,0.094,1.78,,,Ⅱ
2024-12-03T12:00:00+08:00,1733198400,17.3,8.0,8.7,370.4,67.2,1.9,0.04,0.072,1.67,,,Ⅱ
2024-12-03T16:00:00+08:00,1733212800,17.2,8.0,8.7,368.6,50.9,2.0,0.04,0.075,1.8,,,Ⅱ
2024-12-03T20:00:00+08:00,1733227200,17.3,8.0,8.7,370.2,282.6,1.9,0.05,0.071,1.77,,,Ⅱ
2024-12-04T04:00:00+08:00,1733256000,16.8,8.0,8.5,368.1,51.2,2.4,0.05,0.081,1.72,,,Ⅱ
2024-12-04T08:00:00+08:00,1733270400,17.0,8.0,8.5,369.3,55.7,1.9,0.04,0.069,1.64,,,Ⅱ
2024-12-04T12:00:00+08:00,1733284800,17.1,8.0,8.7,374.0,53.1,1.9,0.04,0.07,1.64,,,Ⅱ
2024-12-04T20:00:00+08:00,1733313600,17.0,8.0,8.6,378.4,160.2,1.9,0.05,0.071,1.66,,,Ⅱ
2024-12-05T04:00:00+08:00,1733342400,16.7,8.0,8.4,371.3,65.0,2.0,0.07,0.075,1.64,,,Ⅱ
2024-12-05T08:00:00+08:00,1733356800,16.8,8.0,8.4,374.2,74.2,2.0,0.06,0.074,1.75,,,Ⅱ
2024-12-05T12:00:00+08:00,1733371200,17.0,8.0,8.6,379.1,52.0,2.0,0.05,0.075,1.7,,,Ⅱ
2024-12-05T20:00:00+08:00,1733400000,17.0,8.0,8.7,379.3,121.1,2.5,0.07,0.082,1.79,,,Ⅱ
2024-12-06T04:00:00+08:00,1733428800,16.6,8.0,8.5,377.7,55.2,2.1,0.07,0.077,1.66,,,Ⅱ
2024-12-06T08:00:00+08:00,1733443200,16.7,8.0,8.5,381.8,148.2,1.9,0.07,0.073,1.66,,,Ⅱ
2024-12-06T16:00:00+08:00,1733472000,16.9,8.0,8.6,378.5,54.0,2.0,0.06,0.077,1.72,,,Ⅱ
2024-12-07T16:00:00+08:00,1733558400,16.8,8.0,8.8,380.3,179.0,1.9,0.05,0.074,1.68,,,Ⅱ
2024-12-08T04:00:00+08:00,1733601600,16.2,8.0,8.7,379.9,53.6,2.5,0.06,0.085,1.78,,,Ⅱ
2024-12-09T12:00:00+08:00,1733716800,16.1,8.0,9.0,384.0,51.0,1.8,0.04,0.07,1.7,,,Ⅱ
2024-12-09T20:00:00+08:00,1733745600,16.1,8.0,8.9,381.3,172.2,1.9,0.05,0.073,1.59,,,Ⅱ
2024-12-10T16:00:00+08:00,1733817600,15.9,8.0,8.9,381.0,73.6,1.9,0.04,0.067,1.66,,,Ⅱ
2024-12-14T04:00:00+08:00,1734120000,14.7,8.0,8.8,383.5,46.6,1.9,0.06,0.075,1.85,,,Ⅱ
2024-12-14T16:00:00+08:00,1734163200,15.0,8.0,9.2,388.4,46.8,1.7,0.05,0.068,1.68,,,Ⅱ
2024-12-16T04:00:00+08:00,1734292800,14.1,8.0,9.0,389.3,58.7,2.0,0.07,0.073,1.76,,,Ⅱ
2024-12-18T20:00:00+08:00,1734523200,14.4,8.0,9.1,393.3,57.4,2.0,0.06,0.077,1.75,,,Ⅱ
2024-12-19T04:00:00+08:00,1734552000,13.9,8.0,9.1,390.8,46.7,1.8,0.07,0.069,1.86,,,Ⅱ
2024-12-20T20:00:00+08:00,1734696000,13.9,8.0,9.3,393.9,177.9,2.6,0.07,0.099,1.95,,,Ⅱ
2024-12-21T04:00:00+08:00,1734724800,13.7,8.0,9.1,394.1,42.1,1.8,0.07,0.076,1.71,,,Ⅱ
2024-12-23T20:00:00+08:00,1734955200,13.2,8.0,9.4,395.9,36.3,1.8,0.06,0.069,1.66,,,Ⅱ
2024-12-24T04:00:00+08:00,1734984000,13.1,8.0,9.3,396.9,36.4,1.7,0.07,0.066,1.54,,,Ⅱ
2024-12-24T08:00:00+08:00,1734998400,12.8,8.0,9.3,396.5,34.3,1.6,0.06,0.066,1.69,,,Ⅱ
2024-12-24T12:00:00+08:00,1735012800,13.2,8.0,9.4,398.8,35.0,1.6,0.06,0.065,1.72,,,Ⅱ
2024-12-24T16:00:00+08:00,1735027200,13.4,8.0,9.5,400.9,44.8,1.7,0.06,0.066,1.62,,,Ⅱ
2024-12-24T20:00:00+08:00,1735041600,13.2,8.0,9.5,398.6,158.0,2.6,0.07,0.098,1.82,,,Ⅱ
2024-12-25T08:00:00+08:00,1735084800,13.0,8.0,9.3,399.7,38.4,1.6,0.09,0.068,1.81,,,Ⅱ
2024-12-25T12:00:00+08:00,1735099200,13.1,8.0,9.3,404.7,38.0,1.8,0.06,0.069,1.73,,,Ⅱ
2024-12-25T20:00:00+08:00,1735128000,13.2,8.0,9.3,402.4,180.0,3.0,0.08,0.089,1.96,,,Ⅱ
2024-12-26T04:00:00+08:00,1735156800,13.1,8.0,9.3,401.2,34.9,2.0,0.08,0.075,1.74,,,Ⅱ
2024-12-28T04:00:00+08:00,1735329600,12.3,8.0,9.4,401.9,38.6,1.7,0.07,0.068,1.64,,,Ⅱ
2024-12-28T20:00:00+08:00,1735387200,12.7,8.0,9.6,404.9,43.9,1.8,0.07,0.069,1.81,,,Ⅱ
2025-01-02T20:00:00+08:00,1735819200,12.3,8.0,9.7,403.8,91.7,2.0,0.07,0.076,1.72,,,Ⅱ
2025-01-03T08:00:00+08:00,1735862400,11.8,8.0,9.5,403.8,33.2,1.6,0.06,0.065,1.61,,,Ⅱ
2025-01-03T12:00:00+08:00,1735876800,12.4,8.0,9.8,411.6,38.2,1.7,0.05,0.062,1.62,,,Ⅱ
2025-01-07T16:00:00+08:00,1736236800,12.5,8.0,9.7,418.2,42.9,2.1,0.08,0.062,2.07,,,Ⅱ
2025-01-07T20:00:00+08:00,1736251200,12.0,8.0,9.6,409.3,40.4,2.2,0.09,0.062,1.75,,,Ⅱ
2025-01-08T08:00:00+08:00,1736294400,11.6,8.0,9.4,415.1,35.5,2.2,0.09,0.064,2.06,,,Ⅱ
2025-01-08T12:00:00+08:00,1736308800,12.1,8.0,9.6,415.6,33.6,2.0,0.07,0.06,2.09,,,Ⅱ
2025-01-08T16:00:00+08:00,1736323200,12.2,8.0,9.6,417.5,42.9,2.0,0.08,0.057,1.83,,,Ⅱ
2025-01-09T08:00:00+08:00,1736380800,11.6,8.0,9.5,410.4,33.7,2.1,0.08,0.061,2.06,,,Ⅱ
2025-01-09T12:00:00+08:00,1736395200,11.8,8.0,9.7,413.4,31.6,2.0,0.07,0.059,1.94,,,Ⅱ
2025-01-09T16:00:00+08:00,1736409600,12.0,8.0,9.8,414.2,40.8,1.9,0.07,0.058,1.99,,,Ⅱ
2025-01-09T20:00:00+08:00,1736424000,11.9,8.0,9.7,411.4,87.1,2.1,0.08,0.061,2.04,,,Ⅱ
2025-01-10T04:00:00+08:00,1736452800,11.8,8.0,9.6,407.9,38.5,2.2,0.08,0.062,1.9,,,Ⅱ
2025-01-10T08:00:00+08:00,1736467200,11.6,8.0,9.5,408.0,45.8,2.0,0.07,0.06,1.99,,,Ⅱ
2025-01-10T12:00:00+08:00,1736481600,11.7,8.0,9.8,406.7,36.6,2.1,0.07,0.061,2.0,,,Ⅱ
2025-01-10T20:00:00+08:00,1736510400,11.9,8.0,9.8,408.9,109.9,2.2,0.07,0.058,1.99,,,Ⅱ
2025-01-11T00:00:00+08:00,1736524800,11.4,8.0,9.6,407.2,38.2,2.1,0.08,0.063,1.86,,,Ⅱ
2025-01-11T04:00:00+08:00,1736539200,11.5,8.0,9.5,406.9,33.2,2.1,0.08,0.063,1.86,,,Ⅱ
2025-01-11T12:00:00+08:00,1736568000,11.7,8.0,9.8,410.7,34.8,2.1,0.08,0.06,1.97,,,Ⅱ
2025-01-11T16:00:00+08:00,1736582400,11.9,8.0,9.8,416.7,35.1,2.1,0.08,0.058,2.06,,,Ⅱ
2025-01-12T12:00:00+08:00,1736654400,11.6,8.0,9.8,405.6,36.3,2.2,0.08,0.07,2.1,,,Ⅱ
2025-01-12T16:00:00+08:00,1736668800,11.7,8.0,9.8,406.0,29.5,2.1,0.07,0.067,1.92,,,Ⅱ
2025-01-13T04:00:00+08:00,1736712000,11.2,8.0,9.4,407.3,32.0,2.3,0.1,0.066,2.09,,,Ⅱ
2025-01-13T16:00:00+08:00,1736755200,11.7,8.0,9.8,405.6,33.5,2.0,0.08,0.068,2.07,,,Ⅱ
2025-01-13T20:00:00+08:00,1736769600,11.9,8.0,9.7,409.1,250.6,2.1,0.08,0.06,1.93,,,Ⅱ
2025-01-14T00:00:00+08:00,1736784000,11.7,8.0,9.7,406.2,37.8,2.1,0.08,0.064,2.01,,,Ⅱ
2025-01-14T04:00:00+08:00,1736798400,11.4,8.0,9.5,406.8,37.2,2.1,0.08,0.064,2.01,,,Ⅱ
2025-01-14T08:00:00+08:00,1736812800,11.7,8.0,9.5,406.6,31.9,2.0,0.08,0.063,1.87,,,Ⅱ
2025-01-15T20:00:00+08:00,1736942400,11.9,8.0,9.7,409.5,70.3,2.1,0.08,0.06,1.84,,,Ⅱ
2025-01-19T00:00:00+08:00,1737216000,11.9,8.0,9.7,417.0,39.6,2.1,0.1,0.059,2.38,,,Ⅱ
2025-01-19T04:00:00+08:00,1737230400,11.4,8.0,9.5,413.7,36.0,2.1,0.1,0.059,2.38,,,Ⅱ
2025-01-20T04:00:00+08:00,1737316800,11.7,8.0,9.6,414.2,36.3,2.1,0.1,0.056,2.0,,,Ⅱ
2025-01-20T12:00:00+08:00,1737345600,11.9,8.0,9.8,415.2,28.4,2.1,0.08,0.054,1.86,,,Ⅱ
2025-01-21T12:00:00+08:00,1737432000,11.9,8.0,9.9,412.2,26.3,2.0,0.08,0.052,1.8,,,Ⅱ
2025-01-21T20:00:00+08:00,1737460800,11.8,8.0,9.8,414.1,40.3,2.3,0.11,0.066,1.97,,,Ⅱ
2025-01-22T04:00:00+08:00,1737489600,11.8,8.0,9.7,414.1,33.7,2.1,0.09,0.054,1.92,,,Ⅱ
2025-01-22T08:00:00+08:00,1737504000,11.4,8.0,9.6,412.5,30.5,2.0,0.08,0.057,1.94,,,Ⅱ
2025-01-22T16:00:00+08:00,1737532800,12.2,8.0,10.1,415.9,28.4,2.1,0.08,0.056,1.94,,,Ⅱ
2025-01-22T20:00:00+08:00,1737547200,11.9,8.0,9.9,412.8,29.8,2.0,0.1,0.055,1.82,,,Ⅱ
2025-01-23T16:00:00+08:00,1737619200,12.3,8.0,10.1,421.7,23.1,2.0,0.08,0.051,1.91,,,Ⅱ
2025-01-24T00:00:00+08:00,1737648000,12.1,8.0,9.8,418.2,25.0,2.1,0.08,0.053,1.84,,,Ⅱ
2025-02-12T16:00:00+08:00,1739347200,11.2,8.0,9.9,416.7,27.1,1.7,0.09,0.053,1.85,,,Ⅱ
2025-02-12T20:00:00+08:00,1739361600,11.4,8.0,9.8,423.4,48.4,1.8,0.1,0.061,1.89,,,Ⅱ
2025-02-13T00:00:00+08:00,1739376000,11.4,8.0,9.7,421.9,39.5,1.8,0.12,0.061,2.06,,,Ⅱ
2025-02-13T04:00:00+08:00,1739390400,10.9,8.0,9.7,418.7,32.0,1.7,0.11,0.057,1.9,,,Ⅱ
2025-02-13T08:00:00+08:00,1739404800,11.2,8.0,9.7,417.8,32.9,1.6,0.09,0.057,1.87,,,Ⅱ
2025-02-13T16:00:00+08:00,1739433600,11.4,8.0,10.2,418.2,25.9,1.6,0.1,0.057,1.97,,,Ⅱ
2025-02-13T20:00:00+08:00,1739448000,11.5,8.0,10.0,419.1,27.3,1.7,0.09,0.056,2.0,,,Ⅱ
