ts,epoch,temperature,ph,do,conductivity,turbidity,codmn,ammonia_n,tp,tn,chla,algae_density,quality_class
2021-06-17T08:00:00+08:00,1623888000,27.5,7.61,6.18,392.6,117.5,3.82,0.263,0.163,1.69,,,Ⅲ
2021-06-17T12:00:00+08:00,1623902400,27.5,7.61,6.01,408.6,123.3,4.23,0.213,0.164,1.98,,,Ⅲ
2021-06-17T16:00:00+08:00,1623916800,26.7,7.56,7.11,409.4,126.5,5.22,0.311,0.177,1.85,,,Ⅲ
2021-06-17T20:00:00+08:00,1623931200,26.8,7.58,6.36,418.5,121.7,5.32,0.234,0.174,1.68,,,Ⅲ
2021-06-18T00:00:00+08:00,1623945600,27.5,7.49,5.0,418.9,115.2,5.02,0.25,0.169,1.71,,,Ⅲ
2021-06-18T04:00:00+08:00,1623960000,27.5,7.57,5.52,420.1,115.8,4.55,0.228,0.163,1.78,,,Ⅲ
2021-06-18T08:00:00+08:00,1623974400,27.4,7.53,5.56,447.9,122.6,4.76,0.196,0.158,1.74,,,Ⅲ
2021-06-18T12:00:00+08:00,1623988800,26.9,7.07,5.59,442.1,92.0,4.07,0.171,0.152,1.67,,,Ⅲ
2021-06-18T16:00:00+08:00,1624003200,27.3,7.33,5.9,435.6,137.1,4.44,0.205,0.16,1.75,,,Ⅲ
2021-06-18T20:00:00+08:00,1624017600,27.1,7.4,6.0,439.5,100.8,5.02,0.214,0.172,1.55,,,Ⅲ
2021-06-19T00:00:00+08:00,1624032000,26.4,7.41,6.25,431.5,94.7,4.76,0.203,0.153,1.62,,,Ⅲ
2021-06-19T04:00:00+08:00,1624046400,26.0,7.39,6.04,430.4,78.0,3.99,0.21,0.152,1.79,,,Ⅲ
2021-06-19T08:00:00+08:00,1624060800,25.7,7.43,6.21,439.4,87.9,4.29,0.22,0.15,1.86,,,Ⅲ
2021-06-19T12:00:00+08:00,1624075200,25.8,7.42,5.96,438.4,76.9,4.16,0.239,0.161,1.79,,,Ⅲ
2021-06-19T16:00:00+08:00,1624089600,26.0,7.4,5.25,431.4,70.5,3.97,0.215,0.143,1.98,,,Ⅲ
2021-06-19T20:00:00+08:00,1624104000,25.9,7.43,5.95,433.7,80.9,4.36,0.253,0.152,1.79,,,Ⅲ
2021-06-20T04:00:00+08:00,1624132800,25.2,7.46,6.13,431.2,87.0,4.16,0.279,0.149,1.87,,,Ⅲ
2021-06-20T12:00:00+08:00,1624161600,25.7,7.35,5.84,444.1,62.9,4.26,0.371,0.153,1.93,,,Ⅲ
2021-07-02T08:00:00+08:00,1625184000,27.4,7.4,6.03,415.1,83.9,4.73,0.284,0.205,1.97,,,Ⅳ
2021-07-02T12:00:00+08:00,1625198400,26.7,8.58,4.63,427.4,89.3,5.16,0.257,0.199,2.25,,,Ⅳ
2021-07-02T16:00:00+08:00,1625212800,27.3,7.28,5.83,427.6,76.2,5.16,0.257,0.199,2.25,,,Ⅲ
2021-07-02T20:00:00+08:00,1625227200,26.7,7.35,5.81,408.9,71.9,5.65,0.39,0.204,3.11,,,Ⅳ
2021-07-03T00:00:00+08:00,1625241600,26.4,7.48,5.88,421.6,67.3,5.08,0.43,0.206,3.02,,,Ⅳ
2021-07-03T04:00:00+08:00,1625256000,26.5,7.48,6.08,440.5,63.0,5.29,0.41,0.187,3.0,,,Ⅲ
2021-07-03T08:00:00+08:00,1625270400,27.0,7.4,4.52,478.0,99.5,13.27,2.646,0.628,6.33,,,劣Ⅴ
2021-07-03T12:00:00+08:00,1625284800,25.8,7.48,6.12,435.8,59.1,6.53,1.347,0.216,3.45,,,Ⅳ
2021-07-03T16:00:00+08:00,1625299200,26.4,7.43,6.31,441.1,74.8,5.2,0.504,0.194,3.05,,,Ⅲ
2021-07-03T20:00:00+08:00,1625313600,26.4,7.54,6.1,444.5,66.2,5.56,0.379,0.177,3.05,,,Ⅲ
2021-07-04T00:00:00+08:00,1625328000,26.6,7.36,6.25,458.6,65.3,5.11,0.343,0.189,2.98,,,Ⅲ
2021-07-04T04:00:00+08:00,1625342400,27.4,7.26,5.36,458.4,60.7,5.88,0.304,0.18,3.16,,,Ⅲ
2021-07-04T08:00:00+08:00,1625356800,27.2,7.3,5.77,417.0,69.5,4.79,0.294,0.183,2.65,,,Ⅲ
2021-07-04T12:00:00+08:00,1625371200,26.9,7.39,5.42,383.4,78.2,4.81,0.333,0.195,2.53,,,Ⅲ
2021-07-04T16:00:00+08:00,1625385600,26.5,7.4,5.04,398.3,78.6,5.53,0.37,0.201,2.58,,,Ⅳ
2021-07-04T20:00:00+08:00,1625400000,26.8,7.24,5.97,403.8,76.0,5.6,0.392,0.201,2.77,,,Ⅳ
2021-07-05T00:00:00+08:00,1625414400,26.9,7.4,5.65,414.9,68.8,5.36,0.382,0.205,2.91,,,Ⅳ
2021-07-05T04:00:00+08:00,1625428800,26.9,7.37,5.5,421.2,70.4,5.53,0.335,0.197,2.88,,,Ⅲ
2021-07-05T08:00:00+08:00,1625443200,26.5,7.37,5.52,427.7,69.4,5.29,0.338,0.194,2.88,,,Ⅲ
2021-07-05T12:00:00+08:00,1625457600,26.1,7.66,5.62,431.5,75.1,4.77,0.34,0.191,2.92,,,Ⅲ
2021-07-05T16:00:00+08:00,1625472000,27.1,7.32,5.5,447.4,72.2,5.04,0.319,0.187,2.82,,,Ⅲ
2021-07-05T20:00:00+08:00,1625486400,26.8,7.33,5.35,439.5,77.7,5.47,0.351,0.196,2.74,,,Ⅲ
2021-07-06T00:00:00+08:00,1625500800,26.2,7.72,6.4,447.2,68.2,5.21,0.361,0.197,2.85,,,Ⅲ
2021-07-06T04:00:00+08:00,1625515200,26.5,7.33,5.14,438.9,71.0,5.6,0.366,0.197,2.79,,,Ⅲ
2021-07-06T08:00:00+08:00,1625529600,26.5,7.42,5.34,439.6,72.0,5.52,0.386,0.199,2.91,,,Ⅲ
2021-07-06T12:00:00+08:00,1625544000,27.5,7.44,5.68,440.7,74.7,5.33,0.394,0.186,2.69,,,Ⅲ
2021-07-06T16:00:00+08:00,1625558400,28.6,7.43,5.71,442.6,71.4,5.05,0.347,0.176,2.63,,,Ⅲ
2021-07-07T04:00:00+08:00,1625601600,27.4,7.4,5.49,427.0,67.7,4.91,0.403,0.169,2.27,,,Ⅲ
2021-07-07T08:00:00+08:00,1625616000,27.0,7.5,6.57,429.4,71.2,4.92,0.456,0.175,2.23,,,Ⅲ
2021-07-07T12:00:00+08:00,1625630400,27.8,7.5,5.9,428.0,66.3,5.04,0.474,0.166,2.36,,,Ⅲ
2021-07-26T12:00:00+08:00,1627272000,24.9,7.64,6.61,368.0,121.9,5.84,0.217,0.186,0.07,,,Ⅲ
2021-07-26T16:00:00+08:00,1627286400,24.4,7.67,7.22,374.8,124.0,5.76,0.231,0.175,0.1,,,Ⅲ
2021-07-26T20:00:00+08:00,1627300800,24.1,7.68,6.63,376.5,121.7,5.85,0.231,0.177,0.08,,,Ⅲ
2021-07-27T04:00:00+08:00,1627329600,23.9,7.77,7.89,364.9,173.2,7.95,0.279,0.256,0.07,,,Ⅳ
2021-07-27T08:00:00+08:00,1627344000,23.6,7.88,7.7,406.9,131.7,6.32,0.29,0.196,0.42,,,Ⅳ
2021-07-27T12:00:00+08:00,1627358400,23.9,7.91,7.5,388.1,108.3,,0.232,0.158,2.28,,,
2021-07-27T16:00:00+08:00,1627372800,23.1,8.09,8.38,423.8,150.4,6.13,0.222,0.198,3.0,,,Ⅳ
2021-07-27T20:00:00+08:00,1627387200,23.5,8.09,8.38,434.7,168.5,7.2,0.275,0.25,3.81,,,Ⅳ
2021-07-28T04:00:00+08:00,1627416000,23.5,8.01,8.1,374.4,144.4,6.34,0.248,0.226,3.32,,,Ⅳ
2021-07-28T08:00:00+08:00,1627430400,23.5,7.77,7.52,312.4,134.9,6.15,0.26,0.245,3.09,,,Ⅳ
2021-07-28T12:00:00+08:00,1627444800,23.7,7.63,7.06,298.3,132.7,6.57,0.282,0.268,3.18,,,Ⅳ
2021-07-28T16:00:00+08:00,1627459200,24.6,7.44,7.32,301.2,114.4,5.51,0.25,0.239,3.16,,,Ⅳ
2021-07-28T20:00:00+08:00,1627473600,25.3,7.4,6.71,309.9,106.6,5.66,0.225,0.232,3.0,,,Ⅳ
2021-07-29T00:00:00+08:00,1627488000,25.0,7.59,6.86,337.9,110.8,5.44,0.19,0.235,3.32,,,Ⅳ
2021-07-29T04:00:00+08:00,1627502400,24.5,7.54,6.62,359.8,105.0,5.73,0.196,0.226,3.36,,,Ⅳ
2021-07-29T08:00:00+08:00,1627516800,24.2,7.55,6.64,349.4,112.9,5.6,0.254,0.241,3.73,,,Ⅳ
2021-07-29T12:00:00+08:00,1627531200,25.6,7.48,6.39,360.1,111.0,5.52,0.236,0.234,3.78,,,Ⅳ
2021-07-29T16:00:00+08:00,1627545600,27.0,7.49,6.58,372.0,115.6,6.14,0.211,0.234,3.78,,,Ⅳ
2021-07-29T20:00:00+08:00,1627560000,27.0,7.54,6.36,382.9,111.4,5.22,0.168,0.219,3.36,,,Ⅳ
2021-07-30T00:00:00+08:00,1627574400,26.2,7.63,6.26,355.7,102.2,5.39,0.18,0.199,3.1,,,Ⅲ
2021-07-30T04:00:00+08:00,1627588800,25.5,7.7,6.45,352.5,101.7,5.13,0.167,0.185,2.84,,,Ⅲ
2021-07-30T08:00:00+08:00,1627603200,25.5,7.71,6.83,349.7,107.3,5.17,0.167,0.187,2.78,,,Ⅲ
2021-07-30T12:00:00+08:00,1627617600,26.2,7.51,6.47,348.3,106.0,5.17,0.156,0.179,2.6,,,Ⅲ
2021-08-06T04:00:00+08:00,1628193600,27.5,7.98,7.11,374.5,103.8,4.95,0.08,0.155,2.33,,,Ⅲ
2021-08-06T08:00:00+08:00,1628208000,27.4,8.06,7.62,378.4,104.4,5.39,0.085,0.171,2.34,,,Ⅲ
2021-09-23T12:00:00+08:00,1632369600,24.4,7.88,7.4,501.1,37.2,3.7,0.073,0.131,2.77,,,Ⅲ
2021-09-23T16:00:00+08:00,1632384000,25.2,7.72,7.4,492.1,36.2,3.71,0.051,0.134,2.71,,,Ⅲ
2021-09-23T20:00:00+08:00,1632398400,25.8,7.68,7.54,485.6,41.6,3.87,0.051,0.143,2.76,,,Ⅲ
2021-09-24T04:00:00+08:00,1632427200,24.5,7.71,7.47,481.6,31.8,3.77,0.037,0.129,2.68,,,Ⅲ
2021-10-28T08:00:00+08:00,1635379200,19.7,7.95,8.69,428.0,66.3,3.59,0.12,0.126,2.6,,,Ⅲ
2021-10-28T12:00:00+08:00,1635393600,20.3,7.9,8.31,434.1,70.0,3.94,0.113,0.103,2.74,,,Ⅲ
2021-10-28T16:00:00+08:00,1635408000,20.4,7.93,8.62,438.6,76.8,3.47,0.124,0.129,2.78,,,Ⅲ
2021-10-28T20:00:00+08:00,1635422400,20.5,7.91,8.31,439.9,71.0,3.6,0.107,0.109,2.59,,,Ⅲ
2021-10-29T00:00:00+08:00,1635436800,20.5,7.88,8.49,441.1,63.9,3.88,0.097,0.114,2.59,,,Ⅲ
2021-10-29T04:00:00+08:00,1635451200,20.4,7.89,8.53,425.6,64.7,3.38,0.105,0.105,2.56,,,Ⅲ
2021-10-29T08:00:00+08:00,1635465600,20.5,7.99,8.41,421.0,83.5,3.91,0.098,0.108,2.5,,,Ⅲ
2021-11-05T04:00:00+08:00,1636056000,20.5,7.88,8.03,443.9,74.4,4.11,0.155,0.113,2.56,,,Ⅲ
2021-11-05T08:00:00+08:00,1636070400,20.5,7.85,8.44,460.3,59.8,3.64,0.11,0.096,2.74,,,Ⅱ
2021-11-05T12:00:00+08:00,1636084800,20.5,7.95,8.5,448.8,77.3,3.86,0.119,0.105,2.6,,,Ⅲ
2021-11-05T16:00:00+08:00,1636099200,20.6,7.9,8.48,439.8,79.3,4.08,0.112,0.111,2.48,,,Ⅲ
2021-11-06T09:47:00+08:00,1636163220,,,,,,,,,,,,
2021-11-06T13:47:00+08:00,1636177620,,,,,,,,,,,,
2021-11-06T17:48:00+08:00,1636192080,,,,,,,,,,,,
2021-11-06T20:00:00+08:00,1636200000,20.9,7.89,7.83,495.1,93.8,3.89,0.152,0.134,3.21,,,Ⅲ
2021-11-06T21:48:00+08:00,1636206480,,,,,,,,,,,,
2021-11-07T00:00:00+08:00,1636214400,20.5,7.86,7.89,486.9,96.1,3.69,0.155,0.132,3.12,,,Ⅲ
2021-11-07T04:00:00+08:00,1636228800,20.5,7.95,8.17,488.7,89.6,3.6,0.157,0.123,3.05,,,Ⅲ
2021-11-07T08:00:00+08:00,1636243200,20.4,7.93,8.11,482.6,84.9,4.01,0.158,0.124,3.01,,,Ⅲ
2021-11-07T12:00:00+08:00,1636257600,20.6,7.93,8.0,474.9,87.9,3.86,0.163,0.121,3.05,,,Ⅲ
2021-11-07T16:00:00+08:00,1636272000,20.1,7.89,8.39,469.0,286.9,6.8,0.363,0.307,4.85,,,Ⅴ
2021-11-07T20:00:00+08:00,1636286400,18.2,8.06,9.11,482.8,187.5,5.2,0.342,0.194,3.94,,,Ⅲ
2021-11-08T00:00:00+08:00,1636300800,16.8,8.05,9.75,497.1,160.3,4.36,0.355,0.181,3.75,,,Ⅲ
2021-11-08T04:00:00+08:00,1636315200,15.5,8.13,10.11,499.4,148.2,3.79,0.302,0.17,3.55,,,Ⅲ
2021-11-08T08:00:00+08:00,1636329600,14.4,8.11,10.37,517.9,146.3,4.01,0.391,0.167,3.73,,,Ⅲ
2021-11-08T12:00:00+08:00,1636344000,13.8,8.11,10.82,493.4,137.6,4.11,0.346,0.156,3.44,,,Ⅲ
2021-11-08T16:00:00+08:00,1636358400,14.6,8.13,10.36,500.0,101.8,4.4,0.312,0.138,3.26,,,Ⅲ
2021-11-08T20:00:00+08:00,1636372800,13.9,8.22,10.36,508.5,92.7,3.94,0.309,0.139,3.04,,,Ⅲ
2021-11-09T00:00:00+08:00,1636387200,13.0,8.16,10.55,504.8,90.5,3.7,0.311,0.14,2.99,,,Ⅲ
2021-11-09T04:00:00+08:00,1636401600,12.9,8.14,11.1,506.3,100.7,3.78,0.319,0.144,2.92,,,Ⅲ
2021-11-09T08:00:00+08:00,1636416000,12.4,8.14,11.29,500.0,106.5,3.88,0.306,0.139,2.9,,,Ⅲ
2021-11-09T12:00:00+08:00,1636430400,13.9,8.18,10.43,480.2,129.1,4.06,0.31,0.151,3.09,,,Ⅲ
2021-11-09T20:00:00+08:00,1636459200,16.0,8.18,9.49,465.0,79.9,3.92,0.251,0.118,2.82,,,Ⅲ
2021-11-10T00:00:00+08:00,1636473600,15.8,8.1,9.37,469.0,108.2,3.86,0.275,0.132,3.05,,,Ⅲ
2021-11-10T04:00:00+08:00,1636488000,15.7,8.1,9.36,471.0,86.9,3.43,0.279,0.125,2.99,,,Ⅲ
2021-11-10T08:00:00+08:00,1636502400,15.6,8.12,9.71,465.0,98.8,3.8,0.268,0.125,2.9,,,Ⅲ
2021-11-10T12:00:00+08:00,1636516800,16.4,8.06,9.42,464.9,92.3,3.34,0.257,0.121,2.92,,,Ⅲ
2021-11-10T16:00:00+08:00,1636531200,17.4,8.07,9.03,447.4,102.2,3.41,0.25,0.135,2.88,,,Ⅲ
2021-11-10T20:00:00+08:00,1636545600,17.4,8.05,8.86,443.9,94.3,3.47,0.251,0.125,2.92,,,Ⅲ
2021-11-11T04:00:00+08:00,1636574400,16.6,8.07,8.97,437.9,85.2,3.69,0.246,0.115,2.67,,,Ⅲ
2021-11-11T08:00:00+08:00,1636588800,16.4,8.07,9.06,456.7,83.7,3.46,0.259,0.116,2.76,,,Ⅲ
2021-11-11T12:00:00+08:00,1636603200,17.1,8.08,9.43,457.4,85.6,4.08,0.266,0.118,2.83,,,Ⅲ
2021-11-11T16:00:00+08:00,1636617600,18.1,8.02,8.7,444.3,84.8,3.63,0.234,0.111,2.71,,,Ⅲ
2021-11-11T20:00:00+08:00,1636632000,17.7,8.05,8.71,431.0,82.8,3.19,0.216,0.105,2.55,,,Ⅲ
2021-11-12T00:00:00+08:00,1636646400,17.3,8.06,8.82,441.3,77.8,3.51,0.207,0.116,2.63,,,Ⅲ
2021-11-26T12:00:00+08:00,1637899200,15.8,8.03,9.08,569.9,76.4,3.94,0.325,0.131,3.88,,,Ⅲ
2021-11-26T16:00:00+08:00,1637913600,16.7,6.85,8.69,578.6,107.6,4.39,0.321,0.142,3.9,,,Ⅲ
2021-11-26T20:00:00+08:00,1637928000,16.8,7.77,8.62,572.4,76.8,4.21,0.307,0.131,3.86,,,Ⅲ
2021-11-27T04:00:00+08:00,1637956800,16.4,7.81,8.51,552.9,64.6,4.17,0.275,0.122,3.68,,,Ⅲ
2021-11-27T08:00:00+08:00,1637971200,15.8,7.84,8.68,546.5,64.1,4.0,0.27,0.119,3.57,,,Ⅲ
2021-11-27T12:00:00+08:00,1637985600,16.7,7.82,8.63,560.4,91.8,4.07,0.298,0.142,3.94,,,Ⅲ
2021-11-27T16:00:00+08:00,1638000000,17.9,7.81,8.21,572.1,71.4,4.07,0.314,0.137,4.01,,,Ⅲ
2021-11-27T20:00:00+08:00,1638014400,18.0,7.77,8.2,575.8,89.1,4.55,0.299,0.146,4.02,,,Ⅲ
2021-11-28T04:00:00+08:00,1638043200,16.8,7.84,8.41,556.4,78.0,3.83,0.242,0.135,3.73,,,Ⅲ
2021-11-28T08:00:00+08:00,1638057600,16.6,7.77,8.68,554.1,50.3,3.93,0.201,0.116,3.69,,,Ⅲ
2021-11-28T12:00:00+08:00,1638072000,16.8,7.8,8.41,557.1,67.0,3.96,0.225,0.131,3.73,,,Ⅲ
2021-11-28T16:00:00+08:00,1638086400,17.8,7.83,8.08,572.0,111.8,4.69,0.261,0.144,4.15,,,Ⅲ
2021-11-28T20:00:00+08:00,1638100800,18.1,7.81,7.98,575.4,106.7,4.22,0.272,0.153,4.21,,,Ⅲ
2021-11-29T04:00:00+08:00,1638129600,18.1,7.87,8.14,571.5,60.5,3.75,0.184,0.129,3.6,,,Ⅲ
2021-11-29T08:00:00+08:00,1638144000,18.2,7.9,8.21,564.9,73.7,4.06,0.176,0.134,3.66,,,Ⅲ
2021-11-29T12:00:00+08:00,1638158400,18.6,7.81,8.03,554.8,98.6,4.19,0.203,0.154,3.89,,,Ⅲ
2021-11-30T04:00:00+08:00,1638216000,19.4,7.81,8.02,536.6,92.7,3.87,0.208,0.146,4.0,,,Ⅲ
2021-11-30T12:00:00+08:00,1638244800,17.8,7.88,8.58,554.8,220.7,5.49,0.343,0.229,5.03,,,Ⅳ
2021-11-30T16:00:00+08:00,1638259200,17.9,7.9,8.44,551.2,164.8,5.08,0.334,0.186,4.63,,,Ⅲ
2021-11-30T20:00:00+08:00,1638273600,17.3,7.9,8.54,556.4,115.0,3.61,0.364,0.158,4.29,,,Ⅲ
2021-12-01T04:00:00+08:00,1638302400,15.4,7.92,9.08,556.5,75.7,3.72,0.308,0.132,3.83,,,Ⅲ
2021-12-01T12:00:00+08:00,1638331200,14.2,7.91,9.53,555.3,148.2,4.92,0.367,0.184,4.19,,,Ⅲ
2021-12-01T16:00:00+08:00,1638345600,15.4,7.94,9.25,537.0,168.2,4.88,0.351,0.195,4.45,,,Ⅲ
2021-12-01T20:00:00+08:00,1638360000,14.8,7.94,9.49,539.6,122.7,4.19,0.324,0.165,4.15,,,Ⅲ
2021-12-02T04:00:00+08:00,1638388800,12.9,7.96,9.74,541.8,75.4,4.22,0.279,0.132,3.48,,,Ⅲ
2021-12-02T08:00:00+08:00,1638403200,12.1,7.95,10.0,540.5,62.6,4.4,0.242,0.124,3.23,,,Ⅲ
2021-12-03T12:00:00+08:00,1638504000,12.9,7.93,9.72,596.6,129.0,4.68,0.29,0.166,4.1,,,Ⅲ
2021-12-07T12:00:00+08:00,1638849600,12.6,7.95,10.18,594.8,158.0,4.55,0.242,0.179,4.31,,,Ⅲ
2021-12-07T16:00:00+08:00,1638864000,13.6,7.91,9.57,593.3,153.5,4.54,0.244,0.169,4.36,,,Ⅲ
2021-12-08T04:00:00+08:00,1638907200,12.9,7.93,10.2,613.4,89.8,3.61,0.24,0.117,3.93,,,Ⅲ
2021-12-08T08:00:00+08:00,1638921600,12.7,7.88,10.01,609.4,86.4,3.76,0.233,0.122,3.9,,,Ⅲ
2021-12-08T16:00:00+08:00,1638950400,14.2,7.92,9.38,597.3,86.2,4.05,0.213,0.124,3.94,,,Ⅲ
2021-12-08T20:00:00+08:00,1638964800,14.4,7.94,9.57,590.7,130.2,4.56,0.235,0.176,4.3,,,Ⅲ
2021-12-09T04:00:00+08:00,1638993600,13.8,7.91,9.83,586.8,96.5,3.45,0.229,0.138,4.05,,,Ⅲ
2021-12-09T08:00:00+08:00,1639008000,13.4,7.96,9.87,582.1,102.0,3.92,0.241,0.133,3.94,,,Ⅲ
2021-12-09T12:00:00+08:00,1639022400,13.8,7.92,9.83,591.4,143.0,4.49,0.278,0.165,4.42,,,Ⅲ
2021-12-10T08:00:00+08:00,1639094400,12.8,7.95,9.96,604.7,92.2,3.54,0.249,0.13,3.98,,,Ⅲ
2021-12-10T12:00:00+08:00,1639108800,12.9,7.95,10.06,606.1,96.7,4.19,0.239,0.136,3.85,,,Ⅲ
2021-12-14T04:00:00+08:00,1639425600,10.4,7.96,10.51,706.0,85.0,3.44,0.273,0.119,3.92,,,Ⅲ
2021-12-14T12:00:00+08:00,1639454400,10.4,8.03,10.45,691.2,81.6,4.03,0.261,0.126,3.76,,,Ⅲ
2021-12-14T16:00:00+08:00,1639468800,11.6,8.02,9.79,659.4,80.0,3.49,0.246,0.118,3.46,,,Ⅲ
2021-12-14T20:00:00+08:00,1639483200,11.7,7.96,9.82,685.9,103.1,3.58,0.261,0.117,3.85,,,Ⅲ
2021-12-15T04:00:00+08:00,1639512000,10.9,7.96,10.07,697.3,89.1,1.89,0.24,0.111,3.69,,,Ⅲ
2021-12-21T08:00:00+08:00,1640044800,9.8,7.95,10.44,614.4,63.8,3.67,0.285,0.102,3.39,,,Ⅲ
2021-12-21T12:00:00+08:00,1640059200,10.5,7.95,10.2,646.0,71.4,3.75,0.33,0.11,3.56,,,Ⅲ
2021-12-22T04:00:00+08:00,1640116800,11.0,7.94,10.22,670.5,48.7,3.34,0.266,0.079,3.43,,,Ⅱ
2021-12-22T12:00:00+08:00,1640145600,10.7,7.94,10.38,672.1,77.1,3.76,0.296,0.102,3.81,,,Ⅲ
2021-12-22T16:00:00+08:00,1640160000,12.5,7.96,9.66,679.0,83.8,3.84,0.293,0.101,3.88,,,Ⅲ
2021-12-22T20:00:00+08:00,1640174400,12.2,7.95,9.75,692.3,81.9,3.78,0.328,0.107,3.93,,,Ⅲ
2021-12-23T00:00:00+08:00,1640188800,11.4,7.97,9.77,667.7,78.9,3.91,0.304,0.112,3.88,,,Ⅲ
2021-12-23T04:00:00+08:00,1640203200,11.0,7.97,9.98,664.2,64.7,3.62,0.277,0.099,3.51,,,Ⅱ
2021-12-23T08:00:00+08:00,1640217600,10.5,7.99,10.15,675.8,69.8,3.62,0.282,0.108,3.76,,,Ⅲ
2021-12-23T12:00:00+08:00,1640232000,11.2,7.96,10.4,698.2,77.6,3.45,0.298,0.102,3.84,,,Ⅲ
2021-12-23T16:00:00+08:00,1640246400,12.9,7.94,9.44,694.6,77.6,3.82,0.287,0.105,3.79,,,Ⅲ
2021-12-23T20:00:00+08:00,1640260800,12.9,7.94,9.31,719.0,75.7,3.84,0.294,0.108,3.89,,,Ⅲ
2021-12-24T00:00:00+08:00,1640275200,12.5,7.96,9.52,751.4,61.7,3.59,0.292,0.093,3.76,,,Ⅱ
2021-12-24T12:00:00+08:00,1640318400,12.5,7.97,9.51,766.6,76.8,3.56,0.287,0.09,3.94,,,Ⅱ
2021-12-27T12:00:00+08:00,1640577600,4.5,8.04,12.61,758.5,154.7,5.99,0.441,0.192,4.87,,,Ⅲ
2021-12-27T16:00:00+08:00,1640592000,6.2,8.03,11.76,740.1,153.2,5.7,0.426,0.179,4.75,,,Ⅲ
2021-12-27T20:00:00+08:00,1640606400,6.1,8.02,11.71,739.5,86.1,4.79,0.401,0.131,4.44,,,Ⅲ
2021-12-28T00:00:00+08:00,1640620800,5.3,7.98,12.07,745.2,63.7,,0.387,0.118,4.24,,,
2021-12-28T04:00:00+08:00,1640635200,4.7,8.03,12.19,796.2,52.2,4.05,0.427,0.111,4.29,,,Ⅲ
2021-12-28T12:00:00+08:00,1640664000,4.8,8.02,12.36,780.6,57.6,4.5,0.422,0.117,4.22,,,Ⅲ
2021-12-30T08:00:00+08:00,1640822400,5.4,8.0,12.12,768.5,52.6,3.93,0.366,0.109,4.03,,,Ⅲ
2022-01-11T04:00:00+08:00,1641844800,8.5,7.87,10.78,761.3,97.9,4.12,0.471,0.147,4.64,,,Ⅲ
2022-01-11T08:00:00+08:00,1641859200,8.1,7.9,10.75,765.0,90.5,4.13,0.459,0.137,4.54,,,Ⅲ
2022-01-11T12:00:00+08:00,1641873600,8.3,7.88,10.98,760.2,149.4,5.18,0.517,0.191,5.21,,,Ⅲ
2022-01-12T04:00:00+08:00,1641931200,7.4,7.82,11.14,741.2,82.8,4.18,0.471,0.135,4.38,,,Ⅲ
2022-01-12T08:00:00+08:00,1641945600,6.5,7.89,11.72,741.1,82.8,3.97,0.471,0.126,4.4,,,Ⅲ
2022-01-12T12:00:00+08:00,1641960000,6.8,7.95,11.82,745.1,97.9,4.33,0.456,0.135,4.36,,,Ⅲ
2022-01-14T12:00:00+08:00,1642132800,5.8,7.87,12.01,715.6,81.4,5.05,0.488,0.147,1.89,,,Ⅲ
2022-01-14T16:00:00+08:00,1642147200,6.9,7.88,11.37,684.1,106.5,4.56,0.489,0.153,1.37,,,Ⅲ
2022-01-19T04:00:00+08:00,1642536000,9.1,7.85,10.43,728.0,59.8,3.53,0.419,0.12,3.12,,,Ⅲ
2022-01-19T08:00:00+08:00,1642550400,8.6,7.86,10.54,735.9,60.7,3.62,0.416,0.118,3.15,,,Ⅲ
2022-01-19T12:00:00+08:00,1642564800,9.0,7.88,10.69,759.6,102.8,4.15,0.443,0.144,2.92,,,Ⅲ
2022-01-19T16:00:00+08:00,1642579200,10.8,7.8,8.45,788.0,123.5,4.41,0.483,0.173,2.88,,,Ⅲ
2022-01-19T20:00:00+08:00,1642593600,10.7,7.75,9.76,787.7,101.3,2.87,0.488,0.133,3.04,,,Ⅲ
2022-01-20T00:00:00+08:00,1642608000,10.3,7.8,10.18,778.6,78.6,3.91,0.45,0.137,3.24,,,Ⅲ
2022-01-20T08:00:00+08:00,1642636800,9.1,7.85,10.62,803.6,101.1,4.22,0.485,0.158,3.08,,,Ⅲ
2022-01-20T12:00:00+08:00,1642651200,9.5,7.82,10.43,782.0,117.0,4.6,0.479,0.172,2.75,,,Ⅲ
2022-01-20T16:00:00+08:00,1642665600,10.4,7.79,10.18,749.0,118.9,4.32,0.471,0.161,2.73,,,Ⅲ
2022-01-20T20:00:00+08:00,1642680000,10.3,7.81,10.11,747.9,151.6,4.7,0.501,0.19,2.64,,,Ⅲ
2022-01-21T04:00:00+08:00,1642708800,8.6,7.86,10.88,748.4,122.1,4.8,0.435,0.165,2.64,,,Ⅲ
2022-01-21T08:00:00+08:00,1642723200,8.5,7.87,10.87,758.4,99.3,4.43,0.439,0.148,2.95,,,Ⅲ
2022-01-21T12:00:00+08:00,1642737600,8.6,7.85,10.86,750.3,92.9,4.19,0.391,0.135,2.94,,,Ⅲ
2022-02-10T08:00:00+08:00,1644451200,6.6,7.69,11.09,584.3,37.8,3.5,0.352,0.114,3.94,,,Ⅲ
2022-02-10T12:00:00+08:00,1644465600,6.8,7.66,11.03,584.9,38.0,3.64,0.351,0.114,4.04,,,Ⅲ
2022-02-11T04:00:00+08:00,1644523200,7.0,7.75,10.95,568.0,43.7,3.6,0.325,0.111,3.84,,,Ⅲ
2022-02-11T12:00:00+08:00,1644552000,6.8,7.74,10.95,569.9,44.1,3.58,0.329,0.121,3.78,,,Ⅲ
2022-02-11T20:00:00+08:00,1644580800,7.1,7.43,10.84,559.5,55.6,3.87,0.301,0.114,4.32,,,Ⅲ
2022-02-12T04:00:00+08:00,1644609600,7.0,7.79,10.74,554.4,46.8,3.55,0.313,0.109,3.9,,,Ⅲ
2022-02-12T16:00:00+08:00,1644652800,7.8,7.75,10.69,541.3,43.9,3.82,0.27,0.106,3.84,,,Ⅲ
2022-02-12T20:00:00+08:00,1644667200,7.9,7.78,10.38,550.3,52.2,3.76,0.297,0.111,3.84,,,Ⅲ
2022-02-13T04:00:00+08:00,1644696000,7.8,7.79,10.34,566.3,50.7,3.78,0.288,0.108,3.82,,,Ⅲ
2022-02-13T08:00:00+08:00,1644710400,7.7,7.77,10.35,564.6,52.2,3.8,0.298,0.114,3.86,,,Ⅲ
2022-02-13T12:00:00+08:00,1644724800,7.8,7.75,10.6,586.6,54.0,3.8,0.298,0.114,3.86,,,Ⅲ
2022-02-13T20:00:00+08:00,1644753600,8.2,7.7,10.37,564.5,66.3,3.85,0.303,0.124,3.68,,,Ⅲ
2022-02-14T00:00:00+08:00,1644768000,7.8,7.71,10.57,555.3,64.5,4.01,0.29,0.12,3.68,,,Ⅲ
2022-02-18T04:00:00+08:00,1645128000,6.4,7.97,11.51,555.1,57.9,4.19,0.168,0.105,3.25,,,Ⅲ
2022-02-18T08:00:00+08:00,1645142400,6.2,7.92,11.38,556.6,57.7,4.33,0.186,0.107,3.28,,,Ⅲ
2022-02-18T12:00:00+08:00,1645156800,6.5,7.87,11.38,544.5,61.1,3.94,0.187,0.108,3.09,,,Ⅲ
2022-02-18T16:00:00+08:00,1645171200,7.0,7.84,11.19,556.2,81.6,4.17,0.232,0.115,3.26,,,Ⅲ
2022-02-18T20:00:00+08:00,1645185600,6.9,7.81,11.07,590.5,75.1,4.16,0.301,0.116,4.14,,,Ⅲ
2022-02-19T00:00:00+08:00,1645200000,6.6,7.86,11.25,592.1,60.4,4.12,0.301,0.109,3.86,,,Ⅲ
2022-02-19T10:04:00+08:00,1645236240,,,,,,,,,,,,
2022-02-22T08:00:00+08:00,1645488000,6.2,7.73,11.26,597.6,62.0,3.52,0.518,0.12,3.6,,,Ⅲ
2022-02-22T12:00:00+08:00,1645502400,6.8,7.73,11.25,597.0,80.3,3.87,0.514,0.128,3.46,,,Ⅲ
2022-02-22T16:00:00+08:00,1645516800,8.0,7.75,10.7,576.7,79.6,3.85,0.515,0.127,3.57,,,Ⅲ
2022-02-22T20:00:00+08:00,1645531200,8.2,7.71,10.34,567.9,92.9,3.91,0.525,0.142,3.49,,,Ⅲ
2022-02-23T00:00:00+08:00,1645545600,7.9,7.79,10.94,561.8,85.4,4.14,0.489,0.136,3.36,,,Ⅲ
2022-02-23T04:00:00+08:00,1645560000,7.4,7.79,10.84,569.4,68.5,3.76,0.49,0.123,3.74,,,Ⅲ
2022-02-23T12:00:00+08:00,1645588800,8.0,7.73,10.74,569.7,56.2,3.64,0.469,0.111,3.69,,,Ⅲ
2022-03-01T04:00:00+08:00,1646078400,13.9,7.67,8.72,538.9,46.0,4.09,0.251,0.127,3.3,,,Ⅲ
2022-03-01T08:00:00+08:00,1646092800,13.5,7.69,8.74,554.2,41.3,3.58,0.25,0.104,3.23,,,Ⅲ
2022-03-01T12:00:00+08:00,1646107200,14.0,7.73,8.66,566.8,51.1,3.84,0.241,0.109,3.26,,,Ⅲ
2022-03-02T04:00:00+08:00,1646164800,12.9,7.72,8.95,547.5,49.4,3.64,0.191,0.1,2.86,,,Ⅱ
2022-03-02T08:00:00+08:00,1646179200,12.4,7.84,9.19,548.1,50.9,3.72,0.183,0.101,2.76,,,Ⅲ
2022-03-07T04:00:00+08:00,1646596800,13.2,7.7,9.51,575.0,56.6,3.51,0.23,0.108,2.81,,,Ⅲ
2022-03-07T12:00:00+08:00,1646625600,13.6,7.71,9.93,569.5,57.2,3.37,0.215,0.113,2.88,,,Ⅲ
2022-03-08T04:00:00+08:00,1646683200,13.6,7.64,9.27,577.8,55.4,3.13,0.224,0.104,2.98,,,Ⅲ
2022-03-08T08:00:00+08:00,1646697600,13.0,7.71,9.36,592.2,74.9,3.02,0.253,0.115,2.81,,,Ⅲ
2022-03-08T12:00:00+08:00,1646712000,14.2,7.66,9.17,592.7,91.2,3.66,0.24,0.124,2.64,,,Ⅲ
2022-03-08T16:00:00+08:00,1646726400,16.3,7.55,8.24,578.3,74.5,3.59,0.224,0.111,3.02,,,Ⅲ
2022-03-09T00:00:00+08:00,1646755200,15.9,7.74,8.6,565.9,61.6,3.37,0.217,0.107,2.94,,,Ⅲ
2022-03-09T04:00:00+08:00,1646769600,15.1,7.68,8.86,582.2,59.1,3.27,0.201,0.102,2.81,,,Ⅲ
2022-03-09T08:00:00+08:00,1646784000,14.2,7.81,8.77,583.5,52.1,3.03,0.194,0.101,2.84,,,Ⅲ
2022-03-09T12:00:00+08:00,1646798400,15.3,7.69,9.03,580.0,69.1,3.54,0.188,0.103,2.66,,,Ⅲ
2022-03-10T04:00:00+08:00,1646856000,15.7,7.73,8.88,549.0,60.8,3.32,0.173,0.112,2.59,,,Ⅲ
2022-03-10T08:00:00+08:00,1646870400,15.2,7.74,8.8,553.7,63.8,3.21,0.164,0.108,2.59,,,Ⅲ
2022-03-10T12:00:00+08:00,1646884800,15.9,7.66,8.82,548.5,90.4,3.64,0.165,0.122,2.48,,,Ⅲ
2022-03-11T04:00:00+08:00,1646942400,16.6,7.63,8.46,565.0,74.4,3.28,0.182,0.133,2.67,,,Ⅲ
2022-03-11T08:00:00+08:00,1646956800,16.3,7.66,8.45,568.2,68.7,3.18,0.168,0.117,2.68,,,Ⅲ
2022-03-11T12:00:00+08:00,1646971200,16.8,7.67,8.53,557.2,71.6,3.24,0.169,0.117,2.7,,,Ⅲ
2022-03-11T16:00:00+08:00,1646985600,18.8,7.6,7.72,559.6,65.4,3.21,0.153,0.114,2.74,,,Ⅲ
2022-03-12T16:00:00+08:00,1647072000,20.3,7.54,7.18,543.3,65.4,3.31,0.134,0.107,2.56,,,Ⅲ
2022-03-12T20:00:00+08:00,1647086400,20.5,7.69,6.94,536.1,89.0,3.8,0.12,0.119,2.27,,,Ⅲ
2022-03-13T04:00:00+08:00,1647115200,19.6,7.61,7.13,549.9,54.2,3.0,0.106,0.103,2.42,,,Ⅲ
2022-03-13T08:00:00+08:00,1647129600,19.6,7.62,7.23,543.5,57.9,3.3,0.092,0.108,2.21,,,Ⅲ
2022-03-13T12:00:00+08:00,1647144000,20.5,7.77,7.52,531.7,63.9,3.46,0.088,0.104,2.19,,,Ⅲ
2022-03-13T16:00:00+08:00,1647158400,21.9,7.68,7.37,519.1,56.6,3.12,0.08,0.119,2.25,,,Ⅲ
2022-03-13T20:00:00+08:00,1647172800,22.6,7.63,6.95,529.4,54.1,3.23,0.082,0.115,2.26,,,Ⅲ
2022-03-14T04:00:00+08:00,1647201600,20.5,7.66,7.25,544.0,52.2,3.38,0.087,0.112,2.34,,,Ⅲ
2022-03-14T12:00:00+08:00,1647230400,20.6,7.65,7.28,550.3,55.1,3.55,0.088,0.119,2.36,,,Ⅲ
2022-03-14T16:00:00+08:00,1647244800,21.2,7.71,7.39,531.8,78.0,3.63,0.084,0.13,2.2,,,Ⅲ
2022-03-15T08:00:00+08:00,1647302400,18.1,7.86,8.4,541.4,55.1,3.71,0.07,0.127,2.02,,,Ⅲ
2022-03-15T16:00:00+08:00,1647331200,20.5,7.11,8.26,538.6,55.9,3.69,,0.112,2.08,,,
2022-03-15T20:00:00+08:00,1647345600,20.5,7.72,7.68,530.4,55.5,4.0,0.075,0.122,2.04,,,Ⅲ
2022-03-16T00:00:00+08:00,1647360000,20.3,7.69,7.99,528.9,44.9,3.78,0.058,0.111,1.96,,,Ⅲ
2022-03-16T08:00:00+08:00,1647388800,19.0,7.73,8.1,533.7,48.9,,0.065,0.116,1.9,,,
2022-03-16T12:00:00+08:00,1647403200,20.0,7.72,8.03,538.7,64.0,3.72,0.074,0.106,1.9,,,Ⅲ
2022-03-16T16:00:00+08:00,1647417600,21.6,7.66,7.74,536.1,70.5,4.02,0.076,0.123,1.77,,,Ⅲ
2022-03-16T20:00:00+08:00,1647432000,21.8,7.68,7.2,525.5,72.2,3.58,0.079,0.122,1.88,,,Ⅲ
2022-03-17T00:00:00+08:00,1647446400,21.3,7.78,7.25,535.3,63.0,3.68,0.082,0.125,1.77,,,Ⅲ
2022-03-17T04:00:00+08:00,1647460800,20.5,7.72,7.58,587.9,62.2,3.75,0.073,0.126,2.08,,,Ⅲ
2022-03-17T08:00:00+08:00,1647475200,19.4,7.7,7.77,537.4,74.9,3.97,0.135,0.132,2.63,,,Ⅲ
2022-03-17T12:00:00+08:00,1647489600,18.6,7.87,8.43,569.9,86.7,3.57,0.146,0.131,2.17,,,Ⅲ
2022-03-17T16:00:00+08:00,1647504000,17.9,7.89,9.52,509.5,400.0,4.6,0.188,0.148,2.66,,,Ⅲ
2022-03-18T08:00:00+08:00,1647561600,14.6,7.68,9.17,617.0,117.0,4.63,0.262,0.159,2.31,,,Ⅲ
2022-03-18T12:00:00+08:00,1647576000,14.5,7.78,9.13,608.9,72.9,3.86,0.206,0.125,2.54,,,Ⅲ
2022-03-18T16:00:00+08:00,1647590400,15.4,7.75,9.03,585.9,78.9,3.56,0.186,0.132,2.24,,,Ⅲ
2022-03-23T08:00:00+08:00,1647993600,10.8,7.73,10.07,570.9,71.8,4.83,0.404,0.158,4.59,,,Ⅲ
2022-03-24T12:00:00+08:00,1648094400,13.4,7.72,9.39,553.7,70.1,4.5,0.353,0.153,4.12,,,Ⅲ
2022-03-24T16:00:00+08:00,1648108800,15.2,7.73,8.52,528.3,74.6,4.65,0.375,0.16,4.15,,,Ⅲ
2022-03-24T20:00:00+08:00,1648123200,15.6,7.73,8.65,508.6,66.6,,0.311,0.142,3.82,,,
2022-03-25T00:00:00+08:00,1648137600,15.0,7.84,9.31,542.2,73.6,4.18,0.225,0.149,3.41,,,Ⅲ
2022-03-25T04:00:00+08:00,1648152000,14.6,7.82,8.79,514.2,56.9,4.27,0.343,0.139,3.74,,,Ⅲ
2022-03-25T08:00:00+08:00,1648166400,14.6,7.73,8.99,460.3,64.5,4.34,0.285,0.139,3.24,,,Ⅲ
2022-03-25T12:00:00+08:00,1648180800,14.9,7.75,8.65,467.3,59.3,4.42,0.384,0.143,3.91,,,Ⅲ
2022-03-25T16:00:00+08:00,1648195200,15.4,7.69,8.42,449.8,80.0,4.91,0.354,0.159,4.08,,,Ⅲ
2022-03-25T20:00:00+08:00,1648209600,15.7,7.57,8.51,434.6,69.8,5.06,0.352,0.157,4.28,,,Ⅲ
2022-03-26T00:00:00+08:00,1648224000,15.3,7.58,8.33,431.6,74.8,4.91,0.342,0.166,4.1,,,Ⅲ
2022-03-26T04:00:00+08:00,1648238400,15.0,7.58,8.4,429.5,77.0,5.09,0.344,0.163,4.05,,,Ⅲ
2022-03-26T08:00:00+08:00,1648252800,14.6,7.57,8.97,447.5,69.3,4.96,0.363,0.166,4.1,,,Ⅲ
2022-03-26T12:00:00+08:00,1648267200,15.5,7.59,8.33,446.6,60.7,4.72,0.354,0.159,4.04,,,Ⅲ
2022-03-26T16:00:00+08:00,1648281600,16.3,7.6,8.4,462.2,66.1,4.89,0.271,0.15,3.85,,,Ⅲ
2022-03-26T20:00:00+08:00,1648296000,16.2,7.65,8.49,465.6,71.8,4.94,0.22,0.153,3.44,,,Ⅲ
2022-03-27T00:00:00+08:00,1648310400,15.9,7.66,8.49,467.5,64.0,4.89,0.213,0.146,3.25,,,Ⅲ
2022-03-27T04:00:00+08:00,1648324800,15.3,7.67,8.86,459.1,70.4,4.87,0.195,0.152,2.98,,,Ⅲ
2022-03-27T08:00:00+08:00,1648339200,14.9,7.67,9.02,445.6,66.9,4.87,0.167,0.146,2.82,,,Ⅲ
2022-03-27T12:00:00+08:00,1648353600,16.0,7.68,8.8,436.7,74.8,4.9,0.148,0.143,2.59,,,Ⅲ
2022-03-27T16:00:00+08:00,1648368000,16.8,7.69,8.66,427.5,64.6,4.75,0.142,0.139,2.79,,,Ⅲ
2022-03-27T20:00:00+08:00,1648382400,16.6,7.8,8.89,420.7,66.6,4.83,0.118,0.135,2.53,,,Ⅲ
2022-03-28T00:00:00+08:00,1648396800,16.0,7.75,9.06,422.4,72.7,4.96,0.122,0.137,2.5,,,Ⅲ
2022-03-28T08:00:00+08:00,1648425600,14.8,7.8,9.32,429.0,70.6,5.08,0.107,0.138,2.19,,,Ⅲ
2022-03-28T12:00:00+08:00,1648440000,15.5,7.93,9.64,425.9,79.6,4.87,0.096,0.127,2.12,,,Ⅲ
2022-03-28T16:00:00+08:00,1648454400,16.8,7.89,9.6,418.0,66.9,4.74,0.068,0.116,2.05,,,Ⅲ
2022-03-28T20:00:00+08:00,1648468800,16.8,8.01,9.62,414.9,50.7,4.96,0.063,0.114,2.06,,,Ⅲ
2022-03-29T04:00:00+08:00,1648497600,15.1,8.09,10.28,417.4,43.4,4.76,0.051,0.112,1.77,,,Ⅲ
2022-03-29T12:00:00+08:00,1648526400,15.7,8.0,10.07,425.2,56.0,4.86,0.081,0.12,2.31,,,Ⅲ
2022-03-29T16:00:00+08:00,1648540800,17.4,8.04,9.79,416.3,57.2,4.77,0.069,0.11,2.11,,,Ⅲ
2022-03-29T20:00:00+08:00,1648555200,17.6,8.0,9.78,412.8,54.5,4.77,0.058,0.114,1.9,,,Ⅲ
2022-03-30T04:00:00+08:00,1648584000,16.5,8.09,9.86,417.4,52.7,4.8,0.054,0.113,1.75,,,Ⅲ
2022-03-30T12:00:00+08:00,1648612800,16.9,7.99,9.76,422.6,128.2,6.15,0.102,0.165,1.41,,,Ⅳ
2022-03-30T16:00:00+08:00,1648627200,19.0,7.97,9.14,410.2,81.5,5.46,0.07,0.124,1.63,,,Ⅳ
2022-03-30T20:00:00+08:00,1648641600,19.3,8.1,9.1,409.5,70.7,5.21,0.067,0.129,1.69,,,Ⅲ
2022-03-31T04:00:00+08:00,1648670400,18.0,7.95,9.0,421.8,68.8,5.0,0.068,0.124,1.84,,,Ⅲ
2022-03-31T08:00:00+08:00,1648684800,17.1,7.94,9.34,427.3,70.6,4.9,0.074,0.134,1.8,,,Ⅲ
2022-03-31T12:00:00+08:00,1648699200,17.2,8.02,9.68,424.6,71.6,4.97,0.064,0.121,1.64,,,Ⅲ
2022-03-31T16:00:00+08:00,1648713600,17.2,8.12,9.99,419.6,69.0,4.99,0.062,0.12,1.55,,,Ⅲ
2022-03-31T20:00:00+08:00,1648728000,16.8,8.07,9.78,426.5,61.4,5.04,0.068,0.114,2.02,,,Ⅲ
2022-04-01T04:00:00+08:00,1648756800,14.9,8.0,9.97,431.5,71.9,4.69,0.085,0.126,1.6,,,Ⅲ
2022-04-01T12:00:00+08:00,1648785600,15.1,8.09,10.83,424.7,64.9,4.95,0.061,0.109,1.32,,,Ⅲ
2022-04-01T20:00:00+08:00,1648814400,16.3,8.19,10.63,413.7,66.9,5.0,0.062,0.113,1.35,,,Ⅲ
2022-04-02T04:00:00+08:00,1648843200,14.5,8.04,10.39,425.2,64.5,4.75,0.07,0.111,1.56,,,Ⅲ
2022-04-02T12:00:00+08:00,1648872000,15.2,8.0,10.67,426.3,62.6,4.86,0.07,0.111,1.71,,,Ⅲ
2022-04-02T20:00:00+08:00,1648900800,16.9,7.92,9.88,415.3,84.8,4.84,0.065,0.154,1.58,,,Ⅲ
2022-04-03T00:00:00+08:00,1648915200,16.5,8.06,9.81,414.8,65.9,5.22,0.066,0.126,1.45,,,Ⅲ
2022-04-03T08:00:00+08:00,1648944000,14.6,7.97,10.26,423.5,61.7,4.78,0.065,0.116,1.44,,,Ⅲ
2022-04-03T12:00:00+08:00,1648958400,15.8,7.98,10.17,429.3,61.7,4.97,0.07,0.109,1.77,,,Ⅲ
2022-04-03T16:00:00+08:00,1648972800,17.3,8.01,9.67,429.0,64.7,4.93,0.079,0.105,2.0,,,Ⅲ
2022-04-03T20:00:00+08:00,1648987200,17.5,7.98,9.59,423.1,60.9,4.77,0.067,0.105,1.86,,,Ⅲ
2022-04-04T00:00:00+08:00,1649001600,16.9,8.1,10.6,401.7,55.0,5.37,0.05,0.103,1.5,,,Ⅲ
2022-04-04T08:00:00+08:00,1649030400,15.4,8.08,10.25,426.4,58.7,4.77,0.061,0.115,1.46,,,Ⅲ
2022-04-04T12:00:00+08:00,1649044800,16.6,8.03,10.05,430.8,59.5,4.81,0.066,0.107,1.77,,,Ⅲ
2022-04-04T16:00:00+08:00,1649059200,18.0,7.99,9.65,430.1,55.1,4.82,0.065,0.1,1.92,,,Ⅲ
2022-04-04T20:00:00+08:00,1649073600,18.2,8.03,9.53,429.4,51.4,4.86,0.06,0.105,1.84,,,Ⅲ
2022-04-05T04:00:00+08:00,1649102400,16.8,8.07,9.71,443.5,52.0,4.76,0.063,0.104,1.95,,,Ⅲ
2022-04-05T08:00:00+08:00,1649116800,16.8,8.06,9.64,440.5,55.1,4.82,0.067,0.103,1.96,,,Ⅲ
2022-04-05T12:00:00+08:00,1649131200,16.8,8.0,9.48,445.2,57.4,4.53,0.086,0.101,2.23,,,Ⅲ
2022-04-05T16:00:00+08:00,1649145600,17.2,7.92,9.5,443.6,56.2,4.61,0.089,0.1,2.31,,,Ⅲ
2022-04-05T20:00:00+08:00,1649160000,17.3,7.84,9.11,456.7,55.4,4.38,0.114,0.1,2.48,,,Ⅲ
2022-04-06T04:00:00+08:00,1649188800,16.3,7.88,9.38,449.3,60.6,4.52,0.095,0.104,2.11,,,Ⅲ
2022-04-06T12:00:00+08:00,1649217600,17.0,7.82,9.33,462.8,58.8,4.51,0.117,0.097,2.55,,,Ⅲ
2022-04-06T16:00:00+08:00,1649232000,19.3,7.8,9.35,448.8,66.1,5.06,0.085,0.104,2.04,,,Ⅲ
2022-04-07T04:00:00+08:00,1649275200,18.7,7.85,8.71,422.7,61.0,4.46,0.067,0.106,1.69,,,Ⅲ
2022-04-07T08:00:00+08:00,1649289600,17.8,7.84,8.85,425.3,58.8,4.06,0.073,0.101,1.93,,,Ⅲ
2022-04-07T12:00:00+08:00,1649304000,19.1,7.78,8.98,420.4,56.2,4.45,0.061,0.097,1.85,,,Ⅲ
2022-04-07T16:00:00+08:00,1649318400,20.8,7.89,9.01,411.5,54.5,4.77,0.051,0.096,1.52,,,Ⅲ
2022-04-07T20:00:00+08:00,1649332800,21.6,7.96,8.53,409.7,56.8,4.76,0.055,0.1,1.48,,,Ⅲ
2022-04-08T00:00:00+08:00,1649347200,20.8,7.91,8.76,408.5,59.2,4.61,0.052,0.1,1.4,,,Ⅲ
2022-04-08T04:00:00+08:00,1649361600,20.4,7.86,8.44,420.8,67.7,4.46,0.059,0.102,1.56,,,Ⅲ
2022-04-08T08:00:00+08:00,1649376000,19.5,7.8,8.53,427.0,65.0,4.61,0.071,0.104,1.64,,,Ⅲ
2022-04-08T12:00:00+08:00,1649390400,20.4,7.79,8.56,420.8,69.5,4.54,0.06,0.095,1.7,,,Ⅲ
2022-04-08T16:00:00+08:00,1649404800,22.6,7.8,8.47,407.8,59.8,4.61,0.056,0.091,1.59,,,Ⅲ
2022-04-08T20:00:00+08:00,1649419200,22.7,7.86,8.26,392.0,75.6,5.13,0.066,0.103,1.48,,,Ⅲ
2022-04-09T00:00:00+08:00,1649433600,21.7,7.84,8.34,396.3,63.5,4.42,0.05,0.092,1.41,,,Ⅲ
2022-04-09T04:00:00+08:00,1649448000,21.1,7.82,8.45,396.4,54.8,4.42,0.048,0.094,1.32,,,Ⅲ
2022-04-09T08:00:00+08:00,1649462400,20.4,7.83,8.55,400.6,63.6,4.17,0.051,0.1,1.31,,,Ⅲ
2022-04-09T16:00:00+08:00,1649491200,23.7,7.75,8.04,409.2,74.5,4.44,0.061,0.091,1.63,,,Ⅲ
2022-04-09T20:00:00+08:00,1649505600,23.4,7.75,7.52,403.4,62.7,4.4,0.058,0.086,1.4,,,Ⅲ
2022-04-10T00:00:00+08:00,1649520000,22.6,7.83,7.86,400.2,64.4,4.24,0.058,0.08,1.24,,,Ⅲ
2022-04-10T04:00:00+08:00,1649534400,21.8,7.73,7.9,408.6,59.5,4.09,0.048,0.087,1.37,,,Ⅲ
2022-04-10T12:00:00+08:00,1649563200,21.8,7.73,8.22,424.0,60.7,4.27,0.056,0.09,1.52,,,Ⅲ
2022-04-10T16:00:00+08:00,1649577600,23.2,7.71,8.02,423.5,66.6,4.29,0.06,0.089,1.68,,,Ⅲ
2022-04-10T20:00:00+08:00,1649592000,23.3,7.68,7.5,413.7,63.5,4.03,0.061,0.09,1.56,,,Ⅲ
2022-04-11T00:00:00+08:00,1649606400,22.6,7.66,7.45,410.6,65.4,4.2,0.058,0.09,1.36,,,Ⅲ
2022-04-11T04:00:00+08:00,1649620800,22.1,7.7,7.46,409.1,56.5,4.11,0.049,0.085,1.4,,,Ⅲ
2022-04-11T08:00:00+08:00,1649635200,21.4,7.73,7.71,412.6,59.8,4.0,0.055,0.085,1.36,,,Ⅲ
2022-04-11T12:00:00+08:00,1649649600,22.6,7.68,7.67,409.2,62.8,4.16,0.056,0.084,1.24,,,Ⅲ
2022-04-11T16:00:00+08:00,1649664000,25.4,7.57,7.34,397.2,63.9,,0.048,0.091,,,,
2022-04-11T20:00:00+08:00,1649678400,24.3,7.18,7.93,395.3,44.2,4.68,0.054,0.105,1.21,,,Ⅲ
2022-04-12T00:00:00+08:00,1649692800,24.4,7.68,7.51,393.6,37.1,4.48,0.042,0.093,1.14,,,Ⅲ
2022-04-12T04:00:00+08:00,1649707200,23.8,7.68,7.46,397.1,37.3,4.54,0.042,0.094,1.16,,,Ⅲ
2022-04-12T08:00:00+08:00,1649721600,23.5,7.62,7.66,397.8,39.2,4.63,0.055,0.098,1.16,,,Ⅲ
2022-04-12T20:00:00+08:00,1649764800,25.9,7.64,7.11,382.4,41.9,4.85,0.064,0.094,0.9,,,Ⅲ
2022-04-13T00:00:00+08:00,1649779200,25.4,7.7,7.36,386.5,41.7,4.87,0.064,0.097,0.87,,,Ⅲ
2022-04-13T04:00:00+08:00,1649793600,23.6,7.68,7.49,389.0,37.5,4.77,0.071,0.095,0.9,,,Ⅲ
2022-04-13T12:00:00+08:00,1649822400,21.7,7.73,7.77,390.8,42.4,4.77,0.113,0.108,0.96,,,Ⅲ
2022-04-13T16:00:00+08:00,1649836800,20.8,7.72,7.94,391.0,40.7,4.98,0.111,0.107,1.42,,,Ⅲ
2022-04-13T20:00:00+08:00,1649851200,19.7,7.83,8.27,360.0,47.0,5.18,0.264,0.134,1.29,,,Ⅲ
2022-04-14T00:00:00+08:00,1649865600,18.9,7.77,8.45,380.4,103.2,5.45,0.296,0.126,1.22,,,Ⅲ
2022-04-14T04:00:00+08:00,1649880000,18.3,7.67,8.25,393.3,49.4,5.22,0.35,0.124,1.36,,,Ⅲ
2022-04-14T12:00:00+08:00,1649908800,17.9,7.64,8.5,383.3,42.4,5.34,0.299,0.13,1.31,,,Ⅲ
2022-04-14T16:00:00+08:00,1649923200,18.3,7.66,8.29,388.3,60.6,5.8,0.27,0.133,1.06,,,Ⅲ
2022-04-15T04:00:00+08:00,1649966400,17.2,7.6,8.13,383.8,41.6,5.32,0.219,0.126,0.97,,,Ⅲ
2022-04-15T12:00:00+08:00,1649995200,17.5,7.61,8.72,378.5,41.8,4.95,0.198,0.108,0.9,,,Ⅲ
2022-04-15T16:00:00+08:00,1650009600,18.5,7.7,8.58,370.5,50.8,5.2,0.156,0.113,0.86,,,Ⅲ
2022-04-15T20:00:00+08:00,1650024000,18.5,7.73,8.25,371.5,47.8,4.86,0.136,0.109,0.96,,,Ⅲ
2022-04-16T04:00:00+08:00,1650052800,17.2,7.68,8.57,372.5,42.9,4.86,0.152,0.11,1.0,,,Ⅲ
2022-04-16T08:00:00+08:00,1650067200,16.9,7.61,8.67,377.8,43.3,4.6,0.162,0.112,1.02,,,Ⅲ
2022-04-16T12:00:00+08:00,1650081600,18.2,7.58,8.76,378.2,43.0,4.92,0.15,0.104,1.01,,,Ⅲ
2022-04-16T16:00:00+08:00,1650096000,19.2,7.59,8.14,374.7,50.7,4.94,0.152,0.105,0.94,,,Ⅲ
2022-04-16T20:00:00+08:00,1650110400,19.3,7.66,8.06,368.0,47.6,4.94,0.147,0.104,1.02,,,Ⅲ
2022-04-17T12:00:00+08:00,1650168000,18.6,7.76,8.81,381.2,43.2,4.77,0.09,0.105,1.09,,,Ⅲ
2022-04-17T16:00:00+08:00,1650182400,20.2,7.69,8.39,386.1,44.5,4.79,0.096,0.094,,,,Ⅲ
2022-04-17T20:00:00+08:00,1650196800,20.3,7.69,8.08,390.0,45.2,,0.099,0.098,1.29,,,
2022-04-18T04:00:00+08:00,1650225600,19.3,7.77,8.59,407.2,46.9,4.77,0.092,0.103,2.34,,,Ⅲ
2022-04-18T08:00:00+08:00,1650240000,18.7,7.8,8.71,430.5,47.8,4.76,0.109,0.106,2.63,,,Ⅲ
2022-04-18T12:00:00+08:00,1650254400,19.8,7.7,8.63,467.0,48.0,4.84,0.117,0.106,2.48,,,Ⅲ
2022-04-18T16:00:00+08:00,1650268800,21.2,7.63,8.21,495.4,49.0,4.73,0.146,0.102,1.84,,,Ⅲ
2022-04-18T20:00:00+08:00,1650283200,21.1,7.78,7.79,511.4,47.9,4.38,0.178,0.1,2.44,,,Ⅲ
2022-04-19T04:00:00+08:00,1650312000,20.0,7.74,7.98,500.5,50.0,4.4,0.192,0.106,2.48,,,Ⅲ
2022-04-19T08:00:00+08:00,1650326400,19.4,7.68,8.39,500.4,46.6,4.27,0.186,0.109,2.05,,,Ⅲ
2022-04-19T12:00:00+08:00,1650340800,20.5,7.73,8.16,497.5,48.7,4.27,0.171,0.1,0.26,,,Ⅲ
2022-04-19T16:00:00+08:00,1650355200,22.4,7.64,7.87,487.0,50.8,4.28,0.18,0.101,1.43,,,Ⅲ
2022-04-19T20:00:00+08:00,1650369600,22.8,7.68,7.74,477.0,50.2,4.21,0.17,0.102,2.21,,,Ⅲ
2022-04-20T04:00:00+08:00,1650398400,20.6,7.73,8.14,477.9,47.7,4.36,0.139,0.104,2.46,,,Ⅲ
2022-04-20T08:00:00+08:00,1650412800,20.2,7.71,8.06,496.7,50.6,4.52,0.161,0.109,1.67,,,Ⅲ
2022-04-20T12:00:00+08:00,1650427200,21.0,7.69,7.92,495.8,52.8,4.31,0.156,0.106,0.6,,,Ⅲ
2022-04-20T16:00:00+08:00,1650441600,22.5,7.64,7.79,471.4,51.6,4.38,0.127,0.102,0.37,,,Ⅲ
2022-04-20T20:00:00+08:00,1650456000,22.7,7.72,7.81,463.6,58.9,4.88,0.124,0.112,1.91,,,Ⅲ
2022-04-21T04:00:00+08:00,1650484800,21.6,7.85,8.18,444.2,65.8,4.59,0.098,0.106,0.34,,,Ⅲ
2022-04-21T08:00:00+08:00,1650499200,21.1,7.81,8.49,435.4,59.0,4.74,0.097,0.112,1.62,,,Ⅲ
2022-04-21T12:00:00+08:00,1650513600,22.1,7.78,8.33,439.2,54.3,4.53,0.107,0.104,0.72,,,Ⅲ
2022-04-21T16:00:00+08:00,1650528000,24.2,7.76,7.75,441.4,61.3,4.56,0.131,0.103,1.75,,,Ⅲ
2022-04-21T20:00:00+08:00,1650542400,24.3,7.73,7.87,441.8,61.2,4.2,0.134,0.106,2.21,,,Ⅲ
2022-04-22T04:00:00+08:00,1650571200,22.8,7.79,7.71,456.3,56.3,4.2,0.136,0.103,0.34,,,Ⅲ
2022-04-22T08:00:00+08:00,1650585600,22.4,7.82,7.96,450.2,61.8,4.37,0.125,0.108,0.38,,,Ⅲ
2022-04-22T12:00:00+08:00,1650600000,23.3,7.78,7.74,454.4,58.8,4.4,0.141,0.103,0.31,,,Ⅲ
2022-04-22T16:00:00+08:00,1650614400,24.5,7.77,7.62,457.2,58.3,4.44,0.138,0.104,0.35,,,Ⅲ
2022-04-22T20:00:00+08:00,1650628800,24.6,7.68,7.54,456.8,60.0,4.46,0.137,0.106,0.37,,,Ⅲ
2022-04-23T04:00:00+08:00,1650657600,24.0,7.7,7.45,454.0,55.5,4.32,0.157,0.103,0.51,,,Ⅲ
2022-04-23T08:00:00+08:00,1650672000,23.4,7.77,7.51,452.2,62.3,4.33,0.152,0.103,0.73,,,Ⅲ
2022-04-23T12:00:00+08:00,1650686400,23.0,7.68,7.23,461.6,53.1,4.26,0.186,0.101,0.64,,,Ⅲ
2022-04-23T16:00:00+08:00,1650700800,24.1,7.66,7.64,464.8,55.0,4.34,0.155,0.098,0.13,,,Ⅲ
2022-04-23T20:00:00+08:00,1650715200,24.1,7.76,7.53,446.2,55.2,4.36,0.129,0.099,0.56,,,Ⅲ
2022-04-24T00:00:00+08:00,1650729600,23.7,7.83,7.29,438.5,64.2,4.36,0.131,0.109,0.77,,,Ⅲ
2022-04-24T08:00:00+08:00,1650758400,22.4,7.79,7.64,437.1,56.8,4.39,0.105,0.109,0.11,,,Ⅲ
2022-04-24T12:00:00+08:00,1650772800,22.8,7.74,7.52,433.7,51.4,4.52,0.099,0.098,0.11,,,Ⅲ
2022-04-24T16:00:00+08:00,1650787200,24.1,7.77,7.97,435.6,58.9,4.5,0.084,0.104,0.11,,,Ⅲ
2022-04-25T04:00:00+08:00,1650830400,22.8,7.89,7.72,441.2,73.1,4.59,0.073,0.106,0.11,,,Ⅲ
2022-04-25T08:00:00+08:00,1650844800,22.3,7.88,8.16,427.8,64.0,4.65,0.073,0.105,0.11,,,Ⅲ
2022-04-25T12:00:00+08:00,1650859200,22.6,7.84,7.87,419.1,55.5,4.48,0.112,0.097,0.1,,,Ⅲ
2022-04-25T16:00:00+08:00,1650873600,22.7,7.84,7.73,390.4,66.4,4.74,0.161,0.112,0.11,,,Ⅲ
2022-04-25T20:00:00+08:00,1650888000,22.7,7.79,7.81,412.0,62.2,4.62,0.175,0.108,0.11,,,Ⅲ
2022-04-26T00:00:00+08:00,1650902400,22.4,7.79,7.4,410.2,61.0,4.5,0.229,0.118,0.11,,,Ⅲ
2022-04-26T04:00:00+08:00,1650916800,22.4,7.68,7.36,417.8,63.7,4.59,0.272,0.125,0.11,,,Ⅲ
2022-04-26T08:00:00+08:00,1650931200,22.2,7.62,7.26,428.1,65.0,4.6,0.27,0.124,0.11,,,Ⅲ
2022-04-26T12:00:00+08:00,1650945600,22.5,7.64,6.93,426.8,68.4,4.65,0.259,0.121,,,,Ⅲ
2022-04-26T16:00:00+08:00,1650960000,22.9,7.69,8.28,438.0,48.7,4.62,0.209,0.118,2.46,,,Ⅲ
2022-04-26T20:00:00+08:00,1650974400,22.9,7.66,6.59,430.5,41.4,4.54,0.213,0.117,2.33,,,Ⅲ
2022-04-27T00:00:00+08:00,1650988800,22.3,7.65,6.77,443.5,48.8,4.47,0.205,0.122,2.27,,,Ⅲ
2022-04-27T04:00:00+08:00,1651003200,21.8,7.64,6.83,452.5,43.6,4.32,0.197,0.108,2.29,,,Ⅲ
2022-04-27T08:00:00+08:00,1651017600,21.3,7.61,6.51,446.5,47.0,4.26,0.202,0.114,2.26,,,Ⅲ
2022-04-27T12:00:00+08:00,1651032000,22.4,7.7,7.18,446.5,45.4,4.23,0.191,0.113,2.27,,,Ⅲ
2022-04-27T16:00:00+08:00,1651046400,23.4,7.72,6.97,430.9,40.8,4.37,0.166,0.103,2.15,,,Ⅲ
2022-04-27T20:00:00+08:00,1651060800,23.1,7.76,7.32,412.8,35.0,4.47,0.111,0.11,1.78,,,Ⅲ
2022-04-28T00:00:00+08:00,1651075200,22.6,7.8,7.5,403.5,39.1,4.55,0.084,0.111,1.45,,,Ⅲ
2022-04-28T04:00:00+08:00,1651089600,21.6,7.75,7.57,396.9,36.2,4.56,0.092,0.115,1.22,,,Ⅲ
2022-04-28T08:00:00+08:00,1651104000,21.0,7.79,7.77,404.3,36.6,4.44,0.096,0.11,1.37,,,Ⅲ
2022-04-28T12:00:00+08:00,1651118400,21.9,7.73,7.66,400.5,32.6,4.57,0.083,0.097,1.39,,,Ⅲ
2022-04-28T16:00:00+08:00,1651132800,22.6,7.81,7.66,395.6,34.3,4.64,0.076,0.103,1.31,,,Ⅲ
2022-04-28T20:00:00+08:00,1651147200,21.8,7.78,8.01,365.3,34.4,,0.115,0.105,1.39,,,
2022-04-29T00:00:00+08:00,1651161600,20.7,7.77,7.74,380.7,64.6,4.69,0.145,0.118,1.24,,,Ⅲ
2022-04-29T04:00:00+08:00,1651176000,20.1,7.71,7.71,398.6,57.8,4.81,0.18,0.12,1.42,,,Ⅲ
2022-04-29T08:00:00+08:00,1651190400,19.2,7.72,7.97,397.7,45.9,,0.173,0.125,1.55,,,
2022-04-29T12:00:00+08:00,1651204800,19.4,7.71,7.85,393.7,51.4,4.74,0.202,0.117,1.66,,,Ⅲ
2022-04-29T16:00:00+08:00,1651219200,19.4,7.82,9.55,396.4,237.0,4.82,0.178,0.111,1.65,,,Ⅲ
2022-04-29T20:00:00+08:00,1651233600,19.6,7.56,7.8,414.7,47.1,4.77,0.18,0.122,1.85,,,Ⅲ
2022-04-30T00:00:00+08:00,1651248000,19.3,7.57,7.51,457.5,51.0,4.82,0.233,0.118,1.97,,,Ⅲ
2022-04-30T04:00:00+08:00,1651262400,18.8,7.67,8.19,446.6,44.1,4.66,0.19,0.107,1.76,,,Ⅲ
2022-04-30T08:00:00+08:00,1651276800,18.5,7.66,7.8,440.5,49.2,4.76,0.181,0.115,1.75,,,Ⅲ
2022-04-30T12:00:00+08:00,1651291200,19.0,7.6,7.78,436.8,56.9,4.93,0.18,0.12,1.63,,,Ⅲ
2022-04-30T16:00:00+08:00,1651305600,19.6,7.6,7.56,427.0,50.9,4.81,0.173,0.114,1.7,,,Ⅲ
2022-04-30T20:00:00+08:00,1651320000,19.6,7.6,7.65,416.8,50.6,4.84,0.177,0.113,1.74,,,Ⅲ
2022-05-01T00:00:00+08:00,1651334400,19.1,7.59,7.6,414.6,53.3,4.75,0.184,0.118,1.57,,,Ⅲ
2022-05-01T04:00:00+08:00,1651348800,18.8,8.09,9.72,413.8,185.1,4.76,0.195,0.114,1.56,,,Ⅲ
2022-05-01T08:00:00+08:00,1651363200,18.1,8.0,9.92,416.8,239.6,4.84,0.195,0.112,1.58,,,Ⅲ
2022-05-01T12:00:00+08:00,1651377600,19.6,8.08,9.55,418.7,256.4,4.58,0.198,0.114,1.62,,,Ⅲ
2022-05-01T16:00:00+08:00,1651392000,21.9,8.06,8.93,414.6,259.0,4.57,0.183,0.124,1.69,,,Ⅲ
2022-05-01T20:00:00+08:00,1651406400,21.7,7.89,8.47,408.0,247.6,4.85,0.202,0.116,1.5,,,Ⅲ
2022-05-02T00:00:00+08:00,1651420800,20.2,7.39,7.4,402.0,54.4,5.28,0.176,0.115,1.36,,,Ⅲ
2022-05-02T04:00:00+08:00,1651435200,19.6,7.43,7.24,404.6,40.4,4.67,0.168,0.111,1.46,,,Ⅲ
2022-05-02T08:00:00+08:00,1651449600,19.1,7.45,7.38,404.9,39.5,4.87,0.169,0.11,1.49,,,Ⅲ
2022-05-02T12:00:00+08:00,1651464000,20.4,7.46,8.02,399.2,37.8,4.67,0.133,0.105,1.44,,,Ⅲ
2022-05-02T16:00:00+08:00,1651478400,22.3,7.56,7.94,395.9,34.9,4.8,0.137,0.098,1.46,,,Ⅲ
2022-05-02T20:00:00+08:00,1651492800,23.8,7.68,6.99,393.3,31.4,4.82,0.125,0.098,1.48,,,Ⅲ
2022-05-03T00:00:00+08:00,1651507200,22.0,7.51,7.69,394.0,32.4,4.83,0.124,0.102,1.42,,,Ⅲ
2022-05-03T04:00:00+08:00,1651521600,20.5,7.46,6.96,393.4,31.0,4.61,0.125,0.103,1.34,,,Ⅲ
2022-05-03T08:00:00+08:00,1651536000,20.1,7.44,6.89,396.2,29.4,4.61,0.141,0.102,1.37,,,Ⅲ
2022-05-03T12:00:00+08:00,1651550400,21.1,7.65,8.09,387.9,30.7,4.78,0.107,0.1,1.27,,,Ⅲ
2022-05-05T04:00:00+08:00,1651694400,21.8,7.68,8.26,382.4,22.8,4.94,0.057,0.098,1.12,,,Ⅲ
2022-05-05T08:00:00+08:00,1651708800,21.4,7.55,7.88,390.8,23.0,4.77,0.069,0.101,1.27,,,Ⅲ
2022-05-05T12:00:00+08:00,1651723200,22.5,7.74,8.81,389.2,25.5,4.86,,0.099,1.22,,,
2022-05-05T16:00:00+08:00,1651737600,23.9,8.04,9.29,389.9,25.0,5.15,0.042,0.101,1.2,,,Ⅲ
2022-05-05T20:00:00+08:00,1651752000,23.8,8.0,8.94,390.5,56.7,5.66,0.057,0.121,1.01,,,Ⅲ
2022-05-06T00:00:00+08:00,1651766400,23.7,8.4,9.27,376.4,31.0,5.71,0.039,0.109,0.93,,,Ⅲ
2022-05-06T04:00:00+08:00,1651780800,22.8,7.69,7.94,394.9,58.6,4.97,0.051,0.118,1.03,,,Ⅲ
2022-05-06T08:00:00+08:00,1651795200,22.5,7.49,7.43,406.7,22.7,4.77,0.069,0.101,1.36,,,Ⅲ
2022-05-06T12:00:00+08:00,1651809600,23.5,7.52,7.59,415.5,30.3,4.73,0.119,0.096,1.65,,,Ⅲ
2022-05-06T16:00:00+08:00,1651824000,24.6,7.8,8.37,398.4,29.5,5.02,0.047,0.1,1.27,,,Ⅲ
2022-05-06T20:00:00+08:00,1651838400,24.6,7.85,7.86,396.9,22.8,4.99,0.034,0.103,1.23,,,Ⅲ
2022-05-07T00:00:00+08:00,1651852800,25.4,7.47,5.79,393.4,23.9,5.04,0.053,0.097,1.08,,,Ⅲ
2022-05-07T04:00:00+08:00,1651867200,24.4,7.32,5.99,416.0,37.2,4.75,0.138,0.096,1.62,,,Ⅲ
2022-05-07T08:00:00+08:00,1651881600,24.0,7.28,6.02,424.8,26.5,4.42,0.142,0.095,1.75,,,Ⅲ
2022-05-07T12:00:00+08:00,1651896000,24.8,7.35,6.28,412.3,27.9,4.62,0.122,0.1,1.56,,,Ⅲ
2022-05-07T16:00:00+08:00,1651910400,25.2,7.48,6.57,404.0,26.9,4.84,0.099,0.107,1.3,,,Ⅲ
2022-05-07T20:00:00+08:00,1651924800,24.8,7.45,6.19,396.5,26.5,5.05,0.085,0.104,0.99,,,Ⅲ
2022-05-08T00:00:00+08:00,1651939200,25.0,7.34,4.72,404.1,38.8,4.97,0.12,0.106,1.08,,,Ⅳ
2022-05-08T04:00:00+08:00,1651953600,23.9,7.28,5.4,409.2,54.4,4.86,0.138,0.105,1.26,,,Ⅲ
2022-05-08T08:00:00+08:00,1651968000,23.6,7.28,5.39,403.2,23.8,4.86,0.099,0.101,0.97,,,Ⅲ
2022-05-08T12:00:00+08:00,1651982400,24.6,7.36,5.71,395.6,26.2,4.96,0.094,0.102,1.0,,,Ⅲ
2022-05-08T16:00:00+08:00,1651996800,26.5,7.4,4.69,406.6,24.1,4.77,0.098,0.1,1.15,,,Ⅳ
2022-05-08T20:00:00+08:00,1652011200,25.4,7.5,5.97,402.2,43.0,5.17,0.092,0.112,0.96,,,Ⅲ
2022-05-09T00:00:00+08:00,1652025600,24.9,7.44,5.45,391.4,21.3,4.99,0.067,0.102,0.79,,,Ⅲ
2022-05-09T04:00:00+08:00,1652040000,24.1,7.32,5.1,394.4,20.3,4.93,0.082,0.099,0.9,,,Ⅲ
2022-05-09T08:00:00+08:00,1652054400,23.4,7.26,5.43,402.3,29.3,4.89,0.104,0.103,1.02,,,Ⅲ
2022-05-09T12:00:00+08:00,1652068800,24.1,7.29,5.41,406.0,24.4,4.67,0.093,0.098,1.09,,,Ⅲ
2022-05-09T16:00:00+08:00,1652083200,24.7,7.32,5.61,408.7,28.3,4.69,0.073,0.1,1.03,,,Ⅲ
2022-05-09T20:00:00+08:00,1652097600,24.6,7.31,5.65,405.1,27.0,4.83,0.098,0.098,0.97,,,Ⅲ
2022-05-10T00:00:00+08:00,1652112000,24.1,7.33,5.59,404.2,31.1,4.78,0.079,0.102,0.94,,,Ⅲ
2022-05-10T04:00:00+08:00,1652126400,23.4,7.28,5.21,400.3,26.7,4.38,0.103,0.096,0.88,,,Ⅲ
2022-05-10T08:00:00+08:00,1652140800,22.9,7.27,5.22,423.6,26.9,4.53,0.155,0.098,1.32,,,Ⅲ
2022-05-10T12:00:00+08:00,1652155200,22.8,7.25,5.13,426.2,27.0,4.6,0.155,0.103,1.31,,,Ⅲ
2022-05-11T04:00:00+08:00,1652212800,22.0,7.19,5.36,412.0,35.4,4.73,0.146,0.105,1.09,,,Ⅲ
2022-05-11T08:00:00+08:00,1652227200,22.0,7.17,5.56,420.0,40.2,4.4,0.194,0.103,1.34,,,Ⅲ
2022-05-11T12:00:00+08:00,1652241600,22.4,7.16,5.62,421.1,40.0,4.5,0.183,0.106,1.34,,,Ⅲ
2022-05-11T16:00:00+08:00,1652256000,22.6,7.16,5.36,410.0,39.6,4.65,0.162,0.099,1.17,,,Ⅲ
2022-05-11T20:00:00+08:00,1652270400,22.3,7.18,5.42,404.0,46.4,4.59,0.15,0.097,0.93,,,Ⅲ
2022-05-12T00:00:00+08:00,1652284800,22.0,7.18,5.84,405.3,56.7,4.97,0.167,0.106,0.86,,,Ⅲ
2022-05-12T04:00:00+08:00,1652299200,21.6,7.18,5.81,407.6,41.1,4.54,0.171,0.1,1.02,,,Ⅲ
2022-05-12T08:00:00+08:00,1652313600,21.4,7.19,5.61,411.3,44.4,,0.181,0.101,1.06,,,
2022-05-12T12:00:00+08:00,1652328000,21.8,7.16,5.49,414.5,38.3,,0.236,0.101,1.2,,,
2022-05-16T04:00:00+08:00,1652644800,21.0,7.28,6.48,452.4,45.7,3.92,0.162,0.098,1.59,,,Ⅱ
2022-05-16T12:00:00+08:00,1652673600,22.1,7.27,6.53,456.3,39.4,4.08,0.204,0.106,1.7,,,Ⅲ
2022-05-16T16:00:00+08:00,1652688000,23.4,7.3,6.68,455.3,17.9,3.8,0.147,0.096,1.77,,,Ⅱ
2022-05-17T04:00:00+08:00,1652731200,22.4,7.27,5.77,463.7,17.4,3.71,0.167,0.101,1.93,,,Ⅲ
2022-05-17T08:00:00+08:00,1652745600,21.8,7.25,5.84,460.5,13.8,3.76,0.16,0.1,1.73,,,Ⅲ
2022-05-17T12:00:00+08:00,1652760000,23.0,7.28,5.83,480.1,21.2,3.8,0.239,0.102,,,,Ⅲ
2022-05-17T16:00:00+08:00,1652774400,24.1,7.36,6.27,495.3,23.8,3.82,0.227,0.105,1.99,,,Ⅲ
2022-05-17T20:00:00+08:00,1652788800,24.5,7.38,6.48,474.4,44.4,4.19,0.173,0.11,1.78,,,Ⅲ
2022-05-18T00:00:00+08:00,1652803200,24.0,7.43,6.69,457.6,18.4,4.24,0.091,0.104,1.59,,,Ⅲ
2022-05-18T04:00:00+08:00,1652817600,23.5,7.35,6.18,477.0,15.8,3.88,0.143,0.103,1.94,,,Ⅲ
2022-05-18T08:00:00+08:00,1652832000,22.8,7.32,5.76,482.1,22.2,3.54,0.19,0.103,2.11,,,Ⅲ
2022-05-18T12:00:00+08:00,1652846400,23.8,7.32,6.03,499.8,40.2,4.04,0.251,0.112,2.15,,,Ⅲ
2022-05-18T16:00:00+08:00,1652860800,24.6,7.37,6.43,498.4,39.5,4.18,0.188,0.111,1.85,,,Ⅲ
2022-05-18T20:00:00+08:00,1652875200,24.5,7.37,6.59,484.9,46.4,4.21,0.157,0.11,,,,Ⅲ
2022-05-19T00:00:00+08:00,1652889600,24.3,7.32,6.09,475.0,35.9,4.13,0.141,0.107,1.8,,,Ⅲ
2022-05-19T04:00:00+08:00,1652904000,23.9,7.33,6.15,473.2,32.1,3.95,0.153,0.104,1.91,,,Ⅲ
2022-05-19T08:00:00+08:00,1652918400,23.4,7.29,6.26,477.8,35.7,4.02,0.167,0.111,1.87,,,Ⅲ
2022-05-19T12:00:00+08:00,1652932800,23.3,7.28,5.96,488.3,27.8,3.65,0.228,0.106,2.2,,,Ⅲ
2022-05-19T16:00:00+08:00,1652947200,23.5,7.28,6.11,493.2,31.6,3.8,0.202,0.1,2.11,,,Ⅱ
2022-05-19T20:00:00+08:00,1652961600,23.3,7.29,6.22,485.2,54.9,3.91,0.197,0.111,1.95,,,Ⅲ
2022-05-20T00:00:00+08:00,1652976000,23.0,7.26,6.2,477.5,44.4,3.97,0.17,0.108,1.9,,,Ⅲ
2022-05-20T04:00:00+08:00,1652990400,22.6,7.26,5.87,496.1,22.5,3.67,0.195,0.095,2.11,,,Ⅲ
2022-05-20T08:00:00+08:00,1653004800,22.4,7.22,5.75,501.6,39.2,3.54,0.245,0.104,2.08,,,Ⅲ
2022-05-20T12:00:00+08:00,1653019200,22.7,7.25,5.41,494.2,58.3,3.96,0.301,0.112,2.05,,,Ⅲ
2022-05-20T16:00:00+08:00,1653033600,23.4,7.28,5.63,481.9,30.3,3.7,0.201,0.096,2.2,,,Ⅲ
2022-05-20T20:00:00+08:00,1653048000,23.4,7.33,5.73,454.0,39.8,3.68,0.181,0.102,1.99,,,Ⅲ
2022-05-21T00:00:00+08:00,1653062400,23.0,7.28,5.71,462.1,52.0,3.89,0.189,0.107,1.89,,,Ⅲ
2022-05-21T04:00:00+08:00,1653076800,22.4,7.29,5.58,469.2,46.5,3.7,0.205,0.107,1.91,,,Ⅲ
2022-05-21T08:00:00+08:00,1653091200,22.2,7.31,5.56,475.2,41.6,3.76,0.198,0.102,1.9,,,Ⅲ
2022-05-21T12:00:00+08:00,1653105600,23.6,7.33,5.79,473.1,37.3,3.66,0.178,0.099,2.01,,,Ⅲ
2022-05-21T16:00:00+08:00,1653120000,24.6,7.32,5.66,459.1,44.2,3.74,0.163,0.102,1.94,,,Ⅲ
2022-05-21T20:00:00+08:00,1653134400,24.8,7.33,5.68,457.8,53.7,3.61,0.16,0.113,1.96,,,Ⅲ
2022-05-22T00:00:00+08:00,1653148800,24.4,7.46,6.78,470.2,30.1,4.04,0.07,0.093,1.66,,,Ⅲ
2022-05-22T04:00:00+08:00,1653163200,23.9,7.3,5.59,455.8,31.1,3.46,0.15,0.097,2.08,,,Ⅲ
2022-05-22T08:00:00+08:00,1653177600,23.5,7.31,5.55,456.3,30.2,3.69,0.133,0.096,1.9,,,Ⅲ
2022-05-22T12:00:00+08:00,1653192000,24.3,7.29,5.56,463.9,31.2,3.69,0.133,0.096,1.9,,,Ⅲ
2022-05-22T16:00:00+08:00,1653206400,25.5,7.68,6.19,459.4,37.6,3.6,0.13,0.097,1.94,,,Ⅱ
2022-05-22T20:00:00+08:00,1653220800,25.3,7.35,5.66,457.3,53.8,3.75,0.118,0.104,1.89,,,Ⅲ
2022-05-23T00:00:00+08:00,1653235200,25.1,7.44,5.91,448.8,47.7,4.06,0.102,0.105,1.72,,,Ⅲ
2022-05-23T08:00:00+08:00,1653264000,24.1,7.28,5.02,458.6,38.0,3.42,0.137,0.099,2.0,,,Ⅲ
2022-05-23T12:00:00+08:00,1653278400,24.2,7.27,5.31,460.2,29.4,3.42,0.137,0.096,1.99,,,Ⅲ
2022-05-24T04:00:00+08:00,1653336000,23.8,7.43,6.25,469.1,62.2,3.99,0.118,0.102,1.74,,,Ⅲ
2022-05-24T08:00:00+08:00,1653350400,23.5,7.35,5.81,476.1,39.2,3.69,0.128,0.096,1.89,,,Ⅲ
2022-05-24T12:00:00+08:00,1653364800,23.4,7.28,5.47,482.5,36.3,3.78,0.191,0.096,2.01,,,Ⅲ
2022-05-24T16:00:00+08:00,1653379200,24.2,7.32,5.65,483.4,36.7,3.78,0.152,0.094,2.09,,,Ⅲ
2022-05-24T20:00:00+08:00,1653393600,24.4,7.33,5.8,485.2,44.7,3.69,0.115,0.098,2.04,,,Ⅲ
2022-05-25T00:00:00+08:00,1653408000,24.1,7.33,5.78,488.1,42.6,3.39,0.122,0.098,2.06,,,Ⅲ
2022-05-25T04:00:00+08:00,1653422400,23.9,7.29,5.52,497.2,46.6,3.55,0.142,0.097,2.08,,,Ⅲ
2022-05-25T08:00:00+08:00,1653436800,23.7,7.29,5.57,492.9,38.5,3.46,0.132,0.098,2.1,,,Ⅲ
2022-05-25T12:00:00+08:00,1653451200,24.7,7.27,5.6,492.6,36.7,3.58,0.159,0.097,2.25,,,Ⅲ
2022-05-25T16:00:00+08:00,1653465600,26.0,7.31,5.41,486.2,38.3,,0.124,0.106,2.1,,,
2022-05-25T20:00:00+08:00,1653480000,26.1,7.34,5.5,471.7,54.9,3.55,0.142,0.108,2.02,,,Ⅲ
2022-05-26T00:00:00+08:00,1653494400,25.5,7.32,5.42,485.1,57.0,3.64,0.131,0.108,2.02,,,Ⅲ
2022-05-26T04:00:00+08:00,1653508800,25.0,7.27,5.39,485.0,44.8,3.51,0.127,0.102,2.04,,,Ⅲ
2022-05-26T08:00:00+08:00,1653523200,24.6,7.25,5.2,490.2,42.1,3.62,0.174,0.107,2.38,,,Ⅲ
2022-05-26T16:00:00+08:00,1653552000,24.6,7.32,5.87,489.1,48.6,3.68,0.165,0.107,1.87,,,Ⅲ
2022-05-27T00:00:00+08:00,1653580800,24.1,7.32,5.48,498.0,57.0,3.87,0.168,0.107,1.8,,,Ⅲ
2022-05-27T04:00:00+08:00,1653595200,24.1,7.32,5.29,491.7,39.4,3.7,0.166,0.101,1.86,,,Ⅲ
2022-05-27T12:00:00+08:00,1653624000,24.6,7.32,5.46,488.0,33.2,3.68,0.191,0.105,1.95,,,Ⅲ
2022-05-27T16:00:00+08:00,1653638400,25.2,7.4,6.08,473.6,41.2,3.72,0.138,0.098,1.76,,,Ⅱ
2022-05-27T20:00:00+08:00,1653652800,25.1,7.39,6.04,484.9,46.5,3.86,0.141,0.102,1.71,,,Ⅲ
2022-05-28T00:00:00+08:00,1653667200,24.6,7.27,5.33,485.2,39.7,3.9,0.155,0.102,1.78,,,Ⅲ
2022-05-28T04:00:00+08:00,1653681600,24.4,7.29,5.44,485.1,37.0,3.77,0.159,0.107,1.83,,,Ⅲ
2022-05-28T08:00:00+08:00,1653696000,24.1,7.29,5.28,470.8,32.5,3.78,0.158,0.106,1.66,,,Ⅲ
2022-05-28T12:00:00+08:00,1653710400,24.5,7.29,5.24,470.1,26.3,3.54,0.153,0.099,1.81,,,Ⅲ
2022-05-28T16:00:00+08:00,1653724800,24.8,7.35,5.76,468.4,35.8,3.78,0.14,0.105,1.71,,,Ⅲ
2022-05-28T20:00:00+08:00,1653739200,24.5,7.41,6.17,474.2,31.1,3.78,0.117,0.1,1.62,,,Ⅱ
2022-05-29T00:00:00+08:00,1653753600,24.4,7.39,5.78,466.0,31.1,3.8,0.145,0.104,1.61,,,Ⅲ
2022-05-29T04:00:00+08:00,1653768000,24.2,7.35,5.49,479.9,30.4,3.62,0.147,0.103,1.83,,,Ⅲ
2022-05-29T08:00:00+08:00,1653782400,24.1,7.29,5.41,484.5,28.4,3.42,0.17,0.104,1.98,,,Ⅲ
2022-05-29T12:00:00+08:00,1653796800,24.1,7.29,5.19,484.1,26.2,3.5,0.17,0.102,1.96,,,Ⅲ
2022-05-29T16:00:00+08:00,1653811200,24.4,7.29,5.33,489.4,27.1,3.45,0.165,0.103,1.99,,,Ⅲ
2022-05-29T20:00:00+08:00,1653825600,24.4,7.34,5.32,478.0,27.6,3.45,0.153,0.102,2.06,,,Ⅲ
2022-05-30T00:00:00+08:00,1653840000,24.2,7.34,5.25,482.0,31.6,3.61,0.166,0.109,1.94,,,Ⅲ
2022-05-30T04:00:00+08:00,1653854400,24.2,7.33,5.02,483.4,27.7,3.46,0.161,0.107,1.9,,,Ⅲ
2022-05-30T08:00:00+08:00,1653868800,24.2,7.32,4.94,470.7,24.8,3.48,0.17,0.103,1.8,,,Ⅳ
2022-05-30T12:00:00+08:00,1653883200,25.0,7.31,4.81,473.6,25.2,3.65,0.278,0.113,1.83,,,Ⅳ
2022-05-30T16:00:00+08:00,1653897600,25.0,7.31,5.01,463.1,24.6,3.53,0.191,0.105,1.66,,,Ⅲ
2022-05-30T20:00:00+08:00,1653912000,24.6,7.32,5.07,473.9,26.6,3.58,0.186,0.106,1.7,,,Ⅲ
2022-05-31T04:00:00+08:00,1653940800,24.1,7.3,4.7,453.5,27.2,3.66,0.181,0.106,1.47,,,Ⅳ
2022-05-31T08:00:00+08:00,1653955200,24.1,7.3,4.63,450.0,23.4,3.59,0.192,0.106,1.55,,,Ⅳ
2022-05-31T12:00:00+08:00,1653969600,24.5,7.31,4.91,453.6,22.1,3.68,0.204,0.102,1.63,,,Ⅳ
2022-05-31T16:00:00+08:00,1653984000,25.1,7.34,5.29,455.4,22.7,3.42,0.177,0.104,1.79,,,Ⅲ
2022-05-31T20:00:00+08:00,1653998400,24.7,7.36,5.32,457.3,22.4,3.49,0.158,0.101,,,,Ⅲ
2022-06-01T04:00:00+08:00,1654027200,24.4,7.38,5.34,465.0,25.1,3.46,0.167,0.102,1.73,,,Ⅲ
2022-06-01T08:00:00+08:00,1654041600,24.1,7.36,4.92,470.6,25.1,3.32,0.187,0.1,1.85,,,Ⅳ
2022-06-01T12:00:00+08:00,1654056000,24.4,7.34,5.07,473.0,21.4,3.32,0.184,0.11,2.13,,,Ⅲ
2022-06-01T16:00:00+08:00,1654070400,24.8,7.36,5.27,478.3,23.8,3.3,0.188,0.111,2.12,,,Ⅲ
2022-06-01T20:00:00+08:00,1654084800,24.7,7.34,5.0,466.4,28.0,3.57,0.177,0.109,2.05,,,Ⅲ
2022-06-02T04:00:00+08:00,1654113600,24.1,7.33,4.85,471.5,24.7,3.44,0.181,0.111,1.96,,,Ⅳ
2022-06-02T08:00:00+08:00,1654128000,24.1,7.3,4.73,469.1,20.9,3.38,0.175,0.105,2.08,,,Ⅳ
2022-06-02T12:00:00+08:00,1654142400,25.0,7.32,4.78,467.9,20.4,3.18,0.147,0.102,1.99,,,Ⅳ
2022-06-02T16:00:00+08:00,1654156800,26.0,7.31,4.53,469.9,22.9,3.53,0.156,0.106,1.79,,,Ⅳ
2022-06-02T20:00:00+08:00,1654171200,26.0,7.33,5.13,466.8,26.7,3.67,0.149,0.104,1.78,,,Ⅲ
2022-06-03T04:00:00+08:00,1654200000,25.4,7.35,5.3,477.6,32.7,3.47,0.151,0.103,1.76,,,Ⅲ
2022-06-03T08:00:00+08:00,1654214400,25.3,7.32,4.81,478.0,28.5,3.72,0.156,0.106,1.74,,,Ⅳ
2022-06-03T12:00:00+08:00,1654228800,25.3,7.32,4.89,478.2,30.7,3.63,0.157,0.104,1.79,,,Ⅳ
2022-06-03T16:00:00+08:00,1654243200,25.7,7.33,5.11,473.0,30.0,3.6,0.146,0.106,1.9,,,Ⅲ
2022-06-03T20:00:00+08:00,1654257600,25.5,7.33,5.14,469.2,28.8,3.58,0.135,0.104,1.89,,,Ⅲ
2022-06-04T04:00:00+08:00,1654286400,25.2,7.32,5.16,474.3,31.9,3.53,0.131,0.105,1.94,,,Ⅲ
2022-06-04T08:00:00+08:00,1654300800,25.2,7.31,4.89,470.0,32.0,3.5,0.138,0.107,2.0,,,Ⅳ
2022-06-04T12:00:00+08:00,1654315200,25.3,7.27,4.55,475.4,28.5,3.63,0.218,0.114,2.25,,,Ⅳ
2022-06-04T16:00:00+08:00,1654329600,25.8,7.33,5.08,485.3,37.2,3.7,0.143,0.109,2.24,,,Ⅲ
2022-06-04T20:00:00+08:00,1654344000,25.9,7.34,5.31,483.6,35.9,3.44,0.132,0.107,2.07,,,Ⅲ
2022-06-05T04:00:00+08:00,1654372800,25.4,7.28,5.06,416.9,49.4,3.53,0.196,0.116,2.06,,,Ⅲ
2022-06-05T08:00:00+08:00,1654387200,25.4,7.25,5.16,423.6,45.2,3.77,0.253,0.118,2.03,,,Ⅲ
2022-06-05T12:00:00+08:00,1654401600,25.4,7.21,5.12,412.2,51.9,4.32,0.195,0.119,1.86,,,Ⅲ
2022-06-05T16:00:00+08:00,1654416000,25.4,7.19,4.62,425.5,50.4,4.93,0.26,0.13,2.24,,,Ⅳ
2022-06-05T20:00:00+08:00,1654430400,25.4,7.16,4.17,428.2,41.4,5.12,0.259,0.135,2.38,,,Ⅳ
2022-06-06T04:00:00+08:00,1654459200,25.0,7.11,3.72,424.4,34.7,4.77,0.218,0.137,2.62,,,Ⅳ
2022-06-06T08:00:00+08:00,1654473600,25.0,7.09,3.81,438.9,33.6,4.68,0.212,0.131,2.59,,,Ⅳ
2022-06-06T12:00:00+08:00,1654488000,26.0,7.1,3.84,434.2,43.3,4.68,,0.14,2.42,,,
2022-06-06T16:00:00+08:00,1654502400,26.8,7.15,4.02,434.3,34.3,4.37,0.199,0.127,2.51,,,Ⅳ
2022-06-06T20:00:00+08:00,1654516800,26.6,7.16,4.13,433.8,52.8,4.49,0.215,0.13,2.48,,,Ⅳ
2022-06-07T00:00:00+08:00,1654531200,26.2,7.12,3.66,437.7,41.0,4.56,0.246,0.131,2.6,,,Ⅳ
2022-06-07T04:00:00+08:00,1654545600,25.7,7.1,3.43,440.7,45.0,4.82,0.262,0.128,2.36,,,Ⅳ
2022-06-07T08:00:00+08:00,1654560000,25.6,7.15,3.52,454.0,47.8,4.96,0.277,0.131,2.31,,,Ⅳ
2022-06-07T12:00:00+08:00,1654574400,26.5,7.19,4.14,445.8,44.3,4.45,0.263,0.13,2.28,,,Ⅳ
2022-06-07T16:00:00+08:00,1654588800,27.0,7.16,4.47,441.0,59.7,5.01,0.294,0.139,2.26,,,Ⅳ
2022-06-07T20:00:00+08:00,1654603200,26.8,7.16,4.31,441.2,49.0,4.86,0.3,0.131,2.32,,,Ⅳ
2022-06-08T00:00:00+08:00,1654617600,26.1,7.18,4.35,442.0,47.8,4.84,0.278,0.13,1.95,,,Ⅳ
2022-06-08T08:00:00+08:00,1654646400,25.6,7.19,4.53,440.6,55.0,4.93,0.269,0.126,1.69,,,Ⅳ
2022-06-08T12:00:00+08:00,1654660800,26.6,7.21,4.58,441.5,47.2,5.01,0.27,0.127,1.84,,,Ⅳ
2022-06-08T20:00:00+08:00,1654689600,26.9,7.24,5.13,450.1,45.2,4.54,0.288,0.118,2.22,,,Ⅲ
2022-06-09T00:00:00+08:00,1654704000,26.3,7.17,4.59,442.4,44.0,4.85,0.273,0.117,1.85,,,Ⅳ
2022-06-09T04:00:00+08:00,1654718400,25.8,7.22,4.69,455.1,42.5,4.7,0.273,0.124,2.02,,,Ⅳ
2022-06-09T08:00:00+08:00,1654732800,25.3,7.2,4.87,459.8,42.6,4.64,0.288,0.124,2.16,,,Ⅳ
2022-06-09T12:00:00+08:00,1654747200,26.3,7.22,5.01,465.5,45.0,4.64,0.288,0.124,2.16,,,Ⅲ
2022-06-09T16:00:00+08:00,1654761600,26.9,7.25,5.28,466.4,44.3,4.71,0.266,0.122,2.2,,,Ⅲ
2022-06-09T20:00:00+08:00,1654776000,26.7,7.24,5.42,463.1,61.3,4.65,0.296,0.146,2.22,,,Ⅲ
2022-06-10T04:00:00+08:00,1654804800,25.9,7.26,5.13,462.4,43.3,4.45,0.261,0.125,2.3,,,Ⅲ
2022-06-10T08:00:00+08:00,1654819200,25.4,7.22,4.83,460.3,44.2,4.74,0.283,0.123,2.01,,,Ⅳ
2022-06-10T12:00:00+08:00,1654833600,26.1,7.25,5.25,453.3,38.4,4.36,0.249,0.114,2.12,,,Ⅲ
2022-06-10T16:00:00+08:00,1654848000,26.6,7.24,5.23,444.5,37.8,4.81,0.276,0.118,2.07,,,Ⅲ
2022-06-10T20:00:00+08:00,1654862400,26.2,7.4,6.36,456.2,42.9,4.83,0.25,0.151,2.06,,,Ⅲ
2022-06-11T04:00:00+08:00,1654891200,25.6,7.3,5.17,454.2,44.0,4.66,0.169,0.124,2.08,,,Ⅲ
2022-06-11T08:00:00+08:00,1654905600,25.2,7.25,4.91,470.1,55.4,,0.238,0.13,2.12,,,
2022-06-11T12:00:00+08:00,1654920000,25.7,8.08,5.46,472.2,50.6,,0.211,0.129,2.14,,,
2022-06-11T20:00:00+08:00,1654948800,26.7,7.3,5.03,459.2,27.7,4.25,0.178,0.121,2.29,,,Ⅲ
2022-06-12T04:00:00+08:00,1654977600,25.5,7.28,4.64,455.8,29.4,4.32,0.224,0.119,2.02,,,Ⅳ
2022-06-12T08:00:00+08:00,1654992000,25.0,7.27,4.64,444.8,38.0,4.61,0.229,0.122,1.72,,,Ⅳ
2022-06-12T12:00:00+08:00,1655006400,25.0,7.27,4.88,435.3,35.1,4.42,0.205,0.116,1.73,,,Ⅳ
2022-06-12T16:00:00+08:00,1655020800,25.1,7.32,5.15,433.2,34.6,4.46,0.182,0.112,1.63,,,Ⅲ
2022-06-12T20:00:00+08:00,1655035200,24.9,7.32,5.34,433.5,34.7,4.22,0.185,0.116,1.76,,,Ⅲ
2022-06-13T04:00:00+08:00,1655064000,24.7,7.27,4.71,441.7,51.7,4.46,0.195,0.118,1.85,,,Ⅳ
2022-06-13T08:00:00+08:00,1655078400,24.6,7.27,4.5,435.6,47.3,4.43,0.186,0.122,1.82,,,Ⅳ
2022-06-13T12:00:00+08:00,1655092800,24.7,7.27,4.73,440.0,36.8,4.12,,,1.82,,,
2022-06-13T16:00:00+08:00,1655107200,24.8,7.3,4.8,427.3,53.2,4.18,0.166,0.124,1.7,,,Ⅳ
2022-06-13T20:00:00+08:00,1655121600,24.8,7.3,4.74,422.0,47.5,4.2,0.16,0.124,1.57,,,Ⅳ
2022-06-14T04:00:00+08:00,1655150400,24.5,7.31,4.56,422.5,50.7,3.82,0.139,0.122,1.34,,,Ⅳ
2022-06-14T08:00:00+08:00,1655164800,24.2,7.32,4.84,416.6,55.8,4.09,0.145,0.122,1.34,,,Ⅳ
2022-06-14T16:00:00+08:00,1655193600,25.8,7.36,5.08,411.3,48.8,3.95,0.122,0.12,1.47,,,Ⅲ
2022-06-14T20:00:00+08:00,1655208000,25.9,7.38,5.31,408.5,46.3,3.94,0.113,0.117,1.45,,,Ⅲ
2022-06-15T04:00:00+08:00,1655236800,25.0,7.35,4.85,410.6,49.9,4.01,0.118,0.116,1.27,,,Ⅳ
2022-06-15T08:00:00+08:00,1655251200,24.9,7.36,5.43,399.2,42.8,3.73,0.1,0.113,1.47,,,Ⅲ
2022-06-15T12:00:00+08:00,1655265600,26.0,7.37,5.22,403.3,48.9,3.87,0.115,0.12,1.32,,,Ⅲ
2022-06-15T16:00:00+08:00,1655280000,27.0,7.38,5.45,392.6,46.0,3.8,0.098,0.12,1.27,,,Ⅲ
2022-06-15T20:00:00+08:00,1655294400,27.0,7.38,5.17,392.1,39.7,3.75,0.084,0.117,1.37,,,Ⅲ
2022-06-16T00:00:00+08:00,1655308800,26.6,7.39,5.13,391.7,35.0,3.66,0.083,0.109,1.43,,,Ⅲ
2022-06-16T08:00:00+08:00,1655337600,26.2,7.4,5.18,391.8,44.2,3.78,0.079,0.112,1.28,,,Ⅲ
2022-06-16T12:00:00+08:00,1655352000,27.4,7.36,5.22,391.6,51.5,3.96,,0.12,1.2,,,
2022-06-16T16:00:00+08:00,1655366400,28.0,7.4,5.35,386.1,45.6,3.87,0.076,0.117,1.3,,,Ⅲ
2022-06-16T20:00:00+08:00,1655380800,27.6,7.42,5.6,390.3,40.9,3.86,0.076,0.151,1.39,,,Ⅲ
2022-06-17T00:00:00+08:00,1655395200,27.6,7.41,5.5,398.6,36.4,3.91,0.071,0.132,1.42,,,Ⅲ
2022-06-17T04:00:00+08:00,1655409600,27.2,7.39,5.23,401.2,37.6,3.85,0.074,0.129,1.45,,,Ⅲ
2022-06-17T08:00:00+08:00,1655424000,27.1,7.37,4.98,405.8,43.2,4.0,0.091,0.125,1.37,,,Ⅳ
2022-06-17T12:00:00+08:00,1655438400,28.1,7.34,5.17,405.6,51.5,4.06,0.098,0.129,1.37,,,Ⅲ
2022-06-17T16:00:00+08:00,1655452800,29.2,7.37,5.41,404.3,44.8,3.99,0.096,0.125,1.68,,,Ⅲ
2022-06-17T20:00:00+08:00,1655467200,28.7,7.37,5.23,410.0,39.6,3.84,0.088,0.123,1.76,,,Ⅲ
2022-06-18T00:00:00+08:00,1655481600,28.9,7.68,7.68,407.6,45.8,4.59,0.042,0.122,1.11,,,Ⅲ
2022-06-18T04:00:00+08:00,1655496000,27.7,7.35,5.28,410.6,38.9,3.8,0.076,0.115,1.75,,,Ⅲ
2022-06-18T08:00:00+08:00,1655510400,27.6,7.35,4.9,411.8,44.9,4.0,0.088,0.116,1.45,,,Ⅳ
2022-06-18T12:00:00+08:00,1655524800,28.8,7.37,5.1,409.2,50.6,4.06,0.086,0.119,1.36,,,Ⅲ
2022-06-18T16:00:00+08:00,1655539200,30.0,7.37,5.31,406.6,51.3,,0.078,0.12,1.6,,,
2022-06-18T20:00:00+08:00,1655553600,29.5,7.36,5.17,402.3,42.7,3.45,0.075,0.112,1.55,,,Ⅲ
2022-06-19T00:00:00+08:00,1655568000,28.9,7.34,4.99,403.8,105.2,3.96,0.091,0.147,1.52,,,Ⅳ
2022-06-19T04:00:00+08:00,1655582400,28.2,7.33,5.08,405.0,43.0,3.57,0.069,0.116,1.58,,,Ⅲ
2022-06-19T08:00:00+08:00,1655596800,28.1,7.32,4.74,405.7,49.7,3.71,0.092,0.122,1.42,,,Ⅳ
2022-06-19T12:00:00+08:00,1655611200,28.9,7.33,4.76,408.6,46.3,,0.083,0.119,1.63,,,
2022-06-19T16:00:00+08:00,1655625600,30.2,7.34,4.34,408.5,24.9,3.66,0.085,0.119,1.53,,,Ⅳ
2022-06-19T20:00:00+08:00,1655640000,29.8,7.34,4.19,409.1,13.1,3.65,0.079,0.115,1.68,,,Ⅳ
2022-06-20T00:00:00+08:00,1655654400,29.4,7.33,3.96,408.5,23.8,3.61,0.079,0.118,1.56,,,Ⅳ
2022-06-20T04:00:00+08:00,1655668800,29.0,7.29,3.6,417.6,17.9,3.59,0.088,0.117,1.25,,,Ⅳ
2022-06-20T08:00:00+08:00,1655683200,29.0,7.29,3.36,408.6,19.9,3.82,0.107,0.124,1.15,,,Ⅳ
2022-06-20T12:00:00+08:00,1655697600,29.7,7.32,3.85,415.2,17.8,3.86,0.106,0.123,1.32,,,Ⅳ
2022-06-20T16:00:00+08:00,1655712000,30.1,7.33,4.41,405.1,22.8,3.57,0.088,0.119,1.67,,,Ⅳ
2022-06-20T20:00:00+08:00,1655726400,29.9,7.33,4.35,403.2,26.9,3.7,0.086,0.12,1.57,,,Ⅳ
2022-06-21T00:00:00+08:00,1655740800,29.3,7.33,4.52,409.8,14.0,3.51,0.077,0.118,1.65,,,Ⅳ
2022-06-21T04:00:00+08:00,1655755200,28.8,7.32,3.84,406.1,25.9,,0.102,0.122,1.34,,,
2022-06-21T08:00:00+08:00,1655769600,28.7,7.33,3.9,401.0,24.8,,0.121,0.125,1.29,,,
2022-06-22T04:00:00+08:00,1655841600,28.9,7.34,4.32,405.2,25.5,3.43,0.094,0.12,1.2,,,Ⅳ
2022-06-22T08:00:00+08:00,1655856000,28.8,7.34,4.86,406.9,27.0,3.97,0.092,0.128,1.22,,,Ⅳ
2022-06-22T12:00:00+08:00,1655870400,29.3,7.38,4.98,410.8,25.2,3.75,0.106,0.165,1.54,,,Ⅳ
2022-06-22T16:00:00+08:00,1655884800,29.7,7.39,5.14,417.3,20.8,3.79,0.107,0.135,1.72,,,Ⅲ
2022-06-22T20:00:00+08:00,1655899200,29.4,7.37,5.02,432.0,22.3,3.76,0.127,0.155,2.09,,,Ⅲ
2022-06-23T00:00:00+08:00,1655913600,28.9,7.37,4.92,439.6,24.0,3.78,0.156,0.141,1.82,,,Ⅳ
2022-06-23T04:00:00+08:00,1655928000,28.4,7.37,4.55,431.3,21.1,3.73,0.155,0.135,1.8,,,Ⅳ
2022-06-23T08:00:00+08:00,1655942400,27.8,7.39,5.26,413.4,29.1,4.06,0.146,0.137,1.61,,,Ⅲ
2022-06-23T12:00:00+08:00,1655956800,28.8,7.35,5.02,409.7,28.2,3.83,0.123,0.141,1.7,,,Ⅲ
2022-07-04T12:00:00+08:00,1656907200,29.8,7.31,3.69,413.0,47.3,3.6,0.118,0.144,2.02,,,Ⅳ
2022-07-11T04:00:00+08:00,1657483200,31.2,7.29,3.1,375.9,28.1,4.05,0.124,0.133,1.55,,,Ⅳ
2022-07-11T08:00:00+08:00,1657497600,30.8,7.32,3.59,334.6,42.8,4.1,0.123,0.141,1.31,,,Ⅳ
2022-07-11T12:00:00+08:00,1657512000,31.4,7.34,4.18,362.6,40.3,3.74,0.11,0.137,1.43,,,Ⅳ
2022-07-13T04:00:00+08:00,1657656000,32.0,7.05,3.33,381.2,32.6,3.43,0.106,0.134,1.7,,,Ⅳ
2022-07-13T08:00:00+08:00,1657670400,31.9,7.05,3.33,375.4,35.2,4.04,0.108,0.145,1.61,,,Ⅳ
2022-07-13T12:00:00+08:00,1657684800,33.0,7.13,4.26,377.7,28.3,4.08,0.091,0.135,1.48,,,Ⅳ
2022-07-18T08:00:00+08:00,1658102400,29.4,6.84,3.96,386.0,59.1,3.38,0.215,0.143,1.52,,,Ⅳ
2022-07-18T12:00:00+08:00,1658116800,29.5,6.98,3.8,392.1,48.2,3.04,0.177,0.132,1.74,,,Ⅳ
2022-07-19T16:00:00+08:00,1658217600,30.4,6.96,4.41,393.0,64.7,3.52,0.202,0.139,1.37,,,Ⅳ
2022-07-20T08:00:00+08:00,1658275200,29.2,6.9,3.51,390.5,47.5,3.83,0.258,0.144,1.46,,,Ⅳ
2022-07-20T12:00:00+08:00,1658289600,29.9,6.94,4.36,397.7,46.8,3.65,0.24,0.134,1.58,,,Ⅳ
2022-07-21T08:00:00+08:00,1658361600,29.2,6.97,4.56,389.1,47.6,3.49,0.168,0.136,1.77,,,Ⅳ
2022-07-21T12:00:00+08:00,1658376000,29.4,6.97,4.53,382.9,63.5,3.54,0.164,0.14,1.49,,,Ⅳ
2022-07-22T04:00:00+08:00,1658433600,28.5,6.97,4.44,401.2,48.0,3.83,0.166,0.138,1.38,,,Ⅳ
2022-07-22T08:00:00+08:00,1658448000,28.4,6.97,4.46,397.3,54.8,3.74,0.16,0.203,1.36,,,Ⅳ
2022-07-22T16:00:00+08:00,1658476800,30.6,7.05,5.4,394.5,50.9,3.73,0.113,0.131,1.26,,,Ⅲ
2022-07-22T20:00:00+08:00,1658491200,30.6,7.01,5.39,384.6,47.0,3.48,0.1,0.13,1.35,,,Ⅲ
2022-07-23T00:00:00+08:00,1658505600,29.9,6.99,4.81,384.4,44.8,3.48,0.104,0.134,1.27,,,Ⅳ
2022-07-23T04:00:00+08:00,1658520000,29.4,6.95,4.53,383.5,41.0,3.48,0.117,0.126,1.32,,,Ⅳ
2022-07-23T08:00:00+08:00,1658534400,29.2,6.97,4.49,385.0,43.8,3.52,0.123,0.137,1.24,,,Ⅳ
2022-07-23T12:00:00+08:00,1658548800,29.7,7.94,5.06,394.9,46.8,3.31,0.109,0.134,1.42,,,Ⅲ
2022-07-23T16:00:00+08:00,1658563200,31.3,7.08,5.55,390.7,53.7,3.54,0.089,0.139,1.28,,,Ⅲ
2022-07-23T20:00:00+08:00,1658577600,31.1,7.05,5.32,383.4,59.6,3.77,0.101,0.139,1.28,,,Ⅲ
2022-07-24T00:00:00+08:00,1658592000,30.0,7.04,4.9,389.7,60.2,3.74,0.098,0.127,1.27,,,Ⅳ
2022-07-24T04:00:00+08:00,1658606400,29.5,7.01,4.53,389.4,40.4,3.56,0.093,0.136,1.27,,,Ⅳ
2022-07-24T08:00:00+08:00,1658620800,29.1,7.02,4.6,380.1,36.7,3.43,0.093,,1.29,,,
2022-07-24T12:00:00+08:00,1658635200,29.8,7.05,4.92,369.6,40.8,3.74,0.107,,1.07,,,
2022-07-24T16:00:00+08:00,1658649600,30.9,7.1,5.45,371.9,49.8,3.74,0.107,,1.07,,,
2022-07-24T20:00:00+08:00,1658664000,30.7,7.11,5.64,368.5,50.2,3.66,0.154,,1.01,,,
2022-07-25T00:00:00+08:00,1658678400,29.9,7.06,5.33,360.4,52.0,3.6,0.102,0.234,1.0,,,Ⅳ
2022-07-25T08:00:00+08:00,1658707200,28.6,7.0,4.42,362.4,51.7,3.66,0.101,0.148,0.85,,,Ⅳ
2022-07-25T12:00:00+08:00,1658721600,30.0,7.03,5.54,365.2,34.1,3.95,0.103,0.141,0.98,,,Ⅲ
2022-07-25T16:00:00+08:00,1658736000,30.6,7.07,5.73,363.8,66.0,4.0,0.089,0.15,0.82,,,Ⅲ
2022-07-25T20:00:00+08:00,1658750400,30.5,7.05,5.52,359.0,68.6,3.77,0.09,0.14,0.87,,,Ⅲ
2022-07-26T00:00:00+08:00,1658764800,30.0,7.21,6.6,365.2,51.3,4.31,0.073,0.142,0.86,,,Ⅲ
2022-07-26T04:00:00+08:00,1658779200,29.1,7.07,5.78,366.7,73.1,3.31,0.086,0.141,0.91,,,Ⅲ
2022-07-26T08:00:00+08:00,1658793600,28.8,7.06,5.69,372.2,45.4,,0.092,0.13,0.9,,,
2022-07-26T12:00:00+08:00,1658808000,30.2,7.02,4.81,376.3,38.2,4.16,0.087,0.137,1.11,,,Ⅳ
2022-07-26T16:00:00+08:00,1658822400,30.0,7.06,5.31,359.4,55.5,3.99,0.146,0.141,1.2,,,Ⅲ
2022-07-26T20:00:00+08:00,1658836800,29.5,6.96,4.83,375.2,51.0,3.88,0.144,0.143,1.06,,,Ⅳ
2022-07-27T00:00:00+08:00,1658851200,29.1,7.0,4.56,375.4,49.3,3.73,0.133,0.136,1.16,,,Ⅳ
2022-07-27T04:00:00+08:00,1658865600,28.7,6.96,4.23,389.4,39.9,3.61,0.163,0.135,1.32,,,Ⅳ
2022-07-27T08:00:00+08:00,1658880000,28.5,6.97,4.08,404.1,37.6,3.65,0.176,0.134,1.4,,,Ⅳ
2022-07-27T12:00:00+08:00,1658894400,29.8,6.97,4.37,396.3,40.5,3.55,0.132,,1.42,,,
2022-07-27T16:00:00+08:00,1658908800,31.0,6.98,4.55,380.2,48.8,3.69,0.122,0.148,1.24,,,Ⅳ
2022-07-27T20:00:00+08:00,1658923200,31.0,6.97,4.36,387.8,56.8,3.52,0.13,0.143,1.25,,,Ⅳ
2022-07-28T00:00:00+08:00,1658937600,30.4,6.96,3.86,388.3,38.6,3.52,0.152,0.135,1.32,,,Ⅳ
2022-07-28T04:00:00+08:00,1658952000,29.5,6.99,4.0,412.7,41.2,3.79,0.141,0.137,1.46,,,Ⅳ
2022-11-01T12:00:00+08:00,1667275200,19.4,7.29,7.45,489.5,63.0,2.05,0.116,0.107,1.53,,,Ⅲ
2022-11-01T16:00:00+08:00,1667289600,19.9,7.33,7.52,477.4,68.9,2.25,0.103,0.107,1.38,,,Ⅲ
2022-11-02T12:00:00+08:00,1667361600,19.3,7.27,7.7,499.1,60.2,1.76,0.121,0.105,1.65,,,Ⅲ
2022-11-02T20:00:00+08:00,1667390400,19.7,7.36,7.94,476.4,61.0,1.81,0.112,0.098,1.38,,,Ⅱ
2022-11-03T00:00:00+08:00,1667404800,19.2,7.44,8.27,454.2,48.8,2.09,0.084,0.087,1.06,,,Ⅱ
2022-11-03T04:00:00+08:00,1667419200,18.8,7.32,7.72,482.5,61.7,2.03,0.117,0.099,1.28,,,Ⅱ
2022-11-03T08:00:00+08:00,1667433600,18.6,7.29,7.5,501.0,63.4,2.03,0.134,0.106,1.44,,,Ⅲ
2022-11-03T12:00:00+08:00,1667448000,18.9,7.25,7.31,497.4,42.9,2.26,0.128,0.106,1.53,,,Ⅲ
2022-11-03T16:00:00+08:00,1667462400,19.3,7.36,7.72,467.5,46.1,2.31,0.1,0.096,1.32,,,Ⅱ
2022-11-03T20:00:00+08:00,1667476800,19.2,7.38,7.55,465.3,50.4,2.96,0.107,0.097,1.3,,,Ⅱ
2022-11-04T00:00:00+08:00,1667491200,18.8,7.32,7.32,482.4,40.6,2.7,0.107,0.092,1.35,,,Ⅱ
2022-11-04T04:00:00+08:00,1667505600,18.4,7.32,7.24,476.0,41.6,2.35,0.118,0.095,1.36,,,Ⅱ
2022-11-04T08:00:00+08:00,1667520000,18.2,7.31,7.3,462.8,43.4,2.61,0.123,0.098,1.3,,,Ⅱ
2022-11-04T12:00:00+08:00,1667534400,18.4,7.37,7.74,452.4,48.1,2.19,0.18,0.097,1.11,,,Ⅱ
2022-11-04T16:00:00+08:00,1667548800,18.6,7.44,8.13,449.8,46.3,2.28,0.108,0.099,1.1,,,Ⅱ
2022-11-04T20:00:00+08:00,1667563200,18.2,7.44,7.93,448.8,58.2,2.36,0.125,0.106,1.05,,,Ⅲ
2022-11-05T00:00:00+08:00,1667577600,17.8,7.39,7.71,473.9,46.5,2.38,0.126,0.099,,,,Ⅱ
2022-11-05T04:00:00+08:00,1667592000,17.4,7.36,7.4,461.2,50.5,1.98,0.15,0.103,1.14,,,Ⅲ
2022-11-05T08:00:00+08:00,1667606400,17.1,7.38,7.51,454.4,44.2,2.23,0.112,0.096,1.15,,,Ⅱ
2022-11-05T12:00:00+08:00,1667620800,17.6,7.41,7.83,448.0,36.4,2.32,0.105,0.1,1.14,,,Ⅱ
2022-11-05T16:00:00+08:00,1667635200,18.1,7.45,8.06,447.3,46.2,2.13,0.106,0.103,1.19,,,Ⅲ
2022-11-05T20:00:00+08:00,1667649600,17.8,7.47,8.16,433.8,56.7,2.31,0.106,0.108,0.97,,,Ⅲ
2022-11-06T00:00:00+08:00,1667664000,17.2,7.44,8.06,440.0,49.8,2.38,0.094,0.103,0.93,,,Ⅲ
2022-11-06T04:00:00+08:00,1667678400,16.8,7.42,7.75,467.4,25.0,2.14,0.081,0.09,0.9,,,Ⅱ
2022-11-06T08:00:00+08:00,1667692800,16.8,7.4,7.75,463.3,35.9,2.45,0.084,0.093,1.06,,,Ⅱ
2022-11-06T12:00:00+08:00,1667707200,17.2,7.43,8.17,449.2,37.2,2.37,0.077,0.091,1.06,,,Ⅱ
2022-11-06T16:00:00+08:00,1667721600,17.6,7.54,8.54,442.3,34.0,2.41,0.079,0.094,1.06,,,Ⅱ
2022-11-06T20:00:00+08:00,1667736000,17.4,7.45,8.23,446.0,30.0,2.31,0.079,0.084,1.14,,,Ⅱ
2022-11-07T00:00:00+08:00,1667750400,17.1,7.44,8.21,439.5,32.2,2.34,0.074,0.09,1.08,,,Ⅱ
2022-11-07T04:00:00+08:00,1667764800,17.0,7.42,8.09,444.2,37.4,2.23,0.081,0.091,1.12,,,Ⅱ
2022-11-07T08:00:00+08:00,1667779200,16.8,7.31,7.63,462.7,37.5,2.14,0.1,0.097,1.14,,,Ⅱ
2022-11-07T12:00:00+08:00,1667793600,17.4,7.41,8.12,465.8,49.4,2.02,0.116,0.104,1.22,,,Ⅲ
2022-11-07T16:00:00+08:00,1667808000,18.1,7.56,8.65,449.4,40.4,2.02,0.085,0.085,1.18,,,Ⅱ
2022-11-07T20:00:00+08:00,1667822400,18.0,7.54,8.59,447.0,41.9,2.16,0.096,0.093,1.28,,,Ⅱ
2022-11-08T00:00:00+08:00,1667836800,17.8,7.39,8.01,462.9,36.5,2.19,0.122,0.096,1.44,,,Ⅱ
2022-11-08T04:00:00+08:00,1667851200,17.3,7.35,7.79,490.5,44.7,2.13,0.126,0.099,1.39,,,Ⅱ
2022-11-08T08:00:00+08:00,1667865600,17.0,7.37,7.97,484.8,35.0,2.39,0.109,0.096,1.37,,,Ⅱ
2022-11-08T12:00:00+08:00,1667880000,17.8,7.5,8.53,461.0,37.0,2.25,0.085,0.093,1.29,,,Ⅱ
2022-11-08T16:00:00+08:00,1667894400,18.4,7.58,8.49,455.0,41.7,2.37,0.085,0.094,1.26,,,Ⅱ
2022-11-08T20:00:00+08:00,1667908800,18.2,7.57,8.42,450.2,42.3,2.34,0.074,0.087,1.24,,,Ⅱ
2022-11-09T00:00:00+08:00,1667923200,18.0,7.46,8.06,477.3,47.8,2.27,0.087,0.097,1.3,,,Ⅱ
2022-11-09T04:00:00+08:00,1667937600,17.7,7.41,7.89,491.4,38.1,1.84,0.086,0.092,1.31,,,Ⅱ
2022-11-09T08:00:00+08:00,1667952000,17.7,7.4,7.77,494.4,37.3,1.85,0.087,0.095,1.4,,,Ⅱ
2022-11-09T12:00:00+08:00,1667966400,18.2,7.41,7.85,486.3,32.7,,0.091,0.094,1.46,,,
2022-11-09T16:00:00+08:00,1667980800,18.6,7.43,7.97,472.5,37.4,2.29,0.087,0.094,1.4,,,Ⅱ
2022-11-09T20:00:00+08:00,1667995200,18.6,7.38,7.62,488.0,42.3,2.09,0.101,0.095,1.58,,,Ⅱ
2022-11-10T00:00:00+08:00,1668009600,18.4,7.34,7.44,494.2,40.7,2.02,0.109,0.099,1.51,,,Ⅱ
2022-11-10T04:00:00+08:00,1668024000,18.2,7.33,7.12,510.5,33.6,2.21,0.103,0.093,1.58,,,Ⅱ
2022-11-10T08:00:00+08:00,1668038400,18.2,7.31,7.03,515.6,31.4,2.48,0.108,0.094,1.7,,,Ⅱ
2022-11-10T12:00:00+08:00,1668052800,19.0,7.32,7.2,510.9,44.4,1.95,0.115,0.103,1.67,,,Ⅲ
2022-11-10T16:00:00+08:00,1668067200,19.7,7.37,7.49,496.8,36.0,2.22,0.089,0.095,1.54,,,Ⅱ
2022-11-10T20:00:00+08:00,1668081600,19.5,7.38,7.15,486.8,35.8,2.21,0.097,0.093,1.54,,,Ⅱ
2022-11-11T00:00:00+08:00,1668096000,19.2,7.35,7.14,503.9,32.8,2.21,0.099,0.093,1.48,,,Ⅱ
2022-11-11T04:00:00+08:00,1668110400,19.0,7.3,6.71,516.6,30.4,2.18,0.094,0.097,1.63,,,Ⅱ
2022-11-11T08:00:00+08:00,1668124800,19.1,7.27,6.59,522.8,40.8,2.28,0.107,0.095,1.69,,,Ⅱ
2022-11-11T12:00:00+08:00,1668139200,19.7,7.29,6.64,528.3,93.1,2.32,0.156,0.126,1.58,,,Ⅲ
2022-11-11T16:00:00+08:00,1668153600,20.1,7.35,7.02,504.3,35.2,1.98,0.101,0.097,1.58,,,Ⅱ
2022-11-11T20:00:00+08:00,1668168000,20.1,7.36,6.85,509.6,30.5,2.18,0.102,0.096,1.65,,,Ⅱ
2022-11-12T00:00:00+08:00,1668182400,20.1,7.33,6.66,535.7,34.4,2.22,0.116,0.099,1.84,,,Ⅱ
2022-11-12T04:00:00+08:00,1668196800,20.0,7.29,6.52,555.2,32.0,1.76,0.119,0.097,1.95,,,Ⅱ
2022-11-12T08:00:00+08:00,1668211200,20.0,7.28,6.52,549.3,27.6,2.4,0.111,0.098,1.98,,,Ⅱ
2022-11-12T12:00:00+08:00,1668225600,20.5,7.26,6.55,538.6,30.7,1.85,0.112,0.103,1.99,,,Ⅲ
2022-11-12T16:00:00+08:00,1668240000,20.8,7.3,7.01,515.8,34.8,2.22,0.089,0.098,1.82,,,Ⅱ
2022-11-12T20:00:00+08:00,1668254400,20.8,7.26,6.76,528.5,51.6,2.03,0.117,0.111,1.83,,,Ⅲ
2022-11-13T00:00:00+08:00,1668268800,20.5,7.27,6.66,537.9,54.5,2.08,0.112,0.104,1.81,,,Ⅲ
2022-11-13T04:00:00+08:00,1668283200,20.2,7.25,6.71,525.9,36.9,2.18,0.134,0.104,1.83,,,Ⅲ
2022-11-13T08:00:00+08:00,1668297600,19.8,7.3,6.91,502.8,36.8,2.45,0.109,0.103,1.68,,,Ⅲ
2022-11-13T12:00:00+08:00,1668312000,19.6,7.37,7.18,473.7,27.9,2.48,0.086,0.1,1.38,,,Ⅱ
2022-11-13T16:00:00+08:00,1668326400,19.5,7.43,7.49,476.5,29.6,2.49,0.086,0.098,1.44,,,Ⅱ
2022-11-13T20:00:00+08:00,1668340800,19.3,7.45,7.49,493.5,27.8,2.64,0.08,0.097,1.42,,,Ⅱ
2022-11-14T00:00:00+08:00,1668355200,18.9,7.38,7.15,489.7,28.4,2.72,0.084,0.097,1.42,,,Ⅱ
2022-11-14T08:00:00+08:00,1668384000,18.1,7.3,6.97,506.2,30.1,2.33,0.111,0.1,1.62,,,Ⅱ
2022-11-14T12:00:00+08:00,1668398400,18.0,7.31,7.14,517.0,33.1,2.55,0.133,0.108,1.76,,,Ⅲ
2022-11-14T16:00:00+08:00,1668412800,17.6,7.34,7.35,492.3,79.8,2.53,0.147,0.127,1.31,,,Ⅲ
2022-11-14T20:00:00+08:00,1668427200,17.4,7.32,7.33,510.8,38.2,2.43,0.123,0.11,1.62,,,Ⅲ
2022-11-15T04:00:00+08:00,1668456000,16.8,7.27,7.24,508.8,31.2,2.38,0.107,0.111,1.45,,,Ⅲ
2022-11-15T08:00:00+08:00,1668470400,16.7,7.26,7.29,490.9,31.9,2.57,0.105,0.108,1.51,,,Ⅲ
2022-11-15T12:00:00+08:00,1668484800,16.8,7.32,7.59,493.1,32.9,2.44,0.117,0.116,1.56,,,Ⅲ
2022-11-15T16:00:00+08:00,1668499200,16.8,7.4,8.18,485.0,28.6,2.53,0.11,0.113,1.62,,,Ⅲ
2022-11-16T08:00:00+08:00,1668556800,15.4,7.3,8.09,493.6,28.7,2.85,0.092,0.116,1.64,,,Ⅲ
2022-11-16T12:00:00+08:00,1668571200,15.6,7.42,8.52,478.7,28.0,3.03,0.082,0.111,1.63,,,Ⅲ
2022-11-16T16:00:00+08:00,1668585600,16.0,7.44,8.52,481.6,33.3,2.59,0.095,0.108,1.71,,,Ⅲ
2022-11-16T20:00:00+08:00,1668600000,16.1,7.43,8.31,481.7,27.9,2.89,0.105,0.11,1.72,,,Ⅲ
2022-11-17T00:00:00+08:00,1668614400,16.0,7.42,8.38,469.0,31.1,2.7,0.102,0.112,1.69,,,Ⅲ
2022-11-17T04:00:00+08:00,1668628800,16.0,7.39,8.14,480.4,34.6,2.52,0.103,0.107,1.65,,,Ⅲ
2022-11-17T08:00:00+08:00,1668643200,16.0,7.34,8.05,472.7,34.5,2.94,0.11,0.114,1.52,,,Ⅲ
2022-11-17T16:00:00+08:00,1668672000,16.1,7.4,8.1,463.6,34.2,3.55,0.148,0.117,1.59,,,Ⅲ
2022-11-17T20:00:00+08:00,1668686400,16.3,7.32,7.86,490.9,38.8,3.2,0.327,0.134,2.0,,,Ⅲ
2022-11-18T00:00:00+08:00,1668700800,16.4,7.31,7.78,498.7,36.9,3.06,0.217,0.116,1.93,,,Ⅲ
2022-11-18T04:00:00+08:00,1668715200,16.1,7.3,7.74,506.3,33.7,3.16,0.176,0.116,1.77,,,Ⅲ
2022-11-18T08:00:00+08:00,1668729600,16.0,7.3,7.72,493.5,33.8,3.03,0.15,0.121,1.59,,,Ⅲ
2022-11-18T12:00:00+08:00,1668744000,16.2,7.38,7.84,481.4,31.0,2.7,0.118,0.111,1.53,,,Ⅲ
2022-11-18T16:00:00+08:00,1668758400,16.4,7.43,7.95,464.5,33.9,3.05,0.107,0.106,1.52,,,Ⅲ
2022-11-18T20:00:00+08:00,1668772800,16.5,7.39,7.77,459.7,52.8,3.18,0.12,0.119,1.42,,,Ⅲ
2022-11-19T00:00:00+08:00,1668787200,16.5,7.38,7.58,478.2,35.5,2.84,0.105,0.104,1.52,,,Ⅲ
2022-11-19T04:00:00+08:00,1668801600,16.6,7.33,7.47,481.3,33.0,2.86,0.113,0.113,1.57,,,Ⅲ
2022-11-19T08:00:00+08:00,1668816000,16.6,7.33,7.27,476.0,33.2,2.88,0.104,0.109,1.58,,,Ⅲ
2022-11-19T12:00:00+08:00,1668830400,16.7,7.3,7.23,477.2,20.8,2.74,0.125,0.111,1.64,,,Ⅲ
2022-11-19T16:00:00+08:00,1668844800,16.8,7.32,7.37,484.0,21.4,2.15,0.135,0.1,1.8,,,Ⅱ
2022-11-19T20:00:00+08:00,1668859200,16.8,7.3,7.24,490.6,26.4,2.16,0.157,0.105,1.81,,,Ⅲ
2022-11-20T00:00:00+08:00,1668873600,16.8,7.27,7.19,498.8,22.7,2.18,0.136,0.102,1.75,,,Ⅲ
2022-11-20T04:00:00+08:00,1668888000,16.7,7.27,7.18,490.5,25.8,2.34,0.135,0.105,1.6,,,Ⅲ
2022-11-20T08:00:00+08:00,1668902400,16.7,7.25,7.07,476.2,24.3,2.54,0.136,0.1,1.6,,,Ⅱ
2022-11-20T12:00:00+08:00,1668916800,16.8,7.3,7.54,465.2,21.1,2.58,0.118,0.099,1.52,,,Ⅱ
2022-11-20T16:00:00+08:00,1668931200,16.9,7.34,7.84,458.4,22.1,2.41,0.115,0.094,1.49,,,Ⅱ
2022-11-20T20:00:00+08:00,1668945600,16.8,7.33,7.77,451.8,24.1,2.26,0.113,0.101,1.52,,,Ⅲ
2022-11-21T00:00:00+08:00,1668960000,16.8,7.31,7.64,464.6,26.6,2.09,0.112,0.099,1.39,,,Ⅱ
2022-11-21T12:00:00+08:00,1669003200,16.8,7.4,8.23,446.7,19.6,2.66,0.089,0.107,1.19,,,Ⅲ
2022-11-21T16:00:00+08:00,1669017600,17.2,7.52,8.75,444.0,16.2,2.35,0.082,0.097,1.49,,,Ⅱ
2022-11-21T20:00:00+08:00,1669032000,17.1,7.51,8.76,440.8,23.9,2.44,0.071,0.101,1.4,,,Ⅲ
2022-11-22T04:00:00+08:00,1669060800,16.9,7.38,8.46,325.4,24.8,2.12,0.203,0.103,1.46,,,Ⅲ
2022-11-22T08:00:00+08:00,1669075200,16.8,7.35,8.19,423.8,22.2,2.36,0.084,0.105,1.32,,,Ⅲ
2022-11-22T12:00:00+08:00,1669089600,17.1,7.28,7.99,447.3,25.9,2.21,0.19,0.108,1.88,,,Ⅲ
2022-11-22T16:00:00+08:00,1669104000,17.1,7.29,8.1,455.0,58.7,2.49,0.197,0.121,1.76,,,Ⅲ
2022-11-22T20:00:00+08:00,1669118400,17.0,7.29,7.93,454.3,22.4,2.64,0.167,0.108,2.09,,,Ⅲ
2022-11-23T04:00:00+08:00,1669147200,16.8,7.3,7.93,472.0,25.4,2.73,0.156,0.11,1.82,,,Ⅲ
2022-11-23T08:00:00+08:00,1669161600,16.8,7.32,7.95,449.0,23.6,2.38,0.141,0.112,1.85,,,Ⅲ
2022-11-23T12:00:00+08:00,1669176000,17.0,7.37,8.36,449.0,20.6,2.33,0.108,0.105,1.69,,,Ⅲ
2022-11-23T16:00:00+08:00,1669190400,17.3,7.41,8.57,439.8,25.7,2.49,0.107,0.098,1.71,,,Ⅱ
2022-11-23T20:00:00+08:00,1669204800,17.2,7.38,8.4,435.8,31.0,2.47,0.113,0.104,1.71,,,Ⅲ
2022-11-24T04:00:00+08:00,1669233600,16.8,7.25,7.71,449.7,32.2,2.17,0.134,0.105,1.7,,,Ⅲ
2022-11-24T08:00:00+08:00,1669248000,16.8,7.23,7.7,452.2,32.6,2.28,0.136,0.105,1.66,,,Ⅲ
2022-11-24T12:00:00+08:00,1669262400,17.0,7.27,7.9,452.8,30.5,2.07,0.143,0.103,1.77,,,Ⅲ
2022-11-24T16:00:00+08:00,1669276800,17.5,7.28,7.77,454.4,32.8,2.26,0.139,0.098,1.75,,,Ⅱ
2022-11-24T20:00:00+08:00,1669291200,17.3,7.3,7.91,448.6,40.4,2.3,0.166,0.113,1.77,,,Ⅲ
2022-11-25T04:00:00+08:00,1669320000,16.8,7.27,7.77,458.4,34.3,2.22,0.147,0.104,1.73,,,Ⅲ
2022-11-25T08:00:00+08:00,1669334400,16.8,7.26,7.85,463.6,32.9,2.48,0.15,0.103,1.67,,,Ⅲ
2022-11-25T12:00:00+08:00,1669348800,17.0,7.35,7.74,432.6,81.2,2.22,0.165,0.104,1.83,,,Ⅲ
2022-11-25T16:00:00+08:00,1669363200,17.4,7.32,7.76,433.6,82.7,2.05,0.149,0.094,1.79,,,Ⅱ
2022-11-25T20:00:00+08:00,1669377600,17.4,7.28,7.45,442.2,90.4,2.09,0.169,0.096,1.86,,,Ⅱ
2022-11-26T04:00:00+08:00,1669406400,16.9,7.23,6.99,474.4,88.2,2.04,0.219,0.101,1.92,,,Ⅲ
2022-11-26T08:00:00+08:00,1669420800,16.9,7.24,6.86,464.0,86.4,2.22,0.234,0.105,2.1,,,Ⅲ
2022-11-26T12:00:00+08:00,1669435200,17.3,7.29,7.61,438.0,92.8,2.08,0.182,0.106,1.76,,,Ⅲ
2022-11-28T04:00:00+08:00,1669579200,17.2,7.25,7.04,491.2,93.2,2.08,0.207,0.118,2.12,,,Ⅲ
2022-11-28T08:00:00+08:00,1669593600,17.1,7.2,6.81,532.2,88.6,2.31,0.223,0.112,2.25,,,Ⅲ
2022-11-28T16:00:00+08:00,1669622400,17.6,7.19,6.76,518.1,97.8,2.25,0.3,0.124,2.66,,,Ⅲ
2022-11-29T04:00:00+08:00,1669665600,17.3,7.2,6.96,520.1,106.8,2.04,0.256,0.12,2.34,,,Ⅲ
2022-11-29T08:00:00+08:00,1669680000,17.0,7.22,7.05,479.3,102.5,2.43,0.278,0.119,2.04,,,Ⅲ
2022-11-29T12:00:00+08:00,1669694400,16.8,7.22,7.24,454.1,97.6,2.6,0.338,0.127,2.1,,,Ⅲ
2022-11-29T16:00:00+08:00,1669708800,16.6,7.28,7.44,466.8,95.4,2.73,0.273,0.116,2.08,,,Ⅲ
2022-11-29T20:00:00+08:00,1669723200,15.8,7.24,7.81,459.2,99.3,2.71,0.336,0.121,2.05,,,Ⅲ
2022-11-30T00:00:00+08:00,1669737600,14.5,7.2,8.05,450.1,102.3,3.09,0.367,0.124,2.15,,,Ⅲ
2022-11-30T04:00:00+08:00,1669752000,13.8,7.17,8.04,453.5,96.0,3.41,0.36,0.132,2.66,,,Ⅲ
2022-11-30T08:00:00+08:00,1669766400,13.2,7.22,8.55,454.4,93.0,3.56,0.333,0.136,2.71,,,Ⅲ
2022-11-30T12:00:00+08:00,1669780800,12.9,7.28,8.71,458.5,94.4,,0.291,0.139,2.63,,,
2022-11-30T16:00:00+08:00,1669795200,12.9,7.34,9.02,457.4,94.0,3.47,0.239,0.134,2.58,,,Ⅲ
2022-11-30T20:00:00+08:00,1669809600,12.9,7.32,8.74,489.2,95.4,3.09,0.245,0.134,2.57,,,Ⅲ
2022-12-01T00:00:00+08:00,1669824000,12.8,7.31,8.84,484.2,92.6,2.96,0.248,0.127,2.48,,,Ⅲ
2022-12-01T08:00:00+08:00,1669852800,11.8,7.33,8.93,466.7,99.5,2.91,0.268,0.133,2.45,,,Ⅲ
2022-12-01T12:00:00+08:00,1669867200,11.7,7.31,8.67,510.8,90.8,2.82,0.284,0.138,2.5,,,Ⅲ
2022-12-01T20:00:00+08:00,1669896000,11.5,7.31,8.67,515.4,98.7,3.06,0.312,0.131,2.48,,,Ⅲ
2022-12-02T00:00:00+08:00,1669910400,11.2,7.3,8.65,521.8,92.4,2.62,0.358,0.128,,,,Ⅲ
2022-12-02T04:00:00+08:00,1669924800,10.7,7.3,8.8,515.0,90.2,2.83,0.357,0.121,2.52,,,Ⅲ
2022-12-02T08:00:00+08:00,1669939200,10.4,7.29,8.9,504.3,84.2,2.81,0.346,0.127,2.49,,,Ⅲ
2022-12-02T12:00:00+08:00,1669953600,10.3,7.32,9.12,492.6,89.2,2.64,0.319,0.119,2.42,,,Ⅲ
2022-12-02T16:00:00+08:00,1669968000,10.8,7.33,9.01,496.0,101.2,2.54,0.326,0.123,2.45,,,Ⅲ
2022-12-02T20:00:00+08:00,1669982400,11.0,7.38,8.6,480.9,98.0,2.59,0.348,0.127,2.33,,,Ⅲ
2022-12-03T00:00:00+08:00,1669996800,10.4,7.44,8.85,484.8,101.5,2.56,0.322,0.123,2.19,,,Ⅲ
2022-12-03T04:00:00+08:00,1670011200,10.2,7.47,8.76,477.8,100.4,2.38,0.301,0.116,2.11,,,Ⅲ
2022-12-03T08:00:00+08:00,1670025600,10.7,7.43,8.64,454.7,99.8,2.22,0.29,0.111,2.07,,,Ⅲ
2022-12-03T12:00:00+08:00,1670040000,10.0,7.43,9.58,479.3,101.7,2.17,0.311,0.122,2.24,,,Ⅲ
2022-12-03T20:00:00+08:00,1670068800,9.7,7.36,8.92,498.8,96.3,2.16,0.315,0.111,2.47,,,Ⅲ
2022-12-04T04:00:00+08:00,1670097600,9.2,7.37,9.1,498.3,98.0,2.1,0.32,0.121,2.29,,,Ⅲ
2022-12-04T12:00:00+08:00,1670126400,9.0,7.4,9.32,473.0,98.0,2.02,0.311,0.121,2.24,,,Ⅲ
2022-12-04T20:00:00+08:00,1670155200,8.9,7.39,9.37,475.5,95.2,2.13,0.312,0.112,,,,Ⅲ
2022-12-05T00:00:00+08:00,1670169600,9.0,7.38,9.28,493.6,94.4,1.92,0.309,0.109,2.35,,,Ⅲ
2022-12-05T08:00:00+08:00,1670198400,8.7,7.35,9.29,478.8,92.5,2.01,0.281,0.112,2.34,,,Ⅲ
2022-12-05T12:00:00+08:00,1670212800,9.1,7.37,9.39,467.2,97.2,1.97,0.263,0.115,2.24,,,Ⅲ
2022-12-05T16:00:00+08:00,1670227200,9.4,7.39,9.45,464.6,112.0,1.99,0.284,0.121,2.12,,,Ⅲ
2022-12-05T20:00:00+08:00,1670241600,9.1,7.4,9.48,462.2,116.6,2.0,0.286,0.122,2.01,,,Ⅲ
2022-12-06T04:00:00+08:00,1670270400,8.6,7.39,9.55,492.7,105.1,1.79,0.272,0.119,2.1,,,Ⅲ
2022-12-06T08:00:00+08:00,1670284800,8.6,7.39,9.48,481.9,97.5,2.17,0.267,0.11,2.29,,,Ⅲ
2022-12-06T16:00:00+08:00,1670313600,9.7,7.39,9.46,476.6,102.5,2.02,0.297,0.118,2.23,,,Ⅲ
2022-12-06T20:00:00+08:00,1670328000,9.6,7.4,9.36,477.7,100.6,2.2,0.301,0.11,2.27,,,Ⅲ
2022-12-07T04:00:00+08:00,1670356800,9.1,7.37,9.32,501.7,100.6,2.68,0.312,0.113,2.29,,,Ⅲ
2022-12-07T08:00:00+08:00,1670371200,9.0,7.37,9.34,497.6,101.4,2.81,0.307,0.112,2.27,,,Ⅲ
2022-12-07T12:00:00+08:00,1670385600,9.3,7.38,9.23,481.1,97.2,3.0,0.293,0.111,2.33,,,Ⅲ
2022-12-07T20:00:00+08:00,1670414400,9.5,7.34,9.09,473.2,102.3,2.89,0.292,0.11,2.25,,,Ⅲ
2022-12-08T04:00:00+08:00,1670443200,9.6,7.36,9.05,486.8,102.6,2.49,0.262,0.113,2.15,,,Ⅲ
2022-12-08T08:00:00+08:00,1670457600,9.5,7.35,9.02,482.8,95.2,2.94,0.248,0.108,2.18,,,Ⅲ
2022-12-08T12:00:00+08:00,1670472000,9.7,7.35,8.86,479.3,96.9,2.66,0.274,0.108,2.36,,,Ⅲ
2022-12-08T20:00:00+08:00,1670500800,10.1,7.27,8.53,480.5,97.9,3.58,0.311,0.115,2.5,,,Ⅲ
2022-12-09T04:00:00+08:00,1670529600,10.0,7.27,8.46,496.1,93.7,3.42,0.33,0.11,2.63,,,Ⅲ
2022-12-09T08:00:00+08:00,1670544000,10.1,7.26,8.49,466.1,91.6,2.93,0.336,0.107,2.64,,,Ⅲ
2022-12-09T12:00:00+08:00,1670558400,10.2,7.35,8.34,422.1,63.0,2.5,0.532,0.116,2.61,,,Ⅲ
2022-12-09T16:00:00+08:00,1670572800,10.2,7.23,8.43,422.3,53.0,2.35,0.329,0.108,2.64,,,Ⅲ
2022-12-09T20:00:00+08:00,1670587200,10.4,7.23,8.26,422.2,44.6,2.63,0.341,0.115,2.62,,,Ⅲ
2022-12-10T04:00:00+08:00,1670616000,10.2,7.26,8.4,439.0,50.5,2.69,0.331,0.119,2.52,,,Ⅲ
2022-12-10T08:00:00+08:00,1670630400,10.2,7.26,8.44,421.1,40.1,2.75,0.312,0.106,2.51,,,Ⅲ
2022-12-10T12:00:00+08:00,1670644800,10.6,7.23,8.15,424.2,40.7,,0.361,0.113,2.68,,,
2022-12-10T16:00:00+08:00,1670659200,10.9,7.21,8.09,435.5,86.6,2.84,0.565,0.121,2.64,,,Ⅲ
2022-12-10T20:00:00+08:00,1670673600,10.6,7.21,8.21,422.8,59.1,2.68,0.384,0.117,2.6,,,Ⅲ
2022-12-11T04:00:00+08:00,1670702400,10.1,7.24,8.41,447.7,60.1,2.29,0.338,0.115,2.55,,,Ⅲ
2022-12-11T10:50:00+08:00,1670727000,,,,,,,,,,,,
2022-12-11T14:50:00+08:00,1670741400,,,,,,,,,,,,
2022-12-11T18:51:00+08:00,1670755860,,,,,,,,,,,,
2022-12-13T10:58:00+08:00,1670900280,,,,,,,,,,,,
2022-12-13T12:00:00+08:00,1670904000,9.6,7.26,9.14,446.3,55.4,,0.419,0.128,2.64,,,
2022-12-13T16:00:00+08:00,1670918400,9.9,7.3,9.07,431.2,58.8,,0.344,0.117,2.5,,,
2022-12-13T20:00:00+08:00,1670932800,9.7,7.37,9.29,419.2,60.5,,0.324,0.113,2.4,,,
2022-12-14T04:00:00+08:00,1670961600,8.9,7.38,9.35,438.2,54.4,,0.315,0.107,2.39,,,
2022-12-14T08:00:00+08:00,1670976000,8.6,7.37,9.55,435.8,54.5,2.19,0.298,0.116,2.26,,,Ⅲ
2022-12-14T12:00:00+08:00,1670990400,8.7,7.39,9.74,419.5,48.5,2.02,0.302,0.103,2.38,,,Ⅲ
2022-12-14T16:00:00+08:00,1671004800,8.8,7.41,9.82,408.7,54.1,2.01,0.278,0.1,2.25,,,Ⅱ
2022-12-14T20:00:00+08:00,1671019200,8.6,7.42,9.87,404.1,56.6,2.67,0.277,0.105,2.21,,,Ⅲ
2022-12-15T04:00:00+08:00,1671048000,8.5,7.4,9.88,398.2,48.6,2.12,0.259,0.1,2.21,,,Ⅱ
2022-12-15T08:00:00+08:00,1671062400,8.1,7.42,9.97,404.3,33.6,2.25,0.239,0.1,2.27,,,Ⅱ
2022-12-15T12:00:00+08:00,1671076800,8.6,7.39,9.85,419.0,31.3,2.09,0.262,0.096,2.37,,,Ⅱ
2022-12-15T16:00:00+08:00,1671091200,8.7,7.42,9.76,432.4,54.3,1.6,0.263,0.104,2.3,,,Ⅲ
2022-12-15T20:00:00+08:00,1671105600,8.6,7.4,9.84,428.2,39.6,1.87,0.227,0.098,2.27,,,Ⅱ
2022-12-16T04:00:00+08:00,1671134400,8.6,7.39,9.7,395.6,40.6,1.96,0.203,0.092,2.24,,,Ⅱ
2022-12-16T08:00:00+08:00,1671148800,8.6,7.4,9.65,400.8,39.4,1.98,0.186,0.094,2.28,,,Ⅱ
2022-12-16T12:00:00+08:00,1671163200,8.6,7.33,10.08,494.6,47.9,2.36,0.234,0.107,2.27,,,Ⅲ
2022-12-16T16:00:00+08:00,1671177600,8.9,7.4,9.57,461.7,86.8,2.39,0.25,0.11,2.24,,,Ⅲ
2022-12-16T20:00:00+08:00,1671192000,8.6,7.4,9.75,449.0,81.9,2.18,,0.107,2.12,,,
2022-12-17T04:00:00+08:00,1671220800,8.3,7.44,10.05,460.1,50.4,1.86,0.198,0.095,2.41,,,Ⅱ
2022-12-17T08:00:00+08:00,1671235200,7.7,7.48,10.38,466.0,74.1,2.48,0.203,0.105,2.08,,,Ⅲ
2022-12-17T12:00:00+08:00,1671249600,7.9,7.47,10.41,443.6,59.7,2.49,0.227,0.104,2.22,,,Ⅲ
2022-12-17T16:00:00+08:00,1671264000,7.6,7.55,11.03,429.4,79.2,2.27,0.189,0.102,1.94,,,Ⅲ
2022-12-17T20:00:00+08:00,1671278400,7.2,7.56,11.07,444.2,68.9,2.33,0.212,0.101,2.1,,,Ⅲ
2022-12-18T04:00:00+08:00,1671307200,5.8,7.6,11.46,450.6,49.6,2.11,0.168,0.095,1.95,,,Ⅱ
2022-12-18T12:00:00+08:00,1671336000,5.7,7.63,11.89,422.9,65.2,1.97,0.188,0.094,1.84,,,Ⅱ
2022-12-18T16:00:00+08:00,1671350400,5.8,7.66,11.82,420.6,80.2,1.77,0.179,0.097,1.74,,,Ⅱ
2022-12-18T20:00:00+08:00,1671364800,5.5,7.63,11.9,416.7,75.7,1.86,0.173,0.099,1.75,,,Ⅱ
2022-12-19T04:00:00+08:00,1671393600,5.1,7.62,11.9,419.8,62.6,2.06,0.168,0.094,1.78,,,Ⅱ
2022-12-19T08:00:00+08:00,1671408000,4.8,7.65,11.98,424.2,52.4,2.22,0.166,0.091,1.86,,,Ⅱ
2022-12-19T12:00:00+08:00,1671422400,5.4,7.65,11.82,438.9,36.3,2.16,0.345,0.101,2.22,,,Ⅲ
2022-12-19T16:00:00+08:00,1671436800,5.4,7.63,11.76,453.1,32.1,1.83,0.179,0.086,2.02,,,Ⅱ
2022-12-19T20:00:00+08:00,1671451200,5.2,7.64,11.7,459.2,31.7,2.08,0.166,0.084,2.03,,,Ⅱ
2022-12-20T04:00:00+08:00,1671480000,4.8,7.61,11.84,446.7,35.9,1.82,0.157,0.081,2.02,,,Ⅱ
2022-12-20T08:00:00+08:00,1671494400,4.7,7.62,11.95,440.2,37.2,1.82,0.157,0.081,2.02,,,Ⅱ
2022-12-20T12:00:00+08:00,1671508800,5.4,7.61,11.86,440.9,37.0,1.88,0.198,0.09,2.15,,,Ⅱ
2022-12-20T16:00:00+08:00,1671523200,5.5,7.61,11.67,434.4,40.6,2.01,0.193,0.087,2.14,,,Ⅱ
2022-12-20T20:00:00+08:00,1671537600,5.4,7.58,11.54,433.9,61.9,2.26,0.204,0.095,2.05,,,Ⅱ
2022-12-21T04:00:00+08:00,1671566400,5.8,7.56,11.36,476.5,45.2,2.08,0.181,0.084,2.14,,,Ⅱ
2022-12-21T08:00:00+08:00,1671580800,5.8,7.61,11.4,447.0,40.6,2.6,0.166,0.085,2.24,,,Ⅱ
2022-12-21T12:00:00+08:00,1671595200,6.1,7.57,11.53,436.9,67.7,2.03,0.183,0.087,2.1,,,Ⅱ
2022-12-21T20:00:00+08:00,1671624000,6.1,7.54,11.3,502.6,34.9,2.41,0.166,0.08,2.22,,,Ⅱ
2022-12-22T04:00:00+08:00,1671652800,5.9,7.54,11.33,457.7,50.3,1.92,0.226,0.084,2.32,,,Ⅱ
2022-12-22T08:00:00+08:00,1671667200,5.9,7.5,11.13,498.6,77.0,2.23,0.257,0.102,2.35,,,Ⅲ
2022-12-22T12:00:00+08:00,1671681600,6.4,7.51,11.18,491.9,86.2,2.55,0.248,0.106,2.38,,,Ⅲ
2022-12-22T16:00:00+08:00,1671696000,6.6,7.52,11.04,459.6,103.5,2.15,0.242,0.11,2.27,,,Ⅲ
2022-12-22T20:00:00+08:00,1671710400,6.2,7.53,11.25,444.2,86.7,1.99,0.206,0.1,2.17,,,Ⅱ
2022-12-23T04:00:00+08:00,1671739200,5.3,7.55,11.65,471.6,58.4,1.98,0.199,0.09,2.37,,,Ⅱ
2022-12-23T08:00:00+08:00,1671753600,4.8,7.57,11.98,447.6,51.1,2.1,0.166,0.09,2.14,,,Ⅱ
2022-12-23T12:00:00+08:00,1671768000,5.6,8.06,11.08,386.1,36.2,2.21,0.181,0.077,2.27,,,Ⅱ
2022-12-23T20:00:00+08:00,1671796800,5.3,7.46,10.94,381.4,47.6,2.1,0.194,0.092,2.23,,,Ⅱ
2022-12-24T04:00:00+08:00,1671825600,4.8,7.47,11.26,384.5,46.9,2.54,0.159,0.09,2.49,,,Ⅱ
2022-12-24T08:00:00+08:00,1671840000,4.4,7.49,11.25,387.8,37.0,2.53,0.149,0.091,2.44,,,Ⅱ
2022-12-24T16:00:00+08:00,1671868800,5.4,7.45,10.82,412.8,43.9,2.19,0.179,0.095,2.26,,,Ⅱ
2022-12-24T20:00:00+08:00,1671883200,4.9,7.44,10.92,422.9,23.3,2.07,0.156,0.085,2.37,,,Ⅱ
2022-12-25T00:00:00+08:00,1671897600,4.8,7.47,10.98,405.8,29.8,2.42,0.191,0.091,2.4,,,Ⅱ
2022-12-25T08:00:00+08:00,1671926400,4.0,7.51,11.21,405.6,43.9,2.32,0.19,0.097,2.26,,,Ⅱ
2022-12-25T16:00:00+08:00,1671955200,5.0,7.45,10.93,442.4,22.3,2.04,0.157,0.074,2.3,,,Ⅱ
2022-12-25T20:00:00+08:00,1671969600,5.0,7.43,10.9,445.5,26.9,2.34,0.171,0.083,2.32,,,Ⅱ
2022-12-26T00:00:00+08:00,1671984000,4.5,7.44,11.07,435.4,35.9,2.21,0.165,0.085,2.18,,,Ⅱ
2022-12-26T04:00:00+08:00,1671998400,4.4,7.44,11.15,406.7,32.0,2.3,0.159,0.085,2.18,,,Ⅱ
2022-12-26T08:00:00+08:00,1672012800,4.5,7.43,11.1,404.7,32.8,2.14,0.159,0.082,2.2,,,Ⅱ
2022-12-26T12:00:00+08:00,1672027200,4.9,7.43,10.99,407.0,35.0,2.59,0.209,0.097,2.31,,,Ⅱ
2022-12-26T16:00:00+08:00,1672041600,5.0,7.45,10.83,406.6,38.4,2.18,0.187,0.091,2.24,,,Ⅱ
2022-12-26T20:00:00+08:00,1672056000,4.9,7.43,10.79,419.2,51.5,2.25,0.221,0.093,2.26,,,Ⅱ
2022-12-27T00:00:00+08:00,1672070400,5.0,7.44,10.66,468.7,38.0,2.15,0.235,0.094,2.48,,,Ⅱ
2022-12-27T04:00:00+08:00,1672084800,5.0,7.45,10.59,451.1,31.5,2.07,0.22,0.087,2.54,,,Ⅱ
2022-12-27T08:00:00+08:00,1672099200,4.9,7.47,10.57,441.8,21.4,2.34,0.218,0.087,2.66,,,Ⅱ
2022-12-27T12:00:00+08:00,1672113600,5.6,7.48,10.46,445.6,28.6,2.77,0.239,0.101,2.74,,,Ⅲ
2022-12-27T16:00:00+08:00,1672128000,6.1,7.46,10.16,458.2,31.9,2.07,0.242,0.097,2.81,,,Ⅱ
2022-12-27T20:00:00+08:00,1672142400,6.1,7.43,10.03,496.8,27.8,2.03,0.25,0.097,2.89,,,Ⅱ
2022-12-28T00:00:00+08:00,1672156800,6.2,7.4,9.95,496.6,28.6,2.12,0.261,0.099,3.01,,,Ⅱ
2022-12-28T04:00:00+08:00,1672171200,6.2,7.38,9.93,472.3,40.9,2.06,0.261,0.097,2.86,,,Ⅱ
2022-12-28T08:00:00+08:00,1672185600,6.1,7.38,9.96,479.1,30.9,2.48,0.263,0.095,2.97,,,Ⅱ
2022-12-28T12:00:00+08:00,1672200000,6.2,7.35,9.9,487.9,36.1,2.47,0.309,0.1,3.04,,,Ⅱ
2022-12-28T20:00:00+08:00,1672228800,6.4,7.31,9.75,532.4,39.0,2.37,0.299,0.096,3.11,,,Ⅱ
2022-12-29T00:00:00+08:00,1672243200,6.4,7.31,9.79,513.5,43.0,2.59,0.285,0.1,3.11,,,Ⅱ
2022-12-29T08:00:00+08:00,1672272000,6.0,7.31,9.84,512.2,37.2,2.68,0.256,0.092,3.03,,,Ⅱ
2022-12-29T12:00:00+08:00,1672286400,6.4,7.29,9.85,524.5,32.8,2.54,0.337,0.106,3.2,,,Ⅱ
2022-12-29T16:00:00+08:00,1672300800,6.6,7.29,9.68,550.4,31.8,2.3,,0.1,3.23,,,
2022-12-29T20:00:00+08:00,1672315200,6.5,7.31,9.62,556.4,35.7,2.71,0.291,0.097,3.18,,,Ⅱ
2022-12-30T04:00:00+08:00,1672344000,6.1,7.35,9.99,518.1,43.0,2.68,0.238,0.102,2.85,,,Ⅲ
2022-12-30T08:00:00+08:00,1672358400,6.0,7.32,10.04,506.2,42.2,2.95,0.228,0.102,2.84,,,Ⅲ
2022-12-30T12:00:00+08:00,1672372800,6.4,7.34,9.96,512.9,40.6,2.63,0.342,0.108,3.02,,,Ⅲ
2022-12-30T16:00:00+08:00,1672387200,7.1,7.33,9.76,550.1,75.0,2.34,0.304,0.124,2.95,,,Ⅲ
2022-12-30T20:00:00+08:00,1672401600,6.8,7.34,9.62,572.5,45.6,2.89,0.334,0.107,3.29,,,Ⅲ
2022-12-31T04:00:00+08:00,1672430400,6.0,7.33,10.14,528.7,33.9,2.8,0.254,0.103,2.84,,,Ⅲ
2022-12-31T08:00:00+08:00,1672444800,5.6,7.32,10.21,516.8,28.0,3.21,0.243,0.103,2.9,,,Ⅲ
2022-12-31T12:00:00+08:00,1672459200,6.7,7.4,10.43,515.0,34.6,2.4,0.251,0.102,3.01,,,Ⅲ
2022-12-31T16:00:00+08:00,1672473600,6.8,7.37,10.09,533.2,46.9,3.19,0.268,0.117,3.0,,,Ⅲ
2022-12-31T20:00:00+08:00,1672488000,6.4,7.35,10.15,525.0,51.7,2.76,0.242,0.107,2.86,,,Ⅲ
2023-01-01T04:00:00+08:00,1672516800,6.2,7.34,10.34,558.9,33.5,2.92,0.213,0.095,2.74,,,Ⅱ
2023-01-01T08:00:00+08:00,1672531200,6.3,7.42,10.39,532.4,26.8,3.05,0.205,0.097,2.82,,,Ⅱ
2023-01-01T12:00:00+08:00,1672545600,6.7,7.42,10.39,511.9,26.8,2.75,0.201,0.087,2.84,,,Ⅱ
2023-01-01T16:00:00+08:00,1672560000,6.6,7.39,10.27,512.7,41.2,2.54,0.215,0.097,2.81,,,Ⅱ
2023-01-01T20:00:00+08:00,1672574400,6.5,7.37,10.17,519.9,44.6,2.84,0.22,0.103,2.88,,,Ⅲ
2023-01-02T04:00:00+08:00,1672603200,6.6,7.34,10.13,577.1,33.3,2.67,0.221,0.097,2.96,,,Ⅱ
2023-01-02T08:00:00+08:00,1672617600,6.6,7.38,10.16,565.8,25.3,2.91,0.206,0.094,3.0,,,Ⅱ
2023-01-02T12:00:00+08:00,1672632000,6.7,7.45,10.31,525.1,21.9,2.97,0.228,0.098,2.97,,,Ⅱ
2023-01-02T16:00:00+08:00,1672646400,7.0,7.38,10.1,519.7,28.6,2.8,0.275,0.114,3.11,,,Ⅲ
2023-01-02T20:00:00+08:00,1672660800,7.0,7.36,9.96,529.4,42.3,3.08,0.294,0.11,3.08,,,Ⅲ
2023-01-03T00:00:00+08:00,1672675200,6.9,7.29,9.93,507.8,44.3,3.07,0.229,0.116,2.92,,,Ⅲ
2023-01-03T04:00:00+08:00,1672689600,7.0,7.33,10.0,558.6,33.9,3.0,0.243,0.102,3.08,,,Ⅲ
2023-01-03T08:00:00+08:00,1672704000,6.9,7.31,9.79,576.8,28.2,2.88,0.267,0.106,3.2,,,Ⅲ
2023-01-03T16:00:00+08:00,1672732800,8.1,7.33,9.81,524.0,36.0,3.01,0.25,0.106,3.1,,,Ⅲ
2023-01-03T20:00:00+08:00,1672747200,7.4,7.31,9.95,501.8,50.3,2.85,0.182,0.101,2.75,,,Ⅲ
2023-01-04T04:00:00+08:00,1672776000,6.8,7.3,10.0,534.8,33.5,2.7,0.166,0.091,2.73,,,Ⅱ
2023-01-04T08:00:00+08:00,1672790400,6.7,7.32,10.19,554.7,31.2,3.03,0.171,0.088,2.71,,,Ⅱ
2023-01-04T12:00:00+08:00,1672804800,7.6,7.34,10.08,555.5,28.3,3.01,0.196,0.091,2.88,,,Ⅱ
2023-01-04T16:00:00+08:00,1672819200,8.3,7.34,9.79,543.7,28.8,2.67,0.219,0.088,2.93,,,Ⅱ
2023-01-04T20:00:00+08:00,1672833600,7.6,7.35,9.91,541.1,29.8,2.85,0.215,0.092,2.99,,,Ⅱ
2023-01-05T04:00:00+08:00,1672862400,7.6,7.32,10.0,539.9,48.8,2.88,0.186,0.096,2.76,,,Ⅱ
2023-01-05T08:00:00+08:00,1672876800,7.5,7.33,9.88,533.6,34.2,3.15,0.237,0.094,3.86,,,Ⅱ
2023-01-05T12:00:00+08:00,1672891200,8.2,7.37,9.94,516.6,31.4,2.96,0.299,0.1,3.33,,,Ⅱ
2023-01-05T16:00:00+08:00,1672905600,8.5,7.32,9.67,501.6,37.6,2.64,0.22,0.098,3.07,,,Ⅱ
2023-01-05T20:00:00+08:00,1672920000,8.5,7.31,9.57,501.1,47.8,2.77,0.272,0.101,3.11,,,Ⅲ
2023-01-06T00:00:00+08:00,1672934400,8.5,7.31,9.43,519.7,54.0,2.63,0.254,0.102,3.02,,,Ⅲ
2023-01-06T04:00:00+08:00,1672948800,8.4,7.34,9.69,507.2,52.7,2.54,0.219,0.097,2.99,,,Ⅱ
2023-01-06T08:00:00+08:00,1672963200,8.2,7.32,9.65,534.1,46.6,3.14,0.241,,3.2,,,
2023-01-06T12:00:00+08:00,1672977600,8.6,7.32,9.69,598.4,26.4,3.14,0.314,0.12,3.48,,,Ⅲ
2023-01-06T16:00:00+08:00,1672992000,8.8,7.33,9.66,601.5,28.7,2.84,0.313,0.107,3.56,,,Ⅲ
2023-01-06T20:00:00+08:00,1673006400,8.7,7.32,9.31,629.6,25.0,2.77,0.3,0.108,3.48,,,Ⅲ
2023-01-07T00:00:00+08:00,1673020800,8.6,7.34,9.42,605.8,43.7,2.5,0.325,0.112,3.48,,,Ⅲ
2023-01-07T04:00:00+08:00,1673035200,8.6,7.3,9.25,592.0,36.9,2.78,0.321,0.113,3.41,,,Ⅲ
2023-01-07T08:00:00+08:00,1673049600,8.4,7.3,9.27,581.3,29.3,2.78,0.321,0.113,3.41,,,Ⅲ
2023-01-07T12:00:00+08:00,1673064000,8.6,7.34,9.62,594.6,29.4,2.74,0.363,0.122,3.56,,,Ⅲ
2023-01-07T16:00:00+08:00,1673078400,9.2,7.34,9.47,599.0,32.3,3.28,0.334,0.119,3.58,,,Ⅲ
2023-01-07T20:00:00+08:00,1673092800,8.8,7.32,9.49,589.6,40.7,2.4,0.254,0.114,3.21,,,Ⅲ
2023-01-08T00:00:00+08:00,1673107200,8.6,7.35,9.69,563.2,35.6,2.74,0.203,0.109,3.06,,,Ⅲ
2023-01-08T04:00:00+08:00,1673121600,8.6,7.32,9.6,551.8,30.9,2.9,0.196,0.104,2.97,,,Ⅲ
2023-01-08T08:00:00+08:00,1673136000,8.6,7.3,9.53,557.5,42.8,3.42,0.209,0.106,2.97,,,Ⅲ
2023-01-08T12:00:00+08:00,1673150400,9.4,7.38,10.17,544.8,40.4,3.0,0.185,0.11,3.01,,,Ⅲ
2023-01-08T16:00:00+08:00,1673164800,10.0,7.4,9.74,549.7,44.2,2.98,0.207,0.107,3.05,,,Ⅲ
2023-01-08T20:00:00+08:00,1673179200,9.4,7.38,9.55,567.0,41.3,2.89,0.22,0.108,3.19,,,Ⅲ
2023-01-09T00:00:00+08:00,1673193600,9.1,7.36,9.5,568.3,38.0,2.74,0.213,0.1,3.06,,,Ⅱ
2023-01-09T04:00:00+08:00,1673208000,8.9,7.33,9.48,598.7,37.4,2.65,0.244,0.1,3.2,,,Ⅱ
2023-01-09T08:00:00+08:00,1673222400,8.7,7.29,9.32,592.4,34.6,2.86,0.275,0.109,3.31,,,Ⅲ
2023-01-09T12:00:00+08:00,1673236800,9.6,7.3,9.33,593.1,49.4,3.01,0.31,0.118,3.32,,,Ⅲ
2023-01-09T16:00:00+08:00,1673251200,10.0,7.27,9.1,634.6,41.7,2.73,0.31,0.112,3.52,,,Ⅲ
2023-01-09T20:00:00+08:00,1673265600,9.8,7.2,9.04,649.6,48.0,3.01,0.317,0.114,3.53,,,Ⅲ
2023-01-10T00:00:00+08:00,1673280000,9.8,7.22,8.94,620.1,64.6,2.97,0.353,0.116,3.51,,,Ⅲ
2023-01-10T04:00:00+08:00,1673294400,9.6,7.21,8.74,620.6,53.1,2.49,0.3,0.11,3.42,,,Ⅲ
2023-01-10T08:00:00+08:00,1673308800,9.4,7.2,8.56,635.5,49.8,3.06,0.312,0.116,3.49,,,Ⅲ
2023-01-10T12:00:00+08:00,1673323200,10.6,7.21,8.79,636.2,45.4,3.36,0.363,0.137,3.55,,,Ⅲ
2023-01-10T16:00:00+08:00,1673337600,10.8,7.26,8.99,623.1,35.8,2.98,0.26,0.112,3.39,,,Ⅲ
2023-01-10T20:00:00+08:00,1673352000,10.1,7.32,9.16,605.0,47.5,3.02,0.229,0.103,3.21,,,Ⅲ
2023-01-11T00:00:00+08:00,1673366400,9.9,7.36,9.29,562.2,46.8,2.91,0.169,0.102,2.89,,,Ⅲ
2023-01-11T04:00:00+08:00,1673380800,9.7,7.36,9.21,562.2,66.2,3.09,0.188,0.111,2.81,,,Ⅲ
2023-01-11T08:00:00+08:00,1673395200,9.4,7.35,9.18,537.3,57.0,3.44,0.165,0.106,2.68,,,Ⅲ
2023-01-11T12:00:00+08:00,1673409600,10.4,7.35,9.0,552.6,42.5,3.4,0.307,0.125,3.1,,,Ⅲ
2023-01-11T16:00:00+08:00,1673424000,10.7,7.3,9.12,599.1,40.3,2.62,0.203,0.102,3.05,,,Ⅲ
2023-01-11T20:00:00+08:00,1673438400,10.5,7.29,9.12,659.4,41.9,2.55,0.212,0.099,3.13,,,Ⅱ
2023-01-12T00:00:00+08:00,1673452800,10.4,7.27,8.71,666.4,46.2,2.5,0.304,0.1,3.27,,,Ⅱ
2023-01-12T04:00:00+08:00,1673467200,10.4,7.23,8.73,672.2,61.0,2.61,0.257,0.104,3.15,,,Ⅲ
2023-01-12T08:00:00+08:00,1673481600,10.5,7.22,8.83,678.0,46.8,2.81,0.256,0.104,3.31,,,Ⅲ
2023-01-12T12:00:00+08:00,1673496000,11.4,7.26,8.87,667.7,50.0,2.82,0.24,0.107,3.24,,,Ⅲ
2023-01-12T16:00:00+08:00,1673510400,11.8,7.26,8.72,655.7,61.0,2.77,0.212,0.102,3.15,,,Ⅲ
2023-01-12T20:00:00+08:00,1673524800,11.8,7.22,8.46,671.9,60.5,2.36,0.223,0.1,3.2,,,Ⅱ
2023-01-13T00:00:00+08:00,1673539200,12.1,7.18,8.33,630.1,53.7,2.73,0.298,0.109,3.62,,,Ⅲ
2023-01-13T04:00:00+08:00,1673553600,12.4,7.19,8.34,606.6,53.3,,0.261,0.097,3.42,,,
2023-01-13T08:00:00+08:00,1673568000,12.1,7.17,8.16,636.2,56.3,,0.256,0.096,3.34,,,
2023-01-13T12:00:00+08:00,1673582400,12.2,7.18,8.15,651.2,54.0,,0.265,0.099,3.38,,,
2023-01-13T16:00:00+08:00,1673596800,12.3,7.43,8.2,501.9,42.3,2.76,0.328,0.107,3.21,,,Ⅲ
2023-01-13T20:00:00+08:00,1673611200,12.5,7.39,8.07,498.3,50.6,2.96,0.266,0.1,3.04,,,Ⅱ
2023-01-14T00:00:00+08:00,1673625600,12.5,7.38,7.89,497.8,63.1,2.39,0.252,0.105,2.94,,,Ⅲ
2023-01-14T04:00:00+08:00,1673640000,12.5,7.35,7.8,494.7,55.7,2.81,0.263,0.102,2.98,,,Ⅲ
2023-01-14T08:00:00+08:00,1673654400,12.4,7.31,7.94,488.4,51.2,3.21,0.264,0.101,2.89,,,Ⅲ
2023-01-14T16:00:00+08:00,1673683200,11.7,7.36,8.55,450.1,50.9,,0.361,0.114,3.01,,,
2023-01-14T20:00:00+08:00,1673697600,11.3,7.4,8.59,456.0,59.2,3.23,0.258,0.109,2.85,,,Ⅲ
2023-01-15T00:00:00+08:00,1673712000,10.8,7.39,8.57,469.4,47.8,3.22,0.254,0.105,2.91,,,Ⅲ
2023-01-15T04:00:00+08:00,1673726400,10.4,7.43,8.56,447.7,54.9,3.28,0.254,0.108,2.73,,,Ⅲ
2023-01-15T08:00:00+08:00,1673740800,9.9,7.45,8.52,416.4,33.8,3.81,0.227,0.107,2.58,,,Ⅲ
2023-01-15T12:00:00+08:00,1673755200,9.7,7.57,9.03,398.2,36.4,3.72,0.196,0.103,2.35,,,Ⅲ
2023-01-15T16:00:00+08:00,1673769600,9.3,7.55,9.34,416.5,44.2,3.6,0.206,0.101,2.56,,,Ⅲ
2023-01-15T20:00:00+08:00,1673784000,8.7,7.5,9.21,430.2,44.3,3.12,0.222,0.112,2.6,,,Ⅲ
2023-01-16T12:00:00+08:00,1673841600,8.1,7.54,9.93,460.6,39.4,3.97,0.234,0.107,2.74,,,Ⅲ
2023-01-16T16:00:00+08:00,1673856000,8.3,7.61,10.03,471.0,46.7,3.85,0.267,0.113,3.04,,,Ⅲ
2023-01-16T20:00:00+08:00,1673870400,7.3,7.58,10.03,459.0,52.5,3.55,0.256,0.116,2.82,,,Ⅲ
2023-01-17T00:00:00+08:00,1673884800,7.0,7.57,10.03,461.8,48.6,3.86,0.257,0.119,2.9,,,Ⅲ
2023-01-17T04:00:00+08:00,1673899200,6.7,7.54,9.88,481.2,37.9,3.62,0.27,0.107,3.0,,,Ⅲ
2023-01-17T08:00:00+08:00,1673913600,6.4,7.53,9.71,486.7,34.7,3.87,0.296,0.109,3.09,,,Ⅲ
2023-01-17T12:00:00+08:00,1673928000,7.3,7.54,9.77,485.0,37.5,3.93,0.377,0.115,3.22,,,Ⅲ
2023-01-17T16:00:00+08:00,1673942400,7.6,7.53,9.72,476.8,39.5,3.42,0.319,0.1,3.19,,,Ⅱ
2023-01-17T20:00:00+08:00,1673956800,7.4,7.51,9.7,475.6,56.6,3.26,0.326,0.106,3.16,,,Ⅲ
2023-01-18T00:00:00+08:00,1673971200,7.3,7.5,9.62,479.3,64.0,3.29,0.339,0.117,3.22,,,Ⅲ
2023-01-18T04:00:00+08:00,1673985600,6.9,7.48,9.57,482.4,50.1,3.18,0.331,0.112,3.22,,,Ⅲ
2023-01-18T08:00:00+08:00,1674000000,6.7,7.45,9.35,490.6,40.7,3.48,0.318,0.11,3.23,,,Ⅲ
2023-01-18T12:00:00+08:00,1674014400,7.5,7.49,9.7,635.5,31.6,3.49,0.298,0.101,3.24,,,Ⅲ
2023-01-18T16:00:00+08:00,1674028800,7.9,7.53,9.71,612.1,40.1,3.21,0.295,0.107,3.2,,,Ⅲ
2023-01-18T20:00:00+08:00,1674043200,7.6,7.53,9.75,611.7,42.6,3.37,0.293,0.106,3.22,,,Ⅲ
2023-01-19T00:00:00+08:00,1674057600,7.3,7.55,9.88,611.7,45.1,3.37,0.294,0.109,3.23,,,Ⅲ
2023-01-19T04:00:00+08:00,1674072000,6.9,7.53,9.77,622.4,47.2,3.07,0.307,0.11,3.26,,,Ⅲ
2023-01-28T08:00:00+08:00,1674864000,4.4,7.66,11.34,521.0,26.5,3.18,0.247,0.104,3.06,,,Ⅲ
2023-01-28T12:00:00+08:00,1674878400,5.4,7.68,11.52,508.3,24.4,3.15,0.23,0.101,2.72,,,Ⅲ
2023-01-28T20:00:00+08:00,1674907200,5.4,7.73,11.67,493.8,34.5,3.18,0.19,0.1,3.0,,,Ⅱ
2023-01-29T04:00:00+08:00,1674936000,5.0,7.65,11.41,501.7,31.8,3.32,0.21,0.109,2.67,,,Ⅲ
2023-01-29T08:00:00+08:00,1674950400,4.5,7.62,11.33,522.0,24.2,3.47,0.215,0.101,2.71,,,Ⅲ
2023-01-29T12:00:00+08:00,1674964800,5.8,7.67,11.6,516.9,21.3,3.08,0.206,0.099,2.72,,,Ⅱ
2023-01-29T16:00:00+08:00,1674979200,6.6,7.7,11.4,501.3,28.1,2.95,0.201,0.097,2.7,,,Ⅱ
2023-01-29T20:00:00+08:00,1674993600,6.1,7.66,11.2,495.0,34.1,3.01,0.204,0.102,2.88,,,Ⅲ
2023-01-30T00:00:00+08:00,1675008000,5.9,7.66,11.26,488.8,33.6,2.92,0.216,0.097,2.33,,,Ⅱ
2023-01-30T08:00:00+08:00,1675036800,5.2,7.61,11.07,508.9,29.1,3.0,0.223,0.095,0.12,,,Ⅱ
2023-01-30T12:00:00+08:00,1675051200,6.4,7.62,11.43,527.9,26.6,3.36,0.269,0.11,3.01,,,Ⅲ
2023-01-30T16:00:00+08:00,1675065600,6.8,7.61,11.07,525.3,42.2,2.58,0.257,0.111,2.82,,,Ⅲ
2023-01-30T20:00:00+08:00,1675080000,6.2,7.61,11.0,522.9,40.0,3.05,0.247,0.103,3.0,,,Ⅲ
2023-01-31T00:00:00+08:00,1675094400,5.9,7.69,11.42,513.7,35.3,2.86,0.211,0.097,2.75,,,Ⅱ
2023-01-31T04:00:00+08:00,1675108800,5.9,7.74,11.36,528.9,30.6,2.74,0.177,0.094,2.72,,,Ⅱ
2023-01-31T08:00:00+08:00,1675123200,6.2,7.6,11.01,498.2,29.1,3.3,0.223,0.1,2.76,,,Ⅱ
2023-01-31T16:00:00+08:00,1675152000,8.1,7.64,11.16,490.2,31.1,3.31,0.197,0.104,2.81,,,Ⅲ
2023-01-31T20:00:00+08:00,1675166400,7.5,7.59,10.7,490.7,35.4,3.01,0.217,0.102,2.8,,,Ⅲ
2023-02-01T00:00:00+08:00,1675180800,7.0,7.54,10.67,512.5,38.2,3.09,0.203,0.097,2.74,,,Ⅱ
2023-02-01T08:00:00+08:00,1675209600,7.1,7.56,10.85,489.8,31.3,2.83,0.183,0.101,2.95,,,Ⅲ
2023-02-01T12:00:00+08:00,1675224000,8.3,7.59,11.02,501.6,72.8,2.67,0.193,0.115,2.55,,,Ⅲ
2023-02-01T16:00:00+08:00,1675238400,8.6,7.6,10.56,529.3,103.6,2.61,0.19,0.11,2.52,,,Ⅲ
2023-02-01T20:00:00+08:00,1675252800,8.3,7.56,10.4,507.0,55.1,2.45,0.188,0.101,2.6,,,Ⅲ
2023-02-02T04:00:00+08:00,1675281600,7.4,7.62,10.85,504.4,41.1,3.21,0.156,0.1,2.72,,,Ⅱ
2023-02-02T08:00:00+08:00,1675296000,7.0,7.59,10.7,509.9,44.3,3.03,0.163,0.097,2.67,,,Ⅱ
2023-02-02T16:00:00+08:00,1675324800,7.2,7.59,10.86,580.6,26.8,3.41,0.144,0.09,2.52,,,Ⅱ
2023-02-02T20:00:00+08:00,1675339200,7.2,7.58,10.65,573.0,41.9,3.38,0.169,0.104,2.61,,,Ⅲ
2023-02-03T00:00:00+08:00,1675353600,7.1,7.56,10.57,566.2,35.6,3.09,0.174,0.098,2.59,,,Ⅱ
2023-02-03T08:00:00+08:00,1675382400,7.0,7.55,10.4,571.5,24.2,3.47,0.159,0.095,3.08,,,Ⅱ
2023-02-03T12:00:00+08:00,1675396800,7.8,7.59,10.78,589.0,25.6,,0.404,0.111,2.89,,,
2023-02-03T16:00:00+08:00,1675411200,8.2,7.58,10.57,616.0,26.7,3.63,0.211,0.102,3.06,,,Ⅲ
2023-02-03T20:00:00+08:00,1675425600,7.9,7.57,10.46,600.9,33.6,3.26,0.231,0.101,2.97,,,Ⅲ
2023-02-04T04:00:00+08:00,1675454400,7.4,7.58,10.53,578.7,43.5,3.01,0.189,0.107,2.77,,,Ⅲ
2023-02-04T08:00:00+08:00,1675468800,7.2,7.53,10.35,584.2,30.7,3.28,0.195,0.103,3.1,,,Ⅲ
2023-02-04T12:00:00+08:00,1675483200,8.1,7.54,10.48,603.0,41.9,3.67,0.284,0.107,3.04,,,Ⅲ
2023-02-04T16:00:00+08:00,1675497600,8.6,7.58,10.48,599.3,25.9,2.97,0.175,0.09,2.88,,,Ⅱ
2023-02-04T20:00:00+08:00,1675512000,8.2,7.57,10.36,583.2,35.8,2.68,0.194,0.096,2.8,,,Ⅱ
2023-02-05T04:00:00+08:00,1675540800,8.0,7.58,10.55,567.0,56.5,2.81,0.19,0.1,2.76,,,Ⅱ
2023-02-05T08:00:00+08:00,1675555200,7.9,7.57,10.38,562.8,47.6,3.54,0.173,0.109,2.61,,,Ⅲ
2023-02-05T12:00:00+08:00,1675569600,8.0,7.58,10.3,562.7,38.5,3.16,0.146,0.094,3.1,,,Ⅱ
2023-02-05T16:00:00+08:00,1675584000,8.1,7.55,10.27,592.7,36.4,2.74,0.18,0.108,2.88,,,Ⅲ
2023-02-05T20:00:00+08:00,1675598400,8.0,7.53,10.12,599.6,38.3,2.63,0.172,0.095,2.6,,,Ⅱ
2023-02-06T04:00:00+08:00,1675627200,8.3,7.48,9.94,567.9,34.9,2.84,0.185,0.092,2.87,,,Ⅱ
2023-02-06T08:00:00+08:00,1675641600,8.4,7.47,9.8,566.3,33.8,2.73,0.19,0.103,3.03,,,Ⅲ
2023-02-06T12:00:00+08:00,1675656000,8.5,7.42,9.78,578.7,35.2,2.91,0.229,0.099,2.93,,,Ⅱ
2023-02-06T16:00:00+08:00,1675670400,8.6,7.44,9.89,578.0,33.5,2.59,0.223,0.101,3.38,,,Ⅲ
2023-02-06T20:00:00+08:00,1675684800,8.6,7.39,9.77,570.0,38.5,2.92,0.225,0.102,3.6,,,Ⅲ
2023-02-07T04:00:00+08:00,1675713600,8.6,7.37,9.62,580.5,38.0,3.09,0.218,0.102,3.46,,,Ⅲ
2023-02-07T08:00:00+08:00,1675728000,8.6,7.37,9.54,588.1,42.0,3.08,0.211,0.105,3.5,,,Ⅲ
2023-02-07T12:00:00+08:00,1675742400,8.6,7.39,9.61,570.7,37.7,2.9,0.207,0.107,,,,Ⅲ
2023-02-07T16:00:00+08:00,1675756800,9.1,7.36,9.17,564.2,40.0,2.75,0.317,0.121,2.74,,,Ⅲ
2023-02-07T20:00:00+08:00,1675771200,9.0,7.37,9.04,562.7,45.4,2.91,0.231,0.116,2.62,,,Ⅲ
2023-02-08T04:00:00+08:00,1675800000,8.7,7.35,8.91,578.2,71.5,2.69,0.21,0.114,2.47,,,Ⅲ
2023-02-08T08:00:00+08:00,1675814400,8.6,7.36,9.01,588.4,67.1,2.86,0.202,0.12,2.46,,,Ⅲ
2023-02-08T12:00:00+08:00,1675828800,8.7,7.37,9.07,569.6,103.9,2.92,0.216,0.131,2.3,,,Ⅲ
2023-02-08T16:00:00+08:00,1675843200,8.9,7.37,8.94,565.1,58.2,2.63,0.181,0.104,2.51,,,Ⅲ
2023-02-08T20:00:00+08:00,1675857600,8.8,7.41,9.25,552.8,62.8,2.62,0.168,0.106,2.39,,,Ⅲ
2023-02-09T04:00:00+08:00,1675886400,8.7,7.34,9.06,562.7,73.0,2.53,0.18,0.1,2.34,,,Ⅱ
2023-02-09T12:00:00+08:00,1675915200,8.8,7.35,8.86,566.6,57.1,2.74,0.17,0.103,,,,Ⅲ
2023-02-09T16:00:00+08:00,1675929600,9.0,7.26,8.87,517.3,74.7,2.72,0.252,0.114,2.68,,,Ⅲ
2023-02-09T20:00:00+08:00,1675944000,9.0,7.25,8.62,529.5,55.0,2.82,0.217,0.098,2.62,,,Ⅱ
2023-02-10T04:00:00+08:00,1675972800,8.9,7.28,8.6,557.0,56.9,2.4,0.21,0.103,2.52,,,Ⅲ
2023-02-10T08:00:00+08:00,1675987200,8.9,7.28,8.61,565.2,53.8,2.8,0.221,0.102,2.62,,,Ⅲ
2023-02-10T12:00:00+08:00,1676001600,9.0,7.25,8.57,550.2,86.4,3.61,0.248,0.121,2.47,,,Ⅲ
2023-02-10T16:00:00+08:00,1676016000,9.0,7.27,8.67,545.6,66.5,2.52,0.22,0.103,2.5,,,Ⅲ
2023-02-10T20:00:00+08:00,1676030400,8.9,7.3,8.69,537.4,78.8,2.48,0.216,0.114,2.41,,,Ⅲ
2023-02-11T04:00:00+08:00,1676059200,8.6,7.24,8.82,462.9,90.8,2.72,0.259,0.116,2.16,,,Ⅲ
2023-02-11T08:00:00+08:00,1676073600,8.6,7.29,8.74,528.9,70.2,3.27,0.199,0.107,2.32,,,Ⅲ
2023-02-11T12:00:00+08:00,1676088000,8.8,7.27,8.61,542.3,65.4,3.1,0.208,0.098,2.51,,,Ⅱ
2023-02-11T16:00:00+08:00,1676102400,9.0,7.25,8.45,537.3,69.5,3.69,0.227,0.103,2.63,,,Ⅲ
2023-02-11T20:00:00+08:00,1676116800,9.0,7.26,8.39,538.0,78.2,3.06,0.248,0.103,2.7,,,Ⅲ
2023-02-12T04:00:00+08:00,1676145600,9.1,7.2,8.24,552.1,96.0,2.6,0.27,0.111,2.7,,,Ⅲ
2023-02-12T08:00:00+08:00,1676160000,9.3,7.18,8.46,493.3,72.2,3.12,0.246,0.098,2.57,,,Ⅱ
2023-02-12T12:00:00+08:00,1676174400,9.3,7.86,9.09,401.1,41.3,,0.281,0.101,3.53,,,
2023-02-12T16:00:00+08:00,1676188800,9.6,7.21,8.97,412.8,47.5,3.11,0.305,0.111,3.84,,,Ⅲ
2023-02-12T20:00:00+08:00,1676203200,9.7,7.18,8.71,412.7,45.7,2.63,0.348,0.108,4.31,,,Ⅲ
2023-02-13T04:00:00+08:00,1676232000,9.6,7.13,8.69,402.8,50.7,3.44,0.386,0.124,4.17,,,Ⅲ
2023-02-13T08:00:00+08:00,1676246400,9.4,7.11,8.7,407.9,52.7,3.4,0.39,0.125,5.06,,,Ⅲ
2023-02-13T12:00:00+08:00,1676260800,9.3,7.12,8.69,409.0,47.4,3.85,0.435,0.128,5.43,,,Ⅲ
2023-02-13T20:00:00+08:00,1676289600,8.9,7.11,8.97,412.4,56.0,3.81,0.44,0.121,4.99,,,Ⅲ
2023-02-14T04:00:00+08:00,1676318400,8.6,7.18,9.2,417.9,48.4,3.68,0.34,0.121,4.48,,,Ⅲ
2023-02-14T08:00:00+08:00,1676332800,8.6,7.22,9.25,420.6,45.0,3.66,0.337,0.118,4.3,,,Ⅲ
2023-02-14T12:00:00+08:00,1676347200,9.1,7.22,9.29,419.6,46.2,3.24,0.336,0.118,4.17,,,Ⅲ
2023-02-14T16:00:00+08:00,1676361600,9.5,7.23,9.2,411.0,47.8,3.79,0.326,0.118,4.1,,,Ⅲ
2023-02-14T20:00:00+08:00,1676376000,9.2,7.23,9.05,404.5,57.6,3.24,0.312,0.113,3.99,,,Ⅲ
2023-02-15T04:00:00+08:00,1676404800,8.6,7.2,9.0,413.0,52.9,3.14,0.311,0.112,3.96,,,Ⅲ
2023-02-15T08:00:00+08:00,1676419200,8.5,7.21,8.96,418.9,47.3,3.47,0.334,0.115,4.14,,,Ⅲ
2023-02-15T12:00:00+08:00,1676433600,9.0,7.21,9.15,421.1,57.0,4.22,0.352,0.116,3.91,,,Ⅲ
2023-02-15T16:00:00+08:00,1676448000,9.8,7.19,8.96,409.8,67.2,2.72,0.321,0.117,4.04,,,Ⅲ
2023-02-15T20:00:00+08:00,1676462400,9.4,7.22,8.89,408.0,62.3,2.7,0.326,0.127,3.83,,,Ⅲ
2023-02-16T04:00:00+08:00,1676491200,8.6,7.26,9.14,418.6,59.5,3.21,0.291,0.114,3.64,,,Ⅲ
2023-02-16T08:00:00+08:00,1676505600,8.5,7.24,9.0,417.6,66.0,3.18,0.319,0.118,3.71,,,Ⅲ
2023-02-16T12:00:00+08:00,1676520000,9.2,7.2,8.98,416.8,56.0,3.0,0.334,0.112,3.81,,,Ⅲ
2023-02-16T16:00:00+08:00,1676534400,9.8,7.22,8.89,409.3,85.7,2.83,0.31,0.13,3.71,,,Ⅲ
2023-02-16T20:00:00+08:00,1676548800,9.6,7.22,8.9,407.9,71.0,2.76,0.289,0.113,3.81,,,Ⅲ
2023-02-17T04:00:00+08:00,1676577600,9.2,7.23,8.96,409.6,68.3,2.85,0.289,0.109,3.52,,,Ⅲ
2023-02-17T08:00:00+08:00,1676592000,9.1,7.2,8.74,417.7,63.0,2.76,0.316,0.113,3.64,,,Ⅲ
2023-02-17T12:00:00+08:00,1676606400,9.5,7.17,8.58,425.8,56.3,2.93,0.337,0.1,3.86,,,Ⅱ
2023-02-17T16:00:00+08:00,1676620800,9.9,7.17,8.39,419.6,60.4,2.71,0.329,0.107,3.8,,,Ⅲ
2023-02-17T20:00:00+08:00,1676635200,10.0,7.15,8.37,418.1,70.3,2.42,0.35,0.108,3.82,,,Ⅲ
2023-02-18T04:00:00+08:00,1676664000,10.0,7.12,8.01,427.0,65.3,2.52,0.359,0.106,3.82,,,Ⅲ
2023-02-18T08:00:00+08:00,1676678400,9.8,7.15,8.13,433.5,66.6,3.73,0.334,0.109,3.75,,,Ⅲ
2023-02-18T12:00:00+08:00,1676692800,10.2,7.18,8.44,571.0,52.4,2.82,0.312,0.105,3.66,,,Ⅲ
2023-02-18T16:00:00+08:00,1676707200,10.8,7.16,8.32,558.9,55.3,2.43,0.31,0.109,3.7,,,Ⅲ
2023-02-18T20:00:00+08:00,1676721600,10.8,7.16,8.34,559.6,62.2,3.37,0.306,0.106,3.68,,,Ⅲ
2023-02-19T04:00:00+08:00,1676750400,10.5,7.15,8.12,569.6,51.2,2.73,0.328,0.104,3.67,,,Ⅲ
2023-02-19T08:00:00+08:00,1676764800,10.2,7.18,8.29,573.5,47.3,2.54,0.298,0.103,3.59,,,Ⅲ
2023-02-19T12:00:00+08:00,1676779200,10.7,7.22,8.91,555.3,51.8,2.74,0.247,0.106,3.45,,,Ⅲ
2023-02-19T16:00:00+08:00,1676793600,11.3,7.24,8.78,551.9,46.1,2.56,0.253,0.097,3.44,,,Ⅱ
2023-02-19T20:00:00+08:00,1676808000,11.0,7.21,8.77,552.4,53.5,2.86,0.286,0.1,3.39,,,Ⅱ
2023-02-20T04:00:00+08:00,1676836800,10.1,7.19,8.49,561.9,51.6,2.66,0.324,0.101,3.46,,,Ⅲ
2023-02-20T08:00:00+08:00,1676851200,9.8,7.21,8.53,577.6,46.4,3.48,0.32,0.1,3.48,,,Ⅱ
2023-02-20T12:00:00+08:00,1676865600,10.7,7.2,8.65,566.6,46.9,3.01,0.329,0.105,3.54,,,Ⅲ
2023-02-20T16:00:00+08:00,1676880000,11.6,7.19,8.5,560.9,49.7,2.18,0.322,0.097,3.54,,,Ⅱ
2023-02-20T20:00:00+08:00,1676894400,11.3,7.21,8.46,559.5,52.4,2.31,0.308,0.099,3.51,,,Ⅱ
2023-02-21T00:00:00+08:00,1676908800,10.8,7.21,8.6,554.5,59.0,2.66,0.267,0.098,3.42,,,Ⅱ
2023-02-21T04:00:00+08:00,1676923200,10.3,7.21,8.53,560.1,52.8,3.53,0.284,0.098,3.61,,,Ⅱ
2023-02-21T08:00:00+08:00,1676937600,10.0,7.23,8.67,576.3,66.6,2.4,0.286,0.102,3.35,,,Ⅲ
2023-02-21T12:00:00+08:00,1676952000,10.6,7.25,8.72,576.4,61.6,3.68,0.303,0.118,3.45,,,Ⅲ
2023-02-21T16:00:00+08:00,1676966400,11.1,7.23,8.63,565.5,48.0,2.48,0.273,0.104,3.47,,,Ⅲ
2023-02-21T20:00:00+08:00,1676980800,10.8,7.23,8.76,559.3,55.2,2.8,0.24,0.103,3.36,,,Ⅲ
2023-02-22T00:00:00+08:00,1676995200,10.5,7.29,9.07,558.8,67.2,2.6,0.226,0.107,3.14,,,Ⅲ
2023-02-22T04:00:00+08:00,1677009600,10.0,7.25,8.7,563.6,58.2,2.42,0.249,0.1,3.26,,,Ⅱ
2023-02-22T08:00:00+08:00,1677024000,9.7,7.26,8.89,576.2,57.8,2.88,0.231,0.098,3.24,,,Ⅱ
2023-02-22T12:00:00+08:00,1677038400,10.0,7.24,8.84,601.0,62.5,2.69,0.253,0.101,3.28,,,Ⅲ
2023-02-22T16:00:00+08:00,1677052800,10.2,7.21,8.56,594.9,66.6,2.58,0.262,0.097,3.43,,,Ⅱ
2023-02-22T20:00:00+08:00,1677067200,10.0,7.23,8.61,589.8,54.6,2.26,0.246,0.095,3.45,,,Ⅱ
2023-02-23T00:00:00+08:00,1677081600,10.0,7.27,8.9,583.3,62.0,2.41,0.242,0.099,3.38,,,Ⅱ
2023-02-23T04:00:00+08:00,1677096000,9.8,7.22,8.61,580.8,61.3,2.7,0.242,0.094,3.4,,,Ⅱ
2023-02-23T08:00:00+08:00,1677110400,9.7,7.17,8.44,592.2,59.0,2.39,0.257,0.097,3.51,,,Ⅱ
2023-02-23T12:00:00+08:00,1677124800,9.7,7.17,8.33,601.8,62.2,2.44,0.273,0.103,3.56,,,Ⅲ
2023-02-23T16:00:00+08:00,1677139200,9.7,7.2,8.67,578.8,62.3,2.66,0.25,0.096,3.41,,,Ⅱ
2023-02-23T20:00:00+08:00,1677153600,9.6,7.22,8.73,578.6,66.1,2.22,0.264,0.093,3.4,,,Ⅱ
2023-02-24T00:00:00+08:00,1677168000,9.4,7.23,8.64,586.2,63.4,2.36,0.288,0.097,3.55,,,Ⅱ
2023-02-24T04:00:00+08:00,1677182400,9.2,7.2,8.62,602.1,67.5,2.7,0.285,0.101,3.43,,,Ⅲ
2023-02-24T08:00:00+08:00,1677196800,9.0,7.23,8.67,619.8,63.6,2.9,0.26,0.093,3.45,,,Ⅱ
2023-02-24T12:00:00+08:00,1677211200,9.4,7.25,8.86,607.5,63.8,2.88,0.259,0.096,3.38,,,Ⅱ
2023-02-24T16:00:00+08:00,1677225600,10.1,7.26,8.88,604.7,68.0,2.81,0.258,0.1,3.35,,,Ⅱ
2023-02-24T20:00:00+08:00,1677240000,10.0,7.26,8.88,602.2,82.6,2.62,0.262,0.1,3.25,,,Ⅱ
2023-02-25T00:00:00+08:00,1677254400,9.7,7.22,8.68,603.9,78.6,2.61,0.256,0.101,3.3,,,Ⅲ
2023-02-25T04:00:00+08:00,1677268800,9.2,7.24,8.79,607.2,74.0,3.45,0.244,0.095,3.24,,,Ⅱ
2023-02-25T08:00:00+08:00,1677283200,9.0,7.23,8.76,610.4,71.6,2.77,0.263,0.095,3.26,,,Ⅱ
2023-02-25T12:00:00+08:00,1677297600,9.7,7.84,9.45,402.8,45.3,2.26,0.26,,3.26,,,
2023-02-25T16:00:00+08:00,1677312000,10.7,7.35,9.42,404.2,49.3,2.59,0.241,0.104,3.24,,,Ⅲ
2023-02-25T20:00:00+08:00,1677326400,10.2,7.33,9.51,403.1,62.2,2.37,0.249,0.106,3.19,,,Ⅲ
2023-02-26T00:00:00+08:00,1677340800,9.6,7.33,9.59,399.8,52.5,2.91,0.239,0.096,3.14,,,Ⅱ
2023-02-26T04:00:00+08:00,1677355200,9.0,7.35,9.49,406.3,42.5,2.67,0.241,0.096,3.23,,,Ⅱ
2023-02-26T08:00:00+08:00,1677369600,8.8,7.28,9.27,419.0,40.9,2.87,0.27,0.096,3.26,,,Ⅱ
2023-02-26T12:00:00+08:00,1677384000,9.8,7.26,9.12,417.6,42.4,2.42,0.276,0.094,3.4,,,Ⅱ
2023-02-26T16:00:00+08:00,1677398400,10.8,7.31,9.28,412.4,45.6,2.66,0.262,0.088,3.33,,,Ⅱ
2023-02-26T20:00:00+08:00,1677412800,10.5,7.33,9.4,409.5,51.4,2.53,0.253,0.094,3.23,,,Ⅱ
2023-02-27T00:00:00+08:00,1677427200,10.1,7.38,9.64,402.4,53.6,2.65,0.23,0.097,3.07,,,Ⅱ
2023-02-27T04:00:00+08:00,1677441600,9.5,7.45,9.98,394.1,54.2,2.91,0.189,0.096,3.07,,,Ⅱ
2023-02-27T08:00:00+08:00,1677456000,9.2,7.41,9.8,391.8,43.2,3.2,0.188,0.097,2.98,,,Ⅱ
2023-02-27T16:00:00+08:00,1677484800,11.1,7.33,9.03,425.2,52.1,2.49,0.282,0.099,3.42,,,Ⅱ
2023-02-27T20:00:00+08:00,1677499200,10.4,7.33,9.34,415.8,46.9,2.94,0.244,0.103,3.28,,,Ⅲ
2023-02-28T00:00:00+08:00,1677513600,10.0,7.46,10.12,395.3,82.2,2.79,0.193,0.114,,,,Ⅲ
2023-02-28T08:00:00+08:00,1677542400,9.8,7.3,9.17,419.1,46.5,2.86,0.215,0.095,3.14,,,Ⅱ
2023-02-28T12:00:00+08:00,1677556800,11.0,7.28,9.14,419.7,43.8,2.8,0.269,0.099,3.39,,,Ⅱ
2023-02-28T16:00:00+08:00,1677571200,10.8,7.3,9.23,408.6,45.1,2.83,0.229,0.091,3.28,,,Ⅱ
2023-02-28T20:00:00+08:00,1677585600,10.8,7.28,8.98,424.8,51.5,2.41,0.249,0.09,3.33,,,Ⅱ
2023-03-01T00:00:00+08:00,1677600000,11.0,7.24,8.62,442.4,50.7,2.6,0.288,0.074,3.68,,,Ⅱ
2023-03-01T04:00:00+08:00,1677614400,10.9,7.24,8.45,438.9,49.8,2.34,0.303,0.099,3.92,,,Ⅱ
2023-03-01T16:00:00+08:00,1677657600,12.3,7.22,8.38,429.6,54.5,2.14,0.272,0.097,3.53,,,Ⅱ
2023-03-01T20:00:00+08:00,1677672000,11.9,7.27,8.83,408.4,57.8,2.16,0.204,0.091,3.22,,,Ⅱ
2023-03-02T04:00:00+08:00,1677700800,11.1,7.28,8.72,398.0,55.0,2.74,0.192,0.091,3.05,,,Ⅱ
2023-03-02T08:00:00+08:00,1677715200,10.8,7.28,8.76,404.0,56.0,2.82,0.201,0.095,3.04,,,Ⅱ
2023-03-02T12:00:00+08:00,1677729600,11.7,7.33,9.0,625.8,53.5,2.53,0.223,0.09,3.13,,,Ⅱ
2023-03-02T16:00:00+08:00,1677744000,12.6,7.33,9.08,620.1,58.0,2.58,0.223,0.105,3.16,,,Ⅲ
2023-03-02T20:00:00+08:00,1677758400,12.3,7.38,9.25,604.0,54.9,2.64,0.162,0.103,3.05,,,Ⅲ
2023-03-03T04:00:00+08:00,1677787200,11.7,7.42,9.16,614.1,57.6,2.52,0.205,0.11,3.08,,,Ⅲ
2023-03-03T08:00:00+08:00,1677801600,11.4,7.4,9.14,600.3,62.7,2.86,0.173,0.097,2.95,,,Ⅱ
2023-03-03T16:00:00+08:00,1677830400,12.7,7.41,9.31,607.9,51.2,2.43,0.151,0.094,3.0,,,Ⅲ
2023-03-03T20:00:00+08:00,1677844800,12.3,7.36,8.95,617.8,53.2,2.61,0.155,0.09,2.98,,,Ⅱ
2023-03-04T04:00:00+08:00,1677873600,12.0,7.37,8.85,608.1,49.8,2.27,0.151,0.09,2.89,,,Ⅱ
2023-03-04T08:00:00+08:00,1677888000,11.8,7.39,9.07,606.1,48.0,2.77,0.144,0.088,2.94,,,Ⅱ
2023-03-04T12:00:00+08:00,1677902400,12.7,7.4,9.18,611.1,45.4,2.61,0.157,0.086,3.0,,,Ⅱ
2023-03-04T16:00:00+08:00,1677916800,12.9,7.36,9.03,644.5,54.4,2.38,0.183,0.093,3.13,,,Ⅱ
2023-03-04T20:00:00+08:00,1677931200,12.8,7.27,8.59,651.7,68.8,2.54,0.201,0.093,3.14,,,Ⅱ
2023-03-05T04:00:00+08:00,1677960000,12.4,7.28,8.65,643.5,59.1,2.66,0.193,0.087,3.43,,,Ⅱ
2023-03-05T08:00:00+08:00,1677974400,12.1,7.26,8.72,637.0,58.9,3.54,0.179,0.09,3.07,,,Ⅱ
2023-03-05T12:00:00+08:00,1677988800,12.9,7.27,8.99,637.3,54.6,2.65,0.169,0.082,3.12,,,Ⅱ
2023-03-05T16:00:00+08:00,1678003200,13.2,7.32,9.21,641.1,54.4,2.24,0.159,0.088,3.13,,,Ⅱ
2023-03-05T20:00:00+08:00,1678017600,12.9,7.38,9.59,636.4,49.3,3.02,0.123,0.086,2.9,,,Ⅱ
2023-03-06T04:00:00+08:00,1678046400,12.9,7.32,8.92,628.2,55.5,2.68,0.128,0.085,2.96,,,Ⅱ
2023-03-06T08:00:00+08:00,1678060800,12.7,7.33,9.05,624.8,51.4,3.36,0.125,0.086,2.89,,,Ⅱ
2023-03-06T12:00:00+08:00,1678075200,13.4,7.32,9.13,643.7,74.2,2.77,0.201,0.104,3.07,,,Ⅲ
2023-03-06T16:00:00+08:00,1678089600,14.3,7.31,8.98,670.3,60.5,2.65,0.165,0.09,3.28,,,Ⅱ
2023-03-06T20:00:00+08:00,1678104000,14.0,7.34,8.99,652.3,57.1,2.49,0.129,0.095,3.11,,,Ⅱ
2023-03-07T04:00:00+08:00,1678132800,13.6,7.29,8.38,661.1,58.8,2.73,0.13,0.089,3.08,,,Ⅱ
2023-03-07T08:00:00+08:00,1678147200,13.2,7.22,8.06,676.4,64.6,3.72,0.146,0.093,3.15,,,Ⅱ
2023-03-07T12:00:00+08:00,1678161600,14.3,7.28,8.56,669.9,72.4,2.81,0.188,0.102,3.01,,,Ⅲ
2023-03-07T20:00:00+08:00,1678190400,15.0,7.41,8.95,636.4,69.6,2.52,0.106,0.097,2.79,,,Ⅱ
2023-03-08T04:00:00+08:00,1678219200,14.6,7.34,8.42,644.4,81.0,2.12,0.122,0.093,2.74,,,Ⅱ
2023-03-08T08:00:00+08:00,1678233600,14.2,7.28,8.18,660.6,86.5,2.92,0.135,0.094,2.83,,,Ⅱ
2023-03-08T12:00:00+08:00,1678248000,14.8,7.3,8.44,658.3,78.0,2.71,0.133,0.09,2.78,,,Ⅱ
2023-03-08T16:00:00+08:00,1678262400,15.3,7.37,8.7,629.6,76.9,,0.103,0.086,2.64,,,
2023-03-08T20:00:00+08:00,1678276800,15.4,7.38,8.66,619.0,86.1,3.28,0.103,0.09,2.66,,,Ⅱ
2023-03-09T04:00:00+08:00,1678305600,15.0,7.34,8.01,632.0,97.1,2.44,0.127,0.103,2.72,,,Ⅲ
2023-03-09T08:00:00+08:00,1678320000,14.8,7.3,7.9,641.6,94.1,2.82,0.134,0.103,2.68,,,Ⅲ
2023-03-09T12:00:00+08:00,1678334400,16.1,7.34,8.24,633.6,118.4,2.99,0.157,0.113,2.68,,,Ⅲ
2023-03-09T16:00:00+08:00,1678348800,16.9,7.39,8.59,612.8,98.8,2.53,0.1,0.106,2.65,,,Ⅲ
2023-03-09T20:00:00+08:00,1678363200,16.8,7.39,8.47,603.0,103.6,2.58,0.091,0.103,2.56,,,Ⅲ
2023-03-10T04:00:00+08:00,1678392000,16.2,7.24,7.59,610.8,106.6,2.44,0.103,0.094,2.57,,,Ⅱ
2023-03-10T08:00:00+08:00,1678406400,15.8,7.25,7.52,619.1,114.4,2.56,0.108,0.102,2.51,,,Ⅲ
2023-03-10T12:00:00+08:00,1678420800,16.8,7.5,8.11,619.0,64.8,2.94,0.117,0.111,2.44,,,Ⅲ
2023-03-10T16:00:00+08:00,1678435200,17.8,7.33,8.25,600.4,68.5,2.88,0.09,0.098,2.47,,,Ⅱ
2023-03-10T20:00:00+08:00,1678449600,17.5,7.36,8.46,589.7,60.3,2.74,0.078,0.099,2.44,,,Ⅱ
2023-03-11T04:00:00+08:00,1678478400,17.0,7.35,7.68,593.8,61.2,2.67,0.093,0.095,2.67,,,Ⅱ
2023-03-11T08:00:00+08:00,1678492800,16.8,7.28,7.3,592.3,60.9,3.05,0.098,0.102,2.56,,,Ⅲ
2023-03-11T12:00:00+08:00,1678507200,17.2,7.25,7.56,601.1,60.1,3.04,0.134,0.102,2.68,,,Ⅲ
2023-03-11T16:00:00+08:00,1678521600,17.4,7.27,7.7,607.4,60.0,2.98,0.119,0.093,2.67,,,Ⅱ
2023-03-11T20:00:00+08:00,1678536000,17.3,7.21,7.1,595.0,62.4,2.63,0.09,0.099,2.59,,,Ⅱ
2023-03-12T04:00:00+08:00,1678564800,16.8,7.2,7.31,604.8,73.2,2.31,0.118,0.1,2.62,,,Ⅱ
2023-03-12T08:00:00+08:00,1678579200,16.4,7.19,7.41,604.3,87.8,2.91,0.111,0.1,2.52,,,Ⅱ
2023-03-12T12:00:00+08:00,1678593600,16.8,7.26,8.05,586.4,89.0,2.59,0.096,0.104,2.42,,,Ⅲ
2023-03-12T16:00:00+08:00,1678608000,17.0,7.33,8.13,574.2,80.5,2.39,0.102,0.104,2.35,,,Ⅲ
2023-03-12T20:00:00+08:00,1678622400,16.8,7.29,7.5,563.6,79.1,2.34,0.103,0.097,2.25,,,Ⅱ
2023-03-13T04:00:00+08:00,1678651200,16.1,7.26,7.14,564.4,86.2,3.32,0.134,0.112,2.09,,,Ⅲ
2023-03-13T08:00:00+08:00,1678665600,15.6,7.28,7.24,587.3,76.3,2.92,0.127,0.108,2.13,,,Ⅲ
2023-03-13T12:00:00+08:00,1678680000,16.6,7.29,7.26,588.1,72.2,2.66,0.137,0.111,2.2,,,Ⅲ
2023-03-13T16:00:00+08:00,1678694400,16.8,7.35,8.04,577.9,77.4,2.46,0.117,0.109,2.21,,,Ⅲ
2023-03-13T20:00:00+08:00,1678708800,16.2,7.39,8.32,575.9,90.7,2.34,0.12,0.111,2.16,,,Ⅲ
2023-03-14T04:00:00+08:00,1678737600,14.0,7.68,9.51,601.7,99.2,2.42,0.081,0.116,2.24,,,Ⅲ
2023-03-14T08:00:00+08:00,1678752000,14.8,7.37,8.2,603.7,79.2,2.35,0.141,0.109,2.89,,,Ⅲ
2023-03-14T16:00:00+08:00,1678780800,16.7,7.35,8.03,580.7,106.0,1.61,0.124,0.111,2.36,,,Ⅲ
2023-03-14T20:00:00+08:00,1678795200,16.5,7.35,7.77,575.4,96.1,2.23,0.123,0.109,2.13,,,Ⅲ
2023-03-15T04:00:00+08:00,1678824000,15.7,7.27,7.45,563.9,92.0,1.13,0.132,0.103,2.18,,,Ⅲ
2023-03-15T08:00:00+08:00,1678838400,15.4,7.23,7.39,571.8,93.8,1.74,0.133,0.099,2.31,,,Ⅱ
2023-03-15T12:00:00+08:00,1678852800,16.3,7.25,7.73,596.4,91.8,0.78,0.159,0.1,2.67,,,Ⅱ
2023-03-15T16:00:00+08:00,1678867200,16.8,7.22,7.5,609.1,106.2,3.02,0.136,0.101,2.56,,,Ⅲ
2023-03-15T20:00:00+08:00,1678881600,16.6,7.28,7.92,612.3,121.3,3.11,0.133,0.116,2.55,,,Ⅲ
2023-03-16T04:00:00+08:00,1678910400,15.2,7.23,7.5,628.4,103.4,3.07,0.137,0.099,2.61,,,Ⅱ
2023-03-16T08:00:00+08:00,1678924800,14.8,7.26,7.92,597.2,106.2,3.16,0.148,0.107,2.47,,,Ⅲ
2023-03-16T12:00:00+08:00,1678939200,15.9,7.29,8.29,584.7,122.6,4.12,0.145,0.119,2.43,,,Ⅲ
2023-03-16T20:00:00+08:00,1678968000,15.2,7.38,8.45,585.8,200.2,3.42,0.157,0.144,1.98,,,Ⅲ
2023-03-17T04:00:00+08:00,1678996800,13.4,7.47,9.09,592.1,212.4,2.93,0.203,0.164,1.75,,,Ⅲ
2023-03-17T08:00:00+08:00,1679011200,13.4,7.28,8.55,516.7,147.3,3.65,0.173,0.119,2.04,,,Ⅲ
2023-03-17T12:00:00+08:00,1679025600,13.4,7.19,7.66,529.0,107.4,3.69,0.221,0.109,2.42,,,Ⅲ
2023-03-17T16:00:00+08:00,1679040000,13.3,7.19,7.52,548.1,106.4,3.8,0.173,0.097,2.34,,,Ⅱ
2023-03-17T20:00:00+08:00,1679054400,13.1,7.23,7.32,564.0,94.6,4.11,0.234,0.101,2.46,,,Ⅲ
2023-03-18T04:00:00+08:00,1679083200,12.9,7.2,7.49,565.9,106.9,3.46,0.231,0.108,2.46,,,Ⅲ
2023-03-18T08:00:00+08:00,1679097600,12.9,7.2,7.46,560.0,107.5,3.71,0.188,0.106,2.28,,,Ⅲ
2023-03-18T12:00:00+08:00,1679112000,13.8,7.31,8.26,573.6,66.6,,0.21,0.107,2.52,,,
2023-03-18T16:00:00+08:00,1679126400,14.6,7.3,7.81,565.5,70.4,2.54,0.159,0.104,2.45,,,Ⅲ
2023-03-18T20:00:00+08:00,1679140800,14.0,7.31,8.19,557.8,93.1,3.69,0.164,0.114,2.19,,,Ⅲ
2023-03-19T04:00:00+08:00,1679169600,12.9,7.31,8.32,550.0,95.0,2.97,0.159,0.117,1.97,,,Ⅲ
2023-03-19T08:00:00+08:00,1679184000,12.9,7.32,8.32,554.0,91.4,2.99,0.16,0.118,1.98,,,Ⅲ
2023-03-19T16:00:00+08:00,1679212800,13.7,7.38,8.24,554.7,73.2,2.54,0.125,0.098,2.18,,,Ⅱ
2023-03-19T20:00:00+08:00,1679227200,13.5,7.37,8.37,553.6,69.2,2.86,0.116,0.098,2.14,,,Ⅱ
2023-03-20T04:00:00+08:00,1679256000,13.2,7.35,8.12,553.4,85.0,2.49,0.122,0.103,2.22,,,Ⅲ
2023-03-20T08:00:00+08:00,1679270400,13.2,7.31,7.77,560.9,73.3,2.36,0.126,0.107,2.18,,,Ⅲ
2023-03-20T12:00:00+08:00,1679284800,13.3,7.28,7.7,585.0,76.9,,0.161,0.107,,,,
2023-03-20T16:00:00+08:00,1679299200,13.5,7.28,7.74,588.5,82.7,3.31,0.174,0.102,2.33,,,Ⅲ
2023-03-20T20:00:00+08:00,1679313600,13.8,7.23,7.41,602.7,71.8,2.48,0.228,0.113,2.6,,,Ⅲ
2023-03-21T04:00:00+08:00,1679342400,13.8,7.2,7.1,565.4,53.8,1.97,0.257,0.1,2.7,,,Ⅱ
2023-03-21T08:00:00+08:00,1679356800,13.8,7.19,7.02,584.2,50.4,2.3,0.259,0.105,2.76,,,Ⅲ
2023-03-21T12:00:00+08:00,1679371200,14.0,7.19,7.07,574.3,63.2,2.39,0.253,0.111,2.65,,,Ⅲ
2023-03-21T16:00:00+08:00,1679385600,14.2,7.18,7.14,559.3,64.8,1.96,0.247,0.101,2.49,,,Ⅲ
2023-03-21T20:00:00+08:00,1679400000,14.2,7.2,7.08,557.3,68.1,2.22,0.262,0.107,2.51,,,Ⅲ
2023-03-22T04:00:00+08:00,1679428800,14.2,7.15,6.65,579.2,61.5,2.16,0.242,0.101,2.67,,,Ⅲ
2023-03-22T08:00:00+08:00,1679443200,14.2,7.15,6.44,617.5,58.4,2.79,,0.1,2.87,,,
2023-03-22T12:00:00+08:00,1679457600,14.4,7.12,6.3,625.1,51.4,,0.282,0.102,2.87,,,
2023-03-22T16:00:00+08:00,1679472000,14.6,7.07,6.41,572.1,118.6,2.2,0.335,0.114,2.63,,,Ⅲ
2023-03-22T20:00:00+08:00,1679486400,14.6,7.09,6.66,558.5,71.1,2.28,0.336,0.099,2.69,,,Ⅱ
2023-03-23T04:00:00+08:00,1679515200,14.4,7.08,6.24,586.6,60.8,2.32,0.301,0.109,2.89,,,Ⅲ
2023-03-23T08:00:00+08:00,1679529600,14.3,7.09,6.35,582.1,61.5,2.57,0.312,0.102,2.93,,,Ⅲ
2023-03-23T12:00:00+08:00,1679544000,14.4,7.12,6.67,570.3,82.2,2.24,0.299,0.111,2.79,,,Ⅲ
2023-03-23T16:00:00+08:00,1679558400,14.5,7.17,6.54,573.9,82.7,2.17,0.294,0.116,2.78,,,Ⅲ
2023-03-23T20:00:00+08:00,1679572800,14.4,7.18,6.61,580.5,88.0,2.29,0.298,0.121,2.79,,,Ⅲ
2023-03-24T04:00:00+08:00,1679601600,13.9,7.17,6.48,592.9,66.3,2.35,0.276,0.104,2.91,,,Ⅲ
2023-03-24T08:00:00+08:00,1679616000,13.7,7.14,6.53,590.8,62.8,2.67,0.273,0.105,2.86,,,Ⅲ
2023-03-24T12:00:00+08:00,1679630400,13.5,7.26,6.57,596.4,53.4,,0.294,0.119,2.84,,,
2023-03-24T16:00:00+08:00,1679644800,13.4,7.2,6.62,591.9,72.7,2.55,0.257,0.113,2.65,,,Ⅲ
2023-03-24T20:00:00+08:00,1679659200,13.4,7.2,6.42,604.4,76.0,2.36,0.288,0.119,2.86,,,Ⅲ
2023-03-25T04:00:00+08:00,1679688000,12.9,7.15,6.27,591.6,47.2,2.49,0.258,0.098,2.8,,,Ⅱ
2023-03-25T08:00:00+08:00,1679702400,12.9,7.15,6.34,589.8,41.2,3.58,0.231,0.097,2.67,,,Ⅱ
2023-03-25T12:00:00+08:00,1679716800,12.9,7.18,6.47,585.4,88.4,2.64,0.289,0.123,2.65,,,Ⅲ
2023-03-25T16:00:00+08:00,1679731200,13.1,6.98,6.65,586.4,37.3,2.15,0.297,0.101,2.92,,,Ⅲ
2023-03-25T20:00:00+08:00,1679745600,12.9,6.95,6.74,580.8,61.3,2.34,0.289,0.103,2.79,,,Ⅲ
2023-03-26T04:00:00+08:00,1679774400,12.8,6.98,6.33,597.4,41.4,2.48,0.285,0.097,2.85,,,Ⅱ
2023-03-26T08:00:00+08:00,1679788800,12.6,7.04,6.65,596.2,38.6,2.42,0.254,0.104,2.88,,,Ⅲ
2023-03-26T12:00:00+08:00,1679803200,13.5,7.1,7.01,592.5,53.2,2.48,0.245,0.098,2.78,,,Ⅱ
2023-03-26T16:00:00+08:00,1679817600,14.1,7.14,7.23,584.6,43.3,2.31,0.214,0.093,2.67,,,Ⅱ
2023-03-26T20:00:00+08:00,1679832000,14.0,7.16,7.22,590.8,54.1,2.14,0.238,0.098,2.58,,,Ⅱ
2023-03-27T04:00:00+08:00,1679860800,13.1,7.15,6.87,592.2,45.5,2.2,0.238,0.095,2.61,,,Ⅱ
2023-03-27T08:00:00+08:00,1679875200,12.9,7.18,7.12,586.1,39.7,2.57,0.217,0.095,2.58,,,Ⅱ
2023-03-27T12:00:00+08:00,1679889600,13.9,7.19,7.42,597.3,39.6,2.53,0.236,,2.66,,,
2023-03-27T16:00:00+08:00,1679904000,14.8,7.2,7.6,591.9,44.9,3.17,0.186,0.098,2.57,,,Ⅱ
2023-03-27T20:00:00+08:00,1679918400,14.6,7.2,7.38,592.9,53.1,2.48,0.211,0.098,2.6,,,Ⅱ
2023-03-28T04:00:00+08:00,1679947200,13.9,7.19,7.34,609.4,49.7,2.2,0.238,0.094,2.66,,,Ⅱ
2023-03-28T08:00:00+08:00,1679961600,13.6,7.17,7.0,625.5,51.0,3.77,0.275,0.1,2.76,,,Ⅱ
2023-03-28T12:00:00+08:00,1679976000,14.9,7.15,7.02,628.9,45.0,2.13,0.322,0.107,2.94,,,Ⅲ
2023-03-28T16:00:00+08:00,1679990400,15.8,7.19,7.39,619.3,40.5,2.14,0.22,0.089,2.82,,,Ⅱ
2023-03-28T20:00:00+08:00,1680004800,15.4,7.23,7.75,607.7,33.4,2.64,0.197,0.092,2.74,,,Ⅱ
2023-03-29T04:00:00+08:00,1680033600,14.8,7.19,7.27,609.0,35.6,2.42,0.193,0.092,2.67,,,Ⅱ
2023-03-29T08:00:00+08:00,1680048000,14.8,7.21,7.51,607.2,30.6,2.73,0.174,0.086,2.64,,,Ⅱ
2023-03-29T12:00:00+08:00,1680062400,15.4,7.26,7.63,609.3,44.2,3.44,0.21,0.097,2.67,,,Ⅱ
2023-03-29T16:00:00+08:00,1680076800,15.5,7.3,7.79,607.6,38.7,2.7,0.184,0.096,2.71,,,Ⅱ
2023-03-29T20:00:00+08:00,1680091200,15.2,7.25,7.53,619.8,42.6,2.44,0.191,0.09,2.76,,,Ⅱ
2023-03-30T04:00:00+08:00,1680120000,14.7,7.16,6.92,632.6,45.0,2.54,0.242,0.092,2.9,,,Ⅱ
2023-03-30T08:00:00+08:00,1680134400,14.6,7.14,6.96,624.4,38.4,2.52,0.237,0.092,2.94,,,Ⅱ
2023-03-30T12:00:00+08:00,1680148800,15.0,7.14,6.73,640.3,41.9,2.78,0.334,0.11,3.17,,,Ⅲ
2023-03-30T16:00:00+08:00,1680163200,15.3,7.16,7.06,640.5,62.4,2.56,0.305,0.102,2.97,,,Ⅲ
2023-03-30T20:00:00+08:00,1680177600,15.1,7.14,6.77,645.8,52.6,2.75,0.321,0.091,3.1,,,Ⅱ
2023-03-31T04:00:00+08:00,1680206400,15.1,7.1,6.36,667.1,43.3,2.8,0.316,0.091,3.3,,,Ⅱ
2023-03-31T08:00:00+08:00,1680220800,14.9,7.09,6.37,642.7,43.1,2.94,0.309,0.09,3.14,,,Ⅱ
2023-03-31T12:00:00+08:00,1680235200,15.2,7.09,6.25,644.6,49.2,2.76,0.353,0.094,3.22,,,Ⅱ
2023-03-31T16:00:00+08:00,1680249600,15.4,7.09,6.33,652.5,74.1,2.69,0.36,0.109,3.05,,,Ⅲ
2023-03-31T20:00:00+08:00,1680264000,15.4,7.15,6.49,641.1,59.2,2.56,0.318,0.097,3.07,,,Ⅱ
2023-04-01T00:00:00+08:00,1680278400,15.3,7.16,6.83,626.7,62.3,2.78,0.259,0.096,2.83,,,Ⅱ
2023-04-01T04:00:00+08:00,1680292800,15.1,7.16,6.61,628.6,52.8,2.38,0.249,0.098,3.24,,,Ⅱ
2023-04-01T08:00:00+08:00,1680307200,15.2,7.15,6.47,625.4,58.4,2.81,0.246,0.096,2.9,,,Ⅱ
2023-04-01T12:00:00+08:00,1680321600,16.7,7.44,7.17,630.3,39.4,2.82,0.272,0.103,2.97,,,Ⅲ
2023-04-01T16:00:00+08:00,1680336000,17.2,7.24,7.47,625.5,37.8,2.88,0.29,0.113,2.94,,,Ⅲ
2023-04-01T20:00:00+08:00,1680350400,16.8,7.25,7.59,630.0,35.0,2.91,0.207,0.101,2.95,,,Ⅲ
2023-04-02T00:00:00+08:00,1680364800,16.8,7.31,7.85,628.0,34.2,2.88,0.18,0.103,2.86,,,Ⅲ
2023-04-02T04:00:00+08:00,1680379200,16.8,7.2,7.91,622.8,24.9,3.12,0.145,0.091,2.72,,,Ⅱ
2023-04-02T08:00:00+08:00,1680393600,16.5,7.18,7.89,620.2,36.4,3.44,0.138,0.102,2.68,,,Ⅲ
2023-04-02T12:00:00+08:00,1680408000,17.2,7.1,7.37,645.0,44.1,3.01,0.228,0.101,2.98,,,Ⅲ
2023-04-02T16:00:00+08:00,1680422400,18.7,7.25,8.05,640.2,51.3,2.75,0.185,0.112,2.98,,,Ⅲ
2023-04-02T20:00:00+08:00,1680436800,18.0,7.39,8.15,627.9,49.3,2.9,0.129,0.097,2.81,,,Ⅱ
2023-04-03T00:00:00+08:00,1680451200,17.8,7.63,8.99,612.0,92.6,3.39,0.074,0.124,2.43,,,Ⅱ
2023-04-03T04:00:00+08:00,1680465600,16.8,7.79,8.94,612.0,69.9,2.86,0.056,0.107,2.56,,,Ⅲ
2023-04-03T08:00:00+08:00,1680480000,16.3,7.88,9.05,595.1,145.4,3.37,0.075,0.125,2.14,,,Ⅲ
2023-04-03T12:00:00+08:00,1680494400,16.6,7.73,8.47,611.0,136.9,4.38,0.101,0.149,2.29,,,Ⅲ
2023-04-03T16:00:00+08:00,1680508800,16.4,7.71,8.46,599.2,114.6,3.09,0.095,0.131,2.22,,,Ⅲ
2023-04-03T20:00:00+08:00,1680523200,15.8,7.83,8.92,598.4,239.9,11.16,0.137,0.19,1.71,,,Ⅴ
2023-04-04T00:00:00+08:00,1680537600,15.7,7.84,8.89,611.5,234.9,,0.151,0.207,1.76,,,
2023-04-04T04:00:00+08:00,1680552000,15.7,7.82,8.86,608.8,210.2,,0.136,0.187,1.79,,,
2023-04-04T08:00:00+08:00,1680566400,15.8,7.51,8.16,559.5,102.2,,0.167,0.125,2.58,,,
2023-04-04T12:00:00+08:00,1680580800,16.3,7.4,7.85,575.4,74.9,,0.282,0.129,2.66,,,
2023-04-04T16:00:00+08:00,1680595200,16.8,7.49,8.16,589.7,65.8,3.11,0.128,0.103,2.63,,,Ⅲ
2023-04-04T20:00:00+08:00,1680609600,16.8,7.3,7.57,603.7,71.1,2.99,0.258,0.115,2.95,,,Ⅲ
2023-04-05T00:00:00+08:00,1680624000,16.8,7.19,6.71,640.7,72.0,2.34,0.267,0.109,3.19,,,Ⅲ
2023-04-05T04:00:00+08:00,1680638400,16.6,7.13,6.19,645.6,63.6,2.28,0.331,0.101,3.35,,,Ⅲ
2023-04-05T08:00:00+08:00,1680652800,16.4,7.14,6.47,669.2,95.8,2.82,0.282,0.119,3.08,,,Ⅲ
2023-04-05T12:00:00+08:00,1680667200,16.2,7.14,6.22,664.2,65.1,2.29,0.292,0.106,3.24,,,Ⅲ
2023-04-05T16:00:00+08:00,1680681600,16.2,7.18,6.55,683.9,68.8,2.47,0.3,0.102,3.2,,,Ⅲ
2023-04-05T20:00:00+08:00,1680696000,16.0,7.18,6.59,682.7,78.4,2.74,0.303,0.102,3.17,,,Ⅲ
2023-04-06T00:00:00+08:00,1680710400,15.7,7.18,6.58,660.3,65.9,2.59,0.286,0.102,2.97,,,Ⅲ
2023-04-06T04:00:00+08:00,1680724800,15.4,7.16,6.51,642.5,69.7,2.85,0.285,0.107,2.84,,,Ⅲ
2023-04-06T08:00:00+08:00,1680739200,15.3,7.15,6.51,642.3,69.4,2.92,0.284,0.105,2.86,,,Ⅲ
2023-04-06T12:00:00+08:00,1680753600,15.4,7.16,6.57,646.2,77.3,3.8,0.282,0.104,2.84,,,Ⅲ
2023-04-06T20:00:00+08:00,1680782400,15.2,7.15,6.67,631.8,100.7,2.51,0.284,0.109,2.63,,,Ⅲ
2023-04-07T00:00:00+08:00,1680796800,15.0,7.14,6.49,622.5,90.9,2.4,0.29,0.106,2.55,,,Ⅲ
2023-04-07T04:00:00+08:00,1680811200,14.7,7.15,6.31,626.9,84.2,2.34,0.32,0.103,2.7,,,Ⅲ
2023-04-07T08:00:00+08:00,1680825600,14.6,7.16,6.42,626.3,83.5,2.5,0.301,0.103,2.69,,,Ⅲ
2023-04-07T12:00:00+08:00,1680840000,15.8,7.18,6.56,630.4,128.4,2.28,0.368,0.133,2.47,,,Ⅲ
2023-04-07T16:00:00+08:00,1680854400,16.8,7.19,6.75,633.8,89.9,2.15,0.342,0.116,2.82,,,Ⅲ
2023-04-07T20:00:00+08:00,1680868800,16.3,7.18,6.57,634.0,90.3,2.5,0.286,0.1,2.85,,,Ⅱ
2023-04-08T00:00:00+08:00,1680883200,15.6,7.19,6.59,631.4,108.8,2.49,0.286,0.113,2.74,,,Ⅲ
2023-04-08T04:00:00+08:00,1680897600,15.0,7.17,6.5,626.1,91.4,2.19,0.276,0.1,2.78,,,Ⅱ
2023-04-08T08:00:00+08:00,1680912000,14.9,7.15,6.49,623.0,87.9,2.49,0.262,0.095,2.69,,,Ⅱ
2023-04-08T12:00:00+08:00,1680926400,16.4,7.18,6.94,614.4,99.3,2.61,0.242,0.108,2.54,,,Ⅲ
2023-04-08T16:00:00+08:00,1680940800,17.2,7.16,6.93,616.6,90.4,2.25,0.225,0.101,2.68,,,Ⅲ
2023-04-08T20:00:00+08:00,1680955200,16.9,7.2,6.95,598.2,119.0,2.4,0.222,0.106,2.43,,,Ⅲ
2023-04-09T00:00:00+08:00,1680969600,16.8,7.16,6.6,606.6,94.6,2.39,0.215,0.088,2.66,,,Ⅱ
2023-04-09T04:00:00+08:00,1680984000,16.2,7.39,6.83,618.6,93.9,2.05,0.216,0.09,2.77,,,Ⅱ
2023-04-09T08:00:00+08:00,1680998400,15.9,7.13,6.28,625.8,92.7,2.64,0.255,0.092,2.85,,,Ⅱ
2023-04-09T12:00:00+08:00,1681012800,17.3,7.12,6.47,624.9,88.7,2.63,0.273,0.102,2.88,,,Ⅲ
2023-04-09T16:00:00+08:00,1681027200,18.0,7.17,6.87,613.6,94.1,1.97,0.204,0.099,2.81,,,Ⅱ
2023-04-09T20:00:00+08:00,1681041600,17.8,7.19,6.95,607.8,109.2,2.06,0.173,0.096,2.62,,,Ⅱ
2023-04-10T00:00:00+08:00,1681056000,17.5,7.35,7.17,612.1,106.3,2.01,0.161,0.081,2.7,,,Ⅱ
2023-04-10T04:00:00+08:00,1681070400,17.0,7.14,6.39,620.5,98.9,2.09,0.204,0.085,2.9,,,Ⅱ
2023-04-10T08:00:00+08:00,1681084800,16.8,7.12,6.12,637.5,100.2,2.39,0.235,0.087,2.96,,,Ⅱ
2023-04-10T12:00:00+08:00,1681099200,17.9,7.13,6.12,639.8,98.0,2.34,0.234,0.097,3.04,,,Ⅱ
2023-04-10T16:00:00+08:00,1681113600,19.1,7.16,6.43,621.6,101.0,1.98,0.18,0.081,2.89,,,Ⅱ
2023-04-10T20:00:00+08:00,1681128000,19.1,7.3,7.8,607.5,106.3,2.27,0.102,0.098,2.63,,,Ⅱ
2023-04-11T00:00:00+08:00,1681142400,18.8,7.17,6.48,601.7,109.4,2.04,0.158,0.092,2.74,,,Ⅱ
2023-04-11T04:00:00+08:00,1681156800,18.3,7.11,5.7,613.4,108.3,1.79,0.191,0.092,3.25,,,Ⅲ
2023-04-11T08:00:00+08:00,1681171200,18.0,7.12,5.7,617.9,125.0,1.97,0.212,0.094,2.87,,,Ⅲ
2023-04-11T12:00:00+08:00,1681185600,19.2,7.14,5.75,621.9,109.2,2.1,0.179,0.092,2.87,,,Ⅲ
2023-04-11T16:00:00+08:00,1681200000,19.8,7.15,6.09,611.7,118.5,2.21,0.186,0.092,2.84,,,Ⅱ
2023-04-11T20:00:00+08:00,1681214400,19.3,7.15,6.33,610.0,131.7,1.84,0.176,0.095,2.64,,,Ⅱ
2023-04-12T00:00:00+08:00,1681228800,19.1,7.17,6.06,601.7,133.0,1.73,0.151,0.094,2.67,,,Ⅱ
2023-04-12T04:00:00+08:00,1681243200,18.6,7.18,6.06,591.9,132.0,2.04,0.148,0.098,2.62,,,Ⅱ
2023-04-12T08:00:00+08:00,1681257600,18.4,7.28,6.91,577.4,131.6,2.78,0.113,,2.29,,,
2023-04-12T12:00:00+08:00,1681272000,19.6,7.43,8.1,574.7,57.7,2.42,0.108,0.115,2.28,,,Ⅲ
2023-04-12T16:00:00+08:00,1681286400,20.2,7.28,8.31,576.5,46.3,2.42,0.145,0.113,2.41,,,Ⅲ
2023-04-12T20:00:00+08:00,1681300800,19.6,7.53,8.66,582.1,64.1,2.26,0.07,0.108,2.3,,,Ⅲ
2023-04-13T00:00:00+08:00,1681315200,18.7,7.46,8.15,578.5,46.6,2.26,0.078,0.102,2.29,,,Ⅲ
2023-04-13T04:00:00+08:00,1681329600,18.5,7.32,7.78,580.6,32.6,2.3,0.091,0.098,2.38,,,Ⅱ
2023-04-13T08:00:00+08:00,1681344000,17.0,7.57,8.18,583.2,83.7,2.75,0.078,0.133,2.08,,,Ⅲ
2023-04-13T12:00:00+08:00,1681358400,18.9,7.5,8.96,570.6,51.8,2.82,0.069,0.108,2.18,,,Ⅲ
2023-04-13T16:00:00+08:00,1681372800,18.8,7.55,8.92,562.7,46.2,2.53,0.068,0.105,2.18,,,Ⅲ
2023-04-13T20:00:00+08:00,1681387200,18.5,7.52,8.55,565.7,35.2,2.6,0.069,0.098,2.14,,,Ⅱ
2023-04-14T00:00:00+08:00,1681401600,18.1,7.43,8.23,565.8,33.0,2.3,0.066,0.096,2.24,,,Ⅱ
2023-04-14T04:00:00+08:00,1681416000,17.9,7.22,7.14,582.4,28.2,1.94,0.116,0.087,2.54,,,Ⅱ
2023-04-14T08:00:00+08:00,1681430400,17.8,7.18,6.51,597.8,35.7,2.01,0.148,0.1,2.63,,,Ⅱ
2023-04-14T12:00:00+08:00,1681444800,18.5,7.19,6.55,607.3,29.1,2.18,0.229,0.105,2.86,,,Ⅲ
2023-04-14T16:00:00+08:00,1681459200,18.9,7.23,6.64,606.9,42.9,2.25,0.158,0.088,2.67,,,Ⅱ
2023-04-14T20:00:00+08:00,1681473600,19.0,7.19,6.61,607.5,50.1,1.91,0.176,0.092,2.61,,,Ⅱ
2023-04-15T00:00:00+08:00,1681488000,18.6,7.18,6.18,606.3,39.1,1.87,0.156,0.123,2.64,,,Ⅲ
2023-04-15T04:00:00+08:00,1681502400,18.3,7.18,6.02,607.5,43.4,2.51,0.153,0.09,2.55,,,Ⅱ
2023-04-15T08:00:00+08:00,1681516800,18.2,7.17,6.0,595.4,46.1,1.9,0.159,0.091,2.5,,,Ⅱ
2023-04-15T12:00:00+08:00,1681531200,19.5,7.2,6.62,587.7,51.2,1.73,0.121,0.094,2.33,,,Ⅱ
2023-04-15T16:00:00+08:00,1681545600,20.2,7.22,6.93,583.9,43.5,1.96,0.133,0.093,2.38,,,Ⅱ
2023-04-15T20:00:00+08:00,1681560000,19.8,7.26,6.97,567.9,53.1,1.83,0.101,0.101,2.17,,,Ⅲ
2023-04-16T00:00:00+08:00,1681574400,19.5,7.23,6.8,555.4,48.1,2.1,0.09,0.101,2.12,,,Ⅲ
2023-04-16T04:00:00+08:00,1681588800,18.9,7.19,6.67,551.8,60.9,2.0,0.091,0.1,2.03,,,Ⅱ
2023-04-16T08:00:00+08:00,1681603200,18.7,7.26,7.12,540.9,45.0,2.48,0.068,0.096,1.91,,,Ⅱ
2023-04-16T12:00:00+08:00,1681617600,20.3,7.42,8.2,545.4,41.2,2.44,0.06,0.099,1.95,,,Ⅱ
2023-04-16T16:00:00+08:00,1681632000,20.8,7.56,8.96,547.5,38.5,2.1,0.064,0.096,2.05,,,Ⅱ
2023-04-16T20:00:00+08:00,1681646400,20.5,7.42,8.12,548.7,104.3,2.1,0.097,0.121,1.86,,,Ⅲ
2023-04-17T04:00:00+08:00,1681675200,19.8,7.78,8.83,545.0,90.7,2.28,0.056,0.114,1.74,,,Ⅲ
2023-04-17T08:00:00+08:00,1681689600,19.1,7.75,8.36,543.7,131.1,2.42,0.075,0.138,1.57,,,Ⅲ
2023-04-17T12:00:00+08:00,1681704000,20.7,7.74,8.99,543.2,105.3,2.92,0.087,0.148,1.66,,,Ⅲ
2023-04-17T16:00:00+08:00,1681718400,22.0,7.68,9.01,565.8,58.8,2.68,0.058,0.109,2.12,,,Ⅲ
2023-04-17T20:00:00+08:00,1681732800,21.4,7.59,8.83,555.5,63.0,2.16,0.051,0.098,2.0,,,Ⅱ
2023-04-18T00:00:00+08:00,1681747200,21.1,7.52,8.37,549.1,69.1,2.3,0.052,0.102,1.98,,,Ⅲ
2023-04-18T04:00:00+08:00,1681761600,21.0,7.38,7.48,556.3,58.2,2.92,0.057,0.092,2.11,,,Ⅱ
2023-04-18T08:00:00+08:00,1681776000,20.9,7.35,7.59,543.8,59.2,2.28,0.044,0.096,2.01,,,Ⅱ
2023-04-18T12:00:00+08:00,1681790400,21.6,7.3,7.43,557.4,71.7,2.45,0.113,0.108,2.32,,,Ⅲ
2023-04-18T16:00:00+08:00,1681804800,22.4,7.32,7.72,560.1,68.6,1.92,0.097,0.089,2.37,,,Ⅱ
2023-04-18T20:00:00+08:00,1681819200,22.1,7.14,6.37,567.8,123.6,1.82,0.164,0.101,2.33,,,Ⅲ
2023-04-19T00:00:00+08:00,1681833600,22.0,7.12,5.77,567.4,112.6,1.63,0.125,0.099,2.36,,,Ⅲ
2023-04-19T04:00:00+08:00,1681848000,21.7,7.1,5.26,562.3,97.5,1.63,0.114,0.09,2.41,,,Ⅲ
2023-04-19T08:00:00+08:00,1681862400,21.6,7.09,5.29,554.4,134.8,2.16,0.12,0.114,2.15,,,Ⅲ
2023-04-19T12:00:00+08:00,1681876800,22.1,7.09,5.21,560.6,108.9,1.7,0.173,0.104,2.42,,,Ⅲ
2023-04-19T16:00:00+08:00,1681891200,22.7,7.15,5.91,561.3,111.0,2.71,0.129,0.097,2.37,,,Ⅲ
2023-04-19T20:00:00+08:00,1681905600,22.7,7.16,6.24,549.1,151.6,1.96,0.097,0.111,2.02,,,Ⅲ
2023-04-20T00:00:00+08:00,1681920000,22.6,7.16,6.3,549.7,163.8,1.78,0.107,0.104,2.02,,,Ⅲ
2023-04-20T04:00:00+08:00,1681934400,22.1,7.04,5.07,555.5,153.0,1.45,0.112,0.105,2.18,,,Ⅲ
2023-04-20T08:00:00+08:00,1681948800,22.0,7.05,4.95,545.7,166.1,1.95,0.119,0.112,1.94,,,Ⅳ
2023-04-20T12:00:00+08:00,1681963200,22.6,7.2,6.05,544.2,49.0,,0.106,0.107,2.0,,,
2023-04-20T16:00:00+08:00,1681977600,23.3,7.28,6.82,551.8,41.3,2.25,0.091,0.1,2.02,,,Ⅱ
2023-04-20T20:00:00+08:00,1681992000,23.1,7.21,6.48,553.2,49.9,1.72,0.083,0.093,1.9,,,Ⅱ
2023-04-21T00:00:00+08:00,1682006400,22.8,7.12,5.74,564.8,60.9,1.64,0.098,0.102,2.08,,,Ⅲ
2023-04-21T08:00:00+08:00,1682035200,21.8,7.1,5.04,573.2,64.1,1.82,0.125,0.1,2.22,,,Ⅲ
2023-04-21T16:00:00+08:00,1682064000,22.6,7.1,5.24,577.1,121.1,1.92,0.176,0.122,2.26,,,Ⅳ
2023-04-21T20:00:00+08:00,1682078400,21.8,7.15,5.55,567.5,62.4,1.91,0.134,0.101,2.12,,,Ⅲ
2023-04-22T00:00:00+08:00,1682092800,21.0,7.14,5.42,578.5,59.6,1.9,0.134,0.093,2.35,,,Ⅲ
2023-04-22T08:00:00+08:00,1682121600,20.5,7.11,5.2,563.4,66.5,2.11,0.134,0.101,2.16,,,Ⅲ
2023-04-22T12:00:00+08:00,1682136000,20.7,7.14,5.44,568.8,59.5,1.93,0.158,0.1,2.17,,,Ⅲ
2023-04-22T16:00:00+08:00,1682150400,21.2,7.11,5.45,577.3,77.0,1.85,0.209,0.111,2.28,,,Ⅲ
2023-04-22T20:00:00+08:00,1682164800,20.9,7.16,5.63,561.9,94.0,2.18,0.136,0.113,1.9,,,Ⅲ
2023-04-23T04:00:00+08:00,1682193600,20.3,7.1,5.07,548.8,74.6,1.89,0.134,0.099,1.84,,,Ⅲ
2023-04-23T08:00:00+08:00,1682208000,20.0,7.11,5.14,551.9,87.1,2.36,0.168,0.102,1.92,,,Ⅲ
2023-04-23T12:00:00+08:00,1682222400,19.8,7.13,5.32,541.4,69.1,,0.179,0.099,1.93,,,
2023-04-23T16:00:00+08:00,1682236800,19.5,7.11,5.26,548.0,93.0,2.96,0.198,0.102,1.94,,,Ⅲ
2023-04-23T20:00:00+08:00,1682251200,19.2,7.11,5.21,544.0,83.4,2.36,0.169,0.103,1.88,,,Ⅲ
2023-04-24T04:00:00+08:00,1682280000,18.2,7.12,5.25,543.1,63.2,2.46,0.16,0.096,1.88,,,Ⅲ
2023-04-24T08:00:00+08:00,1682294400,18.0,7.13,5.21,556.9,61.6,2.6,0.149,0.091,2.07,,,Ⅲ
2023-04-24T12:00:00+08:00,1682308800,18.2,7.16,5.5,564.4,67.8,2.06,0.173,0.095,2.29,,,Ⅲ
2023-04-24T16:00:00+08:00,1682323200,18.4,7.16,5.62,567.4,79.6,2.14,0.235,0.107,,,,Ⅲ
2023-04-24T20:00:00+08:00,1682337600,18.2,7.16,5.51,563.5,76.5,2.31,0.182,0.098,2.31,,,Ⅲ
2023-04-25T04:00:00+08:00,1682366400,17.8,7.12,5.41,567.4,81.9,1.97,0.215,0.1,2.31,,,Ⅲ
2023-04-25T08:00:00+08:00,1682380800,17.7,7.13,5.44,573.2,71.9,2.55,0.201,0.101,2.3,,,Ⅲ
2023-04-25T12:00:00+08:00,1682395200,17.9,7.03,6.41,475.7,54.2,3.09,0.225,0.099,,,,Ⅱ
2023-04-25T16:00:00+08:00,1682409600,18.5,7.01,6.89,470.2,54.8,1.85,0.187,0.1,2.36,,,Ⅱ
2023-04-25T20:00:00+08:00,1682424000,18.2,7.01,6.7,463.9,60.4,1.98,0.187,0.103,2.31,,,Ⅲ
2023-04-26T04:00:00+08:00,1682452800,17.4,7.1,6.68,463.4,62.4,2.42,0.197,0.098,2.43,,,Ⅱ
2023-04-26T08:00:00+08:00,1682467200,17.1,7.1,6.96,454.1,50.2,2.4,0.182,0.097,2.11,,,Ⅱ
2023-04-26T12:00:00+08:00,1682481600,18.4,7.17,7.49,448.9,64.9,,0.169,,1.96,,,
2023-04-26T16:00:00+08:00,1682496000,19.6,7.13,7.68,447.5,55.5,,0.16,0.089,2.05,,,
2023-04-26T20:00:00+08:00,1682510400,19.4,7.17,7.49,450.4,65.3,1.17,0.152,0.1,2.06,,,Ⅱ
2023-04-27T04:00:00+08:00,1682539200,18.3,7.71,9.47,457.9,86.8,1.96,0.089,0.104,1.94,,,Ⅲ
2023-04-27T08:00:00+08:00,1682553600,18.1,7.19,7.7,448.7,57.3,,0.14,0.092,1.9,,,
2023-04-27T12:00:00+08:00,1682568000,19.8,7.18,8.02,446.3,66.0,0.68,0.119,0.097,1.86,,,Ⅱ
2023-04-27T16:00:00+08:00,1682582400,20.2,7.25,8.49,446.5,96.8,,0.153,0.12,1.79,,,
2023-04-27T20:00:00+08:00,1682596800,20.2,7.7,9.96,450.9,106.7,2.3,0.073,0.125,1.71,,,Ⅲ
2023-04-28T04:00:00+08:00,1682625600,19.3,7.22,8.05,445.6,74.1,2.82,0.122,0.098,1.72,,,Ⅱ
2023-04-28T08:00:00+08:00,1682640000,19.3,7.25,8.12,451.0,48.2,3.09,0.115,0.089,1.94,,,Ⅱ
2023-04-28T12:00:00+08:00,1682654400,20.5,7.18,7.64,479.9,51.5,2.24,0.215,0.092,2.35,,,Ⅱ
2023-04-28T16:00:00+08:00,1682668800,20.5,7.18,7.75,472.9,54.7,2.47,0.2,0.092,2.32,,,Ⅱ
2023-04-28T20:00:00+08:00,1682683200,20.6,7.15,7.16,468.6,53.9,2.12,0.182,0.089,2.44,,,Ⅱ
2023-04-29T04:00:00+08:00,1682712000,20.5,7.12,6.34,457.3,55.7,1.83,0.166,0.088,2.48,,,Ⅱ
2023-04-29T08:00:00+08:00,1682726400,20.3,7.14,6.65,462.7,76.0,2.32,0.156,0.103,2.31,,,Ⅲ
2023-04-29T12:00:00+08:00,1682740800,20.3,7.14,6.91,460.5,63.4,1.79,0.159,0.099,2.25,,,Ⅱ
2023-04-29T16:00:00+08:00,1682755200,20.5,7.24,7.44,457.0,59.2,2.06,0.132,0.095,2.17,,,Ⅱ
2023-04-29T20:00:00+08:00,1682769600,20.4,7.23,7.24,472.5,71.9,1.95,0.156,0.098,2.21,,,Ⅱ
2023-04-30T04:00:00+08:00,1682798400,19.3,7.22,7.15,468.9,77.7,2.88,0.161,0.102,1.94,,,Ⅲ
2023-04-30T08:00:00+08:00,1682812800,19.3,7.24,7.52,447.1,60.9,3.12,0.109,0.092,1.75,,,Ⅱ
2023-04-30T12:00:00+08:00,1682827200,20.9,7.37,8.67,440.1,59.4,2.81,0.085,0.102,1.74,,,Ⅲ
2023-04-30T16:00:00+08:00,1682841600,21.4,7.4,8.67,434.1,70.1,2.5,0.102,0.095,1.68,,,Ⅱ
2023-04-30T20:00:00+08:00,1682856000,20.9,7.32,8.11,439.4,71.9,2.4,0.109,0.095,1.85,,,Ⅱ
2023-05-01T04:00:00+08:00,1682884800,20.5,7.19,7.14,461.0,71.2,2.52,0.129,0.098,1.9,,,Ⅱ
2023-05-01T08:00:00+08:00,1682899200,20.1,7.14,6.56,491.4,66.1,,0.181,0.099,2.15,,,
2023-05-01T12:00:00+08:00,1682913600,21.7,7.25,7.94,507.7,61.0,2.24,0.172,0.096,2.19,,,Ⅱ
2023-05-01T16:00:00+08:00,1682928000,22.4,7.32,8.66,486.8,66.6,2.64,0.133,0.094,2.05,,,Ⅱ
2023-05-01T20:00:00+08:00,1682942400,21.7,7.28,8.28,460.7,74.4,2.34,0.102,0.09,1.97,,,Ⅱ
2023-05-02T04:00:00+08:00,1682971200,21.1,7.4,9.97,424.7,153.4,3.39,0.083,0.144,1.28,,,Ⅲ
2023-05-02T08:00:00+08:00,1682985600,20.5,7.48,9.81,416.1,205.7,3.43,0.114,0.169,1.01,,,Ⅲ
2023-05-02T12:00:00+08:00,1683000000,21.1,7.44,9.89,523.1,186.5,3.46,0.12,0.168,1.06,,,Ⅲ
2023-05-02T16:00:00+08:00,1683014400,22.0,7.52,10.02,530.3,119.7,3.38,0.098,0.135,1.24,,,Ⅲ
2023-05-02T20:00:00+08:00,1683028800,21.5,7.57,9.62,541.2,142.1,2.76,0.102,0.139,1.27,,,Ⅲ
2023-05-03T04:00:00+08:00,1683057600,20.6,7.3,7.67,548.8,134.8,2.63,0.124,0.135,1.23,,,Ⅲ
2023-05-03T08:00:00+08:00,1683072000,21.1,7.23,7.9,540.2,79.0,2.83,0.095,0.121,1.54,,,Ⅲ
2023-05-03T12:00:00+08:00,1683086400,21.6,7.31,8.63,543.7,73.0,2.79,0.07,0.099,1.69,,,Ⅱ
2023-05-03T16:00:00+08:00,1683100800,21.9,7.39,9.25,543.4,64.7,3.02,0.067,0.092,1.66,,,Ⅱ
2023-05-03T20:00:00+08:00,1683115200,21.9,7.35,8.8,551.9,88.4,2.93,0.074,0.107,1.7,,,Ⅲ
2023-05-04T04:00:00+08:00,1683144000,21.6,7.15,6.85,571.0,54.4,2.47,0.107,0.095,2.03,,,Ⅱ
2023-05-04T08:00:00+08:00,1683158400,21.8,7.12,6.54,572.2,48.7,2.33,0.122,0.091,2.13,,,Ⅱ
2023-05-04T12:00:00+08:00,1683172800,22.8,7.17,7.38,569.8,44.7,2.07,0.119,0.089,2.25,,,Ⅱ
2023-05-04T16:00:00+08:00,1683187200,23.0,7.15,7.07,588.2,55.6,1.6,0.158,0.096,2.39,,,Ⅱ
2023-05-04T20:00:00+08:00,1683201600,22.9,7.13,6.56,595.3,72.2,2.15,0.168,0.105,2.34,,,Ⅲ
2023-05-05T04:00:00+08:00,1683230400,22.8,7.14,6.13,630.8,65.8,2.19,0.149,0.105,2.3,,,Ⅲ
2023-05-05T08:00:00+08:00,1683244800,22.5,7.08,5.48,613.0,57.0,2.17,0.228,0.11,2.39,,,Ⅲ
2023-05-05T12:00:00+08:00,1683259200,22.8,7.08,5.57,648.8,56.9,2.34,0.197,0.102,2.43,,,Ⅲ
2023-05-05T16:00:00+08:00,1683273600,23.0,7.05,5.19,652.4,62.5,1.96,0.212,0.109,2.37,,,Ⅲ
2023-05-05T20:00:00+08:00,1683288000,23.0,7.11,5.58,651.5,89.8,1.84,0.188,0.116,2.24,,,Ⅲ
2023-05-06T04:00:00+08:00,1683316800,22.4,7.02,4.7,649.4,78.5,2.08,0.21,0.107,2.7,,,Ⅳ
2023-05-06T08:00:00+08:00,1683331200,22.3,7.02,4.77,627.1,89.8,3.25,0.223,0.114,2.37,,,Ⅳ
2023-05-06T12:00:00+08:00,1683345600,22.6,7.05,4.95,612.0,82.0,2.9,0.187,0.101,2.27,,,Ⅳ
2023-05-06T16:00:00+08:00,1683360000,22.7,7.05,5.01,612.2,72.2,1.93,0.179,0.093,2.15,,,Ⅲ
2023-05-06T20:00:00+08:00,1683374400,22.4,7.08,5.78,607.0,149.4,2.02,0.192,0.118,1.88,,,Ⅲ
2023-05-07T04:00:00+08:00,1683403200,21.1,7.07,5.32,558.9,86.3,2.12,0.225,0.101,2.21,,,Ⅲ
2023-05-07T08:00:00+08:00,1683417600,21.1,7.06,4.92,601.7,97.2,2.02,0.223,0.096,2.11,,,Ⅳ
2023-05-07T12:00:00+08:00,1683432000,21.3,7.08,5.21,590.8,84.7,2.08,0.206,0.098,2.05,,,Ⅲ
2023-05-07T16:00:00+08:00,1683446400,21.4,7.09,5.53,591.1,100.8,2.34,0.217,0.106,2.03,,,Ⅲ
2023-05-07T20:00:00+08:00,1683460800,21.2,7.09,5.42,616.2,100.7,2.26,0.218,0.096,2.2,,,Ⅲ
2023-05-08T04:00:00+08:00,1683489600,20.5,7.15,5.6,609.3,106.4,2.33,0.214,0.106,2.09,,,Ⅲ
2023-05-08T08:00:00+08:00,1683504000,20.4,7.15,5.92,583.0,109.5,2.63,0.2,0.106,1.85,,,Ⅲ
2023-05-08T12:00:00+08:00,1683518400,20.9,7.15,6.43,564.5,138.6,2.07,0.238,0.114,1.5,,,Ⅲ
2023-05-08T16:00:00+08:00,1683532800,21.6,7.15,7.04,561.1,120.2,2.55,0.194,0.111,1.66,,,Ⅲ
2023-05-08T20:00:00+08:00,1683547200,21.2,7.19,7.25,558.7,118.2,2.22,0.182,0.107,1.72,,,Ⅲ
2023-05-09T04:00:00+08:00,1683576000,20.4,7.13,6.41,561.4,109.9,2.2,0.187,0.107,1.8,,,Ⅲ
2023-05-09T08:00:00+08:00,1683590400,20.1,7.11,6.09,570.5,98.8,2.22,0.207,0.106,1.97,,,Ⅲ
2023-05-09T12:00:00+08:00,1683604800,21.1,7.36,7.02,671.3,65.3,1.96,0.216,0.112,2.12,,,Ⅲ
2023-05-09T16:00:00+08:00,1683619200,22.1,7.04,6.94,664.3,147.9,1.87,0.217,0.124,1.88,,,Ⅲ
2023-05-10T12:00:00+08:00,1683691200,21.0,7.05,5.76,673.9,89.4,2.16,0.268,0.106,2.29,,,Ⅲ
2023-05-10T16:00:00+08:00,1683705600,21.4,7.1,6.15,662.6,144.3,1.9,0.272,0.126,2.0,,,Ⅲ
2023-05-10T20:00:00+08:00,1683720000,21.3,7.09,6.17,654.7,59.2,2.28,0.221,0.097,2.31,,,Ⅱ
2023-05-11T00:00:00+08:00,1683734400,21.1,7.04,5.68,648.1,65.8,1.92,0.237,0.096,2.35,,,Ⅲ
2023-05-11T04:00:00+08:00,1683748800,20.8,7.07,5.69,650.6,63.1,1.99,0.228,0.095,2.42,,,Ⅲ
2023-05-11T08:00:00+08:00,1683763200,20.5,7.06,5.44,653.4,51.4,2.52,0.25,0.099,2.53,,,Ⅲ
2023-05-11T12:00:00+08:00,1683777600,20.8,7.05,5.45,657.4,48.7,2.19,0.262,0.094,2.55,,,Ⅲ
2023-05-11T16:00:00+08:00,1683792000,20.9,7.08,5.74,651.4,44.4,1.94,0.246,0.086,2.55,,,Ⅲ
2023-05-11T20:00:00+08:00,1683806400,20.6,7.08,5.86,639.7,54.4,2.09,0.239,0.103,2.38,,,Ⅲ
2023-05-12T00:00:00+08:00,1683820800,20.5,7.05,5.72,646.2,60.9,2.16,0.234,0.109,2.4,,,Ⅲ
2023-05-12T04:00:00+08:00,1683835200,20.5,7.04,5.47,649.7,61.0,1.93,0.237,0.097,2.41,,,Ⅲ
2023-05-12T08:00:00+08:00,1683849600,20.4,7.05,5.67,652.6,66.3,2.53,0.227,0.102,2.45,,,Ⅲ
2023-05-12T12:00:00+08:00,1683864000,21.0,7.1,5.95,655.0,57.9,2.39,0.227,0.103,2.52,,,Ⅲ
2023-05-12T16:00:00+08:00,1683878400,22.0,7.1,6.1,656.0,69.6,2.29,0.238,0.103,2.59,,,Ⅲ
2023-05-12T20:00:00+08:00,1683892800,21.6,7.1,6.03,645.1,70.6,2.39,0.262,0.102,2.45,,,Ⅲ
2023-05-13T00:00:00+08:00,1683907200,21.3,7.09,5.94,638.9,69.5,2.25,0.241,0.1,2.33,,,Ⅲ
2023-05-13T04:00:00+08:00,1683921600,20.8,7.09,5.94,639.1,60.5,2.03,0.21,0.104,2.47,,,Ⅲ
2023-05-13T08:00:00+08:00,1683936000,20.6,7.1,6.04,626.2,75.3,2.15,0.205,0.106,2.17,,,Ⅲ
2023-05-13T12:00:00+08:00,1683950400,21.9,7.12,6.58,622.7,77.4,2.09,0.194,0.102,2.04,,,Ⅲ
2023-05-13T16:00:00+08:00,1683964800,22.7,7.13,6.86,628.2,69.9,2.19,0.191,0.098,2.23,,,Ⅱ
2023-05-13T20:00:00+08:00,1683979200,22.6,7.15,6.67,626.6,65.8,2.18,0.183,0.098,2.24,,,Ⅱ
2023-05-14T00:00:00+08:00,1683993600,22.4,7.13,6.41,627.5,51.3,2.12,0.174,0.094,2.42,,,Ⅱ
2023-05-14T04:00:00+08:00,1684008000,21.9,7.15,6.02,627.8,58.1,2.41,0.178,0.103,2.31,,,Ⅲ
2023-05-14T08:00:00+08:00,1684022400,21.7,7.16,6.1,625.5,69.3,3.3,0.178,0.103,2.11,,,Ⅲ
2023-05-14T12:00:00+08:00,1684036800,23.4,7.16,6.73,624.7,66.2,2.09,0.164,0.104,1.99,,,Ⅲ
2023-05-14T16:00:00+08:00,1684051200,24.1,7.19,6.97,632.2,64.3,2.1,0.192,0.092,2.17,,,Ⅱ
2023-05-14T20:00:00+08:00,1684065600,24.1,7.18,6.72,636.9,64.5,2.3,0.257,0.098,2.23,,,Ⅱ
2023-05-15T00:00:00+08:00,1684080000,23.8,7.15,6.41,628.8,49.3,2.54,0.208,0.093,2.19,,,Ⅱ
2023-05-15T04:00:00+08:00,1684094400,23.3,7.08,5.85,622.4,55.4,2.35,0.195,0.1,2.13,,,Ⅲ
2023-05-15T08:00:00+08:00,1684108800,22.9,7.09,5.87,622.7,57.3,2.51,0.2,0.104,2.04,,,Ⅲ
2023-05-15T12:00:00+08:00,1684123200,24.3,7.05,6.96,550.5,50.2,2.64,0.276,0.107,2.05,,,Ⅲ
2023-05-15T16:00:00+08:00,1684137600,25.3,7.15,7.22,545.4,64.2,2.56,0.199,0.113,1.96,,,Ⅲ
2023-05-15T20:00:00+08:00,1684152000,24.9,7.11,6.83,548.2,58.0,2.44,0.164,0.102,1.91,,,Ⅲ
2023-05-16T00:00:00+08:00,1684166400,24.8,7.12,7.38,545.4,54.1,2.31,0.17,0.092,1.96,,,Ⅱ
2023-05-16T04:00:00+08:00,1684180800,24.3,7.04,5.71,558.6,60.1,2.39,0.188,0.105,1.98,,,Ⅲ
2023-05-16T08:00:00+08:00,1684195200,24.2,7.01,5.45,552.6,47.0,2.97,0.161,0.094,2.09,,,Ⅲ
2023-05-17T08:00:00+08:00,1684281600,23.9,7.33,7.39,541.6,204.8,2.7,0.105,0.132,1.42,,,Ⅲ
2023-05-17T12:00:00+08:00,1684296000,23.5,7.52,7.46,542.2,138.7,2.68,0.112,0.116,1.46,,,Ⅲ
2023-05-17T16:00:00+08:00,1684310400,23.5,7.19,6.68,514.2,88.7,2.46,0.138,0.093,1.73,,,Ⅱ
2023-05-17T20:00:00+08:00,1684324800,23.7,7.08,5.31,556.4,82.8,1.87,0.194,0.088,2.03,,,Ⅲ
2023-05-18T00:00:00+08:00,1684339200,23.7,7.05,5.01,566.7,118.5,2.39,0.218,0.101,2.0,,,Ⅲ
2023-05-18T04:00:00+08:00,1684353600,23.4,7.03,4.9,546.5,55.5,2.22,0.173,0.092,2.27,,,Ⅳ
2023-05-18T12:00:00+08:00,1684382400,23.4,7.02,4.54,559.4,76.1,1.94,0.216,0.097,2.28,,,Ⅳ
2023-05-18T16:00:00+08:00,1684396800,23.3,7.06,5.02,554.0,58.6,1.8,0.208,0.097,2.37,,,Ⅲ
2023-05-18T20:00:00+08:00,1684411200,23.1,7.08,4.92,562.1,119.4,1.6,0.231,0.124,2.21,,,Ⅳ
2023-05-19T04:00:00+08:00,1684440000,22.6,7.11,5.07,577.2,67.6,2.07,0.18,0.1,2.34,,,Ⅲ
2023-05-19T08:00:00+08:00,1684454400,22.6,7.09,4.85,590.9,62.8,2.09,0.194,0.101,2.38,,,Ⅳ
2023-05-19T12:00:00+08:00,1684468800,23.2,7.08,4.85,577.3,77.1,,0.233,0.101,2.1,,,
2023-05-19T16:00:00+08:00,1684483200,24.0,7.09,5.3,549.8,86.4,2.03,0.219,0.11,1.94,,,Ⅲ
2023-05-19T20:00:00+08:00,1684497600,23.7,7.1,5.39,547.2,67.6,2.49,0.191,0.097,1.96,,,Ⅲ
2023-05-20T04:00:00+08:00,1684526400,23.4,7.15,5.72,576.2,64.6,2.3,0.178,0.099,2.23,,,Ⅲ
2023-05-20T08:00:00+08:00,1684540800,23.0,7.12,5.49,548.1,61.3,1.62,0.162,0.108,2.14,,,Ⅲ
2023-05-20T12:00:00+08:00,1684555200,23.7,7.13,5.52,558.9,65.9,2.04,0.149,0.097,2.06,,,Ⅲ
2023-05-20T16:00:00+08:00,1684569600,23.8,7.14,6.1,577.4,59.2,2.2,0.153,0.092,1.88,,,Ⅱ
2023-05-20T20:00:00+08:00,1684584000,23.4,7.12,5.96,560.4,73.6,2.36,0.144,0.097,1.85,,,Ⅲ
2023-05-21T04:00:00+08:00,1684612800,23.2,7.13,5.5,548.3,75.3,2.05,0.153,0.1,2.1,,,Ⅲ
2023-05-21T08:00:00+08:00,1684627200,23.1,7.13,5.14,577.0,77.3,2.45,0.167,0.098,2.26,,,Ⅲ
2023-05-21T12:00:00+08:00,1684641600,23.7,7.15,5.19,589.7,72.9,1.2,0.167,0.105,,,,Ⅲ
2023-05-21T16:00:00+08:00,1684656000,24.2,7.14,5.36,560.8,64.9,2.05,0.169,0.099,2.21,,,Ⅲ
2023-05-21T20:00:00+08:00,1684670400,24.2,7.11,5.21,556.4,78.0,2.12,0.154,0.101,2.28,,,Ⅲ
2023-05-22T04:00:00+08:00,1684699200,23.8,7.09,5.1,602.2,103.4,1.47,0.178,0.103,2.23,,,Ⅲ
2023-05-22T08:00:00+08:00,1684713600,22.8,7.08,5.35,562.0,101.9,2.57,0.207,0.1,2.04,,,Ⅲ
2023-05-22T12:00:00+08:00,1684728000,22.7,7.1,5.58,515.9,40.0,2.29,0.195,0.093,2.23,,,Ⅲ
2023-05-22T16:00:00+08:00,1684742400,23.0,7.11,5.59,507.0,72.7,2.1,0.204,0.092,2.12,,,Ⅲ
2023-05-22T20:00:00+08:00,1684756800,22.9,7.15,5.58,505.7,84.6,1.57,0.215,0.099,2.16,,,Ⅲ
2023-05-23T04:00:00+08:00,1684785600,21.8,7.15,5.01,536.3,78.1,2.21,0.232,0.097,1.97,,,Ⅲ
2023-05-23T08:00:00+08:00,1684800000,21.8,7.17,5.48,509.1,90.2,,0.2,0.094,1.89,,,
2023-05-24T12:00:00+08:00,1684900800,21.7,7.36,6.77,515.2,86.5,2.07,0.142,0.103,1.84,,,Ⅲ
2023-05-25T08:00:00+08:00,1684972800,21.3,7.2,5.29,497.2,57.4,2.17,0.194,0.095,2.14,,,Ⅲ
2023-05-25T12:00:00+08:00,1684987200,22.8,7.22,5.53,515.0,54.1,1.96,0.177,0.091,2.25,,,Ⅲ
2023-05-25T16:00:00+08:00,1685001600,23.9,7.22,5.58,512.4,84.8,1.92,0.197,0.109,2.18,,,Ⅲ
2023-05-25T20:00:00+08:00,1685016000,23.9,7.22,5.5,506.5,76.5,1.82,0.175,0.108,2.14,,,Ⅲ
2023-05-26T00:00:00+08:00,1685030400,23.8,7.38,6.42,509.0,78.9,2.93,0.129,0.105,2.04,,,Ⅲ
2023-05-26T04:00:00+08:00,1685044800,23.3,7.21,5.29,517.5,88.2,1.69,0.166,0.1,2.48,,,Ⅲ
2023-05-26T12:00:00+08:00,1685073600,23.1,7.22,5.15,517.6,60.2,3.1,0.204,0.098,2.23,,,Ⅲ
2023-05-26T16:00:00+08:00,1685088000,23.7,7.2,5.22,520.8,53.9,1.31,0.174,0.104,2.18,,,Ⅲ
2023-05-26T20:00:00+08:00,1685102400,23.6,7.14,5.58,443.4,71.2,2.49,0.22,0.12,1.93,,,Ⅲ
2023-05-27T00:00:00+08:00,1685116800,23.9,7.22,5.64,502.2,67.4,2.72,0.146,0.106,2.09,,,Ⅲ
2023-05-27T04:00:00+08:00,1685131200,23.4,7.06,5.14,461.0,64.1,2.52,0.276,0.135,2.31,,,Ⅲ
2023-05-27T08:00:00+08:00,1685145600,23.5,7.09,4.64,521.8,54.8,,0.218,0.116,2.22,,,
2023-05-27T12:00:00+08:00,1685160000,23.8,7.16,4.98,517.5,64.3,2.34,0.216,0.114,2.1,,,Ⅳ
2023-05-27T16:00:00+08:00,1685174400,24.1,7.16,5.33,491.5,56.2,1.59,0.198,0.109,1.97,,,Ⅲ
2023-05-27T20:00:00+08:00,1685188800,24.1,7.16,5.09,491.5,82.2,1.53,0.194,0.109,1.96,,,Ⅲ
2023-05-28T04:00:00+08:00,1685217600,24.1,7.13,4.58,498.8,65.9,2.78,0.185,0.097,2.24,,,Ⅳ
2023-05-28T08:00:00+08:00,1685232000,24.1,7.13,4.5,525.3,61.1,2.84,0.185,0.098,2.26,,,Ⅳ
2023-05-28T12:00:00+08:00,1685246400,25.5,7.15,4.87,517.9,66.2,2.18,0.176,0.106,2.27,,,Ⅳ
2023-05-28T16:00:00+08:00,1685260800,26.6,7.18,5.3,497.0,62.5,1.17,0.153,0.104,2.15,,,Ⅲ
2023-05-28T20:00:00+08:00,1685275200,26.4,7.19,5.36,491.5,93.6,2.8,0.175,0.101,2.0,,,Ⅲ
2023-05-29T00:00:00+08:00,1685289600,26.2,7.15,5.03,489.0,74.8,2.79,0.161,0.099,2.01,,,Ⅲ
2023-05-29T04:00:00+08:00,1685304000,26.0,7.12,4.45,495.9,67.8,1.52,0.156,0.102,2.1,,,Ⅳ
2023-05-29T12:00:00+08:00,1685332800,27.0,7.17,4.68,513.7,73.0,1.41,0.157,0.108,2.04,,,Ⅳ
2023-05-29T16:00:00+08:00,1685347200,26.7,7.1,5.97,335.9,191.4,4.3,1.109,0.162,2.4,,,Ⅳ
2023-05-29T20:00:00+08:00,1685361600,27.5,7.14,5.13,466.2,77.4,3.67,0.302,0.108,2.07,,,Ⅲ
2023-05-30T04:00:00+08:00,1685390400,26.7,7.09,3.84,510.1,68.7,2.44,0.209,0.099,2.0,,,Ⅳ
2023-05-30T08:00:00+08:00,1685404800,26.5,7.06,3.38,494.4,66.2,3.82,0.223,0.099,2.12,,,Ⅳ
2023-05-30T12:00:00+08:00,1685419200,27.0,7.07,4.48,483.6,59.7,3.38,0.204,0.102,1.94,,,Ⅳ
2023-05-30T16:00:00+08:00,1685433600,27.2,7.09,4.67,474.6,89.3,2.75,0.184,0.104,1.7,,,Ⅳ
2023-05-30T20:00:00+08:00,1685448000,27.0,7.08,4.51,477.2,82.4,3.27,0.171,0.103,1.82,,,Ⅳ
2023-05-31T04:00:00+08:00,1685476800,26.4,7.03,3.48,503.0,65.2,3.63,0.208,0.099,1.8,,,Ⅳ
2023-05-31T08:00:00+08:00,1685491200,26.2,7.03,3.33,507.9,74.3,3.51,0.202,0.1,1.74,,,Ⅳ
2023-05-31T12:00:00+08:00,1685505600,26.4,7.03,3.63,501.4,57.1,3.42,0.235,0.105,1.92,,,Ⅳ
2023-05-31T16:00:00+08:00,1685520000,26.6,7.06,4.18,468.8,67.2,2.94,0.176,0.105,1.66,,,Ⅳ
2023-05-31T20:00:00+08:00,1685534400,26.4,7.06,4.11,480.8,75.9,3.03,0.177,0.108,1.75,,,Ⅳ
2023-06-01T04:00:00+08:00,1685563200,25.9,7.01,3.23,516.9,68.8,1.98,0.221,0.107,1.99,,,Ⅳ
2023-06-01T08:00:00+08:00,1685577600,25.8,7.02,3.15,513.6,70.4,3.75,0.234,0.11,1.9,,,Ⅳ
2023-06-01T12:00:00+08:00,1685592000,26.4,7.04,3.51,491.8,75.2,2.0,0.217,0.11,1.96,,,Ⅳ
2023-06-02T12:00:00+08:00,1685678400,27.0,7.05,4.21,533.2,75.6,3.23,0.142,0.1,2.03,,,Ⅳ
2023-06-03T20:00:00+08:00,1685793600,27.5,7.11,4.42,547.0,67.4,2.42,0.139,0.11,1.79,,,Ⅳ
2023-06-04T04:00:00+08:00,1685822400,26.5,7.06,3.5,531.8,54.1,2.14,0.139,0.104,1.67,,,Ⅳ
2023-06-04T08:00:00+08:00,1685836800,26.0,7.09,3.67,566.8,51.2,2.56,0.131,0.107,1.91,,,Ⅳ
2023-06-04T12:00:00+08:00,1685851200,26.3,7.11,3.89,570.5,55.0,2.34,0.132,0.11,1.97,,,Ⅳ
2023-06-04T16:00:00+08:00,1685865600,26.4,7.12,3.71,553.7,80.2,2.03,0.133,0.112,1.89,,,Ⅳ
2023-06-04T20:00:00+08:00,1685880000,26.0,7.05,3.39,532.4,53.0,3.21,0.131,0.102,1.79,,,Ⅳ
2023-06-05T00:00:00+08:00,1685894400,25.6,7.1,3.99,542.2,69.9,3.16,0.144,0.11,1.95,,,Ⅳ
2023-06-05T04:00:00+08:00,1685908800,25.4,7.11,3.72,557.1,46.6,2.32,0.141,0.102,2.21,,,Ⅳ
2023-06-05T08:00:00+08:00,1685923200,25.0,7.1,3.53,583.9,53.2,3.43,0.172,0.11,2.22,,,Ⅳ
2023-06-05T12:00:00+08:00,1685937600,24.3,7.04,4.27,521.8,54.4,2.1,0.265,0.118,2.32,,,Ⅳ
2023-06-05T16:00:00+08:00,1685952000,24.6,7.09,4.03,545.6,62.3,3.4,0.229,0.117,2.36,,,Ⅳ
2023-06-05T20:00:00+08:00,1685966400,24.4,7.09,3.74,553.6,76.2,2.23,0.228,0.121,2.34,,,Ⅳ
2023-06-06T00:00:00+08:00,1685980800,24.1,7.07,3.55,574.6,62.7,2.19,0.239,0.118,2.48,,,Ⅳ
2023-06-06T04:00:00+08:00,1685995200,23.9,7.07,4.06,545.0,68.4,3.4,0.266,0.124,2.32,,,Ⅳ
2023-06-06T08:00:00+08:00,1686009600,24.0,7.07,3.75,550.9,57.1,3.07,0.215,0.117,2.3,,,Ⅳ
2023-06-06T12:00:00+08:00,1686024000,24.1,7.07,3.38,554.4,61.8,2.27,0.298,0.116,2.31,,,Ⅳ
2023-06-06T16:00:00+08:00,1686038400,24.7,7.12,3.74,565.9,70.6,3.66,0.228,0.124,2.28,,,Ⅳ
2023-06-06T20:00:00+08:00,1686052800,24.6,7.12,3.51,553.6,68.2,3.31,0.223,0.119,2.21,,,Ⅳ
2023-06-07T00:00:00+08:00,1686067200,24.2,7.09,3.45,575.6,79.1,2.72,0.214,0.116,2.13,,,Ⅳ
2023-06-07T04:00:00+08:00,1686081600,24.1,7.08,3.27,585.7,73.2,2.3,0.217,0.117,,,,Ⅳ
2023-06-07T08:00:00+08:00,1686096000,23.9,7.05,3.12,550.2,72.0,2.83,0.235,0.117,,,,Ⅳ
2023-06-07T12:00:00+08:00,1686110400,24.5,7.07,3.62,530.6,67.6,2.58,0.211,0.118,2.0,,,Ⅳ
2023-06-07T16:00:00+08:00,1686124800,25.3,7.03,4.28,526.6,62.8,3.83,0.191,0.118,1.94,,,Ⅳ
2023-06-07T20:00:00+08:00,1686139200,25.2,7.04,4.02,532.5,67.1,3.08,0.193,0.117,2.04,,,Ⅳ
2023-06-08T00:00:00+08:00,1686153600,25.1,7.07,3.6,539.2,62.2,3.51,0.192,0.113,2.08,,,Ⅳ
2023-06-08T12:00:00+08:00,1686196800,25.8,6.94,3.87,542.9,35.7,2.8,0.199,0.116,2.02,,,Ⅳ
2023-06-08T16:00:00+08:00,1686211200,26.8,6.96,4.13,476.9,41.6,2.57,0.234,0.112,2.25,,,Ⅳ
2023-06-08T20:00:00+08:00,1686225600,26.8,7.01,4.02,475.4,52.3,2.1,0.218,0.12,2.21,,,Ⅳ
2023-06-09T00:00:00+08:00,1686240000,26.5,7.01,3.78,483.0,49.6,2.38,0.203,0.115,2.12,,,Ⅳ
2023-06-09T04:00:00+08:00,1686254400,26.0,7.02,3.31,486.4,49.5,2.48,0.207,0.123,2.03,,,Ⅳ
2023-06-09T08:00:00+08:00,1686268800,25.8,7.02,3.13,482.7,49.8,2.7,0.202,0.112,1.92,,,Ⅳ
2023-06-09T12:00:00+08:00,1686283200,27.1,7.04,3.29,474.4,40.9,,0.178,0.104,2.04,,,
2023-06-09T20:00:00+08:00,1686312000,27.8,7.28,4.05,478.8,53.0,1.21,0.162,0.116,1.99,,,Ⅳ
2023-06-10T00:00:00+08:00,1686326400,27.9,7.35,4.58,477.4,49.1,0.91,0.11,0.109,1.8,,,Ⅳ
2023-06-10T04:00:00+08:00,1686340800,27.4,7.28,3.52,480.7,39.5,1.18,0.122,0.098,1.91,,,Ⅳ
2023-06-10T08:00:00+08:00,1686355200,27.1,7.3,3.54,483.1,34.7,,0.12,0.102,1.98,,,
2023-06-10T12:00:00+08:00,1686369600,28.0,7.28,3.4,488.8,40.2,,0.222,0.118,1.96,,,
2023-06-10T16:00:00+08:00,1686384000,29.2,7.34,4.3,472.0,56.6,,0.133,0.115,1.73,,,
2023-06-10T20:00:00+08:00,1686398400,29.0,7.32,4.36,461.2,67.2,2.65,0.114,0.11,1.65,,,Ⅳ
2023-06-11T00:00:00+08:00,1686412800,28.2,7.59,5.63,476.4,130.7,3.34,0.098,0.142,1.28,,,Ⅲ
2023-06-11T04:00:00+08:00,1686427200,28.0,7.34,3.8,467.0,54.7,3.04,0.118,0.109,1.78,,,Ⅳ
2023-06-11T08:00:00+08:00,1686441600,27.6,7.27,3.08,476.6,43.5,2.91,0.13,0.106,2.12,,,Ⅳ
2023-06-11T12:00:00+08:00,1686456000,27.6,7.27,3.38,478.2,40.5,2.76,0.14,0.108,2.02,,,Ⅳ
2023-06-11T16:00:00+08:00,1686470400,28.4,7.3,3.87,462.7,47.8,3.05,0.11,0.107,1.78,,,Ⅳ
2023-06-11T20:00:00+08:00,1686484800,28.4,7.35,4.09,451.8,65.2,2.76,0.108,0.113,1.59,,,Ⅳ
2023-06-12T00:00:00+08:00,1686499200,27.9,7.34,3.67,448.6,57.3,2.82,0.11,0.111,1.77,,,Ⅳ
2023-06-12T04:00:00+08:00,1686513600,27.6,7.32,3.49,466.4,61.4,2.8,0.107,0.107,1.97,,,Ⅳ
2023-06-12T08:00:00+08:00,1686528000,27.2,7.33,3.46,482.0,53.7,2.87,0.11,0.112,1.95,,,Ⅳ
2023-06-12T12:00:00+08:00,1686542400,28.2,7.32,3.74,461.5,56.7,2.79,0.109,0.109,1.62,,,Ⅳ
2023-06-12T16:00:00+08:00,1686556800,28.6,7.32,3.46,453.4,50.1,3.11,0.121,0.115,1.69,,,Ⅳ
2023-06-12T20:00:00+08:00,1686571200,28.3,7.29,3.44,452.3,70.9,3.43,0.108,0.12,1.46,,,Ⅳ
2023-06-13T00:00:00+08:00,1686585600,27.9,7.39,4.34,462.1,63.0,2.88,0.077,0.114,1.55,,,Ⅳ
2023-06-13T04:00:00+08:00,1686600000,27.6,7.29,3.4,459.1,55.4,3.29,0.104,0.113,1.7,,,Ⅳ
2023-06-13T08:00:00+08:00,1686614400,27.4,7.3,3.37,468.5,53.2,3.08,0.094,0.116,1.75,,,Ⅳ
2023-06-13T12:00:00+08:00,1686628800,27.5,7.29,3.08,489.0,44.4,3.04,0.154,0.116,1.95,,,Ⅳ
2023-06-13T16:00:00+08:00,1686643200,27.5,7.3,3.5,471.0,47.7,2.98,0.105,0.66,,,,劣Ⅴ
2023-06-13T20:00:00+08:00,1686657600,27.4,7.29,3.26,453.1,55.4,2.73,0.143,0.131,1.79,,,Ⅳ
2023-06-14T00:00:00+08:00,1686672000,27.3,7.33,3.68,452.1,54.9,2.84,0.116,0.119,1.76,,,Ⅳ
2023-06-14T04:00:00+08:00,1686686400,27.0,7.29,3.24,453.1,55.0,2.77,0.104,0.119,1.84,,,Ⅳ
2023-06-14T08:00:00+08:00,1686700800,26.8,7.32,3.32,478.9,49.8,2.44,0.107,0.117,1.97,,,Ⅳ
2023-06-14T12:00:00+08:00,1686715200,27.6,7.34,3.22,493.1,46.3,2.56,0.152,0.013,2.18,,,Ⅳ
2023-06-14T16:00:00+08:00,1686729600,28.3,7.23,4.09,476.0,50.4,2.95,0.104,0.111,1.79,,,Ⅳ
2023-06-14T20:00:00+08:00,1686744000,28.0,7.22,4.07,459.8,74.8,2.8,0.11,0.103,1.66,,,Ⅳ
2023-06-15T00:00:00+08:00,1686758400,27.6,7.2,3.24,460.9,61.3,2.99,0.153,0.111,1.62,,,Ⅳ
2023-06-15T04:00:00+08:00,1686772800,27.3,7.25,3.49,469.9,64.6,2.74,0.103,0.108,1.68,,,Ⅳ
2023-06-15T08:00:00+08:00,1686787200,27.0,7.26,3.31,495.6,52.9,2.7,0.1,0.105,1.8,,,Ⅳ
2023-06-16T08:00:00+08:00,1686873600,27.5,7.35,4.02,451.4,75.9,2.42,0.075,0.112,1.55,,,Ⅳ
2023-06-16T12:00:00+08:00,1686888000,27.6,7.17,3.45,529.1,34.0,2.36,0.174,0.126,1.98,,,Ⅳ
2023-06-16T16:00:00+08:00,1686902400,27.6,7.22,2.57,546.9,31.8,2.87,0.125,0.124,1.83,,,Ⅴ
2023-06-16T20:00:00+08:00,1686916800,27.5,7.53,6.03,530.4,52.3,3.0,0.053,0.113,1.49,,,Ⅲ
2023-06-19T04:00:00+08:00,1687118400,24.9,7.1,3.35,415.8,108.7,4.7,0.226,0.164,2.55,,,Ⅳ
2023-06-19T08:00:00+08:00,1687132800,24.6,7.03,3.81,369.5,92.0,4.53,0.244,0.161,2.73,,,Ⅳ
2023-06-19T12:00:00+08:00,1687147200,24.9,6.98,3.43,381.7,109.9,4.64,0.208,0.175,3.0,,,Ⅳ
2023-06-19T16:00:00+08:00,1687161600,25.1,6.9,3.98,319.6,100.1,4.59,0.221,0.174,3.1,,,Ⅳ
2023-06-19T20:00:00+08:00,1687176000,25.1,6.91,3.79,327.4,171.6,4.78,0.238,0.193,2.84,,,Ⅳ
2023-06-20T00:00:00+08:00,1687190400,25.2,6.78,3.17,302.3,139.3,5.03,0.244,0.229,3.12,,,Ⅳ
2023-06-20T08:00:00+08:00,1687219200,25.1,6.88,2.07,370.6,100.6,4.76,0.353,0.211,4.21,,,Ⅴ
2023-06-20T12:00:00+08:00,1687233600,25.6,7.25,1.96,381.7,94.9,4.38,0.333,0.212,4.26,,,劣Ⅴ
2023-06-20T16:00:00+08:00,1687248000,26.3,7.29,1.84,404.0,87.8,4.19,0.393,0.201,4.24,,,劣Ⅴ
2023-06-20T20:00:00+08:00,1687262400,26.2,7.3,1.7,423.5,89.2,4.32,0.453,0.202,4.26,,,劣Ⅴ
2023-06-21T00:00:00+08:00,1687276800,26.0,7.33,1.52,432.4,83.8,4.01,0.468,0.199,4.28,,,劣Ⅴ
2023-06-21T08:00:00+08:00,1687305600,26.0,7.37,1.41,428.5,73.3,4.22,0.461,0.203,4.28,,,劣Ⅴ
2023-06-21T12:00:00+08:00,1687320000,27.2,7.4,1.91,434.8,83.7,3.75,0.385,0.19,4.37,,,劣Ⅴ
2023-06-21T16:00:00+08:00,1687334400,27.6,7.43,2.57,416.1,72.0,3.74,0.282,0.19,4.35,,,Ⅴ
2023-06-21T20:00:00+08:00,1687348800,27.6,7.44,2.7,432.2,78.2,3.62,0.209,0.199,4.41,,,Ⅴ
2023-06-22T00:00:00+08:00,1687363200,27.5,7.49,2.75,460.8,87.9,3.52,0.174,0.185,4.39,,,Ⅴ
2023-06-22T04:00:00+08:00,1687377600,27.2,7.49,2.48,448.6,74.7,3.18,0.135,0.185,4.41,,,Ⅴ
2023-06-22T08:00:00+08:00,1687392000,27.3,7.49,2.56,436.8,77.8,3.44,0.14,0.189,4.44,,,Ⅴ
2023-06-22T12:00:00+08:00,1687406400,27.6,7.46,2.56,419.8,73.8,,0.117,,,,,
2023-06-22T16:00:00+08:00,1687420800,27.9,7.52,3.85,413.4,84.6,3.77,0.091,0.12,1.7,,,Ⅳ
2023-06-25T04:00:00+08:00,1687636800,25.6,7.58,2.35,348.2,57.0,3.62,0.035,0.131,1.65,,,Ⅴ
2023-06-25T08:00:00+08:00,1687651200,25.7,7.56,2.06,358.8,56.8,3.64,0.027,0.136,1.69,,,Ⅴ
2023-06-25T12:00:00+08:00,1687665600,25.6,7.56,2.44,362.0,61.3,3.47,0.184,0.131,1.66,,,Ⅴ
2023-06-25T16:00:00+08:00,1687680000,25.9,7.58,2.56,364.5,80.3,3.47,0.11,0.132,1.67,,,Ⅴ
2023-06-25T20:00:00+08:00,1687694400,25.7,7.56,2.01,369.4,71.1,3.51,0.075,0.132,1.69,,,Ⅴ
2023-06-26T00:00:00+08:00,1687708800,25.7,7.57,1.51,373.4,60.4,3.36,0.057,0.142,1.69,,,劣Ⅴ
2023-06-26T08:00:00+08:00,1687737600,25.2,7.54,1.81,368.2,68.0,3.16,0.313,0.132,1.71,,,劣Ⅴ
2023-06-26T09:08:00+08:00,1687741680,,,,,,,,,,,,
2023-06-26T12:00:00+08:00,1687752000,25.3,7.57,2.14,371.6,75.9,4.11,0.245,0.139,1.7,,,Ⅴ
2023-06-26T16:00:00+08:00,1687766400,25.9,7.53,1.93,350.4,113.0,3.58,0.239,0.137,1.67,,,劣Ⅴ
2023-06-26T20:00:00+08:00,1687780800,26.0,7.54,2.22,344.0,73.4,3.76,0.243,0.136,1.68,,,Ⅴ
2023-06-27T00:00:00+08:00,1687795200,25.9,7.55,1.85,346.1,79.1,3.62,0.248,0.13,1.71,,,劣Ⅴ
2023-06-27T04:00:00+08:00,1687809600,25.9,7.54,1.36,350.9,67.7,3.41,0.248,0.126,1.73,,,劣Ⅴ
2023-06-27T08:00:00+08:00,1687824000,25.9,7.53,1.23,354.3,77.9,3.58,0.251,0.129,1.7,,,劣Ⅴ
2023-06-27T12:00:00+08:00,1687838400,26.6,7.56,1.58,355.7,76.9,3.39,0.253,0.122,1.73,,,劣Ⅴ
2023-06-27T16:00:00+08:00,1687852800,27.0,7.58,2.16,404.9,81.6,3.32,0.256,0.122,1.72,,,Ⅴ
2023-06-27T20:00:00+08:00,1687867200,27.0,7.63,2.38,428.3,77.6,3.35,0.258,0.121,,,,Ⅴ
2023-06-28T00:00:00+08:00,1687881600,26.9,7.62,2.49,384.9,74.1,3.13,0.265,0.121,1.76,,,Ⅴ
2023-06-28T04:00:00+08:00,1687896000,26.8,7.63,2.16,370.2,71.4,3.27,0.266,0.119,1.74,,,Ⅴ
2023-06-28T08:00:00+08:00,1687910400,26.9,7.62,1.82,361.9,74.4,3.39,0.267,0.121,1.73,,,劣Ⅴ
2023-06-28T12:00:00+08:00,1687924800,27.6,7.6,2.01,364.7,96.0,3.17,0.274,0.123,1.8,,,Ⅴ
2023-06-28T16:00:00+08:00,1687939200,28.4,7.6,2.03,364.3,88.8,3.02,0.273,0.126,1.77,,,Ⅴ
2023-06-28T20:00:00+08:00,1687953600,28.4,7.6,2.23,375.6,93.2,3.07,0.269,0.12,1.78,,,Ⅴ
2023-06-29T00:00:00+08:00,1687968000,28.2,7.61,1.8,401.1,79.0,3.07,0.273,0.116,1.84,,,劣Ⅴ
2023-06-29T04:00:00+08:00,1687982400,28.2,7.63,1.59,396.7,74.0,2.83,0.272,0.115,1.8,,,劣Ⅴ
2023-06-29T08:00:00+08:00,1687996800,28.3,7.64,1.4,372.2,79.5,3.01,0.275,0.111,1.8,,,劣Ⅴ
2023-06-29T12:00:00+08:00,1688011200,29.1,7.59,2.09,366.9,85.8,4.26,0.258,0.14,1.56,,,Ⅴ
2023-06-29T16:00:00+08:00,1688025600,28.8,7.57,2.57,356.8,93.8,4.06,0.245,0.123,1.64,,,Ⅴ
2023-06-29T20:00:00+08:00,1688040000,28.7,7.58,1.47,364.7,89.9,4.21,0.248,0.119,1.62,,,劣Ⅴ
2023-06-30T00:00:00+08:00,1688054400,28.7,7.57,0.73,364.2,76.2,4.33,0.248,0.116,1.68,,,劣Ⅴ
2023-06-30T08:00:00+08:00,1688083200,27.9,7.58,1.4,339.8,67.8,4.44,0.254,0.117,1.67,,,劣Ⅴ
2023-06-30T12:00:00+08:00,1688097600,28.2,7.55,0.02,385.6,65.5,4.54,0.258,0.116,1.68,,,劣Ⅴ
2023-06-30T20:00:00+08:00,1688126400,27.6,7.55,0.23,353.8,66.4,4.78,0.262,0.113,1.7,,,劣Ⅴ
2023-07-01T00:00:00+08:00,1688140800,27.5,7.51,0.52,334.1,69.7,4.66,0.259,0.112,1.71,,,劣Ⅴ
2023-07-01T04:00:00+08:00,1688155200,27.3,7.51,,365.0,76.1,4.85,0.258,0.116,1.72,,,
2023-07-01T08:00:00+08:00,1688169600,27.2,7.45,,325.3,82.4,5.32,0.261,0.112,1.71,,,
2023-07-01T16:00:00+08:00,1688198400,28.4,7.52,2.57,354.5,64.9,6.79,0.319,0.178,2.18,,,Ⅴ
2023-07-01T20:00:00+08:00,1688212800,28.2,7.52,2.46,356.2,60.5,5.51,0.256,0.189,2.29,,,Ⅴ
2023-07-02T00:00:00+08:00,1688227200,27.6,7.56,2.19,349.6,47.4,5.56,0.208,0.187,2.28,,,Ⅴ
2023-07-02T04:00:00+08:00,1688241600,27.4,7.53,2.06,350.8,53.8,5.3,0.186,0.172,2.28,,,Ⅴ
2023-07-02T08:00:00+08:00,1688256000,27.8,7.56,1.9,349.0,56.3,5.29,0.194,0.178,2.24,,,劣Ⅴ
2023-07-02T12:00:00+08:00,1688270400,28.6,7.54,2.3,350.8,53.0,5.48,0.193,0.169,2.12,,,Ⅴ
2023-07-02T20:00:00+08:00,1688299200,28.4,7.46,1.58,355.9,73.0,5.23,0.23,0.188,1.97,,,劣Ⅴ
2023-07-03T08:00:00+08:00,1688342400,27.7,7.48,,362.4,58.6,5.26,0.271,0.192,2.06,,,
2023-07-03T09:38:00+08:00,1688348280,,,,,,,,,,,,
2023-07-03T12:00:00+08:00,1688356800,27.1,7.44,2.19,375.7,19.8,6.06,0.5,0.22,2.16,,,Ⅴ
2023-07-03T16:00:00+08:00,1688371200,27.4,7.5,2.22,413.0,68.1,5.85,0.334,0.215,2.17,,,Ⅴ
2023-07-03T20:00:00+08:00,1688385600,27.0,7.5,2.1,391.9,78.6,5.72,0.261,0.202,2.17,,,Ⅴ
2023-07-04T00:00:00+08:00,1688400000,26.8,7.51,1.5,389.8,73.2,5.39,0.239,0.2,2.09,,,劣Ⅴ
2023-07-04T04:00:00+08:00,1688414400,26.5,7.53,1.62,376.3,81.2,5.31,0.232,0.188,2.13,,,劣Ⅴ
2023-07-04T08:00:00+08:00,1688428800,26.5,7.53,1.76,374.1,86.6,5.53,0.229,0.192,2.09,,,劣Ⅴ
2023-07-04T12:00:00+08:00,1688443200,27.4,7.55,2.12,377.0,86.7,5.35,0.205,0.187,2.02,,,Ⅴ
2023-07-04T16:00:00+08:00,1688457600,28.1,7.55,2.82,380.0,90.2,5.24,0.171,0.179,1.92,,,Ⅴ
2023-07-04T20:00:00+08:00,1688472000,27.9,7.57,2.94,384.2,91.1,5.45,0.152,0.183,1.82,,,Ⅴ
2023-07-05T00:00:00+08:00,1688486400,27.5,7.59,2.84,401.6,89.6,5.55,0.129,0.177,1.77,,,Ⅴ
2023-07-05T04:00:00+08:00,1688500800,26.8,7.57,2.5,401.8,94.7,5.24,0.136,0.176,1.73,,,Ⅴ
2023-07-05T08:00:00+08:00,1688515200,26.7,7.55,1.99,390.2,83.7,5.12,0.137,0.17,1.73,,,劣Ⅴ
2023-07-05T12:00:00+08:00,1688529600,27.5,7.58,2.43,412.2,92.1,4.93,0.11,0.171,,,,Ⅴ
2023-07-05T16:00:00+08:00,1688544000,29.0,7.7,4.91,397.1,84.1,4.79,0.077,0.167,1.54,,,Ⅳ
2023-07-05T20:00:00+08:00,1688558400,28.4,7.64,3.35,385.6,108.6,4.94,0.078,0.166,1.45,,,Ⅳ
2023-07-06T00:00:00+08:00,1688572800,28.0,7.62,2.97,384.9,109.6,4.88,0.079,0.166,1.38,,,Ⅴ
2023-07-06T04:00:00+08:00,1688587200,27.7,7.62,2.73,395.8,107.8,4.72,0.078,0.163,1.26,,,Ⅴ
2023-07-06T08:00:00+08:00,1688601600,27.4,7.61,2.22,413.8,107.6,4.36,0.083,0.172,1.28,,,Ⅴ
2023-07-06T12:00:00+08:00,1688616000,28.0,7.63,2.52,404.8,112.1,4.44,0.079,0.163,1.25,,,Ⅴ
2023-07-06T16:00:00+08:00,1688630400,28.2,7.63,2.89,359.0,116.8,4.94,0.08,0.161,1.26,,,Ⅴ
2023-07-06T20:00:00+08:00,1688644800,28.3,7.6,2.98,383.6,113.8,4.74,0.079,0.166,1.22,,,Ⅴ
2023-07-07T00:00:00+08:00,1688659200,28.0,7.62,2.9,381.8,124.7,4.92,0.074,0.16,1.24,,,Ⅴ
2023-07-07T04:00:00+08:00,1688673600,27.8,7.59,2.31,379.6,106.4,4.76,0.072,0.159,1.31,,,Ⅴ
2023-07-07T08:00:00+08:00,1688688000,27.8,7.57,1.83,380.2,106.2,4.69,0.076,0.162,1.29,,,劣Ⅴ
2023-07-07T16:00:00+08:00,1688716800,28.1,7.64,2.81,412.5,113.2,4.66,0.075,0.165,1.27,,,Ⅴ
2023-07-07T20:00:00+08:00,1688731200,28.0,7.6,2.79,392.8,114.4,4.76,0.076,0.163,1.28,,,Ⅴ
2023-07-08T00:00:00+08:00,1688745600,27.6,7.58,2.91,365.3,119.9,4.79,0.082,0.166,1.38,,,Ⅴ
2023-07-08T04:00:00+08:00,1688760000,27.4,7.56,2.19,364.9,118.8,5.06,0.101,0.169,1.44,,,Ⅴ
2023-07-08T12:00:00+08:00,1688788800,26.6,7.47,2.3,322.2,129.4,5.23,0.136,0.173,1.51,,,Ⅴ
2023-07-08T16:00:00+08:00,1688803200,27.0,7.49,2.11,352.8,134.2,4.98,0.211,0.188,1.71,,,Ⅴ
2023-07-08T20:00:00+08:00,1688817600,26.9,7.46,1.65,337.3,141.1,5.06,0.244,0.198,1.85,,,劣Ⅴ
2023-07-09T00:00:00+08:00,1688832000,26.9,7.51,1.84,353.8,137.8,5.08,0.255,0.214,1.83,,,劣Ⅴ
2023-07-09T10:04:00+08:00,1688868240,,,,,,,,,,,,
2023-07-09T12:00:00+08:00,1688875200,27.4,7.51,1.76,367.1,128.1,5.48,0.28,0.255,2.14,,,劣Ⅴ
2023-07-09T16:00:00+08:00,1688889600,27.7,7.41,2.46,320.9,147.2,5.29,0.501,0.236,2.23,,,Ⅴ
2023-07-09T20:00:00+08:00,1688904000,27.4,7.46,2.49,319.6,153.8,5.38,0.35,0.225,2.16,,,Ⅴ
2023-07-10T00:00:00+08:00,1688918400,27.3,7.5,2.38,325.3,161.2,5.45,0.294,0.222,2.09,,,Ⅴ
2023-07-10T08:00:00+08:00,1688947200,27.0,7.51,2.18,326.7,158.2,5.21,0.308,0.21,2.86,,,Ⅴ
2023-07-10T12:00:00+08:00,1688961600,26.5,7.5,2.42,313.6,160.6,5.4,0.287,0.214,0.45,,,Ⅴ
2023-07-10T16:00:00+08:00,1688976000,27.4,7.56,2.99,319.4,163.5,5.28,0.212,0.203,1.77,,,Ⅴ
2023-07-10T20:00:00+08:00,1688990400,27.1,7.56,2.8,325.2,162.2,5.25,0.197,0.2,1.67,,,Ⅴ
2023-07-11T04:00:00+08:00,1689019200,26.8,7.55,2.17,347.3,164.5,4.96,,0.19,1.7,,,
2023-07-11T08:00:00+08:00,1689033600,26.7,7.56,2.59,370.5,170.8,4.74,,0.193,1.58,,,
2023-07-11T12:00:00+08:00,1689048000,27.4,7.58,2.58,349.2,186.2,4.8,,0.183,1.46,,,
2023-07-11T16:00:00+08:00,1689062400,28.3,7.59,2.9,326.9,173.0,4.82,0.167,0.182,1.42,,,Ⅴ
2023-07-11T20:00:00+08:00,1689076800,28.2,7.58,2.73,325.6,166.8,4.46,0.137,0.176,1.37,,,Ⅴ
2023-07-12T00:00:00+08:00,1689091200,27.9,7.57,2.39,327.2,155.7,4.66,0.114,0.174,1.35,,,Ⅴ
2023-07-12T04:00:00+08:00,1689105600,27.7,7.57,2.17,326.5,154.1,4.55,0.127,0.172,1.33,,,Ⅴ
2023-07-12T08:00:00+08:00,1689120000,27.6,7.55,1.87,329.0,145.4,4.42,0.142,0.171,1.29,,,劣Ⅴ
2023-07-12T12:00:00+08:00,1689134400,28.4,7.57,2.32,344.9,148.6,4.5,0.126,0.174,1.29,,,Ⅴ
2023-07-12T16:00:00+08:00,1689148800,29.3,7.6,2.77,367.0,138.9,4.43,0.093,0.169,1.24,,,Ⅴ
2023-07-12T20:00:00+08:00,1689163200,29.3,7.6,2.75,348.8,134.0,4.41,0.075,0.15,1.22,,,Ⅴ
2023-07-13T00:00:00+08:00,1689177600,29.0,7.6,2.5,336.6,133.1,4.8,0.067,0.157,1.22,,,Ⅴ
2023-07-13T04:00:00+08:00,1689192000,28.7,7.59,2.33,332.2,126.1,4.53,0.063,0.146,1.15,,,Ⅴ
2023-07-13T08:00:00+08:00,1689206400,28.6,7.58,1.76,334.5,123.0,4.6,0.073,0.155,1.15,,,劣Ⅴ
2023-07-13T12:00:00+08:00,1689220800,29.2,7.57,1.47,336.4,116.0,4.65,0.071,0.146,1.18,,,劣Ⅴ
2023-07-13T16:00:00+08:00,1689235200,29.2,7.62,2.73,332.8,114.9,4.29,0.06,0.142,1.13,,,Ⅴ
2023-07-13T20:00:00+08:00,1689249600,29.2,7.63,2.96,333.2,110.3,4.67,0.049,0.144,1.12,,,Ⅴ
2023-07-14T00:00:00+08:00,1689264000,29.0,7.63,2.56,334.3,103.1,4.46,0.047,0.14,1.06,,,Ⅴ
2023-07-14T04:00:00+08:00,1689278400,28.7,7.61,2.29,335.5,99.8,4.32,0.05,0.133,1.08,,,Ⅴ
2023-07-14T12:00:00+08:00,1689307200,29.3,7.61,2.88,337.4,96.7,4.54,0.055,0.142,1.06,,,Ⅴ
2023-07-14T20:00:00+08:00,1689336000,29.7,7.63,3.74,347.7,87.8,4.86,0.056,0.133,1.16,,,Ⅳ
2023-07-15T04:00:00+08:00,1689364800,29.3,7.59,2.7,354.8,78.0,4.99,0.085,0.131,1.36,,,Ⅳ
2023-07-15T08:00:00+08:00,1689379200,29.3,7.63,2.58,356.8,78.7,4.78,0.078,0.131,1.34,,,Ⅴ
2023-07-15T12:00:00+08:00,1689393600,29.3,7.63,2.61,348.9,75.7,4.7,0.075,0.132,1.22,,,Ⅴ
2023-07-15T16:00:00+08:00,1689408000,29.4,7.61,2.72,343.5,74.4,4.45,0.073,0.13,1.17,,,Ⅴ
2023-07-15T20:00:00+08:00,1689422400,29.3,7.62,3.32,344.5,73.3,4.64,0.065,0.133,1.14,,,Ⅳ
2023-07-16T04:00:00+08:00,1689451200,28.8,7.61,2.21,351.1,68.8,4.68,0.082,0.132,1.19,,,Ⅴ
2023-07-16T12:00:00+08:00,1689480000,28.9,7.59,2.53,366.4,67.0,4.62,0.09,0.134,1.22,,,Ⅴ
2023-07-16T16:00:00+08:00,1689494400,29.2,7.61,2.88,353.6,67.4,4.75,0.08,0.14,1.21,,,Ⅴ
2023-07-16T20:00:00+08:00,1689508800,28.5,7.71,4.74,332.7,75.4,4.61,0.064,0.144,1.13,,,Ⅳ
2023-07-17T04:00:00+08:00,1689537600,28.2,7.64,2.38,349.7,67.1,4.83,0.064,0.139,1.15,,,Ⅴ
2023-07-17T08:00:00+08:00,1689552000,27.8,7.7,3.1,342.5,76.2,4.8,0.07,0.139,1.16,,,Ⅳ
2023-07-17T12:00:00+08:00,1689566400,28.7,7.79,4.81,343.1,74.4,5.09,0.051,0.152,1.24,,,Ⅳ
2023-07-17T16:00:00+08:00,1689580800,29.3,7.62,2.66,343.5,69.0,4.78,0.088,0.147,1.39,,,Ⅴ
2023-07-17T20:00:00+08:00,1689595200,29.1,7.63,3.75,341.3,74.5,4.89,0.087,0.152,1.37,,,Ⅳ
2023-07-18T04:00:00+08:00,1689624000,28.3,7.58,2.38,339.8,63.0,5.24,0.102,0.135,1.54,,,Ⅴ
2023-07-18T08:00:00+08:00,1689638400,28.0,7.56,1.99,337.3,63.1,5.05,0.175,0.136,1.7,,,劣Ⅴ
2023-07-18T12:00:00+08:00,1689652800,28.5,7.55,1.91,336.3,64.5,5.05,0.175,0.136,1.7,,,劣Ⅴ
2023-07-18T16:00:00+08:00,1689667200,29.7,7.6,3.43,341.8,64.2,4.98,0.127,0.131,1.76,,,Ⅳ
2023-07-18T20:00:00+08:00,1689681600,29.3,7.57,2.54,348.3,64.4,5.16,0.074,0.128,1.71,,,Ⅴ
2023-07-19T04:00:00+08:00,1689710400,28.7,7.6,2.08,348.4,64.3,5.0,0.066,0.132,1.57,,,Ⅴ
2023-07-19T08:00:00+08:00,1689724800,28.5,7.6,1.54,350.0,63.8,4.66,0.075,0.132,1.5,,,劣Ⅴ
2023-07-19T16:00:00+08:00,1689753600,28.9,7.59,1.77,345.4,65.6,4.65,0.082,0.127,1.58,,,劣Ⅴ
2023-07-19T20:00:00+08:00,1689768000,28.5,7.56,1.46,352.8,64.6,4.86,0.104,0.132,1.58,,,劣Ⅴ
2023-07-20T04:00:00+08:00,1689796800,27.3,7.51,2.04,302.6,67.9,4.83,0.134,0.138,1.64,,,Ⅴ
2023-07-20T08:00:00+08:00,1689811200,27.1,7.46,1.72,309.4,69.7,4.6,0.209,0.151,1.8,,,劣Ⅴ
2023-07-20T12:00:00+08:00,1689825600,27.3,7.24,2.86,370.5,103.4,6.28,0.54,0.223,2.05,,,Ⅴ
2023-07-20T16:00:00+08:00,1689840000,27.5,7.28,2.67,354.9,104.3,5.5,0.514,0.207,2.31,,,Ⅴ
2023-07-20T20:00:00+08:00,1689854400,27.2,7.28,2.96,352.9,89.0,4.95,0.522,0.191,2.4,,,Ⅴ
2023-07-21T04:00:00+08:00,1689883200,27.1,7.35,2.41,354.1,85.8,4.76,0.45,0.183,2.33,,,Ⅴ
2023-07-21T08:00:00+08:00,1689897600,27.1,7.35,1.74,380.6,75.9,4.72,0.416,0.186,2.32,,,劣Ⅴ
2023-07-21T12:00:00+08:00,1689912000,27.6,7.38,1.88,394.0,67.1,4.53,0.373,0.186,2.37,,,劣Ⅴ
2023-07-21T16:00:00+08:00,1689926400,28.3,7.44,2.27,416.6,67.2,4.93,0.324,0.186,2.42,,,Ⅴ
2023-07-21T20:00:00+08:00,1689940800,28.0,7.44,2.42,420.2,69.5,4.75,0.288,0.188,2.52,,,Ⅴ
2023-07-22T04:00:00+08:00,1689969600,27.3,7.4,2.66,378.6,81.5,4.66,0.309,0.191,2.63,,,Ⅴ
2023-07-22T08:00:00+08:00,1689984000,27.1,7.38,2.03,374.0,73.6,4.9,0.327,0.204,2.66,,,Ⅴ
2023-07-22T12:00:00+08:00,1689998400,27.4,7.38,2.13,399.5,69.8,4.72,0.333,0.201,2.61,,,Ⅴ
2023-07-22T16:00:00+08:00,1690012800,27.4,7.44,2.68,408.2,90.5,4.71,0.292,0.206,2.55,,,Ⅴ
2023-07-22T20:00:00+08:00,1690027200,27.5,7.47,2.61,401.4,73.5,4.7,0.275,0.202,2.51,,,Ⅴ
2023-07-23T04:00:00+08:00,1690056000,27.2,7.46,1.88,411.8,71.0,4.7,0.252,0.209,2.33,,,劣Ⅴ
2023-07-23T08:00:00+08:00,1690070400,27.1,7.48,2.03,418.5,70.1,4.98,0.265,0.199,2.39,,,Ⅴ
2023-07-23T12:00:00+08:00,1690084800,28.4,7.5,3.15,418.0,66.0,4.92,0.563,0.185,2.49,,,Ⅳ
2023-07-23T16:00:00+08:00,1690099200,28.8,7.53,3.83,426.7,73.9,4.86,0.224,0.193,2.54,,,Ⅳ
2023-07-23T20:00:00+08:00,1690113600,28.4,7.51,3.39,429.6,71.1,4.77,0.182,0.189,2.57,,,Ⅳ
2023-07-24T04:00:00+08:00,1690142400,28.0,7.5,2.73,431.2,68.3,4.91,0.167,0.339,2.34,,,Ⅴ
2023-07-24T08:00:00+08:00,1690156800,28.0,7.52,2.56,436.8,70.5,4.97,0.139,,2.19,,,
2023-07-24T12:00:00+08:00,1690171200,28.7,7.56,2.62,416.0,79.2,,,,,,,
2023-07-24T16:00:00+08:00,1690185600,29.7,7.18,4.45,409.1,84.9,5.09,0.085,0.179,1.74,,,Ⅳ
2023-07-24T20:00:00+08:00,1690200000,29.5,7.09,4.35,401.6,90.4,5.42,0.065,0.17,1.71,,,Ⅳ
2023-07-25T04:00:00+08:00,1690228800,28.8,7.53,6.27,413.2,,4.86,0.042,0.169,1.49,,,Ⅲ
2023-07-25T08:00:00+08:00,1690243200,28.2,7.34,5.44,416.0,102.9,4.89,0.05,0.179,1.52,,,Ⅲ
2023-07-25T12:00:00+08:00,1690257600,29.3,7.45,6.43,412.5,0.04,4.93,0.053,,1.57,,,
2023-07-25T16:00:00+08:00,1690272000,29.4,7.61,7.25,410.5,400.0,4.8,0.051,0.173,1.54,,,Ⅲ
2023-07-25T20:00:00+08:00,1690286400,29.1,7.45,6.28,409.8,157.0,5.17,0.064,0.179,1.64,,,Ⅲ
2023-07-26T04:00:00+08:00,1690315200,28.2,7.55,6.14,409.0,174.4,6.61,0.091,0.225,1.51,,,Ⅳ
2023-07-26T12:00:00+08:00,1690344000,28.2,7.59,6.33,405.2,158.0,5.93,0.094,0.23,0.98,,,Ⅳ
2023-07-26T16:00:00+08:00,1690358400,28.8,7.55,5.88,403.3,176.0,5.65,0.1,0.239,0.87,,,Ⅳ
2023-07-26T20:00:00+08:00,1690372800,28.6,7.5,5.67,404.2,186.7,5.77,0.108,0.253,0.89,,,Ⅳ
2023-07-27T04:00:00+08:00,1690401600,27.3,7.27,4.61,405.9,185.4,6.26,0.145,0.295,0.73,,,Ⅳ
2023-07-27T08:00:00+08:00,1690416000,27.1,7.29,4.67,403.8,187.6,5.86,0.143,0.279,0.85,,,Ⅳ
2023-07-27T12:00:00+08:00,1690430400,28.2,7.26,5.64,404.0,133.0,6.4,0.203,0.282,,,,Ⅳ
2023-07-27T16:00:00+08:00,1690444800,28.6,7.31,5.61,402.2,143.9,6.89,0.205,0.306,,,,Ⅴ
2023-07-27T20:00:00+08:00,1690459200,28.3,7.28,4.95,403.6,137.4,7.16,0.214,0.313,1.4,,,Ⅴ
2023-07-28T04:00:00+08:00,1690488000,27.6,7.14,4.01,403.4,124.6,7.7,0.239,0.29,1.24,,,Ⅳ
2023-07-28T08:00:00+08:00,1690502400,26.8,7.18,4.48,404.5,179.6,7.52,0.314,0.343,,,,Ⅴ
2023-07-28T12:00:00+08:00,1690516800,26.5,7.3,5.68,402.2,208.2,8.07,0.334,0.405,,,,劣Ⅴ
2023-07-28T16:00:00+08:00,1690531200,26.6,7.38,5.91,400.6,204.8,7.66,0.322,0.396,,,,Ⅴ
2023-07-28T20:00:00+08:00,1690545600,25.7,7.33,5.66,403.4,257.9,8.01,0.368,0.472,,,,劣Ⅴ
2023-07-29T04:00:00+08:00,1690574400,25.7,7.45,5.47,412.8,260.2,8.03,0.386,0.512,0.16,,,劣Ⅴ
2023-07-29T12:00:00+08:00,1690603200,26.0,7.41,6.43,406.9,272.1,8.16,0.381,0.47,0.17,,,劣Ⅴ
2023-07-29T16:00:00+08:00,1690617600,26.0,7.42,6.28,408.3,230.1,6.78,0.333,0.464,1.35,,,劣Ⅴ
2023-07-29T20:00:00+08:00,1690632000,25.9,7.48,6.49,404.9,244.6,4.18,0.336,0.182,0.82,,,Ⅲ
2023-07-30T04:00:00+08:00,1690660800,25.5,7.53,6.5,409.3,201.2,4.08,0.288,0.19,0.64,,,Ⅲ
2023-07-30T08:00:00+08:00,1690675200,25.4,7.45,6.35,410.0,176.6,3.9,0.253,0.18,0.78,,,Ⅲ
2023-07-30T12:00:00+08:00,1690689600,26.1,7.26,5.04,412.4,143.4,4.1,0.219,0.171,1.1,,,Ⅲ
2023-07-30T16:00:00+08:00,1690704000,26.3,7.18,4.48,408.9,134.9,4.4,0.195,0.171,1.26,,,Ⅳ
2023-07-30T20:00:00+08:00,1690718400,26.2,7.35,5.65,409.0,146.2,4.27,0.197,0.173,1.1,,,Ⅲ
2023-07-31T04:00:00+08:00,1690747200,25.9,7.29,5.07,410.0,134.9,4.35,0.188,0.165,1.11,,,Ⅲ
2023-07-31T08:00:00+08:00,1690761600,26.0,7.16,4.07,408.3,122.5,4.27,0.181,0.16,1.24,,,Ⅳ
2023-07-31T12:00:00+08:00,1690776000,27.2,7.06,3.59,412.5,107.0,4.67,0.221,0.16,1.4,,,Ⅳ
2023-07-31T16:00:00+08:00,1690790400,28.1,7.0,2.85,410.4,97.1,,,0.157,,,,
2023-07-31T20:00:00+08:00,1690804800,27.7,7.02,2.93,423.8,96.2,4.78,0.225,0.148,1.47,,,Ⅴ
2023-08-01T04:00:00+08:00,1690833600,27.0,7.11,2.61,460.4,83.0,4.98,0.217,0.156,1.59,,,Ⅴ
2023-08-01T08:00:00+08:00,1690848000,26.9,7.1,2.52,470.2,77.0,5.22,0.284,0.146,1.61,,,Ⅴ
2023-08-01T12:00:00+08:00,1690862400,27.5,7.1,2.57,469.4,74.9,5.07,0.231,0.141,1.64,,,Ⅴ
2023-08-01T16:00:00+08:00,1690876800,28.0,7.19,4.11,458.8,89.9,5.15,0.417,0.143,1.6,,,Ⅳ
2023-08-01T20:00:00+08:00,1690891200,27.8,7.18,4.02,447.9,91.1,5.13,0.166,0.148,1.6,,,Ⅳ
2023-08-02T04:00:00+08:00,1690920000,27.3,7.04,2.36,463.8,79.5,5.09,0.177,0.131,1.66,,,Ⅴ
2023-08-02T08:00:00+08:00,1690934400,27.3,7.01,2.01,474.2,78.9,5.38,0.166,0.142,1.67,,,Ⅴ
2023-08-02T12:00:00+08:00,1690948800,28.0,7.04,2.4,480.4,83.4,5.16,0.148,0.138,1.65,,,Ⅴ
2023-08-02T16:00:00+08:00,1690963200,28.8,7.08,2.55,502.1,80.2,4.83,0.14,0.127,1.86,,,Ⅴ
2023-08-02T20:00:00+08:00,1690977600,28.7,7.1,2.93,550.4,83.4,5.31,0.118,0.121,1.9,,,Ⅴ
2023-08-03T04:00:00+08:00,1691006400,28.0,7.08,2.32,469.7,91.4,4.81,0.109,0.134,1.68,,,Ⅴ
2023-08-03T08:00:00+08:00,1691020800,27.7,7.07,2.16,486.6,93.5,5.02,0.096,0.139,1.54,,,Ⅴ
2023-08-03T12:00:00+08:00,1691035200,28.6,6.87,2.55,477.0,37.3,4.72,0.085,0.136,1.32,,,Ⅴ
2023-08-03T16:00:00+08:00,1691049600,29.6,6.87,3.61,445.4,43.8,5.08,0.073,0.135,1.19,,,Ⅳ
2023-08-03T20:00:00+08:00,1691064000,29.1,6.91,2.74,427.2,64.6,4.94,0.079,0.136,1.18,,,Ⅴ
2023-08-04T04:00:00+08:00,1691092800,28.2,6.93,2.06,432.4,52.8,4.81,0.089,0.128,1.26,,,Ⅴ
2023-08-04T08:00:00+08:00,1691107200,28.1,6.94,2.03,484.8,45.3,4.79,0.084,0.135,1.36,,,Ⅴ
2023-08-04T12:00:00+08:00,1691121600,28.8,6.95,2.3,447.6,46.6,4.67,0.082,0.132,1.24,,,Ⅴ
2023-08-04T16:00:00+08:00,1691136000,29.2,6.98,3.07,418.1,51.6,4.76,0.075,0.137,1.22,,,Ⅳ
2023-08-04T20:00:00+08:00,1691150400,29.2,7.0,3.01,421.1,53.6,4.58,0.074,0.133,1.23,,,Ⅳ
2023-08-05T04:00:00+08:00,1691179200,28.5,6.94,1.81,431.6,48.1,4.55,0.081,0.14,1.32,,,劣Ⅴ
2023-08-05T08:00:00+08:00,1691193600,28.3,6.96,1.94,486.8,45.8,4.58,0.075,0.134,1.34,,,劣Ⅴ
2023-08-05T12:00:00+08:00,1691208000,29.2,6.98,2.32,446.9,49.9,4.38,0.094,0.137,1.32,,,Ⅴ
2023-08-05T16:00:00+08:00,1691222400,30.0,7.09,3.68,438.4,48.8,4.47,0.066,0.143,1.34,,,Ⅳ
2023-08-05T20:00:00+08:00,1691236800,29.9,7.06,3.47,439.7,54.7,4.35,0.067,0.141,1.31,,,Ⅳ
2023-08-06T04:00:00+08:00,1691265600,29.3,7.03,2.69,449.7,47.0,5.47,0.069,0.143,1.54,,,Ⅴ
2023-08-06T08:00:00+08:00,1691280000,29.1,6.97,2.44,458.2,45.3,4.9,0.07,0.138,1.65,,,Ⅴ
2023-08-06T12:00:00+08:00,1691294400,29.4,7.0,2.94,484.6,53.7,4.74,0.063,0.144,1.68,,,Ⅴ
2023-08-06T16:00:00+08:00,1691308800,30.1,7.07,4.2,449.0,51.3,4.56,0.062,0.13,1.6,,,Ⅳ
2023-08-06T20:00:00+08:00,1691323200,29.9,7.07,4.35,440.2,52.3,4.56,0.062,0.13,1.6,,,Ⅳ
2023-08-07T04:00:00+08:00,1691352000,29.3,7.01,3.47,442.9,47.7,4.6,0.116,0.125,1.62,,,Ⅳ
2023-08-07T08:00:00+08:00,1691366400,29.1,6.94,2.72,480.5,46.5,4.67,0.118,0.12,1.78,,,Ⅴ
2023-08-07T12:00:00+08:00,1691380800,29.1,6.96,2.9,421.0,46.0,4.63,0.232,0.124,1.92,,,Ⅴ
2023-08-07T16:00:00+08:00,1691395200,29.7,6.99,3.49,431.3,51.4,4.73,0.132,0.118,1.86,,,Ⅳ
2023-08-07T20:00:00+08:00,1691409600,29.6,7.0,3.26,434.6,52.6,4.78,0.133,0.121,1.82,,,Ⅳ
2023-08-08T04:00:00+08:00,1691438400,29.1,6.95,2.63,446.3,49.8,4.55,0.159,0.119,1.74,,,Ⅴ
2023-08-08T08:00:00+08:00,1691452800,28.8,6.94,2.01,478.1,49.3,4.78,0.183,0.119,1.87,,,Ⅴ
2023-08-08T12:00:00+08:00,1691467200,29.2,6.99,2.73,454.8,53.9,4.97,0.166,0.153,1.79,,,Ⅴ
2023-08-08T16:00:00+08:00,1691481600,30.1,6.88,3.54,446.4,58.4,5.04,0.305,0.148,1.63,,,Ⅳ
2023-08-08T20:00:00+08:00,1691496000,29.9,6.95,3.4,435.7,67.1,4.7,0.135,0.144,1.49,,,Ⅳ
2023-08-09T04:00:00+08:00,1691524800,29.2,6.97,2.44,451.2,55.6,4.94,0.117,0.153,1.72,,,Ⅴ
2023-08-09T08:00:00+08:00,1691539200,28.8,6.96,2.37,476.8,61.4,4.98,0.119,0.152,1.71,,,Ⅴ
2023-08-09T12:00:00+08:00,1691553600,29.2,7.0,2.67,454.8,61.3,4.62,0.106,0.145,1.6,,,Ⅴ
2023-08-09T20:00:00+08:00,1691582400,29.5,7.12,4.42,418.8,75.8,4.73,0.158,0.146,1.4,,,Ⅳ
2023-08-10T04:00:00+08:00,1691611200,28.9,7.02,2.82,480.2,67.7,4.8,0.11,0.138,1.6,,,Ⅴ
2023-08-10T08:00:00+08:00,1691625600,28.6,7.0,2.52,476.9,64.0,4.86,0.133,0.14,1.7,,,Ⅴ
2023-08-10T12:00:00+08:00,1691640000,29.3,7.03,3.07,460.2,64.5,4.76,0.109,0.148,1.71,,,Ⅳ
2023-08-10T16:00:00+08:00,1691654400,29.8,7.1,4.05,449.1,64.2,4.5,0.09,0.139,1.75,,,Ⅳ
2023-08-10T20:00:00+08:00,1691668800,29.7,7.13,4.47,436.8,72.5,4.96,0.072,0.143,1.38,,,Ⅳ
2023-08-11T00:00:00+08:00,1691683200,29.4,7.07,3.41,436.2,72.2,4.95,0.081,0.148,1.31,,,Ⅳ
2023-08-11T04:00:00+08:00,1691697600,29.3,7.04,2.77,432.9,70.7,5.03,0.076,0.145,1.3,,,Ⅴ
2023-08-11T08:00:00+08:00,1691712000,29.0,7.03,2.8,461.4,69.2,4.74,0.081,0.149,1.52,,,Ⅴ
2023-08-11T12:00:00+08:00,1691726400,29.6,7.06,3.62,472.3,73.4,4.48,0.077,0.151,1.55,,,Ⅳ
2023-08-11T16:00:00+08:00,1691740800,30.2,7.25,5.35,457.4,67.9,4.98,0.057,0.146,1.63,,,Ⅲ
2023-08-11T20:00:00+08:00,1691755200,29.8,7.14,4.22,442.5,79.6,4.94,0.069,0.143,1.48,,,Ⅳ
2023-08-12T00:00:00+08:00,1691769600,29.7,7.15,3.96,431.4,78.3,4.86,0.073,0.145,1.34,,,Ⅳ
2023-08-12T04:00:00+08:00,1691784000,29.3,7.08,3.05,438.0,71.6,4.43,0.094,0.151,1.76,,,Ⅳ
2023-08-12T08:00:00+08:00,1691798400,29.5,7.46,6.87,445.5,63.6,6.0,0.045,0.142,1.42,,,Ⅳ
2023-08-12T12:00:00+08:00,1691812800,29.8,7.68,6.78,441.9,77.0,5.43,0.067,0.141,1.15,,,Ⅲ
2023-08-12T16:00:00+08:00,1691827200,30.8,7.48,6.89,441.3,80.2,5.46,0.078,0.158,1.6,,,Ⅲ
2023-08-12T20:00:00+08:00,1691841600,30.6,7.41,6.32,437.4,69.5,5.24,0.068,0.133,1.59,,,Ⅲ
2023-08-13T00:00:00+08:00,1691856000,30.3,7.94,7.97,442.5,76.5,5.69,0.058,0.143,1.14,,,Ⅲ
2023-08-13T08:00:00+08:00,1691884800,29.8,7.81,6.73,441.0,79.8,5.69,0.062,0.164,1.14,,,Ⅲ
2023-08-13T08:34:00+08:00,1691886840,,,,,,,,,,,,
2023-08-13T12:00:00+08:00,1691899200,30.6,7.3,4.56,443.1,79.8,5.13,0.089,0.151,1.43,,,Ⅳ
2023-08-13T16:00:00+08:00,1691913600,31.0,7.18,4.56,437.5,88.4,4.94,0.071,0.153,1.38,,,Ⅳ
2023-08-13T20:00:00+08:00,1691928000,30.3,7.3,4.41,477.3,96.1,4.88,0.072,0.153,1.36,,,Ⅳ
2023-08-14T04:00:00+08:00,1691956800,29.4,7.12,2.57,495.6,80.9,4.11,0.077,0.152,1.62,,,Ⅴ
2023-08-14T08:00:00+08:00,1691971200,29.3,7.1,2.05,460.7,82.0,4.46,0.093,0.152,1.75,,,Ⅴ
2023-08-14T12:00:00+08:00,1691985600,29.7,7.05,2.22,453.6,82.5,4.18,0.099,0.15,1.83,,,Ⅴ
2023-08-14T16:00:00+08:00,1692000000,30.3,7.15,3.09,488.7,76.2,4.24,0.08,0.148,1.85,,,Ⅳ
2023-08-14T20:00:00+08:00,1692014400,29.5,7.12,3.39,443.3,86.7,4.74,0.104,0.146,1.64,,,Ⅳ
2023-08-15T04:00:00+08:00,1692043200,29.2,7.05,2.05,434.3,92.5,5.25,0.112,0.159,1.37,,,Ⅴ
2023-08-15T08:00:00+08:00,1692057600,29.0,7.02,1.38,432.8,96.2,5.06,0.183,0.17,1.51,,,劣Ⅴ
2023-08-15T12:00:00+08:00,1692072000,29.1,7.0,1.72,451.2,94.1,5.19,0.192,0.16,1.67,,,劣Ⅴ
2023-08-15T16:00:00+08:00,1692086400,29.3,7.02,1.84,472.4,88.4,4.87,0.173,0.153,1.66,,,劣Ⅴ
2023-08-15T20:00:00+08:00,1692100800,29.2,7.05,2.05,438.3,94.8,4.79,0.146,0.161,,,,Ⅴ
2023-08-16T00:00:00+08:00,1692115200,29.1,7.02,1.64,434.3,96.2,5.15,0.154,0.169,1.61,,,劣Ⅴ
2023-08-16T04:00:00+08:00,1692129600,28.9,7.0,1.74,436.6,92.2,4.44,0.142,0.166,1.72,,,劣Ⅴ
2023-08-16T08:00:00+08:00,1692144000,28.7,7.0,1.66,443.7,92.0,4.39,0.141,0.158,1.8,,,劣Ⅴ
2023-08-16T12:00:00+08:00,1692158400,29.3,7.03,1.99,467.9,90.9,4.17,0.11,0.145,1.93,,,劣Ⅴ
2023-08-16T16:00:00+08:00,1692172800,30.0,7.05,3.05,458.0,96.1,4.01,0.093,0.146,1.88,,,Ⅳ
2023-08-16T20:00:00+08:00,1692187200,29.7,7.08,3.03,455.4,91.9,4.25,0.077,0.143,1.83,,,Ⅳ
2023-08-17T00:00:00+08:00,1692201600,29.5,7.05,2.91,463.1,89.3,4.02,0.074,0.141,1.85,,,Ⅴ
2023-08-17T04:00:00+08:00,1692216000,29.3,7.07,2.61,465.9,91.1,4.34,0.081,0.145,1.93,,,Ⅴ
2023-08-17T08:00:00+08:00,1692230400,29.2,7.03,1.94,477.3,88.5,3.9,0.078,0.136,1.99,,,劣Ⅴ
2023-08-17T12:00:00+08:00,1692244800,29.2,7.05,2.1,506.0,90.0,4.09,0.083,0.137,1.88,,,Ⅴ
2023-08-17T16:00:00+08:00,1692259200,28.5,7.03,2.71,438.2,101.4,4.29,0.149,0.149,1.86,,,Ⅴ
2023-08-17T20:00:00+08:00,1692273600,28.2,7.06,2.4,444.9,102.0,9.73,0.187,0.158,1.91,,,Ⅴ
2023-08-18T00:00:00+08:00,1692288000,27.5,6.98,2.1,416.9,104.6,4.53,0.428,0.171,2.24,,,Ⅴ
2023-08-18T04:00:00+08:00,1692302400,27.0,6.92,1.8,411.6,94.8,4.44,0.383,0.159,2.41,,,劣Ⅴ
2023-08-18T08:00:00+08:00,1692316800,27.0,6.94,1.45,436.8,93.8,4.3,0.306,0.154,2.46,,,劣Ⅴ
2023-08-18T12:00:00+08:00,1692331200,28.0,6.99,1.92,466.3,93.8,4.3,0.182,0.149,2.23,,,劣Ⅴ
2023-08-18T16:00:00+08:00,1692345600,28.6,7.0,2.12,445.1,91.4,4.3,0.182,0.149,2.23,,,Ⅴ
2023-08-18T20:00:00+08:00,1692360000,28.5,7.02,2.61,464.0,92.8,3.97,0.123,0.143,2.2,,,Ⅴ
2023-08-19T00:00:00+08:00,1692374400,28.3,7.03,2.34,460.5,92.8,3.82,0.116,0.136,2.21,,,Ⅴ
2023-08-19T04:00:00+08:00,1692388800,27.9,7.02,1.95,470.2,92.4,3.8,0.096,0.134,2.19,,,劣Ⅴ
2023-08-19T08:00:00+08:00,1692403200,27.7,7.01,2.02,509.6,90.9,4.07,0.097,0.136,2.21,,,Ⅴ
2023-08-19T12:00:00+08:00,1692417600,28.6,6.85,2.86,484.5,34.7,3.25,0.089,0.133,2.19,,,Ⅴ
2023-08-19T16:00:00+08:00,1692432000,29.2,6.94,3.45,464.5,43.8,4.0,0.081,0.136,2.1,,,Ⅳ
2023-08-19T20:00:00+08:00,1692446400,29.1,7.16,5.01,466.3,50.6,,0.061,0.137,2.03,,,
2023-08-20T00:00:00+08:00,1692460800,28.5,7.01,3.09,465.9,37.5,,0.08,0.13,1.98,,,
2023-08-20T04:00:00+08:00,1692475200,28.2,7.04,3.06,467.2,43.0,4.05,0.073,0.133,1.88,,,Ⅳ
2023-08-20T08:00:00+08:00,1692489600,28.0,7.02,2.57,473.9,41.0,4.24,0.077,0.138,1.99,,,Ⅴ
2023-08-20T16:00:00+08:00,1692518400,29.4,7.04,4.15,477.9,51.1,4.01,0.062,0.138,1.95,,,Ⅳ
2023-08-20T20:00:00+08:00,1692532800,29.3,7.1,3.71,474.4,44.0,3.97,0.054,0.137,1.95,,,Ⅳ
2023-08-21T00:00:00+08:00,1692547200,28.9,7.11,3.79,478.8,49.8,3.46,0.054,0.129,2.01,,,Ⅳ
2023-08-21T04:00:00+08:00,1692561600,28.6,7.12,3.2,485.5,49.1,3.89,0.063,0.131,2.28,,,Ⅳ
2023-08-21T08:00:00+08:00,1692576000,28.3,7.09,2.98,497.8,50.5,3.86,0.066,0.132,2.11,,,Ⅴ
2023-08-21T12:00:00+08:00,1692590400,28.9,7.12,3.44,484.4,48.2,3.88,0.056,0.132,2.02,,,Ⅳ
2023-08-21T16:00:00+08:00,1692604800,29.4,7.18,4.55,459.9,58.1,4.05,0.052,0.13,1.9,,,Ⅳ
2023-08-21T20:00:00+08:00,1692619200,29.2,7.14,4.21,441.3,54.6,4.0,0.06,0.135,1.82,,,Ⅳ
2023-08-22T00:00:00+08:00,1692633600,28.9,7.13,4.12,456.0,63.0,,0.06,0.135,1.93,,,
2023-08-22T04:00:00+08:00,1692648000,28.4,7.08,2.99,485.6,56.4,5.2,0.07,0.147,1.91,,,Ⅴ
2023-08-22T08:00:00+08:00,1692662400,28.2,7.08,2.89,453.8,57.3,,0.066,0.154,1.77,,,
2023-08-22T12:00:00+08:00,1692676800,28.8,7.12,3.28,445.8,59.0,4.98,0.057,0.152,1.73,,,Ⅳ
2023-08-22T16:00:00+08:00,1692691200,28.0,7.1,4.07,385.2,74.7,19.61,0.107,0.164,1.6,,,劣Ⅴ
2023-08-22T20:00:00+08:00,1692705600,27.8,7.06,3.52,408.4,77.0,3.21,0.097,0.162,1.63,,,Ⅳ
2023-08-23T00:00:00+08:00,1692720000,27.6,7.06,2.97,433.8,78.0,,0.097,0.158,1.57,,,
2023-08-23T04:00:00+08:00,1692734400,27.4,7.05,2.93,418.4,78.5,16.21,0.105,0.175,1.62,,,劣Ⅴ
2023-08-23T08:00:00+08:00,1692748800,27.4,7.06,2.76,433.3,72.3,,0.089,0.163,1.85,,,
2023-08-23T12:00:00+08:00,1692763200,28.0,7.07,3.46,429.9,70.6,,0.082,0.162,1.73,,,
2023-08-23T16:00:00+08:00,1692777600,28.4,7.14,4.04,427.0,69.9,4.27,0.069,0.166,1.7,,,Ⅳ
2023-08-23T20:00:00+08:00,1692792000,28.2,7.12,3.63,440.8,68.2,4.54,0.068,0.164,0.49,,,Ⅳ
2023-08-24T00:00:00+08:00,1692806400,27.8,7.11,3.21,459.7,69.9,4.68,0.07,0.154,2.66,,,Ⅳ
2023-08-24T04:00:00+08:00,1692820800,27.4,7.09,2.94,429.4,81.0,4.68,0.089,0.178,0.06,,,Ⅴ
2023-08-24T08:00:00+08:00,1692835200,27.1,7.08,2.79,421.2,72.0,4.82,0.091,0.172,0.05,,,Ⅴ
2023-08-24T12:00:00+08:00,1692849600,27.8,7.1,3.21,418.5,80.4,,0.083,0.179,,,,
2023-08-24T16:00:00+08:00,1692864000,28.6,7.13,3.92,418.0,76.8,4.54,0.088,0.163,1.76,,,Ⅳ
2023-08-24T20:00:00+08:00,1692878400,28.3,7.17,3.89,412.1,80.5,4.9,0.1,0.174,1.51,,,Ⅳ
2023-08-25T00:00:00+08:00,1692892800,27.9,7.14,3.45,427.5,77.8,4.57,0.116,0.175,1.65,,,Ⅳ
2023-08-25T04:00:00+08:00,1692907200,27.6,7.13,3.03,455.0,75.9,4.56,0.114,0.174,1.56,,,Ⅳ
2023-08-25T08:00:00+08:00,1692921600,27.4,7.16,2.78,423.4,80.3,4.76,0.119,0.183,1.64,,,Ⅴ
2023-08-25T12:00:00+08:00,1692936000,28.2,7.21,3.74,421.4,82.2,4.44,0.084,0.176,1.68,,,Ⅳ
2023-08-25T16:00:00+08:00,1692950400,28.8,7.33,4.97,413.6,88.6,4.75,0.065,0.168,1.55,,,Ⅳ
2023-08-25T20:00:00+08:00,1692964800,28.5,7.36,4.91,407.8,92.3,4.98,0.065,0.176,1.42,,,Ⅳ
2023-08-26T00:00:00+08:00,1692979200,28.4,7.59,5.59,412.2,100.8,5.2,0.072,0.195,1.33,,,Ⅲ
2023-08-26T04:00:00+08:00,1692993600,27.8,7.29,4.03,443.7,93.6,4.84,0.07,0.175,1.2,,,Ⅳ
2023-08-26T08:00:00+08:00,1693008000,27.6,7.28,3.83,447.2,89.0,4.7,0.07,0.184,1.33,,,Ⅳ
2023-08-26T12:00:00+08:00,1693022400,28.2,7.28,4.5,419.6,90.3,4.62,0.076,0.164,1.4,,,Ⅳ
2023-08-26T16:00:00+08:00,1693036800,28.7,7.18,5.49,411.1,56.7,4.79,0.067,0.167,1.28,,,Ⅲ
2023-08-26T20:00:00+08:00,1693051200,28.6,7.51,7.34,406.2,78.6,7.96,0.098,0.221,1.94,,,Ⅳ
2023-08-27T00:00:00+08:00,1693065600,28.2,7.3,4.65,407.8,63.2,5.83,0.075,0.188,1.01,,,Ⅳ
2023-08-27T04:00:00+08:00,1693080000,27.9,7.27,4.22,406.3,62.6,5.25,0.072,0.195,0.94,,,Ⅳ
2023-08-27T08:00:00+08:00,1693094400,27.7,7.27,3.33,406.1,65.7,5.32,0.085,0.197,0.94,,,Ⅳ
2023-08-27T12:00:00+08:00,1693108800,28.1,7.3,4.44,408.2,68.1,5.3,0.081,0.204,1.0,,,Ⅳ
2023-08-27T16:00:00+08:00,1693123200,28.5,7.36,5.38,416.7,64.0,5.33,0.069,0.189,0.96,,,Ⅲ
2023-08-27T20:00:00+08:00,1693137600,28.1,7.52,6.2,409.9,84.8,6.18,0.095,0.222,1.14,,,Ⅳ
2023-08-28T00:00:00+08:00,1693152000,27.8,7.2,4.15,435.2,64.5,4.46,0.068,0.162,1.24,,,Ⅳ
2023-08-28T04:00:00+08:00,1693166400,27.7,7.2,4.0,470.8,61.6,4.58,0.062,0.145,1.12,,,Ⅳ
2023-08-28T08:00:00+08:00,1693180800,27.5,7.24,3.97,434.6,63.3,4.68,0.066,0.156,1.06,,,Ⅳ
2023-08-28T12:00:00+08:00,1693195200,27.4,7.27,4.04,429.8,64.8,4.59,0.074,0.158,1.17,,,Ⅳ
2023-08-28T16:00:00+08:00,1693209600,27.0,7.25,4.29,422.1,64.7,4.62,0.076,0.156,1.24,,,Ⅳ
2023-08-28T20:00:00+08:00,1693224000,26.6,7.19,3.79,416.6,67.7,4.68,0.101,0.174,1.14,,,Ⅳ
2023-08-29T00:00:00+08:00,1693238400,26.2,7.16,3.38,507.3,67.6,4.85,0.112,0.154,1.22,,,Ⅳ
2023-08-29T04:00:00+08:00,1693252800,26.1,7.13,3.03,484.4,65.5,4.31,0.124,0.157,1.61,,,Ⅳ
2023-08-29T08:00:00+08:00,1693267200,25.9,7.15,3.14,416.2,72.1,4.62,0.16,0.181,1.16,,,Ⅳ
2023-08-29T12:00:00+08:00,1693281600,26.1,7.17,3.55,410.4,69.9,,0.136,,,,,
2023-08-29T16:00:00+08:00,1693296000,26.1,7.25,3.76,407.2,73.2,6.27,0.12,0.186,1.1,,,Ⅳ
2023-08-29T20:00:00+08:00,1693310400,25.8,7.21,3.68,407.0,75.8,5.89,0.124,0.194,1.03,,,Ⅳ
2023-08-30T00:00:00+08:00,1693324800,25.5,7.18,3.37,404.8,78.8,6.06,0.136,0.188,1.08,,,Ⅳ
2023-08-30T04:00:00+08:00,1693339200,25.2,7.19,3.0,448.8,80.5,5.8,0.161,0.18,1.16,,,Ⅳ
2023-08-30T08:00:00+08:00,1693353600,24.4,7.16,3.58,409.1,85.5,5.85,0.197,0.188,1.09,,,Ⅳ
2023-08-30T12:00:00+08:00,1693368000,24.0,7.13,4.09,362.7,79.7,,,0.183,1.13,,,
2023-08-30T16:00:00+08:00,1693382400,24.1,7.13,3.74,373.5,77.9,5.66,0.207,0.183,1.22,,,Ⅳ
2023-08-30T20:00:00+08:00,1693396800,24.0,7.1,3.74,387.3,77.7,5.46,0.203,0.176,1.24,,,Ⅳ
2023-08-31T00:00:00+08:00,1693411200,23.8,7.1,3.69,381.9,80.1,5.33,0.165,0.174,1.22,,,Ⅳ
2023-08-31T04:00:00+08:00,1693425600,23.6,7.08,3.49,394.2,79.3,5.56,0.161,0.166,1.32,,,Ⅳ
2023-08-31T08:00:00+08:00,1693440000,23.5,7.07,3.35,442.1,79.0,5.5,0.176,0.164,1.37,,,Ⅳ
2023-08-31T12:00:00+08:00,1693454400,23.9,7.09,3.88,402.9,78.3,5.63,0.151,0.163,1.4,,,Ⅳ
2023-08-31T16:00:00+08:00,1693468800,24.2,7.14,4.08,402.6,80.0,5.27,0.119,0.16,1.55,,,Ⅳ
2023-08-31T20:00:00+08:00,1693483200,24.2,7.13,3.91,409.0,77.8,5.0,0.114,0.159,1.59,,,Ⅳ
2023-09-01T00:00:00+08:00,1693497600,24.1,7.11,3.66,416.8,78.0,5.22,0.117,0.161,1.63,,,Ⅳ
2023-09-01T04:00:00+08:00,1693512000,23.8,7.09,3.5,427.5,78.0,5.2,0.123,0.154,1.57,,,Ⅳ
2023-09-01T12:00:00+08:00,1693540800,24.1,7.09,3.55,423.1,78.0,5.41,0.127,0.148,1.5,,,Ⅳ
2023-09-01T16:00:00+08:00,1693555200,24.9,7.17,4.19,422.6,79.6,5.5,0.095,0.157,1.6,,,Ⅳ
2023-09-01T20:00:00+08:00,1693569600,24.7,7.21,4.57,417.5,82.7,5.64,0.079,0.15,1.53,,,Ⅳ
2023-09-02T00:00:00+08:00,1693584000,24.4,7.18,4.43,418.2,82.8,5.49,0.075,0.151,1.49,,,Ⅳ
2023-09-02T04:00:00+08:00,1693598400,23.9,7.15,4.06,419.8,86.8,5.33,0.088,0.148,1.41,,,Ⅳ
2023-09-02T08:00:00+08:00,1693612800,23.7,7.11,3.66,424.5,85.7,5.47,0.086,0.146,1.5,,,Ⅳ
2023-09-02T12:00:00+08:00,1693627200,24.6,7.13,3.88,471.0,84.4,5.33,0.088,0.142,1.53,,,Ⅳ
2023-09-02T16:00:00+08:00,1693641600,25.2,7.2,4.57,444.1,85.4,5.25,0.062,0.151,1.48,,,Ⅳ
2023-09-02T20:00:00+08:00,1693656000,25.1,7.27,4.85,426.8,88.7,5.48,0.059,0.148,1.45,,,Ⅳ
2023-09-03T00:00:00+08:00,1693670400,25.0,7.26,4.72,437.5,87.6,5.43,0.054,0.143,1.49,,,Ⅳ
2023-09-03T04:00:00+08:00,1693684800,24.7,7.21,4.09,435.1,90.0,5.49,0.075,0.155,1.43,,,Ⅳ
2023-09-03T08:00:00+08:00,1693699200,24.4,7.17,3.87,460.1,90.0,5.1,0.069,0.145,1.51,,,Ⅳ
2023-09-03T12:00:00+08:00,1693713600,24.9,7.22,4.29,498.9,91.3,5.09,0.062,0.14,,,,Ⅳ
2023-09-03T16:00:00+08:00,1693728000,25.6,7.27,5.03,441.2,88.9,5.29,0.052,0.134,1.5,,,Ⅲ
2023-09-03T20:00:00+08:00,1693742400,25.6,7.27,4.93,425.0,92.8,5.6,0.051,0.135,1.42,,,Ⅳ
2023-09-04T00:00:00+08:00,1693756800,25.5,7.26,4.64,421.6,93.0,5.55,0.049,0.137,1.37,,,Ⅳ
2023-09-04T04:00:00+08:00,1693771200,25.4,7.22,4.31,425.2,95.4,4.92,0.055,0.136,1.36,,,Ⅳ
2023-09-04T08:00:00+08:00,1693785600,25.3,7.19,3.81,443.8,95.9,4.92,0.059,0.143,1.44,,,Ⅳ
2023-09-04T12:00:00+08:00,1693800000,25.9,7.21,3.92,489.8,92.8,5.12,0.049,0.141,1.52,,,Ⅳ
2023-09-04T16:00:00+08:00,1693814400,26.4,6.72,4.7,460.7,67.8,5.15,0.066,0.143,1.49,,,Ⅳ
2023-09-04T20:00:00+08:00,1693828800,26.1,6.82,4.59,450.6,70.4,5.08,0.05,0.137,1.41,,,Ⅳ
2023-09-05T00:00:00+08:00,1693843200,26.1,6.89,4.15,456.3,72.4,5.19,0.056,0.137,1.43,,,Ⅳ
2023-09-05T04:00:00+08:00,1693857600,26.0,6.89,3.85,450.9,70.1,5.35,0.056,0.129,1.58,,,Ⅳ
2023-09-05T08:00:00+08:00,1693872000,25.7,6.87,3.26,446.8,71.1,4.88,0.059,0.129,1.44,,,Ⅳ
2023-09-05T12:00:00+08:00,1693886400,25.8,6.88,3.73,507.9,63.3,4.92,0.048,0.123,1.46,,,Ⅳ
2023-09-05T20:00:00+08:00,1693915200,26.2,6.96,4.21,458.1,75.4,5.0,0.135,0.131,1.5,,,Ⅳ
2023-09-06T04:00:00+08:00,1693944000,26.1,6.9,3.62,456.4,69.9,4.73,0.052,0.126,1.53,,,Ⅳ
2023-09-06T08:00:00+08:00,1693958400,25.9,6.9,3.4,506.4,66.3,4.66,0.052,0.128,1.77,,,Ⅳ
2023-09-06T12:00:00+08:00,1693972800,26.4,6.95,3.72,501.5,66.7,4.7,0.048,0.131,1.78,,,Ⅳ
2023-09-06T16:00:00+08:00,1693987200,27.3,7.02,4.78,478.3,71.5,4.6,0.044,0.131,1.81,,,Ⅳ
2023-09-06T20:00:00+08:00,1694001600,26.8,6.93,4.46,462.7,71.6,4.66,0.07,0.128,1.9,,,Ⅳ
2023-09-07T04:00:00+08:00,1694030400,26.1,6.9,3.33,496.2,62.7,4.45,0.059,0.118,1.95,,,Ⅳ
2023-09-07T12:00:00+08:00,1694059200,26.6,6.93,3.91,495.3,66.2,4.66,0.053,0.127,1.86,,,Ⅳ
2023-09-07T16:00:00+08:00,1694073600,27.6,6.96,4.91,480.2,68.1,4.62,0.044,0.133,1.81,,,Ⅳ
2023-09-07T20:00:00+08:00,1694088000,27.3,7.01,5.03,472.0,68.6,4.87,0.044,0.124,1.64,,,Ⅲ
2023-09-08T04:00:00+08:00,1694116800,26.5,6.92,3.82,461.6,67.3,5.27,0.045,0.122,1.43,,,Ⅳ
2023-09-08T08:00:00+08:00,1694131200,26.3,6.93,3.92,499.0,65.0,4.53,0.048,0.117,1.92,,,Ⅳ
2023-09-08T12:00:00+08:00,1694145600,27.0,6.93,4.49,529.1,63.8,4.69,0.043,0.112,1.87,,,Ⅳ
2023-09-08T16:00:00+08:00,1694160000,27.7,7.01,5.28,503.9,64.4,4.81,0.043,0.115,1.9,,,Ⅲ
2023-09-08T20:00:00+08:00,1694174400,27.3,7.04,5.72,477.0,74.9,5.27,0.045,0.123,1.49,,,Ⅲ
2023-09-09T04:00:00+08:00,1694203200,26.5,7.1,5.54,469.1,72.5,5.18,0.047,0.125,1.38,,,Ⅲ
2023-09-09T08:00:00+08:00,1694217600,26.3,6.98,4.71,470.2,68.2,5.25,0.044,0.121,1.44,,,Ⅳ
2023-09-09T12:00:00+08:00,1694232000,27.0,7.03,5.36,475.5,74.8,5.16,0.048,0.126,1.52,,,Ⅲ
2023-09-09T16:00:00+08:00,1694246400,27.8,7.07,5.87,484.8,73.4,5.04,0.047,0.119,1.64,,,Ⅲ
2023-09-09T20:00:00+08:00,1694260800,27.0,6.85,5.76,507.9,73.2,5.07,0.042,0.111,1.47,,,Ⅲ
2023-09-10T00:00:00+08:00,1694275200,26.8,7.3,7.85,459.8,95.2,5.8,0.059,0.139,1.2,,,Ⅲ
2023-09-10T04:00:00+08:00,1694289600,26.5,7.29,7.54,468.0,75.5,5.66,0.048,0.129,1.16,,,Ⅲ
2023-09-10T08:00:00+08:00,1694304000,26.1,6.95,5.37,505.4,70.1,5.28,0.045,0.114,1.28,,,Ⅲ
2023-09-10T12:00:00+08:00,1694318400,26.9,6.92,4.97,527.2,71.2,5.13,0.038,0.102,1.63,,,Ⅳ
2023-09-10T16:00:00+08:00,1694332800,27.5,7.03,6.27,503.4,70.5,4.78,0.037,0.113,1.63,,,Ⅲ
2023-09-10T20:00:00+08:00,1694347200,27.2,7.01,5.76,480.3,85.4,5.22,0.042,0.113,1.38,,,Ⅲ
2023-09-11T04:00:00+08:00,1694376000,26.6,6.92,4.46,480.8,79.5,5.2,0.048,0.114,1.17,,,Ⅳ
2023-09-11T08:00:00+08:00,1694390400,26.5,6.92,4.1,542.8,69.0,4.72,0.042,0.107,1.67,,,Ⅳ
2023-09-11T12:00:00+08:00,1694404800,26.9,6.9,4.24,535.3,67.4,4.58,0.039,0.095,1.9,,,Ⅳ
2023-09-11T16:00:00+08:00,1694419200,27.5,6.96,4.85,508.5,74.6,4.7,0.042,0.112,1.78,,,Ⅳ
2023-09-11T20:00:00+08:00,1694433600,27.3,6.98,5.12,545.8,79.6,4.89,0.04,0.106,1.47,,,Ⅲ
2023-09-12T04:00:00+08:00,1694462400,26.9,6.91,4.12,475.8,71.6,4.67,0.041,0.109,1.47,,,Ⅳ
2023-09-12T08:00:00+08:00,1694476800,26.5,6.83,3.23,472.9,69.5,4.62,0.055,0.108,1.45,,,Ⅳ
2023-09-12T12:00:00+08:00,1694491200,26.4,6.85,3.43,523.2,75.1,5.21,0.067,0.108,1.15,,,Ⅳ
2023-09-12T16:00:00+08:00,1694505600,26.6,6.86,3.33,545.1,83.1,5.98,0.084,0.119,1.41,,,Ⅳ
2023-09-12T20:00:00+08:00,1694520000,26.4,6.94,4.13,472.9,81.5,5.11,0.062,0.119,1.21,,,Ⅳ
2023-09-13T04:00:00+08:00,1694548800,25.7,6.86,3.85,420.0,85.2,5.08,0.104,0.12,1.25,,,Ⅳ
2023-09-13T08:00:00+08:00,1694563200,25.6,6.84,3.74,428.8,86.7,5.03,0.145,0.126,1.23,,,Ⅳ
2023-09-13T12:00:00+08:00,1694577600,24.8,6.8,4.17,392.3,84.0,4.89,0.236,0.129,1.42,,,Ⅳ
2023-09-13T16:00:00+08:00,1694592000,24.9,6.83,4.2,429.2,95.3,5.31,0.177,0.142,1.31,,,Ⅳ
2023-09-13T20:00:00+08:00,1694606400,24.6,6.8,3.79,416.2,88.7,5.4,0.245,0.144,1.55,,,Ⅳ
2023-09-14T04:00:00+08:00,1694635200,24.5,6.79,3.03,421.4,75.6,5.27,0.29,0.132,1.75,,,Ⅳ
2023-09-14T08:00:00+08:00,1694649600,24.5,6.78,3.03,434.4,77.6,5.58,0.319,0.136,1.72,,,Ⅳ
2023-09-14T12:00:00+08:00,1694664000,24.3,6.78,3.39,421.7,75.0,5.26,0.235,0.135,1.59,,,Ⅳ
2023-09-14T16:00:00+08:00,1694678400,24.3,6.79,3.67,409.7,74.9,4.92,0.224,0.131,1.63,,,Ⅳ
2023-09-14T20:00:00+08:00,1694692800,24.2,6.81,3.07,414.8,78.0,5.64,0.237,0.132,1.68,,,Ⅳ
2023-09-15T04:00:00+08:00,1694721600,24.0,6.75,3.3,439.4,75.2,5.47,0.218,0.129,1.51,,,Ⅳ
2023-09-15T08:00:00+08:00,1694736000,23.5,6.73,3.86,386.0,79.4,5.22,0.222,0.127,1.38,,,Ⅳ
2023-09-15T12:00:00+08:00,1694750400,23.5,6.72,3.43,403.7,77.1,5.27,0.226,0.13,1.51,,,Ⅳ
2023-09-15T16:00:00+08:00,1694764800,23.6,6.7,3.63,398.0,80.3,5.27,0.236,0.143,1.72,,,Ⅳ
2023-09-15T20:00:00+08:00,1694779200,23.5,6.7,3.53,395.9,81.7,5.6,0.268,0.149,1.68,,,Ⅳ
2023-09-16T12:00:00+08:00,1694836800,23.4,6.69,3.23,409.4,78.9,5.5,0.287,0.144,1.91,,,Ⅳ
2023-09-16T16:00:00+08:00,1694851200,23.8,6.67,3.48,408.1,81.0,5.41,0.259,0.149,1.95,,,Ⅳ
2023-09-16T20:00:00+08:00,1694865600,23.7,6.67,3.26,406.6,83.7,5.55,0.227,0.151,1.91,,,Ⅳ
2023-09-17T04:00:00+08:00,1694894400,23.4,6.71,2.9,434.4,78.5,5.56,0.199,0.145,1.9,,,Ⅴ
2023-09-17T08:00:00+08:00,1694908800,23.5,6.71,2.83,443.5,77.8,5.64,0.214,0.138,1.86,,,Ⅴ
2023-09-17T12:00:00+08:00,1694923200,24.3,6.74,3.13,443.2,77.6,5.45,0.208,0.138,1.96,,,Ⅳ
2023-09-17T16:00:00+08:00,1694937600,25.0,6.76,3.6,433.0,80.6,5.14,0.162,0.14,1.98,,,Ⅳ
2023-09-17T20:00:00+08:00,1694952000,24.7,6.76,3.36,429.9,80.5,5.5,0.152,0.14,1.96,,,Ⅳ
2023-09-18T04:00:00+08:00,1694980800,24.0,6.72,2.82,429.7,82.9,5.49,0.204,0.138,1.89,,,Ⅴ
2023-09-18T08:00:00+08:00,1694995200,24.6,6.79,3.19,438.6,87.6,5.86,0.197,0.142,1.95,,,Ⅳ
2023-09-18T12:00:00+08:00,1695009600,25.5,7.01,5.16,435.8,88.8,5.34,0.071,0.134,1.67,,,Ⅲ
2023-09-18T16:00:00+08:00,1695024000,26.1,7.0,5.74,429.9,88.6,5.51,0.059,0.126,1.72,,,Ⅲ
2023-09-18T20:00:00+08:00,1695038400,25.5,6.75,3.53,420.1,87.3,5.56,0.1,0.132,1.83,,,Ⅳ
2023-09-19T04:00:00+08:00,1695067200,25.5,6.8,3.78,429.9,92.6,5.7,0.072,0.129,1.72,,,Ⅳ
2023-09-19T08:00:00+08:00,1695081600,25.2,6.75,3.0,425.4,97.0,5.88,0.113,0.132,1.78,,,Ⅳ
2023-09-19T12:00:00+08:00,1695096000,26.0,6.82,4.01,427.7,92.1,5.03,0.061,0.117,1.63,,,Ⅳ
2023-09-19T16:00:00+08:00,1695110400,26.3,6.88,5.55,427.3,90.8,5.21,0.028,0.116,1.82,,,Ⅲ
2023-09-19T20:00:00+08:00,1695124800,26.4,6.89,5.33,426.3,107.9,6.47,0.036,0.134,1.86,,,Ⅳ
2023-09-20T04:00:00+08:00,1695153600,26.1,6.93,4.5,432.1,104.8,5.8,0.036,0.115,1.59,,,Ⅳ
2023-10-08T12:00:00+08:00,1696737600,19.8,7.45,5.93,451.1,49.4,4.14,0.044,0.099,1.24,,,Ⅲ
2023-10-08T16:00:00+08:00,1696752000,19.9,7.53,6.41,455.2,41.1,4.19,0.033,0.1,1.19,,,Ⅲ
2023-10-08T20:00:00+08:00,1696766400,19.8,7.54,6.64,454.6,46.8,4.37,0.032,0.1,1.17,,,Ⅲ
2023-10-09T04:00:00+08:00,1696795200,19.8,7.45,5.8,440.8,56.3,4.38,0.044,0.111,1.25,,,Ⅲ
2023-10-10T04:00:00+08:00,1696881600,19.6,7.47,6.14,464.5,56.2,4.46,0.033,0.093,0.89,,,Ⅲ
2023-10-10T08:00:00+08:00,1696896000,19.6,7.47,6.34,445.1,60.2,4.28,0.039,0.097,0.9,,,Ⅲ
2023-10-10T12:00:00+08:00,1696910400,19.6,7.47,6.23,449.4,58.3,4.46,0.037,0.099,0.96,,,Ⅲ
2023-10-13T04:00:00+08:00,1697140800,20.0,7.82,5.87,472.4,39.7,4.55,0.045,0.106,0.9,,,Ⅲ
2023-10-13T08:00:00+08:00,1697155200,19.9,7.8,5.21,468.8,42.0,4.22,0.048,0.106,0.94,,,Ⅲ
2023-10-13T12:00:00+08:00,1697169600,20.0,7.8,5.19,480.8,44.0,4.26,0.045,0.106,0.96,,,Ⅲ
2023-10-13T16:00:00+08:00,1697184000,20.1,7.81,5.14,536.2,35.8,4.37,0.044,0.096,1.13,,,Ⅲ
2023-10-13T20:00:00+08:00,1697198400,20.0,7.84,5.21,445.7,44.4,4.01,0.047,0.107,1.18,,,Ⅲ
2023-10-14T00:00:00+08:00,1697212800,19.9,7.81,5.03,433.2,48.5,4.1,0.051,0.118,1.08,,,Ⅲ
2023-10-14T04:00:00+08:00,1697227200,19.8,7.78,5.0,432.3,50.5,4.06,0.055,0.142,1.02,,,Ⅲ
2023-10-14T08:00:00+08:00,1697241600,19.6,7.76,4.73,447.0,47.4,3.69,0.055,0.113,1.19,,,Ⅳ
2023-10-14T12:00:00+08:00,1697256000,20.2,7.78,4.73,500.1,43.1,3.65,0.053,0.116,1.55,,,Ⅳ
2023-10-14T16:00:00+08:00,1697270400,20.6,7.81,5.15,487.4,41.0,3.9,0.048,0.171,1.73,,,Ⅲ
2023-10-14T20:00:00+08:00,1697284800,20.3,7.83,4.98,477.5,45.6,3.77,0.052,0.249,1.62,,,Ⅳ
2023-10-15T00:00:00+08:00,1697299200,20.2,7.82,4.71,499.8,46.6,3.52,0.05,0.139,1.68,,,Ⅳ
2023-10-15T04:00:00+08:00,1697313600,20.1,7.81,4.53,500.3,47.0,3.6,0.051,0.133,1.77,,,Ⅳ
2023-10-15T08:00:00+08:00,1697328000,19.8,7.8,4.45,508.8,46.0,3.63,0.053,0.127,1.64,,,Ⅳ
2023-10-15T12:00:00+08:00,1697342400,20.5,7.8,4.39,485.0,48.8,3.32,0.056,0.128,1.71,,,Ⅳ
2023-10-15T16:00:00+08:00,1697356800,20.8,7.84,4.95,465.5,42.3,3.38,0.058,0.069,1.69,,,Ⅳ
2023-10-15T20:00:00+08:00,1697371200,20.4,7.81,4.64,460.7,49.0,3.96,0.058,0.112,1.58,,,Ⅳ
2023-10-16T00:00:00+08:00,1697385600,20.2,7.82,4.77,462.3,43.3,3.88,0.049,0.062,1.52,,,Ⅳ
2023-10-16T04:00:00+08:00,1697400000,19.9,7.79,4.21,468.2,49.6,3.57,0.053,0.149,0.81,,,Ⅳ
2023-10-16T08:00:00+08:00,1697414400,19.8,7.79,4.03,492.2,44.8,3.6,0.057,0.065,,,,Ⅳ
2023-10-16T12:00:00+08:00,1697428800,20.5,7.79,4.16,479.3,43.0,3.86,0.057,0.103,,,,Ⅳ
2023-10-16T16:00:00+08:00,1697443200,20.6,7.83,4.67,457.4,43.1,3.94,0.055,0.082,,,,Ⅳ
2023-10-16T20:00:00+08:00,1697457600,20.5,7.85,4.68,452.4,48.1,3.89,0.051,0.131,1.49,,,Ⅳ
2023-10-17T00:00:00+08:00,1697472000,20.4,7.85,4.48,457.1,49.9,3.61,0.053,0.123,1.44,,,Ⅳ
2023-10-17T04:00:00+08:00,1697486400,20.2,7.83,3.9,462.6,57.3,3.44,0.055,0.12,1.48,,,Ⅳ
2023-10-17T08:00:00+08:00,1697500800,20.1,7.81,3.8,496.9,49.0,3.54,0.057,0.118,1.45,,,Ⅳ
2023-10-17T12:00:00+08:00,1697515200,20.6,7.82,4.09,511.1,44.4,3.64,0.05,0.121,1.57,,,Ⅳ
2023-10-17T16:00:00+08:00,1697529600,20.8,7.85,4.68,471.1,44.3,3.47,0.047,0.113,1.56,,,Ⅳ
2023-10-17T20:00:00+08:00,1697544000,18.7,7.94,8.96,456.3,303.5,3.47,0.047,0.113,1.56,,,Ⅲ
2023-10-18T00:00:00+08:00,1697558400,19.7,7.95,5.06,465.4,50.6,3.59,0.027,0.091,1.49,,,Ⅲ
2023-10-18T04:00:00+08:00,1697572800,19.6,7.81,2.45,464.0,42.9,3.14,0.025,0.082,1.64,,,Ⅴ
2023-10-18T08:00:00+08:00,1697587200,19.9,7.78,1.91,462.3,46.7,2.92,0.025,0.083,1.74,,,劣Ⅴ
2023-10-18T16:00:00+08:00,1697616000,20.8,7.79,2.86,478.5,42.2,3.17,0.025,0.086,1.78,,,Ⅴ
2023-10-18T20:00:00+08:00,1697630400,20.8,7.91,5.08,515.0,44.5,3.17,0.025,0.086,1.78,,,Ⅲ
2023-10-19T00:00:00+08:00,1697644800,20.5,7.85,6.28,514.5,55.5,3.96,0.075,0.111,1.68,,,Ⅲ
2023-10-19T04:00:00+08:00,1697659200,20.5,7.89,6.1,482.5,62.2,4.04,0.076,0.121,1.6,,,Ⅲ
2023-10-19T08:00:00+08:00,1697673600,20.6,7.94,6.05,487.2,62.2,3.7,0.066,0.111,1.7,,,Ⅲ
2023-10-19T12:00:00+08:00,1697688000,20.9,7.65,6.26,562.7,50.5,3.62,0.062,0.113,1.98,,,Ⅲ
2023-10-19T16:00:00+08:00,1697702400,21.3,7.56,6.45,513.7,48.4,3.17,0.075,0.115,2.1,,,Ⅲ
2023-10-19T20:00:00+08:00,1697716800,21.2,7.63,6.25,509.2,56.2,3.03,0.085,0.122,2.11,,,Ⅲ
2023-10-20T00:00:00+08:00,1697731200,20.9,7.63,8.16,503.8,104.4,3.79,0.098,0.142,1.6,,,Ⅲ
2023-10-20T04:00:00+08:00,1697745600,20.4,7.64,6.42,494.9,85.7,3.74,0.103,0.129,1.68,,,Ⅲ
2023-10-20T12:00:00+08:00,1697774400,20.4,7.7,6.8,484.3,64.9,3.7,0.076,0.12,1.71,,,Ⅲ
2023-10-20T16:00:00+08:00,1697788800,20.6,7.74,7.16,475.2,63.2,4.01,0.065,0.126,1.58,,,Ⅲ
2023-10-20T20:00:00+08:00,1697803200,20.4,7.78,7.07,454.5,86.0,4.05,0.073,0.142,1.25,,,Ⅲ
2023-10-21T04:00:00+08:00,1697832000,19.6,7.74,6.85,466.9,67.9,4.01,0.085,0.138,1.26,,,Ⅲ
2023-10-21T08:00:00+08:00,1697846400,19.3,7.73,6.78,459.5,66.0,4.13,0.089,0.128,1.35,,,Ⅲ
2023-10-21T12:00:00+08:00,1697860800,19.6,7.75,6.98,460.6,67.5,4.12,0.081,0.122,1.34,,,Ⅲ
2023-10-21T16:00:00+08:00,1697875200,19.9,7.76,7.07,454.8,74.8,4.14,0.086,0.131,1.27,,,Ⅲ
2023-10-21T20:00:00+08:00,1697889600,19.8,7.73,7.1,448.9,78.7,4.24,0.093,0.137,1.16,,,Ⅲ
2023-10-22T04:00:00+08:00,1697918400,19.3,7.71,6.51,455.8,79.8,4.53,0.121,0.131,1.14,,,Ⅲ
2023-10-22T08:00:00+08:00,1697932800,18.9,7.7,6.63,503.4,71.7,4.33,0.128,0.119,1.24,,,Ⅲ
2023-10-22T12:00:00+08:00,1697947200,19.4,7.71,6.63,524.4,70.1,4.05,0.131,0.122,1.55,,,Ⅲ
2023-10-22T16:00:00+08:00,1697961600,19.5,7.73,6.93,544.3,75.6,4.26,0.138,0.122,1.59,,,Ⅲ
2023-10-22T20:00:00+08:00,1697976000,19.5,7.7,6.76,536.3,76.5,4.0,0.157,0.123,1.53,,,Ⅲ
2023-10-23T04:00:00+08:00,1698004800,19.3,7.68,6.46,495.3,82.7,4.34,0.133,0.127,1.44,,,Ⅲ
2023-10-23T08:00:00+08:00,1698019200,19.0,7.67,6.65,484.0,72.0,3.86,0.112,0.112,1.45,,,Ⅲ
2023-10-23T12:00:00+08:00,1698033600,19.5,7.7,6.66,479.0,73.4,3.94,0.107,0.117,1.44,,,Ⅲ
2023-10-23T16:00:00+08:00,1698048000,19.6,7.72,7.05,491.8,60.0,4.04,0.094,0.108,1.6,,,Ⅲ
2023-10-23T20:00:00+08:00,1698062400,19.5,7.71,6.83,522.4,72.1,3.7,0.128,0.122,1.5,,,Ⅲ
2023-10-24T04:00:00+08:00,1698091200,19.5,7.68,6.61,519.2,65.2,3.77,0.108,0.106,1.54,,,Ⅲ
2023-10-24T08:00:00+08:00,1698105600,19.5,7.67,6.62,504.4,65.4,3.91,0.114,0.108,1.65,,,Ⅲ
2023-10-24T12:00:00+08:00,1698120000,19.8,7.69,6.78,489.5,68.2,4.15,0.128,0.116,1.56,,,Ⅲ
2023-10-24T16:00:00+08:00,1698134400,19.8,7.71,6.89,481.7,66.8,4.11,0.109,0.118,1.36,,,Ⅲ
2023-10-24T20:00:00+08:00,1698148800,19.7,7.73,6.84,517.1,65.9,3.91,0.12,0.117,1.47,,,Ⅲ
2023-10-25T04:00:00+08:00,1698177600,19.6,7.69,6.48,482.1,67.7,4.28,0.096,0.116,1.38,,,Ⅲ
2023-10-25T08:00:00+08:00,1698192000,19.6,7.69,6.54,459.4,60.0,4.0,0.087,0.104,1.41,,,Ⅲ
2023-10-25T12:00:00+08:00,1698206400,19.7,7.7,6.47,463.4,57.1,3.84,0.095,0.103,1.41,,,Ⅲ
2023-10-25T16:00:00+08:00,1698220800,19.9,7.72,6.89,466.4,57.2,4.07,0.099,0.101,1.47,,,Ⅲ
2023-10-25T20:00:00+08:00,1698235200,19.6,7.72,6.61,487.8,58.6,4.22,0.12,0.116,1.31,,,Ⅲ
2023-10-26T04:00:00+08:00,1698264000,19.6,7.68,6.3,495.8,68.2,4.72,0.095,0.104,1.23,,,Ⅲ
2023-10-26T08:00:00+08:00,1698278400,19.6,7.67,6.16,462.3,63.6,4.8,0.093,0.102,1.27,,,Ⅲ
2023-10-26T12:00:00+08:00,1698292800,20.1,7.68,6.13,454.6,55.9,4.66,0.111,0.105,1.33,,,Ⅲ
2023-10-26T16:00:00+08:00,1698307200,20.1,7.7,6.39,458.6,63.0,3.9,0.092,0.105,1.23,,,Ⅲ
2023-10-26T20:00:00+08:00,1698321600,19.9,7.55,6.27,491.6,49.8,4.11,0.11,0.113,1.08,,,Ⅲ
2023-10-27T04:00:00+08:00,1698350400,19.8,7.64,6.05,465.7,45.2,3.89,0.073,0.106,1.22,,,Ⅲ
2023-10-27T08:00:00+08:00,1698364800,19.9,7.63,6.17,452.1,43.0,3.94,0.076,0.104,1.18,,,Ⅲ
2023-10-27T12:00:00+08:00,1698379200,20.0,7.6,5.67,449.6,56.9,4.17,0.129,0.105,1.1,,,Ⅲ
2023-10-27T16:00:00+08:00,1698393600,20.1,7.62,6.02,454.6,55.0,4.03,0.091,0.109,1.2,,,Ⅲ
2023-10-27T20:00:00+08:00,1698408000,20.0,7.6,6.14,494.3,46.2,3.92,0.107,0.101,1.27,,,Ⅲ
2023-10-28T04:00:00+08:00,1698436800,19.7,7.63,6.08,468.3,53.1,3.73,0.108,0.096,1.0,,,Ⅱ
2023-10-28T08:00:00+08:00,1698451200,19.7,7.65,5.84,450.5,48.4,4.06,0.092,0.104,1.1,,,Ⅲ
2023-10-28T12:00:00+08:00,1698465600,20.1,7.66,6.53,454.4,52.4,3.79,0.084,0.103,1.2,,,Ⅲ
2023-10-28T16:00:00+08:00,1698480000,20.2,7.69,6.42,456.5,48.2,3.96,0.112,0.105,1.36,,,Ⅲ
2023-10-28T20:00:00+08:00,1698494400,19.9,7.65,6.34,460.9,47.7,3.92,0.105,0.099,1.39,,,Ⅱ
2023-10-29T04:00:00+08:00,1698523200,19.7,7.65,6.17,514.4,53.6,3.78,0.091,0.108,1.35,,,Ⅲ
2023-10-29T08:00:00+08:00,1698537600,19.6,7.67,6.45,478.0,52.9,4.18,0.091,0.099,1.24,,,Ⅲ
2023-10-29T12:00:00+08:00,1698552000,19.9,7.68,6.4,468.9,50.3,3.89,0.082,0.095,1.29,,,Ⅱ
2023-10-29T16:00:00+08:00,1698566400,20.1,7.7,6.71,475.1,52.2,4.16,0.07,0.104,1.36,,,Ⅲ
2023-10-29T20:00:00+08:00,1698580800,19.8,7.72,6.49,492.1,49.1,3.89,0.085,0.098,1.56,,,Ⅱ
2023-10-30T04:00:00+08:00,1698609600,19.8,7.7,6.53,555.8,73.2,3.46,0.1,0.123,2.04,,,Ⅲ
2023-10-30T08:00:00+08:00,1698624000,19.7,7.69,6.53,530.1,59.8,3.53,0.076,0.115,2.13,,,Ⅲ
2023-10-30T12:00:00+08:00,1698638400,20.0,7.7,6.53,534.8,60.0,3.39,0.062,0.114,2.07,,,Ⅲ
2023-10-31T12:00:00+08:00,1698724800,20.1,7.72,6.54,561.0,79.3,3.34,0.085,0.119,2.01,,,Ⅲ
2023-10-31T16:00:00+08:00,1698739200,20.3,7.73,6.71,543.0,76.2,3.62,0.101,0.113,1.94,,,Ⅲ
2023-10-31T20:00:00+08:00,1698753600,20.3,7.74,6.55,519.0,72.0,3.58,0.089,0.108,1.78,,,Ⅲ
2023-11-01T08:00:00+08:00,1698796800,19.9,7.71,6.34,566.8,76.3,3.49,0.086,0.111,1.97,,,Ⅲ
2023-11-01T12:00:00+08:00,1698811200,20.3,7.73,6.79,579.2,75.6,3.32,0.1,0.121,2.18,,,Ⅲ
2023-11-01T16:00:00+08:00,1698825600,20.4,7.74,6.77,547.5,76.9,3.6,0.109,0.113,2.01,,,Ⅲ
2023-11-01T20:00:00+08:00,1698840000,20.3,7.75,6.82,509.9,73.2,3.74,0.068,0.106,1.68,,,Ⅲ
2023-11-02T04:00:00+08:00,1698868800,20.1,7.75,6.68,502.3,78.3,3.57,0.066,0.107,1.73,,,Ⅲ
2023-11-02T08:00:00+08:00,1698883200,19.9,7.73,6.55,518.2,83.1,3.37,0.077,0.112,1.74,,,Ⅲ
2023-11-02T12:00:00+08:00,1698897600,20.4,7.74,6.8,547.7,76.0,3.49,0.077,0.107,1.94,,,Ⅲ
2023-11-02T16:00:00+08:00,1698912000,20.4,7.75,6.84,549.5,83.5,3.66,0.127,0.107,1.92,,,Ⅲ
2023-11-02T20:00:00+08:00,1698926400,20.2,7.74,6.8,528.4,89.4,3.36,0.098,0.116,1.79,,,Ⅲ
2023-11-03T04:00:00+08:00,1698955200,20.0,7.76,6.68,494.8,93.8,3.77,0.082,0.114,1.51,,,Ⅲ
2023-11-03T08:00:00+08:00,1698969600,20.0,7.74,6.35,493.6,87.6,3.34,0.075,0.117,1.76,,,Ⅲ
2023-11-03T12:00:00+08:00,1698984000,20.4,7.74,6.75,550.4,88.6,3.28,0.067,0.113,1.93,,,Ⅲ
2023-11-03T16:00:00+08:00,1698998400,20.6,7.74,6.63,544.1,97.7,3.18,0.086,0.121,2.0,,,Ⅲ
2023-11-03T20:00:00+08:00,1699012800,20.5,7.72,6.41,515.3,102.9,3.34,0.102,0.123,1.82,,,Ⅲ
2023-11-04T04:00:00+08:00,1699041600,20.2,7.72,6.36,500.0,98.3,3.55,0.082,0.119,1.51,,,Ⅲ
2023-11-04T08:00:00+08:00,1699056000,20.2,7.72,6.38,521.2,88.9,3.65,0.078,0.109,1.67,,,Ⅲ
2023-11-04T12:00:00+08:00,1699070400,20.6,7.78,6.64,489.2,93.7,3.62,0.086,0.122,1.57,,,Ⅲ
2023-11-04T16:00:00+08:00,1699084800,20.8,7.78,6.4,498.4,94.3,3.69,0.116,0.126,1.7,,,Ⅲ
2023-11-04T20:00:00+08:00,1699099200,20.6,7.64,6.41,498.1,63.2,4.23,0.082,0.124,1.5,,,Ⅲ
2023-11-05T00:00:00+08:00,1699113600,20.7,7.54,5.6,484.6,49.5,3.86,0.109,0.115,1.45,,,Ⅲ
2023-11-05T11:46:00+08:00,1699155960,,,,,,,,,,,,
2023-11-05T12:00:00+08:00,1699156800,21.3,7.72,6.2,522.2,45.2,3.81,,0.112,1.6,,,
2023-11-05T16:00:00+08:00,1699171200,21.6,7.73,6.3,523.6,41.8,3.44,0.066,0.112,1.78,,,Ⅲ
2023-11-05T20:00:00+08:00,1699185600,20.2,7.92,8.81,2.3,324.0,,0.389,0.403,,,,
2023-11-06T04:00:00+08:00,1699214400,18.4,7.99,9.14,1.5,363.0,,0.025,0.149,,,,
2023-11-06T08:00:00+08:00,1699228800,19.6,7.77,6.83,489.7,58.0,4.01,0.074,0.121,1.45,,,Ⅲ
2023-11-06T12:00:00+08:00,1699243200,19.8,7.83,7.34,455.5,67.0,3.97,0.069,0.13,1.26,,,Ⅲ
2023-11-06T16:00:00+08:00,1699257600,19.6,7.99,8.07,431.8,47.1,4.32,0.053,0.125,0.97,,,Ⅲ
2023-11-06T20:00:00+08:00,1699272000,19.5,7.95,7.63,436.3,43.0,4.42,0.05,0.123,1.01,,,Ⅲ
2023-11-07T04:00:00+08:00,1699300800,18.3,7.84,7.09,463.6,53.3,4.43,0.081,0.132,0.86,,,Ⅲ
2023-11-07T08:00:00+08:00,1699315200,17.6,7.83,6.85,455.4,67.3,4.89,0.094,0.143,0.74,,,Ⅲ
2023-11-07T12:00:00+08:00,1699329600,18.1,7.88,7.01,432.9,53.1,4.93,0.076,0.134,0.79,,,Ⅲ
2023-11-07T16:00:00+08:00,1699344000,18.4,7.9,7.49,428.3,59.1,4.63,0.073,0.132,0.84,,,Ⅲ
2023-11-07T20:00:00+08:00,1699358400,18.1,7.86,7.58,429.2,49.9,4.53,0.065,0.123,0.88,,,Ⅲ
2023-11-08T08:00:00+08:00,1699401600,16.3,7.99,8.44,473.0,57.2,4.8,0.083,0.129,0.99,,,Ⅲ
2023-11-08T12:00:00+08:00,1699416000,16.8,8.02,8.53,474.6,52.8,4.56,0.202,0.13,0.99,,,Ⅲ
2023-11-08T16:00:00+08:00,1699430400,17.7,7.96,8.25,459.1,48.6,4.23,0.065,0.112,1.1,,,Ⅲ
2023-11-08T20:00:00+08:00,1699444800,17.6,7.91,7.89,452.8,52.3,4.23,0.064,0.118,1.04,,,Ⅲ
2023-11-09T04:00:00+08:00,1699473600,17.4,7.8,7.07,433.9,60.9,4.3,0.08,0.116,0.7,,,Ⅲ
2023-11-09T08:00:00+08:00,1699488000,17.3,7.78,7.25,434.3,62.5,4.6,0.096,0.126,0.72,,,Ⅲ
2023-11-09T12:00:00+08:00,1699502400,17.4,7.81,7.08,456.2,65.0,4.37,0.134,0.123,0.94,,,Ⅲ
2023-11-09T16:00:00+08:00,1699516800,17.4,7.77,7.04,500.1,57.8,4.44,0.146,0.117,1.04,,,Ⅲ
2023-11-09T20:00:00+08:00,1699531200,17.4,7.73,6.78,480.9,64.8,4.46,0.104,0.123,1.02,,,Ⅲ
2023-11-10T04:00:00+08:00,1699560000,17.1,7.72,6.72,539.1,59.9,4.41,0.108,0.111,1.1,,,Ⅲ
2023-11-10T08:00:00+08:00,1699574400,16.9,7.71,6.71,469.2,66.7,4.35,0.13,0.121,1.11,,,Ⅲ
2023-11-10T16:00:00+08:00,1699603200,16.5,7.77,7.42,473.4,85.4,4.1,0.175,0.127,0.94,,,Ⅲ
2023-11-10T20:00:00+08:00,1699617600,16.1,7.77,7.23,458.7,69.8,4.01,0.273,0.122,0.92,,,Ⅲ
2023-11-11T04:00:00+08:00,1699646400,15.8,7.79,6.99,468.4,70.1,4.22,0.235,0.119,0.96,,,Ⅲ
2023-11-11T08:00:00+08:00,1699660800,15.6,7.77,7.13,463.8,65.5,4.12,0.237,0.114,1.08,,,Ⅲ
2023-11-11T12:00:00+08:00,1699675200,15.7,7.78,7.05,468.5,54.7,4.16,0.246,0.107,1.21,,,Ⅲ
2023-11-11T16:00:00+08:00,1699689600,15.9,7.79,7.24,514.2,56.7,4.72,0.268,0.107,1.31,,,Ⅲ
2023-11-11T20:00:00+08:00,1699704000,15.7,6.92,7.7,486.5,95.2,4.81,0.235,0.124,0.9,,,Ⅲ
2023-11-12T04:00:00+08:00,1699732800,15.2,7.74,7.15,480.4,67.8,3.95,0.235,0.117,1.3,,,Ⅲ
2023-11-12T08:00:00+08:00,1699747200,15.0,7.78,7.11,552.9,60.3,3.81,0.204,0.111,1.6,,,Ⅲ
2023-11-12T12:00:00+08:00,1699761600,15.1,7.84,7.22,540.1,76.1,3.69,0.228,0.124,1.8,,,Ⅲ
2023-11-12T16:00:00+08:00,1699776000,15.3,7.95,7.6,543.6,77.6,3.84,0.24,0.131,,,,Ⅲ
2023-11-12T20:00:00+08:00,1699790400,14.5,7.85,7.73,539.2,161.6,4.62,0.348,0.233,1.04,,,Ⅳ
2023-11-13T04:00:00+08:00,1699819200,13.2,7.86,7.71,580.9,53.1,4.27,0.237,0.116,1.57,,,Ⅲ
2023-11-13T08:00:00+08:00,1699833600,12.6,7.9,8.2,514.9,58.6,4.59,0.228,0.128,1.43,,,Ⅲ
2023-11-13T12:00:00+08:00,1699848000,13.2,7.94,8.49,508.7,71.4,4.66,0.238,0.131,1.34,,,Ⅲ
2023-11-13T16:00:00+08:00,1699862400,13.5,7.96,8.59,511.0,72.5,4.46,0.229,0.13,1.36,,,Ⅲ
2023-11-13T20:00:00+08:00,1699876800,13.2,7.96,8.71,513.5,69.9,4.6,0.268,0.138,1.42,,,Ⅲ
2023-11-14T00:00:00+08:00,1699891200,13.1,7.95,8.05,529.7,74.4,4.65,0.32,0.14,1.62,,,Ⅲ
2023-11-14T04:00:00+08:00,1699905600,12.6,7.91,8.07,572.7,55.8,4.49,0.327,0.122,1.81,,,Ⅲ
2023-11-14T08:00:00+08:00,1699920000,12.5,7.9,7.97,625.7,66.2,4.46,0.369,0.133,1.96,,,Ⅲ
2023-11-14T12:00:00+08:00,1699934400,12.8,7.94,8.45,574.6,116.9,4.86,0.381,0.178,1.66,,,Ⅲ
2023-11-14T16:00:00+08:00,1699948800,13.2,7.92,8.26,544.5,123.4,4.73,0.377,0.172,1.52,,,Ⅲ
2023-11-14T20:00:00+08:00,1699963200,13.0,7.91,8.12,534.5,87.8,4.16,0.341,0.137,1.6,,,Ⅲ
2023-11-15T04:00:00+08:00,1699992000,12.5,7.89,8.09,554.0,70.7,3.7,0.37,0.127,1.94,,,Ⅲ
2023-11-15T08:00:00+08:00,1700006400,12.5,7.89,8.1,607.6,56.5,4.01,0.365,0.125,2.11,,,Ⅲ
2023-11-15T12:00:00+08:00,1700020800,12.6,7.91,8.37,606.4,69.8,3.85,0.351,0.128,2.16,,,Ⅲ
2023-11-15T16:00:00+08:00,1700035200,13.2,7.93,8.2,558.3,86.0,3.83,0.353,0.126,1.95,,,Ⅲ
2023-11-15T20:00:00+08:00,1700049600,13.0,7.91,8.23,538.8,98.0,3.94,0.324,0.135,1.78,,,Ⅲ
2023-11-16T00:00:00+08:00,1700064000,13.0,7.91,8.2,534.5,86.9,3.79,0.317,0.131,1.8,,,Ⅲ
2023-11-16T04:00:00+08:00,1700078400,13.2,7.87,7.89,542.1,90.0,3.7,0.398,0.135,2.06,,,Ⅲ
2023-11-16T08:00:00+08:00,1700092800,12.8,7.87,8.2,619.4,65.2,4.04,0.351,0.131,2.26,,,Ⅲ
2023-11-16T16:00:00+08:00,1700121600,13.6,7.93,8.15,580.1,112.5,3.64,0.347,0.142,2.16,,,Ⅲ
2023-11-16T20:00:00+08:00,1700136000,13.3,7.93,8.44,584.3,83.6,3.68,0.306,0.138,2.36,,,Ⅲ
2023-11-17T04:00:00+08:00,1700164800,12.4,7.98,8.53,599.7,77.7,3.98,0.341,0.126,2.21,,,Ⅲ
2023-11-17T08:00:00+08:00,1700179200,12.1,7.98,8.79,577.7,74.8,3.73,0.344,0.131,2.24,,,Ⅲ
2023-11-17T12:00:00+08:00,1700193600,12.7,7.99,8.79,580.1,118.2,3.92,0.354,0.162,2.1,,,Ⅲ
2023-11-17T16:00:00+08:00,1700208000,12.9,7.96,8.73,557.3,133.8,3.78,0.385,0.173,1.8,,,Ⅲ
2023-11-17T20:00:00+08:00,1700222400,12.5,7.72,8.39,546.3,65.1,3.58,0.358,0.107,2.19,,,Ⅲ
2023-11-18T04:00:00+08:00,1700251200,12.5,7.81,7.94,606.8,70.5,3.69,0.363,0.118,2.38,,,Ⅲ
2023-11-18T08:00:00+08:00,1700265600,12.2,7.83,8.13,578.2,70.2,3.76,0.383,0.111,2.2,,,Ⅲ
2023-11-18T12:00:00+08:00,1700280000,12.5,7.86,8.54,535.2,91.6,4.04,0.329,0.127,1.87,,,Ⅲ
2023-11-18T16:00:00+08:00,1700294400,12.8,7.89,8.6,508.4,100.0,3.75,0.289,0.133,1.6,,,Ⅲ
2023-11-18T20:00:00+08:00,1700308800,12.5,7.87,8.36,503.8,86.6,4.18,0.287,0.123,1.64,,,Ⅲ
2023-11-19T04:00:00+08:00,1700337600,12.5,7.86,8.07,537.5,62.5,3.38,0.332,0.12,2.14,,,Ⅲ
2023-11-19T08:00:00+08:00,1700352000,12.4,7.85,8.08,536.7,63.7,4.02,0.315,0.12,1.95,,,Ⅲ
2023-11-19T12:00:00+08:00,1700366400,12.8,7.89,8.38,571.2,56.6,4.03,0.301,0.107,2.08,,,Ⅲ
2023-11-19T16:00:00+08:00,1700380800,13.4,7.91,8.38,552.5,81.2,3.7,0.27,0.12,1.77,,,Ⅲ
2023-11-19T20:00:00+08:00,1700395200,13.0,7.86,8.0,527.2,93.1,4.0,0.29,0.141,1.5,,,Ⅲ
2023-11-20T04:00:00+08:00,1700424000,12.5,7.86,8.15,502.0,55.0,3.9,0.229,0.1,1.69,,,Ⅱ
2023-11-20T08:00:00+08:00,1700438400,12.5,7.89,8.18,510.6,62.8,4.02,0.245,0.114,1.8,,,Ⅲ
2023-11-20T12:00:00+08:00,1700452800,13.1,7.9,8.2,515.7,80.5,3.56,0.266,0.124,1.89,,,Ⅲ
2023-11-20T16:00:00+08:00,1700467200,14.1,7.88,8.17,563.0,74.7,3.33,0.307,0.126,2.18,,,Ⅲ
2023-11-20T20:00:00+08:00,1700481600,14.0,7.82,7.62,595.8,69.4,3.58,0.336,0.113,2.3,,,Ⅲ
2023-11-21T04:00:00+08:00,1700510400,13.4,7.83,7.74,530.2,70.1,3.34,0.296,0.115,1.99,,,Ⅲ
2023-11-21T08:00:00+08:00,1700524800,12.9,7.88,8.21,502.5,60.9,3.89,0.253,0.118,1.74,,,Ⅲ
2023-11-21T12:00:00+08:00,1700539200,13.6,7.92,8.43,503.4,75.3,3.77,0.255,0.114,1.68,,,Ⅲ
2023-11-21T16:00:00+08:00,1700553600,14.2,7.9,8.15,520.2,76.5,3.74,0.262,0.121,1.78,,,Ⅲ
2023-11-21T20:00:00+08:00,1700568000,14.1,7.85,7.81,574.2,63.9,3.48,0.28,0.099,1.88,,,Ⅱ
2023-11-22T04:00:00+08:00,1700596800,13.7,7.86,8.05,516.8,61.1,3.64,0.225,0.101,1.78,,,Ⅲ
2023-11-22T08:00:00+08:00,1700611200,13.5,7.87,8.21,501.6,77.8,3.77,0.236,0.104,1.71,,,Ⅲ
2023-11-22T12:00:00+08:00,1700625600,14.2,7.9,8.11,514.7,95.1,3.69,0.259,0.119,1.69,,,Ⅲ
2023-11-22T16:00:00+08:00,1700640000,14.6,7.91,8.14,520.1,79.2,3.64,0.254,0.123,1.77,,,Ⅲ
2023-11-22T20:00:00+08:00,1700654400,14.7,7.89,7.88,550.3,76.8,3.46,0.26,0.114,1.86,,,Ⅲ
2023-11-23T04:00:00+08:00,1700683200,14.8,7.85,7.58,569.6,78.4,3.46,0.276,0.121,2.17,,,Ⅲ
2023-11-23T08:00:00+08:00,1700697600,14.5,7.85,7.61,546.4,69.7,3.61,0.258,0.12,2.01,,,Ⅲ
2023-11-23T12:00:00+08:00,1700712000,15.0,7.89,7.74,542.9,111.8,3.55,0.28,0.139,1.89,,,Ⅲ
2023-11-23T16:00:00+08:00,1700726400,15.4,7.89,8.01,576.8,145.1,3.73,0.29,0.146,1.48,,,Ⅲ
2023-11-23T20:00:00+08:00,1700740800,14.9,7.92,8.16,516.2,78.6,3.49,0.199,0.105,1.67,,,Ⅲ
2023-11-24T04:00:00+08:00,1700769600,13.7,7.94,8.33,559.7,66.3,3.61,0.199,0.1,1.86,,,Ⅱ
2023-11-24T08:00:00+08:00,1700784000,13.3,7.96,8.46,578.2,63.4,3.79,0.195,0.105,1.91,,,Ⅲ
2023-11-24T12:00:00+08:00,1700798400,13.9,7.98,8.66,546.7,75.6,3.74,0.186,0.101,1.81,,,Ⅲ
2023-11-24T16:00:00+08:00,1700812800,14.3,8.03,8.68,511.0,92.2,3.82,0.198,0.12,1.62,,,Ⅲ
2023-11-24T20:00:00+08:00,1700827200,13.9,8.04,8.75,505.4,95.2,3.8,0.191,0.114,1.51,,,Ⅲ
2023-11-25T04:00:00+08:00,1700856000,13.0,8.04,8.83,486.6,73.4,3.78,0.16,0.1,1.32,,,Ⅱ
2023-11-25T08:00:00+08:00,1700870400,12.8,8.03,8.83,491.8,72.1,4.16,0.158,0.106,1.48,,,Ⅲ
2023-11-25T12:00:00+08:00,1700884800,13.0,8.07,9.38,491.7,146.1,4.8,0.221,0.18,0.86,,,Ⅲ
2023-11-25T16:00:00+08:00,1700899200,13.5,8.09,9.4,500.9,145.6,4.57,0.225,0.175,0.95,,,Ⅲ
2023-11-25T20:00:00+08:00,1700913600,12.8,8.04,9.38,509.2,98.0,,0.191,0.113,,,,
2023-11-26T04:00:00+08:00,1700942400,12.6,7.86,8.24,498.9,46.3,4.06,0.185,0.085,1.49,,,Ⅲ
2023-11-26T08:00:00+08:00,1700956800,12.6,7.81,7.91,534.3,40.2,3.74,0.18,0.078,1.61,,,Ⅱ
2023-11-26T12:00:00+08:00,1700971200,13.0,7.83,7.65,525.0,67.7,3.46,0.231,0.103,1.79,,,Ⅲ
2023-11-26T16:00:00+08:00,1700985600,13.0,7.86,7.73,515.5,90.0,3.88,0.255,0.131,1.63,,,Ⅲ
2023-11-26T20:00:00+08:00,1701000000,13.1,7.84,7.73,524.4,78.2,3.42,0.249,0.121,1.83,,,Ⅲ
2023-11-27T04:00:00+08:00,1701028800,13.2,7.82,7.54,641.9,50.5,3.25,0.308,0.11,,,,Ⅲ
2023-11-27T08:00:00+08:00,1701043200,12.9,7.84,7.72,597.9,48.0,3.37,0.299,0.11,2.66,,,Ⅲ
2023-11-27T12:00:00+08:00,1701057600,13.4,7.87,7.81,626.9,65.0,3.14,0.293,0.115,2.51,,,Ⅲ
2023-11-27T16:00:00+08:00,1701072000,14.1,7.89,8.26,584.5,92.8,2.91,,0.14,2.27,,,
2023-11-27T20:00:00+08:00,1701086400,13.8,7.77,8.2,583.6,75.1,3.03,0.307,0.123,2.27,,,Ⅲ
2023-11-28T04:00:00+08:00,1701115200,13.2,7.78,8.21,581.1,55.9,3.08,0.296,0.106,2.48,,,Ⅲ
2023-11-28T08:00:00+08:00,1701129600,12.9,7.76,8.12,626.7,60.9,3.05,0.345,0.121,2.66,,,Ⅲ
2023-11-28T12:00:00+08:00,1701144000,13.3,7.73,8.04,584.9,71.5,3.49,0.319,0.11,2.21,,,Ⅲ
2023-11-28T16:00:00+08:00,1701158400,13.7,7.82,8.45,547.2,78.7,3.27,0.287,0.115,1.95,,,Ⅲ
2023-11-28T20:00:00+08:00,1701172800,13.4,7.78,8.19,523.9,72.5,3.48,0.301,0.111,1.8,,,Ⅲ
2023-11-29T04:00:00+08:00,1701201600,13.1,7.78,8.36,524.2,52.3,3.22,0.248,0.1,2.0,,,Ⅱ
2023-11-29T08:00:00+08:00,1701216000,12.9,7.82,8.63,525.8,60.0,3.42,0.221,0.118,2.0,,,Ⅲ
2023-11-29T12:00:00+08:00,1701230400,13.6,7.76,8.4,578.8,101.9,3.36,0.346,0.128,2.08,,,Ⅲ
2023-11-29T16:00:00+08:00,1701244800,14.2,7.77,8.02,568.8,108.4,3.82,0.341,0.138,1.79,,,Ⅲ
2023-11-29T20:00:00+08:00,1701259200,13.9,7.79,8.41,531.5,87.9,3.77,0.26,0.117,1.77,,,Ⅲ
2023-11-30T04:00:00+08:00,1701288000,13.3,7.75,8.41,619.1,57.3,3.1,0.271,0.111,2.48,,,Ⅲ
2023-11-30T08:00:00+08:00,1701302400,12.9,7.81,8.5,575.9,56.3,3.33,0.263,0.112,2.47,,,Ⅲ
2023-11-30T12:00:00+08:00,1701316800,13.2,7.84,8.59,539.3,88.5,3.28,0.275,0.116,2.1,,,Ⅲ
2023-11-30T16:00:00+08:00,1701331200,13.2,7.93,9.09,493.3,95.2,3.55,0.186,0.117,1.47,,,Ⅲ
2023-11-30T20:00:00+08:00,1701345600,12.7,7.99,9.41,482.0,76.5,4.08,0.15,0.117,1.41,,,Ⅲ
2023-12-01T04:00:00+08:00,1701374400,12.3,8.11,9.39,518.8,45.7,3.77,0.12,0.099,1.56,,,Ⅱ
2023-12-01T08:00:00+08:00,1701388800,11.8,8.09,9.35,504.0,60.9,3.8,0.145,0.11,1.5,,,Ⅲ
2023-12-01T12:00:00+08:00,1701403200,12.2,8.06,9.38,510.6,74.1,3.79,0.213,0.111,1.59,,,Ⅲ
2023-12-01T16:00:00+08:00,1701417600,12.4,8.06,9.32,495.9,87.6,3.81,0.211,0.124,1.36,,,Ⅲ
2023-12-01T20:00:00+08:00,1701432000,11.9,8.05,9.42,488.8,91.8,3.8,0.203,0.122,1.28,,,Ⅲ
2023-12-02T04:00:00+08:00,1701460800,11.1,8.02,9.52,502.6,60.4,3.77,0.173,0.099,1.59,,,Ⅱ
2023-12-02T08:00:00+08:00,1701475200,10.8,8.01,9.31,555.9,49.2,3.98,0.176,0.097,1.83,,,Ⅱ
2023-12-02T12:00:00+08:00,1701489600,11.4,8.0,9.23,580.8,65.6,3.42,0.23,0.1,1.94,,,Ⅱ
2023-12-02T16:00:00+08:00,1701504000,11.9,7.98,9.14,568.0,68.4,3.7,0.256,0.115,1.86,,,Ⅲ
2023-12-02T20:00:00+08:00,1701518400,11.0,7.93,9.17,540.2,76.3,3.67,0.24,0.105,1.81,,,Ⅲ
2023-12-03T04:00:00+08:00,1701547200,10.6,7.94,9.18,535.0,68.8,3.69,0.233,0.107,2.02,,,Ⅲ
2023-12-03T08:00:00+08:00,1701561600,10.3,7.87,9.38,548.7,49.7,3.63,0.224,0.097,2.2,,,Ⅱ
2023-12-03T12:00:00+08:00,1701576000,11.0,7.94,9.2,599.3,83.1,3.63,0.237,0.111,2.16,,,Ⅲ
2023-12-03T16:00:00+08:00,1701590400,11.6,7.88,9.03,632.3,153.1,3.93,0.343,0.189,1.67,,,Ⅲ
2023-12-03T20:00:00+08:00,1701604800,11.4,7.8,8.92,607.9,83.4,3.36,0.34,0.106,2.22,,,Ⅲ
2023-12-04T04:00:00+08:00,1701633600,10.8,7.83,8.82,567.9,60.6,3.43,0.226,0.09,2.25,,,Ⅱ
2023-12-04T08:00:00+08:00,1701648000,10.6,7.86,9.0,573.0,52.3,3.65,0.237,0.099,2.31,,,Ⅱ
2023-12-04T12:00:00+08:00,1701662400,10.8,7.92,9.05,615.4,71.5,3.17,0.232,0.11,2.27,,,Ⅲ
2023-12-04T16:00:00+08:00,1701676800,11.3,7.9,9.2,652.7,87.7,3.62,0.246,0.112,2.02,,,Ⅲ
2023-12-04T20:00:00+08:00,1701691200,11.0,7.88,9.16,639.2,85.8,3.46,0.248,0.108,1.98,,,Ⅲ
2023-12-05T00:00:00+08:00,1701705600,10.9,7.89,8.99,593.4,74.6,3.43,0.239,0.103,2.01,,,Ⅲ
2023-12-05T04:00:00+08:00,1701720000,10.7,7.88,9.03,564.6,58.5,3.28,0.242,0.095,2.15,,,Ⅱ
2023-12-05T08:00:00+08:00,1701734400,10.4,7.95,9.26,560.6,50.6,3.53,0.204,0.105,2.15,,,Ⅲ
2023-12-05T12:00:00+08:00,1701748800,11.1,7.93,9.23,564.8,88.6,3.79,0.242,0.121,1.92,,,Ⅲ
2023-12-05T16:00:00+08:00,1701763200,11.8,7.84,8.92,603.5,106.9,3.44,0.348,0.126,2.08,,,Ⅲ
2023-12-05T20:00:00+08:00,1701777600,11.7,7.82,8.94,641.8,123.7,3.56,0.33,0.158,1.88,,,Ⅲ
2023-12-06T00:00:00+08:00,1701792000,11.6,7.84,8.92,597.5,75.8,3.43,0.258,0.113,2.22,,,Ⅲ
2023-12-06T04:00:00+08:00,1701806400,11.5,7.88,8.91,572.4,82.0,3.27,0.238,0.126,1.99,,,Ⅲ
2023-12-06T12:00:00+08:00,1701835200,12.4,7.81,10.59,631.9,152.5,3.85,0.355,0.222,,,,Ⅳ
2023-12-06T16:00:00+08:00,1701849600,12.4,7.8,10.55,612.3,138.8,3.6,0.297,0.167,1.78,,,Ⅲ
2023-12-06T20:00:00+08:00,1701864000,12.4,7.87,9.03,580.4,90.4,3.2,0.247,0.127,1.87,,,Ⅲ
2023-12-07T00:00:00+08:00,1701878400,12.0,7.94,9.0,588.1,86.2,3.4,0.258,0.128,2.01,,,Ⅲ
2023-12-07T04:00:00+08:00,1701892800,11.6,8.0,8.98,588.2,68.1,3.05,0.231,0.114,2.15,,,Ⅲ
2023-12-07T08:00:00+08:00,1701907200,11.3,8.0,9.13,598.5,56.8,3.5,0.191,0.111,2.06,,,Ⅲ
2023-12-07T12:00:00+08:00,1701921600,12.0,7.98,9.21,631.3,69.5,3.13,0.217,0.116,2.09,,,Ⅲ
2023-12-07T16:00:00+08:00,1701936000,12.5,7.88,9.02,623.2,109.8,3.52,0.28,0.132,1.84,,,Ⅲ
2023-12-07T20:00:00+08:00,1701950400,12.3,7.87,8.82,588.0,101.5,3.2,0.262,0.13,1.81,,,Ⅲ
2023-12-08T00:00:00+08:00,1701964800,12.1,7.93,8.98,547.0,83.2,3.41,0.234,0.128,1.73,,,Ⅲ
2023-12-08T04:00:00+08:00,1701979200,12.1,8.01,9.03,531.4,74.4,3.54,0.206,0.119,1.8,,,Ⅲ
2023-12-08T08:00:00+08:00,1701993600,12.0,7.97,8.9,554.8,70.2,3.3,0.242,0.123,2.04,,,Ⅲ
2023-12-08T12:00:00+08:00,1702008000,12.5,8.0,9.08,552.9,84.2,3.43,0.2,0.117,1.84,,,Ⅲ
2023-12-08T16:00:00+08:00,1702022400,13.1,7.89,8.66,581.4,113.7,3.52,0.31,0.141,1.77,,,Ⅲ
2023-12-08T20:00:00+08:00,1702036800,12.8,7.75,8.51,617.9,114.8,3.27,0.347,0.153,1.88,,,Ⅲ
2023-12-09T00:00:00+08:00,1702051200,12.9,7.71,8.51,623.7,99.2,3.32,0.361,0.125,2.2,,,Ⅲ
2023-12-09T04:00:00+08:00,1702065600,12.9,7.74,8.56,627.6,85.5,2.9,0.355,0.128,2.53,,,Ⅲ
2023-12-09T08:00:00+08:00,1702080000,12.7,7.76,8.59,648.9,94.7,3.32,0.306,0.134,2.46,,,Ⅲ
2023-12-09T12:00:00+08:00,1702094400,13.4,7.79,8.73,641.1,98.1,3.28,0.256,0.136,2.11,,,Ⅲ
2023-12-09T16:00:00+08:00,1702108800,13.9,7.89,8.64,661.0,133.4,3.35,0.26,0.149,1.65,,,Ⅲ
2023-12-09T20:00:00+08:00,1702123200,13.7,7.82,8.52,621.2,114.6,3.12,0.285,0.134,1.73,,,Ⅲ
2023-12-10T00:00:00+08:00,1702137600,13.8,7.84,8.45,619.1,96.9,2.94,0.24,0.13,1.9,,,Ⅲ
2023-12-10T04:00:00+08:00,1702152000,13.7,7.88,8.6,636.5,106.0,3.19,0.25,0.139,2.05,,,Ⅲ
2023-12-10T08:00:00+08:00,1702166400,13.4,7.84,8.48,634.2,68.2,3.18,0.209,0.104,2.26,,,Ⅲ
2023-12-10T12:00:00+08:00,1702180800,13.5,7.79,8.52,657.2,87.0,3.61,0.341,0.123,2.24,,,Ⅲ
2023-12-10T16:00:00+08:00,1702195200,13.3,7.81,8.69,610.6,104.9,3.49,0.245,0.128,1.94,,,Ⅲ
2023-12-10T20:00:00+08:00,1702209600,13.3,7.83,8.44,624.7,91.8,,0.224,0.118,2.16,,,
2023-12-11T00:00:00+08:00,1702224000,13.5,7.77,8.38,627.7,64.2,,0.241,0.103,2.34,,,
2023-12-11T04:00:00+08:00,1702238400,13.5,7.78,8.39,636.7,65.5,3.66,0.293,0.112,2.72,,,Ⅲ
2023-12-11T08:00:00+08:00,1702252800,13.4,7.78,8.54,617.8,58.8,3.93,0.27,0.104,3.03,,,Ⅲ
2023-12-11T12:00:00+08:00,1702267200,16.6,7.79,9.53,1.4,220.8,,0.068,0.404,,,,
2023-12-11T16:00:00+08:00,1702281600,12.9,7.86,8.84,595.6,77.4,3.85,0.28,0.126,2.07,,,Ⅲ
2023-12-11T20:00:00+08:00,1702296000,12.5,7.85,8.79,630.0,72.7,3.53,0.298,0.123,2.28,,,Ⅲ
2023-12-12T00:00:00+08:00,1702310400,12.4,7.84,8.87,637.4,63.4,3.36,0.312,0.114,2.44,,,Ⅲ
2023-12-12T04:00:00+08:00,1702324800,12.2,7.89,8.85,595.8,56.8,3.64,0.281,0.106,2.22,,,Ⅲ
2023-12-12T08:00:00+08:00,1702339200,11.9,7.98,9.1,541.6,57.9,3.78,0.203,0.105,1.86,,,Ⅲ
2023-12-12T12:00:00+08:00,1702353600,11.8,7.97,9.05,582.4,62.1,3.9,0.263,0.107,2.18,,,Ⅲ
2023-12-12T16:00:00+08:00,1702368000,11.5,7.98,9.09,610.1,80.9,3.52,0.322,0.112,2.27,,,Ⅲ
2023-12-12T20:00:00+08:00,1702382400,11.3,7.9,8.94,611.6,60.8,3.77,0.296,0.084,2.39,,,Ⅱ
2023-12-13T00:00:00+08:00,1702396800,11.2,7.84,8.87,625.0,60.8,3.6,0.342,0.089,2.59,,,Ⅱ
2023-12-13T04:00:00+08:00,1702411200,11.1,7.84,8.67,611.7,61.8,3.41,0.319,0.085,2.4,,,Ⅱ
2023-12-13T08:00:00+08:00,1702425600,10.7,7.85,8.89,591.4,62.8,3.7,0.262,0.087,2.03,,,Ⅱ
2023-12-13T12:00:00+08:00,1702440000,11.0,7.96,9.17,588.1,74.6,3.7,0.269,0.088,1.98,,,Ⅱ
2023-12-13T16:00:00+08:00,1702454400,11.6,7.91,9.14,607.6,71.3,3.46,0.34,0.065,2.55,,,Ⅱ
2023-12-13T20:00:00+08:00,1702468800,11.5,7.9,9.1,569.6,82.3,3.56,0.278,0.117,1.97,,,Ⅲ
2023-12-14T00:00:00+08:00,1702483200,11.6,7.87,8.81,550.6,76.4,3.52,0.27,0.122,2.01,,,Ⅲ
2023-12-14T04:00:00+08:00,1702497600,11.7,7.84,8.53,553.0,84.4,3.42,0.312,0.124,2.08,,,Ⅲ
2023-12-14T08:00:00+08:00,1702512000,11.8,7.81,8.21,589.5,65.8,3.16,0.358,0.114,2.52,,,Ⅲ
2023-12-14T12:00:00+08:00,1702526400,12.5,7.71,8.49,661.6,77.1,3.35,0.38,0.116,2.74,,,Ⅲ
2023-12-14T16:00:00+08:00,1702540800,13.2,7.68,8.22,630.7,93.6,3.4,0.36,0.136,2.71,,,Ⅲ
2023-12-14T20:00:00+08:00,1702555200,13.3,7.67,8.16,592.2,108.5,2.98,0.363,0.137,2.32,,,Ⅲ
2023-12-15T00:00:00+08:00,1702569600,13.2,7.7,8.36,575.7,108.0,3.0,0.327,0.141,2.33,,,Ⅲ
2023-12-15T04:00:00+08:00,1702584000,12.6,7.77,8.32,619.8,114.6,3.03,0.359,0.155,2.37,,,Ⅲ
2023-12-15T08:00:00+08:00,1702598400,12.5,7.77,8.36,597.1,94.6,3.1,0.336,0.136,2.39,,,Ⅲ
2023-12-15T12:00:00+08:00,1702612800,12.2,7.81,8.58,556.6,94.2,3.23,0.297,0.126,2.13,,,Ⅲ
2023-12-15T16:00:00+08:00,1702627200,11.8,7.84,8.81,588.5,112.2,3.57,0.408,0.151,2.84,,,Ⅲ
2023-12-15T20:00:00+08:00,1702641600,11.2,7.88,9.02,593.7,106.7,3.28,0.365,0.151,2.45,,,Ⅲ
2023-12-16T00:00:00+08:00,1702656000,11.0,7.93,9.24,564.2,123.2,3.58,0.369,0.171,2.11,,,Ⅲ
2023-12-16T08:00:00+08:00,1702684800,9.6,7.85,11.18,525.2,130.7,3.61,0.38,0.174,2.09,,,Ⅲ
2023-12-16T12:00:00+08:00,1702699200,9.5,7.83,9.66,535.5,188.1,3.44,0.486,0.231,1.87,,,Ⅳ
2023-12-16T20:00:00+08:00,1702728000,8.5,7.84,9.99,557.3,103.8,3.49,0.397,0.163,2.24,,,Ⅲ
2023-12-17T00:00:00+08:00,1702742400,8.2,7.84,10.14,564.0,111.6,3.66,0.361,0.153,2.13,,,Ⅲ
2023-12-17T04:00:00+08:00,1702756800,7.6,7.79,10.31,541.0,85.0,3.46,0.312,0.127,2.19,,,Ⅲ
2023-12-17T08:00:00+08:00,1702771200,6.9,7.78,10.52,509.3,102.1,3.86,0.282,0.144,1.87,,,Ⅲ
2023-12-17T12:00:00+08:00,1702785600,7.2,7.82,10.69,489.2,103.2,4.1,0.257,0.146,1.66,,,Ⅲ
2023-12-17T16:00:00+08:00,1702800000,8.0,7.93,10.3,495.7,139.2,3.79,0.339,0.184,1.44,,,Ⅲ
2023-12-17T20:00:00+08:00,1702814400,7.6,7.88,10.29,490.8,128.6,3.73,0.338,0.184,1.38,,,Ⅲ
2023-12-18T00:00:00+08:00,1702828800,7.1,7.9,10.36,486.2,102.2,3.61,0.29,0.147,1.53,,,Ⅲ
2023-12-18T04:00:00+08:00,1702843200,7.0,7.91,10.46,488.6,98.0,3.91,0.273,0.137,1.64,,,Ⅲ
2023-12-18T08:00:00+08:00,1702857600,6.9,7.86,10.2,527.2,80.4,3.42,0.282,0.116,1.9,,,Ⅲ
2023-12-18T12:00:00+08:00,1702872000,6.5,7.87,10.32,552.5,97.1,3.58,0.334,0.135,1.9,,,Ⅲ
2023-12-18T16:00:00+08:00,1702886400,6.0,7.83,10.27,550.9,73.1,3.41,0.31,0.112,2.16,,,Ⅲ
2023-12-18T20:00:00+08:00,1702900800,6.2,7.82,10.56,523.7,87.0,3.58,0.312,0.13,2.15,,,Ⅲ
2023-12-19T00:00:00+08:00,1702915200,6.2,7.77,10.26,528.4,87.1,3.28,0.346,0.134,2.27,,,Ⅲ
2023-12-19T04:00:00+08:00,1702929600,6.4,7.77,10.19,527.1,77.4,3.44,0.323,0.128,2.47,,,Ⅲ
2023-12-19T08:00:00+08:00,1702944000,6.6,7.72,10.06,553.4,67.0,3.5,0.343,0.117,2.61,,,Ⅲ
2023-12-19T12:00:00+08:00,1702958400,6.9,7.74,10.15,608.1,63.8,3.69,0.358,0.119,2.76,,,Ⅲ
2023-12-19T16:00:00+08:00,1702972800,7.0,7.8,10.21,559.9,64.2,3.25,0.348,0.119,2.74,,,Ⅲ
2023-12-19T20:00:00+08:00,1702987200,6.6,7.85,10.34,532.6,69.2,3.26,0.336,0.118,2.62,,,Ⅲ
2023-12-20T08:00:00+08:00,1703030400,5.8,7.77,10.63,575.6,57.4,3.56,0.329,0.116,2.55,,,Ⅲ
2023-12-20T12:00:00+08:00,1703044800,6.2,7.83,10.68,548.8,66.1,3.43,0.352,0.119,2.53,,,Ⅲ
2023-12-20T16:00:00+08:00,1703059200,6.8,7.84,10.39,532.5,106.8,3.54,0.395,0.16,2.26,,,Ⅲ
2023-12-20T20:00:00+08:00,1703073600,6.2,7.8,10.68,523.9,95.6,3.4,0.361,0.144,2.16,,,Ⅲ
2023-12-21T00:00:00+08:00,1703088000,5.7,7.74,10.57,541.0,85.2,3.66,0.39,0.137,2.31,,,Ⅲ
2023-12-21T04:00:00+08:00,1703102400,5.4,7.68,10.59,594.2,79.0,3.57,0.415,0.148,2.54,,,Ⅲ
2023-12-21T08:00:00+08:00,1703116800,4.6,7.65,11.08,573.0,83.9,3.8,0.394,0.147,2.49,,,Ⅲ
2023-12-21T12:00:00+08:00,1703131200,5.2,7.66,10.98,570.0,75.4,3.63,0.416,0.145,2.61,,,Ⅲ
2023-12-21T16:00:00+08:00,1703145600,5.3,7.61,11.19,564.7,114.3,3.71,0.441,0.18,2.26,,,Ⅲ
2023-12-21T20:00:00+08:00,1703160000,4.5,7.64,11.32,534.5,95.7,3.65,0.366,0.142,2.1,,,Ⅲ
2023-12-22T00:00:00+08:00,1703174400,4.2,7.62,11.35,556.1,90.8,3.71,0.346,0.138,2.22,,,Ⅲ
2023-12-22T04:00:00+08:00,1703188800,4.0,7.63,11.38,564.3,76.2,3.64,0.332,0.139,2.28,,,Ⅲ
2023-12-22T08:00:00+08:00,1703203200,3.6,7.85,11.66,525.6,90.0,3.68,0.301,0.142,1.93,,,Ⅲ
2023-12-22T12:00:00+08:00,1703217600,4.0,7.86,11.7,537.9,86.6,3.83,0.325,0.132,2.16,,,Ⅲ
2023-12-22T16:00:00+08:00,1703232000,4.0,7.66,11.54,520.8,101.6,3.8,0.361,0.145,1.99,,,Ⅲ
2023-12-22T20:00:00+08:00,1703246400,4.0,7.61,11.58,544.0,73.4,3.55,0.394,0.129,2.51,,,Ⅲ
2023-12-23T00:00:00+08:00,1703260800,3.6,7.59,11.64,510.4,75.7,3.71,0.346,0.121,1.95,,,Ⅲ
2023-12-23T04:00:00+08:00,1703275200,3.3,7.56,11.68,507.8,75.0,3.5,0.345,0.121,1.99,,,Ⅲ
2023-12-23T08:00:00+08:00,1703289600,3.2,7.58,11.73,529.1,65.6,3.53,0.358,0.111,2.14,,,Ⅲ
2023-12-23T12:00:00+08:00,1703304000,4.0,7.61,11.61,556.6,103.7,3.7,0.426,0.144,2.14,,,Ⅲ
2023-12-23T16:00:00+08:00,1703318400,4.5,7.67,11.35,568.2,96.7,3.33,0.503,0.136,2.52,,,Ⅲ
2023-12-23T20:00:00+08:00,1703332800,4.3,7.68,11.18,566.6,110.6,3.31,0.528,0.164,2.3,,,Ⅲ
2023-12-24T00:00:00+08:00,1703347200,4.1,7.66,11.32,549.8,119.3,3.37,0.541,0.159,2.22,,,Ⅲ
2023-12-24T04:00:00+08:00,1703361600,4.0,7.59,11.08,548.1,87.8,3.61,0.53,0.138,2.53,,,Ⅲ
2023-12-24T08:00:00+08:00,1703376000,4.0,7.57,11.08,552.2,79.1,3.22,0.539,0.128,2.79,,,Ⅲ
2023-12-24T12:00:00+08:00,1703390400,4.5,7.63,11.14,546.3,124.8,3.58,0.544,,2.31,,,
2023-12-24T16:00:00+08:00,1703404800,5.4,7.72,10.78,578.8,129.3,3.61,0.541,0.182,,,,Ⅲ
2023-12-24T20:00:00+08:00,1703419200,5.0,7.68,10.82,600.3,105.0,,0.546,0.155,2.44,,,
2023-12-25T00:00:00+08:00,1703433600,4.9,7.63,10.53,593.5,104.3,4.01,0.577,0.144,2.63,,,Ⅲ
2023-12-25T04:00:00+08:00,1703448000,4.8,7.66,10.54,612.9,95.5,3.6,0.566,0.136,2.76,,,Ⅲ
2023-12-25T08:00:00+08:00,1703462400,4.4,7.64,10.74,624.2,71.9,3.62,0.551,0.121,2.86,,,Ⅲ
2023-12-25T12:00:00+08:00,1703476800,4.8,7.63,10.74,613.7,133.7,3.74,0.616,0.174,2.33,,,Ⅲ
2023-12-25T16:00:00+08:00,1703491200,5.7,7.65,10.53,628.2,117.9,3.47,0.551,0.156,2.42,,,Ⅲ
2023-12-25T20:00:00+08:00,1703505600,5.2,7.63,10.65,633.2,114.0,3.48,0.539,0.147,2.26,,,Ⅲ
2023-12-26T00:00:00+08:00,1703520000,5.1,7.62,10.7,581.0,99.0,3.71,0.48,0.13,2.42,,,Ⅲ
2023-12-31T20:00:00+08:00,1704024000,6.4,7.35,10.15,525.0,51.7,2.76,0.242,0.107,2.86,,,Ⅲ
2024-01-15T12:00:00+08:00,1705291200,10.1,7.54,10.57,549.6,102.2,3.7,0.209,0.13,2.43,,,Ⅲ
2024-01-16T12:00:00+08:00,1705377600,9.3,8.0,10.67,586.0,77.1,4.08,0.203,0.118,2.75,,,Ⅲ
2024-01-16T16:00:00+08:00,1705392000,10.0,8.28,10.7,565.7,107.7,4.2,0.157,0.139,2.3,,,Ⅲ
2024-01-16T20:00:00+08:00,1705406400,9.9,8.09,10.29,568.3,84.7,3.81,0.198,0.117,2.7,,,Ⅲ
2024-01-17T04:00:00+08:00,1705435200,9.7,8.01,10.14,566.6,65.3,3.14,0.217,0.093,2.89,,,Ⅱ
2024-01-17T08:00:00+08:00,1705449600,9.7,7.97,10.08,589.6,62.0,2.94,0.258,0.096,3.02,,,Ⅱ
2024-01-17T12:00:00+08:00,1705464000,10.2,8.07,10.14,594.8,66.5,3.3,0.246,0.101,3.12,,,Ⅲ
2024-01-17T16:00:00+08:00,1705478400,11.3,7.98,9.73,600.2,93.9,3.42,0.288,0.118,3.14,,,Ⅲ
2024-01-17T20:00:00+08:00,1705492800,11.2,7.98,9.89,565.7,86.0,3.08,0.289,0.106,2.98,,,Ⅲ
2024-01-18T04:00:00+08:00,1705521600,10.9,7.94,9.68,612.7,71.8,2.83,0.291,0.106,3.12,,,Ⅲ
2024-01-18T08:00:00+08:00,1705536000,10.7,7.94,9.86,564.4,73.4,3.02,0.271,0.101,3.0,,,Ⅲ
2024-01-22T12:00:00+08:00,1705896000,7.0,7.68,10.78,529.3,83.1,3.51,0.376,0.124,2.59,,,Ⅲ
2024-01-22T16:00:00+08:00,1705910400,7.1,7.7,10.82,522.1,112.4,3.66,0.368,0.136,2.32,,,Ⅲ
2024-01-22T20:00:00+08:00,1705924800,6.6,7.69,10.83,554.8,93.8,3.63,0.487,0.122,2.5,,,Ⅲ
2024-01-23T00:00:00+08:00,1705939200,6.0,7.7,11.05,544.7,101.0,3.55,0.42,0.135,2.41,,,Ⅲ
2024-01-23T04:00:00+08:00,1705953600,5.4,7.67,11.16,541.2,99.9,3.53,0.449,0.131,2.49,,,Ⅲ
2024-01-23T08:00:00+08:00,1705968000,4.9,7.65,11.3,546.6,78.7,3.72,0.472,0.129,2.68,,,Ⅲ
2024-01-23T12:00:00+08:00,1705982400,5.3,7.68,11.37,543.3,196.4,4.42,0.585,0.237,1.89,,,Ⅳ
2024-01-23T16:00:00+08:00,1705996800,6.0,7.68,11.16,536.7,101.1,3.77,0.48,0.143,2.4,,,Ⅲ
2024-01-23T20:00:00+08:00,1706011200,5.1,7.23,11.43,544.9,91.7,,0.445,0.138,2.18,,,
2024-01-24T00:00:00+08:00,1706025600,4.8,7.65,11.35,555.2,74.9,3.49,0.43,0.134,2.52,,,Ⅲ
2024-01-24T04:00:00+08:00,1706040000,4.2,7.62,11.28,548.7,75.1,3.8,0.424,0.12,2.52,,,Ⅲ
2024-01-24T08:00:00+08:00,1706054400,4.0,7.61,11.59,544.8,103.6,4.01,0.442,0.155,2.18,,,Ⅲ
2024-01-24T12:00:00+08:00,1706068800,4.6,7.65,11.55,552.9,90.9,3.68,0.477,0.136,2.56,,,Ⅲ
2024-01-24T16:00:00+08:00,1706083200,5.9,7.78,10.94,547.4,91.5,3.58,0.503,0.126,2.52,,,Ⅲ
2024-01-24T20:00:00+08:00,1706097600,5.3,7.78,11.34,531.5,89.6,3.48,0.444,0.123,2.29,,,Ⅲ
2024-01-25T00:00:00+08:00,1706112000,5.0,7.72,11.25,550.8,78.3,3.46,0.429,0.131,2.45,,,Ⅲ
2024-01-25T04:00:00+08:00,1706126400,4.5,7.66,11.22,549.1,70.4,3.61,0.421,0.131,2.45,,,Ⅲ
2024-01-25T08:00:00+08:00,1706140800,4.2,7.63,11.38,528.4,70.5,3.47,0.403,0.117,2.38,,,Ⅲ
2024-01-25T12:00:00+08:00,1706155200,4.8,7.66,11.44,523.7,89.5,3.32,0.393,0.138,2.15,,,Ⅲ
2024-01-25T16:00:00+08:00,1706169600,5.8,7.75,11.18,516.2,86.2,3.41,0.38,0.128,2.19,,,Ⅲ
2024-01-25T20:00:00+08:00,1706184000,5.5,7.72,11.19,515.0,96.3,3.53,0.39,0.134,2.1,,,Ⅲ
2024-01-26T00:00:00+08:00,1706198400,5.4,7.69,11.19,518.5,78.9,3.45,0.396,0.119,2.24,,,Ⅲ
2024-01-26T04:00:00+08:00,1706212800,5.0,7.66,11.27,538.5,72.3,3.51,0.393,0.122,2.24,,,Ⅲ
2024-01-26T08:00:00+08:00,1706227200,4.5,7.64,11.41,531.7,82.0,3.57,0.376,0.113,2.21,,,Ⅲ
2024-01-26T12:00:00+08:00,1706241600,5.5,7.65,11.16,519.6,79.9,3.55,0.393,0.125,2.38,,,Ⅲ
2024-01-26T16:00:00+08:00,1706256000,5.7,7.71,11.13,510.1,82.5,3.53,0.365,0.122,2.34,,,Ⅲ
2024-01-26T20:00:00+08:00,1706270400,5.8,7.7,11.04,511.0,87.7,3.56,0.379,0.122,2.34,,,Ⅲ
2024-01-27T00:00:00+08:00,1706284800,5.8,7.68,10.89,515.7,76.9,3.49,0.401,0.119,2.39,,,Ⅲ
2024-01-27T04:00:00+08:00,1706299200,5.5,7.64,11.06,541.4,67.7,3.4,0.398,0.112,2.44,,,Ⅲ
2024-01-27T08:00:00+08:00,1706313600,5.5,7.62,10.95,521.7,59.1,3.46,0.407,0.115,2.56,,,Ⅲ
2024-01-27T12:00:00+08:00,1706328000,5.7,7.65,11.04,526.0,66.2,3.39,0.43,0.11,2.7,,,Ⅲ
2024-01-27T16:00:00+08:00,1706342400,6.5,7.8,10.97,489.0,64.1,3.58,0.335,0.097,2.25,,,Ⅱ
2024-01-27T20:00:00+08:00,1706356800,6.5,7.82,10.97,482.4,64.9,3.6,0.344,0.095,2.23,,,Ⅱ
2024-01-28T00:00:00+08:00,1706371200,6.4,7.76,10.89,505.2,59.0,3.64,0.416,0.103,2.46,,,Ⅲ
2024-01-28T08:00:00+08:00,1706400000,5.7,7.71,11.05,503.7,53.8,,0.371,0.093,2.4,,,
2024-01-28T12:00:00+08:00,1706414400,6.4,7.84,11.21,456.3,50.2,,0.222,0.079,1.79,,,
2024-01-28T16:00:00+08:00,1706428800,7.5,7.96,10.94,452.5,73.8,,0.214,0.089,1.63,,,
2024-01-28T20:00:00+08:00,1706443200,7.0,7.88,10.85,481.8,58.4,3.92,0.29,0.093,2.07,,,Ⅱ
2024-01-29T04:00:00+08:00,1706472000,7.0,7.77,10.67,511.1,56.0,3.92,0.331,0.11,2.18,,,Ⅲ
2024-01-29T08:00:00+08:00,1706486400,6.7,7.79,10.62,496.1,55.4,3.89,0.315,0.12,2.17,,,Ⅲ
2024-01-29T12:00:00+08:00,1706500800,7.3,7.88,10.63,486.2,53.4,4.06,0.269,0.102,2.01,,,Ⅲ
2024-01-29T16:00:00+08:00,1706515200,8.0,7.97,10.54,476.2,58.1,3.64,0.283,0.112,2.1,,,Ⅲ
2024-01-29T20:00:00+08:00,1706529600,8.1,8.02,10.42,468.8,61.2,4.02,0.231,0.11,1.85,,,Ⅲ
2024-01-30T04:00:00+08:00,1706558400,8.2,7.94,10.3,490.6,69.9,3.79,0.331,0.141,2.24,,,Ⅲ
2024-01-30T08:00:00+08:00,1706572800,8.2,7.89,9.97,531.1,66.2,3.85,0.385,0.149,2.53,,,Ⅲ
2024-01-30T12:00:00+08:00,1706587200,8.4,7.88,10.1,547.8,59.2,3.26,0.404,0.144,2.8,,,Ⅲ
2024-01-30T16:00:00+08:00,1706601600,8.5,7.92,10.15,537.0,61.4,3.36,0.414,0.136,2.88,,,Ⅲ
2024-01-30T20:00:00+08:00,1706616000,8.5,7.91,10.1,529.2,65.2,3.43,0.365,0.142,2.71,,,Ⅲ
2024-01-31T04:00:00+08:00,1706644800,8.8,7.91,9.49,565.3,66.9,3.3,0.396,0.142,2.8,,,Ⅲ
2024-01-31T08:00:00+08:00,1706659200,8.7,7.89,9.56,541.4,64.9,3.55,0.381,0.148,2.81,,,Ⅲ
2024-01-31T12:00:00+08:00,1706673600,8.9,7.93,9.74,530.6,61.9,3.25,0.376,0.132,2.97,,,Ⅲ
2024-01-31T16:00:00+08:00,1706688000,9.1,7.94,9.78,520.1,64.6,3.23,0.32,0.123,2.9,,,Ⅲ
2024-01-31T20:00:00+08:00,1706702400,9.2,7.94,9.68,518.9,65.1,3.13,0.318,0.129,2.77,,,Ⅲ
2024-02-01T04:00:00+08:00,1706731200,9.4,7.91,9.46,507.4,63.8,3.42,0.379,0.118,3.02,,,Ⅲ
2024-02-01T08:00:00+08:00,1706745600,9.3,7.88,9.5,528.0,71.0,3.55,0.343,0.127,2.66,,,Ⅲ
2024-02-01T16:00:00+08:00,1706774400,9.0,7.87,10.07,513.7,67.6,3.41,0.34,0.132,2.71,,,Ⅲ
2024-02-01T20:00:00+08:00,1706788800,8.7,7.78,10.07,526.8,71.3,3.47,0.381,0.147,2.89,,,Ⅲ
2024-02-02T04:00:00+08:00,1706817600,8.5,7.68,9.77,531.0,68.0,3.37,0.373,0.137,2.89,,,Ⅲ
2024-02-02T08:00:00+08:00,1706832000,8.3,7.66,9.96,524.3,65.5,3.64,0.357,0.123,2.79,,,Ⅲ
2024-02-02T12:00:00+08:00,1706846400,8.3,7.66,10.28,536.5,66.4,3.61,0.382,0.13,2.87,,,Ⅲ
2024-02-02T16:00:00+08:00,1706860800,8.3,7.66,10.1,537.0,67.3,3.52,0.392,0.135,3.17,,,Ⅲ
2024-02-02T20:00:00+08:00,1706875200,8.2,7.68,10.29,519.9,69.3,3.53,0.331,0.136,2.8,,,Ⅲ
2024-02-03T00:00:00+08:00,1706889600,7.9,7.67,10.14,523.7,68.3,3.93,0.345,0.134,2.68,,,Ⅲ
2024-02-03T04:00:00+08:00,1706904000,7.7,7.64,10.16,557.6,67.9,3.53,0.346,0.119,3.25,,,Ⅲ
2024-02-03T08:00:00+08:00,1706918400,7.5,7.6,10.12,539.0,66.4,3.6,0.38,0.137,3.07,,,Ⅲ
2024-02-03T12:00:00+08:00,1706932800,7.5,7.57,10.14,531.4,68.1,3.47,0.428,0.131,3.19,,,Ⅲ
2024-02-03T16:00:00+08:00,1706947200,7.5,7.57,10.12,540.4,67.4,3.63,0.448,0.142,3.66,,,Ⅲ
2024-02-03T20:00:00+08:00,1706961600,7.4,7.55,10.18,547.2,69.3,3.37,0.477,0.136,3.82,,,Ⅲ
2024-02-04T00:00:00+08:00,1706976000,7.3,7.54,10.28,568.4,68.2,3.61,0.465,0.136,3.64,,,Ⅲ
2024-02-04T04:00:00+08:00,1706990400,7.2,7.53,10.16,564.3,65.3,4.17,0.533,0.149,3.74,,,Ⅲ
2024-02-04T08:00:00+08:00,1707004800,7.1,7.54,10.25,535.5,66.7,3.72,0.423,0.138,3.58,,,Ⅲ
2024-02-04T12:00:00+08:00,1707019200,6.8,7.54,10.38,429.2,70.2,3.52,0.425,0.119,3.17,,,Ⅲ
2024-02-04T16:00:00+08:00,1707033600,6.8,7.49,10.15,508.7,73.1,4.01,0.539,0.126,4.57,,,Ⅲ
2024-02-04T20:00:00+08:00,1707048000,6.8,7.42,10.12,521.9,78.4,4.4,0.66,0.15,6.01,,,Ⅲ
2024-02-05T00:00:00+08:00,1707062400,6.5,7.37,10.26,543.9,78.8,4.58,0.83,0.164,6.78,,,Ⅲ
2024-02-05T04:00:00+08:00,1707076800,6.4,7.4,10.2,554.2,77.5,4.73,0.748,0.158,6.06,,,Ⅲ
2024-02-05T12:00:00+08:00,1707105600,6.5,7.41,10.2,579.1,79.0,4.48,0.795,0.168,5.97,,,Ⅲ
2024-02-05T16:00:00+08:00,1707120000,6.2,7.44,10.61,551.2,79.3,4.28,0.761,0.169,4.91,,,Ⅲ
2024-02-05T20:00:00+08:00,1707134400,5.8,7.44,10.42,569.7,64.2,4.11,0.693,0.141,4.78,,,Ⅲ
2024-02-06T00:00:00+08:00,1707148800,5.8,7.46,10.43,581.4,63.2,4.13,0.694,0.147,4.75,,,Ⅲ
2024-02-06T04:00:00+08:00,1707163200,5.7,7.46,10.44,582.6,67.5,3.96,0.668,0.149,4.56,,,Ⅲ
2024-02-06T08:00:00+08:00,1707177600,5.8,7.4,8.11,571.1,54.5,,,0.162,4.6,,,
2024-02-06T12:00:00+08:00,1707192000,5.4,7.43,9.45,568.4,65.1,,,0.162,4.6,,,
2024-02-06T16:00:00+08:00,1707206400,5.8,7.41,10.4,575.3,62.5,4.16,0.862,0.151,4.95,,,Ⅲ
2024-02-06T20:00:00+08:00,1707220800,6.1,7.41,10.26,567.3,76.8,4.31,0.877,0.164,4.83,,,Ⅲ
2024-02-07T04:00:00+08:00,1707249600,6.1,7.43,10.17,580.3,65.0,3.81,0.789,0.143,4.59,,,Ⅲ
2024-02-07T08:00:00+08:00,1707264000,5.9,7.45,10.31,558.6,69.6,3.96,0.717,0.153,,,,Ⅲ
2024-02-17T04:00:00+08:00,1708113600,10.0,7.87,9.67,510.7,72.6,3.81,0.394,0.123,3.43,,,Ⅲ
2024-02-17T08:00:00+08:00,1708128000,10.0,7.74,9.47,519.5,56.5,4.06,0.481,0.109,4.01,,,Ⅲ
2024-02-17T12:00:00+08:00,1708142400,10.9,7.82,9.45,511.7,55.1,3.67,0.411,0.105,3.89,,,Ⅲ
2024-02-17T16:00:00+08:00,1708156800,11.8,7.78,9.41,505.5,58.6,3.63,0.377,0.103,3.75,,,Ⅲ
2024-02-17T20:00:00+08:00,1708171200,11.7,7.73,9.06,521.1,58.5,3.58,0.364,0.107,3.86,,,Ⅲ
2024-02-18T00:00:00+08:00,1708185600,11.8,7.7,8.91,532.7,60.1,3.33,0.381,0.107,3.8,,,Ⅲ
2024-02-18T04:00:00+08:00,1708200000,11.6,7.74,8.96,535.1,60.0,3.46,0.332,0.109,3.53,,,Ⅲ
2024-02-18T08:00:00+08:00,1708214400,11.6,7.71,8.88,524.4,58.2,3.18,0.37,0.105,3.77,,,Ⅲ
2024-02-18T12:00:00+08:00,1708228800,12.2,7.65,8.77,522.4,56.3,3.19,0.415,0.103,4.1,,,Ⅲ
2024-02-18T16:00:00+08:00,1708243200,13.1,7.7,8.77,546.3,57.4,3.15,0.369,0.104,4.03,,,Ⅲ
2024-02-18T20:00:00+08:00,1708257600,13.2,7.74,8.83,540.8,58.3,3.68,0.345,0.11,4.05,,,Ⅲ
2024-02-19T00:00:00+08:00,1708272000,13.8,7.75,8.89,503.3,61.8,3.45,0.333,0.111,3.85,,,Ⅲ
2024-02-19T04:00:00+08:00,1708286400,13.8,7.73,8.72,496.8,59.9,3.21,0.295,0.102,3.74,,,Ⅲ
2024-02-19T08:00:00+08:00,1708300800,13.6,7.71,8.7,507.5,56.6,3.22,0.284,0.107,3.69,,,Ⅲ
2024-02-19T12:00:00+08:00,1708315200,14.0,7.72,8.26,518.1,54.7,3.07,0.272,0.101,3.68,,,Ⅲ
2024-02-19T16:00:00+08:00,1708329600,13.9,7.75,8.71,480.7,71.5,3.46,0.245,0.114,3.32,,,Ⅲ
2024-02-19T20:00:00+08:00,1708344000,13.3,7.69,8.88,492.8,63.6,3.21,0.228,0.096,3.31,,,Ⅱ
2024-02-20T00:00:00+08:00,1708358400,12.8,7.72,9.04,492.4,62.0,3.22,0.206,0.094,3.16,,,Ⅱ
2024-02-20T04:00:00+08:00,1708372800,12.5,7.76,9.02,531.7,63.8,3.18,0.188,0.091,2.98,,,Ⅱ
2024-02-20T08:00:00+08:00,1708387200,12.3,7.77,9.02,529.9,61.4,3.67,0.198,0.091,2.9,,,Ⅱ
2024-02-20T12:00:00+08:00,1708401600,12.1,7.8,9.26,500.2,63.4,3.18,0.199,0.088,2.93,,,Ⅱ
2024-02-20T16:00:00+08:00,1708416000,12.0,7.8,9.14,488.0,60.0,3.27,0.219,0.089,3.07,,,Ⅱ
2024-02-20T20:00:00+08:00,1708430400,12.0,7.88,9.08,481.2,61.8,3.39,0.113,0.092,2.56,,,Ⅱ
2024-02-21T00:00:00+08:00,1708444800,11.8,7.92,9.43,416.7,62.5,3.39,0.162,0.088,2.22,,,Ⅱ
2024-02-21T04:00:00+08:00,1708459200,11.4,7.82,9.39,447.5,61.8,3.56,0.238,0.09,2.81,,,Ⅱ
2024-02-21T08:00:00+08:00,1708473600,10.7,7.77,9.45,455.4,80.0,3.84,0.307,0.105,2.92,,,Ⅲ
2024-02-21T12:00:00+08:00,1708488000,10.2,7.72,9.55,459.9,67.8,3.73,0.388,0.103,3.65,,,Ⅲ
2024-02-21T16:00:00+08:00,1708502400,9.9,7.68,9.51,485.2,126.9,4.37,0.514,0.149,4.44,,,Ⅲ
2024-02-21T20:00:00+08:00,1708516800,9.4,7.65,9.65,474.3,72.5,4.66,0.447,0.121,4.92,,,Ⅲ
2024-02-22T00:00:00+08:00,1708531200,9.0,7.61,9.77,502.3,69.4,4.3,0.524,0.124,5.6,,,Ⅲ
2024-02-22T04:00:00+08:00,1708545600,8.7,7.63,9.35,502.2,66.7,3.7,0.443,0.123,5.06,,,Ⅲ
2024-02-22T08:00:00+08:00,1708560000,8.5,7.62,9.69,502.4,64.6,4.04,0.425,0.122,4.95,,,Ⅲ
2024-02-22T12:00:00+08:00,1708574400,8.5,7.62,9.44,493.7,65.0,3.83,0.43,0.132,4.76,,,Ⅲ
2024-02-22T16:00:00+08:00,1708588800,8.2,7.65,9.57,492.8,67.5,3.81,0.367,0.115,4.54,,,Ⅲ
2024-02-22T20:00:00+08:00,1708603200,7.9,7.62,9.89,501.6,65.5,4.01,0.349,0.121,4.61,,,Ⅲ
2024-02-23T00:00:00+08:00,1708617600,7.6,7.61,9.86,524.2,64.0,3.84,0.375,0.119,4.63,,,Ⅲ
2024-02-23T08:00:00+08:00,1708646400,6.8,7.57,9.99,513.8,68.7,4.37,0.399,0.12,4.74,,,Ⅲ
2024-02-23T12:00:00+08:00,1708660800,6.9,7.59,9.89,509.0,69.2,3.95,0.438,0.12,4.86,,,Ⅲ
2024-02-23T16:00:00+08:00,1708675200,7.1,7.62,9.81,517.8,73.9,4.02,0.446,0.122,4.6,,,Ⅲ
2024-02-23T20:00:00+08:00,1708689600,7.0,7.6,10.11,521.3,71.8,4.11,0.458,0.128,4.73,,,Ⅲ
2024-02-24T00:00:00+08:00,1708704000,6.7,7.59,10.2,543.6,72.6,3.82,0.435,0.121,4.56,,,Ⅲ
2024-02-24T04:00:00+08:00,1708718400,6.4,7.59,10.24,540.8,71.8,3.9,0.413,0.121,4.31,,,Ⅲ
2024-02-24T08:00:00+08:00,1708732800,6.2,7.58,10.21,521.7,74.1,3.74,0.418,0.121,4.23,,,Ⅲ
2024-02-24T12:00:00+08:00,1708747200,6.2,7.56,10.25,513.7,69.4,3.86,0.459,0.124,4.38,,,Ⅲ
2024-02-24T16:00:00+08:00,1708761600,5.9,7.55,10.41,512.5,71.0,4.0,0.459,0.119,1.0,,,Ⅲ
2024-02-24T20:00:00+08:00,1708776000,5.8,7.53,10.37,514.8,66.6,4.3,0.477,0.122,4.55,,,Ⅲ
2024-02-25T00:00:00+08:00,1708790400,5.8,7.49,10.12,539.9,66.6,4.32,0.542,0.118,4.74,,,Ⅲ
2024-02-25T04:00:00+08:00,1708804800,5.6,7.5,10.11,540.0,67.7,4.36,0.533,0.12,4.83,,,Ⅲ
2024-02-25T08:00:00+08:00,1708819200,5.3,7.5,10.29,524.8,63.3,4.39,0.505,0.12,4.76,,,Ⅲ
2024-02-25T12:00:00+08:00,1708833600,5.4,7.56,10.46,515.9,64.5,4.18,0.47,0.113,4.48,,,Ⅲ
2024-02-25T16:00:00+08:00,1708848000,6.3,7.71,10.42,505.8,66.7,3.72,0.433,0.119,4.11,,,Ⅲ
2024-02-25T20:00:00+08:00,1708862400,6.2,7.74,10.62,504.8,67.8,4.0,0.394,0.112,4.0,,,Ⅲ
2024-02-26T00:00:00+08:00,1708876800,6.0,7.71,10.46,512.5,65.3,4.13,0.401,0.109,3.99,,,Ⅲ
2024-02-26T04:00:00+08:00,1708891200,5.9,7.69,10.46,526.4,63.0,4.0,0.396,0.106,3.99,,,Ⅲ
2024-02-26T12:00:00+08:00,1708920000,6.2,7.74,10.74,526.7,70.8,3.92,0.33,0.104,3.74,,,Ⅲ
2024-02-26T16:00:00+08:00,1708934400,7.1,7.85,10.55,499.2,79.5,3.83,0.312,0.11,3.55,,,Ⅲ
2024-02-26T20:00:00+08:00,1708948800,7.2,7.83,10.33,492.2,77.6,3.69,0.282,0.103,3.48,,,Ⅲ
2024-02-27T00:00:00+08:00,1708963200,7.0,7.8,10.5,495.5,73.6,3.91,0.309,0.11,3.48,,,Ⅲ
2024-02-27T04:00:00+08:00,1708977600,6.9,7.77,10.52,499.3,73.1,4.07,0.323,0.103,3.67,,,Ⅲ
2024-02-27T12:00:00+08:00,1709006400,7.6,7.78,10.48,533.8,68.2,3.8,0.327,0.103,3.83,,,Ⅲ
2024-02-27T16:00:00+08:00,1709020800,8.5,7.93,10.21,507.3,86.2,3.63,0.327,0.112,3.87,,,Ⅲ
2024-02-27T20:00:00+08:00,1709035200,8.5,7.91,10.03,498.1,76.4,3.66,0.281,0.101,3.64,,,Ⅲ
2024-02-28T04:00:00+08:00,1709064000,8.3,7.75,10.3,495.1,80.3,3.57,0.266,0.102,3.4,,,Ⅲ
2024-02-28T08:00:00+08:00,1709078400,8.1,7.72,10.31,496.6,77.0,3.74,0.272,0.103,3.47,,,Ⅲ
2024-02-28T12:00:00+08:00,1709092800,8.1,7.65,10.15,535.3,75.9,3.81,0.359,0.105,3.69,,,Ⅲ
2024-02-28T16:00:00+08:00,1709107200,8.5,7.61,10.09,536.4,69.9,3.99,0.403,0.105,4.1,,,Ⅲ
2024-02-28T20:00:00+08:00,1709121600,8.3,7.58,9.73,513.2,67.9,4.01,0.398,0.108,4.52,,,Ⅲ
2024-02-29T04:00:00+08:00,1709150400,8.5,7.56,9.82,511.7,61.4,3.93,0.426,0.107,4.38,,,Ⅲ
2024-02-29T08:00:00+08:00,1709164800,8.4,7.57,9.81,517.4,62.3,3.84,0.458,0.104,4.65,,,Ⅲ
2024-02-29T12:00:00+08:00,1709179200,8.3,7.58,9.66,525.3,61.9,4.16,0.486,0.11,4.54,,,Ⅲ
2024-03-01T04:00:00+08:00,1709236800,7.9,7.53,9.71,545.1,67.2,3.74,0.503,0.12,4.54,,,Ⅲ
2024-03-01T08:00:00+08:00,1709251200,7.7,7.5,9.75,534.3,62.4,4.17,0.528,0.122,4.58,,,Ⅲ
2024-03-01T12:00:00+08:00,1709265600,8.2,7.52,9.76,549.3,65.3,4.16,0.541,0.115,4.78,,,Ⅲ
2024-03-01T16:00:00+08:00,1709280000,8.5,7.56,9.77,552.7,66.2,4.15,0.507,0.109,4.75,,,Ⅲ
2024-03-01T20:00:00+08:00,1709294400,8.5,7.57,9.87,548.4,64.9,4.21,0.477,0.111,4.65,,,Ⅲ
2024-03-02T00:00:00+08:00,1709308800,8.2,7.53,9.72,548.7,69.6,4.54,0.486,0.115,4.61,,,Ⅲ
2024-03-02T04:00:00+08:00,1709323200,7.8,7.49,9.83,556.4,65.2,4.38,0.473,0.111,4.51,,,Ⅲ
2024-03-02T08:00:00+08:00,1709337600,7.4,7.45,9.74,568.3,62.7,4.38,0.454,0.107,4.57,,,Ⅲ
2024-03-02T12:00:00+08:00,1709352000,7.9,7.57,10.25,562.6,72.5,3.92,0.351,0.104,4.07,,,Ⅲ
2024-03-02T16:00:00+08:00,1709366400,8.9,7.75,9.99,557.6,83.6,4.06,0.352,0.109,4.15,,,Ⅲ
2024-03-02T20:00:00+08:00,1709380800,8.9,7.75,9.66,540.3,74.9,3.82,0.363,0.107,4.15,,,Ⅲ
2024-03-03T00:00:00+08:00,1709395200,8.7,7.61,9.75,539.8,78.1,4.0,0.421,0.108,4.42,,,Ⅲ
2024-03-03T04:00:00+08:00,1709409600,8.5,7.63,9.65,538.8,77.4,4.06,0.415,0.11,4.42,,,Ⅲ
2024-03-03T08:00:00+08:00,1709424000,8.5,7.54,9.58,541.9,82.2,4.32,0.445,0.109,4.47,,,Ⅲ
2024-03-03T12:00:00+08:00,1709438400,8.7,7.65,9.54,557.1,82.1,4.07,0.401,0.104,4.34,,,Ⅲ
2024-03-03T16:00:00+08:00,1709452800,10.6,7.69,9.35,567.2,81.2,3.63,0.372,0.106,4.34,,,Ⅲ
2024-03-03T20:00:00+08:00,1709467200,10.3,7.71,9.42,548.1,128.4,4.44,0.41,0.152,4.4,,,Ⅲ
2024-03-04T00:00:00+08:00,1709481600,10.2,7.86,9.7,529.2,74.1,3.9,0.264,0.105,4.04,,,Ⅲ
2024-03-04T04:00:00+08:00,1709496000,9.9,7.72,9.32,544.0,66.1,4.05,0.363,0.098,3.97,,,Ⅲ
2024-03-04T08:00:00+08:00,1709510400,9.8,7.74,9.33,538.5,73.6,4.34,0.354,0.109,4.27,,,Ⅲ
2024-03-04T12:00:00+08:00,1709524800,10.0,7.79,9.47,533.9,87.6,4.19,0.331,0.115,4.27,,,Ⅲ
2024-03-04T16:00:00+08:00,1709539200,10.3,7.74,9.21,519.5,67.7,3.92,0.362,0.1,4.11,,,Ⅱ
2024-03-04T20:00:00+08:00,1709553600,10.3,7.74,9.23,521.2,75.2,3.95,0.34,0.106,4.33,,,Ⅲ
2024-03-05T00:00:00+08:00,1709568000,10.3,7.71,9.12,548.2,68.5,4.14,0.462,0.109,4.33,,,Ⅲ
2024-03-05T08:00:00+08:00,1709596800,10.5,7.68,8.96,514.0,61.4,3.99,0.427,0.107,4.51,,,Ⅲ
2024-03-05T12:00:00+08:00,1709611200,10.6,7.66,9.0,556.0,62.0,4.02,0.499,0.11,4.94,,,Ⅲ
2024-03-05T16:00:00+08:00,1709625600,10.8,7.67,8.73,546.2,68.4,4.05,0.546,0.115,4.94,,,Ⅲ
2024-03-05T20:00:00+08:00,1709640000,10.7,7.69,8.95,536.2,62.5,4.14,0.51,0.112,5.13,,,Ⅲ
2024-03-06T00:00:00+08:00,1709654400,10.5,7.71,9.18,523.4,76.5,4.11,0.466,0.122,5.13,,,Ⅲ
2024-03-06T04:00:00+08:00,1709668800,10.3,7.7,9.21,552.1,65.0,4.36,0.459,0.105,4.89,,,Ⅲ
2024-03-06T08:00:00+08:00,1709683200,10.1,7.68,9.03,558.4,62.9,4.15,0.423,0.105,4.77,,,Ⅲ
2024-03-06T12:00:00+08:00,1709697600,10.2,7.72,9.22,521.4,67.2,4.16,0.351,0.107,4.77,,,Ⅲ
2024-03-06T16:00:00+08:00,1709712000,10.5,7.77,9.19,518.3,66.2,4.15,0.35,0.103,4.56,,,Ⅲ
2024-03-06T20:00:00+08:00,1709726400,10.6,7.74,9.19,520.5,63.4,4.14,0.362,0.103,4.58,,,Ⅲ
2024-03-07T00:00:00+08:00,1709740800,10.2,7.75,9.11,515.8,70.5,3.97,0.354,0.103,4.32,,,Ⅲ
2024-03-07T04:00:00+08:00,1709755200,9.7,7.73,9.48,510.4,69.3,4.14,0.285,0.097,4.32,,,Ⅲ
2024-03-07T08:00:00+08:00,1709769600,9.3,7.71,9.61,537.3,65.2,3.97,0.255,0.093,4.01,,,Ⅱ
2024-03-07T12:00:00+08:00,1709784000,9.9,7.76,9.45,545.0,65.9,3.71,0.235,0.091,3.9,,,Ⅱ
2024-03-07T16:00:00+08:00,1709798400,11.2,7.73,8.71,514.7,69.4,3.66,0.233,0.101,3.96,,,Ⅲ
2024-03-07T20:00:00+08:00,1709812800,11.2,7.74,8.82,504.6,70.9,3.72,0.258,0.099,4.14,,,Ⅱ
2024-03-08T00:00:00+08:00,1709827200,10.8,7.72,8.66,509.2,70.6,3.74,0.347,0.1,4.26,,,Ⅱ
2024-03-08T04:00:00+08:00,1709841600,10.5,7.68,8.64,515.8,68.9,3.94,0.387,0.104,4.76,,,Ⅲ
2024-03-08T08:00:00+08:00,1709856000,9.9,7.73,8.78,530.3,67.4,3.99,0.332,0.104,4.26,,,Ⅲ
2024-03-08T12:00:00+08:00,1709870400,10.6,7.73,8.84,548.9,67.6,4.01,0.282,0.1,4.26,,,Ⅲ
2024-03-08T16:00:00+08:00,1709884800,11.6,7.72,8.54,510.9,70.7,3.97,0.409,0.103,4.21,,,Ⅲ
2024-03-08T20:00:00+08:00,1709899200,11.7,7.65,8.55,507.4,71.5,3.95,0.355,0.106,4.36,,,Ⅲ
2024-03-09T04:00:00+08:00,1709928000,10.8,7.69,8.26,532.1,71.8,3.86,0.445,0.105,4.71,,,Ⅲ
2024-03-09T08:00:00+08:00,1709942400,10.5,7.74,8.45,548.2,82.4,4.09,0.411,0.108,4.16,,,Ⅲ
2024-03-09T12:00:00+08:00,1709956800,11.1,7.77,8.88,565.5,75.6,4.15,0.327,0.1,3.93,,,Ⅲ
2024-03-09T16:00:00+08:00,1709971200,12.0,7.72,8.49,558.2,81.3,4.24,0.511,0.099,4.22,,,Ⅲ
2024-03-09T20:00:00+08:00,1709985600,12.1,7.71,8.48,523.4,73.5,3.88,0.27,0.092,3.88,,,Ⅱ
2024-03-10T04:00:00+08:00,1710014400,11.4,7.81,8.89,535.8,86.9,4.27,0.286,0.109,3.92,,,Ⅲ
2024-03-10T08:00:00+08:00,1710028800,11.1,7.78,8.81,518.8,69.7,4.17,0.271,0.094,3.93,,,Ⅲ
2024-03-10T12:00:00+08:00,1710043200,11.6,7.85,9.13,522.7,89.5,4.17,0.241,0.105,3.82,,,Ⅲ
2024-03-10T16:00:00+08:00,1710057600,12.6,7.71,8.78,521.1,77.7,4.1,0.254,0.1,4.2,,,Ⅲ
2024-03-10T20:00:00+08:00,1710072000,12.4,7.69,8.61,535.7,66.6,3.97,0.328,0.104,4.2,,,Ⅲ
2024-03-11T04:00:00+08:00,1710100800,12.1,7.71,8.87,540.0,62.0,4.23,0.316,0.097,4.3,,,Ⅲ
2024-03-11T08:00:00+08:00,1710115200,12.1,7.67,8.51,552.7,74.6,4.03,0.402,0.109,4.4,,,Ⅲ
2024-03-11T12:00:00+08:00,1710129600,12.3,7.69,8.67,582.3,68.7,4.11,0.356,0.1,4.2,,,Ⅲ
2024-03-11T16:00:00+08:00,1710144000,13.0,7.7,8.91,556.2,73.0,4.07,0.309,0.1,4.11,,,Ⅲ
2024-03-11T20:00:00+08:00,1710158400,13.0,7.63,8.38,577.9,67.5,4.15,0.445,0.103,4.68,,,Ⅲ
2024-03-12T00:00:00+08:00,1710172800,13.0,7.56,7.97,582.0,65.3,4.09,0.508,0.108,4.74,,,Ⅲ
2024-03-12T04:00:00+08:00,1710187200,12.6,7.57,8.3,588.1,65.6,4.35,0.495,0.103,4.67,,,Ⅲ
2024-03-12T08:00:00+08:00,1710201600,12.5,7.57,8.08,615.8,64.0,4.07,0.522,0.099,4.68,,,Ⅲ
2024-03-12T12:00:00+08:00,1710216000,12.9,7.57,8.24,594.1,86.1,3.9,0.514,0.105,4.56,,,Ⅲ
2024-03-12T16:00:00+08:00,1710230400,13.9,7.63,8.14,574.4,85.9,4.1,0.448,0.107,4.38,,,Ⅲ
2024-03-12T20:00:00+08:00,1710244800,13.7,7.64,8.15,564.0,83.5,3.95,0.396,0.095,4.2,,,Ⅱ
2024-03-13T00:00:00+08:00,1710259200,13.2,7.59,8.14,574.6,82.3,3.87,0.447,0.093,4.19,,,Ⅱ
2024-03-13T04:00:00+08:00,1710273600,12.6,7.62,8.47,612.7,75.8,3.97,0.472,0.088,4.18,,,Ⅱ
2024-03-13T08:00:00+08:00,1710288000,12.5,7.65,8.11,621.4,73.5,4.18,0.479,0.094,4.12,,,Ⅲ
2024-03-13T16:00:00+08:00,1710316800,14.0,7.7,8.57,600.8,75.6,4.38,0.453,0.108,4.24,,,Ⅲ
2024-03-13T20:00:00+08:00,1710331200,13.9,7.73,8.55,571.4,67.5,4.12,0.319,0.094,4.0,,,Ⅲ
2024-03-14T00:00:00+08:00,1710345600,13.6,7.67,8.55,572.4,67.3,4.19,0.337,0.094,3.94,,,Ⅲ
2024-03-14T04:00:00+08:00,1710360000,13.5,7.63,8.33,579.8,67.7,3.79,0.357,0.096,4.06,,,Ⅱ
2024-03-14T08:00:00+08:00,1710374400,13.2,7.59,8.17,616.1,70.8,4.0,0.45,0.103,4.15,,,Ⅲ
2024-03-14T12:00:00+08:00,1710388800,13.2,7.58,8.15,651.9,80.5,4.16,0.51,0.107,4.29,,,Ⅲ
2024-03-14T16:00:00+08:00,1710403200,13.8,7.55,8.15,632.8,75.1,4.16,0.505,0.109,4.47,,,Ⅲ
2024-03-14T20:00:00+08:00,1710417600,13.7,7.55,8.05,617.6,79.1,3.96,0.452,0.101,4.47,,,Ⅲ
2024-03-15T00:00:00+08:00,1710432000,13.5,7.58,8.25,592.0,74.7,4.08,0.36,0.102,4.03,,,Ⅲ
2024-03-15T04:00:00+08:00,1710446400,13.1,7.57,8.23,609.4,71.9,3.97,0.36,0.102,4.06,,,Ⅲ
2024-03-15T08:00:00+08:00,1710460800,12.9,7.62,8.36,608.1,75.3,4.26,0.304,0.097,3.78,,,Ⅲ
2024-03-15T16:00:00+08:00,1710489600,15.1,7.69,8.31,582.6,68.6,4.25,0.24,0.105,3.9,,,Ⅲ
2024-03-17T04:00:00+08:00,1710619200,15.6,7.57,7.72,596.8,65.3,3.91,0.283,0.09,3.89,,,Ⅱ
2024-03-17T08:00:00+08:00,1710633600,15.4,7.56,7.58,623.0,66.3,3.86,0.29,0.093,4.01,,,Ⅱ
2024-03-17T12:00:00+08:00,1710648000,15.3,7.64,7.89,561.7,64.4,3.87,0.197,0.09,4.01,,,Ⅱ
2024-03-18T08:00:00+08:00,1710720000,13.8,7.74,8.41,561.9,68.3,3.97,0.128,0.095,3.14,,,Ⅱ
2024-03-18T12:00:00+08:00,1710734400,14.2,7.93,9.23,532.9,60.9,4.3,0.076,0.091,2.87,,,Ⅲ
2024-03-18T16:00:00+08:00,1710748800,14.3,7.93,9.11,516.9,55.4,4.4,0.078,0.08,3.1,,,Ⅲ
2024-03-18T20:00:00+08:00,1710763200,14.1,7.93,9.01,516.6,65.0,4.4,0.079,0.088,3.02,,,Ⅲ
2024-03-19T00:00:00+08:00,1710777600,14.0,7.99,9.02,507.0,59.9,3.95,0.07,0.081,2.8,,,Ⅱ
2024-03-19T04:00:00+08:00,1710792000,13.5,7.86,8.59,521.8,63.3,4.07,0.105,0.091,2.93,,,Ⅲ
2024-03-19T08:00:00+08:00,1710806400,13.2,7.84,8.55,521.3,59.3,4.38,0.108,0.082,2.93,,,Ⅲ
2024-03-19T12:00:00+08:00,1710820800,14.0,7.87,8.84,535.7,60.7,4.09,0.104,0.087,2.99,,,Ⅲ
2024-03-19T16:00:00+08:00,1710835200,15.8,8.1,9.29,548.7,58.2,5.02,0.076,0.1,,,,Ⅲ
2024-03-19T20:00:00+08:00,1710849600,15.0,8.3,9.5,531.2,53.9,4.92,0.044,0.09,2.97,,,Ⅲ
2024-03-20T00:00:00+08:00,1710864000,14.6,8.25,9.36,509.4,53.4,4.57,0.049,0.093,2.97,,,Ⅲ
2024-03-20T04:00:00+08:00,1710878400,14.0,8.16,9.18,499.8,50.8,4.72,0.047,0.093,2.58,,,Ⅲ
2024-03-20T08:00:00+08:00,1710892800,13.6,8.1,9.16,500.7,50.1,4.93,0.057,0.09,2.58,,,Ⅲ
2024-03-20T12:00:00+08:00,1710907200,14.5,8.31,9.65,532.2,50.1,5.07,0.042,0.089,2.64,,,Ⅲ
2024-03-20T16:00:00+08:00,1710921600,15.4,8.47,9.95,535.1,49.4,5.07,0.042,0.089,2.64,,,Ⅲ
2024-03-20T20:00:00+08:00,1710936000,15.4,8.49,9.84,503.6,53.2,5.16,0.041,0.092,2.59,,,Ⅲ
2024-03-21T04:00:00+08:00,1710964800,14.6,8.49,9.76,549.2,55.0,5.4,0.025,0.088,2.79,,,Ⅲ
2024-03-21T08:00:00+08:00,1710979200,14.1,8.44,9.77,544.0,49.6,5.32,0.025,0.098,2.69,,,Ⅲ
2024-03-21T12:00:00+08:00,1710993600,15.0,8.65,10.48,542.0,51.9,5.39,0.025,0.093,2.55,,,Ⅲ
2024-03-21T16:00:00+08:00,1711008000,16.2,8.69,10.1,524.8,52.4,5.8,0.025,0.107,2.59,,,Ⅲ
2024-03-21T20:00:00+08:00,1711022400,16.1,8.74,10.22,530.8,69.7,5.66,0.033,0.112,2.49,,,Ⅲ
2024-03-22T04:00:00+08:00,1711051200,15.4,8.49,9.42,535.8,58.7,4.93,0.028,0.095,2.56,,,Ⅲ
2024-03-22T08:00:00+08:00,1711065600,15.2,8.47,9.51,528.3,59.2,5.1,0.03,0.101,2.52,,,Ⅲ
2024-03-22T12:00:00+08:00,1711080000,16.1,8.53,9.9,498.2,61.8,5.33,0.029,0.092,2.6,,,Ⅲ
2024-03-22T16:00:00+08:00,1711094400,17.2,8.65,10.39,505.5,60.1,5.32,0.025,0.091,2.66,,,Ⅲ
2024-03-22T20:00:00+08:00,1711108800,17.2,8.57,10.12,499.8,58.4,5.15,0.027,0.094,2.66,,,Ⅲ
2024-03-23T04:00:00+08:00,1711137600,16.7,8.42,9.6,493.9,56.4,5.11,0.027,0.09,2.46,,,Ⅲ
2024-03-23T08:00:00+08:00,1711152000,16.5,8.25,9.27,499.6,60.4,5.15,0.027,0.098,2.65,,,Ⅲ
2024-03-23T12:00:00+08:00,1711166400,16.9,8.31,9.41,503.8,62.7,4.92,0.026,0.098,2.65,,,Ⅲ
2024-03-23T16:00:00+08:00,1711180800,17.0,8.32,9.17,537.7,63.5,5.59,0.026,0.094,2.38,,,Ⅲ
2024-03-23T20:00:00+08:00,1711195200,16.8,8.36,9.23,572.7,51.8,5.15,0.036,0.101,2.43,,,Ⅲ
2024-03-24T04:00:00+08:00,1711224000,16.2,7.97,8.69,533.3,56.5,4.73,0.073,0.096,3.04,,,Ⅲ
2024-03-24T08:00:00+08:00,1711238400,16.1,7.91,8.54,519.5,66.4,4.47,0.087,0.102,3.27,,,Ⅲ
2024-03-24T12:00:00+08:00,1711252800,16.1,7.89,8.47,546.2,62.4,4.73,0.099,0.105,3.35,,,Ⅲ
2024-03-24T16:00:00+08:00,1711267200,16.6,7.96,8.58,522.3,65.3,4.83,0.072,0.104,2.79,,,Ⅲ
2024-03-24T20:00:00+08:00,1711281600,16.6,7.96,8.65,508.0,63.8,4.77,0.061,0.107,2.7,,,Ⅲ
2024-03-25T04:00:00+08:00,1711310400,16.1,7.77,8.13,501.5,60.3,4.75,0.088,0.097,2.74,,,Ⅲ
2024-03-25T08:00:00+08:00,1711324800,16.1,7.74,8.0,544.5,61.7,4.73,0.125,0.097,2.78,,,Ⅲ
2024-03-25T12:00:00+08:00,1711339200,16.1,7.7,7.83,584.1,74.8,4.75,0.16,0.109,2.91,,,Ⅲ
2024-03-25T16:00:00+08:00,1711353600,16.1,7.71,7.97,519.2,93.5,5.35,0.174,0.13,2.69,,,Ⅲ
2024-03-25T20:00:00+08:00,1711368000,15.6,7.78,8.12,519.6,87.1,5.1,0.158,0.112,2.79,,,Ⅲ
2024-03-26T04:00:00+08:00,1711396800,14.7,7.67,7.76,604.1,66.8,4.86,0.244,0.109,2.98,,,Ⅲ
2024-03-26T08:00:00+08:00,1711411200,14.6,7.84,8.32,525.1,67.9,4.96,0.146,0.113,2.44,,,Ⅲ
2024-03-26T12:00:00+08:00,1711425600,15.1,7.96,8.74,497.9,63.6,4.98,0.098,0.109,2.28,,,Ⅲ
2024-03-26T16:00:00+08:00,1711440000,15.8,8.0,9.0,501.5,65.3,4.89,0.104,0.116,2.47,,,Ⅲ
2024-03-26T20:00:00+08:00,1711454400,15.7,7.85,8.51,505.8,70.2,4.58,0.153,0.114,2.68,,,Ⅲ
2024-03-27T00:00:00+08:00,1711468800,15.2,7.75,8.14,519.4,72.3,4.5,0.153,0.105,2.67,,,Ⅲ
2024-03-27T04:00:00+08:00,1711483200,14.6,7.76,8.33,534.7,80.3,4.59,0.173,0.123,2.71,,,Ⅲ
2024-03-27T08:00:00+08:00,1711497600,14.1,7.92,9.0,498.7,119.5,5.41,0.132,0.15,1.95,,,Ⅲ
2024-03-27T12:00:00+08:00,1711512000,14.4,8.14,9.44,529.8,98.3,5.46,0.075,0.121,2.13,,,Ⅲ
2024-03-27T16:00:00+08:00,1711526400,14.5,8.05,9.1,514.2,89.6,5.3,0.086,0.118,2.12,,,Ⅲ
2024-03-27T20:00:00+08:00,1711540800,14.4,7.82,8.58,521.3,81.1,4.94,0.141,0.112,2.45,,,Ⅲ
2024-03-28T00:00:00+08:00,1711555200,14.2,7.7,8.03,539.8,80.7,4.56,0.24,0.113,3.04,,,Ⅲ
2024-03-28T04:00:00+08:00,1711569600,14.0,7.63,7.86,534.2,81.3,4.37,0.288,0.108,3.04,,,Ⅲ
2024-03-28T08:00:00+08:00,1711584000,13.9,7.63,7.94,521.0,87.9,4.63,0.262,0.114,2.74,,,Ⅲ
2024-03-28T12:00:00+08:00,1711598400,14.1,7.61,7.73,576.4,87.4,4.24,0.317,0.113,2.92,,,Ⅲ
2024-03-28T16:00:00+08:00,1711612800,14.6,7.59,7.58,570.2,92.1,4.42,0.333,0.127,3.02,,,Ⅲ
2024-03-28T20:00:00+08:00,1711627200,14.6,7.58,7.6,567.5,93.8,4.58,0.305,0.132,3.22,,,Ⅲ
2024-03-29T00:00:00+08:00,1711641600,14.3,7.59,7.67,564.4,92.9,4.35,0.279,0.126,3.23,,,Ⅲ
2024-03-29T04:00:00+08:00,1711656000,14.0,7.56,7.46,588.0,87.2,3.79,0.282,0.117,3.29,,,Ⅲ
2024-03-29T08:00:00+08:00,1711670400,13.9,7.57,7.59,620.9,90.0,4.35,0.254,0.121,3.3,,,Ⅲ
2024-03-29T12:00:00+08:00,1711684800,15.1,7.58,7.46,585.5,92.2,4.17,0.223,0.118,3.28,,,Ⅲ
2024-03-29T16:00:00+08:00,1711699200,16.3,7.61,7.72,567.4,92.0,4.34,0.214,0.122,3.14,,,Ⅲ
2024-03-29T20:00:00+08:00,1711713600,16.5,7.6,7.64,568.9,88.2,4.32,0.191,0.109,3.13,,,Ⅲ
2024-03-30T00:00:00+08:00,1711728000,16.7,7.59,7.36,570.2,91.4,4.38,0.202,0.117,3.06,,,Ⅲ
2024-03-30T04:00:00+08:00,1711742400,16.2,7.54,7.09,603.3,92.3,4.32,0.241,0.118,3.12,,,Ⅲ
2024-03-30T08:00:00+08:00,1711756800,16.1,7.52,7.13,623.4,91.4,4.41,0.239,0.116,3.07,,,Ⅲ
2024-03-30T12:00:00+08:00,1711771200,16.6,7.57,7.33,576.6,88.9,4.18,0.179,0.109,2.91,,,Ⅲ
2024-03-30T16:00:00+08:00,1711785600,17.9,7.61,7.66,541.8,89.2,4.55,0.156,0.13,2.85,,,Ⅲ
2024-03-30T20:00:00+08:00,1711800000,17.8,7.63,7.58,524.8,87.7,4.42,0.124,0.103,2.71,,,Ⅲ
2024-03-31T00:00:00+08:00,1711814400,17.5,7.62,7.63,517.5,88.6,4.34,0.112,0.108,2.61,,,Ⅲ
2024-03-31T04:00:00+08:00,1711828800,17.3,7.64,7.65,551.1,85.3,4.56,0.092,0.102,2.45,,,Ⅲ
2024-03-31T08:00:00+08:00,1711843200,16.8,7.62,7.58,581.0,91.6,4.12,0.105,0.109,2.49,,,Ⅲ
2024-03-31T12:00:00+08:00,1711857600,16.8,7.61,7.45,546.1,92.8,4.38,0.117,0.108,2.68,,,Ⅲ
2024-03-31T16:00:00+08:00,1711872000,17.5,7.7,7.85,533.8,92.5,4.67,0.107,0.107,2.66,,,Ⅲ
2024-03-31T20:00:00+08:00,1711886400,17.6,7.72,8.03,520.1,89.0,4.96,0.083,0.107,2.5,,,Ⅲ
2024-04-01T00:00:00+08:00,1711900800,17.4,7.69,7.76,520.9,87.4,4.81,0.085,0.174,2.59,,,Ⅲ
2024-04-01T04:00:00+08:00,1711915200,17.0,7.65,7.58,521.6,86.2,4.39,0.089,0.108,2.41,,,Ⅲ
2024-04-01T08:00:00+08:00,1711929600,16.6,7.62,7.41,572.4,89.6,4.63,0.104,0.099,2.46,,,Ⅲ
2024-04-01T12:00:00+08:00,1711944000,17.7,7.68,7.68,558.3,88.0,4.39,0.103,0.103,2.54,,,Ⅲ
2024-04-01T16:00:00+08:00,1711958400,18.8,7.85,8.42,541.0,93.5,4.94,0.069,0.112,2.48,,,Ⅲ
2024-04-01T20:00:00+08:00,1711972800,18.5,7.93,8.3,544.4,149.9,5.76,0.113,0.178,2.2,,,Ⅲ
2024-04-02T04:00:00+08:00,1712001600,18.1,8.12,8.26,544.0,115.0,5.61,0.069,0.124,1.75,,,Ⅲ
2024-04-02T08:00:00+08:00,1712016000,18.0,7.7,7.36,539.0,101.0,4.95,0.076,0.111,2.55,,,Ⅲ
2024-04-02T12:00:00+08:00,1712030400,18.0,7.62,7.1,497.8,98.0,4.33,0.097,0.103,2.53,,,Ⅲ
2024-04-02T16:00:00+08:00,1712044800,18.4,7.66,7.3,509.0,109.0,4.55,0.118,0.125,2.56,,,Ⅲ
2024-04-02T20:00:00+08:00,1712059200,18.3,7.63,6.9,511.1,100.4,4.65,0.132,0.114,2.7,,,Ⅲ
2024-04-03T00:00:00+08:00,1712073600,18.0,7.54,6.18,520.9,120.5,4.32,0.241,0.158,2.82,,,Ⅲ
2024-04-03T04:00:00+08:00,1712088000,17.8,7.48,6.08,522.8,103.3,3.62,0.217,0.114,3.0,,,Ⅲ
2024-04-03T08:00:00+08:00,1712102400,17.6,7.47,5.88,534.5,109.1,3.9,0.216,0.121,3.11,,,Ⅲ
2024-04-03T12:00:00+08:00,1712116800,17.6,7.47,6.24,521.7,101.8,4.06,0.173,0.11,3.51,,,Ⅲ
2024-04-03T16:00:00+08:00,1712131200,17.5,7.49,6.34,518.6,98.0,4.1,0.147,0.107,3.12,,,Ⅲ
2024-04-03T20:00:00+08:00,1712145600,17.2,7.37,8.09,515.9,83.4,4.09,0.193,0.11,2.93,,,Ⅲ
2024-04-04T00:00:00+08:00,1712160000,16.8,7.55,7.04,545.0,99.3,4.2,0.189,0.12,2.64,,,Ⅲ
2024-04-04T04:00:00+08:00,1712174400,16.5,7.57,7.29,555.3,73.1,4.08,0.157,0.101,2.58,,,Ⅲ
2024-04-04T08:00:00+08:00,1712188800,16.4,7.66,7.29,516.5,63.9,4.55,0.113,0.105,2.21,,,Ⅲ
2024-04-04T12:00:00+08:00,1712203200,17.2,7.86,8.15,501.2,64.5,4.83,0.085,0.107,2.13,,,Ⅲ
2024-04-04T16:00:00+08:00,1712217600,18.0,8.11,8.67,492.2,67.0,4.9,0.084,0.11,2.11,,,Ⅲ
2024-04-04T20:00:00+08:00,1712232000,17.7,7.89,7.98,500.4,113.4,4.94,0.14,0.131,2.01,,,Ⅲ
2024-04-05T00:00:00+08:00,1712246400,17.1,7.76,7.67,510.7,92.2,4.67,0.145,0.114,2.24,,,Ⅲ
2024-04-05T04:00:00+08:00,1712260800,16.6,7.65,7.33,541.4,80.4,4.67,0.141,0.111,2.33,,,Ⅲ
2024-04-05T08:00:00+08:00,1712275200,16.1,7.66,7.56,578.0,72.6,4.29,0.154,0.111,2.34,,,Ⅲ
2024-04-05T12:00:00+08:00,1712289600,17.1,7.71,7.84,562.3,74.4,4.46,0.149,0.106,2.46,,,Ⅲ
2024-04-05T16:00:00+08:00,1712304000,18.1,7.92,8.61,516.7,80.6,4.65,0.119,0.122,2.19,,,Ⅲ
2024-04-05T20:00:00+08:00,1712318400,17.7,7.87,8.27,506.0,82.4,4.42,0.109,0.108,2.07,,,Ⅲ
2024-04-06T00:00:00+08:00,1712332800,17.5,7.85,7.96,498.0,77.3,4.65,0.095,0.105,2.04,,,Ⅲ
2024-04-06T04:00:00+08:00,1712347200,17.0,7.77,7.97,498.3,84.5,4.86,0.116,0.116,2.04,,,Ⅲ
2024-04-06T08:00:00+08:00,1712361600,16.6,7.69,7.85,540.8,77.9,4.65,0.119,0.107,2.2,,,Ⅲ
2024-04-06T12:00:00+08:00,1712376000,16.9,7.7,7.83,569.2,71.2,4.55,0.157,0.102,2.49,,,Ⅲ
2024-04-06T16:00:00+08:00,1712390400,17.1,7.83,8.45,529.5,77.4,4.95,0.114,0.114,2.22,,,Ⅲ
2024-04-06T20:00:00+08:00,1712404800,16.9,7.78,8.13,515.4,77.8,4.6,0.124,0.104,2.32,,,Ⅲ
2024-04-07T00:00:00+08:00,1712419200,16.7,7.69,7.73,515.2,80.8,4.46,0.134,0.106,2.44,,,Ⅲ
2024-04-07T08:00:00+08:00,1712448000,16.2,7.58,7.33,515.2,71.2,4.44,0.179,0.101,2.56,,,Ⅲ
2024-04-07T16:00:00+08:00,1712476800,16.4,7.63,7.73,514.1,80.4,4.46,0.178,0.106,3.12,,,Ⅲ
2024-04-07T20:00:00+08:00,1712491200,16.1,7.67,8.04,484.4,78.7,4.68,0.144,0.12,2.46,,,Ⅲ
2024-04-08T04:00:00+08:00,1712520000,16.1,7.56,7.16,507.2,82.8,4.58,0.236,0.115,3.37,,,Ⅲ
2024-04-08T08:00:00+08:00,1712534400,16.0,7.52,6.6,533.3,78.1,4.3,0.255,0.121,3.15,,,Ⅲ
2024-04-08T12:00:00+08:00,1712548800,15.9,7.52,6.86,552.2,80.6,4.33,0.272,0.12,2.52,,,Ⅲ
2024-04-08T16:00:00+08:00,1712563200,16.1,7.49,6.48,526.8,79.4,4.15,0.282,0.114,3.62,,,Ⅲ
2024-04-08T20:00:00+08:00,1712577600,16.0,7.52,6.91,526.4,86.2,4.04,0.252,0.117,3.0,,,Ⅲ
2024-04-09T04:00:00+08:00,1712606400,15.4,7.49,6.7,569.5,93.7,4.15,0.257,0.124,3.02,,,Ⅲ
2024-04-09T08:00:00+08:00,1712620800,15.2,7.5,6.75,555.7,86.6,4.1,0.23,0.11,2.99,,,Ⅲ
2024-04-09T12:00:00+08:00,1712635200,16.2,7.49,6.97,548.8,86.9,3.74,0.206,0.106,3.02,,,Ⅲ
2024-04-09T16:00:00+08:00,1712649600,17.4,7.57,7.21,520.4,83.4,4.41,0.162,0.109,2.7,,,Ⅲ
2024-04-09T20:00:00+08:00,1712664000,17.4,7.55,7.11,529.8,90.4,4.16,0.177,0.116,2.88,,,Ⅲ
2024-04-10T04:00:00+08:00,1712692800,16.5,7.52,6.92,549.9,95.9,4.47,0.161,0.109,2.6,,,Ⅲ
2024-04-10T08:00:00+08:00,1712707200,16.2,7.52,6.88,510.3,76.6,4.2,0.136,0.097,2.44,,,Ⅲ
2024-04-10T12:00:00+08:00,1712721600,17.1,7.54,6.86,529.9,81.0,4.11,0.168,0.093,2.81,,,Ⅲ
2024-04-10T16:00:00+08:00,1712736000,17.8,7.6,7.51,535.9,83.4,4.56,0.14,0.107,2.93,,,Ⅲ
2024-04-10T20:00:00+08:00,1712750400,18.0,7.68,7.88,521.3,67.2,4.46,0.098,0.098,2.73,,,Ⅲ
2024-04-11T04:00:00+08:00,1712779200,17.4,7.51,6.78,552.1,71.8,3.77,0.143,0.099,2.97,,,Ⅱ
2024-04-11T08:00:00+08:00,1712793600,17.1,7.51,6.73,565.1,75.1,4.04,0.143,0.098,2.77,,,Ⅲ
2024-04-11T16:00:00+08:00,1712822400,18.6,7.57,7.16,553.2,79.7,4.32,0.146,0.111,2.81,,,Ⅲ
2024-04-11T20:00:00+08:00,1712836800,18.4,7.48,6.66,571.4,78.3,3.81,0.182,0.099,3.1,,,Ⅱ
2024-04-12T04:00:00+08:00,1712865600,18.0,7.44,6.35,569.7,74.8,3.99,0.182,0.104,3.04,,,Ⅲ
2024-04-12T08:00:00+08:00,1712880000,17.9,7.47,6.72,534.0,90.0,4.18,0.196,0.109,2.69,,,Ⅲ
2024-04-12T12:00:00+08:00,1712894400,18.0,7.47,6.32,537.2,108.2,5.29,0.261,0.126,2.77,,,Ⅲ
2024-04-12T16:00:00+08:00,1712908800,18.2,7.49,6.48,550.0,74.0,4.32,0.232,0.102,2.87,,,Ⅲ
2024-04-12T20:00:00+08:00,1712923200,18.2,7.45,6.29,556.3,75.0,4.28,0.267,0.107,3.02,,,Ⅲ
2024-04-13T04:00:00+08:00,1712952000,17.9,7.46,5.83,543.2,73.3,4.19,0.207,0.106,2.67,,,Ⅲ
2024-04-13T08:00:00+08:00,1712966400,17.9,7.43,6.14,526.8,80.4,4.09,0.192,0.119,2.48,,,Ⅲ
2024-04-13T12:00:00+08:00,1712980800,18.4,7.46,6.19,525.4,76.9,3.99,0.194,0.108,2.56,,,Ⅲ
2024-04-13T16:00:00+08:00,1712995200,18.7,7.48,6.52,524.0,70.1,4.16,0.167,0.112,2.52,,,Ⅲ
2024-04-13T20:00:00+08:00,1713009600,18.6,7.47,6.21,532.1,69.1,4.08,0.186,0.119,2.68,,,Ⅲ
2024-04-14T04:00:00+08:00,1713038400,18.2,7.45,6.23,544.0,69.5,3.84,0.153,0.096,2.36,,,Ⅱ
2024-04-14T08:00:00+08:00,1713052800,18.0,7.44,6.08,530.1,66.1,4.11,0.172,0.104,2.74,,,Ⅲ
2024-04-14T12:00:00+08:00,1713067200,18.4,7.46,6.34,516.1,68.3,3.91,0.161,0.098,2.6,,,Ⅱ
2024-04-14T16:00:00+08:00,1713081600,18.8,7.47,6.26,516.0,67.3,3.68,0.17,0.105,2.68,,,Ⅲ
2024-04-14T20:00:00+08:00,1713096000,18.9,7.47,6.32,515.7,76.6,4.01,0.166,0.108,2.53,,,Ⅲ
2024-04-15T00:00:00+08:00,1713110400,19.0,7.42,5.91,519.3,88.8,3.91,0.18,0.113,2.6,,,Ⅲ
2024-04-15T04:00:00+08:00,1713124800,18.8,7.41,6.15,552.8,81.6,3.75,0.198,0.115,2.65,,,Ⅲ
2024-04-15T08:00:00+08:00,1713139200,18.7,7.44,5.82,516.3,78.5,3.59,0.175,0.109,2.49,,,Ⅲ
2024-04-15T12:00:00+08:00,1713153600,19.5,7.47,6.08,511.4,68.8,3.67,0.154,0.098,2.56,,,Ⅱ
2024-04-15T16:00:00+08:00,1713168000,20.3,7.45,6.12,511.7,69.0,3.51,0.157,0.097,2.64,,,Ⅱ
2024-04-15T20:00:00+08:00,1713182400,20.4,7.49,6.43,504.9,78.5,3.99,0.122,0.112,2.22,,,Ⅲ
2024-04-16T00:00:00+08:00,1713196800,20.0,7.45,6.37,520.0,70.0,3.96,0.125,0.107,2.33,,,Ⅲ
2024-04-16T04:00:00+08:00,1713211200,19.6,7.46,6.17,506.0,75.1,3.81,0.096,0.101,2.0,,,Ⅲ
2024-04-16T08:00:00+08:00,1713225600,19.6,7.47,6.22,479.7,70.9,3.84,0.081,0.111,1.82,,,Ⅲ
2024-04-16T12:00:00+08:00,1713240000,20.2,7.49,6.41,483.0,70.0,3.76,0.091,0.117,2.02,,,Ⅲ
2024-04-16T16:00:00+08:00,1713254400,20.8,7.47,6.56,498.1,83.4,3.89,0.108,0.107,2.18,,,Ⅲ
2024-04-16T20:00:00+08:00,1713268800,20.8,7.43,6.18,513.6,78.5,3.91,0.118,0.102,2.22,,,Ⅲ
2024-04-17T00:00:00+08:00,1713283200,20.4,7.45,6.14,519.4,79.3,3.94,0.089,0.101,2.05,,,Ⅲ
2024-04-17T04:00:00+08:00,1713297600,20.1,7.49,6.46,512.8,72.4,4.11,0.063,0.095,1.63,,,Ⅲ
2024-04-17T08:00:00+08:00,1713312000,19.8,7.48,6.13,462.5,79.8,4.2,0.082,0.103,1.68,,,Ⅲ
2024-04-17T12:00:00+08:00,1713326400,19.5,7.43,6.22,436.2,75.2,4.18,0.107,0.11,2.61,,,Ⅲ
2024-04-17T16:00:00+08:00,1713340800,19.2,7.42,6.23,431.8,82.8,4.01,0.149,0.107,2.27,,,Ⅲ
2024-04-17T20:00:00+08:00,1713355200,18.9,7.37,5.99,434.8,80.1,4.29,0.276,0.126,2.52,,,Ⅲ
2024-04-18T00:00:00+08:00,1713369600,18.3,7.31,5.61,441.1,77.7,4.88,0.309,0.148,2.98,,,Ⅲ
2024-04-18T04:00:00+08:00,1713384000,17.9,7.31,5.59,450.0,76.2,4.87,0.23,0.129,2.77,,,Ⅲ
2024-04-18T12:00:00+08:00,1713412800,18.9,7.31,5.55,481.6,83.9,4.66,0.222,0.129,2.92,,,Ⅲ
2024-04-22T08:00:00+08:00,1713744000,18.9,7.62,6.66,461.5,109.8,4.37,0.103,0.125,1.44,,,Ⅲ
2024-04-22T12:00:00+08:00,1713758400,19.5,7.69,7.14,455.2,103.6,4.57,0.08,0.121,1.58,,,Ⅲ
2024-04-22T16:00:00+08:00,1713772800,19.9,7.79,7.89,458.9,101.9,4.82,0.081,0.125,1.68,,,Ⅲ
2024-04-22T20:00:00+08:00,1713787200,19.6,7.78,7.9,453.4,105.1,4.44,0.083,0.115,1.64,,,Ⅲ
2024-04-23T00:00:00+08:00,1713801600,19.6,7.71,7.33,462.0,117.2,4.6,0.097,0.124,1.5,,,Ⅲ
2024-04-23T04:00:00+08:00,1713816000,19.6,7.62,6.93,482.7,109.0,4.26,0.103,0.118,1.62,,,Ⅲ
2024-04-23T08:00:00+08:00,1713830400,19.5,7.61,6.81,453.9,100.7,4.21,0.094,0.115,1.69,,,Ⅲ
2024-04-23T12:00:00+08:00,1713844800,19.7,7.65,7.05,458.1,91.2,4.35,0.091,0.102,2.04,,,Ⅲ
2024-04-23T16:00:00+08:00,1713859200,20.3,7.97,7.87,468.3,71.5,,0.106,0.12,2.11,,,
2024-04-23T20:00:00+08:00,1713873600,20.1,7.68,7.05,489.6,83.0,4.62,0.178,0.133,2.7,,,Ⅲ
2024-04-24T00:00:00+08:00,1713888000,19.9,7.64,6.87,505.9,94.2,4.26,0.173,0.133,2.32,,,Ⅲ
2024-04-24T04:00:00+08:00,1713902400,19.6,7.58,6.55,499.8,80.7,4.21,0.162,0.126,2.26,,,Ⅲ
2024-04-24T08:00:00+08:00,1713916800,19.5,7.61,6.88,473.6,74.0,4.28,0.138,0.12,2.14,,,Ⅲ
2024-04-24T12:00:00+08:00,1713931200,20.5,7.72,7.87,468.4,72.2,4.52,0.256,0.111,2.35,,,Ⅲ
2024-04-24T16:00:00+08:00,1713945600,21.4,7.73,7.94,483.0,71.5,4.53,0.138,0.131,2.41,,,Ⅲ
2024-04-24T20:00:00+08:00,1713960000,21.0,7.72,7.82,484.0,77.2,4.55,0.142,0.125,2.32,,,Ⅲ
2024-04-25T00:00:00+08:00,1713974400,20.6,7.67,7.63,498.9,68.8,4.66,0.105,0.119,2.22,,,Ⅲ
2024-04-25T04:00:00+08:00,1713988800,20.2,7.61,7.28,481.6,72.5,4.55,0.087,0.119,2.03,,,Ⅲ
2024-04-25T08:00:00+08:00,1714003200,20.2,7.63,7.64,498.8,85.7,4.92,0.096,0.127,1.81,,,Ⅲ
2024-04-25T12:00:00+08:00,1714017600,20.5,7.67,7.59,484.6,76.6,4.23,0.087,0.121,2.23,,,Ⅲ
2024-04-25T16:00:00+08:00,1714032000,20.3,7.79,8.18,473.7,74.5,4.77,0.054,0.117,2.03,,,Ⅲ
2024-04-25T20:00:00+08:00,1714046400,20.0,7.66,7.49,481.9,83.0,4.75,0.074,0.112,2.09,,,Ⅲ
2024-04-26T00:00:00+08:00,1714060800,19.8,7.57,7.02,489.6,81.6,4.44,0.091,0.108,2.21,,,Ⅲ
2024-04-26T04:00:00+08:00,1714075200,19.9,7.52,6.4,502.6,83.4,4.23,0.122,0.11,2.39,,,Ⅲ
2024-04-26T08:00:00+08:00,1714089600,19.7,7.5,6.3,529.1,83.4,4.42,0.153,0.112,2.33,,,Ⅲ
2024-04-26T12:00:00+08:00,1714104000,20.3,7.53,6.71,494.5,77.5,3.96,0.124,0.113,2.55,,,Ⅲ
2024-04-26T16:00:00+08:00,1714118400,21.1,7.54,6.78,489.7,78.5,4.23,0.122,0.107,2.67,,,Ⅲ
2024-04-26T20:00:00+08:00,1714132800,20.9,7.51,6.62,484.0,86.8,4.13,0.154,0.111,2.69,,,Ⅲ
2024-04-27T00:00:00+08:00,1714147200,20.6,7.5,6.33,485.1,87.0,4.02,0.135,0.104,2.59,,,Ⅲ
2024-04-27T04:00:00+08:00,1714161600,20.3,7.49,6.22,504.5,95.4,4.05,0.123,0.111,2.31,,,Ⅲ
2024-04-27T08:00:00+08:00,1714176000,20.4,7.48,6.15,470.9,94.2,3.99,0.104,0.115,2.23,,,Ⅲ
2024-04-27T12:00:00+08:00,1714190400,20.8,7.54,6.55,466.6,98.2,3.98,0.093,0.114,2.21,,,Ⅲ
2024-04-27T16:00:00+08:00,1714204800,21.4,7.56,6.7,468.2,86.2,3.99,0.084,0.104,2.37,,,Ⅲ
2024-04-27T20:00:00+08:00,1714219200,21.2,7.55,6.45,471.3,95.5,4.08,0.094,0.106,2.25,,,Ⅲ
2024-04-28T00:00:00+08:00,1714233600,20.9,7.52,6.24,476.6,105.2,3.95,0.09,0.116,2.05,,,Ⅲ
2024-04-28T04:00:00+08:00,1714248000,20.6,7.51,6.2,504.7,95.0,3.92,0.089,0.107,2.04,,,Ⅲ
2024-04-28T08:00:00+08:00,1714262400,20.2,7.53,6.54,434.8,109.5,3.92,0.124,0.125,1.68,,,Ⅲ
2024-04-28T12:00:00+08:00,1714276800,20.3,7.47,6.05,423.8,100.2,4.45,0.171,0.117,2.39,,,Ⅲ
2024-04-29T12:00:00+08:00,1714363200,20.4,7.4,5.61,439.9,104.1,4.12,0.141,0.117,2.27,,,Ⅲ
2024-04-29T16:00:00+08:00,1714377600,20.8,7.45,5.94,441.7,110.3,4.26,0.115,0.114,2.11,,,Ⅲ
2024-04-29T20:00:00+08:00,1714392000,20.6,7.43,5.79,444.3,109.8,4.02,0.125,0.115,2.29,,,Ⅲ
2024-04-30T04:00:00+08:00,1714420800,20.1,7.45,5.94,430.4,123.6,4.51,0.097,0.122,1.5,,,Ⅲ
2024-04-30T12:00:00+08:00,1714449600,19.7,7.45,5.83,418.6,116.0,4.5,0.117,0.117,1.69,,,Ⅲ
2024-04-30T16:00:00+08:00,1714464000,19.6,7.44,6.08,432.2,113.0,4.39,0.134,0.112,2.06,,,Ⅲ
2024-04-30T20:00:00+08:00,1714478400,19.5,7.44,5.97,425.1,119.1,4.5,0.16,0.117,1.89,,,Ⅲ
2024-05-01T04:00:00+08:00,1714507200,18.7,7.39,5.62,485.2,122.6,4.75,0.247,0.131,1.86,,,Ⅲ
2024-05-01T08:00:00+08:00,1714521600,18.5,7.39,5.64,447.6,117.7,4.79,0.204,0.133,1.86,,,Ⅲ
2024-05-01T12:00:00+08:00,1714536000,19.5,7.45,6.28,444.4,120.3,4.78,0.126,0.126,1.66,,,Ⅲ
2024-05-01T16:00:00+08:00,1714550400,19.7,7.84,8.04,431.4,71.4,4.85,0.106,0.106,1.58,,,Ⅲ
2024-05-01T20:00:00+08:00,1714564800,19.5,7.89,7.93,419.9,82.8,4.56,0.079,0.117,1.25,,,Ⅲ
2024-05-02T04:00:00+08:00,1714593600,18.7,7.68,7.33,489.8,80.4,4.4,0.074,0.117,1.15,,,Ⅲ
2024-05-02T08:00:00+08:00,1714608000,18.4,7.69,6.98,429.3,75.5,4.81,0.072,0.113,1.18,,,Ⅲ
2024-05-02T12:00:00+08:00,1714622400,18.8,7.8,7.8,419.7,78.7,4.44,0.082,0.116,1.33,,,Ⅲ
2024-05-02T16:00:00+08:00,1714636800,19.3,7.96,8.45,424.0,80.0,4.85,0.086,0.121,1.42,,,Ⅲ
2024-05-02T20:00:00+08:00,1714651200,19.2,7.9,8.27,427.8,84.6,4.85,0.091,0.123,1.46,,,Ⅲ
2024-05-03T04:00:00+08:00,1714680000,18.8,7.75,7.64,432.2,95.3,4.85,0.092,0.128,1.2,,,Ⅲ
2024-05-03T08:00:00+08:00,1714694400,18.7,7.8,8.02,488.5,89.9,4.98,0.065,0.126,1.08,,,Ⅲ
2024-05-03T12:00:00+08:00,1714708800,19.4,8.03,8.82,477.5,80.9,5.06,0.06,0.125,1.27,,,Ⅲ
2024-05-03T16:00:00+08:00,1714723200,19.5,8.27,9.36,454.2,83.6,5.12,0.054,0.112,1.07,,,Ⅲ
2024-05-03T20:00:00+08:00,1714737600,19.4,8.17,8.95,430.5,79.4,5.12,0.053,0.111,1.2,,,Ⅲ
2024-05-04T04:00:00+08:00,1714766400,18.9,7.89,8.24,428.2,91.9,4.98,0.063,0.112,1.23,,,Ⅲ
2024-05-04T08:00:00+08:00,1714780800,19.0,7.92,8.27,424.7,78.1,4.78,0.051,0.123,1.22,,,Ⅲ
2024-05-04T12:00:00+08:00,1714795200,19.1,7.97,8.46,425.4,88.7,5.17,0.061,0.123,1.29,,,Ⅲ
2024-05-04T16:00:00+08:00,1714809600,18.9,7.85,8.16,437.6,92.6,4.82,0.108,0.124,1.56,,,Ⅲ
2024-05-04T20:00:00+08:00,1714824000,18.7,7.75,7.81,501.4,83.5,4.76,0.111,0.121,1.57,,,Ⅲ
2024-05-05T04:00:00+08:00,1714852800,18.8,7.54,6.55,432.4,82.8,3.96,0.173,0.114,2.2,,,Ⅲ
2024-05-05T08:00:00+08:00,1714867200,19.0,7.48,5.96,457.2,83.1,4.32,0.252,0.125,2.51,,,Ⅲ
2024-05-05T12:00:00+08:00,1714881600,19.2,7.46,5.97,536.7,75.9,4.15,0.289,0.116,2.73,,,Ⅲ
2024-05-05T16:00:00+08:00,1714896000,19.2,7.46,6.01,469.5,76.0,3.94,0.252,0.116,2.74,,,Ⅲ
2024-05-06T04:00:00+08:00,1714939200,18.9,7.48,6.16,500.2,84.7,4.0,0.18,0.123,1.98,,,Ⅲ
2024-05-06T08:00:00+08:00,1714953600,18.6,7.58,6.66,447.9,82.5,4.57,0.099,0.118,1.54,,,Ⅲ
2024-05-06T12:00:00+08:00,1714968000,19.4,7.69,7.27,423.3,87.4,4.59,0.087,0.128,1.47,,,Ⅲ
2024-05-06T16:00:00+08:00,1714982400,20.0,7.72,7.53,421.1,90.7,4.53,0.096,0.118,1.64,,,Ⅲ
2024-05-06T20:00:00+08:00,1714996800,20.0,7.69,7.12,427.3,94.7,4.48,0.091,0.118,1.61,,,Ⅲ
2024-05-07T00:00:00+08:00,1715011200,19.6,7.59,6.82,443.2,91.2,4.6,0.101,0.121,1.69,,,Ⅲ
2024-05-07T04:00:00+08:00,1715025600,19.4,7.57,6.67,481.6,92.8,4.7,0.089,0.126,1.34,,,Ⅲ
2024-05-07T08:00:00+08:00,1715040000,19.3,7.59,6.46,452.3,93.2,4.72,0.089,0.125,1.36,,,Ⅲ
2024-05-07T12:00:00+08:00,1715054400,19.8,7.66,7.05,421.2,95.2,4.63,0.08,0.122,1.4,,,Ⅲ
2024-05-07T16:00:00+08:00,1715068800,21.1,7.66,7.35,415.2,122.9,5.19,0.174,0.133,1.4,,,Ⅲ
2024-05-07T20:00:00+08:00,1715083200,20.9,7.67,7.1,412.6,104.6,4.75,0.085,0.125,1.6,,,Ⅲ
2024-05-08T00:00:00+08:00,1715097600,20.5,7.59,6.8,420.2,99.9,4.58,0.079,0.117,1.61,,,Ⅲ
2024-05-08T04:00:00+08:00,1715112000,20.0,7.58,6.74,460.7,97.8,4.22,0.076,0.107,1.56,,,Ⅲ
2024-05-08T08:00:00+08:00,1715126400,19.6,7.56,6.37,434.4,104.6,4.62,0.323,0.127,1.91,,,Ⅲ
2024-05-08T12:00:00+08:00,1715140800,20.8,7.6,6.76,425.5,96.1,4.27,0.064,0.111,1.79,,,Ⅲ
2024-05-08T16:00:00+08:00,1715155200,22.0,7.63,7.09,428.2,96.3,4.27,0.059,0.107,1.74,,,Ⅲ
2024-05-08T20:00:00+08:00,1715169600,21.8,7.6,6.86,426.7,106.0,4.45,0.067,0.116,1.72,,,Ⅲ
2024-05-09T00:00:00+08:00,1715184000,21.1,7.52,6.26,451.6,103.2,4.4,0.081,0.112,1.86,,,Ⅲ
2024-05-09T04:00:00+08:00,1715198400,20.5,7.48,5.95,463.0,92.8,4.16,0.094,0.106,1.97,,,Ⅲ
2024-05-09T08:00:00+08:00,1715212800,20.2,7.51,5.94,462.5,99.2,4.06,0.076,0.111,1.71,,,Ⅲ
2024-05-09T12:00:00+08:00,1715227200,21.2,7.58,6.46,440.8,95.8,4.36,0.062,0.107,1.74,,,Ⅲ
2024-05-09T16:00:00+08:00,1715241600,21.8,7.58,6.48,437.5,97.2,4.31,0.062,0.105,1.84,,,Ⅲ
2024-05-09T20:00:00+08:00,1715256000,21.5,7.89,7.99,444.7,106.4,5.21,0.047,0.112,1.69,,,Ⅲ
2024-05-10T00:00:00+08:00,1715270400,20.9,7.57,6.32,430.2,101.4,4.25,0.054,0.104,1.73,,,Ⅲ
2024-05-10T04:00:00+08:00,1715284800,20.4,7.52,5.99,434.1,104.3,3.92,0.075,0.112,1.87,,,Ⅲ
2024-05-10T08:00:00+08:00,1715299200,20.1,7.49,5.71,441.4,106.0,4.19,0.091,0.112,2.09,,,Ⅲ
2024-05-10T12:00:00+08:00,1715313600,20.9,7.47,5.71,473.6,106.7,3.97,0.11,0.11,2.38,,,Ⅲ
2024-05-10T16:00:00+08:00,1715328000,21.9,7.45,5.67,472.2,104.3,3.91,0.098,0.099,2.57,,,Ⅲ
2024-05-10T20:00:00+08:00,1715342400,21.8,7.43,5.41,465.7,108.9,4.09,0.106,0.104,2.58,,,Ⅲ
2024-05-11T00:00:00+08:00,1715356800,21.7,7.4,5.43,473.1,117.4,4.05,0.121,0.118,2.64,,,Ⅲ
2024-05-11T04:00:00+08:00,1715371200,21.3,7.38,5.07,481.7,117.5,3.81,0.128,0.109,2.68,,,Ⅲ
2024-05-11T08:00:00+08:00,1715385600,21.0,7.36,4.87,492.0,119.1,3.67,0.132,0.113,2.62,,,Ⅳ
2024-05-11T12:00:00+08:00,1715400000,21.3,7.36,4.8,454.4,114.6,4.24,0.324,0.119,3.19,,,Ⅳ
2024-05-11T16:00:00+08:00,1715414400,21.4,7.36,4.69,409.3,118.3,3.86,0.241,0.118,2.6,,,Ⅳ
2024-05-11T20:00:00+08:00,1715428800,21.1,7.47,6.32,415.2,96.7,4.12,0.227,0.137,2.51,,,Ⅲ
2024-05-12T00:00:00+08:00,1715443200,20.7,7.38,5.82,419.1,107.1,4.57,0.247,0.152,2.38,,,Ⅲ
2024-05-12T04:00:00+08:00,1715457600,20.4,7.37,5.4,425.4,97.4,4.74,0.255,0.155,2.41,,,Ⅲ
2024-05-12T08:00:00+08:00,1715472000,20.4,7.39,5.8,412.5,97.5,4.42,0.189,0.143,2.27,,,Ⅲ
2024-05-12T12:00:00+08:00,1715486400,20.8,7.4,5.2,414.4,93.7,4.8,0.205,0.151,2.44,,,Ⅲ
2024-05-12T16:00:00+08:00,1715500800,21.3,7.41,5.91,420.1,94.2,5.09,0.175,0.145,2.43,,,Ⅲ
2024-05-12T20:00:00+08:00,1715515200,21.2,7.47,6.03,417.9,95.1,4.44,0.13,0.136,1.99,,,Ⅲ
2024-05-13T00:00:00+08:00,1715529600,20.8,7.45,6.0,446.2,98.2,4.34,0.124,0.139,1.96,,,Ⅲ
2024-05-13T04:00:00+08:00,1715544000,20.5,7.43,5.62,429.1,97.6,4.76,0.116,0.13,1.78,,,Ⅲ
2024-05-13T08:00:00+08:00,1715558400,20.4,7.44,6.03,412.9,90.2,4.39,0.101,0.121,1.68,,,Ⅲ
2024-05-13T12:00:00+08:00,1715572800,21.2,7.46,6.28,408.3,85.8,4.25,0.094,0.126,1.8,,,Ⅲ
2024-05-13T16:00:00+08:00,1715587200,22.1,7.49,6.32,407.2,86.5,4.38,0.083,0.126,1.83,,,Ⅲ
2024-05-13T20:00:00+08:00,1715601600,22.0,7.47,5.96,423.4,96.7,4.22,0.127,0.122,1.83,,,Ⅲ
2024-05-14T00:00:00+08:00,1715616000,21.7,7.7,7.14,449.4,96.9,4.67,0.063,0.13,1.35,,,Ⅲ
2024-05-14T04:00:00+08:00,1715630400,20.9,7.45,5.9,466.1,85.0,4.25,0.131,0.12,1.77,,,Ⅲ
2024-05-14T08:00:00+08:00,1715644800,20.7,7.46,6.04,432.6,88.0,4.6,0.114,0.121,1.75,,,Ⅲ
2024-05-14T12:00:00+08:00,1715659200,21.6,7.57,6.68,420.4,92.8,4.12,0.129,0.117,1.75,,,Ⅲ
2024-05-14T16:00:00+08:00,1715673600,22.8,7.5,6.42,422.0,93.5,4.41,0.099,0.112,1.79,,,Ⅲ
2024-05-14T20:00:00+08:00,1715688000,22.6,7.53,6.57,405.4,96.8,4.32,0.092,0.121,1.74,,,Ⅲ
2024-05-15T00:00:00+08:00,1715702400,22.1,7.47,6.18,401.8,96.2,4.01,0.114,0.123,1.74,,,Ⅲ
2024-05-15T04:00:00+08:00,1715716800,21.5,7.45,6.21,429.5,90.8,3.87,0.117,0.116,1.87,,,Ⅲ
2024-05-15T08:00:00+08:00,1715731200,21.3,7.46,6.11,444.0,92.2,3.83,0.107,0.122,1.72,,,Ⅲ
2024-05-15T12:00:00+08:00,1715745600,22.3,7.52,6.44,430.4,115.4,4.42,0.102,0.142,1.59,,,Ⅲ
2024-05-15T16:00:00+08:00,1715760000,22.8,7.52,6.59,437.4,100.2,4.06,0.107,0.125,1.71,,,Ⅲ
2024-05-15T20:00:00+08:00,1715774400,22.5,7.49,6.38,440.4,103.6,4.19,0.116,0.117,1.74,,,Ⅲ
2024-05-16T00:00:00+08:00,1715788800,21.9,7.51,6.3,466.0,118.2,4.2,0.15,0.133,1.58,,,Ⅲ
2024-05-16T04:00:00+08:00,1715803200,21.3,7.47,6.12,464.4,105.8,4.13,0.15,0.126,1.62,,,Ⅲ
2024-05-16T12:00:00+08:00,1715832000,21.9,7.54,6.38,434.8,108.6,4.2,0.129,0.121,1.52,,,Ⅲ
2024-05-16T16:00:00+08:00,1715846400,22.8,7.54,6.61,440.4,107.2,4.07,0.124,0.123,1.83,,,Ⅲ
2024-05-16T20:00:00+08:00,1715860800,22.8,7.53,6.51,441.8,115.6,4.44,0.129,0.129,1.68,,,Ⅲ
2024-05-17T00:00:00+08:00,1715875200,22.2,7.6,6.72,439.9,120.0,4.29,0.107,0.132,1.48,,,Ⅲ
2024-05-17T04:00:00+08:00,1715889600,21.7,7.47,6.01,461.0,112.1,3.97,0.156,0.126,1.89,,,Ⅲ
2024-05-17T08:00:00+08:00,1715904000,21.3,7.45,5.68,466.3,111.0,4.14,0.146,0.126,1.92,,,Ⅲ
2024-05-17T12:00:00+08:00,1715918400,22.4,7.51,6.34,446.6,110.5,4.39,0.103,0.133,1.79,,,Ⅲ
2024-05-17T16:00:00+08:00,1715932800,23.3,7.54,6.33,445.4,108.1,4.36,0.086,0.114,1.87,,,Ⅲ
2024-05-17T20:00:00+08:00,1715947200,23.2,7.55,6.4,436.2,117.8,4.28,0.091,0.123,1.63,,,Ⅲ
2024-05-18T00:00:00+08:00,1715961600,22.8,7.5,5.91,435.1,121.4,4.33,0.108,0.112,1.66,,,Ⅲ
2024-05-18T04:00:00+08:00,1715976000,22.6,7.44,5.8,460.7,116.4,3.95,0.117,0.118,1.68,,,Ⅲ
2024-05-18T08:00:00+08:00,1715990400,22.3,7.45,5.55,465.9,114.3,3.89,0.089,0.109,1.42,,,Ⅲ
2024-05-18T12:00:00+08:00,1716004800,23.0,7.5,5.94,433.6,118.0,4.62,0.078,0.116,1.37,,,Ⅲ
2024-05-18T16:00:00+08:00,1716019200,24.2,7.57,6.21,420.0,115.4,4.15,0.062,0.109,1.44,,,Ⅲ
2024-05-18T20:00:00+08:00,1716033600,23.9,7.56,6.1,421.9,121.4,4.18,0.071,0.128,1.43,,,Ⅲ
2024-05-19T00:00:00+08:00,1716048000,23.5,7.63,6.47,432.0,131.9,4.87,0.073,0.133,1.13,,,Ⅲ
2024-05-19T04:00:00+08:00,1716062400,22.8,7.52,6.04,420.7,130.4,4.38,0.077,0.122,0.99,,,Ⅲ
2024-05-19T08:00:00+08:00,1716076800,22.8,7.47,5.69,431.7,128.7,4.07,0.099,0.123,1.22,,,Ⅲ
2024-05-19T12:00:00+08:00,1716091200,23.4,7.49,5.89,468.6,116.9,4.3,0.072,0.104,1.34,,,Ⅲ
2024-05-19T16:00:00+08:00,1716105600,24.3,7.54,6.08,425.9,119.1,4.19,0.126,0.111,1.3,,,Ⅲ
2024-05-19T20:00:00+08:00,1716120000,24.0,7.4,6.57,418.2,109.3,4.19,0.126,0.111,1.3,,,Ⅲ
2024-05-20T00:00:00+08:00,1716134400,23.6,7.59,6.48,414.8,104.7,4.01,0.121,0.116,1.31,,,Ⅲ
2024-05-20T04:00:00+08:00,1716148800,23.1,7.51,5.85,429.1,101.6,4.14,0.121,0.114,1.48,,,Ⅲ
2024-05-20T08:00:00+08:00,1716163200,22.9,7.48,6.17,489.4,89.4,3.74,0.133,0.104,1.65,,,Ⅲ
2024-05-20T12:00:00+08:00,1716177600,23.6,7.53,6.02,433.3,89.4,4.15,0.119,0.12,1.69,,,Ⅲ
2024-05-20T16:00:00+08:00,1716192000,24.4,7.58,6.41,422.1,97.2,3.94,0.117,0.118,1.62,,,Ⅲ
2024-05-20T20:00:00+08:00,1716206400,24.5,7.61,5.82,430.8,112.0,4.3,0.168,0.116,1.46,,,Ⅲ
2024-05-21T00:00:00+08:00,1716220800,23.9,7.52,5.98,449.8,94.9,3.9,0.14,0.111,1.66,,,Ⅲ
2024-05-21T04:00:00+08:00,1716235200,23.6,7.48,5.17,483.2,103.4,3.86,0.184,0.111,1.61,,,Ⅲ
2024-05-21T08:00:00+08:00,1716249600,23.4,7.46,5.42,461.9,93.9,3.62,0.157,0.119,1.59,,,Ⅲ
2024-05-21T16:00:00+08:00,1716278400,24.7,7.58,5.87,426.0,93.8,3.8,0.108,0.113,1.56,,,Ⅲ
2024-05-21T20:00:00+08:00,1716292800,24.7,7.59,5.95,446.2,94.5,4.44,0.107,0.12,1.47,,,Ⅲ
2024-05-22T04:00:00+08:00,1716321600,23.4,7.51,6.37,465.0,108.8,4.04,0.161,0.132,1.53,,,Ⅲ
2024-05-22T08:00:00+08:00,1716336000,23.0,7.49,6.18,469.8,104.9,3.94,0.154,0.122,1.44,,,Ⅲ
2024-05-23T08:00:00+08:00,1716422400,22.8,7.52,6.04,423.3,100.8,3.74,0.112,0.108,1.52,,,Ⅲ
2024-05-23T12:00:00+08:00,1716436800,23.7,7.56,6.2,425.0,99.9,4.05,0.107,0.12,1.48,,,Ⅲ
2024-05-23T16:00:00+08:00,1716451200,24.9,7.6,6.14,437.1,105.4,4.05,0.105,1.065,1.55,,,劣Ⅴ
2024-05-23T20:00:00+08:00,1716465600,24.8,7.56,6.08,444.8,104.4,3.97,0.113,0.113,1.52,,,Ⅲ
2024-05-24T04:00:00+08:00,1716494400,23.7,7.5,5.3,480.6,102.0,4.16,0.116,0.092,1.55,,,Ⅲ
2024-05-24T08:00:00+08:00,1716508800,23.5,7.49,5.77,453.0,100.1,3.98,0.112,0.113,1.59,,,Ⅲ
2024-05-24T16:00:00+08:00,1716537600,25.5,7.61,6.39,431.0,106.6,4.1,0.085,0.106,1.59,,,Ⅲ
2024-05-24T20:00:00+08:00,1716552000,25.6,7.55,6.07,434.8,114.7,4.05,0.096,0.124,1.68,,,Ⅲ
2024-05-25T04:00:00+08:00,1716580800,24.4,7.54,6.37,478.2,123.2,3.94,0.104,0.153,1.38,,,Ⅲ
2024-05-25T08:00:00+08:00,1716595200,24.0,7.54,7.53,439.5,100.6,3.85,0.097,0.103,1.58,,,Ⅲ
2024-05-25T12:00:00+08:00,1716609600,24.3,7.52,5.98,426.4,103.6,3.7,0.088,0.117,1.7,,,Ⅲ
2024-05-25T16:00:00+08:00,1716624000,25.0,7.56,6.68,429.7,103.6,3.82,0.081,0.118,1.74,,,Ⅲ
2024-05-25T20:00:00+08:00,1716638400,24.8,7.58,6.35,442.3,97.1,3.94,0.104,0.118,1.74,,,Ⅲ
2024-05-26T04:00:00+08:00,1716667200,24.0,7.57,6.53,469.4,109.4,4.01,0.114,0.128,1.73,,,Ⅲ
2024-05-26T08:00:00+08:00,1716681600,23.9,7.58,6.14,431.7,93.1,3.55,0.092,0.132,1.67,,,Ⅲ
2024-05-26T12:00:00+08:00,1716696000,24.8,7.62,5.8,420.9,91.6,3.61,0.078,0.132,1.74,,,Ⅲ
2024-05-26T16:00:00+08:00,1716710400,25.5,7.64,6.27,427.9,102.9,4.01,0.09,0.113,1.66,,,Ⅲ
2024-05-26T20:00:00+08:00,1716724800,25.6,7.61,5.8,437.6,109.4,3.93,0.099,0.096,1.81,,,Ⅲ
2024-05-27T04:00:00+08:00,1716753600,24.7,7.54,5.58,438.7,117.5,4.25,0.178,0.123,1.82,,,Ⅲ
2024-05-27T08:00:00+08:00,1716768000,24.3,7.56,6.2,412.3,108.0,4.18,0.113,0.117,1.29,,,Ⅲ
2024-05-27T12:00:00+08:00,1716782400,24.2,7.58,5.79,413.3,94.9,4.42,0.082,0.113,1.17,,,Ⅲ
2024-05-27T16:00:00+08:00,1716796800,24.0,7.62,6.38,413.9,110.6,4.79,0.114,0.118,1.22,,,Ⅲ
2024-05-27T20:00:00+08:00,1716811200,23.6,7.57,5.76,415.9,113.2,4.68,0.123,0.136,1.33,,,Ⅲ
2024-05-28T04:00:00+08:00,1716840000,22.8,7.47,4.86,458.2,116.6,4.55,0.162,0.137,1.46,,,Ⅳ
2024-05-28T08:00:00+08:00,1716854400,22.8,7.52,5.27,426.7,113.3,4.44,0.13,0.129,1.34,,,Ⅲ
2024-05-28T12:00:00+08:00,1716868800,23.6,7.58,6.01,425.3,100.6,4.16,0.099,0.122,1.36,,,Ⅲ
2024-05-28T16:00:00+08:00,1716883200,24.6,7.65,6.0,406.1,108.1,4.32,0.079,0.108,1.39,,,Ⅲ
2024-05-28T20:00:00+08:00,1716897600,24.3,7.66,6.11,400.0,117.1,4.1,0.08,0.119,1.2,,,Ⅲ
2024-05-29T04:00:00+08:00,1716926400,22.9,7.63,6.36,459.2,118.4,4.13,0.088,0.117,0.94,,,Ⅲ
2024-05-29T08:00:00+08:00,1716940800,22.7,7.63,6.25,407.8,110.6,4.28,0.076,0.119,1.03,,,Ⅲ
2024-05-29T12:00:00+08:00,1716955200,23.3,7.68,6.38,408.0,108.8,4.19,0.083,0.123,1.19,,,Ⅲ
2024-05-29T16:00:00+08:00,1716969600,24.2,7.76,6.67,415.9,114.7,4.38,0.089,0.119,1.34,,,Ⅲ
2024-05-29T20:00:00+08:00,1716984000,23.8,7.91,7.22,421.2,117.5,4.69,0.068,0.126,1.12,,,Ⅲ
2024-05-30T04:00:00+08:00,1717012800,22.8,7.64,6.44,433.7,111.6,4.28,0.116,0.118,1.4,,,Ⅲ
2024-05-30T08:00:00+08:00,1717027200,22.8,7.61,6.27,454.4,135.7,4.6,0.176,0.13,1.4,,,Ⅲ
2024-05-30T12:00:00+08:00,1717041600,22.8,7.62,6.26,471.7,119.4,4.52,0.137,0.119,1.53,,,Ⅲ
2024-05-30T16:00:00+08:00,1717056000,22.8,7.59,6.42,448.5,121.0,,0.144,0.126,1.61,,,
2024-05-30T20:00:00+08:00,1717070400,22.8,7.52,5.63,433.4,179.8,3.74,0.214,0.17,1.76,,,Ⅲ
2024-05-31T04:00:00+08:00,1717099200,22.2,7.51,5.4,455.9,125.5,2.99,0.177,0.154,2.2,,,Ⅲ
2024-05-31T08:00:00+08:00,1717113600,22.1,7.5,5.61,431.8,120.8,2.89,0.186,0.165,2.51,,,Ⅲ
2024-05-31T12:00:00+08:00,1717128000,22.1,7.53,5.45,424.2,126.6,3.15,0.245,0.166,2.05,,,Ⅲ
2024-05-31T20:00:00+08:00,1717156800,22.2,7.55,5.42,443.5,133.6,3.42,0.22,0.146,1.74,,,Ⅲ
2024-06-01T00:00:00+08:00,1717171200,21.9,7.53,5.48,496.7,141.4,3.37,0.25,0.15,1.61,,,Ⅲ
2024-06-01T04:00:00+08:00,1717185600,21.6,7.53,5.5,495.7,140.1,3.61,0.202,0.139,1.4,,,Ⅲ
2024-06-01T08:00:00+08:00,1717200000,21.7,7.54,5.67,445.1,132.2,3.82,0.155,0.132,1.42,,,Ⅲ
2024-06-01T16:00:00+08:00,1717228800,22.8,7.55,5.71,440.4,137.0,3.41,0.188,0.136,1.5,,,Ⅲ
2024-06-01T20:00:00+08:00,1717243200,22.7,7.56,5.83,427.9,144.6,3.37,0.16,0.135,1.33,,,Ⅲ
2024-06-02T04:00:00+08:00,1717272000,21.9,7.57,5.83,466.0,136.3,3.46,0.127,0.122,1.15,,,Ⅲ
2024-06-02T08:00:00+08:00,1717286400,21.8,7.57,5.8,438.6,133.4,3.52,0.114,0.127,1.15,,,Ⅲ
2024-06-02T12:00:00+08:00,1717300800,22.4,7.57,5.98,429.3,138.3,3.3,0.127,0.131,1.27,,,Ⅲ
2024-06-02T16:00:00+08:00,1717315200,23.1,7.54,5.71,428.1,151.1,3.33,0.152,0.135,1.31,,,Ⅲ
2024-06-02T20:00:00+08:00,1717329600,23.1,7.52,5.61,430.0,143.1,3.14,0.145,0.137,1.57,,,Ⅲ
2024-06-03T04:00:00+08:00,1717358400,22.7,7.53,5.66,472.2,142.2,3.31,0.128,0.122,1.34,,,Ⅲ
2024-06-03T08:00:00+08:00,1717372800,22.6,7.51,5.37,455.6,137.8,3.36,0.122,0.128,1.53,,,Ⅲ
2024-06-03T12:00:00+08:00,1717387200,23.4,7.5,5.6,437.6,135.6,3.01,0.132,0.133,1.84,,,Ⅲ
2024-06-03T16:00:00+08:00,1717401600,24.4,7.53,5.47,445.1,139.7,3.38,0.126,0.113,1.76,,,Ⅲ
2024-06-03T20:00:00+08:00,1717416000,24.5,7.51,5.25,449.6,143.2,3.24,0.147,0.109,1.86,,,Ⅲ
2024-06-04T00:00:00+08:00,1717430400,24.0,7.53,5.57,460.4,158.1,3.26,0.133,1.061,1.36,,,劣Ⅴ
2024-06-04T04:00:00+08:00,1717444800,23.4,7.53,5.44,479.3,146.9,3.2,0.116,0.705,1.31,,,劣Ⅴ
2024-06-04T08:00:00+08:00,1717459200,23.2,7.5,5.34,435.6,149.9,3.1,0.121,0.705,1.45,,,劣Ⅴ
2024-06-04T12:00:00+08:00,1717473600,24.2,7.52,5.43,432.2,145.0,3.47,0.104,0.705,1.45,,,劣Ⅴ
2024-06-04T16:00:00+08:00,1717488000,25.0,7.54,5.44,442.2,149.7,3.45,0.127,0.705,1.54,,,劣Ⅴ
2024-06-05T00:00:00+08:00,1717516800,24.4,7.59,5.64,453.0,151.0,3.13,0.111,0.166,1.26,,,Ⅲ
2024-06-05T08:00:00+08:00,1717545600,23.8,7.5,5.42,447.0,146.3,3.01,0.104,0.164,1.47,,,Ⅲ
2024-06-05T12:00:00+08:00,1717560000,23.7,7.49,5.45,429.1,141.7,2.82,0.094,0.145,1.33,,,Ⅲ
2024-06-05T20:00:00+08:00,1717588800,22.8,7.62,5.74,442.6,122.3,3.06,0.111,0.147,1.56,,,Ⅲ
2024-06-06T00:00:00+08:00,1717603200,22.4,7.57,5.33,451.7,106.3,3.32,0.237,0.143,2.07,,,Ⅲ
2024-06-06T08:00:00+08:00,1717632000,22.2,7.56,4.69,455.2,98.4,3.13,0.164,0.135,1.95,,,Ⅳ
2024-06-06T16:00:00+08:00,1717660800,22.8,7.55,5.06,452.6,93.1,2.94,0.175,0.133,2.22,,,Ⅲ
2024-06-06T20:00:00+08:00,1717675200,22.8,7.58,4.97,445.3,101.1,2.95,0.161,0.14,2.07,,,Ⅳ
2024-06-07T04:00:00+08:00,1717704000,22.4,7.56,5.23,492.6,99.9,2.9,0.171,0.129,2.3,,,Ⅲ
2024-06-07T08:00:00+08:00,1717718400,22.3,7.57,5.32,453.3,92.4,2.88,0.132,0.122,2.19,,,Ⅲ
2024-06-07T12:00:00+08:00,1717732800,22.6,7.58,5.66,439.2,97.0,2.73,0.123,0.127,2.13,,,Ⅲ
2024-06-07T16:00:00+08:00,1717747200,22.8,7.57,5.44,434.3,115.8,3.13,0.132,0.128,1.71,,,Ⅲ
2024-06-07T20:00:00+08:00,1717761600,22.8,7.56,5.29,434.2,112.8,3.11,0.144,0.143,1.71,,,Ⅲ
2024-06-08T04:00:00+08:00,1717790400,22.4,7.57,5.28,489.9,121.9,3.03,0.16,0.141,1.63,,,Ⅲ
2024-06-08T08:00:00+08:00,1717804800,22.4,7.57,4.82,460.8,112.7,3.18,0.157,0.134,1.71,,,Ⅳ
2024-06-08T12:00:00+08:00,1717819200,23.0,7.59,5.71,437.8,127.4,3.49,0.134,0.143,1.41,,,Ⅲ
2024-06-08T16:00:00+08:00,1717833600,24.1,7.63,5.88,434.2,136.9,3.01,0.125,0.133,1.25,,,Ⅲ
2024-06-08T20:00:00+08:00,1717848000,24.2,7.65,6.68,435.8,115.4,3.3,0.113,0.121,1.54,,,Ⅲ
2024-06-09T00:00:00+08:00,1717862400,24.0,7.59,5.78,468.5,107.6,2.99,0.116,0.127,1.68,,,Ⅲ
2024-06-09T04:00:00+08:00,1717876800,23.4,7.57,6.02,487.3,113.2,2.98,0.121,0.122,1.55,,,Ⅲ
2024-06-09T08:00:00+08:00,1717891200,23.3,7.56,5.59,449.0,108.5,3.08,0.099,0.115,1.45,,,Ⅲ
2024-06-09T12:00:00+08:00,1717905600,24.2,7.6,5.61,440.4,103.5,3.28,0.088,0.118,1.44,,,Ⅲ
2024-06-09T16:00:00+08:00,1717920000,25.1,7.68,5.95,437.4,118.9,3.44,0.09,0.132,1.26,,,Ⅲ
2024-06-09T20:00:00+08:00,1717934400,25.1,7.69,6.07,443.2,112.1,3.18,0.086,0.122,1.48,,,Ⅲ
2024-06-10T04:00:00+08:00,1717963200,24.6,7.62,5.77,477.0,108.6,3.21,0.086,0.117,1.62,,,Ⅲ
2024-06-10T08:00:00+08:00,1717977600,24.1,7.75,6.41,458.4,108.7,3.12,0.053,0.125,1.54,,,Ⅲ
2024-06-10T12:00:00+08:00,1717992000,24.4,7.59,5.4,468.7,104.3,3.04,0.095,0.107,1.93,,,Ⅲ
2024-06-10T16:00:00+08:00,1718006400,25.4,7.74,6.2,454.8,101.9,3.46,0.05,0.115,1.62,,,Ⅲ
2024-06-10T20:00:00+08:00,1718020800,25.0,7.61,5.46,433.1,107.1,3.47,0.07,0.157,1.62,,,Ⅲ
2024-06-11T04:00:00+08:00,1718049600,24.4,7.58,5.32,436.9,119.0,3.18,0.095,0.126,1.71,,,Ⅲ
2024-06-11T08:00:00+08:00,1718064000,24.1,7.55,5.24,455.6,114.3,2.98,0.103,0.117,1.82,,,Ⅲ
2024-06-11T12:00:00+08:00,1718078400,24.0,7.57,5.53,465.5,113.8,2.99,0.111,0.117,1.97,,,Ⅲ
2024-06-11T16:00:00+08:00,1718092800,24.7,7.57,5.54,452.8,112.0,2.66,0.095,0.117,2.14,,,Ⅲ
2024-06-11T20:00:00+08:00,1718107200,24.9,7.6,6.17,450.8,118.2,2.66,0.095,0.117,2.14,,,Ⅲ
2024-06-12T04:00:00+08:00,1718136000,24.3,7.58,5.39,475.1,122.5,2.89,0.103,0.239,2.04,,,Ⅳ
2024-06-12T08:00:00+08:00,1718150400,24.2,7.55,4.84,469.0,122.2,3.08,0.109,0.19,1.89,,,Ⅳ
2024-06-12T12:00:00+08:00,1718164800,24.7,7.56,5.23,441.6,124.2,3.3,0.094,0.207,1.77,,,Ⅳ
2024-06-12T16:00:00+08:00,1718179200,25.9,7.59,4.74,437.2,101.6,3.55,0.099,0.207,1.76,,,Ⅳ
2024-06-13T04:00:00+08:00,1718222400,25.1,7.59,4.99,511.8,98.8,3.02,0.111,0.19,1.59,,,Ⅳ
2024-06-13T08:00:00+08:00,1718236800,25.0,7.59,4.76,462.1,98.5,3.25,0.097,0.249,1.34,,,Ⅳ
2024-06-13T12:00:00+08:00,1718251200,25.9,7.62,5.33,436.6,94.3,3.32,0.087,0.249,1.37,,,Ⅳ
2024-06-13T16:00:00+08:00,1718265600,26.6,7.66,5.02,441.9,110.6,3.06,0.078,0.15,1.6,,,Ⅲ
2024-06-13T20:00:00+08:00,1718280000,26.5,7.69,5.44,444.8,104.4,3.2,0.068,0.143,1.59,,,Ⅲ
2024-06-14T00:00:00+08:00,1718294400,26.2,7.67,5.47,456.2,133.3,3.09,0.095,0.167,1.52,,,Ⅲ
2024-06-14T04:00:00+08:00,1718308800,25.9,7.65,5.44,445.3,103.2,3.3,0.079,0.133,1.54,,,Ⅲ
2024-06-14T08:00:00+08:00,1718323200,25.6,7.62,4.98,476.0,98.6,3.13,0.077,0.127,1.59,,,Ⅳ
2024-06-14T12:00:00+08:00,1718337600,26.1,7.64,4.9,464.5,94.2,3.17,0.072,0.111,1.56,,,Ⅳ
2024-06-14T16:00:00+08:00,1718352000,27.0,7.7,5.85,439.0,98.1,3.24,0.072,0.134,1.68,,,Ⅲ
2024-06-14T20:00:00+08:00,1718366400,26.9,7.68,5.05,432.1,103.8,3.33,0.067,0.109,1.62,,,Ⅲ
2024-06-15T00:00:00+08:00,1718380800,26.5,7.66,5.07,438.1,111.6,3.24,0.079,0.113,1.82,,,Ⅲ
2024-06-15T04:00:00+08:00,1718395200,26.1,7.6,4.85,461.5,95.1,3.06,0.069,0.111,1.99,,,Ⅳ
2024-06-15T08:00:00+08:00,1718409600,26.0,7.58,5.15,494.8,97.5,3.23,0.076,0.111,1.92,,,Ⅲ
2024-06-15T12:00:00+08:00,1718424000,26.6,7.61,5.05,429.4,109.7,2.95,0.071,0.116,1.57,,,Ⅲ
2024-06-15T16:00:00+08:00,1718438400,27.7,7.68,5.58,426.1,107.2,3.2,0.067,0.115,1.58,,,Ⅲ
2024-06-15T20:00:00+08:00,1718452800,27.6,7.67,5.71,434.3,119.3,3.18,0.077,0.114,1.53,,,Ⅲ
2024-06-16T00:00:00+08:00,1718467200,27.6,7.96,6.83,444.2,100.5,3.69,0.038,0.106,1.58,,,Ⅲ
2024-06-16T04:00:00+08:00,1718481600,26.7,7.57,4.86,480.0,104.2,3.15,0.081,0.104,1.96,,,Ⅳ
2024-06-16T08:00:00+08:00,1718496000,26.4,7.58,4.5,484.5,113.0,3.42,0.089,0.109,1.59,,,Ⅳ
2024-06-16T12:00:00+08:00,1718510400,27.1,7.61,5.13,443.4,110.5,3.06,0.087,0.107,1.6,,,Ⅲ
2024-06-16T16:00:00+08:00,1718524800,27.8,7.65,5.1,432.9,124.8,3.22,0.087,0.111,1.36,,,Ⅲ
2024-06-16T20:00:00+08:00,1718539200,27.6,7.65,5.64,428.6,110.1,3.21,0.065,0.103,1.26,,,Ⅲ
2024-06-17T00:00:00+08:00,1718553600,27.0,7.7,5.73,438.5,140.8,3.84,0.088,0.116,1.2,,,Ⅲ
2024-06-17T04:00:00+08:00,1718568000,26.7,7.65,5.28,438.6,121.1,3.33,0.082,0.106,1.2,,,Ⅲ
2024-06-17T08:00:00+08:00,1718582400,26.3,7.63,5.03,478.7,114.7,3.3,0.092,0.106,1.57,,,Ⅲ
2024-06-17T12:00:00+08:00,1718596800,26.7,7.79,5.71,501.7,100.9,3.27,0.146,0.101,1.58,,,Ⅲ
2024-06-17T16:00:00+08:00,1718611200,27.6,7.66,4.89,460.9,112.5,3.73,0.147,0.106,1.42,,,Ⅳ
2024-06-17T20:00:00+08:00,1718625600,27.0,7.66,5.17,448.6,103.8,3.8,0.131,0.107,1.56,,,Ⅲ
2024-06-18T04:00:00+08:00,1718654400,25.8,7.63,4.57,446.3,98.7,3.3,0.117,0.11,1.65,,,Ⅳ
2024-06-18T08:00:00+08:00,1718668800,25.5,7.65,4.85,453.2,98.4,3.21,0.118,0.107,1.63,,,Ⅳ
2024-06-18T12:00:00+08:00,1718683200,26.1,7.68,5.3,503.8,92.6,3.41,0.105,0.107,1.94,,,Ⅲ
2024-06-18T16:00:00+08:00,1718697600,26.9,7.81,6.36,497.7,92.0,3.31,0.08,0.113,1.8,,,Ⅲ
2024-06-18T20:00:00+08:00,1718712000,26.1,7.81,6.19,487.2,107.0,3.35,0.106,0.108,1.77,,,Ⅲ
2024-06-19T04:00:00+08:00,1718740800,25.3,7.66,5.05,454.8,96.4,3.62,0.097,0.103,1.79,,,Ⅲ
2024-06-19T08:00:00+08:00,1718755200,25.2,7.66,4.95,429.8,118.9,3.39,0.138,0.127,1.69,,,Ⅳ
2024-06-19T12:00:00+08:00,1718769600,25.0,7.66,5.07,439.5,110.4,3.66,0.153,0.125,2.04,,,Ⅲ
2024-06-19T16:00:00+08:00,1718784000,24.9,7.67,4.99,484.0,98.6,3.11,0.121,0.117,2.2,,,Ⅳ
2024-06-19T20:00:00+08:00,1718798400,24.7,7.66,5.22,464.2,102.5,3.36,0.127,0.116,2.14,,,Ⅲ
2024-06-20T04:00:00+08:00,1718827200,24.4,7.63,4.84,448.5,104.3,3.58,0.189,0.131,2.13,,,Ⅳ
2024-06-20T08:00:00+08:00,1718841600,24.2,7.55,4.96,463.3,103.6,4.09,0.36,0.132,2.32,,,Ⅳ
2024-06-20T12:00:00+08:00,1718856000,24.6,7.52,4.42,477.5,100.2,4.59,0.279,0.128,2.28,,,Ⅳ
2024-06-20T16:00:00+08:00,1718870400,25.0,7.52,4.37,451.3,101.4,4.86,0.286,0.127,2.26,,,Ⅳ
2024-06-20T20:00:00+08:00,1718884800,25.0,7.52,4.19,439.5,101.6,4.82,0.245,0.12,2.08,,,Ⅳ
2024-06-21T04:00:00+08:00,1718913600,24.7,7.52,5.1,461.2,104.2,4.48,0.25,0.12,2.14,,,Ⅲ
2024-06-21T08:00:00+08:00,1718928000,24.4,7.55,5.14,330.1,127.0,4.06,0.278,0.113,1.52,,,Ⅲ
2024-06-21T12:00:00+08:00,1718942400,24.5,7.48,4.25,452.8,111.0,5.26,0.344,0.132,2.05,,,Ⅳ
2024-06-21T16:00:00+08:00,1718956800,24.3,7.45,4.25,389.6,119.3,5.85,0.344,0.143,1.97,,,Ⅳ
2024-06-21T20:00:00+08:00,1718971200,24.0,7.44,5.08,379.8,125.3,5.48,0.372,0.152,2.17,,,Ⅲ
2024-06-22T04:00:00+08:00,1719000000,24.1,7.46,4.27,419.6,129.4,5.55,0.421,0.144,2.95,,,Ⅳ
2024-06-22T08:00:00+08:00,1719014400,24.1,7.45,4.65,410.0,127.0,5.39,0.418,0.144,2.9,,,Ⅳ
2024-06-22T12:00:00+08:00,1719028800,24.2,7.45,4.13,420.5,129.7,5.4,0.464,0.156,3.7,,,Ⅳ
2024-06-22T16:00:00+08:00,1719043200,24.2,7.46,3.96,389.0,132.2,5.1,0.432,0.162,2.87,,,Ⅳ
2024-06-22T20:00:00+08:00,1719057600,24.0,7.41,3.88,406.5,128.6,5.43,0.538,0.173,3.15,,,Ⅳ
2024-06-23T04:00:00+08:00,1719086400,23.6,7.37,3.76,361.2,147.9,6.26,0.654,0.189,3.1,,,Ⅳ
2024-06-23T08:00:00+08:00,1719100800,23.6,7.36,4.2,355.3,145.1,5.98,0.603,0.177,3.1,,,Ⅳ
2024-06-23T12:00:00+08:00,1719115200,23.7,7.36,3.99,355.2,139.7,5.74,0.534,0.19,2.97,,,Ⅳ
2024-06-23T16:00:00+08:00,1719129600,23.8,7.41,3.84,368.3,140.2,5.34,0.56,0.176,2.96,,,Ⅳ
2024-06-23T20:00:00+08:00,1719144000,23.7,7.4,4.12,373.5,143.3,5.47,0.697,0.191,3.29,,,Ⅳ
2024-06-24T04:00:00+08:00,1719172800,23.4,7.38,3.78,386.6,145.5,4.89,0.646,0.182,2.99,,,Ⅳ
2024-06-24T08:00:00+08:00,1719187200,23.6,7.39,3.23,362.4,155.6,5.12,0.556,0.171,2.55,,,Ⅳ
2024-06-24T12:00:00+08:00,1719201600,23.9,7.41,3.72,365.5,148.8,4.87,0.492,0.17,2.51,,,Ⅳ
2024-06-24T16:00:00+08:00,1719216000,24.4,7.41,3.36,364.6,153.3,5.04,0.469,0.16,2.55,,,Ⅳ
2024-06-24T20:00:00+08:00,1719230400,24.1,7.4,3.59,365.6,148.8,4.98,0.491,0.171,2.69,,,Ⅳ
2024-06-25T00:00:00+08:00,1719244800,23.8,7.46,4.92,360.1,161.3,4.5,0.343,0.169,1.68,,,Ⅳ
2024-06-25T08:00:00+08:00,1719273600,23.5,7.46,4.84,358.9,165.1,4.28,0.254,0.142,1.24,,,Ⅳ
2024-06-25T12:00:00+08:00,1719288000,23.4,7.47,5.36,420.7,158.2,4.3,0.234,0.123,1.27,,,Ⅲ
2024-06-25T16:00:00+08:00,1719302400,23.5,7.49,5.63,359.2,161.4,4.09,0.233,0.136,1.05,,,Ⅲ
2024-06-25T20:00:00+08:00,1719316800,23.7,7.59,5.96,353.2,115.7,4.0,0.241,0.133,1.04,,,Ⅲ
2024-06-26T00:00:00+08:00,1719331200,23.7,7.6,5.61,355.0,121.8,4.12,0.24,0.139,0.95,,,Ⅲ
2024-06-26T04:00:00+08:00,1719345600,23.7,7.56,4.08,360.2,118.4,3.94,0.239,0.129,0.92,,,Ⅳ
2024-06-26T08:00:00+08:00,1719360000,23.7,7.54,4.24,420.9,117.1,4.12,0.229,0.13,0.91,,,Ⅳ
2024-06-26T16:00:00+08:00,1719388800,23.8,7.65,4.72,367.5,109.4,4.27,0.18,0.127,0.86,,,Ⅳ
2024-06-26T20:00:00+08:00,1719403200,23.6,7.68,4.63,360.1,102.8,4.35,0.183,0.115,0.94,,,Ⅳ
2024-06-27T04:00:00+08:00,1719432000,23.3,7.57,4.19,359.1,107.6,4.24,0.314,0.133,1.17,,,Ⅳ
2024-06-27T08:00:00+08:00,1719446400,23.3,7.55,3.84,359.1,109.8,4.07,0.331,0.136,1.16,,,Ⅳ
2024-06-27T12:00:00+08:00,1719460800,23.3,7.55,4.21,358.3,109.4,4.09,0.344,0.134,1.18,,,Ⅳ
2024-06-27T16:00:00+08:00,1719475200,23.4,7.56,4.35,361.3,104.8,3.85,0.324,0.132,1.23,,,Ⅳ
2024-06-27T20:00:00+08:00,1719489600,23.3,7.51,4.06,360.0,103.1,4.44,0.377,0.127,1.46,,,Ⅳ
2024-06-28T04:00:00+08:00,1719518400,23.2,7.59,4.11,363.5,93.8,4.01,0.24,0.112,1.1,,,Ⅳ
2024-06-28T08:00:00+08:00,1719532800,23.1,7.59,4.26,365.0,94.2,3.91,0.246,0.114,1.1,,,Ⅳ
2024-06-28T12:00:00+08:00,1719547200,23.4,7.76,5.84,387.6,97.9,4.56,0.165,0.121,2.76,,,Ⅲ
2024-06-28T16:00:00+08:00,1719561600,23.5,7.9,6.84,392.9,100.9,4.58,0.126,0.136,3.27,,,Ⅲ
2024-06-28T20:00:00+08:00,1719576000,23.4,7.98,7.05,395.2,109.3,4.76,0.106,0.14,3.48,,,Ⅲ
2024-06-29T04:00:00+08:00,1719604800,23.2,7.92,6.58,387.8,116.5,4.35,0.121,0.142,2.75,,,Ⅲ
2024-06-29T08:00:00+08:00,1719619200,23.2,7.88,6.48,386.6,117.3,4.19,0.11,0.148,2.79,,,Ⅲ
2024-06-29T12:00:00+08:00,1719633600,23.4,7.56,4.86,363.4,119.5,4.26,0.325,0.147,1.9,,,Ⅳ
2024-06-29T16:00:00+08:00,1719648000,23.4,7.58,5.12,371.4,118.0,4.93,0.351,0.132,2.36,,,Ⅲ
2024-06-29T20:00:00+08:00,1719662400,23.4,7.54,4.48,376.5,120.1,5.13,0.389,0.143,2.68,,,Ⅳ
2024-06-30T00:00:00+08:00,1719676800,23.4,7.49,4.2,375.3,121.8,5.01,0.469,0.135,2.65,,,Ⅳ
2024-06-30T04:00:00+08:00,1719691200,23.3,7.45,3.95,346.8,118.3,4.62,0.495,0.13,2.6,,,Ⅳ
2024-06-30T08:00:00+08:00,1719705600,23.3,7.46,3.53,359.6,118.8,4.81,0.645,0.13,2.17,,,Ⅳ
2024-06-30T12:00:00+08:00,1719720000,23.3,7.46,4.03,336.5,121.0,4.8,0.667,0.132,2.12,,,Ⅳ
2024-06-30T20:00:00+08:00,1719748800,23.0,7.36,3.53,334.7,150.0,6.89,1.403,0.184,3.54,,,Ⅳ
2024-07-01T04:00:00+08:00,1719777600,23.1,7.33,3.15,300.0,145.8,6.3,1.63,0.2,4.03,,,Ⅴ
2024-07-01T12:00:00+08:00,1719806400,23.5,7.33,2.89,356.8,146.3,6.24,1.34,0.198,3.76,,,Ⅴ
2024-07-03T16:00:00+08:00,1719993600,25.2,7.39,2.63,369.2,101.2,5.64,0.812,0.141,3.25,,,Ⅴ
2024-07-03T20:00:00+08:00,1720008000,25.5,7.45,3.4,368.2,104.3,5.33,0.621,0.148,3.08,,,Ⅳ
2024-07-04T04:00:00+08:00,1720036800,25.0,7.6,4.61,364.8,112.8,4.61,0.203,0.156,2.43,,,Ⅳ
2024-07-04T08:00:00+08:00,1720051200,25.0,7.61,4.45,365.0,113.9,4.7,0.19,0.165,2.46,,,Ⅳ
2024-07-04T12:00:00+08:00,1720065600,25.6,7.6,4.46,367.0,116.2,4.7,0.211,0.163,2.5,,,Ⅳ
2024-07-04T16:00:00+08:00,1720080000,26.1,7.63,4.57,368.0,116.3,4.72,0.164,0.158,2.46,,,Ⅳ
2024-07-04T20:00:00+08:00,1720094400,26.1,7.6,4.18,367.6,112.7,5.0,0.145,0.166,2.47,,,Ⅳ
2024-07-05T04:00:00+08:00,1720123200,26.1,7.62,4.91,367.6,110.4,4.86,0.142,0.157,2.48,,,Ⅳ
2024-07-05T08:00:00+08:00,1720137600,26.1,7.75,5.72,372.0,112.9,4.82,0.061,0.165,2.37,,,Ⅲ
2024-07-05T16:00:00+08:00,1720166400,28.6,8.29,8.2,369.9,114.2,4.79,0.038,0.157,2.22,,,Ⅲ
2024-07-05T20:00:00+08:00,1720180800,28.6,8.18,7.55,369.6,120.6,4.93,0.044,0.168,2.18,,,Ⅲ
2024-07-06T04:00:00+08:00,1720209600,28.0,8.3,7.79,372.6,119.2,4.71,0.036,0.161,2.12,,,Ⅲ
2024-07-06T08:00:00+08:00,1720224000,28.0,8.44,8.5,371.9,119.8,5.31,0.032,0.156,2.21,,,Ⅲ
2024-07-06T12:00:00+08:00,1720238400,28.6,8.73,9.81,371.1,127.8,5.66,0.037,0.166,2.24,,,Ⅲ
2024-07-06T16:00:00+08:00,1720252800,28.9,8.8,9.77,366.0,125.5,6.07,0.035,0.174,2.21,,,Ⅳ
2024-07-06T20:00:00+08:00,1720267200,28.7,8.63,8.61,368.7,129.0,5.3,0.036,0.162,2.18,,,Ⅲ
2024-07-07T04:00:00+08:00,1720296000,28.3,8.24,7.03,370.4,130.9,5.17,0.036,0.156,2.12,,,Ⅲ
2024-07-07T08:00:00+08:00,1720310400,28.2,8.32,7.38,370.6,132.8,5.18,0.031,0.153,2.09,,,Ⅲ
2024-07-07T12:00:00+08:00,1720324800,29.2,8.93,9.96,367.0,140.3,5.29,0.033,0.164,2.03,,,Ⅲ
2024-07-07T20:00:00+08:00,1720353600,30.1,9.06,9.61,365.0,149.3,5.37,0.041,0.19,1.97,,,劣Ⅴ
2024-07-08T00:00:00+08:00,1720368000,29.8,8.88,8.51,366.7,146.4,4.89,0.037,0.17,1.92,,,Ⅲ
2024-07-08T04:00:00+08:00,1720382400,29.5,8.61,7.32,368.7,147.8,4.82,0.041,0.158,1.88,,,Ⅲ
2024-07-08T08:00:00+08:00,1720396800,29.3,8.59,7.53,371.4,146.4,4.63,0.032,0.15,1.82,,,Ⅲ
2024-07-08T12:00:00+08:00,1720411200,29.6,8.62,7.62,370.9,154.7,4.52,0.039,0.147,1.77,,,Ⅲ
2024-07-08T16:00:00+08:00,1720425600,30.7,8.66,8.05,369.7,153.0,4.64,0.036,0.147,1.76,,,Ⅲ
2024-07-08T20:00:00+08:00,1720440000,30.5,8.68,7.86,372.3,156.3,4.54,0.037,0.142,1.65,,,Ⅲ
2024-07-09T00:00:00+08:00,1720454400,30.2,8.62,7.61,376.3,157.6,4.34,0.042,0.142,1.48,,,Ⅲ
2024-07-09T04:00:00+08:00,1720468800,29.8,8.42,7.16,379.1,228.6,4.11,0.032,0.124,1.54,,,Ⅲ
2024-07-09T08:00:00+08:00,1720483200,29.4,8.21,5.78,383.8,157.0,3.84,0.041,0.12,1.43,,,Ⅲ
2024-07-09T12:00:00+08:00,1720497600,29.4,8.24,6.44,384.0,166.6,4.04,0.045,0.139,1.28,,,Ⅲ
2024-07-09T16:00:00+08:00,1720512000,30.3,8.68,8.36,372.6,165.6,4.95,0.04,0.162,1.57,,,Ⅲ
2024-07-09T20:00:00+08:00,1720526400,29.9,8.52,6.81,377.6,172.5,4.66,0.055,0.151,1.36,,,Ⅲ
2024-07-10T00:00:00+08:00,1720540800,29.5,8.25,5.8,385.8,173.3,4.05,0.06,0.145,1.24,,,Ⅲ
2024-07-10T08:00:00+08:00,1720569600,29.3,7.97,5.11,385.9,171.2,3.87,0.058,0.141,1.32,,,Ⅲ
2024-07-10T12:00:00+08:00,1720584000,29.1,7.85,4.67,381.3,175.5,4.5,0.102,0.13,1.49,,,Ⅳ
2024-07-10T16:00:00+08:00,1720598400,28.9,7.71,3.9,381.3,171.6,4.6,0.132,0.131,1.67,,,Ⅳ
2024-07-10T20:00:00+08:00,1720612800,28.5,7.61,4.08,373.8,174.5,4.7,0.137,0.139,1.71,,,Ⅳ
2024-07-11T00:00:00+08:00,1720627200,28.2,7.7,4.77,381.1,174.3,4.54,0.08,0.138,1.42,,,Ⅳ
2024-07-11T04:00:00+08:00,1720641600,28.1,7.57,3.0,381.0,178.0,4.39,0.24,0.141,1.71,,,Ⅳ
2024-07-11T08:00:00+08:00,1720656000,27.6,7.51,2.87,377.2,173.9,4.84,0.422,0.134,2.26,,,Ⅴ
2024-07-11T12:00:00+08:00,1720670400,27.1,7.47,3.02,369.1,170.8,5.33,0.534,0.146,2.43,,,Ⅳ
2024-07-11T16:00:00+08:00,1720684800,26.7,7.45,2.99,382.4,168.9,5.44,0.635,0.107,2.65,,,Ⅴ
2024-07-11T20:00:00+08:00,1720699200,26.6,7.46,2.67,389.5,169.3,5.58,0.769,0.145,2.91,,,Ⅴ
2024-07-12T00:00:00+08:00,1720713600,26.4,7.47,2.35,407.6,164.2,5.82,0.863,0.146,3.08,,,Ⅴ
2024-07-12T04:00:00+08:00,1720728000,26.2,7.48,2.15,417.8,163.5,5.8,0.848,0.142,2.92,,,Ⅴ
2024-07-12T08:00:00+08:00,1720742400,26.0,7.43,3.34,409.7,172.0,5.36,0.701,0.146,2.54,,,Ⅳ
2024-07-12T12:00:00+08:00,1720756800,25.5,7.37,3.31,328.1,187.3,6.09,0.765,0.179,2.54,,,Ⅳ
2024-07-12T16:00:00+08:00,1720771200,24.8,7.29,3.4,276.3,186.9,5.7,1.091,0.165,2.81,,,Ⅳ
2024-07-12T20:00:00+08:00,1720785600,24.0,7.51,3.88,293.4,144.1,5.71,1.165,0.2,3.08,,,Ⅳ
2024-07-13T00:00:00+08:00,1720800000,24.9,7.37,3.73,330.8,142.7,5.86,1.213,0.205,3.24,,,Ⅳ
2024-07-13T04:00:00+08:00,1720814400,24.9,7.34,2.93,333.8,142.1,5.93,1.212,0.196,3.38,,,Ⅴ
2024-07-13T08:00:00+08:00,1720828800,24.8,7.37,2.98,370.7,148.8,6.01,1.255,0.182,3.52,,,Ⅴ
2024-07-13T12:00:00+08:00,1720843200,24.8,7.38,3.43,298.1,174.4,5.92,1.09,0.197,3.01,,,Ⅳ
2024-07-13T16:00:00+08:00,1720857600,25.2,7.37,3.45,308.4,175.4,5.98,1.09,0.2,3.12,,,Ⅳ
2024-07-13T20:00:00+08:00,1720872000,25.2,7.4,3.07,325.7,174.3,5.51,1.065,0.181,3.14,,,Ⅳ
2024-07-15T08:00:00+08:00,1721001600,26.0,7.49,3.93,340.4,168.7,5.17,0.571,0.14,2.25,,,Ⅳ
2024-07-15T12:00:00+08:00,1721016000,26.1,7.51,4.28,345.2,169.3,4.74,0.52,0.132,2.08,,,Ⅳ
2024-07-15T16:00:00+08:00,1721030400,26.1,7.51,3.69,355.8,169.1,5.02,0.489,0.132,2.06,,,Ⅳ
2024-07-15T20:00:00+08:00,1721044800,25.9,7.5,3.79,359.3,172.7,5.07,0.446,0.134,1.95,,,Ⅳ
2024-07-16T00:00:00+08:00,1721059200,25.7,7.5,3.67,364.0,171.7,4.87,0.41,0.135,1.92,,,Ⅳ
2024-07-16T04:00:00+08:00,1721073600,25.7,7.51,3.39,365.8,167.8,4.99,0.386,0.127,1.84,,,Ⅳ
2024-07-16T08:00:00+08:00,1721088000,25.8,7.53,3.61,365.5,164.3,4.57,0.347,0.118,1.83,,,Ⅳ
2024-07-16T12:00:00+08:00,1721102400,26.1,7.53,3.35,363.6,160.5,5.0,0.336,0.115,1.91,,,Ⅳ
2024-07-16T16:00:00+08:00,1721116800,26.9,7.55,3.65,360.6,157.9,4.97,0.305,0.117,1.94,,,Ⅳ
2024-07-16T20:00:00+08:00,1721131200,26.8,7.53,3.56,364.4,168.3,5.02,0.302,0.125,1.74,,,Ⅳ
2024-07-17T00:00:00+08:00,1721145600,26.4,7.51,3.27,366.0,166.6,4.89,0.321,0.127,1.8,,,Ⅳ
2024-07-17T04:00:00+08:00,1721160000,26.2,7.48,3.22,365.9,162.1,5.05,0.304,0.126,1.82,,,Ⅳ
2024-07-17T08:00:00+08:00,1721174400,26.2,7.49,3.06,363.1,162.7,5.09,0.265,0.118,1.78,,,Ⅳ
2024-07-17T12:00:00+08:00,1721188800,26.7,7.54,3.4,362.6,155.9,4.91,0.179,0.114,1.85,,,Ⅳ
2024-07-17T16:00:00+08:00,1721203200,27.3,7.57,3.57,357.8,162.0,4.93,0.17,0.109,1.9,,,Ⅳ
2024-07-17T20:00:00+08:00,1721217600,26.9,7.65,3.55,360.7,127.2,4.78,0.192,0.107,1.88,,,Ⅳ
2024-07-18T00:00:00+08:00,1721232000,26.8,7.52,3.11,361.9,130.8,4.79,0.198,0.106,1.76,,,Ⅳ
2024-07-18T04:00:00+08:00,1721246400,26.6,7.49,2.7,363.5,127.9,5.09,0.222,0.104,1.8,,,Ⅴ
2024-07-18T08:00:00+08:00,1721260800,26.5,7.5,2.86,363.3,128.8,5.06,0.196,0.109,1.76,,,Ⅴ
2024-07-18T12:00:00+08:00,1721275200,27.5,7.53,3.55,357.4,133.3,4.98,0.165,0.102,1.74,,,Ⅳ
2024-07-18T16:00:00+08:00,1721289600,28.4,7.74,5.04,350.2,132.6,5.25,0.101,0.103,1.7,,,Ⅲ
2024-07-18T20:00:00+08:00,1721304000,28.3,7.73,4.98,349.4,126.2,5.13,0.086,0.101,1.72,,,Ⅳ
2024-07-19T00:00:00+08:00,1721318400,28.2,7.91,5.98,358.0,134.7,5.06,0.05,0.122,1.7,,,Ⅲ
2024-07-19T04:00:00+08:00,1721332800,27.7,7.58,3.65,349.4,131.5,4.86,0.094,0.106,1.66,,,Ⅳ
2024-07-19T08:00:00+08:00,1721347200,27.5,7.58,3.56,346.8,134.5,5.09,0.082,0.097,1.51,,,Ⅳ
2024-07-19T12:00:00+08:00,1721361600,28.4,7.64,4.37,348.1,134.0,4.88,0.073,0.094,1.57,,,Ⅳ
2024-07-19T16:00:00+08:00,1721376000,29.3,7.74,5.32,344.9,133.7,4.89,0.055,,1.49,,,
2024-07-20T00:00:00+08:00,1721404800,28.9,7.72,4.9,345.4,136.8,4.84,0.052,,1.48,,,
2024-07-20T04:00:00+08:00,1721419200,28.6,7.66,4.26,348.1,135.1,4.72,0.052,,1.54,,,
2024-07-20T08:00:00+08:00,1721433600,28.8,7.82,5.26,353.4,141.8,4.82,0.056,,1.52,,,
2024-07-20T12:00:00+08:00,1721448000,29.5,7.89,5.58,351.9,136.4,4.94,0.045,0.096,1.51,,,Ⅲ
2024-07-20T16:00:00+08:00,1721462400,30.2,7.94,6.19,347.6,137.8,5.39,0.039,0.115,1.47,,,Ⅲ
2024-07-20T20:00:00+08:00,1721476800,29.5,7.78,5.07,347.7,147.2,4.95,0.047,0.094,1.44,,,Ⅲ
2024-07-21T00:00:00+08:00,1721491200,29.3,7.65,4.42,349.9,150.6,4.82,0.055,0.1,1.42,,,Ⅳ
2024-07-21T04:00:00+08:00,1721505600,28.9,7.58,3.98,354.6,150.1,4.87,0.066,0.094,1.49,,,Ⅳ
2024-07-21T08:00:00+08:00,1721520000,28.9,7.58,3.73,356.2,152.8,4.68,0.068,0.101,1.45,,,Ⅳ
2024-07-21T12:00:00+08:00,1721534400,29.8,7.74,5.54,361.4,151.4,5.04,0.048,0.097,1.49,,,Ⅲ
2024-07-22T04:00:00+08:00,1721592000,29.5,7.6,3.53,367.5,170.5,4.92,0.074,0.096,1.39,,,Ⅳ
2024-07-22T08:00:00+08:00,1721606400,29.5,7.57,3.36,370.8,173.8,5.16,0.088,0.103,1.5,,,Ⅳ
2024-07-22T12:00:00+08:00,1721620800,30.5,7.66,4.65,374.8,174.9,4.8,0.049,0.099,1.45,,,Ⅳ
2024-07-22T16:00:00+08:00,1721635200,31.2,7.74,4.91,357.7,180.8,5.02,0.05,0.107,1.33,,,Ⅳ
2024-07-22T20:00:00+08:00,1721649600,30.9,7.65,4.03,358.5,185.2,4.84,0.065,0.107,1.38,,,Ⅳ
2024-07-23T00:00:00+08:00,1721664000,30.8,8.03,5.8,357.6,198.3,5.12,0.052,0.146,1.3,,,Ⅲ
2024-07-23T04:00:00+08:00,1721678400,30.2,7.65,3.64,359.8,193.3,4.45,0.067,0.109,1.22,,,Ⅳ
2024-07-23T08:00:00+08:00,1721692800,29.8,7.53,3.18,374.4,190.4,4.93,0.081,0.112,1.36,,,Ⅳ
2024-07-23T12:00:00+08:00,1721707200,30.3,7.55,3.38,366.8,196.2,4.58,0.078,0.116,1.12,,,Ⅳ
2024-07-23T16:00:00+08:00,1721721600,31.4,7.64,4.14,405.0,198.0,4.52,0.06,0.104,1.22,,,Ⅳ
2024-07-23T20:00:00+08:00,1721736000,31.1,7.66,3.95,378.5,201.6,4.32,0.056,0.102,1.1,,,Ⅳ
2024-07-24T00:00:00+08:00,1721750400,30.5,7.76,4.53,368.4,207.8,4.68,0.058,0.111,1.13,,,Ⅳ
2024-07-24T04:00:00+08:00,1721764800,30.1,7.59,3.77,362.9,206.0,4.83,0.072,0.11,1.09,,,Ⅳ
2024-07-24T08:00:00+08:00,1721779200,29.7,7.57,3.55,367.3,212.6,5.09,0.079,0.109,1.22,,,Ⅳ
2024-07-24T12:00:00+08:00,1721793600,30.1,7.84,5.84,374.3,214.2,5.01,0.055,0.114,1.11,,,Ⅲ
2024-07-24T16:00:00+08:00,1721808000,30.7,8.3,7.99,363.7,227.6,7.1,0.073,0.163,1.45,,,Ⅳ
2024-07-24T20:00:00+08:00,1721822400,30.1,8.07,6.59,366.7,228.1,7.18,0.076,0.181,1.57,,,Ⅳ
2024-07-25T00:00:00+08:00,1721836800,29.8,7.83,5.53,365.1,219.0,6.66,0.07,0.16,1.68,,,Ⅳ
2024-07-25T04:00:00+08:00,1721851200,29.3,7.68,4.75,360.0,208.5,5.29,0.062,0.136,1.18,,,Ⅳ
2024-07-25T08:00:00+08:00,1721865600,29.3,7.64,4.56,363.5,215.8,5.58,0.078,0.128,1.27,,,Ⅳ
2024-07-25T12:00:00+08:00,1721880000,29.3,7.82,6.17,360.6,230.7,7.78,0.099,0.188,1.97,,,Ⅳ
2024-07-25T16:00:00+08:00,1721894400,29.9,8.23,7.19,360.2,162.2,6.27,0.085,0.146,1.26,,,Ⅳ
2024-07-25T20:00:00+08:00,1721908800,29.3,8.04,6.2,361.4,210.4,6.7,0.137,0.184,,,,Ⅳ
2024-07-26T00:00:00+08:00,1721923200,28.9,7.98,5.96,361.1,189.2,7.02,0.107,0.185,1.37,,,Ⅳ
2024-07-26T04:00:00+08:00,1721937600,28.9,7.85,5.4,367.7,161.4,6.06,0.072,0.143,1.26,,,Ⅳ
2024-07-26T08:00:00+08:00,1721952000,28.6,7.78,4.98,375.3,172.1,5.45,0.079,0.132,1.06,,,Ⅳ
2024-07-26T12:00:00+08:00,1721966400,27.5,7.94,5.9,361.8,282.4,8.5,0.264,0.255,,,,Ⅳ
2024-07-26T20:00:00+08:00,1721995200,27.0,7.9,5.8,361.7,298.6,10.06,0.281,0.275,,,,Ⅴ
2024-07-27T00:00:00+08:00,1722009600,26.3,7.97,6.17,361.4,342.3,8.34,0.344,0.299,,,,Ⅳ
2024-07-27T04:00:00+08:00,1722024000,26.2,7.96,6.12,390.9,310.6,7.46,0.332,0.26,,,,Ⅳ
2024-07-27T08:00:00+08:00,1722038400,26.1,7.91,5.93,354.7,316.2,6.96,0.399,0.266,,,,Ⅳ
2024-07-27T16:00:00+08:00,1722067200,26.9,7.92,6.01,349.9,315.0,5.96,0.31,0.185,,,,Ⅲ
2024-07-27T20:00:00+08:00,1722081600,26.8,7.89,5.59,346.9,338.9,5.66,0.344,0.168,1.1,,,Ⅲ
2024-07-28T04:00:00+08:00,1722110400,26.3,7.84,5.54,342.9,299.8,5.16,0.262,0.152,1.16,,,Ⅲ
2024-07-29T04:00:00+08:00,1722196800,27.2,7.68,4.49,431.2,236.2,5.48,0.107,0.106,1.41,,,Ⅳ
2024-07-29T12:00:00+08:00,1722225600,27.4,7.68,5.5,443.0,232.1,5.36,0.077,0.098,1.68,,,Ⅳ
2024-07-29T16:00:00+08:00,1722240000,28.9,7.7,4.61,455.1,231.0,5.16,0.087,0.097,1.59,,,Ⅳ
2024-07-29T20:00:00+08:00,1722254400,28.8,7.71,4.22,404.8,231.1,5.55,0.086,0.098,1.65,,,Ⅳ
2024-07-30T00:00:00+08:00,1722268800,28.3,7.73,4.45,409.8,219.4,5.03,0.075,0.093,1.72,,,Ⅳ
2024-07-30T04:00:00+08:00,1722283200,27.9,7.65,4.31,424.8,210.3,4.98,0.073,0.11,1.7,,,Ⅳ
2024-07-30T08:00:00+08:00,1722297600,27.8,7.65,4.05,498.9,203.4,4.98,0.069,0.095,1.67,,,Ⅳ
2024-07-30T16:00:00+08:00,1722326400,29.4,7.83,5.51,413.7,202.1,5.28,0.062,0.096,1.47,,,Ⅳ
2024-07-31T08:00:00+08:00,1722384000,28.3,7.77,4.63,408.0,196.0,,0.074,0.101,0.99,,,
2024-07-31T16:00:00+08:00,1722412800,29.9,7.88,5.66,379.6,190.6,5.08,0.069,0.09,1.06,,,Ⅲ
2024-07-31T20:00:00+08:00,1722427200,29.7,7.82,5.19,382.4,191.2,5.06,0.07,0.088,1.15,,,Ⅲ
2024-08-01T00:00:00+08:00,1722441600,29.4,7.81,4.92,394.8,194.0,4.91,0.073,0.1,1.23,,,Ⅳ
2024-08-01T04:00:00+08:00,1722456000,29.2,7.76,4.39,424.1,201.4,4.6,0.083,0.097,1.28,,,Ⅳ
2024-08-01T08:00:00+08:00,1722470400,29.1,7.73,4.11,406.0,191.9,4.37,0.074,0.098,1.27,,,Ⅳ
2024-08-01T12:00:00+08:00,1722484800,29.8,7.79,4.82,404.7,186.7,4.72,0.06,0.096,1.34,,,Ⅳ
2024-08-01T16:00:00+08:00,1722499200,30.6,7.85,5.23,411.2,188.1,4.79,0.054,0.102,1.36,,,Ⅲ
2024-08-01T20:00:00+08:00,1722513600,30.4,7.82,4.92,418.2,189.9,4.79,0.058,0.096,1.46,,,Ⅳ
2024-08-02T00:00:00+08:00,1722528000,30.1,7.76,4.51,427.8,193.2,4.04,0.064,0.099,1.51,,,Ⅳ
2024-08-02T08:00:00+08:00,1722556800,29.6,7.79,4.33,402.6,189.6,4.51,0.062,0.097,1.45,,,Ⅳ
2024-08-02T12:00:00+08:00,1722571200,30.6,7.85,5.01,404.2,183.9,4.42,0.052,0.098,1.37,,,Ⅲ
2024-08-02T16:00:00+08:00,1722585600,31.3,7.93,5.45,404.0,182.7,4.49,0.052,0.093,1.35,,,Ⅲ
2024-08-02T20:00:00+08:00,1722600000,31.1,7.91,5.35,403.3,186.9,4.47,0.055,0.097,1.4,,,Ⅲ
2024-08-03T00:00:00+08:00,1722614400,30.7,7.82,4.54,421.2,188.1,4.3,0.056,0.104,1.38,,,Ⅳ
2024-08-03T04:00:00+08:00,1722628800,30.3,7.79,4.2,405.9,186.7,4.12,0.056,0.098,1.34,,,Ⅳ
2024-08-03T08:00:00+08:00,1722643200,30.3,7.77,4.04,414.7,184.5,4.18,0.053,0.093,1.29,,,Ⅳ
2024-08-03T12:00:00+08:00,1722657600,31.5,7.82,4.56,399.5,180.1,4.3,0.046,0.101,1.31,,,Ⅳ
2024-08-03T16:00:00+08:00,1722672000,31.9,7.9,4.99,400.4,181.5,4.29,0.046,0.092,1.26,,,Ⅳ
2024-08-03T20:00:00+08:00,1722686400,31.5,7.89,5.02,398.2,189.6,4.22,0.054,0.106,1.3,,,Ⅲ
2024-08-04T00:00:00+08:00,1722700800,31.3,8.02,5.12,411.5,188.6,4.14,0.055,0.098,1.31,,,Ⅲ
2024-08-04T04:00:00+08:00,1722715200,30.6,7.76,3.96,420.2,190.3,3.94,0.055,0.096,1.42,,,Ⅳ
2024-08-05T04:00:00+08:00,1722801600,30.5,7.73,4.31,425.9,185.4,4.21,0.049,0.105,1.82,,,Ⅳ
2024-08-05T08:00:00+08:00,1722816000,30.2,7.72,3.92,414.0,187.3,3.86,0.051,0.106,1.71,,,Ⅳ
2024-08-05T16:00:00+08:00,1722844800,31.4,7.79,4.84,401.6,195.9,4.25,0.048,0.095,1.68,,,Ⅳ
2024-08-05T20:00:00+08:00,1722859200,24.9,8.17,7.72,,230.3,,0.043,0.808,,,,
2024-08-06T00:00:00+08:00,1722873600,30.2,7.73,4.12,423.8,194.8,3.98,0.051,0.108,2.02,,,Ⅳ
2024-08-06T04:00:00+08:00,1722888000,30.0,7.71,3.93,420.6,199.3,3.86,0.053,0.108,1.9,,,Ⅳ
2024-08-06T08:00:00+08:00,1722902400,29.6,7.71,4.15,415.5,200.2,3.93,0.059,0.102,1.84,,,Ⅳ
2024-08-06T12:00:00+08:00,1722916800,30.5,7.8,5.74,376.5,201.8,4.26,0.048,0.102,1.72,,,Ⅲ
2024-08-06T16:00:00+08:00,1722931200,31.4,7.72,5.38,396.4,141.5,3.73,0.053,0.106,1.5,,,Ⅲ
2024-08-06T20:00:00+08:00,1722945600,31.3,7.85,4.7,402.0,141.4,3.53,0.045,0.093,1.58,,,Ⅳ
2024-08-07T00:00:00+08:00,1722960000,30.7,7.82,4.4,412.9,145.8,3.71,0.051,0.09,1.7,,,Ⅳ
2024-08-07T04:00:00+08:00,1722974400,30.1,7.78,4.03,416.7,144.7,3.61,0.054,0.077,1.6,,,Ⅳ
2024-08-07T12:00:00+08:00,1723003200,30.4,7.79,4.61,401.0,147.9,3.96,0.052,0.075,1.45,,,Ⅳ
2024-08-07T16:00:00+08:00,1723017600,31.4,7.87,5.4,396.4,145.7,3.79,0.045,0.079,1.46,,,Ⅲ
2024-08-07T20:00:00+08:00,1723032000,31.1,7.79,4.93,405.7,147.2,3.24,0.043,0.078,1.53,,,Ⅳ
2024-08-08T00:00:00+08:00,1723046400,30.7,7.74,4.4,423.1,145.2,3.41,0.051,0.079,1.74,,,Ⅳ
2024-08-08T20:00:00+08:00,1723118400,31.0,7.87,5.14,392.3,160.0,3.68,0.054,0.092,1.55,,,Ⅲ
2024-08-09T00:00:00+08:00,1723132800,30.4,7.83,4.76,402.0,167.9,3.81,0.061,0.089,1.54,,,Ⅳ
2024-08-10T12:00:00+08:00,1723262400,30.6,7.83,4.94,403.0,194.3,3.75,0.068,0.095,1.7,,,Ⅳ
2024-08-11T16:00:00+08:00,1723363200,31.1,7.86,5.17,389.9,217.2,3.76,0.067,0.094,1.66,,,Ⅲ
2024-08-11T20:00:00+08:00,1723377600,30.9,7.8,4.89,397.1,219.9,3.76,0.073,0.089,1.74,,,Ⅳ
2024-08-12T00:00:00+08:00,1723392000,30.4,7.81,4.76,400.2,227.7,4.19,0.103,0.093,1.72,,,Ⅳ
2024-08-12T08:00:00+08:00,1723420800,29.9,7.81,4.27,395.9,220.9,4.32,0.075,0.102,1.69,,,Ⅳ
2024-08-13T00:00:00+08:00,1723478400,30.3,7.77,4.14,408.7,159.2,3.85,0.098,0.102,1.77,,,Ⅳ
2024-08-13T08:00:00+08:00,1723507200,29.8,7.77,3.89,386.6,156.9,4.23,0.097,0.107,1.72,,,Ⅳ
2024-08-13T16:00:00+08:00,1723536000,29.4,7.78,4.22,386.9,168.0,3.99,0.103,0.105,1.62,,,Ⅳ
2024-08-13T20:00:00+08:00,1723550400,29.3,7.74,3.88,389.7,167.0,3.94,0.126,0.109,1.7,,,Ⅳ
2024-08-14T04:00:00+08:00,1723579200,28.9,7.73,3.35,393.5,178.3,4.42,0.149,0.109,1.75,,,Ⅳ
2024-08-14T12:00:00+08:00,1723608000,29.5,7.82,4.09,385.4,177.6,4.36,0.093,0.111,1.58,,,Ⅳ
2024-08-14T16:00:00+08:00,1723622400,30.1,7.86,4.78,387.2,179.4,4.11,0.096,0.11,1.62,,,Ⅳ
2024-08-14T20:00:00+08:00,1723636800,29.7,7.83,4.7,380.5,190.0,4.2,0.11,0.11,1.68,,,Ⅳ
2024-08-15T04:00:00+08:00,1723665600,29.1,7.77,3.8,399.5,200.7,4.82,0.127,0.117,1.36,,,Ⅳ
2024-08-15T12:00:00+08:00,1723694400,29.1,7.76,4.66,385.0,215.8,4.2,0.122,0.114,1.56,,,Ⅳ
2024-08-15T16:00:00+08:00,1723708800,29.3,7.8,4.63,387.7,218.9,4.21,0.112,0.121,1.55,,,Ⅳ
2024-08-15T20:00:00+08:00,1723723200,29.0,7.8,4.83,387.6,226.3,4.75,0.136,0.117,1.68,,,Ⅳ
2024-08-16T04:00:00+08:00,1723752000,28.2,7.77,4.85,410.2,229.4,4.76,0.126,0.126,1.46,,,Ⅳ
2024-08-16T08:00:00+08:00,1723766400,28.1,7.76,4.33,412.1,232.2,4.45,0.13,0.118,1.38,,,Ⅳ
2024-08-16T12:00:00+08:00,1723780800,28.8,7.76,4.45,396.7,235.5,4.24,0.141,0.113,1.49,,,Ⅳ
2024-08-16T16:00:00+08:00,1723795200,29.3,7.81,5.19,391.8,233.9,4.61,0.098,0.118,1.6,,,Ⅲ
2024-08-16T20:00:00+08:00,1723809600,29.0,7.82,4.95,388.0,242.3,4.89,0.121,0.117,1.69,,,Ⅳ
2024-08-17T04:00:00+08:00,1723838400,28.2,7.76,4.32,408.5,246.4,5.12,0.126,0.123,1.44,,,Ⅳ
2024-08-17T08:00:00+08:00,1723852800,28.0,7.73,4.39,412.2,244.4,4.54,0.112,0.129,1.38,,,Ⅳ
2024-08-17T12:00:00+08:00,1723867200,28.8,7.76,4.68,407.4,245.6,4.75,0.09,0.124,1.52,,,Ⅳ
2024-08-17T16:00:00+08:00,1723881600,29.5,7.86,5.36,404.3,247.8,4.79,0.087,0.116,1.63,,,Ⅲ
2024-08-17T20:00:00+08:00,1723896000,29.3,7.82,4.94,400.4,250.0,4.48,0.092,0.114,1.63,,,Ⅳ
2024-08-18T16:00:00+08:00,1723968000,29.6,7.82,4.95,396.0,155.2,4.75,0.078,0.12,1.57,,,Ⅳ
2024-08-18T20:00:00+08:00,1723982400,29.3,7.8,5.03,392.2,156.0,4.47,0.066,0.115,1.64,,,Ⅲ
2024-08-19T00:00:00+08:00,1723996800,29.1,7.78,4.72,407.0,160.5,4.37,0.079,0.118,1.64,,,Ⅳ
2024-08-19T04:00:00+08:00,1724011200,28.6,7.75,4.09,411.4,164.0,4.35,0.09,0.116,1.64,,,Ⅳ
2024-08-19T08:00:00+08:00,1724025600,28.5,7.71,4.27,408.6,159.7,4.1,0.078,0.117,1.58,,,Ⅳ
2024-08-19T12:00:00+08:00,1724040000,29.3,7.8,4.76,402.0,160.6,4.05,0.059,0.118,1.68,,,Ⅳ
2024-08-19T16:00:00+08:00,1724054400,29.3,7.83,5.16,391.9,157.2,4.03,0.049,0.11,1.7,,,Ⅲ
2024-08-19T20:00:00+08:00,1724068800,29.3,7.81,4.78,391.0,166.3,3.94,0.063,0.108,1.79,,,Ⅳ
2024-08-20T00:00:00+08:00,1724083200,28.8,7.77,4.61,411.3,173.5,4.4,0.078,0.109,1.77,,,Ⅳ
2024-08-20T04:00:00+08:00,1724097600,28.5,7.75,4.63,409.0,174.0,3.96,0.074,0.127,1.67,,,Ⅳ
2024-08-20T08:00:00+08:00,1724112000,28.2,7.74,4.53,412.8,175.1,3.94,0.067,0.119,1.73,,,Ⅳ
2024-08-20T12:00:00+08:00,1724126400,29.0,7.8,4.58,390.2,185.1,4.14,0.063,0.111,1.79,,,Ⅳ
2024-08-21T00:00:00+08:00,1724169600,27.6,7.72,4.67,389.9,207.8,4.38,0.161,0.117,1.66,,,Ⅳ
2024-08-21T04:00:00+08:00,1724184000,27.4,7.71,4.41,397.2,212.1,4.62,0.159,0.114,1.79,,,Ⅳ
2024-08-21T08:00:00+08:00,1724198400,27.3,7.71,4.1,381.7,217.0,4.7,0.197,0.123,1.79,,,Ⅳ
2024-08-21T12:00:00+08:00,1724212800,27.8,7.75,4.7,370.1,225.5,5.05,0.148,0.118,1.5,,,Ⅳ
2024-08-21T16:00:00+08:00,1724227200,27.5,7.73,5.05,378.7,234.2,4.48,0.175,0.128,1.45,,,Ⅲ
2024-08-21T20:00:00+08:00,1724241600,27.3,7.71,4.84,391.4,235.6,4.61,0.214,0.123,1.61,,,Ⅳ
2024-08-22T00:00:00+08:00,1724256000,26.9,7.69,4.35,390.4,235.2,4.81,0.226,0.124,1.65,,,Ⅳ
2024-08-22T04:00:00+08:00,1724270400,26.4,7.7,4.13,397.3,239.4,4.98,0.205,0.126,1.66,,,Ⅳ
2024-08-22T12:00:00+08:00,1724299200,27.1,7.73,4.56,376.1,239.8,5.02,0.145,0.127,1.44,,,Ⅳ
2024-08-22T16:00:00+08:00,1724313600,28.2,7.78,4.67,377.5,247.2,5.06,0.138,0.127,1.48,,,Ⅳ
2024-08-22T20:00:00+08:00,1724328000,27.8,7.75,4.66,391.2,254.1,5.18,0.176,0.126,1.48,,,Ⅳ
2024-08-23T00:00:00+08:00,1724342400,27.6,7.71,4.33,383.2,258.4,5.48,0.191,0.126,1.39,,,Ⅳ
2024-08-23T04:00:00+08:00,1724356800,27.2,7.69,4.16,384.0,258.6,5.61,0.187,0.133,1.27,,,Ⅳ
2024-08-23T08:00:00+08:00,1724371200,27.3,7.69,4.11,376.5,254.3,5.13,0.152,0.127,1.21,,,Ⅳ
2024-08-23T12:00:00+08:00,1724385600,28.0,7.72,4.2,364.9,272.2,5.33,0.191,0.127,1.25,,,Ⅳ
2024-08-23T16:00:00+08:00,1724400000,29.1,7.81,4.96,360.6,259.4,5.25,0.113,0.123,1.18,,,Ⅳ
2024-08-23T20:00:00+08:00,1724414400,29.1,7.81,4.63,374.2,265.1,5.56,0.113,0.118,1.1,,,Ⅳ
2024-08-24T00:00:00+08:00,1724428800,28.7,7.8,4.71,373.4,267.2,6.1,0.122,0.117,1.1,,,Ⅳ
2024-08-24T08:00:00+08:00,1724457600,28.0,7.73,4.42,367.1,259.4,5.0,0.09,0.119,1.13,,,Ⅳ
2024-08-24T12:00:00+08:00,1724472000,28.7,7.8,5.51,358.3,256.3,5.71,0.079,0.125,1.23,,,Ⅲ
2024-08-24T16:00:00+08:00,1724486400,29.7,7.91,5.62,355.7,259.1,5.66,0.083,0.113,1.18,,,Ⅲ
2024-08-24T20:00:00+08:00,1724500800,29.7,7.89,5.52,364.7,162.6,5.71,0.091,0.116,1.18,,,Ⅲ
2024-08-25T16:00:00+08:00,1724572800,30.5,8.14,6.01,344.8,180.9,,0.077,0.134,0.99,,,
2024-08-25T20:00:00+08:00,1724587200,30.3,8.11,5.84,350.2,188.1,5.86,0.079,0.124,,,,Ⅲ
2024-08-26T00:00:00+08:00,1724601600,29.5,8.08,5.41,362.8,178.2,6.29,0.085,0.113,,,,Ⅳ
2024-08-26T04:00:00+08:00,1724616000,29.0,7.92,5.0,353.5,186.9,5.81,0.094,0.112,,,,Ⅲ
2024-08-26T08:00:00+08:00,1724630400,28.7,7.88,4.71,361.4,186.9,5.63,0.085,0.118,0.18,,,Ⅳ
2024-08-26T12:00:00+08:00,1724644800,29.3,7.98,5.51,353.8,187.9,5.8,0.07,0.113,0.64,,,Ⅲ
2024-08-26T16:00:00+08:00,1724659200,29.8,8.06,5.84,349.7,195.3,5.91,0.07,0.096,1.03,,,Ⅲ
2024-08-26T20:00:00+08:00,1724673600,29.6,7.98,5.61,355.6,202.2,5.88,0.069,0.093,1.09,,,Ⅲ
2024-08-27T00:00:00+08:00,1724688000,29.3,7.95,5.47,372.8,196.3,5.75,0.061,0.101,1.13,,,Ⅲ
2024-08-27T04:00:00+08:00,1724702400,29.1,7.85,4.99,370.0,198.0,5.34,0.069,0.107,1.16,,,Ⅳ
2024-08-27T08:00:00+08:00,1724716800,28.9,7.8,4.85,372.5,201.4,5.67,0.072,0.1,1.2,,,Ⅳ
2024-08-27T12:00:00+08:00,1724731200,28.8,7.84,5.25,357.8,206.4,5.65,0.064,0.11,1.3,,,Ⅲ
2024-08-27T16:00:00+08:00,1724745600,28.6,7.83,5.16,358.6,212.2,5.73,0.071,0.113,1.32,,,Ⅲ
2024-08-27T20:00:00+08:00,1724760000,28.0,8.0,4.45,378.7,216.0,5.41,0.086,0.115,1.4,,,Ⅳ
2024-08-28T00:00:00+08:00,1724774400,27.8,8.0,4.87,373.6,218.4,5.62,0.093,0.123,1.51,,,Ⅳ
2024-08-28T04:00:00+08:00,1724788800,27.4,7.75,4.7,368.8,216.1,5.61,0.096,0.12,1.46,,,Ⅳ
2024-08-28T08:00:00+08:00,1724803200,27.0,7.74,4.1,366.7,215.7,5.73,0.108,0.119,1.31,,,Ⅳ
2024-08-28T12:00:00+08:00,1724817600,27.4,8.0,4.32,355.8,229.6,5.78,0.107,0.121,1.24,,,Ⅳ
2024-08-28T16:00:00+08:00,1724832000,27.8,8.0,4.51,348.1,231.3,5.61,0.113,0.115,1.28,,,Ⅳ
2024-08-28T20:00:00+08:00,1724846400,27.6,8.0,4.53,362.1,248.9,5.98,0.138,0.118,1.28,,,Ⅴ
2024-08-29T00:00:00+08:00,1724860800,27.1,8.0,4.21,362.3,236.4,5.37,0.125,0.118,1.3,,,Ⅳ
2024-08-29T04:00:00+08:00,1724875200,26.8,8.0,3.96,359.9,238.6,5.61,0.144,0.113,1.25,,,Ⅳ
2024-08-29T08:00:00+08:00,1724889600,26.7,8.0,3.99,359.8,239.7,5.56,0.153,0.121,1.17,,,Ⅳ
2024-08-29T12:00:00+08:00,1724904000,27.0,8.0,4.25,363.1,241.7,5.84,0.144,0.127,1.08,,,Ⅳ
2024-08-29T16:00:00+08:00,1724918400,28.3,8.0,4.22,360.2,240.8,5.53,0.101,0.117,1.02,,,Ⅴ
2024-08-29T20:00:00+08:00,1724932800,28.1,8.0,4.29,346.4,241.8,5.69,0.145,0.121,1.14,,,Ⅴ
2024-08-30T00:00:00+08:00,1724947200,27.4,8.0,4.32,355.3,239.6,5.66,0.117,0.121,1.14,,,Ⅴ
2024-08-30T04:00:00+08:00,1724961600,27.3,8.0,3.69,363.7,238.4,5.29,0.119,0.111,1.14,,,Ⅴ
2024-08-30T08:00:00+08:00,1724976000,27.1,8.0,3.68,367.2,232.7,5.69,0.103,0.117,1.13,,,Ⅴ
2024-08-30T12:00:00+08:00,1724990400,27.7,8.0,4.21,368.8,236.7,5.21,0.083,0.124,1.13,,,Ⅴ
2024-08-30T16:00:00+08:00,1725004800,28.8,8.0,4.91,368.8,236.0,5.64,0.068,0.121,1.21,,,Ⅴ
2024-09-02T04:00:00+08:00,1725220800,28.7,8.0,3.99,426.5,225.1,4.35,0.046,0.11,1.45,,,Ⅴ
2024-09-02T08:00:00+08:00,1725235200,28.5,8.0,3.82,415.3,230.6,5.06,0.058,0.108,1.63,,,Ⅳ
2024-09-02T12:00:00+08:00,1725249600,29.2,8.0,3.88,407.9,230.0,4.12,0.043,0.109,1.59,,,Ⅴ
2024-09-02T16:00:00+08:00,1725264000,29.3,8.0,4.45,411.0,239.2,4.75,0.051,0.11,1.59,,,Ⅳ
2024-09-02T20:00:00+08:00,1725278400,29.1,8.0,4.3,424.9,243.6,4.69,0.074,0.109,1.64,,,Ⅳ
2024-09-03T00:00:00+08:00,1725292800,28.6,8.0,3.78,431.8,242.7,4.42,0.087,0.112,1.74,,,Ⅳ
2024-09-03T04:00:00+08:00,1725307200,28.3,8.0,3.44,409.5,243.9,4.79,0.075,0.115,1.73,,,Ⅳ
2024-09-03T08:00:00+08:00,1725321600,27.9,8.0,3.61,423.4,242.0,4.66,0.074,0.109,1.58,,,Ⅴ
2024-09-03T12:00:00+08:00,1725336000,27.9,8.0,3.74,410.6,243.4,5.08,0.074,0.11,1.62,,,Ⅳ
2024-09-03T16:00:00+08:00,1725350400,28.1,7.0,4.67,408.2,143.7,4.76,0.086,0.109,1.53,,,Ⅴ
2024-09-03T20:00:00+08:00,1725364800,28.2,8.0,4.52,410.0,152.3,4.48,0.072,0.106,1.51,,,Ⅳ
2024-09-04T00:00:00+08:00,1725379200,27.8,8.0,4.04,414.3,155.2,4.6,0.083,0.105,1.61,,,Ⅳ
2024-09-04T04:00:00+08:00,1725393600,27.3,8.0,4.44,409.0,155.5,4.75,0.079,0.1,1.56,,,Ⅳ
2024-09-04T08:00:00+08:00,1725408000,27.2,8.0,4.52,409.9,154.1,4.38,0.076,0.12,1.51,,,Ⅳ
2024-09-04T12:00:00+08:00,1725422400,27.8,8.0,4.21,418.0,154.7,4.24,0.056,0.113,1.62,,,Ⅳ
2024-09-04T16:00:00+08:00,1725436800,28.6,8.0,4.57,413.5,158.4,4.3,0.056,0.111,1.77,,,Ⅳ
2024-09-04T20:00:00+08:00,1725451200,28.5,8.0,4.19,418.1,172.3,4.24,0.079,0.105,1.72,,,Ⅳ
2024-09-05T00:00:00+08:00,1725465600,28.2,8.0,4.39,426.1,164.6,4.34,0.062,0.1,1.69,,,Ⅳ
2024-09-05T04:00:00+08:00,1725480000,27.6,8.0,4.17,423.9,164.4,4.15,0.067,0.105,1.69,,,Ⅳ
2024-09-05T08:00:00+08:00,1725494400,27.5,8.0,3.99,418.4,164.5,4.26,0.069,0.097,1.64,,,Ⅳ
2024-09-05T12:00:00+08:00,1725508800,28.2,8.0,4.39,424.6,165.4,3.95,0.057,0.093,1.62,,,Ⅳ
2024-09-05T16:00:00+08:00,1725523200,28.9,8.0,4.89,421.5,173.6,4.2,0.057,0.099,1.71,,,Ⅳ
2024-09-05T20:00:00+08:00,1725537600,28.8,8.0,4.7,419.5,176.9,3.81,0.061,0.098,1.7,,,Ⅳ
2024-09-08T16:00:00+08:00,1725782400,29.2,8.0,4.95,411.1,198.2,4.11,0.07,0.112,1.54,,,Ⅳ
2024-09-08T20:00:00+08:00,1725796800,28.9,8.0,5.16,404.8,196.8,4.2,0.065,0.109,1.46,,,Ⅲ
2024-09-09T00:00:00+08:00,1725811200,28.7,8.0,4.28,419.0,188.1,5.07,0.072,0.112,1.46,,,Ⅳ
2024-09-09T04:00:00+08:00,1725825600,28.1,8.0,4.8,433.3,196.1,5.53,0.077,0.112,1.48,,,Ⅳ
2024-09-09T12:00:00+08:00,1725854400,28.7,8.0,5.34,427.4,188.6,4.21,0.051,0.106,1.41,,,Ⅲ
2024-09-09T16:00:00+08:00,1725868800,29.3,8.0,5.59,424.3,191.4,4.12,0.05,0.106,1.52,,,Ⅲ
2024-09-09T20:00:00+08:00,1725883200,29.1,8.0,5.28,422.8,205.0,4.77,0.068,0.11,1.39,,,Ⅲ
2024-09-10T04:00:00+08:00,1725912000,28.3,8.0,4.63,442.5,206.0,4.01,0.083,0.103,1.52,,,Ⅳ
2024-09-10T08:00:00+08:00,1725926400,27.9,8.0,4.92,432.6,208.6,4.26,0.068,0.102,1.52,,,Ⅳ
2024-09-10T12:00:00+08:00,1725940800,28.5,8.0,4.98,432.8,206.3,3.82,0.057,0.098,1.48,,,Ⅳ
2024-09-10T16:00:00+08:00,1725955200,28.4,8.0,4.58,440.4,172.1,4.23,0.065,0.098,1.52,,,Ⅳ
2024-09-10T20:00:00+08:00,1725969600,28.6,8.0,4.26,426.1,172.8,3.97,0.071,0.101,1.5,,,Ⅳ
2024-09-11T04:00:00+08:00,1725998400,27.2,8.0,4.7,376.7,192.7,4.62,0.161,0.111,1.49,,,Ⅳ
2024-09-11T08:00:00+08:00,1726012800,27.3,8.0,4.9,394.2,201.6,5.58,0.157,0.108,1.4,,,Ⅳ
2024-09-11T12:00:00+08:00,1726027200,27.3,8.0,4.7,365.9,178.9,5.19,0.241,0.109,1.28,,,Ⅳ
2024-09-11T16:00:00+08:00,1726041600,27.3,8.0,4.87,352.1,187.8,5.13,0.208,0.112,1.4,,,Ⅳ
2024-09-11T20:00:00+08:00,1726056000,27.4,8.0,5.25,335.2,203.6,5.96,0.18,0.121,1.37,,,Ⅲ
2024-09-12T04:00:00+08:00,1726084800,27.0,8.0,4.53,279.6,184.5,5.4,0.205,0.132,1.62,,,Ⅳ
2024-09-12T08:00:00+08:00,1726099200,27.1,8.0,4.49,296.8,188.5,5.41,0.19,0.14,1.58,,,Ⅳ
2024-09-12T12:00:00+08:00,1726113600,27.8,8.0,4.52,327.2,180.3,5.73,0.133,0.141,1.6,,,Ⅳ
2024-09-12T16:00:00+08:00,1726128000,28.6,8.0,5.03,351.0,181.7,5.52,0.102,0.136,1.52,,,Ⅲ
2024-09-12T20:00:00+08:00,1726142400,28.7,8.0,5.5,333.3,175.4,5.5,0.09,0.141,1.5,,,Ⅲ
2024-09-13T04:00:00+08:00,1726171200,28.2,8.0,4.7,381.8,180.4,4.7,0.1,0.13,1.55,,,Ⅳ
2024-09-13T16:00:00+08:00,1726214400,29.8,8.0,4.8,368.5,188.8,5.0,0.1,0.141,1.54,,,Ⅳ
2024-09-13T20:00:00+08:00,1726228800,29.7,8.0,4.3,372.7,193.1,4.8,0.1,0.135,1.42,,,Ⅳ
2024-09-14T04:00:00+08:00,1726257600,29.0,8.0,4.3,363.0,199.6,4.9,0.1,0.125,1.22,,,Ⅳ
2024-09-14T08:00:00+08:00,1726272000,29.0,8.0,4.6,355.5,204.3,5.0,0.09,0.122,1.06,,,Ⅳ
2024-09-14T12:00:00+08:00,1726286400,29.4,8.0,4.9,338.4,202.2,5.1,0.06,0.134,0.96,,,Ⅳ
2024-09-14T16:00:00+08:00,1726300800,30.5,8.0,5.0,328.2,200.9,5.3,0.06,0.138,0.86,,,Ⅲ
2024-09-14T20:00:00+08:00,1726315200,30.4,8.0,4.7,331.6,205.1,5.2,0.06,0.13,0.82,,,Ⅳ
2024-09-15T04:00:00+08:00,1726344000,29.3,8.0,4.4,327.5,210.2,4.9,0.09,0.128,0.78,,,Ⅳ
2024-09-15T08:00:00+08:00,1726358400,29.2,8.0,4.0,325.4,214.0,5.0,0.09,0.139,0.77,,,Ⅳ
2024-09-15T12:00:00+08:00,1726372800,29.9,8.0,4.7,325.5,205.3,5.2,0.05,0.14,0.75,,,Ⅳ
2024-09-15T16:00:00+08:00,1726387200,30.6,8.0,5.0,322.7,206.3,5.2,0.06,0.127,0.69,,,Ⅲ
2024-09-15T20:00:00+08:00,1726401600,30.0,8.0,4.8,320.3,206.6,5.2,0.06,0.13,0.71,,,Ⅳ
2024-09-16T04:00:00+08:00,1726430400,29.0,8.0,4.3,326.8,218.5,4.9,0.08,0.125,0.66,,,Ⅳ
2024-09-16T08:00:00+08:00,1726444800,28.4,8.0,4.7,302.7,224.1,5.2,0.11,0.137,0.7,,,Ⅳ
2024-09-16T12:00:00+08:00,1726459200,28.7,8.0,7.0,2.1,320.7,,0.18,0.358,,,,
2024-09-17T11:14:00+08:00,1726542840,,,,,,,,,,,,
2024-09-17T15:15:00+08:00,1726557300,,,,,,,,,,,,
2024-09-17T16:00:00+08:00,1726560000,26.6,7.0,4.8,237.1,206.4,5.5,0.17,0.176,2.23,,,Ⅳ
2024-09-17T20:00:00+08:00,1726574400,26.3,7.0,4.7,247.4,204.2,5.3,0.17,0.176,2.22,,,Ⅳ
2024-09-18T04:00:00+08:00,1726603200,25.8,7.0,4.2,285.7,207.0,5.1,0.22,0.162,2.65,,,Ⅳ
2024-09-18T12:00:00+08:00,1726632000,26.1,7.0,3.8,277.8,205.2,5.2,0.21,0.168,2.88,,,Ⅳ
2024-09-18T16:00:00+08:00,1726646400,26.6,7.0,3.9,278.5,204.7,5.1,0.18,0.169,2.7,,,Ⅳ
2024-09-19T04:00:00+08:00,1726689600,26.1,7.0,3.8,278.6,213.2,5.0,0.16,0.146,2.06,,,Ⅳ
2024-09-20T04:00:00+08:00,1726776000,26.1,7.0,3.6,284.2,162.6,5.3,0.12,0.12,1.42,,,Ⅳ
2024-09-20T08:00:00+08:00,1726790400,26.1,7.0,3.6,304.8,150.7,5.2,0.12,0.118,1.75,,,Ⅳ
2024-09-20T12:00:00+08:00,1726804800,26.1,7.0,3.5,279.7,149.5,4.9,0.12,0.112,2.18,,,Ⅳ
2024-09-20T16:00:00+08:00,1726819200,26.3,8.0,4.1,291.1,150.1,4.7,0.09,0.112,1.7,,,Ⅳ
2024-09-21T00:00:00+08:00,1726848000,26.0,8.0,3.9,297.7,153.5,4.7,0.1,0.112,1.36,,,Ⅳ
2024-09-21T08:00:00+08:00,1726876800,25.8,8.0,3.8,293.8,163.8,5.0,0.11,0.113,1.27,,,Ⅳ
2024-09-21T09:00:00+08:00,1726880400,,,,,,,,,,,,
2024-09-21T12:00:00+08:00,1726891200,25.9,8.0,4.2,295.9,170.4,4.9,0.1,0.107,1.29,,,Ⅳ
2024-09-21T20:00:00+08:00,1726920000,25.2,8.0,5.0,294.3,192.8,4.9,0.13,0.131,1.21,,,Ⅲ
2024-09-22T00:00:00+08:00,1726934400,24.9,8.0,5.0,290.7,195.2,4.8,0.13,0.11,1.14,,,Ⅲ
2024-09-22T08:00:00+08:00,1726963200,24.2,8.0,4.3,306.4,189.3,5.1,0.11,0.104,1.22,,,Ⅳ
2024-09-22T09:04:00+08:00,1726967040,,,,,,,,,,,,
2024-09-22T12:00:00+08:00,1726977600,24.6,8.0,4.7,320.0,182.3,4.7,0.08,0.098,1.27,,,Ⅳ
2024-09-22T16:00:00+08:00,1726992000,24.7,8.0,5.1,336.4,184.8,4.7,0.09,0.097,1.24,,,Ⅲ
2024-09-22T20:00:00+08:00,1727006400,23.8,8.0,5.6,324.4,191.7,4.6,0.11,0.095,1.21,,,Ⅲ
2024-09-23T00:00:00+08:00,1727020800,23.4,8.0,5.5,315.7,193.6,4.8,0.12,0.094,1.18,,,Ⅲ
2024-09-23T04:00:00+08:00,1727035200,22.8,8.0,5.6,310.9,198.7,4.4,0.12,0.093,1.17,,,Ⅲ
2024-09-23T08:00:00+08:00,1727049600,22.8,8.0,5.7,310.1,202.2,4.2,0.12,0.097,1.17,,,Ⅲ
2024-09-23T12:00:00+08:00,1727064000,23.2,8.0,5.4,311.3,199.1,4.2,0.11,0.102,1.16,,,Ⅲ
2024-09-24T08:00:00+08:00,1727136000,22.8,8.0,5.6,316.3,188.0,4.4,0.08,0.089,1.18,,,Ⅲ
2024-09-24T09:12:00+08:00,1727140320,,,,,,,,,,,,
2024-09-24T12:00:00+08:00,1727150400,23.0,8.0,5.6,314.2,186.3,4.2,0.07,0.088,1.16,,,Ⅲ
2024-09-24T16:00:00+08:00,1727164800,23.0,8.0,5.1,311.9,166.0,4.4,0.09,0.085,1.21,,,Ⅲ
2024-09-24T20:00:00+08:00,1727179200,22.9,8.0,5.0,309.4,170.0,4.4,0.1,0.086,1.17,,,Ⅲ
2024-09-25T00:00:00+08:00,1727193600,22.8,8.0,4.9,308.6,169.7,4.4,0.1,0.083,1.18,,,Ⅳ
2024-09-25T04:00:00+08:00,1727208000,22.8,8.0,4.6,309.6,171.8,4.4,0.1,0.082,1.18,,,Ⅳ
2024-09-25T08:00:00+08:00,1727222400,22.9,8.0,4.4,314.7,169.7,4.1,0.09,0.064,1.19,,,Ⅳ
2024-09-25T12:00:00+08:00,1727236800,23.5,8.0,4.7,313.7,165.0,4.7,0.08,0.078,1.16,,,Ⅳ
2024-09-25T16:00:00+08:00,1727251200,23.3,8.0,4.7,309.9,162.8,4.5,0.08,0.077,1.15,,,Ⅳ
2024-09-25T20:00:00+08:00,1727265600,23.2,8.0,5.0,309.8,161.4,4.0,0.07,0.065,1.14,,,Ⅲ
2024-09-26T00:00:00+08:00,1727280000,23.1,8.0,4.9,311.8,160.3,4.2,0.08,0.084,1.18,,,Ⅳ
2024-09-26T04:00:00+08:00,1727294400,23.1,8.0,4.8,312.2,162.9,3.9,0.08,0.088,1.16,,,Ⅳ
2024-09-26T08:00:00+08:00,1727308800,23.0,8.0,4.8,311.7,165.2,4.4,0.08,0.08,1.16,,,Ⅳ
2024-09-27T04:00:00+08:00,1727380800,23.2,8.0,4.1,326.4,164.4,4.4,0.1,0.078,1.16,,,Ⅳ
2024-09-27T08:00:00+08:00,1727395200,23.2,8.0,4.2,320.4,166.4,4.3,0.09,0.081,1.15,,,Ⅳ
2024-09-27T12:00:00+08:00,1727409600,23.6,8.0,5.5,321.0,167.0,4.3,0.1,0.078,1.14,,,Ⅲ
2024-10-10T00:00:00+08:00,1728489600,19.9,8.0,5.7,401.0,400.0,4.1,0.11,0.086,1.84,,,Ⅲ
2024-10-10T04:00:00+08:00,1728504000,19.6,8.0,5.8,381.4,400.0,4.0,0.13,0.079,1.73,,,Ⅲ
2024-10-10T08:00:00+08:00,1728518400,19.6,8.0,5.4,380.6,400.0,3.9,0.12,0.086,1.74,,,Ⅲ
2024-10-10T16:00:00+08:00,1728547200,20.4,8.0,4.8,416.2,121.6,3.9,0.11,0.077,1.93,,,Ⅳ
2024-10-11T04:00:00+08:00,1728590400,20.2,8.0,4.9,421.3,124.4,3.8,0.1,0.077,1.89,,,Ⅳ
2024-10-11T08:00:00+08:00,1728604800,19.9,8.0,5.3,380.0,127.3,4.1,0.1,0.077,1.73,,,Ⅲ
2024-10-11T16:00:00+08:00,1728633600,20.7,8.0,5.2,391.9,126.2,3.8,0.11,0.075,1.75,,,Ⅲ
2024-10-12T00:00:00+08:00,1728662400,20.3,8.0,5.0,406.2,116.5,3.9,0.08,0.073,1.79,,,Ⅲ
2024-10-12T04:00:00+08:00,1728676800,20.2,8.0,4.8,408.9,115.6,3.9,0.07,0.072,1.77,,,Ⅳ
2024-10-12T08:00:00+08:00,1728691200,20.3,8.0,4.8,422.3,115.1,3.9,0.07,0.072,1.71,,,Ⅳ
2024-10-12T20:00:00+08:00,1728734400,20.9,8.0,5.2,392.7,121.9,4.2,0.08,0.072,1.65,,,Ⅲ
2024-10-13T00:00:00+08:00,1728748800,20.6,8.0,5.4,359.8,129.2,4.0,0.1,0.073,1.45,,,Ⅲ
2024-10-13T04:00:00+08:00,1728763200,20.4,8.0,5.3,364.0,127.3,3.7,0.1,0.073,1.29,,,Ⅲ
2024-10-13T08:00:00+08:00,1728777600,20.5,8.0,6.4,399.8,144.1,4.1,0.12,0.074,1.46,,,Ⅲ
2024-10-13T16:00:00+08:00,1728806400,21.2,8.0,6.4,382.6,129.8,3.8,0.12,0.073,1.55,,,Ⅱ
2024-10-14T00:00:00+08:00,1728835200,20.8,8.0,4.9,391.3,117.5,3.7,0.11,0.075,1.5,,,Ⅳ
2024-10-14T08:00:00+08:00,1728864000,20.8,8.0,4.2,408.0,129.2,4.0,0.1,0.07,1.56,,,Ⅳ
2024-10-14T08:03:00+08:00,1728864180,,,,,,,,,,,,
2024-10-14T12:00:00+08:00,1728878400,20.8,8.0,4.0,407.4,126.8,3.9,0.13,0.071,1.47,,,Ⅳ
2024-10-21T04:00:00+08:00,1729454400,20.1,8.0,4.7,511.1,131.6,4.0,0.21,0.201,1.87,,,Ⅳ
2024-10-21T08:00:00+08:00,1729468800,19.9,8.0,4.6,531.7,126.0,4.1,0.21,0.141,2.12,,,Ⅳ
2024-10-21T16:00:00+08:00,1729497600,20.4,8.0,5.1,504.1,123.4,3.9,0.19,0.141,2.22,,,Ⅲ
2024-10-21T20:00:00+08:00,1729512000,20.2,8.0,5.2,481.0,125.5,3.8,0.15,0.119,2.13,,,Ⅲ
2024-10-22T00:00:00+08:00,1729526400,20.1,8.0,5.0,466.2,122.5,3.9,0.13,0.096,2.03,,,Ⅲ
2024-10-22T04:00:00+08:00,1729540800,19.9,8.0,4.9,486.2,126.6,3.7,0.14,0.081,2.05,,,Ⅳ
2024-10-22T08:00:00+08:00,1729555200,19.6,8.0,4.9,495.9,127.3,3.7,0.15,0.09,2.07,,,Ⅳ
2024-10-22T12:00:00+08:00,1729569600,19.7,8.0,4.9,521.1,130.1,3.4,0.15,0.09,2.17,,,Ⅳ
2024-10-23T10:02:00+08:00,1729648920,,,,,,,,,,,,
2024-10-23T14:03:00+08:00,1729663380,,,,,,,,,,,,
2024-10-23T18:03:00+08:00,1729677780,,,,,,,,,,,,
2024-10-23T22:04:00+08:00,1729692240,,,,,,,,,,,,
2024-10-24T10:06:00+08:00,1729735560,,,,,,,,,,,,
2024-10-24T12:00:00+08:00,1729742400,18.6,8.0,6.4,485.4,112.4,,0.1,0.092,1.92,,,
2024-10-24T16:00:00+08:00,1729756800,19.1,8.0,6.3,481.8,116.1,3.4,0.1,0.082,2.0,,,Ⅱ
2024-10-24T20:00:00+08:00,1729771200,18.6,8.0,6.2,492.1,115.8,3.4,0.1,0.077,2.02,,,Ⅱ
2024-10-25T04:00:00+08:00,1729800000,18.2,8.0,6.0,474.3,114.9,3.8,0.09,0.083,2.02,,,Ⅱ
2024-10-25T12:00:00+08:00,1729828800,18.9,8.0,5.7,491.3,114.2,3.4,0.11,0.084,2.02,,,Ⅲ
2024-10-25T16:00:00+08:00,1729843200,19.1,8.0,5.9,515.8,107.4,3.3,0.11,0.11,2.7,,,Ⅲ
2024-10-25T20:00:00+08:00,1729857600,18.6,8.0,6.7,456.9,111.0,3.5,0.09,0.088,2.02,,,Ⅱ
2024-10-26T04:00:00+08:00,1729886400,19.1,8.0,5.2,535.3,108.0,3.6,0.15,0.853,2.2,,,劣Ⅴ
2024-10-26T08:00:00+08:00,1729900800,19.0,8.0,5.1,530.3,114.2,3.6,0.14,0.584,2.43,,,劣Ⅴ
2024-10-26T16:00:00+08:00,1729929600,19.0,8.0,6.2,481.0,121.8,4.0,0.1,0.011,2.15,,,Ⅱ
2024-10-26T20:00:00+08:00,1729944000,19.0,8.0,6.1,464.0,108.2,3.9,0.1,0.078,2.0,,,Ⅱ
2024-10-27T00:00:00+08:00,1729958400,19.0,8.0,5.9,441.4,111.2,4.0,0.09,0.005,2.06,,,Ⅲ
2024-10-27T04:00:00+08:00,1729972800,19.1,8.0,5.7,433.3,110.9,4.0,0.1,0.079,1.95,,,Ⅲ
2024-10-27T08:00:00+08:00,1729987200,18.9,8.0,5.6,421.5,133.9,4.1,0.14,0.078,1.82,,,Ⅲ
2024-10-28T08:00:00+08:00,1730073600,18.7,8.0,4.8,432.0,105.0,4.4,0.12,0.077,1.76,,,Ⅳ
2024-10-28T12:00:00+08:00,1730088000,18.9,8.0,5.6,477.0,106.0,3.6,0.13,0.072,1.79,,,Ⅲ
2024-10-28T16:00:00+08:00,1730102400,19.1,8.0,6.0,421.1,110.3,3.1,0.12,0.073,1.7,,,Ⅱ
2024-10-28T20:00:00+08:00,1730116800,19.0,8.0,5.9,429.1,106.6,3.2,0.11,0.074,1.66,,,Ⅲ
2024-10-29T00:00:00+08:00,1730131200,18.8,8.0,5.3,444.2,105.8,3.4,0.11,0.073,1.73,,,Ⅲ
2024-10-29T04:00:00+08:00,1730145600,18.5,8.0,5.3,461.2,106.4,3.1,0.12,0.073,1.82,,,Ⅲ
2024-10-29T08:00:00+08:00,1730160000,18.2,8.0,5.3,464.8,102.1,2.6,0.13,0.074,1.86,,,Ⅲ
2024-10-29T16:00:00+08:00,1730188800,19.1,8.0,5.3,453.3,107.3,4.0,0.15,0.08,1.86,,,Ⅲ
2024-10-30T00:00:00+08:00,1730217600,18.5,8.0,5.3,454.3,105.6,3.7,0.12,0.077,1.85,,,Ⅲ
2024-10-30T04:00:00+08:00,1730232000,18.2,8.0,5.3,444.1,101.3,4.0,0.08,0.073,1.75,,,Ⅲ
2024-10-30T08:00:00+08:00,1730246400,18.0,8.0,5.3,450.5,102.2,3.8,0.1,0.006,1.68,,,Ⅲ
2024-10-30T12:00:00+08:00,1730260800,18.4,8.0,5.2,475.9,103.5,3.7,0.15,0.005,1.74,,,Ⅲ
2024-10-30T16:00:00+08:00,1730275200,18.7,8.0,5.6,446.6,105.5,3.7,0.1,0.005,1.72,,,Ⅲ
2024-10-31T00:00:00+08:00,1730304000,18.4,8.0,6.0,456.2,71.3,9.2,0.09,0.005,1.72,,,Ⅳ
2024-10-31T04:00:00+08:00,1730318400,18.2,8.0,5.6,445.2,62.1,10.6,0.07,0.005,1.72,,,Ⅴ
2024-10-31T08:00:00+08:00,1730332800,18.2,8.0,5.4,459.6,65.0,10.6,0.07,0.005,1.72,,,Ⅴ
2024-10-31T12:00:00+08:00,1730347200,18.8,8.0,5.4,466.0,73.4,10.6,0.07,0.005,1.72,,,Ⅴ
2024-10-31T16:00:00+08:00,1730361600,18.6,8.0,6.0,451.6,84.9,9.1,0.16,0.066,2.15,,,Ⅳ
2024-10-31T20:00:00+08:00,1730376000,18.6,8.0,5.6,455.7,92.0,9.1,0.16,0.066,2.15,,,Ⅳ
2024-11-01T00:00:00+08:00,1730390400,16.8,8.0,6.3,355.4,88.2,,0.21,0.062,1.74,,,
2024-11-01T04:00:00+08:00,1730404800,16.7,8.0,6.1,400.6,110.4,,0.31,0.038,1.79,,,
2024-11-01T08:00:00+08:00,1730419200,16.5,8.0,6.4,353.0,92.4,,0.27,0.038,2.17,,,
2024-11-02T00:00:00+08:00,1730476800,16.4,8.0,5.7,419.8,104.3,4.6,0.31,0.076,2.65,,,Ⅲ
2024-11-02T08:00:00+08:00,1730505600,16.1,8.0,5.6,425.8,85.0,4.2,0.34,0.032,2.94,,,Ⅲ
2024-11-02T12:00:00+08:00,1730520000,16.6,8.0,5.4,439.5,81.8,4.3,0.36,0.005,3.15,,,Ⅲ
2024-11-04T08:00:00+08:00,1730678400,16.5,8.0,6.0,378.6,71.3,3.5,0.22,0.172,1.99,,,Ⅲ
2024-11-04T12:00:00+08:00,1730692800,16.9,8.0,6.4,380.3,71.5,3.7,0.22,0.172,1.96,,,Ⅲ
2024-11-04T20:00:00+08:00,1730721600,17.2,8.0,7.6,383.3,67.6,3.7,0.12,0.172,1.72,,,Ⅲ
2024-11-05T04:00:00+08:00,1730750400,16.9,8.0,6.9,378.9,71.2,3.8,0.16,0.172,1.71,,,Ⅲ
2024-11-06T11:02:00+08:00,1730862120,,,,,,,,,,,,
2024-11-06T15:03:00+08:00,1730876580,,,,,,,,,,,,
2024-11-06T19:03:00+08:00,1730890980,,,,,,,,,,,,
2024-11-06T23:04:00+08:00,1730905440,,,,,,,,,,,,
2024-11-07T08:00:00+08:00,1730937600,15.6,8.0,7.4,394.2,55.8,3.5,0.03,0.126,1.04,,,Ⅲ
2024-11-07T09:43:00+08:00,1730943780,,,,,,,,,,,,
2024-11-07T12:00:00+08:00,1730952000,15.8,8.0,7.1,383.1,57.1,3.5,0.03,0.126,1.87,,,Ⅲ
2024-11-07T20:00:00+08:00,1730980800,15.8,8.0,7.2,394.2,67.2,4.0,0.11,0.132,1.39,,,Ⅲ
2024-11-08T00:00:00+08:00,1730995200,15.4,8.0,8.1,398.2,68.7,3.9,0.06,0.133,1.35,,,Ⅲ
2024-11-08T04:00:00+08:00,1731009600,15.2,8.0,7.4,403.8,63.7,4.0,0.05,0.123,1.14,,,Ⅲ
2024-11-08T08:00:00+08:00,1731024000,15.1,8.0,7.2,412.5,63.1,3.8,0.05,0.119,1.09,,,Ⅲ
2024-11-12T12:00:00+08:00,1731384000,16.1,8.0,8.9,422.0,53.4,,0.05,0.111,1.04,,,
2024-11-12T16:00:00+08:00,1731398400,16.7,9.0,9.7,421.2,8.0,,0.04,0.106,1.04,,,
2024-11-12T20:00:00+08:00,1731412800,16.3,8.0,8.8,403.6,55.5,,0.05,0.113,1.09,,,
2024-11-13T12:00:00+08:00,1731470400,16.5,8.0,8.8,420.2,95.6,,0.1,0.124,1.13,,,
2024-11-13T20:00:00+08:00,1731499200,17.2,9.0,9.4,432.0,97.4,5.3,0.1,0.133,1.15,,,Ⅲ
2024-11-14T00:00:00+08:00,1731513600,17.0,9.0,9.3,430.8,88.5,5.4,0.08,0.137,1.16,,,Ⅲ
2024-11-14T08:00:00+08:00,1731542400,16.6,8.0,8.5,437.2,71.0,4.7,0.08,0.137,1.27,,,Ⅲ
2024-11-14T16:00:00+08:00,1731571200,16.9,8.0,8.2,429.7,91.6,4.6,0.09,0.137,1.23,,,Ⅲ
2024-11-14T20:00:00+08:00,1731585600,16.7,8.0,7.4,421.1,76.2,4.3,0.09,0.137,1.26,,,Ⅲ
2024-11-15T00:00:00+08:00,1731600000,16.8,8.0,6.9,427.0,69.6,4.2,0.11,0.137,1.5,,,Ⅲ
2024-11-15T04:00:00+08:00,1731614400,16.8,8.0,6.2,424.5,69.7,4.2,0.08,0.137,1.61,,,Ⅲ
2024-11-15T08:00:00+08:00,1731628800,16.7,8.0,5.8,441.3,72.2,4.2,0.11,0.137,1.36,,,Ⅲ
2024-11-15T16:00:00+08:00,1731657600,16.9,8.0,5.1,451.8,67.8,4.4,0.08,0.137,1.28,,,Ⅲ
2024-11-16T00:00:00+08:00,1731686400,17.0,8.0,5.5,479.8,72.1,3.9,0.09,0.137,1.37,,,Ⅲ
2024-11-16T08:00:00+08:00,1731715200,17.1,8.0,5.0,441.9,75.1,4.0,0.11,0.137,1.8,,,Ⅲ
2024-11-16T16:00:00+08:00,1731744000,17.2,8.0,5.0,462.2,76.2,4.0,0.11,0.125,1.7,,,Ⅲ
2024-11-16T20:00:00+08:00,1731758400,17.2,8.0,4.9,482.4,78.1,4.0,0.12,0.119,1.68,,,Ⅳ
2024-11-17T00:00:00+08:00,1731772800,17.2,8.0,4.8,462.7,77.7,4.0,0.09,0.12,1.62,,,Ⅳ
2024-11-17T04:00:00+08:00,1731787200,17.1,8.0,4.6,450.4,85.4,4.1,0.14,0.123,1.62,,,Ⅳ
2024-11-17T16:00:00+08:00,1731830400,16.6,8.0,5.5,449.9,96.0,4.6,0.16,0.125,1.59,,,Ⅲ
2024-11-17T20:00:00+08:00,1731844800,16.4,8.0,5.6,453.8,77.4,4.2,0.13,0.121,1.5,,,Ⅲ
2024-11-18T04:00:00+08:00,1731873600,15.9,8.0,5.2,435.5,81.6,,0.14,0.115,1.45,,,
2024-11-18T12:00:00+08:00,1731902400,15.6,8.0,5.7,439.4,81.4,4.0,0.14,0.111,1.32,,,Ⅲ
2024-11-18T20:00:00+08:00,1731931200,15.6,8.0,5.9,436.7,77.2,4.0,0.11,0.105,1.01,,,Ⅲ
2024-11-19T00:00:00+08:00,1731945600,15.5,8.0,5.9,434.2,74.6,4.0,0.1,0.105,0.86,,,Ⅲ
2024-11-19T16:00:00+08:00,1732003200,14.9,8.0,5.8,433.0,83.6,4.1,0.16,0.107,0.98,,,Ⅲ
2024-11-20T00:00:00+08:00,1732032000,14.9,8.0,5.1,492.5,80.2,3.9,0.15,0.105,1.51,,,Ⅲ
2024-11-20T12:00:00+08:00,1732075200,14.8,8.0,6.4,467.0,81.3,3.9,0.14,0.12,1.69,,,Ⅲ
2024-11-20T20:00:00+08:00,1732104000,15.0,8.0,8.5,520.6,71.6,3.7,0.12,0.122,1.97,,,Ⅲ
2024-11-21T04:00:00+08:00,1732132800,14.4,8.0,7.7,457.9,79.4,3.9,0.14,0.111,1.69,,,Ⅲ
2024-11-21T08:00:00+08:00,1732147200,14.3,8.0,7.3,494.2,70.1,3.7,0.14,0.113,1.66,,,Ⅲ
2024-11-21T12:00:00+08:00,1732161600,14.6,8.0,7.5,489.4,73.4,3.7,0.13,0.111,1.74,,,Ⅲ
2024-11-21T16:00:00+08:00,1732176000,14.9,8.0,7.5,482.1,90.8,4.3,0.15,0.114,1.7,,,Ⅲ
2024-11-21T20:00:00+08:00,1732190400,14.6,8.0,7.6,478.3,80.4,4.1,0.14,0.115,1.64,,,Ⅲ
2024-11-22T00:00:00+08:00,1732204800,14.1,8.0,7.4,476.7,77.7,3.9,0.14,0.111,1.5,,,Ⅲ
2024-11-22T12:00:00+08:00,1732248000,14.2,8.0,7.1,482.6,76.0,,0.16,0.116,1.7,,,
2024-11-22T16:00:00+08:00,1732262400,14.4,8.0,7.0,483.4,85.6,,0.17,0.116,1.68,,,
2024-11-22T20:00:00+08:00,1732276800,14.4,8.0,6.8,482.3,78.1,3.8,0.15,0.111,1.68,,,Ⅲ
2024-11-23T00:00:00+08:00,1732291200,14.2,8.0,6.7,489.0,79.8,3.7,0.12,0.107,1.68,,,Ⅲ
2024-11-23T04:00:00+08:00,1732305600,14.1,8.0,6.7,498.3,79.6,3.7,0.12,0.104,1.59,,,Ⅲ
2024-11-23T08:00:00+08:00,1732320000,13.8,8.0,6.4,484.4,78.7,3.8,0.1,0.102,1.53,,,Ⅲ
2024-11-23T12:00:00+08:00,1732334400,14.1,8.0,7.2,466.9,80.0,3.8,0.1,0.105,1.41,,,Ⅲ
2024-11-23T20:00:00+08:00,1732363200,14.1,8.0,7.2,454.4,80.4,3.8,0.11,0.106,1.35,,,Ⅲ
2024-11-24T00:00:00+08:00,1732377600,13.8,8.0,7.5,441.1,88.3,4.0,0.11,0.106,1.31,,,Ⅲ
2024-11-24T04:00:00+08:00,1732392000,13.6,8.0,7.4,455.4,91.2,4.1,0.12,0.107,1.25,,,Ⅲ
2024-11-24T08:00:00+08:00,1732406400,13.4,8.0,7.1,442.1,78.3,3.8,0.09,0.101,1.22,,,Ⅲ
2024-11-24T12:00:00+08:00,1732420800,14.0,8.0,8.0,443.7,89.1,4.1,0.1,0.106,1.16,,,Ⅲ
2024-11-24T16:00:00+08:00,1732435200,14.2,8.0,7.7,442.4,82.2,4.0,0.08,0.11,1.18,,,Ⅲ
2024-11-24T20:00:00+08:00,1732449600,14.2,8.0,7.7,452.2,81.3,3.9,0.07,0.106,1.18,,,Ⅲ
2024-11-25T00:00:00+08:00,1732464000,14.0,8.0,7.7,447.7,103.8,4.3,0.11,0.106,1.2,,,Ⅲ
2024-11-25T16:00:00+08:00,1732521600,13.3,8.0,7.8,461.3,80.5,3.7,0.08,0.119,1.74,,,Ⅲ
2024-11-25T20:00:00+08:00,1732536000,13.6,8.0,7.5,456.8,90.7,4.0,0.08,0.119,1.48,,,Ⅲ
2024-11-26T00:00:00+08:00,1732550400,13.3,8.0,7.2,439.8,92.2,4.1,0.13,0.119,1.26,,,Ⅲ
2024-11-26T04:00:00+08:00,1732564800,12.9,8.0,6.9,439.1,69.2,3.7,0.07,0.119,1.17,,,Ⅲ
2024-11-26T12:00:00+08:00,1732593600,12.8,8.0,7.8,449.9,88.8,4.1,0.06,0.103,1.12,,,Ⅲ
2024-11-26T16:00:00+08:00,1732608000,12.8,8.0,8.7,512.8,67.9,4.1,0.29,0.13,1.06,,,Ⅲ
2024-11-26T20:00:00+08:00,1732622400,12.5,8.0,8.0,538.0,54.6,4.1,0.06,0.1,1.07,,,Ⅲ
2024-11-27T00:00:00+08:00,1732636800,12.3,8.0,8.9,451.1,59.3,4.1,0.06,0.096,0.96,,,Ⅲ
2024-11-27T08:00:00+08:00,1732665600,12.0,8.0,8.7,410.6,63.9,4.3,0.06,0.093,0.9,,,Ⅲ
2024-11-27T12:00:00+08:00,1732680000,12.0,8.0,8.7,410.6,63.9,5.1,0.08,0.095,0.78,,,Ⅲ
2024-11-27T16:00:00+08:00,1732694400,12.0,8.0,9.7,419.2,119.0,6.0,0.16,0.11,0.71,,,Ⅲ
2024-11-27T20:00:00+08:00,1732708800,11.7,8.0,9.1,439.6,78.1,5.0,0.09,0.105,0.73,,,Ⅲ
2024-11-28T00:00:00+08:00,1732723200,11.5,8.0,9.0,425.1,65.1,4.5,0.07,0.098,0.78,,,Ⅲ
2024-11-28T12:00:00+08:00,1732766400,11.3,8.0,9.8,437.9,91.8,4.9,0.09,0.1,1.32,,,Ⅲ
2024-11-28T16:00:00+08:00,1732780800,13.6,8.0,9.0,419.3,64.6,,0.52,,,,,
2024-11-28T20:00:00+08:00,1732795200,11.1,9.0,10.4,485.2,67.0,4.5,0.08,0.126,1.42,,,Ⅲ
2024-11-29T00:00:00+08:00,1732809600,10.7,8.0,9.0,432.8,76.4,4.7,0.1,0.096,1.46,,,Ⅲ
2024-11-29T08:00:00+08:00,1732838400,10.1,8.0,9.1,446.4,73.4,4.3,0.1,0.085,1.52,,,Ⅲ
2024-11-29T12:00:00+08:00,1732852800,10.2,8.0,9.4,432.2,91.5,5.4,0.31,0.088,1.15,,,Ⅲ
2024-11-29T20:00:00+08:00,1732881600,10.5,9.0,10.6,466.3,59.5,4.2,0.31,0.082,0.98,,,Ⅲ
2024-11-30T08:00:00+08:00,1732924800,10.1,9.0,10.0,464.5,58.8,4.0,0.06,0.083,1.42,,,Ⅱ
2024-11-30T12:00:00+08:00,1732939200,10.6,9.0,10.3,462.5,58.0,3.9,0.06,0.08,1.38,,,Ⅱ
2024-12-01T00:00:00+08:00,1732982400,10.6,8.0,9.5,410.5,60.5,4.0,0.08,0.088,1.04,,,Ⅱ
2024-12-01T04:00:00+08:00,1732996800,10.4,8.0,9.0,418.7,61.6,4.2,0.07,0.088,0.9,,,Ⅲ
2024-12-01T08:00:00+08:00,1733011200,10.3,8.0,8.9,417.7,61.5,4.1,0.07,0.088,0.75,,,Ⅲ
2024-12-01T12:00:00+08:00,1733025600,10.9,8.0,9.8,427.8,59.7,4.3,0.07,0.088,0.75,,,Ⅲ
2024-12-01T16:00:00+08:00,1733040000,11.4,8.0,9.8,415.2,63.8,4.3,0.08,0.088,0.77,,,Ⅲ
2024-12-02T16:00:00+08:00,1733126400,11.0,8.0,9.3,423.6,80.6,4.9,0.11,0.081,0.85,,,Ⅲ
2024-12-03T08:00:00+08:00,1733184000,10.9,8.0,8.1,517.4,60.9,4.0,0.18,0.081,1.5,,,Ⅱ
2024-12-03T12:00:00+08:00,1733198400,11.7,8.0,8.2,594.8,65.4,4.1,0.26,0.081,1.96,,,Ⅲ
2024-12-03T16:00:00+08:00,1733212800,12.0,8.0,8.5,567.9,92.0,4.2,0.21,0.108,2.3,,,Ⅲ
2024-12-03T20:00:00+08:00,1733227200,11.7,8.0,8.6,551.6,102.8,4.3,0.21,0.123,2.29,,,Ⅲ
2024-12-04T00:00:00+08:00,1733241600,11.7,8.0,8.5,569.4,99.8,4.2,0.22,0.117,2.19,,,Ⅲ
2024-12-04T04:00:00+08:00,1733256000,11.6,8.0,7.9,571.8,92.2,3.9,0.26,0.115,2.32,,,Ⅲ
2024-12-04T08:00:00+08:00,1733270400,11.5,8.0,7.9,573.8,107.0,4.3,0.25,0.116,2.5,,,Ⅲ
2024-12-04T16:00:00+08:00,1733299200,12.0,8.0,8.1,569.0,106.7,4.4,0.21,0.123,2.42,,,Ⅲ
2024-12-04T20:00:00+08:00,1733313600,11.9,8.0,7.8,573.9,108.8,4.3,0.21,0.118,2.34,,,Ⅲ
2024-12-05T00:00:00+08:00,1733328000,11.8,8.0,7.7,582.7,102.0,4.2,0.2,0.115,2.32,,,Ⅲ
2024-12-05T04:00:00+08:00,1733342400,11.6,8.0,7.8,544.9,92.7,4.2,0.19,0.11,2.32,,,Ⅲ
2024-12-05T08:00:00+08:00,1733356800,11.7,8.0,7.5,596.6,82.6,3.8,0.21,,2.32,,,
2024-12-05T20:00:00+08:00,1733400000,11.8,8.0,7.8,551.2,87.6,4.0,0.2,0.107,2.79,,,Ⅲ
2024-12-06T00:00:00+08:00,1733414400,11.6,8.0,7.7,537.4,96.2,3.9,0.21,0.114,2.54,,,Ⅲ
2024-12-06T04:00:00+08:00,1733428800,11.5,8.0,7.5,551.1,83.7,3.8,0.2,0.114,2.46,,,Ⅲ
2024-12-06T12:00:00+08:00,1733457600,11.6,8.0,7.9,540.3,108.0,4.5,0.2,0.118,2.18,,,Ⅲ
2024-12-07T12:00:00+08:00,1733544000,11.2,8.0,8.1,578.9,98.8,4.2,0.2,0.115,2.06,,,Ⅲ
2024-12-08T00:00:00+08:00,1733587200,10.8,8.0,8.0,573.6,103.7,4.7,0.21,0.118,2.34,,,Ⅲ
2024-12-09T08:00:00+08:00,1733702400,9.2,8.0,8.8,519.9,86.1,4.8,0.14,0.107,1.58,,,Ⅲ
2024-12-09T16:00:00+08:00,1733731200,9.8,8.0,8.9,519.4,116.1,5.2,0.19,0.112,1.51,,,Ⅲ
2024-12-11T00:00:00+08:00,1733846400,9.6,8.0,8.3,537.4,93.4,4.6,0.27,0.117,3.18,,,Ⅲ
2024-12-14T00:00:00+08:00,1734105600,10.8,8.0,10.5,559.2,84.8,4.3,0.24,0.12,2.52,,,Ⅲ
2024-12-14T12:00:00+08:00,1734148800,9.4,8.0,9.0,515.4,116.4,4.9,0.24,0.129,2.19,,,Ⅲ
2024-12-16T00:00:00+08:00,1734278400,9.0,8.0,8.8,525.6,82.0,3.9,0.25,0.116,2.3,,,Ⅲ
2024-12-18T20:00:00+08:00,1734523200,11.5,8.0,8.6,457.1,132.0,6.0,0.19,0.107,2.9,,,Ⅲ
2024-12-19T00:00:00+08:00,1734537600,8.4,8.0,8.9,504.7,92.4,4.8,0.21,0.112,2.48,,,Ⅲ
2024-12-20T20:00:00+08:00,1734696000,8.7,8.0,8.7,565.2,85.7,,0.21,0.101,2.52,,,
2024-12-21T00:00:00+08:00,1734710400,8.3,8.0,8.7,556.4,72.2,,0.19,0.093,2.52,,,
2024-12-23T16:00:00+08:00,1734940800,8.0,8.0,9.4,537.3,142.7,5.7,0.29,0.097,2.36,,,Ⅲ
2024-12-24T00:00:00+08:00,1734969600,8.3,8.0,9.0,571.1,78.5,4.2,0.22,0.093,2.5,,,Ⅲ
2024-12-24T04:00:00+08:00,1734984000,8.3,8.0,8.8,573.0,65.6,3.8,0.22,0.089,2.62,,,Ⅱ
2024-12-24T08:00:00+08:00,1734998400,8.3,8.0,8.8,558.5,66.8,3.8,0.22,0.089,2.74,,,Ⅱ
2024-12-24T12:00:00+08:00,1735012800,8.3,8.0,9.3,546.0,68.7,4.0,0.2,0.089,2.73,,,Ⅱ
2024-12-24T20:00:00+08:00,1735041600,8.6,8.0,9.1,582.4,62.8,3.9,0.21,0.09,2.8,,,Ⅱ
2024-12-25T04:00:00+08:00,1735070400,8.3,8.0,9.1,578.1,55.4,3.7,0.18,0.083,2.72,,,Ⅱ
2024-12-25T08:00:00+08:00,1735084800,8.3,8.0,9.2,554.8,52.1,3.6,0.16,0.082,2.59,,,Ⅱ
2024-12-25T16:00:00+08:00,1735113600,8.4,8.0,9.5,565.6,73.8,3.6,0.2,0.082,2.51,,,Ⅱ
2024-12-26T00:00:00+08:00,1735142400,8.3,8.0,9.1,587.0,71.3,3.9,0.22,0.086,2.52,,,Ⅱ
2024-12-28T00:00:00+08:00,1735315200,8.9,8.0,9.0,583.2,92.7,4.5,0.24,0.09,2.63,,,Ⅲ
2024-12-28T12:00:00+08:00,1735358400,15.2,9.0,10.0,1.6,306.9,,0.06,,,,,
2025-01-02T20:00:00+08:00,1735819200,9.1,8.0,8.9,733.3,117.6,0.2,0.31,0.154,3.23,,,Ⅲ
2025-01-03T10:03:00+08:00,1735869780,,,,,,,,,,,,
2025-01-03T14:03:00+08:00,1735884180,,,,,,,,,,,,
2025-01-07T12:00:00+08:00,1736222400,9.7,9.0,9.7,543.9,78.9,3.8,0.12,0.092,2.16,,,Ⅱ
2025-01-07T20:00:00+08:00,1736251200,9.7,8.0,9.3,524.6,86.6,3.8,0.16,0.093,2.13,,,Ⅱ
2025-01-08T08:00:00+08:00,1736294400,8.6,9.0,9.3,556.3,63.1,3.2,0.12,0.075,2.3,,,Ⅱ
2025-01-08T12:00:00+08:00,1736308800,9.3,9.0,9.5,557.1,73.3,3.2,0.12,0.075,2.3,,,Ⅱ
2025-01-09T10:10:00+08:00,1736388600,,,,,,,,,,,,
2025-01-09T14:11:00+08:00,1736403060,,,,,,,,,,,,
2025-01-09T18:11:00+08:00,1736417460,,,,,,,,,,,,
2025-01-09T22:11:00+08:00,1736431860,,,,,,,,,,,,
2025-01-10T00:00:00+08:00,1736438400,8.3,9.0,9.8,555.5,98.9,4.0,0.16,0.085,2.2,,,Ⅱ
2025-01-10T04:00:00+08:00,1736452800,7.9,9.0,9.7,563.8,53.7,3.4,0.13,0.074,2.43,,,Ⅱ
2025-01-10T08:00:00+08:00,1736467200,7.5,9.0,9.9,551.0,67.5,3.6,0.12,0.074,2.24,,,Ⅱ
2025-01-10T16:00:00+08:00,1736496000,8.3,9.0,10.3,544.5,63.0,3.7,0.12,0.084,2.33,,,Ⅱ
2025-01-11T00:00:00+08:00,1736524800,8.0,9.0,9.7,576.4,112.7,4.3,0.2,0.09,2.2,,,Ⅲ
2025-01-11T08:00:00+08:00,1736553600,7.4,9.0,9.5,593.8,63.2,3.4,0.17,0.076,2.58,,,Ⅱ
2025-01-11T16:00:00+08:00,1736582400,8.3,9.0,9.9,558.2,63.2,3.3,0.14,0.087,2.47,,,Ⅱ
2025-01-12T08:00:00+08:00,1736640000,7.2,9.0,9.6,589.3,58.7,3.2,0.16,0.081,2.59,,,Ⅱ
2025-01-12T12:00:00+08:00,1736654400,8.2,9.0,9.7,599.3,65.0,3.1,0.17,,2.68,,,
2025-01-13T00:00:00+08:00,1736697600,8.0,9.0,9.7,593.5,107.5,3.8,0.24,,2.46,,,
2025-01-13T12:00:00+08:00,1736740800,7.4,9.0,10.6,575.0,69.5,3.3,0.15,0.084,2.48,,,Ⅱ
2025-01-13T16:00:00+08:00,1736755200,8.3,9.0,10.6,587.5,79.8,3.4,0.13,0.089,2.5,,,Ⅱ
2025-01-14T00:00:00+08:00,1736784000,9.1,8.0,9.7,576.4,93.9,3.3,0.16,0.086,2.42,,,Ⅱ
2025-01-14T04:00:00+08:00,1736798400,9.0,8.0,9.4,600.1,80.2,3.2,0.15,0.083,2.55,,,Ⅱ
2025-01-15T16:00:00+08:00,1736928000,10.1,9.0,10.0,542.0,66.0,3.1,0.11,0.084,2.42,,,Ⅱ
2025-01-19T00:00:00+08:00,1737216000,9.7,8.0,9.6,544.1,76.6,3.3,0.13,0.084,2.36,,,Ⅱ
2025-01-19T04:00:00+08:00,1737230400,9.3,8.0,9.4,560.4,58.3,2.9,0.12,0.088,2.29,,,Ⅱ
2025-01-20T04:00:00+08:00,1737316800,9.5,8.0,9.4,559.1,61.9,,0.13,0.085,2.37,,,
2025-01-20T12:00:00+08:00,1737345600,9.8,8.0,9.8,552.1,70.7,9.7,0.12,0.088,2.38,,,Ⅳ
2025-01-21T12:00:00+08:00,1737432000,10.2,8.0,9.7,550.5,60.5,2.7,0.11,0.088,2.33,,,Ⅱ
2025-01-21T16:00:00+08:00,1737446400,10.2,8.0,10.0,549.2,58.8,2.8,0.09,0.129,2.31,,,Ⅲ
2025-01-22T10:29:00+08:00,1737512940,,,,,,,,,,,,
2025-01-22T16:00:00+08:00,1737532800,11.2,8.0,9.3,556.3,63.3,2.5,0.15,0.129,2.45,,,Ⅲ
2025-01-22T20:00:00+08:00,1737547200,11.3,8.0,9.3,548.2,60.4,2.4,0.12,0.138,2.37,,,Ⅲ
2025-01-23T16:00:00+08:00,1737619200,11.6,8.0,9.4,560.9,60.0,2.6,0.11,0.151,2.4,,,Ⅲ
2025-01-24T00:00:00+08:00,1737648000,11.6,8.0,9.2,548.4,53.8,2.4,0.1,0.086,2.38,,,Ⅱ
2025-02-12T16:00:00+08:00,1739347200,10.5,8.0,10.0,475.0,70.1,2.5,0.1,0.091,2.11,,,Ⅱ
2025-02-12T20:00:00+08:00,1739361600,10.4,8.0,9.8,482.4,70.5,2.5,0.11,0.089,2.14,,,Ⅱ
2025-02-13T00:00:00+08:00,1739376000,9.7,8.0,9.9,487.9,71.0,2.5,0.11,0.085,2.14,,,Ⅱ
2025-02-13T04:00:00+08:00,1739390400,9.4,8.0,9.9,491.6,65.2,2.6,0.11,0.083,2.18,,,Ⅱ
2025-02-13T08:00:00+08:00,1739404800,9.1,8.0,10.1,493.5,65.8,2.6,0.11,0.083,2.18,,,Ⅱ
2025-02-13T16:00:00+08:00,1739433600,10.8,8.0,9.8,497.4,64.8,2.5,0.11,0.087,2.18,,,Ⅱ
2025-02-13T20:00:00+08:00,1739448000,10.6,8.0,9.7,489.2,74.9,2.7,0.14,0.086,2.24,,,Ⅱ
